# vtk DataFile Version 3.0
Dislocation network (FCC crystal) exported from OpenDiS
ASCII
DATASET UNSTRUCTURED_GRID
POINTS 6376 FLOAT
0.00000000e+00 0.00000000e+00 0.00000000e+00
1.96078431e+04 0.00000000e+00 0.00000000e+00
0.00000000e+00 1.96078431e+04 0.00000000e+00
0.00000000e+00 0.00000000e+00 1.96078431e+04
1.96078431e+04 1.96078431e+04 0.00000000e+00
1.96078431e+04 0.00000000e+00 1.96078431e+04
0.00000000e+00 1.96078431e+04 1.96078431e+04
1.96078431e+04 1.96078431e+04 1.96078431e+04
1.82277665e+04 6.20344225e+03 2.96586173e+03
1.83078152e+04 6.12339356e+03 3.12595910e+03
1.83078152e+04 6.12339356e+03 3.12595910e+03
1.83878639e+04 6.04334488e+03 3.28605647e+03
1.83878639e+04 6.04334488e+03 3.28605647e+03
1.84679126e+04 5.96329619e+03 3.44615384e+03
1.84679126e+04 5.96329619e+03 3.44615384e+03
1.85479613e+04 5.88324751e+03 3.60625121e+03
1.85479613e+04 5.88324751e+03 3.60625121e+03
1.84679126e+04 5.96329619e+03 3.76634858e+03
1.84679126e+04 5.96329619e+03 3.76634858e+03
1.83878639e+04 6.04334488e+03 3.92644595e+03
1.83878639e+04 6.04334488e+03 3.92644595e+03
1.83078152e+04 6.12339356e+03 4.08654332e+03
1.83078152e+04 6.12339356e+03 4.08654332e+03
1.82277665e+04 6.20344225e+03 4.24664068e+03
1.82277665e+04 6.20344225e+03 4.24664068e+03
1.81477178e+04 6.28349093e+03 4.08654332e+03
1.81477178e+04 6.28349093e+03 4.08654332e+03
1.80676692e+04 6.36353962e+03 3.92644595e+03
1.80676692e+04 6.36353962e+03 3.92644595e+03
1.79876205e+04 6.44358830e+03 3.76634858e+03
1.79876205e+04 6.44358830e+03 3.76634858e+03
1.79075718e+04 6.52363698e+03 3.60625121e+03
1.79075718e+04 6.52363698e+03 3.60625121e+03
1.79876205e+04 6.44358830e+03 3.44615384e+03
1.79876205e+04 6.44358830e+03 3.44615384e+03
1.80676692e+04 6.36353962e+03 3.28605647e+03
1.80676692e+04 6.36353962e+03 3.28605647e+03
1.81477178e+04 6.28349093e+03 3.12595910e+03
1.81477178e+04 6.28349093e+03 3.12595910e+03
1.82277665e+04 6.20344225e+03 2.96586173e+03
4.01098585e+03 1.11318633e+04 1.23177366e+04
4.09103454e+03 1.12119120e+04 1.21576392e+04
4.09103454e+03 1.12119120e+04 1.21576392e+04
4.17108322e+03 1.12919607e+04 1.19975419e+04
4.17108322e+03 1.12919607e+04 1.19975419e+04
4.25113191e+03 1.13720094e+04 1.18374445e+04
4.25113191e+03 1.13720094e+04 1.18374445e+04
4.33118059e+03 1.14520581e+04 1.16773471e+04
4.33118059e+03 1.14520581e+04 1.16773471e+04
4.25113191e+03 1.13720094e+04 1.15172497e+04
4.25113191e+03 1.13720094e+04 1.15172497e+04
4.17108322e+03 1.12919607e+04 1.13571524e+04
4.17108322e+03 1.12919607e+04 1.13571524e+04
4.09103454e+03 1.12119120e+04 1.11970550e+04
4.09103454e+03 1.12119120e+04 1.11970550e+04
4.01098585e+03 1.11318633e+04 1.10369576e+04
4.01098585e+03 1.11318633e+04 1.10369576e+04
3.93093717e+03 1.10518146e+04 1.11970550e+04
3.93093717e+03 1.10518146e+04 1.11970550e+04
3.85088849e+03 1.09717659e+04 1.13571524e+04
3.85088849e+03 1.09717659e+04 1.13571524e+04
3.77083980e+03 1.08917173e+04 1.15172497e+04
3.77083980e+03 1.08917173e+04 1.15172497e+04
3.69079112e+03 1.08116686e+04 1.16773471e+04
3.69079112e+03 1.08116686e+04 1.16773471e+04
3.77083980e+03 1.08917173e+04 1.18374445e+04
3.77083980e+03 1.08917173e+04 1.18374445e+04
3.85088849e+03 1.09717659e+04 1.19975419e+04
3.85088849e+03 1.09717659e+04 1.19975419e+04
3.93093717e+03 1.10518146e+04 1.21576392e+04
3.93093717e+03 1.10518146e+04 1.21576392e+04
4.01098585e+03 1.11318633e+04 1.23177366e+04
1.89120494e+04 1.34477835e+04 1.46844439e+04
1.88320007e+04 1.32876862e+04 1.47644926e+04
1.88320007e+04 1.32876862e+04 1.47644926e+04
1.87519520e+04 1.31275888e+04 1.48445412e+04
1.87519520e+04 1.31275888e+04 1.48445412e+04
1.86719034e+04 1.29674914e+04 1.49245899e+04
1.86719034e+04 1.29674914e+04 1.49245899e+04
1.85918547e+04 1.28073941e+04 1.50046386e+04
1.85918547e+04 1.28073941e+04 1.50046386e+04
1.86719034e+04 1.26472967e+04 1.49245899e+04
1.86719034e+04 1.26472967e+04 1.49245899e+04
1.87519520e+04 1.24871993e+04 1.48445412e+04
1.87519520e+04 1.24871993e+04 1.48445412e+04
1.88320007e+04 1.23271019e+04 1.47644926e+04
1.88320007e+04 1.23271019e+04 1.47644926e+04
1.89120494e+04 1.21670046e+04 1.46844439e+04
1.89120494e+04 1.21670046e+04 1.46844439e+04
1.89920981e+04 1.23271019e+04 1.46043952e+04
1.89920981e+04 1.23271019e+04 1.46043952e+04
1.90721468e+04 1.24871993e+04 1.45243465e+04
1.90721468e+04 1.24871993e+04 1.45243465e+04
1.91521955e+04 1.26472967e+04 1.44442978e+04
1.91521955e+04 1.26472967e+04 1.44442978e+04
1.92322441e+04 1.28073941e+04 1.43642491e+04
1.92322441e+04 1.28073941e+04 1.43642491e+04
1.91521955e+04 1.29674914e+04 1.44442978e+04
1.91521955e+04 1.29674914e+04 1.44442978e+04
1.90721468e+04 1.31275888e+04 1.45243465e+04
1.90721468e+04 1.31275888e+04 1.45243465e+04
1.89920981e+04 1.32876862e+04 1.46043952e+04
1.89920981e+04 1.32876862e+04 1.46043952e+04
1.89120494e+04 1.34477835e+04 1.46844439e+04
1.28150955e+04 1.40206852e+04 1.88491517e+04
1.27350468e+04 1.41807826e+04 1.87691030e+04
1.27350468e+04 1.41807826e+04 1.87691030e+04
1.26549981e+04 1.43408800e+04 1.86890543e+04
1.26549981e+04 1.43408800e+04 1.86890543e+04
1.25749495e+04 1.45009773e+04 1.86090056e+04
1.25749495e+04 1.45009773e+04 1.86090056e+04
1.24949008e+04 1.46610747e+04 1.85289570e+04
1.24949008e+04 1.46610747e+04 1.85289570e+04
1.25749495e+04 1.48211721e+04 1.86090056e+04
1.25749495e+04 1.48211721e+04 1.86090056e+04
1.26549981e+04 1.49812694e+04 1.86890543e+04
1.26549981e+04 1.49812694e+04 1.86890543e+04
1.27350468e+04 1.51413668e+04 1.87691030e+04
1.27350468e+04 1.51413668e+04 1.87691030e+04
1.28150955e+04 1.53014642e+04 1.88491517e+04
1.28150955e+04 1.53014642e+04 1.88491517e+04
1.28951442e+04 1.51413668e+04 1.89292004e+04
1.28951442e+04 1.51413668e+04 1.89292004e+04
1.29751929e+04 1.49812694e+04 1.90092491e+04
1.29751929e+04 1.49812694e+04 1.90092491e+04
1.30552416e+04 1.48211721e+04 1.90892977e+04
1.30552416e+04 1.48211721e+04 1.90892977e+04
1.31352902e+04 1.46610747e+04 1.91693464e+04
1.31352902e+04 1.46610747e+04 1.91693464e+04
1.30552416e+04 1.45009773e+04 1.90892977e+04
1.30552416e+04 1.45009773e+04 1.90892977e+04
1.29751929e+04 1.43408800e+04 1.90092491e+04
1.29751929e+04 1.43408800e+04 1.90092491e+04
1.28951442e+04 1.41807826e+04 1.89292004e+04
1.28951442e+04 1.41807826e+04 1.89292004e+04
1.28150955e+04 1.40206852e+04 1.88491517e+04
1.91319301e+04 2.08714464e+03 5.85693556e+03
1.92920275e+04 2.00709596e+03 5.93698425e+03
1.92920275e+04 2.00709596e+03 5.93698425e+03
1.94521248e+04 1.92704727e+03 6.01703293e+03
1.94521248e+04 1.92704727e+03 6.01703293e+03
1.96122222e+04 1.84699859e+03 6.09708162e+03
4.37906142e+00 1.84699859e+03 6.09708162e+03
1.64476430e+02 1.76694990e+03 6.17713030e+03
1.64476430e+02 1.76694990e+03 6.17713030e+03
3.24573799e+02 1.84699859e+03 6.09708162e+03
3.24573799e+02 1.84699859e+03 6.09708162e+03
4.84671168e+02 1.92704727e+03 6.01703293e+03
4.84671168e+02 1.92704727e+03 6.01703293e+03
6.44768537e+02 2.00709596e+03 5.93698425e+03
6.44768537e+02 2.00709596e+03 5.93698425e+03
8.04865905e+02 2.08714464e+03 5.85693556e+03
8.04865905e+02 2.08714464e+03 5.85693556e+03
6.44768537e+02 2.16719333e+03 5.77688688e+03
6.44768537e+02 2.16719333e+03 5.77688688e+03
4.84671168e+02 2.24724201e+03 5.69683820e+03
4.84671168e+02 2.24724201e+03 5.69683820e+03
3.24573799e+02 2.32729069e+03 5.61678951e+03
3.24573799e+02 2.32729069e+03 5.61678951e+03
1.64476430e+02 2.40733938e+03 5.53674083e+03
1.64476430e+02 2.40733938e+03 5.53674083e+03
4.37906142e+00 2.32729069e+03 5.61678951e+03
4.37906142e+00 2.32729069e+03 5.61678951e+03
-1.55718307e+02 2.24724201e+03 5.69683820e+03
1.94521248e+04 2.24724201e+03 5.69683820e+03
1.92920275e+04 2.16719333e+03 5.77688688e+03
1.92920275e+04 2.16719333e+03 5.77688688e+03
1.91319301e+04 2.08714464e+03 5.85693556e+03
1.35111970e+04 1.58786775e+04 1.71014885e+04
1.33510996e+04 1.57986288e+04 1.70214398e+04
1.33510996e+04 1.57986288e+04 1.70214398e+04
1.31910022e+04 1.57185801e+04 1.69413911e+04
1.31910022e+04 1.57185801e+04 1.69413911e+04
1.30309049e+04 1.56385314e+04 1.68613425e+04
1.30309049e+04 1.56385314e+04 1.68613425e+04
1.28708075e+04 1.55584828e+04 1.67812938e+04
1.28708075e+04 1.55584828e+04 1.67812938e+04
1.27107101e+04 1.56385314e+04 1.68613425e+04
1.27107101e+04 1.56385314e+04 1.68613425e+04
1.25506128e+04 1.57185801e+04 1.69413911e+04
1.25506128e+04 1.57185801e+04 1.69413911e+04
1.23905154e+04 1.57986288e+04 1.70214398e+04
1.23905154e+04 1.57986288e+04 1.70214398e+04
1.22304180e+04 1.58786775e+04 1.71014885e+04
1.22304180e+04 1.58786775e+04 1.71014885e+04
1.23905154e+04 1.59587262e+04 1.71815372e+04
1.23905154e+04 1.59587262e+04 1.71815372e+04
1.25506128e+04 1.60387749e+04 1.72615859e+04
1.25506128e+04 1.60387749e+04 1.72615859e+04
1.27107101e+04 1.61188236e+04 1.73416346e+04
1.27107101e+04 1.61188236e+04 1.73416346e+04
1.28708075e+04 1.61988722e+04 1.74216832e+04
1.28708075e+04 1.61988722e+04 1.74216832e+04
1.30309049e+04 1.61188236e+04 1.73416346e+04
1.30309049e+04 1.61188236e+04 1.73416346e+04
1.31910022e+04 1.60387749e+04 1.72615859e+04
1.31910022e+04 1.60387749e+04 1.72615859e+04
1.33510996e+04 1.59587262e+04 1.71815372e+04
1.33510996e+04 1.59587262e+04 1.71815372e+04
1.35111970e+04 1.58786775e+04 1.71014885e+04
1.89146588e+04 1.41899088e+04 1.19571660e+04
1.89947075e+04 1.41098601e+04 1.21172633e+04
1.89947075e+04 1.41098601e+04 1.21172633e+04
1.90747561e+04 1.40298114e+04 1.22773607e+04
1.90747561e+04 1.40298114e+04 1.22773607e+04
1.91548048e+04 1.39497627e+04 1.24374581e+04
1.91548048e+04 1.39497627e+04 1.24374581e+04
1.92348535e+04 1.38697140e+04 1.25975554e+04
1.92348535e+04 1.38697140e+04 1.25975554e+04
1.91548048e+04 1.39497627e+04 1.27576528e+04
1.91548048e+04 1.39497627e+04 1.27576528e+04
1.90747561e+04 1.40298114e+04 1.29177502e+04
1.90747561e+04 1.40298114e+04 1.29177502e+04
1.89947075e+04 1.41098601e+04 1.30778476e+04
1.89947075e+04 1.41098601e+04 1.30778476e+04
1.89146588e+04 1.41899088e+04 1.32379449e+04
1.89146588e+04 1.41899088e+04 1.32379449e+04
1.88346101e+04 1.42699574e+04 1.30778476e+04
1.88346101e+04 1.42699574e+04 1.30778476e+04
1.87545614e+04 1.43500061e+04 1.29177502e+04
1.87545614e+04 1.43500061e+04 1.29177502e+04
1.86745127e+04 1.44300548e+04 1.27576528e+04
1.86745127e+04 1.44300548e+04 1.27576528e+04
1.85944640e+04 1.45101035e+04 1.25975554e+04
1.85944640e+04 1.45101035e+04 1.25975554e+04
1.86745127e+04 1.44300548e+04 1.24374581e+04
1.86745127e+04 1.44300548e+04 1.24374581e+04
1.87545614e+04 1.43500061e+04 1.22773607e+04
1.87545614e+04 1.43500061e+04 1.22773607e+04
1.88346101e+04 1.42699574e+04 1.21172633e+04
1.88346101e+04 1.42699574e+04 1.21172633e+04
1.89146588e+04 1.41899088e+04 1.19571660e+04
1.40677181e+04 9.16860798e+03 7.02440276e+03
1.41477667e+04 9.24865667e+03 6.86430539e+03
1.41477667e+04 9.24865667e+03 6.86430539e+03
1.42278154e+04 9.32870535e+03 6.70420802e+03
1.42278154e+04 9.32870535e+03 6.70420802e+03
1.43078641e+04 9.40875404e+03 6.54411065e+03
1.43078641e+04 9.40875404e+03 6.54411065e+03
1.43879128e+04 9.48880272e+03 6.38401329e+03
1.43879128e+04 9.48880272e+03 6.38401329e+03
1.43078641e+04 9.40875404e+03 6.22391592e+03
1.43078641e+04 9.40875404e+03 6.22391592e+03
1.42278154e+04 9.32870535e+03 6.06381855e+03
1.42278154e+04 9.32870535e+03 6.06381855e+03
1.41477667e+04 9.24865667e+03 5.90372118e+03
1.41477667e+04 9.24865667e+03 5.90372118e+03
1.40677181e+04 9.16860798e+03 5.74362381e+03
1.40677181e+04 9.16860798e+03 5.74362381e+03
1.39876694e+04 9.08855930e+03 5.90372118e+03
1.39876694e+04 9.08855930e+03 5.90372118e+03
1.39076207e+04 9.00851062e+03 6.06381855e+03
1.39076207e+04 9.00851062e+03 6.06381855e+03
1.38275720e+04 8.92846193e+03 6.22391592e+03
1.38275720e+04 8.92846193e+03 6.22391592e+03
1.37475233e+04 8.84841325e+03 6.38401329e+03
1.37475233e+04 8.84841325e+03 6.38401329e+03
1.38275720e+04 8.92846193e+03 6.54411065e+03
1.38275720e+04 8.92846193e+03 6.54411065e+03
1.39076207e+04 9.00851062e+03 6.70420802e+03
1.39076207e+04 9.00851062e+03 6.70420802e+03
1.39876694e+04 9.08855930e+03 6.86430539e+03
1.39876694e+04 9.08855930e+03 6.86430539e+03
1.40677181e+04 9.16860798e+03 7.02440276e+03
8.62048247e+03 1.49480185e+04 1.94904821e+04
8.54043378e+03 1.47879212e+04 1.95705308e+04
8.54043378e+03 1.47879212e+04 1.95705308e+04
8.46038510e+03 1.46278238e+04 1.96505794e+04
8.46038510e+03 1.46278238e+04 4.27363080e+01
8.38033642e+03 1.44677264e+04 1.22784992e+02
8.38033642e+03 1.44677264e+04 1.22784992e+02
8.30028773e+03 1.43076291e+04 2.02833677e+02
8.30028773e+03 1.43076291e+04 2.02833677e+02
8.38033642e+03 1.41475317e+04 1.22784992e+02
8.38033642e+03 1.41475317e+04 1.22784992e+02
8.46038510e+03 1.39874343e+04 4.27363080e+01
8.46038510e+03 1.39874343e+04 4.27363080e+01
8.54043378e+03 1.38273370e+04 -3.73123764e+01
8.54043378e+03 1.38273370e+04 1.95705308e+04
8.62048247e+03 1.36672396e+04 1.94904821e+04
8.62048247e+03 1.36672396e+04 1.94904821e+04
8.70053115e+03 1.38273370e+04 1.94104334e+04
8.70053115e+03 1.38273370e+04 1.94104334e+04
8.78057984e+03 1.39874343e+04 1.93303847e+04
8.78057984e+03 1.39874343e+04 1.93303847e+04
8.86062852e+03 1.41475317e+04 1.92503360e+04
8.86062852e+03 1.41475317e+04 1.92503360e+04
8.94067721e+03 1.43076291e+04 1.91702873e+04
8.94067721e+03 1.43076291e+04 1.91702873e+04
8.86062852e+03 1.44677264e+04 1.92503360e+04
8.86062852e+03 1.44677264e+04 1.92503360e+04
8.78057984e+03 1.46278238e+04 1.93303847e+04
8.78057984e+03 1.46278238e+04 1.93303847e+04
8.70053115e+03 1.47879212e+04 1.94104334e+04
8.70053115e+03 1.47879212e+04 1.94104334e+04
8.62048247e+03 1.49480185e+04 1.94904821e+04
1.32720336e+04 1.48659344e+04 3.35125996e+03
1.31919849e+04 1.50260318e+04 3.27121127e+03
1.31919849e+04 1.50260318e+04 3.27121127e+03
1.31119362e+04 1.51861291e+04 3.19116259e+03
1.31119362e+04 1.51861291e+04 3.19116259e+03
1.30318875e+04 1.53462265e+04 3.11111390e+03
1.30318875e+04 1.53462265e+04 3.11111390e+03
1.29518388e+04 1.55063239e+04 3.03106522e+03
1.29518388e+04 1.55063239e+04 3.03106522e+03
1.30318875e+04 1.56664212e+04 3.11111390e+03
1.30318875e+04 1.56664212e+04 3.11111390e+03
1.31119362e+04 1.58265186e+04 3.19116259e+03
1.31119362e+04 1.58265186e+04 3.19116259e+03
1.31919849e+04 1.59866160e+04 3.27121127e+03
1.31919849e+04 1.59866160e+04 3.27121127e+03
1.32720336e+04 1.61467134e+04 3.35125996e+03
1.32720336e+04 1.61467134e+04 3.35125996e+03
1.33520822e+04 1.59866160e+04 3.43130864e+03
1.33520822e+04 1.59866160e+04 3.43130864e+03
1.34321309e+04 1.58265186e+04 3.51135733e+03
1.34321309e+04 1.58265186e+04 3.51135733e+03
1.35121796e+04 1.56664212e+04 3.59140601e+03
1.35121796e+04 1.56664212e+04 3.59140601e+03
1.35922283e+04 1.55063239e+04 3.67145469e+03
1.35922283e+04 1.55063239e+04 3.67145469e+03
1.35121796e+04 1.53462265e+04 3.59140601e+03
1.35121796e+04 1.53462265e+04 3.59140601e+03
1.34321309e+04 1.51861291e+04 3.51135733e+03
1.34321309e+04 1.51861291e+04 3.51135733e+03
1.33520822e+04 1.50260318e+04 3.43130864e+03
1.33520822e+04 1.50260318e+04 3.43130864e+03
1.32720336e+04 1.48659344e+04 3.35125996e+03
1.94939101e+04 1.56935342e+04 1.77200498e+04
1.96540074e+04 1.56134855e+04 1.78000985e+04
4.61642816e+01 1.56134855e+04 1.78000985e+04
2.06261650e+02 1.55334368e+04 1.78801471e+04
2.06261650e+02 1.55334368e+04 1.78801471e+04
3.66359019e+02 1.54533881e+04 1.79601958e+04
3.66359019e+02 1.54533881e+04 1.79601958e+04
5.26456388e+02 1.53733395e+04 1.80402445e+04
5.26456388e+02 1.53733395e+04 1.80402445e+04
6.86553757e+02 1.54533881e+04 1.79601958e+04
6.86553757e+02 1.54533881e+04 1.79601958e+04
8.46651126e+02 1.55334368e+04 1.78801471e+04
8.46651126e+02 1.55334368e+04 1.78801471e+04
1.00674849e+03 1.56134855e+04 1.78000985e+04
1.00674849e+03 1.56134855e+04 1.78000985e+04
1.16684586e+03 1.56935342e+04 1.77200498e+04
1.16684586e+03 1.56935342e+04 1.77200498e+04
1.00674849e+03 1.57735829e+04 1.76400011e+04
1.00674849e+03 1.57735829e+04 1.76400011e+04
8.46651126e+02 1.58536316e+04 1.75599524e+04
8.46651126e+02 1.58536316e+04 1.75599524e+04
6.86553757e+02 1.59336802e+04 1.74799037e+04
6.86553757e+02 1.59336802e+04 1.74799037e+04
5.26456388e+02 1.60137289e+04 1.73998550e+04
5.26456388e+02 1.60137289e+04 1.73998550e+04
3.66359019e+02 1.59336802e+04 1.74799037e+04
3.66359019e+02 1.59336802e+04 1.74799037e+04
2.06261650e+02 1.58536316e+04 1.75599524e+04
2.06261650e+02 1.58536316e+04 1.75599524e+04
4.61642816e+01 1.57735829e+04 1.76400011e+04
4.61642816e+01 1.57735829e+04 1.76400011e+04
-1.13933087e+02 1.56935342e+04 1.77200498e+04
1.12423674e+03 9.64210428e+03 1.03187288e+04
9.64139370e+02 9.56205560e+03 1.02386801e+04
9.64139370e+02 9.56205560e+03 1.02386801e+04
8.04042001e+02 9.48200691e+03 1.01586314e+04
8.04042001e+02 9.48200691e+03 1.01586314e+04
6.43944632e+02 9.40195823e+03 1.00785827e+04
6.43944632e+02 9.40195823e+03 1.00785827e+04
4.83847263e+02 9.32190955e+03 9.99853403e+03
4.83847263e+02 9.32190955e+03 9.99853403e+03
3.23749895e+02 9.40195823e+03 1.00785827e+04
3.23749895e+02 9.40195823e+03 1.00785827e+04
1.63652526e+02 9.48200691e+03 1.01586314e+04
1.63652526e+02 9.48200691e+03 1.01586314e+04
3.55515689e+00 9.56205560e+03 1.02386801e+04
3.55515689e+00 9.56205560e+03 1.02386801e+04
-1.56542212e+02 9.64210428e+03 1.03187288e+04
1.94513009e+04 9.64210428e+03 1.03187288e+04
1.96113983e+04 9.72215297e+03 1.03987775e+04
3.55515689e+00 9.72215297e+03 1.03987775e+04
1.63652526e+02 9.80220165e+03 1.04788261e+04
1.63652526e+02 9.80220165e+03 1.04788261e+04
3.23749895e+02 9.88225034e+03 1.05588748e+04
3.23749895e+02 9.88225034e+03 1.05588748e+04
4.83847263e+02 9.96229902e+03 1.06389235e+04
4.83847263e+02 9.96229902e+03 1.06389235e+04
6.43944632e+02 9.88225034e+03 1.05588748e+04
6.43944632e+02 9.88225034e+03 1.05588748e+04
8.04042001e+02 9.80220165e+03 1.04788261e+04
8.04042001e+02 9.80220165e+03 1.04788261e+04
9.64139370e+02 9.72215297e+03 1.03987775e+04
9.64139370e+02 9.72215297e+03 1.03987775e+04
1.12423674e+03 9.64210428e+03 1.03187288e+04
1.16934512e+04 1.01877539e+03 1.69103856e+04
1.17734999e+04 9.38726710e+02 1.70704830e+04
1.17734999e+04 9.38726710e+02 1.70704830e+04
1.18535486e+04 8.58678025e+02 1.72305803e+04
1.18535486e+04 8.58678025e+02 1.72305803e+04
1.19335972e+04 7.78629341e+02 1.73906777e+04
1.19335972e+04 7.78629341e+02 1.73906777e+04
1.20136459e+04 6.98580657e+02 1.75507751e+04
1.20136459e+04 6.98580657e+02 1.75507751e+04
1.19335972e+04 7.78629341e+02 1.77108724e+04
1.19335972e+04 7.78629341e+02 1.77108724e+04
1.18535486e+04 8.58678025e+02 1.78709698e+04
1.18535486e+04 8.58678025e+02 1.78709698e+04
1.17734999e+04 9.38726710e+02 1.80310672e+04
1.17734999e+04 9.38726710e+02 1.80310672e+04
1.16934512e+04 1.01877539e+03 1.81911645e+04
1.16934512e+04 1.01877539e+03 1.81911645e+04
1.16134025e+04 1.09882408e+03 1.80310672e+04
1.16134025e+04 1.09882408e+03 1.80310672e+04
1.15333538e+04 1.17887276e+03 1.78709698e+04
1.15333538e+04 1.17887276e+03 1.78709698e+04
1.14533051e+04 1.25892145e+03 1.77108724e+04
1.14533051e+04 1.25892145e+03 1.77108724e+04
1.13732564e+04 1.33897013e+03 1.75507751e+04
1.13732564e+04 1.33897013e+03 1.75507751e+04
1.14533051e+04 1.25892145e+03 1.73906777e+04
1.14533051e+04 1.25892145e+03 1.73906777e+04
1.15333538e+04 1.17887276e+03 1.72305803e+04
1.15333538e+04 1.17887276e+03 1.72305803e+04
1.16134025e+04 1.09882408e+03 1.70704830e+04
1.16134025e+04 1.09882408e+03 1.70704830e+04
1.16934512e+04 1.01877539e+03 1.69103856e+04
1.42797290e+04 1.60460787e+04 1.04486787e+04
1.43597777e+04 1.61261273e+04 1.02885814e+04
1.43597777e+04 1.61261273e+04 1.02885814e+04
1.44398264e+04 1.62061760e+04 1.01284840e+04
1.44398264e+04 1.62061760e+04 1.01284840e+04
1.45198751e+04 1.62862247e+04 9.96838664e+03
1.45198751e+04 1.62862247e+04 9.96838664e+03
1.45999238e+04 1.63662734e+04 9.80828927e+03
1.45999238e+04 1.63662734e+04 9.80828927e+03
1.45198751e+04 1.62862247e+04 9.64819190e+03
1.45198751e+04 1.62862247e+04 9.64819190e+03
1.44398264e+04 1.62061760e+04 9.48809453e+03
1.44398264e+04 1.62061760e+04 9.48809453e+03
1.43597777e+04 1.61261273e+04 9.32799716e+03
1.43597777e+04 1.61261273e+04 9.32799716e+03
1.42797290e+04 1.60460787e+04 9.16789980e+03
1.42797290e+04 1.60460787e+04 9.16789980e+03
1.41996803e+04 1.59660300e+04 9.32799716e+03
1.41996803e+04 1.59660300e+04 9.32799716e+03
1.41196317e+04 1.58859813e+04 9.48809453e+03
1.41196317e+04 1.58859813e+04 9.48809453e+03
1.40395830e+04 1.58059326e+04 9.64819190e+03
1.40395830e+04 1.58059326e+04 9.64819190e+03
1.39595343e+04 1.57258839e+04 9.80828927e+03
1.39595343e+04 1.57258839e+04 9.80828927e+03
1.40395830e+04 1.58059326e+04 9.96838664e+03
1.40395830e+04 1.58059326e+04 9.96838664e+03
1.41196317e+04 1.58859813e+04 1.01284840e+04
1.41196317e+04 1.58859813e+04 1.01284840e+04
1.41996803e+04 1.59660300e+04 1.02885814e+04
1.41996803e+04 1.59660300e+04 1.02885814e+04
1.42797290e+04 1.60460787e+04 1.04486787e+04
1.58860668e+04 2.52212527e+03 4.29313811e+03
1.58060182e+04 2.36202791e+03 4.37318680e+03
1.58060182e+04 2.36202791e+03 4.37318680e+03
1.57259695e+04 2.20193054e+03 4.45323548e+03
1.57259695e+04 2.20193054e+03 4.45323548e+03
1.56459208e+04 2.04183317e+03 4.53328417e+03
1.56459208e+04 2.04183317e+03 4.53328417e+03
1.55658721e+04 1.88173580e+03 4.61333285e+03
1.55658721e+04 1.88173580e+03 4.61333285e+03
1.56459208e+04 1.72163843e+03 4.53328417e+03
1.56459208e+04 1.72163843e+03 4.53328417e+03
1.57259695e+04 1.56154106e+03 4.45323548e+03
1.57259695e+04 1.56154106e+03 4.45323548e+03
1.58060182e+04 1.40144369e+03 4.37318680e+03
1.58060182e+04 1.40144369e+03 4.37318680e+03
1.58860668e+04 1.24134632e+03 4.29313811e+03
1.58860668e+04 1.24134632e+03 4.29313811e+03
1.59661155e+04 1.40144369e+03 4.21308943e+03
1.59661155e+04 1.40144369e+03 4.21308943e+03
1.60461642e+04 1.56154106e+03 4.13304074e+03
1.60461642e+04 1.56154106e+03 4.13304074e+03
1.61262129e+04 1.72163843e+03 4.05299206e+03
1.61262129e+04 1.72163843e+03 4.05299206e+03
1.62062616e+04 1.88173580e+03 3.97294337e+03
1.62062616e+04 1.88173580e+03 3.97294337e+03
1.61262129e+04 2.04183317e+03 4.05299206e+03
1.61262129e+04 2.04183317e+03 4.05299206e+03
1.60461642e+04 2.20193054e+03 4.13304074e+03
1.60461642e+04 2.20193054e+03 4.13304074e+03
1.59661155e+04 2.36202791e+03 4.21308943e+03
1.59661155e+04 2.36202791e+03 4.21308943e+03
1.58860668e+04 2.52212527e+03 4.29313811e+03
5.07292278e+03 8.53815472e+03 9.00731770e+03
4.99287409e+03 8.69825209e+03 8.92726901e+03
4.99287409e+03 8.69825209e+03 8.92726901e+03
4.91282541e+03 8.85834946e+03 8.84722033e+03
4.91282541e+03 8.85834946e+03 8.84722033e+03
4.83277672e+03 9.01844683e+03 8.76717164e+03
4.83277672e+03 9.01844683e+03 8.76717164e+03
4.75272804e+03 9.17854420e+03 8.68712296e+03
4.75272804e+03 9.17854420e+03 8.68712296e+03
4.83277672e+03 9.33864156e+03 8.76717164e+03
4.83277672e+03 9.33864156e+03 8.76717164e+03
4.91282541e+03 9.49873893e+03 8.84722033e+03
4.91282541e+03 9.49873893e+03 8.84722033e+03
4.99287409e+03 9.65883630e+03 8.92726901e+03
4.99287409e+03 9.65883630e+03 8.92726901e+03
5.07292278e+03 9.81893367e+03 9.00731770e+03
5.07292278e+03 9.81893367e+03 9.00731770e+03
5.15297146e+03 9.65883630e+03 9.08736638e+03
5.15297146e+03 9.65883630e+03 9.08736638e+03
5.23302015e+03 9.49873893e+03 9.16741507e+03
5.23302015e+03 9.49873893e+03 9.16741507e+03
5.31306883e+03 9.33864156e+03 9.24746375e+03
5.31306883e+03 9.33864156e+03 9.24746375e+03
5.39311751e+03 9.17854420e+03 9.32751244e+03
5.39311751e+03 9.17854420e+03 9.32751244e+03
5.31306883e+03 9.01844683e+03 9.24746375e+03
5.31306883e+03 9.01844683e+03 9.24746375e+03
5.23302015e+03 8.85834946e+03 9.16741507e+03
5.23302015e+03 8.85834946e+03 9.16741507e+03
5.15297146e+03 8.69825209e+03 9.08736638e+03
5.15297146e+03 8.69825209e+03 9.08736638e+03
5.07292278e+03 8.53815472e+03 9.00731770e+03
1.32715670e+04 3.49123541e+03 1.04205860e+04
1.34316644e+04 3.41118673e+03 1.05006347e+04
1.34316644e+04 3.41118673e+03 1.05006347e+04
1.35917617e+04 3.33113804e+03 1.05806833e+04
1.35917617e+04 3.33113804e+03 1.05806833e+04
1.37518591e+04 3.25108936e+03 1.06607320e+04
1.37518591e+04 3.25108936e+03 1.06607320e+04
1.39119565e+04 3.17104067e+03 1.07407807e+04
1.39119565e+04 3.17104067e+03 1.07407807e+04
1.40720538e+04 3.25108936e+03 1.06607320e+04
1.40720538e+04 3.25108936e+03 1.06607320e+04
1.42321512e+04 3.33113804e+03 1.05806833e+04
1.42321512e+04 3.33113804e+03 1.05806833e+04
1.43922486e+04 3.41118673e+03 1.05006347e+04
1.43922486e+04 3.41118673e+03 1.05006347e+04
1.45523459e+04 3.49123541e+03 1.04205860e+04
1.45523459e+04 3.49123541e+03 1.04205860e+04
1.43922486e+04 3.57128409e+03 1.03405373e+04
1.43922486e+04 3.57128409e+03 1.03405373e+04
1.42321512e+04 3.65133278e+03 1.02604886e+04
1.42321512e+04 3.65133278e+03 1.02604886e+04
1.40720538e+04 3.73138146e+03 1.01804399e+04
1.40720538e+04 3.73138146e+03 1.01804399e+04
1.39119565e+04 3.81143015e+03 1.01003912e+04
1.39119565e+04 3.81143015e+03 1.01003912e+04
1.37518591e+04 3.73138146e+03 1.01804399e+04
1.37518591e+04 3.73138146e+03 1.01804399e+04
1.35917617e+04 3.65133278e+03 1.02604886e+04
1.35917617e+04 3.65133278e+03 1.02604886e+04
1.34316644e+04 3.57128409e+03 1.03405373e+04
1.34316644e+04 3.57128409e+03 1.03405373e+04
1.32715670e+04 3.49123541e+03 1.04205860e+04
3.92945278e+03 1.50747827e+04 1.81994225e+04
3.76935542e+03 1.49947340e+04 1.81193738e+04
3.76935542e+03 1.49947340e+04 1.81193738e+04
3.60925805e+03 1.49146853e+04 1.80393252e+04
3.60925805e+03 1.49146853e+04 1.80393252e+04
3.44916068e+03 1.48346367e+04 1.79592765e+04
3.44916068e+03 1.48346367e+04 1.79592765e+04
3.28906331e+03 1.47545880e+04 1.78792278e+04
3.28906331e+03 1.47545880e+04 1.78792278e+04
3.12896594e+03 1.48346367e+04 1.79592765e+04
3.12896594e+03 1.48346367e+04 1.79592765e+04
2.96886857e+03 1.49146853e+04 1.80393252e+04
2.96886857e+03 1.49146853e+04 1.80393252e+04
2.80877120e+03 1.49947340e+04 1.81193738e+04
2.80877120e+03 1.49947340e+04 1.81193738e+04
2.64867383e+03 1.50747827e+04 1.81994225e+04
2.64867383e+03 1.50747827e+04 1.81994225e+04
2.80877120e+03 1.51548314e+04 1.82794712e+04
2.80877120e+03 1.51548314e+04 1.82794712e+04
2.96886857e+03 1.52348801e+04 1.83595199e+04
2.96886857e+03 1.52348801e+04 1.83595199e+04
3.12896594e+03 1.53149288e+04 1.84395686e+04
3.12896594e+03 1.53149288e+04 1.84395686e+04
3.28906331e+03 1.53949775e+04 1.85196173e+04
3.28906331e+03 1.53949775e+04 1.85196173e+04
3.44916068e+03 1.53149288e+04 1.84395686e+04
3.44916068e+03 1.53149288e+04 1.84395686e+04
3.60925805e+03 1.52348801e+04 1.83595199e+04
3.60925805e+03 1.52348801e+04 1.83595199e+04
3.76935542e+03 1.51548314e+04 1.82794712e+04
3.76935542e+03 1.51548314e+04 1.82794712e+04
3.92945278e+03 1.50747827e+04 1.81994225e+04
1.19508560e+04 2.94477441e+03 8.96013413e+03
1.20309047e+04 2.86472572e+03 9.12023150e+03
1.20309047e+04 2.86472572e+03 9.12023150e+03
1.21109534e+04 2.78467704e+03 9.28032886e+03
1.21109534e+04 2.78467704e+03 9.28032886e+03
1.21910021e+04 2.70462835e+03 9.44042623e+03
1.21910021e+04 2.70462835e+03 9.44042623e+03
1.22710508e+04 2.62457967e+03 9.60052360e+03
1.22710508e+04 2.62457967e+03 9.60052360e+03
1.21910021e+04 2.70462835e+03 9.76062097e+03
1.21910021e+04 2.70462835e+03 9.76062097e+03
1.21109534e+04 2.78467704e+03 9.92071834e+03
1.21109534e+04 2.78467704e+03 9.92071834e+03
1.20309047e+04 2.86472572e+03 1.00808157e+04
1.20309047e+04 2.86472572e+03 1.00808157e+04
1.19508560e+04 2.94477441e+03 1.02409131e+04
1.19508560e+04 2.94477441e+03 1.02409131e+04
1.18708074e+04 3.02482309e+03 1.00808157e+04
1.18708074e+04 3.02482309e+03 1.00808157e+04
1.17907587e+04 3.10487177e+03 9.92071834e+03
1.17907587e+04 3.10487177e+03 9.92071834e+03
1.17107100e+04 3.18492046e+03 9.76062097e+03
1.17107100e+04 3.18492046e+03 9.76062097e+03
1.16306613e+04 3.26496914e+03 9.60052360e+03
1.16306613e+04 3.26496914e+03 9.60052360e+03
1.17107100e+04 3.18492046e+03 9.44042623e+03
1.17107100e+04 3.18492046e+03 9.44042623e+03
1.17907587e+04 3.10487177e+03 9.28032886e+03
1.17907587e+04 3.10487177e+03 9.28032886e+03
1.18708074e+04 3.02482309e+03 9.12023150e+03
1.18708074e+04 3.02482309e+03 9.12023150e+03
1.19508560e+04 2.94477441e+03 8.96013413e+03
7.39892066e+03 1.66392434e+04 1.85050410e+04
7.47896935e+03 1.67192921e+04 1.83449436e+04
7.47896935e+03 1.67192921e+04 1.83449436e+04
7.55901803e+03 1.67993407e+04 1.81848463e+04
7.55901803e+03 1.67993407e+04 1.81848463e+04
7.63906672e+03 1.68793894e+04 1.80247489e+04
7.63906672e+03 1.68793894e+04 1.80247489e+04
7.71911540e+03 1.69594381e+04 1.78646515e+04
7.71911540e+03 1.69594381e+04 1.78646515e+04
7.63906672e+03 1.68793894e+04 1.77045542e+04
7.63906672e+03 1.68793894e+04 1.77045542e+04
7.55901803e+03 1.67993407e+04 1.75444568e+04
7.55901803e+03 1.67993407e+04 1.75444568e+04
7.47896935e+03 1.67192921e+04 1.73843594e+04
7.47896935e+03 1.67192921e+04 1.73843594e+04
7.39892066e+03 1.66392434e+04 1.72242621e+04
7.39892066e+03 1.66392434e+04 1.72242621e+04
7.31887198e+03 1.65591947e+04 1.73843594e+04
7.31887198e+03 1.65591947e+04 1.73843594e+04
7.23882329e+03 1.64791460e+04 1.75444568e+04
7.23882329e+03 1.64791460e+04 1.75444568e+04
7.15877461e+03 1.63990973e+04 1.77045542e+04
7.15877461e+03 1.63990973e+04 1.77045542e+04
7.07872593e+03 1.63190486e+04 1.78646515e+04
7.07872593e+03 1.63190486e+04 1.78646515e+04
7.15877461e+03 1.63990973e+04 1.80247489e+04
7.15877461e+03 1.63990973e+04 1.80247489e+04
7.23882329e+03 1.64791460e+04 1.81848463e+04
7.23882329e+03 1.64791460e+04 1.81848463e+04
7.31887198e+03 1.65591947e+04 1.83449436e+04
7.31887198e+03 1.65591947e+04 1.83449436e+04
7.39892066e+03 1.66392434e+04 1.85050410e+04
7.52644551e+03 6.82658366e+03 1.11449834e+04
7.44639683e+03 6.66648629e+03 1.12250321e+04
7.44639683e+03 6.66648629e+03 1.12250321e+04
7.36634814e+03 6.50638892e+03 1.13050808e+04
7.36634814e+03 6.50638892e+03 1.13050808e+04
7.28629946e+03 6.34629155e+03 1.13851294e+04
7.28629946e+03 6.34629155e+03 1.13851294e+04
7.20625078e+03 6.18619418e+03 1.14651781e+04
7.20625078e+03 6.18619418e+03 1.14651781e+04
7.28629946e+03 6.02609682e+03 1.13851294e+04
7.28629946e+03 6.02609682e+03 1.13851294e+04
7.36634814e+03 5.86599945e+03 1.13050808e+04
7.36634814e+03 5.86599945e+03 1.13050808e+04
7.44639683e+03 5.70590208e+03 1.12250321e+04
7.44639683e+03 5.70590208e+03 1.12250321e+04
7.52644551e+03 5.54580471e+03 1.11449834e+04
7.52644551e+03 5.54580471e+03 1.11449834e+04
7.60649420e+03 5.70590208e+03 1.10649347e+04
7.60649420e+03 5.70590208e+03 1.10649347e+04
7.68654288e+03 5.86599945e+03 1.09848860e+04
7.68654288e+03 5.86599945e+03 1.09848860e+04
7.76659157e+03 6.02609682e+03 1.09048373e+04
7.76659157e+03 6.02609682e+03 1.09048373e+04
7.84664025e+03 6.18619418e+03 1.08247887e+04
7.84664025e+03 6.18619418e+03 1.08247887e+04
7.76659157e+03 6.34629155e+03 1.09048373e+04
7.76659157e+03 6.34629155e+03 1.09048373e+04
7.68654288e+03 6.50638892e+03 1.09848860e+04
7.68654288e+03 6.50638892e+03 1.09848860e+04
7.60649420e+03 6.66648629e+03 1.10649347e+04
7.60649420e+03 6.66648629e+03 1.10649347e+04
7.52644551e+03 6.82658366e+03 1.11449834e+04
3.68270657e+03 1.82709178e+03 1.34822707e+04
3.60265788e+03 1.98718915e+03 1.34022220e+04
3.60265788e+03 1.98718915e+03 1.34022220e+04
3.52260920e+03 2.14728651e+03 1.33221733e+04
3.52260920e+03 2.14728651e+03 1.33221733e+04
3.44256052e+03 2.30738388e+03 1.32421246e+04
3.44256052e+03 2.30738388e+03 1.32421246e+04
3.36251183e+03 2.46748125e+03 1.31620759e+04
3.36251183e+03 2.46748125e+03 1.31620759e+04
3.44256052e+03 2.62757862e+03 1.32421246e+04
3.44256052e+03 2.62757862e+03 1.32421246e+04
3.52260920e+03 2.78767599e+03 1.33221733e+04
3.52260920e+03 2.78767599e+03 1.33221733e+04
3.60265788e+03 2.94777336e+03 1.34022220e+04
3.60265788e+03 2.94777336e+03 1.34022220e+04
3.68270657e+03 3.10787073e+03 1.34822707e+04
3.68270657e+03 3.10787073e+03 1.34822707e+04
3.76275525e+03 2.94777336e+03 1.35623194e+04
3.76275525e+03 2.94777336e+03 1.35623194e+04
3.84280394e+03 2.78767599e+03 1.36423681e+04
3.84280394e+03 2.78767599e+03 1.36423681e+04
3.92285262e+03 2.62757862e+03 1.37224167e+04
3.92285262e+03 2.62757862e+03 1.37224167e+04
4.00290131e+03 2.46748125e+03 1.38024654e+04
4.00290131e+03 2.46748125e+03 1.38024654e+04
3.92285262e+03 2.30738388e+03 1.37224167e+04
3.92285262e+03 2.30738388e+03 1.37224167e+04
3.84280394e+03 2.14728651e+03 1.36423681e+04
3.84280394e+03 2.14728651e+03 1.36423681e+04
3.76275525e+03 1.98718915e+03 1.35623194e+04
3.76275525e+03 1.98718915e+03 1.35623194e+04
3.68270657e+03 1.82709178e+03 1.34822707e+04
1.50381736e+04 1.12458150e+04 1.90829408e+04
1.51982710e+04 1.11657663e+04 1.91629895e+04
1.51982710e+04 1.11657663e+04 1.91629895e+04
1.53583684e+04 1.10857176e+04 1.92430382e+04
1.53583684e+04 1.10857176e+04 1.92430382e+04
1.55184657e+04 1.10056690e+04 1.93230869e+04
1.55184657e+04 1.10056690e+04 1.93230869e+04
1.56785631e+04 1.09256203e+04 1.94031356e+04
1.56785631e+04 1.09256203e+04 1.94031356e+04
1.58386605e+04 1.10056690e+04 1.93230869e+04
1.58386605e+04 1.10056690e+04 1.93230869e+04
1.59987578e+04 1.10857176e+04 1.92430382e+04
1.59987578e+04 1.10857176e+04 1.92430382e+04
1.61588552e+04 1.11657663e+04 1.91629895e+04
1.61588552e+04 1.11657663e+04 1.91629895e+04
1.63189526e+04 1.12458150e+04 1.90829408e+04
1.63189526e+04 1.12458150e+04 1.90829408e+04
1.61588552e+04 1.13258637e+04 1.90028921e+04
1.61588552e+04 1.13258637e+04 1.90028921e+04
1.59987578e+04 1.14059124e+04 1.89228434e+04
1.59987578e+04 1.14059124e+04 1.89228434e+04
1.58386605e+04 1.14859611e+04 1.88427948e+04
1.58386605e+04 1.14859611e+04 1.88427948e+04
1.56785631e+04 1.15660097e+04 1.87627461e+04
1.56785631e+04 1.15660097e+04 1.87627461e+04
1.55184657e+04 1.14859611e+04 1.88427948e+04
1.55184657e+04 1.14859611e+04 1.88427948e+04
1.53583684e+04 1.14059124e+04 1.89228434e+04
1.53583684e+04 1.14059124e+04 1.89228434e+04
1.51982710e+04 1.13258637e+04 1.90028921e+04
1.51982710e+04 1.13258637e+04 1.90028921e+04
1.50381736e+04 1.12458150e+04 1.90829408e+04
1.30728282e+04 1.74200338e+04 9.71401488e+03
1.29127309e+04 1.73399851e+04 9.63396619e+03
1.29127309e+04 1.73399851e+04 9.63396619e+03
1.27526335e+04 1.72599365e+04 9.55391751e+03
1.27526335e+04 1.72599365e+04 9.55391751e+03
1.25925361e+04 1.71798878e+04 9.47386882e+03
1.25925361e+04 1.71798878e+04 9.47386882e+03
1.24324388e+04 1.70998391e+04 9.39382014e+03
1.24324388e+04 1.70998391e+04 9.39382014e+03
1.22723414e+04 1.71798878e+04 9.47386882e+03
1.22723414e+04 1.71798878e+04 9.47386882e+03
1.21122440e+04 1.72599365e+04 9.55391751e+03
1.21122440e+04 1.72599365e+04 9.55391751e+03
1.19521467e+04 1.73399851e+04 9.63396619e+03
1.19521467e+04 1.73399851e+04 9.63396619e+03
1.17920493e+04 1.74200338e+04 9.71401488e+03
1.17920493e+04 1.74200338e+04 9.71401488e+03
1.19521467e+04 1.75000825e+04 9.79406356e+03
1.19521467e+04 1.75000825e+04 9.79406356e+03
1.21122440e+04 1.75801312e+04 9.87411225e+03
1.21122440e+04 1.75801312e+04 9.87411225e+03
1.22723414e+04 1.76601799e+04 9.95416093e+03
1.22723414e+04 1.76601799e+04 9.95416093e+03
1.24324388e+04 1.77402286e+04 1.00342096e+04
1.24324388e+04 1.77402286e+04 1.00342096e+04
1.25925361e+04 1.76601799e+04 9.95416093e+03
1.25925361e+04 1.76601799e+04 9.95416093e+03
1.27526335e+04 1.75801312e+04 9.87411225e+03
1.27526335e+04 1.75801312e+04 9.87411225e+03
1.29127309e+04 1.75000825e+04 9.79406356e+03
1.29127309e+04 1.75000825e+04 9.79406356e+03
1.30728282e+04 1.74200338e+04 9.71401488e+03
6.89444176e+03 1.40045170e+04 9.24057359e+03
6.97449045e+03 1.39244683e+04 9.40067096e+03
6.97449045e+03 1.39244683e+04 9.40067096e+03
7.05453913e+03 1.38444197e+04 9.56076833e+03
7.05453913e+03 1.38444197e+04 9.56076833e+03
7.13458782e+03 1.37643710e+04 9.72086570e+03
7.13458782e+03 1.37643710e+04 9.72086570e+03
7.21463650e+03 1.36843223e+04 9.88096307e+03
7.21463650e+03 1.36843223e+04 9.88096307e+03
7.13458782e+03 1.37643710e+04 1.00410604e+04
7.13458782e+03 1.37643710e+04 1.00410604e+04
7.05453913e+03 1.38444197e+04 1.02011578e+04
7.05453913e+03 1.38444197e+04 1.02011578e+04
6.97449045e+03 1.39244683e+04 1.03612552e+04
6.97449045e+03 1.39244683e+04 1.03612552e+04
6.89444176e+03 1.40045170e+04 1.05213525e+04
6.89444176e+03 1.40045170e+04 1.05213525e+04
6.81439308e+03 1.40845657e+04 1.03612552e+04
6.81439308e+03 1.40845657e+04 1.03612552e+04
6.73434439e+03 1.41646144e+04 1.02011578e+04
6.73434439e+03 1.41646144e+04 1.02011578e+04
6.65429571e+03 1.42446631e+04 1.00410604e+04
6.65429571e+03 1.42446631e+04 1.00410604e+04
6.57424702e+03 1.43247118e+04 9.88096307e+03
6.57424702e+03 1.43247118e+04 9.88096307e+03
6.65429571e+03 1.42446631e+04 9.72086570e+03
6.65429571e+03 1.42446631e+04 9.72086570e+03
6.73434439e+03 1.41646144e+04 9.56076833e+03
6.73434439e+03 1.41646144e+04 9.56076833e+03
6.81439308e+03 1.40845657e+04 9.40067096e+03
6.81439308e+03 1.40845657e+04 9.40067096e+03
6.89444176e+03 1.40045170e+04 9.24057359e+03
4.42426679e+03 4.80342040e+03 1.61855012e+04
4.50431548e+03 4.88346908e+03 1.60254039e+04
4.50431548e+03 4.88346908e+03 1.60254039e+04
4.58436416e+03 4.96351777e+03 1.58653065e+04
4.58436416e+03 4.96351777e+03 1.58653065e+04
4.66441285e+03 5.04356645e+03 1.57052091e+04
4.66441285e+03 5.04356645e+03 1.57052091e+04
4.74446153e+03 5.12361513e+03 1.55451118e+04
4.74446153e+03 5.12361513e+03 1.55451118e+04
4.66441285e+03 5.04356645e+03 1.53850144e+04
4.66441285e+03 5.04356645e+03 1.53850144e+04
4.58436416e+03 4.96351777e+03 1.52249170e+04
4.58436416e+03 4.96351777e+03 1.52249170e+04
4.50431548e+03 4.88346908e+03 1.50648197e+04
4.50431548e+03 4.88346908e+03 1.50648197e+04
4.42426679e+03 4.80342040e+03 1.49047223e+04
4.42426679e+03 4.80342040e+03 1.49047223e+04
4.34421811e+03 4.72337171e+03 1.50648197e+04
4.34421811e+03 4.72337171e+03 1.50648197e+04
4.26416943e+03 4.64332303e+03 1.52249170e+04
4.26416943e+03 4.64332303e+03 1.52249170e+04
4.18412074e+03 4.56327434e+03 1.53850144e+04
4.18412074e+03 4.56327434e+03 1.53850144e+04
4.10407206e+03 4.48322566e+03 1.55451118e+04
4.10407206e+03 4.48322566e+03 1.55451118e+04
4.18412074e+03 4.56327434e+03 1.57052091e+04
4.18412074e+03 4.56327434e+03 1.57052091e+04
4.26416943e+03 4.64332303e+03 1.58653065e+04
4.26416943e+03 4.64332303e+03 1.58653065e+04
4.34421811e+03 4.72337171e+03 1.60254039e+04
4.34421811e+03 4.72337171e+03 1.60254039e+04
4.42426679e+03 4.80342040e+03 1.61855012e+04
9.70926303e+03 1.85834027e+04 1.85367026e+04
9.62921435e+03 1.84233053e+04 1.86167513e+04
9.62921435e+03 1.84233053e+04 1.86167513e+04
9.54916566e+03 1.82632079e+04 1.86968000e+04
9.54916566e+03 1.82632079e+04 1.86968000e+04
9.46911698e+03 1.81031106e+04 1.87768487e+04
9.46911698e+03 1.81031106e+04 1.87768487e+04
9.38906829e+03 1.79430132e+04 1.88568974e+04
9.38906829e+03 1.79430132e+04 1.88568974e+04
9.46911698e+03 1.77829158e+04 1.87768487e+04
9.46911698e+03 1.77829158e+04 1.87768487e+04
9.54916566e+03 1.76228185e+04 1.86968000e+04
9.54916566e+03 1.76228185e+04 1.86968000e+04
9.62921435e+03 1.74627211e+04 1.86167513e+04
9.62921435e+03 1.74627211e+04 1.86167513e+04
9.70926303e+03 1.73026237e+04 1.85367026e+04
9.70926303e+03 1.73026237e+04 1.85367026e+04
9.78931171e+03 1.74627211e+04 1.84566539e+04
9.78931171e+03 1.74627211e+04 1.84566539e+04
9.86936040e+03 1.76228185e+04 1.83766053e+04
9.86936040e+03 1.76228185e+04 1.83766053e+04
9.94940908e+03 1.77829158e+04 1.82965566e+04
9.94940908e+03 1.77829158e+04 1.82965566e+04
1.00294578e+04 1.79430132e+04 1.82165079e+04
1.00294578e+04 1.79430132e+04 1.82165079e+04
9.94940908e+03 1.81031106e+04 1.82965566e+04
9.94940908e+03 1.81031106e+04 1.82965566e+04
9.86936040e+03 1.82632079e+04 1.83766053e+04
9.86936040e+03 1.82632079e+04 1.83766053e+04
9.78931171e+03 1.84233053e+04 1.84566539e+04
9.78931171e+03 1.84233053e+04 1.84566539e+04
9.70926303e+03 1.85834027e+04 1.85367026e+04
1.04555339e+04 4.31044571e+03 1.41345502e+04
1.03754852e+04 4.47054308e+03 1.40545015e+04
1.03754852e+04 4.47054308e+03 1.40545015e+04
1.02954365e+04 4.63064045e+03 1.39744528e+04
1.02954365e+04 4.63064045e+03 1.39744528e+04
1.02153879e+04 4.79073782e+03 1.38944041e+04
1.02153879e+04 4.79073782e+03 1.38944041e+04
1.01353392e+04 4.95083519e+03 1.38143554e+04
1.01353392e+04 4.95083519e+03 1.38143554e+04
1.02153879e+04 5.11093256e+03 1.38944041e+04
1.02153879e+04 5.11093256e+03 1.38944041e+04
1.02954365e+04 5.27102993e+03 1.39744528e+04
1.02954365e+04 5.27102993e+03 1.39744528e+04
1.03754852e+04 5.43112729e+03 1.40545015e+04
1.03754852e+04 5.43112729e+03 1.40545015e+04
1.04555339e+04 5.59122466e+03 1.41345502e+04
1.04555339e+04 5.59122466e+03 1.41345502e+04
1.05355826e+04 5.43112729e+03 1.42145988e+04
1.05355826e+04 5.43112729e+03 1.42145988e+04
1.06156313e+04 5.27102993e+03 1.42946475e+04
1.06156313e+04 5.27102993e+03 1.42946475e+04
1.06956800e+04 5.11093256e+03 1.43746962e+04
1.06956800e+04 5.11093256e+03 1.43746962e+04
1.07757287e+04 4.95083519e+03 1.44547449e+04
1.07757287e+04 4.95083519e+03 1.44547449e+04
1.06956800e+04 4.79073782e+03 1.43746962e+04
1.06956800e+04 4.79073782e+03 1.43746962e+04
1.06156313e+04 4.63064045e+03 1.42946475e+04
1.06156313e+04 4.63064045e+03 1.42946475e+04
1.05355826e+04 4.47054308e+03 1.42145988e+04
1.05355826e+04 4.47054308e+03 1.42145988e+04
1.04555339e+04 4.31044571e+03 1.41345502e+04
6.56429217e+03 9.77742045e+03 4.44264799e+03
6.72438954e+03 9.69737176e+03 4.52269667e+03
6.72438954e+03 9.69737176e+03 4.52269667e+03
6.88448691e+03 9.61732308e+03 4.60274536e+03
6.88448691e+03 9.61732308e+03 4.60274536e+03
7.04458427e+03 9.53727440e+03 4.68279404e+03
7.04458427e+03 9.53727440e+03 4.68279404e+03
7.20468164e+03 9.45722571e+03 4.76284273e+03
7.20468164e+03 9.45722571e+03 4.76284273e+03
7.36477901e+03 9.53727440e+03 4.68279404e+03
7.36477901e+03 9.53727440e+03 4.68279404e+03
7.52487638e+03 9.61732308e+03 4.60274536e+03
7.52487638e+03 9.61732308e+03 4.60274536e+03
7.68497375e+03 9.69737176e+03 4.52269667e+03
7.68497375e+03 9.69737176e+03 4.52269667e+03
7.84507112e+03 9.77742045e+03 4.44264799e+03
7.84507112e+03 9.77742045e+03 4.44264799e+03
7.68497375e+03 9.85746913e+03 4.36259931e+03
7.68497375e+03 9.85746913e+03 4.36259931e+03
7.52487638e+03 9.93751782e+03 4.28255062e+03
7.52487638e+03 9.93751782e+03 4.28255062e+03
7.36477901e+03 1.00175665e+04 4.20250194e+03
7.36477901e+03 1.00175665e+04 4.20250194e+03
7.20468164e+03 1.00976152e+04 4.12245325e+03
7.20468164e+03 1.00976152e+04 4.12245325e+03
7.04458427e+03 1.00175665e+04 4.20250194e+03
7.04458427e+03 1.00175665e+04 4.20250194e+03
6.88448691e+03 9.93751782e+03 4.28255062e+03
6.88448691e+03 9.93751782e+03 4.28255062e+03
6.72438954e+03 9.85746913e+03 4.36259931e+03
6.72438954e+03 9.85746913e+03 4.36259931e+03
6.56429217e+03 9.77742045e+03 4.44264799e+03
7.57304922e+03 1.27617997e+04 6.13593912e+03
7.41295185e+03 1.26817511e+04 6.05589044e+03
7.41295185e+03 1.26817511e+04 6.05589044e+03
7.25285448e+03 1.26017024e+04 5.97584175e+03
7.25285448e+03 1.26017024e+04 5.97584175e+03
7.09275711e+03 1.25216537e+04 5.89579307e+03
7.09275711e+03 1.25216537e+04 5.89579307e+03
6.93265974e+03 1.24416050e+04 5.81574439e+03
6.93265974e+03 1.24416050e+04 5.81574439e+03
6.77256237e+03 1.25216537e+04 5.89579307e+03
6.77256237e+03 1.25216537e+04 5.89579307e+03
6.61246500e+03 1.26017024e+04 5.97584175e+03
6.61246500e+03 1.26017024e+04 5.97584175e+03
6.45236763e+03 1.26817511e+04 6.05589044e+03
6.45236763e+03 1.26817511e+04 6.05589044e+03
6.29227026e+03 1.27617997e+04 6.13593912e+03
6.29227026e+03 1.27617997e+04 6.13593912e+03
6.45236763e+03 1.28418484e+04 6.21598781e+03
6.45236763e+03 1.28418484e+04 6.21598781e+03
6.61246500e+03 1.29218971e+04 6.29603649e+03
6.61246500e+03 1.29218971e+04 6.29603649e+03
6.77256237e+03 1.30019458e+04 6.37608518e+03
6.77256237e+03 1.30019458e+04 6.37608518e+03
6.93265974e+03 1.30819945e+04 6.45613386e+03
6.93265974e+03 1.30819945e+04 6.45613386e+03
7.09275711e+03 1.30019458e+04 6.37608518e+03
7.09275711e+03 1.30019458e+04 6.37608518e+03
7.25285448e+03 1.29218971e+04 6.29603649e+03
7.25285448e+03 1.29218971e+04 6.29603649e+03
7.41295185e+03 1.28418484e+04 6.21598781e+03
7.41295185e+03 1.28418484e+04 6.21598781e+03
7.57304922e+03 1.27617997e+04 6.13593912e+03
1.50732441e+04 1.53301393e+04 1.60735220e+04
1.51532927e+04 1.52500906e+04 1.62336193e+04
1.51532927e+04 1.52500906e+04 1.62336193e+04
1.52333414e+04 1.51700419e+04 1.63937167e+04
1.52333414e+04 1.51700419e+04 1.63937167e+04
1.53133901e+04 1.50899932e+04 1.65538141e+04
1.53133901e+04 1.50899932e+04 1.65538141e+04
1.53934388e+04 1.50099445e+04 1.67139114e+04
1.53934388e+04 1.50099445e+04 1.67139114e+04
1.53133901e+04 1.50899932e+04 1.68740088e+04
1.53133901e+04 1.50899932e+04 1.68740088e+04
1.52333414e+04 1.51700419e+04 1.70341062e+04
1.52333414e+04 1.51700419e+04 1.70341062e+04
1.51532927e+04 1.52500906e+04 1.71942035e+04
1.51532927e+04 1.52500906e+04 1.71942035e+04
1.50732441e+04 1.53301393e+04 1.73543009e+04
1.50732441e+04 1.53301393e+04 1.73543009e+04
1.49931954e+04 1.54101880e+04 1.71942035e+04
1.49931954e+04 1.54101880e+04 1.71942035e+04
1.49131467e+04 1.54902367e+04 1.70341062e+04
1.49131467e+04 1.54902367e+04 1.70341062e+04
1.48330980e+04 1.55702853e+04 1.68740088e+04
1.48330980e+04 1.55702853e+04 1.68740088e+04
1.47530493e+04 1.56503340e+04 1.67139114e+04
1.47530493e+04 1.56503340e+04 1.67139114e+04
1.48330980e+04 1.55702853e+04 1.65538141e+04
1.48330980e+04 1.55702853e+04 1.65538141e+04
1.49131467e+04 1.54902367e+04 1.63937167e+04
1.49131467e+04 1.54902367e+04 1.63937167e+04
1.49931954e+04 1.54101880e+04 1.62336193e+04
1.49931954e+04 1.54101880e+04 1.62336193e+04
1.50732441e+04 1.53301393e+04 1.60735220e+04
1.86256027e+04 2.10437083e+03 1.84977494e+04
1.87056514e+04 2.18441951e+03 1.83376520e+04
1.87056514e+04 2.18441951e+03 1.83376520e+04
1.87857001e+04 2.26446820e+03 1.81775547e+04
1.87857001e+04 2.26446820e+03 1.81775547e+04
1.88657488e+04 2.34451688e+03 1.80174573e+04
1.88657488e+04 2.34451688e+03 1.80174573e+04
1.89457975e+04 2.42456557e+03 1.78573599e+04
1.89457975e+04 2.42456557e+03 1.78573599e+04
1.88657488e+04 2.34451688e+03 1.76972626e+04
1.88657488e+04 2.34451688e+03 1.76972626e+04
1.87857001e+04 2.26446820e+03 1.75371652e+04
1.87857001e+04 2.26446820e+03 1.75371652e+04
1.87056514e+04 2.18441951e+03 1.73770678e+04
1.87056514e+04 2.18441951e+03 1.73770678e+04
1.86256027e+04 2.10437083e+03 1.72169704e+04
1.86256027e+04 2.10437083e+03 1.72169704e+04
1.85455541e+04 2.02432214e+03 1.73770678e+04
1.85455541e+04 2.02432214e+03 1.73770678e+04
1.84655054e+04 1.94427346e+03 1.75371652e+04
1.84655054e+04 1.94427346e+03 1.75371652e+04
1.83854567e+04 1.86422477e+03 1.76972626e+04
1.83854567e+04 1.86422477e+03 1.76972626e+04
1.83054080e+04 1.78417609e+03 1.78573599e+04
1.83054080e+04 1.78417609e+03 1.78573599e+04
1.83854567e+04 1.86422477e+03 1.80174573e+04
1.83854567e+04 1.86422477e+03 1.80174573e+04
1.84655054e+04 1.94427346e+03 1.81775547e+04
1.84655054e+04 1.94427346e+03 1.81775547e+04
1.85455541e+04 2.02432214e+03 1.83376520e+04
1.85455541e+04 2.02432214e+03 1.83376520e+04
1.86256027e+04 2.10437083e+03 1.84977494e+04
6.58931690e+03 1.68439273e+04 1.76098164e+04
6.50926822e+03 1.66838299e+04 1.76898651e+04
6.50926822e+03 1.66838299e+04 1.76898651e+04
6.42921953e+03 1.65237325e+04 1.77699137e+04
6.42921953e+03 1.65237325e+04 1.77699137e+04
6.34917085e+03 1.63636351e+04 1.78499624e+04
6.34917085e+03 1.63636351e+04 1.78499624e+04
6.26912216e+03 1.62035378e+04 1.79300111e+04
6.26912216e+03 1.62035378e+04 1.79300111e+04
6.34917085e+03 1.60434404e+04 1.78499624e+04
6.34917085e+03 1.60434404e+04 1.78499624e+04
6.42921953e+03 1.58833430e+04 1.77699137e+04
6.42921953e+03 1.58833430e+04 1.77699137e+04
6.50926822e+03 1.57232457e+04 1.76898651e+04
6.50926822e+03 1.57232457e+04 1.76898651e+04
6.58931690e+03 1.55631483e+04 1.76098164e+04
6.58931690e+03 1.55631483e+04 1.76098164e+04
6.66936558e+03 1.57232457e+04 1.75297677e+04
6.66936558e+03 1.57232457e+04 1.75297677e+04
6.74941427e+03 1.58833430e+04 1.74497190e+04
6.74941427e+03 1.58833430e+04 1.74497190e+04
6.82946295e+03 1.60434404e+04 1.73696703e+04
6.82946295e+03 1.60434404e+04 1.73696703e+04
6.90951164e+03 1.62035378e+04 1.72896216e+04
6.90951164e+03 1.62035378e+04 1.72896216e+04
6.82946295e+03 1.63636351e+04 1.73696703e+04
6.82946295e+03 1.63636351e+04 1.73696703e+04
6.74941427e+03 1.65237325e+04 1.74497190e+04
6.74941427e+03 1.65237325e+04 1.74497190e+04
6.66936558e+03 1.66838299e+04 1.75297677e+04
6.66936558e+03 1.66838299e+04 1.75297677e+04
6.58931690e+03 1.68439273e+04 1.76098164e+04
8.37554987e+02 3.19872815e+03 5.77453572e+03
7.57506303e+02 3.35882552e+03 5.69448704e+03
7.57506303e+02 3.35882552e+03 5.69448704e+03
6.77457618e+02 3.51892289e+03 5.61443836e+03
6.77457618e+02 3.51892289e+03 5.61443836e+03
5.97408934e+02 3.67902026e+03 5.53438967e+03
5.97408934e+02 3.67902026e+03 5.53438967e+03
5.17360249e+02 3.83911763e+03 5.45434099e+03
5.17360249e+02 3.83911763e+03 5.45434099e+03
5.97408934e+02 3.99921500e+03 5.53438967e+03
5.97408934e+02 3.99921500e+03 5.53438967e+03
6.77457618e+02 4.15931237e+03 5.61443836e+03
6.77457618e+02 4.15931237e+03 5.61443836e+03
7.57506303e+02 4.31940974e+03 5.69448704e+03
7.57506303e+02 4.31940974e+03 5.69448704e+03
8.37554987e+02 4.47950710e+03 5.77453572e+03
8.37554987e+02 4.47950710e+03 5.77453572e+03
9.17603671e+02 4.31940974e+03 5.85458441e+03
9.17603671e+02 4.31940974e+03 5.85458441e+03
9.97652356e+02 4.15931237e+03 5.93463309e+03
9.97652356e+02 4.15931237e+03 5.93463309e+03
1.07770104e+03 3.99921500e+03 6.01468178e+03
1.07770104e+03 3.99921500e+03 6.01468178e+03
1.15774972e+03 3.83911763e+03 6.09473046e+03
1.15774972e+03 3.83911763e+03 6.09473046e+03
1.07770104e+03 3.67902026e+03 6.01468178e+03
1.07770104e+03 3.67902026e+03 6.01468178e+03
9.97652356e+02 3.51892289e+03 5.93463309e+03
9.97652356e+02 3.51892289e+03 5.93463309e+03
9.17603671e+02 3.35882552e+03 5.85458441e+03
9.17603671e+02 3.35882552e+03 5.85458441e+03
8.37554987e+02 3.19872815e+03 5.77453572e+03
1.16537258e+04 1.69064912e+03 2.80284353e+03
1.18138232e+04 1.61060044e+03 2.88289221e+03
1.18138232e+04 1.61060044e+03 2.88289221e+03
1.19739206e+04 1.53055175e+03 2.96294089e+03
1.19739206e+04 1.53055175e+03 2.96294089e+03
1.21340179e+04 1.45050307e+03 3.04298958e+03
1.21340179e+04 1.45050307e+03 3.04298958e+03
1.22941153e+04 1.37045438e+03 3.12303826e+03
1.22941153e+04 1.37045438e+03 3.12303826e+03
1.24542127e+04 1.45050307e+03 3.04298958e+03
1.24542127e+04 1.45050307e+03 3.04298958e+03
1.26143100e+04 1.53055175e+03 2.96294089e+03
1.26143100e+04 1.53055175e+03 2.96294089e+03
1.27744074e+04 1.61060044e+03 2.88289221e+03
1.27744074e+04 1.61060044e+03 2.88289221e+03
1.29345048e+04 1.69064912e+03 2.80284353e+03
1.29345048e+04 1.69064912e+03 2.80284353e+03
1.27744074e+04 1.77069780e+03 2.72279484e+03
1.27744074e+04 1.77069780e+03 2.72279484e+03
1.26143100e+04 1.85074649e+03 2.64274616e+03
1.26143100e+04 1.85074649e+03 2.64274616e+03
1.24542127e+04 1.93079517e+03 2.56269747e+03
1.24542127e+04 1.93079517e+03 2.56269747e+03
1.22941153e+04 2.01084386e+03 2.48264879e+03
1.22941153e+04 2.01084386e+03 2.48264879e+03
1.21340179e+04 1.93079517e+03 2.56269747e+03
1.21340179e+04 1.93079517e+03 2.56269747e+03
1.19739206e+04 1.85074649e+03 2.64274616e+03
1.19739206e+04 1.85074649e+03 2.64274616e+03
1.18138232e+04 1.77069780e+03 2.72279484e+03
1.18138232e+04 1.77069780e+03 2.72279484e+03
1.16537258e+04 1.69064912e+03 2.80284353e+03
1.07546350e+04 1.35164967e+04 1.67965845e+04
1.05945376e+04 1.34364480e+04 1.67165358e+04
1.05945376e+04 1.34364480e+04 1.67165358e+04
1.04344402e+04 1.33563993e+04 1.66364872e+04
1.04344402e+04 1.33563993e+04 1.66364872e+04
1.02743428e+04 1.32763506e+04 1.65564385e+04
1.02743428e+04 1.32763506e+04 1.65564385e+04
1.01142455e+04 1.31963019e+04 1.64763898e+04
1.01142455e+04 1.31963019e+04 1.64763898e+04
9.95414811e+03 1.32763506e+04 1.65564385e+04
9.95414811e+03 1.32763506e+04 1.65564385e+04
9.79405074e+03 1.33563993e+04 1.66364872e+04
9.79405074e+03 1.33563993e+04 1.66364872e+04
9.63395337e+03 1.34364480e+04 1.67165358e+04
9.63395337e+03 1.34364480e+04 1.67165358e+04
9.47385600e+03 1.35164967e+04 1.67965845e+04
9.47385600e+03 1.35164967e+04 1.67965845e+04
9.63395337e+03 1.35965453e+04 1.68766332e+04
9.63395337e+03 1.35965453e+04 1.68766332e+04
9.79405074e+03 1.36765940e+04 1.69566819e+04
9.79405074e+03 1.36765940e+04 1.69566819e+04
9.95414811e+03 1.37566427e+04 1.70367306e+04
9.95414811e+03 1.37566427e+04 1.70367306e+04
1.01142455e+04 1.38366914e+04 1.71167793e+04
1.01142455e+04 1.38366914e+04 1.71167793e+04
1.02743428e+04 1.37566427e+04 1.70367306e+04
1.02743428e+04 1.37566427e+04 1.70367306e+04
1.04344402e+04 1.36765940e+04 1.69566819e+04
1.04344402e+04 1.36765940e+04 1.69566819e+04
1.05945376e+04 1.35965453e+04 1.68766332e+04
1.05945376e+04 1.35965453e+04 1.68766332e+04
1.07546350e+04 1.35164967e+04 1.67965845e+04
1.26933663e+04 1.14042878e+04 1.33030606e+04
1.27734150e+04 1.13242391e+04 1.34631580e+04
1.27734150e+04 1.13242391e+04 1.34631580e+04
1.28534637e+04 1.12441904e+04 1.36232554e+04
1.28534637e+04 1.12441904e+04 1.36232554e+04
1.29335124e+04 1.11641417e+04 1.37833527e+04
1.29335124e+04 1.11641417e+04 1.37833527e+04
1.30135611e+04 1.10840930e+04 1.39434501e+04
1.30135611e+04 1.10840930e+04 1.39434501e+04
1.29335124e+04 1.11641417e+04 1.41035475e+04
1.29335124e+04 1.11641417e+04 1.41035475e+04
1.28534637e+04 1.12441904e+04 1.42636448e+04
1.28534637e+04 1.12441904e+04 1.42636448e+04
1.27734150e+04 1.13242391e+04 1.44237422e+04
1.27734150e+04 1.13242391e+04 1.44237422e+04
1.26933663e+04 1.14042878e+04 1.45838396e+04
1.26933663e+04 1.14042878e+04 1.45838396e+04
1.26133177e+04 1.14843364e+04 1.44237422e+04
1.26133177e+04 1.14843364e+04 1.44237422e+04
1.25332690e+04 1.15643851e+04 1.42636448e+04
1.25332690e+04 1.15643851e+04 1.42636448e+04
1.24532203e+04 1.16444338e+04 1.41035475e+04
1.24532203e+04 1.16444338e+04 1.41035475e+04
1.23731716e+04 1.17244825e+04 1.39434501e+04
1.23731716e+04 1.17244825e+04 1.39434501e+04
1.24532203e+04 1.16444338e+04 1.37833527e+04
1.24532203e+04 1.16444338e+04 1.37833527e+04
1.25332690e+04 1.15643851e+04 1.36232554e+04
1.25332690e+04 1.15643851e+04 1.36232554e+04
1.26133177e+04 1.14843364e+04 1.34631580e+04
1.26133177e+04 1.14843364e+04 1.34631580e+04
1.26933663e+04 1.14042878e+04 1.33030606e+04
4.94935014e+03 1.76501899e+04 9.31281483e+03
5.02939882e+03 1.77302386e+04 9.15271746e+03
5.02939882e+03 1.77302386e+04 9.15271746e+03
5.10944751e+03 1.78102872e+04 8.99262009e+03
5.10944751e+03 1.78102872e+04 8.99262009e+03
5.18949619e+03 1.78903359e+04 8.83252272e+03
5.18949619e+03 1.78903359e+04 8.83252272e+03
5.26954488e+03 1.79703846e+04 8.67242535e+03
5.26954488e+03 1.79703846e+04 8.67242535e+03
5.18949619e+03 1.78903359e+04 8.51232798e+03
5.18949619e+03 1.78903359e+04 8.51232798e+03
5.10944751e+03 1.78102872e+04 8.35223061e+03
5.10944751e+03 1.78102872e+04 8.35223061e+03
5.02939882e+03 1.77302386e+04 8.19213324e+03
5.02939882e+03 1.77302386e+04 8.19213324e+03
4.94935014e+03 1.76501899e+04 8.03203588e+03
4.94935014e+03 1.76501899e+04 8.03203588e+03
4.86930145e+03 1.75701412e+04 8.19213324e+03
4.86930145e+03 1.75701412e+04 8.19213324e+03
4.78925277e+03 1.74900925e+04 8.35223061e+03
4.78925277e+03 1.74900925e+04 8.35223061e+03
4.70920408e+03 1.74100438e+04 8.51232798e+03
4.70920408e+03 1.74100438e+04 8.51232798e+03
4.62915540e+03 1.73299951e+04 8.67242535e+03
4.62915540e+03 1.73299951e+04 8.67242535e+03
4.70920408e+03 1.74100438e+04 8.83252272e+03
4.70920408e+03 1.74100438e+04 8.83252272e+03
4.78925277e+03 1.74900925e+04 8.99262009e+03
4.78925277e+03 1.74900925e+04 8.99262009e+03
4.86930145e+03 1.75701412e+04 9.15271746e+03
4.86930145e+03 1.75701412e+04 9.15271746e+03
4.94935014e+03 1.76501899e+04 9.31281483e+03
4.02369111e+02 1.94572721e+04 1.27887338e+04
3.22320427e+02 1.92971747e+04 1.28687825e+04
3.22320427e+02 1.92971747e+04 1.28687825e+04
2.42271742e+02 1.91370774e+04 1.29488311e+04
2.42271742e+02 1.91370774e+04 1.29488311e+04
1.62223058e+02 1.89769800e+04 1.30288798e+04
1.62223058e+02 1.89769800e+04 1.30288798e+04
8.21743733e+01 1.88168826e+04 1.31089285e+04
8.21743733e+01 1.88168826e+04 1.31089285e+04
1.62223058e+02 1.86567853e+04 1.30288798e+04
1.62223058e+02 1.86567853e+04 1.30288798e+04
2.42271742e+02 1.84966879e+04 1.29488311e+04
2.42271742e+02 1.84966879e+04 1.29488311e+04
3.22320427e+02 1.83365905e+04 1.28687825e+04
3.22320427e+02 1.83365905e+04 1.28687825e+04
4.02369111e+02 1.81764932e+04 1.27887338e+04
4.02369111e+02 1.81764932e+04 1.27887338e+04
4.82417795e+02 1.83365905e+04 1.27086851e+04
4.82417795e+02 1.83365905e+04 1.27086851e+04
5.62466480e+02 1.84966879e+04 1.26286364e+04
5.62466480e+02 1.84966879e+04 1.26286364e+04
6.42515164e+02 1.86567853e+04 1.25485877e+04
6.42515164e+02 1.86567853e+04 1.25485877e+04
7.22563849e+02 1.88168826e+04 1.24685390e+04
7.22563849e+02 1.88168826e+04 1.24685390e+04
6.42515164e+02 1.89769800e+04 1.25485877e+04
6.42515164e+02 1.89769800e+04 1.25485877e+04
5.62466480e+02 1.91370774e+04 1.26286364e+04
5.62466480e+02 1.91370774e+04 1.26286364e+04
4.82417795e+02 1.92971747e+04 1.27086851e+04
4.82417795e+02 1.92971747e+04 1.27086851e+04
4.02369111e+02 1.94572721e+04 1.27887338e+04
1.00628676e+04 1.27391474e+04 9.59883119e+03
9.98281896e+03 1.28992448e+04 9.51878250e+03
9.98281896e+03 1.28992448e+04 9.51878250e+03
9.90277028e+03 1.30593422e+04 9.43873382e+03
9.90277028e+03 1.30593422e+04 9.43873382e+03
9.82272160e+03 1.32194396e+04 9.35868514e+03
9.82272160e+03 1.32194396e+04 9.35868514e+03
9.74267291e+03 1.33795369e+04 9.27863645e+03
9.74267291e+03 1.33795369e+04 9.27863645e+03
9.82272160e+03 1.35396343e+04 9.35868514e+03
9.82272160e+03 1.35396343e+04 9.35868514e+03
9.90277028e+03 1.36997317e+04 9.43873382e+03
9.90277028e+03 1.36997317e+04 9.43873382e+03
9.98281896e+03 1.38598290e+04 9.51878250e+03
9.98281896e+03 1.38598290e+04 9.51878250e+03
1.00628676e+04 1.40199264e+04 9.59883119e+03
1.00628676e+04 1.40199264e+04 9.59883119e+03
1.01429163e+04 1.38598290e+04 9.67887987e+03
1.01429163e+04 1.38598290e+04 9.67887987e+03
1.02229650e+04 1.36997317e+04 9.75892856e+03
1.02229650e+04 1.36997317e+04 9.75892856e+03
1.03030137e+04 1.35396343e+04 9.83897724e+03
1.03030137e+04 1.35396343e+04 9.83897724e+03
1.03830624e+04 1.33795369e+04 9.91902593e+03
1.03830624e+04 1.33795369e+04 9.91902593e+03
1.03030137e+04 1.32194396e+04 9.83897724e+03
1.03030137e+04 1.32194396e+04 9.83897724e+03
1.02229650e+04 1.30593422e+04 9.75892856e+03
1.02229650e+04 1.30593422e+04 9.75892856e+03
1.01429163e+04 1.28992448e+04 9.67887987e+03
1.01429163e+04 1.28992448e+04 9.67887987e+03
1.00628676e+04 1.27391474e+04 9.59883119e+03
1.75260845e+04 1.01152897e+04 1.41489964e+03
1.76861818e+04 1.00352410e+04 1.49494833e+03
1.76861818e+04 1.00352410e+04 1.49494833e+03
1.78462792e+04 9.95519228e+03 1.57499701e+03
1.78462792e+04 9.95519228e+03 1.57499701e+03
1.80063766e+04 9.87514360e+03 1.65504570e+03
1.80063766e+04 9.87514360e+03 1.65504570e+03
1.81664739e+04 9.79509491e+03 1.73509438e+03
1.81664739e+04 9.79509491e+03 1.73509438e+03
1.83265713e+04 9.87514360e+03 1.65504570e+03
1.83265713e+04 9.87514360e+03 1.65504570e+03
1.84866687e+04 9.95519228e+03 1.57499701e+03
1.84866687e+04 9.95519228e+03 1.57499701e+03
1.86467661e+04 1.00352410e+04 1.49494833e+03
1.86467661e+04 1.00352410e+04 1.49494833e+03
1.88068634e+04 1.01152897e+04 1.41489964e+03
1.88068634e+04 1.01152897e+04 1.41489964e+03
1.86467661e+04 1.01953383e+04 1.33485096e+03
1.86467661e+04 1.01953383e+04 1.33485096e+03
1.84866687e+04 1.02753870e+04 1.25480227e+03
1.84866687e+04 1.02753870e+04 1.25480227e+03
1.83265713e+04 1.03554357e+04 1.17475359e+03
1.83265713e+04 1.03554357e+04 1.17475359e+03
1.81664739e+04 1.04354844e+04 1.09470490e+03
1.81664739e+04 1.04354844e+04 1.09470490e+03
1.80063766e+04 1.03554357e+04 1.17475359e+03
1.80063766e+04 1.03554357e+04 1.17475359e+03
1.78462792e+04 1.02753870e+04 1.25480227e+03
1.78462792e+04 1.02753870e+04 1.25480227e+03
1.76861818e+04 1.01953383e+04 1.33485096e+03
1.76861818e+04 1.01953383e+04 1.33485096e+03
1.75260845e+04 1.01152897e+04 1.41489964e+03
1.17680032e+04 1.20635918e+04 1.84616920e+04
1.16079058e+04 1.19835432e+04 1.83816434e+04
1.16079058e+04 1.19835432e+04 1.83816434e+04
1.14478084e+04 1.19034945e+04 1.83015947e+04
1.14478084e+04 1.19034945e+04 1.83015947e+04
1.12877111e+04 1.18234458e+04 1.82215460e+04
1.12877111e+04 1.18234458e+04 1.82215460e+04
1.11276137e+04 1.17433971e+04 1.81414973e+04
1.11276137e+04 1.17433971e+04 1.81414973e+04
1.09675163e+04 1.18234458e+04 1.82215460e+04
1.09675163e+04 1.18234458e+04 1.82215460e+04
1.08074190e+04 1.19034945e+04 1.83015947e+04
1.08074190e+04 1.19034945e+04 1.83015947e+04
1.06473216e+04 1.19835432e+04 1.83816434e+04
1.06473216e+04 1.19835432e+04 1.83816434e+04
1.04872242e+04 1.20635918e+04 1.84616920e+04
1.04872242e+04 1.20635918e+04 1.84616920e+04
1.06473216e+04 1.21436405e+04 1.85417407e+04
1.06473216e+04 1.21436405e+04 1.85417407e+04
1.08074190e+04 1.22236892e+04 1.86217894e+04
1.08074190e+04 1.22236892e+04 1.86217894e+04
1.09675163e+04 1.23037379e+04 1.87018381e+04
1.09675163e+04 1.23037379e+04 1.87018381e+04
1.11276137e+04 1.23837866e+04 1.87818868e+04
1.11276137e+04 1.23837866e+04 1.87818868e+04
1.12877111e+04 1.23037379e+04 1.87018381e+04
1.12877111e+04 1.23037379e+04 1.87018381e+04
1.14478084e+04 1.22236892e+04 1.86217894e+04
1.14478084e+04 1.22236892e+04 1.86217894e+04
1.16079058e+04 1.21436405e+04 1.85417407e+04
1.16079058e+04 1.21436405e+04 1.85417407e+04
1.17680032e+04 1.20635918e+04 1.84616920e+04
8.14437950e+03 5.18509754e+03 1.26928043e+03
8.22442819e+03 5.10504886e+03 1.42937780e+03
8.22442819e+03 5.10504886e+03 1.42937780e+03
8.30447687e+03 5.02500017e+03 1.58947517e+03
8.30447687e+03 5.02500017e+03 1.58947517e+03
8.38452556e+03 4.94495149e+03 1.74957254e+03
8.38452556e+03 4.94495149e+03 1.74957254e+03
8.46457424e+03 4.86490280e+03 1.90966991e+03
8.46457424e+03 4.86490280e+03 1.90966991e+03
8.38452556e+03 4.94495149e+03 2.06976728e+03
8.38452556e+03 4.94495149e+03 2.06976728e+03
8.30447687e+03 5.02500017e+03 2.22986465e+03
8.30447687e+03 5.02500017e+03 2.22986465e+03
8.22442819e+03 5.10504886e+03 2.38996202e+03
8.22442819e+03 5.10504886e+03 2.38996202e+03
8.14437950e+03 5.18509754e+03 2.55005938e+03
8.14437950e+03 5.18509754e+03 2.55005938e+03
8.06433082e+03 5.26514623e+03 2.38996202e+03
8.06433082e+03 5.26514623e+03 2.38996202e+03
7.98428214e+03 5.34519491e+03 2.22986465e+03
7.98428214e+03 5.34519491e+03 2.22986465e+03
7.90423345e+03 5.42524359e+03 2.06976728e+03
7.90423345e+03 5.42524359e+03 2.06976728e+03
7.82418477e+03 5.50529228e+03 1.90966991e+03
7.82418477e+03 5.50529228e+03 1.90966991e+03
7.90423345e+03 5.42524359e+03 1.74957254e+03
7.90423345e+03 5.42524359e+03 1.74957254e+03
7.98428214e+03 5.34519491e+03 1.58947517e+03
7.98428214e+03 5.34519491e+03 1.58947517e+03
8.06433082e+03 5.26514623e+03 1.42937780e+03
8.06433082e+03 5.26514623e+03 1.42937780e+03
8.14437950e+03 5.18509754e+03 1.26928043e+03
9.52635729e+03 9.11103653e+03 1.22390549e+03
9.60640598e+03 9.19108521e+03 1.06380813e+03
9.60640598e+03 9.19108521e+03 1.06380813e+03
9.68645466e+03 9.27113390e+03 9.03710757e+02
9.68645466e+03 9.27113390e+03 9.03710757e+02
9.76650334e+03 9.35118258e+03 7.43613388e+02
9.76650334e+03 9.35118258e+03 7.43613388e+02
9.84655203e+03 9.43123126e+03 5.83516019e+02
9.84655203e+03 9.43123126e+03 5.83516019e+02
9.76650334e+03 9.35118258e+03 4.23418651e+02
9.76650334e+03 9.35118258e+03 4.23418651e+02
9.68645466e+03 9.27113390e+03 2.63321282e+02
9.68645466e+03 9.27113390e+03 2.63321282e+02
9.60640598e+03 9.19108521e+03 1.03223913e+02
9.60640598e+03 9.19108521e+03 1.03223913e+02
9.52635729e+03 9.11103653e+03 -5.68734558e+01
9.52635729e+03 9.11103653e+03 1.95509697e+04
9.44630861e+03 9.03098784e+03 1.97110671e+04
9.44630861e+03 9.03098784e+03 1.03223913e+02
9.36625992e+03 8.95093916e+03 2.63321282e+02
9.36625992e+03 8.95093916e+03 2.63321282e+02
9.28621124e+03 8.87089047e+03 4.23418651e+02
9.28621124e+03 8.87089047e+03 4.23418651e+02
9.20616255e+03 8.79084179e+03 5.83516019e+02
9.20616255e+03 8.79084179e+03 5.83516019e+02
9.28621124e+03 8.87089047e+03 7.43613388e+02
9.28621124e+03 8.87089047e+03 7.43613388e+02
9.36625992e+03 8.95093916e+03 9.03710757e+02
9.36625992e+03 8.95093916e+03 9.03710757e+02
9.44630861e+03 9.03098784e+03 1.06380813e+03
9.44630861e+03 9.03098784e+03 1.06380813e+03
9.52635729e+03 9.11103653e+03 1.22390549e+03
1.36132836e+04 1.46981760e+04 1.43100279e+04
1.35332349e+04 1.45380786e+04 1.43900766e+04
1.35332349e+04 1.45380786e+04 1.43900766e+04
1.34531862e+04 1.43779813e+04 1.44701253e+04
1.34531862e+04 1.43779813e+04 1.44701253e+04
1.33731375e+04 1.42178839e+04 1.45501740e+04
1.33731375e+04 1.42178839e+04 1.45501740e+04
1.32930888e+04 1.40577865e+04 1.46302226e+04
1.32930888e+04 1.40577865e+04 1.46302226e+04
1.33731375e+04 1.38976891e+04 1.45501740e+04
1.33731375e+04 1.38976891e+04 1.45501740e+04
1.34531862e+04 1.37375918e+04 1.44701253e+04
1.34531862e+04 1.37375918e+04 1.44701253e+04
1.35332349e+04 1.35774944e+04 1.43900766e+04
1.35332349e+04 1.35774944e+04 1.43900766e+04
1.36132836e+04 1.34173970e+04 1.43100279e+04
1.36132836e+04 1.34173970e+04 1.43100279e+04
1.36933323e+04 1.35774944e+04 1.42299792e+04
1.36933323e+04 1.35774944e+04 1.42299792e+04
1.37733809e+04 1.37375918e+04 1.41499305e+04
1.37733809e+04 1.37375918e+04 1.41499305e+04
1.38534296e+04 1.38976891e+04 1.40698819e+04
1.38534296e+04 1.38976891e+04 1.40698819e+04
1.39334783e+04 1.40577865e+04 1.39898332e+04
1.39334783e+04 1.40577865e+04 1.39898332e+04
1.38534296e+04 1.42178839e+04 1.40698819e+04
1.38534296e+04 1.42178839e+04 1.40698819e+04
1.37733809e+04 1.43779813e+04 1.41499305e+04
1.37733809e+04 1.43779813e+04 1.41499305e+04
1.36933323e+04 1.45380786e+04 1.42299792e+04
1.36933323e+04 1.45380786e+04 1.42299792e+04
1.36132836e+04 1.46981760e+04 1.43100279e+04
8.12452975e+03 1.92635094e+04 1.78230423e+04
8.04448106e+03 1.94236068e+04 1.77429936e+04
8.04448106e+03 1.94236068e+04 1.77429936e+04
7.96443238e+03 1.95837042e+04 1.76629449e+04
7.96443238e+03 1.95837042e+04 1.76629449e+04
7.88438370e+03 1.97438015e+04 1.75828963e+04
7.88438370e+03 1.35958411e+02 1.75828963e+04
7.80433501e+03 2.96055780e+02 1.75028476e+04
7.80433501e+03 2.96055780e+02 1.75028476e+04
7.88438370e+03 4.56153149e+02 1.75828963e+04
7.88438370e+03 4.56153149e+02 1.75828963e+04
7.96443238e+03 6.16250518e+02 1.76629449e+04
7.96443238e+03 6.16250518e+02 1.76629449e+04
8.04448106e+03 7.76347887e+02 1.77429936e+04
8.04448106e+03 7.76347887e+02 1.77429936e+04
8.12452975e+03 9.36445256e+02 1.78230423e+04
8.12452975e+03 9.36445256e+02 1.78230423e+04
8.20457843e+03 7.76347887e+02 1.79030910e+04
8.20457843e+03 7.76347887e+02 1.79030910e+04
8.28462712e+03 6.16250518e+02 1.79831397e+04
8.28462712e+03 6.16250518e+02 1.79831397e+04
8.36467580e+03 4.56153149e+02 1.80631884e+04
8.36467580e+03 4.56153149e+02 1.80631884e+04
8.44472449e+03 2.96055780e+02 1.81432370e+04
8.44472449e+03 2.96055780e+02 1.81432370e+04
8.36467580e+03 1.35958411e+02 1.80631884e+04
8.36467580e+03 1.35958411e+02 1.80631884e+04
8.28462712e+03 -2.41389573e+01 1.79831397e+04
8.28462712e+03 1.95837042e+04 1.79831397e+04
8.20457843e+03 1.94236068e+04 1.79030910e+04
8.20457843e+03 1.94236068e+04 1.79030910e+04
8.12452975e+03 1.92635094e+04 1.78230423e+04
1.48376246e+04 3.23919940e+03 6.13305807e+03
1.49977220e+04 3.15915071e+03 6.21310675e+03
1.49977220e+04 3.15915071e+03 6.21310675e+03
1.51578193e+04 3.07910203e+03 6.29315543e+03
1.51578193e+04 3.07910203e+03 6.29315543e+03
1.53179167e+04 2.99905334e+03 6.37320412e+03
1.53179167e+04 2.99905334e+03 6.37320412e+03
1.54780141e+04 2.91900466e+03 6.45325280e+03
1.54780141e+04 2.91900466e+03 6.45325280e+03
1.56381114e+04 2.99905334e+03 6.37320412e+03
1.56381114e+04 2.99905334e+03 6.37320412e+03
1.57982088e+04 3.07910203e+03 6.29315543e+03
1.57982088e+04 3.07910203e+03 6.29315543e+03
1.59583062e+04 3.15915071e+03 6.21310675e+03
1.59583062e+04 3.15915071e+03 6.21310675e+03
1.61184036e+04 3.23919940e+03 6.13305807e+03
1.61184036e+04 3.23919940e+03 6.13305807e+03
1.59583062e+04 3.31924808e+03 6.05300938e+03
1.59583062e+04 3.31924808e+03 6.05300938e+03
1.57982088e+04 3.39929676e+03 5.97296070e+03
1.57982088e+04 3.39929676e+03 5.97296070e+03
1.56381114e+04 3.47934545e+03 5.89291201e+03
1.56381114e+04 3.47934545e+03 5.89291201e+03
1.54780141e+04 3.55939413e+03 5.81286333e+03
1.54780141e+04 3.55939413e+03 5.81286333e+03
1.53179167e+04 3.47934545e+03 5.89291201e+03
1.53179167e+04 3.47934545e+03 5.89291201e+03
1.51578193e+04 3.39929676e+03 5.97296070e+03
1.51578193e+04 3.39929676e+03 5.97296070e+03
1.49977220e+04 3.31924808e+03 6.05300938e+03
1.49977220e+04 3.31924808e+03 6.05300938e+03
1.48376246e+04 3.23919940e+03 6.13305807e+03
1.26197092e+04 7.14686837e+03 3.05958018e+03
1.24596118e+04 7.06681968e+03 2.97953150e+03
1.24596118e+04 7.06681968e+03 2.97953150e+03
1.22995145e+04 6.98677100e+03 2.89948281e+03
1.22995145e+04 6.98677100e+03 2.89948281e+03
1.21394171e+04 6.90672231e+03 2.81943413e+03
1.21394171e+04 6.90672231e+03 2.81943413e+03
1.19793197e+04 6.82667363e+03 2.73938544e+03
1.19793197e+04 6.82667363e+03 2.73938544e+03
1.18192224e+04 6.90672231e+03 2.81943413e+03
1.18192224e+04 6.90672231e+03 2.81943413e+03
1.16591250e+04 6.98677100e+03 2.89948281e+03
1.16591250e+04 6.98677100e+03 2.89948281e+03
1.14990276e+04 7.06681968e+03 2.97953150e+03
1.14990276e+04 7.06681968e+03 2.97953150e+03
1.13389302e+04 7.14686837e+03 3.05958018e+03
1.13389302e+04 7.14686837e+03 3.05958018e+03
1.14990276e+04 7.22691705e+03 3.13962886e+03
1.14990276e+04 7.22691705e+03 3.13962886e+03
1.16591250e+04 7.30696574e+03 3.21967755e+03
1.16591250e+04 7.30696574e+03 3.21967755e+03
1.18192224e+04 7.38701442e+03 3.29972623e+03
1.18192224e+04 7.38701442e+03 3.29972623e+03
1.19793197e+04 7.46706310e+03 3.37977492e+03
1.19793197e+04 7.46706310e+03 3.37977492e+03
1.21394171e+04 7.38701442e+03 3.29972623e+03
1.21394171e+04 7.38701442e+03 3.29972623e+03
1.22995145e+04 7.30696574e+03 3.21967755e+03
1.22995145e+04 7.30696574e+03 3.21967755e+03
1.24596118e+04 7.22691705e+03 3.13962886e+03
1.24596118e+04 7.22691705e+03 3.13962886e+03
1.26197092e+04 7.14686837e+03 3.05958018e+03
3.47654536e+03 1.70174445e+04 5.04774128e+03
3.55659405e+03 1.69373958e+04 5.20783865e+03
3.55659405e+03 1.69373958e+04 5.20783865e+03
3.63664273e+03 1.68573472e+04 5.36793602e+03
3.63664273e+03 1.68573472e+04 5.36793602e+03
3.71669141e+03 1.67772985e+04 5.52803339e+03
3.71669141e+03 1.67772985e+04 5.52803339e+03
3.79674010e+03 1.66972498e+04 5.68813075e+03
3.79674010e+03 1.66972498e+04 5.68813075e+03
3.71669141e+03 1.67772985e+04 5.84822812e+03
3.71669141e+03 1.67772985e+04 5.84822812e+03
3.63664273e+03 1.68573472e+04 6.00832549e+03
3.63664273e+03 1.68573472e+04 6.00832549e+03
3.55659405e+03 1.69373958e+04 6.16842286e+03
3.55659405e+03 1.69373958e+04 6.16842286e+03
3.47654536e+03 1.70174445e+04 6.32852023e+03
3.47654536e+03 1.70174445e+04 6.32852023e+03
3.39649668e+03 1.70974932e+04 6.16842286e+03
3.39649668e+03 1.70974932e+04 6.16842286e+03
3.31644799e+03 1.71775419e+04 6.00832549e+03
3.31644799e+03 1.71775419e+04 6.00832549e+03
3.23639931e+03 1.72575906e+04 5.84822812e+03
3.23639931e+03 1.72575906e+04 5.84822812e+03
3.15635062e+03 1.73376393e+04 5.68813075e+03
3.15635062e+03 1.73376393e+04 5.68813075e+03
3.23639931e+03 1.72575906e+04 5.52803339e+03
3.23639931e+03 1.72575906e+04 5.52803339e+03
3.31644799e+03 1.71775419e+04 5.36793602e+03
3.31644799e+03 1.71775419e+04 5.36793602e+03
3.39649668e+03 1.70974932e+04 5.20783865e+03
3.39649668e+03 1.70974932e+04 5.20783865e+03
3.47654536e+03 1.70174445e+04 5.04774128e+03
1.14741102e+04 8.90186031e+03 8.70270579e+03
1.15541589e+04 8.98190900e+03 8.54260842e+03
1.15541589e+04 8.98190900e+03 8.54260842e+03
1.16342076e+04 9.06195768e+03 8.38251105e+03
1.16342076e+04 9.06195768e+03 8.38251105e+03
1.17142563e+04 9.14200637e+03 8.22241369e+03
1.17142563e+04 9.14200637e+03 8.22241369e+03
1.17943050e+04 9.22205505e+03 8.06231632e+03
1.17943050e+04 9.22205505e+03 8.06231632e+03
1.17142563e+04 9.14200637e+03 7.90221895e+03
1.17142563e+04 9.14200637e+03 7.90221895e+03
1.16342076e+04 9.06195768e+03 7.74212158e+03
1.16342076e+04 9.06195768e+03 7.74212158e+03
1.15541589e+04 8.98190900e+03 7.58202421e+03
1.15541589e+04 8.98190900e+03 7.58202421e+03
1.14741102e+04 8.90186031e+03 7.42192684e+03
1.14741102e+04 8.90186031e+03 7.42192684e+03
1.13940615e+04 8.82181163e+03 7.58202421e+03
1.13940615e+04 8.82181163e+03 7.58202421e+03
1.13140129e+04 8.74176294e+03 7.74212158e+03
1.13140129e+04 8.74176294e+03 7.74212158e+03
1.12339642e+04 8.66171426e+03 7.90221895e+03
1.12339642e+04 8.66171426e+03 7.90221895e+03
1.11539155e+04 8.58166557e+03 8.06231632e+03
1.11539155e+04 8.58166557e+03 8.06231632e+03
1.12339642e+04 8.66171426e+03 8.22241369e+03
1.12339642e+04 8.66171426e+03 8.22241369e+03
1.13140129e+04 8.74176294e+03 8.38251105e+03
1.13140129e+04 8.74176294e+03 8.38251105e+03
1.13940615e+04 8.82181163e+03 8.54260842e+03
1.13940615e+04 8.82181163e+03 8.54260842e+03
1.14741102e+04 8.90186031e+03 8.70270579e+03
1.73065577e+04 1.42228996e+04 5.47594814e+03
1.72265091e+04 1.40628022e+04 5.55599683e+03
1.72265091e+04 1.40628022e+04 5.55599683e+03
1.71464604e+04 1.39027048e+04 5.63604551e+03
1.71464604e+04 1.39027048e+04 5.63604551e+03
1.70664117e+04 1.37426075e+04 5.71609419e+03
1.70664117e+04 1.37426075e+04 5.71609419e+03
1.69863630e+04 1.35825101e+04 5.79614288e+03
1.69863630e+04 1.35825101e+04 5.79614288e+03
1.70664117e+04 1.34224127e+04 5.71609419e+03
1.70664117e+04 1.34224127e+04 5.71609419e+03
1.71464604e+04 1.32623154e+04 5.63604551e+03
1.71464604e+04 1.32623154e+04 5.63604551e+03
1.72265091e+04 1.31022180e+04 5.55599683e+03
1.72265091e+04 1.31022180e+04 5.55599683e+03
1.73065577e+04 1.29421206e+04 5.47594814e+03
1.73065577e+04 1.29421206e+04 5.47594814e+03
1.73866064e+04 1.31022180e+04 5.39589946e+03
1.73866064e+04 1.31022180e+04 5.39589946e+03
1.74666551e+04 1.32623154e+04 5.31585077e+03
1.74666551e+04 1.32623154e+04 5.31585077e+03
1.75467038e+04 1.34224127e+04 5.23580209e+03
1.75467038e+04 1.34224127e+04 5.23580209e+03
1.76267525e+04 1.35825101e+04 5.15575340e+03
1.76267525e+04 1.35825101e+04 5.15575340e+03
1.75467038e+04 1.37426075e+04 5.23580209e+03
1.75467038e+04 1.37426075e+04 5.23580209e+03
1.74666551e+04 1.39027048e+04 5.31585077e+03
1.74666551e+04 1.39027048e+04 5.31585077e+03
1.73866064e+04 1.40628022e+04 5.39589946e+03
1.73866064e+04 1.40628022e+04 5.39589946e+03
1.73065577e+04 1.42228996e+04 5.47594814e+03
1.26353394e+03 3.25419119e+03 1.82682891e+04
1.18348526e+03 3.41428856e+03 1.81882404e+04
1.18348526e+03 3.41428856e+03 1.81882404e+04
1.10343658e+03 3.57438592e+03 1.81081917e+04
1.10343658e+03 3.57438592e+03 1.81081917e+04
1.02338789e+03 3.73448329e+03 1.80281431e+04
1.02338789e+03 3.73448329e+03 1.80281431e+04
9.43339207e+02 3.89458066e+03 1.79480944e+04
9.43339207e+02 3.89458066e+03 1.79480944e+04
1.02338789e+03 4.05467803e+03 1.80281431e+04
1.02338789e+03 4.05467803e+03 1.80281431e+04
1.10343658e+03 4.21477540e+03 1.81081917e+04
1.10343658e+03 4.21477540e+03 1.81081917e+04
1.18348526e+03 4.37487277e+03 1.81882404e+04
1.18348526e+03 4.37487277e+03 1.81882404e+04
1.26353394e+03 4.53497014e+03 1.82682891e+04
1.26353394e+03 4.53497014e+03 1.82682891e+04
1.34358263e+03 4.37487277e+03 1.83483378e+04
1.34358263e+03 4.37487277e+03 1.83483378e+04
1.42363131e+03 4.21477540e+03 1.84283865e+04
1.42363131e+03 4.21477540e+03 1.84283865e+04
1.50368000e+03 4.05467803e+03 1.85084352e+04
1.50368000e+03 4.05467803e+03 1.85084352e+04
1.58372868e+03 3.89458066e+03 1.85884838e+04
1.58372868e+03 3.89458066e+03 1.85884838e+04
1.50368000e+03 3.73448329e+03 1.85084352e+04
1.50368000e+03 3.73448329e+03 1.85084352e+04
1.42363131e+03 3.57438592e+03 1.84283865e+04
1.42363131e+03 3.57438592e+03 1.84283865e+04
1.34358263e+03 3.41428856e+03 1.83483378e+04
1.34358263e+03 3.41428856e+03 1.83483378e+04
1.26353394e+03 3.25419119e+03 1.82682891e+04
1.61128177e+04 1.87202889e+04 1.02457546e+03
1.62729151e+04 1.86402402e+04 1.10462414e+03
1.62729151e+04 1.86402402e+04 1.10462414e+03
1.64330125e+04 1.85601915e+04 1.18467282e+03
1.64330125e+04 1.85601915e+04 1.18467282e+03
1.65931098e+04 1.84801429e+04 1.26472151e+03
1.65931098e+04 1.84801429e+04 1.26472151e+03
1.67532072e+04 1.84000942e+04 1.34477019e+03
1.67532072e+04 1.84000942e+04 1.34477019e+03
1.69133046e+04 1.84801429e+04 1.26472151e+03
1.69133046e+04 1.84801429e+04 1.26472151e+03
1.70734019e+04 1.85601915e+04 1.18467282e+03
1.70734019e+04 1.85601915e+04 1.18467282e+03
1.72334993e+04 1.86402402e+04 1.10462414e+03
1.72334993e+04 1.86402402e+04 1.10462414e+03
1.73935967e+04 1.87202889e+04 1.02457546e+03
1.73935967e+04 1.87202889e+04 1.02457546e+03
1.72334993e+04 1.88003376e+04 9.44526771e+02
1.72334993e+04 1.88003376e+04 9.44526771e+02
1.70734019e+04 1.88803863e+04 8.64478087e+02
1.70734019e+04 1.88803863e+04 8.64478087e+02
1.69133046e+04 1.89604350e+04 7.84429403e+02
1.69133046e+04 1.89604350e+04 7.84429403e+02
1.67532072e+04 1.90404837e+04 7.04380718e+02
1.67532072e+04 1.90404837e+04 7.04380718e+02
1.65931098e+04 1.89604350e+04 7.84429403e+02
1.65931098e+04 1.89604350e+04 7.84429403e+02
1.64330125e+04 1.88803863e+04 8.64478087e+02
1.64330125e+04 1.88803863e+04 8.64478087e+02
1.62729151e+04 1.88003376e+04 9.44526771e+02
1.62729151e+04 1.88003376e+04 9.44526771e+02
1.61128177e+04 1.87202889e+04 1.02457546e+03
1.20025793e+04 9.42149542e+03 4.25666254e+02
1.18424819e+04 9.34144674e+03 3.45617570e+02
1.18424819e+04 9.34144674e+03 3.45617570e+02
1.16823846e+04 9.26139806e+03 2.65568886e+02
1.16823846e+04 9.26139806e+03 2.65568886e+02
1.15222872e+04 9.18134937e+03 1.85520201e+02
1.15222872e+04 9.18134937e+03 1.85520201e+02
1.13621898e+04 9.10130069e+03 1.05471517e+02
1.13621898e+04 9.10130069e+03 1.05471517e+02
1.12020924e+04 9.18134937e+03 1.85520201e+02
1.12020924e+04 9.18134937e+03 1.85520201e+02
1.10419951e+04 9.26139806e+03 2.65568886e+02
1.10419951e+04 9.26139806e+03 2.65568886e+02
1.08818977e+04 9.34144674e+03 3.45617570e+02
1.08818977e+04 9.34144674e+03 3.45617570e+02
1.07218003e+04 9.42149542e+03 4.25666254e+02
1.07218003e+04 9.42149542e+03 4.25666254e+02
1.08818977e+04 9.50154411e+03 5.05714939e+02
1.08818977e+04 9.50154411e+03 5.05714939e+02
1.10419951e+04 9.58159279e+03 5.85763623e+02
1.10419951e+04 9.58159279e+03 5.85763623e+02
1.12020924e+04 9.66164148e+03 6.65812308e+02
1.12020924e+04 9.66164148e+03 6.65812308e+02
1.13621898e+04 9.74169016e+03 7.45860992e+02
1.13621898e+04 9.74169016e+03 7.45860992e+02
1.15222872e+04 9.66164148e+03 6.65812308e+02
1.15222872e+04 9.66164148e+03 6.65812308e+02
1.16823846e+04 9.58159279e+03 5.85763623e+02
1.16823846e+04 9.58159279e+03 5.85763623e+02
1.18424819e+04 9.50154411e+03 5.05714939e+02
1.18424819e+04 9.50154411e+03 5.05714939e+02
1.20025793e+04 9.42149542e+03 4.25666254e+02
7.32589145e+03 8.11944708e+03 1.12009288e+04
7.40594013e+03 8.03939840e+03 1.13610262e+04
7.40594013e+03 8.03939840e+03 1.13610262e+04
7.48598881e+03 7.95934971e+03 1.15211236e+04
7.48598881e+03 7.95934971e+03 1.15211236e+04
7.56603750e+03 7.87930103e+03 1.16812209e+04
7.56603750e+03 7.87930103e+03 1.16812209e+04
7.64608618e+03 7.79925234e+03 1.18413183e+04
7.64608618e+03 7.79925234e+03 1.18413183e+04
7.56603750e+03 7.87930103e+03 1.20014157e+04
7.56603750e+03 7.87930103e+03 1.20014157e+04
7.48598881e+03 7.95934971e+03 1.21615130e+04
7.48598881e+03 7.95934971e+03 1.21615130e+04
7.40594013e+03 8.03939840e+03 1.23216104e+04
7.40594013e+03 8.03939840e+03 1.23216104e+04
7.32589145e+03 8.11944708e+03 1.24817078e+04
7.32589145e+03 8.11944708e+03 1.24817078e+04
7.24584276e+03 8.19949577e+03 1.23216104e+04
7.24584276e+03 8.19949577e+03 1.23216104e+04
7.16579408e+03 8.27954445e+03 1.21615130e+04
7.16579408e+03 8.27954445e+03 1.21615130e+04
7.08574539e+03 8.35959314e+03 1.20014157e+04
7.08574539e+03 8.35959314e+03 1.20014157e+04
7.00569671e+03 8.43964182e+03 1.18413183e+04
7.00569671e+03 8.43964182e+03 1.18413183e+04
7.08574539e+03 8.35959314e+03 1.16812209e+04
7.08574539e+03 8.35959314e+03 1.16812209e+04
7.16579408e+03 8.27954445e+03 1.15211236e+04
7.16579408e+03 8.27954445e+03 1.15211236e+04
7.24584276e+03 8.19949577e+03 1.13610262e+04
7.24584276e+03 8.19949577e+03 1.13610262e+04
7.32589145e+03 8.11944708e+03 1.12009288e+04
1.31715437e+04 1.64483471e+04 1.59252171e+04
1.32515924e+04 1.65283958e+04 1.57651197e+04
1.32515924e+04 1.65283958e+04 1.57651197e+04
1.33316410e+04 1.66084444e+04 1.56050224e+04
1.33316410e+04 1.66084444e+04 1.56050224e+04
1.34116897e+04 1.66884931e+04 1.54449250e+04
1.34116897e+04 1.66884931e+04 1.54449250e+04
1.34917384e+04 1.67685418e+04 1.52848276e+04
1.34917384e+04 1.67685418e+04 1.52848276e+04
1.34116897e+04 1.66884931e+04 1.51247302e+04
1.34116897e+04 1.66884931e+04 1.51247302e+04
1.33316410e+04 1.66084444e+04 1.49646329e+04
1.33316410e+04 1.66084444e+04 1.49646329e+04
1.32515924e+04 1.65283958e+04 1.48045355e+04
1.32515924e+04 1.65283958e+04 1.48045355e+04
1.31715437e+04 1.64483471e+04 1.46444381e+04
1.31715437e+04 1.64483471e+04 1.46444381e+04
1.30914950e+04 1.63682984e+04 1.48045355e+04
1.30914950e+04 1.63682984e+04 1.48045355e+04
1.30114463e+04 1.62882497e+04 1.49646329e+04
1.30114463e+04 1.62882497e+04 1.49646329e+04
1.29313976e+04 1.62082010e+04 1.51247302e+04
1.29313976e+04 1.62082010e+04 1.51247302e+04
1.28513489e+04 1.61281523e+04 1.52848276e+04
1.28513489e+04 1.61281523e+04 1.52848276e+04
1.29313976e+04 1.62082010e+04 1.54449250e+04
1.29313976e+04 1.62082010e+04 1.54449250e+04
1.30114463e+04 1.62882497e+04 1.56050224e+04
1.30114463e+04 1.62882497e+04 1.56050224e+04
1.30914950e+04 1.63682984e+04 1.57651197e+04
1.30914950e+04 1.63682984e+04 1.57651197e+04
1.31715437e+04 1.64483471e+04 1.59252171e+04
7.85688322e+03 1.62193940e+04 1.75122414e+04
7.77683453e+03 1.60592966e+04 1.75922901e+04
7.77683453e+03 1.60592966e+04 1.75922901e+04
7.69678585e+03 1.58991993e+04 1.76723387e+04
7.69678585e+03 1.58991993e+04 1.76723387e+04
7.61673716e+03 1.57391019e+04 1.77523874e+04
7.61673716e+03 1.57391019e+04 1.77523874e+04
7.53668848e+03 1.55790045e+04 1.78324361e+04
7.53668848e+03 1.55790045e+04 1.78324361e+04
7.61673716e+03 1.54189072e+04 1.77523874e+04
7.61673716e+03 1.54189072e+04 1.77523874e+04
7.69678585e+03 1.52588098e+04 1.76723387e+04
7.69678585e+03 1.52588098e+04 1.76723387e+04
7.77683453e+03 1.50987124e+04 1.75922901e+04
7.77683453e+03 1.50987124e+04 1.75922901e+04
7.85688322e+03 1.49386151e+04 1.75122414e+04
7.85688322e+03 1.49386151e+04 1.75122414e+04
7.93693190e+03 1.50987124e+04 1.74321927e+04
7.93693190e+03 1.50987124e+04 1.74321927e+04
8.01698059e+03 1.52588098e+04 1.73521440e+04
8.01698059e+03 1.52588098e+04 1.73521440e+04
8.09702927e+03 1.54189072e+04 1.72720953e+04
8.09702927e+03 1.54189072e+04 1.72720953e+04
8.17707795e+03 1.55790045e+04 1.71920466e+04
8.17707795e+03 1.55790045e+04 1.71920466e+04
8.09702927e+03 1.57391019e+04 1.72720953e+04
8.09702927e+03 1.57391019e+04 1.72720953e+04
8.01698059e+03 1.58991993e+04 1.73521440e+04
8.01698059e+03 1.58991993e+04 1.73521440e+04
7.93693190e+03 1.60592966e+04 1.74321927e+04
7.93693190e+03 1.60592966e+04 1.74321927e+04
7.85688322e+03 1.62193940e+04 1.75122414e+04
5.14685668e+03 1.87556303e+04 1.67315117e+04
5.06680800e+03 1.89157276e+04 1.66514631e+04
5.06680800e+03 1.89157276e+04 1.66514631e+04
4.98675931e+03 1.90758250e+04 1.65714144e+04
4.98675931e+03 1.90758250e+04 1.65714144e+04
4.90671063e+03 1.92359224e+04 1.64913657e+04
4.90671063e+03 1.92359224e+04 1.64913657e+04
4.82666195e+03 1.93960198e+04 1.64113170e+04
4.82666195e+03 1.93960198e+04 1.64113170e+04
4.90671063e+03 1.95561171e+04 1.64913657e+04
4.90671063e+03 1.95561171e+04 1.64913657e+04
4.98675931e+03 1.97162145e+04 1.65714144e+04
4.98675931e+03 1.08371353e+02 1.65714144e+04
5.06680800e+03 2.68468722e+02 1.66514631e+04
5.06680800e+03 2.68468722e+02 1.66514631e+04
5.14685668e+03 4.28566090e+02 1.67315117e+04
5.14685668e+03 4.28566090e+02 1.67315117e+04
5.22690537e+03 2.68468722e+02 1.68115604e+04
5.22690537e+03 2.68468722e+02 1.68115604e+04
5.30695405e+03 1.08371353e+02 1.68916091e+04
5.30695405e+03 1.08371353e+02 1.68916091e+04
5.38700274e+03 -5.17260159e+01 1.69716578e+04
5.38700274e+03 1.95561171e+04 1.69716578e+04
5.46705142e+03 1.93960198e+04 1.70517065e+04
5.46705142e+03 1.93960198e+04 1.70517065e+04
5.38700274e+03 1.92359224e+04 1.69716578e+04
5.38700274e+03 1.92359224e+04 1.69716578e+04
5.30695405e+03 1.90758250e+04 1.68916091e+04
5.30695405e+03 1.90758250e+04 1.68916091e+04
5.22690537e+03 1.89157276e+04 1.68115604e+04
5.22690537e+03 1.89157276e+04 1.68115604e+04
5.14685668e+03 1.87556303e+04 1.67315117e+04
1.37022999e+04 6.97187499e+03 1.73194018e+04
1.38623972e+04 6.89182631e+03 1.73994505e+04
1.38623972e+04 6.89182631e+03 1.73994505e+04
1.40224946e+04 6.81177763e+03 1.74794991e+04
1.40224946e+04 6.81177763e+03 1.74794991e+04
1.41825920e+04 6.73172894e+03 1.75595478e+04
1.41825920e+04 6.73172894e+03 1.75595478e+04
1.43426893e+04 6.65168026e+03 1.76395965e+04
1.43426893e+04 6.65168026e+03 1.76395965e+04
1.45027867e+04 6.73172894e+03 1.75595478e+04
1.45027867e+04 6.73172894e+03 1.75595478e+04
1.46628841e+04 6.81177763e+03 1.74794991e+04
1.46628841e+04 6.81177763e+03 1.74794991e+04
1.48229814e+04 6.89182631e+03 1.73994505e+04
1.48229814e+04 6.89182631e+03 1.73994505e+04
1.49830788e+04 6.97187499e+03 1.73194018e+04
1.49830788e+04 6.97187499e+03 1.73194018e+04
1.48229814e+04 7.05192368e+03 1.72393531e+04
1.48229814e+04 7.05192368e+03 1.72393531e+04
1.46628841e+04 7.13197236e+03 1.71593044e+04
1.46628841e+04 7.13197236e+03 1.71593044e+04
1.45027867e+04 7.21202105e+03 1.70792557e+04
1.45027867e+04 7.21202105e+03 1.70792557e+04
1.43426893e+04 7.29206973e+03 1.69992070e+04
1.43426893e+04 7.29206973e+03 1.69992070e+04
1.41825920e+04 7.21202105e+03 1.70792557e+04
1.41825920e+04 7.21202105e+03 1.70792557e+04
1.40224946e+04 7.13197236e+03 1.71593044e+04
1.40224946e+04 7.13197236e+03 1.71593044e+04
1.38623972e+04 7.05192368e+03 1.72393531e+04
1.38623972e+04 7.05192368e+03 1.72393531e+04
1.37022999e+04 6.97187499e+03 1.73194018e+04
1.76591952e+04 1.87405185e+04 2.10306901e+00
1.74990978e+04 1.86604699e+04 -7.79456154e+01
1.74990978e+04 1.86604699e+04 1.95298975e+04
1.73390004e+04 1.85804212e+04 1.94498488e+04
1.73390004e+04 1.85804212e+04 1.94498488e+04
1.71789031e+04 1.85003725e+04 1.93698002e+04
1.71789031e+04 1.85003725e+04 1.93698002e+04
1.70188057e+04 1.84203238e+04 1.92897515e+04
1.70188057e+04 1.84203238e+04 1.92897515e+04
1.68587083e+04 1.85003725e+04 1.93698002e+04
1.68587083e+04 1.85003725e+04 1.93698002e+04
1.66986110e+04 1.85804212e+04 1.94498488e+04
1.66986110e+04 1.85804212e+04 1.94498488e+04
1.65385136e+04 1.86604699e+04 1.95298975e+04
1.65385136e+04 1.86604699e+04 1.95298975e+04
1.63784162e+04 1.87405185e+04 1.96099462e+04
1.63784162e+04 1.87405185e+04 2.10306901e+00
1.65385136e+04 1.88205672e+04 8.21517534e+01
1.65385136e+04 1.88205672e+04 8.21517534e+01
1.66986110e+04 1.89006159e+04 1.62200438e+02
1.66986110e+04 1.89006159e+04 1.62200438e+02
1.68587083e+04 1.89806646e+04 2.42249122e+02
1.68587083e+04 1.89806646e+04 2.42249122e+02
1.70188057e+04 1.90607133e+04 3.22297807e+02
1.70188057e+04 1.90607133e+04 3.22297807e+02
1.71789031e+04 1.89806646e+04 2.42249122e+02
1.71789031e+04 1.89806646e+04 2.42249122e+02
1.73390004e+04 1.89006159e+04 1.62200438e+02
1.73390004e+04 1.89006159e+04 1.62200438e+02
1.74990978e+04 1.88205672e+04 8.21517534e+01
1.74990978e+04 1.88205672e+04 8.21517534e+01
1.76591952e+04 1.87405185e+04 2.10306901e+00
3.24334155e+02 6.15823642e+03 1.88756139e+04
4.04382840e+02 6.07818773e+03 1.90357113e+04
4.04382840e+02 6.07818773e+03 1.90357113e+04
4.84431524e+02 5.99813905e+03 1.91958087e+04
4.84431524e+02 5.99813905e+03 1.91958087e+04
5.64480208e+02 5.91809036e+03 1.93559061e+04
5.64480208e+02 5.91809036e+03 1.93559061e+04
6.44528893e+02 5.83804168e+03 1.95160034e+04
6.44528893e+02 5.83804168e+03 1.95160034e+04
5.64480208e+02 5.91809036e+03 1.96761008e+04
5.64480208e+02 5.91809036e+03 6.82576549e+01
4.84431524e+02 5.99813905e+03 2.28355024e+02
4.84431524e+02 5.99813905e+03 2.28355024e+02
4.04382840e+02 6.07818773e+03 3.88452393e+02
4.04382840e+02 6.07818773e+03 3.88452393e+02
3.24334155e+02 6.15823642e+03 5.48549761e+02
3.24334155e+02 6.15823642e+03 5.48549761e+02
2.44285471e+02 6.23828510e+03 3.88452393e+02
2.44285471e+02 6.23828510e+03 3.88452393e+02
1.64236786e+02 6.31833379e+03 2.28355024e+02
1.64236786e+02 6.31833379e+03 2.28355024e+02
8.41881021e+01 6.39838247e+03 6.82576549e+01
8.41881021e+01 6.39838247e+03 6.82576549e+01
4.13941766e+00 6.47843115e+03 -9.18397139e+01
4.13941766e+00 6.47843115e+03 1.95160034e+04
8.41881021e+01 6.39838247e+03 1.93559061e+04
8.41881021e+01 6.39838247e+03 1.93559061e+04
1.64236786e+02 6.31833379e+03 1.91958087e+04
1.64236786e+02 6.31833379e+03 1.91958087e+04
2.44285471e+02 6.23828510e+03 1.90357113e+04
2.44285471e+02 6.23828510e+03 1.90357113e+04
3.24334155e+02 6.15823642e+03 1.88756139e+04
2.91851418e+03 3.28190429e+03 1.55143510e+04
2.99856286e+03 3.36195297e+03 1.53542536e+04
2.99856286e+03 3.36195297e+03 1.53542536e+04
3.07861155e+03 3.44200166e+03 1.51941562e+04
3.07861155e+03 3.44200166e+03 1.51941562e+04
3.15866023e+03 3.52205034e+03 1.50340589e+04
3.15866023e+03 3.52205034e+03 1.50340589e+04
3.23870892e+03 3.60209903e+03 1.48739615e+04
3.23870892e+03 3.60209903e+03 1.48739615e+04
3.15866023e+03 3.52205034e+03 1.47138641e+04
3.15866023e+03 3.52205034e+03 1.47138641e+04
3.07861155e+03 3.44200166e+03 1.45537668e+04
3.07861155e+03 3.44200166e+03 1.45537668e+04
2.99856286e+03 3.36195297e+03 1.43936694e+04
2.99856286e+03 3.36195297e+03 1.43936694e+04
2.91851418e+03 3.28190429e+03 1.42335720e+04
2.91851418e+03 3.28190429e+03 1.42335720e+04
2.83846550e+03 3.20185560e+03 1.43936694e+04
2.83846550e+03 3.20185560e+03 1.43936694e+04
2.75841681e+03 3.12180692e+03 1.45537668e+04
2.75841681e+03 3.12180692e+03 1.45537668e+04
2.67836813e+03 3.04175824e+03 1.47138641e+04
2.67836813e+03 3.04175824e+03 1.47138641e+04
2.59831944e+03 2.96170955e+03 1.48739615e+04
2.59831944e+03 2.96170955e+03 1.48739615e+04
2.67836813e+03 3.04175824e+03 1.50340589e+04
2.67836813e+03 3.04175824e+03 1.50340589e+04
2.75841681e+03 3.12180692e+03 1.51941562e+04
2.75841681e+03 3.12180692e+03 1.51941562e+04
2.83846550e+03 3.20185560e+03 1.53542536e+04
2.83846550e+03 3.20185560e+03 1.53542536e+04
2.91851418e+03 3.28190429e+03 1.55143510e+04
1.36332679e+03 1.44732020e+04 9.19931925e+03
1.28327810e+03 1.43131046e+04 9.27936793e+03
1.28327810e+03 1.43131046e+04 9.27936793e+03
1.20322942e+03 1.41530073e+04 9.35941662e+03
1.20322942e+03 1.41530073e+04 9.35941662e+03
1.12318073e+03 1.39929099e+04 9.43946530e+03
1.12318073e+03 1.39929099e+04 9.43946530e+03
1.04313205e+03 1.38328125e+04 9.51951399e+03
1.04313205e+03 1.38328125e+04 9.51951399e+03
1.12318073e+03 1.36727152e+04 9.43946530e+03
1.12318073e+03 1.36727152e+04 9.43946530e+03
1.20322942e+03 1.35126178e+04 9.35941662e+03
1.20322942e+03 1.35126178e+04 9.35941662e+03
1.28327810e+03 1.33525204e+04 9.27936793e+03
1.28327810e+03 1.33525204e+04 9.27936793e+03
1.36332679e+03 1.31924230e+04 9.19931925e+03
1.36332679e+03 1.31924230e+04 9.19931925e+03
1.44337547e+03 1.33525204e+04 9.11927057e+03
1.44337547e+03 1.33525204e+04 9.11927057e+03
1.52342416e+03 1.35126178e+04 9.03922188e+03
1.52342416e+03 1.35126178e+04 9.03922188e+03
1.60347284e+03 1.36727152e+04 8.95917320e+03
1.60347284e+03 1.36727152e+04 8.95917320e+03
1.68352152e+03 1.38328125e+04 8.87912451e+03
1.68352152e+03 1.38328125e+04 8.87912451e+03
1.60347284e+03 1.39929099e+04 8.95917320e+03
1.60347284e+03 1.39929099e+04 8.95917320e+03
1.52342416e+03 1.41530073e+04 9.03922188e+03
1.52342416e+03 1.41530073e+04 9.03922188e+03
1.44337547e+03 1.43131046e+04 9.11927057e+03
1.44337547e+03 1.43131046e+04 9.11927057e+03
1.36332679e+03 1.44732020e+04 9.19931925e+03
1.99768944e+02 1.45522353e+04 1.55725688e+04
1.19720259e+02 1.47123327e+04 1.54925201e+04
1.19720259e+02 1.47123327e+04 1.54925201e+04
3.96715748e+01 1.48724300e+04 1.54124714e+04
3.96715748e+01 1.48724300e+04 1.54124714e+04
-4.03771096e+01 1.50325274e+04 1.53324227e+04
1.95674660e+04 1.50325274e+04 1.53324227e+04
1.94874173e+04 1.51926248e+04 1.52523741e+04
1.94874173e+04 1.51926248e+04 1.52523741e+04
1.95674660e+04 1.53527221e+04 1.53324227e+04
1.95674660e+04 1.53527221e+04 1.53324227e+04
1.96475147e+04 1.55128195e+04 1.54124714e+04
3.96715748e+01 1.55128195e+04 1.54124714e+04
1.19720259e+02 1.56729169e+04 1.54925201e+04
1.19720259e+02 1.56729169e+04 1.54925201e+04
1.99768944e+02 1.58330142e+04 1.55725688e+04
1.99768944e+02 1.58330142e+04 1.55725688e+04
2.79817628e+02 1.56729169e+04 1.56526175e+04
2.79817628e+02 1.56729169e+04 1.56526175e+04
3.59866312e+02 1.55128195e+04 1.57326662e+04
3.59866312e+02 1.55128195e+04 1.57326662e+04
4.39914997e+02 1.53527221e+04 1.58127148e+04
4.39914997e+02 1.53527221e+04 1.58127148e+04
5.19963681e+02 1.51926248e+04 1.58927635e+04
5.19963681e+02 1.51926248e+04 1.58927635e+04
4.39914997e+02 1.50325274e+04 1.58127148e+04
4.39914997e+02 1.50325274e+04 1.58127148e+04
3.59866312e+02 1.48724300e+04 1.57326662e+04
3.59866312e+02 1.48724300e+04 1.57326662e+04
2.79817628e+02 1.47123327e+04 1.56526175e+04
2.79817628e+02 1.47123327e+04 1.56526175e+04
1.99768944e+02 1.45522353e+04 1.55725688e+04
2.29234487e+03 4.64777094e+02 1.49424269e+04
2.45244224e+03 3.84728410e+02 1.50224756e+04
2.45244224e+03 3.84728410e+02 1.50224756e+04
2.61253961e+03 3.04679725e+02 1.51025242e+04
2.61253961e+03 3.04679725e+02 1.51025242e+04
2.77263698e+03 2.24631041e+02 1.51825729e+04
2.77263698e+03 2.24631041e+02 1.51825729e+04
2.93273435e+03 1.44582356e+02 1.52626216e+04
2.93273435e+03 1.44582356e+02 1.52626216e+04
3.09283172e+03 2.24631041e+02 1.51825729e+04
3.09283172e+03 2.24631041e+02 1.51825729e+04
3.25292909e+03 3.04679725e+02 1.51025242e+04
3.25292909e+03 3.04679725e+02 1.51025242e+04
3.41302645e+03 3.84728410e+02 1.50224756e+04
3.41302645e+03 3.84728410e+02 1.50224756e+04
3.57312382e+03 4.64777094e+02 1.49424269e+04
3.57312382e+03 4.64777094e+02 1.49424269e+04
3.41302645e+03 5.44825778e+02 1.48623782e+04
3.41302645e+03 5.44825778e+02 1.48623782e+04
3.25292909e+03 6.24874463e+02 1.47823295e+04
3.25292909e+03 6.24874463e+02 1.47823295e+04
3.09283172e+03 7.04923147e+02 1.47022808e+04
3.09283172e+03 7.04923147e+02 1.47022808e+04
2.93273435e+03 7.84971832e+02 1.46222321e+04
2.93273435e+03 7.84971832e+02 1.46222321e+04
2.77263698e+03 7.04923147e+02 1.47022808e+04
2.77263698e+03 7.04923147e+02 1.47022808e+04
2.61253961e+03 6.24874463e+02 1.47823295e+04
2.61253961e+03 6.24874463e+02 1.47823295e+04
2.45244224e+03 5.44825778e+02 1.48623782e+04
2.45244224e+03 5.44825778e+02 1.48623782e+04
2.29234487e+03 4.64777094e+02 1.49424269e+04
5.02607928e+03 5.14067447e+03 8.95822554e+03
4.86598191e+03 5.06062578e+03 8.87817686e+03
4.86598191e+03 5.06062578e+03 8.87817686e+03
4.70588454e+03 4.98057710e+03 8.79812818e+03
4.70588454e+03 4.98057710e+03 8.79812818e+03
4.54578717e+03 4.90052841e+03 8.71807949e+03
4.54578717e+03 4.90052841e+03 8.71807949e+03
4.38568980e+03 4.82047973e+03 8.63803081e+03
4.38568980e+03 4.82047973e+03 8.63803081e+03
4.22559243e+03 4.90052841e+03 8.71807949e+03
4.22559243e+03 4.90052841e+03 8.71807949e+03
4.06549506e+03 4.98057710e+03 8.79812818e+03
4.06549506e+03 4.98057710e+03 8.79812818e+03
3.90539770e+03 5.06062578e+03 8.87817686e+03
3.90539770e+03 5.06062578e+03 8.87817686e+03
3.74530033e+03 5.14067447e+03 8.95822554e+03
3.74530033e+03 5.14067447e+03 8.95822554e+03
3.90539770e+03 5.22072315e+03 9.03827423e+03
3.90539770e+03 5.22072315e+03 9.03827423e+03
4.06549506e+03 5.30077183e+03 9.11832291e+03
4.06549506e+03 5.30077183e+03 9.11832291e+03
4.22559243e+03 5.38082052e+03 9.19837160e+03
4.22559243e+03 5.38082052e+03 9.19837160e+03
4.38568980e+03 5.46086920e+03 9.27842028e+03
4.38568980e+03 5.46086920e+03 9.27842028e+03
4.54578717e+03 5.38082052e+03 9.19837160e+03
4.54578717e+03 5.38082052e+03 9.19837160e+03
4.70588454e+03 5.30077183e+03 9.11832291e+03
4.70588454e+03 5.30077183e+03 9.11832291e+03
4.86598191e+03 5.22072315e+03 9.03827423e+03
4.86598191e+03 5.22072315e+03 9.03827423e+03
5.02607928e+03 5.14067447e+03 8.95822554e+03
4.90052781e+03 1.11428149e+04 1.59663360e+04
4.98057650e+03 1.10627662e+04 1.61264333e+04
4.98057650e+03 1.10627662e+04 1.61264333e+04
5.06062518e+03 1.09827176e+04 1.62865307e+04
5.06062518e+03 1.09827176e+04 1.62865307e+04
5.14067387e+03 1.09026689e+04 1.64466281e+04
5.14067387e+03 1.09026689e+04 1.64466281e+04
5.22072255e+03 1.08226202e+04 1.66067254e+04
5.22072255e+03 1.08226202e+04 1.66067254e+04
5.14067387e+03 1.09026689e+04 1.67668228e+04
5.14067387e+03 1.09026689e+04 1.67668228e+04
5.06062518e+03 1.09827176e+04 1.69269202e+04
5.06062518e+03 1.09827176e+04 1.69269202e+04
4.98057650e+03 1.10627662e+04 1.70870175e+04
4.98057650e+03 1.10627662e+04 1.70870175e+04
4.90052781e+03 1.11428149e+04 1.72471149e+04
4.90052781e+03 1.11428149e+04 1.72471149e+04
4.82047913e+03 1.12228636e+04 1.70870175e+04
4.82047913e+03 1.12228636e+04 1.70870175e+04
4.74043045e+03 1.13029123e+04 1.69269202e+04
4.74043045e+03 1.13029123e+04 1.69269202e+04
4.66038176e+03 1.13829610e+04 1.67668228e+04
4.66038176e+03 1.13829610e+04 1.67668228e+04
4.58033308e+03 1.14630097e+04 1.66067254e+04
4.58033308e+03 1.14630097e+04 1.66067254e+04
4.66038176e+03 1.13829610e+04 1.64466281e+04
4.66038176e+03 1.13829610e+04 1.64466281e+04
4.74043045e+03 1.13029123e+04 1.62865307e+04
4.74043045e+03 1.13029123e+04 1.62865307e+04
4.82047913e+03 1.12228636e+04 1.61264333e+04
4.82047913e+03 1.12228636e+04 1.61264333e+04
4.90052781e+03 1.11428149e+04 1.59663360e+04
7.41371641e+03 8.47970817e+03 1.69662557e+04
7.49376510e+03 8.55975685e+03 1.68061583e+04
7.49376510e+03 8.55975685e+03 1.68061583e+04
7.57381378e+03 8.63980553e+03 1.66460609e+04
7.57381378e+03 8.63980553e+03 1.66460609e+04
7.65386247e+03 8.71985422e+03 1.64859636e+04
7.65386247e+03 8.71985422e+03 1.64859636e+04
7.73391115e+03 8.79990290e+03 1.63258662e+04
7.73391115e+03 8.79990290e+03 1.63258662e+04
7.65386247e+03 8.71985422e+03 1.61657688e+04
7.65386247e+03 8.71985422e+03 1.61657688e+04
7.57381378e+03 8.63980553e+03 1.60056715e+04
7.57381378e+03 8.63980553e+03 1.60056715e+04
7.49376510e+03 8.55975685e+03 1.58455741e+04
7.49376510e+03 8.55975685e+03 1.58455741e+04
7.41371641e+03 8.47970817e+03 1.56854767e+04
7.41371641e+03 8.47970817e+03 1.56854767e+04
7.33366773e+03 8.39965948e+03 1.58455741e+04
7.33366773e+03 8.39965948e+03 1.58455741e+04
7.25361904e+03 8.31961080e+03 1.60056715e+04
7.25361904e+03 8.31961080e+03 1.60056715e+04
7.17357036e+03 8.23956211e+03 1.61657688e+04
7.17357036e+03 8.23956211e+03 1.61657688e+04
7.09352167e+03 8.15951343e+03 1.63258662e+04
7.09352167e+03 8.15951343e+03 1.63258662e+04
7.17357036e+03 8.23956211e+03 1.64859636e+04
7.17357036e+03 8.23956211e+03 1.64859636e+04
7.25361904e+03 8.31961080e+03 1.66460609e+04
7.25361904e+03 8.31961080e+03 1.66460609e+04
7.33366773e+03 8.39965948e+03 1.68061583e+04
7.33366773e+03 8.39965948e+03 1.68061583e+04
7.41371641e+03 8.47970817e+03 1.69662557e+04
7.27709678e+03 1.43555167e+03 1.08759115e+04
7.19704809e+03 1.27545430e+03 1.09559602e+04
7.19704809e+03 1.27545430e+03 1.09559602e+04
7.11699941e+03 1.11535693e+03 1.10360089e+04
7.11699941e+03 1.11535693e+03 1.10360089e+04
7.03695073e+03 9.55259563e+02 1.11160575e+04
7.03695073e+03 9.55259563e+02 1.11160575e+04
6.95690204e+03 7.95162195e+02 1.11961062e+04
6.95690204e+03 7.95162195e+02 1.11961062e+04
7.03695073e+03 6.35064826e+02 1.11160575e+04
7.03695073e+03 6.35064826e+02 1.11160575e+04
7.11699941e+03 4.74967457e+02 1.10360089e+04
7.11699941e+03 4.74967457e+02 1.10360089e+04
7.19704809e+03 3.14870088e+02 1.09559602e+04
7.19704809e+03 3.14870088e+02 1.09559602e+04
7.27709678e+03 1.54772719e+02 1.08759115e+04
7.27709678e+03 1.54772719e+02 1.08759115e+04
7.35714546e+03 3.14870088e+02 1.07958628e+04
7.35714546e+03 3.14870088e+02 1.07958628e+04
7.43719415e+03 4.74967457e+02 1.07158141e+04
7.43719415e+03 4.74967457e+02 1.07158141e+04
7.51724283e+03 6.35064826e+02 1.06357654e+04
7.51724283e+03 6.35064826e+02 1.06357654e+04
7.59729152e+03 7.95162195e+02 1.05557168e+04
7.59729152e+03 7.95162195e+02 1.05557168e+04
7.51724283e+03 9.55259563e+02 1.06357654e+04
7.51724283e+03 9.55259563e+02 1.06357654e+04
7.43719415e+03 1.11535693e+03 1.07158141e+04
7.43719415e+03 1.11535693e+03 1.07158141e+04
7.35714546e+03 1.27545430e+03 1.07958628e+04
7.35714546e+03 1.27545430e+03 1.07958628e+04
7.27709678e+03 1.43555167e+03 1.08759115e+04
8.84796555e+03 1.35811983e+04 7.42059848e+03
8.76791686e+03 1.37412957e+04 7.34054979e+03
8.76791686e+03 1.37412957e+04 7.34054979e+03
8.68786818e+03 1.39013930e+04 7.26050111e+03
8.68786818e+03 1.39013930e+04 7.26050111e+03
8.60781949e+03 1.40614904e+04 7.18045242e+03
8.60781949e+03 1.40614904e+04 7.18045242e+03
8.52777081e+03 1.42215878e+04 7.10040374e+03
8.52777081e+03 1.42215878e+04 7.10040374e+03
8.60781949e+03 1.43816851e+04 7.18045242e+03
8.60781949e+03 1.43816851e+04 7.18045242e+03
8.68786818e+03 1.45417825e+04 7.26050111e+03
8.68786818e+03 1.45417825e+04 7.26050111e+03
8.76791686e+03 1.47018799e+04 7.34054979e+03
8.76791686e+03 1.47018799e+04 7.34054979e+03
8.84796555e+03 1.48619773e+04 7.42059848e+03
8.84796555e+03 1.48619773e+04 7.42059848e+03
8.92801423e+03 1.47018799e+04 7.50064716e+03
8.92801423e+03 1.47018799e+04 7.50064716e+03
9.00806291e+03 1.45417825e+04 7.58069585e+03
9.00806291e+03 1.45417825e+04 7.58069585e+03
9.08811160e+03 1.43816851e+04 7.66074453e+03
9.08811160e+03 1.43816851e+04 7.66074453e+03
9.16816028e+03 1.42215878e+04 7.74079321e+03
9.16816028e+03 1.42215878e+04 7.74079321e+03
9.08811160e+03 1.40614904e+04 7.66074453e+03
9.08811160e+03 1.40614904e+04 7.66074453e+03
9.00806291e+03 1.39013930e+04 7.58069585e+03
9.00806291e+03 1.39013930e+04 7.58069585e+03
8.92801423e+03 1.37412957e+04 7.50064716e+03
8.92801423e+03 1.37412957e+04 7.50064716e+03
8.84796555e+03 1.35811983e+04 7.42059848e+03
1.58431889e+04 9.20224889e+03 1.10322241e+04
1.60032862e+04 9.12220021e+03 1.11122728e+04
1.60032862e+04 9.12220021e+03 1.11122728e+04
1.61633836e+04 9.04215152e+03 1.11923215e+04
1.61633836e+04 9.04215152e+03 1.11923215e+04
1.63234810e+04 8.96210284e+03 1.12723702e+04
1.63234810e+04 8.96210284e+03 1.12723702e+04
1.64835783e+04 8.88205416e+03 1.13524188e+04
1.64835783e+04 8.88205416e+03 1.13524188e+04
1.66436757e+04 8.96210284e+03 1.12723702e+04
1.66436757e+04 8.96210284e+03 1.12723702e+04
1.68037731e+04 9.04215152e+03 1.11923215e+04
1.68037731e+04 9.04215152e+03 1.11923215e+04
1.69638705e+04 9.12220021e+03 1.11122728e+04
1.69638705e+04 9.12220021e+03 1.11122728e+04
1.71239678e+04 9.20224889e+03 1.10322241e+04
1.71239678e+04 9.20224889e+03 1.10322241e+04
1.69638705e+04 9.28229758e+03 1.09521754e+04
1.69638705e+04 9.28229758e+03 1.09521754e+04
1.68037731e+04 9.36234626e+03 1.08721267e+04
1.68037731e+04 9.36234626e+03 1.08721267e+04
1.66436757e+04 9.44239495e+03 1.07920780e+04
1.66436757e+04 9.44239495e+03 1.07920780e+04
1.64835783e+04 9.52244363e+03 1.07120294e+04
1.64835783e+04 9.52244363e+03 1.07120294e+04
1.63234810e+04 9.44239495e+03 1.07920780e+04
1.63234810e+04 9.44239495e+03 1.07920780e+04
1.61633836e+04 9.36234626e+03 1.08721267e+04
1.61633836e+04 9.36234626e+03 1.08721267e+04
1.60032862e+04 9.28229758e+03 1.09521754e+04
1.60032862e+04 9.28229758e+03 1.09521754e+04
1.58431889e+04 9.20224889e+03 1.10322241e+04
1.36050824e+04 9.06356603e+03 1.22281754e+04
1.34449850e+04 8.98351735e+03 1.21481267e+04
1.34449850e+04 8.98351735e+03 1.21481267e+04
1.32848877e+04 8.90346866e+03 1.20680780e+04
1.32848877e+04 8.90346866e+03 1.20680780e+04
1.31247903e+04 8.82341998e+03 1.19880293e+04
1.31247903e+04 8.82341998e+03 1.19880293e+04
1.29646929e+04 8.74337129e+03 1.19079807e+04
1.29646929e+04 8.74337129e+03 1.19079807e+04
1.28045956e+04 8.82341998e+03 1.19880293e+04
1.28045956e+04 8.82341998e+03 1.19880293e+04
1.26444982e+04 8.90346866e+03 1.20680780e+04
1.26444982e+04 8.90346866e+03 1.20680780e+04
1.24844008e+04 8.98351735e+03 1.21481267e+04
1.24844008e+04 8.98351735e+03 1.21481267e+04
1.23243035e+04 9.06356603e+03 1.22281754e+04
1.23243035e+04 9.06356603e+03 1.22281754e+04
1.24844008e+04 9.14361471e+03 1.23082241e+04
1.24844008e+04 9.14361471e+03 1.23082241e+04
1.26444982e+04 9.22366340e+03 1.23882728e+04
1.26444982e+04 9.22366340e+03 1.23882728e+04
1.28045956e+04 9.30371208e+03 1.24683215e+04
1.28045956e+04 9.30371208e+03 1.24683215e+04
1.29646929e+04 9.38376077e+03 1.25483701e+04
1.29646929e+04 9.38376077e+03 1.25483701e+04
1.31247903e+04 9.30371208e+03 1.24683215e+04
1.31247903e+04 9.30371208e+03 1.24683215e+04
1.32848877e+04 9.22366340e+03 1.23882728e+04
1.32848877e+04 9.22366340e+03 1.23882728e+04
1.34449850e+04 9.14361471e+03 1.23082241e+04
1.34449850e+04 9.14361471e+03 1.23082241e+04
1.36050824e+04 9.06356603e+03 1.22281754e+04
4.35060061e+03 1.43698650e+04 6.84357305e+03
4.43064930e+03 1.42898164e+04 7.00367042e+03
4.43064930e+03 1.42898164e+04 7.00367042e+03
4.51069798e+03 1.42097677e+04 7.16376779e+03
4.51069798e+03 1.42097677e+04 7.16376779e+03
4.59074666e+03 1.41297190e+04 7.32386515e+03
4.59074666e+03 1.41297190e+04 7.32386515e+03
4.67079535e+03 1.40496703e+04 7.48396252e+03
4.67079535e+03 1.40496703e+04 7.48396252e+03
4.59074666e+03 1.41297190e+04 7.64405989e+03
4.59074666e+03 1.41297190e+04 7.64405989e+03
4.51069798e+03 1.42097677e+04 7.80415726e+03
4.51069798e+03 1.42097677e+04 7.80415726e+03
4.43064930e+03 1.42898164e+04 7.96425463e+03
4.43064930e+03 1.42898164e+04 7.96425463e+03
4.35060061e+03 1.43698650e+04 8.12435200e+03
4.35060061e+03 1.43698650e+04 8.12435200e+03
4.27055193e+03 1.44499137e+04 7.96425463e+03
4.27055193e+03 1.44499137e+04 7.96425463e+03
4.19050324e+03 1.45299624e+04 7.80415726e+03
4.19050324e+03 1.45299624e+04 7.80415726e+03
4.11045456e+03 1.46100111e+04 7.64405989e+03
4.11045456e+03 1.46100111e+04 7.64405989e+03
4.03040587e+03 1.46900598e+04 7.48396252e+03
4.03040587e+03 1.46900598e+04 7.48396252e+03
4.11045456e+03 1.46100111e+04 7.32386515e+03
4.11045456e+03 1.46100111e+04 7.32386515e+03
4.19050324e+03 1.45299624e+04 7.16376779e+03
4.19050324e+03 1.45299624e+04 7.16376779e+03
4.27055193e+03 1.44499137e+04 7.00367042e+03
4.27055193e+03 1.44499137e+04 7.00367042e+03
4.35060061e+03 1.43698650e+04 6.84357305e+03
3.82028513e+03 5.31691715e+03 5.52715520e+03
3.90033382e+03 5.39696584e+03 5.36705783e+03
3.90033382e+03 5.39696584e+03 5.36705783e+03
3.98038250e+03 5.47701452e+03 5.20696046e+03
3.98038250e+03 5.47701452e+03 5.20696046e+03
4.06043119e+03 5.55706321e+03 5.04686309e+03
4.06043119e+03 5.55706321e+03 5.04686309e+03
4.14047987e+03 5.63711189e+03 4.88676572e+03
4.14047987e+03 5.63711189e+03 4.88676572e+03
4.06043119e+03 5.55706321e+03 4.72666836e+03
4.06043119e+03 5.55706321e+03 4.72666836e+03
3.98038250e+03 5.47701452e+03 4.56657099e+03
3.98038250e+03 5.47701452e+03 4.56657099e+03
3.90033382e+03 5.39696584e+03 4.40647362e+03
3.90033382e+03 5.39696584e+03 4.40647362e+03
3.82028513e+03 5.31691715e+03 4.24637625e+03
3.82028513e+03 5.31691715e+03 4.24637625e+03
3.74023645e+03 5.23686847e+03 4.40647362e+03
3.74023645e+03 5.23686847e+03 4.40647362e+03
3.66018776e+03 5.15681978e+03 4.56657099e+03
3.66018776e+03 5.15681978e+03 4.56657099e+03
3.58013908e+03 5.07677110e+03 4.72666836e+03
3.58013908e+03 5.07677110e+03 4.72666836e+03
3.50009040e+03 4.99672242e+03 4.88676572e+03
3.50009040e+03 4.99672242e+03 4.88676572e+03
3.58013908e+03 5.07677110e+03 5.04686309e+03
3.58013908e+03 5.07677110e+03 5.04686309e+03
3.66018776e+03 5.15681978e+03 5.20696046e+03
3.66018776e+03 5.15681978e+03 5.20696046e+03
3.74023645e+03 5.23686847e+03 5.36705783e+03
3.74023645e+03 5.23686847e+03 5.36705783e+03
3.82028513e+03 5.31691715e+03 5.52715520e+03
2.98311887e+03 1.57653641e+04 5.00807318e+03
2.90307018e+03 1.56052667e+04 5.08812187e+03
2.90307018e+03 1.56052667e+04 5.08812187e+03
2.82302150e+03 1.54451693e+04 5.16817055e+03
2.82302150e+03 1.54451693e+04 5.16817055e+03
2.74297281e+03 1.52850720e+04 5.24821924e+03
2.74297281e+03 1.52850720e+04 5.24821924e+03
2.66292413e+03 1.51249746e+04 5.32826792e+03
2.66292413e+03 1.51249746e+04 5.32826792e+03
2.74297281e+03 1.49648772e+04 5.24821924e+03
2.74297281e+03 1.49648772e+04 5.24821924e+03
2.82302150e+03 1.48047799e+04 5.16817055e+03
2.82302150e+03 1.48047799e+04 5.16817055e+03
2.90307018e+03 1.46446825e+04 5.08812187e+03
2.90307018e+03 1.46446825e+04 5.08812187e+03
2.98311887e+03 1.44845851e+04 5.00807318e+03
2.98311887e+03 1.44845851e+04 5.00807318e+03
3.06316755e+03 1.46446825e+04 4.92802450e+03
3.06316755e+03 1.46446825e+04 4.92802450e+03
3.14321624e+03 1.48047799e+04 4.84797581e+03
3.14321624e+03 1.48047799e+04 4.84797581e+03
3.22326492e+03 1.49648772e+04 4.76792713e+03
3.22326492e+03 1.49648772e+04 4.76792713e+03
3.30331361e+03 1.51249746e+04 4.68787845e+03
3.30331361e+03 1.51249746e+04 4.68787845e+03
3.22326492e+03 1.52850720e+04 4.76792713e+03
3.22326492e+03 1.52850720e+04 4.76792713e+03
3.14321624e+03 1.54451693e+04 4.84797581e+03
3.14321624e+03 1.54451693e+04 4.84797581e+03
3.06316755e+03 1.56052667e+04 4.92802450e+03
3.06316755e+03 1.56052667e+04 4.92802450e+03
2.98311887e+03 1.57653641e+04 5.00807318e+03
2.50085108e+03 1.24021037e+04 8.09421468e+03
2.42080239e+03 1.25622011e+04 8.01416600e+03
2.42080239e+03 1.25622011e+04 8.01416600e+03
2.34075371e+03 1.27222985e+04 7.93411731e+03
2.34075371e+03 1.27222985e+04 7.93411731e+03
2.26070503e+03 1.28823958e+04 7.85406863e+03
2.26070503e+03 1.28823958e+04 7.85406863e+03
2.18065634e+03 1.30424932e+04 7.77401994e+03
2.18065634e+03 1.30424932e+04 7.77401994e+03
2.26070503e+03 1.32025906e+04 7.85406863e+03
2.26070503e+03 1.32025906e+04 7.85406863e+03
2.34075371e+03 1.33626879e+04 7.93411731e+03
2.34075371e+03 1.33626879e+04 7.93411731e+03
2.42080239e+03 1.35227853e+04 8.01416600e+03
2.42080239e+03 1.35227853e+04 8.01416600e+03
2.50085108e+03 1.36828827e+04 8.09421468e+03
2.50085108e+03 1.36828827e+04 8.09421468e+03
2.58089976e+03 1.35227853e+04 8.17426336e+03
2.58089976e+03 1.35227853e+04 8.17426336e+03
2.66094845e+03 1.33626879e+04 8.25431205e+03
2.66094845e+03 1.33626879e+04 8.25431205e+03
2.74099713e+03 1.32025906e+04 8.33436073e+03
2.74099713e+03 1.32025906e+04 8.33436073e+03
2.82104582e+03 1.30424932e+04 8.41440942e+03
2.82104582e+03 1.30424932e+04 8.41440942e+03
2.74099713e+03 1.28823958e+04 8.33436073e+03
2.74099713e+03 1.28823958e+04 8.33436073e+03
2.66094845e+03 1.27222985e+04 8.25431205e+03
2.66094845e+03 1.27222985e+04 8.25431205e+03
2.58089976e+03 1.25622011e+04 8.17426336e+03
2.58089976e+03 1.25622011e+04 8.17426336e+03
2.50085108e+03 1.24021037e+04 8.09421468e+03
1.24530961e+04 1.29375199e+04 5.98779749e+03
1.26131935e+04 1.28574713e+04 6.06784617e+03
1.26131935e+04 1.28574713e+04 6.06784617e+03
1.27732909e+04 1.27774226e+04 6.14789486e+03
1.27732909e+04 1.27774226e+04 6.14789486e+03
1.29333882e+04 1.26973739e+04 6.22794354e+03
1.29333882e+04 1.26973739e+04 6.22794354e+03
1.30934856e+04 1.26173252e+04 6.30799223e+03
1.30934856e+04 1.26173252e+04 6.30799223e+03
1.32535830e+04 1.26973739e+04 6.22794354e+03
1.32535830e+04 1.26973739e+04 6.22794354e+03
1.34136804e+04 1.27774226e+04 6.14789486e+03
1.34136804e+04 1.27774226e+04 6.14789486e+03
1.35737777e+04 1.28574713e+04 6.06784617e+03
1.35737777e+04 1.28574713e+04 6.06784617e+03
1.37338751e+04 1.29375199e+04 5.98779749e+03
1.37338751e+04 1.29375199e+04 5.98779749e+03
1.35737777e+04 1.30175686e+04 5.90774880e+03
1.35737777e+04 1.30175686e+04 5.90774880e+03
1.34136804e+04 1.30976173e+04 5.82770012e+03
1.34136804e+04 1.30976173e+04 5.82770012e+03
1.32535830e+04 1.31776660e+04 5.74765143e+03
1.32535830e+04 1.31776660e+04 5.74765143e+03
1.30934856e+04 1.32577147e+04 5.66760275e+03
1.30934856e+04 1.32577147e+04 5.66760275e+03
1.29333882e+04 1.31776660e+04 5.74765143e+03
1.29333882e+04 1.31776660e+04 5.74765143e+03
1.27732909e+04 1.30976173e+04 5.82770012e+03
1.27732909e+04 1.30976173e+04 5.82770012e+03
1.26131935e+04 1.30175686e+04 5.90774880e+03
1.26131935e+04 1.30175686e+04 5.90774880e+03
1.24530961e+04 1.29375199e+04 5.98779749e+03
4.58596283e+03 4.35347307e+03 2.35236987e+03
4.42586546e+03 4.27342438e+03 2.27232119e+03
4.42586546e+03 4.27342438e+03 2.27232119e+03
4.26576809e+03 4.19337570e+03 2.19227250e+03
4.26576809e+03 4.19337570e+03 2.19227250e+03
4.10567072e+03 4.11332702e+03 2.11222382e+03
4.10567072e+03 4.11332702e+03 2.11222382e+03
3.94557335e+03 4.03327833e+03 2.03217513e+03
3.94557335e+03 4.03327833e+03 2.03217513e+03
3.78547598e+03 4.11332702e+03 2.11222382e+03
3.78547598e+03 4.11332702e+03 2.11222382e+03
3.62537862e+03 4.19337570e+03 2.19227250e+03
3.62537862e+03 4.19337570e+03 2.19227250e+03
3.46528125e+03 4.27342438e+03 2.27232119e+03
3.46528125e+03 4.27342438e+03 2.27232119e+03
3.30518388e+03 4.35347307e+03 2.35236987e+03
3.30518388e+03 4.35347307e+03 2.35236987e+03
3.46528125e+03 4.43352175e+03 2.43241855e+03
3.46528125e+03 4.43352175e+03 2.43241855e+03
3.62537862e+03 4.51357044e+03 2.51246724e+03
3.62537862e+03 4.51357044e+03 2.51246724e+03
3.78547598e+03 4.59361912e+03 2.59251592e+03
3.78547598e+03 4.59361912e+03 2.59251592e+03
3.94557335e+03 4.67366781e+03 2.67256461e+03
3.94557335e+03 4.67366781e+03 2.67256461e+03
4.10567072e+03 4.59361912e+03 2.59251592e+03
4.10567072e+03 4.59361912e+03 2.59251592e+03
4.26576809e+03 4.51357044e+03 2.51246724e+03
4.26576809e+03 4.51357044e+03 2.51246724e+03
4.42586546e+03 4.43352175e+03 2.43241855e+03
4.42586546e+03 4.43352175e+03 2.43241855e+03
4.58596283e+03 4.35347307e+03 2.35236987e+03
7.28341981e+02 6.69246736e+02 3.87915068e+03
8.08390665e+02 5.89198051e+02 4.03924805e+03
8.08390665e+02 5.89198051e+02 4.03924805e+03
8.88439350e+02 5.09149367e+02 4.19934542e+03
8.88439350e+02 5.09149367e+02 4.19934542e+03
9.68488034e+02 4.29100683e+02 4.35944279e+03
9.68488034e+02 4.29100683e+02 4.35944279e+03
1.04853672e+03 3.49051998e+02 4.51954016e+03
1.04853672e+03 3.49051998e+02 4.51954016e+03
9.68488034e+02 4.29100683e+02 4.67963752e+03
9.68488034e+02 4.29100683e+02 4.67963752e+03
8.88439350e+02 5.09149367e+02 4.83973489e+03
8.88439350e+02 5.09149367e+02 4.83973489e+03
8.08390665e+02 5.89198051e+02 4.99983226e+03
8.08390665e+02 5.89198051e+02 4.99983226e+03
7.28341981e+02 6.69246736e+02 5.15992963e+03
7.28341981e+02 6.69246736e+02 5.15992963e+03
6.48293297e+02 7.49295420e+02 4.99983226e+03
6.48293297e+02 7.49295420e+02 4.99983226e+03
5.68244612e+02 8.29344105e+02 4.83973489e+03
5.68244612e+02 8.29344105e+02 4.83973489e+03
4.88195928e+02 9.09392789e+02 4.67963752e+03
4.88195928e+02 9.09392789e+02 4.67963752e+03
4.08147243e+02 9.89441473e+02 4.51954016e+03
4.08147243e+02 9.89441473e+02 4.51954016e+03
4.88195928e+02 9.09392789e+02 4.35944279e+03
4.88195928e+02 9.09392789e+02 4.35944279e+03
5.68244612e+02 8.29344105e+02 4.19934542e+03
5.68244612e+02 8.29344105e+02 4.19934542e+03
6.48293297e+02 7.49295420e+02 4.03924805e+03
6.48293297e+02 7.49295420e+02 4.03924805e+03
7.28341981e+02 6.69246736e+02 3.87915068e+03
4.47752366e+03 1.22531494e+04 1.81415892e+04
4.55757234e+03 1.23331981e+04 1.79814918e+04
4.55757234e+03 1.23331981e+04 1.79814918e+04
4.63762102e+03 1.24132468e+04 1.78213945e+04
4.63762102e+03 1.24132468e+04 1.78213945e+04
4.71766971e+03 1.24932955e+04 1.76612971e+04
4.71766971e+03 1.24932955e+04 1.76612971e+04
4.79771839e+03 1.25733442e+04 1.75011997e+04
4.79771839e+03 1.25733442e+04 1.75011997e+04
4.71766971e+03 1.24932955e+04 1.73411023e+04
4.71766971e+03 1.24932955e+04 1.73411023e+04
4.63762102e+03 1.24132468e+04 1.71810050e+04
4.63762102e+03 1.24132468e+04 1.71810050e+04
4.55757234e+03 1.23331981e+04 1.70209076e+04
4.55757234e+03 1.23331981e+04 1.70209076e+04
4.47752366e+03 1.22531494e+04 1.68608102e+04
4.47752366e+03 1.22531494e+04 1.68608102e+04
4.39747497e+03 1.21731008e+04 1.70209076e+04
4.39747497e+03 1.21731008e+04 1.70209076e+04
4.31742629e+03 1.20930521e+04 1.71810050e+04
4.31742629e+03 1.20930521e+04 1.71810050e+04
4.23737760e+03 1.20130034e+04 1.73411023e+04
4.23737760e+03 1.20130034e+04 1.73411023e+04
4.15732892e+03 1.19329547e+04 1.75011997e+04
4.15732892e+03 1.19329547e+04 1.75011997e+04
4.23737760e+03 1.20130034e+04 1.76612971e+04
4.23737760e+03 1.20130034e+04 1.76612971e+04
4.31742629e+03 1.20930521e+04 1.78213945e+04
4.31742629e+03 1.20930521e+04 1.78213945e+04
4.39747497e+03 1.21731008e+04 1.79814918e+04
4.39747497e+03 1.21731008e+04 1.79814918e+04
4.47752366e+03 1.22531494e+04 1.81415892e+04
1.52887846e+04 1.47864928e+04 6.08710116e+03
1.52087359e+04 1.46263954e+04 6.16714984e+03
1.52087359e+04 1.46263954e+04 6.16714984e+03
1.51286873e+04 1.44662980e+04 6.24719853e+03
1.51286873e+04 1.44662980e+04 6.24719853e+03
1.50486386e+04 1.43062007e+04 6.32724721e+03
1.50486386e+04 1.43062007e+04 6.32724721e+03
1.49685899e+04 1.41461033e+04 6.40729590e+03
1.49685899e+04 1.41461033e+04 6.40729590e+03
1.50486386e+04 1.39860059e+04 6.32724721e+03
1.50486386e+04 1.39860059e+04 6.32724721e+03
1.51286873e+04 1.38259086e+04 6.24719853e+03
1.51286873e+04 1.38259086e+04 6.24719853e+03
1.52087359e+04 1.36658112e+04 6.16714984e+03
1.52087359e+04 1.36658112e+04 6.16714984e+03
1.52887846e+04 1.35057138e+04 6.08710116e+03
1.52887846e+04 1.35057138e+04 6.08710116e+03
1.53688333e+04 1.36658112e+04 6.00705247e+03
1.53688333e+04 1.36658112e+04 6.00705247e+03
1.54488820e+04 1.38259086e+04 5.92700379e+03
1.54488820e+04 1.38259086e+04 5.92700379e+03
1.55289307e+04 1.39860059e+04 5.84695510e+03
1.55289307e+04 1.39860059e+04 5.84695510e+03
1.56089794e+04 1.41461033e+04 5.76690642e+03
1.56089794e+04 1.41461033e+04 5.76690642e+03
1.55289307e+04 1.43062007e+04 5.84695510e+03
1.55289307e+04 1.43062007e+04 5.84695510e+03
1.54488820e+04 1.44662980e+04 5.92700379e+03
1.54488820e+04 1.44662980e+04 5.92700379e+03
1.53688333e+04 1.46263954e+04 6.00705247e+03
1.53688333e+04 1.46263954e+04 6.00705247e+03
1.52887846e+04 1.47864928e+04 6.08710116e+03
7.11928267e+03 3.20435138e+03 1.83429764e+04
7.03923399e+03 3.36444875e+03 1.82629277e+04
7.03923399e+03 3.36444875e+03 1.82629277e+04
6.95918531e+03 3.52454612e+03 1.81828791e+04
6.95918531e+03 3.52454612e+03 1.81828791e+04
6.87913662e+03 3.68464349e+03 1.81028304e+04
6.87913662e+03 3.68464349e+03 1.81028304e+04
6.79908794e+03 3.84474086e+03 1.80227817e+04
6.79908794e+03 3.84474086e+03 1.80227817e+04
6.87913662e+03 4.00483823e+03 1.81028304e+04
6.87913662e+03 4.00483823e+03 1.81028304e+04
6.95918531e+03 4.16493560e+03 1.81828791e+04
6.95918531e+03 4.16493560e+03 1.81828791e+04
7.03923399e+03 4.32503297e+03 1.82629277e+04
7.03923399e+03 4.32503297e+03 1.82629277e+04
7.11928267e+03 4.48513034e+03 1.83429764e+04
7.11928267e+03 4.48513034e+03 1.83429764e+04
7.19933136e+03 4.32503297e+03 1.84230251e+04
7.19933136e+03 4.32503297e+03 1.84230251e+04
7.27938004e+03 4.16493560e+03 1.85030738e+04
7.27938004e+03 4.16493560e+03 1.85030738e+04
7.35942873e+03 4.00483823e+03 1.85831225e+04
7.35942873e+03 4.00483823e+03 1.85831225e+04
7.43947741e+03 3.84474086e+03 1.86631712e+04
7.43947741e+03 3.84474086e+03 1.86631712e+04
7.35942873e+03 3.68464349e+03 1.85831225e+04
7.35942873e+03 3.68464349e+03 1.85831225e+04
7.27938004e+03 3.52454612e+03 1.85030738e+04
7.27938004e+03 3.52454612e+03 1.85030738e+04
7.19933136e+03 3.36444875e+03 1.84230251e+04
7.19933136e+03 3.36444875e+03 1.84230251e+04
7.11928267e+03 3.20435138e+03 1.83429764e+04
1.03740027e+04 1.60253243e+04 6.84145061e+03
1.05341001e+04 1.59452756e+04 6.92149929e+03
1.05341001e+04 1.59452756e+04 6.92149929e+03
1.06941974e+04 1.58652269e+04 7.00154798e+03
1.06941974e+04 1.58652269e+04 7.00154798e+03
1.08542948e+04 1.57851782e+04 7.08159666e+03
1.08542948e+04 1.57851782e+04 7.08159666e+03
1.10143922e+04 1.57051295e+04 7.16164534e+03
1.10143922e+04 1.57051295e+04 7.16164534e+03
1.11744895e+04 1.57851782e+04 7.08159666e+03
1.11744895e+04 1.57851782e+04 7.08159666e+03
1.13345869e+04 1.58652269e+04 7.00154798e+03
1.13345869e+04 1.58652269e+04 7.00154798e+03
1.14946843e+04 1.59452756e+04 6.92149929e+03
1.14946843e+04 1.59452756e+04 6.92149929e+03
1.16547816e+04 1.60253243e+04 6.84145061e+03
1.16547816e+04 1.60253243e+04 6.84145061e+03
1.14946843e+04 1.61053729e+04 6.76140192e+03
1.14946843e+04 1.61053729e+04 6.76140192e+03
1.13345869e+04 1.61854216e+04 6.68135324e+03
1.13345869e+04 1.61854216e+04 6.68135324e+03
1.11744895e+04 1.62654703e+04 6.60130455e+03
1.11744895e+04 1.62654703e+04 6.60130455e+03
1.10143922e+04 1.63455190e+04 6.52125587e+03
1.10143922e+04 1.63455190e+04 6.52125587e+03
1.08542948e+04 1.62654703e+04 6.60130455e+03
1.08542948e+04 1.62654703e+04 6.60130455e+03
1.06941974e+04 1.61854216e+04 6.68135324e+03
1.06941974e+04 1.61854216e+04 6.68135324e+03
1.05341001e+04 1.61053729e+04 6.76140192e+03
1.05341001e+04 1.61053729e+04 6.76140192e+03
1.03740027e+04 1.60253243e+04 6.84145061e+03
1.63210613e+04 2.04126397e+03 1.39631405e+04
1.61609639e+04 1.96121529e+03 1.38830918e+04
1.61609639e+04 1.96121529e+03 1.38830918e+04
1.60008666e+04 1.88116660e+03 1.38030431e+04
1.60008666e+04 1.88116660e+03 1.38030431e+04
1.58407692e+04 1.80111792e+03 1.37229944e+04
1.58407692e+04 1.80111792e+03 1.37229944e+04
1.56806718e+04 1.72106923e+03 1.36429458e+04
1.56806718e+04 1.72106923e+03 1.36429458e+04
1.55205745e+04 1.80111792e+03 1.37229944e+04
1.55205745e+04 1.80111792e+03 1.37229944e+04
1.53604771e+04 1.88116660e+03 1.38030431e+04
1.53604771e+04 1.88116660e+03 1.38030431e+04
1.52003797e+04 1.96121529e+03 1.38830918e+04
1.52003797e+04 1.96121529e+03 1.38830918e+04
1.50402823e+04 2.04126397e+03 1.39631405e+04
1.50402823e+04 2.04126397e+03 1.39631405e+04
1.52003797e+04 2.12131266e+03 1.40431892e+04
1.52003797e+04 2.12131266e+03 1.40431892e+04
1.53604771e+04 2.20136134e+03 1.41232379e+04
1.53604771e+04 2.20136134e+03 1.41232379e+04
1.55205745e+04 2.28141002e+03 1.42032865e+04
1.55205745e+04 2.28141002e+03 1.42032865e+04
1.56806718e+04 2.36145871e+03 1.42833352e+04
1.56806718e+04 2.36145871e+03 1.42833352e+04
1.58407692e+04 2.28141002e+03 1.42032865e+04
1.58407692e+04 2.28141002e+03 1.42032865e+04
1.60008666e+04 2.20136134e+03 1.41232379e+04
1.60008666e+04 2.20136134e+03 1.41232379e+04
1.61609639e+04 2.12131266e+03 1.40431892e+04
1.61609639e+04 2.12131266e+03 1.40431892e+04
1.63210613e+04 2.04126397e+03 1.39631405e+04
1.79891862e+04 1.57565759e+04 5.77359379e+03
1.80692349e+04 1.56765272e+04 5.93369115e+03
1.80692349e+04 1.56765272e+04 5.93369115e+03
1.81492836e+04 1.55964785e+04 6.09378852e+03
1.81492836e+04 1.55964785e+04 6.09378852e+03
1.82293322e+04 1.55164298e+04 6.25388589e+03
1.82293322e+04 1.55164298e+04 6.25388589e+03
1.83093809e+04 1.54363811e+04 6.41398326e+03
1.83093809e+04 1.54363811e+04 6.41398326e+03
1.82293322e+04 1.55164298e+04 6.57408063e+03
1.82293322e+04 1.55164298e+04 6.57408063e+03
1.81492836e+04 1.55964785e+04 6.73417800e+03
1.81492836e+04 1.55964785e+04 6.73417800e+03
1.80692349e+04 1.56765272e+04 6.89427537e+03
1.80692349e+04 1.56765272e+04 6.89427537e+03
1.79891862e+04 1.57565759e+04 7.05437274e+03
1.79891862e+04 1.57565759e+04 7.05437274e+03
1.79091375e+04 1.58366245e+04 6.89427537e+03
1.79091375e+04 1.58366245e+04 6.89427537e+03
1.78290888e+04 1.59166732e+04 6.73417800e+03
1.78290888e+04 1.59166732e+04 6.73417800e+03
1.77490401e+04 1.59967219e+04 6.57408063e+03
1.77490401e+04 1.59967219e+04 6.57408063e+03
1.76689915e+04 1.60767706e+04 6.41398326e+03
1.76689915e+04 1.60767706e+04 6.41398326e+03
1.77490401e+04 1.59967219e+04 6.25388589e+03
1.77490401e+04 1.59967219e+04 6.25388589e+03
1.78290888e+04 1.59166732e+04 6.09378852e+03
1.78290888e+04 1.59166732e+04 6.09378852e+03
1.79091375e+04 1.58366245e+04 5.93369115e+03
1.79091375e+04 1.58366245e+04 5.93369115e+03
1.79891862e+04 1.57565759e+04 5.77359379e+03
5.00210155e+03 9.70592499e+03 8.75040819e+03
5.08215024e+03 9.78597367e+03 8.59031082e+03
5.08215024e+03 9.78597367e+03 8.59031082e+03
5.16219892e+03 9.86602236e+03 8.43021345e+03
5.16219892e+03 9.86602236e+03 8.43021345e+03
5.24224761e+03 9.94607104e+03 8.27011608e+03
5.24224761e+03 9.94607104e+03 8.27011608e+03
5.32229629e+03 1.00261197e+04 8.11001871e+03
5.32229629e+03 1.00261197e+04 8.11001871e+03
5.24224761e+03 9.94607104e+03 7.94992134e+03
5.24224761e+03 9.94607104e+03 7.94992134e+03
5.16219892e+03 9.86602236e+03 7.78982397e+03
5.16219892e+03 9.86602236e+03 7.78982397e+03
5.08215024e+03 9.78597367e+03 7.62972660e+03
5.08215024e+03 9.78597367e+03 7.62972660e+03
5.00210155e+03 9.70592499e+03 7.46962924e+03
5.00210155e+03 9.70592499e+03 7.46962924e+03
4.92205287e+03 9.62587630e+03 7.62972660e+03
4.92205287e+03 9.62587630e+03 7.62972660e+03
4.84200419e+03 9.54582762e+03 7.78982397e+03
4.84200419e+03 9.54582762e+03 7.78982397e+03
4.76195550e+03 9.46577893e+03 7.94992134e+03
4.76195550e+03 9.46577893e+03 7.94992134e+03
4.68190682e+03 9.38573025e+03 8.11001871e+03
4.68190682e+03 9.38573025e+03 8.11001871e+03
4.76195550e+03 9.46577893e+03 8.27011608e+03
4.76195550e+03 9.46577893e+03 8.27011608e+03
4.84200419e+03 9.54582762e+03 8.43021345e+03
4.84200419e+03 9.54582762e+03 8.43021345e+03
4.92205287e+03 9.62587630e+03 8.59031082e+03
4.92205287e+03 9.62587630e+03 8.59031082e+03
5.00210155e+03 9.70592499e+03 8.75040819e+03
8.33209991e+03 2.09878761e+03 1.18311892e+04
8.25205122e+03 1.93869024e+03 1.19112379e+04
8.25205122e+03 1.93869024e+03 1.19112379e+04
8.17200254e+03 1.77859287e+03 1.19912866e+04
8.17200254e+03 1.77859287e+03 1.19912866e+04
8.09195385e+03 1.61849550e+03 1.20713353e+04
8.09195385e+03 1.61849550e+03 1.20713353e+04
8.01190517e+03 1.45839813e+03 1.21513840e+04
8.01190517e+03 1.45839813e+03 1.21513840e+04
8.09195385e+03 1.29830077e+03 1.20713353e+04
8.09195385e+03 1.29830077e+03 1.20713353e+04
8.17200254e+03 1.13820340e+03 1.19912866e+04
8.17200254e+03 1.13820340e+03 1.19912866e+04
8.25205122e+03 9.78106028e+02 1.19112379e+04
8.25205122e+03 9.78106028e+02 1.19112379e+04
8.33209991e+03 8.18008659e+02 1.18311892e+04
8.33209991e+03 8.18008659e+02 1.18311892e+04
8.41214859e+03 9.78106028e+02 1.17511406e+04
8.41214859e+03 9.78106028e+02 1.17511406e+04
8.49219728e+03 1.13820340e+03 1.16710919e+04
8.49219728e+03 1.13820340e+03 1.16710919e+04
8.57224596e+03 1.29830077e+03 1.15910432e+04
8.57224596e+03 1.29830077e+03 1.15910432e+04
8.65229465e+03 1.45839813e+03 1.15109945e+04
8.65229465e+03 1.45839813e+03 1.15109945e+04
8.57224596e+03 1.61849550e+03 1.15910432e+04
8.57224596e+03 1.61849550e+03 1.15910432e+04
8.49219728e+03 1.77859287e+03 1.16710919e+04
8.49219728e+03 1.77859287e+03 1.16710919e+04
8.41214859e+03 1.93869024e+03 1.17511406e+04
8.41214859e+03 1.93869024e+03 1.17511406e+04
8.33209991e+03 2.09878761e+03 1.18311892e+04
1.46509752e+04 1.49983601e+04 7.48040240e+03
1.45709265e+04 1.51584574e+04 7.40035372e+03
1.45709265e+04 1.51584574e+04 7.40035372e+03
1.44908778e+04 1.53185548e+04 7.32030503e+03
1.44908778e+04 1.53185548e+04 7.32030503e+03
1.44108291e+04 1.54786522e+04 7.24025635e+03
1.44108291e+04 1.54786522e+04 7.24025635e+03
1.43307804e+04 1.56387495e+04 7.16020767e+03
1.43307804e+04 1.56387495e+04 7.16020767e+03
1.44108291e+04 1.57988469e+04 7.24025635e+03
1.44108291e+04 1.57988469e+04 7.24025635e+03
1.44908778e+04 1.59589443e+04 7.32030503e+03
1.44908778e+04 1.59589443e+04 7.32030503e+03
1.45709265e+04 1.61190416e+04 7.40035372e+03
1.45709265e+04 1.61190416e+04 7.40035372e+03
1.46509752e+04 1.62791390e+04 7.48040240e+03
1.46509752e+04 1.62791390e+04 7.48040240e+03
1.47310239e+04 1.61190416e+04 7.56045109e+03
1.47310239e+04 1.61190416e+04 7.56045109e+03
1.48110725e+04 1.59589443e+04 7.64049977e+03
1.48110725e+04 1.59589443e+04 7.64049977e+03
1.48911212e+04 1.57988469e+04 7.72054846e+03
1.48911212e+04 1.57988469e+04 7.72054846e+03
1.49711699e+04 1.56387495e+04 7.80059714e+03
1.49711699e+04 1.56387495e+04 7.80059714e+03
1.48911212e+04 1.54786522e+04 7.72054846e+03
1.48911212e+04 1.54786522e+04 7.72054846e+03
1.48110725e+04 1.53185548e+04 7.64049977e+03
1.48110725e+04 1.53185548e+04 7.64049977e+03
1.47310239e+04 1.51584574e+04 7.56045109e+03
1.47310239e+04 1.51584574e+04 7.56045109e+03
1.46509752e+04 1.49983601e+04 7.48040240e+03
1.49901625e+04 9.25092882e+03 1.41450818e+04
1.51502599e+04 9.17088013e+03 1.42251305e+04
1.51502599e+04 9.17088013e+03 1.42251305e+04
1.53103573e+04 9.09083145e+03 1.43051792e+04
1.53103573e+04 9.09083145e+03 1.43051792e+04
1.54704546e+04 9.01078276e+03 1.43852278e+04
1.54704546e+04 9.01078276e+03 1.43852278e+04
1.56305520e+04 8.93073408e+03 1.44652765e+04
1.56305520e+04 8.93073408e+03 1.44652765e+04
1.57906494e+04 9.01078276e+03 1.43852278e+04
1.57906494e+04 9.01078276e+03 1.43852278e+04
1.59507468e+04 9.09083145e+03 1.43051792e+04
1.59507468e+04 9.09083145e+03 1.43051792e+04
1.61108441e+04 9.17088013e+03 1.42251305e+04
1.61108441e+04 9.17088013e+03 1.42251305e+04
1.62709415e+04 9.25092882e+03 1.41450818e+04
1.62709415e+04 9.25092882e+03 1.41450818e+04
1.61108441e+04 9.33097750e+03 1.40650331e+04
1.61108441e+04 9.33097750e+03 1.40650331e+04
1.59507468e+04 9.41102618e+03 1.39849844e+04
1.59507468e+04 9.41102618e+03 1.39849844e+04
1.57906494e+04 9.49107487e+03 1.39049357e+04
1.57906494e+04 9.49107487e+03 1.39049357e+04
1.56305520e+04 9.57112355e+03 1.38248870e+04
1.56305520e+04 9.57112355e+03 1.38248870e+04
1.54704546e+04 9.49107487e+03 1.39049357e+04
1.54704546e+04 9.49107487e+03 1.39049357e+04
1.53103573e+04 9.41102618e+03 1.39849844e+04
1.53103573e+04 9.41102618e+03 1.39849844e+04
1.51502599e+04 9.33097750e+03 1.40650331e+04
1.51502599e+04 9.33097750e+03 1.40650331e+04
1.49901625e+04 9.25092882e+03 1.41450818e+04
4.35044221e+03 8.52148450e+03 1.61464335e+04
4.19034484e+03 8.44143581e+03 1.60663848e+04
4.19034484e+03 8.44143581e+03 1.60663848e+04
4.03024747e+03 8.36138713e+03 1.59863361e+04
4.03024747e+03 8.36138713e+03 1.59863361e+04
3.87015010e+03 8.28133844e+03 1.59062875e+04
3.87015010e+03 8.28133844e+03 1.59062875e+04
3.71005273e+03 8.20128976e+03 1.58262388e+04
3.71005273e+03 8.20128976e+03 1.58262388e+04
3.54995536e+03 8.28133844e+03 1.59062875e+04
3.54995536e+03 8.28133844e+03 1.59062875e+04
3.38985799e+03 8.36138713e+03 1.59863361e+04
3.38985799e+03 8.36138713e+03 1.59863361e+04
3.22976062e+03 8.44143581e+03 1.60663848e+04
3.22976062e+03 8.44143581e+03 1.60663848e+04
3.06966326e+03 8.52148450e+03 1.61464335e+04
3.06966326e+03 8.52148450e+03 1.61464335e+04
3.22976062e+03 8.60153318e+03 1.62264822e+04
3.22976062e+03 8.60153318e+03 1.62264822e+04
3.38985799e+03 8.68158187e+03 1.63065309e+04
3.38985799e+03 8.68158187e+03 1.63065309e+04
3.54995536e+03 8.76163055e+03 1.63865796e+04
3.54995536e+03 8.76163055e+03 1.63865796e+04
3.71005273e+03 8.84167924e+03 1.64666282e+04
3.71005273e+03 8.84167924e+03 1.64666282e+04
3.87015010e+03 8.76163055e+03 1.63865796e+04
3.87015010e+03 8.76163055e+03 1.63865796e+04
4.03024747e+03 8.68158187e+03 1.63065309e+04
4.03024747e+03 8.68158187e+03 1.63065309e+04
4.19034484e+03 8.60153318e+03 1.62264822e+04
4.19034484e+03 8.60153318e+03 1.62264822e+04
4.35044221e+03 8.52148450e+03 1.61464335e+04
1.62014241e+04 3.71618595e+03 1.93616139e+04
1.62814728e+04 3.63613727e+03 1.95217112e+04
1.62814728e+04 3.63613727e+03 1.95217112e+04
1.63615214e+04 3.55608858e+03 1.96818086e+04
1.63615214e+04 3.55608858e+03 7.39654615e+01
1.64415701e+04 3.47603990e+03 2.34062830e+02
1.64415701e+04 3.47603990e+03 2.34062830e+02
1.65216188e+04 3.39599121e+03 3.94160199e+02
1.65216188e+04 3.39599121e+03 3.94160199e+02
1.64415701e+04 3.47603990e+03 5.54257568e+02
1.64415701e+04 3.47603990e+03 5.54257568e+02
1.63615214e+04 3.55608858e+03 7.14354937e+02
1.63615214e+04 3.55608858e+03 7.14354937e+02
1.62814728e+04 3.63613727e+03 8.74452305e+02
1.62814728e+04 3.63613727e+03 8.74452305e+02
1.62014241e+04 3.71618595e+03 1.03454967e+03
1.62014241e+04 3.71618595e+03 1.03454967e+03
1.61213754e+04 3.79623464e+03 8.74452305e+02
1.61213754e+04 3.79623464e+03 8.74452305e+02
1.60413267e+04 3.87628332e+03 7.14354937e+02
1.60413267e+04 3.87628332e+03 7.14354937e+02
1.59612780e+04 3.95633200e+03 5.54257568e+02
1.59612780e+04 3.95633200e+03 5.54257568e+02
1.58812293e+04 4.03638069e+03 3.94160199e+02
1.58812293e+04 4.03638069e+03 3.94160199e+02
1.59612780e+04 3.95633200e+03 2.34062830e+02
1.59612780e+04 3.95633200e+03 2.34062830e+02
1.60413267e+04 3.87628332e+03 7.39654615e+01
1.60413267e+04 3.87628332e+03 7.39654615e+01
1.61213754e+04 3.79623464e+03 -8.61319074e+01
1.61213754e+04 3.79623464e+03 1.95217112e+04
1.62014241e+04 3.71618595e+03 1.93616139e+04
1.37939487e+04 6.80921803e+03 8.86595450e+03
1.38739974e+04 6.88926671e+03 8.70585713e+03
1.38739974e+04 6.88926671e+03 8.70585713e+03
1.39540461e+04 6.96931540e+03 8.54575976e+03
1.39540461e+04 6.96931540e+03 8.54575976e+03
1.40340948e+04 7.04936408e+03 8.38566239e+03
1.40340948e+04 7.04936408e+03 8.38566239e+03
1.41141435e+04 7.12941277e+03 8.22556502e+03
1.41141435e+04 7.12941277e+03 8.22556502e+03
1.40340948e+04 7.04936408e+03 8.06546766e+03
1.40340948e+04 7.04936408e+03 8.06546766e+03
1.39540461e+04 6.96931540e+03 7.90537029e+03
1.39540461e+04 6.96931540e+03 7.90537029e+03
1.38739974e+04 6.88926671e+03 7.74527292e+03
1.38739974e+04 6.88926671e+03 7.74527292e+03
1.37939487e+04 6.80921803e+03 7.58517555e+03
1.37939487e+04 6.80921803e+03 7.58517555e+03
1.37139001e+04 6.72916934e+03 7.74527292e+03
1.37139001e+04 6.72916934e+03 7.74527292e+03
1.36338514e+04 6.64912066e+03 7.90537029e+03
1.36338514e+04 6.64912066e+03 7.90537029e+03
1.35538027e+04 6.56907197e+03 8.06546766e+03
1.35538027e+04 6.56907197e+03 8.06546766e+03
1.34737540e+04 6.48902329e+03 8.22556502e+03
1.34737540e+04 6.48902329e+03 8.22556502e+03
1.35538027e+04 6.56907197e+03 8.38566239e+03
1.35538027e+04 6.56907197e+03 8.38566239e+03
1.36338514e+04 6.64912066e+03 8.54575976e+03
1.36338514e+04 6.64912066e+03 8.54575976e+03
1.37139001e+04 6.72916934e+03 8.70585713e+03
1.37139001e+04 6.72916934e+03 8.70585713e+03
1.37939487e+04 6.80921803e+03 8.86595450e+03
1.50605667e+04 1.95203516e+04 1.75012805e+04
1.49805180e+04 1.93602542e+04 1.75813292e+04
1.49805180e+04 1.93602542e+04 1.75813292e+04
1.49004694e+04 1.92001568e+04 1.76613779e+04
1.49004694e+04 1.92001568e+04 1.76613779e+04
1.48204207e+04 1.90400595e+04 1.77414266e+04
1.48204207e+04 1.90400595e+04 1.77414266e+04
1.47403720e+04 1.88799621e+04 1.78214753e+04
1.47403720e+04 1.88799621e+04 1.78214753e+04
1.48204207e+04 1.87198647e+04 1.77414266e+04
1.48204207e+04 1.87198647e+04 1.77414266e+04
1.49004694e+04 1.85597673e+04 1.76613779e+04
1.49004694e+04 1.85597673e+04 1.76613779e+04
1.49805180e+04 1.83996700e+04 1.75813292e+04
1.49805180e+04 1.83996700e+04 1.75813292e+04
1.50605667e+04 1.82395726e+04 1.75012805e+04
1.50605667e+04 1.82395726e+04 1.75012805e+04
1.51406154e+04 1.83996700e+04 1.74212318e+04
1.51406154e+04 1.83996700e+04 1.74212318e+04
1.52206641e+04 1.85597673e+04 1.73411832e+04
1.52206641e+04 1.85597673e+04 1.73411832e+04
1.53007128e+04 1.87198647e+04 1.72611345e+04
1.53007128e+04 1.87198647e+04 1.72611345e+04
1.53807615e+04 1.88799621e+04 1.71810858e+04
1.53807615e+04 1.88799621e+04 1.71810858e+04
1.53007128e+04 1.90400595e+04 1.72611345e+04
1.53007128e+04 1.90400595e+04 1.72611345e+04
1.52206641e+04 1.92001568e+04 1.73411832e+04
1.52206641e+04 1.92001568e+04 1.73411832e+04
1.51406154e+04 1.93602542e+04 1.74212318e+04
1.51406154e+04 1.93602542e+04 1.74212318e+04
1.50605667e+04 1.95203516e+04 1.75012805e+04
2.64592680e+03 1.50028402e+04 1.33743256e+04
2.56587811e+03 1.51629376e+04 1.32942770e+04
2.56587811e+03 1.51629376e+04 1.32942770e+04
2.48582943e+03 1.53230350e+04 1.32142283e+04
2.48582943e+03 1.53230350e+04 1.32142283e+04
2.40578074e+03 1.54831323e+04 1.31341796e+04
2.40578074e+03 1.54831323e+04 1.31341796e+04
2.32573206e+03 1.56432297e+04 1.30541309e+04
2.32573206e+03 1.56432297e+04 1.30541309e+04
2.40578074e+03 1.58033271e+04 1.31341796e+04
2.40578074e+03 1.58033271e+04 1.31341796e+04
2.48582943e+03 1.59634244e+04 1.32142283e+04
2.48582943e+03 1.59634244e+04 1.32142283e+04
2.56587811e+03 1.61235218e+04 1.32942770e+04
2.56587811e+03 1.61235218e+04 1.32942770e+04
2.64592680e+03 1.62836192e+04 1.33743256e+04
2.64592680e+03 1.62836192e+04 1.33743256e+04
2.72597548e+03 1.61235218e+04 1.34543743e+04
2.72597548e+03 1.61235218e+04 1.34543743e+04
2.80602417e+03 1.59634244e+04 1.35344230e+04
2.80602417e+03 1.59634244e+04 1.35344230e+04
2.88607285e+03 1.58033271e+04 1.36144717e+04
2.88607285e+03 1.58033271e+04 1.36144717e+04
2.96612154e+03 1.56432297e+04 1.36945204e+04
2.96612154e+03 1.56432297e+04 1.36945204e+04
2.88607285e+03 1.54831323e+04 1.36144717e+04
2.88607285e+03 1.54831323e+04 1.36144717e+04
2.80602417e+03 1.53230350e+04 1.35344230e+04
2.80602417e+03 1.53230350e+04 1.35344230e+04
2.72597548e+03 1.51629376e+04 1.34543743e+04
2.72597548e+03 1.51629376e+04 1.34543743e+04
2.64592680e+03 1.50028402e+04 1.33743256e+04
9.75280439e+03 1.69800325e+04 1.47695705e+04
9.91290176e+03 1.68999838e+04 1.48496192e+04
9.91290176e+03 1.68999838e+04 1.48496192e+04
1.00729991e+04 1.68199351e+04 1.49296679e+04
1.00729991e+04 1.68199351e+04 1.49296679e+04
1.02330965e+04 1.67398864e+04 1.50097166e+04
1.02330965e+04 1.67398864e+04 1.50097166e+04
1.03931939e+04 1.66598377e+04 1.50897652e+04
1.03931939e+04 1.66598377e+04 1.50897652e+04
1.05532912e+04 1.67398864e+04 1.50097166e+04
1.05532912e+04 1.67398864e+04 1.50097166e+04
1.07133886e+04 1.68199351e+04 1.49296679e+04
1.07133886e+04 1.68199351e+04 1.49296679e+04
1.08734860e+04 1.68999838e+04 1.48496192e+04
1.08734860e+04 1.68999838e+04 1.48496192e+04
1.10335833e+04 1.69800325e+04 1.47695705e+04
1.10335833e+04 1.69800325e+04 1.47695705e+04
1.08734860e+04 1.70600811e+04 1.46895218e+04
1.08734860e+04 1.70600811e+04 1.46895218e+04
1.07133886e+04 1.71401298e+04 1.46094731e+04
1.07133886e+04 1.71401298e+04 1.46094731e+04
1.05532912e+04 1.72201785e+04 1.45294244e+04
1.05532912e+04 1.72201785e+04 1.45294244e+04
1.03931939e+04 1.73002272e+04 1.44493758e+04
1.03931939e+04 1.73002272e+04 1.44493758e+04
1.02330965e+04 1.72201785e+04 1.45294244e+04
1.02330965e+04 1.72201785e+04 1.45294244e+04
1.00729991e+04 1.71401298e+04 1.46094731e+04
1.00729991e+04 1.71401298e+04 1.46094731e+04
9.91290176e+03 1.70600811e+04 1.46895218e+04
9.91290176e+03 1.70600811e+04 1.46895218e+04
9.75280439e+03 1.69800325e+04 1.47695705e+04
2.46789118e+03 6.45959671e+03 8.08554305e+03
2.30779381e+03 6.37954802e+03 8.00549437e+03
2.30779381e+03 6.37954802e+03 8.00549437e+03
2.14769644e+03 6.29949934e+03 7.92544568e+03
2.14769644e+03 6.29949934e+03 7.92544568e+03
1.98759907e+03 6.21945065e+03 7.84539700e+03
1.98759907e+03 6.21945065e+03 7.84539700e+03
1.82750170e+03 6.13940197e+03 7.76534831e+03
1.82750170e+03 6.13940197e+03 7.76534831e+03
1.66740433e+03 6.21945065e+03 7.84539700e+03
1.66740433e+03 6.21945065e+03 7.84539700e+03
1.50730696e+03 6.29949934e+03 7.92544568e+03
1.50730696e+03 6.29949934e+03 7.92544568e+03
1.34720960e+03 6.37954802e+03 8.00549437e+03
1.34720960e+03 6.37954802e+03 8.00549437e+03
1.18711223e+03 6.45959671e+03 8.08554305e+03
1.18711223e+03 6.45959671e+03 8.08554305e+03
1.34720960e+03 6.53964539e+03 8.16559174e+03
1.34720960e+03 6.53964539e+03 8.16559174e+03
1.50730696e+03 6.61969408e+03 8.24564042e+03
1.50730696e+03 6.61969408e+03 8.24564042e+03
1.66740433e+03 6.69974276e+03 8.32568910e+03
1.66740433e+03 6.69974276e+03 8.32568910e+03
1.82750170e+03 6.77979144e+03 8.40573779e+03
1.82750170e+03 6.77979144e+03 8.40573779e+03
1.98759907e+03 6.69974276e+03 8.32568910e+03
1.98759907e+03 6.69974276e+03 8.32568910e+03
2.14769644e+03 6.61969408e+03 8.24564042e+03
2.14769644e+03 6.61969408e+03 8.24564042e+03
2.30779381e+03 6.53964539e+03 8.16559174e+03
2.30779381e+03 6.53964539e+03 8.16559174e+03
2.46789118e+03 6.45959671e+03 8.08554305e+03
1.89138778e+01 1.17169326e+04 1.27431702e+04
9.89625622e+01 1.16368839e+04 1.29032675e+04
9.89625622e+01 1.16368839e+04 1.29032675e+04
1.79011247e+02 1.15568352e+04 1.30633649e+04
1.79011247e+02 1.15568352e+04 1.30633649e+04
2.59059931e+02 1.14767866e+04 1.32234623e+04
2.59059931e+02 1.14767866e+04 1.32234623e+04
3.39108615e+02 1.13967379e+04 1.33835596e+04
3.39108615e+02 1.13967379e+04 1.33835596e+04
2.59059931e+02 1.14767866e+04 1.35436570e+04
2.59059931e+02 1.14767866e+04 1.35436570e+04
1.79011247e+02 1.15568352e+04 1.37037544e+04
1.79011247e+02 1.15568352e+04 1.37037544e+04
9.89625622e+01 1.16368839e+04 1.38638518e+04
9.89625622e+01 1.16368839e+04 1.38638518e+04
1.89138778e+01 1.17169326e+04 1.40239491e+04
1.89138778e+01 1.17169326e+04 1.40239491e+04
-6.11348066e+01 1.17969813e+04 1.38638518e+04
1.95467083e+04 1.17969813e+04 1.38638518e+04
1.94666596e+04 1.18770300e+04 1.37037544e+04
1.94666596e+04 1.18770300e+04 1.37037544e+04
1.93866110e+04 1.19570787e+04 1.35436570e+04
1.93866110e+04 1.19570787e+04 1.35436570e+04
1.93065623e+04 1.20371273e+04 1.33835596e+04
1.93065623e+04 1.20371273e+04 1.33835596e+04
1.93866110e+04 1.19570787e+04 1.32234623e+04
1.93866110e+04 1.19570787e+04 1.32234623e+04
1.94666596e+04 1.18770300e+04 1.30633649e+04
1.94666596e+04 1.18770300e+04 1.30633649e+04
1.95467083e+04 1.17969813e+04 1.29032675e+04
1.95467083e+04 1.17969813e+04 1.29032675e+04
1.96267570e+04 1.17169326e+04 1.27431702e+04
7.18197572e+03 7.77448740e+03 9.96115703e+03
7.26202440e+03 7.85453608e+03 9.80105967e+03
7.26202440e+03 7.85453608e+03 9.80105967e+03
7.34207309e+03 7.93458477e+03 9.64096230e+03
7.34207309e+03 7.93458477e+03 9.64096230e+03
7.42212177e+03 8.01463345e+03 9.48086493e+03
7.42212177e+03 8.01463345e+03 9.48086493e+03
7.50217045e+03 8.09468214e+03 9.32076756e+03
7.50217045e+03 8.09468214e+03 9.32076756e+03
7.42212177e+03 8.01463345e+03 9.16067019e+03
7.42212177e+03 8.01463345e+03 9.16067019e+03
7.34207309e+03 7.93458477e+03 9.00057282e+03
7.34207309e+03 7.93458477e+03 9.00057282e+03
7.26202440e+03 7.85453608e+03 8.84047545e+03
7.26202440e+03 7.85453608e+03 8.84047545e+03
7.18197572e+03 7.77448740e+03 8.68037808e+03
7.18197572e+03 7.77448740e+03 8.68037808e+03
7.10192703e+03 7.69443872e+03 8.84047545e+03
7.10192703e+03 7.69443872e+03 8.84047545e+03
7.02187835e+03 7.61439003e+03 9.00057282e+03
7.02187835e+03 7.61439003e+03 9.00057282e+03
6.94182966e+03 7.53434135e+03 9.16067019e+03
6.94182966e+03 7.53434135e+03 9.16067019e+03
6.86178098e+03 7.45429266e+03 9.32076756e+03
6.86178098e+03 7.45429266e+03 9.32076756e+03
6.94182966e+03 7.53434135e+03 9.48086493e+03
6.94182966e+03 7.53434135e+03 9.48086493e+03
7.02187835e+03 7.61439003e+03 9.64096230e+03
7.02187835e+03 7.61439003e+03 9.64096230e+03
7.10192703e+03 7.69443872e+03 9.80105967e+03
7.10192703e+03 7.69443872e+03 9.80105967e+03
7.18197572e+03 7.77448740e+03 9.96115703e+03
1.13937235e+04 3.32935277e+03 1.95963563e+04
1.13136749e+04 3.16925540e+03 1.96764050e+04
1.13136749e+04 3.16925540e+03 6.85618896e+01
1.12336262e+04 3.00915803e+03 1.48610574e+02
1.12336262e+04 3.00915803e+03 1.48610574e+02
1.11535775e+04 2.84906066e+03 2.28659258e+02
1.11535775e+04 2.84906066e+03 2.28659258e+02
1.10735288e+04 2.68896329e+03 3.08707943e+02
1.10735288e+04 2.68896329e+03 3.08707943e+02
1.11535775e+04 2.52886592e+03 2.28659258e+02
1.11535775e+04 2.52886592e+03 2.28659258e+02
1.12336262e+04 2.36876855e+03 1.48610574e+02
1.12336262e+04 2.36876855e+03 1.48610574e+02
1.13136749e+04 2.20867118e+03 6.85618896e+01
1.13136749e+04 2.20867118e+03 6.85618896e+01
1.13937235e+04 2.04857382e+03 -1.14867948e+01
1.13937235e+04 2.04857382e+03 1.95963563e+04
1.14737722e+04 2.20867118e+03 1.95163077e+04
1.14737722e+04 2.20867118e+03 1.95163077e+04
1.15538209e+04 2.36876855e+03 1.94362590e+04
1.15538209e+04 2.36876855e+03 1.94362590e+04
1.16338696e+04 2.52886592e+03 1.93562103e+04
1.16338696e+04 2.52886592e+03 1.93562103e+04
1.17139183e+04 2.68896329e+03 1.92761616e+04
1.17139183e+04 2.68896329e+03 1.92761616e+04
1.16338696e+04 2.84906066e+03 1.93562103e+04
1.16338696e+04 2.84906066e+03 1.93562103e+04
1.15538209e+04 3.00915803e+03 1.94362590e+04
1.15538209e+04 3.00915803e+03 1.94362590e+04
1.14737722e+04 3.16925540e+03 1.95163077e+04
1.14737722e+04 3.16925540e+03 1.95163077e+04
1.13937235e+04 3.32935277e+03 1.95963563e+04
9.94759233e+03 9.02758512e+03 3.66421088e+03
9.86754364e+03 9.18768249e+03 3.58416220e+03
9.86754364e+03 9.18768249e+03 3.58416220e+03
9.78749496e+03 9.34777986e+03 3.50411351e+03
9.78749496e+03 9.34777986e+03 3.50411351e+03
9.70744628e+03 9.50787723e+03 3.42406483e+03
9.70744628e+03 9.50787723e+03 3.42406483e+03
9.62739759e+03 9.66797460e+03 3.34401615e+03
9.62739759e+03 9.66797460e+03 3.34401615e+03
9.70744628e+03 9.82807197e+03 3.42406483e+03
9.70744628e+03 9.82807197e+03 3.42406483e+03
9.78749496e+03 9.98816934e+03 3.50411351e+03
9.78749496e+03 9.98816934e+03 3.50411351e+03
9.86754364e+03 1.01482667e+04 3.58416220e+03
9.86754364e+03 1.01482667e+04 3.58416220e+03
9.94759233e+03 1.03083641e+04 3.66421088e+03
9.94759233e+03 1.03083641e+04 3.66421088e+03
1.00276410e+04 1.01482667e+04 3.74425957e+03
1.00276410e+04 1.01482667e+04 3.74425957e+03
1.01076897e+04 9.98816934e+03 3.82430825e+03
1.01076897e+04 9.98816934e+03 3.82430825e+03
1.01877384e+04 9.82807197e+03 3.90435694e+03
1.01877384e+04 9.82807197e+03 3.90435694e+03
1.02677871e+04 9.66797460e+03 3.98440562e+03
1.02677871e+04 9.66797460e+03 3.98440562e+03
1.01877384e+04 9.50787723e+03 3.90435694e+03
1.01877384e+04 9.50787723e+03 3.90435694e+03
1.01076897e+04 9.34777986e+03 3.82430825e+03
1.01076897e+04 9.34777986e+03 3.82430825e+03
1.00276410e+04 9.18768249e+03 3.74425957e+03
1.00276410e+04 9.18768249e+03 3.74425957e+03
9.94759233e+03 9.02758512e+03 3.66421088e+03
5.16525787e+03 1.56571580e+04 5.77996653e+03
5.32535524e+03 1.55771093e+04 5.86001521e+03
5.32535524e+03 1.55771093e+04 5.86001521e+03
5.48545261e+03 1.54970607e+04 5.94006390e+03
5.48545261e+03 1.54970607e+04 5.94006390e+03
5.64554998e+03 1.54170120e+04 6.02011258e+03
5.64554998e+03 1.54170120e+04 6.02011258e+03
5.80564735e+03 1.53369633e+04 6.10016127e+03
5.80564735e+03 1.53369633e+04 6.10016127e+03
5.96574472e+03 1.54170120e+04 6.02011258e+03
5.96574472e+03 1.54170120e+04 6.02011258e+03
6.12584209e+03 1.54970607e+04 5.94006390e+03
6.12584209e+03 1.54970607e+04 5.94006390e+03
6.28593945e+03 1.55771093e+04 5.86001521e+03
6.28593945e+03 1.55771093e+04 5.86001521e+03
6.44603682e+03 1.56571580e+04 5.77996653e+03
6.44603682e+03 1.56571580e+04 5.77996653e+03
6.28593945e+03 1.57372067e+04 5.69991784e+03
6.28593945e+03 1.57372067e+04 5.69991784e+03
6.12584209e+03 1.58172554e+04 5.61986916e+03
6.12584209e+03 1.58172554e+04 5.61986916e+03
5.96574472e+03 1.58973041e+04 5.53982047e+03
5.96574472e+03 1.58973041e+04 5.53982047e+03
5.80564735e+03 1.59773528e+04 5.45977179e+03
5.80564735e+03 1.59773528e+04 5.45977179e+03
5.64554998e+03 1.58973041e+04 5.53982047e+03
5.64554998e+03 1.58973041e+04 5.53982047e+03
5.48545261e+03 1.58172554e+04 5.61986916e+03
5.48545261e+03 1.58172554e+04 5.61986916e+03
5.32535524e+03 1.57372067e+04 5.69991784e+03
5.32535524e+03 1.57372067e+04 5.69991784e+03
5.16525787e+03 1.56571580e+04 5.77996653e+03
1.43094403e+04 5.35214174e+03 1.78927147e+04
1.41493430e+04 5.27209306e+03 1.78126660e+04
1.41493430e+04 5.27209306e+03 1.78126660e+04
1.39892456e+04 5.19204437e+03 1.77326174e+04
1.39892456e+04 5.19204437e+03 1.77326174e+04
1.38291482e+04 5.11199569e+03 1.76525687e+04
1.38291482e+04 5.11199569e+03 1.76525687e+04
1.36690508e+04 5.03194700e+03 1.75725200e+04
1.36690508e+04 5.03194700e+03 1.75725200e+04
1.35089535e+04 5.11199569e+03 1.76525687e+04
1.35089535e+04 5.11199569e+03 1.76525687e+04
1.33488561e+04 5.19204437e+03 1.77326174e+04
1.33488561e+04 5.19204437e+03 1.77326174e+04
1.31887587e+04 5.27209306e+03 1.78126660e+04
1.31887587e+04 5.27209306e+03 1.78126660e+04
1.30286614e+04 5.35214174e+03 1.78927147e+04
1.30286614e+04 5.35214174e+03 1.78927147e+04
1.31887587e+04 5.43219042e+03 1.79727634e+04
1.31887587e+04 5.43219042e+03 1.79727634e+04
1.33488561e+04 5.51223911e+03 1.80528121e+04
1.33488561e+04 5.51223911e+03 1.80528121e+04
1.35089535e+04 5.59228779e+03 1.81328608e+04
1.35089535e+04 5.59228779e+03 1.81328608e+04
1.36690508e+04 5.67233648e+03 1.82129095e+04
1.36690508e+04 5.67233648e+03 1.82129095e+04
1.38291482e+04 5.59228779e+03 1.81328608e+04
1.38291482e+04 5.59228779e+03 1.81328608e+04
1.39892456e+04 5.51223911e+03 1.80528121e+04
1.39892456e+04 5.51223911e+03 1.80528121e+04
1.41493430e+04 5.43219042e+03 1.79727634e+04
1.41493430e+04 5.43219042e+03 1.79727634e+04
1.43094403e+04 5.35214174e+03 1.78927147e+04
5.85371047e+03 1.74482308e+04 1.79227928e+04
5.93375915e+03 1.73681821e+04 1.80828901e+04
5.93375915e+03 1.73681821e+04 1.80828901e+04
6.01380783e+03 1.72881335e+04 1.82429875e+04
6.01380783e+03 1.72881335e+04 1.82429875e+04
6.09385652e+03 1.72080848e+04 1.84030849e+04
6.09385652e+03 1.72080848e+04 1.84030849e+04
6.17390520e+03 1.71280361e+04 1.85631822e+04
6.17390520e+03 1.71280361e+04 1.85631822e+04
6.09385652e+03 1.72080848e+04 1.87232796e+04
6.09385652e+03 1.72080848e+04 1.87232796e+04
6.01380783e+03 1.72881335e+04 1.88833770e+04
6.01380783e+03 1.72881335e+04 1.88833770e+04
5.93375915e+03 1.73681821e+04 1.90434743e+04
5.93375915e+03 1.73681821e+04 1.90434743e+04
5.85371047e+03 1.74482308e+04 1.92035717e+04
5.85371047e+03 1.74482308e+04 1.92035717e+04
5.77366178e+03 1.75282795e+04 1.90434743e+04
5.77366178e+03 1.75282795e+04 1.90434743e+04
5.69361310e+03 1.76083282e+04 1.88833770e+04
5.69361310e+03 1.76083282e+04 1.88833770e+04
5.61356441e+03 1.76883769e+04 1.87232796e+04
5.61356441e+03 1.76883769e+04 1.87232796e+04
5.53351573e+03 1.77684256e+04 1.85631822e+04
5.53351573e+03 1.77684256e+04 1.85631822e+04
5.61356441e+03 1.76883769e+04 1.84030849e+04
5.61356441e+03 1.76883769e+04 1.84030849e+04
5.69361310e+03 1.76083282e+04 1.82429875e+04
5.69361310e+03 1.76083282e+04 1.82429875e+04
5.77366178e+03 1.75282795e+04 1.80828901e+04
5.77366178e+03 1.75282795e+04 1.80828901e+04
5.85371047e+03 1.74482308e+04 1.79227928e+04
3.31201613e+03 7.04492952e+03 1.40164150e+04
3.39206482e+03 7.12497821e+03 1.38563177e+04
3.39206482e+03 7.12497821e+03 1.38563177e+04
3.47211350e+03 7.20502689e+03 1.36962203e+04
3.47211350e+03 7.20502689e+03 1.36962203e+04
3.55216219e+03 7.28507558e+03 1.35361229e+04
3.55216219e+03 7.28507558e+03 1.35361229e+04
3.63221087e+03 7.36512426e+03 1.33760255e+04
3.63221087e+03 7.36512426e+03 1.33760255e+04
3.55216219e+03 7.28507558e+03 1.32159282e+04
3.55216219e+03 7.28507558e+03 1.32159282e+04
3.47211350e+03 7.20502689e+03 1.30558308e+04
3.47211350e+03 7.20502689e+03 1.30558308e+04
3.39206482e+03 7.12497821e+03 1.28957334e+04
3.39206482e+03 7.12497821e+03 1.28957334e+04
3.31201613e+03 7.04492952e+03 1.27356361e+04
3.31201613e+03 7.04492952e+03 1.27356361e+04
3.23196745e+03 6.96488084e+03 1.28957334e+04
3.23196745e+03 6.96488084e+03 1.28957334e+04
3.15191877e+03 6.88483216e+03 1.30558308e+04
3.15191877e+03 6.88483216e+03 1.30558308e+04
3.07187008e+03 6.80478347e+03 1.32159282e+04
3.07187008e+03 6.80478347e+03 1.32159282e+04
2.99182140e+03 6.72473479e+03 1.33760255e+04
2.99182140e+03 6.72473479e+03 1.33760255e+04
3.07187008e+03 6.80478347e+03 1.35361229e+04
3.07187008e+03 6.80478347e+03 1.35361229e+04
3.15191877e+03 6.88483216e+03 1.36962203e+04
3.15191877e+03 6.88483216e+03 1.36962203e+04
3.23196745e+03 6.96488084e+03 1.38563177e+04
3.23196745e+03 6.96488084e+03 1.38563177e+04
3.31201613e+03 7.04492952e+03 1.40164150e+04
1.80665092e+04 3.48204328e+03 1.95832127e+03
1.79864605e+04 3.32194591e+03 2.03836996e+03
1.79864605e+04 3.32194591e+03 2.03836996e+03
1.79064118e+04 3.16184854e+03 2.11841864e+03
1.79064118e+04 3.16184854e+03 2.11841864e+03
1.78263632e+04 3.00175117e+03 2.19846733e+03
1.78263632e+04 3.00175117e+03 2.19846733e+03
1.77463145e+04 2.84165380e+03 2.27851601e+03
1.77463145e+04 2.84165380e+03 2.27851601e+03
1.78263632e+04 2.68155644e+03 2.19846733e+03
1.78263632e+04 2.68155644e+03 2.19846733e+03
1.79064118e+04 2.52145907e+03 2.11841864e+03
1.79064118e+04 2.52145907e+03 2.11841864e+03
1.79864605e+04 2.36136170e+03 2.03836996e+03
1.79864605e+04 2.36136170e+03 2.03836996e+03
1.80665092e+04 2.20126433e+03 1.95832127e+03
1.80665092e+04 2.20126433e+03 1.95832127e+03
1.81465579e+04 2.36136170e+03 1.87827259e+03
1.81465579e+04 2.36136170e+03 1.87827259e+03
1.82266066e+04 2.52145907e+03 1.79822390e+03
1.82266066e+04 2.52145907e+03 1.79822390e+03
1.83066553e+04 2.68155644e+03 1.71817522e+03
1.83066553e+04 2.68155644e+03 1.71817522e+03
1.83867040e+04 2.84165380e+03 1.63812654e+03
1.83867040e+04 2.84165380e+03 1.63812654e+03
1.83066553e+04 3.00175117e+03 1.71817522e+03
1.83066553e+04 3.00175117e+03 1.71817522e+03
1.82266066e+04 3.16184854e+03 1.79822390e+03
1.82266066e+04 3.16184854e+03 1.79822390e+03
1.81465579e+04 3.32194591e+03 1.87827259e+03
1.81465579e+04 3.32194591e+03 1.87827259e+03
1.80665092e+04 3.48204328e+03 1.95832127e+03
8.07064268e+03 1.84797158e+04 8.13853743e+02
7.99059399e+03 1.86398132e+04 7.33805059e+02
7.99059399e+03 1.86398132e+04 7.33805059e+02
7.91054531e+03 1.87999106e+04 6.53756374e+02
7.91054531e+03 1.87999106e+04 6.53756374e+02
7.83049662e+03 1.89600079e+04 5.73707690e+02
7.83049662e+03 1.89600079e+04 5.73707690e+02
7.75044794e+03 1.91201053e+04 4.93659005e+02
7.75044794e+03 1.91201053e+04 4.93659005e+02
7.83049662e+03 1.92802027e+04 5.73707690e+02
7.83049662e+03 1.92802027e+04 5.73707690e+02
7.91054531e+03 1.94403000e+04 6.53756374e+02
7.91054531e+03 1.94403000e+04 6.53756374e+02
7.99059399e+03 1.96003974e+04 7.33805059e+02
7.99059399e+03 1.96003974e+04 7.33805059e+02
8.07064268e+03 1.97604948e+04 8.13853743e+02
8.07064268e+03 1.52651647e+02 8.13853743e+02
8.15069136e+03 -7.44572185e+00 8.93902428e+02
8.15069136e+03 1.96003974e+04 8.93902428e+02
8.23074005e+03 1.94403000e+04 9.73951112e+02
8.23074005e+03 1.94403000e+04 9.73951112e+02
8.31078873e+03 1.92802027e+04 1.05399980e+03
8.31078873e+03 1.92802027e+04 1.05399980e+03
8.39083742e+03 1.91201053e+04 1.13404848e+03
8.39083742e+03 1.91201053e+04 1.13404848e+03
8.31078873e+03 1.89600079e+04 1.05399980e+03
8.31078873e+03 1.89600079e+04 1.05399980e+03
8.23074005e+03 1.87999106e+04 9.73951112e+02
8.23074005e+03 1.87999106e+04 9.73951112e+02
8.15069136e+03 1.86398132e+04 8.93902428e+02
8.15069136e+03 1.86398132e+04 8.93902428e+02
8.07064268e+03 1.84797158e+04 8.13853743e+02
3.02459669e+03 1.19366272e+04 1.71017088e+03
3.18469406e+03 1.18565785e+04 1.79021957e+03
3.18469406e+03 1.18565785e+04 1.79021957e+03
3.34479143e+03 1.17765298e+04 1.87026825e+03
3.34479143e+03 1.17765298e+04 1.87026825e+03
3.50488880e+03 1.16964812e+04 1.95031694e+03
3.50488880e+03 1.16964812e+04 1.95031694e+03
3.66498617e+03 1.16164325e+04 2.03036562e+03
3.66498617e+03 1.16164325e+04 2.03036562e+03
3.82508354e+03 1.16964812e+04 1.95031694e+03
3.82508354e+03 1.16964812e+04 1.95031694e+03
3.98518090e+03 1.17765298e+04 1.87026825e+03
3.98518090e+03 1.17765298e+04 1.87026825e+03
4.14527827e+03 1.18565785e+04 1.79021957e+03
4.14527827e+03 1.18565785e+04 1.79021957e+03
4.30537564e+03 1.19366272e+04 1.71017088e+03
4.30537564e+03 1.19366272e+04 1.71017088e+03
4.14527827e+03 1.20166759e+04 1.63012220e+03
4.14527827e+03 1.20166759e+04 1.63012220e+03
3.98518090e+03 1.20967246e+04 1.55007352e+03
3.98518090e+03 1.20967246e+04 1.55007352e+03
3.82508354e+03 1.21767733e+04 1.47002483e+03
3.82508354e+03 1.21767733e+04 1.47002483e+03
3.66498617e+03 1.22568220e+04 1.38997615e+03
3.66498617e+03 1.22568220e+04 1.38997615e+03
3.50488880e+03 1.21767733e+04 1.47002483e+03
3.50488880e+03 1.21767733e+04 1.47002483e+03
3.34479143e+03 1.20967246e+04 1.55007352e+03
3.34479143e+03 1.20967246e+04 1.55007352e+03
3.18469406e+03 1.20166759e+04 1.63012220e+03
3.18469406e+03 1.20166759e+04 1.63012220e+03
3.02459669e+03 1.19366272e+04 1.71017088e+03
6.84211798e+03 1.19634466e+04 3.94499437e+03
6.68202061e+03 1.18833979e+04 3.86494569e+03
6.68202061e+03 1.18833979e+04 3.86494569e+03
6.52192325e+03 1.18033492e+04 3.78489700e+03
6.52192325e+03 1.18033492e+04 3.78489700e+03
6.36182588e+03 1.17233005e+04 3.70484832e+03
6.36182588e+03 1.17233005e+04 3.70484832e+03
6.20172851e+03 1.16432519e+04 3.62479963e+03
6.20172851e+03 1.16432519e+04 3.62479963e+03
6.04163114e+03 1.17233005e+04 3.70484832e+03
6.04163114e+03 1.17233005e+04 3.70484832e+03
5.88153377e+03 1.18033492e+04 3.78489700e+03
5.88153377e+03 1.18033492e+04 3.78489700e+03
5.72143640e+03 1.18833979e+04 3.86494569e+03
5.72143640e+03 1.18833979e+04 3.86494569e+03
5.56133903e+03 1.19634466e+04 3.94499437e+03
5.56133903e+03 1.19634466e+04 3.94499437e+03
5.72143640e+03 1.20434953e+04 4.02504305e+03
5.72143640e+03 1.20434953e+04 4.02504305e+03
5.88153377e+03 1.21235440e+04 4.10509174e+03
5.88153377e+03 1.21235440e+04 4.10509174e+03
6.04163114e+03 1.22035927e+04 4.18514042e+03
6.04163114e+03 1.22035927e+04 4.18514042e+03
6.20172851e+03 1.22836413e+04 4.26518911e+03
6.20172851e+03 1.22836413e+04 4.26518911e+03
6.36182588e+03 1.22035927e+04 4.18514042e+03
6.36182588e+03 1.22035927e+04 4.18514042e+03
6.52192325e+03 1.21235440e+04 4.10509174e+03
6.52192325e+03 1.21235440e+04 4.10509174e+03
6.68202061e+03 1.20434953e+04 4.02504305e+03
6.68202061e+03 1.20434953e+04 4.02504305e+03
6.84211798e+03 1.19634466e+04 3.94499437e+03
1.35666219e+04 4.79660728e+03 1.27002320e+04
1.36466706e+04 4.71655859e+03 1.28603294e+04
1.36466706e+04 4.71655859e+03 1.28603294e+04
1.37267193e+04 4.63650991e+03 1.30204268e+04
1.37267193e+04 4.63650991e+03 1.30204268e+04
1.38067679e+04 4.55646123e+03 1.31805241e+04
1.38067679e+04 4.55646123e+03 1.31805241e+04
1.38868166e+04 4.47641254e+03 1.33406215e+04
1.38868166e+04 4.47641254e+03 1.33406215e+04
1.38067679e+04 4.55646123e+03 1.35007189e+04
1.38067679e+04 4.55646123e+03 1.35007189e+04
1.37267193e+04 4.63650991e+03 1.36608162e+04
1.37267193e+04 4.63650991e+03 1.36608162e+04
1.36466706e+04 4.71655859e+03 1.38209136e+04
1.36466706e+04 4.71655859e+03 1.38209136e+04
1.35666219e+04 4.79660728e+03 1.39810110e+04
1.35666219e+04 4.79660728e+03 1.39810110e+04
1.34865732e+04 4.87665596e+03 1.38209136e+04
1.34865732e+04 4.87665596e+03 1.38209136e+04
1.34065245e+04 4.95670465e+03 1.36608162e+04
1.34065245e+04 4.95670465e+03 1.36608162e+04
1.33264758e+04 5.03675333e+03 1.35007189e+04
1.33264758e+04 5.03675333e+03 1.35007189e+04
1.32464272e+04 5.11680202e+03 1.33406215e+04
1.32464272e+04 5.11680202e+03 1.33406215e+04
1.33264758e+04 5.03675333e+03 1.31805241e+04
1.33264758e+04 5.03675333e+03 1.31805241e+04
1.34065245e+04 4.95670465e+03 1.30204268e+04
1.34065245e+04 4.95670465e+03 1.30204268e+04
1.34865732e+04 4.87665596e+03 1.28603294e+04
1.34865732e+04 4.87665596e+03 1.28603294e+04
1.35666219e+04 4.79660728e+03 1.27002320e+04
9.52819076e+03 5.10774141e+03 6.18431730e+03
9.60823945e+03 5.18779009e+03 6.02421993e+03
9.60823945e+03 5.18779009e+03 6.02421993e+03
9.68828813e+03 5.26783877e+03 5.86412257e+03
9.68828813e+03 5.26783877e+03 5.86412257e+03
9.76833682e+03 5.34788746e+03 5.70402520e+03
9.76833682e+03 5.34788746e+03 5.70402520e+03
9.84838550e+03 5.42793614e+03 5.54392783e+03
9.84838550e+03 5.42793614e+03 5.54392783e+03
9.76833682e+03 5.34788746e+03 5.38383046e+03
9.76833682e+03 5.34788746e+03 5.38383046e+03
9.68828813e+03 5.26783877e+03 5.22373309e+03
9.68828813e+03 5.26783877e+03 5.22373309e+03
9.60823945e+03 5.18779009e+03 5.06363572e+03
9.60823945e+03 5.18779009e+03 5.06363572e+03
9.52819076e+03 5.10774141e+03 4.90353835e+03
9.52819076e+03 5.10774141e+03 4.90353835e+03
9.44814208e+03 5.02769272e+03 5.06363572e+03
9.44814208e+03 5.02769272e+03 5.06363572e+03
9.36809339e+03 4.94764404e+03 5.22373309e+03
9.36809339e+03 4.94764404e+03 5.22373309e+03
9.28804471e+03 4.86759535e+03 5.38383046e+03
9.28804471e+03 4.86759535e+03 5.38383046e+03
9.20799603e+03 4.78754667e+03 5.54392783e+03
9.20799603e+03 4.78754667e+03 5.54392783e+03
9.28804471e+03 4.86759535e+03 5.70402520e+03
9.28804471e+03 4.86759535e+03 5.70402520e+03
9.36809339e+03 4.94764404e+03 5.86412257e+03
9.36809339e+03 4.94764404e+03 5.86412257e+03
9.44814208e+03 5.02769272e+03 6.02421993e+03
9.44814208e+03 5.02769272e+03 6.02421993e+03
9.52819076e+03 5.10774141e+03 6.18431730e+03
1.77539533e+04 6.04906962e+03 1.64930989e+04
1.76739046e+04 5.88897225e+03 1.65731476e+04
1.76739046e+04 5.88897225e+03 1.65731476e+04
1.75938560e+04 5.72887488e+03 1.66531962e+04
1.75938560e+04 5.72887488e+03 1.66531962e+04
1.75138073e+04 5.56877751e+03 1.67332449e+04
1.75138073e+04 5.56877751e+03 1.67332449e+04
1.74337586e+04 5.40868015e+03 1.68132936e+04
1.74337586e+04 5.40868015e+03 1.68132936e+04
1.75138073e+04 5.24858278e+03 1.67332449e+04
1.75138073e+04 5.24858278e+03 1.67332449e+04
1.75938560e+04 5.08848541e+03 1.66531962e+04
1.75938560e+04 5.08848541e+03 1.66531962e+04
1.76739046e+04 4.92838804e+03 1.65731476e+04
1.76739046e+04 4.92838804e+03 1.65731476e+04
1.77539533e+04 4.76829067e+03 1.64930989e+04
1.77539533e+04 4.76829067e+03 1.64930989e+04
1.78340020e+04 4.92838804e+03 1.64130502e+04
1.78340020e+04 4.92838804e+03 1.64130502e+04
1.79140507e+04 5.08848541e+03 1.63330015e+04
1.79140507e+04 5.08848541e+03 1.63330015e+04
1.79940994e+04 5.24858278e+03 1.62529528e+04
1.79940994e+04 5.24858278e+03 1.62529528e+04
1.80741481e+04 5.40868015e+03 1.61729041e+04
1.80741481e+04 5.40868015e+03 1.61729041e+04
1.79940994e+04 5.56877751e+03 1.62529528e+04
1.79940994e+04 5.56877751e+03 1.62529528e+04
1.79140507e+04 5.72887488e+03 1.63330015e+04
1.79140507e+04 5.72887488e+03 1.63330015e+04
1.78340020e+04 5.88897225e+03 1.64130502e+04
1.78340020e+04 5.88897225e+03 1.64130502e+04
1.77539533e+04 6.04906962e+03 1.64930989e+04
3.85145833e+03 5.84163855e+03 1.85613703e+04
3.77140964e+03 6.00173592e+03 1.84813216e+04
3.77140964e+03 6.00173592e+03 1.84813216e+04
3.69136096e+03 6.16183329e+03 1.84012729e+04
3.69136096e+03 6.16183329e+03 1.84012729e+04
3.61131227e+03 6.32193066e+03 1.83212242e+04
3.61131227e+03 6.32193066e+03 1.83212242e+04
3.53126359e+03 6.48202803e+03 1.82411756e+04
3.53126359e+03 6.48202803e+03 1.82411756e+04
3.61131227e+03 6.64212540e+03 1.83212242e+04
3.61131227e+03 6.64212540e+03 1.83212242e+04
3.69136096e+03 6.80222277e+03 1.84012729e+04
3.69136096e+03 6.80222277e+03 1.84012729e+04
3.77140964e+03 6.96232014e+03 1.84813216e+04
3.77140964e+03 6.96232014e+03 1.84813216e+04
3.85145833e+03 7.12241750e+03 1.85613703e+04
3.85145833e+03 7.12241750e+03 1.85613703e+04
3.93150701e+03 6.96232014e+03 1.86414190e+04
3.93150701e+03 6.96232014e+03 1.86414190e+04
4.01155570e+03 6.80222277e+03 1.87214677e+04
4.01155570e+03 6.80222277e+03 1.87214677e+04
4.09160438e+03 6.64212540e+03 1.88015164e+04
4.09160438e+03 6.64212540e+03 1.88015164e+04
4.17165306e+03 6.48202803e+03 1.88815650e+04
4.17165306e+03 6.48202803e+03 1.88815650e+04
4.09160438e+03 6.32193066e+03 1.88015164e+04
4.09160438e+03 6.32193066e+03 1.88015164e+04
4.01155570e+03 6.16183329e+03 1.87214677e+04
4.01155570e+03 6.16183329e+03 1.87214677e+04
3.93150701e+03 6.00173592e+03 1.86414190e+04
3.93150701e+03 6.00173592e+03 1.86414190e+04
3.85145833e+03 5.84163855e+03 1.85613703e+04
9.28258797e+03 7.91011487e+03 5.30618400e+02
9.44268534e+03 7.83006618e+03 6.10667084e+02
9.44268534e+03 7.83006618e+03 6.10667084e+02
9.60278270e+03 7.75001750e+03 6.90715768e+02
9.60278270e+03 7.75001750e+03 6.90715768e+02
9.76288007e+03 7.66996882e+03 7.70764453e+02
9.76288007e+03 7.66996882e+03 7.70764453e+02
9.92297744e+03 7.58992013e+03 8.50813137e+02
9.92297744e+03 7.58992013e+03 8.50813137e+02
1.00830748e+04 7.66996882e+03 7.70764453e+02
1.00830748e+04 7.66996882e+03 7.70764453e+02
1.02431722e+04 7.75001750e+03 6.90715768e+02
1.02431722e+04 7.75001750e+03 6.90715768e+02
1.04032695e+04 7.83006618e+03 6.10667084e+02
1.04032695e+04 7.83006618e+03 6.10667084e+02
1.05633669e+04 7.91011487e+03 5.30618400e+02
1.05633669e+04 7.91011487e+03 5.30618400e+02
1.04032695e+04 7.99016355e+03 4.50569715e+02
1.04032695e+04 7.99016355e+03 4.50569715e+02
1.02431722e+04 8.07021224e+03 3.70521031e+02
1.02431722e+04 8.07021224e+03 3.70521031e+02
1.00830748e+04 8.15026092e+03 2.90472346e+02
1.00830748e+04 8.15026092e+03 2.90472346e+02
9.92297744e+03 8.23030961e+03 2.10423662e+02
9.92297744e+03 8.23030961e+03 2.10423662e+02
9.76288007e+03 8.15026092e+03 2.90472346e+02
9.76288007e+03 8.15026092e+03 2.90472346e+02
9.60278270e+03 8.07021224e+03 3.70521031e+02
9.60278270e+03 8.07021224e+03 3.70521031e+02
9.44268534e+03 7.99016355e+03 4.50569715e+02
9.44268534e+03 7.99016355e+03 4.50569715e+02
9.28258797e+03 7.91011487e+03 5.30618400e+02
1.28320304e+04 6.81075503e+03 5.42743584e+03
1.26719331e+04 6.73070635e+03 5.34738715e+03
1.26719331e+04 6.73070635e+03 5.34738715e+03
1.25118357e+04 6.65065767e+03 5.26733847e+03
1.25118357e+04 6.65065767e+03 5.26733847e+03
1.23517383e+04 6.57060898e+03 5.18728979e+03
1.23517383e+04 6.57060898e+03 5.18728979e+03
1.21916410e+04 6.49056030e+03 5.10724110e+03
1.21916410e+04 6.49056030e+03 5.10724110e+03
1.20315436e+04 6.57060898e+03 5.18728979e+03
1.20315436e+04 6.57060898e+03 5.18728979e+03
1.18714462e+04 6.65065767e+03 5.26733847e+03
1.18714462e+04 6.65065767e+03 5.26733847e+03
1.17113489e+04 6.73070635e+03 5.34738715e+03
1.17113489e+04 6.73070635e+03 5.34738715e+03
1.15512515e+04 6.81075503e+03 5.42743584e+03
1.15512515e+04 6.81075503e+03 5.42743584e+03
1.17113489e+04 6.89080372e+03 5.50748452e+03
1.17113489e+04 6.89080372e+03 5.50748452e+03
1.18714462e+04 6.97085240e+03 5.58753321e+03
1.18714462e+04 6.97085240e+03 5.58753321e+03
1.20315436e+04 7.05090109e+03 5.66758189e+03
1.20315436e+04 7.05090109e+03 5.66758189e+03
1.21916410e+04 7.13094977e+03 5.74763058e+03
1.21916410e+04 7.13094977e+03 5.74763058e+03
1.23517383e+04 7.05090109e+03 5.66758189e+03
1.23517383e+04 7.05090109e+03 5.66758189e+03
1.25118357e+04 6.97085240e+03 5.58753321e+03
1.25118357e+04 6.97085240e+03 5.58753321e+03
1.26719331e+04 6.89080372e+03 5.50748452e+03
1.26719331e+04 6.89080372e+03 5.50748452e+03
1.28320304e+04 6.81075503e+03 5.42743584e+03
1.25597596e+03 6.55667684e+03 6.87256455e+02
1.33602464e+03 6.47662816e+03 8.47353824e+02
1.33602464e+03 6.47662816e+03 8.47353824e+02
1.41607333e+03 6.39657947e+03 1.00745119e+03
1.41607333e+03 6.39657947e+03 1.00745119e+03
1.49612201e+03 6.31653079e+03 1.16754856e+03
1.49612201e+03 6.31653079e+03 1.16754856e+03
1.57617070e+03 6.23648210e+03 1.32764593e+03
1.57617070e+03 6.23648210e+03 1.32764593e+03
1.49612201e+03 6.31653079e+03 1.48774330e+03
1.49612201e+03 6.31653079e+03 1.48774330e+03
1.41607333e+03 6.39657947e+03 1.64784067e+03
1.41607333e+03 6.39657947e+03 1.64784067e+03
1.33602464e+03 6.47662816e+03 1.80793804e+03
1.33602464e+03 6.47662816e+03 1.80793804e+03
1.25597596e+03 6.55667684e+03 1.96803541e+03
1.25597596e+03 6.55667684e+03 1.96803541e+03
1.17592728e+03 6.63672553e+03 1.80793804e+03
1.17592728e+03 6.63672553e+03 1.80793804e+03
1.09587859e+03 6.71677421e+03 1.64784067e+03
1.09587859e+03 6.71677421e+03 1.64784067e+03
1.01582991e+03 6.79682289e+03 1.48774330e+03
1.01582991e+03 6.79682289e+03 1.48774330e+03
9.35781222e+02 6.87687158e+03 1.32764593e+03
9.35781222e+02 6.87687158e+03 1.32764593e+03
1.01582991e+03 6.79682289e+03 1.16754856e+03
1.01582991e+03 6.79682289e+03 1.16754856e+03
1.09587859e+03 6.71677421e+03 1.00745119e+03
1.09587859e+03 6.71677421e+03 1.00745119e+03
1.17592728e+03 6.63672553e+03 8.47353824e+02
1.17592728e+03 6.63672553e+03 8.47353824e+02
1.25597596e+03 6.55667684e+03 6.87256455e+02
7.49852601e+01 8.03290263e+02 7.48264174e+03
1.55033944e+02 8.83338947e+02 7.32254437e+03
1.55033944e+02 8.83338947e+02 7.32254437e+03
2.35082629e+02 9.63387632e+02 7.16244700e+03
2.35082629e+02 9.63387632e+02 7.16244700e+03
3.15131313e+02 1.04343632e+03 7.00234964e+03
3.15131313e+02 1.04343632e+03 7.00234964e+03
3.95179998e+02 1.12348500e+03 6.84225227e+03
3.95179998e+02 1.12348500e+03 6.84225227e+03
3.15131313e+02 1.04343632e+03 6.68215490e+03
3.15131313e+02 1.04343632e+03 6.68215490e+03
2.35082629e+02 9.63387632e+02 6.52205753e+03
2.35082629e+02 9.63387632e+02 6.52205753e+03
1.55033944e+02 8.83338947e+02 6.36196016e+03
1.55033944e+02 8.83338947e+02 6.36196016e+03
7.49852601e+01 8.03290263e+02 6.20186279e+03
7.49852601e+01 8.03290263e+02 6.20186279e+03
-5.06342435e+00 7.23241579e+02 6.36196016e+03
1.96027797e+04 7.23241579e+02 6.36196016e+03
1.95227310e+04 6.43192894e+02 6.52205753e+03
1.95227310e+04 6.43192894e+02 6.52205753e+03
1.94426823e+04 5.63144210e+02 6.68215490e+03
1.94426823e+04 5.63144210e+02 6.68215490e+03
1.93626337e+04 4.83095525e+02 6.84225227e+03
1.93626337e+04 4.83095525e+02 6.84225227e+03
1.94426823e+04 5.63144210e+02 7.00234964e+03
1.94426823e+04 5.63144210e+02 7.00234964e+03
1.95227310e+04 6.43192894e+02 7.16244700e+03
1.95227310e+04 6.43192894e+02 7.16244700e+03
1.96027797e+04 7.23241579e+02 7.32254437e+03
1.96027797e+04 7.23241579e+02 7.32254437e+03
1.96828284e+04 8.03290263e+02 7.48264174e+03
1.80302570e+03 1.08426586e+04 4.23038850e+03
1.72297702e+03 1.06825613e+04 4.31043718e+03
1.72297702e+03 1.06825613e+04 4.31043718e+03
1.64292833e+03 1.05224639e+04 4.39048587e+03
1.64292833e+03 1.05224639e+04 4.39048587e+03
1.56287965e+03 1.03623665e+04 4.47053455e+03
1.56287965e+03 1.03623665e+04 4.47053455e+03
1.48283097e+03 1.02022691e+04 4.55058324e+03
1.48283097e+03 1.02022691e+04 4.55058324e+03
1.56287965e+03 1.00421718e+04 4.47053455e+03
1.56287965e+03 1.00421718e+04 4.47053455e+03
1.64292833e+03 9.88207441e+03 4.39048587e+03
1.64292833e+03 9.88207441e+03 4.39048587e+03
1.72297702e+03 9.72197704e+03 4.31043718e+03
1.72297702e+03 9.72197704e+03 4.31043718e+03
1.80302570e+03 9.56187967e+03 4.23038850e+03
1.80302570e+03 9.56187967e+03 4.23038850e+03
1.88307439e+03 9.72197704e+03 4.15033981e+03
1.88307439e+03 9.72197704e+03 4.15033981e+03
1.96312307e+03 9.88207441e+03 4.07029113e+03
1.96312307e+03 9.88207441e+03 4.07029113e+03
2.04317176e+03 1.00421718e+04 3.99024244e+03
2.04317176e+03 1.00421718e+04 3.99024244e+03
2.12322044e+03 1.02022691e+04 3.91019376e+03
2.12322044e+03 1.02022691e+04 3.91019376e+03
2.04317176e+03 1.03623665e+04 3.99024244e+03
2.04317176e+03 1.03623665e+04 3.99024244e+03
1.96312307e+03 1.05224639e+04 4.07029113e+03
1.96312307e+03 1.05224639e+04 4.07029113e+03
1.88307439e+03 1.06825613e+04 4.15033981e+03
1.88307439e+03 1.06825613e+04 4.15033981e+03
1.80302570e+03 1.08426586e+04 4.23038850e+03
1.94444421e+04 4.59857447e+03 1.33366285e+04
1.93643934e+04 4.75867184e+03 1.32565798e+04
1.93643934e+04 4.75867184e+03 1.32565798e+04
1.92843447e+04 4.91876920e+03 1.31765311e+04
1.92843447e+04 4.91876920e+03 1.31765311e+04
1.92042960e+04 5.07886657e+03 1.30964824e+04
1.92042960e+04 5.07886657e+03 1.30964824e+04
1.91242473e+04 5.23896394e+03 1.30164337e+04
1.91242473e+04 5.23896394e+03 1.30164337e+04
1.92042960e+04 5.39906131e+03 1.30964824e+04
1.92042960e+04 5.39906131e+03 1.30964824e+04
1.92843447e+04 5.55915868e+03 1.31765311e+04
1.92843447e+04 5.55915868e+03 1.31765311e+04
1.93643934e+04 5.71925605e+03 1.32565798e+04
1.93643934e+04 5.71925605e+03 1.32565798e+04
1.94444421e+04 5.87935342e+03 1.33366285e+04
1.94444421e+04 5.87935342e+03 1.33366285e+04
1.95244907e+04 5.71925605e+03 1.34166772e+04
1.95244907e+04 5.71925605e+03 1.34166772e+04
1.96045394e+04 5.55915868e+03 1.34967259e+04
1.96045394e+04 5.55915868e+03 1.34967259e+04
1.96845881e+04 5.39906131e+03 1.35767745e+04
7.67449769e+01 5.39906131e+03 1.35767745e+04
1.56793661e+02 5.23896394e+03 1.36568232e+04
1.56793661e+02 5.23896394e+03 1.36568232e+04
7.67449769e+01 5.07886657e+03 1.35767745e+04
7.67449769e+01 5.07886657e+03 1.35767745e+04
-3.30370755e+00 4.91876920e+03 1.34967259e+04
1.96045394e+04 4.91876920e+03 1.34967259e+04
1.95244907e+04 4.75867184e+03 1.34166772e+04
1.95244907e+04 4.75867184e+03 1.34166772e+04
1.94444421e+04 4.59857447e+03 1.33366285e+04
9.67816188e+03 8.62594254e+03 1.29716715e+04
9.83825925e+03 8.54589386e+03 1.30517202e+04
9.83825925e+03 8.54589386e+03 1.30517202e+04
9.99835662e+03 8.46584517e+03 1.31317689e+04
9.99835662e+03 8.46584517e+03 1.31317689e+04
1.01584540e+04 8.38579649e+03 1.32118175e+04
1.01584540e+04 8.38579649e+03 1.32118175e+04
1.03185514e+04 8.30574781e+03 1.32918662e+04
1.03185514e+04 8.30574781e+03 1.32918662e+04
1.04786487e+04 8.38579649e+03 1.32118175e+04
1.04786487e+04 8.38579649e+03 1.32118175e+04
1.06387461e+04 8.46584517e+03 1.31317689e+04
1.06387461e+04 8.46584517e+03 1.31317689e+04
1.07988435e+04 8.54589386e+03 1.30517202e+04
1.07988435e+04 8.54589386e+03 1.30517202e+04
1.09589408e+04 8.62594254e+03 1.29716715e+04
1.09589408e+04 8.62594254e+03 1.29716715e+04
1.07988435e+04 8.70599123e+03 1.28916228e+04
1.07988435e+04 8.70599123e+03 1.28916228e+04
1.06387461e+04 8.78603991e+03 1.28115741e+04
1.06387461e+04 8.78603991e+03 1.28115741e+04
1.04786487e+04 8.86608860e+03 1.27315254e+04
1.04786487e+04 8.86608860e+03 1.27315254e+04
1.03185514e+04 8.94613728e+03 1.26514767e+04
1.03185514e+04 8.94613728e+03 1.26514767e+04
1.01584540e+04 8.86608860e+03 1.27315254e+04
1.01584540e+04 8.86608860e+03 1.27315254e+04
9.99835662e+03 8.78603991e+03 1.28115741e+04
9.99835662e+03 8.78603991e+03 1.28115741e+04
9.83825925e+03 8.70599123e+03 1.28916228e+04
9.83825925e+03 8.70599123e+03 1.28916228e+04
9.67816188e+03 8.62594254e+03 1.29716715e+04
3.28323604e+03 1.54480197e+04 2.70544512e+03
3.12313867e+03 1.53679710e+04 2.62539643e+03
3.12313867e+03 1.53679710e+04 2.62539643e+03
2.96304130e+03 1.52879223e+04 2.54534775e+03
2.96304130e+03 1.52879223e+04 2.54534775e+03
2.80294393e+03 1.52078737e+04 2.46529906e+03
2.80294393e+03 1.52078737e+04 2.46529906e+03
2.64284656e+03 1.51278250e+04 2.38525038e+03
2.64284656e+03 1.51278250e+04 2.38525038e+03
2.48274919e+03 1.52078737e+04 2.46529906e+03
2.48274919e+03 1.52078737e+04 2.46529906e+03
2.32265182e+03 1.52879223e+04 2.54534775e+03
2.32265182e+03 1.52879223e+04 2.54534775e+03
2.16255445e+03 1.53679710e+04 2.62539643e+03
2.16255445e+03 1.53679710e+04 2.62539643e+03
2.00245709e+03 1.54480197e+04 2.70544512e+03
2.00245709e+03 1.54480197e+04 2.70544512e+03
2.16255445e+03 1.55280684e+04 2.78549380e+03
2.16255445e+03 1.55280684e+04 2.78549380e+03
2.32265182e+03 1.56081171e+04 2.86554249e+03
2.32265182e+03 1.56081171e+04 2.86554249e+03
2.48274919e+03 1.56881658e+04 2.94559117e+03
2.48274919e+03 1.56881658e+04 2.94559117e+03
2.64284656e+03 1.57682144e+04 3.02563986e+03
2.64284656e+03 1.57682144e+04 3.02563986e+03
2.80294393e+03 1.56881658e+04 2.94559117e+03
2.80294393e+03 1.56881658e+04 2.94559117e+03
2.96304130e+03 1.56081171e+04 2.86554249e+03
2.96304130e+03 1.56081171e+04 2.86554249e+03
3.12313867e+03 1.55280684e+04 2.78549380e+03
3.12313867e+03 1.55280684e+04 2.78549380e+03
3.28323604e+03 1.54480197e+04 2.70544512e+03
1.24102607e+04 4.18951682e+03 1.94257932e+04
1.24903094e+04 4.10946813e+03 1.95858905e+04
1.24903094e+04 4.10946813e+03 1.95858905e+04
1.25703581e+04 4.02941945e+03 1.97459879e+04
1.25703581e+04 4.02941945e+03 1.38144767e+02
1.26504068e+04 3.94937076e+03 2.98242136e+02
1.26504068e+04 3.94937076e+03 2.98242136e+02
1.27304555e+04 3.86932208e+03 4.58339505e+02
1.27304555e+04 3.86932208e+03 4.58339505e+02
1.26504068e+04 3.94937076e+03 6.18436873e+02
1.26504068e+04 3.94937076e+03 6.18436873e+02
1.25703581e+04 4.02941945e+03 7.78534242e+02
1.25703581e+04 4.02941945e+03 7.78534242e+02
1.24903094e+04 4.10946813e+03 9.38631611e+02
1.24903094e+04 4.10946813e+03 9.38631611e+02
1.24102607e+04 4.18951682e+03 1.09872898e+03
1.24102607e+04 4.18951682e+03 1.09872898e+03
1.23302121e+04 4.26956550e+03 9.38631611e+02
1.23302121e+04 4.26956550e+03 9.38631611e+02
1.22501634e+04 4.34961419e+03 7.78534242e+02
1.22501634e+04 4.34961419e+03 7.78534242e+02
1.21701147e+04 4.42966287e+03 6.18436873e+02
1.21701147e+04 4.42966287e+03 6.18436873e+02
1.20900660e+04 4.50971156e+03 4.58339505e+02
1.20900660e+04 4.50971156e+03 4.58339505e+02
1.21701147e+04 4.42966287e+03 2.98242136e+02
1.21701147e+04 4.42966287e+03 2.98242136e+02
1.22501634e+04 4.34961419e+03 1.38144767e+02
1.22501634e+04 4.34961419e+03 1.38144767e+02
1.23302121e+04 4.26956550e+03 -2.19526019e+01
1.23302121e+04 4.26956550e+03 1.95858905e+04
1.24102607e+04 4.18951682e+03 1.94257932e+04
1.22928230e+04 1.25914456e+04 1.32306510e+04
1.23728717e+04 1.26714943e+04 1.30705536e+04
1.23728717e+04 1.26714943e+04 1.30705536e+04
1.24529204e+04 1.27515430e+04 1.29104562e+04
1.24529204e+04 1.27515430e+04 1.29104562e+04
1.25329691e+04 1.28315917e+04 1.27503589e+04
1.25329691e+04 1.28315917e+04 1.27503589e+04
1.26130177e+04 1.29116404e+04 1.25902615e+04
1.26130177e+04 1.29116404e+04 1.25902615e+04
1.25329691e+04 1.28315917e+04 1.24301641e+04
1.25329691e+04 1.28315917e+04 1.24301641e+04
1.24529204e+04 1.27515430e+04 1.22700668e+04
1.24529204e+04 1.27515430e+04 1.22700668e+04
1.23728717e+04 1.26714943e+04 1.21099694e+04
1.23728717e+04 1.26714943e+04 1.21099694e+04
1.22928230e+04 1.25914456e+04 1.19498720e+04
1.22928230e+04 1.25914456e+04 1.19498720e+04
1.22127743e+04 1.25113969e+04 1.21099694e+04
1.22127743e+04 1.25113969e+04 1.21099694e+04
1.21327256e+04 1.24313483e+04 1.22700668e+04
1.21327256e+04 1.24313483e+04 1.22700668e+04
1.20526770e+04 1.23512996e+04 1.24301641e+04
1.20526770e+04 1.23512996e+04 1.24301641e+04
1.19726283e+04 1.22712509e+04 1.25902615e+04
1.19726283e+04 1.22712509e+04 1.25902615e+04
1.20526770e+04 1.23512996e+04 1.27503589e+04
1.20526770e+04 1.23512996e+04 1.27503589e+04
1.21327256e+04 1.24313483e+04 1.29104562e+04
1.21327256e+04 1.24313483e+04 1.29104562e+04
1.22127743e+04 1.25113969e+04 1.30705536e+04
1.22127743e+04 1.25113969e+04 1.30705536e+04
1.22928230e+04 1.25914456e+04 1.32306510e+04
1.69533510e+04 7.25218170e+03 8.05800758e+03
1.68733023e+04 7.09208433e+03 8.13805627e+03
1.68733023e+04 7.09208433e+03 8.13805627e+03
1.67932536e+04 6.93198696e+03 8.21810495e+03
1.67932536e+04 6.93198696e+03 8.21810495e+03
1.67132049e+04 6.77188959e+03 8.29815364e+03
1.67132049e+04 6.77188959e+03 8.29815364e+03
1.66331562e+04 6.61179222e+03 8.37820232e+03
1.66331562e+04 6.61179222e+03 8.37820232e+03
1.67132049e+04 6.45169486e+03 8.29815364e+03
1.67132049e+04 6.45169486e+03 8.29815364e+03
1.67932536e+04 6.29159749e+03 8.21810495e+03
1.67932536e+04 6.29159749e+03 8.21810495e+03
1.68733023e+04 6.13150012e+03 8.13805627e+03
1.68733023e+04 6.13150012e+03 8.13805627e+03
1.69533510e+04 5.97140275e+03 8.05800758e+03
1.69533510e+04 5.97140275e+03 8.05800758e+03
1.70333997e+04 6.13150012e+03 7.97795890e+03
1.70333997e+04 6.13150012e+03 7.97795890e+03
1.71134483e+04 6.29159749e+03 7.89791021e+03
1.71134483e+04 6.29159749e+03 7.89791021e+03
1.71934970e+04 6.45169486e+03 7.81786153e+03
1.71934970e+04 6.45169486e+03 7.81786153e+03
1.72735457e+04 6.61179222e+03 7.73781285e+03
1.72735457e+04 6.61179222e+03 7.73781285e+03
1.71934970e+04 6.77188959e+03 7.81786153e+03
1.71934970e+04 6.77188959e+03 7.81786153e+03
1.71134483e+04 6.93198696e+03 7.89791021e+03
1.71134483e+04 6.93198696e+03 7.89791021e+03
1.70333997e+04 7.09208433e+03 7.97795890e+03
1.70333997e+04 7.09208433e+03 7.97795890e+03
1.69533510e+04 7.25218170e+03 8.05800758e+03
1.19670330e+04 1.78075162e+04 2.98190725e+03
1.18869843e+04 1.79676136e+04 2.90185857e+03
1.18869843e+04 1.79676136e+04 2.90185857e+03
1.18069356e+04 1.81277110e+04 2.82180988e+03
1.18069356e+04 1.81277110e+04 2.82180988e+03
1.17268870e+04 1.82878083e+04 2.74176120e+03
1.17268870e+04 1.82878083e+04 2.74176120e+03
1.16468383e+04 1.84479057e+04 2.66171251e+03
1.16468383e+04 1.84479057e+04 2.66171251e+03
1.17268870e+04 1.86080031e+04 2.74176120e+03
1.17268870e+04 1.86080031e+04 2.74176120e+03
1.18069356e+04 1.87681004e+04 2.82180988e+03
1.18069356e+04 1.87681004e+04 2.82180988e+03
1.18869843e+04 1.89281978e+04 2.90185857e+03
1.18869843e+04 1.89281978e+04 2.90185857e+03
1.19670330e+04 1.90882952e+04 2.98190725e+03
1.19670330e+04 1.90882952e+04 2.98190725e+03
1.20470817e+04 1.89281978e+04 3.06195594e+03
1.20470817e+04 1.89281978e+04 3.06195594e+03
1.21271304e+04 1.87681004e+04 3.14200462e+03
1.21271304e+04 1.87681004e+04 3.14200462e+03
1.22071791e+04 1.86080031e+04 3.22205330e+03
1.22071791e+04 1.86080031e+04 3.22205330e+03
1.22872278e+04 1.84479057e+04 3.30210199e+03
1.22872278e+04 1.84479057e+04 3.30210199e+03
1.22071791e+04 1.82878083e+04 3.22205330e+03
1.22071791e+04 1.82878083e+04 3.22205330e+03
1.21271304e+04 1.81277110e+04 3.14200462e+03
1.21271304e+04 1.81277110e+04 3.14200462e+03
1.20470817e+04 1.79676136e+04 3.06195594e+03
1.20470817e+04 1.79676136e+04 3.06195594e+03
1.19670330e+04 1.78075162e+04 2.98190725e+03
2.96859103e+03 3.02820173e+03 1.39769476e+04
3.12868840e+03 2.94815304e+03 1.40569963e+04
3.12868840e+03 2.94815304e+03 1.40569963e+04
3.28878577e+03 2.86810436e+03 1.41370449e+04
3.28878577e+03 2.86810436e+03 1.41370449e+04
3.44888314e+03 2.78805568e+03 1.42170936e+04
3.44888314e+03 2.78805568e+03 1.42170936e+04
3.60898051e+03 2.70800699e+03 1.42971423e+04
3.60898051e+03 2.70800699e+03 1.42971423e+04
3.76907788e+03 2.78805568e+03 1.42170936e+04
3.76907788e+03 2.78805568e+03 1.42170936e+04
3.92917525e+03 2.86810436e+03 1.41370449e+04
3.92917525e+03 2.86810436e+03 1.41370449e+04
4.08927262e+03 2.94815304e+03 1.40569963e+04
4.08927262e+03 2.94815304e+03 1.40569963e+04
4.24936999e+03 3.02820173e+03 1.39769476e+04
4.24936999e+03 3.02820173e+03 1.39769476e+04
4.08927262e+03 3.10825041e+03 1.38968989e+04
4.08927262e+03 3.10825041e+03 1.38968989e+04
3.92917525e+03 3.18829910e+03 1.38168502e+04
3.92917525e+03 3.18829910e+03 1.38168502e+04
3.76907788e+03 3.26834778e+03 1.37368015e+04
3.76907788e+03 3.26834778e+03 1.37368015e+04
3.60898051e+03 3.34839647e+03 1.36567528e+04
3.60898051e+03 3.34839647e+03 1.36567528e+04
3.44888314e+03 3.26834778e+03 1.37368015e+04
3.44888314e+03 3.26834778e+03 1.37368015e+04
3.28878577e+03 3.18829910e+03 1.38168502e+04
3.28878577e+03 3.18829910e+03 1.38168502e+04
3.12868840e+03 3.10825041e+03 1.38968989e+04
3.12868840e+03 3.10825041e+03 1.38968989e+04
2.96859103e+03 3.02820173e+03 1.39769476e+04
1.88361377e+04 8.28798392e+03 1.06897503e+04
1.86760404e+04 8.20793524e+03 1.06097016e+04
1.86760404e+04 8.20793524e+03 1.06097016e+04
1.85159430e+04 8.12788655e+03 1.05296529e+04
1.85159430e+04 8.12788655e+03 1.05296529e+04
1.83558456e+04 8.04783787e+03 1.04496042e+04
1.83558456e+04 8.04783787e+03 1.04496042e+04
1.81957483e+04 7.96778918e+03 1.03695555e+04
1.81957483e+04 7.96778918e+03 1.03695555e+04
1.80356509e+04 8.04783787e+03 1.04496042e+04
1.80356509e+04 8.04783787e+03 1.04496042e+04
1.78755535e+04 8.12788655e+03 1.05296529e+04
1.78755535e+04 8.12788655e+03 1.05296529e+04
1.77154562e+04 8.20793524e+03 1.06097016e+04
1.77154562e+04 8.20793524e+03 1.06097016e+04
1.75553588e+04 8.28798392e+03 1.06897503e+04
1.75553588e+04 8.28798392e+03 1.06897503e+04
1.77154562e+04 8.36803261e+03 1.07697990e+04
1.77154562e+04 8.36803261e+03 1.07697990e+04
1.78755535e+04 8.44808129e+03 1.08498476e+04
1.78755535e+04 8.44808129e+03 1.08498476e+04
1.80356509e+04 8.52812997e+03 1.09298963e+04
1.80356509e+04 8.52812997e+03 1.09298963e+04
1.81957483e+04 8.60817866e+03 1.10099450e+04
1.81957483e+04 8.60817866e+03 1.10099450e+04
1.83558456e+04 8.52812997e+03 1.09298963e+04
1.83558456e+04 8.52812997e+03 1.09298963e+04
1.85159430e+04 8.44808129e+03 1.08498476e+04
1.85159430e+04 8.44808129e+03 1.08498476e+04
1.86760404e+04 8.36803261e+03 1.07697990e+04
1.86760404e+04 8.36803261e+03 1.07697990e+04
1.88361377e+04 8.28798392e+03 1.06897503e+04
6.32135226e+03 3.15107222e+03 1.31469051e+04
6.40140095e+03 3.07102354e+03 1.33070025e+04
6.40140095e+03 3.07102354e+03 1.33070025e+04
6.48144963e+03 2.99097485e+03 1.34670999e+04
6.48144963e+03 2.99097485e+03 1.34670999e+04
6.56149831e+03 2.91092617e+03 1.36271972e+04
6.56149831e+03 2.91092617e+03 1.36271972e+04
6.64154700e+03 2.83087748e+03 1.37872946e+04
6.64154700e+03 2.83087748e+03 1.37872946e+04
6.56149831e+03 2.91092617e+03 1.39473920e+04
6.56149831e+03 2.91092617e+03 1.39473920e+04
6.48144963e+03 2.99097485e+03 1.41074893e+04
6.48144963e+03 2.99097485e+03 1.41074893e+04
6.40140095e+03 3.07102354e+03 1.42675867e+04
6.40140095e+03 3.07102354e+03 1.42675867e+04
6.32135226e+03 3.15107222e+03 1.44276841e+04
6.32135226e+03 3.15107222e+03 1.44276841e+04
6.24130358e+03 3.23112090e+03 1.42675867e+04
6.24130358e+03 3.23112090e+03 1.42675867e+04
6.16125489e+03 3.31116959e+03 1.41074893e+04
6.16125489e+03 3.31116959e+03 1.41074893e+04
6.08120621e+03 3.39121827e+03 1.39473920e+04
6.08120621e+03 3.39121827e+03 1.39473920e+04
6.00115752e+03 3.47126696e+03 1.37872946e+04
6.00115752e+03 3.47126696e+03 1.37872946e+04
6.08120621e+03 3.39121827e+03 1.36271972e+04
6.08120621e+03 3.39121827e+03 1.36271972e+04
6.16125489e+03 3.31116959e+03 1.34670999e+04
6.16125489e+03 3.31116959e+03 1.34670999e+04
6.24130358e+03 3.23112090e+03 1.33070025e+04
6.24130358e+03 3.23112090e+03 1.33070025e+04
6.32135226e+03 3.15107222e+03 1.31469051e+04
1.43185962e+04 1.88314615e+04 7.90491047e+03
1.43986449e+04 1.89115102e+04 7.74481310e+03
1.43986449e+04 1.89115102e+04 7.74481310e+03
1.44786936e+04 1.89915589e+04 7.58471573e+03
1.44786936e+04 1.89915589e+04 7.58471573e+03
1.45587423e+04 1.90716076e+04 7.42461836e+03
1.45587423e+04 1.90716076e+04 7.42461836e+03
1.46387909e+04 1.91516563e+04 7.26452100e+03
1.46387909e+04 1.91516563e+04 7.26452100e+03
1.45587423e+04 1.90716076e+04 7.10442363e+03
1.45587423e+04 1.90716076e+04 7.10442363e+03
1.44786936e+04 1.89915589e+04 6.94432626e+03
1.44786936e+04 1.89915589e+04 6.94432626e+03
1.43986449e+04 1.89115102e+04 6.78422889e+03
1.43986449e+04 1.89115102e+04 6.78422889e+03
1.43185962e+04 1.88314615e+04 6.62413152e+03
1.43185962e+04 1.88314615e+04 6.62413152e+03
1.42385475e+04 1.87514128e+04 6.78422889e+03
1.42385475e+04 1.87514128e+04 6.78422889e+03
1.41584988e+04 1.86713642e+04 6.94432626e+03
1.41584988e+04 1.86713642e+04 6.94432626e+03
1.40784502e+04 1.85913155e+04 7.10442363e+03
1.40784502e+04 1.85913155e+04 7.10442363e+03
1.39984015e+04 1.85112668e+04 7.26452100e+03
1.39984015e+04 1.85112668e+04 7.26452100e+03
1.40784502e+04 1.85913155e+04 7.42461836e+03
1.40784502e+04 1.85913155e+04 7.42461836e+03
1.41584988e+04 1.86713642e+04 7.58471573e+03
1.41584988e+04 1.86713642e+04 7.58471573e+03
1.42385475e+04 1.87514128e+04 7.74481310e+03
1.42385475e+04 1.87514128e+04 7.74481310e+03
1.43185962e+04 1.88314615e+04 7.90491047e+03
1.40529096e+04 3.67080021e+02 2.17191292e+03
1.39728610e+04 2.06982652e+02 2.25196160e+03
1.39728610e+04 2.06982652e+02 2.25196160e+03
1.38928123e+04 4.68852832e+01 2.33201028e+03
1.38928123e+04 4.68852832e+01 2.33201028e+03
1.38127636e+04 -1.13212086e+02 2.41205897e+03
1.38127636e+04 1.94946311e+04 2.41205897e+03
1.37327149e+04 1.93345337e+04 2.49210765e+03
1.37327149e+04 1.93345337e+04 2.49210765e+03
1.38127636e+04 1.91744363e+04 2.41205897e+03
1.38127636e+04 1.91744363e+04 2.41205897e+03
1.38928123e+04 1.90143389e+04 2.33201028e+03
1.38928123e+04 1.90143389e+04 2.33201028e+03
1.39728610e+04 1.88542416e+04 2.25196160e+03
1.39728610e+04 1.88542416e+04 2.25196160e+03
1.40529096e+04 1.86941442e+04 2.17191292e+03
1.40529096e+04 1.86941442e+04 2.17191292e+03
1.41329583e+04 1.88542416e+04 2.09186423e+03
1.41329583e+04 1.88542416e+04 2.09186423e+03
1.42130070e+04 1.90143389e+04 2.01181555e+03
1.42130070e+04 1.90143389e+04 2.01181555e+03
1.42930557e+04 1.91744363e+04 1.93176686e+03
1.42930557e+04 1.91744363e+04 1.93176686e+03
1.43731044e+04 1.93345337e+04 1.85171818e+03
1.43731044e+04 1.93345337e+04 1.85171818e+03
1.42930557e+04 1.94946311e+04 1.93176686e+03
1.42930557e+04 1.94946311e+04 1.93176686e+03
1.42130070e+04 1.96547284e+04 2.01181555e+03
1.42130070e+04 4.68852832e+01 2.01181555e+03
1.41329583e+04 2.06982652e+02 2.09186423e+03
1.41329583e+04 2.06982652e+02 2.09186423e+03
1.40529096e+04 3.67080021e+02 2.17191292e+03
1.48672264e+04 2.44890702e+03 1.60085344e+04
1.47871778e+04 2.60900439e+03 1.59284857e+04
1.47871778e+04 2.60900439e+03 1.59284857e+04
1.47071291e+04 2.76910176e+03 1.58484371e+04
1.47071291e+04 2.76910176e+03 1.58484371e+04
1.46270804e+04 2.92919913e+03 1.57683884e+04
1.46270804e+04 2.92919913e+03 1.57683884e+04
1.45470317e+04 3.08929650e+03 1.56883397e+04
1.45470317e+04 3.08929650e+03 1.56883397e+04
1.46270804e+04 3.24939387e+03 1.57683884e+04
1.46270804e+04 3.24939387e+03 1.57683884e+04
1.47071291e+04 3.40949123e+03 1.58484371e+04
1.47071291e+04 3.40949123e+03 1.58484371e+04
1.47871778e+04 3.56958860e+03 1.59284857e+04
1.47871778e+04 3.56958860e+03 1.59284857e+04
1.48672264e+04 3.72968597e+03 1.60085344e+04
1.48672264e+04 3.72968597e+03 1.60085344e+04
1.49472751e+04 3.56958860e+03 1.60885831e+04
1.49472751e+04 3.56958860e+03 1.60885831e+04
1.50273238e+04 3.40949123e+03 1.61686318e+04
1.50273238e+04 3.40949123e+03 1.61686318e+04
1.51073725e+04 3.24939387e+03 1.62486805e+04
1.51073725e+04 3.24939387e+03 1.62486805e+04
1.51874212e+04 3.08929650e+03 1.63287292e+04
1.51874212e+04 3.08929650e+03 1.63287292e+04
1.51073725e+04 2.92919913e+03 1.62486805e+04
1.51073725e+04 2.92919913e+03 1.62486805e+04
1.50273238e+04 2.76910176e+03 1.61686318e+04
1.50273238e+04 2.76910176e+03 1.61686318e+04
1.49472751e+04 2.60900439e+03 1.60885831e+04
1.49472751e+04 2.60900439e+03 1.60885831e+04
1.48672264e+04 2.44890702e+03 1.60085344e+04
1.02244448e+04 1.14060828e+04 1.83557957e+04
1.03845421e+04 1.13260341e+04 1.84358444e+04
1.03845421e+04 1.13260341e+04 1.84358444e+04
1.05446395e+04 1.12459854e+04 1.85158931e+04
1.05446395e+04 1.12459854e+04 1.85158931e+04
1.07047369e+04 1.11659367e+04 1.85959418e+04
1.07047369e+04 1.11659367e+04 1.85959418e+04
1.08648342e+04 1.10858880e+04 1.86759905e+04
1.08648342e+04 1.10858880e+04 1.86759905e+04
1.10249316e+04 1.11659367e+04 1.85959418e+04
1.10249316e+04 1.11659367e+04 1.85959418e+04
1.11850290e+04 1.12459854e+04 1.85158931e+04
1.11850290e+04 1.12459854e+04 1.85158931e+04
1.13451263e+04 1.13260341e+04 1.84358444e+04
1.13451263e+04 1.13260341e+04 1.84358444e+04
1.15052237e+04 1.14060828e+04 1.83557957e+04
1.15052237e+04 1.14060828e+04 1.83557957e+04
1.13451263e+04 1.14861314e+04 1.82757471e+04
1.13451263e+04 1.14861314e+04 1.82757471e+04
1.11850290e+04 1.15661801e+04 1.81956984e+04
1.11850290e+04 1.15661801e+04 1.81956984e+04
1.10249316e+04 1.16462288e+04 1.81156497e+04
1.10249316e+04 1.16462288e+04 1.81156497e+04
1.08648342e+04 1.17262775e+04 1.80356010e+04
1.08648342e+04 1.17262775e+04 1.80356010e+04
1.07047369e+04 1.16462288e+04 1.81156497e+04
1.07047369e+04 1.16462288e+04 1.81156497e+04
1.05446395e+04 1.15661801e+04 1.81956984e+04
1.05446395e+04 1.15661801e+04 1.81956984e+04
1.03845421e+04 1.14861314e+04 1.82757471e+04
1.03845421e+04 1.14861314e+04 1.82757471e+04
1.02244448e+04 1.14060828e+04 1.83557957e+04
9.15701212e+03 9.59072914e+03 1.30613817e+04
8.99691476e+03 9.51068046e+03 1.29813330e+04
8.99691476e+03 9.51068046e+03 1.29813330e+04
8.83681739e+03 9.43063178e+03 1.29012843e+04
8.83681739e+03 9.43063178e+03 1.29012843e+04
8.67672002e+03 9.35058309e+03 1.28212356e+04
8.67672002e+03 9.35058309e+03 1.28212356e+04
8.51662265e+03 9.27053441e+03 1.27411870e+04
8.51662265e+03 9.27053441e+03 1.27411870e+04
8.35652528e+03 9.35058309e+03 1.28212356e+04
8.35652528e+03 9.35058309e+03 1.28212356e+04
8.19642791e+03 9.43063178e+03 1.29012843e+04
8.19642791e+03 9.43063178e+03 1.29012843e+04
8.03633054e+03 9.51068046e+03 1.29813330e+04
8.03633054e+03 9.51068046e+03 1.29813330e+04
7.87623317e+03 9.59072914e+03 1.30613817e+04
7.87623317e+03 9.59072914e+03 1.30613817e+04
8.03633054e+03 9.67077783e+03 1.31414304e+04
8.03633054e+03 9.67077783e+03 1.31414304e+04
8.19642791e+03 9.75082651e+03 1.32214791e+04
8.19642791e+03 9.75082651e+03 1.32214791e+04
8.35652528e+03 9.83087520e+03 1.33015278e+04
8.35652528e+03 9.83087520e+03 1.33015278e+04
8.51662265e+03 9.91092388e+03 1.33815764e+04
8.51662265e+03 9.91092388e+03 1.33815764e+04
8.67672002e+03 9.83087520e+03 1.33015278e+04
8.67672002e+03 9.83087520e+03 1.33015278e+04
8.83681739e+03 9.75082651e+03 1.32214791e+04
8.83681739e+03 9.75082651e+03 1.32214791e+04
8.99691476e+03 9.67077783e+03 1.31414304e+04
8.99691476e+03 9.67077783e+03 1.31414304e+04
9.15701212e+03 9.59072914e+03 1.30613817e+04
1.23559608e+04 2.55303433e+03 6.29772761e+03
1.24360095e+04 2.47298564e+03 6.45782498e+03
1.24360095e+04 2.47298564e+03 6.45782498e+03
1.25160582e+04 2.39293696e+03 6.61792235e+03
1.25160582e+04 2.39293696e+03 6.61792235e+03
1.25961069e+04 2.31288827e+03 6.77801971e+03
1.25961069e+04 2.31288827e+03 6.77801971e+03
1.26761555e+04 2.23283959e+03 6.93811708e+03
1.26761555e+04 2.23283959e+03 6.93811708e+03
1.25961069e+04 2.31288827e+03 7.09821445e+03
1.25961069e+04 2.31288827e+03 7.09821445e+03
1.25160582e+04 2.39293696e+03 7.25831182e+03
1.25160582e+04 2.39293696e+03 7.25831182e+03
1.24360095e+04 2.47298564e+03 7.41840919e+03
1.24360095e+04 2.47298564e+03 7.41840919e+03
1.23559608e+04 2.55303433e+03 7.57850656e+03
1.23559608e+04 2.55303433e+03 7.57850656e+03
1.22759121e+04 2.63308301e+03 7.41840919e+03
1.22759121e+04 2.63308301e+03 7.41840919e+03
1.21958634e+04 2.71313170e+03 7.25831182e+03
1.21958634e+04 2.71313170e+03 7.25831182e+03
1.21158148e+04 2.79318038e+03 7.09821445e+03
1.21158148e+04 2.79318038e+03 7.09821445e+03
1.20357661e+04 2.87322906e+03 6.93811708e+03
1.20357661e+04 2.87322906e+03 6.93811708e+03
1.21158148e+04 2.79318038e+03 6.77801971e+03
1.21158148e+04 2.79318038e+03 6.77801971e+03
1.21958634e+04 2.71313170e+03 6.61792235e+03
1.21958634e+04 2.71313170e+03 6.61792235e+03
1.22759121e+04 2.63308301e+03 6.45782498e+03
1.22759121e+04 2.63308301e+03 6.45782498e+03
1.23559608e+04 2.55303433e+03 6.29772761e+03
1.24533997e+04 1.80187424e+04 2.42993302e+03
1.25334484e+04 1.80987911e+04 2.26983565e+03
1.25334484e+04 1.80987911e+04 2.26983565e+03
1.26134971e+04 1.81788397e+04 2.10973828e+03
1.26134971e+04 1.81788397e+04 2.10973828e+03
1.26935458e+04 1.82588884e+04 1.94964091e+03
1.26935458e+04 1.82588884e+04 1.94964091e+03
1.27735944e+04 1.83389371e+04 1.78954354e+03
1.27735944e+04 1.83389371e+04 1.78954354e+03
1.26935458e+04 1.82588884e+04 1.62944617e+03
1.26935458e+04 1.82588884e+04 1.62944617e+03
1.26134971e+04 1.81788397e+04 1.46934880e+03
1.26134971e+04 1.81788397e+04 1.46934880e+03
1.25334484e+04 1.80987911e+04 1.30925143e+03
1.25334484e+04 1.80987911e+04 1.30925143e+03
1.24533997e+04 1.80187424e+04 1.14915407e+03
1.24533997e+04 1.80187424e+04 1.14915407e+03
1.23733510e+04 1.79386937e+04 1.30925143e+03
1.23733510e+04 1.79386937e+04 1.30925143e+03
1.22933023e+04 1.78586450e+04 1.46934880e+03
1.22933023e+04 1.78586450e+04 1.46934880e+03
1.22132536e+04 1.77785963e+04 1.62944617e+03
1.22132536e+04 1.77785963e+04 1.62944617e+03
1.21332050e+04 1.76985476e+04 1.78954354e+03
1.21332050e+04 1.76985476e+04 1.78954354e+03
1.22132536e+04 1.77785963e+04 1.94964091e+03
1.22132536e+04 1.77785963e+04 1.94964091e+03
1.22933023e+04 1.78586450e+04 2.10973828e+03
1.22933023e+04 1.78586450e+04 2.10973828e+03
1.23733510e+04 1.79386937e+04 2.26983565e+03
1.23733510e+04 1.79386937e+04 2.26983565e+03
1.24533997e+04 1.80187424e+04 2.42993302e+03
1.39376716e+03 8.75238234e+03 4.22825822e+03
1.31371847e+03 8.59228497e+03 4.30830691e+03
1.31371847e+03 8.59228497e+03 4.30830691e+03
1.23366979e+03 8.43218760e+03 4.38835559e+03
1.23366979e+03 8.43218760e+03 4.38835559e+03
1.15362110e+03 8.27209023e+03 4.46840427e+03
1.15362110e+03 8.27209023e+03 4.46840427e+03
1.07357242e+03 8.11199287e+03 4.54845296e+03
1.07357242e+03 8.11199287e+03 4.54845296e+03
1.15362110e+03 7.95189550e+03 4.46840427e+03
1.15362110e+03 7.95189550e+03 4.46840427e+03
1.23366979e+03 7.79179813e+03 4.38835559e+03
1.23366979e+03 7.79179813e+03 4.38835559e+03
1.31371847e+03 7.63170076e+03 4.30830691e+03
1.31371847e+03 7.63170076e+03 4.30830691e+03
1.39376716e+03 7.47160339e+03 4.22825822e+03
1.39376716e+03 7.47160339e+03 4.22825822e+03
1.47381584e+03 7.63170076e+03 4.14820954e+03
1.47381584e+03 7.63170076e+03 4.14820954e+03
1.55386453e+03 7.79179813e+03 4.06816085e+03
1.55386453e+03 7.79179813e+03 4.06816085e+03
1.63391321e+03 7.95189550e+03 3.98811217e+03
1.63391321e+03 7.95189550e+03 3.98811217e+03
1.71396189e+03 8.11199287e+03 3.90806348e+03
1.71396189e+03 8.11199287e+03 3.90806348e+03
1.63391321e+03 8.27209023e+03 3.98811217e+03
1.63391321e+03 8.27209023e+03 3.98811217e+03
1.55386453e+03 8.43218760e+03 4.06816085e+03
1.55386453e+03 8.43218760e+03 4.06816085e+03
1.47381584e+03 8.59228497e+03 4.14820954e+03
1.47381584e+03 8.59228497e+03 4.14820954e+03
1.39376716e+03 8.75238234e+03 4.22825822e+03
1.01901692e+04 1.03108659e+04 9.28823851e+03
1.01101206e+04 1.04709632e+04 9.20818982e+03
1.01101206e+04 1.04709632e+04 9.20818982e+03
1.00300719e+04 1.06310606e+04 9.12814114e+03
1.00300719e+04 1.06310606e+04 9.12814114e+03
9.95002319e+03 1.07911580e+04 9.04809246e+03
9.95002319e+03 1.07911580e+04 9.04809246e+03
9.86997451e+03 1.09512553e+04 8.96804377e+03
9.86997451e+03 1.09512553e+04 8.96804377e+03
9.95002319e+03 1.11113527e+04 9.04809246e+03
9.95002319e+03 1.11113527e+04 9.04809246e+03
1.00300719e+04 1.12714501e+04 9.12814114e+03
1.00300719e+04 1.12714501e+04 9.12814114e+03
1.01101206e+04 1.14315474e+04 9.20818982e+03
1.01101206e+04 1.14315474e+04 9.20818982e+03
1.01901692e+04 1.15916448e+04 9.28823851e+03
1.01901692e+04 1.15916448e+04 9.28823851e+03
1.02702179e+04 1.14315474e+04 9.36828719e+03
1.02702179e+04 1.14315474e+04 9.36828719e+03
1.03502666e+04 1.12714501e+04 9.44833588e+03
1.03502666e+04 1.12714501e+04 9.44833588e+03
1.04303153e+04 1.11113527e+04 9.52838456e+03
1.04303153e+04 1.11113527e+04 9.52838456e+03
1.05103640e+04 1.09512553e+04 9.60843325e+03
1.05103640e+04 1.09512553e+04 9.60843325e+03
1.04303153e+04 1.07911580e+04 9.52838456e+03
1.04303153e+04 1.07911580e+04 9.52838456e+03
1.03502666e+04 1.06310606e+04 9.44833588e+03
1.03502666e+04 1.06310606e+04 9.44833588e+03
1.02702179e+04 1.04709632e+04 9.36828719e+03
1.02702179e+04 1.04709632e+04 9.36828719e+03
1.01901692e+04 1.03108659e+04 9.28823851e+03
3.59239722e+03 4.69488010e+03 4.24976966e+03
3.75249459e+03 4.61483142e+03 4.32981835e+03
3.75249459e+03 4.61483142e+03 4.32981835e+03
3.91259196e+03 4.53478274e+03 4.40986703e+03
3.91259196e+03 4.53478274e+03 4.40986703e+03
4.07268933e+03 4.45473405e+03 4.48991571e+03
4.07268933e+03 4.45473405e+03 4.48991571e+03
4.23278670e+03 4.37468537e+03 4.56996440e+03
4.23278670e+03 4.37468537e+03 4.56996440e+03
4.39288407e+03 4.45473405e+03 4.48991571e+03
4.39288407e+03 4.45473405e+03 4.48991571e+03
4.55298144e+03 4.53478274e+03 4.40986703e+03
4.55298144e+03 4.53478274e+03 4.40986703e+03
4.71307881e+03 4.61483142e+03 4.32981835e+03
4.71307881e+03 4.61483142e+03 4.32981835e+03
4.87317617e+03 4.69488010e+03 4.24976966e+03
4.87317617e+03 4.69488010e+03 4.24976966e+03
4.71307881e+03 4.77492879e+03 4.16972098e+03
4.71307881e+03 4.77492879e+03 4.16972098e+03
4.55298144e+03 4.85497747e+03 4.08967229e+03
4.55298144e+03 4.85497747e+03 4.08967229e+03
4.39288407e+03 4.93502616e+03 4.00962361e+03
4.39288407e+03 4.93502616e+03 4.00962361e+03
4.23278670e+03 5.01507484e+03 3.92957492e+03
4.23278670e+03 5.01507484e+03 3.92957492e+03
4.07268933e+03 4.93502616e+03 4.00962361e+03
4.07268933e+03 4.93502616e+03 4.00962361e+03
3.91259196e+03 4.85497747e+03 4.08967229e+03
3.91259196e+03 4.85497747e+03 4.08967229e+03
3.75249459e+03 4.77492879e+03 4.16972098e+03
3.75249459e+03 4.77492879e+03 4.16972098e+03
3.59239722e+03 4.69488010e+03 4.24976966e+03
1.34970636e+04 1.65959500e+04 1.82443999e+04
1.33369662e+04 1.65159013e+04 1.81643512e+04
1.33369662e+04 1.65159013e+04 1.81643512e+04
1.31768688e+04 1.64358526e+04 1.80843025e+04
1.31768688e+04 1.64358526e+04 1.80843025e+04
1.30167714e+04 1.63558040e+04 1.80042538e+04
1.30167714e+04 1.63558040e+04 1.80042538e+04
1.28566741e+04 1.62757553e+04 1.79242051e+04
1.28566741e+04 1.62757553e+04 1.79242051e+04
1.26965767e+04 1.63558040e+04 1.80042538e+04
1.26965767e+04 1.63558040e+04 1.80042538e+04
1.25364793e+04 1.64358526e+04 1.80843025e+04
1.25364793e+04 1.64358526e+04 1.80843025e+04
1.23763820e+04 1.65159013e+04 1.81643512e+04
1.23763820e+04 1.65159013e+04 1.81643512e+04
1.22162846e+04 1.65959500e+04 1.82443999e+04
1.22162846e+04 1.65959500e+04 1.82443999e+04
1.23763820e+04 1.66759987e+04 1.83244486e+04
1.23763820e+04 1.66759987e+04 1.83244486e+04
1.25364793e+04 1.67560474e+04 1.84044972e+04
1.25364793e+04 1.67560474e+04 1.84044972e+04
1.26965767e+04 1.68360961e+04 1.84845459e+04
1.26965767e+04 1.68360961e+04 1.84845459e+04
1.28566741e+04 1.69161447e+04 1.85645946e+04
1.28566741e+04 1.69161447e+04 1.85645946e+04
1.30167714e+04 1.68360961e+04 1.84845459e+04
1.30167714e+04 1.68360961e+04 1.84845459e+04
1.31768688e+04 1.67560474e+04 1.84044972e+04
1.31768688e+04 1.67560474e+04 1.84044972e+04
1.33369662e+04 1.66759987e+04 1.83244486e+04
1.33369662e+04 1.66759987e+04 1.83244486e+04
1.34970636e+04 1.65959500e+04 1.82443999e+04
1.56922650e+04 1.33475656e+04 3.42347245e+03
1.57723137e+04 1.32675169e+04 3.58356982e+03
1.57723137e+04 1.32675169e+04 3.58356982e+03
1.58523624e+04 1.31874682e+04 3.74366719e+03
1.58523624e+04 1.31874682e+04 3.74366719e+03
1.59324111e+04 1.31074195e+04 3.90376456e+03
1.59324111e+04 1.31074195e+04 3.90376456e+03
1.60124598e+04 1.30273709e+04 4.06386193e+03
1.60124598e+04 1.30273709e+04 4.06386193e+03
1.59324111e+04 1.31074195e+04 4.22395929e+03
1.59324111e+04 1.31074195e+04 4.22395929e+03
1.58523624e+04 1.31874682e+04 4.38405666e+03
1.58523624e+04 1.31874682e+04 4.38405666e+03
1.57723137e+04 1.32675169e+04 4.54415403e+03
1.57723137e+04 1.32675169e+04 4.54415403e+03
1.56922650e+04 1.33475656e+04 4.70425140e+03
1.56922650e+04 1.33475656e+04 4.70425140e+03
1.56122164e+04 1.34276143e+04 4.54415403e+03
1.56122164e+04 1.34276143e+04 4.54415403e+03
1.55321677e+04 1.35076630e+04 4.38405666e+03
1.55321677e+04 1.35076630e+04 4.38405666e+03
1.54521190e+04 1.35877116e+04 4.22395929e+03
1.54521190e+04 1.35877116e+04 4.22395929e+03
1.53720703e+04 1.36677603e+04 4.06386193e+03
1.53720703e+04 1.36677603e+04 4.06386193e+03
1.54521190e+04 1.35877116e+04 3.90376456e+03
1.54521190e+04 1.35877116e+04 3.90376456e+03
1.55321677e+04 1.35076630e+04 3.74366719e+03
1.55321677e+04 1.35076630e+04 3.74366719e+03
1.56122164e+04 1.34276143e+04 3.58356982e+03
1.56122164e+04 1.34276143e+04 3.58356982e+03
1.56922650e+04 1.33475656e+04 3.42347245e+03
1.45423475e+04 1.36647958e+04 8.12586936e+03
1.46223962e+04 1.37448445e+04 7.96577199e+03
1.46223962e+04 1.37448445e+04 7.96577199e+03
1.47024449e+04 1.38248932e+04 7.80567463e+03
1.47024449e+04 1.38248932e+04 7.80567463e+03
1.47824936e+04 1.39049419e+04 7.64557726e+03
1.47824936e+04 1.39049419e+04 7.64557726e+03
1.48625423e+04 1.39849905e+04 7.48547989e+03
1.48625423e+04 1.39849905e+04 7.48547989e+03
1.47824936e+04 1.39049419e+04 7.32538252e+03
1.47824936e+04 1.39049419e+04 7.32538252e+03
1.47024449e+04 1.38248932e+04 7.16528515e+03
1.47024449e+04 1.38248932e+04 7.16528515e+03
1.46223962e+04 1.37448445e+04 7.00518778e+03
1.46223962e+04 1.37448445e+04 7.00518778e+03
1.45423475e+04 1.36647958e+04 6.84509041e+03
1.45423475e+04 1.36647958e+04 6.84509041e+03
1.44622989e+04 1.35847471e+04 7.00518778e+03
1.44622989e+04 1.35847471e+04 7.00518778e+03
1.43822502e+04 1.35046984e+04 7.16528515e+03
1.43822502e+04 1.35046984e+04 7.16528515e+03
1.43022015e+04 1.34246497e+04 7.32538252e+03
1.43022015e+04 1.34246497e+04 7.32538252e+03
1.42221528e+04 1.33446011e+04 7.48547989e+03
1.42221528e+04 1.33446011e+04 7.48547989e+03
1.43022015e+04 1.34246497e+04 7.64557726e+03
1.43022015e+04 1.34246497e+04 7.64557726e+03
1.43822502e+04 1.35046984e+04 7.80567463e+03
1.43822502e+04 1.35046984e+04 7.80567463e+03
1.44622989e+04 1.35847471e+04 7.96577199e+03
1.44622989e+04 1.35847471e+04 7.96577199e+03
1.45423475e+04 1.36647958e+04 8.12586936e+03
1.66690024e+04 1.09955107e+04 1.75099817e+04
1.65889538e+04 1.08354133e+04 1.75900304e+04
1.65889538e+04 1.08354133e+04 1.75900304e+04
1.65089051e+04 1.06753159e+04 1.76700791e+04
1.65089051e+04 1.06753159e+04 1.76700791e+04
1.64288564e+04 1.05152186e+04 1.77501278e+04
1.64288564e+04 1.05152186e+04 1.77501278e+04
1.63488077e+04 1.03551212e+04 1.78301765e+04
1.63488077e+04 1.03551212e+04 1.78301765e+04
1.64288564e+04 1.01950238e+04 1.77501278e+04
1.64288564e+04 1.01950238e+04 1.77501278e+04
1.65089051e+04 1.00349265e+04 1.76700791e+04
1.65089051e+04 1.00349265e+04 1.76700791e+04
1.65889538e+04 9.87482909e+03 1.75900304e+04
1.65889538e+04 9.87482909e+03 1.75900304e+04
1.66690024e+04 9.71473172e+03 1.75099817e+04
1.66690024e+04 9.71473172e+03 1.75099817e+04
1.67490511e+04 9.87482909e+03 1.74299331e+04
1.67490511e+04 9.87482909e+03 1.74299331e+04
1.68290998e+04 1.00349265e+04 1.73498844e+04
1.68290998e+04 1.00349265e+04 1.73498844e+04
1.69091485e+04 1.01950238e+04 1.72698357e+04
1.69091485e+04 1.01950238e+04 1.72698357e+04
1.69891972e+04 1.03551212e+04 1.71897870e+04
1.69891972e+04 1.03551212e+04 1.71897870e+04
1.69091485e+04 1.05152186e+04 1.72698357e+04
1.69091485e+04 1.05152186e+04 1.72698357e+04
1.68290998e+04 1.06753159e+04 1.73498844e+04
1.68290998e+04 1.06753159e+04 1.73498844e+04
1.67490511e+04 1.08354133e+04 1.74299331e+04
1.67490511e+04 1.08354133e+04 1.74299331e+04
1.66690024e+04 1.09955107e+04 1.75099817e+04
1.60893995e+04 3.84154424e+03 1.60906661e+04
1.60093508e+04 4.00164161e+03 1.60106174e+04
1.60093508e+04 4.00164161e+03 1.60106174e+04
1.59293021e+04 4.16173898e+03 1.59305687e+04
1.59293021e+04 4.16173898e+03 1.59305687e+04
1.58492535e+04 4.32183634e+03 1.58505200e+04
1.58492535e+04 4.32183634e+03 1.58505200e+04
1.57692048e+04 4.48193371e+03 1.57704713e+04
1.57692048e+04 4.48193371e+03 1.57704713e+04
1.58492535e+04 4.64203108e+03 1.58505200e+04
1.58492535e+04 4.64203108e+03 1.58505200e+04
1.59293021e+04 4.80212845e+03 1.59305687e+04
1.59293021e+04 4.80212845e+03 1.59305687e+04
1.60093508e+04 4.96222582e+03 1.60106174e+04
1.60093508e+04 4.96222582e+03 1.60106174e+04
1.60893995e+04 5.12232319e+03 1.60906661e+04
1.60893995e+04 5.12232319e+03 1.60906661e+04
1.61694482e+04 4.96222582e+03 1.61707147e+04
1.61694482e+04 4.96222582e+03 1.61707147e+04
1.62494969e+04 4.80212845e+03 1.62507634e+04
1.62494969e+04 4.80212845e+03 1.62507634e+04
1.63295456e+04 4.64203108e+03 1.63308121e+04
1.63295456e+04 4.64203108e+03 1.63308121e+04
1.64095942e+04 4.48193371e+03 1.64108608e+04
1.64095942e+04 4.48193371e+03 1.64108608e+04
1.63295456e+04 4.32183634e+03 1.63308121e+04
1.63295456e+04 4.32183634e+03 1.63308121e+04
1.62494969e+04 4.16173898e+03 1.62507634e+04
1.62494969e+04 4.16173898e+03 1.62507634e+04
1.61694482e+04 4.00164161e+03 1.61707147e+04
1.61694482e+04 4.00164161e+03 1.61707147e+04
1.60893995e+04 3.84154424e+03 1.60906661e+04
2.07650121e+03 9.46014696e+03 2.91785405e+03
2.23659858e+03 9.38009828e+03 2.99790273e+03
2.23659858e+03 9.38009828e+03 2.99790273e+03
2.39669595e+03 9.30004960e+03 3.07795142e+03
2.39669595e+03 9.30004960e+03 3.07795142e+03
2.55679332e+03 9.22000091e+03 3.15800010e+03
2.55679332e+03 9.22000091e+03 3.15800010e+03
2.71689069e+03 9.13995223e+03 3.23804879e+03
2.71689069e+03 9.13995223e+03 3.23804879e+03
2.87698806e+03 9.22000091e+03 3.15800010e+03
2.87698806e+03 9.22000091e+03 3.15800010e+03
3.03708543e+03 9.30004960e+03 3.07795142e+03
3.03708543e+03 9.30004960e+03 3.07795142e+03
3.19718280e+03 9.38009828e+03 2.99790273e+03
3.19718280e+03 9.38009828e+03 2.99790273e+03
3.35728016e+03 9.46014696e+03 2.91785405e+03
3.35728016e+03 9.46014696e+03 2.91785405e+03
3.19718280e+03 9.54019565e+03 2.83780536e+03
3.19718280e+03 9.54019565e+03 2.83780536e+03
3.03708543e+03 9.62024433e+03 2.75775668e+03
3.03708543e+03 9.62024433e+03 2.75775668e+03
2.87698806e+03 9.70029302e+03 2.67770799e+03
2.87698806e+03 9.70029302e+03 2.67770799e+03
2.71689069e+03 9.78034170e+03 2.59765931e+03
2.71689069e+03 9.78034170e+03 2.59765931e+03
2.55679332e+03 9.70029302e+03 2.67770799e+03
2.55679332e+03 9.70029302e+03 2.67770799e+03
2.39669595e+03 9.62024433e+03 2.75775668e+03
2.39669595e+03 9.62024433e+03 2.75775668e+03
2.23659858e+03 9.54019565e+03 2.83780536e+03
2.23659858e+03 9.54019565e+03 2.83780536e+03
2.07650121e+03 9.46014696e+03 2.91785405e+03
9.43046898e+03 1.30579700e+04 1.54712240e+04
9.27037161e+03 1.29779214e+04 1.53911753e+04
9.27037161e+03 1.29779214e+04 1.53911753e+04
9.11027425e+03 1.28978727e+04 1.53111267e+04
9.11027425e+03 1.28978727e+04 1.53111267e+04
8.95017688e+03 1.28178240e+04 1.52310780e+04
8.95017688e+03 1.28178240e+04 1.52310780e+04
8.79007951e+03 1.27377753e+04 1.51510293e+04
8.79007951e+03 1.27377753e+04 1.51510293e+04
8.62998214e+03 1.28178240e+04 1.52310780e+04
8.62998214e+03 1.28178240e+04 1.52310780e+04
8.46988477e+03 1.28978727e+04 1.53111267e+04
8.46988477e+03 1.28978727e+04 1.53111267e+04
8.30978740e+03 1.29779214e+04 1.53911753e+04
8.30978740e+03 1.29779214e+04 1.53911753e+04
8.14969003e+03 1.30579700e+04 1.54712240e+04
8.14969003e+03 1.30579700e+04 1.54712240e+04
8.30978740e+03 1.31380187e+04 1.55512727e+04
8.30978740e+03 1.31380187e+04 1.55512727e+04
8.46988477e+03 1.32180674e+04 1.56313214e+04
8.46988477e+03 1.32180674e+04 1.56313214e+04
8.62998214e+03 1.32981161e+04 1.57113701e+04
8.62998214e+03 1.32981161e+04 1.57113701e+04
8.79007951e+03 1.33781648e+04 1.57914188e+04
8.79007951e+03 1.33781648e+04 1.57914188e+04
8.95017688e+03 1.32981161e+04 1.57113701e+04
8.95017688e+03 1.32981161e+04 1.57113701e+04
9.11027425e+03 1.32180674e+04 1.56313214e+04
9.11027425e+03 1.32180674e+04 1.56313214e+04
9.27037161e+03 1.31380187e+04 1.55512727e+04
9.27037161e+03 1.31380187e+04 1.55512727e+04
9.43046898e+03 1.30579700e+04 1.54712240e+04
1.29807992e+04 1.39512241e+04 1.67698784e+04
1.30608479e+04 1.38711754e+04 1.69299758e+04
1.30608479e+04 1.38711754e+04 1.69299758e+04
1.31408965e+04 1.37911267e+04 1.70900731e+04
1.31408965e+04 1.37911267e+04 1.70900731e+04
1.32209452e+04 1.37110780e+04 1.72501705e+04
1.32209452e+04 1.37110780e+04 1.72501705e+04
1.33009939e+04 1.36310294e+04 1.74102679e+04
1.33009939e+04 1.36310294e+04 1.74102679e+04
1.32209452e+04 1.37110780e+04 1.75703653e+04
1.32209452e+04 1.37110780e+04 1.75703653e+04
1.31408965e+04 1.37911267e+04 1.77304626e+04
1.31408965e+04 1.37911267e+04 1.77304626e+04
1.30608479e+04 1.38711754e+04 1.78905600e+04
1.30608479e+04 1.38711754e+04 1.78905600e+04
1.29807992e+04 1.39512241e+04 1.80506574e+04
1.29807992e+04 1.39512241e+04 1.80506574e+04
1.29007505e+04 1.40312728e+04 1.78905600e+04
1.29007505e+04 1.40312728e+04 1.78905600e+04
1.28207018e+04 1.41113215e+04 1.77304626e+04
1.28207018e+04 1.41113215e+04 1.77304626e+04
1.27406531e+04 1.41913701e+04 1.75703653e+04
1.27406531e+04 1.41913701e+04 1.75703653e+04
1.26606044e+04 1.42714188e+04 1.74102679e+04
1.26606044e+04 1.42714188e+04 1.74102679e+04
1.27406531e+04 1.41913701e+04 1.72501705e+04
1.27406531e+04 1.41913701e+04 1.72501705e+04
1.28207018e+04 1.41113215e+04 1.70900731e+04
1.28207018e+04 1.41113215e+04 1.70900731e+04
1.29007505e+04 1.40312728e+04 1.69299758e+04
1.29007505e+04 1.40312728e+04 1.69299758e+04
1.29807992e+04 1.39512241e+04 1.67698784e+04
2.77794689e+03 2.89353183e+03 7.03119032e+03
2.85799557e+03 2.97358052e+03 6.87109295e+03
2.85799557e+03 2.97358052e+03 6.87109295e+03
2.93804426e+03 3.05362920e+03 6.71099558e+03
2.93804426e+03 3.05362920e+03 6.71099558e+03
3.01809294e+03 3.13367789e+03 6.55089821e+03
3.01809294e+03 3.13367789e+03 6.55089821e+03
3.09814162e+03 3.21372657e+03 6.39080084e+03
3.09814162e+03 3.21372657e+03 6.39080084e+03
3.01809294e+03 3.13367789e+03 6.23070347e+03
3.01809294e+03 3.13367789e+03 6.23070347e+03
2.93804426e+03 3.05362920e+03 6.07060610e+03
2.93804426e+03 3.05362920e+03 6.07060610e+03
2.85799557e+03 2.97358052e+03 5.91050874e+03
2.85799557e+03 2.97358052e+03 5.91050874e+03
2.77794689e+03 2.89353183e+03 5.75041137e+03
2.77794689e+03 2.89353183e+03 5.75041137e+03
2.69789820e+03 2.81348315e+03 5.91050874e+03
2.69789820e+03 2.81348315e+03 5.91050874e+03
2.61784952e+03 2.73343447e+03 6.07060610e+03
2.61784952e+03 2.73343447e+03 6.07060610e+03
2.53780083e+03 2.65338578e+03 6.23070347e+03
2.53780083e+03 2.65338578e+03 6.23070347e+03
2.45775215e+03 2.57333710e+03 6.39080084e+03
2.45775215e+03 2.57333710e+03 6.39080084e+03
2.53780083e+03 2.65338578e+03 6.55089821e+03
2.53780083e+03 2.65338578e+03 6.55089821e+03
2.61784952e+03 2.73343447e+03 6.71099558e+03
2.61784952e+03 2.73343447e+03 6.71099558e+03
2.69789820e+03 2.81348315e+03 6.87109295e+03
2.69789820e+03 2.81348315e+03 6.87109295e+03
2.77794689e+03 2.89353183e+03 7.03119032e+03
6.24977050e+02 1.41259364e+04 1.49947068e+04
5.44928366e+02 1.39658391e+04 1.50747555e+04
5.44928366e+02 1.39658391e+04 1.50747555e+04
4.64879681e+02 1.38057417e+04 1.51548041e+04
4.64879681e+02 1.38057417e+04 1.51548041e+04
3.84830997e+02 1.36456443e+04 1.52348528e+04
3.84830997e+02 1.36456443e+04 1.52348528e+04
3.04782312e+02 1.34855470e+04 1.53149015e+04
3.04782312e+02 1.34855470e+04 1.53149015e+04
3.84830997e+02 1.33254496e+04 1.52348528e+04
3.84830997e+02 1.33254496e+04 1.52348528e+04
4.64879681e+02 1.31653522e+04 1.51548041e+04
4.64879681e+02 1.31653522e+04 1.51548041e+04
5.44928366e+02 1.30052548e+04 1.50747555e+04
5.44928366e+02 1.30052548e+04 1.50747555e+04
6.24977050e+02 1.28451575e+04 1.49947068e+04
6.24977050e+02 1.28451575e+04 1.49947068e+04
7.05025734e+02 1.30052548e+04 1.49146581e+04
7.05025734e+02 1.30052548e+04 1.49146581e+04
7.85074419e+02 1.31653522e+04 1.48346094e+04
7.85074419e+02 1.31653522e+04 1.48346094e+04
8.65123103e+02 1.33254496e+04 1.47545607e+04
8.65123103e+02 1.33254496e+04 1.47545607e+04
9.45171788e+02 1.34855470e+04 1.46745120e+04
9.45171788e+02 1.34855470e+04 1.46745120e+04
8.65123103e+02 1.36456443e+04 1.47545607e+04
8.65123103e+02 1.36456443e+04 1.47545607e+04
7.85074419e+02 1.38057417e+04 1.48346094e+04
7.85074419e+02 1.38057417e+04 1.48346094e+04
7.05025734e+02 1.39658391e+04 1.49146581e+04
7.05025734e+02 1.39658391e+04 1.49146581e+04
6.24977050e+02 1.41259364e+04 1.49947068e+04
6.86292978e+03 1.14381911e+04 1.87941149e+04
6.78288109e+03 1.15982885e+04 1.87140662e+04
6.78288109e+03 1.15982885e+04 1.87140662e+04
6.70283241e+03 1.17583859e+04 1.86340175e+04
6.70283241e+03 1.17583859e+04 1.86340175e+04
6.62278372e+03 1.19184832e+04 1.85539688e+04
6.62278372e+03 1.19184832e+04 1.85539688e+04
6.54273504e+03 1.20785806e+04 1.84739201e+04
6.54273504e+03 1.20785806e+04 1.84739201e+04
6.62278372e+03 1.22386780e+04 1.85539688e+04
6.62278372e+03 1.22386780e+04 1.85539688e+04
6.70283241e+03 1.23987753e+04 1.86340175e+04
6.70283241e+03 1.23987753e+04 1.86340175e+04
6.78288109e+03 1.25588727e+04 1.87140662e+04
6.78288109e+03 1.25588727e+04 1.87140662e+04
6.86292978e+03 1.27189701e+04 1.87941149e+04
6.86292978e+03 1.27189701e+04 1.87941149e+04
6.94297846e+03 1.25588727e+04 1.88741636e+04
6.94297846e+03 1.25588727e+04 1.88741636e+04
7.02302715e+03 1.23987753e+04 1.89542122e+04
7.02302715e+03 1.23987753e+04 1.89542122e+04
7.10307583e+03 1.22386780e+04 1.90342609e+04
7.10307583e+03 1.22386780e+04 1.90342609e+04
7.18312452e+03 1.20785806e+04 1.91143096e+04
7.18312452e+03 1.20785806e+04 1.91143096e+04
7.10307583e+03 1.19184832e+04 1.90342609e+04
7.10307583e+03 1.19184832e+04 1.90342609e+04
7.02302715e+03 1.17583859e+04 1.89542122e+04
7.02302715e+03 1.17583859e+04 1.89542122e+04
6.94297846e+03 1.15982885e+04 1.88741636e+04
6.94297846e+03 1.15982885e+04 1.88741636e+04
6.86292978e+03 1.14381911e+04 1.87941149e+04
5.06652458e+03 1.34642836e+04 8.28004515e+02
5.22662194e+03 1.33842349e+04 9.08053200e+02
5.22662194e+03 1.33842349e+04 9.08053200e+02
5.38671931e+03 1.33041862e+04 9.88101884e+02
5.38671931e+03 1.33041862e+04 9.88101884e+02
5.54681668e+03 1.32241375e+04 1.06815057e+03
5.54681668e+03 1.32241375e+04 1.06815057e+03
5.70691405e+03 1.31440888e+04 1.14819925e+03
5.70691405e+03 1.31440888e+04 1.14819925e+03
5.86701142e+03 1.32241375e+04 1.06815057e+03
5.86701142e+03 1.32241375e+04 1.06815057e+03
6.02710879e+03 1.33041862e+04 9.88101884e+02
6.02710879e+03 1.33041862e+04 9.88101884e+02
6.18720616e+03 1.33842349e+04 9.08053200e+02
6.18720616e+03 1.33842349e+04 9.08053200e+02
6.34730353e+03 1.34642836e+04 8.28004515e+02
6.34730353e+03 1.34642836e+04 8.28004515e+02
6.18720616e+03 1.35443323e+04 7.47955831e+02
6.18720616e+03 1.35443323e+04 7.47955831e+02
6.02710879e+03 1.36243809e+04 6.67907147e+02
6.02710879e+03 1.36243809e+04 6.67907147e+02
5.86701142e+03 1.37044296e+04 5.87858462e+02
5.86701142e+03 1.37044296e+04 5.87858462e+02
5.70691405e+03 1.37844783e+04 5.07809778e+02
5.70691405e+03 1.37844783e+04 5.07809778e+02
5.54681668e+03 1.37044296e+04 5.87858462e+02
5.54681668e+03 1.37044296e+04 5.87858462e+02
5.38671931e+03 1.36243809e+04 6.67907147e+02
5.38671931e+03 1.36243809e+04 6.67907147e+02
5.22662194e+03 1.35443323e+04 7.47955831e+02
5.22662194e+03 1.35443323e+04 7.47955831e+02
5.06652458e+03 1.34642836e+04 8.28004515e+02
1.86595088e+03 1.59686019e+04 8.56114436e+03
1.70585351e+03 1.58885532e+04 8.48109568e+03
1.70585351e+03 1.58885532e+04 8.48109568e+03
1.54575614e+03 1.58085045e+04 8.40104699e+03
1.54575614e+03 1.58085045e+04 8.40104699e+03
1.38565878e+03 1.57284558e+04 8.32099831e+03
1.38565878e+03 1.57284558e+04 8.32099831e+03
1.22556141e+03 1.56484071e+04 8.24094962e+03
1.22556141e+03 1.56484071e+04 8.24094962e+03
1.06546404e+03 1.57284558e+04 8.32099831e+03
1.06546404e+03 1.57284558e+04 8.32099831e+03
9.05366669e+02 1.58085045e+04 8.40104699e+03
9.05366669e+02 1.58085045e+04 8.40104699e+03
7.45269300e+02 1.58885532e+04 8.48109568e+03
7.45269300e+02 1.58885532e+04 8.48109568e+03
5.85171931e+02 1.59686019e+04 8.56114436e+03
5.85171931e+02 1.59686019e+04 8.56114436e+03
7.45269300e+02 1.60486506e+04 8.64119305e+03
7.45269300e+02 1.60486506e+04 8.64119305e+03
9.05366669e+02 1.61286992e+04 8.72124173e+03
9.05366669e+02 1.61286992e+04 8.72124173e+03
1.06546404e+03 1.62087479e+04 8.80129041e+03
1.06546404e+03 1.62087479e+04 8.80129041e+03
1.22556141e+03 1.62887966e+04 8.88133910e+03
1.22556141e+03 1.62887966e+04 8.88133910e+03
1.38565878e+03 1.62087479e+04 8.80129041e+03
1.38565878e+03 1.62087479e+04 8.80129041e+03
1.54575614e+03 1.61286992e+04 8.72124173e+03
1.54575614e+03 1.61286992e+04 8.72124173e+03
1.70585351e+03 1.60486506e+04 8.64119305e+03
1.70585351e+03 1.60486506e+04 8.64119305e+03
1.86595088e+03 1.59686019e+04 8.56114436e+03
7.68761631e+03 6.48328784e+03 8.33331304e+03
7.76766500e+03 6.40323915e+03 8.49341041e+03
7.76766500e+03 6.40323915e+03 8.49341041e+03
7.84771368e+03 6.32319047e+03 8.65350778e+03
7.84771368e+03 6.32319047e+03 8.65350778e+03
7.92776237e+03 6.24314178e+03 8.81360515e+03
7.92776237e+03 6.24314178e+03 8.81360515e+03
8.00781105e+03 6.16309310e+03 8.97370252e+03
8.00781105e+03 6.16309310e+03 8.97370252e+03
7.92776237e+03 6.24314178e+03 9.13379989e+03
7.92776237e+03 6.24314178e+03 9.13379989e+03
7.84771368e+03 6.32319047e+03 9.29389726e+03
7.84771368e+03 6.32319047e+03 9.29389726e+03
7.76766500e+03 6.40323915e+03 9.45399462e+03
7.76766500e+03 6.40323915e+03 9.45399462e+03
7.68761631e+03 6.48328784e+03 9.61409199e+03
7.68761631e+03 6.48328784e+03 9.61409199e+03
7.60756763e+03 6.56333652e+03 9.45399462e+03
7.60756763e+03 6.56333652e+03 9.45399462e+03
7.52751895e+03 6.64338521e+03 9.29389726e+03
7.52751895e+03 6.64338521e+03 9.29389726e+03
7.44747026e+03 6.72343389e+03 9.13379989e+03
7.44747026e+03 6.72343389e+03 9.13379989e+03
7.36742158e+03 6.80348257e+03 8.97370252e+03
7.36742158e+03 6.80348257e+03 8.97370252e+03
7.44747026e+03 6.72343389e+03 8.81360515e+03
7.44747026e+03 6.72343389e+03 8.81360515e+03
7.52751895e+03 6.64338521e+03 8.65350778e+03
7.52751895e+03 6.64338521e+03 8.65350778e+03
7.60756763e+03 6.56333652e+03 8.49341041e+03
7.60756763e+03 6.56333652e+03 8.49341041e+03
7.68761631e+03 6.48328784e+03 8.33331304e+03
1.63794540e+04 9.15233091e+03 8.90089904e+03
1.64595027e+04 9.23237959e+03 8.74080167e+03
1.64595027e+04 9.23237959e+03 8.74080167e+03
1.65395513e+04 9.31242827e+03 8.58070430e+03
1.65395513e+04 9.31242827e+03 8.58070430e+03
1.66196000e+04 9.39247696e+03 8.42060693e+03
1.66196000e+04 9.39247696e+03 8.42060693e+03
1.66996487e+04 9.47252564e+03 8.26050956e+03
1.66996487e+04 9.47252564e+03 8.26050956e+03
1.66196000e+04 9.39247696e+03 8.10041220e+03
1.66196000e+04 9.39247696e+03 8.10041220e+03
1.65395513e+04 9.31242827e+03 7.94031483e+03
1.65395513e+04 9.31242827e+03 7.94031483e+03
1.64595027e+04 9.23237959e+03 7.78021746e+03
1.64595027e+04 9.23237959e+03 7.78021746e+03
1.63794540e+04 9.15233091e+03 7.62012009e+03
1.63794540e+04 9.15233091e+03 7.62012009e+03
1.62994053e+04 9.07228222e+03 7.78021746e+03
1.62994053e+04 9.07228222e+03 7.78021746e+03
1.62193566e+04 8.99223354e+03 7.94031483e+03
1.62193566e+04 8.99223354e+03 7.94031483e+03
1.61393079e+04 8.91218485e+03 8.10041220e+03
1.61393079e+04 8.91218485e+03 8.10041220e+03
1.60592592e+04 8.83213617e+03 8.26050956e+03
1.60592592e+04 8.83213617e+03 8.26050956e+03
1.61393079e+04 8.91218485e+03 8.42060693e+03
1.61393079e+04 8.91218485e+03 8.42060693e+03
1.62193566e+04 8.99223354e+03 8.58070430e+03
1.62193566e+04 8.99223354e+03 8.58070430e+03
1.62994053e+04 9.07228222e+03 8.74080167e+03
1.62994053e+04 9.07228222e+03 8.74080167e+03
1.63794540e+04 9.15233091e+03 8.90089904e+03
1.11931677e+04 1.51316827e+04 1.08006684e+03
1.11131190e+04 1.49715854e+04 1.16011552e+03
1.11131190e+04 1.49715854e+04 1.16011552e+03
1.10330703e+04 1.48114880e+04 1.24016420e+03
1.10330703e+04 1.48114880e+04 1.24016420e+03
1.09530217e+04 1.46513906e+04 1.32021289e+03
1.09530217e+04 1.46513906e+04 1.32021289e+03
1.08729730e+04 1.44912933e+04 1.40026157e+03
1.08729730e+04 1.44912933e+04 1.40026157e+03
1.09530217e+04 1.43311959e+04 1.32021289e+03
1.09530217e+04 1.43311959e+04 1.32021289e+03
1.10330703e+04 1.41710985e+04 1.24016420e+03
1.10330703e+04 1.41710985e+04 1.24016420e+03
1.11131190e+04 1.40110012e+04 1.16011552e+03
1.11131190e+04 1.40110012e+04 1.16011552e+03
1.11931677e+04 1.38509038e+04 1.08006684e+03
1.11931677e+04 1.38509038e+04 1.08006684e+03
1.12732164e+04 1.40110012e+04 1.00001815e+03
1.12732164e+04 1.40110012e+04 1.00001815e+03
1.13532651e+04 1.41710985e+04 9.19969466e+02
1.13532651e+04 1.41710985e+04 9.19969466e+02
1.14333138e+04 1.43311959e+04 8.39920782e+02
1.14333138e+04 1.43311959e+04 8.39920782e+02
1.15133624e+04 1.44912933e+04 7.59872098e+02
1.15133624e+04 1.44912933e+04 7.59872098e+02
1.14333138e+04 1.46513906e+04 8.39920782e+02
1.14333138e+04 1.46513906e+04 8.39920782e+02
1.13532651e+04 1.48114880e+04 9.19969466e+02
1.13532651e+04 1.48114880e+04 9.19969466e+02
1.12732164e+04 1.49715854e+04 1.00001815e+03
1.12732164e+04 1.49715854e+04 1.00001815e+03
1.11931677e+04 1.51316827e+04 1.08006684e+03
1.22388363e+04 1.15372640e+04 2.17751337e+01
1.21587876e+04 1.16973614e+04 -5.82735507e+01
1.21587876e+04 1.16973614e+04 1.95495696e+04
1.20787389e+04 1.18574587e+04 1.94695209e+04
1.20787389e+04 1.18574587e+04 1.94695209e+04
1.19986902e+04 1.20175561e+04 1.93894722e+04
1.19986902e+04 1.20175561e+04 1.93894722e+04
1.19186415e+04 1.21776535e+04 1.93094235e+04
1.19186415e+04 1.21776535e+04 1.93094235e+04
1.19986902e+04 1.23377509e+04 1.93894722e+04
1.19986902e+04 1.23377509e+04 1.93894722e+04
1.20787389e+04 1.24978482e+04 1.94695209e+04
1.20787389e+04 1.24978482e+04 1.94695209e+04
1.21587876e+04 1.26579456e+04 1.95495696e+04
1.21587876e+04 1.26579456e+04 1.95495696e+04
1.22388363e+04 1.28180430e+04 1.96296183e+04
1.22388363e+04 1.28180430e+04 2.17751337e+01
1.23188849e+04 1.26579456e+04 1.01823818e+02
1.23188849e+04 1.26579456e+04 1.01823818e+02
1.23989336e+04 1.24978482e+04 1.81872503e+02
1.23989336e+04 1.24978482e+04 1.81872503e+02
1.24789823e+04 1.23377509e+04 2.61921187e+02
1.24789823e+04 1.23377509e+04 2.61921187e+02
1.25590310e+04 1.21776535e+04 3.41969871e+02
1.25590310e+04 1.21776535e+04 3.41969871e+02
1.24789823e+04 1.20175561e+04 2.61921187e+02
1.24789823e+04 1.20175561e+04 2.61921187e+02
1.23989336e+04 1.18574587e+04 1.81872503e+02
1.23989336e+04 1.18574587e+04 1.81872503e+02
1.23188849e+04 1.16973614e+04 1.01823818e+02
1.23188849e+04 1.16973614e+04 1.01823818e+02
1.22388363e+04 1.15372640e+04 2.17751337e+01
1.11810518e+04 7.87949257e+02 1.14853013e+04
1.13411492e+04 7.07900572e+02 1.15653500e+04
1.13411492e+04 7.07900572e+02 1.15653500e+04
1.15012466e+04 6.27851888e+02 1.16453987e+04
1.15012466e+04 6.27851888e+02 1.16453987e+04
1.16613439e+04 5.47803204e+02 1.17254474e+04
1.16613439e+04 5.47803204e+02 1.17254474e+04
1.18214413e+04 4.67754519e+02 1.18054960e+04
1.18214413e+04 4.67754519e+02 1.18054960e+04
1.19815387e+04 5.47803204e+02 1.17254474e+04
1.19815387e+04 5.47803204e+02 1.17254474e+04
1.21416360e+04 6.27851888e+02 1.16453987e+04
1.21416360e+04 6.27851888e+02 1.16453987e+04
1.23017334e+04 7.07900572e+02 1.15653500e+04
1.23017334e+04 7.07900572e+02 1.15653500e+04
1.24618308e+04 7.87949257e+02 1.14853013e+04
1.24618308e+04 7.87949257e+02 1.14853013e+04
1.23017334e+04 8.67997941e+02 1.14052526e+04
1.23017334e+04 8.67997941e+02 1.14052526e+04
1.21416360e+04 9.48046626e+02 1.13252039e+04
1.21416360e+04 9.48046626e+02 1.13252039e+04
1.19815387e+04 1.02809531e+03 1.12451553e+04
1.19815387e+04 1.02809531e+03 1.12451553e+04
1.18214413e+04 1.10814399e+03 1.11651066e+04
1.18214413e+04 1.10814399e+03 1.11651066e+04
1.16613439e+04 1.02809531e+03 1.12451553e+04
1.16613439e+04 1.02809531e+03 1.12451553e+04
1.15012466e+04 9.48046626e+02 1.13252039e+04
1.15012466e+04 9.48046626e+02 1.13252039e+04
1.13411492e+04 8.67997941e+02 1.14052526e+04
1.13411492e+04 8.67997941e+02 1.14052526e+04
1.11810518e+04 7.87949257e+02 1.14853013e+04
9.43214290e+03 6.93588760e+03 1.83044164e+04
9.27204553e+03 6.85583892e+03 1.82243677e+04
9.27204553e+03 6.85583892e+03 1.82243677e+04
9.11194816e+03 6.77579023e+03 1.81443190e+04
9.11194816e+03 6.77579023e+03 1.81443190e+04
8.95185079e+03 6.69574155e+03 1.80642703e+04
8.95185079e+03 6.69574155e+03 1.80642703e+04
8.79175342e+03 6.61569286e+03 1.79842216e+04
8.79175342e+03 6.61569286e+03 1.79842216e+04
8.63165606e+03 6.69574155e+03 1.80642703e+04
8.63165606e+03 6.69574155e+03 1.80642703e+04
8.47155869e+03 6.77579023e+03 1.81443190e+04
8.47155869e+03 6.77579023e+03 1.81443190e+04
8.31146132e+03 6.85583892e+03 1.82243677e+04
8.31146132e+03 6.85583892e+03 1.82243677e+04
8.15136395e+03 6.93588760e+03 1.83044164e+04
8.15136395e+03 6.93588760e+03 1.83044164e+04
8.31146132e+03 7.01593628e+03 1.83844650e+04
8.31146132e+03 7.01593628e+03 1.83844650e+04
8.47155869e+03 7.09598497e+03 1.84645137e+04
8.47155869e+03 7.09598497e+03 1.84645137e+04
8.63165606e+03 7.17603365e+03 1.85445624e+04
8.63165606e+03 7.17603365e+03 1.85445624e+04
8.79175342e+03 7.25608234e+03 1.86246111e+04
8.79175342e+03 7.25608234e+03 1.86246111e+04
8.95185079e+03 7.17603365e+03 1.85445624e+04
8.95185079e+03 7.17603365e+03 1.85445624e+04
9.11194816e+03 7.09598497e+03 1.84645137e+04
9.11194816e+03 7.09598497e+03 1.84645137e+04
9.27204553e+03 7.01593628e+03 1.83844650e+04
9.27204553e+03 7.01593628e+03 1.83844650e+04
9.43214290e+03 6.93588760e+03 1.83044164e+04
5.24031239e+03 5.51567413e+03 9.25972746e+03
5.32036107e+03 5.43562544e+03 9.41982483e+03
5.32036107e+03 5.43562544e+03 9.41982483e+03
5.40040976e+03 5.35557676e+03 9.57992220e+03
5.40040976e+03 5.35557676e+03 9.57992220e+03
5.48045844e+03 5.27552807e+03 9.74001957e+03
5.48045844e+03 5.27552807e+03 9.74001957e+03
5.56050713e+03 5.19547939e+03 9.90011693e+03
5.56050713e+03 5.19547939e+03 9.90011693e+03
5.48045844e+03 5.27552807e+03 1.00602143e+04
5.48045844e+03 5.27552807e+03 1.00602143e+04
5.40040976e+03 5.35557676e+03 1.02203117e+04
5.40040976e+03 5.35557676e+03 1.02203117e+04
5.32036107e+03 5.43562544e+03 1.03804090e+04
5.32036107e+03 5.43562544e+03 1.03804090e+04
5.24031239e+03 5.51567413e+03 1.05405064e+04
5.24031239e+03 5.51567413e+03 1.05405064e+04
5.16026370e+03 5.59572281e+03 1.03804090e+04
5.16026370e+03 5.59572281e+03 1.03804090e+04
5.08021502e+03 5.67577150e+03 1.02203117e+04
5.08021502e+03 5.67577150e+03 1.02203117e+04
5.00016633e+03 5.75582018e+03 1.00602143e+04
5.00016633e+03 5.75582018e+03 1.00602143e+04
4.92011765e+03 5.83586886e+03 9.90011693e+03
4.92011765e+03 5.83586886e+03 9.90011693e+03
5.00016633e+03 5.75582018e+03 9.74001957e+03
5.00016633e+03 5.75582018e+03 9.74001957e+03
5.08021502e+03 5.67577150e+03 9.57992220e+03
5.08021502e+03 5.67577150e+03 9.57992220e+03
5.16026370e+03 5.59572281e+03 9.41982483e+03
5.16026370e+03 5.59572281e+03 9.41982483e+03
5.24031239e+03 5.51567413e+03 9.25972746e+03
1.26824729e+04 1.90308515e+04 1.34383025e+03
1.27625216e+04 1.91109002e+04 1.18373288e+03
1.27625216e+04 1.91109002e+04 1.18373288e+03
1.28425703e+04 1.91909489e+04 1.02363551e+03
1.28425703e+04 1.91909489e+04 1.02363551e+03
1.29226190e+04 1.92709976e+04 8.63538141e+02
1.29226190e+04 1.92709976e+04 8.63538141e+02
1.30026677e+04 1.93510463e+04 7.03440772e+02
1.30026677e+04 1.93510463e+04 7.03440772e+02
1.29226190e+04 1.92709976e+04 5.43343404e+02
1.29226190e+04 1.92709976e+04 5.43343404e+02
1.28425703e+04 1.91909489e+04 3.83246035e+02
1.28425703e+04 1.91909489e+04 3.83246035e+02
1.27625216e+04 1.91109002e+04 2.23148666e+02
1.27625216e+04 1.91109002e+04 2.23148666e+02
1.26824729e+04 1.90308515e+04 6.30512972e+01
1.26824729e+04 1.90308515e+04 6.30512972e+01
1.26024242e+04 1.89508029e+04 2.23148666e+02
1.26024242e+04 1.89508029e+04 2.23148666e+02
1.25223755e+04 1.88707542e+04 3.83246035e+02
1.25223755e+04 1.88707542e+04 3.83246035e+02
1.24423269e+04 1.87907055e+04 5.43343404e+02
1.24423269e+04 1.87907055e+04 5.43343404e+02
1.23622782e+04 1.87106568e+04 7.03440772e+02
1.23622782e+04 1.87106568e+04 7.03440772e+02
1.24423269e+04 1.87907055e+04 8.63538141e+02
1.24423269e+04 1.87907055e+04 8.63538141e+02
1.25223755e+04 1.88707542e+04 1.02363551e+03
1.25223755e+04 1.88707542e+04 1.02363551e+03
1.26024242e+04 1.89508029e+04 1.18373288e+03
1.26024242e+04 1.89508029e+04 1.18373288e+03
1.26824729e+04 1.90308515e+04 1.34383025e+03
8.29803659e+03 1.21759206e+04 1.43471036e+04
8.21798791e+03 1.20158233e+04 1.44271523e+04
8.21798791e+03 1.20158233e+04 1.44271523e+04
8.13793922e+03 1.18557259e+04 1.45072009e+04
8.13793922e+03 1.18557259e+04 1.45072009e+04
8.05789054e+03 1.16956285e+04 1.45872496e+04
8.05789054e+03 1.16956285e+04 1.45872496e+04
7.97784185e+03 1.15355312e+04 1.46672983e+04
7.97784185e+03 1.15355312e+04 1.46672983e+04
8.05789054e+03 1.13754338e+04 1.45872496e+04
8.05789054e+03 1.13754338e+04 1.45872496e+04
8.13793922e+03 1.12153364e+04 1.45072009e+04
8.13793922e+03 1.12153364e+04 1.45072009e+04
8.21798791e+03 1.10552390e+04 1.44271523e+04
8.21798791e+03 1.10552390e+04 1.44271523e+04
8.29803659e+03 1.08951417e+04 1.43471036e+04
8.29803659e+03 1.08951417e+04 1.43471036e+04
8.37808528e+03 1.10552390e+04 1.42670549e+04
8.37808528e+03 1.10552390e+04 1.42670549e+04
8.45813396e+03 1.12153364e+04 1.41870062e+04
8.45813396e+03 1.12153364e+04 1.41870062e+04
8.53818264e+03 1.13754338e+04 1.41069575e+04
8.53818264e+03 1.13754338e+04 1.41069575e+04
8.61823133e+03 1.15355312e+04 1.40269088e+04
8.61823133e+03 1.15355312e+04 1.40269088e+04
8.53818264e+03 1.16956285e+04 1.41069575e+04
8.53818264e+03 1.16956285e+04 1.41069575e+04
8.45813396e+03 1.18557259e+04 1.41870062e+04
8.45813396e+03 1.18557259e+04 1.41870062e+04
8.37808528e+03 1.20158233e+04 1.42670549e+04
8.37808528e+03 1.20158233e+04 1.42670549e+04
8.29803659e+03 1.21759206e+04 1.43471036e+04
3.44139359e+03 9.37017493e+03 9.80950188e+03
3.36134490e+03 9.53027230e+03 9.72945319e+03
3.36134490e+03 9.53027230e+03 9.72945319e+03
3.28129622e+03 9.69036967e+03 9.64940451e+03
3.28129622e+03 9.69036967e+03 9.64940451e+03
3.20124753e+03 9.85046704e+03 9.56935583e+03
3.20124753e+03 9.85046704e+03 9.56935583e+03
3.12119885e+03 1.00105644e+04 9.48930714e+03
3.12119885e+03 1.00105644e+04 9.48930714e+03
3.20124753e+03 1.01706618e+04 9.56935583e+03
3.20124753e+03 1.01706618e+04 9.56935583e+03
3.28129622e+03 1.03307591e+04 9.64940451e+03
3.28129622e+03 1.03307591e+04 9.64940451e+03
3.36134490e+03 1.04908565e+04 9.72945319e+03
3.36134490e+03 1.04908565e+04 9.72945319e+03
3.44139359e+03 1.06509539e+04 9.80950188e+03
3.44139359e+03 1.06509539e+04 9.80950188e+03
3.52144227e+03 1.04908565e+04 9.88955056e+03
3.52144227e+03 1.04908565e+04 9.88955056e+03
3.60149096e+03 1.03307591e+04 9.96959925e+03
3.60149096e+03 1.03307591e+04 9.96959925e+03
3.68153964e+03 1.01706618e+04 1.00496479e+04
3.68153964e+03 1.01706618e+04 1.00496479e+04
3.76158832e+03 1.00105644e+04 1.01296966e+04
3.76158832e+03 1.00105644e+04 1.01296966e+04
3.68153964e+03 9.85046704e+03 1.00496479e+04
3.68153964e+03 9.85046704e+03 1.00496479e+04
3.60149096e+03 9.69036967e+03 9.96959925e+03
3.60149096e+03 9.69036967e+03 9.96959925e+03
3.52144227e+03 9.53027230e+03 9.88955056e+03
3.52144227e+03 9.53027230e+03 9.88955056e+03
3.44139359e+03 9.37017493e+03 9.80950188e+03
1.68648582e+04 7.50358250e+03 1.29973301e+04
1.70249556e+04 7.42353382e+03 1.30773788e+04
1.70249556e+04 7.42353382e+03 1.30773788e+04
1.71850529e+04 7.34348513e+03 1.31574275e+04
1.71850529e+04 7.34348513e+03 1.31574275e+04
1.73451503e+04 7.26343645e+03 1.32374762e+04
1.73451503e+04 7.26343645e+03 1.32374762e+04
1.75052477e+04 7.18338776e+03 1.33175249e+04
1.75052477e+04 7.18338776e+03 1.33175249e+04
1.76653451e+04 7.26343645e+03 1.32374762e+04
1.76653451e+04 7.26343645e+03 1.32374762e+04
1.78254424e+04 7.34348513e+03 1.31574275e+04
1.78254424e+04 7.34348513e+03 1.31574275e+04
1.79855398e+04 7.42353382e+03 1.30773788e+04
1.79855398e+04 7.42353382e+03 1.30773788e+04
1.81456372e+04 7.50358250e+03 1.29973301e+04
1.81456372e+04 7.50358250e+03 1.29973301e+04
1.79855398e+04 7.58363118e+03 1.29172814e+04
1.79855398e+04 7.58363118e+03 1.29172814e+04
1.78254424e+04 7.66367987e+03 1.28372328e+04
1.78254424e+04 7.66367987e+03 1.28372328e+04
1.76653451e+04 7.74372855e+03 1.27571841e+04
1.76653451e+04 7.74372855e+03 1.27571841e+04
1.75052477e+04 7.82377724e+03 1.26771354e+04
1.75052477e+04 7.82377724e+03 1.26771354e+04
1.73451503e+04 7.74372855e+03 1.27571841e+04
1.73451503e+04 7.74372855e+03 1.27571841e+04
1.71850529e+04 7.66367987e+03 1.28372328e+04
1.71850529e+04 7.66367987e+03 1.28372328e+04
1.70249556e+04 7.58363118e+03 1.29172814e+04
1.70249556e+04 7.58363118e+03 1.29172814e+04
1.68648582e+04 7.50358250e+03 1.29973301e+04
1.55826319e+03 1.47298683e+04 7.23108416e+03
1.39816583e+03 1.46498196e+04 7.15103548e+03
1.39816583e+03 1.46498196e+04 7.15103548e+03
1.23806846e+03 1.45697709e+04 7.07098679e+03
1.23806846e+03 1.45697709e+04 7.07098679e+03
1.07797109e+03 1.44897223e+04 6.99093811e+03
1.07797109e+03 1.44897223e+04 6.99093811e+03
9.17873720e+02 1.44096736e+04 6.91088943e+03
9.17873720e+02 1.44096736e+04 6.91088943e+03
7.57776351e+02 1.44897223e+04 6.99093811e+03
7.57776351e+02 1.44897223e+04 6.99093811e+03
5.97678982e+02 1.45697709e+04 7.07098679e+03
5.97678982e+02 1.45697709e+04 7.07098679e+03
4.37581613e+02 1.46498196e+04 7.15103548e+03
4.37581613e+02 1.46498196e+04 7.15103548e+03
2.77484244e+02 1.47298683e+04 7.23108416e+03
2.77484244e+02 1.47298683e+04 7.23108416e+03
4.37581613e+02 1.48099170e+04 7.31113285e+03
4.37581613e+02 1.48099170e+04 7.31113285e+03
5.97678982e+02 1.48899657e+04 7.39118153e+03
5.97678982e+02 1.48899657e+04 7.39118153e+03
7.57776351e+02 1.49700144e+04 7.47123022e+03
7.57776351e+02 1.49700144e+04 7.47123022e+03
9.17873720e+02 1.50500630e+04 7.55127890e+03
9.17873720e+02 1.50500630e+04 7.55127890e+03
1.07797109e+03 1.49700144e+04 7.47123022e+03
1.07797109e+03 1.49700144e+04 7.47123022e+03
1.23806846e+03 1.48899657e+04 7.39118153e+03
1.23806846e+03 1.48899657e+04 7.39118153e+03
1.39816583e+03 1.48099170e+04 7.31113285e+03
1.39816583e+03 1.48099170e+04 7.31113285e+03
1.55826319e+03 1.47298683e+04 7.23108416e+03
1.85887968e+04 6.80833761e+03 1.27692811e+04
1.86688455e+04 6.72828893e+03 1.29293785e+04
1.86688455e+04 6.72828893e+03 1.29293785e+04
1.87488942e+04 6.64824024e+03 1.30894758e+04
1.87488942e+04 6.64824024e+03 1.30894758e+04
1.88289428e+04 6.56819156e+03 1.32495732e+04
1.88289428e+04 6.56819156e+03 1.32495732e+04
1.89089915e+04 6.48814287e+03 1.34096706e+04
1.89089915e+04 6.48814287e+03 1.34096706e+04
1.88289428e+04 6.56819156e+03 1.35697679e+04
1.88289428e+04 6.56819156e+03 1.35697679e+04
1.87488942e+04 6.64824024e+03 1.37298653e+04
1.87488942e+04 6.64824024e+03 1.37298653e+04
1.86688455e+04 6.72828893e+03 1.38899627e+04
1.86688455e+04 6.72828893e+03 1.38899627e+04
1.85887968e+04 6.80833761e+03 1.40500600e+04
1.85887968e+04 6.80833761e+03 1.40500600e+04
1.85087481e+04 6.88838630e+03 1.38899627e+04
1.85087481e+04 6.88838630e+03 1.38899627e+04
1.84286994e+04 6.96843498e+03 1.37298653e+04
1.84286994e+04 6.96843498e+03 1.37298653e+04
1.83486507e+04 7.04848366e+03 1.35697679e+04
1.83486507e+04 7.04848366e+03 1.35697679e+04
1.82686021e+04 7.12853235e+03 1.34096706e+04
1.82686021e+04 7.12853235e+03 1.34096706e+04
1.83486507e+04 7.04848366e+03 1.32495732e+04
1.83486507e+04 7.04848366e+03 1.32495732e+04
1.84286994e+04 6.96843498e+03 1.30894758e+04
1.84286994e+04 6.96843498e+03 1.30894758e+04
1.85087481e+04 6.88838630e+03 1.29293785e+04
1.85087481e+04 6.88838630e+03 1.29293785e+04
1.85887968e+04 6.80833761e+03 1.27692811e+04
1.61693114e+04 9.53437244e+03 3.30112442e+02
1.62493601e+04 9.61442112e+03 1.70015074e+02
1.62493601e+04 9.61442112e+03 1.70015074e+02
1.63294088e+04 9.69446980e+03 9.91770480e+00
1.63294088e+04 9.69446980e+03 9.91770480e+00
1.64094575e+04 9.77451849e+03 -1.50179664e+02
1.64094575e+04 9.77451849e+03 1.94576635e+04
1.64895061e+04 9.85456717e+03 1.92975661e+04
1.64895061e+04 9.85456717e+03 1.92975661e+04
1.64094575e+04 9.77451849e+03 1.91374687e+04
1.64094575e+04 9.77451849e+03 1.91374687e+04
1.63294088e+04 9.69446980e+03 1.89773714e+04
1.63294088e+04 9.69446980e+03 1.89773714e+04
1.62493601e+04 9.61442112e+03 1.88172740e+04
1.62493601e+04 9.61442112e+03 1.88172740e+04
1.61693114e+04 9.53437244e+03 1.86571766e+04
1.61693114e+04 9.53437244e+03 1.86571766e+04
1.60892627e+04 9.45432375e+03 1.88172740e+04
1.60892627e+04 9.45432375e+03 1.88172740e+04
1.60092140e+04 9.37427507e+03 1.89773714e+04
1.60092140e+04 9.37427507e+03 1.89773714e+04
1.59291654e+04 9.29422638e+03 1.91374687e+04
1.59291654e+04 9.29422638e+03 1.91374687e+04
1.58491167e+04 9.21417770e+03 1.92975661e+04
1.58491167e+04 9.21417770e+03 1.92975661e+04
1.59291654e+04 9.29422638e+03 1.94576635e+04
1.59291654e+04 9.29422638e+03 1.94576635e+04
1.60092140e+04 9.37427507e+03 1.96177608e+04
1.60092140e+04 9.37427507e+03 9.91770480e+00
1.60892627e+04 9.45432375e+03 1.70015074e+02
1.60892627e+04 9.45432375e+03 1.70015074e+02
1.61693114e+04 9.53437244e+03 3.30112442e+02
1.18394909e+04 1.55349940e+04 1.34218960e+04
1.17594423e+04 1.53748967e+04 1.35019447e+04
1.17594423e+04 1.53748967e+04 1.35019447e+04
1.16793936e+04 1.52147993e+04 1.35819934e+04
1.16793936e+04 1.52147993e+04 1.35819934e+04
1.15993449e+04 1.50547019e+04 1.36620420e+04
1.15993449e+04 1.50547019e+04 1.36620420e+04
1.15192962e+04 1.48946045e+04 1.37420907e+04
1.15192962e+04 1.48946045e+04 1.37420907e+04
1.15993449e+04 1.47345072e+04 1.36620420e+04
1.15993449e+04 1.47345072e+04 1.36620420e+04
1.16793936e+04 1.45744098e+04 1.35819934e+04
1.16793936e+04 1.45744098e+04 1.35819934e+04
1.17594423e+04 1.44143124e+04 1.35019447e+04
1.17594423e+04 1.44143124e+04 1.35019447e+04
1.18394909e+04 1.42542151e+04 1.34218960e+04
1.18394909e+04 1.42542151e+04 1.34218960e+04
1.19195396e+04 1.44143124e+04 1.33418473e+04
1.19195396e+04 1.44143124e+04 1.33418473e+04
1.19995883e+04 1.45744098e+04 1.32617986e+04
1.19995883e+04 1.45744098e+04 1.32617986e+04
1.20796370e+04 1.47345072e+04 1.31817499e+04
1.20796370e+04 1.47345072e+04 1.31817499e+04
1.21596857e+04 1.48946045e+04 1.31017012e+04
1.21596857e+04 1.48946045e+04 1.31017012e+04
1.20796370e+04 1.50547019e+04 1.31817499e+04
1.20796370e+04 1.50547019e+04 1.31817499e+04
1.19995883e+04 1.52147993e+04 1.32617986e+04
1.19995883e+04 1.52147993e+04 1.32617986e+04
1.19195396e+04 1.53748967e+04 1.33418473e+04
1.19195396e+04 1.53748967e+04 1.33418473e+04
1.18394909e+04 1.55349940e+04 1.34218960e+04
1.82826711e+04 1.79828551e+04 1.94139437e+04
1.82026224e+04 1.81429524e+04 1.93338950e+04
1.82026224e+04 1.81429524e+04 1.93338950e+04
1.81225738e+04 1.83030498e+04 1.92538463e+04
1.81225738e+04 1.83030498e+04 1.92538463e+04
1.80425251e+04 1.84631472e+04 1.91737976e+04
1.80425251e+04 1.84631472e+04 1.91737976e+04
1.79624764e+04 1.86232445e+04 1.90937489e+04
1.79624764e+04 1.86232445e+04 1.90937489e+04
1.80425251e+04 1.87833419e+04 1.91737976e+04
1.80425251e+04 1.87833419e+04 1.91737976e+04
1.81225738e+04 1.89434393e+04 1.92538463e+04
1.81225738e+04 1.89434393e+04 1.92538463e+04
1.82026224e+04 1.91035366e+04 1.93338950e+04
1.82026224e+04 1.91035366e+04 1.93338950e+04
1.82826711e+04 1.92636340e+04 1.94139437e+04
1.82826711e+04 1.92636340e+04 1.94139437e+04
1.83627198e+04 1.91035366e+04 1.94939924e+04
1.83627198e+04 1.91035366e+04 1.94939924e+04
1.84427685e+04 1.89434393e+04 1.95740411e+04
1.84427685e+04 1.89434393e+04 1.95740411e+04
1.85228172e+04 1.87833419e+04 1.96540897e+04
1.85228172e+04 1.87833419e+04 4.62466033e+01
1.86028659e+04 1.86232445e+04 1.26295288e+02
1.86028659e+04 1.86232445e+04 1.26295288e+02
1.85228172e+04 1.84631472e+04 4.62466033e+01
1.85228172e+04 1.84631472e+04 4.62466033e+01
1.84427685e+04 1.83030498e+04 -3.38020811e+01
1.84427685e+04 1.83030498e+04 1.95740411e+04
1.83627198e+04 1.81429524e+04 1.94939924e+04
1.83627198e+04 1.81429524e+04 1.94939924e+04
1.82826711e+04 1.79828551e+04 1.94139437e+04
1.83324549e+03 1.91490317e+04 4.49226777e+03
1.99334286e+03 1.90689830e+04 4.57231645e+03
1.99334286e+03 1.90689830e+04 4.57231645e+03
2.15344022e+03 1.89889343e+04 4.65236514e+03
2.15344022e+03 1.89889343e+04 4.65236514e+03
2.31353759e+03 1.89088857e+04 4.73241382e+03
2.31353759e+03 1.89088857e+04 4.73241382e+03
2.47363496e+03 1.88288370e+04 4.81246250e+03
2.47363496e+03 1.88288370e+04 4.81246250e+03
2.63373233e+03 1.89088857e+04 4.73241382e+03
2.63373233e+03 1.89088857e+04 4.73241382e+03
2.79382970e+03 1.89889343e+04 4.65236514e+03
2.79382970e+03 1.89889343e+04 4.65236514e+03
2.95392707e+03 1.90689830e+04 4.57231645e+03
2.95392707e+03 1.90689830e+04 4.57231645e+03
3.11402444e+03 1.91490317e+04 4.49226777e+03
3.11402444e+03 1.91490317e+04 4.49226777e+03
2.95392707e+03 1.92290804e+04 4.41221908e+03
2.95392707e+03 1.92290804e+04 4.41221908e+03
2.79382970e+03 1.93091291e+04 4.33217040e+03
2.79382970e+03 1.93091291e+04 4.33217040e+03
2.63373233e+03 1.93891778e+04 4.25212171e+03
2.63373233e+03 1.93891778e+04 4.25212171e+03
2.47363496e+03 1.94692264e+04 4.17207303e+03
2.47363496e+03 1.94692264e+04 4.17207303e+03
2.31353759e+03 1.93891778e+04 4.25212171e+03
2.31353759e+03 1.93891778e+04 4.25212171e+03
2.15344022e+03 1.93091291e+04 4.33217040e+03
2.15344022e+03 1.93091291e+04 4.33217040e+03
1.99334286e+03 1.92290804e+04 4.41221908e+03
1.99334286e+03 1.92290804e+04 4.41221908e+03
1.83324549e+03 1.91490317e+04 4.49226777e+03
4.28855463e+03 9.98453769e+03 1.04019153e+04
4.12845726e+03 9.90448900e+03 1.03218667e+04
4.12845726e+03 9.90448900e+03 1.03218667e+04
3.96835989e+03 9.82444032e+03 1.02418180e+04
3.96835989e+03 9.82444032e+03 1.02418180e+04
3.80826252e+03 9.74439163e+03 1.01617693e+04
3.80826252e+03 9.74439163e+03 1.01617693e+04
3.64816515e+03 9.66434295e+03 1.00817206e+04
3.64816515e+03 9.66434295e+03 1.00817206e+04
3.48806778e+03 9.74439163e+03 1.01617693e+04
3.48806778e+03 9.74439163e+03 1.01617693e+04
3.32797042e+03 9.82444032e+03 1.02418180e+04
3.32797042e+03 9.82444032e+03 1.02418180e+04
3.16787305e+03 9.90448900e+03 1.03218667e+04
3.16787305e+03 9.90448900e+03 1.03218667e+04
3.00777568e+03 9.98453769e+03 1.04019153e+04
3.00777568e+03 9.98453769e+03 1.04019153e+04
3.16787305e+03 1.00645864e+04 1.04819640e+04
3.16787305e+03 1.00645864e+04 1.04819640e+04
3.32797042e+03 1.01446351e+04 1.05620127e+04
3.32797042e+03 1.01446351e+04 1.05620127e+04
3.48806778e+03 1.02246837e+04 1.06420614e+04
3.48806778e+03 1.02246837e+04 1.06420614e+04
3.64816515e+03 1.03047324e+04 1.07221101e+04
3.64816515e+03 1.03047324e+04 1.07221101e+04
3.80826252e+03 1.02246837e+04 1.06420614e+04
3.80826252e+03 1.02246837e+04 1.06420614e+04
3.96835989e+03 1.01446351e+04 1.05620127e+04
3.96835989e+03 1.01446351e+04 1.05620127e+04
4.12845726e+03 1.00645864e+04 1.04819640e+04
4.12845726e+03 1.00645864e+04 1.04819640e+04
4.28855463e+03 9.98453769e+03 1.04019153e+04
5.54194592e+03 6.08159873e+03 5.43577476e+03
5.62199460e+03 6.00155005e+03 5.59587213e+03
5.62199460e+03 6.00155005e+03 5.59587213e+03
5.70204328e+03 5.92150136e+03 5.75596950e+03
5.70204328e+03 5.92150136e+03 5.75596950e+03
5.78209197e+03 5.84145268e+03 5.91606687e+03
5.78209197e+03 5.84145268e+03 5.91606687e+03
5.86214065e+03 5.76140399e+03 6.07616424e+03
5.86214065e+03 5.76140399e+03 6.07616424e+03
5.78209197e+03 5.84145268e+03 6.23626161e+03
5.78209197e+03 5.84145268e+03 6.23626161e+03
5.70204328e+03 5.92150136e+03 6.39635898e+03
5.70204328e+03 5.92150136e+03 6.39635898e+03
5.62199460e+03 6.00155005e+03 6.55645634e+03
5.62199460e+03 6.00155005e+03 6.55645634e+03
5.54194592e+03 6.08159873e+03 6.71655371e+03
5.54194592e+03 6.08159873e+03 6.71655371e+03
5.46189723e+03 6.16164742e+03 6.55645634e+03
5.46189723e+03 6.16164742e+03 6.55645634e+03
5.38184855e+03 6.24169610e+03 6.39635898e+03
5.38184855e+03 6.24169610e+03 6.39635898e+03
5.30179986e+03 6.32174479e+03 6.23626161e+03
5.30179986e+03 6.32174479e+03 6.23626161e+03
5.22175118e+03 6.40179347e+03 6.07616424e+03
5.22175118e+03 6.40179347e+03 6.07616424e+03
5.30179986e+03 6.32174479e+03 5.91606687e+03
5.30179986e+03 6.32174479e+03 5.91606687e+03
5.38184855e+03 6.24169610e+03 5.75596950e+03
5.38184855e+03 6.24169610e+03 5.75596950e+03
5.46189723e+03 6.16164742e+03 5.59587213e+03
5.46189723e+03 6.16164742e+03 5.59587213e+03
5.54194592e+03 6.08159873e+03 5.43577476e+03
5.22331149e+03 1.16359049e+04 4.89792619e+03
5.30336017e+03 1.17159536e+04 4.73782882e+03
5.30336017e+03 1.17159536e+04 4.73782882e+03
5.38340886e+03 1.17960023e+04 4.57773145e+03
5.38340886e+03 1.17960023e+04 4.57773145e+03
5.46345754e+03 1.18760510e+04 4.41763408e+03
5.46345754e+03 1.18760510e+04 4.41763408e+03
5.54350623e+03 1.19560997e+04 4.25753671e+03
5.54350623e+03 1.19560997e+04 4.25753671e+03
5.46345754e+03 1.18760510e+04 4.09743935e+03
5.46345754e+03 1.18760510e+04 4.09743935e+03
5.38340886e+03 1.17960023e+04 3.93734198e+03
5.38340886e+03 1.17960023e+04 3.93734198e+03
5.30336017e+03 1.17159536e+04 3.77724461e+03
5.30336017e+03 1.17159536e+04 3.77724461e+03
5.22331149e+03 1.16359049e+04 3.61714724e+03
5.22331149e+03 1.16359049e+04 3.61714724e+03
5.14326280e+03 1.15558562e+04 3.77724461e+03
5.14326280e+03 1.15558562e+04 3.77724461e+03
5.06321412e+03 1.14758076e+04 3.93734198e+03
5.06321412e+03 1.14758076e+04 3.93734198e+03
4.98316543e+03 1.13957589e+04 4.09743935e+03
4.98316543e+03 1.13957589e+04 4.09743935e+03
4.90311675e+03 1.13157102e+04 4.25753671e+03
4.90311675e+03 1.13157102e+04 4.25753671e+03
4.98316543e+03 1.13957589e+04 4.41763408e+03
4.98316543e+03 1.13957589e+04 4.41763408e+03
5.06321412e+03 1.14758076e+04 4.57773145e+03
5.06321412e+03 1.14758076e+04 4.57773145e+03
5.14326280e+03 1.15558562e+04 4.73782882e+03
5.14326280e+03 1.15558562e+04 4.73782882e+03
5.22331149e+03 1.16359049e+04 4.89792619e+03
7.88986113e+03 6.29845299e+03 3.40864344e+03
7.80981245e+03 6.13835563e+03 3.48869212e+03
7.80981245e+03 6.13835563e+03 3.48869212e+03
7.72976376e+03 5.97825826e+03 3.56874080e+03
7.72976376e+03 5.97825826e+03 3.56874080e+03
7.64971508e+03 5.81816089e+03 3.64878949e+03
7.64971508e+03 5.81816089e+03 3.64878949e+03
7.56966639e+03 5.65806352e+03 3.72883817e+03
7.56966639e+03 5.65806352e+03 3.72883817e+03
7.64971508e+03 5.49796615e+03 3.64878949e+03
7.64971508e+03 5.49796615e+03 3.64878949e+03
7.72976376e+03 5.33786878e+03 3.56874080e+03
7.72976376e+03 5.33786878e+03 3.56874080e+03
7.80981245e+03 5.17777141e+03 3.48869212e+03
7.80981245e+03 5.17777141e+03 3.48869212e+03
7.88986113e+03 5.01767404e+03 3.40864344e+03
7.88986113e+03 5.01767404e+03 3.40864344e+03
7.96990982e+03 5.17777141e+03 3.32859475e+03
7.96990982e+03 5.17777141e+03 3.32859475e+03
8.04995850e+03 5.33786878e+03 3.24854607e+03
8.04995850e+03 5.33786878e+03 3.24854607e+03
8.13000718e+03 5.49796615e+03 3.16849738e+03
8.13000718e+03 5.49796615e+03 3.16849738e+03
8.21005587e+03 5.65806352e+03 3.08844870e+03
8.21005587e+03 5.65806352e+03 3.08844870e+03
8.13000718e+03 5.81816089e+03 3.16849738e+03
8.13000718e+03 5.81816089e+03 3.16849738e+03
8.04995850e+03 5.97825826e+03 3.24854607e+03
8.04995850e+03 5.97825826e+03 3.24854607e+03
7.96990982e+03 6.13835563e+03 3.32859475e+03
7.96990982e+03 6.13835563e+03 3.32859475e+03
7.88986113e+03 6.29845299e+03 3.40864344e+03
4.42575536e+03 1.87447364e+04 8.51081084e+03
4.34570667e+03 1.89048337e+04 8.43076216e+03
4.34570667e+03 1.89048337e+04 8.43076216e+03
4.26565799e+03 1.90649311e+04 8.35071347e+03
4.26565799e+03 1.90649311e+04 8.35071347e+03
4.18560931e+03 1.92250285e+04 8.27066479e+03
4.18560931e+03 1.92250285e+04 8.27066479e+03
4.10556062e+03 1.93851258e+04 8.19061610e+03
4.10556062e+03 1.93851258e+04 8.19061610e+03
4.18560931e+03 1.95452232e+04 8.27066479e+03
4.18560931e+03 1.95452232e+04 8.27066479e+03
4.26565799e+03 1.97053206e+04 8.35071347e+03
4.26565799e+03 9.74774353e+01 8.35071347e+03
4.34570667e+03 2.57574804e+02 8.43076216e+03
4.34570667e+03 2.57574804e+02 8.43076216e+03
4.42575536e+03 4.17672173e+02 8.51081084e+03
4.42575536e+03 4.17672173e+02 8.51081084e+03
4.50580404e+03 2.57574804e+02 8.59085953e+03
4.50580404e+03 2.57574804e+02 8.59085953e+03
4.58585273e+03 9.74774353e+01 8.67090821e+03
4.58585273e+03 9.74774353e+01 8.67090821e+03
4.66590141e+03 -6.26199336e+01 8.75095689e+03
4.66590141e+03 1.95452232e+04 8.75095689e+03
4.74595010e+03 1.93851258e+04 8.83100558e+03
4.74595010e+03 1.93851258e+04 8.83100558e+03
4.66590141e+03 1.92250285e+04 8.75095689e+03
4.66590141e+03 1.92250285e+04 8.75095689e+03
4.58585273e+03 1.90649311e+04 8.67090821e+03
4.58585273e+03 1.90649311e+04 8.67090821e+03
4.50580404e+03 1.89048337e+04 8.59085953e+03
4.50580404e+03 1.89048337e+04 8.59085953e+03
4.42575536e+03 1.87447364e+04 8.51081084e+03
1.55986159e+04 1.12257418e+04 1.27823584e+04
1.57587133e+04 1.11456931e+04 1.28624071e+04
1.57587133e+04 1.11456931e+04 1.28624071e+04
1.59188107e+04 1.10656444e+04 1.29424558e+04
1.59188107e+04 1.10656444e+04 1.29424558e+04
1.60789080e+04 1.09855957e+04 1.30225045e+04
1.60789080e+04 1.09855957e+04 1.30225045e+04
1.62390054e+04 1.09055471e+04 1.31025531e+04
1.62390054e+04 1.09055471e+04 1.31025531e+04
1.63991028e+04 1.09855957e+04 1.30225045e+04
1.63991028e+04 1.09855957e+04 1.30225045e+04
1.65592001e+04 1.10656444e+04 1.29424558e+04
1.65592001e+04 1.10656444e+04 1.29424558e+04
1.67192975e+04 1.11456931e+04 1.28624071e+04
1.67192975e+04 1.11456931e+04 1.28624071e+04
1.68793949e+04 1.12257418e+04 1.27823584e+04
1.68793949e+04 1.12257418e+04 1.27823584e+04
1.67192975e+04 1.13057905e+04 1.27023097e+04
1.67192975e+04 1.13057905e+04 1.27023097e+04
1.65592001e+04 1.13858392e+04 1.26222610e+04
1.65592001e+04 1.13858392e+04 1.26222610e+04
1.63991028e+04 1.14658879e+04 1.25422123e+04
1.63991028e+04 1.14658879e+04 1.25422123e+04
1.62390054e+04 1.15459365e+04 1.24621637e+04
1.62390054e+04 1.15459365e+04 1.24621637e+04
1.60789080e+04 1.14658879e+04 1.25422123e+04
1.60789080e+04 1.14658879e+04 1.25422123e+04
1.59188107e+04 1.13858392e+04 1.26222610e+04
1.59188107e+04 1.13858392e+04 1.26222610e+04
1.57587133e+04 1.13057905e+04 1.27023097e+04
1.57587133e+04 1.13057905e+04 1.27023097e+04
1.55986159e+04 1.12257418e+04 1.27823584e+04
1.49489808e+04 7.67222845e+03 7.70318542e+03
1.47888834e+04 7.59217977e+03 7.62313674e+03
1.47888834e+04 7.59217977e+03 7.62313674e+03
1.46287860e+04 7.51213108e+03 7.54308805e+03
1.46287860e+04 7.51213108e+03 7.54308805e+03
1.44686887e+04 7.43208240e+03 7.46303937e+03
1.44686887e+04 7.43208240e+03 7.46303937e+03
1.43085913e+04 7.35203372e+03 7.38299069e+03
1.43085913e+04 7.35203372e+03 7.38299069e+03
1.41484939e+04 7.43208240e+03 7.46303937e+03
1.41484939e+04 7.43208240e+03 7.46303937e+03
1.39883966e+04 7.51213108e+03 7.54308805e+03
1.39883966e+04 7.51213108e+03 7.54308805e+03
1.38282992e+04 7.59217977e+03 7.62313674e+03
1.38282992e+04 7.59217977e+03 7.62313674e+03
1.36682018e+04 7.67222845e+03 7.70318542e+03
1.36682018e+04 7.67222845e+03 7.70318542e+03
1.38282992e+04 7.75227714e+03 7.78323411e+03
1.38282992e+04 7.75227714e+03 7.78323411e+03
1.39883966e+04 7.83232582e+03 7.86328279e+03
1.39883966e+04 7.83232582e+03 7.86328279e+03
1.41484939e+04 7.91237451e+03 7.94333148e+03
1.41484939e+04 7.91237451e+03 7.94333148e+03
1.43085913e+04 7.99242319e+03 8.02338016e+03
1.43085913e+04 7.99242319e+03 8.02338016e+03
1.44686887e+04 7.91237451e+03 7.94333148e+03
1.44686887e+04 7.91237451e+03 7.94333148e+03
1.46287860e+04 7.83232582e+03 7.86328279e+03
1.46287860e+04 7.83232582e+03 7.86328279e+03
1.47888834e+04 7.75227714e+03 7.78323411e+03
1.47888834e+04 7.75227714e+03 7.78323411e+03
1.49489808e+04 7.67222845e+03 7.70318542e+03
1.68539457e+04 1.58827375e+04 1.57624318e+04
1.69339944e+04 1.58026888e+04 1.59225292e+04
1.69339944e+04 1.58026888e+04 1.59225292e+04
1.70140431e+04 1.57226401e+04 1.60826265e+04
1.70140431e+04 1.57226401e+04 1.60826265e+04
1.70940917e+04 1.56425914e+04 1.62427239e+04
1.70940917e+04 1.56425914e+04 1.62427239e+04
1.71741404e+04 1.55625427e+04 1.64028213e+04
1.71741404e+04 1.55625427e+04 1.64028213e+04
1.70940917e+04 1.56425914e+04 1.65629186e+04
1.70940917e+04 1.56425914e+04 1.65629186e+04
1.70140431e+04 1.57226401e+04 1.67230160e+04
1.70140431e+04 1.57226401e+04 1.67230160e+04
1.69339944e+04 1.58026888e+04 1.68831134e+04
1.69339944e+04 1.58026888e+04 1.68831134e+04
1.68539457e+04 1.58827375e+04 1.70432107e+04
1.68539457e+04 1.58827375e+04 1.70432107e+04
1.67738970e+04 1.59627862e+04 1.68831134e+04
1.67738970e+04 1.59627862e+04 1.68831134e+04
1.66938483e+04 1.60428348e+04 1.67230160e+04
1.66938483e+04 1.60428348e+04 1.67230160e+04
1.66137996e+04 1.61228835e+04 1.65629186e+04
1.66137996e+04 1.61228835e+04 1.65629186e+04
1.65337510e+04 1.62029322e+04 1.64028213e+04
1.65337510e+04 1.62029322e+04 1.64028213e+04
1.66137996e+04 1.61228835e+04 1.62427239e+04
1.66137996e+04 1.61228835e+04 1.62427239e+04
1.66938483e+04 1.60428348e+04 1.60826265e+04
1.66938483e+04 1.60428348e+04 1.60826265e+04
1.67738970e+04 1.59627862e+04 1.59225292e+04
1.67738970e+04 1.59627862e+04 1.59225292e+04
1.68539457e+04 1.58827375e+04 1.57624318e+04
3.68603773e+03 7.05091662e+03 1.00910558e+04
3.76608642e+03 7.13096530e+03 9.93095844e+03
3.76608642e+03 7.13096530e+03 9.93095844e+03
3.84613510e+03 7.21101398e+03 9.77086107e+03
3.84613510e+03 7.21101398e+03 9.77086107e+03
3.92618378e+03 7.29106267e+03 9.61076370e+03
3.92618378e+03 7.29106267e+03 9.61076370e+03
4.00623247e+03 7.37111135e+03 9.45066633e+03
4.00623247e+03 7.37111135e+03 9.45066633e+03
3.92618378e+03 7.29106267e+03 9.29056897e+03
3.92618378e+03 7.29106267e+03 9.29056897e+03
3.84613510e+03 7.21101398e+03 9.13047160e+03
3.84613510e+03 7.21101398e+03 9.13047160e+03
3.76608642e+03 7.13096530e+03 8.97037423e+03
3.76608642e+03 7.13096530e+03 8.97037423e+03
3.68603773e+03 7.05091662e+03 8.81027686e+03
3.68603773e+03 7.05091662e+03 8.81027686e+03
3.60598905e+03 6.97086793e+03 8.97037423e+03
3.60598905e+03 6.97086793e+03 8.97037423e+03
3.52594036e+03 6.89081925e+03 9.13047160e+03
3.52594036e+03 6.89081925e+03 9.13047160e+03
3.44589168e+03 6.81077056e+03 9.29056897e+03
3.44589168e+03 6.81077056e+03 9.29056897e+03
3.36584299e+03 6.73072188e+03 9.45066633e+03
3.36584299e+03 6.73072188e+03 9.45066633e+03
3.44589168e+03 6.81077056e+03 9.61076370e+03
3.44589168e+03 6.81077056e+03 9.61076370e+03
3.52594036e+03 6.89081925e+03 9.77086107e+03
3.52594036e+03 6.89081925e+03 9.77086107e+03
3.60598905e+03 6.97086793e+03 9.93095844e+03
3.60598905e+03 6.97086793e+03 9.93095844e+03
3.68603773e+03 7.05091662e+03 1.00910558e+04
1.89426009e+04 1.16857460e+04 1.62255855e+04
1.88625522e+04 1.15256487e+04 1.63056342e+04
1.88625522e+04 1.15256487e+04 1.63056342e+04
1.87825035e+04 1.13655513e+04 1.63856829e+04
1.87825035e+04 1.13655513e+04 1.63856829e+04
1.87024549e+04 1.12054539e+04 1.64657316e+04
1.87024549e+04 1.12054539e+04 1.64657316e+04
1.86224062e+04 1.10453565e+04 1.65457803e+04
1.86224062e+04 1.10453565e+04 1.65457803e+04
1.87024549e+04 1.08852592e+04 1.64657316e+04
1.87024549e+04 1.08852592e+04 1.64657316e+04
1.87825035e+04 1.07251618e+04 1.63856829e+04
1.87825035e+04 1.07251618e+04 1.63856829e+04
1.88625522e+04 1.05650644e+04 1.63056342e+04
1.88625522e+04 1.05650644e+04 1.63056342e+04
1.89426009e+04 1.04049671e+04 1.62255855e+04
1.89426009e+04 1.04049671e+04 1.62255855e+04
1.90226496e+04 1.05650644e+04 1.61455369e+04
1.90226496e+04 1.05650644e+04 1.61455369e+04
1.91026983e+04 1.07251618e+04 1.60654882e+04
1.91026983e+04 1.07251618e+04 1.60654882e+04
1.91827470e+04 1.08852592e+04 1.59854395e+04
1.91827470e+04 1.08852592e+04 1.59854395e+04
1.92627956e+04 1.10453565e+04 1.59053908e+04
1.92627956e+04 1.10453565e+04 1.59053908e+04
1.91827470e+04 1.12054539e+04 1.59854395e+04
1.91827470e+04 1.12054539e+04 1.59854395e+04
1.91026983e+04 1.13655513e+04 1.60654882e+04
1.91026983e+04 1.13655513e+04 1.60654882e+04
1.90226496e+04 1.15256487e+04 1.61455369e+04
1.90226496e+04 1.15256487e+04 1.61455369e+04
1.89426009e+04 1.16857460e+04 1.62255855e+04
1.49230608e+03 1.02054526e+04 1.07439306e+04
1.41225739e+03 1.03655499e+04 1.06638819e+04
1.41225739e+03 1.03655499e+04 1.06638819e+04
1.33220871e+03 1.05256473e+04 1.05838332e+04
1.33220871e+03 1.05256473e+04 1.05838332e+04
1.25216002e+03 1.06857447e+04 1.05037845e+04
1.25216002e+03 1.06857447e+04 1.05037845e+04
1.17211134e+03 1.08458421e+04 1.04237358e+04
1.17211134e+03 1.08458421e+04 1.04237358e+04
1.25216002e+03 1.10059394e+04 1.05037845e+04
1.25216002e+03 1.10059394e+04 1.05037845e+04
1.33220871e+03 1.11660368e+04 1.05838332e+04
1.33220871e+03 1.11660368e+04 1.05838332e+04
1.41225739e+03 1.13261342e+04 1.06638819e+04
1.41225739e+03 1.13261342e+04 1.06638819e+04
1.49230608e+03 1.14862315e+04 1.07439306e+04
1.49230608e+03 1.14862315e+04 1.07439306e+04
1.57235476e+03 1.13261342e+04 1.08239793e+04
1.57235476e+03 1.13261342e+04 1.08239793e+04
1.65240345e+03 1.11660368e+04 1.09040280e+04
1.65240345e+03 1.11660368e+04 1.09040280e+04
1.73245213e+03 1.10059394e+04 1.09840766e+04
1.73245213e+03 1.10059394e+04 1.09840766e+04
1.81250081e+03 1.08458421e+04 1.10641253e+04
1.81250081e+03 1.08458421e+04 1.10641253e+04
1.73245213e+03 1.06857447e+04 1.09840766e+04
1.73245213e+03 1.06857447e+04 1.09840766e+04
1.65240345e+03 1.05256473e+04 1.09040280e+04
1.65240345e+03 1.05256473e+04 1.09040280e+04
1.57235476e+03 1.03655499e+04 1.08239793e+04
1.57235476e+03 1.03655499e+04 1.08239793e+04
1.49230608e+03 1.02054526e+04 1.07439306e+04
1.71134066e+04 7.24487597e+03 1.76698557e+04
1.72735039e+04 7.16482729e+03 1.77499044e+04
1.72735039e+04 7.16482729e+03 1.77499044e+04
1.74336013e+04 7.08477860e+03 1.78299531e+04
1.74336013e+04 7.08477860e+03 1.78299531e+04
1.75936987e+04 7.00472992e+03 1.79100018e+04
1.75936987e+04 7.00472992e+03 1.79100018e+04
1.77537960e+04 6.92468124e+03 1.79900505e+04
1.77537960e+04 6.92468124e+03 1.79900505e+04
1.79138934e+04 7.00472992e+03 1.79100018e+04
1.79138934e+04 7.00472992e+03 1.79100018e+04
1.80739908e+04 7.08477860e+03 1.78299531e+04
1.80739908e+04 7.08477860e+03 1.78299531e+04
1.82340881e+04 7.16482729e+03 1.77499044e+04
1.82340881e+04 7.16482729e+03 1.77499044e+04
1.83941855e+04 7.24487597e+03 1.76698557e+04
1.83941855e+04 7.24487597e+03 1.76698557e+04
1.82340881e+04 7.32492466e+03 1.75898070e+04
1.82340881e+04 7.32492466e+03 1.75898070e+04
1.80739908e+04 7.40497334e+03 1.75097584e+04
1.80739908e+04 7.40497334e+03 1.75097584e+04
1.79138934e+04 7.48502203e+03 1.74297097e+04
1.79138934e+04 7.48502203e+03 1.74297097e+04
1.77537960e+04 7.56507071e+03 1.73496610e+04
1.77537960e+04 7.56507071e+03 1.73496610e+04
1.75936987e+04 7.48502203e+03 1.74297097e+04
1.75936987e+04 7.48502203e+03 1.74297097e+04
1.74336013e+04 7.40497334e+03 1.75097584e+04
1.74336013e+04 7.40497334e+03 1.75097584e+04
1.72735039e+04 7.32492466e+03 1.75898070e+04
1.72735039e+04 7.32492466e+03 1.75898070e+04
1.71134066e+04 7.24487597e+03 1.76698557e+04
3.39786055e+03 1.94458285e+03 1.90820247e+04
3.23776318e+03 1.86453416e+03 1.90019760e+04
3.23776318e+03 1.86453416e+03 1.90019760e+04
3.07766581e+03 1.78448548e+03 1.89219273e+04
3.07766581e+03 1.78448548e+03 1.89219273e+04
2.91756845e+03 1.70443680e+03 1.88418787e+04
2.91756845e+03 1.70443680e+03 1.88418787e+04
2.75747108e+03 1.62438811e+03 1.87618300e+04
2.75747108e+03 1.62438811e+03 1.87618300e+04
2.59737371e+03 1.70443680e+03 1.88418787e+04
2.59737371e+03 1.70443680e+03 1.88418787e+04
2.43727634e+03 1.78448548e+03 1.89219273e+04
2.43727634e+03 1.78448548e+03 1.89219273e+04
2.27717897e+03 1.86453416e+03 1.90019760e+04
2.27717897e+03 1.86453416e+03 1.90019760e+04
2.11708160e+03 1.94458285e+03 1.90820247e+04
2.11708160e+03 1.94458285e+03 1.90820247e+04
2.27717897e+03 2.02463153e+03 1.91620734e+04
2.27717897e+03 2.02463153e+03 1.91620734e+04
2.43727634e+03 2.10468022e+03 1.92421221e+04
2.43727634e+03 2.10468022e+03 1.92421221e+04
2.59737371e+03 2.18472890e+03 1.93221708e+04
2.59737371e+03 2.18472890e+03 1.93221708e+04
2.75747108e+03 2.26477759e+03 1.94022194e+04
2.75747108e+03 2.26477759e+03 1.94022194e+04
2.91756845e+03 2.18472890e+03 1.93221708e+04
2.91756845e+03 2.18472890e+03 1.93221708e+04
3.07766581e+03 2.10468022e+03 1.92421221e+04
3.07766581e+03 2.10468022e+03 1.92421221e+04
3.23776318e+03 2.02463153e+03 1.91620734e+04
3.23776318e+03 2.02463153e+03 1.91620734e+04
3.39786055e+03 1.94458285e+03 1.90820247e+04
1.84714710e+04 1.15871953e+04 3.78392181e+02
1.85515197e+04 1.15071466e+04 5.38489550e+02
1.85515197e+04 1.15071466e+04 5.38489550e+02
1.86315684e+04 1.14270979e+04 6.98586919e+02
1.86315684e+04 1.14270979e+04 6.98586919e+02
1.87116170e+04 1.13470492e+04 8.58684288e+02
1.87116170e+04 1.13470492e+04 8.58684288e+02
1.87916657e+04 1.12670006e+04 1.01878166e+03
1.87916657e+04 1.12670006e+04 1.01878166e+03
1.87116170e+04 1.13470492e+04 1.17887903e+03
1.87116170e+04 1.13470492e+04 1.17887903e+03
1.86315684e+04 1.14270979e+04 1.33897639e+03
1.86315684e+04 1.14270979e+04 1.33897639e+03
1.85515197e+04 1.15071466e+04 1.49907376e+03
1.85515197e+04 1.15071466e+04 1.49907376e+03
1.84714710e+04 1.15871953e+04 1.65917113e+03
1.84714710e+04 1.15871953e+04 1.65917113e+03
1.83914223e+04 1.16672440e+04 1.49907376e+03
1.83914223e+04 1.16672440e+04 1.49907376e+03
1.83113736e+04 1.17472927e+04 1.33897639e+03
1.83113736e+04 1.17472927e+04 1.33897639e+03
1.82313249e+04 1.18273414e+04 1.17887903e+03
1.82313249e+04 1.18273414e+04 1.17887903e+03
1.81512762e+04 1.19073900e+04 1.01878166e+03
1.81512762e+04 1.19073900e+04 1.01878166e+03
1.82313249e+04 1.18273414e+04 8.58684288e+02
1.82313249e+04 1.18273414e+04 8.58684288e+02
1.83113736e+04 1.17472927e+04 6.98586919e+02
1.83113736e+04 1.17472927e+04 6.98586919e+02
1.83914223e+04 1.16672440e+04 5.38489550e+02
1.83914223e+04 1.16672440e+04 5.38489550e+02
1.84714710e+04 1.15871953e+04 3.78392181e+02
9.83366622e+02 6.36474857e+03 8.00803186e+03
1.06341531e+03 6.44479725e+03 7.84793450e+03
1.06341531e+03 6.44479725e+03 7.84793450e+03
1.14346399e+03 6.52484594e+03 7.68783713e+03
1.14346399e+03 6.52484594e+03 7.68783713e+03
1.22351268e+03 6.60489462e+03 7.52773976e+03
1.22351268e+03 6.60489462e+03 7.52773976e+03
1.30356136e+03 6.68494331e+03 7.36764239e+03
1.30356136e+03 6.68494331e+03 7.36764239e+03
1.22351268e+03 6.60489462e+03 7.20754502e+03
1.22351268e+03 6.60489462e+03 7.20754502e+03
1.14346399e+03 6.52484594e+03 7.04744765e+03
1.14346399e+03 6.52484594e+03 7.04744765e+03
1.06341531e+03 6.44479725e+03 6.88735028e+03
1.06341531e+03 6.44479725e+03 6.88735028e+03
9.83366622e+02 6.36474857e+03 6.72725291e+03
9.83366622e+02 6.36474857e+03 6.72725291e+03
9.03317937e+02 6.28469989e+03 6.88735028e+03
9.03317937e+02 6.28469989e+03 6.88735028e+03
8.23269253e+02 6.20465120e+03 7.04744765e+03
8.23269253e+02 6.20465120e+03 7.04744765e+03
7.43220569e+02 6.12460252e+03 7.20754502e+03
7.43220569e+02 6.12460252e+03 7.20754502e+03
6.63171884e+02 6.04455383e+03 7.36764239e+03
6.63171884e+02 6.04455383e+03 7.36764239e+03
7.43220569e+02 6.12460252e+03 7.52773976e+03
7.43220569e+02 6.12460252e+03 7.52773976e+03
8.23269253e+02 6.20465120e+03 7.68783713e+03
8.23269253e+02 6.20465120e+03 7.68783713e+03
9.03317937e+02 6.28469989e+03 7.84793450e+03
9.03317937e+02 6.28469989e+03 7.84793450e+03
9.83366622e+02 6.36474857e+03 8.00803186e+03
1.49833200e+04 1.74887393e+04 1.07001622e+04
1.49032713e+04 1.73286420e+04 1.07802109e+04
1.49032713e+04 1.73286420e+04 1.07802109e+04
1.48232226e+04 1.71685446e+04 1.08602596e+04
1.48232226e+04 1.71685446e+04 1.08602596e+04
1.47431739e+04 1.70084472e+04 1.09403083e+04
1.47431739e+04 1.70084472e+04 1.09403083e+04
1.46631253e+04 1.68483499e+04 1.10203570e+04
1.46631253e+04 1.68483499e+04 1.10203570e+04
1.47431739e+04 1.66882525e+04 1.09403083e+04
1.47431739e+04 1.66882525e+04 1.09403083e+04
1.48232226e+04 1.65281551e+04 1.08602596e+04
1.48232226e+04 1.65281551e+04 1.08602596e+04
1.49032713e+04 1.63680578e+04 1.07802109e+04
1.49032713e+04 1.63680578e+04 1.07802109e+04
1.49833200e+04 1.62079604e+04 1.07001622e+04
1.49833200e+04 1.62079604e+04 1.07001622e+04
1.50633687e+04 1.63680578e+04 1.06201136e+04
1.50633687e+04 1.63680578e+04 1.06201136e+04
1.51434174e+04 1.65281551e+04 1.05400649e+04
1.51434174e+04 1.65281551e+04 1.05400649e+04
1.52234660e+04 1.66882525e+04 1.04600162e+04
1.52234660e+04 1.66882525e+04 1.04600162e+04
1.53035147e+04 1.68483499e+04 1.03799675e+04
1.53035147e+04 1.68483499e+04 1.03799675e+04
1.52234660e+04 1.70084472e+04 1.04600162e+04
1.52234660e+04 1.70084472e+04 1.04600162e+04
1.51434174e+04 1.71685446e+04 1.05400649e+04
1.51434174e+04 1.71685446e+04 1.05400649e+04
1.50633687e+04 1.73286420e+04 1.06201136e+04
1.50633687e+04 1.73286420e+04 1.06201136e+04
1.49833200e+04 1.74887393e+04 1.07001622e+04
6.35009771e+03 7.31676478e+03 2.15034849e+03
6.27004902e+03 7.47686215e+03 2.07029981e+03
6.27004902e+03 7.47686215e+03 2.07029981e+03
6.19000034e+03 7.63695952e+03 1.99025112e+03
6.19000034e+03 7.63695952e+03 1.99025112e+03
6.10995166e+03 7.79705689e+03 1.91020244e+03
6.10995166e+03 7.79705689e+03 1.91020244e+03
6.02990297e+03 7.95715426e+03 1.83015376e+03
6.02990297e+03 7.95715426e+03 1.83015376e+03
6.10995166e+03 8.11725163e+03 1.91020244e+03
6.10995166e+03 8.11725163e+03 1.91020244e+03
6.19000034e+03 8.27734900e+03 1.99025112e+03
6.19000034e+03 8.27734900e+03 1.99025112e+03
6.27004902e+03 8.43744637e+03 2.07029981e+03
6.27004902e+03 8.43744637e+03 2.07029981e+03
6.35009771e+03 8.59754374e+03 2.15034849e+03
6.35009771e+03 8.59754374e+03 2.15034849e+03
6.43014639e+03 8.43744637e+03 2.23039718e+03
6.43014639e+03 8.43744637e+03 2.23039718e+03
6.51019508e+03 8.27734900e+03 2.31044586e+03
6.51019508e+03 8.27734900e+03 2.31044586e+03
6.59024376e+03 8.11725163e+03 2.39049455e+03
6.59024376e+03 8.11725163e+03 2.39049455e+03
6.67029245e+03 7.95715426e+03 2.47054323e+03
6.67029245e+03 7.95715426e+03 2.47054323e+03
6.59024376e+03 7.79705689e+03 2.39049455e+03
6.59024376e+03 7.79705689e+03 2.39049455e+03
6.51019508e+03 7.63695952e+03 2.31044586e+03
6.51019508e+03 7.63695952e+03 2.31044586e+03
6.43014639e+03 7.47686215e+03 2.23039718e+03
6.43014639e+03 7.47686215e+03 2.23039718e+03
6.35009771e+03 7.31676478e+03 2.15034849e+03
2.05159713e+03 1.46154700e+04 1.71846184e+04
2.21169450e+03 1.45354213e+04 1.72646671e+04
2.21169450e+03 1.45354213e+04 1.72646671e+04
2.37179187e+03 1.44553726e+04 1.73447158e+04
2.37179187e+03 1.44553726e+04 1.73447158e+04
2.53188924e+03 1.43753239e+04 1.74247645e+04
2.53188924e+03 1.43753239e+04 1.74247645e+04
2.69198661e+03 1.42952752e+04 1.75048132e+04
2.69198661e+03 1.42952752e+04 1.75048132e+04
2.85208398e+03 1.43753239e+04 1.74247645e+04
2.85208398e+03 1.43753239e+04 1.74247645e+04
3.01218135e+03 1.44553726e+04 1.73447158e+04
3.01218135e+03 1.44553726e+04 1.73447158e+04
3.17227871e+03 1.45354213e+04 1.72646671e+04
3.17227871e+03 1.45354213e+04 1.72646671e+04
3.33237608e+03 1.46154700e+04 1.71846184e+04
3.33237608e+03 1.46154700e+04 1.71846184e+04
3.17227871e+03 1.46955187e+04 1.71045698e+04
3.17227871e+03 1.46955187e+04 1.71045698e+04
3.01218135e+03 1.47755673e+04 1.70245211e+04
3.01218135e+03 1.47755673e+04 1.70245211e+04
2.85208398e+03 1.48556160e+04 1.69444724e+04
2.85208398e+03 1.48556160e+04 1.69444724e+04
2.69198661e+03 1.49356647e+04 1.68644237e+04
2.69198661e+03 1.49356647e+04 1.68644237e+04
2.53188924e+03 1.48556160e+04 1.69444724e+04
2.53188924e+03 1.48556160e+04 1.69444724e+04
2.37179187e+03 1.47755673e+04 1.70245211e+04
2.37179187e+03 1.47755673e+04 1.70245211e+04
2.21169450e+03 1.46955187e+04 1.71045698e+04
2.21169450e+03 1.46955187e+04 1.71045698e+04
2.05159713e+03 1.46154700e+04 1.71846184e+04
5.71861190e+03 1.34431698e+04 7.04140148e+03
5.55851453e+03 1.33631211e+04 6.96135280e+03
5.55851453e+03 1.33631211e+04 6.96135280e+03
5.39841716e+03 1.32830725e+04 6.88130411e+03
5.39841716e+03 1.32830725e+04 6.88130411e+03
5.23831979e+03 1.32030238e+04 6.80125543e+03
5.23831979e+03 1.32030238e+04 6.80125543e+03
5.07822242e+03 1.31229751e+04 6.72120674e+03
5.07822242e+03 1.31229751e+04 6.72120674e+03
4.91812505e+03 1.32030238e+04 6.80125543e+03
4.91812505e+03 1.32030238e+04 6.80125543e+03
4.75802768e+03 1.32830725e+04 6.88130411e+03
4.75802768e+03 1.32830725e+04 6.88130411e+03
4.59793031e+03 1.33631211e+04 6.96135280e+03
4.59793031e+03 1.33631211e+04 6.96135280e+03
4.43783294e+03 1.34431698e+04 7.04140148e+03
4.43783294e+03 1.34431698e+04 7.04140148e+03
4.59793031e+03 1.35232185e+04 7.12145017e+03
4.59793031e+03 1.35232185e+04 7.12145017e+03
4.75802768e+03 1.36032672e+04 7.20149885e+03
4.75802768e+03 1.36032672e+04 7.20149885e+03
4.91812505e+03 1.36833159e+04 7.28154753e+03
4.91812505e+03 1.36833159e+04 7.28154753e+03
5.07822242e+03 1.37633646e+04 7.36159622e+03
5.07822242e+03 1.37633646e+04 7.36159622e+03
5.23831979e+03 1.36833159e+04 7.28154753e+03
5.23831979e+03 1.36833159e+04 7.28154753e+03
5.39841716e+03 1.36032672e+04 7.20149885e+03
5.39841716e+03 1.36032672e+04 7.20149885e+03
5.55851453e+03 1.35232185e+04 7.12145017e+03
5.55851453e+03 1.35232185e+04 7.12145017e+03
5.71861190e+03 1.34431698e+04 7.04140148e+03
1.17982852e+02 1.49251148e+04 7.47769667e+03
1.98031537e+02 1.48450662e+04 7.63779404e+03
1.98031537e+02 1.48450662e+04 7.63779404e+03
2.78080221e+02 1.47650175e+04 7.79789141e+03
2.78080221e+02 1.47650175e+04 7.79789141e+03
3.58128905e+02 1.46849688e+04 7.95798878e+03
3.58128905e+02 1.46849688e+04 7.95798878e+03
4.38177590e+02 1.46049201e+04 8.11808615e+03
4.38177590e+02 1.46049201e+04 8.11808615e+03
3.58128905e+02 1.46849688e+04 8.27818351e+03
3.58128905e+02 1.46849688e+04 8.27818351e+03
2.78080221e+02 1.47650175e+04 8.43828088e+03
2.78080221e+02 1.47650175e+04 8.43828088e+03
1.98031537e+02 1.48450662e+04 8.59837825e+03
1.98031537e+02 1.48450662e+04 8.59837825e+03
1.17982852e+02 1.49251148e+04 8.75847562e+03
1.17982852e+02 1.49251148e+04 8.75847562e+03
3.79341677e+01 1.50051635e+04 8.59837825e+03
3.79341677e+01 1.50051635e+04 8.59837825e+03
-4.21145167e+01 1.50852122e+04 8.43828088e+03
1.95657286e+04 1.50852122e+04 8.43828088e+03
1.94856799e+04 1.51652609e+04 8.27818351e+03
1.94856799e+04 1.51652609e+04 8.27818351e+03
1.94056313e+04 1.52453096e+04 8.11808615e+03
1.94056313e+04 1.52453096e+04 8.11808615e+03
1.94856799e+04 1.51652609e+04 7.95798878e+03
1.94856799e+04 1.51652609e+04 7.95798878e+03
1.95657286e+04 1.50852122e+04 7.79789141e+03
1.95657286e+04 1.50852122e+04 7.79789141e+03
1.96457773e+04 1.50051635e+04 7.63779404e+03
3.79341677e+01 1.50051635e+04 7.63779404e+03
1.17982852e+02 1.49251148e+04 7.47769667e+03
6.54690146e+03 5.45182516e+03 1.22583142e+04
6.62695014e+03 5.53187384e+03 1.20982168e+04
6.62695014e+03 5.53187384e+03 1.20982168e+04
6.70699883e+03 5.61192253e+03 1.19381194e+04
6.70699883e+03 5.61192253e+03 1.19381194e+04
6.78704751e+03 5.69197121e+03 1.17780221e+04
6.78704751e+03 5.69197121e+03 1.17780221e+04
6.86709619e+03 5.77201990e+03 1.16179247e+04
6.86709619e+03 5.77201990e+03 1.16179247e+04
6.78704751e+03 5.69197121e+03 1.14578273e+04
6.78704751e+03 5.69197121e+03 1.14578273e+04
6.70699883e+03 5.61192253e+03 1.12977299e+04
6.70699883e+03 5.61192253e+03 1.12977299e+04
6.62695014e+03 5.53187384e+03 1.11376326e+04
6.62695014e+03 5.53187384e+03 1.11376326e+04
6.54690146e+03 5.45182516e+03 1.09775352e+04
6.54690146e+03 5.45182516e+03 1.09775352e+04
6.46685277e+03 5.37177647e+03 1.11376326e+04
6.46685277e+03 5.37177647e+03 1.11376326e+04
6.38680409e+03 5.29172779e+03 1.12977299e+04
6.38680409e+03 5.29172779e+03 1.12977299e+04
6.30675540e+03 5.21167911e+03 1.14578273e+04
6.30675540e+03 5.21167911e+03 1.14578273e+04
6.22670672e+03 5.13163042e+03 1.16179247e+04
6.22670672e+03 5.13163042e+03 1.16179247e+04
6.30675540e+03 5.21167911e+03 1.17780221e+04
6.30675540e+03 5.21167911e+03 1.17780221e+04
6.38680409e+03 5.29172779e+03 1.19381194e+04
6.38680409e+03 5.29172779e+03 1.19381194e+04
6.46685277e+03 5.37177647e+03 1.20982168e+04
6.46685277e+03 5.37177647e+03 1.20982168e+04
6.54690146e+03 5.45182516e+03 1.22583142e+04
6.37452240e+03 1.90091217e+04 1.88201913e+03
6.29447371e+03 1.88490243e+04 1.96206781e+03
6.29447371e+03 1.88490243e+04 1.96206781e+03
6.21442503e+03 1.86889269e+04 2.04211650e+03
6.21442503e+03 1.86889269e+04 2.04211650e+03
6.13437634e+03 1.85288295e+04 2.12216518e+03
6.13437634e+03 1.85288295e+04 2.12216518e+03
6.05432766e+03 1.83687322e+04 2.20221386e+03
6.05432766e+03 1.83687322e+04 2.20221386e+03
6.13437634e+03 1.82086348e+04 2.12216518e+03
6.13437634e+03 1.82086348e+04 2.12216518e+03
6.21442503e+03 1.80485374e+04 2.04211650e+03
6.21442503e+03 1.80485374e+04 2.04211650e+03
6.29447371e+03 1.78884401e+04 1.96206781e+03
6.29447371e+03 1.78884401e+04 1.96206781e+03
6.37452240e+03 1.77283427e+04 1.88201913e+03
6.37452240e+03 1.77283427e+04 1.88201913e+03
6.45457108e+03 1.78884401e+04 1.80197044e+03
6.45457108e+03 1.78884401e+04 1.80197044e+03
6.53461977e+03 1.80485374e+04 1.72192176e+03
6.53461977e+03 1.80485374e+04 1.72192176e+03
6.61466845e+03 1.82086348e+04 1.64187307e+03
6.61466845e+03 1.82086348e+04 1.64187307e+03
6.69471713e+03 1.83687322e+04 1.56182439e+03
6.69471713e+03 1.83687322e+04 1.56182439e+03
6.61466845e+03 1.85288295e+04 1.64187307e+03
6.61466845e+03 1.85288295e+04 1.64187307e+03
6.53461977e+03 1.86889269e+04 1.72192176e+03
6.53461977e+03 1.86889269e+04 1.72192176e+03
6.45457108e+03 1.88490243e+04 1.80197044e+03
6.45457108e+03 1.88490243e+04 1.80197044e+03
6.37452240e+03 1.90091217e+04 1.88201913e+03
1.73195244e+04 1.04972131e+04 1.21418578e+03
1.72394757e+04 1.06573105e+04 1.13413709e+03
1.72394757e+04 1.06573105e+04 1.13413709e+03
1.71594271e+04 1.08174079e+04 1.05408841e+03
1.71594271e+04 1.08174079e+04 1.05408841e+03
1.70793784e+04 1.09775052e+04 9.74039722e+02
1.70793784e+04 1.09775052e+04 9.74039722e+02
1.69993297e+04 1.11376026e+04 8.93991038e+02
1.69993297e+04 1.11376026e+04 8.93991038e+02
1.70793784e+04 1.12977000e+04 9.74039722e+02
1.70793784e+04 1.12977000e+04 9.74039722e+02
1.71594271e+04 1.14577973e+04 1.05408841e+03
1.71594271e+04 1.14577973e+04 1.05408841e+03
1.72394757e+04 1.16178947e+04 1.13413709e+03
1.72394757e+04 1.16178947e+04 1.13413709e+03
1.73195244e+04 1.17779921e+04 1.21418578e+03
1.73195244e+04 1.17779921e+04 1.21418578e+03
1.73995731e+04 1.16178947e+04 1.29423446e+03
1.73995731e+04 1.16178947e+04 1.29423446e+03
1.74796218e+04 1.14577973e+04 1.37428314e+03
1.74796218e+04 1.14577973e+04 1.37428314e+03
1.75596705e+04 1.12977000e+04 1.45433183e+03
1.75596705e+04 1.12977000e+04 1.45433183e+03
1.76397192e+04 1.11376026e+04 1.53438051e+03
1.76397192e+04 1.11376026e+04 1.53438051e+03
1.75596705e+04 1.09775052e+04 1.45433183e+03
1.75596705e+04 1.09775052e+04 1.45433183e+03
1.74796218e+04 1.08174079e+04 1.37428314e+03
1.74796218e+04 1.08174079e+04 1.37428314e+03
1.73995731e+04 1.06573105e+04 1.29423446e+03
1.73995731e+04 1.06573105e+04 1.29423446e+03
1.73195244e+04 1.04972131e+04 1.21418578e+03
1.65162510e+04 4.40887779e+03 1.56741820e+04
1.66763484e+04 4.32882910e+03 1.57542307e+04
1.66763484e+04 4.32882910e+03 1.57542307e+04
1.68364458e+04 4.24878042e+03 1.58342794e+04
1.68364458e+04 4.24878042e+03 1.58342794e+04
1.69965431e+04 4.16873173e+03 1.59143280e+04
1.69965431e+04 4.16873173e+03 1.59143280e+04
1.71566405e+04 4.08868305e+03 1.59943767e+04
1.71566405e+04 4.08868305e+03 1.59943767e+04
1.73167379e+04 4.16873173e+03 1.59143280e+04
1.73167379e+04 4.16873173e+03 1.59143280e+04
1.74768352e+04 4.24878042e+03 1.58342794e+04
1.74768352e+04 4.24878042e+03 1.58342794e+04
1.76369326e+04 4.32882910e+03 1.57542307e+04
1.76369326e+04 4.32882910e+03 1.57542307e+04
1.77970300e+04 4.40887779e+03 1.56741820e+04
1.77970300e+04 4.40887779e+03 1.56741820e+04
1.76369326e+04 4.48892647e+03 1.55941333e+04
1.76369326e+04 4.48892647e+03 1.55941333e+04
1.74768352e+04 4.56897516e+03 1.55140846e+04
1.74768352e+04 4.56897516e+03 1.55140846e+04
1.73167379e+04 4.64902384e+03 1.54340359e+04
1.73167379e+04 4.64902384e+03 1.54340359e+04
1.71566405e+04 4.72907253e+03 1.53539873e+04
1.71566405e+04 4.72907253e+03 1.53539873e+04
1.69965431e+04 4.64902384e+03 1.54340359e+04
1.69965431e+04 4.64902384e+03 1.54340359e+04
1.68364458e+04 4.56897516e+03 1.55140846e+04
1.68364458e+04 4.56897516e+03 1.55140846e+04
1.66763484e+04 4.48892647e+03 1.55941333e+04
1.66763484e+04 4.48892647e+03 1.55941333e+04
1.65162510e+04 4.40887779e+03 1.56741820e+04
1.63634284e+04 5.67735680e+02 1.22960589e+04
1.62033310e+04 4.87686995e+02 1.22160102e+04
1.62033310e+04 4.87686995e+02 1.22160102e+04
1.60432336e+04 4.07638311e+02 1.21359615e+04
1.60432336e+04 4.07638311e+02 1.21359615e+04
1.58831362e+04 3.27589626e+02 1.20559128e+04
1.58831362e+04 3.27589626e+02 1.20559128e+04
1.57230389e+04 2.47540942e+02 1.19758642e+04
1.57230389e+04 2.47540942e+02 1.19758642e+04
1.55629415e+04 3.27589626e+02 1.20559128e+04
1.55629415e+04 3.27589626e+02 1.20559128e+04
1.54028441e+04 4.07638311e+02 1.21359615e+04
1.54028441e+04 4.07638311e+02 1.21359615e+04
1.52427468e+04 4.87686995e+02 1.22160102e+04
1.52427468e+04 4.87686995e+02 1.22160102e+04
1.50826494e+04 5.67735680e+02 1.22960589e+04
1.50826494e+04 5.67735680e+02 1.22960589e+04
1.52427468e+04 6.47784364e+02 1.23761076e+04
1.52427468e+04 6.47784364e+02 1.23761076e+04
1.54028441e+04 7.27833048e+02 1.24561563e+04
1.54028441e+04 7.27833048e+02 1.24561563e+04
1.55629415e+04 8.07881733e+02 1.25362049e+04
1.55629415e+04 8.07881733e+02 1.25362049e+04
1.57230389e+04 8.87930417e+02 1.26162536e+04
1.57230389e+04 8.87930417e+02 1.26162536e+04
1.58831362e+04 8.07881733e+02 1.25362049e+04
1.58831362e+04 8.07881733e+02 1.25362049e+04
1.60432336e+04 7.27833048e+02 1.24561563e+04
1.60432336e+04 7.27833048e+02 1.24561563e+04
1.62033310e+04 6.47784364e+02 1.23761076e+04
1.62033310e+04 6.47784364e+02 1.23761076e+04
1.63634284e+04 5.67735680e+02 1.22960589e+04
1.18556718e+04 1.53348088e+03 1.45155627e+04
1.19357205e+04 1.45343220e+03 1.46756601e+04
1.19357205e+04 1.45343220e+03 1.46756601e+04
1.20157691e+04 1.37338351e+03 1.48357575e+04
1.20157691e+04 1.37338351e+03 1.48357575e+04
1.20958178e+04 1.29333483e+03 1.49958548e+04
1.20958178e+04 1.29333483e+03 1.49958548e+04
1.21758665e+04 1.21328614e+03 1.51559522e+04
1.21758665e+04 1.21328614e+03 1.51559522e+04
1.20958178e+04 1.29333483e+03 1.53160496e+04
1.20958178e+04 1.29333483e+03 1.53160496e+04
1.20157691e+04 1.37338351e+03 1.54761469e+04
1.20157691e+04 1.37338351e+03 1.54761469e+04
1.19357205e+04 1.45343220e+03 1.56362443e+04
1.19357205e+04 1.45343220e+03 1.56362443e+04
1.18556718e+04 1.53348088e+03 1.57963417e+04
1.18556718e+04 1.53348088e+03 1.57963417e+04
1.17756231e+04 1.61352956e+03 1.56362443e+04
1.17756231e+04 1.61352956e+03 1.56362443e+04
1.16955744e+04 1.69357825e+03 1.54761469e+04
1.16955744e+04 1.69357825e+03 1.54761469e+04
1.16155257e+04 1.77362693e+03 1.53160496e+04
1.16155257e+04 1.77362693e+03 1.53160496e+04
1.15354770e+04 1.85367562e+03 1.51559522e+04
1.15354770e+04 1.85367562e+03 1.51559522e+04
1.16155257e+04 1.77362693e+03 1.49958548e+04
1.16155257e+04 1.77362693e+03 1.49958548e+04
1.16955744e+04 1.69357825e+03 1.48357575e+04
1.16955744e+04 1.69357825e+03 1.48357575e+04
1.17756231e+04 1.61352956e+03 1.46756601e+04
1.17756231e+04 1.61352956e+03 1.46756601e+04
1.18556718e+04 1.53348088e+03 1.45155627e+04
2.81012989e+03 9.09185506e+03 2.54452038e+03
2.89017857e+03 9.17190374e+03 2.38442301e+03
2.89017857e+03 9.17190374e+03 2.38442301e+03
2.97022726e+03 9.25195242e+03 2.22432564e+03
2.97022726e+03 9.25195242e+03 2.22432564e+03
3.05027594e+03 9.33200111e+03 2.06422827e+03
3.05027594e+03 9.33200111e+03 2.06422827e+03
3.13032463e+03 9.41204979e+03 1.90413090e+03
3.13032463e+03 9.41204979e+03 1.90413090e+03
3.05027594e+03 9.33200111e+03 1.74403353e+03
3.05027594e+03 9.33200111e+03 1.74403353e+03
2.97022726e+03 9.25195242e+03 1.58393616e+03
2.97022726e+03 9.25195242e+03 1.58393616e+03
2.89017857e+03 9.17190374e+03 1.42383879e+03
2.89017857e+03 9.17190374e+03 1.42383879e+03
2.81012989e+03 9.09185506e+03 1.26374143e+03
2.81012989e+03 9.09185506e+03 1.26374143e+03
2.73008120e+03 9.01180637e+03 1.42383879e+03
2.73008120e+03 9.01180637e+03 1.42383879e+03
2.65003252e+03 8.93175769e+03 1.58393616e+03
2.65003252e+03 8.93175769e+03 1.58393616e+03
2.56998383e+03 8.85170900e+03 1.74403353e+03
2.56998383e+03 8.85170900e+03 1.74403353e+03
2.48993515e+03 8.77166032e+03 1.90413090e+03
2.48993515e+03 8.77166032e+03 1.90413090e+03
2.56998383e+03 8.85170900e+03 2.06422827e+03
2.56998383e+03 8.85170900e+03 2.06422827e+03
2.65003252e+03 8.93175769e+03 2.22432564e+03
2.65003252e+03 8.93175769e+03 2.22432564e+03
2.73008120e+03 9.01180637e+03 2.38442301e+03
2.73008120e+03 9.01180637e+03 2.38442301e+03
2.81012989e+03 9.09185506e+03 2.54452038e+03
1.11736121e+04 8.55738866e+03 1.15015432e+04
1.10935634e+04 8.39729129e+03 1.15815919e+04
1.10935634e+04 8.39729129e+03 1.15815919e+04
1.10135147e+04 8.23719392e+03 1.16616406e+04
1.10135147e+04 8.23719392e+03 1.16616406e+04
1.09334660e+04 8.07709655e+03 1.17416893e+04
1.09334660e+04 8.07709655e+03 1.17416893e+04
1.08534173e+04 7.91699918e+03 1.18217380e+04
1.08534173e+04 7.91699918e+03 1.18217380e+04
1.09334660e+04 7.75690181e+03 1.17416893e+04
1.09334660e+04 7.75690181e+03 1.17416893e+04
1.10135147e+04 7.59680444e+03 1.16616406e+04
1.10135147e+04 7.59680444e+03 1.16616406e+04
1.10935634e+04 7.43670707e+03 1.15815919e+04
1.10935634e+04 7.43670707e+03 1.15815919e+04
1.11736121e+04 7.27660971e+03 1.15015432e+04
1.11736121e+04 7.27660971e+03 1.15015432e+04
1.12536608e+04 7.43670707e+03 1.14214945e+04
1.12536608e+04 7.43670707e+03 1.14214945e+04
1.13337094e+04 7.59680444e+03 1.13414459e+04
1.13337094e+04 7.59680444e+03 1.13414459e+04
1.14137581e+04 7.75690181e+03 1.12613972e+04
1.14137581e+04 7.75690181e+03 1.12613972e+04
1.14938068e+04 7.91699918e+03 1.11813485e+04
1.14938068e+04 7.91699918e+03 1.11813485e+04
1.14137581e+04 8.07709655e+03 1.12613972e+04
1.14137581e+04 8.07709655e+03 1.12613972e+04
1.13337094e+04 8.23719392e+03 1.13414459e+04
1.13337094e+04 8.23719392e+03 1.13414459e+04
1.12536608e+04 8.39729129e+03 1.14214945e+04
1.12536608e+04 8.39729129e+03 1.14214945e+04
1.11736121e+04 8.55738866e+03 1.15015432e+04
1.46805171e+04 1.68030190e+04 7.43902266e+03
1.46004685e+04 1.69631164e+04 7.35897397e+03
1.46004685e+04 1.69631164e+04 7.35897397e+03
1.45204198e+04 1.71232138e+04 7.27892529e+03
1.45204198e+04 1.71232138e+04 7.27892529e+03
1.44403711e+04 1.72833111e+04 7.19887660e+03
1.44403711e+04 1.72833111e+04 7.19887660e+03
1.43603224e+04 1.74434085e+04 7.11882792e+03
1.43603224e+04 1.74434085e+04 7.11882792e+03
1.44403711e+04 1.76035059e+04 7.19887660e+03
1.44403711e+04 1.76035059e+04 7.19887660e+03
1.45204198e+04 1.77636032e+04 7.27892529e+03
1.45204198e+04 1.77636032e+04 7.27892529e+03
1.46004685e+04 1.79237006e+04 7.35897397e+03
1.46004685e+04 1.79237006e+04 7.35897397e+03
1.46805171e+04 1.80837980e+04 7.43902266e+03
1.46805171e+04 1.80837980e+04 7.43902266e+03
1.47605658e+04 1.79237006e+04 7.51907134e+03
1.47605658e+04 1.79237006e+04 7.51907134e+03
1.48406145e+04 1.77636032e+04 7.59912002e+03
1.48406145e+04 1.77636032e+04 7.59912002e+03
1.49206632e+04 1.76035059e+04 7.67916871e+03
1.49206632e+04 1.76035059e+04 7.67916871e+03
1.50007119e+04 1.74434085e+04 7.75921739e+03
1.50007119e+04 1.74434085e+04 7.75921739e+03
1.49206632e+04 1.72833111e+04 7.67916871e+03
1.49206632e+04 1.72833111e+04 7.67916871e+03
1.48406145e+04 1.71232138e+04 7.59912002e+03
1.48406145e+04 1.71232138e+04 7.59912002e+03
1.47605658e+04 1.69631164e+04 7.51907134e+03
1.47605658e+04 1.69631164e+04 7.51907134e+03
1.46805171e+04 1.68030190e+04 7.43902266e+03
5.09365487e+03 9.98608314e+03 1.04473255e+04
5.25375224e+03 9.90603445e+03 1.05273742e+04
5.25375224e+03 9.90603445e+03 1.05273742e+04
5.41384961e+03 9.82598577e+03 1.06074229e+04
5.41384961e+03 9.82598577e+03 1.06074229e+04
5.57394698e+03 9.74593708e+03 1.06874716e+04
5.57394698e+03 9.74593708e+03 1.06874716e+04
5.73404435e+03 9.66588840e+03 1.07675202e+04
5.73404435e+03 9.66588840e+03 1.07675202e+04
5.89414172e+03 9.74593708e+03 1.06874716e+04
5.89414172e+03 9.74593708e+03 1.06874716e+04
6.05423909e+03 9.82598577e+03 1.06074229e+04
6.05423909e+03 9.82598577e+03 1.06074229e+04
6.21433646e+03 9.90603445e+03 1.05273742e+04
6.21433646e+03 9.90603445e+03 1.05273742e+04
6.37443382e+03 9.98608314e+03 1.04473255e+04
6.37443382e+03 9.98608314e+03 1.04473255e+04
6.21433646e+03 1.00661318e+04 1.03672768e+04
6.21433646e+03 1.00661318e+04 1.03672768e+04
6.05423909e+03 1.01461805e+04 1.02872281e+04
6.05423909e+03 1.01461805e+04 1.02872281e+04
5.89414172e+03 1.02262292e+04 1.02071794e+04
5.89414172e+03 1.02262292e+04 1.02071794e+04
5.73404435e+03 1.03062779e+04 1.01271308e+04
5.73404435e+03 1.03062779e+04 1.01271308e+04
5.57394698e+03 1.02262292e+04 1.02071794e+04
5.57394698e+03 1.02262292e+04 1.02071794e+04
5.41384961e+03 1.01461805e+04 1.02872281e+04
5.41384961e+03 1.01461805e+04 1.02872281e+04
5.25375224e+03 1.00661318e+04 1.03672768e+04
5.25375224e+03 1.00661318e+04 1.03672768e+04
5.09365487e+03 9.98608314e+03 1.04473255e+04
2.70748008e+03 9.00803989e+02 1.21959441e+04
2.54738271e+03 8.20755305e+02 1.21158954e+04
2.54738271e+03 8.20755305e+02 1.21158954e+04
2.38728534e+03 7.40706621e+02 1.20358467e+04
2.38728534e+03 7.40706621e+02 1.20358467e+04
2.22718797e+03 6.60657936e+02 1.19557980e+04
2.22718797e+03 6.60657936e+02 1.19557980e+04
2.06709060e+03 5.80609252e+02 1.18757494e+04
2.06709060e+03 5.80609252e+02 1.18757494e+04
1.90699323e+03 6.60657936e+02 1.19557980e+04
1.90699323e+03 6.60657936e+02 1.19557980e+04
1.74689586e+03 7.40706621e+02 1.20358467e+04
1.74689586e+03 7.40706621e+02 1.20358467e+04
1.58679850e+03 8.20755305e+02 1.21158954e+04
1.58679850e+03 8.20755305e+02 1.21158954e+04
1.42670113e+03 9.00803989e+02 1.21959441e+04
1.42670113e+03 9.00803989e+02 1.21959441e+04
1.58679850e+03 9.80852674e+02 1.22759928e+04
1.58679850e+03 9.80852674e+02 1.22759928e+04
1.74689586e+03 1.06090136e+03 1.23560415e+04
1.74689586e+03 1.06090136e+03 1.23560415e+04
1.90699323e+03 1.14095004e+03 1.24360902e+04
1.90699323e+03 1.14095004e+03 1.24360902e+04
2.06709060e+03 1.22099873e+03 1.25161388e+04
2.06709060e+03 1.22099873e+03 1.25161388e+04
2.22718797e+03 1.14095004e+03 1.24360902e+04
2.22718797e+03 1.14095004e+03 1.24360902e+04
2.38728534e+03 1.06090136e+03 1.23560415e+04
2.38728534e+03 1.06090136e+03 1.23560415e+04
2.54738271e+03 9.80852674e+02 1.22759928e+04
2.54738271e+03 9.80852674e+02 1.22759928e+04
2.70748008e+03 9.00803989e+02 1.21959441e+04
1.61263710e+04 1.07967784e+03 1.50061487e+04
1.62064197e+04 9.99629157e+02 1.51662460e+04
1.62064197e+04 9.99629157e+02 1.51662460e+04
1.62864684e+04 9.19580472e+02 1.53263434e+04
1.62864684e+04 9.19580472e+02 1.53263434e+04
1.63665171e+04 8.39531788e+02 1.54864408e+04
1.63665171e+04 8.39531788e+02 1.54864408e+04
1.64465658e+04 7.59483104e+02 1.56465381e+04
1.64465658e+04 7.59483104e+02 1.56465381e+04
1.63665171e+04 8.39531788e+02 1.58066355e+04
1.63665171e+04 8.39531788e+02 1.58066355e+04
1.62864684e+04 9.19580472e+02 1.59667329e+04
1.62864684e+04 9.19580472e+02 1.59667329e+04
1.62064197e+04 9.99629157e+02 1.61268302e+04
1.62064197e+04 9.99629157e+02 1.61268302e+04
1.61263710e+04 1.07967784e+03 1.62869276e+04
1.61263710e+04 1.07967784e+03 1.62869276e+04
1.60463223e+04 1.15972653e+03 1.61268302e+04
1.60463223e+04 1.15972653e+03 1.61268302e+04
1.59662737e+04 1.23977521e+03 1.59667329e+04
1.59662737e+04 1.23977521e+03 1.59667329e+04
1.58862250e+04 1.31982389e+03 1.58066355e+04
1.58862250e+04 1.31982389e+03 1.58066355e+04
1.58061763e+04 1.39987258e+03 1.56465381e+04
1.58061763e+04 1.39987258e+03 1.56465381e+04
1.58862250e+04 1.31982389e+03 1.54864408e+04
1.58862250e+04 1.31982389e+03 1.54864408e+04
1.59662737e+04 1.23977521e+03 1.53263434e+04
1.59662737e+04 1.23977521e+03 1.53263434e+04
1.60463223e+04 1.15972653e+03 1.51662460e+04
1.60463223e+04 1.15972653e+03 1.51662460e+04
1.61263710e+04 1.07967784e+03 1.50061487e+04
CELLS 3185 9561
8 0 1 4 2 3 5 7 6
2 8 9
2 10 11
2 12 13
2 14 15
2 16 17
2 18 19
2 20 21
2 22 23
2 24 25
2 26 27
2 28 29
2 30 31
2 32 33
2 34 35
2 36 37
2 38 39
2 40 41
2 42 43
2 44 45
2 46 47
2 48 49
2 50 51
2 52 53
2 54 55
2 56 57
2 58 59
2 60 61
2 62 63
2 64 65
2 66 67
2 68 69
2 70 71
2 72 73
2 74 75
2 76 77
2 78 79
2 80 81
2 82 83
2 84 85
2 86 87
2 88 89
2 90 91
2 92 93
2 94 95
2 96 97
2 98 99
2 100 101
2 102 103
2 104 105
2 106 107
2 108 109
2 110 111
2 112 113
2 114 115
2 116 117
2 118 119
2 120 121
2 122 123
2 124 125
2 126 127
2 128 129
2 130 131
2 132 133
2 134 135
2 136 137
2 138 139
2 140 141
2 142 143
2 144 145
2 146 147
2 148 149
2 150 151
2 152 153
2 154 155
2 156 157
2 158 159
2 160 161
2 162 163
2 164 165
2 166 167
2 168 169
2 170 171
2 172 173
2 174 175
2 176 177
2 178 179
2 180 181
2 182 183
2 184 185
2 186 187
2 188 189
2 190 191
2 192 193
2 194 195
2 196 197
2 198 199
2 200 201
2 202 203
2 204 205
2 206 207
2 208 209
2 210 211
2 212 213
2 214 215
2 216 217
2 218 219
2 220 221
2 222 223
2 224 225
2 226 227
2 228 229
2 230 231
2 232 233
2 234 235
2 236 237
2 238 239
2 240 241
2 242 243
2 244 245
2 246 247
2 248 249
2 250 251
2 252 253
2 254 255
2 256 257
2 258 259
2 260 261
2 262 263
2 264 265
2 266 267
2 268 269
2 270 271
2 272 273
2 274 275
2 276 277
2 278 279
2 280 281
2 282 283
2 284 285
2 286 287
2 288 289
2 290 291
2 292 293
2 294 295
2 296 297
2 298 299
2 300 301
2 302 303
2 304 305
2 306 307
2 308 309
2 310 311
2 312 313
2 314 315
2 316 317
2 318 319
2 320 321
2 322 323
2 324 325
2 326 327
2 328 329
2 330 331
2 332 333
2 334 335
2 336 337
2 338 339
2 340 341
2 342 343
2 344 345
2 346 347
2 348 349
2 350 351
2 352 353
2 354 355
2 356 357
2 358 359
2 360 361
2 362 363
2 364 365
2 366 367
2 368 369
2 370 371
2 372 373
2 374 375
2 376 377
2 378 379
2 380 381
2 382 383
2 384 385
2 386 387
2 388 389
2 390 391
2 392 393
2 394 395
2 396 397
2 398 399
2 400 401
2 402 403
2 404 405
2 406 407
2 408 409
2 410 411
2 412 413
2 414 415
2 416 417
2 418 419
2 420 421
2 422 423
2 424 425
2 426 427
2 428 429
2 430 431
2 432 433
2 434 435
2 436 437
2 438 439
2 440 441
2 442 443
2 444 445
2 446 447
2 448 449
2 450 451
2 452 453
2 454 455
2 456 457
2 458 459
2 460 461
2 462 463
2 464 465
2 466 467
2 468 469
2 470 471
2 472 473
2 474 475
2 476 477
2 478 479
2 480 481
2 482 483
2 484 485
2 486 487
2 488 489
2 490 491
2 492 493
2 494 495
2 496 497
2 498 499
2 500 501
2 502 503
2 504 505
2 506 507
2 508 509
2 510 511
2 512 513
2 514 515
2 516 517
2 518 519
2 520 521
2 522 523
2 524 525
2 526 527
2 528 529
2 530 531
2 532 533
2 534 535
2 536 537
2 538 539
2 540 541
2 542 543
2 544 545
2 546 547
2 548 549
2 550 551
2 552 553
2 554 555
2 556 557
2 558 559
2 560 561
2 562 563
2 564 565
2 566 567
2 568 569
2 570 571
2 572 573
2 574 575
2 576 577
2 578 579
2 580 581
2 582 583
2 584 585
2 586 587
2 588 589
2 590 591
2 592 593
2 594 595
2 596 597
2 598 599
2 600 601
2 602 603
2 604 605
2 606 607
2 608 609
2 610 611
2 612 613
2 614 615
2 616 617
2 618 619
2 620 621
2 622 623
2 624 625
2 626 627
2 628 629
2 630 631
2 632 633
2 634 635
2 636 637
2 638 639
2 640 641
2 642 643
2 644 645
2 646 647
2 648 649
2 650 651
2 652 653
2 654 655
2 656 657
2 658 659
2 660 661
2 662 663
2 664 665
2 666 667
2 668 669
2 670 671
2 672 673
2 674 675
2 676 677
2 678 679
2 680 681
2 682 683
2 684 685
2 686 687
2 688 689
2 690 691
2 692 693
2 694 695
2 696 697
2 698 699
2 700 701
2 702 703
2 704 705
2 706 707
2 708 709
2 710 711
2 712 713
2 714 715
2 716 717
2 718 719
2 720 721
2 722 723
2 724 725
2 726 727
2 728 729
2 730 731
2 732 733
2 734 735
2 736 737
2 738 739
2 740 741
2 742 743
2 744 745
2 746 747
2 748 749
2 750 751
2 752 753
2 754 755
2 756 757
2 758 759
2 760 761
2 762 763
2 764 765
2 766 767
2 768 769
2 770 771
2 772 773
2 774 775
2 776 777
2 778 779
2 780 781
2 782 783
2 784 785
2 786 787
2 788 789
2 790 791
2 792 793
2 794 795
2 796 797
2 798 799
2 800 801
2 802 803
2 804 805
2 806 807
2 808 809
2 810 811
2 812 813
2 814 815
2 816 817
2 818 819
2 820 821
2 822 823
2 824 825
2 826 827
2 828 829
2 830 831
2 832 833
2 834 835
2 836 837
2 838 839
2 840 841
2 842 843
2 844 845
2 846 847
2 848 849
2 850 851
2 852 853
2 854 855
2 856 857
2 858 859
2 860 861
2 862 863
2 864 865
2 866 867
2 868 869
2 870 871
2 872 873
2 874 875
2 876 877
2 878 879
2 880 881
2 882 883
2 884 885
2 886 887
2 888 889
2 890 891
2 892 893
2 894 895
2 896 897
2 898 899
2 900 901
2 902 903
2 904 905
2 906 907
2 908 909
2 910 911
2 912 913
2 914 915
2 916 917
2 918 919
2 920 921
2 922 923
2 924 925
2 926 927
2 928 929
2 930 931
2 932 933
2 934 935
2 936 937
2 938 939
2 940 941
2 942 943
2 944 945
2 946 947
2 948 949
2 950 951
2 952 953
2 954 955
2 956 957
2 958 959
2 960 961
2 962 963
2 964 965
2 966 967
2 968 969
2 970 971
2 972 973
2 974 975
2 976 977
2 978 979
2 980 981
2 982 983
2 984 985
2 986 987
2 988 989
2 990 991
2 992 993
2 994 995
2 996 997
2 998 999
2 1000 1001
2 1002 1003
2 1004 1005
2 1006 1007
2 1008 1009
2 1010 1011
2 1012 1013
2 1014 1015
2 1016 1017
2 1018 1019
2 1020 1021
2 1022 1023
2 1024 1025
2 1026 1027
2 1028 1029
2 1030 1031
2 1032 1033
2 1034 1035
2 1036 1037
2 1038 1039
2 1040 1041
2 1042 1043
2 1044 1045
2 1046 1047
2 1048 1049
2 1050 1051
2 1052 1053
2 1054 1055
2 1056 1057
2 1058 1059
2 1060 1061
2 1062 1063
2 1064 1065
2 1066 1067
2 1068 1069
2 1070 1071
2 1072 1073
2 1074 1075
2 1076 1077
2 1078 1079
2 1080 1081
2 1082 1083
2 1084 1085
2 1086 1087
2 1088 1089
2 1090 1091
2 1092 1093
2 1094 1095
2 1096 1097
2 1098 1099
2 1100 1101
2 1102 1103
2 1104 1105
2 1106 1107
2 1108 1109
2 1110 1111
2 1112 1113
2 1114 1115
2 1116 1117
2 1118 1119
2 1120 1121
2 1122 1123
2 1124 1125
2 1126 1127
2 1128 1129
2 1130 1131
2 1132 1133
2 1134 1135
2 1136 1137
2 1138 1139
2 1140 1141
2 1142 1143
2 1144 1145
2 1146 1147
2 1148 1149
2 1150 1151
2 1152 1153
2 1154 1155
2 1156 1157
2 1158 1159
2 1160 1161
2 1162 1163
2 1164 1165
2 1166 1167
2 1168 1169
2 1170 1171
2 1172 1173
2 1174 1175
2 1176 1177
2 1178 1179
2 1180 1181
2 1182 1183
2 1184 1185
2 1186 1187
2 1188 1189
2 1190 1191
2 1192 1193
2 1194 1195
2 1196 1197
2 1198 1199
2 1200 1201
2 1202 1203
2 1204 1205
2 1206 1207
2 1208 1209
2 1210 1211
2 1212 1213
2 1214 1215
2 1216 1217
2 1218 1219
2 1220 1221
2 1222 1223
2 1224 1225
2 1226 1227
2 1228 1229
2 1230 1231
2 1232 1233
2 1234 1235
2 1236 1237
2 1238 1239
2 1240 1241
2 1242 1243
2 1244 1245
2 1246 1247
2 1248 1249
2 1250 1251
2 1252 1253
2 1254 1255
2 1256 1257
2 1258 1259
2 1260 1261
2 1262 1263
2 1264 1265
2 1266 1267
2 1268 1269
2 1270 1271
2 1272 1273
2 1274 1275
2 1276 1277
2 1278 1279
2 1280 1281
2 1282 1283
2 1284 1285
2 1286 1287
2 1288 1289
2 1290 1291
2 1292 1293
2 1294 1295
2 1296 1297
2 1298 1299
2 1300 1301
2 1302 1303
2 1304 1305
2 1306 1307
2 1308 1309
2 1310 1311
2 1312 1313
2 1314 1315
2 1316 1317
2 1318 1319
2 1320 1321
2 1322 1323
2 1324 1325
2 1326 1327
2 1328 1329
2 1330 1331
2 1332 1333
2 1334 1335
2 1336 1337
2 1338 1339
2 1340 1341
2 1342 1343
2 1344 1345
2 1346 1347
2 1348 1349
2 1350 1351
2 1352 1353
2 1354 1355
2 1356 1357
2 1358 1359
2 1360 1361
2 1362 1363
2 1364 1365
2 1366 1367
2 1368 1369
2 1370 1371
2 1372 1373
2 1374 1375
2 1376 1377
2 1378 1379
2 1380 1381
2 1382 1383
2 1384 1385
2 1386 1387
2 1388 1389
2 1390 1391
2 1392 1393
2 1394 1395
2 1396 1397
2 1398 1399
2 1400 1401
2 1402 1403
2 1404 1405
2 1406 1407
2 1408 1409
2 1410 1411
2 1412 1413
2 1414 1415
2 1416 1417
2 1418 1419
2 1420 1421
2 1422 1423
2 1424 1425
2 1426 1427
2 1428 1429
2 1430 1431
2 1432 1433
2 1434 1435
2 1436 1437
2 1438 1439
2 1440 1441
2 1442 1443
2 1444 1445
2 1446 1447
2 1448 1449
2 1450 1451
2 1452 1453
2 1454 1455
2 1456 1457
2 1458 1459
2 1460 1461
2 1462 1463
2 1464 1465
2 1466 1467
2 1468 1469
2 1470 1471
2 1472 1473
2 1474 1475
2 1476 1477
2 1478 1479
2 1480 1481
2 1482 1483
2 1484 1485
2 1486 1487
2 1488 1489
2 1490 1491
2 1492 1493
2 1494 1495
2 1496 1497
2 1498 1499
2 1500 1501
2 1502 1503
2 1504 1505
2 1506 1507
2 1508 1509
2 1510 1511
2 1512 1513
2 1514 1515
2 1516 1517
2 1518 1519
2 1520 1521
2 1522 1523
2 1524 1525
2 1526 1527
2 1528 1529
2 1530 1531
2 1532 1533
2 1534 1535
2 1536 1537
2 1538 1539
2 1540 1541
2 1542 1543
2 1544 1545
2 1546 1547
2 1548 1549
2 1550 1551
2 1552 1553
2 1554 1555
2 1556 1557
2 1558 1559
2 1560 1561
2 1562 1563
2 1564 1565
2 1566 1567
2 1568 1569
2 1570 1571
2 1572 1573
2 1574 1575
2 1576 1577
2 1578 1579
2 1580 1581
2 1582 1583
2 1584 1585
2 1586 1587
2 1588 1589
2 1590 1591
2 1592 1593
2 1594 1595
2 1596 1597
2 1598 1599
2 1600 1601
2 1602 1603
2 1604 1605
2 1606 1607
2 1608 1609
2 1610 1611
2 1612 1613
2 1614 1615
2 1616 1617
2 1618 1619
2 1620 1621
2 1622 1623
2 1624 1625
2 1626 1627
2 1628 1629
2 1630 1631
2 1632 1633
2 1634 1635
2 1636 1637
2 1638 1639
2 1640 1641
2 1642 1643
2 1644 1645
2 1646 1647
2 1648 1649
2 1650 1651
2 1652 1653
2 1654 1655
2 1656 1657
2 1658 1659
2 1660 1661
2 1662 1663
2 1664 1665
2 1666 1667
2 1668 1669
2 1670 1671
2 1672 1673
2 1674 1675
2 1676 1677
2 1678 1679
2 1680 1681
2 1682 1683
2 1684 1685
2 1686 1687
2 1688 1689
2 1690 1691
2 1692 1693
2 1694 1695
2 1696 1697
2 1698 1699
2 1700 1701
2 1702 1703
2 1704 1705
2 1706 1707
2 1708 1709
2 1710 1711
2 1712 1713
2 1714 1715
2 1716 1717
2 1718 1719
2 1720 1721
2 1722 1723
2 1724 1725
2 1726 1727
2 1728 1729
2 1730 1731
2 1732 1733
2 1734 1735
2 1736 1737
2 1738 1739
2 1740 1741
2 1742 1743
2 1744 1745
2 1746 1747
2 1748 1749
2 1750 1751
2 1752 1753
2 1754 1755
2 1756 1757
2 1758 1759
2 1760 1761
2 1762 1763
2 1764 1765
2 1766 1767
2 1768 1769
2 1770 1771
2 1772 1773
2 1774 1775
2 1776 1777
2 1778 1779
2 1780 1781
2 1782 1783
2 1784 1785
2 1786 1787
2 1788 1789
2 1790 1791
2 1792 1793
2 1794 1795
2 1796 1797
2 1798 1799
2 1800 1801
2 1802 1803
2 1804 1805
2 1806 1807
2 1808 1809
2 1810 1811
2 1812 1813
2 1814 1815
2 1816 1817
2 1818 1819
2 1820 1821
2 1822 1823
2 1824 1825
2 1826 1827
2 1828 1829
2 1830 1831
2 1832 1833
2 1834 1835
2 1836 1837
2 1838 1839
2 1840 1841
2 1842 1843
2 1844 1845
2 1846 1847
2 1848 1849
2 1850 1851
2 1852 1853
2 1854 1855
2 1856 1857
2 1858 1859
2 1860 1861
2 1862 1863
2 1864 1865
2 1866 1867
2 1868 1869
2 1870 1871
2 1872 1873
2 1874 1875
2 1876 1877
2 1878 1879
2 1880 1881
2 1882 1883
2 1884 1885
2 1886 1887
2 1888 1889
2 1890 1891
2 1892 1893
2 1894 1895
2 1896 1897
2 1898 1899
2 1900 1901
2 1902 1903
2 1904 1905
2 1906 1907
2 1908 1909
2 1910 1911
2 1912 1913
2 1914 1915
2 1916 1917
2 1918 1919
2 1920 1921
2 1922 1923
2 1924 1925
2 1926 1927
2 1928 1929
2 1930 1931
2 1932 1933
2 1934 1935
2 1936 1937
2 1938 1939
2 1940 1941
2 1942 1943
2 1944 1945
2 1946 1947
2 1948 1949
2 1950 1951
2 1952 1953
2 1954 1955
2 1956 1957
2 1958 1959
2 1960 1961
2 1962 1963
2 1964 1965
2 1966 1967
2 1968 1969
2 1970 1971
2 1972 1973
2 1974 1975
2 1976 1977
2 1978 1979
2 1980 1981
2 1982 1983
2 1984 1985
2 1986 1987
2 1988 1989
2 1990 1991
2 1992 1993
2 1994 1995
2 1996 1997
2 1998 1999
2 2000 2001
2 2002 2003
2 2004 2005
2 2006 2007
2 2008 2009
2 2010 2011
2 2012 2013
2 2014 2015
2 2016 2017
2 2018 2019
2 2020 2021
2 2022 2023
2 2024 2025
2 2026 2027
2 2028 2029
2 2030 2031
2 2032 2033
2 2034 2035
2 2036 2037
2 2038 2039
2 2040 2041
2 2042 2043
2 2044 2045
2 2046 2047
2 2048 2049
2 2050 2051
2 2052 2053
2 2054 2055
2 2056 2057
2 2058 2059
2 2060 2061
2 2062 2063
2 2064 2065
2 2066 2067
2 2068 2069
2 2070 2071
2 2072 2073
2 2074 2075
2 2076 2077
2 2078 2079
2 2080 2081
2 2082 2083
2 2084 2085
2 2086 2087
2 2088 2089
2 2090 2091
2 2092 2093
2 2094 2095
2 2096 2097
2 2098 2099
2 2100 2101
2 2102 2103
2 2104 2105
2 2106 2107
2 2108 2109
2 2110 2111
2 2112 2113
2 2114 2115
2 2116 2117
2 2118 2119
2 2120 2121
2 2122 2123
2 2124 2125
2 2126 2127
2 2128 2129
2 2130 2131
2 2132 2133
2 2134 2135
2 2136 2137
2 2138 2139
2 2140 2141
2 2142 2143
2 2144 2145
2 2146 2147
2 2148 2149
2 2150 2151
2 2152 2153
2 2154 2155
2 2156 2157
2 2158 2159
2 2160 2161
2 2162 2163
2 2164 2165
2 2166 2167
2 2168 2169
2 2170 2171
2 2172 2173
2 2174 2175
2 2176 2177
2 2178 2179
2 2180 2181
2 2182 2183
2 2184 2185
2 2186 2187
2 2188 2189
2 2190 2191
2 2192 2193
2 2194 2195
2 2196 2197
2 2198 2199
2 2200 2201
2 2202 2203
2 2204 2205
2 2206 2207
2 2208 2209
2 2210 2211
2 2212 2213
2 2214 2215
2 2216 2217
2 2218 2219
2 2220 2221
2 2222 2223
2 2224 2225
2 2226 2227
2 2228 2229
2 2230 2231
2 2232 2233
2 2234 2235
2 2236 2237
2 2238 2239
2 2240 2241
2 2242 2243
2 2244 2245
2 2246 2247
2 2248 2249
2 2250 2251
2 2252 2253
2 2254 2255
2 2256 2257
2 2258 2259
2 2260 2261
2 2262 2263
2 2264 2265
2 2266 2267
2 2268 2269
2 2270 2271
2 2272 2273
2 2274 2275
2 2276 2277
2 2278 2279
2 2280 2281
2 2282 2283
2 2284 2285
2 2286 2287
2 2288 2289
2 2290 2291
2 2292 2293
2 2294 2295
2 2296 2297
2 2298 2299
2 2300 2301
2 2302 2303
2 2304 2305
2 2306 2307
2 2308 2309
2 2310 2311
2 2312 2313
2 2314 2315
2 2316 2317
2 2318 2319
2 2320 2321
2 2322 2323
2 2324 2325
2 2326 2327
2 2328 2329
2 2330 2331
2 2332 2333
2 2334 2335
2 2336 2337
2 2338 2339
2 2340 2341
2 2342 2343
2 2344 2345
2 2346 2347
2 2348 2349
2 2350 2351
2 2352 2353
2 2354 2355
2 2356 2357
2 2358 2359
2 2360 2361
2 2362 2363
2 2364 2365
2 2366 2367
2 2368 2369
2 2370 2371
2 2372 2373
2 2374 2375
2 2376 2377
2 2378 2379
2 2380 2381
2 2382 2383
2 2384 2385
2 2386 2387
2 2388 2389
2 2390 2391
2 2392 2393
2 2394 2395
2 2396 2397
2 2398 2399
2 2400 2401
2 2402 2403
2 2404 2405
2 2406 2407
2 2408 2409
2 2410 2411
2 2412 2413
2 2414 2415
2 2416 2417
2 2418 2419
2 2420 2421
2 2422 2423
2 2424 2425
2 2426 2427
2 2428 2429
2 2430 2431
2 2432 2433
2 2434 2435
2 2436 2437
2 2438 2439
2 2440 2441
2 2442 2443
2 2444 2445
2 2446 2447
2 2448 2449
2 2450 2451
2 2452 2453
2 2454 2455
2 2456 2457
2 2458 2459
2 2460 2461
2 2462 2463
2 2464 2465
2 2466 2467
2 2468 2469
2 2470 2471
2 2472 2473
2 2474 2475
2 2476 2477
2 2478 2479
2 2480 2481
2 2482 2483
2 2484 2485
2 2486 2487
2 2488 2489
2 2490 2491
2 2492 2493
2 2494 2495
2 2496 2497
2 2498 2499
2 2500 2501
2 2502 2503
2 2504 2505
2 2506 2507
2 2508 2509
2 2510 2511
2 2512 2513
2 2514 2515
2 2516 2517
2 2518 2519
2 2520 2521
2 2522 2523
2 2524 2525
2 2526 2527
2 2528 2529
2 2530 2531
2 2532 2533
2 2534 2535
2 2536 2537
2 2538 2539
2 2540 2541
2 2542 2543
2 2544 2545
2 2546 2547
2 2548 2549
2 2550 2551
2 2552 2553
2 2554 2555
2 2556 2557
2 2558 2559
2 2560 2561
2 2562 2563
2 2564 2565
2 2566 2567
2 2568 2569
2 2570 2571
2 2572 2573
2 2574 2575
2 2576 2577
2 2578 2579
2 2580 2581
2 2582 2583
2 2584 2585
2 2586 2587
2 2588 2589
2 2590 2591
2 2592 2593
2 2594 2595
2 2596 2597
2 2598 2599
2 2600 2601
2 2602 2603
2 2604 2605
2 2606 2607
2 2608 2609
2 2610 2611
2 2612 2613
2 2614 2615
2 2616 2617
2 2618 2619
2 2620 2621
2 2622 2623
2 2624 2625
2 2626 2627
2 2628 2629
2 2630 2631
2 2632 2633
2 2634 2635
2 2636 2637
2 2638 2639
2 2640 2641
2 2642 2643
2 2644 2645
2 2646 2647
2 2648 2649
2 2650 2651
2 2652 2653
2 2654 2655
2 2656 2657
2 2658 2659
2 2660 2661
2 2662 2663
2 2664 2665
2 2666 2667
2 2668 2669
2 2670 2671
2 2672 2673
2 2674 2675
2 2676 2677
2 2678 2679
2 2680 2681
2 2682 2683
2 2684 2685
2 2686 2687
2 2688 2689
2 2690 2691
2 2692 2693
2 2694 2695
2 2696 2697
2 2698 2699
2 2700 2701
2 2702 2703
2 2704 2705
2 2706 2707
2 2708 2709
2 2710 2711
2 2712 2713
2 2714 2715
2 2716 2717
2 2718 2719
2 2720 2721
2 2722 2723
2 2724 2725
2 2726 2727
2 2728 2729
2 2730 2731
2 2732 2733
2 2734 2735
2 2736 2737
2 2738 2739
2 2740 2741
2 2742 2743
2 2744 2745
2 2746 2747
2 2748 2749
2 2750 2751
2 2752 2753
2 2754 2755
2 2756 2757
2 2758 2759
2 2760 2761
2 2762 2763
2 2764 2765
2 2766 2767
2 2768 2769
2 2770 2771
2 2772 2773
2 2774 2775
2 2776 2777
2 2778 2779
2 2780 2781
2 2782 2783
2 2784 2785
2 2786 2787
2 2788 2789
2 2790 2791
2 2792 2793
2 2794 2795
2 2796 2797
2 2798 2799
2 2800 2801
2 2802 2803
2 2804 2805
2 2806 2807
2 2808 2809
2 2810 2811
2 2812 2813
2 2814 2815
2 2816 2817
2 2818 2819
2 2820 2821
2 2822 2823
2 2824 2825
2 2826 2827
2 2828 2829
2 2830 2831
2 2832 2833
2 2834 2835
2 2836 2837
2 2838 2839
2 2840 2841
2 2842 2843
2 2844 2845
2 2846 2847
2 2848 2849
2 2850 2851
2 2852 2853
2 2854 2855
2 2856 2857
2 2858 2859
2 2860 2861
2 2862 2863
2 2864 2865
2 2866 2867
2 2868 2869
2 2870 2871
2 2872 2873
2 2874 2875
2 2876 2877
2 2878 2879
2 2880 2881
2 2882 2883
2 2884 2885
2 2886 2887
2 2888 2889
2 2890 2891
2 2892 2893
2 2894 2895
2 2896 2897
2 2898 2899
2 2900 2901
2 2902 2903
2 2904 2905
2 2906 2907
2 2908 2909
2 2910 2911
2 2912 2913
2 2914 2915
2 2916 2917
2 2918 2919
2 2920 2921
2 2922 2923
2 2924 2925
2 2926 2927
2 2928 2929
2 2930 2931
2 2932 2933
2 2934 2935
2 2936 2937
2 2938 2939
2 2940 2941
2 2942 2943
2 2944 2945
2 2946 2947
2 2948 2949
2 2950 2951
2 2952 2953
2 2954 2955
2 2956 2957
2 2958 2959
2 2960 2961
2 2962 2963
2 2964 2965
2 2966 2967
2 2968 2969
2 2970 2971
2 2972 2973
2 2974 2975
2 2976 2977
2 2978 2979
2 2980 2981
2 2982 2983
2 2984 2985
2 2986 2987
2 2988 2989
2 2990 2991
2 2992 2993
2 2994 2995
2 2996 2997
2 2998 2999
2 3000 3001
2 3002 3003
2 3004 3005
2 3006 3007
2 3008 3009
2 3010 3011
2 3012 3013
2 3014 3015
2 3016 3017
2 3018 3019
2 3020 3021
2 3022 3023
2 3024 3025
2 3026 3027
2 3028 3029
2 3030 3031
2 3032 3033
2 3034 3035
2 3036 3037
2 3038 3039
2 3040 3041
2 3042 3043
2 3044 3045
2 3046 3047
2 3048 3049
2 3050 3051
2 3052 3053
2 3054 3055
2 3056 3057
2 3058 3059
2 3060 3061
2 3062 3063
2 3064 3065
2 3066 3067
2 3068 3069
2 3070 3071
2 3072 3073
2 3074 3075
2 3076 3077
2 3078 3079
2 3080 3081
2 3082 3083
2 3084 3085
2 3086 3087
2 3088 3089
2 3090 3091
2 3092 3093
2 3094 3095
2 3096 3097
2 3098 3099
2 3100 3101
2 3102 3103
2 3104 3105
2 3106 3107
2 3108 3109
2 3110 3111
2 3112 3113
2 3114 3115
2 3116 3117
2 3118 3119
2 3120 3121
2 3122 3123
2 3124 3125
2 3126 3127
2 3128 3129
2 3130 3131
2 3132 3133
2 3134 3135
2 3136 3137
2 3138 3139
2 3140 3141
2 3142 3143
2 3144 3145
2 3146 3147
2 3148 3149
2 3150 3151
2 3152 3153
2 3154 3155
2 3156 3157
2 3158 3159
2 3160 3161
2 3162 3163
2 3164 3165
2 3166 3167
2 3168 3169
2 3170 3171
2 3172 3173
2 3174 3175
2 3176 3177
2 3178 3179
2 3180 3181
2 3182 3183
2 3184 3185
2 3186 3187
2 3188 3189
2 3190 3191
2 3192 3193
2 3194 3195
2 3196 3197
2 3198 3199
2 3200 3201
2 3202 3203
2 3204 3205
2 3206 3207
2 3208 3209
2 3210 3211
2 3212 3213
2 3214 3215
2 3216 3217
2 3218 3219
2 3220 3221
2 3222 3223
2 3224 3225
2 3226 3227
2 3228 3229
2 3230 3231
2 3232 3233
2 3234 3235
2 3236 3237
2 3238 3239
2 3240 3241
2 3242 3243
2 3244 3245
2 3246 3247
2 3248 3249
2 3250 3251
2 3252 3253
2 3254 3255
2 3256 3257
2 3258 3259
2 3260 3261
2 3262 3263
2 3264 3265
2 3266 3267
2 3268 3269
2 3270 3271
2 3272 3273
2 3274 3275
2 3276 3277
2 3278 3279
2 3280 3281
2 3282 3283
2 3284 3285
2 3286 3287
2 3288 3289
2 3290 3291
2 3292 3293
2 3294 3295
2 3296 3297
2 3298 3299
2 3300 3301
2 3302 3303
2 3304 3305
2 3306 3307
2 3308 3309
2 3310 3311
2 3312 3313
2 3314 3315
2 3316 3317
2 3318 3319
2 3320 3321
2 3322 3323
2 3324 3325
2 3326 3327
2 3328 3329
2 3330 3331
2 3332 3333
2 3334 3335
2 3336 3337
2 3338 3339
2 3340 3341
2 3342 3343
2 3344 3345
2 3346 3347
2 3348 3349
2 3350 3351
2 3352 3353
2 3354 3355
2 3356 3357
2 3358 3359
2 3360 3361
2 3362 3363
2 3364 3365
2 3366 3367
2 3368 3369
2 3370 3371
2 3372 3373
2 3374 3375
2 3376 3377
2 3378 3379
2 3380 3381
2 3382 3383
2 3384 3385
2 3386 3387
2 3388 3389
2 3390 3391
2 3392 3393
2 3394 3395
2 3396 3397
2 3398 3399
2 3400 3401
2 3402 3403
2 3404 3405
2 3406 3407
2 3408 3409
2 3410 3411
2 3412 3413
2 3414 3415
2 3416 3417
2 3418 3419
2 3420 3421
2 3422 3423
2 3424 3425
2 3426 3427
2 3428 3429
2 3430 3431
2 3432 3433
2 3434 3435
2 3436 3437
2 3438 3439
2 3440 3441
2 3442 3443
2 3444 3445
2 3446 3447
2 3448 3449
2 3450 3451
2 3452 3453
2 3454 3455
2 3456 3457
2 3458 3459
2 3460 3461
2 3462 3463
2 3464 3465
2 3466 3467
2 3468 3469
2 3470 3471
2 3472 3473
2 3474 3475
2 3476 3477
2 3478 3479
2 3480 3481
2 3482 3483
2 3484 3485
2 3486 3487
2 3488 3489
2 3490 3491
2 3492 3493
2 3494 3495
2 3496 3497
2 3498 3499
2 3500 3501
2 3502 3503
2 3504 3505
2 3506 3507
2 3508 3509
2 3510 3511
2 3512 3513
2 3514 3515
2 3516 3517
2 3518 3519
2 3520 3521
2 3522 3523
2 3524 3525
2 3526 3527
2 3528 3529
2 3530 3531
2 3532 3533
2 3534 3535
2 3536 3537
2 3538 3539
2 3540 3541
2 3542 3543
2 3544 3545
2 3546 3547
2 3548 3549
2 3550 3551
2 3552 3553
2 3554 3555
2 3556 3557
2 3558 3559
2 3560 3561
2 3562 3563
2 3564 3565
2 3566 3567
2 3568 3569
2 3570 3571
2 3572 3573
2 3574 3575
2 3576 3577
2 3578 3579
2 3580 3581
2 3582 3583
2 3584 3585
2 3586 3587
2 3588 3589
2 3590 3591
2 3592 3593
2 3594 3595
2 3596 3597
2 3598 3599
2 3600 3601
2 3602 3603
2 3604 3605
2 3606 3607
2 3608 3609
2 3610 3611
2 3612 3613
2 3614 3615
2 3616 3617
2 3618 3619
2 3620 3621
2 3622 3623
2 3624 3625
2 3626 3627
2 3628 3629
2 3630 3631
2 3632 3633
2 3634 3635
2 3636 3637
2 3638 3639
2 3640 3641
2 3642 3643
2 3644 3645
2 3646 3647
2 3648 3649
2 3650 3651
2 3652 3653
2 3654 3655
2 3656 3657
2 3658 3659
2 3660 3661
2 3662 3663
2 3664 3665
2 3666 3667
2 3668 3669
2 3670 3671
2 3672 3673
2 3674 3675
2 3676 3677
2 3678 3679
2 3680 3681
2 3682 3683
2 3684 3685
2 3686 3687
2 3688 3689
2 3690 3691
2 3692 3693
2 3694 3695
2 3696 3697
2 3698 3699
2 3700 3701
2 3702 3703
2 3704 3705
2 3706 3707
2 3708 3709
2 3710 3711
2 3712 3713
2 3714 3715
2 3716 3717
2 3718 3719
2 3720 3721
2 3722 3723
2 3724 3725
2 3726 3727
2 3728 3729
2 3730 3731
2 3732 3733
2 3734 3735
2 3736 3737
2 3738 3739
2 3740 3741
2 3742 3743
2 3744 3745
2 3746 3747
2 3748 3749
2 3750 3751
2 3752 3753
2 3754 3755
2 3756 3757
2 3758 3759
2 3760 3761
2 3762 3763
2 3764 3765
2 3766 3767
2 3768 3769
2 3770 3771
2 3772 3773
2 3774 3775
2 3776 3777
2 3778 3779
2 3780 3781
2 3782 3783
2 3784 3785
2 3786 3787
2 3788 3789
2 3790 3791
2 3792 3793
2 3794 3795
2 3796 3797
2 3798 3799
2 3800 3801
2 3802 3803
2 3804 3805
2 3806 3807
2 3808 3809
2 3810 3811
2 3812 3813
2 3814 3815
2 3816 3817
2 3818 3819
2 3820 3821
2 3822 3823
2 3824 3825
2 3826 3827
2 3828 3829
2 3830 3831
2 3832 3833
2 3834 3835
2 3836 3837
2 3838 3839
2 3840 3841
2 3842 3843
2 3844 3845
2 3846 3847
2 3848 3849
2 3850 3851
2 3852 3853
2 3854 3855
2 3856 3857
2 3858 3859
2 3860 3861
2 3862 3863
2 3864 3865
2 3866 3867
2 3868 3869
2 3870 3871
2 3872 3873
2 3874 3875
2 3876 3877
2 3878 3879
2 3880 3881
2 3882 3883
2 3884 3885
2 3886 3887
2 3888 3889
2 3890 3891
2 3892 3893
2 3894 3895
2 3896 3897
2 3898 3899
2 3900 3901
2 3902 3903
2 3904 3905
2 3906 3907
2 3908 3909
2 3910 3911
2 3912 3913
2 3914 3915
2 3916 3917
2 3918 3919
2 3920 3921
2 3922 3923
2 3924 3925
2 3926 3927
2 3928 3929
2 3930 3931
2 3932 3933
2 3934 3935
2 3936 3937
2 3938 3939
2 3940 3941
2 3942 3943
2 3944 3945
2 3946 3947
2 3948 3949
2 3950 3951
2 3952 3953
2 3954 3955
2 3956 3957
2 3958 3959
2 3960 3961
2 3962 3963
2 3964 3965
2 3966 3967
2 3968 3969
2 3970 3971
2 3972 3973
2 3974 3975
2 3976 3977
2 3978 3979
2 3980 3981
2 3982 3983
2 3984 3985
2 3986 3987
2 3988 3989
2 3990 3991
2 3992 3993
2 3994 3995
2 3996 3997
2 3998 3999
2 4000 4001
2 4002 4003
2 4004 4005
2 4006 4007
2 4008 4009
2 4010 4011
2 4012 4013
2 4014 4015
2 4016 4017
2 4018 4019
2 4020 4021
2 4022 4023
2 4024 4025
2 4026 4027
2 4028 4029
2 4030 4031
2 4032 4033
2 4034 4035
2 4036 4037
2 4038 4039
2 4040 4041
2 4042 4043
2 4044 4045
2 4046 4047
2 4048 4049
2 4050 4051
2 4052 4053
2 4054 4055
2 4056 4057
2 4058 4059
2 4060 4061
2 4062 4063
2 4064 4065
2 4066 4067
2 4068 4069
2 4070 4071
2 4072 4073
2 4074 4075
2 4076 4077
2 4078 4079
2 4080 4081
2 4082 4083
2 4084 4085
2 4086 4087
2 4088 4089
2 4090 4091
2 4092 4093
2 4094 4095
2 4096 4097
2 4098 4099
2 4100 4101
2 4102 4103
2 4104 4105
2 4106 4107
2 4108 4109
2 4110 4111
2 4112 4113
2 4114 4115
2 4116 4117
2 4118 4119
2 4120 4121
2 4122 4123
2 4124 4125
2 4126 4127
2 4128 4129
2 4130 4131
2 4132 4133
2 4134 4135
2 4136 4137
2 4138 4139
2 4140 4141
2 4142 4143
2 4144 4145
2 4146 4147
2 4148 4149
2 4150 4151
2 4152 4153
2 4154 4155
2 4156 4157
2 4158 4159
2 4160 4161
2 4162 4163
2 4164 4165
2 4166 4167
2 4168 4169
2 4170 4171
2 4172 4173
2 4174 4175
2 4176 4177
2 4178 4179
2 4180 4181
2 4182 4183
2 4184 4185
2 4186 4187
2 4188 4189
2 4190 4191
2 4192 4193
2 4194 4195
2 4196 4197
2 4198 4199
2 4200 4201
2 4202 4203
2 4204 4205
2 4206 4207
2 4208 4209
2 4210 4211
2 4212 4213
2 4214 4215
2 4216 4217
2 4218 4219
2 4220 4221
2 4222 4223
2 4224 4225
2 4226 4227
2 4228 4229
2 4230 4231
2 4232 4233
2 4234 4235
2 4236 4237
2 4238 4239
2 4240 4241
2 4242 4243
2 4244 4245
2 4246 4247
2 4248 4249
2 4250 4251
2 4252 4253
2 4254 4255
2 4256 4257
2 4258 4259
2 4260 4261
2 4262 4263
2 4264 4265
2 4266 4267
2 4268 4269
2 4270 4271
2 4272 4273
2 4274 4275
2 4276 4277
2 4278 4279
2 4280 4281
2 4282 4283
2 4284 4285
2 4286 4287
2 4288 4289
2 4290 4291
2 4292 4293
2 4294 4295
2 4296 4297
2 4298 4299
2 4300 4301
2 4302 4303
2 4304 4305
2 4306 4307
2 4308 4309
2 4310 4311
2 4312 4313
2 4314 4315
2 4316 4317
2 4318 4319
2 4320 4321
2 4322 4323
2 4324 4325
2 4326 4327
2 4328 4329
2 4330 4331
2 4332 4333
2 4334 4335
2 4336 4337
2 4338 4339
2 4340 4341
2 4342 4343
2 4344 4345
2 4346 4347
2 4348 4349
2 4350 4351
2 4352 4353
2 4354 4355
2 4356 4357
2 4358 4359
2 4360 4361
2 4362 4363
2 4364 4365
2 4366 4367
2 4368 4369
2 4370 4371
2 4372 4373
2 4374 4375
2 4376 4377
2 4378 4379
2 4380 4381
2 4382 4383
2 4384 4385
2 4386 4387
2 4388 4389
2 4390 4391
2 4392 4393
2 4394 4395
2 4396 4397
2 4398 4399
2 4400 4401
2 4402 4403
2 4404 4405
2 4406 4407
2 4408 4409
2 4410 4411
2 4412 4413
2 4414 4415
2 4416 4417
2 4418 4419
2 4420 4421
2 4422 4423
2 4424 4425
2 4426 4427
2 4428 4429
2 4430 4431
2 4432 4433
2 4434 4435
2 4436 4437
2 4438 4439
2 4440 4441
2 4442 4443
2 4444 4445
2 4446 4447
2 4448 4449
2 4450 4451
2 4452 4453
2 4454 4455
2 4456 4457
2 4458 4459
2 4460 4461
2 4462 4463
2 4464 4465
2 4466 4467
2 4468 4469
2 4470 4471
2 4472 4473
2 4474 4475
2 4476 4477
2 4478 4479
2 4480 4481
2 4482 4483
2 4484 4485
2 4486 4487
2 4488 4489
2 4490 4491
2 4492 4493
2 4494 4495
2 4496 4497
2 4498 4499
2 4500 4501
2 4502 4503
2 4504 4505
2 4506 4507
2 4508 4509
2 4510 4511
2 4512 4513
2 4514 4515
2 4516 4517
2 4518 4519
2 4520 4521
2 4522 4523
2 4524 4525
2 4526 4527
2 4528 4529
2 4530 4531
2 4532 4533
2 4534 4535
2 4536 4537
2 4538 4539
2 4540 4541
2 4542 4543
2 4544 4545
2 4546 4547
2 4548 4549
2 4550 4551
2 4552 4553
2 4554 4555
2 4556 4557
2 4558 4559
2 4560 4561
2 4562 4563
2 4564 4565
2 4566 4567
2 4568 4569
2 4570 4571
2 4572 4573
2 4574 4575
2 4576 4577
2 4578 4579
2 4580 4581
2 4582 4583
2 4584 4585
2 4586 4587
2 4588 4589
2 4590 4591
2 4592 4593
2 4594 4595
2 4596 4597
2 4598 4599
2 4600 4601
2 4602 4603
2 4604 4605
2 4606 4607
2 4608 4609
2 4610 4611
2 4612 4613
2 4614 4615
2 4616 4617
2 4618 4619
2 4620 4621
2 4622 4623
2 4624 4625
2 4626 4627
2 4628 4629
2 4630 4631
2 4632 4633
2 4634 4635
2 4636 4637
2 4638 4639
2 4640 4641
2 4642 4643
2 4644 4645
2 4646 4647
2 4648 4649
2 4650 4651
2 4652 4653
2 4654 4655
2 4656 4657
2 4658 4659
2 4660 4661
2 4662 4663
2 4664 4665
2 4666 4667
2 4668 4669
2 4670 4671
2 4672 4673
2 4674 4675
2 4676 4677
2 4678 4679
2 4680 4681
2 4682 4683
2 4684 4685
2 4686 4687
2 4688 4689
2 4690 4691
2 4692 4693
2 4694 4695
2 4696 4697
2 4698 4699
2 4700 4701
2 4702 4703
2 4704 4705
2 4706 4707
2 4708 4709
2 4710 4711
2 4712 4713
2 4714 4715
2 4716 4717
2 4718 4719
2 4720 4721
2 4722 4723
2 4724 4725
2 4726 4727
2 4728 4729
2 4730 4731
2 4732 4733
2 4734 4735
2 4736 4737
2 4738 4739
2 4740 4741
2 4742 4743
2 4744 4745
2 4746 4747
2 4748 4749
2 4750 4751
2 4752 4753
2 4754 4755
2 4756 4757
2 4758 4759
2 4760 4761
2 4762 4763
2 4764 4765
2 4766 4767
2 4768 4769
2 4770 4771
2 4772 4773
2 4774 4775
2 4776 4777
2 4778 4779
2 4780 4781
2 4782 4783
2 4784 4785
2 4786 4787
2 4788 4789
2 4790 4791
2 4792 4793
2 4794 4795
2 4796 4797
2 4798 4799
2 4800 4801
2 4802 4803
2 4804 4805
2 4806 4807
2 4808 4809
2 4810 4811
2 4812 4813
2 4814 4815
2 4816 4817
2 4818 4819
2 4820 4821
2 4822 4823
2 4824 4825
2 4826 4827
2 4828 4829
2 4830 4831
2 4832 4833
2 4834 4835
2 4836 4837
2 4838 4839
2 4840 4841
2 4842 4843
2 4844 4845
2 4846 4847
2 4848 4849
2 4850 4851
2 4852 4853
2 4854 4855
2 4856 4857
2 4858 4859
2 4860 4861
2 4862 4863
2 4864 4865
2 4866 4867
2 4868 4869
2 4870 4871
2 4872 4873
2 4874 4875
2 4876 4877
2 4878 4879
2 4880 4881
2 4882 4883
2 4884 4885
2 4886 4887
2 4888 4889
2 4890 4891
2 4892 4893
2 4894 4895
2 4896 4897
2 4898 4899
2 4900 4901
2 4902 4903
2 4904 4905
2 4906 4907
2 4908 4909
2 4910 4911
2 4912 4913
2 4914 4915
2 4916 4917
2 4918 4919
2 4920 4921
2 4922 4923
2 4924 4925
2 4926 4927
2 4928 4929
2 4930 4931
2 4932 4933
2 4934 4935
2 4936 4937
2 4938 4939
2 4940 4941
2 4942 4943
2 4944 4945
2 4946 4947
2 4948 4949
2 4950 4951
2 4952 4953
2 4954 4955
2 4956 4957
2 4958 4959
2 4960 4961
2 4962 4963
2 4964 4965
2 4966 4967
2 4968 4969
2 4970 4971
2 4972 4973
2 4974 4975
2 4976 4977
2 4978 4979
2 4980 4981
2 4982 4983
2 4984 4985
2 4986 4987
2 4988 4989
2 4990 4991
2 4992 4993
2 4994 4995
2 4996 4997
2 4998 4999
2 5000 5001
2 5002 5003
2 5004 5005
2 5006 5007
2 5008 5009
2 5010 5011
2 5012 5013
2 5014 5015
2 5016 5017
2 5018 5019
2 5020 5021
2 5022 5023
2 5024 5025
2 5026 5027
2 5028 5029
2 5030 5031
2 5032 5033
2 5034 5035
2 5036 5037
2 5038 5039
2 5040 5041
2 5042 5043
2 5044 5045
2 5046 5047
2 5048 5049
2 5050 5051
2 5052 5053
2 5054 5055
2 5056 5057
2 5058 5059
2 5060 5061
2 5062 5063
2 5064 5065
2 5066 5067
2 5068 5069
2 5070 5071
2 5072 5073
2 5074 5075
2 5076 5077
2 5078 5079
2 5080 5081
2 5082 5083
2 5084 5085
2 5086 5087
2 5088 5089
2 5090 5091
2 5092 5093
2 5094 5095
2 5096 5097
2 5098 5099
2 5100 5101
2 5102 5103
2 5104 5105
2 5106 5107
2 5108 5109
2 5110 5111
2 5112 5113
2 5114 5115
2 5116 5117
2 5118 5119
2 5120 5121
2 5122 5123
2 5124 5125
2 5126 5127
2 5128 5129
2 5130 5131
2 5132 5133
2 5134 5135
2 5136 5137
2 5138 5139
2 5140 5141
2 5142 5143
2 5144 5145
2 5146 5147
2 5148 5149
2 5150 5151
2 5152 5153
2 5154 5155
2 5156 5157
2 5158 5159
2 5160 5161
2 5162 5163
2 5164 5165
2 5166 5167
2 5168 5169
2 5170 5171
2 5172 5173
2 5174 5175
2 5176 5177
2 5178 5179
2 5180 5181
2 5182 5183
2 5184 5185
2 5186 5187
2 5188 5189
2 5190 5191
2 5192 5193
2 5194 5195
2 5196 5197
2 5198 5199
2 5200 5201
2 5202 5203
2 5204 5205
2 5206 5207
2 5208 5209
2 5210 5211
2 5212 5213
2 5214 5215
2 5216 5217
2 5218 5219
2 5220 5221
2 5222 5223
2 5224 5225
2 5226 5227
2 5228 5229
2 5230 5231
2 5232 5233
2 5234 5235
2 5236 5237
2 5238 5239
2 5240 5241
2 5242 5243
2 5244 5245
2 5246 5247
2 5248 5249
2 5250 5251
2 5252 5253
2 5254 5255
2 5256 5257
2 5258 5259
2 5260 5261
2 5262 5263
2 5264 5265
2 5266 5267
2 5268 5269
2 5270 5271
2 5272 5273
2 5274 5275
2 5276 5277
2 5278 5279
2 5280 5281
2 5282 5283
2 5284 5285
2 5286 5287
2 5288 5289
2 5290 5291
2 5292 5293
2 5294 5295
2 5296 5297
2 5298 5299
2 5300 5301
2 5302 5303
2 5304 5305
2 5306 5307
2 5308 5309
2 5310 5311
2 5312 5313
2 5314 5315
2 5316 5317
2 5318 5319
2 5320 5321
2 5322 5323
2 5324 5325
2 5326 5327
2 5328 5329
2 5330 5331
2 5332 5333
2 5334 5335
2 5336 5337
2 5338 5339
2 5340 5341
2 5342 5343
2 5344 5345
2 5346 5347
2 5348 5349
2 5350 5351
2 5352 5353
2 5354 5355
2 5356 5357
2 5358 5359
2 5360 5361
2 5362 5363
2 5364 5365
2 5366 5367
2 5368 5369
2 5370 5371
2 5372 5373
2 5374 5375
2 5376 5377
2 5378 5379
2 5380 5381
2 5382 5383
2 5384 5385
2 5386 5387
2 5388 5389
2 5390 5391
2 5392 5393
2 5394 5395
2 5396 5397
2 5398 5399
2 5400 5401
2 5402 5403
2 5404 5405
2 5406 5407
2 5408 5409
2 5410 5411
2 5412 5413
2 5414 5415
2 5416 5417
2 5418 5419
2 5420 5421
2 5422 5423
2 5424 5425
2 5426 5427
2 5428 5429
2 5430 5431
2 5432 5433
2 5434 5435
2 5436 5437
2 5438 5439
2 5440 5441
2 5442 5443
2 5444 5445
2 5446 5447
2 5448 5449
2 5450 5451
2 5452 5453
2 5454 5455
2 5456 5457
2 5458 5459
2 5460 5461
2 5462 5463
2 5464 5465
2 5466 5467
2 5468 5469
2 5470 5471
2 5472 5473
2 5474 5475
2 5476 5477
2 5478 5479
2 5480 5481
2 5482 5483
2 5484 5485
2 5486 5487
2 5488 5489
2 5490 5491
2 5492 5493
2 5494 5495
2 5496 5497
2 5498 5499
2 5500 5501
2 5502 5503
2 5504 5505
2 5506 5507
2 5508 5509
2 5510 5511
2 5512 5513
2 5514 5515
2 5516 5517
2 5518 5519
2 5520 5521
2 5522 5523
2 5524 5525
2 5526 5527
2 5528 5529
2 5530 5531
2 5532 5533
2 5534 5535
2 5536 5537
2 5538 5539
2 5540 5541
2 5542 5543
2 5544 5545
2 5546 5547
2 5548 5549
2 5550 5551
2 5552 5553
2 5554 5555
2 5556 5557
2 5558 5559
2 5560 5561
2 5562 5563
2 5564 5565
2 5566 5567
2 5568 5569
2 5570 5571
2 5572 5573
2 5574 5575
2 5576 5577
2 5578 5579
2 5580 5581
2 5582 5583
2 5584 5585
2 5586 5587
2 5588 5589
2 5590 5591
2 5592 5593
2 5594 5595
2 5596 5597
2 5598 5599
2 5600 5601
2 5602 5603
2 5604 5605
2 5606 5607
2 5608 5609
2 5610 5611
2 5612 5613
2 5614 5615
2 5616 5617
2 5618 5619
2 5620 5621
2 5622 5623
2 5624 5625
2 5626 5627
2 5628 5629
2 5630 5631
2 5632 5633
2 5634 5635
2 5636 5637
2 5638 5639
2 5640 5641
2 5642 5643
2 5644 5645
2 5646 5647
2 5648 5649
2 5650 5651
2 5652 5653
2 5654 5655
2 5656 5657
2 5658 5659
2 5660 5661
2 5662 5663
2 5664 5665
2 5666 5667
2 5668 5669
2 5670 5671
2 5672 5673
2 5674 5675
2 5676 5677
2 5678 5679
2 5680 5681
2 5682 5683
2 5684 5685
2 5686 5687
2 5688 5689
2 5690 5691
2 5692 5693
2 5694 5695
2 5696 5697
2 5698 5699
2 5700 5701
2 5702 5703
2 5704 5705
2 5706 5707
2 5708 5709
2 5710 5711
2 5712 5713
2 5714 5715
2 5716 5717
2 5718 5719
2 5720 5721
2 5722 5723
2 5724 5725
2 5726 5727
2 5728 5729
2 5730 5731
2 5732 5733
2 5734 5735
2 5736 5737
2 5738 5739
2 5740 5741
2 5742 5743
2 5744 5745
2 5746 5747
2 5748 5749
2 5750 5751
2 5752 5753
2 5754 5755
2 5756 5757
2 5758 5759
2 5760 5761
2 5762 5763
2 5764 5765
2 5766 5767
2 5768 5769
2 5770 5771
2 5772 5773
2 5774 5775
2 5776 5777
2 5778 5779
2 5780 5781
2 5782 5783
2 5784 5785
2 5786 5787
2 5788 5789
2 5790 5791
2 5792 5793
2 5794 5795
2 5796 5797
2 5798 5799
2 5800 5801
2 5802 5803
2 5804 5805
2 5806 5807
2 5808 5809
2 5810 5811
2 5812 5813
2 5814 5815
2 5816 5817
2 5818 5819
2 5820 5821
2 5822 5823
2 5824 5825
2 5826 5827
2 5828 5829
2 5830 5831
2 5832 5833
2 5834 5835
2 5836 5837
2 5838 5839
2 5840 5841
2 5842 5843
2 5844 5845
2 5846 5847
2 5848 5849
2 5850 5851
2 5852 5853
2 5854 5855
2 5856 5857
2 5858 5859
2 5860 5861
2 5862 5863
2 5864 5865
2 5866 5867
2 5868 5869
2 5870 5871
2 5872 5873
2 5874 5875
2 5876 5877
2 5878 5879
2 5880 5881
2 5882 5883
2 5884 5885
2 5886 5887
2 5888 5889
2 5890 5891
2 5892 5893
2 5894 5895
2 5896 5897
2 5898 5899
2 5900 5901
2 5902 5903
2 5904 5905
2 5906 5907
2 5908 5909
2 5910 5911
2 5912 5913
2 5914 5915
2 5916 5917
2 5918 5919
2 5920 5921
2 5922 5923
2 5924 5925
2 5926 5927
2 5928 5929
2 5930 5931
2 5932 5933
2 5934 5935
2 5936 5937
2 5938 5939
2 5940 5941
2 5942 5943
2 5944 5945
2 5946 5947
2 5948 5949
2 5950 5951
2 5952 5953
2 5954 5955
2 5956 5957
2 5958 5959
2 5960 5961
2 5962 5963
2 5964 5965
2 5966 5967
2 5968 5969
2 5970 5971
2 5972 5973
2 5974 5975
2 5976 5977
2 5978 5979
2 5980 5981
2 5982 5983
2 5984 5985
2 5986 5987
2 5988 5989
2 5990 5991
2 5992 5993
2 5994 5995
2 5996 5997
2 5998 5999
2 6000 6001
2 6002 6003
2 6004 6005
2 6006 6007
2 6008 6009
2 6010 6011
2 6012 6013
2 6014 6015
2 6016 6017
2 6018 6019
2 6020 6021
2 6022 6023
2 6024 6025
2 6026 6027
2 6028 6029
2 6030 6031
2 6032 6033
2 6034 6035
2 6036 6037
2 6038 6039
2 6040 6041
2 6042 6043
2 6044 6045
2 6046 6047
2 6048 6049
2 6050 6051
2 6052 6053
2 6054 6055
2 6056 6057
2 6058 6059
2 6060 6061
2 6062 6063
2 6064 6065
2 6066 6067
2 6068 6069
2 6070 6071
2 6072 6073
2 6074 6075
2 6076 6077
2 6078 6079
2 6080 6081
2 6082 6083
2 6084 6085
2 6086 6087
2 6088 6089
2 6090 6091
2 6092 6093
2 6094 6095
2 6096 6097
2 6098 6099
2 6100 6101
2 6102 6103
2 6104 6105
2 6106 6107
2 6108 6109
2 6110 6111
2 6112 6113
2 6114 6115
2 6116 6117
2 6118 6119
2 6120 6121
2 6122 6123
2 6124 6125
2 6126 6127
2 6128 6129
2 6130 6131
2 6132 6133
2 6134 6135
2 6136 6137
2 6138 6139
2 6140 6141
2 6142 6143
2 6144 6145
2 6146 6147
2 6148 6149
2 6150 6151
2 6152 6153
2 6154 6155
2 6156 6157
2 6158 6159
2 6160 6161
2 6162 6163
2 6164 6165
2 6166 6167
2 6168 6169
2 6170 6171
2 6172 6173
2 6174 6175
2 6176 6177
2 6178 6179
2 6180 6181
2 6182 6183
2 6184 6185
2 6186 6187
2 6188 6189
2 6190 6191
2 6192 6193
2 6194 6195
2 6196 6197
2 6198 6199
2 6200 6201
2 6202 6203
2 6204 6205
2 6206 6207
2 6208 6209
2 6210 6211
2 6212 6213
2 6214 6215
2 6216 6217
2 6218 6219
2 6220 6221
2 6222 6223
2 6224 6225
2 6226 6227
2 6228 6229
2 6230 6231
2 6232 6233
2 6234 6235
2 6236 6237
2 6238 6239
2 6240 6241
2 6242 6243
2 6244 6245
2 6246 6247
2 6248 6249
2 6250 6251
2 6252 6253
2 6254 6255
2 6256 6257
2 6258 6259
2 6260 6261
2 6262 6263
2 6264 6265
2 6266 6267
2 6268 6269
2 6270 6271
2 6272 6273
2 6274 6275
2 6276 6277
2 6278 6279
2 6280 6281
2 6282 6283
2 6284 6285
2 6286 6287
2 6288 6289
2 6290 6291
2 6292 6293
2 6294 6295
2 6296 6297
2 6298 6299
2 6300 6301
2 6302 6303
2 6304 6305
2 6306 6307
2 6308 6309
2 6310 6311
2 6312 6313
2 6314 6315
2 6316 6317
2 6318 6319
2 6320 6321
2 6322 6323
2 6324 6325
2 6326 6327
2 6328 6329
2 6330 6331
2 6332 6333
2 6334 6335
2 6336 6337
2 6338 6339
2 6340 6341
2 6342 6343
2 6344 6345
2 6346 6347
2 6348 6349
2 6350 6351
2 6352 6353
2 6354 6355
2 6356 6357
2 6358 6359
2 6360 6361
2 6362 6363
2 6364 6365
2 6366 6367
2 6368 6369
2 6370 6371
2 6372 6373
2 6374 6375
CELL_TYPES 3185
12
4
4
4
4
4
4
4
4
4
4
4
4
4
4
4
4
4
4
4
4
4
4
4
4
4
4
4
4
4
4
4
4
4
4
4
4
4
4
4
4
4
4
4
4
4
4
4
4
4
4
4
4
4
4
4
4
4
4
4
4
4
4
4
4
4
4
4
4
4
4
4
4
4
4
4
4
4
4
4
4
4
4
4
4
4
4
4
4
4
4
4
4
4
4
4
4
4
4
4
4
4
4
4
4
4
4
4
4
4
4
4
4
4
4
4
4
4
4
4
4
4
4
4
4
4
4
4
4
4
4
4
4
4
4
4
4
4
4
4
4
4
4
4
4
4
4
4
4
4
4
4
4
4
4
4
4
4
4
4
4
4
4
4
4
4
4
4
4
4
4
4
4
4
4
4
4
4
4
4
4
4
4
4
4
4
4
4
4
4
4
4
4
4
4
4
4
4
4
4
4
4
4
4
4
4
4
4
4
4
4
4
4
4
4
4
4
4
4
4
4
4
4
4
4
4
4
4
4
4
4
4
4
4
4
4
4
4
4
4
4
4
4
4
4
4
4
4
4
4
4
4
4
4
4
4
4
4
4
4
4
4
4
4
4
4
4
4
4
4
4
4
4
4
4
4
4
4
4
4
4
4
4
4
4
4
4
4
4
4
4
4
4
4
4
4
4
4
4
4
4
4
4
4
4
4
4
4
4
4
4
4
4
4
4
4
4
4
4
4
4
4
4
4
4
4
4
4
4
4
4
4
4
4
4
4
4
4
4
4
4
4
4
4
4
4
4
4
4
4
4
4
4
4
4
4
4
4
4
4
4
4
4
4
4
4
4
4
4
4
4
4
4
4
4
4
4
4
4
4
4
4
4
4
4
4
4
4
4
4
4
4
4
4
4
4
4
4
4
4
4
4
4
4
4
4
4
4
4
4
4
4
4
4
4
4
4
4
4
4
4
4
4
4
4
4
4
4
4
4
4
4
4
4
4
4
4
4
4
4
4
4
4
4
4
4
4
4
4
4
4
4
4
4
4
4
4
4
4
4
4
4
4
4
4
4
4
4
4
4
4
4
4
4
4
4
4
4
4
4
4
4
4
4
4
4
4
4
4
4
4
4
4
4
4
4
4
4
4
4
4
4
4
4
4
4
4
4
4
4
4
4
4
4
4
4
4
4
4
4
4
4
4
4
4
4
4
4
4
4
4
4
4
4
4
4
4
4
4
4
4
4
4
4
4
4
4
4
4
4
4
4
4
4
4
4
4
4
4
4
4
4
4
4
4
4
4
4
4
4
4
4
4
4
4
4
4
4
4
4
4
4
4
4
4
4
4
4
4
4
4
4
4
4
4
4
4
4
4
4
4
4
4
4
4
4
4
4
4
4
4
4
4
4
4
4
4
4
4
4
4
4
4
4
4
4
4
4
4
4
4
4
4
4
4
4
4
4
4
4
4
4
4
4
4
4
4
4
4
4
4
4
4
4
4
4
4
4
4
4
4
4
4
4
4
4
4
4
4
4
4
4
4
4
4
4
4
4
4
4
4
4
4
4
4
4
4
4
4
4
4
4
4
4
4
4
4
4
4
4
4
4
4
4
4
4
4
4
4
4
4
4
4
4
4
4
4
4
4
4
4
4
4
4
4
4
4
4
4
4
4
4
4
4
4
4
4
4
4
4
4
4
4
4
4
4
4
4
4
4
4
4
4
4
4
4
4
4
4
4
4
4
4
4
4
4
4
4
4
4
4
4
4
4
4
4
4
4
4
4
4
4
4
4
4
4
4
4
4
4
4
4
4
4
4
4
4
4
4
4
4
4
4
4
4
4
4
4
4
4
4
4
4
4
4
4
4
4
4
4
4
4
4
4
4
4
4
4
4
4
4
4
4
4
4
4
4
4
4
4
4
4
4
4
4
4
4
4
4
4
4
4
4
4
4
4
4
4
4
4
4
4
4
4
4
4
4
4
4
4
4
4
4
4
4
4
4
4
4
4
4
4
4
4
4
4
4
4
4
4
4
4
4
4
4
4
4
4
4
4
4
4
4
4
4
4
4
4
4
4
4
4
4
4
4
4
4
4
4
4
4
4
4
4
4
4
4
4
4
4
4
4
4
4
4
4
4
4
4
4
4
4
4
4
4
4
4
4
4
4
4
4
4
4
4
4
4
4
4
4
4
4
4
4
4
4
4
4
4
4
4
4
4
4
4
4
4
4
4
4
4
4
4
4
4
4
4
4
4
4
4
4
4
4
4
4
4
4
4
4
4
4
4
4
4
4
4
4
4
4
4
4
4
4
4
4
4
4
4
4
4
4
4
4
4
4
4
4
4
4
4
4
4
4
4
4
4
4
4
4
4
4
4
4
4
4
4
4
4
4
4
4
4
4
4
4
4
4
4
4
4
4
4
4
4
4
4
4
4
4
4
4
4
4
4
4
4
4
4
4
4
4
4
4
4
4
4
4
4
4
4
4
4
4
4
4
4
4
4
4
4
4
4
4
4
4
4
4
4
4
4
4
4
4
4
4
4
4
4
4
4
4
4
4
4
4
4
4
4
4
4
4
4
4
4
4
4
4
4
4
4
4
4
4
4
4
4
4
4
4
4
4
4
4
4
4
4
4
4
4
4
4
4
4
4
4
4
4
4
4
4
4
4
4
4
4
4
4
4
4
4
4
4
4
4
4
4
4
4
4
4
4
4
4
4
4
4
4
4
4
4
4
4
4
4
4
4
4
4
4
4
4
4
4
4
4
4
4
4
4
4
4
4
4
4
4
4
4
4
4
4
4
4
4
4
4
4
4
4
4
4
4
4
4
4
4
4
4
4
4
4
4
4
4
4
4
4
4
4
4
4
4
4
4
4
4
4
4
4
4
4
4
4
4
4
4
4
4
4
4
4
4
4
4
4
4
4
4
4
4
4
4
4
4
4
4
4
4
4
4
4
4
4
4
4
4
4
4
4
4
4
4
4
4
4
4
4
4
4
4
4
4
4
4
4
4
4
4
4
4
4
4
4
4
4
4
4
4
4
4
4
4
4
4
4
4
4
4
4
4
4
4
4
4
4
4
4
4
4
4
4
4
4
4
4
4
4
4
4
4
4
4
4
4
4
4
4
4
4
4
4
4
4
4
4
4
4
4
4
4
4
4
4
4
4
4
4
4
4
4
4
4
4
4
4
4
4
4
4
4
4
4
4
4
4
4
4
4
4
4
4
4
4
4
4
4
4
4
4
4
4
4
4
4
4
4
4
4
4
4
4
4
4
4
4
4
4
4
4
4
4
4
4
4
4
4
4
4
4
4
4
4
4
4
4
4
4
4
4
4
4
4
4
4
4
4
4
4
4
4
4
4
4
4
4
4
4
4
4
4
4
4
4
4
4
4
4
4
4
4
4
4
4
4
4
4
4
4
4
4
4
4
4
4
4
4
4
4
4
4
4
4
4
4
4
4
4
4
4
4
4
4
4
4
4
4
4
4
4
4
4
4
4
4
4
4
4
4
4
4
4
4
4
4
4
4
4
4
4
4
4
4
4
4
4
4
4
4
4
4
4
4
4
4
4
4
4
4
4
4
4
4
4
4
4
4
4
4
4
4
4
4
4
4
4
4
4
4
4
4
4
4
4
4
4
4
4
4
4
4
4
4
4
4
4
4
4
4
4
4
4
4
4
4
4
4
4
4
4
4
4
4
4
4
4
4
4
4
4
4
4
4
4
4
4
4
4
4
4
4
4
4
4
4
4
4
4
4
4
4
4
4
4
4
4
4
4
4
4
4
4
4
4
4
4
4
4
4
4
4
4
4
4
4
4
4
4
4
4
4
4
4
4
4
4
4
4
4
4
4
4
4
4
4
4
4
4
4
4
4
4
4
4
4
4
4
4
4
4
4
4
4
4
4
4
4
4
4
4
4
4
4
4
4
4
4
4
4
4
4
4
4
4
4
4
4
4
4
4
4
4
4
4
4
4
4
4
4
4
4
4
4
4
4
4
4
4
4
4
4
4
4
4
4
4
4
4
4
4
4
4
4
4
4
4
4
4
4
4
4
4
4
4
4
4
4
4
4
4
4
4
4
4
4
4
4
4
4
4
4
4
4
4
4
4
4
4
4
4
4
4
4
4
4
4
4
4
4
4
4
4
4
4
4
4
4
4
4
4
4
4
4
4
4
4
4
4
4
4
4
4
4
4
4
4
4
4
4
4
4
4
4
4
4
4
4
4
4
4
4
4
4
4
4
4
4
4
4
4
4
4
4
4
4
4
4
4
4
4
4
4
4
4
4
4
4
4
4
4
4
4
4
4
4
4
4
4
4
4
4
4
4
4
4
4
4
4
4
4
4
4
4
4
4
4
4
4
4
4
4
4
4
4
4
4
4
4
4
4
4
4
4
4
4
4
4
4
4
4
4
4
4
4
4
4
4
4
4
4
4
4
4
4
4
4
4
4
4
4
4
4
4
4
4
4
4
4
4
4
4
4
4
4
4
4
4
4
4
4
4
4
4
4
4
4
4
4
4
4
4
4
4
4
4
4
4
4
4
4
4
4
4
4
4
4
4
4
4
4
4
4
4
4
4
4
4
4
4
4
4
4
4
4
4
4
4
4
4
4
4
4
4
4
4
4
4
4
4
4
4
4
4
4
4
4
4
4
4
4
4
4
4
4
4
4
4
4
4
4
4
4
4
4
4
4
4
4
4
4
4
4
4
4
4
4
4
4
4
4
4
4
4
4
4
4
4
4
4
4
4
4
4
4
4
4
4
4
4
4
4
4
4
4
4
4
4
4
4
4
4
4
4
4
4
4
4
4
4
4
4
4
4
4
4
4
4
4
4
4
4
4
4
4
4
4
4
4
4
4
4
4
4
4
4
4
4
4
4
4
4
4
4
4
4
4
4
4
4
4
4
4
4
4
4
4
4
4
4
4
4
4
4
4
4
4
4
4
4
4
4
4
4
4
4
4
4
4
4
4
4
4
4
4
4
4
4
4
4
4
4
4
4
4
4
4
4
4
4
4
4
4
4
4
4
4
4
4
4
4
4
4
4
4
4
4
4
4
4
4
4
4
4
4
4
4
4
4
4
4
4
4
4
4
4
4
4
4
4
4
4
4
4
4
4
4
4
4
4
4
4
4
4
4
4
4
4
4
4
4
4
4
4
4
4
4
4
4
4
4
4
4
4
4
4
4
4
4
4
4
4
4
4
4
4
4
4
4
4
4
4
4
4
4
4
4
4
4
4
4
4
4
4
4
4
4
4
4
4
4
4
4
4
4
4
4
4
4
4
4
4
4
4
4
4
4
4
4
4
4
4
4
4
4
4
4
4
4
4
4
4
4
4
4
4
4
4
4
4
4
4
4
4
4
4
4
4
4
4
4
4
4
4
4
4
4
4
4
4
4
4
4
4
4
4
4
4
4
4
4
4
4
4
4
4
4
4
4
4
4
4
4
4
4
4
4
4
4
4
4
4
4
4
4
4
4
4
4
4
4
4
4
4
4
4
4
4
4
4
4
4
4
4
4
4
4
4
4
4
4
4
4
4
4
4
4
4
4
4
4
4
4
4
4
4
4
4
4
4
4
4
4
4
4
4
4
4
4
4
4
4
4
4
4
4
4
4
4
4
4
4
4
4
4
4
4
4
4
4
4
4
4
4
4
4
4
4
4
4
4
4
4
4
4
4
4
4
4
4
4
4
4
4
4
4
4
4
4
4
4
4
4
4
4
4
4
4
4
4
4
4
4
4
4
4
4
4
4
4
4
4
4
4
4
4
4
4
4
4
4
4
4
4
4
4
4
4
4
4
4
4
4
4
4
4
4
4
4
4
4
4
4
4
4
4
4
4
4
4
4
4
4
4
4
4
4
4
4
4
4
4
4
4
4
4
4
4
4
4
4
4
4
4
4
4
4
4
4
4
4
4
4
4
4
4
4
4
4
4
4
4
4
4
4
4
4
4
4
4
4
4
4
4
4
4
4
4
4
4
4
4
4
4
4
4
4
4
4
4
4
4
4
4
4
4
4
4
4
4
4
4
4
4
4
4
4
4
4
4
4
4
4
4
4
4
4
4
4
4
4
4
4
4
4
4
4
4
4
4
4
4
4
4
4
4
4
4
4
4
4
4
4
4
4
4
4
4
4
4
4
4
4
4
4
4
4
4
4
4
4
4
4
4
4
4
4
4
4
4
4
4
4
4
4
4
4
4
4
4
4
4
4
4
4
4
4
4
4
4
4
4
4
4
4
4
4
4
4
4
4
4
4
4
4
4
4
4
4
4
4
4
4
4
4
4
4
4
4
4
4
4
4
4
4
4
4
4
4
4
4
4
4
4
4
4
4
4
4
4
4
4
4
4
4
4
4
4
4
4
4
4
4
4
4
4
4
4
4
4
4
4
4
4
4
4
4
4
4
4
4
4
4
4
4
4
4
4
4
4
4
4
4
4
4
4
4
4
4
4
4
4
4
4
4
4
4
4
4
4
4
4
4
4
4
4
4
4
4
4
4
4
4
4
4
4
4
4
4
4
4
4
4
4
4
4
4
4
4
4
4
4
4
4
4
4
4
4
4
4
4
4
4
4
4
4
4
4
4
4
4
4
4
4
4
4
4
4
4
4
4
4
4
4
4
4
4
4
4
4
4
4
4
4
4
4
4
4
4
4
4
4
4
4
4
4
4
4
4
4
4
4
4
4
4
4
4
4
4
4
4
4
4
4
4
4
4
4
4
4
4
4
4
4
4
4
4
4
4
4
4
4
4
4
4
4
4
4
4
4
4
4
4
4
4
4
4
4
4
4
4
4
4
4
4
4
4
4
4
4
4
4
4
4
4
4
4
4
4
4
4
4
4
4
4
4
4
4
4
4
4
4
4
4
4
4
4
4
4
4
4
4
4
4
4
4
4
4
4
4
4
4
4
4
4
4
4
4
4
4
4
4
4
4
4
4
4
4
4
4
4
4
4
4
4
4
4
4
4
4
4
4
4
4
4
4
4
4
4
4
4
4
4
4
4
4
4
4
4
4
4
4
4
4
4
4
4
4
4
4
4
4
4
4
4
4
4
4
4
4
4
4
4
4
4
4
4
4
4
4
4
4
4
4
4
4
4
4
4
4
4
4
4
4
4
4
4
4
4
4
4
4
4
4
4
4
4
4
4
4
4
4
4
4
4
4
4
4
4
4
4
4
4
4
4
4
4
CELL_DATA 3185
SCALARS SlipSystemID int 1
LOOKUP_TABLE default
0
6
6
6
6
9
9
9
9
6
6
6
6
9
9
9
9
3
3
3
3
12
12
12
12
3
3
3
3
12
12
12
12
5
5
5
5
11
11
11
11
5
5
5
5
11
11
11
11
2
2
2
2
8
8
8
8
2
2
2
2
8
8
8
8
10
10
10
10
7
7
7
7
10
10
10
10
7
7
7
7
4
4
4
4
1
1
1
1
4
4
4
4
1
1
1
1
6
6
6
6
9
9
9
9
6
6
6
6
9
9
9
9
3
3
3
3
12
12
12
12
3
3
3
3
12
12
12
12
5
5
5
5
11
11
11
11
5
5
5
5
11
11
11
11
2
2
2
2
8
8
8
8
2
2
2
2
8
8
8
8
10
10
10
10
7
7
7
7
10
10
10
10
7
7
7
7
4
4
4
4
1
1
1
1
4
4
4
4
1
1
1
1
6
6
6
6
9
9
9
9
6
6
6
6
9
9
9
9
3
3
3
3
12
12
12
12
3
3
3
3
12
12
12
12
5
5
5
5
11
11
11
11
5
5
5
5
11
11
11
11
2
2
2
2
8
8
8
8
2
2
2
2
8
8
8
8
10
10
10
10
7
7
7
7
10
10
10
10
7
7
7
7
4
4
4
4
1
1
1
1
4
4
4
4
1
1
1
1
6
6
6
6
9
9
9
9
6
6
6
6
9
9
9
9
3
3
3
3
12
12
12
12
3
3
3
3
12
12
12
12
5
5
5
5
11
11
11
11
5
5
5
5
11
11
11
11
2
2
2
2
8
8
8
8
2
2
2
2
8
8
8
8
10
10
10
10
7
7
7
7
10
10
10
10
7
7
7
7
4
4
4
4
1
1
1
1
4
4
4
4
1
1
1
1
6
6
6
6
9
9
9
9
6
6
6
6
9
9
9
9
3
3
3
3
12
12
12
12
3
3
3
3
12
12
12
12
5
5
5
5
11
11
11
11
5
5
5
5
11
11
11
11
2
2
2
2
8
8
8
8
2
2
2
2
8
8
8
8
10
10
10
10
7
7
7
7
10
10
10
10
7
7
7
7
4
4
4
4
1
1
1
1
4
4
4
4
1
1
1
1
6
6
6
6
9
9
9
9
6
6
6
6
9
9
9
9
3
3
3
3
12
12
12
12
3
3
3
3
12
12
12
12
5
5
5
5
11
11
11
11
5
5
5
5
11
11
11
11
2
2
2
2
8
8
8
8
2
2
2
2
8
8
8
8
10
10
10
10
7
7
7
7
10
10
10
10
7
7
7
7
4
4
4
4
1
1
1
1
4
4
4
4
1
1
1
1
6
6
6
6
9
9
9
9
6
6
6
6
9
9
9
9
3
3
3
3
12
12
12
12
3
3
3
3
12
12
12
12
5
5
5
5
11
11
11
11
5
5
5
5
11
11
11
11
2
2
2
2
8
8
8
8
2
2
2
2
8
8
8
8
10
10
10
10
7
7
7
7
10
10
10
10
7
7
7
7
4
4
4
4
1
1
1
1
4
4
4
4
1
1
1
1
6
6
6
6
9
9
9
9
6
6
6
6
9
9
9
9
3
3
3
3
12
12
12
12
3
3
3
3
12
12
12
12
5
5
5
5
11
11
11
11
5
5
5
5
11
11
11
11
2
2
2
2
8
8
8
8
2
2
2
2
8
8
8
8
10
10
10
10
7
7
7
7
10
10
10
10
7
7
7
7
4
4
4
4
1
1
1
1
4
4
4
4
1
1
1
1
6
6
6
6
9
9
9
9
6
6
6
6
9
9
9
9
3
3
3
3
12
12
12
12
3
3
3
3
12
12
12
12
5
5
5
5
11
11
11
11
5
5
5
5
11
11
11
11
2
2
2
2
8
8
8
8
2
2
2
2
8
8
8
8
10
10
10
10
7
7
7
7
10
10
10
10
7
7
7
7
4
4
4
4
1
1
1
1
4
4
4
4
1
1
1
1
6
6
6
6
9
9
9
9
6
6
6
6
9
9
9
9
3
3
3
3
12
12
12
12
3
3
3
3
12
12
12
12
5
5
5
5
11
11
11
11
5
5
5
5
11
11
11
11
2
2
2
2
8
8
8
8
2
2
2
2
8
8
8
8
10
10
10
10
7
7
7
7
10
10
10
10
7
7
7
7
4
4
4
4
1
1
1
1
4
4
4
4
1
1
1
1
6
6
6
6
9
9
9
9
6
6
6
6
9
9
9
9
3
3
3
3
12
12
12
12
3
3
3
3
12
12
12
12
5
5
5
5
11
11
11
11
5
5
5
5
11
11
11
11
2
2
2
2
8
8
8
8
2
2
2
2
8
8
8
8
10
10
10
10
7
7
7
7
10
10
10
10
7
7
7
7
4
4
4
4
1
1
1
1
4
4
4
4
1
1
1
1
6
6
6
6
9
9
9
9
6
6
6
6
9
9
9
9
3
3
3
3
12
12
12
12
3
3
3
3
12
12
12
12
5
5
5
5
11
11
11
11
5
5
5
5
11
11
11
11
2
2
2
2
8
8
8
8
2
2
2
2
8
8
8
8
10
10
10
10
7
7
7
7
10
10
10
10
7
7
7
7
4
4
4
4
1
1
1
1
4
4
4
4
1
1
1
1
6
6
6
6
9
9
9
9
6
6
6
6
9
9
9
9
3
3
3
3
12
12
12
12
3
3
3
3
12
12
12
12
5
5
5
5
11
11
11
11
5
5
5
5
11
11
11
11
2
2
2
2
8
8
8
8
2
2
2
2
8
8
8
8
10
10
10
10
7
7
7
7
10
10
10
10
7
7
7
7
4
4
4
4
1
1
1
1
4
4
4
4
1
1
1
1
6
6
6
6
9
9
9
9
6
6
6
6
9
9
9
9
3
3
3
3
12
12
12
12
3
3
3
3
12
12
12
12
5
5
5
5
11
11
11
11
5
5
5
5
11
11
11
11
2
2
2
2
8
8
8
8
2
2
2
2
8
8
8
8
10
10
10
10
7
7
7
7
10
10
10
10
7
7
7
7
4
4
4
4
1
1
1
1
4
4
4
4
1
1
1
1
6
6
6
6
9
9
9
9
6
6
6
6
9
9
9
9
3
3
3
3
12
12
12
12
3
3
3
3
12
12
12
12
5
5
5
5
11
11
11
11
5
5
5
5
11
11
11
11
2
2
2
2
8
8
8
8
2
2
2
2
8
8
8
8
10
10
10
10
7
7
7
7
10
10
10
10
7
7
7
7
4
4
4
4
1
1
1
1
4
4
4
4
1
1
1
1
6
6
6
6
9
9
9
9
6
6
6
6
9
9
9
9
3
3
3
3
12
12
12
12
3
3
3
3
12
12
12
12
5
5
5
5
11
11
11
11
5
5
5
5
11
11
11
11
2
2
2
2
8
8
8
8
2
2
2
2
8
8
8
8
10
10
10
10
7
7
7
7
10
10
10
10
7
7
7
7
4
4
4
4
1
1
1
1
4
4
4
4
1
1
1
1
6
6
6
6
9
9
9
9
6
6
6
6
9
9
9
9
3
3
3
3
12
12
12
12
3
3
3
3
12
12
12
12
5
5
5
5
11
11
11
11
5
5
5
5
11
11
11
11
2
2
2
2
8
8
8
8
2
2
2
2
8
8
8
8
10
10
10
10
7
7
7
7
10
10
10
10
7
7
7
7
4
4
4
4
1
1
1
1
4
4
4
4
1
1
1
1
6
6
6
6
9
9
9
9
6
6
6
6
9
9
9
9
3
3
3
3
12
12
12
12
3
3
3
3
12
12
12
12
5
5
5
5
11
11
11
11
5
5
5
5
11
11
11
11
2
2
2
2
8
8
8
8
2
2
2
2
8
8
8
8
10
10
10
10
7
7
7
7
10
10
10
10
7
7
7
7
4
4
4
4
1
1
1
1
4
4
4
4
1
1
1
1
6
6
6
6
9
9
9
9
6
6
6
6
9
9
9
9
3
3
3
3
12
12
12
12
3
3
3
3
12
12
12
12
5
5
5
5
11
11
11
11
5
5
5
5
11
11
11
11
2
2
2
2
8
8
8
8
2
2
2
2
8
8
8
8
10
10
10
10
7
7
7
7
10
10
10
10
7
7
7
7
4
4
4
4
1
1
1
1
4
4
4
4
1
1
1
1
6
6
6
6
9
9
9
9
6
6
6
6
9
9
9
9
3
3
3
3
12
12
12
12
3
3
3
3
12
12
12
12
5
5
5
5
11
11
11
11
5
5
5
5
11
11
11
11
2
2
2
2
8
8
8
8
2
2
2
2
8
8
8
8
10
10
10
10
7
7
7
7
10
10
10
10
7
7
7
7
4
4
4
4
1
1
1
1
4
4
4
4
1
1
1
1
6
6
6
6
9
9
9
9
6
6
6
6
9
9
9
9
3
3
3
3
12
12
12
12
3
3
3
3
12
12
12
12
5
5
5
5
11
11
11
11
5
5
5
5
11
11
11
11
2
2
2
2
8
8
8
8
2
2
2
2
8
8
8
8
10
10
10
10
7
7
7
7
10
10
10
10
7
7
7
7
4
4
4
4
1
1
1
1
4
4
4
4
1
1
1
1
6
6
6
6
9
9
9
9
6
6
6
6
9
9
9
9
3
3
3
3
12
12
12
12
3
3
3
3
12
12
12
12
5
5
5
5
11
11
11
11
5
5
5
5
11
11
11
11
2
2
2
2
8
8
8
8
2
2
2
2
8
8
8
8
10
10
10
10
7
7
7
7
10
10
10
10
7
7
7
7
4
4
4
4
1
1
1
1
4
4
4
4
1
1
1
1
6
6
6
6
9
9
9
9
6
6
6
6
9
9
9
9
3
3
3
3
12
12
12
12
3
3
3
3
12
12
12
12
5
5
5
5
11
11
11
11
5
5
5
5
11
11
11
11
2
2
2
2
8
8
8
8
2
2
2
2
8
8
8
8
10
10
10
10
7
7
7
7
10
10
10
10
7
7
7
7
4
4
4
4
1
1
1
1
4
4
4
4
1
1
1
1
6
6
6
6
9
9
9
9
6
6
6
6
9
9
9
9
3
3
3
3
12
12
12
12
3
3
3
3
12
12
12
12
5
5
5
5
11
11
11
11
5
5
5
5
11
11
11
11
2
2
2
2
8
8
8
8
2
2
2
2
8
8
8
8
10
10
10
10
7
7
7
7
10
10
10
10
7
7
7
7
4
4
4
4
1
1
1
1
4
4
4
4
1
1
1
1
6
6
6
6
9
9
9
9
6
6
6
6
9
9
9
9
3
3
3
3
12
12
12
12
3
3
3
3
12
12
12
12
5
5
5
5
11
11
11
11
5
5
5
5
11
11
11
11
2
2
2
2
8
8
8
8
2
2
2
2
8
8
8
8
10
10
10
10
7
7
7
7
10
10
10
10
7
7
7
7
4
4
4
4
1
1
1
1
4
4
4
4
1
1
1
1
6
6
6
6
9
9
9
9
6
6
6
6
9
9
9
9
3
3
3
3
12
12
12
12
3
3
3
3
12
12
12
12
5
5
5
5
11
11
11
11
5
5
5
5
11
11
11
11
2
2
2
2
8
8
8
8
2
2
2
2
8
8
8
8
10
10
10
10
7
7
7
7
10
10
10
10
7
7
7
7
4
4
4
4
1
1
1
1
4
4
4
4
1
1
1
1
6
6
6
6
9
9
9
9
6
6
6
6
9
9
9
9
3
3
3
3
12
12
12
12
3
3
3
3
12
12
12
12
5
5
5
5
11
11
11
11
5
5
5
5
11
11
11
11
2
2
2
2
8
8
8
8
2
2
2
2
8
8
8
8
10
10
10
10
7
7
7
7
10
10
10
10
7
7
7
7
4
4
4
4
1
1
1
1
4
4
4
4
1
1
1
1
6
6
6
6
9
9
9
9
6
6
6
6
9
9
9
9
3
3
3
3
12
12
12
12
3
3
3
3
12
12
12
12
5
5
5
5
11
11
11
11
5
5
5
5
11
11
11
11
2
2
2
2
8
8
8
8
2
2
2
2
8
8
8
8
10
10
10
10
7
7
7
7
10
10
10
10
7
7
7
7
4
4
4
4
1
1
1
1
4
4
4
4
1
1
1
1
6
6
6
6
9
9
9
9
6
6
6
6
9
9
9
9
3
3
3
3
12
12
12
12
3
3
3
3
12
12
12
12
5
5
5
5
11
11
11
11
5
5
5
5
11
11
11
11
2
2
2
2
8
8
8
8
2
2
2
2
8
8
8
8
10
10
10
10
7
7
7
7
10
10
10
10
7
7
7
7
4
4
4
4
1
1
1
1
4
4
4
4
1
1
1
1
6
6
6
6
9
9
9
9
6
6
6
6
9
9
9
9
3
3
3
3
12
12
12
12
3
3
3
3
12
12
12
12
5
5
5
5
11
11
11
11
5
5
5
5
11
11
11
11
2
2
2
2
8
8
8
8
2
2
2
2
8
8
8
8
10
10
10
10
7
7
7
7
10
10
10
10
7
7
7
7
4
4
4
4
1
1
1
1
4
4
4
4
1
1
1
1
6
6
6
6
9
9
9
9
6
6
6
6
9
9
9
9
3
3
3
3
12
12
12
12
3
3
3
3
12
12
12
12
5
5
5
5
11
11
11
11
5
5
5
5
11
11
11
11
2
2
2
2
8
8
8
8
2
2
2
2
8
8
8
8
10
10
10
10
7
7
7
7
10
10
10
10
7
7
7
7
4
4
4
4
1
1
1
1
4
4
4
4
1
1
1
1
6
6
6
6
9
9
9
9
6
6
6
6
9
9
9
9
3
3
3
3
12
12
12
12
3
3
3
3
12
12
12
12
5
5
5
5
11
11
11
11
5
5
5
5
11
11
11
11
2
2
2
2
8
8
8
8
2
2
2
2
8
8
8
8
10
10
10
10
7
7
7
7
10
10
10
10
7
7
7
7
4
4
4
4
1
1
1
1
4
4
4
4
1
1
1
1
6
6
6
6
9
9
9
9
6
6
6
6
9
9
9
9
3
3
3
3
12
12
12
12
3
3
3
3
12
12
12
12
5
5
5
5
11
11
11
11
5
5
5
5
11
11
11
11
2
2
2
2
8
8
8
8
2
2
2
2
8
8
8
8
10
10
10
10
7
7
7
7
10
10
10
10
7
7
7
7
4
4
4
4
1
1
1
1
4
4
4
4
1
1
1
1
6
6
6
6
9
9
9
9
6
6
6
6
9
9
9
9
SCALARS DislocationType int 1
LOOKUP_TABLE default
0
3
3
3
3
3
3
3
3
3
3
3
3
3
3
3
3
3
3
3
3
3
3
3
3
3
3
3
3
3
3
3
3
3
3
3
3
3
3
3
3
3
3
3
3
3
3
3
3
3
3
3
3
3
3
3
3
3
3
3
3
3
3
3
3
3
3
3
3
3
3
3
3
3
3
3
3
3
3
3
3
3
3
3
3
3
3
3
3
3
3
3
3
3
3
3
3
3
3
3
3
3
3
3
3
3
3
3
3
3
3
3
3
3
3
3
3
3
3
3
3
3
3
3
3
3
3
3
3
3
3
3
3
3
3
3
3
3
3
3
3
3
3
3
3
3
3
3
3
3
3
3
3
3
3
3
3
3
3
3
3
3
3
3
3
3
3
3
3
3
3
3
3
3
3
3
3
3
3
3
3
3
3
3
3
3
3
3
3
3
3
3
3
3
3
3
3
3
3
3
3
3
3
3
3
3
3
3
3
3
3
3
3
3
3
3
3
3
3
3
3
3
3
3
3
3
3
3
3
3
3
3
3
3
3
3
3
3
3
3
3
3
3
3
3
3
3
3
3
3
3
3
3
3
3
3
3
3
3
3
3
3
3
3
3
3
3
3
3
3
3
3
3
3
3
3
3
3
3
3
3
3
3
3
3
3
3
3
3
3
3
3
3
3
3
3
3
3
3
3
3
3
3
3
3
3
3
3
3
3
3
3
3
3
3
3
3
3
3
3
3
3
3
3
3
3
3
3
3
3
3
3
3
3
3
3
3
3
3
3
3
3
3
3
3
3
3
3
3
3
3
3
3
3
3
3
3
3
3
3
3
3
3
3
3
3
3
3
3
3
3
3
3
3
3
3
3
3
3
3
3
3
3
3
3
3
3
3
3
3
3
3
3
3
3
3
3
3
3
3
3
3
3
3
3
3
3
3
3
3
3
3
3
3
3
3
3
3
3
3
3
3
3
3
3
3
3
3
3
3
3
3
3
3
3
3
3
3
3
3
3
3
3
3
3
3
3
3
3
3
3
3
3
3
3
3
3
3
3
3
3
3
3
3
3
3
3
3
3
3
3
3
3
3
3
3
3
3
3
3
3
3
3
3
3
3
3
3
3
3
3
3
3
3
3
3
3
3
3
3
3
3
3
3
3
3
3
3
3
3
3
3
3
3
3
3
3
3
3
3
3
3
3
3
3
3
3
3
3
3
3
3
3
3
3
3
3
3
3
3
3
3
3
3
3
3
3
3
3
3
3
3
3
3
3
3
3
3
3
3
3
3
3
3
3
3
3
3
3
3
3
3
3
3
3
3
3
3
3
3
3
3
3
3
3
3
3
3
3
3
3
3
3
3
3
3
3
3
3
3
3
3
3
3
3
3
3
3
3
3
3
3
3
3
3
3
3
3
3
3
3
3
3
3
3
3
3
3
3
3
3
3
3
3
3
3
3
3
3
3
3
3
3
3
3
3
3
3
3
3
3
3
3
3
3
3
3
3
3
3
3
3
3
3
3
3
3
3
3
3
3
3
3
3
3
3
3
3
3
3
3
3
3
3
3
3
3
3
3
3
3
3
3
3
3
3
3
3
3
3
3
3
3
3
3
3
3
3
3
3
3
3
3
3
3
3
3
3
3
3
3
3
3
3
3
3
3
3
3
3
3
3
3
3
3
3
3
3
3
3
3
3
3
3
3
3
3
3
3
3
3
3
3
3
3
3
3
3
3
3
3
3
3
3
3
3
3
3
3
3
3
3
3
3
3
3
3
3
3
3
3
3
3
3
3
3
3
3
3
3
3
3
3
3
3
3
3
3
3
3
3
3
3
3
3
3
3
3
3
3
3
3
3
3
3
3
3
3
3
3
3
3
3
3
3
3
3
3
3
3
3
3
3
3
3
3
3
3
3
3
3
3
3
3
3
3
3
3
3
3
3
3
3
3
3
3
3
3
3
3
3
3
3
3
3
3
3
3
3
3
3
3
3
3
3
3
3
3
3
3
3
3
3
3
3
3
3
3
3
3
3
3
3
3
3
3
3
3
3
3
3
3
3
3
3
3
3
3
3
3
3
3
3
3
3
3
3
3
3
3
3
3
3
3
3
3
3
3
3
3
3
3
3
3
3
3
3
3
3
3
3
3
3
3
3
3
3
3
3
3
3
3
3
3
3
3
3
3
3
3
3
3
3
3
3
3
3
3
3
3
3
3
3
3
3
3
3
3
3
3
3
3
3
3
3
3
3
3
3
3
3
3
3
3
3
3
3
3
3
3
3
3
3
3
3
3
3
3
3
3
3
3
3
3
3
3
3
3
3
3
3
3
3
3
3
3
3
3
3
3
3
3
3
3
3
3
3
3
3
3
3
3
3
3
3
3
3
3
3
3
3
3
3
3
3
3
3
3
3
3
3
3
3
3
3
3
3
3
3
3
3
3
3
3
3
3
3
3
3
3
3
3
3
3
3
3
3
3
3
3
3
3
3
3
3
3
3
3
3
3
3
3
3
3
3
3
3
3
3
3
3
3
3
3
3
3
3
3
3
3
3
3
3
3
3
3
3
3
3
3
3
3
3
3
3
3
3
3
3
3
3
3
3
3
3
3
3
3
3
3
3
3
3
3
3
3
3
3
3
3
3
3
3
3
3
3
3
3
3
3
3
3
3
3
3
3
3
3
3
3
3
3
3
3
3
3
3
3
3
3
3
3
3
3
3
3
3
3
3
3
3
3
3
3
3
3
3
3
3
3
3
3
3
3
3
3
3
3
3
3
3
3
3
3
3
3
3
3
3
3
3
3
3
3
3
3
3
3
3
3
3
3
3
3
3
3
3
3
3
3
3
3
3
3
3
3
3
3
3
3
3
3
3
3
3
3
3
3
3
3
3
3
3
3
3
3
3
3
3
3
3
3
3
3
3
3
3
3
3
3
3
3
3
3
3
3
3
3
3
3
3
3
3
3
3
3
3
3
3
3
3
3
3
3
3
3
3
3
3
3
3
3
3
3
3
3
3
3
3
3
3
3
3
3
3
3
3
3
3
3
3
3
3
3
3
3
3
3
3
3
3
3
3
3
3
3
3
3
3
3
3
3
3
3
3
3
3
3
3
3
3
3
3
3
3
3
3
3
3
3
3
3
3
3
3
3
3
3
3
3
3
3
3
3
3
3
3
3
3
3
3
3
3
3
3
3
3
3
3
3
3
3
3
3
3
3
3
3
3
3
3
3
3
3
3
3
3
3
3
3
3
3
3
3
3
3
3
3
3
3
3
3
3
3
3
3
3
3
3
3
3
3
3
3
3
3
3
3
3
3
3
3
3
3
3
3
3
3
3
3
3
3
3
3
3
3
3
3
3
3
3
3
3
3
3
3
3
3
3
3
3
3
3
3
3
3
3
3
3
3
3
3
3
3
3
3
3
3
3
3
3
3
3
3
3
3
3
3
3
3
3
3
3
3
3
3
3
3
3
3
3
3
3
3
3
3
3
3
3
3
3
3
3
3
3
3
3
3
3
3
3
3
3
3
3
3
3
3
3
3
3
3
3
3
3
3
3
3
3
3
3
3
3
3
3
3
3
3
3
3
3
3
3
3
3
3
3
3
3
3
3
3
3
3
3
3
3
3
3
3
3
3
3
3
3
3
3
3
3
3
3
3
3
3
3
3
3
3
3
3
3
3
3
3
3
3
3
3
3
3
3
3
3
3
3
3
3
3
3
3
3
3
3
3
3
3
3
3
3
3
3
3
3
3
3
3
3
3
3
3
3
3
3
3
3
3
3
3
3
3
3
3
3
3
3
3
3
3
3
3
3
3
3
3
3
3
3
3
3
3
3
3
3
3
3
3
3
3
3
3
3
3
3
3
3
3
3
3
3
3
3
3
3
3
3
3
3
3
3
3
3
3
3
3
3
3
3
3
3
3
3
3
3
3
3
3
3
3
3
3
3
3
3
3
3
3
3
3
3
3
3
3
3
3
3
3
3
3
3
3
3
3
3
3
3
3
3
3
3
3
3
3
3
3
3
3
3
3
3
3
3
3
3
3
3
3
3
3
3
3
3
3
3
3
3
3
3
3
3
3
3
3
3
3
3
3
3
3
3
3
3
3
3
3
3
3
3
3
3
3
3
3
3
3
3
3
3
3
3
3
3
3
3
3
3
3
3
3
3
3
3
3
3
3
3
3
3
3
3
3
3
3
3
3
3
3
3
3
3
3
3
3
3
3
3
3
3
3
3
3
3
3
3
3
3
3
3
3
3
3
3
3
3
3
3
3
3
3
3
3
3
3
3
3
3
3
3
3
3
3
3
3
3
3
3
3
3
3
3
3
3
3
3
3
3
3
3
3
3
3
3
3
3
3
3
3
3
3
3
3
3
3
3
3
3
3
3
3
3
3
3
3
3
3
3
3
3
3
3
3
3
3
3
3
3
3
3
3
3
3
3
3
3
3
3
3
3
3
3
3
3
3
3
3
3
3
3
3
3
3
3
3
3
3
3
3
3
3
3
3
3
3
3
3
3
3
3
3
3
3
3
3
3
3
3
3
3
3
3
3
3
3
3
3
3
3
3
3
3
3
3
3
3
3
3
3
3
3
3
3
3
3
3
3
3
3
3
3
3
3
3
3
3
3
3
3
3
3
3
3
3
3
3
3
3
3
3
3
3
3
3
3
3
3
3
3
3
3
3
3
3
3
3
3
3
3
3
3
3
3
3
3
3
3
3
3
3
3
3
3
3
3
3
3
3
3
3
3
3
3
3
3
3
3
3
3
3
3
3
3
3
3
3
3
3
3
3
3
3
3
3
3
3
3
3
3
3
3
3
3
3
3
3
3
3
3
3
3
3
3
3
3
3
3
3
3
3
3
3
3
3
3
3
3
3
3
3
3
3
3
3
3
3
3
3
3
3
3
3
3
3
3
3
3
3
3
3
3
3
3
3
3
3
3
3
3
3
3
3
3
3
3
3
3
3
3
3
3
3
3
3
3
3
3
3
3
3
3
3
3
3
3
3
3
3
3
3
3
3
3
3
3
3
3
3
3
3
3
3
3
3
3
3
3
3
3
3
3
3
3
3
3
3
3
3
3
3
3
3
3
3
3
3
3
3
3
3
3
3
3
3
3
3
3
3
3
3
3
3
3
3
3
3
3
3
3
3
3
3
3
3
3
3
3
3
3
3
3
3
3
3
3
3
3
3
3
3
3
3
3
3
3
3
3
3
3
3
3
3
3
3
3
3
3
3
3
3
3
3
3
3
3
3
3
3
3
3
3
3
3
3
3
3
3
3
3
3
3
3
3
3
3
3
3
3
3
3
3
3
3
3
3
3
3
3
3
3
3
3
3
3
3
3
3
3
3
3
3
3
3
3
3
3
3
3
3
3
3
3
3
3
3
3
3
3
3
3
3
3
3
3
3
3
3
3
3
3
3
3
3
3
3
3
3
3
3
3
3
3
3
3
3
3
3
3
3
3
3
3
3
3
3
3
3
3
3
3
3
3
3
3
3
3
3
3
3
3
3
3
3
3
3
3
3
3
3
3
3
3
3
3
3
3
3
3
3
3
3
3
3
3
3
3
3
3
3
3
3
3
3
3
3
3
3
3
3
3
3
3
3
3
3
3
3
3
3
3
3
3
3
3
3
3
3
3
3
3
3
3
3
3
3
3
3
3
3
3
3
3
3
3
3
3
3
3
3
3
3
3
3
3
3
3
3
3
3
3
3
3
3
3
3
3
3
3
3
3
3
3
3
3
3
3
3
3
3
3
3
3
3
3
3
3
3
3
3
3
3
3
3
3
3
3
3
3
3
3
3
3
3
3
3
3
3
3
3
3
3
3
3
3
3
3
3
3
3
3
3
3
3
3
3
3
3
3
3
3
3
3
3
3
3
3
3
3
3
3
3
3
3
3
3
3
3
3
3
3
3
3
3
3
3
3
3
3
3
3
3
3
3
3
3
3
3
3
3
3
3
3
3
3
3
3
3
3
3
3
3
3
3
3
3
3
3
3
3
3
3
3
3
3
3
3
3
3
3
3
3
3
3
3
3
3
3
3
3
3
3
3
3
3
3
3
3
3
3
3
3
3
3
3
3
3
3
3
3
3
3
3
3
3
3
3
3
3
3
3
3
3
3
3
3
3
3
3
3
3
3
3
3
3
3
3
3
3
3
3
3
3
3
3
3
3
3
3
3
3
3
3
3
3
3
3
3
3
3
3
3
3
3
3
3
3
3
3
3
3
3
3
3
3
3
3
3
3
3
3
3
3
3
3
3
3
3
3
3
3
3
3
3
3
3
3
3
3
3
3
3
3
3
3
3
3
3
3
3
3
3
3
3
3
3
3
3
3
3
3
3
3
3
3
3
3
3
3
3
3
3
3
3
3
3
3
3
3
3
3
3
3
3
3
3
3
3
3
3
3
3
3
3
3
3
3
3
3
3
3
3
3
3
3
3
3
3
3
3
3
3
3
3
3
3
3
3
3
3
3
3
3
3
3
3
3
3
3
3
3
3
3
3
3
3
3
3
3
3
3
3
3
3
3
3
3
3
3
3
3
3
3
3
3
3
3
3
3
3
3
3
3
3
3
3
3
3
3
3
3
3
3
3
3
3
3
3
3
3
3
3
3
3
3
3
3
3
3
3
3
3
3
3
3
3
3
3
3
3
3
3
3
3
3
3
3
3
3
3
3
3
3
3
3
3
3
3
3
3
3
3
3
3
3
3
3
3
3
3
3
3
3
3
3
3
3
3
3
3
3
3
3
3
3
3
3
3
3
3
3
3
3
3
3
3
3
3
3
3
3
3
3
3
3
3
3
3
3
3
3
3
3
3
3
3
3
3
3
3
3
3
3
3
3
3
3
3
3
3
3
3
3
3
3
3
3
3
3
3
3
3
3
3
3
3
3
3
3
3
3
3
3
3
3
3
3
3
3
3
3
3
3
3
3
3
3
3
3
3
3
3
3
3
3
3
3
3
3
3
3
3
3
3
3
3
3
3
3
3
3
3
3
3
3
3
3
3
3
3
3
3
3
3
3
3
3
3
3
3
3
3
3
3
3
3
3
3
3
3
3
3
3
3
3
3
3
3
3
3
3
3
3
3
3
3
3
3
3
3
3
3
3
3
3
3
3
3
3
3
3
3
3
3
3
3
3
3
3
3
3
3
3
3
3
3
3
3
3
3
3
3
3
3
3
3
3
3
3
SCALARS CharacterAngle float 1
LOOKUP_TABLE default
0.0
90.000000
90.000000
90.000000
90.000000
90.000000
90.000000
90.000000
90.000000
90.000000
90.000000
90.000000
90.000000
90.000000
90.000000
90.000000
90.000000
90.000000
90.000000
90.000000
90.000000
90.000000
90.000000
90.000000
90.000000
90.000000
90.000000
90.000000
90.000000
90.000000
90.000000
90.000000
90.000000
90.000000
90.000000
90.000000
90.000000
90.000000
90.000000
90.000000
90.000000
90.000000
90.000000
90.000000
90.000000
90.000000
90.000000
90.000000
90.000000
90.000000
90.000000
90.000000
90.000000
90.000000
90.000000
90.000000
90.000000
90.000000
90.000000
90.000000
90.000000
90.000000
90.000000
90.000000
90.000000
90.000000
90.000000
90.000000
90.000000
90.000000
90.000000
90.000000
90.000000
90.000000
90.000000
90.000000
90.000000
90.000000
90.000000
90.000000
90.000000
90.000000
90.000000
90.000000
90.000000
90.000000
90.000000
90.000000
90.000000
90.000000
90.000000
90.000000
90.000000
90.000000
90.000000
90.000000
90.000000
90.000000
90.000000
90.000000
90.000000
90.000000
90.000000
90.000000
90.000000
90.000000
90.000000
90.000000
90.000000
90.000000
90.000000
90.000000
90.000000
90.000000
90.000000
90.000000
90.000000
90.000000
90.000000
90.000000
90.000000
90.000000
90.000000
90.000000
90.000000
90.000000
90.000000
90.000000
90.000000
90.000000
90.000000
90.000000
90.000000
90.000000
90.000000
90.000000
90.000000
90.000000
90.000000
90.000000
90.000000
90.000000
90.000000
90.000000
90.000000
90.000000
90.000000
90.000000
90.000000
90.000000
90.000000
90.000000
90.000000
90.000000
90.000000
90.000000
90.000000
90.000000
90.000000
90.000000
90.000000
90.000000
90.000000
90.000000
90.000000
90.000000
90.000000
90.000000
90.000000
90.000000
90.000000
90.000000
90.000000
90.000000
90.000000
90.000000
90.000000
90.000000
90.000000
90.000000
90.000000
90.000000
90.000000
90.000000
90.000000
90.000000
90.000000
90.000000
90.000000
90.000000
90.000000
90.000000
90.000000
90.000000
90.000000
90.000000
90.000000
90.000000
90.000000
90.000000
90.000000
90.000000
90.000000
90.000000
90.000000
90.000000
90.000000
90.000000
90.000000
90.000000
90.000000
90.000000
90.000000
90.000000
90.000000
90.000000
90.000000
90.000000
90.000000
90.000000
90.000000
90.000000
90.000000
90.000000
90.000000
90.000000
90.000000
90.000000
90.000000
90.000000
90.000000
90.000000
90.000000
90.000000
90.000000
90.000000
90.000000
90.000000
90.000000
90.000000
90.000000
90.000000
90.000000
90.000000
90.000000
90.000000
90.000000
90.000000
90.000000
90.000000
90.000000
90.000000
90.000000
90.000000
90.000000
90.000000
90.000000
90.000000
90.000000
90.000000
90.000000
90.000000
90.000000
90.000000
90.000000
90.000000
90.000000
90.000000
90.000000
90.000000
90.000000
90.000000
90.000000
90.000000
90.000000
90.000000
90.000000
90.000000
90.000000
90.000000
90.000000
90.000000
90.000000
90.000000
90.000000
90.000000
90.000000
90.000000
90.000000
90.000000
90.000000
90.000000
90.000000
90.000000
90.000000
90.000000
90.000000
90.000000
90.000000
90.000000
90.000000
90.000000
90.000000
90.000000
90.000000
90.000000
90.000000
90.000000
90.000000
90.000000
90.000000
90.000000
90.000000
90.000000
90.000000
90.000000
90.000000
90.000000
90.000000
90.000000
90.000000
90.000000
90.000000
90.000000
90.000000
90.000000
90.000000
90.000000
90.000000
90.000000
90.000000
90.000000
90.000000
90.000000
90.000000
90.000000
90.000000
90.000000
90.000000
90.000000
90.000000
90.000000
90.000000
90.000000
90.000000
90.000000
90.000000
90.000000
90.000000
90.000000
90.000000
90.000000
90.000000
90.000000
90.000000
90.000000
90.000000
90.000000
90.000000
90.000000
90.000000
90.000000
90.000000
90.000000
90.000000
90.000000
90.000000
90.000000
90.000000
90.000000
90.000000
90.000000
90.000000
90.000000
90.000000
90.000000
90.000000
90.000000
90.000000
90.000000
90.000000
90.000000
90.000000
90.000000
90.000000
90.000000
90.000000
90.000000
90.000000
90.000000
90.000000
90.000000
90.000000
90.000000
90.000000
90.000000
90.000000
90.000000
90.000000
90.000000
90.000000
90.000000
90.000000
90.000000
90.000000
90.000000
90.000000
90.000000
90.000000
90.000000
90.000000
90.000000
90.000000
90.000000
90.000000
90.000000
90.000000
90.000000
90.000000
90.000000
90.000000
90.000000
90.000000
90.000000
90.000000
90.000000
90.000000
90.000000
90.000000
90.000000
90.000000
90.000000
90.000000
90.000000
90.000000
90.000000
90.000000
90.000000
90.000000
90.000000
90.000000
90.000000
90.000000
90.000000
90.000000
90.000000
90.000000
90.000000
90.000000
90.000000
90.000000
90.000000
90.000000
90.000000
90.000000
90.000000
90.000000
90.000000
90.000000
90.000000
90.000000
90.000000
90.000000
90.000000
90.000000
90.000000
90.000000
90.000000
90.000000
90.000000
90.000000
90.000000
90.000000
90.000000
90.000000
90.000000
90.000000
90.000000
90.000000
90.000000
90.000000
90.000000
90.000000
90.000000
90.000000
90.000000
90.000000
90.000000
90.000000
90.000000
90.000000
90.000000
90.000000
90.000000
90.000000
90.000000
90.000000
90.000000
90.000000
90.000000
90.000000
90.000000
90.000000
90.000000
90.000000
90.000000
90.000000
90.000000
90.000000
90.000000
90.000000
90.000000
90.000000
90.000000
90.000000
90.000000
90.000000
90.000000
90.000000
90.000000
90.000000
90.000000
90.000000
90.000000
90.000000
90.000000
90.000000
90.000000
90.000000
90.000000
90.000000
90.000000
90.000000
90.000000
90.000000
90.000000
90.000000
90.000000
90.000000
90.000000
90.000000
90.000000
90.000000
90.000000
90.000000
90.000000
90.000000
90.000000
90.000000
90.000000
90.000000
90.000000
90.000000
90.000000
90.000000
90.000000
90.000000
90.000000
90.000000
90.000000
90.000000
90.000000
90.000000
90.000000
90.000000
90.000000
90.000000
90.000000
90.000000
90.000000
90.000000
90.000000
90.000000
90.000000
90.000000
90.000000
90.000000
90.000000
90.000000
90.000000
90.000000
90.000000
90.000000
90.000000
90.000000
90.000000
90.000000
90.000000
90.000000
90.000000
90.000000
90.000000
90.000000
90.000000
90.000000
90.000000
90.000000
90.000000
90.000000
90.000000
90.000000
90.000000
90.000000
90.000000
90.000000
90.000000
90.000000
90.000000
90.000000
90.000000
90.000000
90.000000
90.000000
90.000000
90.000000
90.000000
90.000000
90.000000
90.000000
90.000000
90.000000
90.000000
90.000000
90.000000
90.000000
90.000000
90.000000
90.000000
90.000000
90.000000
90.000000
90.000000
90.000000
90.000000
90.000000
90.000000
90.000000
90.000000
90.000000
90.000000
90.000000
90.000000
90.000000
90.000000
90.000000
90.000000
90.000000
90.000000
90.000000
90.000000
90.000000
90.000000
90.000000
90.000000
90.000000
90.000000
90.000000
90.000000
90.000000
90.000000
90.000000
90.000000
90.000000
90.000000
90.000000
90.000000
90.000000
90.000000
90.000000
90.000000
90.000000
90.000000
90.000000
90.000000
90.000000
90.000000
90.000000
90.000000
90.000000
90.000000
90.000000
90.000000
90.000000
90.000000
90.000000
90.000000
90.000000
90.000000
90.000000
90.000000
90.000000
90.000000
90.000000
90.000000
90.000000
90.000000
90.000000
90.000000
90.000000
90.000000
90.000000
90.000000
90.000000
90.000000
90.000000
90.000000
90.000000
90.000000
90.000000
90.000000
90.000000
90.000000
90.000000
90.000000
90.000000
90.000000
90.000000
90.000000
90.000000
90.000000
90.000000
90.000000
90.000000
90.000000
90.000000
90.000000
90.000000
90.000000
90.000000
90.000000
90.000000
90.000000
90.000000
90.000000
90.000000
90.000000
90.000000
90.000000
90.000000
90.000000
90.000000
90.000000
90.000000
90.000000
90.000000
90.000000
90.000000
90.000000
90.000000
90.000000
90.000000
90.000000
90.000000
90.000000
90.000000
90.000000
90.000000
90.000000
90.000000
90.000000
90.000000
90.000000
90.000000
90.000000
90.000000
90.000000
90.000000
90.000000
90.000000
90.000000
90.000000
90.000000
90.000000
90.000000
90.000000
90.000000
90.000000
90.000000
90.000000
90.000000
90.000000
90.000000
90.000000
90.000000
90.000000
90.000000
90.000000
90.000000
90.000000
90.000000
90.000000
90.000000
90.000000
90.000000
90.000000
90.000000
90.000000
90.000000
90.000000
90.000000
90.000000
90.000000
90.000000
90.000000
90.000000
90.000000
90.000000
90.000000
90.000000
90.000000
90.000000
90.000000
90.000000
90.000000
90.000000
90.000000
90.000000
90.000000
90.000000
90.000000
90.000000
90.000000
90.000000
90.000000
90.000000
90.000000
90.000000
90.000000
90.000000
90.000000
90.000000
90.000000
90.000000
90.000000
90.000000
90.000000
90.000000
90.000000
90.000000
90.000000
90.000000
90.000000
90.000000
90.000000
90.000000
90.000000
90.000000
90.000000
90.000000
90.000000
90.000000
90.000000
90.000000
90.000000
90.000000
90.000000
90.000000
90.000000
90.000000
90.000000
90.000000
90.000000
90.000000
90.000000
90.000000
90.000000
90.000000
90.000000
90.000000
90.000000
90.000000
90.000000
90.000000
90.000000
90.000000
90.000000
90.000000
90.000000
90.000000
90.000000
90.000000
90.000000
90.000000
90.000000
90.000000
90.000000
90.000000
90.000000
90.000000
90.000000
90.000000
90.000000
90.000000
90.000000
90.000000
90.000000
90.000000
90.000000
90.000000
90.000000
90.000000
90.000000
90.000000
90.000000
90.000000
90.000000
90.000000
90.000000
90.000000
90.000000
90.000000
90.000000
90.000000
90.000000
90.000000
90.000000
90.000000
90.000000
90.000000
90.000000
90.000000
90.000000
90.000000
90.000000
90.000000
90.000000
90.000000
90.000000
90.000000
90.000000
90.000000
90.000000
90.000000
90.000000
90.000000
90.000000
90.000000
90.000000
90.000000
90.000000
90.000000
90.000000
90.000000
90.000000
90.000000
90.000000
90.000000
90.000000
90.000000
90.000000
90.000000
90.000000
90.000000
90.000000
90.000000
90.000000
90.000000
90.000000
90.000000
90.000000
90.000000
90.000000
90.000000
90.000000
90.000000
90.000000
90.000000
90.000000
90.000000
90.000000
90.000000
90.000000
90.000000
90.000000
90.000000
90.000000
90.000000
90.000000
90.000000
90.000000
90.000000
90.000000
90.000000
90.000000
90.000000
90.000000
90.000000
90.000000
90.000000
90.000000
90.000000
90.000000
90.000000
90.000000
90.000000
90.000000
90.000000
90.000000
90.000000
90.000000
90.000000
90.000000
90.000000
90.000000
90.000000
90.000000
90.000000
90.000000
90.000000
90.000000
90.000000
90.000000
90.000000
90.000000
90.000000
90.000000
90.000000
90.000000
90.000000
90.000000
90.000000
90.000000
90.000000
90.000000
90.000000
90.000000
90.000000
90.000000
90.000000
90.000000
90.000000
90.000000
90.000000
90.000000
90.000000
90.000000
90.000000
90.000000
90.000000
90.000000
90.000000
90.000000
90.000000
90.000000
90.000000
90.000000
90.000000
90.000000
90.000000
90.000000
90.000000
90.000000
90.000000
90.000000
90.000000
90.000000
90.000000
90.000000
90.000000
90.000000
90.000000
90.000000
90.000000
90.000000
90.000000
90.000000
90.000000
90.000000
90.000000
90.000000
90.000000
90.000000
90.000000
90.000000
90.000000
90.000000
90.000000
90.000000
90.000000
90.000000
90.000000
90.000000
90.000000
90.000000
90.000000
90.000000
90.000000
90.000000
90.000000
90.000000
90.000000
90.000000
90.000000
90.000000
90.000000
90.000000
90.000000
90.000000
90.000000
90.000000
90.000000
90.000000
90.000000
90.000000
90.000000
90.000000
90.000000
90.000000
90.000000
90.000000
90.000000
90.000000
90.000000
90.000000
90.000000
90.000000
90.000000
90.000000
90.000000
90.000000
90.000000
90.000000
90.000000
90.000000
90.000000
90.000000
90.000000
90.000000
90.000000
90.000000
90.000000
90.000000
90.000000
90.000000
90.000000
90.000000
90.000000
90.000000
90.000000
90.000000
90.000000
90.000000
90.000000
90.000000
90.000000
90.000000
90.000000
90.000000
90.000000
90.000000
90.000000
90.000000
90.000000
90.000000
90.000000
90.000000
90.000000
90.000000
90.000000
90.000000
90.000000
90.000000
90.000000
90.000000
90.000000
90.000000
90.000000
90.000000
90.000000
90.000000
90.000000
90.000000
90.000000
90.000000
90.000000
90.000000
90.000000
90.000000
90.000000
90.000000
90.000000
90.000000
90.000000
90.000000
90.000000
90.000000
90.000000
90.000000
90.000000
90.000000
90.000000
90.000000
90.000000
90.000000
90.000000
90.000000
90.000000
90.000000
90.000000
90.000000
90.000000
90.000000
90.000000
90.000000
90.000000
90.000000
90.000000
90.000000
90.000000
90.000000
90.000000
90.000000
90.000000
90.000000
90.000000
90.000000
90.000000
90.000000
90.000000
90.000000
90.000000
90.000000
90.000000
90.000000
90.000000
90.000000
90.000000
90.000000
90.000000
90.000000
90.000000
90.000000
90.000000
90.000000
90.000000
90.000000
90.000000
90.000000
90.000000
90.000000
90.000000
90.000000
90.000000
90.000000
90.000000
90.000000
90.000000
90.000000
90.000000
90.000000
90.000000
90.000000
90.000000
90.000000
90.000000
90.000000
90.000000
90.000000
90.000000
90.000000
90.000000
90.000000
90.000000
90.000000
90.000000
90.000000
90.000000
90.000000
90.000000
90.000000
90.000000
90.000000
90.000000
90.000000
90.000000
90.000000
90.000000
90.000000
90.000000
90.000000
90.000000
90.000000
90.000000
90.000000
90.000000
90.000000
90.000000
90.000000
90.000000
90.000000
90.000000
90.000000
90.000000
90.000000
90.000000
90.000000
90.000000
90.000000
90.000000
90.000000
90.000000
90.000000
90.000000
90.000000
90.000000
90.000000
90.000000
90.000000
90.000000
90.000000
90.000000
90.000000
90.000000
90.000000
90.000000
90.000000
90.000000
90.000000
90.000000
90.000000
90.000000
90.000000
90.000000
90.000000
90.000000
90.000000
90.000000
90.000000
90.000000
90.000000
90.000000
90.000000
90.000000
90.000000
90.000000
90.000000
90.000000
90.000000
90.000000
90.000000
90.000000
90.000000
90.000000
90.000000
90.000000
90.000000
90.000000
90.000000
90.000000
90.000000
90.000000
90.000000
90.000000
90.000000
90.000000
90.000000
90.000000
90.000000
90.000000
90.000000
90.000000
90.000000
90.000000
90.000000
90.000000
90.000000
90.000000
90.000000
90.000000
90.000000
90.000000
90.000000
90.000000
90.000000
90.000000
90.000000
90.000000
90.000000
90.000000
90.000000
90.000000
90.000000
90.000000
90.000000
90.000000
90.000000
90.000000
90.000000
90.000000
90.000000
90.000000
90.000000
90.000000
90.000000
90.000000
90.000000
90.000000
90.000000
90.000000
90.000000
90.000000
90.000000
90.000000
90.000000
90.000000
90.000000
90.000000
90.000000
90.000000
90.000000
90.000000
90.000000
90.000000
90.000000
90.000000
90.000000
90.000000
90.000000
90.000000
90.000000
90.000000
90.000000
90.000000
90.000000
90.000000
90.000000
90.000000
90.000000
90.000000
90.000000
90.000000
90.000000
90.000000
90.000000
90.000000
90.000000
90.000000
90.000000
90.000000
90.000000
90.000000
90.000000
90.000000
90.000000
90.000000
90.000000
90.000000
90.000000
90.000000
90.000000
90.000000
90.000000
90.000000
90.000000
90.000000
90.000000
90.000000
90.000000
90.000000
90.000000
90.000000
90.000000
90.000000
90.000000
90.000000
90.000000
90.000000
90.000000
90.000000
90.000000
90.000000
90.000000
90.000000
90.000000
90.000000
90.000000
90.000000
90.000000
90.000000
90.000000
90.000000
90.000000
90.000000
90.000000
90.000000
90.000000
90.000000
90.000000
90.000000
90.000000
90.000000
90.000000
90.000000
90.000000
90.000000
90.000000
90.000000
90.000000
90.000000
90.000000
90.000000
90.000000
90.000000
90.000000
90.000000
90.000000
90.000000
90.000000
90.000000
90.000000
90.000000
90.000000
90.000000
90.000000
90.000000
90.000000
90.000000
90.000000
90.000000
90.000000
90.000000
90.000000
90.000000
90.000000
90.000000
90.000000
90.000000
90.000000
90.000000
90.000000
90.000000
90.000000
90.000000
90.000000
90.000000
90.000000
90.000000
90.000000
90.000000
90.000000
90.000000
90.000000
90.000000
90.000000
90.000000
90.000000
90.000000
90.000000
90.000000
90.000000
90.000000
90.000000
90.000000
90.000000
90.000000
90.000000
90.000000
90.000000
90.000000
90.000000
90.000000
90.000000
90.000000
90.000000
90.000000
90.000000
90.000000
90.000000
90.000000
90.000000
90.000000
90.000000
90.000000
90.000000
90.000000
90.000000
90.000000
90.000000
90.000000
90.000000
90.000000
90.000000
90.000000
90.000000
90.000000
90.000000
90.000000
90.000000
90.000000
90.000000
90.000000
90.000000
90.000000
90.000000
90.000000
90.000000
90.000000
90.000000
90.000000
90.000000
90.000000
90.000000
90.000000
90.000000
90.000000
90.000000
90.000000
90.000000
90.000000
90.000000
90.000000
90.000000
90.000000
90.000000
90.000000
90.000000
90.000000
90.000000
90.000000
90.000000
90.000000
90.000000
90.000000
90.000000
90.000000
90.000000
90.000000
90.000000
90.000000
90.000000
90.000000
90.000000
90.000000
90.000000
90.000000
90.000000
90.000000
90.000000
90.000000
90.000000
90.000000
90.000000
90.000000
90.000000
90.000000
90.000000
90.000000
90.000000
90.000000
90.000000
90.000000
90.000000
90.000000
90.000000
90.000000
90.000000
90.000000
90.000000
90.000000
90.000000
90.000000
90.000000
90.000000
90.000000
90.000000
90.000000
90.000000
90.000000
90.000000
90.000000
90.000000
90.000000
90.000000
90.000000
90.000000
90.000000
90.000000
90.000000
90.000000
90.000000
90.000000
90.000000
90.000000
90.000000
90.000000
90.000000
90.000000
90.000000
90.000000
90.000000
90.000000
90.000000
90.000000
90.000000
90.000000
90.000000
90.000000
90.000000
90.000000
90.000000
90.000000
90.000000
90.000000
90.000000
90.000000
90.000000
90.000000
90.000000
90.000000
90.000000
90.000000
90.000000
90.000000
90.000000
90.000000
90.000000
90.000000
90.000000
90.000000
90.000000
90.000000
90.000000
90.000000
90.000000
90.000000
90.000000
90.000000
90.000000
90.000000
90.000000
90.000000
90.000000
90.000000
90.000000
90.000000
90.000000
90.000000
90.000000
90.000000
90.000000
90.000000
90.000000
90.000000
90.000000
90.000000
90.000000
90.000000
90.000000
90.000000
90.000000
90.000000
90.000000
90.000000
90.000000
90.000000
90.000000
90.000000
90.000000
90.000000
90.000000
90.000000
90.000000
90.000000
90.000000
90.000000
90.000000
90.000000
90.000000
90.000000
90.000000
90.000000
90.000000
90.000000
90.000000
90.000000
90.000000
90.000000
90.000000
90.000000
90.000000
90.000000
90.000000
90.000000
90.000000
90.000000
90.000000
90.000000
90.000000
90.000000
90.000000
90.000000
90.000000
90.000000
90.000000
90.000000
90.000000
90.000000
90.000000
90.000000
90.000000
90.000000
90.000000
90.000000
90.000000
90.000000
90.000000
90.000000
90.000000
90.000000
90.000000
90.000000
90.000000
90.000000
90.000000
90.000000
90.000000
90.000000
90.000000
90.000000
90.000000
90.000000
90.000000
90.000000
90.000000
90.000000
90.000000
90.000000
90.000000
90.000000
90.000000
90.000000
90.000000
90.000000
90.000000
90.000000
90.000000
90.000000
90.000000
90.000000
90.000000
90.000000
90.000000
90.000000
90.000000
90.000000
90.000000
90.000000
90.000000
90.000000
90.000000
90.000000
90.000000
90.000000
90.000000
90.000000
90.000000
90.000000
90.000000
90.000000
90.000000
90.000000
90.000000
90.000000
90.000000
90.000000
90.000000
90.000000
90.000000
90.000000
90.000000
90.000000
90.000000
90.000000
90.000000
90.000000
90.000000
90.000000
90.000000
90.000000
90.000000
90.000000
90.000000
90.000000
90.000000
90.000000
90.000000
90.000000
90.000000
90.000000
90.000000
90.000000
90.000000
90.000000
90.000000
90.000000
90.000000
90.000000
90.000000
90.000000
90.000000
90.000000
90.000000
90.000000
90.000000
90.000000
90.000000
90.000000
90.000000
90.000000
90.000000
90.000000
90.000000
90.000000
90.000000
90.000000
90.000000
90.000000
90.000000
90.000000
90.000000
90.000000
90.000000
90.000000
90.000000
90.000000
90.000000
90.000000
90.000000
90.000000
90.000000
90.000000
90.000000
90.000000
90.000000
90.000000
90.000000
90.000000
90.000000
90.000000
90.000000
90.000000
90.000000
90.000000
90.000000
90.000000
90.000000
90.000000
90.000000
90.000000
90.000000
90.000000
90.000000
90.000000
90.000000
90.000000
90.000000
90.000000
90.000000
90.000000
90.000000
90.000000
90.000000
90.000000
90.000000
90.000000
90.000000
90.000000
90.000000
90.000000
90.000000
90.000000
90.000000
90.000000
90.000000
90.000000
90.000000
90.000000
90.000000
90.000000
90.000000
90.000000
90.000000
90.000000
90.000000
90.000000
90.000000
90.000000
90.000000
90.000000
90.000000
90.000000
90.000000
90.000000
90.000000
90.000000
90.000000
90.000000
90.000000
90.000000
90.000000
90.000000
90.000000
90.000000
90.000000
90.000000
90.000000
90.000000
90.000000
90.000000
90.000000
90.000000
90.000000
90.000000
90.000000
90.000000
90.000000
90.000000
90.000000
90.000000
90.000000
90.000000
90.000000
90.000000
90.000000
90.000000
90.000000
90.000000
90.000000
90.000000
90.000000
90.000000
90.000000
90.000000
90.000000
90.000000
90.000000
90.000000
90.000000
90.000000
90.000000
90.000000
90.000000
90.000000
90.000000
90.000000
90.000000
90.000000
90.000000
90.000000
90.000000
90.000000
90.000000
90.000000
90.000000
90.000000
90.000000
90.000000
90.000000
90.000000
90.000000
90.000000
90.000000
90.000000
90.000000
90.000000
90.000000
90.000000
90.000000
90.000000
90.000000
90.000000
90.000000
90.000000
90.000000
90.000000
90.000000
90.000000
90.000000
90.000000
90.000000
90.000000
90.000000
90.000000
90.000000
90.000000
90.000000
90.000000
90.000000
90.000000
90.000000
90.000000
90.000000
90.000000
90.000000
90.000000
90.000000
90.000000
90.000000
90.000000
90.000000
90.000000
90.000000
90.000000
90.000000
90.000000
90.000000
90.000000
90.000000
90.000000
90.000000
90.000000
90.000000
90.000000
90.000000
90.000000
90.000000
90.000000
90.000000
90.000000
90.000000
90.000000
90.000000
90.000000
90.000000
90.000000
90.000000
90.000000
90.000000
90.000000
90.000000
90.000000
90.000000
90.000000
90.000000
90.000000
90.000000
90.000000
90.000000
90.000000
90.000000
90.000000
90.000000
90.000000
90.000000
90.000000
90.000000
90.000000
90.000000
90.000000
90.000000
90.000000
90.000000
90.000000
90.000000
90.000000
90.000000
90.000000
90.000000
90.000000
90.000000
90.000000
90.000000
90.000000
90.000000
90.000000
90.000000
90.000000
90.000000
90.000000
90.000000
90.000000
90.000000
90.000000
90.000000
90.000000
90.000000
90.000000
90.000000
90.000000
90.000000
90.000000
90.000000
90.000000
90.000000
90.000000
90.000000
90.000000
90.000000
90.000000
90.000000
90.000000
90.000000
90.000000
90.000000
90.000000
90.000000
90.000000
90.000000
90.000000
90.000000
90.000000
90.000000
90.000000
90.000000
90.000000
90.000000
90.000000
90.000000
90.000000
90.000000
90.000000
90.000000
90.000000
90.000000
90.000000
90.000000
90.000000
90.000000
90.000000
90.000000
90.000000
90.000000
90.000000
90.000000
90.000000
90.000000
90.000000
90.000000
90.000000
90.000000
90.000000
90.000000
90.000000
90.000000
90.000000
90.000000
90.000000
90.000000
90.000000
90.000000
90.000000
90.000000
90.000000
90.000000
90.000000
90.000000
90.000000
90.000000
90.000000
90.000000
90.000000
90.000000
90.000000
90.000000
90.000000
90.000000
90.000000
90.000000
90.000000
90.000000
90.000000
90.000000
90.000000
90.000000
90.000000
90.000000
90.000000
90.000000
90.000000
90.000000
90.000000
90.000000
90.000000
90.000000
90.000000
90.000000
90.000000
90.000000
90.000000
90.000000
90.000000
90.000000
90.000000
90.000000
90.000000
90.000000
90.000000
90.000000
90.000000
90.000000
90.000000
90.000000
90.000000
90.000000
90.000000
90.000000
90.000000
90.000000
90.000000
90.000000
90.000000
90.000000
90.000000
90.000000
90.000000
90.000000
90.000000
90.000000
90.000000
90.000000
90.000000
90.000000
90.000000
90.000000
90.000000
90.000000
90.000000
90.000000
90.000000
90.000000
90.000000
90.000000
90.000000
90.000000
90.000000
90.000000
90.000000
90.000000
90.000000
90.000000
90.000000
90.000000
90.000000
90.000000
90.000000
90.000000
90.000000
90.000000
90.000000
90.000000
90.000000
90.000000
90.000000
90.000000
90.000000
90.000000
90.000000
90.000000
90.000000
90.000000
90.000000
90.000000
90.000000
90.000000
90.000000
90.000000
90.000000
90.000000
90.000000
90.000000
90.000000
90.000000
90.000000
90.000000
90.000000
90.000000
90.000000
90.000000
90.000000
90.000000
90.000000
90.000000
90.000000
90.000000
90.000000
90.000000
90.000000
90.000000
90.000000
90.000000
90.000000
90.000000
90.000000
90.000000
90.000000
90.000000
90.000000
90.000000
90.000000
90.000000
90.000000
90.000000
90.000000
90.000000
90.000000
90.000000
90.000000
90.000000
90.000000
90.000000
90.000000
90.000000
90.000000
90.000000
90.000000
90.000000
90.000000
90.000000
90.000000
90.000000
90.000000
90.000000
90.000000
90.000000
90.000000
90.000000
90.000000
90.000000
90.000000
90.000000
90.000000
90.000000
90.000000
90.000000
90.000000
90.000000
90.000000
90.000000
90.000000
90.000000
90.000000
90.000000
90.000000
90.000000
90.000000
90.000000
90.000000
90.000000
90.000000
90.000000
90.000000
90.000000
90.000000
90.000000
90.000000
90.000000
90.000000
90.000000
90.000000
90.000000
90.000000
90.000000
90.000000
90.000000
90.000000
90.000000
90.000000
90.000000
90.000000
90.000000
90.000000
90.000000
90.000000
90.000000
90.000000
90.000000
90.000000
90.000000
90.000000
90.000000
90.000000
90.000000
90.000000
90.000000
90.000000
90.000000
90.000000
90.000000
90.000000
90.000000
90.000000
90.000000
90.000000
90.000000
90.000000
90.000000
90.000000
90.000000
90.000000
90.000000
90.000000
90.000000
90.000000
90.000000
90.000000
90.000000
90.000000
90.000000
90.000000
90.000000
90.000000
90.000000
90.000000
90.000000
90.000000
90.000000
90.000000
90.000000
90.000000
90.000000
90.000000
90.000000
90.000000
90.000000
90.000000
90.000000
90.000000
90.000000
90.000000
90.000000
90.000000
90.000000
90.000000
90.000000
90.000000
90.000000
90.000000
90.000000
90.000000
90.000000
90.000000
90.000000
90.000000
90.000000
90.000000
90.000000
90.000000
90.000000
90.000000
90.000000
90.000000
90.000000
90.000000
90.000000
90.000000
90.000000
90.000000
90.000000
90.000000
90.000000
90.000000
90.000000
90.000000
90.000000
90.000000
90.000000
90.000000
90.000000
90.000000
90.000000
90.000000
90.000000
90.000000
90.000000
90.000000
90.000000
90.000000
90.000000
90.000000
90.000000
90.000000
90.000000
90.000000
90.000000
90.000000
90.000000
90.000000
90.000000
90.000000
90.000000
90.000000
90.000000
90.000000
90.000000
90.000000
90.000000
90.000000
90.000000
90.000000
90.000000
90.000000
90.000000
90.000000
90.000000
90.000000
90.000000
90.000000
90.000000
90.000000
90.000000
90.000000
90.000000
90.000000
90.000000
90.000000
90.000000
90.000000
90.000000
90.000000
90.000000
90.000000
90.000000
90.000000
90.000000
90.000000
90.000000
90.000000
90.000000
90.000000
90.000000
90.000000
90.000000
90.000000
90.000000
90.000000
90.000000
90.000000
90.000000
90.000000
90.000000
90.000000
90.000000
90.000000
90.000000
90.000000
90.000000
90.000000
90.000000
90.000000
90.000000
90.000000
90.000000
90.000000
90.000000
90.000000
90.000000
90.000000
90.000000
90.000000
90.000000
90.000000
90.000000
90.000000
90.000000
90.000000
90.000000
90.000000
90.000000
90.000000
90.000000
90.000000
90.000000
90.000000
90.000000
90.000000
90.000000
90.000000
90.000000
90.000000
90.000000
90.000000
90.000000
90.000000
90.000000
90.000000
90.000000
90.000000
90.000000
90.000000
90.000000
90.000000
90.000000
90.000000
90.000000
90.000000
90.000000
90.000000
90.000000
90.000000
90.000000
90.000000
90.000000
90.000000
90.000000
90.000000
90.000000
90.000000
90.000000
90.000000
90.000000
90.000000
90.000000
90.000000
90.000000
90.000000
90.000000
90.000000
90.000000
90.000000
90.000000
90.000000
90.000000
90.000000
90.000000
90.000000
90.000000
90.000000
90.000000
90.000000
90.000000
90.000000
90.000000
90.000000
90.000000
90.000000
90.000000
90.000000
90.000000
90.000000
90.000000
90.000000
90.000000
90.000000
90.000000
90.000000
90.000000
90.000000
90.000000
90.000000
90.000000
90.000000
90.000000
90.000000
90.000000
90.000000
90.000000
90.000000
90.000000
90.000000
90.000000
90.000000
90.000000
90.000000
90.000000
90.000000
90.000000
90.000000
90.000000
90.000000
90.000000
90.000000
90.000000
90.000000
90.000000
90.000000
90.000000
90.000000
90.000000
90.000000
90.000000
90.000000
90.000000
90.000000
90.000000
90.000000
90.000000
90.000000
90.000000
90.000000
90.000000
90.000000
90.000000
90.000000
90.000000
90.000000
90.000000
90.000000
90.000000
90.000000
90.000000
90.000000
90.000000
90.000000
90.000000
90.000000
90.000000
90.000000
90.000000
90.000000
90.000000
90.000000
90.000000
90.000000
90.000000
90.000000
90.000000
90.000000
90.000000
90.000000
90.000000
90.000000
90.000000
90.000000
90.000000
90.000000
90.000000
90.000000
90.000000
90.000000
90.000000
90.000000
90.000000
90.000000
90.000000
90.000000
90.000000
90.000000
90.000000
90.000000
90.000000
90.000000
90.000000
90.000000
90.000000
90.000000
90.000000
90.000000
90.000000
90.000000
90.000000
90.000000
90.000000
90.000000
90.000000
90.000000
90.000000
90.000000
90.000000
90.000000
90.000000
90.000000
90.000000
90.000000
90.000000
90.000000
90.000000
90.000000
90.000000
90.000000
90.000000
90.000000
90.000000
90.000000
90.000000
90.000000
90.000000
90.000000
90.000000
90.000000
90.000000
90.000000
90.000000
90.000000
90.000000
90.000000
90.000000
90.000000
90.000000
90.000000
90.000000
90.000000
90.000000
90.000000
90.000000
90.000000
90.000000
90.000000
90.000000
90.000000
90.000000
90.000000
90.000000
90.000000
90.000000
90.000000
90.000000
90.000000
90.000000
90.000000
90.000000
90.000000
90.000000
90.000000
90.000000
90.000000
90.000000
90.000000
90.000000
90.000000
90.000000
90.000000
90.000000
90.000000
90.000000
90.000000
90.000000
90.000000
90.000000
90.000000
90.000000
90.000000
90.000000
90.000000
90.000000
90.000000
90.000000
90.000000
90.000000
90.000000
90.000000
90.000000
90.000000
90.000000
90.000000
90.000000
90.000000
90.000000
90.000000
90.000000
90.000000
90.000000
90.000000
90.000000
90.000000
90.000000
90.000000
90.000000
90.000000
90.000000
90.000000
90.000000
90.000000
90.000000
90.000000
90.000000
90.000000
90.000000
90.000000
90.000000
90.000000
90.000000
90.000000
90.000000
90.000000
90.000000
90.000000
90.000000
90.000000
90.000000
90.000000
90.000000
90.000000
90.000000
90.000000
90.000000
90.000000
90.000000
90.000000
90.000000
90.000000
90.000000
90.000000
90.000000
90.000000
90.000000
90.000000
90.000000
90.000000
90.000000
90.000000
90.000000
90.000000
90.000000
90.000000
90.000000
90.000000
90.000000
90.000000
90.000000
90.000000
90.000000
90.000000
90.000000
90.000000
90.000000
90.000000
90.000000
90.000000
90.000000
90.000000
90.000000
90.000000
90.000000
90.000000
90.000000
90.000000
90.000000
90.000000
90.000000
90.000000
90.000000
90.000000
90.000000
90.000000
90.000000
90.000000
90.000000
90.000000
90.000000
90.000000
90.000000
90.000000
90.000000
90.000000
90.000000
90.000000
90.000000
90.000000
90.000000
90.000000
90.000000
90.000000
90.000000
90.000000
90.000000
90.000000
90.000000
90.000000
90.000000
90.000000
90.000000
90.000000
90.000000
90.000000
90.000000
90.000000
90.000000
90.000000
90.000000
90.000000
90.000000
90.000000
90.000000
90.000000
90.000000
90.000000
90.000000
90.000000
90.000000
90.000000
90.000000
90.000000
90.000000
90.000000
90.000000
90.000000
90.000000
90.000000
90.000000
90.000000
90.000000
90.000000
90.000000
90.000000
90.000000
90.000000
90.000000
90.000000
90.000000
90.000000
90.000000
90.000000
90.000000
90.000000
90.000000
90.000000
90.000000
90.000000
90.000000
90.000000
90.000000
90.000000
90.000000
90.000000
90.000000
90.000000
90.000000
90.000000
90.000000
90.000000
90.000000
90.000000
90.000000
90.000000
90.000000
90.000000
90.000000
90.000000
90.000000
90.000000
90.000000
90.000000
90.000000
90.000000
90.000000
90.000000
90.000000
90.000000
90.000000
90.000000
90.000000
90.000000
90.000000
90.000000
90.000000
90.000000
90.000000
90.000000
90.000000
90.000000
90.000000
90.000000
90.000000
90.000000
90.000000
90.000000
90.000000
90.000000
90.000000
90.000000
90.000000
90.000000
90.000000
90.000000
90.000000
90.000000
90.000000
90.000000
90.000000
90.000000
90.000000
90.000000
90.000000
90.000000
90.000000
90.000000
90.000000
90.000000
90.000000
90.000000
90.000000
90.000000
90.000000
90.000000
90.000000
90.000000
90.000000
90.000000
90.000000
90.000000
90.000000
90.000000
90.000000
90.000000
90.000000
SCALARS SegmentLength float 1
LOOKUP_TABLE default
0.0
1.960784e+02
1.960784e+02
1.960784e+02
1.960784e+02
1.960784e+02
1.960784e+02
1.960784e+02
1.960784e+02
1.960784e+02
1.960784e+02
1.960784e+02
1.960784e+02
1.960784e+02
1.960784e+02
1.960784e+02
1.960784e+02
1.960784e+02
1.960784e+02
1.960784e+02
1.960784e+02
1.960784e+02
1.960784e+02
1.960784e+02
1.960784e+02
1.960784e+02
1.960784e+02
1.960784e+02
1.960784e+02
1.960784e+02
1.960784e+02
1.960784e+02
1.960784e+02
1.960784e+02
1.960784e+02
1.960784e+02
1.960784e+02
1.960784e+02
1.960784e+02
1.960784e+02
1.960784e+02
1.960784e+02
1.960784e+02
1.960784e+02
1.960784e+02
1.960784e+02
1.960784e+02
1.960784e+02
1.960784e+02
1.960784e+02
1.960784e+02
1.960784e+02
1.960784e+02
1.960784e+02
1.960784e+02
1.960784e+02
1.960784e+02
1.960784e+02
1.960784e+02
1.960784e+02
1.960784e+02
1.960784e+02
1.960784e+02
1.960784e+02
1.960784e+02
1.960784e+02
1.960784e+02
1.960784e+02
1.960784e+02
1.960784e+02
1.960784e+02
1.960784e+02
1.960784e+02
1.960784e+02
1.960784e+02
1.960784e+02
1.960784e+02
1.960784e+02
1.960784e+02
1.960784e+02
1.960784e+02
1.960784e+02
1.960784e+02
1.960784e+02
1.960784e+02
1.960784e+02
1.960784e+02
1.960784e+02
1.960784e+02
1.960784e+02
1.960784e+02
1.960784e+02
1.960784e+02
1.960784e+02
1.960784e+02
1.960784e+02
1.960784e+02
1.960784e+02
1.960784e+02
1.960784e+02
1.960784e+02
1.960784e+02
1.960784e+02
1.960784e+02
1.960784e+02
1.960784e+02
1.960784e+02
1.960784e+02
1.960784e+02
1.960784e+02
1.960784e+02
1.960784e+02
1.960784e+02
1.960784e+02
1.960784e+02
1.960784e+02
1.960784e+02
1.960784e+02
1.960784e+02
1.960784e+02
1.960784e+02
1.960784e+02
1.960784e+02
1.960784e+02
1.960784e+02
1.960784e+02
1.960784e+02
1.960784e+02
1.960784e+02
1.960784e+02
1.960784e+02
1.960784e+02
1.960784e+02
1.960784e+02
1.960784e+02
1.960784e+02
1.960784e+02
1.960784e+02
1.960784e+02
1.960784e+02
1.960784e+02
1.960784e+02
1.960784e+02
1.960784e+02
1.960784e+02
1.960784e+02
1.960784e+02
1.960784e+02
1.960784e+02
1.960784e+02
1.960784e+02
1.960784e+02
1.960784e+02
1.960784e+02
1.960784e+02
1.960784e+02
1.960784e+02
1.960784e+02
1.960784e+02
1.960784e+02
1.960784e+02
1.960784e+02
1.960784e+02
1.960784e+02
1.960784e+02
1.960784e+02
1.960784e+02
1.960784e+02
1.960784e+02
1.960784e+02
1.960784e+02
1.960784e+02
1.960784e+02
1.960784e+02
1.960784e+02
1.960784e+02
1.960784e+02
1.960784e+02
1.960784e+02
1.960784e+02
1.960784e+02
1.960784e+02
1.960784e+02
1.960784e+02
1.960784e+02
1.960784e+02
1.960784e+02
1.960784e+02
1.960784e+02
1.960784e+02
1.960784e+02
1.960784e+02
1.960784e+02
1.960784e+02
1.960784e+02
1.960784e+02
1.960784e+02
1.960784e+02
1.960784e+02
1.960784e+02
1.960784e+02
1.960784e+02
1.960784e+02
1.960784e+02
1.960784e+02
1.960784e+02
1.960784e+02
1.960784e+02
1.960784e+02
1.960784e+02
1.960784e+02
1.960784e+02
1.960784e+02
1.960784e+02
1.960784e+02
1.960784e+02
1.960784e+02
1.960784e+02
1.960784e+02
1.960784e+02
1.960784e+02
1.960784e+02
1.960784e+02
1.960784e+02
1.960784e+02
1.960784e+02
1.960784e+02
1.960784e+02
1.960784e+02
1.960784e+02
1.960784e+02
1.960784e+02
1.960784e+02
1.960784e+02
1.960784e+02
1.960784e+02
1.960784e+02
1.960784e+02
1.960784e+02
1.960784e+02
1.960784e+02
1.960784e+02
1.960784e+02
1.960784e+02
1.960784e+02
1.960784e+02
1.960784e+02
1.960784e+02
1.960784e+02
1.960784e+02
1.960784e+02
1.960784e+02
1.960784e+02
1.960784e+02
1.960784e+02
1.960784e+02
1.960784e+02
1.960784e+02
1.960784e+02
1.960784e+02
1.960784e+02
1.960784e+02
1.960784e+02
1.960784e+02
1.960784e+02
1.960784e+02
1.960784e+02
1.960784e+02
1.960784e+02
1.960784e+02
1.960784e+02
1.960784e+02
1.960784e+02
1.960784e+02
1.960784e+02
1.960784e+02
1.960784e+02
1.960784e+02
1.960784e+02
1.960784e+02
1.960784e+02
1.960784e+02
1.960784e+02
1.960784e+02
1.960784e+02
1.960784e+02
1.960784e+02
1.960784e+02
1.960784e+02
1.960784e+02
1.960784e+02
1.960784e+02
1.960784e+02
1.960784e+02
1.960784e+02
1.960784e+02
1.960784e+02
1.960784e+02
1.960784e+02
1.960784e+02
1.960784e+02
1.960784e+02
1.960784e+02
1.960784e+02
1.960784e+02
1.960784e+02
1.960784e+02
1.960784e+02
1.960784e+02
1.960784e+02
1.960784e+02
1.960784e+02
1.960784e+02
1.960784e+02
1.960784e+02
1.960784e+02
1.960784e+02
1.960784e+02
1.960784e+02
1.960784e+02
1.960784e+02
1.960784e+02
1.960784e+02
1.960784e+02
1.960784e+02
1.960784e+02
1.960784e+02
1.960784e+02
1.960784e+02
1.960784e+02
1.960784e+02
1.960784e+02
1.960784e+02
1.960784e+02
1.960784e+02
1.960784e+02
1.960784e+02
1.960784e+02
1.960784e+02
1.960784e+02
1.960784e+02
1.960784e+02
1.960784e+02
1.960784e+02
1.960784e+02
1.960784e+02
1.960784e+02
1.960784e+02
1.960784e+02
1.960784e+02
1.960784e+02
1.960784e+02
1.960784e+02
1.960784e+02
1.960784e+02
1.960784e+02
1.960784e+02
1.960784e+02
1.960784e+02
1.960784e+02
1.960784e+02
1.960784e+02
1.960784e+02
1.960784e+02
1.960784e+02
1.960784e+02
1.960784e+02
1.960784e+02
1.960784e+02
1.960784e+02
1.960784e+02
1.960784e+02
1.960784e+02
1.960784e+02
1.960784e+02
1.960784e+02
1.960784e+02
1.960784e+02
1.960784e+02
1.960784e+02
1.960784e+02
1.960784e+02
1.960784e+02
1.960784e+02
1.960784e+02
1.960784e+02
1.960784e+02
1.960784e+02
1.960784e+02
1.960784e+02
1.960784e+02
1.960784e+02
1.960784e+02
1.960784e+02
1.960784e+02
1.960784e+02
1.960784e+02
1.960784e+02
1.960784e+02
1.960784e+02
1.960784e+02
1.960784e+02
1.960784e+02
1.960784e+02
1.960784e+02
1.960784e+02
1.960784e+02
1.960784e+02
1.960784e+02
1.960784e+02
1.960784e+02
1.960784e+02
1.960784e+02
1.960784e+02
1.960784e+02
1.960784e+02
1.960784e+02
1.960784e+02
1.960784e+02
1.960784e+02
1.960784e+02
1.960784e+02
1.960784e+02
1.960784e+02
1.960784e+02
1.960784e+02
1.960784e+02
1.960784e+02
1.960784e+02
1.960784e+02
1.960784e+02
1.960784e+02
1.960784e+02
1.960784e+02
1.960784e+02
1.960784e+02
1.960784e+02
1.960784e+02
1.960784e+02
1.960784e+02
1.960784e+02
1.960784e+02
1.960784e+02
1.960784e+02
1.960784e+02
1.960784e+02
1.960784e+02
1.960784e+02
1.960784e+02
1.960784e+02
1.960784e+02
1.960784e+02
1.960784e+02
1.960784e+02
1.960784e+02
1.960784e+02
1.960784e+02
1.960784e+02
1.960784e+02
1.960784e+02
1.960784e+02
1.960784e+02
1.960784e+02
1.960784e+02
1.960784e+02
1.960784e+02
1.960784e+02
1.960784e+02
1.960784e+02
1.960784e+02
1.960784e+02
1.960784e+02
1.960784e+02
1.960784e+02
1.960784e+02
1.960784e+02
1.960784e+02
1.960784e+02
1.960784e+02
1.960784e+02
1.960784e+02
1.960784e+02
1.960784e+02
1.960784e+02
1.960784e+02
1.960784e+02
1.960784e+02
1.960784e+02
1.960784e+02
1.960784e+02
1.960784e+02
1.960784e+02
1.960784e+02
1.960784e+02
1.960784e+02
1.960784e+02
1.960784e+02
1.960784e+02
1.960784e+02
1.960784e+02
1.960784e+02
1.960784e+02
1.960784e+02
1.960784e+02
1.960784e+02
1.960784e+02
1.960784e+02
1.960784e+02
1.960784e+02
1.960784e+02
1.960784e+02
1.960784e+02
1.960784e+02
1.960784e+02
1.960784e+02
1.960784e+02
1.960784e+02
1.960784e+02
1.960784e+02
1.960784e+02
1.960784e+02
1.960784e+02
1.960784e+02
1.960784e+02
1.960784e+02
1.960784e+02
1.960784e+02
1.960784e+02
1.960784e+02
1.960784e+02
1.960784e+02
1.960784e+02
1.960784e+02
1.960784e+02
1.960784e+02
1.960784e+02
1.960784e+02
1.960784e+02
1.960784e+02
1.960784e+02
1.960784e+02
1.960784e+02
1.960784e+02
1.960784e+02
1.960784e+02
1.960784e+02
1.960784e+02
1.960784e+02
1.960784e+02
1.960784e+02
1.960784e+02
1.960784e+02
1.960784e+02
1.960784e+02
1.960784e+02
1.960784e+02
1.960784e+02
1.960784e+02
1.960784e+02
1.960784e+02
1.960784e+02
1.960784e+02
1.960784e+02
1.960784e+02
1.960784e+02
1.960784e+02
1.960784e+02
1.960784e+02
1.960784e+02
1.960784e+02
1.960784e+02
1.960784e+02
1.960784e+02
1.960784e+02
1.960784e+02
1.960784e+02
1.960784e+02
1.960784e+02
1.960784e+02
1.960784e+02
1.960784e+02
1.960784e+02
1.960784e+02
1.960784e+02
1.960784e+02
1.960784e+02
1.960784e+02
1.960784e+02
1.960784e+02
1.960784e+02
1.960784e+02
1.960784e+02
1.960784e+02
1.960784e+02
1.960784e+02
1.960784e+02
1.960784e+02
1.960784e+02
1.960784e+02
1.960784e+02
1.960784e+02
1.960784e+02
1.960784e+02
1.960784e+02
1.960784e+02
1.960784e+02
1.960784e+02
1.960784e+02
1.960784e+02
1.960784e+02
1.960784e+02
1.960784e+02
1.960784e+02
1.960784e+02
1.960784e+02
1.960784e+02
1.960784e+02
1.960784e+02
1.960784e+02
1.960784e+02
1.960784e+02
1.960784e+02
1.960784e+02
1.960784e+02
1.960784e+02
1.960784e+02
1.960784e+02
1.960784e+02
1.960784e+02
1.960784e+02
1.960784e+02
1.960784e+02
1.960784e+02
1.960784e+02
1.960784e+02
1.960784e+02
1.960784e+02
1.960784e+02
1.960784e+02
1.960784e+02
1.960784e+02
1.960784e+02
1.960784e+02
1.960784e+02
1.960784e+02
1.960784e+02
1.960784e+02
1.960784e+02
1.960784e+02
1.960784e+02
1.960784e+02
1.960784e+02
1.960784e+02
1.960784e+02
1.960784e+02
1.960784e+02
1.960784e+02
1.960784e+02
1.960784e+02
1.960784e+02
1.960784e+02
1.960784e+02
1.960784e+02
1.960784e+02
1.960784e+02
1.960784e+02
1.960784e+02
1.960784e+02
1.960784e+02
1.960784e+02
1.960784e+02
1.960784e+02
1.960784e+02
1.960784e+02
1.960784e+02
1.960784e+02
1.960784e+02
1.960784e+02
1.960784e+02
1.960784e+02
1.960784e+02
1.960784e+02
1.960784e+02
1.960784e+02
1.960784e+02
1.960784e+02
1.960784e+02
1.960784e+02
1.960784e+02
1.960784e+02
1.960784e+02
1.960784e+02
1.960784e+02
1.960784e+02
1.960784e+02
1.960784e+02
1.960784e+02
1.960784e+02
1.960784e+02
1.960784e+02
1.960784e+02
1.960784e+02
1.960784e+02
1.960784e+02
1.960784e+02
1.960784e+02
1.960784e+02
1.960784e+02
1.960784e+02
1.960784e+02
1.960784e+02
1.960784e+02
1.960784e+02
1.960784e+02
1.960784e+02
1.960784e+02
1.960784e+02
1.960784e+02
1.960784e+02
1.960784e+02
1.960784e+02
1.960784e+02
1.960784e+02
1.960784e+02
1.960784e+02
1.960784e+02
1.960784e+02
1.960784e+02
1.960784e+02
1.960784e+02
1.960784e+02
1.960784e+02
1.960784e+02
1.960784e+02
1.960784e+02
1.960784e+02
1.960784e+02
1.960784e+02
1.960784e+02
1.960784e+02
1.960784e+02
1.960784e+02
1.960784e+02
1.960784e+02
1.960784e+02
1.960784e+02
1.960784e+02
1.960784e+02
1.960784e+02
1.960784e+02
1.960784e+02
1.960784e+02
1.960784e+02
1.960784e+02
1.960784e+02
1.960784e+02
1.960784e+02
1.960784e+02
1.960784e+02
1.960784e+02
1.960784e+02
1.960784e+02
1.960784e+02
1.960784e+02
1.960784e+02
1.960784e+02
1.960784e+02
1.960784e+02
1.960784e+02
1.960784e+02
1.960784e+02
1.960784e+02
1.960784e+02
1.960784e+02
1.960784e+02
1.960784e+02
1.960784e+02
1.960784e+02
1.960784e+02
1.960784e+02
1.960784e+02
1.960784e+02
1.960784e+02
1.960784e+02
1.960784e+02
1.960784e+02
1.960784e+02
1.960784e+02
1.960784e+02
1.960784e+02
1.960784e+02
1.960784e+02
1.960784e+02
1.960784e+02
1.960784e+02
1.960784e+02
1.960784e+02
1.960784e+02
1.960784e+02
1.960784e+02
1.960784e+02
1.960784e+02
1.960784e+02
1.960784e+02
1.960784e+02
1.960784e+02
1.960784e+02
1.960784e+02
1.960784e+02
1.960784e+02
1.960784e+02
1.960784e+02
1.960784e+02
1.960784e+02
1.960784e+02
1.960784e+02
1.960784e+02
1.960784e+02
1.960784e+02
1.960784e+02
1.960784e+02
1.960784e+02
1.960784e+02
1.960784e+02
1.960784e+02
1.960784e+02
1.960784e+02
1.960784e+02
1.960784e+02
1.960784e+02
1.960784e+02
1.960784e+02
1.960784e+02
1.960784e+02
1.960784e+02
1.960784e+02
1.960784e+02
1.960784e+02
1.960784e+02
1.960784e+02
1.960784e+02
1.960784e+02
1.960784e+02
1.960784e+02
1.960784e+02
1.960784e+02
1.960784e+02
1.960784e+02
1.960784e+02
1.960784e+02
1.960784e+02
1.960784e+02
1.960784e+02
1.960784e+02
1.960784e+02
1.960784e+02
1.960784e+02
1.960784e+02
1.960784e+02
1.960784e+02
1.960784e+02
1.960784e+02
1.960784e+02
1.960784e+02
1.960784e+02
1.960784e+02
1.960784e+02
1.960784e+02
1.960784e+02
1.960784e+02
1.960784e+02
1.960784e+02
1.960784e+02
1.960784e+02
1.960784e+02
1.960784e+02
1.960784e+02
1.960784e+02
1.960784e+02
1.960784e+02
1.960784e+02
1.960784e+02
1.960784e+02
1.960784e+02
1.960784e+02
1.960784e+02
1.960784e+02
1.960784e+02
1.960784e+02
1.960784e+02
1.960784e+02
1.960784e+02
1.960784e+02
1.960784e+02
1.960784e+02
1.960784e+02
1.960784e+02
1.960784e+02
1.960784e+02
1.960784e+02
1.960784e+02
1.960784e+02
1.960784e+02
1.960784e+02
1.960784e+02
1.960784e+02
1.960784e+02
1.960784e+02
1.960784e+02
1.960784e+02
1.960784e+02
1.960784e+02
1.960784e+02
1.960784e+02
1.960784e+02
1.960784e+02
1.960784e+02
1.960784e+02
1.960784e+02
1.960784e+02
1.960784e+02
1.960784e+02
1.960784e+02
1.960784e+02
1.960784e+02
1.960784e+02
1.960784e+02
1.960784e+02
1.960784e+02
1.960784e+02
1.960784e+02
1.960784e+02
1.960784e+02
1.960784e+02
1.960784e+02
1.960784e+02
1.960784e+02
1.960784e+02
1.960784e+02
1.960784e+02
1.960784e+02
1.960784e+02
1.960784e+02
1.960784e+02
1.960784e+02
1.960784e+02
1.960784e+02
1.960784e+02
1.960784e+02
1.960784e+02
1.960784e+02
1.960784e+02
1.960784e+02
1.960784e+02
1.960784e+02
1.960784e+02
1.960784e+02
1.960784e+02
1.960784e+02
1.960784e+02
1.960784e+02
1.960784e+02
1.960784e+02
1.960784e+02
1.960784e+02
1.960784e+02
1.960784e+02
1.960784e+02
1.960784e+02
1.960784e+02
1.960784e+02
1.960784e+02
1.960784e+02
1.960784e+02
1.960784e+02
1.960784e+02
1.960784e+02
1.960784e+02
1.960784e+02
1.960784e+02
1.960784e+02
1.960784e+02
1.960784e+02
1.960784e+02
1.960784e+02
1.960784e+02
1.960784e+02
1.960784e+02
1.960784e+02
1.960784e+02
1.960784e+02
1.960784e+02
1.960784e+02
1.960784e+02
1.960784e+02
1.960784e+02
1.960784e+02
1.960784e+02
1.960784e+02
1.960784e+02
1.960784e+02
1.960784e+02
1.960784e+02
1.960784e+02
1.960784e+02
1.960784e+02
1.960784e+02
1.960784e+02
1.960784e+02
1.960784e+02
1.960784e+02
1.960784e+02
1.960784e+02
1.960784e+02
1.960784e+02
1.960784e+02
1.960784e+02
1.960784e+02
1.960784e+02
1.960784e+02
1.960784e+02
1.960784e+02
1.960784e+02
1.960784e+02
1.960784e+02
1.960784e+02
1.960784e+02
1.960784e+02
1.960784e+02
1.960784e+02
1.960784e+02
1.960784e+02
1.960784e+02
1.960784e+02
1.960784e+02
1.960784e+02
1.960784e+02
1.960784e+02
1.960784e+02
1.960784e+02
1.960784e+02
1.960784e+02
1.960784e+02
1.960784e+02
1.960784e+02
1.960784e+02
1.960784e+02
1.960784e+02
1.960784e+02
1.960784e+02
1.960784e+02
1.960784e+02
1.960784e+02
1.960784e+02
1.960784e+02
1.960784e+02
1.960784e+02
1.960784e+02
1.960784e+02
1.960784e+02
1.960784e+02
1.960784e+02
1.960784e+02
1.960784e+02
1.960784e+02
1.960784e+02
1.960784e+02
1.960784e+02
1.960784e+02
1.960784e+02
1.960784e+02
1.960784e+02
1.960784e+02
1.960784e+02
1.960784e+02
1.960784e+02
1.960784e+02
1.960784e+02
1.960784e+02
1.960784e+02
1.960784e+02
1.960784e+02
1.960784e+02
1.960784e+02
1.960784e+02
1.960784e+02
1.960784e+02
1.960784e+02
1.960784e+02
1.960784e+02
1.960784e+02
1.960784e+02
1.960784e+02
1.960784e+02
1.960784e+02
1.960784e+02
1.960784e+02
1.960784e+02
1.960784e+02
1.960784e+02
1.960784e+02
1.960784e+02
1.960784e+02
1.960784e+02
1.960784e+02
1.960784e+02
1.960784e+02
1.960784e+02
1.960784e+02
1.960784e+02
1.960784e+02
1.960784e+02
1.960784e+02
1.960784e+02
1.960784e+02
1.960784e+02
1.960784e+02
1.960784e+02
1.960784e+02
1.960784e+02
1.960784e+02
1.960784e+02
1.960784e+02
1.960784e+02
1.960784e+02
1.960784e+02
1.960784e+02
1.960784e+02
1.960784e+02
1.960784e+02
1.960784e+02
1.960784e+02
1.960784e+02
1.960784e+02
1.960784e+02
1.960784e+02
1.960784e+02
1.960784e+02
1.960784e+02
1.960784e+02
1.960784e+02
1.960784e+02
1.960784e+02
1.960784e+02
1.960784e+02
1.960784e+02
1.960784e+02
1.960784e+02
1.960784e+02
1.960784e+02
1.960784e+02
1.960784e+02
1.960784e+02
1.960784e+02
1.960784e+02
1.960784e+02
1.960784e+02
1.960784e+02
1.960784e+02
1.960784e+02
1.960784e+02
1.960784e+02
1.960784e+02
1.960784e+02
1.960784e+02
1.960784e+02
1.960784e+02
1.960784e+02
1.960784e+02
1.960784e+02
1.960784e+02
1.960784e+02
1.960784e+02
1.960784e+02
1.960784e+02
1.960784e+02
1.960784e+02
1.960784e+02
1.960784e+02
1.960784e+02
1.960784e+02
1.960784e+02
1.960784e+02
1.960784e+02
1.960784e+02
1.960784e+02
1.960784e+02
1.960784e+02
1.960784e+02
1.960784e+02
1.960784e+02
1.960784e+02
1.960784e+02
1.960784e+02
1.960784e+02
1.960784e+02
1.960784e+02
1.960784e+02
1.960784e+02
1.960784e+02
1.960784e+02
1.960784e+02
1.960784e+02
1.960784e+02
1.960784e+02
1.960784e+02
1.960784e+02
1.960784e+02
1.960784e+02
1.960784e+02
1.960784e+02
1.960784e+02
1.960784e+02
1.960784e+02
1.960784e+02
1.960784e+02
1.960784e+02
1.960784e+02
1.960784e+02
1.960784e+02
1.960784e+02
1.960784e+02
1.960784e+02
1.960784e+02
1.960784e+02
1.960784e+02
1.960784e+02
1.960784e+02
1.960784e+02
1.960784e+02
1.960784e+02
1.960784e+02
1.960784e+02
1.960784e+02
1.960784e+02
1.960784e+02
1.960784e+02
1.960784e+02
1.960784e+02
1.960784e+02
1.960784e+02
1.960784e+02
1.960784e+02
1.960784e+02
1.960784e+02
1.960784e+02
1.960784e+02
1.960784e+02
1.960784e+02
1.960784e+02
1.960784e+02
1.960784e+02
1.960784e+02
1.960784e+02
1.960784e+02
1.960784e+02
1.960784e+02
1.960784e+02
1.960784e+02
1.960784e+02
1.960784e+02
1.960784e+02
1.960784e+02
1.960784e+02
1.960784e+02
1.960784e+02
1.960784e+02
1.960784e+02
1.960784e+02
1.960784e+02
1.960784e+02
1.960784e+02
1.960784e+02
1.960784e+02
1.960784e+02
1.960784e+02
1.960784e+02
1.960784e+02
1.960784e+02
1.960784e+02
1.960784e+02
1.960784e+02
1.960784e+02
1.960784e+02
1.960784e+02
1.960784e+02
1.960784e+02
1.960784e+02
1.960784e+02
1.960784e+02
1.960784e+02
1.960784e+02
1.960784e+02
1.960784e+02
1.960784e+02
1.960784e+02
1.960784e+02
1.960784e+02
1.960784e+02
1.960784e+02
1.960784e+02
1.960784e+02
1.960784e+02
1.960784e+02
1.960784e+02
1.960784e+02
1.960784e+02
1.960784e+02
1.960784e+02
1.960784e+02
1.960784e+02
1.960784e+02
1.960784e+02
1.960784e+02
1.960784e+02
1.960784e+02
1.960784e+02
1.960784e+02
1.960784e+02
1.960784e+02
1.960784e+02
1.960784e+02
1.960784e+02
1.960784e+02
1.960784e+02
1.960784e+02
1.960784e+02
1.960784e+02
1.960784e+02
1.960784e+02
1.960784e+02
1.960784e+02
1.960784e+02
1.960784e+02
1.960784e+02
1.960784e+02
1.960784e+02
1.960784e+02
1.960784e+02
1.960784e+02
1.960784e+02
1.960784e+02
1.960784e+02
1.960784e+02
1.960784e+02
1.960784e+02
1.960784e+02
1.960784e+02
1.960784e+02
1.960784e+02
1.960784e+02
1.960784e+02
1.960784e+02
1.960784e+02
1.960784e+02
1.960784e+02
1.960784e+02
1.960784e+02
1.960784e+02
1.960784e+02
1.960784e+02
1.960784e+02
1.960784e+02
1.960784e+02
1.960784e+02
1.960784e+02
1.960784e+02
1.960784e+02
1.960784e+02
1.960784e+02
1.960784e+02
1.960784e+02
1.960784e+02
1.960784e+02
1.960784e+02
1.960784e+02
1.960784e+02
1.960784e+02
1.960784e+02
1.960784e+02
1.960784e+02
1.960784e+02
1.960784e+02
1.960784e+02
1.960784e+02
1.960784e+02
1.960784e+02
1.960784e+02
1.960784e+02
1.960784e+02
1.960784e+02
1.960784e+02
1.960784e+02
1.960784e+02
1.960784e+02
1.960784e+02
1.960784e+02
1.960784e+02
1.960784e+02
1.960784e+02
1.960784e+02
1.960784e+02
1.960784e+02
1.960784e+02
1.960784e+02
1.960784e+02
1.960784e+02
1.960784e+02
1.960784e+02
1.960784e+02
1.960784e+02
1.960784e+02
1.960784e+02
1.960784e+02
1.960784e+02
1.960784e+02
1.960784e+02
1.960784e+02
1.960784e+02
1.960784e+02
1.960784e+02
1.960784e+02
1.960784e+02
1.960784e+02
1.960784e+02
1.960784e+02
1.960784e+02
1.960784e+02
1.960784e+02
1.960784e+02
1.960784e+02
1.960784e+02
1.960784e+02
1.960784e+02
1.960784e+02
1.960784e+02
1.960784e+02
1.960784e+02
1.960784e+02
1.960784e+02
1.960784e+02
1.960784e+02
1.960784e+02
1.960784e+02
1.960784e+02
1.960784e+02
1.960784e+02
1.960784e+02
1.960784e+02
1.960784e+02
1.960784e+02
1.960784e+02
1.960784e+02
1.960784e+02
1.960784e+02
1.960784e+02
1.960784e+02
1.960784e+02
1.960784e+02
1.960784e+02
1.960784e+02
1.960784e+02
1.960784e+02
1.960784e+02
1.960784e+02
1.960784e+02
1.960784e+02
1.960784e+02
1.960784e+02
1.960784e+02
1.960784e+02
1.960784e+02
1.960784e+02
1.960784e+02
1.960784e+02
1.960784e+02
1.960784e+02
1.960784e+02
1.960784e+02
1.960784e+02
1.960784e+02
1.960784e+02
1.960784e+02
1.960784e+02
1.960784e+02
1.960784e+02
1.960784e+02
1.960784e+02
1.960784e+02
1.960784e+02
1.960784e+02
1.960784e+02
1.960784e+02
1.960784e+02
1.960784e+02
1.960784e+02
1.960784e+02
1.960784e+02
1.960784e+02
1.960784e+02
1.960784e+02
1.960784e+02
1.960784e+02
1.960784e+02
1.960784e+02
1.960784e+02
1.960784e+02
1.960784e+02
1.960784e+02
1.960784e+02
1.960784e+02
1.960784e+02
1.960784e+02
1.960784e+02
1.960784e+02
1.960784e+02
1.960784e+02
1.960784e+02
1.960784e+02
1.960784e+02
1.960784e+02
1.960784e+02
1.960784e+02
1.960784e+02
1.960784e+02
1.960784e+02
1.960784e+02
1.960784e+02
1.960784e+02
1.960784e+02
1.960784e+02
1.960784e+02
1.960784e+02
1.960784e+02
1.960784e+02
1.960784e+02
1.960784e+02
1.960784e+02
1.960784e+02
1.960784e+02
1.960784e+02
1.960784e+02
1.960784e+02
1.960784e+02
1.960784e+02
1.960784e+02
1.960784e+02
1.960784e+02
1.960784e+02
1.960784e+02
1.960784e+02
1.960784e+02
1.960784e+02
1.960784e+02
1.960784e+02
1.960784e+02
1.960784e+02
1.960784e+02
1.960784e+02
1.960784e+02
1.960784e+02
1.960784e+02
1.960784e+02
1.960784e+02
1.960784e+02
1.960784e+02
1.960784e+02
1.960784e+02
1.960784e+02
1.960784e+02
1.960784e+02
1.960784e+02
1.960784e+02
1.960784e+02
1.960784e+02
1.960784e+02
1.960784e+02
1.960784e+02
1.960784e+02
1.960784e+02
1.960784e+02
1.960784e+02
1.960784e+02
1.960784e+02
1.960784e+02
1.960784e+02
1.960784e+02
1.960784e+02
1.960784e+02
1.960784e+02
1.960784e+02
1.960784e+02
1.960784e+02
1.960784e+02
1.960784e+02
1.960784e+02
1.960784e+02
1.960784e+02
1.960784e+02
1.960784e+02
1.960784e+02
1.960784e+02
1.960784e+02
1.960784e+02
1.960784e+02
1.960784e+02
1.960784e+02
1.960784e+02
1.960784e+02
1.960784e+02
1.960784e+02
1.960784e+02
1.960784e+02
1.960784e+02
1.960784e+02
1.960784e+02
1.960784e+02
1.960784e+02
1.960784e+02
1.960784e+02
1.960784e+02
1.960784e+02
1.960784e+02
1.960784e+02
1.960784e+02
1.960784e+02
1.960784e+02
1.960784e+02
1.960784e+02
1.960784e+02
1.960784e+02
1.960784e+02
1.960784e+02
1.960784e+02
1.960784e+02
1.960784e+02
1.960784e+02
1.960784e+02
1.960784e+02
1.960784e+02
1.960784e+02
1.960784e+02
1.960784e+02
1.960784e+02
1.960784e+02
1.960784e+02
1.960784e+02
1.960784e+02
1.960784e+02
1.960784e+02
1.960784e+02
1.960784e+02
1.960784e+02
1.960784e+02
1.960784e+02
1.960784e+02
1.960784e+02
1.960784e+02
1.960784e+02
1.960784e+02
1.960784e+02
1.960784e+02
1.960784e+02
1.960784e+02
1.960784e+02
1.960784e+02
1.960784e+02
1.960784e+02
1.960784e+02
1.960784e+02
1.960784e+02
1.960784e+02
1.960784e+02
1.960784e+02
1.960784e+02
1.960784e+02
1.960784e+02
1.960784e+02
1.960784e+02
1.960784e+02
1.960784e+02
1.960784e+02
1.960784e+02
1.960784e+02
1.960784e+02
1.960784e+02
1.960784e+02
1.960784e+02
1.960784e+02
1.960784e+02
1.960784e+02
1.960784e+02
1.960784e+02
1.960784e+02
1.960784e+02
1.960784e+02
1.960784e+02
1.960784e+02
1.960784e+02
1.960784e+02
1.960784e+02
1.960784e+02
1.960784e+02
1.960784e+02
1.960784e+02
1.960784e+02
1.960784e+02
1.960784e+02
1.960784e+02
1.960784e+02
1.960784e+02
1.960784e+02
1.960784e+02
1.960784e+02
1.960784e+02
1.960784e+02
1.960784e+02
1.960784e+02
1.960784e+02
1.960784e+02
1.960784e+02
1.960784e+02
1.960784e+02
1.960784e+02
1.960784e+02
1.960784e+02
1.960784e+02
1.960784e+02
1.960784e+02
1.960784e+02
1.960784e+02
1.960784e+02
1.960784e+02
1.960784e+02
1.960784e+02
1.960784e+02
1.960784e+02
1.960784e+02
1.960784e+02
1.960784e+02
1.960784e+02
1.960784e+02
1.960784e+02
1.960784e+02
1.960784e+02
1.960784e+02
1.960784e+02
1.960784e+02
1.960784e+02
1.960784e+02
1.960784e+02
1.960784e+02
1.960784e+02
1.960784e+02
1.960784e+02
1.960784e+02
1.960784e+02
1.960784e+02
1.960784e+02
1.960784e+02
1.960784e+02
1.960784e+02
1.960784e+02
1.960784e+02
1.960784e+02
1.960784e+02
1.960784e+02
1.960784e+02
1.960784e+02
1.960784e+02
1.960784e+02
1.960784e+02
1.960784e+02
1.960784e+02
1.960784e+02
1.960784e+02
1.960784e+02
1.960784e+02
1.960784e+02
1.960784e+02
1.960784e+02
1.960784e+02
1.960784e+02
1.960784e+02
1.960784e+02
1.960784e+02
1.960784e+02
1.960784e+02
1.960784e+02
1.960784e+02
1.960784e+02
1.960784e+02
1.960784e+02
1.960784e+02
1.960784e+02
1.960784e+02
1.960784e+02
1.960784e+02
1.960784e+02
1.960784e+02
1.960784e+02
1.960784e+02
1.960784e+02
1.960784e+02
1.960784e+02
1.960784e+02
1.960784e+02
1.960784e+02
1.960784e+02
1.960784e+02
1.960784e+02
1.960784e+02
1.960784e+02
1.960784e+02
1.960784e+02
1.960784e+02
1.960784e+02
1.960784e+02
1.960784e+02
1.960784e+02
1.960784e+02
1.960784e+02
1.960784e+02
1.960784e+02
1.960784e+02
1.960784e+02
1.960784e+02
1.960784e+02
1.960784e+02
1.960784e+02
1.960784e+02
1.960784e+02
1.960784e+02
1.960784e+02
1.960784e+02
1.960784e+02
1.960784e+02
1.960784e+02
1.960784e+02
1.960784e+02
1.960784e+02
1.960784e+02
1.960784e+02
1.960784e+02
1.960784e+02
1.960784e+02
1.960784e+02
1.960784e+02
1.960784e+02
1.960784e+02
1.960784e+02
1.960784e+02
1.960784e+02
1.960784e+02
1.960784e+02
1.960784e+02
1.960784e+02
1.960784e+02
1.960784e+02
1.960784e+02
1.960784e+02
1.960784e+02
1.960784e+02
1.960784e+02
1.960784e+02
1.960784e+02
1.960784e+02
1.960784e+02
1.960784e+02
1.960784e+02
1.960784e+02
1.960784e+02
1.960784e+02
1.960784e+02
1.960784e+02
1.960784e+02
1.960784e+02
1.960784e+02
1.960784e+02
1.960784e+02
1.960784e+02
1.960784e+02
1.960784e+02
1.960784e+02
1.960784e+02
1.960784e+02
1.960784e+02
1.960784e+02
1.960784e+02
1.960784e+02
1.960784e+02
1.960784e+02
1.960784e+02
1.960784e+02
1.960784e+02
1.960784e+02
1.960784e+02
1.960784e+02
1.960784e+02
1.960784e+02
1.960784e+02
1.960784e+02
1.960784e+02
1.960784e+02
1.960784e+02
1.960784e+02
1.960784e+02
1.960784e+02
1.960784e+02
1.960784e+02
1.960784e+02
1.960784e+02
1.960784e+02
1.960784e+02
1.960784e+02
1.960784e+02
1.960784e+02
1.960784e+02
1.960784e+02
1.960784e+02
1.960784e+02
1.960784e+02
1.960784e+02
1.960784e+02
1.960784e+02
1.960784e+02
1.960784e+02
1.960784e+02
1.960784e+02
1.960784e+02
1.960784e+02
1.960784e+02
1.960784e+02
1.960784e+02
1.960784e+02
1.960784e+02
1.960784e+02
1.960784e+02
1.960784e+02
1.960784e+02
1.960784e+02
1.960784e+02
1.960784e+02
1.960784e+02
1.960784e+02
1.960784e+02
1.960784e+02
1.960784e+02
1.960784e+02
1.960784e+02
1.960784e+02
1.960784e+02
1.960784e+02
1.960784e+02
1.960784e+02
1.960784e+02
1.960784e+02
1.960784e+02
1.960784e+02
1.960784e+02
1.960784e+02
1.960784e+02
1.960784e+02
1.960784e+02
1.960784e+02
1.960784e+02
1.960784e+02
1.960784e+02
1.960784e+02
1.960784e+02
1.960784e+02
1.960784e+02
1.960784e+02
1.960784e+02
1.960784e+02
1.960784e+02
1.960784e+02
1.960784e+02
1.960784e+02
1.960784e+02
1.960784e+02
1.960784e+02
1.960784e+02
1.960784e+02
1.960784e+02
1.960784e+02
1.960784e+02
1.960784e+02
1.960784e+02
1.960784e+02
1.960784e+02
1.960784e+02
1.960784e+02
1.960784e+02
1.960784e+02
1.960784e+02
1.960784e+02
1.960784e+02
1.960784e+02
1.960784e+02
1.960784e+02
1.960784e+02
1.960784e+02
1.960784e+02
1.960784e+02
1.960784e+02
1.960784e+02
1.960784e+02
1.960784e+02
1.960784e+02
1.960784e+02
1.960784e+02
1.960784e+02
1.960784e+02
1.960784e+02
1.960784e+02
1.960784e+02
1.960784e+02
1.960784e+02
1.960784e+02
1.960784e+02
1.960784e+02
1.960784e+02
1.960784e+02
1.960784e+02
1.960784e+02
1.960784e+02
1.960784e+02
1.960784e+02
1.960784e+02
1.960784e+02
1.960784e+02
1.960784e+02
1.960784e+02
1.960784e+02
1.960784e+02
1.960784e+02
1.960784e+02
1.960784e+02
1.960784e+02
1.960784e+02
1.960784e+02
1.960784e+02
1.960784e+02
1.960784e+02
1.960784e+02
1.960784e+02
1.960784e+02
1.960784e+02
1.960784e+02
1.960784e+02
1.960784e+02
1.960784e+02
1.960784e+02
1.960784e+02
1.960784e+02
1.960784e+02
1.960784e+02
1.960784e+02
1.960784e+02
1.960784e+02
1.960784e+02
1.960784e+02
1.960784e+02
1.960784e+02
1.960784e+02
1.960784e+02
1.960784e+02
1.960784e+02
1.960784e+02
1.960784e+02
1.960784e+02
1.960784e+02
1.960784e+02
1.960784e+02
1.960784e+02
1.960784e+02
1.960784e+02
1.960784e+02
1.960784e+02
1.960784e+02
1.960784e+02
1.960784e+02
1.960784e+02
1.960784e+02
1.960784e+02
1.960784e+02
1.960784e+02
1.960784e+02
1.960784e+02
1.960784e+02
1.960784e+02
1.960784e+02
1.960784e+02
1.960784e+02
1.960784e+02
1.960784e+02
1.960784e+02
1.960784e+02
1.960784e+02
1.960784e+02
1.960784e+02
1.960784e+02
1.960784e+02
1.960784e+02
1.960784e+02
1.960784e+02
1.960784e+02
1.960784e+02
1.960784e+02
1.960784e+02
1.960784e+02
1.960784e+02
1.960784e+02
1.960784e+02
1.960784e+02
1.960784e+02
1.960784e+02
1.960784e+02
1.960784e+02
1.960784e+02
1.960784e+02
1.960784e+02
1.960784e+02
1.960784e+02
1.960784e+02
1.960784e+02
1.960784e+02
1.960784e+02
1.960784e+02
1.960784e+02
1.960784e+02
1.960784e+02
1.960784e+02
1.960784e+02
1.960784e+02
1.960784e+02
1.960784e+02
1.960784e+02
1.960784e+02
1.960784e+02
1.960784e+02
1.960784e+02
1.960784e+02
1.960784e+02
1.960784e+02
1.960784e+02
1.960784e+02
1.960784e+02
1.960784e+02
1.960784e+02
1.960784e+02
1.960784e+02
1.960784e+02
1.960784e+02
1.960784e+02
1.960784e+02
1.960784e+02
1.960784e+02
1.960784e+02
1.960784e+02
1.960784e+02
1.960784e+02
1.960784e+02
1.960784e+02
1.960784e+02
1.960784e+02
1.960784e+02
1.960784e+02
1.960784e+02
1.960784e+02
1.960784e+02
1.960784e+02
1.960784e+02
1.960784e+02
1.960784e+02
1.960784e+02
1.960784e+02
1.960784e+02
1.960784e+02
1.960784e+02
1.960784e+02
1.960784e+02
1.960784e+02
1.960784e+02
1.960784e+02
1.960784e+02
1.960784e+02
1.960784e+02
1.960784e+02
1.960784e+02
1.960784e+02
1.960784e+02
1.960784e+02
1.960784e+02
1.960784e+02
1.960784e+02
1.960784e+02
1.960784e+02
1.960784e+02
1.960784e+02
1.960784e+02
1.960784e+02
1.960784e+02
1.960784e+02
1.960784e+02
1.960784e+02
1.960784e+02
1.960784e+02
1.960784e+02
1.960784e+02
1.960784e+02
1.960784e+02
1.960784e+02
1.960784e+02
1.960784e+02
1.960784e+02
1.960784e+02
1.960784e+02
1.960784e+02
1.960784e+02
1.960784e+02
1.960784e+02
1.960784e+02
1.960784e+02
1.960784e+02
1.960784e+02
1.960784e+02
1.960784e+02
1.960784e+02
1.960784e+02
1.960784e+02
1.960784e+02
1.960784e+02
1.960784e+02
1.960784e+02
1.960784e+02
1.960784e+02
1.960784e+02
1.960784e+02
1.960784e+02
1.960784e+02
1.960784e+02
1.960784e+02
1.960784e+02
1.960784e+02
1.960784e+02
1.960784e+02
1.960784e+02
1.960784e+02
1.960784e+02
1.960784e+02
1.960784e+02
1.960784e+02
1.960784e+02
1.960784e+02
1.960784e+02
1.960784e+02
1.960784e+02
1.960784e+02
1.960784e+02
1.960784e+02
1.960784e+02
1.960784e+02
1.960784e+02
1.960784e+02
1.960784e+02
1.960784e+02
1.960784e+02
1.960784e+02
1.960784e+02
1.960784e+02
1.960784e+02
1.960784e+02
1.960784e+02
1.960784e+02
1.960784e+02
1.960784e+02
1.960784e+02
1.960784e+02
1.960784e+02
1.960784e+02
1.960784e+02
1.960784e+02
1.960784e+02
1.960784e+02
1.960784e+02
1.960784e+02
1.960784e+02
1.960784e+02
1.960784e+02
1.960784e+02
1.960784e+02
1.960784e+02
1.960784e+02
1.960784e+02
1.960784e+02
1.960784e+02
1.960784e+02
1.960784e+02
1.960784e+02
1.960784e+02
1.960784e+02
1.960784e+02
1.960784e+02
1.960784e+02
1.960784e+02
1.960784e+02
1.960784e+02
1.960784e+02
1.960784e+02
1.960784e+02
1.960784e+02
1.960784e+02
1.960784e+02
1.960784e+02
1.960784e+02
1.960784e+02
1.960784e+02
1.960784e+02
1.960784e+02
1.960784e+02
1.960784e+02
1.960784e+02
1.960784e+02
1.960784e+02
1.960784e+02
1.960784e+02
1.960784e+02
1.960784e+02
1.960784e+02
1.960784e+02
1.960784e+02
1.960784e+02
1.960784e+02
1.960784e+02
1.960784e+02
1.960784e+02
1.960784e+02
1.960784e+02
1.960784e+02
1.960784e+02
1.960784e+02
1.960784e+02
1.960784e+02
1.960784e+02
1.960784e+02
1.960784e+02
1.960784e+02
1.960784e+02
1.960784e+02
1.960784e+02
1.960784e+02
1.960784e+02
1.960784e+02
1.960784e+02
1.960784e+02
1.960784e+02
1.960784e+02
1.960784e+02
1.960784e+02
1.960784e+02
1.960784e+02
1.960784e+02
1.960784e+02
1.960784e+02
1.960784e+02
1.960784e+02
1.960784e+02
1.960784e+02
1.960784e+02
1.960784e+02
1.960784e+02
1.960784e+02
1.960784e+02
1.960784e+02
1.960784e+02
1.960784e+02
1.960784e+02
1.960784e+02
1.960784e+02
1.960784e+02
1.960784e+02
1.960784e+02
1.960784e+02
1.960784e+02
1.960784e+02
1.960784e+02
1.960784e+02
1.960784e+02
1.960784e+02
1.960784e+02
1.960784e+02
1.960784e+02
1.960784e+02
1.960784e+02
1.960784e+02
1.960784e+02
1.960784e+02
1.960784e+02
1.960784e+02
1.960784e+02
1.960784e+02
1.960784e+02
1.960784e+02
1.960784e+02
1.960784e+02
1.960784e+02
1.960784e+02
1.960784e+02
1.960784e+02
1.960784e+02
1.960784e+02
1.960784e+02
1.960784e+02
1.960784e+02
1.960784e+02
1.960784e+02
1.960784e+02
1.960784e+02
1.960784e+02
1.960784e+02
1.960784e+02
1.960784e+02
1.960784e+02
1.960784e+02
1.960784e+02
1.960784e+02
1.960784e+02
1.960784e+02
1.960784e+02
1.960784e+02
1.960784e+02
1.960784e+02
1.960784e+02
1.960784e+02
1.960784e+02
1.960784e+02
1.960784e+02
1.960784e+02
1.960784e+02
1.960784e+02
1.960784e+02
1.960784e+02
1.960784e+02
1.960784e+02
1.960784e+02
1.960784e+02
1.960784e+02
1.960784e+02
1.960784e+02
1.960784e+02
1.960784e+02
1.960784e+02
1.960784e+02
1.960784e+02
1.960784e+02
1.960784e+02
1.960784e+02
1.960784e+02
1.960784e+02
1.960784e+02
1.960784e+02
1.960784e+02
1.960784e+02
1.960784e+02
1.960784e+02
1.960784e+02
1.960784e+02
1.960784e+02
1.960784e+02
1.960784e+02
1.960784e+02
1.960784e+02
1.960784e+02
1.960784e+02
1.960784e+02
1.960784e+02
1.960784e+02
1.960784e+02
1.960784e+02
1.960784e+02
1.960784e+02
1.960784e+02
1.960784e+02
1.960784e+02
1.960784e+02
1.960784e+02
1.960784e+02
1.960784e+02
1.960784e+02
1.960784e+02
1.960784e+02
1.960784e+02
1.960784e+02
1.960784e+02
1.960784e+02
1.960784e+02
1.960784e+02
1.960784e+02
1.960784e+02
1.960784e+02
1.960784e+02
1.960784e+02
1.960784e+02
1.960784e+02
1.960784e+02
1.960784e+02
1.960784e+02
1.960784e+02
1.960784e+02
1.960784e+02
1.960784e+02
1.960784e+02
1.960784e+02
1.960784e+02
1.960784e+02
1.960784e+02
1.960784e+02
1.960784e+02
1.960784e+02
1.960784e+02
1.960784e+02
1.960784e+02
1.960784e+02
1.960784e+02
1.960784e+02
1.960784e+02
1.960784e+02
1.960784e+02
1.960784e+02
1.960784e+02
1.960784e+02
1.960784e+02
1.960784e+02
1.960784e+02
1.960784e+02
1.960784e+02
1.960784e+02
1.960784e+02
1.960784e+02
1.960784e+02
1.960784e+02
1.960784e+02
1.960784e+02
1.960784e+02
1.960784e+02
1.960784e+02
1.960784e+02
1.960784e+02
1.960784e+02
1.960784e+02
1.960784e+02
1.960784e+02
1.960784e+02
1.960784e+02
1.960784e+02
1.960784e+02
1.960784e+02
1.960784e+02
1.960784e+02
1.960784e+02
1.960784e+02
1.960784e+02
1.960784e+02
1.960784e+02
1.960784e+02
1.960784e+02
1.960784e+02
1.960784e+02
1.960784e+02
1.960784e+02
1.960784e+02
1.960784e+02
1.960784e+02
1.960784e+02
1.960784e+02
1.960784e+02
1.960784e+02
1.960784e+02
1.960784e+02
1.960784e+02
1.960784e+02
1.960784e+02
1.960784e+02
1.960784e+02
1.960784e+02
1.960784e+02
1.960784e+02
1.960784e+02
1.960784e+02
1.960784e+02
1.960784e+02
1.960784e+02
1.960784e+02
1.960784e+02
1.960784e+02
1.960784e+02
1.960784e+02
1.960784e+02
1.960784e+02
1.960784e+02
1.960784e+02
1.960784e+02
1.960784e+02
1.960784e+02
1.960784e+02
1.960784e+02
1.960784e+02
1.960784e+02
1.960784e+02
1.960784e+02
1.960784e+02
1.960784e+02
1.960784e+02
1.960784e+02
1.960784e+02
1.960784e+02
1.960784e+02
1.960784e+02
1.960784e+02
1.960784e+02
1.960784e+02
1.960784e+02
1.960784e+02
1.960784e+02
1.960784e+02
1.960784e+02
1.960784e+02
1.960784e+02
1.960784e+02
1.960784e+02
1.960784e+02
1.960784e+02
1.960784e+02
1.960784e+02
1.960784e+02
1.960784e+02
1.960784e+02
1.960784e+02
1.960784e+02
1.960784e+02
1.960784e+02
1.960784e+02
1.960784e+02
1.960784e+02
1.960784e+02
1.960784e+02
1.960784e+02
1.960784e+02
1.960784e+02
1.960784e+02
1.960784e+02
1.960784e+02
1.960784e+02
1.960784e+02
1.960784e+02
1.960784e+02
1.960784e+02
1.960784e+02
1.960784e+02
1.960784e+02
1.960784e+02
1.960784e+02
1.960784e+02
1.960784e+02
1.960784e+02
1.960784e+02
1.960784e+02
1.960784e+02
1.960784e+02
1.960784e+02
1.960784e+02
1.960784e+02
1.960784e+02
1.960784e+02
1.960784e+02
1.960784e+02
1.960784e+02
1.960784e+02
1.960784e+02
1.960784e+02
1.960784e+02
1.960784e+02
1.960784e+02
1.960784e+02
1.960784e+02
1.960784e+02
1.960784e+02
1.960784e+02
1.960784e+02
1.960784e+02
1.960784e+02
1.960784e+02
1.960784e+02
1.960784e+02
1.960784e+02
1.960784e+02
1.960784e+02
1.960784e+02
1.960784e+02
1.960784e+02
1.960784e+02
1.960784e+02
1.960784e+02
1.960784e+02
1.960784e+02
1.960784e+02
1.960784e+02
1.960784e+02
1.960784e+02
1.960784e+02
1.960784e+02
1.960784e+02
1.960784e+02
1.960784e+02
1.960784e+02
1.960784e+02
1.960784e+02
1.960784e+02
1.960784e+02
1.960784e+02
1.960784e+02
1.960784e+02
1.960784e+02
1.960784e+02
1.960784e+02
1.960784e+02
1.960784e+02
1.960784e+02
1.960784e+02
1.960784e+02
1.960784e+02
1.960784e+02
1.960784e+02
1.960784e+02
1.960784e+02
1.960784e+02
1.960784e+02
1.960784e+02
1.960784e+02
1.960784e+02
1.960784e+02
1.960784e+02
1.960784e+02
1.960784e+02
1.960784e+02
1.960784e+02
1.960784e+02
1.960784e+02
1.960784e+02
1.960784e+02
1.960784e+02
1.960784e+02
1.960784e+02
1.960784e+02
1.960784e+02
1.960784e+02
1.960784e+02
1.960784e+02
1.960784e+02
1.960784e+02
1.960784e+02
1.960784e+02
1.960784e+02
1.960784e+02
1.960784e+02
1.960784e+02
1.960784e+02
1.960784e+02
1.960784e+02
1.960784e+02
1.960784e+02
1.960784e+02
1.960784e+02
1.960784e+02
1.960784e+02
1.960784e+02
1.960784e+02
1.960784e+02
1.960784e+02
1.960784e+02
1.960784e+02
1.960784e+02
1.960784e+02
1.960784e+02
1.960784e+02
1.960784e+02
1.960784e+02
1.960784e+02
1.960784e+02
1.960784e+02
1.960784e+02
1.960784e+02
1.960784e+02
1.960784e+02
1.960784e+02
1.960784e+02
1.960784e+02
1.960784e+02
1.960784e+02
1.960784e+02
1.960784e+02
1.960784e+02
1.960784e+02
1.960784e+02
1.960784e+02
1.960784e+02
1.960784e+02
1.960784e+02
1.960784e+02
1.960784e+02
1.960784e+02
1.960784e+02
1.960784e+02
1.960784e+02
1.960784e+02
1.960784e+02
1.960784e+02
1.960784e+02
1.960784e+02
1.960784e+02
1.960784e+02
1.960784e+02
1.960784e+02
1.960784e+02
1.960784e+02
1.960784e+02
1.960784e+02
1.960784e+02
1.960784e+02
1.960784e+02
1.960784e+02
1.960784e+02
1.960784e+02
1.960784e+02
1.960784e+02
1.960784e+02
1.960784e+02
1.960784e+02
1.960784e+02
1.960784e+02
1.960784e+02
1.960784e+02
1.960784e+02
1.960784e+02
1.960784e+02
1.960784e+02
1.960784e+02
1.960784e+02
1.960784e+02
1.960784e+02
1.960784e+02
1.960784e+02
1.960784e+02
1.960784e+02
1.960784e+02
1.960784e+02
1.960784e+02
1.960784e+02
1.960784e+02
1.960784e+02
1.960784e+02
1.960784e+02
1.960784e+02
1.960784e+02
1.960784e+02
1.960784e+02
1.960784e+02
1.960784e+02
1.960784e+02
1.960784e+02
1.960784e+02
1.960784e+02
1.960784e+02
1.960784e+02
1.960784e+02
1.960784e+02
1.960784e+02
1.960784e+02
1.960784e+02
1.960784e+02
1.960784e+02
1.960784e+02
1.960784e+02
1.960784e+02
1.960784e+02
1.960784e+02
1.960784e+02
1.960784e+02
1.960784e+02
1.960784e+02
1.960784e+02
1.960784e+02
1.960784e+02
1.960784e+02
1.960784e+02
1.960784e+02
1.960784e+02
1.960784e+02
1.960784e+02
1.960784e+02
1.960784e+02
1.960784e+02
1.960784e+02
1.960784e+02
1.960784e+02
1.960784e+02
1.960784e+02
1.960784e+02
1.960784e+02
1.960784e+02
1.960784e+02
1.960784e+02
1.960784e+02
1.960784e+02
1.960784e+02
1.960784e+02
1.960784e+02
1.960784e+02
1.960784e+02
1.960784e+02
1.960784e+02
1.960784e+02
1.960784e+02
1.960784e+02
1.960784e+02
1.960784e+02
1.960784e+02
1.960784e+02
1.960784e+02
1.960784e+02
1.960784e+02
1.960784e+02
1.960784e+02
1.960784e+02
1.960784e+02
1.960784e+02
1.960784e+02
1.960784e+02
1.960784e+02
1.960784e+02
1.960784e+02
1.960784e+02
1.960784e+02
1.960784e+02
1.960784e+02
1.960784e+02
1.960784e+02
1.960784e+02
1.960784e+02
1.960784e+02
1.960784e+02
1.960784e+02
1.960784e+02
1.960784e+02
1.960784e+02
1.960784e+02
1.960784e+02
1.960784e+02
1.960784e+02
1.960784e+02
1.960784e+02
1.960784e+02
1.960784e+02
1.960784e+02
1.960784e+02
1.960784e+02
1.960784e+02
1.960784e+02
1.960784e+02
1.960784e+02
1.960784e+02
1.960784e+02
1.960784e+02
1.960784e+02
1.960784e+02
1.960784e+02
1.960784e+02
1.960784e+02
1.960784e+02
1.960784e+02
1.960784e+02
1.960784e+02
1.960784e+02
1.960784e+02
1.960784e+02
1.960784e+02
1.960784e+02
1.960784e+02
1.960784e+02
1.960784e+02
1.960784e+02
1.960784e+02
1.960784e+02
1.960784e+02
1.960784e+02
1.960784e+02
1.960784e+02
1.960784e+02
1.960784e+02
1.960784e+02
1.960784e+02
1.960784e+02
1.960784e+02
1.960784e+02
1.960784e+02
1.960784e+02
1.960784e+02
1.960784e+02
1.960784e+02
1.960784e+02
1.960784e+02
1.960784e+02
1.960784e+02
1.960784e+02
1.960784e+02
1.960784e+02
1.960784e+02
1.960784e+02
1.960784e+02
1.960784e+02
1.960784e+02
1.960784e+02
1.960784e+02
1.960784e+02
1.960784e+02
1.960784e+02
1.960784e+02
1.960784e+02
1.960784e+02
1.960784e+02
1.960784e+02
1.960784e+02
1.960784e+02
1.960784e+02
1.960784e+02
1.960784e+02
1.960784e+02
1.960784e+02
1.960784e+02
1.960784e+02
1.960784e+02
1.960784e+02
1.960784e+02
1.960784e+02
1.960784e+02
1.960784e+02
1.960784e+02
1.960784e+02
1.960784e+02
1.960784e+02
1.960784e+02
1.960784e+02
1.960784e+02
1.960784e+02
1.960784e+02
1.960784e+02
1.960784e+02
1.960784e+02
1.960784e+02
1.960784e+02
1.960784e+02
1.960784e+02
1.960784e+02
1.960784e+02
1.960784e+02
1.960784e+02
1.960784e+02
1.960784e+02
1.960784e+02
1.960784e+02
1.960784e+02
1.960784e+02
1.960784e+02
1.960784e+02
1.960784e+02
1.960784e+02
1.960784e+02
1.960784e+02
1.960784e+02
1.960784e+02
1.960784e+02
1.960784e+02
1.960784e+02
1.960784e+02
1.960784e+02
1.960784e+02
1.960784e+02
1.960784e+02
1.960784e+02
1.960784e+02
1.960784e+02
1.960784e+02
1.960784e+02
1.960784e+02
1.960784e+02
1.960784e+02
1.960784e+02
1.960784e+02
1.960784e+02
1.960784e+02
1.960784e+02
1.960784e+02
1.960784e+02
1.960784e+02
1.960784e+02
1.960784e+02
1.960784e+02
1.960784e+02
1.960784e+02
1.960784e+02
1.960784e+02
1.960784e+02
1.960784e+02
1.960784e+02
1.960784e+02
1.960784e+02
1.960784e+02
1.960784e+02
1.960784e+02
1.960784e+02
1.960784e+02
1.960784e+02
1.960784e+02
1.960784e+02
1.960784e+02
1.960784e+02
1.960784e+02
1.960784e+02
1.960784e+02
1.960784e+02
1.960784e+02
1.960784e+02
1.960784e+02
1.960784e+02
1.960784e+02
1.960784e+02
1.960784e+02
1.960784e+02
1.960784e+02
1.960784e+02
1.960784e+02
1.960784e+02
1.960784e+02
1.960784e+02
1.960784e+02
1.960784e+02
1.960784e+02
1.960784e+02
1.960784e+02
1.960784e+02
1.960784e+02
1.960784e+02
1.960784e+02
1.960784e+02
1.960784e+02
1.960784e+02
1.960784e+02
1.960784e+02
1.960784e+02
1.960784e+02
1.960784e+02
1.960784e+02
1.960784e+02
1.960784e+02
1.960784e+02
1.960784e+02
1.960784e+02
1.960784e+02
1.960784e+02
1.960784e+02
1.960784e+02
1.960784e+02
1.960784e+02
1.960784e+02
1.960784e+02
1.960784e+02
1.960784e+02
1.960784e+02
1.960784e+02
1.960784e+02
1.960784e+02
1.960784e+02
1.960784e+02
VECTORS Burgers FLOAT
0.0 0.0 0.0
-7.07106781e-01 -7.07106781e-01 -0.00000000e+00
-7.07106781e-01 -7.07106781e-01 -0.00000000e+00
-7.07106781e-01 -7.07106781e-01 -0.00000000e+00
-7.07106781e-01 -7.07106781e-01 -0.00000000e+00
-7.07106781e-01 -7.07106781e-01 -0.00000000e+00
-7.07106781e-01 -7.07106781e-01 -0.00000000e+00
-7.07106781e-01 -7.07106781e-01 -0.00000000e+00
-7.07106781e-01 -7.07106781e-01 -0.00000000e+00
-7.07106781e-01 -7.07106781e-01 -0.00000000e+00
-7.07106781e-01 -7.07106781e-01 -0.00000000e+00
-7.07106781e-01 -7.07106781e-01 -0.00000000e+00
-7.07106781e-01 -7.07106781e-01 -0.00000000e+00
-7.07106781e-01 -7.07106781e-01 -0.00000000e+00
-7.07106781e-01 -7.07106781e-01 -0.00000000e+00
-7.07106781e-01 -7.07106781e-01 -0.00000000e+00
-7.07106781e-01 -7.07106781e-01 -0.00000000e+00
7.07106781e-01 -7.07106781e-01 -0.00000000e+00
7.07106781e-01 -7.07106781e-01 -0.00000000e+00
7.07106781e-01 -7.07106781e-01 -0.00000000e+00
7.07106781e-01 -7.07106781e-01 -0.00000000e+00
7.07106781e-01 -7.07106781e-01 -0.00000000e+00
7.07106781e-01 -7.07106781e-01 -0.00000000e+00
7.07106781e-01 -7.07106781e-01 -0.00000000e+00
7.07106781e-01 -7.07106781e-01 -0.00000000e+00
7.07106781e-01 -7.07106781e-01 -0.00000000e+00
7.07106781e-01 -7.07106781e-01 -0.00000000e+00
7.07106781e-01 -7.07106781e-01 -0.00000000e+00
7.07106781e-01 -7.07106781e-01 -0.00000000e+00
7.07106781e-01 -7.07106781e-01 -0.00000000e+00
7.07106781e-01 -7.07106781e-01 -0.00000000e+00
7.07106781e-01 -7.07106781e-01 -0.00000000e+00
7.07106781e-01 -7.07106781e-01 -0.00000000e+00
-7.07106781e-01 -0.00000000e+00 -7.07106781e-01
-7.07106781e-01 -0.00000000e+00 -7.07106781e-01
-7.07106781e-01 -0.00000000e+00 -7.07106781e-01
-7.07106781e-01 -0.00000000e+00 -7.07106781e-01
-7.07106781e-01 -0.00000000e+00 -7.07106781e-01
-7.07106781e-01 -0.00000000e+00 -7.07106781e-01
-7.07106781e-01 -0.00000000e+00 -7.07106781e-01
-7.07106781e-01 -0.00000000e+00 -7.07106781e-01
-7.07106781e-01 -0.00000000e+00 -7.07106781e-01
-7.07106781e-01 -0.00000000e+00 -7.07106781e-01
-7.07106781e-01 -0.00000000e+00 -7.07106781e-01
-7.07106781e-01 -0.00000000e+00 -7.07106781e-01
-7.07106781e-01 -0.00000000e+00 -7.07106781e-01
-7.07106781e-01 -0.00000000e+00 -7.07106781e-01
-7.07106781e-01 -0.00000000e+00 -7.07106781e-01
-7.07106781e-01 -0.00000000e+00 -7.07106781e-01
7.07106781e-01 -0.00000000e+00 -7.07106781e-01
7.07106781e-01 -0.00000000e+00 -7.07106781e-01
7.07106781e-01 -0.00000000e+00 -7.07106781e-01
7.07106781e-01 -0.00000000e+00 -7.07106781e-01
7.07106781e-01 -0.00000000e+00 -7.07106781e-01
7.07106781e-01 -0.00000000e+00 -7.07106781e-01
7.07106781e-01 -0.00000000e+00 -7.07106781e-01
7.07106781e-01 -0.00000000e+00 -7.07106781e-01
7.07106781e-01 -0.00000000e+00 -7.07106781e-01
7.07106781e-01 -0.00000000e+00 -7.07106781e-01
7.07106781e-01 -0.00000000e+00 -7.07106781e-01
7.07106781e-01 -0.00000000e+00 -7.07106781e-01
7.07106781e-01 -0.00000000e+00 -7.07106781e-01
7.07106781e-01 -0.00000000e+00 -7.07106781e-01
7.07106781e-01 -0.00000000e+00 -7.07106781e-01
7.07106781e-01 -0.00000000e+00 -7.07106781e-01
-0.00000000e+00 -7.07106781e-01 -7.07106781e-01
-0.00000000e+00 -7.07106781e-01 -7.07106781e-01
-0.00000000e+00 -7.07106781e-01 -7.07106781e-01
-0.00000000e+00 -7.07106781e-01 -7.07106781e-01
-0.00000000e+00 -7.07106781e-01 -7.07106781e-01
-0.00000000e+00 -7.07106781e-01 -7.07106781e-01
-0.00000000e+00 -7.07106781e-01 -7.07106781e-01
-0.00000000e+00 -7.07106781e-01 -7.07106781e-01
-0.00000000e+00 -7.07106781e-01 -7.07106781e-01
-0.00000000e+00 -7.07106781e-01 -7.07106781e-01
-0.00000000e+00 -7.07106781e-01 -7.07106781e-01
-0.00000000e+00 -7.07106781e-01 -7.07106781e-01
-0.00000000e+00 -7.07106781e-01 -7.07106781e-01
-0.00000000e+00 -7.07106781e-01 -7.07106781e-01
-0.00000000e+00 -7.07106781e-01 -7.07106781e-01
-0.00000000e+00 -7.07106781e-01 -7.07106781e-01
-0.00000000e+00 7.07106781e-01 -7.07106781e-01
-0.00000000e+00 7.07106781e-01 -7.07106781e-01
-0.00000000e+00 7.07106781e-01 -7.07106781e-01
-0.00000000e+00 7.07106781e-01 -7.07106781e-01
-0.00000000e+00 7.07106781e-01 -7.07106781e-01
-0.00000000e+00 7.07106781e-01 -7.07106781e-01
-0.00000000e+00 7.07106781e-01 -7.07106781e-01
-0.00000000e+00 7.07106781e-01 -7.07106781e-01
-0.00000000e+00 7.07106781e-01 -7.07106781e-01
-0.00000000e+00 7.07106781e-01 -7.07106781e-01
-0.00000000e+00 7.07106781e-01 -7.07106781e-01
-0.00000000e+00 7.07106781e-01 -7.07106781e-01
-0.00000000e+00 7.07106781e-01 -7.07106781e-01
-0.00000000e+00 7.07106781e-01 -7.07106781e-01
-0.00000000e+00 7.07106781e-01 -7.07106781e-01
-0.00000000e+00 7.07106781e-01 -7.07106781e-01
-7.07106781e-01 -7.07106781e-01 -0.00000000e+00
-7.07106781e-01 -7.07106781e-01 -0.00000000e+00
-7.07106781e-01 -7.07106781e-01 -0.00000000e+00
-7.07106781e-01 -7.07106781e-01 -0.00000000e+00
-7.07106781e-01 -7.07106781e-01 -0.00000000e+00
-7.07106781e-01 -7.07106781e-01 -0.00000000e+00
-7.07106781e-01 -7.07106781e-01 -0.00000000e+00
-7.07106781e-01 -7.07106781e-01 -0.00000000e+00
-7.07106781e-01 -7.07106781e-01 -0.00000000e+00
-7.07106781e-01 -7.07106781e-01 -0.00000000e+00
-7.07106781e-01 -7.07106781e-01 -0.00000000e+00
-7.07106781e-01 -7.07106781e-01 -0.00000000e+00
-7.07106781e-01 -7.07106781e-01 -0.00000000e+00
-7.07106781e-01 -7.07106781e-01 -0.00000000e+00
-7.07106781e-01 -7.07106781e-01 -0.00000000e+00
-7.07106781e-01 -7.07106781e-01 -0.00000000e+00
7.07106781e-01 -7.07106781e-01 -0.00000000e+00
7.07106781e-01 -7.07106781e-01 -0.00000000e+00
7.07106781e-01 -7.07106781e-01 -0.00000000e+00
7.07106781e-01 -7.07106781e-01 -0.00000000e+00
7.07106781e-01 -7.07106781e-01 -0.00000000e+00
7.07106781e-01 -7.07106781e-01 -0.00000000e+00
7.07106781e-01 -7.07106781e-01 -0.00000000e+00
7.07106781e-01 -7.07106781e-01 -0.00000000e+00
7.07106781e-01 -7.07106781e-01 -0.00000000e+00
7.07106781e-01 -7.07106781e-01 -0.00000000e+00
7.07106781e-01 -7.07106781e-01 -0.00000000e+00
7.07106781e-01 -7.07106781e-01 -0.00000000e+00
7.07106781e-01 -7.07106781e-01 -0.00000000e+00
7.07106781e-01 -7.07106781e-01 -0.00000000e+00
7.07106781e-01 -7.07106781e-01 -0.00000000e+00
7.07106781e-01 -7.07106781e-01 -0.00000000e+00
-7.07106781e-01 -0.00000000e+00 -7.07106781e-01
-7.07106781e-01 -0.00000000e+00 -7.07106781e-01
-7.07106781e-01 -0.00000000e+00 -7.07106781e-01
-7.07106781e-01 -0.00000000e+00 -7.07106781e-01
-7.07106781e-01 -0.00000000e+00 -7.07106781e-01
-7.07106781e-01 -0.00000000e+00 -7.07106781e-01
-7.07106781e-01 -0.00000000e+00 -7.07106781e-01
-7.07106781e-01 -0.00000000e+00 -7.07106781e-01
-7.07106781e-01 -0.00000000e+00 -7.07106781e-01
-7.07106781e-01 -0.00000000e+00 -7.07106781e-01
-7.07106781e-01 -0.00000000e+00 -7.07106781e-01
-7.07106781e-01 -0.00000000e+00 -7.07106781e-01
-7.07106781e-01 -0.00000000e+00 -7.07106781e-01
-7.07106781e-01 -0.00000000e+00 -7.07106781e-01
-7.07106781e-01 -0.00000000e+00 -7.07106781e-01
-7.07106781e-01 -0.00000000e+00 -7.07106781e-01
7.07106781e-01 -0.00000000e+00 -7.07106781e-01
7.07106781e-01 -0.00000000e+00 -7.07106781e-01
7.07106781e-01 -0.00000000e+00 -7.07106781e-01
7.07106781e-01 -0.00000000e+00 -7.07106781e-01
7.07106781e-01 -0.00000000e+00 -7.07106781e-01
7.07106781e-01 -0.00000000e+00 -7.07106781e-01
7.07106781e-01 -0.00000000e+00 -7.07106781e-01
7.07106781e-01 -0.00000000e+00 -7.07106781e-01
7.07106781e-01 -0.00000000e+00 -7.07106781e-01
7.07106781e-01 -0.00000000e+00 -7.07106781e-01
7.07106781e-01 -0.00000000e+00 -7.07106781e-01
7.07106781e-01 -0.00000000e+00 -7.07106781e-01
7.07106781e-01 -0.00000000e+00 -7.07106781e-01
7.07106781e-01 -0.00000000e+00 -7.07106781e-01
7.07106781e-01 -0.00000000e+00 -7.07106781e-01
7.07106781e-01 -0.00000000e+00 -7.07106781e-01
-0.00000000e+00 -7.07106781e-01 -7.07106781e-01
-0.00000000e+00 -7.07106781e-01 -7.07106781e-01
-0.00000000e+00 -7.07106781e-01 -7.07106781e-01
-0.00000000e+00 -7.07106781e-01 -7.07106781e-01
-0.00000000e+00 -7.07106781e-01 -7.07106781e-01
-0.00000000e+00 -7.07106781e-01 -7.07106781e-01
-0.00000000e+00 -7.07106781e-01 -7.07106781e-01
-0.00000000e+00 -7.07106781e-01 -7.07106781e-01
-0.00000000e+00 -7.07106781e-01 -7.07106781e-01
-0.00000000e+00 -7.07106781e-01 -7.07106781e-01
-0.00000000e+00 -7.07106781e-01 -7.07106781e-01
-0.00000000e+00 -7.07106781e-01 -7.07106781e-01
-0.00000000e+00 -7.07106781e-01 -7.07106781e-01
-0.00000000e+00 -7.07106781e-01 -7.07106781e-01
-0.00000000e+00 -7.07106781e-01 -7.07106781e-01
-0.00000000e+00 -7.07106781e-01 -7.07106781e-01
-0.00000000e+00 7.07106781e-01 -7.07106781e-01
-0.00000000e+00 7.07106781e-01 -7.07106781e-01
-0.00000000e+00 7.07106781e-01 -7.07106781e-01
-0.00000000e+00 7.07106781e-01 -7.07106781e-01
-0.00000000e+00 7.07106781e-01 -7.07106781e-01
-0.00000000e+00 7.07106781e-01 -7.07106781e-01
-0.00000000e+00 7.07106781e-01 -7.07106781e-01
-0.00000000e+00 7.07106781e-01 -7.07106781e-01
-0.00000000e+00 7.07106781e-01 -7.07106781e-01
-0.00000000e+00 7.07106781e-01 -7.07106781e-01
-0.00000000e+00 7.07106781e-01 -7.07106781e-01
-0.00000000e+00 7.07106781e-01 -7.07106781e-01
-0.00000000e+00 7.07106781e-01 -7.07106781e-01
-0.00000000e+00 7.07106781e-01 -7.07106781e-01
-0.00000000e+00 7.07106781e-01 -7.07106781e-01
-0.00000000e+00 7.07106781e-01 -7.07106781e-01
-7.07106781e-01 -7.07106781e-01 -0.00000000e+00
-7.07106781e-01 -7.07106781e-01 -0.00000000e+00
-7.07106781e-01 -7.07106781e-01 -0.00000000e+00
-7.07106781e-01 -7.07106781e-01 -0.00000000e+00
-7.07106781e-01 -7.07106781e-01 -0.00000000e+00
-7.07106781e-01 -7.07106781e-01 -0.00000000e+00
-7.07106781e-01 -7.07106781e-01 -0.00000000e+00
-7.07106781e-01 -7.07106781e-01 -0.00000000e+00
-7.07106781e-01 -7.07106781e-01 -0.00000000e+00
-7.07106781e-01 -7.07106781e-01 -0.00000000e+00
-7.07106781e-01 -7.07106781e-01 -0.00000000e+00
-7.07106781e-01 -7.07106781e-01 -0.00000000e+00
-7.07106781e-01 -7.07106781e-01 -0.00000000e+00
-7.07106781e-01 -7.07106781e-01 -0.00000000e+00
-7.07106781e-01 -7.07106781e-01 -0.00000000e+00
-7.07106781e-01 -7.07106781e-01 -0.00000000e+00
7.07106781e-01 -7.07106781e-01 -0.00000000e+00
7.07106781e-01 -7.07106781e-01 -0.00000000e+00
7.07106781e-01 -7.07106781e-01 -0.00000000e+00
7.07106781e-01 -7.07106781e-01 -0.00000000e+00
7.07106781e-01 -7.07106781e-01 -0.00000000e+00
7.07106781e-01 -7.07106781e-01 -0.00000000e+00
7.07106781e-01 -7.07106781e-01 -0.00000000e+00
7.07106781e-01 -7.07106781e-01 -0.00000000e+00
7.07106781e-01 -7.07106781e-01 -0.00000000e+00
7.07106781e-01 -7.07106781e-01 -0.00000000e+00
7.07106781e-01 -7.07106781e-01 -0.00000000e+00
7.07106781e-01 -7.07106781e-01 -0.00000000e+00
7.07106781e-01 -7.07106781e-01 -0.00000000e+00
7.07106781e-01 -7.07106781e-01 -0.00000000e+00
7.07106781e-01 -7.07106781e-01 -0.00000000e+00
7.07106781e-01 -7.07106781e-01 -0.00000000e+00
-7.07106781e-01 -0.00000000e+00 -7.07106781e-01
-7.07106781e-01 -0.00000000e+00 -7.07106781e-01
-7.07106781e-01 -0.00000000e+00 -7.07106781e-01
-7.07106781e-01 -0.00000000e+00 -7.07106781e-01
-7.07106781e-01 -0.00000000e+00 -7.07106781e-01
-7.07106781e-01 -0.00000000e+00 -7.07106781e-01
-7.07106781e-01 -0.00000000e+00 -7.07106781e-01
-7.07106781e-01 -0.00000000e+00 -7.07106781e-01
-7.07106781e-01 -0.00000000e+00 -7.07106781e-01
-7.07106781e-01 -0.00000000e+00 -7.07106781e-01
-7.07106781e-01 -0.00000000e+00 -7.07106781e-01
-7.07106781e-01 -0.00000000e+00 -7.07106781e-01
-7.07106781e-01 -0.00000000e+00 -7.07106781e-01
-7.07106781e-01 -0.00000000e+00 -7.07106781e-01
-7.07106781e-01 -0.00000000e+00 -7.07106781e-01
-7.07106781e-01 -0.00000000e+00 -7.07106781e-01
7.07106781e-01 -0.00000000e+00 -7.07106781e-01
7.07106781e-01 -0.00000000e+00 -7.07106781e-01
7.07106781e-01 -0.00000000e+00 -7.07106781e-01
7.07106781e-01 -0.00000000e+00 -7.07106781e-01
7.07106781e-01 -0.00000000e+00 -7.07106781e-01
7.07106781e-01 -0.00000000e+00 -7.07106781e-01
7.07106781e-01 -0.00000000e+00 -7.07106781e-01
7.07106781e-01 -0.00000000e+00 -7.07106781e-01
7.07106781e-01 -0.00000000e+00 -7.07106781e-01
7.07106781e-01 -0.00000000e+00 -7.07106781e-01
7.07106781e-01 -0.00000000e+00 -7.07106781e-01
7.07106781e-01 -0.00000000e+00 -7.07106781e-01
7.07106781e-01 -0.00000000e+00 -7.07106781e-01
7.07106781e-01 -0.00000000e+00 -7.07106781e-01
7.07106781e-01 -0.00000000e+00 -7.07106781e-01
7.07106781e-01 -0.00000000e+00 -7.07106781e-01
-0.00000000e+00 -7.07106781e-01 -7.07106781e-01
-0.00000000e+00 -7.07106781e-01 -7.07106781e-01
-0.00000000e+00 -7.07106781e-01 -7.07106781e-01
-0.00000000e+00 -7.07106781e-01 -7.07106781e-01
-0.00000000e+00 -7.07106781e-01 -7.07106781e-01
-0.00000000e+00 -7.07106781e-01 -7.07106781e-01
-0.00000000e+00 -7.07106781e-01 -7.07106781e-01
-0.00000000e+00 -7.07106781e-01 -7.07106781e-01
-0.00000000e+00 -7.07106781e-01 -7.07106781e-01
-0.00000000e+00 -7.07106781e-01 -7.07106781e-01
-0.00000000e+00 -7.07106781e-01 -7.07106781e-01
-0.00000000e+00 -7.07106781e-01 -7.07106781e-01
-0.00000000e+00 -7.07106781e-01 -7.07106781e-01
-0.00000000e+00 -7.07106781e-01 -7.07106781e-01
-0.00000000e+00 -7.07106781e-01 -7.07106781e-01
-0.00000000e+00 -7.07106781e-01 -7.07106781e-01
-0.00000000e+00 7.07106781e-01 -7.07106781e-01
-0.00000000e+00 7.07106781e-01 -7.07106781e-01
-0.00000000e+00 7.07106781e-01 -7.07106781e-01
-0.00000000e+00 7.07106781e-01 -7.07106781e-01
-0.00000000e+00 7.07106781e-01 -7.07106781e-01
-0.00000000e+00 7.07106781e-01 -7.07106781e-01
-0.00000000e+00 7.07106781e-01 -7.07106781e-01
-0.00000000e+00 7.07106781e-01 -7.07106781e-01
-0.00000000e+00 7.07106781e-01 -7.07106781e-01
-0.00000000e+00 7.07106781e-01 -7.07106781e-01
-0.00000000e+00 7.07106781e-01 -7.07106781e-01
-0.00000000e+00 7.07106781e-01 -7.07106781e-01
-0.00000000e+00 7.07106781e-01 -7.07106781e-01
-0.00000000e+00 7.07106781e-01 -7.07106781e-01
-0.00000000e+00 7.07106781e-01 -7.07106781e-01
-0.00000000e+00 7.07106781e-01 -7.07106781e-01
-7.07106781e-01 -7.07106781e-01 -0.00000000e+00
-7.07106781e-01 -7.07106781e-01 -0.00000000e+00
-7.07106781e-01 -7.07106781e-01 -0.00000000e+00
-7.07106781e-01 -7.07106781e-01 -0.00000000e+00
-7.07106781e-01 -7.07106781e-01 -0.00000000e+00
-7.07106781e-01 -7.07106781e-01 -0.00000000e+00
-7.07106781e-01 -7.07106781e-01 -0.00000000e+00
-7.07106781e-01 -7.07106781e-01 -0.00000000e+00
-7.07106781e-01 -7.07106781e-01 -0.00000000e+00
-7.07106781e-01 -7.07106781e-01 -0.00000000e+00
-7.07106781e-01 -7.07106781e-01 -0.00000000e+00
-7.07106781e-01 -7.07106781e-01 -0.00000000e+00
-7.07106781e-01 -7.07106781e-01 -0.00000000e+00
-7.07106781e-01 -7.07106781e-01 -0.00000000e+00
-7.07106781e-01 -7.07106781e-01 -0.00000000e+00
-7.07106781e-01 -7.07106781e-01 -0.00000000e+00
7.07106781e-01 -7.07106781e-01 -0.00000000e+00
7.07106781e-01 -7.07106781e-01 -0.00000000e+00
7.07106781e-01 -7.07106781e-01 -0.00000000e+00
7.07106781e-01 -7.07106781e-01 -0.00000000e+00
7.07106781e-01 -7.07106781e-01 -0.00000000e+00
7.07106781e-01 -7.07106781e-01 -0.00000000e+00
7.07106781e-01 -7.07106781e-01 -0.00000000e+00
7.07106781e-01 -7.07106781e-01 -0.00000000e+00
7.07106781e-01 -7.07106781e-01 -0.00000000e+00
7.07106781e-01 -7.07106781e-01 -0.00000000e+00
7.07106781e-01 -7.07106781e-01 -0.00000000e+00
7.07106781e-01 -7.07106781e-01 -0.00000000e+00
7.07106781e-01 -7.07106781e-01 -0.00000000e+00
7.07106781e-01 -7.07106781e-01 -0.00000000e+00
7.07106781e-01 -7.07106781e-01 -0.00000000e+00
7.07106781e-01 -7.07106781e-01 -0.00000000e+00
-7.07106781e-01 -0.00000000e+00 -7.07106781e-01
-7.07106781e-01 -0.00000000e+00 -7.07106781e-01
-7.07106781e-01 -0.00000000e+00 -7.07106781e-01
-7.07106781e-01 -0.00000000e+00 -7.07106781e-01
-7.07106781e-01 -0.00000000e+00 -7.07106781e-01
-7.07106781e-01 -0.00000000e+00 -7.07106781e-01
-7.07106781e-01 -0.00000000e+00 -7.07106781e-01
-7.07106781e-01 -0.00000000e+00 -7.07106781e-01
-7.07106781e-01 -0.00000000e+00 -7.07106781e-01
-7.07106781e-01 -0.00000000e+00 -7.07106781e-01
-7.07106781e-01 -0.00000000e+00 -7.07106781e-01
-7.07106781e-01 -0.00000000e+00 -7.07106781e-01
-7.07106781e-01 -0.00000000e+00 -7.07106781e-01
-7.07106781e-01 -0.00000000e+00 -7.07106781e-01
-7.07106781e-01 -0.00000000e+00 -7.07106781e-01
-7.07106781e-01 -0.00000000e+00 -7.07106781e-01
7.07106781e-01 -0.00000000e+00 -7.07106781e-01
7.07106781e-01 -0.00000000e+00 -7.07106781e-01
7.07106781e-01 -0.00000000e+00 -7.07106781e-01
7.07106781e-01 -0.00000000e+00 -7.07106781e-01
7.07106781e-01 -0.00000000e+00 -7.07106781e-01
7.07106781e-01 -0.00000000e+00 -7.07106781e-01
7.07106781e-01 -0.00000000e+00 -7.07106781e-01
7.07106781e-01 -0.00000000e+00 -7.07106781e-01
7.07106781e-01 -0.00000000e+00 -7.07106781e-01
7.07106781e-01 -0.00000000e+00 -7.07106781e-01
7.07106781e-01 -0.00000000e+00 -7.07106781e-01
7.07106781e-01 -0.00000000e+00 -7.07106781e-01
7.07106781e-01 -0.00000000e+00 -7.07106781e-01
7.07106781e-01 -0.00000000e+00 -7.07106781e-01
7.07106781e-01 -0.00000000e+00 -7.07106781e-01
7.07106781e-01 -0.00000000e+00 -7.07106781e-01
-0.00000000e+00 -7.07106781e-01 -7.07106781e-01
-0.00000000e+00 -7.07106781e-01 -7.07106781e-01
-0.00000000e+00 -7.07106781e-01 -7.07106781e-01
-0.00000000e+00 -7.07106781e-01 -7.07106781e-01
-0.00000000e+00 -7.07106781e-01 -7.07106781e-01
-0.00000000e+00 -7.07106781e-01 -7.07106781e-01
-0.00000000e+00 -7.07106781e-01 -7.07106781e-01
-0.00000000e+00 -7.07106781e-01 -7.07106781e-01
-0.00000000e+00 -7.07106781e-01 -7.07106781e-01
-0.00000000e+00 -7.07106781e-01 -7.07106781e-01
-0.00000000e+00 -7.07106781e-01 -7.07106781e-01
-0.00000000e+00 -7.07106781e-01 -7.07106781e-01
-0.00000000e+00 -7.07106781e-01 -7.07106781e-01
-0.00000000e+00 -7.07106781e-01 -7.07106781e-01
-0.00000000e+00 -7.07106781e-01 -7.07106781e-01
-0.00000000e+00 -7.07106781e-01 -7.07106781e-01
-0.00000000e+00 7.07106781e-01 -7.07106781e-01
-0.00000000e+00 7.07106781e-01 -7.07106781e-01
-0.00000000e+00 7.07106781e-01 -7.07106781e-01
-0.00000000e+00 7.07106781e-01 -7.07106781e-01
-0.00000000e+00 7.07106781e-01 -7.07106781e-01
-0.00000000e+00 7.07106781e-01 -7.07106781e-01
-0.00000000e+00 7.07106781e-01 -7.07106781e-01
-0.00000000e+00 7.07106781e-01 -7.07106781e-01
-0.00000000e+00 7.07106781e-01 -7.07106781e-01
-0.00000000e+00 7.07106781e-01 -7.07106781e-01
-0.00000000e+00 7.07106781e-01 -7.07106781e-01
-0.00000000e+00 7.07106781e-01 -7.07106781e-01
-0.00000000e+00 7.07106781e-01 -7.07106781e-01
-0.00000000e+00 7.07106781e-01 -7.07106781e-01
-0.00000000e+00 7.07106781e-01 -7.07106781e-01
-0.00000000e+00 7.07106781e-01 -7.07106781e-01
-7.07106781e-01 -7.07106781e-01 -0.00000000e+00
-7.07106781e-01 -7.07106781e-01 -0.00000000e+00
-7.07106781e-01 -7.07106781e-01 -0.00000000e+00
-7.07106781e-01 -7.07106781e-01 -0.00000000e+00
-7.07106781e-01 -7.07106781e-01 -0.00000000e+00
-7.07106781e-01 -7.07106781e-01 -0.00000000e+00
-7.07106781e-01 -7.07106781e-01 -0.00000000e+00
-7.07106781e-01 -7.07106781e-01 -0.00000000e+00
-7.07106781e-01 -7.07106781e-01 -0.00000000e+00
-7.07106781e-01 -7.07106781e-01 -0.00000000e+00
-7.07106781e-01 -7.07106781e-01 -0.00000000e+00
-7.07106781e-01 -7.07106781e-01 -0.00000000e+00
-7.07106781e-01 -7.07106781e-01 -0.00000000e+00
-7.07106781e-01 -7.07106781e-01 -0.00000000e+00
-7.07106781e-01 -7.07106781e-01 -0.00000000e+00
-7.07106781e-01 -7.07106781e-01 -0.00000000e+00
7.07106781e-01 -7.07106781e-01 -0.00000000e+00
7.07106781e-01 -7.07106781e-01 -0.00000000e+00
7.07106781e-01 -7.07106781e-01 -0.00000000e+00
7.07106781e-01 -7.07106781e-01 -0.00000000e+00
7.07106781e-01 -7.07106781e-01 -0.00000000e+00
7.07106781e-01 -7.07106781e-01 -0.00000000e+00
7.07106781e-01 -7.07106781e-01 -0.00000000e+00
7.07106781e-01 -7.07106781e-01 -0.00000000e+00
7.07106781e-01 -7.07106781e-01 -0.00000000e+00
7.07106781e-01 -7.07106781e-01 -0.00000000e+00
7.07106781e-01 -7.07106781e-01 -0.00000000e+00
7.07106781e-01 -7.07106781e-01 -0.00000000e+00
7.07106781e-01 -7.07106781e-01 -0.00000000e+00
7.07106781e-01 -7.07106781e-01 -0.00000000e+00
7.07106781e-01 -7.07106781e-01 -0.00000000e+00
7.07106781e-01 -7.07106781e-01 -0.00000000e+00
-7.07106781e-01 -0.00000000e+00 -7.07106781e-01
-7.07106781e-01 -0.00000000e+00 -7.07106781e-01
-7.07106781e-01 -0.00000000e+00 -7.07106781e-01
-7.07106781e-01 -0.00000000e+00 -7.07106781e-01
-7.07106781e-01 -0.00000000e+00 -7.07106781e-01
-7.07106781e-01 -0.00000000e+00 -7.07106781e-01
-7.07106781e-01 -0.00000000e+00 -7.07106781e-01
-7.07106781e-01 -0.00000000e+00 -7.07106781e-01
-7.07106781e-01 -0.00000000e+00 -7.07106781e-01
-7.07106781e-01 -0.00000000e+00 -7.07106781e-01
-7.07106781e-01 -0.00000000e+00 -7.07106781e-01
-7.07106781e-01 -0.00000000e+00 -7.07106781e-01
-7.07106781e-01 -0.00000000e+00 -7.07106781e-01
-7.07106781e-01 -0.00000000e+00 -7.07106781e-01
-7.07106781e-01 -0.00000000e+00 -7.07106781e-01
-7.07106781e-01 -0.00000000e+00 -7.07106781e-01
7.07106781e-01 -0.00000000e+00 -7.07106781e-01
7.07106781e-01 -0.00000000e+00 -7.07106781e-01
7.07106781e-01 -0.00000000e+00 -7.07106781e-01
7.07106781e-01 -0.00000000e+00 -7.07106781e-01
7.07106781e-01 -0.00000000e+00 -7.07106781e-01
7.07106781e-01 -0.00000000e+00 -7.07106781e-01
7.07106781e-01 -0.00000000e+00 -7.07106781e-01
7.07106781e-01 -0.00000000e+00 -7.07106781e-01
7.07106781e-01 -0.00000000e+00 -7.07106781e-01
7.07106781e-01 -0.00000000e+00 -7.07106781e-01
7.07106781e-01 -0.00000000e+00 -7.07106781e-01
7.07106781e-01 -0.00000000e+00 -7.07106781e-01
7.07106781e-01 -0.00000000e+00 -7.07106781e-01
7.07106781e-01 -0.00000000e+00 -7.07106781e-01
7.07106781e-01 -0.00000000e+00 -7.07106781e-01
7.07106781e-01 -0.00000000e+00 -7.07106781e-01
-0.00000000e+00 -7.07106781e-01 -7.07106781e-01
-0.00000000e+00 -7.07106781e-01 -7.07106781e-01
-0.00000000e+00 -7.07106781e-01 -7.07106781e-01
-0.00000000e+00 -7.07106781e-01 -7.07106781e-01
-0.00000000e+00 -7.07106781e-01 -7.07106781e-01
-0.00000000e+00 -7.07106781e-01 -7.07106781e-01
-0.00000000e+00 -7.07106781e-01 -7.07106781e-01
-0.00000000e+00 -7.07106781e-01 -7.07106781e-01
-0.00000000e+00 -7.07106781e-01 -7.07106781e-01
-0.00000000e+00 -7.07106781e-01 -7.07106781e-01
-0.00000000e+00 -7.07106781e-01 -7.07106781e-01
-0.00000000e+00 -7.07106781e-01 -7.07106781e-01
-0.00000000e+00 -7.07106781e-01 -7.07106781e-01
-0.00000000e+00 -7.07106781e-01 -7.07106781e-01
-0.00000000e+00 -7.07106781e-01 -7.07106781e-01
-0.00000000e+00 -7.07106781e-01 -7.07106781e-01
-0.00000000e+00 7.07106781e-01 -7.07106781e-01
-0.00000000e+00 7.07106781e-01 -7.07106781e-01
-0.00000000e+00 7.07106781e-01 -7.07106781e-01
-0.00000000e+00 7.07106781e-01 -7.07106781e-01
-0.00000000e+00 7.07106781e-01 -7.07106781e-01
-0.00000000e+00 7.07106781e-01 -7.07106781e-01
-0.00000000e+00 7.07106781e-01 -7.07106781e-01
-0.00000000e+00 7.07106781e-01 -7.07106781e-01
-0.00000000e+00 7.07106781e-01 -7.07106781e-01
-0.00000000e+00 7.07106781e-01 -7.07106781e-01
-0.00000000e+00 7.07106781e-01 -7.07106781e-01
-0.00000000e+00 7.07106781e-01 -7.07106781e-01
-0.00000000e+00 7.07106781e-01 -7.07106781e-01
-0.00000000e+00 7.07106781e-01 -7.07106781e-01
-0.00000000e+00 7.07106781e-01 -7.07106781e-01
-0.00000000e+00 7.07106781e-01 -7.07106781e-01
-7.07106781e-01 -7.07106781e-01 -0.00000000e+00
-7.07106781e-01 -7.07106781e-01 -0.00000000e+00
-7.07106781e-01 -7.07106781e-01 -0.00000000e+00
-7.07106781e-01 -7.07106781e-01 -0.00000000e+00
-7.07106781e-01 -7.07106781e-01 -0.00000000e+00
-7.07106781e-01 -7.07106781e-01 -0.00000000e+00
-7.07106781e-01 -7.07106781e-01 -0.00000000e+00
-7.07106781e-01 -7.07106781e-01 -0.00000000e+00
-7.07106781e-01 -7.07106781e-01 -0.00000000e+00
-7.07106781e-01 -7.07106781e-01 -0.00000000e+00
-7.07106781e-01 -7.07106781e-01 -0.00000000e+00
-7.07106781e-01 -7.07106781e-01 -0.00000000e+00
-7.07106781e-01 -7.07106781e-01 -0.00000000e+00
-7.07106781e-01 -7.07106781e-01 -0.00000000e+00
-7.07106781e-01 -7.07106781e-01 -0.00000000e+00
-7.07106781e-01 -7.07106781e-01 -0.00000000e+00
7.07106781e-01 -7.07106781e-01 -0.00000000e+00
7.07106781e-01 -7.07106781e-01 -0.00000000e+00
7.07106781e-01 -7.07106781e-01 -0.00000000e+00
7.07106781e-01 -7.07106781e-01 -0.00000000e+00
7.07106781e-01 -7.07106781e-01 -0.00000000e+00
7.07106781e-01 -7.07106781e-01 -0.00000000e+00
7.07106781e-01 -7.07106781e-01 -0.00000000e+00
7.07106781e-01 -7.07106781e-01 -0.00000000e+00
7.07106781e-01 -7.07106781e-01 -0.00000000e+00
7.07106781e-01 -7.07106781e-01 -0.00000000e+00
7.07106781e-01 -7.07106781e-01 -0.00000000e+00
7.07106781e-01 -7.07106781e-01 -0.00000000e+00
7.07106781e-01 -7.07106781e-01 -0.00000000e+00
7.07106781e-01 -7.07106781e-01 -0.00000000e+00
7.07106781e-01 -7.07106781e-01 -0.00000000e+00
7.07106781e-01 -7.07106781e-01 -0.00000000e+00
-7.07106781e-01 -0.00000000e+00 -7.07106781e-01
-7.07106781e-01 -0.00000000e+00 -7.07106781e-01
-7.07106781e-01 -0.00000000e+00 -7.07106781e-01
-7.07106781e-01 -0.00000000e+00 -7.07106781e-01
-7.07106781e-01 -0.00000000e+00 -7.07106781e-01
-7.07106781e-01 -0.00000000e+00 -7.07106781e-01
-7.07106781e-01 -0.00000000e+00 -7.07106781e-01
-7.07106781e-01 -0.00000000e+00 -7.07106781e-01
-7.07106781e-01 -0.00000000e+00 -7.07106781e-01
-7.07106781e-01 -0.00000000e+00 -7.07106781e-01
-7.07106781e-01 -0.00000000e+00 -7.07106781e-01
-7.07106781e-01 -0.00000000e+00 -7.07106781e-01
-7.07106781e-01 -0.00000000e+00 -7.07106781e-01
-7.07106781e-01 -0.00000000e+00 -7.07106781e-01
-7.07106781e-01 -0.00000000e+00 -7.07106781e-01
-7.07106781e-01 -0.00000000e+00 -7.07106781e-01
7.07106781e-01 -0.00000000e+00 -7.07106781e-01
7.07106781e-01 -0.00000000e+00 -7.07106781e-01
7.07106781e-01 -0.00000000e+00 -7.07106781e-01
7.07106781e-01 -0.00000000e+00 -7.07106781e-01
7.07106781e-01 -0.00000000e+00 -7.07106781e-01
7.07106781e-01 -0.00000000e+00 -7.07106781e-01
7.07106781e-01 -0.00000000e+00 -7.07106781e-01
7.07106781e-01 -0.00000000e+00 -7.07106781e-01
7.07106781e-01 -0.00000000e+00 -7.07106781e-01
7.07106781e-01 -0.00000000e+00 -7.07106781e-01
7.07106781e-01 -0.00000000e+00 -7.07106781e-01
7.07106781e-01 -0.00000000e+00 -7.07106781e-01
7.07106781e-01 -0.00000000e+00 -7.07106781e-01
7.07106781e-01 -0.00000000e+00 -7.07106781e-01
7.07106781e-01 -0.00000000e+00 -7.07106781e-01
7.07106781e-01 -0.00000000e+00 -7.07106781e-01
-0.00000000e+00 -7.07106781e-01 -7.07106781e-01
-0.00000000e+00 -7.07106781e-01 -7.07106781e-01
-0.00000000e+00 -7.07106781e-01 -7.07106781e-01
-0.00000000e+00 -7.07106781e-01 -7.07106781e-01
-0.00000000e+00 -7.07106781e-01 -7.07106781e-01
-0.00000000e+00 -7.07106781e-01 -7.07106781e-01
-0.00000000e+00 -7.07106781e-01 -7.07106781e-01
-0.00000000e+00 -7.07106781e-01 -7.07106781e-01
-0.00000000e+00 -7.07106781e-01 -7.07106781e-01
-0.00000000e+00 -7.07106781e-01 -7.07106781e-01
-0.00000000e+00 -7.07106781e-01 -7.07106781e-01
-0.00000000e+00 -7.07106781e-01 -7.07106781e-01
-0.00000000e+00 -7.07106781e-01 -7.07106781e-01
-0.00000000e+00 -7.07106781e-01 -7.07106781e-01
-0.00000000e+00 -7.07106781e-01 -7.07106781e-01
-0.00000000e+00 -7.07106781e-01 -7.07106781e-01
-0.00000000e+00 7.07106781e-01 -7.07106781e-01
-0.00000000e+00 7.07106781e-01 -7.07106781e-01
-0.00000000e+00 7.07106781e-01 -7.07106781e-01
-0.00000000e+00 7.07106781e-01 -7.07106781e-01
-0.00000000e+00 7.07106781e-01 -7.07106781e-01
-0.00000000e+00 7.07106781e-01 -7.07106781e-01
-0.00000000e+00 7.07106781e-01 -7.07106781e-01
-0.00000000e+00 7.07106781e-01 -7.07106781e-01
-0.00000000e+00 7.07106781e-01 -7.07106781e-01
-0.00000000e+00 7.07106781e-01 -7.07106781e-01
-0.00000000e+00 7.07106781e-01 -7.07106781e-01
-0.00000000e+00 7.07106781e-01 -7.07106781e-01
-0.00000000e+00 7.07106781e-01 -7.07106781e-01
-0.00000000e+00 7.07106781e-01 -7.07106781e-01
-0.00000000e+00 7.07106781e-01 -7.07106781e-01
-0.00000000e+00 7.07106781e-01 -7.07106781e-01
-7.07106781e-01 -7.07106781e-01 -0.00000000e+00
-7.07106781e-01 -7.07106781e-01 -0.00000000e+00
-7.07106781e-01 -7.07106781e-01 -0.00000000e+00
-7.07106781e-01 -7.07106781e-01 -0.00000000e+00
-7.07106781e-01 -7.07106781e-01 -0.00000000e+00
-7.07106781e-01 -7.07106781e-01 -0.00000000e+00
-7.07106781e-01 -7.07106781e-01 -0.00000000e+00
-7.07106781e-01 -7.07106781e-01 -0.00000000e+00
-7.07106781e-01 -7.07106781e-01 -0.00000000e+00
-7.07106781e-01 -7.07106781e-01 -0.00000000e+00
-7.07106781e-01 -7.07106781e-01 -0.00000000e+00
-7.07106781e-01 -7.07106781e-01 -0.00000000e+00
-7.07106781e-01 -7.07106781e-01 -0.00000000e+00
-7.07106781e-01 -7.07106781e-01 -0.00000000e+00
-7.07106781e-01 -7.07106781e-01 -0.00000000e+00
-7.07106781e-01 -7.07106781e-01 -0.00000000e+00
7.07106781e-01 -7.07106781e-01 -0.00000000e+00
7.07106781e-01 -7.07106781e-01 -0.00000000e+00
7.07106781e-01 -7.07106781e-01 -0.00000000e+00
7.07106781e-01 -7.07106781e-01 -0.00000000e+00
7.07106781e-01 -7.07106781e-01 -0.00000000e+00
7.07106781e-01 -7.07106781e-01 -0.00000000e+00
7.07106781e-01 -7.07106781e-01 -0.00000000e+00
7.07106781e-01 -7.07106781e-01 -0.00000000e+00
7.07106781e-01 -7.07106781e-01 -0.00000000e+00
7.07106781e-01 -7.07106781e-01 -0.00000000e+00
7.07106781e-01 -7.07106781e-01 -0.00000000e+00
7.07106781e-01 -7.07106781e-01 -0.00000000e+00
7.07106781e-01 -7.07106781e-01 -0.00000000e+00
7.07106781e-01 -7.07106781e-01 -0.00000000e+00
7.07106781e-01 -7.07106781e-01 -0.00000000e+00
7.07106781e-01 -7.07106781e-01 -0.00000000e+00
-7.07106781e-01 -0.00000000e+00 -7.07106781e-01
-7.07106781e-01 -0.00000000e+00 -7.07106781e-01
-7.07106781e-01 -0.00000000e+00 -7.07106781e-01
-7.07106781e-01 -0.00000000e+00 -7.07106781e-01
-7.07106781e-01 -0.00000000e+00 -7.07106781e-01
-7.07106781e-01 -0.00000000e+00 -7.07106781e-01
-7.07106781e-01 -0.00000000e+00 -7.07106781e-01
-7.07106781e-01 -0.00000000e+00 -7.07106781e-01
-7.07106781e-01 -0.00000000e+00 -7.07106781e-01
-7.07106781e-01 -0.00000000e+00 -7.07106781e-01
-7.07106781e-01 -0.00000000e+00 -7.07106781e-01
-7.07106781e-01 -0.00000000e+00 -7.07106781e-01
-7.07106781e-01 -0.00000000e+00 -7.07106781e-01
-7.07106781e-01 -0.00000000e+00 -7.07106781e-01
-7.07106781e-01 -0.00000000e+00 -7.07106781e-01
-7.07106781e-01 -0.00000000e+00 -7.07106781e-01
7.07106781e-01 -0.00000000e+00 -7.07106781e-01
7.07106781e-01 -0.00000000e+00 -7.07106781e-01
7.07106781e-01 -0.00000000e+00 -7.07106781e-01
7.07106781e-01 -0.00000000e+00 -7.07106781e-01
7.07106781e-01 -0.00000000e+00 -7.07106781e-01
7.07106781e-01 -0.00000000e+00 -7.07106781e-01
7.07106781e-01 -0.00000000e+00 -7.07106781e-01
7.07106781e-01 -0.00000000e+00 -7.07106781e-01
7.07106781e-01 -0.00000000e+00 -7.07106781e-01
7.07106781e-01 -0.00000000e+00 -7.07106781e-01
7.07106781e-01 -0.00000000e+00 -7.07106781e-01
7.07106781e-01 -0.00000000e+00 -7.07106781e-01
7.07106781e-01 -0.00000000e+00 -7.07106781e-01
7.07106781e-01 -0.00000000e+00 -7.07106781e-01
7.07106781e-01 -0.00000000e+00 -7.07106781e-01
7.07106781e-01 -0.00000000e+00 -7.07106781e-01
-0.00000000e+00 -7.07106781e-01 -7.07106781e-01
-0.00000000e+00 -7.07106781e-01 -7.07106781e-01
-0.00000000e+00 -7.07106781e-01 -7.07106781e-01
-0.00000000e+00 -7.07106781e-01 -7.07106781e-01
-0.00000000e+00 -7.07106781e-01 -7.07106781e-01
-0.00000000e+00 -7.07106781e-01 -7.07106781e-01
-0.00000000e+00 -7.07106781e-01 -7.07106781e-01
-0.00000000e+00 -7.07106781e-01 -7.07106781e-01
-0.00000000e+00 -7.07106781e-01 -7.07106781e-01
-0.00000000e+00 -7.07106781e-01 -7.07106781e-01
-0.00000000e+00 -7.07106781e-01 -7.07106781e-01
-0.00000000e+00 -7.07106781e-01 -7.07106781e-01
-0.00000000e+00 -7.07106781e-01 -7.07106781e-01
-0.00000000e+00 -7.07106781e-01 -7.07106781e-01
-0.00000000e+00 -7.07106781e-01 -7.07106781e-01
-0.00000000e+00 -7.07106781e-01 -7.07106781e-01
-0.00000000e+00 7.07106781e-01 -7.07106781e-01
-0.00000000e+00 7.07106781e-01 -7.07106781e-01
-0.00000000e+00 7.07106781e-01 -7.07106781e-01
-0.00000000e+00 7.07106781e-01 -7.07106781e-01
-0.00000000e+00 7.07106781e-01 -7.07106781e-01
-0.00000000e+00 7.07106781e-01 -7.07106781e-01
-0.00000000e+00 7.07106781e-01 -7.07106781e-01
-0.00000000e+00 7.07106781e-01 -7.07106781e-01
-0.00000000e+00 7.07106781e-01 -7.07106781e-01
-0.00000000e+00 7.07106781e-01 -7.07106781e-01
-0.00000000e+00 7.07106781e-01 -7.07106781e-01
-0.00000000e+00 7.07106781e-01 -7.07106781e-01
-0.00000000e+00 7.07106781e-01 -7.07106781e-01
-0.00000000e+00 7.07106781e-01 -7.07106781e-01
-0.00000000e+00 7.07106781e-01 -7.07106781e-01
-0.00000000e+00 7.07106781e-01 -7.07106781e-01
-7.07106781e-01 -7.07106781e-01 -0.00000000e+00
-7.07106781e-01 -7.07106781e-01 -0.00000000e+00
-7.07106781e-01 -7.07106781e-01 -0.00000000e+00
-7.07106781e-01 -7.07106781e-01 -0.00000000e+00
-7.07106781e-01 -7.07106781e-01 -0.00000000e+00
-7.07106781e-01 -7.07106781e-01 -0.00000000e+00
-7.07106781e-01 -7.07106781e-01 -0.00000000e+00
-7.07106781e-01 -7.07106781e-01 -0.00000000e+00
-7.07106781e-01 -7.07106781e-01 -0.00000000e+00
-7.07106781e-01 -7.07106781e-01 -0.00000000e+00
-7.07106781e-01 -7.07106781e-01 -0.00000000e+00
-7.07106781e-01 -7.07106781e-01 -0.00000000e+00
-7.07106781e-01 -7.07106781e-01 -0.00000000e+00
-7.07106781e-01 -7.07106781e-01 -0.00000000e+00
-7.07106781e-01 -7.07106781e-01 -0.00000000e+00
-7.07106781e-01 -7.07106781e-01 -0.00000000e+00
7.07106781e-01 -7.07106781e-01 -0.00000000e+00
7.07106781e-01 -7.07106781e-01 -0.00000000e+00
7.07106781e-01 -7.07106781e-01 -0.00000000e+00
7.07106781e-01 -7.07106781e-01 -0.00000000e+00
7.07106781e-01 -7.07106781e-01 -0.00000000e+00
7.07106781e-01 -7.07106781e-01 -0.00000000e+00
7.07106781e-01 -7.07106781e-01 -0.00000000e+00
7.07106781e-01 -7.07106781e-01 -0.00000000e+00
7.07106781e-01 -7.07106781e-01 -0.00000000e+00
7.07106781e-01 -7.07106781e-01 -0.00000000e+00
7.07106781e-01 -7.07106781e-01 -0.00000000e+00
7.07106781e-01 -7.07106781e-01 -0.00000000e+00
7.07106781e-01 -7.07106781e-01 -0.00000000e+00
7.07106781e-01 -7.07106781e-01 -0.00000000e+00
7.07106781e-01 -7.07106781e-01 -0.00000000e+00
7.07106781e-01 -7.07106781e-01 -0.00000000e+00
-7.07106781e-01 -0.00000000e+00 -7.07106781e-01
-7.07106781e-01 -0.00000000e+00 -7.07106781e-01
-7.07106781e-01 -0.00000000e+00 -7.07106781e-01
-7.07106781e-01 -0.00000000e+00 -7.07106781e-01
-7.07106781e-01 -0.00000000e+00 -7.07106781e-01
-7.07106781e-01 -0.00000000e+00 -7.07106781e-01
-7.07106781e-01 -0.00000000e+00 -7.07106781e-01
-7.07106781e-01 -0.00000000e+00 -7.07106781e-01
-7.07106781e-01 -0.00000000e+00 -7.07106781e-01
-7.07106781e-01 -0.00000000e+00 -7.07106781e-01
-7.07106781e-01 -0.00000000e+00 -7.07106781e-01
-7.07106781e-01 -0.00000000e+00 -7.07106781e-01
-7.07106781e-01 -0.00000000e+00 -7.07106781e-01
-7.07106781e-01 -0.00000000e+00 -7.07106781e-01
-7.07106781e-01 -0.00000000e+00 -7.07106781e-01
-7.07106781e-01 -0.00000000e+00 -7.07106781e-01
7.07106781e-01 -0.00000000e+00 -7.07106781e-01
7.07106781e-01 -0.00000000e+00 -7.07106781e-01
7.07106781e-01 -0.00000000e+00 -7.07106781e-01
7.07106781e-01 -0.00000000e+00 -7.07106781e-01
7.07106781e-01 -0.00000000e+00 -7.07106781e-01
7.07106781e-01 -0.00000000e+00 -7.07106781e-01
7.07106781e-01 -0.00000000e+00 -7.07106781e-01
7.07106781e-01 -0.00000000e+00 -7.07106781e-01
7.07106781e-01 -0.00000000e+00 -7.07106781e-01
7.07106781e-01 -0.00000000e+00 -7.07106781e-01
7.07106781e-01 -0.00000000e+00 -7.07106781e-01
7.07106781e-01 -0.00000000e+00 -7.07106781e-01
7.07106781e-01 -0.00000000e+00 -7.07106781e-01
7.07106781e-01 -0.00000000e+00 -7.07106781e-01
7.07106781e-01 -0.00000000e+00 -7.07106781e-01
7.07106781e-01 -0.00000000e+00 -7.07106781e-01
-0.00000000e+00 -7.07106781e-01 -7.07106781e-01
-0.00000000e+00 -7.07106781e-01 -7.07106781e-01
-0.00000000e+00 -7.07106781e-01 -7.07106781e-01
-0.00000000e+00 -7.07106781e-01 -7.07106781e-01
-0.00000000e+00 -7.07106781e-01 -7.07106781e-01
-0.00000000e+00 -7.07106781e-01 -7.07106781e-01
-0.00000000e+00 -7.07106781e-01 -7.07106781e-01
-0.00000000e+00 -7.07106781e-01 -7.07106781e-01
-0.00000000e+00 -7.07106781e-01 -7.07106781e-01
-0.00000000e+00 -7.07106781e-01 -7.07106781e-01
-0.00000000e+00 -7.07106781e-01 -7.07106781e-01
-0.00000000e+00 -7.07106781e-01 -7.07106781e-01
-0.00000000e+00 -7.07106781e-01 -7.07106781e-01
-0.00000000e+00 -7.07106781e-01 -7.07106781e-01
-0.00000000e+00 -7.07106781e-01 -7.07106781e-01
-0.00000000e+00 -7.07106781e-01 -7.07106781e-01
-0.00000000e+00 7.07106781e-01 -7.07106781e-01
-0.00000000e+00 7.07106781e-01 -7.07106781e-01
-0.00000000e+00 7.07106781e-01 -7.07106781e-01
-0.00000000e+00 7.07106781e-01 -7.07106781e-01
-0.00000000e+00 7.07106781e-01 -7.07106781e-01
-0.00000000e+00 7.07106781e-01 -7.07106781e-01
-0.00000000e+00 7.07106781e-01 -7.07106781e-01
-0.00000000e+00 7.07106781e-01 -7.07106781e-01
-0.00000000e+00 7.07106781e-01 -7.07106781e-01
-0.00000000e+00 7.07106781e-01 -7.07106781e-01
-0.00000000e+00 7.07106781e-01 -7.07106781e-01
-0.00000000e+00 7.07106781e-01 -7.07106781e-01
-0.00000000e+00 7.07106781e-01 -7.07106781e-01
-0.00000000e+00 7.07106781e-01 -7.07106781e-01
-0.00000000e+00 7.07106781e-01 -7.07106781e-01
-0.00000000e+00 7.07106781e-01 -7.07106781e-01
-7.07106781e-01 -7.07106781e-01 -0.00000000e+00
-7.07106781e-01 -7.07106781e-01 -0.00000000e+00
-7.07106781e-01 -7.07106781e-01 -0.00000000e+00
-7.07106781e-01 -7.07106781e-01 -0.00000000e+00
-7.07106781e-01 -7.07106781e-01 -0.00000000e+00
-7.07106781e-01 -7.07106781e-01 -0.00000000e+00
-7.07106781e-01 -7.07106781e-01 -0.00000000e+00
-7.07106781e-01 -7.07106781e-01 -0.00000000e+00
-7.07106781e-01 -7.07106781e-01 -0.00000000e+00
-7.07106781e-01 -7.07106781e-01 -0.00000000e+00
-7.07106781e-01 -7.07106781e-01 -0.00000000e+00
-7.07106781e-01 -7.07106781e-01 -0.00000000e+00
-7.07106781e-01 -7.07106781e-01 -0.00000000e+00
-7.07106781e-01 -7.07106781e-01 -0.00000000e+00
-7.07106781e-01 -7.07106781e-01 -0.00000000e+00
-7.07106781e-01 -7.07106781e-01 -0.00000000e+00
7.07106781e-01 -7.07106781e-01 -0.00000000e+00
7.07106781e-01 -7.07106781e-01 -0.00000000e+00
7.07106781e-01 -7.07106781e-01 -0.00000000e+00
7.07106781e-01 -7.07106781e-01 -0.00000000e+00
7.07106781e-01 -7.07106781e-01 -0.00000000e+00
7.07106781e-01 -7.07106781e-01 -0.00000000e+00
7.07106781e-01 -7.07106781e-01 -0.00000000e+00
7.07106781e-01 -7.07106781e-01 -0.00000000e+00
7.07106781e-01 -7.07106781e-01 -0.00000000e+00
7.07106781e-01 -7.07106781e-01 -0.00000000e+00
7.07106781e-01 -7.07106781e-01 -0.00000000e+00
7.07106781e-01 -7.07106781e-01 -0.00000000e+00
7.07106781e-01 -7.07106781e-01 -0.00000000e+00
7.07106781e-01 -7.07106781e-01 -0.00000000e+00
7.07106781e-01 -7.07106781e-01 -0.00000000e+00
7.07106781e-01 -7.07106781e-01 -0.00000000e+00
-7.07106781e-01 -0.00000000e+00 -7.07106781e-01
-7.07106781e-01 -0.00000000e+00 -7.07106781e-01
-7.07106781e-01 -0.00000000e+00 -7.07106781e-01
-7.07106781e-01 -0.00000000e+00 -7.07106781e-01
-7.07106781e-01 -0.00000000e+00 -7.07106781e-01
-7.07106781e-01 -0.00000000e+00 -7.07106781e-01
-7.07106781e-01 -0.00000000e+00 -7.07106781e-01
-7.07106781e-01 -0.00000000e+00 -7.07106781e-01
-7.07106781e-01 -0.00000000e+00 -7.07106781e-01
-7.07106781e-01 -0.00000000e+00 -7.07106781e-01
-7.07106781e-01 -0.00000000e+00 -7.07106781e-01
-7.07106781e-01 -0.00000000e+00 -7.07106781e-01
-7.07106781e-01 -0.00000000e+00 -7.07106781e-01
-7.07106781e-01 -0.00000000e+00 -7.07106781e-01
-7.07106781e-01 -0.00000000e+00 -7.07106781e-01
-7.07106781e-01 -0.00000000e+00 -7.07106781e-01
7.07106781e-01 -0.00000000e+00 -7.07106781e-01
7.07106781e-01 -0.00000000e+00 -7.07106781e-01
7.07106781e-01 -0.00000000e+00 -7.07106781e-01
7.07106781e-01 -0.00000000e+00 -7.07106781e-01
7.07106781e-01 -0.00000000e+00 -7.07106781e-01
7.07106781e-01 -0.00000000e+00 -7.07106781e-01
7.07106781e-01 -0.00000000e+00 -7.07106781e-01
7.07106781e-01 -0.00000000e+00 -7.07106781e-01
7.07106781e-01 -0.00000000e+00 -7.07106781e-01
7.07106781e-01 -0.00000000e+00 -7.07106781e-01
7.07106781e-01 -0.00000000e+00 -7.07106781e-01
7.07106781e-01 -0.00000000e+00 -7.07106781e-01
7.07106781e-01 -0.00000000e+00 -7.07106781e-01
7.07106781e-01 -0.00000000e+00 -7.07106781e-01
7.07106781e-01 -0.00000000e+00 -7.07106781e-01
7.07106781e-01 -0.00000000e+00 -7.07106781e-01
-0.00000000e+00 -7.07106781e-01 -7.07106781e-01
-0.00000000e+00 -7.07106781e-01 -7.07106781e-01
-0.00000000e+00 -7.07106781e-01 -7.07106781e-01
-0.00000000e+00 -7.07106781e-01 -7.07106781e-01
-0.00000000e+00 -7.07106781e-01 -7.07106781e-01
-0.00000000e+00 -7.07106781e-01 -7.07106781e-01
-0.00000000e+00 -7.07106781e-01 -7.07106781e-01
-0.00000000e+00 -7.07106781e-01 -7.07106781e-01
-0.00000000e+00 -7.07106781e-01 -7.07106781e-01
-0.00000000e+00 -7.07106781e-01 -7.07106781e-01
-0.00000000e+00 -7.07106781e-01 -7.07106781e-01
-0.00000000e+00 -7.07106781e-01 -7.07106781e-01
-0.00000000e+00 -7.07106781e-01 -7.07106781e-01
-0.00000000e+00 -7.07106781e-01 -7.07106781e-01
-0.00000000e+00 -7.07106781e-01 -7.07106781e-01
-0.00000000e+00 -7.07106781e-01 -7.07106781e-01
-0.00000000e+00 7.07106781e-01 -7.07106781e-01
-0.00000000e+00 7.07106781e-01 -7.07106781e-01
-0.00000000e+00 7.07106781e-01 -7.07106781e-01
-0.00000000e+00 7.07106781e-01 -7.07106781e-01
-0.00000000e+00 7.07106781e-01 -7.07106781e-01
-0.00000000e+00 7.07106781e-01 -7.07106781e-01
-0.00000000e+00 7.07106781e-01 -7.07106781e-01
-0.00000000e+00 7.07106781e-01 -7.07106781e-01
-0.00000000e+00 7.07106781e-01 -7.07106781e-01
-0.00000000e+00 7.07106781e-01 -7.07106781e-01
-0.00000000e+00 7.07106781e-01 -7.07106781e-01
-0.00000000e+00 7.07106781e-01 -7.07106781e-01
-0.00000000e+00 7.07106781e-01 -7.07106781e-01
-0.00000000e+00 7.07106781e-01 -7.07106781e-01
-0.00000000e+00 7.07106781e-01 -7.07106781e-01
-0.00000000e+00 7.07106781e-01 -7.07106781e-01
-7.07106781e-01 -7.07106781e-01 -0.00000000e+00
-7.07106781e-01 -7.07106781e-01 -0.00000000e+00
-7.07106781e-01 -7.07106781e-01 -0.00000000e+00
-7.07106781e-01 -7.07106781e-01 -0.00000000e+00
-7.07106781e-01 -7.07106781e-01 -0.00000000e+00
-7.07106781e-01 -7.07106781e-01 -0.00000000e+00
-7.07106781e-01 -7.07106781e-01 -0.00000000e+00
-7.07106781e-01 -7.07106781e-01 -0.00000000e+00
-7.07106781e-01 -7.07106781e-01 -0.00000000e+00
-7.07106781e-01 -7.07106781e-01 -0.00000000e+00
-7.07106781e-01 -7.07106781e-01 -0.00000000e+00
-7.07106781e-01 -7.07106781e-01 -0.00000000e+00
-7.07106781e-01 -7.07106781e-01 -0.00000000e+00
-7.07106781e-01 -7.07106781e-01 -0.00000000e+00
-7.07106781e-01 -7.07106781e-01 -0.00000000e+00
-7.07106781e-01 -7.07106781e-01 -0.00000000e+00
7.07106781e-01 -7.07106781e-01 -0.00000000e+00
7.07106781e-01 -7.07106781e-01 -0.00000000e+00
7.07106781e-01 -7.07106781e-01 -0.00000000e+00
7.07106781e-01 -7.07106781e-01 -0.00000000e+00
7.07106781e-01 -7.07106781e-01 -0.00000000e+00
7.07106781e-01 -7.07106781e-01 -0.00000000e+00
7.07106781e-01 -7.07106781e-01 -0.00000000e+00
7.07106781e-01 -7.07106781e-01 -0.00000000e+00
7.07106781e-01 -7.07106781e-01 -0.00000000e+00
7.07106781e-01 -7.07106781e-01 -0.00000000e+00
7.07106781e-01 -7.07106781e-01 -0.00000000e+00
7.07106781e-01 -7.07106781e-01 -0.00000000e+00
7.07106781e-01 -7.07106781e-01 -0.00000000e+00
7.07106781e-01 -7.07106781e-01 -0.00000000e+00
7.07106781e-01 -7.07106781e-01 -0.00000000e+00
7.07106781e-01 -7.07106781e-01 -0.00000000e+00
-7.07106781e-01 -0.00000000e+00 -7.07106781e-01
-7.07106781e-01 -0.00000000e+00 -7.07106781e-01
-7.07106781e-01 -0.00000000e+00 -7.07106781e-01
-7.07106781e-01 -0.00000000e+00 -7.07106781e-01
-7.07106781e-01 -0.00000000e+00 -7.07106781e-01
-7.07106781e-01 -0.00000000e+00 -7.07106781e-01
-7.07106781e-01 -0.00000000e+00 -7.07106781e-01
-7.07106781e-01 -0.00000000e+00 -7.07106781e-01
-7.07106781e-01 -0.00000000e+00 -7.07106781e-01
-7.07106781e-01 -0.00000000e+00 -7.07106781e-01
-7.07106781e-01 -0.00000000e+00 -7.07106781e-01
-7.07106781e-01 -0.00000000e+00 -7.07106781e-01
-7.07106781e-01 -0.00000000e+00 -7.07106781e-01
-7.07106781e-01 -0.00000000e+00 -7.07106781e-01
-7.07106781e-01 -0.00000000e+00 -7.07106781e-01
-7.07106781e-01 -0.00000000e+00 -7.07106781e-01
7.07106781e-01 -0.00000000e+00 -7.07106781e-01
7.07106781e-01 -0.00000000e+00 -7.07106781e-01
7.07106781e-01 -0.00000000e+00 -7.07106781e-01
7.07106781e-01 -0.00000000e+00 -7.07106781e-01
7.07106781e-01 -0.00000000e+00 -7.07106781e-01
7.07106781e-01 -0.00000000e+00 -7.07106781e-01
7.07106781e-01 -0.00000000e+00 -7.07106781e-01
7.07106781e-01 -0.00000000e+00 -7.07106781e-01
7.07106781e-01 -0.00000000e+00 -7.07106781e-01
7.07106781e-01 -0.00000000e+00 -7.07106781e-01
7.07106781e-01 -0.00000000e+00 -7.07106781e-01
7.07106781e-01 -0.00000000e+00 -7.07106781e-01
7.07106781e-01 -0.00000000e+00 -7.07106781e-01
7.07106781e-01 -0.00000000e+00 -7.07106781e-01
7.07106781e-01 -0.00000000e+00 -7.07106781e-01
7.07106781e-01 -0.00000000e+00 -7.07106781e-01
-0.00000000e+00 -7.07106781e-01 -7.07106781e-01
-0.00000000e+00 -7.07106781e-01 -7.07106781e-01
-0.00000000e+00 -7.07106781e-01 -7.07106781e-01
-0.00000000e+00 -7.07106781e-01 -7.07106781e-01
-0.00000000e+00 -7.07106781e-01 -7.07106781e-01
-0.00000000e+00 -7.07106781e-01 -7.07106781e-01
-0.00000000e+00 -7.07106781e-01 -7.07106781e-01
-0.00000000e+00 -7.07106781e-01 -7.07106781e-01
-0.00000000e+00 -7.07106781e-01 -7.07106781e-01
-0.00000000e+00 -7.07106781e-01 -7.07106781e-01
-0.00000000e+00 -7.07106781e-01 -7.07106781e-01
-0.00000000e+00 -7.07106781e-01 -7.07106781e-01
-0.00000000e+00 -7.07106781e-01 -7.07106781e-01
-0.00000000e+00 -7.07106781e-01 -7.07106781e-01
-0.00000000e+00 -7.07106781e-01 -7.07106781e-01
-0.00000000e+00 -7.07106781e-01 -7.07106781e-01
-0.00000000e+00 7.07106781e-01 -7.07106781e-01
-0.00000000e+00 7.07106781e-01 -7.07106781e-01
-0.00000000e+00 7.07106781e-01 -7.07106781e-01
-0.00000000e+00 7.07106781e-01 -7.07106781e-01
-0.00000000e+00 7.07106781e-01 -7.07106781e-01
-0.00000000e+00 7.07106781e-01 -7.07106781e-01
-0.00000000e+00 7.07106781e-01 -7.07106781e-01
-0.00000000e+00 7.07106781e-01 -7.07106781e-01
-0.00000000e+00 7.07106781e-01 -7.07106781e-01
-0.00000000e+00 7.07106781e-01 -7.07106781e-01
-0.00000000e+00 7.07106781e-01 -7.07106781e-01
-0.00000000e+00 7.07106781e-01 -7.07106781e-01
-0.00000000e+00 7.07106781e-01 -7.07106781e-01
-0.00000000e+00 7.07106781e-01 -7.07106781e-01
-0.00000000e+00 7.07106781e-01 -7.07106781e-01
-0.00000000e+00 7.07106781e-01 -7.07106781e-01
-7.07106781e-01 -7.07106781e-01 -0.00000000e+00
-7.07106781e-01 -7.07106781e-01 -0.00000000e+00
-7.07106781e-01 -7.07106781e-01 -0.00000000e+00
-7.07106781e-01 -7.07106781e-01 -0.00000000e+00
-7.07106781e-01 -7.07106781e-01 -0.00000000e+00
-7.07106781e-01 -7.07106781e-01 -0.00000000e+00
-7.07106781e-01 -7.07106781e-01 -0.00000000e+00
-7.07106781e-01 -7.07106781e-01 -0.00000000e+00
-7.07106781e-01 -7.07106781e-01 -0.00000000e+00
-7.07106781e-01 -7.07106781e-01 -0.00000000e+00
-7.07106781e-01 -7.07106781e-01 -0.00000000e+00
-7.07106781e-01 -7.07106781e-01 -0.00000000e+00
-7.07106781e-01 -7.07106781e-01 -0.00000000e+00
-7.07106781e-01 -7.07106781e-01 -0.00000000e+00
-7.07106781e-01 -7.07106781e-01 -0.00000000e+00
-7.07106781e-01 -7.07106781e-01 -0.00000000e+00
7.07106781e-01 -7.07106781e-01 -0.00000000e+00
7.07106781e-01 -7.07106781e-01 -0.00000000e+00
7.07106781e-01 -7.07106781e-01 -0.00000000e+00
7.07106781e-01 -7.07106781e-01 -0.00000000e+00
7.07106781e-01 -7.07106781e-01 -0.00000000e+00
7.07106781e-01 -7.07106781e-01 -0.00000000e+00
7.07106781e-01 -7.07106781e-01 -0.00000000e+00
7.07106781e-01 -7.07106781e-01 -0.00000000e+00
7.07106781e-01 -7.07106781e-01 -0.00000000e+00
7.07106781e-01 -7.07106781e-01 -0.00000000e+00
7.07106781e-01 -7.07106781e-01 -0.00000000e+00
7.07106781e-01 -7.07106781e-01 -0.00000000e+00
7.07106781e-01 -7.07106781e-01 -0.00000000e+00
7.07106781e-01 -7.07106781e-01 -0.00000000e+00
7.07106781e-01 -7.07106781e-01 -0.00000000e+00
7.07106781e-01 -7.07106781e-01 -0.00000000e+00
-7.07106781e-01 -0.00000000e+00 -7.07106781e-01
-7.07106781e-01 -0.00000000e+00 -7.07106781e-01
-7.07106781e-01 -0.00000000e+00 -7.07106781e-01
-7.07106781e-01 -0.00000000e+00 -7.07106781e-01
-7.07106781e-01 -0.00000000e+00 -7.07106781e-01
-7.07106781e-01 -0.00000000e+00 -7.07106781e-01
-7.07106781e-01 -0.00000000e+00 -7.07106781e-01
-7.07106781e-01 -0.00000000e+00 -7.07106781e-01
-7.07106781e-01 -0.00000000e+00 -7.07106781e-01
-7.07106781e-01 -0.00000000e+00 -7.07106781e-01
-7.07106781e-01 -0.00000000e+00 -7.07106781e-01
-7.07106781e-01 -0.00000000e+00 -7.07106781e-01
-7.07106781e-01 -0.00000000e+00 -7.07106781e-01
-7.07106781e-01 -0.00000000e+00 -7.07106781e-01
-7.07106781e-01 -0.00000000e+00 -7.07106781e-01
-7.07106781e-01 -0.00000000e+00 -7.07106781e-01
7.07106781e-01 -0.00000000e+00 -7.07106781e-01
7.07106781e-01 -0.00000000e+00 -7.07106781e-01
7.07106781e-01 -0.00000000e+00 -7.07106781e-01
7.07106781e-01 -0.00000000e+00 -7.07106781e-01
7.07106781e-01 -0.00000000e+00 -7.07106781e-01
7.07106781e-01 -0.00000000e+00 -7.07106781e-01
7.07106781e-01 -0.00000000e+00 -7.07106781e-01
7.07106781e-01 -0.00000000e+00 -7.07106781e-01
7.07106781e-01 -0.00000000e+00 -7.07106781e-01
7.07106781e-01 -0.00000000e+00 -7.07106781e-01
7.07106781e-01 -0.00000000e+00 -7.07106781e-01
7.07106781e-01 -0.00000000e+00 -7.07106781e-01
7.07106781e-01 -0.00000000e+00 -7.07106781e-01
7.07106781e-01 -0.00000000e+00 -7.07106781e-01
7.07106781e-01 -0.00000000e+00 -7.07106781e-01
7.07106781e-01 -0.00000000e+00 -7.07106781e-01
-0.00000000e+00 -7.07106781e-01 -7.07106781e-01
-0.00000000e+00 -7.07106781e-01 -7.07106781e-01
-0.00000000e+00 -7.07106781e-01 -7.07106781e-01
-0.00000000e+00 -7.07106781e-01 -7.07106781e-01
-0.00000000e+00 -7.07106781e-01 -7.07106781e-01
-0.00000000e+00 -7.07106781e-01 -7.07106781e-01
-0.00000000e+00 -7.07106781e-01 -7.07106781e-01
-0.00000000e+00 -7.07106781e-01 -7.07106781e-01
-0.00000000e+00 -7.07106781e-01 -7.07106781e-01
-0.00000000e+00 -7.07106781e-01 -7.07106781e-01
-0.00000000e+00 -7.07106781e-01 -7.07106781e-01
-0.00000000e+00 -7.07106781e-01 -7.07106781e-01
-0.00000000e+00 -7.07106781e-01 -7.07106781e-01
-0.00000000e+00 -7.07106781e-01 -7.07106781e-01
-0.00000000e+00 -7.07106781e-01 -7.07106781e-01
-0.00000000e+00 -7.07106781e-01 -7.07106781e-01
-0.00000000e+00 7.07106781e-01 -7.07106781e-01
-0.00000000e+00 7.07106781e-01 -7.07106781e-01
-0.00000000e+00 7.07106781e-01 -7.07106781e-01
-0.00000000e+00 7.07106781e-01 -7.07106781e-01
-0.00000000e+00 7.07106781e-01 -7.07106781e-01
-0.00000000e+00 7.07106781e-01 -7.07106781e-01
-0.00000000e+00 7.07106781e-01 -7.07106781e-01
-0.00000000e+00 7.07106781e-01 -7.07106781e-01
-0.00000000e+00 7.07106781e-01 -7.07106781e-01
-0.00000000e+00 7.07106781e-01 -7.07106781e-01
-0.00000000e+00 7.07106781e-01 -7.07106781e-01
-0.00000000e+00 7.07106781e-01 -7.07106781e-01
-0.00000000e+00 7.07106781e-01 -7.07106781e-01
-0.00000000e+00 7.07106781e-01 -7.07106781e-01
-0.00000000e+00 7.07106781e-01 -7.07106781e-01
-0.00000000e+00 7.07106781e-01 -7.07106781e-01
-7.07106781e-01 -7.07106781e-01 -0.00000000e+00
-7.07106781e-01 -7.07106781e-01 -0.00000000e+00
-7.07106781e-01 -7.07106781e-01 -0.00000000e+00
-7.07106781e-01 -7.07106781e-01 -0.00000000e+00
-7.07106781e-01 -7.07106781e-01 -0.00000000e+00
-7.07106781e-01 -7.07106781e-01 -0.00000000e+00
-7.07106781e-01 -7.07106781e-01 -0.00000000e+00
-7.07106781e-01 -7.07106781e-01 -0.00000000e+00
-7.07106781e-01 -7.07106781e-01 -0.00000000e+00
-7.07106781e-01 -7.07106781e-01 -0.00000000e+00
-7.07106781e-01 -7.07106781e-01 -0.00000000e+00
-7.07106781e-01 -7.07106781e-01 -0.00000000e+00
-7.07106781e-01 -7.07106781e-01 -0.00000000e+00
-7.07106781e-01 -7.07106781e-01 -0.00000000e+00
-7.07106781e-01 -7.07106781e-01 -0.00000000e+00
-7.07106781e-01 -7.07106781e-01 -0.00000000e+00
7.07106781e-01 -7.07106781e-01 -0.00000000e+00
7.07106781e-01 -7.07106781e-01 -0.00000000e+00
7.07106781e-01 -7.07106781e-01 -0.00000000e+00
7.07106781e-01 -7.07106781e-01 -0.00000000e+00
7.07106781e-01 -7.07106781e-01 -0.00000000e+00
7.07106781e-01 -7.07106781e-01 -0.00000000e+00
7.07106781e-01 -7.07106781e-01 -0.00000000e+00
7.07106781e-01 -7.07106781e-01 -0.00000000e+00
7.07106781e-01 -7.07106781e-01 -0.00000000e+00
7.07106781e-01 -7.07106781e-01 -0.00000000e+00
7.07106781e-01 -7.07106781e-01 -0.00000000e+00
7.07106781e-01 -7.07106781e-01 -0.00000000e+00
7.07106781e-01 -7.07106781e-01 -0.00000000e+00
7.07106781e-01 -7.07106781e-01 -0.00000000e+00
7.07106781e-01 -7.07106781e-01 -0.00000000e+00
7.07106781e-01 -7.07106781e-01 -0.00000000e+00
-7.07106781e-01 -0.00000000e+00 -7.07106781e-01
-7.07106781e-01 -0.00000000e+00 -7.07106781e-01
-7.07106781e-01 -0.00000000e+00 -7.07106781e-01
-7.07106781e-01 -0.00000000e+00 -7.07106781e-01
-7.07106781e-01 -0.00000000e+00 -7.07106781e-01
-7.07106781e-01 -0.00000000e+00 -7.07106781e-01
-7.07106781e-01 -0.00000000e+00 -7.07106781e-01
-7.07106781e-01 -0.00000000e+00 -7.07106781e-01
-7.07106781e-01 -0.00000000e+00 -7.07106781e-01
-7.07106781e-01 -0.00000000e+00 -7.07106781e-01
-7.07106781e-01 -0.00000000e+00 -7.07106781e-01
-7.07106781e-01 -0.00000000e+00 -7.07106781e-01
-7.07106781e-01 -0.00000000e+00 -7.07106781e-01
-7.07106781e-01 -0.00000000e+00 -7.07106781e-01
-7.07106781e-01 -0.00000000e+00 -7.07106781e-01
-7.07106781e-01 -0.00000000e+00 -7.07106781e-01
7.07106781e-01 -0.00000000e+00 -7.07106781e-01
7.07106781e-01 -0.00000000e+00 -7.07106781e-01
7.07106781e-01 -0.00000000e+00 -7.07106781e-01
7.07106781e-01 -0.00000000e+00 -7.07106781e-01
7.07106781e-01 -0.00000000e+00 -7.07106781e-01
7.07106781e-01 -0.00000000e+00 -7.07106781e-01
7.07106781e-01 -0.00000000e+00 -7.07106781e-01
7.07106781e-01 -0.00000000e+00 -7.07106781e-01
7.07106781e-01 -0.00000000e+00 -7.07106781e-01
7.07106781e-01 -0.00000000e+00 -7.07106781e-01
7.07106781e-01 -0.00000000e+00 -7.07106781e-01
7.07106781e-01 -0.00000000e+00 -7.07106781e-01
7.07106781e-01 -0.00000000e+00 -7.07106781e-01
7.07106781e-01 -0.00000000e+00 -7.07106781e-01
7.07106781e-01 -0.00000000e+00 -7.07106781e-01
7.07106781e-01 -0.00000000e+00 -7.07106781e-01
-0.00000000e+00 -7.07106781e-01 -7.07106781e-01
-0.00000000e+00 -7.07106781e-01 -7.07106781e-01
-0.00000000e+00 -7.07106781e-01 -7.07106781e-01
-0.00000000e+00 -7.07106781e-01 -7.07106781e-01
-0.00000000e+00 -7.07106781e-01 -7.07106781e-01
-0.00000000e+00 -7.07106781e-01 -7.07106781e-01
-0.00000000e+00 -7.07106781e-01 -7.07106781e-01
-0.00000000e+00 -7.07106781e-01 -7.07106781e-01
-0.00000000e+00 -7.07106781e-01 -7.07106781e-01
-0.00000000e+00 -7.07106781e-01 -7.07106781e-01
-0.00000000e+00 -7.07106781e-01 -7.07106781e-01
-0.00000000e+00 -7.07106781e-01 -7.07106781e-01
-0.00000000e+00 -7.07106781e-01 -7.07106781e-01
-0.00000000e+00 -7.07106781e-01 -7.07106781e-01
-0.00000000e+00 -7.07106781e-01 -7.07106781e-01
-0.00000000e+00 -7.07106781e-01 -7.07106781e-01
-0.00000000e+00 7.07106781e-01 -7.07106781e-01
-0.00000000e+00 7.07106781e-01 -7.07106781e-01
-0.00000000e+00 7.07106781e-01 -7.07106781e-01
-0.00000000e+00 7.07106781e-01 -7.07106781e-01
-0.00000000e+00 7.07106781e-01 -7.07106781e-01
-0.00000000e+00 7.07106781e-01 -7.07106781e-01
-0.00000000e+00 7.07106781e-01 -7.07106781e-01
-0.00000000e+00 7.07106781e-01 -7.07106781e-01
-0.00000000e+00 7.07106781e-01 -7.07106781e-01
-0.00000000e+00 7.07106781e-01 -7.07106781e-01
-0.00000000e+00 7.07106781e-01 -7.07106781e-01
-0.00000000e+00 7.07106781e-01 -7.07106781e-01
-0.00000000e+00 7.07106781e-01 -7.07106781e-01
-0.00000000e+00 7.07106781e-01 -7.07106781e-01
-0.00000000e+00 7.07106781e-01 -7.07106781e-01
-0.00000000e+00 7.07106781e-01 -7.07106781e-01
-7.07106781e-01 -7.07106781e-01 -0.00000000e+00
-7.07106781e-01 -7.07106781e-01 -0.00000000e+00
-7.07106781e-01 -7.07106781e-01 -0.00000000e+00
-7.07106781e-01 -7.07106781e-01 -0.00000000e+00
-7.07106781e-01 -7.07106781e-01 -0.00000000e+00
-7.07106781e-01 -7.07106781e-01 -0.00000000e+00
-7.07106781e-01 -7.07106781e-01 -0.00000000e+00
-7.07106781e-01 -7.07106781e-01 -0.00000000e+00
-7.07106781e-01 -7.07106781e-01 -0.00000000e+00
-7.07106781e-01 -7.07106781e-01 -0.00000000e+00
-7.07106781e-01 -7.07106781e-01 -0.00000000e+00
-7.07106781e-01 -7.07106781e-01 -0.00000000e+00
-7.07106781e-01 -7.07106781e-01 -0.00000000e+00
-7.07106781e-01 -7.07106781e-01 -0.00000000e+00
-7.07106781e-01 -7.07106781e-01 -0.00000000e+00
-7.07106781e-01 -7.07106781e-01 -0.00000000e+00
7.07106781e-01 -7.07106781e-01 -0.00000000e+00
7.07106781e-01 -7.07106781e-01 -0.00000000e+00
7.07106781e-01 -7.07106781e-01 -0.00000000e+00
7.07106781e-01 -7.07106781e-01 -0.00000000e+00
7.07106781e-01 -7.07106781e-01 -0.00000000e+00
7.07106781e-01 -7.07106781e-01 -0.00000000e+00
7.07106781e-01 -7.07106781e-01 -0.00000000e+00
7.07106781e-01 -7.07106781e-01 -0.00000000e+00
7.07106781e-01 -7.07106781e-01 -0.00000000e+00
7.07106781e-01 -7.07106781e-01 -0.00000000e+00
7.07106781e-01 -7.07106781e-01 -0.00000000e+00
7.07106781e-01 -7.07106781e-01 -0.00000000e+00
7.07106781e-01 -7.07106781e-01 -0.00000000e+00
7.07106781e-01 -7.07106781e-01 -0.00000000e+00
7.07106781e-01 -7.07106781e-01 -0.00000000e+00
7.07106781e-01 -7.07106781e-01 -0.00000000e+00
-7.07106781e-01 -0.00000000e+00 -7.07106781e-01
-7.07106781e-01 -0.00000000e+00 -7.07106781e-01
-7.07106781e-01 -0.00000000e+00 -7.07106781e-01
-7.07106781e-01 -0.00000000e+00 -7.07106781e-01
-7.07106781e-01 -0.00000000e+00 -7.07106781e-01
-7.07106781e-01 -0.00000000e+00 -7.07106781e-01
-7.07106781e-01 -0.00000000e+00 -7.07106781e-01
-7.07106781e-01 -0.00000000e+00 -7.07106781e-01
-7.07106781e-01 -0.00000000e+00 -7.07106781e-01
-7.07106781e-01 -0.00000000e+00 -7.07106781e-01
-7.07106781e-01 -0.00000000e+00 -7.07106781e-01
-7.07106781e-01 -0.00000000e+00 -7.07106781e-01
-7.07106781e-01 -0.00000000e+00 -7.07106781e-01
-7.07106781e-01 -0.00000000e+00 -7.07106781e-01
-7.07106781e-01 -0.00000000e+00 -7.07106781e-01
-7.07106781e-01 -0.00000000e+00 -7.07106781e-01
7.07106781e-01 -0.00000000e+00 -7.07106781e-01
7.07106781e-01 -0.00000000e+00 -7.07106781e-01
7.07106781e-01 -0.00000000e+00 -7.07106781e-01
7.07106781e-01 -0.00000000e+00 -7.07106781e-01
7.07106781e-01 -0.00000000e+00 -7.07106781e-01
7.07106781e-01 -0.00000000e+00 -7.07106781e-01
7.07106781e-01 -0.00000000e+00 -7.07106781e-01
7.07106781e-01 -0.00000000e+00 -7.07106781e-01
7.07106781e-01 -0.00000000e+00 -7.07106781e-01
7.07106781e-01 -0.00000000e+00 -7.07106781e-01
7.07106781e-01 -0.00000000e+00 -7.07106781e-01
7.07106781e-01 -0.00000000e+00 -7.07106781e-01
7.07106781e-01 -0.00000000e+00 -7.07106781e-01
7.07106781e-01 -0.00000000e+00 -7.07106781e-01
7.07106781e-01 -0.00000000e+00 -7.07106781e-01
7.07106781e-01 -0.00000000e+00 -7.07106781e-01
-0.00000000e+00 -7.07106781e-01 -7.07106781e-01
-0.00000000e+00 -7.07106781e-01 -7.07106781e-01
-0.00000000e+00 -7.07106781e-01 -7.07106781e-01
-0.00000000e+00 -7.07106781e-01 -7.07106781e-01
-0.00000000e+00 -7.07106781e-01 -7.07106781e-01
-0.00000000e+00 -7.07106781e-01 -7.07106781e-01
-0.00000000e+00 -7.07106781e-01 -7.07106781e-01
-0.00000000e+00 -7.07106781e-01 -7.07106781e-01
-0.00000000e+00 -7.07106781e-01 -7.07106781e-01
-0.00000000e+00 -7.07106781e-01 -7.07106781e-01
-0.00000000e+00 -7.07106781e-01 -7.07106781e-01
-0.00000000e+00 -7.07106781e-01 -7.07106781e-01
-0.00000000e+00 -7.07106781e-01 -7.07106781e-01
-0.00000000e+00 -7.07106781e-01 -7.07106781e-01
-0.00000000e+00 -7.07106781e-01 -7.07106781e-01
-0.00000000e+00 -7.07106781e-01 -7.07106781e-01
-0.00000000e+00 7.07106781e-01 -7.07106781e-01
-0.00000000e+00 7.07106781e-01 -7.07106781e-01
-0.00000000e+00 7.07106781e-01 -7.07106781e-01
-0.00000000e+00 7.07106781e-01 -7.07106781e-01
-0.00000000e+00 7.07106781e-01 -7.07106781e-01
-0.00000000e+00 7.07106781e-01 -7.07106781e-01
-0.00000000e+00 7.07106781e-01 -7.07106781e-01
-0.00000000e+00 7.07106781e-01 -7.07106781e-01
-0.00000000e+00 7.07106781e-01 -7.07106781e-01
-0.00000000e+00 7.07106781e-01 -7.07106781e-01
-0.00000000e+00 7.07106781e-01 -7.07106781e-01
-0.00000000e+00 7.07106781e-01 -7.07106781e-01
-0.00000000e+00 7.07106781e-01 -7.07106781e-01
-0.00000000e+00 7.07106781e-01 -7.07106781e-01
-0.00000000e+00 7.07106781e-01 -7.07106781e-01
-0.00000000e+00 7.07106781e-01 -7.07106781e-01
-7.07106781e-01 -7.07106781e-01 -0.00000000e+00
-7.07106781e-01 -7.07106781e-01 -0.00000000e+00
-7.07106781e-01 -7.07106781e-01 -0.00000000e+00
-7.07106781e-01 -7.07106781e-01 -0.00000000e+00
-7.07106781e-01 -7.07106781e-01 -0.00000000e+00
-7.07106781e-01 -7.07106781e-01 -0.00000000e+00
-7.07106781e-01 -7.07106781e-01 -0.00000000e+00
-7.07106781e-01 -7.07106781e-01 -0.00000000e+00
-7.07106781e-01 -7.07106781e-01 -0.00000000e+00
-7.07106781e-01 -7.07106781e-01 -0.00000000e+00
-7.07106781e-01 -7.07106781e-01 -0.00000000e+00
-7.07106781e-01 -7.07106781e-01 -0.00000000e+00
-7.07106781e-01 -7.07106781e-01 -0.00000000e+00
-7.07106781e-01 -7.07106781e-01 -0.00000000e+00
-7.07106781e-01 -7.07106781e-01 -0.00000000e+00
-7.07106781e-01 -7.07106781e-01 -0.00000000e+00
7.07106781e-01 -7.07106781e-01 -0.00000000e+00
7.07106781e-01 -7.07106781e-01 -0.00000000e+00
7.07106781e-01 -7.07106781e-01 -0.00000000e+00
7.07106781e-01 -7.07106781e-01 -0.00000000e+00
7.07106781e-01 -7.07106781e-01 -0.00000000e+00
7.07106781e-01 -7.07106781e-01 -0.00000000e+00
7.07106781e-01 -7.07106781e-01 -0.00000000e+00
7.07106781e-01 -7.07106781e-01 -0.00000000e+00
7.07106781e-01 -7.07106781e-01 -0.00000000e+00
7.07106781e-01 -7.07106781e-01 -0.00000000e+00
7.07106781e-01 -7.07106781e-01 -0.00000000e+00
7.07106781e-01 -7.07106781e-01 -0.00000000e+00
7.07106781e-01 -7.07106781e-01 -0.00000000e+00
7.07106781e-01 -7.07106781e-01 -0.00000000e+00
7.07106781e-01 -7.07106781e-01 -0.00000000e+00
7.07106781e-01 -7.07106781e-01 -0.00000000e+00
-7.07106781e-01 -0.00000000e+00 -7.07106781e-01
-7.07106781e-01 -0.00000000e+00 -7.07106781e-01
-7.07106781e-01 -0.00000000e+00 -7.07106781e-01
-7.07106781e-01 -0.00000000e+00 -7.07106781e-01
-7.07106781e-01 -0.00000000e+00 -7.07106781e-01
-7.07106781e-01 -0.00000000e+00 -7.07106781e-01
-7.07106781e-01 -0.00000000e+00 -7.07106781e-01
-7.07106781e-01 -0.00000000e+00 -7.07106781e-01
-7.07106781e-01 -0.00000000e+00 -7.07106781e-01
-7.07106781e-01 -0.00000000e+00 -7.07106781e-01
-7.07106781e-01 -0.00000000e+00 -7.07106781e-01
-7.07106781e-01 -0.00000000e+00 -7.07106781e-01
-7.07106781e-01 -0.00000000e+00 -7.07106781e-01
-7.07106781e-01 -0.00000000e+00 -7.07106781e-01
-7.07106781e-01 -0.00000000e+00 -7.07106781e-01
-7.07106781e-01 -0.00000000e+00 -7.07106781e-01
7.07106781e-01 -0.00000000e+00 -7.07106781e-01
7.07106781e-01 -0.00000000e+00 -7.07106781e-01
7.07106781e-01 -0.00000000e+00 -7.07106781e-01
7.07106781e-01 -0.00000000e+00 -7.07106781e-01
7.07106781e-01 -0.00000000e+00 -7.07106781e-01
7.07106781e-01 -0.00000000e+00 -7.07106781e-01
7.07106781e-01 -0.00000000e+00 -7.07106781e-01
7.07106781e-01 -0.00000000e+00 -7.07106781e-01
7.07106781e-01 -0.00000000e+00 -7.07106781e-01
7.07106781e-01 -0.00000000e+00 -7.07106781e-01
7.07106781e-01 -0.00000000e+00 -7.07106781e-01
7.07106781e-01 -0.00000000e+00 -7.07106781e-01
7.07106781e-01 -0.00000000e+00 -7.07106781e-01
7.07106781e-01 -0.00000000e+00 -7.07106781e-01
7.07106781e-01 -0.00000000e+00 -7.07106781e-01
7.07106781e-01 -0.00000000e+00 -7.07106781e-01
-0.00000000e+00 -7.07106781e-01 -7.07106781e-01
-0.00000000e+00 -7.07106781e-01 -7.07106781e-01
-0.00000000e+00 -7.07106781e-01 -7.07106781e-01
-0.00000000e+00 -7.07106781e-01 -7.07106781e-01
-0.00000000e+00 -7.07106781e-01 -7.07106781e-01
-0.00000000e+00 -7.07106781e-01 -7.07106781e-01
-0.00000000e+00 -7.07106781e-01 -7.07106781e-01
-0.00000000e+00 -7.07106781e-01 -7.07106781e-01
-0.00000000e+00 -7.07106781e-01 -7.07106781e-01
-0.00000000e+00 -7.07106781e-01 -7.07106781e-01
-0.00000000e+00 -7.07106781e-01 -7.07106781e-01
-0.00000000e+00 -7.07106781e-01 -7.07106781e-01
-0.00000000e+00 -7.07106781e-01 -7.07106781e-01
-0.00000000e+00 -7.07106781e-01 -7.07106781e-01
-0.00000000e+00 -7.07106781e-01 -7.07106781e-01
-0.00000000e+00 -7.07106781e-01 -7.07106781e-01
-0.00000000e+00 7.07106781e-01 -7.07106781e-01
-0.00000000e+00 7.07106781e-01 -7.07106781e-01
-0.00000000e+00 7.07106781e-01 -7.07106781e-01
-0.00000000e+00 7.07106781e-01 -7.07106781e-01
-0.00000000e+00 7.07106781e-01 -7.07106781e-01
-0.00000000e+00 7.07106781e-01 -7.07106781e-01
-0.00000000e+00 7.07106781e-01 -7.07106781e-01
-0.00000000e+00 7.07106781e-01 -7.07106781e-01
-0.00000000e+00 7.07106781e-01 -7.07106781e-01
-0.00000000e+00 7.07106781e-01 -7.07106781e-01
-0.00000000e+00 7.07106781e-01 -7.07106781e-01
-0.00000000e+00 7.07106781e-01 -7.07106781e-01
-0.00000000e+00 7.07106781e-01 -7.07106781e-01
-0.00000000e+00 7.07106781e-01 -7.07106781e-01
-0.00000000e+00 7.07106781e-01 -7.07106781e-01
-0.00000000e+00 7.07106781e-01 -7.07106781e-01
-7.07106781e-01 -7.07106781e-01 -0.00000000e+00
-7.07106781e-01 -7.07106781e-01 -0.00000000e+00
-7.07106781e-01 -7.07106781e-01 -0.00000000e+00
-7.07106781e-01 -7.07106781e-01 -0.00000000e+00
-7.07106781e-01 -7.07106781e-01 -0.00000000e+00
-7.07106781e-01 -7.07106781e-01 -0.00000000e+00
-7.07106781e-01 -7.07106781e-01 -0.00000000e+00
-7.07106781e-01 -7.07106781e-01 -0.00000000e+00
-7.07106781e-01 -7.07106781e-01 -0.00000000e+00
-7.07106781e-01 -7.07106781e-01 -0.00000000e+00
-7.07106781e-01 -7.07106781e-01 -0.00000000e+00
-7.07106781e-01 -7.07106781e-01 -0.00000000e+00
-7.07106781e-01 -7.07106781e-01 -0.00000000e+00
-7.07106781e-01 -7.07106781e-01 -0.00000000e+00
-7.07106781e-01 -7.07106781e-01 -0.00000000e+00
-7.07106781e-01 -7.07106781e-01 -0.00000000e+00
7.07106781e-01 -7.07106781e-01 -0.00000000e+00
7.07106781e-01 -7.07106781e-01 -0.00000000e+00
7.07106781e-01 -7.07106781e-01 -0.00000000e+00
7.07106781e-01 -7.07106781e-01 -0.00000000e+00
7.07106781e-01 -7.07106781e-01 -0.00000000e+00
7.07106781e-01 -7.07106781e-01 -0.00000000e+00
7.07106781e-01 -7.07106781e-01 -0.00000000e+00
7.07106781e-01 -7.07106781e-01 -0.00000000e+00
7.07106781e-01 -7.07106781e-01 -0.00000000e+00
7.07106781e-01 -7.07106781e-01 -0.00000000e+00
7.07106781e-01 -7.07106781e-01 -0.00000000e+00
7.07106781e-01 -7.07106781e-01 -0.00000000e+00
7.07106781e-01 -7.07106781e-01 -0.00000000e+00
7.07106781e-01 -7.07106781e-01 -0.00000000e+00
7.07106781e-01 -7.07106781e-01 -0.00000000e+00
7.07106781e-01 -7.07106781e-01 -0.00000000e+00
-7.07106781e-01 -0.00000000e+00 -7.07106781e-01
-7.07106781e-01 -0.00000000e+00 -7.07106781e-01
-7.07106781e-01 -0.00000000e+00 -7.07106781e-01
-7.07106781e-01 -0.00000000e+00 -7.07106781e-01
-7.07106781e-01 -0.00000000e+00 -7.07106781e-01
-7.07106781e-01 -0.00000000e+00 -7.07106781e-01
-7.07106781e-01 -0.00000000e+00 -7.07106781e-01
-7.07106781e-01 -0.00000000e+00 -7.07106781e-01
-7.07106781e-01 -0.00000000e+00 -7.07106781e-01
-7.07106781e-01 -0.00000000e+00 -7.07106781e-01
-7.07106781e-01 -0.00000000e+00 -7.07106781e-01
-7.07106781e-01 -0.00000000e+00 -7.07106781e-01
-7.07106781e-01 -0.00000000e+00 -7.07106781e-01
-7.07106781e-01 -0.00000000e+00 -7.07106781e-01
-7.07106781e-01 -0.00000000e+00 -7.07106781e-01
-7.07106781e-01 -0.00000000e+00 -7.07106781e-01
7.07106781e-01 -0.00000000e+00 -7.07106781e-01
7.07106781e-01 -0.00000000e+00 -7.07106781e-01
7.07106781e-01 -0.00000000e+00 -7.07106781e-01
7.07106781e-01 -0.00000000e+00 -7.07106781e-01
7.07106781e-01 -0.00000000e+00 -7.07106781e-01
7.07106781e-01 -0.00000000e+00 -7.07106781e-01
7.07106781e-01 -0.00000000e+00 -7.07106781e-01
7.07106781e-01 -0.00000000e+00 -7.07106781e-01
7.07106781e-01 -0.00000000e+00 -7.07106781e-01
7.07106781e-01 -0.00000000e+00 -7.07106781e-01
7.07106781e-01 -0.00000000e+00 -7.07106781e-01
7.07106781e-01 -0.00000000e+00 -7.07106781e-01
7.07106781e-01 -0.00000000e+00 -7.07106781e-01
7.07106781e-01 -0.00000000e+00 -7.07106781e-01
7.07106781e-01 -0.00000000e+00 -7.07106781e-01
7.07106781e-01 -0.00000000e+00 -7.07106781e-01
-0.00000000e+00 -7.07106781e-01 -7.07106781e-01
-0.00000000e+00 -7.07106781e-01 -7.07106781e-01
-0.00000000e+00 -7.07106781e-01 -7.07106781e-01
-0.00000000e+00 -7.07106781e-01 -7.07106781e-01
-0.00000000e+00 -7.07106781e-01 -7.07106781e-01
-0.00000000e+00 -7.07106781e-01 -7.07106781e-01
-0.00000000e+00 -7.07106781e-01 -7.07106781e-01
-0.00000000e+00 -7.07106781e-01 -7.07106781e-01
-0.00000000e+00 -7.07106781e-01 -7.07106781e-01
-0.00000000e+00 -7.07106781e-01 -7.07106781e-01
-0.00000000e+00 -7.07106781e-01 -7.07106781e-01
-0.00000000e+00 -7.07106781e-01 -7.07106781e-01
-0.00000000e+00 -7.07106781e-01 -7.07106781e-01
-0.00000000e+00 -7.07106781e-01 -7.07106781e-01
-0.00000000e+00 -7.07106781e-01 -7.07106781e-01
-0.00000000e+00 -7.07106781e-01 -7.07106781e-01
-0.00000000e+00 7.07106781e-01 -7.07106781e-01
-0.00000000e+00 7.07106781e-01 -7.07106781e-01
-0.00000000e+00 7.07106781e-01 -7.07106781e-01
-0.00000000e+00 7.07106781e-01 -7.07106781e-01
-0.00000000e+00 7.07106781e-01 -7.07106781e-01
-0.00000000e+00 7.07106781e-01 -7.07106781e-01
-0.00000000e+00 7.07106781e-01 -7.07106781e-01
-0.00000000e+00 7.07106781e-01 -7.07106781e-01
-0.00000000e+00 7.07106781e-01 -7.07106781e-01
-0.00000000e+00 7.07106781e-01 -7.07106781e-01
-0.00000000e+00 7.07106781e-01 -7.07106781e-01
-0.00000000e+00 7.07106781e-01 -7.07106781e-01
-0.00000000e+00 7.07106781e-01 -7.07106781e-01
-0.00000000e+00 7.07106781e-01 -7.07106781e-01
-0.00000000e+00 7.07106781e-01 -7.07106781e-01
-0.00000000e+00 7.07106781e-01 -7.07106781e-01
-7.07106781e-01 -7.07106781e-01 -0.00000000e+00
-7.07106781e-01 -7.07106781e-01 -0.00000000e+00
-7.07106781e-01 -7.07106781e-01 -0.00000000e+00
-7.07106781e-01 -7.07106781e-01 -0.00000000e+00
-7.07106781e-01 -7.07106781e-01 -0.00000000e+00
-7.07106781e-01 -7.07106781e-01 -0.00000000e+00
-7.07106781e-01 -7.07106781e-01 -0.00000000e+00
-7.07106781e-01 -7.07106781e-01 -0.00000000e+00
-7.07106781e-01 -7.07106781e-01 -0.00000000e+00
-7.07106781e-01 -7.07106781e-01 -0.00000000e+00
-7.07106781e-01 -7.07106781e-01 -0.00000000e+00
-7.07106781e-01 -7.07106781e-01 -0.00000000e+00
-7.07106781e-01 -7.07106781e-01 -0.00000000e+00
-7.07106781e-01 -7.07106781e-01 -0.00000000e+00
-7.07106781e-01 -7.07106781e-01 -0.00000000e+00
-7.07106781e-01 -7.07106781e-01 -0.00000000e+00
7.07106781e-01 -7.07106781e-01 -0.00000000e+00
7.07106781e-01 -7.07106781e-01 -0.00000000e+00
7.07106781e-01 -7.07106781e-01 -0.00000000e+00
7.07106781e-01 -7.07106781e-01 -0.00000000e+00
7.07106781e-01 -7.07106781e-01 -0.00000000e+00
7.07106781e-01 -7.07106781e-01 -0.00000000e+00
7.07106781e-01 -7.07106781e-01 -0.00000000e+00
7.07106781e-01 -7.07106781e-01 -0.00000000e+00
7.07106781e-01 -7.07106781e-01 -0.00000000e+00
7.07106781e-01 -7.07106781e-01 -0.00000000e+00
7.07106781e-01 -7.07106781e-01 -0.00000000e+00
7.07106781e-01 -7.07106781e-01 -0.00000000e+00
7.07106781e-01 -7.07106781e-01 -0.00000000e+00
7.07106781e-01 -7.07106781e-01 -0.00000000e+00
7.07106781e-01 -7.07106781e-01 -0.00000000e+00
7.07106781e-01 -7.07106781e-01 -0.00000000e+00
-7.07106781e-01 -0.00000000e+00 -7.07106781e-01
-7.07106781e-01 -0.00000000e+00 -7.07106781e-01
-7.07106781e-01 -0.00000000e+00 -7.07106781e-01
-7.07106781e-01 -0.00000000e+00 -7.07106781e-01
-7.07106781e-01 -0.00000000e+00 -7.07106781e-01
-7.07106781e-01 -0.00000000e+00 -7.07106781e-01
-7.07106781e-01 -0.00000000e+00 -7.07106781e-01
-7.07106781e-01 -0.00000000e+00 -7.07106781e-01
-7.07106781e-01 -0.00000000e+00 -7.07106781e-01
-7.07106781e-01 -0.00000000e+00 -7.07106781e-01
-7.07106781e-01 -0.00000000e+00 -7.07106781e-01
-7.07106781e-01 -0.00000000e+00 -7.07106781e-01
-7.07106781e-01 -0.00000000e+00 -7.07106781e-01
-7.07106781e-01 -0.00000000e+00 -7.07106781e-01
-7.07106781e-01 -0.00000000e+00 -7.07106781e-01
-7.07106781e-01 -0.00000000e+00 -7.07106781e-01
7.07106781e-01 -0.00000000e+00 -7.07106781e-01
7.07106781e-01 -0.00000000e+00 -7.07106781e-01
7.07106781e-01 -0.00000000e+00 -7.07106781e-01
7.07106781e-01 -0.00000000e+00 -7.07106781e-01
7.07106781e-01 -0.00000000e+00 -7.07106781e-01
7.07106781e-01 -0.00000000e+00 -7.07106781e-01
7.07106781e-01 -0.00000000e+00 -7.07106781e-01
7.07106781e-01 -0.00000000e+00 -7.07106781e-01
7.07106781e-01 -0.00000000e+00 -7.07106781e-01
7.07106781e-01 -0.00000000e+00 -7.07106781e-01
7.07106781e-01 -0.00000000e+00 -7.07106781e-01
7.07106781e-01 -0.00000000e+00 -7.07106781e-01
7.07106781e-01 -0.00000000e+00 -7.07106781e-01
7.07106781e-01 -0.00000000e+00 -7.07106781e-01
7.07106781e-01 -0.00000000e+00 -7.07106781e-01
7.07106781e-01 -0.00000000e+00 -7.07106781e-01
-0.00000000e+00 -7.07106781e-01 -7.07106781e-01
-0.00000000e+00 -7.07106781e-01 -7.07106781e-01
-0.00000000e+00 -7.07106781e-01 -7.07106781e-01
-0.00000000e+00 -7.07106781e-01 -7.07106781e-01
-0.00000000e+00 -7.07106781e-01 -7.07106781e-01
-0.00000000e+00 -7.07106781e-01 -7.07106781e-01
-0.00000000e+00 -7.07106781e-01 -7.07106781e-01
-0.00000000e+00 -7.07106781e-01 -7.07106781e-01
-0.00000000e+00 -7.07106781e-01 -7.07106781e-01
-0.00000000e+00 -7.07106781e-01 -7.07106781e-01
-0.00000000e+00 -7.07106781e-01 -7.07106781e-01
-0.00000000e+00 -7.07106781e-01 -7.07106781e-01
-0.00000000e+00 -7.07106781e-01 -7.07106781e-01
-0.00000000e+00 -7.07106781e-01 -7.07106781e-01
-0.00000000e+00 -7.07106781e-01 -7.07106781e-01
-0.00000000e+00 -7.07106781e-01 -7.07106781e-01
-0.00000000e+00 7.07106781e-01 -7.07106781e-01
-0.00000000e+00 7.07106781e-01 -7.07106781e-01
-0.00000000e+00 7.07106781e-01 -7.07106781e-01
-0.00000000e+00 7.07106781e-01 -7.07106781e-01
-0.00000000e+00 7.07106781e-01 -7.07106781e-01
-0.00000000e+00 7.07106781e-01 -7.07106781e-01
-0.00000000e+00 7.07106781e-01 -7.07106781e-01
-0.00000000e+00 7.07106781e-01 -7.07106781e-01
-0.00000000e+00 7.07106781e-01 -7.07106781e-01
-0.00000000e+00 7.07106781e-01 -7.07106781e-01
-0.00000000e+00 7.07106781e-01 -7.07106781e-01
-0.00000000e+00 7.07106781e-01 -7.07106781e-01
-0.00000000e+00 7.07106781e-01 -7.07106781e-01
-0.00000000e+00 7.07106781e-01 -7.07106781e-01
-0.00000000e+00 7.07106781e-01 -7.07106781e-01
-0.00000000e+00 7.07106781e-01 -7.07106781e-01
-7.07106781e-01 -7.07106781e-01 -0.00000000e+00
-7.07106781e-01 -7.07106781e-01 -0.00000000e+00
-7.07106781e-01 -7.07106781e-01 -0.00000000e+00
-7.07106781e-01 -7.07106781e-01 -0.00000000e+00
-7.07106781e-01 -7.07106781e-01 -0.00000000e+00
-7.07106781e-01 -7.07106781e-01 -0.00000000e+00
-7.07106781e-01 -7.07106781e-01 -0.00000000e+00
-7.07106781e-01 -7.07106781e-01 -0.00000000e+00
-7.07106781e-01 -7.07106781e-01 -0.00000000e+00
-7.07106781e-01 -7.07106781e-01 -0.00000000e+00
-7.07106781e-01 -7.07106781e-01 -0.00000000e+00
-7.07106781e-01 -7.07106781e-01 -0.00000000e+00
-7.07106781e-01 -7.07106781e-01 -0.00000000e+00
-7.07106781e-01 -7.07106781e-01 -0.00000000e+00
-7.07106781e-01 -7.07106781e-01 -0.00000000e+00
-7.07106781e-01 -7.07106781e-01 -0.00000000e+00
7.07106781e-01 -7.07106781e-01 -0.00000000e+00
7.07106781e-01 -7.07106781e-01 -0.00000000e+00
7.07106781e-01 -7.07106781e-01 -0.00000000e+00
7.07106781e-01 -7.07106781e-01 -0.00000000e+00
7.07106781e-01 -7.07106781e-01 -0.00000000e+00
7.07106781e-01 -7.07106781e-01 -0.00000000e+00
7.07106781e-01 -7.07106781e-01 -0.00000000e+00
7.07106781e-01 -7.07106781e-01 -0.00000000e+00
7.07106781e-01 -7.07106781e-01 -0.00000000e+00
7.07106781e-01 -7.07106781e-01 -0.00000000e+00
7.07106781e-01 -7.07106781e-01 -0.00000000e+00
7.07106781e-01 -7.07106781e-01 -0.00000000e+00
7.07106781e-01 -7.07106781e-01 -0.00000000e+00
7.07106781e-01 -7.07106781e-01 -0.00000000e+00
7.07106781e-01 -7.07106781e-01 -0.00000000e+00
7.07106781e-01 -7.07106781e-01 -0.00000000e+00
-7.07106781e-01 -0.00000000e+00 -7.07106781e-01
-7.07106781e-01 -0.00000000e+00 -7.07106781e-01
-7.07106781e-01 -0.00000000e+00 -7.07106781e-01
-7.07106781e-01 -0.00000000e+00 -7.07106781e-01
-7.07106781e-01 -0.00000000e+00 -7.07106781e-01
-7.07106781e-01 -0.00000000e+00 -7.07106781e-01
-7.07106781e-01 -0.00000000e+00 -7.07106781e-01
-7.07106781e-01 -0.00000000e+00 -7.07106781e-01
-7.07106781e-01 -0.00000000e+00 -7.07106781e-01
-7.07106781e-01 -0.00000000e+00 -7.07106781e-01
-7.07106781e-01 -0.00000000e+00 -7.07106781e-01
-7.07106781e-01 -0.00000000e+00 -7.07106781e-01
-7.07106781e-01 -0.00000000e+00 -7.07106781e-01
-7.07106781e-01 -0.00000000e+00 -7.07106781e-01
-7.07106781e-01 -0.00000000e+00 -7.07106781e-01
-7.07106781e-01 -0.00000000e+00 -7.07106781e-01
7.07106781e-01 -0.00000000e+00 -7.07106781e-01
7.07106781e-01 -0.00000000e+00 -7.07106781e-01
7.07106781e-01 -0.00000000e+00 -7.07106781e-01
7.07106781e-01 -0.00000000e+00 -7.07106781e-01
7.07106781e-01 -0.00000000e+00 -7.07106781e-01
7.07106781e-01 -0.00000000e+00 -7.07106781e-01
7.07106781e-01 -0.00000000e+00 -7.07106781e-01
7.07106781e-01 -0.00000000e+00 -7.07106781e-01
7.07106781e-01 -0.00000000e+00 -7.07106781e-01
7.07106781e-01 -0.00000000e+00 -7.07106781e-01
7.07106781e-01 -0.00000000e+00 -7.07106781e-01
7.07106781e-01 -0.00000000e+00 -7.07106781e-01
7.07106781e-01 -0.00000000e+00 -7.07106781e-01
7.07106781e-01 -0.00000000e+00 -7.07106781e-01
7.07106781e-01 -0.00000000e+00 -7.07106781e-01
7.07106781e-01 -0.00000000e+00 -7.07106781e-01
-0.00000000e+00 -7.07106781e-01 -7.07106781e-01
-0.00000000e+00 -7.07106781e-01 -7.07106781e-01
-0.00000000e+00 -7.07106781e-01 -7.07106781e-01
-0.00000000e+00 -7.07106781e-01 -7.07106781e-01
-0.00000000e+00 -7.07106781e-01 -7.07106781e-01
-0.00000000e+00 -7.07106781e-01 -7.07106781e-01
-0.00000000e+00 -7.07106781e-01 -7.07106781e-01
-0.00000000e+00 -7.07106781e-01 -7.07106781e-01
-0.00000000e+00 -7.07106781e-01 -7.07106781e-01
-0.00000000e+00 -7.07106781e-01 -7.07106781e-01
-0.00000000e+00 -7.07106781e-01 -7.07106781e-01
-0.00000000e+00 -7.07106781e-01 -7.07106781e-01
-0.00000000e+00 -7.07106781e-01 -7.07106781e-01
-0.00000000e+00 -7.07106781e-01 -7.07106781e-01
-0.00000000e+00 -7.07106781e-01 -7.07106781e-01
-0.00000000e+00 -7.07106781e-01 -7.07106781e-01
-0.00000000e+00 7.07106781e-01 -7.07106781e-01
-0.00000000e+00 7.07106781e-01 -7.07106781e-01
-0.00000000e+00 7.07106781e-01 -7.07106781e-01
-0.00000000e+00 7.07106781e-01 -7.07106781e-01
-0.00000000e+00 7.07106781e-01 -7.07106781e-01
-0.00000000e+00 7.07106781e-01 -7.07106781e-01
-0.00000000e+00 7.07106781e-01 -7.07106781e-01
-0.00000000e+00 7.07106781e-01 -7.07106781e-01
-0.00000000e+00 7.07106781e-01 -7.07106781e-01
-0.00000000e+00 7.07106781e-01 -7.07106781e-01
-0.00000000e+00 7.07106781e-01 -7.07106781e-01
-0.00000000e+00 7.07106781e-01 -7.07106781e-01
-0.00000000e+00 7.07106781e-01 -7.07106781e-01
-0.00000000e+00 7.07106781e-01 -7.07106781e-01
-0.00000000e+00 7.07106781e-01 -7.07106781e-01
-0.00000000e+00 7.07106781e-01 -7.07106781e-01
-7.07106781e-01 -7.07106781e-01 -0.00000000e+00
-7.07106781e-01 -7.07106781e-01 -0.00000000e+00
-7.07106781e-01 -7.07106781e-01 -0.00000000e+00
-7.07106781e-01 -7.07106781e-01 -0.00000000e+00
-7.07106781e-01 -7.07106781e-01 -0.00000000e+00
-7.07106781e-01 -7.07106781e-01 -0.00000000e+00
-7.07106781e-01 -7.07106781e-01 -0.00000000e+00
-7.07106781e-01 -7.07106781e-01 -0.00000000e+00
-7.07106781e-01 -7.07106781e-01 -0.00000000e+00
-7.07106781e-01 -7.07106781e-01 -0.00000000e+00
-7.07106781e-01 -7.07106781e-01 -0.00000000e+00
-7.07106781e-01 -7.07106781e-01 -0.00000000e+00
-7.07106781e-01 -7.07106781e-01 -0.00000000e+00
-7.07106781e-01 -7.07106781e-01 -0.00000000e+00
-7.07106781e-01 -7.07106781e-01 -0.00000000e+00
-7.07106781e-01 -7.07106781e-01 -0.00000000e+00
7.07106781e-01 -7.07106781e-01 -0.00000000e+00
7.07106781e-01 -7.07106781e-01 -0.00000000e+00
7.07106781e-01 -7.07106781e-01 -0.00000000e+00
7.07106781e-01 -7.07106781e-01 -0.00000000e+00
7.07106781e-01 -7.07106781e-01 -0.00000000e+00
7.07106781e-01 -7.07106781e-01 -0.00000000e+00
7.07106781e-01 -7.07106781e-01 -0.00000000e+00
7.07106781e-01 -7.07106781e-01 -0.00000000e+00
7.07106781e-01 -7.07106781e-01 -0.00000000e+00
7.07106781e-01 -7.07106781e-01 -0.00000000e+00
7.07106781e-01 -7.07106781e-01 -0.00000000e+00
7.07106781e-01 -7.07106781e-01 -0.00000000e+00
7.07106781e-01 -7.07106781e-01 -0.00000000e+00
7.07106781e-01 -7.07106781e-01 -0.00000000e+00
7.07106781e-01 -7.07106781e-01 -0.00000000e+00
7.07106781e-01 -7.07106781e-01 -0.00000000e+00
-7.07106781e-01 -0.00000000e+00 -7.07106781e-01
-7.07106781e-01 -0.00000000e+00 -7.07106781e-01
-7.07106781e-01 -0.00000000e+00 -7.07106781e-01
-7.07106781e-01 -0.00000000e+00 -7.07106781e-01
-7.07106781e-01 -0.00000000e+00 -7.07106781e-01
-7.07106781e-01 -0.00000000e+00 -7.07106781e-01
-7.07106781e-01 -0.00000000e+00 -7.07106781e-01
-7.07106781e-01 -0.00000000e+00 -7.07106781e-01
-7.07106781e-01 -0.00000000e+00 -7.07106781e-01
-7.07106781e-01 -0.00000000e+00 -7.07106781e-01
-7.07106781e-01 -0.00000000e+00 -7.07106781e-01
-7.07106781e-01 -0.00000000e+00 -7.07106781e-01
-7.07106781e-01 -0.00000000e+00 -7.07106781e-01
-7.07106781e-01 -0.00000000e+00 -7.07106781e-01
-7.07106781e-01 -0.00000000e+00 -7.07106781e-01
-7.07106781e-01 -0.00000000e+00 -7.07106781e-01
7.07106781e-01 -0.00000000e+00 -7.07106781e-01
7.07106781e-01 -0.00000000e+00 -7.07106781e-01
7.07106781e-01 -0.00000000e+00 -7.07106781e-01
7.07106781e-01 -0.00000000e+00 -7.07106781e-01
7.07106781e-01 -0.00000000e+00 -7.07106781e-01
7.07106781e-01 -0.00000000e+00 -7.07106781e-01
7.07106781e-01 -0.00000000e+00 -7.07106781e-01
7.07106781e-01 -0.00000000e+00 -7.07106781e-01
7.07106781e-01 -0.00000000e+00 -7.07106781e-01
7.07106781e-01 -0.00000000e+00 -7.07106781e-01
7.07106781e-01 -0.00000000e+00 -7.07106781e-01
7.07106781e-01 -0.00000000e+00 -7.07106781e-01
7.07106781e-01 -0.00000000e+00 -7.07106781e-01
7.07106781e-01 -0.00000000e+00 -7.07106781e-01
7.07106781e-01 -0.00000000e+00 -7.07106781e-01
7.07106781e-01 -0.00000000e+00 -7.07106781e-01
-0.00000000e+00 -7.07106781e-01 -7.07106781e-01
-0.00000000e+00 -7.07106781e-01 -7.07106781e-01
-0.00000000e+00 -7.07106781e-01 -7.07106781e-01
-0.00000000e+00 -7.07106781e-01 -7.07106781e-01
-0.00000000e+00 -7.07106781e-01 -7.07106781e-01
-0.00000000e+00 -7.07106781e-01 -7.07106781e-01
-0.00000000e+00 -7.07106781e-01 -7.07106781e-01
-0.00000000e+00 -7.07106781e-01 -7.07106781e-01
-0.00000000e+00 -7.07106781e-01 -7.07106781e-01
-0.00000000e+00 -7.07106781e-01 -7.07106781e-01
-0.00000000e+00 -7.07106781e-01 -7.07106781e-01
-0.00000000e+00 -7.07106781e-01 -7.07106781e-01
-0.00000000e+00 -7.07106781e-01 -7.07106781e-01
-0.00000000e+00 -7.07106781e-01 -7.07106781e-01
-0.00000000e+00 -7.07106781e-01 -7.07106781e-01
-0.00000000e+00 -7.07106781e-01 -7.07106781e-01
-0.00000000e+00 7.07106781e-01 -7.07106781e-01
-0.00000000e+00 7.07106781e-01 -7.07106781e-01
-0.00000000e+00 7.07106781e-01 -7.07106781e-01
-0.00000000e+00 7.07106781e-01 -7.07106781e-01
-0.00000000e+00 7.07106781e-01 -7.07106781e-01
-0.00000000e+00 7.07106781e-01 -7.07106781e-01
-0.00000000e+00 7.07106781e-01 -7.07106781e-01
-0.00000000e+00 7.07106781e-01 -7.07106781e-01
-0.00000000e+00 7.07106781e-01 -7.07106781e-01
-0.00000000e+00 7.07106781e-01 -7.07106781e-01
-0.00000000e+00 7.07106781e-01 -7.07106781e-01
-0.00000000e+00 7.07106781e-01 -7.07106781e-01
-0.00000000e+00 7.07106781e-01 -7.07106781e-01
-0.00000000e+00 7.07106781e-01 -7.07106781e-01
-0.00000000e+00 7.07106781e-01 -7.07106781e-01
-0.00000000e+00 7.07106781e-01 -7.07106781e-01
-7.07106781e-01 -7.07106781e-01 -0.00000000e+00
-7.07106781e-01 -7.07106781e-01 -0.00000000e+00
-7.07106781e-01 -7.07106781e-01 -0.00000000e+00
-7.07106781e-01 -7.07106781e-01 -0.00000000e+00
-7.07106781e-01 -7.07106781e-01 -0.00000000e+00
-7.07106781e-01 -7.07106781e-01 -0.00000000e+00
-7.07106781e-01 -7.07106781e-01 -0.00000000e+00
-7.07106781e-01 -7.07106781e-01 -0.00000000e+00
-7.07106781e-01 -7.07106781e-01 -0.00000000e+00
-7.07106781e-01 -7.07106781e-01 -0.00000000e+00
-7.07106781e-01 -7.07106781e-01 -0.00000000e+00
-7.07106781e-01 -7.07106781e-01 -0.00000000e+00
-7.07106781e-01 -7.07106781e-01 -0.00000000e+00
-7.07106781e-01 -7.07106781e-01 -0.00000000e+00
-7.07106781e-01 -7.07106781e-01 -0.00000000e+00
-7.07106781e-01 -7.07106781e-01 -0.00000000e+00
7.07106781e-01 -7.07106781e-01 -0.00000000e+00
7.07106781e-01 -7.07106781e-01 -0.00000000e+00
7.07106781e-01 -7.07106781e-01 -0.00000000e+00
7.07106781e-01 -7.07106781e-01 -0.00000000e+00
7.07106781e-01 -7.07106781e-01 -0.00000000e+00
7.07106781e-01 -7.07106781e-01 -0.00000000e+00
7.07106781e-01 -7.07106781e-01 -0.00000000e+00
7.07106781e-01 -7.07106781e-01 -0.00000000e+00
7.07106781e-01 -7.07106781e-01 -0.00000000e+00
7.07106781e-01 -7.07106781e-01 -0.00000000e+00
7.07106781e-01 -7.07106781e-01 -0.00000000e+00
7.07106781e-01 -7.07106781e-01 -0.00000000e+00
7.07106781e-01 -7.07106781e-01 -0.00000000e+00
7.07106781e-01 -7.07106781e-01 -0.00000000e+00
7.07106781e-01 -7.07106781e-01 -0.00000000e+00
7.07106781e-01 -7.07106781e-01 -0.00000000e+00
-7.07106781e-01 -0.00000000e+00 -7.07106781e-01
-7.07106781e-01 -0.00000000e+00 -7.07106781e-01
-7.07106781e-01 -0.00000000e+00 -7.07106781e-01
-7.07106781e-01 -0.00000000e+00 -7.07106781e-01
-7.07106781e-01 -0.00000000e+00 -7.07106781e-01
-7.07106781e-01 -0.00000000e+00 -7.07106781e-01
-7.07106781e-01 -0.00000000e+00 -7.07106781e-01
-7.07106781e-01 -0.00000000e+00 -7.07106781e-01
-7.07106781e-01 -0.00000000e+00 -7.07106781e-01
-7.07106781e-01 -0.00000000e+00 -7.07106781e-01
-7.07106781e-01 -0.00000000e+00 -7.07106781e-01
-7.07106781e-01 -0.00000000e+00 -7.07106781e-01
-7.07106781e-01 -0.00000000e+00 -7.07106781e-01
-7.07106781e-01 -0.00000000e+00 -7.07106781e-01
-7.07106781e-01 -0.00000000e+00 -7.07106781e-01
-7.07106781e-01 -0.00000000e+00 -7.07106781e-01
7.07106781e-01 -0.00000000e+00 -7.07106781e-01
7.07106781e-01 -0.00000000e+00 -7.07106781e-01
7.07106781e-01 -0.00000000e+00 -7.07106781e-01
7.07106781e-01 -0.00000000e+00 -7.07106781e-01
7.07106781e-01 -0.00000000e+00 -7.07106781e-01
7.07106781e-01 -0.00000000e+00 -7.07106781e-01
7.07106781e-01 -0.00000000e+00 -7.07106781e-01
7.07106781e-01 -0.00000000e+00 -7.07106781e-01
7.07106781e-01 -0.00000000e+00 -7.07106781e-01
7.07106781e-01 -0.00000000e+00 -7.07106781e-01
7.07106781e-01 -0.00000000e+00 -7.07106781e-01
7.07106781e-01 -0.00000000e+00 -7.07106781e-01
7.07106781e-01 -0.00000000e+00 -7.07106781e-01
7.07106781e-01 -0.00000000e+00 -7.07106781e-01
7.07106781e-01 -0.00000000e+00 -7.07106781e-01
7.07106781e-01 -0.00000000e+00 -7.07106781e-01
-0.00000000e+00 -7.07106781e-01 -7.07106781e-01
-0.00000000e+00 -7.07106781e-01 -7.07106781e-01
-0.00000000e+00 -7.07106781e-01 -7.07106781e-01
-0.00000000e+00 -7.07106781e-01 -7.07106781e-01
-0.00000000e+00 -7.07106781e-01 -7.07106781e-01
-0.00000000e+00 -7.07106781e-01 -7.07106781e-01
-0.00000000e+00 -7.07106781e-01 -7.07106781e-01
-0.00000000e+00 -7.07106781e-01 -7.07106781e-01
-0.00000000e+00 -7.07106781e-01 -7.07106781e-01
-0.00000000e+00 -7.07106781e-01 -7.07106781e-01
-0.00000000e+00 -7.07106781e-01 -7.07106781e-01
-0.00000000e+00 -7.07106781e-01 -7.07106781e-01
-0.00000000e+00 -7.07106781e-01 -7.07106781e-01
-0.00000000e+00 -7.07106781e-01 -7.07106781e-01
-0.00000000e+00 -7.07106781e-01 -7.07106781e-01
-0.00000000e+00 -7.07106781e-01 -7.07106781e-01
-0.00000000e+00 7.07106781e-01 -7.07106781e-01
-0.00000000e+00 7.07106781e-01 -7.07106781e-01
-0.00000000e+00 7.07106781e-01 -7.07106781e-01
-0.00000000e+00 7.07106781e-01 -7.07106781e-01
-0.00000000e+00 7.07106781e-01 -7.07106781e-01
-0.00000000e+00 7.07106781e-01 -7.07106781e-01
-0.00000000e+00 7.07106781e-01 -7.07106781e-01
-0.00000000e+00 7.07106781e-01 -7.07106781e-01
-0.00000000e+00 7.07106781e-01 -7.07106781e-01
-0.00000000e+00 7.07106781e-01 -7.07106781e-01
-0.00000000e+00 7.07106781e-01 -7.07106781e-01
-0.00000000e+00 7.07106781e-01 -7.07106781e-01
-0.00000000e+00 7.07106781e-01 -7.07106781e-01
-0.00000000e+00 7.07106781e-01 -7.07106781e-01
-0.00000000e+00 7.07106781e-01 -7.07106781e-01
-0.00000000e+00 7.07106781e-01 -7.07106781e-01
-7.07106781e-01 -7.07106781e-01 -0.00000000e+00
-7.07106781e-01 -7.07106781e-01 -0.00000000e+00
-7.07106781e-01 -7.07106781e-01 -0.00000000e+00
-7.07106781e-01 -7.07106781e-01 -0.00000000e+00
-7.07106781e-01 -7.07106781e-01 -0.00000000e+00
-7.07106781e-01 -7.07106781e-01 -0.00000000e+00
-7.07106781e-01 -7.07106781e-01 -0.00000000e+00
-7.07106781e-01 -7.07106781e-01 -0.00000000e+00
-7.07106781e-01 -7.07106781e-01 -0.00000000e+00
-7.07106781e-01 -7.07106781e-01 -0.00000000e+00
-7.07106781e-01 -7.07106781e-01 -0.00000000e+00
-7.07106781e-01 -7.07106781e-01 -0.00000000e+00
-7.07106781e-01 -7.07106781e-01 -0.00000000e+00
-7.07106781e-01 -7.07106781e-01 -0.00000000e+00
-7.07106781e-01 -7.07106781e-01 -0.00000000e+00
-7.07106781e-01 -7.07106781e-01 -0.00000000e+00
7.07106781e-01 -7.07106781e-01 -0.00000000e+00
7.07106781e-01 -7.07106781e-01 -0.00000000e+00
7.07106781e-01 -7.07106781e-01 -0.00000000e+00
7.07106781e-01 -7.07106781e-01 -0.00000000e+00
7.07106781e-01 -7.07106781e-01 -0.00000000e+00
7.07106781e-01 -7.07106781e-01 -0.00000000e+00
7.07106781e-01 -7.07106781e-01 -0.00000000e+00
7.07106781e-01 -7.07106781e-01 -0.00000000e+00
7.07106781e-01 -7.07106781e-01 -0.00000000e+00
7.07106781e-01 -7.07106781e-01 -0.00000000e+00
7.07106781e-01 -7.07106781e-01 -0.00000000e+00
7.07106781e-01 -7.07106781e-01 -0.00000000e+00
7.07106781e-01 -7.07106781e-01 -0.00000000e+00
7.07106781e-01 -7.07106781e-01 -0.00000000e+00
7.07106781e-01 -7.07106781e-01 -0.00000000e+00
7.07106781e-01 -7.07106781e-01 -0.00000000e+00
-7.07106781e-01 -0.00000000e+00 -7.07106781e-01
-7.07106781e-01 -0.00000000e+00 -7.07106781e-01
-7.07106781e-01 -0.00000000e+00 -7.07106781e-01
-7.07106781e-01 -0.00000000e+00 -7.07106781e-01
-7.07106781e-01 -0.00000000e+00 -7.07106781e-01
-7.07106781e-01 -0.00000000e+00 -7.07106781e-01
-7.07106781e-01 -0.00000000e+00 -7.07106781e-01
-7.07106781e-01 -0.00000000e+00 -7.07106781e-01
-7.07106781e-01 -0.00000000e+00 -7.07106781e-01
-7.07106781e-01 -0.00000000e+00 -7.07106781e-01
-7.07106781e-01 -0.00000000e+00 -7.07106781e-01
-7.07106781e-01 -0.00000000e+00 -7.07106781e-01
-7.07106781e-01 -0.00000000e+00 -7.07106781e-01
-7.07106781e-01 -0.00000000e+00 -7.07106781e-01
-7.07106781e-01 -0.00000000e+00 -7.07106781e-01
-7.07106781e-01 -0.00000000e+00 -7.07106781e-01
7.07106781e-01 -0.00000000e+00 -7.07106781e-01
7.07106781e-01 -0.00000000e+00 -7.07106781e-01
7.07106781e-01 -0.00000000e+00 -7.07106781e-01
7.07106781e-01 -0.00000000e+00 -7.07106781e-01
7.07106781e-01 -0.00000000e+00 -7.07106781e-01
7.07106781e-01 -0.00000000e+00 -7.07106781e-01
7.07106781e-01 -0.00000000e+00 -7.07106781e-01
7.07106781e-01 -0.00000000e+00 -7.07106781e-01
7.07106781e-01 -0.00000000e+00 -7.07106781e-01
7.07106781e-01 -0.00000000e+00 -7.07106781e-01
7.07106781e-01 -0.00000000e+00 -7.07106781e-01
7.07106781e-01 -0.00000000e+00 -7.07106781e-01
7.07106781e-01 -0.00000000e+00 -7.07106781e-01
7.07106781e-01 -0.00000000e+00 -7.07106781e-01
7.07106781e-01 -0.00000000e+00 -7.07106781e-01
7.07106781e-01 -0.00000000e+00 -7.07106781e-01
-0.00000000e+00 -7.07106781e-01 -7.07106781e-01
-0.00000000e+00 -7.07106781e-01 -7.07106781e-01
-0.00000000e+00 -7.07106781e-01 -7.07106781e-01
-0.00000000e+00 -7.07106781e-01 -7.07106781e-01
-0.00000000e+00 -7.07106781e-01 -7.07106781e-01
-0.00000000e+00 -7.07106781e-01 -7.07106781e-01
-0.00000000e+00 -7.07106781e-01 -7.07106781e-01
-0.00000000e+00 -7.07106781e-01 -7.07106781e-01
-0.00000000e+00 -7.07106781e-01 -7.07106781e-01
-0.00000000e+00 -7.07106781e-01 -7.07106781e-01
-0.00000000e+00 -7.07106781e-01 -7.07106781e-01
-0.00000000e+00 -7.07106781e-01 -7.07106781e-01
-0.00000000e+00 -7.07106781e-01 -7.07106781e-01
-0.00000000e+00 -7.07106781e-01 -7.07106781e-01
-0.00000000e+00 -7.07106781e-01 -7.07106781e-01
-0.00000000e+00 -7.07106781e-01 -7.07106781e-01
-0.00000000e+00 7.07106781e-01 -7.07106781e-01
-0.00000000e+00 7.07106781e-01 -7.07106781e-01
-0.00000000e+00 7.07106781e-01 -7.07106781e-01
-0.00000000e+00 7.07106781e-01 -7.07106781e-01
-0.00000000e+00 7.07106781e-01 -7.07106781e-01
-0.00000000e+00 7.07106781e-01 -7.07106781e-01
-0.00000000e+00 7.07106781e-01 -7.07106781e-01
-0.00000000e+00 7.07106781e-01 -7.07106781e-01
-0.00000000e+00 7.07106781e-01 -7.07106781e-01
-0.00000000e+00 7.07106781e-01 -7.07106781e-01
-0.00000000e+00 7.07106781e-01 -7.07106781e-01
-0.00000000e+00 7.07106781e-01 -7.07106781e-01
-0.00000000e+00 7.07106781e-01 -7.07106781e-01
-0.00000000e+00 7.07106781e-01 -7.07106781e-01
-0.00000000e+00 7.07106781e-01 -7.07106781e-01
-0.00000000e+00 7.07106781e-01 -7.07106781e-01
-7.07106781e-01 -7.07106781e-01 -0.00000000e+00
-7.07106781e-01 -7.07106781e-01 -0.00000000e+00
-7.07106781e-01 -7.07106781e-01 -0.00000000e+00
-7.07106781e-01 -7.07106781e-01 -0.00000000e+00
-7.07106781e-01 -7.07106781e-01 -0.00000000e+00
-7.07106781e-01 -7.07106781e-01 -0.00000000e+00
-7.07106781e-01 -7.07106781e-01 -0.00000000e+00
-7.07106781e-01 -7.07106781e-01 -0.00000000e+00
-7.07106781e-01 -7.07106781e-01 -0.00000000e+00
-7.07106781e-01 -7.07106781e-01 -0.00000000e+00
-7.07106781e-01 -7.07106781e-01 -0.00000000e+00
-7.07106781e-01 -7.07106781e-01 -0.00000000e+00
-7.07106781e-01 -7.07106781e-01 -0.00000000e+00
-7.07106781e-01 -7.07106781e-01 -0.00000000e+00
-7.07106781e-01 -7.07106781e-01 -0.00000000e+00
-7.07106781e-01 -7.07106781e-01 -0.00000000e+00
7.07106781e-01 -7.07106781e-01 -0.00000000e+00
7.07106781e-01 -7.07106781e-01 -0.00000000e+00
7.07106781e-01 -7.07106781e-01 -0.00000000e+00
7.07106781e-01 -7.07106781e-01 -0.00000000e+00
7.07106781e-01 -7.07106781e-01 -0.00000000e+00
7.07106781e-01 -7.07106781e-01 -0.00000000e+00
7.07106781e-01 -7.07106781e-01 -0.00000000e+00
7.07106781e-01 -7.07106781e-01 -0.00000000e+00
7.07106781e-01 -7.07106781e-01 -0.00000000e+00
7.07106781e-01 -7.07106781e-01 -0.00000000e+00
7.07106781e-01 -7.07106781e-01 -0.00000000e+00
7.07106781e-01 -7.07106781e-01 -0.00000000e+00
7.07106781e-01 -7.07106781e-01 -0.00000000e+00
7.07106781e-01 -7.07106781e-01 -0.00000000e+00
7.07106781e-01 -7.07106781e-01 -0.00000000e+00
7.07106781e-01 -7.07106781e-01 -0.00000000e+00
-7.07106781e-01 -0.00000000e+00 -7.07106781e-01
-7.07106781e-01 -0.00000000e+00 -7.07106781e-01
-7.07106781e-01 -0.00000000e+00 -7.07106781e-01
-7.07106781e-01 -0.00000000e+00 -7.07106781e-01
-7.07106781e-01 -0.00000000e+00 -7.07106781e-01
-7.07106781e-01 -0.00000000e+00 -7.07106781e-01
-7.07106781e-01 -0.00000000e+00 -7.07106781e-01
-7.07106781e-01 -0.00000000e+00 -7.07106781e-01
-7.07106781e-01 -0.00000000e+00 -7.07106781e-01
-7.07106781e-01 -0.00000000e+00 -7.07106781e-01
-7.07106781e-01 -0.00000000e+00 -7.07106781e-01
-7.07106781e-01 -0.00000000e+00 -7.07106781e-01
-7.07106781e-01 -0.00000000e+00 -7.07106781e-01
-7.07106781e-01 -0.00000000e+00 -7.07106781e-01
-7.07106781e-01 -0.00000000e+00 -7.07106781e-01
-7.07106781e-01 -0.00000000e+00 -7.07106781e-01
7.07106781e-01 -0.00000000e+00 -7.07106781e-01
7.07106781e-01 -0.00000000e+00 -7.07106781e-01
7.07106781e-01 -0.00000000e+00 -7.07106781e-01
7.07106781e-01 -0.00000000e+00 -7.07106781e-01
7.07106781e-01 -0.00000000e+00 -7.07106781e-01
7.07106781e-01 -0.00000000e+00 -7.07106781e-01
7.07106781e-01 -0.00000000e+00 -7.07106781e-01
7.07106781e-01 -0.00000000e+00 -7.07106781e-01
7.07106781e-01 -0.00000000e+00 -7.07106781e-01
7.07106781e-01 -0.00000000e+00 -7.07106781e-01
7.07106781e-01 -0.00000000e+00 -7.07106781e-01
7.07106781e-01 -0.00000000e+00 -7.07106781e-01
7.07106781e-01 -0.00000000e+00 -7.07106781e-01
7.07106781e-01 -0.00000000e+00 -7.07106781e-01
7.07106781e-01 -0.00000000e+00 -7.07106781e-01
7.07106781e-01 -0.00000000e+00 -7.07106781e-01
-0.00000000e+00 -7.07106781e-01 -7.07106781e-01
-0.00000000e+00 -7.07106781e-01 -7.07106781e-01
-0.00000000e+00 -7.07106781e-01 -7.07106781e-01
-0.00000000e+00 -7.07106781e-01 -7.07106781e-01
-0.00000000e+00 -7.07106781e-01 -7.07106781e-01
-0.00000000e+00 -7.07106781e-01 -7.07106781e-01
-0.00000000e+00 -7.07106781e-01 -7.07106781e-01
-0.00000000e+00 -7.07106781e-01 -7.07106781e-01
-0.00000000e+00 -7.07106781e-01 -7.07106781e-01
-0.00000000e+00 -7.07106781e-01 -7.07106781e-01
-0.00000000e+00 -7.07106781e-01 -7.07106781e-01
-0.00000000e+00 -7.07106781e-01 -7.07106781e-01
-0.00000000e+00 -7.07106781e-01 -7.07106781e-01
-0.00000000e+00 -7.07106781e-01 -7.07106781e-01
-0.00000000e+00 -7.07106781e-01 -7.07106781e-01
-0.00000000e+00 -7.07106781e-01 -7.07106781e-01
-0.00000000e+00 7.07106781e-01 -7.07106781e-01
-0.00000000e+00 7.07106781e-01 -7.07106781e-01
-0.00000000e+00 7.07106781e-01 -7.07106781e-01
-0.00000000e+00 7.07106781e-01 -7.07106781e-01
-0.00000000e+00 7.07106781e-01 -7.07106781e-01
-0.00000000e+00 7.07106781e-01 -7.07106781e-01
-0.00000000e+00 7.07106781e-01 -7.07106781e-01
-0.00000000e+00 7.07106781e-01 -7.07106781e-01
-0.00000000e+00 7.07106781e-01 -7.07106781e-01
-0.00000000e+00 7.07106781e-01 -7.07106781e-01
-0.00000000e+00 7.07106781e-01 -7.07106781e-01
-0.00000000e+00 7.07106781e-01 -7.07106781e-01
-0.00000000e+00 7.07106781e-01 -7.07106781e-01
-0.00000000e+00 7.07106781e-01 -7.07106781e-01
-0.00000000e+00 7.07106781e-01 -7.07106781e-01
-0.00000000e+00 7.07106781e-01 -7.07106781e-01
-7.07106781e-01 -7.07106781e-01 -0.00000000e+00
-7.07106781e-01 -7.07106781e-01 -0.00000000e+00
-7.07106781e-01 -7.07106781e-01 -0.00000000e+00
-7.07106781e-01 -7.07106781e-01 -0.00000000e+00
-7.07106781e-01 -7.07106781e-01 -0.00000000e+00
-7.07106781e-01 -7.07106781e-01 -0.00000000e+00
-7.07106781e-01 -7.07106781e-01 -0.00000000e+00
-7.07106781e-01 -7.07106781e-01 -0.00000000e+00
-7.07106781e-01 -7.07106781e-01 -0.00000000e+00
-7.07106781e-01 -7.07106781e-01 -0.00000000e+00
-7.07106781e-01 -7.07106781e-01 -0.00000000e+00
-7.07106781e-01 -7.07106781e-01 -0.00000000e+00
-7.07106781e-01 -7.07106781e-01 -0.00000000e+00
-7.07106781e-01 -7.07106781e-01 -0.00000000e+00
-7.07106781e-01 -7.07106781e-01 -0.00000000e+00
-7.07106781e-01 -7.07106781e-01 -0.00000000e+00
7.07106781e-01 -7.07106781e-01 -0.00000000e+00
7.07106781e-01 -7.07106781e-01 -0.00000000e+00
7.07106781e-01 -7.07106781e-01 -0.00000000e+00
7.07106781e-01 -7.07106781e-01 -0.00000000e+00
7.07106781e-01 -7.07106781e-01 -0.00000000e+00
7.07106781e-01 -7.07106781e-01 -0.00000000e+00
7.07106781e-01 -7.07106781e-01 -0.00000000e+00
7.07106781e-01 -7.07106781e-01 -0.00000000e+00
7.07106781e-01 -7.07106781e-01 -0.00000000e+00
7.07106781e-01 -7.07106781e-01 -0.00000000e+00
7.07106781e-01 -7.07106781e-01 -0.00000000e+00
7.07106781e-01 -7.07106781e-01 -0.00000000e+00
7.07106781e-01 -7.07106781e-01 -0.00000000e+00
7.07106781e-01 -7.07106781e-01 -0.00000000e+00
7.07106781e-01 -7.07106781e-01 -0.00000000e+00
7.07106781e-01 -7.07106781e-01 -0.00000000e+00
-7.07106781e-01 -0.00000000e+00 -7.07106781e-01
-7.07106781e-01 -0.00000000e+00 -7.07106781e-01
-7.07106781e-01 -0.00000000e+00 -7.07106781e-01
-7.07106781e-01 -0.00000000e+00 -7.07106781e-01
-7.07106781e-01 -0.00000000e+00 -7.07106781e-01
-7.07106781e-01 -0.00000000e+00 -7.07106781e-01
-7.07106781e-01 -0.00000000e+00 -7.07106781e-01
-7.07106781e-01 -0.00000000e+00 -7.07106781e-01
-7.07106781e-01 -0.00000000e+00 -7.07106781e-01
-7.07106781e-01 -0.00000000e+00 -7.07106781e-01
-7.07106781e-01 -0.00000000e+00 -7.07106781e-01
-7.07106781e-01 -0.00000000e+00 -7.07106781e-01
-7.07106781e-01 -0.00000000e+00 -7.07106781e-01
-7.07106781e-01 -0.00000000e+00 -7.07106781e-01
-7.07106781e-01 -0.00000000e+00 -7.07106781e-01
-7.07106781e-01 -0.00000000e+00 -7.07106781e-01
7.07106781e-01 -0.00000000e+00 -7.07106781e-01
7.07106781e-01 -0.00000000e+00 -7.07106781e-01
7.07106781e-01 -0.00000000e+00 -7.07106781e-01
7.07106781e-01 -0.00000000e+00 -7.07106781e-01
7.07106781e-01 -0.00000000e+00 -7.07106781e-01
7.07106781e-01 -0.00000000e+00 -7.07106781e-01
7.07106781e-01 -0.00000000e+00 -7.07106781e-01
7.07106781e-01 -0.00000000e+00 -7.07106781e-01
7.07106781e-01 -0.00000000e+00 -7.07106781e-01
7.07106781e-01 -0.00000000e+00 -7.07106781e-01
7.07106781e-01 -0.00000000e+00 -7.07106781e-01
7.07106781e-01 -0.00000000e+00 -7.07106781e-01
7.07106781e-01 -0.00000000e+00 -7.07106781e-01
7.07106781e-01 -0.00000000e+00 -7.07106781e-01
7.07106781e-01 -0.00000000e+00 -7.07106781e-01
7.07106781e-01 -0.00000000e+00 -7.07106781e-01
-0.00000000e+00 -7.07106781e-01 -7.07106781e-01
-0.00000000e+00 -7.07106781e-01 -7.07106781e-01
-0.00000000e+00 -7.07106781e-01 -7.07106781e-01
-0.00000000e+00 -7.07106781e-01 -7.07106781e-01
-0.00000000e+00 -7.07106781e-01 -7.07106781e-01
-0.00000000e+00 -7.07106781e-01 -7.07106781e-01
-0.00000000e+00 -7.07106781e-01 -7.07106781e-01
-0.00000000e+00 -7.07106781e-01 -7.07106781e-01
-0.00000000e+00 -7.07106781e-01 -7.07106781e-01
-0.00000000e+00 -7.07106781e-01 -7.07106781e-01
-0.00000000e+00 -7.07106781e-01 -7.07106781e-01
-0.00000000e+00 -7.07106781e-01 -7.07106781e-01
-0.00000000e+00 -7.07106781e-01 -7.07106781e-01
-0.00000000e+00 -7.07106781e-01 -7.07106781e-01
-0.00000000e+00 -7.07106781e-01 -7.07106781e-01
-0.00000000e+00 -7.07106781e-01 -7.07106781e-01
-0.00000000e+00 7.07106781e-01 -7.07106781e-01
-0.00000000e+00 7.07106781e-01 -7.07106781e-01
-0.00000000e+00 7.07106781e-01 -7.07106781e-01
-0.00000000e+00 7.07106781e-01 -7.07106781e-01
-0.00000000e+00 7.07106781e-01 -7.07106781e-01
-0.00000000e+00 7.07106781e-01 -7.07106781e-01
-0.00000000e+00 7.07106781e-01 -7.07106781e-01
-0.00000000e+00 7.07106781e-01 -7.07106781e-01
-0.00000000e+00 7.07106781e-01 -7.07106781e-01
-0.00000000e+00 7.07106781e-01 -7.07106781e-01
-0.00000000e+00 7.07106781e-01 -7.07106781e-01
-0.00000000e+00 7.07106781e-01 -7.07106781e-01
-0.00000000e+00 7.07106781e-01 -7.07106781e-01
-0.00000000e+00 7.07106781e-01 -7.07106781e-01
-0.00000000e+00 7.07106781e-01 -7.07106781e-01
-0.00000000e+00 7.07106781e-01 -7.07106781e-01
-7.07106781e-01 -7.07106781e-01 -0.00000000e+00
-7.07106781e-01 -7.07106781e-01 -0.00000000e+00
-7.07106781e-01 -7.07106781e-01 -0.00000000e+00
-7.07106781e-01 -7.07106781e-01 -0.00000000e+00
-7.07106781e-01 -7.07106781e-01 -0.00000000e+00
-7.07106781e-01 -7.07106781e-01 -0.00000000e+00
-7.07106781e-01 -7.07106781e-01 -0.00000000e+00
-7.07106781e-01 -7.07106781e-01 -0.00000000e+00
-7.07106781e-01 -7.07106781e-01 -0.00000000e+00
-7.07106781e-01 -7.07106781e-01 -0.00000000e+00
-7.07106781e-01 -7.07106781e-01 -0.00000000e+00
-7.07106781e-01 -7.07106781e-01 -0.00000000e+00
-7.07106781e-01 -7.07106781e-01 -0.00000000e+00
-7.07106781e-01 -7.07106781e-01 -0.00000000e+00
-7.07106781e-01 -7.07106781e-01 -0.00000000e+00
-7.07106781e-01 -7.07106781e-01 -0.00000000e+00
7.07106781e-01 -7.07106781e-01 -0.00000000e+00
7.07106781e-01 -7.07106781e-01 -0.00000000e+00
7.07106781e-01 -7.07106781e-01 -0.00000000e+00
7.07106781e-01 -7.07106781e-01 -0.00000000e+00
7.07106781e-01 -7.07106781e-01 -0.00000000e+00
7.07106781e-01 -7.07106781e-01 -0.00000000e+00
7.07106781e-01 -7.07106781e-01 -0.00000000e+00
7.07106781e-01 -7.07106781e-01 -0.00000000e+00
7.07106781e-01 -7.07106781e-01 -0.00000000e+00
7.07106781e-01 -7.07106781e-01 -0.00000000e+00
7.07106781e-01 -7.07106781e-01 -0.00000000e+00
7.07106781e-01 -7.07106781e-01 -0.00000000e+00
7.07106781e-01 -7.07106781e-01 -0.00000000e+00
7.07106781e-01 -7.07106781e-01 -0.00000000e+00
7.07106781e-01 -7.07106781e-01 -0.00000000e+00
7.07106781e-01 -7.07106781e-01 -0.00000000e+00
-7.07106781e-01 -0.00000000e+00 -7.07106781e-01
-7.07106781e-01 -0.00000000e+00 -7.07106781e-01
-7.07106781e-01 -0.00000000e+00 -7.07106781e-01
-7.07106781e-01 -0.00000000e+00 -7.07106781e-01
-7.07106781e-01 -0.00000000e+00 -7.07106781e-01
-7.07106781e-01 -0.00000000e+00 -7.07106781e-01
-7.07106781e-01 -0.00000000e+00 -7.07106781e-01
-7.07106781e-01 -0.00000000e+00 -7.07106781e-01
-7.07106781e-01 -0.00000000e+00 -7.07106781e-01
-7.07106781e-01 -0.00000000e+00 -7.07106781e-01
-7.07106781e-01 -0.00000000e+00 -7.07106781e-01
-7.07106781e-01 -0.00000000e+00 -7.07106781e-01
-7.07106781e-01 -0.00000000e+00 -7.07106781e-01
-7.07106781e-01 -0.00000000e+00 -7.07106781e-01
-7.07106781e-01 -0.00000000e+00 -7.07106781e-01
-7.07106781e-01 -0.00000000e+00 -7.07106781e-01
7.07106781e-01 -0.00000000e+00 -7.07106781e-01
7.07106781e-01 -0.00000000e+00 -7.07106781e-01
7.07106781e-01 -0.00000000e+00 -7.07106781e-01
7.07106781e-01 -0.00000000e+00 -7.07106781e-01
7.07106781e-01 -0.00000000e+00 -7.07106781e-01
7.07106781e-01 -0.00000000e+00 -7.07106781e-01
7.07106781e-01 -0.00000000e+00 -7.07106781e-01
7.07106781e-01 -0.00000000e+00 -7.07106781e-01
7.07106781e-01 -0.00000000e+00 -7.07106781e-01
7.07106781e-01 -0.00000000e+00 -7.07106781e-01
7.07106781e-01 -0.00000000e+00 -7.07106781e-01
7.07106781e-01 -0.00000000e+00 -7.07106781e-01
7.07106781e-01 -0.00000000e+00 -7.07106781e-01
7.07106781e-01 -0.00000000e+00 -7.07106781e-01
7.07106781e-01 -0.00000000e+00 -7.07106781e-01
7.07106781e-01 -0.00000000e+00 -7.07106781e-01
-0.00000000e+00 -7.07106781e-01 -7.07106781e-01
-0.00000000e+00 -7.07106781e-01 -7.07106781e-01
-0.00000000e+00 -7.07106781e-01 -7.07106781e-01
-0.00000000e+00 -7.07106781e-01 -7.07106781e-01
-0.00000000e+00 -7.07106781e-01 -7.07106781e-01
-0.00000000e+00 -7.07106781e-01 -7.07106781e-01
-0.00000000e+00 -7.07106781e-01 -7.07106781e-01
-0.00000000e+00 -7.07106781e-01 -7.07106781e-01
-0.00000000e+00 -7.07106781e-01 -7.07106781e-01
-0.00000000e+00 -7.07106781e-01 -7.07106781e-01
-0.00000000e+00 -7.07106781e-01 -7.07106781e-01
-0.00000000e+00 -7.07106781e-01 -7.07106781e-01
-0.00000000e+00 -7.07106781e-01 -7.07106781e-01
-0.00000000e+00 -7.07106781e-01 -7.07106781e-01
-0.00000000e+00 -7.07106781e-01 -7.07106781e-01
-0.00000000e+00 -7.07106781e-01 -7.07106781e-01
-0.00000000e+00 7.07106781e-01 -7.07106781e-01
-0.00000000e+00 7.07106781e-01 -7.07106781e-01
-0.00000000e+00 7.07106781e-01 -7.07106781e-01
-0.00000000e+00 7.07106781e-01 -7.07106781e-01
-0.00000000e+00 7.07106781e-01 -7.07106781e-01
-0.00000000e+00 7.07106781e-01 -7.07106781e-01
-0.00000000e+00 7.07106781e-01 -7.07106781e-01
-0.00000000e+00 7.07106781e-01 -7.07106781e-01
-0.00000000e+00 7.07106781e-01 -7.07106781e-01
-0.00000000e+00 7.07106781e-01 -7.07106781e-01
-0.00000000e+00 7.07106781e-01 -7.07106781e-01
-0.00000000e+00 7.07106781e-01 -7.07106781e-01
-0.00000000e+00 7.07106781e-01 -7.07106781e-01
-0.00000000e+00 7.07106781e-01 -7.07106781e-01
-0.00000000e+00 7.07106781e-01 -7.07106781e-01
-0.00000000e+00 7.07106781e-01 -7.07106781e-01
-7.07106781e-01 -7.07106781e-01 -0.00000000e+00
-7.07106781e-01 -7.07106781e-01 -0.00000000e+00
-7.07106781e-01 -7.07106781e-01 -0.00000000e+00
-7.07106781e-01 -7.07106781e-01 -0.00000000e+00
-7.07106781e-01 -7.07106781e-01 -0.00000000e+00
-7.07106781e-01 -7.07106781e-01 -0.00000000e+00
-7.07106781e-01 -7.07106781e-01 -0.00000000e+00
-7.07106781e-01 -7.07106781e-01 -0.00000000e+00
-7.07106781e-01 -7.07106781e-01 -0.00000000e+00
-7.07106781e-01 -7.07106781e-01 -0.00000000e+00
-7.07106781e-01 -7.07106781e-01 -0.00000000e+00
-7.07106781e-01 -7.07106781e-01 -0.00000000e+00
-7.07106781e-01 -7.07106781e-01 -0.00000000e+00
-7.07106781e-01 -7.07106781e-01 -0.00000000e+00
-7.07106781e-01 -7.07106781e-01 -0.00000000e+00
-7.07106781e-01 -7.07106781e-01 -0.00000000e+00
7.07106781e-01 -7.07106781e-01 -0.00000000e+00
7.07106781e-01 -7.07106781e-01 -0.00000000e+00
7.07106781e-01 -7.07106781e-01 -0.00000000e+00
7.07106781e-01 -7.07106781e-01 -0.00000000e+00
7.07106781e-01 -7.07106781e-01 -0.00000000e+00
7.07106781e-01 -7.07106781e-01 -0.00000000e+00
7.07106781e-01 -7.07106781e-01 -0.00000000e+00
7.07106781e-01 -7.07106781e-01 -0.00000000e+00
7.07106781e-01 -7.07106781e-01 -0.00000000e+00
7.07106781e-01 -7.07106781e-01 -0.00000000e+00
7.07106781e-01 -7.07106781e-01 -0.00000000e+00
7.07106781e-01 -7.07106781e-01 -0.00000000e+00
7.07106781e-01 -7.07106781e-01 -0.00000000e+00
7.07106781e-01 -7.07106781e-01 -0.00000000e+00
7.07106781e-01 -7.07106781e-01 -0.00000000e+00
7.07106781e-01 -7.07106781e-01 -0.00000000e+00
-7.07106781e-01 -0.00000000e+00 -7.07106781e-01
-7.07106781e-01 -0.00000000e+00 -7.07106781e-01
-7.07106781e-01 -0.00000000e+00 -7.07106781e-01
-7.07106781e-01 -0.00000000e+00 -7.07106781e-01
-7.07106781e-01 -0.00000000e+00 -7.07106781e-01
-7.07106781e-01 -0.00000000e+00 -7.07106781e-01
-7.07106781e-01 -0.00000000e+00 -7.07106781e-01
-7.07106781e-01 -0.00000000e+00 -7.07106781e-01
-7.07106781e-01 -0.00000000e+00 -7.07106781e-01
-7.07106781e-01 -0.00000000e+00 -7.07106781e-01
-7.07106781e-01 -0.00000000e+00 -7.07106781e-01
-7.07106781e-01 -0.00000000e+00 -7.07106781e-01
-7.07106781e-01 -0.00000000e+00 -7.07106781e-01
-7.07106781e-01 -0.00000000e+00 -7.07106781e-01
-7.07106781e-01 -0.00000000e+00 -7.07106781e-01
-7.07106781e-01 -0.00000000e+00 -7.07106781e-01
7.07106781e-01 -0.00000000e+00 -7.07106781e-01
7.07106781e-01 -0.00000000e+00 -7.07106781e-01
7.07106781e-01 -0.00000000e+00 -7.07106781e-01
7.07106781e-01 -0.00000000e+00 -7.07106781e-01
7.07106781e-01 -0.00000000e+00 -7.07106781e-01
7.07106781e-01 -0.00000000e+00 -7.07106781e-01
7.07106781e-01 -0.00000000e+00 -7.07106781e-01
7.07106781e-01 -0.00000000e+00 -7.07106781e-01
7.07106781e-01 -0.00000000e+00 -7.07106781e-01
7.07106781e-01 -0.00000000e+00 -7.07106781e-01
7.07106781e-01 -0.00000000e+00 -7.07106781e-01
7.07106781e-01 -0.00000000e+00 -7.07106781e-01
7.07106781e-01 -0.00000000e+00 -7.07106781e-01
7.07106781e-01 -0.00000000e+00 -7.07106781e-01
7.07106781e-01 -0.00000000e+00 -7.07106781e-01
7.07106781e-01 -0.00000000e+00 -7.07106781e-01
-0.00000000e+00 -7.07106781e-01 -7.07106781e-01
-0.00000000e+00 -7.07106781e-01 -7.07106781e-01
-0.00000000e+00 -7.07106781e-01 -7.07106781e-01
-0.00000000e+00 -7.07106781e-01 -7.07106781e-01
-0.00000000e+00 -7.07106781e-01 -7.07106781e-01
-0.00000000e+00 -7.07106781e-01 -7.07106781e-01
-0.00000000e+00 -7.07106781e-01 -7.07106781e-01
-0.00000000e+00 -7.07106781e-01 -7.07106781e-01
-0.00000000e+00 -7.07106781e-01 -7.07106781e-01
-0.00000000e+00 -7.07106781e-01 -7.07106781e-01
-0.00000000e+00 -7.07106781e-01 -7.07106781e-01
-0.00000000e+00 -7.07106781e-01 -7.07106781e-01
-0.00000000e+00 -7.07106781e-01 -7.07106781e-01
-0.00000000e+00 -7.07106781e-01 -7.07106781e-01
-0.00000000e+00 -7.07106781e-01 -7.07106781e-01
-0.00000000e+00 -7.07106781e-01 -7.07106781e-01
-0.00000000e+00 7.07106781e-01 -7.07106781e-01
-0.00000000e+00 7.07106781e-01 -7.07106781e-01
-0.00000000e+00 7.07106781e-01 -7.07106781e-01
-0.00000000e+00 7.07106781e-01 -7.07106781e-01
-0.00000000e+00 7.07106781e-01 -7.07106781e-01
-0.00000000e+00 7.07106781e-01 -7.07106781e-01
-0.00000000e+00 7.07106781e-01 -7.07106781e-01
-0.00000000e+00 7.07106781e-01 -7.07106781e-01
-0.00000000e+00 7.07106781e-01 -7.07106781e-01
-0.00000000e+00 7.07106781e-01 -7.07106781e-01
-0.00000000e+00 7.07106781e-01 -7.07106781e-01
-0.00000000e+00 7.07106781e-01 -7.07106781e-01
-0.00000000e+00 7.07106781e-01 -7.07106781e-01
-0.00000000e+00 7.07106781e-01 -7.07106781e-01
-0.00000000e+00 7.07106781e-01 -7.07106781e-01
-0.00000000e+00 7.07106781e-01 -7.07106781e-01
-7.07106781e-01 -7.07106781e-01 -0.00000000e+00
-7.07106781e-01 -7.07106781e-01 -0.00000000e+00
-7.07106781e-01 -7.07106781e-01 -0.00000000e+00
-7.07106781e-01 -7.07106781e-01 -0.00000000e+00
-7.07106781e-01 -7.07106781e-01 -0.00000000e+00
-7.07106781e-01 -7.07106781e-01 -0.00000000e+00
-7.07106781e-01 -7.07106781e-01 -0.00000000e+00
-7.07106781e-01 -7.07106781e-01 -0.00000000e+00
-7.07106781e-01 -7.07106781e-01 -0.00000000e+00
-7.07106781e-01 -7.07106781e-01 -0.00000000e+00
-7.07106781e-01 -7.07106781e-01 -0.00000000e+00
-7.07106781e-01 -7.07106781e-01 -0.00000000e+00
-7.07106781e-01 -7.07106781e-01 -0.00000000e+00
-7.07106781e-01 -7.07106781e-01 -0.00000000e+00
-7.07106781e-01 -7.07106781e-01 -0.00000000e+00
-7.07106781e-01 -7.07106781e-01 -0.00000000e+00
7.07106781e-01 -7.07106781e-01 -0.00000000e+00
7.07106781e-01 -7.07106781e-01 -0.00000000e+00
7.07106781e-01 -7.07106781e-01 -0.00000000e+00
7.07106781e-01 -7.07106781e-01 -0.00000000e+00
7.07106781e-01 -7.07106781e-01 -0.00000000e+00
7.07106781e-01 -7.07106781e-01 -0.00000000e+00
7.07106781e-01 -7.07106781e-01 -0.00000000e+00
7.07106781e-01 -7.07106781e-01 -0.00000000e+00
7.07106781e-01 -7.07106781e-01 -0.00000000e+00
7.07106781e-01 -7.07106781e-01 -0.00000000e+00
7.07106781e-01 -7.07106781e-01 -0.00000000e+00
7.07106781e-01 -7.07106781e-01 -0.00000000e+00
7.07106781e-01 -7.07106781e-01 -0.00000000e+00
7.07106781e-01 -7.07106781e-01 -0.00000000e+00
7.07106781e-01 -7.07106781e-01 -0.00000000e+00
7.07106781e-01 -7.07106781e-01 -0.00000000e+00
-7.07106781e-01 -0.00000000e+00 -7.07106781e-01
-7.07106781e-01 -0.00000000e+00 -7.07106781e-01
-7.07106781e-01 -0.00000000e+00 -7.07106781e-01
-7.07106781e-01 -0.00000000e+00 -7.07106781e-01
-7.07106781e-01 -0.00000000e+00 -7.07106781e-01
-7.07106781e-01 -0.00000000e+00 -7.07106781e-01
-7.07106781e-01 -0.00000000e+00 -7.07106781e-01
-7.07106781e-01 -0.00000000e+00 -7.07106781e-01
-7.07106781e-01 -0.00000000e+00 -7.07106781e-01
-7.07106781e-01 -0.00000000e+00 -7.07106781e-01
-7.07106781e-01 -0.00000000e+00 -7.07106781e-01
-7.07106781e-01 -0.00000000e+00 -7.07106781e-01
-7.07106781e-01 -0.00000000e+00 -7.07106781e-01
-7.07106781e-01 -0.00000000e+00 -7.07106781e-01
-7.07106781e-01 -0.00000000e+00 -7.07106781e-01
-7.07106781e-01 -0.00000000e+00 -7.07106781e-01
7.07106781e-01 -0.00000000e+00 -7.07106781e-01
7.07106781e-01 -0.00000000e+00 -7.07106781e-01
7.07106781e-01 -0.00000000e+00 -7.07106781e-01
7.07106781e-01 -0.00000000e+00 -7.07106781e-01
7.07106781e-01 -0.00000000e+00 -7.07106781e-01
7.07106781e-01 -0.00000000e+00 -7.07106781e-01
7.07106781e-01 -0.00000000e+00 -7.07106781e-01
7.07106781e-01 -0.00000000e+00 -7.07106781e-01
7.07106781e-01 -0.00000000e+00 -7.07106781e-01
7.07106781e-01 -0.00000000e+00 -7.07106781e-01
7.07106781e-01 -0.00000000e+00 -7.07106781e-01
7.07106781e-01 -0.00000000e+00 -7.07106781e-01
7.07106781e-01 -0.00000000e+00 -7.07106781e-01
7.07106781e-01 -0.00000000e+00 -7.07106781e-01
7.07106781e-01 -0.00000000e+00 -7.07106781e-01
7.07106781e-01 -0.00000000e+00 -7.07106781e-01
-0.00000000e+00 -7.07106781e-01 -7.07106781e-01
-0.00000000e+00 -7.07106781e-01 -7.07106781e-01
-0.00000000e+00 -7.07106781e-01 -7.07106781e-01
-0.00000000e+00 -7.07106781e-01 -7.07106781e-01
-0.00000000e+00 -7.07106781e-01 -7.07106781e-01
-0.00000000e+00 -7.07106781e-01 -7.07106781e-01
-0.00000000e+00 -7.07106781e-01 -7.07106781e-01
-0.00000000e+00 -7.07106781e-01 -7.07106781e-01
-0.00000000e+00 -7.07106781e-01 -7.07106781e-01
-0.00000000e+00 -7.07106781e-01 -7.07106781e-01
-0.00000000e+00 -7.07106781e-01 -7.07106781e-01
-0.00000000e+00 -7.07106781e-01 -7.07106781e-01
-0.00000000e+00 -7.07106781e-01 -7.07106781e-01
-0.00000000e+00 -7.07106781e-01 -7.07106781e-01
-0.00000000e+00 -7.07106781e-01 -7.07106781e-01
-0.00000000e+00 -7.07106781e-01 -7.07106781e-01
-0.00000000e+00 7.07106781e-01 -7.07106781e-01
-0.00000000e+00 7.07106781e-01 -7.07106781e-01
-0.00000000e+00 7.07106781e-01 -7.07106781e-01
-0.00000000e+00 7.07106781e-01 -7.07106781e-01
-0.00000000e+00 7.07106781e-01 -7.07106781e-01
-0.00000000e+00 7.07106781e-01 -7.07106781e-01
-0.00000000e+00 7.07106781e-01 -7.07106781e-01
-0.00000000e+00 7.07106781e-01 -7.07106781e-01
-0.00000000e+00 7.07106781e-01 -7.07106781e-01
-0.00000000e+00 7.07106781e-01 -7.07106781e-01
-0.00000000e+00 7.07106781e-01 -7.07106781e-01
-0.00000000e+00 7.07106781e-01 -7.07106781e-01
-0.00000000e+00 7.07106781e-01 -7.07106781e-01
-0.00000000e+00 7.07106781e-01 -7.07106781e-01
-0.00000000e+00 7.07106781e-01 -7.07106781e-01
-0.00000000e+00 7.07106781e-01 -7.07106781e-01
-7.07106781e-01 -7.07106781e-01 -0.00000000e+00
-7.07106781e-01 -7.07106781e-01 -0.00000000e+00
-7.07106781e-01 -7.07106781e-01 -0.00000000e+00
-7.07106781e-01 -7.07106781e-01 -0.00000000e+00
-7.07106781e-01 -7.07106781e-01 -0.00000000e+00
-7.07106781e-01 -7.07106781e-01 -0.00000000e+00
-7.07106781e-01 -7.07106781e-01 -0.00000000e+00
-7.07106781e-01 -7.07106781e-01 -0.00000000e+00
-7.07106781e-01 -7.07106781e-01 -0.00000000e+00
-7.07106781e-01 -7.07106781e-01 -0.00000000e+00
-7.07106781e-01 -7.07106781e-01 -0.00000000e+00
-7.07106781e-01 -7.07106781e-01 -0.00000000e+00
-7.07106781e-01 -7.07106781e-01 -0.00000000e+00
-7.07106781e-01 -7.07106781e-01 -0.00000000e+00
-7.07106781e-01 -7.07106781e-01 -0.00000000e+00
-7.07106781e-01 -7.07106781e-01 -0.00000000e+00
7.07106781e-01 -7.07106781e-01 -0.00000000e+00
7.07106781e-01 -7.07106781e-01 -0.00000000e+00
7.07106781e-01 -7.07106781e-01 -0.00000000e+00
7.07106781e-01 -7.07106781e-01 -0.00000000e+00
7.07106781e-01 -7.07106781e-01 -0.00000000e+00
7.07106781e-01 -7.07106781e-01 -0.00000000e+00
7.07106781e-01 -7.07106781e-01 -0.00000000e+00
7.07106781e-01 -7.07106781e-01 -0.00000000e+00
7.07106781e-01 -7.07106781e-01 -0.00000000e+00
7.07106781e-01 -7.07106781e-01 -0.00000000e+00
7.07106781e-01 -7.07106781e-01 -0.00000000e+00
7.07106781e-01 -7.07106781e-01 -0.00000000e+00
7.07106781e-01 -7.07106781e-01 -0.00000000e+00
7.07106781e-01 -7.07106781e-01 -0.00000000e+00
7.07106781e-01 -7.07106781e-01 -0.00000000e+00
7.07106781e-01 -7.07106781e-01 -0.00000000e+00
-7.07106781e-01 -0.00000000e+00 -7.07106781e-01
-7.07106781e-01 -0.00000000e+00 -7.07106781e-01
-7.07106781e-01 -0.00000000e+00 -7.07106781e-01
-7.07106781e-01 -0.00000000e+00 -7.07106781e-01
-7.07106781e-01 -0.00000000e+00 -7.07106781e-01
-7.07106781e-01 -0.00000000e+00 -7.07106781e-01
-7.07106781e-01 -0.00000000e+00 -7.07106781e-01
-7.07106781e-01 -0.00000000e+00 -7.07106781e-01
-7.07106781e-01 -0.00000000e+00 -7.07106781e-01
-7.07106781e-01 -0.00000000e+00 -7.07106781e-01
-7.07106781e-01 -0.00000000e+00 -7.07106781e-01
-7.07106781e-01 -0.00000000e+00 -7.07106781e-01
-7.07106781e-01 -0.00000000e+00 -7.07106781e-01
-7.07106781e-01 -0.00000000e+00 -7.07106781e-01
-7.07106781e-01 -0.00000000e+00 -7.07106781e-01
-7.07106781e-01 -0.00000000e+00 -7.07106781e-01
7.07106781e-01 -0.00000000e+00 -7.07106781e-01
7.07106781e-01 -0.00000000e+00 -7.07106781e-01
7.07106781e-01 -0.00000000e+00 -7.07106781e-01
7.07106781e-01 -0.00000000e+00 -7.07106781e-01
7.07106781e-01 -0.00000000e+00 -7.07106781e-01
7.07106781e-01 -0.00000000e+00 -7.07106781e-01
7.07106781e-01 -0.00000000e+00 -7.07106781e-01
7.07106781e-01 -0.00000000e+00 -7.07106781e-01
7.07106781e-01 -0.00000000e+00 -7.07106781e-01
7.07106781e-01 -0.00000000e+00 -7.07106781e-01
7.07106781e-01 -0.00000000e+00 -7.07106781e-01
7.07106781e-01 -0.00000000e+00 -7.07106781e-01
7.07106781e-01 -0.00000000e+00 -7.07106781e-01
7.07106781e-01 -0.00000000e+00 -7.07106781e-01
7.07106781e-01 -0.00000000e+00 -7.07106781e-01
7.07106781e-01 -0.00000000e+00 -7.07106781e-01
-0.00000000e+00 -7.07106781e-01 -7.07106781e-01
-0.00000000e+00 -7.07106781e-01 -7.07106781e-01
-0.00000000e+00 -7.07106781e-01 -7.07106781e-01
-0.00000000e+00 -7.07106781e-01 -7.07106781e-01
-0.00000000e+00 -7.07106781e-01 -7.07106781e-01
-0.00000000e+00 -7.07106781e-01 -7.07106781e-01
-0.00000000e+00 -7.07106781e-01 -7.07106781e-01
-0.00000000e+00 -7.07106781e-01 -7.07106781e-01
-0.00000000e+00 -7.07106781e-01 -7.07106781e-01
-0.00000000e+00 -7.07106781e-01 -7.07106781e-01
-0.00000000e+00 -7.07106781e-01 -7.07106781e-01
-0.00000000e+00 -7.07106781e-01 -7.07106781e-01
-0.00000000e+00 -7.07106781e-01 -7.07106781e-01
-0.00000000e+00 -7.07106781e-01 -7.07106781e-01
-0.00000000e+00 -7.07106781e-01 -7.07106781e-01
-0.00000000e+00 -7.07106781e-01 -7.07106781e-01
-0.00000000e+00 7.07106781e-01 -7.07106781e-01
-0.00000000e+00 7.07106781e-01 -7.07106781e-01
-0.00000000e+00 7.07106781e-01 -7.07106781e-01
-0.00000000e+00 7.07106781e-01 -7.07106781e-01
-0.00000000e+00 7.07106781e-01 -7.07106781e-01
-0.00000000e+00 7.07106781e-01 -7.07106781e-01
-0.00000000e+00 7.07106781e-01 -7.07106781e-01
-0.00000000e+00 7.07106781e-01 -7.07106781e-01
-0.00000000e+00 7.07106781e-01 -7.07106781e-01
-0.00000000e+00 7.07106781e-01 -7.07106781e-01
-0.00000000e+00 7.07106781e-01 -7.07106781e-01
-0.00000000e+00 7.07106781e-01 -7.07106781e-01
-0.00000000e+00 7.07106781e-01 -7.07106781e-01
-0.00000000e+00 7.07106781e-01 -7.07106781e-01
-0.00000000e+00 7.07106781e-01 -7.07106781e-01
-0.00000000e+00 7.07106781e-01 -7.07106781e-01
-7.07106781e-01 -7.07106781e-01 -0.00000000e+00
-7.07106781e-01 -7.07106781e-01 -0.00000000e+00
-7.07106781e-01 -7.07106781e-01 -0.00000000e+00
-7.07106781e-01 -7.07106781e-01 -0.00000000e+00
-7.07106781e-01 -7.07106781e-01 -0.00000000e+00
-7.07106781e-01 -7.07106781e-01 -0.00000000e+00
-7.07106781e-01 -7.07106781e-01 -0.00000000e+00
-7.07106781e-01 -7.07106781e-01 -0.00000000e+00
-7.07106781e-01 -7.07106781e-01 -0.00000000e+00
-7.07106781e-01 -7.07106781e-01 -0.00000000e+00
-7.07106781e-01 -7.07106781e-01 -0.00000000e+00
-7.07106781e-01 -7.07106781e-01 -0.00000000e+00
-7.07106781e-01 -7.07106781e-01 -0.00000000e+00
-7.07106781e-01 -7.07106781e-01 -0.00000000e+00
-7.07106781e-01 -7.07106781e-01 -0.00000000e+00
-7.07106781e-01 -7.07106781e-01 -0.00000000e+00
7.07106781e-01 -7.07106781e-01 -0.00000000e+00
7.07106781e-01 -7.07106781e-01 -0.00000000e+00
7.07106781e-01 -7.07106781e-01 -0.00000000e+00
7.07106781e-01 -7.07106781e-01 -0.00000000e+00
7.07106781e-01 -7.07106781e-01 -0.00000000e+00
7.07106781e-01 -7.07106781e-01 -0.00000000e+00
7.07106781e-01 -7.07106781e-01 -0.00000000e+00
7.07106781e-01 -7.07106781e-01 -0.00000000e+00
7.07106781e-01 -7.07106781e-01 -0.00000000e+00
7.07106781e-01 -7.07106781e-01 -0.00000000e+00
7.07106781e-01 -7.07106781e-01 -0.00000000e+00
7.07106781e-01 -7.07106781e-01 -0.00000000e+00
7.07106781e-01 -7.07106781e-01 -0.00000000e+00
7.07106781e-01 -7.07106781e-01 -0.00000000e+00
7.07106781e-01 -7.07106781e-01 -0.00000000e+00
7.07106781e-01 -7.07106781e-01 -0.00000000e+00
-7.07106781e-01 -0.00000000e+00 -7.07106781e-01
-7.07106781e-01 -0.00000000e+00 -7.07106781e-01
-7.07106781e-01 -0.00000000e+00 -7.07106781e-01
-7.07106781e-01 -0.00000000e+00 -7.07106781e-01
-7.07106781e-01 -0.00000000e+00 -7.07106781e-01
-7.07106781e-01 -0.00000000e+00 -7.07106781e-01
-7.07106781e-01 -0.00000000e+00 -7.07106781e-01
-7.07106781e-01 -0.00000000e+00 -7.07106781e-01
-7.07106781e-01 -0.00000000e+00 -7.07106781e-01
-7.07106781e-01 -0.00000000e+00 -7.07106781e-01
-7.07106781e-01 -0.00000000e+00 -7.07106781e-01
-7.07106781e-01 -0.00000000e+00 -7.07106781e-01
-7.07106781e-01 -0.00000000e+00 -7.07106781e-01
-7.07106781e-01 -0.00000000e+00 -7.07106781e-01
-7.07106781e-01 -0.00000000e+00 -7.07106781e-01
-7.07106781e-01 -0.00000000e+00 -7.07106781e-01
7.07106781e-01 -0.00000000e+00 -7.07106781e-01
7.07106781e-01 -0.00000000e+00 -7.07106781e-01
7.07106781e-01 -0.00000000e+00 -7.07106781e-01
7.07106781e-01 -0.00000000e+00 -7.07106781e-01
7.07106781e-01 -0.00000000e+00 -7.07106781e-01
7.07106781e-01 -0.00000000e+00 -7.07106781e-01
7.07106781e-01 -0.00000000e+00 -7.07106781e-01
7.07106781e-01 -0.00000000e+00 -7.07106781e-01
7.07106781e-01 -0.00000000e+00 -7.07106781e-01
7.07106781e-01 -0.00000000e+00 -7.07106781e-01
7.07106781e-01 -0.00000000e+00 -7.07106781e-01
7.07106781e-01 -0.00000000e+00 -7.07106781e-01
7.07106781e-01 -0.00000000e+00 -7.07106781e-01
7.07106781e-01 -0.00000000e+00 -7.07106781e-01
7.07106781e-01 -0.00000000e+00 -7.07106781e-01
7.07106781e-01 -0.00000000e+00 -7.07106781e-01
-0.00000000e+00 -7.07106781e-01 -7.07106781e-01
-0.00000000e+00 -7.07106781e-01 -7.07106781e-01
-0.00000000e+00 -7.07106781e-01 -7.07106781e-01
-0.00000000e+00 -7.07106781e-01 -7.07106781e-01
-0.00000000e+00 -7.07106781e-01 -7.07106781e-01
-0.00000000e+00 -7.07106781e-01 -7.07106781e-01
-0.00000000e+00 -7.07106781e-01 -7.07106781e-01
-0.00000000e+00 -7.07106781e-01 -7.07106781e-01
-0.00000000e+00 -7.07106781e-01 -7.07106781e-01
-0.00000000e+00 -7.07106781e-01 -7.07106781e-01
-0.00000000e+00 -7.07106781e-01 -7.07106781e-01
-0.00000000e+00 -7.07106781e-01 -7.07106781e-01
-0.00000000e+00 -7.07106781e-01 -7.07106781e-01
-0.00000000e+00 -7.07106781e-01 -7.07106781e-01
-0.00000000e+00 -7.07106781e-01 -7.07106781e-01
-0.00000000e+00 -7.07106781e-01 -7.07106781e-01
-0.00000000e+00 7.07106781e-01 -7.07106781e-01
-0.00000000e+00 7.07106781e-01 -7.07106781e-01
-0.00000000e+00 7.07106781e-01 -7.07106781e-01
-0.00000000e+00 7.07106781e-01 -7.07106781e-01
-0.00000000e+00 7.07106781e-01 -7.07106781e-01
-0.00000000e+00 7.07106781e-01 -7.07106781e-01
-0.00000000e+00 7.07106781e-01 -7.07106781e-01
-0.00000000e+00 7.07106781e-01 -7.07106781e-01
-0.00000000e+00 7.07106781e-01 -7.07106781e-01
-0.00000000e+00 7.07106781e-01 -7.07106781e-01
-0.00000000e+00 7.07106781e-01 -7.07106781e-01
-0.00000000e+00 7.07106781e-01 -7.07106781e-01
-0.00000000e+00 7.07106781e-01 -7.07106781e-01
-0.00000000e+00 7.07106781e-01 -7.07106781e-01
-0.00000000e+00 7.07106781e-01 -7.07106781e-01
-0.00000000e+00 7.07106781e-01 -7.07106781e-01
-7.07106781e-01 -7.07106781e-01 -0.00000000e+00
-7.07106781e-01 -7.07106781e-01 -0.00000000e+00
-7.07106781e-01 -7.07106781e-01 -0.00000000e+00
-7.07106781e-01 -7.07106781e-01 -0.00000000e+00
-7.07106781e-01 -7.07106781e-01 -0.00000000e+00
-7.07106781e-01 -7.07106781e-01 -0.00000000e+00
-7.07106781e-01 -7.07106781e-01 -0.00000000e+00
-7.07106781e-01 -7.07106781e-01 -0.00000000e+00
-7.07106781e-01 -7.07106781e-01 -0.00000000e+00
-7.07106781e-01 -7.07106781e-01 -0.00000000e+00
-7.07106781e-01 -7.07106781e-01 -0.00000000e+00
-7.07106781e-01 -7.07106781e-01 -0.00000000e+00
-7.07106781e-01 -7.07106781e-01 -0.00000000e+00
-7.07106781e-01 -7.07106781e-01 -0.00000000e+00
-7.07106781e-01 -7.07106781e-01 -0.00000000e+00
-7.07106781e-01 -7.07106781e-01 -0.00000000e+00
7.07106781e-01 -7.07106781e-01 -0.00000000e+00
7.07106781e-01 -7.07106781e-01 -0.00000000e+00
7.07106781e-01 -7.07106781e-01 -0.00000000e+00
7.07106781e-01 -7.07106781e-01 -0.00000000e+00
7.07106781e-01 -7.07106781e-01 -0.00000000e+00
7.07106781e-01 -7.07106781e-01 -0.00000000e+00
7.07106781e-01 -7.07106781e-01 -0.00000000e+00
7.07106781e-01 -7.07106781e-01 -0.00000000e+00
7.07106781e-01 -7.07106781e-01 -0.00000000e+00
7.07106781e-01 -7.07106781e-01 -0.00000000e+00
7.07106781e-01 -7.07106781e-01 -0.00000000e+00
7.07106781e-01 -7.07106781e-01 -0.00000000e+00
7.07106781e-01 -7.07106781e-01 -0.00000000e+00
7.07106781e-01 -7.07106781e-01 -0.00000000e+00
7.07106781e-01 -7.07106781e-01 -0.00000000e+00
7.07106781e-01 -7.07106781e-01 -0.00000000e+00
-7.07106781e-01 -0.00000000e+00 -7.07106781e-01
-7.07106781e-01 -0.00000000e+00 -7.07106781e-01
-7.07106781e-01 -0.00000000e+00 -7.07106781e-01
-7.07106781e-01 -0.00000000e+00 -7.07106781e-01
-7.07106781e-01 -0.00000000e+00 -7.07106781e-01
-7.07106781e-01 -0.00000000e+00 -7.07106781e-01
-7.07106781e-01 -0.00000000e+00 -7.07106781e-01
-7.07106781e-01 -0.00000000e+00 -7.07106781e-01
-7.07106781e-01 -0.00000000e+00 -7.07106781e-01
-7.07106781e-01 -0.00000000e+00 -7.07106781e-01
-7.07106781e-01 -0.00000000e+00 -7.07106781e-01
-7.07106781e-01 -0.00000000e+00 -7.07106781e-01
-7.07106781e-01 -0.00000000e+00 -7.07106781e-01
-7.07106781e-01 -0.00000000e+00 -7.07106781e-01
-7.07106781e-01 -0.00000000e+00 -7.07106781e-01
-7.07106781e-01 -0.00000000e+00 -7.07106781e-01
7.07106781e-01 -0.00000000e+00 -7.07106781e-01
7.07106781e-01 -0.00000000e+00 -7.07106781e-01
7.07106781e-01 -0.00000000e+00 -7.07106781e-01
7.07106781e-01 -0.00000000e+00 -7.07106781e-01
7.07106781e-01 -0.00000000e+00 -7.07106781e-01
7.07106781e-01 -0.00000000e+00 -7.07106781e-01
7.07106781e-01 -0.00000000e+00 -7.07106781e-01
7.07106781e-01 -0.00000000e+00 -7.07106781e-01
7.07106781e-01 -0.00000000e+00 -7.07106781e-01
7.07106781e-01 -0.00000000e+00 -7.07106781e-01
7.07106781e-01 -0.00000000e+00 -7.07106781e-01
7.07106781e-01 -0.00000000e+00 -7.07106781e-01
7.07106781e-01 -0.00000000e+00 -7.07106781e-01
7.07106781e-01 -0.00000000e+00 -7.07106781e-01
7.07106781e-01 -0.00000000e+00 -7.07106781e-01
7.07106781e-01 -0.00000000e+00 -7.07106781e-01
-0.00000000e+00 -7.07106781e-01 -7.07106781e-01
-0.00000000e+00 -7.07106781e-01 -7.07106781e-01
-0.00000000e+00 -7.07106781e-01 -7.07106781e-01
-0.00000000e+00 -7.07106781e-01 -7.07106781e-01
-0.00000000e+00 -7.07106781e-01 -7.07106781e-01
-0.00000000e+00 -7.07106781e-01 -7.07106781e-01
-0.00000000e+00 -7.07106781e-01 -7.07106781e-01
-0.00000000e+00 -7.07106781e-01 -7.07106781e-01
-0.00000000e+00 -7.07106781e-01 -7.07106781e-01
-0.00000000e+00 -7.07106781e-01 -7.07106781e-01
-0.00000000e+00 -7.07106781e-01 -7.07106781e-01
-0.00000000e+00 -7.07106781e-01 -7.07106781e-01
-0.00000000e+00 -7.07106781e-01 -7.07106781e-01
-0.00000000e+00 -7.07106781e-01 -7.07106781e-01
-0.00000000e+00 -7.07106781e-01 -7.07106781e-01
-0.00000000e+00 -7.07106781e-01 -7.07106781e-01
-0.00000000e+00 7.07106781e-01 -7.07106781e-01
-0.00000000e+00 7.07106781e-01 -7.07106781e-01
-0.00000000e+00 7.07106781e-01 -7.07106781e-01
-0.00000000e+00 7.07106781e-01 -7.07106781e-01
-0.00000000e+00 7.07106781e-01 -7.07106781e-01
-0.00000000e+00 7.07106781e-01 -7.07106781e-01
-0.00000000e+00 7.07106781e-01 -7.07106781e-01
-0.00000000e+00 7.07106781e-01 -7.07106781e-01
-0.00000000e+00 7.07106781e-01 -7.07106781e-01
-0.00000000e+00 7.07106781e-01 -7.07106781e-01
-0.00000000e+00 7.07106781e-01 -7.07106781e-01
-0.00000000e+00 7.07106781e-01 -7.07106781e-01
-0.00000000e+00 7.07106781e-01 -7.07106781e-01
-0.00000000e+00 7.07106781e-01 -7.07106781e-01
-0.00000000e+00 7.07106781e-01 -7.07106781e-01
-0.00000000e+00 7.07106781e-01 -7.07106781e-01
-7.07106781e-01 -7.07106781e-01 -0.00000000e+00
-7.07106781e-01 -7.07106781e-01 -0.00000000e+00
-7.07106781e-01 -7.07106781e-01 -0.00000000e+00
-7.07106781e-01 -7.07106781e-01 -0.00000000e+00
-7.07106781e-01 -7.07106781e-01 -0.00000000e+00
-7.07106781e-01 -7.07106781e-01 -0.00000000e+00
-7.07106781e-01 -7.07106781e-01 -0.00000000e+00
-7.07106781e-01 -7.07106781e-01 -0.00000000e+00
-7.07106781e-01 -7.07106781e-01 -0.00000000e+00
-7.07106781e-01 -7.07106781e-01 -0.00000000e+00
-7.07106781e-01 -7.07106781e-01 -0.00000000e+00
-7.07106781e-01 -7.07106781e-01 -0.00000000e+00
-7.07106781e-01 -7.07106781e-01 -0.00000000e+00
-7.07106781e-01 -7.07106781e-01 -0.00000000e+00
-7.07106781e-01 -7.07106781e-01 -0.00000000e+00
-7.07106781e-01 -7.07106781e-01 -0.00000000e+00
7.07106781e-01 -7.07106781e-01 -0.00000000e+00
7.07106781e-01 -7.07106781e-01 -0.00000000e+00
7.07106781e-01 -7.07106781e-01 -0.00000000e+00
7.07106781e-01 -7.07106781e-01 -0.00000000e+00
7.07106781e-01 -7.07106781e-01 -0.00000000e+00
7.07106781e-01 -7.07106781e-01 -0.00000000e+00
7.07106781e-01 -7.07106781e-01 -0.00000000e+00
7.07106781e-01 -7.07106781e-01 -0.00000000e+00
7.07106781e-01 -7.07106781e-01 -0.00000000e+00
7.07106781e-01 -7.07106781e-01 -0.00000000e+00
7.07106781e-01 -7.07106781e-01 -0.00000000e+00
7.07106781e-01 -7.07106781e-01 -0.00000000e+00
7.07106781e-01 -7.07106781e-01 -0.00000000e+00
7.07106781e-01 -7.07106781e-01 -0.00000000e+00
7.07106781e-01 -7.07106781e-01 -0.00000000e+00
7.07106781e-01 -7.07106781e-01 -0.00000000e+00
-7.07106781e-01 -0.00000000e+00 -7.07106781e-01
-7.07106781e-01 -0.00000000e+00 -7.07106781e-01
-7.07106781e-01 -0.00000000e+00 -7.07106781e-01
-7.07106781e-01 -0.00000000e+00 -7.07106781e-01
-7.07106781e-01 -0.00000000e+00 -7.07106781e-01
-7.07106781e-01 -0.00000000e+00 -7.07106781e-01
-7.07106781e-01 -0.00000000e+00 -7.07106781e-01
-7.07106781e-01 -0.00000000e+00 -7.07106781e-01
-7.07106781e-01 -0.00000000e+00 -7.07106781e-01
-7.07106781e-01 -0.00000000e+00 -7.07106781e-01
-7.07106781e-01 -0.00000000e+00 -7.07106781e-01
-7.07106781e-01 -0.00000000e+00 -7.07106781e-01
-7.07106781e-01 -0.00000000e+00 -7.07106781e-01
-7.07106781e-01 -0.00000000e+00 -7.07106781e-01
-7.07106781e-01 -0.00000000e+00 -7.07106781e-01
-7.07106781e-01 -0.00000000e+00 -7.07106781e-01
7.07106781e-01 -0.00000000e+00 -7.07106781e-01
7.07106781e-01 -0.00000000e+00 -7.07106781e-01
7.07106781e-01 -0.00000000e+00 -7.07106781e-01
7.07106781e-01 -0.00000000e+00 -7.07106781e-01
7.07106781e-01 -0.00000000e+00 -7.07106781e-01
7.07106781e-01 -0.00000000e+00 -7.07106781e-01
7.07106781e-01 -0.00000000e+00 -7.07106781e-01
7.07106781e-01 -0.00000000e+00 -7.07106781e-01
7.07106781e-01 -0.00000000e+00 -7.07106781e-01
7.07106781e-01 -0.00000000e+00 -7.07106781e-01
7.07106781e-01 -0.00000000e+00 -7.07106781e-01
7.07106781e-01 -0.00000000e+00 -7.07106781e-01
7.07106781e-01 -0.00000000e+00 -7.07106781e-01
7.07106781e-01 -0.00000000e+00 -7.07106781e-01
7.07106781e-01 -0.00000000e+00 -7.07106781e-01
7.07106781e-01 -0.00000000e+00 -7.07106781e-01
-0.00000000e+00 -7.07106781e-01 -7.07106781e-01
-0.00000000e+00 -7.07106781e-01 -7.07106781e-01
-0.00000000e+00 -7.07106781e-01 -7.07106781e-01
-0.00000000e+00 -7.07106781e-01 -7.07106781e-01
-0.00000000e+00 -7.07106781e-01 -7.07106781e-01
-0.00000000e+00 -7.07106781e-01 -7.07106781e-01
-0.00000000e+00 -7.07106781e-01 -7.07106781e-01
-0.00000000e+00 -7.07106781e-01 -7.07106781e-01
-0.00000000e+00 -7.07106781e-01 -7.07106781e-01
-0.00000000e+00 -7.07106781e-01 -7.07106781e-01
-0.00000000e+00 -7.07106781e-01 -7.07106781e-01
-0.00000000e+00 -7.07106781e-01 -7.07106781e-01
-0.00000000e+00 -7.07106781e-01 -7.07106781e-01
-0.00000000e+00 -7.07106781e-01 -7.07106781e-01
-0.00000000e+00 -7.07106781e-01 -7.07106781e-01
-0.00000000e+00 -7.07106781e-01 -7.07106781e-01
-0.00000000e+00 7.07106781e-01 -7.07106781e-01
-0.00000000e+00 7.07106781e-01 -7.07106781e-01
-0.00000000e+00 7.07106781e-01 -7.07106781e-01
-0.00000000e+00 7.07106781e-01 -7.07106781e-01
-0.00000000e+00 7.07106781e-01 -7.07106781e-01
-0.00000000e+00 7.07106781e-01 -7.07106781e-01
-0.00000000e+00 7.07106781e-01 -7.07106781e-01
-0.00000000e+00 7.07106781e-01 -7.07106781e-01
-0.00000000e+00 7.07106781e-01 -7.07106781e-01
-0.00000000e+00 7.07106781e-01 -7.07106781e-01
-0.00000000e+00 7.07106781e-01 -7.07106781e-01
-0.00000000e+00 7.07106781e-01 -7.07106781e-01
-0.00000000e+00 7.07106781e-01 -7.07106781e-01
-0.00000000e+00 7.07106781e-01 -7.07106781e-01
-0.00000000e+00 7.07106781e-01 -7.07106781e-01
-0.00000000e+00 7.07106781e-01 -7.07106781e-01
-7.07106781e-01 -7.07106781e-01 -0.00000000e+00
-7.07106781e-01 -7.07106781e-01 -0.00000000e+00
-7.07106781e-01 -7.07106781e-01 -0.00000000e+00
-7.07106781e-01 -7.07106781e-01 -0.00000000e+00
-7.07106781e-01 -7.07106781e-01 -0.00000000e+00
-7.07106781e-01 -7.07106781e-01 -0.00000000e+00
-7.07106781e-01 -7.07106781e-01 -0.00000000e+00
-7.07106781e-01 -7.07106781e-01 -0.00000000e+00
-7.07106781e-01 -7.07106781e-01 -0.00000000e+00
-7.07106781e-01 -7.07106781e-01 -0.00000000e+00
-7.07106781e-01 -7.07106781e-01 -0.00000000e+00
-7.07106781e-01 -7.07106781e-01 -0.00000000e+00
-7.07106781e-01 -7.07106781e-01 -0.00000000e+00
-7.07106781e-01 -7.07106781e-01 -0.00000000e+00
-7.07106781e-01 -7.07106781e-01 -0.00000000e+00
-7.07106781e-01 -7.07106781e-01 -0.00000000e+00
7.07106781e-01 -7.07106781e-01 -0.00000000e+00
7.07106781e-01 -7.07106781e-01 -0.00000000e+00
7.07106781e-01 -7.07106781e-01 -0.00000000e+00
7.07106781e-01 -7.07106781e-01 -0.00000000e+00
7.07106781e-01 -7.07106781e-01 -0.00000000e+00
7.07106781e-01 -7.07106781e-01 -0.00000000e+00
7.07106781e-01 -7.07106781e-01 -0.00000000e+00
7.07106781e-01 -7.07106781e-01 -0.00000000e+00
7.07106781e-01 -7.07106781e-01 -0.00000000e+00
7.07106781e-01 -7.07106781e-01 -0.00000000e+00
7.07106781e-01 -7.07106781e-01 -0.00000000e+00
7.07106781e-01 -7.07106781e-01 -0.00000000e+00
7.07106781e-01 -7.07106781e-01 -0.00000000e+00
7.07106781e-01 -7.07106781e-01 -0.00000000e+00
7.07106781e-01 -7.07106781e-01 -0.00000000e+00
7.07106781e-01 -7.07106781e-01 -0.00000000e+00
-7.07106781e-01 -0.00000000e+00 -7.07106781e-01
-7.07106781e-01 -0.00000000e+00 -7.07106781e-01
-7.07106781e-01 -0.00000000e+00 -7.07106781e-01
-7.07106781e-01 -0.00000000e+00 -7.07106781e-01
-7.07106781e-01 -0.00000000e+00 -7.07106781e-01
-7.07106781e-01 -0.00000000e+00 -7.07106781e-01
-7.07106781e-01 -0.00000000e+00 -7.07106781e-01
-7.07106781e-01 -0.00000000e+00 -7.07106781e-01
-7.07106781e-01 -0.00000000e+00 -7.07106781e-01
-7.07106781e-01 -0.00000000e+00 -7.07106781e-01
-7.07106781e-01 -0.00000000e+00 -7.07106781e-01
-7.07106781e-01 -0.00000000e+00 -7.07106781e-01
-7.07106781e-01 -0.00000000e+00 -7.07106781e-01
-7.07106781e-01 -0.00000000e+00 -7.07106781e-01
-7.07106781e-01 -0.00000000e+00 -7.07106781e-01
-7.07106781e-01 -0.00000000e+00 -7.07106781e-01
7.07106781e-01 -0.00000000e+00 -7.07106781e-01
7.07106781e-01 -0.00000000e+00 -7.07106781e-01
7.07106781e-01 -0.00000000e+00 -7.07106781e-01
7.07106781e-01 -0.00000000e+00 -7.07106781e-01
7.07106781e-01 -0.00000000e+00 -7.07106781e-01
7.07106781e-01 -0.00000000e+00 -7.07106781e-01
7.07106781e-01 -0.00000000e+00 -7.07106781e-01
7.07106781e-01 -0.00000000e+00 -7.07106781e-01
7.07106781e-01 -0.00000000e+00 -7.07106781e-01
7.07106781e-01 -0.00000000e+00 -7.07106781e-01
7.07106781e-01 -0.00000000e+00 -7.07106781e-01
7.07106781e-01 -0.00000000e+00 -7.07106781e-01
7.07106781e-01 -0.00000000e+00 -7.07106781e-01
7.07106781e-01 -0.00000000e+00 -7.07106781e-01
7.07106781e-01 -0.00000000e+00 -7.07106781e-01
7.07106781e-01 -0.00000000e+00 -7.07106781e-01
-0.00000000e+00 -7.07106781e-01 -7.07106781e-01
-0.00000000e+00 -7.07106781e-01 -7.07106781e-01
-0.00000000e+00 -7.07106781e-01 -7.07106781e-01
-0.00000000e+00 -7.07106781e-01 -7.07106781e-01
-0.00000000e+00 -7.07106781e-01 -7.07106781e-01
-0.00000000e+00 -7.07106781e-01 -7.07106781e-01
-0.00000000e+00 -7.07106781e-01 -7.07106781e-01
-0.00000000e+00 -7.07106781e-01 -7.07106781e-01
-0.00000000e+00 -7.07106781e-01 -7.07106781e-01
-0.00000000e+00 -7.07106781e-01 -7.07106781e-01
-0.00000000e+00 -7.07106781e-01 -7.07106781e-01
-0.00000000e+00 -7.07106781e-01 -7.07106781e-01
-0.00000000e+00 -7.07106781e-01 -7.07106781e-01
-0.00000000e+00 -7.07106781e-01 -7.07106781e-01
-0.00000000e+00 -7.07106781e-01 -7.07106781e-01
-0.00000000e+00 -7.07106781e-01 -7.07106781e-01
-0.00000000e+00 7.07106781e-01 -7.07106781e-01
-0.00000000e+00 7.07106781e-01 -7.07106781e-01
-0.00000000e+00 7.07106781e-01 -7.07106781e-01
-0.00000000e+00 7.07106781e-01 -7.07106781e-01
-0.00000000e+00 7.07106781e-01 -7.07106781e-01
-0.00000000e+00 7.07106781e-01 -7.07106781e-01
-0.00000000e+00 7.07106781e-01 -7.07106781e-01
-0.00000000e+00 7.07106781e-01 -7.07106781e-01
-0.00000000e+00 7.07106781e-01 -7.07106781e-01
-0.00000000e+00 7.07106781e-01 -7.07106781e-01
-0.00000000e+00 7.07106781e-01 -7.07106781e-01
-0.00000000e+00 7.07106781e-01 -7.07106781e-01
-0.00000000e+00 7.07106781e-01 -7.07106781e-01
-0.00000000e+00 7.07106781e-01 -7.07106781e-01
-0.00000000e+00 7.07106781e-01 -7.07106781e-01
-0.00000000e+00 7.07106781e-01 -7.07106781e-01
-7.07106781e-01 -7.07106781e-01 -0.00000000e+00
-7.07106781e-01 -7.07106781e-01 -0.00000000e+00
-7.07106781e-01 -7.07106781e-01 -0.00000000e+00
-7.07106781e-01 -7.07106781e-01 -0.00000000e+00
-7.07106781e-01 -7.07106781e-01 -0.00000000e+00
-7.07106781e-01 -7.07106781e-01 -0.00000000e+00
-7.07106781e-01 -7.07106781e-01 -0.00000000e+00
-7.07106781e-01 -7.07106781e-01 -0.00000000e+00
-7.07106781e-01 -7.07106781e-01 -0.00000000e+00
-7.07106781e-01 -7.07106781e-01 -0.00000000e+00
-7.07106781e-01 -7.07106781e-01 -0.00000000e+00
-7.07106781e-01 -7.07106781e-01 -0.00000000e+00
-7.07106781e-01 -7.07106781e-01 -0.00000000e+00
-7.07106781e-01 -7.07106781e-01 -0.00000000e+00
-7.07106781e-01 -7.07106781e-01 -0.00000000e+00
-7.07106781e-01 -7.07106781e-01 -0.00000000e+00
7.07106781e-01 -7.07106781e-01 -0.00000000e+00
7.07106781e-01 -7.07106781e-01 -0.00000000e+00
7.07106781e-01 -7.07106781e-01 -0.00000000e+00
7.07106781e-01 -7.07106781e-01 -0.00000000e+00
7.07106781e-01 -7.07106781e-01 -0.00000000e+00
7.07106781e-01 -7.07106781e-01 -0.00000000e+00
7.07106781e-01 -7.07106781e-01 -0.00000000e+00
7.07106781e-01 -7.07106781e-01 -0.00000000e+00
7.07106781e-01 -7.07106781e-01 -0.00000000e+00
7.07106781e-01 -7.07106781e-01 -0.00000000e+00
7.07106781e-01 -7.07106781e-01 -0.00000000e+00
7.07106781e-01 -7.07106781e-01 -0.00000000e+00
7.07106781e-01 -7.07106781e-01 -0.00000000e+00
7.07106781e-01 -7.07106781e-01 -0.00000000e+00
7.07106781e-01 -7.07106781e-01 -0.00000000e+00
7.07106781e-01 -7.07106781e-01 -0.00000000e+00
-7.07106781e-01 -0.00000000e+00 -7.07106781e-01
-7.07106781e-01 -0.00000000e+00 -7.07106781e-01
-7.07106781e-01 -0.00000000e+00 -7.07106781e-01
-7.07106781e-01 -0.00000000e+00 -7.07106781e-01
-7.07106781e-01 -0.00000000e+00 -7.07106781e-01
-7.07106781e-01 -0.00000000e+00 -7.07106781e-01
-7.07106781e-01 -0.00000000e+00 -7.07106781e-01
-7.07106781e-01 -0.00000000e+00 -7.07106781e-01
-7.07106781e-01 -0.00000000e+00 -7.07106781e-01
-7.07106781e-01 -0.00000000e+00 -7.07106781e-01
-7.07106781e-01 -0.00000000e+00 -7.07106781e-01
-7.07106781e-01 -0.00000000e+00 -7.07106781e-01
-7.07106781e-01 -0.00000000e+00 -7.07106781e-01
-7.07106781e-01 -0.00000000e+00 -7.07106781e-01
-7.07106781e-01 -0.00000000e+00 -7.07106781e-01
-7.07106781e-01 -0.00000000e+00 -7.07106781e-01
7.07106781e-01 -0.00000000e+00 -7.07106781e-01
7.07106781e-01 -0.00000000e+00 -7.07106781e-01
7.07106781e-01 -0.00000000e+00 -7.07106781e-01
7.07106781e-01 -0.00000000e+00 -7.07106781e-01
7.07106781e-01 -0.00000000e+00 -7.07106781e-01
7.07106781e-01 -0.00000000e+00 -7.07106781e-01
7.07106781e-01 -0.00000000e+00 -7.07106781e-01
7.07106781e-01 -0.00000000e+00 -7.07106781e-01
7.07106781e-01 -0.00000000e+00 -7.07106781e-01
7.07106781e-01 -0.00000000e+00 -7.07106781e-01
7.07106781e-01 -0.00000000e+00 -7.07106781e-01
7.07106781e-01 -0.00000000e+00 -7.07106781e-01
7.07106781e-01 -0.00000000e+00 -7.07106781e-01
7.07106781e-01 -0.00000000e+00 -7.07106781e-01
7.07106781e-01 -0.00000000e+00 -7.07106781e-01
7.07106781e-01 -0.00000000e+00 -7.07106781e-01
-0.00000000e+00 -7.07106781e-01 -7.07106781e-01
-0.00000000e+00 -7.07106781e-01 -7.07106781e-01
-0.00000000e+00 -7.07106781e-01 -7.07106781e-01
-0.00000000e+00 -7.07106781e-01 -7.07106781e-01
-0.00000000e+00 -7.07106781e-01 -7.07106781e-01
-0.00000000e+00 -7.07106781e-01 -7.07106781e-01
-0.00000000e+00 -7.07106781e-01 -7.07106781e-01
-0.00000000e+00 -7.07106781e-01 -7.07106781e-01
-0.00000000e+00 -7.07106781e-01 -7.07106781e-01
-0.00000000e+00 -7.07106781e-01 -7.07106781e-01
-0.00000000e+00 -7.07106781e-01 -7.07106781e-01
-0.00000000e+00 -7.07106781e-01 -7.07106781e-01
-0.00000000e+00 -7.07106781e-01 -7.07106781e-01
-0.00000000e+00 -7.07106781e-01 -7.07106781e-01
-0.00000000e+00 -7.07106781e-01 -7.07106781e-01
-0.00000000e+00 -7.07106781e-01 -7.07106781e-01
-0.00000000e+00 7.07106781e-01 -7.07106781e-01
-0.00000000e+00 7.07106781e-01 -7.07106781e-01
-0.00000000e+00 7.07106781e-01 -7.07106781e-01
-0.00000000e+00 7.07106781e-01 -7.07106781e-01
-0.00000000e+00 7.07106781e-01 -7.07106781e-01
-0.00000000e+00 7.07106781e-01 -7.07106781e-01
-0.00000000e+00 7.07106781e-01 -7.07106781e-01
-0.00000000e+00 7.07106781e-01 -7.07106781e-01
-0.00000000e+00 7.07106781e-01 -7.07106781e-01
-0.00000000e+00 7.07106781e-01 -7.07106781e-01
-0.00000000e+00 7.07106781e-01 -7.07106781e-01
-0.00000000e+00 7.07106781e-01 -7.07106781e-01
-0.00000000e+00 7.07106781e-01 -7.07106781e-01
-0.00000000e+00 7.07106781e-01 -7.07106781e-01
-0.00000000e+00 7.07106781e-01 -7.07106781e-01
-0.00000000e+00 7.07106781e-01 -7.07106781e-01
-7.07106781e-01 -7.07106781e-01 -0.00000000e+00
-7.07106781e-01 -7.07106781e-01 -0.00000000e+00
-7.07106781e-01 -7.07106781e-01 -0.00000000e+00
-7.07106781e-01 -7.07106781e-01 -0.00000000e+00
-7.07106781e-01 -7.07106781e-01 -0.00000000e+00
-7.07106781e-01 -7.07106781e-01 -0.00000000e+00
-7.07106781e-01 -7.07106781e-01 -0.00000000e+00
-7.07106781e-01 -7.07106781e-01 -0.00000000e+00
-7.07106781e-01 -7.07106781e-01 -0.00000000e+00
-7.07106781e-01 -7.07106781e-01 -0.00000000e+00
-7.07106781e-01 -7.07106781e-01 -0.00000000e+00
-7.07106781e-01 -7.07106781e-01 -0.00000000e+00
-7.07106781e-01 -7.07106781e-01 -0.00000000e+00
-7.07106781e-01 -7.07106781e-01 -0.00000000e+00
-7.07106781e-01 -7.07106781e-01 -0.00000000e+00
-7.07106781e-01 -7.07106781e-01 -0.00000000e+00
7.07106781e-01 -7.07106781e-01 -0.00000000e+00
7.07106781e-01 -7.07106781e-01 -0.00000000e+00
7.07106781e-01 -7.07106781e-01 -0.00000000e+00
7.07106781e-01 -7.07106781e-01 -0.00000000e+00
7.07106781e-01 -7.07106781e-01 -0.00000000e+00
7.07106781e-01 -7.07106781e-01 -0.00000000e+00
7.07106781e-01 -7.07106781e-01 -0.00000000e+00
7.07106781e-01 -7.07106781e-01 -0.00000000e+00
7.07106781e-01 -7.07106781e-01 -0.00000000e+00
7.07106781e-01 -7.07106781e-01 -0.00000000e+00
7.07106781e-01 -7.07106781e-01 -0.00000000e+00
7.07106781e-01 -7.07106781e-01 -0.00000000e+00
7.07106781e-01 -7.07106781e-01 -0.00000000e+00
7.07106781e-01 -7.07106781e-01 -0.00000000e+00
7.07106781e-01 -7.07106781e-01 -0.00000000e+00
7.07106781e-01 -7.07106781e-01 -0.00000000e+00
-7.07106781e-01 -0.00000000e+00 -7.07106781e-01
-7.07106781e-01 -0.00000000e+00 -7.07106781e-01
-7.07106781e-01 -0.00000000e+00 -7.07106781e-01
-7.07106781e-01 -0.00000000e+00 -7.07106781e-01
-7.07106781e-01 -0.00000000e+00 -7.07106781e-01
-7.07106781e-01 -0.00000000e+00 -7.07106781e-01
-7.07106781e-01 -0.00000000e+00 -7.07106781e-01
-7.07106781e-01 -0.00000000e+00 -7.07106781e-01
-7.07106781e-01 -0.00000000e+00 -7.07106781e-01
-7.07106781e-01 -0.00000000e+00 -7.07106781e-01
-7.07106781e-01 -0.00000000e+00 -7.07106781e-01
-7.07106781e-01 -0.00000000e+00 -7.07106781e-01
-7.07106781e-01 -0.00000000e+00 -7.07106781e-01
-7.07106781e-01 -0.00000000e+00 -7.07106781e-01
-7.07106781e-01 -0.00000000e+00 -7.07106781e-01
-7.07106781e-01 -0.00000000e+00 -7.07106781e-01
7.07106781e-01 -0.00000000e+00 -7.07106781e-01
7.07106781e-01 -0.00000000e+00 -7.07106781e-01
7.07106781e-01 -0.00000000e+00 -7.07106781e-01
7.07106781e-01 -0.00000000e+00 -7.07106781e-01
7.07106781e-01 -0.00000000e+00 -7.07106781e-01
7.07106781e-01 -0.00000000e+00 -7.07106781e-01
7.07106781e-01 -0.00000000e+00 -7.07106781e-01
7.07106781e-01 -0.00000000e+00 -7.07106781e-01
7.07106781e-01 -0.00000000e+00 -7.07106781e-01
7.07106781e-01 -0.00000000e+00 -7.07106781e-01
7.07106781e-01 -0.00000000e+00 -7.07106781e-01
7.07106781e-01 -0.00000000e+00 -7.07106781e-01
7.07106781e-01 -0.00000000e+00 -7.07106781e-01
7.07106781e-01 -0.00000000e+00 -7.07106781e-01
7.07106781e-01 -0.00000000e+00 -7.07106781e-01
7.07106781e-01 -0.00000000e+00 -7.07106781e-01
-0.00000000e+00 -7.07106781e-01 -7.07106781e-01
-0.00000000e+00 -7.07106781e-01 -7.07106781e-01
-0.00000000e+00 -7.07106781e-01 -7.07106781e-01
-0.00000000e+00 -7.07106781e-01 -7.07106781e-01
-0.00000000e+00 -7.07106781e-01 -7.07106781e-01
-0.00000000e+00 -7.07106781e-01 -7.07106781e-01
-0.00000000e+00 -7.07106781e-01 -7.07106781e-01
-0.00000000e+00 -7.07106781e-01 -7.07106781e-01
-0.00000000e+00 -7.07106781e-01 -7.07106781e-01
-0.00000000e+00 -7.07106781e-01 -7.07106781e-01
-0.00000000e+00 -7.07106781e-01 -7.07106781e-01
-0.00000000e+00 -7.07106781e-01 -7.07106781e-01
-0.00000000e+00 -7.07106781e-01 -7.07106781e-01
-0.00000000e+00 -7.07106781e-01 -7.07106781e-01
-0.00000000e+00 -7.07106781e-01 -7.07106781e-01
-0.00000000e+00 -7.07106781e-01 -7.07106781e-01
-0.00000000e+00 7.07106781e-01 -7.07106781e-01
-0.00000000e+00 7.07106781e-01 -7.07106781e-01
-0.00000000e+00 7.07106781e-01 -7.07106781e-01
-0.00000000e+00 7.07106781e-01 -7.07106781e-01
-0.00000000e+00 7.07106781e-01 -7.07106781e-01
-0.00000000e+00 7.07106781e-01 -7.07106781e-01
-0.00000000e+00 7.07106781e-01 -7.07106781e-01
-0.00000000e+00 7.07106781e-01 -7.07106781e-01
-0.00000000e+00 7.07106781e-01 -7.07106781e-01
-0.00000000e+00 7.07106781e-01 -7.07106781e-01
-0.00000000e+00 7.07106781e-01 -7.07106781e-01
-0.00000000e+00 7.07106781e-01 -7.07106781e-01
-0.00000000e+00 7.07106781e-01 -7.07106781e-01
-0.00000000e+00 7.07106781e-01 -7.07106781e-01
-0.00000000e+00 7.07106781e-01 -7.07106781e-01
-0.00000000e+00 7.07106781e-01 -7.07106781e-01
-7.07106781e-01 -7.07106781e-01 -0.00000000e+00
-7.07106781e-01 -7.07106781e-01 -0.00000000e+00
-7.07106781e-01 -7.07106781e-01 -0.00000000e+00
-7.07106781e-01 -7.07106781e-01 -0.00000000e+00
-7.07106781e-01 -7.07106781e-01 -0.00000000e+00
-7.07106781e-01 -7.07106781e-01 -0.00000000e+00
-7.07106781e-01 -7.07106781e-01 -0.00000000e+00
-7.07106781e-01 -7.07106781e-01 -0.00000000e+00
-7.07106781e-01 -7.07106781e-01 -0.00000000e+00
-7.07106781e-01 -7.07106781e-01 -0.00000000e+00
-7.07106781e-01 -7.07106781e-01 -0.00000000e+00
-7.07106781e-01 -7.07106781e-01 -0.00000000e+00
-7.07106781e-01 -7.07106781e-01 -0.00000000e+00
-7.07106781e-01 -7.07106781e-01 -0.00000000e+00
-7.07106781e-01 -7.07106781e-01 -0.00000000e+00
-7.07106781e-01 -7.07106781e-01 -0.00000000e+00
7.07106781e-01 -7.07106781e-01 -0.00000000e+00
7.07106781e-01 -7.07106781e-01 -0.00000000e+00
7.07106781e-01 -7.07106781e-01 -0.00000000e+00
7.07106781e-01 -7.07106781e-01 -0.00000000e+00
7.07106781e-01 -7.07106781e-01 -0.00000000e+00
7.07106781e-01 -7.07106781e-01 -0.00000000e+00
7.07106781e-01 -7.07106781e-01 -0.00000000e+00
7.07106781e-01 -7.07106781e-01 -0.00000000e+00
7.07106781e-01 -7.07106781e-01 -0.00000000e+00
7.07106781e-01 -7.07106781e-01 -0.00000000e+00
7.07106781e-01 -7.07106781e-01 -0.00000000e+00
7.07106781e-01 -7.07106781e-01 -0.00000000e+00
7.07106781e-01 -7.07106781e-01 -0.00000000e+00
7.07106781e-01 -7.07106781e-01 -0.00000000e+00
7.07106781e-01 -7.07106781e-01 -0.00000000e+00
7.07106781e-01 -7.07106781e-01 -0.00000000e+00
-7.07106781e-01 -0.00000000e+00 -7.07106781e-01
-7.07106781e-01 -0.00000000e+00 -7.07106781e-01
-7.07106781e-01 -0.00000000e+00 -7.07106781e-01
-7.07106781e-01 -0.00000000e+00 -7.07106781e-01
-7.07106781e-01 -0.00000000e+00 -7.07106781e-01
-7.07106781e-01 -0.00000000e+00 -7.07106781e-01
-7.07106781e-01 -0.00000000e+00 -7.07106781e-01
-7.07106781e-01 -0.00000000e+00 -7.07106781e-01
-7.07106781e-01 -0.00000000e+00 -7.07106781e-01
-7.07106781e-01 -0.00000000e+00 -7.07106781e-01
-7.07106781e-01 -0.00000000e+00 -7.07106781e-01
-7.07106781e-01 -0.00000000e+00 -7.07106781e-01
-7.07106781e-01 -0.00000000e+00 -7.07106781e-01
-7.07106781e-01 -0.00000000e+00 -7.07106781e-01
-7.07106781e-01 -0.00000000e+00 -7.07106781e-01
-7.07106781e-01 -0.00000000e+00 -7.07106781e-01
7.07106781e-01 -0.00000000e+00 -7.07106781e-01
7.07106781e-01 -0.00000000e+00 -7.07106781e-01
7.07106781e-01 -0.00000000e+00 -7.07106781e-01
7.07106781e-01 -0.00000000e+00 -7.07106781e-01
7.07106781e-01 -0.00000000e+00 -7.07106781e-01
7.07106781e-01 -0.00000000e+00 -7.07106781e-01
7.07106781e-01 -0.00000000e+00 -7.07106781e-01
7.07106781e-01 -0.00000000e+00 -7.07106781e-01
7.07106781e-01 -0.00000000e+00 -7.07106781e-01
7.07106781e-01 -0.00000000e+00 -7.07106781e-01
7.07106781e-01 -0.00000000e+00 -7.07106781e-01
7.07106781e-01 -0.00000000e+00 -7.07106781e-01
7.07106781e-01 -0.00000000e+00 -7.07106781e-01
7.07106781e-01 -0.00000000e+00 -7.07106781e-01
7.07106781e-01 -0.00000000e+00 -7.07106781e-01
7.07106781e-01 -0.00000000e+00 -7.07106781e-01
-0.00000000e+00 -7.07106781e-01 -7.07106781e-01
-0.00000000e+00 -7.07106781e-01 -7.07106781e-01
-0.00000000e+00 -7.07106781e-01 -7.07106781e-01
-0.00000000e+00 -7.07106781e-01 -7.07106781e-01
-0.00000000e+00 -7.07106781e-01 -7.07106781e-01
-0.00000000e+00 -7.07106781e-01 -7.07106781e-01
-0.00000000e+00 -7.07106781e-01 -7.07106781e-01
-0.00000000e+00 -7.07106781e-01 -7.07106781e-01
-0.00000000e+00 -7.07106781e-01 -7.07106781e-01
-0.00000000e+00 -7.07106781e-01 -7.07106781e-01
-0.00000000e+00 -7.07106781e-01 -7.07106781e-01
-0.00000000e+00 -7.07106781e-01 -7.07106781e-01
-0.00000000e+00 -7.07106781e-01 -7.07106781e-01
-0.00000000e+00 -7.07106781e-01 -7.07106781e-01
-0.00000000e+00 -7.07106781e-01 -7.07106781e-01
-0.00000000e+00 -7.07106781e-01 -7.07106781e-01
-0.00000000e+00 7.07106781e-01 -7.07106781e-01
-0.00000000e+00 7.07106781e-01 -7.07106781e-01
-0.00000000e+00 7.07106781e-01 -7.07106781e-01
-0.00000000e+00 7.07106781e-01 -7.07106781e-01
-0.00000000e+00 7.07106781e-01 -7.07106781e-01
-0.00000000e+00 7.07106781e-01 -7.07106781e-01
-0.00000000e+00 7.07106781e-01 -7.07106781e-01
-0.00000000e+00 7.07106781e-01 -7.07106781e-01
-0.00000000e+00 7.07106781e-01 -7.07106781e-01
-0.00000000e+00 7.07106781e-01 -7.07106781e-01
-0.00000000e+00 7.07106781e-01 -7.07106781e-01
-0.00000000e+00 7.07106781e-01 -7.07106781e-01
-0.00000000e+00 7.07106781e-01 -7.07106781e-01
-0.00000000e+00 7.07106781e-01 -7.07106781e-01
-0.00000000e+00 7.07106781e-01 -7.07106781e-01
-0.00000000e+00 7.07106781e-01 -7.07106781e-01
-7.07106781e-01 -7.07106781e-01 -0.00000000e+00
-7.07106781e-01 -7.07106781e-01 -0.00000000e+00
-7.07106781e-01 -7.07106781e-01 -0.00000000e+00
-7.07106781e-01 -7.07106781e-01 -0.00000000e+00
-7.07106781e-01 -7.07106781e-01 -0.00000000e+00
-7.07106781e-01 -7.07106781e-01 -0.00000000e+00
-7.07106781e-01 -7.07106781e-01 -0.00000000e+00
-7.07106781e-01 -7.07106781e-01 -0.00000000e+00
-7.07106781e-01 -7.07106781e-01 -0.00000000e+00
-7.07106781e-01 -7.07106781e-01 -0.00000000e+00
-7.07106781e-01 -7.07106781e-01 -0.00000000e+00
-7.07106781e-01 -7.07106781e-01 -0.00000000e+00
-7.07106781e-01 -7.07106781e-01 -0.00000000e+00
-7.07106781e-01 -7.07106781e-01 -0.00000000e+00
-7.07106781e-01 -7.07106781e-01 -0.00000000e+00
-7.07106781e-01 -7.07106781e-01 -0.00000000e+00
VECTORS Planes FLOAT
0.0 0.0 0.0
-5.77350269e-01 5.77350269e-01 5.77350269e-01
-5.77350269e-01 5.77350269e-01 5.77350269e-01
-5.77350269e-01 5.77350269e-01 5.77350269e-01
-5.77350269e-01 5.77350269e-01 5.77350269e-01
-5.77350269e-01 5.77350269e-01 -5.77350269e-01
-5.77350269e-01 5.77350269e-01 -5.77350269e-01
-5.77350269e-01 5.77350269e-01 -5.77350269e-01
-5.77350269e-01 5.77350269e-01 -5.77350269e-01
-5.77350269e-01 5.77350269e-01 5.77350269e-01
-5.77350269e-01 5.77350269e-01 5.77350269e-01
-5.77350269e-01 5.77350269e-01 5.77350269e-01
-5.77350269e-01 5.77350269e-01 5.77350269e-01
-5.77350269e-01 5.77350269e-01 -5.77350269e-01
-5.77350269e-01 5.77350269e-01 -5.77350269e-01
-5.77350269e-01 5.77350269e-01 -5.77350269e-01
-5.77350269e-01 5.77350269e-01 -5.77350269e-01
5.77350269e-01 5.77350269e-01 5.77350269e-01
5.77350269e-01 5.77350269e-01 5.77350269e-01
5.77350269e-01 5.77350269e-01 5.77350269e-01
5.77350269e-01 5.77350269e-01 5.77350269e-01
5.77350269e-01 5.77350269e-01 -5.77350269e-01
5.77350269e-01 5.77350269e-01 -5.77350269e-01
5.77350269e-01 5.77350269e-01 -5.77350269e-01
5.77350269e-01 5.77350269e-01 -5.77350269e-01
5.77350269e-01 5.77350269e-01 5.77350269e-01
5.77350269e-01 5.77350269e-01 5.77350269e-01
5.77350269e-01 5.77350269e-01 5.77350269e-01
5.77350269e-01 5.77350269e-01 5.77350269e-01
5.77350269e-01 5.77350269e-01 -5.77350269e-01
5.77350269e-01 5.77350269e-01 -5.77350269e-01
5.77350269e-01 5.77350269e-01 -5.77350269e-01
5.77350269e-01 5.77350269e-01 -5.77350269e-01
-5.77350269e-01 5.77350269e-01 5.77350269e-01
-5.77350269e-01 5.77350269e-01 5.77350269e-01
-5.77350269e-01 5.77350269e-01 5.77350269e-01
-5.77350269e-01 5.77350269e-01 5.77350269e-01
-5.77350269e-01 -5.77350269e-01 5.77350269e-01
-5.77350269e-01 -5.77350269e-01 5.77350269e-01
-5.77350269e-01 -5.77350269e-01 5.77350269e-01
-5.77350269e-01 -5.77350269e-01 5.77350269e-01
-5.77350269e-01 5.77350269e-01 5.77350269e-01
-5.77350269e-01 5.77350269e-01 5.77350269e-01
-5.77350269e-01 5.77350269e-01 5.77350269e-01
-5.77350269e-01 5.77350269e-01 5.77350269e-01
-5.77350269e-01 -5.77350269e-01 5.77350269e-01
-5.77350269e-01 -5.77350269e-01 5.77350269e-01
-5.77350269e-01 -5.77350269e-01 5.77350269e-01
-5.77350269e-01 -5.77350269e-01 5.77350269e-01
5.77350269e-01 5.77350269e-01 5.77350269e-01
5.77350269e-01 5.77350269e-01 5.77350269e-01
5.77350269e-01 5.77350269e-01 5.77350269e-01
5.77350269e-01 5.77350269e-01 5.77350269e-01
5.77350269e-01 -5.77350269e-01 5.77350269e-01
5.77350269e-01 -5.77350269e-01 5.77350269e-01
5.77350269e-01 -5.77350269e-01 5.77350269e-01
5.77350269e-01 -5.77350269e-01 5.77350269e-01
5.77350269e-01 5.77350269e-01 5.77350269e-01
5.77350269e-01 5.77350269e-01 5.77350269e-01
5.77350269e-01 5.77350269e-01 5.77350269e-01
5.77350269e-01 5.77350269e-01 5.77350269e-01
5.77350269e-01 -5.77350269e-01 5.77350269e-01
5.77350269e-01 -5.77350269e-01 5.77350269e-01
5.77350269e-01 -5.77350269e-01 5.77350269e-01
5.77350269e-01 -5.77350269e-01 5.77350269e-01
-5.77350269e-01 -5.77350269e-01 5.77350269e-01
-5.77350269e-01 -5.77350269e-01 5.77350269e-01
-5.77350269e-01 -5.77350269e-01 5.77350269e-01
-5.77350269e-01 -5.77350269e-01 5.77350269e-01
5.77350269e-01 -5.77350269e-01 5.77350269e-01
5.77350269e-01 -5.77350269e-01 5.77350269e-01
5.77350269e-01 -5.77350269e-01 5.77350269e-01
5.77350269e-01 -5.77350269e-01 5.77350269e-01
-5.77350269e-01 -5.77350269e-01 5.77350269e-01
-5.77350269e-01 -5.77350269e-01 5.77350269e-01
-5.77350269e-01 -5.77350269e-01 5.77350269e-01
-5.77350269e-01 -5.77350269e-01 5.77350269e-01
5.77350269e-01 -5.77350269e-01 5.77350269e-01
5.77350269e-01 -5.77350269e-01 5.77350269e-01
5.77350269e-01 -5.77350269e-01 5.77350269e-01
5.77350269e-01 -5.77350269e-01 5.77350269e-01
-5.77350269e-01 5.77350269e-01 5.77350269e-01
-5.77350269e-01 5.77350269e-01 5.77350269e-01
-5.77350269e-01 5.77350269e-01 5.77350269e-01
-5.77350269e-01 5.77350269e-01 5.77350269e-01
5.77350269e-01 5.77350269e-01 5.77350269e-01
5.77350269e-01 5.77350269e-01 5.77350269e-01
5.77350269e-01 5.77350269e-01 5.77350269e-01
5.77350269e-01 5.77350269e-01 5.77350269e-01
-5.77350269e-01 5.77350269e-01 5.77350269e-01
-5.77350269e-01 5.77350269e-01 5.77350269e-01
-5.77350269e-01 5.77350269e-01 5.77350269e-01
-5.77350269e-01 5.77350269e-01 5.77350269e-01
5.77350269e-01 5.77350269e-01 5.77350269e-01
5.77350269e-01 5.77350269e-01 5.77350269e-01
5.77350269e-01 5.77350269e-01 5.77350269e-01
5.77350269e-01 5.77350269e-01 5.77350269e-01
-5.77350269e-01 5.77350269e-01 5.77350269e-01
-5.77350269e-01 5.77350269e-01 5.77350269e-01
-5.77350269e-01 5.77350269e-01 5.77350269e-01
-5.77350269e-01 5.77350269e-01 5.77350269e-01
-5.77350269e-01 5.77350269e-01 -5.77350269e-01
-5.77350269e-01 5.77350269e-01 -5.77350269e-01
-5.77350269e-01 5.77350269e-01 -5.77350269e-01
-5.77350269e-01 5.77350269e-01 -5.77350269e-01
-5.77350269e-01 5.77350269e-01 5.77350269e-01
-5.77350269e-01 5.77350269e-01 5.77350269e-01
-5.77350269e-01 5.77350269e-01 5.77350269e-01
-5.77350269e-01 5.77350269e-01 5.77350269e-01
-5.77350269e-01 5.77350269e-01 -5.77350269e-01
-5.77350269e-01 5.77350269e-01 -5.77350269e-01
-5.77350269e-01 5.77350269e-01 -5.77350269e-01
-5.77350269e-01 5.77350269e-01 -5.77350269e-01
5.77350269e-01 5.77350269e-01 5.77350269e-01
5.77350269e-01 5.77350269e-01 5.77350269e-01
5.77350269e-01 5.77350269e-01 5.77350269e-01
5.77350269e-01 5.77350269e-01 5.77350269e-01
5.77350269e-01 5.77350269e-01 -5.77350269e-01
5.77350269e-01 5.77350269e-01 -5.77350269e-01
5.77350269e-01 5.77350269e-01 -5.77350269e-01
5.77350269e-01 5.77350269e-01 -5.77350269e-01
5.77350269e-01 5.77350269e-01 5.77350269e-01
5.77350269e-01 5.77350269e-01 5.77350269e-01
5.77350269e-01 5.77350269e-01 5.77350269e-01
5.77350269e-01 5.77350269e-01 5.77350269e-01
5.77350269e-01 5.77350269e-01 -5.77350269e-01
5.77350269e-01 5.77350269e-01 -5.77350269e-01
5.77350269e-01 5.77350269e-01 -5.77350269e-01
5.77350269e-01 5.77350269e-01 -5.77350269e-01
-5.77350269e-01 5.77350269e-01 5.77350269e-01
-5.77350269e-01 5.77350269e-01 5.77350269e-01
-5.77350269e-01 5.77350269e-01 5.77350269e-01
-5.77350269e-01 5.77350269e-01 5.77350269e-01
-5.77350269e-01 -5.77350269e-01 5.77350269e-01
-5.77350269e-01 -5.77350269e-01 5.77350269e-01
-5.77350269e-01 -5.77350269e-01 5.77350269e-01
-5.77350269e-01 -5.77350269e-01 5.77350269e-01
-5.77350269e-01 5.77350269e-01 5.77350269e-01
-5.77350269e-01 5.77350269e-01 5.77350269e-01
-5.77350269e-01 5.77350269e-01 5.77350269e-01
-5.77350269e-01 5.77350269e-01 5.77350269e-01
-5.77350269e-01 -5.77350269e-01 5.77350269e-01
-5.77350269e-01 -5.77350269e-01 5.77350269e-01
-5.77350269e-01 -5.77350269e-01 5.77350269e-01
-5.77350269e-01 -5.77350269e-01 5.77350269e-01
5.77350269e-01 5.77350269e-01 5.77350269e-01
5.77350269e-01 5.77350269e-01 5.77350269e-01
5.77350269e-01 5.77350269e-01 5.77350269e-01
5.77350269e-01 5.77350269e-01 5.77350269e-01
5.77350269e-01 -5.77350269e-01 5.77350269e-01
5.77350269e-01 -5.77350269e-01 5.77350269e-01
5.77350269e-01 -5.77350269e-01 5.77350269e-01
5.77350269e-01 -5.77350269e-01 5.77350269e-01
5.77350269e-01 5.77350269e-01 5.77350269e-01
5.77350269e-01 5.77350269e-01 5.77350269e-01
5.77350269e-01 5.77350269e-01 5.77350269e-01
5.77350269e-01 5.77350269e-01 5.77350269e-01
5.77350269e-01 -5.77350269e-01 5.77350269e-01
5.77350269e-01 -5.77350269e-01 5.77350269e-01
5.77350269e-01 -5.77350269e-01 5.77350269e-01
5.77350269e-01 -5.77350269e-01 5.77350269e-01
-5.77350269e-01 -5.77350269e-01 5.77350269e-01
-5.77350269e-01 -5.77350269e-01 5.77350269e-01
-5.77350269e-01 -5.77350269e-01 5.77350269e-01
-5.77350269e-01 -5.77350269e-01 5.77350269e-01
5.77350269e-01 -5.77350269e-01 5.77350269e-01
5.77350269e-01 -5.77350269e-01 5.77350269e-01
5.77350269e-01 -5.77350269e-01 5.77350269e-01
5.77350269e-01 -5.77350269e-01 5.77350269e-01
-5.77350269e-01 -5.77350269e-01 5.77350269e-01
-5.77350269e-01 -5.77350269e-01 5.77350269e-01
-5.77350269e-01 -5.77350269e-01 5.77350269e-01
-5.77350269e-01 -5.77350269e-01 5.77350269e-01
5.77350269e-01 -5.77350269e-01 5.77350269e-01
5.77350269e-01 -5.77350269e-01 5.77350269e-01
5.77350269e-01 -5.77350269e-01 5.77350269e-01
5.77350269e-01 -5.77350269e-01 5.77350269e-01
-5.77350269e-01 5.77350269e-01 5.77350269e-01
-5.77350269e-01 5.77350269e-01 5.77350269e-01
-5.77350269e-01 5.77350269e-01 5.77350269e-01
-5.77350269e-01 5.77350269e-01 5.77350269e-01
5.77350269e-01 5.77350269e-01 5.77350269e-01
5.77350269e-01 5.77350269e-01 5.77350269e-01
5.77350269e-01 5.77350269e-01 5.77350269e-01
5.77350269e-01 5.77350269e-01 5.77350269e-01
-5.77350269e-01 5.77350269e-01 5.77350269e-01
-5.77350269e-01 5.77350269e-01 5.77350269e-01
-5.77350269e-01 5.77350269e-01 5.77350269e-01
-5.77350269e-01 5.77350269e-01 5.77350269e-01
5.77350269e-01 5.77350269e-01 5.77350269e-01
5.77350269e-01 5.77350269e-01 5.77350269e-01
5.77350269e-01 5.77350269e-01 5.77350269e-01
5.77350269e-01 5.77350269e-01 5.77350269e-01
-5.77350269e-01 5.77350269e-01 5.77350269e-01
-5.77350269e-01 5.77350269e-01 5.77350269e-01
-5.77350269e-01 5.77350269e-01 5.77350269e-01
-5.77350269e-01 5.77350269e-01 5.77350269e-01
-5.77350269e-01 5.77350269e-01 -5.77350269e-01
-5.77350269e-01 5.77350269e-01 -5.77350269e-01
-5.77350269e-01 5.77350269e-01 -5.77350269e-01
-5.77350269e-01 5.77350269e-01 -5.77350269e-01
-5.77350269e-01 5.77350269e-01 5.77350269e-01
-5.77350269e-01 5.77350269e-01 5.77350269e-01
-5.77350269e-01 5.77350269e-01 5.77350269e-01
-5.77350269e-01 5.77350269e-01 5.77350269e-01
-5.77350269e-01 5.77350269e-01 -5.77350269e-01
-5.77350269e-01 5.77350269e-01 -5.77350269e-01
-5.77350269e-01 5.77350269e-01 -5.77350269e-01
-5.77350269e-01 5.77350269e-01 -5.77350269e-01
5.77350269e-01 5.77350269e-01 5.77350269e-01
5.77350269e-01 5.77350269e-01 5.77350269e-01
5.77350269e-01 5.77350269e-01 5.77350269e-01
5.77350269e-01 5.77350269e-01 5.77350269e-01
5.77350269e-01 5.77350269e-01 -5.77350269e-01
5.77350269e-01 5.77350269e-01 -5.77350269e-01
5.77350269e-01 5.77350269e-01 -5.77350269e-01
5.77350269e-01 5.77350269e-01 -5.77350269e-01
5.77350269e-01 5.77350269e-01 5.77350269e-01
5.77350269e-01 5.77350269e-01 5.77350269e-01
5.77350269e-01 5.77350269e-01 5.77350269e-01
5.77350269e-01 5.77350269e-01 5.77350269e-01
5.77350269e-01 5.77350269e-01 -5.77350269e-01
5.77350269e-01 5.77350269e-01 -5.77350269e-01
5.77350269e-01 5.77350269e-01 -5.77350269e-01
5.77350269e-01 5.77350269e-01 -5.77350269e-01
-5.77350269e-01 5.77350269e-01 5.77350269e-01
-5.77350269e-01 5.77350269e-01 5.77350269e-01
-5.77350269e-01 5.77350269e-01 5.77350269e-01
-5.77350269e-01 5.77350269e-01 5.77350269e-01
-5.77350269e-01 -5.77350269e-01 5.77350269e-01
-5.77350269e-01 -5.77350269e-01 5.77350269e-01
-5.77350269e-01 -5.77350269e-01 5.77350269e-01
-5.77350269e-01 -5.77350269e-01 5.77350269e-01
-5.77350269e-01 5.77350269e-01 5.77350269e-01
-5.77350269e-01 5.77350269e-01 5.77350269e-01
-5.77350269e-01 5.77350269e-01 5.77350269e-01
-5.77350269e-01 5.77350269e-01 5.77350269e-01
-5.77350269e-01 -5.77350269e-01 5.77350269e-01
-5.77350269e-01 -5.77350269e-01 5.77350269e-01
-5.77350269e-01 -5.77350269e-01 5.77350269e-01
-5.77350269e-01 -5.77350269e-01 5.77350269e-01
5.77350269e-01 5.77350269e-01 5.77350269e-01
5.77350269e-01 5.77350269e-01 5.77350269e-01
5.77350269e-01 5.77350269e-01 5.77350269e-01
5.77350269e-01 5.77350269e-01 5.77350269e-01
5.77350269e-01 -5.77350269e-01 5.77350269e-01
5.77350269e-01 -5.77350269e-01 5.77350269e-01
5.77350269e-01 -5.77350269e-01 5.77350269e-01
5.77350269e-01 -5.77350269e-01 5.77350269e-01
5.77350269e-01 5.77350269e-01 5.77350269e-01
5.77350269e-01 5.77350269e-01 5.77350269e-01
5.77350269e-01 5.77350269e-01 5.77350269e-01
5.77350269e-01 5.77350269e-01 5.77350269e-01
5.77350269e-01 -5.77350269e-01 5.77350269e-01
5.77350269e-01 -5.77350269e-01 5.77350269e-01
5.77350269e-01 -5.77350269e-01 5.77350269e-01
5.77350269e-01 -5.77350269e-01 5.77350269e-01
-5.77350269e-01 -5.77350269e-01 5.77350269e-01
-5.77350269e-01 -5.77350269e-01 5.77350269e-01
-5.77350269e-01 -5.77350269e-01 5.77350269e-01
-5.77350269e-01 -5.77350269e-01 5.77350269e-01
5.77350269e-01 -5.77350269e-01 5.77350269e-01
5.77350269e-01 -5.77350269e-01 5.77350269e-01
5.77350269e-01 -5.77350269e-01 5.77350269e-01
5.77350269e-01 -5.77350269e-01 5.77350269e-01
-5.77350269e-01 -5.77350269e-01 5.77350269e-01
-5.77350269e-01 -5.77350269e-01 5.77350269e-01
-5.77350269e-01 -5.77350269e-01 5.77350269e-01
-5.77350269e-01 -5.77350269e-01 5.77350269e-01
5.77350269e-01 -5.77350269e-01 5.77350269e-01
5.77350269e-01 -5.77350269e-01 5.77350269e-01
5.77350269e-01 -5.77350269e-01 5.77350269e-01
5.77350269e-01 -5.77350269e-01 5.77350269e-01
-5.77350269e-01 5.77350269e-01 5.77350269e-01
-5.77350269e-01 5.77350269e-01 5.77350269e-01
-5.77350269e-01 5.77350269e-01 5.77350269e-01
-5.77350269e-01 5.77350269e-01 5.77350269e-01
5.77350269e-01 5.77350269e-01 5.77350269e-01
5.77350269e-01 5.77350269e-01 5.77350269e-01
5.77350269e-01 5.77350269e-01 5.77350269e-01
5.77350269e-01 5.77350269e-01 5.77350269e-01
-5.77350269e-01 5.77350269e-01 5.77350269e-01
-5.77350269e-01 5.77350269e-01 5.77350269e-01
-5.77350269e-01 5.77350269e-01 5.77350269e-01
-5.77350269e-01 5.77350269e-01 5.77350269e-01
5.77350269e-01 5.77350269e-01 5.77350269e-01
5.77350269e-01 5.77350269e-01 5.77350269e-01
5.77350269e-01 5.77350269e-01 5.77350269e-01
5.77350269e-01 5.77350269e-01 5.77350269e-01
-5.77350269e-01 5.77350269e-01 5.77350269e-01
-5.77350269e-01 5.77350269e-01 5.77350269e-01
-5.77350269e-01 5.77350269e-01 5.77350269e-01
-5.77350269e-01 5.77350269e-01 5.77350269e-01
-5.77350269e-01 5.77350269e-01 -5.77350269e-01
-5.77350269e-01 5.77350269e-01 -5.77350269e-01
-5.77350269e-01 5.77350269e-01 -5.77350269e-01
-5.77350269e-01 5.77350269e-01 -5.77350269e-01
-5.77350269e-01 5.77350269e-01 5.77350269e-01
-5.77350269e-01 5.77350269e-01 5.77350269e-01
-5.77350269e-01 5.77350269e-01 5.77350269e-01
-5.77350269e-01 5.77350269e-01 5.77350269e-01
-5.77350269e-01 5.77350269e-01 -5.77350269e-01
-5.77350269e-01 5.77350269e-01 -5.77350269e-01
-5.77350269e-01 5.77350269e-01 -5.77350269e-01
-5.77350269e-01 5.77350269e-01 -5.77350269e-01
5.77350269e-01 5.77350269e-01 5.77350269e-01
5.77350269e-01 5.77350269e-01 5.77350269e-01
5.77350269e-01 5.77350269e-01 5.77350269e-01
5.77350269e-01 5.77350269e-01 5.77350269e-01
5.77350269e-01 5.77350269e-01 -5.77350269e-01
5.77350269e-01 5.77350269e-01 -5.77350269e-01
5.77350269e-01 5.77350269e-01 -5.77350269e-01
5.77350269e-01 5.77350269e-01 -5.77350269e-01
5.77350269e-01 5.77350269e-01 5.77350269e-01
5.77350269e-01 5.77350269e-01 5.77350269e-01
5.77350269e-01 5.77350269e-01 5.77350269e-01
5.77350269e-01 5.77350269e-01 5.77350269e-01
5.77350269e-01 5.77350269e-01 -5.77350269e-01
5.77350269e-01 5.77350269e-01 -5.77350269e-01
5.77350269e-01 5.77350269e-01 -5.77350269e-01
5.77350269e-01 5.77350269e-01 -5.77350269e-01
-5.77350269e-01 5.77350269e-01 5.77350269e-01
-5.77350269e-01 5.77350269e-01 5.77350269e-01
-5.77350269e-01 5.77350269e-01 5.77350269e-01
-5.77350269e-01 5.77350269e-01 5.77350269e-01
-5.77350269e-01 -5.77350269e-01 5.77350269e-01
-5.77350269e-01 -5.77350269e-01 5.77350269e-01
-5.77350269e-01 -5.77350269e-01 5.77350269e-01
-5.77350269e-01 -5.77350269e-01 5.77350269e-01
-5.77350269e-01 5.77350269e-01 5.77350269e-01
-5.77350269e-01 5.77350269e-01 5.77350269e-01
-5.77350269e-01 5.77350269e-01 5.77350269e-01
-5.77350269e-01 5.77350269e-01 5.77350269e-01
-5.77350269e-01 -5.77350269e-01 5.77350269e-01
-5.77350269e-01 -5.77350269e-01 5.77350269e-01
-5.77350269e-01 -5.77350269e-01 5.77350269e-01
-5.77350269e-01 -5.77350269e-01 5.77350269e-01
5.77350269e-01 5.77350269e-01 5.77350269e-01
5.77350269e-01 5.77350269e-01 5.77350269e-01
5.77350269e-01 5.77350269e-01 5.77350269e-01
5.77350269e-01 5.77350269e-01 5.77350269e-01
5.77350269e-01 -5.77350269e-01 5.77350269e-01
5.77350269e-01 -5.77350269e-01 5.77350269e-01
5.77350269e-01 -5.77350269e-01 5.77350269e-01
5.77350269e-01 -5.77350269e-01 5.77350269e-01
5.77350269e-01 5.77350269e-01 5.77350269e-01
5.77350269e-01 5.77350269e-01 5.77350269e-01
5.77350269e-01 5.77350269e-01 5.77350269e-01
5.77350269e-01 5.77350269e-01 5.77350269e-01
5.77350269e-01 -5.77350269e-01 5.77350269e-01
5.77350269e-01 -5.77350269e-01 5.77350269e-01
5.77350269e-01 -5.77350269e-01 5.77350269e-01
5.77350269e-01 -5.77350269e-01 5.77350269e-01
-5.77350269e-01 -5.77350269e-01 5.77350269e-01
-5.77350269e-01 -5.77350269e-01 5.77350269e-01
-5.77350269e-01 -5.77350269e-01 5.77350269e-01
-5.77350269e-01 -5.77350269e-01 5.77350269e-01
5.77350269e-01 -5.77350269e-01 5.77350269e-01
5.77350269e-01 -5.77350269e-01 5.77350269e-01
5.77350269e-01 -5.77350269e-01 5.77350269e-01
5.77350269e-01 -5.77350269e-01 5.77350269e-01
-5.77350269e-01 -5.77350269e-01 5.77350269e-01
-5.77350269e-01 -5.77350269e-01 5.77350269e-01
-5.77350269e-01 -5.77350269e-01 5.77350269e-01
-5.77350269e-01 -5.77350269e-01 5.77350269e-01
5.77350269e-01 -5.77350269e-01 5.77350269e-01
5.77350269e-01 -5.77350269e-01 5.77350269e-01
5.77350269e-01 -5.77350269e-01 5.77350269e-01
5.77350269e-01 -5.77350269e-01 5.77350269e-01
-5.77350269e-01 5.77350269e-01 5.77350269e-01
-5.77350269e-01 5.77350269e-01 5.77350269e-01
-5.77350269e-01 5.77350269e-01 5.77350269e-01
-5.77350269e-01 5.77350269e-01 5.77350269e-01
5.77350269e-01 5.77350269e-01 5.77350269e-01
5.77350269e-01 5.77350269e-01 5.77350269e-01
5.77350269e-01 5.77350269e-01 5.77350269e-01
5.77350269e-01 5.77350269e-01 5.77350269e-01
-5.77350269e-01 5.77350269e-01 5.77350269e-01
-5.77350269e-01 5.77350269e-01 5.77350269e-01
-5.77350269e-01 5.77350269e-01 5.77350269e-01
-5.77350269e-01 5.77350269e-01 5.77350269e-01
5.77350269e-01 5.77350269e-01 5.77350269e-01
5.77350269e-01 5.77350269e-01 5.77350269e-01
5.77350269e-01 5.77350269e-01 5.77350269e-01
5.77350269e-01 5.77350269e-01 5.77350269e-01
-5.77350269e-01 5.77350269e-01 5.77350269e-01
-5.77350269e-01 5.77350269e-01 5.77350269e-01
-5.77350269e-01 5.77350269e-01 5.77350269e-01
-5.77350269e-01 5.77350269e-01 5.77350269e-01
-5.77350269e-01 5.77350269e-01 -5.77350269e-01
-5.77350269e-01 5.77350269e-01 -5.77350269e-01
-5.77350269e-01 5.77350269e-01 -5.77350269e-01
-5.77350269e-01 5.77350269e-01 -5.77350269e-01
-5.77350269e-01 5.77350269e-01 5.77350269e-01
-5.77350269e-01 5.77350269e-01 5.77350269e-01
-5.77350269e-01 5.77350269e-01 5.77350269e-01
-5.77350269e-01 5.77350269e-01 5.77350269e-01
-5.77350269e-01 5.77350269e-01 -5.77350269e-01
-5.77350269e-01 5.77350269e-01 -5.77350269e-01
-5.77350269e-01 5.77350269e-01 -5.77350269e-01
-5.77350269e-01 5.77350269e-01 -5.77350269e-01
5.77350269e-01 5.77350269e-01 5.77350269e-01
5.77350269e-01 5.77350269e-01 5.77350269e-01
5.77350269e-01 5.77350269e-01 5.77350269e-01
5.77350269e-01 5.77350269e-01 5.77350269e-01
5.77350269e-01 5.77350269e-01 -5.77350269e-01
5.77350269e-01 5.77350269e-01 -5.77350269e-01
5.77350269e-01 5.77350269e-01 -5.77350269e-01
5.77350269e-01 5.77350269e-01 -5.77350269e-01
5.77350269e-01 5.77350269e-01 5.77350269e-01
5.77350269e-01 5.77350269e-01 5.77350269e-01
5.77350269e-01 5.77350269e-01 5.77350269e-01
5.77350269e-01 5.77350269e-01 5.77350269e-01
5.77350269e-01 5.77350269e-01 -5.77350269e-01
5.77350269e-01 5.77350269e-01 -5.77350269e-01
5.77350269e-01 5.77350269e-01 -5.77350269e-01
5.77350269e-01 5.77350269e-01 -5.77350269e-01
-5.77350269e-01 5.77350269e-01 5.77350269e-01
-5.77350269e-01 5.77350269e-01 5.77350269e-01
-5.77350269e-01 5.77350269e-01 5.77350269e-01
-5.77350269e-01 5.77350269e-01 5.77350269e-01
-5.77350269e-01 -5.77350269e-01 5.77350269e-01
-5.77350269e-01 -5.77350269e-01 5.77350269e-01
-5.77350269e-01 -5.77350269e-01 5.77350269e-01
-5.77350269e-01 -5.77350269e-01 5.77350269e-01
-5.77350269e-01 5.77350269e-01 5.77350269e-01
-5.77350269e-01 5.77350269e-01 5.77350269e-01
-5.77350269e-01 5.77350269e-01 5.77350269e-01
-5.77350269e-01 5.77350269e-01 5.77350269e-01
-5.77350269e-01 -5.77350269e-01 5.77350269e-01
-5.77350269e-01 -5.77350269e-01 5.77350269e-01
-5.77350269e-01 -5.77350269e-01 5.77350269e-01
-5.77350269e-01 -5.77350269e-01 5.77350269e-01
5.77350269e-01 5.77350269e-01 5.77350269e-01
5.77350269e-01 5.77350269e-01 5.77350269e-01
5.77350269e-01 5.77350269e-01 5.77350269e-01
5.77350269e-01 5.77350269e-01 5.77350269e-01
5.77350269e-01 -5.77350269e-01 5.77350269e-01
5.77350269e-01 -5.77350269e-01 5.77350269e-01
5.77350269e-01 -5.77350269e-01 5.77350269e-01
5.77350269e-01 -5.77350269e-01 5.77350269e-01
5.77350269e-01 5.77350269e-01 5.77350269e-01
5.77350269e-01 5.77350269e-01 5.77350269e-01
5.77350269e-01 5.77350269e-01 5.77350269e-01
5.77350269e-01 5.77350269e-01 5.77350269e-01
5.77350269e-01 -5.77350269e-01 5.77350269e-01
5.77350269e-01 -5.77350269e-01 5.77350269e-01
5.77350269e-01 -5.77350269e-01 5.77350269e-01
5.77350269e-01 -5.77350269e-01 5.77350269e-01
-5.77350269e-01 -5.77350269e-01 5.77350269e-01
-5.77350269e-01 -5.77350269e-01 5.77350269e-01
-5.77350269e-01 -5.77350269e-01 5.77350269e-01
-5.77350269e-01 -5.77350269e-01 5.77350269e-01
5.77350269e-01 -5.77350269e-01 5.77350269e-01
5.77350269e-01 -5.77350269e-01 5.77350269e-01
5.77350269e-01 -5.77350269e-01 5.77350269e-01
5.77350269e-01 -5.77350269e-01 5.77350269e-01
-5.77350269e-01 -5.77350269e-01 5.77350269e-01
-5.77350269e-01 -5.77350269e-01 5.77350269e-01
-5.77350269e-01 -5.77350269e-01 5.77350269e-01
-5.77350269e-01 -5.77350269e-01 5.77350269e-01
5.77350269e-01 -5.77350269e-01 5.77350269e-01
5.77350269e-01 -5.77350269e-01 5.77350269e-01
5.77350269e-01 -5.77350269e-01 5.77350269e-01
5.77350269e-01 -5.77350269e-01 5.77350269e-01
-5.77350269e-01 5.77350269e-01 5.77350269e-01
-5.77350269e-01 5.77350269e-01 5.77350269e-01
-5.77350269e-01 5.77350269e-01 5.77350269e-01
-5.77350269e-01 5.77350269e-01 5.77350269e-01
5.77350269e-01 5.77350269e-01 5.77350269e-01
5.77350269e-01 5.77350269e-01 5.77350269e-01
5.77350269e-01 5.77350269e-01 5.77350269e-01
5.77350269e-01 5.77350269e-01 5.77350269e-01
-5.77350269e-01 5.77350269e-01 5.77350269e-01
-5.77350269e-01 5.77350269e-01 5.77350269e-01
-5.77350269e-01 5.77350269e-01 5.77350269e-01
-5.77350269e-01 5.77350269e-01 5.77350269e-01
5.77350269e-01 5.77350269e-01 5.77350269e-01
5.77350269e-01 5.77350269e-01 5.77350269e-01
5.77350269e-01 5.77350269e-01 5.77350269e-01
5.77350269e-01 5.77350269e-01 5.77350269e-01
-5.77350269e-01 5.77350269e-01 5.77350269e-01
-5.77350269e-01 5.77350269e-01 5.77350269e-01
-5.77350269e-01 5.77350269e-01 5.77350269e-01
-5.77350269e-01 5.77350269e-01 5.77350269e-01
-5.77350269e-01 5.77350269e-01 -5.77350269e-01
-5.77350269e-01 5.77350269e-01 -5.77350269e-01
-5.77350269e-01 5.77350269e-01 -5.77350269e-01
-5.77350269e-01 5.77350269e-01 -5.77350269e-01
-5.77350269e-01 5.77350269e-01 5.77350269e-01
-5.77350269e-01 5.77350269e-01 5.77350269e-01
-5.77350269e-01 5.77350269e-01 5.77350269e-01
-5.77350269e-01 5.77350269e-01 5.77350269e-01
-5.77350269e-01 5.77350269e-01 -5.77350269e-01
-5.77350269e-01 5.77350269e-01 -5.77350269e-01
-5.77350269e-01 5.77350269e-01 -5.77350269e-01
-5.77350269e-01 5.77350269e-01 -5.77350269e-01
5.77350269e-01 5.77350269e-01 5.77350269e-01
5.77350269e-01 5.77350269e-01 5.77350269e-01
5.77350269e-01 5.77350269e-01 5.77350269e-01
5.77350269e-01 5.77350269e-01 5.77350269e-01
5.77350269e-01 5.77350269e-01 -5.77350269e-01
5.77350269e-01 5.77350269e-01 -5.77350269e-01
5.77350269e-01 5.77350269e-01 -5.77350269e-01
5.77350269e-01 5.77350269e-01 -5.77350269e-01
5.77350269e-01 5.77350269e-01 5.77350269e-01
5.77350269e-01 5.77350269e-01 5.77350269e-01
5.77350269e-01 5.77350269e-01 5.77350269e-01
5.77350269e-01 5.77350269e-01 5.77350269e-01
5.77350269e-01 5.77350269e-01 -5.77350269e-01
5.77350269e-01 5.77350269e-01 -5.77350269e-01
5.77350269e-01 5.77350269e-01 -5.77350269e-01
5.77350269e-01 5.77350269e-01 -5.77350269e-01
-5.77350269e-01 5.77350269e-01 5.77350269e-01
-5.77350269e-01 5.77350269e-01 5.77350269e-01
-5.77350269e-01 5.77350269e-01 5.77350269e-01
-5.77350269e-01 5.77350269e-01 5.77350269e-01
-5.77350269e-01 -5.77350269e-01 5.77350269e-01
-5.77350269e-01 -5.77350269e-01 5.77350269e-01
-5.77350269e-01 -5.77350269e-01 5.77350269e-01
-5.77350269e-01 -5.77350269e-01 5.77350269e-01
-5.77350269e-01 5.77350269e-01 5.77350269e-01
-5.77350269e-01 5.77350269e-01 5.77350269e-01
-5.77350269e-01 5.77350269e-01 5.77350269e-01
-5.77350269e-01 5.77350269e-01 5.77350269e-01
-5.77350269e-01 -5.77350269e-01 5.77350269e-01
-5.77350269e-01 -5.77350269e-01 5.77350269e-01
-5.77350269e-01 -5.77350269e-01 5.77350269e-01
-5.77350269e-01 -5.77350269e-01 5.77350269e-01
5.77350269e-01 5.77350269e-01 5.77350269e-01
5.77350269e-01 5.77350269e-01 5.77350269e-01
5.77350269e-01 5.77350269e-01 5.77350269e-01
5.77350269e-01 5.77350269e-01 5.77350269e-01
5.77350269e-01 -5.77350269e-01 5.77350269e-01
5.77350269e-01 -5.77350269e-01 5.77350269e-01
5.77350269e-01 -5.77350269e-01 5.77350269e-01
5.77350269e-01 -5.77350269e-01 5.77350269e-01
5.77350269e-01 5.77350269e-01 5.77350269e-01
5.77350269e-01 5.77350269e-01 5.77350269e-01
5.77350269e-01 5.77350269e-01 5.77350269e-01
5.77350269e-01 5.77350269e-01 5.77350269e-01
5.77350269e-01 -5.77350269e-01 5.77350269e-01
5.77350269e-01 -5.77350269e-01 5.77350269e-01
5.77350269e-01 -5.77350269e-01 5.77350269e-01
5.77350269e-01 -5.77350269e-01 5.77350269e-01
-5.77350269e-01 -5.77350269e-01 5.77350269e-01
-5.77350269e-01 -5.77350269e-01 5.77350269e-01
-5.77350269e-01 -5.77350269e-01 5.77350269e-01
-5.77350269e-01 -5.77350269e-01 5.77350269e-01
5.77350269e-01 -5.77350269e-01 5.77350269e-01
5.77350269e-01 -5.77350269e-01 5.77350269e-01
5.77350269e-01 -5.77350269e-01 5.77350269e-01
5.77350269e-01 -5.77350269e-01 5.77350269e-01
-5.77350269e-01 -5.77350269e-01 5.77350269e-01
-5.77350269e-01 -5.77350269e-01 5.77350269e-01
-5.77350269e-01 -5.77350269e-01 5.77350269e-01
-5.77350269e-01 -5.77350269e-01 5.77350269e-01
5.77350269e-01 -5.77350269e-01 5.77350269e-01
5.77350269e-01 -5.77350269e-01 5.77350269e-01
5.77350269e-01 -5.77350269e-01 5.77350269e-01
5.77350269e-01 -5.77350269e-01 5.77350269e-01
-5.77350269e-01 5.77350269e-01 5.77350269e-01
-5.77350269e-01 5.77350269e-01 5.77350269e-01
-5.77350269e-01 5.77350269e-01 5.77350269e-01
-5.77350269e-01 5.77350269e-01 5.77350269e-01
5.77350269e-01 5.77350269e-01 5.77350269e-01
5.77350269e-01 5.77350269e-01 5.77350269e-01
5.77350269e-01 5.77350269e-01 5.77350269e-01
5.77350269e-01 5.77350269e-01 5.77350269e-01
-5.77350269e-01 5.77350269e-01 5.77350269e-01
-5.77350269e-01 5.77350269e-01 5.77350269e-01
-5.77350269e-01 5.77350269e-01 5.77350269e-01
-5.77350269e-01 5.77350269e-01 5.77350269e-01
5.77350269e-01 5.77350269e-01 5.77350269e-01
5.77350269e-01 5.77350269e-01 5.77350269e-01
5.77350269e-01 5.77350269e-01 5.77350269e-01
5.77350269e-01 5.77350269e-01 5.77350269e-01
-5.77350269e-01 5.77350269e-01 5.77350269e-01
-5.77350269e-01 5.77350269e-01 5.77350269e-01
-5.77350269e-01 5.77350269e-01 5.77350269e-01
-5.77350269e-01 5.77350269e-01 5.77350269e-01
-5.77350269e-01 5.77350269e-01 -5.77350269e-01
-5.77350269e-01 5.77350269e-01 -5.77350269e-01
-5.77350269e-01 5.77350269e-01 -5.77350269e-01
-5.77350269e-01 5.77350269e-01 -5.77350269e-01
-5.77350269e-01 5.77350269e-01 5.77350269e-01
-5.77350269e-01 5.77350269e-01 5.77350269e-01
-5.77350269e-01 5.77350269e-01 5.77350269e-01
-5.77350269e-01 5.77350269e-01 5.77350269e-01
-5.77350269e-01 5.77350269e-01 -5.77350269e-01
-5.77350269e-01 5.77350269e-01 -5.77350269e-01
-5.77350269e-01 5.77350269e-01 -5.77350269e-01
-5.77350269e-01 5.77350269e-01 -5.77350269e-01
5.77350269e-01 5.77350269e-01 5.77350269e-01
5.77350269e-01 5.77350269e-01 5.77350269e-01
5.77350269e-01 5.77350269e-01 5.77350269e-01
5.77350269e-01 5.77350269e-01 5.77350269e-01
5.77350269e-01 5.77350269e-01 -5.77350269e-01
5.77350269e-01 5.77350269e-01 -5.77350269e-01
5.77350269e-01 5.77350269e-01 -5.77350269e-01
5.77350269e-01 5.77350269e-01 -5.77350269e-01
5.77350269e-01 5.77350269e-01 5.77350269e-01
5.77350269e-01 5.77350269e-01 5.77350269e-01
5.77350269e-01 5.77350269e-01 5.77350269e-01
5.77350269e-01 5.77350269e-01 5.77350269e-01
5.77350269e-01 5.77350269e-01 -5.77350269e-01
5.77350269e-01 5.77350269e-01 -5.77350269e-01
5.77350269e-01 5.77350269e-01 -5.77350269e-01
5.77350269e-01 5.77350269e-01 -5.77350269e-01
-5.77350269e-01 5.77350269e-01 5.77350269e-01
-5.77350269e-01 5.77350269e-01 5.77350269e-01
-5.77350269e-01 5.77350269e-01 5.77350269e-01
-5.77350269e-01 5.77350269e-01 5.77350269e-01
-5.77350269e-01 -5.77350269e-01 5.77350269e-01
-5.77350269e-01 -5.77350269e-01 5.77350269e-01
-5.77350269e-01 -5.77350269e-01 5.77350269e-01
-5.77350269e-01 -5.77350269e-01 5.77350269e-01
-5.77350269e-01 5.77350269e-01 5.77350269e-01
-5.77350269e-01 5.77350269e-01 5.77350269e-01
-5.77350269e-01 5.77350269e-01 5.77350269e-01
-5.77350269e-01 5.77350269e-01 5.77350269e-01
-5.77350269e-01 -5.77350269e-01 5.77350269e-01
-5.77350269e-01 -5.77350269e-01 5.77350269e-01
-5.77350269e-01 -5.77350269e-01 5.77350269e-01
-5.77350269e-01 -5.77350269e-01 5.77350269e-01
5.77350269e-01 5.77350269e-01 5.77350269e-01
5.77350269e-01 5.77350269e-01 5.77350269e-01
5.77350269e-01 5.77350269e-01 5.77350269e-01
5.77350269e-01 5.77350269e-01 5.77350269e-01
5.77350269e-01 -5.77350269e-01 5.77350269e-01
5.77350269e-01 -5.77350269e-01 5.77350269e-01
5.77350269e-01 -5.77350269e-01 5.77350269e-01
5.77350269e-01 -5.77350269e-01 5.77350269e-01
5.77350269e-01 5.77350269e-01 5.77350269e-01
5.77350269e-01 5.77350269e-01 5.77350269e-01
5.77350269e-01 5.77350269e-01 5.77350269e-01
5.77350269e-01 5.77350269e-01 5.77350269e-01
5.77350269e-01 -5.77350269e-01 5.77350269e-01
5.77350269e-01 -5.77350269e-01 5.77350269e-01
5.77350269e-01 -5.77350269e-01 5.77350269e-01
5.77350269e-01 -5.77350269e-01 5.77350269e-01
-5.77350269e-01 -5.77350269e-01 5.77350269e-01
-5.77350269e-01 -5.77350269e-01 5.77350269e-01
-5.77350269e-01 -5.77350269e-01 5.77350269e-01
-5.77350269e-01 -5.77350269e-01 5.77350269e-01
5.77350269e-01 -5.77350269e-01 5.77350269e-01
5.77350269e-01 -5.77350269e-01 5.77350269e-01
5.77350269e-01 -5.77350269e-01 5.77350269e-01
5.77350269e-01 -5.77350269e-01 5.77350269e-01
-5.77350269e-01 -5.77350269e-01 5.77350269e-01
-5.77350269e-01 -5.77350269e-01 5.77350269e-01
-5.77350269e-01 -5.77350269e-01 5.77350269e-01
-5.77350269e-01 -5.77350269e-01 5.77350269e-01
5.77350269e-01 -5.77350269e-01 5.77350269e-01
5.77350269e-01 -5.77350269e-01 5.77350269e-01
5.77350269e-01 -5.77350269e-01 5.77350269e-01
5.77350269e-01 -5.77350269e-01 5.77350269e-01
-5.77350269e-01 5.77350269e-01 5.77350269e-01
-5.77350269e-01 5.77350269e-01 5.77350269e-01
-5.77350269e-01 5.77350269e-01 5.77350269e-01
-5.77350269e-01 5.77350269e-01 5.77350269e-01
5.77350269e-01 5.77350269e-01 5.77350269e-01
5.77350269e-01 5.77350269e-01 5.77350269e-01
5.77350269e-01 5.77350269e-01 5.77350269e-01
5.77350269e-01 5.77350269e-01 5.77350269e-01
-5.77350269e-01 5.77350269e-01 5.77350269e-01
-5.77350269e-01 5.77350269e-01 5.77350269e-01
-5.77350269e-01 5.77350269e-01 5.77350269e-01
-5.77350269e-01 5.77350269e-01 5.77350269e-01
5.77350269e-01 5.77350269e-01 5.77350269e-01
5.77350269e-01 5.77350269e-01 5.77350269e-01
5.77350269e-01 5.77350269e-01 5.77350269e-01
5.77350269e-01 5.77350269e-01 5.77350269e-01
-5.77350269e-01 5.77350269e-01 5.77350269e-01
-5.77350269e-01 5.77350269e-01 5.77350269e-01
-5.77350269e-01 5.77350269e-01 5.77350269e-01
-5.77350269e-01 5.77350269e-01 5.77350269e-01
-5.77350269e-01 5.77350269e-01 -5.77350269e-01
-5.77350269e-01 5.77350269e-01 -5.77350269e-01
-5.77350269e-01 5.77350269e-01 -5.77350269e-01
-5.77350269e-01 5.77350269e-01 -5.77350269e-01
-5.77350269e-01 5.77350269e-01 5.77350269e-01
-5.77350269e-01 5.77350269e-01 5.77350269e-01
-5.77350269e-01 5.77350269e-01 5.77350269e-01
-5.77350269e-01 5.77350269e-01 5.77350269e-01
-5.77350269e-01 5.77350269e-01 -5.77350269e-01
-5.77350269e-01 5.77350269e-01 -5.77350269e-01
-5.77350269e-01 5.77350269e-01 -5.77350269e-01
-5.77350269e-01 5.77350269e-01 -5.77350269e-01
5.77350269e-01 5.77350269e-01 5.77350269e-01
5.77350269e-01 5.77350269e-01 5.77350269e-01
5.77350269e-01 5.77350269e-01 5.77350269e-01
5.77350269e-01 5.77350269e-01 5.77350269e-01
5.77350269e-01 5.77350269e-01 -5.77350269e-01
5.77350269e-01 5.77350269e-01 -5.77350269e-01
5.77350269e-01 5.77350269e-01 -5.77350269e-01
5.77350269e-01 5.77350269e-01 -5.77350269e-01
5.77350269e-01 5.77350269e-01 5.77350269e-01
5.77350269e-01 5.77350269e-01 5.77350269e-01
5.77350269e-01 5.77350269e-01 5.77350269e-01
5.77350269e-01 5.77350269e-01 5.77350269e-01
5.77350269e-01 5.77350269e-01 -5.77350269e-01
5.77350269e-01 5.77350269e-01 -5.77350269e-01
5.77350269e-01 5.77350269e-01 -5.77350269e-01
5.77350269e-01 5.77350269e-01 -5.77350269e-01
-5.77350269e-01 5.77350269e-01 5.77350269e-01
-5.77350269e-01 5.77350269e-01 5.77350269e-01
-5.77350269e-01 5.77350269e-01 5.77350269e-01
-5.77350269e-01 5.77350269e-01 5.77350269e-01
-5.77350269e-01 -5.77350269e-01 5.77350269e-01
-5.77350269e-01 -5.77350269e-01 5.77350269e-01
-5.77350269e-01 -5.77350269e-01 5.77350269e-01
-5.77350269e-01 -5.77350269e-01 5.77350269e-01
-5.77350269e-01 5.77350269e-01 5.77350269e-01
-5.77350269e-01 5.77350269e-01 5.77350269e-01
-5.77350269e-01 5.77350269e-01 5.77350269e-01
-5.77350269e-01 5.77350269e-01 5.77350269e-01
-5.77350269e-01 -5.77350269e-01 5.77350269e-01
-5.77350269e-01 -5.77350269e-01 5.77350269e-01
-5.77350269e-01 -5.77350269e-01 5.77350269e-01
-5.77350269e-01 -5.77350269e-01 5.77350269e-01
5.77350269e-01 5.77350269e-01 5.77350269e-01
5.77350269e-01 5.77350269e-01 5.77350269e-01
5.77350269e-01 5.77350269e-01 5.77350269e-01
5.77350269e-01 5.77350269e-01 5.77350269e-01
5.77350269e-01 -5.77350269e-01 5.77350269e-01
5.77350269e-01 -5.77350269e-01 5.77350269e-01
5.77350269e-01 -5.77350269e-01 5.77350269e-01
5.77350269e-01 -5.77350269e-01 5.77350269e-01
5.77350269e-01 5.77350269e-01 5.77350269e-01
5.77350269e-01 5.77350269e-01 5.77350269e-01
5.77350269e-01 5.77350269e-01 5.77350269e-01
5.77350269e-01 5.77350269e-01 5.77350269e-01
5.77350269e-01 -5.77350269e-01 5.77350269e-01
5.77350269e-01 -5.77350269e-01 5.77350269e-01
5.77350269e-01 -5.77350269e-01 5.77350269e-01
5.77350269e-01 -5.77350269e-01 5.77350269e-01
-5.77350269e-01 -5.77350269e-01 5.77350269e-01
-5.77350269e-01 -5.77350269e-01 5.77350269e-01
-5.77350269e-01 -5.77350269e-01 5.77350269e-01
-5.77350269e-01 -5.77350269e-01 5.77350269e-01
5.77350269e-01 -5.77350269e-01 5.77350269e-01
5.77350269e-01 -5.77350269e-01 5.77350269e-01
5.77350269e-01 -5.77350269e-01 5.77350269e-01
5.77350269e-01 -5.77350269e-01 5.77350269e-01
-5.77350269e-01 -5.77350269e-01 5.77350269e-01
-5.77350269e-01 -5.77350269e-01 5.77350269e-01
-5.77350269e-01 -5.77350269e-01 5.77350269e-01
-5.77350269e-01 -5.77350269e-01 5.77350269e-01
5.77350269e-01 -5.77350269e-01 5.77350269e-01
5.77350269e-01 -5.77350269e-01 5.77350269e-01
5.77350269e-01 -5.77350269e-01 5.77350269e-01
5.77350269e-01 -5.77350269e-01 5.77350269e-01
-5.77350269e-01 5.77350269e-01 5.77350269e-01
-5.77350269e-01 5.77350269e-01 5.77350269e-01
-5.77350269e-01 5.77350269e-01 5.77350269e-01
-5.77350269e-01 5.77350269e-01 5.77350269e-01
5.77350269e-01 5.77350269e-01 5.77350269e-01
5.77350269e-01 5.77350269e-01 5.77350269e-01
5.77350269e-01 5.77350269e-01 5.77350269e-01
5.77350269e-01 5.77350269e-01 5.77350269e-01
-5.77350269e-01 5.77350269e-01 5.77350269e-01
-5.77350269e-01 5.77350269e-01 5.77350269e-01
-5.77350269e-01 5.77350269e-01 5.77350269e-01
-5.77350269e-01 5.77350269e-01 5.77350269e-01
5.77350269e-01 5.77350269e-01 5.77350269e-01
5.77350269e-01 5.77350269e-01 5.77350269e-01
5.77350269e-01 5.77350269e-01 5.77350269e-01
5.77350269e-01 5.77350269e-01 5.77350269e-01
-5.77350269e-01 5.77350269e-01 5.77350269e-01
-5.77350269e-01 5.77350269e-01 5.77350269e-01
-5.77350269e-01 5.77350269e-01 5.77350269e-01
-5.77350269e-01 5.77350269e-01 5.77350269e-01
-5.77350269e-01 5.77350269e-01 -5.77350269e-01
-5.77350269e-01 5.77350269e-01 -5.77350269e-01
-5.77350269e-01 5.77350269e-01 -5.77350269e-01
-5.77350269e-01 5.77350269e-01 -5.77350269e-01
-5.77350269e-01 5.77350269e-01 5.77350269e-01
-5.77350269e-01 5.77350269e-01 5.77350269e-01
-5.77350269e-01 5.77350269e-01 5.77350269e-01
-5.77350269e-01 5.77350269e-01 5.77350269e-01
-5.77350269e-01 5.77350269e-01 -5.77350269e-01
-5.77350269e-01 5.77350269e-01 -5.77350269e-01
-5.77350269e-01 5.77350269e-01 -5.77350269e-01
-5.77350269e-01 5.77350269e-01 -5.77350269e-01
5.77350269e-01 5.77350269e-01 5.77350269e-01
5.77350269e-01 5.77350269e-01 5.77350269e-01
5.77350269e-01 5.77350269e-01 5.77350269e-01
5.77350269e-01 5.77350269e-01 5.77350269e-01
5.77350269e-01 5.77350269e-01 -5.77350269e-01
5.77350269e-01 5.77350269e-01 -5.77350269e-01
5.77350269e-01 5.77350269e-01 -5.77350269e-01
5.77350269e-01 5.77350269e-01 -5.77350269e-01
5.77350269e-01 5.77350269e-01 5.77350269e-01
5.77350269e-01 5.77350269e-01 5.77350269e-01
5.77350269e-01 5.77350269e-01 5.77350269e-01
5.77350269e-01 5.77350269e-01 5.77350269e-01
5.77350269e-01 5.77350269e-01 -5.77350269e-01
5.77350269e-01 5.77350269e-01 -5.77350269e-01
5.77350269e-01 5.77350269e-01 -5.77350269e-01
5.77350269e-01 5.77350269e-01 -5.77350269e-01
-5.77350269e-01 5.77350269e-01 5.77350269e-01
-5.77350269e-01 5.77350269e-01 5.77350269e-01
-5.77350269e-01 5.77350269e-01 5.77350269e-01
-5.77350269e-01 5.77350269e-01 5.77350269e-01
-5.77350269e-01 -5.77350269e-01 5.77350269e-01
-5.77350269e-01 -5.77350269e-01 5.77350269e-01
-5.77350269e-01 -5.77350269e-01 5.77350269e-01
-5.77350269e-01 -5.77350269e-01 5.77350269e-01
-5.77350269e-01 5.77350269e-01 5.77350269e-01
-5.77350269e-01 5.77350269e-01 5.77350269e-01
-5.77350269e-01 5.77350269e-01 5.77350269e-01
-5.77350269e-01 5.77350269e-01 5.77350269e-01
-5.77350269e-01 -5.77350269e-01 5.77350269e-01
-5.77350269e-01 -5.77350269e-01 5.77350269e-01
-5.77350269e-01 -5.77350269e-01 5.77350269e-01
-5.77350269e-01 -5.77350269e-01 5.77350269e-01
5.77350269e-01 5.77350269e-01 5.77350269e-01
5.77350269e-01 5.77350269e-01 5.77350269e-01
5.77350269e-01 5.77350269e-01 5.77350269e-01
5.77350269e-01 5.77350269e-01 5.77350269e-01
5.77350269e-01 -5.77350269e-01 5.77350269e-01
5.77350269e-01 -5.77350269e-01 5.77350269e-01
5.77350269e-01 -5.77350269e-01 5.77350269e-01
5.77350269e-01 -5.77350269e-01 5.77350269e-01
5.77350269e-01 5.77350269e-01 5.77350269e-01
5.77350269e-01 5.77350269e-01 5.77350269e-01
5.77350269e-01 5.77350269e-01 5.77350269e-01
5.77350269e-01 5.77350269e-01 5.77350269e-01
5.77350269e-01 -5.77350269e-01 5.77350269e-01
5.77350269e-01 -5.77350269e-01 5.77350269e-01
5.77350269e-01 -5.77350269e-01 5.77350269e-01
5.77350269e-01 -5.77350269e-01 5.77350269e-01
-5.77350269e-01 -5.77350269e-01 5.77350269e-01
-5.77350269e-01 -5.77350269e-01 5.77350269e-01
-5.77350269e-01 -5.77350269e-01 5.77350269e-01
-5.77350269e-01 -5.77350269e-01 5.77350269e-01
5.77350269e-01 -5.77350269e-01 5.77350269e-01
5.77350269e-01 -5.77350269e-01 5.77350269e-01
5.77350269e-01 -5.77350269e-01 5.77350269e-01
5.77350269e-01 -5.77350269e-01 5.77350269e-01
-5.77350269e-01 -5.77350269e-01 5.77350269e-01
-5.77350269e-01 -5.77350269e-01 5.77350269e-01
-5.77350269e-01 -5.77350269e-01 5.77350269e-01
-5.77350269e-01 -5.77350269e-01 5.77350269e-01
5.77350269e-01 -5.77350269e-01 5.77350269e-01
5.77350269e-01 -5.77350269e-01 5.77350269e-01
5.77350269e-01 -5.77350269e-01 5.77350269e-01
5.77350269e-01 -5.77350269e-01 5.77350269e-01
-5.77350269e-01 5.77350269e-01 5.77350269e-01
-5.77350269e-01 5.77350269e-01 5.77350269e-01
-5.77350269e-01 5.77350269e-01 5.77350269e-01
-5.77350269e-01 5.77350269e-01 5.77350269e-01
5.77350269e-01 5.77350269e-01 5.77350269e-01
5.77350269e-01 5.77350269e-01 5.77350269e-01
5.77350269e-01 5.77350269e-01 5.77350269e-01
5.77350269e-01 5.77350269e-01 5.77350269e-01
-5.77350269e-01 5.77350269e-01 5.77350269e-01
-5.77350269e-01 5.77350269e-01 5.77350269e-01
-5.77350269e-01 5.77350269e-01 5.77350269e-01
-5.77350269e-01 5.77350269e-01 5.77350269e-01
5.77350269e-01 5.77350269e-01 5.77350269e-01
5.77350269e-01 5.77350269e-01 5.77350269e-01
5.77350269e-01 5.77350269e-01 5.77350269e-01
5.77350269e-01 5.77350269e-01 5.77350269e-01
-5.77350269e-01 5.77350269e-01 5.77350269e-01
-5.77350269e-01 5.77350269e-01 5.77350269e-01
-5.77350269e-01 5.77350269e-01 5.77350269e-01
-5.77350269e-01 5.77350269e-01 5.77350269e-01
-5.77350269e-01 5.77350269e-01 -5.77350269e-01
-5.77350269e-01 5.77350269e-01 -5.77350269e-01
-5.77350269e-01 5.77350269e-01 -5.77350269e-01
-5.77350269e-01 5.77350269e-01 -5.77350269e-01
-5.77350269e-01 5.77350269e-01 5.77350269e-01
-5.77350269e-01 5.77350269e-01 5.77350269e-01
-5.77350269e-01 5.77350269e-01 5.77350269e-01
-5.77350269e-01 5.77350269e-01 5.77350269e-01
-5.77350269e-01 5.77350269e-01 -5.77350269e-01
-5.77350269e-01 5.77350269e-01 -5.77350269e-01
-5.77350269e-01 5.77350269e-01 -5.77350269e-01
-5.77350269e-01 5.77350269e-01 -5.77350269e-01
5.77350269e-01 5.77350269e-01 5.77350269e-01
5.77350269e-01 5.77350269e-01 5.77350269e-01
5.77350269e-01 5.77350269e-01 5.77350269e-01
5.77350269e-01 5.77350269e-01 5.77350269e-01
5.77350269e-01 5.77350269e-01 -5.77350269e-01
5.77350269e-01 5.77350269e-01 -5.77350269e-01
5.77350269e-01 5.77350269e-01 -5.77350269e-01
5.77350269e-01 5.77350269e-01 -5.77350269e-01
5.77350269e-01 5.77350269e-01 5.77350269e-01
5.77350269e-01 5.77350269e-01 5.77350269e-01
5.77350269e-01 5.77350269e-01 5.77350269e-01
5.77350269e-01 5.77350269e-01 5.77350269e-01
5.77350269e-01 5.77350269e-01 -5.77350269e-01
5.77350269e-01 5.77350269e-01 -5.77350269e-01
5.77350269e-01 5.77350269e-01 -5.77350269e-01
5.77350269e-01 5.77350269e-01 -5.77350269e-01
-5.77350269e-01 5.77350269e-01 5.77350269e-01
-5.77350269e-01 5.77350269e-01 5.77350269e-01
-5.77350269e-01 5.77350269e-01 5.77350269e-01
-5.77350269e-01 5.77350269e-01 5.77350269e-01
-5.77350269e-01 -5.77350269e-01 5.77350269e-01
-5.77350269e-01 -5.77350269e-01 5.77350269e-01
-5.77350269e-01 -5.77350269e-01 5.77350269e-01
-5.77350269e-01 -5.77350269e-01 5.77350269e-01
-5.77350269e-01 5.77350269e-01 5.77350269e-01
-5.77350269e-01 5.77350269e-01 5.77350269e-01
-5.77350269e-01 5.77350269e-01 5.77350269e-01
-5.77350269e-01 5.77350269e-01 5.77350269e-01
-5.77350269e-01 -5.77350269e-01 5.77350269e-01
-5.77350269e-01 -5.77350269e-01 5.77350269e-01
-5.77350269e-01 -5.77350269e-01 5.77350269e-01
-5.77350269e-01 -5.77350269e-01 5.77350269e-01
5.77350269e-01 5.77350269e-01 5.77350269e-01
5.77350269e-01 5.77350269e-01 5.77350269e-01
5.77350269e-01 5.77350269e-01 5.77350269e-01
5.77350269e-01 5.77350269e-01 5.77350269e-01
5.77350269e-01 -5.77350269e-01 5.77350269e-01
5.77350269e-01 -5.77350269e-01 5.77350269e-01
5.77350269e-01 -5.77350269e-01 5.77350269e-01
5.77350269e-01 -5.77350269e-01 5.77350269e-01
5.77350269e-01 5.77350269e-01 5.77350269e-01
5.77350269e-01 5.77350269e-01 5.77350269e-01
5.77350269e-01 5.77350269e-01 5.77350269e-01
5.77350269e-01 5.77350269e-01 5.77350269e-01
5.77350269e-01 -5.77350269e-01 5.77350269e-01
5.77350269e-01 -5.77350269e-01 5.77350269e-01
5.77350269e-01 -5.77350269e-01 5.77350269e-01
5.77350269e-01 -5.77350269e-01 5.77350269e-01
-5.77350269e-01 -5.77350269e-01 5.77350269e-01
-5.77350269e-01 -5.77350269e-01 5.77350269e-01
-5.77350269e-01 -5.77350269e-01 5.77350269e-01
-5.77350269e-01 -5.77350269e-01 5.77350269e-01
5.77350269e-01 -5.77350269e-01 5.77350269e-01
5.77350269e-01 -5.77350269e-01 5.77350269e-01
5.77350269e-01 -5.77350269e-01 5.77350269e-01
5.77350269e-01 -5.77350269e-01 5.77350269e-01
-5.77350269e-01 -5.77350269e-01 5.77350269e-01
-5.77350269e-01 -5.77350269e-01 5.77350269e-01
-5.77350269e-01 -5.77350269e-01 5.77350269e-01
-5.77350269e-01 -5.77350269e-01 5.77350269e-01
5.77350269e-01 -5.77350269e-01 5.77350269e-01
5.77350269e-01 -5.77350269e-01 5.77350269e-01
5.77350269e-01 -5.77350269e-01 5.77350269e-01
5.77350269e-01 -5.77350269e-01 5.77350269e-01
-5.77350269e-01 5.77350269e-01 5.77350269e-01
-5.77350269e-01 5.77350269e-01 5.77350269e-01
-5.77350269e-01 5.77350269e-01 5.77350269e-01
-5.77350269e-01 5.77350269e-01 5.77350269e-01
5.77350269e-01 5.77350269e-01 5.77350269e-01
5.77350269e-01 5.77350269e-01 5.77350269e-01
5.77350269e-01 5.77350269e-01 5.77350269e-01
5.77350269e-01 5.77350269e-01 5.77350269e-01
-5.77350269e-01 5.77350269e-01 5.77350269e-01
-5.77350269e-01 5.77350269e-01 5.77350269e-01
-5.77350269e-01 5.77350269e-01 5.77350269e-01
-5.77350269e-01 5.77350269e-01 5.77350269e-01
5.77350269e-01 5.77350269e-01 5.77350269e-01
5.77350269e-01 5.77350269e-01 5.77350269e-01
5.77350269e-01 5.77350269e-01 5.77350269e-01
5.77350269e-01 5.77350269e-01 5.77350269e-01
-5.77350269e-01 5.77350269e-01 5.77350269e-01
-5.77350269e-01 5.77350269e-01 5.77350269e-01
-5.77350269e-01 5.77350269e-01 5.77350269e-01
-5.77350269e-01 5.77350269e-01 5.77350269e-01
-5.77350269e-01 5.77350269e-01 -5.77350269e-01
-5.77350269e-01 5.77350269e-01 -5.77350269e-01
-5.77350269e-01 5.77350269e-01 -5.77350269e-01
-5.77350269e-01 5.77350269e-01 -5.77350269e-01
-5.77350269e-01 5.77350269e-01 5.77350269e-01
-5.77350269e-01 5.77350269e-01 5.77350269e-01
-5.77350269e-01 5.77350269e-01 5.77350269e-01
-5.77350269e-01 5.77350269e-01 5.77350269e-01
-5.77350269e-01 5.77350269e-01 -5.77350269e-01
-5.77350269e-01 5.77350269e-01 -5.77350269e-01
-5.77350269e-01 5.77350269e-01 -5.77350269e-01
-5.77350269e-01 5.77350269e-01 -5.77350269e-01
5.77350269e-01 5.77350269e-01 5.77350269e-01
5.77350269e-01 5.77350269e-01 5.77350269e-01
5.77350269e-01 5.77350269e-01 5.77350269e-01
5.77350269e-01 5.77350269e-01 5.77350269e-01
5.77350269e-01 5.77350269e-01 -5.77350269e-01
5.77350269e-01 5.77350269e-01 -5.77350269e-01
5.77350269e-01 5.77350269e-01 -5.77350269e-01
5.77350269e-01 5.77350269e-01 -5.77350269e-01
5.77350269e-01 5.77350269e-01 5.77350269e-01
5.77350269e-01 5.77350269e-01 5.77350269e-01
5.77350269e-01 5.77350269e-01 5.77350269e-01
5.77350269e-01 5.77350269e-01 5.77350269e-01
5.77350269e-01 5.77350269e-01 -5.77350269e-01
5.77350269e-01 5.77350269e-01 -5.77350269e-01
5.77350269e-01 5.77350269e-01 -5.77350269e-01
5.77350269e-01 5.77350269e-01 -5.77350269e-01
-5.77350269e-01 5.77350269e-01 5.77350269e-01
-5.77350269e-01 5.77350269e-01 5.77350269e-01
-5.77350269e-01 5.77350269e-01 5.77350269e-01
-5.77350269e-01 5.77350269e-01 5.77350269e-01
-5.77350269e-01 -5.77350269e-01 5.77350269e-01
-5.77350269e-01 -5.77350269e-01 5.77350269e-01
-5.77350269e-01 -5.77350269e-01 5.77350269e-01
-5.77350269e-01 -5.77350269e-01 5.77350269e-01
-5.77350269e-01 5.77350269e-01 5.77350269e-01
-5.77350269e-01 5.77350269e-01 5.77350269e-01
-5.77350269e-01 5.77350269e-01 5.77350269e-01
-5.77350269e-01 5.77350269e-01 5.77350269e-01
-5.77350269e-01 -5.77350269e-01 5.77350269e-01
-5.77350269e-01 -5.77350269e-01 5.77350269e-01
-5.77350269e-01 -5.77350269e-01 5.77350269e-01
-5.77350269e-01 -5.77350269e-01 5.77350269e-01
5.77350269e-01 5.77350269e-01 5.77350269e-01
5.77350269e-01 5.77350269e-01 5.77350269e-01
5.77350269e-01 5.77350269e-01 5.77350269e-01
5.77350269e-01 5.77350269e-01 5.77350269e-01
5.77350269e-01 -5.77350269e-01 5.77350269e-01
5.77350269e-01 -5.77350269e-01 5.77350269e-01
5.77350269e-01 -5.77350269e-01 5.77350269e-01
5.77350269e-01 -5.77350269e-01 5.77350269e-01
5.77350269e-01 5.77350269e-01 5.77350269e-01
5.77350269e-01 5.77350269e-01 5.77350269e-01
5.77350269e-01 5.77350269e-01 5.77350269e-01
5.77350269e-01 5.77350269e-01 5.77350269e-01
5.77350269e-01 -5.77350269e-01 5.77350269e-01
5.77350269e-01 -5.77350269e-01 5.77350269e-01
5.77350269e-01 -5.77350269e-01 5.77350269e-01
5.77350269e-01 -5.77350269e-01 5.77350269e-01
-5.77350269e-01 -5.77350269e-01 5.77350269e-01
-5.77350269e-01 -5.77350269e-01 5.77350269e-01
-5.77350269e-01 -5.77350269e-01 5.77350269e-01
-5.77350269e-01 -5.77350269e-01 5.77350269e-01
5.77350269e-01 -5.77350269e-01 5.77350269e-01
5.77350269e-01 -5.77350269e-01 5.77350269e-01
5.77350269e-01 -5.77350269e-01 5.77350269e-01
5.77350269e-01 -5.77350269e-01 5.77350269e-01
-5.77350269e-01 -5.77350269e-01 5.77350269e-01
-5.77350269e-01 -5.77350269e-01 5.77350269e-01
-5.77350269e-01 -5.77350269e-01 5.77350269e-01
-5.77350269e-01 -5.77350269e-01 5.77350269e-01
5.77350269e-01 -5.77350269e-01 5.77350269e-01
5.77350269e-01 -5.77350269e-01 5.77350269e-01
5.77350269e-01 -5.77350269e-01 5.77350269e-01
5.77350269e-01 -5.77350269e-01 5.77350269e-01
-5.77350269e-01 5.77350269e-01 5.77350269e-01
-5.77350269e-01 5.77350269e-01 5.77350269e-01
-5.77350269e-01 5.77350269e-01 5.77350269e-01
-5.77350269e-01 5.77350269e-01 5.77350269e-01
5.77350269e-01 5.77350269e-01 5.77350269e-01
5.77350269e-01 5.77350269e-01 5.77350269e-01
5.77350269e-01 5.77350269e-01 5.77350269e-01
5.77350269e-01 5.77350269e-01 5.77350269e-01
-5.77350269e-01 5.77350269e-01 5.77350269e-01
-5.77350269e-01 5.77350269e-01 5.77350269e-01
-5.77350269e-01 5.77350269e-01 5.77350269e-01
-5.77350269e-01 5.77350269e-01 5.77350269e-01
5.77350269e-01 5.77350269e-01 5.77350269e-01
5.77350269e-01 5.77350269e-01 5.77350269e-01
5.77350269e-01 5.77350269e-01 5.77350269e-01
5.77350269e-01 5.77350269e-01 5.77350269e-01
-5.77350269e-01 5.77350269e-01 5.77350269e-01
-5.77350269e-01 5.77350269e-01 5.77350269e-01
-5.77350269e-01 5.77350269e-01 5.77350269e-01
-5.77350269e-01 5.77350269e-01 5.77350269e-01
-5.77350269e-01 5.77350269e-01 -5.77350269e-01
-5.77350269e-01 5.77350269e-01 -5.77350269e-01
-5.77350269e-01 5.77350269e-01 -5.77350269e-01
-5.77350269e-01 5.77350269e-01 -5.77350269e-01
-5.77350269e-01 5.77350269e-01 5.77350269e-01
-5.77350269e-01 5.77350269e-01 5.77350269e-01
-5.77350269e-01 5.77350269e-01 5.77350269e-01
-5.77350269e-01 5.77350269e-01 5.77350269e-01
-5.77350269e-01 5.77350269e-01 -5.77350269e-01
-5.77350269e-01 5.77350269e-01 -5.77350269e-01
-5.77350269e-01 5.77350269e-01 -5.77350269e-01
-5.77350269e-01 5.77350269e-01 -5.77350269e-01
5.77350269e-01 5.77350269e-01 5.77350269e-01
5.77350269e-01 5.77350269e-01 5.77350269e-01
5.77350269e-01 5.77350269e-01 5.77350269e-01
5.77350269e-01 5.77350269e-01 5.77350269e-01
5.77350269e-01 5.77350269e-01 -5.77350269e-01
5.77350269e-01 5.77350269e-01 -5.77350269e-01
5.77350269e-01 5.77350269e-01 -5.77350269e-01
5.77350269e-01 5.77350269e-01 -5.77350269e-01
5.77350269e-01 5.77350269e-01 5.77350269e-01
5.77350269e-01 5.77350269e-01 5.77350269e-01
5.77350269e-01 5.77350269e-01 5.77350269e-01
5.77350269e-01 5.77350269e-01 5.77350269e-01
5.77350269e-01 5.77350269e-01 -5.77350269e-01
5.77350269e-01 5.77350269e-01 -5.77350269e-01
5.77350269e-01 5.77350269e-01 -5.77350269e-01
5.77350269e-01 5.77350269e-01 -5.77350269e-01
-5.77350269e-01 5.77350269e-01 5.77350269e-01
-5.77350269e-01 5.77350269e-01 5.77350269e-01
-5.77350269e-01 5.77350269e-01 5.77350269e-01
-5.77350269e-01 5.77350269e-01 5.77350269e-01
-5.77350269e-01 -5.77350269e-01 5.77350269e-01
-5.77350269e-01 -5.77350269e-01 5.77350269e-01
-5.77350269e-01 -5.77350269e-01 5.77350269e-01
-5.77350269e-01 -5.77350269e-01 5.77350269e-01
-5.77350269e-01 5.77350269e-01 5.77350269e-01
-5.77350269e-01 5.77350269e-01 5.77350269e-01
-5.77350269e-01 5.77350269e-01 5.77350269e-01
-5.77350269e-01 5.77350269e-01 5.77350269e-01
-5.77350269e-01 -5.77350269e-01 5.77350269e-01
-5.77350269e-01 -5.77350269e-01 5.77350269e-01
-5.77350269e-01 -5.77350269e-01 5.77350269e-01
-5.77350269e-01 -5.77350269e-01 5.77350269e-01
5.77350269e-01 5.77350269e-01 5.77350269e-01
5.77350269e-01 5.77350269e-01 5.77350269e-01
5.77350269e-01 5.77350269e-01 5.77350269e-01
5.77350269e-01 5.77350269e-01 5.77350269e-01
5.77350269e-01 -5.77350269e-01 5.77350269e-01
5.77350269e-01 -5.77350269e-01 5.77350269e-01
5.77350269e-01 -5.77350269e-01 5.77350269e-01
5.77350269e-01 -5.77350269e-01 5.77350269e-01
5.77350269e-01 5.77350269e-01 5.77350269e-01
5.77350269e-01 5.77350269e-01 5.77350269e-01
5.77350269e-01 5.77350269e-01 5.77350269e-01
5.77350269e-01 5.77350269e-01 5.77350269e-01
5.77350269e-01 -5.77350269e-01 5.77350269e-01
5.77350269e-01 -5.77350269e-01 5.77350269e-01
5.77350269e-01 -5.77350269e-01 5.77350269e-01
5.77350269e-01 -5.77350269e-01 5.77350269e-01
-5.77350269e-01 -5.77350269e-01 5.77350269e-01
-5.77350269e-01 -5.77350269e-01 5.77350269e-01
-5.77350269e-01 -5.77350269e-01 5.77350269e-01
-5.77350269e-01 -5.77350269e-01 5.77350269e-01
5.77350269e-01 -5.77350269e-01 5.77350269e-01
5.77350269e-01 -5.77350269e-01 5.77350269e-01
5.77350269e-01 -5.77350269e-01 5.77350269e-01
5.77350269e-01 -5.77350269e-01 5.77350269e-01
-5.77350269e-01 -5.77350269e-01 5.77350269e-01
-5.77350269e-01 -5.77350269e-01 5.77350269e-01
-5.77350269e-01 -5.77350269e-01 5.77350269e-01
-5.77350269e-01 -5.77350269e-01 5.77350269e-01
5.77350269e-01 -5.77350269e-01 5.77350269e-01
5.77350269e-01 -5.77350269e-01 5.77350269e-01
5.77350269e-01 -5.77350269e-01 5.77350269e-01
5.77350269e-01 -5.77350269e-01 5.77350269e-01
-5.77350269e-01 5.77350269e-01 5.77350269e-01
-5.77350269e-01 5.77350269e-01 5.77350269e-01
-5.77350269e-01 5.77350269e-01 5.77350269e-01
-5.77350269e-01 5.77350269e-01 5.77350269e-01
5.77350269e-01 5.77350269e-01 5.77350269e-01
5.77350269e-01 5.77350269e-01 5.77350269e-01
5.77350269e-01 5.77350269e-01 5.77350269e-01
5.77350269e-01 5.77350269e-01 5.77350269e-01
-5.77350269e-01 5.77350269e-01 5.77350269e-01
-5.77350269e-01 5.77350269e-01 5.77350269e-01
-5.77350269e-01 5.77350269e-01 5.77350269e-01
-5.77350269e-01 5.77350269e-01 5.77350269e-01
5.77350269e-01 5.77350269e-01 5.77350269e-01
5.77350269e-01 5.77350269e-01 5.77350269e-01
5.77350269e-01 5.77350269e-01 5.77350269e-01
5.77350269e-01 5.77350269e-01 5.77350269e-01
-5.77350269e-01 5.77350269e-01 5.77350269e-01
-5.77350269e-01 5.77350269e-01 5.77350269e-01
-5.77350269e-01 5.77350269e-01 5.77350269e-01
-5.77350269e-01 5.77350269e-01 5.77350269e-01
-5.77350269e-01 5.77350269e-01 -5.77350269e-01
-5.77350269e-01 5.77350269e-01 -5.77350269e-01
-5.77350269e-01 5.77350269e-01 -5.77350269e-01
-5.77350269e-01 5.77350269e-01 -5.77350269e-01
-5.77350269e-01 5.77350269e-01 5.77350269e-01
-5.77350269e-01 5.77350269e-01 5.77350269e-01
-5.77350269e-01 5.77350269e-01 5.77350269e-01
-5.77350269e-01 5.77350269e-01 5.77350269e-01
-5.77350269e-01 5.77350269e-01 -5.77350269e-01
-5.77350269e-01 5.77350269e-01 -5.77350269e-01
-5.77350269e-01 5.77350269e-01 -5.77350269e-01
-5.77350269e-01 5.77350269e-01 -5.77350269e-01
5.77350269e-01 5.77350269e-01 5.77350269e-01
5.77350269e-01 5.77350269e-01 5.77350269e-01
5.77350269e-01 5.77350269e-01 5.77350269e-01
5.77350269e-01 5.77350269e-01 5.77350269e-01
5.77350269e-01 5.77350269e-01 -5.77350269e-01
5.77350269e-01 5.77350269e-01 -5.77350269e-01
5.77350269e-01 5.77350269e-01 -5.77350269e-01
5.77350269e-01 5.77350269e-01 -5.77350269e-01
5.77350269e-01 5.77350269e-01 5.77350269e-01
5.77350269e-01 5.77350269e-01 5.77350269e-01
5.77350269e-01 5.77350269e-01 5.77350269e-01
5.77350269e-01 5.77350269e-01 5.77350269e-01
5.77350269e-01 5.77350269e-01 -5.77350269e-01
5.77350269e-01 5.77350269e-01 -5.77350269e-01
5.77350269e-01 5.77350269e-01 -5.77350269e-01
5.77350269e-01 5.77350269e-01 -5.77350269e-01
-5.77350269e-01 5.77350269e-01 5.77350269e-01
-5.77350269e-01 5.77350269e-01 5.77350269e-01
-5.77350269e-01 5.77350269e-01 5.77350269e-01
-5.77350269e-01 5.77350269e-01 5.77350269e-01
-5.77350269e-01 -5.77350269e-01 5.77350269e-01
-5.77350269e-01 -5.77350269e-01 5.77350269e-01
-5.77350269e-01 -5.77350269e-01 5.77350269e-01
-5.77350269e-01 -5.77350269e-01 5.77350269e-01
-5.77350269e-01 5.77350269e-01 5.77350269e-01
-5.77350269e-01 5.77350269e-01 5.77350269e-01
-5.77350269e-01 5.77350269e-01 5.77350269e-01
-5.77350269e-01 5.77350269e-01 5.77350269e-01
-5.77350269e-01 -5.77350269e-01 5.77350269e-01
-5.77350269e-01 -5.77350269e-01 5.77350269e-01
-5.77350269e-01 -5.77350269e-01 5.77350269e-01
-5.77350269e-01 -5.77350269e-01 5.77350269e-01
5.77350269e-01 5.77350269e-01 5.77350269e-01
5.77350269e-01 5.77350269e-01 5.77350269e-01
5.77350269e-01 5.77350269e-01 5.77350269e-01
5.77350269e-01 5.77350269e-01 5.77350269e-01
5.77350269e-01 -5.77350269e-01 5.77350269e-01
5.77350269e-01 -5.77350269e-01 5.77350269e-01
5.77350269e-01 -5.77350269e-01 5.77350269e-01
5.77350269e-01 -5.77350269e-01 5.77350269e-01
5.77350269e-01 5.77350269e-01 5.77350269e-01
5.77350269e-01 5.77350269e-01 5.77350269e-01
5.77350269e-01 5.77350269e-01 5.77350269e-01
5.77350269e-01 5.77350269e-01 5.77350269e-01
5.77350269e-01 -5.77350269e-01 5.77350269e-01
5.77350269e-01 -5.77350269e-01 5.77350269e-01
5.77350269e-01 -5.77350269e-01 5.77350269e-01
5.77350269e-01 -5.77350269e-01 5.77350269e-01
-5.77350269e-01 -5.77350269e-01 5.77350269e-01
-5.77350269e-01 -5.77350269e-01 5.77350269e-01
-5.77350269e-01 -5.77350269e-01 5.77350269e-01
-5.77350269e-01 -5.77350269e-01 5.77350269e-01
5.77350269e-01 -5.77350269e-01 5.77350269e-01
5.77350269e-01 -5.77350269e-01 5.77350269e-01
5.77350269e-01 -5.77350269e-01 5.77350269e-01
5.77350269e-01 -5.77350269e-01 5.77350269e-01
-5.77350269e-01 -5.77350269e-01 5.77350269e-01
-5.77350269e-01 -5.77350269e-01 5.77350269e-01
-5.77350269e-01 -5.77350269e-01 5.77350269e-01
-5.77350269e-01 -5.77350269e-01 5.77350269e-01
5.77350269e-01 -5.77350269e-01 5.77350269e-01
5.77350269e-01 -5.77350269e-01 5.77350269e-01
5.77350269e-01 -5.77350269e-01 5.77350269e-01
5.77350269e-01 -5.77350269e-01 5.77350269e-01
-5.77350269e-01 5.77350269e-01 5.77350269e-01
-5.77350269e-01 5.77350269e-01 5.77350269e-01
-5.77350269e-01 5.77350269e-01 5.77350269e-01
-5.77350269e-01 5.77350269e-01 5.77350269e-01
5.77350269e-01 5.77350269e-01 5.77350269e-01
5.77350269e-01 5.77350269e-01 5.77350269e-01
5.77350269e-01 5.77350269e-01 5.77350269e-01
5.77350269e-01 5.77350269e-01 5.77350269e-01
-5.77350269e-01 5.77350269e-01 5.77350269e-01
-5.77350269e-01 5.77350269e-01 5.77350269e-01
-5.77350269e-01 5.77350269e-01 5.77350269e-01
-5.77350269e-01 5.77350269e-01 5.77350269e-01
5.77350269e-01 5.77350269e-01 5.77350269e-01
5.77350269e-01 5.77350269e-01 5.77350269e-01
5.77350269e-01 5.77350269e-01 5.77350269e-01
5.77350269e-01 5.77350269e-01 5.77350269e-01
-5.77350269e-01 5.77350269e-01 5.77350269e-01
-5.77350269e-01 5.77350269e-01 5.77350269e-01
-5.77350269e-01 5.77350269e-01 5.77350269e-01
-5.77350269e-01 5.77350269e-01 5.77350269e-01
-5.77350269e-01 5.77350269e-01 -5.77350269e-01
-5.77350269e-01 5.77350269e-01 -5.77350269e-01
-5.77350269e-01 5.77350269e-01 -5.77350269e-01
-5.77350269e-01 5.77350269e-01 -5.77350269e-01
-5.77350269e-01 5.77350269e-01 5.77350269e-01
-5.77350269e-01 5.77350269e-01 5.77350269e-01
-5.77350269e-01 5.77350269e-01 5.77350269e-01
-5.77350269e-01 5.77350269e-01 5.77350269e-01
-5.77350269e-01 5.77350269e-01 -5.77350269e-01
-5.77350269e-01 5.77350269e-01 -5.77350269e-01
-5.77350269e-01 5.77350269e-01 -5.77350269e-01
-5.77350269e-01 5.77350269e-01 -5.77350269e-01
5.77350269e-01 5.77350269e-01 5.77350269e-01
5.77350269e-01 5.77350269e-01 5.77350269e-01
5.77350269e-01 5.77350269e-01 5.77350269e-01
5.77350269e-01 5.77350269e-01 5.77350269e-01
5.77350269e-01 5.77350269e-01 -5.77350269e-01
5.77350269e-01 5.77350269e-01 -5.77350269e-01
5.77350269e-01 5.77350269e-01 -5.77350269e-01
5.77350269e-01 5.77350269e-01 -5.77350269e-01
5.77350269e-01 5.77350269e-01 5.77350269e-01
5.77350269e-01 5.77350269e-01 5.77350269e-01
5.77350269e-01 5.77350269e-01 5.77350269e-01
5.77350269e-01 5.77350269e-01 5.77350269e-01
5.77350269e-01 5.77350269e-01 -5.77350269e-01
5.77350269e-01 5.77350269e-01 -5.77350269e-01
5.77350269e-01 5.77350269e-01 -5.77350269e-01
5.77350269e-01 5.77350269e-01 -5.77350269e-01
-5.77350269e-01 5.77350269e-01 5.77350269e-01
-5.77350269e-01 5.77350269e-01 5.77350269e-01
-5.77350269e-01 5.77350269e-01 5.77350269e-01
-5.77350269e-01 5.77350269e-01 5.77350269e-01
-5.77350269e-01 -5.77350269e-01 5.77350269e-01
-5.77350269e-01 -5.77350269e-01 5.77350269e-01
-5.77350269e-01 -5.77350269e-01 5.77350269e-01
-5.77350269e-01 -5.77350269e-01 5.77350269e-01
-5.77350269e-01 5.77350269e-01 5.77350269e-01
-5.77350269e-01 5.77350269e-01 5.77350269e-01
-5.77350269e-01 5.77350269e-01 5.77350269e-01
-5.77350269e-01 5.77350269e-01 5.77350269e-01
-5.77350269e-01 -5.77350269e-01 5.77350269e-01
-5.77350269e-01 -5.77350269e-01 5.77350269e-01
-5.77350269e-01 -5.77350269e-01 5.77350269e-01
-5.77350269e-01 -5.77350269e-01 5.77350269e-01
5.77350269e-01 5.77350269e-01 5.77350269e-01
5.77350269e-01 5.77350269e-01 5.77350269e-01
5.77350269e-01 5.77350269e-01 5.77350269e-01
5.77350269e-01 5.77350269e-01 5.77350269e-01
5.77350269e-01 -5.77350269e-01 5.77350269e-01
5.77350269e-01 -5.77350269e-01 5.77350269e-01
5.77350269e-01 -5.77350269e-01 5.77350269e-01
5.77350269e-01 -5.77350269e-01 5.77350269e-01
5.77350269e-01 5.77350269e-01 5.77350269e-01
5.77350269e-01 5.77350269e-01 5.77350269e-01
5.77350269e-01 5.77350269e-01 5.77350269e-01
5.77350269e-01 5.77350269e-01 5.77350269e-01
5.77350269e-01 -5.77350269e-01 5.77350269e-01
5.77350269e-01 -5.77350269e-01 5.77350269e-01
5.77350269e-01 -5.77350269e-01 5.77350269e-01
5.77350269e-01 -5.77350269e-01 5.77350269e-01
-5.77350269e-01 -5.77350269e-01 5.77350269e-01
-5.77350269e-01 -5.77350269e-01 5.77350269e-01
-5.77350269e-01 -5.77350269e-01 5.77350269e-01
-5.77350269e-01 -5.77350269e-01 5.77350269e-01
5.77350269e-01 -5.77350269e-01 5.77350269e-01
5.77350269e-01 -5.77350269e-01 5.77350269e-01
5.77350269e-01 -5.77350269e-01 5.77350269e-01
5.77350269e-01 -5.77350269e-01 5.77350269e-01
-5.77350269e-01 -5.77350269e-01 5.77350269e-01
-5.77350269e-01 -5.77350269e-01 5.77350269e-01
-5.77350269e-01 -5.77350269e-01 5.77350269e-01
-5.77350269e-01 -5.77350269e-01 5.77350269e-01
5.77350269e-01 -5.77350269e-01 5.77350269e-01
5.77350269e-01 -5.77350269e-01 5.77350269e-01
5.77350269e-01 -5.77350269e-01 5.77350269e-01
5.77350269e-01 -5.77350269e-01 5.77350269e-01
-5.77350269e-01 5.77350269e-01 5.77350269e-01
-5.77350269e-01 5.77350269e-01 5.77350269e-01
-5.77350269e-01 5.77350269e-01 5.77350269e-01
-5.77350269e-01 5.77350269e-01 5.77350269e-01
5.77350269e-01 5.77350269e-01 5.77350269e-01
5.77350269e-01 5.77350269e-01 5.77350269e-01
5.77350269e-01 5.77350269e-01 5.77350269e-01
5.77350269e-01 5.77350269e-01 5.77350269e-01
-5.77350269e-01 5.77350269e-01 5.77350269e-01
-5.77350269e-01 5.77350269e-01 5.77350269e-01
-5.77350269e-01 5.77350269e-01 5.77350269e-01
-5.77350269e-01 5.77350269e-01 5.77350269e-01
5.77350269e-01 5.77350269e-01 5.77350269e-01
5.77350269e-01 5.77350269e-01 5.77350269e-01
5.77350269e-01 5.77350269e-01 5.77350269e-01
5.77350269e-01 5.77350269e-01 5.77350269e-01
-5.77350269e-01 5.77350269e-01 5.77350269e-01
-5.77350269e-01 5.77350269e-01 5.77350269e-01
-5.77350269e-01 5.77350269e-01 5.77350269e-01
-5.77350269e-01 5.77350269e-01 5.77350269e-01
-5.77350269e-01 5.77350269e-01 -5.77350269e-01
-5.77350269e-01 5.77350269e-01 -5.77350269e-01
-5.77350269e-01 5.77350269e-01 -5.77350269e-01
-5.77350269e-01 5.77350269e-01 -5.77350269e-01
-5.77350269e-01 5.77350269e-01 5.77350269e-01
-5.77350269e-01 5.77350269e-01 5.77350269e-01
-5.77350269e-01 5.77350269e-01 5.77350269e-01
-5.77350269e-01 5.77350269e-01 5.77350269e-01
-5.77350269e-01 5.77350269e-01 -5.77350269e-01
-5.77350269e-01 5.77350269e-01 -5.77350269e-01
-5.77350269e-01 5.77350269e-01 -5.77350269e-01
-5.77350269e-01 5.77350269e-01 -5.77350269e-01
5.77350269e-01 5.77350269e-01 5.77350269e-01
5.77350269e-01 5.77350269e-01 5.77350269e-01
5.77350269e-01 5.77350269e-01 5.77350269e-01
5.77350269e-01 5.77350269e-01 5.77350269e-01
5.77350269e-01 5.77350269e-01 -5.77350269e-01
5.77350269e-01 5.77350269e-01 -5.77350269e-01
5.77350269e-01 5.77350269e-01 -5.77350269e-01
5.77350269e-01 5.77350269e-01 -5.77350269e-01
5.77350269e-01 5.77350269e-01 5.77350269e-01
5.77350269e-01 5.77350269e-01 5.77350269e-01
5.77350269e-01 5.77350269e-01 5.77350269e-01
5.77350269e-01 5.77350269e-01 5.77350269e-01
5.77350269e-01 5.77350269e-01 -5.77350269e-01
5.77350269e-01 5.77350269e-01 -5.77350269e-01
5.77350269e-01 5.77350269e-01 -5.77350269e-01
5.77350269e-01 5.77350269e-01 -5.77350269e-01
-5.77350269e-01 5.77350269e-01 5.77350269e-01
-5.77350269e-01 5.77350269e-01 5.77350269e-01
-5.77350269e-01 5.77350269e-01 5.77350269e-01
-5.77350269e-01 5.77350269e-01 5.77350269e-01
-5.77350269e-01 -5.77350269e-01 5.77350269e-01
-5.77350269e-01 -5.77350269e-01 5.77350269e-01
-5.77350269e-01 -5.77350269e-01 5.77350269e-01
-5.77350269e-01 -5.77350269e-01 5.77350269e-01
-5.77350269e-01 5.77350269e-01 5.77350269e-01
-5.77350269e-01 5.77350269e-01 5.77350269e-01
-5.77350269e-01 5.77350269e-01 5.77350269e-01
-5.77350269e-01 5.77350269e-01 5.77350269e-01
-5.77350269e-01 -5.77350269e-01 5.77350269e-01
-5.77350269e-01 -5.77350269e-01 5.77350269e-01
-5.77350269e-01 -5.77350269e-01 5.77350269e-01
-5.77350269e-01 -5.77350269e-01 5.77350269e-01
5.77350269e-01 5.77350269e-01 5.77350269e-01
5.77350269e-01 5.77350269e-01 5.77350269e-01
5.77350269e-01 5.77350269e-01 5.77350269e-01
5.77350269e-01 5.77350269e-01 5.77350269e-01
5.77350269e-01 -5.77350269e-01 5.77350269e-01
5.77350269e-01 -5.77350269e-01 5.77350269e-01
5.77350269e-01 -5.77350269e-01 5.77350269e-01
5.77350269e-01 -5.77350269e-01 5.77350269e-01
5.77350269e-01 5.77350269e-01 5.77350269e-01
5.77350269e-01 5.77350269e-01 5.77350269e-01
5.77350269e-01 5.77350269e-01 5.77350269e-01
5.77350269e-01 5.77350269e-01 5.77350269e-01
5.77350269e-01 -5.77350269e-01 5.77350269e-01
5.77350269e-01 -5.77350269e-01 5.77350269e-01
5.77350269e-01 -5.77350269e-01 5.77350269e-01
5.77350269e-01 -5.77350269e-01 5.77350269e-01
-5.77350269e-01 -5.77350269e-01 5.77350269e-01
-5.77350269e-01 -5.77350269e-01 5.77350269e-01
-5.77350269e-01 -5.77350269e-01 5.77350269e-01
-5.77350269e-01 -5.77350269e-01 5.77350269e-01
5.77350269e-01 -5.77350269e-01 5.77350269e-01
5.77350269e-01 -5.77350269e-01 5.77350269e-01
5.77350269e-01 -5.77350269e-01 5.77350269e-01
5.77350269e-01 -5.77350269e-01 5.77350269e-01
-5.77350269e-01 -5.77350269e-01 5.77350269e-01
-5.77350269e-01 -5.77350269e-01 5.77350269e-01
-5.77350269e-01 -5.77350269e-01 5.77350269e-01
-5.77350269e-01 -5.77350269e-01 5.77350269e-01
5.77350269e-01 -5.77350269e-01 5.77350269e-01
5.77350269e-01 -5.77350269e-01 5.77350269e-01
5.77350269e-01 -5.77350269e-01 5.77350269e-01
5.77350269e-01 -5.77350269e-01 5.77350269e-01
-5.77350269e-01 5.77350269e-01 5.77350269e-01
-5.77350269e-01 5.77350269e-01 5.77350269e-01
-5.77350269e-01 5.77350269e-01 5.77350269e-01
-5.77350269e-01 5.77350269e-01 5.77350269e-01
5.77350269e-01 5.77350269e-01 5.77350269e-01
5.77350269e-01 5.77350269e-01 5.77350269e-01
5.77350269e-01 5.77350269e-01 5.77350269e-01
5.77350269e-01 5.77350269e-01 5.77350269e-01
-5.77350269e-01 5.77350269e-01 5.77350269e-01
-5.77350269e-01 5.77350269e-01 5.77350269e-01
-5.77350269e-01 5.77350269e-01 5.77350269e-01
-5.77350269e-01 5.77350269e-01 5.77350269e-01
5.77350269e-01 5.77350269e-01 5.77350269e-01
5.77350269e-01 5.77350269e-01 5.77350269e-01
5.77350269e-01 5.77350269e-01 5.77350269e-01
5.77350269e-01 5.77350269e-01 5.77350269e-01
-5.77350269e-01 5.77350269e-01 5.77350269e-01
-5.77350269e-01 5.77350269e-01 5.77350269e-01
-5.77350269e-01 5.77350269e-01 5.77350269e-01
-5.77350269e-01 5.77350269e-01 5.77350269e-01
-5.77350269e-01 5.77350269e-01 -5.77350269e-01
-5.77350269e-01 5.77350269e-01 -5.77350269e-01
-5.77350269e-01 5.77350269e-01 -5.77350269e-01
-5.77350269e-01 5.77350269e-01 -5.77350269e-01
-5.77350269e-01 5.77350269e-01 5.77350269e-01
-5.77350269e-01 5.77350269e-01 5.77350269e-01
-5.77350269e-01 5.77350269e-01 5.77350269e-01
-5.77350269e-01 5.77350269e-01 5.77350269e-01
-5.77350269e-01 5.77350269e-01 -5.77350269e-01
-5.77350269e-01 5.77350269e-01 -5.77350269e-01
-5.77350269e-01 5.77350269e-01 -5.77350269e-01
-5.77350269e-01 5.77350269e-01 -5.77350269e-01
5.77350269e-01 5.77350269e-01 5.77350269e-01
5.77350269e-01 5.77350269e-01 5.77350269e-01
5.77350269e-01 5.77350269e-01 5.77350269e-01
5.77350269e-01 5.77350269e-01 5.77350269e-01
5.77350269e-01 5.77350269e-01 -5.77350269e-01
5.77350269e-01 5.77350269e-01 -5.77350269e-01
5.77350269e-01 5.77350269e-01 -5.77350269e-01
5.77350269e-01 5.77350269e-01 -5.77350269e-01
5.77350269e-01 5.77350269e-01 5.77350269e-01
5.77350269e-01 5.77350269e-01 5.77350269e-01
5.77350269e-01 5.77350269e-01 5.77350269e-01
5.77350269e-01 5.77350269e-01 5.77350269e-01
5.77350269e-01 5.77350269e-01 -5.77350269e-01
5.77350269e-01 5.77350269e-01 -5.77350269e-01
5.77350269e-01 5.77350269e-01 -5.77350269e-01
5.77350269e-01 5.77350269e-01 -5.77350269e-01
-5.77350269e-01 5.77350269e-01 5.77350269e-01
-5.77350269e-01 5.77350269e-01 5.77350269e-01
-5.77350269e-01 5.77350269e-01 5.77350269e-01
-5.77350269e-01 5.77350269e-01 5.77350269e-01
-5.77350269e-01 -5.77350269e-01 5.77350269e-01
-5.77350269e-01 -5.77350269e-01 5.77350269e-01
-5.77350269e-01 -5.77350269e-01 5.77350269e-01
-5.77350269e-01 -5.77350269e-01 5.77350269e-01
-5.77350269e-01 5.77350269e-01 5.77350269e-01
-5.77350269e-01 5.77350269e-01 5.77350269e-01
-5.77350269e-01 5.77350269e-01 5.77350269e-01
-5.77350269e-01 5.77350269e-01 5.77350269e-01
-5.77350269e-01 -5.77350269e-01 5.77350269e-01
-5.77350269e-01 -5.77350269e-01 5.77350269e-01
-5.77350269e-01 -5.77350269e-01 5.77350269e-01
-5.77350269e-01 -5.77350269e-01 5.77350269e-01
5.77350269e-01 5.77350269e-01 5.77350269e-01
5.77350269e-01 5.77350269e-01 5.77350269e-01
5.77350269e-01 5.77350269e-01 5.77350269e-01
5.77350269e-01 5.77350269e-01 5.77350269e-01
5.77350269e-01 -5.77350269e-01 5.77350269e-01
5.77350269e-01 -5.77350269e-01 5.77350269e-01
5.77350269e-01 -5.77350269e-01 5.77350269e-01
5.77350269e-01 -5.77350269e-01 5.77350269e-01
5.77350269e-01 5.77350269e-01 5.77350269e-01
5.77350269e-01 5.77350269e-01 5.77350269e-01
5.77350269e-01 5.77350269e-01 5.77350269e-01
5.77350269e-01 5.77350269e-01 5.77350269e-01
5.77350269e-01 -5.77350269e-01 5.77350269e-01
5.77350269e-01 -5.77350269e-01 5.77350269e-01
5.77350269e-01 -5.77350269e-01 5.77350269e-01
5.77350269e-01 -5.77350269e-01 5.77350269e-01
-5.77350269e-01 -5.77350269e-01 5.77350269e-01
-5.77350269e-01 -5.77350269e-01 5.77350269e-01
-5.77350269e-01 -5.77350269e-01 5.77350269e-01
-5.77350269e-01 -5.77350269e-01 5.77350269e-01
5.77350269e-01 -5.77350269e-01 5.77350269e-01
5.77350269e-01 -5.77350269e-01 5.77350269e-01
5.77350269e-01 -5.77350269e-01 5.77350269e-01
5.77350269e-01 -5.77350269e-01 5.77350269e-01
-5.77350269e-01 -5.77350269e-01 5.77350269e-01
-5.77350269e-01 -5.77350269e-01 5.77350269e-01
-5.77350269e-01 -5.77350269e-01 5.77350269e-01
-5.77350269e-01 -5.77350269e-01 5.77350269e-01
5.77350269e-01 -5.77350269e-01 5.77350269e-01
5.77350269e-01 -5.77350269e-01 5.77350269e-01
5.77350269e-01 -5.77350269e-01 5.77350269e-01
5.77350269e-01 -5.77350269e-01 5.77350269e-01
-5.77350269e-01 5.77350269e-01 5.77350269e-01
-5.77350269e-01 5.77350269e-01 5.77350269e-01
-5.77350269e-01 5.77350269e-01 5.77350269e-01
-5.77350269e-01 5.77350269e-01 5.77350269e-01
5.77350269e-01 5.77350269e-01 5.77350269e-01
5.77350269e-01 5.77350269e-01 5.77350269e-01
5.77350269e-01 5.77350269e-01 5.77350269e-01
5.77350269e-01 5.77350269e-01 5.77350269e-01
-5.77350269e-01 5.77350269e-01 5.77350269e-01
-5.77350269e-01 5.77350269e-01 5.77350269e-01
-5.77350269e-01 5.77350269e-01 5.77350269e-01
-5.77350269e-01 5.77350269e-01 5.77350269e-01
5.77350269e-01 5.77350269e-01 5.77350269e-01
5.77350269e-01 5.77350269e-01 5.77350269e-01
5.77350269e-01 5.77350269e-01 5.77350269e-01
5.77350269e-01 5.77350269e-01 5.77350269e-01
-5.77350269e-01 5.77350269e-01 5.77350269e-01
-5.77350269e-01 5.77350269e-01 5.77350269e-01
-5.77350269e-01 5.77350269e-01 5.77350269e-01
-5.77350269e-01 5.77350269e-01 5.77350269e-01
-5.77350269e-01 5.77350269e-01 -5.77350269e-01
-5.77350269e-01 5.77350269e-01 -5.77350269e-01
-5.77350269e-01 5.77350269e-01 -5.77350269e-01
-5.77350269e-01 5.77350269e-01 -5.77350269e-01
-5.77350269e-01 5.77350269e-01 5.77350269e-01
-5.77350269e-01 5.77350269e-01 5.77350269e-01
-5.77350269e-01 5.77350269e-01 5.77350269e-01
-5.77350269e-01 5.77350269e-01 5.77350269e-01
-5.77350269e-01 5.77350269e-01 -5.77350269e-01
-5.77350269e-01 5.77350269e-01 -5.77350269e-01
-5.77350269e-01 5.77350269e-01 -5.77350269e-01
-5.77350269e-01 5.77350269e-01 -5.77350269e-01
5.77350269e-01 5.77350269e-01 5.77350269e-01
5.77350269e-01 5.77350269e-01 5.77350269e-01
5.77350269e-01 5.77350269e-01 5.77350269e-01
5.77350269e-01 5.77350269e-01 5.77350269e-01
5.77350269e-01 5.77350269e-01 -5.77350269e-01
5.77350269e-01 5.77350269e-01 -5.77350269e-01
5.77350269e-01 5.77350269e-01 -5.77350269e-01
5.77350269e-01 5.77350269e-01 -5.77350269e-01
5.77350269e-01 5.77350269e-01 5.77350269e-01
5.77350269e-01 5.77350269e-01 5.77350269e-01
5.77350269e-01 5.77350269e-01 5.77350269e-01
5.77350269e-01 5.77350269e-01 5.77350269e-01
5.77350269e-01 5.77350269e-01 -5.77350269e-01
5.77350269e-01 5.77350269e-01 -5.77350269e-01
5.77350269e-01 5.77350269e-01 -5.77350269e-01
5.77350269e-01 5.77350269e-01 -5.77350269e-01
-5.77350269e-01 5.77350269e-01 5.77350269e-01
-5.77350269e-01 5.77350269e-01 5.77350269e-01
-5.77350269e-01 5.77350269e-01 5.77350269e-01
-5.77350269e-01 5.77350269e-01 5.77350269e-01
-5.77350269e-01 -5.77350269e-01 5.77350269e-01
-5.77350269e-01 -5.77350269e-01 5.77350269e-01
-5.77350269e-01 -5.77350269e-01 5.77350269e-01
-5.77350269e-01 -5.77350269e-01 5.77350269e-01
-5.77350269e-01 5.77350269e-01 5.77350269e-01
-5.77350269e-01 5.77350269e-01 5.77350269e-01
-5.77350269e-01 5.77350269e-01 5.77350269e-01
-5.77350269e-01 5.77350269e-01 5.77350269e-01
-5.77350269e-01 -5.77350269e-01 5.77350269e-01
-5.77350269e-01 -5.77350269e-01 5.77350269e-01
-5.77350269e-01 -5.77350269e-01 5.77350269e-01
-5.77350269e-01 -5.77350269e-01 5.77350269e-01
5.77350269e-01 5.77350269e-01 5.77350269e-01
5.77350269e-01 5.77350269e-01 5.77350269e-01
5.77350269e-01 5.77350269e-01 5.77350269e-01
5.77350269e-01 5.77350269e-01 5.77350269e-01
5.77350269e-01 -5.77350269e-01 5.77350269e-01
5.77350269e-01 -5.77350269e-01 5.77350269e-01
5.77350269e-01 -5.77350269e-01 5.77350269e-01
5.77350269e-01 -5.77350269e-01 5.77350269e-01
5.77350269e-01 5.77350269e-01 5.77350269e-01
5.77350269e-01 5.77350269e-01 5.77350269e-01
5.77350269e-01 5.77350269e-01 5.77350269e-01
5.77350269e-01 5.77350269e-01 5.77350269e-01
5.77350269e-01 -5.77350269e-01 5.77350269e-01
5.77350269e-01 -5.77350269e-01 5.77350269e-01
5.77350269e-01 -5.77350269e-01 5.77350269e-01
5.77350269e-01 -5.77350269e-01 5.77350269e-01
-5.77350269e-01 -5.77350269e-01 5.77350269e-01
-5.77350269e-01 -5.77350269e-01 5.77350269e-01
-5.77350269e-01 -5.77350269e-01 5.77350269e-01
-5.77350269e-01 -5.77350269e-01 5.77350269e-01
5.77350269e-01 -5.77350269e-01 5.77350269e-01
5.77350269e-01 -5.77350269e-01 5.77350269e-01
5.77350269e-01 -5.77350269e-01 5.77350269e-01
5.77350269e-01 -5.77350269e-01 5.77350269e-01
-5.77350269e-01 -5.77350269e-01 5.77350269e-01
-5.77350269e-01 -5.77350269e-01 5.77350269e-01
-5.77350269e-01 -5.77350269e-01 5.77350269e-01
-5.77350269e-01 -5.77350269e-01 5.77350269e-01
5.77350269e-01 -5.77350269e-01 5.77350269e-01
5.77350269e-01 -5.77350269e-01 5.77350269e-01
5.77350269e-01 -5.77350269e-01 5.77350269e-01
5.77350269e-01 -5.77350269e-01 5.77350269e-01
-5.77350269e-01 5.77350269e-01 5.77350269e-01
-5.77350269e-01 5.77350269e-01 5.77350269e-01
-5.77350269e-01 5.77350269e-01 5.77350269e-01
-5.77350269e-01 5.77350269e-01 5.77350269e-01
5.77350269e-01 5.77350269e-01 5.77350269e-01
5.77350269e-01 5.77350269e-01 5.77350269e-01
5.77350269e-01 5.77350269e-01 5.77350269e-01
5.77350269e-01 5.77350269e-01 5.77350269e-01
-5.77350269e-01 5.77350269e-01 5.77350269e-01
-5.77350269e-01 5.77350269e-01 5.77350269e-01
-5.77350269e-01 5.77350269e-01 5.77350269e-01
-5.77350269e-01 5.77350269e-01 5.77350269e-01
5.77350269e-01 5.77350269e-01 5.77350269e-01
5.77350269e-01 5.77350269e-01 5.77350269e-01
5.77350269e-01 5.77350269e-01 5.77350269e-01
5.77350269e-01 5.77350269e-01 5.77350269e-01
-5.77350269e-01 5.77350269e-01 5.77350269e-01
-5.77350269e-01 5.77350269e-01 5.77350269e-01
-5.77350269e-01 5.77350269e-01 5.77350269e-01
-5.77350269e-01 5.77350269e-01 5.77350269e-01
-5.77350269e-01 5.77350269e-01 -5.77350269e-01
-5.77350269e-01 5.77350269e-01 -5.77350269e-01
-5.77350269e-01 5.77350269e-01 -5.77350269e-01
-5.77350269e-01 5.77350269e-01 -5.77350269e-01
-5.77350269e-01 5.77350269e-01 5.77350269e-01
-5.77350269e-01 5.77350269e-01 5.77350269e-01
-5.77350269e-01 5.77350269e-01 5.77350269e-01
-5.77350269e-01 5.77350269e-01 5.77350269e-01
-5.77350269e-01 5.77350269e-01 -5.77350269e-01
-5.77350269e-01 5.77350269e-01 -5.77350269e-01
-5.77350269e-01 5.77350269e-01 -5.77350269e-01
-5.77350269e-01 5.77350269e-01 -5.77350269e-01
5.77350269e-01 5.77350269e-01 5.77350269e-01
5.77350269e-01 5.77350269e-01 5.77350269e-01
5.77350269e-01 5.77350269e-01 5.77350269e-01
5.77350269e-01 5.77350269e-01 5.77350269e-01
5.77350269e-01 5.77350269e-01 -5.77350269e-01
5.77350269e-01 5.77350269e-01 -5.77350269e-01
5.77350269e-01 5.77350269e-01 -5.77350269e-01
5.77350269e-01 5.77350269e-01 -5.77350269e-01
5.77350269e-01 5.77350269e-01 5.77350269e-01
5.77350269e-01 5.77350269e-01 5.77350269e-01
5.77350269e-01 5.77350269e-01 5.77350269e-01
5.77350269e-01 5.77350269e-01 5.77350269e-01
5.77350269e-01 5.77350269e-01 -5.77350269e-01
5.77350269e-01 5.77350269e-01 -5.77350269e-01
5.77350269e-01 5.77350269e-01 -5.77350269e-01
5.77350269e-01 5.77350269e-01 -5.77350269e-01
-5.77350269e-01 5.77350269e-01 5.77350269e-01
-5.77350269e-01 5.77350269e-01 5.77350269e-01
-5.77350269e-01 5.77350269e-01 5.77350269e-01
-5.77350269e-01 5.77350269e-01 5.77350269e-01
-5.77350269e-01 -5.77350269e-01 5.77350269e-01
-5.77350269e-01 -5.77350269e-01 5.77350269e-01
-5.77350269e-01 -5.77350269e-01 5.77350269e-01
-5.77350269e-01 -5.77350269e-01 5.77350269e-01
-5.77350269e-01 5.77350269e-01 5.77350269e-01
-5.77350269e-01 5.77350269e-01 5.77350269e-01
-5.77350269e-01 5.77350269e-01 5.77350269e-01
-5.77350269e-01 5.77350269e-01 5.77350269e-01
-5.77350269e-01 -5.77350269e-01 5.77350269e-01
-5.77350269e-01 -5.77350269e-01 5.77350269e-01
-5.77350269e-01 -5.77350269e-01 5.77350269e-01
-5.77350269e-01 -5.77350269e-01 5.77350269e-01
5.77350269e-01 5.77350269e-01 5.77350269e-01
5.77350269e-01 5.77350269e-01 5.77350269e-01
5.77350269e-01 5.77350269e-01 5.77350269e-01
5.77350269e-01 5.77350269e-01 5.77350269e-01
5.77350269e-01 -5.77350269e-01 5.77350269e-01
5.77350269e-01 -5.77350269e-01 5.77350269e-01
5.77350269e-01 -5.77350269e-01 5.77350269e-01
5.77350269e-01 -5.77350269e-01 5.77350269e-01
5.77350269e-01 5.77350269e-01 5.77350269e-01
5.77350269e-01 5.77350269e-01 5.77350269e-01
5.77350269e-01 5.77350269e-01 5.77350269e-01
5.77350269e-01 5.77350269e-01 5.77350269e-01
5.77350269e-01 -5.77350269e-01 5.77350269e-01
5.77350269e-01 -5.77350269e-01 5.77350269e-01
5.77350269e-01 -5.77350269e-01 5.77350269e-01
5.77350269e-01 -5.77350269e-01 5.77350269e-01
-5.77350269e-01 -5.77350269e-01 5.77350269e-01
-5.77350269e-01 -5.77350269e-01 5.77350269e-01
-5.77350269e-01 -5.77350269e-01 5.77350269e-01
-5.77350269e-01 -5.77350269e-01 5.77350269e-01
5.77350269e-01 -5.77350269e-01 5.77350269e-01
5.77350269e-01 -5.77350269e-01 5.77350269e-01
5.77350269e-01 -5.77350269e-01 5.77350269e-01
5.77350269e-01 -5.77350269e-01 5.77350269e-01
-5.77350269e-01 -5.77350269e-01 5.77350269e-01
-5.77350269e-01 -5.77350269e-01 5.77350269e-01
-5.77350269e-01 -5.77350269e-01 5.77350269e-01
-5.77350269e-01 -5.77350269e-01 5.77350269e-01
5.77350269e-01 -5.77350269e-01 5.77350269e-01
5.77350269e-01 -5.77350269e-01 5.77350269e-01
5.77350269e-01 -5.77350269e-01 5.77350269e-01
5.77350269e-01 -5.77350269e-01 5.77350269e-01
-5.77350269e-01 5.77350269e-01 5.77350269e-01
-5.77350269e-01 5.77350269e-01 5.77350269e-01
-5.77350269e-01 5.77350269e-01 5.77350269e-01
-5.77350269e-01 5.77350269e-01 5.77350269e-01
5.77350269e-01 5.77350269e-01 5.77350269e-01
5.77350269e-01 5.77350269e-01 5.77350269e-01
5.77350269e-01 5.77350269e-01 5.77350269e-01
5.77350269e-01 5.77350269e-01 5.77350269e-01
-5.77350269e-01 5.77350269e-01 5.77350269e-01
-5.77350269e-01 5.77350269e-01 5.77350269e-01
-5.77350269e-01 5.77350269e-01 5.77350269e-01
-5.77350269e-01 5.77350269e-01 5.77350269e-01
5.77350269e-01 5.77350269e-01 5.77350269e-01
5.77350269e-01 5.77350269e-01 5.77350269e-01
5.77350269e-01 5.77350269e-01 5.77350269e-01
5.77350269e-01 5.77350269e-01 5.77350269e-01
-5.77350269e-01 5.77350269e-01 5.77350269e-01
-5.77350269e-01 5.77350269e-01 5.77350269e-01
-5.77350269e-01 5.77350269e-01 5.77350269e-01
-5.77350269e-01 5.77350269e-01 5.77350269e-01
-5.77350269e-01 5.77350269e-01 -5.77350269e-01
-5.77350269e-01 5.77350269e-01 -5.77350269e-01
-5.77350269e-01 5.77350269e-01 -5.77350269e-01
-5.77350269e-01 5.77350269e-01 -5.77350269e-01
-5.77350269e-01 5.77350269e-01 5.77350269e-01
-5.77350269e-01 5.77350269e-01 5.77350269e-01
-5.77350269e-01 5.77350269e-01 5.77350269e-01
-5.77350269e-01 5.77350269e-01 5.77350269e-01
-5.77350269e-01 5.77350269e-01 -5.77350269e-01
-5.77350269e-01 5.77350269e-01 -5.77350269e-01
-5.77350269e-01 5.77350269e-01 -5.77350269e-01
-5.77350269e-01 5.77350269e-01 -5.77350269e-01
5.77350269e-01 5.77350269e-01 5.77350269e-01
5.77350269e-01 5.77350269e-01 5.77350269e-01
5.77350269e-01 5.77350269e-01 5.77350269e-01
5.77350269e-01 5.77350269e-01 5.77350269e-01
5.77350269e-01 5.77350269e-01 -5.77350269e-01
5.77350269e-01 5.77350269e-01 -5.77350269e-01
5.77350269e-01 5.77350269e-01 -5.77350269e-01
5.77350269e-01 5.77350269e-01 -5.77350269e-01
5.77350269e-01 5.77350269e-01 5.77350269e-01
5.77350269e-01 5.77350269e-01 5.77350269e-01
5.77350269e-01 5.77350269e-01 5.77350269e-01
5.77350269e-01 5.77350269e-01 5.77350269e-01
5.77350269e-01 5.77350269e-01 -5.77350269e-01
5.77350269e-01 5.77350269e-01 -5.77350269e-01
5.77350269e-01 5.77350269e-01 -5.77350269e-01
5.77350269e-01 5.77350269e-01 -5.77350269e-01
-5.77350269e-01 5.77350269e-01 5.77350269e-01
-5.77350269e-01 5.77350269e-01 5.77350269e-01
-5.77350269e-01 5.77350269e-01 5.77350269e-01
-5.77350269e-01 5.77350269e-01 5.77350269e-01
-5.77350269e-01 -5.77350269e-01 5.77350269e-01
-5.77350269e-01 -5.77350269e-01 5.77350269e-01
-5.77350269e-01 -5.77350269e-01 5.77350269e-01
-5.77350269e-01 -5.77350269e-01 5.77350269e-01
-5.77350269e-01 5.77350269e-01 5.77350269e-01
-5.77350269e-01 5.77350269e-01 5.77350269e-01
-5.77350269e-01 5.77350269e-01 5.77350269e-01
-5.77350269e-01 5.77350269e-01 5.77350269e-01
-5.77350269e-01 -5.77350269e-01 5.77350269e-01
-5.77350269e-01 -5.77350269e-01 5.77350269e-01
-5.77350269e-01 -5.77350269e-01 5.77350269e-01
-5.77350269e-01 -5.77350269e-01 5.77350269e-01
5.77350269e-01 5.77350269e-01 5.77350269e-01
5.77350269e-01 5.77350269e-01 5.77350269e-01
5.77350269e-01 5.77350269e-01 5.77350269e-01
5.77350269e-01 5.77350269e-01 5.77350269e-01
5.77350269e-01 -5.77350269e-01 5.77350269e-01
5.77350269e-01 -5.77350269e-01 5.77350269e-01
5.77350269e-01 -5.77350269e-01 5.77350269e-01
5.77350269e-01 -5.77350269e-01 5.77350269e-01
5.77350269e-01 5.77350269e-01 5.77350269e-01
5.77350269e-01 5.77350269e-01 5.77350269e-01
5.77350269e-01 5.77350269e-01 5.77350269e-01
5.77350269e-01 5.77350269e-01 5.77350269e-01
5.77350269e-01 -5.77350269e-01 5.77350269e-01
5.77350269e-01 -5.77350269e-01 5.77350269e-01
5.77350269e-01 -5.77350269e-01 5.77350269e-01
5.77350269e-01 -5.77350269e-01 5.77350269e-01
-5.77350269e-01 -5.77350269e-01 5.77350269e-01
-5.77350269e-01 -5.77350269e-01 5.77350269e-01
-5.77350269e-01 -5.77350269e-01 5.77350269e-01
-5.77350269e-01 -5.77350269e-01 5.77350269e-01
5.77350269e-01 -5.77350269e-01 5.77350269e-01
5.77350269e-01 -5.77350269e-01 5.77350269e-01
5.77350269e-01 -5.77350269e-01 5.77350269e-01
5.77350269e-01 -5.77350269e-01 5.77350269e-01
-5.77350269e-01 -5.77350269e-01 5.77350269e-01
-5.77350269e-01 -5.77350269e-01 5.77350269e-01
-5.77350269e-01 -5.77350269e-01 5.77350269e-01
-5.77350269e-01 -5.77350269e-01 5.77350269e-01
5.77350269e-01 -5.77350269e-01 5.77350269e-01
5.77350269e-01 -5.77350269e-01 5.77350269e-01
5.77350269e-01 -5.77350269e-01 5.77350269e-01
5.77350269e-01 -5.77350269e-01 5.77350269e-01
-5.77350269e-01 5.77350269e-01 5.77350269e-01
-5.77350269e-01 5.77350269e-01 5.77350269e-01
-5.77350269e-01 5.77350269e-01 5.77350269e-01
-5.77350269e-01 5.77350269e-01 5.77350269e-01
5.77350269e-01 5.77350269e-01 5.77350269e-01
5.77350269e-01 5.77350269e-01 5.77350269e-01
5.77350269e-01 5.77350269e-01 5.77350269e-01
5.77350269e-01 5.77350269e-01 5.77350269e-01
-5.77350269e-01 5.77350269e-01 5.77350269e-01
-5.77350269e-01 5.77350269e-01 5.77350269e-01
-5.77350269e-01 5.77350269e-01 5.77350269e-01
-5.77350269e-01 5.77350269e-01 5.77350269e-01
5.77350269e-01 5.77350269e-01 5.77350269e-01
5.77350269e-01 5.77350269e-01 5.77350269e-01
5.77350269e-01 5.77350269e-01 5.77350269e-01
5.77350269e-01 5.77350269e-01 5.77350269e-01
-5.77350269e-01 5.77350269e-01 5.77350269e-01
-5.77350269e-01 5.77350269e-01 5.77350269e-01
-5.77350269e-01 5.77350269e-01 5.77350269e-01
-5.77350269e-01 5.77350269e-01 5.77350269e-01
-5.77350269e-01 5.77350269e-01 -5.77350269e-01
-5.77350269e-01 5.77350269e-01 -5.77350269e-01
-5.77350269e-01 5.77350269e-01 -5.77350269e-01
-5.77350269e-01 5.77350269e-01 -5.77350269e-01
-5.77350269e-01 5.77350269e-01 5.77350269e-01
-5.77350269e-01 5.77350269e-01 5.77350269e-01
-5.77350269e-01 5.77350269e-01 5.77350269e-01
-5.77350269e-01 5.77350269e-01 5.77350269e-01
-5.77350269e-01 5.77350269e-01 -5.77350269e-01
-5.77350269e-01 5.77350269e-01 -5.77350269e-01
-5.77350269e-01 5.77350269e-01 -5.77350269e-01
-5.77350269e-01 5.77350269e-01 -5.77350269e-01
5.77350269e-01 5.77350269e-01 5.77350269e-01
5.77350269e-01 5.77350269e-01 5.77350269e-01
5.77350269e-01 5.77350269e-01 5.77350269e-01
5.77350269e-01 5.77350269e-01 5.77350269e-01
5.77350269e-01 5.77350269e-01 -5.77350269e-01
5.77350269e-01 5.77350269e-01 -5.77350269e-01
5.77350269e-01 5.77350269e-01 -5.77350269e-01
5.77350269e-01 5.77350269e-01 -5.77350269e-01
5.77350269e-01 5.77350269e-01 5.77350269e-01
5.77350269e-01 5.77350269e-01 5.77350269e-01
5.77350269e-01 5.77350269e-01 5.77350269e-01
5.77350269e-01 5.77350269e-01 5.77350269e-01
5.77350269e-01 5.77350269e-01 -5.77350269e-01
5.77350269e-01 5.77350269e-01 -5.77350269e-01
5.77350269e-01 5.77350269e-01 -5.77350269e-01
5.77350269e-01 5.77350269e-01 -5.77350269e-01
-5.77350269e-01 5.77350269e-01 5.77350269e-01
-5.77350269e-01 5.77350269e-01 5.77350269e-01
-5.77350269e-01 5.77350269e-01 5.77350269e-01
-5.77350269e-01 5.77350269e-01 5.77350269e-01
-5.77350269e-01 -5.77350269e-01 5.77350269e-01
-5.77350269e-01 -5.77350269e-01 5.77350269e-01
-5.77350269e-01 -5.77350269e-01 5.77350269e-01
-5.77350269e-01 -5.77350269e-01 5.77350269e-01
-5.77350269e-01 5.77350269e-01 5.77350269e-01
-5.77350269e-01 5.77350269e-01 5.77350269e-01
-5.77350269e-01 5.77350269e-01 5.77350269e-01
-5.77350269e-01 5.77350269e-01 5.77350269e-01
-5.77350269e-01 -5.77350269e-01 5.77350269e-01
-5.77350269e-01 -5.77350269e-01 5.77350269e-01
-5.77350269e-01 -5.77350269e-01 5.77350269e-01
-5.77350269e-01 -5.77350269e-01 5.77350269e-01
5.77350269e-01 5.77350269e-01 5.77350269e-01
5.77350269e-01 5.77350269e-01 5.77350269e-01
5.77350269e-01 5.77350269e-01 5.77350269e-01
5.77350269e-01 5.77350269e-01 5.77350269e-01
5.77350269e-01 -5.77350269e-01 5.77350269e-01
5.77350269e-01 -5.77350269e-01 5.77350269e-01
5.77350269e-01 -5.77350269e-01 5.77350269e-01
5.77350269e-01 -5.77350269e-01 5.77350269e-01
5.77350269e-01 5.77350269e-01 5.77350269e-01
5.77350269e-01 5.77350269e-01 5.77350269e-01
5.77350269e-01 5.77350269e-01 5.77350269e-01
5.77350269e-01 5.77350269e-01 5.77350269e-01
5.77350269e-01 -5.77350269e-01 5.77350269e-01
5.77350269e-01 -5.77350269e-01 5.77350269e-01
5.77350269e-01 -5.77350269e-01 5.77350269e-01
5.77350269e-01 -5.77350269e-01 5.77350269e-01
-5.77350269e-01 -5.77350269e-01 5.77350269e-01
-5.77350269e-01 -5.77350269e-01 5.77350269e-01
-5.77350269e-01 -5.77350269e-01 5.77350269e-01
-5.77350269e-01 -5.77350269e-01 5.77350269e-01
5.77350269e-01 -5.77350269e-01 5.77350269e-01
5.77350269e-01 -5.77350269e-01 5.77350269e-01
5.77350269e-01 -5.77350269e-01 5.77350269e-01
5.77350269e-01 -5.77350269e-01 5.77350269e-01
-5.77350269e-01 -5.77350269e-01 5.77350269e-01
-5.77350269e-01 -5.77350269e-01 5.77350269e-01
-5.77350269e-01 -5.77350269e-01 5.77350269e-01
-5.77350269e-01 -5.77350269e-01 5.77350269e-01
5.77350269e-01 -5.77350269e-01 5.77350269e-01
5.77350269e-01 -5.77350269e-01 5.77350269e-01
5.77350269e-01 -5.77350269e-01 5.77350269e-01
5.77350269e-01 -5.77350269e-01 5.77350269e-01
-5.77350269e-01 5.77350269e-01 5.77350269e-01
-5.77350269e-01 5.77350269e-01 5.77350269e-01
-5.77350269e-01 5.77350269e-01 5.77350269e-01
-5.77350269e-01 5.77350269e-01 5.77350269e-01
5.77350269e-01 5.77350269e-01 5.77350269e-01
5.77350269e-01 5.77350269e-01 5.77350269e-01
5.77350269e-01 5.77350269e-01 5.77350269e-01
5.77350269e-01 5.77350269e-01 5.77350269e-01
-5.77350269e-01 5.77350269e-01 5.77350269e-01
-5.77350269e-01 5.77350269e-01 5.77350269e-01
-5.77350269e-01 5.77350269e-01 5.77350269e-01
-5.77350269e-01 5.77350269e-01 5.77350269e-01
5.77350269e-01 5.77350269e-01 5.77350269e-01
5.77350269e-01 5.77350269e-01 5.77350269e-01
5.77350269e-01 5.77350269e-01 5.77350269e-01
5.77350269e-01 5.77350269e-01 5.77350269e-01
-5.77350269e-01 5.77350269e-01 5.77350269e-01
-5.77350269e-01 5.77350269e-01 5.77350269e-01
-5.77350269e-01 5.77350269e-01 5.77350269e-01
-5.77350269e-01 5.77350269e-01 5.77350269e-01
-5.77350269e-01 5.77350269e-01 -5.77350269e-01
-5.77350269e-01 5.77350269e-01 -5.77350269e-01
-5.77350269e-01 5.77350269e-01 -5.77350269e-01
-5.77350269e-01 5.77350269e-01 -5.77350269e-01
-5.77350269e-01 5.77350269e-01 5.77350269e-01
-5.77350269e-01 5.77350269e-01 5.77350269e-01
-5.77350269e-01 5.77350269e-01 5.77350269e-01
-5.77350269e-01 5.77350269e-01 5.77350269e-01
-5.77350269e-01 5.77350269e-01 -5.77350269e-01
-5.77350269e-01 5.77350269e-01 -5.77350269e-01
-5.77350269e-01 5.77350269e-01 -5.77350269e-01
-5.77350269e-01 5.77350269e-01 -5.77350269e-01
5.77350269e-01 5.77350269e-01 5.77350269e-01
5.77350269e-01 5.77350269e-01 5.77350269e-01
5.77350269e-01 5.77350269e-01 5.77350269e-01
5.77350269e-01 5.77350269e-01 5.77350269e-01
5.77350269e-01 5.77350269e-01 -5.77350269e-01
5.77350269e-01 5.77350269e-01 -5.77350269e-01
5.77350269e-01 5.77350269e-01 -5.77350269e-01
5.77350269e-01 5.77350269e-01 -5.77350269e-01
5.77350269e-01 5.77350269e-01 5.77350269e-01
5.77350269e-01 5.77350269e-01 5.77350269e-01
5.77350269e-01 5.77350269e-01 5.77350269e-01
5.77350269e-01 5.77350269e-01 5.77350269e-01
5.77350269e-01 5.77350269e-01 -5.77350269e-01
5.77350269e-01 5.77350269e-01 -5.77350269e-01
5.77350269e-01 5.77350269e-01 -5.77350269e-01
5.77350269e-01 5.77350269e-01 -5.77350269e-01
-5.77350269e-01 5.77350269e-01 5.77350269e-01
-5.77350269e-01 5.77350269e-01 5.77350269e-01
-5.77350269e-01 5.77350269e-01 5.77350269e-01
-5.77350269e-01 5.77350269e-01 5.77350269e-01
-5.77350269e-01 -5.77350269e-01 5.77350269e-01
-5.77350269e-01 -5.77350269e-01 5.77350269e-01
-5.77350269e-01 -5.77350269e-01 5.77350269e-01
-5.77350269e-01 -5.77350269e-01 5.77350269e-01
-5.77350269e-01 5.77350269e-01 5.77350269e-01
-5.77350269e-01 5.77350269e-01 5.77350269e-01
-5.77350269e-01 5.77350269e-01 5.77350269e-01
-5.77350269e-01 5.77350269e-01 5.77350269e-01
-5.77350269e-01 -5.77350269e-01 5.77350269e-01
-5.77350269e-01 -5.77350269e-01 5.77350269e-01
-5.77350269e-01 -5.77350269e-01 5.77350269e-01
-5.77350269e-01 -5.77350269e-01 5.77350269e-01
5.77350269e-01 5.77350269e-01 5.77350269e-01
5.77350269e-01 5.77350269e-01 5.77350269e-01
5.77350269e-01 5.77350269e-01 5.77350269e-01
5.77350269e-01 5.77350269e-01 5.77350269e-01
5.77350269e-01 -5.77350269e-01 5.77350269e-01
5.77350269e-01 -5.77350269e-01 5.77350269e-01
5.77350269e-01 -5.77350269e-01 5.77350269e-01
5.77350269e-01 -5.77350269e-01 5.77350269e-01
5.77350269e-01 5.77350269e-01 5.77350269e-01
5.77350269e-01 5.77350269e-01 5.77350269e-01
5.77350269e-01 5.77350269e-01 5.77350269e-01
5.77350269e-01 5.77350269e-01 5.77350269e-01
5.77350269e-01 -5.77350269e-01 5.77350269e-01
5.77350269e-01 -5.77350269e-01 5.77350269e-01
5.77350269e-01 -5.77350269e-01 5.77350269e-01
5.77350269e-01 -5.77350269e-01 5.77350269e-01
-5.77350269e-01 -5.77350269e-01 5.77350269e-01
-5.77350269e-01 -5.77350269e-01 5.77350269e-01
-5.77350269e-01 -5.77350269e-01 5.77350269e-01
-5.77350269e-01 -5.77350269e-01 5.77350269e-01
5.77350269e-01 -5.77350269e-01 5.77350269e-01
5.77350269e-01 -5.77350269e-01 5.77350269e-01
5.77350269e-01 -5.77350269e-01 5.77350269e-01
5.77350269e-01 -5.77350269e-01 5.77350269e-01
-5.77350269e-01 -5.77350269e-01 5.77350269e-01
-5.77350269e-01 -5.77350269e-01 5.77350269e-01
-5.77350269e-01 -5.77350269e-01 5.77350269e-01
-5.77350269e-01 -5.77350269e-01 5.77350269e-01
5.77350269e-01 -5.77350269e-01 5.77350269e-01
5.77350269e-01 -5.77350269e-01 5.77350269e-01
5.77350269e-01 -5.77350269e-01 5.77350269e-01
5.77350269e-01 -5.77350269e-01 5.77350269e-01
-5.77350269e-01 5.77350269e-01 5.77350269e-01
-5.77350269e-01 5.77350269e-01 5.77350269e-01
-5.77350269e-01 5.77350269e-01 5.77350269e-01
-5.77350269e-01 5.77350269e-01 5.77350269e-01
5.77350269e-01 5.77350269e-01 5.77350269e-01
5.77350269e-01 5.77350269e-01 5.77350269e-01
5.77350269e-01 5.77350269e-01 5.77350269e-01
5.77350269e-01 5.77350269e-01 5.77350269e-01
-5.77350269e-01 5.77350269e-01 5.77350269e-01
-5.77350269e-01 5.77350269e-01 5.77350269e-01
-5.77350269e-01 5.77350269e-01 5.77350269e-01
-5.77350269e-01 5.77350269e-01 5.77350269e-01
5.77350269e-01 5.77350269e-01 5.77350269e-01
5.77350269e-01 5.77350269e-01 5.77350269e-01
5.77350269e-01 5.77350269e-01 5.77350269e-01
5.77350269e-01 5.77350269e-01 5.77350269e-01
-5.77350269e-01 5.77350269e-01 5.77350269e-01
-5.77350269e-01 5.77350269e-01 5.77350269e-01
-5.77350269e-01 5.77350269e-01 5.77350269e-01
-5.77350269e-01 5.77350269e-01 5.77350269e-01
-5.77350269e-01 5.77350269e-01 -5.77350269e-01
-5.77350269e-01 5.77350269e-01 -5.77350269e-01
-5.77350269e-01 5.77350269e-01 -5.77350269e-01
-5.77350269e-01 5.77350269e-01 -5.77350269e-01
-5.77350269e-01 5.77350269e-01 5.77350269e-01
-5.77350269e-01 5.77350269e-01 5.77350269e-01
-5.77350269e-01 5.77350269e-01 5.77350269e-01
-5.77350269e-01 5.77350269e-01 5.77350269e-01
-5.77350269e-01 5.77350269e-01 -5.77350269e-01
-5.77350269e-01 5.77350269e-01 -5.77350269e-01
-5.77350269e-01 5.77350269e-01 -5.77350269e-01
-5.77350269e-01 5.77350269e-01 -5.77350269e-01
5.77350269e-01 5.77350269e-01 5.77350269e-01
5.77350269e-01 5.77350269e-01 5.77350269e-01
5.77350269e-01 5.77350269e-01 5.77350269e-01
5.77350269e-01 5.77350269e-01 5.77350269e-01
5.77350269e-01 5.77350269e-01 -5.77350269e-01
5.77350269e-01 5.77350269e-01 -5.77350269e-01
5.77350269e-01 5.77350269e-01 -5.77350269e-01
5.77350269e-01 5.77350269e-01 -5.77350269e-01
5.77350269e-01 5.77350269e-01 5.77350269e-01
5.77350269e-01 5.77350269e-01 5.77350269e-01
5.77350269e-01 5.77350269e-01 5.77350269e-01
5.77350269e-01 5.77350269e-01 5.77350269e-01
5.77350269e-01 5.77350269e-01 -5.77350269e-01
5.77350269e-01 5.77350269e-01 -5.77350269e-01
5.77350269e-01 5.77350269e-01 -5.77350269e-01
5.77350269e-01 5.77350269e-01 -5.77350269e-01
-5.77350269e-01 5.77350269e-01 5.77350269e-01
-5.77350269e-01 5.77350269e-01 5.77350269e-01
-5.77350269e-01 5.77350269e-01 5.77350269e-01
-5.77350269e-01 5.77350269e-01 5.77350269e-01
-5.77350269e-01 -5.77350269e-01 5.77350269e-01
-5.77350269e-01 -5.77350269e-01 5.77350269e-01
-5.77350269e-01 -5.77350269e-01 5.77350269e-01
-5.77350269e-01 -5.77350269e-01 5.77350269e-01
-5.77350269e-01 5.77350269e-01 5.77350269e-01
-5.77350269e-01 5.77350269e-01 5.77350269e-01
-5.77350269e-01 5.77350269e-01 5.77350269e-01
-5.77350269e-01 5.77350269e-01 5.77350269e-01
-5.77350269e-01 -5.77350269e-01 5.77350269e-01
-5.77350269e-01 -5.77350269e-01 5.77350269e-01
-5.77350269e-01 -5.77350269e-01 5.77350269e-01
-5.77350269e-01 -5.77350269e-01 5.77350269e-01
5.77350269e-01 5.77350269e-01 5.77350269e-01
5.77350269e-01 5.77350269e-01 5.77350269e-01
5.77350269e-01 5.77350269e-01 5.77350269e-01
5.77350269e-01 5.77350269e-01 5.77350269e-01
5.77350269e-01 -5.77350269e-01 5.77350269e-01
5.77350269e-01 -5.77350269e-01 5.77350269e-01
5.77350269e-01 -5.77350269e-01 5.77350269e-01
5.77350269e-01 -5.77350269e-01 5.77350269e-01
5.77350269e-01 5.77350269e-01 5.77350269e-01
5.77350269e-01 5.77350269e-01 5.77350269e-01
5.77350269e-01 5.77350269e-01 5.77350269e-01
5.77350269e-01 5.77350269e-01 5.77350269e-01
5.77350269e-01 -5.77350269e-01 5.77350269e-01
5.77350269e-01 -5.77350269e-01 5.77350269e-01
5.77350269e-01 -5.77350269e-01 5.77350269e-01
5.77350269e-01 -5.77350269e-01 5.77350269e-01
-5.77350269e-01 -5.77350269e-01 5.77350269e-01
-5.77350269e-01 -5.77350269e-01 5.77350269e-01
-5.77350269e-01 -5.77350269e-01 5.77350269e-01
-5.77350269e-01 -5.77350269e-01 5.77350269e-01
5.77350269e-01 -5.77350269e-01 5.77350269e-01
5.77350269e-01 -5.77350269e-01 5.77350269e-01
5.77350269e-01 -5.77350269e-01 5.77350269e-01
5.77350269e-01 -5.77350269e-01 5.77350269e-01
-5.77350269e-01 -5.77350269e-01 5.77350269e-01
-5.77350269e-01 -5.77350269e-01 5.77350269e-01
-5.77350269e-01 -5.77350269e-01 5.77350269e-01
-5.77350269e-01 -5.77350269e-01 5.77350269e-01
5.77350269e-01 -5.77350269e-01 5.77350269e-01
5.77350269e-01 -5.77350269e-01 5.77350269e-01
5.77350269e-01 -5.77350269e-01 5.77350269e-01
5.77350269e-01 -5.77350269e-01 5.77350269e-01
-5.77350269e-01 5.77350269e-01 5.77350269e-01
-5.77350269e-01 5.77350269e-01 5.77350269e-01
-5.77350269e-01 5.77350269e-01 5.77350269e-01
-5.77350269e-01 5.77350269e-01 5.77350269e-01
5.77350269e-01 5.77350269e-01 5.77350269e-01
5.77350269e-01 5.77350269e-01 5.77350269e-01
5.77350269e-01 5.77350269e-01 5.77350269e-01
5.77350269e-01 5.77350269e-01 5.77350269e-01
-5.77350269e-01 5.77350269e-01 5.77350269e-01
-5.77350269e-01 5.77350269e-01 5.77350269e-01
-5.77350269e-01 5.77350269e-01 5.77350269e-01
-5.77350269e-01 5.77350269e-01 5.77350269e-01
5.77350269e-01 5.77350269e-01 5.77350269e-01
5.77350269e-01 5.77350269e-01 5.77350269e-01
5.77350269e-01 5.77350269e-01 5.77350269e-01
5.77350269e-01 5.77350269e-01 5.77350269e-01
-5.77350269e-01 5.77350269e-01 5.77350269e-01
-5.77350269e-01 5.77350269e-01 5.77350269e-01
-5.77350269e-01 5.77350269e-01 5.77350269e-01
-5.77350269e-01 5.77350269e-01 5.77350269e-01
-5.77350269e-01 5.77350269e-01 -5.77350269e-01
-5.77350269e-01 5.77350269e-01 -5.77350269e-01
-5.77350269e-01 5.77350269e-01 -5.77350269e-01
-5.77350269e-01 5.77350269e-01 -5.77350269e-01
-5.77350269e-01 5.77350269e-01 5.77350269e-01
-5.77350269e-01 5.77350269e-01 5.77350269e-01
-5.77350269e-01 5.77350269e-01 5.77350269e-01
-5.77350269e-01 5.77350269e-01 5.77350269e-01
-5.77350269e-01 5.77350269e-01 -5.77350269e-01
-5.77350269e-01 5.77350269e-01 -5.77350269e-01
-5.77350269e-01 5.77350269e-01 -5.77350269e-01
-5.77350269e-01 5.77350269e-01 -5.77350269e-01
5.77350269e-01 5.77350269e-01 5.77350269e-01
5.77350269e-01 5.77350269e-01 5.77350269e-01
5.77350269e-01 5.77350269e-01 5.77350269e-01
5.77350269e-01 5.77350269e-01 5.77350269e-01
5.77350269e-01 5.77350269e-01 -5.77350269e-01
5.77350269e-01 5.77350269e-01 -5.77350269e-01
5.77350269e-01 5.77350269e-01 -5.77350269e-01
5.77350269e-01 5.77350269e-01 -5.77350269e-01
5.77350269e-01 5.77350269e-01 5.77350269e-01
5.77350269e-01 5.77350269e-01 5.77350269e-01
5.77350269e-01 5.77350269e-01 5.77350269e-01
5.77350269e-01 5.77350269e-01 5.77350269e-01
5.77350269e-01 5.77350269e-01 -5.77350269e-01
5.77350269e-01 5.77350269e-01 -5.77350269e-01
5.77350269e-01 5.77350269e-01 -5.77350269e-01
5.77350269e-01 5.77350269e-01 -5.77350269e-01
-5.77350269e-01 5.77350269e-01 5.77350269e-01
-5.77350269e-01 5.77350269e-01 5.77350269e-01
-5.77350269e-01 5.77350269e-01 5.77350269e-01
-5.77350269e-01 5.77350269e-01 5.77350269e-01
-5.77350269e-01 -5.77350269e-01 5.77350269e-01
-5.77350269e-01 -5.77350269e-01 5.77350269e-01
-5.77350269e-01 -5.77350269e-01 5.77350269e-01
-5.77350269e-01 -5.77350269e-01 5.77350269e-01
-5.77350269e-01 5.77350269e-01 5.77350269e-01
-5.77350269e-01 5.77350269e-01 5.77350269e-01
-5.77350269e-01 5.77350269e-01 5.77350269e-01
-5.77350269e-01 5.77350269e-01 5.77350269e-01
-5.77350269e-01 -5.77350269e-01 5.77350269e-01
-5.77350269e-01 -5.77350269e-01 5.77350269e-01
-5.77350269e-01 -5.77350269e-01 5.77350269e-01
-5.77350269e-01 -5.77350269e-01 5.77350269e-01
5.77350269e-01 5.77350269e-01 5.77350269e-01
5.77350269e-01 5.77350269e-01 5.77350269e-01
5.77350269e-01 5.77350269e-01 5.77350269e-01
5.77350269e-01 5.77350269e-01 5.77350269e-01
5.77350269e-01 -5.77350269e-01 5.77350269e-01
5.77350269e-01 -5.77350269e-01 5.77350269e-01
5.77350269e-01 -5.77350269e-01 5.77350269e-01
5.77350269e-01 -5.77350269e-01 5.77350269e-01
5.77350269e-01 5.77350269e-01 5.77350269e-01
5.77350269e-01 5.77350269e-01 5.77350269e-01
5.77350269e-01 5.77350269e-01 5.77350269e-01
5.77350269e-01 5.77350269e-01 5.77350269e-01
5.77350269e-01 -5.77350269e-01 5.77350269e-01
5.77350269e-01 -5.77350269e-01 5.77350269e-01
5.77350269e-01 -5.77350269e-01 5.77350269e-01
5.77350269e-01 -5.77350269e-01 5.77350269e-01
-5.77350269e-01 -5.77350269e-01 5.77350269e-01
-5.77350269e-01 -5.77350269e-01 5.77350269e-01
-5.77350269e-01 -5.77350269e-01 5.77350269e-01
-5.77350269e-01 -5.77350269e-01 5.77350269e-01
5.77350269e-01 -5.77350269e-01 5.77350269e-01
5.77350269e-01 -5.77350269e-01 5.77350269e-01
5.77350269e-01 -5.77350269e-01 5.77350269e-01
5.77350269e-01 -5.77350269e-01 5.77350269e-01
-5.77350269e-01 -5.77350269e-01 5.77350269e-01
-5.77350269e-01 -5.77350269e-01 5.77350269e-01
-5.77350269e-01 -5.77350269e-01 5.77350269e-01
-5.77350269e-01 -5.77350269e-01 5.77350269e-01
5.77350269e-01 -5.77350269e-01 5.77350269e-01
5.77350269e-01 -5.77350269e-01 5.77350269e-01
5.77350269e-01 -5.77350269e-01 5.77350269e-01
5.77350269e-01 -5.77350269e-01 5.77350269e-01
-5.77350269e-01 5.77350269e-01 5.77350269e-01
-5.77350269e-01 5.77350269e-01 5.77350269e-01
-5.77350269e-01 5.77350269e-01 5.77350269e-01
-5.77350269e-01 5.77350269e-01 5.77350269e-01
5.77350269e-01 5.77350269e-01 5.77350269e-01
5.77350269e-01 5.77350269e-01 5.77350269e-01
5.77350269e-01 5.77350269e-01 5.77350269e-01
5.77350269e-01 5.77350269e-01 5.77350269e-01
-5.77350269e-01 5.77350269e-01 5.77350269e-01
-5.77350269e-01 5.77350269e-01 5.77350269e-01
-5.77350269e-01 5.77350269e-01 5.77350269e-01
-5.77350269e-01 5.77350269e-01 5.77350269e-01
5.77350269e-01 5.77350269e-01 5.77350269e-01
5.77350269e-01 5.77350269e-01 5.77350269e-01
5.77350269e-01 5.77350269e-01 5.77350269e-01
5.77350269e-01 5.77350269e-01 5.77350269e-01
-5.77350269e-01 5.77350269e-01 5.77350269e-01
-5.77350269e-01 5.77350269e-01 5.77350269e-01
-5.77350269e-01 5.77350269e-01 5.77350269e-01
-5.77350269e-01 5.77350269e-01 5.77350269e-01
-5.77350269e-01 5.77350269e-01 -5.77350269e-01
-5.77350269e-01 5.77350269e-01 -5.77350269e-01
-5.77350269e-01 5.77350269e-01 -5.77350269e-01
-5.77350269e-01 5.77350269e-01 -5.77350269e-01
-5.77350269e-01 5.77350269e-01 5.77350269e-01
-5.77350269e-01 5.77350269e-01 5.77350269e-01
-5.77350269e-01 5.77350269e-01 5.77350269e-01
-5.77350269e-01 5.77350269e-01 5.77350269e-01
-5.77350269e-01 5.77350269e-01 -5.77350269e-01
-5.77350269e-01 5.77350269e-01 -5.77350269e-01
-5.77350269e-01 5.77350269e-01 -5.77350269e-01
-5.77350269e-01 5.77350269e-01 -5.77350269e-01
5.77350269e-01 5.77350269e-01 5.77350269e-01
5.77350269e-01 5.77350269e-01 5.77350269e-01
5.77350269e-01 5.77350269e-01 5.77350269e-01
5.77350269e-01 5.77350269e-01 5.77350269e-01
5.77350269e-01 5.77350269e-01 -5.77350269e-01
5.77350269e-01 5.77350269e-01 -5.77350269e-01
5.77350269e-01 5.77350269e-01 -5.77350269e-01
5.77350269e-01 5.77350269e-01 -5.77350269e-01
5.77350269e-01 5.77350269e-01 5.77350269e-01
5.77350269e-01 5.77350269e-01 5.77350269e-01
5.77350269e-01 5.77350269e-01 5.77350269e-01
5.77350269e-01 5.77350269e-01 5.77350269e-01
5.77350269e-01 5.77350269e-01 -5.77350269e-01
5.77350269e-01 5.77350269e-01 -5.77350269e-01
5.77350269e-01 5.77350269e-01 -5.77350269e-01
5.77350269e-01 5.77350269e-01 -5.77350269e-01
-5.77350269e-01 5.77350269e-01 5.77350269e-01
-5.77350269e-01 5.77350269e-01 5.77350269e-01
-5.77350269e-01 5.77350269e-01 5.77350269e-01
-5.77350269e-01 5.77350269e-01 5.77350269e-01
-5.77350269e-01 -5.77350269e-01 5.77350269e-01
-5.77350269e-01 -5.77350269e-01 5.77350269e-01
-5.77350269e-01 -5.77350269e-01 5.77350269e-01
-5.77350269e-01 -5.77350269e-01 5.77350269e-01
-5.77350269e-01 5.77350269e-01 5.77350269e-01
-5.77350269e-01 5.77350269e-01 5.77350269e-01
-5.77350269e-01 5.77350269e-01 5.77350269e-01
-5.77350269e-01 5.77350269e-01 5.77350269e-01
-5.77350269e-01 -5.77350269e-01 5.77350269e-01
-5.77350269e-01 -5.77350269e-01 5.77350269e-01
-5.77350269e-01 -5.77350269e-01 5.77350269e-01
-5.77350269e-01 -5.77350269e-01 5.77350269e-01
5.77350269e-01 5.77350269e-01 5.77350269e-01
5.77350269e-01 5.77350269e-01 5.77350269e-01
5.77350269e-01 5.77350269e-01 5.77350269e-01
5.77350269e-01 5.77350269e-01 5.77350269e-01
5.77350269e-01 -5.77350269e-01 5.77350269e-01
5.77350269e-01 -5.77350269e-01 5.77350269e-01
5.77350269e-01 -5.77350269e-01 5.77350269e-01
5.77350269e-01 -5.77350269e-01 5.77350269e-01
5.77350269e-01 5.77350269e-01 5.77350269e-01
5.77350269e-01 5.77350269e-01 5.77350269e-01
5.77350269e-01 5.77350269e-01 5.77350269e-01
5.77350269e-01 5.77350269e-01 5.77350269e-01
5.77350269e-01 -5.77350269e-01 5.77350269e-01
5.77350269e-01 -5.77350269e-01 5.77350269e-01
5.77350269e-01 -5.77350269e-01 5.77350269e-01
5.77350269e-01 -5.77350269e-01 5.77350269e-01
-5.77350269e-01 -5.77350269e-01 5.77350269e-01
-5.77350269e-01 -5.77350269e-01 5.77350269e-01
-5.77350269e-01 -5.77350269e-01 5.77350269e-01
-5.77350269e-01 -5.77350269e-01 5.77350269e-01
5.77350269e-01 -5.77350269e-01 5.77350269e-01
5.77350269e-01 -5.77350269e-01 5.77350269e-01
5.77350269e-01 -5.77350269e-01 5.77350269e-01
5.77350269e-01 -5.77350269e-01 5.77350269e-01
-5.77350269e-01 -5.77350269e-01 5.77350269e-01
-5.77350269e-01 -5.77350269e-01 5.77350269e-01
-5.77350269e-01 -5.77350269e-01 5.77350269e-01
-5.77350269e-01 -5.77350269e-01 5.77350269e-01
5.77350269e-01 -5.77350269e-01 5.77350269e-01
5.77350269e-01 -5.77350269e-01 5.77350269e-01
5.77350269e-01 -5.77350269e-01 5.77350269e-01
5.77350269e-01 -5.77350269e-01 5.77350269e-01
-5.77350269e-01 5.77350269e-01 5.77350269e-01
-5.77350269e-01 5.77350269e-01 5.77350269e-01
-5.77350269e-01 5.77350269e-01 5.77350269e-01
-5.77350269e-01 5.77350269e-01 5.77350269e-01
5.77350269e-01 5.77350269e-01 5.77350269e-01
5.77350269e-01 5.77350269e-01 5.77350269e-01
5.77350269e-01 5.77350269e-01 5.77350269e-01
5.77350269e-01 5.77350269e-01 5.77350269e-01
-5.77350269e-01 5.77350269e-01 5.77350269e-01
-5.77350269e-01 5.77350269e-01 5.77350269e-01
-5.77350269e-01 5.77350269e-01 5.77350269e-01
-5.77350269e-01 5.77350269e-01 5.77350269e-01
5.77350269e-01 5.77350269e-01 5.77350269e-01
5.77350269e-01 5.77350269e-01 5.77350269e-01
5.77350269e-01 5.77350269e-01 5.77350269e-01
5.77350269e-01 5.77350269e-01 5.77350269e-01
-5.77350269e-01 5.77350269e-01 5.77350269e-01
-5.77350269e-01 5.77350269e-01 5.77350269e-01
-5.77350269e-01 5.77350269e-01 5.77350269e-01
-5.77350269e-01 5.77350269e-01 5.77350269e-01
-5.77350269e-01 5.77350269e-01 -5.77350269e-01
-5.77350269e-01 5.77350269e-01 -5.77350269e-01
-5.77350269e-01 5.77350269e-01 -5.77350269e-01
-5.77350269e-01 5.77350269e-01 -5.77350269e-01
-5.77350269e-01 5.77350269e-01 5.77350269e-01
-5.77350269e-01 5.77350269e-01 5.77350269e-01
-5.77350269e-01 5.77350269e-01 5.77350269e-01
-5.77350269e-01 5.77350269e-01 5.77350269e-01
-5.77350269e-01 5.77350269e-01 -5.77350269e-01
-5.77350269e-01 5.77350269e-01 -5.77350269e-01
-5.77350269e-01 5.77350269e-01 -5.77350269e-01
-5.77350269e-01 5.77350269e-01 -5.77350269e-01
5.77350269e-01 5.77350269e-01 5.77350269e-01
5.77350269e-01 5.77350269e-01 5.77350269e-01
5.77350269e-01 5.77350269e-01 5.77350269e-01
5.77350269e-01 5.77350269e-01 5.77350269e-01
5.77350269e-01 5.77350269e-01 -5.77350269e-01
5.77350269e-01 5.77350269e-01 -5.77350269e-01
5.77350269e-01 5.77350269e-01 -5.77350269e-01
5.77350269e-01 5.77350269e-01 -5.77350269e-01
5.77350269e-01 5.77350269e-01 5.77350269e-01
5.77350269e-01 5.77350269e-01 5.77350269e-01
5.77350269e-01 5.77350269e-01 5.77350269e-01
5.77350269e-01 5.77350269e-01 5.77350269e-01
5.77350269e-01 5.77350269e-01 -5.77350269e-01
5.77350269e-01 5.77350269e-01 -5.77350269e-01
5.77350269e-01 5.77350269e-01 -5.77350269e-01
5.77350269e-01 5.77350269e-01 -5.77350269e-01
-5.77350269e-01 5.77350269e-01 5.77350269e-01
-5.77350269e-01 5.77350269e-01 5.77350269e-01
-5.77350269e-01 5.77350269e-01 5.77350269e-01
-5.77350269e-01 5.77350269e-01 5.77350269e-01
-5.77350269e-01 -5.77350269e-01 5.77350269e-01
-5.77350269e-01 -5.77350269e-01 5.77350269e-01
-5.77350269e-01 -5.77350269e-01 5.77350269e-01
-5.77350269e-01 -5.77350269e-01 5.77350269e-01
-5.77350269e-01 5.77350269e-01 5.77350269e-01
-5.77350269e-01 5.77350269e-01 5.77350269e-01
-5.77350269e-01 5.77350269e-01 5.77350269e-01
-5.77350269e-01 5.77350269e-01 5.77350269e-01
-5.77350269e-01 -5.77350269e-01 5.77350269e-01
-5.77350269e-01 -5.77350269e-01 5.77350269e-01
-5.77350269e-01 -5.77350269e-01 5.77350269e-01
-5.77350269e-01 -5.77350269e-01 5.77350269e-01
5.77350269e-01 5.77350269e-01 5.77350269e-01
5.77350269e-01 5.77350269e-01 5.77350269e-01
5.77350269e-01 5.77350269e-01 5.77350269e-01
5.77350269e-01 5.77350269e-01 5.77350269e-01
5.77350269e-01 -5.77350269e-01 5.77350269e-01
5.77350269e-01 -5.77350269e-01 5.77350269e-01
5.77350269e-01 -5.77350269e-01 5.77350269e-01
5.77350269e-01 -5.77350269e-01 5.77350269e-01
5.77350269e-01 5.77350269e-01 5.77350269e-01
5.77350269e-01 5.77350269e-01 5.77350269e-01
5.77350269e-01 5.77350269e-01 5.77350269e-01
5.77350269e-01 5.77350269e-01 5.77350269e-01
5.77350269e-01 -5.77350269e-01 5.77350269e-01
5.77350269e-01 -5.77350269e-01 5.77350269e-01
5.77350269e-01 -5.77350269e-01 5.77350269e-01
5.77350269e-01 -5.77350269e-01 5.77350269e-01
-5.77350269e-01 -5.77350269e-01 5.77350269e-01
-5.77350269e-01 -5.77350269e-01 5.77350269e-01
-5.77350269e-01 -5.77350269e-01 5.77350269e-01
-5.77350269e-01 -5.77350269e-01 5.77350269e-01
5.77350269e-01 -5.77350269e-01 5.77350269e-01
5.77350269e-01 -5.77350269e-01 5.77350269e-01
5.77350269e-01 -5.77350269e-01 5.77350269e-01
5.77350269e-01 -5.77350269e-01 5.77350269e-01
-5.77350269e-01 -5.77350269e-01 5.77350269e-01
-5.77350269e-01 -5.77350269e-01 5.77350269e-01
-5.77350269e-01 -5.77350269e-01 5.77350269e-01
-5.77350269e-01 -5.77350269e-01 5.77350269e-01
5.77350269e-01 -5.77350269e-01 5.77350269e-01
5.77350269e-01 -5.77350269e-01 5.77350269e-01
5.77350269e-01 -5.77350269e-01 5.77350269e-01
5.77350269e-01 -5.77350269e-01 5.77350269e-01
-5.77350269e-01 5.77350269e-01 5.77350269e-01
-5.77350269e-01 5.77350269e-01 5.77350269e-01
-5.77350269e-01 5.77350269e-01 5.77350269e-01
-5.77350269e-01 5.77350269e-01 5.77350269e-01
5.77350269e-01 5.77350269e-01 5.77350269e-01
5.77350269e-01 5.77350269e-01 5.77350269e-01
5.77350269e-01 5.77350269e-01 5.77350269e-01
5.77350269e-01 5.77350269e-01 5.77350269e-01
-5.77350269e-01 5.77350269e-01 5.77350269e-01
-5.77350269e-01 5.77350269e-01 5.77350269e-01
-5.77350269e-01 5.77350269e-01 5.77350269e-01
-5.77350269e-01 5.77350269e-01 5.77350269e-01
5.77350269e-01 5.77350269e-01 5.77350269e-01
5.77350269e-01 5.77350269e-01 5.77350269e-01
5.77350269e-01 5.77350269e-01 5.77350269e-01
5.77350269e-01 5.77350269e-01 5.77350269e-01
-5.77350269e-01 5.77350269e-01 5.77350269e-01
-5.77350269e-01 5.77350269e-01 5.77350269e-01
-5.77350269e-01 5.77350269e-01 5.77350269e-01
-5.77350269e-01 5.77350269e-01 5.77350269e-01
-5.77350269e-01 5.77350269e-01 -5.77350269e-01
-5.77350269e-01 5.77350269e-01 -5.77350269e-01
-5.77350269e-01 5.77350269e-01 -5.77350269e-01
-5.77350269e-01 5.77350269e-01 -5.77350269e-01
-5.77350269e-01 5.77350269e-01 5.77350269e-01
-5.77350269e-01 5.77350269e-01 5.77350269e-01
-5.77350269e-01 5.77350269e-01 5.77350269e-01
-5.77350269e-01 5.77350269e-01 5.77350269e-01
-5.77350269e-01 5.77350269e-01 -5.77350269e-01
-5.77350269e-01 5.77350269e-01 -5.77350269e-01
-5.77350269e-01 5.77350269e-01 -5.77350269e-01
-5.77350269e-01 5.77350269e-01 -5.77350269e-01
5.77350269e-01 5.77350269e-01 5.77350269e-01
5.77350269e-01 5.77350269e-01 5.77350269e-01
5.77350269e-01 5.77350269e-01 5.77350269e-01
5.77350269e-01 5.77350269e-01 5.77350269e-01
5.77350269e-01 5.77350269e-01 -5.77350269e-01
5.77350269e-01 5.77350269e-01 -5.77350269e-01
5.77350269e-01 5.77350269e-01 -5.77350269e-01
5.77350269e-01 5.77350269e-01 -5.77350269e-01
5.77350269e-01 5.77350269e-01 5.77350269e-01
5.77350269e-01 5.77350269e-01 5.77350269e-01
5.77350269e-01 5.77350269e-01 5.77350269e-01
5.77350269e-01 5.77350269e-01 5.77350269e-01
5.77350269e-01 5.77350269e-01 -5.77350269e-01
5.77350269e-01 5.77350269e-01 -5.77350269e-01
5.77350269e-01 5.77350269e-01 -5.77350269e-01
5.77350269e-01 5.77350269e-01 -5.77350269e-01
-5.77350269e-01 5.77350269e-01 5.77350269e-01
-5.77350269e-01 5.77350269e-01 5.77350269e-01
-5.77350269e-01 5.77350269e-01 5.77350269e-01
-5.77350269e-01 5.77350269e-01 5.77350269e-01
-5.77350269e-01 -5.77350269e-01 5.77350269e-01
-5.77350269e-01 -5.77350269e-01 5.77350269e-01
-5.77350269e-01 -5.77350269e-01 5.77350269e-01
-5.77350269e-01 -5.77350269e-01 5.77350269e-01
-5.77350269e-01 5.77350269e-01 5.77350269e-01
-5.77350269e-01 5.77350269e-01 5.77350269e-01
-5.77350269e-01 5.77350269e-01 5.77350269e-01
-5.77350269e-01 5.77350269e-01 5.77350269e-01
-5.77350269e-01 -5.77350269e-01 5.77350269e-01
-5.77350269e-01 -5.77350269e-01 5.77350269e-01
-5.77350269e-01 -5.77350269e-01 5.77350269e-01
-5.77350269e-01 -5.77350269e-01 5.77350269e-01
5.77350269e-01 5.77350269e-01 5.77350269e-01
5.77350269e-01 5.77350269e-01 5.77350269e-01
5.77350269e-01 5.77350269e-01 5.77350269e-01
5.77350269e-01 5.77350269e-01 5.77350269e-01
5.77350269e-01 -5.77350269e-01 5.77350269e-01
5.77350269e-01 -5.77350269e-01 5.77350269e-01
5.77350269e-01 -5.77350269e-01 5.77350269e-01
5.77350269e-01 -5.77350269e-01 5.77350269e-01
5.77350269e-01 5.77350269e-01 5.77350269e-01
5.77350269e-01 5.77350269e-01 5.77350269e-01
5.77350269e-01 5.77350269e-01 5.77350269e-01
5.77350269e-01 5.77350269e-01 5.77350269e-01
5.77350269e-01 -5.77350269e-01 5.77350269e-01
5.77350269e-01 -5.77350269e-01 5.77350269e-01
5.77350269e-01 -5.77350269e-01 5.77350269e-01
5.77350269e-01 -5.77350269e-01 5.77350269e-01
-5.77350269e-01 -5.77350269e-01 5.77350269e-01
-5.77350269e-01 -5.77350269e-01 5.77350269e-01
-5.77350269e-01 -5.77350269e-01 5.77350269e-01
-5.77350269e-01 -5.77350269e-01 5.77350269e-01
5.77350269e-01 -5.77350269e-01 5.77350269e-01
5.77350269e-01 -5.77350269e-01 5.77350269e-01
5.77350269e-01 -5.77350269e-01 5.77350269e-01
5.77350269e-01 -5.77350269e-01 5.77350269e-01
-5.77350269e-01 -5.77350269e-01 5.77350269e-01
-5.77350269e-01 -5.77350269e-01 5.77350269e-01
-5.77350269e-01 -5.77350269e-01 5.77350269e-01
-5.77350269e-01 -5.77350269e-01 5.77350269e-01
5.77350269e-01 -5.77350269e-01 5.77350269e-01
5.77350269e-01 -5.77350269e-01 5.77350269e-01
5.77350269e-01 -5.77350269e-01 5.77350269e-01
5.77350269e-01 -5.77350269e-01 5.77350269e-01
-5.77350269e-01 5.77350269e-01 5.77350269e-01
-5.77350269e-01 5.77350269e-01 5.77350269e-01
-5.77350269e-01 5.77350269e-01 5.77350269e-01
-5.77350269e-01 5.77350269e-01 5.77350269e-01
5.77350269e-01 5.77350269e-01 5.77350269e-01
5.77350269e-01 5.77350269e-01 5.77350269e-01
5.77350269e-01 5.77350269e-01 5.77350269e-01
5.77350269e-01 5.77350269e-01 5.77350269e-01
-5.77350269e-01 5.77350269e-01 5.77350269e-01
-5.77350269e-01 5.77350269e-01 5.77350269e-01
-5.77350269e-01 5.77350269e-01 5.77350269e-01
-5.77350269e-01 5.77350269e-01 5.77350269e-01
5.77350269e-01 5.77350269e-01 5.77350269e-01
5.77350269e-01 5.77350269e-01 5.77350269e-01
5.77350269e-01 5.77350269e-01 5.77350269e-01
5.77350269e-01 5.77350269e-01 5.77350269e-01
-5.77350269e-01 5.77350269e-01 5.77350269e-01
-5.77350269e-01 5.77350269e-01 5.77350269e-01
-5.77350269e-01 5.77350269e-01 5.77350269e-01
-5.77350269e-01 5.77350269e-01 5.77350269e-01
-5.77350269e-01 5.77350269e-01 -5.77350269e-01
-5.77350269e-01 5.77350269e-01 -5.77350269e-01
-5.77350269e-01 5.77350269e-01 -5.77350269e-01
-5.77350269e-01 5.77350269e-01 -5.77350269e-01
-5.77350269e-01 5.77350269e-01 5.77350269e-01
-5.77350269e-01 5.77350269e-01 5.77350269e-01
-5.77350269e-01 5.77350269e-01 5.77350269e-01
-5.77350269e-01 5.77350269e-01 5.77350269e-01
-5.77350269e-01 5.77350269e-01 -5.77350269e-01
-5.77350269e-01 5.77350269e-01 -5.77350269e-01
-5.77350269e-01 5.77350269e-01 -5.77350269e-01
-5.77350269e-01 5.77350269e-01 -5.77350269e-01
5.77350269e-01 5.77350269e-01 5.77350269e-01
5.77350269e-01 5.77350269e-01 5.77350269e-01
5.77350269e-01 5.77350269e-01 5.77350269e-01
5.77350269e-01 5.77350269e-01 5.77350269e-01
5.77350269e-01 5.77350269e-01 -5.77350269e-01
5.77350269e-01 5.77350269e-01 -5.77350269e-01
5.77350269e-01 5.77350269e-01 -5.77350269e-01
5.77350269e-01 5.77350269e-01 -5.77350269e-01
5.77350269e-01 5.77350269e-01 5.77350269e-01
5.77350269e-01 5.77350269e-01 5.77350269e-01
5.77350269e-01 5.77350269e-01 5.77350269e-01
5.77350269e-01 5.77350269e-01 5.77350269e-01
5.77350269e-01 5.77350269e-01 -5.77350269e-01
5.77350269e-01 5.77350269e-01 -5.77350269e-01
5.77350269e-01 5.77350269e-01 -5.77350269e-01
5.77350269e-01 5.77350269e-01 -5.77350269e-01
-5.77350269e-01 5.77350269e-01 5.77350269e-01
-5.77350269e-01 5.77350269e-01 5.77350269e-01
-5.77350269e-01 5.77350269e-01 5.77350269e-01
-5.77350269e-01 5.77350269e-01 5.77350269e-01
-5.77350269e-01 -5.77350269e-01 5.77350269e-01
-5.77350269e-01 -5.77350269e-01 5.77350269e-01
-5.77350269e-01 -5.77350269e-01 5.77350269e-01
-5.77350269e-01 -5.77350269e-01 5.77350269e-01
-5.77350269e-01 5.77350269e-01 5.77350269e-01
-5.77350269e-01 5.77350269e-01 5.77350269e-01
-5.77350269e-01 5.77350269e-01 5.77350269e-01
-5.77350269e-01 5.77350269e-01 5.77350269e-01
-5.77350269e-01 -5.77350269e-01 5.77350269e-01
-5.77350269e-01 -5.77350269e-01 5.77350269e-01
-5.77350269e-01 -5.77350269e-01 5.77350269e-01
-5.77350269e-01 -5.77350269e-01 5.77350269e-01
5.77350269e-01 5.77350269e-01 5.77350269e-01
5.77350269e-01 5.77350269e-01 5.77350269e-01
5.77350269e-01 5.77350269e-01 5.77350269e-01
5.77350269e-01 5.77350269e-01 5.77350269e-01
5.77350269e-01 -5.77350269e-01 5.77350269e-01
5.77350269e-01 -5.77350269e-01 5.77350269e-01
5.77350269e-01 -5.77350269e-01 5.77350269e-01
5.77350269e-01 -5.77350269e-01 5.77350269e-01
5.77350269e-01 5.77350269e-01 5.77350269e-01
5.77350269e-01 5.77350269e-01 5.77350269e-01
5.77350269e-01 5.77350269e-01 5.77350269e-01
5.77350269e-01 5.77350269e-01 5.77350269e-01
5.77350269e-01 -5.77350269e-01 5.77350269e-01
5.77350269e-01 -5.77350269e-01 5.77350269e-01
5.77350269e-01 -5.77350269e-01 5.77350269e-01
5.77350269e-01 -5.77350269e-01 5.77350269e-01
-5.77350269e-01 -5.77350269e-01 5.77350269e-01
-5.77350269e-01 -5.77350269e-01 5.77350269e-01
-5.77350269e-01 -5.77350269e-01 5.77350269e-01
-5.77350269e-01 -5.77350269e-01 5.77350269e-01
5.77350269e-01 -5.77350269e-01 5.77350269e-01
5.77350269e-01 -5.77350269e-01 5.77350269e-01
5.77350269e-01 -5.77350269e-01 5.77350269e-01
5.77350269e-01 -5.77350269e-01 5.77350269e-01
-5.77350269e-01 -5.77350269e-01 5.77350269e-01
-5.77350269e-01 -5.77350269e-01 5.77350269e-01
-5.77350269e-01 -5.77350269e-01 5.77350269e-01
-5.77350269e-01 -5.77350269e-01 5.77350269e-01
5.77350269e-01 -5.77350269e-01 5.77350269e-01
5.77350269e-01 -5.77350269e-01 5.77350269e-01
5.77350269e-01 -5.77350269e-01 5.77350269e-01
5.77350269e-01 -5.77350269e-01 5.77350269e-01
-5.77350269e-01 5.77350269e-01 5.77350269e-01
-5.77350269e-01 5.77350269e-01 5.77350269e-01
-5.77350269e-01 5.77350269e-01 5.77350269e-01
-5.77350269e-01 5.77350269e-01 5.77350269e-01
5.77350269e-01 5.77350269e-01 5.77350269e-01
5.77350269e-01 5.77350269e-01 5.77350269e-01
5.77350269e-01 5.77350269e-01 5.77350269e-01
5.77350269e-01 5.77350269e-01 5.77350269e-01
-5.77350269e-01 5.77350269e-01 5.77350269e-01
-5.77350269e-01 5.77350269e-01 5.77350269e-01
-5.77350269e-01 5.77350269e-01 5.77350269e-01
-5.77350269e-01 5.77350269e-01 5.77350269e-01
5.77350269e-01 5.77350269e-01 5.77350269e-01
5.77350269e-01 5.77350269e-01 5.77350269e-01
5.77350269e-01 5.77350269e-01 5.77350269e-01
5.77350269e-01 5.77350269e-01 5.77350269e-01
-5.77350269e-01 5.77350269e-01 5.77350269e-01
-5.77350269e-01 5.77350269e-01 5.77350269e-01
-5.77350269e-01 5.77350269e-01 5.77350269e-01
-5.77350269e-01 5.77350269e-01 5.77350269e-01
-5.77350269e-01 5.77350269e-01 -5.77350269e-01
-5.77350269e-01 5.77350269e-01 -5.77350269e-01
-5.77350269e-01 5.77350269e-01 -5.77350269e-01
-5.77350269e-01 5.77350269e-01 -5.77350269e-01
-5.77350269e-01 5.77350269e-01 5.77350269e-01
-5.77350269e-01 5.77350269e-01 5.77350269e-01
-5.77350269e-01 5.77350269e-01 5.77350269e-01
-5.77350269e-01 5.77350269e-01 5.77350269e-01
-5.77350269e-01 5.77350269e-01 -5.77350269e-01
-5.77350269e-01 5.77350269e-01 -5.77350269e-01
-5.77350269e-01 5.77350269e-01 -5.77350269e-01
-5.77350269e-01 5.77350269e-01 -5.77350269e-01
5.77350269e-01 5.77350269e-01 5.77350269e-01
5.77350269e-01 5.77350269e-01 5.77350269e-01
5.77350269e-01 5.77350269e-01 5.77350269e-01
5.77350269e-01 5.77350269e-01 5.77350269e-01
5.77350269e-01 5.77350269e-01 -5.77350269e-01
5.77350269e-01 5.77350269e-01 -5.77350269e-01
5.77350269e-01 5.77350269e-01 -5.77350269e-01
5.77350269e-01 5.77350269e-01 -5.77350269e-01
5.77350269e-01 5.77350269e-01 5.77350269e-01
5.77350269e-01 5.77350269e-01 5.77350269e-01
5.77350269e-01 5.77350269e-01 5.77350269e-01
5.77350269e-01 5.77350269e-01 5.77350269e-01
5.77350269e-01 5.77350269e-01 -5.77350269e-01
5.77350269e-01 5.77350269e-01 -5.77350269e-01
5.77350269e-01 5.77350269e-01 -5.77350269e-01
5.77350269e-01 5.77350269e-01 -5.77350269e-01
-5.77350269e-01 5.77350269e-01 5.77350269e-01
-5.77350269e-01 5.77350269e-01 5.77350269e-01
-5.77350269e-01 5.77350269e-01 5.77350269e-01
-5.77350269e-01 5.77350269e-01 5.77350269e-01
-5.77350269e-01 -5.77350269e-01 5.77350269e-01
-5.77350269e-01 -5.77350269e-01 5.77350269e-01
-5.77350269e-01 -5.77350269e-01 5.77350269e-01
-5.77350269e-01 -5.77350269e-01 5.77350269e-01
-5.77350269e-01 5.77350269e-01 5.77350269e-01
-5.77350269e-01 5.77350269e-01 5.77350269e-01
-5.77350269e-01 5.77350269e-01 5.77350269e-01
-5.77350269e-01 5.77350269e-01 5.77350269e-01
-5.77350269e-01 -5.77350269e-01 5.77350269e-01
-5.77350269e-01 -5.77350269e-01 5.77350269e-01
-5.77350269e-01 -5.77350269e-01 5.77350269e-01
-5.77350269e-01 -5.77350269e-01 5.77350269e-01
5.77350269e-01 5.77350269e-01 5.77350269e-01
5.77350269e-01 5.77350269e-01 5.77350269e-01
5.77350269e-01 5.77350269e-01 5.77350269e-01
5.77350269e-01 5.77350269e-01 5.77350269e-01
5.77350269e-01 -5.77350269e-01 5.77350269e-01
5.77350269e-01 -5.77350269e-01 5.77350269e-01
5.77350269e-01 -5.77350269e-01 5.77350269e-01
5.77350269e-01 -5.77350269e-01 5.77350269e-01
5.77350269e-01 5.77350269e-01 5.77350269e-01
5.77350269e-01 5.77350269e-01 5.77350269e-01
5.77350269e-01 5.77350269e-01 5.77350269e-01
5.77350269e-01 5.77350269e-01 5.77350269e-01
5.77350269e-01 -5.77350269e-01 5.77350269e-01
5.77350269e-01 -5.77350269e-01 5.77350269e-01
5.77350269e-01 -5.77350269e-01 5.77350269e-01
5.77350269e-01 -5.77350269e-01 5.77350269e-01
-5.77350269e-01 -5.77350269e-01 5.77350269e-01
-5.77350269e-01 -5.77350269e-01 5.77350269e-01
-5.77350269e-01 -5.77350269e-01 5.77350269e-01
-5.77350269e-01 -5.77350269e-01 5.77350269e-01
5.77350269e-01 -5.77350269e-01 5.77350269e-01
5.77350269e-01 -5.77350269e-01 5.77350269e-01
5.77350269e-01 -5.77350269e-01 5.77350269e-01
5.77350269e-01 -5.77350269e-01 5.77350269e-01
-5.77350269e-01 -5.77350269e-01 5.77350269e-01
-5.77350269e-01 -5.77350269e-01 5.77350269e-01
-5.77350269e-01 -5.77350269e-01 5.77350269e-01
-5.77350269e-01 -5.77350269e-01 5.77350269e-01
5.77350269e-01 -5.77350269e-01 5.77350269e-01
5.77350269e-01 -5.77350269e-01 5.77350269e-01
5.77350269e-01 -5.77350269e-01 5.77350269e-01
5.77350269e-01 -5.77350269e-01 5.77350269e-01
-5.77350269e-01 5.77350269e-01 5.77350269e-01
-5.77350269e-01 5.77350269e-01 5.77350269e-01
-5.77350269e-01 5.77350269e-01 5.77350269e-01
-5.77350269e-01 5.77350269e-01 5.77350269e-01
5.77350269e-01 5.77350269e-01 5.77350269e-01
5.77350269e-01 5.77350269e-01 5.77350269e-01
5.77350269e-01 5.77350269e-01 5.77350269e-01
5.77350269e-01 5.77350269e-01 5.77350269e-01
-5.77350269e-01 5.77350269e-01 5.77350269e-01
-5.77350269e-01 5.77350269e-01 5.77350269e-01
-5.77350269e-01 5.77350269e-01 5.77350269e-01
-5.77350269e-01 5.77350269e-01 5.77350269e-01
5.77350269e-01 5.77350269e-01 5.77350269e-01
5.77350269e-01 5.77350269e-01 5.77350269e-01
5.77350269e-01 5.77350269e-01 5.77350269e-01
5.77350269e-01 5.77350269e-01 5.77350269e-01
-5.77350269e-01 5.77350269e-01 5.77350269e-01
-5.77350269e-01 5.77350269e-01 5.77350269e-01
-5.77350269e-01 5.77350269e-01 5.77350269e-01
-5.77350269e-01 5.77350269e-01 5.77350269e-01
-5.77350269e-01 5.77350269e-01 -5.77350269e-01
-5.77350269e-01 5.77350269e-01 -5.77350269e-01
-5.77350269e-01 5.77350269e-01 -5.77350269e-01
-5.77350269e-01 5.77350269e-01 -5.77350269e-01
-5.77350269e-01 5.77350269e-01 5.77350269e-01
-5.77350269e-01 5.77350269e-01 5.77350269e-01
-5.77350269e-01 5.77350269e-01 5.77350269e-01
-5.77350269e-01 5.77350269e-01 5.77350269e-01
-5.77350269e-01 5.77350269e-01 -5.77350269e-01
-5.77350269e-01 5.77350269e-01 -5.77350269e-01
-5.77350269e-01 5.77350269e-01 -5.77350269e-01
-5.77350269e-01 5.77350269e-01 -5.77350269e-01
5.77350269e-01 5.77350269e-01 5.77350269e-01
5.77350269e-01 5.77350269e-01 5.77350269e-01
5.77350269e-01 5.77350269e-01 5.77350269e-01
5.77350269e-01 5.77350269e-01 5.77350269e-01
5.77350269e-01 5.77350269e-01 -5.77350269e-01
5.77350269e-01 5.77350269e-01 -5.77350269e-01
5.77350269e-01 5.77350269e-01 -5.77350269e-01
5.77350269e-01 5.77350269e-01 -5.77350269e-01
5.77350269e-01 5.77350269e-01 5.77350269e-01
5.77350269e-01 5.77350269e-01 5.77350269e-01
5.77350269e-01 5.77350269e-01 5.77350269e-01
5.77350269e-01 5.77350269e-01 5.77350269e-01
5.77350269e-01 5.77350269e-01 -5.77350269e-01
5.77350269e-01 5.77350269e-01 -5.77350269e-01
5.77350269e-01 5.77350269e-01 -5.77350269e-01
5.77350269e-01 5.77350269e-01 -5.77350269e-01
-5.77350269e-01 5.77350269e-01 5.77350269e-01
-5.77350269e-01 5.77350269e-01 5.77350269e-01
-5.77350269e-01 5.77350269e-01 5.77350269e-01
-5.77350269e-01 5.77350269e-01 5.77350269e-01
-5.77350269e-01 -5.77350269e-01 5.77350269e-01
-5.77350269e-01 -5.77350269e-01 5.77350269e-01
-5.77350269e-01 -5.77350269e-01 5.77350269e-01
-5.77350269e-01 -5.77350269e-01 5.77350269e-01
-5.77350269e-01 5.77350269e-01 5.77350269e-01
-5.77350269e-01 5.77350269e-01 5.77350269e-01
-5.77350269e-01 5.77350269e-01 5.77350269e-01
-5.77350269e-01 5.77350269e-01 5.77350269e-01
-5.77350269e-01 -5.77350269e-01 5.77350269e-01
-5.77350269e-01 -5.77350269e-01 5.77350269e-01
-5.77350269e-01 -5.77350269e-01 5.77350269e-01
-5.77350269e-01 -5.77350269e-01 5.77350269e-01
5.77350269e-01 5.77350269e-01 5.77350269e-01
5.77350269e-01 5.77350269e-01 5.77350269e-01
5.77350269e-01 5.77350269e-01 5.77350269e-01
5.77350269e-01 5.77350269e-01 5.77350269e-01
5.77350269e-01 -5.77350269e-01 5.77350269e-01
5.77350269e-01 -5.77350269e-01 5.77350269e-01
5.77350269e-01 -5.77350269e-01 5.77350269e-01
5.77350269e-01 -5.77350269e-01 5.77350269e-01
5.77350269e-01 5.77350269e-01 5.77350269e-01
5.77350269e-01 5.77350269e-01 5.77350269e-01
5.77350269e-01 5.77350269e-01 5.77350269e-01
5.77350269e-01 5.77350269e-01 5.77350269e-01
5.77350269e-01 -5.77350269e-01 5.77350269e-01
5.77350269e-01 -5.77350269e-01 5.77350269e-01
5.77350269e-01 -5.77350269e-01 5.77350269e-01
5.77350269e-01 -5.77350269e-01 5.77350269e-01
-5.77350269e-01 -5.77350269e-01 5.77350269e-01
-5.77350269e-01 -5.77350269e-01 5.77350269e-01
-5.77350269e-01 -5.77350269e-01 5.77350269e-01
-5.77350269e-01 -5.77350269e-01 5.77350269e-01
5.77350269e-01 -5.77350269e-01 5.77350269e-01
5.77350269e-01 -5.77350269e-01 5.77350269e-01
5.77350269e-01 -5.77350269e-01 5.77350269e-01
5.77350269e-01 -5.77350269e-01 5.77350269e-01
-5.77350269e-01 -5.77350269e-01 5.77350269e-01
-5.77350269e-01 -5.77350269e-01 5.77350269e-01
-5.77350269e-01 -5.77350269e-01 5.77350269e-01
-5.77350269e-01 -5.77350269e-01 5.77350269e-01
5.77350269e-01 -5.77350269e-01 5.77350269e-01
5.77350269e-01 -5.77350269e-01 5.77350269e-01
5.77350269e-01 -5.77350269e-01 5.77350269e-01
5.77350269e-01 -5.77350269e-01 5.77350269e-01
-5.77350269e-01 5.77350269e-01 5.77350269e-01
-5.77350269e-01 5.77350269e-01 5.77350269e-01
-5.77350269e-01 5.77350269e-01 5.77350269e-01
-5.77350269e-01 5.77350269e-01 5.77350269e-01
5.77350269e-01 5.77350269e-01 5.77350269e-01
5.77350269e-01 5.77350269e-01 5.77350269e-01
5.77350269e-01 5.77350269e-01 5.77350269e-01
5.77350269e-01 5.77350269e-01 5.77350269e-01
-5.77350269e-01 5.77350269e-01 5.77350269e-01
-5.77350269e-01 5.77350269e-01 5.77350269e-01
-5.77350269e-01 5.77350269e-01 5.77350269e-01
-5.77350269e-01 5.77350269e-01 5.77350269e-01
5.77350269e-01 5.77350269e-01 5.77350269e-01
5.77350269e-01 5.77350269e-01 5.77350269e-01
5.77350269e-01 5.77350269e-01 5.77350269e-01
5.77350269e-01 5.77350269e-01 5.77350269e-01
-5.77350269e-01 5.77350269e-01 5.77350269e-01
-5.77350269e-01 5.77350269e-01 5.77350269e-01
-5.77350269e-01 5.77350269e-01 5.77350269e-01
-5.77350269e-01 5.77350269e-01 5.77350269e-01
-5.77350269e-01 5.77350269e-01 -5.77350269e-01
-5.77350269e-01 5.77350269e-01 -5.77350269e-01
-5.77350269e-01 5.77350269e-01 -5.77350269e-01
-5.77350269e-01 5.77350269e-01 -5.77350269e-01
-5.77350269e-01 5.77350269e-01 5.77350269e-01
-5.77350269e-01 5.77350269e-01 5.77350269e-01
-5.77350269e-01 5.77350269e-01 5.77350269e-01
-5.77350269e-01 5.77350269e-01 5.77350269e-01
-5.77350269e-01 5.77350269e-01 -5.77350269e-01
-5.77350269e-01 5.77350269e-01 -5.77350269e-01
-5.77350269e-01 5.77350269e-01 -5.77350269e-01
-5.77350269e-01 5.77350269e-01 -5.77350269e-01
5.77350269e-01 5.77350269e-01 5.77350269e-01
5.77350269e-01 5.77350269e-01 5.77350269e-01
5.77350269e-01 5.77350269e-01 5.77350269e-01
5.77350269e-01 5.77350269e-01 5.77350269e-01
5.77350269e-01 5.77350269e-01 -5.77350269e-01
5.77350269e-01 5.77350269e-01 -5.77350269e-01
5.77350269e-01 5.77350269e-01 -5.77350269e-01
5.77350269e-01 5.77350269e-01 -5.77350269e-01
5.77350269e-01 5.77350269e-01 5.77350269e-01
5.77350269e-01 5.77350269e-01 5.77350269e-01
5.77350269e-01 5.77350269e-01 5.77350269e-01
5.77350269e-01 5.77350269e-01 5.77350269e-01
5.77350269e-01 5.77350269e-01 -5.77350269e-01
5.77350269e-01 5.77350269e-01 -5.77350269e-01
5.77350269e-01 5.77350269e-01 -5.77350269e-01
5.77350269e-01 5.77350269e-01 -5.77350269e-01
-5.77350269e-01 5.77350269e-01 5.77350269e-01
-5.77350269e-01 5.77350269e-01 5.77350269e-01
-5.77350269e-01 5.77350269e-01 5.77350269e-01
-5.77350269e-01 5.77350269e-01 5.77350269e-01
-5.77350269e-01 -5.77350269e-01 5.77350269e-01
-5.77350269e-01 -5.77350269e-01 5.77350269e-01
-5.77350269e-01 -5.77350269e-01 5.77350269e-01
-5.77350269e-01 -5.77350269e-01 5.77350269e-01
-5.77350269e-01 5.77350269e-01 5.77350269e-01
-5.77350269e-01 5.77350269e-01 5.77350269e-01
-5.77350269e-01 5.77350269e-01 5.77350269e-01
-5.77350269e-01 5.77350269e-01 5.77350269e-01
-5.77350269e-01 -5.77350269e-01 5.77350269e-01
-5.77350269e-01 -5.77350269e-01 5.77350269e-01
-5.77350269e-01 -5.77350269e-01 5.77350269e-01
-5.77350269e-01 -5.77350269e-01 5.77350269e-01
5.77350269e-01 5.77350269e-01 5.77350269e-01
5.77350269e-01 5.77350269e-01 5.77350269e-01
5.77350269e-01 5.77350269e-01 5.77350269e-01
5.77350269e-01 5.77350269e-01 5.77350269e-01
5.77350269e-01 -5.77350269e-01 5.77350269e-01
5.77350269e-01 -5.77350269e-01 5.77350269e-01
5.77350269e-01 -5.77350269e-01 5.77350269e-01
5.77350269e-01 -5.77350269e-01 5.77350269e-01
5.77350269e-01 5.77350269e-01 5.77350269e-01
5.77350269e-01 5.77350269e-01 5.77350269e-01
5.77350269e-01 5.77350269e-01 5.77350269e-01
5.77350269e-01 5.77350269e-01 5.77350269e-01
5.77350269e-01 -5.77350269e-01 5.77350269e-01
5.77350269e-01 -5.77350269e-01 5.77350269e-01
5.77350269e-01 -5.77350269e-01 5.77350269e-01
5.77350269e-01 -5.77350269e-01 5.77350269e-01
-5.77350269e-01 -5.77350269e-01 5.77350269e-01
-5.77350269e-01 -5.77350269e-01 5.77350269e-01
-5.77350269e-01 -5.77350269e-01 5.77350269e-01
-5.77350269e-01 -5.77350269e-01 5.77350269e-01
5.77350269e-01 -5.77350269e-01 5.77350269e-01
5.77350269e-01 -5.77350269e-01 5.77350269e-01
5.77350269e-01 -5.77350269e-01 5.77350269e-01
5.77350269e-01 -5.77350269e-01 5.77350269e-01
-5.77350269e-01 -5.77350269e-01 5.77350269e-01
-5.77350269e-01 -5.77350269e-01 5.77350269e-01
-5.77350269e-01 -5.77350269e-01 5.77350269e-01
-5.77350269e-01 -5.77350269e-01 5.77350269e-01
5.77350269e-01 -5.77350269e-01 5.77350269e-01
5.77350269e-01 -5.77350269e-01 5.77350269e-01
5.77350269e-01 -5.77350269e-01 5.77350269e-01
5.77350269e-01 -5.77350269e-01 5.77350269e-01
-5.77350269e-01 5.77350269e-01 5.77350269e-01
-5.77350269e-01 5.77350269e-01 5.77350269e-01
-5.77350269e-01 5.77350269e-01 5.77350269e-01
-5.77350269e-01 5.77350269e-01 5.77350269e-01
5.77350269e-01 5.77350269e-01 5.77350269e-01
5.77350269e-01 5.77350269e-01 5.77350269e-01
5.77350269e-01 5.77350269e-01 5.77350269e-01
5.77350269e-01 5.77350269e-01 5.77350269e-01
-5.77350269e-01 5.77350269e-01 5.77350269e-01
-5.77350269e-01 5.77350269e-01 5.77350269e-01
-5.77350269e-01 5.77350269e-01 5.77350269e-01
-5.77350269e-01 5.77350269e-01 5.77350269e-01
5.77350269e-01 5.77350269e-01 5.77350269e-01
5.77350269e-01 5.77350269e-01 5.77350269e-01
5.77350269e-01 5.77350269e-01 5.77350269e-01
5.77350269e-01 5.77350269e-01 5.77350269e-01
-5.77350269e-01 5.77350269e-01 5.77350269e-01
-5.77350269e-01 5.77350269e-01 5.77350269e-01
-5.77350269e-01 5.77350269e-01 5.77350269e-01
-5.77350269e-01 5.77350269e-01 5.77350269e-01
-5.77350269e-01 5.77350269e-01 -5.77350269e-01
-5.77350269e-01 5.77350269e-01 -5.77350269e-01
-5.77350269e-01 5.77350269e-01 -5.77350269e-01
-5.77350269e-01 5.77350269e-01 -5.77350269e-01
-5.77350269e-01 5.77350269e-01 5.77350269e-01
-5.77350269e-01 5.77350269e-01 5.77350269e-01
-5.77350269e-01 5.77350269e-01 5.77350269e-01
-5.77350269e-01 5.77350269e-01 5.77350269e-01
-5.77350269e-01 5.77350269e-01 -5.77350269e-01
-5.77350269e-01 5.77350269e-01 -5.77350269e-01
-5.77350269e-01 5.77350269e-01 -5.77350269e-01
-5.77350269e-01 5.77350269e-01 -5.77350269e-01
5.77350269e-01 5.77350269e-01 5.77350269e-01
5.77350269e-01 5.77350269e-01 5.77350269e-01
5.77350269e-01 5.77350269e-01 5.77350269e-01
5.77350269e-01 5.77350269e-01 5.77350269e-01
5.77350269e-01 5.77350269e-01 -5.77350269e-01
5.77350269e-01 5.77350269e-01 -5.77350269e-01
5.77350269e-01 5.77350269e-01 -5.77350269e-01
5.77350269e-01 5.77350269e-01 -5.77350269e-01
5.77350269e-01 5.77350269e-01 5.77350269e-01
5.77350269e-01 5.77350269e-01 5.77350269e-01
5.77350269e-01 5.77350269e-01 5.77350269e-01
5.77350269e-01 5.77350269e-01 5.77350269e-01
5.77350269e-01 5.77350269e-01 -5.77350269e-01
5.77350269e-01 5.77350269e-01 -5.77350269e-01
5.77350269e-01 5.77350269e-01 -5.77350269e-01
5.77350269e-01 5.77350269e-01 -5.77350269e-01
-5.77350269e-01 5.77350269e-01 5.77350269e-01
-5.77350269e-01 5.77350269e-01 5.77350269e-01
-5.77350269e-01 5.77350269e-01 5.77350269e-01
-5.77350269e-01 5.77350269e-01 5.77350269e-01
-5.77350269e-01 -5.77350269e-01 5.77350269e-01
-5.77350269e-01 -5.77350269e-01 5.77350269e-01
-5.77350269e-01 -5.77350269e-01 5.77350269e-01
-5.77350269e-01 -5.77350269e-01 5.77350269e-01
-5.77350269e-01 5.77350269e-01 5.77350269e-01
-5.77350269e-01 5.77350269e-01 5.77350269e-01
-5.77350269e-01 5.77350269e-01 5.77350269e-01
-5.77350269e-01 5.77350269e-01 5.77350269e-01
-5.77350269e-01 -5.77350269e-01 5.77350269e-01
-5.77350269e-01 -5.77350269e-01 5.77350269e-01
-5.77350269e-01 -5.77350269e-01 5.77350269e-01
-5.77350269e-01 -5.77350269e-01 5.77350269e-01
5.77350269e-01 5.77350269e-01 5.77350269e-01
5.77350269e-01 5.77350269e-01 5.77350269e-01
5.77350269e-01 5.77350269e-01 5.77350269e-01
5.77350269e-01 5.77350269e-01 5.77350269e-01
5.77350269e-01 -5.77350269e-01 5.77350269e-01
5.77350269e-01 -5.77350269e-01 5.77350269e-01
5.77350269e-01 -5.77350269e-01 5.77350269e-01
5.77350269e-01 -5.77350269e-01 5.77350269e-01
5.77350269e-01 5.77350269e-01 5.77350269e-01
5.77350269e-01 5.77350269e-01 5.77350269e-01
5.77350269e-01 5.77350269e-01 5.77350269e-01
5.77350269e-01 5.77350269e-01 5.77350269e-01
5.77350269e-01 -5.77350269e-01 5.77350269e-01
5.77350269e-01 -5.77350269e-01 5.77350269e-01
5.77350269e-01 -5.77350269e-01 5.77350269e-01
5.77350269e-01 -5.77350269e-01 5.77350269e-01
-5.77350269e-01 -5.77350269e-01 5.77350269e-01
-5.77350269e-01 -5.77350269e-01 5.77350269e-01
-5.77350269e-01 -5.77350269e-01 5.77350269e-01
-5.77350269e-01 -5.77350269e-01 5.77350269e-01
5.77350269e-01 -5.77350269e-01 5.77350269e-01
5.77350269e-01 -5.77350269e-01 5.77350269e-01
5.77350269e-01 -5.77350269e-01 5.77350269e-01
5.77350269e-01 -5.77350269e-01 5.77350269e-01
-5.77350269e-01 -5.77350269e-01 5.77350269e-01
-5.77350269e-01 -5.77350269e-01 5.77350269e-01
-5.77350269e-01 -5.77350269e-01 5.77350269e-01
-5.77350269e-01 -5.77350269e-01 5.77350269e-01
5.77350269e-01 -5.77350269e-01 5.77350269e-01
5.77350269e-01 -5.77350269e-01 5.77350269e-01
5.77350269e-01 -5.77350269e-01 5.77350269e-01
5.77350269e-01 -5.77350269e-01 5.77350269e-01
-5.77350269e-01 5.77350269e-01 5.77350269e-01
-5.77350269e-01 5.77350269e-01 5.77350269e-01
-5.77350269e-01 5.77350269e-01 5.77350269e-01
-5.77350269e-01 5.77350269e-01 5.77350269e-01
5.77350269e-01 5.77350269e-01 5.77350269e-01
5.77350269e-01 5.77350269e-01 5.77350269e-01
5.77350269e-01 5.77350269e-01 5.77350269e-01
5.77350269e-01 5.77350269e-01 5.77350269e-01
-5.77350269e-01 5.77350269e-01 5.77350269e-01
-5.77350269e-01 5.77350269e-01 5.77350269e-01
-5.77350269e-01 5.77350269e-01 5.77350269e-01
-5.77350269e-01 5.77350269e-01 5.77350269e-01
5.77350269e-01 5.77350269e-01 5.77350269e-01
5.77350269e-01 5.77350269e-01 5.77350269e-01
5.77350269e-01 5.77350269e-01 5.77350269e-01
5.77350269e-01 5.77350269e-01 5.77350269e-01
-5.77350269e-01 5.77350269e-01 5.77350269e-01
-5.77350269e-01 5.77350269e-01 5.77350269e-01
-5.77350269e-01 5.77350269e-01 5.77350269e-01
-5.77350269e-01 5.77350269e-01 5.77350269e-01
-5.77350269e-01 5.77350269e-01 -5.77350269e-01
-5.77350269e-01 5.77350269e-01 -5.77350269e-01
-5.77350269e-01 5.77350269e-01 -5.77350269e-01
-5.77350269e-01 5.77350269e-01 -5.77350269e-01
-5.77350269e-01 5.77350269e-01 5.77350269e-01
-5.77350269e-01 5.77350269e-01 5.77350269e-01
-5.77350269e-01 5.77350269e-01 5.77350269e-01
-5.77350269e-01 5.77350269e-01 5.77350269e-01
-5.77350269e-01 5.77350269e-01 -5.77350269e-01
-5.77350269e-01 5.77350269e-01 -5.77350269e-01
-5.77350269e-01 5.77350269e-01 -5.77350269e-01
-5.77350269e-01 5.77350269e-01 -5.77350269e-01
5.77350269e-01 5.77350269e-01 5.77350269e-01
5.77350269e-01 5.77350269e-01 5.77350269e-01
5.77350269e-01 5.77350269e-01 5.77350269e-01
5.77350269e-01 5.77350269e-01 5.77350269e-01
5.77350269e-01 5.77350269e-01 -5.77350269e-01
5.77350269e-01 5.77350269e-01 -5.77350269e-01
5.77350269e-01 5.77350269e-01 -5.77350269e-01
5.77350269e-01 5.77350269e-01 -5.77350269e-01
5.77350269e-01 5.77350269e-01 5.77350269e-01
5.77350269e-01 5.77350269e-01 5.77350269e-01
5.77350269e-01 5.77350269e-01 5.77350269e-01
5.77350269e-01 5.77350269e-01 5.77350269e-01
5.77350269e-01 5.77350269e-01 -5.77350269e-01
5.77350269e-01 5.77350269e-01 -5.77350269e-01
5.77350269e-01 5.77350269e-01 -5.77350269e-01
5.77350269e-01 5.77350269e-01 -5.77350269e-01
-5.77350269e-01 5.77350269e-01 5.77350269e-01
-5.77350269e-01 5.77350269e-01 5.77350269e-01
-5.77350269e-01 5.77350269e-01 5.77350269e-01
-5.77350269e-01 5.77350269e-01 5.77350269e-01
-5.77350269e-01 -5.77350269e-01 5.77350269e-01
-5.77350269e-01 -5.77350269e-01 5.77350269e-01
-5.77350269e-01 -5.77350269e-01 5.77350269e-01
-5.77350269e-01 -5.77350269e-01 5.77350269e-01
-5.77350269e-01 5.77350269e-01 5.77350269e-01
-5.77350269e-01 5.77350269e-01 5.77350269e-01
-5.77350269e-01 5.77350269e-01 5.77350269e-01
-5.77350269e-01 5.77350269e-01 5.77350269e-01
-5.77350269e-01 -5.77350269e-01 5.77350269e-01
-5.77350269e-01 -5.77350269e-01 5.77350269e-01
-5.77350269e-01 -5.77350269e-01 5.77350269e-01
-5.77350269e-01 -5.77350269e-01 5.77350269e-01
5.77350269e-01 5.77350269e-01 5.77350269e-01
5.77350269e-01 5.77350269e-01 5.77350269e-01
5.77350269e-01 5.77350269e-01 5.77350269e-01
5.77350269e-01 5.77350269e-01 5.77350269e-01
5.77350269e-01 -5.77350269e-01 5.77350269e-01
5.77350269e-01 -5.77350269e-01 5.77350269e-01
5.77350269e-01 -5.77350269e-01 5.77350269e-01
5.77350269e-01 -5.77350269e-01 5.77350269e-01
5.77350269e-01 5.77350269e-01 5.77350269e-01
5.77350269e-01 5.77350269e-01 5.77350269e-01
5.77350269e-01 5.77350269e-01 5.77350269e-01
5.77350269e-01 5.77350269e-01 5.77350269e-01
5.77350269e-01 -5.77350269e-01 5.77350269e-01
5.77350269e-01 -5.77350269e-01 5.77350269e-01
5.77350269e-01 -5.77350269e-01 5.77350269e-01
5.77350269e-01 -5.77350269e-01 5.77350269e-01
-5.77350269e-01 -5.77350269e-01 5.77350269e-01
-5.77350269e-01 -5.77350269e-01 5.77350269e-01
-5.77350269e-01 -5.77350269e-01 5.77350269e-01
-5.77350269e-01 -5.77350269e-01 5.77350269e-01
5.77350269e-01 -5.77350269e-01 5.77350269e-01
5.77350269e-01 -5.77350269e-01 5.77350269e-01
5.77350269e-01 -5.77350269e-01 5.77350269e-01
5.77350269e-01 -5.77350269e-01 5.77350269e-01
-5.77350269e-01 -5.77350269e-01 5.77350269e-01
-5.77350269e-01 -5.77350269e-01 5.77350269e-01
-5.77350269e-01 -5.77350269e-01 5.77350269e-01
-5.77350269e-01 -5.77350269e-01 5.77350269e-01
5.77350269e-01 -5.77350269e-01 5.77350269e-01
5.77350269e-01 -5.77350269e-01 5.77350269e-01
5.77350269e-01 -5.77350269e-01 5.77350269e-01
5.77350269e-01 -5.77350269e-01 5.77350269e-01
-5.77350269e-01 5.77350269e-01 5.77350269e-01
-5.77350269e-01 5.77350269e-01 5.77350269e-01
-5.77350269e-01 5.77350269e-01 5.77350269e-01
-5.77350269e-01 5.77350269e-01 5.77350269e-01
5.77350269e-01 5.77350269e-01 5.77350269e-01
5.77350269e-01 5.77350269e-01 5.77350269e-01
5.77350269e-01 5.77350269e-01 5.77350269e-01
5.77350269e-01 5.77350269e-01 5.77350269e-01
-5.77350269e-01 5.77350269e-01 5.77350269e-01
-5.77350269e-01 5.77350269e-01 5.77350269e-01
-5.77350269e-01 5.77350269e-01 5.77350269e-01
-5.77350269e-01 5.77350269e-01 5.77350269e-01
5.77350269e-01 5.77350269e-01 5.77350269e-01
5.77350269e-01 5.77350269e-01 5.77350269e-01
5.77350269e-01 5.77350269e-01 5.77350269e-01
5.77350269e-01 5.77350269e-01 5.77350269e-01
-5.77350269e-01 5.77350269e-01 5.77350269e-01
-5.77350269e-01 5.77350269e-01 5.77350269e-01
-5.77350269e-01 5.77350269e-01 5.77350269e-01
-5.77350269e-01 5.77350269e-01 5.77350269e-01
-5.77350269e-01 5.77350269e-01 -5.77350269e-01
-5.77350269e-01 5.77350269e-01 -5.77350269e-01
-5.77350269e-01 5.77350269e-01 -5.77350269e-01
-5.77350269e-01 5.77350269e-01 -5.77350269e-01
-5.77350269e-01 5.77350269e-01 5.77350269e-01
-5.77350269e-01 5.77350269e-01 5.77350269e-01
-5.77350269e-01 5.77350269e-01 5.77350269e-01
-5.77350269e-01 5.77350269e-01 5.77350269e-01
-5.77350269e-01 5.77350269e-01 -5.77350269e-01
-5.77350269e-01 5.77350269e-01 -5.77350269e-01
-5.77350269e-01 5.77350269e-01 -5.77350269e-01
-5.77350269e-01 5.77350269e-01 -5.77350269e-01
5.77350269e-01 5.77350269e-01 5.77350269e-01
5.77350269e-01 5.77350269e-01 5.77350269e-01
5.77350269e-01 5.77350269e-01 5.77350269e-01
5.77350269e-01 5.77350269e-01 5.77350269e-01
5.77350269e-01 5.77350269e-01 -5.77350269e-01
5.77350269e-01 5.77350269e-01 -5.77350269e-01
5.77350269e-01 5.77350269e-01 -5.77350269e-01
5.77350269e-01 5.77350269e-01 -5.77350269e-01
5.77350269e-01 5.77350269e-01 5.77350269e-01
5.77350269e-01 5.77350269e-01 5.77350269e-01
5.77350269e-01 5.77350269e-01 5.77350269e-01
5.77350269e-01 5.77350269e-01 5.77350269e-01
5.77350269e-01 5.77350269e-01 -5.77350269e-01
5.77350269e-01 5.77350269e-01 -5.77350269e-01
5.77350269e-01 5.77350269e-01 -5.77350269e-01
5.77350269e-01 5.77350269e-01 -5.77350269e-01
-5.77350269e-01 5.77350269e-01 5.77350269e-01
-5.77350269e-01 5.77350269e-01 5.77350269e-01
-5.77350269e-01 5.77350269e-01 5.77350269e-01
-5.77350269e-01 5.77350269e-01 5.77350269e-01
-5.77350269e-01 -5.77350269e-01 5.77350269e-01
-5.77350269e-01 -5.77350269e-01 5.77350269e-01
-5.77350269e-01 -5.77350269e-01 5.77350269e-01
-5.77350269e-01 -5.77350269e-01 5.77350269e-01
-5.77350269e-01 5.77350269e-01 5.77350269e-01
-5.77350269e-01 5.77350269e-01 5.77350269e-01
-5.77350269e-01 5.77350269e-01 5.77350269e-01
-5.77350269e-01 5.77350269e-01 5.77350269e-01
-5.77350269e-01 -5.77350269e-01 5.77350269e-01
-5.77350269e-01 -5.77350269e-01 5.77350269e-01
-5.77350269e-01 -5.77350269e-01 5.77350269e-01
-5.77350269e-01 -5.77350269e-01 5.77350269e-01
5.77350269e-01 5.77350269e-01 5.77350269e-01
5.77350269e-01 5.77350269e-01 5.77350269e-01
5.77350269e-01 5.77350269e-01 5.77350269e-01
5.77350269e-01 5.77350269e-01 5.77350269e-01
5.77350269e-01 -5.77350269e-01 5.77350269e-01
5.77350269e-01 -5.77350269e-01 5.77350269e-01
5.77350269e-01 -5.77350269e-01 5.77350269e-01
5.77350269e-01 -5.77350269e-01 5.77350269e-01
5.77350269e-01 5.77350269e-01 5.77350269e-01
5.77350269e-01 5.77350269e-01 5.77350269e-01
5.77350269e-01 5.77350269e-01 5.77350269e-01
5.77350269e-01 5.77350269e-01 5.77350269e-01
5.77350269e-01 -5.77350269e-01 5.77350269e-01
5.77350269e-01 -5.77350269e-01 5.77350269e-01
5.77350269e-01 -5.77350269e-01 5.77350269e-01
5.77350269e-01 -5.77350269e-01 5.77350269e-01
-5.77350269e-01 -5.77350269e-01 5.77350269e-01
-5.77350269e-01 -5.77350269e-01 5.77350269e-01
-5.77350269e-01 -5.77350269e-01 5.77350269e-01
-5.77350269e-01 -5.77350269e-01 5.77350269e-01
5.77350269e-01 -5.77350269e-01 5.77350269e-01
5.77350269e-01 -5.77350269e-01 5.77350269e-01
5.77350269e-01 -5.77350269e-01 5.77350269e-01
5.77350269e-01 -5.77350269e-01 5.77350269e-01
-5.77350269e-01 -5.77350269e-01 5.77350269e-01
-5.77350269e-01 -5.77350269e-01 5.77350269e-01
-5.77350269e-01 -5.77350269e-01 5.77350269e-01
-5.77350269e-01 -5.77350269e-01 5.77350269e-01
5.77350269e-01 -5.77350269e-01 5.77350269e-01
5.77350269e-01 -5.77350269e-01 5.77350269e-01
5.77350269e-01 -5.77350269e-01 5.77350269e-01
5.77350269e-01 -5.77350269e-01 5.77350269e-01
-5.77350269e-01 5.77350269e-01 5.77350269e-01
-5.77350269e-01 5.77350269e-01 5.77350269e-01
-5.77350269e-01 5.77350269e-01 5.77350269e-01
-5.77350269e-01 5.77350269e-01 5.77350269e-01
5.77350269e-01 5.77350269e-01 5.77350269e-01
5.77350269e-01 5.77350269e-01 5.77350269e-01
5.77350269e-01 5.77350269e-01 5.77350269e-01
5.77350269e-01 5.77350269e-01 5.77350269e-01
-5.77350269e-01 5.77350269e-01 5.77350269e-01
-5.77350269e-01 5.77350269e-01 5.77350269e-01
-5.77350269e-01 5.77350269e-01 5.77350269e-01
-5.77350269e-01 5.77350269e-01 5.77350269e-01
5.77350269e-01 5.77350269e-01 5.77350269e-01
5.77350269e-01 5.77350269e-01 5.77350269e-01
5.77350269e-01 5.77350269e-01 5.77350269e-01
5.77350269e-01 5.77350269e-01 5.77350269e-01
-5.77350269e-01 5.77350269e-01 5.77350269e-01
-5.77350269e-01 5.77350269e-01 5.77350269e-01
-5.77350269e-01 5.77350269e-01 5.77350269e-01
-5.77350269e-01 5.77350269e-01 5.77350269e-01
-5.77350269e-01 5.77350269e-01 -5.77350269e-01
-5.77350269e-01 5.77350269e-01 -5.77350269e-01
-5.77350269e-01 5.77350269e-01 -5.77350269e-01
-5.77350269e-01 5.77350269e-01 -5.77350269e-01
-5.77350269e-01 5.77350269e-01 5.77350269e-01
-5.77350269e-01 5.77350269e-01 5.77350269e-01
-5.77350269e-01 5.77350269e-01 5.77350269e-01
-5.77350269e-01 5.77350269e-01 5.77350269e-01
-5.77350269e-01 5.77350269e-01 -5.77350269e-01
-5.77350269e-01 5.77350269e-01 -5.77350269e-01
-5.77350269e-01 5.77350269e-01 -5.77350269e-01
-5.77350269e-01 5.77350269e-01 -5.77350269e-01
VECTORS LineDirection FLOAT
0.0 0.0 0.0
4.08248290e-01 -4.08248290e-01 8.16496581e-01
4.08248290e-01 -4.08248290e-01 8.16496581e-01
4.08248290e-01 -4.08248290e-01 8.16496581e-01
4.08248290e-01 -4.08248290e-01 8.16496581e-01
-4.08248290e-01 4.08248290e-01 8.16496581e-01
-4.08248290e-01 4.08248290e-01 8.16496581e-01
-4.08248290e-01 4.08248290e-01 8.16496581e-01
-4.08248290e-01 4.08248290e-01 8.16496581e-01
-4.08248290e-01 4.08248290e-01 -8.16496581e-01
-4.08248290e-01 4.08248290e-01 -8.16496581e-01
-4.08248290e-01 4.08248290e-01 -8.16496581e-01
-4.08248290e-01 4.08248290e-01 -8.16496581e-01
4.08248290e-01 -4.08248290e-01 -8.16496581e-01
4.08248290e-01 -4.08248290e-01 -8.16496581e-01
4.08248290e-01 -4.08248290e-01 -8.16496581e-01
4.08248290e-01 -4.08248290e-01 -8.16496581e-01
4.08248290e-01 4.08248290e-01 -8.16496581e-01
4.08248290e-01 4.08248290e-01 -8.16496581e-01
4.08248290e-01 4.08248290e-01 -8.16496581e-01
4.08248290e-01 4.08248290e-01 -8.16496581e-01
-4.08248290e-01 -4.08248290e-01 -8.16496581e-01
-4.08248290e-01 -4.08248290e-01 -8.16496581e-01
-4.08248290e-01 -4.08248290e-01 -8.16496581e-01
-4.08248290e-01 -4.08248290e-01 -8.16496581e-01
-4.08248290e-01 -4.08248290e-01 8.16496581e-01
-4.08248290e-01 -4.08248290e-01 8.16496581e-01
-4.08248290e-01 -4.08248290e-01 8.16496581e-01
-4.08248290e-01 -4.08248290e-01 8.16496581e-01
4.08248290e-01 4.08248290e-01 8.16496581e-01
4.08248290e-01 4.08248290e-01 8.16496581e-01
4.08248290e-01 4.08248290e-01 8.16496581e-01
4.08248290e-01 4.08248290e-01 8.16496581e-01
-4.08248290e-01 -8.16496581e-01 4.08248290e-01
-4.08248290e-01 -8.16496581e-01 4.08248290e-01
-4.08248290e-01 -8.16496581e-01 4.08248290e-01
-4.08248290e-01 -8.16496581e-01 4.08248290e-01
4.08248290e-01 -8.16496581e-01 -4.08248290e-01
4.08248290e-01 -8.16496581e-01 -4.08248290e-01
4.08248290e-01 -8.16496581e-01 -4.08248290e-01
4.08248290e-01 -8.16496581e-01 -4.08248290e-01
4.08248290e-01 8.16496581e-01 -4.08248290e-01
4.08248290e-01 8.16496581e-01 -4.08248290e-01
4.08248290e-01 8.16496581e-01 -4.08248290e-01
4.08248290e-01 8.16496581e-01 -4.08248290e-01
-4.08248290e-01 8.16496581e-01 4.08248290e-01
-4.08248290e-01 8.16496581e-01 4.08248290e-01
-4.08248290e-01 8.16496581e-01 4.08248290e-01
-4.08248290e-01 8.16496581e-01 4.08248290e-01
-4.08248290e-01 8.16496581e-01 -4.08248290e-01
-4.08248290e-01 8.16496581e-01 -4.08248290e-01
-4.08248290e-01 8.16496581e-01 -4.08248290e-01
-4.08248290e-01 8.16496581e-01 -4.08248290e-01
4.08248290e-01 8.16496581e-01 4.08248290e-01
4.08248290e-01 8.16496581e-01 4.08248290e-01
4.08248290e-01 8.16496581e-01 4.08248290e-01
4.08248290e-01 8.16496581e-01 4.08248290e-01
4.08248290e-01 -8.16496581e-01 4.08248290e-01
4.08248290e-01 -8.16496581e-01 4.08248290e-01
4.08248290e-01 -8.16496581e-01 4.08248290e-01
4.08248290e-01 -8.16496581e-01 4.08248290e-01
-4.08248290e-01 -8.16496581e-01 -4.08248290e-01
-4.08248290e-01 -8.16496581e-01 -4.08248290e-01
-4.08248290e-01 -8.16496581e-01 -4.08248290e-01
-4.08248290e-01 -8.16496581e-01 -4.08248290e-01
8.16496581e-01 -4.08248290e-01 4.08248290e-01
8.16496581e-01 -4.08248290e-01 4.08248290e-01
8.16496581e-01 -4.08248290e-01 4.08248290e-01
8.16496581e-01 -4.08248290e-01 4.08248290e-01
8.16496581e-01 4.08248290e-01 -4.08248290e-01
8.16496581e-01 4.08248290e-01 -4.08248290e-01
8.16496581e-01 4.08248290e-01 -4.08248290e-01
8.16496581e-01 4.08248290e-01 -4.08248290e-01
-8.16496581e-01 4.08248290e-01 -4.08248290e-01
-8.16496581e-01 4.08248290e-01 -4.08248290e-01
-8.16496581e-01 4.08248290e-01 -4.08248290e-01
-8.16496581e-01 4.08248290e-01 -4.08248290e-01
-8.16496581e-01 -4.08248290e-01 4.08248290e-01
-8.16496581e-01 -4.08248290e-01 4.08248290e-01
-8.16496581e-01 -4.08248290e-01 4.08248290e-01
-8.16496581e-01 -4.08248290e-01 4.08248290e-01
-8.16496581e-01 -4.08248290e-01 -4.08248290e-01
-8.16496581e-01 -4.08248290e-01 -4.08248290e-01
-8.16496581e-01 -4.08248290e-01 -4.08248290e-01
-8.16496581e-01 -4.08248290e-01 -4.08248290e-01
-8.16496581e-01 4.08248290e-01 4.08248290e-01
-8.16496581e-01 4.08248290e-01 4.08248290e-01
-8.16496581e-01 4.08248290e-01 4.08248290e-01
-8.16496581e-01 4.08248290e-01 4.08248290e-01
8.16496581e-01 4.08248290e-01 4.08248290e-01
8.16496581e-01 4.08248290e-01 4.08248290e-01
8.16496581e-01 4.08248290e-01 4.08248290e-01
8.16496581e-01 4.08248290e-01 4.08248290e-01
8.16496581e-01 -4.08248290e-01 -4.08248290e-01
8.16496581e-01 -4.08248290e-01 -4.08248290e-01
8.16496581e-01 -4.08248290e-01 -4.08248290e-01
8.16496581e-01 -4.08248290e-01 -4.08248290e-01
4.08248290e-01 -4.08248290e-01 8.16496581e-01
4.08248290e-01 -4.08248290e-01 8.16496581e-01
4.08248290e-01 -4.08248290e-01 8.16496581e-01
4.08248290e-01 -4.08248290e-01 8.16496581e-01
-4.08248290e-01 4.08248290e-01 8.16496581e-01
-4.08248290e-01 4.08248290e-01 8.16496581e-01
-4.08248290e-01 4.08248290e-01 8.16496581e-01
-4.08248290e-01 4.08248290e-01 8.16496581e-01
-4.08248290e-01 4.08248290e-01 -8.16496581e-01
-4.08248290e-01 4.08248290e-01 -8.16496581e-01
-4.08248290e-01 4.08248290e-01 -8.16496581e-01
-4.08248290e-01 4.08248290e-01 -8.16496581e-01
4.08248290e-01 -4.08248290e-01 -8.16496581e-01
4.08248290e-01 -4.08248290e-01 -8.16496581e-01
4.08248290e-01 -4.08248290e-01 -8.16496581e-01
4.08248290e-01 -4.08248290e-01 -8.16496581e-01
4.08248290e-01 4.08248290e-01 -8.16496581e-01
4.08248290e-01 4.08248290e-01 -8.16496581e-01
4.08248290e-01 4.08248290e-01 -8.16496581e-01
4.08248290e-01 4.08248290e-01 -8.16496581e-01
-4.08248290e-01 -4.08248290e-01 -8.16496581e-01
-4.08248290e-01 -4.08248290e-01 -8.16496581e-01
-4.08248290e-01 -4.08248290e-01 -8.16496581e-01
-4.08248290e-01 -4.08248290e-01 -8.16496581e-01
-4.08248290e-01 -4.08248290e-01 8.16496581e-01
-4.08248290e-01 -4.08248290e-01 8.16496581e-01
-4.08248290e-01 -4.08248290e-01 8.16496581e-01
-4.08248290e-01 -4.08248290e-01 8.16496581e-01
4.08248290e-01 4.08248290e-01 8.16496581e-01
4.08248290e-01 4.08248290e-01 8.16496581e-01
4.08248290e-01 4.08248290e-01 8.16496581e-01
4.08248290e-01 4.08248290e-01 8.16496581e-01
-4.08248290e-01 -8.16496581e-01 4.08248290e-01
-4.08248290e-01 -8.16496581e-01 4.08248290e-01
-4.08248290e-01 -8.16496581e-01 4.08248290e-01
-4.08248290e-01 -8.16496581e-01 4.08248290e-01
4.08248290e-01 -8.16496581e-01 -4.08248290e-01
4.08248290e-01 -8.16496581e-01 -4.08248290e-01
4.08248290e-01 -8.16496581e-01 -4.08248290e-01
4.08248290e-01 -8.16496581e-01 -4.08248290e-01
4.08248290e-01 8.16496581e-01 -4.08248290e-01
4.08248290e-01 8.16496581e-01 -4.08248290e-01
4.08248290e-01 8.16496581e-01 -4.08248290e-01
4.08248290e-01 8.16496581e-01 -4.08248290e-01
-4.08248290e-01 8.16496581e-01 4.08248290e-01
-4.08248290e-01 8.16496581e-01 4.08248290e-01
-4.08248290e-01 8.16496581e-01 4.08248290e-01
-4.08248290e-01 8.16496581e-01 4.08248290e-01
-4.08248290e-01 8.16496581e-01 -4.08248290e-01
-4.08248290e-01 8.16496581e-01 -4.08248290e-01
-4.08248290e-01 8.16496581e-01 -4.08248290e-01
-4.08248290e-01 8.16496581e-01 -4.08248290e-01
4.08248290e-01 8.16496581e-01 4.08248290e-01
4.08248290e-01 8.16496581e-01 4.08248290e-01
4.08248290e-01 8.16496581e-01 4.08248290e-01
4.08248290e-01 8.16496581e-01 4.08248290e-01
4.08248290e-01 -8.16496581e-01 4.08248290e-01
4.08248290e-01 -8.16496581e-01 4.08248290e-01
4.08248290e-01 -8.16496581e-01 4.08248290e-01
4.08248290e-01 -8.16496581e-01 4.08248290e-01
-4.08248290e-01 -8.16496581e-01 -4.08248290e-01
-4.08248290e-01 -8.16496581e-01 -4.08248290e-01
-4.08248290e-01 -8.16496581e-01 -4.08248290e-01
-4.08248290e-01 -8.16496581e-01 -4.08248290e-01
8.16496581e-01 -4.08248290e-01 4.08248290e-01
8.16496581e-01 -4.08248290e-01 4.08248290e-01
8.16496581e-01 -4.08248290e-01 4.08248290e-01
8.16496581e-01 -4.08248290e-01 4.08248290e-01
8.16496581e-01 4.08248290e-01 -4.08248290e-01
8.16496581e-01 4.08248290e-01 -4.08248290e-01
8.16496581e-01 4.08248290e-01 -4.08248290e-01
8.16496581e-01 4.08248290e-01 -4.08248290e-01
-8.16496581e-01 4.08248290e-01 -4.08248290e-01
-8.16496581e-01 4.08248290e-01 -4.08248290e-01
-8.16496581e-01 4.08248290e-01 -4.08248290e-01
-8.16496581e-01 4.08248290e-01 -4.08248290e-01
-8.16496581e-01 -4.08248290e-01 4.08248290e-01
-8.16496581e-01 -4.08248290e-01 4.08248290e-01
-8.16496581e-01 -4.08248290e-01 4.08248290e-01
-8.16496581e-01 -4.08248290e-01 4.08248290e-01
-8.16496581e-01 -4.08248290e-01 -4.08248290e-01
-8.16496581e-01 -4.08248290e-01 -4.08248290e-01
-8.16496581e-01 -4.08248290e-01 -4.08248290e-01
-8.16496581e-01 -4.08248290e-01 -4.08248290e-01
-8.16496581e-01 4.08248290e-01 4.08248290e-01
-8.16496581e-01 4.08248290e-01 4.08248290e-01
-8.16496581e-01 4.08248290e-01 4.08248290e-01
-8.16496581e-01 4.08248290e-01 4.08248290e-01
8.16496581e-01 4.08248290e-01 4.08248290e-01
8.16496581e-01 4.08248290e-01 4.08248290e-01
8.16496581e-01 4.08248290e-01 4.08248290e-01
8.16496581e-01 4.08248290e-01 4.08248290e-01
8.16496581e-01 -4.08248290e-01 -4.08248290e-01
8.16496581e-01 -4.08248290e-01 -4.08248290e-01
8.16496581e-01 -4.08248290e-01 -4.08248290e-01
8.16496581e-01 -4.08248290e-01 -4.08248290e-01
4.08248290e-01 -4.08248290e-01 8.16496581e-01
4.08248290e-01 -4.08248290e-01 8.16496581e-01
4.08248290e-01 -4.08248290e-01 8.16496581e-01
4.08248290e-01 -4.08248290e-01 8.16496581e-01
-4.08248290e-01 4.08248290e-01 8.16496581e-01
-4.08248290e-01 4.08248290e-01 8.16496581e-01
-4.08248290e-01 4.08248290e-01 8.16496581e-01
-4.08248290e-01 4.08248290e-01 8.16496581e-01
-4.08248290e-01 4.08248290e-01 -8.16496581e-01
-4.08248290e-01 4.08248290e-01 -8.16496581e-01
-4.08248290e-01 4.08248290e-01 -8.16496581e-01
-4.08248290e-01 4.08248290e-01 -8.16496581e-01
4.08248290e-01 -4.08248290e-01 -8.16496581e-01
4.08248290e-01 -4.08248290e-01 -8.16496581e-01
4.08248290e-01 -4.08248290e-01 -8.16496581e-01
4.08248290e-01 -4.08248290e-01 -8.16496581e-01
4.08248290e-01 4.08248290e-01 -8.16496581e-01
4.08248290e-01 4.08248290e-01 -8.16496581e-01
4.08248290e-01 4.08248290e-01 -8.16496581e-01
4.08248290e-01 4.08248290e-01 -8.16496581e-01
-4.08248290e-01 -4.08248290e-01 -8.16496581e-01
-4.08248290e-01 -4.08248290e-01 -8.16496581e-01
-4.08248290e-01 -4.08248290e-01 -8.16496581e-01
-4.08248290e-01 -4.08248290e-01 -8.16496581e-01
-4.08248290e-01 -4.08248290e-01 8.16496581e-01
-4.08248290e-01 -4.08248290e-01 8.16496581e-01
-4.08248290e-01 -4.08248290e-01 8.16496581e-01
-4.08248290e-01 -4.08248290e-01 8.16496581e-01
4.08248290e-01 4.08248290e-01 8.16496581e-01
4.08248290e-01 4.08248290e-01 8.16496581e-01
4.08248290e-01 4.08248290e-01 8.16496581e-01
4.08248290e-01 4.08248290e-01 8.16496581e-01
-4.08248290e-01 -8.16496581e-01 4.08248290e-01
-4.08248290e-01 -8.16496581e-01 4.08248290e-01
-4.08248290e-01 -8.16496581e-01 4.08248290e-01
-4.08248290e-01 -8.16496581e-01 4.08248290e-01
4.08248290e-01 -8.16496581e-01 -4.08248290e-01
4.08248290e-01 -8.16496581e-01 -4.08248290e-01
4.08248290e-01 -8.16496581e-01 -4.08248290e-01
4.08248290e-01 -8.16496581e-01 -4.08248290e-01
4.08248290e-01 8.16496581e-01 -4.08248290e-01
4.08248290e-01 8.16496581e-01 -4.08248290e-01
4.08248290e-01 8.16496581e-01 -4.08248290e-01
4.08248290e-01 8.16496581e-01 -4.08248290e-01
-4.08248290e-01 8.16496581e-01 4.08248290e-01
-4.08248290e-01 8.16496581e-01 4.08248290e-01
-4.08248290e-01 8.16496581e-01 4.08248290e-01
-4.08248290e-01 8.16496581e-01 4.08248290e-01
-4.08248290e-01 8.16496581e-01 -4.08248290e-01
-4.08248290e-01 8.16496581e-01 -4.08248290e-01
-4.08248290e-01 8.16496581e-01 -4.08248290e-01
-4.08248290e-01 8.16496581e-01 -4.08248290e-01
4.08248290e-01 8.16496581e-01 4.08248290e-01
4.08248290e-01 8.16496581e-01 4.08248290e-01
4.08248290e-01 8.16496581e-01 4.08248290e-01
4.08248290e-01 8.16496581e-01 4.08248290e-01
4.08248290e-01 -8.16496581e-01 4.08248290e-01
4.08248290e-01 -8.16496581e-01 4.08248290e-01
4.08248290e-01 -8.16496581e-01 4.08248290e-01
4.08248290e-01 -8.16496581e-01 4.08248290e-01
-4.08248290e-01 -8.16496581e-01 -4.08248290e-01
-4.08248290e-01 -8.16496581e-01 -4.08248290e-01
-4.08248290e-01 -8.16496581e-01 -4.08248290e-01
-4.08248290e-01 -8.16496581e-01 -4.08248290e-01
8.16496581e-01 -4.08248290e-01 4.08248290e-01
8.16496581e-01 -4.08248290e-01 4.08248290e-01
8.16496581e-01 -4.08248290e-01 4.08248290e-01
8.16496581e-01 -4.08248290e-01 4.08248290e-01
8.16496581e-01 4.08248290e-01 -4.08248290e-01
8.16496581e-01 4.08248290e-01 -4.08248290e-01
8.16496581e-01 4.08248290e-01 -4.08248290e-01
8.16496581e-01 4.08248290e-01 -4.08248290e-01
-8.16496581e-01 4.08248290e-01 -4.08248290e-01
-8.16496581e-01 4.08248290e-01 -4.08248290e-01
-8.16496581e-01 4.08248290e-01 -4.08248290e-01
-8.16496581e-01 4.08248290e-01 -4.08248290e-01
-8.16496581e-01 -4.08248290e-01 4.08248290e-01
-8.16496581e-01 -4.08248290e-01 4.08248290e-01
-8.16496581e-01 -4.08248290e-01 4.08248290e-01
-8.16496581e-01 -4.08248290e-01 4.08248290e-01
-8.16496581e-01 -4.08248290e-01 -4.08248290e-01
-8.16496581e-01 -4.08248290e-01 -4.08248290e-01
-8.16496581e-01 -4.08248290e-01 -4.08248290e-01
-8.16496581e-01 -4.08248290e-01 -4.08248290e-01
-8.16496581e-01 4.08248290e-01 4.08248290e-01
-8.16496581e-01 4.08248290e-01 4.08248290e-01
-8.16496581e-01 4.08248290e-01 4.08248290e-01
-8.16496581e-01 4.08248290e-01 4.08248290e-01
8.16496581e-01 4.08248290e-01 4.08248290e-01
8.16496581e-01 4.08248290e-01 4.08248290e-01
8.16496581e-01 4.08248290e-01 4.08248290e-01
8.16496581e-01 4.08248290e-01 4.08248290e-01
8.16496581e-01 -4.08248290e-01 -4.08248290e-01
8.16496581e-01 -4.08248290e-01 -4.08248290e-01
8.16496581e-01 -4.08248290e-01 -4.08248290e-01
8.16496581e-01 -4.08248290e-01 -4.08248290e-01
4.08248290e-01 -4.08248290e-01 8.16496581e-01
4.08248290e-01 -4.08248290e-01 8.16496581e-01
4.08248290e-01 -4.08248290e-01 8.16496581e-01
4.08248290e-01 -4.08248290e-01 8.16496581e-01
-4.08248290e-01 4.08248290e-01 8.16496581e-01
-4.08248290e-01 4.08248290e-01 8.16496581e-01
-4.08248290e-01 4.08248290e-01 8.16496581e-01
-4.08248290e-01 4.08248290e-01 8.16496581e-01
-4.08248290e-01 4.08248290e-01 -8.16496581e-01
-4.08248290e-01 4.08248290e-01 -8.16496581e-01
-4.08248290e-01 4.08248290e-01 -8.16496581e-01
-4.08248290e-01 4.08248290e-01 -8.16496581e-01
4.08248290e-01 -4.08248290e-01 -8.16496581e-01
4.08248290e-01 -4.08248290e-01 -8.16496581e-01
4.08248290e-01 -4.08248290e-01 -8.16496581e-01
4.08248290e-01 -4.08248290e-01 -8.16496581e-01
4.08248290e-01 4.08248290e-01 -8.16496581e-01
4.08248290e-01 4.08248290e-01 -8.16496581e-01
4.08248290e-01 4.08248290e-01 -8.16496581e-01
4.08248290e-01 4.08248290e-01 -8.16496581e-01
-4.08248290e-01 -4.08248290e-01 -8.16496581e-01
-4.08248290e-01 -4.08248290e-01 -8.16496581e-01
-4.08248290e-01 -4.08248290e-01 -8.16496581e-01
-4.08248290e-01 -4.08248290e-01 -8.16496581e-01
-4.08248290e-01 -4.08248290e-01 8.16496581e-01
-4.08248290e-01 -4.08248290e-01 8.16496581e-01
-4.08248290e-01 -4.08248290e-01 8.16496581e-01
-4.08248290e-01 -4.08248290e-01 8.16496581e-01
4.08248290e-01 4.08248290e-01 8.16496581e-01
4.08248290e-01 4.08248290e-01 8.16496581e-01
4.08248290e-01 4.08248290e-01 8.16496581e-01
4.08248290e-01 4.08248290e-01 8.16496581e-01
-4.08248290e-01 -8.16496581e-01 4.08248290e-01
-4.08248290e-01 -8.16496581e-01 4.08248290e-01
-4.08248290e-01 -8.16496581e-01 4.08248290e-01
-4.08248290e-01 -8.16496581e-01 4.08248290e-01
4.08248290e-01 -8.16496581e-01 -4.08248290e-01
4.08248290e-01 -8.16496581e-01 -4.08248290e-01
4.08248290e-01 -8.16496581e-01 -4.08248290e-01
4.08248290e-01 -8.16496581e-01 -4.08248290e-01
4.08248290e-01 8.16496581e-01 -4.08248290e-01
4.08248290e-01 8.16496581e-01 -4.08248290e-01
4.08248290e-01 8.16496581e-01 -4.08248290e-01
4.08248290e-01 8.16496581e-01 -4.08248290e-01
-4.08248290e-01 8.16496581e-01 4.08248290e-01
-4.08248290e-01 8.16496581e-01 4.08248290e-01
-4.08248290e-01 8.16496581e-01 4.08248290e-01
-4.08248290e-01 8.16496581e-01 4.08248290e-01
-4.08248290e-01 8.16496581e-01 -4.08248290e-01
-4.08248290e-01 8.16496581e-01 -4.08248290e-01
-4.08248290e-01 8.16496581e-01 -4.08248290e-01
-4.08248290e-01 8.16496581e-01 -4.08248290e-01
4.08248290e-01 8.16496581e-01 4.08248290e-01
4.08248290e-01 8.16496581e-01 4.08248290e-01
4.08248290e-01 8.16496581e-01 4.08248290e-01
4.08248290e-01 8.16496581e-01 4.08248290e-01
4.08248290e-01 -8.16496581e-01 4.08248290e-01
4.08248290e-01 -8.16496581e-01 4.08248290e-01
4.08248290e-01 -8.16496581e-01 4.08248290e-01
4.08248290e-01 -8.16496581e-01 4.08248290e-01
-4.08248290e-01 -8.16496581e-01 -4.08248290e-01
-4.08248290e-01 -8.16496581e-01 -4.08248290e-01
-4.08248290e-01 -8.16496581e-01 -4.08248290e-01
-4.08248290e-01 -8.16496581e-01 -4.08248290e-01
8.16496581e-01 -4.08248290e-01 4.08248290e-01
8.16496581e-01 -4.08248290e-01 4.08248290e-01
8.16496581e-01 -4.08248290e-01 4.08248290e-01
8.16496581e-01 -4.08248290e-01 4.08248290e-01
8.16496581e-01 4.08248290e-01 -4.08248290e-01
8.16496581e-01 4.08248290e-01 -4.08248290e-01
8.16496581e-01 4.08248290e-01 -4.08248290e-01
8.16496581e-01 4.08248290e-01 -4.08248290e-01
-8.16496581e-01 4.08248290e-01 -4.08248290e-01
-8.16496581e-01 4.08248290e-01 -4.08248290e-01
-8.16496581e-01 4.08248290e-01 -4.08248290e-01
-8.16496581e-01 4.08248290e-01 -4.08248290e-01
-8.16496581e-01 -4.08248290e-01 4.08248290e-01
-8.16496581e-01 -4.08248290e-01 4.08248290e-01
-8.16496581e-01 -4.08248290e-01 4.08248290e-01
-8.16496581e-01 -4.08248290e-01 4.08248290e-01
-8.16496581e-01 -4.08248290e-01 -4.08248290e-01
-8.16496581e-01 -4.08248290e-01 -4.08248290e-01
-8.16496581e-01 -4.08248290e-01 -4.08248290e-01
-8.16496581e-01 -4.08248290e-01 -4.08248290e-01
-8.16496581e-01 4.08248290e-01 4.08248290e-01
-8.16496581e-01 4.08248290e-01 4.08248290e-01
-8.16496581e-01 4.08248290e-01 4.08248290e-01
-8.16496581e-01 4.08248290e-01 4.08248290e-01
8.16496581e-01 4.08248290e-01 4.08248290e-01
8.16496581e-01 4.08248290e-01 4.08248290e-01
8.16496581e-01 4.08248290e-01 4.08248290e-01
8.16496581e-01 4.08248290e-01 4.08248290e-01
8.16496581e-01 -4.08248290e-01 -4.08248290e-01
8.16496581e-01 -4.08248290e-01 -4.08248290e-01
8.16496581e-01 -4.08248290e-01 -4.08248290e-01
8.16496581e-01 -4.08248290e-01 -4.08248290e-01
4.08248290e-01 -4.08248290e-01 8.16496581e-01
4.08248290e-01 -4.08248290e-01 8.16496581e-01
4.08248290e-01 -4.08248290e-01 8.16496581e-01
4.08248290e-01 -4.08248290e-01 8.16496581e-01
-4.08248290e-01 4.08248290e-01 8.16496581e-01
-4.08248290e-01 4.08248290e-01 8.16496581e-01
-4.08248290e-01 4.08248290e-01 8.16496581e-01
-4.08248290e-01 4.08248290e-01 8.16496581e-01
-4.08248290e-01 4.08248290e-01 -8.16496581e-01
-4.08248290e-01 4.08248290e-01 -8.16496581e-01
-4.08248290e-01 4.08248290e-01 -8.16496581e-01
-4.08248290e-01 4.08248290e-01 -8.16496581e-01
4.08248290e-01 -4.08248290e-01 -8.16496581e-01
4.08248290e-01 -4.08248290e-01 -8.16496581e-01
4.08248290e-01 -4.08248290e-01 -8.16496581e-01
4.08248290e-01 -4.08248290e-01 -8.16496581e-01
4.08248290e-01 4.08248290e-01 -8.16496581e-01
4.08248290e-01 4.08248290e-01 -8.16496581e-01
4.08248290e-01 4.08248290e-01 -8.16496581e-01
4.08248290e-01 4.08248290e-01 -8.16496581e-01
-4.08248290e-01 -4.08248290e-01 -8.16496581e-01
-4.08248290e-01 -4.08248290e-01 -8.16496581e-01
-4.08248290e-01 -4.08248290e-01 -8.16496581e-01
-4.08248290e-01 -4.08248290e-01 -8.16496581e-01
-4.08248290e-01 -4.08248290e-01 8.16496581e-01
-4.08248290e-01 -4.08248290e-01 8.16496581e-01
-4.08248290e-01 -4.08248290e-01 8.16496581e-01
-4.08248290e-01 -4.08248290e-01 8.16496581e-01
4.08248290e-01 4.08248290e-01 8.16496581e-01
4.08248290e-01 4.08248290e-01 8.16496581e-01
4.08248290e-01 4.08248290e-01 8.16496581e-01
4.08248290e-01 4.08248290e-01 8.16496581e-01
-4.08248290e-01 -8.16496581e-01 4.08248290e-01
-4.08248290e-01 -8.16496581e-01 4.08248290e-01
-4.08248290e-01 -8.16496581e-01 4.08248290e-01
-4.08248290e-01 -8.16496581e-01 4.08248290e-01
4.08248290e-01 -8.16496581e-01 -4.08248290e-01
4.08248290e-01 -8.16496581e-01 -4.08248290e-01
4.08248290e-01 -8.16496581e-01 -4.08248290e-01
4.08248290e-01 -8.16496581e-01 -4.08248290e-01
4.08248290e-01 8.16496581e-01 -4.08248290e-01
4.08248290e-01 8.16496581e-01 -4.08248290e-01
4.08248290e-01 8.16496581e-01 -4.08248290e-01
4.08248290e-01 8.16496581e-01 -4.08248290e-01
-4.08248290e-01 8.16496581e-01 4.08248290e-01
-4.08248290e-01 8.16496581e-01 4.08248290e-01
-4.08248290e-01 8.16496581e-01 4.08248290e-01
-4.08248290e-01 8.16496581e-01 4.08248290e-01
-4.08248290e-01 8.16496581e-01 -4.08248290e-01
-4.08248290e-01 8.16496581e-01 -4.08248290e-01
-4.08248290e-01 8.16496581e-01 -4.08248290e-01
-4.08248290e-01 8.16496581e-01 -4.08248290e-01
4.08248290e-01 8.16496581e-01 4.08248290e-01
4.08248290e-01 8.16496581e-01 4.08248290e-01
4.08248290e-01 8.16496581e-01 4.08248290e-01
4.08248290e-01 8.16496581e-01 4.08248290e-01
4.08248290e-01 -8.16496581e-01 4.08248290e-01
4.08248290e-01 -8.16496581e-01 4.08248290e-01
4.08248290e-01 -8.16496581e-01 4.08248290e-01
4.08248290e-01 -8.16496581e-01 4.08248290e-01
-4.08248290e-01 -8.16496581e-01 -4.08248290e-01
-4.08248290e-01 -8.16496581e-01 -4.08248290e-01
-4.08248290e-01 -8.16496581e-01 -4.08248290e-01
-4.08248290e-01 -8.16496581e-01 -4.08248290e-01
8.16496581e-01 -4.08248290e-01 4.08248290e-01
8.16496581e-01 -4.08248290e-01 4.08248290e-01
8.16496581e-01 -4.08248290e-01 4.08248290e-01
8.16496581e-01 -4.08248290e-01 4.08248290e-01
8.16496581e-01 4.08248290e-01 -4.08248290e-01
8.16496581e-01 4.08248290e-01 -4.08248290e-01
8.16496581e-01 4.08248290e-01 -4.08248290e-01
8.16496581e-01 4.08248290e-01 -4.08248290e-01
-8.16496581e-01 4.08248290e-01 -4.08248290e-01
-8.16496581e-01 4.08248290e-01 -4.08248290e-01
-8.16496581e-01 4.08248290e-01 -4.08248290e-01
-8.16496581e-01 4.08248290e-01 -4.08248290e-01
-8.16496581e-01 -4.08248290e-01 4.08248290e-01
-8.16496581e-01 -4.08248290e-01 4.08248290e-01
-8.16496581e-01 -4.08248290e-01 4.08248290e-01
-8.16496581e-01 -4.08248290e-01 4.08248290e-01
-8.16496581e-01 -4.08248290e-01 -4.08248290e-01
-8.16496581e-01 -4.08248290e-01 -4.08248290e-01
-8.16496581e-01 -4.08248290e-01 -4.08248290e-01
-8.16496581e-01 -4.08248290e-01 -4.08248290e-01
-8.16496581e-01 4.08248290e-01 4.08248290e-01
-8.16496581e-01 4.08248290e-01 4.08248290e-01
-8.16496581e-01 4.08248290e-01 4.08248290e-01
-8.16496581e-01 4.08248290e-01 4.08248290e-01
8.16496581e-01 4.08248290e-01 4.08248290e-01
8.16496581e-01 4.08248290e-01 4.08248290e-01
8.16496581e-01 4.08248290e-01 4.08248290e-01
8.16496581e-01 4.08248290e-01 4.08248290e-01
8.16496581e-01 -4.08248290e-01 -4.08248290e-01
8.16496581e-01 -4.08248290e-01 -4.08248290e-01
8.16496581e-01 -4.08248290e-01 -4.08248290e-01
8.16496581e-01 -4.08248290e-01 -4.08248290e-01
4.08248290e-01 -4.08248290e-01 8.16496581e-01
4.08248290e-01 -4.08248290e-01 8.16496581e-01
4.08248290e-01 -4.08248290e-01 8.16496581e-01
4.08248290e-01 -4.08248290e-01 8.16496581e-01
-4.08248290e-01 4.08248290e-01 8.16496581e-01
-4.08248290e-01 4.08248290e-01 8.16496581e-01
-4.08248290e-01 4.08248290e-01 8.16496581e-01
-4.08248290e-01 4.08248290e-01 8.16496581e-01
-4.08248290e-01 4.08248290e-01 -8.16496581e-01
-4.08248290e-01 4.08248290e-01 -8.16496581e-01
-4.08248290e-01 4.08248290e-01 -8.16496581e-01
-4.08248290e-01 4.08248290e-01 -8.16496581e-01
4.08248290e-01 -4.08248290e-01 -8.16496581e-01
4.08248290e-01 -4.08248290e-01 -8.16496581e-01
4.08248290e-01 -4.08248290e-01 -8.16496581e-01
4.08248290e-01 -4.08248290e-01 -8.16496581e-01
4.08248290e-01 4.08248290e-01 -8.16496581e-01
4.08248290e-01 4.08248290e-01 -8.16496581e-01
4.08248290e-01 4.08248290e-01 -8.16496581e-01
4.08248290e-01 4.08248290e-01 -8.16496581e-01
-4.08248290e-01 -4.08248290e-01 -8.16496581e-01
-4.08248290e-01 -4.08248290e-01 -8.16496581e-01
-4.08248290e-01 -4.08248290e-01 -8.16496581e-01
-4.08248290e-01 -4.08248290e-01 -8.16496581e-01
-4.08248290e-01 -4.08248290e-01 8.16496581e-01
-4.08248290e-01 -4.08248290e-01 8.16496581e-01
-4.08248290e-01 -4.08248290e-01 8.16496581e-01
-4.08248290e-01 -4.08248290e-01 8.16496581e-01
4.08248290e-01 4.08248290e-01 8.16496581e-01
4.08248290e-01 4.08248290e-01 8.16496581e-01
4.08248290e-01 4.08248290e-01 8.16496581e-01
4.08248290e-01 4.08248290e-01 8.16496581e-01
-4.08248290e-01 -8.16496581e-01 4.08248290e-01
-4.08248290e-01 -8.16496581e-01 4.08248290e-01
-4.08248290e-01 -8.16496581e-01 4.08248290e-01
-4.08248290e-01 -8.16496581e-01 4.08248290e-01
4.08248290e-01 -8.16496581e-01 -4.08248290e-01
4.08248290e-01 -8.16496581e-01 -4.08248290e-01
4.08248290e-01 -8.16496581e-01 -4.08248290e-01
4.08248290e-01 -8.16496581e-01 -4.08248290e-01
4.08248290e-01 8.16496581e-01 -4.08248290e-01
4.08248290e-01 8.16496581e-01 -4.08248290e-01
4.08248290e-01 8.16496581e-01 -4.08248290e-01
4.08248290e-01 8.16496581e-01 -4.08248290e-01
-4.08248290e-01 8.16496581e-01 4.08248290e-01
-4.08248290e-01 8.16496581e-01 4.08248290e-01
-4.08248290e-01 8.16496581e-01 4.08248290e-01
-4.08248290e-01 8.16496581e-01 4.08248290e-01
-4.08248290e-01 8.16496581e-01 -4.08248290e-01
-4.08248290e-01 8.16496581e-01 -4.08248290e-01
-4.08248290e-01 8.16496581e-01 -4.08248290e-01
-4.08248290e-01 8.16496581e-01 -4.08248290e-01
4.08248290e-01 8.16496581e-01 4.08248290e-01
4.08248290e-01 8.16496581e-01 4.08248290e-01
4.08248290e-01 8.16496581e-01 4.08248290e-01
4.08248290e-01 8.16496581e-01 4.08248290e-01
4.08248290e-01 -8.16496581e-01 4.08248290e-01
4.08248290e-01 -8.16496581e-01 4.08248290e-01
4.08248290e-01 -8.16496581e-01 4.08248290e-01
4.08248290e-01 -8.16496581e-01 4.08248290e-01
-4.08248290e-01 -8.16496581e-01 -4.08248290e-01
-4.08248290e-01 -8.16496581e-01 -4.08248290e-01
-4.08248290e-01 -8.16496581e-01 -4.08248290e-01
-4.08248290e-01 -8.16496581e-01 -4.08248290e-01
8.16496581e-01 -4.08248290e-01 4.08248290e-01
8.16496581e-01 -4.08248290e-01 4.08248290e-01
8.16496581e-01 -4.08248290e-01 4.08248290e-01
8.16496581e-01 -4.08248290e-01 4.08248290e-01
8.16496581e-01 4.08248290e-01 -4.08248290e-01
8.16496581e-01 4.08248290e-01 -4.08248290e-01
8.16496581e-01 4.08248290e-01 -4.08248290e-01
8.16496581e-01 4.08248290e-01 -4.08248290e-01
-8.16496581e-01 4.08248290e-01 -4.08248290e-01
-8.16496581e-01 4.08248290e-01 -4.08248290e-01
-8.16496581e-01 4.08248290e-01 -4.08248290e-01
-8.16496581e-01 4.08248290e-01 -4.08248290e-01
-8.16496581e-01 -4.08248290e-01 4.08248290e-01
-8.16496581e-01 -4.08248290e-01 4.08248290e-01
-8.16496581e-01 -4.08248290e-01 4.08248290e-01
-8.16496581e-01 -4.08248290e-01 4.08248290e-01
-8.16496581e-01 -4.08248290e-01 -4.08248290e-01
-8.16496581e-01 -4.08248290e-01 -4.08248290e-01
-8.16496581e-01 -4.08248290e-01 -4.08248290e-01
-8.16496581e-01 -4.08248290e-01 -4.08248290e-01
-8.16496581e-01 4.08248290e-01 4.08248290e-01
-8.16496581e-01 4.08248290e-01 4.08248290e-01
-8.16496581e-01 4.08248290e-01 4.08248290e-01
-8.16496581e-01 4.08248290e-01 4.08248290e-01
8.16496581e-01 4.08248290e-01 4.08248290e-01
8.16496581e-01 4.08248290e-01 4.08248290e-01
8.16496581e-01 4.08248290e-01 4.08248290e-01
8.16496581e-01 4.08248290e-01 4.08248290e-01
8.16496581e-01 -4.08248290e-01 -4.08248290e-01
8.16496581e-01 -4.08248290e-01 -4.08248290e-01
8.16496581e-01 -4.08248290e-01 -4.08248290e-01
8.16496581e-01 -4.08248290e-01 -4.08248290e-01
4.08248290e-01 -4.08248290e-01 8.16496581e-01
4.08248290e-01 -4.08248290e-01 8.16496581e-01
4.08248290e-01 -4.08248290e-01 8.16496581e-01
4.08248290e-01 -4.08248290e-01 8.16496581e-01
-4.08248290e-01 4.08248290e-01 8.16496581e-01
-4.08248290e-01 4.08248290e-01 8.16496581e-01
-4.08248290e-01 4.08248290e-01 8.16496581e-01
-4.08248290e-01 4.08248290e-01 8.16496581e-01
-4.08248290e-01 4.08248290e-01 -8.16496581e-01
-4.08248290e-01 4.08248290e-01 -8.16496581e-01
-4.08248290e-01 4.08248290e-01 -8.16496581e-01
-4.08248290e-01 4.08248290e-01 -8.16496581e-01
4.08248290e-01 -4.08248290e-01 -8.16496581e-01
4.08248290e-01 -4.08248290e-01 -8.16496581e-01
4.08248290e-01 -4.08248290e-01 -8.16496581e-01
4.08248290e-01 -4.08248290e-01 -8.16496581e-01
4.08248290e-01 4.08248290e-01 -8.16496581e-01
4.08248290e-01 4.08248290e-01 -8.16496581e-01
4.08248290e-01 4.08248290e-01 -8.16496581e-01
4.08248290e-01 4.08248290e-01 -8.16496581e-01
-4.08248290e-01 -4.08248290e-01 -8.16496581e-01
-4.08248290e-01 -4.08248290e-01 -8.16496581e-01
-4.08248290e-01 -4.08248290e-01 -8.16496581e-01
-4.08248290e-01 -4.08248290e-01 -8.16496581e-01
-4.08248290e-01 -4.08248290e-01 8.16496581e-01
-4.08248290e-01 -4.08248290e-01 8.16496581e-01
-4.08248290e-01 -4.08248290e-01 8.16496581e-01
-4.08248290e-01 -4.08248290e-01 8.16496581e-01
4.08248290e-01 4.08248290e-01 8.16496581e-01
4.08248290e-01 4.08248290e-01 8.16496581e-01
4.08248290e-01 4.08248290e-01 8.16496581e-01
4.08248290e-01 4.08248290e-01 8.16496581e-01
-4.08248290e-01 -8.16496581e-01 4.08248290e-01
-4.08248290e-01 -8.16496581e-01 4.08248290e-01
-4.08248290e-01 -8.16496581e-01 4.08248290e-01
-4.08248290e-01 -8.16496581e-01 4.08248290e-01
4.08248290e-01 -8.16496581e-01 -4.08248290e-01
4.08248290e-01 -8.16496581e-01 -4.08248290e-01
4.08248290e-01 -8.16496581e-01 -4.08248290e-01
4.08248290e-01 -8.16496581e-01 -4.08248290e-01
4.08248290e-01 8.16496581e-01 -4.08248290e-01
4.08248290e-01 8.16496581e-01 -4.08248290e-01
4.08248290e-01 8.16496581e-01 -4.08248290e-01
4.08248290e-01 8.16496581e-01 -4.08248290e-01
-4.08248290e-01 8.16496581e-01 4.08248290e-01
-4.08248290e-01 8.16496581e-01 4.08248290e-01
-4.08248290e-01 8.16496581e-01 4.08248290e-01
-4.08248290e-01 8.16496581e-01 4.08248290e-01
-4.08248290e-01 8.16496581e-01 -4.08248290e-01
-4.08248290e-01 8.16496581e-01 -4.08248290e-01
-4.08248290e-01 8.16496581e-01 -4.08248290e-01
-4.08248290e-01 8.16496581e-01 -4.08248290e-01
4.08248290e-01 8.16496581e-01 4.08248290e-01
4.08248290e-01 8.16496581e-01 4.08248290e-01
4.08248290e-01 8.16496581e-01 4.08248290e-01
4.08248290e-01 8.16496581e-01 4.08248290e-01
4.08248290e-01 -8.16496581e-01 4.08248290e-01
4.08248290e-01 -8.16496581e-01 4.08248290e-01
4.08248290e-01 -8.16496581e-01 4.08248290e-01
4.08248290e-01 -8.16496581e-01 4.08248290e-01
-4.08248290e-01 -8.16496581e-01 -4.08248290e-01
-4.08248290e-01 -8.16496581e-01 -4.08248290e-01
-4.08248290e-01 -8.16496581e-01 -4.08248290e-01
-4.08248290e-01 -8.16496581e-01 -4.08248290e-01
8.16496581e-01 -4.08248290e-01 4.08248290e-01
8.16496581e-01 -4.08248290e-01 4.08248290e-01
8.16496581e-01 -4.08248290e-01 4.08248290e-01
8.16496581e-01 -4.08248290e-01 4.08248290e-01
8.16496581e-01 4.08248290e-01 -4.08248290e-01
8.16496581e-01 4.08248290e-01 -4.08248290e-01
8.16496581e-01 4.08248290e-01 -4.08248290e-01
8.16496581e-01 4.08248290e-01 -4.08248290e-01
-8.16496581e-01 4.08248290e-01 -4.08248290e-01
-8.16496581e-01 4.08248290e-01 -4.08248290e-01
-8.16496581e-01 4.08248290e-01 -4.08248290e-01
-8.16496581e-01 4.08248290e-01 -4.08248290e-01
-8.16496581e-01 -4.08248290e-01 4.08248290e-01
-8.16496581e-01 -4.08248290e-01 4.08248290e-01
-8.16496581e-01 -4.08248290e-01 4.08248290e-01
-8.16496581e-01 -4.08248290e-01 4.08248290e-01
-8.16496581e-01 -4.08248290e-01 -4.08248290e-01
-8.16496581e-01 -4.08248290e-01 -4.08248290e-01
-8.16496581e-01 -4.08248290e-01 -4.08248290e-01
-8.16496581e-01 -4.08248290e-01 -4.08248290e-01
-8.16496581e-01 4.08248290e-01 4.08248290e-01
-8.16496581e-01 4.08248290e-01 4.08248290e-01
-8.16496581e-01 4.08248290e-01 4.08248290e-01
-8.16496581e-01 4.08248290e-01 4.08248290e-01
8.16496581e-01 4.08248290e-01 4.08248290e-01
8.16496581e-01 4.08248290e-01 4.08248290e-01
8.16496581e-01 4.08248290e-01 4.08248290e-01
8.16496581e-01 4.08248290e-01 4.08248290e-01
8.16496581e-01 -4.08248290e-01 -4.08248290e-01
8.16496581e-01 -4.08248290e-01 -4.08248290e-01
8.16496581e-01 -4.08248290e-01 -4.08248290e-01
8.16496581e-01 -4.08248290e-01 -4.08248290e-01
4.08248290e-01 -4.08248290e-01 8.16496581e-01
4.08248290e-01 -4.08248290e-01 8.16496581e-01
4.08248290e-01 -4.08248290e-01 8.16496581e-01
4.08248290e-01 -4.08248290e-01 8.16496581e-01
-4.08248290e-01 4.08248290e-01 8.16496581e-01
-4.08248290e-01 4.08248290e-01 8.16496581e-01
-4.08248290e-01 4.08248290e-01 8.16496581e-01
-4.08248290e-01 4.08248290e-01 8.16496581e-01
-4.08248290e-01 4.08248290e-01 -8.16496581e-01
-4.08248290e-01 4.08248290e-01 -8.16496581e-01
-4.08248290e-01 4.08248290e-01 -8.16496581e-01
-4.08248290e-01 4.08248290e-01 -8.16496581e-01
4.08248290e-01 -4.08248290e-01 -8.16496581e-01
4.08248290e-01 -4.08248290e-01 -8.16496581e-01
4.08248290e-01 -4.08248290e-01 -8.16496581e-01
4.08248290e-01 -4.08248290e-01 -8.16496581e-01
4.08248290e-01 4.08248290e-01 -8.16496581e-01
4.08248290e-01 4.08248290e-01 -8.16496581e-01
4.08248290e-01 4.08248290e-01 -8.16496581e-01
4.08248290e-01 4.08248290e-01 -8.16496581e-01
-4.08248290e-01 -4.08248290e-01 -8.16496581e-01
-4.08248290e-01 -4.08248290e-01 -8.16496581e-01
-4.08248290e-01 -4.08248290e-01 -8.16496581e-01
-4.08248290e-01 -4.08248290e-01 -8.16496581e-01
-4.08248290e-01 -4.08248290e-01 8.16496581e-01
-4.08248290e-01 -4.08248290e-01 8.16496581e-01
-4.08248290e-01 -4.08248290e-01 8.16496581e-01
-4.08248290e-01 -4.08248290e-01 8.16496581e-01
4.08248290e-01 4.08248290e-01 8.16496581e-01
4.08248290e-01 4.08248290e-01 8.16496581e-01
4.08248290e-01 4.08248290e-01 8.16496581e-01
4.08248290e-01 4.08248290e-01 8.16496581e-01
-4.08248290e-01 -8.16496581e-01 4.08248290e-01
-4.08248290e-01 -8.16496581e-01 4.08248290e-01
-4.08248290e-01 -8.16496581e-01 4.08248290e-01
-4.08248290e-01 -8.16496581e-01 4.08248290e-01
4.08248290e-01 -8.16496581e-01 -4.08248290e-01
4.08248290e-01 -8.16496581e-01 -4.08248290e-01
4.08248290e-01 -8.16496581e-01 -4.08248290e-01
4.08248290e-01 -8.16496581e-01 -4.08248290e-01
4.08248290e-01 8.16496581e-01 -4.08248290e-01
4.08248290e-01 8.16496581e-01 -4.08248290e-01
4.08248290e-01 8.16496581e-01 -4.08248290e-01
4.08248290e-01 8.16496581e-01 -4.08248290e-01
-4.08248290e-01 8.16496581e-01 4.08248290e-01
-4.08248290e-01 8.16496581e-01 4.08248290e-01
-4.08248290e-01 8.16496581e-01 4.08248290e-01
-4.08248290e-01 8.16496581e-01 4.08248290e-01
-4.08248290e-01 8.16496581e-01 -4.08248290e-01
-4.08248290e-01 8.16496581e-01 -4.08248290e-01
-4.08248290e-01 8.16496581e-01 -4.08248290e-01
-4.08248290e-01 8.16496581e-01 -4.08248290e-01
4.08248290e-01 8.16496581e-01 4.08248290e-01
4.08248290e-01 8.16496581e-01 4.08248290e-01
4.08248290e-01 8.16496581e-01 4.08248290e-01
4.08248290e-01 8.16496581e-01 4.08248290e-01
4.08248290e-01 -8.16496581e-01 4.08248290e-01
4.08248290e-01 -8.16496581e-01 4.08248290e-01
4.08248290e-01 -8.16496581e-01 4.08248290e-01
4.08248290e-01 -8.16496581e-01 4.08248290e-01
-4.08248290e-01 -8.16496581e-01 -4.08248290e-01
-4.08248290e-01 -8.16496581e-01 -4.08248290e-01
-4.08248290e-01 -8.16496581e-01 -4.08248290e-01
-4.08248290e-01 -8.16496581e-01 -4.08248290e-01
8.16496581e-01 -4.08248290e-01 4.08248290e-01
8.16496581e-01 -4.08248290e-01 4.08248290e-01
8.16496581e-01 -4.08248290e-01 4.08248290e-01
8.16496581e-01 -4.08248290e-01 4.08248290e-01
8.16496581e-01 4.08248290e-01 -4.08248290e-01
8.16496581e-01 4.08248290e-01 -4.08248290e-01
8.16496581e-01 4.08248290e-01 -4.08248290e-01
8.16496581e-01 4.08248290e-01 -4.08248290e-01
-8.16496581e-01 4.08248290e-01 -4.08248290e-01
-8.16496581e-01 4.08248290e-01 -4.08248290e-01
-8.16496581e-01 4.08248290e-01 -4.08248290e-01
-8.16496581e-01 4.08248290e-01 -4.08248290e-01
-8.16496581e-01 -4.08248290e-01 4.08248290e-01
-8.16496581e-01 -4.08248290e-01 4.08248290e-01
-8.16496581e-01 -4.08248290e-01 4.08248290e-01
-8.16496581e-01 -4.08248290e-01 4.08248290e-01
-8.16496581e-01 -4.08248290e-01 -4.08248290e-01
-8.16496581e-01 -4.08248290e-01 -4.08248290e-01
-8.16496581e-01 -4.08248290e-01 -4.08248290e-01
-8.16496581e-01 -4.08248290e-01 -4.08248290e-01
-8.16496581e-01 4.08248290e-01 4.08248290e-01
-8.16496581e-01 4.08248290e-01 4.08248290e-01
-8.16496581e-01 4.08248290e-01 4.08248290e-01
-8.16496581e-01 4.08248290e-01 4.08248290e-01
8.16496581e-01 4.08248290e-01 4.08248290e-01
8.16496581e-01 4.08248290e-01 4.08248290e-01
8.16496581e-01 4.08248290e-01 4.08248290e-01
8.16496581e-01 4.08248290e-01 4.08248290e-01
8.16496581e-01 -4.08248290e-01 -4.08248290e-01
8.16496581e-01 -4.08248290e-01 -4.08248290e-01
8.16496581e-01 -4.08248290e-01 -4.08248290e-01
8.16496581e-01 -4.08248290e-01 -4.08248290e-01
4.08248290e-01 -4.08248290e-01 8.16496581e-01
4.08248290e-01 -4.08248290e-01 8.16496581e-01
4.08248290e-01 -4.08248290e-01 8.16496581e-01
4.08248290e-01 -4.08248290e-01 8.16496581e-01
-4.08248290e-01 4.08248290e-01 8.16496581e-01
-4.08248290e-01 4.08248290e-01 8.16496581e-01
-4.08248290e-01 4.08248290e-01 8.16496581e-01
-4.08248290e-01 4.08248290e-01 8.16496581e-01
-4.08248290e-01 4.08248290e-01 -8.16496581e-01
-4.08248290e-01 4.08248290e-01 -8.16496581e-01
-4.08248290e-01 4.08248290e-01 -8.16496581e-01
-4.08248290e-01 4.08248290e-01 -8.16496581e-01
4.08248290e-01 -4.08248290e-01 -8.16496581e-01
4.08248290e-01 -4.08248290e-01 -8.16496581e-01
4.08248290e-01 -4.08248290e-01 -8.16496581e-01
4.08248290e-01 -4.08248290e-01 -8.16496581e-01
4.08248290e-01 4.08248290e-01 -8.16496581e-01
4.08248290e-01 4.08248290e-01 -8.16496581e-01
4.08248290e-01 4.08248290e-01 -8.16496581e-01
4.08248290e-01 4.08248290e-01 -8.16496581e-01
-4.08248290e-01 -4.08248290e-01 -8.16496581e-01
-4.08248290e-01 -4.08248290e-01 -8.16496581e-01
-4.08248290e-01 -4.08248290e-01 -8.16496581e-01
-4.08248290e-01 -4.08248290e-01 -8.16496581e-01
-4.08248290e-01 -4.08248290e-01 8.16496581e-01
-4.08248290e-01 -4.08248290e-01 8.16496581e-01
-4.08248290e-01 -4.08248290e-01 8.16496581e-01
-4.08248290e-01 -4.08248290e-01 8.16496581e-01
4.08248290e-01 4.08248290e-01 8.16496581e-01
4.08248290e-01 4.08248290e-01 8.16496581e-01
4.08248290e-01 4.08248290e-01 8.16496581e-01
4.08248290e-01 4.08248290e-01 8.16496581e-01
-4.08248290e-01 -8.16496581e-01 4.08248290e-01
-4.08248290e-01 -8.16496581e-01 4.08248290e-01
-4.08248290e-01 -8.16496581e-01 4.08248290e-01
-4.08248290e-01 -8.16496581e-01 4.08248290e-01
4.08248290e-01 -8.16496581e-01 -4.08248290e-01
4.08248290e-01 -8.16496581e-01 -4.08248290e-01
4.08248290e-01 -8.16496581e-01 -4.08248290e-01
4.08248290e-01 -8.16496581e-01 -4.08248290e-01
4.08248290e-01 8.16496581e-01 -4.08248290e-01
4.08248290e-01 8.16496581e-01 -4.08248290e-01
4.08248290e-01 8.16496581e-01 -4.08248290e-01
4.08248290e-01 8.16496581e-01 -4.08248290e-01
-4.08248290e-01 8.16496581e-01 4.08248290e-01
-4.08248290e-01 8.16496581e-01 4.08248290e-01
-4.08248290e-01 8.16496581e-01 4.08248290e-01
-4.08248290e-01 8.16496581e-01 4.08248290e-01
-4.08248290e-01 8.16496581e-01 -4.08248290e-01
-4.08248290e-01 8.16496581e-01 -4.08248290e-01
-4.08248290e-01 8.16496581e-01 -4.08248290e-01
-4.08248290e-01 8.16496581e-01 -4.08248290e-01
4.08248290e-01 8.16496581e-01 4.08248290e-01
4.08248290e-01 8.16496581e-01 4.08248290e-01
4.08248290e-01 8.16496581e-01 4.08248290e-01
4.08248290e-01 8.16496581e-01 4.08248290e-01
4.08248290e-01 -8.16496581e-01 4.08248290e-01
4.08248290e-01 -8.16496581e-01 4.08248290e-01
4.08248290e-01 -8.16496581e-01 4.08248290e-01
4.08248290e-01 -8.16496581e-01 4.08248290e-01
-4.08248290e-01 -8.16496581e-01 -4.08248290e-01
-4.08248290e-01 -8.16496581e-01 -4.08248290e-01
-4.08248290e-01 -8.16496581e-01 -4.08248290e-01
-4.08248290e-01 -8.16496581e-01 -4.08248290e-01
8.16496581e-01 -4.08248290e-01 4.08248290e-01
8.16496581e-01 -4.08248290e-01 4.08248290e-01
8.16496581e-01 -4.08248290e-01 4.08248290e-01
8.16496581e-01 -4.08248290e-01 4.08248290e-01
8.16496581e-01 4.08248290e-01 -4.08248290e-01
8.16496581e-01 4.08248290e-01 -4.08248290e-01
8.16496581e-01 4.08248290e-01 -4.08248290e-01
8.16496581e-01 4.08248290e-01 -4.08248290e-01
-8.16496581e-01 4.08248290e-01 -4.08248290e-01
-8.16496581e-01 4.08248290e-01 -4.08248290e-01
-8.16496581e-01 4.08248290e-01 -4.08248290e-01
-8.16496581e-01 4.08248290e-01 -4.08248290e-01
-8.16496581e-01 -4.08248290e-01 4.08248290e-01
-8.16496581e-01 -4.08248290e-01 4.08248290e-01
-8.16496581e-01 -4.08248290e-01 4.08248290e-01
-8.16496581e-01 -4.08248290e-01 4.08248290e-01
-8.16496581e-01 -4.08248290e-01 -4.08248290e-01
-8.16496581e-01 -4.08248290e-01 -4.08248290e-01
-8.16496581e-01 -4.08248290e-01 -4.08248290e-01
-8.16496581e-01 -4.08248290e-01 -4.08248290e-01
-8.16496581e-01 4.08248290e-01 4.08248290e-01
-8.16496581e-01 4.08248290e-01 4.08248290e-01
-8.16496581e-01 4.08248290e-01 4.08248290e-01
-8.16496581e-01 4.08248290e-01 4.08248290e-01
8.16496581e-01 4.08248290e-01 4.08248290e-01
8.16496581e-01 4.08248290e-01 4.08248290e-01
8.16496581e-01 4.08248290e-01 4.08248290e-01
8.16496581e-01 4.08248290e-01 4.08248290e-01
8.16496581e-01 -4.08248290e-01 -4.08248290e-01
8.16496581e-01 -4.08248290e-01 -4.08248290e-01
8.16496581e-01 -4.08248290e-01 -4.08248290e-01
8.16496581e-01 -4.08248290e-01 -4.08248290e-01
4.08248290e-01 -4.08248290e-01 8.16496581e-01
4.08248290e-01 -4.08248290e-01 8.16496581e-01
4.08248290e-01 -4.08248290e-01 8.16496581e-01
4.08248290e-01 -4.08248290e-01 8.16496581e-01
-4.08248290e-01 4.08248290e-01 8.16496581e-01
-4.08248290e-01 4.08248290e-01 8.16496581e-01
-4.08248290e-01 4.08248290e-01 8.16496581e-01
-4.08248290e-01 4.08248290e-01 8.16496581e-01
-4.08248290e-01 4.08248290e-01 -8.16496581e-01
-4.08248290e-01 4.08248290e-01 -8.16496581e-01
-4.08248290e-01 4.08248290e-01 -8.16496581e-01
-4.08248290e-01 4.08248290e-01 -8.16496581e-01
4.08248290e-01 -4.08248290e-01 -8.16496581e-01
4.08248290e-01 -4.08248290e-01 -8.16496581e-01
4.08248290e-01 -4.08248290e-01 -8.16496581e-01
4.08248290e-01 -4.08248290e-01 -8.16496581e-01
4.08248290e-01 4.08248290e-01 -8.16496581e-01
4.08248290e-01 4.08248290e-01 -8.16496581e-01
4.08248290e-01 4.08248290e-01 -8.16496581e-01
4.08248290e-01 4.08248290e-01 -8.16496581e-01
-4.08248290e-01 -4.08248290e-01 -8.16496581e-01
-4.08248290e-01 -4.08248290e-01 -8.16496581e-01
-4.08248290e-01 -4.08248290e-01 -8.16496581e-01
-4.08248290e-01 -4.08248290e-01 -8.16496581e-01
-4.08248290e-01 -4.08248290e-01 8.16496581e-01
-4.08248290e-01 -4.08248290e-01 8.16496581e-01
-4.08248290e-01 -4.08248290e-01 8.16496581e-01
-4.08248290e-01 -4.08248290e-01 8.16496581e-01
4.08248290e-01 4.08248290e-01 8.16496581e-01
4.08248290e-01 4.08248290e-01 8.16496581e-01
4.08248290e-01 4.08248290e-01 8.16496581e-01
4.08248290e-01 4.08248290e-01 8.16496581e-01
-4.08248290e-01 -8.16496581e-01 4.08248290e-01
-4.08248290e-01 -8.16496581e-01 4.08248290e-01
-4.08248290e-01 -8.16496581e-01 4.08248290e-01
-4.08248290e-01 -8.16496581e-01 4.08248290e-01
4.08248290e-01 -8.16496581e-01 -4.08248290e-01
4.08248290e-01 -8.16496581e-01 -4.08248290e-01
4.08248290e-01 -8.16496581e-01 -4.08248290e-01
4.08248290e-01 -8.16496581e-01 -4.08248290e-01
4.08248290e-01 8.16496581e-01 -4.08248290e-01
4.08248290e-01 8.16496581e-01 -4.08248290e-01
4.08248290e-01 8.16496581e-01 -4.08248290e-01
4.08248290e-01 8.16496581e-01 -4.08248290e-01
-4.08248290e-01 8.16496581e-01 4.08248290e-01
-4.08248290e-01 8.16496581e-01 4.08248290e-01
-4.08248290e-01 8.16496581e-01 4.08248290e-01
-4.08248290e-01 8.16496581e-01 4.08248290e-01
-4.08248290e-01 8.16496581e-01 -4.08248290e-01
-4.08248290e-01 8.16496581e-01 -4.08248290e-01
-4.08248290e-01 8.16496581e-01 -4.08248290e-01
-4.08248290e-01 8.16496581e-01 -4.08248290e-01
4.08248290e-01 8.16496581e-01 4.08248290e-01
4.08248290e-01 8.16496581e-01 4.08248290e-01
4.08248290e-01 8.16496581e-01 4.08248290e-01
4.08248290e-01 8.16496581e-01 4.08248290e-01
4.08248290e-01 -8.16496581e-01 4.08248290e-01
4.08248290e-01 -8.16496581e-01 4.08248290e-01
4.08248290e-01 -8.16496581e-01 4.08248290e-01
4.08248290e-01 -8.16496581e-01 4.08248290e-01
-4.08248290e-01 -8.16496581e-01 -4.08248290e-01
-4.08248290e-01 -8.16496581e-01 -4.08248290e-01
-4.08248290e-01 -8.16496581e-01 -4.08248290e-01
-4.08248290e-01 -8.16496581e-01 -4.08248290e-01
8.16496581e-01 -4.08248290e-01 4.08248290e-01
8.16496581e-01 -4.08248290e-01 4.08248290e-01
8.16496581e-01 -4.08248290e-01 4.08248290e-01
8.16496581e-01 -4.08248290e-01 4.08248290e-01
8.16496581e-01 4.08248290e-01 -4.08248290e-01
8.16496581e-01 4.08248290e-01 -4.08248290e-01
8.16496581e-01 4.08248290e-01 -4.08248290e-01
8.16496581e-01 4.08248290e-01 -4.08248290e-01
-8.16496581e-01 4.08248290e-01 -4.08248290e-01
-8.16496581e-01 4.08248290e-01 -4.08248290e-01
-8.16496581e-01 4.08248290e-01 -4.08248290e-01
-8.16496581e-01 4.08248290e-01 -4.08248290e-01
-8.16496581e-01 -4.08248290e-01 4.08248290e-01
-8.16496581e-01 -4.08248290e-01 4.08248290e-01
-8.16496581e-01 -4.08248290e-01 4.08248290e-01
-8.16496581e-01 -4.08248290e-01 4.08248290e-01
-8.16496581e-01 -4.08248290e-01 -4.08248290e-01
-8.16496581e-01 -4.08248290e-01 -4.08248290e-01
-8.16496581e-01 -4.08248290e-01 -4.08248290e-01
-8.16496581e-01 -4.08248290e-01 -4.08248290e-01
-8.16496581e-01 4.08248290e-01 4.08248290e-01
-8.16496581e-01 4.08248290e-01 4.08248290e-01
-8.16496581e-01 4.08248290e-01 4.08248290e-01
-8.16496581e-01 4.08248290e-01 4.08248290e-01
8.16496581e-01 4.08248290e-01 4.08248290e-01
8.16496581e-01 4.08248290e-01 4.08248290e-01
8.16496581e-01 4.08248290e-01 4.08248290e-01
8.16496581e-01 4.08248290e-01 4.08248290e-01
8.16496581e-01 -4.08248290e-01 -4.08248290e-01
8.16496581e-01 -4.08248290e-01 -4.08248290e-01
8.16496581e-01 -4.08248290e-01 -4.08248290e-01
8.16496581e-01 -4.08248290e-01 -4.08248290e-01
4.08248290e-01 -4.08248290e-01 8.16496581e-01
4.08248290e-01 -4.08248290e-01 8.16496581e-01
4.08248290e-01 -4.08248290e-01 8.16496581e-01
4.08248290e-01 -4.08248290e-01 8.16496581e-01
-4.08248290e-01 4.08248290e-01 8.16496581e-01
-4.08248290e-01 4.08248290e-01 8.16496581e-01
-4.08248290e-01 4.08248290e-01 8.16496581e-01
-4.08248290e-01 4.08248290e-01 8.16496581e-01
-4.08248290e-01 4.08248290e-01 -8.16496581e-01
-4.08248290e-01 4.08248290e-01 -8.16496581e-01
-4.08248290e-01 4.08248290e-01 -8.16496581e-01
-4.08248290e-01 4.08248290e-01 -8.16496581e-01
4.08248290e-01 -4.08248290e-01 -8.16496581e-01
4.08248290e-01 -4.08248290e-01 -8.16496581e-01
4.08248290e-01 -4.08248290e-01 -8.16496581e-01
4.08248290e-01 -4.08248290e-01 -8.16496581e-01
4.08248290e-01 4.08248290e-01 -8.16496581e-01
4.08248290e-01 4.08248290e-01 -8.16496581e-01
4.08248290e-01 4.08248290e-01 -8.16496581e-01
4.08248290e-01 4.08248290e-01 -8.16496581e-01
-4.08248290e-01 -4.08248290e-01 -8.16496581e-01
-4.08248290e-01 -4.08248290e-01 -8.16496581e-01
-4.08248290e-01 -4.08248290e-01 -8.16496581e-01
-4.08248290e-01 -4.08248290e-01 -8.16496581e-01
-4.08248290e-01 -4.08248290e-01 8.16496581e-01
-4.08248290e-01 -4.08248290e-01 8.16496581e-01
-4.08248290e-01 -4.08248290e-01 8.16496581e-01
-4.08248290e-01 -4.08248290e-01 8.16496581e-01
4.08248290e-01 4.08248290e-01 8.16496581e-01
4.08248290e-01 4.08248290e-01 8.16496581e-01
4.08248290e-01 4.08248290e-01 8.16496581e-01
4.08248290e-01 4.08248290e-01 8.16496581e-01
-4.08248290e-01 -8.16496581e-01 4.08248290e-01
-4.08248290e-01 -8.16496581e-01 4.08248290e-01
-4.08248290e-01 -8.16496581e-01 4.08248290e-01
-4.08248290e-01 -8.16496581e-01 4.08248290e-01
4.08248290e-01 -8.16496581e-01 -4.08248290e-01
4.08248290e-01 -8.16496581e-01 -4.08248290e-01
4.08248290e-01 -8.16496581e-01 -4.08248290e-01
4.08248290e-01 -8.16496581e-01 -4.08248290e-01
4.08248290e-01 8.16496581e-01 -4.08248290e-01
4.08248290e-01 8.16496581e-01 -4.08248290e-01
4.08248290e-01 8.16496581e-01 -4.08248290e-01
4.08248290e-01 8.16496581e-01 -4.08248290e-01
-4.08248290e-01 8.16496581e-01 4.08248290e-01
-4.08248290e-01 8.16496581e-01 4.08248290e-01
-4.08248290e-01 8.16496581e-01 4.08248290e-01
-4.08248290e-01 8.16496581e-01 4.08248290e-01
-4.08248290e-01 8.16496581e-01 -4.08248290e-01
-4.08248290e-01 8.16496581e-01 -4.08248290e-01
-4.08248290e-01 8.16496581e-01 -4.08248290e-01
-4.08248290e-01 8.16496581e-01 -4.08248290e-01
4.08248290e-01 8.16496581e-01 4.08248290e-01
4.08248290e-01 8.16496581e-01 4.08248290e-01
4.08248290e-01 8.16496581e-01 4.08248290e-01
4.08248290e-01 8.16496581e-01 4.08248290e-01
4.08248290e-01 -8.16496581e-01 4.08248290e-01
4.08248290e-01 -8.16496581e-01 4.08248290e-01
4.08248290e-01 -8.16496581e-01 4.08248290e-01
4.08248290e-01 -8.16496581e-01 4.08248290e-01
-4.08248290e-01 -8.16496581e-01 -4.08248290e-01
-4.08248290e-01 -8.16496581e-01 -4.08248290e-01
-4.08248290e-01 -8.16496581e-01 -4.08248290e-01
-4.08248290e-01 -8.16496581e-01 -4.08248290e-01
8.16496581e-01 -4.08248290e-01 4.08248290e-01
8.16496581e-01 -4.08248290e-01 4.08248290e-01
8.16496581e-01 -4.08248290e-01 4.08248290e-01
8.16496581e-01 -4.08248290e-01 4.08248290e-01
8.16496581e-01 4.08248290e-01 -4.08248290e-01
8.16496581e-01 4.08248290e-01 -4.08248290e-01
8.16496581e-01 4.08248290e-01 -4.08248290e-01
8.16496581e-01 4.08248290e-01 -4.08248290e-01
-8.16496581e-01 4.08248290e-01 -4.08248290e-01
-8.16496581e-01 4.08248290e-01 -4.08248290e-01
-8.16496581e-01 4.08248290e-01 -4.08248290e-01
-8.16496581e-01 4.08248290e-01 -4.08248290e-01
-8.16496581e-01 -4.08248290e-01 4.08248290e-01
-8.16496581e-01 -4.08248290e-01 4.08248290e-01
-8.16496581e-01 -4.08248290e-01 4.08248290e-01
-8.16496581e-01 -4.08248290e-01 4.08248290e-01
-8.16496581e-01 -4.08248290e-01 -4.08248290e-01
-8.16496581e-01 -4.08248290e-01 -4.08248290e-01
-8.16496581e-01 -4.08248290e-01 -4.08248290e-01
-8.16496581e-01 -4.08248290e-01 -4.08248290e-01
-8.16496581e-01 4.08248290e-01 4.08248290e-01
-8.16496581e-01 4.08248290e-01 4.08248290e-01
-8.16496581e-01 4.08248290e-01 4.08248290e-01
-8.16496581e-01 4.08248290e-01 4.08248290e-01
8.16496581e-01 4.08248290e-01 4.08248290e-01
8.16496581e-01 4.08248290e-01 4.08248290e-01
8.16496581e-01 4.08248290e-01 4.08248290e-01
8.16496581e-01 4.08248290e-01 4.08248290e-01
8.16496581e-01 -4.08248290e-01 -4.08248290e-01
8.16496581e-01 -4.08248290e-01 -4.08248290e-01
8.16496581e-01 -4.08248290e-01 -4.08248290e-01
8.16496581e-01 -4.08248290e-01 -4.08248290e-01
4.08248290e-01 -4.08248290e-01 8.16496581e-01
4.08248290e-01 -4.08248290e-01 8.16496581e-01
4.08248290e-01 -4.08248290e-01 8.16496581e-01
4.08248290e-01 -4.08248290e-01 8.16496581e-01
-4.08248290e-01 4.08248290e-01 8.16496581e-01
-4.08248290e-01 4.08248290e-01 8.16496581e-01
-4.08248290e-01 4.08248290e-01 8.16496581e-01
-4.08248290e-01 4.08248290e-01 8.16496581e-01
-4.08248290e-01 4.08248290e-01 -8.16496581e-01
-4.08248290e-01 4.08248290e-01 -8.16496581e-01
-4.08248290e-01 4.08248290e-01 -8.16496581e-01
-4.08248290e-01 4.08248290e-01 -8.16496581e-01
4.08248290e-01 -4.08248290e-01 -8.16496581e-01
4.08248290e-01 -4.08248290e-01 -8.16496581e-01
4.08248290e-01 -4.08248290e-01 -8.16496581e-01
4.08248290e-01 -4.08248290e-01 -8.16496581e-01
4.08248290e-01 4.08248290e-01 -8.16496581e-01
4.08248290e-01 4.08248290e-01 -8.16496581e-01
4.08248290e-01 4.08248290e-01 -8.16496581e-01
4.08248290e-01 4.08248290e-01 -8.16496581e-01
-4.08248290e-01 -4.08248290e-01 -8.16496581e-01
-4.08248290e-01 -4.08248290e-01 -8.16496581e-01
-4.08248290e-01 -4.08248290e-01 -8.16496581e-01
-4.08248290e-01 -4.08248290e-01 -8.16496581e-01
-4.08248290e-01 -4.08248290e-01 8.16496581e-01
-4.08248290e-01 -4.08248290e-01 8.16496581e-01
-4.08248290e-01 -4.08248290e-01 8.16496581e-01
-4.08248290e-01 -4.08248290e-01 8.16496581e-01
4.08248290e-01 4.08248290e-01 8.16496581e-01
4.08248290e-01 4.08248290e-01 8.16496581e-01
4.08248290e-01 4.08248290e-01 8.16496581e-01
4.08248290e-01 4.08248290e-01 8.16496581e-01
-4.08248290e-01 -8.16496581e-01 4.08248290e-01
-4.08248290e-01 -8.16496581e-01 4.08248290e-01
-4.08248290e-01 -8.16496581e-01 4.08248290e-01
-4.08248290e-01 -8.16496581e-01 4.08248290e-01
4.08248290e-01 -8.16496581e-01 -4.08248290e-01
4.08248290e-01 -8.16496581e-01 -4.08248290e-01
4.08248290e-01 -8.16496581e-01 -4.08248290e-01
4.08248290e-01 -8.16496581e-01 -4.08248290e-01
4.08248290e-01 8.16496581e-01 -4.08248290e-01
4.08248290e-01 8.16496581e-01 -4.08248290e-01
4.08248290e-01 8.16496581e-01 -4.08248290e-01
4.08248290e-01 8.16496581e-01 -4.08248290e-01
-4.08248290e-01 8.16496581e-01 4.08248290e-01
-4.08248290e-01 8.16496581e-01 4.08248290e-01
-4.08248290e-01 8.16496581e-01 4.08248290e-01
-4.08248290e-01 8.16496581e-01 4.08248290e-01
-4.08248290e-01 8.16496581e-01 -4.08248290e-01
-4.08248290e-01 8.16496581e-01 -4.08248290e-01
-4.08248290e-01 8.16496581e-01 -4.08248290e-01
-4.08248290e-01 8.16496581e-01 -4.08248290e-01
4.08248290e-01 8.16496581e-01 4.08248290e-01
4.08248290e-01 8.16496581e-01 4.08248290e-01
4.08248290e-01 8.16496581e-01 4.08248290e-01
4.08248290e-01 8.16496581e-01 4.08248290e-01
4.08248290e-01 -8.16496581e-01 4.08248290e-01
4.08248290e-01 -8.16496581e-01 4.08248290e-01
4.08248290e-01 -8.16496581e-01 4.08248290e-01
4.08248290e-01 -8.16496581e-01 4.08248290e-01
-4.08248290e-01 -8.16496581e-01 -4.08248290e-01
-4.08248290e-01 -8.16496581e-01 -4.08248290e-01
-4.08248290e-01 -8.16496581e-01 -4.08248290e-01
-4.08248290e-01 -8.16496581e-01 -4.08248290e-01
8.16496581e-01 -4.08248290e-01 4.08248290e-01
8.16496581e-01 -4.08248290e-01 4.08248290e-01
8.16496581e-01 -4.08248290e-01 4.08248290e-01
8.16496581e-01 -4.08248290e-01 4.08248290e-01
8.16496581e-01 4.08248290e-01 -4.08248290e-01
8.16496581e-01 4.08248290e-01 -4.08248290e-01
8.16496581e-01 4.08248290e-01 -4.08248290e-01
8.16496581e-01 4.08248290e-01 -4.08248290e-01
-8.16496581e-01 4.08248290e-01 -4.08248290e-01
-8.16496581e-01 4.08248290e-01 -4.08248290e-01
-8.16496581e-01 4.08248290e-01 -4.08248290e-01
-8.16496581e-01 4.08248290e-01 -4.08248290e-01
-8.16496581e-01 -4.08248290e-01 4.08248290e-01
-8.16496581e-01 -4.08248290e-01 4.08248290e-01
-8.16496581e-01 -4.08248290e-01 4.08248290e-01
-8.16496581e-01 -4.08248290e-01 4.08248290e-01
-8.16496581e-01 -4.08248290e-01 -4.08248290e-01
-8.16496581e-01 -4.08248290e-01 -4.08248290e-01
-8.16496581e-01 -4.08248290e-01 -4.08248290e-01
-8.16496581e-01 -4.08248290e-01 -4.08248290e-01
-8.16496581e-01 4.08248290e-01 4.08248290e-01
-8.16496581e-01 4.08248290e-01 4.08248290e-01
-8.16496581e-01 4.08248290e-01 4.08248290e-01
-8.16496581e-01 4.08248290e-01 4.08248290e-01
8.16496581e-01 4.08248290e-01 4.08248290e-01
8.16496581e-01 4.08248290e-01 4.08248290e-01
8.16496581e-01 4.08248290e-01 4.08248290e-01
8.16496581e-01 4.08248290e-01 4.08248290e-01
8.16496581e-01 -4.08248290e-01 -4.08248290e-01
8.16496581e-01 -4.08248290e-01 -4.08248290e-01
8.16496581e-01 -4.08248290e-01 -4.08248290e-01
8.16496581e-01 -4.08248290e-01 -4.08248290e-01
4.08248290e-01 -4.08248290e-01 8.16496581e-01
4.08248290e-01 -4.08248290e-01 8.16496581e-01
4.08248290e-01 -4.08248290e-01 8.16496581e-01
4.08248290e-01 -4.08248290e-01 8.16496581e-01
-4.08248290e-01 4.08248290e-01 8.16496581e-01
-4.08248290e-01 4.08248290e-01 8.16496581e-01
-4.08248290e-01 4.08248290e-01 8.16496581e-01
-4.08248290e-01 4.08248290e-01 8.16496581e-01
-4.08248290e-01 4.08248290e-01 -8.16496581e-01
-4.08248290e-01 4.08248290e-01 -8.16496581e-01
-4.08248290e-01 4.08248290e-01 -8.16496581e-01
-4.08248290e-01 4.08248290e-01 -8.16496581e-01
4.08248290e-01 -4.08248290e-01 -8.16496581e-01
4.08248290e-01 -4.08248290e-01 -8.16496581e-01
4.08248290e-01 -4.08248290e-01 -8.16496581e-01
4.08248290e-01 -4.08248290e-01 -8.16496581e-01
4.08248290e-01 4.08248290e-01 -8.16496581e-01
4.08248290e-01 4.08248290e-01 -8.16496581e-01
4.08248290e-01 4.08248290e-01 -8.16496581e-01
4.08248290e-01 4.08248290e-01 -8.16496581e-01
-4.08248290e-01 -4.08248290e-01 -8.16496581e-01
-4.08248290e-01 -4.08248290e-01 -8.16496581e-01
-4.08248290e-01 -4.08248290e-01 -8.16496581e-01
-4.08248290e-01 -4.08248290e-01 -8.16496581e-01
-4.08248290e-01 -4.08248290e-01 8.16496581e-01
-4.08248290e-01 -4.08248290e-01 8.16496581e-01
-4.08248290e-01 -4.08248290e-01 8.16496581e-01
-4.08248290e-01 -4.08248290e-01 8.16496581e-01
4.08248290e-01 4.08248290e-01 8.16496581e-01
4.08248290e-01 4.08248290e-01 8.16496581e-01
4.08248290e-01 4.08248290e-01 8.16496581e-01
4.08248290e-01 4.08248290e-01 8.16496581e-01
-4.08248290e-01 -8.16496581e-01 4.08248290e-01
-4.08248290e-01 -8.16496581e-01 4.08248290e-01
-4.08248290e-01 -8.16496581e-01 4.08248290e-01
-4.08248290e-01 -8.16496581e-01 4.08248290e-01
4.08248290e-01 -8.16496581e-01 -4.08248290e-01
4.08248290e-01 -8.16496581e-01 -4.08248290e-01
4.08248290e-01 -8.16496581e-01 -4.08248290e-01
4.08248290e-01 -8.16496581e-01 -4.08248290e-01
4.08248290e-01 8.16496581e-01 -4.08248290e-01
4.08248290e-01 8.16496581e-01 -4.08248290e-01
4.08248290e-01 8.16496581e-01 -4.08248290e-01
4.08248290e-01 8.16496581e-01 -4.08248290e-01
-4.08248290e-01 8.16496581e-01 4.08248290e-01
-4.08248290e-01 8.16496581e-01 4.08248290e-01
-4.08248290e-01 8.16496581e-01 4.08248290e-01
-4.08248290e-01 8.16496581e-01 4.08248290e-01
-4.08248290e-01 8.16496581e-01 -4.08248290e-01
-4.08248290e-01 8.16496581e-01 -4.08248290e-01
-4.08248290e-01 8.16496581e-01 -4.08248290e-01
-4.08248290e-01 8.16496581e-01 -4.08248290e-01
4.08248290e-01 8.16496581e-01 4.08248290e-01
4.08248290e-01 8.16496581e-01 4.08248290e-01
4.08248290e-01 8.16496581e-01 4.08248290e-01
4.08248290e-01 8.16496581e-01 4.08248290e-01
4.08248290e-01 -8.16496581e-01 4.08248290e-01
4.08248290e-01 -8.16496581e-01 4.08248290e-01
4.08248290e-01 -8.16496581e-01 4.08248290e-01
4.08248290e-01 -8.16496581e-01 4.08248290e-01
-4.08248290e-01 -8.16496581e-01 -4.08248290e-01
-4.08248290e-01 -8.16496581e-01 -4.08248290e-01
-4.08248290e-01 -8.16496581e-01 -4.08248290e-01
-4.08248290e-01 -8.16496581e-01 -4.08248290e-01
8.16496581e-01 -4.08248290e-01 4.08248290e-01
8.16496581e-01 -4.08248290e-01 4.08248290e-01
8.16496581e-01 -4.08248290e-01 4.08248290e-01
8.16496581e-01 -4.08248290e-01 4.08248290e-01
8.16496581e-01 4.08248290e-01 -4.08248290e-01
8.16496581e-01 4.08248290e-01 -4.08248290e-01
8.16496581e-01 4.08248290e-01 -4.08248290e-01
8.16496581e-01 4.08248290e-01 -4.08248290e-01
-8.16496581e-01 4.08248290e-01 -4.08248290e-01
-8.16496581e-01 4.08248290e-01 -4.08248290e-01
-8.16496581e-01 4.08248290e-01 -4.08248290e-01
-8.16496581e-01 4.08248290e-01 -4.08248290e-01
-8.16496581e-01 -4.08248290e-01 4.08248290e-01
-8.16496581e-01 -4.08248290e-01 4.08248290e-01
-8.16496581e-01 -4.08248290e-01 4.08248290e-01
-8.16496581e-01 -4.08248290e-01 4.08248290e-01
-8.16496581e-01 -4.08248290e-01 -4.08248290e-01
-8.16496581e-01 -4.08248290e-01 -4.08248290e-01
-8.16496581e-01 -4.08248290e-01 -4.08248290e-01
-8.16496581e-01 -4.08248290e-01 -4.08248290e-01
-8.16496581e-01 4.08248290e-01 4.08248290e-01
-8.16496581e-01 4.08248290e-01 4.08248290e-01
-8.16496581e-01 4.08248290e-01 4.08248290e-01
-8.16496581e-01 4.08248290e-01 4.08248290e-01
8.16496581e-01 4.08248290e-01 4.08248290e-01
8.16496581e-01 4.08248290e-01 4.08248290e-01
8.16496581e-01 4.08248290e-01 4.08248290e-01
8.16496581e-01 4.08248290e-01 4.08248290e-01
8.16496581e-01 -4.08248290e-01 -4.08248290e-01
8.16496581e-01 -4.08248290e-01 -4.08248290e-01
8.16496581e-01 -4.08248290e-01 -4.08248290e-01
8.16496581e-01 -4.08248290e-01 -4.08248290e-01
4.08248290e-01 -4.08248290e-01 8.16496581e-01
4.08248290e-01 -4.08248290e-01 8.16496581e-01
4.08248290e-01 -4.08248290e-01 8.16496581e-01
4.08248290e-01 -4.08248290e-01 8.16496581e-01
-4.08248290e-01 4.08248290e-01 8.16496581e-01
-4.08248290e-01 4.08248290e-01 8.16496581e-01
-4.08248290e-01 4.08248290e-01 8.16496581e-01
-4.08248290e-01 4.08248290e-01 8.16496581e-01
-4.08248290e-01 4.08248290e-01 -8.16496581e-01
-4.08248290e-01 4.08248290e-01 -8.16496581e-01
-4.08248290e-01 4.08248290e-01 -8.16496581e-01
-4.08248290e-01 4.08248290e-01 -8.16496581e-01
4.08248290e-01 -4.08248290e-01 -8.16496581e-01
4.08248290e-01 -4.08248290e-01 -8.16496581e-01
4.08248290e-01 -4.08248290e-01 -8.16496581e-01
4.08248290e-01 -4.08248290e-01 -8.16496581e-01
4.08248290e-01 4.08248290e-01 -8.16496581e-01
4.08248290e-01 4.08248290e-01 -8.16496581e-01
4.08248290e-01 4.08248290e-01 -8.16496581e-01
4.08248290e-01 4.08248290e-01 -8.16496581e-01
-4.08248290e-01 -4.08248290e-01 -8.16496581e-01
-4.08248290e-01 -4.08248290e-01 -8.16496581e-01
-4.08248290e-01 -4.08248290e-01 -8.16496581e-01
-4.08248290e-01 -4.08248290e-01 -8.16496581e-01
-4.08248290e-01 -4.08248290e-01 8.16496581e-01
-4.08248290e-01 -4.08248290e-01 8.16496581e-01
-4.08248290e-01 -4.08248290e-01 8.16496581e-01
-4.08248290e-01 -4.08248290e-01 8.16496581e-01
4.08248290e-01 4.08248290e-01 8.16496581e-01
4.08248290e-01 4.08248290e-01 8.16496581e-01
4.08248290e-01 4.08248290e-01 8.16496581e-01
4.08248290e-01 4.08248290e-01 8.16496581e-01
-4.08248290e-01 -8.16496581e-01 4.08248290e-01
-4.08248290e-01 -8.16496581e-01 4.08248290e-01
-4.08248290e-01 -8.16496581e-01 4.08248290e-01
-4.08248290e-01 -8.16496581e-01 4.08248290e-01
4.08248290e-01 -8.16496581e-01 -4.08248290e-01
4.08248290e-01 -8.16496581e-01 -4.08248290e-01
4.08248290e-01 -8.16496581e-01 -4.08248290e-01
4.08248290e-01 -8.16496581e-01 -4.08248290e-01
4.08248290e-01 8.16496581e-01 -4.08248290e-01
4.08248290e-01 8.16496581e-01 -4.08248290e-01
4.08248290e-01 8.16496581e-01 -4.08248290e-01
4.08248290e-01 8.16496581e-01 -4.08248290e-01
-4.08248290e-01 8.16496581e-01 4.08248290e-01
-4.08248290e-01 8.16496581e-01 4.08248290e-01
-4.08248290e-01 8.16496581e-01 4.08248290e-01
-4.08248290e-01 8.16496581e-01 4.08248290e-01
-4.08248290e-01 8.16496581e-01 -4.08248290e-01
-4.08248290e-01 8.16496581e-01 -4.08248290e-01
-4.08248290e-01 8.16496581e-01 -4.08248290e-01
-4.08248290e-01 8.16496581e-01 -4.08248290e-01
4.08248290e-01 8.16496581e-01 4.08248290e-01
4.08248290e-01 8.16496581e-01 4.08248290e-01
4.08248290e-01 8.16496581e-01 4.08248290e-01
4.08248290e-01 8.16496581e-01 4.08248290e-01
4.08248290e-01 -8.16496581e-01 4.08248290e-01
4.08248290e-01 -8.16496581e-01 4.08248290e-01
4.08248290e-01 -8.16496581e-01 4.08248290e-01
4.08248290e-01 -8.16496581e-01 4.08248290e-01
-4.08248290e-01 -8.16496581e-01 -4.08248290e-01
-4.08248290e-01 -8.16496581e-01 -4.08248290e-01
-4.08248290e-01 -8.16496581e-01 -4.08248290e-01
-4.08248290e-01 -8.16496581e-01 -4.08248290e-01
8.16496581e-01 -4.08248290e-01 4.08248290e-01
8.16496581e-01 -4.08248290e-01 4.08248290e-01
8.16496581e-01 -4.08248290e-01 4.08248290e-01
8.16496581e-01 -4.08248290e-01 4.08248290e-01
8.16496581e-01 4.08248290e-01 -4.08248290e-01
8.16496581e-01 4.08248290e-01 -4.08248290e-01
8.16496581e-01 4.08248290e-01 -4.08248290e-01
8.16496581e-01 4.08248290e-01 -4.08248290e-01
-8.16496581e-01 4.08248290e-01 -4.08248290e-01
-8.16496581e-01 4.08248290e-01 -4.08248290e-01
-8.16496581e-01 4.08248290e-01 -4.08248290e-01
-8.16496581e-01 4.08248290e-01 -4.08248290e-01
-8.16496581e-01 -4.08248290e-01 4.08248290e-01
-8.16496581e-01 -4.08248290e-01 4.08248290e-01
-8.16496581e-01 -4.08248290e-01 4.08248290e-01
-8.16496581e-01 -4.08248290e-01 4.08248290e-01
-8.16496581e-01 -4.08248290e-01 -4.08248290e-01
-8.16496581e-01 -4.08248290e-01 -4.08248290e-01
-8.16496581e-01 -4.08248290e-01 -4.08248290e-01
-8.16496581e-01 -4.08248290e-01 -4.08248290e-01
-8.16496581e-01 4.08248290e-01 4.08248290e-01
-8.16496581e-01 4.08248290e-01 4.08248290e-01
-8.16496581e-01 4.08248290e-01 4.08248290e-01
-8.16496581e-01 4.08248290e-01 4.08248290e-01
8.16496581e-01 4.08248290e-01 4.08248290e-01
8.16496581e-01 4.08248290e-01 4.08248290e-01
8.16496581e-01 4.08248290e-01 4.08248290e-01
8.16496581e-01 4.08248290e-01 4.08248290e-01
8.16496581e-01 -4.08248290e-01 -4.08248290e-01
8.16496581e-01 -4.08248290e-01 -4.08248290e-01
8.16496581e-01 -4.08248290e-01 -4.08248290e-01
8.16496581e-01 -4.08248290e-01 -4.08248290e-01
4.08248290e-01 -4.08248290e-01 8.16496581e-01
4.08248290e-01 -4.08248290e-01 8.16496581e-01
4.08248290e-01 -4.08248290e-01 8.16496581e-01
4.08248290e-01 -4.08248290e-01 8.16496581e-01
-4.08248290e-01 4.08248290e-01 8.16496581e-01
-4.08248290e-01 4.08248290e-01 8.16496581e-01
-4.08248290e-01 4.08248290e-01 8.16496581e-01
-4.08248290e-01 4.08248290e-01 8.16496581e-01
-4.08248290e-01 4.08248290e-01 -8.16496581e-01
-4.08248290e-01 4.08248290e-01 -8.16496581e-01
-4.08248290e-01 4.08248290e-01 -8.16496581e-01
-4.08248290e-01 4.08248290e-01 -8.16496581e-01
4.08248290e-01 -4.08248290e-01 -8.16496581e-01
4.08248290e-01 -4.08248290e-01 -8.16496581e-01
4.08248290e-01 -4.08248290e-01 -8.16496581e-01
4.08248290e-01 -4.08248290e-01 -8.16496581e-01
4.08248290e-01 4.08248290e-01 -8.16496581e-01
4.08248290e-01 4.08248290e-01 -8.16496581e-01
4.08248290e-01 4.08248290e-01 -8.16496581e-01
4.08248290e-01 4.08248290e-01 -8.16496581e-01
-4.08248290e-01 -4.08248290e-01 -8.16496581e-01
-4.08248290e-01 -4.08248290e-01 -8.16496581e-01
-4.08248290e-01 -4.08248290e-01 -8.16496581e-01
-4.08248290e-01 -4.08248290e-01 -8.16496581e-01
-4.08248290e-01 -4.08248290e-01 8.16496581e-01
-4.08248290e-01 -4.08248290e-01 8.16496581e-01
-4.08248290e-01 -4.08248290e-01 8.16496581e-01
-4.08248290e-01 -4.08248290e-01 8.16496581e-01
4.08248290e-01 4.08248290e-01 8.16496581e-01
4.08248290e-01 4.08248290e-01 8.16496581e-01
4.08248290e-01 4.08248290e-01 8.16496581e-01
4.08248290e-01 4.08248290e-01 8.16496581e-01
-4.08248290e-01 -8.16496581e-01 4.08248290e-01
-4.08248290e-01 -8.16496581e-01 4.08248290e-01
-4.08248290e-01 -8.16496581e-01 4.08248290e-01
-4.08248290e-01 -8.16496581e-01 4.08248290e-01
4.08248290e-01 -8.16496581e-01 -4.08248290e-01
4.08248290e-01 -8.16496581e-01 -4.08248290e-01
4.08248290e-01 -8.16496581e-01 -4.08248290e-01
4.08248290e-01 -8.16496581e-01 -4.08248290e-01
4.08248290e-01 8.16496581e-01 -4.08248290e-01
4.08248290e-01 8.16496581e-01 -4.08248290e-01
4.08248290e-01 8.16496581e-01 -4.08248290e-01
4.08248290e-01 8.16496581e-01 -4.08248290e-01
-4.08248290e-01 8.16496581e-01 4.08248290e-01
-4.08248290e-01 8.16496581e-01 4.08248290e-01
-4.08248290e-01 8.16496581e-01 4.08248290e-01
-4.08248290e-01 8.16496581e-01 4.08248290e-01
-4.08248290e-01 8.16496581e-01 -4.08248290e-01
-4.08248290e-01 8.16496581e-01 -4.08248290e-01
-4.08248290e-01 8.16496581e-01 -4.08248290e-01
-4.08248290e-01 8.16496581e-01 -4.08248290e-01
4.08248290e-01 8.16496581e-01 4.08248290e-01
4.08248290e-01 8.16496581e-01 4.08248290e-01
4.08248290e-01 8.16496581e-01 4.08248290e-01
4.08248290e-01 8.16496581e-01 4.08248290e-01
4.08248290e-01 -8.16496581e-01 4.08248290e-01
4.08248290e-01 -8.16496581e-01 4.08248290e-01
4.08248290e-01 -8.16496581e-01 4.08248290e-01
4.08248290e-01 -8.16496581e-01 4.08248290e-01
-4.08248290e-01 -8.16496581e-01 -4.08248290e-01
-4.08248290e-01 -8.16496581e-01 -4.08248290e-01
-4.08248290e-01 -8.16496581e-01 -4.08248290e-01
-4.08248290e-01 -8.16496581e-01 -4.08248290e-01
8.16496581e-01 -4.08248290e-01 4.08248290e-01
8.16496581e-01 -4.08248290e-01 4.08248290e-01
8.16496581e-01 -4.08248290e-01 4.08248290e-01
8.16496581e-01 -4.08248290e-01 4.08248290e-01
8.16496581e-01 4.08248290e-01 -4.08248290e-01
8.16496581e-01 4.08248290e-01 -4.08248290e-01
8.16496581e-01 4.08248290e-01 -4.08248290e-01
8.16496581e-01 4.08248290e-01 -4.08248290e-01
-8.16496581e-01 4.08248290e-01 -4.08248290e-01
-8.16496581e-01 4.08248290e-01 -4.08248290e-01
-8.16496581e-01 4.08248290e-01 -4.08248290e-01
-8.16496581e-01 4.08248290e-01 -4.08248290e-01
-8.16496581e-01 -4.08248290e-01 4.08248290e-01
-8.16496581e-01 -4.08248290e-01 4.08248290e-01
-8.16496581e-01 -4.08248290e-01 4.08248290e-01
-8.16496581e-01 -4.08248290e-01 4.08248290e-01
-8.16496581e-01 -4.08248290e-01 -4.08248290e-01
-8.16496581e-01 -4.08248290e-01 -4.08248290e-01
-8.16496581e-01 -4.08248290e-01 -4.08248290e-01
-8.16496581e-01 -4.08248290e-01 -4.08248290e-01
-8.16496581e-01 4.08248290e-01 4.08248290e-01
-8.16496581e-01 4.08248290e-01 4.08248290e-01
-8.16496581e-01 4.08248290e-01 4.08248290e-01
-8.16496581e-01 4.08248290e-01 4.08248290e-01
8.16496581e-01 4.08248290e-01 4.08248290e-01
8.16496581e-01 4.08248290e-01 4.08248290e-01
8.16496581e-01 4.08248290e-01 4.08248290e-01
8.16496581e-01 4.08248290e-01 4.08248290e-01
8.16496581e-01 -4.08248290e-01 -4.08248290e-01
8.16496581e-01 -4.08248290e-01 -4.08248290e-01
8.16496581e-01 -4.08248290e-01 -4.08248290e-01
8.16496581e-01 -4.08248290e-01 -4.08248290e-01
4.08248290e-01 -4.08248290e-01 8.16496581e-01
4.08248290e-01 -4.08248290e-01 8.16496581e-01
4.08248290e-01 -4.08248290e-01 8.16496581e-01
4.08248290e-01 -4.08248290e-01 8.16496581e-01
-4.08248290e-01 4.08248290e-01 8.16496581e-01
-4.08248290e-01 4.08248290e-01 8.16496581e-01
-4.08248290e-01 4.08248290e-01 8.16496581e-01
-4.08248290e-01 4.08248290e-01 8.16496581e-01
-4.08248290e-01 4.08248290e-01 -8.16496581e-01
-4.08248290e-01 4.08248290e-01 -8.16496581e-01
-4.08248290e-01 4.08248290e-01 -8.16496581e-01
-4.08248290e-01 4.08248290e-01 -8.16496581e-01
4.08248290e-01 -4.08248290e-01 -8.16496581e-01
4.08248290e-01 -4.08248290e-01 -8.16496581e-01
4.08248290e-01 -4.08248290e-01 -8.16496581e-01
4.08248290e-01 -4.08248290e-01 -8.16496581e-01
4.08248290e-01 4.08248290e-01 -8.16496581e-01
4.08248290e-01 4.08248290e-01 -8.16496581e-01
4.08248290e-01 4.08248290e-01 -8.16496581e-01
4.08248290e-01 4.08248290e-01 -8.16496581e-01
-4.08248290e-01 -4.08248290e-01 -8.16496581e-01
-4.08248290e-01 -4.08248290e-01 -8.16496581e-01
-4.08248290e-01 -4.08248290e-01 -8.16496581e-01
-4.08248290e-01 -4.08248290e-01 -8.16496581e-01
-4.08248290e-01 -4.08248290e-01 8.16496581e-01
-4.08248290e-01 -4.08248290e-01 8.16496581e-01
-4.08248290e-01 -4.08248290e-01 8.16496581e-01
-4.08248290e-01 -4.08248290e-01 8.16496581e-01
4.08248290e-01 4.08248290e-01 8.16496581e-01
4.08248290e-01 4.08248290e-01 8.16496581e-01
4.08248290e-01 4.08248290e-01 8.16496581e-01
4.08248290e-01 4.08248290e-01 8.16496581e-01
-4.08248290e-01 -8.16496581e-01 4.08248290e-01
-4.08248290e-01 -8.16496581e-01 4.08248290e-01
-4.08248290e-01 -8.16496581e-01 4.08248290e-01
-4.08248290e-01 -8.16496581e-01 4.08248290e-01
4.08248290e-01 -8.16496581e-01 -4.08248290e-01
4.08248290e-01 -8.16496581e-01 -4.08248290e-01
4.08248290e-01 -8.16496581e-01 -4.08248290e-01
4.08248290e-01 -8.16496581e-01 -4.08248290e-01
4.08248290e-01 8.16496581e-01 -4.08248290e-01
4.08248290e-01 8.16496581e-01 -4.08248290e-01
4.08248290e-01 8.16496581e-01 -4.08248290e-01
4.08248290e-01 8.16496581e-01 -4.08248290e-01
-4.08248290e-01 8.16496581e-01 4.08248290e-01
-4.08248290e-01 8.16496581e-01 4.08248290e-01
-4.08248290e-01 8.16496581e-01 4.08248290e-01
-4.08248290e-01 8.16496581e-01 4.08248290e-01
-4.08248290e-01 8.16496581e-01 -4.08248290e-01
-4.08248290e-01 8.16496581e-01 -4.08248290e-01
-4.08248290e-01 8.16496581e-01 -4.08248290e-01
-4.08248290e-01 8.16496581e-01 -4.08248290e-01
4.08248290e-01 8.16496581e-01 4.08248290e-01
4.08248290e-01 8.16496581e-01 4.08248290e-01
4.08248290e-01 8.16496581e-01 4.08248290e-01
4.08248290e-01 8.16496581e-01 4.08248290e-01
4.08248290e-01 -8.16496581e-01 4.08248290e-01
4.08248290e-01 -8.16496581e-01 4.08248290e-01
4.08248290e-01 -8.16496581e-01 4.08248290e-01
4.08248290e-01 -8.16496581e-01 4.08248290e-01
-4.08248290e-01 -8.16496581e-01 -4.08248290e-01
-4.08248290e-01 -8.16496581e-01 -4.08248290e-01
-4.08248290e-01 -8.16496581e-01 -4.08248290e-01
-4.08248290e-01 -8.16496581e-01 -4.08248290e-01
8.16496581e-01 -4.08248290e-01 4.08248290e-01
8.16496581e-01 -4.08248290e-01 4.08248290e-01
8.16496581e-01 -4.08248290e-01 4.08248290e-01
8.16496581e-01 -4.08248290e-01 4.08248290e-01
8.16496581e-01 4.08248290e-01 -4.08248290e-01
8.16496581e-01 4.08248290e-01 -4.08248290e-01
8.16496581e-01 4.08248290e-01 -4.08248290e-01
8.16496581e-01 4.08248290e-01 -4.08248290e-01
-8.16496581e-01 4.08248290e-01 -4.08248290e-01
-8.16496581e-01 4.08248290e-01 -4.08248290e-01
-8.16496581e-01 4.08248290e-01 -4.08248290e-01
-8.16496581e-01 4.08248290e-01 -4.08248290e-01
-8.16496581e-01 -4.08248290e-01 4.08248290e-01
-8.16496581e-01 -4.08248290e-01 4.08248290e-01
-8.16496581e-01 -4.08248290e-01 4.08248290e-01
-8.16496581e-01 -4.08248290e-01 4.08248290e-01
-8.16496581e-01 -4.08248290e-01 -4.08248290e-01
-8.16496581e-01 -4.08248290e-01 -4.08248290e-01
-8.16496581e-01 -4.08248290e-01 -4.08248290e-01
-8.16496581e-01 -4.08248290e-01 -4.08248290e-01
-8.16496581e-01 4.08248290e-01 4.08248290e-01
-8.16496581e-01 4.08248290e-01 4.08248290e-01
-8.16496581e-01 4.08248290e-01 4.08248290e-01
-8.16496581e-01 4.08248290e-01 4.08248290e-01
8.16496581e-01 4.08248290e-01 4.08248290e-01
8.16496581e-01 4.08248290e-01 4.08248290e-01
8.16496581e-01 4.08248290e-01 4.08248290e-01
8.16496581e-01 4.08248290e-01 4.08248290e-01
8.16496581e-01 -4.08248290e-01 -4.08248290e-01
8.16496581e-01 -4.08248290e-01 -4.08248290e-01
8.16496581e-01 -4.08248290e-01 -4.08248290e-01
8.16496581e-01 -4.08248290e-01 -4.08248290e-01
4.08248290e-01 -4.08248290e-01 8.16496581e-01
4.08248290e-01 -4.08248290e-01 8.16496581e-01
4.08248290e-01 -4.08248290e-01 8.16496581e-01
4.08248290e-01 -4.08248290e-01 8.16496581e-01
-4.08248290e-01 4.08248290e-01 8.16496581e-01
-4.08248290e-01 4.08248290e-01 8.16496581e-01
-4.08248290e-01 4.08248290e-01 8.16496581e-01
-4.08248290e-01 4.08248290e-01 8.16496581e-01
-4.08248290e-01 4.08248290e-01 -8.16496581e-01
-4.08248290e-01 4.08248290e-01 -8.16496581e-01
-4.08248290e-01 4.08248290e-01 -8.16496581e-01
-4.08248290e-01 4.08248290e-01 -8.16496581e-01
4.08248290e-01 -4.08248290e-01 -8.16496581e-01
4.08248290e-01 -4.08248290e-01 -8.16496581e-01
4.08248290e-01 -4.08248290e-01 -8.16496581e-01
4.08248290e-01 -4.08248290e-01 -8.16496581e-01
4.08248290e-01 4.08248290e-01 -8.16496581e-01
4.08248290e-01 4.08248290e-01 -8.16496581e-01
4.08248290e-01 4.08248290e-01 -8.16496581e-01
4.08248290e-01 4.08248290e-01 -8.16496581e-01
-4.08248290e-01 -4.08248290e-01 -8.16496581e-01
-4.08248290e-01 -4.08248290e-01 -8.16496581e-01
-4.08248290e-01 -4.08248290e-01 -8.16496581e-01
-4.08248290e-01 -4.08248290e-01 -8.16496581e-01
-4.08248290e-01 -4.08248290e-01 8.16496581e-01
-4.08248290e-01 -4.08248290e-01 8.16496581e-01
-4.08248290e-01 -4.08248290e-01 8.16496581e-01
-4.08248290e-01 -4.08248290e-01 8.16496581e-01
4.08248290e-01 4.08248290e-01 8.16496581e-01
4.08248290e-01 4.08248290e-01 8.16496581e-01
4.08248290e-01 4.08248290e-01 8.16496581e-01
4.08248290e-01 4.08248290e-01 8.16496581e-01
-4.08248290e-01 -8.16496581e-01 4.08248290e-01
-4.08248290e-01 -8.16496581e-01 4.08248290e-01
-4.08248290e-01 -8.16496581e-01 4.08248290e-01
-4.08248290e-01 -8.16496581e-01 4.08248290e-01
4.08248290e-01 -8.16496581e-01 -4.08248290e-01
4.08248290e-01 -8.16496581e-01 -4.08248290e-01
4.08248290e-01 -8.16496581e-01 -4.08248290e-01
4.08248290e-01 -8.16496581e-01 -4.08248290e-01
4.08248290e-01 8.16496581e-01 -4.08248290e-01
4.08248290e-01 8.16496581e-01 -4.08248290e-01
4.08248290e-01 8.16496581e-01 -4.08248290e-01
4.08248290e-01 8.16496581e-01 -4.08248290e-01
-4.08248290e-01 8.16496581e-01 4.08248290e-01
-4.08248290e-01 8.16496581e-01 4.08248290e-01
-4.08248290e-01 8.16496581e-01 4.08248290e-01
-4.08248290e-01 8.16496581e-01 4.08248290e-01
-4.08248290e-01 8.16496581e-01 -4.08248290e-01
-4.08248290e-01 8.16496581e-01 -4.08248290e-01
-4.08248290e-01 8.16496581e-01 -4.08248290e-01
-4.08248290e-01 8.16496581e-01 -4.08248290e-01
4.08248290e-01 8.16496581e-01 4.08248290e-01
4.08248290e-01 8.16496581e-01 4.08248290e-01
4.08248290e-01 8.16496581e-01 4.08248290e-01
4.08248290e-01 8.16496581e-01 4.08248290e-01
4.08248290e-01 -8.16496581e-01 4.08248290e-01
4.08248290e-01 -8.16496581e-01 4.08248290e-01
4.08248290e-01 -8.16496581e-01 4.08248290e-01
4.08248290e-01 -8.16496581e-01 4.08248290e-01
-4.08248290e-01 -8.16496581e-01 -4.08248290e-01
-4.08248290e-01 -8.16496581e-01 -4.08248290e-01
-4.08248290e-01 -8.16496581e-01 -4.08248290e-01
-4.08248290e-01 -8.16496581e-01 -4.08248290e-01
8.16496581e-01 -4.08248290e-01 4.08248290e-01
8.16496581e-01 -4.08248290e-01 4.08248290e-01
8.16496581e-01 -4.08248290e-01 4.08248290e-01
8.16496581e-01 -4.08248290e-01 4.08248290e-01
8.16496581e-01 4.08248290e-01 -4.08248290e-01
8.16496581e-01 4.08248290e-01 -4.08248290e-01
8.16496581e-01 4.08248290e-01 -4.08248290e-01
8.16496581e-01 4.08248290e-01 -4.08248290e-01
-8.16496581e-01 4.08248290e-01 -4.08248290e-01
-8.16496581e-01 4.08248290e-01 -4.08248290e-01
-8.16496581e-01 4.08248290e-01 -4.08248290e-01
-8.16496581e-01 4.08248290e-01 -4.08248290e-01
-8.16496581e-01 -4.08248290e-01 4.08248290e-01
-8.16496581e-01 -4.08248290e-01 4.08248290e-01
-8.16496581e-01 -4.08248290e-01 4.08248290e-01
-8.16496581e-01 -4.08248290e-01 4.08248290e-01
-8.16496581e-01 -4.08248290e-01 -4.08248290e-01
-8.16496581e-01 -4.08248290e-01 -4.08248290e-01
-8.16496581e-01 -4.08248290e-01 -4.08248290e-01
-8.16496581e-01 -4.08248290e-01 -4.08248290e-01
-8.16496581e-01 4.08248290e-01 4.08248290e-01
-8.16496581e-01 4.08248290e-01 4.08248290e-01
-8.16496581e-01 4.08248290e-01 4.08248290e-01
-8.16496581e-01 4.08248290e-01 4.08248290e-01
8.16496581e-01 4.08248290e-01 4.08248290e-01
8.16496581e-01 4.08248290e-01 4.08248290e-01
8.16496581e-01 4.08248290e-01 4.08248290e-01
8.16496581e-01 4.08248290e-01 4.08248290e-01
8.16496581e-01 -4.08248290e-01 -4.08248290e-01
8.16496581e-01 -4.08248290e-01 -4.08248290e-01
8.16496581e-01 -4.08248290e-01 -4.08248290e-01
8.16496581e-01 -4.08248290e-01 -4.08248290e-01
4.08248290e-01 -4.08248290e-01 8.16496581e-01
4.08248290e-01 -4.08248290e-01 8.16496581e-01
4.08248290e-01 -4.08248290e-01 8.16496581e-01
4.08248290e-01 -4.08248290e-01 8.16496581e-01
-4.08248290e-01 4.08248290e-01 8.16496581e-01
-4.08248290e-01 4.08248290e-01 8.16496581e-01
-4.08248290e-01 4.08248290e-01 8.16496581e-01
-4.08248290e-01 4.08248290e-01 8.16496581e-01
-4.08248290e-01 4.08248290e-01 -8.16496581e-01
-4.08248290e-01 4.08248290e-01 -8.16496581e-01
-4.08248290e-01 4.08248290e-01 -8.16496581e-01
-4.08248290e-01 4.08248290e-01 -8.16496581e-01
4.08248290e-01 -4.08248290e-01 -8.16496581e-01
4.08248290e-01 -4.08248290e-01 -8.16496581e-01
4.08248290e-01 -4.08248290e-01 -8.16496581e-01
4.08248290e-01 -4.08248290e-01 -8.16496581e-01
4.08248290e-01 4.08248290e-01 -8.16496581e-01
4.08248290e-01 4.08248290e-01 -8.16496581e-01
4.08248290e-01 4.08248290e-01 -8.16496581e-01
4.08248290e-01 4.08248290e-01 -8.16496581e-01
-4.08248290e-01 -4.08248290e-01 -8.16496581e-01
-4.08248290e-01 -4.08248290e-01 -8.16496581e-01
-4.08248290e-01 -4.08248290e-01 -8.16496581e-01
-4.08248290e-01 -4.08248290e-01 -8.16496581e-01
-4.08248290e-01 -4.08248290e-01 8.16496581e-01
-4.08248290e-01 -4.08248290e-01 8.16496581e-01
-4.08248290e-01 -4.08248290e-01 8.16496581e-01
-4.08248290e-01 -4.08248290e-01 8.16496581e-01
4.08248290e-01 4.08248290e-01 8.16496581e-01
4.08248290e-01 4.08248290e-01 8.16496581e-01
4.08248290e-01 4.08248290e-01 8.16496581e-01
4.08248290e-01 4.08248290e-01 8.16496581e-01
-4.08248290e-01 -8.16496581e-01 4.08248290e-01
-4.08248290e-01 -8.16496581e-01 4.08248290e-01
-4.08248290e-01 -8.16496581e-01 4.08248290e-01
-4.08248290e-01 -8.16496581e-01 4.08248290e-01
4.08248290e-01 -8.16496581e-01 -4.08248290e-01
4.08248290e-01 -8.16496581e-01 -4.08248290e-01
4.08248290e-01 -8.16496581e-01 -4.08248290e-01
4.08248290e-01 -8.16496581e-01 -4.08248290e-01
4.08248290e-01 8.16496581e-01 -4.08248290e-01
4.08248290e-01 8.16496581e-01 -4.08248290e-01
4.08248290e-01 8.16496581e-01 -4.08248290e-01
4.08248290e-01 8.16496581e-01 -4.08248290e-01
-4.08248290e-01 8.16496581e-01 4.08248290e-01
-4.08248290e-01 8.16496581e-01 4.08248290e-01
-4.08248290e-01 8.16496581e-01 4.08248290e-01
-4.08248290e-01 8.16496581e-01 4.08248290e-01
-4.08248290e-01 8.16496581e-01 -4.08248290e-01
-4.08248290e-01 8.16496581e-01 -4.08248290e-01
-4.08248290e-01 8.16496581e-01 -4.08248290e-01
-4.08248290e-01 8.16496581e-01 -4.08248290e-01
4.08248290e-01 8.16496581e-01 4.08248290e-01
4.08248290e-01 8.16496581e-01 4.08248290e-01
4.08248290e-01 8.16496581e-01 4.08248290e-01
4.08248290e-01 8.16496581e-01 4.08248290e-01
4.08248290e-01 -8.16496581e-01 4.08248290e-01
4.08248290e-01 -8.16496581e-01 4.08248290e-01
4.08248290e-01 -8.16496581e-01 4.08248290e-01
4.08248290e-01 -8.16496581e-01 4.08248290e-01
-4.08248290e-01 -8.16496581e-01 -4.08248290e-01
-4.08248290e-01 -8.16496581e-01 -4.08248290e-01
-4.08248290e-01 -8.16496581e-01 -4.08248290e-01
-4.08248290e-01 -8.16496581e-01 -4.08248290e-01
8.16496581e-01 -4.08248290e-01 4.08248290e-01
8.16496581e-01 -4.08248290e-01 4.08248290e-01
8.16496581e-01 -4.08248290e-01 4.08248290e-01
8.16496581e-01 -4.08248290e-01 4.08248290e-01
8.16496581e-01 4.08248290e-01 -4.08248290e-01
8.16496581e-01 4.08248290e-01 -4.08248290e-01
8.16496581e-01 4.08248290e-01 -4.08248290e-01
8.16496581e-01 4.08248290e-01 -4.08248290e-01
-8.16496581e-01 4.08248290e-01 -4.08248290e-01
-8.16496581e-01 4.08248290e-01 -4.08248290e-01
-8.16496581e-01 4.08248290e-01 -4.08248290e-01
-8.16496581e-01 4.08248290e-01 -4.08248290e-01
-8.16496581e-01 -4.08248290e-01 4.08248290e-01
-8.16496581e-01 -4.08248290e-01 4.08248290e-01
-8.16496581e-01 -4.08248290e-01 4.08248290e-01
-8.16496581e-01 -4.08248290e-01 4.08248290e-01
-8.16496581e-01 -4.08248290e-01 -4.08248290e-01
-8.16496581e-01 -4.08248290e-01 -4.08248290e-01
-8.16496581e-01 -4.08248290e-01 -4.08248290e-01
-8.16496581e-01 -4.08248290e-01 -4.08248290e-01
-8.16496581e-01 4.08248290e-01 4.08248290e-01
-8.16496581e-01 4.08248290e-01 4.08248290e-01
-8.16496581e-01 4.08248290e-01 4.08248290e-01
-8.16496581e-01 4.08248290e-01 4.08248290e-01
8.16496581e-01 4.08248290e-01 4.08248290e-01
8.16496581e-01 4.08248290e-01 4.08248290e-01
8.16496581e-01 4.08248290e-01 4.08248290e-01
8.16496581e-01 4.08248290e-01 4.08248290e-01
8.16496581e-01 -4.08248290e-01 -4.08248290e-01
8.16496581e-01 -4.08248290e-01 -4.08248290e-01
8.16496581e-01 -4.08248290e-01 -4.08248290e-01
8.16496581e-01 -4.08248290e-01 -4.08248290e-01
4.08248290e-01 -4.08248290e-01 8.16496581e-01
4.08248290e-01 -4.08248290e-01 8.16496581e-01
4.08248290e-01 -4.08248290e-01 8.16496581e-01
4.08248290e-01 -4.08248290e-01 8.16496581e-01
-4.08248290e-01 4.08248290e-01 8.16496581e-01
-4.08248290e-01 4.08248290e-01 8.16496581e-01
-4.08248290e-01 4.08248290e-01 8.16496581e-01
-4.08248290e-01 4.08248290e-01 8.16496581e-01
-4.08248290e-01 4.08248290e-01 -8.16496581e-01
-4.08248290e-01 4.08248290e-01 -8.16496581e-01
-4.08248290e-01 4.08248290e-01 -8.16496581e-01
-4.08248290e-01 4.08248290e-01 -8.16496581e-01
4.08248290e-01 -4.08248290e-01 -8.16496581e-01
4.08248290e-01 -4.08248290e-01 -8.16496581e-01
4.08248290e-01 -4.08248290e-01 -8.16496581e-01
4.08248290e-01 -4.08248290e-01 -8.16496581e-01
4.08248290e-01 4.08248290e-01 -8.16496581e-01
4.08248290e-01 4.08248290e-01 -8.16496581e-01
4.08248290e-01 4.08248290e-01 -8.16496581e-01
4.08248290e-01 4.08248290e-01 -8.16496581e-01
-4.08248290e-01 -4.08248290e-01 -8.16496581e-01
-4.08248290e-01 -4.08248290e-01 -8.16496581e-01
-4.08248290e-01 -4.08248290e-01 -8.16496581e-01
-4.08248290e-01 -4.08248290e-01 -8.16496581e-01
-4.08248290e-01 -4.08248290e-01 8.16496581e-01
-4.08248290e-01 -4.08248290e-01 8.16496581e-01
-4.08248290e-01 -4.08248290e-01 8.16496581e-01
-4.08248290e-01 -4.08248290e-01 8.16496581e-01
4.08248290e-01 4.08248290e-01 8.16496581e-01
4.08248290e-01 4.08248290e-01 8.16496581e-01
4.08248290e-01 4.08248290e-01 8.16496581e-01
4.08248290e-01 4.08248290e-01 8.16496581e-01
-4.08248290e-01 -8.16496581e-01 4.08248290e-01
-4.08248290e-01 -8.16496581e-01 4.08248290e-01
-4.08248290e-01 -8.16496581e-01 4.08248290e-01
-4.08248290e-01 -8.16496581e-01 4.08248290e-01
4.08248290e-01 -8.16496581e-01 -4.08248290e-01
4.08248290e-01 -8.16496581e-01 -4.08248290e-01
4.08248290e-01 -8.16496581e-01 -4.08248290e-01
4.08248290e-01 -8.16496581e-01 -4.08248290e-01
4.08248290e-01 8.16496581e-01 -4.08248290e-01
4.08248290e-01 8.16496581e-01 -4.08248290e-01
4.08248290e-01 8.16496581e-01 -4.08248290e-01
4.08248290e-01 8.16496581e-01 -4.08248290e-01
-4.08248290e-01 8.16496581e-01 4.08248290e-01
-4.08248290e-01 8.16496581e-01 4.08248290e-01
-4.08248290e-01 8.16496581e-01 4.08248290e-01
-4.08248290e-01 8.16496581e-01 4.08248290e-01
-4.08248290e-01 8.16496581e-01 -4.08248290e-01
-4.08248290e-01 8.16496581e-01 -4.08248290e-01
-4.08248290e-01 8.16496581e-01 -4.08248290e-01
-4.08248290e-01 8.16496581e-01 -4.08248290e-01
4.08248290e-01 8.16496581e-01 4.08248290e-01
4.08248290e-01 8.16496581e-01 4.08248290e-01
4.08248290e-01 8.16496581e-01 4.08248290e-01
4.08248290e-01 8.16496581e-01 4.08248290e-01
4.08248290e-01 -8.16496581e-01 4.08248290e-01
4.08248290e-01 -8.16496581e-01 4.08248290e-01
4.08248290e-01 -8.16496581e-01 4.08248290e-01
4.08248290e-01 -8.16496581e-01 4.08248290e-01
-4.08248290e-01 -8.16496581e-01 -4.08248290e-01
-4.08248290e-01 -8.16496581e-01 -4.08248290e-01
-4.08248290e-01 -8.16496581e-01 -4.08248290e-01
-4.08248290e-01 -8.16496581e-01 -4.08248290e-01
8.16496581e-01 -4.08248290e-01 4.08248290e-01
8.16496581e-01 -4.08248290e-01 4.08248290e-01
8.16496581e-01 -4.08248290e-01 4.08248290e-01
8.16496581e-01 -4.08248290e-01 4.08248290e-01
8.16496581e-01 4.08248290e-01 -4.08248290e-01
8.16496581e-01 4.08248290e-01 -4.08248290e-01
8.16496581e-01 4.08248290e-01 -4.08248290e-01
8.16496581e-01 4.08248290e-01 -4.08248290e-01
-8.16496581e-01 4.08248290e-01 -4.08248290e-01
-8.16496581e-01 4.08248290e-01 -4.08248290e-01
-8.16496581e-01 4.08248290e-01 -4.08248290e-01
-8.16496581e-01 4.08248290e-01 -4.08248290e-01
-8.16496581e-01 -4.08248290e-01 4.08248290e-01
-8.16496581e-01 -4.08248290e-01 4.08248290e-01
-8.16496581e-01 -4.08248290e-01 4.08248290e-01
-8.16496581e-01 -4.08248290e-01 4.08248290e-01
-8.16496581e-01 -4.08248290e-01 -4.08248290e-01
-8.16496581e-01 -4.08248290e-01 -4.08248290e-01
-8.16496581e-01 -4.08248290e-01 -4.08248290e-01
-8.16496581e-01 -4.08248290e-01 -4.08248290e-01
-8.16496581e-01 4.08248290e-01 4.08248290e-01
-8.16496581e-01 4.08248290e-01 4.08248290e-01
-8.16496581e-01 4.08248290e-01 4.08248290e-01
-8.16496581e-01 4.08248290e-01 4.08248290e-01
8.16496581e-01 4.08248290e-01 4.08248290e-01
8.16496581e-01 4.08248290e-01 4.08248290e-01
8.16496581e-01 4.08248290e-01 4.08248290e-01
8.16496581e-01 4.08248290e-01 4.08248290e-01
8.16496581e-01 -4.08248290e-01 -4.08248290e-01
8.16496581e-01 -4.08248290e-01 -4.08248290e-01
8.16496581e-01 -4.08248290e-01 -4.08248290e-01
8.16496581e-01 -4.08248290e-01 -4.08248290e-01
4.08248290e-01 -4.08248290e-01 8.16496581e-01
4.08248290e-01 -4.08248290e-01 8.16496581e-01
4.08248290e-01 -4.08248290e-01 8.16496581e-01
4.08248290e-01 -4.08248290e-01 8.16496581e-01
-4.08248290e-01 4.08248290e-01 8.16496581e-01
-4.08248290e-01 4.08248290e-01 8.16496581e-01
-4.08248290e-01 4.08248290e-01 8.16496581e-01
-4.08248290e-01 4.08248290e-01 8.16496581e-01
-4.08248290e-01 4.08248290e-01 -8.16496581e-01
-4.08248290e-01 4.08248290e-01 -8.16496581e-01
-4.08248290e-01 4.08248290e-01 -8.16496581e-01
-4.08248290e-01 4.08248290e-01 -8.16496581e-01
4.08248290e-01 -4.08248290e-01 -8.16496581e-01
4.08248290e-01 -4.08248290e-01 -8.16496581e-01
4.08248290e-01 -4.08248290e-01 -8.16496581e-01
4.08248290e-01 -4.08248290e-01 -8.16496581e-01
4.08248290e-01 4.08248290e-01 -8.16496581e-01
4.08248290e-01 4.08248290e-01 -8.16496581e-01
4.08248290e-01 4.08248290e-01 -8.16496581e-01
4.08248290e-01 4.08248290e-01 -8.16496581e-01
-4.08248290e-01 -4.08248290e-01 -8.16496581e-01
-4.08248290e-01 -4.08248290e-01 -8.16496581e-01
-4.08248290e-01 -4.08248290e-01 -8.16496581e-01
-4.08248290e-01 -4.08248290e-01 -8.16496581e-01
-4.08248290e-01 -4.08248290e-01 8.16496581e-01
-4.08248290e-01 -4.08248290e-01 8.16496581e-01
-4.08248290e-01 -4.08248290e-01 8.16496581e-01
-4.08248290e-01 -4.08248290e-01 8.16496581e-01
4.08248290e-01 4.08248290e-01 8.16496581e-01
4.08248290e-01 4.08248290e-01 8.16496581e-01
4.08248290e-01 4.08248290e-01 8.16496581e-01
4.08248290e-01 4.08248290e-01 8.16496581e-01
-4.08248290e-01 -8.16496581e-01 4.08248290e-01
-4.08248290e-01 -8.16496581e-01 4.08248290e-01
-4.08248290e-01 -8.16496581e-01 4.08248290e-01
-4.08248290e-01 -8.16496581e-01 4.08248290e-01
4.08248290e-01 -8.16496581e-01 -4.08248290e-01
4.08248290e-01 -8.16496581e-01 -4.08248290e-01
4.08248290e-01 -8.16496581e-01 -4.08248290e-01
4.08248290e-01 -8.16496581e-01 -4.08248290e-01
4.08248290e-01 8.16496581e-01 -4.08248290e-01
4.08248290e-01 8.16496581e-01 -4.08248290e-01
4.08248290e-01 8.16496581e-01 -4.08248290e-01
4.08248290e-01 8.16496581e-01 -4.08248290e-01
-4.08248290e-01 8.16496581e-01 4.08248290e-01
-4.08248290e-01 8.16496581e-01 4.08248290e-01
-4.08248290e-01 8.16496581e-01 4.08248290e-01
-4.08248290e-01 8.16496581e-01 4.08248290e-01
-4.08248290e-01 8.16496581e-01 -4.08248290e-01
-4.08248290e-01 8.16496581e-01 -4.08248290e-01
-4.08248290e-01 8.16496581e-01 -4.08248290e-01
-4.08248290e-01 8.16496581e-01 -4.08248290e-01
4.08248290e-01 8.16496581e-01 4.08248290e-01
4.08248290e-01 8.16496581e-01 4.08248290e-01
4.08248290e-01 8.16496581e-01 4.08248290e-01
4.08248290e-01 8.16496581e-01 4.08248290e-01
4.08248290e-01 -8.16496581e-01 4.08248290e-01
4.08248290e-01 -8.16496581e-01 4.08248290e-01
4.08248290e-01 -8.16496581e-01 4.08248290e-01
4.08248290e-01 -8.16496581e-01 4.08248290e-01
-4.08248290e-01 -8.16496581e-01 -4.08248290e-01
-4.08248290e-01 -8.16496581e-01 -4.08248290e-01
-4.08248290e-01 -8.16496581e-01 -4.08248290e-01
-4.08248290e-01 -8.16496581e-01 -4.08248290e-01
8.16496581e-01 -4.08248290e-01 4.08248290e-01
8.16496581e-01 -4.08248290e-01 4.08248290e-01
8.16496581e-01 -4.08248290e-01 4.08248290e-01
8.16496581e-01 -4.08248290e-01 4.08248290e-01
8.16496581e-01 4.08248290e-01 -4.08248290e-01
8.16496581e-01 4.08248290e-01 -4.08248290e-01
8.16496581e-01 4.08248290e-01 -4.08248290e-01
8.16496581e-01 4.08248290e-01 -4.08248290e-01
-8.16496581e-01 4.08248290e-01 -4.08248290e-01
-8.16496581e-01 4.08248290e-01 -4.08248290e-01
-8.16496581e-01 4.08248290e-01 -4.08248290e-01
-8.16496581e-01 4.08248290e-01 -4.08248290e-01
-8.16496581e-01 -4.08248290e-01 4.08248290e-01
-8.16496581e-01 -4.08248290e-01 4.08248290e-01
-8.16496581e-01 -4.08248290e-01 4.08248290e-01
-8.16496581e-01 -4.08248290e-01 4.08248290e-01
-8.16496581e-01 -4.08248290e-01 -4.08248290e-01
-8.16496581e-01 -4.08248290e-01 -4.08248290e-01
-8.16496581e-01 -4.08248290e-01 -4.08248290e-01
-8.16496581e-01 -4.08248290e-01 -4.08248290e-01
-8.16496581e-01 4.08248290e-01 4.08248290e-01
-8.16496581e-01 4.08248290e-01 4.08248290e-01
-8.16496581e-01 4.08248290e-01 4.08248290e-01
-8.16496581e-01 4.08248290e-01 4.08248290e-01
8.16496581e-01 4.08248290e-01 4.08248290e-01
8.16496581e-01 4.08248290e-01 4.08248290e-01
8.16496581e-01 4.08248290e-01 4.08248290e-01
8.16496581e-01 4.08248290e-01 4.08248290e-01
8.16496581e-01 -4.08248290e-01 -4.08248290e-01
8.16496581e-01 -4.08248290e-01 -4.08248290e-01
8.16496581e-01 -4.08248290e-01 -4.08248290e-01
8.16496581e-01 -4.08248290e-01 -4.08248290e-01
4.08248290e-01 -4.08248290e-01 8.16496581e-01
4.08248290e-01 -4.08248290e-01 8.16496581e-01
4.08248290e-01 -4.08248290e-01 8.16496581e-01
4.08248290e-01 -4.08248290e-01 8.16496581e-01
-4.08248290e-01 4.08248290e-01 8.16496581e-01
-4.08248290e-01 4.08248290e-01 8.16496581e-01
-4.08248290e-01 4.08248290e-01 8.16496581e-01
-4.08248290e-01 4.08248290e-01 8.16496581e-01
-4.08248290e-01 4.08248290e-01 -8.16496581e-01
-4.08248290e-01 4.08248290e-01 -8.16496581e-01
-4.08248290e-01 4.08248290e-01 -8.16496581e-01
-4.08248290e-01 4.08248290e-01 -8.16496581e-01
4.08248290e-01 -4.08248290e-01 -8.16496581e-01
4.08248290e-01 -4.08248290e-01 -8.16496581e-01
4.08248290e-01 -4.08248290e-01 -8.16496581e-01
4.08248290e-01 -4.08248290e-01 -8.16496581e-01
4.08248290e-01 4.08248290e-01 -8.16496581e-01
4.08248290e-01 4.08248290e-01 -8.16496581e-01
4.08248290e-01 4.08248290e-01 -8.16496581e-01
4.08248290e-01 4.08248290e-01 -8.16496581e-01
-4.08248290e-01 -4.08248290e-01 -8.16496581e-01
-4.08248290e-01 -4.08248290e-01 -8.16496581e-01
-4.08248290e-01 -4.08248290e-01 -8.16496581e-01
-4.08248290e-01 -4.08248290e-01 -8.16496581e-01
-4.08248290e-01 -4.08248290e-01 8.16496581e-01
-4.08248290e-01 -4.08248290e-01 8.16496581e-01
-4.08248290e-01 -4.08248290e-01 8.16496581e-01
-4.08248290e-01 -4.08248290e-01 8.16496581e-01
4.08248290e-01 4.08248290e-01 8.16496581e-01
4.08248290e-01 4.08248290e-01 8.16496581e-01
4.08248290e-01 4.08248290e-01 8.16496581e-01
4.08248290e-01 4.08248290e-01 8.16496581e-01
-4.08248290e-01 -8.16496581e-01 4.08248290e-01
-4.08248290e-01 -8.16496581e-01 4.08248290e-01
-4.08248290e-01 -8.16496581e-01 4.08248290e-01
-4.08248290e-01 -8.16496581e-01 4.08248290e-01
4.08248290e-01 -8.16496581e-01 -4.08248290e-01
4.08248290e-01 -8.16496581e-01 -4.08248290e-01
4.08248290e-01 -8.16496581e-01 -4.08248290e-01
4.08248290e-01 -8.16496581e-01 -4.08248290e-01
4.08248290e-01 8.16496581e-01 -4.08248290e-01
4.08248290e-01 8.16496581e-01 -4.08248290e-01
4.08248290e-01 8.16496581e-01 -4.08248290e-01
4.08248290e-01 8.16496581e-01 -4.08248290e-01
-4.08248290e-01 8.16496581e-01 4.08248290e-01
-4.08248290e-01 8.16496581e-01 4.08248290e-01
-4.08248290e-01 8.16496581e-01 4.08248290e-01
-4.08248290e-01 8.16496581e-01 4.08248290e-01
-4.08248290e-01 8.16496581e-01 -4.08248290e-01
-4.08248290e-01 8.16496581e-01 -4.08248290e-01
-4.08248290e-01 8.16496581e-01 -4.08248290e-01
-4.08248290e-01 8.16496581e-01 -4.08248290e-01
4.08248290e-01 8.16496581e-01 4.08248290e-01
4.08248290e-01 8.16496581e-01 4.08248290e-01
4.08248290e-01 8.16496581e-01 4.08248290e-01
4.08248290e-01 8.16496581e-01 4.08248290e-01
4.08248290e-01 -8.16496581e-01 4.08248290e-01
4.08248290e-01 -8.16496581e-01 4.08248290e-01
4.08248290e-01 -8.16496581e-01 4.08248290e-01
4.08248290e-01 -8.16496581e-01 4.08248290e-01
-4.08248290e-01 -8.16496581e-01 -4.08248290e-01
-4.08248290e-01 -8.16496581e-01 -4.08248290e-01
-4.08248290e-01 -8.16496581e-01 -4.08248290e-01
-4.08248290e-01 -8.16496581e-01 -4.08248290e-01
8.16496581e-01 -4.08248290e-01 4.08248290e-01
8.16496581e-01 -4.08248290e-01 4.08248290e-01
8.16496581e-01 -4.08248290e-01 4.08248290e-01
8.16496581e-01 -4.08248290e-01 4.08248290e-01
8.16496581e-01 4.08248290e-01 -4.08248290e-01
8.16496581e-01 4.08248290e-01 -4.08248290e-01
8.16496581e-01 4.08248290e-01 -4.08248290e-01
8.16496581e-01 4.08248290e-01 -4.08248290e-01
-8.16496581e-01 4.08248290e-01 -4.08248290e-01
-8.16496581e-01 4.08248290e-01 -4.08248290e-01
-8.16496581e-01 4.08248290e-01 -4.08248290e-01
-8.16496581e-01 4.08248290e-01 -4.08248290e-01
-8.16496581e-01 -4.08248290e-01 4.08248290e-01
-8.16496581e-01 -4.08248290e-01 4.08248290e-01
-8.16496581e-01 -4.08248290e-01 4.08248290e-01
-8.16496581e-01 -4.08248290e-01 4.08248290e-01
-8.16496581e-01 -4.08248290e-01 -4.08248290e-01
-8.16496581e-01 -4.08248290e-01 -4.08248290e-01
-8.16496581e-01 -4.08248290e-01 -4.08248290e-01
-8.16496581e-01 -4.08248290e-01 -4.08248290e-01
-8.16496581e-01 4.08248290e-01 4.08248290e-01
-8.16496581e-01 4.08248290e-01 4.08248290e-01
-8.16496581e-01 4.08248290e-01 4.08248290e-01
-8.16496581e-01 4.08248290e-01 4.08248290e-01
8.16496581e-01 4.08248290e-01 4.08248290e-01
8.16496581e-01 4.08248290e-01 4.08248290e-01
8.16496581e-01 4.08248290e-01 4.08248290e-01
8.16496581e-01 4.08248290e-01 4.08248290e-01
8.16496581e-01 -4.08248290e-01 -4.08248290e-01
8.16496581e-01 -4.08248290e-01 -4.08248290e-01
8.16496581e-01 -4.08248290e-01 -4.08248290e-01
8.16496581e-01 -4.08248290e-01 -4.08248290e-01
4.08248290e-01 -4.08248290e-01 8.16496581e-01
4.08248290e-01 -4.08248290e-01 8.16496581e-01
4.08248290e-01 -4.08248290e-01 8.16496581e-01
4.08248290e-01 -4.08248290e-01 8.16496581e-01
-4.08248290e-01 4.08248290e-01 8.16496581e-01
-4.08248290e-01 4.08248290e-01 8.16496581e-01
-4.08248290e-01 4.08248290e-01 8.16496581e-01
-4.08248290e-01 4.08248290e-01 8.16496581e-01
-4.08248290e-01 4.08248290e-01 -8.16496581e-01
-4.08248290e-01 4.08248290e-01 -8.16496581e-01
-4.08248290e-01 4.08248290e-01 -8.16496581e-01
-4.08248290e-01 4.08248290e-01 -8.16496581e-01
4.08248290e-01 -4.08248290e-01 -8.16496581e-01
4.08248290e-01 -4.08248290e-01 -8.16496581e-01
4.08248290e-01 -4.08248290e-01 -8.16496581e-01
4.08248290e-01 -4.08248290e-01 -8.16496581e-01
4.08248290e-01 4.08248290e-01 -8.16496581e-01
4.08248290e-01 4.08248290e-01 -8.16496581e-01
4.08248290e-01 4.08248290e-01 -8.16496581e-01
4.08248290e-01 4.08248290e-01 -8.16496581e-01
-4.08248290e-01 -4.08248290e-01 -8.16496581e-01
-4.08248290e-01 -4.08248290e-01 -8.16496581e-01
-4.08248290e-01 -4.08248290e-01 -8.16496581e-01
-4.08248290e-01 -4.08248290e-01 -8.16496581e-01
-4.08248290e-01 -4.08248290e-01 8.16496581e-01
-4.08248290e-01 -4.08248290e-01 8.16496581e-01
-4.08248290e-01 -4.08248290e-01 8.16496581e-01
-4.08248290e-01 -4.08248290e-01 8.16496581e-01
4.08248290e-01 4.08248290e-01 8.16496581e-01
4.08248290e-01 4.08248290e-01 8.16496581e-01
4.08248290e-01 4.08248290e-01 8.16496581e-01
4.08248290e-01 4.08248290e-01 8.16496581e-01
-4.08248290e-01 -8.16496581e-01 4.08248290e-01
-4.08248290e-01 -8.16496581e-01 4.08248290e-01
-4.08248290e-01 -8.16496581e-01 4.08248290e-01
-4.08248290e-01 -8.16496581e-01 4.08248290e-01
4.08248290e-01 -8.16496581e-01 -4.08248290e-01
4.08248290e-01 -8.16496581e-01 -4.08248290e-01
4.08248290e-01 -8.16496581e-01 -4.08248290e-01
4.08248290e-01 -8.16496581e-01 -4.08248290e-01
4.08248290e-01 8.16496581e-01 -4.08248290e-01
4.08248290e-01 8.16496581e-01 -4.08248290e-01
4.08248290e-01 8.16496581e-01 -4.08248290e-01
4.08248290e-01 8.16496581e-01 -4.08248290e-01
-4.08248290e-01 8.16496581e-01 4.08248290e-01
-4.08248290e-01 8.16496581e-01 4.08248290e-01
-4.08248290e-01 8.16496581e-01 4.08248290e-01
-4.08248290e-01 8.16496581e-01 4.08248290e-01
-4.08248290e-01 8.16496581e-01 -4.08248290e-01
-4.08248290e-01 8.16496581e-01 -4.08248290e-01
-4.08248290e-01 8.16496581e-01 -4.08248290e-01
-4.08248290e-01 8.16496581e-01 -4.08248290e-01
4.08248290e-01 8.16496581e-01 4.08248290e-01
4.08248290e-01 8.16496581e-01 4.08248290e-01
4.08248290e-01 8.16496581e-01 4.08248290e-01
4.08248290e-01 8.16496581e-01 4.08248290e-01
4.08248290e-01 -8.16496581e-01 4.08248290e-01
4.08248290e-01 -8.16496581e-01 4.08248290e-01
4.08248290e-01 -8.16496581e-01 4.08248290e-01
4.08248290e-01 -8.16496581e-01 4.08248290e-01
-4.08248290e-01 -8.16496581e-01 -4.08248290e-01
-4.08248290e-01 -8.16496581e-01 -4.08248290e-01
-4.08248290e-01 -8.16496581e-01 -4.08248290e-01
-4.08248290e-01 -8.16496581e-01 -4.08248290e-01
8.16496581e-01 -4.08248290e-01 4.08248290e-01
8.16496581e-01 -4.08248290e-01 4.08248290e-01
8.16496581e-01 -4.08248290e-01 4.08248290e-01
8.16496581e-01 -4.08248290e-01 4.08248290e-01
8.16496581e-01 4.08248290e-01 -4.08248290e-01
8.16496581e-01 4.08248290e-01 -4.08248290e-01
8.16496581e-01 4.08248290e-01 -4.08248290e-01
8.16496581e-01 4.08248290e-01 -4.08248290e-01
-8.16496581e-01 4.08248290e-01 -4.08248290e-01
-8.16496581e-01 4.08248290e-01 -4.08248290e-01
-8.16496581e-01 4.08248290e-01 -4.08248290e-01
-8.16496581e-01 4.08248290e-01 -4.08248290e-01
-8.16496581e-01 -4.08248290e-01 4.08248290e-01
-8.16496581e-01 -4.08248290e-01 4.08248290e-01
-8.16496581e-01 -4.08248290e-01 4.08248290e-01
-8.16496581e-01 -4.08248290e-01 4.08248290e-01
-8.16496581e-01 -4.08248290e-01 -4.08248290e-01
-8.16496581e-01 -4.08248290e-01 -4.08248290e-01
-8.16496581e-01 -4.08248290e-01 -4.08248290e-01
-8.16496581e-01 -4.08248290e-01 -4.08248290e-01
-8.16496581e-01 4.08248290e-01 4.08248290e-01
-8.16496581e-01 4.08248290e-01 4.08248290e-01
-8.16496581e-01 4.08248290e-01 4.08248290e-01
-8.16496581e-01 4.08248290e-01 4.08248290e-01
8.16496581e-01 4.08248290e-01 4.08248290e-01
8.16496581e-01 4.08248290e-01 4.08248290e-01
8.16496581e-01 4.08248290e-01 4.08248290e-01
8.16496581e-01 4.08248290e-01 4.08248290e-01
8.16496581e-01 -4.08248290e-01 -4.08248290e-01
8.16496581e-01 -4.08248290e-01 -4.08248290e-01
8.16496581e-01 -4.08248290e-01 -4.08248290e-01
8.16496581e-01 -4.08248290e-01 -4.08248290e-01
4.08248290e-01 -4.08248290e-01 8.16496581e-01
4.08248290e-01 -4.08248290e-01 8.16496581e-01
4.08248290e-01 -4.08248290e-01 8.16496581e-01
4.08248290e-01 -4.08248290e-01 8.16496581e-01
-4.08248290e-01 4.08248290e-01 8.16496581e-01
-4.08248290e-01 4.08248290e-01 8.16496581e-01
-4.08248290e-01 4.08248290e-01 8.16496581e-01
-4.08248290e-01 4.08248290e-01 8.16496581e-01
-4.08248290e-01 4.08248290e-01 -8.16496581e-01
-4.08248290e-01 4.08248290e-01 -8.16496581e-01
-4.08248290e-01 4.08248290e-01 -8.16496581e-01
-4.08248290e-01 4.08248290e-01 -8.16496581e-01
4.08248290e-01 -4.08248290e-01 -8.16496581e-01
4.08248290e-01 -4.08248290e-01 -8.16496581e-01
4.08248290e-01 -4.08248290e-01 -8.16496581e-01
4.08248290e-01 -4.08248290e-01 -8.16496581e-01
4.08248290e-01 4.08248290e-01 -8.16496581e-01
4.08248290e-01 4.08248290e-01 -8.16496581e-01
4.08248290e-01 4.08248290e-01 -8.16496581e-01
4.08248290e-01 4.08248290e-01 -8.16496581e-01
-4.08248290e-01 -4.08248290e-01 -8.16496581e-01
-4.08248290e-01 -4.08248290e-01 -8.16496581e-01
-4.08248290e-01 -4.08248290e-01 -8.16496581e-01
-4.08248290e-01 -4.08248290e-01 -8.16496581e-01
-4.08248290e-01 -4.08248290e-01 8.16496581e-01
-4.08248290e-01 -4.08248290e-01 8.16496581e-01
-4.08248290e-01 -4.08248290e-01 8.16496581e-01
-4.08248290e-01 -4.08248290e-01 8.16496581e-01
4.08248290e-01 4.08248290e-01 8.16496581e-01
4.08248290e-01 4.08248290e-01 8.16496581e-01
4.08248290e-01 4.08248290e-01 8.16496581e-01
4.08248290e-01 4.08248290e-01 8.16496581e-01
-4.08248290e-01 -8.16496581e-01 4.08248290e-01
-4.08248290e-01 -8.16496581e-01 4.08248290e-01
-4.08248290e-01 -8.16496581e-01 4.08248290e-01
-4.08248290e-01 -8.16496581e-01 4.08248290e-01
4.08248290e-01 -8.16496581e-01 -4.08248290e-01
4.08248290e-01 -8.16496581e-01 -4.08248290e-01
4.08248290e-01 -8.16496581e-01 -4.08248290e-01
4.08248290e-01 -8.16496581e-01 -4.08248290e-01
4.08248290e-01 8.16496581e-01 -4.08248290e-01
4.08248290e-01 8.16496581e-01 -4.08248290e-01
4.08248290e-01 8.16496581e-01 -4.08248290e-01
4.08248290e-01 8.16496581e-01 -4.08248290e-01
-4.08248290e-01 8.16496581e-01 4.08248290e-01
-4.08248290e-01 8.16496581e-01 4.08248290e-01
-4.08248290e-01 8.16496581e-01 4.08248290e-01
-4.08248290e-01 8.16496581e-01 4.08248290e-01
-4.08248290e-01 8.16496581e-01 -4.08248290e-01
-4.08248290e-01 8.16496581e-01 -4.08248290e-01
-4.08248290e-01 8.16496581e-01 -4.08248290e-01
-4.08248290e-01 8.16496581e-01 -4.08248290e-01
4.08248290e-01 8.16496581e-01 4.08248290e-01
4.08248290e-01 8.16496581e-01 4.08248290e-01
4.08248290e-01 8.16496581e-01 4.08248290e-01
4.08248290e-01 8.16496581e-01 4.08248290e-01
4.08248290e-01 -8.16496581e-01 4.08248290e-01
4.08248290e-01 -8.16496581e-01 4.08248290e-01
4.08248290e-01 -8.16496581e-01 4.08248290e-01
4.08248290e-01 -8.16496581e-01 4.08248290e-01
-4.08248290e-01 -8.16496581e-01 -4.08248290e-01
-4.08248290e-01 -8.16496581e-01 -4.08248290e-01
-4.08248290e-01 -8.16496581e-01 -4.08248290e-01
-4.08248290e-01 -8.16496581e-01 -4.08248290e-01
8.16496581e-01 -4.08248290e-01 4.08248290e-01
8.16496581e-01 -4.08248290e-01 4.08248290e-01
8.16496581e-01 -4.08248290e-01 4.08248290e-01
8.16496581e-01 -4.08248290e-01 4.08248290e-01
8.16496581e-01 4.08248290e-01 -4.08248290e-01
8.16496581e-01 4.08248290e-01 -4.08248290e-01
8.16496581e-01 4.08248290e-01 -4.08248290e-01
8.16496581e-01 4.08248290e-01 -4.08248290e-01
-8.16496581e-01 4.08248290e-01 -4.08248290e-01
-8.16496581e-01 4.08248290e-01 -4.08248290e-01
-8.16496581e-01 4.08248290e-01 -4.08248290e-01
-8.16496581e-01 4.08248290e-01 -4.08248290e-01
-8.16496581e-01 -4.08248290e-01 4.08248290e-01
-8.16496581e-01 -4.08248290e-01 4.08248290e-01
-8.16496581e-01 -4.08248290e-01 4.08248290e-01
-8.16496581e-01 -4.08248290e-01 4.08248290e-01
-8.16496581e-01 -4.08248290e-01 -4.08248290e-01
-8.16496581e-01 -4.08248290e-01 -4.08248290e-01
-8.16496581e-01 -4.08248290e-01 -4.08248290e-01
-8.16496581e-01 -4.08248290e-01 -4.08248290e-01
-8.16496581e-01 4.08248290e-01 4.08248290e-01
-8.16496581e-01 4.08248290e-01 4.08248290e-01
-8.16496581e-01 4.08248290e-01 4.08248290e-01
-8.16496581e-01 4.08248290e-01 4.08248290e-01
8.16496581e-01 4.08248290e-01 4.08248290e-01
8.16496581e-01 4.08248290e-01 4.08248290e-01
8.16496581e-01 4.08248290e-01 4.08248290e-01
8.16496581e-01 4.08248290e-01 4.08248290e-01
8.16496581e-01 -4.08248290e-01 -4.08248290e-01
8.16496581e-01 -4.08248290e-01 -4.08248290e-01
8.16496581e-01 -4.08248290e-01 -4.08248290e-01
8.16496581e-01 -4.08248290e-01 -4.08248290e-01
4.08248290e-01 -4.08248290e-01 8.16496581e-01
4.08248290e-01 -4.08248290e-01 8.16496581e-01
4.08248290e-01 -4.08248290e-01 8.16496581e-01
4.08248290e-01 -4.08248290e-01 8.16496581e-01
-4.08248290e-01 4.08248290e-01 8.16496581e-01
-4.08248290e-01 4.08248290e-01 8.16496581e-01
-4.08248290e-01 4.08248290e-01 8.16496581e-01
-4.08248290e-01 4.08248290e-01 8.16496581e-01
-4.08248290e-01 4.08248290e-01 -8.16496581e-01
-4.08248290e-01 4.08248290e-01 -8.16496581e-01
-4.08248290e-01 4.08248290e-01 -8.16496581e-01
-4.08248290e-01 4.08248290e-01 -8.16496581e-01
4.08248290e-01 -4.08248290e-01 -8.16496581e-01
4.08248290e-01 -4.08248290e-01 -8.16496581e-01
4.08248290e-01 -4.08248290e-01 -8.16496581e-01
4.08248290e-01 -4.08248290e-01 -8.16496581e-01
4.08248290e-01 4.08248290e-01 -8.16496581e-01
4.08248290e-01 4.08248290e-01 -8.16496581e-01
4.08248290e-01 4.08248290e-01 -8.16496581e-01
4.08248290e-01 4.08248290e-01 -8.16496581e-01
-4.08248290e-01 -4.08248290e-01 -8.16496581e-01
-4.08248290e-01 -4.08248290e-01 -8.16496581e-01
-4.08248290e-01 -4.08248290e-01 -8.16496581e-01
-4.08248290e-01 -4.08248290e-01 -8.16496581e-01
-4.08248290e-01 -4.08248290e-01 8.16496581e-01
-4.08248290e-01 -4.08248290e-01 8.16496581e-01
-4.08248290e-01 -4.08248290e-01 8.16496581e-01
-4.08248290e-01 -4.08248290e-01 8.16496581e-01
4.08248290e-01 4.08248290e-01 8.16496581e-01
4.08248290e-01 4.08248290e-01 8.16496581e-01
4.08248290e-01 4.08248290e-01 8.16496581e-01
4.08248290e-01 4.08248290e-01 8.16496581e-01
-4.08248290e-01 -8.16496581e-01 4.08248290e-01
-4.08248290e-01 -8.16496581e-01 4.08248290e-01
-4.08248290e-01 -8.16496581e-01 4.08248290e-01
-4.08248290e-01 -8.16496581e-01 4.08248290e-01
4.08248290e-01 -8.16496581e-01 -4.08248290e-01
4.08248290e-01 -8.16496581e-01 -4.08248290e-01
4.08248290e-01 -8.16496581e-01 -4.08248290e-01
4.08248290e-01 -8.16496581e-01 -4.08248290e-01
4.08248290e-01 8.16496581e-01 -4.08248290e-01
4.08248290e-01 8.16496581e-01 -4.08248290e-01
4.08248290e-01 8.16496581e-01 -4.08248290e-01
4.08248290e-01 8.16496581e-01 -4.08248290e-01
-4.08248290e-01 8.16496581e-01 4.08248290e-01
-4.08248290e-01 8.16496581e-01 4.08248290e-01
-4.08248290e-01 8.16496581e-01 4.08248290e-01
-4.08248290e-01 8.16496581e-01 4.08248290e-01
-4.08248290e-01 8.16496581e-01 -4.08248290e-01
-4.08248290e-01 8.16496581e-01 -4.08248290e-01
-4.08248290e-01 8.16496581e-01 -4.08248290e-01
-4.08248290e-01 8.16496581e-01 -4.08248290e-01
4.08248290e-01 8.16496581e-01 4.08248290e-01
4.08248290e-01 8.16496581e-01 4.08248290e-01
4.08248290e-01 8.16496581e-01 4.08248290e-01
4.08248290e-01 8.16496581e-01 4.08248290e-01
4.08248290e-01 -8.16496581e-01 4.08248290e-01
4.08248290e-01 -8.16496581e-01 4.08248290e-01
4.08248290e-01 -8.16496581e-01 4.08248290e-01
4.08248290e-01 -8.16496581e-01 4.08248290e-01
-4.08248290e-01 -8.16496581e-01 -4.08248290e-01
-4.08248290e-01 -8.16496581e-01 -4.08248290e-01
-4.08248290e-01 -8.16496581e-01 -4.08248290e-01
-4.08248290e-01 -8.16496581e-01 -4.08248290e-01
8.16496581e-01 -4.08248290e-01 4.08248290e-01
8.16496581e-01 -4.08248290e-01 4.08248290e-01
8.16496581e-01 -4.08248290e-01 4.08248290e-01
8.16496581e-01 -4.08248290e-01 4.08248290e-01
8.16496581e-01 4.08248290e-01 -4.08248290e-01
8.16496581e-01 4.08248290e-01 -4.08248290e-01
8.16496581e-01 4.08248290e-01 -4.08248290e-01
8.16496581e-01 4.08248290e-01 -4.08248290e-01
-8.16496581e-01 4.08248290e-01 -4.08248290e-01
-8.16496581e-01 4.08248290e-01 -4.08248290e-01
-8.16496581e-01 4.08248290e-01 -4.08248290e-01
-8.16496581e-01 4.08248290e-01 -4.08248290e-01
-8.16496581e-01 -4.08248290e-01 4.08248290e-01
-8.16496581e-01 -4.08248290e-01 4.08248290e-01
-8.16496581e-01 -4.08248290e-01 4.08248290e-01
-8.16496581e-01 -4.08248290e-01 4.08248290e-01
-8.16496581e-01 -4.08248290e-01 -4.08248290e-01
-8.16496581e-01 -4.08248290e-01 -4.08248290e-01
-8.16496581e-01 -4.08248290e-01 -4.08248290e-01
-8.16496581e-01 -4.08248290e-01 -4.08248290e-01
-8.16496581e-01 4.08248290e-01 4.08248290e-01
-8.16496581e-01 4.08248290e-01 4.08248290e-01
-8.16496581e-01 4.08248290e-01 4.08248290e-01
-8.16496581e-01 4.08248290e-01 4.08248290e-01
8.16496581e-01 4.08248290e-01 4.08248290e-01
8.16496581e-01 4.08248290e-01 4.08248290e-01
8.16496581e-01 4.08248290e-01 4.08248290e-01
8.16496581e-01 4.08248290e-01 4.08248290e-01
8.16496581e-01 -4.08248290e-01 -4.08248290e-01
8.16496581e-01 -4.08248290e-01 -4.08248290e-01
8.16496581e-01 -4.08248290e-01 -4.08248290e-01
8.16496581e-01 -4.08248290e-01 -4.08248290e-01
4.08248290e-01 -4.08248290e-01 8.16496581e-01
4.08248290e-01 -4.08248290e-01 8.16496581e-01
4.08248290e-01 -4.08248290e-01 8.16496581e-01
4.08248290e-01 -4.08248290e-01 8.16496581e-01
-4.08248290e-01 4.08248290e-01 8.16496581e-01
-4.08248290e-01 4.08248290e-01 8.16496581e-01
-4.08248290e-01 4.08248290e-01 8.16496581e-01
-4.08248290e-01 4.08248290e-01 8.16496581e-01
-4.08248290e-01 4.08248290e-01 -8.16496581e-01
-4.08248290e-01 4.08248290e-01 -8.16496581e-01
-4.08248290e-01 4.08248290e-01 -8.16496581e-01
-4.08248290e-01 4.08248290e-01 -8.16496581e-01
4.08248290e-01 -4.08248290e-01 -8.16496581e-01
4.08248290e-01 -4.08248290e-01 -8.16496581e-01
4.08248290e-01 -4.08248290e-01 -8.16496581e-01
4.08248290e-01 -4.08248290e-01 -8.16496581e-01
4.08248290e-01 4.08248290e-01 -8.16496581e-01
4.08248290e-01 4.08248290e-01 -8.16496581e-01
4.08248290e-01 4.08248290e-01 -8.16496581e-01
4.08248290e-01 4.08248290e-01 -8.16496581e-01
-4.08248290e-01 -4.08248290e-01 -8.16496581e-01
-4.08248290e-01 -4.08248290e-01 -8.16496581e-01
-4.08248290e-01 -4.08248290e-01 -8.16496581e-01
-4.08248290e-01 -4.08248290e-01 -8.16496581e-01
-4.08248290e-01 -4.08248290e-01 8.16496581e-01
-4.08248290e-01 -4.08248290e-01 8.16496581e-01
-4.08248290e-01 -4.08248290e-01 8.16496581e-01
-4.08248290e-01 -4.08248290e-01 8.16496581e-01
4.08248290e-01 4.08248290e-01 8.16496581e-01
4.08248290e-01 4.08248290e-01 8.16496581e-01
4.08248290e-01 4.08248290e-01 8.16496581e-01
4.08248290e-01 4.08248290e-01 8.16496581e-01
-4.08248290e-01 -8.16496581e-01 4.08248290e-01
-4.08248290e-01 -8.16496581e-01 4.08248290e-01
-4.08248290e-01 -8.16496581e-01 4.08248290e-01
-4.08248290e-01 -8.16496581e-01 4.08248290e-01
4.08248290e-01 -8.16496581e-01 -4.08248290e-01
4.08248290e-01 -8.16496581e-01 -4.08248290e-01
4.08248290e-01 -8.16496581e-01 -4.08248290e-01
4.08248290e-01 -8.16496581e-01 -4.08248290e-01
4.08248290e-01 8.16496581e-01 -4.08248290e-01
4.08248290e-01 8.16496581e-01 -4.08248290e-01
4.08248290e-01 8.16496581e-01 -4.08248290e-01
4.08248290e-01 8.16496581e-01 -4.08248290e-01
-4.08248290e-01 8.16496581e-01 4.08248290e-01
-4.08248290e-01 8.16496581e-01 4.08248290e-01
-4.08248290e-01 8.16496581e-01 4.08248290e-01
-4.08248290e-01 8.16496581e-01 4.08248290e-01
-4.08248290e-01 8.16496581e-01 -4.08248290e-01
-4.08248290e-01 8.16496581e-01 -4.08248290e-01
-4.08248290e-01 8.16496581e-01 -4.08248290e-01
-4.08248290e-01 8.16496581e-01 -4.08248290e-01
4.08248290e-01 8.16496581e-01 4.08248290e-01
4.08248290e-01 8.16496581e-01 4.08248290e-01
4.08248290e-01 8.16496581e-01 4.08248290e-01
4.08248290e-01 8.16496581e-01 4.08248290e-01
4.08248290e-01 -8.16496581e-01 4.08248290e-01
4.08248290e-01 -8.16496581e-01 4.08248290e-01
4.08248290e-01 -8.16496581e-01 4.08248290e-01
4.08248290e-01 -8.16496581e-01 4.08248290e-01
-4.08248290e-01 -8.16496581e-01 -4.08248290e-01
-4.08248290e-01 -8.16496581e-01 -4.08248290e-01
-4.08248290e-01 -8.16496581e-01 -4.08248290e-01
-4.08248290e-01 -8.16496581e-01 -4.08248290e-01
8.16496581e-01 -4.08248290e-01 4.08248290e-01
8.16496581e-01 -4.08248290e-01 4.08248290e-01
8.16496581e-01 -4.08248290e-01 4.08248290e-01
8.16496581e-01 -4.08248290e-01 4.08248290e-01
8.16496581e-01 4.08248290e-01 -4.08248290e-01
8.16496581e-01 4.08248290e-01 -4.08248290e-01
8.16496581e-01 4.08248290e-01 -4.08248290e-01
8.16496581e-01 4.08248290e-01 -4.08248290e-01
-8.16496581e-01 4.08248290e-01 -4.08248290e-01
-8.16496581e-01 4.08248290e-01 -4.08248290e-01
-8.16496581e-01 4.08248290e-01 -4.08248290e-01
-8.16496581e-01 4.08248290e-01 -4.08248290e-01
-8.16496581e-01 -4.08248290e-01 4.08248290e-01
-8.16496581e-01 -4.08248290e-01 4.08248290e-01
-8.16496581e-01 -4.08248290e-01 4.08248290e-01
-8.16496581e-01 -4.08248290e-01 4.08248290e-01
-8.16496581e-01 -4.08248290e-01 -4.08248290e-01
-8.16496581e-01 -4.08248290e-01 -4.08248290e-01
-8.16496581e-01 -4.08248290e-01 -4.08248290e-01
-8.16496581e-01 -4.08248290e-01 -4.08248290e-01
-8.16496581e-01 4.08248290e-01 4.08248290e-01
-8.16496581e-01 4.08248290e-01 4.08248290e-01
-8.16496581e-01 4.08248290e-01 4.08248290e-01
-8.16496581e-01 4.08248290e-01 4.08248290e-01
8.16496581e-01 4.08248290e-01 4.08248290e-01
8.16496581e-01 4.08248290e-01 4.08248290e-01
8.16496581e-01 4.08248290e-01 4.08248290e-01
8.16496581e-01 4.08248290e-01 4.08248290e-01
8.16496581e-01 -4.08248290e-01 -4.08248290e-01
8.16496581e-01 -4.08248290e-01 -4.08248290e-01
8.16496581e-01 -4.08248290e-01 -4.08248290e-01
8.16496581e-01 -4.08248290e-01 -4.08248290e-01
4.08248290e-01 -4.08248290e-01 8.16496581e-01
4.08248290e-01 -4.08248290e-01 8.16496581e-01
4.08248290e-01 -4.08248290e-01 8.16496581e-01
4.08248290e-01 -4.08248290e-01 8.16496581e-01
-4.08248290e-01 4.08248290e-01 8.16496581e-01
-4.08248290e-01 4.08248290e-01 8.16496581e-01
-4.08248290e-01 4.08248290e-01 8.16496581e-01
-4.08248290e-01 4.08248290e-01 8.16496581e-01
-4.08248290e-01 4.08248290e-01 -8.16496581e-01
-4.08248290e-01 4.08248290e-01 -8.16496581e-01
-4.08248290e-01 4.08248290e-01 -8.16496581e-01
-4.08248290e-01 4.08248290e-01 -8.16496581e-01
4.08248290e-01 -4.08248290e-01 -8.16496581e-01
4.08248290e-01 -4.08248290e-01 -8.16496581e-01
4.08248290e-01 -4.08248290e-01 -8.16496581e-01
4.08248290e-01 -4.08248290e-01 -8.16496581e-01
4.08248290e-01 4.08248290e-01 -8.16496581e-01
4.08248290e-01 4.08248290e-01 -8.16496581e-01
4.08248290e-01 4.08248290e-01 -8.16496581e-01
4.08248290e-01 4.08248290e-01 -8.16496581e-01
-4.08248290e-01 -4.08248290e-01 -8.16496581e-01
-4.08248290e-01 -4.08248290e-01 -8.16496581e-01
-4.08248290e-01 -4.08248290e-01 -8.16496581e-01
-4.08248290e-01 -4.08248290e-01 -8.16496581e-01
-4.08248290e-01 -4.08248290e-01 8.16496581e-01
-4.08248290e-01 -4.08248290e-01 8.16496581e-01
-4.08248290e-01 -4.08248290e-01 8.16496581e-01
-4.08248290e-01 -4.08248290e-01 8.16496581e-01
4.08248290e-01 4.08248290e-01 8.16496581e-01
4.08248290e-01 4.08248290e-01 8.16496581e-01
4.08248290e-01 4.08248290e-01 8.16496581e-01
4.08248290e-01 4.08248290e-01 8.16496581e-01
-4.08248290e-01 -8.16496581e-01 4.08248290e-01
-4.08248290e-01 -8.16496581e-01 4.08248290e-01
-4.08248290e-01 -8.16496581e-01 4.08248290e-01
-4.08248290e-01 -8.16496581e-01 4.08248290e-01
4.08248290e-01 -8.16496581e-01 -4.08248290e-01
4.08248290e-01 -8.16496581e-01 -4.08248290e-01
4.08248290e-01 -8.16496581e-01 -4.08248290e-01
4.08248290e-01 -8.16496581e-01 -4.08248290e-01
4.08248290e-01 8.16496581e-01 -4.08248290e-01
4.08248290e-01 8.16496581e-01 -4.08248290e-01
4.08248290e-01 8.16496581e-01 -4.08248290e-01
4.08248290e-01 8.16496581e-01 -4.08248290e-01
-4.08248290e-01 8.16496581e-01 4.08248290e-01
-4.08248290e-01 8.16496581e-01 4.08248290e-01
-4.08248290e-01 8.16496581e-01 4.08248290e-01
-4.08248290e-01 8.16496581e-01 4.08248290e-01
-4.08248290e-01 8.16496581e-01 -4.08248290e-01
-4.08248290e-01 8.16496581e-01 -4.08248290e-01
-4.08248290e-01 8.16496581e-01 -4.08248290e-01
-4.08248290e-01 8.16496581e-01 -4.08248290e-01
4.08248290e-01 8.16496581e-01 4.08248290e-01
4.08248290e-01 8.16496581e-01 4.08248290e-01
4.08248290e-01 8.16496581e-01 4.08248290e-01
4.08248290e-01 8.16496581e-01 4.08248290e-01
4.08248290e-01 -8.16496581e-01 4.08248290e-01
4.08248290e-01 -8.16496581e-01 4.08248290e-01
4.08248290e-01 -8.16496581e-01 4.08248290e-01
4.08248290e-01 -8.16496581e-01 4.08248290e-01
-4.08248290e-01 -8.16496581e-01 -4.08248290e-01
-4.08248290e-01 -8.16496581e-01 -4.08248290e-01
-4.08248290e-01 -8.16496581e-01 -4.08248290e-01
-4.08248290e-01 -8.16496581e-01 -4.08248290e-01
8.16496581e-01 -4.08248290e-01 4.08248290e-01
8.16496581e-01 -4.08248290e-01 4.08248290e-01
8.16496581e-01 -4.08248290e-01 4.08248290e-01
8.16496581e-01 -4.08248290e-01 4.08248290e-01
8.16496581e-01 4.08248290e-01 -4.08248290e-01
8.16496581e-01 4.08248290e-01 -4.08248290e-01
8.16496581e-01 4.08248290e-01 -4.08248290e-01
8.16496581e-01 4.08248290e-01 -4.08248290e-01
-8.16496581e-01 4.08248290e-01 -4.08248290e-01
-8.16496581e-01 4.08248290e-01 -4.08248290e-01
-8.16496581e-01 4.08248290e-01 -4.08248290e-01
-8.16496581e-01 4.08248290e-01 -4.08248290e-01
-8.16496581e-01 -4.08248290e-01 4.08248290e-01
-8.16496581e-01 -4.08248290e-01 4.08248290e-01
-8.16496581e-01 -4.08248290e-01 4.08248290e-01
-8.16496581e-01 -4.08248290e-01 4.08248290e-01
-8.16496581e-01 -4.08248290e-01 -4.08248290e-01
-8.16496581e-01 -4.08248290e-01 -4.08248290e-01
-8.16496581e-01 -4.08248290e-01 -4.08248290e-01
-8.16496581e-01 -4.08248290e-01 -4.08248290e-01
-8.16496581e-01 4.08248290e-01 4.08248290e-01
-8.16496581e-01 4.08248290e-01 4.08248290e-01
-8.16496581e-01 4.08248290e-01 4.08248290e-01
-8.16496581e-01 4.08248290e-01 4.08248290e-01
8.16496581e-01 4.08248290e-01 4.08248290e-01
8.16496581e-01 4.08248290e-01 4.08248290e-01
8.16496581e-01 4.08248290e-01 4.08248290e-01
8.16496581e-01 4.08248290e-01 4.08248290e-01
8.16496581e-01 -4.08248290e-01 -4.08248290e-01
8.16496581e-01 -4.08248290e-01 -4.08248290e-01
8.16496581e-01 -4.08248290e-01 -4.08248290e-01
8.16496581e-01 -4.08248290e-01 -4.08248290e-01
4.08248290e-01 -4.08248290e-01 8.16496581e-01
4.08248290e-01 -4.08248290e-01 8.16496581e-01
4.08248290e-01 -4.08248290e-01 8.16496581e-01
4.08248290e-01 -4.08248290e-01 8.16496581e-01
-4.08248290e-01 4.08248290e-01 8.16496581e-01
-4.08248290e-01 4.08248290e-01 8.16496581e-01
-4.08248290e-01 4.08248290e-01 8.16496581e-01
-4.08248290e-01 4.08248290e-01 8.16496581e-01
-4.08248290e-01 4.08248290e-01 -8.16496581e-01
-4.08248290e-01 4.08248290e-01 -8.16496581e-01
-4.08248290e-01 4.08248290e-01 -8.16496581e-01
-4.08248290e-01 4.08248290e-01 -8.16496581e-01
4.08248290e-01 -4.08248290e-01 -8.16496581e-01
4.08248290e-01 -4.08248290e-01 -8.16496581e-01
4.08248290e-01 -4.08248290e-01 -8.16496581e-01
4.08248290e-01 -4.08248290e-01 -8.16496581e-01
4.08248290e-01 4.08248290e-01 -8.16496581e-01
4.08248290e-01 4.08248290e-01 -8.16496581e-01
4.08248290e-01 4.08248290e-01 -8.16496581e-01
4.08248290e-01 4.08248290e-01 -8.16496581e-01
-4.08248290e-01 -4.08248290e-01 -8.16496581e-01
-4.08248290e-01 -4.08248290e-01 -8.16496581e-01
-4.08248290e-01 -4.08248290e-01 -8.16496581e-01
-4.08248290e-01 -4.08248290e-01 -8.16496581e-01
-4.08248290e-01 -4.08248290e-01 8.16496581e-01
-4.08248290e-01 -4.08248290e-01 8.16496581e-01
-4.08248290e-01 -4.08248290e-01 8.16496581e-01
-4.08248290e-01 -4.08248290e-01 8.16496581e-01
4.08248290e-01 4.08248290e-01 8.16496581e-01
4.08248290e-01 4.08248290e-01 8.16496581e-01
4.08248290e-01 4.08248290e-01 8.16496581e-01
4.08248290e-01 4.08248290e-01 8.16496581e-01
-4.08248290e-01 -8.16496581e-01 4.08248290e-01
-4.08248290e-01 -8.16496581e-01 4.08248290e-01
-4.08248290e-01 -8.16496581e-01 4.08248290e-01
-4.08248290e-01 -8.16496581e-01 4.08248290e-01
4.08248290e-01 -8.16496581e-01 -4.08248290e-01
4.08248290e-01 -8.16496581e-01 -4.08248290e-01
4.08248290e-01 -8.16496581e-01 -4.08248290e-01
4.08248290e-01 -8.16496581e-01 -4.08248290e-01
4.08248290e-01 8.16496581e-01 -4.08248290e-01
4.08248290e-01 8.16496581e-01 -4.08248290e-01
4.08248290e-01 8.16496581e-01 -4.08248290e-01
4.08248290e-01 8.16496581e-01 -4.08248290e-01
-4.08248290e-01 8.16496581e-01 4.08248290e-01
-4.08248290e-01 8.16496581e-01 4.08248290e-01
-4.08248290e-01 8.16496581e-01 4.08248290e-01
-4.08248290e-01 8.16496581e-01 4.08248290e-01
-4.08248290e-01 8.16496581e-01 -4.08248290e-01
-4.08248290e-01 8.16496581e-01 -4.08248290e-01
-4.08248290e-01 8.16496581e-01 -4.08248290e-01
-4.08248290e-01 8.16496581e-01 -4.08248290e-01
4.08248290e-01 8.16496581e-01 4.08248290e-01
4.08248290e-01 8.16496581e-01 4.08248290e-01
4.08248290e-01 8.16496581e-01 4.08248290e-01
4.08248290e-01 8.16496581e-01 4.08248290e-01
4.08248290e-01 -8.16496581e-01 4.08248290e-01
4.08248290e-01 -8.16496581e-01 4.08248290e-01
4.08248290e-01 -8.16496581e-01 4.08248290e-01
4.08248290e-01 -8.16496581e-01 4.08248290e-01
-4.08248290e-01 -8.16496581e-01 -4.08248290e-01
-4.08248290e-01 -8.16496581e-01 -4.08248290e-01
-4.08248290e-01 -8.16496581e-01 -4.08248290e-01
-4.08248290e-01 -8.16496581e-01 -4.08248290e-01
8.16496581e-01 -4.08248290e-01 4.08248290e-01
8.16496581e-01 -4.08248290e-01 4.08248290e-01
8.16496581e-01 -4.08248290e-01 4.08248290e-01
8.16496581e-01 -4.08248290e-01 4.08248290e-01
8.16496581e-01 4.08248290e-01 -4.08248290e-01
8.16496581e-01 4.08248290e-01 -4.08248290e-01
8.16496581e-01 4.08248290e-01 -4.08248290e-01
8.16496581e-01 4.08248290e-01 -4.08248290e-01
-8.16496581e-01 4.08248290e-01 -4.08248290e-01
-8.16496581e-01 4.08248290e-01 -4.08248290e-01
-8.16496581e-01 4.08248290e-01 -4.08248290e-01
-8.16496581e-01 4.08248290e-01 -4.08248290e-01
-8.16496581e-01 -4.08248290e-01 4.08248290e-01
-8.16496581e-01 -4.08248290e-01 4.08248290e-01
-8.16496581e-01 -4.08248290e-01 4.08248290e-01
-8.16496581e-01 -4.08248290e-01 4.08248290e-01
-8.16496581e-01 -4.08248290e-01 -4.08248290e-01
-8.16496581e-01 -4.08248290e-01 -4.08248290e-01
-8.16496581e-01 -4.08248290e-01 -4.08248290e-01
-8.16496581e-01 -4.08248290e-01 -4.08248290e-01
-8.16496581e-01 4.08248290e-01 4.08248290e-01
-8.16496581e-01 4.08248290e-01 4.08248290e-01
-8.16496581e-01 4.08248290e-01 4.08248290e-01
-8.16496581e-01 4.08248290e-01 4.08248290e-01
8.16496581e-01 4.08248290e-01 4.08248290e-01
8.16496581e-01 4.08248290e-01 4.08248290e-01
8.16496581e-01 4.08248290e-01 4.08248290e-01
8.16496581e-01 4.08248290e-01 4.08248290e-01
8.16496581e-01 -4.08248290e-01 -4.08248290e-01
8.16496581e-01 -4.08248290e-01 -4.08248290e-01
8.16496581e-01 -4.08248290e-01 -4.08248290e-01
8.16496581e-01 -4.08248290e-01 -4.08248290e-01
4.08248290e-01 -4.08248290e-01 8.16496581e-01
4.08248290e-01 -4.08248290e-01 8.16496581e-01
4.08248290e-01 -4.08248290e-01 8.16496581e-01
4.08248290e-01 -4.08248290e-01 8.16496581e-01
-4.08248290e-01 4.08248290e-01 8.16496581e-01
-4.08248290e-01 4.08248290e-01 8.16496581e-01
-4.08248290e-01 4.08248290e-01 8.16496581e-01
-4.08248290e-01 4.08248290e-01 8.16496581e-01
-4.08248290e-01 4.08248290e-01 -8.16496581e-01
-4.08248290e-01 4.08248290e-01 -8.16496581e-01
-4.08248290e-01 4.08248290e-01 -8.16496581e-01
-4.08248290e-01 4.08248290e-01 -8.16496581e-01
4.08248290e-01 -4.08248290e-01 -8.16496581e-01
4.08248290e-01 -4.08248290e-01 -8.16496581e-01
4.08248290e-01 -4.08248290e-01 -8.16496581e-01
4.08248290e-01 -4.08248290e-01 -8.16496581e-01
4.08248290e-01 4.08248290e-01 -8.16496581e-01
4.08248290e-01 4.08248290e-01 -8.16496581e-01
4.08248290e-01 4.08248290e-01 -8.16496581e-01
4.08248290e-01 4.08248290e-01 -8.16496581e-01
-4.08248290e-01 -4.08248290e-01 -8.16496581e-01
-4.08248290e-01 -4.08248290e-01 -8.16496581e-01
-4.08248290e-01 -4.08248290e-01 -8.16496581e-01
-4.08248290e-01 -4.08248290e-01 -8.16496581e-01
-4.08248290e-01 -4.08248290e-01 8.16496581e-01
-4.08248290e-01 -4.08248290e-01 8.16496581e-01
-4.08248290e-01 -4.08248290e-01 8.16496581e-01
-4.08248290e-01 -4.08248290e-01 8.16496581e-01
4.08248290e-01 4.08248290e-01 8.16496581e-01
4.08248290e-01 4.08248290e-01 8.16496581e-01
4.08248290e-01 4.08248290e-01 8.16496581e-01
4.08248290e-01 4.08248290e-01 8.16496581e-01
-4.08248290e-01 -8.16496581e-01 4.08248290e-01
-4.08248290e-01 -8.16496581e-01 4.08248290e-01
-4.08248290e-01 -8.16496581e-01 4.08248290e-01
-4.08248290e-01 -8.16496581e-01 4.08248290e-01
4.08248290e-01 -8.16496581e-01 -4.08248290e-01
4.08248290e-01 -8.16496581e-01 -4.08248290e-01
4.08248290e-01 -8.16496581e-01 -4.08248290e-01
4.08248290e-01 -8.16496581e-01 -4.08248290e-01
4.08248290e-01 8.16496581e-01 -4.08248290e-01
4.08248290e-01 8.16496581e-01 -4.08248290e-01
4.08248290e-01 8.16496581e-01 -4.08248290e-01
4.08248290e-01 8.16496581e-01 -4.08248290e-01
-4.08248290e-01 8.16496581e-01 4.08248290e-01
-4.08248290e-01 8.16496581e-01 4.08248290e-01
-4.08248290e-01 8.16496581e-01 4.08248290e-01
-4.08248290e-01 8.16496581e-01 4.08248290e-01
-4.08248290e-01 8.16496581e-01 -4.08248290e-01
-4.08248290e-01 8.16496581e-01 -4.08248290e-01
-4.08248290e-01 8.16496581e-01 -4.08248290e-01
-4.08248290e-01 8.16496581e-01 -4.08248290e-01
4.08248290e-01 8.16496581e-01 4.08248290e-01
4.08248290e-01 8.16496581e-01 4.08248290e-01
4.08248290e-01 8.16496581e-01 4.08248290e-01
4.08248290e-01 8.16496581e-01 4.08248290e-01
4.08248290e-01 -8.16496581e-01 4.08248290e-01
4.08248290e-01 -8.16496581e-01 4.08248290e-01
4.08248290e-01 -8.16496581e-01 4.08248290e-01
4.08248290e-01 -8.16496581e-01 4.08248290e-01
-4.08248290e-01 -8.16496581e-01 -4.08248290e-01
-4.08248290e-01 -8.16496581e-01 -4.08248290e-01
-4.08248290e-01 -8.16496581e-01 -4.08248290e-01
-4.08248290e-01 -8.16496581e-01 -4.08248290e-01
8.16496581e-01 -4.08248290e-01 4.08248290e-01
8.16496581e-01 -4.08248290e-01 4.08248290e-01
8.16496581e-01 -4.08248290e-01 4.08248290e-01
8.16496581e-01 -4.08248290e-01 4.08248290e-01
8.16496581e-01 4.08248290e-01 -4.08248290e-01
8.16496581e-01 4.08248290e-01 -4.08248290e-01
8.16496581e-01 4.08248290e-01 -4.08248290e-01
8.16496581e-01 4.08248290e-01 -4.08248290e-01
-8.16496581e-01 4.08248290e-01 -4.08248290e-01
-8.16496581e-01 4.08248290e-01 -4.08248290e-01
-8.16496581e-01 4.08248290e-01 -4.08248290e-01
-8.16496581e-01 4.08248290e-01 -4.08248290e-01
-8.16496581e-01 -4.08248290e-01 4.08248290e-01
-8.16496581e-01 -4.08248290e-01 4.08248290e-01
-8.16496581e-01 -4.08248290e-01 4.08248290e-01
-8.16496581e-01 -4.08248290e-01 4.08248290e-01
-8.16496581e-01 -4.08248290e-01 -4.08248290e-01
-8.16496581e-01 -4.08248290e-01 -4.08248290e-01
-8.16496581e-01 -4.08248290e-01 -4.08248290e-01
-8.16496581e-01 -4.08248290e-01 -4.08248290e-01
-8.16496581e-01 4.08248290e-01 4.08248290e-01
-8.16496581e-01 4.08248290e-01 4.08248290e-01
-8.16496581e-01 4.08248290e-01 4.08248290e-01
-8.16496581e-01 4.08248290e-01 4.08248290e-01
8.16496581e-01 4.08248290e-01 4.08248290e-01
8.16496581e-01 4.08248290e-01 4.08248290e-01
8.16496581e-01 4.08248290e-01 4.08248290e-01
8.16496581e-01 4.08248290e-01 4.08248290e-01
8.16496581e-01 -4.08248290e-01 -4.08248290e-01
8.16496581e-01 -4.08248290e-01 -4.08248290e-01
8.16496581e-01 -4.08248290e-01 -4.08248290e-01
8.16496581e-01 -4.08248290e-01 -4.08248290e-01
4.08248290e-01 -4.08248290e-01 8.16496581e-01
4.08248290e-01 -4.08248290e-01 8.16496581e-01
4.08248290e-01 -4.08248290e-01 8.16496581e-01
4.08248290e-01 -4.08248290e-01 8.16496581e-01
-4.08248290e-01 4.08248290e-01 8.16496581e-01
-4.08248290e-01 4.08248290e-01 8.16496581e-01
-4.08248290e-01 4.08248290e-01 8.16496581e-01
-4.08248290e-01 4.08248290e-01 8.16496581e-01
-4.08248290e-01 4.08248290e-01 -8.16496581e-01
-4.08248290e-01 4.08248290e-01 -8.16496581e-01
-4.08248290e-01 4.08248290e-01 -8.16496581e-01
-4.08248290e-01 4.08248290e-01 -8.16496581e-01
4.08248290e-01 -4.08248290e-01 -8.16496581e-01
4.08248290e-01 -4.08248290e-01 -8.16496581e-01
4.08248290e-01 -4.08248290e-01 -8.16496581e-01
4.08248290e-01 -4.08248290e-01 -8.16496581e-01
4.08248290e-01 4.08248290e-01 -8.16496581e-01
4.08248290e-01 4.08248290e-01 -8.16496581e-01
4.08248290e-01 4.08248290e-01 -8.16496581e-01
4.08248290e-01 4.08248290e-01 -8.16496581e-01
-4.08248290e-01 -4.08248290e-01 -8.16496581e-01
-4.08248290e-01 -4.08248290e-01 -8.16496581e-01
-4.08248290e-01 -4.08248290e-01 -8.16496581e-01
-4.08248290e-01 -4.08248290e-01 -8.16496581e-01
-4.08248290e-01 -4.08248290e-01 8.16496581e-01
-4.08248290e-01 -4.08248290e-01 8.16496581e-01
-4.08248290e-01 -4.08248290e-01 8.16496581e-01
-4.08248290e-01 -4.08248290e-01 8.16496581e-01
4.08248290e-01 4.08248290e-01 8.16496581e-01
4.08248290e-01 4.08248290e-01 8.16496581e-01
4.08248290e-01 4.08248290e-01 8.16496581e-01
4.08248290e-01 4.08248290e-01 8.16496581e-01
-4.08248290e-01 -8.16496581e-01 4.08248290e-01
-4.08248290e-01 -8.16496581e-01 4.08248290e-01
-4.08248290e-01 -8.16496581e-01 4.08248290e-01
-4.08248290e-01 -8.16496581e-01 4.08248290e-01
4.08248290e-01 -8.16496581e-01 -4.08248290e-01
4.08248290e-01 -8.16496581e-01 -4.08248290e-01
4.08248290e-01 -8.16496581e-01 -4.08248290e-01
4.08248290e-01 -8.16496581e-01 -4.08248290e-01
4.08248290e-01 8.16496581e-01 -4.08248290e-01
4.08248290e-01 8.16496581e-01 -4.08248290e-01
4.08248290e-01 8.16496581e-01 -4.08248290e-01
4.08248290e-01 8.16496581e-01 -4.08248290e-01
-4.08248290e-01 8.16496581e-01 4.08248290e-01
-4.08248290e-01 8.16496581e-01 4.08248290e-01
-4.08248290e-01 8.16496581e-01 4.08248290e-01
-4.08248290e-01 8.16496581e-01 4.08248290e-01
-4.08248290e-01 8.16496581e-01 -4.08248290e-01
-4.08248290e-01 8.16496581e-01 -4.08248290e-01
-4.08248290e-01 8.16496581e-01 -4.08248290e-01
-4.08248290e-01 8.16496581e-01 -4.08248290e-01
4.08248290e-01 8.16496581e-01 4.08248290e-01
4.08248290e-01 8.16496581e-01 4.08248290e-01
4.08248290e-01 8.16496581e-01 4.08248290e-01
4.08248290e-01 8.16496581e-01 4.08248290e-01
4.08248290e-01 -8.16496581e-01 4.08248290e-01
4.08248290e-01 -8.16496581e-01 4.08248290e-01
4.08248290e-01 -8.16496581e-01 4.08248290e-01
4.08248290e-01 -8.16496581e-01 4.08248290e-01
-4.08248290e-01 -8.16496581e-01 -4.08248290e-01
-4.08248290e-01 -8.16496581e-01 -4.08248290e-01
-4.08248290e-01 -8.16496581e-01 -4.08248290e-01
-4.08248290e-01 -8.16496581e-01 -4.08248290e-01
8.16496581e-01 -4.08248290e-01 4.08248290e-01
8.16496581e-01 -4.08248290e-01 4.08248290e-01
8.16496581e-01 -4.08248290e-01 4.08248290e-01
8.16496581e-01 -4.08248290e-01 4.08248290e-01
8.16496581e-01 4.08248290e-01 -4.08248290e-01
8.16496581e-01 4.08248290e-01 -4.08248290e-01
8.16496581e-01 4.08248290e-01 -4.08248290e-01
8.16496581e-01 4.08248290e-01 -4.08248290e-01
-8.16496581e-01 4.08248290e-01 -4.08248290e-01
-8.16496581e-01 4.08248290e-01 -4.08248290e-01
-8.16496581e-01 4.08248290e-01 -4.08248290e-01
-8.16496581e-01 4.08248290e-01 -4.08248290e-01
-8.16496581e-01 -4.08248290e-01 4.08248290e-01
-8.16496581e-01 -4.08248290e-01 4.08248290e-01
-8.16496581e-01 -4.08248290e-01 4.08248290e-01
-8.16496581e-01 -4.08248290e-01 4.08248290e-01
-8.16496581e-01 -4.08248290e-01 -4.08248290e-01
-8.16496581e-01 -4.08248290e-01 -4.08248290e-01
-8.16496581e-01 -4.08248290e-01 -4.08248290e-01
-8.16496581e-01 -4.08248290e-01 -4.08248290e-01
-8.16496581e-01 4.08248290e-01 4.08248290e-01
-8.16496581e-01 4.08248290e-01 4.08248290e-01
-8.16496581e-01 4.08248290e-01 4.08248290e-01
-8.16496581e-01 4.08248290e-01 4.08248290e-01
8.16496581e-01 4.08248290e-01 4.08248290e-01
8.16496581e-01 4.08248290e-01 4.08248290e-01
8.16496581e-01 4.08248290e-01 4.08248290e-01
8.16496581e-01 4.08248290e-01 4.08248290e-01
8.16496581e-01 -4.08248290e-01 -4.08248290e-01
8.16496581e-01 -4.08248290e-01 -4.08248290e-01
8.16496581e-01 -4.08248290e-01 -4.08248290e-01
8.16496581e-01 -4.08248290e-01 -4.08248290e-01
4.08248290e-01 -4.08248290e-01 8.16496581e-01
4.08248290e-01 -4.08248290e-01 8.16496581e-01
4.08248290e-01 -4.08248290e-01 8.16496581e-01
4.08248290e-01 -4.08248290e-01 8.16496581e-01
-4.08248290e-01 4.08248290e-01 8.16496581e-01
-4.08248290e-01 4.08248290e-01 8.16496581e-01
-4.08248290e-01 4.08248290e-01 8.16496581e-01
-4.08248290e-01 4.08248290e-01 8.16496581e-01
-4.08248290e-01 4.08248290e-01 -8.16496581e-01
-4.08248290e-01 4.08248290e-01 -8.16496581e-01
-4.08248290e-01 4.08248290e-01 -8.16496581e-01
-4.08248290e-01 4.08248290e-01 -8.16496581e-01
4.08248290e-01 -4.08248290e-01 -8.16496581e-01
4.08248290e-01 -4.08248290e-01 -8.16496581e-01
4.08248290e-01 -4.08248290e-01 -8.16496581e-01
4.08248290e-01 -4.08248290e-01 -8.16496581e-01
4.08248290e-01 4.08248290e-01 -8.16496581e-01
4.08248290e-01 4.08248290e-01 -8.16496581e-01
4.08248290e-01 4.08248290e-01 -8.16496581e-01
4.08248290e-01 4.08248290e-01 -8.16496581e-01
-4.08248290e-01 -4.08248290e-01 -8.16496581e-01
-4.08248290e-01 -4.08248290e-01 -8.16496581e-01
-4.08248290e-01 -4.08248290e-01 -8.16496581e-01
-4.08248290e-01 -4.08248290e-01 -8.16496581e-01
-4.08248290e-01 -4.08248290e-01 8.16496581e-01
-4.08248290e-01 -4.08248290e-01 8.16496581e-01
-4.08248290e-01 -4.08248290e-01 8.16496581e-01
-4.08248290e-01 -4.08248290e-01 8.16496581e-01
4.08248290e-01 4.08248290e-01 8.16496581e-01
4.08248290e-01 4.08248290e-01 8.16496581e-01
4.08248290e-01 4.08248290e-01 8.16496581e-01
4.08248290e-01 4.08248290e-01 8.16496581e-01
-4.08248290e-01 -8.16496581e-01 4.08248290e-01
-4.08248290e-01 -8.16496581e-01 4.08248290e-01
-4.08248290e-01 -8.16496581e-01 4.08248290e-01
-4.08248290e-01 -8.16496581e-01 4.08248290e-01
4.08248290e-01 -8.16496581e-01 -4.08248290e-01
4.08248290e-01 -8.16496581e-01 -4.08248290e-01
4.08248290e-01 -8.16496581e-01 -4.08248290e-01
4.08248290e-01 -8.16496581e-01 -4.08248290e-01
4.08248290e-01 8.16496581e-01 -4.08248290e-01
4.08248290e-01 8.16496581e-01 -4.08248290e-01
4.08248290e-01 8.16496581e-01 -4.08248290e-01
4.08248290e-01 8.16496581e-01 -4.08248290e-01
-4.08248290e-01 8.16496581e-01 4.08248290e-01
-4.08248290e-01 8.16496581e-01 4.08248290e-01
-4.08248290e-01 8.16496581e-01 4.08248290e-01
-4.08248290e-01 8.16496581e-01 4.08248290e-01
-4.08248290e-01 8.16496581e-01 -4.08248290e-01
-4.08248290e-01 8.16496581e-01 -4.08248290e-01
-4.08248290e-01 8.16496581e-01 -4.08248290e-01
-4.08248290e-01 8.16496581e-01 -4.08248290e-01
4.08248290e-01 8.16496581e-01 4.08248290e-01
4.08248290e-01 8.16496581e-01 4.08248290e-01
4.08248290e-01 8.16496581e-01 4.08248290e-01
4.08248290e-01 8.16496581e-01 4.08248290e-01
4.08248290e-01 -8.16496581e-01 4.08248290e-01
4.08248290e-01 -8.16496581e-01 4.08248290e-01
4.08248290e-01 -8.16496581e-01 4.08248290e-01
4.08248290e-01 -8.16496581e-01 4.08248290e-01
-4.08248290e-01 -8.16496581e-01 -4.08248290e-01
-4.08248290e-01 -8.16496581e-01 -4.08248290e-01
-4.08248290e-01 -8.16496581e-01 -4.08248290e-01
-4.08248290e-01 -8.16496581e-01 -4.08248290e-01
8.16496581e-01 -4.08248290e-01 4.08248290e-01
8.16496581e-01 -4.08248290e-01 4.08248290e-01
8.16496581e-01 -4.08248290e-01 4.08248290e-01
8.16496581e-01 -4.08248290e-01 4.08248290e-01
8.16496581e-01 4.08248290e-01 -4.08248290e-01
8.16496581e-01 4.08248290e-01 -4.08248290e-01
8.16496581e-01 4.08248290e-01 -4.08248290e-01
8.16496581e-01 4.08248290e-01 -4.08248290e-01
-8.16496581e-01 4.08248290e-01 -4.08248290e-01
-8.16496581e-01 4.08248290e-01 -4.08248290e-01
-8.16496581e-01 4.08248290e-01 -4.08248290e-01
-8.16496581e-01 4.08248290e-01 -4.08248290e-01
-8.16496581e-01 -4.08248290e-01 4.08248290e-01
-8.16496581e-01 -4.08248290e-01 4.08248290e-01
-8.16496581e-01 -4.08248290e-01 4.08248290e-01
-8.16496581e-01 -4.08248290e-01 4.08248290e-01
-8.16496581e-01 -4.08248290e-01 -4.08248290e-01
-8.16496581e-01 -4.08248290e-01 -4.08248290e-01
-8.16496581e-01 -4.08248290e-01 -4.08248290e-01
-8.16496581e-01 -4.08248290e-01 -4.08248290e-01
-8.16496581e-01 4.08248290e-01 4.08248290e-01
-8.16496581e-01 4.08248290e-01 4.08248290e-01
-8.16496581e-01 4.08248290e-01 4.08248290e-01
-8.16496581e-01 4.08248290e-01 4.08248290e-01
8.16496581e-01 4.08248290e-01 4.08248290e-01
8.16496581e-01 4.08248290e-01 4.08248290e-01
8.16496581e-01 4.08248290e-01 4.08248290e-01
8.16496581e-01 4.08248290e-01 4.08248290e-01
8.16496581e-01 -4.08248290e-01 -4.08248290e-01
8.16496581e-01 -4.08248290e-01 -4.08248290e-01
8.16496581e-01 -4.08248290e-01 -4.08248290e-01
8.16496581e-01 -4.08248290e-01 -4.08248290e-01
4.08248290e-01 -4.08248290e-01 8.16496581e-01
4.08248290e-01 -4.08248290e-01 8.16496581e-01
4.08248290e-01 -4.08248290e-01 8.16496581e-01
4.08248290e-01 -4.08248290e-01 8.16496581e-01
-4.08248290e-01 4.08248290e-01 8.16496581e-01
-4.08248290e-01 4.08248290e-01 8.16496581e-01
-4.08248290e-01 4.08248290e-01 8.16496581e-01
-4.08248290e-01 4.08248290e-01 8.16496581e-01
-4.08248290e-01 4.08248290e-01 -8.16496581e-01
-4.08248290e-01 4.08248290e-01 -8.16496581e-01
-4.08248290e-01 4.08248290e-01 -8.16496581e-01
-4.08248290e-01 4.08248290e-01 -8.16496581e-01
4.08248290e-01 -4.08248290e-01 -8.16496581e-01
4.08248290e-01 -4.08248290e-01 -8.16496581e-01
4.08248290e-01 -4.08248290e-01 -8.16496581e-01
4.08248290e-01 -4.08248290e-01 -8.16496581e-01
4.08248290e-01 4.08248290e-01 -8.16496581e-01
4.08248290e-01 4.08248290e-01 -8.16496581e-01
4.08248290e-01 4.08248290e-01 -8.16496581e-01
4.08248290e-01 4.08248290e-01 -8.16496581e-01
-4.08248290e-01 -4.08248290e-01 -8.16496581e-01
-4.08248290e-01 -4.08248290e-01 -8.16496581e-01
-4.08248290e-01 -4.08248290e-01 -8.16496581e-01
-4.08248290e-01 -4.08248290e-01 -8.16496581e-01
-4.08248290e-01 -4.08248290e-01 8.16496581e-01
-4.08248290e-01 -4.08248290e-01 8.16496581e-01
-4.08248290e-01 -4.08248290e-01 8.16496581e-01
-4.08248290e-01 -4.08248290e-01 8.16496581e-01
4.08248290e-01 4.08248290e-01 8.16496581e-01
4.08248290e-01 4.08248290e-01 8.16496581e-01
4.08248290e-01 4.08248290e-01 8.16496581e-01
4.08248290e-01 4.08248290e-01 8.16496581e-01
-4.08248290e-01 -8.16496581e-01 4.08248290e-01
-4.08248290e-01 -8.16496581e-01 4.08248290e-01
-4.08248290e-01 -8.16496581e-01 4.08248290e-01
-4.08248290e-01 -8.16496581e-01 4.08248290e-01
4.08248290e-01 -8.16496581e-01 -4.08248290e-01
4.08248290e-01 -8.16496581e-01 -4.08248290e-01
4.08248290e-01 -8.16496581e-01 -4.08248290e-01
4.08248290e-01 -8.16496581e-01 -4.08248290e-01
4.08248290e-01 8.16496581e-01 -4.08248290e-01
4.08248290e-01 8.16496581e-01 -4.08248290e-01
4.08248290e-01 8.16496581e-01 -4.08248290e-01
4.08248290e-01 8.16496581e-01 -4.08248290e-01
-4.08248290e-01 8.16496581e-01 4.08248290e-01
-4.08248290e-01 8.16496581e-01 4.08248290e-01
-4.08248290e-01 8.16496581e-01 4.08248290e-01
-4.08248290e-01 8.16496581e-01 4.08248290e-01
-4.08248290e-01 8.16496581e-01 -4.08248290e-01
-4.08248290e-01 8.16496581e-01 -4.08248290e-01
-4.08248290e-01 8.16496581e-01 -4.08248290e-01
-4.08248290e-01 8.16496581e-01 -4.08248290e-01
4.08248290e-01 8.16496581e-01 4.08248290e-01
4.08248290e-01 8.16496581e-01 4.08248290e-01
4.08248290e-01 8.16496581e-01 4.08248290e-01
4.08248290e-01 8.16496581e-01 4.08248290e-01
4.08248290e-01 -8.16496581e-01 4.08248290e-01
4.08248290e-01 -8.16496581e-01 4.08248290e-01
4.08248290e-01 -8.16496581e-01 4.08248290e-01
4.08248290e-01 -8.16496581e-01 4.08248290e-01
-4.08248290e-01 -8.16496581e-01 -4.08248290e-01
-4.08248290e-01 -8.16496581e-01 -4.08248290e-01
-4.08248290e-01 -8.16496581e-01 -4.08248290e-01
-4.08248290e-01 -8.16496581e-01 -4.08248290e-01
8.16496581e-01 -4.08248290e-01 4.08248290e-01
8.16496581e-01 -4.08248290e-01 4.08248290e-01
8.16496581e-01 -4.08248290e-01 4.08248290e-01
8.16496581e-01 -4.08248290e-01 4.08248290e-01
8.16496581e-01 4.08248290e-01 -4.08248290e-01
8.16496581e-01 4.08248290e-01 -4.08248290e-01
8.16496581e-01 4.08248290e-01 -4.08248290e-01
8.16496581e-01 4.08248290e-01 -4.08248290e-01
-8.16496581e-01 4.08248290e-01 -4.08248290e-01
-8.16496581e-01 4.08248290e-01 -4.08248290e-01
-8.16496581e-01 4.08248290e-01 -4.08248290e-01
-8.16496581e-01 4.08248290e-01 -4.08248290e-01
-8.16496581e-01 -4.08248290e-01 4.08248290e-01
-8.16496581e-01 -4.08248290e-01 4.08248290e-01
-8.16496581e-01 -4.08248290e-01 4.08248290e-01
-8.16496581e-01 -4.08248290e-01 4.08248290e-01
-8.16496581e-01 -4.08248290e-01 -4.08248290e-01
-8.16496581e-01 -4.08248290e-01 -4.08248290e-01
-8.16496581e-01 -4.08248290e-01 -4.08248290e-01
-8.16496581e-01 -4.08248290e-01 -4.08248290e-01
-8.16496581e-01 4.08248290e-01 4.08248290e-01
-8.16496581e-01 4.08248290e-01 4.08248290e-01
-8.16496581e-01 4.08248290e-01 4.08248290e-01
-8.16496581e-01 4.08248290e-01 4.08248290e-01
8.16496581e-01 4.08248290e-01 4.08248290e-01
8.16496581e-01 4.08248290e-01 4.08248290e-01
8.16496581e-01 4.08248290e-01 4.08248290e-01
8.16496581e-01 4.08248290e-01 4.08248290e-01
8.16496581e-01 -4.08248290e-01 -4.08248290e-01
8.16496581e-01 -4.08248290e-01 -4.08248290e-01
8.16496581e-01 -4.08248290e-01 -4.08248290e-01
8.16496581e-01 -4.08248290e-01 -4.08248290e-01
4.08248290e-01 -4.08248290e-01 8.16496581e-01
4.08248290e-01 -4.08248290e-01 8.16496581e-01
4.08248290e-01 -4.08248290e-01 8.16496581e-01
4.08248290e-01 -4.08248290e-01 8.16496581e-01
-4.08248290e-01 4.08248290e-01 8.16496581e-01
-4.08248290e-01 4.08248290e-01 8.16496581e-01
-4.08248290e-01 4.08248290e-01 8.16496581e-01
-4.08248290e-01 4.08248290e-01 8.16496581e-01
-4.08248290e-01 4.08248290e-01 -8.16496581e-01
-4.08248290e-01 4.08248290e-01 -8.16496581e-01
-4.08248290e-01 4.08248290e-01 -8.16496581e-01
-4.08248290e-01 4.08248290e-01 -8.16496581e-01
4.08248290e-01 -4.08248290e-01 -8.16496581e-01
4.08248290e-01 -4.08248290e-01 -8.16496581e-01
4.08248290e-01 -4.08248290e-01 -8.16496581e-01
4.08248290e-01 -4.08248290e-01 -8.16496581e-01
4.08248290e-01 4.08248290e-01 -8.16496581e-01
4.08248290e-01 4.08248290e-01 -8.16496581e-01
4.08248290e-01 4.08248290e-01 -8.16496581e-01
4.08248290e-01 4.08248290e-01 -8.16496581e-01
-4.08248290e-01 -4.08248290e-01 -8.16496581e-01
-4.08248290e-01 -4.08248290e-01 -8.16496581e-01
-4.08248290e-01 -4.08248290e-01 -8.16496581e-01
-4.08248290e-01 -4.08248290e-01 -8.16496581e-01
-4.08248290e-01 -4.08248290e-01 8.16496581e-01
-4.08248290e-01 -4.08248290e-01 8.16496581e-01
-4.08248290e-01 -4.08248290e-01 8.16496581e-01
-4.08248290e-01 -4.08248290e-01 8.16496581e-01
4.08248290e-01 4.08248290e-01 8.16496581e-01
4.08248290e-01 4.08248290e-01 8.16496581e-01
4.08248290e-01 4.08248290e-01 8.16496581e-01
4.08248290e-01 4.08248290e-01 8.16496581e-01
-4.08248290e-01 -8.16496581e-01 4.08248290e-01
-4.08248290e-01 -8.16496581e-01 4.08248290e-01
-4.08248290e-01 -8.16496581e-01 4.08248290e-01
-4.08248290e-01 -8.16496581e-01 4.08248290e-01
4.08248290e-01 -8.16496581e-01 -4.08248290e-01
4.08248290e-01 -8.16496581e-01 -4.08248290e-01
4.08248290e-01 -8.16496581e-01 -4.08248290e-01
4.08248290e-01 -8.16496581e-01 -4.08248290e-01
4.08248290e-01 8.16496581e-01 -4.08248290e-01
4.08248290e-01 8.16496581e-01 -4.08248290e-01
4.08248290e-01 8.16496581e-01 -4.08248290e-01
4.08248290e-01 8.16496581e-01 -4.08248290e-01
-4.08248290e-01 8.16496581e-01 4.08248290e-01
-4.08248290e-01 8.16496581e-01 4.08248290e-01
-4.08248290e-01 8.16496581e-01 4.08248290e-01
-4.08248290e-01 8.16496581e-01 4.08248290e-01
-4.08248290e-01 8.16496581e-01 -4.08248290e-01
-4.08248290e-01 8.16496581e-01 -4.08248290e-01
-4.08248290e-01 8.16496581e-01 -4.08248290e-01
-4.08248290e-01 8.16496581e-01 -4.08248290e-01
4.08248290e-01 8.16496581e-01 4.08248290e-01
4.08248290e-01 8.16496581e-01 4.08248290e-01
4.08248290e-01 8.16496581e-01 4.08248290e-01
4.08248290e-01 8.16496581e-01 4.08248290e-01
4.08248290e-01 -8.16496581e-01 4.08248290e-01
4.08248290e-01 -8.16496581e-01 4.08248290e-01
4.08248290e-01 -8.16496581e-01 4.08248290e-01
4.08248290e-01 -8.16496581e-01 4.08248290e-01
-4.08248290e-01 -8.16496581e-01 -4.08248290e-01
-4.08248290e-01 -8.16496581e-01 -4.08248290e-01
-4.08248290e-01 -8.16496581e-01 -4.08248290e-01
-4.08248290e-01 -8.16496581e-01 -4.08248290e-01
8.16496581e-01 -4.08248290e-01 4.08248290e-01
8.16496581e-01 -4.08248290e-01 4.08248290e-01
8.16496581e-01 -4.08248290e-01 4.08248290e-01
8.16496581e-01 -4.08248290e-01 4.08248290e-01
8.16496581e-01 4.08248290e-01 -4.08248290e-01
8.16496581e-01 4.08248290e-01 -4.08248290e-01
8.16496581e-01 4.08248290e-01 -4.08248290e-01
8.16496581e-01 4.08248290e-01 -4.08248290e-01
-8.16496581e-01 4.08248290e-01 -4.08248290e-01
-8.16496581e-01 4.08248290e-01 -4.08248290e-01
-8.16496581e-01 4.08248290e-01 -4.08248290e-01
-8.16496581e-01 4.08248290e-01 -4.08248290e-01
-8.16496581e-01 -4.08248290e-01 4.08248290e-01
-8.16496581e-01 -4.08248290e-01 4.08248290e-01
-8.16496581e-01 -4.08248290e-01 4.08248290e-01
-8.16496581e-01 -4.08248290e-01 4.08248290e-01
-8.16496581e-01 -4.08248290e-01 -4.08248290e-01
-8.16496581e-01 -4.08248290e-01 -4.08248290e-01
-8.16496581e-01 -4.08248290e-01 -4.08248290e-01
-8.16496581e-01 -4.08248290e-01 -4.08248290e-01
-8.16496581e-01 4.08248290e-01 4.08248290e-01
-8.16496581e-01 4.08248290e-01 4.08248290e-01
-8.16496581e-01 4.08248290e-01 4.08248290e-01
-8.16496581e-01 4.08248290e-01 4.08248290e-01
8.16496581e-01 4.08248290e-01 4.08248290e-01
8.16496581e-01 4.08248290e-01 4.08248290e-01
8.16496581e-01 4.08248290e-01 4.08248290e-01
8.16496581e-01 4.08248290e-01 4.08248290e-01
8.16496581e-01 -4.08248290e-01 -4.08248290e-01
8.16496581e-01 -4.08248290e-01 -4.08248290e-01
8.16496581e-01 -4.08248290e-01 -4.08248290e-01
8.16496581e-01 -4.08248290e-01 -4.08248290e-01
4.08248290e-01 -4.08248290e-01 8.16496581e-01
4.08248290e-01 -4.08248290e-01 8.16496581e-01
4.08248290e-01 -4.08248290e-01 8.16496581e-01
4.08248290e-01 -4.08248290e-01 8.16496581e-01
-4.08248290e-01 4.08248290e-01 8.16496581e-01
-4.08248290e-01 4.08248290e-01 8.16496581e-01
-4.08248290e-01 4.08248290e-01 8.16496581e-01
-4.08248290e-01 4.08248290e-01 8.16496581e-01
-4.08248290e-01 4.08248290e-01 -8.16496581e-01
-4.08248290e-01 4.08248290e-01 -8.16496581e-01
-4.08248290e-01 4.08248290e-01 -8.16496581e-01
-4.08248290e-01 4.08248290e-01 -8.16496581e-01
4.08248290e-01 -4.08248290e-01 -8.16496581e-01
4.08248290e-01 -4.08248290e-01 -8.16496581e-01
4.08248290e-01 -4.08248290e-01 -8.16496581e-01
4.08248290e-01 -4.08248290e-01 -8.16496581e-01
4.08248290e-01 4.08248290e-01 -8.16496581e-01
4.08248290e-01 4.08248290e-01 -8.16496581e-01
4.08248290e-01 4.08248290e-01 -8.16496581e-01
4.08248290e-01 4.08248290e-01 -8.16496581e-01
-4.08248290e-01 -4.08248290e-01 -8.16496581e-01
-4.08248290e-01 -4.08248290e-01 -8.16496581e-01
-4.08248290e-01 -4.08248290e-01 -8.16496581e-01
-4.08248290e-01 -4.08248290e-01 -8.16496581e-01
-4.08248290e-01 -4.08248290e-01 8.16496581e-01
-4.08248290e-01 -4.08248290e-01 8.16496581e-01
-4.08248290e-01 -4.08248290e-01 8.16496581e-01
-4.08248290e-01 -4.08248290e-01 8.16496581e-01
4.08248290e-01 4.08248290e-01 8.16496581e-01
4.08248290e-01 4.08248290e-01 8.16496581e-01
4.08248290e-01 4.08248290e-01 8.16496581e-01
4.08248290e-01 4.08248290e-01 8.16496581e-01
-4.08248290e-01 -8.16496581e-01 4.08248290e-01
-4.08248290e-01 -8.16496581e-01 4.08248290e-01
-4.08248290e-01 -8.16496581e-01 4.08248290e-01
-4.08248290e-01 -8.16496581e-01 4.08248290e-01
4.08248290e-01 -8.16496581e-01 -4.08248290e-01
4.08248290e-01 -8.16496581e-01 -4.08248290e-01
4.08248290e-01 -8.16496581e-01 -4.08248290e-01
4.08248290e-01 -8.16496581e-01 -4.08248290e-01
4.08248290e-01 8.16496581e-01 -4.08248290e-01
4.08248290e-01 8.16496581e-01 -4.08248290e-01
4.08248290e-01 8.16496581e-01 -4.08248290e-01
4.08248290e-01 8.16496581e-01 -4.08248290e-01
-4.08248290e-01 8.16496581e-01 4.08248290e-01
-4.08248290e-01 8.16496581e-01 4.08248290e-01
-4.08248290e-01 8.16496581e-01 4.08248290e-01
-4.08248290e-01 8.16496581e-01 4.08248290e-01
-4.08248290e-01 8.16496581e-01 -4.08248290e-01
-4.08248290e-01 8.16496581e-01 -4.08248290e-01
-4.08248290e-01 8.16496581e-01 -4.08248290e-01
-4.08248290e-01 8.16496581e-01 -4.08248290e-01
4.08248290e-01 8.16496581e-01 4.08248290e-01
4.08248290e-01 8.16496581e-01 4.08248290e-01
4.08248290e-01 8.16496581e-01 4.08248290e-01
4.08248290e-01 8.16496581e-01 4.08248290e-01
4.08248290e-01 -8.16496581e-01 4.08248290e-01
4.08248290e-01 -8.16496581e-01 4.08248290e-01
4.08248290e-01 -8.16496581e-01 4.08248290e-01
4.08248290e-01 -8.16496581e-01 4.08248290e-01
-4.08248290e-01 -8.16496581e-01 -4.08248290e-01
-4.08248290e-01 -8.16496581e-01 -4.08248290e-01
-4.08248290e-01 -8.16496581e-01 -4.08248290e-01
-4.08248290e-01 -8.16496581e-01 -4.08248290e-01
8.16496581e-01 -4.08248290e-01 4.08248290e-01
8.16496581e-01 -4.08248290e-01 4.08248290e-01
8.16496581e-01 -4.08248290e-01 4.08248290e-01
8.16496581e-01 -4.08248290e-01 4.08248290e-01
8.16496581e-01 4.08248290e-01 -4.08248290e-01
8.16496581e-01 4.08248290e-01 -4.08248290e-01
8.16496581e-01 4.08248290e-01 -4.08248290e-01
8.16496581e-01 4.08248290e-01 -4.08248290e-01
-8.16496581e-01 4.08248290e-01 -4.08248290e-01
-8.16496581e-01 4.08248290e-01 -4.08248290e-01
-8.16496581e-01 4.08248290e-01 -4.08248290e-01
-8.16496581e-01 4.08248290e-01 -4.08248290e-01
-8.16496581e-01 -4.08248290e-01 4.08248290e-01
-8.16496581e-01 -4.08248290e-01 4.08248290e-01
-8.16496581e-01 -4.08248290e-01 4.08248290e-01
-8.16496581e-01 -4.08248290e-01 4.08248290e-01
-8.16496581e-01 -4.08248290e-01 -4.08248290e-01
-8.16496581e-01 -4.08248290e-01 -4.08248290e-01
-8.16496581e-01 -4.08248290e-01 -4.08248290e-01
-8.16496581e-01 -4.08248290e-01 -4.08248290e-01
-8.16496581e-01 4.08248290e-01 4.08248290e-01
-8.16496581e-01 4.08248290e-01 4.08248290e-01
-8.16496581e-01 4.08248290e-01 4.08248290e-01
-8.16496581e-01 4.08248290e-01 4.08248290e-01
8.16496581e-01 4.08248290e-01 4.08248290e-01
8.16496581e-01 4.08248290e-01 4.08248290e-01
8.16496581e-01 4.08248290e-01 4.08248290e-01
8.16496581e-01 4.08248290e-01 4.08248290e-01
8.16496581e-01 -4.08248290e-01 -4.08248290e-01
8.16496581e-01 -4.08248290e-01 -4.08248290e-01
8.16496581e-01 -4.08248290e-01 -4.08248290e-01
8.16496581e-01 -4.08248290e-01 -4.08248290e-01
4.08248290e-01 -4.08248290e-01 8.16496581e-01
4.08248290e-01 -4.08248290e-01 8.16496581e-01
4.08248290e-01 -4.08248290e-01 8.16496581e-01
4.08248290e-01 -4.08248290e-01 8.16496581e-01
-4.08248290e-01 4.08248290e-01 8.16496581e-01
-4.08248290e-01 4.08248290e-01 8.16496581e-01
-4.08248290e-01 4.08248290e-01 8.16496581e-01
-4.08248290e-01 4.08248290e-01 8.16496581e-01
-4.08248290e-01 4.08248290e-01 -8.16496581e-01
-4.08248290e-01 4.08248290e-01 -8.16496581e-01
-4.08248290e-01 4.08248290e-01 -8.16496581e-01
-4.08248290e-01 4.08248290e-01 -8.16496581e-01
4.08248290e-01 -4.08248290e-01 -8.16496581e-01
4.08248290e-01 -4.08248290e-01 -8.16496581e-01
4.08248290e-01 -4.08248290e-01 -8.16496581e-01
4.08248290e-01 -4.08248290e-01 -8.16496581e-01

POINT_DATA 6376
SCALARS NodeDegree int 1
LOOKUP_TABLE default
0
0
0
0
0
0
0
0
2
2
2
2
2
2
2
2
2
2
2
2
2
2
2
2
2
2
2
2
2
2
2
2
2
2
2
2
2
2
2
2
2
2
2
2
2
2
2
2
2
2
2
2
2
2
2
2
2
2
2
2
2
2
2
2
2
2
2
2
2
2
2
2
2
2
2
2
2
2
2
2
2
2
2
2
2
2
2
2
2
2
2
2
2
2
2
2
2
2
2
2
2
2
2
2
2
2
2
2
2
2
2
2
2
2
2
2
2
2
2
2
2
2
2
2
2
2
2
2
2
2
2
2
2
2
2
2
2
2
2
2
2
2
2
2
2
2
2
2
2
2
2
2
2
2
2
2
2
2
2
2
2
2
2
2
2
2
2
2
2
2
2
2
2
2
2
2
2
2
2
2
2
2
2
2
2
2
2
2
2
2
2
2
2
2
2
2
2
2
2
2
2
2
2
2
2
2
2
2
2
2
2
2
2
2
2
2
2
2
2
2
2
2
2
2
2
2
2
2
2
2
2
2
2
2
2
2
2
2
2
2
2
2
2
2
2
2
2
2
2
2
2
2
2
2
2
2
2
2
2
2
2
2
2
2
2
2
2
2
2
2
2
2
2
2
2
2
2
2
2
2
2
2
2
2
2
2
2
2
2
2
2
2
2
2
2
2
2
2
2
2
2
2
2
2
2
2
2
2
2
2
2
2
2
2
2
2
2
2
2
2
2
2
2
2
2
2
2
2
2
2
2
2
2
2
2
2
2
2
2
2
2
2
2
2
2
2
2
2
2
2
2
2
2
2
2
2
2
2
2
2
2
2
2
2
2
2
2
2
2
2
2
2
2
2
2
2
2
2
2
2
2
2
2
2
2
2
2
2
2
2
2
2
2
2
2
2
2
2
2
2
2
2
2
2
2
2
2
2
2
2
2
2
2
2
2
2
2
2
2
2
2
2
2
2
2
2
2
2
2
2
2
2
2
2
2
2
2
2
2
2
2
2
2
2
2
2
2
2
2
2
2
2
2
2
2
2
2
2
2
2
2
2
2
2
2
2
2
2
2
2
2
2
2
2
2
2
2
2
2
2
2
2
2
2
2
2
2
2
2
2
2
2
2
2
2
2
2
2
2
2
2
2
2
2
2
2
2
2
2
2
2
2
2
2
2
2
2
2
2
2
2
2
2
2
2
2
2
2
2
2
2
2
2
2
2
2
2
2
2
2
2
2
2
2
2
2
2
2
2
2
2
2
2
2
2
2
2
2
2
2
2
2
2
2
2
2
2
2
2
2
2
2
2
2
2
2
2
2
2
2
2
2
2
2
2
2
2
2
2
2
2
2
2
2
2
2
2
2
2
2
2
2
2
2
2
2
2
2
2
2
2
2
2
2
2
2
2
2
2
2
2
2
2
2
2
2
2
2
2
2
2
2
2
2
2
2
2
2
2
2
2
2
2
2
2
2
2
2
2
2
2
2
2
2
2
2
2
2
2
2
2
2
2
2
2
2
2
2
2
2
2
2
2
2
2
2
2
2
2
2
2
2
2
2
2
2
2
2
2
2
2
2
2
2
2
2
2
2
2
2
2
2
2
2
2
2
2
2
2
2
2
2
2
2
2
2
2
2
2
2
2
2
2
2
2
2
2
2
2
2
2
2
2
2
2
2
2
2
2
2
2
2
2
2
2
2
2
2
2
2
2
2
2
2
2
2
2
2
2
2
2
2
2
2
2
2
2
2
2
2
2
2
2
2
2
2
2
2
2
2
2
2
2
2
2
2
2
2
2
2
2
2
2
2
2
2
2
2
2
2
2
2
2
2
2
2
2
2
2
2
2
2
2
2
2
2
2
2
2
2
2
2
2
2
2
2
2
2
2
2
2
2
2
2
2
2
2
2
2
2
2
2
2
2
2
2
2
2
2
2
2
2
2
2
2
2
2
2
2
2
2
2
2
2
2
2
2
2
2
2
2
2
2
2
2
2
2
2
2
2
2
2
2
2
2
2
2
2
2
2
2
2
2
2
2
2
2
2
2
2
2
2
2
2
2
2
2
2
2
2
2
2
2
2
2
2
2
2
2
2
2
2
2
2
2
2
2
2
2
2
2
2
2
2
2
2
2
2
2
2
2
2
2
2
2
2
2
2
2
2
2
2
2
2
2
2
2
2
2
2
2
2
2
2
2
2
2
2
2
2
2
2
2
2
2
2
2
2
2
2
2
2
2
2
2
2
2
2
2
2
2
2
2
2
2
2
2
2
2
2
2
2
2
2
2
2
2
2
2
2
2
2
2
2
2
2
2
2
2
2
2
2
2
2
2
2
2
2
2
2
2
2
2
2
2
2
2
2
2
2
2
2
2
2
2
2
2
2
2
2
2
2
2
2
2
2
2
2
2
2
2
2
2
2
2
2
2
2
2
2
2
2
2
2
2
2
2
2
2
2
2
2
2
2
2
2
2
2
2
2
2
2
2
2
2
2
2
2
2
2
2
2
2
2
2
2
2
2
2
2
2
2
2
2
2
2
2
2
2
2
2
2
2
2
2
2
2
2
2
2
2
2
2
2
2
2
2
2
2
2
2
2
2
2
2
2
2
2
2
2
2
2
2
2
2
2
2
2
2
2
2
2
2
2
2
2
2
2
2
2
2
2
2
2
2
2
2
2
2
2
2
2
2
2
2
2
2
2
2
2
2
2
2
2
2
2
2
2
2
2
2
2
2
2
2
2
2
2
2
2
2
2
2
2
2
2
2
2
2
2
2
2
2
2
2
2
2
2
2
2
2
2
2
2
2
2
2
2
2
2
2
2
2
2
2
2
2
2
2
2
2
2
2
2
2
2
2
2
2
2
2
2
2
2
2
2
2
2
2
2
2
2
2
2
2
2
2
2
2
2
2
2
2
2
2
2
2
2
2
2
2
2
2
2
2
2
2
2
2
2
2
2
2
2
2
2
2
2
2
2
2
2
2
2
2
2
2
2
2
2
2
2
2
2
2
2
2
2
2
2
2
2
2
2
2
2
2
2
2
2
2
2
2
2
2
2
2
2
2
2
2
2
2
2
2
2
2
2
2
2
2
2
2
2
2
2
2
2
2
2
2
2
2
2
2
2
2
2
2
2
2
2
2
2
2
2
2
2
2
2
2
2
2
2
2
2
2
2
2
2
2
2
2
2
2
2
2
2
2
2
2
2
2
2
2
2
2
2
2
2
2
2
2
2
2
2
2
2
2
2
2
2
2
2
2
2
2
2
2
2
2
2
2
2
2
2
2
2
2
2
2
2
2
2
2
2
2
2
2
2
2
2
2
2
2
2
2
2
2
2
2
2
2
2
2
2
2
2
2
2
2
2
2
2
2
2
2
2
2
2
2
2
2
2
2
2
2
2
2
2
2
2
2
2
2
2
2
2
2
2
2
2
2
2
2
2
2
2
2
2
2
2
2
2
2
2
2
2
2
2
2
2
2
2
2
2
2
2
2
2
2
2
2
2
2
2
2
2
2
2
2
2
2
2
2
2
2
2
2
2
2
2
2
2
2
2
2
2
2
2
2
2
2
2
2
2
2
2
2
2
2
2
2
2
2
2
2
2
2
2
2
2
2
2
2
2
2
2
2
2
2
2
2
2
2
2
2
2
2
2
2
2
2
2
2
2
2
2
2
2
2
2
2
2
2
2
2
2
2
2
2
2
2
2
2
2
2
2
2
2
2
2
2
2
2
2
2
2
2
2
2
2
2
2
2
2
2
2
2
2
2
2
2
2
2
2
2
2
2
2
2
2
2
2
2
2
2
2
2
2
2
2
2
2
2
2
2
2
2
2
2
2
2
2
2
2
2
2
2
2
2
2
2
2
2
2
2
2
2
2
2
2
2
2
2
2
2
2
2
2
2
2
2
2
2
2
2
2
2
2
2
2
2
2
2
2
2
2
2
2
2
2
2
2
2
2
2
2
2
2
2
2
2
2
2
2
2
2
2
2
2
2
2
2
2
2
2
2
2
2
2
2
2
2
2
2
2
2
2
2
2
2
2
2
2
2
2
2
2
2
2
2
2
2
2
2
2
2
2
2
2
2
2
2
2
2
2
2
2
2
2
2
2
2
2
2
2
2
2
2
2
2
2
2
2
2
2
2
2
2
2
2
2
2
2
2
2
2
2
2
2
2
2
2
2
2
2
2
2
2
2
2
2
2
2
2
2
2
2
2
2
2
2
2
2
2
2
2
2
2
2
2
2
2
2
2
2
2
2
2
2
2
2
2
2
2
2
2
2
2
2
2
2
2
2
2
2
2
2
2
2
2
2
2
2
2
2
2
2
2
2
2
2
2
2
2
2
2
2
2
2
2
2
2
2
2
2
2
2
2
2
2
2
2
2
2
2
2
2
2
2
2
2
2
2
2
2
2
2
2
2
2
2
2
2
2
2
2
2
2
2
2
2
2
2
2
2
2
2
2
2
2
2
2
2
2
2
2
2
2
2
2
2
2
2
2
2
2
2
2
2
2
2
2
2
2
2
2
2
2
2
2
2
2
2
2
2
2
2
2
2
2
2
2
2
2
2
2
2
2
2
2
2
2
2
2
2
2
2
2
2
2
2
2
2
2
2
2
2
2
2
2
2
2
2
2
2
2
2
2
2
2
2
2
2
2
2
2
2
2
2
2
2
2
2
2
2
2
2
2
2
2
2
2
2
2
2
2
2
2
2
2
2
2
2
2
2
2
2
2
2
2
2
2
2
2
2
2
2
2
2
2
2
2
2
2
2
2
2
2
2
2
2
2
2
2
2
2
2
2
2
2
2
2
2
2
2
2
2
2
2
2
2
2
2
2
2
2
2
2
2
2
2
2
2
2
2
2
2
2
2
2
2
2
2
2
2
2
2
2
2
2
2
2
2
2
2
2
2
2
2
2
2
2
2
2
2
2
2
2
2
2
2
2
2
2
2
2
2
2
2
2
2
2
2
2
2
2
2
2
2
2
2
2
2
2
2
2
2
2
2
2
2
2
2
2
2
2
2
2
2
2
2
2
2
2
2
2
2
2
2
2
2
2
2
2
2
2
2
2
2
2
2
2
2
2
2
2
2
2
2
2
2
2
2
2
2
2
2
2
2
2
2
2
2
2
2
2
2
2
2
2
2
2
2
2
2
2
2
2
2
2
2
2
2
2
2
2
2
2
2
2
2
2
2
2
2
2
2
2
2
2
2
2
2
2
2
2
2
2
2
2
2
2
2
2
2
2
2
2
2
2
2
2
2
2
2
2
2
2
2
2
2
2
2
2
2
2
2
2
2
2
2
2
2
2
2
2
2
2
2
2
2
2
2
2
2
2
2
2
2
2
2
2
2
2
2
2
2
2
2
2
2
2
2
2
2
2
2
2
2
2
2
2
2
2
2
2
2
2
2
2
2
2
2
2
2
2
2
2
2
2
2
2
2
2
2
2
2
2
2
2
2
2
2
2
2
2
2
2
2
2
2
2
2
2
2
2
2
2
2
2
2
2
2
2
2
2
2
2
2
2
2
2
2
2
2
2
2
2
2
2
2
2
2
2
2
2
2
2
2
2
2
2
2
2
2
2
2
2
2
2
2
2
2
2
2
2
2
2
2
2
2
2
2
2
2
2
2
2
2
2
2
2
2
2
2
2
2
2
2
2
2
2
2
2
2
2
2
2
2
2
2
2
2
2
2
2
2
2
2
2
2
2
2
2
2
2
2
2
2
2
2
2
2
2
2
2
2
2
2
2
2
2
2
2
2
2
2
2
2
2
2
2
2
2
2
2
2
2
2
2
2
2
2
2
2
2
2
2
2
2
2
2
2
2
2
2
2
2
2
2
2
2
2
2
2
2
2
2
2
2
2
2
2
2
2
2
2
2
2
2
2
2
2
2
2
2
2
2
2
2
2
2
2
2
2
2
2
2
2
2
2
2
2
2
2
2
2
2
2
2
2
2
2
2
2
2
2
2
2
2
2
2
2
2
2
2
2
2
2
2
2
2
2
2
2
2
2
2
2
2
2
2
2
2
2
2
2
2
2
2
2
2
2
2
2
2
2
2
2
2
2
2
2
2
2
2
2
2
2
2
2
2
2
2
2
2
2
2
2
2
2
2
2
2
2
2
2
2
2
2
2
2
2
2
2
2
2
2
2
2
2
2
2
2
2
2
2
2
2
2
2
2
2
2
2
2
2
2
2
2
2
2
2
2
2
2
2
2
2
2
2
2
2
2
2
2
2
2
2
2
2
2
2
2
2
2
2
2
2
2
2
2
2
2
2
2
2
2
2
2
2
2
2
2
2
2
2
2
2
2
2
2
2
2
2
2
2
2
2
2
2
2
2
2
2
2
2
2
2
2
2
2
2
2
2
2
2
2
2
2
2
2
2
2
2
2
2
2
2
2
2
2
2
2
2
2
2
2
2
2
2
2
2
2
2
2
2
2
2
2
2
2
2
2
2
2
2
2
2
2
2
2
2
2
2
2
2
2
2
2
2
2
2
2
2
2
2
2
2
2
2
2
2
2
2
2
2
2
2
2
2
2
2
2
2
2
2
2
2
2
2
2
2
2
2
2
2
2
2
2
2
2
2
2
2
2
2
2
2
2
2
2
2
2
2
2
2
2
2
2
2
2
2
2
2
2
2
2
2
2
2
2
2
2
2
2
2
2
2
2
2
2
2
2
2
2
2
2
2
2
2
2
2
2
2
2
2
2
2
2
2
2
2
2
2
2
2
2
2
2
2
2
2
2
2
2
2
2
2
2
2
2
2
2
2
2
2
2
2
2
2
2
2
2
2
2
2
2
2
2
2
2
2
2
2
2
2
2
2
2
2
2
2
2
2
2
2
2
2
2
2
2
2
2
2
2
2
2
2
2
2
2
2
2
2
2
2
2
2
2
2
2
2
2
2
2
2
2
2
2
2
2
2
2
2
2
2
2
2
2
2
2
2
2
2
2
2
2
2
2
2
2
2
2
2
2
2
2
2
2
2
2
2
2
2
2
2
2
2
2
2
2
2
2
2
2
2
2
2
2
2
2
2
2
2
2
2
2
2
2
2
2
2
2
2
2
2
2
2
2
2
2
2
2
2
2
2
2
2
2
2
2
2
2
2
2
2
2
2
2
2
2
2
2
2
2
2
2
2
2
2
2
2
2
2
2
2
2
2
2
2
2
2
2
2
2
2
2
2
2
2
2
2
2
2
2
2
2
2
2
2
2
2
2
2
2
2
2
2
2
2
2
2
2
2
2
2
2
2
2
2
2
2
2
2
2
2
2
2
2
2
2
2
2
2
2
2
2
2
2
2
2
2
2
2
2
2
2
2
2
2
2
2
2
2
2
2
2
2
2
2
2
2
2
2
2
2
2
2
2
2
2
2
2
2
2
2
2
2
2
2
2
2
2
2
2
2
2
2
2
2
2
2
2
2
2
2
2
2
2
2
2
2
2
2
2
2
2
2
2
2
2
2
2
2
2
2
2
2
2
2
2
2
2
2
2
2
2
2
2
2
2
2
2
2
2
2
2
2
2
2
2
2
2
2
2
2
2
2
2
2
2
2
2
2
2
2
2
2
2
2
2
2
2
2
2
2
2
2
2
2
2
2
2
2
2
2
2
2
2
2
2
2
2
2
2
2
2
2
2
2
2
2
2
2
2
2
2
2
2
2
2
2
2
2
2
2
2
2
2
2
2
2
2
2
2
2
2
2
2
2
2
2
2
2
2
2
2
2
2
2
2
2
2
2
2
2
2
2
2
2
2
2
2
2
2
2
2
2
2
2
2
2
2
2
2
2
2
2
2
2
2
2
2
2
2
2
2
2
2
2
2
2
2
2
2
2
2
2
2
2
2
2
2
2
2
2
2
2
2
2
2
2
2
2
2
2
2
2
2
2
2
2
2
2
2
2
2
2
2
2
2
2
2
2
2
2
2
2
2
2
2
2
2
2
2
2
2
2
2
2
2
2
2
2
2
2
2
2
2
2
2
2
2
2
2
2
2
2
2
2
2
2
2
2
2
2
2
2
2
2
2
2
2
2
2
2
2
2
2
2
2
2
2
2
2
2
2
2
2
2
2
2
2
2
2
2
2
2
2
2
2
2
2
2
2
2
2
2
2
2
2
2
2
2
2
2
2
2
2
2
2
2
2
2
2
2
2
2
2
2
2
2
2
2
2
2
2
2
2
2
2
2
2
2
2
2
2
2
2
2
2
2
2
2
2
2
2
2
2
2
2
2
2
2
2
2
2
2
2
2
2
2
2
2
2
2
2
2
2
2
2
2
2
2
2
2
2
2
2
2
2
2
2
2
2
2
2
2
2
2
2
2
2
2
2
2
2
2
2
2
2
2
2
2
2
2
2
2
2
2
2
2
2
2
2
2
2
2
2
2
2
2
2
2
2
2
2
2
2
2
2
2
2
2
2
2
2
2
2
2
2
2
2
2
2
2
2
2
2
2
2
2
2
2
2
2
2
2
2
2
2
2
2
2
2
2
2
2
2
2
2
2
2
2
2
2
2
2
2
2
2
2
2
2
2
2
2
2
2
2
2
2
2
2
2
2
2
2
2
2
2
2
2
2
2
2
2
2
2
2
2
2
2
2
2
2
2
2
2
2
2
2
2
2
2
2
2
2
2
2
2
2
2
2
2
2
2
2
2
2
2
2
2
2
2
2
2
2
2
2
2
2
2
2
2
2
2
2
2
2
2
2
2
2
2
2
2
2
2
2
2
2
2
2
2
2
2
2
2
2
2
2
2
2
2
2
2
2
2
2
2
2
2
2
2
2
2
2
2
2
2
2
2
2
2
2
2
2
2
2
2
2
2
2
2
2
2
2
2
2
2
2
2
2
2
2
2
2
2
2
2
2
2
2
2
2
2
2
2
2
2
2
2
2
2
2
2
2
2
2
2
2
2
2
2
2
2
2
2
2
2
2
2
2
2
2
2
2
2
2
2
2
2
2
2
2
2
2
2
2
2
2
2
2
2
2
2
2
2
2
2
2
2
2
2
2
2
2
2
2
2
2
2
2
2
2
2
2
2
2
2
2
2
2
2
2
2
2
2
2
2
2
2
2
2
2
2
2
2
2
2
2
2
2
2
2
2
2
2
2
2
2
2
2
2
2
2
2
2
2
2
2
2
2
2
2
2
2
2
2
2
2
2
2
2
2
2
2
2
2
2
2
2
2
2
2
2
2
2
2
2
2
2
2
2
2
2
2
2
2
2
2
2
2
2
2
2
2
2
2
2
2
2
2
2
2
2
2
2
2
2
2
2
2
2
2
2
2
2
2
2
2
2
2
2
2
2
2
2
2
2
2
2
2
2
2
2
2
2
2
2
2
2
2
2
2
2
2
2
2
2
2
2
2
2
2
2
2
2
2
2
2
2
2
2
2
2
2
2
2
2
2
2
2
2
2
2
2
2
2
2
2
2
2
2
2
2
2
2
2
2
2
2
2
2
2
2
2
2
2
2
2
2
2
2
2
2
2
2
2
2
2
2
2
2
2
2
2
2
2
2
2
2
2
2
2
2
2
2
2
2
2
2
2
2
2
2
2
2
2
2
2
2
2
2
2
2
2
2
2
2
2
2
2
2
2
2
2
2
2
2
2
2
2
2
2
2
2
2
2
2
2
2
2
2
2
2
2
2
2
2
2
2
2
2
2
2
2
2
2
2
2
2
2
2
2
2
2
2
2
2
2
2
2
2
2
2
2
2
2
2
2
2
2
2
2
2
2
2
2
2
2
2
2
2
2
2
2
2
2
2
2
2
2
2
2
2
2
2
2
2
2
2
2
2
2
2
2
2
2
2
2
2
2
2
2
2
2
2
2
2
2
2
2
2
2
2
2
2
2
2
2
2
2
2
2
2
2
2
2
2
2
2
2
2
2
2
2
2
2
2
2
2
2
2
2
2
2
2
2
2
2
2
2
2
2
2
2
2
2
2
2
2
2
2
2
2
2
2
2
2
2
2
2
2
2
2
2
2
2
2
2
2
2
2
2
2
2
2
2
2
2
2
2
2
2
2
2
2
2
2
2
2
2
2
2
2
2
2
2
2
2
2
2
2
2
2
2
2
2
2
2
2
2
2
2
2
2
2
2
2
2
2
2
2
2
2
2
2
2
2
2
2
2
2
2
2
2
2
2
2
2
2
2
2
2
2
2
2
2
2
2
2
2
2
2
2
2
2
2
2
2
2
2
2
2
2
2
2
2
2
2
2
2
2
2
2
2
2
2
2
2
2
2
2
2
2
2
2
2
2
2
2
2
2
2
2
2
2
2
2
2
2
2
2
2
2
2
2
2
2
2
2
2
2
2
2
2
2
2
2
2
2
2
2
2
2
2
2
2
2
2
2
2
2
2
2
2
2
2
2
2
2
2
2
2
2
2
2
2
2
2
2
2
2
2
2
2
2
2
2
2
2
2
2
2
2
2
2
2
2
2
2
2
2
2
2
2
2
2
2
2
2
2
2
2
2
2
2
2
2
2
2
2
2
2
2
2
2
2
2
2
2
2
2
2
2
2
2
2
2
2
2
2
2
2
2
2
2
2
2
2
2
2
2
2
2
2
2
2
2
2
2
2
2
2
2
2
2
2
2
2
2
2
2
2
2
2
2
2
2
2
2
2
2
2
2
2
2
2
2
2
2
2
2
2
2
2
2
2
2
2
2
2
2
2
2
2
2
2
2
2
2
2
2
2
2
2
2
2
2
2
2
2
2
2
2
2
2
2
2
2
2
2
2
2
2
2
2
2
2
2
2
2
2
2
2
2
2
2
2
2
2
2
2
2
2
2
2
2
2
2
2
2
2
2
2
2
2
2
2
2
2
2
2
2
2
2
2
2
2
2
2
2
2
2
2
2
2
2
2
2
2
2
2
2
2
2
2
2
2
2
2
2
2
2
2
2
2
2
2
2
2
2
2
2
2
2
2
2
2
2
2
2
2
2
2
2
2
2
2
2
2
2
2
2
2
2
2
2
2
2
2
2
2
2
2
2
2
2
2
2
2
2
2
2
2
2
2
2
2
2
2
2
2
2
2
2
2
2
2
2
2
2
2
2
2
2
2
2
2
2
2
2
2
2
2
2
2
2
2
2
2
2
2
2
2
2
2
2
2
2
2
2
2
2
2
2
2
2
2
2
2
2
2
2
2
2
2
2
2
2
2
2
2
2
2
2
2
2
2
2
2
2
2
2
2
2
2
2
2
2
2
2
2
2
2
2
2
2
2
2
2
2
2
2
2
2
2
2
2
2
2
2
2
2
2
2
2
2
2
2
2
2
2
2
2
2
2
2
2
2
2
2
2
2
2
2
2
2
2
2
2
2
2
2
2
2
2
2
2
2
2
2
2
2
2
2
2
2
2
2
2
2
2
2
2
2
2
2
2
2
2
2
2
2
2
2
2
2
2
2
2
2
2
2
2
2
2
2
2
2
2
2
2
2
2
2
2
2
2
2
2
2
2
2
2
2
2
2
2
2
2
2
2
2
2
2
2
2
2
2
2
2
2
2
2
2
2
2
2
2
2
2
2
2
2
2
2
2
2
2
2
2
2
2
2
2
2
2
2
2
2
2
2
2
2
2
2
2
2
2
2
2
2
2
2
2
2
2
2
2
2
2
2
2
2
2
2
2
2
2
2
2
2
2
2
2
2
2
2
2
2
2
2
2
2
2
2
2
2
2
2
2
2
2
2
2
2
2
2
2
2
2
2
2
2
2
2
2
2
2
2
2
2
2
2
2
2
2
2
2
2
2
2
2
2
2
2
2
2
2
2
2
2
2
2
2
2
2
2
2
2
2
2
2
2
2
2
2
2
2
2
2
2
2
2
2
2
2
2
2
2
2
2
2
2
2
2
2
2
2
2
2
2
2
2
2
2
2
2
2
2
2
2
2
2
2
2
2
2
2
2
2
2
2
2
2
2
2
2
2
2
2
2
2
2
2
2
2
2
2
2
2
2
2
2
2
2
2
2
2
2
2
2
2
2
2
2
2
2
2
2
2
2
2
2
2
2
2
2
2
2
2
2
2
2
2
2
2
2
2
2
2
2
2
2
2
2
2
2
2
2
2
2
2
2
2
2
2
2
2
2
2
2
2
2
2
2
2
2
2
2
2
2
2
2
2
2
2
2
2
2
2
2
2
2
2
2
2
2
2
2
2
2
2
2
2
2
2
2
2
2
2
2
2
2
2
2
2
2
2
2
2
2
2
2
2
2
2
2
2
2
2
2
2
2
2
2
2
2
2
2
2
2
2
2
2
2
2
2
2
2
2
2
2
2
2
2
2
2
2
2
2
2
2
2
2
2
2
2
2
2
2
2
2
2
2
2
2
2
2
2
2
2
2
2
2
2
2
2
2
2
2
2
2
2
2
2
2
2
2
2
2
2
2
2
2
2
2
2
2
2
2
2
2
2
2
2
2
2
2
2
2
2
2
2
2
2
2
2
2
2
2
2
2
2
2
2
2
2
2
2
2
2
2
2
2
2
2
2
2
2
2
2
2
2
2
2
2
2
2
2
2
2
2
2
2
2
2
2
2
2
2
2
2
2
2
2
2
2
2
2
2
2
2
2
2
2
2
2
2
2
2
2
2
2
2
2
2
2
2
2
2
2
2
2
2
2
2
2
2
2
2
2
2
2
2
2
2
2
2
2
2
2
2
2
2
2
2
2
2
2
2
2
2
2
2
2
2
2
2
2
2
2
2
2
2
2
2
2
2
2
2
2
2
2
2
2
2
2
2
2
2
2
2
2
2
2
2
2
2
2
2
2
2
2
2
2
2
2
2
2
2
2
2
2
2
2
2
2
2
2
2
2
2
2
2
2
2
2
2
2
2
2
2
2
2
2
2
2
2
2
2
2
2
2
2
2
2
2
2
2
2
2
2
2
2
2
2
2
2
2
2
2
2
2
2
2
2
2
2
2
2
2
2
2
2
2
2
2
2
2
2
2
2
2
2
2
2
2
2
2
2
2
2
2
2
2
2
2
2
2
2
2
2
2
2
2
2
2
2
2
2
2
2
2
2
2
2
2
2
2
2
2
2
2
2
2
2
2
2
2
2
2
2
2
2
2
2
2
2
2
2
2
2
2
2
2
2
2
2
2
2
2
2
2
2
2
2
2
2
2
2
2
2
2
2
2
2
2
2
2
2
2
2
2
2
2
2
2
2
2
2
2
2
2
2
2
2
2
2
2
2
2
2
2
2
2
2
2
2
2
2
2
2
2
2
2
2
2
2
2
2
2
2
2
2
2
2
2
2
2
2
2
2
2
2
2
2
2
2
2
2
2
2
2
2
2
2
2
2
2
2
2
2
2
2
2
2
2
2
2
2
2
2
2
2
2
2
2
2
2
2
2
2
2
2
2
2
2
2
2
2
2
2
2
2
2
2
2
2
2
2
2
2
2
2
2
2
2
2
2
2
2
2
2
2
2
2
2
2
2
2
2
2
2
2
2
2
2
2
2
2
2
2
2
2
2
2
2
2
2
2
2
2
2
2
2
2
2
2
2
2
2
2
2
2
2
2
2
2
2
2
2
2
2
2
2
2
2
2
2
2
2
2
2
2
2
2
2
2
2
2
2
2
2
2
2
2
2
2
2
2
2
2
2
2
2
2
2
2
2
2
2
2
2
2
2
2
2
2
2
2
2
2
2
2
2
2
2
2
2
2
2
2
2
2
2
2
2
2
2
2
2
2
2
2
2
2
2
2
2
2
2
2
2
2
2
2
2
2
2
2
2
2
2
2
2
2
2
2
2
2
2
2
2
2
2
2
2
2
2
2
2
2
2
2
2
2
2
2
2
2
2
2
2
2
2
2
2
2
2
2
2
2
2
2
2
2
2
2
2
2
2
2
2
2
2
2
2
2
2
2
2
2
2
2
2
2
2
2
2
2
2
2
2
2
2
2
2
2
2
2
2
2
2
2
2
2
2
2
2
2
2
2
2
2
2
2
2
2
2
2
2
2
2
2
2
2
2
2
2
2
2
2
2
2
2
2
2
2
2
2
2
2
2
2
2
2
2
2
2
2
2
2
2
2
2
2
2
2
2
2
2
2
2
2
2
2
2
2
2
2
2
2
2
2
2
2
2
2
2
2
2
2
2
2
2
2
2
2
2
2
2
2
2
2
2
2
2
2
2
2
2
2
2
2
2
2
2
2
2
2
2
2
2
2
2
2
2
2
2
2
2
2
2
2
2
2
2
2
2
2
2
2
2
2
2
2
2
2
2
2
2
2
2
2
2
2
2
2
2
2
2
2
2
2
2
2
2
2
2
2
2
2
2
2
2
2
2
2
2
2
2
2
2
2
2
2
2
2
2
2
2
2
2
2
2
2
2
2
2
2
2
2
2
2
2
2
2
2
2
2
2
2
2
2
2
2
2
2
2

SCALARS Constraint int 1
LOOKUP_TABLE default
0
0
0
0
0
0
0
0
0
0
0
0
0
0
0
0
0
0
0
0
0
0
0
0
0
0
0
0
0
0
0
0
0
0
0
0
0
0
0
0
0
0
0
0
0
0
0
0
0
0
0
0
0
0
0
0
0
0
0
0
0
0
0
0
0
0
0
0
0
0
0
0
0
0
0
0
0
0
0
0
0
0
0
0
0
0
0
0
0
0
0
0
0
0
0
0
0
0
0
0
0
0
0
0
0
0
0
0
0
0
0
0
0
0
0
0
0
0
0
0
0
0
0
0
0
0
0
0
0
0
0
0
0
0
0
0
0
0
0
0
0
0
0
0
0
0
0
0
0
0
0
0
0
0
0
0
0
0
0
0
0
0
0
0
0
0
0
0
0
0
0
0
0
0
0
0
0
0
0
0
0
0
0
0
0
0
0
0
0
0
0
0
0
0
0
0
0
0
0
0
0
0
0
0
0
0
0
0
0
0
0
0
0
0
0
0
0
0
0
0
0
0
0
0
0
0
0
0
0
0
0
0
0
0
0
0
0
0
0
0
0
0
0
0
0
0
0
0
0
0
0
0
0
0
0
0
0
0
0
0
0
0
0
0
0
0
0
0
0
0
0
0
0
0
0
0
0
0
0
0
0
0
0
0
0
0
0
0
0
0
0
0
0
0
0
0
0
0
0
0
0
0
0
0
0
0
0
0
0
0
0
0
0
0
0
0
0
0
0
0
0
0
0
0
0
0
0
0
0
0
0
0
0
0
0
0
0
0
0
0
0
0
0
0
0
0
0
0
0
0
0
0
0
0
0
0
0
0
0
0
0
0
0
0
0
0
0
0
0
0
0
0
0
0
0
0
0
0
0
0
0
0
0
0
0
0
0
0
0
0
0
0
0
0
0
0
0
0
0
0
0
0
0
0
0
0
0
0
0
0
0
0
0
0
0
0
0
0
0
0
0
0
0
0
0
0
0
0
0
0
0
0
0
0
0
0
0
0
0
0
0
0
0
0
0
0
0
0
0
0
0
0
0
0
0
0
0
0
0
0
0
0
0
0
0
0
0
0
0
0
0
0
0
0
0
0
0
0
0
0
0
0
0
0
0
0
0
0
0
0
0
0
0
0
0
0
0
0
0
0
0
0
0
0
0
0
0
0
0
0
0
0
0
0
0
0
0
0
0
0
0
0
0
0
0
0
0
0
0
0
0
0
0
0
0
0
0
0
0
0
0
0
0
0
0
0
0
0
0
0
0
0
0
0
0
0
0
0
0
0
0
0
0
0
0
0
0
0
0
0
0
0
0
0
0
0
0
0
0
0
0
0
0
0
0
0
0
0
0
0
0
0
0
0
0
0
0
0
0
0
0
0
0
0
0
0
0
0
0
0
0
0
0
0
0
0
0
0
0
0
0
0
0
0
0
0
0
0
0
0
0
0
0
0
0
0
0
0
0
0
0
0
0
0
0
0
0
0
0
0
0
0
0
0
0
0
0
0
0
0
0
0
0
0
0
0
0
0
0
0
0
0
0
0
0
0
0
0
0
0
0
0
0
0
0
0
0
0
0
0
0
0
0
0
0
0
0
0
0
0
0
0
0
0
0
0
0
0
0
0
0
0
0
0
0
0
0
0
0
0
0
0
0
0
0
0
0
0
0
0
0
0
0
0
0
0
0
0
0
0
0
0
0
0
0
0
0
0
0
0
0
0
0
0
0
0
0
0
0
0
0
0
0
0
0
0
0
0
0
0
0
0
0
0
0
0
0
0
0
0
0
0
0
0
0
0
0
0
0
0
0
0
0
0
0
0
0
0
0
0
0
0
0
0
0
0
0
0
0
0
0
0
0
0
0
0
0
0
0
0
0
0
0
0
0
0
0
0
0
0
0
0
0
0
0
0
0
0
0
0
0
0
0
0
0
0
0
0
0
0
0
0
0
0
0
0
0
0
0
0
0
0
0
0
0
0
0
0
0
0
0
0
0
0
0
0
0
0
0
0
0
0
0
0
0
0
0
0
0
0
0
0
0
0
0
0
0
0
0
0
0
0
0
0
0
0
0
0
0
0
0
0
0
0
0
0
0
0
0
0
0
0
0
0
0
0
0
0
0
0
0
0
0
0
0
0
0
0
0
0
0
0
0
0
0
0
0
0
0
0
0
0
0
0
0
0
0
0
0
0
0
0
0
0
0
0
0
0
0
0
0
0
0
0
0
0
0
0
0
0
0
0
0
0
0
0
0
0
0
0
0
0
0
0
0
0
0
0
0
0
0
0
0
0
0
0
0
0
0
0
0
0
0
0
0
0
0
0
0
0
0
0
0
0
0
0
0
0
0
0
0
0
0
0
0
0
0
0
0
0
0
0
0
0
0
0
0
0
0
0
0
0
0
0
0
0
0
0
0
0
0
0
0
0
0
0
0
0
0
0
0
0
0
0
0
0
0
0
0
0
0
0
0
0
0
0
0
0
0
0
0
0
0
0
0
0
0
0
0
0
0
0
0
0
0
0
0
0
0
0
0
0
0
0
0
0
0
0
0
0
0
0
0
0
0
0
0
0
0
0
0
0
0
0
0
0
0
0
0
0
0
0
0
0
0
0
0
0
0
0
0
0
0
0
0
0
0
0
0
0
0
0
0
0
0
0
0
0
0
0
0
0
0
0
0
0
0
0
0
0
0
0
0
0
0
0
0
0
0
0
0
0
0
0
0
0
0
0
0
0
0
0
0
0
0
0
0
0
0
0
0
0
0
0
0
0
0
0
0
0
0
0
0
0
0
0
0
0
0
0
0
0
0
0
0
0
0
0
0
0
0
0
0
0
0
0
0
0
0
0
0
0
0
0
0
0
0
0
0
0
0
0
0
0
0
0
0
0
0
0
0
0
0
0
0
0
0
0
0
0
0
0
0
0
0
0
0
0
0
0
0
0
0
0
0
0
0
0
0
0
0
0
0
0
0
0
0
0
0
0
0
0
0
0
0
0
0
0
0
0
0
0
0
0
0
0
0
0
0
0
0
0
0
0
0
0
0
0
0
0
0
0
0
0
0
0
0
0
0
0
0
0
0
0
0
0
0
0
0
0
0
0
0
0
0
0
0
0
0
0
0
0
0
0
0
0
0
0
0
0
0
0
0
0
0
0
0
0
0
0
0
0
0
0
0
0
0
0
0
0
0
0
0
0
0
0
0
0
0
0
0
0
0
0
0
0
0
0
0
0
0
0
0
0
0
0
0
0
0
0
0
0
0
0
0
0
0
0
0
0
0
0
0
0
0
0
0
0
0
0
0
0
0
0
0
0
0
0
0
0
0
0
0
0
0
0
0
0
0
0
0
0
0
0
0
0
0
0
0
0
0
0
0
0
0
0
0
0
0
0
0
0
0
0
0
0
0
0
0
0
0
0
0
0
0
0
0
0
0
0
0
0
0
0
0
0
0
0
0
0
0
0
0
0
0
0
0
0
0
0
0
0
0
0
0
0
0
0
0
0
0
0
0
0
0
0
0
0
0
0
0
0
0
0
0
0
0
0
0
0
0
0
0
0
0
0
0
0
0
0
0
0
0
0
0
0
0
0
0
0
0
0
0
0
0
0
0
0
0
0
0
0
0
0
0
0
0
0
0
0
0
0
0
0
0
0
0
0
0
0
0
0
0
0
0
0
0
0
0
0
0
0
0
0
0
0
0
0
0
0
0
0
0
0
0
0
0
0
0
0
0
0
0
0
0
0
0
0
0
0
0
0
0
0
0
0
0
0
0
0
0
0
0
0
0
0
0
0
0
0
0
0
0
0
0
0
0
0
0
0
0
0
0
0
0
0
0
0
0
0
0
0
0
0
0
0
0
0
0
0
0
0
0
0
0
0
0
0
0
0
0
0
0
0
0
0
0
0
0
0
0
0
0
0
0
0
0
0
0
0
0
0
0
0
0
0
0
0
0
0
0
0
0
0
0
0
0
0
0
0
0
0
0
0
0
0
0
0
0
0
0
0
0
0
0
0
0
0
0
0
0
0
0
0
0
0
0
0
0
0
0
0
0
0
0
0
0
0
0
0
0
0
0
0
0
0
0
0
0
0
0
0
0
0
0
0
0
0
0
0
0
0
0
0
0
0
0
0
0
0
0
0
0
0
0
0
0
0
0
0
0
0
0
0
0
0
0
0
0
0
0
0
0
0
0
0
0
0
0
0
0
0
0
0
0
0
0
0
0
0
0
0
0
0
0
0
0
0
0
0
0
0
0
0
0
0
0
0
0
0
0
0
0
0
0
0
0
0
0
0
0
0
0
0
0
0
0
0
0
0
0
0
0
0
0
0
0
0
0
0
0
0
0
0
0
0
0
0
0
0
0
0
0
0
0
0
0
0
0
0
0
0
0
0
0
0
0
0
0
0
0
0
0
0
0
0
0
0
0
0
0
0
0
0
0
0
0
0
0
0
0
0
0
0
0
0
0
0
0
0
0
0
0
0
0
0
0
0
0
0
0
0
0
0
0
0
0
0
0
0
0
0
0
0
0
0
0
0
0
0
0
0
0
0
0
0
0
0
0
0
0
0
0
0
0
0
0
0
0
0
0
0
0
0
0
0
0
0
0
0
0
0
0
0
0
0
0
0
0
0
0
0
0
0
0
0
0
0
0
0
0
0
0
0
0
0
0
0
0
0
0
0
0
0
0
0
0
0
0
0
0
0
0
0
0
0
0
0
0
0
0
0
0
0
0
0
0
0
0
0
0
0
0
0
0
0
0
0
0
0
0
0
0
0
0
0
0
0
0
0
0
0
0
0
0
0
0
0
0
0
0
0
0
0
0
0
0
0
0
0
0
0
0
0
0
0
0
0
0
0
0
0
0
0
0
0
0
0
0
0
0
0
0
0
0
0
0
0
0
0
0
0
0
0
0
0
0
0
0
0
0
0
0
0
0
0
0
0
0
0
0
0
0
0
0
0
0
0
0
0
0
0
0
0
0
0
0
0
0
0
0
0
0
0
0
0
0
0
0
0
0
0
0
0
0
0
0
0
0
0
0
0
0
0
0
0
0
0
0
0
0
0
0
0
0
0
0
0
0
0
0
0
0
0
0
0
0
0
0
0
0
0
0
0
0
0
0
0
0
0
0
0
0
0
0
0
0
0
0
0
0
0
0
0
0
0
0
0
0
0
0
0
0
0
0
0
0
0
0
0
0
0
0
0
0
0
0
0
0
0
0
0
0
0
0
0
0
0
0
0
0
0
0
0
0
0
0
0
0
0
0
0
0
0
0
0
0
0
0
0
0
0
0
0
0
0
0
0
0
0
0
0
0
0
0
0
0
0
0
0
0
0
0
0
0
0
0
0
0
0
0
0
0
0
0
0
0
0
0
0
0
0
0
0
0
0
0
0
0
0
0
0
0
0
0
0
0
0
0
0
0
0
0
0
0
0
0
0
0
0
0
0
0
0
0
0
0
0
0
0
0
0
0
0
0
0
0
0
0
0
0
0
0
0
0
0
0
0
0
0
0
0
0
0
0
0
0
0
0
0
0
0
0
0
0
0
0
0
0
0
0
0
0
0
0
0
0
0
0
0
0
0
0
0
0
0
0
0
0
0
0
0
0
0
0
0
0
0
0
0
0
0
0
0
0
0
0
0
0
0
0
0
0
0
0
0
0
0
0
0
0
0
0
0
0
0
0
0
0
0
0
0
0
0
0
0
0
0
0
0
0
0
0
0
0
0
0
0
0
0
0
0
0
0
0
0
0
0
0
0
0
0
0
0
0
0
0
0
0
0
0
0
0
0
0
0
0
0
0
0
0
0
0
0
0
0
0
0
0
0
0
0
0
0
0
0
0
0
0
0
0
0
0
0
0
0
0
0
0
0
0
0
0
0
0
0
0
0
0
0
0
0
0
0
0
0
0
0
0
0
0
0
0
0
0
0
0
0
0
0
0
0
0
0
0
0
0
0
0
0
0
0
0
0
0
0
0
0
0
0
0
0
0
0
0
0
0
0
0
0
0
0
0
0
0
0
0
0
0
0
0
0
0
0
0
0
0
0
0
0
0
0
0
0
0
0
0
0
0
0
0
0
0
0
0
0
0
0
0
0
0
0
0
0
0
0
0
0
0
0
0
0
0
0
0
0
0
0
0
0
0
0
0
0
0
0
0
0
0
0
0
0
0
0
0
0
0
0
0
0
0
0
0
0
0
0
0
0
0
0
0
0
0
0
0
0
0
0
0
0
0
0
0
0
0
0
0
0
0
0
0
0
0
0
0
0
0
0
0
0
0
0
0
0
0
0
0
0
0
0
0
0
0
0
0
0
0
0
0
0
0
0
0
0
0
0
0
0
0
0
0
0
0
0
0
0
0
0
0
0
0
0
0
0
0
0
0
0
0
0
0
0
0
0
0
0
0
0
0
0
0
0
0
0
0
0
0
0
0
0
0
0
0
0
0
0
0
0
0
0
0
0
0
0
0
0
0
0
0
0
0
0
0
0
0
0
0
0
0
0
0
0
0
0
0
0
0
0
0
0
0
0
0
0
0
0
0
0
0
0
0
0
0
0
0
0
0
0
0
0
0
0
0
0
0
0
0
0
0
0
0
0
0
0
0
0
0
0
0
0
0
0
0
0
0
0
0
0
0
0
0
0
0
0
0
0
0
0
0
0
0
0
0
0
0
0
0
0
0
0
0
0
0
0
0
0
0
0
0
0
0
0
0
0
0
0
0
0
0
0
0
0
0
0
0
0
0
0
0
0
0
0
0
0
0
0
0
0
0
0
0
0
0
0
0
0
0
0
0
0
0
0
0
0
0
0
0
0
0
0
0
0
0
0
0
0
0
0
0
0
0
0
0
0
0
0
0
0
0
0
0
0
0
0
0
0
0
0
0
0
0
0
0
0
0
0
0
0
0
0
0
0
0
0
0
0
0
0
0
0
0
0
0
0
0
0
0
0
0
0
0
0
0
0
0
0
0
0
0
0
0
0
0
0
0
0
0
0
0
0
0
0
0
0
0
0
0
0
0
0
0
0
0
0
0
0
0
0
0
0
0
0
0
0
0
0
0
0
0
0
0
0
0
0
0
0
0
0
0
0
0
0
0
0
0
0
0
0
0
0
0
0
0
0
0
0
0
0
0
0
0
0
0
0
0
0
0
0
0
0
0
0
0
0
0
0
0
0
0
0
0
0
0
0
0
0
0
0
0
0
0
0
0
0
0
0
0
0
0
0
0
0
0
0
0
0
0
0
0
0
0
0
0
0
0
0
0
0
0
0
0
0
0
0
0
0
0
0
0
0
0
0
0
0
0
0
0
0
0
0
0
0
0
0
0
0
0
0
0
0
0
0
0
0
0
0
0
0
0
0
0
0
0
0
0
0
0
0
0
0
0
0
0
0
0
0
0
0
0
0
0
0
0
0
0
0
0
0
0
0
0
0
0
0
0
0
0
0
0
0
0
0
0
0
0
0
0
0
0
0
0
0
0
0
0
0
0
0
0
0
0
0
0
0
0
0
0
0
0
0
0
0
0
0
0
0
0
0
0
0
0
0
0
0
0
0
0
0
0
0
0
0
0
0
0
0
0
0
0
0
0
0
0
0
0
0
0
0
0
0
0
0
0
0
0
0
0
0
0
0
0
0
0
0
0
0
0
0
0
0
0
0
0
0
0
0
0
0
0
0
0
0
0
0
0
0
0
0
0
0
0
0
0
0
0
0
0
0
0
0
0
0
0
0
0
0
0
0
0
0
0
0
0
0
0
0
0
0
0
0
0
0
0
0
0
0
0
0
0
0
0
0
0
0
0
0
0
0
0
0
0
0
0
0
0
0
0
0
0
0
0
0
0
0
0
0
0
0
0
0
0
0
0
0
0
0
0
0
0
0
0
0
0
0
0
0
0
0
0
0
0
0
0
0
0
0
0
0
0
0
0
0
0
0
0
0
0
0
0
0
0
0
0
0
0
0
0
0
0
0
0
0
0
0
0
0
0
0
0
0
0
0
0
0
0
0
0
0
0
0
0
0
0
0
0
0
0
0
0
0
0
0
0
0
0
0
0
0
0
0
0
0
0
0
0
0
0
0
0
0
0
0
0
0
0
0
0
0
0
0
0
0
0
0
0
0
0
0
0
0
0
0
0
0
0
0
0
0
0
0
0
0
0
0
0
0
0
0
0
0
0
0
0
0
0
0
0
0
0
0
0
0
0
0
0
0
0
0
0
0
0
0
0
0
0
0
0
0
0
0
0
0
0
0
0
0
0
0
0
0
0
0
0
0
0
0
0
0
0
0
0
0
0
0
0
0
0
0
0
0
0
0
0
0
0
0
0
0
0
0
0
0
0
0
0
0
0
0
0
0
0
0
0
0
0
0
0
0
0
0
0
0
0
0
0
0
0
0
0
0
0
0
0
0
0
0
0
0
0
0
0
0
0
0
0
0
0
0
0
0
0
0
0
0
0
0
0
0
0
0
0
0
0
0
0
0
0
0
0
0
0
0
0
0
0
0
0
0
0
0
0
0
0
0
0
0
0
0
0
0
0
0
0
0
0
0
0
0
0
0
0
0
0
0
0
0
0
0
0
0
0
0
0
0
0
0
0
0
0
0
0
0
0
0
0
0
0
0
0
0
0
0
0
0
0
0
0
0
0
0
0
0
0
0
0
0
0
0
0
0
0
0
0
0
0
0
0
0
0
0
0
0
0
0
0
0
0
0
0
0
0
0
0
0
0
0
0
0
0
0
0
0
0
0
0
0
0
0
0
0
0
0
0
0
0
0
0
0
0
0
0
0
0
0
0
0
0
0
0
0
0
0
0
0
0
0
0
0
0
0
0
0
0
0
0
0
0
0
0
0
0
0
0
0
0
0
0
0
0
0
0
0
0
0
0
0
0
0
0
0
0
0
0
0
0
0
0
0
0
0
0
0
0
0
0
0
0
0
0
0
0
0
0
0
0
0
0
0
0
0
0
0
0
0
0
0
0
0
0
0
0
0
0
0
0
0
0
0
0
0
0
0
0
0
0
0
0
0
0
0
0
0
0
0
0
0
0
0
0
0
0
0
0
0
0
0
0
0
0
0
0
0
0
0
0
0
0
0
0
0
0
0
0
0
0
0
0
0
0
0
0
0
0
0
0
0
0
0
0
0
0
0
0
0
0
0
0
0
0
0
0
0
0
0
0
0
0
0
0
0
0
0
0
0
0
0
0
0
0
0
0
0
0
0
0
0
0
0
0
0
0
0
0
0
0
0
0
0
0
0
0
0
0
0
0
0
0
0
0
0
0
0
0
0
0
0
0
0
0
0
0
0
0
0
0
0
0
0
0
0
0
0
0
0
0
0
0
0
0
0
0
0
0
0
0
0
0
0
0
0
0
0
0
0
0
0
0
0
0
0
0
0
0
0
0
0
0
0
0
0
0
0
0
0
0
0
0
0
0
0
0
0
0
0
0
0
0
0
0
0
0
0
0
0
0
0
0
0
0
0
0
0
0
0
0
0
0
0
0
0
0
0
0
0
0
0
0
0
0
0
0
0
0
0
0
0
0
0
0
0
0
0
0
0
0
0
0
0
0
0
0
0
0
0
0
0
0
0
0
0
0
0
0
0
0
0
0
0
0
0
0
0
0
0
0
0
0
0
0
0
0
0
0
0
0
0
0
0
0
0
0
0
0
0
0
0
0
0
0
0
0
0
0
0
0
0
0
0
0
0
0
0
0
0
0
0
0
0
0
0
0
0
0
0
0
0
0
0
0
0
0
0
0
0
0
0
0
0
0
0
0
0
0
0
0
0
0
0
0
0
0
0
0
0
0
0
0
0
0
0
0
0
0
0
0
0
0
0
0
0
0
0
0
0
0
0
0
0
0
0
0
0
0
0
0
0
0
0
0
0
0
0
0
0
0
0
0
0
0
0
0
0
0
0
0
0
0
0
0
0
0
0
0
0
0
0
0
0
0
0
0
0
0
0
0
0
0
0
0
0
0
0
0
0
0
0
0
0
0
0
0
0
0
0
0
0
0
0
0
0
0
0
0
0
0
0
0
0
0
0
0
0
0
0
0
0
0
0
0
0
0
0
0
0
0
0
0
0
0
0
0
0
0
0
0
0
0
0
0
0
0
0
0
0
0
0
0
0
0
0
0
0
0
0
0
0
0
0
0
0
0
0
0
0
0
0
0
0
0
0
0
0
0
0
0
0
0
0
0
0
0
0
0
0
0
0
0
0
0
0
0
0
0
0
0
0
0
0
0
0
0
0
0
0
0
0
0
0
0
0
0
0
0
0
0
0
0
0
0
0
0
0
0
0
0
0
0
0
0
0
0
0
0
0
0
0
0
0
0
0
0
0
0
0
0
0
0
0
0
0
0
0
0
0
0
0
0
0
0
0
0
0
0
0
0
0
0
0
0
0
0
0
0
0
0
0
0
0
0
0
0
0
0
0
0
0
0
0
0
0
0
0
0
0
0
0
0
0
0
0
0
0
0
0
0
0
0
0
0
0
0
0
0
0
0
0
0
0
0
0
0
0
0
0
0
0
0
0
0
0
0
0
0
0
0
0
0
0
0
0
0
0
0
0
0
0
0
0
0
0
0
0
0
0
0
0
0
0
0
0
0
0
0
0
0
0
0
0
0
0
0
0
0
0
0
0
0
0
0
0
0
0
0
0
0
0
0
0
0
0
0
0
0
0
0
0
0
0
0
0
0
0
0
0
0
0
0
0
0
0
0
0
0
0
0
0
0
0
0
0
0
0
0
0
0
0
0
0
0
0
0
0
0
0
0
0
0
0
0
0
0
0
0
0
0
0
0
0
0
0
0
0
0
0
0
0
0
0
0
0
0
0
0
0
0
0
0
0
0
0
0
0
0
0
0
0
0
0
0
0
0
0
0
0
0
0
0
0
0
0
0
0
0
0
0
0
0
0
0
0
0
0
0
0
0
0
0
0
0
0
0
0
0
0
0
0
0
0
0
0
0
0
0
0
0
0
0
0
0
0
0
0
0
0
0
0
0
0
0
0
0
0
0
0
0
0
0
0
0
0
0
0
0
0
0
0
0
0
0
0
0
0
0
0
0
0
0
0
0
0
0
0
0
0
0
0
0
0
0
0
0
0
0
0
0
0
0
0
0
0
0
0
0
0
0
0
0
0
0
0
0
0
0
0
0
0
0
0
0
0
0
0
0
0
0
0
0
0
0
0
0
0
0
0
0
0
0
0
0
0
0
0
0
0
0
0
0
0
0
0
0
0
0
0
0
0
0
0
0
0
0
0
0
0
0
0
0
0
0
0
0
0
0
0
0
0
0
0
0
0
0
0
0
0
0
0
0
0
0
0
0
0
0
0
0
0
0
0
0
0
0
0
0
0
0
0
0
0
0
0
0
0
0
0
0
0
0
0
0
0
0
0
0
0
0
0
0
0
0
0
0
0
0
0
0
0
0
0
0
0
0
0
0
0
0
0
0
0
0
0
0
0
0
0
0
0
0
0
0
0
0
0
0
0
0
0
0
0
0
0
0
0
0
0
0
0
0
0
0
0
0
0
0
0
0
0
0
0
0
0
0
0
0
0
0
0
0
0
0
0
0
0
0
0
0
0
0
0
0
0
0
0
0
0
0
0
0
0
0
0
0
0
0
0
0
0
0
0
0
0
0
0
0
0
0
0
0
0
0
0
0
0
0
0
0
0
0
0
0
0
0
0
0
0
0
0
0
0
0
0
0
0
0
0
0
0
0
0
0
0
0
0
0
0
0
0
0
0
0
0
0
0
0
0
0
0
0
0
0
0
0
0
0
0
0
0
0
0
0
0
0
0
0
0
0
0
0
0
0
0
0
0
0
0
0
0
0
0
0
0
0
0
0
0
0
0
0
0
0
0
0
0
0
0
0
0
0
0
0
0
0
0
0
0
0
0
0
0
0
0
0
0
0
0
0
0
0
0
0
0
0
0
0
0
0
0
0
0
0
0
0
0
0
0
0
0
0
0
0
0
0
0
0
0
0
0
0
0
0
0
0
0
0
0
0
0
0
0
0
0
0
0
0
0
0
0
0
0
0
0
0
0
0
0
0
0
0
0
0
0
0
0
0
0
0
0
0
0
0
0
0
0
0
0
0
0
0
0
0
0
0
0
0
0
0
0
0
0
0
0
0
0
0
0
0
0
0
0
0
0
0
0
0
0
0
0
0
0
0
0
0
0
0
0
0
0
0
0
0
0
0
0
0
0
0
0
0
0
0
0
0
0
0
0
0
0
0
0
0
0
0
0
0
0
0
0
0
0
0
0
0
0
0
0
0
0
0
0
0
0
0
0
0
0
0
0
0
0
0
0
0
0
0
0
0
0
0
0
0
0
0
0
0
0
0
0
0
0
0
0
0
0
0
0
0
0
0
0
0
0
0
0
0
0
0
0
0
0
0
0
0
0
0
0
0
0
0
0
0
0
0
0
0
0
0
0
0
0
0
0
0
0
0
0
0
0
0
0
0
0
0
0
0
0
0
0
0
0
0
0
0
0
0
0
0
0
0
0
0
0
0
0
0
0
0
0
0
0
0
0
0
0
0
0
0
0
0
0
0
0
0
0
0
0
0
0
0
0
0
0
0
0
0
0
0
0
0
0
0
0
0
0
0
0
0
0
0
0
0
0
0
0
0
0
0
0
0
0
0
0
0
0
0
0
0
0
0
0
0
0
0
0
0
0
0
0
0
0
0
0
0
0
0
0
0
0
0
0
0
0
0
0
0
0
0
0
0
0
0
0
0
0
0
0
0
0
0
0
0
0
0
0
0
0
0
0
0
0
0
0
0
0
0
0
0
0
0
0
0
0
0
0
0
0
0
0
0
0
0
0
0
0
0
0
0
0
0
0
0
0
0
0
0
0
0
0
0
0
0
0
0
0
0
0
0
0
0
0
0
0
0
0
0
0
0
0
0
0
0
0
0
0
0
0
0
0
0
0
0
0
0
0
0
0
0
0
0
0
0
0
0
0
0
0
0
0
0
0
0
0
0
0
0
0
0
0
0
0
0
0
0
0
0
0
0
0
0
0
0
0
0
0
0
0
0
0
0
0
0
0
0
0
0
0
0
0
0
0
0
0
0
0
0
0
0
0
0
0
0
0
0
0
0
0
0
0
0
0
0
0
0
0
0
0
0
0
0
0
0
0
0
0
0
0
0
0
0
0
0
0
0
0
0
0
0
0
0
0
0
0
0
0
0
0
0
0
0
0
0
0
0
0
0
0
0
0
0
0
0
0
0
0
0
0
0
0
0
0
0
0
0
0
0
0
0
0
0
0
0
0
0
0
0
0
0
0
0
0
0
0
0
0
0
0
0
0
0
0
0
0
0
0
0
0
0
0
0
0
0
0
0
0
0
0
0
0
0
0
0
0
0
0
0
0
0
0
0
0
0
0
0
0
0
0
0
0
0
0
0
0
0
0
0
0
0
0
0
0
0
0
0
0
0
0
0
0
0
0
0
0
0
0
0
0
0
0
0
0
0
0
0
0
0
0
0
0
0
0
0
0
0
0
0
0
0
0
0
0
0
0
0
0
0
0
0
0
0
0
0
0
0
0
0
0
0
0
0
0
0
0
0
0
0
0
0
0
0
0
0
0
0
0
0
0
0
0
0
0
0
0
0
0
0
0
0
0
0
0
0
0
0
0
0
0
0
0
0
0
0
0
0
0
0
0
0
0
0
0
0
0
0
0
0
0
0
0
0
0
0
0
0
0
0
0
0
0
0
0
0
0
0
0
0
0
0
0
0
0
0
0
0
0
0
0
0
0
0
0
0
0
0
0
0
0
0
0
0
0
0
0
0
0
0
0
0
0
0
0
0
0
0
0
0
0
0
0
0
0
0
0
0
0
0
0
0
0
0
0
0
0
0
0
0
0
0
0
0
0
0
0
0
0
0
0
0
0
0
0
0
0
0
0
0
0
0
0
0
0
0
0
0
0
0
0
0
0
0
0
0
0
0
0
0
0
0
0
0
0
0
0
0
0
0
0
0
0
0
0
0
0
0
0
0
0
0
0
0
0
0
0
0
0
0
0
0
0
0
0
0
0
0
0
0
0
0
0
0
0
0
0
0
0
0
0
0
0
0
0
0
0
0
0
0
0
0
0
0
0
0
0
0
0
0
0
0
0
0
0
0
0
0
0
0
0
0
0
0
0
0
0
0
0
0
0
0
0
0
0
0
0
0
0
0
0
0
0
0
0
0
0
0
0
0
0
0
0
0
0
0
0
0
0
0
0
0
0
0
0
0
0
0
0
0
0
0
0
0
0
0
0
0
0
0
0
0
0
0
0
0
0
0
0
0
0
0
0
0
0
0
0
0
0
0
0
0
0
0
0
0
0
0
0
0
0
0
0
0
0
0
0
0
0
0
0
0
0
0
0
0
0
0
0
0
0
0
0

SCALARS NodeTag_Domain int 1
LOOKUP_TABLE default
-1
-1
-1
-1
-1
-1
-1
-1
0
0
0
0
0
0
0
0
0
0
0
0
0
0
0
0
0
0
0
0
0
0
0
0
0
0
0
0
0
0
0
0
0
0
0
0
0
0
0
0
0
0
0
0
0
0
0
0
0
0
0
0
0
0
0
0
0
0
0
0
0
0
0
0
0
0
0
0
0
0
0
0
0
0
0
0
0
0
0
0
0
0
0
0
0
0
0
0
0
0
0
0
0
0
0
0
0
0
0
0
0
0
0
0
0
0
0
0
0
0
0
0
0
0
0
0
0
0
0
0
0
0
0
0
0
0
0
0
0
0
0
0
0
0
0
0
0
0
0
0
0
0
0
0
0
0
0
0
0
0
0
0
0
0
0
0
0
0
0
0
0
0
0
0
0
0
0
0
0
0
0
0
0
0
0
0
0
0
0
0
0
0
0
0
0
0
0
0
0
0
0
0
0
0
0
0
0
0
0
0
0
0
0
0
0
0
0
0
0
0
0
0
0
0
0
0
0
0
0
0
0
0
0
0
0
0
0
0
0
0
0
0
0
0
0
0
0
0
0
0
0
0
0
0
0
0
0
0
0
0
0
0
0
0
0
0
0
0
0
0
0
0
0
0
0
0
0
0
0
0
0
0
0
0
0
0
0
0
0
0
0
0
0
0
0
0
0
0
0
0
0
0
0
0
0
0
0
0
0
0
0
0
0
0
0
0
0
0
0
0
0
0
0
0
0
0
0
0
0
0
0
0
0
0
0
0
0
0
0
0
0
0
0
0
0
0
0
0
0
0
0
0
0
0
0
0
0
0
0
0
0
0
0
0
0
0
0
0
0
0
0
0
0
0
0
0
0
0
0
0
0
0
0
0
0
0
0
0
0
0
0
0
0
0
0
0
0
0
0
0
0
0
0
0
0
0
0
0
0
0
0
0
0
0
0
0
0
0
0
0
0
0
0
0
0
0
0
0
0
0
0
0
0
0
0
0
0
0
0
0
0
0
0
0
0
0
0
0
0
0
0
0
0
0
0
0
0
0
0
0
0
0
0
0
0
0
0
0
0
0
0
0
0
0
0
0
0
0
0
0
0
0
0
0
0
0
0
0
0
0
0
0
0
0
0
0
0
0
0
0
0
0
0
0
0
0
0
0
0
0
0
0
0
0
0
0
0
0
0
0
0
0
0
0
0
0
0
0
0
0
0
0
0
0
0
0
0
0
0
0
0
0
0
0
0
0
0
0
0
0
0
0
0
0
0
0
0
0
0
0
0
0
0
0
0
0
0
0
0
0
0
0
0
0
0
0
0
0
0
0
0
0
0
0
0
0
0
0
0
0
0
0
0
0
0
0
0
0
0
0
0
0
0
0
0
0
0
0
0
0
0
0
0
0
0
0
0
0
0
0
0
0
0
0
0
0
0
0
0
0
0
0
0
0
0
0
0
0
0
0
0
0
0
0
0
0
0
0
0
0
0
0
0
0
0
0
0
0
0
0
0
0
0
0
0
0
0
0
0
0
0
0
0
0
0
0
0
0
0
0
0
0
0
0
0
0
0
0
0
0
0
0
0
0
0
0
0
0
0
0
0
0
0
0
0
0
0
0
0
0
0
0
0
0
0
0
0
0
0
0
0
0
0
0
0
0
0
0
0
0
0
0
0
0
0
0
0
0
0
0
0
0
0
0
0
0
0
0
0
0
0
0
0
0
0
0
0
0
0
0
0
0
0
0
0
0
0
0
0
0
0
0
0
0
0
0
0
0
0
0
0
0
0
0
0
0
0
0
0
0
0
0
0
0
0
0
0
0
0
0
0
0
0
0
0
0
0
0
0
0
0
0
0
0
0
0
0
0
0
0
0
0
0
0
0
0
0
0
0
0
0
0
0
0
0
0
0
0
0
0
0
0
0
0
0
0
0
0
0
0
0
0
0
0
0
0
0
0
0
0
0
0
0
0
0
0
0
0
0
0
0
0
0
0
0
0
0
0
0
0
0
0
0
0
0
0
0
0
0
0
0
0
0
0
0
0
0
0
0
0
0
0
0
0
0
0
0
0
0
0
0
0
0
0
0
0
0
0
0
0
0
0
0
0
0
0
0
0
0
0
0
0
0
0
0
0
0
0
0
0
0
0
0
0
0
0
0
0
0
0
0
0
0
0
0
0
0
0
0
0
0
0
0
0
0
0
0
0
0
0
0
0
0
0
0
0
0
0
0
0
0
0
0
0
0
0
0
0
0
0
0
0
0
0
0
0
0
0
0
0
0
0
0
0
0
0
0
0
0
0
0
0
0
0
0
0
0
0
0
0
0
0
0
0
0
0
0
0
0
0
0
0
0
0
0
0
0
0
0
0
0
0
0
0
0
0
0
0
0
0
0
0
0
0
0
0
0
0
0
0
0
0
0
0
0
0
0
0
0
0
0
0
0
0
0
0
0
0
0
0
0
0
0
0
0
0
0
0
0
0
0
0
0
0
0
0
0
0
0
0
0
0
0
0
0
0
0
0
0
0
0
0
0
0
0
0
0
0
0
0
0
0
0
0
0
0
0
0
0
0
0
0
0
0
0
0
0
0
0
0
0
0
0
0
0
0
0
0
0
0
0
0
0
0
0
0
0
0
0
0
0
0
0
0
0
0
0
0
0
0
0
0
0
0
0
0
0
0
0
0
0
0
0
0
0
0
0
0
0
0
0
0
0
0
0
0
0
0
0
0
0
0
0
0
0
0
0
0
0
0
0
0
0
0
0
0
0
0
0
0
0
0
0
0
0
0
0
0
0
0
0
0
0
0
0
0
0
0
0
0
0
0
0
0
0
0
0
0
0
0
0
0
0
0
0
0
0
0
0
0
0
0
0
0
0
0
0
0
0
0
0
0
0
0
0
0
0
0
0
0
0
0
0
0
0
0
0
0
0
0
0
0
0
0
0
0
0
0
0
0
0
0
0
0
0
0
0
0
0
0
0
0
0
0
0
0
0
0
0
0
0
0
0
0
0
0
0
0
0
0
0
0
0
0
0
0
0
0
0
0
0
0
0
0
0
0
0
0
0
0
0
0
0
0
0
0
0
0
0
0
0
0
0
0
0
0
0
0
0
0
0
0
0
0
0
0
0
0
0
0
0
0
0
0
0
0
0
0
0
0
0
0
0
0
0
0
0
0
0
0
0
0
0
0
0
0
0
0
0
0
0
0
0
0
0
0
0
0
0
0
0
0
0
0
0
0
0
0
0
0
0
0
0
0
0
0
0
0
0
0
0
0
0
0
0
0
0
0
0
0
0
0
0
0
0
0
0
0
0
0
0
0
0
0
0
0
0
0
0
0
0
0
0
0
0
0
0
0
0
0
0
0
0
0
0
0
0
0
0
0
0
0
0
0
0
0
0
0
0
0
0
0
0
0
0
0
0
0
0
0
0
0
0
0
0
0
0
0
0
0
0
0
0
0
0
0
0
0
0
0
0
0
0
0
0
0
0
0
0
0
0
0
0
0
0
0
0
0
0
0
0
0
0
0
0
0
0
0
0
0
0
0
0
0
0
0
0
0
0
0
0
0
0
0
0
0
0
0
0
0
0
0
0
0
0
0
0
0
0
0
0
0
0
0
0
0
0
0
0
0
0
0
0
0
0
0
0
0
0
0
0
0
0
0
0
0
0
0
0
0
0
0
0
0
0
0
0
0
0
0
0
0
0
0
0
0
0
0
0
0
0
0
0
0
0
0
0
0
0
0
0
0
0
0
0
0
0
0
0
0
0
0
0
0
0
0
0
0
0
0
0
0
0
0
0
0
0
0
0
0
0
0
0
0
0
0
0
0
0
0
0
0
0
0
0
0
0
0
0
0
0
0
0
0
0
0
0
0
0
0
0
0
0
0
0
0
0
0
0
0
0
0
0
0
0
0
0
0
0
0
0
0
0
0
0
0
0
0
0
0
0
0
0
0
0
0
0
0
0
0
0
0
0
0
0
0
0
0
0
0
0
0
0
0
0
0
0
0
0
0
0
0
0
0
0
0
0
0
0
0
0
0
0
0
0
0
0
0
0
0
0
0
0
0
0
0
0
0
0
0
0
0
0
0
0
0
0
0
0
0
0
0
0
0
0
0
0
0
0
0
0
0
0
0
0
0
0
0
0
0
0
0
0
0
0
0
0
0
0
0
0
0
0
0
0
0
0
0
0
0
0
0
0
0
0
0
0
0
0
0
0
0
0
0
0
0
0
0
0
0
0
0
0
0
0
0
0
0
0
0
0
0
0
0
0
0
0
0
0
0
0
0
0
0
0
0
0
0
0
0
0
0
0
0
0
0
0
0
0
0
0
0
0
0
0
0
0
0
0
0
0
0
0
0
0
0
0
0
0
0
0
0
0
0
0
0
0
0
0
0
0
0
0
0
0
0
0
0
0
0
0
0
0
0
0
0
0
0
0
0
0
0
0
0
0
0
0
0
0
0
0
0
0
0
0
0
0
0
0
0
0
0
0
0
0
0
0
0
0
0
0
0
0
0
0
0
0
0
0
0
0
0
0
0
0
0
0
0
0
0
0
0
0
0
0
0
0
0
0
0
0
0
0
0
0
0
0
0
0
0
0
0
0
0
0
0
0
0
0
0
0
0
0
0
0
0
0
0
0
0
0
0
0
0
0
0
0
0
0
0
0
0
0
0
0
0
0
0
0
0
0
0
0
0
0
0
0
0
0
0
0
0
0
0
0
0
0
0
0
0
0
0
0
0
0
0
0
0
0
0
0
0
0
0
0
0
0
0
0
0
0
0
0
0
0
0
0
0
0
0
0
0
0
0
0
0
0
0
0
0
0
0
0
0
0
0
0
0
0
0
0
0
0
0
0
0
0
0
0
0
0
0
0
0
0
0
0
0
0
0
0
0
0
0
0
0
0
0
0
0
0
0
0
0
0
0
0
0
0
0
0
0
0
0
0
0
0
0
0
0
0
0
0
0
0
0
0
0
0
0
0
0
0
0
0
0
0
0
0
0
0
0
0
0
0
0
0
0
0
0
0
0
0
0
0
0
0
0
0
0
0
0
0
0
0
0
0
0
0
0
0
0
0
0
0
0
0
0
0
0
0
0
0
0
0
0
0
0
0
0
0
0
0
0
0
0
0
0
0
0
0
0
0
0
0
0
0
0
0
0
0
0
0
0
0
0
0
0
0
0
0
0
0
0
0
0
0
0
0
0
0
0
0
0
0
0
0
0
0
0
0
0
0
0
0
0
0
0
0
0
0
0
0
0
0
0
0
0
0
0
0
0
0
0
0
0
0
0
0
0
0
0
0
0
0
0
0
0
0
0
0
0
0
0
0
0
0
0
0
0
0
0
0
0
0
0
0
0
0
0
0
0
0
0
0
0
0
0
0
0
0
0
0
0
0
0
0
0
0
0
0
0
0
0
0
0
0
0
0
0
0
0
0
0
0
0
0
0
0
0
0
0
0
0
0
0
0
0
0
0
0
0
0
0
0
0
0
0
0
0
0
0
0
0
0
0
0
0
0
0
0
0
0
0
0
0
0
0
0
0
0
0
0
0
0
0
0
0
0
0
0
0
0
0
0
0
0
0
0
0
0
0
0
0
0
0
0
0
0
0
0
0
0
0
0
0
0
0
0
0
0
0
0
0
0
0
0
0
0
0
0
0
0
0
0
0
0
0
0
0
0
0
0
0
0
0
0
0
0
0
0
0
0
0
0
0
0
0
0
0
0
0
0
0
0
0
0
0
0
0
0
0
0
0
0
0
0
0
0
0
0
0
0
0
0
0
0
0
0
0
0
0
0
0
0
0
0
0
0
0
0
0
0
0
0
0
0
0
0
0
0
0
0
0
0
0
0
0
0
0
0
0
0
0
0
0
0
0
0
0
0
0
0
0
0
0
0
0
0
0
0
0
0
0
0
0
0
0
0
0
0
0
0
0
0
0
0
0
0
0
0
0
0
0
0
0
0
0
0
0
0
0
0
0
0
0
0
0
0
0
0
0
0
0
0
0
0
0
0
0
0
0
0
0
0
0
0
0
0
0
0
0
0
0
0
0
0
0
0
0
0
0
0
0
0
0
0
0
0
0
0
0
0
0
0
0
0
0
0
0
0
0
0
0
0
0
0
0
0
0
0
0
0
0
0
0
0
0
0
0
0
0
0
0
0
0
0
0
0
0
0
0
0
0
0
0
0
0
0
0
0
0
0
0
0
0
0
0
0
0
0
0
0
0
0
0
0
0
0
0
0
0
0
0
0
0
0
0
0
0
0
0
0
0
0
0
0
0
0
0
0
0
0
0
0
0
0
0
0
0
0
0
0
0
0
0
0
0
0
0
0
0
0
0
0
0
0
0
0
0
0
0
0
0
0
0
0
0
0
0
0
0
0
0
0
0
0
0
0
0
0
0
0
0
0
0
0
0
0
0
0
0
0
0
0
0
0
0
0
0
0
0
0
0
0
0
0
0
0
0
0
0
0
0
0
0
0
0
0
0
0
0
0
0
0
0
0
0
0
0
0
0
0
0
0
0
0
0
0
0
0
0
0
0
0
0
0
0
0
0
0
0
0
0
0
0
0
0
0
0
0
0
0
0
0
0
0
0
0
0
0
0
0
0
0
0
0
0
0
0
0
0
0
0
0
0
0
0
0
0
0
0
0
0
0
0
0
0
0
0
0
0
0
0
0
0
0
0
0
0
0
0
0
0
0
0
0
0
0
0
0
0
0
0
0
0
0
0
0
0
0
0
0
0
0
0
0
0
0
0
0
0
0
0
0
0
0
0
0
0
0
0
0
0
0
0
0
0
0
0
0
0
0
0
0
0
0
0
0
0
0
0
0
0
0
0
0
0
0
0
0
0
0
0
0
0
0
0
0
0
0
0
0
0
0
0
0
0
0
0
0
0
0
0
0
0
0
0
0
0
0
0
0
0
0
0
0
0
0
0
0
0
0
0
0
0
0
0
0
0
0
0
0
0
0
0
0
0
0
0
0
0
0
0
0
0
0
0
0
0
0
0
0
0
0
0
0
0
0
0
0
0
0
0
0
0
0
0
0
0
0
0
0
0
0
0
0
0
0
0
0
0
0
0
0
0
0
0
0
0
0
0
0
0
0
0
0
0
0
0
0
0
0
0
0
0
0
0
0
0
0
0
0
0
0
0
0
0
0
0
0
0
0
0
0
0
0
0
0
0
0
0
0
0
0
0
0
0
0
0
0
0
0
0
0
0
0
0
0
0
0
0
0
0
0
0
0
0
0
0
0
0
0
0
0
0
0
0
0
0
0
0
0
0
0
0
0
0
0
0
0
0
0
0
0
0
0
0
0
0
0
0
0
0
0
0
0
0
0
0
0
0
0
0
0
0
0
0
0
0
0
0
0
0
0
0
0
0
0
0
0
0
0
0
0
0
0
0
0
0
0
0
0
0
0
0
0
0
0
0
0
0
0
0
0
0
0
0
0
0
0
0
0
0
0
0
0
0
0
0
0
0
0
0
0
0
0
0
0
0
0
0
0
0
0
0
0
0
0
0
0
0
0
0
0
0
0
0
0
0
0
0
0
0
0
0
0
0
0
0
0
0
0
0
0
0
0
0
0
0
0
0
0
0
0
0
0
0
0
0
0
0
0
0
0
0
0
0
0
0
0
0
0
0
0
0
0
0
0
0
0
0
0
0
0
0
0
0
0
0
0
0
0
0
0
0
0
0
0
0
0
0
0
0
0
0
0
0
0
0
0
0
0
0
0
0
0
0
0
0
0
0
0
0
0
0
0
0
0
0
0
0
0
0
0
0
0
0
0
0
0
0
0
0
0
0
0
0
0
0
0
0
0
0
0
0
0
0
0
0
0
0
0
0
0
0
0
0
0
0
0
0
0
0
0
0
0
0
0
0
0
0
0
0
0
0
0
0
0
0
0
0
0
0
0
0
0
0
0
0
0
0
0
0
0
0
0
0
0
0
0
0
0
0
0
0
0
0
0
0
0
0
0
0
0
0
0
0
0
0
0
0
0
0
0
0
0
0
0
0
0
0
0
0
0
0
0
0
0
0
0
0
0
0
0
0
0
0
0
0
0
0
0
0
0
0
0
0
0
0
0
0
0
0
0
0
0
0
0
0
0
0
0
0
0
0
0
0
0
0
0
0
0
0
0
0
0
0
0
0
0
0
0
0
0
0
0
0
0
0
0
0
0
0
0
0
0
0
0
0
0
0
0
0
0
0
0
0
0
0
0
0
0
0
0
0
0
0
0
0
0
0
0
0
0
0
0
0
0
0
0
0
0
0
0
0
0
0
0
0
0
0
0
0
0
0
0
0
0
0
0
0
0
0
0
0
0
0
0
0
0
0
0
0
0
0
0
0
0
0
0
0
0
0
0
0
0
0
0
0
0
0
0
0
0
0
0
0
0
0
0
0
0
0
0
0
0
0
0
0
0
0
0
0
0
0
0
0
0
0
0
0
0
0
0
0
0
0
0
0
0
0
0
0
0
0
0
0
0
0
0
0
0
0
0
0
0
0
0
0
0
0
0
0
0
0
0
0
0
0
0
0
0
0
0
0
0
0
0
0
0
0
0
0
0
0
0
0
0
0
0
0
0
0
0
0
0
0
0
0
0
0
0
0
0
0
0
0
0
0
0
0
0
0
0
0
0
0
0
0
0
0
0
0
0
0
0
0
0
0
0
0
0
0
0
0
0
0
0
0
0
0
0
0
0
0
0
0
0
0
0
0
0
0
0
0
0
0
0
0
0
0
0
0
0
0
0
0
0
0
0
0
0
0
0
0
0
0
0
0
0
0
0
0
0
0
0
0
0
0
0
0
0
0
0
0
0
0
0
0
0
0
0
0
0
0
0
0
0
0
0
0
0
0
0
0
0
0
0
0
0
0
0
0
0
0
0
0
0
0
0
0
0
0
0
0
0
0
0
0
0
0
0
0
0
0
0
0
0
0
0
0
0
0
0
0
0
0
0
0
0
0
0
0
0
0
0
0
0
0
0
0
0
0
0
0
0
0
0
0
0
0
0
0
0
0
0
0
0
0
0
0
0
0
0
0
0
0
0
0
0
0
0
0
0
0
0
0
0
0
0
0
0
0
0
0
0
0
0
0
0
0
0
0
0
0
0
0
0
0
0
0
0
0
0
0
0
0
0
0
0
0
0
0
0
0
0
0
0
0
0
0
0
0
0
0
0
0
0
0
0
0
0
0
0
0
0
0
0
0
0
0
0
0
0
0
0
0
0
0
0
0
0
0
0
0
0
0
0
0
0
0
0
0
0
0
0
0
0
0
0
0
0
0
0
0
0
0
0
0
0
0
0
0
0
0
0
0
0
0
0
0
0
0
0
0
0
0
0
0
0
0
0
0
0
0
0
0
0
0
0
0
0
0
0
0
0
0
0
0
0
0
0
0
0
0
0
0
0
0
0
0
0
0
0
0
0
0
0
0
0
0
0
0
0
0
0
0
0
0
0
0
0
0
0
0
0
0
0
0
0
0
0
0
0
0
0
0
0
0
0
0
0
0
0
0
0
0
0
0
0
0
0
0
0
0
0
0
0
0
0
0
0
0
0
0
0
0
0
0
0
0
0
0
0
0
0
0
0
0
0
0
0
0
0
0
0
0
0
0
0
0
0
0
0
0
0
0
0
0
0
0
0
0
0
0
0
0
0
0
0
0
0
0
0
0
0
0
0
0
0
0
0
0
0
0
0
0
0
0
0
0
0
0
0
0
0
0
0
0
0
0
0
0
0
0
0
0
0
0
0
0
0
0
0
0
0
0
0
0
0
0
0
0
0
0
0
0
0
0
0
0
0
0
0
0
0
0
0
0
0
0
0
0
0
0
0
0
0
0
0
0
0
0
0
0
0
0
0
0
0
0
0
0
0
0
0
0
0
0
0
0
0
0
0
0
0
0
0
0
0
0
0
0
0
0
0
0
0
0
0
0
0
0
0
0
0
0
0
0
0
0
0
0
0
0
0
0
0
0
0
0
0
0
0
0
0
0
0
0
0
0
0
0
0
0
0
0
0
0
0
0
0
0
0
0
0
0
0
0
0
0
0
0
0
0
0
0
0
0
0
0
0
0
0
0
0
0
0
0
0
0
0
0
0
0
0
0
0
0
0
0
0
0
0
0
0
0
0
0
0
0
0
0
0
0
0
0
0
0
0
0
0
0
0
0
0
0
0
0
0
0
0
0
0
0
0
0
0
0
0
0
0
0
0
0
0
0
0
0
0
0
0
0
0
0
0
0
0
0
0
0
0
0
0
0
0
0
0
0
0
0
0
0
0
0
0
0
0
0
0
0
0
0
0
0
0
0
0
0
0
0
0
0
0
0
0
0
0
0
0
0
0
0
0
0
0
0
0
0
0
0
0
0
0
0
0
0
0
0
0
0
0
0
0
0
0
0
0
0
0
0
0
0
0
0
0
0
0
0
0
0
0
0
0
0
0
0
0
0
0
0
0
0
0
0
0
0
0
0
0
0
0
0
0
0
0
0
0
0
0
0
0
0
0
0
0
0
0
0
0
0
0
0
0
0
0
0
0
0
0
0
0
0
0
0
0
0
0
0
0
0
0
0
0
0
0
0
0
0
0
0
0
0
0
0
0
0
0
0
0
0
0
0
0
0
0
0
0
0
0
0
0
0
0
0
0
0
0
0
0
0
0
0
0
0
0
0
0
0
0
0
0
0
0
0
0
0
0
0
0
0
0
0
0
0
0
0
0
0
0
0
0
0
0
0
0
0
0
0
0
0
0
0
0
0
0
0
0
0
0
0
0
0
0
0
0
0
0
0
0
0
0
0
0
0
0
0
0
0
0
0
0
0
0
0
0
0
0
0
0
0
0
0
0
0
0
0
0
0
0
0
0
0
0
0
0
0
0
0
0
0
0
0
0
0
0
0
0
0
0
0
0
0
0
0
0
0
0
0
0
0
0
0
0
0
0
0
0
0
0
0
0
0
0
0
0
0
0
0
0
0
0
0
0
0
0
0
0
0
0
0
0
0
0
0
0
0
0
0
0
0
0
0
0
0
0
0
0
0
0
0
0
0
0
0
0
0
0
0
0
0
0
0
0
0
0
0
0
0
0
0
0
0
0
0
0
0
0
0
0
0
0
0
0
0
0
0
0
0
0
0
0
0
0
0
0
0
0
0
0
0
0
0
0
0
0
0
0
0
0
0
0
0
0
0
0
0
0
0
0
0
0
0
0
0
0
0
0
0
0
0
0
0
0
0
0
0
0
0
0
0
0
0
0
0
0
0
0
0
0
0
0
0
0
0
0
0
0
0
0
0
0
0
0
0
0
0
0
0
0
0
0
0
0
0
0
0
0
0
0
0
0
0
0
0
0
0
0
0
0
0
0
0
0
0
0
0
0
0
0
0
0
0
0
0
0
0
0
0
0
0
0
0
0
0
0
0
0
0
0
0
0
0
0
0
0
0
0
0
0
0
0
0
0
0
0
0
0
0
0
0
0
0
0
0
0
0
0
0
0
0
0
0
0
0
0
0
0
0
0
0
0
0
0
0
0
0
0
0
0
0
0
0
0
0
0
0
0
0
0
0
0
0
0
0
0
0
0
0
0
0
0
0
0
0
0
0
0
0
0
0
0
0
0
0
0
0
0
0
0
0
0
0
0
0
0
0
0
0
0
0
0
0
0
0
0
0
0
0
0
0
0
0
0
0
0
0
0
0
0
0
0
0
0
0
0
0
0
0
0
0
0
0
0
0
0
0
0
0
0
0
0
0
0
0
0
0
0
0
0
0
0
0
0
0
0
0
0
0
0
0
0
0
0
0
0
0
0
0
0
0
0
0
0
0
0
0
0
0
0
0
0
0
0
0
0
0
0
0
0
0
0
0
0
0
0
0
0
0
0
0
0
0
0
0
0
0
0
0
0
0
0
0
0
0
0
0
0
0
0
0
0
0
0
0
0
0
0
0
0
0
0
0
0
0
0
0
0
0
0
0
0
0
0
0
0
0
0
0
0
0
0
0
0
0
0
0
0
0
0
0
0
0
0
0
0
0
0
0
0
0
0
0
0
0
0
0
0
0
0
0
0
0
0
0
0
0
0
0
0
0
0
0
0
0
0
0
0
0
0
0
0
0
0
0
0
0
0
0
0
0
0
0
0
0
0
0
0
0
0
0
0
0
0
0
0
0
0
0
0
0
0
0
0
0
0
0
0
0
0
0
0
0
0
0
0
0
0
0
0
0
0
0
0
0
0
0
0
0
0
0
0
0
0
0
0
0
0
0
0
0
0
0
0
0
0
0
0
0
0
0
0
0
0
0
0
0
0
0
0
0
0
0
0
0
0
0
0
0
0
0
0
0
0
0
0
0
0
0
0
0
0
0
0
0
0
0
0
0
0
0
0
0
0
0
0
0
0
0
0
0
0
0
0
0
0
0
0
0
0
0
0
0
0
0
0
0
0
0
0
0
0
0
0
0
0
0
0
0
0
0
0
0
0
0
0
0
0
0
0
0
0
0
0
0
0
0
0
0
0
0
0
0
0
0
0
0
0
0
0
0
0
0
0
0
0
0
0
0
0
0
0
0
0
0
0
0
0
0
0
0
0
0
0
0
0
0
0
0
0
0
0
0
0
0
0
0
0
0
0
0
0
0
0
0
0
0
0
0
0
0
0
0
0
0
0
0
0
0
0
0
0
0
0
0
0
0
0
0
0
0
0
0
0
0
0
0
0
0
0
0
0
0
0
0
0
0
0
0
0
0
0
0
0
0
0
0
0
0
0
0
0
0
0
0
0
0
0
0
0
0
0
0
0
0
0
0
0
0
0
0
0
0
0
0
0
0
0
0
0
0
0
0
0
0
0
0
0
0
0
0
0
0
0
0
0
0
0
0
0
0
0
0
0
0
0
0
0
0
0
0
0
0
0
0
0
0
0
0
0
0
0
0
0
0
0
0
0
0
0
0
0
0
0
0
0
0
0
0
0
0
0
0
0
0
0
0
0
0
0
0
0
0
0
0
0
0
0
0
0
0
0
0
0
0
0
0
0
0
0
0
0
0
0
0
0
0
0
0
0
0
0
0
0
0
0
0
0
0
0
0
0
0
0
0
0
0
0
0
0
0
0
0
0
0
0
0
0
0
0
0
0
0
0
0
0
0
0
0
0
0
0
0
0
0
0
0
0
0
0
0
0
0
0
0
0
0
0
0
0
0
0
0
0
0
0
0
0
0
0
0
0
0
0
0
0
0
0
0
0
0
0
0
0
0
0
0
0
0
0
0
0
0
0
0
0
0
0
0
0
0
0
0
0
0
0
0
0
0
0
0
0
0
0
0
0
0
0
0
0
0
0
0
0
0
0
0
0
0
0
0
0
0
0
0
0
0
0
0
0
0
0
0
0
0
0
0
0
0
0
0
0
0
0
0
0
0
0
0
0
0
0
0
0
0
0
0
0
0
0
0
0
0
0
0
0
0
0
0
0
0
0
0
0
0
0
0
0
0
0
0
0
0
0
0
0
0
0
0
0
0
0
0
0
0
0
0
0
0
0
0
0
0
0
0
0
0
0
0
0
0
0
0
0
0
0
0
0
0
0
0
0
0
0
0
0
0
0
0
0
0
0
0
0
0
0
0
0
0
0
0
0
0
0
0
0
0
0
0
0
0
0
0
0
0
0
0
0
0
0
0
0
0
0
0
0
0
0
0
0
0
0
0
0
0
0
0
0
0
0
0
0
0
0
0
0
0
0
0
0
0
0
0
0
0
0
0
0
0
0
0
0
0
0
0
0
0
0
0
0
0
0
0
0
0
0
0
0
0
0
0
0
0
0
0
0
0
0
0
0
0
0
0
0
0
0
0
0
0
0
0
0
0
0
0
0
0
0
0
0
0
0
0
0
0
0
0
0
0
0
0
0
0
0
0
0
0
0
0
0
0
0
0
0
0
0
0
0
0
0
0
0
0
0
0
0
0
0
0
0
0
0
0
0
0
0
0
0
0
0
0
0
0
0
0
0
0
0
0
0
0
0
0
0
0
0
0
0
0
0
0
0
0
0
0
0
0
0
0
0
0
0
0
0
0
0
0
0
0
0
0
0
0
0
0
0
0
0
0
0
0
0
0
0
0
0
0
0
0
0
0
0
0
0
0
0
0
0
0
0
0
0
0
0
0
0
0
0
0
0
0
0
0
0
0
0
0
0
0
0
0
0
0
0
0
0
0
0
0
0
0
0
0
0
0
0
0
0
0
0
0
0
0
0
0
0
0
0
0
0
0
0
0
0
0
0
0
0
0
0
0
0
0
0
0
0
0
0
0
0
0
0
0
0
0
0
0
0
0
0
0
0
0
0
0
0
0
0
0
0
0
0
0
0
0
0
0
0
0
0
0
0
0
0
0
0
0
0
0
0
0
0
0
0
0
0
0

SCALARS NodeTag_Index int 1
LOOKUP_TABLE default
-1
-1
-1
-1
-1
-1
-1
-1
0
1
1
2
2
3
3
4
4
5
5
6
6
7
7
8
8
9
9
10
10
11
11
12
12
13
13
14
14
15
15
0
16
17
17
18
18
19
19
20
20
21
21
22
22
23
23
24
24
25
25
26
26
27
27
28
28
29
29
30
30
31
31
16
32
33
33
34
34
35
35
36
36
37
37
38
38
39
39
40
40
41
41
42
42
43
43
44
44
45
45
46
46
47
47
32
48
49
49
50
50
51
51
52
52
53
53
54
54
55
55
56
56
57
57
58
58
59
59
60
60
61
61
62
62
63
63
48
64
65
65
66
66
67
67
68
68
69
69
70
70
71
71
72
72
73
73
74
74
75
75
76
76
77
77
78
78
79
79
64
80
81
81
82
82
83
83
84
84
85
85
86
86
87
87
88
88
89
89
90
90
91
91
92
92
93
93
94
94
95
95
80
96
97
97
98
98
99
99
100
100
101
101
102
102
103
103
104
104
105
105
106
106
107
107
108
108
109
109
110
110
111
111
96
112
113
113
114
114
115
115
116
116
117
117
118
118
119
119
120
120
121
121
122
122
123
123
124
124
125
125
126
126
127
127
112
128
129
129
130
130
131
131
132
132
133
133
134
134
135
135
136
136
137
137
138
138
139
139
140
140
141
141
142
142
143
143
128
144
145
145
146
146
147
147
148
148
149
149
150
150
151
151
152
152
153
153
154
154
155
155
156
156
157
157
158
158
159
159
144
160
161
161
162
162
163
163
164
164
165
165
166
166
167
167
168
168
169
169
170
170
171
171
172
172
173
173
174
174
175
175
160
176
177
177
178
178
179
179
180
180
181
181
182
182
183
183
184
184
185
185
186
186
187
187
188
188
189
189
190
190
191
191
176
192
193
193
194
194
195
195
196
196
197
197
198
198
199
199
200
200
201
201
202
202
203
203
204
204
205
205
206
206
207
207
192
208
209
209
210
210
211
211
212
212
213
213
214
214
215
215
216
216
217
217
218
218
219
219
220
220
221
221
222
222
223
223
208
224
225
225
226
226
227
227
228
228
229
229
230
230
231
231
232
232
233
233
234
234
235
235
236
236
237
237
238
238
239
239
224
240
241
241
242
242
243
243
244
244
245
245
246
246
247
247
248
248
249
249
250
250
251
251
252
252
253
253
254
254
255
255
240
256
257
257
258
258
259
259
260
260
261
261
262
262
263
263
264
264
265
265
266
266
267
267
268
268
269
269
270
270
271
271
256
272
273
273
274
274
275
275
276
276
277
277
278
278
279
279
280
280
281
281
282
282
283
283
284
284
285
285
286
286
287
287
272
288
289
289
290
290
291
291
292
292
293
293
294
294
295
295
296
296
297
297
298
298
299
299
300
300
301
301
302
302
303
303
288
304
305
305
306
306
307
307
308
308
309
309
310
310
311
311
312
312
313
313
314
314
315
315
316
316
317
317
318
318
319
319
304
320
321
321
322
322
323
323
324
324
325
325
326
326
327
327
328
328
329
329
330
330
331
331
332
332
333
333
334
334
335
335
320
336
337
337
338
338
339
339
340
340
341
341
342
342
343
343
344
344
345
345
346
346
347
347
348
348
349
349
350
350
351
351
336
352
353
353
354
354
355
355
356
356
357
357
358
358
359
359
360
360
361
361
362
362
363
363
364
364
365
365
366
366
367
367
352
368
369
369
370
370
371
371
372
372
373
373
374
374
375
375
376
376
377
377
378
378
379
379
380
380
381
381
382
382
383
383
368
384
385
385
386
386
387
387
388
388
389
389
390
390
391
391
392
392
393
393
394
394
395
395
396
396
397
397
398
398
399
399
384
400
401
401
402
402
403
403
404
404
405
405
406
406
407
407
408
408
409
409
410
410
411
411
412
412
413
413
414
414
415
415
400
416
417
417
418
418
419
419
420
420
421
421
422
422
423
423
424
424
425
425
426
426
427
427
428
428
429
429
430
430
431
431
416
432
433
433
434
434
435
435
436
436
437
437
438
438
439
439
440
440
441
441
442
442
443
443
444
444
445
445
446
446
447
447
432
448
449
449
450
450
451
451
452
452
453
453
454
454
455
455
456
456
457
457
458
458
459
459
460
460
461
461
462
462
463
463
448
464
465
465
466
466
467
467
468
468
469
469
470
470
471
471
472
472
473
473
474
474
475
475
476
476
477
477
478
478
479
479
464
480
481
481
482
482
483
483
484
484
485
485
486
486
487
487
488
488
489
489
490
490
491
491
492
492
493
493
494
494
495
495
480
496
497
497
498
498
499
499
500
500
501
501
502
502
503
503
504
504
505
505
506
506
507
507
508
508
509
509
510
510
511
511
496
512
513
513
514
514
515
515
516
516
517
517
518
518
519
519
520
520
521
521
522
522
523
523
524
524
525
525
526
526
527
527
512
528
529
529
530
530
531
531
532
532
533
533
534
534
535
535
536
536
537
537
538
538
539
539
540
540
541
541
542
542
543
543
528
544
545
545
546
546
547
547
548
548
549
549
550
550
551
551
552
552
553
553
554
554
555
555
556
556
557
557
558
558
559
559
544
560
561
561
562
562
563
563
564
564
565
565
566
566
567
567
568
568
569
569
570
570
571
571
572
572
573
573
574
574
575
575
560
576
577
577
578
578
579
579
580
580
581
581
582
582
583
583
584
584
585
585
586
586
587
587
588
588
589
589
590
590
591
591
576
592
593
593
594
594
595
595
596
596
597
597
598
598
599
599
600
600
601
601
602
602
603
603
604
604
605
605
606
606
607
607
592
608
609
609
610
610
611
611
612
612
613
613
614
614
615
615
616
616
617
617
618
618
619
619
620
620
621
621
622
622
623
623
608
624
625
625
626
626
627
627
628
628
629
629
630
630
631
631
632
632
633
633
634
634
635
635
636
636
637
637
638
638
639
639
624
640
641
641
642
642
643
643
644
644
645
645
646
646
647
647
648
648
649
649
650
650
651
651
652
652
653
653
654
654
655
655
640
656
657
657
658
658
659
659
660
660
661
661
662
662
663
663
664
664
665
665
666
666
667
667
668
668
669
669
670
670
671
671
656
672
673
673
674
674
675
675
676
676
677
677
678
678
679
679
680
680
681
681
682
682
683
683
684
684
685
685
686
686
687
687
672
688
689
689
690
690
691
691
692
692
693
693
694
694
695
695
696
696
697
697
698
698
699
699
700
700
701
701
702
702
703
703
688
704
705
705
706
706
707
707
708
708
709
709
710
710
711
711
712
712
713
713
714
714
715
715
716
716
717
717
718
718
719
719
704
720
721
721
722
722
723
723
724
724
725
725
726
726
727
727
728
728
729
729
730
730
731
731
732
732
733
733
734
734
735
735
720
736
737
737
738
738
739
739
740
740
741
741
742
742
743
743
744
744
745
745
746
746
747
747
748
748
749
749
750
750
751
751
736
752
753
753
754
754
755
755
756
756
757
757
758
758
759
759
760
760
761
761
762
762
763
763
764
764
765
765
766
766
767
767
752
768
769
769
770
770
771
771
772
772
773
773
774
774
775
775
776
776
777
777
778
778
779
779
780
780
781
781
782
782
783
783
768
784
785
785
786
786
787
787
788
788
789
789
790
790
791
791
792
792
793
793
794
794
795
795
796
796
797
797
798
798
799
799
784
800
801
801
802
802
803
803
804
804
805
805
806
806
807
807
808
808
809
809
810
810
811
811
812
812
813
813
814
814
815
815
800
816
817
817
818
818
819
819
820
820
821
821
822
822
823
823
824
824
825
825
826
826
827
827
828
828
829
829
830
830
831
831
816
832
833
833
834
834
835
835
836
836
837
837
838
838
839
839
840
840
841
841
842
842
843
843
844
844
845
845
846
846
847
847
832
848
849
849
850
850
851
851
852
852
853
853
854
854
855
855
856
856
857
857
858
858
859
859
860
860
861
861
862
862
863
863
848
864
865
865
866
866
867
867
868
868
869
869
870
870
871
871
872
872
873
873
874
874
875
875
876
876
877
877
878
878
879
879
864
880
881
881
882
882
883
883
884
884
885
885
886
886
887
887
888
888
889
889
890
890
891
891
892
892
893
893
894
894
895
895
880
896
897
897
898
898
899
899
900
900
901
901
902
902
903
903
904
904
905
905
906
906
907
907
908
908
909
909
910
910
911
911
896
912
913
913
914
914
915
915
916
916
917
917
918
918
919
919
920
920
921
921
922
922
923
923
924
924
925
925
926
926
927
927
912
928
929
929
930
930
931
931
932
932
933
933
934
934
935
935
936
936
937
937
938
938
939
939
940
940
941
941
942
942
943
943
928
944
945
945
946
946
947
947
948
948
949
949
950
950
951
951
952
952
953
953
954
954
955
955
956
956
957
957
958
958
959
959
944
960
961
961
962
962
963
963
964
964
965
965
966
966
967
967
968
968
969
969
970
970
971
971
972
972
973
973
974
974
975
975
960
976
977
977
978
978
979
979
980
980
981
981
982
982
983
983
984
984
985
985
986
986
987
987
988
988
989
989
990
990
991
991
976
992
993
993
994
994
995
995
996
996
997
997
998
998
999
999
1000
1000
1001
1001
1002
1002
1003
1003
1004
1004
1005
1005
1006
1006
1007
1007
992
1008
1009
1009
1010
1010
1011
1011
1012
1012
1013
1013
1014
1014
1015
1015
1016
1016
1017
1017
1018
1018
1019
1019
1020
1020
1021
1021
1022
1022
1023
1023
1008
1024
1025
1025
1026
1026
1027
1027
1028
1028
1029
1029
1030
1030
1031
1031
1032
1032
1033
1033
1034
1034
1035
1035
1036
1036
1037
1037
1038
1038
1039
1039
1024
1040
1041
1041
1042
1042
1043
1043
1044
1044
1045
1045
1046
1046
1047
1047
1048
1048
1049
1049
1050
1050
1051
1051
1052
1052
1053
1053
1054
1054
1055
1055
1040
1056
1057
1057
1058
1058
1059
1059
1060
1060
1061
1061
1062
1062
1063
1063
1064
1064
1065
1065
1066
1066
1067
1067
1068
1068
1069
1069
1070
1070
1071
1071
1056
1072
1073
1073
1074
1074
1075
1075
1076
1076
1077
1077
1078
1078
1079
1079
1080
1080
1081
1081
1082
1082
1083
1083
1084
1084
1085
1085
1086
1086
1087
1087
1072
1088
1089
1089
1090
1090
1091
1091
1092
1092
1093
1093
1094
1094
1095
1095
1096
1096
1097
1097
1098
1098
1099
1099
1100
1100
1101
1101
1102
1102
1103
1103
1088
1104
1105
1105
1106
1106
1107
1107
1108
1108
1109
1109
1110
1110
1111
1111
1112
1112
1113
1113
1114
1114
1115
1115
1116
1116
1117
1117
1118
1118
1119
1119
1104
1120
1121
1121
1122
1122
1123
1123
1124
1124
1125
1125
1126
1126
1127
1127
1128
1128
1129
1129
1130
1130
1131
1131
1132
1132
1133
1133
1134
1134
1135
1135
1120
1136
1137
1137
1138
1138
1139
1139
1140
1140
1141
1141
1142
1142
1143
1143
1144
1144
1145
1145
1146
1146
1147
1147
1148
1148
1149
1149
1150
1150
1151
1151
1136
1152
1153
1153
1154
1154
1155
1155
1156
1156
1157
1157
1158
1158
1159
1159
1160
1160
1161
1161
1162
1162
1163
1163
1164
1164
1165
1165
1166
1166
1167
1167
1152
1168
1169
1169
1170
1170
1171
1171
1172
1172
1173
1173
1174
1174
1175
1175
1176
1176
1177
1177
1178
1178
1179
1179
1180
1180
1181
1181
1182
1182
1183
1183
1168
1184
1185
1185
1186
1186
1187
1187
1188
1188
1189
1189
1190
1190
1191
1191
1192
1192
1193
1193
1194
1194
1195
1195
1196
1196
1197
1197
1198
1198
1199
1199
1184
1200
1201
1201
1202
1202
1203
1203
1204
1204
1205
1205
1206
1206
1207
1207
1208
1208
1209
1209
1210
1210
1211
1211
1212
1212
1213
1213
1214
1214
1215
1215
1200
1216
1217
1217
1218
1218
1219
1219
1220
1220
1221
1221
1222
1222
1223
1223
1224
1224
1225
1225
1226
1226
1227
1227
1228
1228
1229
1229
1230
1230
1231
1231
1216
1232
1233
1233
1234
1234
1235
1235
1236
1236
1237
1237
1238
1238
1239
1239
1240
1240
1241
1241
1242
1242
1243
1243
1244
1244
1245
1245
1246
1246
1247
1247
1232
1248
1249
1249
1250
1250
1251
1251
1252
1252
1253
1253
1254
1254
1255
1255
1256
1256
1257
1257
1258
1258
1259
1259
1260
1260
1261
1261
1262
1262
1263
1263
1248
1264
1265
1265
1266
1266
1267
1267
1268
1268
1269
1269
1270
1270
1271
1271
1272
1272
1273
1273
1274
1274
1275
1275
1276
1276
1277
1277
1278
1278
1279
1279
1264
1280
1281
1281
1282
1282
1283
1283
1284
1284
1285
1285
1286
1286
1287
1287
1288
1288
1289
1289
1290
1290
1291
1291
1292
1292
1293
1293
1294
1294
1295
1295
1280
1296
1297
1297
1298
1298
1299
1299
1300
1300
1301
1301
1302
1302
1303
1303
1304
1304
1305
1305
1306
1306
1307
1307
1308
1308
1309
1309
1310
1310
1311
1311
1296
1312
1313
1313
1314
1314
1315
1315
1316
1316
1317
1317
1318
1318
1319
1319
1320
1320
1321
1321
1322
1322
1323
1323
1324
1324
1325
1325
1326
1326
1327
1327
1312
1328
1329
1329
1330
1330
1331
1331
1332
1332
1333
1333
1334
1334
1335
1335
1336
1336
1337
1337
1338
1338
1339
1339
1340
1340
1341
1341
1342
1342
1343
1343
1328
1344
1345
1345
1346
1346
1347
1347
1348
1348
1349
1349
1350
1350
1351
1351
1352
1352
1353
1353
1354
1354
1355
1355
1356
1356
1357
1357
1358
1358
1359
1359
1344
1360
1361
1361
1362
1362
1363
1363
1364
1364
1365
1365
1366
1366
1367
1367
1368
1368
1369
1369
1370
1370
1371
1371
1372
1372
1373
1373
1374
1374
1375
1375
1360
1376
1377
1377
1378
1378
1379
1379
1380
1380
1381
1381
1382
1382
1383
1383
1384
1384
1385
1385
1386
1386
1387
1387
1388
1388
1389
1389
1390
1390
1391
1391
1376
1392
1393
1393
1394
1394
1395
1395
1396
1396
1397
1397
1398
1398
1399
1399
1400
1400
1401
1401
1402
1402
1403
1403
1404
1404
1405
1405
1406
1406
1407
1407
1392
1408
1409
1409
1410
1410
1411
1411
1412
1412
1413
1413
1414
1414
1415
1415
1416
1416
1417
1417
1418
1418
1419
1419
1420
1420
1421
1421
1422
1422
1423
1423
1408
1424
1425
1425
1426
1426
1427
1427
1428
1428
1429
1429
1430
1430
1431
1431
1432
1432
1433
1433
1434
1434
1435
1435
1436
1436
1437
1437
1438
1438
1439
1439
1424
1440
1441
1441
1442
1442
1443
1443
1444
1444
1445
1445
1446
1446
1447
1447
1448
1448
1449
1449
1450
1450
1451
1451
1452
1452
1453
1453
1454
1454
1455
1455
1440
1456
1457
1457
1458
1458
1459
1459
1460
1460
1461
1461
1462
1462
1463
1463
1464
1464
1465
1465
1466
1466
1467
1467
1468
1468
1469
1469
1470
1470
1471
1471
1456
1472
1473
1473
1474
1474
1475
1475
1476
1476
1477
1477
1478
1478
1479
1479
1480
1480
1481
1481
1482
1482
1483
1483
1484
1484
1485
1485
1486
1486
1487
1487
1472
1488
1489
1489
1490
1490
1491
1491
1492
1492
1493
1493
1494
1494
1495
1495
1496
1496
1497
1497
1498
1498
1499
1499
1500
1500
1501
1501
1502
1502
1503
1503
1488
1504
1505
1505
1506
1506
1507
1507
1508
1508
1509
1509
1510
1510
1511
1511
1512
1512
1513
1513
1514
1514
1515
1515
1516
1516
1517
1517
1518
1518
1519
1519
1504
1520
1521
1521
1522
1522
1523
1523
1524
1524
1525
1525
1526
1526
1527
1527
1528
1528
1529
1529
1530
1530
1531
1531
1532
1532
1533
1533
1534
1534
1535
1535
1520
1536
1537
1537
1538
1538
1539
1539
1540
1540
1541
1541
1542
1542
1543
1543
1544
1544
1545
1545
1546
1546
1547
1547
1548
1548
1549
1549
1550
1550
1551
1551
1536
1552
1553
1553
1554
1554
1555
1555
1556
1556
1557
1557
1558
1558
1559
1559
1560
1560
1561
1561
1562
1562
1563
1563
1564
1564
1565
1565
1566
1566
1567
1567
1552
1568
1569
1569
1570
1570
1571
1571
1572
1572
1573
1573
1574
1574
1575
1575
1576
1576
1577
1577
1578
1578
1579
1579
1580
1580
1581
1581
1582
1582
1583
1583
1568
1584
1585
1585
1586
1586
1587
1587
1588
1588
1589
1589
1590
1590
1591
1591
1592
1592
1593
1593
1594
1594
1595
1595
1596
1596
1597
1597
1598
1598
1599
1599
1584
1600
1601
1601
1602
1602
1603
1603
1604
1604
1605
1605
1606
1606
1607
1607
1608
1608
1609
1609
1610
1610
1611
1611
1612
1612
1613
1613
1614
1614
1615
1615
1600
1616
1617
1617
1618
1618
1619
1619
1620
1620
1621
1621
1622
1622
1623
1623
1624
1624
1625
1625
1626
1626
1627
1627
1628
1628
1629
1629
1630
1630
1631
1631
1616
1632
1633
1633
1634
1634
1635
1635
1636
1636
1637
1637
1638
1638
1639
1639
1640
1640
1641
1641
1642
1642
1643
1643
1644
1644
1645
1645
1646
1646
1647
1647
1632
1648
1649
1649
1650
1650
1651
1651
1652
1652
1653
1653
1654
1654
1655
1655
1656
1656
1657
1657
1658
1658
1659
1659
1660
1660
1661
1661
1662
1662
1663
1663
1648
1664
1665
1665
1666
1666
1667
1667
1668
1668
1669
1669
1670
1670
1671
1671
1672
1672
1673
1673
1674
1674
1675
1675
1676
1676
1677
1677
1678
1678
1679
1679
1664
1680
1681
1681
1682
1682
1683
1683
1684
1684
1685
1685
1686
1686
1687
1687
1688
1688
1689
1689
1690
1690
1691
1691
1692
1692
1693
1693
1694
1694
1695
1695
1680
1696
1697
1697
1698
1698
1699
1699
1700
1700
1701
1701
1702
1702
1703
1703
1704
1704
1705
1705
1706
1706
1707
1707
1708
1708
1709
1709
1710
1710
1711
1711
1696
1712
1713
1713
1714
1714
1715
1715
1716
1716
1717
1717
1718
1718
1719
1719
1720
1720
1721
1721
1722
1722
1723
1723
1724
1724
1725
1725
1726
1726
1727
1727
1712
1728
1729
1729
1730
1730
1731
1731
1732
1732
1733
1733
1734
1734
1735
1735
1736
1736
1737
1737
1738
1738
1739
1739
1740
1740
1741
1741
1742
1742
1743
1743
1728
1744
1745
1745
1746
1746
1747
1747
1748
1748
1749
1749
1750
1750
1751
1751
1752
1752
1753
1753
1754
1754
1755
1755
1756
1756
1757
1757
1758
1758
1759
1759
1744
1760
1761
1761
1762
1762
1763
1763
1764
1764
1765
1765
1766
1766
1767
1767
1768
1768
1769
1769
1770
1770
1771
1771
1772
1772
1773
1773
1774
1774
1775
1775
1760
1776
1777
1777
1778
1778
1779
1779
1780
1780
1781
1781
1782
1782
1783
1783
1784
1784
1785
1785
1786
1786
1787
1787
1788
1788
1789
1789
1790
1790
1791
1791
1776
1792
1793
1793
1794
1794
1795
1795
1796
1796
1797
1797
1798
1798
1799
1799
1800
1800
1801
1801
1802
1802
1803
1803
1804
1804
1805
1805
1806
1806
1807
1807
1792
1808
1809
1809
1810
1810
1811
1811
1812
1812
1813
1813
1814
1814
1815
1815
1816
1816
1817
1817
1818
1818
1819
1819
1820
1820
1821
1821
1822
1822
1823
1823
1808
1824
1825
1825
1826
1826
1827
1827
1828
1828
1829
1829
1830
1830
1831
1831
1832
1832
1833
1833
1834
1834
1835
1835
1836
1836
1837
1837
1838
1838
1839
1839
1824
1840
1841
1841
1842
1842
1843
1843
1844
1844
1845
1845
1846
1846
1847
1847
1848
1848
1849
1849
1850
1850
1851
1851
1852
1852
1853
1853
1854
1854
1855
1855
1840
1856
1857
1857
1858
1858
1859
1859
1860
1860
1861
1861
1862
1862
1863
1863
1864
1864
1865
1865
1866
1866
1867
1867
1868
1868
1869
1869
1870
1870
1871
1871
1856
1872
1873
1873
1874
1874
1875
1875
1876
1876
1877
1877
1878
1878
1879
1879
1880
1880
1881
1881
1882
1882
1883
1883
1884
1884
1885
1885
1886
1886
1887
1887
1872
1888
1889
1889
1890
1890
1891
1891
1892
1892
1893
1893
1894
1894
1895
1895
1896
1896
1897
1897
1898
1898
1899
1899
1900
1900
1901
1901
1902
1902
1903
1903
1888
1904
1905
1905
1906
1906
1907
1907
1908
1908
1909
1909
1910
1910
1911
1911
1912
1912
1913
1913
1914
1914
1915
1915
1916
1916
1917
1917
1918
1918
1919
1919
1904
1920
1921
1921
1922
1922
1923
1923
1924
1924
1925
1925
1926
1926
1927
1927
1928
1928
1929
1929
1930
1930
1931
1931
1932
1932
1933
1933
1934
1934
1935
1935
1920
1936
1937
1937
1938
1938
1939
1939
1940
1940
1941
1941
1942
1942
1943
1943
1944
1944
1945
1945
1946
1946
1947
1947
1948
1948
1949
1949
1950
1950
1951
1951
1936
1952
1953
1953
1954
1954
1955
1955
1956
1956
1957
1957
1958
1958
1959
1959
1960
1960
1961
1961
1962
1962
1963
1963
1964
1964
1965
1965
1966
1966
1967
1967
1952
1968
1969
1969
1970
1970
1971
1971
1972
1972
1973
1973
1974
1974
1975
1975
1976
1976
1977
1977
1978
1978
1979
1979
1980
1980
1981
1981
1982
1982
1983
1983
1968
1984
1985
1985
1986
1986
1987
1987
1988
1988
1989
1989
1990
1990
1991
1991
1992
1992
1993
1993
1994
1994
1995
1995
1996
1996
1997
1997
1998
1998
1999
1999
1984
2000
2001
2001
2002
2002
2003
2003
2004
2004
2005
2005
2006
2006
2007
2007
2008
2008
2009
2009
2010
2010
2011
2011
2012
2012
2013
2013
2014
2014
2015
2015
2000
2016
2017
2017
2018
2018
2019
2019
2020
2020
2021
2021
2022
2022
2023
2023
2024
2024
2025
2025
2026
2026
2027
2027
2028
2028
2029
2029
2030
2030
2031
2031
2016
2032
2033
2033
2034
2034
2035
2035
2036
2036
2037
2037
2038
2038
2039
2039
2040
2040
2041
2041
2042
2042
2043
2043
2044
2044
2045
2045
2046
2046
2047
2047
2032
2048
2049
2049
2050
2050
2051
2051
2052
2052
2053
2053
2054
2054
2055
2055
2056
2056
2057
2057
2058
2058
2059
2059
2060
2060
2061
2061
2062
2062
2063
2063
2048
2064
2065
2065
2066
2066
2067
2067
2068
2068
2069
2069
2070
2070
2071
2071
2072
2072
2073
2073
2074
2074
2075
2075
2076
2076
2077
2077
2078
2078
2079
2079
2064
2080
2081
2081
2082
2082
2083
2083
2084
2084
2085
2085
2086
2086
2087
2087
2088
2088
2089
2089
2090
2090
2091
2091
2092
2092
2093
2093
2094
2094
2095
2095
2080
2096
2097
2097
2098
2098
2099
2099
2100
2100
2101
2101
2102
2102
2103
2103
2104
2104
2105
2105
2106
2106
2107
2107
2108
2108
2109
2109
2110
2110
2111
2111
2096
2112
2113
2113
2114
2114
2115
2115
2116
2116
2117
2117
2118
2118
2119
2119
2120
2120
2121
2121
2122
2122
2123
2123
2124
2124
2125
2125
2126
2126
2127
2127
2112
2128
2129
2129
2130
2130
2131
2131
2132
2132
2133
2133
2134
2134
2135
2135
2136
2136
2137
2137
2138
2138
2139
2139
2140
2140
2141
2141
2142
2142
2143
2143
2128
2144
2145
2145
2146
2146
2147
2147
2148
2148
2149
2149
2150
2150
2151
2151
2152
2152
2153
2153
2154
2154
2155
2155
2156
2156
2157
2157
2158
2158
2159
2159
2144
2160
2161
2161
2162
2162
2163
2163
2164
2164
2165
2165
2166
2166
2167
2167
2168
2168
2169
2169
2170
2170
2171
2171
2172
2172
2173
2173
2174
2174
2175
2175
2160
2176
2177
2177
2178
2178
2179
2179
2180
2180
2181
2181
2182
2182
2183
2183
2184
2184
2185
2185
2186
2186
2187
2187
2188
2188
2189
2189
2190
2190
2191
2191
2176
2192
2193
2193
2194
2194
2195
2195
2196
2196
2197
2197
2198
2198
2199
2199
2200
2200
2201
2201
2202
2202
2203
2203
2204
2204
2205
2205
2206
2206
2207
2207
2192
2208
2209
2209
2210
2210
2211
2211
2212
2212
2213
2213
2214
2214
2215
2215
2216
2216
2217
2217
2218
2218
2219
2219
2220
2220
2221
2221
2222
2222
2223
2223
2208
2224
2225
2225
2226
2226
2227
2227
2228
2228
2229
2229
2230
2230
2231
2231
2232
2232
2233
2233
2234
2234
2235
2235
2236
2236
2237
2237
2238
2238
2239
2239
2224
2240
2241
2241
2242
2242
2243
2243
2244
2244
2245
2245
2246
2246
2247
2247
2248
2248
2249
2249
2250
2250
2251
2251
2252
2252
2253
2253
2254
2254
2255
2255
2240
2256
2257
2257
2258
2258
2259
2259
2260
2260
2261
2261
2262
2262
2263
2263
2264
2264
2265
2265
2266
2266
2267
2267
2268
2268
2269
2269
2270
2270
2271
2271
2256
2272
2273
2273
2274
2274
2275
2275
2276
2276
2277
2277
2278
2278
2279
2279
2280
2280
2281
2281
2282
2282
2283
2283
2284
2284
2285
2285
2286
2286
2287
2287
2272
2288
2289
2289
2290
2290
2291
2291
2292
2292
2293
2293
2294
2294
2295
2295
2296
2296
2297
2297
2298
2298
2299
2299
2300
2300
2301
2301
2302
2302
2303
2303
2288
2304
2305
2305
2306
2306
2307
2307
2308
2308
2309
2309
2310
2310
2311
2311
2312
2312
2313
2313
2314
2314
2315
2315
2316
2316
2317
2317
2318
2318
2319
2319
2304
2320
2321
2321
2322
2322
2323
2323
2324
2324
2325
2325
2326
2326
2327
2327
2328
2328
2329
2329
2330
2330
2331
2331
2332
2332
2333
2333
2334
2334
2335
2335
2320
2336
2337
2337
2338
2338
2339
2339
2340
2340
2341
2341
2342
2342
2343
2343
2344
2344
2345
2345
2346
2346
2347
2347
2348
2348
2349
2349
2350
2350
2351
2351
2336
2352
2353
2353
2354
2354
2355
2355
2356
2356
2357
2357
2358
2358
2359
2359
2360
2360
2361
2361
2362
2362
2363
2363
2364
2364
2365
2365
2366
2366
2367
2367
2352
2368
2369
2369
2370
2370
2371
2371
2372
2372
2373
2373
2374
2374
2375
2375
2376
2376
2377
2377
2378
2378
2379
2379
2380
2380
2381
2381
2382
2382
2383
2383
2368
2384
2385
2385
2386
2386
2387
2387
2388
2388
2389
2389
2390
2390
2391
2391
2392
2392
2393
2393
2394
2394
2395
2395
2396
2396
2397
2397
2398
2398
2399
2399
2384
2400
2401
2401
2402
2402
2403
2403
2404
2404
2405
2405
2406
2406
2407
2407
2408
2408
2409
2409
2410
2410
2411
2411
2412
2412
2413
2413
2414
2414
2415
2415
2400
2416
2417
2417
2418
2418
2419
2419
2420
2420
2421
2421
2422
2422
2423
2423
2424
2424
2425
2425
2426
2426
2427
2427
2428
2428
2429
2429
2430
2430
2431
2431
2416
2432
2433
2433
2434
2434
2435
2435
2436
2436
2437
2437
2438
2438
2439
2439
2440
2440
2441
2441
2442
2442
2443
2443
2444
2444
2445
2445
2446
2446
2447
2447
2432
2448
2449
2449
2450
2450
2451
2451
2452
2452
2453
2453
2454
2454
2455
2455
2456
2456
2457
2457
2458
2458
2459
2459
2460
2460
2461
2461
2462
2462
2463
2463
2448
2464
2465
2465
2466
2466
2467
2467
2468
2468
2469
2469
2470
2470
2471
2471
2472
2472
2473
2473
2474
2474
2475
2475
2476
2476
2477
2477
2478
2478
2479
2479
2464
2480
2481
2481
2482
2482
2483
2483
2484
2484
2485
2485
2486
2486
2487
2487
2488
2488
2489
2489
2490
2490
2491
2491
2492
2492
2493
2493
2494
2494
2495
2495
2480
2496
2497
2497
2498
2498
2499
2499
2500
2500
2501
2501
2502
2502
2503
2503
2504
2504
2505
2505
2506
2506
2507
2507
2508
2508
2509
2509
2510
2510
2511
2511
2496
2512
2513
2513
2514
2514
2515
2515
2516
2516
2517
2517
2518
2518
2519
2519
2520
2520
2521
2521
2522
2522
2523
2523
2524
2524
2525
2525
2526
2526
2527
2527
2512
2528
2529
2529
2530
2530
2531
2531
2532
2532
2533
2533
2534
2534
2535
2535
2536
2536
2537
2537
2538
2538
2539
2539
2540
2540
2541
2541
2542
2542
2543
2543
2528
2544
2545
2545
2546
2546
2547
2547
2548
2548
2549
2549
2550
2550
2551
2551
2552
2552
2553
2553
2554
2554
2555
2555
2556
2556
2557
2557
2558
2558
2559
2559
2544
2560
2561
2561
2562
2562
2563
2563
2564
2564
2565
2565
2566
2566
2567
2567
2568
2568
2569
2569
2570
2570
2571
2571
2572
2572
2573
2573
2574
2574
2575
2575
2560
2576
2577
2577
2578
2578
2579
2579
2580
2580
2581
2581
2582
2582
2583
2583
2584
2584
2585
2585
2586
2586
2587
2587
2588
2588
2589
2589
2590
2590
2591
2591
2576
2592
2593
2593
2594
2594
2595
2595
2596
2596
2597
2597
2598
2598
2599
2599
2600
2600
2601
2601
2602
2602
2603
2603
2604
2604
2605
2605
2606
2606
2607
2607
2592
2608
2609
2609
2610
2610
2611
2611
2612
2612
2613
2613
2614
2614
2615
2615
2616
2616
2617
2617
2618
2618
2619
2619
2620
2620
2621
2621
2622
2622
2623
2623
2608
2624
2625
2625
2626
2626
2627
2627
2628
2628
2629
2629
2630
2630
2631
2631
2632
2632
2633
2633
2634
2634
2635
2635
2636
2636
2637
2637
2638
2638
2639
2639
2624
2640
2641
2641
2642
2642
2643
2643
2644
2644
2645
2645
2646
2646
2647
2647
2648
2648
2649
2649
2650
2650
2651
2651
2652
2652
2653
2653
2654
2654
2655
2655
2640
2656
2657
2657
2658
2658
2659
2659
2660
2660
2661
2661
2662
2662
2663
2663
2664
2664
2665
2665
2666
2666
2667
2667
2668
2668
2669
2669
2670
2670
2671
2671
2656
2672
2673
2673
2674
2674
2675
2675
2676
2676
2677
2677
2678
2678
2679
2679
2680
2680
2681
2681
2682
2682
2683
2683
2684
2684
2685
2685
2686
2686
2687
2687
2672
2688
2689
2689
2690
2690
2691
2691
2692
2692
2693
2693
2694
2694
2695
2695
2696
2696
2697
2697
2698
2698
2699
2699
2700
2700
2701
2701
2702
2702
2703
2703
2688
2704
2705
2705
2706
2706
2707
2707
2708
2708
2709
2709
2710
2710
2711
2711
2712
2712
2713
2713
2714
2714
2715
2715
2716
2716
2717
2717
2718
2718
2719
2719
2704
2720
2721
2721
2722
2722
2723
2723
2724
2724
2725
2725
2726
2726
2727
2727
2728
2728
2729
2729
2730
2730
2731
2731
2732
2732
2733
2733
2734
2734
2735
2735
2720
2736
2737
2737
2738
2738
2739
2739
2740
2740
2741
2741
2742
2742
2743
2743
2744
2744
2745
2745
2746
2746
2747
2747
2748
2748
2749
2749
2750
2750
2751
2751
2736
2752
2753
2753
2754
2754
2755
2755
2756
2756
2757
2757
2758
2758
2759
2759
2760
2760
2761
2761
2762
2762
2763
2763
2764
2764
2765
2765
2766
2766
2767
2767
2752
2768
2769
2769
2770
2770
2771
2771
2772
2772
2773
2773
2774
2774
2775
2775
2776
2776
2777
2777
2778
2778
2779
2779
2780
2780
2781
2781
2782
2782
2783
2783
2768
2784
2785
2785
2786
2786
2787
2787
2788
2788
2789
2789
2790
2790
2791
2791
2792
2792
2793
2793
2794
2794
2795
2795
2796
2796
2797
2797
2798
2798
2799
2799
2784
2800
2801
2801
2802
2802
2803
2803
2804
2804
2805
2805
2806
2806
2807
2807
2808
2808
2809
2809
2810
2810
2811
2811
2812
2812
2813
2813
2814
2814
2815
2815
2800
2816
2817
2817
2818
2818
2819
2819
2820
2820
2821
2821
2822
2822
2823
2823
2824
2824
2825
2825
2826
2826
2827
2827
2828
2828
2829
2829
2830
2830
2831
2831
2816
2832
2833
2833
2834
2834
2835
2835
2836
2836
2837
2837
2838
2838
2839
2839
2840
2840
2841
2841
2842
2842
2843
2843
2844
2844
2845
2845
2846
2846
2847
2847
2832
2848
2849
2849
2850
2850
2851
2851
2852
2852
2853
2853
2854
2854
2855
2855
2856
2856
2857
2857
2858
2858
2859
2859
2860
2860
2861
2861
2862
2862
2863
2863
2848
2864
2865
2865
2866
2866
2867
2867
2868
2868
2869
2869
2870
2870
2871
2871
2872
2872
2873
2873
2874
2874
2875
2875
2876
2876
2877
2877
2878
2878
2879
2879
2864
2880
2881
2881
2882
2882
2883
2883
2884
2884
2885
2885
2886
2886
2887
2887
2888
2888
2889
2889
2890
2890
2891
2891
2892
2892
2893
2893
2894
2894
2895
2895
2880
2896
2897
2897
2898
2898
2899
2899
2900
2900
2901
2901
2902
2902
2903
2903
2904
2904
2905
2905
2906
2906
2907
2907
2908
2908
2909
2909
2910
2910
2911
2911
2896
2912
2913
2913
2914
2914
2915
2915
2916
2916
2917
2917
2918
2918
2919
2919
2920
2920
2921
2921
2922
2922
2923
2923
2924
2924
2925
2925
2926
2926
2927
2927
2912
2928
2929
2929
2930
2930
2931
2931
2932
2932
2933
2933
2934
2934
2935
2935
2936
2936
2937
2937
2938
2938
2939
2939
2940
2940
2941
2941
2942
2942
2943
2943
2928
2944
2945
2945
2946
2946
2947
2947
2948
2948
2949
2949
2950
2950
2951
2951
2952
2952
2953
2953
2954
2954
2955
2955
2956
2956
2957
2957
2958
2958
2959
2959
2944
2960
2961
2961
2962
2962
2963
2963
2964
2964
2965
2965
2966
2966
2967
2967
2968
2968
2969
2969
2970
2970
2971
2971
2972
2972
2973
2973
2974
2974
2975
2975
2960
2976
2977
2977
2978
2978
2979
2979
2980
2980
2981
2981
2982
2982
2983
2983
2984
2984
2985
2985
2986
2986
2987
2987
2988
2988
2989
2989
2990
2990
2991
2991
2976
2992
2993
2993
2994
2994
2995
2995
2996
2996
2997
2997
2998
2998
2999
2999
3000
3000
3001
3001
3002
3002
3003
3003
3004
3004
3005
3005
3006
3006
3007
3007
2992
3008
3009
3009
3010
3010
3011
3011
3012
3012
3013
3013
3014
3014
3015
3015
3016
3016
3017
3017
3018
3018
3019
3019
3020
3020
3021
3021
3022
3022
3023
3023
3008
3024
3025
3025
3026
3026
3027
3027
3028
3028
3029
3029
3030
3030
3031
3031
3032
3032
3033
3033
3034
3034
3035
3035
3036
3036
3037
3037
3038
3038
3039
3039
3024
3040
3041
3041
3042
3042
3043
3043
3044
3044
3045
3045
3046
3046
3047
3047
3048
3048
3049
3049
3050
3050
3051
3051
3052
3052
3053
3053
3054
3054
3055
3055
3040
3056
3057
3057
3058
3058
3059
3059
3060
3060
3061
3061
3062
3062
3063
3063
3064
3064
3065
3065
3066
3066
3067
3067
3068
3068
3069
3069
3070
3070
3071
3071
3056
3072
3073
3073
3074
3074
3075
3075
3076
3076
3077
3077
3078
3078
3079
3079
3080
3080
3081
3081
3082
3082
3083
3083
3084
3084
3085
3085
3086
3086
3087
3087
3072
3088
3089
3089
3090
3090
3091
3091
3092
3092
3093
3093
3094
3094
3095
3095
3096
3096
3097
3097
3098
3098
3099
3099
3100
3100
3101
3101
3102
3102
3103
3103
3088
3104
3105
3105
3106
3106
3107
3107
3108
3108
3109
3109
3110
3110
3111
3111
3112
3112
3113
3113
3114
3114
3115
3115
3116
3116
3117
3117
3118
3118
3119
3119
3104
3120
3121
3121
3122
3122
3123
3123
3124
3124
3125
3125
3126
3126
3127
3127
3128
3128
3129
3129
3130
3130
3131
3131
3132
3132
3133
3133
3134
3134
3135
3135
3120
3136
3137
3137
3138
3138
3139
3139
3140
3140
3141
3141
3142
3142
3143
3143
3144
3144
3145
3145
3146
3146
3147
3147
3148
3148
3149
3149
3150
3150
3151
3151
3136
3152
3153
3153
3154
3154
3155
3155
3156
3156
3157
3157
3158
3158
3159
3159
3160
3160
3161
3161
3162
3162
3163
3163
3164
3164
3165
3165
3166
3166
3167
3167
3152
3168
3169
3169
3170
3170
3171
3171
3172
3172
3173
3173
3174
3174
3175
3175
3176
3176
3177
3177
3178
3178
3179
3179
3180
3180
3181
3181
3182
3182
3183
3183
3168
