Host Parallel Execution Space:
  KOKKOS_ENABLE_OPENMP: yes

OpenMP Runtime Configuration:
Kokkos::OpenMP thread_pool_topology[ 1 x 48 x 1 ]
Reading ParaDiS configuration
 Input file: /data/home/dg000246b/openDIS/HomeWork/init_data_twin_rorient/init_config.data
 nodes: 33506, segments: 34151
 Warning: Burgers vector is not conserved for 174 node(s)
[System] 50 spherical obstacles loaded
[System] 2 planar obstacles (twin boundaries) loaded
Step =      0: nodes = 33506, dt = 0.000000e+00, time = 0.000000e+00, elapsed = 0.0 sec
Writing configuration in legacy data format
 Output file: /data/home/dg000246b/openDIS/HomeWork/output_relax/config.0.data
Writing restart file
 Restart file: /data/home/dg000246b/openDIS/HomeWork/output_relax/restart.0.exadis
Run for 2000 steps
[TwinWall] projected 5297 node(s)
Step =      1: nodes = 33358, dt = 2.500000e-10, time = 2.500000e-10, elapsed = 13.4 sec
[TwinWall] projected 4626 node(s)
Step =      2: nodes = 33339, dt = 6.250000e-11, time = 3.125000e-10, elapsed = 20.3 sec
[TwinWall] projected 4652 node(s)
Step =      3: nodes = 33325, dt = 6.250000e-11, time = 3.750000e-10, elapsed = 23.7 sec
[TwinWall] projected 4575 node(s)
Step =      4: nodes = 33346, dt = 7.500000e-11, time = 4.500000e-10, elapsed = 27.1 sec
[TwinWall] projected 4526 node(s)
Step =      5: nodes = 33369, dt = 9.000000e-11, time = 5.400000e-10, elapsed = 30.6 sec
[TwinWall] projected 4418 node(s)
Step =      6: nodes = 33365, dt = 1.080000e-10, time = 6.480000e-10, elapsed = 34.1 sec
[TwinWall] projected 4387 node(s)
Step =      7: nodes = 33377, dt = 6.480000e-11, time = 7.128000e-10, elapsed = 39.3 sec
[TwinWall] projected 4248 node(s)
Step =      8: nodes = 33397, dt = 6.480000e-11, time = 7.776000e-10, elapsed = 42.7 sec
[TwinWall] projected 4208 node(s)
Step =      9: nodes = 33380, dt = 7.776000e-11, time = 8.553600e-10, elapsed = 46.2 sec
[TwinWall] projected 4325 node(s)
Step =     10: nodes = 33347, dt = 9.331200e-11, time = 9.486720e-10, elapsed = 49.7 sec
[TwinWall] projected 4309 node(s)
Step =     11: nodes = 33364, dt = 1.119744e-10, time = 1.060646e-09, elapsed = 53.1 sec
[TwinWall] projected 4248 node(s)
Step =     12: nodes = 33370, dt = 6.718464e-11, time = 1.127831e-09, elapsed = 58.3 sec
[TwinWall] projected 4123 node(s)
Step =     13: nodes = 33380, dt = 6.718464e-11, time = 1.195016e-09, elapsed = 61.6 sec
[TwinWall] projected 4093 node(s)
Step =     14: nodes = 33370, dt = 8.062157e-11, time = 1.275637e-09, elapsed = 65.0 sec
[TwinWall] projected 4254 node(s)
Step =     15: nodes = 33368, dt = 9.674588e-11, time = 1.372383e-09, elapsed = 68.4 sec
[TwinWall] projected 4259 node(s)
Step =     16: nodes = 33337, dt = 1.160951e-10, time = 1.488478e-09, elapsed = 71.8 sec
[TwinWall] projected 4198 node(s)
Step =     17: nodes = 33345, dt = 6.965703e-11, time = 1.558135e-09, elapsed = 77.2 sec
[TwinWall] projected 4120 node(s)
Step =     18: nodes = 33371, dt = 6.965703e-11, time = 1.627792e-09, elapsed = 80.6 sec
[TwinWall] projected 4032 node(s)
Step =     19: nodes = 33400, dt = 8.358844e-11, time = 1.711381e-09, elapsed = 84.0 sec
[TwinWall] projected 4246 node(s)
Step =     20: nodes = 33366, dt = 1.003061e-10, time = 1.811687e-09, elapsed = 87.5 sec
[TwinWall] projected 4326 node(s)
Step =     21: nodes = 33339, dt = 1.203674e-10, time = 1.932054e-09, elapsed = 91.0 sec
[TwinWall] projected 4207 node(s)
Step =     22: nodes = 33353, dt = 7.222041e-11, time = 2.004275e-09, elapsed = 96.2 sec
[TwinWall] projected 4100 node(s)
Step =     23: nodes = 33364, dt = 7.222041e-11, time = 2.076495e-09, elapsed = 99.5 sec
[TwinWall] projected 4262 node(s)
Step =     24: nodes = 33349, dt = 8.666450e-11, time = 2.163160e-09, elapsed = 103.4 sec
[TwinWall] projected 4233 node(s)
Step =     25: nodes = 33349, dt = 1.039974e-10, time = 2.267157e-09, elapsed = 106.8 sec
[TwinWall] projected 4339 node(s)
Step =     26: nodes = 33344, dt = 1.247969e-10, time = 2.391954e-09, elapsed = 110.3 sec
[TwinWall] projected 4128 node(s)
Step =     27: nodes = 33338, dt = 7.487812e-11, time = 2.466832e-09, elapsed = 115.4 sec
[TwinWall] projected 4210 node(s)
Step =     28: nodes = 33338, dt = 7.487812e-11, time = 2.541710e-09, elapsed = 118.9 sec
[TwinWall] projected 4221 node(s)
Step =     29: nodes = 33359, dt = 8.985375e-11, time = 2.631564e-09, elapsed = 122.3 sec
[TwinWall] projected 4305 node(s)
Step =     30: nodes = 33359, dt = 1.078245e-10, time = 2.739388e-09, elapsed = 125.7 sec
[TwinWall] projected 4142 node(s)
Step =     31: nodes = 33359, dt = 6.469470e-11, time = 2.804083e-09, elapsed = 130.9 sec
[TwinWall] projected 4098 node(s)
Step =     32: nodes = 33365, dt = 6.469470e-11, time = 2.868778e-09, elapsed = 134.4 sec
[TwinWall] projected 4191 node(s)
Step =     33: nodes = 33375, dt = 7.763364e-11, time = 2.946411e-09, elapsed = 137.9 sec
[TwinWall] projected 4186 node(s)
Step =     34: nodes = 33368, dt = 9.316037e-11, time = 3.039572e-09, elapsed = 141.3 sec
[TwinWall] projected 4259 node(s)
Step =     35: nodes = 33351, dt = 1.117924e-10, time = 3.151364e-09, elapsed = 144.8 sec
[TwinWall] projected 4240 node(s)
Step =     36: nodes = 33303, dt = 1.341509e-10, time = 3.285515e-09, elapsed = 148.4 sec
[TwinWall] projected 4113 node(s)
Step =     37: nodes = 33309, dt = 8.049056e-11, time = 3.366006e-09, elapsed = 153.5 sec
[TwinWall] projected 4149 node(s)
Step =     38: nodes = 33278, dt = 8.049056e-11, time = 3.446496e-09, elapsed = 156.9 sec
[TwinWall] projected 4177 node(s)
Step =     39: nodes = 33297, dt = 9.658867e-11, time = 3.543085e-09, elapsed = 160.3 sec
[TwinWall] projected 4202 node(s)
Step =     40: nodes = 33279, dt = 1.159064e-10, time = 3.658991e-09, elapsed = 163.9 sec
[TwinWall] projected 4095 node(s)
Step =     41: nodes = 33281, dt = 6.954384e-11, time = 3.728535e-09, elapsed = 169.0 sec
[TwinWall] projected 4088 node(s)
Step =     42: nodes = 33271, dt = 6.954384e-11, time = 3.798079e-09, elapsed = 172.3 sec
[TwinWall] projected 4201 node(s)
Step =     43: nodes = 33266, dt = 8.345261e-11, time = 3.881532e-09, elapsed = 175.6 sec
[TwinWall] projected 4109 node(s)
Step =     44: nodes = 33251, dt = 1.001431e-10, time = 3.981675e-09, elapsed = 179.0 sec
[TwinWall] projected 4140 node(s)
Step =     45: nodes = 33256, dt = 1.201718e-10, time = 4.101846e-09, elapsed = 182.5 sec
[TwinWall] projected 4039 node(s)
Step =     46: nodes = 33224, dt = 7.210306e-11, time = 4.173949e-09, elapsed = 187.6 sec
[TwinWall] projected 4058 node(s)
Step =     47: nodes = 33246, dt = 7.210306e-11, time = 4.246053e-09, elapsed = 190.9 sec
[TwinWall] projected 4095 node(s)
Step =     48: nodes = 33232, dt = 8.652367e-11, time = 4.332576e-09, elapsed = 194.5 sec
[TwinWall] projected 4114 node(s)
Step =     49: nodes = 33226, dt = 1.038284e-10, time = 4.436405e-09, elapsed = 197.8 sec
[TwinWall] projected 4098 node(s)
Step =     50: nodes = 33224, dt = 6.229704e-11, time = 4.498702e-09, elapsed = 203.0 sec
[TwinWall] projected 4098 node(s)
Step =     51: nodes = 33205, dt = 6.229704e-11, time = 4.560999e-09, elapsed = 206.3 sec
[TwinWall] projected 4117 node(s)
Step =     52: nodes = 33221, dt = 7.475645e-11, time = 4.635755e-09, elapsed = 209.5 sec
[TwinWall] projected 4007 node(s)
Step =     53: nodes = 33211, dt = 8.970774e-11, time = 4.725463e-09, elapsed = 212.9 sec
[TwinWall] projected 4038 node(s)
Step =     54: nodes = 33221, dt = 1.076493e-10, time = 4.833112e-09, elapsed = 216.3 sec
[TwinWall] projected 4220 node(s)
Step =     55: nodes = 33215, dt = 1.291791e-10, time = 4.962291e-09, elapsed = 219.8 sec
[TwinWall] projected 3964 node(s)
Step =     56: nodes = 33203, dt = 7.750749e-11, time = 5.039799e-09, elapsed = 225.1 sec
[TwinWall] projected 3990 node(s)
Step =     57: nodes = 33211, dt = 7.750749e-11, time = 5.117306e-09, elapsed = 228.5 sec
[TwinWall] projected 4061 node(s)
Step =     58: nodes = 33206, dt = 9.300898e-11, time = 5.210315e-09, elapsed = 231.8 sec
[TwinWall] projected 4073 node(s)
Step =     59: nodes = 33228, dt = 1.116108e-10, time = 5.321926e-09, elapsed = 235.3 sec
[TwinWall] projected 4086 node(s)
Step =     60: nodes = 33192, dt = 1.339329e-10, time = 5.455859e-09, elapsed = 238.8 sec
[TwinWall] projected 4002 node(s)
Step =     61: nodes = 33185, dt = 8.035976e-11, time = 5.536219e-09, elapsed = 243.9 sec
[TwinWall] projected 3972 node(s)
Step =     62: nodes = 33192, dt = 8.035976e-11, time = 5.616578e-09, elapsed = 247.2 sec
[TwinWall] projected 4066 node(s)
Step =     63: nodes = 33190, dt = 9.643171e-11, time = 5.713010e-09, elapsed = 250.6 sec
[TwinWall] projected 4123 node(s)
Step =     64: nodes = 33197, dt = 1.157181e-10, time = 5.828728e-09, elapsed = 254.3 sec
[TwinWall] projected 4037 node(s)
Step =     65: nodes = 33180, dt = 6.943083e-11, time = 5.898159e-09, elapsed = 259.4 sec
[TwinWall] projected 3872 node(s)
Step =     66: nodes = 33199, dt = 6.943083e-11, time = 5.967590e-09, elapsed = 262.7 sec
[TwinWall] projected 4009 node(s)
Step =     67: nodes = 33185, dt = 8.331700e-11, time = 6.050907e-09, elapsed = 266.1 sec
[TwinWall] projected 4001 node(s)
Step =     68: nodes = 33170, dt = 9.998040e-11, time = 6.150887e-09, elapsed = 269.5 sec
[TwinWall] projected 4063 node(s)
Step =     69: nodes = 33185, dt = 1.199765e-10, time = 6.270864e-09, elapsed = 273.0 sec
[TwinWall] projected 3965 node(s)
Step =     70: nodes = 33192, dt = 7.198589e-11, time = 6.342850e-09, elapsed = 278.1 sec
[TwinWall] projected 3816 node(s)
Step =     71: nodes = 33187, dt = 7.198589e-11, time = 6.414836e-09, elapsed = 281.4 sec
[TwinWall] projected 3974 node(s)
Step =     72: nodes = 33176, dt = 8.638307e-11, time = 6.501219e-09, elapsed = 284.9 sec
[TwinWall] projected 3984 node(s)
Step =     73: nodes = 33161, dt = 1.036597e-10, time = 6.604878e-09, elapsed = 288.3 sec
[TwinWall] projected 4040 node(s)
Step =     74: nodes = 33161, dt = 1.243916e-10, time = 6.729270e-09, elapsed = 291.8 sec
[TwinWall] projected 3833 node(s)
Step =     75: nodes = 33154, dt = 7.463497e-11, time = 6.803905e-09, elapsed = 296.9 sec
[TwinWall] projected 3896 node(s)
Step =     76: nodes = 33168, dt = 7.463497e-11, time = 6.878540e-09, elapsed = 300.4 sec
[TwinWall] projected 3942 node(s)
Step =     77: nodes = 33152, dt = 8.956196e-11, time = 6.968102e-09, elapsed = 303.7 sec
[TwinWall] projected 3980 node(s)
Step =     78: nodes = 33152, dt = 1.074744e-10, time = 7.075576e-09, elapsed = 307.2 sec
[TwinWall] projected 3887 node(s)
Step =     79: nodes = 33139, dt = 6.448461e-11, time = 7.140061e-09, elapsed = 312.2 sec
[TwinWall] projected 3863 node(s)
Step =     80: nodes = 33151, dt = 6.448461e-11, time = 7.204545e-09, elapsed = 315.6 sec
[TwinWall] projected 3954 node(s)
Step =     81: nodes = 33128, dt = 7.738154e-11, time = 7.281927e-09, elapsed = 318.9 sec
[TwinWall] projected 3921 node(s)
Step =     82: nodes = 33138, dt = 9.285784e-11, time = 7.374785e-09, elapsed = 322.3 sec
[TwinWall] projected 3929 node(s)
Step =     83: nodes = 33122, dt = 1.114294e-10, time = 7.486214e-09, elapsed = 325.7 sec
[TwinWall] projected 3834 node(s)
Step =     84: nodes = 33121, dt = 6.685765e-11, time = 7.553072e-09, elapsed = 330.7 sec
[TwinWall] projected 3830 node(s)
Step =     85: nodes = 33129, dt = 6.685765e-11, time = 7.619929e-09, elapsed = 334.0 sec
[TwinWall] projected 3852 node(s)
Step =     86: nodes = 33134, dt = 8.022918e-11, time = 7.700159e-09, elapsed = 337.3 sec
[TwinWall] projected 3948 node(s)
Step =     87: nodes = 33136, dt = 9.627501e-11, time = 7.796434e-09, elapsed = 340.7 sec
[TwinWall] projected 4006 node(s)
Step =     88: nodes = 33117, dt = 1.155300e-10, time = 7.911964e-09, elapsed = 344.3 sec
[TwinWall] projected 3910 node(s)
Step =     89: nodes = 33119, dt = 6.931801e-11, time = 7.981282e-09, elapsed = 349.3 sec
[TwinWall] projected 3819 node(s)
Step =     90: nodes = 33089, dt = 6.931801e-11, time = 8.050600e-09, elapsed = 352.6 sec
[TwinWall] projected 3916 node(s)
Step =     91: nodes = 33064, dt = 8.318161e-11, time = 8.133781e-09, elapsed = 355.9 sec
[TwinWall] projected 3902 node(s)
Step =     92: nodes = 33065, dt = 9.981793e-11, time = 8.233599e-09, elapsed = 359.3 sec
[TwinWall] projected 3936 node(s)
Step =     93: nodes = 33078, dt = 1.197815e-10, time = 8.353381e-09, elapsed = 362.7 sec
[TwinWall] projected 3857 node(s)
Step =     94: nodes = 33067, dt = 7.186891e-11, time = 8.425250e-09, elapsed = 367.7 sec
[TwinWall] projected 3736 node(s)
Step =     95: nodes = 33059, dt = 7.186891e-11, time = 8.497119e-09, elapsed = 371.0 sec
[TwinWall] projected 3884 node(s)
Step =     96: nodes = 33060, dt = 8.624269e-11, time = 8.583361e-09, elapsed = 374.5 sec
[TwinWall] projected 3894 node(s)
Step =     97: nodes = 33061, dt = 1.034912e-10, time = 8.686853e-09, elapsed = 377.8 sec
[TwinWall] projected 3946 node(s)
Step =     98: nodes = 33033, dt = 1.241895e-10, time = 8.811042e-09, elapsed = 381.3 sec
[TwinWall] projected 3751 node(s)
Step =     99: nodes = 33030, dt = 7.451369e-11, time = 8.885556e-09, elapsed = 386.3 sec
[TwinWall] projected 3764 node(s)
Step =    100: nodes = 33044, dt = 7.451369e-11, time = 8.960069e-09, elapsed = 389.7 sec
Writing configuration in legacy data format
 Output file: /data/home/dg000246b/openDIS/HomeWork/output_relax/config.100.data
Writing restart file
 Restart file: /data/home/dg000246b/openDIS/HomeWork/output_relax/restart.100.exadis
[TwinWall] projected 3808 node(s)
Step =    101: nodes = 33022, dt = 8.941642e-11, time = 9.049486e-09, elapsed = 393.4 sec
[TwinWall] projected 3890 node(s)
Step =    102: nodes = 33026, dt = 1.072997e-10, time = 9.156785e-09, elapsed = 396.9 sec
[TwinWall] projected 3903 node(s)
Step =    103: nodes = 33011, dt = 1.287597e-10, time = 9.285545e-09, elapsed = 400.3 sec
[TwinWall] projected 3798 node(s)
Step =    104: nodes = 33008, dt = 7.725579e-11, time = 9.362801e-09, elapsed = 405.5 sec
[TwinWall] projected 3761 node(s)
Step =    105: nodes = 33000, dt = 7.725579e-11, time = 9.440057e-09, elapsed = 408.9 sec
[TwinWall] projected 3833 node(s)
Step =    106: nodes = 33010, dt = 9.270695e-11, time = 9.532764e-09, elapsed = 412.2 sec
[TwinWall] projected 3844 node(s)
Step =    107: nodes = 33001, dt = 1.112483e-10, time = 9.644012e-09, elapsed = 415.6 sec
[TwinWall] projected 3977 node(s)
Step =    108: nodes = 32970, dt = 1.334980e-10, time = 9.777510e-09, elapsed = 419.1 sec
[TwinWall] projected 3722 node(s)
Step =    109: nodes = 32955, dt = 8.009880e-11, time = 9.857609e-09, elapsed = 424.1 sec
[TwinWall] projected 3703 node(s)
Step =    110: nodes = 32959, dt = 8.009880e-11, time = 9.937708e-09, elapsed = 427.3 sec
[TwinWall] projected 3824 node(s)
Step =    111: nodes = 32965, dt = 9.611856e-11, time = 1.003383e-08, elapsed = 430.7 sec
[TwinWall] projected 3919 node(s)
Step =    112: nodes = 32947, dt = 1.153423e-10, time = 1.014917e-08, elapsed = 434.3 sec
[TwinWall] projected 3967 node(s)
Step =    113: nodes = 32946, dt = 1.384107e-10, time = 1.028758e-08, elapsed = 437.7 sec
[TwinWall] projected 3900 node(s)
Step =    114: nodes = 32934, dt = 8.304644e-11, time = 1.037063e-08, elapsed = 442.7 sec
[TwinWall] projected 3848 node(s)
Step =    115: nodes = 32933, dt = 8.304644e-11, time = 1.045367e-08, elapsed = 445.9 sec
[TwinWall] projected 3932 node(s)
Step =    116: nodes = 32931, dt = 9.965573e-11, time = 1.055333e-08, elapsed = 449.2 sec
[TwinWall] projected 3895 node(s)
Step =    117: nodes = 32907, dt = 1.195869e-10, time = 1.067291e-08, elapsed = 452.5 sec
[TwinWall] projected 3883 node(s)
Step =    118: nodes = 32923, dt = 7.175212e-11, time = 1.074467e-08, elapsed = 457.5 sec
[TwinWall] projected 3773 node(s)
Step =    119: nodes = 32943, dt = 7.175212e-11, time = 1.081642e-08, elapsed = 460.7 sec
[TwinWall] projected 3741 node(s)
Step =    120: nodes = 32939, dt = 8.610255e-11, time = 1.090252e-08, elapsed = 464.2 sec
[TwinWall] projected 3887 node(s)
Step =    121: nodes = 32927, dt = 1.033231e-10, time = 1.100584e-08, elapsed = 467.5 sec
[TwinWall] projected 3759 node(s)
Step =    122: nodes = 32922, dt = 6.199383e-11, time = 1.106784e-08, elapsed = 472.5 sec
[TwinWall] projected 3747 node(s)
Step =    123: nodes = 32928, dt = 6.199383e-11, time = 1.112983e-08, elapsed = 475.8 sec
[TwinWall] projected 3820 node(s)
Step =    124: nodes = 32950, dt = 7.439260e-11, time = 1.120422e-08, elapsed = 479.1 sec
[TwinWall] projected 3777 node(s)
Step =    125: nodes = 32951, dt = 8.927112e-11, time = 1.129350e-08, elapsed = 482.4 sec
[TwinWall] projected 3834 node(s)
Step =    126: nodes = 32946, dt = 1.071253e-10, time = 1.140062e-08, elapsed = 485.7 sec
[TwinWall] projected 3900 node(s)
Step =    127: nodes = 32919, dt = 1.285504e-10, time = 1.152917e-08, elapsed = 489.2 sec
[TwinWall] projected 3774 node(s)
Step =    128: nodes = 32914, dt = 7.713025e-11, time = 1.160630e-08, elapsed = 494.4 sec
[TwinWall] projected 3811 node(s)
Step =    129: nodes = 32937, dt = 7.713025e-11, time = 1.168343e-08, elapsed = 497.7 sec
[TwinWall] projected 3843 node(s)
Step =    130: nodes = 32931, dt = 9.255630e-11, time = 1.177599e-08, elapsed = 501.0 sec
[TwinWall] projected 3868 node(s)
Step =    131: nodes = 32933, dt = 1.110676e-10, time = 1.188706e-08, elapsed = 504.4 sec
[TwinWall] projected 3936 node(s)
Step =    132: nodes = 32925, dt = 1.332811e-10, time = 1.202034e-08, elapsed = 507.9 sec
[TwinWall] projected 4019 node(s)
Step =    133: nodes = 32937, dt = 1.599373e-10, time = 1.218027e-08, elapsed = 511.4 sec
[TwinWall] projected 3887 node(s)
Step =    134: nodes = 32919, dt = 9.596237e-11, time = 1.227624e-08, elapsed = 516.4 sec
[TwinWall] projected 3921 node(s)
Step =    135: nodes = 32963, dt = 9.596237e-11, time = 1.237220e-08, elapsed = 519.7 sec
[TwinWall] projected 3984 node(s)
Step =    136: nodes = 32954, dt = 1.151548e-10, time = 1.248735e-08, elapsed = 523.1 sec
[TwinWall] projected 3978 node(s)
Step =    137: nodes = 32959, dt = 1.381858e-10, time = 1.262554e-08, elapsed = 526.7 sec
[TwinWall] projected 3819 node(s)
Step =    138: nodes = 32931, dt = 8.291149e-11, time = 1.270845e-08, elapsed = 531.7 sec
[TwinWall] projected 3794 node(s)
Step =    139: nodes = 32927, dt = 8.291149e-11, time = 1.279136e-08, elapsed = 535.1 sec
[TwinWall] projected 3816 node(s)
Step =    140: nodes = 32904, dt = 9.949379e-11, time = 1.289086e-08, elapsed = 538.4 sec
[TwinWall] projected 3867 node(s)
Step =    141: nodes = 32917, dt = 1.193925e-10, time = 1.301025e-08, elapsed = 541.8 sec
[TwinWall] projected 3923 node(s)
Step =    142: nodes = 32901, dt = 1.432711e-10, time = 1.315352e-08, elapsed = 545.3 sec
[TwinWall] projected 3848 node(s)
Step =    143: nodes = 32895, dt = 8.596263e-11, time = 1.323948e-08, elapsed = 550.4 sec
[TwinWall] projected 3802 node(s)
Step =    144: nodes = 32910, dt = 8.596263e-11, time = 1.332545e-08, elapsed = 554.0 sec
[TwinWall] projected 3883 node(s)
Step =    145: nodes = 32916, dt = 1.031552e-10, time = 1.342860e-08, elapsed = 557.3 sec
[TwinWall] projected 3786 node(s)
Step =    146: nodes = 32916, dt = 6.189309e-11, time = 1.349049e-08, elapsed = 562.3 sec
[TwinWall] projected 3702 node(s)
Step =    147: nodes = 32933, dt = 6.189309e-11, time = 1.355239e-08, elapsed = 565.6 sec
[TwinWall] projected 3743 node(s)
Step =    148: nodes = 32940, dt = 7.427171e-11, time = 1.362666e-08, elapsed = 569.0 sec
[TwinWall] projected 3765 node(s)
Step =    149: nodes = 32936, dt = 8.912606e-11, time = 1.371578e-08, elapsed = 572.2 sec
[TwinWall] projected 3825 node(s)
Step =    150: nodes = 32912, dt = 1.069513e-10, time = 1.382274e-08, elapsed = 575.7 sec
[TwinWall] projected 3839 node(s)
Step =    151: nodes = 32901, dt = 1.283415e-10, time = 1.395108e-08, elapsed = 579.1 sec
[TwinWall] projected 3750 node(s)
Step =    152: nodes = 32887, dt = 7.700491e-11, time = 1.402808e-08, elapsed = 584.3 sec
[TwinWall] projected 3742 node(s)
Step =    153: nodes = 32887, dt = 7.700491e-11, time = 1.410509e-08, elapsed = 587.7 sec
[TwinWall] projected 3827 node(s)
Step =    154: nodes = 32896, dt = 9.240589e-11, time = 1.419749e-08, elapsed = 591.0 sec
[TwinWall] projected 3914 node(s)
Step =    155: nodes = 32888, dt = 1.108871e-10, time = 1.430838e-08, elapsed = 594.4 sec
[TwinWall] projected 3888 node(s)
Step =    156: nodes = 32888, dt = 1.330645e-10, time = 1.444144e-08, elapsed = 597.8 sec
[TwinWall] projected 3761 node(s)
Step =    157: nodes = 32883, dt = 7.983869e-11, time = 1.452128e-08, elapsed = 602.8 sec
[TwinWall] projected 3745 node(s)
Step =    158: nodes = 32868, dt = 7.983869e-11, time = 1.460112e-08, elapsed = 606.1 sec
[TwinWall] projected 3802 node(s)
Step =    159: nodes = 32865, dt = 9.580643e-11, time = 1.469693e-08, elapsed = 609.4 sec
[TwinWall] projected 3906 node(s)
Step =    160: nodes = 32857, dt = 1.149677e-10, time = 1.481190e-08, elapsed = 612.8 sec
[TwinWall] projected 3766 node(s)
Step =    161: nodes = 32848, dt = 6.898063e-11, time = 1.488088e-08, elapsed = 618.0 sec
[TwinWall] projected 3691 node(s)
Step =    162: nodes = 32851, dt = 6.898063e-11, time = 1.494986e-08, elapsed = 621.3 sec
[TwinWall] projected 3797 node(s)
Step =    163: nodes = 32840, dt = 8.277676e-11, time = 1.503263e-08, elapsed = 624.6 sec
[TwinWall] projected 3838 node(s)
Step =    164: nodes = 32871, dt = 9.933211e-11, time = 1.513197e-08, elapsed = 627.9 sec
[TwinWall] projected 3861 node(s)
Step =    165: nodes = 32843, dt = 1.191985e-10, time = 1.525116e-08, elapsed = 631.3 sec
[TwinWall] projected 3741 node(s)
Step =    166: nodes = 32857, dt = 7.151912e-11, time = 1.532268e-08, elapsed = 636.3 sec
[TwinWall] projected 3808 node(s)
Step =    167: nodes = 32844, dt = 7.151912e-11, time = 1.539420e-08, elapsed = 639.6 sec
[TwinWall] projected 3776 node(s)
Step =    168: nodes = 32834, dt = 8.582294e-11, time = 1.548003e-08, elapsed = 642.9 sec
[TwinWall] projected 3778 node(s)
Step =    169: nodes = 32822, dt = 1.029875e-10, time = 1.558301e-08, elapsed = 646.3 sec
[TwinWall] projected 3778 node(s)
Step =    170: nodes = 32798, dt = 1.235850e-10, time = 1.570660e-08, elapsed = 649.7 sec
[TwinWall] projected 3910 node(s)
Step =    171: nodes = 32811, dt = 1.483020e-10, time = 1.585490e-08, elapsed = 653.1 sec
[TwinWall] projected 3834 node(s)
Step =    172: nodes = 32815, dt = 8.898123e-11, time = 1.594388e-08, elapsed = 658.1 sec
[TwinWall] projected 3727 node(s)
Step =    173: nodes = 32806, dt = 8.898123e-11, time = 1.603286e-08, elapsed = 661.4 sec
[TwinWall] projected 3831 node(s)
Step =    174: nodes = 32799, dt = 1.067775e-10, time = 1.613964e-08, elapsed = 664.9 sec
[TwinWall] projected 3877 node(s)
Step =    175: nodes = 32797, dt = 1.281330e-10, time = 1.626777e-08, elapsed = 668.2 sec
[TwinWall] projected 3766 node(s)
Step =    176: nodes = 32790, dt = 7.687978e-11, time = 1.634465e-08, elapsed = 673.3 sec
[TwinWall] projected 3595 node(s)
Step =    177: nodes = 32796, dt = 7.687978e-11, time = 1.642153e-08, elapsed = 676.7 sec
[TwinWall] projected 3716 node(s)
Step =    178: nodes = 32787, dt = 9.225574e-11, time = 1.651379e-08, elapsed = 680.1 sec
[TwinWall] projected 3739 node(s)
Step =    179: nodes = 32796, dt = 1.107069e-10, time = 1.662450e-08, elapsed = 683.4 sec
[TwinWall] projected 3847 node(s)
Step =    180: nodes = 32743, dt = 1.328483e-10, time = 1.675734e-08, elapsed = 686.9 sec
[TwinWall] projected 3631 node(s)
Step =    181: nodes = 32746, dt = 7.970896e-11, time = 1.683705e-08, elapsed = 691.8 sec
[TwinWall] projected 3699 node(s)
Step =    182: nodes = 32770, dt = 7.970896e-11, time = 1.691676e-08, elapsed = 695.2 sec
[TwinWall] projected 3737 node(s)
Step =    183: nodes = 32769, dt = 9.565075e-11, time = 1.701241e-08, elapsed = 698.5 sec
[TwinWall] projected 3835 node(s)
Step =    184: nodes = 32761, dt = 1.147809e-10, time = 1.712719e-08, elapsed = 701.9 sec
[TwinWall] projected 3927 node(s)
Step =    185: nodes = 32758, dt = 1.377371e-10, time = 1.726493e-08, elapsed = 705.5 sec
[TwinWall] projected 3709 node(s)
Step =    186: nodes = 32781, dt = 8.264224e-11, time = 1.734757e-08, elapsed = 710.5 sec
[TwinWall] projected 3696 node(s)
Step =    187: nodes = 32778, dt = 8.264224e-11, time = 1.743022e-08, elapsed = 713.7 sec
[TwinWall] projected 3759 node(s)
Step =    188: nodes = 32769, dt = 9.917069e-11, time = 1.752939e-08, elapsed = 717.1 sec
[TwinWall] projected 3756 node(s)
Step =    189: nodes = 32777, dt = 1.190048e-10, time = 1.764839e-08, elapsed = 720.4 sec
[TwinWall] projected 3811 node(s)
Step =    190: nodes = 32762, dt = 1.428058e-10, time = 1.779120e-08, elapsed = 723.9 sec
[TwinWall] projected 3640 node(s)
Step =    191: nodes = 32756, dt = 8.568348e-11, time = 1.787688e-08, elapsed = 728.9 sec
[TwinWall] projected 3696 node(s)
Step =    192: nodes = 32754, dt = 8.568348e-11, time = 1.796256e-08, elapsed = 732.2 sec
[TwinWall] projected 3758 node(s)
Step =    193: nodes = 32760, dt = 1.028202e-10, time = 1.806538e-08, elapsed = 735.8 sec
[TwinWall] projected 3784 node(s)
Step =    194: nodes = 32768, dt = 1.233842e-10, time = 1.818877e-08, elapsed = 739.2 sec
[TwinWall] projected 3683 node(s)
Step =    195: nodes = 32781, dt = 7.403053e-11, time = 1.826280e-08, elapsed = 744.1 sec
[TwinWall] projected 3628 node(s)
Step =    196: nodes = 32786, dt = 7.403053e-11, time = 1.833683e-08, elapsed = 747.5 sec
[TwinWall] projected 3655 node(s)
Step =    197: nodes = 32774, dt = 8.883663e-11, time = 1.842567e-08, elapsed = 750.8 sec
[TwinWall] projected 3655 node(s)
Step =    198: nodes = 32773, dt = 1.066040e-10, time = 1.853227e-08, elapsed = 754.1 sec
[TwinWall] projected 3770 node(s)
Step =    199: nodes = 32724, dt = 1.279247e-10, time = 1.866019e-08, elapsed = 757.6 sec
[TwinWall] projected 3849 node(s)
Step =    200: nodes = 32717, dt = 1.535097e-10, time = 1.881370e-08, elapsed = 760.9 sec
Writing configuration in legacy data format
 Output file: /data/home/dg000246b/openDIS/HomeWork/output_relax/config.200.data
Writing restart file
 Restart file: /data/home/dg000246b/openDIS/HomeWork/output_relax/restart.200.exadis
[TwinWall] projected 3548 node(s)
Step =    201: nodes = 32688, dt = 4.605291e-11, time = 1.885976e-08, elapsed = 768.2 sec
[TwinWall] projected 3421 node(s)
Step =    202: nodes = 32695, dt = 4.605291e-11, time = 1.890581e-08, elapsed = 771.5 sec
[TwinWall] projected 3500 node(s)
Step =    203: nodes = 32690, dt = 5.526349e-11, time = 1.896107e-08, elapsed = 774.7 sec
[TwinWall] projected 3608 node(s)
Step =    204: nodes = 32697, dt = 6.631619e-11, time = 1.902739e-08, elapsed = 778.0 sec
[TwinWall] projected 3620 node(s)
Step =    205: nodes = 32723, dt = 7.957943e-11, time = 1.910697e-08, elapsed = 781.2 sec
[TwinWall] projected 3667 node(s)
Step =    206: nodes = 32684, dt = 9.549531e-11, time = 1.920246e-08, elapsed = 784.5 sec
[TwinWall] projected 3705 node(s)
Step =    207: nodes = 32686, dt = 1.145944e-10, time = 1.931706e-08, elapsed = 787.8 sec
[TwinWall] projected 3797 node(s)
Step =    208: nodes = 32651, dt = 1.375133e-10, time = 1.945457e-08, elapsed = 791.2 sec
[TwinWall] projected 3664 node(s)
Step =    209: nodes = 32639, dt = 8.250795e-11, time = 1.953708e-08, elapsed = 796.4 sec
[TwinWall] projected 3653 node(s)
Step =    210: nodes = 32658, dt = 8.250795e-11, time = 1.961959e-08, elapsed = 799.7 sec
[TwinWall] projected 3712 node(s)
Step =    211: nodes = 32684, dt = 9.900954e-11, time = 1.971860e-08, elapsed = 803.0 sec
[TwinWall] projected 3714 node(s)
Step =    212: nodes = 32688, dt = 1.188114e-10, time = 1.983741e-08, elapsed = 806.3 sec
[TwinWall] projected 3632 node(s)
Step =    213: nodes = 32688, dt = 7.128687e-11, time = 1.990870e-08, elapsed = 811.3 sec
[TwinWall] projected 3606 node(s)
Step =    214: nodes = 32686, dt = 7.128687e-11, time = 1.997998e-08, elapsed = 814.6 sec
[TwinWall] projected 3690 node(s)
Step =    215: nodes = 32710, dt = 8.554424e-11, time = 2.006553e-08, elapsed = 817.9 sec
[TwinWall] projected 3771 node(s)
Step =    216: nodes = 32691, dt = 1.026531e-10, time = 2.016818e-08, elapsed = 821.2 sec
[TwinWall] projected 3737 node(s)
Step =    217: nodes = 32677, dt = 1.231837e-10, time = 2.029136e-08, elapsed = 824.7 sec
[TwinWall] projected 3649 node(s)
Step =    218: nodes = 32667, dt = 7.391023e-11, time = 2.036527e-08, elapsed = 829.7 sec
[TwinWall] projected 3599 node(s)
Step =    219: nodes = 32689, dt = 7.391023e-11, time = 2.043918e-08, elapsed = 833.0 sec
[TwinWall] projected 3628 node(s)
Step =    220: nodes = 32664, dt = 8.869227e-11, time = 2.052788e-08, elapsed = 836.3 sec
[TwinWall] projected 3709 node(s)
Step =    221: nodes = 32673, dt = 1.064307e-10, time = 2.063431e-08, elapsed = 839.6 sec
[TwinWall] projected 3818 node(s)
Step =    222: nodes = 32630, dt = 1.277169e-10, time = 2.076202e-08, elapsed = 843.0 sec
[TwinWall] projected 3627 node(s)
Step =    223: nodes = 32651, dt = 7.663012e-11, time = 2.083865e-08, elapsed = 847.9 sec
[TwinWall] projected 3644 node(s)
Step =    224: nodes = 32662, dt = 7.663012e-11, time = 2.091528e-08, elapsed = 851.2 sec
[TwinWall] projected 3652 node(s)
Step =    225: nodes = 32652, dt = 9.195615e-11, time = 2.100724e-08, elapsed = 854.7 sec
[TwinWall] projected 3718 node(s)
Step =    226: nodes = 32645, dt = 1.103474e-10, time = 2.111759e-08, elapsed = 858.1 sec
[TwinWall] projected 3595 node(s)
Step =    227: nodes = 32654, dt = 6.620843e-11, time = 2.118380e-08, elapsed = 863.0 sec
[TwinWall] projected 3529 node(s)
Step =    228: nodes = 32649, dt = 6.620843e-11, time = 2.125000e-08, elapsed = 866.2 sec
[TwinWall] projected 3621 node(s)
Step =    229: nodes = 32644, dt = 7.945011e-11, time = 2.132945e-08, elapsed = 869.5 sec
[TwinWall] projected 3628 node(s)
Step =    230: nodes = 32647, dt = 9.534013e-11, time = 2.142479e-08, elapsed = 872.8 sec
[TwinWall] projected 3651 node(s)
Step =    231: nodes = 32640, dt = 1.144082e-10, time = 2.153920e-08, elapsed = 876.2 sec
[TwinWall] projected 3808 node(s)
Step =    232: nodes = 32621, dt = 1.372898e-10, time = 2.167649e-08, elapsed = 879.6 sec
[TwinWall] projected 3717 node(s)
Step =    233: nodes = 32634, dt = 8.237388e-11, time = 2.175887e-08, elapsed = 884.8 sec
[TwinWall] projected 3576 node(s)
Step =    234: nodes = 32648, dt = 8.237388e-11, time = 2.184124e-08, elapsed = 888.0 sec
[TwinWall] projected 3717 node(s)
Step =    235: nodes = 32656, dt = 9.884865e-11, time = 2.194009e-08, elapsed = 891.4 sec
[TwinWall] projected 3661 node(s)
Step =    236: nodes = 32662, dt = 1.186184e-10, time = 2.205871e-08, elapsed = 894.6 sec
[TwinWall] projected 3624 node(s)
Step =    237: nodes = 32643, dt = 7.117103e-11, time = 2.212988e-08, elapsed = 899.7 sec
[TwinWall] projected 3617 node(s)
Step =    238: nodes = 32638, dt = 7.117103e-11, time = 2.220105e-08, elapsed = 903.0 sec
[TwinWall] projected 3527 node(s)
Step =    239: nodes = 32626, dt = 8.540523e-11, time = 2.228645e-08, elapsed = 906.2 sec
[TwinWall] projected 3667 node(s)
Step =    240: nodes = 32622, dt = 1.024863e-10, time = 2.238894e-08, elapsed = 909.5 sec
[TwinWall] projected 3746 node(s)
Step =    241: nodes = 32601, dt = 1.229835e-10, time = 2.251192e-08, elapsed = 912.8 sec
[TwinWall] projected 3615 node(s)
Step =    242: nodes = 32608, dt = 7.379012e-11, time = 2.258571e-08, elapsed = 918.0 sec
[TwinWall] projected 3604 node(s)
Step =    243: nodes = 32598, dt = 7.379012e-11, time = 2.265950e-08, elapsed = 921.2 sec
[TwinWall] projected 3738 node(s)
Step =    244: nodes = 32622, dt = 8.854815e-11, time = 2.274805e-08, elapsed = 924.5 sec
[TwinWall] projected 3733 node(s)
Step =    245: nodes = 32609, dt = 1.062578e-10, time = 2.285431e-08, elapsed = 927.8 sec
[TwinWall] projected 3814 node(s)
Step =    246: nodes = 32597, dt = 1.275093e-10, time = 2.298182e-08, elapsed = 931.2 sec
[TwinWall] projected 3657 node(s)
Step =    247: nodes = 32585, dt = 7.650560e-11, time = 2.305833e-08, elapsed = 936.1 sec
[TwinWall] projected 3664 node(s)
Step =    248: nodes = 32612, dt = 7.650560e-11, time = 2.313483e-08, elapsed = 939.4 sec
[TwinWall] projected 3677 node(s)
Step =    249: nodes = 32605, dt = 9.180672e-11, time = 2.322664e-08, elapsed = 942.7 sec
[TwinWall] projected 3674 node(s)
Step =    250: nodes = 32593, dt = 1.101681e-10, time = 2.333681e-08, elapsed = 946.3 sec
[TwinWall] projected 3718 node(s)
Step =    251: nodes = 32609, dt = 1.322017e-10, time = 2.346901e-08, elapsed = 949.6 sec
[TwinWall] projected 3693 node(s)
Step =    252: nodes = 32605, dt = 7.932100e-11, time = 2.354833e-08, elapsed = 954.5 sec
[TwinWall] projected 3662 node(s)
Step =    253: nodes = 32597, dt = 7.932100e-11, time = 2.362765e-08, elapsed = 957.7 sec
[TwinWall] projected 3748 node(s)
Step =    254: nodes = 32587, dt = 9.518521e-11, time = 2.372283e-08, elapsed = 961.0 sec
[TwinWall] projected 3719 node(s)
Step =    255: nodes = 32604, dt = 1.142222e-10, time = 2.383706e-08, elapsed = 964.3 sec
[TwinWall] projected 3656 node(s)
Step =    256: nodes = 32602, dt = 6.853335e-11, time = 2.390559e-08, elapsed = 969.3 sec
[TwinWall] projected 3587 node(s)
Step =    257: nodes = 32605, dt = 6.853335e-11, time = 2.397412e-08, elapsed = 972.5 sec
[TwinWall] projected 3631 node(s)
Step =    258: nodes = 32602, dt = 8.224002e-11, time = 2.405636e-08, elapsed = 975.9 sec
[TwinWall] projected 3699 node(s)
Step =    259: nodes = 32609, dt = 9.868802e-11, time = 2.415505e-08, elapsed = 979.2 sec
[TwinWall] projected 3731 node(s)
Step =    260: nodes = 32608, dt = 1.184256e-10, time = 2.427348e-08, elapsed = 982.5 sec
[TwinWall] projected 3642 node(s)
Step =    261: nodes = 32633, dt = 7.105538e-11, time = 2.434453e-08, elapsed = 987.5 sec
[TwinWall] projected 3628 node(s)
Step =    262: nodes = 32623, dt = 7.105538e-11, time = 2.441559e-08, elapsed = 990.7 sec
[TwinWall] projected 3597 node(s)
Step =    263: nodes = 32623, dt = 8.526645e-11, time = 2.450085e-08, elapsed = 994.0 sec
[TwinWall] projected 3656 node(s)
Step =    264: nodes = 32619, dt = 1.023197e-10, time = 2.460317e-08, elapsed = 997.3 sec
[TwinWall] projected 3674 node(s)
Step =    265: nodes = 32594, dt = 1.227837e-10, time = 2.472596e-08, elapsed = 1000.8 sec
[TwinWall] projected 3570 node(s)
Step =    266: nodes = 32573, dt = 7.367021e-11, time = 2.479963e-08, elapsed = 1005.9 sec
[TwinWall] projected 3539 node(s)
Step =    267: nodes = 32575, dt = 7.367021e-11, time = 2.487330e-08, elapsed = 1009.2 sec
[TwinWall] projected 3601 node(s)
Step =    268: nodes = 32551, dt = 8.840426e-11, time = 2.496170e-08, elapsed = 1012.6 sec
[TwinWall] projected 3624 node(s)
Step =    269: nodes = 32540, dt = 1.060851e-10, time = 2.506779e-08, elapsed = 1015.9 sec
[TwinWall] projected 3661 node(s)
Step =    270: nodes = 32541, dt = 1.273021e-10, time = 2.519509e-08, elapsed = 1019.2 sec
[TwinWall] projected 3621 node(s)
Step =    271: nodes = 32548, dt = 7.638128e-11, time = 2.527147e-08, elapsed = 1024.2 sec
[TwinWall] projected 3610 node(s)
Step =    272: nodes = 32545, dt = 7.638128e-11, time = 2.534785e-08, elapsed = 1027.4 sec
[TwinWall] projected 3670 node(s)
Step =    273: nodes = 32561, dt = 9.165753e-11, time = 2.543951e-08, elapsed = 1030.7 sec
[TwinWall] projected 3652 node(s)
Step =    274: nodes = 32540, dt = 1.099890e-10, time = 2.554950e-08, elapsed = 1034.3 sec
[TwinWall] projected 3691 node(s)
Step =    275: nodes = 32528, dt = 1.319868e-10, time = 2.568149e-08, elapsed = 1037.7 sec
[TwinWall] projected 3532 node(s)
Step =    276: nodes = 32501, dt = 7.919211e-11, time = 2.576068e-08, elapsed = 1042.6 sec
[TwinWall] projected 3511 node(s)
Step =    277: nodes = 32507, dt = 7.919211e-11, time = 2.583987e-08, elapsed = 1045.9 sec
[TwinWall] projected 3582 node(s)
Step =    278: nodes = 32474, dt = 9.503053e-11, time = 2.593490e-08, elapsed = 1049.2 sec
[TwinWall] projected 3616 node(s)
Step =    279: nodes = 32487, dt = 1.140366e-10, time = 2.604894e-08, elapsed = 1052.5 sec
[TwinWall] projected 3504 node(s)
Step =    280: nodes = 32485, dt = 6.842198e-11, time = 2.611736e-08, elapsed = 1057.3 sec
[TwinWall] projected 3469 node(s)
Step =    281: nodes = 32475, dt = 6.842198e-11, time = 2.618578e-08, elapsed = 1060.6 sec
[TwinWall] projected 3467 node(s)
Step =    282: nodes = 32482, dt = 8.210638e-11, time = 2.626789e-08, elapsed = 1063.7 sec
[TwinWall] projected 3592 node(s)
Step =    283: nodes = 32498, dt = 9.852765e-11, time = 2.636642e-08, elapsed = 1067.2 sec
[TwinWall] projected 3679 node(s)
Step =    284: nodes = 32504, dt = 1.182332e-10, time = 2.648465e-08, elapsed = 1070.5 sec
[TwinWall] projected 3549 node(s)
Step =    285: nodes = 32485, dt = 7.093991e-11, time = 2.655559e-08, elapsed = 1075.4 sec
[TwinWall] projected 3477 node(s)
Step =    286: nodes = 32466, dt = 7.093991e-11, time = 2.662653e-08, elapsed = 1078.6 sec
[TwinWall] projected 3579 node(s)
Step =    287: nodes = 32475, dt = 8.512789e-11, time = 2.671166e-08, elapsed = 1081.8 sec
[TwinWall] projected 3540 node(s)
Step =    288: nodes = 32461, dt = 1.021535e-10, time = 2.681381e-08, elapsed = 1085.1 sec
[TwinWall] projected 3617 node(s)
Step =    289: nodes = 32459, dt = 1.225842e-10, time = 2.693639e-08, elapsed = 1088.5 sec
[TwinWall] projected 3431 node(s)
Step =    290: nodes = 32447, dt = 7.355050e-11, time = 2.700994e-08, elapsed = 1093.5 sec
[TwinWall] projected 3450 node(s)
Step =    291: nodes = 32439, dt = 7.355050e-11, time = 2.708349e-08, elapsed = 1096.7 sec
[TwinWall] projected 3513 node(s)
Step =    292: nodes = 32447, dt = 8.826060e-11, time = 2.717176e-08, elapsed = 1100.0 sec
[TwinWall] projected 3565 node(s)
Step =    293: nodes = 32424, dt = 1.059127e-10, time = 2.727767e-08, elapsed = 1103.4 sec
[TwinWall] projected 3574 node(s)
Step =    294: nodes = 32401, dt = 1.270953e-10, time = 2.740476e-08, elapsed = 1106.7 sec
[TwinWall] projected 3515 node(s)
Step =    295: nodes = 32411, dt = 7.625716e-11, time = 2.748102e-08, elapsed = 1111.7 sec
[TwinWall] projected 3430 node(s)
Step =    296: nodes = 32379, dt = 7.625716e-11, time = 2.755728e-08, elapsed = 1114.8 sec
[TwinWall] projected 3492 node(s)
Step =    297: nodes = 32403, dt = 9.150859e-11, time = 2.764879e-08, elapsed = 1118.1 sec
[TwinWall] projected 3478 node(s)
Step =    298: nodes = 32378, dt = 1.098103e-10, time = 2.775860e-08, elapsed = 1121.4 sec
[TwinWall] projected 3593 node(s)
Step =    299: nodes = 32371, dt = 1.317724e-10, time = 2.789037e-08, elapsed = 1124.9 sec
[TwinWall] projected 3441 node(s)
Step =    300: nodes = 32390, dt = 7.906342e-11, time = 2.796943e-08, elapsed = 1129.7 sec
Writing configuration in legacy data format
 Output file: /data/home/dg000246b/openDIS/HomeWork/output_relax/config.300.data
Writing restart file
 Restart file: /data/home/dg000246b/openDIS/HomeWork/output_relax/restart.300.exadis
[TwinWall] projected 3546 node(s)
Step =    301: nodes = 32406, dt = 7.906342e-11, time = 2.804850e-08, elapsed = 1133.2 sec
[TwinWall] projected 3583 node(s)
Step =    302: nodes = 32398, dt = 9.487610e-11, time = 2.814337e-08, elapsed = 1136.4 sec
[TwinWall] projected 3598 node(s)
Step =    303: nodes = 32369, dt = 1.138513e-10, time = 2.825722e-08, elapsed = 1139.7 sec
[TwinWall] projected 3549 node(s)
Step =    304: nodes = 32384, dt = 6.831080e-11, time = 2.832553e-08, elapsed = 1144.5 sec
[TwinWall] projected 3530 node(s)
Step =    305: nodes = 32390, dt = 6.831080e-11, time = 2.839384e-08, elapsed = 1147.6 sec
[TwinWall] projected 3552 node(s)
Step =    306: nodes = 32387, dt = 8.197295e-11, time = 2.847582e-08, elapsed = 1150.9 sec
[TwinWall] projected 3559 node(s)
Step =    307: nodes = 32381, dt = 9.836755e-11, time = 2.857419e-08, elapsed = 1154.1 sec
[TwinWall] projected 3583 node(s)
Step =    308: nodes = 32385, dt = 1.180411e-10, time = 2.869223e-08, elapsed = 1157.7 sec
[TwinWall] projected 3651 node(s)
Step =    309: nodes = 32340, dt = 1.416493e-10, time = 2.883388e-08, elapsed = 1161.1 sec
[TwinWall] projected 3463 node(s)
Step =    310: nodes = 32325, dt = 8.498956e-11, time = 2.891887e-08, elapsed = 1166.0 sec
[TwinWall] projected 3496 node(s)
Step =    311: nodes = 32319, dt = 8.498956e-11, time = 2.900385e-08, elapsed = 1169.3 sec
[TwinWall] projected 3532 node(s)
Step =    312: nodes = 32323, dt = 1.019875e-10, time = 2.910584e-08, elapsed = 1172.5 sec
[TwinWall] projected 3532 node(s)
Step =    313: nodes = 32292, dt = 1.223850e-10, time = 2.922823e-08, elapsed = 1175.8 sec
[TwinWall] projected 3599 node(s)
Step =    314: nodes = 32297, dt = 1.468620e-10, time = 2.937509e-08, elapsed = 1179.2 sec
[TwinWall] projected 3512 node(s)
Step =    315: nodes = 32267, dt = 8.811717e-11, time = 2.946321e-08, elapsed = 1184.5 sec
[TwinWall] projected 3468 node(s)
Step =    316: nodes = 32298, dt = 8.811717e-11, time = 2.955132e-08, elapsed = 1187.7 sec
[TwinWall] projected 3606 node(s)
Step =    317: nodes = 32317, dt = 1.057406e-10, time = 2.965706e-08, elapsed = 1191.0 sec
[TwinWall] projected 3634 node(s)
Step =    318: nodes = 32276, dt = 1.268887e-10, time = 2.978395e-08, elapsed = 1194.2 sec
[TwinWall] projected 3513 node(s)
Step =    319: nodes = 32271, dt = 7.613324e-11, time = 2.986009e-08, elapsed = 1199.2 sec
[TwinWall] projected 3482 node(s)
Step =    320: nodes = 32289, dt = 7.613324e-11, time = 2.993622e-08, elapsed = 1202.3 sec
[TwinWall] projected 3567 node(s)
Step =    321: nodes = 32287, dt = 9.135989e-11, time = 3.002758e-08, elapsed = 1205.5 sec
[TwinWall] projected 3543 node(s)
Step =    322: nodes = 32249, dt = 1.096319e-10, time = 3.013721e-08, elapsed = 1208.8 sec
[TwinWall] projected 3485 node(s)
Step =    323: nodes = 32239, dt = 6.577912e-11, time = 3.020299e-08, elapsed = 1213.7 sec
[TwinWall] projected 3427 node(s)
Step =    324: nodes = 32259, dt = 6.577912e-11, time = 3.026877e-08, elapsed = 1216.8 sec
[TwinWall] projected 3422 node(s)
Step =    325: nodes = 32278, dt = 7.893494e-11, time = 3.034770e-08, elapsed = 1220.0 sec
[TwinWall] projected 3554 node(s)
Step =    326: nodes = 32269, dt = 9.472193e-11, time = 3.044243e-08, elapsed = 1223.2 sec
[TwinWall] projected 3513 node(s)
Step =    327: nodes = 32253, dt = 1.136663e-10, time = 3.055609e-08, elapsed = 1226.4 sec
[TwinWall] projected 3525 node(s)
Step =    328: nodes = 32248, dt = 6.819979e-11, time = 3.062429e-08, elapsed = 1231.3 sec
[TwinWall] projected 3417 node(s)
Step =    329: nodes = 32254, dt = 6.819979e-11, time = 3.069249e-08, elapsed = 1234.4 sec
[TwinWall] projected 3361 node(s)
Step =    330: nodes = 32243, dt = 8.183975e-11, time = 3.077433e-08, elapsed = 1237.6 sec
[TwinWall] projected 3513 node(s)
Step =    331: nodes = 32253, dt = 9.820770e-11, time = 3.087254e-08, elapsed = 1240.8 sec
[TwinWall] projected 3573 node(s)
Step =    332: nodes = 32243, dt = 1.178492e-10, time = 3.099039e-08, elapsed = 1244.4 sec
[TwinWall] projected 3492 node(s)
Step =    333: nodes = 32242, dt = 7.070954e-11, time = 3.106110e-08, elapsed = 1249.3 sec
[TwinWall] projected 3406 node(s)
Step =    334: nodes = 32231, dt = 7.070954e-11, time = 3.113181e-08, elapsed = 1252.4 sec
[TwinWall] projected 3450 node(s)
Step =    335: nodes = 32207, dt = 8.485145e-11, time = 3.121666e-08, elapsed = 1255.6 sec
[TwinWall] projected 3524 node(s)
Step =    336: nodes = 32241, dt = 1.018217e-10, time = 3.131848e-08, elapsed = 1258.8 sec
[TwinWall] projected 3547 node(s)
Step =    337: nodes = 32214, dt = 1.221861e-10, time = 3.144067e-08, elapsed = 1262.1 sec
[TwinWall] projected 3635 node(s)
Step =    338: nodes = 32189, dt = 1.466233e-10, time = 3.158729e-08, elapsed = 1265.5 sec
[TwinWall] projected 3540 node(s)
Step =    339: nodes = 32199, dt = 8.797398e-11, time = 3.167526e-08, elapsed = 1270.3 sec
[TwinWall] projected 3513 node(s)
Step =    340: nodes = 32194, dt = 8.797398e-11, time = 3.176324e-08, elapsed = 1273.5 sec
[TwinWall] projected 3504 node(s)
Step =    341: nodes = 32187, dt = 1.055688e-10, time = 3.186881e-08, elapsed = 1276.7 sec
[TwinWall] projected 3633 node(s)
Step =    342: nodes = 32168, dt = 1.266825e-10, time = 3.199549e-08, elapsed = 1280.0 sec
[TwinWall] projected 3422 node(s)
Step =    343: nodes = 32181, dt = 7.600952e-11, time = 3.207150e-08, elapsed = 1284.8 sec
[TwinWall] projected 3473 node(s)
Step =    344: nodes = 32162, dt = 7.600952e-11, time = 3.214751e-08, elapsed = 1288.1 sec
[TwinWall] projected 3500 node(s)
Step =    345: nodes = 32152, dt = 9.121143e-11, time = 3.223872e-08, elapsed = 1291.3 sec
[TwinWall] projected 3549 node(s)
Step =    346: nodes = 32162, dt = 1.094537e-10, time = 3.234817e-08, elapsed = 1294.6 sec
[TwinWall] projected 3562 node(s)
Step =    347: nodes = 32161, dt = 1.313445e-10, time = 3.247952e-08, elapsed = 1297.8 sec
[TwinWall] projected 3480 node(s)
Step =    348: nodes = 32163, dt = 7.880667e-11, time = 3.255832e-08, elapsed = 1302.7 sec
[TwinWall] projected 3458 node(s)
Step =    349: nodes = 32144, dt = 7.880667e-11, time = 3.263713e-08, elapsed = 1306.0 sec
[TwinWall] projected 3549 node(s)
Step =    350: nodes = 32166, dt = 9.456801e-11, time = 3.273170e-08, elapsed = 1309.4 sec
[TwinWall] projected 3466 node(s)
Step =    351: nodes = 32189, dt = 1.134816e-10, time = 3.284518e-08, elapsed = 1312.6 sec
[TwinWall] projected 3611 node(s)
Step =    352: nodes = 32140, dt = 1.361779e-10, time = 3.298136e-08, elapsed = 1315.9 sec
[TwinWall] projected 3392 node(s)
Step =    353: nodes = 32173, dt = 8.170676e-11, time = 3.306307e-08, elapsed = 1320.7 sec
[TwinWall] projected 3489 node(s)
Step =    354: nodes = 32173, dt = 8.170676e-11, time = 3.314477e-08, elapsed = 1324.0 sec
[TwinWall] projected 3473 node(s)
Step =    355: nodes = 32151, dt = 9.804811e-11, time = 3.324282e-08, elapsed = 1327.2 sec
[TwinWall] projected 3562 node(s)
Step =    356: nodes = 32140, dt = 1.176577e-10, time = 3.336048e-08, elapsed = 1330.5 sec
[TwinWall] projected 3559 node(s)
Step =    357: nodes = 32136, dt = 1.411893e-10, time = 3.350167e-08, elapsed = 1333.8 sec
[TwinWall] projected 3484 node(s)
Step =    358: nodes = 32147, dt = 8.471357e-11, time = 3.358638e-08, elapsed = 1338.7 sec
[TwinWall] projected 3564 node(s)
Step =    359: nodes = 32141, dt = 8.471357e-11, time = 3.367109e-08, elapsed = 1342.0 sec
[TwinWall] projected 3493 node(s)
Step =    360: nodes = 32142, dt = 1.016563e-10, time = 3.377275e-08, elapsed = 1345.2 sec
[TwinWall] projected 3614 node(s)
Step =    361: nodes = 32129, dt = 1.219875e-10, time = 3.389474e-08, elapsed = 1348.5 sec
[TwinWall] projected 3409 node(s)
Step =    362: nodes = 32119, dt = 7.319252e-11, time = 3.396793e-08, elapsed = 1353.3 sec
[TwinWall] projected 3402 node(s)
Step =    363: nodes = 32121, dt = 7.319252e-11, time = 3.404112e-08, elapsed = 1356.4 sec
[TwinWall] projected 3456 node(s)
Step =    364: nodes = 32112, dt = 8.783103e-11, time = 3.412895e-08, elapsed = 1359.6 sec
[TwinWall] projected 3444 node(s)
Step =    365: nodes = 32097, dt = 1.053972e-10, time = 3.423435e-08, elapsed = 1362.8 sec
[TwinWall] projected 3501 node(s)
Step =    366: nodes = 32096, dt = 1.264767e-10, time = 3.436083e-08, elapsed = 1366.3 sec
[TwinWall] projected 3389 node(s)
Step =    367: nodes = 32098, dt = 7.588601e-11, time = 3.443671e-08, elapsed = 1371.1 sec
[TwinWall] projected 3353 node(s)
Step =    368: nodes = 32116, dt = 7.588601e-11, time = 3.451260e-08, elapsed = 1374.3 sec
[TwinWall] projected 3411 node(s)
Step =    369: nodes = 32100, dt = 9.106321e-11, time = 3.460366e-08, elapsed = 1377.6 sec
[TwinWall] projected 3433 node(s)
Step =    370: nodes = 32085, dt = 1.092758e-10, time = 3.471294e-08, elapsed = 1380.8 sec
[TwinWall] projected 3379 node(s)
Step =    371: nodes = 32096, dt = 6.556551e-11, time = 3.477851e-08, elapsed = 1385.6 sec
[TwinWall] projected 3282 node(s)
Step =    372: nodes = 32083, dt = 6.556551e-11, time = 3.484407e-08, elapsed = 1388.7 sec
[TwinWall] projected 3399 node(s)
Step =    373: nodes = 32098, dt = 7.867861e-11, time = 3.492275e-08, elapsed = 1391.9 sec
[TwinWall] projected 3408 node(s)
Step =    374: nodes = 32102, dt = 9.441433e-11, time = 3.501716e-08, elapsed = 1395.3 sec
[TwinWall] projected 3466 node(s)
Step =    375: nodes = 32058, dt = 1.132972e-10, time = 3.513046e-08, elapsed = 1398.5 sec
[TwinWall] projected 3373 node(s)
Step =    376: nodes = 32058, dt = 6.797832e-11, time = 3.519844e-08, elapsed = 1403.3 sec
[TwinWall] projected 3323 node(s)
Step =    377: nodes = 32084, dt = 6.797832e-11, time = 3.526642e-08, elapsed = 1406.4 sec
[TwinWall] projected 3444 node(s)
Step =    378: nodes = 32064, dt = 8.157398e-11, time = 3.534799e-08, elapsed = 1409.5 sec
[TwinWall] projected 3398 node(s)
Step =    379: nodes = 32080, dt = 9.788878e-11, time = 3.544588e-08, elapsed = 1412.7 sec
[TwinWall] projected 3416 node(s)
Step =    380: nodes = 32046, dt = 1.174665e-10, time = 3.556335e-08, elapsed = 1416.0 sec
[TwinWall] projected 3337 node(s)
Step =    381: nodes = 32069, dt = 7.047992e-11, time = 3.563383e-08, elapsed = 1420.8 sec
[TwinWall] projected 3374 node(s)
Step =    382: nodes = 32057, dt = 7.047992e-11, time = 3.570431e-08, elapsed = 1424.0 sec
[TwinWall] projected 3391 node(s)
Step =    383: nodes = 32072, dt = 8.457591e-11, time = 3.578888e-08, elapsed = 1427.4 sec
[TwinWall] projected 3420 node(s)
Step =    384: nodes = 32074, dt = 1.014911e-10, time = 3.589037e-08, elapsed = 1430.6 sec
[TwinWall] projected 3463 node(s)
Step =    385: nodes = 32045, dt = 1.217893e-10, time = 3.601216e-08, elapsed = 1433.9 sec
[TwinWall] projected 3425 node(s)
Step =    386: nodes = 32053, dt = 7.307358e-11, time = 3.608524e-08, elapsed = 1438.6 sec
[TwinWall] projected 3383 node(s)
Step =    387: nodes = 32035, dt = 7.307358e-11, time = 3.615831e-08, elapsed = 1441.8 sec
[TwinWall] projected 3351 node(s)
Step =    388: nodes = 32066, dt = 8.768830e-11, time = 3.624600e-08, elapsed = 1445.0 sec
[TwinWall] projected 3421 node(s)
Step =    389: nodes = 32047, dt = 1.052260e-10, time = 3.635122e-08, elapsed = 1448.2 sec
[TwinWall] projected 3487 node(s)
Step =    390: nodes = 32020, dt = 1.262712e-10, time = 3.647750e-08, elapsed = 1451.5 sec
[TwinWall] projected 3334 node(s)
Step =    391: nodes = 32030, dt = 7.576269e-11, time = 3.655326e-08, elapsed = 1456.4 sec
[TwinWall] projected 3398 node(s)
Step =    392: nodes = 32033, dt = 7.576269e-11, time = 3.662902e-08, elapsed = 1459.5 sec
[TwinWall] projected 3425 node(s)
Step =    393: nodes = 32037, dt = 9.091523e-11, time = 3.671994e-08, elapsed = 1462.7 sec
[TwinWall] projected 3418 node(s)
Step =    394: nodes = 32039, dt = 1.090983e-10, time = 3.682903e-08, elapsed = 1465.9 sec
[TwinWall] projected 3462 node(s)
Step =    395: nodes = 32012, dt = 1.309179e-10, time = 3.695995e-08, elapsed = 1469.3 sec
[TwinWall] projected 3406 node(s)
Step =    396: nodes = 31998, dt = 7.855076e-11, time = 3.703850e-08, elapsed = 1474.0 sec
[TwinWall] projected 3369 node(s)
Step =    397: nodes = 31999, dt = 7.855076e-11, time = 3.711705e-08, elapsed = 1477.2 sec
[TwinWall] projected 3418 node(s)
Step =    398: nodes = 32010, dt = 9.426091e-11, time = 3.721131e-08, elapsed = 1480.3 sec
[TwinWall] projected 3408 node(s)
Step =    399: nodes = 32014, dt = 1.131131e-10, time = 3.732443e-08, elapsed = 1483.6 sec
[TwinWall] projected 3301 node(s)
Step =    400: nodes = 32020, dt = 6.786786e-11, time = 3.739230e-08, elapsed = 1488.2 sec
Writing configuration in legacy data format
 Output file: /data/home/dg000246b/openDIS/HomeWork/output_relax/config.400.data
Writing restart file
 Restart file: /data/home/dg000246b/openDIS/HomeWork/output_relax/restart.400.exadis
[TwinWall] projected 3320 node(s)
Step =    401: nodes = 32011, dt = 6.786786e-11, time = 3.746016e-08, elapsed = 1491.8 sec
[TwinWall] projected 3335 node(s)
Step =    402: nodes = 32024, dt = 8.144143e-11, time = 3.754161e-08, elapsed = 1495.0 sec
[TwinWall] projected 3389 node(s)
Step =    403: nodes = 32007, dt = 9.772971e-11, time = 3.763933e-08, elapsed = 1498.2 sec
[TwinWall] projected 3464 node(s)
Step =    404: nodes = 31997, dt = 1.172757e-10, time = 3.775661e-08, elapsed = 1501.4 sec
[TwinWall] projected 3334 node(s)
Step =    405: nodes = 31994, dt = 7.036539e-11, time = 3.782698e-08, elapsed = 1506.2 sec
[TwinWall] projected 3320 node(s)
Step =    406: nodes = 31997, dt = 7.036539e-11, time = 3.789734e-08, elapsed = 1509.3 sec
[TwinWall] projected 3328 node(s)
Step =    407: nodes = 32022, dt = 8.443847e-11, time = 3.798178e-08, elapsed = 1512.4 sec
[TwinWall] projected 3373 node(s)
Step =    408: nodes = 32023, dt = 1.013262e-10, time = 3.808311e-08, elapsed = 1515.8 sec
[TwinWall] projected 3434 node(s)
Step =    409: nodes = 32009, dt = 1.215914e-10, time = 3.820470e-08, elapsed = 1519.1 sec
[TwinWall] projected 3315 node(s)
Step =    410: nodes = 32016, dt = 7.295484e-11, time = 3.827765e-08, elapsed = 1523.8 sec
[TwinWall] projected 3259 node(s)
Step =    411: nodes = 32012, dt = 7.295484e-11, time = 3.835061e-08, elapsed = 1527.0 sec
[TwinWall] projected 3389 node(s)
Step =    412: nodes = 32004, dt = 8.754581e-11, time = 3.843815e-08, elapsed = 1530.2 sec
[TwinWall] projected 3440 node(s)
Step =    413: nodes = 31996, dt = 1.050550e-10, time = 3.854321e-08, elapsed = 1533.3 sec
[TwinWall] projected 3467 node(s)
Step =    414: nodes = 31981, dt = 1.260660e-10, time = 3.866927e-08, elapsed = 1536.6 sec
[TwinWall] projected 3313 node(s)
Step =    415: nodes = 31980, dt = 7.563958e-11, time = 3.874491e-08, elapsed = 1541.3 sec
[TwinWall] projected 3411 node(s)
Step =    416: nodes = 31979, dt = 7.563958e-11, time = 3.882055e-08, elapsed = 1544.8 sec
[TwinWall] projected 3414 node(s)
Step =    417: nodes = 31999, dt = 9.076749e-11, time = 3.891132e-08, elapsed = 1547.9 sec
[TwinWall] projected 3411 node(s)
Step =    418: nodes = 31970, dt = 1.089210e-10, time = 3.902024e-08, elapsed = 1551.1 sec
[TwinWall] projected 3428 node(s)
Step =    419: nodes = 31962, dt = 1.307052e-10, time = 3.915095e-08, elapsed = 1554.3 sec
[TwinWall] projected 3370 node(s)
Step =    420: nodes = 31955, dt = 7.842311e-11, time = 3.922937e-08, elapsed = 1559.1 sec
[TwinWall] projected 3267 node(s)
Step =    421: nodes = 31946, dt = 7.842311e-11, time = 3.930779e-08, elapsed = 1562.2 sec
[TwinWall] projected 3411 node(s)
Step =    422: nodes = 31934, dt = 9.410774e-11, time = 3.940190e-08, elapsed = 1565.4 sec
[TwinWall] projected 3393 node(s)
Step =    423: nodes = 31959, dt = 1.129293e-10, time = 3.951483e-08, elapsed = 1568.5 sec
[TwinWall] projected 3371 node(s)
Step =    424: nodes = 31938, dt = 6.775757e-11, time = 3.958259e-08, elapsed = 1573.2 sec
[TwinWall] projected 3314 node(s)
Step =    425: nodes = 31940, dt = 6.775757e-11, time = 3.965034e-08, elapsed = 1576.5 sec
[TwinWall] projected 3228 node(s)
Step =    426: nodes = 31936, dt = 8.130908e-11, time = 3.973165e-08, elapsed = 1579.6 sec
[TwinWall] projected 3374 node(s)
Step =    427: nodes = 31951, dt = 9.757090e-11, time = 3.982922e-08, elapsed = 1582.8 sec
[TwinWall] projected 3351 node(s)
Step =    428: nodes = 31935, dt = 1.170851e-10, time = 3.994631e-08, elapsed = 1586.0 sec
[TwinWall] projected 3374 node(s)
Step =    429: nodes = 31918, dt = 7.025105e-11, time = 4.001656e-08, elapsed = 1590.8 sec
[TwinWall] projected 3256 node(s)
Step =    430: nodes = 31936, dt = 7.025105e-11, time = 4.008681e-08, elapsed = 1593.9 sec
[TwinWall] projected 3186 node(s)
Step =    431: nodes = 31942, dt = 8.430126e-11, time = 4.017111e-08, elapsed = 1597.0 sec
[TwinWall] projected 3339 node(s)
Step =    432: nodes = 31934, dt = 1.011615e-10, time = 4.027227e-08, elapsed = 1600.2 sec
[TwinWall] projected 3422 node(s)
Step =    433: nodes = 31912, dt = 1.213938e-10, time = 4.039367e-08, elapsed = 1603.5 sec
[TwinWall] projected 3453 node(s)
Step =    434: nodes = 31922, dt = 1.456726e-10, time = 4.053934e-08, elapsed = 1606.8 sec
[TwinWall] projected 3442 node(s)
Step =    435: nodes = 31927, dt = 8.740355e-11, time = 4.062674e-08, elapsed = 1611.6 sec
[TwinWall] projected 3379 node(s)
Step =    436: nodes = 31927, dt = 8.740355e-11, time = 4.071415e-08, elapsed = 1614.8 sec
[TwinWall] projected 3414 node(s)
Step =    437: nodes = 31915, dt = 1.048843e-10, time = 4.081903e-08, elapsed = 1618.0 sec
[TwinWall] projected 3433 node(s)
Step =    438: nodes = 31920, dt = 1.258611e-10, time = 4.094489e-08, elapsed = 1621.2 sec
[TwinWall] projected 3404 node(s)
Step =    439: nodes = 31928, dt = 7.551666e-11, time = 4.102041e-08, elapsed = 1625.9 sec
[TwinWall] projected 3389 node(s)
Step =    440: nodes = 31927, dt = 7.551666e-11, time = 4.109593e-08, elapsed = 1629.0 sec
[TwinWall] projected 3479 node(s)
Step =    441: nodes = 31942, dt = 9.062000e-11, time = 4.118655e-08, elapsed = 1632.1 sec
[TwinWall] projected 3457 node(s)
Step =    442: nodes = 31932, dt = 1.087440e-10, time = 4.129529e-08, elapsed = 1635.5 sec
[TwinWall] projected 3506 node(s)
Step =    443: nodes = 31905, dt = 1.304928e-10, time = 4.142578e-08, elapsed = 1638.7 sec
[TwinWall] projected 3390 node(s)
Step =    444: nodes = 31893, dt = 7.829568e-11, time = 4.150408e-08, elapsed = 1643.4 sec
[TwinWall] projected 3407 node(s)
Step =    445: nodes = 31918, dt = 7.829568e-11, time = 4.158238e-08, elapsed = 1646.5 sec
[TwinWall] projected 3447 node(s)
Step =    446: nodes = 31925, dt = 9.395481e-11, time = 4.167633e-08, elapsed = 1649.7 sec
[TwinWall] projected 3471 node(s)
Step =    447: nodes = 31952, dt = 1.127458e-10, time = 4.178908e-08, elapsed = 1652.9 sec
[TwinWall] projected 3392 node(s)
Step =    448: nodes = 31956, dt = 6.764746e-11, time = 4.185672e-08, elapsed = 1657.6 sec
[TwinWall] projected 3323 node(s)
Step =    449: nodes = 31974, dt = 6.764746e-11, time = 4.192437e-08, elapsed = 1660.6 sec
[TwinWall] projected 3409 node(s)
Step =    450: nodes = 31997, dt = 8.117696e-11, time = 4.200555e-08, elapsed = 1663.8 sec
[TwinWall] projected 3444 node(s)
Step =    451: nodes = 32004, dt = 9.741235e-11, time = 4.210296e-08, elapsed = 1667.0 sec
[TwinWall] projected 3484 node(s)
Step =    452: nodes = 31985, dt = 1.168948e-10, time = 4.221985e-08, elapsed = 1670.2 sec
[TwinWall] projected 3378 node(s)
Step =    453: nodes = 32007, dt = 7.013689e-11, time = 4.228999e-08, elapsed = 1674.9 sec
[TwinWall] projected 3327 node(s)
Step =    454: nodes = 31990, dt = 7.013689e-11, time = 4.236013e-08, elapsed = 1678.1 sec
[TwinWall] projected 3355 node(s)
Step =    455: nodes = 31995, dt = 8.416427e-11, time = 4.244429e-08, elapsed = 1681.2 sec
[TwinWall] projected 3462 node(s)
Step =    456: nodes = 31979, dt = 1.009971e-10, time = 4.254529e-08, elapsed = 1684.3 sec
[TwinWall] projected 3475 node(s)
Step =    457: nodes = 31980, dt = 1.211965e-10, time = 4.266649e-08, elapsed = 1687.5 sec
[TwinWall] projected 3406 node(s)
Step =    458: nodes = 31970, dt = 7.271793e-11, time = 4.273920e-08, elapsed = 1692.3 sec
[TwinWall] projected 3318 node(s)
Step =    459: nodes = 31977, dt = 7.271793e-11, time = 4.281192e-08, elapsed = 1695.6 sec
[TwinWall] projected 3383 node(s)
Step =    460: nodes = 31994, dt = 8.726151e-11, time = 4.289918e-08, elapsed = 1698.8 sec
[TwinWall] projected 3421 node(s)
Step =    461: nodes = 31994, dt = 1.047138e-10, time = 4.300390e-08, elapsed = 1702.0 sec
[TwinWall] projected 3404 node(s)
Step =    462: nodes = 31980, dt = 1.256566e-10, time = 4.312955e-08, elapsed = 1705.2 sec
[TwinWall] projected 3322 node(s)
Step =    463: nodes = 31976, dt = 7.539395e-11, time = 4.320495e-08, elapsed = 1710.0 sec
[TwinWall] projected 3296 node(s)
Step =    464: nodes = 31990, dt = 7.539395e-11, time = 4.328034e-08, elapsed = 1713.1 sec
[TwinWall] projected 3357 node(s)
Step =    465: nodes = 31969, dt = 9.047274e-11, time = 4.337081e-08, elapsed = 1716.3 sec
[TwinWall] projected 3359 node(s)
Step =    466: nodes = 31964, dt = 1.085673e-10, time = 4.347938e-08, elapsed = 1719.5 sec
[TwinWall] projected 3320 node(s)
Step =    467: nodes = 31975, dt = 6.514037e-11, time = 4.354452e-08, elapsed = 1724.3 sec
[TwinWall] projected 3219 node(s)
Step =    468: nodes = 31981, dt = 6.514037e-11, time = 4.360966e-08, elapsed = 1727.5 sec
[TwinWall] projected 3288 node(s)
Step =    469: nodes = 31976, dt = 7.816845e-11, time = 4.368783e-08, elapsed = 1730.6 sec
[TwinWall] projected 3364 node(s)
Step =    470: nodes = 31964, dt = 9.380213e-11, time = 4.378163e-08, elapsed = 1733.8 sec
[TwinWall] projected 3348 node(s)
Step =    471: nodes = 31959, dt = 1.125626e-10, time = 4.389420e-08, elapsed = 1737.0 sec
[TwinWall] projected 3445 node(s)
Step =    472: nodes = 31955, dt = 1.350751e-10, time = 4.402927e-08, elapsed = 1740.2 sec
[TwinWall] projected 3248 node(s)
Step =    473: nodes = 31939, dt = 8.104504e-11, time = 4.411032e-08, elapsed = 1745.0 sec
[TwinWall] projected 3362 node(s)
Step =    474: nodes = 31948, dt = 8.104504e-11, time = 4.419136e-08, elapsed = 1748.1 sec
[TwinWall] projected 3393 node(s)
Step =    475: nodes = 31954, dt = 9.725405e-11, time = 4.428862e-08, elapsed = 1751.3 sec
[TwinWall] projected 3397 node(s)
Step =    476: nodes = 31958, dt = 1.167049e-10, time = 4.440532e-08, elapsed = 1754.5 sec
[TwinWall] projected 3317 node(s)
Step =    477: nodes = 31946, dt = 7.002292e-11, time = 4.447534e-08, elapsed = 1759.3 sec
[TwinWall] projected 3336 node(s)
Step =    478: nodes = 31949, dt = 7.002292e-11, time = 4.454537e-08, elapsed = 1762.4 sec
[TwinWall] projected 3327 node(s)
Step =    479: nodes = 31929, dt = 8.402750e-11, time = 4.462939e-08, elapsed = 1765.5 sec
[TwinWall] projected 3331 node(s)
Step =    480: nodes = 31911, dt = 1.008330e-10, time = 4.473023e-08, elapsed = 1768.7 sec
[TwinWall] projected 3365 node(s)
Step =    481: nodes = 31907, dt = 1.209996e-10, time = 4.485123e-08, elapsed = 1772.0 sec
[TwinWall] projected 3309 node(s)
Step =    482: nodes = 31922, dt = 7.259976e-11, time = 4.492383e-08, elapsed = 1776.8 sec
[TwinWall] projected 3289 node(s)
Step =    483: nodes = 31941, dt = 7.259976e-11, time = 4.499643e-08, elapsed = 1779.9 sec
[TwinWall] projected 3297 node(s)
Step =    484: nodes = 31943, dt = 8.711971e-11, time = 4.508355e-08, elapsed = 1783.0 sec
[TwinWall] projected 3345 node(s)
Step =    485: nodes = 31946, dt = 1.045437e-10, time = 4.518809e-08, elapsed = 1786.5 sec
[TwinWall] projected 3395 node(s)
Step =    486: nodes = 31921, dt = 1.254524e-10, time = 4.531354e-08, elapsed = 1789.7 sec
[TwinWall] projected 3266 node(s)
Step =    487: nodes = 31944, dt = 7.527143e-11, time = 4.538881e-08, elapsed = 1794.4 sec
[TwinWall] projected 3266 node(s)
Step =    488: nodes = 31923, dt = 7.527143e-11, time = 4.546408e-08, elapsed = 1797.6 sec
[TwinWall] projected 3318 node(s)
Step =    489: nodes = 31920, dt = 9.032572e-11, time = 4.555441e-08, elapsed = 1800.8 sec
[TwinWall] projected 3339 node(s)
Step =    490: nodes = 31937, dt = 1.083909e-10, time = 4.566280e-08, elapsed = 1803.9 sec
[TwinWall] projected 3368 node(s)
Step =    491: nodes = 31911, dt = 1.300690e-10, time = 4.579287e-08, elapsed = 1807.1 sec
[TwinWall] projected 3321 node(s)
Step =    492: nodes = 31923, dt = 7.804142e-11, time = 4.587091e-08, elapsed = 1811.9 sec
[TwinWall] projected 3313 node(s)
Step =    493: nodes = 31906, dt = 7.804142e-11, time = 4.594895e-08, elapsed = 1815.2 sec
[TwinWall] projected 3359 node(s)
Step =    494: nodes = 31939, dt = 9.364971e-11, time = 4.604260e-08, elapsed = 1818.3 sec
[TwinWall] projected 3357 node(s)
Step =    495: nodes = 31918, dt = 1.123796e-10, time = 4.615498e-08, elapsed = 1821.5 sec
[TwinWall] projected 3406 node(s)
Step =    496: nodes = 31931, dt = 1.348556e-10, time = 4.628984e-08, elapsed = 1824.8 sec
[TwinWall] projected 3034 node(s)
Step =    497: nodes = 31939, dt = 4.045667e-11, time = 4.633029e-08, elapsed = 1831.1 sec
[TwinWall] projected 2879 node(s)
Step =    498: nodes = 31923, dt = 4.045667e-11, time = 4.637075e-08, elapsed = 1834.1 sec
[TwinWall] projected 2986 node(s)
Step =    499: nodes = 31920, dt = 4.854801e-11, time = 4.641930e-08, elapsed = 1837.2 sec
[TwinWall] projected 3101 node(s)
Step =    500: nodes = 31905, dt = 5.825761e-11, time = 4.647756e-08, elapsed = 1840.3 sec
Writing configuration in legacy data format
 Output file: /data/home/dg000246b/openDIS/HomeWork/output_relax/config.500.data
Writing restart file
 Restart file: /data/home/dg000246b/openDIS/HomeWork/output_relax/restart.500.exadis
[TwinWall] projected 3110 node(s)
Step =    501: nodes = 31917, dt = 6.990913e-11, time = 4.654747e-08, elapsed = 1843.8 sec
[TwinWall] projected 3124 node(s)
Step =    502: nodes = 31929, dt = 8.389096e-11, time = 4.663136e-08, elapsed = 1847.0 sec
[TwinWall] projected 3283 node(s)
Step =    503: nodes = 31921, dt = 1.006691e-10, time = 4.673203e-08, elapsed = 1850.2 sec
[TwinWall] projected 3336 node(s)
Step =    504: nodes = 31907, dt = 1.208030e-10, time = 4.685283e-08, elapsed = 1853.4 sec
[TwinWall] projected 3294 node(s)
Step =    505: nodes = 31896, dt = 7.248179e-11, time = 4.692531e-08, elapsed = 1858.2 sec
[TwinWall] projected 3192 node(s)
Step =    506: nodes = 31911, dt = 7.248179e-11, time = 4.699779e-08, elapsed = 1861.3 sec
[TwinWall] projected 3308 node(s)
Step =    507: nodes = 31927, dt = 8.697814e-11, time = 4.708477e-08, elapsed = 1864.4 sec
[TwinWall] projected 3290 node(s)
Step =    508: nodes = 31910, dt = 1.043738e-10, time = 4.718914e-08, elapsed = 1867.6 sec
[TwinWall] projected 3158 node(s)
Step =    509: nodes = 31879, dt = 6.262426e-11, time = 4.725177e-08, elapsed = 1872.2 sec
[TwinWall] projected 3231 node(s)
Step =    510: nodes = 31878, dt = 6.262426e-11, time = 4.731439e-08, elapsed = 1875.6 sec
[TwinWall] projected 3245 node(s)
Step =    511: nodes = 31899, dt = 7.514912e-11, time = 4.738954e-08, elapsed = 1878.7 sec
[TwinWall] projected 3211 node(s)
Step =    512: nodes = 31899, dt = 9.017894e-11, time = 4.747972e-08, elapsed = 1881.9 sec
[TwinWall] projected 3281 node(s)
Step =    513: nodes = 31911, dt = 1.082147e-10, time = 4.758794e-08, elapsed = 1885.1 sec
[TwinWall] projected 3209 node(s)
Step =    514: nodes = 31910, dt = 6.492884e-11, time = 4.765286e-08, elapsed = 1889.8 sec
[TwinWall] projected 3191 node(s)
Step =    515: nodes = 31940, dt = 6.492884e-11, time = 4.771779e-08, elapsed = 1893.0 sec
[TwinWall] projected 3148 node(s)
Step =    516: nodes = 31938, dt = 7.791460e-11, time = 4.779571e-08, elapsed = 1896.0 sec
[TwinWall] projected 3269 node(s)
Step =    517: nodes = 31937, dt = 9.349753e-11, time = 4.788921e-08, elapsed = 1899.2 sec
[TwinWall] projected 3228 node(s)
Step =    518: nodes = 31946, dt = 1.121970e-10, time = 4.800140e-08, elapsed = 1902.4 sec
[TwinWall] projected 3260 node(s)
Step =    519: nodes = 31917, dt = 6.731822e-11, time = 4.806872e-08, elapsed = 1907.3 sec
[TwinWall] projected 3251 node(s)
Step =    520: nodes = 31911, dt = 6.731822e-11, time = 4.813604e-08, elapsed = 1910.4 sec
[TwinWall] projected 3245 node(s)
Step =    521: nodes = 31942, dt = 8.078186e-11, time = 4.821682e-08, elapsed = 1913.5 sec
[TwinWall] projected 3295 node(s)
Step =    522: nodes = 31938, dt = 9.693823e-11, time = 4.831376e-08, elapsed = 1916.6 sec
[TwinWall] projected 3263 node(s)
Step =    523: nodes = 31905, dt = 1.163259e-10, time = 4.843008e-08, elapsed = 1919.8 sec
[TwinWall] projected 3176 node(s)
Step =    524: nodes = 31926, dt = 6.979553e-11, time = 4.849988e-08, elapsed = 1924.6 sec
[TwinWall] projected 3178 node(s)
Step =    525: nodes = 31933, dt = 6.979553e-11, time = 4.856968e-08, elapsed = 1927.7 sec
[TwinWall] projected 3140 node(s)
Step =    526: nodes = 31935, dt = 8.375463e-11, time = 4.865343e-08, elapsed = 1930.8 sec
[TwinWall] projected 3271 node(s)
Step =    527: nodes = 31936, dt = 1.005056e-10, time = 4.875394e-08, elapsed = 1934.1 sec
[TwinWall] projected 3334 node(s)
Step =    528: nodes = 31908, dt = 1.206067e-10, time = 4.887454e-08, elapsed = 1937.4 sec
[TwinWall] projected 3238 node(s)
Step =    529: nodes = 31920, dt = 7.236400e-11, time = 4.894691e-08, elapsed = 1942.1 sec
[TwinWall] projected 3161 node(s)
Step =    530: nodes = 31916, dt = 7.236400e-11, time = 4.901927e-08, elapsed = 1945.3 sec
[TwinWall] projected 3292 node(s)
Step =    531: nodes = 31916, dt = 8.683680e-11, time = 4.910611e-08, elapsed = 1948.5 sec
[TwinWall] projected 3258 node(s)
Step =    532: nodes = 31922, dt = 1.042042e-10, time = 4.921031e-08, elapsed = 1951.6 sec
[TwinWall] projected 3249 node(s)
Step =    533: nodes = 31931, dt = 6.252250e-11, time = 4.927283e-08, elapsed = 1956.4 sec
[TwinWall] projected 3277 node(s)
Step =    534: nodes = 31930, dt = 6.252250e-11, time = 4.933536e-08, elapsed = 1959.5 sec
[TwinWall] projected 3260 node(s)
Step =    535: nodes = 31942, dt = 7.502700e-11, time = 4.941038e-08, elapsed = 1962.6 sec
[TwinWall] projected 3290 node(s)
Step =    536: nodes = 31947, dt = 9.003240e-11, time = 4.950042e-08, elapsed = 1965.9 sec
[TwinWall] projected 3308 node(s)
Step =    537: nodes = 31937, dt = 1.080389e-10, time = 4.960846e-08, elapsed = 1969.1 sec
[TwinWall] projected 3216 node(s)
Step =    538: nodes = 31922, dt = 6.482333e-11, time = 4.967328e-08, elapsed = 1973.8 sec
[TwinWall] projected 3181 node(s)
Step =    539: nodes = 31936, dt = 6.482333e-11, time = 4.973810e-08, elapsed = 1977.1 sec
[TwinWall] projected 3174 node(s)
Step =    540: nodes = 31952, dt = 7.778799e-11, time = 4.981589e-08, elapsed = 1980.1 sec
[TwinWall] projected 3266 node(s)
Step =    541: nodes = 31940, dt = 9.334559e-11, time = 4.990924e-08, elapsed = 1983.3 sec
[TwinWall] projected 3229 node(s)
Step =    542: nodes = 31933, dt = 1.120147e-10, time = 5.002125e-08, elapsed = 1986.4 sec
[TwinWall] projected 3351 node(s)
Step =    543: nodes = 31923, dt = 1.344177e-10, time = 5.015567e-08, elapsed = 1989.7 sec
[TwinWall] projected 3133 node(s)
Step =    544: nodes = 31910, dt = 8.065059e-11, time = 5.023632e-08, elapsed = 1994.4 sec
[TwinWall] projected 3205 node(s)
Step =    545: nodes = 31895, dt = 8.065059e-11, time = 5.031697e-08, elapsed = 1997.6 sec
[TwinWall] projected 3228 node(s)
Step =    546: nodes = 31891, dt = 9.678071e-11, time = 5.041375e-08, elapsed = 2000.7 sec
[TwinWall] projected 3334 node(s)
Step =    547: nodes = 31898, dt = 1.161369e-10, time = 5.052989e-08, elapsed = 2004.0 sec
[TwinWall] projected 3191 node(s)
Step =    548: nodes = 31905, dt = 6.968211e-11, time = 5.059957e-08, elapsed = 2008.8 sec
[TwinWall] projected 3243 node(s)
Step =    549: nodes = 31927, dt = 6.968211e-11, time = 5.066925e-08, elapsed = 2012.0 sec
[TwinWall] projected 3260 node(s)
Step =    550: nodes = 31941, dt = 8.361853e-11, time = 5.075287e-08, elapsed = 2015.2 sec
[TwinWall] projected 3300 node(s)
Step =    551: nodes = 31940, dt = 1.003422e-10, time = 5.085321e-08, elapsed = 2018.4 sec
[TwinWall] projected 3306 node(s)
Step =    552: nodes = 31950, dt = 1.204107e-10, time = 5.097362e-08, elapsed = 2021.6 sec
[TwinWall] projected 3293 node(s)
Step =    553: nodes = 31955, dt = 7.224641e-11, time = 5.104587e-08, elapsed = 2026.6 sec
[TwinWall] projected 3207 node(s)
Step =    554: nodes = 31961, dt = 7.224641e-11, time = 5.111811e-08, elapsed = 2029.8 sec
[TwinWall] projected 3135 node(s)
Step =    555: nodes = 31953, dt = 8.669569e-11, time = 5.120481e-08, elapsed = 2032.9 sec
[TwinWall] projected 3338 node(s)
Step =    556: nodes = 31924, dt = 1.040348e-10, time = 5.130885e-08, elapsed = 2036.1 sec
[TwinWall] projected 3404 node(s)
Step =    557: nodes = 31936, dt = 1.248418e-10, time = 5.143369e-08, elapsed = 2039.4 sec
[TwinWall] projected 3472 node(s)
Step =    558: nodes = 31951, dt = 1.498102e-10, time = 5.158350e-08, elapsed = 2042.7 sec
[TwinWall] projected 3291 node(s)
Step =    559: nodes = 31953, dt = 4.494305e-11, time = 5.162844e-08, elapsed = 2049.1 sec
[TwinWall] projected 3191 node(s)
Step =    560: nodes = 31965, dt = 4.494305e-11, time = 5.167338e-08, elapsed = 2052.2 sec
[TwinWall] projected 3124 node(s)
Step =    561: nodes = 31961, dt = 5.393166e-11, time = 5.172732e-08, elapsed = 2055.7 sec
[TwinWall] projected 3232 node(s)
Step =    562: nodes = 31966, dt = 6.471799e-11, time = 5.179203e-08, elapsed = 2058.8 sec
[TwinWall] projected 3293 node(s)
Step =    563: nodes = 31944, dt = 7.766159e-11, time = 5.186969e-08, elapsed = 2062.0 sec
[TwinWall] projected 3307 node(s)
Step =    564: nodes = 31962, dt = 9.319390e-11, time = 5.196289e-08, elapsed = 2065.3 sec
[TwinWall] projected 3283 node(s)
Step =    565: nodes = 31945, dt = 1.118327e-10, time = 5.207472e-08, elapsed = 2068.4 sec
[TwinWall] projected 3381 node(s)
Step =    566: nodes = 31919, dt = 1.341992e-10, time = 5.220892e-08, elapsed = 2071.7 sec
[TwinWall] projected 3156 node(s)
Step =    567: nodes = 31939, dt = 8.051953e-11, time = 5.228944e-08, elapsed = 2076.4 sec
[TwinWall] projected 3282 node(s)
Step =    568: nodes = 31920, dt = 8.051953e-11, time = 5.236996e-08, elapsed = 2079.6 sec
[TwinWall] projected 3309 node(s)
Step =    569: nodes = 31911, dt = 9.662344e-11, time = 5.246658e-08, elapsed = 2082.7 sec
[TwinWall] projected 3367 node(s)
Step =    570: nodes = 31919, dt = 1.159481e-10, time = 5.258253e-08, elapsed = 2086.1 sec
[TwinWall] projected 3436 node(s)
Step =    571: nodes = 31885, dt = 1.391378e-10, time = 5.272167e-08, elapsed = 2089.4 sec
[TwinWall] projected 3233 node(s)
Step =    572: nodes = 31895, dt = 8.348265e-11, time = 5.280515e-08, elapsed = 2094.2 sec
[TwinWall] projected 3272 node(s)
Step =    573: nodes = 31915, dt = 8.348265e-11, time = 5.288863e-08, elapsed = 2097.4 sec
[TwinWall] projected 3246 node(s)
Step =    574: nodes = 31908, dt = 1.001792e-10, time = 5.298881e-08, elapsed = 2100.5 sec
[TwinWall] projected 3312 node(s)
Step =    575: nodes = 31905, dt = 1.202150e-10, time = 5.310903e-08, elapsed = 2103.7 sec
[TwinWall] projected 3157 node(s)
Step =    576: nodes = 31903, dt = 7.212901e-11, time = 5.318116e-08, elapsed = 2108.5 sec
[TwinWall] projected 3155 node(s)
Step =    577: nodes = 31917, dt = 7.212901e-11, time = 5.325329e-08, elapsed = 2111.6 sec
[TwinWall] projected 3237 node(s)
Step =    578: nodes = 31912, dt = 8.655481e-11, time = 5.333984e-08, elapsed = 2114.8 sec
[TwinWall] projected 3354 node(s)
Step =    579: nodes = 31903, dt = 1.038658e-10, time = 5.344371e-08, elapsed = 2118.1 sec
[TwinWall] projected 3353 node(s)
Step =    580: nodes = 31893, dt = 1.246389e-10, time = 5.356835e-08, elapsed = 2121.4 sec
[TwinWall] projected 3273 node(s)
Step =    581: nodes = 31889, dt = 7.478336e-11, time = 5.364313e-08, elapsed = 2126.3 sec
[TwinWall] projected 3213 node(s)
Step =    582: nodes = 31877, dt = 7.478336e-11, time = 5.371791e-08, elapsed = 2129.4 sec
[TwinWall] projected 3265 node(s)
Step =    583: nodes = 31891, dt = 8.974003e-11, time = 5.380765e-08, elapsed = 2132.6 sec
[TwinWall] projected 3266 node(s)
Step =    584: nodes = 31897, dt = 1.076880e-10, time = 5.391534e-08, elapsed = 2135.8 sec
[TwinWall] projected 3358 node(s)
Step =    585: nodes = 31901, dt = 1.292256e-10, time = 5.404457e-08, elapsed = 2139.1 sec
[TwinWall] projected 3145 node(s)
Step =    586: nodes = 31910, dt = 7.753539e-11, time = 5.412210e-08, elapsed = 2143.9 sec
[TwinWall] projected 3252 node(s)
Step =    587: nodes = 31894, dt = 7.753539e-11, time = 5.419964e-08, elapsed = 2147.3 sec
[TwinWall] projected 3287 node(s)
Step =    588: nodes = 31897, dt = 9.304246e-11, time = 5.429268e-08, elapsed = 2150.5 sec
[TwinWall] projected 3327 node(s)
Step =    589: nodes = 31896, dt = 1.116510e-10, time = 5.440433e-08, elapsed = 2153.8 sec
[TwinWall] projected 3406 node(s)
Step =    590: nodes = 31873, dt = 1.339811e-10, time = 5.453831e-08, elapsed = 2157.0 sec
[TwinWall] projected 3255 node(s)
Step =    591: nodes = 31901, dt = 8.038869e-11, time = 5.461870e-08, elapsed = 2161.8 sec
[TwinWall] projected 3192 node(s)
Step =    592: nodes = 31895, dt = 8.038869e-11, time = 5.469909e-08, elapsed = 2164.9 sec
[TwinWall] projected 3253 node(s)
Step =    593: nodes = 31883, dt = 9.646643e-11, time = 5.479556e-08, elapsed = 2168.2 sec
[TwinWall] projected 3255 node(s)
Step =    594: nodes = 31872, dt = 1.157597e-10, time = 5.491132e-08, elapsed = 2171.3 sec
[TwinWall] projected 3275 node(s)
Step =    595: nodes = 31859, dt = 1.389117e-10, time = 5.505023e-08, elapsed = 2174.6 sec
[TwinWall] projected 3159 node(s)
Step =    596: nodes = 31855, dt = 8.334699e-11, time = 5.513357e-08, elapsed = 2179.3 sec
[TwinWall] projected 3223 node(s)
Step =    597: nodes = 31866, dt = 8.334699e-11, time = 5.521692e-08, elapsed = 2182.5 sec
[TwinWall] projected 3243 node(s)
Step =    598: nodes = 31850, dt = 1.000164e-10, time = 5.531694e-08, elapsed = 2185.6 sec
[TwinWall] projected 3301 node(s)
Step =    599: nodes = 31854, dt = 1.200197e-10, time = 5.543696e-08, elapsed = 2188.8 sec
[TwinWall] projected 3383 node(s)
Step =    600: nodes = 31856, dt = 1.440236e-10, time = 5.558098e-08, elapsed = 2192.1 sec
Writing configuration in legacy data format
 Output file: /data/home/dg000246b/openDIS/HomeWork/output_relax/config.600.data
Writing restart file
 Restart file: /data/home/dg000246b/openDIS/HomeWork/output_relax/restart.600.exadis
[TwinWall] projected 3206 node(s)
Step =    601: nodes = 31845, dt = 8.641416e-11, time = 5.566739e-08, elapsed = 2197.3 sec
[TwinWall] projected 3268 node(s)
Step =    602: nodes = 31823, dt = 8.641416e-11, time = 5.575381e-08, elapsed = 2200.5 sec
[TwinWall] projected 3231 node(s)
Step =    603: nodes = 31833, dt = 1.036970e-10, time = 5.585751e-08, elapsed = 2203.6 sec
[TwinWall] projected 3326 node(s)
Step =    604: nodes = 31800, dt = 1.244364e-10, time = 5.598194e-08, elapsed = 2207.1 sec
[TwinWall] projected 3210 node(s)
Step =    605: nodes = 31805, dt = 7.466184e-11, time = 5.605660e-08, elapsed = 2211.9 sec
[TwinWall] projected 3154 node(s)
Step =    606: nodes = 31829, dt = 7.466184e-11, time = 5.613127e-08, elapsed = 2215.1 sec
[TwinWall] projected 3238 node(s)
Step =    607: nodes = 31815, dt = 8.959420e-11, time = 5.622086e-08, elapsed = 2218.2 sec
[TwinWall] projected 3211 node(s)
Step =    608: nodes = 31802, dt = 1.075130e-10, time = 5.632837e-08, elapsed = 2221.4 sec
[TwinWall] projected 3347 node(s)
Step =    609: nodes = 31779, dt = 1.290157e-10, time = 5.645739e-08, elapsed = 2224.6 sec
[TwinWall] projected 3387 node(s)
Step =    610: nodes = 31781, dt = 1.548188e-10, time = 5.661221e-08, elapsed = 2227.9 sec
[TwinWall] projected 3265 node(s)
Step =    611: nodes = 31774, dt = 9.289127e-11, time = 5.670510e-08, elapsed = 2232.6 sec
[TwinWall] projected 3262 node(s)
Step =    612: nodes = 31766, dt = 9.289127e-11, time = 5.679799e-08, elapsed = 2236.0 sec
[TwinWall] projected 3271 node(s)
Step =    613: nodes = 31783, dt = 1.114695e-10, time = 5.690946e-08, elapsed = 2239.1 sec
[TwinWall] projected 3181 node(s)
Step =    614: nodes = 31778, dt = 6.688171e-11, time = 5.697634e-08, elapsed = 2243.9 sec
[TwinWall] projected 3110 node(s)
Step =    615: nodes = 31781, dt = 6.688171e-11, time = 5.704322e-08, elapsed = 2247.1 sec
[TwinWall] projected 3147 node(s)
Step =    616: nodes = 31802, dt = 8.025806e-11, time = 5.712348e-08, elapsed = 2250.2 sec
[TwinWall] projected 3154 node(s)
Step =    617: nodes = 31783, dt = 9.630967e-11, time = 5.721979e-08, elapsed = 2253.4 sec
[TwinWall] projected 3236 node(s)
Step =    618: nodes = 31770, dt = 1.155716e-10, time = 5.733536e-08, elapsed = 2256.6 sec
[TwinWall] projected 3338 node(s)
Step =    619: nodes = 31746, dt = 1.386859e-10, time = 5.747405e-08, elapsed = 2259.9 sec
[TwinWall] projected 3073 node(s)
Step =    620: nodes = 31738, dt = 8.321155e-11, time = 5.755726e-08, elapsed = 2264.6 sec
[TwinWall] projected 3228 node(s)
Step =    621: nodes = 31738, dt = 8.321155e-11, time = 5.764047e-08, elapsed = 2267.7 sec
[TwinWall] projected 3259 node(s)
Step =    622: nodes = 31742, dt = 9.985386e-11, time = 5.774033e-08, elapsed = 2270.8 sec
[TwinWall] projected 3332 node(s)
Step =    623: nodes = 31729, dt = 1.198246e-10, time = 5.786015e-08, elapsed = 2274.0 sec
[TwinWall] projected 3120 node(s)
Step =    624: nodes = 31716, dt = 7.189478e-11, time = 5.793204e-08, elapsed = 2278.7 sec
[TwinWall] projected 3246 node(s)
Step =    625: nodes = 31725, dt = 7.189478e-11, time = 5.800394e-08, elapsed = 2281.9 sec
[TwinWall] projected 3272 node(s)
Step =    626: nodes = 31732, dt = 8.627374e-11, time = 5.809021e-08, elapsed = 2285.0 sec
[TwinWall] projected 3289 node(s)
Step =    627: nodes = 31750, dt = 1.035285e-10, time = 5.819374e-08, elapsed = 2288.2 sec
[TwinWall] projected 3266 node(s)
Step =    628: nodes = 31722, dt = 1.242342e-10, time = 5.831798e-08, elapsed = 2291.4 sec
[TwinWall] projected 3266 node(s)
Step =    629: nodes = 31732, dt = 7.454051e-11, time = 5.839252e-08, elapsed = 2296.3 sec
[TwinWall] projected 3172 node(s)
Step =    630: nodes = 31744, dt = 7.454051e-11, time = 5.846706e-08, elapsed = 2299.3 sec
[TwinWall] projected 3245 node(s)
Step =    631: nodes = 31747, dt = 8.944861e-11, time = 5.855651e-08, elapsed = 2302.5 sec
[TwinWall] projected 3273 node(s)
Step =    632: nodes = 31750, dt = 1.073383e-10, time = 5.866384e-08, elapsed = 2305.6 sec
[TwinWall] projected 3343 node(s)
Step =    633: nodes = 31744, dt = 1.288060e-10, time = 5.879265e-08, elapsed = 2308.9 sec
[TwinWall] projected 3095 node(s)
Step =    634: nodes = 31748, dt = 7.728360e-11, time = 5.886993e-08, elapsed = 2313.6 sec
[TwinWall] projected 3185 node(s)
Step =    635: nodes = 31735, dt = 7.728360e-11, time = 5.894722e-08, elapsed = 2316.8 sec
[TwinWall] projected 3189 node(s)
Step =    636: nodes = 31727, dt = 9.274032e-11, time = 5.903996e-08, elapsed = 2319.9 sec
[TwinWall] projected 3294 node(s)
Step =    637: nodes = 31739, dt = 1.112884e-10, time = 5.915125e-08, elapsed = 2323.1 sec
[TwinWall] projected 3123 node(s)
Step =    638: nodes = 31735, dt = 6.677303e-11, time = 5.921802e-08, elapsed = 2328.0 sec
[TwinWall] projected 3075 node(s)
Step =    639: nodes = 31742, dt = 6.677303e-11, time = 5.928479e-08, elapsed = 2331.1 sec
[TwinWall] projected 3090 node(s)
Step =    640: nodes = 31723, dt = 8.012764e-11, time = 5.936492e-08, elapsed = 2334.2 sec
[TwinWall] projected 3196 node(s)
Step =    641: nodes = 31724, dt = 9.615317e-11, time = 5.946107e-08, elapsed = 2337.4 sec
[TwinWall] projected 3245 node(s)
Step =    642: nodes = 31722, dt = 1.153838e-10, time = 5.957646e-08, elapsed = 2340.6 sec
[TwinWall] projected 3354 node(s)
Step =    643: nodes = 31715, dt = 1.384606e-10, time = 5.971492e-08, elapsed = 2343.8 sec
[TwinWall] projected 3296 node(s)
Step =    644: nodes = 31704, dt = 8.307633e-11, time = 5.979799e-08, elapsed = 2348.6 sec
[TwinWall] projected 3099 node(s)
Step =    645: nodes = 31698, dt = 8.307633e-11, time = 5.988107e-08, elapsed = 2351.7 sec
[TwinWall] projected 3297 node(s)
Step =    646: nodes = 31693, dt = 9.969160e-11, time = 5.998076e-08, elapsed = 2354.8 sec
[TwinWall] projected 3210 node(s)
Step =    647: nodes = 31705, dt = 1.196299e-10, time = 6.010039e-08, elapsed = 2358.0 sec
[TwinWall] projected 3225 node(s)
Step =    648: nodes = 31717, dt = 7.177795e-11, time = 6.017217e-08, elapsed = 2362.7 sec
[TwinWall] projected 3134 node(s)
Step =    649: nodes = 31704, dt = 7.177795e-11, time = 6.024395e-08, elapsed = 2365.8 sec
[TwinWall] projected 3091 node(s)
Step =    650: nodes = 31709, dt = 8.613354e-11, time = 6.033008e-08, elapsed = 2368.8 sec
[TwinWall] projected 3250 node(s)
Step =    651: nodes = 31703, dt = 1.033603e-10, time = 6.043344e-08, elapsed = 2372.0 sec
[TwinWall] projected 3324 node(s)
Step =    652: nodes = 31676, dt = 1.240323e-10, time = 6.055747e-08, elapsed = 2375.2 sec
[TwinWall] projected 3237 node(s)
Step =    653: nodes = 31667, dt = 7.441938e-11, time = 6.063189e-08, elapsed = 2379.9 sec
[TwinWall] projected 3125 node(s)
Step =    654: nodes = 31675, dt = 7.441938e-11, time = 6.070631e-08, elapsed = 2382.9 sec
[TwinWall] projected 3264 node(s)
Step =    655: nodes = 31686, dt = 8.930326e-11, time = 6.079562e-08, elapsed = 2386.3 sec
[TwinWall] projected 3278 node(s)
Step =    656: nodes = 31674, dt = 1.071639e-10, time = 6.090278e-08, elapsed = 2389.3 sec
[TwinWall] projected 3379 node(s)
Step =    657: nodes = 31664, dt = 1.285967e-10, time = 6.103138e-08, elapsed = 2392.5 sec
[TwinWall] projected 3161 node(s)
Step =    658: nodes = 31680, dt = 7.715802e-11, time = 6.110853e-08, elapsed = 2397.1 sec
[TwinWall] projected 3289 node(s)
Step =    659: nodes = 31683, dt = 7.715802e-11, time = 6.118569e-08, elapsed = 2400.3 sec
[TwinWall] projected 3276 node(s)
Step =    660: nodes = 31689, dt = 9.258962e-11, time = 6.127828e-08, elapsed = 2403.3 sec
[TwinWall] projected 3276 node(s)
Step =    661: nodes = 31670, dt = 1.111075e-10, time = 6.138939e-08, elapsed = 2406.5 sec
[TwinWall] projected 3306 node(s)
Step =    662: nodes = 31668, dt = 1.333291e-10, time = 6.152272e-08, elapsed = 2409.7 sec
[TwinWall] projected 3244 node(s)
Step =    663: nodes = 31661, dt = 7.999743e-11, time = 6.160272e-08, elapsed = 2414.3 sec
[TwinWall] projected 3129 node(s)
Step =    664: nodes = 31671, dt = 7.999743e-11, time = 6.168271e-08, elapsed = 2417.6 sec
[TwinWall] projected 3285 node(s)
Step =    665: nodes = 31645, dt = 9.599692e-11, time = 6.177871e-08, elapsed = 2420.8 sec
[TwinWall] projected 3262 node(s)
Step =    666: nodes = 31641, dt = 1.151963e-10, time = 6.189391e-08, elapsed = 2423.8 sec
[TwinWall] projected 3257 node(s)
Step =    667: nodes = 31640, dt = 6.911778e-11, time = 6.196302e-08, elapsed = 2428.5 sec
[TwinWall] projected 3166 node(s)
Step =    668: nodes = 31632, dt = 6.911778e-11, time = 6.203214e-08, elapsed = 2431.6 sec
[TwinWall] projected 3096 node(s)
Step =    669: nodes = 31616, dt = 8.294134e-11, time = 6.211508e-08, elapsed = 2434.6 sec
[TwinWall] projected 3244 node(s)
Step =    670: nodes = 31608, dt = 9.952960e-11, time = 6.221461e-08, elapsed = 2437.8 sec
[TwinWall] projected 3235 node(s)
Step =    671: nodes = 31635, dt = 1.194355e-10, time = 6.233405e-08, elapsed = 2440.8 sec
[TwinWall] projected 3219 node(s)
Step =    672: nodes = 31618, dt = 7.166131e-11, time = 6.240571e-08, elapsed = 2445.8 sec
[TwinWall] projected 3092 node(s)
Step =    673: nodes = 31644, dt = 7.166131e-11, time = 6.247737e-08, elapsed = 2448.8 sec
[TwinWall] projected 3230 node(s)
Step =    674: nodes = 31633, dt = 8.599358e-11, time = 6.256336e-08, elapsed = 2451.9 sec
[TwinWall] projected 3230 node(s)
Step =    675: nodes = 31632, dt = 1.031923e-10, time = 6.266656e-08, elapsed = 2455.0 sec
[TwinWall] projected 3284 node(s)
Step =    676: nodes = 31611, dt = 1.238308e-10, time = 6.279039e-08, elapsed = 2458.2 sec
[TwinWall] projected 3316 node(s)
Step =    677: nodes = 31566, dt = 1.485969e-10, time = 6.293898e-08, elapsed = 2461.5 sec
[TwinWall] projected 3190 node(s)
Step =    678: nodes = 31574, dt = 8.915814e-11, time = 6.302814e-08, elapsed = 2466.2 sec
[TwinWall] projected 3220 node(s)
Step =    679: nodes = 31593, dt = 8.915814e-11, time = 6.311730e-08, elapsed = 2469.3 sec
[TwinWall] projected 3223 node(s)
Step =    680: nodes = 31593, dt = 1.069898e-10, time = 6.322429e-08, elapsed = 2472.4 sec
[TwinWall] projected 3166 node(s)
Step =    681: nodes = 31572, dt = 6.419386e-11, time = 6.328848e-08, elapsed = 2477.3 sec
[TwinWall] projected 3087 node(s)
Step =    682: nodes = 31570, dt = 6.419386e-11, time = 6.335268e-08, elapsed = 2480.4 sec
[TwinWall] projected 3055 node(s)
Step =    683: nodes = 31569, dt = 7.703263e-11, time = 6.342971e-08, elapsed = 2483.4 sec
[TwinWall] projected 3211 node(s)
Step =    684: nodes = 31555, dt = 9.243916e-11, time = 6.352215e-08, elapsed = 2486.5 sec
[TwinWall] projected 3214 node(s)
Step =    685: nodes = 31557, dt = 1.109270e-10, time = 6.363308e-08, elapsed = 2489.6 sec
[TwinWall] projected 3196 node(s)
Step =    686: nodes = 31571, dt = 6.655620e-11, time = 6.369963e-08, elapsed = 2494.3 sec
[TwinWall] projected 3084 node(s)
Step =    687: nodes = 31545, dt = 6.655620e-11, time = 6.376619e-08, elapsed = 2497.3 sec
[TwinWall] projected 3014 node(s)
Step =    688: nodes = 31550, dt = 7.986743e-11, time = 6.384606e-08, elapsed = 2500.3 sec
[TwinWall] projected 3156 node(s)
Step =    689: nodes = 31546, dt = 9.584092e-11, time = 6.394190e-08, elapsed = 2503.5 sec
[TwinWall] projected 3233 node(s)
Step =    690: nodes = 31536, dt = 1.150091e-10, time = 6.405691e-08, elapsed = 2506.7 sec
[TwinWall] projected 3149 node(s)
Step =    691: nodes = 31539, dt = 6.900546e-11, time = 6.412591e-08, elapsed = 2511.3 sec
[TwinWall] projected 3164 node(s)
Step =    692: nodes = 31565, dt = 6.900546e-11, time = 6.419492e-08, elapsed = 2514.4 sec
[TwinWall] projected 3117 node(s)
Step =    693: nodes = 31591, dt = 8.280656e-11, time = 6.427772e-08, elapsed = 2517.4 sec
[TwinWall] projected 3248 node(s)
Step =    694: nodes = 31562, dt = 9.936787e-11, time = 6.437709e-08, elapsed = 2520.6 sec
[TwinWall] projected 3197 node(s)
Step =    695: nodes = 31555, dt = 1.192414e-10, time = 6.449633e-08, elapsed = 2523.6 sec
[TwinWall] projected 3337 node(s)
Step =    696: nodes = 31553, dt = 1.430897e-10, time = 6.463942e-08, elapsed = 2526.9 sec
[TwinWall] projected 3077 node(s)
Step =    697: nodes = 31582, dt = 8.585384e-11, time = 6.472528e-08, elapsed = 2531.5 sec
[TwinWall] projected 3189 node(s)
Step =    698: nodes = 31572, dt = 8.585384e-11, time = 6.481113e-08, elapsed = 2534.6 sec
[TwinWall] projected 3189 node(s)
Step =    699: nodes = 31582, dt = 1.030246e-10, time = 6.491416e-08, elapsed = 2537.7 sec
[TwinWall] projected 3250 node(s)
Step =    700: nodes = 31584, dt = 1.236295e-10, time = 6.503779e-08, elapsed = 2541.0 sec
Writing configuration in legacy data format
 Output file: /data/home/dg000246b/openDIS/HomeWork/output_relax/config.700.data
Writing restart file
 Restart file: /data/home/dg000246b/openDIS/HomeWork/output_relax/restart.700.exadis
[TwinWall] projected 3323 node(s)
Step =    701: nodes = 31571, dt = 1.483554e-10, time = 6.518614e-08, elapsed = 2544.6 sec
[TwinWall] projected 3246 node(s)
Step =    702: nodes = 31556, dt = 8.901326e-11, time = 6.527515e-08, elapsed = 2549.3 sec
[TwinWall] projected 3231 node(s)
Step =    703: nodes = 31560, dt = 8.901326e-11, time = 6.536417e-08, elapsed = 2552.4 sec
[TwinWall] projected 3263 node(s)
Step =    704: nodes = 31540, dt = 1.068159e-10, time = 6.547098e-08, elapsed = 2555.6 sec
[TwinWall] projected 3081 node(s)
Step =    705: nodes = 31551, dt = 6.408955e-11, time = 6.553507e-08, elapsed = 2560.2 sec
[TwinWall] projected 3030 node(s)
Step =    706: nodes = 31560, dt = 6.408955e-11, time = 6.559916e-08, elapsed = 2563.3 sec
[TwinWall] projected 3148 node(s)
Step =    707: nodes = 31573, dt = 7.690746e-11, time = 6.567607e-08, elapsed = 2566.5 sec
[TwinWall] projected 3199 node(s)
Step =    708: nodes = 31573, dt = 9.228895e-11, time = 6.576836e-08, elapsed = 2569.5 sec
[TwinWall] projected 3262 node(s)
Step =    709: nodes = 31540, dt = 1.107467e-10, time = 6.587911e-08, elapsed = 2572.7 sec
[TwinWall] projected 3084 node(s)
Step =    710: nodes = 31541, dt = 6.644804e-11, time = 6.594555e-08, elapsed = 2577.4 sec
[TwinWall] projected 3083 node(s)
Step =    711: nodes = 31532, dt = 6.644804e-11, time = 6.601200e-08, elapsed = 2580.4 sec
[TwinWall] projected 3056 node(s)
Step =    712: nodes = 31540, dt = 7.973765e-11, time = 6.609174e-08, elapsed = 2583.4 sec
[TwinWall] projected 3183 node(s)
Step =    713: nodes = 31559, dt = 9.568518e-11, time = 6.618742e-08, elapsed = 2586.6 sec
[TwinWall] projected 3305 node(s)
Step =    714: nodes = 31551, dt = 1.148222e-10, time = 6.630225e-08, elapsed = 2589.8 sec
[TwinWall] projected 3143 node(s)
Step =    715: nodes = 31567, dt = 6.889333e-11, time = 6.637114e-08, elapsed = 2594.4 sec
[TwinWall] projected 3067 node(s)
Step =    716: nodes = 31566, dt = 6.889333e-11, time = 6.644003e-08, elapsed = 2597.6 sec
[TwinWall] projected 3196 node(s)
Step =    717: nodes = 31551, dt = 8.267200e-11, time = 6.652271e-08, elapsed = 2600.8 sec
[TwinWall] projected 3214 node(s)
Step =    718: nodes = 31536, dt = 9.920639e-11, time = 6.662191e-08, elapsed = 2603.9 sec
[TwinWall] projected 3273 node(s)
Step =    719: nodes = 31530, dt = 1.190477e-10, time = 6.674096e-08, elapsed = 2607.2 sec
[TwinWall] projected 3108 node(s)
Step =    720: nodes = 31543, dt = 7.142860e-11, time = 6.681239e-08, elapsed = 2611.8 sec
[TwinWall] projected 3168 node(s)
Step =    721: nodes = 31532, dt = 7.142860e-11, time = 6.688382e-08, elapsed = 2614.9 sec
[TwinWall] projected 3189 node(s)
Step =    722: nodes = 31524, dt = 8.571432e-11, time = 6.696953e-08, elapsed = 2618.0 sec
[TwinWall] projected 3201 node(s)
Step =    723: nodes = 31544, dt = 1.028572e-10, time = 6.707239e-08, elapsed = 2621.1 sec
[TwinWall] projected 3290 node(s)
Step =    724: nodes = 31533, dt = 1.234286e-10, time = 6.719582e-08, elapsed = 2624.4 sec
[TwinWall] projected 3341 node(s)
Step =    725: nodes = 31511, dt = 1.481144e-10, time = 6.734393e-08, elapsed = 2627.8 sec
[TwinWall] projected 3217 node(s)
Step =    726: nodes = 31511, dt = 8.886861e-11, time = 6.743280e-08, elapsed = 2632.4 sec
[TwinWall] projected 3117 node(s)
Step =    727: nodes = 31502, dt = 8.886861e-11, time = 6.752167e-08, elapsed = 2635.5 sec
[TwinWall] projected 3168 node(s)
Step =    728: nodes = 31499, dt = 1.066423e-10, time = 6.762831e-08, elapsed = 2638.7 sec
[TwinWall] projected 3278 node(s)
Step =    729: nodes = 31465, dt = 1.279708e-10, time = 6.775628e-08, elapsed = 2641.9 sec
[TwinWall] projected 3088 node(s)
Step =    730: nodes = 31483, dt = 7.678248e-11, time = 6.783306e-08, elapsed = 2646.4 sec
[TwinWall] projected 3167 node(s)
Step =    731: nodes = 31488, dt = 7.678248e-11, time = 6.790985e-08, elapsed = 2649.5 sec
[TwinWall] projected 3184 node(s)
Step =    732: nodes = 31496, dt = 9.213898e-11, time = 6.800199e-08, elapsed = 2652.6 sec
[TwinWall] projected 3224 node(s)
Step =    733: nodes = 31507, dt = 1.105668e-10, time = 6.811255e-08, elapsed = 2656.1 sec
[TwinWall] projected 3286 node(s)
Step =    734: nodes = 31489, dt = 1.326801e-10, time = 6.824523e-08, elapsed = 2659.2 sec
[TwinWall] projected 3199 node(s)
Step =    735: nodes = 31498, dt = 7.960808e-11, time = 6.832484e-08, elapsed = 2663.9 sec
[TwinWall] projected 3077 node(s)
Step =    736: nodes = 31509, dt = 7.960808e-11, time = 6.840445e-08, elapsed = 2666.9 sec
[TwinWall] projected 3183 node(s)
Step =    737: nodes = 31518, dt = 9.552969e-11, time = 6.849998e-08, elapsed = 2670.0 sec
[TwinWall] projected 3190 node(s)
Step =    738: nodes = 31506, dt = 1.146356e-10, time = 6.861461e-08, elapsed = 2673.1 sec
[TwinWall] projected 3178 node(s)
Step =    739: nodes = 31494, dt = 6.878138e-11, time = 6.868339e-08, elapsed = 2677.8 sec
[TwinWall] projected 3085 node(s)
Step =    740: nodes = 31492, dt = 6.878138e-11, time = 6.875218e-08, elapsed = 2680.9 sec
[TwinWall] projected 3032 node(s)
Step =    741: nodes = 31496, dt = 8.253765e-11, time = 6.883471e-08, elapsed = 2683.9 sec
[TwinWall] projected 3177 node(s)
Step =    742: nodes = 31500, dt = 9.904518e-11, time = 6.893376e-08, elapsed = 2687.3 sec
[TwinWall] projected 3146 node(s)
Step =    743: nodes = 31503, dt = 1.188542e-10, time = 6.905261e-08, elapsed = 2690.3 sec
[TwinWall] projected 3141 node(s)
Step =    744: nodes = 31514, dt = 7.131253e-11, time = 6.912393e-08, elapsed = 2695.0 sec
[TwinWall] projected 3059 node(s)
Step =    745: nodes = 31529, dt = 7.131253e-11, time = 6.919524e-08, elapsed = 2698.1 sec
[TwinWall] projected 3189 node(s)
Step =    746: nodes = 31536, dt = 8.557504e-11, time = 6.928081e-08, elapsed = 2701.2 sec
[TwinWall] projected 3191 node(s)
Step =    747: nodes = 31551, dt = 1.026900e-10, time = 6.938350e-08, elapsed = 2704.3 sec
[TwinWall] projected 3272 node(s)
Step =    748: nodes = 31520, dt = 1.232281e-10, time = 6.950673e-08, elapsed = 2707.5 sec
[TwinWall] projected 3313 node(s)
Step =    749: nodes = 31522, dt = 1.478737e-10, time = 6.965461e-08, elapsed = 2710.8 sec
[TwinWall] projected 3146 node(s)
Step =    750: nodes = 31510, dt = 8.872420e-11, time = 6.974333e-08, elapsed = 2715.8 sec
[TwinWall] projected 3222 node(s)
Step =    751: nodes = 31523, dt = 8.872420e-11, time = 6.983205e-08, elapsed = 2719.0 sec
[TwinWall] projected 3157 node(s)
Step =    752: nodes = 31528, dt = 1.064690e-10, time = 6.993852e-08, elapsed = 2722.2 sec
[TwinWall] projected 3228 node(s)
Step =    753: nodes = 31513, dt = 1.277628e-10, time = 7.006629e-08, elapsed = 2725.5 sec
[TwinWall] projected 3196 node(s)
Step =    754: nodes = 31525, dt = 7.665771e-11, time = 7.014294e-08, elapsed = 2730.3 sec
[TwinWall] projected 3095 node(s)
Step =    755: nodes = 31540, dt = 7.665771e-11, time = 7.021960e-08, elapsed = 2733.4 sec
[TwinWall] projected 3238 node(s)
Step =    756: nodes = 31532, dt = 9.198925e-11, time = 7.031159e-08, elapsed = 2736.6 sec
[TwinWall] projected 3150 node(s)
Step =    757: nodes = 31540, dt = 1.103871e-10, time = 7.042198e-08, elapsed = 2739.7 sec
[TwinWall] projected 3163 node(s)
Step =    758: nodes = 31549, dt = 6.623226e-11, time = 7.048821e-08, elapsed = 2744.4 sec
[TwinWall] projected 3065 node(s)
Step =    759: nodes = 31562, dt = 6.623226e-11, time = 7.055444e-08, elapsed = 2747.7 sec
[TwinWall] projected 2979 node(s)
Step =    760: nodes = 31575, dt = 7.947871e-11, time = 7.063392e-08, elapsed = 2750.7 sec
[TwinWall] projected 3181 node(s)
Step =    761: nodes = 31554, dt = 9.537445e-11, time = 7.072929e-08, elapsed = 2753.9 sec
[TwinWall] projected 3123 node(s)
Step =    762: nodes = 31540, dt = 1.144493e-10, time = 7.084374e-08, elapsed = 2757.0 sec
[TwinWall] projected 3101 node(s)
Step =    763: nodes = 31543, dt = 6.866961e-11, time = 7.091241e-08, elapsed = 2761.8 sec
[TwinWall] projected 3022 node(s)
Step =    764: nodes = 31542, dt = 6.866961e-11, time = 7.098108e-08, elapsed = 2764.8 sec
[TwinWall] projected 2938 node(s)
Step =    765: nodes = 31561, dt = 8.240353e-11, time = 7.106349e-08, elapsed = 2767.8 sec
[TwinWall] projected 3133 node(s)
Step =    766: nodes = 31554, dt = 9.888423e-11, time = 7.116237e-08, elapsed = 2771.0 sec
[TwinWall] projected 3195 node(s)
Step =    767: nodes = 31547, dt = 1.186611e-10, time = 7.128103e-08, elapsed = 2774.1 sec
[TwinWall] projected 3202 node(s)
Step =    768: nodes = 31540, dt = 7.119665e-11, time = 7.135223e-08, elapsed = 2778.9 sec
[TwinWall] projected 3086 node(s)
Step =    769: nodes = 31537, dt = 7.119665e-11, time = 7.142343e-08, elapsed = 2781.9 sec
[TwinWall] projected 3101 node(s)
Step =    770: nodes = 31552, dt = 8.543598e-11, time = 7.150886e-08, elapsed = 2785.0 sec
[TwinWall] projected 3214 node(s)
Step =    771: nodes = 31543, dt = 1.025232e-10, time = 7.161138e-08, elapsed = 2788.1 sec
[TwinWall] projected 3206 node(s)
Step =    772: nodes = 31544, dt = 1.230278e-10, time = 7.173441e-08, elapsed = 2791.2 sec
[TwinWall] projected 3119 node(s)
Step =    773: nodes = 31560, dt = 7.381669e-11, time = 7.180823e-08, elapsed = 2795.9 sec
[TwinWall] projected 3000 node(s)
Step =    774: nodes = 31556, dt = 7.381669e-11, time = 7.188205e-08, elapsed = 2798.9 sec
[TwinWall] projected 3136 node(s)
Step =    775: nodes = 31561, dt = 8.858002e-11, time = 7.197063e-08, elapsed = 2802.0 sec
[TwinWall] projected 3133 node(s)
Step =    776: nodes = 31542, dt = 1.062960e-10, time = 7.207692e-08, elapsed = 2805.1 sec
[TwinWall] projected 3004 node(s)
Step =    777: nodes = 31563, dt = 6.377762e-11, time = 7.214070e-08, elapsed = 2809.7 sec
[TwinWall] projected 3063 node(s)
Step =    778: nodes = 31542, dt = 6.377762e-11, time = 7.220448e-08, elapsed = 2812.8 sec
[TwinWall] projected 3072 node(s)
Step =    779: nodes = 31538, dt = 7.653314e-11, time = 7.228101e-08, elapsed = 2815.9 sec
[TwinWall] projected 3068 node(s)
Step =    780: nodes = 31528, dt = 9.183977e-11, time = 7.237285e-08, elapsed = 2819.0 sec
[TwinWall] projected 3131 node(s)
Step =    781: nodes = 31524, dt = 1.102077e-10, time = 7.248306e-08, elapsed = 2822.1 sec
[TwinWall] projected 3237 node(s)
Step =    782: nodes = 31513, dt = 1.322493e-10, time = 7.261531e-08, elapsed = 2825.3 sec
[TwinWall] projected 3021 node(s)
Step =    783: nodes = 31539, dt = 7.934956e-11, time = 7.269466e-08, elapsed = 2829.9 sec
[TwinWall] projected 3137 node(s)
Step =    784: nodes = 31544, dt = 7.934956e-11, time = 7.277401e-08, elapsed = 2833.0 sec
[TwinWall] projected 3127 node(s)
Step =    785: nodes = 31550, dt = 9.521947e-11, time = 7.286923e-08, elapsed = 2836.3 sec
[TwinWall] projected 3133 node(s)
Step =    786: nodes = 31536, dt = 1.142634e-10, time = 7.298349e-08, elapsed = 2839.4 sec
[TwinWall] projected 3084 node(s)
Step =    787: nodes = 31547, dt = 6.855802e-11, time = 7.305205e-08, elapsed = 2844.0 sec
[TwinWall] projected 3019 node(s)
Step =    788: nodes = 31541, dt = 6.855802e-11, time = 7.312061e-08, elapsed = 2847.0 sec
[TwinWall] projected 3054 node(s)
Step =    789: nodes = 31537, dt = 8.226962e-11, time = 7.320287e-08, elapsed = 2850.1 sec
[TwinWall] projected 3144 node(s)
Step =    790: nodes = 31537, dt = 9.872355e-11, time = 7.330160e-08, elapsed = 2853.2 sec
[TwinWall] projected 3236 node(s)
Step =    791: nodes = 31521, dt = 1.184683e-10, time = 7.342007e-08, elapsed = 2856.4 sec
[TwinWall] projected 3289 node(s)
Step =    792: nodes = 31518, dt = 1.421619e-10, time = 7.356223e-08, elapsed = 2859.6 sec
[TwinWall] projected 3097 node(s)
Step =    793: nodes = 31522, dt = 8.529715e-11, time = 7.364753e-08, elapsed = 2864.3 sec
[TwinWall] projected 3048 node(s)
Step =    794: nodes = 31528, dt = 8.529715e-11, time = 7.373282e-08, elapsed = 2867.5 sec
[TwinWall] projected 3156 node(s)
Step =    795: nodes = 31530, dt = 1.023566e-10, time = 7.383518e-08, elapsed = 2870.6 sec
[TwinWall] projected 3120 node(s)
Step =    796: nodes = 31531, dt = 1.228279e-10, time = 7.395801e-08, elapsed = 2873.7 sec
[TwinWall] projected 3071 node(s)
Step =    797: nodes = 31552, dt = 7.369673e-11, time = 7.403170e-08, elapsed = 2878.4 sec
[TwinWall] projected 3053 node(s)
Step =    798: nodes = 31557, dt = 7.369673e-11, time = 7.410540e-08, elapsed = 2881.4 sec
[TwinWall] projected 3161 node(s)
Step =    799: nodes = 31560, dt = 8.843608e-11, time = 7.419384e-08, elapsed = 2884.5 sec
[TwinWall] projected 3139 node(s)
Step =    800: nodes = 31570, dt = 1.061233e-10, time = 7.429996e-08, elapsed = 2887.6 sec
Writing configuration in legacy data format
 Output file: /data/home/dg000246b/openDIS/HomeWork/output_relax/config.800.data
Writing restart file
 Restart file: /data/home/dg000246b/openDIS/HomeWork/output_relax/restart.800.exadis
[TwinWall] projected 3219 node(s)
Step =    801: nodes = 31533, dt = 1.273480e-10, time = 7.442731e-08, elapsed = 2891.2 sec
[TwinWall] projected 3060 node(s)
Step =    802: nodes = 31549, dt = 7.640877e-11, time = 7.450372e-08, elapsed = 2896.2 sec
[TwinWall] projected 3079 node(s)
Step =    803: nodes = 31558, dt = 7.640877e-11, time = 7.458013e-08, elapsed = 2899.3 sec
[TwinWall] projected 3119 node(s)
Step =    804: nodes = 31527, dt = 9.169053e-11, time = 7.467182e-08, elapsed = 2902.4 sec
[TwinWall] projected 3093 node(s)
Step =    805: nodes = 31527, dt = 1.100286e-10, time = 7.478184e-08, elapsed = 2905.6 sec
[TwinWall] projected 3172 node(s)
Step =    806: nodes = 31520, dt = 1.320344e-10, time = 7.491388e-08, elapsed = 2908.7 sec
[TwinWall] projected 3107 node(s)
Step =    807: nodes = 31531, dt = 7.922062e-11, time = 7.499310e-08, elapsed = 2913.4 sec
[TwinWall] projected 3064 node(s)
Step =    808: nodes = 31535, dt = 7.922062e-11, time = 7.507232e-08, elapsed = 2916.4 sec
[TwinWall] projected 3178 node(s)
Step =    809: nodes = 31529, dt = 9.506474e-11, time = 7.516739e-08, elapsed = 2919.5 sec
[TwinWall] projected 3160 node(s)
Step =    810: nodes = 31530, dt = 1.140777e-10, time = 7.528146e-08, elapsed = 2922.6 sec
[TwinWall] projected 3122 node(s)
Step =    811: nodes = 31515, dt = 6.844661e-11, time = 7.534991e-08, elapsed = 2927.4 sec
[TwinWall] projected 3072 node(s)
Step =    812: nodes = 31533, dt = 6.844661e-11, time = 7.541836e-08, elapsed = 2930.4 sec
[TwinWall] projected 3040 node(s)
Step =    813: nodes = 31538, dt = 8.213593e-11, time = 7.550049e-08, elapsed = 2933.5 sec
[TwinWall] projected 3126 node(s)
Step =    814: nodes = 31519, dt = 9.856312e-11, time = 7.559906e-08, elapsed = 2936.7 sec
[TwinWall] projected 3076 node(s)
Step =    815: nodes = 31490, dt = 1.182757e-10, time = 7.571733e-08, elapsed = 2939.8 sec
[TwinWall] projected 3093 node(s)
Step =    816: nodes = 31532, dt = 7.096545e-11, time = 7.578830e-08, elapsed = 2944.4 sec
[TwinWall] projected 3002 node(s)
Step =    817: nodes = 31507, dt = 7.096545e-11, time = 7.585926e-08, elapsed = 2947.4 sec
[TwinWall] projected 2944 node(s)
Step =    818: nodes = 31522, dt = 8.515854e-11, time = 7.594442e-08, elapsed = 2950.5 sec
[TwinWall] projected 3093 node(s)
Step =    819: nodes = 31541, dt = 1.021902e-10, time = 7.604661e-08, elapsed = 2953.6 sec
[TwinWall] projected 3118 node(s)
Step =    820: nodes = 31529, dt = 1.226283e-10, time = 7.616924e-08, elapsed = 2956.9 sec
[TwinWall] projected 3062 node(s)
Step =    821: nodes = 31520, dt = 7.357698e-11, time = 7.624282e-08, elapsed = 2961.5 sec
[TwinWall] projected 2929 node(s)
Step =    822: nodes = 31506, dt = 7.357698e-11, time = 7.631639e-08, elapsed = 2964.6 sec
[TwinWall] projected 3083 node(s)
Step =    823: nodes = 31506, dt = 8.829237e-11, time = 7.640469e-08, elapsed = 2967.7 sec
[TwinWall] projected 3049 node(s)
Step =    824: nodes = 31504, dt = 1.059508e-10, time = 7.651064e-08, elapsed = 2970.7 sec
[TwinWall] projected 3035 node(s)
Step =    825: nodes = 31502, dt = 6.357051e-11, time = 7.657421e-08, elapsed = 2975.4 sec
[TwinWall] projected 3037 node(s)
Step =    826: nodes = 31509, dt = 6.357051e-11, time = 7.663778e-08, elapsed = 2978.4 sec
[TwinWall] projected 2995 node(s)
Step =    827: nodes = 31529, dt = 7.628461e-11, time = 7.671406e-08, elapsed = 2981.3 sec
[TwinWall] projected 3046 node(s)
Step =    828: nodes = 31527, dt = 9.154153e-11, time = 7.680560e-08, elapsed = 2984.4 sec
[TwinWall] projected 3039 node(s)
Step =    829: nodes = 31514, dt = 1.098498e-10, time = 7.691545e-08, elapsed = 2987.7 sec
[TwinWall] projected 2955 node(s)
Step =    830: nodes = 31535, dt = 6.590990e-11, time = 7.698136e-08, elapsed = 2992.4 sec
[TwinWall] projected 2993 node(s)
Step =    831: nodes = 31520, dt = 6.590990e-11, time = 7.704727e-08, elapsed = 2995.5 sec
[TwinWall] projected 2914 node(s)
Step =    832: nodes = 31527, dt = 7.909188e-11, time = 7.712636e-08, elapsed = 2998.5 sec
[TwinWall] projected 3017 node(s)
Step =    833: nodes = 31546, dt = 9.491026e-11, time = 7.722127e-08, elapsed = 3001.6 sec
[TwinWall] projected 3016 node(s)
Step =    834: nodes = 31525, dt = 1.138923e-10, time = 7.733517e-08, elapsed = 3004.7 sec
[TwinWall] projected 2984 node(s)
Step =    835: nodes = 31532, dt = 6.833539e-11, time = 7.740350e-08, elapsed = 3009.4 sec
[TwinWall] projected 2959 node(s)
Step =    836: nodes = 31517, dt = 6.833539e-11, time = 7.747184e-08, elapsed = 3012.4 sec
[TwinWall] projected 2979 node(s)
Step =    837: nodes = 31535, dt = 8.200246e-11, time = 7.755384e-08, elapsed = 3015.5 sec
[TwinWall] projected 3058 node(s)
Step =    838: nodes = 31534, dt = 9.840296e-11, time = 7.765224e-08, elapsed = 3018.6 sec
[TwinWall] projected 3142 node(s)
Step =    839: nodes = 31530, dt = 1.180835e-10, time = 7.777033e-08, elapsed = 3021.7 sec
[TwinWall] projected 3054 node(s)
Step =    840: nodes = 31525, dt = 7.085013e-11, time = 7.784118e-08, elapsed = 3026.4 sec
[TwinWall] projected 2967 node(s)
Step =    841: nodes = 31537, dt = 7.085013e-11, time = 7.791203e-08, elapsed = 3029.4 sec
[TwinWall] projected 3093 node(s)
Step =    842: nodes = 31531, dt = 8.502015e-11, time = 7.799705e-08, elapsed = 3032.7 sec
[TwinWall] projected 3064 node(s)
Step =    843: nodes = 31521, dt = 1.020242e-10, time = 7.809907e-08, elapsed = 3035.8 sec
[TwinWall] projected 3178 node(s)
Step =    844: nodes = 31530, dt = 1.224290e-10, time = 7.822150e-08, elapsed = 3039.0 sec
[TwinWall] projected 2960 node(s)
Step =    845: nodes = 31522, dt = 7.345741e-11, time = 7.829496e-08, elapsed = 3043.6 sec
[TwinWall] projected 3056 node(s)
Step =    846: nodes = 31521, dt = 7.345741e-11, time = 7.836842e-08, elapsed = 3046.9 sec
[TwinWall] projected 3077 node(s)
Step =    847: nodes = 31516, dt = 8.814890e-11, time = 7.845656e-08, elapsed = 3050.0 sec
[TwinWall] projected 3106 node(s)
Step =    848: nodes = 31513, dt = 1.057787e-10, time = 7.856234e-08, elapsed = 3053.1 sec
[TwinWall] projected 3129 node(s)
Step =    849: nodes = 31519, dt = 1.269344e-10, time = 7.868928e-08, elapsed = 3056.2 sec
[TwinWall] projected 3065 node(s)
Step =    850: nodes = 31540, dt = 7.616065e-11, time = 7.876544e-08, elapsed = 3060.9 sec
[TwinWall] projected 2975 node(s)
Step =    851: nodes = 31556, dt = 7.616065e-11, time = 7.884160e-08, elapsed = 3063.9 sec
[TwinWall] projected 3118 node(s)
Step =    852: nodes = 31548, dt = 9.139278e-11, time = 7.893299e-08, elapsed = 3067.1 sec
[TwinWall] projected 3088 node(s)
Step =    853: nodes = 31552, dt = 1.096713e-10, time = 7.904266e-08, elapsed = 3070.2 sec
[TwinWall] projected 3051 node(s)
Step =    854: nodes = 31548, dt = 6.580280e-11, time = 7.910847e-08, elapsed = 3074.9 sec
[TwinWall] projected 2964 node(s)
Step =    855: nodes = 31536, dt = 6.580280e-11, time = 7.917427e-08, elapsed = 3078.1 sec
[TwinWall] projected 2917 node(s)
Step =    856: nodes = 31546, dt = 7.896336e-11, time = 7.925323e-08, elapsed = 3081.2 sec
[TwinWall] projected 3070 node(s)
Step =    857: nodes = 31543, dt = 9.475603e-11, time = 7.934799e-08, elapsed = 3084.3 sec
[TwinWall] projected 3038 node(s)
Step =    858: nodes = 31559, dt = 1.137072e-10, time = 7.946169e-08, elapsed = 3087.4 sec
[TwinWall] projected 3011 node(s)
Step =    859: nodes = 31532, dt = 6.822434e-11, time = 7.952992e-08, elapsed = 3092.1 sec
[TwinWall] projected 2918 node(s)
Step =    860: nodes = 31521, dt = 6.822434e-11, time = 7.959814e-08, elapsed = 3095.1 sec
[TwinWall] projected 2879 node(s)
Step =    861: nodes = 31535, dt = 8.186921e-11, time = 7.968001e-08, elapsed = 3098.1 sec
[TwinWall] projected 3035 node(s)
Step =    862: nodes = 31545, dt = 9.824305e-11, time = 7.977826e-08, elapsed = 3101.2 sec
[TwinWall] projected 3085 node(s)
Step =    863: nodes = 31553, dt = 1.178917e-10, time = 7.989615e-08, elapsed = 3104.3 sec
[TwinWall] projected 3069 node(s)
Step =    864: nodes = 31552, dt = 7.073500e-11, time = 7.996688e-08, elapsed = 3109.1 sec
[TwinWall] projected 2983 node(s)
Step =    865: nodes = 31560, dt = 7.073500e-11, time = 8.003762e-08, elapsed = 3112.2 sec
[TwinWall] projected 2863 node(s)
Step =    866: nodes = 31560, dt = 8.488200e-11, time = 8.012250e-08, elapsed = 3115.2 sec
[TwinWall] projected 3038 node(s)
Step =    867: nodes = 31545, dt = 1.018584e-10, time = 8.022436e-08, elapsed = 3118.4 sec
[TwinWall] projected 3067 node(s)
Step =    868: nodes = 31544, dt = 1.222301e-10, time = 8.034659e-08, elapsed = 3121.5 sec
[TwinWall] projected 3094 node(s)
Step =    869: nodes = 31539, dt = 7.333805e-11, time = 8.041993e-08, elapsed = 3126.1 sec
[TwinWall] projected 2953 node(s)
Step =    870: nodes = 31532, dt = 7.333805e-11, time = 8.049326e-08, elapsed = 3129.2 sec
[TwinWall] projected 2996 node(s)
Step =    871: nodes = 31551, dt = 8.800565e-11, time = 8.058127e-08, elapsed = 3132.2 sec
[TwinWall] projected 3100 node(s)
Step =    872: nodes = 31553, dt = 1.056068e-10, time = 8.068688e-08, elapsed = 3135.3 sec
[TwinWall] projected 2941 node(s)
Step =    873: nodes = 31552, dt = 6.336407e-11, time = 8.075024e-08, elapsed = 3140.1 sec
[TwinWall] projected 3029 node(s)
Step =    874: nodes = 31541, dt = 6.336407e-11, time = 8.081360e-08, elapsed = 3143.2 sec
[TwinWall] projected 3021 node(s)
Step =    875: nodes = 31535, dt = 7.603689e-11, time = 8.088964e-08, elapsed = 3146.2 sec
[TwinWall] projected 2990 node(s)
Step =    876: nodes = 31541, dt = 9.124426e-11, time = 8.098089e-08, elapsed = 3149.4 sec
[TwinWall] projected 3024 node(s)
Step =    877: nodes = 31531, dt = 1.094931e-10, time = 8.109038e-08, elapsed = 3152.4 sec
[TwinWall] projected 3031 node(s)
Step =    878: nodes = 31554, dt = 6.569587e-11, time = 8.115607e-08, elapsed = 3157.1 sec
[TwinWall] projected 2936 node(s)
Step =    879: nodes = 31544, dt = 6.569587e-11, time = 8.122177e-08, elapsed = 3160.1 sec
[TwinWall] projected 2874 node(s)
Step =    880: nodes = 31551, dt = 7.883504e-11, time = 8.130061e-08, elapsed = 3163.1 sec
[TwinWall] projected 3008 node(s)
Step =    881: nodes = 31532, dt = 9.460205e-11, time = 8.139521e-08, elapsed = 3166.6 sec
[TwinWall] projected 3002 node(s)
Step =    882: nodes = 31551, dt = 1.135225e-10, time = 8.150873e-08, elapsed = 3169.6 sec
[TwinWall] projected 2976 node(s)
Step =    883: nodes = 31539, dt = 6.811348e-11, time = 8.157684e-08, elapsed = 3174.3 sec
[TwinWall] projected 2913 node(s)
Step =    884: nodes = 31532, dt = 6.811348e-11, time = 8.164496e-08, elapsed = 3177.4 sec
[TwinWall] projected 2849 node(s)
Step =    885: nodes = 31534, dt = 8.173617e-11, time = 8.172669e-08, elapsed = 3180.4 sec
[TwinWall] projected 3020 node(s)
Step =    886: nodes = 31519, dt = 9.808341e-11, time = 8.182478e-08, elapsed = 3183.6 sec
[TwinWall] projected 3019 node(s)
Step =    887: nodes = 31497, dt = 1.177001e-10, time = 8.194248e-08, elapsed = 3186.7 sec
[TwinWall] projected 3016 node(s)
Step =    888: nodes = 31489, dt = 7.062005e-11, time = 8.201310e-08, elapsed = 3191.3 sec
[TwinWall] projected 2909 node(s)
Step =    889: nodes = 31483, dt = 7.062005e-11, time = 8.208372e-08, elapsed = 3194.3 sec
[TwinWall] projected 2926 node(s)
Step =    890: nodes = 31483, dt = 8.474406e-11, time = 8.216846e-08, elapsed = 3197.6 sec
[TwinWall] projected 3060 node(s)
Step =    891: nodes = 31472, dt = 1.016929e-10, time = 8.227015e-08, elapsed = 3200.7 sec
[TwinWall] projected 3016 node(s)
Step =    892: nodes = 31485, dt = 1.220315e-10, time = 8.239219e-08, elapsed = 3203.8 sec
[TwinWall] projected 2962 node(s)
Step =    893: nodes = 31483, dt = 7.321887e-11, time = 8.246540e-08, elapsed = 3208.4 sec
[TwinWall] projected 2868 node(s)
Step =    894: nodes = 31463, dt = 7.321887e-11, time = 8.253862e-08, elapsed = 3211.5 sec
[TwinWall] projected 3000 node(s)
Step =    895: nodes = 31493, dt = 8.786264e-11, time = 8.262649e-08, elapsed = 3214.6 sec
[TwinWall] projected 2995 node(s)
Step =    896: nodes = 31460, dt = 1.054352e-10, time = 8.273192e-08, elapsed = 3217.6 sec
[TwinWall] projected 3058 node(s)
Step =    897: nodes = 31441, dt = 1.265222e-10, time = 8.285844e-08, elapsed = 3220.8 sec
[TwinWall] projected 2863 node(s)
Step =    898: nodes = 31444, dt = 7.591333e-11, time = 8.293436e-08, elapsed = 3225.4 sec
[TwinWall] projected 2885 node(s)
Step =    899: nodes = 31449, dt = 7.591333e-11, time = 8.301027e-08, elapsed = 3228.5 sec
[TwinWall] projected 2951 node(s)
Step =    900: nodes = 31443, dt = 9.109599e-11, time = 8.310137e-08, elapsed = 3231.6 sec
Writing configuration in legacy data format
 Output file: /data/home/dg000246b/openDIS/HomeWork/output_relax/config.900.data
Writing restart file
 Restart file: /data/home/dg000246b/openDIS/HomeWork/output_relax/restart.900.exadis
[TwinWall] projected 3023 node(s)
Step =    901: nodes = 31449, dt = 1.093152e-10, time = 8.321068e-08, elapsed = 3235.1 sec
[TwinWall] projected 2872 node(s)
Step =    902: nodes = 31461, dt = 6.558911e-11, time = 8.327627e-08, elapsed = 3239.8 sec
[TwinWall] projected 2773 node(s)
Step =    903: nodes = 31459, dt = 6.558911e-11, time = 8.334186e-08, elapsed = 3242.8 sec
[TwinWall] projected 2921 node(s)
Step =    904: nodes = 31466, dt = 7.870694e-11, time = 8.342057e-08, elapsed = 3246.0 sec
[TwinWall] projected 2904 node(s)
Step =    905: nodes = 31440, dt = 9.444832e-11, time = 8.351501e-08, elapsed = 3249.0 sec
[TwinWall] projected 2969 node(s)
Step =    906: nodes = 31452, dt = 1.133380e-10, time = 8.362835e-08, elapsed = 3252.1 sec
[TwinWall] projected 2853 node(s)
Step =    907: nodes = 31470, dt = 6.800279e-11, time = 8.369636e-08, elapsed = 3256.9 sec
[TwinWall] projected 2904 node(s)
Step =    908: nodes = 31457, dt = 6.800279e-11, time = 8.376436e-08, elapsed = 3260.0 sec
[TwinWall] projected 2936 node(s)
Step =    909: nodes = 31443, dt = 8.160335e-11, time = 8.384596e-08, elapsed = 3263.1 sec
[TwinWall] projected 2903 node(s)
Step =    910: nodes = 31459, dt = 9.792402e-11, time = 8.394389e-08, elapsed = 3266.2 sec
[TwinWall] projected 2947 node(s)
Step =    911: nodes = 31469, dt = 1.175088e-10, time = 8.406139e-08, elapsed = 3269.3 sec
[TwinWall] projected 2905 node(s)
Step =    912: nodes = 31442, dt = 7.050529e-11, time = 8.413190e-08, elapsed = 3273.9 sec
[TwinWall] projected 2862 node(s)
Step =    913: nodes = 31426, dt = 7.050529e-11, time = 8.420240e-08, elapsed = 3277.0 sec
[TwinWall] projected 2858 node(s)
Step =    914: nodes = 31424, dt = 8.460635e-11, time = 8.428701e-08, elapsed = 3280.0 sec
[TwinWall] projected 2954 node(s)
Step =    915: nodes = 31395, dt = 1.015276e-10, time = 8.438854e-08, elapsed = 3283.2 sec
[TwinWall] projected 2935 node(s)
Step =    916: nodes = 31376, dt = 1.218331e-10, time = 8.451037e-08, elapsed = 3286.6 sec
[TwinWall] projected 2887 node(s)
Step =    917: nodes = 31385, dt = 7.309989e-11, time = 8.458347e-08, elapsed = 3291.3 sec
[TwinWall] projected 2771 node(s)
Step =    918: nodes = 31387, dt = 7.309989e-11, time = 8.465657e-08, elapsed = 3294.3 sec
[TwinWall] projected 2919 node(s)
Step =    919: nodes = 31392, dt = 8.771987e-11, time = 8.474429e-08, elapsed = 3297.4 sec
[TwinWall] projected 2882 node(s)
Step =    920: nodes = 31401, dt = 1.052638e-10, time = 8.484956e-08, elapsed = 3300.4 sec
[TwinWall] projected 3017 node(s)
Step =    921: nodes = 31389, dt = 1.263166e-10, time = 8.497587e-08, elapsed = 3303.7 sec
[TwinWall] projected 2829 node(s)
Step =    922: nodes = 31411, dt = 7.578997e-11, time = 8.505166e-08, elapsed = 3308.3 sec
[TwinWall] projected 2950 node(s)
Step =    923: nodes = 31393, dt = 7.578997e-11, time = 8.512745e-08, elapsed = 3311.5 sec
[TwinWall] projected 2961 node(s)
Step =    924: nodes = 31388, dt = 9.094796e-11, time = 8.521840e-08, elapsed = 3314.5 sec
[TwinWall] projected 2981 node(s)
Step =    925: nodes = 31395, dt = 1.091376e-10, time = 8.532754e-08, elapsed = 3317.8 sec
[TwinWall] projected 3002 node(s)
Step =    926: nodes = 31395, dt = 1.309651e-10, time = 8.545850e-08, elapsed = 3320.9 sec
[TwinWall] projected 2952 node(s)
Step =    927: nodes = 31386, dt = 7.857904e-11, time = 8.553708e-08, elapsed = 3325.6 sec
[TwinWall] projected 2851 node(s)
Step =    928: nodes = 31402, dt = 7.857904e-11, time = 8.561566e-08, elapsed = 3328.6 sec
[TwinWall] projected 3008 node(s)
Step =    929: nodes = 31406, dt = 9.429484e-11, time = 8.570996e-08, elapsed = 3331.7 sec
[TwinWall] projected 2938 node(s)
Step =    930: nodes = 31396, dt = 1.131538e-10, time = 8.582311e-08, elapsed = 3334.7 sec
[TwinWall] projected 2949 node(s)
Step =    931: nodes = 31402, dt = 6.789229e-11, time = 8.589100e-08, elapsed = 3339.4 sec
[TwinWall] projected 2894 node(s)
Step =    932: nodes = 31399, dt = 6.789229e-11, time = 8.595889e-08, elapsed = 3342.4 sec
[TwinWall] projected 2816 node(s)
Step =    933: nodes = 31402, dt = 8.147075e-11, time = 8.604036e-08, elapsed = 3345.3 sec
[TwinWall] projected 2979 node(s)
Step =    934: nodes = 31434, dt = 9.776489e-11, time = 8.613813e-08, elapsed = 3348.5 sec
[TwinWall] projected 3024 node(s)
Step =    935: nodes = 31416, dt = 1.173179e-10, time = 8.625545e-08, elapsed = 3351.6 sec
[TwinWall] projected 2946 node(s)
Step =    936: nodes = 31399, dt = 7.039072e-11, time = 8.632584e-08, elapsed = 3356.2 sec
[TwinWall] projected 2844 node(s)
Step =    937: nodes = 31406, dt = 7.039072e-11, time = 8.639623e-08, elapsed = 3359.2 sec
[TwinWall] projected 2959 node(s)
Step =    938: nodes = 31410, dt = 8.446887e-11, time = 8.648070e-08, elapsed = 3362.3 sec
[TwinWall] projected 2977 node(s)
Step =    939: nodes = 31417, dt = 1.013626e-10, time = 8.658206e-08, elapsed = 3365.4 sec
[TwinWall] projected 3018 node(s)
Step =    940: nodes = 31394, dt = 1.216352e-10, time = 8.670370e-08, elapsed = 3368.6 sec
[TwinWall] projected 2829 node(s)
Step =    941: nodes = 31416, dt = 7.298110e-11, time = 8.677668e-08, elapsed = 3373.1 sec
[TwinWall] projected 2861 node(s)
Step =    942: nodes = 31411, dt = 7.298110e-11, time = 8.684966e-08, elapsed = 3376.5 sec
[TwinWall] projected 2936 node(s)
Step =    943: nodes = 31406, dt = 8.757732e-11, time = 8.693724e-08, elapsed = 3379.6 sec
[TwinWall] projected 2970 node(s)
Step =    944: nodes = 31405, dt = 1.050928e-10, time = 8.704233e-08, elapsed = 3382.7 sec
[TwinWall] projected 2917 node(s)
Step =    945: nodes = 31408, dt = 6.305567e-11, time = 8.710538e-08, elapsed = 3387.3 sec
[TwinWall] projected 2840 node(s)
Step =    946: nodes = 31417, dt = 6.305567e-11, time = 8.716844e-08, elapsed = 3390.3 sec
[TwinWall] projected 2778 node(s)
Step =    947: nodes = 31426, dt = 7.566681e-11, time = 8.724411e-08, elapsed = 3393.4 sec
[TwinWall] projected 2924 node(s)
Step =    948: nodes = 31417, dt = 9.080017e-11, time = 8.733491e-08, elapsed = 3396.5 sec
[TwinWall] projected 2934 node(s)
Step =    949: nodes = 31433, dt = 1.089602e-10, time = 8.744387e-08, elapsed = 3399.6 sec
[TwinWall] projected 3015 node(s)
Step =    950: nodes = 31413, dt = 1.307522e-10, time = 8.757462e-08, elapsed = 3402.8 sec
[TwinWall] projected 2876 node(s)
Step =    951: nodes = 31426, dt = 7.845135e-11, time = 8.765307e-08, elapsed = 3407.6 sec
[TwinWall] projected 2863 node(s)
Step =    952: nodes = 31415, dt = 7.845135e-11, time = 8.773152e-08, elapsed = 3410.8 sec
[TwinWall] projected 2905 node(s)
Step =    953: nodes = 31421, dt = 9.414161e-11, time = 8.782566e-08, elapsed = 3413.9 sec
[TwinWall] projected 3000 node(s)
Step =    954: nodes = 31408, dt = 1.129699e-10, time = 8.793863e-08, elapsed = 3417.0 sec
[TwinWall] projected 3023 node(s)
Step =    955: nodes = 31413, dt = 1.355639e-10, time = 8.807420e-08, elapsed = 3420.2 sec
[TwinWall] projected 2813 node(s)
Step =    956: nodes = 31420, dt = 8.133835e-11, time = 8.815554e-08, elapsed = 3424.8 sec
[TwinWall] projected 2910 node(s)
Step =    957: nodes = 31422, dt = 8.133835e-11, time = 8.823687e-08, elapsed = 3428.0 sec
[TwinWall] projected 2855 node(s)
Step =    958: nodes = 31395, dt = 9.760603e-11, time = 8.833448e-08, elapsed = 3431.0 sec
[TwinWall] projected 2965 node(s)
Step =    959: nodes = 31385, dt = 1.171272e-10, time = 8.845161e-08, elapsed = 3434.1 sec
[TwinWall] projected 3059 node(s)
Step =    960: nodes = 31373, dt = 1.405527e-10, time = 8.859216e-08, elapsed = 3437.4 sec
[TwinWall] projected 2926 node(s)
Step =    961: nodes = 31387, dt = 8.433161e-11, time = 8.867649e-08, elapsed = 3442.0 sec
[TwinWall] projected 2888 node(s)
Step =    962: nodes = 31401, dt = 8.433161e-11, time = 8.876082e-08, elapsed = 3445.1 sec
[TwinWall] projected 2988 node(s)
Step =    963: nodes = 31398, dt = 1.011979e-10, time = 8.886202e-08, elapsed = 3448.2 sec
[TwinWall] projected 2946 node(s)
Step =    964: nodes = 31371, dt = 1.214375e-10, time = 8.898346e-08, elapsed = 3451.3 sec
[TwinWall] projected 2874 node(s)
Step =    965: nodes = 31360, dt = 7.286251e-11, time = 8.905632e-08, elapsed = 3456.0 sec
[TwinWall] projected 2869 node(s)
Step =    966: nodes = 31347, dt = 7.286251e-11, time = 8.912918e-08, elapsed = 3459.0 sec
[TwinWall] projected 2969 node(s)
Step =    967: nodes = 31368, dt = 8.743501e-11, time = 8.921662e-08, elapsed = 3462.1 sec
[TwinWall] projected 2944 node(s)
Step =    968: nodes = 31354, dt = 1.049220e-10, time = 8.932154e-08, elapsed = 3465.2 sec
[TwinWall] projected 3005 node(s)
Step =    969: nodes = 31342, dt = 1.259064e-10, time = 8.944745e-08, elapsed = 3468.5 sec
[TwinWall] projected 2867 node(s)
Step =    970: nodes = 31349, dt = 7.554385e-11, time = 8.952299e-08, elapsed = 3473.1 sec
[TwinWall] projected 2866 node(s)
Step =    971: nodes = 31361, dt = 7.554385e-11, time = 8.959853e-08, elapsed = 3476.2 sec
[TwinWall] projected 2965 node(s)
Step =    972: nodes = 31348, dt = 9.065262e-11, time = 8.968919e-08, elapsed = 3479.3 sec
[TwinWall] projected 2937 node(s)
Step =    973: nodes = 31348, dt = 1.087831e-10, time = 8.979797e-08, elapsed = 3482.4 sec
[TwinWall] projected 2968 node(s)
Step =    974: nodes = 31353, dt = 1.305398e-10, time = 8.992851e-08, elapsed = 3485.5 sec
[TwinWall] projected 2935 node(s)
Step =    975: nodes = 31359, dt = 7.832386e-11, time = 9.000683e-08, elapsed = 3490.2 sec
[TwinWall] projected 2886 node(s)
Step =    976: nodes = 31371, dt = 7.832386e-11, time = 9.008516e-08, elapsed = 3493.2 sec
[TwinWall] projected 2943 node(s)
Step =    977: nodes = 31351, dt = 9.398863e-11, time = 9.017915e-08, elapsed = 3496.3 sec
[TwinWall] projected 2938 node(s)
Step =    978: nodes = 31347, dt = 1.127864e-10, time = 9.029193e-08, elapsed = 3499.4 sec
[TwinWall] projected 2790 node(s)
Step =    979: nodes = 31347, dt = 6.767182e-11, time = 9.035960e-08, elapsed = 3504.0 sec
[TwinWall] projected 2828 node(s)
Step =    980: nodes = 31334, dt = 6.767182e-11, time = 9.042728e-08, elapsed = 3507.0 sec
[TwinWall] projected 2810 node(s)
Step =    981: nodes = 31336, dt = 8.120618e-11, time = 9.050848e-08, elapsed = 3510.0 sec
[TwinWall] projected 2869 node(s)
Step =    982: nodes = 31315, dt = 9.744742e-11, time = 9.060593e-08, elapsed = 3513.1 sec
[TwinWall] projected 2882 node(s)
Step =    983: nodes = 31311, dt = 1.169369e-10, time = 9.072287e-08, elapsed = 3516.2 sec
[TwinWall] projected 3014 node(s)
Step =    984: nodes = 31283, dt = 1.403243e-10, time = 9.086319e-08, elapsed = 3519.4 sec
[TwinWall] projected 2958 node(s)
Step =    985: nodes = 31275, dt = 8.419457e-11, time = 9.094739e-08, elapsed = 3524.0 sec
[TwinWall] projected 2800 node(s)
Step =    986: nodes = 31300, dt = 8.419457e-11, time = 9.103158e-08, elapsed = 3527.3 sec
[TwinWall] projected 2984 node(s)
Step =    987: nodes = 31297, dt = 1.010335e-10, time = 9.113261e-08, elapsed = 3530.4 sec
[TwinWall] projected 2880 node(s)
Step =    988: nodes = 31298, dt = 1.212402e-10, time = 9.125385e-08, elapsed = 3533.5 sec
[TwinWall] projected 2890 node(s)
Step =    989: nodes = 31305, dt = 7.274411e-11, time = 9.132660e-08, elapsed = 3538.1 sec
[TwinWall] projected 2838 node(s)
Step =    990: nodes = 31330, dt = 7.274411e-11, time = 9.139934e-08, elapsed = 3541.2 sec
[TwinWall] projected 2733 node(s)
Step =    991: nodes = 31342, dt = 8.729293e-11, time = 9.148663e-08, elapsed = 3544.2 sec
[TwinWall] projected 2924 node(s)
Step =    992: nodes = 31335, dt = 1.047515e-10, time = 9.159139e-08, elapsed = 3547.3 sec
[TwinWall] projected 2945 node(s)
Step =    993: nodes = 31284, dt = 1.257018e-10, time = 9.171709e-08, elapsed = 3550.4 sec
[TwinWall] projected 2877 node(s)
Step =    994: nodes = 31299, dt = 7.542109e-11, time = 9.179251e-08, elapsed = 3555.1 sec
[TwinWall] projected 2798 node(s)
Step =    995: nodes = 31278, dt = 7.542109e-11, time = 9.186793e-08, elapsed = 3558.3 sec
[TwinWall] projected 2909 node(s)
Step =    996: nodes = 31271, dt = 9.050531e-11, time = 9.195844e-08, elapsed = 3561.3 sec
[TwinWall] projected 2891 node(s)
Step =    997: nodes = 31269, dt = 1.086064e-10, time = 9.206704e-08, elapsed = 3564.4 sec
[TwinWall] projected 2963 node(s)
Step =    998: nodes = 31272, dt = 1.303276e-10, time = 9.219737e-08, elapsed = 3567.5 sec
[TwinWall] projected 2836 node(s)
Step =    999: nodes = 31279, dt = 7.819659e-11, time = 9.227557e-08, elapsed = 3572.1 sec
[TwinWall] projected 2861 node(s)
Step =   1000: nodes = 31287, dt = 7.819659e-11, time = 9.235376e-08, elapsed = 3575.2 sec
Writing configuration in legacy data format
 Output file: /data/home/dg000246b/openDIS/HomeWork/output_relax/config.1000.data
Writing restart file
 Restart file: /data/home/dg000246b/openDIS/HomeWork/output_relax/restart.1000.exadis
[TwinWall] projected 2852 node(s)
Step =   1001: nodes = 31299, dt = 9.383590e-11, time = 9.244760e-08, elapsed = 3578.6 sec
[TwinWall] projected 2882 node(s)
Step =   1002: nodes = 31282, dt = 1.126031e-10, time = 9.256020e-08, elapsed = 3581.7 sec
[TwinWall] projected 2811 node(s)
Step =   1003: nodes = 31280, dt = 6.756185e-11, time = 9.262776e-08, elapsed = 3586.3 sec
[TwinWall] projected 2709 node(s)
Step =   1004: nodes = 31294, dt = 6.756185e-11, time = 9.269533e-08, elapsed = 3589.5 sec
[TwinWall] projected 2696 node(s)
Step =   1005: nodes = 31310, dt = 8.107422e-11, time = 9.277640e-08, elapsed = 3592.4 sec
[TwinWall] projected 2817 node(s)
Step =   1006: nodes = 31291, dt = 9.728906e-11, time = 9.287369e-08, elapsed = 3595.5 sec
[TwinWall] projected 2882 node(s)
Step =   1007: nodes = 31273, dt = 1.167469e-10, time = 9.299044e-08, elapsed = 3598.7 sec
[TwinWall] projected 2890 node(s)
Step =   1008: nodes = 31265, dt = 1.400963e-10, time = 9.313053e-08, elapsed = 3601.9 sec
[TwinWall] projected 2883 node(s)
Step =   1009: nodes = 31260, dt = 8.405775e-11, time = 9.321459e-08, elapsed = 3606.6 sec
[TwinWall] projected 2778 node(s)
Step =   1010: nodes = 31255, dt = 8.405775e-11, time = 9.329865e-08, elapsed = 3609.6 sec
[TwinWall] projected 2919 node(s)
Step =   1011: nodes = 31243, dt = 1.008693e-10, time = 9.339952e-08, elapsed = 3612.7 sec
[TwinWall] projected 2861 node(s)
Step =   1012: nodes = 31250, dt = 1.210432e-10, time = 9.352056e-08, elapsed = 3615.7 sec
[TwinWall] projected 2866 node(s)
Step =   1013: nodes = 31241, dt = 7.262590e-11, time = 9.359319e-08, elapsed = 3620.3 sec
[TwinWall] projected 2760 node(s)
Step =   1014: nodes = 31251, dt = 7.262590e-11, time = 9.366581e-08, elapsed = 3623.3 sec
[TwinWall] projected 2700 node(s)
Step =   1015: nodes = 31244, dt = 8.715108e-11, time = 9.375296e-08, elapsed = 3626.3 sec
[TwinWall] projected 2852 node(s)
Step =   1016: nodes = 31238, dt = 1.045813e-10, time = 9.385754e-08, elapsed = 3629.3 sec
[TwinWall] projected 2889 node(s)
Step =   1017: nodes = 31243, dt = 1.254975e-10, time = 9.398304e-08, elapsed = 3632.4 sec
[TwinWall] projected 2830 node(s)
Step =   1018: nodes = 31254, dt = 7.529853e-11, time = 9.405834e-08, elapsed = 3636.9 sec
[TwinWall] projected 2723 node(s)
Step =   1019: nodes = 31258, dt = 7.529853e-11, time = 9.413364e-08, elapsed = 3639.9 sec
[TwinWall] projected 2863 node(s)
Step =   1020: nodes = 31255, dt = 9.035824e-11, time = 9.422400e-08, elapsed = 3643.0 sec
[TwinWall] projected 2831 node(s)
Step =   1021: nodes = 31284, dt = 1.084299e-10, time = 9.433243e-08, elapsed = 3646.0 sec
[TwinWall] projected 2971 node(s)
Step =   1022: nodes = 31233, dt = 1.301159e-10, time = 9.446254e-08, elapsed = 3649.1 sec
[TwinWall] projected 2724 node(s)
Step =   1023: nodes = 31240, dt = 7.806952e-11, time = 9.454061e-08, elapsed = 3653.6 sec
[TwinWall] projected 2833 node(s)
Step =   1024: nodes = 31232, dt = 7.806952e-11, time = 9.461868e-08, elapsed = 3656.7 sec
[TwinWall] projected 2887 node(s)
Step =   1025: nodes = 31229, dt = 9.368342e-11, time = 9.471237e-08, elapsed = 3659.7 sec
[TwinWall] projected 2898 node(s)
Step =   1026: nodes = 31239, dt = 1.124201e-10, time = 9.482479e-08, elapsed = 3662.8 sec
[TwinWall] projected 2906 node(s)
Step =   1027: nodes = 31255, dt = 1.349041e-10, time = 9.495969e-08, elapsed = 3665.9 sec
[TwinWall] projected 2897 node(s)
Step =   1028: nodes = 31283, dt = 8.094247e-11, time = 9.504063e-08, elapsed = 3670.5 sec
[TwinWall] projected 2755 node(s)
Step =   1029: nodes = 31276, dt = 8.094247e-11, time = 9.512157e-08, elapsed = 3673.5 sec
[TwinWall] projected 2923 node(s)
Step =   1030: nodes = 31263, dt = 9.713097e-11, time = 9.521871e-08, elapsed = 3676.6 sec
[TwinWall] projected 2848 node(s)
Step =   1031: nodes = 31279, dt = 1.165572e-10, time = 9.533526e-08, elapsed = 3679.8 sec
[TwinWall] projected 2952 node(s)
Step =   1032: nodes = 31263, dt = 1.398686e-10, time = 9.547513e-08, elapsed = 3682.9 sec
[TwinWall] projected 2730 node(s)
Step =   1033: nodes = 31289, dt = 8.392116e-11, time = 9.555905e-08, elapsed = 3687.5 sec
[TwinWall] projected 2765 node(s)
Step =   1034: nodes = 31270, dt = 8.392116e-11, time = 9.564297e-08, elapsed = 3690.6 sec
[TwinWall] projected 2781 node(s)
Step =   1035: nodes = 31277, dt = 1.007054e-10, time = 9.574368e-08, elapsed = 3693.6 sec
[TwinWall] projected 2908 node(s)
Step =   1036: nodes = 31265, dt = 1.208465e-10, time = 9.586453e-08, elapsed = 3696.7 sec
[TwinWall] projected 2752 node(s)
Step =   1037: nodes = 31256, dt = 7.250788e-11, time = 9.593703e-08, elapsed = 3701.2 sec
[TwinWall] projected 2780 node(s)
Step =   1038: nodes = 31265, dt = 7.250788e-11, time = 9.600954e-08, elapsed = 3704.2 sec
[TwinWall] projected 2788 node(s)
Step =   1039: nodes = 31274, dt = 8.700946e-11, time = 9.609655e-08, elapsed = 3707.5 sec
[TwinWall] projected 2875 node(s)
Step =   1040: nodes = 31279, dt = 1.044113e-10, time = 9.620096e-08, elapsed = 3710.5 sec
[TwinWall] projected 2714 node(s)
Step =   1041: nodes = 31284, dt = 6.264681e-11, time = 9.626361e-08, elapsed = 3715.2 sec
[TwinWall] projected 2671 node(s)
Step =   1042: nodes = 31276, dt = 6.264681e-11, time = 9.632626e-08, elapsed = 3718.2 sec
[TwinWall] projected 2705 node(s)
Step =   1043: nodes = 31274, dt = 7.517617e-11, time = 9.640143e-08, elapsed = 3721.2 sec
[TwinWall] projected 2834 node(s)
Step =   1044: nodes = 31262, dt = 9.021140e-11, time = 9.649164e-08, elapsed = 3724.3 sec
[TwinWall] projected 2835 node(s)
Step =   1045: nodes = 31274, dt = 1.082537e-10, time = 9.659990e-08, elapsed = 3727.4 sec
[TwinWall] projected 2919 node(s)
Step =   1046: nodes = 31252, dt = 1.299044e-10, time = 9.672980e-08, elapsed = 3730.5 sec
[TwinWall] projected 2804 node(s)
Step =   1047: nodes = 31276, dt = 7.794265e-11, time = 9.680774e-08, elapsed = 3735.1 sec
[TwinWall] projected 2796 node(s)
Step =   1048: nodes = 31293, dt = 7.794265e-11, time = 9.688569e-08, elapsed = 3738.4 sec
[TwinWall] projected 2797 node(s)
Step =   1049: nodes = 31286, dt = 9.353118e-11, time = 9.697922e-08, elapsed = 3741.4 sec
[TwinWall] projected 2898 node(s)
Step =   1050: nodes = 31274, dt = 1.122374e-10, time = 9.709145e-08, elapsed = 3744.6 sec
[TwinWall] projected 2960 node(s)
Step =   1051: nodes = 31247, dt = 1.346849e-10, time = 9.722614e-08, elapsed = 3747.8 sec
[TwinWall] projected 2980 node(s)
Step =   1052: nodes = 31242, dt = 1.616219e-10, time = 9.738776e-08, elapsed = 3751.0 sec
[TwinWall] projected 2699 node(s)
Step =   1053: nodes = 31251, dt = 4.848657e-11, time = 9.743625e-08, elapsed = 3757.1 sec
[TwinWall] projected 2529 node(s)
Step =   1054: nodes = 31265, dt = 4.848657e-11, time = 9.748473e-08, elapsed = 3760.1 sec
[TwinWall] projected 2674 node(s)
Step =   1055: nodes = 31266, dt = 5.818388e-11, time = 9.754292e-08, elapsed = 3763.2 sec
[TwinWall] projected 2688 node(s)
Step =   1056: nodes = 31288, dt = 6.982065e-11, time = 9.761274e-08, elapsed = 3766.2 sec
[TwinWall] projected 2651 node(s)
Step =   1057: nodes = 31300, dt = 8.378478e-11, time = 9.769652e-08, elapsed = 3769.2 sec
[TwinWall] projected 2819 node(s)
Step =   1058: nodes = 31292, dt = 1.005417e-10, time = 9.779707e-08, elapsed = 3772.3 sec
[TwinWall] projected 2875 node(s)
Step =   1059: nodes = 31274, dt = 1.206501e-10, time = 9.791772e-08, elapsed = 3775.6 sec
[TwinWall] projected 2785 node(s)
Step =   1060: nodes = 31263, dt = 7.239005e-11, time = 9.799011e-08, elapsed = 3780.2 sec
[TwinWall] projected 2717 node(s)
Step =   1061: nodes = 31264, dt = 7.239005e-11, time = 9.806250e-08, elapsed = 3783.2 sec
[TwinWall] projected 2861 node(s)
Step =   1062: nodes = 31270, dt = 8.686807e-11, time = 9.814936e-08, elapsed = 3786.3 sec
[TwinWall] projected 2844 node(s)
Step =   1063: nodes = 31290, dt = 1.042417e-10, time = 9.825361e-08, elapsed = 3789.4 sec
[TwinWall] projected 2963 node(s)
Step =   1064: nodes = 31258, dt = 1.250900e-10, time = 9.837870e-08, elapsed = 3792.5 sec
[TwinWall] projected 2722 node(s)
Step =   1065: nodes = 31265, dt = 7.505401e-11, time = 9.845375e-08, elapsed = 3797.3 sec
[TwinWall] projected 2854 node(s)
Step =   1066: nodes = 31272, dt = 7.505401e-11, time = 9.852880e-08, elapsed = 3800.4 sec
[TwinWall] projected 2834 node(s)
Step =   1067: nodes = 31258, dt = 9.006481e-11, time = 9.861887e-08, elapsed = 3803.5 sec
[TwinWall] projected 2876 node(s)
Step =   1068: nodes = 31254, dt = 1.080778e-10, time = 9.872695e-08, elapsed = 3806.6 sec
[TwinWall] projected 2957 node(s)
Step =   1069: nodes = 31250, dt = 1.296933e-10, time = 9.885664e-08, elapsed = 3809.8 sec
[TwinWall] projected 2884 node(s)
Step =   1070: nodes = 31256, dt = 7.781600e-11, time = 9.893446e-08, elapsed = 3814.4 sec
[TwinWall] projected 2709 node(s)
Step =   1071: nodes = 31269, dt = 7.781600e-11, time = 9.901227e-08, elapsed = 3817.5 sec
[TwinWall] projected 2892 node(s)
Step =   1072: nodes = 31278, dt = 9.337919e-11, time = 9.910565e-08, elapsed = 3820.6 sec
[TwinWall] projected 2831 node(s)
Step =   1073: nodes = 31292, dt = 1.120550e-10, time = 9.921771e-08, elapsed = 3823.6 sec
[TwinWall] projected 2950 node(s)
Step =   1074: nodes = 31251, dt = 1.344660e-10, time = 9.935217e-08, elapsed = 3827.2 sec
[TwinWall] projected 2717 node(s)
Step =   1075: nodes = 31252, dt = 8.067962e-11, time = 9.943285e-08, elapsed = 3831.7 sec
[TwinWall] projected 2788 node(s)
Step =   1076: nodes = 31271, dt = 8.067962e-11, time = 9.951353e-08, elapsed = 3834.8 sec
[TwinWall] projected 2827 node(s)
Step =   1077: nodes = 31268, dt = 9.681555e-11, time = 9.961035e-08, elapsed = 3837.8 sec
[TwinWall] projected 2883 node(s)
Step =   1078: nodes = 31253, dt = 1.161787e-10, time = 9.972653e-08, elapsed = 3840.9 sec
[TwinWall] projected 3000 node(s)
Step =   1079: nodes = 31254, dt = 1.394144e-10, time = 9.986594e-08, elapsed = 3844.1 sec
[TwinWall] projected 2906 node(s)
Step =   1080: nodes = 31259, dt = 8.364863e-11, time = 9.994959e-08, elapsed = 3848.7 sec
[TwinWall] projected 2716 node(s)
Step =   1081: nodes = 31290, dt = 8.364863e-11, time = 1.000332e-07, elapsed = 3851.7 sec
[TwinWall] projected 2876 node(s)
Step =   1082: nodes = 31293, dt = 1.003784e-10, time = 1.001336e-07, elapsed = 3854.8 sec
[TwinWall] projected 2771 node(s)
Step =   1083: nodes = 31289, dt = 1.204540e-10, time = 1.002541e-07, elapsed = 3858.0 sec
[TwinWall] projected 2830 node(s)
Step =   1084: nodes = 31287, dt = 7.227242e-11, time = 1.003263e-07, elapsed = 3862.7 sec
[TwinWall] projected 2809 node(s)
Step =   1085: nodes = 31306, dt = 7.227242e-11, time = 1.003986e-07, elapsed = 3865.8 sec
[TwinWall] projected 2628 node(s)
Step =   1086: nodes = 31289, dt = 8.672690e-11, time = 1.004853e-07, elapsed = 3868.7 sec
[TwinWall] projected 2868 node(s)
Step =   1087: nodes = 31295, dt = 1.040723e-10, time = 1.005894e-07, elapsed = 3871.9 sec
[TwinWall] projected 2776 node(s)
Step =   1088: nodes = 31301, dt = 1.248867e-10, time = 1.007143e-07, elapsed = 3874.9 sec
[TwinWall] projected 2810 node(s)
Step =   1089: nodes = 31315, dt = 7.493205e-11, time = 1.007892e-07, elapsed = 3879.6 sec
[TwinWall] projected 2741 node(s)
Step =   1090: nodes = 31287, dt = 7.493205e-11, time = 1.008642e-07, elapsed = 3882.6 sec
[TwinWall] projected 2908 node(s)
Step =   1091: nodes = 31269, dt = 8.991845e-11, time = 1.009541e-07, elapsed = 3885.8 sec
[TwinWall] projected 2876 node(s)
Step =   1092: nodes = 31278, dt = 1.079021e-10, time = 1.010620e-07, elapsed = 3888.9 sec
[TwinWall] projected 2868 node(s)
Step =   1093: nodes = 31276, dt = 6.474129e-11, time = 1.011267e-07, elapsed = 3893.6 sec
[TwinWall] projected 2778 node(s)
Step =   1094: nodes = 31279, dt = 6.474129e-11, time = 1.011915e-07, elapsed = 3896.6 sec
[TwinWall] projected 2676 node(s)
Step =   1095: nodes = 31284, dt = 7.768954e-11, time = 1.012692e-07, elapsed = 3899.6 sec
[TwinWall] projected 2855 node(s)
Step =   1096: nodes = 31274, dt = 9.322745e-11, time = 1.013624e-07, elapsed = 3902.7 sec
[TwinWall] projected 2821 node(s)
Step =   1097: nodes = 31288, dt = 1.118729e-10, time = 1.014743e-07, elapsed = 3905.8 sec
[TwinWall] projected 2935 node(s)
Step =   1098: nodes = 31264, dt = 1.342475e-10, time = 1.016085e-07, elapsed = 3908.9 sec
[TwinWall] projected 2731 node(s)
Step =   1099: nodes = 31279, dt = 8.054852e-11, time = 1.016891e-07, elapsed = 3913.5 sec
[TwinWall] projected 2797 node(s)
Step =   1100: nodes = 31286, dt = 8.054852e-11, time = 1.017696e-07, elapsed = 3916.6 sec
Writing configuration in legacy data format
 Output file: /data/home/dg000246b/openDIS/HomeWork/output_relax/config.1100.data
Writing restart file
 Restart file: /data/home/dg000246b/openDIS/HomeWork/output_relax/restart.1100.exadis
[TwinWall] projected 2822 node(s)
Step =   1101: nodes = 31294, dt = 9.665822e-11, time = 1.018663e-07, elapsed = 3920.0 sec
[TwinWall] projected 2917 node(s)
Step =   1102: nodes = 31285, dt = 1.159899e-10, time = 1.019823e-07, elapsed = 3923.2 sec
[TwinWall] projected 2993 node(s)
Step =   1103: nodes = 31285, dt = 1.391878e-10, time = 1.021214e-07, elapsed = 3926.4 sec
[TwinWall] projected 2801 node(s)
Step =   1104: nodes = 31275, dt = 8.351271e-11, time = 1.022050e-07, elapsed = 3931.1 sec
[TwinWall] projected 2878 node(s)
Step =   1105: nodes = 31278, dt = 8.351271e-11, time = 1.022885e-07, elapsed = 3934.2 sec
[TwinWall] projected 2803 node(s)
Step =   1106: nodes = 31277, dt = 1.002152e-10, time = 1.023887e-07, elapsed = 3937.3 sec
[TwinWall] projected 2889 node(s)
Step =   1107: nodes = 31286, dt = 1.202583e-10, time = 1.025089e-07, elapsed = 3940.5 sec
[TwinWall] projected 2693 node(s)
Step =   1108: nodes = 31277, dt = 7.215498e-11, time = 1.025811e-07, elapsed = 3945.1 sec
[TwinWall] projected 2781 node(s)
Step =   1109: nodes = 31283, dt = 7.215498e-11, time = 1.026532e-07, elapsed = 3948.4 sec
[TwinWall] projected 2808 node(s)
Step =   1110: nodes = 31281, dt = 8.658597e-11, time = 1.027398e-07, elapsed = 3951.4 sec
[TwinWall] projected 2901 node(s)
Step =   1111: nodes = 31299, dt = 1.039032e-10, time = 1.028437e-07, elapsed = 3954.5 sec
[TwinWall] projected 2933 node(s)
Step =   1112: nodes = 31283, dt = 1.246838e-10, time = 1.029684e-07, elapsed = 3957.8 sec
[TwinWall] projected 2816 node(s)
Step =   1113: nodes = 31291, dt = 7.481028e-11, time = 1.030432e-07, elapsed = 3962.4 sec
[TwinWall] projected 2688 node(s)
Step =   1114: nodes = 31280, dt = 7.481028e-11, time = 1.031180e-07, elapsed = 3965.3 sec
[TwinWall] projected 2851 node(s)
Step =   1115: nodes = 31281, dt = 8.977234e-11, time = 1.032078e-07, elapsed = 3968.5 sec
[TwinWall] projected 2842 node(s)
Step =   1116: nodes = 31268, dt = 1.077268e-10, time = 1.033155e-07, elapsed = 3971.5 sec
[TwinWall] projected 2911 node(s)
Step =   1117: nodes = 31241, dt = 1.292722e-10, time = 1.034448e-07, elapsed = 3974.7 sec
[TwinWall] projected 2684 node(s)
Step =   1118: nodes = 31240, dt = 7.756330e-11, time = 1.035224e-07, elapsed = 3979.4 sec
[TwinWall] projected 2786 node(s)
Step =   1119: nodes = 31228, dt = 7.756330e-11, time = 1.035999e-07, elapsed = 3982.5 sec
[TwinWall] projected 2814 node(s)
Step =   1120: nodes = 31245, dt = 9.307596e-11, time = 1.036930e-07, elapsed = 3985.6 sec
[TwinWall] projected 2906 node(s)
Step =   1121: nodes = 31237, dt = 1.116912e-10, time = 1.038047e-07, elapsed = 3988.8 sec
[TwinWall] projected 2983 node(s)
Step =   1122: nodes = 31213, dt = 1.340294e-10, time = 1.039387e-07, elapsed = 3992.0 sec
[TwinWall] projected 2773 node(s)
Step =   1123: nodes = 31236, dt = 8.041763e-11, time = 1.040192e-07, elapsed = 3996.6 sec
[TwinWall] projected 2840 node(s)
Step =   1124: nodes = 31241, dt = 8.041763e-11, time = 1.040996e-07, elapsed = 3999.7 sec
[TwinWall] projected 2840 node(s)
Step =   1125: nodes = 31237, dt = 9.650115e-11, time = 1.041961e-07, elapsed = 4002.8 sec
[TwinWall] projected 2880 node(s)
Step =   1126: nodes = 31234, dt = 1.158014e-10, time = 1.043119e-07, elapsed = 4005.9 sec
[TwinWall] projected 2706 node(s)
Step =   1127: nodes = 31244, dt = 6.948083e-11, time = 1.043814e-07, elapsed = 4010.6 sec
[TwinWall] projected 2622 node(s)
Step =   1128: nodes = 31215, dt = 6.948083e-11, time = 1.044508e-07, elapsed = 4013.6 sec
[TwinWall] projected 2751 node(s)
Step =   1129: nodes = 31212, dt = 8.337700e-11, time = 1.045342e-07, elapsed = 4016.6 sec
[TwinWall] projected 2774 node(s)
Step =   1130: nodes = 31225, dt = 1.000524e-10, time = 1.046343e-07, elapsed = 4019.7 sec
[TwinWall] projected 2901 node(s)
Step =   1131: nodes = 31213, dt = 1.200629e-10, time = 1.047543e-07, elapsed = 4022.8 sec
[TwinWall] projected 2985 node(s)
Step =   1132: nodes = 31186, dt = 1.440755e-10, time = 1.048984e-07, elapsed = 4026.0 sec
[TwinWall] projected 2806 node(s)
Step =   1133: nodes = 31193, dt = 8.644527e-11, time = 1.049848e-07, elapsed = 4030.5 sec
[TwinWall] projected 2860 node(s)
Step =   1134: nodes = 31205, dt = 8.644527e-11, time = 1.050713e-07, elapsed = 4033.6 sec
[TwinWall] projected 2823 node(s)
Step =   1135: nodes = 31214, dt = 1.037343e-10, time = 1.051750e-07, elapsed = 4036.6 sec
[TwinWall] projected 2910 node(s)
Step =   1136: nodes = 31190, dt = 1.244812e-10, time = 1.052995e-07, elapsed = 4039.8 sec
[TwinWall] projected 2671 node(s)
Step =   1137: nodes = 31186, dt = 7.468871e-11, time = 1.053742e-07, elapsed = 4044.4 sec
[TwinWall] projected 2768 node(s)
Step =   1138: nodes = 31206, dt = 7.468871e-11, time = 1.054489e-07, elapsed = 4047.4 sec
[TwinWall] projected 2776 node(s)
Step =   1139: nodes = 31192, dt = 8.962646e-11, time = 1.055385e-07, elapsed = 4050.4 sec
[TwinWall] projected 2867 node(s)
Step =   1140: nodes = 31203, dt = 1.075517e-10, time = 1.056461e-07, elapsed = 4053.6 sec
[TwinWall] projected 2902 node(s)
Step =   1141: nodes = 31194, dt = 1.290621e-10, time = 1.057751e-07, elapsed = 4056.7 sec
[TwinWall] projected 2781 node(s)
Step =   1142: nodes = 31195, dt = 7.743726e-11, time = 1.058526e-07, elapsed = 4061.3 sec
[TwinWall] projected 2782 node(s)
Step =   1143: nodes = 31214, dt = 7.743726e-11, time = 1.059300e-07, elapsed = 4064.3 sec
[TwinWall] projected 2827 node(s)
Step =   1144: nodes = 31221, dt = 9.292471e-11, time = 1.060229e-07, elapsed = 4067.6 sec
[TwinWall] projected 2853 node(s)
Step =   1145: nodes = 31215, dt = 1.115097e-10, time = 1.061344e-07, elapsed = 4070.6 sec
[TwinWall] projected 2857 node(s)
Step =   1146: nodes = 31201, dt = 1.338116e-10, time = 1.062682e-07, elapsed = 4073.8 sec
[TwinWall] projected 2748 node(s)
Step =   1147: nodes = 31220, dt = 8.028695e-11, time = 1.063485e-07, elapsed = 4078.3 sec
[TwinWall] projected 2777 node(s)
Step =   1148: nodes = 31207, dt = 8.028695e-11, time = 1.064288e-07, elapsed = 4081.4 sec
[TwinWall] projected 2846 node(s)
Step =   1149: nodes = 31192, dt = 9.634434e-11, time = 1.065252e-07, elapsed = 4084.5 sec
[TwinWall] projected 2804 node(s)
Step =   1150: nodes = 31181, dt = 1.156132e-10, time = 1.066408e-07, elapsed = 4087.6 sec
[TwinWall] projected 2731 node(s)
Step =   1151: nodes = 31196, dt = 6.936792e-11, time = 1.067101e-07, elapsed = 4092.2 sec
[TwinWall] projected 2727 node(s)
Step =   1152: nodes = 31199, dt = 6.936792e-11, time = 1.067795e-07, elapsed = 4095.2 sec
[TwinWall] projected 2760 node(s)
Step =   1153: nodes = 31206, dt = 8.324151e-11, time = 1.068628e-07, elapsed = 4098.3 sec
[TwinWall] projected 2806 node(s)
Step =   1154: nodes = 31204, dt = 9.988981e-11, time = 1.069626e-07, elapsed = 4101.4 sec
[TwinWall] projected 2878 node(s)
Step =   1155: nodes = 31204, dt = 1.198678e-10, time = 1.070825e-07, elapsed = 4104.5 sec
[TwinWall] projected 2883 node(s)
Step =   1156: nodes = 31193, dt = 1.438413e-10, time = 1.072264e-07, elapsed = 4107.6 sec
[TwinWall] projected 2839 node(s)
Step =   1157: nodes = 31196, dt = 8.630480e-11, time = 1.073127e-07, elapsed = 4112.2 sec
[TwinWall] projected 2797 node(s)
Step =   1158: nodes = 31188, dt = 8.630480e-11, time = 1.073990e-07, elapsed = 4115.3 sec
[TwinWall] projected 2862 node(s)
Step =   1159: nodes = 31188, dt = 1.035658e-10, time = 1.075025e-07, elapsed = 4118.4 sec
[TwinWall] projected 2874 node(s)
Step =   1160: nodes = 31186, dt = 1.242789e-10, time = 1.076268e-07, elapsed = 4121.4 sec
[TwinWall] projected 2879 node(s)
Step =   1161: nodes = 31191, dt = 7.456734e-11, time = 1.077014e-07, elapsed = 4126.0 sec
[TwinWall] projected 2818 node(s)
Step =   1162: nodes = 31209, dt = 7.456734e-11, time = 1.077759e-07, elapsed = 4129.1 sec
[TwinWall] projected 2875 node(s)
Step =   1163: nodes = 31218, dt = 8.948081e-11, time = 1.078654e-07, elapsed = 4132.2 sec
[TwinWall] projected 2809 node(s)
Step =   1164: nodes = 31215, dt = 1.073770e-10, time = 1.079728e-07, elapsed = 4135.3 sec
[TwinWall] projected 2905 node(s)
Step =   1165: nodes = 31190, dt = 1.288524e-10, time = 1.081017e-07, elapsed = 4138.5 sec
[TwinWall] projected 2713 node(s)
Step =   1166: nodes = 31207, dt = 7.731142e-11, time = 1.081790e-07, elapsed = 4143.0 sec
[TwinWall] projected 2784 node(s)
Step =   1167: nodes = 31200, dt = 7.731142e-11, time = 1.082563e-07, elapsed = 4146.1 sec
[TwinWall] projected 2793 node(s)
Step =   1168: nodes = 31197, dt = 9.277371e-11, time = 1.083490e-07, elapsed = 4149.2 sec
[TwinWall] projected 2854 node(s)
Step =   1169: nodes = 31179, dt = 1.113284e-10, time = 1.084604e-07, elapsed = 4152.4 sec
[TwinWall] projected 2706 node(s)
Step =   1170: nodes = 31198, dt = 6.679707e-11, time = 1.085272e-07, elapsed = 4157.3 sec
[TwinWall] projected 2668 node(s)
Step =   1171: nodes = 31186, dt = 6.679707e-11, time = 1.085940e-07, elapsed = 4160.3 sec
[TwinWall] projected 2717 node(s)
Step =   1172: nodes = 31160, dt = 8.015648e-11, time = 1.086741e-07, elapsed = 4163.3 sec
[TwinWall] projected 2775 node(s)
Step =   1173: nodes = 31149, dt = 9.618778e-11, time = 1.087703e-07, elapsed = 4166.4 sec
[TwinWall] projected 2792 node(s)
Step =   1174: nodes = 31147, dt = 1.154253e-10, time = 1.088857e-07, elapsed = 4169.5 sec
[TwinWall] projected 2878 node(s)
Step =   1175: nodes = 31109, dt = 1.385104e-10, time = 1.090243e-07, elapsed = 4172.7 sec
[TwinWall] projected 2734 node(s)
Step =   1176: nodes = 31136, dt = 8.310624e-11, time = 1.091074e-07, elapsed = 4177.4 sec
[TwinWall] projected 2720 node(s)
Step =   1177: nodes = 31128, dt = 8.310624e-11, time = 1.091905e-07, elapsed = 4180.4 sec
[TwinWall] projected 2803 node(s)
Step =   1178: nodes = 31142, dt = 9.972749e-11, time = 1.092902e-07, elapsed = 4183.5 sec
[TwinWall] projected 2771 node(s)
Step =   1179: nodes = 31119, dt = 1.196730e-10, time = 1.094099e-07, elapsed = 4186.5 sec
[TwinWall] projected 2676 node(s)
Step =   1180: nodes = 31123, dt = 7.180379e-11, time = 1.094817e-07, elapsed = 4191.1 sec
[TwinWall] projected 2689 node(s)
Step =   1181: nodes = 31135, dt = 7.180379e-11, time = 1.095535e-07, elapsed = 4194.1 sec
[TwinWall] projected 2659 node(s)
Step =   1182: nodes = 31140, dt = 8.616455e-11, time = 1.096396e-07, elapsed = 4197.1 sec
[TwinWall] projected 2755 node(s)
Step =   1183: nodes = 31132, dt = 1.033975e-10, time = 1.097430e-07, elapsed = 4200.2 sec
[TwinWall] projected 2852 node(s)
Step =   1184: nodes = 31099, dt = 1.240770e-10, time = 1.098671e-07, elapsed = 4203.3 sec
[TwinWall] projected 2734 node(s)
Step =   1185: nodes = 31110, dt = 7.444617e-11, time = 1.099416e-07, elapsed = 4207.9 sec
[TwinWall] projected 2767 node(s)
Step =   1186: nodes = 31124, dt = 7.444617e-11, time = 1.100160e-07, elapsed = 4210.9 sec
[TwinWall] projected 2791 node(s)
Step =   1187: nodes = 31118, dt = 8.933541e-11, time = 1.101053e-07, elapsed = 4214.0 sec
[TwinWall] projected 2794 node(s)
Step =   1188: nodes = 31118, dt = 1.072025e-10, time = 1.102125e-07, elapsed = 4217.2 sec
[TwinWall] projected 2843 node(s)
Step =   1189: nodes = 31108, dt = 1.286430e-10, time = 1.103412e-07, elapsed = 4220.5 sec
[TwinWall] projected 2751 node(s)
Step =   1190: nodes = 31129, dt = 7.718579e-11, time = 1.104184e-07, elapsed = 4225.0 sec
[TwinWall] projected 2765 node(s)
Step =   1191: nodes = 31120, dt = 7.718579e-11, time = 1.104956e-07, elapsed = 4228.0 sec
[TwinWall] projected 2773 node(s)
Step =   1192: nodes = 31154, dt = 9.262295e-11, time = 1.105882e-07, elapsed = 4231.1 sec
[TwinWall] projected 2811 node(s)
Step =   1193: nodes = 31160, dt = 1.111475e-10, time = 1.106993e-07, elapsed = 4234.1 sec
[TwinWall] projected 2826 node(s)
Step =   1194: nodes = 31161, dt = 1.333770e-10, time = 1.108327e-07, elapsed = 4237.3 sec
[TwinWall] projected 2699 node(s)
Step =   1195: nodes = 31174, dt = 8.002623e-11, time = 1.109127e-07, elapsed = 4241.8 sec
[TwinWall] projected 2722 node(s)
Step =   1196: nodes = 31180, dt = 8.002623e-11, time = 1.109928e-07, elapsed = 4244.9 sec
[TwinWall] projected 2811 node(s)
Step =   1197: nodes = 31175, dt = 9.603147e-11, time = 1.110888e-07, elapsed = 4248.1 sec
[TwinWall] projected 2781 node(s)
Step =   1198: nodes = 31173, dt = 1.152378e-10, time = 1.112040e-07, elapsed = 4251.2 sec
[TwinWall] projected 2703 node(s)
Step =   1199: nodes = 31156, dt = 6.914266e-11, time = 1.112732e-07, elapsed = 4255.8 sec
[TwinWall] projected 2638 node(s)
Step =   1200: nodes = 31162, dt = 6.914266e-11, time = 1.113423e-07, elapsed = 4258.8 sec
Writing configuration in legacy data format
 Output file: /data/home/dg000246b/openDIS/HomeWork/output_relax/config.1200.data
Writing restart file
 Restart file: /data/home/dg000246b/openDIS/HomeWork/output_relax/restart.1200.exadis
[TwinWall] projected 2750 node(s)
Step =   1201: nodes = 31153, dt = 8.297119e-11, time = 1.114253e-07, elapsed = 4262.2 sec
[TwinWall] projected 2768 node(s)
Step =   1202: nodes = 31164, dt = 9.956543e-11, time = 1.115248e-07, elapsed = 4265.3 sec
[TwinWall] projected 2807 node(s)
Step =   1203: nodes = 31151, dt = 1.194785e-10, time = 1.116443e-07, elapsed = 4268.4 sec
[TwinWall] projected 2745 node(s)
Step =   1204: nodes = 31163, dt = 7.168711e-11, time = 1.117160e-07, elapsed = 4273.0 sec
[TwinWall] projected 2635 node(s)
Step =   1205: nodes = 31162, dt = 7.168711e-11, time = 1.117877e-07, elapsed = 4276.0 sec
[TwinWall] projected 2744 node(s)
Step =   1206: nodes = 31183, dt = 8.602453e-11, time = 1.118737e-07, elapsed = 4279.3 sec
[TwinWall] projected 2764 node(s)
Step =   1207: nodes = 31155, dt = 1.032294e-10, time = 1.119770e-07, elapsed = 4282.3 sec
[TwinWall] projected 2804 node(s)
Step =   1208: nodes = 31129, dt = 1.238753e-10, time = 1.121008e-07, elapsed = 4285.5 sec
[TwinWall] projected 2658 node(s)
Step =   1209: nodes = 31143, dt = 7.432520e-11, time = 1.121752e-07, elapsed = 4290.2 sec
[TwinWall] projected 2714 node(s)
Step =   1210: nodes = 31143, dt = 7.432520e-11, time = 1.122495e-07, elapsed = 4293.1 sec
[TwinWall] projected 2786 node(s)
Step =   1211: nodes = 31149, dt = 8.919024e-11, time = 1.123387e-07, elapsed = 4296.2 sec
[TwinWall] projected 2840 node(s)
Step =   1212: nodes = 31160, dt = 1.070283e-10, time = 1.124457e-07, elapsed = 4299.3 sec
[TwinWall] projected 2831 node(s)
Step =   1213: nodes = 31130, dt = 1.284339e-10, time = 1.125741e-07, elapsed = 4302.5 sec
[TwinWall] projected 2803 node(s)
Step =   1214: nodes = 31137, dt = 7.706036e-11, time = 1.126512e-07, elapsed = 4307.4 sec
[TwinWall] projected 2777 node(s)
Step =   1215: nodes = 31127, dt = 7.706036e-11, time = 1.127283e-07, elapsed = 4310.4 sec
[TwinWall] projected 2770 node(s)
Step =   1216: nodes = 31141, dt = 9.247244e-11, time = 1.128207e-07, elapsed = 4313.6 sec
[TwinWall] projected 2739 node(s)
Step =   1217: nodes = 31142, dt = 1.109669e-10, time = 1.129317e-07, elapsed = 4316.6 sec
[TwinWall] projected 2741 node(s)
Step =   1218: nodes = 31146, dt = 6.658015e-11, time = 1.129983e-07, elapsed = 4321.2 sec
[TwinWall] projected 2644 node(s)
Step =   1219: nodes = 31117, dt = 6.658015e-11, time = 1.130649e-07, elapsed = 4324.2 sec
[TwinWall] projected 2567 node(s)
Step =   1220: nodes = 31124, dt = 7.989619e-11, time = 1.131447e-07, elapsed = 4327.1 sec
[TwinWall] projected 2718 node(s)
Step =   1221: nodes = 31111, dt = 9.587542e-11, time = 1.132406e-07, elapsed = 4330.2 sec
[TwinWall] projected 2714 node(s)
Step =   1222: nodes = 31084, dt = 1.150505e-10, time = 1.133557e-07, elapsed = 4333.3 sec
[TwinWall] projected 2711 node(s)
Step =   1223: nodes = 31092, dt = 6.903030e-11, time = 1.134247e-07, elapsed = 4338.1 sec
[TwinWall] projected 2629 node(s)
Step =   1224: nodes = 31097, dt = 6.903030e-11, time = 1.134937e-07, elapsed = 4341.0 sec
[TwinWall] projected 2537 node(s)
Step =   1225: nodes = 31095, dt = 8.283637e-11, time = 1.135766e-07, elapsed = 4344.0 sec
[TwinWall] projected 2726 node(s)
Step =   1226: nodes = 31107, dt = 9.940364e-11, time = 1.136760e-07, elapsed = 4347.1 sec
[TwinWall] projected 2804 node(s)
Step =   1227: nodes = 31089, dt = 1.192844e-10, time = 1.137953e-07, elapsed = 4350.2 sec
[TwinWall] projected 2671 node(s)
Step =   1228: nodes = 31070, dt = 7.157062e-11, time = 1.138668e-07, elapsed = 4354.8 sec
[TwinWall] projected 2578 node(s)
Step =   1229: nodes = 31070, dt = 7.157062e-11, time = 1.139384e-07, elapsed = 4357.7 sec
[TwinWall] projected 2751 node(s)
Step =   1230: nodes = 31074, dt = 8.588474e-11, time = 1.140243e-07, elapsed = 4360.9 sec
[TwinWall] projected 2743 node(s)
Step =   1231: nodes = 31098, dt = 1.030617e-10, time = 1.141273e-07, elapsed = 4364.5 sec
[TwinWall] projected 2873 node(s)
Step =   1232: nodes = 31087, dt = 1.236740e-10, time = 1.142510e-07, elapsed = 4367.8 sec
[TwinWall] projected 2644 node(s)
Step =   1233: nodes = 31084, dt = 7.420442e-11, time = 1.143252e-07, elapsed = 4372.3 sec
[TwinWall] projected 2764 node(s)
Step =   1234: nodes = 31104, dt = 7.420442e-11, time = 1.143994e-07, elapsed = 4375.3 sec
[TwinWall] projected 2783 node(s)
Step =   1235: nodes = 31091, dt = 8.904530e-11, time = 1.144885e-07, elapsed = 4378.3 sec
[TwinWall] projected 2821 node(s)
Step =   1236: nodes = 31093, dt = 1.068544e-10, time = 1.145953e-07, elapsed = 4381.4 sec
[TwinWall] projected 2876 node(s)
Step =   1237: nodes = 31076, dt = 1.282252e-10, time = 1.147236e-07, elapsed = 4384.5 sec
[TwinWall] projected 2739 node(s)
Step =   1238: nodes = 31092, dt = 7.693514e-11, time = 1.148005e-07, elapsed = 4389.1 sec
[TwinWall] projected 2781 node(s)
Step =   1239: nodes = 31093, dt = 7.693514e-11, time = 1.148774e-07, elapsed = 4392.1 sec
[TwinWall] projected 2797 node(s)
Step =   1240: nodes = 31081, dt = 9.232217e-11, time = 1.149697e-07, elapsed = 4395.1 sec
[TwinWall] projected 2787 node(s)
Step =   1241: nodes = 31102, dt = 1.107866e-10, time = 1.150805e-07, elapsed = 4398.4 sec
[TwinWall] projected 2701 node(s)
Step =   1242: nodes = 31098, dt = 6.647196e-11, time = 1.151470e-07, elapsed = 4402.9 sec
[TwinWall] projected 2634 node(s)
Step =   1243: nodes = 31115, dt = 6.647196e-11, time = 1.152135e-07, elapsed = 4405.9 sec
[TwinWall] projected 2597 node(s)
Step =   1244: nodes = 31128, dt = 7.976635e-11, time = 1.152932e-07, elapsed = 4408.9 sec
[TwinWall] projected 2748 node(s)
Step =   1245: nodes = 31098, dt = 9.571963e-11, time = 1.153890e-07, elapsed = 4412.0 sec
[TwinWall] projected 2830 node(s)
Step =   1246: nodes = 31098, dt = 1.148636e-10, time = 1.155038e-07, elapsed = 4415.1 sec
[TwinWall] projected 2860 node(s)
Step =   1247: nodes = 31088, dt = 1.378363e-10, time = 1.156417e-07, elapsed = 4418.3 sec
[TwinWall] projected 2808 node(s)
Step =   1248: nodes = 31088, dt = 8.270176e-11, time = 1.157244e-07, elapsed = 4422.9 sec
[TwinWall] projected 2648 node(s)
Step =   1249: nodes = 31089, dt = 8.270176e-11, time = 1.158071e-07, elapsed = 4425.8 sec
[TwinWall] projected 2834 node(s)
Step =   1250: nodes = 31093, dt = 9.924211e-11, time = 1.159063e-07, elapsed = 4429.0 sec
[TwinWall] projected 2781 node(s)
Step =   1251: nodes = 31099, dt = 1.190905e-10, time = 1.160254e-07, elapsed = 4432.0 sec
[TwinWall] projected 2791 node(s)
Step =   1252: nodes = 31109, dt = 7.145432e-11, time = 1.160969e-07, elapsed = 4436.6 sec
[TwinWall] projected 2720 node(s)
Step =   1253: nodes = 31117, dt = 7.145432e-11, time = 1.161683e-07, elapsed = 4439.6 sec
[TwinWall] projected 2641 node(s)
Step =   1254: nodes = 31115, dt = 8.574518e-11, time = 1.162541e-07, elapsed = 4442.5 sec
[TwinWall] projected 2794 node(s)
Step =   1255: nodes = 31104, dt = 1.028942e-10, time = 1.163569e-07, elapsed = 4445.6 sec
[TwinWall] projected 2743 node(s)
Step =   1256: nodes = 31125, dt = 1.234731e-10, time = 1.164804e-07, elapsed = 4448.6 sec
[TwinWall] projected 2763 node(s)
Step =   1257: nodes = 31124, dt = 7.408384e-11, time = 1.165545e-07, elapsed = 4453.2 sec
[TwinWall] projected 2684 node(s)
Step =   1258: nodes = 31140, dt = 7.408384e-11, time = 1.166286e-07, elapsed = 4456.1 sec
[TwinWall] projected 2796 node(s)
Step =   1259: nodes = 31129, dt = 8.890060e-11, time = 1.167175e-07, elapsed = 4459.4 sec
[TwinWall] projected 2766 node(s)
Step =   1260: nodes = 31113, dt = 1.066807e-10, time = 1.168242e-07, elapsed = 4462.4 sec
[TwinWall] projected 2844 node(s)
Step =   1261: nodes = 31094, dt = 1.280169e-10, time = 1.169522e-07, elapsed = 4465.5 sec
[TwinWall] projected 2664 node(s)
Step =   1262: nodes = 31074, dt = 7.681012e-11, time = 1.170290e-07, elapsed = 4470.1 sec
[TwinWall] projected 2749 node(s)
Step =   1263: nodes = 31088, dt = 7.681012e-11, time = 1.171058e-07, elapsed = 4473.1 sec
[TwinWall] projected 2764 node(s)
Step =   1264: nodes = 31094, dt = 9.217215e-11, time = 1.171980e-07, elapsed = 4476.1 sec
[TwinWall] projected 2800 node(s)
Step =   1265: nodes = 31078, dt = 1.106066e-10, time = 1.173086e-07, elapsed = 4479.2 sec
[TwinWall] projected 2756 node(s)
Step =   1266: nodes = 31077, dt = 1.327279e-10, time = 1.174413e-07, elapsed = 4482.3 sec
[TwinWall] projected 2799 node(s)
Step =   1267: nodes = 31068, dt = 7.963673e-11, time = 1.175210e-07, elapsed = 4486.9 sec
[TwinWall] projected 2674 node(s)
Step =   1268: nodes = 31099, dt = 7.963673e-11, time = 1.176006e-07, elapsed = 4489.9 sec
[TwinWall] projected 2726 node(s)
Step =   1269: nodes = 31089, dt = 9.556408e-11, time = 1.176962e-07, elapsed = 4493.0 sec
[TwinWall] projected 2716 node(s)
Step =   1270: nodes = 31091, dt = 1.146769e-10, time = 1.178108e-07, elapsed = 4496.0 sec
[TwinWall] projected 2732 node(s)
Step =   1271: nodes = 31092, dt = 6.880614e-11, time = 1.178796e-07, elapsed = 4500.6 sec
[TwinWall] projected 2664 node(s)
Step =   1272: nodes = 31086, dt = 6.880614e-11, time = 1.179484e-07, elapsed = 4503.5 sec
[TwinWall] projected 2632 node(s)
Step =   1273: nodes = 31095, dt = 8.256737e-11, time = 1.180310e-07, elapsed = 4506.5 sec
[TwinWall] projected 2780 node(s)
Step =   1274: nodes = 31092, dt = 9.908084e-11, time = 1.181301e-07, elapsed = 4509.6 sec
[TwinWall] projected 2732 node(s)
Step =   1275: nodes = 31095, dt = 1.188970e-10, time = 1.182490e-07, elapsed = 4512.6 sec
[TwinWall] projected 2734 node(s)
Step =   1276: nodes = 31080, dt = 7.133820e-11, time = 1.183203e-07, elapsed = 4517.2 sec
[TwinWall] projected 2653 node(s)
Step =   1277: nodes = 31066, dt = 7.133820e-11, time = 1.183917e-07, elapsed = 4520.3 sec
[TwinWall] projected 2670 node(s)
Step =   1278: nodes = 31088, dt = 8.560584e-11, time = 1.184773e-07, elapsed = 4523.3 sec
[TwinWall] projected 2806 node(s)
Step =   1279: nodes = 31101, dt = 1.027270e-10, time = 1.185800e-07, elapsed = 4526.4 sec
[TwinWall] projected 2813 node(s)
Step =   1280: nodes = 31084, dt = 1.232724e-10, time = 1.187033e-07, elapsed = 4529.4 sec
[TwinWall] projected 2738 node(s)
Step =   1281: nodes = 31079, dt = 7.396345e-11, time = 1.187772e-07, elapsed = 4534.0 sec
[TwinWall] projected 2630 node(s)
Step =   1282: nodes = 31067, dt = 7.396345e-11, time = 1.188512e-07, elapsed = 4537.0 sec
[TwinWall] projected 2755 node(s)
Step =   1283: nodes = 31080, dt = 8.875614e-11, time = 1.189400e-07, elapsed = 4540.1 sec
[TwinWall] projected 2745 node(s)
Step =   1284: nodes = 31079, dt = 1.065074e-10, time = 1.190465e-07, elapsed = 4543.1 sec
[TwinWall] projected 2835 node(s)
Step =   1285: nodes = 31092, dt = 1.278088e-10, time = 1.191743e-07, elapsed = 4546.2 sec
[TwinWall] projected 2624 node(s)
Step =   1286: nodes = 31088, dt = 7.668530e-11, time = 1.192510e-07, elapsed = 4550.9 sec
[TwinWall] projected 2770 node(s)
Step =   1287: nodes = 31112, dt = 7.668530e-11, time = 1.193276e-07, elapsed = 4554.0 sec
[TwinWall] projected 2785 node(s)
Step =   1288: nodes = 31121, dt = 9.202237e-11, time = 1.194197e-07, elapsed = 4557.0 sec
[TwinWall] projected 2786 node(s)
Step =   1289: nodes = 31085, dt = 1.104268e-10, time = 1.195301e-07, elapsed = 4560.1 sec
[TwinWall] projected 2660 node(s)
Step =   1290: nodes = 31096, dt = 6.625610e-11, time = 1.195963e-07, elapsed = 4564.6 sec
[TwinWall] projected 2700 node(s)
Step =   1291: nodes = 31091, dt = 6.625610e-11, time = 1.196626e-07, elapsed = 4567.6 sec
[TwinWall] projected 2685 node(s)
Step =   1292: nodes = 31095, dt = 7.950732e-11, time = 1.197421e-07, elapsed = 4570.6 sec
[TwinWall] projected 2762 node(s)
Step =   1293: nodes = 31058, dt = 9.540879e-11, time = 1.198375e-07, elapsed = 4573.6 sec
[TwinWall] projected 2782 node(s)
Step =   1294: nodes = 31065, dt = 1.144905e-10, time = 1.199520e-07, elapsed = 4576.7 sec
[TwinWall] projected 2723 node(s)
Step =   1295: nodes = 31077, dt = 6.869433e-11, time = 1.200207e-07, elapsed = 4581.5 sec
[TwinWall] projected 2615 node(s)
Step =   1296: nodes = 31079, dt = 6.869433e-11, time = 1.200894e-07, elapsed = 4584.5 sec
[TwinWall] projected 2656 node(s)
Step =   1297: nodes = 31075, dt = 8.243319e-11, time = 1.201718e-07, elapsed = 4587.5 sec
[TwinWall] projected 2746 node(s)
Step =   1298: nodes = 31050, dt = 9.891983e-11, time = 1.202707e-07, elapsed = 4590.6 sec
[TwinWall] projected 2798 node(s)
Step =   1299: nodes = 31045, dt = 1.187038e-10, time = 1.203895e-07, elapsed = 4593.8 sec
[TwinWall] projected 2640 node(s)
Step =   1300: nodes = 31060, dt = 7.122228e-11, time = 1.204607e-07, elapsed = 4598.3 sec
Writing configuration in legacy data format
 Output file: /data/home/dg000246b/openDIS/HomeWork/output_relax/config.1300.data
Writing restart file
 Restart file: /data/home/dg000246b/openDIS/HomeWork/output_relax/restart.1300.exadis
[TwinWall] projected 2657 node(s)
Step =   1301: nodes = 31063, dt = 7.122228e-11, time = 1.205319e-07, elapsed = 4601.6 sec
[TwinWall] projected 2709 node(s)
Step =   1302: nodes = 31068, dt = 8.546674e-11, time = 1.206174e-07, elapsed = 4604.7 sec
[TwinWall] projected 2674 node(s)
Step =   1303: nodes = 31055, dt = 1.025601e-10, time = 1.207199e-07, elapsed = 4608.0 sec
[TwinWall] projected 2672 node(s)
Step =   1304: nodes = 31063, dt = 6.153605e-11, time = 1.207815e-07, elapsed = 4612.6 sec
[TwinWall] projected 2628 node(s)
Step =   1305: nodes = 31042, dt = 6.153605e-11, time = 1.208430e-07, elapsed = 4615.6 sec
[TwinWall] projected 2639 node(s)
Step =   1306: nodes = 31045, dt = 7.384326e-11, time = 1.209168e-07, elapsed = 4618.6 sec
[TwinWall] projected 2728 node(s)
Step =   1307: nodes = 31044, dt = 8.861191e-11, time = 1.210054e-07, elapsed = 4621.6 sec
[TwinWall] projected 2737 node(s)
Step =   1308: nodes = 31011, dt = 1.063343e-10, time = 1.211118e-07, elapsed = 4624.7 sec
[TwinWall] projected 2639 node(s)
Step =   1309: nodes = 31042, dt = 6.380058e-11, time = 1.211756e-07, elapsed = 4629.2 sec
[TwinWall] projected 2670 node(s)
Step =   1310: nodes = 31045, dt = 6.380058e-11, time = 1.212394e-07, elapsed = 4632.2 sec
[TwinWall] projected 2658 node(s)
Step =   1311: nodes = 31043, dt = 7.656069e-11, time = 1.213159e-07, elapsed = 4635.2 sec
[TwinWall] projected 2719 node(s)
Step =   1312: nodes = 31055, dt = 9.187283e-11, time = 1.214078e-07, elapsed = 4638.4 sec
[TwinWall] projected 2707 node(s)
Step =   1313: nodes = 31052, dt = 1.102474e-10, time = 1.215181e-07, elapsed = 4641.5 sec
[TwinWall] projected 2688 node(s)
Step =   1314: nodes = 31053, dt = 6.614844e-11, time = 1.215842e-07, elapsed = 4646.2 sec
[TwinWall] projected 2579 node(s)
Step =   1315: nodes = 31040, dt = 6.614844e-11, time = 1.216504e-07, elapsed = 4649.2 sec
[TwinWall] projected 2533 node(s)
Step =   1316: nodes = 31048, dt = 7.937812e-11, time = 1.217297e-07, elapsed = 4652.2 sec
[TwinWall] projected 2639 node(s)
Step =   1317: nodes = 31055, dt = 9.525375e-11, time = 1.218250e-07, elapsed = 4655.3 sec
[TwinWall] projected 2622 node(s)
Step =   1318: nodes = 31048, dt = 1.143045e-10, time = 1.219393e-07, elapsed = 4658.3 sec
[TwinWall] projected 2631 node(s)
Step =   1319: nodes = 31035, dt = 6.858270e-11, time = 1.220079e-07, elapsed = 4663.0 sec
[TwinWall] projected 2640 node(s)
Step =   1320: nodes = 31040, dt = 6.858270e-11, time = 1.220765e-07, elapsed = 4665.9 sec
[TwinWall] projected 2585 node(s)
Step =   1321: nodes = 31029, dt = 8.229924e-11, time = 1.221588e-07, elapsed = 4669.0 sec
[TwinWall] projected 2668 node(s)
Step =   1322: nodes = 31033, dt = 9.875909e-11, time = 1.222575e-07, elapsed = 4672.1 sec
[TwinWall] projected 2683 node(s)
Step =   1323: nodes = 31005, dt = 1.185109e-10, time = 1.223760e-07, elapsed = 4675.2 sec
[TwinWall] projected 2676 node(s)
Step =   1324: nodes = 31018, dt = 7.110654e-11, time = 1.224471e-07, elapsed = 4679.8 sec
[TwinWall] projected 2619 node(s)
Step =   1325: nodes = 30998, dt = 7.110654e-11, time = 1.225182e-07, elapsed = 4682.8 sec
[TwinWall] projected 2714 node(s)
Step =   1326: nodes = 31002, dt = 8.532785e-11, time = 1.226036e-07, elapsed = 4685.8 sec
[TwinWall] projected 2712 node(s)
Step =   1327: nodes = 31002, dt = 1.023934e-10, time = 1.227060e-07, elapsed = 4688.8 sec
[TwinWall] projected 2591 node(s)
Step =   1328: nodes = 30997, dt = 6.143605e-11, time = 1.227674e-07, elapsed = 4693.3 sec
[TwinWall] projected 2634 node(s)
Step =   1329: nodes = 31018, dt = 6.143605e-11, time = 1.228288e-07, elapsed = 4696.3 sec
[TwinWall] projected 2665 node(s)
Step =   1330: nodes = 31025, dt = 7.372326e-11, time = 1.229026e-07, elapsed = 4699.4 sec
[TwinWall] projected 2612 node(s)
Step =   1331: nodes = 31007, dt = 8.846792e-11, time = 1.229910e-07, elapsed = 4702.4 sec
[TwinWall] projected 2675 node(s)
Step =   1332: nodes = 30996, dt = 1.061615e-10, time = 1.230972e-07, elapsed = 4705.5 sec
[TwinWall] projected 2548 node(s)
Step =   1333: nodes = 31002, dt = 6.369690e-11, time = 1.231609e-07, elapsed = 4710.0 sec
[TwinWall] projected 2515 node(s)
Step =   1334: nodes = 31006, dt = 6.369690e-11, time = 1.232246e-07, elapsed = 4712.9 sec
[TwinWall] projected 2604 node(s)
Step =   1335: nodes = 30993, dt = 7.643628e-11, time = 1.233010e-07, elapsed = 4715.9 sec
[TwinWall] projected 2625 node(s)
Step =   1336: nodes = 30989, dt = 9.172354e-11, time = 1.233927e-07, elapsed = 4718.9 sec
[TwinWall] projected 2690 node(s)
Step =   1337: nodes = 30976, dt = 1.100682e-10, time = 1.235028e-07, elapsed = 4721.9 sec
[TwinWall] projected 2561 node(s)
Step =   1338: nodes = 30958, dt = 6.604095e-11, time = 1.235689e-07, elapsed = 4726.4 sec
[TwinWall] projected 2533 node(s)
Step =   1339: nodes = 30953, dt = 6.604095e-11, time = 1.236349e-07, elapsed = 4729.6 sec
[TwinWall] projected 2655 node(s)
Step =   1340: nodes = 30950, dt = 7.924913e-11, time = 1.237141e-07, elapsed = 4732.7 sec
[TwinWall] projected 2654 node(s)
Step =   1341: nodes = 30961, dt = 9.509896e-11, time = 1.238092e-07, elapsed = 4735.7 sec
[TwinWall] projected 2751 node(s)
Step =   1342: nodes = 30973, dt = 1.141188e-10, time = 1.239234e-07, elapsed = 4738.7 sec
[TwinWall] projected 2575 node(s)
Step =   1343: nodes = 30976, dt = 6.847125e-11, time = 1.239918e-07, elapsed = 4743.2 sec
[TwinWall] projected 2604 node(s)
Step =   1344: nodes = 30974, dt = 6.847125e-11, time = 1.240603e-07, elapsed = 4746.2 sec
[TwinWall] projected 2631 node(s)
Step =   1345: nodes = 30960, dt = 8.216550e-11, time = 1.241425e-07, elapsed = 4749.2 sec
[TwinWall] projected 2695 node(s)
Step =   1346: nodes = 30990, dt = 9.859860e-11, time = 1.242411e-07, elapsed = 4752.2 sec
[TwinWall] projected 2700 node(s)
Step =   1347: nodes = 30955, dt = 1.183183e-10, time = 1.243594e-07, elapsed = 4755.2 sec
[TwinWall] projected 2639 node(s)
Step =   1348: nodes = 30951, dt = 7.099099e-11, time = 1.244304e-07, elapsed = 4760.0 sec
[TwinWall] projected 2634 node(s)
Step =   1349: nodes = 30951, dt = 7.099099e-11, time = 1.245014e-07, elapsed = 4763.0 sec
[TwinWall] projected 2666 node(s)
Step =   1350: nodes = 30932, dt = 8.518919e-11, time = 1.245866e-07, elapsed = 4766.0 sec
[TwinWall] projected 2706 node(s)
Step =   1351: nodes = 30908, dt = 1.022270e-10, time = 1.246888e-07, elapsed = 4769.0 sec
[TwinWall] projected 2575 node(s)
Step =   1352: nodes = 30926, dt = 6.133622e-11, time = 1.247501e-07, elapsed = 4773.5 sec
[TwinWall] projected 2616 node(s)
Step =   1353: nodes = 30931, dt = 6.133622e-11, time = 1.248115e-07, elapsed = 4776.5 sec
[TwinWall] projected 2602 node(s)
Step =   1354: nodes = 30948, dt = 7.360346e-11, time = 1.248851e-07, elapsed = 4779.4 sec
[TwinWall] projected 2669 node(s)
Step =   1355: nodes = 30962, dt = 8.832416e-11, time = 1.249734e-07, elapsed = 4782.4 sec
[TwinWall] projected 2657 node(s)
Step =   1356: nodes = 30948, dt = 1.059890e-10, time = 1.250794e-07, elapsed = 4785.4 sec
[TwinWall] projected 2631 node(s)
Step =   1357: nodes = 30939, dt = 6.359339e-11, time = 1.251430e-07, elapsed = 4790.2 sec
[TwinWall] projected 2580 node(s)
Step =   1358: nodes = 30942, dt = 6.359339e-11, time = 1.252066e-07, elapsed = 4793.2 sec
[TwinWall] projected 2526 node(s)
Step =   1359: nodes = 30945, dt = 7.631207e-11, time = 1.252829e-07, elapsed = 4796.2 sec
[TwinWall] projected 2624 node(s)
Step =   1360: nodes = 30938, dt = 9.157448e-11, time = 1.253744e-07, elapsed = 4799.2 sec
[TwinWall] projected 2660 node(s)
Step =   1361: nodes = 30924, dt = 1.098894e-10, time = 1.254843e-07, elapsed = 4802.3 sec
[TwinWall] projected 2778 node(s)
Step =   1362: nodes = 30916, dt = 1.318673e-10, time = 1.256162e-07, elapsed = 4805.4 sec
[TwinWall] projected 2548 node(s)
Step =   1363: nodes = 30921, dt = 7.912035e-11, time = 1.256953e-07, elapsed = 4809.8 sec
[TwinWall] projected 2684 node(s)
Step =   1364: nodes = 30922, dt = 7.912035e-11, time = 1.257744e-07, elapsed = 4812.9 sec
[TwinWall] projected 2685 node(s)
Step =   1365: nodes = 30910, dt = 9.494443e-11, time = 1.258694e-07, elapsed = 4815.8 sec
[TwinWall] projected 2755 node(s)
Step =   1366: nodes = 30887, dt = 1.139333e-10, time = 1.259833e-07, elapsed = 4819.1 sec
[TwinWall] projected 2590 node(s)
Step =   1367: nodes = 30888, dt = 6.835999e-11, time = 1.260517e-07, elapsed = 4823.5 sec
[TwinWall] projected 2639 node(s)
Step =   1368: nodes = 30910, dt = 6.835999e-11, time = 1.261200e-07, elapsed = 4826.5 sec
[TwinWall] projected 2616 node(s)
Step =   1369: nodes = 30914, dt = 8.203198e-11, time = 1.262021e-07, elapsed = 4829.4 sec
[TwinWall] projected 2695 node(s)
Step =   1370: nodes = 30900, dt = 9.843838e-11, time = 1.263005e-07, elapsed = 4832.4 sec
[TwinWall] projected 2723 node(s)
Step =   1371: nodes = 30879, dt = 1.181261e-10, time = 1.264186e-07, elapsed = 4835.5 sec
[TwinWall] projected 2675 node(s)
Step =   1372: nodes = 30882, dt = 7.087563e-11, time = 1.264895e-07, elapsed = 4840.1 sec
[TwinWall] projected 2593 node(s)
Step =   1373: nodes = 30886, dt = 7.087563e-11, time = 1.265604e-07, elapsed = 4843.0 sec
[TwinWall] projected 2587 node(s)
Step =   1374: nodes = 30867, dt = 8.505076e-11, time = 1.266454e-07, elapsed = 4845.9 sec
[TwinWall] projected 2681 node(s)
Step =   1375: nodes = 30893, dt = 1.020609e-10, time = 1.267475e-07, elapsed = 4849.1 sec
[TwinWall] projected 2789 node(s)
Step =   1376: nodes = 30861, dt = 1.224731e-10, time = 1.268700e-07, elapsed = 4852.2 sec
[TwinWall] projected 2587 node(s)
Step =   1377: nodes = 30874, dt = 7.348386e-11, time = 1.269435e-07, elapsed = 4856.7 sec
[TwinWall] projected 2661 node(s)
Step =   1378: nodes = 30872, dt = 7.348386e-11, time = 1.270169e-07, elapsed = 4859.8 sec
[TwinWall] projected 2673 node(s)
Step =   1379: nodes = 30854, dt = 8.818063e-11, time = 1.271051e-07, elapsed = 4862.8 sec
[TwinWall] projected 2709 node(s)
Step =   1380: nodes = 30845, dt = 1.058168e-10, time = 1.272109e-07, elapsed = 4865.8 sec
[TwinWall] projected 2561 node(s)
Step =   1381: nodes = 30860, dt = 6.349005e-11, time = 1.272744e-07, elapsed = 4870.4 sec
[TwinWall] projected 2507 node(s)
Step =   1382: nodes = 30849, dt = 6.349005e-11, time = 1.273379e-07, elapsed = 4873.3 sec
[TwinWall] projected 2550 node(s)
Step =   1383: nodes = 30854, dt = 7.618806e-11, time = 1.274141e-07, elapsed = 4876.3 sec
[TwinWall] projected 2635 node(s)
Step =   1384: nodes = 30842, dt = 9.142568e-11, time = 1.275055e-07, elapsed = 4879.5 sec
[TwinWall] projected 2690 node(s)
Step =   1385: nodes = 30838, dt = 1.097108e-10, time = 1.276152e-07, elapsed = 4882.5 sec
[TwinWall] projected 2727 node(s)
Step =   1386: nodes = 30822, dt = 1.316530e-10, time = 1.277469e-07, elapsed = 4885.6 sec
[TwinWall] projected 2680 node(s)
Step =   1387: nodes = 30817, dt = 7.899178e-11, time = 1.278259e-07, elapsed = 4890.2 sec
[TwinWall] projected 2567 node(s)
Step =   1388: nodes = 30812, dt = 7.899178e-11, time = 1.279049e-07, elapsed = 4893.1 sec
[TwinWall] projected 2715 node(s)
Step =   1389: nodes = 30831, dt = 9.479014e-11, time = 1.279997e-07, elapsed = 4896.2 sec
[TwinWall] projected 2607 node(s)
Step =   1390: nodes = 30821, dt = 1.137482e-10, time = 1.281134e-07, elapsed = 4899.2 sec
[TwinWall] projected 2745 node(s)
Step =   1391: nodes = 30821, dt = 1.364978e-10, time = 1.282499e-07, elapsed = 4902.4 sec
[TwinWall] projected 2607 node(s)
Step =   1392: nodes = 30824, dt = 8.189868e-11, time = 1.283318e-07, elapsed = 4906.9 sec
[TwinWall] projected 2628 node(s)
Step =   1393: nodes = 30794, dt = 8.189868e-11, time = 1.284137e-07, elapsed = 4910.0 sec
[TwinWall] projected 2662 node(s)
Step =   1394: nodes = 30792, dt = 9.827842e-11, time = 1.285120e-07, elapsed = 4912.9 sec
[TwinWall] projected 2699 node(s)
Step =   1395: nodes = 30791, dt = 1.179341e-10, time = 1.286299e-07, elapsed = 4916.0 sec
[TwinWall] projected 2781 node(s)
Step =   1396: nodes = 30756, dt = 1.415209e-10, time = 1.287715e-07, elapsed = 4919.1 sec
[TwinWall] projected 2567 node(s)
Step =   1397: nodes = 30767, dt = 8.491255e-11, time = 1.288564e-07, elapsed = 4923.5 sec
[TwinWall] projected 2668 node(s)
Step =   1398: nodes = 30759, dt = 8.491255e-11, time = 1.289413e-07, elapsed = 4926.6 sec
[TwinWall] projected 2639 node(s)
Step =   1399: nodes = 30763, dt = 1.018951e-10, time = 1.290432e-07, elapsed = 4929.6 sec
[TwinWall] projected 2766 node(s)
Step =   1400: nodes = 30769, dt = 1.222741e-10, time = 1.291654e-07, elapsed = 4932.6 sec
Writing configuration in legacy data format
 Output file: /data/home/dg000246b/openDIS/HomeWork/output_relax/config.1400.data
Writing restart file
 Restart file: /data/home/dg000246b/openDIS/HomeWork/output_relax/restart.1400.exadis
[TwinWall] projected 2556 node(s)
Step =   1401: nodes = 30781, dt = 7.336445e-11, time = 1.292388e-07, elapsed = 4937.4 sec
[TwinWall] projected 2664 node(s)
Step =   1402: nodes = 30789, dt = 7.336445e-11, time = 1.293122e-07, elapsed = 4940.4 sec
[TwinWall] projected 2696 node(s)
Step =   1403: nodes = 30796, dt = 8.803734e-11, time = 1.294002e-07, elapsed = 4943.4 sec
[TwinWall] projected 2724 node(s)
Step =   1404: nodes = 30777, dt = 1.056448e-10, time = 1.295059e-07, elapsed = 4946.4 sec
[TwinWall] projected 2745 node(s)
Step =   1405: nodes = 30764, dt = 1.267738e-10, time = 1.296326e-07, elapsed = 4949.5 sec
[TwinWall] projected 2687 node(s)
Step =   1406: nodes = 30755, dt = 7.606426e-11, time = 1.297087e-07, elapsed = 4953.9 sec
[TwinWall] projected 2574 node(s)
Step =   1407: nodes = 30752, dt = 7.606426e-11, time = 1.297848e-07, elapsed = 4956.9 sec
[TwinWall] projected 2683 node(s)
Step =   1408: nodes = 30757, dt = 9.127711e-11, time = 1.298760e-07, elapsed = 4959.9 sec
[TwinWall] projected 2625 node(s)
Step =   1409: nodes = 30752, dt = 1.095325e-10, time = 1.299856e-07, elapsed = 4962.9 sec
[TwinWall] projected 2638 node(s)
Step =   1410: nodes = 30764, dt = 6.571952e-11, time = 1.300513e-07, elapsed = 4967.5 sec
[TwinWall] projected 2561 node(s)
Step =   1411: nodes = 30751, dt = 6.571952e-11, time = 1.301170e-07, elapsed = 4970.7 sec
[TwinWall] projected 2530 node(s)
Step =   1412: nodes = 30768, dt = 7.886342e-11, time = 1.301959e-07, elapsed = 4973.6 sec
[TwinWall] projected 2686 node(s)
Step =   1413: nodes = 30773, dt = 9.463611e-11, time = 1.302905e-07, elapsed = 4976.7 sec
[TwinWall] projected 2619 node(s)
Step =   1414: nodes = 30770, dt = 1.135633e-10, time = 1.304041e-07, elapsed = 4979.7 sec
[TwinWall] projected 2649 node(s)
Step =   1415: nodes = 30773, dt = 6.813800e-11, time = 1.304722e-07, elapsed = 4984.2 sec
[TwinWall] projected 2564 node(s)
Step =   1416: nodes = 30795, dt = 6.813800e-11, time = 1.305403e-07, elapsed = 4987.2 sec
[TwinWall] projected 2472 node(s)
Step =   1417: nodes = 30801, dt = 8.176560e-11, time = 1.306221e-07, elapsed = 4990.1 sec
[TwinWall] projected 2676 node(s)
Step =   1418: nodes = 30801, dt = 9.811872e-11, time = 1.307202e-07, elapsed = 4993.3 sec
[TwinWall] projected 2701 node(s)
Step =   1419: nodes = 30786, dt = 1.177425e-10, time = 1.308380e-07, elapsed = 4996.2 sec
[TwinWall] projected 2753 node(s)
Step =   1420: nodes = 30787, dt = 1.412910e-10, time = 1.309793e-07, elapsed = 4999.5 sec
[TwinWall] projected 2698 node(s)
Step =   1421: nodes = 30807, dt = 8.477457e-11, time = 1.310640e-07, elapsed = 5004.0 sec
[TwinWall] projected 2640 node(s)
Step =   1422: nodes = 30794, dt = 8.477457e-11, time = 1.311488e-07, elapsed = 5007.0 sec
[TwinWall] projected 2585 node(s)
Step =   1423: nodes = 30775, dt = 1.017295e-10, time = 1.312505e-07, elapsed = 5010.0 sec
[TwinWall] projected 2614 node(s)
Step =   1424: nodes = 30763, dt = 1.220754e-10, time = 1.313726e-07, elapsed = 5013.0 sec
[TwinWall] projected 2611 node(s)
Step =   1425: nodes = 30738, dt = 7.324523e-11, time = 1.314459e-07, elapsed = 5017.6 sec
[TwinWall] projected 2566 node(s)
Step =   1426: nodes = 30749, dt = 7.324523e-11, time = 1.315191e-07, elapsed = 5020.5 sec
[TwinWall] projected 2545 node(s)
Step =   1427: nodes = 30756, dt = 8.789427e-11, time = 1.316070e-07, elapsed = 5023.4 sec
[TwinWall] projected 2675 node(s)
Step =   1428: nodes = 30752, dt = 1.054731e-10, time = 1.317125e-07, elapsed = 5026.5 sec
[TwinWall] projected 2680 node(s)
Step =   1429: nodes = 30727, dt = 1.265678e-10, time = 1.318390e-07, elapsed = 5029.8 sec
[TwinWall] projected 2575 node(s)
Step =   1430: nodes = 30730, dt = 7.594065e-11, time = 1.319150e-07, elapsed = 5034.2 sec
[TwinWall] projected 2608 node(s)
Step =   1431: nodes = 30736, dt = 7.594065e-11, time = 1.319909e-07, elapsed = 5037.1 sec
[TwinWall] projected 2608 node(s)
Step =   1432: nodes = 30734, dt = 9.112878e-11, time = 1.320821e-07, elapsed = 5040.1 sec
[TwinWall] projected 2630 node(s)
Step =   1433: nodes = 30715, dt = 1.093545e-10, time = 1.321914e-07, elapsed = 5043.2 sec
[TwinWall] projected 2662 node(s)
Step =   1434: nodes = 30702, dt = 1.312254e-10, time = 1.323226e-07, elapsed = 5046.2 sec
[TwinWall] projected 2619 node(s)
Step =   1435: nodes = 30706, dt = 7.873527e-11, time = 1.324014e-07, elapsed = 5050.7 sec
[TwinWall] projected 2598 node(s)
Step =   1436: nodes = 30731, dt = 7.873527e-11, time = 1.324801e-07, elapsed = 5053.6 sec
[TwinWall] projected 2596 node(s)
Step =   1437: nodes = 30732, dt = 9.448232e-11, time = 1.325746e-07, elapsed = 5056.7 sec
[TwinWall] projected 2641 node(s)
Step =   1438: nodes = 30717, dt = 1.133788e-10, time = 1.326880e-07, elapsed = 5059.9 sec
[TwinWall] projected 2590 node(s)
Step =   1439: nodes = 30730, dt = 6.802727e-11, time = 1.327560e-07, elapsed = 5064.4 sec
[TwinWall] projected 2567 node(s)
Step =   1440: nodes = 30725, dt = 6.802727e-11, time = 1.328240e-07, elapsed = 5067.3 sec
[TwinWall] projected 2531 node(s)
Step =   1441: nodes = 30713, dt = 8.163273e-11, time = 1.329057e-07, elapsed = 5070.3 sec
[TwinWall] projected 2551 node(s)
Step =   1442: nodes = 30729, dt = 9.795927e-11, time = 1.330036e-07, elapsed = 5073.3 sec
[TwinWall] projected 2589 node(s)
Step =   1443: nodes = 30712, dt = 1.175511e-10, time = 1.331212e-07, elapsed = 5076.3 sec
[TwinWall] projected 2568 node(s)
Step =   1444: nodes = 30700, dt = 7.053068e-11, time = 1.331917e-07, elapsed = 5080.8 sec
[TwinWall] projected 2497 node(s)
Step =   1445: nodes = 30701, dt = 7.053068e-11, time = 1.332622e-07, elapsed = 5083.8 sec
[TwinWall] projected 2561 node(s)
Step =   1446: nodes = 30711, dt = 8.463681e-11, time = 1.333469e-07, elapsed = 5086.8 sec
[TwinWall] projected 2590 node(s)
Step =   1447: nodes = 30717, dt = 1.015642e-10, time = 1.334484e-07, elapsed = 5089.9 sec
[TwinWall] projected 2698 node(s)
Step =   1448: nodes = 30706, dt = 1.218770e-10, time = 1.335703e-07, elapsed = 5093.0 sec
[TwinWall] projected 2528 node(s)
Step =   1449: nodes = 30707, dt = 7.312620e-11, time = 1.336434e-07, elapsed = 5097.5 sec
[TwinWall] projected 2551 node(s)
Step =   1450: nodes = 30717, dt = 7.312620e-11, time = 1.337166e-07, elapsed = 5100.5 sec
[TwinWall] projected 2654 node(s)
Step =   1451: nodes = 30705, dt = 8.775145e-11, time = 1.338043e-07, elapsed = 5103.6 sec
[TwinWall] projected 2653 node(s)
Step =   1452: nodes = 30707, dt = 1.053017e-10, time = 1.339096e-07, elapsed = 5106.6 sec
[TwinWall] projected 2716 node(s)
Step =   1453: nodes = 30693, dt = 1.263621e-10, time = 1.340360e-07, elapsed = 5109.6 sec
[TwinWall] projected 2680 node(s)
Step =   1454: nodes = 30701, dt = 7.581725e-11, time = 1.341118e-07, elapsed = 5114.2 sec
[TwinWall] projected 2576 node(s)
Step =   1455: nodes = 30695, dt = 7.581725e-11, time = 1.341876e-07, elapsed = 5117.1 sec
[TwinWall] projected 2681 node(s)
Step =   1456: nodes = 30707, dt = 9.098070e-11, time = 1.342786e-07, elapsed = 5120.4 sec
[TwinWall] projected 2627 node(s)
Step =   1457: nodes = 30703, dt = 1.091768e-10, time = 1.343878e-07, elapsed = 5123.4 sec
[TwinWall] projected 2636 node(s)
Step =   1458: nodes = 30730, dt = 6.550610e-11, time = 1.344533e-07, elapsed = 5127.9 sec
[TwinWall] projected 2589 node(s)
Step =   1459: nodes = 30738, dt = 6.550610e-11, time = 1.345188e-07, elapsed = 5130.9 sec
[TwinWall] projected 2457 node(s)
Step =   1460: nodes = 30744, dt = 7.860732e-11, time = 1.345974e-07, elapsed = 5133.7 sec
[TwinWall] projected 2661 node(s)
Step =   1461: nodes = 30746, dt = 9.432879e-11, time = 1.346917e-07, elapsed = 5136.8 sec
[TwinWall] projected 2613 node(s)
Step =   1462: nodes = 30755, dt = 1.131945e-10, time = 1.348049e-07, elapsed = 5139.7 sec
[TwinWall] projected 2725 node(s)
Step =   1463: nodes = 30753, dt = 1.358335e-10, time = 1.349407e-07, elapsed = 5142.8 sec
[TwinWall] projected 2657 node(s)
Step =   1464: nodes = 30771, dt = 8.150007e-11, time = 1.350222e-07, elapsed = 5147.3 sec
[TwinWall] projected 2650 node(s)
Step =   1465: nodes = 30788, dt = 8.150007e-11, time = 1.351037e-07, elapsed = 5150.2 sec
[TwinWall] projected 2649 node(s)
Step =   1466: nodes = 30782, dt = 9.780009e-11, time = 1.352015e-07, elapsed = 5153.3 sec
[TwinWall] projected 2694 node(s)
Step =   1467: nodes = 30772, dt = 1.173601e-10, time = 1.353189e-07, elapsed = 5156.3 sec
[TwinWall] projected 2632 node(s)
Step =   1468: nodes = 30797, dt = 7.041606e-11, time = 1.353893e-07, elapsed = 5160.8 sec
[TwinWall] projected 2610 node(s)
Step =   1469: nodes = 30803, dt = 7.041606e-11, time = 1.354597e-07, elapsed = 5163.8 sec
[TwinWall] projected 2592 node(s)
Step =   1470: nodes = 30798, dt = 8.449928e-11, time = 1.355442e-07, elapsed = 5166.8 sec
[TwinWall] projected 2668 node(s)
Step =   1471: nodes = 30787, dt = 1.013991e-10, time = 1.356456e-07, elapsed = 5169.9 sec
[TwinWall] projected 2570 node(s)
Step =   1472: nodes = 30788, dt = 6.083948e-11, time = 1.357065e-07, elapsed = 5174.3 sec
[TwinWall] projected 2483 node(s)
Step =   1473: nodes = 30792, dt = 6.083948e-11, time = 1.357673e-07, elapsed = 5177.2 sec
[TwinWall] projected 2552 node(s)
Step =   1474: nodes = 30783, dt = 7.300737e-11, time = 1.358403e-07, elapsed = 5180.2 sec
[TwinWall] projected 2597 node(s)
Step =   1475: nodes = 30786, dt = 8.760885e-11, time = 1.359279e-07, elapsed = 5183.2 sec
[TwinWall] projected 2569 node(s)
Step =   1476: nodes = 30802, dt = 1.051306e-10, time = 1.360331e-07, elapsed = 5186.2 sec
[TwinWall] projected 2624 node(s)
Step =   1477: nodes = 30787, dt = 1.261567e-10, time = 1.361592e-07, elapsed = 5189.4 sec
[TwinWall] projected 2553 node(s)
Step =   1478: nodes = 30785, dt = 7.569405e-11, time = 1.362349e-07, elapsed = 5193.9 sec
[TwinWall] projected 2480 node(s)
Step =   1479: nodes = 30777, dt = 7.569405e-11, time = 1.363106e-07, elapsed = 5196.9 sec
[TwinWall] projected 2598 node(s)
Step =   1480: nodes = 30775, dt = 9.083286e-11, time = 1.364014e-07, elapsed = 5199.9 sec
[TwinWall] projected 2549 node(s)
Step =   1481: nodes = 30793, dt = 1.089994e-10, time = 1.365104e-07, elapsed = 5202.9 sec
[TwinWall] projected 2665 node(s)
Step =   1482: nodes = 30799, dt = 1.307993e-10, time = 1.366412e-07, elapsed = 5206.0 sec
[TwinWall] projected 2449 node(s)
Step =   1483: nodes = 30792, dt = 7.847959e-11, time = 1.367197e-07, elapsed = 5210.5 sec
[TwinWall] projected 2597 node(s)
Step =   1484: nodes = 30789, dt = 7.847959e-11, time = 1.367982e-07, elapsed = 5213.5 sec
[TwinWall] projected 2594 node(s)
Step =   1485: nodes = 30816, dt = 9.417550e-11, time = 1.368924e-07, elapsed = 5216.5 sec
[TwinWall] projected 2595 node(s)
Step =   1486: nodes = 30817, dt = 1.130106e-10, time = 1.370054e-07, elapsed = 5219.5 sec
[TwinWall] projected 2685 node(s)
Step =   1487: nodes = 30767, dt = 1.356127e-10, time = 1.371410e-07, elapsed = 5222.6 sec
[TwinWall] projected 2621 node(s)
Step =   1488: nodes = 30789, dt = 8.136764e-11, time = 1.372224e-07, elapsed = 5227.1 sec
[TwinWall] projected 2468 node(s)
Step =   1489: nodes = 30813, dt = 8.136764e-11, time = 1.373037e-07, elapsed = 5230.0 sec
[TwinWall] projected 2637 node(s)
Step =   1490: nodes = 30817, dt = 9.764116e-11, time = 1.374014e-07, elapsed = 5233.1 sec
[TwinWall] projected 2582 node(s)
Step =   1491: nodes = 30806, dt = 1.171694e-10, time = 1.375185e-07, elapsed = 5236.0 sec
[TwinWall] projected 2573 node(s)
Step =   1492: nodes = 30804, dt = 7.030164e-11, time = 1.375888e-07, elapsed = 5240.7 sec
[TwinWall] projected 2499 node(s)
Step =   1493: nodes = 30816, dt = 7.030164e-11, time = 1.376591e-07, elapsed = 5243.7 sec
[TwinWall] projected 2444 node(s)
Step =   1494: nodes = 30826, dt = 8.436196e-11, time = 1.377435e-07, elapsed = 5246.6 sec
[TwinWall] projected 2636 node(s)
Step =   1495: nodes = 30818, dt = 1.012344e-10, time = 1.378447e-07, elapsed = 5249.6 sec
[TwinWall] projected 2622 node(s)
Step =   1496: nodes = 30819, dt = 1.214812e-10, time = 1.379662e-07, elapsed = 5252.7 sec
[TwinWall] projected 2588 node(s)
Step =   1497: nodes = 30823, dt = 7.288874e-11, time = 1.380391e-07, elapsed = 5257.2 sec
[TwinWall] projected 2488 node(s)
Step =   1498: nodes = 30824, dt = 7.288874e-11, time = 1.381120e-07, elapsed = 5260.1 sec
[TwinWall] projected 2609 node(s)
Step =   1499: nodes = 30831, dt = 8.746649e-11, time = 1.381995e-07, elapsed = 5263.2 sec
[TwinWall] projected 2586 node(s)
Step =   1500: nodes = 30820, dt = 1.049598e-10, time = 1.383044e-07, elapsed = 5266.1 sec
Writing configuration in legacy data format
 Output file: /data/home/dg000246b/openDIS/HomeWork/output_relax/config.1500.data
Writing restart file
 Restart file: /data/home/dg000246b/openDIS/HomeWork/output_relax/restart.1500.exadis
[TwinWall] projected 2684 node(s)
Step =   1501: nodes = 30822, dt = 1.259517e-10, time = 1.384304e-07, elapsed = 5269.8 sec
[TwinWall] projected 2493 node(s)
Step =   1502: nodes = 30824, dt = 7.557104e-11, time = 1.385059e-07, elapsed = 5274.2 sec
[TwinWall] projected 2615 node(s)
Step =   1503: nodes = 30826, dt = 7.557104e-11, time = 1.385815e-07, elapsed = 5277.2 sec
[TwinWall] projected 2604 node(s)
Step =   1504: nodes = 30842, dt = 9.068525e-11, time = 1.386722e-07, elapsed = 5280.2 sec
[TwinWall] projected 2619 node(s)
Step =   1505: nodes = 30846, dt = 1.088223e-10, time = 1.387810e-07, elapsed = 5283.2 sec
[TwinWall] projected 2553 node(s)
Step =   1506: nodes = 30851, dt = 6.529338e-11, time = 1.388463e-07, elapsed = 5287.7 sec
[TwinWall] projected 2509 node(s)
Step =   1507: nodes = 30851, dt = 6.529338e-11, time = 1.389116e-07, elapsed = 5290.6 sec
[TwinWall] projected 2461 node(s)
Step =   1508: nodes = 30854, dt = 7.835206e-11, time = 1.389900e-07, elapsed = 5293.5 sec
[TwinWall] projected 2567 node(s)
Step =   1509: nodes = 30854, dt = 9.402247e-11, time = 1.390840e-07, elapsed = 5296.5 sec
[TwinWall] projected 2597 node(s)
Step =   1510: nodes = 30812, dt = 1.128270e-10, time = 1.391968e-07, elapsed = 5299.8 sec
[TwinWall] projected 2506 node(s)
Step =   1511: nodes = 30817, dt = 6.769618e-11, time = 1.392645e-07, elapsed = 5304.4 sec
[TwinWall] projected 2452 node(s)
Step =   1512: nodes = 30776, dt = 6.769618e-11, time = 1.393322e-07, elapsed = 5307.2 sec
[TwinWall] projected 2547 node(s)
Step =   1513: nodes = 30781, dt = 8.123541e-11, time = 1.394134e-07, elapsed = 5310.3 sec
[TwinWall] projected 2540 node(s)
Step =   1514: nodes = 30777, dt = 9.748250e-11, time = 1.395109e-07, elapsed = 5313.3 sec
[TwinWall] projected 2606 node(s)
Step =   1515: nodes = 30756, dt = 1.169790e-10, time = 1.396279e-07, elapsed = 5316.4 sec
[TwinWall] projected 2438 node(s)
Step =   1516: nodes = 30765, dt = 7.018740e-11, time = 1.396981e-07, elapsed = 5320.9 sec
[TwinWall] projected 2523 node(s)
Step =   1517: nodes = 30760, dt = 7.018740e-11, time = 1.397683e-07, elapsed = 5323.9 sec
[TwinWall] projected 2531 node(s)
Step =   1518: nodes = 30767, dt = 8.422488e-11, time = 1.398525e-07, elapsed = 5326.9 sec
[TwinWall] projected 2530 node(s)
Step =   1519: nodes = 30751, dt = 1.010699e-10, time = 1.399536e-07, elapsed = 5330.2 sec
[TwinWall] projected 2564 node(s)
Step =   1520: nodes = 30739, dt = 1.212838e-10, time = 1.400749e-07, elapsed = 5333.2 sec
[TwinWall] projected 2535 node(s)
Step =   1521: nodes = 30758, dt = 7.277029e-11, time = 1.401476e-07, elapsed = 5337.7 sec
[TwinWall] projected 2435 node(s)
Step =   1522: nodes = 30777, dt = 7.277029e-11, time = 1.402204e-07, elapsed = 5340.6 sec
[TwinWall] projected 2559 node(s)
Step =   1523: nodes = 30759, dt = 8.732435e-11, time = 1.403077e-07, elapsed = 5343.7 sec
[TwinWall] projected 2506 node(s)
Step =   1524: nodes = 30732, dt = 1.047892e-10, time = 1.404125e-07, elapsed = 5346.6 sec
[TwinWall] projected 2600 node(s)
Step =   1525: nodes = 30758, dt = 1.257471e-10, time = 1.405383e-07, elapsed = 5349.8 sec
[TwinWall] projected 2407 node(s)
Step =   1526: nodes = 30757, dt = 7.544824e-11, time = 1.406137e-07, elapsed = 5354.2 sec
[TwinWall] projected 2523 node(s)
Step =   1527: nodes = 30738, dt = 7.544824e-11, time = 1.406891e-07, elapsed = 5357.2 sec
[TwinWall] projected 2539 node(s)
Step =   1528: nodes = 30755, dt = 9.053789e-11, time = 1.407797e-07, elapsed = 5360.3 sec
[TwinWall] projected 2564 node(s)
Step =   1529: nodes = 30751, dt = 1.086455e-10, time = 1.408883e-07, elapsed = 5363.4 sec
[TwinWall] projected 2469 node(s)
Step =   1530: nodes = 30769, dt = 6.518728e-11, time = 1.409535e-07, elapsed = 5367.8 sec
[TwinWall] projected 2440 node(s)
Step =   1531: nodes = 30769, dt = 6.518728e-11, time = 1.410187e-07, elapsed = 5370.7 sec
[TwinWall] projected 2502 node(s)
Step =   1532: nodes = 30789, dt = 7.822474e-11, time = 1.410969e-07, elapsed = 5373.8 sec
[TwinWall] projected 2500 node(s)
Step =   1533: nodes = 30790, dt = 9.386968e-11, time = 1.411908e-07, elapsed = 5376.7 sec
[TwinWall] projected 2562 node(s)
Step =   1534: nodes = 30774, dt = 1.126436e-10, time = 1.413034e-07, elapsed = 5379.8 sec
[TwinWall] projected 2423 node(s)
Step =   1535: nodes = 30769, dt = 6.758617e-11, time = 1.413710e-07, elapsed = 5384.3 sec
[TwinWall] projected 2537 node(s)
Step =   1536: nodes = 30769, dt = 6.758617e-11, time = 1.414386e-07, elapsed = 5387.3 sec
[TwinWall] projected 2550 node(s)
Step =   1537: nodes = 30761, dt = 8.110341e-11, time = 1.415197e-07, elapsed = 5390.4 sec
[TwinWall] projected 2540 node(s)
Step =   1538: nodes = 30759, dt = 9.732409e-11, time = 1.416170e-07, elapsed = 5393.4 sec
[TwinWall] projected 2531 node(s)
Step =   1539: nodes = 30759, dt = 1.167889e-10, time = 1.417338e-07, elapsed = 5396.4 sec
[TwinWall] projected 2541 node(s)
Step =   1540: nodes = 30743, dt = 7.007334e-11, time = 1.418039e-07, elapsed = 5401.0 sec
[TwinWall] projected 2529 node(s)
Step =   1541: nodes = 30734, dt = 7.007334e-11, time = 1.418740e-07, elapsed = 5403.9 sec
[TwinWall] projected 2472 node(s)
Step =   1542: nodes = 30750, dt = 8.408801e-11, time = 1.419581e-07, elapsed = 5406.8 sec
[TwinWall] projected 2548 node(s)
Step =   1543: nodes = 30737, dt = 1.009056e-10, time = 1.420590e-07, elapsed = 5409.9 sec
[TwinWall] projected 2619 node(s)
Step =   1544: nodes = 30740, dt = 1.210867e-10, time = 1.421801e-07, elapsed = 5413.0 sec
[TwinWall] projected 2499 node(s)
Step =   1545: nodes = 30722, dt = 7.265204e-11, time = 1.422527e-07, elapsed = 5417.6 sec
[TwinWall] projected 2501 node(s)
Step =   1546: nodes = 30719, dt = 7.265204e-11, time = 1.423254e-07, elapsed = 5420.5 sec
[TwinWall] projected 2563 node(s)
Step =   1547: nodes = 30723, dt = 8.718245e-11, time = 1.424125e-07, elapsed = 5423.5 sec
[TwinWall] projected 2525 node(s)
Step =   1548: nodes = 30689, dt = 1.046189e-10, time = 1.425172e-07, elapsed = 5426.5 sec
[TwinWall] projected 2595 node(s)
Step =   1549: nodes = 30681, dt = 1.255427e-10, time = 1.426427e-07, elapsed = 5429.6 sec
[TwinWall] projected 2504 node(s)
Step =   1550: nodes = 30694, dt = 7.532564e-11, time = 1.427180e-07, elapsed = 5434.1 sec
[TwinWall] projected 2520 node(s)
Step =   1551: nodes = 30696, dt = 7.532564e-11, time = 1.427934e-07, elapsed = 5437.1 sec
[TwinWall] projected 2565 node(s)
Step =   1552: nodes = 30691, dt = 9.039076e-11, time = 1.428838e-07, elapsed = 5440.1 sec
[TwinWall] projected 2647 node(s)
Step =   1553: nodes = 30697, dt = 1.084689e-10, time = 1.429922e-07, elapsed = 5443.2 sec
[TwinWall] projected 2552 node(s)
Step =   1554: nodes = 30722, dt = 6.508135e-11, time = 1.430573e-07, elapsed = 5447.7 sec
[TwinWall] projected 2481 node(s)
Step =   1555: nodes = 30701, dt = 6.508135e-11, time = 1.431224e-07, elapsed = 5450.6 sec
[TwinWall] projected 2551 node(s)
Step =   1556: nodes = 30716, dt = 7.809762e-11, time = 1.432005e-07, elapsed = 5453.6 sec
[TwinWall] projected 2614 node(s)
Step =   1557: nodes = 30705, dt = 9.371714e-11, time = 1.432942e-07, elapsed = 5456.6 sec
[TwinWall] projected 2606 node(s)
Step =   1558: nodes = 30724, dt = 1.124606e-10, time = 1.434067e-07, elapsed = 5459.6 sec
[TwinWall] projected 2535 node(s)
Step =   1559: nodes = 30719, dt = 6.747634e-11, time = 1.434741e-07, elapsed = 5464.1 sec
[TwinWall] projected 2442 node(s)
Step =   1560: nodes = 30721, dt = 6.747634e-11, time = 1.435416e-07, elapsed = 5467.0 sec
[TwinWall] projected 2534 node(s)
Step =   1561: nodes = 30732, dt = 8.097161e-11, time = 1.436226e-07, elapsed = 5470.0 sec
[TwinWall] projected 2555 node(s)
Step =   1562: nodes = 30726, dt = 9.716593e-11, time = 1.437197e-07, elapsed = 5473.0 sec
[TwinWall] projected 2631 node(s)
Step =   1563: nodes = 30693, dt = 1.165991e-10, time = 1.438363e-07, elapsed = 5476.1 sec
[TwinWall] projected 2690 node(s)
Step =   1564: nodes = 30677, dt = 1.399189e-10, time = 1.439763e-07, elapsed = 5479.5 sec
[TwinWall] projected 2633 node(s)
Step =   1565: nodes = 30689, dt = 8.395137e-11, time = 1.440602e-07, elapsed = 5484.0 sec
[TwinWall] projected 2424 node(s)
Step =   1566: nodes = 30713, dt = 8.395137e-11, time = 1.441442e-07, elapsed = 5486.9 sec
[TwinWall] projected 2564 node(s)
Step =   1567: nodes = 30698, dt = 1.007416e-10, time = 1.442449e-07, elapsed = 5490.0 sec
[TwinWall] projected 2556 node(s)
Step =   1568: nodes = 30690, dt = 1.208900e-10, time = 1.443658e-07, elapsed = 5493.0 sec
[TwinWall] projected 2544 node(s)
Step =   1569: nodes = 30652, dt = 7.253398e-11, time = 1.444383e-07, elapsed = 5497.5 sec
[TwinWall] projected 2437 node(s)
Step =   1570: nodes = 30675, dt = 7.253398e-11, time = 1.445109e-07, elapsed = 5500.4 sec
[TwinWall] projected 2485 node(s)
Step =   1571: nodes = 30678, dt = 8.704078e-11, time = 1.445979e-07, elapsed = 5503.4 sec
[TwinWall] projected 2614 node(s)
Step =   1572: nodes = 30680, dt = 1.044489e-10, time = 1.447024e-07, elapsed = 5506.4 sec
[TwinWall] projected 2677 node(s)
Step =   1573: nodes = 30658, dt = 1.253387e-10, time = 1.448277e-07, elapsed = 5509.7 sec
[TwinWall] projected 2455 node(s)
Step =   1574: nodes = 30653, dt = 7.520323e-11, time = 1.449029e-07, elapsed = 5514.2 sec
[TwinWall] projected 2469 node(s)
Step =   1575: nodes = 30678, dt = 7.520323e-11, time = 1.449781e-07, elapsed = 5517.2 sec
[TwinWall] projected 2558 node(s)
Step =   1576: nodes = 30685, dt = 9.024388e-11, time = 1.450683e-07, elapsed = 5520.2 sec
[TwinWall] projected 2612 node(s)
Step =   1577: nodes = 30686, dt = 1.082927e-10, time = 1.451766e-07, elapsed = 5523.2 sec
[TwinWall] projected 2654 node(s)
Step =   1578: nodes = 30681, dt = 1.299512e-10, time = 1.453066e-07, elapsed = 5526.2 sec
[TwinWall] projected 2635 node(s)
Step =   1579: nodes = 30656, dt = 7.797071e-11, time = 1.453846e-07, elapsed = 5530.8 sec
[TwinWall] projected 2526 node(s)
Step =   1580: nodes = 30662, dt = 7.797071e-11, time = 1.454625e-07, elapsed = 5533.7 sec
[TwinWall] projected 2623 node(s)
Step =   1581: nodes = 30669, dt = 9.356485e-11, time = 1.455561e-07, elapsed = 5536.8 sec
[TwinWall] projected 2514 node(s)
Step =   1582: nodes = 30650, dt = 1.122778e-10, time = 1.456684e-07, elapsed = 5540.0 sec
[TwinWall] projected 2648 node(s)
Step =   1583: nodes = 30659, dt = 1.347334e-10, time = 1.458031e-07, elapsed = 5543.1 sec
[TwinWall] projected 2451 node(s)
Step =   1584: nodes = 30671, dt = 8.084003e-11, time = 1.458839e-07, elapsed = 5547.6 sec
[TwinWall] projected 2530 node(s)
Step =   1585: nodes = 30680, dt = 8.084003e-11, time = 1.459648e-07, elapsed = 5550.7 sec
[TwinWall] projected 2560 node(s)
Step =   1586: nodes = 30677, dt = 9.700804e-11, time = 1.460618e-07, elapsed = 5553.6 sec
[TwinWall] projected 2674 node(s)
Step =   1587: nodes = 30676, dt = 1.164096e-10, time = 1.461782e-07, elapsed = 5556.7 sec
[TwinWall] projected 2488 node(s)
Step =   1588: nodes = 30686, dt = 6.984579e-11, time = 1.462481e-07, elapsed = 5561.2 sec
[TwinWall] projected 2602 node(s)
Step =   1589: nodes = 30694, dt = 6.984579e-11, time = 1.463179e-07, elapsed = 5564.2 sec
[TwinWall] projected 2594 node(s)
Step =   1590: nodes = 30699, dt = 8.381495e-11, time = 1.464017e-07, elapsed = 5567.2 sec
[TwinWall] projected 2642 node(s)
Step =   1591: nodes = 30682, dt = 1.005779e-10, time = 1.465023e-07, elapsed = 5570.5 sec
[TwinWall] projected 2620 node(s)
Step =   1592: nodes = 30673, dt = 1.206935e-10, time = 1.466230e-07, elapsed = 5573.5 sec
[TwinWall] projected 2587 node(s)
Step =   1593: nodes = 30699, dt = 7.241611e-11, time = 1.466954e-07, elapsed = 5578.1 sec
[TwinWall] projected 2525 node(s)
Step =   1594: nodes = 30700, dt = 7.241611e-11, time = 1.467678e-07, elapsed = 5581.0 sec
[TwinWall] projected 2418 node(s)
Step =   1595: nodes = 30706, dt = 8.689934e-11, time = 1.468547e-07, elapsed = 5583.9 sec
[TwinWall] projected 2590 node(s)
Step =   1596: nodes = 30678, dt = 1.042792e-10, time = 1.469590e-07, elapsed = 5587.0 sec
[TwinWall] projected 2613 node(s)
Step =   1597: nodes = 30689, dt = 1.251350e-10, time = 1.470841e-07, elapsed = 5590.0 sec
[TwinWall] projected 2657 node(s)
Step =   1598: nodes = 30664, dt = 1.501621e-10, time = 1.472343e-07, elapsed = 5593.1 sec
[TwinWall] projected 2524 node(s)
Step =   1599: nodes = 30684, dt = 9.009723e-11, time = 1.473244e-07, elapsed = 5597.6 sec
[TwinWall] projected 2580 node(s)
Step =   1600: nodes = 30678, dt = 9.009723e-11, time = 1.474145e-07, elapsed = 5600.6 sec
Writing configuration in legacy data format
 Output file: /data/home/dg000246b/openDIS/HomeWork/output_relax/config.1600.data
Writing restart file
 Restart file: /data/home/dg000246b/openDIS/HomeWork/output_relax/restart.1600.exadis
[TwinWall] projected 2595 node(s)
Step =   1601: nodes = 30699, dt = 1.081167e-10, time = 1.475226e-07, elapsed = 5604.0 sec
[TwinWall] projected 2630 node(s)
Step =   1602: nodes = 30675, dt = 1.297400e-10, time = 1.476523e-07, elapsed = 5607.0 sec
[TwinWall] projected 2588 node(s)
Step =   1603: nodes = 30688, dt = 7.784401e-11, time = 1.477302e-07, elapsed = 5611.5 sec
[TwinWall] projected 2575 node(s)
Step =   1604: nodes = 30688, dt = 7.784401e-11, time = 1.478080e-07, elapsed = 5614.5 sec
[TwinWall] projected 2535 node(s)
Step =   1605: nodes = 30687, dt = 9.341281e-11, time = 1.479014e-07, elapsed = 5617.5 sec
[TwinWall] projected 2560 node(s)
Step =   1606: nodes = 30682, dt = 1.120954e-10, time = 1.480135e-07, elapsed = 5620.5 sec
[TwinWall] projected 2518 node(s)
Step =   1607: nodes = 30688, dt = 6.725722e-11, time = 1.480808e-07, elapsed = 5625.0 sec
[TwinWall] projected 2526 node(s)
Step =   1608: nodes = 30705, dt = 6.725722e-11, time = 1.481481e-07, elapsed = 5628.0 sec
[TwinWall] projected 2474 node(s)
Step =   1609: nodes = 30687, dt = 8.070867e-11, time = 1.482288e-07, elapsed = 5630.9 sec
[TwinWall] projected 2482 node(s)
Step =   1610: nodes = 30678, dt = 9.685040e-11, time = 1.483256e-07, elapsed = 5634.0 sec
[TwinWall] projected 2503 node(s)
Step =   1611: nodes = 30665, dt = 1.162205e-10, time = 1.484418e-07, elapsed = 5636.9 sec
[TwinWall] projected 2507 node(s)
Step =   1612: nodes = 30663, dt = 6.973229e-11, time = 1.485116e-07, elapsed = 5641.4 sec
[TwinWall] projected 2423 node(s)
Step =   1613: nodes = 30673, dt = 6.973229e-11, time = 1.485813e-07, elapsed = 5644.4 sec
[TwinWall] projected 2342 node(s)
Step =   1614: nodes = 30651, dt = 8.367875e-11, time = 1.486650e-07, elapsed = 5647.4 sec
[TwinWall] projected 2532 node(s)
Step =   1615: nodes = 30664, dt = 1.004145e-10, time = 1.487654e-07, elapsed = 5650.4 sec
[TwinWall] projected 2602 node(s)
Step =   1616: nodes = 30641, dt = 1.204974e-10, time = 1.488859e-07, elapsed = 5653.6 sec
[TwinWall] projected 2618 node(s)
Step =   1617: nodes = 30664, dt = 1.445969e-10, time = 1.490305e-07, elapsed = 5656.7 sec
[TwinWall] projected 2607 node(s)
Step =   1618: nodes = 30667, dt = 8.675813e-11, time = 1.491172e-07, elapsed = 5661.4 sec
[TwinWall] projected 2508 node(s)
Step =   1619: nodes = 30690, dt = 8.675813e-11, time = 1.492040e-07, elapsed = 5664.4 sec
[TwinWall] projected 2605 node(s)
Step =   1620: nodes = 30684, dt = 1.041098e-10, time = 1.493081e-07, elapsed = 5667.5 sec
[TwinWall] projected 2508 node(s)
Step =   1621: nodes = 30680, dt = 6.246585e-11, time = 1.493706e-07, elapsed = 5672.0 sec
[TwinWall] projected 2412 node(s)
Step =   1622: nodes = 30674, dt = 6.246585e-11, time = 1.494330e-07, elapsed = 5675.0 sec
[TwinWall] projected 2472 node(s)
Step =   1623: nodes = 30719, dt = 7.495902e-11, time = 1.495080e-07, elapsed = 5677.9 sec
[TwinWall] projected 2532 node(s)
Step =   1624: nodes = 30716, dt = 8.995082e-11, time = 1.495980e-07, elapsed = 5681.0 sec
[TwinWall] projected 2532 node(s)
Step =   1625: nodes = 30715, dt = 1.079410e-10, time = 1.497059e-07, elapsed = 5684.0 sec
[TwinWall] projected 2623 node(s)
Step =   1626: nodes = 30676, dt = 1.295292e-10, time = 1.498354e-07, elapsed = 5687.2 sec
[TwinWall] projected 2408 node(s)
Step =   1627: nodes = 30690, dt = 7.771751e-11, time = 1.499131e-07, elapsed = 5691.9 sec
[TwinWall] projected 2506 node(s)
Step =   1628: nodes = 30677, dt = 7.771751e-11, time = 1.499909e-07, elapsed = 5694.9 sec
[TwinWall] projected 2548 node(s)
Step =   1629: nodes = 30697, dt = 9.326101e-11, time = 1.500841e-07, elapsed = 5697.9 sec
[TwinWall] projected 2637 node(s)
Step =   1630: nodes = 30681, dt = 1.119132e-10, time = 1.501960e-07, elapsed = 5701.0 sec
[TwinWall] projected 2658 node(s)
Step =   1631: nodes = 30686, dt = 1.342959e-10, time = 1.503303e-07, elapsed = 5704.1 sec
[TwinWall] projected 2516 node(s)
Step =   1632: nodes = 30679, dt = 8.057752e-11, time = 1.504109e-07, elapsed = 5708.6 sec
[TwinWall] projected 2519 node(s)
Step =   1633: nodes = 30654, dt = 8.057752e-11, time = 1.504915e-07, elapsed = 5711.7 sec
[TwinWall] projected 2564 node(s)
Step =   1634: nodes = 30664, dt = 9.669302e-11, time = 1.505882e-07, elapsed = 5714.7 sec
[TwinWall] projected 2561 node(s)
Step =   1635: nodes = 30652, dt = 1.160316e-10, time = 1.507042e-07, elapsed = 5717.8 sec
[TwinWall] projected 2528 node(s)
Step =   1636: nodes = 30639, dt = 6.961897e-11, time = 1.507738e-07, elapsed = 5722.3 sec
[TwinWall] projected 2457 node(s)
Step =   1637: nodes = 30644, dt = 6.961897e-11, time = 1.508434e-07, elapsed = 5725.3 sec
[TwinWall] projected 2441 node(s)
Step =   1638: nodes = 30641, dt = 8.354277e-11, time = 1.509270e-07, elapsed = 5728.3 sec
[TwinWall] projected 2590 node(s)
Step =   1639: nodes = 30662, dt = 1.002513e-10, time = 1.510272e-07, elapsed = 5731.3 sec
[TwinWall] projected 2585 node(s)
Step =   1640: nodes = 30666, dt = 1.203016e-10, time = 1.511475e-07, elapsed = 5734.4 sec
[TwinWall] projected 2521 node(s)
Step =   1641: nodes = 30679, dt = 7.218095e-11, time = 1.512197e-07, elapsed = 5738.8 sec
[TwinWall] projected 2488 node(s)
Step =   1642: nodes = 30670, dt = 7.218095e-11, time = 1.512919e-07, elapsed = 5741.8 sec
[TwinWall] projected 2504 node(s)
Step =   1643: nodes = 30692, dt = 8.661714e-11, time = 1.513785e-07, elapsed = 5744.8 sec
[TwinWall] projected 2586 node(s)
Step =   1644: nodes = 30684, dt = 1.039406e-10, time = 1.514825e-07, elapsed = 5747.8 sec
[TwinWall] projected 2459 node(s)
Step =   1645: nodes = 30698, dt = 6.236434e-11, time = 1.515448e-07, elapsed = 5752.3 sec
[TwinWall] projected 2377 node(s)
Step =   1646: nodes = 30699, dt = 6.236434e-11, time = 1.516072e-07, elapsed = 5755.2 sec
[TwinWall] projected 2464 node(s)
Step =   1647: nodes = 30712, dt = 7.483721e-11, time = 1.516820e-07, elapsed = 5758.2 sec
[TwinWall] projected 2484 node(s)
Step =   1648: nodes = 30706, dt = 8.980465e-11, time = 1.517718e-07, elapsed = 5761.2 sec
[TwinWall] projected 2506 node(s)
Step =   1649: nodes = 30727, dt = 1.077656e-10, time = 1.518796e-07, elapsed = 5764.3 sec
[TwinWall] projected 2612 node(s)
Step =   1650: nodes = 30718, dt = 1.293187e-10, time = 1.520089e-07, elapsed = 5767.3 sec
[TwinWall] projected 2447 node(s)
Step =   1651: nodes = 30719, dt = 7.759122e-11, time = 1.520865e-07, elapsed = 5771.9 sec
[TwinWall] projected 2435 node(s)
Step =   1652: nodes = 30724, dt = 7.759122e-11, time = 1.521641e-07, elapsed = 5774.8 sec
[TwinWall] projected 2537 node(s)
Step =   1653: nodes = 30737, dt = 9.310947e-11, time = 1.522572e-07, elapsed = 5777.8 sec
[TwinWall] projected 2555 node(s)
Step =   1654: nodes = 30726, dt = 1.117314e-10, time = 1.523689e-07, elapsed = 5780.9 sec
[TwinWall] projected 2602 node(s)
Step =   1655: nodes = 30705, dt = 1.340776e-10, time = 1.525030e-07, elapsed = 5784.0 sec
[TwinWall] projected 2405 node(s)
Step =   1656: nodes = 30693, dt = 8.044658e-11, time = 1.525835e-07, elapsed = 5788.4 sec
[TwinWall] projected 2489 node(s)
Step =   1657: nodes = 30673, dt = 8.044658e-11, time = 1.526639e-07, elapsed = 5791.4 sec
[TwinWall] projected 2500 node(s)
Step =   1658: nodes = 30682, dt = 9.653589e-11, time = 1.527604e-07, elapsed = 5794.4 sec
[TwinWall] projected 2563 node(s)
Step =   1659: nodes = 30709, dt = 1.158431e-10, time = 1.528763e-07, elapsed = 5797.5 sec
[TwinWall] projected 2396 node(s)
Step =   1660: nodes = 30695, dt = 6.950584e-11, time = 1.529458e-07, elapsed = 5802.0 sec
[TwinWall] projected 2430 node(s)
Step =   1661: nodes = 30691, dt = 6.950584e-11, time = 1.530153e-07, elapsed = 5805.0 sec
[TwinWall] projected 2488 node(s)
Step =   1662: nodes = 30688, dt = 8.340701e-11, time = 1.530987e-07, elapsed = 5808.0 sec
[TwinWall] projected 2476 node(s)
Step =   1663: nodes = 30683, dt = 1.000884e-10, time = 1.531988e-07, elapsed = 5811.0 sec
[TwinWall] projected 2570 node(s)
Step =   1664: nodes = 30683, dt = 1.201061e-10, time = 1.533189e-07, elapsed = 5814.0 sec
[TwinWall] projected 2525 node(s)
Step =   1665: nodes = 30670, dt = 7.206366e-11, time = 1.533910e-07, elapsed = 5818.5 sec
[TwinWall] projected 2475 node(s)
Step =   1666: nodes = 30689, dt = 7.206366e-11, time = 1.534630e-07, elapsed = 5821.5 sec
[TwinWall] projected 2482 node(s)
Step =   1667: nodes = 30705, dt = 8.647639e-11, time = 1.535495e-07, elapsed = 5824.4 sec
[TwinWall] projected 2539 node(s)
Step =   1668: nodes = 30686, dt = 1.037717e-10, time = 1.536533e-07, elapsed = 5827.5 sec
[TwinWall] projected 2556 node(s)
Step =   1669: nodes = 30684, dt = 1.245260e-10, time = 1.537778e-07, elapsed = 5830.6 sec
[TwinWall] projected 2478 node(s)
Step =   1670: nodes = 30682, dt = 7.471560e-11, time = 1.538525e-07, elapsed = 5835.1 sec
[TwinWall] projected 2502 node(s)
Step =   1671: nodes = 30681, dt = 7.471560e-11, time = 1.539272e-07, elapsed = 5838.1 sec
[TwinWall] projected 2469 node(s)
Step =   1672: nodes = 30701, dt = 8.965872e-11, time = 1.540169e-07, elapsed = 5841.2 sec
[TwinWall] projected 2557 node(s)
Step =   1673: nodes = 30704, dt = 1.075905e-10, time = 1.541245e-07, elapsed = 5844.2 sec
[TwinWall] projected 2619 node(s)
Step =   1674: nodes = 30697, dt = 1.291086e-10, time = 1.542536e-07, elapsed = 5847.2 sec
[TwinWall] projected 2668 node(s)
Step =   1675: nodes = 30689, dt = 1.549303e-10, time = 1.544085e-07, elapsed = 5850.3 sec
[TwinWall] projected 2567 node(s)
Step =   1676: nodes = 30685, dt = 9.295816e-11, time = 1.545015e-07, elapsed = 5854.9 sec
[TwinWall] projected 2546 node(s)
Step =   1677: nodes = 30693, dt = 9.295816e-11, time = 1.545944e-07, elapsed = 5858.0 sec
[TwinWall] projected 2577 node(s)
Step =   1678: nodes = 30698, dt = 1.115498e-10, time = 1.547060e-07, elapsed = 5861.1 sec
[TwinWall] projected 2651 node(s)
Step =   1679: nodes = 30655, dt = 1.338598e-10, time = 1.548398e-07, elapsed = 5864.2 sec
[TwinWall] projected 2439 node(s)
Step =   1680: nodes = 30681, dt = 8.031585e-11, time = 1.549202e-07, elapsed = 5869.0 sec
[TwinWall] projected 2533 node(s)
Step =   1681: nodes = 30688, dt = 8.031585e-11, time = 1.550005e-07, elapsed = 5872.0 sec
[TwinWall] projected 2527 node(s)
Step =   1682: nodes = 30683, dt = 9.637902e-11, time = 1.550969e-07, elapsed = 5875.0 sec
[TwinWall] projected 2646 node(s)
Step =   1683: nodes = 30686, dt = 1.156548e-10, time = 1.552125e-07, elapsed = 5878.0 sec
[TwinWall] projected 2643 node(s)
Step =   1684: nodes = 30643, dt = 1.387858e-10, time = 1.553513e-07, elapsed = 5881.1 sec
[TwinWall] projected 2552 node(s)
Step =   1685: nodes = 30660, dt = 8.327148e-11, time = 1.554346e-07, elapsed = 5885.6 sec
[TwinWall] projected 2513 node(s)
Step =   1686: nodes = 30648, dt = 8.327148e-11, time = 1.555178e-07, elapsed = 5888.6 sec
[TwinWall] projected 2558 node(s)
Step =   1687: nodes = 30652, dt = 9.992577e-11, time = 1.556178e-07, elapsed = 5891.6 sec
[TwinWall] projected 2608 node(s)
Step =   1688: nodes = 30654, dt = 1.199109e-10, time = 1.557377e-07, elapsed = 5894.7 sec
[TwinWall] projected 2549 node(s)
Step =   1689: nodes = 30664, dt = 7.194655e-11, time = 1.558096e-07, elapsed = 5899.3 sec
[TwinWall] projected 2416 node(s)
Step =   1690: nodes = 30671, dt = 7.194655e-11, time = 1.558816e-07, elapsed = 5902.2 sec
[TwinWall] projected 2514 node(s)
Step =   1691: nodes = 30657, dt = 8.633587e-11, time = 1.559679e-07, elapsed = 5905.2 sec
[TwinWall] projected 2532 node(s)
Step =   1692: nodes = 30658, dt = 1.036030e-10, time = 1.560715e-07, elapsed = 5908.2 sec
[TwinWall] projected 2622 node(s)
Step =   1693: nodes = 30671, dt = 1.243236e-10, time = 1.561958e-07, elapsed = 5911.3 sec
[TwinWall] projected 2416 node(s)
Step =   1694: nodes = 30685, dt = 7.459419e-11, time = 1.562704e-07, elapsed = 5915.7 sec
[TwinWall] projected 2465 node(s)
Step =   1695: nodes = 30692, dt = 7.459419e-11, time = 1.563450e-07, elapsed = 5918.6 sec
[TwinWall] projected 2538 node(s)
Step =   1696: nodes = 30688, dt = 8.951303e-11, time = 1.564345e-07, elapsed = 5921.6 sec
[TwinWall] projected 2549 node(s)
Step =   1697: nodes = 30705, dt = 1.074156e-10, time = 1.565420e-07, elapsed = 5924.6 sec
[TwinWall] projected 2580 node(s)
Step =   1698: nodes = 30698, dt = 1.288988e-10, time = 1.566709e-07, elapsed = 5927.6 sec
[TwinWall] projected 2491 node(s)
Step =   1699: nodes = 30703, dt = 7.733925e-11, time = 1.567482e-07, elapsed = 5932.3 sec
[TwinWall] projected 2478 node(s)
Step =   1700: nodes = 30720, dt = 7.733925e-11, time = 1.568255e-07, elapsed = 5935.3 sec
Writing configuration in legacy data format
 Output file: /data/home/dg000246b/openDIS/HomeWork/output_relax/config.1700.data
Writing restart file
 Restart file: /data/home/dg000246b/openDIS/HomeWork/output_relax/restart.1700.exadis
[TwinWall] projected 2499 node(s)
Step =   1701: nodes = 30740, dt = 9.280710e-11, time = 1.569183e-07, elapsed = 5938.6 sec
[TwinWall] projected 2556 node(s)
Step =   1702: nodes = 30753, dt = 1.113685e-10, time = 1.570297e-07, elapsed = 5941.7 sec
[TwinWall] projected 2649 node(s)
Step =   1703: nodes = 30738, dt = 1.336422e-10, time = 1.571633e-07, elapsed = 5944.8 sec
[TwinWall] projected 2403 node(s)
Step =   1704: nodes = 30725, dt = 8.018534e-11, time = 1.572435e-07, elapsed = 5949.2 sec
[TwinWall] projected 2481 node(s)
Step =   1705: nodes = 30729, dt = 8.018534e-11, time = 1.573237e-07, elapsed = 5952.2 sec
[TwinWall] projected 2451 node(s)
Step =   1706: nodes = 30740, dt = 9.622241e-11, time = 1.574199e-07, elapsed = 5955.2 sec
[TwinWall] projected 2534 node(s)
Step =   1707: nodes = 30728, dt = 1.154669e-10, time = 1.575354e-07, elapsed = 5958.3 sec
[TwinWall] projected 2582 node(s)
Step =   1708: nodes = 30706, dt = 1.385603e-10, time = 1.576740e-07, elapsed = 5961.4 sec
[TwinWall] projected 2493 node(s)
Step =   1709: nodes = 30713, dt = 8.313616e-11, time = 1.577571e-07, elapsed = 5965.9 sec
[TwinWall] projected 2541 node(s)
Step =   1710: nodes = 30721, dt = 8.313616e-11, time = 1.578402e-07, elapsed = 5968.8 sec
[TwinWall] projected 2552 node(s)
Step =   1711: nodes = 30713, dt = 9.976339e-11, time = 1.579400e-07, elapsed = 5971.8 sec
[TwinWall] projected 2536 node(s)
Step =   1712: nodes = 30686, dt = 1.197161e-10, time = 1.580597e-07, elapsed = 5974.8 sec
[TwinWall] projected 2536 node(s)
Step =   1713: nodes = 30701, dt = 1.436593e-10, time = 1.582034e-07, elapsed = 5977.8 sec
[TwinWall] projected 2489 node(s)
Step =   1714: nodes = 30709, dt = 8.619557e-11, time = 1.582896e-07, elapsed = 5982.4 sec
[TwinWall] projected 2486 node(s)
Step =   1715: nodes = 30707, dt = 8.619557e-11, time = 1.583758e-07, elapsed = 5985.4 sec
[TwinWall] projected 2433 node(s)
Step =   1716: nodes = 30695, dt = 1.034347e-10, time = 1.584792e-07, elapsed = 5988.4 sec
[TwinWall] projected 2469 node(s)
Step =   1717: nodes = 30664, dt = 1.241216e-10, time = 1.586033e-07, elapsed = 5991.5 sec
[TwinWall] projected 2433 node(s)
Step =   1718: nodes = 30673, dt = 7.447297e-11, time = 1.586778e-07, elapsed = 5996.0 sec
[TwinWall] projected 2331 node(s)
Step =   1719: nodes = 30687, dt = 7.447297e-11, time = 1.587523e-07, elapsed = 5999.0 sec
[TwinWall] projected 2501 node(s)
Step =   1720: nodes = 30681, dt = 8.936757e-11, time = 1.588416e-07, elapsed = 6002.1 sec
[TwinWall] projected 2461 node(s)
Step =   1721: nodes = 30667, dt = 1.072411e-10, time = 1.589489e-07, elapsed = 6005.1 sec
[TwinWall] projected 2568 node(s)
Step =   1722: nodes = 30682, dt = 1.286893e-10, time = 1.590776e-07, elapsed = 6008.2 sec
[TwinWall] projected 2378 node(s)
Step =   1723: nodes = 30706, dt = 7.721358e-11, time = 1.591548e-07, elapsed = 6012.7 sec
[TwinWall] projected 2417 node(s)
Step =   1724: nodes = 30691, dt = 7.721358e-11, time = 1.592320e-07, elapsed = 6015.6 sec
[TwinWall] projected 2451 node(s)
Step =   1725: nodes = 30699, dt = 9.265629e-11, time = 1.593247e-07, elapsed = 6018.6 sec
[TwinWall] projected 2436 node(s)
Step =   1726: nodes = 30693, dt = 1.111876e-10, time = 1.594358e-07, elapsed = 6021.7 sec
[TwinWall] projected 2420 node(s)
Step =   1727: nodes = 30688, dt = 6.671253e-11, time = 1.595026e-07, elapsed = 6026.2 sec
[TwinWall] projected 2343 node(s)
Step =   1728: nodes = 30668, dt = 6.671253e-11, time = 1.595693e-07, elapsed = 6029.1 sec
[TwinWall] projected 2378 node(s)
Step =   1729: nodes = 30671, dt = 8.005504e-11, time = 1.596493e-07, elapsed = 6032.1 sec
[TwinWall] projected 2369 node(s)
Step =   1730: nodes = 30647, dt = 9.606604e-11, time = 1.597454e-07, elapsed = 6035.1 sec
[TwinWall] projected 2416 node(s)
Step =   1731: nodes = 30650, dt = 1.152793e-10, time = 1.598607e-07, elapsed = 6038.1 sec
[TwinWall] projected 2395 node(s)
Step =   1732: nodes = 30661, dt = 6.916755e-11, time = 1.599298e-07, elapsed = 6042.6 sec
[TwinWall] projected 2366 node(s)
Step =   1733: nodes = 30659, dt = 6.916755e-11, time = 1.599990e-07, elapsed = 6045.6 sec
[TwinWall] projected 2355 node(s)
Step =   1734: nodes = 30647, dt = 8.300106e-11, time = 1.600820e-07, elapsed = 6048.5 sec
[TwinWall] projected 2470 node(s)
Step =   1735: nodes = 30648, dt = 9.960128e-11, time = 1.601816e-07, elapsed = 6051.6 sec
[TwinWall] projected 2448 node(s)
Step =   1736: nodes = 30636, dt = 1.195215e-10, time = 1.603011e-07, elapsed = 6054.7 sec
[TwinWall] projected 2414 node(s)
Step =   1737: nodes = 30665, dt = 7.171292e-11, time = 1.603728e-07, elapsed = 6059.1 sec
[TwinWall] projected 2343 node(s)
Step =   1738: nodes = 30670, dt = 7.171292e-11, time = 1.604446e-07, elapsed = 6062.1 sec
[TwinWall] projected 2482 node(s)
Step =   1739: nodes = 30653, dt = 8.605550e-11, time = 1.605306e-07, elapsed = 6065.1 sec
[TwinWall] projected 2405 node(s)
Step =   1740: nodes = 30671, dt = 1.032666e-10, time = 1.606339e-07, elapsed = 6068.0 sec
[TwinWall] projected 2526 node(s)
Step =   1741: nodes = 30654, dt = 1.239199e-10, time = 1.607578e-07, elapsed = 6071.1 sec
[TwinWall] projected 2333 node(s)
Step =   1742: nodes = 30651, dt = 7.435195e-11, time = 1.608321e-07, elapsed = 6075.6 sec
[TwinWall] projected 2471 node(s)
Step =   1743: nodes = 30672, dt = 7.435195e-11, time = 1.609065e-07, elapsed = 6078.5 sec
[TwinWall] projected 2446 node(s)
Step =   1744: nodes = 30670, dt = 8.922234e-11, time = 1.609957e-07, elapsed = 6081.5 sec
[TwinWall] projected 2481 node(s)
Step =   1745: nodes = 30665, dt = 1.070668e-10, time = 1.611028e-07, elapsed = 6084.6 sec
[TwinWall] projected 2473 node(s)
Step =   1746: nodes = 30683, dt = 1.284802e-10, time = 1.612313e-07, elapsed = 6087.6 sec
[TwinWall] projected 2445 node(s)
Step =   1747: nodes = 30674, dt = 7.708811e-11, time = 1.613084e-07, elapsed = 6092.1 sec
[TwinWall] projected 2385 node(s)
Step =   1748: nodes = 30661, dt = 7.708811e-11, time = 1.613854e-07, elapsed = 6095.0 sec
[TwinWall] projected 2526 node(s)
Step =   1749: nodes = 30662, dt = 9.250573e-11, time = 1.614779e-07, elapsed = 6098.0 sec
[TwinWall] projected 2476 node(s)
Step =   1750: nodes = 30672, dt = 1.110069e-10, time = 1.615890e-07, elapsed = 6101.0 sec
[TwinWall] projected 2474 node(s)
Step =   1751: nodes = 30653, dt = 6.660412e-11, time = 1.616556e-07, elapsed = 6105.5 sec
[TwinWall] projected 2386 node(s)
Step =   1752: nodes = 30643, dt = 6.660412e-11, time = 1.617222e-07, elapsed = 6108.5 sec
[TwinWall] projected 2282 node(s)
Step =   1753: nodes = 30650, dt = 7.992495e-11, time = 1.618021e-07, elapsed = 6111.3 sec
[TwinWall] projected 2454 node(s)
Step =   1754: nodes = 30654, dt = 9.590994e-11, time = 1.618980e-07, elapsed = 6114.4 sec
[TwinWall] projected 2453 node(s)
Step =   1755: nodes = 30633, dt = 1.150919e-10, time = 1.620131e-07, elapsed = 6117.3 sec
[TwinWall] projected 2549 node(s)
Step =   1756: nodes = 30610, dt = 1.381103e-10, time = 1.621512e-07, elapsed = 6120.4 sec
[TwinWall] projected 2480 node(s)
Step =   1757: nodes = 30609, dt = 8.286619e-11, time = 1.622341e-07, elapsed = 6124.9 sec
[TwinWall] projected 2482 node(s)
Step =   1758: nodes = 30614, dt = 8.286619e-11, time = 1.623169e-07, elapsed = 6127.8 sec
[TwinWall] projected 2480 node(s)
Step =   1759: nodes = 30606, dt = 9.943942e-11, time = 1.624164e-07, elapsed = 6130.9 sec
[TwinWall] projected 2503 node(s)
Step =   1760: nodes = 30605, dt = 1.193273e-10, time = 1.625357e-07, elapsed = 6133.9 sec
[TwinWall] projected 2439 node(s)
Step =   1761: nodes = 30597, dt = 7.159638e-11, time = 1.626073e-07, elapsed = 6138.4 sec
[TwinWall] projected 2420 node(s)
Step =   1762: nodes = 30606, dt = 7.159638e-11, time = 1.626789e-07, elapsed = 6141.4 sec
[TwinWall] projected 2381 node(s)
Step =   1763: nodes = 30590, dt = 8.591566e-11, time = 1.627648e-07, elapsed = 6144.3 sec
[TwinWall] projected 2462 node(s)
Step =   1764: nodes = 30593, dt = 1.030988e-10, time = 1.628679e-07, elapsed = 6147.4 sec
[TwinWall] projected 2436 node(s)
Step =   1765: nodes = 30592, dt = 1.237186e-10, time = 1.629916e-07, elapsed = 6150.4 sec
[TwinWall] projected 2473 node(s)
Step =   1766: nodes = 30595, dt = 7.423113e-11, time = 1.630659e-07, elapsed = 6154.9 sec
[TwinWall] projected 2387 node(s)
Step =   1767: nodes = 30610, dt = 7.423113e-11, time = 1.631401e-07, elapsed = 6157.8 sec
[TwinWall] projected 2448 node(s)
Step =   1768: nodes = 30605, dt = 8.907736e-11, time = 1.632292e-07, elapsed = 6160.8 sec
[TwinWall] projected 2476 node(s)
Step =   1769: nodes = 30615, dt = 1.068928e-10, time = 1.633361e-07, elapsed = 6163.8 sec
[TwinWall] projected 2550 node(s)
Step =   1770: nodes = 30596, dt = 1.282714e-10, time = 1.634643e-07, elapsed = 6166.9 sec
[TwinWall] projected 2376 node(s)
Step =   1771: nodes = 30609, dt = 7.696284e-11, time = 1.635413e-07, elapsed = 6171.5 sec
[TwinWall] projected 2421 node(s)
Step =   1772: nodes = 30601, dt = 7.696284e-11, time = 1.636183e-07, elapsed = 6174.5 sec
[TwinWall] projected 2409 node(s)
Step =   1773: nodes = 30586, dt = 9.235540e-11, time = 1.637106e-07, elapsed = 6177.5 sec
[TwinWall] projected 2529 node(s)
Step =   1774: nodes = 30599, dt = 1.108265e-10, time = 1.638214e-07, elapsed = 6180.5 sec
[TwinWall] projected 2494 node(s)
Step =   1775: nodes = 30567, dt = 1.329918e-10, time = 1.639544e-07, elapsed = 6183.6 sec
[TwinWall] projected 2450 node(s)
Step =   1776: nodes = 30569, dt = 7.979507e-11, time = 1.640342e-07, elapsed = 6188.1 sec
[TwinWall] projected 2371 node(s)
Step =   1777: nodes = 30576, dt = 7.979507e-11, time = 1.641140e-07, elapsed = 6191.0 sec
[TwinWall] projected 2499 node(s)
Step =   1778: nodes = 30574, dt = 9.575408e-11, time = 1.642098e-07, elapsed = 6194.1 sec
[TwinWall] projected 2487 node(s)
Step =   1779: nodes = 30569, dt = 1.149049e-10, time = 1.643247e-07, elapsed = 6197.1 sec
[TwinWall] projected 2564 node(s)
Step =   1780: nodes = 30551, dt = 1.378859e-10, time = 1.644626e-07, elapsed = 6200.3 sec
[TwinWall] projected 2429 node(s)
Step =   1781: nodes = 30535, dt = 8.273153e-11, time = 1.645453e-07, elapsed = 6204.7 sec
[TwinWall] projected 2437 node(s)
Step =   1782: nodes = 30544, dt = 8.273153e-11, time = 1.646280e-07, elapsed = 6207.6 sec
[TwinWall] projected 2464 node(s)
Step =   1783: nodes = 30539, dt = 9.927783e-11, time = 1.647273e-07, elapsed = 6210.6 sec
[TwinWall] projected 2418 node(s)
Step =   1784: nodes = 30516, dt = 1.191334e-10, time = 1.648464e-07, elapsed = 6213.6 sec
[TwinWall] projected 2351 node(s)
Step =   1785: nodes = 30537, dt = 7.148004e-11, time = 1.649179e-07, elapsed = 6218.0 sec
[TwinWall] projected 2322 node(s)
Step =   1786: nodes = 30544, dt = 7.148004e-11, time = 1.649894e-07, elapsed = 6220.9 sec
[TwinWall] projected 2367 node(s)
Step =   1787: nodes = 30521, dt = 8.577605e-11, time = 1.650752e-07, elapsed = 6223.9 sec
[TwinWall] projected 2396 node(s)
Step =   1788: nodes = 30525, dt = 1.029313e-10, time = 1.651781e-07, elapsed = 6226.8 sec
[TwinWall] projected 2526 node(s)
Step =   1789: nodes = 30528, dt = 1.235175e-10, time = 1.653016e-07, elapsed = 6230.1 sec
[TwinWall] projected 2336 node(s)
Step =   1790: nodes = 30522, dt = 7.411051e-11, time = 1.653757e-07, elapsed = 6234.5 sec
[TwinWall] projected 2471 node(s)
Step =   1791: nodes = 30527, dt = 7.411051e-11, time = 1.654498e-07, elapsed = 6237.5 sec
[TwinWall] projected 2472 node(s)
Step =   1792: nodes = 30532, dt = 8.893261e-11, time = 1.655388e-07, elapsed = 6240.4 sec
[TwinWall] projected 2512 node(s)
Step =   1793: nodes = 30531, dt = 1.067191e-10, time = 1.656455e-07, elapsed = 6243.4 sec
[TwinWall] projected 2458 node(s)
Step =   1794: nodes = 30522, dt = 1.280630e-10, time = 1.657736e-07, elapsed = 6246.5 sec
[TwinWall] projected 2497 node(s)
Step =   1795: nodes = 30521, dt = 7.683777e-11, time = 1.658504e-07, elapsed = 6250.9 sec
[TwinWall] projected 2430 node(s)
Step =   1796: nodes = 30523, dt = 7.683777e-11, time = 1.659272e-07, elapsed = 6253.8 sec
[TwinWall] projected 2442 node(s)
Step =   1797: nodes = 30524, dt = 9.220533e-11, time = 1.660194e-07, elapsed = 6256.8 sec
[TwinWall] projected 2459 node(s)
Step =   1798: nodes = 30510, dt = 1.106464e-10, time = 1.661301e-07, elapsed = 6260.0 sec
[TwinWall] projected 2560 node(s)
Step =   1799: nodes = 30502, dt = 1.327757e-10, time = 1.662629e-07, elapsed = 6263.1 sec
[TwinWall] projected 2345 node(s)
Step =   1800: nodes = 30510, dt = 7.966540e-11, time = 1.663425e-07, elapsed = 6267.5 sec
Writing configuration in legacy data format
 Output file: /data/home/dg000246b/openDIS/HomeWork/output_relax/config.1800.data
Writing restart file
 Restart file: /data/home/dg000246b/openDIS/HomeWork/output_relax/restart.1800.exadis
[TwinWall] projected 2425 node(s)
Step =   1801: nodes = 30525, dt = 7.966540e-11, time = 1.664222e-07, elapsed = 6270.8 sec
[TwinWall] projected 2463 node(s)
Step =   1802: nodes = 30520, dt = 9.559848e-11, time = 1.665178e-07, elapsed = 6273.8 sec
[TwinWall] projected 2539 node(s)
Step =   1803: nodes = 30506, dt = 1.147182e-10, time = 1.666325e-07, elapsed = 6276.8 sec
[TwinWall] projected 2389 node(s)
Step =   1804: nodes = 30517, dt = 6.883091e-11, time = 1.667013e-07, elapsed = 6281.3 sec
[TwinWall] projected 2323 node(s)
Step =   1805: nodes = 30516, dt = 6.883091e-11, time = 1.667702e-07, elapsed = 6284.2 sec
[TwinWall] projected 2496 node(s)
Step =   1806: nodes = 30521, dt = 8.259709e-11, time = 1.668528e-07, elapsed = 6287.2 sec
[TwinWall] projected 2447 node(s)
Step =   1807: nodes = 30539, dt = 9.911651e-11, time = 1.669519e-07, elapsed = 6290.3 sec
[TwinWall] projected 2442 node(s)
Step =   1808: nodes = 30537, dt = 5.946990e-11, time = 1.670114e-07, elapsed = 6294.8 sec
[TwinWall] projected 2399 node(s)
Step =   1809: nodes = 30551, dt = 5.946990e-11, time = 1.670708e-07, elapsed = 6297.7 sec
[TwinWall] projected 2341 node(s)
Step =   1810: nodes = 30551, dt = 7.136388e-11, time = 1.671422e-07, elapsed = 6300.6 sec
[TwinWall] projected 2278 node(s)
Step =   1811: nodes = 30556, dt = 8.563666e-11, time = 1.672278e-07, elapsed = 6303.5 sec
[TwinWall] projected 2487 node(s)
Step =   1812: nodes = 30553, dt = 1.027640e-10, time = 1.673306e-07, elapsed = 6306.6 sec
[TwinWall] projected 2388 node(s)
Step =   1813: nodes = 30554, dt = 1.233168e-10, time = 1.674539e-07, elapsed = 6309.5 sec
[TwinWall] projected 2406 node(s)
Step =   1814: nodes = 30555, dt = 7.399008e-11, time = 1.675279e-07, elapsed = 6314.0 sec
[TwinWall] projected 2345 node(s)
Step =   1815: nodes = 30553, dt = 7.399008e-11, time = 1.676019e-07, elapsed = 6317.0 sec
[TwinWall] projected 2217 node(s)
Step =   1816: nodes = 30555, dt = 8.878809e-11, time = 1.676907e-07, elapsed = 6320.1 sec
[TwinWall] projected 2228 node(s)
Step =   1817: nodes = 30554, dt = 5.327285e-11, time = 1.677439e-07, elapsed = 6324.6 sec
[TwinWall] projected 2284 node(s)
Step =   1818: nodes = 30553, dt = 5.327285e-11, time = 1.677972e-07, elapsed = 6327.4 sec
[TwinWall] projected 2280 node(s)
Step =   1819: nodes = 30551, dt = 6.392743e-11, time = 1.678611e-07, elapsed = 6330.3 sec
[TwinWall] projected 2410 node(s)
Step =   1820: nodes = 30537, dt = 7.671291e-11, time = 1.679379e-07, elapsed = 6333.4 sec
[TwinWall] projected 2421 node(s)
Step =   1821: nodes = 30530, dt = 9.205549e-11, time = 1.680299e-07, elapsed = 6336.3 sec
[TwinWall] projected 2529 node(s)
Step =   1822: nodes = 30539, dt = 1.104666e-10, time = 1.681404e-07, elapsed = 6339.3 sec
[TwinWall] projected 2377 node(s)
Step =   1823: nodes = 30534, dt = 6.627995e-11, time = 1.682067e-07, elapsed = 6343.7 sec
[TwinWall] projected 2326 node(s)
Step =   1824: nodes = 30537, dt = 6.627995e-11, time = 1.682729e-07, elapsed = 6346.7 sec
[TwinWall] projected 2394 node(s)
Step =   1825: nodes = 30553, dt = 7.953595e-11, time = 1.683525e-07, elapsed = 6349.9 sec
[TwinWall] projected 2406 node(s)
Step =   1826: nodes = 30541, dt = 9.544313e-11, time = 1.684479e-07, elapsed = 6352.9 sec
[TwinWall] projected 2508 node(s)
Step =   1827: nodes = 30576, dt = 1.145318e-10, time = 1.685625e-07, elapsed = 6355.9 sec
[TwinWall] projected 2513 node(s)
Step =   1828: nodes = 30560, dt = 1.374381e-10, time = 1.686999e-07, elapsed = 6359.0 sec
[TwinWall] projected 2435 node(s)
Step =   1829: nodes = 30581, dt = 8.246287e-11, time = 1.687824e-07, elapsed = 6363.6 sec
[TwinWall] projected 2510 node(s)
Step =   1830: nodes = 30587, dt = 8.246287e-11, time = 1.688648e-07, elapsed = 6366.6 sec
[TwinWall] projected 2471 node(s)
Step =   1831: nodes = 30576, dt = 9.895544e-11, time = 1.689638e-07, elapsed = 6369.6 sec
[TwinWall] projected 2559 node(s)
Step =   1832: nodes = 30570, dt = 1.187465e-10, time = 1.690825e-07, elapsed = 6372.7 sec
[TwinWall] projected 2379 node(s)
Step =   1833: nodes = 30575, dt = 7.124792e-11, time = 1.691538e-07, elapsed = 6377.2 sec
[TwinWall] projected 2463 node(s)
Step =   1834: nodes = 30584, dt = 7.124792e-11, time = 1.692250e-07, elapsed = 6380.3 sec
[TwinWall] projected 2463 node(s)
Step =   1835: nodes = 30577, dt = 8.549750e-11, time = 1.693105e-07, elapsed = 6383.3 sec
[TwinWall] projected 2502 node(s)
Step =   1836: nodes = 30595, dt = 1.025970e-10, time = 1.694131e-07, elapsed = 6386.4 sec
[TwinWall] projected 2515 node(s)
Step =   1837: nodes = 30583, dt = 1.231164e-10, time = 1.695362e-07, elapsed = 6389.5 sec
[TwinWall] projected 2581 node(s)
Step =   1838: nodes = 30568, dt = 1.477397e-10, time = 1.696840e-07, elapsed = 6392.6 sec
[TwinWall] projected 2584 node(s)
Step =   1839: nodes = 30576, dt = 8.864381e-11, time = 1.697726e-07, elapsed = 6397.1 sec
[TwinWall] projected 2499 node(s)
Step =   1840: nodes = 30579, dt = 8.864381e-11, time = 1.698613e-07, elapsed = 6400.2 sec
[TwinWall] projected 2565 node(s)
Step =   1841: nodes = 30592, dt = 1.063726e-10, time = 1.699676e-07, elapsed = 6403.3 sec
[TwinWall] projected 2592 node(s)
Step =   1842: nodes = 30579, dt = 1.276471e-10, time = 1.700953e-07, elapsed = 6406.4 sec
[TwinWall] projected 2608 node(s)
Step =   1843: nodes = 30550, dt = 1.531765e-10, time = 1.702484e-07, elapsed = 6409.8 sec
[TwinWall] projected 2501 node(s)
Step =   1844: nodes = 30576, dt = 9.190590e-11, time = 1.703404e-07, elapsed = 6414.2 sec
[TwinWall] projected 2460 node(s)
Step =   1845: nodes = 30564, dt = 9.190590e-11, time = 1.704323e-07, elapsed = 6417.3 sec
[TwinWall] projected 2441 node(s)
Step =   1846: nodes = 30575, dt = 1.102871e-10, time = 1.705425e-07, elapsed = 6420.2 sec
[TwinWall] projected 2437 node(s)
Step =   1847: nodes = 30575, dt = 6.617225e-11, time = 1.706087e-07, elapsed = 6424.7 sec
[TwinWall] projected 2351 node(s)
Step =   1848: nodes = 30560, dt = 6.617225e-11, time = 1.706749e-07, elapsed = 6427.6 sec
[TwinWall] projected 2280 node(s)
Step =   1849: nodes = 30566, dt = 7.940670e-11, time = 1.707543e-07, elapsed = 6430.5 sec
[TwinWall] projected 2441 node(s)
Step =   1850: nodes = 30533, dt = 9.528804e-11, time = 1.708496e-07, elapsed = 6433.6 sec
[TwinWall] projected 2378 node(s)
Step =   1851: nodes = 30543, dt = 1.143456e-10, time = 1.709639e-07, elapsed = 6436.6 sec
[TwinWall] projected 2400 node(s)
Step =   1852: nodes = 30541, dt = 6.860739e-11, time = 1.710325e-07, elapsed = 6441.2 sec
[TwinWall] projected 2367 node(s)
Step =   1853: nodes = 30542, dt = 6.860739e-11, time = 1.711011e-07, elapsed = 6444.1 sec
[TwinWall] projected 2296 node(s)
Step =   1854: nodes = 30538, dt = 8.232887e-11, time = 1.711835e-07, elapsed = 6447.0 sec
[TwinWall] projected 2465 node(s)
Step =   1855: nodes = 30550, dt = 9.879464e-11, time = 1.712823e-07, elapsed = 6450.0 sec
[TwinWall] projected 2479 node(s)
Step =   1856: nodes = 30538, dt = 1.185536e-10, time = 1.714008e-07, elapsed = 6453.0 sec
[TwinWall] projected 2431 node(s)
Step =   1857: nodes = 30538, dt = 7.113214e-11, time = 1.714720e-07, elapsed = 6457.5 sec
[TwinWall] projected 2335 node(s)
Step =   1858: nodes = 30546, dt = 7.113214e-11, time = 1.715431e-07, elapsed = 6460.4 sec
[TwinWall] projected 2435 node(s)
Step =   1859: nodes = 30541, dt = 8.535857e-11, time = 1.716284e-07, elapsed = 6463.4 sec
[TwinWall] projected 2451 node(s)
Step =   1860: nodes = 30537, dt = 1.024303e-10, time = 1.717309e-07, elapsed = 6466.4 sec
[TwinWall] projected 2561 node(s)
Step =   1861: nodes = 30523, dt = 1.229163e-10, time = 1.718538e-07, elapsed = 6469.8 sec
[TwinWall] projected 2385 node(s)
Step =   1862: nodes = 30520, dt = 7.374980e-11, time = 1.719275e-07, elapsed = 6474.3 sec
[TwinWall] projected 2468 node(s)
Step =   1863: nodes = 30539, dt = 7.374980e-11, time = 1.720013e-07, elapsed = 6477.2 sec
[TwinWall] projected 2484 node(s)
Step =   1864: nodes = 30553, dt = 8.849976e-11, time = 1.720898e-07, elapsed = 6480.2 sec
[TwinWall] projected 2536 node(s)
Step =   1865: nodes = 30559, dt = 1.061997e-10, time = 1.721960e-07, elapsed = 6483.3 sec
[TwinWall] projected 2550 node(s)
Step =   1866: nodes = 30555, dt = 1.274397e-10, time = 1.723234e-07, elapsed = 6486.3 sec
[TwinWall] projected 2425 node(s)
Step =   1867: nodes = 30551, dt = 7.646380e-11, time = 1.723999e-07, elapsed = 6490.8 sec
[TwinWall] projected 2397 node(s)
Step =   1868: nodes = 30566, dt = 7.646380e-11, time = 1.724764e-07, elapsed = 6493.7 sec
[TwinWall] projected 2510 node(s)
Step =   1869: nodes = 30570, dt = 9.175656e-11, time = 1.725681e-07, elapsed = 6496.7 sec
[TwinWall] projected 2481 node(s)
Step =   1870: nodes = 30578, dt = 1.101079e-10, time = 1.726782e-07, elapsed = 6499.9 sec
[TwinWall] projected 2567 node(s)
Step =   1871: nodes = 30542, dt = 1.321294e-10, time = 1.728104e-07, elapsed = 6503.0 sec
[TwinWall] projected 2415 node(s)
Step =   1872: nodes = 30570, dt = 7.927766e-11, time = 1.728896e-07, elapsed = 6507.5 sec
[TwinWall] projected 2436 node(s)
Step =   1873: nodes = 30587, dt = 7.927766e-11, time = 1.729689e-07, elapsed = 6510.5 sec
[TwinWall] projected 2420 node(s)
Step =   1874: nodes = 30587, dt = 9.513320e-11, time = 1.730640e-07, elapsed = 6513.4 sec
[TwinWall] projected 2458 node(s)
Step =   1875: nodes = 30586, dt = 1.141598e-10, time = 1.731782e-07, elapsed = 6516.5 sec
[TwinWall] projected 2383 node(s)
Step =   1876: nodes = 30591, dt = 6.849590e-11, time = 1.732467e-07, elapsed = 6521.0 sec
[TwinWall] projected 2300 node(s)
Step =   1877: nodes = 30590, dt = 6.849590e-11, time = 1.733152e-07, elapsed = 6523.9 sec
[TwinWall] projected 2351 node(s)
Step =   1878: nodes = 30595, dt = 8.219508e-11, time = 1.733974e-07, elapsed = 6526.8 sec
[TwinWall] projected 2387 node(s)
Step =   1879: nodes = 30604, dt = 9.863410e-11, time = 1.734960e-07, elapsed = 6530.0 sec
[TwinWall] projected 2459 node(s)
Step =   1880: nodes = 30580, dt = 1.183609e-10, time = 1.736144e-07, elapsed = 6533.1 sec
[TwinWall] projected 2348 node(s)
Step =   1881: nodes = 30594, dt = 7.101655e-11, time = 1.736854e-07, elapsed = 6537.5 sec
[TwinWall] projected 2376 node(s)
Step =   1882: nodes = 30585, dt = 7.101655e-11, time = 1.737564e-07, elapsed = 6540.5 sec
[TwinWall] projected 2412 node(s)
Step =   1883: nodes = 30580, dt = 8.521986e-11, time = 1.738416e-07, elapsed = 6543.5 sec
[TwinWall] projected 2402 node(s)
Step =   1884: nodes = 30575, dt = 1.022638e-10, time = 1.739439e-07, elapsed = 6546.5 sec
[TwinWall] projected 2445 node(s)
Step =   1885: nodes = 30559, dt = 1.227166e-10, time = 1.740666e-07, elapsed = 6549.6 sec
[TwinWall] projected 2366 node(s)
Step =   1886: nodes = 30551, dt = 7.362996e-11, time = 1.741402e-07, elapsed = 6554.0 sec
[TwinWall] projected 2377 node(s)
Step =   1887: nodes = 30535, dt = 7.362996e-11, time = 1.742139e-07, elapsed = 6557.0 sec
[TwinWall] projected 2335 node(s)
Step =   1888: nodes = 30539, dt = 8.835595e-11, time = 1.743022e-07, elapsed = 6560.2 sec
[TwinWall] projected 2402 node(s)
Step =   1889: nodes = 30542, dt = 1.060271e-10, time = 1.744083e-07, elapsed = 6563.3 sec
[TwinWall] projected 2449 node(s)
Step =   1890: nodes = 30521, dt = 1.272326e-10, time = 1.745355e-07, elapsed = 6566.4 sec
[TwinWall] projected 2367 node(s)
Step =   1891: nodes = 30503, dt = 7.633954e-11, time = 1.746118e-07, elapsed = 6570.9 sec
[TwinWall] projected 2393 node(s)
Step =   1892: nodes = 30507, dt = 7.633954e-11, time = 1.746882e-07, elapsed = 6573.8 sec
[TwinWall] projected 2411 node(s)
Step =   1893: nodes = 30505, dt = 9.160745e-11, time = 1.747798e-07, elapsed = 6576.8 sec
[TwinWall] projected 2384 node(s)
Step =   1894: nodes = 30500, dt = 1.099289e-10, time = 1.748897e-07, elapsed = 6579.8 sec
[TwinWall] projected 2435 node(s)
Step =   1895: nodes = 30510, dt = 1.319147e-10, time = 1.750216e-07, elapsed = 6582.8 sec
[TwinWall] projected 2380 node(s)
Step =   1896: nodes = 30503, dt = 7.914884e-11, time = 1.751008e-07, elapsed = 6587.2 sec
[TwinWall] projected 2371 node(s)
Step =   1897: nodes = 30515, dt = 7.914884e-11, time = 1.751799e-07, elapsed = 6590.3 sec
[TwinWall] projected 2391 node(s)
Step =   1898: nodes = 30493, dt = 9.497860e-11, time = 1.752749e-07, elapsed = 6593.3 sec
[TwinWall] projected 2437 node(s)
Step =   1899: nodes = 30485, dt = 1.139743e-10, time = 1.753889e-07, elapsed = 6596.3 sec
[TwinWall] projected 2286 node(s)
Step =   1900: nodes = 30488, dt = 6.838460e-11, time = 1.754573e-07, elapsed = 6600.7 sec
Writing configuration in legacy data format
 Output file: /data/home/dg000246b/openDIS/HomeWork/output_relax/config.1900.data
Writing restart file
 Restart file: /data/home/dg000246b/openDIS/HomeWork/output_relax/restart.1900.exadis
[TwinWall] projected 2308 node(s)
Step =   1901: nodes = 30498, dt = 6.838460e-11, time = 1.755256e-07, elapsed = 6604.0 sec
[TwinWall] projected 2353 node(s)
Step =   1902: nodes = 30493, dt = 8.206151e-11, time = 1.756077e-07, elapsed = 6607.0 sec
[TwinWall] projected 2446 node(s)
Step =   1903: nodes = 30509, dt = 9.847382e-11, time = 1.757062e-07, elapsed = 6609.9 sec
[TwinWall] projected 2469 node(s)
Step =   1904: nodes = 30492, dt = 1.181686e-10, time = 1.758243e-07, elapsed = 6613.0 sec
[TwinWall] projected 2329 node(s)
Step =   1905: nodes = 30493, dt = 7.090115e-11, time = 1.758952e-07, elapsed = 6617.4 sec
[TwinWall] projected 2295 node(s)
Step =   1906: nodes = 30493, dt = 7.090115e-11, time = 1.759661e-07, elapsed = 6620.5 sec
[TwinWall] projected 2373 node(s)
Step =   1907: nodes = 30467, dt = 8.508138e-11, time = 1.760512e-07, elapsed = 6623.5 sec
[TwinWall] projected 2377 node(s)
Step =   1908: nodes = 30447, dt = 1.020977e-10, time = 1.761533e-07, elapsed = 6626.5 sec
[TwinWall] projected 2446 node(s)
Step =   1909: nodes = 30459, dt = 1.225172e-10, time = 1.762758e-07, elapsed = 6629.5 sec
[TwinWall] projected 2512 node(s)
Step =   1910: nodes = 30438, dt = 1.470206e-10, time = 1.764229e-07, elapsed = 6632.6 sec
[TwinWall] projected 2436 node(s)
Step =   1911: nodes = 30440, dt = 8.821237e-11, time = 1.765111e-07, elapsed = 6637.0 sec
[TwinWall] projected 2417 node(s)
Step =   1912: nodes = 30427, dt = 8.821237e-11, time = 1.765993e-07, elapsed = 6640.0 sec
[TwinWall] projected 2490 node(s)
Step =   1913: nodes = 30439, dt = 1.058548e-10, time = 1.767051e-07, elapsed = 6643.0 sec
[TwinWall] projected 2458 node(s)
Step =   1914: nodes = 30414, dt = 1.270258e-10, time = 1.768322e-07, elapsed = 6646.0 sec
[TwinWall] projected 2408 node(s)
Step =   1915: nodes = 30418, dt = 7.621549e-11, time = 1.769084e-07, elapsed = 6650.6 sec
[TwinWall] projected 2287 node(s)
Step =   1916: nodes = 30410, dt = 7.621549e-11, time = 1.769846e-07, elapsed = 6653.5 sec
[TwinWall] projected 2428 node(s)
Step =   1917: nodes = 30422, dt = 9.145859e-11, time = 1.770761e-07, elapsed = 6656.5 sec
[TwinWall] projected 2377 node(s)
Step =   1918: nodes = 30423, dt = 1.097503e-10, time = 1.771858e-07, elapsed = 6659.5 sec
[TwinWall] projected 2363 node(s)
Step =   1919: nodes = 30421, dt = 6.585018e-11, time = 1.772517e-07, elapsed = 6664.0 sec
[TwinWall] projected 2279 node(s)
Step =   1920: nodes = 30436, dt = 6.585018e-11, time = 1.773175e-07, elapsed = 6667.0 sec
[TwinWall] projected 2221 node(s)
Step =   1921: nodes = 30435, dt = 7.902022e-11, time = 1.773965e-07, elapsed = 6669.9 sec
[TwinWall] projected 2361 node(s)
Step =   1922: nodes = 30439, dt = 9.482426e-11, time = 1.774914e-07, elapsed = 6672.9 sec
[TwinWall] projected 2345 node(s)
Step =   1923: nodes = 30443, dt = 1.137891e-10, time = 1.776051e-07, elapsed = 6675.9 sec
[TwinWall] projected 2341 node(s)
Step =   1924: nodes = 30426, dt = 6.827347e-11, time = 1.776734e-07, elapsed = 6680.5 sec
[TwinWall] projected 2312 node(s)
Step =   1925: nodes = 30424, dt = 6.827347e-11, time = 1.777417e-07, elapsed = 6683.4 sec
[TwinWall] projected 2193 node(s)
Step =   1926: nodes = 30441, dt = 8.192816e-11, time = 1.778236e-07, elapsed = 6686.3 sec
[TwinWall] projected 2329 node(s)
Step =   1927: nodes = 30420, dt = 9.831380e-11, time = 1.779219e-07, elapsed = 6689.3 sec
[TwinWall] projected 2354 node(s)
Step =   1928: nodes = 30399, dt = 1.179766e-10, time = 1.780399e-07, elapsed = 6692.3 sec
[TwinWall] projected 2454 node(s)
Step =   1929: nodes = 30387, dt = 1.415719e-10, time = 1.781815e-07, elapsed = 6695.3 sec
[TwinWall] projected 2373 node(s)
Step =   1930: nodes = 30378, dt = 8.494312e-11, time = 1.782664e-07, elapsed = 6699.7 sec
[TwinWall] projected 2404 node(s)
Step =   1931: nodes = 30381, dt = 8.494312e-11, time = 1.783514e-07, elapsed = 6702.6 sec
[TwinWall] projected 2375 node(s)
Step =   1932: nodes = 30387, dt = 1.019317e-10, time = 1.784533e-07, elapsed = 6705.6 sec
[TwinWall] projected 2425 node(s)
Step =   1933: nodes = 30380, dt = 1.223181e-10, time = 1.785756e-07, elapsed = 6708.6 sec
[TwinWall] projected 2335 node(s)
Step =   1934: nodes = 30366, dt = 7.339086e-11, time = 1.786490e-07, elapsed = 6713.1 sec
[TwinWall] projected 2343 node(s)
Step =   1935: nodes = 30376, dt = 7.339086e-11, time = 1.787224e-07, elapsed = 6716.0 sec
[TwinWall] projected 2318 node(s)
Step =   1936: nodes = 30372, dt = 8.806903e-11, time = 1.788105e-07, elapsed = 6718.9 sec
[TwinWall] projected 2405 node(s)
Step =   1937: nodes = 30374, dt = 1.056828e-10, time = 1.789162e-07, elapsed = 6722.0 sec
[TwinWall] projected 2357 node(s)
Step =   1938: nodes = 30362, dt = 1.268194e-10, time = 1.790430e-07, elapsed = 6724.9 sec
[TwinWall] projected 2385 node(s)
Step =   1939: nodes = 30361, dt = 7.609164e-11, time = 1.791191e-07, elapsed = 6729.4 sec
[TwinWall] projected 2298 node(s)
Step =   1940: nodes = 30372, dt = 7.609164e-11, time = 1.791952e-07, elapsed = 6732.3 sec
[TwinWall] projected 2391 node(s)
Step =   1941: nodes = 30354, dt = 9.130997e-11, time = 1.792865e-07, elapsed = 6735.3 sec
[TwinWall] projected 2353 node(s)
Step =   1942: nodes = 30374, dt = 1.095720e-10, time = 1.793960e-07, elapsed = 6738.2 sec
[TwinWall] projected 2360 node(s)
Step =   1943: nodes = 30378, dt = 6.574318e-11, time = 1.794618e-07, elapsed = 6742.9 sec
[TwinWall] projected 2278 node(s)
Step =   1944: nodes = 30362, dt = 6.574318e-11, time = 1.795275e-07, elapsed = 6745.8 sec
[TwinWall] projected 2213 node(s)
Step =   1945: nodes = 30365, dt = 7.889181e-11, time = 1.796064e-07, elapsed = 6748.8 sec
[TwinWall] projected 2428 node(s)
Step =   1946: nodes = 30381, dt = 9.467017e-11, time = 1.797011e-07, elapsed = 6751.8 sec
[TwinWall] projected 2353 node(s)
Step =   1947: nodes = 30354, dt = 1.136042e-10, time = 1.798147e-07, elapsed = 6754.8 sec
[TwinWall] projected 2368 node(s)
Step =   1948: nodes = 30359, dt = 6.816253e-11, time = 1.798829e-07, elapsed = 6759.4 sec
[TwinWall] projected 2309 node(s)
Step =   1949: nodes = 30369, dt = 6.816253e-11, time = 1.799510e-07, elapsed = 6762.4 sec
[TwinWall] projected 2249 node(s)
Step =   1950: nodes = 30370, dt = 8.179503e-11, time = 1.800328e-07, elapsed = 6765.3 sec
[TwinWall] projected 2321 node(s)
Step =   1951: nodes = 30397, dt = 9.815404e-11, time = 1.801310e-07, elapsed = 6768.3 sec
[TwinWall] projected 2351 node(s)
Step =   1952: nodes = 30340, dt = 1.177848e-10, time = 1.802487e-07, elapsed = 6771.5 sec
[TwinWall] projected 2416 node(s)
Step =   1953: nodes = 30332, dt = 1.413418e-10, time = 1.803901e-07, elapsed = 6774.5 sec
[TwinWall] projected 2411 node(s)
Step =   1954: nodes = 30355, dt = 8.480509e-11, time = 1.804749e-07, elapsed = 6779.0 sec
[TwinWall] projected 2346 node(s)
Step =   1955: nodes = 30347, dt = 8.480509e-11, time = 1.805597e-07, elapsed = 6781.9 sec
[TwinWall] projected 2435 node(s)
Step =   1956: nodes = 30326, dt = 1.017661e-10, time = 1.806615e-07, elapsed = 6785.0 sec
[TwinWall] projected 2340 node(s)
Step =   1957: nodes = 30309, dt = 1.221193e-10, time = 1.807836e-07, elapsed = 6788.0 sec
[TwinWall] projected 2364 node(s)
Step =   1958: nodes = 30315, dt = 7.327160e-11, time = 1.808569e-07, elapsed = 6792.5 sec
[TwinWall] projected 2290 node(s)
Step =   1959: nodes = 30329, dt = 7.327160e-11, time = 1.809301e-07, elapsed = 6795.4 sec
[TwinWall] projected 2352 node(s)
Step =   1960: nodes = 30336, dt = 8.792592e-11, time = 1.810181e-07, elapsed = 6798.3 sec
[TwinWall] projected 2411 node(s)
Step =   1961: nodes = 30316, dt = 1.055111e-10, time = 1.811236e-07, elapsed = 6801.5 sec
[TwinWall] projected 2507 node(s)
Step =   1962: nodes = 30314, dt = 1.266133e-10, time = 1.812502e-07, elapsed = 6804.6 sec
[TwinWall] projected 2290 node(s)
Step =   1963: nodes = 30347, dt = 7.596799e-11, time = 1.813261e-07, elapsed = 6809.0 sec
[TwinWall] projected 2376 node(s)
Step =   1964: nodes = 30350, dt = 7.596799e-11, time = 1.814021e-07, elapsed = 6812.0 sec
[TwinWall] projected 2368 node(s)
Step =   1965: nodes = 30345, dt = 9.116159e-11, time = 1.814933e-07, elapsed = 6814.9 sec
[TwinWall] projected 2477 node(s)
Step =   1966: nodes = 30348, dt = 1.093939e-10, time = 1.816027e-07, elapsed = 6817.9 sec
[TwinWall] projected 2409 node(s)
Step =   1967: nodes = 30332, dt = 1.312727e-10, time = 1.817339e-07, elapsed = 6821.1 sec
[TwinWall] projected 2343 node(s)
Step =   1968: nodes = 30326, dt = 7.876361e-11, time = 1.818127e-07, elapsed = 6825.5 sec
[TwinWall] projected 2308 node(s)
Step =   1969: nodes = 30341, dt = 7.876361e-11, time = 1.818915e-07, elapsed = 6828.5 sec
[TwinWall] projected 2406 node(s)
Step =   1970: nodes = 30351, dt = 9.451634e-11, time = 1.819860e-07, elapsed = 6831.6 sec
[TwinWall] projected 2442 node(s)
Step =   1971: nodes = 30354, dt = 1.134196e-10, time = 1.820994e-07, elapsed = 6834.6 sec
[TwinWall] projected 2470 node(s)
Step =   1972: nodes = 30328, dt = 1.361035e-10, time = 1.822355e-07, elapsed = 6837.6 sec
[TwinWall] projected 2405 node(s)
Step =   1973: nodes = 30319, dt = 8.166211e-11, time = 1.823172e-07, elapsed = 6842.1 sec
[TwinWall] projected 2342 node(s)
Step =   1974: nodes = 30296, dt = 8.166211e-11, time = 1.823988e-07, elapsed = 6845.1 sec
[TwinWall] projected 2351 node(s)
Step =   1975: nodes = 30325, dt = 9.799454e-11, time = 1.824968e-07, elapsed = 6848.1 sec
[TwinWall] projected 2387 node(s)
Step =   1976: nodes = 30328, dt = 1.175934e-10, time = 1.826144e-07, elapsed = 6851.1 sec
[TwinWall] projected 2359 node(s)
Step =   1977: nodes = 30329, dt = 7.055607e-11, time = 1.826850e-07, elapsed = 6855.5 sec
[TwinWall] projected 2302 node(s)
Step =   1978: nodes = 30333, dt = 7.055607e-11, time = 1.827555e-07, elapsed = 6858.4 sec
[TwinWall] projected 2299 node(s)
Step =   1979: nodes = 30321, dt = 8.466728e-11, time = 1.828402e-07, elapsed = 6861.6 sec
[TwinWall] projected 2369 node(s)
Step =   1980: nodes = 30330, dt = 1.016007e-10, time = 1.829418e-07, elapsed = 6864.5 sec
[TwinWall] projected 2491 node(s)
Step =   1981: nodes = 30315, dt = 1.219209e-10, time = 1.830637e-07, elapsed = 6867.6 sec
[TwinWall] projected 2301 node(s)
Step =   1982: nodes = 30331, dt = 7.315253e-11, time = 1.831369e-07, elapsed = 6872.0 sec
[TwinWall] projected 2377 node(s)
Step =   1983: nodes = 30352, dt = 7.315253e-11, time = 1.832100e-07, elapsed = 6875.0 sec
[TwinWall] projected 2398 node(s)
Step =   1984: nodes = 30371, dt = 8.778304e-11, time = 1.832978e-07, elapsed = 6878.0 sec
[TwinWall] projected 2445 node(s)
Step =   1985: nodes = 30348, dt = 1.053396e-10, time = 1.834032e-07, elapsed = 6881.0 sec
[TwinWall] projected 2451 node(s)
Step =   1986: nodes = 30341, dt = 1.264076e-10, time = 1.835296e-07, elapsed = 6884.0 sec
[TwinWall] projected 2438 node(s)
Step =   1987: nodes = 30342, dt = 7.584454e-11, time = 1.836054e-07, elapsed = 6888.6 sec
[TwinWall] projected 2357 node(s)
Step =   1988: nodes = 30355, dt = 7.584454e-11, time = 1.836812e-07, elapsed = 6891.7 sec
[TwinWall] projected 2374 node(s)
Step =   1989: nodes = 30369, dt = 9.101345e-11, time = 1.837723e-07, elapsed = 6894.7 sec
[TwinWall] projected 2355 node(s)
Step =   1990: nodes = 30349, dt = 1.092161e-10, time = 1.838815e-07, elapsed = 6897.7 sec
[TwinWall] projected 2367 node(s)
Step =   1991: nodes = 30354, dt = 6.552968e-11, time = 1.839470e-07, elapsed = 6902.2 sec
[TwinWall] projected 2277 node(s)
Step =   1992: nodes = 30346, dt = 6.552968e-11, time = 1.840125e-07, elapsed = 6905.1 sec
[TwinWall] projected 2203 node(s)
Step =   1993: nodes = 30369, dt = 7.863562e-11, time = 1.840912e-07, elapsed = 6908.0 sec
[TwinWall] projected 2346 node(s)
Step =   1994: nodes = 30356, dt = 9.436275e-11, time = 1.841855e-07, elapsed = 6911.0 sec
[TwinWall] projected 2322 node(s)
Step =   1995: nodes = 30359, dt = 1.132353e-10, time = 1.842988e-07, elapsed = 6913.9 sec
[TwinWall] projected 2428 node(s)
Step =   1996: nodes = 30334, dt = 1.358824e-10, time = 1.844347e-07, elapsed = 6916.9 sec
[TwinWall] projected 2231 node(s)
Step =   1997: nodes = 30350, dt = 8.152941e-11, time = 1.845162e-07, elapsed = 6921.5 sec
[TwinWall] projected 2337 node(s)
Step =   1998: nodes = 30372, dt = 8.152941e-11, time = 1.845977e-07, elapsed = 6924.4 sec
[TwinWall] projected 2324 node(s)
Step =   1999: nodes = 30357, dt = 9.783530e-11, time = 1.846955e-07, elapsed = 6927.3 sec
[TwinWall] projected 2422 node(s)
Step =   2000: nodes = 30333, dt = 1.174024e-10, time = 1.848129e-07, elapsed = 6930.4 sec
Writing configuration in legacy data format
 Output file: /data/home/dg000246b/openDIS/HomeWork/output_relax/config.2000.data
Writing restart file
 Restart file: /data/home/dg000246b/openDIS/HomeWork/output_relax/restart.2000.exadis
----------------------------------------------
Force time:             4866.020 sec (70.21%)
Mobility time:            63.931 sec (0.92%)
Integration time:       4155.327 sec (59.95%)
Cross-slip time:           0.000 sec (0.00%)
Collision time:           45.165 sec (0.65%)
Topology time:           310.256 sec (4.48%)
Remesh time:               6.563 sec (0.09%)
Output time:               4.612 sec (0.07%)
----------------------------------------------
RUN TIME: 6930.752205 sec

弛豫完成。取 /data/home/dg000246b/openDIS/HomeWork/output_relax/ 里最后一个 config.*.data 作为第2段加载的 init。
