Host Parallel Execution Space:
  KOKKOS_ENABLE_OPENMP: yes

OpenMP Runtime Configuration:
Kokkos::OpenMP thread_pool_topology[ 1 x 48 x 1 ]
Reading ParaDiS configuration
 Input file: /data/home/dg000246b/openDIS/HomeWork/init_data_twin_rorient/init_config.data
 nodes: 3229, segments: 3134
 Warning: Burgers vector is not conserved for 190 node(s)
[System] 50 spherical obstacles loaded
[System] 2 planar obstacles (twin boundaries) loaded
Step =      0: nodes = 3229, dt = 0.000000e+00, strain = 0.000000e+00, elapsed = 0.1 sec
Writing configuration in legacy data format
 Output file: /data/home/dg000246b/openDIS/HomeWork/output_Cu_twin_rorient/config.0.data
Writing restart file
 Restart file: /data/home/dg000246b/openDIS/HomeWork/output_Cu_twin_rorient/restart.0.exadis
Run until reaching strain = 0.010000
Step =      1: nodes = 3229, dt = 5.000000e-10, strain = 5.000000e-06, elapsed = 0.4 sec
Step =      2: nodes = 3229, dt = 2.500000e-10, strain = 7.500000e-06, elapsed = 0.6 sec
Step =      3: nodes = 3229, dt = 2.500000e-10, strain = 1.000000e-05, elapsed = 0.7 sec
Step =      4: nodes = 3228, dt = 3.000000e-10, strain = 1.300000e-05, elapsed = 0.9 sec
Step =      5: nodes = 3228, dt = 3.600000e-10, strain = 1.660000e-05, elapsed = 1.0 sec
Step =      6: nodes = 3228, dt = 2.160000e-10, strain = 1.876000e-05, elapsed = 1.1 sec
Step =      7: nodes = 3228, dt = 2.160000e-10, strain = 2.092000e-05, elapsed = 1.3 sec
Step =      8: nodes = 3228, dt = 2.592000e-10, strain = 2.351200e-05, elapsed = 1.4 sec
Step =      9: nodes = 3228, dt = 3.110400e-10, strain = 2.662240e-05, elapsed = 1.5 sec
Step =     10: nodes = 3228, dt = 3.732480e-10, strain = 3.035488e-05, elapsed = 1.7 sec
Step =     11: nodes = 3228, dt = 4.478976e-10, strain = 3.483386e-05, elapsed = 1.9 sec
Step =     12: nodes = 3228, dt = 2.687386e-10, strain = 3.752124e-05, elapsed = 2.0 sec
Step =     13: nodes = 3228, dt = 2.687386e-10, strain = 4.020863e-05, elapsed = 2.2 sec
Step =     14: nodes = 3228, dt = 3.224863e-10, strain = 4.343349e-05, elapsed = 2.3 sec
Step =     15: nodes = 3228, dt = 3.869835e-10, strain = 4.730333e-05, elapsed = 2.4 sec
Step =     16: nodes = 3228, dt = 2.321901e-10, strain = 4.962523e-05, elapsed = 2.6 sec
Step =     17: nodes = 3228, dt = 2.321901e-10, strain = 5.194713e-05, elapsed = 2.7 sec
Step =     18: nodes = 3228, dt = 2.786281e-10, strain = 5.473341e-05, elapsed = 2.8 sec
Step =     19: nodes = 3228, dt = 3.343538e-10, strain = 5.807695e-05, elapsed = 3.0 sec
Step =     20: nodes = 3228, dt = 4.012245e-10, strain = 6.208919e-05, elapsed = 3.1 sec
Step =     21: nodes = 3228, dt = 4.814694e-10, strain = 6.690389e-05, elapsed = 3.3 sec
Step =     22: nodes = 3228, dt = 2.888817e-10, strain = 6.979270e-05, elapsed = 3.4 sec
Step =     23: nodes = 3228, dt = 2.888817e-10, strain = 7.268152e-05, elapsed = 3.6 sec
Step =     24: nodes = 3228, dt = 3.466580e-10, strain = 7.614810e-05, elapsed = 3.7 sec
Step =     25: nodes = 3228, dt = 4.159896e-10, strain = 8.030799e-05, elapsed = 3.8 sec
Step =     26: nodes = 3228, dt = 4.991875e-10, strain = 8.529987e-05, elapsed = 4.0 sec
Step =     27: nodes = 3228, dt = 2.995125e-10, strain = 8.829499e-05, elapsed = 4.2 sec
Step =     28: nodes = 3228, dt = 2.995125e-10, strain = 9.129012e-05, elapsed = 4.3 sec
Step =     29: nodes = 3228, dt = 3.594150e-10, strain = 9.488427e-05, elapsed = 4.4 sec
Step =     30: nodes = 3228, dt = 4.312980e-10, strain = 9.919725e-05, elapsed = 4.6 sec
Step =     31: nodes = 3228, dt = 2.587788e-10, strain = 1.017850e-04, elapsed = 4.8 sec
Step =     32: nodes = 3228, dt = 2.587788e-10, strain = 1.043728e-04, elapsed = 4.9 sec
Step =     33: nodes = 3228, dt = 3.105346e-10, strain = 1.074782e-04, elapsed = 5.0 sec
Step =     34: nodes = 3228, dt = 3.726415e-10, strain = 1.112046e-04, elapsed = 5.2 sec
Step =     35: nodes = 3228, dt = 4.471698e-10, strain = 1.156763e-04, elapsed = 5.3 sec
Step =     36: nodes = 3228, dt = 2.683019e-10, strain = 1.183593e-04, elapsed = 5.5 sec
Step =     37: nodes = 3228, dt = 2.683019e-10, strain = 1.210423e-04, elapsed = 5.6 sec
Step =     38: nodes = 3228, dt = 3.219622e-10, strain = 1.242619e-04, elapsed = 5.7 sec
Step =     39: nodes = 3228, dt = 3.863547e-10, strain = 1.281255e-04, elapsed = 5.9 sec
Step =     40: nodes = 3228, dt = 2.318128e-10, strain = 1.304436e-04, elapsed = 6.0 sec
Step =     41: nodes = 3228, dt = 2.318128e-10, strain = 1.327617e-04, elapsed = 6.2 sec
Step =     42: nodes = 3228, dt = 2.781754e-10, strain = 1.355435e-04, elapsed = 6.3 sec
Step =     43: nodes = 3228, dt = 3.338104e-10, strain = 1.388816e-04, elapsed = 6.4 sec
Step =     44: nodes = 3228, dt = 4.005725e-10, strain = 1.428873e-04, elapsed = 6.6 sec
Step =     45: nodes = 3228, dt = 4.806870e-10, strain = 1.476942e-04, elapsed = 6.7 sec
Step =     46: nodes = 3228, dt = 2.884122e-10, strain = 1.505783e-04, elapsed = 6.9 sec
Step =     47: nodes = 3228, dt = 2.884122e-10, strain = 1.534624e-04, elapsed = 7.0 sec
Step =     48: nodes = 3228, dt = 3.460947e-10, strain = 1.569234e-04, elapsed = 7.1 sec
Step =     49: nodes = 3228, dt = 4.153136e-10, strain = 1.610765e-04, elapsed = 7.3 sec
Step =     50: nodes = 3228, dt = 2.491882e-10, strain = 1.635684e-04, elapsed = 7.4 sec
Step =     51: nodes = 3228, dt = 2.491882e-10, strain = 1.660603e-04, elapsed = 7.6 sec
Step =     52: nodes = 3228, dt = 2.990258e-10, strain = 1.690505e-04, elapsed = 7.7 sec
Step =     53: nodes = 3229, dt = 3.588309e-10, strain = 1.726389e-04, elapsed = 7.9 sec
Step =     54: nodes = 3229, dt = 4.305971e-10, strain = 1.769448e-04, elapsed = 8.0 sec
Step =     55: nodes = 3229, dt = 2.583583e-10, strain = 1.795284e-04, elapsed = 8.2 sec
Step =     56: nodes = 3229, dt = 2.583583e-10, strain = 1.821120e-04, elapsed = 8.3 sec
Step =     57: nodes = 3229, dt = 3.100299e-10, strain = 1.852123e-04, elapsed = 8.4 sec
Step =     58: nodes = 3229, dt = 3.720359e-10, strain = 1.889327e-04, elapsed = 8.5 sec
Step =     59: nodes = 3229, dt = 2.232216e-10, strain = 1.911649e-04, elapsed = 8.7 sec
Step =     60: nodes = 3229, dt = 2.232216e-10, strain = 1.933971e-04, elapsed = 8.8 sec
Step =     61: nodes = 3229, dt = 2.678659e-10, strain = 1.960757e-04, elapsed = 9.0 sec
Step =     62: nodes = 3229, dt = 3.214390e-10, strain = 1.992901e-04, elapsed = 9.1 sec
Step =     63: nodes = 3229, dt = 3.857269e-10, strain = 2.031474e-04, elapsed = 9.2 sec
Step =     64: nodes = 3229, dt = 4.628722e-10, strain = 2.077761e-04, elapsed = 9.4 sec
Step =     65: nodes = 3229, dt = 2.777233e-10, strain = 2.105534e-04, elapsed = 9.5 sec
Step =     66: nodes = 3229, dt = 2.777233e-10, strain = 2.133306e-04, elapsed = 9.7 sec
Step =     67: nodes = 3229, dt = 3.332680e-10, strain = 2.166633e-04, elapsed = 9.8 sec
Step =     68: nodes = 3229, dt = 3.999216e-10, strain = 2.206625e-04, elapsed = 9.9 sec
Step =     69: nodes = 3229, dt = 2.399530e-10, strain = 2.230620e-04, elapsed = 10.4 sec
Step =     70: nodes = 3229, dt = 2.399530e-10, strain = 2.254615e-04, elapsed = 10.5 sec
Step =     71: nodes = 3229, dt = 2.879436e-10, strain = 2.283410e-04, elapsed = 10.7 sec
Step =     72: nodes = 3229, dt = 3.455323e-10, strain = 2.317963e-04, elapsed = 10.8 sec
Step =     73: nodes = 3229, dt = 4.146387e-10, strain = 2.359427e-04, elapsed = 11.0 sec
Step =     74: nodes = 3229, dt = 2.487832e-10, strain = 2.384305e-04, elapsed = 11.1 sec
Step =     75: nodes = 3229, dt = 2.487832e-10, strain = 2.409184e-04, elapsed = 11.2 sec
Step =     76: nodes = 3229, dt = 2.985399e-10, strain = 2.439038e-04, elapsed = 11.4 sec
Step =     77: nodes = 3229, dt = 3.582478e-10, strain = 2.474862e-04, elapsed = 11.5 sec
Step =     78: nodes = 3229, dt = 2.149487e-10, strain = 2.496357e-04, elapsed = 11.6 sec
Step =     79: nodes = 3229, dt = 2.149487e-10, strain = 2.517852e-04, elapsed = 11.8 sec
Step =     80: nodes = 3229, dt = 2.579385e-10, strain = 2.543646e-04, elapsed = 11.9 sec
Step =     81: nodes = 3229, dt = 3.095261e-10, strain = 2.574599e-04, elapsed = 12.1 sec
Step =     82: nodes = 3229, dt = 3.714314e-10, strain = 2.611742e-04, elapsed = 12.2 sec
Step =     83: nodes = 3229, dt = 4.457176e-10, strain = 2.656313e-04, elapsed = 12.3 sec
Step =     84: nodes = 3229, dt = 2.674306e-10, strain = 2.683056e-04, elapsed = 12.5 sec
Step =     85: nodes = 3229, dt = 2.674306e-10, strain = 2.709800e-04, elapsed = 12.6 sec
Step =     86: nodes = 3229, dt = 3.209167e-10, strain = 2.741891e-04, elapsed = 12.8 sec
Step =     87: nodes = 3229, dt = 3.851000e-10, strain = 2.780401e-04, elapsed = 12.9 sec
Step =     88: nodes = 3229, dt = 4.621201e-10, strain = 2.826613e-04, elapsed = 13.0 sec
Step =     89: nodes = 3229, dt = 2.772720e-10, strain = 2.854340e-04, elapsed = 13.2 sec
Step =     90: nodes = 3229, dt = 2.772720e-10, strain = 2.882068e-04, elapsed = 13.3 sec
Step =     91: nodes = 3228, dt = 3.327264e-10, strain = 2.915340e-04, elapsed = 13.5 sec
Step =     92: nodes = 3228, dt = 3.992717e-10, strain = 2.955267e-04, elapsed = 13.6 sec
Step =     93: nodes = 3228, dt = 4.791261e-10, strain = 3.003180e-04, elapsed = 13.8 sec
Step =     94: nodes = 3228, dt = 2.874756e-10, strain = 3.031928e-04, elapsed = 13.9 sec
Step =     95: nodes = 3228, dt = 2.874756e-10, strain = 3.060675e-04, elapsed = 14.0 sec
Step =     96: nodes = 3228, dt = 3.449708e-10, strain = 3.095172e-04, elapsed = 14.2 sec
Step =     97: nodes = 3228, dt = 4.139649e-10, strain = 3.136569e-04, elapsed = 14.3 sec
Step =     98: nodes = 3228, dt = 2.483790e-10, strain = 3.161407e-04, elapsed = 14.5 sec
Step =     99: nodes = 3228, dt = 2.483790e-10, strain = 3.186245e-04, elapsed = 14.6 sec
Step =    100: nodes = 3228, dt = 2.980547e-10, strain = 3.216050e-04, elapsed = 14.8 sec
Writing configuration in legacy data format
 Output file: /data/home/dg000246b/openDIS/HomeWork/output_Cu_twin_rorient/config.100.data
Writing restart file
 Restart file: /data/home/dg000246b/openDIS/HomeWork/output_Cu_twin_rorient/restart.100.exadis
Step =    101: nodes = 3228, dt = 3.576657e-10, strain = 3.251817e-04, elapsed = 14.9 sec
Step =    102: nodes = 3228, dt = 4.291988e-10, strain = 3.294736e-04, elapsed = 15.1 sec
Step =    103: nodes = 3228, dt = 2.575193e-10, strain = 3.320488e-04, elapsed = 15.2 sec
Step =    104: nodes = 3228, dt = 2.575193e-10, strain = 3.346240e-04, elapsed = 15.4 sec
Step =    105: nodes = 3228, dt = 3.090232e-10, strain = 3.377143e-04, elapsed = 15.5 sec
Step =    106: nodes = 3228, dt = 3.708278e-10, strain = 3.414225e-04, elapsed = 15.6 sec
Step =    107: nodes = 3228, dt = 4.449934e-10, strain = 3.458725e-04, elapsed = 15.8 sec
Step =    108: nodes = 3228, dt = 2.669960e-10, strain = 3.485424e-04, elapsed = 15.9 sec
Step =    109: nodes = 3228, dt = 2.669960e-10, strain = 3.512124e-04, elapsed = 16.1 sec
Step =    110: nodes = 3228, dt = 3.203952e-10, strain = 3.544163e-04, elapsed = 16.2 sec
Step =    111: nodes = 3228, dt = 3.844743e-10, strain = 3.582611e-04, elapsed = 16.3 sec
Step =    112: nodes = 3228, dt = 4.613691e-10, strain = 3.628748e-04, elapsed = 16.5 sec
Step =    113: nodes = 3228, dt = 2.768215e-10, strain = 3.656430e-04, elapsed = 16.6 sec
Step =    114: nodes = 3228, dt = 2.768215e-10, strain = 3.684112e-04, elapsed = 16.8 sec
Step =    115: nodes = 3228, dt = 3.321858e-10, strain = 3.717331e-04, elapsed = 16.9 sec
Step =    116: nodes = 3229, dt = 3.986229e-10, strain = 3.757193e-04, elapsed = 17.0 sec
Step =    117: nodes = 3229, dt = 2.391737e-10, strain = 3.781110e-04, elapsed = 17.2 sec
Step =    118: nodes = 3229, dt = 2.391737e-10, strain = 3.805028e-04, elapsed = 17.3 sec
Step =    119: nodes = 3229, dt = 2.870085e-10, strain = 3.833729e-04, elapsed = 17.4 sec
Step =    120: nodes = 3229, dt = 3.444102e-10, strain = 3.868170e-04, elapsed = 17.6 sec
Step =    121: nodes = 3229, dt = 4.132922e-10, strain = 3.909499e-04, elapsed = 17.7 sec
Step =    122: nodes = 3229, dt = 2.479753e-10, strain = 3.934296e-04, elapsed = 17.9 sec
Step =    123: nodes = 3229, dt = 2.479753e-10, strain = 3.959094e-04, elapsed = 18.0 sec
Step =    124: nodes = 3229, dt = 2.975704e-10, strain = 3.988851e-04, elapsed = 18.1 sec
Step =    125: nodes = 3229, dt = 3.570845e-10, strain = 4.024559e-04, elapsed = 18.3 sec
Step =    126: nodes = 3229, dt = 4.285014e-10, strain = 4.067410e-04, elapsed = 18.4 sec
Step =    127: nodes = 3229, dt = 2.571008e-10, strain = 4.093120e-04, elapsed = 18.6 sec
Step =    128: nodes = 3229, dt = 2.571008e-10, strain = 4.118830e-04, elapsed = 18.7 sec
Step =    129: nodes = 3229, dt = 3.085210e-10, strain = 4.149682e-04, elapsed = 18.8 sec
Step =    130: nodes = 3229, dt = 3.702252e-10, strain = 4.186704e-04, elapsed = 19.0 sec
Step =    131: nodes = 3229, dt = 4.442702e-10, strain = 4.231131e-04, elapsed = 19.1 sec
Step =    132: nodes = 3229, dt = 2.665621e-10, strain = 4.257788e-04, elapsed = 19.3 sec
Step =    133: nodes = 3229, dt = 2.665621e-10, strain = 4.284444e-04, elapsed = 19.4 sec
Step =    134: nodes = 3230, dt = 3.198746e-10, strain = 4.316431e-04, elapsed = 19.5 sec
Step =    135: nodes = 3230, dt = 3.838495e-10, strain = 4.354816e-04, elapsed = 19.7 sec
Step =    136: nodes = 3230, dt = 2.303097e-10, strain = 4.377847e-04, elapsed = 19.8 sec
Step =    137: nodes = 3230, dt = 2.303097e-10, strain = 4.400878e-04, elapsed = 20.0 sec
Step =    138: nodes = 3230, dt = 2.763716e-10, strain = 4.428515e-04, elapsed = 20.1 sec
Step =    139: nodes = 3230, dt = 3.316460e-10, strain = 4.461680e-04, elapsed = 20.2 sec
Step =    140: nodes = 3230, dt = 3.979751e-10, strain = 4.501477e-04, elapsed = 20.4 sec
Step =    141: nodes = 3231, dt = 4.775702e-10, strain = 4.549234e-04, elapsed = 20.5 sec
Step =    142: nodes = 3231, dt = 2.865421e-10, strain = 4.577889e-04, elapsed = 20.7 sec
Step =    143: nodes = 3231, dt = 2.865421e-10, strain = 4.606543e-04, elapsed = 20.8 sec
Step =    144: nodes = 3231, dt = 3.438505e-10, strain = 4.640928e-04, elapsed = 21.0 sec
Step =    145: nodes = 3231, dt = 4.126206e-10, strain = 4.682190e-04, elapsed = 21.1 sec
Step =    146: nodes = 3231, dt = 4.951448e-10, strain = 4.731704e-04, elapsed = 21.3 sec
Step =    147: nodes = 3231, dt = 2.970869e-10, strain = 4.761413e-04, elapsed = 21.4 sec
Step =    148: nodes = 3231, dt = 2.970869e-10, strain = 4.791122e-04, elapsed = 21.5 sec
Step =    149: nodes = 3231, dt = 3.565042e-10, strain = 4.826772e-04, elapsed = 21.7 sec
Step =    150: nodes = 3231, dt = 4.278051e-10, strain = 4.869553e-04, elapsed = 21.8 sec
Step =    151: nodes = 3231, dt = 2.566830e-10, strain = 4.895221e-04, elapsed = 22.0 sec
Step =    152: nodes = 3231, dt = 2.566830e-10, strain = 4.920889e-04, elapsed = 22.1 sec
Step =    153: nodes = 3231, dt = 3.080196e-10, strain = 4.951691e-04, elapsed = 22.3 sec
Step =    154: nodes = 3231, dt = 3.696236e-10, strain = 4.988654e-04, elapsed = 22.4 sec
Step =    155: nodes = 3231, dt = 4.435483e-10, strain = 5.033008e-04, elapsed = 22.5 sec
Step =    156: nodes = 3231, dt = 2.661290e-10, strain = 5.059621e-04, elapsed = 22.7 sec
Step =    157: nodes = 3231, dt = 2.661290e-10, strain = 5.086234e-04, elapsed = 22.8 sec
Step =    158: nodes = 3231, dt = 3.193548e-10, strain = 5.118170e-04, elapsed = 23.0 sec
Step =    159: nodes = 3233, dt = 3.832257e-10, strain = 5.156492e-04, elapsed = 23.1 sec
Step =    160: nodes = 3233, dt = 4.598709e-10, strain = 5.202479e-04, elapsed = 23.2 sec
Step =    161: nodes = 3233, dt = 2.759225e-10, strain = 5.230072e-04, elapsed = 23.4 sec
Step =    162: nodes = 3233, dt = 2.759225e-10, strain = 5.257664e-04, elapsed = 23.5 sec
Step =    163: nodes = 3233, dt = 3.311070e-10, strain = 5.290775e-04, elapsed = 23.7 sec
Step =    164: nodes = 3233, dt = 3.973284e-10, strain = 5.330507e-04, elapsed = 23.8 sec
Step =    165: nodes = 3233, dt = 4.767941e-10, strain = 5.378187e-04, elapsed = 24.0 sec
Step =    166: nodes = 3233, dt = 2.860765e-10, strain = 5.406795e-04, elapsed = 24.1 sec
Step =    167: nodes = 3233, dt = 2.860765e-10, strain = 5.435402e-04, elapsed = 24.3 sec
Step =    168: nodes = 3234, dt = 3.432918e-10, strain = 5.469731e-04, elapsed = 24.4 sec
Step =    169: nodes = 3234, dt = 4.119501e-10, strain = 5.510926e-04, elapsed = 24.6 sec
Step =    170: nodes = 3235, dt = 2.471701e-10, strain = 5.535643e-04, elapsed = 24.7 sec
Step =    171: nodes = 3235, dt = 2.471701e-10, strain = 5.560360e-04, elapsed = 24.9 sec
Step =    172: nodes = 3235, dt = 2.966041e-10, strain = 5.590021e-04, elapsed = 25.0 sec
Step =    173: nodes = 3235, dt = 3.559249e-10, strain = 5.625613e-04, elapsed = 25.1 sec
Step =    174: nodes = 3239, dt = 4.271099e-10, strain = 5.668324e-04, elapsed = 25.3 sec
Step =    175: nodes = 3239, dt = 2.562659e-10, strain = 5.693951e-04, elapsed = 25.4 sec
Step =    176: nodes = 3239, dt = 2.562659e-10, strain = 5.719577e-04, elapsed = 25.6 sec
Step =    177: nodes = 3240, dt = 3.075191e-10, strain = 5.750329e-04, elapsed = 25.7 sec
Step =    178: nodes = 3240, dt = 3.690229e-10, strain = 5.787232e-04, elapsed = 25.8 sec
Step =    179: nodes = 3241, dt = 4.428275e-10, strain = 5.831514e-04, elapsed = 26.0 sec
Step =    180: nodes = 3241, dt = 2.656965e-10, strain = 5.858084e-04, elapsed = 26.2 sec
Step =    181: nodes = 3241, dt = 2.656965e-10, strain = 5.884654e-04, elapsed = 26.3 sec
Step =    182: nodes = 3242, dt = 3.188358e-10, strain = 5.916537e-04, elapsed = 26.4 sec
Step =    183: nodes = 3242, dt = 3.826030e-10, strain = 5.954798e-04, elapsed = 26.6 sec
Step =    184: nodes = 3242, dt = 2.295618e-10, strain = 5.977754e-04, elapsed = 26.7 sec
Step =    185: nodes = 3244, dt = 2.295618e-10, strain = 6.000710e-04, elapsed = 26.8 sec
Step =    186: nodes = 3245, dt = 2.754741e-10, strain = 6.028257e-04, elapsed = 27.0 sec
Step =    187: nodes = 3245, dt = 3.305690e-10, strain = 6.061314e-04, elapsed = 27.1 sec
Step =    188: nodes = 3246, dt = 3.966828e-10, strain = 6.100983e-04, elapsed = 27.3 sec
Step =    189: nodes = 3246, dt = 2.380097e-10, strain = 6.124783e-04, elapsed = 27.4 sec
Step =    190: nodes = 3246, dt = 2.380097e-10, strain = 6.148584e-04, elapsed = 27.5 sec
Step =    191: nodes = 3247, dt = 2.856116e-10, strain = 6.177146e-04, elapsed = 27.7 sec
Step =    192: nodes = 3247, dt = 3.427339e-10, strain = 6.211419e-04, elapsed = 27.8 sec
Step =    193: nodes = 3249, dt = 4.112807e-10, strain = 6.252547e-04, elapsed = 28.0 sec
Step =    194: nodes = 3250, dt = 2.467684e-10, strain = 6.277224e-04, elapsed = 28.1 sec
Step =    195: nodes = 3251, dt = 2.467684e-10, strain = 6.301901e-04, elapsed = 28.3 sec
Step =    196: nodes = 3251, dt = 2.961221e-10, strain = 6.331513e-04, elapsed = 28.4 sec
Step =    197: nodes = 3251, dt = 3.553465e-10, strain = 6.367048e-04, elapsed = 28.5 sec
Step =    198: nodes = 3251, dt = 4.264158e-10, strain = 6.409689e-04, elapsed = 28.7 sec
Step =    199: nodes = 3251, dt = 2.558495e-10, strain = 6.435274e-04, elapsed = 28.9 sec
Step =    200: nodes = 3252, dt = 2.558495e-10, strain = 6.460859e-04, elapsed = 29.0 sec
Writing configuration in legacy data format
 Output file: /data/home/dg000246b/openDIS/HomeWork/output_Cu_twin_rorient/config.200.data
Writing restart file
 Restart file: /data/home/dg000246b/openDIS/HomeWork/output_Cu_twin_rorient/restart.200.exadis
Step =    201: nodes = 3252, dt = 3.070194e-10, strain = 6.491561e-04, elapsed = 29.2 sec
Step =    202: nodes = 3252, dt = 3.684233e-10, strain = 6.528403e-04, elapsed = 29.3 sec
Step =    203: nodes = 3253, dt = 4.421079e-10, strain = 6.572614e-04, elapsed = 29.4 sec
Step =    204: nodes = 3253, dt = 2.652648e-10, strain = 6.599141e-04, elapsed = 29.6 sec
Step =    205: nodes = 3253, dt = 2.652648e-10, strain = 6.625667e-04, elapsed = 29.7 sec
Step =    206: nodes = 3255, dt = 3.183177e-10, strain = 6.657499e-04, elapsed = 29.9 sec
Step =    207: nodes = 3256, dt = 3.819813e-10, strain = 6.695697e-04, elapsed = 30.0 sec
Step =    208: nodes = 3258, dt = 2.291888e-10, strain = 6.718616e-04, elapsed = 30.2 sec
Step =    209: nodes = 3258, dt = 2.291888e-10, strain = 6.741535e-04, elapsed = 30.3 sec
Step =    210: nodes = 3259, dt = 2.750265e-10, strain = 6.769037e-04, elapsed = 30.4 sec
Step =    211: nodes = 3260, dt = 3.300318e-10, strain = 6.802041e-04, elapsed = 30.6 sec
Step =    212: nodes = 3261, dt = 3.960382e-10, strain = 6.841644e-04, elapsed = 30.7 sec
Step =    213: nodes = 3264, dt = 2.376229e-10, strain = 6.865407e-04, elapsed = 30.9 sec
Step =    214: nodes = 3265, dt = 2.376229e-10, strain = 6.889169e-04, elapsed = 31.0 sec
Step =    215: nodes = 3266, dt = 2.851475e-10, strain = 6.917684e-04, elapsed = 31.1 sec
Step =    216: nodes = 3269, dt = 3.421770e-10, strain = 6.951901e-04, elapsed = 31.3 sec
Step =    217: nodes = 3270, dt = 4.106124e-10, strain = 6.992963e-04, elapsed = 31.4 sec
Step =    218: nodes = 3269, dt = 2.463674e-10, strain = 7.017599e-04, elapsed = 31.6 sec
Step =    219: nodes = 3270, dt = 2.463674e-10, strain = 7.042236e-04, elapsed = 31.7 sec
Step =    220: nodes = 3272, dt = 2.956409e-10, strain = 7.071800e-04, elapsed = 31.9 sec
Step =    221: nodes = 3276, dt = 3.547691e-10, strain = 7.107277e-04, elapsed = 32.0 sec
Step =    222: nodes = 3277, dt = 2.128615e-10, strain = 7.128563e-04, elapsed = 32.2 sec
Step =    223: nodes = 3278, dt = 2.128615e-10, strain = 7.149849e-04, elapsed = 32.3 sec
Step =    224: nodes = 3278, dt = 2.554337e-10, strain = 7.175393e-04, elapsed = 32.4 sec
Step =    225: nodes = 3280, dt = 3.065205e-10, strain = 7.206045e-04, elapsed = 32.6 sec
Step =    226: nodes = 3281, dt = 3.678246e-10, strain = 7.242827e-04, elapsed = 32.7 sec
Step =    227: nodes = 3282, dt = 2.206948e-10, strain = 7.264897e-04, elapsed = 32.9 sec
Step =    228: nodes = 3283, dt = 2.206948e-10, strain = 7.286966e-04, elapsed = 33.0 sec
Step =    229: nodes = 3283, dt = 2.648337e-10, strain = 7.313450e-04, elapsed = 33.1 sec
Step =    230: nodes = 3283, dt = 3.178004e-10, strain = 7.345230e-04, elapsed = 33.3 sec
Step =    231: nodes = 3283, dt = 3.813605e-10, strain = 7.383366e-04, elapsed = 33.4 sec
Step =    232: nodes = 3284, dt = 2.288163e-10, strain = 7.406247e-04, elapsed = 33.6 sec
Step =    233: nodes = 3285, dt = 2.288163e-10, strain = 7.429129e-04, elapsed = 33.7 sec
Step =    234: nodes = 3287, dt = 2.745796e-10, strain = 7.456587e-04, elapsed = 33.9 sec
Step =    235: nodes = 3292, dt = 3.294955e-10, strain = 7.489537e-04, elapsed = 34.0 sec
Step =    236: nodes = 3293, dt = 1.976973e-10, strain = 7.509306e-04, elapsed = 34.2 sec
Step =    237: nodes = 3294, dt = 1.976973e-10, strain = 7.529076e-04, elapsed = 34.3 sec
Step =    238: nodes = 3295, dt = 2.372368e-10, strain = 7.552800e-04, elapsed = 34.4 sec
Step =    239: nodes = 3297, dt = 2.846841e-10, strain = 7.581268e-04, elapsed = 34.6 sec
Step =    240: nodes = 3298, dt = 3.416209e-10, strain = 7.615430e-04, elapsed = 34.8 sec
Step =    241: nodes = 3299, dt = 4.099451e-10, strain = 7.656425e-04, elapsed = 34.9 sec
Step =    242: nodes = 3299, dt = 2.459671e-10, strain = 7.681021e-04, elapsed = 35.1 sec
Step =    243: nodes = 3301, dt = 2.459671e-10, strain = 7.705618e-04, elapsed = 35.2 sec
Step =    244: nodes = 3302, dt = 2.951605e-10, strain = 7.735134e-04, elapsed = 35.3 sec
Step =    245: nodes = 3305, dt = 3.541926e-10, strain = 7.770553e-04, elapsed = 35.5 sec
Step =    246: nodes = 3307, dt = 4.250311e-10, strain = 7.813057e-04, elapsed = 35.6 sec
Step =    247: nodes = 3309, dt = 2.550187e-10, strain = 7.838558e-04, elapsed = 35.8 sec
Step =    248: nodes = 3311, dt = 2.550187e-10, strain = 7.864060e-04, elapsed = 35.9 sec
Step =    249: nodes = 3315, dt = 3.060224e-10, strain = 7.894662e-04, elapsed = 36.1 sec
Step =    250: nodes = 3322, dt = 3.672269e-10, strain = 7.931385e-04, elapsed = 36.2 sec
Step =    251: nodes = 3323, dt = 4.406722e-10, strain = 7.975452e-04, elapsed = 36.4 sec
Step =    252: nodes = 3324, dt = 2.644033e-10, strain = 8.001893e-04, elapsed = 36.6 sec
Step =    253: nodes = 3325, dt = 2.644033e-10, strain = 8.028333e-04, elapsed = 36.7 sec
Step =    254: nodes = 3327, dt = 3.172840e-10, strain = 8.060061e-04, elapsed = 36.9 sec
Step =    255: nodes = 3327, dt = 3.807408e-10, strain = 8.098136e-04, elapsed = 37.0 sec
Step =    256: nodes = 3327, dt = 2.284445e-10, strain = 8.120980e-04, elapsed = 37.2 sec
Step =    257: nodes = 3327, dt = 2.284445e-10, strain = 8.143824e-04, elapsed = 37.3 sec
Step =    258: nodes = 3328, dt = 2.741334e-10, strain = 8.171238e-04, elapsed = 37.4 sec
Step =    259: nodes = 3328, dt = 3.289601e-10, strain = 8.204134e-04, elapsed = 37.6 sec
Step =    260: nodes = 3330, dt = 3.947521e-10, strain = 8.243609e-04, elapsed = 37.8 sec
Step =    261: nodes = 3331, dt = 2.368513e-10, strain = 8.267294e-04, elapsed = 37.9 sec
Step =    262: nodes = 3333, dt = 2.368513e-10, strain = 8.290979e-04, elapsed = 38.1 sec
Step =    263: nodes = 3335, dt = 2.842215e-10, strain = 8.319401e-04, elapsed = 38.2 sec
Step =    264: nodes = 3337, dt = 3.410658e-10, strain = 8.353508e-04, elapsed = 38.4 sec
Step =    265: nodes = 3336, dt = 4.092790e-10, strain = 8.394436e-04, elapsed = 38.5 sec
Step =    266: nodes = 3339, dt = 2.455674e-10, strain = 8.418993e-04, elapsed = 38.7 sec
Step =    267: nodes = 3339, dt = 2.455674e-10, strain = 8.443549e-04, elapsed = 38.8 sec
Step =    268: nodes = 3343, dt = 2.946809e-10, strain = 8.473017e-04, elapsed = 39.0 sec
Step =    269: nodes = 3343, dt = 3.536170e-10, strain = 8.508379e-04, elapsed = 39.1 sec
Step =    270: nodes = 3345, dt = 2.121702e-10, strain = 8.529596e-04, elapsed = 39.3 sec
Step =    271: nodes = 3349, dt = 2.121702e-10, strain = 8.550813e-04, elapsed = 39.4 sec
Step =    272: nodes = 3350, dt = 2.546043e-10, strain = 8.576274e-04, elapsed = 39.6 sec
Step =    273: nodes = 3356, dt = 3.055251e-10, strain = 8.606826e-04, elapsed = 39.7 sec
Step =    274: nodes = 3358, dt = 3.666301e-10, strain = 8.643489e-04, elapsed = 39.9 sec
Step =    275: nodes = 3359, dt = 2.199781e-10, strain = 8.665487e-04, elapsed = 40.1 sec
Step =    276: nodes = 3360, dt = 2.199781e-10, strain = 8.687485e-04, elapsed = 40.2 sec
Step =    277: nodes = 3363, dt = 2.639737e-10, strain = 8.713882e-04, elapsed = 40.5 sec
Step =    278: nodes = 3374, dt = 3.167684e-10, strain = 8.745559e-04, elapsed = 40.8 sec
Step =    279: nodes = 3373, dt = 3.801221e-10, strain = 8.783571e-04, elapsed = 41.0 sec
Step =    280: nodes = 3375, dt = 2.280733e-10, strain = 8.806378e-04, elapsed = 41.2 sec
Step =    281: nodes = 3377, dt = 2.280733e-10, strain = 8.829186e-04, elapsed = 41.3 sec
Step =    282: nodes = 3379, dt = 2.736879e-10, strain = 8.856555e-04, elapsed = 41.4 sec
Step =    283: nodes = 3379, dt = 3.284255e-10, strain = 8.889397e-04, elapsed = 41.6 sec
Step =    284: nodes = 3381, dt = 3.941106e-10, strain = 8.928808e-04, elapsed = 41.7 sec
Step =    285: nodes = 3384, dt = 2.364664e-10, strain = 8.952455e-04, elapsed = 41.9 sec
Step =    286: nodes = 3383, dt = 2.364664e-10, strain = 8.976102e-04, elapsed = 42.1 sec
Step =    287: nodes = 3386, dt = 2.837596e-10, strain = 9.004477e-04, elapsed = 42.2 sec
Step =    288: nodes = 3387, dt = 3.405116e-10, strain = 9.038529e-04, elapsed = 42.4 sec
Step =    289: nodes = 3389, dt = 4.086139e-10, strain = 9.079390e-04, elapsed = 42.5 sec
Step =    290: nodes = 3389, dt = 2.451683e-10, strain = 9.103907e-04, elapsed = 42.7 sec
Step =    291: nodes = 3390, dt = 2.451683e-10, strain = 9.128424e-04, elapsed = 42.9 sec
Step =    292: nodes = 3390, dt = 2.942020e-10, strain = 9.157844e-04, elapsed = 43.0 sec
Step =    293: nodes = 3398, dt = 3.530424e-10, strain = 9.193148e-04, elapsed = 43.1 sec
Step =    294: nodes = 3398, dt = 4.236509e-10, strain = 9.235513e-04, elapsed = 43.3 sec
Step =    295: nodes = 3400, dt = 2.541905e-10, strain = 9.260932e-04, elapsed = 43.5 sec
Step =    296: nodes = 3400, dt = 2.541905e-10, strain = 9.286351e-04, elapsed = 43.6 sec
Step =    297: nodes = 3401, dt = 3.050286e-10, strain = 9.316854e-04, elapsed = 43.8 sec
Step =    298: nodes = 3401, dt = 3.660344e-10, strain = 9.353458e-04, elapsed = 43.9 sec
Step =    299: nodes = 3406, dt = 2.196206e-10, strain = 9.375420e-04, elapsed = 44.1 sec
Step =    300: nodes = 3406, dt = 2.196206e-10, strain = 9.397382e-04, elapsed = 44.2 sec
Writing configuration in legacy data format
 Output file: /data/home/dg000246b/openDIS/HomeWork/output_Cu_twin_rorient/config.300.data
Writing restart file
 Restart file: /data/home/dg000246b/openDIS/HomeWork/output_Cu_twin_rorient/restart.300.exadis
Step =    301: nodes = 3406, dt = 2.635447e-10, strain = 9.423736e-04, elapsed = 44.4 sec
Step =    302: nodes = 3407, dt = 3.162537e-10, strain = 9.455362e-04, elapsed = 44.6 sec
Step =    303: nodes = 3409, dt = 3.795044e-10, strain = 9.493312e-04, elapsed = 44.7 sec
Step =    304: nodes = 3417, dt = 2.277027e-10, strain = 9.516082e-04, elapsed = 44.9 sec
Step =    305: nodes = 3420, dt = 2.277027e-10, strain = 9.538853e-04, elapsed = 45.0 sec
Step =    306: nodes = 3420, dt = 2.732432e-10, strain = 9.566177e-04, elapsed = 45.2 sec
Step =    307: nodes = 3422, dt = 3.278918e-10, strain = 9.598966e-04, elapsed = 45.3 sec
Step =    308: nodes = 3421, dt = 3.934702e-10, strain = 9.638313e-04, elapsed = 45.5 sec
Step =    309: nodes = 3421, dt = 2.360821e-10, strain = 9.661921e-04, elapsed = 45.7 sec
Step =    310: nodes = 3423, dt = 2.360821e-10, strain = 9.685529e-04, elapsed = 45.8 sec
Step =    311: nodes = 3426, dt = 2.832985e-10, strain = 9.713859e-04, elapsed = 46.0 sec
Step =    312: nodes = 3435, dt = 3.399582e-10, strain = 9.747855e-04, elapsed = 46.1 sec
Step =    313: nodes = 3438, dt = 4.079499e-10, strain = 9.788650e-04, elapsed = 46.3 sec
Step =    314: nodes = 3438, dt = 2.447699e-10, strain = 9.813127e-04, elapsed = 46.5 sec
Step =    315: nodes = 3438, dt = 2.447699e-10, strain = 9.837604e-04, elapsed = 46.6 sec
Step =    316: nodes = 3438, dt = 2.937239e-10, strain = 9.866977e-04, elapsed = 46.7 sec
Step =    317: nodes = 3441, dt = 3.524687e-10, strain = 9.902223e-04, elapsed = 46.9 sec
Step =    318: nodes = 3442, dt = 4.229624e-10, strain = 9.944520e-04, elapsed = 47.1 sec
Step =    319: nodes = 3441, dt = 2.537775e-10, strain = 9.969897e-04, elapsed = 47.3 sec
Step =    320: nodes = 3443, dt = 2.537775e-10, strain = 9.995275e-04, elapsed = 47.4 sec
Step =    321: nodes = 3448, dt = 3.045330e-10, strain = 1.002573e-03, elapsed = 47.5 sec
Step =    322: nodes = 3448, dt = 3.654395e-10, strain = 1.006227e-03, elapsed = 47.7 sec
Step =    323: nodes = 3454, dt = 4.385275e-10, strain = 1.010613e-03, elapsed = 47.9 sec
Step =    324: nodes = 3456, dt = 2.631165e-10, strain = 1.013244e-03, elapsed = 48.1 sec
Step =    325: nodes = 3456, dt = 2.631165e-10, strain = 1.015875e-03, elapsed = 48.2 sec
Step =    326: nodes = 3457, dt = 3.157398e-10, strain = 1.019032e-03, elapsed = 48.4 sec
Step =    327: nodes = 3460, dt = 3.788877e-10, strain = 1.022821e-03, elapsed = 48.5 sec
Step =    328: nodes = 3459, dt = 2.273326e-10, strain = 1.025094e-03, elapsed = 48.7 sec
Step =    329: nodes = 3459, dt = 2.273326e-10, strain = 1.027368e-03, elapsed = 48.9 sec
Step =    330: nodes = 3459, dt = 2.727992e-10, strain = 1.030096e-03, elapsed = 49.0 sec
Step =    331: nodes = 3459, dt = 3.273590e-10, strain = 1.033369e-03, elapsed = 49.2 sec
Step =    332: nodes = 3460, dt = 3.928308e-10, strain = 1.037298e-03, elapsed = 49.3 sec
Step =    333: nodes = 3460, dt = 2.356985e-10, strain = 1.039655e-03, elapsed = 49.5 sec
Step =    334: nodes = 3461, dt = 2.356985e-10, strain = 1.042012e-03, elapsed = 49.6 sec
Step =    335: nodes = 3465, dt = 2.828382e-10, strain = 1.044840e-03, elapsed = 49.8 sec
Step =    336: nodes = 3465, dt = 3.394058e-10, strain = 1.048234e-03, elapsed = 49.9 sec
Step =    337: nodes = 3465, dt = 4.072870e-10, strain = 1.052307e-03, elapsed = 50.1 sec
Step =    338: nodes = 3468, dt = 2.443722e-10, strain = 1.054751e-03, elapsed = 50.3 sec
Step =    339: nodes = 3471, dt = 2.443722e-10, strain = 1.057194e-03, elapsed = 50.4 sec
Step =    340: nodes = 3472, dt = 2.932466e-10, strain = 1.060127e-03, elapsed = 50.6 sec
Step =    341: nodes = 3472, dt = 3.518959e-10, strain = 1.063646e-03, elapsed = 50.7 sec
Step =    342: nodes = 3473, dt = 2.111376e-10, strain = 1.065757e-03, elapsed = 50.9 sec
Step =    343: nodes = 3472, dt = 2.111376e-10, strain = 1.067869e-03, elapsed = 51.1 sec
Step =    344: nodes = 3473, dt = 2.533651e-10, strain = 1.070402e-03, elapsed = 51.2 sec
Step =    345: nodes = 3473, dt = 3.040381e-10, strain = 1.073443e-03, elapsed = 51.4 sec
Step =    346: nodes = 3473, dt = 3.648457e-10, strain = 1.077091e-03, elapsed = 51.5 sec
Step =    347: nodes = 3472, dt = 2.189074e-10, strain = 1.079280e-03, elapsed = 51.7 sec
Step =    348: nodes = 3474, dt = 2.189074e-10, strain = 1.081469e-03, elapsed = 51.9 sec
Step =    349: nodes = 3474, dt = 2.626889e-10, strain = 1.084096e-03, elapsed = 52.0 sec
Step =    350: nodes = 3475, dt = 3.152267e-10, strain = 1.087248e-03, elapsed = 52.2 sec
Step =    351: nodes = 3478, dt = 3.782720e-10, strain = 1.091031e-03, elapsed = 52.4 sec
[TwinWall] projected 1 node(s)
Step =    352: nodes = 3485, dt = 2.269632e-10, strain = 1.093301e-03, elapsed = 52.6 sec
[TwinWall] projected 1 node(s)
Step =    353: nodes = 3486, dt = 2.269632e-10, strain = 1.095570e-03, elapsed = 52.7 sec
Step =    354: nodes = 3487, dt = 2.723559e-10, strain = 1.098294e-03, elapsed = 52.9 sec
Step =    355: nodes = 3487, dt = 3.268270e-10, strain = 1.101562e-03, elapsed = 53.0 sec
[TwinWall] projected 1 node(s)
Step =    356: nodes = 3486, dt = 3.921924e-10, strain = 1.105484e-03, elapsed = 53.2 sec
[TwinWall] projected 1 node(s)
Step =    357: nodes = 3486, dt = 2.353155e-10, strain = 1.107837e-03, elapsed = 53.4 sec
[TwinWall] projected 1 node(s)
Step =    358: nodes = 3486, dt = 2.353155e-10, strain = 1.110190e-03, elapsed = 53.5 sec
[TwinWall] projected 1 node(s)
Step =    359: nodes = 3486, dt = 2.823786e-10, strain = 1.113014e-03, elapsed = 53.6 sec
[TwinWall] projected 1 node(s)
Step =    360: nodes = 3487, dt = 3.388543e-10, strain = 1.116403e-03, elapsed = 53.8 sec
[TwinWall] projected 1 node(s)
Step =    361: nodes = 3487, dt = 2.033126e-10, strain = 1.118436e-03, elapsed = 54.0 sec
[TwinWall] projected 1 node(s)
Step =    362: nodes = 3489, dt = 2.033126e-10, strain = 1.120469e-03, elapsed = 54.1 sec
[TwinWall] projected 1 node(s)
Step =    363: nodes = 3491, dt = 2.439751e-10, strain = 1.122909e-03, elapsed = 54.3 sec
[TwinWall] projected 1 node(s)
Step =    364: nodes = 3493, dt = 2.927701e-10, strain = 1.125836e-03, elapsed = 54.4 sec
[TwinWall] projected 1 node(s)
Step =    365: nodes = 3496, dt = 3.513241e-10, strain = 1.129350e-03, elapsed = 54.6 sec
[TwinWall] projected 1 node(s)
Step =    366: nodes = 3495, dt = 2.107945e-10, strain = 1.131458e-03, elapsed = 54.7 sec
Step =    367: nodes = 3495, dt = 2.107945e-10, strain = 1.133566e-03, elapsed = 54.9 sec
[TwinWall] projected 1 node(s)
Step =    368: nodes = 3496, dt = 2.529534e-10, strain = 1.136095e-03, elapsed = 55.0 sec
[TwinWall] projected 1 node(s)
Step =    369: nodes = 3498, dt = 1.517720e-10, strain = 1.137613e-03, elapsed = 55.2 sec
Step =    370: nodes = 3499, dt = 1.517720e-10, strain = 1.139131e-03, elapsed = 55.3 sec
[TwinWall] projected 1 node(s)
Step =    371: nodes = 3504, dt = 1.821264e-10, strain = 1.140952e-03, elapsed = 55.5 sec
[TwinWall] projected 1 node(s)
Step =    372: nodes = 3509, dt = 2.185517e-10, strain = 1.143137e-03, elapsed = 55.6 sec
[TwinWall] projected 1 node(s)
Step =    373: nodes = 3509, dt = 2.622620e-10, strain = 1.145760e-03, elapsed = 55.8 sec
[TwinWall] projected 1 node(s)
Step =    374: nodes = 3511, dt = 1.573572e-10, strain = 1.147334e-03, elapsed = 55.9 sec
[TwinWall] projected 1 node(s)
Step =    375: nodes = 3512, dt = 1.573572e-10, strain = 1.148907e-03, elapsed = 56.1 sec
[TwinWall] projected 1 node(s)
Step =    376: nodes = 3514, dt = 1.888287e-10, strain = 1.150795e-03, elapsed = 56.2 sec
[TwinWall] projected 1 node(s)
Step =    377: nodes = 3516, dt = 2.265944e-10, strain = 1.153061e-03, elapsed = 56.4 sec
[TwinWall] projected 1 node(s)
Step =    378: nodes = 3516, dt = 2.719133e-10, strain = 1.155780e-03, elapsed = 56.5 sec
[TwinWall] projected 1 node(s)
Step =    379: nodes = 3517, dt = 1.631480e-10, strain = 1.157412e-03, elapsed = 56.7 sec
[TwinWall] projected 1 node(s)
Step =    380: nodes = 3519, dt = 1.631480e-10, strain = 1.159043e-03, elapsed = 56.8 sec
[TwinWall] projected 1 node(s)
Step =    381: nodes = 3520, dt = 1.957776e-10, strain = 1.161001e-03, elapsed = 57.0 sec
[TwinWall] projected 1 node(s)
Step =    382: nodes = 3523, dt = 1.174665e-10, strain = 1.162176e-03, elapsed = 57.1 sec
[TwinWall] projected 1 node(s)
Step =    383: nodes = 3523, dt = 1.174665e-10, strain = 1.163351e-03, elapsed = 57.3 sec
[TwinWall] projected 1 node(s)
Step =    384: nodes = 3524, dt = 1.409598e-10, strain = 1.164760e-03, elapsed = 57.4 sec
[TwinWall] projected 1 node(s)
Step =    385: nodes = 3525, dt = 1.691518e-10, strain = 1.166452e-03, elapsed = 57.5 sec
[TwinWall] projected 1 node(s)
Step =    386: nodes = 3525, dt = 2.029822e-10, strain = 1.168481e-03, elapsed = 57.7 sec
[TwinWall] projected 1 node(s)
Step =    387: nodes = 3525, dt = 1.217893e-10, strain = 1.169699e-03, elapsed = 57.8 sec
[TwinWall] projected 1 node(s)
Step =    388: nodes = 3525, dt = 1.217893e-10, strain = 1.170917e-03, elapsed = 58.0 sec
[TwinWall] projected 1 node(s)
Step =    389: nodes = 3524, dt = 1.461472e-10, strain = 1.172379e-03, elapsed = 58.1 sec
[TwinWall] projected 1 node(s)
Step =    390: nodes = 3526, dt = 1.753766e-10, strain = 1.174132e-03, elapsed = 58.2 sec
[TwinWall] projected 1 node(s)
Step =    391: nodes = 3530, dt = 2.104519e-10, strain = 1.176237e-03, elapsed = 58.4 sec
[TwinWall] projected 1 node(s)
Step =    392: nodes = 3529, dt = 2.525423e-10, strain = 1.178762e-03, elapsed = 58.5 sec
[TwinWall] projected 1 node(s)
Step =    393: nodes = 3529, dt = 3.030508e-10, strain = 1.181793e-03, elapsed = 58.7 sec
[TwinWall] projected 1 node(s)
Step =    394: nodes = 3530, dt = 1.818305e-10, strain = 1.183611e-03, elapsed = 58.8 sec
[TwinWall] projected 1 node(s)
Step =    395: nodes = 3530, dt = 1.818305e-10, strain = 1.185430e-03, elapsed = 59.0 sec
[TwinWall] projected 1 node(s)
Step =    396: nodes = 3530, dt = 2.181966e-10, strain = 1.187611e-03, elapsed = 59.1 sec
[TwinWall] projected 1 node(s)
Step =    397: nodes = 3530, dt = 1.309179e-10, strain = 1.188921e-03, elapsed = 59.3 sec
[TwinWall] projected 1 node(s)
Step =    398: nodes = 3532, dt = 1.309179e-10, strain = 1.190230e-03, elapsed = 59.4 sec
[TwinWall] projected 1 node(s)
Step =    399: nodes = 3530, dt = 1.571015e-10, strain = 1.191801e-03, elapsed = 59.5 sec
[TwinWall] projected 1 node(s)
Step =    400: nodes = 3532, dt = 1.885218e-10, strain = 1.193686e-03, elapsed = 59.7 sec
Writing configuration in legacy data format
 Output file: /data/home/dg000246b/openDIS/HomeWork/output_Cu_twin_rorient/config.400.data
Writing restart file
 Restart file: /data/home/dg000246b/openDIS/HomeWork/output_Cu_twin_rorient/restart.400.exadis
[TwinWall] projected 1 node(s)
Step =    401: nodes = 3532, dt = 2.262262e-10, strain = 1.195948e-03, elapsed = 59.9 sec
[TwinWall] projected 1 node(s)
Step =    402: nodes = 3531, dt = 1.357357e-10, strain = 1.197306e-03, elapsed = 60.0 sec
[TwinWall] projected 1 node(s)
Step =    403: nodes = 3535, dt = 1.357357e-10, strain = 1.198663e-03, elapsed = 60.2 sec
[TwinWall] projected 1 node(s)
Step =    404: nodes = 3537, dt = 1.628829e-10, strain = 1.200292e-03, elapsed = 60.3 sec
[TwinWall] projected 1 node(s)
Step =    405: nodes = 3537, dt = 1.954594e-10, strain = 1.202246e-03, elapsed = 60.5 sec
[TwinWall] projected 1 node(s)
Step =    406: nodes = 3537, dt = 2.345513e-10, strain = 1.204592e-03, elapsed = 60.6 sec
Step =    407: nodes = 3536, dt = 1.407308e-10, strain = 1.205999e-03, elapsed = 60.8 sec
[TwinWall] projected 1 node(s)
Step =    408: nodes = 3538, dt = 1.407308e-10, strain = 1.207407e-03, elapsed = 60.9 sec
[TwinWall] projected 2 node(s)
Step =    409: nodes = 3546, dt = 1.688769e-10, strain = 1.209095e-03, elapsed = 61.0 sec
[TwinWall] projected 2 node(s)
Step =    410: nodes = 3550, dt = 2.026523e-10, strain = 1.211122e-03, elapsed = 61.2 sec
[TwinWall] projected 1 node(s)
Step =    411: nodes = 3550, dt = 2.431828e-10, strain = 1.213554e-03, elapsed = 61.3 sec
[TwinWall] projected 1 node(s)
Step =    412: nodes = 3551, dt = 2.918194e-10, strain = 1.216472e-03, elapsed = 61.5 sec
[TwinWall] projected 1 node(s)
Step =    413: nodes = 3552, dt = 1.750916e-10, strain = 1.218223e-03, elapsed = 61.7 sec
[TwinWall] projected 1 node(s)
Step =    414: nodes = 3552, dt = 1.750916e-10, strain = 1.219974e-03, elapsed = 61.8 sec
[TwinWall] projected 1 node(s)
Step =    415: nodes = 3554, dt = 2.101099e-10, strain = 1.222075e-03, elapsed = 62.0 sec
[TwinWall] projected 1 node(s)
Step =    416: nodes = 3555, dt = 2.521319e-10, strain = 1.224596e-03, elapsed = 62.1 sec
[TwinWall] projected 2 node(s)
Step =    417: nodes = 3554, dt = 3.025583e-10, strain = 1.227622e-03, elapsed = 62.3 sec
[TwinWall] projected 2 node(s)
Step =    418: nodes = 3555, dt = 1.815350e-10, strain = 1.229437e-03, elapsed = 62.4 sec
[TwinWall] projected 2 node(s)
Step =    419: nodes = 3555, dt = 1.815350e-10, strain = 1.231252e-03, elapsed = 62.6 sec
[TwinWall] projected 1 node(s)
Step =    420: nodes = 3556, dt = 2.178420e-10, strain = 1.233431e-03, elapsed = 62.7 sec
[TwinWall] projected 2 node(s)
Step =    421: nodes = 3557, dt = 2.614104e-10, strain = 1.236045e-03, elapsed = 62.9 sec
[TwinWall] projected 2 node(s)
Step =    422: nodes = 3559, dt = 1.568462e-10, strain = 1.237613e-03, elapsed = 63.0 sec
[TwinWall] projected 2 node(s)
Step =    423: nodes = 3559, dt = 1.568462e-10, strain = 1.239182e-03, elapsed = 63.2 sec
[TwinWall] projected 2 node(s)
Step =    424: nodes = 3559, dt = 1.882155e-10, strain = 1.241064e-03, elapsed = 63.3 sec
[TwinWall] projected 2 node(s)
Step =    425: nodes = 3560, dt = 2.258586e-10, strain = 1.243323e-03, elapsed = 63.5 sec
[TwinWall] projected 2 node(s)
Step =    426: nodes = 3559, dt = 2.710303e-10, strain = 1.246033e-03, elapsed = 63.6 sec
[TwinWall] projected 2 node(s)
Step =    427: nodes = 3561, dt = 3.252363e-10, strain = 1.249285e-03, elapsed = 63.8 sec
[TwinWall] projected 2 node(s)
Step =    428: nodes = 3561, dt = 1.951418e-10, strain = 1.251237e-03, elapsed = 64.0 sec
[TwinWall] projected 2 node(s)
Step =    429: nodes = 3561, dt = 1.951418e-10, strain = 1.253188e-03, elapsed = 64.1 sec
[TwinWall] projected 2 node(s)
Step =    430: nodes = 3561, dt = 2.341702e-10, strain = 1.255530e-03, elapsed = 64.3 sec
[TwinWall] projected 2 node(s)
Step =    431: nodes = 3561, dt = 2.810042e-10, strain = 1.258340e-03, elapsed = 64.4 sec
[TwinWall] projected 2 node(s)
Step =    432: nodes = 3564, dt = 1.686025e-10, strain = 1.260026e-03, elapsed = 64.6 sec
[TwinWall] projected 2 node(s)
Step =    433: nodes = 3565, dt = 1.686025e-10, strain = 1.261712e-03, elapsed = 64.7 sec
[TwinWall] projected 2 node(s)
Step =    434: nodes = 3565, dt = 2.023230e-10, strain = 1.263735e-03, elapsed = 64.9 sec
[TwinWall] projected 2 node(s)
Step =    435: nodes = 3566, dt = 2.427876e-10, strain = 1.266163e-03, elapsed = 65.1 sec
[TwinWall] projected 2 node(s)
Step =    436: nodes = 3565, dt = 1.456726e-10, strain = 1.267620e-03, elapsed = 65.2 sec
[TwinWall] projected 2 node(s)
Step =    437: nodes = 3565, dt = 1.456726e-10, strain = 1.269077e-03, elapsed = 65.4 sec
[TwinWall] projected 2 node(s)
Step =    438: nodes = 3566, dt = 1.748071e-10, strain = 1.270825e-03, elapsed = 65.5 sec
[TwinWall] projected 2 node(s)
Step =    439: nodes = 3567, dt = 2.097685e-10, strain = 1.272922e-03, elapsed = 65.6 sec
[TwinWall] projected 2 node(s)
Step =    440: nodes = 3569, dt = 1.258611e-10, strain = 1.274181e-03, elapsed = 65.8 sec
[TwinWall] projected 2 node(s)
Step =    441: nodes = 3569, dt = 1.258611e-10, strain = 1.275439e-03, elapsed = 65.9 sec
[TwinWall] projected 2 node(s)
Step =    442: nodes = 3567, dt = 1.510333e-10, strain = 1.276950e-03, elapsed = 66.1 sec
[TwinWall] projected 2 node(s)
Step =    443: nodes = 3568, dt = 1.812400e-10, strain = 1.278762e-03, elapsed = 66.2 sec
[TwinWall] projected 2 node(s)
Step =    444: nodes = 3569, dt = 2.174880e-10, strain = 1.280937e-03, elapsed = 66.4 sec
[TwinWall] projected 2 node(s)
Step =    445: nodes = 3569, dt = 1.304928e-10, strain = 1.282242e-03, elapsed = 66.5 sec
[TwinWall] projected 2 node(s)
Step =    446: nodes = 3570, dt = 1.304928e-10, strain = 1.283547e-03, elapsed = 66.7 sec
[TwinWall] projected 2 node(s)
Step =    447: nodes = 3571, dt = 1.565914e-10, strain = 1.285113e-03, elapsed = 66.8 sec
[TwinWall] projected 2 node(s)
Step =    448: nodes = 3568, dt = 1.879096e-10, strain = 1.286992e-03, elapsed = 67.0 sec
[TwinWall] projected 2 node(s)
Step =    449: nodes = 3566, dt = 2.254915e-10, strain = 1.289247e-03, elapsed = 67.1 sec
[TwinWall] projected 2 node(s)
Step =    450: nodes = 3566, dt = 2.705899e-10, strain = 1.291953e-03, elapsed = 67.3 sec
[TwinWall] projected 2 node(s)
Step =    451: nodes = 3566, dt = 1.623539e-10, strain = 1.293576e-03, elapsed = 67.4 sec
[TwinWall] projected 2 node(s)
Step =    452: nodes = 3565, dt = 1.623539e-10, strain = 1.295200e-03, elapsed = 67.6 sec
[TwinWall] projected 2 node(s)
Step =    453: nodes = 3567, dt = 1.948247e-10, strain = 1.297148e-03, elapsed = 67.7 sec
[TwinWall] projected 2 node(s)
Step =    454: nodes = 3567, dt = 2.337896e-10, strain = 1.299486e-03, elapsed = 67.9 sec
[TwinWall] projected 2 node(s)
Step =    455: nodes = 3569, dt = 2.805476e-10, strain = 1.302291e-03, elapsed = 68.0 sec
[TwinWall] projected 2 node(s)
Step =    456: nodes = 3567, dt = 1.683285e-10, strain = 1.303975e-03, elapsed = 68.2 sec
[TwinWall] projected 2 node(s)
Step =    457: nodes = 3568, dt = 1.683285e-10, strain = 1.305658e-03, elapsed = 68.3 sec
[TwinWall] projected 2 node(s)
Step =    458: nodes = 3568, dt = 2.019942e-10, strain = 1.307678e-03, elapsed = 68.5 sec
[TwinWall] projected 2 node(s)
Step =    459: nodes = 3569, dt = 2.423931e-10, strain = 1.310102e-03, elapsed = 68.6 sec
[TwinWall] projected 2 node(s)
Step =    460: nodes = 3570, dt = 2.908717e-10, strain = 1.313011e-03, elapsed = 68.8 sec
[TwinWall] projected 2 node(s)
Step =    461: nodes = 3570, dt = 1.745230e-10, strain = 1.314756e-03, elapsed = 69.0 sec
[TwinWall] projected 2 node(s)
Step =    462: nodes = 3572, dt = 1.745230e-10, strain = 1.316501e-03, elapsed = 69.1 sec
[TwinWall] projected 2 node(s)
Step =    463: nodes = 3572, dt = 2.094276e-10, strain = 1.318595e-03, elapsed = 69.2 sec
[TwinWall] projected 2 node(s)
Step =    464: nodes = 3572, dt = 2.513132e-10, strain = 1.321109e-03, elapsed = 69.4 sec
[TwinWall] projected 2 node(s)
Step =    465: nodes = 3572, dt = 1.507879e-10, strain = 1.322616e-03, elapsed = 69.6 sec
[TwinWall] projected 1 node(s)
Step =    466: nodes = 3574, dt = 1.507879e-10, strain = 1.324124e-03, elapsed = 69.7 sec
[TwinWall] projected 2 node(s)
Step =    467: nodes = 3574, dt = 1.809455e-10, strain = 1.325934e-03, elapsed = 69.8 sec
[TwinWall] projected 2 node(s)
Step =    468: nodes = 3575, dt = 2.171346e-10, strain = 1.328105e-03, elapsed = 70.0 sec
[TwinWall] projected 2 node(s)
Step =    469: nodes = 3574, dt = 2.605615e-10, strain = 1.330711e-03, elapsed = 70.5 sec
[TwinWall] projected 2 node(s)
Step =    470: nodes = 3576, dt = 3.126738e-10, strain = 1.333837e-03, elapsed = 70.6 sec
[TwinWall] projected 2 node(s)
Step =    471: nodes = 3574, dt = 1.876043e-10, strain = 1.335713e-03, elapsed = 70.8 sec
[TwinWall] projected 2 node(s)
Step =    472: nodes = 3575, dt = 1.876043e-10, strain = 1.337590e-03, elapsed = 71.0 sec
[TwinWall] projected 2 node(s)
Step =    473: nodes = 3577, dt = 2.251251e-10, strain = 1.339841e-03, elapsed = 71.1 sec
[TwinWall] projected 2 node(s)
Step =    474: nodes = 3578, dt = 2.701501e-10, strain = 1.342542e-03, elapsed = 71.3 sec
[TwinWall] projected 2 node(s)
Step =    475: nodes = 3578, dt = 3.241802e-10, strain = 1.345784e-03, elapsed = 71.4 sec
[TwinWall] projected 2 node(s)
Step =    476: nodes = 3579, dt = 1.945081e-10, strain = 1.347729e-03, elapsed = 71.6 sec
[TwinWall] projected 2 node(s)
Step =    477: nodes = 3580, dt = 1.945081e-10, strain = 1.349674e-03, elapsed = 71.8 sec
[TwinWall] projected 2 node(s)
Step =    478: nodes = 3580, dt = 2.334097e-10, strain = 1.352008e-03, elapsed = 71.9 sec
[TwinWall] projected 2 node(s)
Step =    479: nodes = 3580, dt = 2.800917e-10, strain = 1.354809e-03, elapsed = 72.1 sec
[TwinWall] projected 2 node(s)
Step =    480: nodes = 3579, dt = 1.680550e-10, strain = 1.356490e-03, elapsed = 72.3 sec
[TwinWall] projected 2 node(s)
Step =    481: nodes = 3582, dt = 1.680550e-10, strain = 1.358170e-03, elapsed = 72.4 sec
[TwinWall] projected 2 node(s)
Step =    482: nodes = 3582, dt = 2.016660e-10, strain = 1.360187e-03, elapsed = 72.6 sec
[TwinWall] projected 2 node(s)
Step =    483: nodes = 3581, dt = 2.419992e-10, strain = 1.362607e-03, elapsed = 72.7 sec
[TwinWall] projected 2 node(s)
Step =    484: nodes = 3580, dt = 2.903990e-10, strain = 1.365511e-03, elapsed = 72.9 sec
[TwinWall] projected 2 node(s)
Step =    485: nodes = 3581, dt = 1.742394e-10, strain = 1.367253e-03, elapsed = 73.0 sec
[TwinWall] projected 2 node(s)
Step =    486: nodes = 3580, dt = 1.742394e-10, strain = 1.368996e-03, elapsed = 73.2 sec
[TwinWall] projected 2 node(s)
Step =    487: nodes = 3581, dt = 2.090873e-10, strain = 1.371087e-03, elapsed = 73.3 sec
[TwinWall] projected 2 node(s)
Step =    488: nodes = 3581, dt = 2.509048e-10, strain = 1.373596e-03, elapsed = 73.5 sec
[TwinWall] projected 2 node(s)
Step =    489: nodes = 3579, dt = 3.010857e-10, strain = 1.376607e-03, elapsed = 73.6 sec
[TwinWall] projected 2 node(s)
Step =    490: nodes = 3579, dt = 1.806514e-10, strain = 1.378413e-03, elapsed = 73.8 sec
[TwinWall] projected 2 node(s)
Step =    491: nodes = 3581, dt = 1.806514e-10, strain = 1.380220e-03, elapsed = 74.0 sec
[TwinWall] projected 2 node(s)
Step =    492: nodes = 3582, dt = 2.167817e-10, strain = 1.382387e-03, elapsed = 74.1 sec
[TwinWall] projected 2 node(s)
Step =    493: nodes = 3582, dt = 2.601381e-10, strain = 1.384989e-03, elapsed = 74.3 sec
[TwinWall] projected 2 node(s)
Step =    494: nodes = 3581, dt = 1.560828e-10, strain = 1.386550e-03, elapsed = 74.4 sec
[TwinWall] projected 2 node(s)
Step =    495: nodes = 3582, dt = 1.560828e-10, strain = 1.388110e-03, elapsed = 74.6 sec
[TwinWall] projected 2 node(s)
Step =    496: nodes = 3581, dt = 1.872994e-10, strain = 1.389983e-03, elapsed = 74.7 sec
[TwinWall] projected 2 node(s)
Step =    497: nodes = 3580, dt = 2.247593e-10, strain = 1.392231e-03, elapsed = 74.9 sec
[TwinWall] projected 2 node(s)
Step =    498: nodes = 3585, dt = 2.697112e-10, strain = 1.394928e-03, elapsed = 75.0 sec
[TwinWall] projected 2 node(s)
Step =    499: nodes = 3583, dt = 3.236534e-10, strain = 1.398165e-03, elapsed = 75.2 sec
[TwinWall] projected 2 node(s)
Step =    500: nodes = 3585, dt = 1.941920e-10, strain = 1.400107e-03, elapsed = 75.4 sec
Writing configuration in legacy data format
 Output file: /data/home/dg000246b/openDIS/HomeWork/output_Cu_twin_rorient/config.500.data
Writing restart file
 Restart file: /data/home/dg000246b/openDIS/HomeWork/output_Cu_twin_rorient/restart.500.exadis
[TwinWall] projected 2 node(s)
Step =    501: nodes = 3588, dt = 1.941920e-10, strain = 1.402048e-03, elapsed = 75.6 sec
[TwinWall] projected 2 node(s)
Step =    502: nodes = 3589, dt = 2.330304e-10, strain = 1.404379e-03, elapsed = 75.7 sec
[TwinWall] projected 2 node(s)
Step =    503: nodes = 3589, dt = 2.796365e-10, strain = 1.407175e-03, elapsed = 75.9 sec
[TwinWall] projected 2 node(s)
Step =    504: nodes = 3589, dt = 1.677819e-10, strain = 1.408853e-03, elapsed = 76.0 sec
[TwinWall] projected 2 node(s)
Step =    505: nodes = 3591, dt = 1.677819e-10, strain = 1.410531e-03, elapsed = 76.2 sec
[TwinWall] projected 2 node(s)
Step =    506: nodes = 3594, dt = 2.013383e-10, strain = 1.412544e-03, elapsed = 76.3 sec
[TwinWall] projected 2 node(s)
Step =    507: nodes = 3592, dt = 2.416060e-10, strain = 1.414960e-03, elapsed = 76.5 sec
[TwinWall] projected 2 node(s)
Step =    508: nodes = 3597, dt = 2.899271e-10, strain = 1.417860e-03, elapsed = 76.6 sec
[TwinWall] projected 2 node(s)
Step =    509: nodes = 3597, dt = 1.739563e-10, strain = 1.419599e-03, elapsed = 76.8 sec
[TwinWall] projected 2 node(s)
Step =    510: nodes = 3597, dt = 1.739563e-10, strain = 1.421339e-03, elapsed = 77.0 sec
[TwinWall] projected 2 node(s)
Step =    511: nodes = 3598, dt = 2.087475e-10, strain = 1.423426e-03, elapsed = 77.1 sec
[TwinWall] projected 2 node(s)
Step =    512: nodes = 3601, dt = 2.504971e-10, strain = 1.425931e-03, elapsed = 77.3 sec
[TwinWall] projected 2 node(s)
Step =    513: nodes = 3598, dt = 3.005965e-10, strain = 1.428937e-03, elapsed = 77.4 sec
[TwinWall] projected 2 node(s)
Step =    514: nodes = 3601, dt = 1.803579e-10, strain = 1.430741e-03, elapsed = 77.6 sec
[TwinWall] projected 2 node(s)
Step =    515: nodes = 3601, dt = 1.803579e-10, strain = 1.432544e-03, elapsed = 77.7 sec
[TwinWall] projected 2 node(s)
Step =    516: nodes = 3602, dt = 2.164295e-10, strain = 1.434709e-03, elapsed = 77.9 sec
[TwinWall] projected 2 node(s)
Step =    517: nodes = 3601, dt = 2.597153e-10, strain = 1.437306e-03, elapsed = 78.1 sec
[TwinWall] projected 2 node(s)
Step =    518: nodes = 3600, dt = 3.116584e-10, strain = 1.440422e-03, elapsed = 78.2 sec
[TwinWall] projected 2 node(s)
Step =    519: nodes = 3600, dt = 1.869951e-10, strain = 1.442292e-03, elapsed = 78.4 sec
[TwinWall] projected 2 node(s)
Step =    520: nodes = 3600, dt = 1.869951e-10, strain = 1.444162e-03, elapsed = 78.5 sec
[TwinWall] projected 2 node(s)
Step =    521: nodes = 3600, dt = 2.243941e-10, strain = 1.446406e-03, elapsed = 78.7 sec
[TwinWall] projected 2 node(s)
Step =    522: nodes = 3601, dt = 2.692729e-10, strain = 1.449099e-03, elapsed = 78.8 sec
[TwinWall] projected 2 node(s)
Step =    523: nodes = 3601, dt = 3.231274e-10, strain = 1.452330e-03, elapsed = 79.0 sec
[TwinWall] projected 1 node(s)
Step =    524: nodes = 3601, dt = 1.938765e-10, strain = 1.454269e-03, elapsed = 79.2 sec
[TwinWall] projected 2 node(s)
Step =    525: nodes = 3602, dt = 1.938765e-10, strain = 1.456208e-03, elapsed = 79.3 sec
[TwinWall] projected 2 node(s)
Step =    526: nodes = 3603, dt = 2.326518e-10, strain = 1.458534e-03, elapsed = 79.5 sec
[TwinWall] projected 2 node(s)
Step =    527: nodes = 3604, dt = 2.791821e-10, strain = 1.461326e-03, elapsed = 79.6 sec
[TwinWall] projected 2 node(s)
Step =    528: nodes = 3603, dt = 1.675093e-10, strain = 1.463001e-03, elapsed = 79.8 sec
[TwinWall] projected 2 node(s)
Step =    529: nodes = 3604, dt = 1.675093e-10, strain = 1.464676e-03, elapsed = 80.0 sec
[TwinWall] projected 2 node(s)
Step =    530: nodes = 3605, dt = 2.010111e-10, strain = 1.466686e-03, elapsed = 80.1 sec
[TwinWall] projected 2 node(s)
Step =    531: nodes = 3605, dt = 2.412133e-10, strain = 1.469098e-03, elapsed = 80.3 sec
[TwinWall] projected 2 node(s)
Step =    532: nodes = 3609, dt = 2.894560e-10, strain = 1.471993e-03, elapsed = 80.4 sec
[TwinWall] projected 2 node(s)
Step =    533: nodes = 3607, dt = 3.473472e-10, strain = 1.475466e-03, elapsed = 80.6 sec
[TwinWall] projected 2 node(s)
Step =    534: nodes = 3609, dt = 2.084083e-10, strain = 1.477551e-03, elapsed = 80.8 sec
[TwinWall] projected 2 node(s)
Step =    535: nodes = 3608, dt = 2.084083e-10, strain = 1.479635e-03, elapsed = 80.9 sec
[TwinWall] projected 2 node(s)
Step =    536: nodes = 3611, dt = 2.500900e-10, strain = 1.482135e-03, elapsed = 81.1 sec
[TwinWall] projected 2 node(s)
Step =    537: nodes = 3612, dt = 3.001080e-10, strain = 1.485137e-03, elapsed = 81.2 sec
[TwinWall] projected 2 node(s)
Step =    538: nodes = 3613, dt = 1.800648e-10, strain = 1.486937e-03, elapsed = 81.4 sec
[TwinWall] projected 2 node(s)
Step =    539: nodes = 3613, dt = 1.800648e-10, strain = 1.488738e-03, elapsed = 81.6 sec
[TwinWall] projected 2 node(s)
Step =    540: nodes = 3616, dt = 2.160778e-10, strain = 1.490899e-03, elapsed = 81.7 sec
[TwinWall] projected 2 node(s)
Step =    541: nodes = 3618, dt = 2.592933e-10, strain = 1.493492e-03, elapsed = 81.9 sec
[TwinWall] projected 2 node(s)
Step =    542: nodes = 3618, dt = 3.111520e-10, strain = 1.496603e-03, elapsed = 82.0 sec
[TwinWall] projected 2 node(s)
Step =    543: nodes = 3620, dt = 1.866912e-10, strain = 1.498470e-03, elapsed = 82.2 sec
[TwinWall] projected 2 node(s)
Step =    544: nodes = 3619, dt = 1.866912e-10, strain = 1.500337e-03, elapsed = 82.3 sec
[TwinWall] projected 2 node(s)
Step =    545: nodes = 3618, dt = 2.240294e-10, strain = 1.502577e-03, elapsed = 82.5 sec
[TwinWall] projected 2 node(s)
Step =    546: nodes = 3621, dt = 2.688353e-10, strain = 1.505266e-03, elapsed = 82.7 sec
[TwinWall] projected 2 node(s)
Step =    547: nodes = 3625, dt = 1.613012e-10, strain = 1.506879e-03, elapsed = 82.8 sec
[TwinWall] projected 1 node(s)
Step =    548: nodes = 3625, dt = 1.613012e-10, strain = 1.508492e-03, elapsed = 83.0 sec
[TwinWall] projected 1 node(s)
Step =    549: nodes = 3626, dt = 1.935614e-10, strain = 1.510427e-03, elapsed = 83.1 sec
[TwinWall] projected 2 node(s)
Step =    550: nodes = 3625, dt = 2.322737e-10, strain = 1.512750e-03, elapsed = 83.3 sec
[TwinWall] projected 1 node(s)
Step =    551: nodes = 3623, dt = 2.787284e-10, strain = 1.515537e-03, elapsed = 83.4 sec
[TwinWall] projected 2 node(s)
Step =    552: nodes = 3627, dt = 3.344741e-10, strain = 1.518882e-03, elapsed = 83.6 sec
[TwinWall] projected 2 node(s)
Step =    553: nodes = 3626, dt = 2.006845e-10, strain = 1.520889e-03, elapsed = 83.8 sec
[TwinWall] projected 2 node(s)
Step =    554: nodes = 3632, dt = 2.006845e-10, strain = 1.522896e-03, elapsed = 83.9 sec
[TwinWall] projected 2 node(s)
Step =    555: nodes = 3633, dt = 2.408214e-10, strain = 1.525304e-03, elapsed = 84.1 sec
[TwinWall] projected 2 node(s)
Step =    556: nodes = 3635, dt = 2.889856e-10, strain = 1.528194e-03, elapsed = 84.3 sec
[TwinWall] projected 2 node(s)
Step =    557: nodes = 3633, dt = 3.467828e-10, strain = 1.531662e-03, elapsed = 84.4 sec
[TwinWall] projected 3 node(s)
Step =    558: nodes = 3631, dt = 2.080697e-10, strain = 1.533742e-03, elapsed = 84.6 sec
[TwinWall] projected 3 node(s)
Step =    559: nodes = 3632, dt = 2.080697e-10, strain = 1.535823e-03, elapsed = 84.8 sec
[TwinWall] projected 3 node(s)
Step =    560: nodes = 3631, dt = 2.496836e-10, strain = 1.538320e-03, elapsed = 84.9 sec
[TwinWall] projected 3 node(s)
Step =    561: nodes = 3634, dt = 2.996203e-10, strain = 1.541316e-03, elapsed = 85.1 sec
[TwinWall] projected 3 node(s)
Step =    562: nodes = 3637, dt = 1.797722e-10, strain = 1.543114e-03, elapsed = 85.3 sec
[TwinWall] projected 3 node(s)
Step =    563: nodes = 3635, dt = 1.797722e-10, strain = 1.544911e-03, elapsed = 85.4 sec
[TwinWall] projected 3 node(s)
Step =    564: nodes = 3636, dt = 2.157266e-10, strain = 1.547069e-03, elapsed = 85.6 sec
[TwinWall] projected 4 node(s)
Step =    565: nodes = 3638, dt = 2.588720e-10, strain = 1.549657e-03, elapsed = 85.7 sec
[TwinWall] projected 4 node(s)
Step =    566: nodes = 3642, dt = 3.106463e-10, strain = 1.552764e-03, elapsed = 85.9 sec
[TwinWall] projected 3 node(s)
Step =    567: nodes = 3642, dt = 1.863878e-10, strain = 1.554628e-03, elapsed = 86.1 sec
[TwinWall] projected 4 node(s)
Step =    568: nodes = 3650, dt = 1.863878e-10, strain = 1.556492e-03, elapsed = 86.2 sec
[TwinWall] projected 5 node(s)
Step =    569: nodes = 3654, dt = 2.236654e-10, strain = 1.558728e-03, elapsed = 86.4 sec
[TwinWall] projected 5 node(s)
Step =    570: nodes = 3656, dt = 2.683984e-10, strain = 1.561412e-03, elapsed = 86.5 sec
[TwinWall] projected 5 node(s)
Step =    571: nodes = 3658, dt = 3.220781e-10, strain = 1.564633e-03, elapsed = 86.7 sec
[TwinWall] projected 5 node(s)
Step =    572: nodes = 3662, dt = 1.932469e-10, strain = 1.566566e-03, elapsed = 86.9 sec
[TwinWall] projected 5 node(s)
Step =    573: nodes = 3662, dt = 1.932469e-10, strain = 1.568498e-03, elapsed = 87.1 sec
[TwinWall] projected 5 node(s)
Step =    574: nodes = 3661, dt = 2.318963e-10, strain = 1.570817e-03, elapsed = 87.2 sec
[TwinWall] projected 5 node(s)
Step =    575: nodes = 3667, dt = 2.782755e-10, strain = 1.573600e-03, elapsed = 87.4 sec
[TwinWall] projected 4 node(s)
Step =    576: nodes = 3669, dt = 1.669653e-10, strain = 1.575269e-03, elapsed = 87.5 sec
[TwinWall] projected 5 node(s)
Step =    577: nodes = 3670, dt = 1.669653e-10, strain = 1.576939e-03, elapsed = 87.7 sec
[TwinWall] projected 5 node(s)
Step =    578: nodes = 3668, dt = 2.003584e-10, strain = 1.578943e-03, elapsed = 87.8 sec
[TwinWall] projected 5 node(s)
Step =    579: nodes = 3670, dt = 2.404300e-10, strain = 1.581347e-03, elapsed = 88.0 sec
[TwinWall] projected 5 node(s)
Step =    580: nodes = 3674, dt = 2.885160e-10, strain = 1.584232e-03, elapsed = 88.2 sec
[TwinWall] projected 5 node(s)
Step =    581: nodes = 3679, dt = 1.731096e-10, strain = 1.585963e-03, elapsed = 88.3 sec
[TwinWall] projected 5 node(s)
Step =    582: nodes = 3688, dt = 1.731096e-10, strain = 1.587694e-03, elapsed = 88.5 sec
[TwinWall] projected 5 node(s)
Step =    583: nodes = 3687, dt = 2.077316e-10, strain = 1.589772e-03, elapsed = 88.6 sec
[TwinWall] projected 5 node(s)
Step =    584: nodes = 3690, dt = 2.492779e-10, strain = 1.592264e-03, elapsed = 88.8 sec
[TwinWall] projected 4 node(s)
Step =    585: nodes = 3692, dt = 2.991334e-10, strain = 1.595256e-03, elapsed = 89.0 sec
[TwinWall] projected 4 node(s)
Step =    586: nodes = 3692, dt = 1.794801e-10, strain = 1.597050e-03, elapsed = 89.2 sec
[TwinWall] projected 3 node(s)
Step =    587: nodes = 3693, dt = 1.794801e-10, strain = 1.598845e-03, elapsed = 89.3 sec
[TwinWall] projected 5 node(s)
Step =    588: nodes = 3694, dt = 2.153761e-10, strain = 1.600999e-03, elapsed = 89.5 sec
[TwinWall] projected 5 node(s)
Step =    589: nodes = 3695, dt = 2.584513e-10, strain = 1.603584e-03, elapsed = 89.6 sec
[TwinWall] projected 4 node(s)
Step =    590: nodes = 3696, dt = 1.550708e-10, strain = 1.605134e-03, elapsed = 89.8 sec
[TwinWall] projected 4 node(s)
Step =    591: nodes = 3695, dt = 1.550708e-10, strain = 1.606685e-03, elapsed = 89.9 sec
[TwinWall] projected 5 node(s)
Step =    592: nodes = 3693, dt = 1.860849e-10, strain = 1.608546e-03, elapsed = 90.1 sec
[TwinWall] projected 5 node(s)
Step =    593: nodes = 3694, dt = 2.233019e-10, strain = 1.610779e-03, elapsed = 90.2 sec
[TwinWall] projected 5 node(s)
Step =    594: nodes = 3693, dt = 2.679623e-10, strain = 1.613458e-03, elapsed = 90.4 sec
[TwinWall] projected 5 node(s)
Step =    595: nodes = 3685, dt = 3.215548e-10, strain = 1.616674e-03, elapsed = 90.6 sec
[TwinWall] projected 5 node(s)
Step =    596: nodes = 3687, dt = 1.929329e-10, strain = 1.618603e-03, elapsed = 90.7 sec
[TwinWall] projected 4 node(s)
Step =    597: nodes = 3683, dt = 1.929329e-10, strain = 1.620533e-03, elapsed = 90.9 sec
[TwinWall] projected 5 node(s)
Step =    598: nodes = 3680, dt = 2.315194e-10, strain = 1.622848e-03, elapsed = 91.1 sec
[TwinWall] projected 5 node(s)
Step =    599: nodes = 3679, dt = 2.778233e-10, strain = 1.625626e-03, elapsed = 91.2 sec
[TwinWall] projected 5 node(s)
Step =    600: nodes = 3672, dt = 3.333880e-10, strain = 1.628960e-03, elapsed = 91.4 sec
Writing configuration in legacy data format
 Output file: /data/home/dg000246b/openDIS/HomeWork/output_Cu_twin_rorient/config.600.data
Writing restart file
 Restart file: /data/home/dg000246b/openDIS/HomeWork/output_Cu_twin_rorient/restart.600.exadis
[TwinWall] projected 5 node(s)
Step =    601: nodes = 3671, dt = 2.000328e-10, strain = 1.630960e-03, elapsed = 91.6 sec
[TwinWall] projected 5 node(s)
Step =    602: nodes = 3670, dt = 2.000328e-10, strain = 1.632961e-03, elapsed = 91.8 sec
[TwinWall] projected 5 node(s)
Step =    603: nodes = 3670, dt = 2.400393e-10, strain = 1.635361e-03, elapsed = 91.9 sec
[TwinWall] projected 5 node(s)
Step =    604: nodes = 3669, dt = 2.880472e-10, strain = 1.638241e-03, elapsed = 92.1 sec
[TwinWall] projected 5 node(s)
Step =    605: nodes = 3670, dt = 1.728283e-10, strain = 1.639970e-03, elapsed = 92.3 sec
[TwinWall] projected 5 node(s)
Step =    606: nodes = 3673, dt = 1.728283e-10, strain = 1.641698e-03, elapsed = 92.4 sec
[TwinWall] projected 5 node(s)
Step =    607: nodes = 3675, dt = 2.073940e-10, strain = 1.643772e-03, elapsed = 92.6 sec
[TwinWall] projected 5 node(s)
Step =    608: nodes = 3674, dt = 2.488728e-10, strain = 1.646261e-03, elapsed = 92.7 sec
[TwinWall] projected 5 node(s)
Step =    609: nodes = 3674, dt = 2.986473e-10, strain = 1.649247e-03, elapsed = 92.9 sec
[TwinWall] projected 5 node(s)
Step =    610: nodes = 3673, dt = 1.791884e-10, strain = 1.651039e-03, elapsed = 93.1 sec
[TwinWall] projected 4 node(s)
Step =    611: nodes = 3674, dt = 1.791884e-10, strain = 1.652831e-03, elapsed = 93.2 sec
[TwinWall] projected 4 node(s)
Step =    612: nodes = 3674, dt = 2.150261e-10, strain = 1.654981e-03, elapsed = 93.4 sec
[TwinWall] projected 5 node(s)
Step =    613: nodes = 3672, dt = 2.580313e-10, strain = 1.657562e-03, elapsed = 93.5 sec
[TwinWall] projected 5 node(s)
Step =    614: nodes = 3668, dt = 3.096376e-10, strain = 1.660658e-03, elapsed = 93.7 sec
[TwinWall] projected 5 node(s)
Step =    615: nodes = 3669, dt = 1.857825e-10, strain = 1.662516e-03, elapsed = 93.9 sec
[TwinWall] projected 5 node(s)
Step =    616: nodes = 3672, dt = 1.857825e-10, strain = 1.664374e-03, elapsed = 94.0 sec
[TwinWall] projected 5 node(s)
Step =    617: nodes = 3674, dt = 2.229390e-10, strain = 1.666603e-03, elapsed = 94.2 sec
[TwinWall] projected 5 node(s)
Step =    618: nodes = 3675, dt = 2.675269e-10, strain = 1.669278e-03, elapsed = 94.4 sec
[TwinWall] projected 5 node(s)
Step =    619: nodes = 3674, dt = 3.210322e-10, strain = 1.672489e-03, elapsed = 94.5 sec
[TwinWall] projected 4 node(s)
Step =    620: nodes = 3674, dt = 1.926193e-10, strain = 1.674415e-03, elapsed = 94.7 sec
[TwinWall] projected 4 node(s)
Step =    621: nodes = 3676, dt = 1.926193e-10, strain = 1.676341e-03, elapsed = 94.9 sec
[TwinWall] projected 5 node(s)
Step =    622: nodes = 3676, dt = 2.311432e-10, strain = 1.678652e-03, elapsed = 95.0 sec
[TwinWall] projected 5 node(s)
Step =    623: nodes = 3675, dt = 2.773718e-10, strain = 1.681426e-03, elapsed = 95.2 sec
[TwinWall] projected 5 node(s)
Step =    624: nodes = 3670, dt = 3.328462e-10, strain = 1.684755e-03, elapsed = 95.4 sec
[TwinWall] projected 5 node(s)
Step =    625: nodes = 3667, dt = 1.997077e-10, strain = 1.686752e-03, elapsed = 95.5 sec
[TwinWall] projected 5 node(s)
Step =    626: nodes = 3669, dt = 1.997077e-10, strain = 1.688749e-03, elapsed = 95.7 sec
[TwinWall] projected 5 node(s)
Step =    627: nodes = 3669, dt = 2.396493e-10, strain = 1.691145e-03, elapsed = 95.8 sec
[TwinWall] projected 5 node(s)
Step =    628: nodes = 3668, dt = 2.875791e-10, strain = 1.694021e-03, elapsed = 96.0 sec
[TwinWall] projected 4 node(s)
Step =    629: nodes = 3667, dt = 1.725475e-10, strain = 1.695746e-03, elapsed = 96.2 sec
[TwinWall] projected 4 node(s)
Step =    630: nodes = 3667, dt = 1.725475e-10, strain = 1.697472e-03, elapsed = 96.4 sec
[TwinWall] projected 5 node(s)
Step =    631: nodes = 3668, dt = 2.070570e-10, strain = 1.699543e-03, elapsed = 96.5 sec
[TwinWall] projected 5 node(s)
Step =    632: nodes = 3669, dt = 2.484684e-10, strain = 1.702027e-03, elapsed = 96.6 sec
[TwinWall] projected 5 node(s)
Step =    633: nodes = 3667, dt = 2.981620e-10, strain = 1.705009e-03, elapsed = 96.8 sec
[TwinWall] projected 5 node(s)
Step =    634: nodes = 3662, dt = 3.577945e-10, strain = 1.708587e-03, elapsed = 97.0 sec
[TwinWall] projected 5 node(s)
Step =    635: nodes = 3661, dt = 2.146767e-10, strain = 1.710734e-03, elapsed = 97.2 sec
[TwinWall] projected 5 node(s)
Step =    636: nodes = 3665, dt = 2.146767e-10, strain = 1.712880e-03, elapsed = 97.3 sec
[TwinWall] projected 5 node(s)
Step =    637: nodes = 3668, dt = 2.576120e-10, strain = 1.715456e-03, elapsed = 97.5 sec
[TwinWall] projected 4 node(s)
Step =    638: nodes = 3666, dt = 3.091344e-10, strain = 1.718548e-03, elapsed = 97.6 sec
[TwinWall] projected 5 node(s)
Step =    639: nodes = 3659, dt = 3.709613e-10, strain = 1.722257e-03, elapsed = 97.8 sec
[TwinWall] projected 5 node(s)
Step =    640: nodes = 3657, dt = 2.225768e-10, strain = 1.724483e-03, elapsed = 98.0 sec
[TwinWall] projected 5 node(s)
Step =    641: nodes = 3657, dt = 2.225768e-10, strain = 1.726709e-03, elapsed = 98.2 sec
[TwinWall] projected 5 node(s)
Step =    642: nodes = 3658, dt = 2.670921e-10, strain = 1.729380e-03, elapsed = 98.3 sec
[TwinWall] projected 5 node(s)
Step =    643: nodes = 3658, dt = 3.205106e-10, strain = 1.732585e-03, elapsed = 98.5 sec
[TwinWall] projected 5 node(s)
Step =    644: nodes = 3658, dt = 3.846127e-10, strain = 1.736431e-03, elapsed = 98.7 sec
[TwinWall] projected 5 node(s)
Step =    645: nodes = 3658, dt = 2.307676e-10, strain = 1.738739e-03, elapsed = 98.8 sec
[TwinWall] projected 5 node(s)
Step =    646: nodes = 3660, dt = 2.307676e-10, strain = 1.741046e-03, elapsed = 99.0 sec
[TwinWall] projected 5 node(s)
Step =    647: nodes = 3659, dt = 2.769211e-10, strain = 1.743816e-03, elapsed = 99.2 sec
[TwinWall] projected 5 node(s)
Step =    648: nodes = 3659, dt = 3.323053e-10, strain = 1.747139e-03, elapsed = 99.3 sec
[TwinWall] projected 5 node(s)
Step =    649: nodes = 3653, dt = 3.987664e-10, strain = 1.751126e-03, elapsed = 99.5 sec
[TwinWall] projected 5 node(s)
Step =    650: nodes = 3652, dt = 2.392598e-10, strain = 1.753519e-03, elapsed = 99.7 sec
[TwinWall] projected 4 node(s)
Step =    651: nodes = 3652, dt = 2.392598e-10, strain = 1.755912e-03, elapsed = 99.8 sec
[TwinWall] projected 5 node(s)
Step =    652: nodes = 3658, dt = 2.871118e-10, strain = 1.758783e-03, elapsed = 100.0 sec
[TwinWall] projected 5 node(s)
Step =    653: nodes = 3663, dt = 1.722671e-10, strain = 1.760505e-03, elapsed = 100.5 sec
[TwinWall] projected 5 node(s)
Step =    654: nodes = 3665, dt = 1.722671e-10, strain = 1.762228e-03, elapsed = 100.6 sec
[TwinWall] projected 5 node(s)
Step =    655: nodes = 3666, dt = 2.067205e-10, strain = 1.764295e-03, elapsed = 100.8 sec
[TwinWall] projected 5 node(s)
Step =    656: nodes = 3667, dt = 2.480646e-10, strain = 1.766776e-03, elapsed = 100.9 sec
[TwinWall] projected 5 node(s)
Step =    657: nodes = 3665, dt = 2.976775e-10, strain = 1.769753e-03, elapsed = 101.1 sec
[TwinWall] projected 5 node(s)
Step =    658: nodes = 3667, dt = 1.786065e-10, strain = 1.771539e-03, elapsed = 101.3 sec
[TwinWall] projected 5 node(s)
Step =    659: nodes = 3670, dt = 1.786065e-10, strain = 1.773325e-03, elapsed = 101.4 sec
[TwinWall] projected 5 node(s)
Step =    660: nodes = 3673, dt = 2.143278e-10, strain = 1.775468e-03, elapsed = 101.6 sec
[TwinWall] projected 5 node(s)
Step =    661: nodes = 3676, dt = 2.571934e-10, strain = 1.778040e-03, elapsed = 101.7 sec
[TwinWall] projected 5 node(s)
Step =    662: nodes = 3675, dt = 3.086321e-10, strain = 1.781126e-03, elapsed = 101.9 sec
[TwinWall] projected 4 node(s)
Step =    663: nodes = 3673, dt = 1.851792e-10, strain = 1.782978e-03, elapsed = 102.1 sec
[TwinWall] projected 5 node(s)
Step =    664: nodes = 3679, dt = 1.851792e-10, strain = 1.784830e-03, elapsed = 102.3 sec
[TwinWall] projected 5 node(s)
Step =    665: nodes = 3685, dt = 2.222151e-10, strain = 1.787052e-03, elapsed = 102.4 sec
[TwinWall] projected 4 node(s)
Step =    666: nodes = 3687, dt = 2.666581e-10, strain = 1.789719e-03, elapsed = 102.6 sec
[TwinWall] projected 6 node(s)
Step =    667: nodes = 3688, dt = 3.199897e-10, strain = 1.792919e-03, elapsed = 102.7 sec
[TwinWall] projected 5 node(s)
Step =    668: nodes = 3689, dt = 1.919938e-10, strain = 1.794838e-03, elapsed = 102.9 sec
[TwinWall] projected 4 node(s)
Step =    669: nodes = 3689, dt = 1.919938e-10, strain = 1.796758e-03, elapsed = 103.1 sec
[TwinWall] projected 6 node(s)
Step =    670: nodes = 3691, dt = 2.303926e-10, strain = 1.799062e-03, elapsed = 103.2 sec
[TwinWall] projected 5 node(s)
Step =    671: nodes = 3693, dt = 2.764711e-10, strain = 1.801827e-03, elapsed = 103.4 sec
[TwinWall] projected 6 node(s)
Step =    672: nodes = 3694, dt = 1.658827e-10, strain = 1.803486e-03, elapsed = 103.6 sec
[TwinWall] projected 5 node(s)
Step =    673: nodes = 3697, dt = 1.658827e-10, strain = 1.805145e-03, elapsed = 103.7 sec
[TwinWall] projected 6 node(s)
Step =    674: nodes = 3702, dt = 1.990592e-10, strain = 1.807135e-03, elapsed = 103.9 sec
[TwinWall] projected 5 node(s)
Step =    675: nodes = 3702, dt = 2.388710e-10, strain = 1.809524e-03, elapsed = 104.0 sec
[TwinWall] projected 5 node(s)
Step =    676: nodes = 3701, dt = 2.866453e-10, strain = 1.812390e-03, elapsed = 104.2 sec
[TwinWall] projected 5 node(s)
Step =    677: nodes = 3704, dt = 1.719872e-10, strain = 1.814110e-03, elapsed = 104.4 sec
[TwinWall] projected 6 node(s)
Step =    678: nodes = 3707, dt = 1.719872e-10, strain = 1.815830e-03, elapsed = 104.5 sec
[TwinWall] projected 3 node(s)
Step =    679: nodes = 3705, dt = 2.063846e-10, strain = 1.817894e-03, elapsed = 104.7 sec
[TwinWall] projected 6 node(s)
Step =    680: nodes = 3706, dt = 2.476615e-10, strain = 1.820371e-03, elapsed = 104.8 sec
[TwinWall] projected 4 node(s)
Step =    681: nodes = 3705, dt = 2.971938e-10, strain = 1.823343e-03, elapsed = 105.0 sec
[TwinWall] projected 5 node(s)
Step =    682: nodes = 3702, dt = 3.566326e-10, strain = 1.826909e-03, elapsed = 105.2 sec
[TwinWall] projected 4 node(s)
Step =    683: nodes = 3703, dt = 2.139795e-10, strain = 1.829049e-03, elapsed = 105.3 sec
[TwinWall] projected 5 node(s)
Step =    684: nodes = 3702, dt = 2.139795e-10, strain = 1.831188e-03, elapsed = 105.5 sec
[TwinWall] projected 5 node(s)
Step =    685: nodes = 3704, dt = 2.567754e-10, strain = 1.833756e-03, elapsed = 105.6 sec
[TwinWall] projected 4 node(s)
Step =    686: nodes = 3703, dt = 3.081305e-10, strain = 1.836838e-03, elapsed = 105.8 sec
[TwinWall] projected 4 node(s)
Step =    687: nodes = 3699, dt = 3.697566e-10, strain = 1.840535e-03, elapsed = 106.0 sec
[TwinWall] projected 4 node(s)
Step =    688: nodes = 3701, dt = 2.218540e-10, strain = 1.842754e-03, elapsed = 106.2 sec
[TwinWall] projected 4 node(s)
Step =    689: nodes = 3702, dt = 2.218540e-10, strain = 1.844972e-03, elapsed = 106.3 sec
[TwinWall] projected 4 node(s)
Step =    690: nodes = 3698, dt = 2.662248e-10, strain = 1.847634e-03, elapsed = 106.5 sec
[TwinWall] projected 4 node(s)
Step =    691: nodes = 3702, dt = 3.194697e-10, strain = 1.850829e-03, elapsed = 106.7 sec
[TwinWall] projected 4 node(s)
Step =    692: nodes = 3702, dt = 3.833637e-10, strain = 1.854663e-03, elapsed = 106.8 sec
[TwinWall] projected 4 node(s)
Step =    693: nodes = 3703, dt = 2.300182e-10, strain = 1.856963e-03, elapsed = 107.0 sec
[TwinWall] projected 4 node(s)
Step =    694: nodes = 3705, dt = 2.300182e-10, strain = 1.859263e-03, elapsed = 107.2 sec
[TwinWall] projected 4 node(s)
Step =    695: nodes = 3701, dt = 2.760219e-10, strain = 1.862023e-03, elapsed = 107.4 sec
[TwinWall] projected 4 node(s)
Step =    696: nodes = 3696, dt = 3.312262e-10, strain = 1.865336e-03, elapsed = 107.5 sec
[TwinWall] projected 4 node(s)
Step =    697: nodes = 3692, dt = 3.974715e-10, strain = 1.869310e-03, elapsed = 107.7 sec
[TwinWall] projected 4 node(s)
Step =    698: nodes = 3689, dt = 2.384829e-10, strain = 1.871695e-03, elapsed = 107.9 sec
[TwinWall] projected 4 node(s)
Step =    699: nodes = 3686, dt = 2.384829e-10, strain = 1.874080e-03, elapsed = 108.1 sec
[TwinWall] projected 4 node(s)
Step =    700: nodes = 3688, dt = 2.861795e-10, strain = 1.876942e-03, elapsed = 108.2 sec
Writing configuration in legacy data format
 Output file: /data/home/dg000246b/openDIS/HomeWork/output_Cu_twin_rorient/config.700.data
Writing restart file
 Restart file: /data/home/dg000246b/openDIS/HomeWork/output_Cu_twin_rorient/restart.700.exadis
[TwinWall] projected 4 node(s)
Step =    701: nodes = 3690, dt = 3.434153e-10, strain = 1.880376e-03, elapsed = 108.4 sec
[TwinWall] projected 4 node(s)
Step =    702: nodes = 3691, dt = 2.060492e-10, strain = 1.882436e-03, elapsed = 108.6 sec
[TwinWall] projected 5 node(s)
Step =    703: nodes = 3692, dt = 2.060492e-10, strain = 1.884497e-03, elapsed = 108.8 sec
[TwinWall] projected 5 node(s)
Step =    704: nodes = 3694, dt = 2.472591e-10, strain = 1.886970e-03, elapsed = 108.9 sec
[TwinWall] projected 6 node(s)
Step =    705: nodes = 3704, dt = 2.967109e-10, strain = 1.889937e-03, elapsed = 109.1 sec
[TwinWall] projected 6 node(s)
Step =    706: nodes = 3706, dt = 1.780265e-10, strain = 1.891717e-03, elapsed = 109.3 sec
[TwinWall] projected 5 node(s)
Step =    707: nodes = 3709, dt = 1.780265e-10, strain = 1.893497e-03, elapsed = 109.4 sec
[TwinWall] projected 4 node(s)
Step =    708: nodes = 3713, dt = 2.136318e-10, strain = 1.895633e-03, elapsed = 109.6 sec
[TwinWall] projected 5 node(s)
Step =    709: nodes = 3714, dt = 2.563582e-10, strain = 1.898197e-03, elapsed = 109.8 sec
[TwinWall] projected 4 node(s)
Step =    710: nodes = 3715, dt = 3.076298e-10, strain = 1.901273e-03, elapsed = 109.9 sec
[TwinWall] projected 5 node(s)
Step =    711: nodes = 3719, dt = 3.691558e-10, strain = 1.904965e-03, elapsed = 110.1 sec
[TwinWall] projected 7 node(s)
Step =    712: nodes = 3728, dt = 2.214935e-10, strain = 1.907180e-03, elapsed = 110.3 sec
[TwinWall] projected 7 node(s)
Step =    713: nodes = 3733, dt = 2.214935e-10, strain = 1.909395e-03, elapsed = 110.4 sec
[TwinWall] projected 7 node(s)
Step =    714: nodes = 3734, dt = 2.657922e-10, strain = 1.912053e-03, elapsed = 110.6 sec
[TwinWall] projected 5 node(s)
Step =    715: nodes = 3732, dt = 3.189506e-10, strain = 1.915242e-03, elapsed = 110.8 sec
[TwinWall] projected 5 node(s)
Step =    716: nodes = 3734, dt = 1.913704e-10, strain = 1.917156e-03, elapsed = 111.0 sec
[TwinWall] projected 5 node(s)
Step =    717: nodes = 3736, dt = 1.913704e-10, strain = 1.919070e-03, elapsed = 111.1 sec
[TwinWall] projected 5 node(s)
Step =    718: nodes = 3739, dt = 2.296444e-10, strain = 1.921366e-03, elapsed = 111.3 sec
[TwinWall] projected 5 node(s)
Step =    719: nodes = 3747, dt = 2.755733e-10, strain = 1.924122e-03, elapsed = 111.4 sec
[TwinWall] projected 5 node(s)
Step =    720: nodes = 3742, dt = 3.306880e-10, strain = 1.927429e-03, elapsed = 111.6 sec
[TwinWall] projected 4 node(s)
Step =    721: nodes = 3742, dt = 1.984128e-10, strain = 1.929413e-03, elapsed = 111.8 sec
[TwinWall] projected 4 node(s)
Step =    722: nodes = 3743, dt = 1.984128e-10, strain = 1.931397e-03, elapsed = 111.9 sec
[TwinWall] projected 4 node(s)
Step =    723: nodes = 3741, dt = 2.380953e-10, strain = 1.933778e-03, elapsed = 112.1 sec
[TwinWall] projected 4 node(s)
Step =    724: nodes = 3737, dt = 2.857144e-10, strain = 1.936635e-03, elapsed = 112.3 sec
[TwinWall] projected 2 node(s)
Step =    725: nodes = 3736, dt = 1.714286e-10, strain = 1.938349e-03, elapsed = 112.5 sec
[TwinWall] projected 3 node(s)
Step =    726: nodes = 3735, dt = 1.714286e-10, strain = 1.940064e-03, elapsed = 112.6 sec
[TwinWall] projected 4 node(s)
Step =    727: nodes = 3736, dt = 2.057144e-10, strain = 1.942121e-03, elapsed = 112.8 sec
[TwinWall] projected 4 node(s)
Step =    728: nodes = 3741, dt = 2.468573e-10, strain = 1.944589e-03, elapsed = 112.9 sec
[TwinWall] projected 4 node(s)
Step =    729: nodes = 3740, dt = 2.962287e-10, strain = 1.947552e-03, elapsed = 113.1 sec
[TwinWall] projected 4 node(s)
Step =    730: nodes = 3736, dt = 3.554744e-10, strain = 1.951106e-03, elapsed = 113.3 sec
[TwinWall] projected 3 node(s)
Step =    731: nodes = 3739, dt = 2.132847e-10, strain = 1.953239e-03, elapsed = 113.5 sec
[TwinWall] projected 4 node(s)
Step =    732: nodes = 3740, dt = 2.132847e-10, strain = 1.955372e-03, elapsed = 113.6 sec
[TwinWall] projected 4 node(s)
Step =    733: nodes = 3739, dt = 2.559416e-10, strain = 1.957931e-03, elapsed = 113.8 sec
[TwinWall] projected 4 node(s)
Step =    734: nodes = 3734, dt = 3.071299e-10, strain = 1.961003e-03, elapsed = 113.9 sec
[TwinWall] projected 4 node(s)
Step =    735: nodes = 3734, dt = 3.685559e-10, strain = 1.964688e-03, elapsed = 114.1 sec
[TwinWall] projected 4 node(s)
Step =    736: nodes = 3739, dt = 2.211335e-10, strain = 1.966900e-03, elapsed = 114.3 sec
[TwinWall] projected 4 node(s)
Step =    737: nodes = 3736, dt = 2.211335e-10, strain = 1.969111e-03, elapsed = 114.5 sec
[TwinWall] projected 4 node(s)
Step =    738: nodes = 3736, dt = 2.653603e-10, strain = 1.971765e-03, elapsed = 114.6 sec
[TwinWall] projected 4 node(s)
Step =    739: nodes = 3740, dt = 3.184323e-10, strain = 1.974949e-03, elapsed = 114.8 sec
[TwinWall] projected 4 node(s)
Step =    740: nodes = 3739, dt = 1.910594e-10, strain = 1.976859e-03, elapsed = 115.0 sec
[TwinWall] projected 4 node(s)
Step =    741: nodes = 3741, dt = 1.910594e-10, strain = 1.978770e-03, elapsed = 115.1 sec
[TwinWall] projected 4 node(s)
Step =    742: nodes = 3739, dt = 2.292713e-10, strain = 1.981063e-03, elapsed = 115.3 sec
[TwinWall] projected 4 node(s)
Step =    743: nodes = 3742, dt = 2.751255e-10, strain = 1.983814e-03, elapsed = 115.5 sec
[TwinWall] projected 4 node(s)
Step =    744: nodes = 3744, dt = 3.301506e-10, strain = 1.987116e-03, elapsed = 115.6 sec
[TwinWall] projected 5 node(s)
Step =    745: nodes = 3741, dt = 3.961807e-10, strain = 1.991077e-03, elapsed = 115.8 sec
[TwinWall] projected 4 node(s)
Step =    746: nodes = 3740, dt = 2.377084e-10, strain = 1.993454e-03, elapsed = 116.0 sec
[TwinWall] projected 4 node(s)
Step =    747: nodes = 3744, dt = 2.377084e-10, strain = 1.995832e-03, elapsed = 116.2 sec
[TwinWall] projected 4 node(s)
Step =    748: nodes = 3742, dt = 2.852501e-10, strain = 1.998684e-03, elapsed = 116.3 sec
[TwinWall] projected 4 node(s)
Step =    749: nodes = 3740, dt = 1.711501e-10, strain = 2.000396e-03, elapsed = 116.5 sec
[TwinWall] projected 3 node(s)
Step =    750: nodes = 3742, dt = 1.711501e-10, strain = 2.002107e-03, elapsed = 116.7 sec
[TwinWall] projected 4 node(s)
Step =    751: nodes = 3745, dt = 2.053801e-10, strain = 2.004161e-03, elapsed = 116.8 sec
[TwinWall] projected 4 node(s)
Step =    752: nodes = 3746, dt = 2.464561e-10, strain = 2.006625e-03, elapsed = 117.0 sec
[TwinWall] projected 4 node(s)
Step =    753: nodes = 3745, dt = 2.957473e-10, strain = 2.009583e-03, elapsed = 117.2 sec
[TwinWall] projected 4 node(s)
Step =    754: nodes = 3745, dt = 1.774484e-10, strain = 2.011357e-03, elapsed = 117.3 sec
[TwinWall] projected 4 node(s)
Step =    755: nodes = 3747, dt = 1.774484e-10, strain = 2.013132e-03, elapsed = 117.5 sec
[TwinWall] projected 4 node(s)
Step =    756: nodes = 3748, dt = 2.129381e-10, strain = 2.015261e-03, elapsed = 117.6 sec
[TwinWall] projected 5 node(s)
Step =    757: nodes = 3748, dt = 2.555257e-10, strain = 2.017816e-03, elapsed = 117.8 sec
[TwinWall] projected 5 node(s)
Step =    758: nodes = 3748, dt = 3.066308e-10, strain = 2.020883e-03, elapsed = 118.0 sec
[TwinWall] projected 5 node(s)
Step =    759: nodes = 3752, dt = 3.679570e-10, strain = 2.024562e-03, elapsed = 118.2 sec
[TwinWall] projected 5 node(s)
Step =    760: nodes = 3754, dt = 2.207742e-10, strain = 2.026770e-03, elapsed = 118.3 sec
[TwinWall] projected 5 node(s)
Step =    761: nodes = 3749, dt = 2.207742e-10, strain = 2.028978e-03, elapsed = 118.5 sec
[TwinWall] projected 5 node(s)
Step =    762: nodes = 3748, dt = 2.649290e-10, strain = 2.031627e-03, elapsed = 118.6 sec
[TwinWall] projected 5 node(s)
Step =    763: nodes = 3746, dt = 3.179148e-10, strain = 2.034806e-03, elapsed = 118.8 sec
[TwinWall] projected 5 node(s)
Step =    764: nodes = 3742, dt = 3.814978e-10, strain = 2.038621e-03, elapsed = 119.0 sec
[TwinWall] projected 5 node(s)
Step =    765: nodes = 3746, dt = 2.288987e-10, strain = 2.040910e-03, elapsed = 119.2 sec
[TwinWall] projected 5 node(s)
Step =    766: nodes = 3747, dt = 2.288987e-10, strain = 2.043199e-03, elapsed = 119.3 sec
[TwinWall] projected 5 node(s)
Step =    767: nodes = 3750, dt = 2.746784e-10, strain = 2.045946e-03, elapsed = 119.5 sec
[TwinWall] projected 6 node(s)
Step =    768: nodes = 3750, dt = 3.296141e-10, strain = 2.049242e-03, elapsed = 119.7 sec
[TwinWall] projected 5 node(s)
Step =    769: nodes = 3749, dt = 1.977685e-10, strain = 2.051220e-03, elapsed = 119.8 sec
[TwinWall] projected 4 node(s)
Step =    770: nodes = 3747, dt = 1.977685e-10, strain = 2.053198e-03, elapsed = 120.0 sec
[TwinWall] projected 6 node(s)
Step =    771: nodes = 3744, dt = 2.373222e-10, strain = 2.055571e-03, elapsed = 120.2 sec
[TwinWall] projected 6 node(s)
Step =    772: nodes = 3744, dt = 2.847866e-10, strain = 2.058419e-03, elapsed = 120.3 sec
[TwinWall] projected 5 node(s)
Step =    773: nodes = 3743, dt = 1.708720e-10, strain = 2.060127e-03, elapsed = 120.5 sec
[TwinWall] projected 4 node(s)
Step =    774: nodes = 3746, dt = 1.708720e-10, strain = 2.061836e-03, elapsed = 120.6 sec
[TwinWall] projected 4 node(s)
Step =    775: nodes = 3748, dt = 2.050463e-10, strain = 2.063887e-03, elapsed = 120.8 sec
[TwinWall] projected 6 node(s)
Step =    776: nodes = 3750, dt = 2.460556e-10, strain = 2.066347e-03, elapsed = 121.0 sec
[TwinWall] projected 5 node(s)
Step =    777: nodes = 3752, dt = 2.952667e-10, strain = 2.069300e-03, elapsed = 121.1 sec
[TwinWall] projected 4 node(s)
Step =    778: nodes = 3753, dt = 1.771600e-10, strain = 2.071071e-03, elapsed = 121.3 sec
[TwinWall] projected 5 node(s)
Step =    779: nodes = 3755, dt = 1.771600e-10, strain = 2.072843e-03, elapsed = 121.5 sec
[TwinWall] projected 5 node(s)
Step =    780: nodes = 3756, dt = 2.125921e-10, strain = 2.074969e-03, elapsed = 121.6 sec
[TwinWall] projected 11 node(s)
Step =    781: nodes = 3758, dt = 2.551105e-10, strain = 2.077520e-03, elapsed = 121.8 sec
[TwinWall] projected 10 node(s)
Step =    782: nodes = 3758, dt = 1.530663e-10, strain = 2.079051e-03, elapsed = 122.0 sec
[TwinWall] projected 13 node(s)
Step =    783: nodes = 3761, dt = 1.530663e-10, strain = 2.080581e-03, elapsed = 122.1 sec
[TwinWall] projected 13 node(s)
Step =    784: nodes = 3766, dt = 1.836795e-10, strain = 2.082418e-03, elapsed = 122.3 sec
[TwinWall] projected 16 node(s)
Step =    785: nodes = 3767, dt = 2.204154e-10, strain = 2.084622e-03, elapsed = 122.4 sec
[TwinWall] projected 17 node(s)
Step =    786: nodes = 3766, dt = 2.644985e-10, strain = 2.087267e-03, elapsed = 122.6 sec
[TwinWall] projected 18 node(s)
Step =    787: nodes = 3769, dt = 1.586991e-10, strain = 2.088854e-03, elapsed = 122.8 sec
[TwinWall] projected 18 node(s)
Step =    788: nodes = 3771, dt = 1.586991e-10, strain = 2.090441e-03, elapsed = 122.9 sec
[TwinWall] projected 20 node(s)
Step =    789: nodes = 3772, dt = 1.904389e-10, strain = 2.092346e-03, elapsed = 123.1 sec
[TwinWall] projected 19 node(s)
Step =    790: nodes = 3775, dt = 2.285267e-10, strain = 2.094631e-03, elapsed = 123.2 sec
[TwinWall] projected 22 node(s)
Step =    791: nodes = 3774, dt = 2.742321e-10, strain = 2.097373e-03, elapsed = 123.4 sec
[TwinWall] projected 22 node(s)
Step =    792: nodes = 3776, dt = 1.645392e-10, strain = 2.099019e-03, elapsed = 123.6 sec
[TwinWall] projected 20 node(s)
Step =    793: nodes = 3777, dt = 1.645392e-10, strain = 2.100664e-03, elapsed = 123.7 sec
[TwinWall] projected 20 node(s)
Step =    794: nodes = 3777, dt = 1.974471e-10, strain = 2.102638e-03, elapsed = 123.9 sec
[TwinWall] projected 21 node(s)
Step =    795: nodes = 3778, dt = 2.369365e-10, strain = 2.105008e-03, elapsed = 124.0 sec
[TwinWall] projected 23 node(s)
Step =    796: nodes = 3779, dt = 2.843238e-10, strain = 2.107851e-03, elapsed = 124.2 sec
[TwinWall] projected 23 node(s)
Step =    797: nodes = 3777, dt = 1.705943e-10, strain = 2.109557e-03, elapsed = 124.4 sec
[TwinWall] projected 23 node(s)
Step =    798: nodes = 3777, dt = 1.705943e-10, strain = 2.111263e-03, elapsed = 124.5 sec
[TwinWall] projected 21 node(s)
Step =    799: nodes = 3784, dt = 2.047131e-10, strain = 2.113310e-03, elapsed = 124.7 sec
[TwinWall] projected 24 node(s)
Step =    800: nodes = 3782, dt = 2.456558e-10, strain = 2.115767e-03, elapsed = 124.8 sec
Writing configuration in legacy data format
 Output file: /data/home/dg000246b/openDIS/HomeWork/output_Cu_twin_rorient/config.800.data
Writing restart file
 Restart file: /data/home/dg000246b/openDIS/HomeWork/output_Cu_twin_rorient/restart.800.exadis
[TwinWall] projected 24 node(s)
Step =    801: nodes = 3778, dt = 2.947869e-10, strain = 2.118714e-03, elapsed = 125.1 sec
[TwinWall] projected 25 node(s)
Step =    802: nodes = 3780, dt = 1.768722e-10, strain = 2.120483e-03, elapsed = 125.3 sec
[TwinWall] projected 26 node(s)
Step =    803: nodes = 3782, dt = 1.768722e-10, strain = 2.122252e-03, elapsed = 125.4 sec
[TwinWall] projected 26 node(s)
Step =    804: nodes = 3791, dt = 2.122466e-10, strain = 2.124374e-03, elapsed = 125.6 sec
[TwinWall] projected 25 node(s)
Step =    805: nodes = 3793, dt = 2.546959e-10, strain = 2.126921e-03, elapsed = 125.7 sec
[TwinWall] projected 25 node(s)
Step =    806: nodes = 3789, dt = 3.056351e-10, strain = 2.129978e-03, elapsed = 125.9 sec
[TwinWall] projected 25 node(s)
Step =    807: nodes = 3790, dt = 1.833811e-10, strain = 2.131812e-03, elapsed = 126.1 sec
[TwinWall] projected 24 node(s)
Step =    808: nodes = 3791, dt = 1.833811e-10, strain = 2.133645e-03, elapsed = 126.2 sec
[TwinWall] projected 25 node(s)
Step =    809: nodes = 3788, dt = 2.200573e-10, strain = 2.135846e-03, elapsed = 126.4 sec
[TwinWall] projected 24 node(s)
Step =    810: nodes = 3789, dt = 2.640687e-10, strain = 2.138487e-03, elapsed = 126.6 sec
[TwinWall] projected 24 node(s)
Step =    811: nodes = 3791, dt = 1.584412e-10, strain = 2.140071e-03, elapsed = 126.8 sec
[TwinWall] projected 24 node(s)
Step =    812: nodes = 3794, dt = 1.584412e-10, strain = 2.141655e-03, elapsed = 126.9 sec
[TwinWall] projected 25 node(s)
Step =    813: nodes = 3798, dt = 1.901295e-10, strain = 2.143557e-03, elapsed = 127.0 sec
[TwinWall] projected 26 node(s)
Step =    814: nodes = 3807, dt = 2.281554e-10, strain = 2.145838e-03, elapsed = 127.2 sec
[TwinWall] projected 27 node(s)
Step =    815: nodes = 3809, dt = 2.737864e-10, strain = 2.148576e-03, elapsed = 127.4 sec
[TwinWall] projected 24 node(s)
Step =    816: nodes = 3811, dt = 1.642719e-10, strain = 2.150219e-03, elapsed = 127.6 sec
[TwinWall] projected 27 node(s)
Step =    817: nodes = 3811, dt = 1.642719e-10, strain = 2.151862e-03, elapsed = 127.7 sec
[TwinWall] projected 26 node(s)
Step =    818: nodes = 3807, dt = 1.971262e-10, strain = 2.153833e-03, elapsed = 127.9 sec
[TwinWall] projected 26 node(s)
Step =    819: nodes = 3807, dt = 2.365515e-10, strain = 2.156198e-03, elapsed = 128.0 sec
[TwinWall] projected 26 node(s)
Step =    820: nodes = 3804, dt = 2.838618e-10, strain = 2.159037e-03, elapsed = 128.2 sec
[TwinWall] projected 25 node(s)
Step =    821: nodes = 3807, dt = 1.703171e-10, strain = 2.160740e-03, elapsed = 128.4 sec
[TwinWall] projected 26 node(s)
Step =    822: nodes = 3807, dt = 1.703171e-10, strain = 2.162443e-03, elapsed = 128.5 sec
[TwinWall] projected 28 node(s)
Step =    823: nodes = 3810, dt = 2.043805e-10, strain = 2.164487e-03, elapsed = 128.7 sec
[TwinWall] projected 26 node(s)
Step =    824: nodes = 3812, dt = 2.452566e-10, strain = 2.166940e-03, elapsed = 128.8 sec
[TwinWall] projected 28 node(s)
Step =    825: nodes = 3811, dt = 2.943079e-10, strain = 2.169883e-03, elapsed = 129.0 sec
[TwinWall] projected 28 node(s)
Step =    826: nodes = 3808, dt = 1.765847e-10, strain = 2.171649e-03, elapsed = 129.2 sec
[TwinWall] projected 28 node(s)
Step =    827: nodes = 3807, dt = 1.765847e-10, strain = 2.173414e-03, elapsed = 129.4 sec
[TwinWall] projected 29 node(s)
Step =    828: nodes = 3807, dt = 2.119017e-10, strain = 2.175533e-03, elapsed = 129.5 sec
[TwinWall] projected 29 node(s)
Step =    829: nodes = 3808, dt = 2.542820e-10, strain = 2.178076e-03, elapsed = 129.7 sec
[TwinWall] projected 26 node(s)
Step =    830: nodes = 3809, dt = 1.525692e-10, strain = 2.179602e-03, elapsed = 129.8 sec
[TwinWall] projected 27 node(s)
Step =    831: nodes = 3812, dt = 1.525692e-10, strain = 2.181128e-03, elapsed = 130.0 sec
[TwinWall] projected 27 node(s)
Step =    832: nodes = 3817, dt = 1.830831e-10, strain = 2.182959e-03, elapsed = 130.4 sec
[TwinWall] projected 29 node(s)
Step =    833: nodes = 3820, dt = 2.196997e-10, strain = 2.185156e-03, elapsed = 130.6 sec
[TwinWall] projected 29 node(s)
Step =    834: nodes = 3818, dt = 2.636396e-10, strain = 2.187792e-03, elapsed = 130.8 sec
[TwinWall] projected 27 node(s)
Step =    835: nodes = 3818, dt = 1.581838e-10, strain = 2.189374e-03, elapsed = 131.0 sec
[TwinWall] projected 29 node(s)
Step =    836: nodes = 3819, dt = 1.581838e-10, strain = 2.190956e-03, elapsed = 131.1 sec
[TwinWall] projected 27 node(s)
Step =    837: nodes = 3819, dt = 1.898205e-10, strain = 2.192854e-03, elapsed = 131.3 sec
[TwinWall] projected 28 node(s)
Step =    838: nodes = 3817, dt = 2.277846e-10, strain = 2.195132e-03, elapsed = 131.5 sec
[TwinWall] projected 30 node(s)
Step =    839: nodes = 3816, dt = 2.733415e-10, strain = 2.197865e-03, elapsed = 131.6 sec
[TwinWall] projected 28 node(s)
Step =    840: nodes = 3819, dt = 1.640049e-10, strain = 2.199505e-03, elapsed = 131.8 sec
[TwinWall] projected 28 node(s)
Step =    841: nodes = 3819, dt = 1.640049e-10, strain = 2.201145e-03, elapsed = 132.0 sec
[TwinWall] projected 28 node(s)
Step =    842: nodes = 3826, dt = 1.968059e-10, strain = 2.203113e-03, elapsed = 132.1 sec
[TwinWall] projected 29 node(s)
Step =    843: nodes = 3831, dt = 2.361671e-10, strain = 2.205475e-03, elapsed = 132.3 sec
[TwinWall] projected 31 node(s)
Step =    844: nodes = 3830, dt = 2.834005e-10, strain = 2.208309e-03, elapsed = 132.5 sec
[TwinWall] projected 31 node(s)
Step =    845: nodes = 3829, dt = 1.700403e-10, strain = 2.210009e-03, elapsed = 132.7 sec
[TwinWall] projected 30 node(s)
Step =    846: nodes = 3831, dt = 1.700403e-10, strain = 2.211710e-03, elapsed = 132.8 sec
[TwinWall] projected 30 node(s)
Step =    847: nodes = 3831, dt = 2.040484e-10, strain = 2.213750e-03, elapsed = 133.0 sec
[TwinWall] projected 31 node(s)
Step =    848: nodes = 3830, dt = 2.448580e-10, strain = 2.216199e-03, elapsed = 133.1 sec
[TwinWall] projected 31 node(s)
Step =    849: nodes = 3832, dt = 2.938297e-10, strain = 2.219137e-03, elapsed = 133.3 sec
[TwinWall] projected 30 node(s)
Step =    850: nodes = 3834, dt = 1.762978e-10, strain = 2.220900e-03, elapsed = 133.5 sec
[TwinWall] projected 28 node(s)
Step =    851: nodes = 3838, dt = 1.762978e-10, strain = 2.222663e-03, elapsed = 133.7 sec
[TwinWall] projected 29 node(s)
Step =    852: nodes = 3842, dt = 2.115574e-10, strain = 2.224779e-03, elapsed = 133.8 sec
[TwinWall] projected 30 node(s)
Step =    853: nodes = 3843, dt = 2.538688e-10, strain = 2.227317e-03, elapsed = 134.0 sec
[TwinWall] projected 31 node(s)
Step =    854: nodes = 3846, dt = 3.046426e-10, strain = 2.230364e-03, elapsed = 134.2 sec
[TwinWall] projected 31 node(s)
Step =    855: nodes = 3845, dt = 1.827856e-10, strain = 2.232192e-03, elapsed = 134.4 sec
[TwinWall] projected 31 node(s)
Step =    856: nodes = 3844, dt = 1.827856e-10, strain = 2.234019e-03, elapsed = 134.5 sec
[TwinWall] projected 33 node(s)
Step =    857: nodes = 3843, dt = 2.193427e-10, strain = 2.236213e-03, elapsed = 134.7 sec
[TwinWall] projected 33 node(s)
Step =    858: nodes = 3840, dt = 2.632112e-10, strain = 2.238845e-03, elapsed = 134.8 sec
[TwinWall] projected 33 node(s)
Step =    859: nodes = 3839, dt = 3.158534e-10, strain = 2.242003e-03, elapsed = 135.0 sec
[TwinWall] projected 33 node(s)
Step =    860: nodes = 3842, dt = 1.895121e-10, strain = 2.243899e-03, elapsed = 135.2 sec
[TwinWall] projected 31 node(s)
Step =    861: nodes = 3841, dt = 1.895121e-10, strain = 2.245794e-03, elapsed = 135.4 sec
[TwinWall] projected 33 node(s)
Step =    862: nodes = 3846, dt = 2.274145e-10, strain = 2.248068e-03, elapsed = 135.5 sec
[TwinWall] projected 32 node(s)
Step =    863: nodes = 3844, dt = 2.728974e-10, strain = 2.250797e-03, elapsed = 135.7 sec
[TwinWall] projected 31 node(s)
Step =    864: nodes = 3846, dt = 1.637384e-10, strain = 2.252434e-03, elapsed = 135.9 sec
[TwinWall] projected 31 node(s)
Step =    865: nodes = 3847, dt = 1.637384e-10, strain = 2.254072e-03, elapsed = 136.0 sec
[TwinWall] projected 32 node(s)
Step =    866: nodes = 3846, dt = 1.964861e-10, strain = 2.256036e-03, elapsed = 136.2 sec
[TwinWall] projected 35 node(s)
Step =    867: nodes = 3843, dt = 2.357833e-10, strain = 2.258394e-03, elapsed = 136.4 sec
[TwinWall] projected 34 node(s)
Step =    868: nodes = 3841, dt = 2.829400e-10, strain = 2.261224e-03, elapsed = 136.5 sec
[TwinWall] projected 33 node(s)
Step =    869: nodes = 3840, dt = 1.697640e-10, strain = 2.262921e-03, elapsed = 136.7 sec
[TwinWall] projected 33 node(s)
Step =    870: nodes = 3838, dt = 1.697640e-10, strain = 2.264619e-03, elapsed = 136.9 sec
[TwinWall] projected 34 node(s)
Step =    871: nodes = 3838, dt = 2.037168e-10, strain = 2.266656e-03, elapsed = 137.0 sec
[TwinWall] projected 34 node(s)
Step =    872: nodes = 3841, dt = 2.444602e-10, strain = 2.269101e-03, elapsed = 137.2 sec
[TwinWall] projected 35 node(s)
Step =    873: nodes = 3835, dt = 2.933522e-10, strain = 2.272034e-03, elapsed = 137.4 sec
[TwinWall] projected 33 node(s)
Step =    874: nodes = 3838, dt = 1.760113e-10, strain = 2.273794e-03, elapsed = 137.6 sec
[TwinWall] projected 32 node(s)
Step =    875: nodes = 3839, dt = 1.760113e-10, strain = 2.275554e-03, elapsed = 137.7 sec
[TwinWall] projected 33 node(s)
Step =    876: nodes = 3840, dt = 2.112136e-10, strain = 2.277667e-03, elapsed = 137.9 sec
[TwinWall] projected 34 node(s)
Step =    877: nodes = 3841, dt = 2.534563e-10, strain = 2.280201e-03, elapsed = 138.0 sec
[TwinWall] projected 36 node(s)
Step =    878: nodes = 3841, dt = 3.041475e-10, strain = 2.283243e-03, elapsed = 138.2 sec
[TwinWall] projected 33 node(s)
Step =    879: nodes = 3841, dt = 1.824885e-10, strain = 2.285068e-03, elapsed = 138.4 sec
[TwinWall] projected 33 node(s)
Step =    880: nodes = 3840, dt = 1.824885e-10, strain = 2.286892e-03, elapsed = 138.6 sec
[TwinWall] projected 34 node(s)
Step =    881: nodes = 3837, dt = 2.189862e-10, strain = 2.289082e-03, elapsed = 138.7 sec
[TwinWall] projected 34 node(s)
Step =    882: nodes = 3836, dt = 2.627835e-10, strain = 2.291710e-03, elapsed = 138.9 sec
[TwinWall] projected 33 node(s)
Step =    883: nodes = 3838, dt = 1.576701e-10, strain = 2.293287e-03, elapsed = 139.1 sec
[TwinWall] projected 32 node(s)
Step =    884: nodes = 3837, dt = 1.576701e-10, strain = 2.294864e-03, elapsed = 139.2 sec
[TwinWall] projected 33 node(s)
Step =    885: nodes = 3839, dt = 1.892041e-10, strain = 2.296756e-03, elapsed = 139.4 sec
[TwinWall] projected 33 node(s)
Step =    886: nodes = 3842, dt = 2.270449e-10, strain = 2.299026e-03, elapsed = 139.5 sec
[TwinWall] projected 35 node(s)
Step =    887: nodes = 3841, dt = 2.724539e-10, strain = 2.301751e-03, elapsed = 139.7 sec
[TwinWall] projected 35 node(s)
Step =    888: nodes = 3841, dt = 1.634723e-10, strain = 2.303385e-03, elapsed = 139.9 sec
[TwinWall] projected 34 node(s)
Step =    889: nodes = 3841, dt = 1.634723e-10, strain = 2.305020e-03, elapsed = 140.0 sec
[TwinWall] projected 35 node(s)
Step =    890: nodes = 3841, dt = 1.961668e-10, strain = 2.306982e-03, elapsed = 140.2 sec
[TwinWall] projected 35 node(s)
Step =    891: nodes = 3843, dt = 2.354002e-10, strain = 2.309336e-03, elapsed = 140.4 sec
[TwinWall] projected 35 node(s)
Step =    892: nodes = 3843, dt = 2.824802e-10, strain = 2.312160e-03, elapsed = 140.5 sec
[TwinWall] projected 35 node(s)
Step =    893: nodes = 3843, dt = 1.694881e-10, strain = 2.313855e-03, elapsed = 140.7 sec
[TwinWall] projected 34 node(s)
Step =    894: nodes = 3842, dt = 1.694881e-10, strain = 2.315550e-03, elapsed = 140.9 sec
[TwinWall] projected 35 node(s)
Step =    895: nodes = 3842, dt = 2.033858e-10, strain = 2.317584e-03, elapsed = 141.0 sec
[TwinWall] projected 37 node(s)
Step =    896: nodes = 3841, dt = 2.440629e-10, strain = 2.320025e-03, elapsed = 141.2 sec
[TwinWall] projected 36 node(s)
Step =    897: nodes = 3844, dt = 1.464377e-10, strain = 2.321489e-03, elapsed = 141.4 sec
[TwinWall] projected 35 node(s)
Step =    898: nodes = 3844, dt = 1.464377e-10, strain = 2.322953e-03, elapsed = 141.5 sec
[TwinWall] projected 36 node(s)
Step =    899: nodes = 3847, dt = 1.757253e-10, strain = 2.324711e-03, elapsed = 141.7 sec
[TwinWall] projected 35 node(s)
Step =    900: nodes = 3854, dt = 2.108703e-10, strain = 2.326819e-03, elapsed = 141.9 sec
Writing configuration in legacy data format
 Output file: /data/home/dg000246b/openDIS/HomeWork/output_Cu_twin_rorient/config.900.data
Writing restart file
 Restart file: /data/home/dg000246b/openDIS/HomeWork/output_Cu_twin_rorient/restart.900.exadis
[TwinWall] projected 37 node(s)
Step =    901: nodes = 3853, dt = 2.530444e-10, strain = 2.329350e-03, elapsed = 142.1 sec
[TwinWall] projected 38 node(s)
Step =    902: nodes = 3853, dt = 3.036533e-10, strain = 2.332386e-03, elapsed = 142.2 sec
[TwinWall] projected 37 node(s)
Step =    903: nodes = 3852, dt = 1.821920e-10, strain = 2.334208e-03, elapsed = 142.4 sec
[TwinWall] projected 38 node(s)
Step =    904: nodes = 3854, dt = 1.821920e-10, strain = 2.336030e-03, elapsed = 142.6 sec
[TwinWall] projected 40 node(s)
Step =    905: nodes = 3851, dt = 2.186304e-10, strain = 2.338217e-03, elapsed = 142.8 sec
[TwinWall] projected 40 node(s)
Step =    906: nodes = 3849, dt = 2.623565e-10, strain = 2.340840e-03, elapsed = 142.9 sec
[TwinWall] projected 39 node(s)
Step =    907: nodes = 3847, dt = 1.574139e-10, strain = 2.342414e-03, elapsed = 143.1 sec
[TwinWall] projected 38 node(s)
Step =    908: nodes = 3847, dt = 1.574139e-10, strain = 2.343988e-03, elapsed = 143.3 sec
[TwinWall] projected 39 node(s)
Step =    909: nodes = 3849, dt = 1.888966e-10, strain = 2.345877e-03, elapsed = 143.4 sec
[TwinWall] projected 39 node(s)
Step =    910: nodes = 3847, dt = 2.266760e-10, strain = 2.348144e-03, elapsed = 143.6 sec
[TwinWall] projected 40 node(s)
Step =    911: nodes = 3847, dt = 2.720112e-10, strain = 2.350864e-03, elapsed = 143.7 sec
[TwinWall] projected 39 node(s)
Step =    912: nodes = 3851, dt = 1.632067e-10, strain = 2.352496e-03, elapsed = 143.9 sec
[TwinWall] projected 39 node(s)
Step =    913: nodes = 3854, dt = 1.632067e-10, strain = 2.354128e-03, elapsed = 144.1 sec
[TwinWall] projected 37 node(s)
Step =    914: nodes = 3854, dt = 1.958480e-10, strain = 2.356087e-03, elapsed = 144.2 sec
[TwinWall] projected 39 node(s)
Step =    915: nodes = 3853, dt = 2.350176e-10, strain = 2.358437e-03, elapsed = 144.4 sec
[TwinWall] projected 40 node(s)
Step =    916: nodes = 3851, dt = 2.820212e-10, strain = 2.361257e-03, elapsed = 144.6 sec
[TwinWall] projected 41 node(s)
Step =    917: nodes = 3839, dt = 3.384254e-10, strain = 2.364641e-03, elapsed = 144.7 sec
[TwinWall] projected 41 node(s)
Step =    918: nodes = 3842, dt = 2.030552e-10, strain = 2.366672e-03, elapsed = 144.9 sec
[TwinWall] projected 41 node(s)
Step =    919: nodes = 3844, dt = 2.030552e-10, strain = 2.368703e-03, elapsed = 145.1 sec
[TwinWall] projected 41 node(s)
Step =    920: nodes = 3842, dt = 2.436663e-10, strain = 2.371139e-03, elapsed = 145.2 sec
[TwinWall] projected 41 node(s)
Step =    921: nodes = 3841, dt = 2.923996e-10, strain = 2.374063e-03, elapsed = 145.4 sec
[TwinWall] projected 41 node(s)
Step =    922: nodes = 3833, dt = 3.508795e-10, strain = 2.377572e-03, elapsed = 145.6 sec
[TwinWall] projected 41 node(s)
Step =    923: nodes = 3835, dt = 2.105277e-10, strain = 2.379677e-03, elapsed = 145.8 sec
[TwinWall] projected 42 node(s)
Step =    924: nodes = 3840, dt = 2.105277e-10, strain = 2.381783e-03, elapsed = 145.9 sec
[TwinWall] projected 42 node(s)
Step =    925: nodes = 3843, dt = 2.526332e-10, strain = 2.384309e-03, elapsed = 146.1 sec
[TwinWall] projected 41 node(s)
Step =    926: nodes = 3846, dt = 3.031599e-10, strain = 2.387341e-03, elapsed = 146.3 sec
[TwinWall] projected 40 node(s)
Step =    927: nodes = 3850, dt = 1.818959e-10, strain = 2.389159e-03, elapsed = 146.5 sec
[TwinWall] projected 40 node(s)
Step =    928: nodes = 3853, dt = 1.818959e-10, strain = 2.390978e-03, elapsed = 146.6 sec
[TwinWall] projected 41 node(s)
Step =    929: nodes = 3853, dt = 2.182751e-10, strain = 2.393161e-03, elapsed = 146.8 sec
[TwinWall] projected 42 node(s)
Step =    930: nodes = 3847, dt = 2.619301e-10, strain = 2.395781e-03, elapsed = 147.0 sec
[TwinWall] projected 42 node(s)
Step =    931: nodes = 3848, dt = 3.143161e-10, strain = 2.398924e-03, elapsed = 147.1 sec
[TwinWall] projected 39 node(s)
Step =    932: nodes = 3850, dt = 1.885897e-10, strain = 2.400810e-03, elapsed = 147.3 sec
[TwinWall] projected 38 node(s)
Step =    933: nodes = 3856, dt = 1.885897e-10, strain = 2.402695e-03, elapsed = 147.5 sec
[TwinWall] projected 39 node(s)
Step =    934: nodes = 3854, dt = 2.263076e-10, strain = 2.404959e-03, elapsed = 147.7 sec
[TwinWall] projected 40 node(s)
Step =    935: nodes = 3852, dt = 2.715692e-10, strain = 2.407674e-03, elapsed = 147.8 sec
[TwinWall] projected 42 node(s)
Step =    936: nodes = 3850, dt = 3.258830e-10, strain = 2.410933e-03, elapsed = 148.0 sec
[TwinWall] projected 43 node(s)
Step =    937: nodes = 3853, dt = 1.955298e-10, strain = 2.412888e-03, elapsed = 148.2 sec
[TwinWall] projected 43 node(s)
Step =    938: nodes = 3856, dt = 1.955298e-10, strain = 2.414844e-03, elapsed = 148.4 sec
[TwinWall] projected 41 node(s)
Step =    939: nodes = 3847, dt = 2.346357e-10, strain = 2.417190e-03, elapsed = 148.5 sec
[TwinWall] projected 42 node(s)
Step =    940: nodes = 3847, dt = 2.815629e-10, strain = 2.420006e-03, elapsed = 148.7 sec
[TwinWall] projected 40 node(s)
Step =    941: nodes = 3846, dt = 1.689377e-10, strain = 2.421695e-03, elapsed = 148.9 sec
[TwinWall] projected 39 node(s)
Step =    942: nodes = 3847, dt = 1.689377e-10, strain = 2.423384e-03, elapsed = 149.0 sec
[TwinWall] projected 39 node(s)
Step =    943: nodes = 3853, dt = 2.027253e-10, strain = 2.425412e-03, elapsed = 149.2 sec
[TwinWall] projected 42 node(s)
Step =    944: nodes = 3853, dt = 2.432703e-10, strain = 2.427844e-03, elapsed = 149.4 sec
[TwinWall] projected 42 node(s)
Step =    945: nodes = 3850, dt = 2.919244e-10, strain = 2.430764e-03, elapsed = 149.5 sec
[TwinWall] projected 44 node(s)
Step =    946: nodes = 3849, dt = 3.503093e-10, strain = 2.434267e-03, elapsed = 149.7 sec
[TwinWall] projected 42 node(s)
Step =    947: nodes = 3848, dt = 1.050928e-10, strain = 2.435318e-03, elapsed = 149.9 sec
[TwinWall] projected 40 node(s)
Step =    948: nodes = 3848, dt = 1.050928e-10, strain = 2.436369e-03, elapsed = 150.1 sec
[TwinWall] projected 38 node(s)
Step =    949: nodes = 3850, dt = 1.261113e-10, strain = 2.437630e-03, elapsed = 150.3 sec
[TwinWall] projected 42 node(s)
Step =    950: nodes = 3856, dt = 1.513336e-10, strain = 2.439143e-03, elapsed = 150.4 sec
[TwinWall] projected 40 node(s)
Step =    951: nodes = 3859, dt = 1.816003e-10, strain = 2.440959e-03, elapsed = 150.5 sec
[TwinWall] projected 41 node(s)
Step =    952: nodes = 3860, dt = 2.179204e-10, strain = 2.443138e-03, elapsed = 150.7 sec
[TwinWall] projected 44 node(s)
Step =    953: nodes = 3861, dt = 2.615045e-10, strain = 2.445753e-03, elapsed = 150.9 sec
[TwinWall] projected 42 node(s)
Step =    954: nodes = 3866, dt = 3.138054e-10, strain = 2.448891e-03, elapsed = 151.1 sec
[TwinWall] projected 40 node(s)
Step =    955: nodes = 3867, dt = 1.882832e-10, strain = 2.450774e-03, elapsed = 151.3 sec
[TwinWall] projected 39 node(s)
Step =    956: nodes = 3868, dt = 1.882832e-10, strain = 2.452657e-03, elapsed = 151.4 sec
[TwinWall] projected 40 node(s)
Step =    957: nodes = 3871, dt = 2.259399e-10, strain = 2.454916e-03, elapsed = 151.6 sec
[TwinWall] projected 41 node(s)
Step =    958: nodes = 3870, dt = 2.711278e-10, strain = 2.457628e-03, elapsed = 151.7 sec
[TwinWall] projected 40 node(s)
Step =    959: nodes = 3870, dt = 1.626767e-10, strain = 2.459254e-03, elapsed = 151.9 sec
[TwinWall] projected 43 node(s)
Step =    960: nodes = 3868, dt = 1.626767e-10, strain = 2.460881e-03, elapsed = 152.1 sec
[TwinWall] projected 43 node(s)
Step =    961: nodes = 3869, dt = 1.952121e-10, strain = 2.462833e-03, elapsed = 152.3 sec
[TwinWall] projected 43 node(s)
Step =    962: nodes = 3867, dt = 2.342545e-10, strain = 2.465176e-03, elapsed = 152.4 sec
[TwinWall] projected 42 node(s)
Step =    963: nodes = 3869, dt = 2.811054e-10, strain = 2.467987e-03, elapsed = 152.6 sec
[TwinWall] projected 42 node(s)
Step =    964: nodes = 3873, dt = 1.686632e-10, strain = 2.469674e-03, elapsed = 152.8 sec
[TwinWall] projected 39 node(s)
Step =    965: nodes = 3872, dt = 1.686632e-10, strain = 2.471360e-03, elapsed = 152.9 sec
[TwinWall] projected 41 node(s)
Step =    966: nodes = 3876, dt = 2.023959e-10, strain = 2.473384e-03, elapsed = 153.1 sec
[TwinWall] projected 41 node(s)
Step =    967: nodes = 3878, dt = 2.428750e-10, strain = 2.475813e-03, elapsed = 153.3 sec
[TwinWall] projected 42 node(s)
Step =    968: nodes = 3877, dt = 2.914500e-10, strain = 2.478727e-03, elapsed = 153.4 sec
[TwinWall] projected 40 node(s)
Step =    969: nodes = 3877, dt = 1.748700e-10, strain = 2.480476e-03, elapsed = 153.6 sec
[TwinWall] projected 42 node(s)
Step =    970: nodes = 3880, dt = 1.748700e-10, strain = 2.482225e-03, elapsed = 153.8 sec
[TwinWall] projected 41 node(s)
Step =    971: nodes = 3884, dt = 2.098440e-10, strain = 2.484323e-03, elapsed = 153.9 sec
[TwinWall] projected 40 node(s)
Step =    972: nodes = 3881, dt = 2.518128e-10, strain = 2.486841e-03, elapsed = 154.1 sec
[TwinWall] projected 41 node(s)
Step =    973: nodes = 3885, dt = 3.021754e-10, strain = 2.489863e-03, elapsed = 154.3 sec
[TwinWall] projected 39 node(s)
Step =    974: nodes = 3887, dt = 1.813052e-10, strain = 2.491676e-03, elapsed = 154.5 sec
[TwinWall] projected 40 node(s)
Step =    975: nodes = 3890, dt = 1.813052e-10, strain = 2.493489e-03, elapsed = 154.6 sec
[TwinWall] projected 40 node(s)
Step =    976: nodes = 3891, dt = 2.175663e-10, strain = 2.495665e-03, elapsed = 154.8 sec
[TwinWall] projected 39 node(s)
Step =    977: nodes = 3891, dt = 2.610795e-10, strain = 2.498276e-03, elapsed = 155.0 sec
[TwinWall] projected 41 node(s)
Step =    978: nodes = 3885, dt = 3.132954e-10, strain = 2.501409e-03, elapsed = 155.2 sec
[TwinWall] projected 42 node(s)
Step =    979: nodes = 3869, dt = 3.759545e-10, strain = 2.505168e-03, elapsed = 155.4 sec
[TwinWall] projected 39 node(s)
Step =    980: nodes = 3869, dt = 1.127864e-10, strain = 2.506296e-03, elapsed = 155.6 sec
[TwinWall] projected 38 node(s)
Step =    981: nodes = 3868, dt = 1.127864e-10, strain = 2.507424e-03, elapsed = 155.8 sec
[TwinWall] projected 38 node(s)
Step =    982: nodes = 3870, dt = 1.353436e-10, strain = 2.508777e-03, elapsed = 155.9 sec
[TwinWall] projected 39 node(s)
Step =    983: nodes = 3873, dt = 1.624124e-10, strain = 2.510401e-03, elapsed = 156.1 sec
[TwinWall] projected 40 node(s)
Step =    984: nodes = 3873, dt = 1.948948e-10, strain = 2.512350e-03, elapsed = 156.2 sec
[TwinWall] projected 41 node(s)
Step =    985: nodes = 3876, dt = 2.338738e-10, strain = 2.514689e-03, elapsed = 156.4 sec
[TwinWall] projected 42 node(s)
Step =    986: nodes = 3879, dt = 2.806486e-10, strain = 2.517496e-03, elapsed = 156.6 sec
[TwinWall] projected 43 node(s)
Step =    987: nodes = 3876, dt = 3.367783e-10, strain = 2.520863e-03, elapsed = 156.8 sec
[TwinWall] projected 41 node(s)
Step =    988: nodes = 3872, dt = 1.010335e-10, strain = 2.521874e-03, elapsed = 157.0 sec
[TwinWall] projected 39 node(s)
Step =    989: nodes = 3873, dt = 1.010335e-10, strain = 2.522884e-03, elapsed = 157.1 sec
[TwinWall] projected 40 node(s)
Step =    990: nodes = 3871, dt = 1.212402e-10, strain = 2.524096e-03, elapsed = 157.3 sec
[TwinWall] projected 41 node(s)
Step =    991: nodes = 3872, dt = 1.454882e-10, strain = 2.525551e-03, elapsed = 157.4 sec
[TwinWall] projected 40 node(s)
Step =    992: nodes = 3874, dt = 1.745859e-10, strain = 2.527297e-03, elapsed = 157.6 sec
[TwinWall] projected 43 node(s)
Step =    993: nodes = 3875, dt = 2.095030e-10, strain = 2.529392e-03, elapsed = 157.7 sec
[TwinWall] projected 43 node(s)
Step =    994: nodes = 3872, dt = 2.514036e-10, strain = 2.531906e-03, elapsed = 157.9 sec
[TwinWall] projected 43 node(s)
Step =    995: nodes = 3868, dt = 3.016844e-10, strain = 2.534923e-03, elapsed = 158.1 sec
[TwinWall] projected 40 node(s)
Step =    996: nodes = 3866, dt = 1.810106e-10, strain = 2.536733e-03, elapsed = 158.3 sec
[TwinWall] projected 40 node(s)
Step =    997: nodes = 3869, dt = 1.810106e-10, strain = 2.538543e-03, elapsed = 158.5 sec
[TwinWall] projected 41 node(s)
Step =    998: nodes = 3867, dt = 2.172127e-10, strain = 2.540715e-03, elapsed = 158.6 sec
[TwinWall] projected 42 node(s)
Step =    999: nodes = 3867, dt = 2.606553e-10, strain = 2.543322e-03, elapsed = 158.8 sec
[TwinWall] projected 43 node(s)
Step =   1000: nodes = 3862, dt = 3.127863e-10, strain = 2.546450e-03, elapsed = 159.0 sec
Writing configuration in legacy data format
 Output file: /data/home/dg000246b/openDIS/HomeWork/output_Cu_twin_rorient/config.1000.data
Writing restart file
 Restart file: /data/home/dg000246b/openDIS/HomeWork/output_Cu_twin_rorient/restart.1000.exadis
[TwinWall] projected 42 node(s)
Step =   1001: nodes = 3869, dt = 1.876718e-10, strain = 2.548327e-03, elapsed = 159.2 sec
[TwinWall] projected 43 node(s)
Step =   1002: nodes = 3869, dt = 1.876718e-10, strain = 2.550203e-03, elapsed = 159.4 sec
[TwinWall] projected 43 node(s)
Step =   1003: nodes = 3874, dt = 2.252062e-10, strain = 2.552455e-03, elapsed = 159.5 sec
[TwinWall] projected 44 node(s)
Step =   1004: nodes = 3878, dt = 2.702474e-10, strain = 2.555158e-03, elapsed = 159.7 sec
[TwinWall] projected 43 node(s)
Step =   1005: nodes = 3886, dt = 3.242969e-10, strain = 2.558401e-03, elapsed = 159.9 sec
[TwinWall] projected 44 node(s)
Step =   1006: nodes = 3883, dt = 1.945781e-10, strain = 2.560347e-03, elapsed = 160.1 sec
[TwinWall] projected 44 node(s)
Step =   1007: nodes = 3887, dt = 1.945781e-10, strain = 2.562292e-03, elapsed = 160.5 sec
[TwinWall] projected 43 node(s)
Step =   1008: nodes = 3890, dt = 2.334938e-10, strain = 2.564627e-03, elapsed = 160.7 sec
[TwinWall] projected 46 node(s)
Step =   1009: nodes = 3892, dt = 2.801925e-10, strain = 2.567429e-03, elapsed = 160.8 sec
[TwinWall] projected 43 node(s)
Step =   1010: nodes = 3894, dt = 1.681155e-10, strain = 2.569110e-03, elapsed = 161.0 sec
[TwinWall] projected 41 node(s)
Step =   1011: nodes = 3897, dt = 1.681155e-10, strain = 2.570792e-03, elapsed = 161.2 sec
[TwinWall] projected 45 node(s)
Step =   1012: nodes = 3904, dt = 2.017386e-10, strain = 2.572809e-03, elapsed = 161.4 sec
[TwinWall] projected 46 node(s)
Step =   1013: nodes = 3910, dt = 2.420863e-10, strain = 2.575230e-03, elapsed = 161.5 sec
[TwinWall] projected 45 node(s)
Step =   1014: nodes = 3908, dt = 1.452518e-10, strain = 2.576682e-03, elapsed = 161.7 sec
[TwinWall] projected 43 node(s)
Step =   1015: nodes = 3907, dt = 1.452518e-10, strain = 2.578135e-03, elapsed = 161.9 sec
[TwinWall] projected 44 node(s)
Step =   1016: nodes = 3911, dt = 1.743022e-10, strain = 2.579878e-03, elapsed = 162.0 sec
[TwinWall] projected 44 node(s)
Step =   1017: nodes = 3920, dt = 2.091626e-10, strain = 2.581969e-03, elapsed = 162.2 sec
[TwinWall] projected 44 node(s)
Step =   1018: nodes = 3924, dt = 2.509951e-10, strain = 2.584479e-03, elapsed = 162.4 sec
[TwinWall] projected 43 node(s)
Step =   1019: nodes = 3927, dt = 1.505971e-10, strain = 2.585985e-03, elapsed = 162.6 sec
[TwinWall] projected 43 node(s)
Step =   1020: nodes = 3926, dt = 1.505971e-10, strain = 2.587491e-03, elapsed = 162.7 sec
[TwinWall] projected 44 node(s)
Step =   1021: nodes = 3931, dt = 1.807165e-10, strain = 2.589299e-03, elapsed = 162.9 sec
[TwinWall] projected 45 node(s)
Step =   1022: nodes = 3937, dt = 2.168598e-10, strain = 2.591467e-03, elapsed = 163.0 sec
[TwinWall] projected 45 node(s)
Step =   1023: nodes = 3944, dt = 2.602317e-10, strain = 2.594069e-03, elapsed = 163.2 sec
[TwinWall] projected 44 node(s)
Step =   1024: nodes = 3945, dt = 1.561390e-10, strain = 2.595631e-03, elapsed = 163.4 sec
[TwinWall] projected 42 node(s)
Step =   1025: nodes = 3944, dt = 1.561390e-10, strain = 2.597192e-03, elapsed = 163.6 sec
[TwinWall] projected 46 node(s)
Step =   1026: nodes = 3942, dt = 1.873668e-10, strain = 2.599066e-03, elapsed = 163.7 sec
[TwinWall] projected 47 node(s)
Step =   1027: nodes = 3942, dt = 2.248402e-10, strain = 2.601314e-03, elapsed = 163.9 sec
[TwinWall] projected 47 node(s)
Step =   1028: nodes = 3945, dt = 2.698082e-10, strain = 2.604012e-03, elapsed = 164.1 sec
[TwinWall] projected 47 node(s)
Step =   1029: nodes = 3947, dt = 1.618849e-10, strain = 2.605631e-03, elapsed = 164.3 sec
[TwinWall] projected 47 node(s)
Step =   1030: nodes = 3947, dt = 1.618849e-10, strain = 2.607250e-03, elapsed = 164.4 sec
[TwinWall] projected 46 node(s)
Step =   1031: nodes = 3949, dt = 1.942619e-10, strain = 2.609193e-03, elapsed = 164.6 sec
[TwinWall] projected 47 node(s)
Step =   1032: nodes = 3946, dt = 2.331143e-10, strain = 2.611524e-03, elapsed = 164.7 sec
[TwinWall] projected 48 node(s)
Step =   1033: nodes = 3948, dt = 2.797372e-10, strain = 2.614321e-03, elapsed = 164.9 sec
[TwinWall] projected 47 node(s)
Step =   1034: nodes = 3948, dt = 1.678423e-10, strain = 2.616000e-03, elapsed = 165.1 sec
[TwinWall] projected 46 node(s)
Step =   1035: nodes = 3949, dt = 1.678423e-10, strain = 2.617678e-03, elapsed = 165.3 sec
[TwinWall] projected 45 node(s)
Step =   1036: nodes = 3951, dt = 2.014108e-10, strain = 2.619692e-03, elapsed = 165.5 sec
[TwinWall] projected 44 node(s)
Step =   1037: nodes = 3953, dt = 2.416929e-10, strain = 2.622109e-03, elapsed = 165.6 sec
[TwinWall] projected 47 node(s)
Step =   1038: nodes = 3948, dt = 2.900315e-10, strain = 2.625009e-03, elapsed = 165.8 sec
[TwinWall] projected 46 node(s)
Step =   1039: nodes = 3950, dt = 1.740189e-10, strain = 2.626750e-03, elapsed = 166.0 sec
[TwinWall] projected 44 node(s)
Step =   1040: nodes = 3947, dt = 1.740189e-10, strain = 2.628490e-03, elapsed = 166.2 sec
[TwinWall] projected 48 node(s)
Step =   1041: nodes = 3950, dt = 2.088227e-10, strain = 2.630578e-03, elapsed = 166.3 sec
[TwinWall] projected 47 node(s)
Step =   1042: nodes = 3947, dt = 2.505872e-10, strain = 2.633084e-03, elapsed = 166.5 sec
[TwinWall] projected 47 node(s)
Step =   1043: nodes = 3944, dt = 3.007047e-10, strain = 2.636091e-03, elapsed = 166.7 sec
[TwinWall] projected 47 node(s)
Step =   1044: nodes = 3933, dt = 3.608456e-10, strain = 2.639699e-03, elapsed = 166.9 sec
[TwinWall] projected 49 node(s)
Step =   1045: nodes = 3937, dt = 2.165074e-10, strain = 2.641864e-03, elapsed = 167.1 sec
[TwinWall] projected 48 node(s)
Step =   1046: nodes = 3941, dt = 2.165074e-10, strain = 2.644030e-03, elapsed = 167.3 sec
[TwinWall] projected 45 node(s)
Step =   1047: nodes = 3935, dt = 2.598088e-10, strain = 2.646628e-03, elapsed = 167.4 sec
[TwinWall] projected 45 node(s)
Step =   1048: nodes = 3938, dt = 1.558853e-10, strain = 2.648186e-03, elapsed = 167.6 sec
[TwinWall] projected 45 node(s)
Step =   1049: nodes = 3941, dt = 1.558853e-10, strain = 2.649745e-03, elapsed = 167.8 sec
[TwinWall] projected 47 node(s)
Step =   1050: nodes = 3942, dt = 1.870624e-10, strain = 2.651616e-03, elapsed = 167.9 sec
[TwinWall] projected 47 node(s)
Step =   1051: nodes = 3948, dt = 2.244748e-10, strain = 2.653861e-03, elapsed = 168.1 sec
[TwinWall] projected 47 node(s)
Step =   1052: nodes = 3941, dt = 2.693698e-10, strain = 2.656554e-03, elapsed = 168.3 sec
[TwinWall] projected 49 node(s)
Step =   1053: nodes = 3939, dt = 3.232438e-10, strain = 2.659787e-03, elapsed = 168.5 sec
[TwinWall] projected 46 node(s)
Step =   1054: nodes = 3942, dt = 1.939463e-10, strain = 2.661726e-03, elapsed = 168.7 sec
[TwinWall] projected 48 node(s)
Step =   1055: nodes = 3948, dt = 1.939463e-10, strain = 2.663666e-03, elapsed = 168.8 sec
[TwinWall] projected 48 node(s)
Step =   1056: nodes = 3949, dt = 2.327355e-10, strain = 2.665993e-03, elapsed = 169.0 sec
[TwinWall] projected 48 node(s)
Step =   1057: nodes = 3948, dt = 2.792826e-10, strain = 2.668786e-03, elapsed = 169.2 sec
[TwinWall] projected 49 node(s)
Step =   1058: nodes = 3953, dt = 1.675696e-10, strain = 2.670462e-03, elapsed = 169.4 sec
[TwinWall] projected 48 node(s)
Step =   1059: nodes = 3956, dt = 1.675696e-10, strain = 2.672137e-03, elapsed = 169.5 sec
[TwinWall] projected 47 node(s)
Step =   1060: nodes = 3956, dt = 2.010835e-10, strain = 2.674148e-03, elapsed = 169.7 sec
[TwinWall] projected 48 node(s)
Step =   1061: nodes = 3954, dt = 2.413002e-10, strain = 2.676561e-03, elapsed = 169.9 sec
[TwinWall] projected 49 node(s)
Step =   1062: nodes = 3954, dt = 2.895602e-10, strain = 2.679457e-03, elapsed = 170.0 sec
[TwinWall] projected 50 node(s)
Step =   1063: nodes = 3959, dt = 1.737361e-10, strain = 2.681194e-03, elapsed = 170.2 sec
[TwinWall] projected 48 node(s)
Step =   1064: nodes = 3957, dt = 1.737361e-10, strain = 2.682932e-03, elapsed = 170.4 sec
[TwinWall] projected 49 node(s)
Step =   1065: nodes = 3960, dt = 2.084834e-10, strain = 2.685016e-03, elapsed = 170.6 sec
[TwinWall] projected 49 node(s)
Step =   1066: nodes = 3956, dt = 2.501800e-10, strain = 2.687518e-03, elapsed = 170.7 sec
[TwinWall] projected 50 node(s)
Step =   1067: nodes = 3953, dt = 3.002160e-10, strain = 2.690520e-03, elapsed = 170.9 sec
[TwinWall] projected 49 node(s)
Step =   1068: nodes = 3956, dt = 1.801296e-10, strain = 2.692322e-03, elapsed = 171.1 sec
[TwinWall] projected 50 node(s)
Step =   1069: nodes = 3956, dt = 1.801296e-10, strain = 2.694123e-03, elapsed = 171.3 sec
[TwinWall] projected 49 node(s)
Step =   1070: nodes = 3959, dt = 2.161555e-10, strain = 2.696284e-03, elapsed = 171.4 sec
[TwinWall] projected 51 node(s)
Step =   1071: nodes = 3958, dt = 2.593867e-10, strain = 2.698878e-03, elapsed = 171.6 sec
[TwinWall] projected 49 node(s)
Step =   1072: nodes = 3963, dt = 1.556320e-10, strain = 2.700435e-03, elapsed = 171.8 sec
[TwinWall] projected 49 node(s)
Step =   1073: nodes = 3968, dt = 1.556320e-10, strain = 2.701991e-03, elapsed = 171.9 sec
[TwinWall] projected 49 node(s)
Step =   1074: nodes = 3970, dt = 1.867584e-10, strain = 2.703859e-03, elapsed = 172.1 sec
[TwinWall] projected 48 node(s)
Step =   1075: nodes = 3971, dt = 2.241101e-10, strain = 2.706100e-03, elapsed = 172.3 sec
[TwinWall] projected 50 node(s)
Step =   1076: nodes = 3975, dt = 2.689321e-10, strain = 2.708789e-03, elapsed = 172.5 sec
[TwinWall] projected 48 node(s)
Step =   1077: nodes = 3976, dt = 1.613592e-10, strain = 2.710403e-03, elapsed = 172.7 sec
[TwinWall] projected 49 node(s)
Step =   1078: nodes = 3982, dt = 1.613592e-10, strain = 2.712016e-03, elapsed = 172.9 sec
[TwinWall] projected 49 node(s)
Step =   1079: nodes = 3984, dt = 1.936311e-10, strain = 2.713952e-03, elapsed = 173.0 sec
[TwinWall] projected 50 node(s)
Step =   1080: nodes = 3984, dt = 2.323573e-10, strain = 2.716276e-03, elapsed = 173.2 sec
[TwinWall] projected 50 node(s)
Step =   1081: nodes = 3987, dt = 2.788288e-10, strain = 2.719064e-03, elapsed = 173.4 sec
[TwinWall] projected 49 node(s)
Step =   1082: nodes = 3989, dt = 1.672973e-10, strain = 2.720737e-03, elapsed = 173.6 sec
[TwinWall] projected 48 node(s)
Step =   1083: nodes = 3990, dt = 1.672973e-10, strain = 2.722410e-03, elapsed = 173.8 sec
[TwinWall] projected 50 node(s)
Step =   1084: nodes = 3985, dt = 2.007567e-10, strain = 2.724418e-03, elapsed = 173.9 sec
[TwinWall] projected 51 node(s)
Step =   1085: nodes = 3990, dt = 2.409081e-10, strain = 2.726827e-03, elapsed = 174.1 sec
[TwinWall] projected 52 node(s)
Step =   1086: nodes = 3988, dt = 2.890897e-10, strain = 2.729718e-03, elapsed = 174.3 sec
[TwinWall] projected 52 node(s)
Step =   1087: nodes = 3995, dt = 1.734538e-10, strain = 2.731452e-03, elapsed = 174.5 sec
[TwinWall] projected 51 node(s)
Step =   1088: nodes = 3991, dt = 1.734538e-10, strain = 2.733187e-03, elapsed = 174.6 sec
[TwinWall] projected 52 node(s)
Step =   1089: nodes = 3990, dt = 2.081446e-10, strain = 2.735268e-03, elapsed = 174.8 sec
[TwinWall] projected 53 node(s)
Step =   1090: nodes = 3995, dt = 2.497735e-10, strain = 2.737766e-03, elapsed = 175.0 sec
[TwinWall] projected 54 node(s)
Step =   1091: nodes = 3994, dt = 2.997282e-10, strain = 2.740763e-03, elapsed = 175.2 sec
[TwinWall] projected 51 node(s)
Step =   1092: nodes = 3989, dt = 1.798369e-10, strain = 2.742562e-03, elapsed = 175.4 sec
[TwinWall] projected 50 node(s)
Step =   1093: nodes = 3998, dt = 1.798369e-10, strain = 2.744360e-03, elapsed = 175.5 sec
[TwinWall] projected 51 node(s)
Step =   1094: nodes = 3994, dt = 2.158043e-10, strain = 2.746518e-03, elapsed = 175.7 sec
[TwinWall] projected 53 node(s)
Step =   1095: nodes = 3994, dt = 2.589651e-10, strain = 2.749108e-03, elapsed = 175.9 sec
[TwinWall] projected 52 node(s)
Step =   1096: nodes = 3989, dt = 3.107582e-10, strain = 2.752215e-03, elapsed = 176.1 sec
[TwinWall] projected 54 node(s)
Step =   1097: nodes = 3997, dt = 1.864549e-10, strain = 2.754080e-03, elapsed = 176.3 sec
[TwinWall] projected 53 node(s)
Step =   1098: nodes = 3993, dt = 1.864549e-10, strain = 2.755944e-03, elapsed = 176.4 sec
[TwinWall] projected 52 node(s)
Step =   1099: nodes = 3989, dt = 2.237459e-10, strain = 2.758182e-03, elapsed = 176.6 sec
[TwinWall] projected 54 node(s)
Step =   1100: nodes = 3991, dt = 2.684951e-10, strain = 2.760867e-03, elapsed = 176.8 sec
Writing configuration in legacy data format
 Output file: /data/home/dg000246b/openDIS/HomeWork/output_Cu_twin_rorient/config.1100.data
Writing restart file
 Restart file: /data/home/dg000246b/openDIS/HomeWork/output_Cu_twin_rorient/restart.1100.exadis
[TwinWall] projected 54 node(s)
Step =   1101: nodes = 3993, dt = 1.610970e-10, strain = 2.762478e-03, elapsed = 177.0 sec
[TwinWall] projected 52 node(s)
Step =   1102: nodes = 3994, dt = 1.610970e-10, strain = 2.764089e-03, elapsed = 177.2 sec
[TwinWall] projected 54 node(s)
Step =   1103: nodes = 3994, dt = 1.933164e-10, strain = 2.766022e-03, elapsed = 177.3 sec
[TwinWall] projected 55 node(s)
Step =   1104: nodes = 4003, dt = 2.319797e-10, strain = 2.768342e-03, elapsed = 177.5 sec
[TwinWall] projected 56 node(s)
Step =   1105: nodes = 4002, dt = 2.783757e-10, strain = 2.771126e-03, elapsed = 177.7 sec
[TwinWall] projected 54 node(s)
Step =   1106: nodes = 4011, dt = 1.670254e-10, strain = 2.772796e-03, elapsed = 177.9 sec
[TwinWall] projected 54 node(s)
Step =   1107: nodes = 4015, dt = 1.670254e-10, strain = 2.774466e-03, elapsed = 178.0 sec
[TwinWall] projected 55 node(s)
Step =   1108: nodes = 4021, dt = 2.004305e-10, strain = 2.776470e-03, elapsed = 178.2 sec
[TwinWall] projected 54 node(s)
Step =   1109: nodes = 4017, dt = 2.405166e-10, strain = 2.778876e-03, elapsed = 178.4 sec
[TwinWall] projected 55 node(s)
Step =   1110: nodes = 4014, dt = 2.886199e-10, strain = 2.781762e-03, elapsed = 178.6 sec
[TwinWall] projected 54 node(s)
Step =   1111: nodes = 4018, dt = 1.731719e-10, strain = 2.783493e-03, elapsed = 178.8 sec
[TwinWall] projected 56 node(s)
Step =   1112: nodes = 4019, dt = 1.731719e-10, strain = 2.785225e-03, elapsed = 178.9 sec
[TwinWall] projected 56 node(s)
Step =   1113: nodes = 4021, dt = 2.078063e-10, strain = 2.787303e-03, elapsed = 179.1 sec
[TwinWall] projected 56 node(s)
Step =   1114: nodes = 4022, dt = 2.493676e-10, strain = 2.789797e-03, elapsed = 179.3 sec
[TwinWall] projected 56 node(s)
Step =   1115: nodes = 4015, dt = 2.992411e-10, strain = 2.792789e-03, elapsed = 179.5 sec
[TwinWall] projected 55 node(s)
Step =   1116: nodes = 4016, dt = 1.795447e-10, strain = 2.794585e-03, elapsed = 179.7 sec
[TwinWall] projected 58 node(s)
Step =   1117: nodes = 4018, dt = 1.795447e-10, strain = 2.796380e-03, elapsed = 179.8 sec
[TwinWall] projected 57 node(s)
Step =   1118: nodes = 4014, dt = 2.154536e-10, strain = 2.798535e-03, elapsed = 180.0 sec
[TwinWall] projected 59 node(s)
Step =   1119: nodes = 4012, dt = 2.585443e-10, strain = 2.801120e-03, elapsed = 180.2 sec
[TwinWall] projected 56 node(s)
Step =   1120: nodes = 4010, dt = 1.551266e-10, strain = 2.802671e-03, elapsed = 180.4 sec
[TwinWall] projected 56 node(s)
Step =   1121: nodes = 4011, dt = 1.551266e-10, strain = 2.804223e-03, elapsed = 180.5 sec
[TwinWall] projected 58 node(s)
Step =   1122: nodes = 4014, dt = 1.861519e-10, strain = 2.806084e-03, elapsed = 180.7 sec
[TwinWall] projected 58 node(s)
Step =   1123: nodes = 4016, dt = 2.233823e-10, strain = 2.808318e-03, elapsed = 180.9 sec
[TwinWall] projected 59 node(s)
Step =   1124: nodes = 4017, dt = 2.680588e-10, strain = 2.810999e-03, elapsed = 181.0 sec
[TwinWall] projected 60 node(s)
Step =   1125: nodes = 4012, dt = 3.216705e-10, strain = 2.814215e-03, elapsed = 181.2 sec
[TwinWall] projected 60 node(s)
Step =   1126: nodes = 4014, dt = 1.930023e-10, strain = 2.816145e-03, elapsed = 181.4 sec
[TwinWall] projected 60 node(s)
Step =   1127: nodes = 4014, dt = 1.930023e-10, strain = 2.818075e-03, elapsed = 181.6 sec
[TwinWall] projected 61 node(s)
Step =   1128: nodes = 4015, dt = 2.316028e-10, strain = 2.820391e-03, elapsed = 181.8 sec
[TwinWall] projected 62 node(s)
Step =   1129: nodes = 4025, dt = 2.779233e-10, strain = 2.823171e-03, elapsed = 181.9 sec
[TwinWall] projected 63 node(s)
Step =   1130: nodes = 4026, dt = 3.335080e-10, strain = 2.826506e-03, elapsed = 182.1 sec
[TwinWall] projected 62 node(s)
Step =   1131: nodes = 4030, dt = 2.001048e-10, strain = 2.828507e-03, elapsed = 182.3 sec
[TwinWall] projected 62 node(s)
Step =   1132: nodes = 4034, dt = 2.001048e-10, strain = 2.830508e-03, elapsed = 182.5 sec
[TwinWall] projected 62 node(s)
Step =   1133: nodes = 4034, dt = 2.401258e-10, strain = 2.832909e-03, elapsed = 182.7 sec
[TwinWall] projected 63 node(s)
Step =   1134: nodes = 4032, dt = 2.881509e-10, strain = 2.835791e-03, elapsed = 182.8 sec
[TwinWall] projected 62 node(s)
Step =   1135: nodes = 4029, dt = 1.728905e-10, strain = 2.837519e-03, elapsed = 183.1 sec
[TwinWall] projected 61 node(s)
Step =   1136: nodes = 4029, dt = 1.728905e-10, strain = 2.839248e-03, elapsed = 183.2 sec
[TwinWall] projected 63 node(s)
Step =   1137: nodes = 4032, dt = 2.074686e-10, strain = 2.841323e-03, elapsed = 183.4 sec
[TwinWall] projected 63 node(s)
Step =   1138: nodes = 4029, dt = 2.489624e-10, strain = 2.843813e-03, elapsed = 183.5 sec
[TwinWall] projected 61 node(s)
Step =   1139: nodes = 4030, dt = 2.987549e-10, strain = 2.846800e-03, elapsed = 183.7 sec
[TwinWall] projected 65 node(s)
Step =   1140: nodes = 4024, dt = 3.585058e-10, strain = 2.850385e-03, elapsed = 183.9 sec
[TwinWall] projected 64 node(s)
Step =   1141: nodes = 4026, dt = 2.151035e-10, strain = 2.852536e-03, elapsed = 184.1 sec
[TwinWall] projected 63 node(s)
Step =   1142: nodes = 4030, dt = 2.151035e-10, strain = 2.854687e-03, elapsed = 184.3 sec
[TwinWall] projected 65 node(s)
Step =   1143: nodes = 4035, dt = 2.581242e-10, strain = 2.857269e-03, elapsed = 184.5 sec
[TwinWall] projected 65 node(s)
Step =   1144: nodes = 4039, dt = 3.097490e-10, strain = 2.860366e-03, elapsed = 184.7 sec
[TwinWall] projected 67 node(s)
Step =   1145: nodes = 4042, dt = 3.716988e-10, strain = 2.864083e-03, elapsed = 184.9 sec
[TwinWall] projected 64 node(s)
Step =   1146: nodes = 4043, dt = 2.230193e-10, strain = 2.866313e-03, elapsed = 185.1 sec
[TwinWall] projected 66 node(s)
Step =   1147: nodes = 4047, dt = 2.230193e-10, strain = 2.868543e-03, elapsed = 185.2 sec
[TwinWall] projected 68 node(s)
Step =   1148: nodes = 4048, dt = 2.676232e-10, strain = 2.871220e-03, elapsed = 185.4 sec
[TwinWall] projected 68 node(s)
Step =   1149: nodes = 4053, dt = 3.211478e-10, strain = 2.874431e-03, elapsed = 185.6 sec
[TwinWall] projected 68 node(s)
Step =   1150: nodes = 4056, dt = 1.926887e-10, strain = 2.876358e-03, elapsed = 185.8 sec
[TwinWall] projected 68 node(s)
Step =   1151: nodes = 4059, dt = 1.926887e-10, strain = 2.878285e-03, elapsed = 186.0 sec
[TwinWall] projected 70 node(s)
Step =   1152: nodes = 4069, dt = 2.312264e-10, strain = 2.880597e-03, elapsed = 186.1 sec
[TwinWall] projected 70 node(s)
Step =   1153: nodes = 4075, dt = 2.774717e-10, strain = 2.883372e-03, elapsed = 186.3 sec
[TwinWall] projected 69 node(s)
Step =   1154: nodes = 4074, dt = 3.329660e-10, strain = 2.886702e-03, elapsed = 186.5 sec
[TwinWall] projected 65 node(s)
Step =   1155: nodes = 4076, dt = 1.997796e-10, strain = 2.888699e-03, elapsed = 186.7 sec
[TwinWall] projected 66 node(s)
Step =   1156: nodes = 4077, dt = 1.997796e-10, strain = 2.890697e-03, elapsed = 186.9 sec
[TwinWall] projected 67 node(s)
Step =   1157: nodes = 4075, dt = 2.397355e-10, strain = 2.893095e-03, elapsed = 187.0 sec
[TwinWall] projected 68 node(s)
Step =   1158: nodes = 4088, dt = 2.876827e-10, strain = 2.895971e-03, elapsed = 187.2 sec
[TwinWall] projected 72 node(s)
Step =   1159: nodes = 4076, dt = 3.452192e-10, strain = 2.899424e-03, elapsed = 187.4 sec
[TwinWall] projected 69 node(s)
Step =   1160: nodes = 4081, dt = 2.071315e-10, strain = 2.901495e-03, elapsed = 187.6 sec
[TwinWall] projected 69 node(s)
Step =   1161: nodes = 4088, dt = 2.071315e-10, strain = 2.903566e-03, elapsed = 187.8 sec
[TwinWall] projected 69 node(s)
Step =   1162: nodes = 4089, dt = 2.485578e-10, strain = 2.906052e-03, elapsed = 187.9 sec
[TwinWall] projected 71 node(s)
Step =   1163: nodes = 4089, dt = 2.982694e-10, strain = 2.909034e-03, elapsed = 188.1 sec
[TwinWall] projected 69 node(s)
Step =   1164: nodes = 4089, dt = 1.789616e-10, strain = 2.910824e-03, elapsed = 188.4 sec
[TwinWall] projected 68 node(s)
Step =   1165: nodes = 4088, dt = 1.789616e-10, strain = 2.912614e-03, elapsed = 188.5 sec
[TwinWall] projected 69 node(s)
Step =   1166: nodes = 4090, dt = 2.147540e-10, strain = 2.914761e-03, elapsed = 188.7 sec
[TwinWall] projected 71 node(s)
Step =   1167: nodes = 4094, dt = 2.577047e-10, strain = 2.917338e-03, elapsed = 188.9 sec
[TwinWall] projected 72 node(s)
Step =   1168: nodes = 4095, dt = 3.092457e-10, strain = 2.920431e-03, elapsed = 189.1 sec
[TwinWall] projected 72 node(s)
Step =   1169: nodes = 4092, dt = 1.855474e-10, strain = 2.922286e-03, elapsed = 189.3 sec
[TwinWall] projected 71 node(s)
Step =   1170: nodes = 4096, dt = 1.855474e-10, strain = 2.924142e-03, elapsed = 189.4 sec
[TwinWall] projected 73 node(s)
Step =   1171: nodes = 4101, dt = 2.226569e-10, strain = 2.926368e-03, elapsed = 189.6 sec
[TwinWall] projected 73 node(s)
Step =   1172: nodes = 4107, dt = 2.671883e-10, strain = 2.929040e-03, elapsed = 189.8 sec
[TwinWall] projected 75 node(s)
Step =   1173: nodes = 4105, dt = 3.206259e-10, strain = 2.932246e-03, elapsed = 190.0 sec
[TwinWall] projected 75 node(s)
Step =   1174: nodes = 4101, dt = 1.923756e-10, strain = 2.934170e-03, elapsed = 190.5 sec
[TwinWall] projected 74 node(s)
Step =   1175: nodes = 4104, dt = 1.923756e-10, strain = 2.936094e-03, elapsed = 190.7 sec
[TwinWall] projected 75 node(s)
Step =   1176: nodes = 4106, dt = 2.308507e-10, strain = 2.938402e-03, elapsed = 190.8 sec
[TwinWall] projected 75 node(s)
Step =   1177: nodes = 4103, dt = 2.770208e-10, strain = 2.941173e-03, elapsed = 191.0 sec
[TwinWall] projected 78 node(s)
Step =   1178: nodes = 4099, dt = 3.324250e-10, strain = 2.944497e-03, elapsed = 191.2 sec
[TwinWall] projected 78 node(s)
Step =   1179: nodes = 4107, dt = 1.994550e-10, strain = 2.946491e-03, elapsed = 191.4 sec
[TwinWall] projected 80 node(s)
Step =   1180: nodes = 4111, dt = 1.994550e-10, strain = 2.948486e-03, elapsed = 191.6 sec
[TwinWall] projected 79 node(s)
Step =   1181: nodes = 4108, dt = 2.393460e-10, strain = 2.950879e-03, elapsed = 191.8 sec
[TwinWall] projected 81 node(s)
Step =   1182: nodes = 4115, dt = 2.872152e-10, strain = 2.953752e-03, elapsed = 191.9 sec
[TwinWall] projected 80 node(s)
Step =   1183: nodes = 4117, dt = 1.723291e-10, strain = 2.955475e-03, elapsed = 192.1 sec
[TwinWall] projected 80 node(s)
Step =   1184: nodes = 4125, dt = 1.723291e-10, strain = 2.957198e-03, elapsed = 192.3 sec
[TwinWall] projected 83 node(s)
Step =   1185: nodes = 4130, dt = 2.067949e-10, strain = 2.959266e-03, elapsed = 192.5 sec
[TwinWall] projected 83 node(s)
Step =   1186: nodes = 4136, dt = 2.481539e-10, strain = 2.961748e-03, elapsed = 192.7 sec
[TwinWall] projected 84 node(s)
Step =   1187: nodes = 4136, dt = 2.977847e-10, strain = 2.964726e-03, elapsed = 192.9 sec
[TwinWall] projected 83 node(s)
Step =   1188: nodes = 4145, dt = 1.786708e-10, strain = 2.966512e-03, elapsed = 193.1 sec
[TwinWall] projected 85 node(s)
Step =   1189: nodes = 4146, dt = 1.786708e-10, strain = 2.968299e-03, elapsed = 193.2 sec
[TwinWall] projected 85 node(s)
Step =   1190: nodes = 4150, dt = 2.144050e-10, strain = 2.970443e-03, elapsed = 193.4 sec
[TwinWall] projected 86 node(s)
Step =   1191: nodes = 4158, dt = 2.572860e-10, strain = 2.973016e-03, elapsed = 193.6 sec
[TwinWall] projected 86 node(s)
Step =   1192: nodes = 4159, dt = 3.087432e-10, strain = 2.976103e-03, elapsed = 193.8 sec
[TwinWall] projected 86 node(s)
Step =   1193: nodes = 4163, dt = 1.852459e-10, strain = 2.977956e-03, elapsed = 194.0 sec
[TwinWall] projected 85 node(s)
Step =   1194: nodes = 4167, dt = 1.852459e-10, strain = 2.979808e-03, elapsed = 194.2 sec
[TwinWall] projected 87 node(s)
Step =   1195: nodes = 4170, dt = 2.222951e-10, strain = 2.982031e-03, elapsed = 194.4 sec
[TwinWall] projected 86 node(s)
Step =   1196: nodes = 4171, dt = 2.667541e-10, strain = 2.984699e-03, elapsed = 194.5 sec
[TwinWall] projected 84 node(s)
Step =   1197: nodes = 4171, dt = 1.600525e-10, strain = 2.986299e-03, elapsed = 194.7 sec
[TwinWall] projected 84 node(s)
Step =   1198: nodes = 4171, dt = 1.600525e-10, strain = 2.987900e-03, elapsed = 194.9 sec
[TwinWall] projected 84 node(s)
Step =   1199: nodes = 4171, dt = 1.920629e-10, strain = 2.989820e-03, elapsed = 195.1 sec
[TwinWall] projected 87 node(s)
Step =   1200: nodes = 4173, dt = 2.304755e-10, strain = 2.992125e-03, elapsed = 195.3 sec
Writing configuration in legacy data format
 Output file: /data/home/dg000246b/openDIS/HomeWork/output_Cu_twin_rorient/config.1200.data
Writing restart file
 Restart file: /data/home/dg000246b/openDIS/HomeWork/output_Cu_twin_rorient/restart.1200.exadis
[TwinWall] projected 89 node(s)
Step =   1201: nodes = 4176, dt = 2.765706e-10, strain = 2.994891e-03, elapsed = 195.5 sec
[TwinWall] projected 89 node(s)
Step =   1202: nodes = 4180, dt = 1.659424e-10, strain = 2.996550e-03, elapsed = 195.7 sec
[TwinWall] projected 90 node(s)
Step =   1203: nodes = 4185, dt = 1.659424e-10, strain = 2.998210e-03, elapsed = 195.8 sec
[TwinWall] projected 90 node(s)
Step =   1204: nodes = 4194, dt = 1.991309e-10, strain = 3.000201e-03, elapsed = 196.0 sec
[TwinWall] projected 89 node(s)
Step =   1205: nodes = 4197, dt = 2.389570e-10, strain = 3.002591e-03, elapsed = 196.2 sec
[TwinWall] projected 91 node(s)
Step =   1206: nodes = 4194, dt = 2.867484e-10, strain = 3.005458e-03, elapsed = 196.4 sec
[TwinWall] projected 90 node(s)
Step =   1207: nodes = 4202, dt = 1.720491e-10, strain = 3.007179e-03, elapsed = 196.6 sec
[TwinWall] projected 92 node(s)
Step =   1208: nodes = 4200, dt = 1.720491e-10, strain = 3.008899e-03, elapsed = 196.8 sec
[TwinWall] projected 91 node(s)
Step =   1209: nodes = 4200, dt = 2.064589e-10, strain = 3.010964e-03, elapsed = 196.9 sec
[TwinWall] projected 91 node(s)
Step =   1210: nodes = 4198, dt = 2.477507e-10, strain = 3.013441e-03, elapsed = 197.1 sec
[TwinWall] projected 92 node(s)
Step =   1211: nodes = 4198, dt = 2.973008e-10, strain = 3.016414e-03, elapsed = 197.3 sec
[TwinWall] projected 93 node(s)
Step =   1212: nodes = 4197, dt = 1.783805e-10, strain = 3.018198e-03, elapsed = 197.5 sec
[TwinWall] projected 92 node(s)
Step =   1213: nodes = 4202, dt = 1.783805e-10, strain = 3.019982e-03, elapsed = 197.7 sec
[TwinWall] projected 90 node(s)
Step =   1214: nodes = 4202, dt = 2.140566e-10, strain = 3.022122e-03, elapsed = 197.9 sec
[TwinWall] projected 88 node(s)
Step =   1215: nodes = 4207, dt = 1.284339e-10, strain = 3.023407e-03, elapsed = 198.1 sec
[TwinWall] projected 89 node(s)
Step =   1216: nodes = 4209, dt = 1.284339e-10, strain = 3.024691e-03, elapsed = 198.2 sec
[TwinWall] projected 90 node(s)
Step =   1217: nodes = 4210, dt = 1.541207e-10, strain = 3.026232e-03, elapsed = 198.4 sec
[TwinWall] projected 91 node(s)
Step =   1218: nodes = 4221, dt = 1.849449e-10, strain = 3.028082e-03, elapsed = 198.6 sec
[TwinWall] projected 92 node(s)
Step =   1219: nodes = 4223, dt = 2.219338e-10, strain = 3.030301e-03, elapsed = 198.8 sec
[TwinWall] projected 91 node(s)
Step =   1220: nodes = 4229, dt = 2.663206e-10, strain = 3.032964e-03, elapsed = 198.9 sec
[TwinWall] projected 92 node(s)
Step =   1221: nodes = 4228, dt = 3.195847e-10, strain = 3.036160e-03, elapsed = 199.1 sec
[TwinWall] projected 92 node(s)
Step =   1222: nodes = 4232, dt = 1.917508e-10, strain = 3.038078e-03, elapsed = 199.4 sec
[TwinWall] projected 91 node(s)
Step =   1223: nodes = 4227, dt = 1.917508e-10, strain = 3.039995e-03, elapsed = 199.5 sec
[TwinWall] projected 93 node(s)
Step =   1224: nodes = 4236, dt = 2.301010e-10, strain = 3.042296e-03, elapsed = 199.7 sec
[TwinWall] projected 95 node(s)
Step =   1225: nodes = 4235, dt = 2.761212e-10, strain = 3.045057e-03, elapsed = 199.9 sec
[TwinWall] projected 96 node(s)
Step =   1226: nodes = 4237, dt = 1.656727e-10, strain = 3.046714e-03, elapsed = 200.1 sec
[TwinWall] projected 91 node(s)
Step =   1227: nodes = 4242, dt = 1.656727e-10, strain = 3.048371e-03, elapsed = 200.3 sec
[TwinWall] projected 93 node(s)
Step =   1228: nodes = 4254, dt = 1.988073e-10, strain = 3.050359e-03, elapsed = 200.5 sec
[TwinWall] projected 90 node(s)
Step =   1229: nodes = 4253, dt = 2.385687e-10, strain = 3.052744e-03, elapsed = 200.6 sec
[TwinWall] projected 92 node(s)
Step =   1230: nodes = 4264, dt = 2.862825e-10, strain = 3.055607e-03, elapsed = 200.8 sec
[TwinWall] projected 94 node(s)
Step =   1231: nodes = 4273, dt = 3.435390e-10, strain = 3.059043e-03, elapsed = 201.0 sec
[TwinWall] projected 93 node(s)
Step =   1232: nodes = 4272, dt = 1.030617e-10, strain = 3.060073e-03, elapsed = 201.3 sec
[TwinWall] projected 92 node(s)
Step =   1233: nodes = 4274, dt = 1.030617e-10, strain = 3.061104e-03, elapsed = 201.4 sec
[TwinWall] projected 93 node(s)
Step =   1234: nodes = 4279, dt = 1.236740e-10, strain = 3.062341e-03, elapsed = 201.6 sec
[TwinWall] projected 90 node(s)
Step =   1235: nodes = 4280, dt = 1.484088e-10, strain = 3.063825e-03, elapsed = 201.8 sec
[TwinWall] projected 90 node(s)
Step =   1236: nodes = 4284, dt = 1.780906e-10, strain = 3.065606e-03, elapsed = 201.9 sec
[TwinWall] projected 92 node(s)
Step =   1237: nodes = 4289, dt = 2.137087e-10, strain = 3.067743e-03, elapsed = 202.1 sec
[TwinWall] projected 91 node(s)
Step =   1238: nodes = 4280, dt = 2.564505e-10, strain = 3.070307e-03, elapsed = 202.3 sec
[TwinWall] projected 93 node(s)
Step =   1239: nodes = 4278, dt = 3.077406e-10, strain = 3.073385e-03, elapsed = 202.5 sec
[TwinWall] projected 90 node(s)
Step =   1240: nodes = 4277, dt = 1.846443e-10, strain = 3.075231e-03, elapsed = 202.7 sec
[TwinWall] projected 94 node(s)
Step =   1241: nodes = 4275, dt = 1.846443e-10, strain = 3.077078e-03, elapsed = 202.9 sec
[TwinWall] projected 91 node(s)
Step =   1242: nodes = 4277, dt = 2.215732e-10, strain = 3.079293e-03, elapsed = 203.1 sec
[TwinWall] projected 90 node(s)
Step =   1243: nodes = 4279, dt = 1.329439e-10, strain = 3.080623e-03, elapsed = 203.3 sec
[TwinWall] projected 89 node(s)
Step =   1244: nodes = 4278, dt = 1.329439e-10, strain = 3.081952e-03, elapsed = 203.4 sec
[TwinWall] projected 88 node(s)
Step =   1245: nodes = 4280, dt = 1.595327e-10, strain = 3.083547e-03, elapsed = 203.6 sec
[TwinWall] projected 89 node(s)
Step =   1246: nodes = 4287, dt = 1.914393e-10, strain = 3.085462e-03, elapsed = 203.8 sec
[TwinWall] projected 88 node(s)
Step =   1247: nodes = 4286, dt = 2.297271e-10, strain = 3.087759e-03, elapsed = 204.0 sec
[TwinWall] projected 91 node(s)
Step =   1248: nodes = 4271, dt = 2.756725e-10, strain = 3.090516e-03, elapsed = 204.1 sec
[TwinWall] projected 93 node(s)
Step =   1249: nodes = 4268, dt = 3.308070e-10, strain = 3.093824e-03, elapsed = 204.4 sec
[TwinWall] projected 94 node(s)
Step =   1250: nodes = 4261, dt = 1.984842e-10, strain = 3.095809e-03, elapsed = 204.6 sec
[TwinWall] projected 94 node(s)
Step =   1251: nodes = 4259, dt = 1.984842e-10, strain = 3.097794e-03, elapsed = 204.8 sec
[TwinWall] projected 97 node(s)
Step =   1252: nodes = 4271, dt = 2.381811e-10, strain = 3.100175e-03, elapsed = 204.9 sec
[TwinWall] projected 95 node(s)
Step =   1253: nodes = 4276, dt = 2.858173e-10, strain = 3.103034e-03, elapsed = 205.1 sec
[TwinWall] projected 94 node(s)
Step =   1254: nodes = 4281, dt = 1.714904e-10, strain = 3.104749e-03, elapsed = 205.3 sec
[TwinWall] projected 92 node(s)
Step =   1255: nodes = 4282, dt = 1.714904e-10, strain = 3.106463e-03, elapsed = 205.5 sec
[TwinWall] projected 94 node(s)
Step =   1256: nodes = 4286, dt = 2.057884e-10, strain = 3.108521e-03, elapsed = 205.7 sec
[TwinWall] projected 94 node(s)
Step =   1257: nodes = 4283, dt = 2.469461e-10, strain = 3.110991e-03, elapsed = 205.9 sec
[TwinWall] projected 95 node(s)
Step =   1258: nodes = 4292, dt = 1.481677e-10, strain = 3.112472e-03, elapsed = 206.1 sec
[TwinWall] projected 91 node(s)
Step =   1259: nodes = 4292, dt = 1.481677e-10, strain = 3.113954e-03, elapsed = 206.2 sec
[TwinWall] projected 93 node(s)
Step =   1260: nodes = 4296, dt = 1.778012e-10, strain = 3.115732e-03, elapsed = 206.4 sec
[TwinWall] projected 93 node(s)
Step =   1261: nodes = 4299, dt = 2.133614e-10, strain = 3.117866e-03, elapsed = 206.6 sec
[TwinWall] projected 95 node(s)
Step =   1262: nodes = 4301, dt = 2.560337e-10, strain = 3.120426e-03, elapsed = 206.8 sec
[TwinWall] projected 93 node(s)
Step =   1263: nodes = 4300, dt = 1.536202e-10, strain = 3.121962e-03, elapsed = 207.0 sec
[TwinWall] projected 95 node(s)
Step =   1264: nodes = 4315, dt = 1.536202e-10, strain = 3.123498e-03, elapsed = 207.2 sec
[TwinWall] projected 91 node(s)
Step =   1265: nodes = 4316, dt = 1.843443e-10, strain = 3.125342e-03, elapsed = 207.3 sec
[TwinWall] projected 96 node(s)
Step =   1266: nodes = 4325, dt = 2.212131e-10, strain = 3.127554e-03, elapsed = 207.5 sec
[TwinWall] projected 93 node(s)
Step =   1267: nodes = 4332, dt = 2.654558e-10, strain = 3.130209e-03, elapsed = 207.7 sec
[TwinWall] projected 96 node(s)
Step =   1268: nodes = 4329, dt = 3.185469e-10, strain = 3.133394e-03, elapsed = 207.9 sec
[TwinWall] projected 93 node(s)
Step =   1269: nodes = 4323, dt = 1.911282e-10, strain = 3.135305e-03, elapsed = 208.1 sec
[TwinWall] projected 95 node(s)
Step =   1270: nodes = 4331, dt = 1.911282e-10, strain = 3.137217e-03, elapsed = 208.3 sec
[TwinWall] projected 96 node(s)
Step =   1271: nodes = 4333, dt = 2.293538e-10, strain = 3.139510e-03, elapsed = 208.5 sec
[TwinWall] projected 94 node(s)
Step =   1272: nodes = 4341, dt = 2.752246e-10, strain = 3.142262e-03, elapsed = 208.7 sec
[TwinWall] projected 96 node(s)
Step =   1273: nodes = 4340, dt = 1.651347e-10, strain = 3.143914e-03, elapsed = 208.9 sec
[TwinWall] projected 92 node(s)
Step =   1274: nodes = 4346, dt = 1.651347e-10, strain = 3.145565e-03, elapsed = 209.1 sec
[TwinWall] projected 94 node(s)
Step =   1275: nodes = 4344, dt = 1.981617e-10, strain = 3.147547e-03, elapsed = 209.3 sec
[TwinWall] projected 95 node(s)
Step =   1276: nodes = 4340, dt = 2.377940e-10, strain = 3.149925e-03, elapsed = 209.5 sec
[TwinWall] projected 94 node(s)
Step =   1277: nodes = 4347, dt = 1.426764e-10, strain = 3.151351e-03, elapsed = 209.7 sec
[TwinWall] projected 93 node(s)
Step =   1278: nodes = 4346, dt = 1.426764e-10, strain = 3.152778e-03, elapsed = 209.8 sec
[TwinWall] projected 95 node(s)
Step =   1279: nodes = 4348, dt = 1.712117e-10, strain = 3.154490e-03, elapsed = 210.0 sec
[TwinWall] projected 94 node(s)
Step =   1280: nodes = 4355, dt = 2.054540e-10, strain = 3.156545e-03, elapsed = 210.2 sec
[TwinWall] projected 92 node(s)
Step =   1281: nodes = 4348, dt = 2.465448e-10, strain = 3.159010e-03, elapsed = 210.4 sec
[TwinWall] projected 95 node(s)
Step =   1282: nodes = 4345, dt = 2.958538e-10, strain = 3.161969e-03, elapsed = 210.6 sec
[TwinWall] projected 90 node(s)
Step =   1283: nodes = 4347, dt = 1.775123e-10, strain = 3.163744e-03, elapsed = 210.8 sec
[TwinWall] projected 91 node(s)
Step =   1284: nodes = 4347, dt = 1.775123e-10, strain = 3.165519e-03, elapsed = 211.0 sec
[TwinWall] projected 93 node(s)
Step =   1285: nodes = 4349, dt = 2.130147e-10, strain = 3.167649e-03, elapsed = 211.2 sec
[TwinWall] projected 94 node(s)
Step =   1286: nodes = 4346, dt = 2.556177e-10, strain = 3.170205e-03, elapsed = 211.3 sec
[TwinWall] projected 99 node(s)
Step =   1287: nodes = 4340, dt = 3.067412e-10, strain = 3.173273e-03, elapsed = 211.5 sec
[TwinWall] projected 99 node(s)
Step =   1288: nodes = 4350, dt = 1.840447e-10, strain = 3.175113e-03, elapsed = 211.7 sec
[TwinWall] projected 97 node(s)
Step =   1289: nodes = 4350, dt = 1.840447e-10, strain = 3.176954e-03, elapsed = 211.9 sec
[TwinWall] projected 102 node(s)
Step =   1290: nodes = 4358, dt = 2.208537e-10, strain = 3.179162e-03, elapsed = 212.1 sec
[TwinWall] projected 98 node(s)
Step =   1291: nodes = 4366, dt = 2.650244e-10, strain = 3.181813e-03, elapsed = 212.3 sec
[TwinWall] projected 102 node(s)
Step =   1292: nodes = 4371, dt = 1.590146e-10, strain = 3.183403e-03, elapsed = 212.5 sec
[TwinWall] projected 100 node(s)
Step =   1293: nodes = 4381, dt = 1.590146e-10, strain = 3.184993e-03, elapsed = 212.7 sec
[TwinWall] projected 101 node(s)
Step =   1294: nodes = 4386, dt = 1.908176e-10, strain = 3.186901e-03, elapsed = 212.9 sec
[TwinWall] projected 103 node(s)
Step =   1295: nodes = 4393, dt = 2.289811e-10, strain = 3.189191e-03, elapsed = 213.0 sec
[TwinWall] projected 101 node(s)
Step =   1296: nodes = 4398, dt = 2.747773e-10, strain = 3.191939e-03, elapsed = 213.2 sec
[TwinWall] projected 100 node(s)
Step =   1297: nodes = 4394, dt = 1.648664e-10, strain = 3.193587e-03, elapsed = 213.5 sec
[TwinWall] projected 101 node(s)
Step =   1298: nodes = 4404, dt = 1.648664e-10, strain = 3.195236e-03, elapsed = 213.6 sec
[TwinWall] projected 103 node(s)
Step =   1299: nodes = 4409, dt = 1.978397e-10, strain = 3.197214e-03, elapsed = 213.8 sec
[TwinWall] projected 100 node(s)
Step =   1300: nodes = 4409, dt = 2.374076e-10, strain = 3.199588e-03, elapsed = 214.0 sec
Writing configuration in legacy data format
 Output file: /data/home/dg000246b/openDIS/HomeWork/output_Cu_twin_rorient/config.1300.data
Writing restart file
 Restart file: /data/home/dg000246b/openDIS/HomeWork/output_Cu_twin_rorient/restart.1300.exadis
[TwinWall] projected 99 node(s)
Step =   1301: nodes = 4404, dt = 1.424446e-10, strain = 3.201013e-03, elapsed = 214.3 sec
[TwinWall] projected 100 node(s)
Step =   1302: nodes = 4409, dt = 1.424446e-10, strain = 3.202437e-03, elapsed = 214.5 sec
[TwinWall] projected 102 node(s)
Step =   1303: nodes = 4404, dt = 1.709335e-10, strain = 3.204147e-03, elapsed = 214.6 sec
[TwinWall] projected 103 node(s)
Step =   1304: nodes = 4404, dt = 2.051202e-10, strain = 3.206198e-03, elapsed = 214.8 sec
[TwinWall] projected 105 node(s)
Step =   1305: nodes = 4395, dt = 2.461442e-10, strain = 3.208659e-03, elapsed = 215.0 sec
[TwinWall] projected 105 node(s)
Step =   1306: nodes = 4400, dt = 2.953730e-10, strain = 3.211613e-03, elapsed = 215.2 sec
[TwinWall] projected 105 node(s)
Step =   1307: nodes = 4388, dt = 3.544476e-10, strain = 3.215157e-03, elapsed = 215.5 sec
[TwinWall] projected 105 node(s)
Step =   1308: nodes = 4386, dt = 2.126686e-10, strain = 3.217284e-03, elapsed = 215.7 sec
[TwinWall] projected 108 node(s)
Step =   1309: nodes = 4394, dt = 2.126686e-10, strain = 3.219411e-03, elapsed = 215.9 sec
[TwinWall] projected 107 node(s)
Step =   1310: nodes = 4398, dt = 1.276012e-10, strain = 3.220687e-03, elapsed = 216.1 sec
[TwinWall] projected 107 node(s)
Step =   1311: nodes = 4393, dt = 1.276012e-10, strain = 3.221963e-03, elapsed = 216.2 sec
[TwinWall] projected 108 node(s)
Step =   1312: nodes = 4397, dt = 1.531214e-10, strain = 3.223494e-03, elapsed = 216.4 sec
[TwinWall] projected 108 node(s)
Step =   1313: nodes = 4405, dt = 1.837457e-10, strain = 3.225332e-03, elapsed = 216.6 sec
[TwinWall] projected 106 node(s)
Step =   1314: nodes = 4406, dt = 1.102474e-10, strain = 3.226434e-03, elapsed = 216.8 sec
[TwinWall] projected 106 node(s)
Step =   1315: nodes = 4410, dt = 1.102474e-10, strain = 3.227536e-03, elapsed = 217.0 sec
[TwinWall] projected 105 node(s)
Step =   1316: nodes = 4415, dt = 1.322969e-10, strain = 3.228859e-03, elapsed = 217.2 sec
[TwinWall] projected 111 node(s)
Step =   1317: nodes = 4415, dt = 1.587562e-10, strain = 3.230447e-03, elapsed = 217.3 sec
[TwinWall] projected 108 node(s)
Step =   1318: nodes = 4412, dt = 1.905075e-10, strain = 3.232352e-03, elapsed = 217.5 sec
[TwinWall] projected 111 node(s)
Step =   1319: nodes = 4414, dt = 2.286090e-10, strain = 3.234638e-03, elapsed = 217.7 sec
[TwinWall] projected 114 node(s)
Step =   1320: nodes = 4417, dt = 1.371654e-10, strain = 3.236010e-03, elapsed = 217.9 sec
[TwinWall] projected 112 node(s)
Step =   1321: nodes = 4418, dt = 1.371654e-10, strain = 3.237381e-03, elapsed = 218.1 sec
[TwinWall] projected 111 node(s)
Step =   1322: nodes = 4420, dt = 1.645985e-10, strain = 3.239027e-03, elapsed = 218.3 sec
[TwinWall] projected 111 node(s)
Step =   1323: nodes = 4423, dt = 1.975182e-10, strain = 3.241003e-03, elapsed = 218.5 sec
[TwinWall] projected 115 node(s)
Step =   1324: nodes = 4425, dt = 2.370218e-10, strain = 3.243373e-03, elapsed = 218.7 sec
[TwinWall] projected 120 node(s)
Step =   1325: nodes = 4435, dt = 2.844262e-10, strain = 3.246217e-03, elapsed = 218.9 sec
[TwinWall] projected 117 node(s)
Step =   1326: nodes = 4425, dt = 3.413114e-10, strain = 3.249630e-03, elapsed = 219.1 sec
[TwinWall] projected 115 node(s)
Step =   1327: nodes = 4428, dt = 2.047868e-10, strain = 3.251678e-03, elapsed = 219.3 sec
[TwinWall] projected 119 node(s)
Step =   1328: nodes = 4433, dt = 2.047868e-10, strain = 3.253726e-03, elapsed = 219.5 sec
[TwinWall] projected 118 node(s)
Step =   1329: nodes = 4425, dt = 2.457442e-10, strain = 3.256183e-03, elapsed = 219.7 sec
[TwinWall] projected 114 node(s)
Step =   1330: nodes = 4438, dt = 1.474465e-10, strain = 3.257658e-03, elapsed = 219.9 sec
[TwinWall] projected 118 node(s)
Step =   1331: nodes = 4441, dt = 1.474465e-10, strain = 3.259132e-03, elapsed = 220.1 sec
[TwinWall] projected 119 node(s)
Step =   1332: nodes = 4445, dt = 1.769358e-10, strain = 3.260902e-03, elapsed = 220.3 sec
[TwinWall] projected 119 node(s)
Step =   1333: nodes = 4452, dt = 2.123230e-10, strain = 3.263025e-03, elapsed = 220.5 sec
[TwinWall] projected 119 node(s)
Step =   1334: nodes = 4458, dt = 2.547876e-10, strain = 3.265573e-03, elapsed = 221.0 sec
[TwinWall] projected 122 node(s)
Step =   1335: nodes = 4454, dt = 3.057451e-10, strain = 3.268630e-03, elapsed = 221.2 sec
[TwinWall] projected 120 node(s)
Step =   1336: nodes = 4458, dt = 9.172354e-11, strain = 3.269547e-03, elapsed = 221.5 sec
[TwinWall] projected 118 node(s)
Step =   1337: nodes = 4462, dt = 9.172354e-11, strain = 3.270465e-03, elapsed = 221.6 sec
[TwinWall] projected 125 node(s)
Step =   1338: nodes = 4466, dt = 1.100682e-10, strain = 3.271565e-03, elapsed = 221.8 sec
[TwinWall] projected 124 node(s)
Step =   1339: nodes = 4467, dt = 1.320819e-10, strain = 3.272886e-03, elapsed = 222.0 sec
[TwinWall] projected 122 node(s)
Step =   1340: nodes = 4470, dt = 1.584983e-10, strain = 3.274471e-03, elapsed = 222.1 sec
[TwinWall] projected 123 node(s)
Step =   1341: nodes = 4480, dt = 1.901979e-10, strain = 3.276373e-03, elapsed = 222.3 sec
[TwinWall] projected 122 node(s)
Step =   1342: nodes = 4489, dt = 2.282375e-10, strain = 3.278656e-03, elapsed = 222.5 sec
[TwinWall] projected 124 node(s)
Step =   1343: nodes = 4496, dt = 2.738850e-10, strain = 3.281394e-03, elapsed = 222.7 sec
[TwinWall] projected 125 node(s)
Step =   1344: nodes = 4500, dt = 1.643310e-10, strain = 3.283038e-03, elapsed = 222.9 sec
[TwinWall] projected 125 node(s)
Step =   1345: nodes = 4504, dt = 1.643310e-10, strain = 3.284681e-03, elapsed = 223.1 sec
[TwinWall] projected 125 node(s)
Step =   1346: nodes = 4507, dt = 1.971972e-10, strain = 3.286653e-03, elapsed = 223.3 sec
[TwinWall] projected 123 node(s)
Step =   1347: nodes = 4523, dt = 2.366366e-10, strain = 3.289019e-03, elapsed = 223.5 sec
[TwinWall] projected 128 node(s)
Step =   1348: nodes = 4518, dt = 2.839640e-10, strain = 3.291859e-03, elapsed = 223.7 sec
[TwinWall] projected 125 node(s)
Step =   1349: nodes = 4519, dt = 3.407568e-10, strain = 3.295267e-03, elapsed = 223.9 sec
[TwinWall] projected 121 node(s)
Step =   1350: nodes = 4515, dt = 1.022270e-10, strain = 3.296289e-03, elapsed = 224.2 sec
[TwinWall] projected 123 node(s)
Step =   1351: nodes = 4519, dt = 1.022270e-10, strain = 3.297311e-03, elapsed = 224.3 sec
[TwinWall] projected 123 node(s)
Step =   1352: nodes = 4532, dt = 1.226724e-10, strain = 3.298538e-03, elapsed = 224.5 sec
[TwinWall] projected 127 node(s)
Step =   1353: nodes = 4528, dt = 1.472069e-10, strain = 3.300010e-03, elapsed = 224.7 sec
[TwinWall] projected 128 node(s)
Step =   1354: nodes = 4539, dt = 1.766483e-10, strain = 3.301776e-03, elapsed = 224.9 sec
[TwinWall] projected 126 node(s)
Step =   1355: nodes = 4547, dt = 2.119780e-10, strain = 3.303896e-03, elapsed = 225.1 sec
[TwinWall] projected 128 node(s)
Step =   1356: nodes = 4553, dt = 2.543736e-10, strain = 3.306440e-03, elapsed = 225.3 sec
[TwinWall] projected 129 node(s)
Step =   1357: nodes = 4548, dt = 3.052483e-10, strain = 3.309492e-03, elapsed = 225.5 sec
[TwinWall] projected 130 node(s)
Step =   1358: nodes = 4550, dt = 1.831490e-10, strain = 3.311324e-03, elapsed = 225.7 sec
[TwinWall] projected 131 node(s)
Step =   1359: nodes = 4550, dt = 1.831490e-10, strain = 3.313155e-03, elapsed = 225.9 sec
[TwinWall] projected 125 node(s)
Step =   1360: nodes = 4556, dt = 2.197788e-10, strain = 3.315353e-03, elapsed = 226.1 sec
[TwinWall] projected 127 node(s)
Step =   1361: nodes = 4554, dt = 2.637345e-10, strain = 3.317991e-03, elapsed = 226.3 sec
[TwinWall] projected 134 node(s)
Step =   1362: nodes = 4542, dt = 3.164814e-10, strain = 3.321155e-03, elapsed = 226.5 sec
[TwinWall] projected 131 node(s)
Step =   1363: nodes = 4540, dt = 3.797777e-10, strain = 3.324953e-03, elapsed = 226.7 sec
[TwinWall] projected 130 node(s)
Step =   1364: nodes = 4541, dt = 2.278666e-10, strain = 3.327232e-03, elapsed = 227.0 sec
[TwinWall] projected 134 node(s)
Step =   1365: nodes = 4547, dt = 2.278666e-10, strain = 3.329510e-03, elapsed = 227.1 sec
[TwinWall] projected 134 node(s)
Step =   1366: nodes = 4562, dt = 2.734399e-10, strain = 3.332245e-03, elapsed = 227.3 sec
[TwinWall] projected 133 node(s)
Step =   1367: nodes = 4574, dt = 1.640640e-10, strain = 3.333885e-03, elapsed = 227.6 sec
[TwinWall] projected 133 node(s)
Step =   1368: nodes = 4576, dt = 1.640640e-10, strain = 3.335526e-03, elapsed = 227.8 sec
[TwinWall] projected 133 node(s)
Step =   1369: nodes = 4587, dt = 1.968768e-10, strain = 3.337495e-03, elapsed = 227.9 sec
[TwinWall] projected 131 node(s)
Step =   1370: nodes = 4588, dt = 2.362521e-10, strain = 3.339857e-03, elapsed = 228.1 sec
[TwinWall] projected 133 node(s)
Step =   1371: nodes = 4580, dt = 2.835025e-10, strain = 3.342692e-03, elapsed = 228.3 sec
[TwinWall] projected 135 node(s)
Step =   1372: nodes = 4588, dt = 3.402030e-10, strain = 3.346094e-03, elapsed = 228.6 sec
[TwinWall] projected 134 node(s)
Step =   1373: nodes = 4587, dt = 2.041218e-10, strain = 3.348136e-03, elapsed = 228.8 sec
[TwinWall] projected 135 node(s)
Step =   1374: nodes = 4590, dt = 2.041218e-10, strain = 3.350177e-03, elapsed = 229.0 sec
[TwinWall] projected 135 node(s)
Step =   1375: nodes = 4604, dt = 2.449462e-10, strain = 3.352626e-03, elapsed = 229.2 sec
[TwinWall] projected 141 node(s)
Step =   1376: nodes = 4617, dt = 2.939354e-10, strain = 3.355566e-03, elapsed = 229.4 sec
[TwinWall] projected 137 node(s)
Step =   1377: nodes = 4615, dt = 1.763613e-10, strain = 3.357329e-03, elapsed = 229.6 sec
[TwinWall] projected 137 node(s)
Step =   1378: nodes = 4619, dt = 1.763613e-10, strain = 3.359093e-03, elapsed = 229.8 sec
[TwinWall] projected 139 node(s)
Step =   1379: nodes = 4626, dt = 2.116335e-10, strain = 3.361209e-03, elapsed = 230.0 sec
[TwinWall] projected 136 node(s)
Step =   1380: nodes = 4633, dt = 2.539602e-10, strain = 3.363749e-03, elapsed = 230.2 sec
[TwinWall] projected 137 node(s)
Step =   1381: nodes = 4630, dt = 3.047523e-10, strain = 3.366796e-03, elapsed = 230.4 sec
[TwinWall] projected 137 node(s)
Step =   1382: nodes = 4634, dt = 1.828514e-10, strain = 3.368625e-03, elapsed = 230.6 sec
[TwinWall] projected 134 node(s)
Step =   1383: nodes = 4633, dt = 1.828514e-10, strain = 3.370453e-03, elapsed = 230.8 sec
[TwinWall] projected 137 node(s)
Step =   1384: nodes = 4639, dt = 2.194216e-10, strain = 3.372648e-03, elapsed = 231.0 sec
[TwinWall] projected 137 node(s)
Step =   1385: nodes = 4641, dt = 1.316530e-10, strain = 3.373964e-03, elapsed = 231.2 sec
[TwinWall] projected 137 node(s)
Step =   1386: nodes = 4639, dt = 1.316530e-10, strain = 3.375281e-03, elapsed = 231.4 sec
[TwinWall] projected 138 node(s)
Step =   1387: nodes = 4643, dt = 1.579836e-10, strain = 3.376861e-03, elapsed = 231.6 sec
[TwinWall] projected 137 node(s)
Step =   1388: nodes = 4648, dt = 1.895803e-10, strain = 3.378756e-03, elapsed = 231.8 sec
[TwinWall] projected 138 node(s)
Step =   1389: nodes = 4654, dt = 2.274963e-10, strain = 3.381031e-03, elapsed = 232.0 sec
[TwinWall] projected 140 node(s)
Step =   1390: nodes = 4642, dt = 2.729956e-10, strain = 3.383761e-03, elapsed = 232.2 sec
[TwinWall] projected 139 node(s)
Step =   1391: nodes = 4640, dt = 3.275947e-10, strain = 3.387037e-03, elapsed = 232.4 sec
[TwinWall] projected 142 node(s)
Step =   1392: nodes = 4642, dt = 1.965568e-10, strain = 3.389003e-03, elapsed = 232.7 sec
[TwinWall] projected 140 node(s)
Step =   1393: nodes = 4643, dt = 1.965568e-10, strain = 3.390968e-03, elapsed = 232.9 sec
[TwinWall] projected 143 node(s)
Step =   1394: nodes = 4648, dt = 2.358682e-10, strain = 3.393327e-03, elapsed = 233.0 sec
[TwinWall] projected 136 node(s)
Step =   1395: nodes = 4660, dt = 1.415209e-10, strain = 3.394742e-03, elapsed = 233.3 sec
[TwinWall] projected 138 node(s)
Step =   1396: nodes = 4665, dt = 1.415209e-10, strain = 3.396157e-03, elapsed = 233.5 sec
[TwinWall] projected 137 node(s)
Step =   1397: nodes = 4664, dt = 1.698251e-10, strain = 3.397856e-03, elapsed = 233.7 sec
[TwinWall] projected 140 node(s)
Step =   1398: nodes = 4666, dt = 2.037901e-10, strain = 3.399894e-03, elapsed = 233.8 sec
[TwinWall] projected 141 node(s)
Step =   1399: nodes = 4673, dt = 2.445482e-10, strain = 3.402339e-03, elapsed = 234.0 sec
[TwinWall] projected 137 node(s)
Step =   1400: nodes = 4682, dt = 1.467289e-10, strain = 3.403806e-03, elapsed = 234.3 sec
Writing configuration in legacy data format
 Output file: /data/home/dg000246b/openDIS/HomeWork/output_Cu_twin_rorient/config.1400.data
Writing restart file
 Restart file: /data/home/dg000246b/openDIS/HomeWork/output_Cu_twin_rorient/restart.1400.exadis
[TwinWall] projected 139 node(s)
Step =   1401: nodes = 4687, dt = 1.467289e-10, strain = 3.405274e-03, elapsed = 234.5 sec
[TwinWall] projected 141 node(s)
Step =   1402: nodes = 4696, dt = 1.760747e-10, strain = 3.407034e-03, elapsed = 234.7 sec
[TwinWall] projected 141 node(s)
Step =   1403: nodes = 4695, dt = 2.112896e-10, strain = 3.409147e-03, elapsed = 234.9 sec
[TwinWall] projected 142 node(s)
Step =   1404: nodes = 4700, dt = 2.535475e-10, strain = 3.411683e-03, elapsed = 235.1 sec
[TwinWall] projected 142 node(s)
Step =   1405: nodes = 4705, dt = 1.521285e-10, strain = 3.413204e-03, elapsed = 235.3 sec
[TwinWall] projected 142 node(s)
Step =   1406: nodes = 4707, dt = 1.521285e-10, strain = 3.414725e-03, elapsed = 235.5 sec
[TwinWall] projected 143 node(s)
Step =   1407: nodes = 4720, dt = 1.825542e-10, strain = 3.416551e-03, elapsed = 235.7 sec
[TwinWall] projected 144 node(s)
Step =   1408: nodes = 4723, dt = 2.190651e-10, strain = 3.418742e-03, elapsed = 235.9 sec
[TwinWall] projected 145 node(s)
Step =   1409: nodes = 4731, dt = 2.628781e-10, strain = 3.421370e-03, elapsed = 236.1 sec
[TwinWall] projected 147 node(s)
Step =   1410: nodes = 4730, dt = 3.154537e-10, strain = 3.424525e-03, elapsed = 236.3 sec
[TwinWall] projected 143 node(s)
Step =   1411: nodes = 4727, dt = 1.892722e-10, strain = 3.426418e-03, elapsed = 236.6 sec
[TwinWall] projected 145 node(s)
Step =   1412: nodes = 4727, dt = 1.892722e-10, strain = 3.428310e-03, elapsed = 236.8 sec
[TwinWall] projected 146 node(s)
Step =   1413: nodes = 4734, dt = 2.271267e-10, strain = 3.430582e-03, elapsed = 237.0 sec
[TwinWall] projected 149 node(s)
Step =   1414: nodes = 4747, dt = 2.725520e-10, strain = 3.433307e-03, elapsed = 237.2 sec
[TwinWall] projected 146 node(s)
Step =   1415: nodes = 4748, dt = 1.635312e-10, strain = 3.434942e-03, elapsed = 237.4 sec
[TwinWall] projected 147 node(s)
Step =   1416: nodes = 4752, dt = 1.635312e-10, strain = 3.436578e-03, elapsed = 237.6 sec
[TwinWall] projected 147 node(s)
Step =   1417: nodes = 4754, dt = 1.962374e-10, strain = 3.438540e-03, elapsed = 237.8 sec
[TwinWall] projected 144 node(s)
Step =   1418: nodes = 4767, dt = 2.354849e-10, strain = 3.440895e-03, elapsed = 238.0 sec
[TwinWall] projected 149 node(s)
Step =   1419: nodes = 4772, dt = 2.825819e-10, strain = 3.443721e-03, elapsed = 238.2 sec
[TwinWall] projected 154 node(s)
Step =   1420: nodes = 4762, dt = 3.390983e-10, strain = 3.447112e-03, elapsed = 238.5 sec
[TwinWall] projected 149 node(s)
Step =   1421: nodes = 4761, dt = 2.034590e-10, strain = 3.449146e-03, elapsed = 238.7 sec
[TwinWall] projected 149 node(s)
Step =   1422: nodes = 4773, dt = 2.034590e-10, strain = 3.451181e-03, elapsed = 238.9 sec
[TwinWall] projected 153 node(s)
Step =   1423: nodes = 4772, dt = 2.441508e-10, strain = 3.453622e-03, elapsed = 239.1 sec
[TwinWall] projected 150 node(s)
Step =   1424: nodes = 4776, dt = 2.929809e-10, strain = 3.456552e-03, elapsed = 239.3 sec
[TwinWall] projected 153 node(s)
Step =   1425: nodes = 4781, dt = 1.757885e-10, strain = 3.458310e-03, elapsed = 239.6 sec
[TwinWall] projected 154 node(s)
Step =   1426: nodes = 4795, dt = 1.757885e-10, strain = 3.460068e-03, elapsed = 239.8 sec
[TwinWall] projected 155 node(s)
Step =   1427: nodes = 4788, dt = 2.109463e-10, strain = 3.462177e-03, elapsed = 240.0 sec
[TwinWall] projected 155 node(s)
Step =   1428: nodes = 4801, dt = 1.265678e-10, strain = 3.463443e-03, elapsed = 240.2 sec
[TwinWall] projected 158 node(s)
Step =   1429: nodes = 4811, dt = 1.265678e-10, strain = 3.464709e-03, elapsed = 240.4 sec
[TwinWall] projected 157 node(s)
Step =   1430: nodes = 4818, dt = 1.518813e-10, strain = 3.466228e-03, elapsed = 240.6 sec
[TwinWall] projected 157 node(s)
Step =   1431: nodes = 4831, dt = 1.822576e-10, strain = 3.468050e-03, elapsed = 240.8 sec
[TwinWall] projected 158 node(s)
Step =   1432: nodes = 4846, dt = 2.187091e-10, strain = 3.470237e-03, elapsed = 241.0 sec
[TwinWall] projected 159 node(s)
Step =   1433: nodes = 4843, dt = 2.624509e-10, strain = 3.472862e-03, elapsed = 241.2 sec
[TwinWall] projected 159 node(s)
Step =   1434: nodes = 4834, dt = 1.574705e-10, strain = 3.474437e-03, elapsed = 241.4 sec
[TwinWall] projected 158 node(s)
Step =   1435: nodes = 4842, dt = 1.574705e-10, strain = 3.476011e-03, elapsed = 241.6 sec
[TwinWall] projected 161 node(s)
Step =   1436: nodes = 4845, dt = 1.889646e-10, strain = 3.477901e-03, elapsed = 241.8 sec
[TwinWall] projected 160 node(s)
Step =   1437: nodes = 4844, dt = 2.267576e-10, strain = 3.480168e-03, elapsed = 242.0 sec
[TwinWall] projected 175 node(s)
Step =   1438: nodes = 4849, dt = 2.721091e-10, strain = 3.482890e-03, elapsed = 242.2 sec
[TwinWall] projected 174 node(s)
Step =   1439: nodes = 4850, dt = 1.632655e-10, strain = 3.484522e-03, elapsed = 242.5 sec
[TwinWall] projected 175 node(s)
Step =   1440: nodes = 4845, dt = 1.632655e-10, strain = 3.486155e-03, elapsed = 242.7 sec
[TwinWall] projected 174 node(s)
Step =   1441: nodes = 4845, dt = 1.959185e-10, strain = 3.488114e-03, elapsed = 242.9 sec
[TwinWall] projected 182 node(s)
Step =   1442: nodes = 4849, dt = 2.351023e-10, strain = 3.490465e-03, elapsed = 243.1 sec
[TwinWall] projected 187 node(s)
Step =   1443: nodes = 4837, dt = 2.821227e-10, strain = 3.493286e-03, elapsed = 243.3 sec
[TwinWall] projected 185 node(s)
Step =   1444: nodes = 4842, dt = 1.692736e-10, strain = 3.494979e-03, elapsed = 243.5 sec
[TwinWall] projected 182 node(s)
Step =   1445: nodes = 4836, dt = 1.692736e-10, strain = 3.496672e-03, elapsed = 243.7 sec
[TwinWall] projected 186 node(s)
Step =   1446: nodes = 4844, dt = 2.031283e-10, strain = 3.498703e-03, elapsed = 243.9 sec
[TwinWall] projected 188 node(s)
Step =   1447: nodes = 4857, dt = 2.437540e-10, strain = 3.501141e-03, elapsed = 244.1 sec
[TwinWall] projected 190 node(s)
Step =   1448: nodes = 4852, dt = 2.925048e-10, strain = 3.504066e-03, elapsed = 244.3 sec
[TwinWall] projected 192 node(s)
Step =   1449: nodes = 4850, dt = 1.755029e-10, strain = 3.505821e-03, elapsed = 244.6 sec
[TwinWall] projected 191 node(s)
Step =   1450: nodes = 4853, dt = 1.755029e-10, strain = 3.507576e-03, elapsed = 244.8 sec
[TwinWall] projected 193 node(s)
Step =   1451: nodes = 4865, dt = 2.106035e-10, strain = 3.509682e-03, elapsed = 245.0 sec
[TwinWall] projected 195 node(s)
Step =   1452: nodes = 4862, dt = 2.527242e-10, strain = 3.512209e-03, elapsed = 245.2 sec
[TwinWall] projected 199 node(s)
Step =   1453: nodes = 4850, dt = 3.032690e-10, strain = 3.515242e-03, elapsed = 245.4 sec
[TwinWall] projected 205 node(s)
Step =   1454: nodes = 4857, dt = 3.639228e-10, strain = 3.518881e-03, elapsed = 245.6 sec
[TwinWall] projected 204 node(s)
Step =   1455: nodes = 4861, dt = 2.183537e-10, strain = 3.521064e-03, elapsed = 245.8 sec
[TwinWall] projected 206 node(s)
Step =   1456: nodes = 4868, dt = 2.183537e-10, strain = 3.523248e-03, elapsed = 246.0 sec
[TwinWall] projected 206 node(s)
Step =   1457: nodes = 4868, dt = 2.620244e-10, strain = 3.525868e-03, elapsed = 246.2 sec
[TwinWall] projected 209 node(s)
Step =   1458: nodes = 4861, dt = 3.144293e-10, strain = 3.529012e-03, elapsed = 246.5 sec
[TwinWall] projected 209 node(s)
Step =   1459: nodes = 4884, dt = 1.886576e-10, strain = 3.530899e-03, elapsed = 246.7 sec
[TwinWall] projected 206 node(s)
Step =   1460: nodes = 4891, dt = 1.886576e-10, strain = 3.532786e-03, elapsed = 246.9 sec
[TwinWall] projected 213 node(s)
Step =   1461: nodes = 4908, dt = 2.263891e-10, strain = 3.535050e-03, elapsed = 247.1 sec
[TwinWall] projected 217 node(s)
Step =   1462: nodes = 4921, dt = 2.716669e-10, strain = 3.537766e-03, elapsed = 247.3 sec
[TwinWall] projected 215 node(s)
Step =   1463: nodes = 4925, dt = 1.630001e-10, strain = 3.539396e-03, elapsed = 247.5 sec
[TwinWall] projected 211 node(s)
Step =   1464: nodes = 4933, dt = 1.630001e-10, strain = 3.541026e-03, elapsed = 247.7 sec
[TwinWall] projected 214 node(s)
Step =   1465: nodes = 4941, dt = 1.956002e-10, strain = 3.542982e-03, elapsed = 247.9 sec
[TwinWall] projected 215 node(s)
Step =   1466: nodes = 4952, dt = 2.347202e-10, strain = 3.545329e-03, elapsed = 248.1 sec
[TwinWall] projected 217 node(s)
Step =   1467: nodes = 4956, dt = 2.816643e-10, strain = 3.548146e-03, elapsed = 248.3 sec
[TwinWall] projected 219 node(s)
Step =   1468: nodes = 4964, dt = 1.689986e-10, strain = 3.549836e-03, elapsed = 248.6 sec
[TwinWall] projected 215 node(s)
Step =   1469: nodes = 4959, dt = 1.689986e-10, strain = 3.551526e-03, elapsed = 248.8 sec
[TwinWall] projected 219 node(s)
Step =   1470: nodes = 4969, dt = 2.027983e-10, strain = 3.553554e-03, elapsed = 248.9 sec
[TwinWall] projected 218 node(s)
Step =   1471: nodes = 4977, dt = 2.433579e-10, strain = 3.555988e-03, elapsed = 249.1 sec
[TwinWall] projected 220 node(s)
Step =   1472: nodes = 4978, dt = 2.920295e-10, strain = 3.558908e-03, elapsed = 249.4 sec
[TwinWall] projected 223 node(s)
Step =   1473: nodes = 4989, dt = 1.752177e-10, strain = 3.560660e-03, elapsed = 249.6 sec
[TwinWall] projected 226 node(s)
Step =   1474: nodes = 4999, dt = 1.752177e-10, strain = 3.562412e-03, elapsed = 249.8 sec
[TwinWall] projected 228 node(s)
Step =   1475: nodes = 5007, dt = 2.102612e-10, strain = 3.564515e-03, elapsed = 250.0 sec
[TwinWall] projected 226 node(s)
Step =   1476: nodes = 5014, dt = 2.523135e-10, strain = 3.567038e-03, elapsed = 250.2 sec
[TwinWall] projected 228 node(s)
Step =   1477: nodes = 5018, dt = 3.027762e-10, strain = 3.570066e-03, elapsed = 250.7 sec
[TwinWall] projected 231 node(s)
Step =   1478: nodes = 5029, dt = 1.816657e-10, strain = 3.571882e-03, elapsed = 250.9 sec
[TwinWall] projected 231 node(s)
Step =   1479: nodes = 5038, dt = 1.816657e-10, strain = 3.573699e-03, elapsed = 251.1 sec
[TwinWall] projected 233 node(s)
Step =   1480: nodes = 5039, dt = 2.179989e-10, strain = 3.575879e-03, elapsed = 251.3 sec
[TwinWall] projected 237 node(s)
Step =   1481: nodes = 5053, dt = 2.615986e-10, strain = 3.578495e-03, elapsed = 251.6 sec
[TwinWall] projected 237 node(s)
Step =   1482: nodes = 5045, dt = 3.139183e-10, strain = 3.581634e-03, elapsed = 251.8 sec
[TwinWall] projected 232 node(s)
Step =   1483: nodes = 5040, dt = 1.883510e-10, strain = 3.583518e-03, elapsed = 252.1 sec
[TwinWall] projected 232 node(s)
Step =   1484: nodes = 5045, dt = 1.883510e-10, strain = 3.585401e-03, elapsed = 252.3 sec
[TwinWall] projected 233 node(s)
Step =   1485: nodes = 5046, dt = 2.260212e-10, strain = 3.587661e-03, elapsed = 252.4 sec
[TwinWall] projected 232 node(s)
Step =   1486: nodes = 5043, dt = 1.356127e-10, strain = 3.589018e-03, elapsed = 252.7 sec
[TwinWall] projected 235 node(s)
Step =   1487: nodes = 5049, dt = 1.356127e-10, strain = 3.590374e-03, elapsed = 252.9 sec
[TwinWall] projected 238 node(s)
Step =   1488: nodes = 5057, dt = 1.627353e-10, strain = 3.592001e-03, elapsed = 253.1 sec
[TwinWall] projected 242 node(s)
Step =   1489: nodes = 5059, dt = 1.952823e-10, strain = 3.593954e-03, elapsed = 253.3 sec
[TwinWall] projected 249 node(s)
Step =   1490: nodes = 5059, dt = 2.343388e-10, strain = 3.596297e-03, elapsed = 253.5 sec
[TwinWall] projected 247 node(s)
Step =   1491: nodes = 5052, dt = 2.812065e-10, strain = 3.599109e-03, elapsed = 253.7 sec
[TwinWall] projected 248 node(s)
Step =   1492: nodes = 5073, dt = 1.687239e-10, strain = 3.600797e-03, elapsed = 254.0 sec
[TwinWall] projected 243 node(s)
Step =   1493: nodes = 5074, dt = 1.687239e-10, strain = 3.602484e-03, elapsed = 254.2 sec
[TwinWall] projected 248 node(s)
Step =   1494: nodes = 5082, dt = 2.024687e-10, strain = 3.604508e-03, elapsed = 254.4 sec
[TwinWall] projected 253 node(s)
Step =   1495: nodes = 5089, dt = 2.429625e-10, strain = 3.606938e-03, elapsed = 254.6 sec
[TwinWall] projected 250 node(s)
Step =   1496: nodes = 5096, dt = 1.457775e-10, strain = 3.608396e-03, elapsed = 254.8 sec
[TwinWall] projected 249 node(s)
Step =   1497: nodes = 5096, dt = 1.457775e-10, strain = 3.609854e-03, elapsed = 255.0 sec
[TwinWall] projected 250 node(s)
Step =   1498: nodes = 5106, dt = 1.749330e-10, strain = 3.611603e-03, elapsed = 255.2 sec
[TwinWall] projected 250 node(s)
Step =   1499: nodes = 5112, dt = 2.099196e-10, strain = 3.613702e-03, elapsed = 255.4 sec
[TwinWall] projected 245 node(s)
Step =   1500: nodes = 5118, dt = 1.259517e-10, strain = 3.614962e-03, elapsed = 255.7 sec
Writing configuration in legacy data format
 Output file: /data/home/dg000246b/openDIS/HomeWork/output_Cu_twin_rorient/config.1500.data
Writing restart file
 Restart file: /data/home/dg000246b/openDIS/HomeWork/output_Cu_twin_rorient/restart.1500.exadis
[TwinWall] projected 250 node(s)
Step =   1501: nodes = 5123, dt = 1.259517e-10, strain = 3.616221e-03, elapsed = 255.9 sec
[TwinWall] projected 254 node(s)
Step =   1502: nodes = 5127, dt = 1.511421e-10, strain = 3.617733e-03, elapsed = 256.1 sec
[TwinWall] projected 256 node(s)
Step =   1503: nodes = 5130, dt = 1.813705e-10, strain = 3.619546e-03, elapsed = 256.3 sec
[TwinWall] projected 255 node(s)
Step =   1504: nodes = 5130, dt = 1.088223e-10, strain = 3.620635e-03, elapsed = 256.6 sec
[TwinWall] projected 251 node(s)
Step =   1505: nodes = 5131, dt = 1.088223e-10, strain = 3.621723e-03, elapsed = 256.8 sec
[TwinWall] projected 251 node(s)
Step =   1506: nodes = 5138, dt = 1.305868e-10, strain = 3.623029e-03, elapsed = 256.9 sec
[TwinWall] projected 251 node(s)
Step =   1507: nodes = 5147, dt = 1.567041e-10, strain = 3.624596e-03, elapsed = 257.1 sec
[TwinWall] projected 261 node(s)
Step =   1508: nodes = 5162, dt = 1.880449e-10, strain = 3.626476e-03, elapsed = 257.3 sec
[TwinWall] projected 272 node(s)
Step =   1509: nodes = 5183, dt = 2.256539e-10, strain = 3.628733e-03, elapsed = 257.6 sec
[TwinWall] projected 273 node(s)
Step =   1510: nodes = 5177, dt = 2.707847e-10, strain = 3.631441e-03, elapsed = 257.8 sec
[TwinWall] projected 275 node(s)
Step =   1511: nodes = 5179, dt = 1.624708e-10, strain = 3.633065e-03, elapsed = 258.0 sec
[TwinWall] projected 274 node(s)
Step =   1512: nodes = 5183, dt = 1.624708e-10, strain = 3.634690e-03, elapsed = 258.2 sec
[TwinWall] projected 276 node(s)
Step =   1513: nodes = 5189, dt = 9.748250e-11, strain = 3.635665e-03, elapsed = 258.5 sec
[TwinWall] projected 264 node(s)
Step =   1514: nodes = 5192, dt = 9.748250e-11, strain = 3.636640e-03, elapsed = 258.7 sec
[TwinWall] projected 276 node(s)
Step =   1515: nodes = 5201, dt = 1.169790e-10, strain = 3.637809e-03, elapsed = 258.9 sec
[TwinWall] projected 277 node(s)
Step =   1516: nodes = 5208, dt = 1.403748e-10, strain = 3.639213e-03, elapsed = 259.0 sec
[TwinWall] projected 274 node(s)
Step =   1517: nodes = 5209, dt = 1.684498e-10, strain = 3.640898e-03, elapsed = 259.2 sec
[TwinWall] projected 280 node(s)
Step =   1518: nodes = 5226, dt = 2.021397e-10, strain = 3.642919e-03, elapsed = 259.4 sec
[TwinWall] projected 281 node(s)
Step =   1519: nodes = 5242, dt = 1.212838e-10, strain = 3.644132e-03, elapsed = 259.7 sec
[TwinWall] projected 284 node(s)
Step =   1520: nodes = 5243, dt = 1.212838e-10, strain = 3.645345e-03, elapsed = 259.9 sec
[TwinWall] projected 288 node(s)
Step =   1521: nodes = 5253, dt = 1.455406e-10, strain = 3.646800e-03, elapsed = 260.1 sec
[TwinWall] projected 291 node(s)
Step =   1522: nodes = 5261, dt = 1.746487e-10, strain = 3.648547e-03, elapsed = 260.3 sec
[TwinWall] projected 293 node(s)
Step =   1523: nodes = 5269, dt = 2.095784e-10, strain = 3.650642e-03, elapsed = 260.5 sec
[TwinWall] projected 300 node(s)
Step =   1524: nodes = 5276, dt = 2.514941e-10, strain = 3.653157e-03, elapsed = 260.7 sec
[TwinWall] projected 307 node(s)
Step =   1525: nodes = 5281, dt = 3.017930e-10, strain = 3.656175e-03, elapsed = 260.9 sec
[TwinWall] projected 312 node(s)
Step =   1526: nodes = 5283, dt = 1.810758e-10, strain = 3.657986e-03, elapsed = 261.2 sec
[TwinWall] projected 308 node(s)
Step =   1527: nodes = 5288, dt = 1.810758e-10, strain = 3.659797e-03, elapsed = 261.4 sec
[TwinWall] projected 312 node(s)
Step =   1528: nodes = 5309, dt = 2.172909e-10, strain = 3.661970e-03, elapsed = 261.6 sec
[TwinWall] projected 312 node(s)
Step =   1529: nodes = 5309, dt = 2.607491e-10, strain = 3.664577e-03, elapsed = 261.9 sec
[TwinWall] projected 308 node(s)
Step =   1530: nodes = 5316, dt = 1.564495e-10, strain = 3.666142e-03, elapsed = 262.1 sec
[TwinWall] projected 319 node(s)
Step =   1531: nodes = 5329, dt = 1.564495e-10, strain = 3.667706e-03, elapsed = 262.3 sec
[TwinWall] projected 312 node(s)
Step =   1532: nodes = 5338, dt = 9.386968e-11, strain = 3.668645e-03, elapsed = 262.6 sec
[TwinWall] projected 310 node(s)
Step =   1533: nodes = 5340, dt = 9.386968e-11, strain = 3.669584e-03, elapsed = 262.8 sec
[TwinWall] projected 309 node(s)
Step =   1534: nodes = 5339, dt = 1.126436e-10, strain = 3.670710e-03, elapsed = 263.0 sec
[TwinWall] projected 312 node(s)
Step =   1535: nodes = 5354, dt = 1.351723e-10, strain = 3.672062e-03, elapsed = 263.2 sec
[TwinWall] projected 319 node(s)
Step =   1536: nodes = 5368, dt = 1.622068e-10, strain = 3.673684e-03, elapsed = 263.3 sec
[TwinWall] projected 326 node(s)
Step =   1537: nodes = 5374, dt = 1.946482e-10, strain = 3.675630e-03, elapsed = 263.6 sec
[TwinWall] projected 327 node(s)
Step =   1538: nodes = 5380, dt = 2.335778e-10, strain = 3.677966e-03, elapsed = 263.8 sec
[TwinWall] projected 319 node(s)
Step =   1539: nodes = 5387, dt = 1.401467e-10, strain = 3.679368e-03, elapsed = 264.1 sec
[TwinWall] projected 326 node(s)
Step =   1540: nodes = 5401, dt = 1.401467e-10, strain = 3.680769e-03, elapsed = 264.3 sec
[TwinWall] projected 328 node(s)
Step =   1541: nodes = 5406, dt = 1.681760e-10, strain = 3.682451e-03, elapsed = 264.5 sec
[TwinWall] projected 329 node(s)
Step =   1542: nodes = 5407, dt = 2.018112e-10, strain = 3.684469e-03, elapsed = 264.7 sec
[TwinWall] projected 334 node(s)
Step =   1543: nodes = 5410, dt = 2.421735e-10, strain = 3.686891e-03, elapsed = 264.9 sec
[TwinWall] projected 335 node(s)
Step =   1544: nodes = 5420, dt = 1.453041e-10, strain = 3.688344e-03, elapsed = 265.2 sec
[TwinWall] projected 332 node(s)
Step =   1545: nodes = 5427, dt = 1.453041e-10, strain = 3.689797e-03, elapsed = 265.4 sec
[TwinWall] projected 336 node(s)
Step =   1546: nodes = 5447, dt = 1.743649e-10, strain = 3.691540e-03, elapsed = 265.6 sec
[TwinWall] projected 338 node(s)
Step =   1547: nodes = 5451, dt = 2.092379e-10, strain = 3.693633e-03, elapsed = 265.8 sec
[TwinWall] projected 337 node(s)
Step =   1548: nodes = 5455, dt = 2.510855e-10, strain = 3.696144e-03, elapsed = 266.0 sec
[TwinWall] projected 339 node(s)
Step =   1549: nodes = 5472, dt = 1.506513e-10, strain = 3.697650e-03, elapsed = 266.3 sec
[TwinWall] projected 344 node(s)
Step =   1550: nodes = 5474, dt = 1.506513e-10, strain = 3.699157e-03, elapsed = 266.5 sec
[TwinWall] projected 344 node(s)
Step =   1551: nodes = 5484, dt = 1.807815e-10, strain = 3.700964e-03, elapsed = 266.7 sec
[TwinWall] projected 350 node(s)
Step =   1552: nodes = 5505, dt = 2.169378e-10, strain = 3.703134e-03, elapsed = 266.9 sec
[TwinWall] projected 342 node(s)
Step =   1553: nodes = 5512, dt = 1.301627e-10, strain = 3.704435e-03, elapsed = 267.2 sec
[TwinWall] projected 341 node(s)
Step =   1554: nodes = 5515, dt = 1.301627e-10, strain = 3.705737e-03, elapsed = 267.4 sec
[TwinWall] projected 346 node(s)
Step =   1555: nodes = 5519, dt = 1.561952e-10, strain = 3.707299e-03, elapsed = 267.6 sec
[TwinWall] projected 344 node(s)
Step =   1556: nodes = 5542, dt = 1.874343e-10, strain = 3.709173e-03, elapsed = 267.8 sec
[TwinWall] projected 345 node(s)
Step =   1557: nodes = 5543, dt = 2.249211e-10, strain = 3.711423e-03, elapsed = 268.1 sec
[TwinWall] projected 337 node(s)
Step =   1558: nodes = 5548, dt = 1.349527e-10, strain = 3.712772e-03, elapsed = 268.3 sec
[TwinWall] projected 343 node(s)
Step =   1559: nodes = 5556, dt = 1.349527e-10, strain = 3.714122e-03, elapsed = 268.5 sec
[TwinWall] projected 346 node(s)
Step =   1560: nodes = 5558, dt = 1.619432e-10, strain = 3.715741e-03, elapsed = 268.8 sec
[TwinWall] projected 350 node(s)
Step =   1561: nodes = 5562, dt = 1.943319e-10, strain = 3.717684e-03, elapsed = 269.0 sec
[TwinWall] projected 355 node(s)
Step =   1562: nodes = 5572, dt = 2.331982e-10, strain = 3.720016e-03, elapsed = 269.2 sec
[TwinWall] projected 350 node(s)
Step =   1563: nodes = 5587, dt = 1.399189e-10, strain = 3.721416e-03, elapsed = 269.5 sec
[TwinWall] projected 346 node(s)
Step =   1564: nodes = 5595, dt = 1.399189e-10, strain = 3.722815e-03, elapsed = 269.7 sec
[TwinWall] projected 357 node(s)
Step =   1565: nodes = 5614, dt = 1.679027e-10, strain = 3.724494e-03, elapsed = 269.9 sec
[TwinWall] projected 353 node(s)
Step =   1566: nodes = 5631, dt = 2.014833e-10, strain = 3.726509e-03, elapsed = 270.1 sec
[TwinWall] projected 355 node(s)
Step =   1567: nodes = 5621, dt = 2.417799e-10, strain = 3.728926e-03, elapsed = 270.4 sec
[TwinWall] projected 354 node(s)
Step =   1568: nodes = 5633, dt = 1.450680e-10, strain = 3.730377e-03, elapsed = 270.7 sec
[TwinWall] projected 352 node(s)
Step =   1569: nodes = 5638, dt = 1.450680e-10, strain = 3.731828e-03, elapsed = 270.9 sec
[TwinWall] projected 356 node(s)
Step =   1570: nodes = 5649, dt = 1.740816e-10, strain = 3.733569e-03, elapsed = 271.1 sec
[TwinWall] projected 357 node(s)
Step =   1571: nodes = 5665, dt = 2.088979e-10, strain = 3.735658e-03, elapsed = 271.3 sec
[TwinWall] projected 364 node(s)
Step =   1572: nodes = 5668, dt = 2.506774e-10, strain = 3.738164e-03, elapsed = 271.5 sec
[TwinWall] projected 358 node(s)
Step =   1573: nodes = 5671, dt = 1.504065e-10, strain = 3.739668e-03, elapsed = 271.8 sec
[TwinWall] projected 361 node(s)
Step =   1574: nodes = 5681, dt = 1.504065e-10, strain = 3.741172e-03, elapsed = 272.0 sec
[TwinWall] projected 349 node(s)
Step =   1575: nodes = 5692, dt = 1.804878e-10, strain = 3.742977e-03, elapsed = 272.3 sec
[TwinWall] projected 368 node(s)
Step =   1576: nodes = 5697, dt = 2.165853e-10, strain = 3.745143e-03, elapsed = 272.5 sec
[TwinWall] projected 365 node(s)
Step =   1577: nodes = 5705, dt = 2.599024e-10, strain = 3.747742e-03, elapsed = 272.7 sec
[TwinWall] projected 367 node(s)
Step =   1578: nodes = 5707, dt = 1.559414e-10, strain = 3.749302e-03, elapsed = 273.0 sec
[TwinWall] projected 359 node(s)
Step =   1579: nodes = 5714, dt = 1.559414e-10, strain = 3.750861e-03, elapsed = 273.2 sec
[TwinWall] projected 370 node(s)
Step =   1580: nodes = 5723, dt = 1.871297e-10, strain = 3.752732e-03, elapsed = 273.5 sec
[TwinWall] projected 370 node(s)
Step =   1581: nodes = 5728, dt = 2.245556e-10, strain = 3.754978e-03, elapsed = 273.7 sec
[TwinWall] projected 371 node(s)
Step =   1582: nodes = 5730, dt = 1.347334e-10, strain = 3.756325e-03, elapsed = 274.0 sec
[TwinWall] projected 366 node(s)
Step =   1583: nodes = 5745, dt = 1.347334e-10, strain = 3.757673e-03, elapsed = 274.2 sec
[TwinWall] projected 372 node(s)
Step =   1584: nodes = 5751, dt = 1.616801e-10, strain = 3.759289e-03, elapsed = 274.4 sec
[TwinWall] projected 374 node(s)
Step =   1585: nodes = 5759, dt = 1.940161e-10, strain = 3.761229e-03, elapsed = 274.7 sec
[TwinWall] projected 371 node(s)
Step =   1586: nodes = 5757, dt = 2.328193e-10, strain = 3.763558e-03, elapsed = 274.9 sec
[TwinWall] projected 380 node(s)
Step =   1587: nodes = 5744, dt = 2.793832e-10, strain = 3.766352e-03, elapsed = 275.3 sec
[TwinWall] projected 377 node(s)
Step =   1588: nodes = 5745, dt = 1.676299e-10, strain = 3.768028e-03, elapsed = 275.5 sec
[TwinWall] projected 378 node(s)
Step =   1589: nodes = 5757, dt = 1.676299e-10, strain = 3.769704e-03, elapsed = 275.8 sec
[TwinWall] projected 379 node(s)
Step =   1590: nodes = 5765, dt = 2.011559e-10, strain = 3.771716e-03, elapsed = 276.0 sec
[TwinWall] projected 386 node(s)
Step =   1591: nodes = 5788, dt = 2.413870e-10, strain = 3.774130e-03, elapsed = 276.2 sec
[TwinWall] projected 390 node(s)
Step =   1592: nodes = 5773, dt = 2.896645e-10, strain = 3.777026e-03, elapsed = 276.5 sec
[TwinWall] projected 384 node(s)
Step =   1593: nodes = 5778, dt = 1.737987e-10, strain = 3.778764e-03, elapsed = 276.8 sec
[TwinWall] projected 388 node(s)
Step =   1594: nodes = 5792, dt = 1.737987e-10, strain = 3.780502e-03, elapsed = 277.0 sec
[TwinWall] projected 390 node(s)
Step =   1595: nodes = 5798, dt = 2.085584e-10, strain = 3.782588e-03, elapsed = 277.2 sec
[TwinWall] projected 395 node(s)
Step =   1596: nodes = 5819, dt = 2.502701e-10, strain = 3.785090e-03, elapsed = 277.5 sec
[TwinWall] projected 390 node(s)
Step =   1597: nodes = 5831, dt = 1.501621e-10, strain = 3.786592e-03, elapsed = 277.8 sec
[TwinWall] projected 393 node(s)
Step =   1598: nodes = 5836, dt = 1.501621e-10, strain = 3.788094e-03, elapsed = 278.0 sec
[TwinWall] projected 388 node(s)
Step =   1599: nodes = 5845, dt = 1.801945e-10, strain = 3.789896e-03, elapsed = 278.2 sec
[TwinWall] projected 391 node(s)
Step =   1600: nodes = 5848, dt = 2.162334e-10, strain = 3.792058e-03, elapsed = 278.5 sec
Writing configuration in legacy data format
 Output file: /data/home/dg000246b/openDIS/HomeWork/output_Cu_twin_rorient/config.1600.data
Writing restart file
 Restart file: /data/home/dg000246b/openDIS/HomeWork/output_Cu_twin_rorient/restart.1600.exadis
[TwinWall] projected 389 node(s)
Step =   1601: nodes = 5876, dt = 2.594800e-10, strain = 3.794653e-03, elapsed = 278.8 sec
[TwinWall] projected 386 node(s)
Step =   1602: nodes = 5890, dt = 1.556880e-10, strain = 3.796210e-03, elapsed = 279.1 sec
[TwinWall] projected 387 node(s)
Step =   1603: nodes = 5900, dt = 1.556880e-10, strain = 3.797767e-03, elapsed = 279.3 sec
[TwinWall] projected 385 node(s)
Step =   1604: nodes = 5919, dt = 1.868256e-10, strain = 3.799635e-03, elapsed = 279.6 sec
[TwinWall] projected 385 node(s)
Step =   1605: nodes = 5927, dt = 2.241907e-10, strain = 3.801877e-03, elapsed = 279.8 sec
[TwinWall] projected 379 node(s)
Step =   1606: nodes = 5929, dt = 1.345144e-10, strain = 3.803222e-03, elapsed = 280.1 sec
[TwinWall] projected 376 node(s)
Step =   1607: nodes = 5928, dt = 1.345144e-10, strain = 3.804567e-03, elapsed = 280.7 sec
[TwinWall] projected 385 node(s)
Step =   1608: nodes = 5936, dt = 1.614173e-10, strain = 3.806181e-03, elapsed = 280.9 sec
[TwinWall] projected 383 node(s)
Step =   1609: nodes = 5948, dt = 1.937008e-10, strain = 3.808118e-03, elapsed = 281.1 sec
[TwinWall] projected 384 node(s)
Step =   1610: nodes = 5939, dt = 2.324410e-10, strain = 3.810443e-03, elapsed = 281.4 sec
[TwinWall] projected 388 node(s)
Step =   1611: nodes = 5934, dt = 2.789292e-10, strain = 3.813232e-03, elapsed = 281.7 sec
[TwinWall] projected 387 node(s)
Step =   1612: nodes = 5942, dt = 1.673575e-10, strain = 3.814905e-03, elapsed = 282.0 sec
[TwinWall] projected 383 node(s)
Step =   1613: nodes = 5941, dt = 1.673575e-10, strain = 3.816579e-03, elapsed = 282.2 sec
[TwinWall] projected 388 node(s)
Step =   1614: nodes = 5956, dt = 2.008290e-10, strain = 3.818587e-03, elapsed = 282.5 sec
[TwinWall] projected 395 node(s)
Step =   1615: nodes = 5981, dt = 2.409948e-10, strain = 3.820997e-03, elapsed = 282.7 sec
[TwinWall] projected 394 node(s)
Step =   1616: nodes = 5991, dt = 2.891938e-10, strain = 3.823889e-03, elapsed = 283.0 sec
[TwinWall] projected 401 node(s)
Step =   1617: nodes = 5987, dt = 3.470325e-10, strain = 3.827359e-03, elapsed = 283.3 sec
[TwinWall] projected 394 node(s)
Step =   1618: nodes = 6000, dt = 2.082195e-10, strain = 3.829442e-03, elapsed = 283.6 sec
[TwinWall] projected 394 node(s)
Step =   1619: nodes = 6015, dt = 2.082195e-10, strain = 3.831524e-03, elapsed = 283.8 sec
[TwinWall] projected 394 node(s)
Step =   1620: nodes = 6031, dt = 2.498634e-10, strain = 3.834023e-03, elapsed = 284.1 sec
[TwinWall] projected 402 node(s)
Step =   1621: nodes = 6055, dt = 2.998361e-10, strain = 3.837021e-03, elapsed = 284.3 sec
[TwinWall] projected 396 node(s)
Step =   1622: nodes = 6064, dt = 1.799016e-10, strain = 3.838820e-03, elapsed = 284.7 sec
[TwinWall] projected 393 node(s)
Step =   1623: nodes = 6089, dt = 1.799016e-10, strain = 3.840619e-03, elapsed = 284.9 sec
[TwinWall] projected 397 node(s)
Step =   1624: nodes = 6113, dt = 2.158820e-10, strain = 3.842778e-03, elapsed = 285.2 sec
[TwinWall] projected 406 node(s)
Step =   1625: nodes = 6126, dt = 2.590584e-10, strain = 3.845368e-03, elapsed = 285.4 sec
[TwinWall] projected 397 node(s)
Step =   1626: nodes = 6131, dt = 1.554350e-10, strain = 3.846923e-03, elapsed = 285.8 sec
[TwinWall] projected 390 node(s)
Step =   1627: nodes = 6144, dt = 1.554350e-10, strain = 3.848477e-03, elapsed = 286.0 sec
[TwinWall] projected 390 node(s)
Step =   1628: nodes = 6152, dt = 1.865220e-10, strain = 3.850342e-03, elapsed = 286.2 sec
[TwinWall] projected 394 node(s)
Step =   1629: nodes = 6165, dt = 1.119132e-10, strain = 3.851461e-03, elapsed = 286.5 sec
[TwinWall] projected 390 node(s)
Step =   1630: nodes = 6179, dt = 1.119132e-10, strain = 3.852581e-03, elapsed = 286.8 sec
[TwinWall] projected 393 node(s)
Step =   1631: nodes = 6184, dt = 1.342959e-10, strain = 3.853923e-03, elapsed = 287.0 sec
[TwinWall] projected 393 node(s)
Step =   1632: nodes = 6207, dt = 1.611550e-10, strain = 3.855535e-03, elapsed = 287.3 sec
[TwinWall] projected 396 node(s)
Step =   1633: nodes = 6223, dt = 1.933860e-10, strain = 3.857469e-03, elapsed = 287.5 sec
[TwinWall] projected 401 node(s)
Step =   1634: nodes = 6251, dt = 2.320632e-10, strain = 3.859790e-03, elapsed = 287.8 sec
[TwinWall] projected 395 node(s)
Step =   1635: nodes = 6260, dt = 1.392379e-10, strain = 3.861182e-03, elapsed = 288.1 sec
[TwinWall] projected 398 node(s)
Step =   1636: nodes = 6261, dt = 1.392379e-10, strain = 3.862574e-03, elapsed = 288.3 sec
[TwinWall] projected 404 node(s)
Step =   1637: nodes = 6287, dt = 1.670855e-10, strain = 3.864245e-03, elapsed = 288.6 sec
[TwinWall] projected 406 node(s)
Step =   1638: nodes = 6303, dt = 2.005026e-10, strain = 3.866250e-03, elapsed = 288.8 sec
[TwinWall] projected 409 node(s)
Step =   1639: nodes = 6317, dt = 2.406032e-10, strain = 3.868656e-03, elapsed = 289.1 sec
[TwinWall] projected 405 node(s)
Step =   1640: nodes = 6338, dt = 1.443619e-10, strain = 3.870100e-03, elapsed = 289.4 sec
[TwinWall] projected 400 node(s)
Step =   1641: nodes = 6341, dt = 1.443619e-10, strain = 3.871543e-03, elapsed = 289.7 sec
[TwinWall] projected 400 node(s)
Step =   1642: nodes = 6363, dt = 1.732343e-10, strain = 3.873276e-03, elapsed = 289.9 sec
[TwinWall] projected 405 node(s)
Step =   1643: nodes = 6379, dt = 2.078811e-10, strain = 3.875355e-03, elapsed = 290.2 sec
[TwinWall] projected 404 node(s)
Step =   1644: nodes = 6408, dt = 2.494574e-10, strain = 3.877849e-03, elapsed = 290.5 sec
[TwinWall] projected 408 node(s)
Step =   1645: nodes = 6419, dt = 1.496744e-10, strain = 3.879346e-03, elapsed = 290.8 sec
[TwinWall] projected 407 node(s)
Step =   1646: nodes = 6439, dt = 1.496744e-10, strain = 3.880843e-03, elapsed = 291.1 sec
[TwinWall] projected 413 node(s)
Step =   1647: nodes = 6446, dt = 1.796093e-10, strain = 3.882639e-03, elapsed = 291.3 sec
[TwinWall] projected 412 node(s)
Step =   1648: nodes = 6465, dt = 2.155312e-10, strain = 3.884794e-03, elapsed = 291.6 sec
[TwinWall] projected 415 node(s)
Step =   1649: nodes = 6451, dt = 2.586374e-10, strain = 3.887380e-03, elapsed = 291.9 sec
[TwinWall] projected 424 node(s)
Step =   1650: nodes = 6451, dt = 3.103649e-10, strain = 3.890484e-03, elapsed = 292.2 sec
[TwinWall] projected 415 node(s)
Step =   1651: nodes = 6460, dt = 1.862189e-10, strain = 3.892346e-03, elapsed = 292.6 sec
[TwinWall] projected 415 node(s)
Step =   1652: nodes = 6475, dt = 1.862189e-10, strain = 3.894208e-03, elapsed = 292.8 sec
[TwinWall] projected 425 node(s)
Step =   1653: nodes = 6500, dt = 2.234627e-10, strain = 3.896443e-03, elapsed = 293.1 sec
[TwinWall] projected 421 node(s)
Step =   1654: nodes = 6500, dt = 2.681553e-10, strain = 3.899125e-03, elapsed = 293.4 sec
[TwinWall] projected 413 node(s)
Step =   1655: nodes = 6508, dt = 1.608932e-10, strain = 3.900734e-03, elapsed = 293.8 sec
[TwinWall] projected 415 node(s)
Step =   1656: nodes = 6512, dt = 1.608932e-10, strain = 3.902342e-03, elapsed = 294.0 sec
[TwinWall] projected 423 node(s)
Step =   1657: nodes = 6534, dt = 1.930718e-10, strain = 3.904273e-03, elapsed = 294.3 sec
[TwinWall] projected 429 node(s)
Step =   1658: nodes = 6555, dt = 2.316861e-10, strain = 3.906590e-03, elapsed = 294.6 sec
[TwinWall] projected 437 node(s)
Step =   1659: nodes = 6561, dt = 2.780234e-10, strain = 3.909370e-03, elapsed = 294.9 sec
[TwinWall] projected 430 node(s)
Step =   1660: nodes = 6572, dt = 1.668140e-10, strain = 3.911038e-03, elapsed = 295.2 sec
[TwinWall] projected 436 node(s)
Step =   1661: nodes = 6585, dt = 1.668140e-10, strain = 3.912707e-03, elapsed = 295.5 sec
[TwinWall] projected 437 node(s)
Step =   1662: nodes = 6609, dt = 2.001768e-10, strain = 3.914708e-03, elapsed = 295.8 sec
[TwinWall] projected 432 node(s)
Step =   1663: nodes = 6614, dt = 1.201061e-10, strain = 3.915909e-03, elapsed = 296.1 sec
[TwinWall] projected 433 node(s)
Step =   1664: nodes = 6620, dt = 1.201061e-10, strain = 3.917110e-03, elapsed = 296.4 sec
[TwinWall] projected 441 node(s)
Step =   1665: nodes = 6640, dt = 1.441273e-10, strain = 3.918552e-03, elapsed = 296.7 sec
[TwinWall] projected 441 node(s)
Step =   1666: nodes = 6661, dt = 1.729528e-10, strain = 3.920281e-03, elapsed = 296.9 sec
[TwinWall] projected 444 node(s)
Step =   1667: nodes = 6683, dt = 2.075433e-10, strain = 3.922357e-03, elapsed = 297.2 sec
[TwinWall] projected 454 node(s)
Step =   1668: nodes = 6687, dt = 2.490520e-10, strain = 3.924847e-03, elapsed = 297.5 sec
[TwinWall] projected 451 node(s)
Step =   1669: nodes = 6687, dt = 1.494312e-10, strain = 3.926342e-03, elapsed = 297.9 sec
[TwinWall] projected 446 node(s)
Step =   1670: nodes = 6701, dt = 1.494312e-10, strain = 3.927836e-03, elapsed = 298.1 sec
[TwinWall] projected 447 node(s)
Step =   1671: nodes = 6711, dt = 1.793174e-10, strain = 3.929629e-03, elapsed = 298.4 sec
[TwinWall] projected 454 node(s)
Step =   1672: nodes = 6731, dt = 2.151809e-10, strain = 3.931781e-03, elapsed = 298.7 sec
[TwinWall] projected 441 node(s)
Step =   1673: nodes = 6756, dt = 1.291086e-10, strain = 3.933072e-03, elapsed = 299.1 sec
[TwinWall] projected 445 node(s)
Step =   1674: nodes = 6775, dt = 1.291086e-10, strain = 3.934363e-03, elapsed = 299.4 sec
[TwinWall] projected 456 node(s)
Step =   1675: nodes = 6791, dt = 1.549303e-10, strain = 3.935912e-03, elapsed = 299.6 sec
[TwinWall] projected 449 node(s)
Step =   1676: nodes = 6796, dt = 1.859163e-10, strain = 3.937771e-03, elapsed = 299.9 sec
[TwinWall] projected 451 node(s)
Step =   1677: nodes = 6796, dt = 2.230996e-10, strain = 3.940002e-03, elapsed = 300.2 sec
[TwinWall] projected 461 node(s)
Step =   1678: nodes = 6813, dt = 2.677195e-10, strain = 3.942680e-03, elapsed = 300.5 sec
[TwinWall] projected 461 node(s)
Step =   1679: nodes = 6831, dt = 1.606317e-10, strain = 3.944286e-03, elapsed = 300.9 sec
[TwinWall] projected 466 node(s)
Step =   1680: nodes = 6854, dt = 1.606317e-10, strain = 3.945892e-03, elapsed = 301.2 sec
[TwinWall] projected 456 node(s)
Step =   1681: nodes = 6861, dt = 1.927580e-10, strain = 3.947820e-03, elapsed = 301.5 sec
[TwinWall] projected 466 node(s)
Step =   1682: nodes = 6888, dt = 2.313097e-10, strain = 3.950133e-03, elapsed = 301.8 sec
[TwinWall] projected 468 node(s)
Step =   1683: nodes = 6907, dt = 1.387858e-10, strain = 3.951521e-03, elapsed = 302.2 sec
[TwinWall] projected 472 node(s)
Step =   1684: nodes = 6918, dt = 1.387858e-10, strain = 3.952909e-03, elapsed = 302.4 sec
[TwinWall] projected 470 node(s)
Step =   1685: nodes = 6935, dt = 1.665430e-10, strain = 3.954574e-03, elapsed = 302.7 sec
[TwinWall] projected 465 node(s)
Step =   1686: nodes = 6960, dt = 1.998515e-10, strain = 3.956573e-03, elapsed = 303.0 sec
[TwinWall] projected 471 node(s)
Step =   1687: nodes = 6964, dt = 2.398218e-10, strain = 3.958971e-03, elapsed = 303.4 sec
[TwinWall] projected 477 node(s)
Step =   1688: nodes = 6961, dt = 2.877862e-10, strain = 3.961849e-03, elapsed = 303.7 sec
[TwinWall] projected 473 node(s)
Step =   1689: nodes = 6961, dt = 1.726717e-10, strain = 3.963575e-03, elapsed = 304.1 sec
[TwinWall] projected 475 node(s)
Step =   1690: nodes = 6976, dt = 1.726717e-10, strain = 3.965302e-03, elapsed = 304.4 sec
[TwinWall] projected 476 node(s)
Step =   1691: nodes = 6976, dt = 2.072061e-10, strain = 3.967374e-03, elapsed = 304.7 sec
[TwinWall] projected 482 node(s)
Step =   1692: nodes = 7000, dt = 2.486473e-10, strain = 3.969861e-03, elapsed = 305.0 sec
[TwinWall] projected 480 node(s)
Step =   1693: nodes = 6999, dt = 2.983768e-10, strain = 3.972844e-03, elapsed = 305.3 sec
[TwinWall] projected 469 node(s)
Step =   1694: nodes = 7002, dt = 8.951303e-11, strain = 3.973740e-03, elapsed = 305.8 sec
[TwinWall] projected 463 node(s)
Step =   1695: nodes = 7007, dt = 8.951303e-11, strain = 3.974635e-03, elapsed = 306.1 sec
[TwinWall] projected 472 node(s)
Step =   1696: nodes = 7011, dt = 1.074156e-10, strain = 3.975709e-03, elapsed = 306.4 sec
[TwinWall] projected 468 node(s)
Step =   1697: nodes = 7013, dt = 1.288988e-10, strain = 3.976998e-03, elapsed = 306.6 sec
[TwinWall] projected 475 node(s)
Step =   1698: nodes = 7026, dt = 1.546785e-10, strain = 3.978545e-03, elapsed = 306.9 sec
[TwinWall] projected 473 node(s)
Step =   1699: nodes = 7052, dt = 1.856142e-10, strain = 3.980401e-03, elapsed = 307.2 sec
[TwinWall] projected 481 node(s)
Step =   1700: nodes = 7070, dt = 2.227371e-10, strain = 3.982628e-03, elapsed = 307.5 sec
Writing configuration in legacy data format
 Output file: /data/home/dg000246b/openDIS/HomeWork/output_Cu_twin_rorient/config.1700.data
Writing restart file
 Restart file: /data/home/dg000246b/openDIS/HomeWork/output_Cu_twin_rorient/restart.1700.exadis
[TwinWall] projected 482 node(s)
Step =   1701: nodes = 7073, dt = 2.672845e-10, strain = 3.985301e-03, elapsed = 307.9 sec
[TwinWall] projected 491 node(s)
Step =   1702: nodes = 7081, dt = 3.207414e-10, strain = 3.988508e-03, elapsed = 308.2 sec
[TwinWall] projected 481 node(s)
Step =   1703: nodes = 7079, dt = 1.924448e-10, strain = 3.990433e-03, elapsed = 308.7 sec
[TwinWall] projected 489 node(s)
Step =   1704: nodes = 7088, dt = 1.924448e-10, strain = 3.992357e-03, elapsed = 309.0 sec
[TwinWall] projected 484 node(s)
Step =   1705: nodes = 7093, dt = 2.309338e-10, strain = 3.994667e-03, elapsed = 309.3 sec
[TwinWall] projected 485 node(s)
Step =   1706: nodes = 7093, dt = 1.385603e-10, strain = 3.996052e-03, elapsed = 309.7 sec
[TwinWall] projected 483 node(s)
Step =   1707: nodes = 7101, dt = 1.385603e-10, strain = 3.997438e-03, elapsed = 309.9 sec
[TwinWall] projected 483 node(s)
Step =   1708: nodes = 7112, dt = 1.662723e-10, strain = 3.999101e-03, elapsed = 310.2 sec
[TwinWall] projected 496 node(s)
Step =   1709: nodes = 7137, dt = 1.995268e-10, strain = 4.001096e-03, elapsed = 310.8 sec
[TwinWall] projected 497 node(s)
Step =   1710: nodes = 7172, dt = 2.394321e-10, strain = 4.003490e-03, elapsed = 311.2 sec
[TwinWall] projected 489 node(s)
Step =   1711: nodes = 7175, dt = 1.436593e-10, strain = 4.004927e-03, elapsed = 311.6 sec
[TwinWall] projected 492 node(s)
Step =   1712: nodes = 7179, dt = 1.436593e-10, strain = 4.006363e-03, elapsed = 311.9 sec
[TwinWall] projected 487 node(s)
Step =   1713: nodes = 7191, dt = 1.723911e-10, strain = 4.008087e-03, elapsed = 312.2 sec
[TwinWall] projected 501 node(s)
Step =   1714: nodes = 7223, dt = 2.068694e-10, strain = 4.010156e-03, elapsed = 312.5 sec
[TwinWall] projected 509 node(s)
Step =   1715: nodes = 7245, dt = 2.482432e-10, strain = 4.012638e-03, elapsed = 312.8 sec
[TwinWall] projected 522 node(s)
Step =   1716: nodes = 7268, dt = 2.978919e-10, strain = 4.015617e-03, elapsed = 313.2 sec
[TwinWall] projected 512 node(s)
Step =   1717: nodes = 7271, dt = 1.787351e-10, strain = 4.017405e-03, elapsed = 313.5 sec
[TwinWall] projected 521 node(s)
Step =   1718: nodes = 7274, dt = 1.787351e-10, strain = 4.019192e-03, elapsed = 313.9 sec
[TwinWall] projected 521 node(s)
Step =   1719: nodes = 7293, dt = 2.144822e-10, strain = 4.021337e-03, elapsed = 314.2 sec
[TwinWall] projected 521 node(s)
Step =   1720: nodes = 7304, dt = 2.573786e-10, strain = 4.023911e-03, elapsed = 314.5 sec
[TwinWall] projected 520 node(s)
Step =   1721: nodes = 7318, dt = 1.544272e-10, strain = 4.025455e-03, elapsed = 314.9 sec
[TwinWall] projected 519 node(s)
Step =   1722: nodes = 7325, dt = 1.544272e-10, strain = 4.026999e-03, elapsed = 315.2 sec
[TwinWall] projected 526 node(s)
Step =   1723: nodes = 7349, dt = 1.853126e-10, strain = 4.028852e-03, elapsed = 315.5 sec
[TwinWall] projected 526 node(s)
Step =   1724: nodes = 7364, dt = 1.111876e-10, strain = 4.029964e-03, elapsed = 315.9 sec
[TwinWall] projected 520 node(s)
Step =   1725: nodes = 7384, dt = 1.111876e-10, strain = 4.031076e-03, elapsed = 316.2 sec
[TwinWall] projected 514 node(s)
Step =   1726: nodes = 7400, dt = 1.334251e-10, strain = 4.032410e-03, elapsed = 316.5 sec
[TwinWall] projected 518 node(s)
Step =   1727: nodes = 7418, dt = 1.601101e-10, strain = 4.034011e-03, elapsed = 316.8 sec
[TwinWall] projected 522 node(s)
Step =   1728: nodes = 7429, dt = 1.921321e-10, strain = 4.035933e-03, elapsed = 317.2 sec
[TwinWall] projected 531 node(s)
Step =   1729: nodes = 7448, dt = 2.305585e-10, strain = 4.038238e-03, elapsed = 317.5 sec
[TwinWall] projected 522 node(s)
Step =   1730: nodes = 7477, dt = 1.383351e-10, strain = 4.039622e-03, elapsed = 317.9 sec
[TwinWall] projected 532 node(s)
Step =   1731: nodes = 7495, dt = 1.383351e-10, strain = 4.041005e-03, elapsed = 318.2 sec
[TwinWall] projected 536 node(s)
Step =   1732: nodes = 7516, dt = 1.660021e-10, strain = 4.042665e-03, elapsed = 318.5 sec
[TwinWall] projected 542 node(s)
Step =   1733: nodes = 7530, dt = 1.992026e-10, strain = 4.044657e-03, elapsed = 318.9 sec
[TwinWall] projected 554 node(s)
Step =   1734: nodes = 7554, dt = 2.390431e-10, strain = 4.047047e-03, elapsed = 319.2 sec
[TwinWall] projected 550 node(s)
Step =   1735: nodes = 7561, dt = 1.434258e-10, strain = 4.048482e-03, elapsed = 319.6 sec
[TwinWall] projected 542 node(s)
Step =   1736: nodes = 7567, dt = 1.434258e-10, strain = 4.049916e-03, elapsed = 319.9 sec
[TwinWall] projected 547 node(s)
Step =   1737: nodes = 7594, dt = 1.721110e-10, strain = 4.051637e-03, elapsed = 320.3 sec
[TwinWall] projected 555 node(s)
Step =   1738: nodes = 7617, dt = 2.065332e-10, strain = 4.053702e-03, elapsed = 320.6 sec
[TwinWall] projected 546 node(s)
Step =   1739: nodes = 7615, dt = 1.239199e-10, strain = 4.054942e-03, elapsed = 321.0 sec
[TwinWall] projected 544 node(s)
Step =   1740: nodes = 7626, dt = 1.239199e-10, strain = 4.056181e-03, elapsed = 321.3 sec
[TwinWall] projected 551 node(s)
Step =   1741: nodes = 7640, dt = 1.487039e-10, strain = 4.057668e-03, elapsed = 321.7 sec
[TwinWall] projected 556 node(s)
Step =   1742: nodes = 7659, dt = 1.784447e-10, strain = 4.059452e-03, elapsed = 322.0 sec
[TwinWall] projected 562 node(s)
Step =   1743: nodes = 7690, dt = 2.141336e-10, strain = 4.061594e-03, elapsed = 322.3 sec
[TwinWall] projected 576 node(s)
Step =   1744: nodes = 7719, dt = 2.569604e-10, strain = 4.064163e-03, elapsed = 322.7 sec
[TwinWall] projected 569 node(s)
Step =   1745: nodes = 7709, dt = 1.541762e-10, strain = 4.065705e-03, elapsed = 323.1 sec
[TwinWall] projected 564 node(s)
Step =   1746: nodes = 7719, dt = 1.541762e-10, strain = 4.067247e-03, elapsed = 323.4 sec
[TwinWall] projected 565 node(s)
Step =   1747: nodes = 7725, dt = 1.850115e-10, strain = 4.069097e-03, elapsed = 323.8 sec
[TwinWall] projected 578 node(s)
Step =   1748: nodes = 7750, dt = 2.220137e-10, strain = 4.071317e-03, elapsed = 324.1 sec
[TwinWall] projected 582 node(s)
Step =   1749: nodes = 7764, dt = 2.664165e-10, strain = 4.073981e-03, elapsed = 324.5 sec
[TwinWall] projected 586 node(s)
Step =   1750: nodes = 7767, dt = 1.598499e-10, strain = 4.075580e-03, elapsed = 324.9 sec
[TwinWall] projected 582 node(s)
Step =   1751: nodes = 7779, dt = 1.598499e-10, strain = 4.077178e-03, elapsed = 325.2 sec
[TwinWall] projected 593 node(s)
Step =   1752: nodes = 7791, dt = 1.918199e-10, strain = 4.079096e-03, elapsed = 325.6 sec
[TwinWall] projected 594 node(s)
Step =   1753: nodes = 7795, dt = 2.301838e-10, strain = 4.081398e-03, elapsed = 325.9 sec
[TwinWall] projected 606 node(s)
Step =   1754: nodes = 7813, dt = 2.762206e-10, strain = 4.084160e-03, elapsed = 326.3 sec
[TwinWall] projected 603 node(s)
Step =   1755: nodes = 7817, dt = 1.657324e-10, strain = 4.085818e-03, elapsed = 326.7 sec
[TwinWall] projected 599 node(s)
Step =   1756: nodes = 7822, dt = 1.657324e-10, strain = 4.087475e-03, elapsed = 327.1 sec
[TwinWall] projected 602 node(s)
Step =   1757: nodes = 7853, dt = 1.988788e-10, strain = 4.089464e-03, elapsed = 327.4 sec
[TwinWall] projected 606 node(s)
Step =   1758: nodes = 7850, dt = 2.386546e-10, strain = 4.091850e-03, elapsed = 327.8 sec
[TwinWall] projected 604 node(s)
Step =   1759: nodes = 7872, dt = 1.431928e-10, strain = 4.093282e-03, elapsed = 328.2 sec
[TwinWall] projected 605 node(s)
Step =   1760: nodes = 7900, dt = 1.431928e-10, strain = 4.094714e-03, elapsed = 328.5 sec
[TwinWall] projected 613 node(s)
Step =   1761: nodes = 7931, dt = 1.718313e-10, strain = 4.096433e-03, elapsed = 328.9 sec
[TwinWall] projected 621 node(s)
Step =   1762: nodes = 7940, dt = 2.061976e-10, strain = 4.098495e-03, elapsed = 329.2 sec
[TwinWall] projected 634 node(s)
Step =   1763: nodes = 7959, dt = 2.474371e-10, strain = 4.100969e-03, elapsed = 329.6 sec
[TwinWall] projected 625 node(s)
Step =   1764: nodes = 7986, dt = 1.484623e-10, strain = 4.102454e-03, elapsed = 330.1 sec
[TwinWall] projected 621 node(s)
Step =   1765: nodes = 8010, dt = 1.484623e-10, strain = 4.103938e-03, elapsed = 330.4 sec
[TwinWall] projected 622 node(s)
Step =   1766: nodes = 8030, dt = 1.781547e-10, strain = 4.105720e-03, elapsed = 330.7 sec
[TwinWall] projected 623 node(s)
Step =   1767: nodes = 8041, dt = 2.137857e-10, strain = 4.107858e-03, elapsed = 331.1 sec
[TwinWall] projected 638 node(s)
Step =   1768: nodes = 8087, dt = 2.565428e-10, strain = 4.110423e-03, elapsed = 331.5 sec
[TwinWall] projected 628 node(s)
Step =   1769: nodes = 8094, dt = 1.539257e-10, strain = 4.111962e-03, elapsed = 332.0 sec
[TwinWall] projected 626 node(s)
Step =   1770: nodes = 8093, dt = 1.539257e-10, strain = 4.113502e-03, elapsed = 332.3 sec
[TwinWall] projected 628 node(s)
Step =   1771: nodes = 8103, dt = 1.847108e-10, strain = 4.115349e-03, elapsed = 332.7 sec
[TwinWall] projected 633 node(s)
Step =   1772: nodes = 8122, dt = 2.216530e-10, strain = 4.117565e-03, elapsed = 333.0 sec
[TwinWall] projected 624 node(s)
Step =   1773: nodes = 8132, dt = 1.329918e-10, strain = 4.118895e-03, elapsed = 333.5 sec
[TwinWall] projected 626 node(s)
Step =   1774: nodes = 8148, dt = 1.329918e-10, strain = 4.120225e-03, elapsed = 333.8 sec
[TwinWall] projected 632 node(s)
Step =   1775: nodes = 8181, dt = 1.595901e-10, strain = 4.121821e-03, elapsed = 334.2 sec
[TwinWall] projected 634 node(s)
Step =   1776: nodes = 8197, dt = 1.915082e-10, strain = 4.123736e-03, elapsed = 334.5 sec
[TwinWall] projected 635 node(s)
Step =   1777: nodes = 8213, dt = 2.298098e-10, strain = 4.126034e-03, elapsed = 334.9 sec
[TwinWall] projected 638 node(s)
Step =   1778: nodes = 8225, dt = 1.378859e-10, strain = 4.127413e-03, elapsed = 335.4 sec
[TwinWall] projected 644 node(s)
Step =   1779: nodes = 8247, dt = 1.378859e-10, strain = 4.128792e-03, elapsed = 335.8 sec
[TwinWall] projected 633 node(s)
Step =   1780: nodes = 8259, dt = 1.654631e-10, strain = 4.130446e-03, elapsed = 336.1 sec
[TwinWall] projected 644 node(s)
Step =   1781: nodes = 8272, dt = 1.985557e-10, strain = 4.132432e-03, elapsed = 336.5 sec
[TwinWall] projected 651 node(s)
Step =   1782: nodes = 8293, dt = 2.382668e-10, strain = 4.134815e-03, elapsed = 336.9 sec
[TwinWall] projected 645 node(s)
Step =   1783: nodes = 8303, dt = 1.429601e-10, strain = 4.136244e-03, elapsed = 337.4 sec
[TwinWall] projected 643 node(s)
Step =   1784: nodes = 8321, dt = 1.429601e-10, strain = 4.137674e-03, elapsed = 337.7 sec
[TwinWall] projected 648 node(s)
Step =   1785: nodes = 8319, dt = 1.715521e-10, strain = 4.139389e-03, elapsed = 338.1 sec
[TwinWall] projected 654 node(s)
Step =   1786: nodes = 8337, dt = 2.058625e-10, strain = 4.141448e-03, elapsed = 338.5 sec
[TwinWall] projected 663 node(s)
Step =   1787: nodes = 8362, dt = 2.470350e-10, strain = 4.143918e-03, elapsed = 338.9 sec
[TwinWall] projected 659 node(s)
Step =   1788: nodes = 8371, dt = 1.482210e-10, strain = 4.145401e-03, elapsed = 339.4 sec
[TwinWall] projected 661 node(s)
Step =   1789: nodes = 8390, dt = 1.482210e-10, strain = 4.146883e-03, elapsed = 339.7 sec
[TwinWall] projected 668 node(s)
Step =   1790: nodes = 8427, dt = 1.778652e-10, strain = 4.148661e-03, elapsed = 340.1 sec
[TwinWall] projected 681 node(s)
Step =   1791: nodes = 8465, dt = 2.134383e-10, strain = 4.150796e-03, elapsed = 340.7 sec
[TwinWall] projected 681 node(s)
Step =   1792: nodes = 8471, dt = 2.561259e-10, strain = 4.153357e-03, elapsed = 341.1 sec
[TwinWall] projected 672 node(s)
Step =   1793: nodes = 8500, dt = 1.536755e-10, strain = 4.154894e-03, elapsed = 341.6 sec
[TwinWall] projected 674 node(s)
Step =   1794: nodes = 8517, dt = 1.536755e-10, strain = 4.156431e-03, elapsed = 342.0 sec
[TwinWall] projected 669 node(s)
Step =   1795: nodes = 8533, dt = 1.844107e-10, strain = 4.158275e-03, elapsed = 342.4 sec
[TwinWall] projected 675 node(s)
Step =   1796: nodes = 8546, dt = 1.106464e-10, strain = 4.159381e-03, elapsed = 342.9 sec
[TwinWall] projected 673 node(s)
Step =   1797: nodes = 8555, dt = 1.106464e-10, strain = 4.160488e-03, elapsed = 343.2 sec
[TwinWall] projected 670 node(s)
Step =   1798: nodes = 8558, dt = 1.327757e-10, strain = 4.161815e-03, elapsed = 343.6 sec
[TwinWall] projected 670 node(s)
Step =   1799: nodes = 8583, dt = 1.593308e-10, strain = 4.163409e-03, elapsed = 344.0 sec
[TwinWall] projected 679 node(s)
Step =   1800: nodes = 8600, dt = 1.911970e-10, strain = 4.165321e-03, elapsed = 344.3 sec
Writing configuration in legacy data format
 Output file: /data/home/dg000246b/openDIS/HomeWork/output_Cu_twin_rorient/config.1800.data
Writing restart file
 Restart file: /data/home/dg000246b/openDIS/HomeWork/output_Cu_twin_rorient/restart.1800.exadis
[TwinWall] projected 683 node(s)
Step =   1801: nodes = 8625, dt = 2.294364e-10, strain = 4.167615e-03, elapsed = 344.8 sec
[TwinWall] projected 677 node(s)
Step =   1802: nodes = 8640, dt = 1.376618e-10, strain = 4.168992e-03, elapsed = 345.3 sec
[TwinWall] projected 673 node(s)
Step =   1803: nodes = 8648, dt = 1.376618e-10, strain = 4.170368e-03, elapsed = 345.7 sec
[TwinWall] projected 686 node(s)
Step =   1804: nodes = 8682, dt = 1.651942e-10, strain = 4.172020e-03, elapsed = 346.1 sec
[TwinWall] projected 682 node(s)
Step =   1805: nodes = 8707, dt = 1.982330e-10, strain = 4.174003e-03, elapsed = 346.4 sec
[TwinWall] projected 695 node(s)
Step =   1806: nodes = 8746, dt = 2.378796e-10, strain = 4.176381e-03, elapsed = 346.9 sec
[TwinWall] projected 696 node(s)
Step =   1807: nodes = 8755, dt = 1.427278e-10, strain = 4.177809e-03, elapsed = 347.4 sec
[TwinWall] projected 684 node(s)
Step =   1808: nodes = 8778, dt = 1.427278e-10, strain = 4.179236e-03, elapsed = 347.7 sec
[TwinWall] projected 688 node(s)
Step =   1809: nodes = 8790, dt = 1.712733e-10, strain = 4.180949e-03, elapsed = 348.1 sec
[TwinWall] projected 699 node(s)
Step =   1810: nodes = 8824, dt = 2.055280e-10, strain = 4.183004e-03, elapsed = 348.5 sec
[TwinWall] projected 702 node(s)
Step =   1811: nodes = 8830, dt = 2.466336e-10, strain = 4.185470e-03, elapsed = 348.9 sec
[TwinWall] projected 695 node(s)
Step =   1812: nodes = 8833, dt = 1.479802e-10, strain = 4.186950e-03, elapsed = 349.5 sec
[TwinWall] projected 698 node(s)
Step =   1813: nodes = 8854, dt = 1.479802e-10, strain = 4.188430e-03, elapsed = 349.8 sec
[TwinWall] projected 705 node(s)
Step =   1814: nodes = 8895, dt = 1.775762e-10, strain = 4.190206e-03, elapsed = 350.2 sec
[TwinWall] projected 710 node(s)
Step =   1815: nodes = 8933, dt = 2.130914e-10, strain = 4.192336e-03, elapsed = 350.6 sec
[TwinWall] projected 707 node(s)
Step =   1816: nodes = 8954, dt = 1.278549e-10, strain = 4.193615e-03, elapsed = 351.2 sec
[TwinWall] projected 701 node(s)
Step =   1817: nodes = 8980, dt = 1.278549e-10, strain = 4.194894e-03, elapsed = 351.5 sec
[TwinWall] projected 708 node(s)
Step =   1818: nodes = 8995, dt = 1.534258e-10, strain = 4.196428e-03, elapsed = 351.9 sec
[TwinWall] projected 710 node(s)
Step =   1819: nodes = 9032, dt = 1.841110e-10, strain = 4.198269e-03, elapsed = 352.4 sec
[TwinWall] projected 714 node(s)
Step =   1820: nodes = 9067, dt = 2.209332e-10, strain = 4.200478e-03, elapsed = 352.8 sec
[TwinWall] projected 719 node(s)
Step =   1821: nodes = 9097, dt = 2.651198e-10, strain = 4.203129e-03, elapsed = 353.2 sec
[TwinWall] projected 704 node(s)
Step =   1822: nodes = 9113, dt = 7.953595e-11, strain = 4.203925e-03, elapsed = 353.9 sec
[TwinWall] projected 703 node(s)
Step =   1823: nodes = 9116, dt = 7.953595e-11, strain = 4.204720e-03, elapsed = 354.3 sec
[TwinWall] projected 708 node(s)
Step =   1824: nodes = 9129, dt = 9.544313e-11, strain = 4.205675e-03, elapsed = 354.7 sec
[TwinWall] projected 719 node(s)
Step =   1825: nodes = 9148, dt = 1.145318e-10, strain = 4.206820e-03, elapsed = 355.1 sec
[TwinWall] projected 724 node(s)
Step =   1826: nodes = 9182, dt = 1.374381e-10, strain = 4.208194e-03, elapsed = 355.4 sec
[TwinWall] projected 718 node(s)
Step =   1827: nodes = 9213, dt = 1.649257e-10, strain = 4.209844e-03, elapsed = 355.9 sec
[TwinWall] projected 730 node(s)
Step =   1828: nodes = 9246, dt = 1.979109e-10, strain = 4.211823e-03, elapsed = 356.3 sec
[TwinWall] projected 733 node(s)
Step =   1829: nodes = 9266, dt = 2.374931e-10, strain = 4.214198e-03, elapsed = 356.7 sec
[TwinWall] projected 726 node(s)
Step =   1830: nodes = 9280, dt = 1.424958e-10, strain = 4.215623e-03, elapsed = 357.3 sec
[TwinWall] projected 730 node(s)
Step =   1831: nodes = 9297, dt = 1.424958e-10, strain = 4.217048e-03, elapsed = 357.7 sec
[TwinWall] projected 742 node(s)
Step =   1832: nodes = 9325, dt = 1.709950e-10, strain = 4.218757e-03, elapsed = 358.1 sec
[TwinWall] projected 752 node(s)
Step =   1833: nodes = 9341, dt = 2.051940e-10, strain = 4.220809e-03, elapsed = 358.5 sec
[TwinWall] projected 738 node(s)
Step =   1834: nodes = 9343, dt = 1.231164e-10, strain = 4.222041e-03, elapsed = 359.1 sec
[TwinWall] projected 742 node(s)
Step =   1835: nodes = 9354, dt = 1.231164e-10, strain = 4.223272e-03, elapsed = 359.5 sec
[TwinWall] projected 743 node(s)
Step =   1836: nodes = 9382, dt = 1.477397e-10, strain = 4.224749e-03, elapsed = 360.0 sec
[TwinWall] projected 750 node(s)
Step =   1837: nodes = 9424, dt = 1.772876e-10, strain = 4.226522e-03, elapsed = 360.4 sec
[TwinWall] projected 764 node(s)
Step =   1838: nodes = 9465, dt = 2.127451e-10, strain = 4.228649e-03, elapsed = 360.8 sec
[TwinWall] projected 754 node(s)
Step =   1839: nodes = 9473, dt = 1.276471e-10, strain = 4.229926e-03, elapsed = 361.4 sec
[TwinWall] projected 752 node(s)
Step =   1840: nodes = 9473, dt = 1.276471e-10, strain = 4.231202e-03, elapsed = 361.8 sec
[TwinWall] projected 758 node(s)
Step =   1841: nodes = 9512, dt = 1.531765e-10, strain = 4.232734e-03, elapsed = 362.2 sec
[TwinWall] projected 765 node(s)
Step =   1842: nodes = 9529, dt = 1.838118e-10, strain = 4.234572e-03, elapsed = 362.7 sec
[TwinWall] projected 764 node(s)
Step =   1843: nodes = 9551, dt = 2.205742e-10, strain = 4.236778e-03, elapsed = 363.1 sec
[TwinWall] projected 756 node(s)
Step =   1844: nodes = 9570, dt = 1.323445e-10, strain = 4.238102e-03, elapsed = 363.7 sec
[TwinWall] projected 751 node(s)
Step =   1845: nodes = 9598, dt = 1.323445e-10, strain = 4.239425e-03, elapsed = 364.2 sec
[TwinWall] projected 766 node(s)
Step =   1846: nodes = 9627, dt = 1.588134e-10, strain = 4.241013e-03, elapsed = 364.6 sec
[TwinWall] projected 762 node(s)
Step =   1847: nodes = 9646, dt = 1.905761e-10, strain = 4.242919e-03, elapsed = 365.1 sec
[TwinWall] projected 763 node(s)
Step =   1848: nodes = 9665, dt = 2.286913e-10, strain = 4.245206e-03, elapsed = 365.5 sec
[TwinWall] projected 755 node(s)
Step =   1849: nodes = 9671, dt = 1.372148e-10, strain = 4.246578e-03, elapsed = 366.2 sec
[TwinWall] projected 758 node(s)
Step =   1850: nodes = 9693, dt = 1.372148e-10, strain = 4.247950e-03, elapsed = 366.6 sec
[TwinWall] projected 774 node(s)
Step =   1851: nodes = 9713, dt = 1.646577e-10, strain = 4.249597e-03, elapsed = 367.0 sec
[TwinWall] projected 776 node(s)
Step =   1852: nodes = 9742, dt = 1.975893e-10, strain = 4.251573e-03, elapsed = 367.5 sec
[TwinWall] projected 791 node(s)
Step =   1853: nodes = 9752, dt = 2.371071e-10, strain = 4.253944e-03, elapsed = 368.0 sec
[TwinWall] projected 788 node(s)
Step =   1854: nodes = 9762, dt = 1.422643e-10, strain = 4.255366e-03, elapsed = 368.6 sec
[TwinWall] projected 801 node(s)
Step =   1855: nodes = 9804, dt = 1.422643e-10, strain = 4.256789e-03, elapsed = 369.0 sec
[TwinWall] projected 793 node(s)
Step =   1856: nodes = 9813, dt = 1.707171e-10, strain = 4.258496e-03, elapsed = 369.5 sec
[TwinWall] projected 807 node(s)
Step =   1857: nodes = 9852, dt = 2.048606e-10, strain = 4.260545e-03, elapsed = 369.9 sec
[TwinWall] projected 811 node(s)
Step =   1858: nodes = 9860, dt = 2.458327e-10, strain = 4.263003e-03, elapsed = 370.8 sec
[TwinWall] projected 801 node(s)
Step =   1859: nodes = 9844, dt = 1.474996e-10, strain = 4.264478e-03, elapsed = 371.4 sec
[TwinWall] projected 798 node(s)
Step =   1860: nodes = 9844, dt = 1.474996e-10, strain = 4.265953e-03, elapsed = 371.8 sec
[TwinWall] projected 802 node(s)
Step =   1861: nodes = 9877, dt = 1.769995e-10, strain = 4.267723e-03, elapsed = 372.3 sec
[TwinWall] projected 817 node(s)
Step =   1862: nodes = 9913, dt = 2.123994e-10, strain = 4.269847e-03, elapsed = 372.8 sec
[TwinWall] projected 817 node(s)
Step =   1863: nodes = 9940, dt = 2.548793e-10, strain = 4.272396e-03, elapsed = 373.2 sec
[TwinWall] projected 806 node(s)
Step =   1864: nodes = 9945, dt = 1.529276e-10, strain = 4.273925e-03, elapsed = 373.9 sec
[TwinWall] projected 815 node(s)
Step =   1865: nodes = 9977, dt = 1.529276e-10, strain = 4.275454e-03, elapsed = 374.3 sec
[TwinWall] projected 821 node(s)
Step =   1866: nodes = 9992, dt = 1.835131e-10, strain = 4.277289e-03, elapsed = 374.8 sec
[TwinWall] projected 819 node(s)
Step =   1867: nodes = 10018, dt = 2.202157e-10, strain = 4.279492e-03, elapsed = 375.3 sec
[TwinWall] projected 829 node(s)
Step =   1868: nodes = 10024, dt = 2.642589e-10, strain = 4.282134e-03, elapsed = 375.7 sec
[TwinWall] projected 823 node(s)
Step =   1869: nodes = 10026, dt = 1.585553e-10, strain = 4.283720e-03, elapsed = 376.4 sec
[TwinWall] projected 820 node(s)
Step =   1870: nodes = 10052, dt = 1.585553e-10, strain = 4.285305e-03, elapsed = 376.8 sec
[TwinWall] projected 829 node(s)
Step =   1871: nodes = 10063, dt = 1.902664e-10, strain = 4.287208e-03, elapsed = 377.3 sec
[TwinWall] projected 836 node(s)
Step =   1872: nodes = 10077, dt = 1.141598e-10, strain = 4.288350e-03, elapsed = 377.9 sec
[TwinWall] projected 828 node(s)
Step =   1873: nodes = 10091, dt = 1.141598e-10, strain = 4.289491e-03, elapsed = 378.3 sec
[TwinWall] projected 843 node(s)
Step =   1874: nodes = 10126, dt = 1.369918e-10, strain = 4.290861e-03, elapsed = 378.8 sec
[TwinWall] projected 857 node(s)
Step =   1875: nodes = 10156, dt = 1.643902e-10, strain = 4.292505e-03, elapsed = 379.2 sec
[TwinWall] projected 863 node(s)
Step =   1876: nodes = 10192, dt = 1.972682e-10, strain = 4.294478e-03, elapsed = 379.7 sec
[TwinWall] projected 878 node(s)
Step =   1877: nodes = 10218, dt = 2.367218e-10, strain = 4.296845e-03, elapsed = 380.2 sec
[TwinWall] projected 874 node(s)
Step =   1878: nodes = 10227, dt = 1.420331e-10, strain = 4.298265e-03, elapsed = 380.9 sec
[TwinWall] projected 879 node(s)
Step =   1879: nodes = 10260, dt = 1.420331e-10, strain = 4.299686e-03, elapsed = 381.3 sec
[TwinWall] projected 883 node(s)
Step =   1880: nodes = 10274, dt = 1.704397e-10, strain = 4.301390e-03, elapsed = 381.8 sec
[TwinWall] projected 882 node(s)
Step =   1881: nodes = 10298, dt = 2.045277e-10, strain = 4.303435e-03, elapsed = 382.3 sec
[TwinWall] projected 873 node(s)
Step =   1882: nodes = 10310, dt = 1.227166e-10, strain = 4.304662e-03, elapsed = 382.9 sec
[TwinWall] projected 871 node(s)
Step =   1883: nodes = 10317, dt = 1.227166e-10, strain = 4.305890e-03, elapsed = 383.4 sec
[TwinWall] projected 877 node(s)
Step =   1884: nodes = 10331, dt = 1.472599e-10, strain = 4.307362e-03, elapsed = 383.9 sec
[TwinWall] projected 885 node(s)
Step =   1885: nodes = 10367, dt = 1.767119e-10, strain = 4.309129e-03, elapsed = 384.3 sec
[TwinWall] projected 898 node(s)
Step =   1886: nodes = 10382, dt = 2.120543e-10, strain = 4.311250e-03, elapsed = 384.8 sec
[TwinWall] projected 885 node(s)
Step =   1887: nodes = 10376, dt = 1.272326e-10, strain = 4.312522e-03, elapsed = 385.5 sec
[TwinWall] projected 891 node(s)
Step =   1888: nodes = 10408, dt = 1.272326e-10, strain = 4.313794e-03, elapsed = 386.0 sec
[TwinWall] projected 901 node(s)
Step =   1889: nodes = 10440, dt = 1.526791e-10, strain = 4.315321e-03, elapsed = 386.5 sec
[TwinWall] projected 893 node(s)
Step =   1890: nodes = 10469, dt = 1.832149e-10, strain = 4.317153e-03, elapsed = 386.9 sec
[TwinWall] projected 904 node(s)
Step =   1891: nodes = 10475, dt = 2.198579e-10, strain = 4.319352e-03, elapsed = 387.5 sec
[TwinWall] projected 916 node(s)
Step =   1892: nodes = 10463, dt = 2.638295e-10, strain = 4.321990e-03, elapsed = 388.0 sec
[TwinWall] projected 903 node(s)
Step =   1893: nodes = 10460, dt = 1.582977e-10, strain = 4.323573e-03, elapsed = 388.7 sec
[TwinWall] projected 907 node(s)
Step =   1894: nodes = 10478, dt = 1.582977e-10, strain = 4.325156e-03, elapsed = 389.2 sec
[TwinWall] projected 904 node(s)
Step =   1895: nodes = 10497, dt = 1.899572e-10, strain = 4.327056e-03, elapsed = 389.7 sec
[TwinWall] projected 896 node(s)
Step =   1896: nodes = 10510, dt = 1.139743e-10, strain = 4.328196e-03, elapsed = 390.4 sec
[TwinWall] projected 908 node(s)
Step =   1897: nodes = 10523, dt = 1.139743e-10, strain = 4.329335e-03, elapsed = 390.8 sec
[TwinWall] projected 915 node(s)
Step =   1898: nodes = 10549, dt = 1.367692e-10, strain = 4.330703e-03, elapsed = 391.3 sec
[TwinWall] projected 913 node(s)
Step =   1899: nodes = 10565, dt = 1.641230e-10, strain = 4.332344e-03, elapsed = 391.8 sec
[TwinWall] projected 921 node(s)
Step =   1900: nodes = 10587, dt = 1.969476e-10, strain = 4.334314e-03, elapsed = 392.3 sec
Writing configuration in legacy data format
 Output file: /data/home/dg000246b/openDIS/HomeWork/output_Cu_twin_rorient/config.1900.data
Writing restart file
 Restart file: /data/home/dg000246b/openDIS/HomeWork/output_Cu_twin_rorient/restart.1900.exadis
[TwinWall] projected 935 node(s)
Step =   1901: nodes = 10629, dt = 2.363372e-10, strain = 4.336677e-03, elapsed = 392.9 sec
[TwinWall] projected 935 node(s)
Step =   1902: nodes = 10613, dt = 1.418023e-10, strain = 4.338095e-03, elapsed = 393.6 sec
[TwinWall] projected 917 node(s)
Step =   1903: nodes = 10633, dt = 1.418023e-10, strain = 4.339513e-03, elapsed = 394.1 sec
[TwinWall] projected 939 node(s)
Step =   1904: nodes = 10672, dt = 1.701628e-10, strain = 4.341215e-03, elapsed = 394.6 sec
[TwinWall] projected 959 node(s)
Step =   1905: nodes = 10692, dt = 2.041953e-10, strain = 4.343257e-03, elapsed = 395.1 sec
[TwinWall] projected 956 node(s)
Step =   1906: nodes = 10736, dt = 2.450344e-10, strain = 4.345707e-03, elapsed = 395.7 sec
[TwinWall] projected 941 node(s)
Step =   1907: nodes = 10738, dt = 1.470206e-10, strain = 4.347177e-03, elapsed = 396.4 sec
[TwinWall] projected 941 node(s)
Step =   1908: nodes = 10726, dt = 1.470206e-10, strain = 4.348647e-03, elapsed = 396.9 sec
[TwinWall] projected 953 node(s)
Step =   1909: nodes = 10747, dt = 1.764247e-10, strain = 4.350412e-03, elapsed = 397.4 sec
[TwinWall] projected 962 node(s)
Step =   1910: nodes = 10754, dt = 2.117097e-10, strain = 4.352529e-03, elapsed = 397.9 sec
[TwinWall] projected 956 node(s)
Step =   1911: nodes = 10773, dt = 1.270258e-10, strain = 4.353799e-03, elapsed = 398.6 sec
[TwinWall] projected 954 node(s)
Step =   1912: nodes = 10796, dt = 1.270258e-10, strain = 4.355069e-03, elapsed = 399.1 sec
[TwinWall] projected 978 node(s)
Step =   1913: nodes = 10829, dt = 1.524310e-10, strain = 4.356594e-03, elapsed = 399.6 sec
[TwinWall] projected 992 node(s)
Step =   1914: nodes = 10839, dt = 1.829172e-10, strain = 4.358423e-03, elapsed = 400.1 sec
[TwinWall] projected 1007 node(s)
Step =   1915: nodes = 10838, dt = 2.195006e-10, strain = 4.360618e-03, elapsed = 400.7 sec
[TwinWall] projected 986 node(s)
Step =   1916: nodes = 10859, dt = 1.317004e-10, strain = 4.361935e-03, elapsed = 401.6 sec
[TwinWall] projected 990 node(s)
Step =   1917: nodes = 10852, dt = 1.317004e-10, strain = 4.363252e-03, elapsed = 402.1 sec
[TwinWall] projected 1006 node(s)
Step =   1918: nodes = 10887, dt = 1.580404e-10, strain = 4.364832e-03, elapsed = 402.6 sec
[TwinWall] projected 1030 node(s)
Step =   1919: nodes = 10937, dt = 1.896485e-10, strain = 4.366729e-03, elapsed = 403.1 sec
[TwinWall] projected 1039 node(s)
Step =   1920: nodes = 10994, dt = 2.275782e-10, strain = 4.369004e-03, elapsed = 403.6 sec
[TwinWall] projected 1015 node(s)
Step =   1921: nodes = 10995, dt = 1.365469e-10, strain = 4.370370e-03, elapsed = 404.3 sec
[TwinWall] projected 1012 node(s)
Step =   1922: nodes = 11008, dt = 1.365469e-10, strain = 4.371735e-03, elapsed = 404.8 sec
[TwinWall] projected 1021 node(s)
Step =   1923: nodes = 11040, dt = 1.638563e-10, strain = 4.373374e-03, elapsed = 405.3 sec
[TwinWall] projected 1030 node(s)
Step =   1924: nodes = 11064, dt = 1.966276e-10, strain = 4.375340e-03, elapsed = 405.8 sec
[TwinWall] projected 1049 node(s)
Step =   1925: nodes = 11080, dt = 2.359531e-10, strain = 4.377700e-03, elapsed = 406.4 sec
[TwinWall] projected 1032 node(s)
Step =   1926: nodes = 11078, dt = 1.415719e-10, strain = 4.379115e-03, elapsed = 407.1 sec
[TwinWall] projected 1037 node(s)
Step =   1927: nodes = 11094, dt = 1.415719e-10, strain = 4.380531e-03, elapsed = 407.6 sec
[TwinWall] projected 1046 node(s)
Step =   1928: nodes = 11125, dt = 1.698862e-10, strain = 4.382230e-03, elapsed = 408.2 sec
[TwinWall] projected 1056 node(s)
Step =   1929: nodes = 11153, dt = 2.038635e-10, strain = 4.384269e-03, elapsed = 408.7 sec
[TwinWall] projected 1047 node(s)
Step =   1930: nodes = 11166, dt = 1.223181e-10, strain = 4.385492e-03, elapsed = 409.4 sec
[TwinWall] projected 1056 node(s)
Step =   1931: nodes = 11195, dt = 1.223181e-10, strain = 4.386715e-03, elapsed = 409.9 sec
[TwinWall] projected 1059 node(s)
Step =   1932: nodes = 11213, dt = 1.467817e-10, strain = 4.388183e-03, elapsed = 410.4 sec
[TwinWall] projected 1081 node(s)
Step =   1933: nodes = 11261, dt = 1.761381e-10, strain = 4.389944e-03, elapsed = 410.9 sec
[TwinWall] projected 1072 node(s)
Step =   1934: nodes = 11296, dt = 2.113657e-10, strain = 4.392058e-03, elapsed = 411.4 sec
[TwinWall] projected 1092 node(s)
Step =   1935: nodes = 11286, dt = 2.536388e-10, strain = 4.394594e-03, elapsed = 412.0 sec
[TwinWall] projected 1074 node(s)
Step =   1936: nodes = 11318, dt = 1.521833e-10, strain = 4.396116e-03, elapsed = 412.8 sec
[TwinWall] projected 1077 node(s)
Step =   1937: nodes = 11325, dt = 1.521833e-10, strain = 4.397638e-03, elapsed = 413.3 sec
[TwinWall] projected 1082 node(s)
Step =   1938: nodes = 11355, dt = 1.826199e-10, strain = 4.399464e-03, elapsed = 413.9 sec
[TwinWall] projected 1080 node(s)
Step =   1939: nodes = 11383, dt = 1.095720e-10, strain = 4.400560e-03, elapsed = 414.6 sec
[TwinWall] projected 1091 node(s)
Step =   1940: nodes = 11403, dt = 1.095720e-10, strain = 4.401656e-03, elapsed = 415.1 sec
[TwinWall] projected 1097 node(s)
Step =   1941: nodes = 11436, dt = 1.314864e-10, strain = 4.402970e-03, elapsed = 415.6 sec
[TwinWall] projected 1116 node(s)
Step =   1942: nodes = 11486, dt = 1.577836e-10, strain = 4.404548e-03, elapsed = 416.2 sec
[TwinWall] projected 1131 node(s)
Step =   1943: nodes = 11505, dt = 1.893403e-10, strain = 4.406442e-03, elapsed = 416.7 sec
[TwinWall] projected 1140 node(s)
Step =   1944: nodes = 11527, dt = 2.272084e-10, strain = 4.408714e-03, elapsed = 417.3 sec
[TwinWall] projected 1136 node(s)
Step =   1945: nodes = 11542, dt = 1.363251e-10, strain = 4.410077e-03, elapsed = 418.1 sec
[TwinWall] projected 1132 node(s)
Step =   1946: nodes = 11571, dt = 1.363251e-10, strain = 4.411440e-03, elapsed = 418.6 sec
[TwinWall] projected 1155 node(s)
Step =   1947: nodes = 11608, dt = 1.635901e-10, strain = 4.413076e-03, elapsed = 419.2 sec
[TwinWall] projected 1172 node(s)
Step =   1948: nodes = 11673, dt = 1.963081e-10, strain = 4.415039e-03, elapsed = 419.7 sec
[TwinWall] projected 1161 node(s)
Step =   1949: nodes = 11690, dt = 1.177848e-10, strain = 4.416217e-03, elapsed = 420.5 sec
[TwinWall] projected 1153 node(s)
Step =   1950: nodes = 11713, dt = 1.177848e-10, strain = 4.417395e-03, elapsed = 421.1 sec
[TwinWall] projected 1151 node(s)
Step =   1951: nodes = 11722, dt = 1.413418e-10, strain = 4.418808e-03, elapsed = 421.7 sec
[TwinWall] projected 1167 node(s)
Step =   1952: nodes = 11748, dt = 1.696102e-10, strain = 4.420504e-03, elapsed = 422.2 sec
[TwinWall] projected 1179 node(s)
Step =   1953: nodes = 11775, dt = 2.035322e-10, strain = 4.422540e-03, elapsed = 422.8 sec
[TwinWall] projected 1155 node(s)
Step =   1954: nodes = 11781, dt = 1.221193e-10, strain = 4.423761e-03, elapsed = 423.6 sec
[TwinWall] projected 1175 node(s)
Step =   1955: nodes = 11802, dt = 1.221193e-10, strain = 4.424982e-03, elapsed = 424.1 sec
[TwinWall] projected 1180 node(s)
Step =   1956: nodes = 11855, dt = 1.465432e-10, strain = 4.426448e-03, elapsed = 424.7 sec
[TwinWall] projected 1206 node(s)
Step =   1957: nodes = 11892, dt = 1.758518e-10, strain = 4.428206e-03, elapsed = 425.3 sec
[TwinWall] projected 1221 node(s)
Step =   1958: nodes = 11919, dt = 2.110222e-10, strain = 4.430316e-03, elapsed = 425.8 sec
[TwinWall] projected 1229 node(s)
Step =   1959: nodes = 11939, dt = 2.532266e-10, strain = 4.432849e-03, elapsed = 426.5 sec
[TwinWall] projected 1220 node(s)
Step =   1960: nodes = 11935, dt = 1.519360e-10, strain = 4.434368e-03, elapsed = 427.3 sec
[TwinWall] projected 1207 node(s)
Step =   1961: nodes = 11961, dt = 1.519360e-10, strain = 4.435887e-03, elapsed = 427.9 sec
[TwinWall] projected 1217 node(s)
Step =   1962: nodes = 12012, dt = 1.823232e-10, strain = 4.437711e-03, elapsed = 428.5 sec
[TwinWall] projected 1207 node(s)
Step =   1963: nodes = 12028, dt = 1.093939e-10, strain = 4.438805e-03, elapsed = 429.3 sec
[TwinWall] projected 1225 node(s)
Step =   1964: nodes = 12064, dt = 1.093939e-10, strain = 4.439898e-03, elapsed = 429.8 sec
[TwinWall] projected 1216 node(s)
Step =   1965: nodes = 12082, dt = 1.312727e-10, strain = 4.441211e-03, elapsed = 430.4 sec
[TwinWall] projected 1240 node(s)
Step =   1966: nodes = 12149, dt = 1.575272e-10, strain = 4.442786e-03, elapsed = 431.2 sec
[TwinWall] projected 1249 node(s)
Step =   1967: nodes = 12187, dt = 1.890327e-10, strain = 4.444677e-03, elapsed = 431.8 sec
[TwinWall] projected 1253 node(s)
Step =   1968: nodes = 12209, dt = 2.268392e-10, strain = 4.446945e-03, elapsed = 432.4 sec
[TwinWall] projected 1242 node(s)
Step =   1969: nodes = 12226, dt = 1.361035e-10, strain = 4.448306e-03, elapsed = 433.2 sec
[TwinWall] projected 1237 node(s)
Step =   1970: nodes = 12237, dt = 1.361035e-10, strain = 4.449667e-03, elapsed = 433.8 sec
[TwinWall] projected 1247 node(s)
Step =   1971: nodes = 12264, dt = 1.633242e-10, strain = 4.451301e-03, elapsed = 434.4 sec
[TwinWall] projected 1260 node(s)
Step =   1972: nodes = 12310, dt = 1.959891e-10, strain = 4.453260e-03, elapsed = 435.0 sec
[TwinWall] projected 1230 node(s)
Step =   1973: nodes = 12327, dt = 1.175934e-10, strain = 4.454436e-03, elapsed = 435.9 sec
[TwinWall] projected 1247 node(s)
Step =   1974: nodes = 12356, dt = 1.175934e-10, strain = 4.455612e-03, elapsed = 436.5 sec
[TwinWall] projected 1249 node(s)
Step =   1975: nodes = 12377, dt = 1.411121e-10, strain = 4.457023e-03, elapsed = 437.1 sec
[TwinWall] projected 1296 node(s)
Step =   1976: nodes = 12434, dt = 1.693346e-10, strain = 4.458717e-03, elapsed = 437.7 sec
[TwinWall] projected 1286 node(s)
Step =   1977: nodes = 12484, dt = 2.032015e-10, strain = 4.460749e-03, elapsed = 438.3 sec
[TwinWall] projected 1293 node(s)
Step =   1978: nodes = 12501, dt = 1.219209e-10, strain = 4.461968e-03, elapsed = 439.2 sec
[TwinWall] projected 1268 node(s)
Step =   1979: nodes = 12532, dt = 1.219209e-10, strain = 4.463187e-03, elapsed = 439.8 sec
[TwinWall] projected 1281 node(s)
Step =   1980: nodes = 12571, dt = 1.463051e-10, strain = 4.464650e-03, elapsed = 440.4 sec
[TwinWall] projected 1310 node(s)
Step =   1981: nodes = 12621, dt = 1.755661e-10, strain = 4.466406e-03, elapsed = 441.0 sec
[TwinWall] projected 1299 node(s)
Step =   1982: nodes = 12643, dt = 2.106793e-10, strain = 4.468513e-03, elapsed = 441.7 sec
[TwinWall] projected 1290 node(s)
Step =   1983: nodes = 12656, dt = 1.264076e-10, strain = 4.469777e-03, elapsed = 442.5 sec
[TwinWall] projected 1291 node(s)
Step =   1984: nodes = 12689, dt = 1.264076e-10, strain = 4.471041e-03, elapsed = 443.2 sec
[TwinWall] projected 1305 node(s)
Step =   1985: nodes = 12710, dt = 1.516891e-10, strain = 4.472558e-03, elapsed = 443.8 sec
[TwinWall] projected 1324 node(s)
Step =   1986: nodes = 12747, dt = 1.820269e-10, strain = 4.474378e-03, elapsed = 444.4 sec
[TwinWall] projected 1340 node(s)
Step =   1987: nodes = 12802, dt = 2.184323e-10, strain = 4.476562e-03, elapsed = 445.1 sec
[TwinWall] projected 1328 node(s)
Step =   1988: nodes = 12815, dt = 1.310594e-10, strain = 4.477873e-03, elapsed = 446.0 sec
[TwinWall] projected 1314 node(s)
Step =   1989: nodes = 12841, dt = 1.310594e-10, strain = 4.479183e-03, elapsed = 446.6 sec
[TwinWall] projected 1326 node(s)
Step =   1990: nodes = 12891, dt = 1.572712e-10, strain = 4.480756e-03, elapsed = 447.2 sec
[TwinWall] projected 1349 node(s)
Step =   1991: nodes = 12925, dt = 1.887255e-10, strain = 4.482643e-03, elapsed = 447.9 sec
[TwinWall] projected 1358 node(s)
Step =   1992: nodes = 12955, dt = 2.264706e-10, strain = 4.484908e-03, elapsed = 448.6 sec
[TwinWall] projected 1342 node(s)
Step =   1993: nodes = 12985, dt = 1.358824e-10, strain = 4.486267e-03, elapsed = 449.5 sec
[TwinWall] projected 1341 node(s)
Step =   1994: nodes = 13013, dt = 1.358824e-10, strain = 4.487626e-03, elapsed = 450.1 sec
[TwinWall] projected 1352 node(s)
Step =   1995: nodes = 13047, dt = 1.630588e-10, strain = 4.489256e-03, elapsed = 450.8 sec
[TwinWall] projected 1368 node(s)
Step =   1996: nodes = 13101, dt = 1.956706e-10, strain = 4.491213e-03, elapsed = 451.4 sec
[TwinWall] projected 1390 node(s)
Step =   1997: nodes = 13140, dt = 2.348047e-10, strain = 4.493561e-03, elapsed = 452.1 sec
[TwinWall] projected 1381 node(s)
Step =   1998: nodes = 13173, dt = 1.408828e-10, strain = 4.494970e-03, elapsed = 453.1 sec
[TwinWall] projected 1360 node(s)
Step =   1999: nodes = 13184, dt = 1.408828e-10, strain = 4.496379e-03, elapsed = 453.7 sec
[TwinWall] projected 1388 node(s)
Step =   2000: nodes = 13226, dt = 1.690594e-10, strain = 4.498069e-03, elapsed = 454.4 sec
Writing configuration in legacy data format
 Output file: /data/home/dg000246b/openDIS/HomeWork/output_Cu_twin_rorient/config.2000.data
Writing restart file
 Restart file: /data/home/dg000246b/openDIS/HomeWork/output_Cu_twin_rorient/restart.2000.exadis
[TwinWall] projected 1387 node(s)
Step =   2001: nodes = 13270, dt = 2.028713e-10, strain = 4.500098e-03, elapsed = 455.2 sec
[TwinWall] projected 1375 node(s)
Step =   2002: nodes = 13281, dt = 1.217228e-10, strain = 4.501315e-03, elapsed = 456.2 sec
[TwinWall] projected 1387 node(s)
Step =   2003: nodes = 13333, dt = 1.217228e-10, strain = 4.502533e-03, elapsed = 456.8 sec
[TwinWall] projected 1395 node(s)
Step =   2004: nodes = 13361, dt = 1.460673e-10, strain = 4.503993e-03, elapsed = 457.5 sec
[TwinWall] projected 1399 node(s)
Step =   2005: nodes = 13385, dt = 1.752808e-10, strain = 4.505746e-03, elapsed = 458.2 sec
[TwinWall] projected 1424 node(s)
Step =   2006: nodes = 13415, dt = 2.103369e-10, strain = 4.507849e-03, elapsed = 458.9 sec
[TwinWall] projected 1396 node(s)
Step =   2007: nodes = 13431, dt = 1.262022e-10, strain = 4.509111e-03, elapsed = 459.8 sec
[TwinWall] projected 1401 node(s)
Step =   2008: nodes = 13451, dt = 1.262022e-10, strain = 4.510373e-03, elapsed = 460.9 sec
[TwinWall] projected 1406 node(s)
Step =   2009: nodes = 13500, dt = 1.514426e-10, strain = 4.511888e-03, elapsed = 461.6 sec
[TwinWall] projected 1428 node(s)
Step =   2010: nodes = 13547, dt = 1.817311e-10, strain = 4.513705e-03, elapsed = 462.3 sec
[TwinWall] projected 1410 node(s)
Step =   2011: nodes = 13586, dt = 1.090387e-10, strain = 4.514796e-03, elapsed = 463.3 sec
[TwinWall] projected 1389 node(s)
Step =   2012: nodes = 13596, dt = 1.090387e-10, strain = 4.515886e-03, elapsed = 463.9 sec
[TwinWall] projected 1408 node(s)
Step =   2013: nodes = 13617, dt = 1.308464e-10, strain = 4.517194e-03, elapsed = 464.6 sec
[TwinWall] projected 1409 node(s)
Step =   2014: nodes = 13643, dt = 1.570157e-10, strain = 4.518765e-03, elapsed = 465.4 sec
[TwinWall] projected 1439 node(s)
Step =   2015: nodes = 13695, dt = 1.884188e-10, strain = 4.520649e-03, elapsed = 466.1 sec
[TwinWall] projected 1447 node(s)
Step =   2016: nodes = 13695, dt = 2.261026e-10, strain = 4.522910e-03, elapsed = 466.8 sec
[TwinWall] projected 1418 node(s)
Step =   2017: nodes = 13700, dt = 1.356615e-10, strain = 4.524266e-03, elapsed = 467.8 sec
[TwinWall] projected 1390 node(s)
Step =   2018: nodes = 13702, dt = 6.783077e-11, strain = 4.524945e-03, elapsed = 468.8 sec
[TwinWall] projected 1381 node(s)
Step =   2019: nodes = 13731, dt = 6.783077e-11, strain = 4.525623e-03, elapsed = 469.5 sec
[TwinWall] projected 1382 node(s)
Step =   2020: nodes = 13752, dt = 8.139693e-11, strain = 4.526437e-03, elapsed = 470.1 sec
[TwinWall] projected 1393 node(s)
Step =   2021: nodes = 13794, dt = 9.767631e-11, strain = 4.527414e-03, elapsed = 470.8 sec
[TwinWall] projected 1408 node(s)
Step =   2022: nodes = 13820, dt = 1.172116e-10, strain = 4.528586e-03, elapsed = 471.5 sec
[TwinWall] projected 1400 node(s)
Step =   2023: nodes = 13871, dt = 1.406539e-10, strain = 4.529992e-03, elapsed = 472.3 sec
[TwinWall] projected 1435 node(s)
Step =   2024: nodes = 13901, dt = 1.687847e-10, strain = 4.531680e-03, elapsed = 473.0 sec
[TwinWall] projected 1444 node(s)
Step =   2025: nodes = 13915, dt = 2.025416e-10, strain = 4.533706e-03, elapsed = 473.8 sec
[TwinWall] projected 1426 node(s)
Step =   2026: nodes = 13904, dt = 1.215250e-10, strain = 4.534921e-03, elapsed = 474.8 sec
[TwinWall] projected 1420 node(s)
Step =   2027: nodes = 13913, dt = 1.215250e-10, strain = 4.536136e-03, elapsed = 475.5 sec
[TwinWall] projected 1422 node(s)
Step =   2028: nodes = 13913, dt = 1.458300e-10, strain = 4.537594e-03, elapsed = 476.3 sec
[TwinWall] projected 1439 node(s)
Step =   2029: nodes = 13951, dt = 1.749959e-10, strain = 4.539344e-03, elapsed = 477.0 sec
[TwinWall] projected 1464 node(s)
Step =   2030: nodes = 13969, dt = 2.099951e-10, strain = 4.541444e-03, elapsed = 477.8 sec
[TwinWall] projected 1482 node(s)
Step =   2031: nodes = 13998, dt = 2.519942e-10, strain = 4.543964e-03, elapsed = 478.5 sec
[TwinWall] projected 1466 node(s)
Step =   2032: nodes = 13997, dt = 1.511965e-10, strain = 4.545476e-03, elapsed = 479.6 sec
[TwinWall] projected 1464 node(s)
Step =   2033: nodes = 14043, dt = 1.511965e-10, strain = 4.546988e-03, elapsed = 480.3 sec
[TwinWall] projected 1465 node(s)
Step =   2034: nodes = 14049, dt = 1.814358e-10, strain = 4.548803e-03, elapsed = 481.1 sec
[TwinWall] projected 1435 node(s)
Step =   2035: nodes = 14071, dt = 1.088615e-10, strain = 4.549891e-03, elapsed = 482.1 sec
[TwinWall] projected 1447 node(s)
Step =   2036: nodes = 14100, dt = 1.088615e-10, strain = 4.550980e-03, elapsed = 482.8 sec
[TwinWall] projected 1463 node(s)
Step =   2037: nodes = 14135, dt = 1.306338e-10, strain = 4.552286e-03, elapsed = 483.5 sec
[TwinWall] projected 1480 node(s)
Step =   2038: nodes = 14168, dt = 1.567605e-10, strain = 4.553854e-03, elapsed = 484.2 sec
[TwinWall] projected 1476 node(s)
Step =   2039: nodes = 14228, dt = 9.405632e-11, strain = 4.554794e-03, elapsed = 485.3 sec
[TwinWall] projected 1479 node(s)
Step =   2040: nodes = 14247, dt = 9.405632e-11, strain = 4.555735e-03, elapsed = 486.0 sec
[TwinWall] projected 1476 node(s)
Step =   2041: nodes = 14276, dt = 1.128676e-10, strain = 4.556864e-03, elapsed = 486.7 sec
[TwinWall] projected 1500 node(s)
Step =   2042: nodes = 14330, dt = 1.354411e-10, strain = 4.558218e-03, elapsed = 487.5 sec
[TwinWall] projected 1505 node(s)
Step =   2043: nodes = 14356, dt = 1.625293e-10, strain = 4.559843e-03, elapsed = 488.2 sec
[TwinWall] projected 1475 node(s)
Step =   2044: nodes = 14365, dt = 9.751759e-11, strain = 4.560818e-03, elapsed = 489.3 sec
[TwinWall] projected 1485 node(s)
Step =   2045: nodes = 14392, dt = 9.751759e-11, strain = 4.561794e-03, elapsed = 490.0 sec
[TwinWall] projected 1515 node(s)
Step =   2046: nodes = 14456, dt = 1.170211e-10, strain = 4.562964e-03, elapsed = 491.0 sec
[TwinWall] projected 1516 node(s)
Step =   2047: nodes = 14482, dt = 1.404253e-10, strain = 4.564368e-03, elapsed = 491.7 sec
[TwinWall] projected 1528 node(s)
Step =   2048: nodes = 14515, dt = 1.685104e-10, strain = 4.566053e-03, elapsed = 492.5 sec
[TwinWall] projected 1556 node(s)
Step =   2049: nodes = 14547, dt = 2.022125e-10, strain = 4.568075e-03, elapsed = 493.3 sec
[TwinWall] projected 1520 node(s)
Step =   2050: nodes = 14594, dt = 1.213275e-10, strain = 4.569289e-03, elapsed = 494.4 sec
[TwinWall] projected 1518 node(s)
Step =   2051: nodes = 14622, dt = 1.213275e-10, strain = 4.570502e-03, elapsed = 495.2 sec
[TwinWall] projected 1511 node(s)
Step =   2052: nodes = 14638, dt = 1.455930e-10, strain = 4.571958e-03, elapsed = 495.9 sec
[TwinWall] projected 1531 node(s)
Step =   2053: nodes = 14661, dt = 1.747116e-10, strain = 4.573705e-03, elapsed = 496.8 sec
[TwinWall] projected 1551 node(s)
Step =   2054: nodes = 14698, dt = 2.096539e-10, strain = 4.575801e-03, elapsed = 497.6 sec
[TwinWall] projected 1537 node(s)
Step =   2055: nodes = 14727, dt = 1.257923e-10, strain = 4.577059e-03, elapsed = 498.7 sec
[TwinWall] projected 1546 node(s)
Step =   2056: nodes = 14748, dt = 1.257923e-10, strain = 4.578317e-03, elapsed = 499.5 sec
[TwinWall] projected 1555 node(s)
Step =   2057: nodes = 14773, dt = 1.509508e-10, strain = 4.579827e-03, elapsed = 500.2 sec
[TwinWall] projected 1573 node(s)
Step =   2058: nodes = 14820, dt = 1.811410e-10, strain = 4.581638e-03, elapsed = 501.0 sec
[TwinWall] projected 1598 node(s)
Step =   2059: nodes = 14872, dt = 2.173692e-10, strain = 4.583812e-03, elapsed = 501.9 sec
[TwinWall] projected 1584 node(s)
Step =   2060: nodes = 14898, dt = 1.304215e-10, strain = 4.585116e-03, elapsed = 503.0 sec
[TwinWall] projected 1581 node(s)
Step =   2061: nodes = 14931, dt = 1.304215e-10, strain = 4.586420e-03, elapsed = 503.8 sec
[TwinWall] projected 1593 node(s)
Step =   2062: nodes = 14973, dt = 1.565058e-10, strain = 4.587985e-03, elapsed = 504.6 sec
[TwinWall] projected 1613 node(s)
Step =   2063: nodes = 15029, dt = 1.878069e-10, strain = 4.589863e-03, elapsed = 505.4 sec
[TwinWall] projected 1633 node(s)
Step =   2064: nodes = 15111, dt = 2.253683e-10, strain = 4.592117e-03, elapsed = 506.2 sec
[TwinWall] projected 1609 node(s)
Step =   2065: nodes = 15121, dt = 1.352210e-10, strain = 4.593469e-03, elapsed = 507.4 sec
[TwinWall] projected 1603 node(s)
Step =   2066: nodes = 15141, dt = 1.352210e-10, strain = 4.594822e-03, elapsed = 508.2 sec
[TwinWall] projected 1610 node(s)
Step =   2067: nodes = 15158, dt = 1.622652e-10, strain = 4.596444e-03, elapsed = 509.0 sec
[TwinWall] projected 1610 node(s)
Step =   2068: nodes = 15194, dt = 9.735912e-11, strain = 4.597418e-03, elapsed = 510.2 sec
[TwinWall] projected 1620 node(s)
Step =   2069: nodes = 15237, dt = 9.735912e-11, strain = 4.598391e-03, elapsed = 510.9 sec
[TwinWall] projected 1616 node(s)
Step =   2070: nodes = 15263, dt = 1.168309e-10, strain = 4.599560e-03, elapsed = 511.7 sec
[TwinWall] projected 1619 node(s)
Step =   2071: nodes = 15288, dt = 1.401971e-10, strain = 4.600962e-03, elapsed = 512.6 sec
[TwinWall] projected 1642 node(s)
Step =   2072: nodes = 15315, dt = 1.682366e-10, strain = 4.602644e-03, elapsed = 513.4 sec
[TwinWall] projected 1666 node(s)
Step =   2073: nodes = 15376, dt = 2.018839e-10, strain = 4.604663e-03, elapsed = 514.3 sec
[TwinWall] projected 1677 node(s)
Step =   2074: nodes = 15383, dt = 2.422607e-10, strain = 4.607086e-03, elapsed = 515.2 sec
[TwinWall] projected 1660 node(s)
Step =   2075: nodes = 15413, dt = 1.453564e-10, strain = 4.608539e-03, elapsed = 516.5 sec
[TwinWall] projected 1645 node(s)
Step =   2076: nodes = 15438, dt = 1.453564e-10, strain = 4.609993e-03, elapsed = 517.3 sec
[TwinWall] projected 1677 node(s)
Step =   2077: nodes = 15479, dt = 1.744277e-10, strain = 4.611737e-03, elapsed = 518.2 sec
[TwinWall] projected 1676 node(s)
Step =   2078: nodes = 15510, dt = 1.046566e-10, strain = 4.612783e-03, elapsed = 519.4 sec
[TwinWall] projected 1663 node(s)
Step =   2079: nodes = 15543, dt = 1.046566e-10, strain = 4.613830e-03, elapsed = 520.2 sec
[TwinWall] projected 1671 node(s)
Step =   2080: nodes = 15571, dt = 1.255879e-10, strain = 4.615086e-03, elapsed = 521.3 sec
[TwinWall] projected 1690 node(s)
Step =   2081: nodes = 15583, dt = 1.507055e-10, strain = 4.616593e-03, elapsed = 522.1 sec
[TwinWall] projected 1719 node(s)
Step =   2082: nodes = 15665, dt = 1.808466e-10, strain = 4.618401e-03, elapsed = 523.0 sec
[TwinWall] projected 1728 node(s)
Step =   2083: nodes = 15717, dt = 2.170159e-10, strain = 4.620572e-03, elapsed = 523.9 sec
[TwinWall] projected 1703 node(s)
Step =   2084: nodes = 15742, dt = 1.302096e-10, strain = 4.621874e-03, elapsed = 525.1 sec
[TwinWall] projected 1683 node(s)
Step =   2085: nodes = 15786, dt = 1.302096e-10, strain = 4.623176e-03, elapsed = 526.0 sec
[TwinWall] projected 1708 node(s)
Step =   2086: nodes = 15825, dt = 1.562515e-10, strain = 4.624738e-03, elapsed = 526.9 sec
[TwinWall] projected 1732 node(s)
Step =   2087: nodes = 15919, dt = 1.875018e-10, strain = 4.626613e-03, elapsed = 527.8 sec
[TwinWall] projected 1686 node(s)
Step =   2088: nodes = 15893, dt = 1.125011e-10, strain = 4.627738e-03, elapsed = 529.0 sec
[TwinWall] projected 1686 node(s)
Step =   2089: nodes = 15931, dt = 1.125011e-10, strain = 4.628863e-03, elapsed = 529.9 sec
[TwinWall] projected 1706 node(s)
Step =   2090: nodes = 15955, dt = 1.350013e-10, strain = 4.630213e-03, elapsed = 530.8 sec
[TwinWall] projected 1740 node(s)
Step =   2091: nodes = 15992, dt = 1.620015e-10, strain = 4.631833e-03, elapsed = 531.7 sec
[TwinWall] projected 1756 node(s)
Step =   2092: nodes = 16017, dt = 1.944018e-10, strain = 4.633777e-03, elapsed = 532.6 sec
[TwinWall] projected 1795 node(s)
Step =   2093: nodes = 16056, dt = 2.332822e-10, strain = 4.636110e-03, elapsed = 533.6 sec
[TwinWall] projected 1775 node(s)
Step =   2094: nodes = 16088, dt = 1.399693e-10, strain = 4.637510e-03, elapsed = 534.9 sec
[TwinWall] projected 1769 node(s)
Step =   2095: nodes = 16112, dt = 1.399693e-10, strain = 4.638910e-03, elapsed = 535.8 sec
[TwinWall] projected 1821 node(s)
Step =   2096: nodes = 16169, dt = 1.679632e-10, strain = 4.640589e-03, elapsed = 536.6 sec
[TwinWall] projected 1780 node(s)
Step =   2097: nodes = 16200, dt = 1.007779e-10, strain = 4.641597e-03, elapsed = 537.9 sec
[TwinWall] projected 1750 node(s)
Step =   2098: nodes = 16223, dt = 1.007779e-10, strain = 4.642605e-03, elapsed = 538.8 sec
[TwinWall] projected 1763 node(s)
Step =   2099: nodes = 16260, dt = 1.209335e-10, strain = 4.643814e-03, elapsed = 539.7 sec
[TwinWall] projected 1764 node(s)
Step =   2100: nodes = 16284, dt = 1.451202e-10, strain = 4.645265e-03, elapsed = 540.6 sec
Writing configuration in legacy data format
 Output file: /data/home/dg000246b/openDIS/HomeWork/output_Cu_twin_rorient/config.2100.data
Writing restart file
 Restart file: /data/home/dg000246b/openDIS/HomeWork/output_Cu_twin_rorient/restart.2100.exadis
[TwinWall] projected 1812 node(s)
Step =   2101: nodes = 16336, dt = 1.741442e-10, strain = 4.647007e-03, elapsed = 541.7 sec
[TwinWall] projected 1770 node(s)
Step =   2102: nodes = 16349, dt = 1.044865e-10, strain = 4.648052e-03, elapsed = 543.0 sec
[TwinWall] projected 1771 node(s)
Step =   2103: nodes = 16381, dt = 1.044865e-10, strain = 4.649097e-03, elapsed = 544.0 sec
[TwinWall] projected 1802 node(s)
Step =   2104: nodes = 16419, dt = 1.253838e-10, strain = 4.650350e-03, elapsed = 544.9 sec
[TwinWall] projected 1831 node(s)
Step =   2105: nodes = 16468, dt = 1.504606e-10, strain = 4.651855e-03, elapsed = 545.8 sec
[TwinWall] projected 1848 node(s)
Step =   2106: nodes = 16530, dt = 1.805527e-10, strain = 4.653660e-03, elapsed = 546.8 sec
[TwinWall] projected 1889 node(s)
Step =   2107: nodes = 16557, dt = 2.166633e-10, strain = 4.655827e-03, elapsed = 547.7 sec
[TwinWall] projected 1880 node(s)
Step =   2108: nodes = 16595, dt = 1.299980e-10, strain = 4.657127e-03, elapsed = 549.1 sec
[TwinWall] projected 1904 node(s)
Step =   2109: nodes = 16637, dt = 1.299980e-10, strain = 4.658427e-03, elapsed = 550.0 sec
[TwinWall] projected 1901 node(s)
Step =   2110: nodes = 16699, dt = 1.559976e-10, strain = 4.659987e-03, elapsed = 551.2 sec
[TwinWall] projected 1957 node(s)
Step =   2111: nodes = 16772, dt = 1.871971e-10, strain = 4.661859e-03, elapsed = 552.1 sec
[TwinWall] projected 1966 node(s)
Step =   2112: nodes = 16823, dt = 2.246365e-10, strain = 4.664105e-03, elapsed = 553.1 sec
[TwinWall] projected 1930 node(s)
Step =   2113: nodes = 16829, dt = 1.347819e-10, strain = 4.665453e-03, elapsed = 554.6 sec
[TwinWall] projected 1918 node(s)
Step =   2114: nodes = 16875, dt = 1.347819e-10, strain = 4.666801e-03, elapsed = 555.5 sec
[TwinWall] projected 1946 node(s)
Step =   2115: nodes = 16941, dt = 1.617383e-10, strain = 4.668418e-03, elapsed = 556.5 sec
[TwinWall] projected 1961 node(s)
Step =   2116: nodes = 16954, dt = 9.704296e-11, strain = 4.669389e-03, elapsed = 557.9 sec
[TwinWall] projected 1962 node(s)
Step =   2117: nodes = 17024, dt = 9.704296e-11, strain = 4.670359e-03, elapsed = 558.8 sec
[TwinWall] projected 2000 node(s)
Step =   2118: nodes = 17104, dt = 1.164516e-10, strain = 4.671524e-03, elapsed = 559.7 sec
[TwinWall] projected 1973 node(s)
Step =   2119: nodes = 17151, dt = 1.397419e-10, strain = 4.672921e-03, elapsed = 560.7 sec
[TwinWall] projected 2003 node(s)
Step =   2120: nodes = 17197, dt = 1.676902e-10, strain = 4.674598e-03, elapsed = 561.7 sec
[TwinWall] projected 2009 node(s)
Step =   2121: nodes = 17261, dt = 2.012283e-10, strain = 4.676610e-03, elapsed = 562.8 sec
[TwinWall] projected 1986 node(s)
Step =   2122: nodes = 17279, dt = 1.207370e-10, strain = 4.677818e-03, elapsed = 564.2 sec
[TwinWall] projected 1983 node(s)
Step =   2123: nodes = 17320, dt = 1.207370e-10, strain = 4.679025e-03, elapsed = 565.2 sec
[TwinWall] projected 1999 node(s)
Step =   2124: nodes = 17341, dt = 1.448844e-10, strain = 4.680474e-03, elapsed = 566.2 sec
[TwinWall] projected 2024 node(s)
Step =   2125: nodes = 17412, dt = 1.738612e-10, strain = 4.682213e-03, elapsed = 567.3 sec
[TwinWall] projected 2035 node(s)
Step =   2126: nodes = 17413, dt = 2.086335e-10, strain = 4.684299e-03, elapsed = 568.3 sec
[TwinWall] projected 1987 node(s)
Step =   2127: nodes = 17440, dt = 1.251801e-10, strain = 4.685551e-03, elapsed = 569.8 sec
[TwinWall] projected 1990 node(s)
Step =   2128: nodes = 17477, dt = 1.251801e-10, strain = 4.686803e-03, elapsed = 570.8 sec
[TwinWall] projected 2028 node(s)
Step =   2129: nodes = 17545, dt = 1.502161e-10, strain = 4.688305e-03, elapsed = 571.8 sec
[TwinWall] projected 2046 node(s)
Step =   2130: nodes = 17572, dt = 1.802593e-10, strain = 4.690107e-03, elapsed = 572.9 sec
[TwinWall] projected 2089 node(s)
Step =   2131: nodes = 17651, dt = 2.163112e-10, strain = 4.692270e-03, elapsed = 573.9 sec
[TwinWall] projected 2042 node(s)
Step =   2132: nodes = 17647, dt = 1.297867e-10, strain = 4.693568e-03, elapsed = 575.5 sec
[TwinWall] projected 2050 node(s)
Step =   2133: nodes = 17701, dt = 1.297867e-10, strain = 4.694866e-03, elapsed = 576.5 sec
[TwinWall] projected 2067 node(s)
Step =   2134: nodes = 17738, dt = 1.557441e-10, strain = 4.696424e-03, elapsed = 577.5 sec
[TwinWall] projected 2105 node(s)
Step =   2135: nodes = 17824, dt = 1.868929e-10, strain = 4.698292e-03, elapsed = 578.6 sec
[TwinWall] projected 2055 node(s)
Step =   2136: nodes = 17837, dt = 1.121357e-10, strain = 4.699414e-03, elapsed = 580.1 sec
[TwinWall] projected 2039 node(s)
Step =   2137: nodes = 17855, dt = 1.121357e-10, strain = 4.700535e-03, elapsed = 581.4 sec
[TwinWall] projected 2075 node(s)
Step =   2138: nodes = 17895, dt = 1.345629e-10, strain = 4.701881e-03, elapsed = 582.5 sec
[TwinWall] projected 2033 node(s)
Step =   2139: nodes = 17906, dt = 8.073772e-11, strain = 4.702688e-03, elapsed = 584.0 sec
[TwinWall] projected 2077 node(s)
Step =   2140: nodes = 17944, dt = 8.073772e-11, strain = 4.703496e-03, elapsed = 585.0 sec
[TwinWall] projected 2091 node(s)
Step =   2141: nodes = 18024, dt = 9.688527e-11, strain = 4.704464e-03, elapsed = 586.0 sec
[TwinWall] projected 2125 node(s)
Step =   2142: nodes = 18097, dt = 1.162623e-10, strain = 4.705627e-03, elapsed = 587.0 sec
[TwinWall] projected 2118 node(s)
Step =   2143: nodes = 18134, dt = 1.395148e-10, strain = 4.707022e-03, elapsed = 588.1 sec
[TwinWall] projected 2150 node(s)
Step =   2144: nodes = 18218, dt = 1.674177e-10, strain = 4.708696e-03, elapsed = 589.1 sec
[TwinWall] projected 2100 node(s)
Step =   2145: nodes = 18247, dt = 1.004506e-10, strain = 4.709701e-03, elapsed = 590.7 sec
[TwinWall] projected 2079 node(s)
Step =   2146: nodes = 18266, dt = 1.004506e-10, strain = 4.710705e-03, elapsed = 591.8 sec
[TwinWall] projected 2095 node(s)
Step =   2147: nodes = 18275, dt = 1.205408e-10, strain = 4.711911e-03, elapsed = 592.9 sec
[TwinWall] projected 2131 node(s)
Step =   2148: nodes = 18336, dt = 1.446489e-10, strain = 4.713357e-03, elapsed = 594.0 sec
[TwinWall] projected 2151 node(s)
Step =   2149: nodes = 18362, dt = 1.735787e-10, strain = 4.715093e-03, elapsed = 595.1 sec
[TwinWall] projected 2186 node(s)
Step =   2150: nodes = 18394, dt = 2.082945e-10, strain = 4.717176e-03, elapsed = 596.3 sec
[TwinWall] projected 2152 node(s)
Step =   2151: nodes = 18411, dt = 1.249767e-10, strain = 4.718426e-03, elapsed = 597.9 sec
[TwinWall] projected 2183 node(s)
Step =   2152: nodes = 18467, dt = 1.249767e-10, strain = 4.719676e-03, elapsed = 599.0 sec
[TwinWall] projected 2189 node(s)
Step =   2153: nodes = 18510, dt = 1.499720e-10, strain = 4.721175e-03, elapsed = 600.1 sec
[TwinWall] projected 2155 node(s)
Step =   2154: nodes = 18522, dt = 8.998321e-11, strain = 4.722075e-03, elapsed = 601.7 sec
[TwinWall] projected 2139 node(s)
Step =   2155: nodes = 18532, dt = 8.998321e-11, strain = 4.722975e-03, elapsed = 602.8 sec
[TwinWall] projected 2140 node(s)
Step =   2156: nodes = 18528, dt = 1.079798e-10, strain = 4.724055e-03, elapsed = 603.9 sec
[TwinWall] projected 2158 node(s)
Step =   2157: nodes = 18578, dt = 1.295758e-10, strain = 4.725351e-03, elapsed = 605.0 sec
[TwinWall] projected 2215 node(s)
Step =   2158: nodes = 18606, dt = 1.554910e-10, strain = 4.726905e-03, elapsed = 606.2 sec
[TwinWall] projected 2247 node(s)
Step =   2159: nodes = 18648, dt = 1.865892e-10, strain = 4.728771e-03, elapsed = 607.3 sec
[TwinWall] projected 2243 node(s)
Step =   2160: nodes = 18646, dt = 1.119535e-10, strain = 4.729891e-03, elapsed = 609.0 sec
[TwinWall] projected 2261 node(s)
Step =   2161: nodes = 18728, dt = 1.119535e-10, strain = 4.731010e-03, elapsed = 610.0 sec
[TwinWall] projected 2273 node(s)
Step =   2162: nodes = 18768, dt = 1.343442e-10, strain = 4.732354e-03, elapsed = 611.3 sec
[TwinWall] projected 2263 node(s)
Step =   2163: nodes = 18810, dt = 1.612130e-10, strain = 4.733966e-03, elapsed = 612.5 sec
[TwinWall] projected 2313 node(s)
Step =   2164: nodes = 18811, dt = 1.934557e-10, strain = 4.735901e-03, elapsed = 613.7 sec
[TwinWall] projected 2332 node(s)
Step =   2165: nodes = 18823, dt = 1.160734e-10, strain = 4.737061e-03, elapsed = 615.4 sec
[TwinWall] projected 2307 node(s)
Step =   2166: nodes = 18833, dt = 1.160734e-10, strain = 4.738222e-03, elapsed = 616.5 sec
[TwinWall] projected 2328 node(s)
Step =   2167: nodes = 18896, dt = 1.392881e-10, strain = 4.739615e-03, elapsed = 617.6 sec
[TwinWall] projected 2346 node(s)
Step =   2168: nodes = 18920, dt = 1.671457e-10, strain = 4.741286e-03, elapsed = 618.8 sec
[TwinWall] projected 2417 node(s)
Step =   2169: nodes = 19027, dt = 2.005748e-10, strain = 4.743292e-03, elapsed = 620.0 sec
[TwinWall] projected 2348 node(s)
Step =   2170: nodes = 18977, dt = 1.203449e-10, strain = 4.744496e-03, elapsed = 621.7 sec
[TwinWall] projected 2313 node(s)
Step =   2171: nodes = 19017, dt = 1.203449e-10, strain = 4.745699e-03, elapsed = 622.8 sec
[TwinWall] projected 2340 node(s)
Step =   2172: nodes = 19065, dt = 1.444139e-10, strain = 4.747143e-03, elapsed = 624.0 sec
[TwinWall] projected 2376 node(s)
Step =   2173: nodes = 19120, dt = 1.732966e-10, strain = 4.748876e-03, elapsed = 625.2 sec
[TwinWall] projected 2407 node(s)
Step =   2174: nodes = 19138, dt = 2.079560e-10, strain = 4.750956e-03, elapsed = 626.4 sec
[TwinWall] projected 2355 node(s)
Step =   2175: nodes = 19161, dt = 1.247736e-10, strain = 4.752203e-03, elapsed = 628.1 sec
[TwinWall] projected 2354 node(s)
Step =   2176: nodes = 19204, dt = 1.247736e-10, strain = 4.753451e-03, elapsed = 629.3 sec
[TwinWall] projected 2375 node(s)
Step =   2177: nodes = 19221, dt = 1.497283e-10, strain = 4.754948e-03, elapsed = 630.5 sec
[TwinWall] projected 2403 node(s)
Step =   2178: nodes = 19286, dt = 1.796740e-10, strain = 4.756745e-03, elapsed = 631.7 sec
[TwinWall] projected 2465 node(s)
Step =   2179: nodes = 19376, dt = 2.156088e-10, strain = 4.758901e-03, elapsed = 632.9 sec
[TwinWall] projected 2438 node(s)
Step =   2180: nodes = 19403, dt = 1.293653e-10, strain = 4.760195e-03, elapsed = 634.6 sec
[TwinWall] projected 2453 node(s)
Step =   2181: nodes = 19471, dt = 1.293653e-10, strain = 4.761489e-03, elapsed = 635.8 sec
[TwinWall] projected 2465 node(s)
Step =   2182: nodes = 19492, dt = 1.552383e-10, strain = 4.763041e-03, elapsed = 637.1 sec
[TwinWall] projected 2487 node(s)
Step =   2183: nodes = 19578, dt = 1.862860e-10, strain = 4.764904e-03, elapsed = 638.3 sec
[TwinWall] projected 2534 node(s)
Step =   2184: nodes = 19565, dt = 2.235432e-10, strain = 4.767139e-03, elapsed = 639.6 sec
[TwinWall] projected 2501 node(s)
Step =   2185: nodes = 19563, dt = 1.341259e-10, strain = 4.768480e-03, elapsed = 641.5 sec
[TwinWall] projected 2493 node(s)
Step =   2186: nodes = 19599, dt = 1.341259e-10, strain = 4.769822e-03, elapsed = 642.7 sec
[TwinWall] projected 2521 node(s)
Step =   2187: nodes = 19656, dt = 1.609511e-10, strain = 4.771431e-03, elapsed = 644.0 sec
[TwinWall] projected 2566 node(s)
Step =   2188: nodes = 19717, dt = 1.931413e-10, strain = 4.773363e-03, elapsed = 645.2 sec
[TwinWall] projected 2580 node(s)
Step =   2189: nodes = 19734, dt = 2.317695e-10, strain = 4.775680e-03, elapsed = 646.6 sec
[TwinWall] projected 2542 node(s)
Step =   2190: nodes = 19759, dt = 1.390617e-10, strain = 4.777071e-03, elapsed = 648.5 sec
[TwinWall] projected 2552 node(s)
Step =   2191: nodes = 19810, dt = 1.390617e-10, strain = 4.778462e-03, elapsed = 649.7 sec
[TwinWall] projected 2559 node(s)
Step =   2192: nodes = 19842, dt = 1.668741e-10, strain = 4.780130e-03, elapsed = 651.0 sec
[TwinWall] projected 2547 node(s)
Step =   2193: nodes = 19900, dt = 1.001244e-10, strain = 4.781132e-03, elapsed = 652.8 sec
[TwinWall] projected 2528 node(s)
Step =   2194: nodes = 19933, dt = 1.001244e-10, strain = 4.782133e-03, elapsed = 654.1 sec
[TwinWall] projected 2535 node(s)
Step =   2195: nodes = 19983, dt = 1.201493e-10, strain = 4.783334e-03, elapsed = 655.3 sec
[TwinWall] projected 2567 node(s)
Step =   2196: nodes = 20030, dt = 1.441792e-10, strain = 4.784776e-03, elapsed = 656.6 sec
[TwinWall] projected 2569 node(s)
Step =   2197: nodes = 20079, dt = 8.650752e-11, strain = 4.785641e-03, elapsed = 658.4 sec
[TwinWall] projected 2539 node(s)
Step =   2198: nodes = 20091, dt = 8.650752e-11, strain = 4.786506e-03, elapsed = 659.6 sec
[TwinWall] projected 2570 node(s)
Step =   2199: nodes = 20153, dt = 1.038090e-10, strain = 4.787544e-03, elapsed = 660.9 sec
[TwinWall] projected 2582 node(s)
Step =   2200: nodes = 20198, dt = 1.245708e-10, strain = 4.788790e-03, elapsed = 662.2 sec
Writing configuration in legacy data format
 Output file: /data/home/dg000246b/openDIS/HomeWork/output_Cu_twin_rorient/config.2200.data
Writing restart file
 Restart file: /data/home/dg000246b/openDIS/HomeWork/output_Cu_twin_rorient/restart.2200.exadis
[TwinWall] projected 2592 node(s)
Step =   2201: nodes = 20260, dt = 1.494850e-10, strain = 4.790285e-03, elapsed = 663.7 sec
[TwinWall] projected 2613 node(s)
Step =   2202: nodes = 20332, dt = 8.969100e-11, strain = 4.791182e-03, elapsed = 665.6 sec
[TwinWall] projected 2607 node(s)
Step =   2203: nodes = 20363, dt = 8.969100e-11, strain = 4.792079e-03, elapsed = 666.9 sec
[TwinWall] projected 2587 node(s)
Step =   2204: nodes = 20381, dt = 1.076292e-10, strain = 4.793155e-03, elapsed = 668.2 sec
[TwinWall] projected 2605 node(s)
Step =   2205: nodes = 20403, dt = 1.291550e-10, strain = 4.794447e-03, elapsed = 669.5 sec
[TwinWall] projected 2648 node(s)
Step =   2206: nodes = 20418, dt = 1.549860e-10, strain = 4.795996e-03, elapsed = 671.2 sec
[TwinWall] projected 2711 node(s)
Step =   2207: nodes = 20485, dt = 1.859833e-10, strain = 4.797856e-03, elapsed = 672.6 sec
[TwinWall] projected 2659 node(s)
Step =   2208: nodes = 20497, dt = 1.115900e-10, strain = 4.798972e-03, elapsed = 674.5 sec
[TwinWall] projected 2677 node(s)
Step =   2209: nodes = 20541, dt = 1.115900e-10, strain = 4.800088e-03, elapsed = 675.8 sec
[TwinWall] projected 2692 node(s)
Step =   2210: nodes = 20598, dt = 1.339079e-10, strain = 4.801427e-03, elapsed = 677.1 sec
[TwinWall] projected 2644 node(s)
Step =   2211: nodes = 20616, dt = 8.034476e-11, strain = 4.802231e-03, elapsed = 679.1 sec
[TwinWall] projected 2648 node(s)
Step =   2212: nodes = 20677, dt = 8.034476e-11, strain = 4.803034e-03, elapsed = 680.4 sec
[TwinWall] projected 2680 node(s)
Step =   2213: nodes = 20696, dt = 9.641372e-11, strain = 4.803998e-03, elapsed = 681.7 sec
[TwinWall] projected 2704 node(s)
Step =   2214: nodes = 20755, dt = 1.156965e-10, strain = 4.805155e-03, elapsed = 683.1 sec
[TwinWall] projected 2720 node(s)
Step =   2215: nodes = 20795, dt = 1.388358e-10, strain = 4.806543e-03, elapsed = 684.5 sec
[TwinWall] projected 2803 node(s)
Step =   2216: nodes = 20888, dt = 1.666029e-10, strain = 4.808209e-03, elapsed = 685.8 sec
[TwinWall] projected 2738 node(s)
Step =   2217: nodes = 20921, dt = 9.996174e-11, strain = 4.809209e-03, elapsed = 687.8 sec
[TwinWall] projected 2709 node(s)
Step =   2218: nodes = 20927, dt = 9.996174e-11, strain = 4.810209e-03, elapsed = 689.2 sec
[TwinWall] projected 2740 node(s)
Step =   2219: nodes = 20965, dt = 1.199541e-10, strain = 4.811408e-03, elapsed = 690.6 sec
[TwinWall] projected 2807 node(s)
Step =   2220: nodes = 21039, dt = 1.439449e-10, strain = 4.812848e-03, elapsed = 692.0 sec
[TwinWall] projected 2839 node(s)
Step =   2221: nodes = 21105, dt = 1.727339e-10, strain = 4.814575e-03, elapsed = 693.4 sec
[TwinWall] projected 2774 node(s)
Step =   2222: nodes = 21104, dt = 1.036403e-10, strain = 4.815611e-03, elapsed = 695.5 sec
[TwinWall] projected 2820 node(s)
Step =   2223: nodes = 21186, dt = 1.036403e-10, strain = 4.816648e-03, elapsed = 696.9 sec
[TwinWall] projected 2825 node(s)
Step =   2224: nodes = 21179, dt = 1.243684e-10, strain = 4.817892e-03, elapsed = 698.3 sec
[TwinWall] projected 2846 node(s)
Step =   2225: nodes = 21206, dt = 1.492421e-10, strain = 4.819384e-03, elapsed = 699.7 sec
[TwinWall] projected 2881 node(s)
Step =   2226: nodes = 21243, dt = 1.790905e-10, strain = 4.821175e-03, elapsed = 701.3 sec
[TwinWall] projected 2830 node(s)
Step =   2227: nodes = 21256, dt = 1.074543e-10, strain = 4.822249e-03, elapsed = 703.4 sec
[TwinWall] projected 2862 node(s)
Step =   2228: nodes = 21309, dt = 1.074543e-10, strain = 4.823324e-03, elapsed = 704.8 sec
[TwinWall] projected 2865 node(s)
Step =   2229: nodes = 21326, dt = 1.289452e-10, strain = 4.824613e-03, elapsed = 706.2 sec
[TwinWall] projected 2857 node(s)
Step =   2230: nodes = 21358, dt = 7.736710e-11, strain = 4.825387e-03, elapsed = 708.3 sec
[TwinWall] projected 2811 node(s)
Step =   2231: nodes = 21377, dt = 7.736710e-11, strain = 4.826161e-03, elapsed = 709.7 sec
[TwinWall] projected 2808 node(s)
Step =   2232: nodes = 21426, dt = 9.284051e-11, strain = 4.827089e-03, elapsed = 711.2 sec
[TwinWall] projected 2847 node(s)
Step =   2233: nodes = 21449, dt = 1.114086e-10, strain = 4.828203e-03, elapsed = 712.6 sec
[TwinWall] projected 2853 node(s)
Step =   2234: nodes = 21444, dt = 1.336903e-10, strain = 4.829540e-03, elapsed = 714.1 sec
[TwinWall] projected 2812 node(s)
Step =   2235: nodes = 21466, dt = 8.021420e-11, strain = 4.830342e-03, elapsed = 716.2 sec
[TwinWall] projected 2827 node(s)
Step =   2236: nodes = 21523, dt = 8.021420e-11, strain = 4.831144e-03, elapsed = 717.6 sec
[TwinWall] projected 2834 node(s)
Step =   2237: nodes = 21523, dt = 9.625705e-11, strain = 4.832107e-03, elapsed = 719.1 sec
[TwinWall] projected 2863 node(s)
Step =   2238: nodes = 21566, dt = 1.155085e-10, strain = 4.833262e-03, elapsed = 720.5 sec
[TwinWall] projected 2909 node(s)
Step =   2239: nodes = 21645, dt = 1.386101e-10, strain = 4.834648e-03, elapsed = 722.0 sec
[TwinWall] projected 2926 node(s)
Step =   2240: nodes = 21669, dt = 1.663322e-10, strain = 4.836312e-03, elapsed = 723.5 sec
[TwinWall] projected 2885 node(s)
Step =   2241: nodes = 21662, dt = 9.979930e-11, strain = 4.837310e-03, elapsed = 725.7 sec
[TwinWall] projected 2917 node(s)
Step =   2242: nodes = 21726, dt = 9.979930e-11, strain = 4.838307e-03, elapsed = 727.2 sec
[TwinWall] projected 2948 node(s)
Step =   2243: nodes = 21762, dt = 1.197592e-10, strain = 4.839505e-03, elapsed = 728.6 sec
[TwinWall] projected 2929 node(s)
Step =   2244: nodes = 21807, dt = 1.437110e-10, strain = 4.840942e-03, elapsed = 730.2 sec
[TwinWall] projected 2903 node(s)
Step =   2245: nodes = 21804, dt = 8.622660e-11, strain = 4.841804e-03, elapsed = 732.5 sec
[TwinWall] projected 2865 node(s)
Step =   2246: nodes = 21805, dt = 8.622660e-11, strain = 4.842667e-03, elapsed = 734.0 sec
[TwinWall] projected 2913 node(s)
Step =   2247: nodes = 21839, dt = 1.034719e-10, strain = 4.843701e-03, elapsed = 735.4 sec
[TwinWall] projected 2944 node(s)
Step =   2248: nodes = 21880, dt = 1.241663e-10, strain = 4.844943e-03, elapsed = 737.0 sec
[TwinWall] projected 2971 node(s)
Step =   2249: nodes = 21876, dt = 1.489996e-10, strain = 4.846433e-03, elapsed = 738.5 sec
[TwinWall] projected 2996 node(s)
Step =   2250: nodes = 21916, dt = 1.787995e-10, strain = 4.848221e-03, elapsed = 740.0 sec
[TwinWall] projected 2947 node(s)
Step =   2251: nodes = 21927, dt = 1.072797e-10, strain = 4.849294e-03, elapsed = 742.2 sec
[TwinWall] projected 2953 node(s)
Step =   2252: nodes = 21991, dt = 1.072797e-10, strain = 4.850367e-03, elapsed = 743.6 sec
[TwinWall] projected 2973 node(s)
Step =   2253: nodes = 22027, dt = 1.287356e-10, strain = 4.851654e-03, elapsed = 745.2 sec
[TwinWall] projected 3011 node(s)
Step =   2254: nodes = 22063, dt = 1.544827e-10, strain = 4.853199e-03, elapsed = 746.7 sec
[TwinWall] projected 3062 node(s)
Step =   2255: nodes = 22066, dt = 1.853793e-10, strain = 4.855053e-03, elapsed = 748.3 sec
[TwinWall] projected 3033 node(s)
Step =   2256: nodes = 22043, dt = 1.112276e-10, strain = 4.856165e-03, elapsed = 750.5 sec
[TwinWall] projected 2997 node(s)
Step =   2257: nodes = 22069, dt = 1.112276e-10, strain = 4.857277e-03, elapsed = 752.0 sec
[TwinWall] projected 3046 node(s)
Step =   2258: nodes = 22125, dt = 1.334731e-10, strain = 4.858612e-03, elapsed = 753.5 sec
[TwinWall] projected 3080 node(s)
Step =   2259: nodes = 22162, dt = 1.601677e-10, strain = 4.860214e-03, elapsed = 755.1 sec
[TwinWall] projected 3119 node(s)
Step =   2260: nodes = 22177, dt = 1.922013e-10, strain = 4.862136e-03, elapsed = 756.7 sec
[TwinWall] projected 2970 node(s)
Step =   2261: nodes = 22168, dt = 5.766038e-11, strain = 4.862712e-03, elapsed = 759.7 sec
[TwinWall] projected 2939 node(s)
Step =   2262: nodes = 22182, dt = 5.766038e-11, strain = 4.863289e-03, elapsed = 761.4 sec
[TwinWall] projected 2962 node(s)
Step =   2263: nodes = 22173, dt = 6.919245e-11, strain = 4.863981e-03, elapsed = 762.9 sec
[TwinWall] projected 2981 node(s)
Step =   2264: nodes = 22216, dt = 8.303094e-11, strain = 4.864811e-03, elapsed = 764.4 sec
[TwinWall] projected 3027 node(s)
Step =   2265: nodes = 22264, dt = 9.963713e-11, strain = 4.865807e-03, elapsed = 765.9 sec
[TwinWall] projected 3068 node(s)
Step =   2266: nodes = 22289, dt = 1.195646e-10, strain = 4.867003e-03, elapsed = 767.4 sec
[TwinWall] projected 3004 node(s)
Step =   2267: nodes = 22299, dt = 7.173873e-11, strain = 4.867720e-03, elapsed = 769.6 sec
[TwinWall] projected 2981 node(s)
Step =   2268: nodes = 22322, dt = 7.173873e-11, strain = 4.868438e-03, elapsed = 771.2 sec
[TwinWall] projected 3037 node(s)
Step =   2269: nodes = 22382, dt = 8.608648e-11, strain = 4.869299e-03, elapsed = 772.6 sec
[TwinWall] projected 3038 node(s)
Step =   2270: nodes = 22396, dt = 1.033038e-10, strain = 4.870332e-03, elapsed = 774.2 sec
[TwinWall] projected 3068 node(s)
Step =   2271: nodes = 22434, dt = 1.239645e-10, strain = 4.871571e-03, elapsed = 775.7 sec
[TwinWall] projected 3065 node(s)
Step =   2272: nodes = 22438, dt = 7.437872e-11, strain = 4.872315e-03, elapsed = 778.0 sec
[TwinWall] projected 3019 node(s)
Step =   2273: nodes = 22481, dt = 7.437872e-11, strain = 4.873059e-03, elapsed = 779.4 sec
[TwinWall] projected 3041 node(s)
Step =   2274: nodes = 22510, dt = 8.925446e-11, strain = 4.873952e-03, elapsed = 780.9 sec
[TwinWall] projected 3085 node(s)
Step =   2275: nodes = 22565, dt = 1.071054e-10, strain = 4.875023e-03, elapsed = 782.5 sec
[TwinWall] projected 3103 node(s)
Step =   2276: nodes = 22564, dt = 1.285264e-10, strain = 4.876308e-03, elapsed = 784.0 sec
[TwinWall] projected 3141 node(s)
Step =   2277: nodes = 22577, dt = 1.542317e-10, strain = 4.877850e-03, elapsed = 785.6 sec
[TwinWall] projected 3087 node(s)
Step =   2278: nodes = 22609, dt = 9.253903e-11, strain = 4.878776e-03, elapsed = 787.9 sec
[TwinWall] projected 3084 node(s)
Step =   2279: nodes = 22642, dt = 9.253903e-11, strain = 4.879701e-03, elapsed = 789.5 sec
[TwinWall] projected 3106 node(s)
Step =   2280: nodes = 22670, dt = 1.110468e-10, strain = 4.880811e-03, elapsed = 791.3 sec
[TwinWall] projected 3165 node(s)
Step =   2281: nodes = 22754, dt = 1.332562e-10, strain = 4.882144e-03, elapsed = 792.9 sec
[TwinWall] projected 3215 node(s)
Step =   2282: nodes = 22827, dt = 1.599074e-10, strain = 4.883743e-03, elapsed = 794.5 sec
[TwinWall] projected 3207 node(s)
Step =   2283: nodes = 22882, dt = 9.594446e-11, strain = 4.884703e-03, elapsed = 796.8 sec
[TwinWall] projected 3172 node(s)
Step =   2284: nodes = 22931, dt = 9.594446e-11, strain = 4.885662e-03, elapsed = 798.4 sec
[TwinWall] projected 3191 node(s)
Step =   2285: nodes = 22942, dt = 1.151334e-10, strain = 4.886813e-03, elapsed = 800.0 sec
[TwinWall] projected 3218 node(s)
Step =   2286: nodes = 22994, dt = 1.381600e-10, strain = 4.888195e-03, elapsed = 801.5 sec
[TwinWall] projected 3241 node(s)
Step =   2287: nodes = 23040, dt = 1.657920e-10, strain = 4.889853e-03, elapsed = 803.2 sec
[TwinWall] projected 3304 node(s)
Step =   2288: nodes = 23051, dt = 1.989504e-10, strain = 4.891842e-03, elapsed = 804.9 sec
[TwinWall] projected 3271 node(s)
Step =   2289: nodes = 23069, dt = 1.193703e-10, strain = 4.893036e-03, elapsed = 807.2 sec
[TwinWall] projected 3205 node(s)
Step =   2290: nodes = 23125, dt = 1.193703e-10, strain = 4.894230e-03, elapsed = 808.9 sec
[TwinWall] projected 3246 node(s)
Step =   2291: nodes = 23193, dt = 1.432443e-10, strain = 4.895662e-03, elapsed = 810.5 sec
[TwinWall] projected 3312 node(s)
Step =   2292: nodes = 23268, dt = 1.718932e-10, strain = 4.897381e-03, elapsed = 812.1 sec
[TwinWall] projected 3215 node(s)
Step =   2293: nodes = 23272, dt = 1.031359e-10, strain = 4.898412e-03, elapsed = 814.6 sec
[TwinWall] projected 3204 node(s)
Step =   2294: nodes = 23282, dt = 1.031359e-10, strain = 4.899444e-03, elapsed = 816.2 sec
[TwinWall] projected 3238 node(s)
Step =   2295: nodes = 23321, dt = 1.237631e-10, strain = 4.900681e-03, elapsed = 817.8 sec
[TwinWall] projected 3282 node(s)
Step =   2296: nodes = 23334, dt = 1.485157e-10, strain = 4.902167e-03, elapsed = 819.5 sec
[TwinWall] projected 3345 node(s)
Step =   2297: nodes = 23355, dt = 1.782188e-10, strain = 4.903949e-03, elapsed = 821.4 sec
[TwinWall] projected 3315 node(s)
Step =   2298: nodes = 23411, dt = 1.069313e-10, strain = 4.905018e-03, elapsed = 823.8 sec
[TwinWall] projected 3291 node(s)
Step =   2299: nodes = 23461, dt = 1.069313e-10, strain = 4.906087e-03, elapsed = 825.4 sec
[TwinWall] projected 3317 node(s)
Step =   2300: nodes = 23485, dt = 1.283176e-10, strain = 4.907371e-03, elapsed = 827.1 sec
Writing configuration in legacy data format
 Output file: /data/home/dg000246b/openDIS/HomeWork/output_Cu_twin_rorient/config.2300.data
Writing restart file
 Restart file: /data/home/dg000246b/openDIS/HomeWork/output_Cu_twin_rorient/restart.2300.exadis
[TwinWall] projected 3335 node(s)
Step =   2301: nodes = 23560, dt = 1.539811e-10, strain = 4.908910e-03, elapsed = 829.0 sec
[TwinWall] projected 3286 node(s)
Step =   2302: nodes = 23593, dt = 9.238865e-11, strain = 4.909834e-03, elapsed = 831.5 sec
[TwinWall] projected 3289 node(s)
Step =   2303: nodes = 23647, dt = 9.238865e-11, strain = 4.910758e-03, elapsed = 833.2 sec
[TwinWall] projected 3329 node(s)
Step =   2304: nodes = 23701, dt = 1.108664e-10, strain = 4.911867e-03, elapsed = 834.8 sec
[TwinWall] projected 3365 node(s)
Step =   2305: nodes = 23764, dt = 1.330397e-10, strain = 4.913197e-03, elapsed = 836.4 sec
[TwinWall] projected 3296 node(s)
Step =   2306: nodes = 23806, dt = 7.982379e-11, strain = 4.913995e-03, elapsed = 839.0 sec
[TwinWall] projected 3272 node(s)
Step =   2307: nodes = 23826, dt = 7.982379e-11, strain = 4.914794e-03, elapsed = 840.6 sec
[TwinWall] projected 3340 node(s)
Step =   2308: nodes = 23874, dt = 9.578855e-11, strain = 4.915752e-03, elapsed = 842.3 sec
[TwinWall] projected 3415 node(s)
Step =   2309: nodes = 23968, dt = 1.149463e-10, strain = 4.916901e-03, elapsed = 843.9 sec
[TwinWall] projected 3415 node(s)
Step =   2310: nodes = 24010, dt = 1.379355e-10, strain = 4.918280e-03, elapsed = 845.6 sec
[TwinWall] projected 3451 node(s)
Step =   2311: nodes = 24045, dt = 1.655226e-10, strain = 4.919936e-03, elapsed = 847.3 sec
[TwinWall] projected 3366 node(s)
Step =   2312: nodes = 24050, dt = 9.931357e-11, strain = 4.920929e-03, elapsed = 850.0 sec
[TwinWall] projected 3384 node(s)
Step =   2313: nodes = 24054, dt = 9.931357e-11, strain = 4.921922e-03, elapsed = 851.8 sec
[TwinWall] projected 3398 node(s)
Step =   2314: nodes = 24115, dt = 1.191763e-10, strain = 4.923114e-03, elapsed = 853.6 sec
[TwinWall] projected 3465 node(s)
Step =   2315: nodes = 24145, dt = 1.430115e-10, strain = 4.924544e-03, elapsed = 855.3 sec
[TwinWall] projected 3483 node(s)
Step =   2316: nodes = 24207, dt = 1.716139e-10, strain = 4.926260e-03, elapsed = 857.0 sec
[TwinWall] projected 3463 node(s)
Step =   2317: nodes = 24250, dt = 1.029683e-10, strain = 4.927290e-03, elapsed = 859.6 sec
[TwinWall] projected 3443 node(s)
Step =   2318: nodes = 24305, dt = 1.029683e-10, strain = 4.928319e-03, elapsed = 861.4 sec
[TwinWall] projected 3469 node(s)
Step =   2319: nodes = 24326, dt = 1.235620e-10, strain = 4.929555e-03, elapsed = 863.1 sec
[TwinWall] projected 3495 node(s)
Step =   2320: nodes = 24370, dt = 1.482744e-10, strain = 4.931038e-03, elapsed = 864.9 sec
[TwinWall] projected 3456 node(s)
Step =   2321: nodes = 24404, dt = 8.896462e-11, strain = 4.931927e-03, elapsed = 867.5 sec
[TwinWall] projected 3464 node(s)
Step =   2322: nodes = 24440, dt = 8.896462e-11, strain = 4.932817e-03, elapsed = 869.2 sec
[TwinWall] projected 3477 node(s)
Step =   2323: nodes = 24475, dt = 1.067575e-10, strain = 4.933885e-03, elapsed = 871.0 sec
[TwinWall] projected 3492 node(s)
Step =   2324: nodes = 24492, dt = 1.281091e-10, strain = 4.935166e-03, elapsed = 872.8 sec
[TwinWall] projected 3579 node(s)
Step =   2325: nodes = 24556, dt = 1.537309e-10, strain = 4.936703e-03, elapsed = 874.6 sec
[TwinWall] projected 3541 node(s)
Step =   2326: nodes = 24582, dt = 9.223852e-11, strain = 4.937625e-03, elapsed = 877.3 sec
[TwinWall] projected 3523 node(s)
Step =   2327: nodes = 24596, dt = 9.223852e-11, strain = 4.938548e-03, elapsed = 879.0 sec
[TwinWall] projected 3550 node(s)
Step =   2328: nodes = 24663, dt = 1.106862e-10, strain = 4.939655e-03, elapsed = 880.8 sec
[TwinWall] projected 3575 node(s)
Step =   2329: nodes = 24703, dt = 1.328235e-10, strain = 4.940983e-03, elapsed = 882.7 sec
[TwinWall] projected 3547 node(s)
Step =   2330: nodes = 24741, dt = 7.969408e-11, strain = 4.941780e-03, elapsed = 885.4 sec
[TwinWall] projected 3512 node(s)
Step =   2331: nodes = 24773, dt = 7.969408e-11, strain = 4.942577e-03, elapsed = 887.1 sec
[TwinWall] projected 3528 node(s)
Step =   2332: nodes = 24810, dt = 9.563290e-11, strain = 4.943533e-03, elapsed = 888.9 sec
[TwinWall] projected 3611 node(s)
Step =   2333: nodes = 24834, dt = 1.147595e-10, strain = 4.944681e-03, elapsed = 890.7 sec
[TwinWall] projected 3600 node(s)
Step =   2334: nodes = 24883, dt = 1.377114e-10, strain = 4.946058e-03, elapsed = 892.6 sec
[TwinWall] projected 3562 node(s)
Step =   2335: nodes = 24899, dt = 8.262682e-11, strain = 4.946884e-03, elapsed = 895.3 sec
[TwinWall] projected 3559 node(s)
Step =   2336: nodes = 24929, dt = 8.262682e-11, strain = 4.947710e-03, elapsed = 897.1 sec
[TwinWall] projected 3570 node(s)
Step =   2337: nodes = 24949, dt = 9.915219e-11, strain = 4.948702e-03, elapsed = 898.9 sec
[TwinWall] projected 3605 node(s)
Step =   2338: nodes = 25009, dt = 1.189826e-10, strain = 4.949892e-03, elapsed = 900.7 sec
[TwinWall] projected 3545 node(s)
Step =   2339: nodes = 24990, dt = 7.138958e-11, strain = 4.950605e-03, elapsed = 903.4 sec
[TwinWall] projected 3524 node(s)
Step =   2340: nodes = 25004, dt = 7.138958e-11, strain = 4.951319e-03, elapsed = 905.3 sec
[TwinWall] projected 3583 node(s)
Step =   2341: nodes = 25079, dt = 8.566749e-11, strain = 4.952176e-03, elapsed = 907.1 sec
[TwinWall] projected 3622 node(s)
Step =   2342: nodes = 25129, dt = 1.028010e-10, strain = 4.953204e-03, elapsed = 908.9 sec
[TwinWall] projected 3668 node(s)
Step =   2343: nodes = 25187, dt = 1.233612e-10, strain = 4.954438e-03, elapsed = 910.7 sec
[TwinWall] projected 3708 node(s)
Step =   2344: nodes = 25227, dt = 1.480334e-10, strain = 4.955918e-03, elapsed = 912.6 sec
[TwinWall] projected 3657 node(s)
Step =   2345: nodes = 25216, dt = 8.882005e-11, strain = 4.956806e-03, elapsed = 915.4 sec
[TwinWall] projected 3645 node(s)
Step =   2346: nodes = 25250, dt = 8.882005e-11, strain = 4.957694e-03, elapsed = 917.3 sec
[TwinWall] projected 3652 node(s)
Step =   2347: nodes = 25290, dt = 1.065841e-10, strain = 4.958760e-03, elapsed = 919.2 sec
[TwinWall] projected 3707 node(s)
Step =   2348: nodes = 25320, dt = 1.279009e-10, strain = 4.960039e-03, elapsed = 921.0 sec
[TwinWall] projected 3759 node(s)
Step =   2349: nodes = 25397, dt = 1.534811e-10, strain = 4.961574e-03, elapsed = 923.0 sec
[TwinWall] projected 3733 node(s)
Step =   2350: nodes = 25460, dt = 9.208863e-11, strain = 4.962495e-03, elapsed = 925.8 sec
[TwinWall] projected 3683 node(s)
Step =   2351: nodes = 25495, dt = 9.208863e-11, strain = 4.963416e-03, elapsed = 927.7 sec
[TwinWall] projected 3730 node(s)
Step =   2352: nodes = 25530, dt = 1.105064e-10, strain = 4.964521e-03, elapsed = 929.6 sec
[TwinWall] projected 3750 node(s)
Step =   2353: nodes = 25545, dt = 1.326076e-10, strain = 4.965847e-03, elapsed = 931.5 sec
[TwinWall] projected 3784 node(s)
Step =   2354: nodes = 25582, dt = 1.591292e-10, strain = 4.967438e-03, elapsed = 933.5 sec
[TwinWall] projected 3709 node(s)
Step =   2355: nodes = 25576, dt = 9.547749e-11, strain = 4.968393e-03, elapsed = 936.4 sec
[TwinWall] projected 3695 node(s)
Step =   2356: nodes = 25599, dt = 9.547749e-11, strain = 4.969348e-03, elapsed = 938.2 sec
[TwinWall] projected 3762 node(s)
Step =   2357: nodes = 25686, dt = 1.145730e-10, strain = 4.970494e-03, elapsed = 940.1 sec
[TwinWall] projected 3797 node(s)
Step =   2358: nodes = 25715, dt = 1.374876e-10, strain = 4.971868e-03, elapsed = 942.2 sec
[TwinWall] projected 3698 node(s)
Step =   2359: nodes = 25733, dt = 8.249255e-11, strain = 4.972693e-03, elapsed = 945.1 sec
[TwinWall] projected 3697 node(s)
Step =   2360: nodes = 25735, dt = 8.249255e-11, strain = 4.973518e-03, elapsed = 947.0 sec
[TwinWall] projected 3781 node(s)
Step =   2361: nodes = 25783, dt = 9.899107e-11, strain = 4.974508e-03, elapsed = 948.9 sec
[TwinWall] projected 3786 node(s)
Step =   2362: nodes = 25835, dt = 1.187893e-10, strain = 4.975696e-03, elapsed = 950.9 sec
[TwinWall] projected 3822 node(s)
Step =   2363: nodes = 25878, dt = 1.425471e-10, strain = 4.977122e-03, elapsed = 952.9 sec
[TwinWall] projected 3753 node(s)
Step =   2364: nodes = 25908, dt = 8.552828e-11, strain = 4.977977e-03, elapsed = 955.8 sec
[TwinWall] projected 3739 node(s)
Step =   2365: nodes = 25931, dt = 8.552828e-11, strain = 4.978832e-03, elapsed = 957.8 sec
[TwinWall] projected 3760 node(s)
Step =   2366: nodes = 25961, dt = 1.026339e-10, strain = 4.979858e-03, elapsed = 959.7 sec
[TwinWall] projected 3697 node(s)
Step =   2367: nodes = 25969, dt = 6.158036e-11, strain = 4.980474e-03, elapsed = 962.6 sec
[TwinWall] projected 3699 node(s)
Step =   2368: nodes = 25986, dt = 6.158036e-11, strain = 4.981090e-03, elapsed = 964.5 sec
[TwinWall] projected 3716 node(s)
Step =   2369: nodes = 25981, dt = 7.389643e-11, strain = 4.981829e-03, elapsed = 966.4 sec
[TwinWall] projected 3741 node(s)
Step =   2370: nodes = 26018, dt = 8.867572e-11, strain = 4.982716e-03, elapsed = 968.4 sec
[TwinWall] projected 3769 node(s)
Step =   2371: nodes = 26089, dt = 1.064109e-10, strain = 4.983780e-03, elapsed = 970.3 sec
[TwinWall] projected 3823 node(s)
Step =   2372: nodes = 26112, dt = 1.276930e-10, strain = 4.985057e-03, elapsed = 972.5 sec
[TwinWall] projected 3887 node(s)
Step =   2373: nodes = 26147, dt = 1.532316e-10, strain = 4.986589e-03, elapsed = 974.5 sec
[TwinWall] projected 3830 node(s)
Step =   2374: nodes = 26171, dt = 9.193899e-11, strain = 4.987509e-03, elapsed = 977.5 sec
[TwinWall] projected 3778 node(s)
Step =   2375: nodes = 26203, dt = 9.193899e-11, strain = 4.988428e-03, elapsed = 979.5 sec
[TwinWall] projected 3833 node(s)
Step =   2376: nodes = 26219, dt = 1.103268e-10, strain = 4.989531e-03, elapsed = 981.5 sec
[TwinWall] projected 3867 node(s)
Step =   2377: nodes = 26246, dt = 1.323921e-10, strain = 4.990855e-03, elapsed = 983.5 sec
[TwinWall] projected 3907 node(s)
Step =   2378: nodes = 26278, dt = 1.588706e-10, strain = 4.992444e-03, elapsed = 985.6 sec
[TwinWall] projected 3833 node(s)
Step =   2379: nodes = 26297, dt = 9.532234e-11, strain = 4.993397e-03, elapsed = 988.6 sec
[TwinWall] projected 3851 node(s)
Step =   2380: nodes = 26345, dt = 9.532234e-11, strain = 4.994350e-03, elapsed = 990.6 sec
[TwinWall] projected 3877 node(s)
Step =   2381: nodes = 26388, dt = 1.143868e-10, strain = 4.995494e-03, elapsed = 992.6 sec
[TwinWall] projected 3940 node(s)
Step =   2382: nodes = 26456, dt = 1.372642e-10, strain = 4.996867e-03, elapsed = 994.6 sec
[TwinWall] projected 3922 node(s)
Step =   2383: nodes = 26491, dt = 8.235850e-11, strain = 4.997690e-03, elapsed = 997.6 sec
[TwinWall] projected 3885 node(s)
Step =   2384: nodes = 26551, dt = 8.235850e-11, strain = 4.998514e-03, elapsed = 999.6 sec
[TwinWall] projected 3874 node(s)
Step =   2385: nodes = 26596, dt = 9.883020e-11, strain = 4.999502e-03, elapsed = 1001.8 sec
[TwinWall] projected 3897 node(s)
Step =   2386: nodes = 26642, dt = 1.185962e-10, strain = 5.000688e-03, elapsed = 1003.9 sec
[TwinWall] projected 3929 node(s)
Step =   2387: nodes = 26674, dt = 1.423155e-10, strain = 5.002111e-03, elapsed = 1005.9 sec
[TwinWall] projected 3904 node(s)
Step =   2388: nodes = 26682, dt = 8.538930e-11, strain = 5.002965e-03, elapsed = 1009.1 sec
[TwinWall] projected 3889 node(s)
Step =   2389: nodes = 26759, dt = 8.538930e-11, strain = 5.003819e-03, elapsed = 1011.1 sec
[TwinWall] projected 3942 node(s)
Step =   2390: nodes = 26828, dt = 1.024672e-10, strain = 5.004844e-03, elapsed = 1013.2 sec
[TwinWall] projected 3974 node(s)
Step =   2391: nodes = 26842, dt = 1.229606e-10, strain = 5.006073e-03, elapsed = 1015.2 sec
[TwinWall] projected 3974 node(s)
Step =   2392: nodes = 26849, dt = 1.475527e-10, strain = 5.007549e-03, elapsed = 1017.4 sec
[TwinWall] projected 4002 node(s)
Step =   2393: nodes = 26897, dt = 1.770632e-10, strain = 5.009320e-03, elapsed = 1019.6 sec
[TwinWall] projected 3915 node(s)
Step =   2394: nodes = 26888, dt = 1.062379e-10, strain = 5.010382e-03, elapsed = 1022.8 sec
[TwinWall] projected 3892 node(s)
Step =   2395: nodes = 26913, dt = 1.062379e-10, strain = 5.011444e-03, elapsed = 1024.9 sec
[TwinWall] projected 3948 node(s)
Step =   2396: nodes = 26928, dt = 1.274855e-10, strain = 5.012719e-03, elapsed = 1027.0 sec
[TwinWall] projected 3999 node(s)
Step =   2397: nodes = 27004, dt = 1.529826e-10, strain = 5.014249e-03, elapsed = 1029.1 sec
[TwinWall] projected 3906 node(s)
Step =   2398: nodes = 27022, dt = 9.178959e-11, strain = 5.015167e-03, elapsed = 1032.5 sec
[TwinWall] projected 3877 node(s)
Step =   2399: nodes = 27083, dt = 9.178959e-11, strain = 5.016085e-03, elapsed = 1034.5 sec
[TwinWall] projected 3946 node(s)
Step =   2400: nodes = 27096, dt = 1.101475e-10, strain = 5.017186e-03, elapsed = 1036.7 sec
Writing configuration in legacy data format
 Output file: /data/home/dg000246b/openDIS/HomeWork/output_Cu_twin_rorient/config.2400.data
Writing restart file
 Restart file: /data/home/dg000246b/openDIS/HomeWork/output_Cu_twin_rorient/restart.2400.exadis
[TwinWall] projected 3967 node(s)
Step =   2401: nodes = 27162, dt = 1.321770e-10, strain = 5.018508e-03, elapsed = 1039.2 sec
[TwinWall] projected 4026 node(s)
Step =   2402: nodes = 27204, dt = 1.586124e-10, strain = 5.020094e-03, elapsed = 1041.3 sec
[TwinWall] projected 3989 node(s)
Step =   2403: nodes = 27279, dt = 9.516744e-11, strain = 5.021046e-03, elapsed = 1044.6 sec
[TwinWall] projected 3978 node(s)
Step =   2404: nodes = 27351, dt = 9.516744e-11, strain = 5.021998e-03, elapsed = 1046.6 sec
[TwinWall] projected 4014 node(s)
Step =   2405: nodes = 27435, dt = 1.142009e-10, strain = 5.023140e-03, elapsed = 1048.8 sec
[TwinWall] projected 4048 node(s)
Step =   2406: nodes = 27442, dt = 1.370411e-10, strain = 5.024510e-03, elapsed = 1051.0 sec
[TwinWall] projected 4005 node(s)
Step =   2407: nodes = 27482, dt = 8.222467e-11, strain = 5.025332e-03, elapsed = 1054.3 sec
[TwinWall] projected 4034 node(s)
Step =   2408: nodes = 27527, dt = 8.222467e-11, strain = 5.026154e-03, elapsed = 1056.4 sec
[TwinWall] projected 4062 node(s)
Step =   2409: nodes = 27629, dt = 9.866961e-11, strain = 5.027141e-03, elapsed = 1058.5 sec
[TwinWall] projected 4062 node(s)
Step =   2410: nodes = 27701, dt = 1.184035e-10, strain = 5.028325e-03, elapsed = 1060.7 sec
[TwinWall] projected 4090 node(s)
Step =   2411: nodes = 27723, dt = 1.420842e-10, strain = 5.029746e-03, elapsed = 1063.0 sec
[TwinWall] projected 4042 node(s)
Step =   2412: nodes = 27785, dt = 8.525054e-11, strain = 5.030599e-03, elapsed = 1066.3 sec
[TwinWall] projected 4054 node(s)
Step =   2413: nodes = 27809, dt = 8.525054e-11, strain = 5.031451e-03, elapsed = 1068.5 sec
[TwinWall] projected 4099 node(s)
Step =   2414: nodes = 27901, dt = 1.023006e-10, strain = 5.032474e-03, elapsed = 1070.7 sec
[TwinWall] projected 4144 node(s)
Step =   2415: nodes = 27989, dt = 1.227608e-10, strain = 5.033702e-03, elapsed = 1073.0 sec
[TwinWall] projected 4190 node(s)
Step =   2416: nodes = 28045, dt = 1.473129e-10, strain = 5.035175e-03, elapsed = 1075.3 sec
[TwinWall] projected 4245 node(s)
Step =   2417: nodes = 28161, dt = 1.767755e-10, strain = 5.036943e-03, elapsed = 1077.6 sec
[TwinWall] projected 4164 node(s)
Step =   2418: nodes = 28177, dt = 1.060653e-10, strain = 5.038003e-03, elapsed = 1081.0 sec
[TwinWall] projected 4119 node(s)
Step =   2419: nodes = 28176, dt = 1.060653e-10, strain = 5.039064e-03, elapsed = 1083.3 sec
[TwinWall] projected 4165 node(s)
Step =   2420: nodes = 28193, dt = 1.272784e-10, strain = 5.040337e-03, elapsed = 1085.6 sec
[TwinWall] projected 4168 node(s)
Step =   2421: nodes = 28286, dt = 1.527340e-10, strain = 5.041864e-03, elapsed = 1088.0 sec
[TwinWall] projected 4242 node(s)
Step =   2422: nodes = 28311, dt = 1.832809e-10, strain = 5.043697e-03, elapsed = 1090.4 sec
[TwinWall] projected 4227 node(s)
Step =   2423: nodes = 28371, dt = 1.099685e-10, strain = 5.044796e-03, elapsed = 1094.0 sec
[TwinWall] projected 4201 node(s)
Step =   2424: nodes = 28447, dt = 1.099685e-10, strain = 5.045896e-03, elapsed = 1096.3 sec
[TwinWall] projected 4228 node(s)
Step =   2425: nodes = 28460, dt = 1.319622e-10, strain = 5.047216e-03, elapsed = 1098.7 sec
[TwinWall] projected 4245 node(s)
Step =   2426: nodes = 28458, dt = 1.583547e-10, strain = 5.048799e-03, elapsed = 1101.1 sec
[TwinWall] projected 4286 node(s)
Step =   2427: nodes = 28482, dt = 1.900256e-10, strain = 5.050700e-03, elapsed = 1103.5 sec
[TwinWall] projected 4241 node(s)
Step =   2428: nodes = 28547, dt = 1.140154e-10, strain = 5.051840e-03, elapsed = 1107.0 sec
[TwinWall] projected 4203 node(s)
Step =   2429: nodes = 28616, dt = 1.140154e-10, strain = 5.052980e-03, elapsed = 1109.4 sec
[TwinWall] projected 4233 node(s)
Step =   2430: nodes = 28652, dt = 1.368184e-10, strain = 5.054348e-03, elapsed = 1111.8 sec
[TwinWall] projected 4200 node(s)
Step =   2431: nodes = 28681, dt = 8.209106e-11, strain = 5.055169e-03, elapsed = 1115.4 sec
[TwinWall] projected 4229 node(s)
Step =   2432: nodes = 28788, dt = 8.209106e-11, strain = 5.055990e-03, elapsed = 1117.8 sec
[TwinWall] projected 4246 node(s)
Step =   2433: nodes = 28839, dt = 9.850927e-11, strain = 5.056975e-03, elapsed = 1120.1 sec
[TwinWall] projected 4269 node(s)
Step =   2434: nodes = 28890, dt = 1.182111e-10, strain = 5.058157e-03, elapsed = 1122.7 sec
[TwinWall] projected 4364 node(s)
Step =   2435: nodes = 28991, dt = 1.418533e-10, strain = 5.059576e-03, elapsed = 1125.1 sec
[TwinWall] projected 4413 node(s)
Step =   2436: nodes = 29083, dt = 1.702240e-10, strain = 5.061278e-03, elapsed = 1127.6 sec
[TwinWall] projected 4441 node(s)
Step =   2437: nodes = 29087, dt = 2.042688e-10, strain = 5.063321e-03, elapsed = 1130.2 sec
[TwinWall] projected 4365 node(s)
Step =   2438: nodes = 29076, dt = 1.225613e-10, strain = 5.064546e-03, elapsed = 1134.0 sec
[TwinWall] projected 4392 node(s)
Step =   2439: nodes = 29115, dt = 1.225613e-10, strain = 5.065772e-03, elapsed = 1136.4 sec
[TwinWall] projected 4418 node(s)
Step =   2440: nodes = 29179, dt = 1.470735e-10, strain = 5.067243e-03, elapsed = 1138.9 sec
[TwinWall] projected 4362 node(s)
Step =   2441: nodes = 29186, dt = 8.824413e-11, strain = 5.068125e-03, elapsed = 1142.5 sec
[TwinWall] projected 4325 node(s)
Step =   2442: nodes = 29232, dt = 8.824413e-11, strain = 5.069007e-03, elapsed = 1145.0 sec
[TwinWall] projected 4389 node(s)
Step =   2443: nodes = 29275, dt = 1.058930e-10, strain = 5.070066e-03, elapsed = 1147.4 sec
[TwinWall] projected 4423 node(s)
Step =   2444: nodes = 29296, dt = 1.270715e-10, strain = 5.071337e-03, elapsed = 1149.8 sec
[TwinWall] projected 4470 node(s)
Step =   2445: nodes = 29313, dt = 1.524859e-10, strain = 5.072862e-03, elapsed = 1152.5 sec
[TwinWall] projected 4461 node(s)
Step =   2446: nodes = 29411, dt = 9.149151e-11, strain = 5.073777e-03, elapsed = 1156.2 sec
[TwinWall] projected 4403 node(s)
Step =   2447: nodes = 29440, dt = 9.149151e-11, strain = 5.074692e-03, elapsed = 1158.6 sec
[TwinWall] projected 4463 node(s)
Step =   2448: nodes = 29503, dt = 1.097898e-10, strain = 5.075790e-03, elapsed = 1161.1 sec
[TwinWall] projected 4493 node(s)
Step =   2449: nodes = 29503, dt = 1.317478e-10, strain = 5.077107e-03, elapsed = 1163.6 sec
[TwinWall] projected 4418 node(s)
Step =   2450: nodes = 29535, dt = 7.904867e-11, strain = 5.077898e-03, elapsed = 1167.4 sec
[TwinWall] projected 4409 node(s)
Step =   2451: nodes = 29594, dt = 7.904867e-11, strain = 5.078688e-03, elapsed = 1169.8 sec
[TwinWall] projected 4468 node(s)
Step =   2452: nodes = 29637, dt = 9.485840e-11, strain = 5.079637e-03, elapsed = 1172.3 sec
[TwinWall] projected 4502 node(s)
Step =   2453: nodes = 29696, dt = 1.138301e-10, strain = 5.080775e-03, elapsed = 1174.8 sec
[TwinWall] projected 4419 node(s)
Step =   2454: nodes = 29726, dt = 6.829805e-11, strain = 5.081458e-03, elapsed = 1178.7 sec
[TwinWall] projected 4436 node(s)
Step =   2455: nodes = 29783, dt = 6.829805e-11, strain = 5.082141e-03, elapsed = 1181.1 sec
[TwinWall] projected 4469 node(s)
Step =   2456: nodes = 29830, dt = 8.195766e-11, strain = 5.082961e-03, elapsed = 1183.8 sec
[TwinWall] projected 4532 node(s)
Step =   2457: nodes = 29899, dt = 9.834919e-11, strain = 5.083944e-03, elapsed = 1186.3 sec
[TwinWall] projected 4577 node(s)
Step =   2458: nodes = 29935, dt = 1.180190e-10, strain = 5.085124e-03, elapsed = 1188.9 sec
[TwinWall] projected 4601 node(s)
Step =   2459: nodes = 29983, dt = 1.416228e-10, strain = 5.086540e-03, elapsed = 1191.5 sec
[TwinWall] projected 4530 node(s)
Step =   2460: nodes = 29995, dt = 8.497370e-11, strain = 5.087390e-03, elapsed = 1195.3 sec
[TwinWall] projected 4515 node(s)
Step =   2461: nodes = 30016, dt = 8.497370e-11, strain = 5.088240e-03, elapsed = 1197.9 sec
[TwinWall] projected 4581 node(s)
Step =   2462: nodes = 30093, dt = 1.019684e-10, strain = 5.089260e-03, elapsed = 1200.4 sec
[TwinWall] projected 4636 node(s)
Step =   2463: nodes = 30127, dt = 1.223621e-10, strain = 5.090483e-03, elapsed = 1203.0 sec
[TwinWall] projected 4572 node(s)
Step =   2464: nodes = 30149, dt = 7.341728e-11, strain = 5.091217e-03, elapsed = 1206.9 sec
[TwinWall] projected 4526 node(s)
Step =   2465: nodes = 30180, dt = 7.341728e-11, strain = 5.091952e-03, elapsed = 1209.5 sec
[TwinWall] projected 4585 node(s)
Step =   2466: nodes = 30230, dt = 8.810073e-11, strain = 5.092833e-03, elapsed = 1212.2 sec
[TwinWall] projected 4667 node(s)
Step =   2467: nodes = 30304, dt = 1.057209e-10, strain = 5.093890e-03, elapsed = 1214.8 sec
[TwinWall] projected 4684 node(s)
Step =   2468: nodes = 30340, dt = 1.268651e-10, strain = 5.095158e-03, elapsed = 1217.5 sec
[TwinWall] projected 4624 node(s)
Step =   2469: nodes = 30374, dt = 7.611903e-11, strain = 5.095920e-03, elapsed = 1221.4 sec
[TwinWall] projected 4590 node(s)
Step =   2470: nodes = 30402, dt = 7.611903e-11, strain = 5.096681e-03, elapsed = 1224.0 sec
[TwinWall] projected 4629 node(s)
Step =   2471: nodes = 30383, dt = 9.134284e-11, strain = 5.097594e-03, elapsed = 1226.6 sec
[TwinWall] projected 4655 node(s)
Step =   2472: nodes = 30404, dt = 1.096114e-10, strain = 5.098690e-03, elapsed = 1229.3 sec
[TwinWall] projected 4640 node(s)
Step =   2473: nodes = 30455, dt = 6.576684e-11, strain = 5.099348e-03, elapsed = 1233.2 sec
[TwinWall] projected 4657 node(s)
Step =   2474: nodes = 30488, dt = 6.576684e-11, strain = 5.100006e-03, elapsed = 1235.8 sec
[TwinWall] projected 4718 node(s)
Step =   2475: nodes = 30540, dt = 7.892021e-11, strain = 5.100795e-03, elapsed = 1238.4 sec
[TwinWall] projected 4682 node(s)
Step =   2476: nodes = 30592, dt = 9.470426e-11, strain = 5.101742e-03, elapsed = 1241.1 sec
[TwinWall] projected 4783 node(s)
Step =   2477: nodes = 30608, dt = 1.136451e-10, strain = 5.102878e-03, elapsed = 1243.8 sec
[TwinWall] projected 4707 node(s)
Step =   2478: nodes = 30639, dt = 6.818706e-11, strain = 5.103560e-03, elapsed = 1247.8 sec
[TwinWall] projected 4688 node(s)
Step =   2479: nodes = 30652, dt = 6.818706e-11, strain = 5.104242e-03, elapsed = 1250.4 sec
[TwinWall] projected 4705 node(s)
Step =   2480: nodes = 30714, dt = 8.182448e-11, strain = 5.105060e-03, elapsed = 1253.1 sec
[TwinWall] projected 4747 node(s)
Step =   2481: nodes = 30761, dt = 9.818937e-11, strain = 5.106042e-03, elapsed = 1255.8 sec
[TwinWall] projected 4854 node(s)
Step =   2482: nodes = 30834, dt = 1.178272e-10, strain = 5.107221e-03, elapsed = 1258.5 sec
[TwinWall] projected 4767 node(s)
Step =   2483: nodes = 30839, dt = 7.069635e-11, strain = 5.107927e-03, elapsed = 1262.5 sec
[TwinWall] projected 4723 node(s)
Step =   2484: nodes = 30886, dt = 7.069635e-11, strain = 5.108634e-03, elapsed = 1265.2 sec
[TwinWall] projected 4751 node(s)
Step =   2485: nodes = 30907, dt = 8.483562e-11, strain = 5.109483e-03, elapsed = 1267.9 sec
[TwinWall] projected 4849 node(s)
Step =   2486: nodes = 30962, dt = 1.018027e-10, strain = 5.110501e-03, elapsed = 1270.6 sec
[TwinWall] projected 4901 node(s)
Step =   2487: nodes = 31003, dt = 1.221633e-10, strain = 5.111722e-03, elapsed = 1273.5 sec
[TwinWall] projected 4903 node(s)
Step =   2488: nodes = 31076, dt = 7.329797e-11, strain = 5.112455e-03, elapsed = 1277.5 sec
[TwinWall] projected 4875 node(s)
Step =   2489: nodes = 31119, dt = 7.329797e-11, strain = 5.113188e-03, elapsed = 1280.2 sec
[TwinWall] projected 4918 node(s)
Step =   2490: nodes = 31122, dt = 8.795757e-11, strain = 5.114068e-03, elapsed = 1282.9 sec
[TwinWall] projected 4924 node(s)
Step =   2491: nodes = 31183, dt = 1.055491e-10, strain = 5.115123e-03, elapsed = 1285.6 sec
[TwinWall] projected 4987 node(s)
Step =   2492: nodes = 31236, dt = 1.266589e-10, strain = 5.116390e-03, elapsed = 1288.3 sec
[TwinWall] projected 5043 node(s)
Step =   2493: nodes = 31273, dt = 1.519907e-10, strain = 5.117910e-03, elapsed = 1291.2 sec
[TwinWall] projected 4957 node(s)
Step =   2494: nodes = 31292, dt = 9.119441e-11, strain = 5.118822e-03, elapsed = 1295.4 sec
[TwinWall] projected 4894 node(s)
Step =   2495: nodes = 31310, dt = 9.119441e-11, strain = 5.119734e-03, elapsed = 1298.2 sec
[TwinWall] projected 4966 node(s)
Step =   2496: nodes = 31350, dt = 1.094333e-10, strain = 5.120828e-03, elapsed = 1301.0 sec
[TwinWall] projected 5052 node(s)
Step =   2497: nodes = 31398, dt = 1.313199e-10, strain = 5.122141e-03, elapsed = 1303.9 sec
[TwinWall] projected 4973 node(s)
Step =   2498: nodes = 31446, dt = 7.879197e-11, strain = 5.122929e-03, elapsed = 1308.1 sec
[TwinWall] projected 4918 node(s)
Step =   2499: nodes = 31464, dt = 7.879197e-11, strain = 5.123717e-03, elapsed = 1310.8 sec
[TwinWall] projected 4947 node(s)
Step =   2500: nodes = 31482, dt = 9.455036e-11, strain = 5.124663e-03, elapsed = 1313.6 sec
Writing configuration in legacy data format
 Output file: /data/home/dg000246b/openDIS/HomeWork/output_Cu_twin_rorient/config.2500.data
Writing restart file
 Restart file: /data/home/dg000246b/openDIS/HomeWork/output_Cu_twin_rorient/restart.2500.exadis
[TwinWall] projected 5010 node(s)
Step =   2501: nodes = 31546, dt = 1.134604e-10, strain = 5.125797e-03, elapsed = 1316.8 sec
[TwinWall] projected 5098 node(s)
Step =   2502: nodes = 31573, dt = 1.361525e-10, strain = 5.127159e-03, elapsed = 1319.6 sec
[TwinWall] projected 5038 node(s)
Step =   2503: nodes = 31602, dt = 8.169151e-11, strain = 5.127976e-03, elapsed = 1323.8 sec
[TwinWall] projected 5041 node(s)
Step =   2504: nodes = 31620, dt = 8.169151e-11, strain = 5.128793e-03, elapsed = 1326.5 sec
[TwinWall] projected 5052 node(s)
Step =   2505: nodes = 31659, dt = 9.802981e-11, strain = 5.129773e-03, elapsed = 1329.4 sec
[TwinWall] projected 5122 node(s)
Step =   2506: nodes = 31711, dt = 1.176358e-10, strain = 5.130949e-03, elapsed = 1332.4 sec
[TwinWall] projected 5231 node(s)
Step =   2507: nodes = 31789, dt = 1.411629e-10, strain = 5.132361e-03, elapsed = 1335.3 sec
[TwinWall] projected 5103 node(s)
Step =   2508: nodes = 31850, dt = 8.469776e-11, strain = 5.133208e-03, elapsed = 1339.5 sec
[TwinWall] projected 5075 node(s)
Step =   2509: nodes = 31849, dt = 8.469776e-11, strain = 5.134055e-03, elapsed = 1342.4 sec
[TwinWall] projected 5105 node(s)
Step =   2510: nodes = 31864, dt = 1.016373e-10, strain = 5.135071e-03, elapsed = 1345.2 sec
[TwinWall] projected 5154 node(s)
Step =   2511: nodes = 31931, dt = 1.219648e-10, strain = 5.136291e-03, elapsed = 1348.0 sec
[TwinWall] projected 5193 node(s)
Step =   2512: nodes = 31917, dt = 1.463577e-10, strain = 5.137755e-03, elapsed = 1350.9 sec
[TwinWall] projected 5286 node(s)
Step =   2513: nodes = 31954, dt = 1.756293e-10, strain = 5.139511e-03, elapsed = 1353.9 sec
[TwinWall] projected 5253 node(s)
Step =   2514: nodes = 31987, dt = 1.053776e-10, strain = 5.140565e-03, elapsed = 1358.2 sec
[TwinWall] projected 5195 node(s)
Step =   2515: nodes = 32028, dt = 1.053776e-10, strain = 5.141618e-03, elapsed = 1361.1 sec
[TwinWall] projected 5263 node(s)
Step =   2516: nodes = 32050, dt = 1.264531e-10, strain = 5.142883e-03, elapsed = 1364.0 sec
[TwinWall] projected 5176 node(s)
Step =   2517: nodes = 32079, dt = 7.587185e-11, strain = 5.143642e-03, elapsed = 1368.3 sec
[TwinWall] projected 5170 node(s)
Step =   2518: nodes = 32099, dt = 7.587185e-11, strain = 5.144400e-03, elapsed = 1371.1 sec
[TwinWall] projected 5270 node(s)
Step =   2519: nodes = 32186, dt = 9.104622e-11, strain = 5.145311e-03, elapsed = 1374.0 sec
[TwinWall] projected 5292 node(s)
Step =   2520: nodes = 32202, dt = 1.092555e-10, strain = 5.146403e-03, elapsed = 1376.9 sec
[TwinWall] projected 5318 node(s)
Step =   2521: nodes = 32254, dt = 1.311065e-10, strain = 5.147714e-03, elapsed = 1379.8 sec
[TwinWall] projected 5391 node(s)
Step =   2522: nodes = 32276, dt = 1.573279e-10, strain = 5.149288e-03, elapsed = 1382.8 sec
[TwinWall] projected 5326 node(s)
Step =   2523: nodes = 32376, dt = 9.439672e-11, strain = 5.150232e-03, elapsed = 1387.2 sec
[TwinWall] projected 5247 node(s)
Step =   2524: nodes = 32430, dt = 9.439672e-11, strain = 5.151176e-03, elapsed = 1390.2 sec
[TwinWall] projected 5288 node(s)
Step =   2525: nodes = 32461, dt = 1.132761e-10, strain = 5.152308e-03, elapsed = 1393.2 sec
[TwinWall] projected 5391 node(s)
Step =   2526: nodes = 32551, dt = 1.359313e-10, strain = 5.153668e-03, elapsed = 1396.2 sec
[TwinWall] projected 5288 node(s)
Step =   2527: nodes = 32546, dt = 8.155876e-11, strain = 5.154483e-03, elapsed = 1400.7 sec
[TwinWall] projected 5260 node(s)
Step =   2528: nodes = 32587, dt = 8.155876e-11, strain = 5.155299e-03, elapsed = 1403.7 sec
[TwinWall] projected 5312 node(s)
Step =   2529: nodes = 32655, dt = 9.787052e-11, strain = 5.156278e-03, elapsed = 1406.6 sec
[TwinWall] projected 5343 node(s)
Step =   2530: nodes = 32692, dt = 1.174446e-10, strain = 5.157452e-03, elapsed = 1409.6 sec
[TwinWall] projected 5429 node(s)
Step =   2531: nodes = 32760, dt = 1.409335e-10, strain = 5.158861e-03, elapsed = 1412.6 sec
[TwinWall] projected 5288 node(s)
Step =   2532: nodes = 32765, dt = 8.456013e-11, strain = 5.159707e-03, elapsed = 1417.2 sec
[TwinWall] projected 5294 node(s)
Step =   2533: nodes = 32852, dt = 8.456013e-11, strain = 5.160553e-03, elapsed = 1420.1 sec
[TwinWall] projected 5334 node(s)
Step =   2534: nodes = 32845, dt = 1.014722e-10, strain = 5.161567e-03, elapsed = 1423.3 sec
[TwinWall] projected 5398 node(s)
Step =   2535: nodes = 32878, dt = 1.217666e-10, strain = 5.162785e-03, elapsed = 1426.4 sec
[TwinWall] projected 5547 node(s)
Step =   2536: nodes = 33009, dt = 1.461199e-10, strain = 5.164246e-03, elapsed = 1429.4 sec
[TwinWall] projected 5622 node(s)
Step =   2537: nodes = 33069, dt = 1.753439e-10, strain = 5.166000e-03, elapsed = 1432.5 sec
[TwinWall] projected 5495 node(s)
Step =   2538: nodes = 33087, dt = 1.052063e-10, strain = 5.167052e-03, elapsed = 1437.2 sec
[TwinWall] projected 5505 node(s)
Step =   2539: nodes = 33168, dt = 1.052063e-10, strain = 5.168104e-03, elapsed = 1440.2 sec
[TwinWall] projected 5489 node(s)
Step =   2540: nodes = 33202, dt = 1.262476e-10, strain = 5.169366e-03, elapsed = 1443.3 sec
[TwinWall] projected 5439 node(s)
Step =   2541: nodes = 33208, dt = 7.574855e-11, strain = 5.170124e-03, elapsed = 1447.9 sec
[TwinWall] projected 5415 node(s)
Step =   2542: nodes = 33230, dt = 7.574855e-11, strain = 5.170881e-03, elapsed = 1450.9 sec
[TwinWall] projected 5422 node(s)
Step =   2543: nodes = 33288, dt = 9.089826e-11, strain = 5.171790e-03, elapsed = 1454.0 sec
[TwinWall] projected 5454 node(s)
Step =   2544: nodes = 33359, dt = 1.090779e-10, strain = 5.172881e-03, elapsed = 1457.1 sec
[TwinWall] projected 5552 node(s)
Step =   2545: nodes = 33441, dt = 1.308935e-10, strain = 5.174190e-03, elapsed = 1460.2 sec
[TwinWall] projected 5402 node(s)
Step =   2546: nodes = 33474, dt = 7.853610e-11, strain = 5.174975e-03, elapsed = 1464.9 sec
[TwinWall] projected 5421 node(s)
Step =   2547: nodes = 33512, dt = 7.853610e-11, strain = 5.175761e-03, elapsed = 1468.0 sec
[TwinWall] projected 5441 node(s)
Step =   2548: nodes = 33539, dt = 9.424332e-11, strain = 5.176703e-03, elapsed = 1471.1 sec
[TwinWall] projected 5542 node(s)
Step =   2549: nodes = 33632, dt = 1.130920e-10, strain = 5.177834e-03, elapsed = 1474.3 sec
[TwinWall] projected 5598 node(s)
Step =   2550: nodes = 33655, dt = 1.357104e-10, strain = 5.179191e-03, elapsed = 1477.4 sec
[TwinWall] projected 5674 node(s)
Step =   2551: nodes = 33679, dt = 1.628525e-10, strain = 5.180820e-03, elapsed = 1480.7 sec
[TwinWall] projected 5572 node(s)
Step =   2552: nodes = 33690, dt = 9.771148e-11, strain = 5.181797e-03, elapsed = 1485.7 sec
[TwinWall] projected 5530 node(s)
Step =   2553: nodes = 33712, dt = 9.771148e-11, strain = 5.182774e-03, elapsed = 1488.9 sec
[TwinWall] projected 5568 node(s)
Step =   2554: nodes = 33772, dt = 1.172538e-10, strain = 5.183946e-03, elapsed = 1492.1 sec
[TwinWall] projected 5666 node(s)
Step =   2555: nodes = 33780, dt = 1.407045e-10, strain = 5.185353e-03, elapsed = 1495.3 sec
[TwinWall] projected 5554 node(s)
Step =   2556: nodes = 33799, dt = 8.442271e-11, strain = 5.186198e-03, elapsed = 1500.1 sec
[TwinWall] projected 5519 node(s)
Step =   2557: nodes = 33798, dt = 8.442271e-11, strain = 5.187042e-03, elapsed = 1503.2 sec
[TwinWall] projected 5571 node(s)
Step =   2558: nodes = 33872, dt = 1.013073e-10, strain = 5.188055e-03, elapsed = 1506.4 sec
[TwinWall] projected 5625 node(s)
Step =   2559: nodes = 33915, dt = 1.215687e-10, strain = 5.189271e-03, elapsed = 1509.7 sec
[TwinWall] projected 5742 node(s)
Step =   2560: nodes = 34066, dt = 1.458825e-10, strain = 5.190729e-03, elapsed = 1513.1 sec
[TwinWall] projected 5640 node(s)
Step =   2561: nodes = 34106, dt = 8.752947e-11, strain = 5.191605e-03, elapsed = 1518.0 sec
[TwinWall] projected 5592 node(s)
Step =   2562: nodes = 34120, dt = 8.752947e-11, strain = 5.192480e-03, elapsed = 1521.1 sec
[TwinWall] projected 5717 node(s)
Step =   2563: nodes = 34197, dt = 1.050354e-10, strain = 5.193530e-03, elapsed = 1524.3 sec
[TwinWall] projected 5714 node(s)
Step =   2564: nodes = 34253, dt = 1.260424e-10, strain = 5.194791e-03, elapsed = 1527.6 sec
[TwinWall] projected 5828 node(s)
Step =   2565: nodes = 34264, dt = 1.512509e-10, strain = 5.196303e-03, elapsed = 1530.9 sec
[TwinWall] projected 5736 node(s)
Step =   2566: nodes = 34303, dt = 9.075056e-11, strain = 5.197211e-03, elapsed = 1535.8 sec
[TwinWall] projected 5687 node(s)
Step =   2567: nodes = 34334, dt = 9.075056e-11, strain = 5.198118e-03, elapsed = 1539.0 sec
[TwinWall] projected 5757 node(s)
Step =   2568: nodes = 34397, dt = 1.089007e-10, strain = 5.199207e-03, elapsed = 1542.5 sec
[TwinWall] projected 5818 node(s)
Step =   2569: nodes = 34446, dt = 1.306808e-10, strain = 5.200514e-03, elapsed = 1545.8 sec
[TwinWall] projected 5693 node(s)
Step =   2570: nodes = 34463, dt = 7.840848e-11, strain = 5.201298e-03, elapsed = 1550.8 sec
[TwinWall] projected 5710 node(s)
Step =   2571: nodes = 34504, dt = 7.840848e-11, strain = 5.202082e-03, elapsed = 1554.0 sec
[TwinWall] projected 5752 node(s)
Step =   2572: nodes = 34551, dt = 9.409018e-11, strain = 5.203023e-03, elapsed = 1557.3 sec
[TwinWall] projected 5842 node(s)
Step =   2573: nodes = 34587, dt = 1.129082e-10, strain = 5.204152e-03, elapsed = 1560.5 sec
[TwinWall] projected 5899 node(s)
Step =   2574: nodes = 34601, dt = 1.354899e-10, strain = 5.205507e-03, elapsed = 1563.9 sec
[TwinWall] projected 5791 node(s)
Step =   2575: nodes = 34668, dt = 8.129391e-11, strain = 5.206320e-03, elapsed = 1568.9 sec
[TwinWall] projected 5728 node(s)
Step =   2576: nodes = 34691, dt = 8.129391e-11, strain = 5.207133e-03, elapsed = 1572.5 sec
[TwinWall] projected 5870 node(s)
Step =   2577: nodes = 34740, dt = 9.755269e-11, strain = 5.208109e-03, elapsed = 1575.7 sec
[TwinWall] projected 5884 node(s)
Step =   2578: nodes = 34725, dt = 1.170632e-10, strain = 5.209279e-03, elapsed = 1579.1 sec
[TwinWall] projected 6011 node(s)
Step =   2579: nodes = 34794, dt = 1.404759e-10, strain = 5.210684e-03, elapsed = 1582.4 sec
[TwinWall] projected 5856 node(s)
Step =   2580: nodes = 34813, dt = 8.428553e-11, strain = 5.211527e-03, elapsed = 1587.5 sec
[TwinWall] projected 5814 node(s)
Step =   2581: nodes = 34891, dt = 8.428553e-11, strain = 5.212370e-03, elapsed = 1590.8 sec
[TwinWall] projected 5848 node(s)
Step =   2582: nodes = 34880, dt = 1.011426e-10, strain = 5.213381e-03, elapsed = 1594.2 sec
[TwinWall] projected 5929 node(s)
Step =   2583: nodes = 34947, dt = 1.213712e-10, strain = 5.214595e-03, elapsed = 1597.5 sec
[TwinWall] projected 5781 node(s)
Step =   2584: nodes = 34964, dt = 7.282270e-11, strain = 5.215323e-03, elapsed = 1602.8 sec
[TwinWall] projected 5786 node(s)
Step =   2585: nodes = 35036, dt = 7.282270e-11, strain = 5.216051e-03, elapsed = 1606.1 sec
[TwinWall] projected 5894 node(s)
Step =   2586: nodes = 35079, dt = 8.738723e-11, strain = 5.216925e-03, elapsed = 1609.4 sec
[TwinWall] projected 5933 node(s)
Step =   2587: nodes = 35138, dt = 1.048647e-10, strain = 5.217974e-03, elapsed = 1612.8 sec
[TwinWall] projected 6029 node(s)
Step =   2588: nodes = 35201, dt = 1.258376e-10, strain = 5.219232e-03, elapsed = 1616.2 sec
[TwinWall] projected 5878 node(s)
Step =   2589: nodes = 35176, dt = 7.550257e-11, strain = 5.219987e-03, elapsed = 1621.4 sec
[TwinWall] projected 5893 node(s)
Step =   2590: nodes = 35221, dt = 7.550257e-11, strain = 5.220742e-03, elapsed = 1624.6 sec
[TwinWall] projected 5886 node(s)
Step =   2591: nodes = 35229, dt = 9.060309e-11, strain = 5.221648e-03, elapsed = 1628.1 sec
[TwinWall] projected 5961 node(s)
Step =   2592: nodes = 35258, dt = 1.087237e-10, strain = 5.222736e-03, elapsed = 1631.4 sec
[TwinWall] projected 6052 node(s)
Step =   2593: nodes = 35307, dt = 1.304684e-10, strain = 5.224040e-03, elapsed = 1634.9 sec
[TwinWall] projected 5933 node(s)
Step =   2594: nodes = 35318, dt = 7.828107e-11, strain = 5.224823e-03, elapsed = 1640.1 sec
[TwinWall] projected 5882 node(s)
Step =   2595: nodes = 35337, dt = 7.828107e-11, strain = 5.225606e-03, elapsed = 1643.5 sec
[TwinWall] projected 5917 node(s)
Step =   2596: nodes = 35397, dt = 9.393728e-11, strain = 5.226545e-03, elapsed = 1646.9 sec
[TwinWall] projected 5999 node(s)
Step =   2597: nodes = 35401, dt = 1.127247e-10, strain = 5.227672e-03, elapsed = 1650.4 sec
[TwinWall] projected 5886 node(s)
Step =   2598: nodes = 35408, dt = 6.763484e-11, strain = 5.228349e-03, elapsed = 1655.5 sec
[TwinWall] projected 5799 node(s)
Step =   2599: nodes = 35425, dt = 6.763484e-11, strain = 5.229025e-03, elapsed = 1658.9 sec
[TwinWall] projected 5878 node(s)
Step =   2600: nodes = 35472, dt = 8.116181e-11, strain = 5.229837e-03, elapsed = 1662.6 sec
Writing configuration in legacy data format
 Output file: /data/home/dg000246b/openDIS/HomeWork/output_Cu_twin_rorient/config.2600.data
Writing restart file
 Restart file: /data/home/dg000246b/openDIS/HomeWork/output_Cu_twin_rorient/restart.2600.exadis
[TwinWall] projected 5917 node(s)
Step =   2601: nodes = 35503, dt = 9.739417e-11, strain = 5.230811e-03, elapsed = 1666.4 sec
[TwinWall] projected 6001 node(s)
Step =   2602: nodes = 35539, dt = 1.168730e-10, strain = 5.231979e-03, elapsed = 1669.9 sec
[TwinWall] projected 6129 node(s)
Step =   2603: nodes = 35599, dt = 1.402476e-10, strain = 5.233382e-03, elapsed = 1673.4 sec
[TwinWall] projected 6011 node(s)
Step =   2604: nodes = 35634, dt = 8.414856e-11, strain = 5.234223e-03, elapsed = 1678.6 sec
[TwinWall] projected 5965 node(s)
Step =   2605: nodes = 35678, dt = 8.414856e-11, strain = 5.235065e-03, elapsed = 1682.1 sec
[TwinWall] projected 6021 node(s)
Step =   2606: nodes = 35741, dt = 1.009783e-10, strain = 5.236075e-03, elapsed = 1685.6 sec
[TwinWall] projected 6074 node(s)
Step =   2607: nodes = 35753, dt = 1.211739e-10, strain = 5.237286e-03, elapsed = 1689.2 sec
[TwinWall] projected 6176 node(s)
Step =   2608: nodes = 35816, dt = 1.454087e-10, strain = 5.238740e-03, elapsed = 1692.9 sec
[TwinWall] projected 6311 node(s)
Step =   2609: nodes = 35863, dt = 1.744905e-10, strain = 5.240485e-03, elapsed = 1696.6 sec
[TwinWall] projected 6169 node(s)
Step =   2610: nodes = 35868, dt = 1.046943e-10, strain = 5.241532e-03, elapsed = 1701.9 sec
[TwinWall] projected 6173 node(s)
Step =   2611: nodes = 35941, dt = 1.046943e-10, strain = 5.242579e-03, elapsed = 1705.5 sec
[TwinWall] projected 6250 node(s)
Step =   2612: nodes = 35985, dt = 1.256331e-10, strain = 5.243836e-03, elapsed = 1709.0 sec
[TwinWall] projected 6069 node(s)
Step =   2613: nodes = 35971, dt = 7.537988e-11, strain = 5.244589e-03, elapsed = 1714.4 sec
[TwinWall] projected 6041 node(s)
Step =   2614: nodes = 36017, dt = 7.537988e-11, strain = 5.245343e-03, elapsed = 1717.9 sec
[TwinWall] projected 6085 node(s)
Step =   2615: nodes = 36063, dt = 9.045586e-11, strain = 5.246248e-03, elapsed = 1721.4 sec
[TwinWall] projected 6210 node(s)
Step =   2616: nodes = 36114, dt = 1.085470e-10, strain = 5.247333e-03, elapsed = 1724.9 sec
[TwinWall] projected 6229 node(s)
Step =   2617: nodes = 36154, dt = 1.302564e-10, strain = 5.248636e-03, elapsed = 1728.6 sec
[TwinWall] projected 6110 node(s)
Step =   2618: nodes = 36197, dt = 7.815386e-11, strain = 5.249417e-03, elapsed = 1734.0 sec
[TwinWall] projected 6050 node(s)
Step =   2619: nodes = 36230, dt = 7.815386e-11, strain = 5.250199e-03, elapsed = 1737.6 sec
[TwinWall] projected 6141 node(s)
Step =   2620: nodes = 36244, dt = 9.378463e-11, strain = 5.251137e-03, elapsed = 1741.1 sec
[TwinWall] projected 6183 node(s)
Step =   2621: nodes = 36316, dt = 1.125416e-10, strain = 5.252262e-03, elapsed = 1744.7 sec
[TwinWall] projected 6270 node(s)
Step =   2622: nodes = 36360, dt = 1.350499e-10, strain = 5.253613e-03, elapsed = 1748.4 sec
[TwinWall] projected 6140 node(s)
Step =   2623: nodes = 36362, dt = 8.102992e-11, strain = 5.254423e-03, elapsed = 1754.1 sec
[TwinWall] projected 6081 node(s)
Step =   2624: nodes = 36423, dt = 8.102992e-11, strain = 5.255233e-03, elapsed = 1757.7 sec
[TwinWall] projected 6197 node(s)
Step =   2625: nodes = 36506, dt = 9.723590e-11, strain = 5.256206e-03, elapsed = 1761.4 sec
[TwinWall] projected 6219 node(s)
Step =   2626: nodes = 36541, dt = 1.166831e-10, strain = 5.257372e-03, elapsed = 1765.1 sec
[TwinWall] projected 6373 node(s)
Step =   2627: nodes = 36590, dt = 1.400197e-10, strain = 5.258773e-03, elapsed = 1768.8 sec
[TwinWall] projected 6175 node(s)
Step =   2628: nodes = 36609, dt = 8.401182e-11, strain = 5.259613e-03, elapsed = 1774.4 sec
[TwinWall] projected 6124 node(s)
Step =   2629: nodes = 36606, dt = 8.401182e-11, strain = 5.260453e-03, elapsed = 1778.0 sec
[TwinWall] projected 6194 node(s)
Step =   2630: nodes = 36661, dt = 1.008142e-10, strain = 5.261461e-03, elapsed = 1781.7 sec
[TwinWall] projected 6055 node(s)
Step =   2631: nodes = 36643, dt = 6.048851e-11, strain = 5.262066e-03, elapsed = 1787.5 sec
[TwinWall] projected 6036 node(s)
Step =   2632: nodes = 36651, dt = 6.048851e-11, strain = 5.262671e-03, elapsed = 1791.0 sec
[TwinWall] projected 6130 node(s)
Step =   2633: nodes = 36732, dt = 7.258621e-11, strain = 5.263397e-03, elapsed = 1794.7 sec
[TwinWall] projected 6152 node(s)
Step =   2634: nodes = 36754, dt = 8.710346e-11, strain = 5.264268e-03, elapsed = 1798.3 sec
[TwinWall] projected 6269 node(s)
Step =   2635: nodes = 36798, dt = 1.045241e-10, strain = 5.265313e-03, elapsed = 1802.0 sec
[TwinWall] projected 6080 node(s)
Step =   2636: nodes = 36814, dt = 6.271449e-11, strain = 5.265940e-03, elapsed = 1807.5 sec
[TwinWall] projected 6062 node(s)
Step =   2637: nodes = 36850, dt = 6.271449e-11, strain = 5.266567e-03, elapsed = 1811.1 sec
[TwinWall] projected 6194 node(s)
Step =   2638: nodes = 36873, dt = 7.525739e-11, strain = 5.267320e-03, elapsed = 1814.8 sec
[TwinWall] projected 6177 node(s)
Step =   2639: nodes = 36911, dt = 9.030886e-11, strain = 5.268223e-03, elapsed = 1818.4 sec
[TwinWall] projected 6280 node(s)
Step =   2640: nodes = 36916, dt = 1.083706e-10, strain = 5.269307e-03, elapsed = 1822.2 sec
[TwinWall] projected 6138 node(s)
Step =   2641: nodes = 36984, dt = 6.502238e-11, strain = 5.269957e-03, elapsed = 1827.8 sec
[TwinWall] projected 6206 node(s)
Step =   2642: nodes = 37048, dt = 6.502238e-11, strain = 5.270607e-03, elapsed = 1831.4 sec
[TwinWall] projected 6305 node(s)
Step =   2643: nodes = 37163, dt = 7.802686e-11, strain = 5.271387e-03, elapsed = 1835.1 sec
[TwinWall] projected 6338 node(s)
Step =   2644: nodes = 37203, dt = 9.363223e-11, strain = 5.272324e-03, elapsed = 1838.9 sec
[TwinWall] projected 6389 node(s)
Step =   2645: nodes = 37183, dt = 1.123587e-10, strain = 5.273447e-03, elapsed = 1843.0 sec
[TwinWall] projected 6241 node(s)
Step =   2646: nodes = 37149, dt = 6.741521e-11, strain = 5.274121e-03, elapsed = 1848.6 sec
[TwinWall] projected 6279 node(s)
Step =   2647: nodes = 37240, dt = 6.741521e-11, strain = 5.274795e-03, elapsed = 1852.3 sec
[TwinWall] projected 6366 node(s)
Step =   2648: nodes = 37292, dt = 8.089825e-11, strain = 5.275604e-03, elapsed = 1855.9 sec
[TwinWall] projected 6419 node(s)
Step =   2649: nodes = 37356, dt = 9.707790e-11, strain = 5.276575e-03, elapsed = 1859.6 sec
[TwinWall] projected 6466 node(s)
Step =   2650: nodes = 37394, dt = 1.164935e-10, strain = 5.277740e-03, elapsed = 1863.4 sec
[TwinWall] projected 6584 node(s)
Step =   2651: nodes = 37477, dt = 1.397922e-10, strain = 5.279138e-03, elapsed = 1867.2 sec
[TwinWall] projected 6452 node(s)
Step =   2652: nodes = 37492, dt = 8.387530e-11, strain = 5.279977e-03, elapsed = 1873.2 sec
[TwinWall] projected 6399 node(s)
Step =   2653: nodes = 37567, dt = 8.387530e-11, strain = 5.280816e-03, elapsed = 1876.9 sec
[TwinWall] projected 6528 node(s)
Step =   2654: nodes = 37582, dt = 1.006504e-10, strain = 5.281822e-03, elapsed = 1880.8 sec
[TwinWall] projected 6600 node(s)
Step =   2655: nodes = 37634, dt = 1.207804e-10, strain = 5.283030e-03, elapsed = 1884.5 sec
[TwinWall] projected 6709 node(s)
Step =   2656: nodes = 37703, dt = 1.449365e-10, strain = 5.284479e-03, elapsed = 1888.3 sec
[TwinWall] projected 6524 node(s)
Step =   2657: nodes = 37700, dt = 8.696191e-11, strain = 5.285349e-03, elapsed = 1894.1 sec
[TwinWall] projected 6468 node(s)
Step =   2658: nodes = 37731, dt = 8.696191e-11, strain = 5.286219e-03, elapsed = 1898.0 sec
[TwinWall] projected 6552 node(s)
Step =   2659: nodes = 37760, dt = 1.043543e-10, strain = 5.287262e-03, elapsed = 1901.7 sec
[TwinWall] projected 6616 node(s)
Step =   2660: nodes = 37808, dt = 1.252252e-10, strain = 5.288514e-03, elapsed = 1905.6 sec
[TwinWall] projected 6748 node(s)
Step =   2661: nodes = 37824, dt = 1.502702e-10, strain = 5.290017e-03, elapsed = 1909.5 sec
[TwinWall] projected 6598 node(s)
Step =   2662: nodes = 37831, dt = 9.016211e-11, strain = 5.290919e-03, elapsed = 1915.4 sec
[TwinWall] projected 6603 node(s)
Step =   2663: nodes = 37868, dt = 9.016211e-11, strain = 5.291820e-03, elapsed = 1919.2 sec
[TwinWall] projected 6619 node(s)
Step =   2664: nodes = 37920, dt = 1.081945e-10, strain = 5.292902e-03, elapsed = 1923.1 sec
[TwinWall] projected 6747 node(s)
Step =   2665: nodes = 37963, dt = 1.298334e-10, strain = 5.294201e-03, elapsed = 1927.0 sec
[TwinWall] projected 6873 node(s)
Step =   2666: nodes = 38069, dt = 1.558001e-10, strain = 5.295759e-03, elapsed = 1931.0 sec
[TwinWall] projected 6730 node(s)
Step =   2667: nodes = 38133, dt = 9.348008e-11, strain = 5.296693e-03, elapsed = 1937.1 sec
[TwinWall] projected 6678 node(s)
Step =   2668: nodes = 38221, dt = 9.348008e-11, strain = 5.297628e-03, elapsed = 1940.9 sec
[TwinWall] projected 6724 node(s)
Step =   2669: nodes = 38258, dt = 1.121761e-10, strain = 5.298750e-03, elapsed = 1944.9 sec
[TwinWall] projected 6555 node(s)
Step =   2670: nodes = 38254, dt = 6.730566e-11, strain = 5.299423e-03, elapsed = 1950.9 sec
[TwinWall] projected 6525 node(s)
Step =   2671: nodes = 38277, dt = 6.730566e-11, strain = 5.300096e-03, elapsed = 1954.7 sec
[TwinWall] projected 6606 node(s)
Step =   2672: nodes = 38290, dt = 8.076679e-11, strain = 5.300904e-03, elapsed = 1958.7 sec
[TwinWall] projected 6708 node(s)
Step =   2673: nodes = 38349, dt = 9.692014e-11, strain = 5.301873e-03, elapsed = 1962.8 sec
[TwinWall] projected 6572 node(s)
Step =   2674: nodes = 38381, dt = 5.815209e-11, strain = 5.302454e-03, elapsed = 1968.8 sec
[TwinWall] projected 6482 node(s)
Step =   2675: nodes = 38400, dt = 5.815209e-11, strain = 5.303036e-03, elapsed = 1972.7 sec
[TwinWall] projected 6677 node(s)
Step =   2676: nodes = 38499, dt = 6.978250e-11, strain = 5.303734e-03, elapsed = 1976.5 sec
[TwinWall] projected 6738 node(s)
Step =   2677: nodes = 38633, dt = 8.373900e-11, strain = 5.304571e-03, elapsed = 1980.4 sec
[TwinWall] projected 6798 node(s)
Step =   2678: nodes = 38713, dt = 1.004868e-10, strain = 5.305576e-03, elapsed = 1984.5 sec
[TwinWall] projected 6659 node(s)
Step =   2679: nodes = 38812, dt = 6.029208e-11, strain = 5.306179e-03, elapsed = 1990.5 sec
[TwinWall] projected 6613 node(s)
Step =   2680: nodes = 38833, dt = 6.029208e-11, strain = 5.306782e-03, elapsed = 1994.7 sec
[TwinWall] projected 6661 node(s)
Step =   2681: nodes = 38881, dt = 7.235050e-11, strain = 5.307505e-03, elapsed = 1998.7 sec
[TwinWall] projected 6672 node(s)
Step =   2682: nodes = 38895, dt = 8.682060e-11, strain = 5.308374e-03, elapsed = 2002.7 sec
[TwinWall] projected 6531 node(s)
Step =   2683: nodes = 38863, dt = 5.209236e-11, strain = 5.308894e-03, elapsed = 2008.9 sec
[TwinWall] projected 6402 node(s)
Step =   2684: nodes = 38908, dt = 5.209236e-11, strain = 5.309415e-03, elapsed = 2012.9 sec
[TwinWall] projected 6628 node(s)
Step =   2685: nodes = 38953, dt = 6.251083e-11, strain = 5.310041e-03, elapsed = 2016.8 sec
[TwinWall] projected 6718 node(s)
Step =   2686: nodes = 39036, dt = 7.501300e-11, strain = 5.310791e-03, elapsed = 2020.8 sec
[TwinWall] projected 6860 node(s)
Step =   2687: nodes = 39123, dt = 9.001560e-11, strain = 5.311691e-03, elapsed = 2025.0 sec
[TwinWall] projected 6574 node(s)
Step =   2688: nodes = 39142, dt = 5.400936e-11, strain = 5.312231e-03, elapsed = 2031.2 sec
[TwinWall] projected 6630 node(s)
Step =   2689: nodes = 39141, dt = 5.400936e-11, strain = 5.312771e-03, elapsed = 2035.2 sec
[TwinWall] projected 6690 node(s)
Step =   2690: nodes = 39168, dt = 6.481123e-11, strain = 5.313419e-03, elapsed = 2039.2 sec
[TwinWall] projected 6788 node(s)
Step =   2691: nodes = 39173, dt = 7.777348e-11, strain = 5.314197e-03, elapsed = 2043.3 sec
[TwinWall] projected 6759 node(s)
Step =   2692: nodes = 39235, dt = 9.332817e-11, strain = 5.315130e-03, elapsed = 2047.4 sec
[TwinWall] projected 6674 node(s)
Step =   2693: nodes = 39199, dt = 5.599690e-11, strain = 5.315690e-03, elapsed = 2053.7 sec
[TwinWall] projected 6557 node(s)
Step =   2694: nodes = 39219, dt = 5.599690e-11, strain = 5.316250e-03, elapsed = 2057.8 sec
[TwinWall] projected 6614 node(s)
Step =   2695: nodes = 39240, dt = 6.719628e-11, strain = 5.316922e-03, elapsed = 2062.0 sec
[TwinWall] projected 6697 node(s)
Step =   2696: nodes = 39307, dt = 8.063554e-11, strain = 5.317728e-03, elapsed = 2066.1 sec
[TwinWall] projected 6728 node(s)
Step =   2697: nodes = 39311, dt = 9.676265e-11, strain = 5.318696e-03, elapsed = 2070.3 sec
[TwinWall] projected 6708 node(s)
Step =   2698: nodes = 39356, dt = 5.805759e-11, strain = 5.319277e-03, elapsed = 2076.5 sec
[TwinWall] projected 6665 node(s)
Step =   2699: nodes = 39339, dt = 5.805759e-11, strain = 5.319857e-03, elapsed = 2080.6 sec
[TwinWall] projected 6701 node(s)
Step =   2700: nodes = 39391, dt = 6.966911e-11, strain = 5.320554e-03, elapsed = 2084.9 sec
Writing configuration in legacy data format
 Output file: /data/home/dg000246b/openDIS/HomeWork/output_Cu_twin_rorient/config.2700.data
Writing restart file
 Restart file: /data/home/dg000246b/openDIS/HomeWork/output_Cu_twin_rorient/restart.2700.exadis
[TwinWall] projected 6735 node(s)
Step =   2701: nodes = 39430, dt = 8.360293e-11, strain = 5.321390e-03, elapsed = 2089.6 sec
[TwinWall] projected 6821 node(s)
Step =   2702: nodes = 39497, dt = 1.003235e-10, strain = 5.322393e-03, elapsed = 2093.7 sec
[TwinWall] projected 6679 node(s)
Step =   2703: nodes = 39490, dt = 6.019411e-11, strain = 5.322995e-03, elapsed = 2100.2 sec
[TwinWall] projected 6602 node(s)
Step =   2704: nodes = 39533, dt = 6.019411e-11, strain = 5.323597e-03, elapsed = 2104.3 sec
[TwinWall] projected 6685 node(s)
Step =   2705: nodes = 39575, dt = 7.223293e-11, strain = 5.324319e-03, elapsed = 2108.4 sec
[TwinWall] projected 6791 node(s)
Step =   2706: nodes = 39535, dt = 8.667952e-11, strain = 5.325186e-03, elapsed = 2112.9 sec
[TwinWall] projected 6957 node(s)
Step =   2707: nodes = 39550, dt = 1.040154e-10, strain = 5.326226e-03, elapsed = 2117.1 sec
[TwinWall] projected 6753 node(s)
Step =   2708: nodes = 39557, dt = 6.240925e-11, strain = 5.326850e-03, elapsed = 2123.5 sec
[TwinWall] projected 6788 node(s)
Step =   2709: nodes = 39653, dt = 6.240925e-11, strain = 5.327474e-03, elapsed = 2127.6 sec
[TwinWall] projected 6902 node(s)
Step =   2710: nodes = 39761, dt = 7.489110e-11, strain = 5.328223e-03, elapsed = 2131.8 sec
[TwinWall] projected 6971 node(s)
Step =   2711: nodes = 39864, dt = 8.986932e-11, strain = 5.329122e-03, elapsed = 2136.0 sec
[TwinWall] projected 7023 node(s)
Step =   2712: nodes = 39857, dt = 1.078432e-10, strain = 5.330200e-03, elapsed = 2140.3 sec
[TwinWall] projected 6911 node(s)
Step =   2713: nodes = 39904, dt = 6.470591e-11, strain = 5.330848e-03, elapsed = 2146.8 sec
[TwinWall] projected 6867 node(s)
Step =   2714: nodes = 39897, dt = 6.470591e-11, strain = 5.331495e-03, elapsed = 2151.0 sec
[TwinWall] projected 6885 node(s)
Step =   2715: nodes = 39895, dt = 7.764709e-11, strain = 5.332271e-03, elapsed = 2155.2 sec
[TwinWall] projected 6976 node(s)
Step =   2716: nodes = 39982, dt = 9.317651e-11, strain = 5.333203e-03, elapsed = 2159.5 sec
[TwinWall] projected 7039 node(s)
Step =   2717: nodes = 39980, dt = 1.118118e-10, strain = 5.334321e-03, elapsed = 2163.7 sec
[TwinWall] projected 6986 node(s)
Step =   2718: nodes = 40034, dt = 6.708709e-11, strain = 5.334992e-03, elapsed = 2170.2 sec
[TwinWall] projected 6851 node(s)
Step =   2719: nodes = 40088, dt = 6.708709e-11, strain = 5.335663e-03, elapsed = 2174.6 sec
[TwinWall] projected 6879 node(s)
Step =   2720: nodes = 40103, dt = 8.050451e-11, strain = 5.336468e-03, elapsed = 2178.8 sec
[TwinWall] projected 7006 node(s)
Step =   2721: nodes = 40093, dt = 9.660541e-11, strain = 5.337434e-03, elapsed = 2183.1 sec
[TwinWall] projected 7096 node(s)
Step =   2722: nodes = 40117, dt = 1.159265e-10, strain = 5.338593e-03, elapsed = 2187.4 sec
[TwinWall] projected 6933 node(s)
Step =   2723: nodes = 40148, dt = 6.955589e-11, strain = 5.339289e-03, elapsed = 2194.0 sec
[TwinWall] projected 6852 node(s)
Step =   2724: nodes = 40159, dt = 6.955589e-11, strain = 5.339984e-03, elapsed = 2198.3 sec
[TwinWall] projected 6924 node(s)
Step =   2725: nodes = 40155, dt = 8.346707e-11, strain = 5.340819e-03, elapsed = 2202.6 sec
[TwinWall] projected 7083 node(s)
Step =   2726: nodes = 40175, dt = 1.001605e-10, strain = 5.341820e-03, elapsed = 2207.2 sec
[TwinWall] projected 6879 node(s)
Step =   2727: nodes = 40199, dt = 6.009629e-11, strain = 5.342421e-03, elapsed = 2213.8 sec
[TwinWall] projected 6925 node(s)
Step =   2728: nodes = 40274, dt = 6.009629e-11, strain = 5.343022e-03, elapsed = 2218.0 sec
[TwinWall] projected 7024 node(s)
Step =   2729: nodes = 40283, dt = 7.211555e-11, strain = 5.343744e-03, elapsed = 2222.3 sec
[TwinWall] projected 7113 node(s)
Step =   2730: nodes = 40316, dt = 8.653866e-11, strain = 5.344609e-03, elapsed = 2226.5 sec
[TwinWall] projected 7240 node(s)
Step =   2731: nodes = 40308, dt = 1.038464e-10, strain = 5.345647e-03, elapsed = 2230.9 sec
[TwinWall] projected 6982 node(s)
Step =   2732: nodes = 40293, dt = 6.230784e-11, strain = 5.346270e-03, elapsed = 2237.7 sec
[TwinWall] projected 6895 node(s)
Step =   2733: nodes = 40304, dt = 6.230784e-11, strain = 5.346894e-03, elapsed = 2242.0 sec
[TwinWall] projected 6985 node(s)
Step =   2734: nodes = 40321, dt = 7.476940e-11, strain = 5.347641e-03, elapsed = 2246.3 sec
[TwinWall] projected 7113 node(s)
Step =   2735: nodes = 40342, dt = 8.972329e-11, strain = 5.348538e-03, elapsed = 2250.6 sec
[TwinWall] projected 6871 node(s)
Step =   2736: nodes = 40370, dt = 5.383397e-11, strain = 5.349077e-03, elapsed = 2257.3 sec
[TwinWall] projected 6908 node(s)
Step =   2737: nodes = 40382, dt = 5.383397e-11, strain = 5.349615e-03, elapsed = 2261.6 sec
[TwinWall] projected 6958 node(s)
Step =   2738: nodes = 40440, dt = 6.460077e-11, strain = 5.350261e-03, elapsed = 2266.0 sec
[TwinWall] projected 7068 node(s)
Step =   2739: nodes = 40490, dt = 7.752092e-11, strain = 5.351036e-03, elapsed = 2270.3 sec
[TwinWall] projected 7119 node(s)
Step =   2740: nodes = 40479, dt = 9.302510e-11, strain = 5.351967e-03, elapsed = 2274.7 sec
[TwinWall] projected 6949 node(s)
Step =   2741: nodes = 40467, dt = 5.581506e-11, strain = 5.352525e-03, elapsed = 2281.5 sec
[TwinWall] projected 6866 node(s)
Step =   2742: nodes = 40472, dt = 5.581506e-11, strain = 5.353083e-03, elapsed = 2285.8 sec
[TwinWall] projected 6939 node(s)
Step =   2743: nodes = 40495, dt = 6.697807e-11, strain = 5.353753e-03, elapsed = 2290.2 sec
[TwinWall] projected 7026 node(s)
Step =   2744: nodes = 40555, dt = 8.037369e-11, strain = 5.354556e-03, elapsed = 2294.8 sec
[TwinWall] projected 7173 node(s)
Step =   2745: nodes = 40610, dt = 9.644843e-11, strain = 5.355521e-03, elapsed = 2299.1 sec
[TwinWall] projected 7024 node(s)
Step =   2746: nodes = 40623, dt = 5.786906e-11, strain = 5.356100e-03, elapsed = 2305.8 sec
[TwinWall] projected 6923 node(s)
Step =   2747: nodes = 40660, dt = 5.786906e-11, strain = 5.356678e-03, elapsed = 2310.1 sec
[TwinWall] projected 6988 node(s)
Step =   2748: nodes = 40673, dt = 6.944287e-11, strain = 5.357373e-03, elapsed = 2314.5 sec
[TwinWall] projected 7078 node(s)
Step =   2749: nodes = 40671, dt = 8.333144e-11, strain = 5.358206e-03, elapsed = 2318.8 sec
[TwinWall] projected 7269 node(s)
Step =   2750: nodes = 40670, dt = 9.999773e-11, strain = 5.359206e-03, elapsed = 2323.5 sec
[TwinWall] projected 7360 node(s)
Step =   2751: nodes = 40681, dt = 1.199973e-10, strain = 5.360406e-03, elapsed = 2327.9 sec
[TwinWall] projected 7499 node(s)
Step =   2752: nodes = 40701, dt = 1.439967e-10, strain = 5.361846e-03, elapsed = 2332.4 sec
[TwinWall] projected 7562 node(s)
Step =   2753: nodes = 40712, dt = 1.727961e-10, strain = 5.363574e-03, elapsed = 2337.0 sec
[TwinWall] projected 7469 node(s)
Step =   2754: nodes = 40766, dt = 1.036776e-10, strain = 5.364611e-03, elapsed = 2343.8 sec
[TwinWall] projected 7336 node(s)
Step =   2755: nodes = 40774, dt = 1.036776e-10, strain = 5.365647e-03, elapsed = 2348.2 sec
[TwinWall] projected 7467 node(s)
Step =   2756: nodes = 40783, dt = 1.244132e-10, strain = 5.366892e-03, elapsed = 2353.0 sec
[TwinWall] projected 7578 node(s)
Step =   2757: nodes = 40823, dt = 1.492958e-10, strain = 5.368385e-03, elapsed = 2357.5 sec
[TwinWall] projected 7432 node(s)
Step =   2758: nodes = 40896, dt = 8.957748e-11, strain = 5.369280e-03, elapsed = 2364.2 sec
[TwinWall] projected 7318 node(s)
Step =   2759: nodes = 40849, dt = 8.957748e-11, strain = 5.370176e-03, elapsed = 2368.7 sec
[TwinWall] projected 7498 node(s)
Step =   2760: nodes = 40932, dt = 1.074930e-10, strain = 5.371251e-03, elapsed = 2373.2 sec
[TwinWall] projected 7252 node(s)
Step =   2761: nodes = 40945, dt = 6.449579e-11, strain = 5.371896e-03, elapsed = 2380.0 sec
[TwinWall] projected 7280 node(s)
Step =   2762: nodes = 41001, dt = 6.449579e-11, strain = 5.372541e-03, elapsed = 2384.5 sec
[TwinWall] projected 7413 node(s)
Step =   2763: nodes = 41104, dt = 7.739495e-11, strain = 5.373315e-03, elapsed = 2389.0 sec
[TwinWall] projected 7404 node(s)
Step =   2764: nodes = 41100, dt = 9.287394e-11, strain = 5.374244e-03, elapsed = 2393.5 sec
[TwinWall] projected 7552 node(s)
Step =   2765: nodes = 41191, dt = 1.114487e-10, strain = 5.375358e-03, elapsed = 2398.0 sec
[TwinWall] projected 7636 node(s)
Step =   2766: nodes = 41216, dt = 1.337385e-10, strain = 5.376696e-03, elapsed = 2402.5 sec
[TwinWall] projected 7725 node(s)
Step =   2767: nodes = 41206, dt = 1.604862e-10, strain = 5.378300e-03, elapsed = 2407.1 sec
[TwinWall] projected 7553 node(s)
Step =   2768: nodes = 41181, dt = 9.629170e-11, strain = 5.379263e-03, elapsed = 2414.3 sec
[TwinWall] projected 7555 node(s)
Step =   2769: nodes = 41271, dt = 9.629170e-11, strain = 5.380226e-03, elapsed = 2418.8 sec
[TwinWall] projected 7659 node(s)
Step =   2770: nodes = 41236, dt = 1.155500e-10, strain = 5.381382e-03, elapsed = 2423.3 sec
[TwinWall] projected 7781 node(s)
Step =   2771: nodes = 41369, dt = 1.386600e-10, strain = 5.382768e-03, elapsed = 2427.8 sec
[TwinWall] projected 7581 node(s)
Step =   2772: nodes = 41349, dt = 8.319603e-11, strain = 5.383600e-03, elapsed = 2434.8 sec
[TwinWall] projected 7482 node(s)
Step =   2773: nodes = 41379, dt = 8.319603e-11, strain = 5.384432e-03, elapsed = 2439.4 sec
[TwinWall] projected 7603 node(s)
Step =   2774: nodes = 41456, dt = 9.983523e-11, strain = 5.385431e-03, elapsed = 2444.1 sec
[TwinWall] projected 7681 node(s)
Step =   2775: nodes = 41433, dt = 1.198023e-10, strain = 5.386629e-03, elapsed = 2448.7 sec
[TwinWall] projected 7812 node(s)
Step =   2776: nodes = 41441, dt = 1.437627e-10, strain = 5.388066e-03, elapsed = 2453.5 sec
[TwinWall] projected 7632 node(s)
Step =   2777: nodes = 41451, dt = 8.625764e-11, strain = 5.388929e-03, elapsed = 2460.4 sec
[TwinWall] projected 7560 node(s)
Step =   2778: nodes = 41450, dt = 8.625764e-11, strain = 5.389791e-03, elapsed = 2465.1 sec
[TwinWall] projected 7637 node(s)
Step =   2779: nodes = 41484, dt = 1.035092e-10, strain = 5.390826e-03, elapsed = 2469.7 sec
[TwinWall] projected 7759 node(s)
Step =   2780: nodes = 41512, dt = 1.242110e-10, strain = 5.392069e-03, elapsed = 2474.5 sec
[TwinWall] projected 7857 node(s)
Step =   2781: nodes = 41437, dt = 1.490532e-10, strain = 5.393559e-03, elapsed = 2479.3 sec
[TwinWall] projected 7619 node(s)
Step =   2782: nodes = 41439, dt = 8.943192e-11, strain = 5.394453e-03, elapsed = 2486.4 sec
[TwinWall] projected 7590 node(s)
Step =   2783: nodes = 41467, dt = 8.943192e-11, strain = 5.395348e-03, elapsed = 2491.0 sec
[TwinWall] projected 7623 node(s)
Step =   2784: nodes = 41548, dt = 1.073183e-10, strain = 5.396421e-03, elapsed = 2495.7 sec
[TwinWall] projected 7786 node(s)
Step =   2785: nodes = 41610, dt = 1.287820e-10, strain = 5.397709e-03, elapsed = 2500.3 sec
[TwinWall] projected 7622 node(s)
Step =   2786: nodes = 41631, dt = 7.726918e-11, strain = 5.398481e-03, elapsed = 2507.6 sec
[TwinWall] projected 7577 node(s)
Step =   2787: nodes = 41646, dt = 7.726918e-11, strain = 5.399254e-03, elapsed = 2512.2 sec
[TwinWall] projected 7669 node(s)
Step =   2788: nodes = 41708, dt = 9.272302e-11, strain = 5.400181e-03, elapsed = 2516.9 sec
[TwinWall] projected 7761 node(s)
Step =   2789: nodes = 41707, dt = 1.112676e-10, strain = 5.401294e-03, elapsed = 2521.6 sec
[TwinWall] projected 7914 node(s)
Step =   2790: nodes = 41754, dt = 1.335211e-10, strain = 5.402629e-03, elapsed = 2526.3 sec
[TwinWall] projected 8044 node(s)
Step =   2791: nodes = 41738, dt = 1.602254e-10, strain = 5.404232e-03, elapsed = 2531.0 sec
[TwinWall] projected 7951 node(s)
Step =   2792: nodes = 41761, dt = 9.613522e-11, strain = 5.405193e-03, elapsed = 2538.3 sec
[TwinWall] projected 7810 node(s)
Step =   2793: nodes = 41803, dt = 9.613522e-11, strain = 5.406154e-03, elapsed = 2543.0 sec
[TwinWall] projected 7961 node(s)
Step =   2794: nodes = 41887, dt = 1.153623e-10, strain = 5.407308e-03, elapsed = 2547.7 sec
[TwinWall] projected 8054 node(s)
Step =   2795: nodes = 41959, dt = 1.384347e-10, strain = 5.408692e-03, elapsed = 2552.4 sec
[TwinWall] projected 7872 node(s)
Step =   2796: nodes = 41986, dt = 8.306083e-11, strain = 5.409523e-03, elapsed = 2559.6 sec
[TwinWall] projected 7865 node(s)
Step =   2797: nodes = 41982, dt = 8.306083e-11, strain = 5.410353e-03, elapsed = 2564.5 sec
[TwinWall] projected 7969 node(s)
Step =   2798: nodes = 42051, dt = 9.967300e-11, strain = 5.411350e-03, elapsed = 2569.2 sec
[TwinWall] projected 8032 node(s)
Step =   2799: nodes = 42102, dt = 1.196076e-10, strain = 5.412546e-03, elapsed = 2573.9 sec
[TwinWall] projected 7915 node(s)
Step =   2800: nodes = 42194, dt = 7.176456e-11, strain = 5.413264e-03, elapsed = 2581.2 sec
Writing configuration in legacy data format
 Output file: /data/home/dg000246b/openDIS/HomeWork/output_Cu_twin_rorient/config.2800.data
Writing restart file
 Restart file: /data/home/dg000246b/openDIS/HomeWork/output_Cu_twin_rorient/restart.2800.exadis
[TwinWall] projected 7819 node(s)
Step =   2801: nodes = 42201, dt = 7.176456e-11, strain = 5.413982e-03, elapsed = 2586.4 sec
[TwinWall] projected 7922 node(s)
Step =   2802: nodes = 42234, dt = 8.611747e-11, strain = 5.414843e-03, elapsed = 2591.2 sec
[TwinWall] projected 7983 node(s)
Step =   2803: nodes = 42326, dt = 1.033410e-10, strain = 5.415876e-03, elapsed = 2596.1 sec
[TwinWall] projected 8109 node(s)
Step =   2804: nodes = 42310, dt = 1.240092e-10, strain = 5.417116e-03, elapsed = 2601.1 sec
[TwinWall] projected 7925 node(s)
Step =   2805: nodes = 42326, dt = 7.440549e-11, strain = 5.417860e-03, elapsed = 2608.4 sec
[TwinWall] projected 7854 node(s)
Step =   2806: nodes = 42328, dt = 7.440549e-11, strain = 5.418604e-03, elapsed = 2613.3 sec
[TwinWall] projected 7912 node(s)
Step =   2807: nodes = 42370, dt = 8.928659e-11, strain = 5.419497e-03, elapsed = 2618.0 sec
[TwinWall] projected 8092 node(s)
Step =   2808: nodes = 42389, dt = 1.071439e-10, strain = 5.420569e-03, elapsed = 2623.2 sec
[TwinWall] projected 8164 node(s)
Step =   2809: nodes = 42425, dt = 1.285727e-10, strain = 5.421854e-03, elapsed = 2628.0 sec
[TwinWall] projected 8306 node(s)
Step =   2810: nodes = 42454, dt = 1.542872e-10, strain = 5.423397e-03, elapsed = 2633.0 sec
[TwinWall] projected 8111 node(s)
Step =   2811: nodes = 42428, dt = 9.257234e-11, strain = 5.424323e-03, elapsed = 2640.5 sec
[TwinWall] projected 8037 node(s)
Step =   2812: nodes = 42478, dt = 9.257234e-11, strain = 5.425249e-03, elapsed = 2645.3 sec
[TwinWall] projected 8118 node(s)
Step =   2813: nodes = 42484, dt = 1.110868e-10, strain = 5.426360e-03, elapsed = 2650.2 sec
[TwinWall] projected 8223 node(s)
Step =   2814: nodes = 42524, dt = 1.333042e-10, strain = 5.427693e-03, elapsed = 2655.4 sec
[TwinWall] projected 8102 node(s)
Step =   2815: nodes = 42483, dt = 7.998250e-11, strain = 5.428492e-03, elapsed = 2662.8 sec
[TwinWall] projected 7986 node(s)
Step =   2816: nodes = 42546, dt = 7.998250e-11, strain = 5.429292e-03, elapsed = 2667.7 sec
[TwinWall] projected 8068 node(s)
Step =   2817: nodes = 42592, dt = 9.597900e-11, strain = 5.430252e-03, elapsed = 2672.6 sec
[TwinWall] projected 8261 node(s)
Step =   2818: nodes = 42676, dt = 1.151748e-10, strain = 5.431404e-03, elapsed = 2677.5 sec
[TwinWall] projected 8092 node(s)
Step =   2819: nodes = 42668, dt = 6.910488e-11, strain = 5.432095e-03, elapsed = 2685.2 sec
[TwinWall] projected 7954 node(s)
Step =   2820: nodes = 42725, dt = 6.910488e-11, strain = 5.432786e-03, elapsed = 2690.0 sec
[TwinWall] projected 8168 node(s)
Step =   2821: nodes = 42785, dt = 8.292586e-11, strain = 5.433615e-03, elapsed = 2694.8 sec
[TwinWall] projected 8168 node(s)
Step =   2822: nodes = 42804, dt = 9.951103e-11, strain = 5.434610e-03, elapsed = 2699.7 sec
[TwinWall] projected 8274 node(s)
Step =   2823: nodes = 42867, dt = 1.194132e-10, strain = 5.435804e-03, elapsed = 2704.8 sec
[TwinWall] projected 8267 node(s)
Step =   2824: nodes = 42957, dt = 7.164794e-11, strain = 5.436521e-03, elapsed = 2712.3 sec
[TwinWall] projected 8238 node(s)
Step =   2825: nodes = 43025, dt = 7.164794e-11, strain = 5.437237e-03, elapsed = 2717.1 sec
[TwinWall] projected 8234 node(s)
Step =   2826: nodes = 43077, dt = 8.597753e-11, strain = 5.438097e-03, elapsed = 2722.1 sec
[TwinWall] projected 8347 node(s)
Step =   2827: nodes = 43125, dt = 1.031730e-10, strain = 5.439129e-03, elapsed = 2727.1 sec
[TwinWall] projected 8172 node(s)
Step =   2828: nodes = 43174, dt = 6.190382e-11, strain = 5.439748e-03, elapsed = 2734.7 sec
[TwinWall] projected 8204 node(s)
Step =   2829: nodes = 43226, dt = 6.190382e-11, strain = 5.440367e-03, elapsed = 2739.6 sec
[TwinWall] projected 8295 node(s)
Step =   2830: nodes = 43369, dt = 7.428459e-11, strain = 5.441110e-03, elapsed = 2744.7 sec
[TwinWall] projected 8440 node(s)
Step =   2831: nodes = 43482, dt = 8.914150e-11, strain = 5.442001e-03, elapsed = 2749.6 sec
[TwinWall] projected 8448 node(s)
Step =   2832: nodes = 43538, dt = 1.069698e-10, strain = 5.443071e-03, elapsed = 2754.7 sec
[TwinWall] projected 8560 node(s)
Step =   2833: nodes = 43532, dt = 1.283638e-10, strain = 5.444354e-03, elapsed = 2759.9 sec
[TwinWall] projected 8301 node(s)
Step =   2834: nodes = 43532, dt = 7.701826e-11, strain = 5.445125e-03, elapsed = 2767.6 sec
[TwinWall] projected 8381 node(s)
Step =   2835: nodes = 43615, dt = 7.701826e-11, strain = 5.445895e-03, elapsed = 2772.7 sec
[TwinWall] projected 8280 node(s)
Step =   2836: nodes = 43667, dt = 9.242191e-11, strain = 5.446819e-03, elapsed = 2777.9 sec
[TwinWall] projected 8512 node(s)
Step =   2837: nodes = 43681, dt = 1.109063e-10, strain = 5.447928e-03, elapsed = 2783.1 sec
[TwinWall] projected 8527 node(s)
Step =   2838: nodes = 43678, dt = 1.330876e-10, strain = 5.449259e-03, elapsed = 2788.2 sec
[TwinWall] projected 8469 node(s)
Step =   2839: nodes = 43749, dt = 7.985253e-11, strain = 5.450058e-03, elapsed = 2796.1 sec
[TwinWall] projected 8395 node(s)
Step =   2840: nodes = 43775, dt = 7.985253e-11, strain = 5.450856e-03, elapsed = 2801.3 sec
[TwinWall] projected 8548 node(s)
Step =   2841: nodes = 43820, dt = 9.582304e-11, strain = 5.451814e-03, elapsed = 2806.6 sec
[TwinWall] projected 8498 node(s)
Step =   2842: nodes = 43856, dt = 1.149876e-10, strain = 5.452964e-03, elapsed = 2811.8 sec
[TwinWall] projected 8484 node(s)
Step =   2843: nodes = 43917, dt = 6.899259e-11, strain = 5.453654e-03, elapsed = 2819.7 sec
[TwinWall] projected 8403 node(s)
Step =   2844: nodes = 43955, dt = 6.899259e-11, strain = 5.454344e-03, elapsed = 2824.8 sec
[TwinWall] projected 8360 node(s)
Step =   2845: nodes = 43965, dt = 8.279110e-11, strain = 5.455172e-03, elapsed = 2830.1 sec
[TwinWall] projected 8431 node(s)
Step =   2846: nodes = 44018, dt = 9.934932e-11, strain = 5.456165e-03, elapsed = 2835.4 sec
[TwinWall] projected 8264 node(s)
Step =   2847: nodes = 43972, dt = 5.960959e-11, strain = 5.456762e-03, elapsed = 2843.4 sec
[TwinWall] projected 8216 node(s)
Step =   2848: nodes = 44012, dt = 5.960959e-11, strain = 5.457358e-03, elapsed = 2848.5 sec
[TwinWall] projected 8425 node(s)
Step =   2849: nodes = 44109, dt = 7.153151e-11, strain = 5.458073e-03, elapsed = 2853.7 sec
[TwinWall] projected 8526 node(s)
Step =   2850: nodes = 44165, dt = 8.583782e-11, strain = 5.458931e-03, elapsed = 2858.8 sec
[TwinWall] projected 8601 node(s)
Step =   2851: nodes = 44190, dt = 1.030054e-10, strain = 5.459961e-03, elapsed = 2864.2 sec
[TwinWall] projected 8733 node(s)
Step =   2852: nodes = 44217, dt = 1.236065e-10, strain = 5.461197e-03, elapsed = 2869.5 sec
[TwinWall] projected 8446 node(s)
Step =   2853: nodes = 44205, dt = 7.416387e-11, strain = 5.461939e-03, elapsed = 2877.6 sec
[TwinWall] projected 8374 node(s)
Step =   2854: nodes = 44237, dt = 7.416387e-11, strain = 5.462681e-03, elapsed = 2882.8 sec
[TwinWall] projected 8603 node(s)
Step =   2855: nodes = 44224, dt = 8.899665e-11, strain = 5.463571e-03, elapsed = 2888.0 sec
[TwinWall] projected 8562 node(s)
Step =   2856: nodes = 44252, dt = 1.067960e-10, strain = 5.464639e-03, elapsed = 2893.7 sec
[TwinWall] projected 8742 node(s)
Step =   2857: nodes = 44191, dt = 1.281552e-10, strain = 5.465920e-03, elapsed = 2899.1 sec
[TwinWall] projected 8479 node(s)
Step =   2858: nodes = 44161, dt = 7.689310e-11, strain = 5.466689e-03, elapsed = 2907.1 sec
[TwinWall] projected 8489 node(s)
Step =   2859: nodes = 44154, dt = 7.689310e-11, strain = 5.467458e-03, elapsed = 2912.3 sec
[TwinWall] projected 8631 node(s)
Step =   2860: nodes = 44202, dt = 9.227172e-11, strain = 5.468381e-03, elapsed = 2917.5 sec
[TwinWall] projected 8724 node(s)
Step =   2861: nodes = 44266, dt = 1.107261e-10, strain = 5.469488e-03, elapsed = 2922.8 sec
[TwinWall] projected 8840 node(s)
Step =   2862: nodes = 44234, dt = 1.328713e-10, strain = 5.470817e-03, elapsed = 2928.0 sec
[TwinWall] projected 8948 node(s)
Step =   2863: nodes = 44310, dt = 1.594455e-10, strain = 5.472411e-03, elapsed = 2933.4 sec
[TwinWall] projected 8750 node(s)
Step =   2864: nodes = 44288, dt = 9.566732e-11, strain = 5.473368e-03, elapsed = 2941.6 sec
[TwinWall] projected 8678 node(s)
Step =   2865: nodes = 44377, dt = 9.566732e-11, strain = 5.474325e-03, elapsed = 2946.8 sec
[TwinWall] projected 8753 node(s)
Step =   2866: nodes = 44418, dt = 1.148008e-10, strain = 5.475473e-03, elapsed = 2952.2 sec
[TwinWall] projected 8847 node(s)
Step =   2867: nodes = 44386, dt = 1.377609e-10, strain = 5.476850e-03, elapsed = 2957.7 sec
[TwinWall] projected 8671 node(s)
Step =   2868: nodes = 44399, dt = 8.265657e-11, strain = 5.477677e-03, elapsed = 2965.7 sec
[TwinWall] projected 8715 node(s)
Step =   2869: nodes = 44509, dt = 8.265657e-11, strain = 5.478503e-03, elapsed = 2970.9 sec
[TwinWall] projected 8695 node(s)
Step =   2870: nodes = 44516, dt = 9.918788e-11, strain = 5.479495e-03, elapsed = 2976.3 sec
[TwinWall] projected 8989 node(s)
Step =   2871: nodes = 44584, dt = 1.190255e-10, strain = 5.480685e-03, elapsed = 2981.6 sec
[TwinWall] projected 8998 node(s)
Step =   2872: nodes = 44577, dt = 1.428305e-10, strain = 5.482114e-03, elapsed = 2987.1 sec
[TwinWall] projected 8832 node(s)
Step =   2873: nodes = 44605, dt = 8.569833e-11, strain = 5.482971e-03, elapsed = 2995.4 sec
[TwinWall] projected 8757 node(s)
Step =   2874: nodes = 44626, dt = 8.569833e-11, strain = 5.483828e-03, elapsed = 3000.7 sec
[TwinWall] projected 8868 node(s)
Step =   2875: nodes = 44610, dt = 1.028380e-10, strain = 5.484856e-03, elapsed = 3006.1 sec
[TwinWall] projected 8908 node(s)
Step =   2876: nodes = 44719, dt = 1.234056e-10, strain = 5.486090e-03, elapsed = 3011.6 sec
[TwinWall] projected 8729 node(s)
Step =   2877: nodes = 44735, dt = 7.404336e-11, strain = 5.486831e-03, elapsed = 3020.0 sec
[TwinWall] projected 8647 node(s)
Step =   2878: nodes = 44753, dt = 7.404336e-11, strain = 5.487571e-03, elapsed = 3025.3 sec
[TwinWall] projected 8772 node(s)
Step =   2879: nodes = 44798, dt = 8.885203e-11, strain = 5.488460e-03, elapsed = 3030.7 sec
[TwinWall] projected 8887 node(s)
Step =   2880: nodes = 44835, dt = 1.066224e-10, strain = 5.489526e-03, elapsed = 3036.1 sec
[TwinWall] projected 9035 node(s)
Step =   2881: nodes = 44879, dt = 1.279469e-10, strain = 5.490805e-03, elapsed = 3041.6 sec
[TwinWall] projected 9165 node(s)
Step =   2882: nodes = 44880, dt = 1.535363e-10, strain = 5.492341e-03, elapsed = 3047.3 sec
[TwinWall] projected 8946 node(s)
Step =   2883: nodes = 44834, dt = 9.212178e-11, strain = 5.493262e-03, elapsed = 3055.8 sec
[TwinWall] projected 8885 node(s)
Step =   2884: nodes = 44907, dt = 9.212178e-11, strain = 5.494183e-03, elapsed = 3061.1 sec
[TwinWall] projected 8980 node(s)
Step =   2885: nodes = 44955, dt = 1.105461e-10, strain = 5.495288e-03, elapsed = 3066.6 sec
[TwinWall] projected 9127 node(s)
Step =   2886: nodes = 44958, dt = 1.326554e-10, strain = 5.496615e-03, elapsed = 3072.0 sec
[TwinWall] projected 8958 node(s)
Step =   2887: nodes = 44995, dt = 7.959322e-11, strain = 5.497411e-03, elapsed = 3080.4 sec
[TwinWall] projected 8776 node(s)
Step =   2888: nodes = 45031, dt = 7.959322e-11, strain = 5.498207e-03, elapsed = 3085.8 sec
[TwinWall] projected 8970 node(s)
Step =   2889: nodes = 45110, dt = 9.551186e-11, strain = 5.499162e-03, elapsed = 3091.2 sec
[TwinWall] projected 9019 node(s)
Step =   2890: nodes = 45149, dt = 1.146142e-10, strain = 5.500308e-03, elapsed = 3096.7 sec
[TwinWall] projected 8795 node(s)
Step =   2891: nodes = 45164, dt = 6.876854e-11, strain = 5.500996e-03, elapsed = 3105.4 sec
[TwinWall] projected 8707 node(s)
Step =   2892: nodes = 45206, dt = 6.876854e-11, strain = 5.501684e-03, elapsed = 3110.8 sec
[TwinWall] projected 8841 node(s)
Step =   2893: nodes = 45322, dt = 8.252225e-11, strain = 5.502509e-03, elapsed = 3116.2 sec
[TwinWall] projected 8973 node(s)
Step =   2894: nodes = 45358, dt = 9.902670e-11, strain = 5.503499e-03, elapsed = 3121.8 sec
[TwinWall] projected 9079 node(s)
Step =   2895: nodes = 45328, dt = 1.188320e-10, strain = 5.504687e-03, elapsed = 3127.3 sec
[TwinWall] projected 8846 node(s)
Step =   2896: nodes = 45329, dt = 7.129922e-11, strain = 5.505400e-03, elapsed = 3135.9 sec
[TwinWall] projected 8916 node(s)
Step =   2897: nodes = 45390, dt = 7.129922e-11, strain = 5.506113e-03, elapsed = 3141.3 sec
[TwinWall] projected 8930 node(s)
Step =   2898: nodes = 45486, dt = 8.555907e-11, strain = 5.506969e-03, elapsed = 3146.8 sec
[TwinWall] projected 9005 node(s)
Step =   2899: nodes = 45519, dt = 1.026709e-10, strain = 5.507996e-03, elapsed = 3152.4 sec
[TwinWall] projected 9174 node(s)
Step =   2900: nodes = 45553, dt = 1.232051e-10, strain = 5.509228e-03, elapsed = 3158.1 sec
Writing configuration in legacy data format
 Output file: /data/home/dg000246b/openDIS/HomeWork/output_Cu_twin_rorient/config.2900.data
Writing restart file
 Restart file: /data/home/dg000246b/openDIS/HomeWork/output_Cu_twin_rorient/restart.2900.exadis
[TwinWall] projected 9124 node(s)
Step =   2901: nodes = 45611, dt = 7.392304e-11, strain = 5.509967e-03, elapsed = 3167.2 sec
[TwinWall] projected 9015 node(s)
Step =   2902: nodes = 45715, dt = 7.392304e-11, strain = 5.510706e-03, elapsed = 3172.8 sec
[TwinWall] projected 9143 node(s)
Step =   2903: nodes = 45774, dt = 8.870764e-11, strain = 5.511593e-03, elapsed = 3178.3 sec
[TwinWall] projected 9195 node(s)
Step =   2904: nodes = 45809, dt = 1.064492e-10, strain = 5.512658e-03, elapsed = 3183.9 sec
[TwinWall] projected 9167 node(s)
Step =   2905: nodes = 45885, dt = 6.386950e-11, strain = 5.513296e-03, elapsed = 3192.5 sec
[TwinWall] projected 9044 node(s)
Step =   2906: nodes = 46003, dt = 6.386950e-11, strain = 5.513935e-03, elapsed = 3198.1 sec
[TwinWall] projected 9178 node(s)
Step =   2907: nodes = 46119, dt = 7.664340e-11, strain = 5.514702e-03, elapsed = 3203.7 sec
[TwinWall] projected 9098 node(s)
Step =   2908: nodes = 46145, dt = 9.197208e-11, strain = 5.515621e-03, elapsed = 3209.5 sec
[TwinWall] projected 9324 node(s)
Step =   2909: nodes = 46237, dt = 1.103665e-10, strain = 5.516725e-03, elapsed = 3215.2 sec
[TwinWall] projected 9084 node(s)
Step =   2910: nodes = 46257, dt = 6.621990e-11, strain = 5.517387e-03, elapsed = 3224.1 sec
[TwinWall] projected 9052 node(s)
Step =   2911: nodes = 46301, dt = 6.621990e-11, strain = 5.518049e-03, elapsed = 3229.8 sec
[TwinWall] projected 9180 node(s)
Step =   2912: nodes = 46381, dt = 7.946388e-11, strain = 5.518844e-03, elapsed = 3235.5 sec
[TwinWall] projected 9137 node(s)
Step =   2913: nodes = 46431, dt = 9.535666e-11, strain = 5.519798e-03, elapsed = 3241.3 sec
[TwinWall] projected 8931 node(s)
Step =   2914: nodes = 46422, dt = 5.721399e-11, strain = 5.520370e-03, elapsed = 3250.1 sec
[TwinWall] projected 8899 node(s)
Step =   2915: nodes = 46485, dt = 5.721399e-11, strain = 5.520942e-03, elapsed = 3256.1 sec
[TwinWall] projected 8857 node(s)
Step =   2916: nodes = 46489, dt = 6.865679e-11, strain = 5.521628e-03, elapsed = 3261.8 sec
[TwinWall] projected 9164 node(s)
Step =   2917: nodes = 46564, dt = 8.238815e-11, strain = 5.522452e-03, elapsed = 3267.5 sec
[TwinWall] projected 9223 node(s)
Step =   2918: nodes = 46608, dt = 9.886578e-11, strain = 5.523441e-03, elapsed = 3273.5 sec
[TwinWall] projected 9079 node(s)
Step =   2919: nodes = 46640, dt = 5.931947e-11, strain = 5.524034e-03, elapsed = 3282.4 sec
[TwinWall] projected 8985 node(s)
Step =   2920: nodes = 46704, dt = 5.931947e-11, strain = 5.524627e-03, elapsed = 3288.3 sec
[TwinWall] projected 9047 node(s)
Step =   2921: nodes = 46747, dt = 7.118336e-11, strain = 5.525339e-03, elapsed = 3294.1 sec
[TwinWall] projected 9038 node(s)
Step =   2922: nodes = 46826, dt = 8.542004e-11, strain = 5.526193e-03, elapsed = 3299.9 sec
[TwinWall] projected 9334 node(s)
Step =   2923: nodes = 46890, dt = 1.025040e-10, strain = 5.527218e-03, elapsed = 3305.9 sec
[TwinWall] projected 9355 node(s)
Step =   2924: nodes = 46870, dt = 1.230049e-10, strain = 5.528448e-03, elapsed = 3312.0 sec
[TwinWall] projected 9156 node(s)
Step =   2925: nodes = 46945, dt = 7.380291e-11, strain = 5.529186e-03, elapsed = 3321.0 sec
[TwinWall] projected 9212 node(s)
Step =   2926: nodes = 47038, dt = 7.380291e-11, strain = 5.529924e-03, elapsed = 3326.8 sec
[TwinWall] projected 9203 node(s)
Step =   2927: nodes = 47046, dt = 8.856349e-11, strain = 5.530810e-03, elapsed = 3332.8 sec
[TwinWall] projected 9247 node(s)
Step =   2928: nodes = 47047, dt = 1.062762e-10, strain = 5.531873e-03, elapsed = 3338.7 sec
[TwinWall] projected 9414 node(s)
Step =   2929: nodes = 47032, dt = 1.275314e-10, strain = 5.533148e-03, elapsed = 3345.0 sec
[TwinWall] projected 9582 node(s)
Step =   2930: nodes = 47081, dt = 1.530377e-10, strain = 5.534679e-03, elapsed = 3351.0 sec
[TwinWall] projected 9370 node(s)
Step =   2931: nodes = 47095, dt = 9.182263e-11, strain = 5.535597e-03, elapsed = 3360.2 sec
[TwinWall] projected 9237 node(s)
Step =   2932: nodes = 47134, dt = 9.182263e-11, strain = 5.536515e-03, elapsed = 3366.1 sec
[TwinWall] projected 9345 node(s)
Step =   2933: nodes = 47080, dt = 1.101872e-10, strain = 5.537617e-03, elapsed = 3372.2 sec
[TwinWall] projected 9461 node(s)
Step =   2934: nodes = 47099, dt = 1.322246e-10, strain = 5.538939e-03, elapsed = 3378.3 sec
[TwinWall] projected 9379 node(s)
Step =   2935: nodes = 47201, dt = 7.933475e-11, strain = 5.539732e-03, elapsed = 3387.5 sec
[TwinWall] projected 9269 node(s)
Step =   2936: nodes = 47229, dt = 7.933475e-11, strain = 5.540526e-03, elapsed = 3393.4 sec
[TwinWall] projected 9379 node(s)
Step =   2937: nodes = 47302, dt = 9.520170e-11, strain = 5.541478e-03, elapsed = 3399.4 sec
[TwinWall] projected 9436 node(s)
Step =   2938: nodes = 47292, dt = 1.142420e-10, strain = 5.542620e-03, elapsed = 3405.7 sec
[TwinWall] projected 9589 node(s)
Step =   2939: nodes = 47257, dt = 1.370905e-10, strain = 5.543991e-03, elapsed = 3411.8 sec
[TwinWall] projected 9396 node(s)
Step =   2940: nodes = 47260, dt = 8.225427e-11, strain = 5.544814e-03, elapsed = 3421.1 sec
[TwinWall] projected 9350 node(s)
Step =   2941: nodes = 47379, dt = 8.225427e-11, strain = 5.545636e-03, elapsed = 3427.0 sec
[TwinWall] projected 9417 node(s)
Step =   2942: nodes = 47366, dt = 9.870513e-11, strain = 5.546623e-03, elapsed = 3433.2 sec
[TwinWall] projected 9591 node(s)
Step =   2943: nodes = 47430, dt = 1.184462e-10, strain = 5.547808e-03, elapsed = 3439.2 sec
[TwinWall] projected 9692 node(s)
Step =   2944: nodes = 47422, dt = 1.421354e-10, strain = 5.549229e-03, elapsed = 3445.4 sec
[TwinWall] projected 9508 node(s)
Step =   2945: nodes = 47405, dt = 8.528123e-11, strain = 5.550082e-03, elapsed = 3454.7 sec
[TwinWall] projected 9358 node(s)
Step =   2946: nodes = 47393, dt = 8.528123e-11, strain = 5.550935e-03, elapsed = 3460.8 sec
[TwinWall] projected 9494 node(s)
Step =   2947: nodes = 47432, dt = 1.023375e-10, strain = 5.551958e-03, elapsed = 3467.0 sec
[TwinWall] projected 9214 node(s)
Step =   2948: nodes = 47416, dt = 6.140248e-11, strain = 5.552572e-03, elapsed = 3476.4 sec
[TwinWall] projected 9179 node(s)
Step =   2949: nodes = 47530, dt = 6.140248e-11, strain = 5.553186e-03, elapsed = 3482.4 sec
[TwinWall] projected 9254 node(s)
Step =   2950: nodes = 47556, dt = 7.368298e-11, strain = 5.553923e-03, elapsed = 3488.4 sec
[TwinWall] projected 9385 node(s)
Step =   2951: nodes = 47547, dt = 8.841958e-11, strain = 5.554807e-03, elapsed = 3494.8 sec
[TwinWall] projected 9574 node(s)
Step =   2952: nodes = 47620, dt = 1.061035e-10, strain = 5.555868e-03, elapsed = 3500.8 sec
[TwinWall] projected 9659 node(s)
Step =   2953: nodes = 47628, dt = 1.273242e-10, strain = 5.557141e-03, elapsed = 3507.1 sec
[TwinWall] projected 9779 node(s)
Step =   2954: nodes = 47649, dt = 1.527890e-10, strain = 5.558669e-03, elapsed = 3513.3 sec
[TwinWall] projected 9601 node(s)
Step =   2955: nodes = 47629, dt = 9.167342e-11, strain = 5.559586e-03, elapsed = 3522.9 sec
[TwinWall] projected 9458 node(s)
Step =   2956: nodes = 47654, dt = 9.167342e-11, strain = 5.560503e-03, elapsed = 3529.1 sec
[TwinWall] projected 9638 node(s)
Step =   2957: nodes = 47751, dt = 1.100081e-10, strain = 5.561603e-03, elapsed = 3535.1 sec
[TwinWall] projected 9736 node(s)
Step =   2958: nodes = 47739, dt = 1.320097e-10, strain = 5.562923e-03, elapsed = 3541.4 sec
[TwinWall] projected 9514 node(s)
Step =   2959: nodes = 47755, dt = 7.920583e-11, strain = 5.563715e-03, elapsed = 3550.9 sec
[TwinWall] projected 9394 node(s)
Step =   2960: nodes = 47777, dt = 7.920583e-11, strain = 5.564507e-03, elapsed = 3557.1 sec
[TwinWall] projected 9532 node(s)
Step =   2961: nodes = 47824, dt = 9.504700e-11, strain = 5.565458e-03, elapsed = 3563.2 sec
[TwinWall] projected 9609 node(s)
Step =   2962: nodes = 47846, dt = 1.140564e-10, strain = 5.566598e-03, elapsed = 3569.3 sec
[TwinWall] projected 9694 node(s)
Step =   2963: nodes = 47948, dt = 1.368677e-10, strain = 5.567967e-03, elapsed = 3575.7 sec
[TwinWall] projected 9538 node(s)
Step =   2964: nodes = 47918, dt = 8.212061e-11, strain = 5.568788e-03, elapsed = 3585.3 sec
[TwinWall] projected 9498 node(s)
Step =   2965: nodes = 47933, dt = 8.212061e-11, strain = 5.569609e-03, elapsed = 3591.5 sec
[TwinWall] projected 9617 node(s)
Step =   2966: nodes = 47996, dt = 9.854473e-11, strain = 5.570595e-03, elapsed = 3597.6 sec
[TwinWall] projected 9705 node(s)
Step =   2967: nodes = 48030, dt = 1.182537e-10, strain = 5.571777e-03, elapsed = 3603.8 sec
[TwinWall] projected 9481 node(s)
Step =   2968: nodes = 48050, dt = 7.095221e-11, strain = 5.572487e-03, elapsed = 3613.3 sec
[TwinWall] projected 9407 node(s)
Step =   2969: nodes = 48105, dt = 7.095221e-11, strain = 5.573196e-03, elapsed = 3619.5 sec
[TwinWall] projected 9496 node(s)
Step =   2970: nodes = 48156, dt = 8.514265e-11, strain = 5.574048e-03, elapsed = 3625.7 sec
[TwinWall] projected 9614 node(s)
Step =   2971: nodes = 48178, dt = 1.021712e-10, strain = 5.575069e-03, elapsed = 3632.0 sec
[TwinWall] projected 9439 node(s)
Step =   2972: nodes = 48147, dt = 6.130271e-11, strain = 5.575682e-03, elapsed = 3641.5 sec
[TwinWall] projected 9348 node(s)
Step =   2973: nodes = 48219, dt = 6.130271e-11, strain = 5.576295e-03, elapsed = 3647.9 sec
[TwinWall] projected 9501 node(s)
Step =   2974: nodes = 48262, dt = 7.356325e-11, strain = 5.577031e-03, elapsed = 3654.1 sec
[TwinWall] projected 9565 node(s)
Step =   2975: nodes = 48295, dt = 8.827590e-11, strain = 5.577914e-03, elapsed = 3660.5 sec
[TwinWall] projected 9713 node(s)
Step =   2976: nodes = 48347, dt = 1.059311e-10, strain = 5.578973e-03, elapsed = 3666.7 sec
[TwinWall] projected 9873 node(s)
Step =   2977: nodes = 48261, dt = 1.271173e-10, strain = 5.580244e-03, elapsed = 3673.2 sec
[TwinWall] projected 9707 node(s)
Step =   2978: nodes = 48255, dt = 7.627037e-11, strain = 5.581007e-03, elapsed = 3682.7 sec
[TwinWall] projected 9571 node(s)
Step =   2979: nodes = 48282, dt = 7.627037e-11, strain = 5.581770e-03, elapsed = 3689.0 sec
[TwinWall] projected 9697 node(s)
Step =   2980: nodes = 48296, dt = 9.152445e-11, strain = 5.582685e-03, elapsed = 3695.3 sec
[TwinWall] projected 9837 node(s)
Step =   2981: nodes = 48306, dt = 1.098293e-10, strain = 5.583783e-03, elapsed = 3701.6 sec
[TwinWall] projected 9999 node(s)
Step =   2982: nodes = 48292, dt = 1.317952e-10, strain = 5.585101e-03, elapsed = 3708.1 sec
[TwinWall] projected 9743 node(s)
Step =   2983: nodes = 48278, dt = 7.907712e-11, strain = 5.585892e-03, elapsed = 3717.7 sec
[TwinWall] projected 9607 node(s)
Step =   2984: nodes = 48334, dt = 7.907712e-11, strain = 5.586683e-03, elapsed = 3723.9 sec
[TwinWall] projected 9777 node(s)
Step =   2985: nodes = 48387, dt = 9.489255e-11, strain = 5.587632e-03, elapsed = 3730.3 sec
[TwinWall] projected 9952 node(s)
Step =   2986: nodes = 48421, dt = 1.138711e-10, strain = 5.588770e-03, elapsed = 3736.8 sec
[TwinWall] projected 10045 node(s)
Step =   2987: nodes = 48393, dt = 1.366453e-10, strain = 5.590137e-03, elapsed = 3743.2 sec
[TwinWall] projected 9844 node(s)
Step =   2988: nodes = 48369, dt = 8.198716e-11, strain = 5.590957e-03, elapsed = 3752.8 sec
[TwinWall] projected 9859 node(s)
Step =   2989: nodes = 48496, dt = 8.198716e-11, strain = 5.591777e-03, elapsed = 3759.1 sec
[TwinWall] projected 9881 node(s)
Step =   2990: nodes = 48494, dt = 9.838459e-11, strain = 5.592760e-03, elapsed = 3765.6 sec
[TwinWall] projected 10009 node(s)
Step =   2991: nodes = 48521, dt = 1.180615e-10, strain = 5.593941e-03, elapsed = 3772.0 sec
[TwinWall] projected 10103 node(s)
Step =   2992: nodes = 48521, dt = 1.416738e-10, strain = 5.595358e-03, elapsed = 3778.4 sec
[TwinWall] projected 9878 node(s)
Step =   2993: nodes = 48527, dt = 8.500429e-11, strain = 5.596208e-03, elapsed = 3788.1 sec
[TwinWall] projected 9843 node(s)
Step =   2994: nodes = 48600, dt = 8.500429e-11, strain = 5.597058e-03, elapsed = 3794.6 sec
[TwinWall] projected 9933 node(s)
Step =   2995: nodes = 48604, dt = 1.020051e-10, strain = 5.598078e-03, elapsed = 3801.0 sec
[TwinWall] projected 10058 node(s)
Step =   2996: nodes = 48691, dt = 1.224062e-10, strain = 5.599302e-03, elapsed = 3807.3 sec
[TwinWall] projected 9832 node(s)
Step =   2997: nodes = 48687, dt = 7.344371e-11, strain = 5.600036e-03, elapsed = 3817.1 sec
[TwinWall] projected 9723 node(s)
Step =   2998: nodes = 48680, dt = 7.344371e-11, strain = 5.600771e-03, elapsed = 3823.4 sec
[TwinWall] projected 9834 node(s)
Step =   2999: nodes = 48780, dt = 8.813245e-11, strain = 5.601652e-03, elapsed = 3829.7 sec
[TwinWall] projected 9941 node(s)
Step =   3000: nodes = 48774, dt = 1.057589e-10, strain = 5.602710e-03, elapsed = 3836.1 sec
Writing configuration in legacy data format
 Output file: /data/home/dg000246b/openDIS/HomeWork/output_Cu_twin_rorient/config.3000.data
Writing restart file
 Restart file: /data/home/dg000246b/openDIS/HomeWork/output_Cu_twin_rorient/restart.3000.exadis
[TwinWall] projected 10079 node(s)
Step =   3001: nodes = 48793, dt = 1.269107e-10, strain = 5.603979e-03, elapsed = 3843.1 sec
[TwinWall] projected 9820 node(s)
Step =   3002: nodes = 48844, dt = 7.614643e-11, strain = 5.604740e-03, elapsed = 3852.9 sec
[TwinWall] projected 9750 node(s)
Step =   3003: nodes = 48833, dt = 7.614643e-11, strain = 5.605502e-03, elapsed = 3859.2 sec
[TwinWall] projected 9910 node(s)
Step =   3004: nodes = 48889, dt = 9.137572e-11, strain = 5.606416e-03, elapsed = 3865.6 sec
[TwinWall] projected 9980 node(s)
Step =   3005: nodes = 48925, dt = 1.096509e-10, strain = 5.607512e-03, elapsed = 3872.0 sec
[TwinWall] projected 9888 node(s)
Step =   3006: nodes = 48932, dt = 6.579052e-11, strain = 5.608170e-03, elapsed = 3882.0 sec
[TwinWall] projected 9689 node(s)
Step =   3007: nodes = 49002, dt = 6.579052e-11, strain = 5.608828e-03, elapsed = 3888.5 sec
[TwinWall] projected 9799 node(s)
Step =   3008: nodes = 48999, dt = 7.894862e-11, strain = 5.609617e-03, elapsed = 3894.9 sec
[TwinWall] projected 9943 node(s)
Step =   3009: nodes = 49031, dt = 9.473835e-11, strain = 5.610565e-03, elapsed = 3901.4 sec
[TwinWall] projected 10103 node(s)
Step =   3010: nodes = 49070, dt = 1.136860e-10, strain = 5.611702e-03, elapsed = 3907.8 sec
[TwinWall] projected 10237 node(s)
Step =   3011: nodes = 49074, dt = 1.364232e-10, strain = 5.613066e-03, elapsed = 3914.7 sec
[TwinWall] projected 10009 node(s)
Step =   3012: nodes = 49113, dt = 8.185393e-11, strain = 5.613884e-03, elapsed = 3924.8 sec
[TwinWall] projected 9941 node(s)
Step =   3013: nodes = 49181, dt = 8.185393e-11, strain = 5.614703e-03, elapsed = 3931.2 sec
[TwinWall] projected 10039 node(s)
Step =   3014: nodes = 49162, dt = 9.822472e-11, strain = 5.615685e-03, elapsed = 3937.8 sec
[TwinWall] projected 10154 node(s)
Step =   3015: nodes = 49260, dt = 1.178697e-10, strain = 5.616864e-03, elapsed = 3944.7 sec
[TwinWall] projected 9932 node(s)
Step =   3016: nodes = 49230, dt = 7.072180e-11, strain = 5.617571e-03, elapsed = 3954.7 sec
[TwinWall] projected 9794 node(s)
Step =   3017: nodes = 49288, dt = 7.072180e-11, strain = 5.618278e-03, elapsed = 3961.2 sec
[TwinWall] projected 9932 node(s)
Step =   3018: nodes = 49357, dt = 8.486616e-11, strain = 5.619127e-03, elapsed = 3967.6 sec
[TwinWall] projected 10081 node(s)
Step =   3019: nodes = 49349, dt = 1.018394e-10, strain = 5.620145e-03, elapsed = 3974.6 sec
[TwinWall] projected 10213 node(s)
Step =   3020: nodes = 49397, dt = 1.222073e-10, strain = 5.621367e-03, elapsed = 3981.0 sec
[TwinWall] projected 9992 node(s)
Step =   3021: nodes = 49353, dt = 7.332436e-11, strain = 5.622101e-03, elapsed = 3991.1 sec
[TwinWall] projected 9885 node(s)
Step =   3022: nodes = 49419, dt = 7.332436e-11, strain = 5.622834e-03, elapsed = 3997.7 sec
[TwinWall] projected 9958 node(s)
Step =   3023: nodes = 49414, dt = 8.798923e-11, strain = 5.623714e-03, elapsed = 4004.1 sec
[TwinWall] projected 10148 node(s)
Step =   3024: nodes = 49470, dt = 1.055871e-10, strain = 5.624770e-03, elapsed = 4010.7 sec
[TwinWall] projected 10247 node(s)
Step =   3025: nodes = 49407, dt = 1.267045e-10, strain = 5.626037e-03, elapsed = 4017.3 sec
[TwinWall] projected 10032 node(s)
Step =   3026: nodes = 49418, dt = 7.602270e-11, strain = 5.626797e-03, elapsed = 4027.3 sec
[TwinWall] projected 9899 node(s)
Step =   3027: nodes = 49474, dt = 7.602270e-11, strain = 5.627557e-03, elapsed = 4033.8 sec
[TwinWall] projected 10013 node(s)
Step =   3028: nodes = 49518, dt = 9.122724e-11, strain = 5.628469e-03, elapsed = 4040.4 sec
[TwinWall] projected 10164 node(s)
Step =   3029: nodes = 49559, dt = 1.094727e-10, strain = 5.629564e-03, elapsed = 4047.0 sec
[TwinWall] projected 10251 node(s)
Step =   3030: nodes = 49565, dt = 1.313672e-10, strain = 5.630878e-03, elapsed = 4053.6 sec
[TwinWall] projected 10080 node(s)
Step =   3031: nodes = 49565, dt = 7.882033e-11, strain = 5.631666e-03, elapsed = 4063.7 sec
[TwinWall] projected 10015 node(s)
Step =   3032: nodes = 49605, dt = 7.882033e-11, strain = 5.632454e-03, elapsed = 4070.2 sec
[TwinWall] projected 10086 node(s)
Step =   3033: nodes = 49617, dt = 9.458440e-11, strain = 5.633400e-03, elapsed = 4076.8 sec
[TwinWall] projected 10185 node(s)
Step =   3034: nodes = 49686, dt = 1.135013e-10, strain = 5.634535e-03, elapsed = 4083.3 sec
[TwinWall] projected 10060 node(s)
Step =   3035: nodes = 49748, dt = 6.810077e-11, strain = 5.635216e-03, elapsed = 4093.4 sec
[TwinWall] projected 9828 node(s)
Step =   3036: nodes = 49746, dt = 6.810077e-11, strain = 5.635897e-03, elapsed = 4099.9 sec
[TwinWall] projected 10061 node(s)
Step =   3037: nodes = 49709, dt = 8.172092e-11, strain = 5.636714e-03, elapsed = 4106.4 sec
[TwinWall] projected 10182 node(s)
Step =   3038: nodes = 49767, dt = 9.806510e-11, strain = 5.637695e-03, elapsed = 4113.0 sec
[TwinWall] projected 10388 node(s)
Step =   3039: nodes = 49913, dt = 1.176781e-10, strain = 5.638872e-03, elapsed = 4119.7 sec
[TwinWall] projected 10426 node(s)
Step =   3040: nodes = 49994, dt = 1.412137e-10, strain = 5.640284e-03, elapsed = 4126.5 sec
[TwinWall] projected 10260 node(s)
Step =   3041: nodes = 49986, dt = 8.472825e-11, strain = 5.641131e-03, elapsed = 4136.9 sec
[TwinWall] projected 10126 node(s)
Step =   3042: nodes = 49994, dt = 8.472825e-11, strain = 5.641979e-03, elapsed = 4143.4 sec
[TwinWall] projected 10332 node(s)
Step =   3043: nodes = 50153, dt = 1.016739e-10, strain = 5.642995e-03, elapsed = 4150.1 sec
[TwinWall] projected 10569 node(s)
Step =   3044: nodes = 50281, dt = 1.220087e-10, strain = 5.644215e-03, elapsed = 4156.9 sec
[TwinWall] projected 10393 node(s)
Step =   3045: nodes = 50316, dt = 7.320521e-11, strain = 5.644947e-03, elapsed = 4167.2 sec
[TwinWall] projected 10112 node(s)
Step =   3046: nodes = 50351, dt = 7.320521e-11, strain = 5.645679e-03, elapsed = 4173.9 sec
[TwinWall] projected 10187 node(s)
Step =   3047: nodes = 50335, dt = 8.784625e-11, strain = 5.646558e-03, elapsed = 4180.5 sec
[TwinWall] projected 10375 node(s)
Step =   3048: nodes = 50420, dt = 1.054155e-10, strain = 5.647612e-03, elapsed = 4187.5 sec
[TwinWall] projected 10527 node(s)
Step =   3049: nodes = 50455, dt = 1.264986e-10, strain = 5.648877e-03, elapsed = 4194.4 sec
[TwinWall] projected 10211 node(s)
Step =   3050: nodes = 50481, dt = 7.589916e-11, strain = 5.649636e-03, elapsed = 4204.8 sec
[TwinWall] projected 10256 node(s)
Step =   3051: nodes = 50558, dt = 7.589916e-11, strain = 5.650395e-03, elapsed = 4211.5 sec
[TwinWall] projected 10171 node(s)
Step =   3052: nodes = 50586, dt = 9.107899e-11, strain = 5.651306e-03, elapsed = 4218.5 sec
[TwinWall] projected 10448 node(s)
Step =   3053: nodes = 50636, dt = 1.092948e-10, strain = 5.652399e-03, elapsed = 4225.5 sec
[TwinWall] projected 10480 node(s)
Step =   3054: nodes = 50671, dt = 1.311537e-10, strain = 5.653710e-03, elapsed = 4232.4 sec
[TwinWall] projected 10484 node(s)
Step =   3055: nodes = 50723, dt = 7.869225e-11, strain = 5.654497e-03, elapsed = 4243.0 sec
[TwinWall] projected 10241 node(s)
Step =   3056: nodes = 50763, dt = 7.869225e-11, strain = 5.655284e-03, elapsed = 4249.8 sec
[TwinWall] projected 10455 node(s)
Step =   3057: nodes = 50847, dt = 9.443070e-11, strain = 5.656228e-03, elapsed = 4256.7 sec
[TwinWall] projected 10474 node(s)
Step =   3058: nodes = 50874, dt = 1.133168e-10, strain = 5.657362e-03, elapsed = 4263.6 sec
[TwinWall] projected 10609 node(s)
Step =   3059: nodes = 50947, dt = 1.359802e-10, strain = 5.658721e-03, elapsed = 4270.7 sec
[TwinWall] projected 10352 node(s)
Step =   3060: nodes = 50951, dt = 8.158812e-11, strain = 5.659537e-03, elapsed = 4281.4 sec
[TwinWall] projected 10409 node(s)
Step =   3061: nodes = 51075, dt = 8.158812e-11, strain = 5.660353e-03, elapsed = 4288.2 sec
[TwinWall] projected 10434 node(s)
Step =   3062: nodes = 51129, dt = 9.790575e-11, strain = 5.661332e-03, elapsed = 4295.2 sec
[TwinWall] projected 10692 node(s)
Step =   3063: nodes = 51229, dt = 1.174869e-10, strain = 5.662507e-03, elapsed = 4302.2 sec
[TwinWall] projected 10439 node(s)
Step =   3064: nodes = 51254, dt = 7.049214e-11, strain = 5.663212e-03, elapsed = 4313.2 sec
[TwinWall] projected 10227 node(s)
Step =   3065: nodes = 51274, dt = 7.049214e-11, strain = 5.663917e-03, elapsed = 4320.2 sec
[TwinWall] projected 10574 node(s)
Step =   3066: nodes = 51348, dt = 8.459057e-11, strain = 5.664763e-03, elapsed = 4327.1 sec
[TwinWall] projected 10467 node(s)
Step =   3067: nodes = 51404, dt = 1.015087e-10, strain = 5.665778e-03, elapsed = 4334.2 sec
[TwinWall] projected 10740 node(s)
Step =   3068: nodes = 51469, dt = 1.218104e-10, strain = 5.666996e-03, elapsed = 4341.3 sec
[TwinWall] projected 10751 node(s)
Step =   3069: nodes = 51441, dt = 1.461725e-10, strain = 5.668458e-03, elapsed = 4348.5 sec
[TwinWall] projected 10760 node(s)
Step =   3070: nodes = 51520, dt = 8.770350e-11, strain = 5.669335e-03, elapsed = 4359.4 sec
[TwinWall] projected 10624 node(s)
Step =   3071: nodes = 51580, dt = 8.770350e-11, strain = 5.670212e-03, elapsed = 4366.6 sec
[TwinWall] projected 10716 node(s)
Step =   3072: nodes = 51670, dt = 1.052442e-10, strain = 5.671264e-03, elapsed = 4373.8 sec
[TwinWall] projected 10823 node(s)
Step =   3073: nodes = 51658, dt = 1.262930e-10, strain = 5.672527e-03, elapsed = 4381.0 sec
[TwinWall] projected 10528 node(s)
Step =   3074: nodes = 51626, dt = 7.577582e-11, strain = 5.673285e-03, elapsed = 4392.0 sec
[TwinWall] projected 10367 node(s)
Step =   3075: nodes = 51661, dt = 7.577582e-11, strain = 5.674043e-03, elapsed = 4399.2 sec
[TwinWall] projected 10560 node(s)
Step =   3076: nodes = 51684, dt = 9.093099e-11, strain = 5.674952e-03, elapsed = 4406.4 sec
[TwinWall] projected 10609 node(s)
Step =   3077: nodes = 51747, dt = 1.091172e-10, strain = 5.676043e-03, elapsed = 4413.6 sec
[TwinWall] projected 10800 node(s)
Step =   3078: nodes = 51787, dt = 1.309406e-10, strain = 5.677353e-03, elapsed = 4420.9 sec
[TwinWall] projected 10574 node(s)
Step =   3079: nodes = 51851, dt = 7.856437e-11, strain = 5.678138e-03, elapsed = 4432.1 sec
[TwinWall] projected 10476 node(s)
Step =   3080: nodes = 51860, dt = 7.856437e-11, strain = 5.678924e-03, elapsed = 4439.3 sec
[TwinWall] projected 10560 node(s)
Step =   3081: nodes = 51870, dt = 9.427725e-11, strain = 5.679867e-03, elapsed = 4446.6 sec
[TwinWall] projected 10803 node(s)
Step =   3082: nodes = 51902, dt = 1.131327e-10, strain = 5.680998e-03, elapsed = 4453.8 sec
[TwinWall] projected 10961 node(s)
Step =   3083: nodes = 51956, dt = 1.357592e-10, strain = 5.682356e-03, elapsed = 4461.2 sec
[TwinWall] projected 10766 node(s)
Step =   3084: nodes = 52029, dt = 8.145554e-11, strain = 5.683170e-03, elapsed = 4472.4 sec
[TwinWall] projected 10512 node(s)
Step =   3085: nodes = 52069, dt = 8.145554e-11, strain = 5.683985e-03, elapsed = 4479.7 sec
[TwinWall] projected 10641 node(s)
Step =   3086: nodes = 52048, dt = 9.774665e-11, strain = 5.684962e-03, elapsed = 4487.2 sec
[TwinWall] projected 10780 node(s)
Step =   3087: nodes = 52086, dt = 1.172960e-10, strain = 5.686135e-03, elapsed = 4494.5 sec
[TwinWall] projected 10791 node(s)
Step =   3088: nodes = 52139, dt = 7.037759e-11, strain = 5.686839e-03, elapsed = 4505.7 sec
[TwinWall] projected 10549 node(s)
Step =   3089: nodes = 52233, dt = 7.037759e-11, strain = 5.687543e-03, elapsed = 4513.0 sec
[TwinWall] projected 10654 node(s)
Step =   3090: nodes = 52279, dt = 8.445311e-11, strain = 5.688387e-03, elapsed = 4520.3 sec
[TwinWall] projected 10848 node(s)
Step =   3091: nodes = 52302, dt = 1.013437e-10, strain = 5.689401e-03, elapsed = 4527.7 sec
[TwinWall] projected 10573 node(s)
Step =   3092: nodes = 52311, dt = 6.080624e-11, strain = 5.690009e-03, elapsed = 4539.0 sec
[TwinWall] projected 10378 node(s)
Step =   3093: nodes = 52342, dt = 6.080624e-11, strain = 5.690617e-03, elapsed = 4546.5 sec
[TwinWall] projected 10690 node(s)
Step =   3094: nodes = 52426, dt = 7.296748e-11, strain = 5.691346e-03, elapsed = 4553.8 sec
[TwinWall] projected 10668 node(s)
Step =   3095: nodes = 52470, dt = 8.756098e-11, strain = 5.692222e-03, elapsed = 4561.2 sec
[TwinWall] projected 10825 node(s)
Step =   3096: nodes = 52468, dt = 1.050732e-10, strain = 5.693273e-03, elapsed = 4568.7 sec
[TwinWall] projected 10941 node(s)
Step =   3097: nodes = 52561, dt = 1.260878e-10, strain = 5.694534e-03, elapsed = 4576.4 sec
[TwinWall] projected 10775 node(s)
Step =   3098: nodes = 52581, dt = 7.565269e-11, strain = 5.695290e-03, elapsed = 4587.9 sec
[TwinWall] projected 10578 node(s)
Step =   3099: nodes = 52592, dt = 7.565269e-11, strain = 5.696047e-03, elapsed = 4595.2 sec
[TwinWall] projected 10795 node(s)
Step =   3100: nodes = 52633, dt = 9.078322e-11, strain = 5.696955e-03, elapsed = 4602.7 sec
Writing configuration in legacy data format
 Output file: /data/home/dg000246b/openDIS/HomeWork/output_Cu_twin_rorient/config.3100.data
Writing restart file
 Restart file: /data/home/dg000246b/openDIS/HomeWork/output_Cu_twin_rorient/restart.3100.exadis
[TwinWall] projected 10888 node(s)
Step =   3101: nodes = 52615, dt = 1.089399e-10, strain = 5.698044e-03, elapsed = 4610.8 sec
[TwinWall] projected 11118 node(s)
Step =   3102: nodes = 52629, dt = 1.307278e-10, strain = 5.699351e-03, elapsed = 4618.4 sec
[TwinWall] projected 10858 node(s)
Step =   3103: nodes = 52606, dt = 7.843671e-11, strain = 5.700136e-03, elapsed = 4629.8 sec
[TwinWall] projected 10884 node(s)
Step =   3104: nodes = 52697, dt = 7.843671e-11, strain = 5.700920e-03, elapsed = 4637.5 sec
[TwinWall] projected 10795 node(s)
Step =   3105: nodes = 52782, dt = 9.412405e-11, strain = 5.701861e-03, elapsed = 4645.1 sec
[TwinWall] projected 10734 node(s)
Step =   3106: nodes = 52717, dt = 5.647443e-11, strain = 5.702426e-03, elapsed = 4656.7 sec
[TwinWall] projected 10447 node(s)
Step =   3107: nodes = 52747, dt = 5.647443e-11, strain = 5.702991e-03, elapsed = 4664.2 sec
[TwinWall] projected 10616 node(s)
Step =   3108: nodes = 52755, dt = 6.776931e-11, strain = 5.703668e-03, elapsed = 4671.7 sec
[TwinWall] projected 10694 node(s)
Step =   3109: nodes = 52819, dt = 8.132318e-11, strain = 5.704482e-03, elapsed = 4679.1 sec
[TwinWall] projected 10838 node(s)
Step =   3110: nodes = 52831, dt = 9.758781e-11, strain = 5.705458e-03, elapsed = 4686.8 sec
[TwinWall] projected 10954 node(s)
Step =   3111: nodes = 52866, dt = 1.171054e-10, strain = 5.706629e-03, elapsed = 4694.3 sec
[TwinWall] projected 10753 node(s)
Step =   3112: nodes = 52880, dt = 7.026322e-11, strain = 5.707331e-03, elapsed = 4706.1 sec
[TwinWall] projected 10600 node(s)
Step =   3113: nodes = 52918, dt = 7.026322e-11, strain = 5.708034e-03, elapsed = 4713.6 sec
[TwinWall] projected 10723 node(s)
Step =   3114: nodes = 52956, dt = 8.431587e-11, strain = 5.708877e-03, elapsed = 4721.1 sec
[TwinWall] projected 11021 node(s)
Step =   3115: nodes = 52933, dt = 1.011790e-10, strain = 5.709889e-03, elapsed = 4728.8 sec
[TwinWall] projected 10657 node(s)
Step =   3116: nodes = 52910, dt = 6.070743e-11, strain = 5.710496e-03, elapsed = 4740.4 sec
[TwinWall] projected 10629 node(s)
Step =   3117: nodes = 52985, dt = 6.070743e-11, strain = 5.711103e-03, elapsed = 4747.9 sec
[TwinWall] projected 10818 node(s)
Step =   3118: nodes = 53048, dt = 7.284891e-11, strain = 5.711831e-03, elapsed = 4755.7 sec
[TwinWall] projected 10940 node(s)
Step =   3119: nodes = 53127, dt = 8.741869e-11, strain = 5.712706e-03, elapsed = 4763.2 sec
[TwinWall] projected 11029 node(s)
Step =   3120: nodes = 53124, dt = 1.049024e-10, strain = 5.713755e-03, elapsed = 4771.0 sec
[TwinWall] projected 10778 node(s)
Step =   3121: nodes = 53150, dt = 6.294146e-11, strain = 5.714384e-03, elapsed = 4782.7 sec
[TwinWall] projected 10807 node(s)
Step =   3122: nodes = 53169, dt = 6.294146e-11, strain = 5.715013e-03, elapsed = 4790.4 sec
[TwinWall] projected 10976 node(s)
Step =   3123: nodes = 53244, dt = 7.552975e-11, strain = 5.715769e-03, elapsed = 4798.0 sec
[TwinWall] projected 10933 node(s)
Step =   3124: nodes = 53308, dt = 9.063570e-11, strain = 5.716675e-03, elapsed = 4805.7 sec
[TwinWall] projected 11104 node(s)
Step =   3125: nodes = 53270, dt = 1.087628e-10, strain = 5.717763e-03, elapsed = 4813.6 sec
[TwinWall] projected 10887 node(s)
Step =   3126: nodes = 53247, dt = 6.525771e-11, strain = 5.718415e-03, elapsed = 4825.4 sec
[TwinWall] projected 10923 node(s)
Step =   3127: nodes = 53372, dt = 6.525771e-11, strain = 5.719068e-03, elapsed = 4832.9 sec
[TwinWall] projected 11092 node(s)
Step =   3128: nodes = 53429, dt = 7.830925e-11, strain = 5.719851e-03, elapsed = 4840.5 sec
[TwinWall] projected 11130 node(s)
Step =   3129: nodes = 53482, dt = 9.397110e-11, strain = 5.720791e-03, elapsed = 4848.4 sec
[TwinWall] projected 10754 node(s)
Step =   3130: nodes = 53449, dt = 5.638266e-11, strain = 5.721355e-03, elapsed = 4860.2 sec
[TwinWall] projected 10666 node(s)
Step =   3131: nodes = 53508, dt = 5.638266e-11, strain = 5.721918e-03, elapsed = 4867.9 sec
[TwinWall] projected 10794 node(s)
Step =   3132: nodes = 53529, dt = 6.765919e-11, strain = 5.722595e-03, elapsed = 4875.9 sec
[TwinWall] projected 10970 node(s)
Step =   3133: nodes = 53597, dt = 8.119103e-11, strain = 5.723407e-03, elapsed = 4883.6 sec
[TwinWall] projected 11167 node(s)
Step =   3134: nodes = 53658, dt = 9.742923e-11, strain = 5.724381e-03, elapsed = 4891.4 sec
[TwinWall] projected 11225 node(s)
Step =   3135: nodes = 53691, dt = 1.169151e-10, strain = 5.725550e-03, elapsed = 4899.1 sec
[TwinWall] projected 11252 node(s)
Step =   3136: nodes = 53679, dt = 7.014905e-11, strain = 5.726252e-03, elapsed = 4911.2 sec
[TwinWall] projected 11004 node(s)
Step =   3137: nodes = 53709, dt = 7.014905e-11, strain = 5.726953e-03, elapsed = 4919.0 sec
[TwinWall] projected 11033 node(s)
Step =   3138: nodes = 53681, dt = 8.417886e-11, strain = 5.727795e-03, elapsed = 4926.7 sec
[TwinWall] projected 11253 node(s)
Step =   3139: nodes = 53769, dt = 1.010146e-10, strain = 5.728805e-03, elapsed = 4934.6 sec
[TwinWall] projected 10928 node(s)
Step =   3140: nodes = 53718, dt = 6.060878e-11, strain = 5.729411e-03, elapsed = 4946.6 sec
[TwinWall] projected 10904 node(s)
Step =   3141: nodes = 53811, dt = 6.060878e-11, strain = 5.730017e-03, elapsed = 4954.6 sec
[TwinWall] projected 11072 node(s)
Step =   3142: nodes = 53804, dt = 7.273053e-11, strain = 5.730745e-03, elapsed = 4962.4 sec
[TwinWall] projected 11168 node(s)
Step =   3143: nodes = 53850, dt = 8.727664e-11, strain = 5.731617e-03, elapsed = 4970.3 sec
[TwinWall] projected 11364 node(s)
Step =   3144: nodes = 53849, dt = 1.047320e-10, strain = 5.732665e-03, elapsed = 4978.3 sec
[TwinWall] projected 11445 node(s)
Step =   3145: nodes = 53853, dt = 1.256784e-10, strain = 5.733922e-03, elapsed = 4986.3 sec
[TwinWall] projected 11242 node(s)
Step =   3146: nodes = 53853, dt = 7.540702e-11, strain = 5.734676e-03, elapsed = 4998.5 sec
[TwinWall] projected 11043 node(s)
Step =   3147: nodes = 53865, dt = 7.540702e-11, strain = 5.735430e-03, elapsed = 5006.4 sec
[TwinWall] projected 11185 node(s)
Step =   3148: nodes = 53875, dt = 9.048842e-11, strain = 5.736335e-03, elapsed = 5014.4 sec
[TwinWall] projected 11355 node(s)
Step =   3149: nodes = 53892, dt = 1.085861e-10, strain = 5.737420e-03, elapsed = 5022.3 sec
[TwinWall] projected 11455 node(s)
Step =   3150: nodes = 53868, dt = 1.303033e-10, strain = 5.738723e-03, elapsed = 5030.5 sec
[TwinWall] projected 11152 node(s)
Step =   3151: nodes = 53869, dt = 7.818199e-11, strain = 5.739505e-03, elapsed = 5042.6 sec
[TwinWall] projected 11054 node(s)
Step =   3152: nodes = 53883, dt = 7.818199e-11, strain = 5.740287e-03, elapsed = 5050.6 sec
[TwinWall] projected 11123 node(s)
Step =   3153: nodes = 53919, dt = 9.381839e-11, strain = 5.741225e-03, elapsed = 5058.6 sec
[TwinWall] projected 11329 node(s)
Step =   3154: nodes = 53860, dt = 1.125821e-10, strain = 5.742351e-03, elapsed = 5066.6 sec
[TwinWall] projected 11092 node(s)
Step =   3155: nodes = 53862, dt = 6.754924e-11, strain = 5.743027e-03, elapsed = 5078.7 sec
[TwinWall] projected 10947 node(s)
Step =   3156: nodes = 53888, dt = 6.754924e-11, strain = 5.743702e-03, elapsed = 5086.8 sec
[TwinWall] projected 11072 node(s)
Step =   3157: nodes = 53907, dt = 8.105909e-11, strain = 5.744513e-03, elapsed = 5094.8 sec
[TwinWall] projected 11188 node(s)
Step =   3158: nodes = 53928, dt = 9.727091e-11, strain = 5.745485e-03, elapsed = 5102.7 sec
[TwinWall] projected 11370 node(s)
Step =   3159: nodes = 53958, dt = 1.167251e-10, strain = 5.746653e-03, elapsed = 5110.7 sec
[TwinWall] projected 11217 node(s)
Step =   3160: nodes = 53907, dt = 7.003505e-11, strain = 5.747353e-03, elapsed = 5123.0 sec
[TwinWall] projected 11038 node(s)
Step =   3161: nodes = 53943, dt = 7.003505e-11, strain = 5.748053e-03, elapsed = 5130.9 sec
[TwinWall] projected 11126 node(s)
Step =   3162: nodes = 53977, dt = 8.404207e-11, strain = 5.748894e-03, elapsed = 5138.7 sec
[TwinWall] projected 11283 node(s)
Step =   3163: nodes = 53920, dt = 1.008505e-10, strain = 5.749902e-03, elapsed = 5146.9 sec
[TwinWall] projected 11416 node(s)
Step =   3164: nodes = 53925, dt = 1.210206e-10, strain = 5.751112e-03, elapsed = 5154.8 sec
[TwinWall] projected 11641 node(s)
Step =   3165: nodes = 53875, dt = 1.452247e-10, strain = 5.752565e-03, elapsed = 5162.9 sec
[TwinWall] projected 11372 node(s)
Step =   3166: nodes = 53825, dt = 8.713481e-11, strain = 5.753436e-03, elapsed = 5175.1 sec
[TwinWall] projected 11282 node(s)
Step =   3167: nodes = 53850, dt = 8.713481e-11, strain = 5.754307e-03, elapsed = 5183.2 sec
[TwinWall] projected 11391 node(s)
Step =   3168: nodes = 53861, dt = 1.045618e-10, strain = 5.755353e-03, elapsed = 5191.2 sec
[TwinWall] projected 11591 node(s)
Step =   3169: nodes = 53888, dt = 1.254741e-10, strain = 5.756608e-03, elapsed = 5199.1 sec
[TwinWall] projected 11913 node(s)
Step =   3170: nodes = 53971, dt = 1.505690e-10, strain = 5.758113e-03, elapsed = 5207.1 sec
[TwinWall] projected 11573 node(s)
Step =   3171: nodes = 53936, dt = 9.034137e-11, strain = 5.759017e-03, elapsed = 5219.3 sec
[TwinWall] projected 11464 node(s)
Step =   3172: nodes = 53983, dt = 9.034137e-11, strain = 5.759920e-03, elapsed = 5227.1 sec
[TwinWall] projected 11660 node(s)
Step =   3173: nodes = 54072, dt = 1.084096e-10, strain = 5.761004e-03, elapsed = 5235.1 sec
[TwinWall] projected 11715 node(s)
Step =   3174: nodes = 54087, dt = 1.300916e-10, strain = 5.762305e-03, elapsed = 5243.1 sec
[TwinWall] projected 11477 node(s)
Step =   3175: nodes = 54094, dt = 7.805495e-11, strain = 5.763086e-03, elapsed = 5255.1 sec
[TwinWall] projected 11258 node(s)
Step =   3176: nodes = 54148, dt = 7.805495e-11, strain = 5.763866e-03, elapsed = 5263.1 sec
[TwinWall] projected 11419 node(s)
Step =   3177: nodes = 54197, dt = 9.366594e-11, strain = 5.764803e-03, elapsed = 5271.2 sec
[TwinWall] projected 11631 node(s)
Step =   3178: nodes = 54324, dt = 1.123991e-10, strain = 5.765927e-03, elapsed = 5279.3 sec
[TwinWall] projected 11721 node(s)
Step =   3179: nodes = 54271, dt = 1.348789e-10, strain = 5.767276e-03, elapsed = 5287.4 sec
[TwinWall] projected 11559 node(s)
Step =   3180: nodes = 54250, dt = 8.092737e-11, strain = 5.768085e-03, elapsed = 5299.7 sec
[TwinWall] projected 11611 node(s)
Step =   3181: nodes = 54350, dt = 8.092737e-11, strain = 5.768894e-03, elapsed = 5307.5 sec
[TwinWall] projected 11610 node(s)
Step =   3182: nodes = 54379, dt = 9.711284e-11, strain = 5.769866e-03, elapsed = 5315.5 sec
[TwinWall] projected 11379 node(s)
Step =   3183: nodes = 54431, dt = 5.826771e-11, strain = 5.770448e-03, elapsed = 5327.9 sec
[TwinWall] projected 11273 node(s)
Step =   3184: nodes = 54493, dt = 5.826771e-11, strain = 5.771031e-03, elapsed = 5336.0 sec
[TwinWall] projected 11316 node(s)
Step =   3185: nodes = 54582, dt = 6.992125e-11, strain = 5.771730e-03, elapsed = 5343.9 sec
[TwinWall] projected 11602 node(s)
Step =   3186: nodes = 54715, dt = 8.390550e-11, strain = 5.772569e-03, elapsed = 5351.8 sec
[TwinWall] projected 11746 node(s)
Step =   3187: nodes = 54781, dt = 1.006866e-10, strain = 5.773576e-03, elapsed = 5360.1 sec
[TwinWall] projected 11587 node(s)
Step =   3188: nodes = 54804, dt = 6.041196e-11, strain = 5.774180e-03, elapsed = 5372.5 sec
[TwinWall] projected 11342 node(s)
Step =   3189: nodes = 54869, dt = 6.041196e-11, strain = 5.774784e-03, elapsed = 5380.6 sec
[TwinWall] projected 11619 node(s)
Step =   3190: nodes = 54937, dt = 7.249435e-11, strain = 5.775509e-03, elapsed = 5388.9 sec
[TwinWall] projected 11593 node(s)
Step =   3191: nodes = 54961, dt = 8.699322e-11, strain = 5.776379e-03, elapsed = 5397.0 sec
[TwinWall] projected 11685 node(s)
Step =   3192: nodes = 54982, dt = 1.043919e-10, strain = 5.777423e-03, elapsed = 5405.3 sec
[TwinWall] projected 11875 node(s)
Step =   3193: nodes = 54983, dt = 1.252702e-10, strain = 5.778676e-03, elapsed = 5413.5 sec
[TwinWall] projected 11680 node(s)
Step =   3194: nodes = 55013, dt = 7.516214e-11, strain = 5.779427e-03, elapsed = 5426.1 sec
[TwinWall] projected 11454 node(s)
Step =   3195: nodes = 55014, dt = 7.516214e-11, strain = 5.780179e-03, elapsed = 5434.2 sec
[TwinWall] projected 11624 node(s)
Step =   3196: nodes = 55019, dt = 9.019457e-11, strain = 5.781081e-03, elapsed = 5442.5 sec
[TwinWall] projected 11858 node(s)
Step =   3197: nodes = 55131, dt = 1.082335e-10, strain = 5.782163e-03, elapsed = 5450.8 sec
[TwinWall] projected 11654 node(s)
Step =   3198: nodes = 55122, dt = 6.494009e-11, strain = 5.782813e-03, elapsed = 5463.5 sec
[TwinWall] projected 11345 node(s)
Step =   3199: nodes = 55144, dt = 6.494009e-11, strain = 5.783462e-03, elapsed = 5471.6 sec
[TwinWall] projected 11582 node(s)
Step =   3200: nodes = 55184, dt = 7.792811e-11, strain = 5.784241e-03, elapsed = 5479.8 sec
Writing configuration in legacy data format
 Output file: /data/home/dg000246b/openDIS/HomeWork/output_Cu_twin_rorient/config.3200.data
Writing restart file
 Restart file: /data/home/dg000246b/openDIS/HomeWork/output_Cu_twin_rorient/restart.3200.exadis
[TwinWall] projected 11693 node(s)
Step =   3201: nodes = 55193, dt = 9.351373e-11, strain = 5.785176e-03, elapsed = 5488.8 sec
[TwinWall] projected 11882 node(s)
Step =   3202: nodes = 55295, dt = 1.122165e-10, strain = 5.786299e-03, elapsed = 5497.0 sec
[TwinWall] projected 11730 node(s)
Step =   3203: nodes = 55247, dt = 6.732989e-11, strain = 5.786972e-03, elapsed = 5509.9 sec
[TwinWall] projected 11416 node(s)
Step =   3204: nodes = 55276, dt = 6.732989e-11, strain = 5.787645e-03, elapsed = 5518.2 sec
[TwinWall] projected 11681 node(s)
Step =   3205: nodes = 55343, dt = 8.079586e-11, strain = 5.788453e-03, elapsed = 5526.3 sec
[TwinWall] projected 11758 node(s)
Step =   3206: nodes = 55332, dt = 9.695503e-11, strain = 5.789423e-03, elapsed = 5534.7 sec
[TwinWall] projected 12021 node(s)
Step =   3207: nodes = 55376, dt = 1.163460e-10, strain = 5.790586e-03, elapsed = 5543.0 sec
[TwinWall] projected 12073 node(s)
Step =   3208: nodes = 55285, dt = 1.396153e-10, strain = 5.791982e-03, elapsed = 5551.4 sec
[TwinWall] projected 11791 node(s)
Step =   3209: nodes = 55239, dt = 8.376915e-11, strain = 5.792820e-03, elapsed = 5564.3 sec
[TwinWall] projected 11601 node(s)
Step =   3210: nodes = 55278, dt = 8.376915e-11, strain = 5.793658e-03, elapsed = 5572.6 sec
[TwinWall] projected 11850 node(s)
Step =   3211: nodes = 55336, dt = 1.005230e-10, strain = 5.794663e-03, elapsed = 5580.9 sec
[TwinWall] projected 11609 node(s)
Step =   3212: nodes = 55393, dt = 6.031379e-11, strain = 5.795266e-03, elapsed = 5593.6 sec
[TwinWall] projected 11483 node(s)
Step =   3213: nodes = 55395, dt = 6.031379e-11, strain = 5.795869e-03, elapsed = 5601.8 sec
[TwinWall] projected 11631 node(s)
Step =   3214: nodes = 55495, dt = 7.237655e-11, strain = 5.796593e-03, elapsed = 5610.2 sec
[TwinWall] projected 11803 node(s)
Step =   3215: nodes = 55542, dt = 8.685185e-11, strain = 5.797462e-03, elapsed = 5618.6 sec
[TwinWall] projected 11856 node(s)
Step =   3216: nodes = 55551, dt = 1.042222e-10, strain = 5.798504e-03, elapsed = 5627.2 sec
[TwinWall] projected 12073 node(s)
Step =   3217: nodes = 55509, dt = 1.250667e-10, strain = 5.799754e-03, elapsed = 5635.7 sec
[TwinWall] projected 11845 node(s)
Step =   3218: nodes = 55552, dt = 7.504000e-11, strain = 5.800505e-03, elapsed = 5648.6 sec
[TwinWall] projected 11793 node(s)
Step =   3219: nodes = 55641, dt = 7.504000e-11, strain = 5.801255e-03, elapsed = 5657.1 sec
[TwinWall] projected 11899 node(s)
Step =   3220: nodes = 55690, dt = 9.004800e-11, strain = 5.802156e-03, elapsed = 5665.6 sec
[TwinWall] projected 12166 node(s)
Step =   3221: nodes = 55789, dt = 1.080576e-10, strain = 5.803236e-03, elapsed = 5674.0 sec
[TwinWall] projected 11890 node(s)
Step =   3222: nodes = 55760, dt = 6.483456e-11, strain = 5.803885e-03, elapsed = 5687.2 sec
[TwinWall] projected 11570 node(s)
Step =   3223: nodes = 55748, dt = 6.483456e-11, strain = 5.804533e-03, elapsed = 5695.7 sec
[TwinWall] projected 11856 node(s)
Step =   3224: nodes = 55829, dt = 7.780147e-11, strain = 5.805311e-03, elapsed = 5704.0 sec
[TwinWall] projected 11993 node(s)
Step =   3225: nodes = 55877, dt = 9.336177e-11, strain = 5.806245e-03, elapsed = 5712.6 sec
[TwinWall] projected 12189 node(s)
Step =   3226: nodes = 55914, dt = 1.120341e-10, strain = 5.807365e-03, elapsed = 5721.2 sec
[TwinWall] projected 11966 node(s)
Step =   3227: nodes = 55901, dt = 6.722047e-11, strain = 5.808037e-03, elapsed = 5734.5 sec
[TwinWall] projected 11901 node(s)
Step =   3228: nodes = 55959, dt = 6.722047e-11, strain = 5.808709e-03, elapsed = 5742.9 sec
[TwinWall] projected 12135 node(s)
Step =   3229: nodes = 56025, dt = 8.066457e-11, strain = 5.809516e-03, elapsed = 5751.5 sec
[TwinWall] projected 12197 node(s)
Step =   3230: nodes = 56104, dt = 9.679748e-11, strain = 5.810484e-03, elapsed = 5760.0 sec
[TwinWall] projected 12347 node(s)
Step =   3231: nodes = 56183, dt = 1.161570e-10, strain = 5.811646e-03, elapsed = 5768.6 sec
[TwinWall] projected 12510 node(s)
Step =   3232: nodes = 56179, dt = 1.393884e-10, strain = 5.813039e-03, elapsed = 5777.5 sec
[TwinWall] projected 12460 node(s)
Step =   3233: nodes = 56298, dt = 8.363303e-11, strain = 5.813876e-03, elapsed = 5790.6 sec
[TwinWall] projected 12039 node(s)
Step =   3234: nodes = 56300, dt = 8.363303e-11, strain = 5.814712e-03, elapsed = 5799.3 sec
[TwinWall] projected 12249 node(s)
Step =   3235: nodes = 56342, dt = 1.003596e-10, strain = 5.815716e-03, elapsed = 5808.1 sec
[TwinWall] projected 12292 node(s)
Step =   3236: nodes = 56304, dt = 1.204316e-10, strain = 5.816920e-03, elapsed = 5816.9 sec
[TwinWall] projected 12236 node(s)
Step =   3237: nodes = 56262, dt = 7.225893e-11, strain = 5.817643e-03, elapsed = 5830.0 sec
[TwinWall] projected 11964 node(s)
Step =   3238: nodes = 56354, dt = 7.225893e-11, strain = 5.818365e-03, elapsed = 5838.7 sec
[TwinWall] projected 12035 node(s)
Step =   3239: nodes = 56262, dt = 8.671072e-11, strain = 5.819232e-03, elapsed = 5847.3 sec
[TwinWall] projected 12097 node(s)
Step =   3240: nodes = 56287, dt = 1.040529e-10, strain = 5.820273e-03, elapsed = 5856.1 sec
[TwinWall] projected 12063 node(s)
Step =   3241: nodes = 56289, dt = 6.243172e-11, strain = 5.820897e-03, elapsed = 5869.5 sec
[TwinWall] projected 11810 node(s)
Step =   3242: nodes = 56206, dt = 6.243172e-11, strain = 5.821521e-03, elapsed = 5878.1 sec
[TwinWall] projected 11981 node(s)
Step =   3243: nodes = 56204, dt = 7.491806e-11, strain = 5.822271e-03, elapsed = 5886.8 sec
[TwinWall] projected 12118 node(s)
Step =   3244: nodes = 56310, dt = 8.990167e-11, strain = 5.823170e-03, elapsed = 5895.3 sec
[TwinWall] projected 12228 node(s)
Step =   3245: nodes = 56269, dt = 1.078820e-10, strain = 5.824248e-03, elapsed = 5904.0 sec
[TwinWall] projected 12401 node(s)
Step =   3246: nodes = 56302, dt = 1.294584e-10, strain = 5.825543e-03, elapsed = 5912.7 sec
[TwinWall] projected 12178 node(s)
Step =   3247: nodes = 56269, dt = 7.767505e-11, strain = 5.826320e-03, elapsed = 5925.9 sec
[TwinWall] projected 11952 node(s)
Step =   3248: nodes = 56297, dt = 7.767505e-11, strain = 5.827097e-03, elapsed = 5934.8 sec
[TwinWall] projected 12131 node(s)
Step =   3249: nodes = 56323, dt = 9.321006e-11, strain = 5.828029e-03, elapsed = 5943.4 sec
[TwinWall] projected 12165 node(s)
Step =   3250: nodes = 56348, dt = 1.118521e-10, strain = 5.829147e-03, elapsed = 5952.2 sec
[TwinWall] projected 11824 node(s)
Step =   3251: nodes = 56331, dt = 6.711124e-11, strain = 5.829818e-03, elapsed = 5965.6 sec
[TwinWall] projected 11914 node(s)
Step =   3252: nodes = 56329, dt = 6.711124e-11, strain = 5.830489e-03, elapsed = 5974.4 sec
[TwinWall] projected 11989 node(s)
Step =   3253: nodes = 56437, dt = 8.053349e-11, strain = 5.831295e-03, elapsed = 5982.9 sec
[TwinWall] projected 12169 node(s)
Step =   3254: nodes = 56443, dt = 9.664019e-11, strain = 5.832261e-03, elapsed = 5991.8 sec
[TwinWall] projected 12293 node(s)
Step =   3255: nodes = 56349, dt = 1.159682e-10, strain = 5.833421e-03, elapsed = 6000.4 sec
[TwinWall] projected 12032 node(s)
Step =   3256: nodes = 56341, dt = 6.958093e-11, strain = 5.834117e-03, elapsed = 6013.8 sec
[TwinWall] projected 11983 node(s)
Step =   3257: nodes = 56267, dt = 6.958093e-11, strain = 5.834812e-03, elapsed = 6022.5 sec
[TwinWall] projected 12292 node(s)
Step =   3258: nodes = 56406, dt = 8.349712e-11, strain = 5.835647e-03, elapsed = 6031.0 sec
[TwinWall] projected 12329 node(s)
Step =   3259: nodes = 56449, dt = 1.001965e-10, strain = 5.836649e-03, elapsed = 6039.7 sec
[TwinWall] projected 12217 node(s)
Step =   3260: nodes = 56500, dt = 6.011793e-11, strain = 5.837251e-03, elapsed = 6053.1 sec
[TwinWall] projected 11989 node(s)
Step =   3261: nodes = 56552, dt = 6.011793e-11, strain = 5.837852e-03, elapsed = 6061.7 sec
[TwinWall] projected 12162 node(s)
Step =   3262: nodes = 56604, dt = 7.214151e-11, strain = 5.838573e-03, elapsed = 6070.4 sec
[TwinWall] projected 12295 node(s)
Step =   3263: nodes = 56600, dt = 8.656982e-11, strain = 5.839439e-03, elapsed = 6079.2 sec
[TwinWall] projected 12343 node(s)
Step =   3264: nodes = 56589, dt = 1.038838e-10, strain = 5.840478e-03, elapsed = 6088.0 sec
[TwinWall] projected 12458 node(s)
Step =   3265: nodes = 56602, dt = 1.246605e-10, strain = 5.841724e-03, elapsed = 6096.8 sec
[TwinWall] projected 12382 node(s)
Step =   3266: nodes = 56574, dt = 7.479632e-11, strain = 5.842472e-03, elapsed = 6110.4 sec
[TwinWall] projected 11991 node(s)
Step =   3267: nodes = 56594, dt = 7.479632e-11, strain = 5.843220e-03, elapsed = 6119.1 sec
[TwinWall] projected 12447 node(s)
Step =   3268: nodes = 56687, dt = 8.975558e-11, strain = 5.844118e-03, elapsed = 6127.6 sec
[TwinWall] projected 12426 node(s)
Step =   3269: nodes = 56700, dt = 1.077067e-10, strain = 5.845195e-03, elapsed = 6136.4 sec
[TwinWall] projected 12305 node(s)
Step =   3270: nodes = 56717, dt = 6.462402e-11, strain = 5.845841e-03, elapsed = 6149.8 sec
[TwinWall] projected 12111 node(s)
Step =   3271: nodes = 56736, dt = 6.462402e-11, strain = 5.846487e-03, elapsed = 6158.7 sec
[TwinWall] projected 12189 node(s)
Step =   3272: nodes = 56761, dt = 7.754883e-11, strain = 5.847263e-03, elapsed = 6167.7 sec
[TwinWall] projected 12287 node(s)
Step =   3273: nodes = 56732, dt = 9.305859e-11, strain = 5.848193e-03, elapsed = 6176.5 sec
[TwinWall] projected 12414 node(s)
Step =   3274: nodes = 56718, dt = 1.116703e-10, strain = 5.849310e-03, elapsed = 6185.3 sec
[TwinWall] projected 12203 node(s)
Step =   3275: nodes = 56672, dt = 6.700218e-11, strain = 5.849980e-03, elapsed = 6199.1 sec
[TwinWall] projected 11868 node(s)
Step =   3276: nodes = 56682, dt = 6.700218e-11, strain = 5.850650e-03, elapsed = 6207.9 sec
[TwinWall] projected 12120 node(s)
Step =   3277: nodes = 56642, dt = 8.040262e-11, strain = 5.851454e-03, elapsed = 6216.6 sec
[TwinWall] projected 12346 node(s)
Step =   3278: nodes = 56662, dt = 9.648315e-11, strain = 5.852419e-03, elapsed = 6225.4 sec
[TwinWall] projected 12640 node(s)
Step =   3279: nodes = 56642, dt = 1.157798e-10, strain = 5.853577e-03, elapsed = 6234.1 sec
[TwinWall] projected 12353 node(s)
Step =   3280: nodes = 56621, dt = 6.946787e-11, strain = 5.854271e-03, elapsed = 6247.6 sec
[TwinWall] projected 12169 node(s)
Step =   3281: nodes = 56669, dt = 6.946787e-11, strain = 5.854966e-03, elapsed = 6256.2 sec
[TwinWall] projected 12516 node(s)
Step =   3282: nodes = 56766, dt = 8.336144e-11, strain = 5.855800e-03, elapsed = 6265.0 sec
[TwinWall] projected 12627 node(s)
Step =   3283: nodes = 56838, dt = 1.000337e-10, strain = 5.856800e-03, elapsed = 6273.8 sec
[TwinWall] projected 12498 node(s)
Step =   3284: nodes = 56836, dt = 6.002024e-11, strain = 5.857400e-03, elapsed = 6287.4 sec
[TwinWall] projected 12176 node(s)
Step =   3285: nodes = 56898, dt = 6.002024e-11, strain = 5.858001e-03, elapsed = 6296.1 sec
[TwinWall] projected 12391 node(s)
Step =   3286: nodes = 56951, dt = 7.202428e-11, strain = 5.858721e-03, elapsed = 6304.9 sec
[TwinWall] projected 12467 node(s)
Step =   3287: nodes = 56994, dt = 8.642914e-11, strain = 5.859585e-03, elapsed = 6313.6 sec
[TwinWall] projected 12560 node(s)
Step =   3288: nodes = 56943, dt = 1.037150e-10, strain = 5.860622e-03, elapsed = 6322.7 sec
[TwinWall] projected 12494 node(s)
Step =   3289: nodes = 56922, dt = 6.222898e-11, strain = 5.861244e-03, elapsed = 6336.0 sec
[TwinWall] projected 12243 node(s)
Step =   3290: nodes = 56931, dt = 6.222898e-11, strain = 5.861867e-03, elapsed = 6344.7 sec
[TwinWall] projected 12439 node(s)
Step =   3291: nodes = 56971, dt = 7.467478e-11, strain = 5.862614e-03, elapsed = 6353.4 sec
[TwinWall] projected 12381 node(s)
Step =   3292: nodes = 56999, dt = 8.960973e-11, strain = 5.863510e-03, elapsed = 6362.3 sec
[TwinWall] projected 12603 node(s)
Step =   3293: nodes = 56994, dt = 1.075317e-10, strain = 5.864585e-03, elapsed = 6371.0 sec
[TwinWall] projected 12255 node(s)
Step =   3294: nodes = 57014, dt = 6.451901e-11, strain = 5.865230e-03, elapsed = 6384.9 sec
[TwinWall] projected 12259 node(s)
Step =   3295: nodes = 57020, dt = 6.451901e-11, strain = 5.865875e-03, elapsed = 6393.6 sec
[TwinWall] projected 12419 node(s)
Step =   3296: nodes = 57035, dt = 7.742281e-11, strain = 5.866650e-03, elapsed = 6402.3 sec
[TwinWall] projected 12604 node(s)
Step =   3297: nodes = 57044, dt = 9.290737e-11, strain = 5.867579e-03, elapsed = 6411.4 sec
[TwinWall] projected 12732 node(s)
Step =   3298: nodes = 57086, dt = 1.114888e-10, strain = 5.868694e-03, elapsed = 6420.2 sec
[TwinWall] projected 12513 node(s)
Step =   3299: nodes = 57112, dt = 6.689331e-11, strain = 5.869362e-03, elapsed = 6433.8 sec
[TwinWall] projected 12068 node(s)
Step =   3300: nodes = 57141, dt = 6.689331e-11, strain = 5.870031e-03, elapsed = 6442.9 sec
Writing configuration in legacy data format
 Output file: /data/home/dg000246b/openDIS/HomeWork/output_Cu_twin_rorient/config.3300.data
Writing restart file
 Restart file: /data/home/dg000246b/openDIS/HomeWork/output_Cu_twin_rorient/restart.3300.exadis
[TwinWall] projected 12455 node(s)
Step =   3301: nodes = 57141, dt = 8.027197e-11, strain = 5.870834e-03, elapsed = 6452.3 sec
[TwinWall] projected 12511 node(s)
Step =   3302: nodes = 57165, dt = 9.632636e-11, strain = 5.871797e-03, elapsed = 6461.3 sec
[TwinWall] projected 12814 node(s)
Step =   3303: nodes = 57191, dt = 1.155916e-10, strain = 5.872953e-03, elapsed = 6470.3 sec
[TwinWall] projected 12598 node(s)
Step =   3304: nodes = 57137, dt = 6.935498e-11, strain = 5.873647e-03, elapsed = 6484.0 sec
[TwinWall] projected 12179 node(s)
Step =   3305: nodes = 57191, dt = 6.935498e-11, strain = 5.874340e-03, elapsed = 6493.0 sec
[TwinWall] projected 12402 node(s)
Step =   3306: nodes = 57114, dt = 8.322598e-11, strain = 5.875173e-03, elapsed = 6502.0 sec
[TwinWall] projected 12557 node(s)
Step =   3307: nodes = 57168, dt = 9.987117e-11, strain = 5.876171e-03, elapsed = 6511.0 sec
[TwinWall] projected 12681 node(s)
Step =   3308: nodes = 57166, dt = 1.198454e-10, strain = 5.877370e-03, elapsed = 6520.1 sec
[TwinWall] projected 12519 node(s)
Step =   3309: nodes = 57142, dt = 7.190724e-11, strain = 5.878089e-03, elapsed = 6533.9 sec
[TwinWall] projected 12416 node(s)
Step =   3310: nodes = 57170, dt = 7.190724e-11, strain = 5.878808e-03, elapsed = 6542.7 sec
[TwinWall] projected 12446 node(s)
Step =   3311: nodes = 57211, dt = 8.628869e-11, strain = 5.879671e-03, elapsed = 6551.8 sec
[TwinWall] projected 12643 node(s)
Step =   3312: nodes = 57245, dt = 1.035464e-10, strain = 5.880706e-03, elapsed = 6560.9 sec
[TwinWall] projected 12402 node(s)
Step =   3313: nodes = 57187, dt = 6.212786e-11, strain = 5.881328e-03, elapsed = 6574.7 sec
[TwinWall] projected 12176 node(s)
Step =   3314: nodes = 57189, dt = 6.212786e-11, strain = 5.881949e-03, elapsed = 6583.5 sec
[TwinWall] projected 12378 node(s)
Step =   3315: nodes = 57317, dt = 7.455343e-11, strain = 5.882694e-03, elapsed = 6592.4 sec
[TwinWall] projected 12550 node(s)
Step =   3316: nodes = 57351, dt = 8.946412e-11, strain = 5.883589e-03, elapsed = 6601.3 sec
[TwinWall] projected 12543 node(s)
Step =   3317: nodes = 57355, dt = 1.073569e-10, strain = 5.884663e-03, elapsed = 6610.3 sec
[TwinWall] projected 12320 node(s)
Step =   3318: nodes = 57383, dt = 6.441416e-11, strain = 5.885307e-03, elapsed = 6624.4 sec
[TwinWall] projected 12057 node(s)
Step =   3319: nodes = 57457, dt = 6.441416e-11, strain = 5.885951e-03, elapsed = 6633.4 sec
[TwinWall] projected 12280 node(s)
Step =   3320: nodes = 57509, dt = 7.729700e-11, strain = 5.886724e-03, elapsed = 6642.3 sec
[TwinWall] projected 12518 node(s)
Step =   3321: nodes = 57516, dt = 9.275639e-11, strain = 5.887651e-03, elapsed = 6651.7 sec
[TwinWall] projected 12683 node(s)
Step =   3322: nodes = 57567, dt = 1.113077e-10, strain = 5.888765e-03, elapsed = 6660.8 sec
[TwinWall] projected 12450 node(s)
Step =   3323: nodes = 57523, dt = 6.678460e-11, strain = 5.889432e-03, elapsed = 6674.9 sec
[TwinWall] projected 12276 node(s)
Step =   3324: nodes = 57602, dt = 6.678460e-11, strain = 5.890100e-03, elapsed = 6683.9 sec
[TwinWall] projected 12513 node(s)
Step =   3325: nodes = 57647, dt = 8.014153e-11, strain = 5.890902e-03, elapsed = 6692.9 sec
[TwinWall] projected 12727 node(s)
Step =   3326: nodes = 57632, dt = 9.616983e-11, strain = 5.891863e-03, elapsed = 6702.0 sec
[TwinWall] projected 12823 node(s)
Step =   3327: nodes = 57595, dt = 1.154038e-10, strain = 5.893017e-03, elapsed = 6711.3 sec
[TwinWall] projected 12648 node(s)
Step =   3328: nodes = 57492, dt = 6.924228e-11, strain = 5.893710e-03, elapsed = 6725.2 sec
[TwinWall] projected 12268 node(s)
Step =   3329: nodes = 57518, dt = 6.924228e-11, strain = 5.894402e-03, elapsed = 6734.3 sec
[TwinWall] projected 12466 node(s)
Step =   3330: nodes = 57500, dt = 8.309073e-11, strain = 5.895233e-03, elapsed = 6743.4 sec
[TwinWall] projected 12833 node(s)
Step =   3331: nodes = 57442, dt = 9.970888e-11, strain = 5.896230e-03, elapsed = 6752.6 sec
[TwinWall] projected 12962 node(s)
Step =   3332: nodes = 57430, dt = 1.196507e-10, strain = 5.897427e-03, elapsed = 6761.8 sec
[TwinWall] projected 12651 node(s)
Step =   3333: nodes = 57385, dt = 7.179039e-11, strain = 5.898145e-03, elapsed = 6776.0 sec
[TwinWall] projected 12506 node(s)
Step =   3334: nodes = 57482, dt = 7.179039e-11, strain = 5.898863e-03, elapsed = 6785.2 sec
[TwinWall] projected 12692 node(s)
Step =   3335: nodes = 57461, dt = 8.614847e-11, strain = 5.899724e-03, elapsed = 6794.3 sec
[TwinWall] projected 12865 node(s)
Step =   3336: nodes = 57514, dt = 1.033782e-10, strain = 5.900758e-03, elapsed = 6803.6 sec
[TwinWall] projected 12509 node(s)
Step =   3337: nodes = 57467, dt = 6.202690e-11, strain = 5.901378e-03, elapsed = 6817.7 sec
[TwinWall] projected 12318 node(s)
Step =   3338: nodes = 57564, dt = 6.202690e-11, strain = 5.901998e-03, elapsed = 6826.8 sec
[TwinWall] projected 12511 node(s)
Step =   3339: nodes = 57590, dt = 7.443228e-11, strain = 5.902743e-03, elapsed = 6835.9 sec
[TwinWall] projected 12738 node(s)
Step =   3340: nodes = 57600, dt = 8.931874e-11, strain = 5.903636e-03, elapsed = 6845.1 sec
[TwinWall] projected 12901 node(s)
Step =   3341: nodes = 57509, dt = 1.071825e-10, strain = 5.904708e-03, elapsed = 6854.2 sec
[TwinWall] projected 12677 node(s)
Step =   3342: nodes = 57439, dt = 6.430949e-11, strain = 5.905351e-03, elapsed = 6868.5 sec
[TwinWall] projected 12403 node(s)
Step =   3343: nodes = 57449, dt = 6.430949e-11, strain = 5.905994e-03, elapsed = 6877.5 sec
[TwinWall] projected 12689 node(s)
Step =   3344: nodes = 57501, dt = 7.717139e-11, strain = 5.906766e-03, elapsed = 6886.7 sec
[TwinWall] projected 12886 node(s)
Step =   3345: nodes = 57523, dt = 9.260567e-11, strain = 5.907692e-03, elapsed = 6895.9 sec
[TwinWall] projected 13130 node(s)
Step =   3346: nodes = 57548, dt = 1.111268e-10, strain = 5.908803e-03, elapsed = 6905.1 sec
[TwinWall] projected 12770 node(s)
Step =   3347: nodes = 57544, dt = 6.667608e-11, strain = 5.909470e-03, elapsed = 6919.5 sec
[TwinWall] projected 12639 node(s)
Step =   3348: nodes = 57528, dt = 6.667608e-11, strain = 5.910136e-03, elapsed = 6928.6 sec
[TwinWall] projected 12793 node(s)
Step =   3349: nodes = 57513, dt = 8.001130e-11, strain = 5.910937e-03, elapsed = 6937.8 sec
[TwinWall] projected 12916 node(s)
Step =   3350: nodes = 57533, dt = 9.601355e-11, strain = 5.911897e-03, elapsed = 6947.0 sec
[TwinWall] projected 13125 node(s)
Step =   3351: nodes = 57475, dt = 1.152163e-10, strain = 5.913049e-03, elapsed = 6956.4 sec
[TwinWall] projected 12930 node(s)
Step =   3352: nodes = 57498, dt = 6.912976e-11, strain = 5.913740e-03, elapsed = 6970.4 sec
[TwinWall] projected 12958 node(s)
Step =   3353: nodes = 57591, dt = 6.912976e-11, strain = 5.914431e-03, elapsed = 6979.6 sec
[TwinWall] projected 13256 node(s)
Step =   3354: nodes = 57669, dt = 8.295571e-11, strain = 5.915261e-03, elapsed = 6988.7 sec
[TwinWall] projected 13232 node(s)
Step =   3355: nodes = 57678, dt = 9.954685e-11, strain = 5.916256e-03, elapsed = 6998.1 sec
[TwinWall] projected 13354 node(s)
Step =   3356: nodes = 57648, dt = 1.194562e-10, strain = 5.917451e-03, elapsed = 7007.4 sec
[TwinWall] projected 12896 node(s)
Step =   3357: nodes = 57682, dt = 7.167373e-11, strain = 5.918168e-03, elapsed = 7021.7 sec
[TwinWall] projected 12751 node(s)
Step =   3358: nodes = 57706, dt = 7.167373e-11, strain = 5.918884e-03, elapsed = 7030.8 sec
[TwinWall] projected 12902 node(s)
Step =   3359: nodes = 57694, dt = 8.600848e-11, strain = 5.919745e-03, elapsed = 7040.2 sec
[TwinWall] projected 13073 node(s)
Step =   3360: nodes = 57709, dt = 1.032102e-10, strain = 5.920777e-03, elapsed = 7049.5 sec
[TwinWall] projected 13177 node(s)
Step =   3361: nodes = 57669, dt = 1.238522e-10, strain = 5.922015e-03, elapsed = 7058.9 sec
[TwinWall] projected 12986 node(s)
Step =   3362: nodes = 57603, dt = 7.431133e-11, strain = 5.922758e-03, elapsed = 7073.5 sec
[TwinWall] projected 12699 node(s)
Step =   3363: nodes = 57633, dt = 7.431133e-11, strain = 5.923501e-03, elapsed = 7082.8 sec
[TwinWall] projected 12881 node(s)
Step =   3364: nodes = 57663, dt = 8.917359e-11, strain = 5.924393e-03, elapsed = 7092.0 sec
[TwinWall] projected 13142 node(s)
Step =   3365: nodes = 57636, dt = 1.070083e-10, strain = 5.925463e-03, elapsed = 7101.4 sec
[TwinWall] projected 12849 node(s)
Step =   3366: nodes = 57600, dt = 6.420499e-11, strain = 5.926105e-03, elapsed = 7115.5 sec
[TwinWall] projected 12530 node(s)
Step =   3367: nodes = 57641, dt = 6.420499e-11, strain = 5.926747e-03, elapsed = 7124.6 sec
[TwinWall] projected 12710 node(s)
Step =   3368: nodes = 57676, dt = 7.704598e-11, strain = 5.927518e-03, elapsed = 7134.0 sec
[TwinWall] projected 12972 node(s)
Step =   3369: nodes = 57685, dt = 9.245518e-11, strain = 5.928442e-03, elapsed = 7143.3 sec
[TwinWall] projected 13229 node(s)
Step =   3370: nodes = 57658, dt = 1.109462e-10, strain = 5.929552e-03, elapsed = 7152.6 sec
[TwinWall] projected 13326 node(s)
Step =   3371: nodes = 57587, dt = 1.331355e-10, strain = 5.930883e-03, elapsed = 7162.1 sec
[TwinWall] projected 13046 node(s)
Step =   3372: nodes = 57590, dt = 7.988128e-11, strain = 5.931682e-03, elapsed = 7176.3 sec
[TwinWall] projected 12931 node(s)
Step =   3373: nodes = 57654, dt = 7.988128e-11, strain = 5.932481e-03, elapsed = 7185.3 sec
[TwinWall] projected 13027 node(s)
Step =   3374: nodes = 57654, dt = 9.585753e-11, strain = 5.933439e-03, elapsed = 7194.5 sec
[TwinWall] projected 13314 node(s)
Step =   3375: nodes = 57738, dt = 1.150290e-10, strain = 5.934590e-03, elapsed = 7203.7 sec
[TwinWall] projected 13001 node(s)
Step =   3376: nodes = 57733, dt = 6.901742e-11, strain = 5.935280e-03, elapsed = 7218.3 sec
slurmstepd-c2n206: error: *** JOB 261180 ON c2n206 CANCELLED AT 2026-05-27T19:13:37 DUE TO TIME LIMIT ***
