Host Parallel Execution Space:
  KOKKOS_ENABLE_OPENMP: yes

OpenMP Runtime Configuration:
Kokkos::OpenMP thread_pool_topology[ 1 x 48 x 1 ]
Reading restart file
 Restart file: /data/home/dg000246b/openDIS/HomeWork/output_Cu_twin_rorient1/restart.3000.exadis
Warning: skipped resetting the time-integrator
 version = 1
 nodes = 37322
 segments = 37838
[System] 50 spherical obstacles loaded
[System] 2 planar obstacles (twin boundaries) loaded
Reading restart file
 Restart file: /data/home/dg000246b/openDIS/HomeWork/output_Cu_twin_rorient1/restart.3000.exadis
 version = 1
 nodes = 37322
 segments = 37838
Warning: directory /data/home/dg000246b/openDIS/HomeWork/output_Cu_twin_rorient1 already exists
Step =   3000: nodes = 37322, dt = 8.813245e-11, strain = 4.910370e-03, elapsed = 0.1 sec
Writing configuration in legacy data format
 Output file: /data/home/dg000246b/openDIS/HomeWork/output_Cu_twin_rorient1/config.3000.data
Writing restart file
 Restart file: /data/home/dg000246b/openDIS/HomeWork/output_Cu_twin_rorient1/restart.3000.exadis
Run until reaching strain = 0.015000
[TwinWall] projected 9088 node(s)
Step =   3001: nodes = 37334, dt = 8.813245e-11, strain = 4.911251e-03, elapsed = 4.7 sec
[TwinWall] projected 9191 node(s)
Step =   3002: nodes = 37320, dt = 1.057589e-10, strain = 4.912309e-03, elapsed = 8.9 sec
[TwinWall] projected 9278 node(s)
Step =   3003: nodes = 37305, dt = 1.269107e-10, strain = 4.913578e-03, elapsed = 13.0 sec
[TwinWall] projected 9370 node(s)
Step =   3004: nodes = 37285, dt = 1.522929e-10, strain = 4.915101e-03, elapsed = 17.3 sec
[TwinWall] projected 9102 node(s)
Step =   3005: nodes = 37306, dt = 9.137572e-11, strain = 4.916015e-03, elapsed = 23.7 sec
[TwinWall] projected 9107 node(s)
Step =   3006: nodes = 37307, dt = 9.137572e-11, strain = 4.916928e-03, elapsed = 27.8 sec
[TwinWall] projected 8867 node(s)
Step =   3007: nodes = 37268, dt = 5.482543e-11, strain = 4.917477e-03, elapsed = 34.0 sec
[TwinWall] projected 8661 node(s)
Step =   3008: nodes = 37277, dt = 5.482543e-11, strain = 4.918025e-03, elapsed = 38.2 sec
[TwinWall] projected 8769 node(s)
Step =   3009: nodes = 37302, dt = 6.579052e-11, strain = 4.918683e-03, elapsed = 42.3 sec
[TwinWall] projected 8915 node(s)
Step =   3010: nodes = 37339, dt = 7.894862e-11, strain = 4.919472e-03, elapsed = 46.3 sec
[TwinWall] projected 9050 node(s)
Step =   3011: nodes = 37335, dt = 9.473835e-11, strain = 4.920420e-03, elapsed = 50.5 sec
[TwinWall] projected 9190 node(s)
Step =   3012: nodes = 37369, dt = 1.136860e-10, strain = 4.921557e-03, elapsed = 54.6 sec
[TwinWall] projected 9311 node(s)
Step =   3013: nodes = 37354, dt = 1.364232e-10, strain = 4.922921e-03, elapsed = 59.0 sec
[TwinWall] projected 9088 node(s)
Step =   3014: nodes = 37359, dt = 8.185393e-11, strain = 4.923739e-03, elapsed = 65.2 sec
[TwinWall] projected 9075 node(s)
Step =   3015: nodes = 37348, dt = 8.185393e-11, strain = 4.924558e-03, elapsed = 69.4 sec
[TwinWall] projected 9161 node(s)
Step =   3016: nodes = 37374, dt = 9.822472e-11, strain = 4.925540e-03, elapsed = 73.5 sec
[TwinWall] projected 9280 node(s)
Step =   3017: nodes = 37352, dt = 1.178697e-10, strain = 4.926719e-03, elapsed = 77.8 sec
[TwinWall] projected 9387 node(s)
Step =   3018: nodes = 37345, dt = 1.414436e-10, strain = 4.928133e-03, elapsed = 82.1 sec
[TwinWall] projected 9234 node(s)
Step =   3019: nodes = 37320, dt = 8.486616e-11, strain = 4.928982e-03, elapsed = 88.3 sec
[TwinWall] projected 9114 node(s)
Step =   3020: nodes = 37329, dt = 8.486616e-11, strain = 4.929831e-03, elapsed = 92.5 sec
[TwinWall] projected 9210 node(s)
Step =   3021: nodes = 37370, dt = 1.018394e-10, strain = 4.930849e-03, elapsed = 96.6 sec
[TwinWall] projected 9331 node(s)
Step =   3022: nodes = 37337, dt = 1.222073e-10, strain = 4.932071e-03, elapsed = 101.0 sec
[TwinWall] projected 9484 node(s)
Step =   3023: nodes = 37350, dt = 1.466487e-10, strain = 4.933537e-03, elapsed = 105.2 sec
[TwinWall] projected 9297 node(s)
Step =   3024: nodes = 37348, dt = 8.798923e-11, strain = 4.934417e-03, elapsed = 111.5 sec
[TwinWall] projected 9243 node(s)
Step =   3025: nodes = 37357, dt = 8.798923e-11, strain = 4.935297e-03, elapsed = 115.6 sec
[TwinWall] projected 9271 node(s)
Step =   3026: nodes = 37408, dt = 1.055871e-10, strain = 4.936353e-03, elapsed = 119.8 sec
[TwinWall] projected 9442 node(s)
Step =   3027: nodes = 37407, dt = 1.267045e-10, strain = 4.937620e-03, elapsed = 124.0 sec
[TwinWall] projected 9220 node(s)
Step =   3028: nodes = 37411, dt = 7.602270e-11, strain = 4.938380e-03, elapsed = 130.5 sec
[TwinWall] projected 9145 node(s)
Step =   3029: nodes = 37421, dt = 7.602270e-11, strain = 4.939141e-03, elapsed = 134.6 sec
[TwinWall] projected 9240 node(s)
Step =   3030: nodes = 37468, dt = 9.122724e-11, strain = 4.940053e-03, elapsed = 138.8 sec
[TwinWall] projected 9350 node(s)
Step =   3031: nodes = 37453, dt = 1.094727e-10, strain = 4.941148e-03, elapsed = 142.9 sec
[TwinWall] projected 9510 node(s)
Step =   3032: nodes = 37476, dt = 1.313672e-10, strain = 4.942461e-03, elapsed = 147.1 sec
[TwinWall] projected 9412 node(s)
Step =   3033: nodes = 37493, dt = 7.882033e-11, strain = 4.943249e-03, elapsed = 153.3 sec
[TwinWall] projected 9366 node(s)
Step =   3034: nodes = 37555, dt = 7.882033e-11, strain = 4.944038e-03, elapsed = 157.4 sec
[TwinWall] projected 9489 node(s)
Step =   3035: nodes = 37556, dt = 9.458440e-11, strain = 4.944984e-03, elapsed = 161.6 sec
[TwinWall] projected 9550 node(s)
Step =   3036: nodes = 37526, dt = 1.135013e-10, strain = 4.946119e-03, elapsed = 165.8 sec
[TwinWall] projected 9654 node(s)
Step =   3037: nodes = 37508, dt = 1.362015e-10, strain = 4.947481e-03, elapsed = 170.0 sec
[TwinWall] projected 9465 node(s)
Step =   3038: nodes = 37507, dt = 8.172092e-11, strain = 4.948298e-03, elapsed = 176.3 sec
[TwinWall] projected 9453 node(s)
Step =   3039: nodes = 37554, dt = 8.172092e-11, strain = 4.949115e-03, elapsed = 180.3 sec
[TwinWall] projected 9541 node(s)
Step =   3040: nodes = 37560, dt = 9.806510e-11, strain = 4.950096e-03, elapsed = 184.5 sec
[TwinWall] projected 9653 node(s)
Step =   3041: nodes = 37587, dt = 1.176781e-10, strain = 4.951272e-03, elapsed = 188.8 sec
[TwinWall] projected 9468 node(s)
Step =   3042: nodes = 37569, dt = 7.060687e-11, strain = 4.951978e-03, elapsed = 195.2 sec
[TwinWall] projected 9198 node(s)
Step =   3043: nodes = 37588, dt = 7.060687e-11, strain = 4.952685e-03, elapsed = 199.3 sec
[TwinWall] projected 9413 node(s)
Step =   3044: nodes = 37605, dt = 8.472825e-11, strain = 4.953532e-03, elapsed = 203.4 sec
[TwinWall] projected 9491 node(s)
Step =   3045: nodes = 37605, dt = 1.016739e-10, strain = 4.954549e-03, elapsed = 207.6 sec
[TwinWall] projected 9687 node(s)
Step =   3046: nodes = 37618, dt = 1.220087e-10, strain = 4.955769e-03, elapsed = 211.7 sec
[TwinWall] projected 9437 node(s)
Step =   3047: nodes = 37627, dt = 7.320521e-11, strain = 4.956501e-03, elapsed = 218.1 sec
[TwinWall] projected 9190 node(s)
Step =   3048: nodes = 37591, dt = 7.320521e-11, strain = 4.957233e-03, elapsed = 222.3 sec
[TwinWall] projected 9325 node(s)
Step =   3049: nodes = 37609, dt = 8.784625e-11, strain = 4.958111e-03, elapsed = 226.5 sec
[TwinWall] projected 9518 node(s)
Step =   3050: nodes = 37632, dt = 1.054155e-10, strain = 4.959165e-03, elapsed = 230.7 sec
[TwinWall] projected 9540 node(s)
Step =   3051: nodes = 37623, dt = 1.264986e-10, strain = 4.960430e-03, elapsed = 235.0 sec
[TwinWall] projected 9709 node(s)
Step =   3052: nodes = 37665, dt = 1.517983e-10, strain = 4.961948e-03, elapsed = 239.3 sec
[TwinWall] projected 9441 node(s)
Step =   3053: nodes = 37652, dt = 9.107899e-11, strain = 4.962859e-03, elapsed = 245.6 sec
[TwinWall] projected 9393 node(s)
Step =   3054: nodes = 37656, dt = 9.107899e-11, strain = 4.963770e-03, elapsed = 250.0 sec
[TwinWall] projected 9481 node(s)
Step =   3055: nodes = 37629, dt = 1.092948e-10, strain = 4.964863e-03, elapsed = 254.2 sec
[TwinWall] projected 9542 node(s)
Step =   3056: nodes = 37668, dt = 1.311537e-10, strain = 4.966174e-03, elapsed = 258.5 sec
[TwinWall] projected 9292 node(s)
Step =   3057: nodes = 37650, dt = 7.869225e-11, strain = 4.966961e-03, elapsed = 264.8 sec
[TwinWall] projected 9193 node(s)
Step =   3058: nodes = 37649, dt = 7.869225e-11, strain = 4.967748e-03, elapsed = 269.1 sec
[TwinWall] projected 9327 node(s)
Step =   3059: nodes = 37659, dt = 9.443070e-11, strain = 4.968693e-03, elapsed = 273.3 sec
[TwinWall] projected 9525 node(s)
Step =   3060: nodes = 37664, dt = 1.133168e-10, strain = 4.969826e-03, elapsed = 277.5 sec
[TwinWall] projected 9681 node(s)
Step =   3061: nodes = 37642, dt = 1.359802e-10, strain = 4.971186e-03, elapsed = 281.9 sec
[TwinWall] projected 9483 node(s)
Step =   3062: nodes = 37662, dt = 8.158812e-11, strain = 4.972001e-03, elapsed = 288.2 sec
[TwinWall] projected 9319 node(s)
Step =   3063: nodes = 37684, dt = 8.158812e-11, strain = 4.972817e-03, elapsed = 292.3 sec
[TwinWall] projected 9487 node(s)
Step =   3064: nodes = 37701, dt = 9.790575e-11, strain = 4.973796e-03, elapsed = 296.5 sec
[TwinWall] projected 9526 node(s)
Step =   3065: nodes = 37708, dt = 1.174869e-10, strain = 4.974971e-03, elapsed = 300.8 sec
[TwinWall] projected 9712 node(s)
Step =   3066: nodes = 37639, dt = 1.409843e-10, strain = 4.976381e-03, elapsed = 305.1 sec
[TwinWall] projected 9446 node(s)
Step =   3067: nodes = 37639, dt = 8.459057e-11, strain = 4.977227e-03, elapsed = 311.6 sec
[TwinWall] projected 9564 node(s)
Step =   3068: nodes = 37658, dt = 8.459057e-11, strain = 4.978073e-03, elapsed = 315.7 sec
[TwinWall] projected 9532 node(s)
Step =   3069: nodes = 37652, dt = 1.015087e-10, strain = 4.979088e-03, elapsed = 319.9 sec
[TwinWall] projected 9565 node(s)
Step =   3070: nodes = 37646, dt = 1.218104e-10, strain = 4.980306e-03, elapsed = 324.2 sec
[TwinWall] projected 9679 node(s)
Step =   3071: nodes = 37627, dt = 1.461725e-10, strain = 4.981768e-03, elapsed = 328.5 sec
[TwinWall] projected 9556 node(s)
Step =   3072: nodes = 37624, dt = 8.770350e-11, strain = 4.982645e-03, elapsed = 334.8 sec
[TwinWall] projected 9468 node(s)
Step =   3073: nodes = 37647, dt = 8.770350e-11, strain = 4.983522e-03, elapsed = 339.1 sec
[TwinWall] projected 9465 node(s)
Step =   3074: nodes = 37599, dt = 1.052442e-10, strain = 4.984574e-03, elapsed = 343.4 sec
[TwinWall] projected 9624 node(s)
Step =   3075: nodes = 37598, dt = 1.262930e-10, strain = 4.985837e-03, elapsed = 347.6 sec
[TwinWall] projected 9482 node(s)
Step =   3076: nodes = 37662, dt = 7.577582e-11, strain = 4.986595e-03, elapsed = 353.9 sec
[TwinWall] projected 9415 node(s)
Step =   3077: nodes = 37681, dt = 7.577582e-11, strain = 4.987353e-03, elapsed = 358.0 sec
[TwinWall] projected 9506 node(s)
Step =   3078: nodes = 37688, dt = 9.093099e-11, strain = 4.988262e-03, elapsed = 362.2 sec
[TwinWall] projected 9570 node(s)
Step =   3079: nodes = 37678, dt = 1.091172e-10, strain = 4.989353e-03, elapsed = 366.4 sec
[TwinWall] projected 9720 node(s)
Step =   3080: nodes = 37663, dt = 1.309406e-10, strain = 4.990663e-03, elapsed = 370.9 sec
[TwinWall] projected 9530 node(s)
Step =   3081: nodes = 37671, dt = 7.856437e-11, strain = 4.991448e-03, elapsed = 377.2 sec
[TwinWall] projected 9465 node(s)
Step =   3082: nodes = 37717, dt = 7.856437e-11, strain = 4.992234e-03, elapsed = 381.3 sec
[TwinWall] projected 9531 node(s)
Step =   3083: nodes = 37702, dt = 9.427725e-11, strain = 4.993177e-03, elapsed = 385.6 sec
[TwinWall] projected 9627 node(s)
Step =   3084: nodes = 37735, dt = 1.131327e-10, strain = 4.994308e-03, elapsed = 389.8 sec
[TwinWall] projected 9754 node(s)
Step =   3085: nodes = 37699, dt = 1.357592e-10, strain = 4.995666e-03, elapsed = 394.1 sec
[TwinWall] projected 9633 node(s)
Step =   3086: nodes = 37731, dt = 8.145554e-11, strain = 4.996480e-03, elapsed = 400.5 sec
[TwinWall] projected 9377 node(s)
Step =   3087: nodes = 37710, dt = 8.145554e-11, strain = 4.997295e-03, elapsed = 404.8 sec
[TwinWall] projected 9444 node(s)
Step =   3088: nodes = 37744, dt = 9.774665e-11, strain = 4.998272e-03, elapsed = 409.0 sec
[TwinWall] projected 9648 node(s)
Step =   3089: nodes = 37739, dt = 1.172960e-10, strain = 4.999445e-03, elapsed = 413.3 sec
[TwinWall] projected 9829 node(s)
Step =   3090: nodes = 37706, dt = 1.407552e-10, strain = 5.000853e-03, elapsed = 417.5 sec
[TwinWall] projected 9450 node(s)
Step =   3091: nodes = 37724, dt = 8.445311e-11, strain = 5.001697e-03, elapsed = 423.9 sec
[TwinWall] projected 9363 node(s)
Step =   3092: nodes = 37760, dt = 8.445311e-11, strain = 5.002542e-03, elapsed = 428.1 sec
[TwinWall] projected 9625 node(s)
Step =   3093: nodes = 37777, dt = 1.013437e-10, strain = 5.003555e-03, elapsed = 432.5 sec
[TwinWall] projected 9620 node(s)
Step =   3094: nodes = 37771, dt = 1.216125e-10, strain = 5.004771e-03, elapsed = 436.8 sec
[TwinWall] projected 9704 node(s)
Step =   3095: nodes = 37769, dt = 1.459350e-10, strain = 5.006231e-03, elapsed = 441.1 sec
[TwinWall] projected 9436 node(s)
Step =   3096: nodes = 37763, dt = 8.756098e-11, strain = 5.007106e-03, elapsed = 447.6 sec
[TwinWall] projected 9414 node(s)
Step =   3097: nodes = 37780, dt = 8.756098e-11, strain = 5.007982e-03, elapsed = 451.8 sec
[TwinWall] projected 9550 node(s)
Step =   3098: nodes = 37768, dt = 1.050732e-10, strain = 5.009033e-03, elapsed = 456.1 sec
[TwinWall] projected 9751 node(s)
Step =   3099: nodes = 37794, dt = 1.260878e-10, strain = 5.010294e-03, elapsed = 460.4 sec
[TwinWall] projected 9445 node(s)
Step =   3100: nodes = 37765, dt = 7.565269e-11, strain = 5.011050e-03, elapsed = 466.9 sec
Writing configuration in legacy data format
 Output file: /data/home/dg000246b/openDIS/HomeWork/output_Cu_twin_rorient1/config.3100.data
Writing restart file
 Restart file: /data/home/dg000246b/openDIS/HomeWork/output_Cu_twin_rorient1/restart.3100.exadis
[TwinWall] projected 9283 node(s)
Step =   3101: nodes = 37770, dt = 7.565269e-11, strain = 5.011807e-03, elapsed = 471.6 sec
[TwinWall] projected 9380 node(s)
Step =   3102: nodes = 37793, dt = 9.078322e-11, strain = 5.012714e-03, elapsed = 475.9 sec
[TwinWall] projected 9534 node(s)
Step =   3103: nodes = 37801, dt = 1.089399e-10, strain = 5.013804e-03, elapsed = 480.2 sec
[TwinWall] projected 9711 node(s)
Step =   3104: nodes = 37793, dt = 1.307278e-10, strain = 5.015111e-03, elapsed = 484.6 sec
[TwinWall] projected 9496 node(s)
Step =   3105: nodes = 37815, dt = 7.843671e-11, strain = 5.015895e-03, elapsed = 491.1 sec
[TwinWall] projected 9426 node(s)
Step =   3106: nodes = 37846, dt = 7.843671e-11, strain = 5.016680e-03, elapsed = 495.4 sec
[TwinWall] projected 9517 node(s)
Step =   3107: nodes = 37854, dt = 9.412405e-11, strain = 5.017621e-03, elapsed = 499.6 sec
[TwinWall] projected 9644 node(s)
Step =   3108: nodes = 37816, dt = 1.129489e-10, strain = 5.018751e-03, elapsed = 504.0 sec
[TwinWall] projected 9769 node(s)
Step =   3109: nodes = 37841, dt = 1.355386e-10, strain = 5.020106e-03, elapsed = 508.3 sec
[TwinWall] projected 9837 node(s)
Step =   3110: nodes = 37807, dt = 1.626464e-10, strain = 5.021732e-03, elapsed = 512.8 sec
[TwinWall] projected 9622 node(s)
Step =   3111: nodes = 37776, dt = 9.758781e-11, strain = 5.022708e-03, elapsed = 519.2 sec
[TwinWall] projected 9579 node(s)
Step =   3112: nodes = 37800, dt = 9.758781e-11, strain = 5.023684e-03, elapsed = 523.5 sec
[TwinWall] projected 9747 node(s)
Step =   3113: nodes = 37834, dt = 1.171054e-10, strain = 5.024855e-03, elapsed = 527.7 sec
[TwinWall] projected 9830 node(s)
Step =   3114: nodes = 37819, dt = 1.405264e-10, strain = 5.026260e-03, elapsed = 532.1 sec
[TwinWall] projected 9985 node(s)
Step =   3115: nodes = 37796, dt = 1.686317e-10, strain = 5.027947e-03, elapsed = 536.4 sec
[TwinWall] projected 9679 node(s)
Step =   3116: nodes = 37741, dt = 1.011790e-10, strain = 5.028959e-03, elapsed = 542.9 sec
[TwinWall] projected 9604 node(s)
Step =   3117: nodes = 37758, dt = 1.011790e-10, strain = 5.029970e-03, elapsed = 547.1 sec
[TwinWall] projected 9651 node(s)
Step =   3118: nodes = 37747, dt = 1.214149e-10, strain = 5.031185e-03, elapsed = 551.6 sec
[TwinWall] projected 9794 node(s)
Step =   3119: nodes = 37677, dt = 1.456978e-10, strain = 5.032641e-03, elapsed = 556.0 sec
[TwinWall] projected 9522 node(s)
Step =   3120: nodes = 37696, dt = 8.741869e-11, strain = 5.033516e-03, elapsed = 562.4 sec
[TwinWall] projected 9500 node(s)
Step =   3121: nodes = 37749, dt = 8.741869e-11, strain = 5.034390e-03, elapsed = 566.6 sec
[TwinWall] projected 9582 node(s)
Step =   3122: nodes = 37754, dt = 1.049024e-10, strain = 5.035439e-03, elapsed = 570.9 sec
[TwinWall] projected 9348 node(s)
Step =   3123: nodes = 37758, dt = 6.294146e-11, strain = 5.036068e-03, elapsed = 577.3 sec
[TwinWall] projected 9235 node(s)
Step =   3124: nodes = 37771, dt = 6.294146e-11, strain = 5.036698e-03, elapsed = 581.5 sec
[TwinWall] projected 9286 node(s)
Step =   3125: nodes = 37770, dt = 7.552975e-11, strain = 5.037453e-03, elapsed = 585.7 sec
[TwinWall] projected 9501 node(s)
Step =   3126: nodes = 37817, dt = 9.063570e-11, strain = 5.038359e-03, elapsed = 590.0 sec
[TwinWall] projected 9579 node(s)
Step =   3127: nodes = 37805, dt = 1.087628e-10, strain = 5.039447e-03, elapsed = 594.3 sec
[TwinWall] projected 9362 node(s)
Step =   3128: nodes = 37816, dt = 6.525771e-11, strain = 5.040100e-03, elapsed = 600.6 sec
[TwinWall] projected 9263 node(s)
Step =   3129: nodes = 37817, dt = 6.525771e-11, strain = 5.040752e-03, elapsed = 604.8 sec
[TwinWall] projected 9338 node(s)
Step =   3130: nodes = 37866, dt = 7.830925e-11, strain = 5.041535e-03, elapsed = 609.3 sec
[TwinWall] projected 9464 node(s)
Step =   3131: nodes = 37879, dt = 9.397110e-11, strain = 5.042475e-03, elapsed = 613.5 sec
[TwinWall] projected 9556 node(s)
Step =   3132: nodes = 37837, dt = 1.127653e-10, strain = 5.043603e-03, elapsed = 617.9 sec
[TwinWall] projected 9674 node(s)
Step =   3133: nodes = 37810, dt = 1.353184e-10, strain = 5.044956e-03, elapsed = 622.3 sec
[TwinWall] projected 9457 node(s)
Step =   3134: nodes = 37819, dt = 8.119103e-11, strain = 5.045768e-03, elapsed = 628.8 sec
[TwinWall] projected 9396 node(s)
Step =   3135: nodes = 37834, dt = 8.119103e-11, strain = 5.046580e-03, elapsed = 633.0 sec
[TwinWall] projected 9501 node(s)
Step =   3136: nodes = 37857, dt = 9.742923e-11, strain = 5.047554e-03, elapsed = 637.3 sec
[TwinWall] projected 9576 node(s)
Step =   3137: nodes = 37864, dt = 1.169151e-10, strain = 5.048723e-03, elapsed = 641.7 sec
[TwinWall] projected 9735 node(s)
Step =   3138: nodes = 37806, dt = 1.402981e-10, strain = 5.050126e-03, elapsed = 646.1 sec
[TwinWall] projected 9459 node(s)
Step =   3139: nodes = 37778, dt = 8.417886e-11, strain = 5.050968e-03, elapsed = 652.5 sec
[TwinWall] projected 9437 node(s)
Step =   3140: nodes = 37815, dt = 8.417886e-11, strain = 5.051810e-03, elapsed = 656.7 sec
[TwinWall] projected 9537 node(s)
Step =   3141: nodes = 37827, dt = 1.010146e-10, strain = 5.052820e-03, elapsed = 661.0 sec
[TwinWall] projected 9692 node(s)
Step =   3142: nodes = 37906, dt = 1.212176e-10, strain = 5.054032e-03, elapsed = 665.2 sec
[TwinWall] projected 9826 node(s)
Step =   3143: nodes = 37854, dt = 1.454611e-10, strain = 5.055487e-03, elapsed = 669.8 sec
[TwinWall] projected 9609 node(s)
Step =   3144: nodes = 37860, dt = 8.727664e-11, strain = 5.056359e-03, elapsed = 676.2 sec
[TwinWall] projected 9459 node(s)
Step =   3145: nodes = 37897, dt = 8.727664e-11, strain = 5.057232e-03, elapsed = 680.5 sec
[TwinWall] projected 9567 node(s)
Step =   3146: nodes = 37885, dt = 1.047320e-10, strain = 5.058279e-03, elapsed = 684.9 sec
[TwinWall] projected 9749 node(s)
Step =   3147: nodes = 37893, dt = 1.256784e-10, strain = 5.059536e-03, elapsed = 689.2 sec
[TwinWall] projected 9432 node(s)
Step =   3148: nodes = 37885, dt = 7.540702e-11, strain = 5.060290e-03, elapsed = 695.8 sec
[TwinWall] projected 9418 node(s)
Step =   3149: nodes = 37895, dt = 7.540702e-11, strain = 5.061044e-03, elapsed = 700.0 sec
[TwinWall] projected 9467 node(s)
Step =   3150: nodes = 37928, dt = 9.048842e-11, strain = 5.061949e-03, elapsed = 704.3 sec
[TwinWall] projected 9565 node(s)
Step =   3151: nodes = 37933, dt = 1.085861e-10, strain = 5.063035e-03, elapsed = 708.7 sec
[TwinWall] projected 9657 node(s)
Step =   3152: nodes = 37902, dt = 1.303033e-10, strain = 5.064338e-03, elapsed = 713.1 sec
[TwinWall] projected 9853 node(s)
Step =   3153: nodes = 37816, dt = 1.563640e-10, strain = 5.065902e-03, elapsed = 717.5 sec
[TwinWall] projected 9537 node(s)
Step =   3154: nodes = 37811, dt = 9.381839e-11, strain = 5.066840e-03, elapsed = 724.0 sec
[TwinWall] projected 9472 node(s)
Step =   3155: nodes = 37833, dt = 9.381839e-11, strain = 5.067778e-03, elapsed = 728.4 sec
[TwinWall] projected 9603 node(s)
Step =   3156: nodes = 37841, dt = 1.125821e-10, strain = 5.068904e-03, elapsed = 732.8 sec
[TwinWall] projected 9824 node(s)
Step =   3157: nodes = 37851, dt = 1.350985e-10, strain = 5.070255e-03, elapsed = 737.1 sec
[TwinWall] projected 9541 node(s)
Step =   3158: nodes = 37886, dt = 8.105909e-11, strain = 5.071066e-03, elapsed = 743.6 sec
[TwinWall] projected 9390 node(s)
Step =   3159: nodes = 37908, dt = 8.105909e-11, strain = 5.071876e-03, elapsed = 748.0 sec
[TwinWall] projected 9518 node(s)
Step =   3160: nodes = 37936, dt = 9.727091e-11, strain = 5.072849e-03, elapsed = 752.3 sec
[TwinWall] projected 9754 node(s)
Step =   3161: nodes = 37901, dt = 1.167251e-10, strain = 5.074016e-03, elapsed = 756.5 sec
[TwinWall] projected 9456 node(s)
Step =   3162: nodes = 37962, dt = 7.003505e-11, strain = 5.074716e-03, elapsed = 763.0 sec
[TwinWall] projected 9362 node(s)
Step =   3163: nodes = 37944, dt = 7.003505e-11, strain = 5.075417e-03, elapsed = 767.4 sec
[TwinWall] projected 9568 node(s)
Step =   3164: nodes = 37863, dt = 8.404207e-11, strain = 5.076257e-03, elapsed = 771.6 sec
[TwinWall] projected 9544 node(s)
Step =   3165: nodes = 37871, dt = 1.008505e-10, strain = 5.077266e-03, elapsed = 775.9 sec
[TwinWall] projected 9675 node(s)
Step =   3166: nodes = 37835, dt = 1.210206e-10, strain = 5.078476e-03, elapsed = 780.2 sec
[TwinWall] projected 9808 node(s)
Step =   3167: nodes = 37795, dt = 1.452247e-10, strain = 5.079928e-03, elapsed = 784.6 sec
[TwinWall] projected 9579 node(s)
Step =   3168: nodes = 37825, dt = 8.713481e-11, strain = 5.080799e-03, elapsed = 791.3 sec
[TwinWall] projected 9590 node(s)
Step =   3169: nodes = 37836, dt = 8.713481e-11, strain = 5.081671e-03, elapsed = 795.5 sec
[TwinWall] projected 9668 node(s)
Step =   3170: nodes = 37819, dt = 1.045618e-10, strain = 5.082716e-03, elapsed = 799.8 sec
[TwinWall] projected 9695 node(s)
Step =   3171: nodes = 37820, dt = 1.254741e-10, strain = 5.083971e-03, elapsed = 804.2 sec
[TwinWall] projected 9819 node(s)
Step =   3172: nodes = 37823, dt = 1.505690e-10, strain = 5.085477e-03, elapsed = 808.6 sec
[TwinWall] projected 9691 node(s)
Step =   3173: nodes = 37860, dt = 9.034137e-11, strain = 5.086380e-03, elapsed = 815.0 sec
[TwinWall] projected 9677 node(s)
Step =   3174: nodes = 37891, dt = 9.034137e-11, strain = 5.087284e-03, elapsed = 819.2 sec
[TwinWall] projected 9596 node(s)
Step =   3175: nodes = 37892, dt = 1.084096e-10, strain = 5.088368e-03, elapsed = 823.7 sec
[TwinWall] projected 9789 node(s)
Step =   3176: nodes = 37861, dt = 1.300916e-10, strain = 5.089669e-03, elapsed = 828.1 sec
[TwinWall] projected 9457 node(s)
Step =   3177: nodes = 37886, dt = 7.805495e-11, strain = 5.090449e-03, elapsed = 834.5 sec
[TwinWall] projected 9391 node(s)
Step =   3178: nodes = 37878, dt = 7.805495e-11, strain = 5.091230e-03, elapsed = 838.8 sec
[TwinWall] projected 9497 node(s)
Step =   3179: nodes = 37904, dt = 9.366594e-11, strain = 5.092166e-03, elapsed = 843.0 sec
[TwinWall] projected 9660 node(s)
Step =   3180: nodes = 37904, dt = 1.123991e-10, strain = 5.093290e-03, elapsed = 847.4 sec
[TwinWall] projected 9812 node(s)
Step =   3181: nodes = 37903, dt = 1.348789e-10, strain = 5.094639e-03, elapsed = 851.9 sec
[TwinWall] projected 9558 node(s)
Step =   3182: nodes = 37907, dt = 8.092737e-11, strain = 5.095449e-03, elapsed = 858.4 sec
[TwinWall] projected 9509 node(s)
Step =   3183: nodes = 37925, dt = 8.092737e-11, strain = 5.096258e-03, elapsed = 862.6 sec
[TwinWall] projected 9578 node(s)
Step =   3184: nodes = 37896, dt = 9.711284e-11, strain = 5.097229e-03, elapsed = 867.0 sec
[TwinWall] projected 9675 node(s)
Step =   3185: nodes = 37897, dt = 1.165354e-10, strain = 5.098394e-03, elapsed = 871.3 sec
[TwinWall] projected 9783 node(s)
Step =   3186: nodes = 37868, dt = 1.398425e-10, strain = 5.099793e-03, elapsed = 875.7 sec
[TwinWall] projected 9568 node(s)
Step =   3187: nodes = 37856, dt = 8.390550e-11, strain = 5.100632e-03, elapsed = 882.1 sec
[TwinWall] projected 9479 node(s)
Step =   3188: nodes = 37848, dt = 8.390550e-11, strain = 5.101471e-03, elapsed = 886.4 sec
[TwinWall] projected 9569 node(s)
Step =   3189: nodes = 37832, dt = 1.006866e-10, strain = 5.102478e-03, elapsed = 890.6 sec
[TwinWall] projected 9686 node(s)
Step =   3190: nodes = 37853, dt = 1.208239e-10, strain = 5.103686e-03, elapsed = 894.9 sec
[TwinWall] projected 9911 node(s)
Step =   3191: nodes = 37859, dt = 1.449887e-10, strain = 5.105136e-03, elapsed = 899.2 sec
[TwinWall] projected 9659 node(s)
Step =   3192: nodes = 37806, dt = 8.699322e-11, strain = 5.106006e-03, elapsed = 905.7 sec
[TwinWall] projected 9552 node(s)
Step =   3193: nodes = 37869, dt = 8.699322e-11, strain = 5.106876e-03, elapsed = 910.0 sec
[TwinWall] projected 9695 node(s)
Step =   3194: nodes = 37868, dt = 1.043919e-10, strain = 5.107920e-03, elapsed = 914.3 sec
[TwinWall] projected 9796 node(s)
Step =   3195: nodes = 37852, dt = 1.252702e-10, strain = 5.109172e-03, elapsed = 918.7 sec
[TwinWall] projected 9514 node(s)
Step =   3196: nodes = 37841, dt = 7.516214e-11, strain = 5.109924e-03, elapsed = 925.1 sec
[TwinWall] projected 9416 node(s)
Step =   3197: nodes = 37881, dt = 7.516214e-11, strain = 5.110676e-03, elapsed = 929.3 sec
[TwinWall] projected 9553 node(s)
Step =   3198: nodes = 37867, dt = 9.019457e-11, strain = 5.111578e-03, elapsed = 933.7 sec
[TwinWall] projected 9610 node(s)
Step =   3199: nodes = 37866, dt = 1.082335e-10, strain = 5.112660e-03, elapsed = 938.0 sec
[TwinWall] projected 9776 node(s)
Step =   3200: nodes = 37897, dt = 1.298802e-10, strain = 5.113959e-03, elapsed = 942.4 sec
Writing configuration in legacy data format
 Output file: /data/home/dg000246b/openDIS/HomeWork/output_Cu_twin_rorient1/config.3200.data
Writing restart file
 Restart file: /data/home/dg000246b/openDIS/HomeWork/output_Cu_twin_rorient1/restart.3200.exadis
[TwinWall] projected 9554 node(s)
Step =   3201: nodes = 37870, dt = 7.792811e-11, strain = 5.114738e-03, elapsed = 949.3 sec
[TwinWall] projected 9574 node(s)
Step =   3202: nodes = 37889, dt = 7.792811e-11, strain = 5.115517e-03, elapsed = 953.5 sec
[TwinWall] projected 9633 node(s)
Step =   3203: nodes = 37925, dt = 9.351373e-11, strain = 5.116452e-03, elapsed = 957.7 sec
[TwinWall] projected 9387 node(s)
Step =   3204: nodes = 37884, dt = 5.610824e-11, strain = 5.117013e-03, elapsed = 964.2 sec
[TwinWall] projected 9148 node(s)
Step =   3205: nodes = 37925, dt = 5.610824e-11, strain = 5.117575e-03, elapsed = 968.5 sec
[TwinWall] projected 9279 node(s)
Step =   3206: nodes = 37908, dt = 6.732989e-11, strain = 5.118248e-03, elapsed = 972.7 sec
[TwinWall] projected 9389 node(s)
Step =   3207: nodes = 37954, dt = 8.079586e-11, strain = 5.119056e-03, elapsed = 976.9 sec
[TwinWall] projected 9551 node(s)
Step =   3208: nodes = 37959, dt = 9.695503e-11, strain = 5.120025e-03, elapsed = 981.2 sec
[TwinWall] projected 9665 node(s)
Step =   3209: nodes = 37948, dt = 1.163460e-10, strain = 5.121189e-03, elapsed = 985.5 sec
[TwinWall] projected 9806 node(s)
Step =   3210: nodes = 37951, dt = 1.396153e-10, strain = 5.122585e-03, elapsed = 989.9 sec
[TwinWall] projected 9565 node(s)
Step =   3211: nodes = 37960, dt = 8.376915e-11, strain = 5.123423e-03, elapsed = 996.3 sec
[TwinWall] projected 9637 node(s)
Step =   3212: nodes = 37988, dt = 8.376915e-11, strain = 5.124260e-03, elapsed = 1000.6 sec
[TwinWall] projected 9624 node(s)
Step =   3213: nodes = 37977, dt = 1.005230e-10, strain = 5.125266e-03, elapsed = 1005.0 sec
[TwinWall] projected 9832 node(s)
Step =   3214: nodes = 37944, dt = 1.206276e-10, strain = 5.126472e-03, elapsed = 1009.3 sec
[TwinWall] projected 9499 node(s)
Step =   3215: nodes = 37971, dt = 7.237655e-11, strain = 5.127196e-03, elapsed = 1015.7 sec
[TwinWall] projected 9412 node(s)
Step =   3216: nodes = 37964, dt = 7.237655e-11, strain = 5.127919e-03, elapsed = 1020.0 sec
[TwinWall] projected 9613 node(s)
Step =   3217: nodes = 37981, dt = 8.685185e-11, strain = 5.128788e-03, elapsed = 1024.2 sec
[TwinWall] projected 9707 node(s)
Step =   3218: nodes = 37964, dt = 1.042222e-10, strain = 5.129830e-03, elapsed = 1028.5 sec
[TwinWall] projected 9719 node(s)
Step =   3219: nodes = 37954, dt = 1.250667e-10, strain = 5.131081e-03, elapsed = 1032.9 sec
[TwinWall] projected 9480 node(s)
Step =   3220: nodes = 37946, dt = 7.504000e-11, strain = 5.131831e-03, elapsed = 1039.4 sec
[TwinWall] projected 9460 node(s)
Step =   3221: nodes = 37955, dt = 7.504000e-11, strain = 5.132582e-03, elapsed = 1043.6 sec
[TwinWall] projected 9650 node(s)
Step =   3222: nodes = 37985, dt = 9.004800e-11, strain = 5.133482e-03, elapsed = 1047.9 sec
[TwinWall] projected 9608 node(s)
Step =   3223: nodes = 38022, dt = 1.080576e-10, strain = 5.134563e-03, elapsed = 1052.2 sec
[TwinWall] projected 9874 node(s)
Step =   3224: nodes = 38049, dt = 1.296691e-10, strain = 5.135859e-03, elapsed = 1056.6 sec
[TwinWall] projected 9640 node(s)
Step =   3225: nodes = 38018, dt = 7.780147e-11, strain = 5.136637e-03, elapsed = 1063.1 sec
[TwinWall] projected 9495 node(s)
Step =   3226: nodes = 38051, dt = 7.780147e-11, strain = 5.137415e-03, elapsed = 1067.5 sec
[TwinWall] projected 9610 node(s)
Step =   3227: nodes = 38048, dt = 9.336177e-11, strain = 5.138349e-03, elapsed = 1071.8 sec
[TwinWall] projected 9713 node(s)
Step =   3228: nodes = 38058, dt = 1.120341e-10, strain = 5.139469e-03, elapsed = 1076.2 sec
[TwinWall] projected 9852 node(s)
Step =   3229: nodes = 38066, dt = 1.344409e-10, strain = 5.140814e-03, elapsed = 1080.5 sec
[TwinWall] projected 9824 node(s)
Step =   3230: nodes = 38070, dt = 8.066457e-11, strain = 5.141620e-03, elapsed = 1087.0 sec
[TwinWall] projected 9608 node(s)
Step =   3231: nodes = 38070, dt = 8.066457e-11, strain = 5.142427e-03, elapsed = 1091.4 sec
[TwinWall] projected 9818 node(s)
Step =   3232: nodes = 38082, dt = 9.679748e-11, strain = 5.143395e-03, elapsed = 1095.8 sec
[TwinWall] projected 9793 node(s)
Step =   3233: nodes = 38100, dt = 1.161570e-10, strain = 5.144557e-03, elapsed = 1100.1 sec
[TwinWall] projected 9963 node(s)
Step =   3234: nodes = 38085, dt = 1.393884e-10, strain = 5.145950e-03, elapsed = 1104.5 sec
[TwinWall] projected 9650 node(s)
Step =   3235: nodes = 38041, dt = 8.363303e-11, strain = 5.146787e-03, elapsed = 1111.0 sec
[TwinWall] projected 9556 node(s)
Step =   3236: nodes = 38041, dt = 8.363303e-11, strain = 5.147623e-03, elapsed = 1115.3 sec
[TwinWall] projected 9675 node(s)
Step =   3237: nodes = 38010, dt = 1.003596e-10, strain = 5.148627e-03, elapsed = 1119.6 sec
[TwinWall] projected 9788 node(s)
Step =   3238: nodes = 38014, dt = 1.204316e-10, strain = 5.149831e-03, elapsed = 1124.0 sec
[TwinWall] projected 9951 node(s)
Step =   3239: nodes = 37996, dt = 1.445179e-10, strain = 5.151276e-03, elapsed = 1128.4 sec
[TwinWall] projected 9699 node(s)
Step =   3240: nodes = 38017, dt = 8.671072e-11, strain = 5.152143e-03, elapsed = 1135.0 sec
[TwinWall] projected 9731 node(s)
Step =   3241: nodes = 38024, dt = 8.671072e-11, strain = 5.153010e-03, elapsed = 1139.2 sec
[TwinWall] projected 9799 node(s)
Step =   3242: nodes = 37994, dt = 1.040529e-10, strain = 5.154051e-03, elapsed = 1143.5 sec
[TwinWall] projected 9899 node(s)
Step =   3243: nodes = 38006, dt = 1.248634e-10, strain = 5.155300e-03, elapsed = 1147.8 sec
[TwinWall] projected 9966 node(s)
Step =   3244: nodes = 37905, dt = 1.498361e-10, strain = 5.156798e-03, elapsed = 1152.3 sec
[TwinWall] projected 9736 node(s)
Step =   3245: nodes = 37900, dt = 8.990167e-11, strain = 5.157697e-03, elapsed = 1158.7 sec
[TwinWall] projected 9608 node(s)
Step =   3246: nodes = 37929, dt = 8.990167e-11, strain = 5.158596e-03, elapsed = 1162.9 sec
[TwinWall] projected 9720 node(s)
Step =   3247: nodes = 37937, dt = 1.078820e-10, strain = 5.159675e-03, elapsed = 1167.3 sec
[TwinWall] projected 9886 node(s)
Step =   3248: nodes = 37925, dt = 1.294584e-10, strain = 5.160969e-03, elapsed = 1171.6 sec
[TwinWall] projected 10031 node(s)
Step =   3249: nodes = 37953, dt = 1.553501e-10, strain = 5.162523e-03, elapsed = 1176.0 sec
[TwinWall] projected 9804 node(s)
Step =   3250: nodes = 37954, dt = 9.321006e-11, strain = 5.163455e-03, elapsed = 1182.5 sec
[TwinWall] projected 9776 node(s)
Step =   3251: nodes = 37983, dt = 9.321006e-11, strain = 5.164387e-03, elapsed = 1186.8 sec
[TwinWall] projected 9837 node(s)
Step =   3252: nodes = 37962, dt = 1.118521e-10, strain = 5.165506e-03, elapsed = 1191.2 sec
[TwinWall] projected 9912 node(s)
Step =   3253: nodes = 37987, dt = 1.342225e-10, strain = 5.166848e-03, elapsed = 1195.4 sec
[TwinWall] projected 9734 node(s)
Step =   3254: nodes = 37942, dt = 8.053349e-11, strain = 5.167653e-03, elapsed = 1201.9 sec
[TwinWall] projected 9575 node(s)
Step =   3255: nodes = 37949, dt = 8.053349e-11, strain = 5.168458e-03, elapsed = 1206.1 sec
[TwinWall] projected 9748 node(s)
Step =   3256: nodes = 37969, dt = 9.664019e-11, strain = 5.169425e-03, elapsed = 1210.6 sec
[TwinWall] projected 9864 node(s)
Step =   3257: nodes = 37994, dt = 1.159682e-10, strain = 5.170585e-03, elapsed = 1214.9 sec
[TwinWall] projected 9984 node(s)
Step =   3258: nodes = 37989, dt = 1.391619e-10, strain = 5.171976e-03, elapsed = 1219.3 sec
[TwinWall] projected 9896 node(s)
Step =   3259: nodes = 37987, dt = 8.349712e-11, strain = 5.172811e-03, elapsed = 1225.7 sec
[TwinWall] projected 9630 node(s)
Step =   3260: nodes = 37990, dt = 8.349712e-11, strain = 5.173646e-03, elapsed = 1230.0 sec
[TwinWall] projected 9735 node(s)
Step =   3261: nodes = 37974, dt = 1.001965e-10, strain = 5.174648e-03, elapsed = 1234.2 sec
[TwinWall] projected 9740 node(s)
Step =   3262: nodes = 37989, dt = 1.202359e-10, strain = 5.175850e-03, elapsed = 1238.6 sec
[TwinWall] projected 9657 node(s)
Step =   3263: nodes = 37993, dt = 7.214151e-11, strain = 5.176572e-03, elapsed = 1245.1 sec
[TwinWall] projected 9546 node(s)
Step =   3264: nodes = 38017, dt = 7.214151e-11, strain = 5.177293e-03, elapsed = 1249.4 sec
[TwinWall] projected 9613 node(s)
Step =   3265: nodes = 38003, dt = 8.656982e-11, strain = 5.178159e-03, elapsed = 1253.6 sec
[TwinWall] projected 9749 node(s)
Step =   3266: nodes = 38029, dt = 1.038838e-10, strain = 5.179198e-03, elapsed = 1258.0 sec
[TwinWall] projected 9760 node(s)
Step =   3267: nodes = 38007, dt = 1.246605e-10, strain = 5.180444e-03, elapsed = 1262.4 sec
[TwinWall] projected 9575 node(s)
Step =   3268: nodes = 37976, dt = 7.479632e-11, strain = 5.181192e-03, elapsed = 1268.9 sec
[TwinWall] projected 9593 node(s)
Step =   3269: nodes = 38005, dt = 7.479632e-11, strain = 5.181940e-03, elapsed = 1273.3 sec
[TwinWall] projected 9581 node(s)
Step =   3270: nodes = 38004, dt = 8.975558e-11, strain = 5.182838e-03, elapsed = 1277.7 sec
[TwinWall] projected 9735 node(s)
Step =   3271: nodes = 37987, dt = 1.077067e-10, strain = 5.183915e-03, elapsed = 1282.0 sec
[TwinWall] projected 9772 node(s)
Step =   3272: nodes = 37988, dt = 1.292480e-10, strain = 5.185207e-03, elapsed = 1286.4 sec
[TwinWall] projected 9931 node(s)
Step =   3273: nodes = 37951, dt = 1.550977e-10, strain = 5.186758e-03, elapsed = 1290.8 sec
[TwinWall] projected 9619 node(s)
Step =   3274: nodes = 37935, dt = 9.305859e-11, strain = 5.187689e-03, elapsed = 1297.5 sec
[TwinWall] projected 9621 node(s)
Step =   3275: nodes = 37949, dt = 9.305859e-11, strain = 5.188620e-03, elapsed = 1301.7 sec
[TwinWall] projected 9715 node(s)
Step =   3276: nodes = 37944, dt = 1.116703e-10, strain = 5.189736e-03, elapsed = 1306.2 sec
[TwinWall] projected 9860 node(s)
Step =   3277: nodes = 37938, dt = 1.340044e-10, strain = 5.191076e-03, elapsed = 1310.5 sec
[TwinWall] projected 9507 node(s)
Step =   3278: nodes = 37929, dt = 8.040262e-11, strain = 5.191880e-03, elapsed = 1317.0 sec
[TwinWall] projected 9414 node(s)
Step =   3279: nodes = 37925, dt = 8.040262e-11, strain = 5.192684e-03, elapsed = 1321.3 sec
[TwinWall] projected 9579 node(s)
Step =   3280: nodes = 37927, dt = 9.648315e-11, strain = 5.193649e-03, elapsed = 1325.6 sec
[TwinWall] projected 9726 node(s)
Step =   3281: nodes = 37964, dt = 1.157798e-10, strain = 5.194807e-03, elapsed = 1330.0 sec
[TwinWall] projected 9818 node(s)
Step =   3282: nodes = 37969, dt = 1.389357e-10, strain = 5.196196e-03, elapsed = 1334.4 sec
[TwinWall] projected 9603 node(s)
Step =   3283: nodes = 37945, dt = 8.336144e-11, strain = 5.197030e-03, elapsed = 1341.0 sec
[TwinWall] projected 9522 node(s)
Step =   3284: nodes = 37986, dt = 8.336144e-11, strain = 5.197864e-03, elapsed = 1345.2 sec
[TwinWall] projected 9213 node(s)
Step =   3285: nodes = 37979, dt = 5.001686e-11, strain = 5.198364e-03, elapsed = 1351.8 sec
[TwinWall] projected 9210 node(s)
Step =   3286: nodes = 37969, dt = 5.001686e-11, strain = 5.198864e-03, elapsed = 1356.1 sec
[TwinWall] projected 9391 node(s)
Step =   3287: nodes = 37958, dt = 6.002024e-11, strain = 5.199464e-03, elapsed = 1360.3 sec
[TwinWall] projected 9470 node(s)
Step =   3288: nodes = 37958, dt = 7.202428e-11, strain = 5.200184e-03, elapsed = 1364.5 sec
[TwinWall] projected 9461 node(s)
Step =   3289: nodes = 37991, dt = 8.642914e-11, strain = 5.201049e-03, elapsed = 1368.9 sec
[TwinWall] projected 9673 node(s)
Step =   3290: nodes = 37995, dt = 1.037150e-10, strain = 5.202086e-03, elapsed = 1373.1 sec
[TwinWall] projected 9721 node(s)
Step =   3291: nodes = 37990, dt = 1.244580e-10, strain = 5.203330e-03, elapsed = 1377.5 sec
[TwinWall] projected 9901 node(s)
Step =   3292: nodes = 37914, dt = 1.493496e-10, strain = 5.204824e-03, elapsed = 1382.0 sec
[TwinWall] projected 10027 node(s)
Step =   3293: nodes = 37935, dt = 1.792195e-10, strain = 5.206616e-03, elapsed = 1386.4 sec
[TwinWall] projected 9527 node(s)
Step =   3294: nodes = 37903, dt = 5.376584e-11, strain = 5.207154e-03, elapsed = 1395.2 sec
[TwinWall] projected 9225 node(s)
Step =   3295: nodes = 37936, dt = 5.376584e-11, strain = 5.207691e-03, elapsed = 1399.6 sec
[TwinWall] projected 9251 node(s)
Step =   3296: nodes = 37944, dt = 6.451901e-11, strain = 5.208337e-03, elapsed = 1403.8 sec
[TwinWall] projected 9488 node(s)
Step =   3297: nodes = 37979, dt = 7.742281e-11, strain = 5.209111e-03, elapsed = 1408.0 sec
[TwinWall] projected 9616 node(s)
Step =   3298: nodes = 37967, dt = 9.290737e-11, strain = 5.210040e-03, elapsed = 1412.3 sec
[TwinWall] projected 9735 node(s)
Step =   3299: nodes = 37972, dt = 1.114888e-10, strain = 5.211155e-03, elapsed = 1416.6 sec
[TwinWall] projected 9878 node(s)
Step =   3300: nodes = 37919, dt = 1.337866e-10, strain = 5.212493e-03, elapsed = 1421.0 sec
Writing configuration in legacy data format
 Output file: /data/home/dg000246b/openDIS/HomeWork/output_Cu_twin_rorient1/config.3300.data
Writing restart file
 Restart file: /data/home/dg000246b/openDIS/HomeWork/output_Cu_twin_rorient1/restart.3300.exadis
[TwinWall] projected 9684 node(s)
Step =   3301: nodes = 37895, dt = 8.027197e-11, strain = 5.213295e-03, elapsed = 1428.0 sec
[TwinWall] projected 9640 node(s)
Step =   3302: nodes = 37948, dt = 8.027197e-11, strain = 5.214098e-03, elapsed = 1432.5 sec
[TwinWall] projected 9716 node(s)
Step =   3303: nodes = 37982, dt = 9.632636e-11, strain = 5.215061e-03, elapsed = 1436.7 sec
[TwinWall] projected 9745 node(s)
Step =   3304: nodes = 37984, dt = 1.155916e-10, strain = 5.216217e-03, elapsed = 1441.1 sec
[TwinWall] projected 9480 node(s)
Step =   3305: nodes = 37972, dt = 6.935498e-11, strain = 5.216911e-03, elapsed = 1447.6 sec
[TwinWall] projected 9380 node(s)
Step =   3306: nodes = 37996, dt = 6.935498e-11, strain = 5.217604e-03, elapsed = 1452.1 sec
[TwinWall] projected 9509 node(s)
Step =   3307: nodes = 38016, dt = 8.322598e-11, strain = 5.218437e-03, elapsed = 1456.4 sec
[TwinWall] projected 9579 node(s)
Step =   3308: nodes = 38006, dt = 9.987117e-11, strain = 5.219435e-03, elapsed = 1460.8 sec
[TwinWall] projected 9723 node(s)
Step =   3309: nodes = 38007, dt = 1.198454e-10, strain = 5.220634e-03, elapsed = 1465.2 sec
[TwinWall] projected 9962 node(s)
Step =   3310: nodes = 38047, dt = 1.438145e-10, strain = 5.222072e-03, elapsed = 1469.6 sec
[TwinWall] projected 9701 node(s)
Step =   3311: nodes = 38062, dt = 8.628869e-11, strain = 5.222935e-03, elapsed = 1476.1 sec
[TwinWall] projected 9599 node(s)
Step =   3312: nodes = 38100, dt = 8.628869e-11, strain = 5.223798e-03, elapsed = 1480.5 sec
[TwinWall] projected 9808 node(s)
Step =   3313: nodes = 38105, dt = 1.035464e-10, strain = 5.224833e-03, elapsed = 1484.8 sec
[TwinWall] projected 9913 node(s)
Step =   3314: nodes = 38076, dt = 1.242557e-10, strain = 5.226076e-03, elapsed = 1489.2 sec
[TwinWall] projected 9809 node(s)
Step =   3315: nodes = 38072, dt = 7.455343e-11, strain = 5.226821e-03, elapsed = 1495.8 sec
[TwinWall] projected 9632 node(s)
Step =   3316: nodes = 38100, dt = 7.455343e-11, strain = 5.227567e-03, elapsed = 1500.1 sec
[TwinWall] projected 9800 node(s)
Step =   3317: nodes = 38100, dt = 8.946412e-11, strain = 5.228461e-03, elapsed = 1504.4 sec
[TwinWall] projected 9783 node(s)
Step =   3318: nodes = 38121, dt = 1.073569e-10, strain = 5.229535e-03, elapsed = 1508.8 sec
[TwinWall] projected 9908 node(s)
Step =   3319: nodes = 38104, dt = 1.288283e-10, strain = 5.230823e-03, elapsed = 1513.3 sec
[TwinWall] projected 10013 node(s)
Step =   3320: nodes = 38073, dt = 1.545940e-10, strain = 5.232369e-03, elapsed = 1517.8 sec
[TwinWall] projected 9746 node(s)
Step =   3321: nodes = 38064, dt = 9.275639e-11, strain = 5.233297e-03, elapsed = 1524.4 sec
[TwinWall] projected 9651 node(s)
Step =   3322: nodes = 38049, dt = 9.275639e-11, strain = 5.234224e-03, elapsed = 1528.8 sec
[TwinWall] projected 9737 node(s)
Step =   3323: nodes = 38047, dt = 1.113077e-10, strain = 5.235337e-03, elapsed = 1533.1 sec
[TwinWall] projected 9910 node(s)
Step =   3324: nodes = 38073, dt = 1.335692e-10, strain = 5.236673e-03, elapsed = 1537.5 sec
[TwinWall] projected 9808 node(s)
Step =   3325: nodes = 38059, dt = 8.014153e-11, strain = 5.237475e-03, elapsed = 1544.1 sec
[TwinWall] projected 9794 node(s)
Step =   3326: nodes = 38084, dt = 8.014153e-11, strain = 5.238276e-03, elapsed = 1548.5 sec
[TwinWall] projected 9839 node(s)
Step =   3327: nodes = 38086, dt = 9.616983e-11, strain = 5.239238e-03, elapsed = 1552.8 sec
[TwinWall] projected 9895 node(s)
Step =   3328: nodes = 38092, dt = 1.154038e-10, strain = 5.240392e-03, elapsed = 1557.2 sec
[TwinWall] projected 9971 node(s)
Step =   3329: nodes = 38086, dt = 1.384846e-10, strain = 5.241777e-03, elapsed = 1561.6 sec
[TwinWall] projected 10061 node(s)
Step =   3330: nodes = 38104, dt = 1.661815e-10, strain = 5.243438e-03, elapsed = 1566.0 sec
[TwinWall] projected 9948 node(s)
Step =   3331: nodes = 38069, dt = 9.970888e-11, strain = 5.244435e-03, elapsed = 1572.8 sec
[TwinWall] projected 9728 node(s)
Step =   3332: nodes = 38074, dt = 9.970888e-11, strain = 5.245433e-03, elapsed = 1577.1 sec
[TwinWall] projected 9812 node(s)
Step =   3333: nodes = 38099, dt = 1.196507e-10, strain = 5.246629e-03, elapsed = 1581.5 sec
[TwinWall] projected 10094 node(s)
Step =   3334: nodes = 38110, dt = 1.435808e-10, strain = 5.248065e-03, elapsed = 1585.9 sec
[TwinWall] projected 9858 node(s)
Step =   3335: nodes = 38138, dt = 8.614847e-11, strain = 5.248926e-03, elapsed = 1592.5 sec
[TwinWall] projected 9627 node(s)
Step =   3336: nodes = 38154, dt = 8.614847e-11, strain = 5.249788e-03, elapsed = 1596.9 sec
[TwinWall] projected 9843 node(s)
Step =   3337: nodes = 38138, dt = 1.033782e-10, strain = 5.250822e-03, elapsed = 1601.3 sec
[TwinWall] projected 9971 node(s)
Step =   3338: nodes = 38143, dt = 1.240538e-10, strain = 5.252062e-03, elapsed = 1605.7 sec
[TwinWall] projected 10102 node(s)
Step =   3339: nodes = 38135, dt = 1.488646e-10, strain = 5.253551e-03, elapsed = 1610.1 sec
[TwinWall] projected 9933 node(s)
Step =   3340: nodes = 38165, dt = 8.931874e-11, strain = 5.254444e-03, elapsed = 1616.7 sec
[TwinWall] projected 9687 node(s)
Step =   3341: nodes = 38180, dt = 8.931874e-11, strain = 5.255337e-03, elapsed = 1621.1 sec
[TwinWall] projected 9772 node(s)
Step =   3342: nodes = 38193, dt = 1.071825e-10, strain = 5.256409e-03, elapsed = 1625.6 sec
[TwinWall] projected 9901 node(s)
Step =   3343: nodes = 38183, dt = 1.286190e-10, strain = 5.257695e-03, elapsed = 1630.2 sec
[TwinWall] projected 10031 node(s)
Step =   3344: nodes = 38192, dt = 1.543428e-10, strain = 5.259239e-03, elapsed = 1634.8 sec
[TwinWall] projected 9790 node(s)
Step =   3345: nodes = 38193, dt = 9.260567e-11, strain = 5.260165e-03, elapsed = 1641.4 sec
[TwinWall] projected 9819 node(s)
Step =   3346: nodes = 38203, dt = 9.260567e-11, strain = 5.261091e-03, elapsed = 1645.8 sec
[TwinWall] projected 9870 node(s)
Step =   3347: nodes = 38209, dt = 1.111268e-10, strain = 5.262202e-03, elapsed = 1650.2 sec
[TwinWall] projected 10000 node(s)
Step =   3348: nodes = 38232, dt = 1.333522e-10, strain = 5.263536e-03, elapsed = 1654.6 sec
[TwinWall] projected 10147 node(s)
Step =   3349: nodes = 38217, dt = 1.600226e-10, strain = 5.265136e-03, elapsed = 1659.1 sec
[TwinWall] projected 9951 node(s)
Step =   3350: nodes = 38212, dt = 9.601355e-11, strain = 5.266096e-03, elapsed = 1665.7 sec
[TwinWall] projected 9695 node(s)
Step =   3351: nodes = 38246, dt = 9.601355e-11, strain = 5.267056e-03, elapsed = 1670.1 sec
[TwinWall] projected 9822 node(s)
Step =   3352: nodes = 38215, dt = 1.152163e-10, strain = 5.268208e-03, elapsed = 1674.5 sec
[TwinWall] projected 9925 node(s)
Step =   3353: nodes = 38187, dt = 1.382595e-10, strain = 5.269591e-03, elapsed = 1679.1 sec
[TwinWall] projected 10024 node(s)
Step =   3354: nodes = 38149, dt = 1.659114e-10, strain = 5.271250e-03, elapsed = 1683.6 sec
[TwinWall] projected 9760 node(s)
Step =   3355: nodes = 38173, dt = 9.954685e-11, strain = 5.272245e-03, elapsed = 1690.4 sec
[TwinWall] projected 9680 node(s)
Step =   3356: nodes = 38200, dt = 9.954685e-11, strain = 5.273241e-03, elapsed = 1694.8 sec
[TwinWall] projected 9818 node(s)
Step =   3357: nodes = 38207, dt = 1.194562e-10, strain = 5.274435e-03, elapsed = 1699.3 sec
[TwinWall] projected 9952 node(s)
Step =   3358: nodes = 38238, dt = 1.433475e-10, strain = 5.275869e-03, elapsed = 1703.7 sec
[TwinWall] projected 9714 node(s)
Step =   3359: nodes = 38259, dt = 8.600848e-11, strain = 5.276729e-03, elapsed = 1710.3 sec
[TwinWall] projected 9613 node(s)
Step =   3360: nodes = 38270, dt = 8.600848e-11, strain = 5.277589e-03, elapsed = 1714.8 sec
[TwinWall] projected 9676 node(s)
Step =   3361: nodes = 38277, dt = 1.032102e-10, strain = 5.278621e-03, elapsed = 1719.3 sec
[TwinWall] projected 9858 node(s)
Step =   3362: nodes = 38295, dt = 1.238522e-10, strain = 5.279860e-03, elapsed = 1723.7 sec
[TwinWall] projected 10011 node(s)
Step =   3363: nodes = 38328, dt = 1.486227e-10, strain = 5.281346e-03, elapsed = 1728.3 sec
[TwinWall] projected 9766 node(s)
Step =   3364: nodes = 38315, dt = 8.917359e-11, strain = 5.282238e-03, elapsed = 1735.0 sec
[TwinWall] projected 9721 node(s)
Step =   3365: nodes = 38317, dt = 8.917359e-11, strain = 5.283129e-03, elapsed = 1739.3 sec
[TwinWall] projected 9775 node(s)
Step =   3366: nodes = 38304, dt = 1.070083e-10, strain = 5.284199e-03, elapsed = 1743.8 sec
[TwinWall] projected 9901 node(s)
Step =   3367: nodes = 38295, dt = 1.284100e-10, strain = 5.285484e-03, elapsed = 1748.2 sec
[TwinWall] projected 9711 node(s)
Step =   3368: nodes = 38304, dt = 7.704598e-11, strain = 5.286254e-03, elapsed = 1755.1 sec
[TwinWall] projected 9524 node(s)
Step =   3369: nodes = 38308, dt = 7.704598e-11, strain = 5.287024e-03, elapsed = 1759.4 sec
[TwinWall] projected 9708 node(s)
Step =   3370: nodes = 38317, dt = 9.245518e-11, strain = 5.287949e-03, elapsed = 1763.8 sec
[TwinWall] projected 9700 node(s)
Step =   3371: nodes = 38322, dt = 1.109462e-10, strain = 5.289058e-03, elapsed = 1768.2 sec
[TwinWall] projected 9888 node(s)
Step =   3372: nodes = 38319, dt = 1.331355e-10, strain = 5.290390e-03, elapsed = 1772.7 sec
[TwinWall] projected 9596 node(s)
Step =   3373: nodes = 38332, dt = 7.988128e-11, strain = 5.291189e-03, elapsed = 1779.3 sec
[TwinWall] projected 9539 node(s)
Step =   3374: nodes = 38345, dt = 7.988128e-11, strain = 5.291987e-03, elapsed = 1783.8 sec
[TwinWall] projected 9612 node(s)
Step =   3375: nodes = 38380, dt = 9.585753e-11, strain = 5.292946e-03, elapsed = 1788.2 sec
[TwinWall] projected 9745 node(s)
Step =   3376: nodes = 38372, dt = 1.150290e-10, strain = 5.294096e-03, elapsed = 1792.7 sec
[TwinWall] projected 9655 node(s)
Step =   3377: nodes = 38398, dt = 6.901742e-11, strain = 5.294786e-03, elapsed = 1799.3 sec
[TwinWall] projected 9625 node(s)
Step =   3378: nodes = 38385, dt = 6.901742e-11, strain = 5.295477e-03, elapsed = 1803.6 sec
[TwinWall] projected 9500 node(s)
Step =   3379: nodes = 38394, dt = 8.282091e-11, strain = 5.296305e-03, elapsed = 1808.1 sec
[TwinWall] projected 9591 node(s)
Step =   3380: nodes = 38411, dt = 9.938509e-11, strain = 5.297299e-03, elapsed = 1812.7 sec
[TwinWall] projected 9806 node(s)
Step =   3381: nodes = 38402, dt = 1.192621e-10, strain = 5.298491e-03, elapsed = 1817.2 sec
[TwinWall] projected 9907 node(s)
Step =   3382: nodes = 38382, dt = 1.431145e-10, strain = 5.299922e-03, elapsed = 1821.8 sec
[TwinWall] projected 9681 node(s)
Step =   3383: nodes = 38379, dt = 8.586872e-11, strain = 5.300781e-03, elapsed = 1828.5 sec
[TwinWall] projected 9554 node(s)
Step =   3384: nodes = 38421, dt = 8.586872e-11, strain = 5.301640e-03, elapsed = 1833.0 sec
[TwinWall] projected 9683 node(s)
Step =   3385: nodes = 38440, dt = 1.030425e-10, strain = 5.302670e-03, elapsed = 1837.4 sec
[TwinWall] projected 9857 node(s)
Step =   3386: nodes = 38440, dt = 1.236510e-10, strain = 5.303907e-03, elapsed = 1841.9 sec
[TwinWall] projected 9994 node(s)
Step =   3387: nodes = 38414, dt = 1.483811e-10, strain = 5.305391e-03, elapsed = 1846.5 sec
[TwinWall] projected 9676 node(s)
Step =   3388: nodes = 38441, dt = 8.902869e-11, strain = 5.306281e-03, elapsed = 1853.4 sec
[TwinWall] projected 9655 node(s)
Step =   3389: nodes = 38434, dt = 8.902869e-11, strain = 5.307171e-03, elapsed = 1857.8 sec
[TwinWall] projected 9760 node(s)
Step =   3390: nodes = 38450, dt = 1.068344e-10, strain = 5.308240e-03, elapsed = 1862.4 sec
[TwinWall] projected 9860 node(s)
Step =   3391: nodes = 38439, dt = 1.282013e-10, strain = 5.309522e-03, elapsed = 1866.8 sec
[TwinWall] projected 10014 node(s)
Step =   3392: nodes = 38445, dt = 1.538416e-10, strain = 5.311060e-03, elapsed = 1871.6 sec
[TwinWall] projected 9799 node(s)
Step =   3393: nodes = 38450, dt = 9.230494e-11, strain = 5.311983e-03, elapsed = 1878.3 sec
[TwinWall] projected 9699 node(s)
Step =   3394: nodes = 38459, dt = 9.230494e-11, strain = 5.312906e-03, elapsed = 1882.7 sec
[TwinWall] projected 9804 node(s)
Step =   3395: nodes = 38454, dt = 1.107659e-10, strain = 5.314014e-03, elapsed = 1887.1 sec
[TwinWall] projected 9913 node(s)
Step =   3396: nodes = 38427, dt = 1.329191e-10, strain = 5.315343e-03, elapsed = 1891.6 sec
[TwinWall] projected 9725 node(s)
Step =   3397: nodes = 38409, dt = 7.975147e-11, strain = 5.316140e-03, elapsed = 1898.2 sec
[TwinWall] projected 9567 node(s)
Step =   3398: nodes = 38416, dt = 7.975147e-11, strain = 5.316938e-03, elapsed = 1902.6 sec
[TwinWall] projected 9728 node(s)
Step =   3399: nodes = 38421, dt = 9.570176e-11, strain = 5.317895e-03, elapsed = 1907.0 sec
[TwinWall] projected 9721 node(s)
Step =   3400: nodes = 38445, dt = 1.148421e-10, strain = 5.319043e-03, elapsed = 1911.5 sec
Writing configuration in legacy data format
 Output file: /data/home/dg000246b/openDIS/HomeWork/output_Cu_twin_rorient1/config.3400.data
Writing restart file
 Restart file: /data/home/dg000246b/openDIS/HomeWork/output_Cu_twin_rorient1/restart.3400.exadis
[TwinWall] projected 9887 node(s)
Step =   3401: nodes = 38424, dt = 1.378105e-10, strain = 5.320421e-03, elapsed = 1916.5 sec
[TwinWall] projected 9593 node(s)
Step =   3402: nodes = 38435, dt = 8.268632e-11, strain = 5.321248e-03, elapsed = 1923.2 sec
[TwinWall] projected 9582 node(s)
Step =   3403: nodes = 38473, dt = 8.268632e-11, strain = 5.322075e-03, elapsed = 1927.6 sec
[TwinWall] projected 9646 node(s)
Step =   3404: nodes = 38477, dt = 9.922359e-11, strain = 5.323067e-03, elapsed = 1932.3 sec
[TwinWall] projected 9980 node(s)
Step =   3405: nodes = 38524, dt = 1.190683e-10, strain = 5.324258e-03, elapsed = 1936.7 sec
[TwinWall] projected 9578 node(s)
Step =   3406: nodes = 38559, dt = 7.144098e-11, strain = 5.324973e-03, elapsed = 1943.4 sec
[TwinWall] projected 9536 node(s)
Step =   3407: nodes = 38563, dt = 7.144098e-11, strain = 5.325687e-03, elapsed = 1947.8 sec
[TwinWall] projected 9819 node(s)
Step =   3408: nodes = 38576, dt = 8.572918e-11, strain = 5.326544e-03, elapsed = 1952.2 sec
[TwinWall] projected 9748 node(s)
Step =   3409: nodes = 38566, dt = 1.028750e-10, strain = 5.327573e-03, elapsed = 1956.6 sec
[TwinWall] projected 10019 node(s)
Step =   3410: nodes = 38568, dt = 1.234500e-10, strain = 5.328807e-03, elapsed = 1961.1 sec
[TwinWall] projected 10046 node(s)
Step =   3411: nodes = 38560, dt = 1.481400e-10, strain = 5.330289e-03, elapsed = 1965.6 sec
[TwinWall] projected 9800 node(s)
Step =   3412: nodes = 38582, dt = 8.888401e-11, strain = 5.331178e-03, elapsed = 1972.5 sec
[TwinWall] projected 9711 node(s)
Step =   3413: nodes = 38603, dt = 8.888401e-11, strain = 5.332067e-03, elapsed = 1976.9 sec
[TwinWall] projected 9905 node(s)
Step =   3414: nodes = 38632, dt = 1.066608e-10, strain = 5.333133e-03, elapsed = 1981.3 sec
[TwinWall] projected 9940 node(s)
Step =   3415: nodes = 38599, dt = 1.279930e-10, strain = 5.334413e-03, elapsed = 1985.9 sec
[TwinWall] projected 9635 node(s)
Step =   3416: nodes = 38583, dt = 7.679579e-11, strain = 5.335181e-03, elapsed = 1992.7 sec
[TwinWall] projected 9654 node(s)
Step =   3417: nodes = 38603, dt = 7.679579e-11, strain = 5.335949e-03, elapsed = 1997.1 sec
[TwinWall] projected 9701 node(s)
Step =   3418: nodes = 38624, dt = 9.215495e-11, strain = 5.336871e-03, elapsed = 2001.6 sec
[TwinWall] projected 9911 node(s)
Step =   3419: nodes = 38633, dt = 1.105859e-10, strain = 5.337976e-03, elapsed = 2006.1 sec
[TwinWall] projected 9966 node(s)
Step =   3420: nodes = 38622, dt = 1.327031e-10, strain = 5.339303e-03, elapsed = 2010.7 sec
[TwinWall] projected 10079 node(s)
Step =   3421: nodes = 38607, dt = 1.592437e-10, strain = 5.340896e-03, elapsed = 2015.3 sec
[TwinWall] projected 9862 node(s)
Step =   3422: nodes = 38586, dt = 9.554625e-11, strain = 5.341851e-03, elapsed = 2022.1 sec
[TwinWall] projected 9731 node(s)
Step =   3423: nodes = 38609, dt = 9.554625e-11, strain = 5.342807e-03, elapsed = 2026.6 sec
[TwinWall] projected 9892 node(s)
Step =   3424: nodes = 38610, dt = 1.146555e-10, strain = 5.343953e-03, elapsed = 2031.3 sec
[TwinWall] projected 9940 node(s)
Step =   3425: nodes = 38599, dt = 1.375866e-10, strain = 5.345329e-03, elapsed = 2035.9 sec
[TwinWall] projected 9694 node(s)
Step =   3426: nodes = 38607, dt = 8.255196e-11, strain = 5.346155e-03, elapsed = 2042.6 sec
[TwinWall] projected 9614 node(s)
Step =   3427: nodes = 38594, dt = 8.255196e-11, strain = 5.346980e-03, elapsed = 2047.1 sec
[TwinWall] projected 9718 node(s)
Step =   3428: nodes = 38601, dt = 9.906235e-11, strain = 5.347971e-03, elapsed = 2051.6 sec
[TwinWall] projected 9768 node(s)
Step =   3429: nodes = 38578, dt = 1.188748e-10, strain = 5.349160e-03, elapsed = 2056.2 sec
[TwinWall] projected 9525 node(s)
Step =   3430: nodes = 38588, dt = 7.132489e-11, strain = 5.349873e-03, elapsed = 2062.9 sec
[TwinWall] projected 9440 node(s)
Step =   3431: nodes = 38610, dt = 7.132489e-11, strain = 5.350586e-03, elapsed = 2067.4 sec
[TwinWall] projected 9601 node(s)
Step =   3432: nodes = 38601, dt = 8.558987e-11, strain = 5.351442e-03, elapsed = 2071.8 sec
[TwinWall] projected 9686 node(s)
Step =   3433: nodes = 38596, dt = 1.027078e-10, strain = 5.352469e-03, elapsed = 2076.4 sec
[TwinWall] projected 9860 node(s)
Step =   3434: nodes = 38564, dt = 1.232494e-10, strain = 5.353702e-03, elapsed = 2080.9 sec
[TwinWall] projected 9580 node(s)
Step =   3435: nodes = 38573, dt = 7.394965e-11, strain = 5.354441e-03, elapsed = 2087.7 sec
[TwinWall] projected 9539 node(s)
Step =   3436: nodes = 38581, dt = 7.394965e-11, strain = 5.355181e-03, elapsed = 2092.2 sec
[TwinWall] projected 9710 node(s)
Step =   3437: nodes = 38595, dt = 8.873958e-11, strain = 5.356068e-03, elapsed = 2096.6 sec
[TwinWall] projected 9773 node(s)
Step =   3438: nodes = 38595, dt = 1.064875e-10, strain = 5.357133e-03, elapsed = 2101.1 sec
[TwinWall] projected 9574 node(s)
Step =   3439: nodes = 38568, dt = 6.389250e-11, strain = 5.357772e-03, elapsed = 2107.7 sec
[TwinWall] projected 9523 node(s)
Step =   3440: nodes = 38580, dt = 6.389250e-11, strain = 5.358411e-03, elapsed = 2112.4 sec
[TwinWall] projected 9565 node(s)
Step =   3441: nodes = 38548, dt = 7.667099e-11, strain = 5.359177e-03, elapsed = 2116.8 sec
[TwinWall] projected 9556 node(s)
Step =   3442: nodes = 38560, dt = 9.200519e-11, strain = 5.360097e-03, elapsed = 2121.3 sec
[TwinWall] projected 9719 node(s)
Step =   3443: nodes = 38551, dt = 1.104062e-10, strain = 5.361202e-03, elapsed = 2125.7 sec
[TwinWall] projected 9529 node(s)
Step =   3444: nodes = 38560, dt = 6.624374e-11, strain = 5.361864e-03, elapsed = 2132.5 sec
[TwinWall] projected 9312 node(s)
Step =   3445: nodes = 38557, dt = 6.624374e-11, strain = 5.362526e-03, elapsed = 2136.9 sec
[TwinWall] projected 9451 node(s)
Step =   3446: nodes = 38554, dt = 7.949249e-11, strain = 5.363321e-03, elapsed = 2141.3 sec
[TwinWall] projected 9643 node(s)
Step =   3447: nodes = 38594, dt = 9.539098e-11, strain = 5.364275e-03, elapsed = 2145.8 sec
[TwinWall] projected 9769 node(s)
Step =   3448: nodes = 38580, dt = 1.144692e-10, strain = 5.365420e-03, elapsed = 2150.2 sec
[TwinWall] projected 9520 node(s)
Step =   3449: nodes = 38579, dt = 6.868151e-11, strain = 5.366107e-03, elapsed = 2157.1 sec
[TwinWall] projected 9416 node(s)
Step =   3450: nodes = 38592, dt = 6.868151e-11, strain = 5.366794e-03, elapsed = 2161.5 sec
[TwinWall] projected 9547 node(s)
Step =   3451: nodes = 38622, dt = 8.241781e-11, strain = 5.367618e-03, elapsed = 2165.9 sec
[TwinWall] projected 9688 node(s)
Step =   3452: nodes = 38622, dt = 9.890137e-11, strain = 5.368607e-03, elapsed = 2170.7 sec
[TwinWall] projected 9461 node(s)
Step =   3453: nodes = 38613, dt = 5.934082e-11, strain = 5.369200e-03, elapsed = 2177.4 sec
[TwinWall] projected 9351 node(s)
Step =   3454: nodes = 38617, dt = 5.934082e-11, strain = 5.369794e-03, elapsed = 2181.9 sec
[TwinWall] projected 9464 node(s)
Step =   3455: nodes = 38641, dt = 7.120899e-11, strain = 5.370506e-03, elapsed = 2186.5 sec
[TwinWall] projected 9571 node(s)
Step =   3456: nodes = 38650, dt = 8.545079e-11, strain = 5.371360e-03, elapsed = 2191.0 sec
[TwinWall] projected 9686 node(s)
Step =   3457: nodes = 38611, dt = 1.025409e-10, strain = 5.372386e-03, elapsed = 2195.5 sec
[TwinWall] projected 9452 node(s)
Step =   3458: nodes = 38633, dt = 6.152457e-11, strain = 5.373001e-03, elapsed = 2202.4 sec
[TwinWall] projected 9363 node(s)
Step =   3459: nodes = 38671, dt = 6.152457e-11, strain = 5.373616e-03, elapsed = 2206.8 sec
[TwinWall] projected 9509 node(s)
Step =   3460: nodes = 38676, dt = 7.382948e-11, strain = 5.374354e-03, elapsed = 2211.3 sec
[TwinWall] projected 9580 node(s)
Step =   3461: nodes = 38692, dt = 8.859538e-11, strain = 5.375240e-03, elapsed = 2215.9 sec
[TwinWall] projected 9745 node(s)
Step =   3462: nodes = 38678, dt = 1.063145e-10, strain = 5.376303e-03, elapsed = 2220.4 sec
[TwinWall] projected 9829 node(s)
Step =   3463: nodes = 38678, dt = 1.275773e-10, strain = 5.377579e-03, elapsed = 2225.0 sec
[TwinWall] projected 9607 node(s)
Step =   3464: nodes = 38641, dt = 7.654640e-11, strain = 5.378345e-03, elapsed = 2232.0 sec
[TwinWall] projected 9426 node(s)
Step =   3465: nodes = 38644, dt = 7.654640e-11, strain = 5.379110e-03, elapsed = 2236.4 sec
[TwinWall] projected 9545 node(s)
Step =   3466: nodes = 38630, dt = 9.185569e-11, strain = 5.380029e-03, elapsed = 2240.9 sec
[TwinWall] projected 9671 node(s)
Step =   3467: nodes = 38632, dt = 1.102268e-10, strain = 5.381131e-03, elapsed = 2245.4 sec
[TwinWall] projected 9881 node(s)
Step =   3468: nodes = 38593, dt = 1.322722e-10, strain = 5.382454e-03, elapsed = 2250.0 sec
[TwinWall] projected 9588 node(s)
Step =   3469: nodes = 38575, dt = 7.936331e-11, strain = 5.383247e-03, elapsed = 2256.7 sec
[TwinWall] projected 9454 node(s)
Step =   3470: nodes = 38574, dt = 7.936331e-11, strain = 5.384041e-03, elapsed = 2261.3 sec
[TwinWall] projected 9643 node(s)
Step =   3471: nodes = 38535, dt = 9.523597e-11, strain = 5.384993e-03, elapsed = 2265.8 sec
[TwinWall] projected 9370 node(s)
Step =   3472: nodes = 38555, dt = 5.714158e-11, strain = 5.385565e-03, elapsed = 2272.6 sec
[TwinWall] projected 9143 node(s)
Step =   3473: nodes = 38579, dt = 5.714158e-11, strain = 5.386136e-03, elapsed = 2277.0 sec
[TwinWall] projected 9405 node(s)
Step =   3474: nodes = 38543, dt = 6.856990e-11, strain = 5.386822e-03, elapsed = 2281.4 sec
[TwinWall] projected 9617 node(s)
Step =   3475: nodes = 38557, dt = 8.228388e-11, strain = 5.387645e-03, elapsed = 2285.8 sec
[TwinWall] projected 9679 node(s)
Step =   3476: nodes = 38590, dt = 9.874066e-11, strain = 5.388632e-03, elapsed = 2290.7 sec
[TwinWall] projected 9506 node(s)
Step =   3477: nodes = 38601, dt = 5.924439e-11, strain = 5.389225e-03, elapsed = 2297.4 sec
[TwinWall] projected 9413 node(s)
Step =   3478: nodes = 38575, dt = 5.924439e-11, strain = 5.389817e-03, elapsed = 2301.9 sec
[TwinWall] projected 9412 node(s)
Step =   3479: nodes = 38599, dt = 7.109327e-11, strain = 5.390528e-03, elapsed = 2306.3 sec
[TwinWall] projected 9586 node(s)
Step =   3480: nodes = 38584, dt = 8.531193e-11, strain = 5.391381e-03, elapsed = 2310.8 sec
[TwinWall] projected 9587 node(s)
Step =   3481: nodes = 38577, dt = 1.023743e-10, strain = 5.392405e-03, elapsed = 2315.3 sec
[TwinWall] projected 9545 node(s)
Step =   3482: nodes = 38558, dt = 6.142459e-11, strain = 5.393019e-03, elapsed = 2322.0 sec
[TwinWall] projected 9401 node(s)
Step =   3483: nodes = 38601, dt = 6.142459e-11, strain = 5.393633e-03, elapsed = 2326.5 sec
[TwinWall] projected 9425 node(s)
Step =   3484: nodes = 38609, dt = 7.370951e-11, strain = 5.394370e-03, elapsed = 2330.9 sec
[TwinWall] projected 9488 node(s)
Step =   3485: nodes = 38584, dt = 8.845141e-11, strain = 5.395255e-03, elapsed = 2335.5 sec
[TwinWall] projected 9567 node(s)
Step =   3486: nodes = 38594, dt = 1.061417e-10, strain = 5.396316e-03, elapsed = 2340.0 sec
[TwinWall] projected 9349 node(s)
Step =   3487: nodes = 38576, dt = 6.368501e-11, strain = 5.396953e-03, elapsed = 2346.9 sec
[TwinWall] projected 9243 node(s)
Step =   3488: nodes = 38599, dt = 6.368501e-11, strain = 5.397590e-03, elapsed = 2351.5 sec
[TwinWall] projected 9433 node(s)
Step =   3489: nodes = 38613, dt = 7.642202e-11, strain = 5.398354e-03, elapsed = 2355.9 sec
[TwinWall] projected 9562 node(s)
Step =   3490: nodes = 38596, dt = 9.170642e-11, strain = 5.399271e-03, elapsed = 2360.4 sec
[TwinWall] projected 9263 node(s)
Step =   3491: nodes = 38582, dt = 5.502385e-11, strain = 5.399822e-03, elapsed = 2367.2 sec
[TwinWall] projected 9194 node(s)
Step =   3492: nodes = 38598, dt = 5.502385e-11, strain = 5.400372e-03, elapsed = 2371.7 sec
[TwinWall] projected 9313 node(s)
Step =   3493: nodes = 38597, dt = 6.602862e-11, strain = 5.401032e-03, elapsed = 2376.1 sec
[TwinWall] projected 9427 node(s)
Step =   3494: nodes = 38583, dt = 7.923435e-11, strain = 5.401824e-03, elapsed = 2380.7 sec
[TwinWall] projected 9473 node(s)
Step =   3495: nodes = 38591, dt = 9.508122e-11, strain = 5.402775e-03, elapsed = 2385.2 sec
[TwinWall] projected 9627 node(s)
Step =   3496: nodes = 38563, dt = 1.140975e-10, strain = 5.403916e-03, elapsed = 2389.8 sec
[TwinWall] projected 9739 node(s)
Step =   3497: nodes = 38522, dt = 1.369170e-10, strain = 5.405285e-03, elapsed = 2394.5 sec
[TwinWall] projected 9870 node(s)
Step =   3498: nodes = 38465, dt = 1.643003e-10, strain = 5.406928e-03, elapsed = 2399.2 sec
[TwinWall] projected 9590 node(s)
Step =   3499: nodes = 38450, dt = 9.858020e-11, strain = 5.407914e-03, elapsed = 2406.0 sec
[TwinWall] projected 9722 node(s)
Step =   3500: nodes = 38452, dt = 9.858020e-11, strain = 5.408900e-03, elapsed = 2410.7 sec
Writing configuration in legacy data format
 Output file: /data/home/dg000246b/openDIS/HomeWork/output_Cu_twin_rorient1/config.3500.data
Writing restart file
 Restart file: /data/home/dg000246b/openDIS/HomeWork/output_Cu_twin_rorient1/restart.3500.exadis
[TwinWall] projected 9649 node(s)
Step =   3501: nodes = 38475, dt = 1.182962e-10, strain = 5.410083e-03, elapsed = 2415.7 sec
[TwinWall] projected 9858 node(s)
Step =   3502: nodes = 38406, dt = 1.419555e-10, strain = 5.411503e-03, elapsed = 2420.3 sec
[TwinWall] projected 9561 node(s)
Step =   3503: nodes = 38410, dt = 8.517330e-11, strain = 5.412354e-03, elapsed = 2426.9 sec
[TwinWall] projected 9630 node(s)
Step =   3504: nodes = 38423, dt = 8.517330e-11, strain = 5.413206e-03, elapsed = 2431.3 sec
[TwinWall] projected 9608 node(s)
Step =   3505: nodes = 38468, dt = 1.022080e-10, strain = 5.414228e-03, elapsed = 2435.7 sec
[TwinWall] projected 9803 node(s)
Step =   3506: nodes = 38478, dt = 1.226495e-10, strain = 5.415455e-03, elapsed = 2440.3 sec
[TwinWall] projected 9870 node(s)
Step =   3507: nodes = 38481, dt = 1.471795e-10, strain = 5.416926e-03, elapsed = 2444.8 sec
[TwinWall] projected 9689 node(s)
Step =   3508: nodes = 38528, dt = 8.830767e-11, strain = 5.417809e-03, elapsed = 2451.5 sec
[TwinWall] projected 9607 node(s)
Step =   3509: nodes = 38516, dt = 8.830767e-11, strain = 5.418692e-03, elapsed = 2456.0 sec
[TwinWall] projected 9662 node(s)
Step =   3510: nodes = 38481, dt = 1.059692e-10, strain = 5.419752e-03, elapsed = 2460.5 sec
[TwinWall] projected 9803 node(s)
Step =   3511: nodes = 38515, dt = 1.271631e-10, strain = 5.421024e-03, elapsed = 2465.0 sec
[TwinWall] projected 9981 node(s)
Step =   3512: nodes = 38431, dt = 1.525957e-10, strain = 5.422550e-03, elapsed = 2469.5 sec
[TwinWall] projected 9700 node(s)
Step =   3513: nodes = 38419, dt = 9.155740e-11, strain = 5.423465e-03, elapsed = 2476.2 sec
[TwinWall] projected 9593 node(s)
Step =   3514: nodes = 38471, dt = 9.155740e-11, strain = 5.424381e-03, elapsed = 2480.7 sec
[TwinWall] projected 9681 node(s)
Step =   3515: nodes = 38490, dt = 1.098689e-10, strain = 5.425480e-03, elapsed = 2485.2 sec
[TwinWall] projected 9839 node(s)
Step =   3516: nodes = 38459, dt = 1.318427e-10, strain = 5.426798e-03, elapsed = 2489.7 sec
[TwinWall] projected 9523 node(s)
Step =   3517: nodes = 38463, dt = 7.910559e-11, strain = 5.427589e-03, elapsed = 2496.5 sec
[TwinWall] projected 9442 node(s)
Step =   3518: nodes = 38448, dt = 7.910559e-11, strain = 5.428380e-03, elapsed = 2500.9 sec
[TwinWall] projected 9589 node(s)
Step =   3519: nodes = 38473, dt = 9.492671e-11, strain = 5.429329e-03, elapsed = 2505.4 sec
[TwinWall] projected 9765 node(s)
Step =   3520: nodes = 38476, dt = 1.139121e-10, strain = 5.430469e-03, elapsed = 2509.8 sec
[TwinWall] projected 9860 node(s)
Step =   3521: nodes = 38448, dt = 1.366945e-10, strain = 5.431835e-03, elapsed = 2514.5 sec
[TwinWall] projected 9764 node(s)
Step =   3522: nodes = 38460, dt = 8.201668e-11, strain = 5.432656e-03, elapsed = 2521.1 sec
[TwinWall] projected 9522 node(s)
Step =   3523: nodes = 38470, dt = 8.201668e-11, strain = 5.433476e-03, elapsed = 2525.6 sec
[TwinWall] projected 9615 node(s)
Step =   3524: nodes = 38494, dt = 9.842001e-11, strain = 5.434460e-03, elapsed = 2530.0 sec
[TwinWall] projected 9808 node(s)
Step =   3525: nodes = 38480, dt = 1.181040e-10, strain = 5.435641e-03, elapsed = 2534.5 sec
[TwinWall] projected 9687 node(s)
Step =   3526: nodes = 38512, dt = 7.086241e-11, strain = 5.436350e-03, elapsed = 2541.2 sec
[TwinWall] projected 9603 node(s)
Step =   3527: nodes = 38457, dt = 7.086241e-11, strain = 5.437058e-03, elapsed = 2545.7 sec
[TwinWall] projected 9498 node(s)
Step =   3528: nodes = 38474, dt = 8.503489e-11, strain = 5.437909e-03, elapsed = 2550.2 sec
[TwinWall] projected 9699 node(s)
Step =   3529: nodes = 38457, dt = 1.020419e-10, strain = 5.438929e-03, elapsed = 2554.7 sec
[TwinWall] projected 9846 node(s)
Step =   3530: nodes = 38452, dt = 1.224502e-10, strain = 5.440154e-03, elapsed = 2559.1 sec
[TwinWall] projected 9702 node(s)
Step =   3531: nodes = 38388, dt = 7.347014e-11, strain = 5.440888e-03, elapsed = 2565.9 sec
[TwinWall] projected 9475 node(s)
Step =   3532: nodes = 38417, dt = 7.347014e-11, strain = 5.441623e-03, elapsed = 2570.4 sec
[TwinWall] projected 9518 node(s)
Step =   3533: nodes = 38435, dt = 8.816417e-11, strain = 5.442505e-03, elapsed = 2574.8 sec
[TwinWall] projected 9661 node(s)
Step =   3534: nodes = 38421, dt = 1.057970e-10, strain = 5.443563e-03, elapsed = 2579.4 sec
[TwinWall] projected 9732 node(s)
Step =   3535: nodes = 38419, dt = 1.269564e-10, strain = 5.444832e-03, elapsed = 2583.8 sec
[TwinWall] projected 9606 node(s)
Step =   3536: nodes = 38421, dt = 7.617385e-11, strain = 5.445594e-03, elapsed = 2591.1 sec
[TwinWall] projected 9454 node(s)
Step =   3537: nodes = 38441, dt = 7.617385e-11, strain = 5.446356e-03, elapsed = 2595.5 sec
[TwinWall] projected 9647 node(s)
Step =   3538: nodes = 38439, dt = 9.140862e-11, strain = 5.447270e-03, elapsed = 2600.0 sec
[TwinWall] projected 9668 node(s)
Step =   3539: nodes = 38422, dt = 1.096903e-10, strain = 5.448367e-03, elapsed = 2604.5 sec
[TwinWall] projected 9780 node(s)
Step =   3540: nodes = 38374, dt = 1.316284e-10, strain = 5.449683e-03, elapsed = 2609.0 sec
[TwinWall] projected 9933 node(s)
Step =   3541: nodes = 38333, dt = 1.579541e-10, strain = 5.451262e-03, elapsed = 2613.5 sec
[TwinWall] projected 9741 node(s)
Step =   3542: nodes = 38342, dt = 9.477245e-11, strain = 5.452210e-03, elapsed = 2620.2 sec
[TwinWall] projected 9633 node(s)
Step =   3543: nodes = 38348, dt = 9.477245e-11, strain = 5.453158e-03, elapsed = 2624.7 sec
[TwinWall] projected 9669 node(s)
Step =   3544: nodes = 38346, dt = 1.137269e-10, strain = 5.454295e-03, elapsed = 2629.2 sec
[TwinWall] projected 9444 node(s)
Step =   3545: nodes = 38330, dt = 6.823617e-11, strain = 5.454978e-03, elapsed = 2636.0 sec
[TwinWall] projected 9348 node(s)
Step =   3546: nodes = 38342, dt = 6.823617e-11, strain = 5.455660e-03, elapsed = 2640.4 sec
[TwinWall] projected 9422 node(s)
Step =   3547: nodes = 38351, dt = 8.188340e-11, strain = 5.456479e-03, elapsed = 2644.8 sec
[TwinWall] projected 9504 node(s)
Step =   3548: nodes = 38356, dt = 9.826008e-11, strain = 5.457461e-03, elapsed = 2649.3 sec
[TwinWall] projected 9566 node(s)
Step =   3549: nodes = 38359, dt = 1.179121e-10, strain = 5.458640e-03, elapsed = 2653.9 sec
[TwinWall] projected 9763 node(s)
Step =   3550: nodes = 38310, dt = 1.414945e-10, strain = 5.460055e-03, elapsed = 2658.4 sec
[TwinWall] projected 9846 node(s)
Step =   3551: nodes = 38292, dt = 1.697934e-10, strain = 5.461753e-03, elapsed = 2663.0 sec
[TwinWall] projected 9692 node(s)
Step =   3552: nodes = 38297, dt = 1.018760e-10, strain = 5.462772e-03, elapsed = 2669.9 sec
[TwinWall] projected 9573 node(s)
Step =   3553: nodes = 38288, dt = 1.018760e-10, strain = 5.463791e-03, elapsed = 2674.3 sec
[TwinWall] projected 9640 node(s)
Step =   3554: nodes = 38308, dt = 1.222513e-10, strain = 5.465013e-03, elapsed = 2678.9 sec
[TwinWall] projected 9444 node(s)
Step =   3555: nodes = 38339, dt = 7.335076e-11, strain = 5.465747e-03, elapsed = 2685.5 sec
[TwinWall] projected 9363 node(s)
Step =   3556: nodes = 38366, dt = 7.335076e-11, strain = 5.466480e-03, elapsed = 2689.9 sec
[TwinWall] projected 9462 node(s)
Step =   3557: nodes = 38378, dt = 8.802091e-11, strain = 5.467361e-03, elapsed = 2694.4 sec
[TwinWall] projected 9538 node(s)
Step =   3558: nodes = 38351, dt = 1.056251e-10, strain = 5.468417e-03, elapsed = 2698.9 sec
[TwinWall] projected 9672 node(s)
Step =   3559: nodes = 38352, dt = 1.267501e-10, strain = 5.469684e-03, elapsed = 2703.5 sec
[TwinWall] projected 9411 node(s)
Step =   3560: nodes = 38319, dt = 7.605006e-11, strain = 5.470445e-03, elapsed = 2710.2 sec
[TwinWall] projected 9471 node(s)
Step =   3561: nodes = 38312, dt = 7.605006e-11, strain = 5.471205e-03, elapsed = 2714.5 sec
[TwinWall] projected 9463 node(s)
Step =   3562: nodes = 38315, dt = 9.126008e-11, strain = 5.472118e-03, elapsed = 2719.0 sec
[TwinWall] projected 9617 node(s)
Step =   3563: nodes = 38307, dt = 1.095121e-10, strain = 5.473213e-03, elapsed = 2723.5 sec
[TwinWall] projected 9627 node(s)
Step =   3564: nodes = 38267, dt = 1.314145e-10, strain = 5.474527e-03, elapsed = 2728.0 sec
[TwinWall] projected 9772 node(s)
Step =   3565: nodes = 38265, dt = 1.576974e-10, strain = 5.476104e-03, elapsed = 2732.6 sec
[TwinWall] projected 9498 node(s)
Step =   3566: nodes = 38261, dt = 9.461845e-11, strain = 5.477050e-03, elapsed = 2739.4 sec
[TwinWall] projected 9435 node(s)
Step =   3567: nodes = 38254, dt = 9.461845e-11, strain = 5.477997e-03, elapsed = 2743.8 sec
[TwinWall] projected 9498 node(s)
Step =   3568: nodes = 38278, dt = 1.135421e-10, strain = 5.479132e-03, elapsed = 2748.3 sec
[TwinWall] projected 9234 node(s)
Step =   3569: nodes = 38284, dt = 6.812528e-11, strain = 5.479813e-03, elapsed = 2755.1 sec
[TwinWall] projected 9299 node(s)
Step =   3570: nodes = 38294, dt = 6.812528e-11, strain = 5.480494e-03, elapsed = 2759.4 sec
[TwinWall] projected 9230 node(s)
Step =   3571: nodes = 38277, dt = 8.175034e-11, strain = 5.481312e-03, elapsed = 2763.8 sec
[TwinWall] projected 9380 node(s)
Step =   3572: nodes = 38310, dt = 9.810041e-11, strain = 5.482293e-03, elapsed = 2768.2 sec
[TwinWall] projected 9525 node(s)
Step =   3573: nodes = 38308, dt = 1.177205e-10, strain = 5.483470e-03, elapsed = 2773.0 sec
[TwinWall] projected 9337 node(s)
Step =   3574: nodes = 38315, dt = 7.063229e-11, strain = 5.484177e-03, elapsed = 2779.7 sec
[TwinWall] projected 9247 node(s)
Step =   3575: nodes = 38325, dt = 7.063229e-11, strain = 5.484883e-03, elapsed = 2784.1 sec
[TwinWall] projected 9356 node(s)
Step =   3576: nodes = 38362, dt = 8.475875e-11, strain = 5.485730e-03, elapsed = 2788.5 sec
[TwinWall] projected 9509 node(s)
Step =   3577: nodes = 38350, dt = 1.017105e-10, strain = 5.486748e-03, elapsed = 2793.1 sec
[TwinWall] projected 9585 node(s)
Step =   3578: nodes = 38315, dt = 1.220526e-10, strain = 5.487968e-03, elapsed = 2797.7 sec
[TwinWall] projected 9309 node(s)
Step =   3579: nodes = 38339, dt = 7.323156e-11, strain = 5.488700e-03, elapsed = 2804.4 sec
[TwinWall] projected 9322 node(s)
Step =   3580: nodes = 38335, dt = 7.323156e-11, strain = 5.489433e-03, elapsed = 2808.8 sec
[TwinWall] projected 9335 node(s)
Step =   3581: nodes = 38343, dt = 8.787787e-11, strain = 5.490311e-03, elapsed = 2813.2 sec
[TwinWall] projected 9531 node(s)
Step =   3582: nodes = 38314, dt = 1.054534e-10, strain = 5.491366e-03, elapsed = 2817.6 sec
[TwinWall] projected 9254 node(s)
Step =   3583: nodes = 38329, dt = 6.327207e-11, strain = 5.491999e-03, elapsed = 2824.3 sec
[TwinWall] projected 9314 node(s)
Step =   3584: nodes = 38342, dt = 6.327207e-11, strain = 5.492631e-03, elapsed = 2828.7 sec
[TwinWall] projected 9373 node(s)
Step =   3585: nodes = 38379, dt = 7.592648e-11, strain = 5.493391e-03, elapsed = 2833.3 sec
[TwinWall] projected 9482 node(s)
Step =   3586: nodes = 38398, dt = 9.111178e-11, strain = 5.494302e-03, elapsed = 2837.8 sec
[TwinWall] projected 9477 node(s)
Step =   3587: nodes = 38363, dt = 1.093341e-10, strain = 5.495395e-03, elapsed = 2842.3 sec
[TwinWall] projected 9579 node(s)
Step =   3588: nodes = 38296, dt = 1.312010e-10, strain = 5.496707e-03, elapsed = 2846.9 sec
[TwinWall] projected 9504 node(s)
Step =   3589: nodes = 38302, dt = 7.872058e-11, strain = 5.497494e-03, elapsed = 2853.5 sec
[TwinWall] projected 9426 node(s)
Step =   3590: nodes = 38313, dt = 7.872058e-11, strain = 5.498282e-03, elapsed = 2857.9 sec
[TwinWall] projected 9517 node(s)
Step =   3591: nodes = 38319, dt = 9.446469e-11, strain = 5.499226e-03, elapsed = 2862.3 sec
[TwinWall] projected 9540 node(s)
Step =   3592: nodes = 38309, dt = 1.133576e-10, strain = 5.500360e-03, elapsed = 2866.7 sec
[TwinWall] projected 9692 node(s)
Step =   3593: nodes = 38288, dt = 1.360292e-10, strain = 5.501720e-03, elapsed = 2871.2 sec
[TwinWall] projected 9515 node(s)
Step =   3594: nodes = 38305, dt = 8.161749e-11, strain = 5.502536e-03, elapsed = 2877.9 sec
[TwinWall] projected 9542 node(s)
Step =   3595: nodes = 38293, dt = 8.161749e-11, strain = 5.503352e-03, elapsed = 2882.2 sec
[TwinWall] projected 9589 node(s)
Step =   3596: nodes = 38288, dt = 9.794099e-11, strain = 5.504332e-03, elapsed = 2886.7 sec
[TwinWall] projected 9704 node(s)
Step =   3597: nodes = 38263, dt = 1.175292e-10, strain = 5.505507e-03, elapsed = 2891.3 sec
[TwinWall] projected 9738 node(s)
Step =   3598: nodes = 38257, dt = 1.410350e-10, strain = 5.506917e-03, elapsed = 2895.8 sec
[TwinWall] projected 9643 node(s)
Step =   3599: nodes = 38240, dt = 8.462102e-11, strain = 5.507764e-03, elapsed = 2902.5 sec
[TwinWall] projected 9301 node(s)
Step =   3600: nodes = 38304, dt = 8.462102e-11, strain = 5.508610e-03, elapsed = 2907.0 sec
Writing configuration in legacy data format
 Output file: /data/home/dg000246b/openDIS/HomeWork/output_Cu_twin_rorient1/config.3600.data
Writing restart file
 Restart file: /data/home/dg000246b/openDIS/HomeWork/output_Cu_twin_rorient1/restart.3600.exadis
[TwinWall] projected 9479 node(s)
Step =   3601: nodes = 38268, dt = 1.015452e-10, strain = 5.509625e-03, elapsed = 2911.9 sec
[TwinWall] projected 9615 node(s)
Step =   3602: nodes = 38259, dt = 1.218543e-10, strain = 5.510844e-03, elapsed = 2916.4 sec
[TwinWall] projected 9573 node(s)
Step =   3603: nodes = 38260, dt = 1.462251e-10, strain = 5.512306e-03, elapsed = 2921.0 sec
[TwinWall] projected 9352 node(s)
Step =   3604: nodes = 38252, dt = 8.773507e-11, strain = 5.513184e-03, elapsed = 2927.7 sec
[TwinWall] projected 9373 node(s)
Step =   3605: nodes = 38255, dt = 8.773507e-11, strain = 5.514061e-03, elapsed = 2932.2 sec
[TwinWall] projected 9423 node(s)
Step =   3606: nodes = 38267, dt = 1.052821e-10, strain = 5.515114e-03, elapsed = 2936.7 sec
[TwinWall] projected 9556 node(s)
Step =   3607: nodes = 38266, dt = 1.263385e-10, strain = 5.516377e-03, elapsed = 2941.1 sec
[TwinWall] projected 9795 node(s)
Step =   3608: nodes = 38215, dt = 1.516062e-10, strain = 5.517893e-03, elapsed = 2945.6 sec
[TwinWall] projected 9468 node(s)
Step =   3609: nodes = 38226, dt = 9.096372e-11, strain = 5.518803e-03, elapsed = 2952.5 sec
[TwinWall] projected 9431 node(s)
Step =   3610: nodes = 38257, dt = 9.096372e-11, strain = 5.519712e-03, elapsed = 2956.9 sec
[TwinWall] projected 9536 node(s)
Step =   3611: nodes = 38269, dt = 1.091565e-10, strain = 5.520804e-03, elapsed = 2961.4 sec
[TwinWall] projected 9275 node(s)
Step =   3612: nodes = 38228, dt = 6.549388e-11, strain = 5.521459e-03, elapsed = 2968.1 sec
[TwinWall] projected 9140 node(s)
Step =   3613: nodes = 38251, dt = 6.549388e-11, strain = 5.522114e-03, elapsed = 2972.5 sec
[TwinWall] projected 9245 node(s)
Step =   3614: nodes = 38280, dt = 7.859266e-11, strain = 5.522900e-03, elapsed = 2976.9 sec
[TwinWall] projected 9404 node(s)
Step =   3615: nodes = 38288, dt = 9.431119e-11, strain = 5.523843e-03, elapsed = 2981.3 sec
[TwinWall] projected 9442 node(s)
Step =   3616: nodes = 38270, dt = 1.131734e-10, strain = 5.524975e-03, elapsed = 2985.8 sec
[TwinWall] projected 9649 node(s)
Step =   3617: nodes = 38300, dt = 1.358081e-10, strain = 5.526333e-03, elapsed = 2990.3 sec
[TwinWall] projected 9474 node(s)
Step =   3618: nodes = 38295, dt = 8.148487e-11, strain = 5.527148e-03, elapsed = 2997.1 sec
[TwinWall] projected 9352 node(s)
Step =   3619: nodes = 38331, dt = 8.148487e-11, strain = 5.527962e-03, elapsed = 3001.4 sec
[TwinWall] projected 9565 node(s)
Step =   3620: nodes = 38336, dt = 9.778184e-11, strain = 5.528940e-03, elapsed = 3005.9 sec
[TwinWall] projected 9744 node(s)
Step =   3621: nodes = 38389, dt = 1.173382e-10, strain = 5.530114e-03, elapsed = 3010.3 sec
[TwinWall] projected 9795 node(s)
Step =   3622: nodes = 38426, dt = 1.408058e-10, strain = 5.531522e-03, elapsed = 3014.8 sec
[TwinWall] projected 9819 node(s)
Step =   3623: nodes = 38388, dt = 8.448351e-11, strain = 5.532366e-03, elapsed = 3021.5 sec
[TwinWall] projected 9554 node(s)
Step =   3624: nodes = 38411, dt = 8.448351e-11, strain = 5.533211e-03, elapsed = 3025.9 sec
[TwinWall] projected 9672 node(s)
Step =   3625: nodes = 38403, dt = 1.013802e-10, strain = 5.534225e-03, elapsed = 3030.4 sec
[TwinWall] projected 9736 node(s)
Step =   3626: nodes = 38393, dt = 1.216563e-10, strain = 5.535442e-03, elapsed = 3034.9 sec
[TwinWall] projected 9774 node(s)
Step =   3627: nodes = 38359, dt = 1.459875e-10, strain = 5.536902e-03, elapsed = 3039.5 sec
[TwinWall] projected 9504 node(s)
Step =   3628: nodes = 38341, dt = 8.759250e-11, strain = 5.537777e-03, elapsed = 3046.2 sec
[TwinWall] projected 9438 node(s)
Step =   3629: nodes = 38367, dt = 8.759250e-11, strain = 5.538653e-03, elapsed = 3050.7 sec
[TwinWall] projected 9570 node(s)
Step =   3630: nodes = 38372, dt = 1.051110e-10, strain = 5.539705e-03, elapsed = 3055.1 sec
[TwinWall] projected 9702 node(s)
Step =   3631: nodes = 38383, dt = 1.261332e-10, strain = 5.540966e-03, elapsed = 3059.7 sec
[TwinWall] projected 9900 node(s)
Step =   3632: nodes = 38332, dt = 1.513598e-10, strain = 5.542479e-03, elapsed = 3064.2 sec
[TwinWall] projected 9642 node(s)
Step =   3633: nodes = 38356, dt = 9.081591e-11, strain = 5.543388e-03, elapsed = 3070.9 sec
[TwinWall] projected 9540 node(s)
Step =   3634: nodes = 38349, dt = 9.081591e-11, strain = 5.544296e-03, elapsed = 3075.4 sec
[TwinWall] projected 9525 node(s)
Step =   3635: nodes = 38327, dt = 1.089791e-10, strain = 5.545386e-03, elapsed = 3079.9 sec
[TwinWall] projected 9631 node(s)
Step =   3636: nodes = 38312, dt = 1.307749e-10, strain = 5.546693e-03, elapsed = 3084.4 sec
[TwinWall] projected 9383 node(s)
Step =   3637: nodes = 38288, dt = 7.846494e-11, strain = 5.547478e-03, elapsed = 3091.1 sec
[TwinWall] projected 9309 node(s)
Step =   3638: nodes = 38318, dt = 7.846494e-11, strain = 5.548263e-03, elapsed = 3095.5 sec
[TwinWall] projected 9493 node(s)
Step =   3639: nodes = 38321, dt = 9.415793e-11, strain = 5.549204e-03, elapsed = 3100.0 sec
[TwinWall] projected 9515 node(s)
Step =   3640: nodes = 38324, dt = 1.129895e-10, strain = 5.550334e-03, elapsed = 3104.5 sec
[TwinWall] projected 9701 node(s)
Step =   3641: nodes = 38334, dt = 1.355874e-10, strain = 5.551690e-03, elapsed = 3109.0 sec
[TwinWall] projected 9495 node(s)
Step =   3642: nodes = 38349, dt = 8.135245e-11, strain = 5.552503e-03, elapsed = 3115.8 sec
[TwinWall] projected 9374 node(s)
Step =   3643: nodes = 38382, dt = 8.135245e-11, strain = 5.553317e-03, elapsed = 3120.2 sec
[TwinWall] projected 9512 node(s)
Step =   3644: nodes = 38384, dt = 9.762294e-11, strain = 5.554293e-03, elapsed = 3124.6 sec
[TwinWall] projected 9536 node(s)
Step =   3645: nodes = 38373, dt = 1.171475e-10, strain = 5.555465e-03, elapsed = 3129.1 sec
[TwinWall] projected 9756 node(s)
Step =   3646: nodes = 38353, dt = 1.405770e-10, strain = 5.556870e-03, elapsed = 3133.8 sec
[TwinWall] projected 9348 node(s)
Step =   3647: nodes = 38348, dt = 8.434622e-11, strain = 5.557714e-03, elapsed = 3140.5 sec
[TwinWall] projected 9294 node(s)
Step =   3648: nodes = 38344, dt = 8.434622e-11, strain = 5.558557e-03, elapsed = 3144.9 sec
[TwinWall] projected 9396 node(s)
Step =   3649: nodes = 38375, dt = 1.012155e-10, strain = 5.559570e-03, elapsed = 3149.3 sec
[TwinWall] projected 9567 node(s)
Step =   3650: nodes = 38363, dt = 1.214586e-10, strain = 5.560784e-03, elapsed = 3153.9 sec
[TwinWall] projected 9663 node(s)
Step =   3651: nodes = 38381, dt = 1.457503e-10, strain = 5.562242e-03, elapsed = 3158.5 sec
[TwinWall] projected 9469 node(s)
Step =   3652: nodes = 38380, dt = 8.745016e-11, strain = 5.563116e-03, elapsed = 3165.3 sec
[TwinWall] projected 9391 node(s)
Step =   3653: nodes = 38380, dt = 8.745016e-11, strain = 5.563991e-03, elapsed = 3169.7 sec
[TwinWall] projected 9498 node(s)
Step =   3654: nodes = 38410, dt = 1.049402e-10, strain = 5.565040e-03, elapsed = 3174.2 sec
[TwinWall] projected 9610 node(s)
Step =   3655: nodes = 38429, dt = 1.259282e-10, strain = 5.566299e-03, elapsed = 3178.8 sec
[TwinWall] projected 9399 node(s)
Step =   3656: nodes = 38442, dt = 7.555694e-11, strain = 5.567055e-03, elapsed = 3185.5 sec
[TwinWall] projected 9281 node(s)
Step =   3657: nodes = 38460, dt = 7.555694e-11, strain = 5.567810e-03, elapsed = 3190.0 sec
[TwinWall] projected 9442 node(s)
Step =   3658: nodes = 38460, dt = 9.066833e-11, strain = 5.568717e-03, elapsed = 3194.4 sec
[TwinWall] projected 9498 node(s)
Step =   3659: nodes = 38436, dt = 1.088020e-10, strain = 5.569805e-03, elapsed = 3199.0 sec
[TwinWall] projected 9711 node(s)
Step =   3660: nodes = 38413, dt = 1.305624e-10, strain = 5.571111e-03, elapsed = 3203.5 sec
[TwinWall] projected 9385 node(s)
Step =   3661: nodes = 38396, dt = 7.833744e-11, strain = 5.571894e-03, elapsed = 3210.3 sec
[TwinWall] projected 9308 node(s)
Step =   3662: nodes = 38399, dt = 7.833744e-11, strain = 5.572678e-03, elapsed = 3214.7 sec
[TwinWall] projected 9480 node(s)
Step =   3663: nodes = 38375, dt = 9.400492e-11, strain = 5.573618e-03, elapsed = 3219.1 sec
[TwinWall] projected 9446 node(s)
Step =   3664: nodes = 38386, dt = 1.128059e-10, strain = 5.574746e-03, elapsed = 3223.6 sec
[TwinWall] projected 9610 node(s)
Step =   3665: nodes = 38332, dt = 1.353671e-10, strain = 5.576099e-03, elapsed = 3228.2 sec
[TwinWall] projected 9699 node(s)
Step =   3666: nodes = 38291, dt = 1.624405e-10, strain = 5.577724e-03, elapsed = 3232.9 sec
[TwinWall] projected 9501 node(s)
Step =   3667: nodes = 38286, dt = 9.746431e-11, strain = 5.578698e-03, elapsed = 3239.7 sec
[TwinWall] projected 9341 node(s)
Step =   3668: nodes = 38280, dt = 9.746431e-11, strain = 5.579673e-03, elapsed = 3244.2 sec
[TwinWall] projected 9375 node(s)
Step =   3669: nodes = 38312, dt = 1.169572e-10, strain = 5.580843e-03, elapsed = 3248.7 sec
[TwinWall] projected 9204 node(s)
Step =   3670: nodes = 38283, dt = 7.017430e-11, strain = 5.581544e-03, elapsed = 3255.6 sec
[TwinWall] projected 9007 node(s)
Step =   3671: nodes = 38336, dt = 7.017430e-11, strain = 5.582246e-03, elapsed = 3260.0 sec
[TwinWall] projected 9258 node(s)
Step =   3672: nodes = 38281, dt = 8.420916e-11, strain = 5.583088e-03, elapsed = 3264.4 sec
[TwinWall] projected 9257 node(s)
Step =   3673: nodes = 38306, dt = 1.010510e-10, strain = 5.584099e-03, elapsed = 3268.8 sec
[TwinWall] projected 9398 node(s)
Step =   3674: nodes = 38268, dt = 1.212612e-10, strain = 5.585311e-03, elapsed = 3273.3 sec
[TwinWall] projected 9586 node(s)
Step =   3675: nodes = 38251, dt = 1.455134e-10, strain = 5.586766e-03, elapsed = 3277.9 sec
[TwinWall] projected 9320 node(s)
Step =   3676: nodes = 38254, dt = 8.730806e-11, strain = 5.587640e-03, elapsed = 3284.7 sec
[TwinWall] projected 9250 node(s)
Step =   3677: nodes = 38248, dt = 8.730806e-11, strain = 5.588513e-03, elapsed = 3289.2 sec
[TwinWall] projected 9358 node(s)
Step =   3678: nodes = 38276, dt = 1.047697e-10, strain = 5.589560e-03, elapsed = 3293.6 sec
[TwinWall] projected 9458 node(s)
Step =   3679: nodes = 38303, dt = 1.257236e-10, strain = 5.590818e-03, elapsed = 3298.2 sec
[TwinWall] projected 9255 node(s)
Step =   3680: nodes = 38317, dt = 7.543416e-11, strain = 5.591572e-03, elapsed = 3304.9 sec
[TwinWall] projected 9239 node(s)
Step =   3681: nodes = 38341, dt = 7.543416e-11, strain = 5.592326e-03, elapsed = 3309.4 sec
[TwinWall] projected 9309 node(s)
Step =   3682: nodes = 38359, dt = 9.052099e-11, strain = 5.593231e-03, elapsed = 3314.0 sec
[TwinWall] projected 9440 node(s)
Step =   3683: nodes = 38375, dt = 1.086252e-10, strain = 5.594318e-03, elapsed = 3318.5 sec
[TwinWall] projected 9567 node(s)
Step =   3684: nodes = 38361, dt = 1.303502e-10, strain = 5.595621e-03, elapsed = 3323.0 sec
[TwinWall] projected 9346 node(s)
Step =   3685: nodes = 38371, dt = 7.821014e-11, strain = 5.596403e-03, elapsed = 3329.8 sec
[TwinWall] projected 9199 node(s)
Step =   3686: nodes = 38376, dt = 7.821014e-11, strain = 5.597185e-03, elapsed = 3334.3 sec
[TwinWall] projected 9346 node(s)
Step =   3687: nodes = 38409, dt = 9.385217e-11, strain = 5.598124e-03, elapsed = 3338.8 sec
[TwinWall] projected 9495 node(s)
Step =   3688: nodes = 38418, dt = 1.126226e-10, strain = 5.599250e-03, elapsed = 3343.3 sec
[TwinWall] projected 9636 node(s)
Step =   3689: nodes = 38398, dt = 1.351471e-10, strain = 5.600602e-03, elapsed = 3347.9 sec
[TwinWall] projected 9358 node(s)
Step =   3690: nodes = 38390, dt = 8.108827e-11, strain = 5.601412e-03, elapsed = 3354.6 sec
[TwinWall] projected 9242 node(s)
Step =   3691: nodes = 38396, dt = 8.108827e-11, strain = 5.602223e-03, elapsed = 3359.2 sec
[TwinWall] projected 9354 node(s)
Step =   3692: nodes = 38406, dt = 9.730593e-11, strain = 5.603196e-03, elapsed = 3363.7 sec
[TwinWall] projected 9535 node(s)
Step =   3693: nodes = 38428, dt = 1.167671e-10, strain = 5.604364e-03, elapsed = 3368.3 sec
[TwinWall] projected 9613 node(s)
Step =   3694: nodes = 38381, dt = 1.401205e-10, strain = 5.605765e-03, elapsed = 3373.1 sec
[TwinWall] projected 9324 node(s)
Step =   3695: nodes = 38389, dt = 8.407232e-11, strain = 5.606606e-03, elapsed = 3379.8 sec
[TwinWall] projected 9222 node(s)
Step =   3696: nodes = 38397, dt = 8.407232e-11, strain = 5.607447e-03, elapsed = 3384.4 sec
[TwinWall] projected 9352 node(s)
Step =   3697: nodes = 38397, dt = 1.008868e-10, strain = 5.608456e-03, elapsed = 3388.8 sec
[TwinWall] projected 9443 node(s)
Step =   3698: nodes = 38394, dt = 1.210641e-10, strain = 5.609666e-03, elapsed = 3393.5 sec
[TwinWall] projected 9206 node(s)
Step =   3699: nodes = 38375, dt = 7.263848e-11, strain = 5.610393e-03, elapsed = 3400.2 sec
[TwinWall] projected 9114 node(s)
Step =   3700: nodes = 38392, dt = 7.263848e-11, strain = 5.611119e-03, elapsed = 3404.7 sec
Writing configuration in legacy data format
 Output file: /data/home/dg000246b/openDIS/HomeWork/output_Cu_twin_rorient1/config.3700.data
Writing restart file
 Restart file: /data/home/dg000246b/openDIS/HomeWork/output_Cu_twin_rorient1/restart.3700.exadis
[TwinWall] projected 9217 node(s)
Step =   3701: nodes = 38436, dt = 8.716618e-11, strain = 5.611991e-03, elapsed = 3409.6 sec
[TwinWall] projected 9361 node(s)
Step =   3702: nodes = 38426, dt = 1.045994e-10, strain = 5.613037e-03, elapsed = 3414.2 sec
[TwinWall] projected 9468 node(s)
Step =   3703: nodes = 38428, dt = 1.255193e-10, strain = 5.614292e-03, elapsed = 3418.7 sec
[TwinWall] projected 9187 node(s)
Step =   3704: nodes = 38430, dt = 7.531158e-11, strain = 5.615045e-03, elapsed = 3425.5 sec
[TwinWall] projected 9143 node(s)
Step =   3705: nodes = 38449, dt = 7.531158e-11, strain = 5.615798e-03, elapsed = 3430.0 sec
[TwinWall] projected 9252 node(s)
Step =   3706: nodes = 38440, dt = 9.037390e-11, strain = 5.616702e-03, elapsed = 3434.7 sec
[TwinWall] projected 9412 node(s)
Step =   3707: nodes = 38454, dt = 1.084487e-10, strain = 5.617786e-03, elapsed = 3439.2 sec
[TwinWall] projected 9534 node(s)
Step =   3708: nodes = 38430, dt = 1.301384e-10, strain = 5.619088e-03, elapsed = 3443.8 sec
[TwinWall] projected 9278 node(s)
Step =   3709: nodes = 38436, dt = 7.808305e-11, strain = 5.619869e-03, elapsed = 3450.5 sec
[TwinWall] projected 9200 node(s)
Step =   3710: nodes = 38446, dt = 7.808305e-11, strain = 5.620649e-03, elapsed = 3455.0 sec
[TwinWall] projected 9277 node(s)
Step =   3711: nodes = 38448, dt = 9.369966e-11, strain = 5.621586e-03, elapsed = 3459.5 sec
[TwinWall] projected 9449 node(s)
Step =   3712: nodes = 38473, dt = 1.124396e-10, strain = 5.622711e-03, elapsed = 3464.1 sec
[TwinWall] projected 9616 node(s)
Step =   3713: nodes = 38459, dt = 1.349275e-10, strain = 5.624060e-03, elapsed = 3468.6 sec
[TwinWall] projected 9361 node(s)
Step =   3714: nodes = 38427, dt = 8.095650e-11, strain = 5.624870e-03, elapsed = 3475.4 sec
[TwinWall] projected 9275 node(s)
Step =   3715: nodes = 38448, dt = 8.095650e-11, strain = 5.625679e-03, elapsed = 3480.0 sec
[TwinWall] projected 9405 node(s)
Step =   3716: nodes = 38461, dt = 9.714780e-11, strain = 5.626651e-03, elapsed = 3484.5 sec
[TwinWall] projected 9517 node(s)
Step =   3717: nodes = 38457, dt = 1.165774e-10, strain = 5.627816e-03, elapsed = 3489.0 sec
[TwinWall] projected 9359 node(s)
Step =   3718: nodes = 38420, dt = 6.994642e-11, strain = 5.628516e-03, elapsed = 3495.9 sec
[TwinWall] projected 9095 node(s)
Step =   3719: nodes = 38387, dt = 6.994642e-11, strain = 5.629215e-03, elapsed = 3500.3 sec
[TwinWall] projected 9208 node(s)
Step =   3720: nodes = 38425, dt = 8.393570e-11, strain = 5.630055e-03, elapsed = 3504.7 sec
[TwinWall] projected 9370 node(s)
Step =   3721: nodes = 38417, dt = 1.007228e-10, strain = 5.631062e-03, elapsed = 3509.3 sec
[TwinWall] projected 9553 node(s)
Step =   3722: nodes = 38403, dt = 1.208674e-10, strain = 5.632271e-03, elapsed = 3513.8 sec
[TwinWall] projected 9615 node(s)
Step =   3723: nodes = 38368, dt = 1.450409e-10, strain = 5.633721e-03, elapsed = 3518.3 sec
[TwinWall] projected 9493 node(s)
Step =   3724: nodes = 38385, dt = 8.702454e-11, strain = 5.634591e-03, elapsed = 3525.1 sec
[TwinWall] projected 9255 node(s)
Step =   3725: nodes = 38375, dt = 8.702454e-11, strain = 5.635462e-03, elapsed = 3529.6 sec
[TwinWall] projected 9416 node(s)
Step =   3726: nodes = 38375, dt = 1.044294e-10, strain = 5.636506e-03, elapsed = 3534.1 sec
[TwinWall] projected 9501 node(s)
Step =   3727: nodes = 38368, dt = 1.253153e-10, strain = 5.637759e-03, elapsed = 3538.6 sec
[TwinWall] projected 9382 node(s)
Step =   3728: nodes = 38338, dt = 7.518920e-11, strain = 5.638511e-03, elapsed = 3545.4 sec
[TwinWall] projected 9166 node(s)
Step =   3729: nodes = 38348, dt = 7.518920e-11, strain = 5.639263e-03, elapsed = 3549.8 sec
[TwinWall] projected 9266 node(s)
Step =   3730: nodes = 38303, dt = 9.022704e-11, strain = 5.640165e-03, elapsed = 3554.5 sec
[TwinWall] projected 9252 node(s)
Step =   3731: nodes = 38314, dt = 1.082724e-10, strain = 5.641248e-03, elapsed = 3558.9 sec
[TwinWall] projected 9061 node(s)
Step =   3732: nodes = 38276, dt = 6.496347e-11, strain = 5.641897e-03, elapsed = 3565.7 sec
[TwinWall] projected 8968 node(s)
Step =   3733: nodes = 38278, dt = 6.496347e-11, strain = 5.642547e-03, elapsed = 3570.1 sec
[TwinWall] projected 9130 node(s)
Step =   3734: nodes = 38246, dt = 7.795616e-11, strain = 5.643327e-03, elapsed = 3574.4 sec
[TwinWall] projected 9182 node(s)
Step =   3735: nodes = 38198, dt = 9.354739e-11, strain = 5.644262e-03, elapsed = 3578.9 sec
[TwinWall] projected 9204 node(s)
Step =   3736: nodes = 38213, dt = 1.122569e-10, strain = 5.645385e-03, elapsed = 3583.4 sec
[TwinWall] projected 9031 node(s)
Step =   3737: nodes = 38217, dt = 6.735412e-11, strain = 5.646058e-03, elapsed = 3590.2 sec
[TwinWall] projected 8975 node(s)
Step =   3738: nodes = 38216, dt = 6.735412e-11, strain = 5.646732e-03, elapsed = 3594.5 sec
[TwinWall] projected 9095 node(s)
Step =   3739: nodes = 38251, dt = 8.082495e-11, strain = 5.647540e-03, elapsed = 3599.0 sec
[TwinWall] projected 9220 node(s)
Step =   3740: nodes = 38241, dt = 9.698994e-11, strain = 5.648510e-03, elapsed = 3603.4 sec
[TwinWall] projected 9300 node(s)
Step =   3741: nodes = 38221, dt = 1.163879e-10, strain = 5.649674e-03, elapsed = 3607.9 sec
[TwinWall] projected 9518 node(s)
Step =   3742: nodes = 38200, dt = 1.396655e-10, strain = 5.651070e-03, elapsed = 3612.5 sec
[TwinWall] projected 9283 node(s)
Step =   3743: nodes = 38186, dt = 8.379931e-11, strain = 5.651908e-03, elapsed = 3619.4 sec
[TwinWall] projected 9134 node(s)
Step =   3744: nodes = 38178, dt = 8.379931e-11, strain = 5.652746e-03, elapsed = 3623.7 sec
[TwinWall] projected 9339 node(s)
Step =   3745: nodes = 38193, dt = 1.005592e-10, strain = 5.653752e-03, elapsed = 3628.2 sec
[TwinWall] projected 9432 node(s)
Step =   3746: nodes = 38173, dt = 1.206710e-10, strain = 5.654959e-03, elapsed = 3632.6 sec
[TwinWall] projected 9535 node(s)
Step =   3747: nodes = 38146, dt = 1.448052e-10, strain = 5.656407e-03, elapsed = 3637.1 sec
[TwinWall] projected 9357 node(s)
Step =   3748: nodes = 38152, dt = 8.688312e-11, strain = 5.657276e-03, elapsed = 3643.7 sec
[TwinWall] projected 9160 node(s)
Step =   3749: nodes = 38122, dt = 8.688312e-11, strain = 5.658144e-03, elapsed = 3648.2 sec
[TwinWall] projected 9313 node(s)
Step =   3750: nodes = 38106, dt = 1.042597e-10, strain = 5.659187e-03, elapsed = 3652.7 sec
[TwinWall] projected 9446 node(s)
Step =   3751: nodes = 38091, dt = 1.251117e-10, strain = 5.660438e-03, elapsed = 3657.1 sec
[TwinWall] projected 9301 node(s)
Step =   3752: nodes = 38110, dt = 7.506702e-11, strain = 5.661189e-03, elapsed = 3663.8 sec
[TwinWall] projected 9197 node(s)
Step =   3753: nodes = 38116, dt = 7.506702e-11, strain = 5.661939e-03, elapsed = 3668.2 sec
[TwinWall] projected 9324 node(s)
Step =   3754: nodes = 38127, dt = 9.008042e-11, strain = 5.662840e-03, elapsed = 3672.8 sec
[TwinWall] projected 9259 node(s)
Step =   3755: nodes = 38111, dt = 1.080965e-10, strain = 5.663921e-03, elapsed = 3677.3 sec
[TwinWall] projected 9029 node(s)
Step =   3756: nodes = 38125, dt = 6.485790e-11, strain = 5.664570e-03, elapsed = 3684.0 sec
[TwinWall] projected 9048 node(s)
Step =   3757: nodes = 38116, dt = 6.485790e-11, strain = 5.665218e-03, elapsed = 3688.4 sec
[TwinWall] projected 9133 node(s)
Step =   3758: nodes = 38144, dt = 7.782948e-11, strain = 5.665997e-03, elapsed = 3692.8 sec
[TwinWall] projected 9272 node(s)
Step =   3759: nodes = 38133, dt = 9.339538e-11, strain = 5.666931e-03, elapsed = 3697.2 sec
[TwinWall] projected 9225 node(s)
Step =   3760: nodes = 38138, dt = 1.120745e-10, strain = 5.668051e-03, elapsed = 3701.7 sec
[TwinWall] projected 9349 node(s)
Step =   3761: nodes = 38111, dt = 1.344893e-10, strain = 5.669396e-03, elapsed = 3706.2 sec
[TwinWall] projected 9048 node(s)
Step =   3762: nodes = 38087, dt = 8.069361e-11, strain = 5.670203e-03, elapsed = 3712.8 sec
[TwinWall] projected 8903 node(s)
Step =   3763: nodes = 38087, dt = 8.069361e-11, strain = 5.671010e-03, elapsed = 3717.2 sec
[TwinWall] projected 9115 node(s)
Step =   3764: nodes = 38096, dt = 9.683233e-11, strain = 5.671978e-03, elapsed = 3721.7 sec
[TwinWall] projected 9272 node(s)
Step =   3765: nodes = 38114, dt = 1.161988e-10, strain = 5.673140e-03, elapsed = 3726.1 sec
[TwinWall] projected 9306 node(s)
Step =   3766: nodes = 38066, dt = 1.394386e-10, strain = 5.674535e-03, elapsed = 3730.6 sec
[TwinWall] projected 9254 node(s)
Step =   3767: nodes = 38077, dt = 8.366313e-11, strain = 5.675371e-03, elapsed = 3737.3 sec
[TwinWall] projected 9029 node(s)
Step =   3768: nodes = 38044, dt = 8.366313e-11, strain = 5.676208e-03, elapsed = 3741.7 sec
[TwinWall] projected 9122 node(s)
Step =   3769: nodes = 38027, dt = 1.003958e-10, strain = 5.677212e-03, elapsed = 3746.1 sec
[TwinWall] projected 9205 node(s)
Step =   3770: nodes = 38020, dt = 1.204749e-10, strain = 5.678417e-03, elapsed = 3750.6 sec
[TwinWall] projected 9290 node(s)
Step =   3771: nodes = 38019, dt = 1.445699e-10, strain = 5.679862e-03, elapsed = 3755.1 sec
[TwinWall] projected 9040 node(s)
Step =   3772: nodes = 37992, dt = 8.674194e-11, strain = 5.680730e-03, elapsed = 3761.8 sec
[TwinWall] projected 8983 node(s)
Step =   3773: nodes = 37997, dt = 8.674194e-11, strain = 5.681597e-03, elapsed = 3766.3 sec
[TwinWall] projected 9126 node(s)
Step =   3774: nodes = 38013, dt = 1.040903e-10, strain = 5.682638e-03, elapsed = 3770.6 sec
[TwinWall] projected 9182 node(s)
Step =   3775: nodes = 37948, dt = 1.249084e-10, strain = 5.683887e-03, elapsed = 3775.1 sec
[TwinWall] projected 8975 node(s)
Step =   3776: nodes = 37967, dt = 7.494503e-11, strain = 5.684637e-03, elapsed = 3781.7 sec
[TwinWall] projected 8913 node(s)
Step =   3777: nodes = 37970, dt = 7.494503e-11, strain = 5.685386e-03, elapsed = 3786.2 sec
[TwinWall] projected 8978 node(s)
Step =   3778: nodes = 37961, dt = 8.993404e-11, strain = 5.686286e-03, elapsed = 3790.5 sec
[TwinWall] projected 9094 node(s)
Step =   3779: nodes = 37970, dt = 1.079208e-10, strain = 5.687365e-03, elapsed = 3795.1 sec
[TwinWall] projected 9249 node(s)
Step =   3780: nodes = 37959, dt = 1.295050e-10, strain = 5.688660e-03, elapsed = 3799.5 sec
[TwinWall] projected 8986 node(s)
Step =   3781: nodes = 37964, dt = 7.770301e-11, strain = 5.689437e-03, elapsed = 3806.2 sec
[TwinWall] projected 8953 node(s)
Step =   3782: nodes = 37977, dt = 7.770301e-11, strain = 5.690214e-03, elapsed = 3810.6 sec
[TwinWall] projected 9038 node(s)
Step =   3783: nodes = 37974, dt = 9.324361e-11, strain = 5.691146e-03, elapsed = 3815.1 sec
[TwinWall] projected 9147 node(s)
Step =   3784: nodes = 37978, dt = 1.118923e-10, strain = 5.692265e-03, elapsed = 3819.5 sec
[TwinWall] projected 9315 node(s)
Step =   3785: nodes = 37979, dt = 1.342708e-10, strain = 5.693608e-03, elapsed = 3824.0 sec
[TwinWall] projected 9181 node(s)
Step =   3786: nodes = 37968, dt = 8.056248e-11, strain = 5.694414e-03, elapsed = 3830.7 sec
[TwinWall] projected 8941 node(s)
Step =   3787: nodes = 37924, dt = 8.056248e-11, strain = 5.695219e-03, elapsed = 3835.1 sec
[TwinWall] projected 9027 node(s)
Step =   3788: nodes = 37935, dt = 9.667498e-11, strain = 5.696186e-03, elapsed = 3839.6 sec
[TwinWall] projected 9172 node(s)
Step =   3789: nodes = 37922, dt = 1.160100e-10, strain = 5.697346e-03, elapsed = 3844.0 sec
[TwinWall] projected 9224 node(s)
Step =   3790: nodes = 37856, dt = 1.392120e-10, strain = 5.698738e-03, elapsed = 3848.5 sec
[TwinWall] projected 9047 node(s)
Step =   3791: nodes = 37856, dt = 8.352718e-11, strain = 5.699573e-03, elapsed = 3855.4 sec
[TwinWall] projected 9019 node(s)
Step =   3792: nodes = 37837, dt = 8.352718e-11, strain = 5.700409e-03, elapsed = 3859.8 sec
[TwinWall] projected 9173 node(s)
Step =   3793: nodes = 37894, dt = 1.002326e-10, strain = 5.701411e-03, elapsed = 3864.2 sec
[TwinWall] projected 9244 node(s)
Step =   3794: nodes = 37882, dt = 1.202791e-10, strain = 5.702614e-03, elapsed = 3868.6 sec
[TwinWall] projected 9077 node(s)
Step =   3795: nodes = 37869, dt = 7.216748e-11, strain = 5.703335e-03, elapsed = 3875.2 sec
[TwinWall] projected 8926 node(s)
Step =   3796: nodes = 37851, dt = 7.216748e-11, strain = 5.704057e-03, elapsed = 3879.6 sec
[TwinWall] projected 8940 node(s)
Step =   3797: nodes = 37854, dt = 8.660098e-11, strain = 5.704923e-03, elapsed = 3884.0 sec
[TwinWall] projected 9027 node(s)
Step =   3798: nodes = 37852, dt = 1.039212e-10, strain = 5.705962e-03, elapsed = 3888.5 sec
[TwinWall] projected 9161 node(s)
Step =   3799: nodes = 37852, dt = 1.247054e-10, strain = 5.707209e-03, elapsed = 3893.0 sec
[TwinWall] projected 9012 node(s)
Step =   3800: nodes = 37828, dt = 7.482325e-11, strain = 5.707958e-03, elapsed = 3899.6 sec
Writing configuration in legacy data format
 Output file: /data/home/dg000246b/openDIS/HomeWork/output_Cu_twin_rorient1/config.3800.data
Writing restart file
 Restart file: /data/home/dg000246b/openDIS/HomeWork/output_Cu_twin_rorient1/restart.3800.exadis
[TwinWall] projected 8860 node(s)
Step =   3801: nodes = 37834, dt = 7.482325e-11, strain = 5.708706e-03, elapsed = 3904.4 sec
[TwinWall] projected 8956 node(s)
Step =   3802: nodes = 37863, dt = 8.978790e-11, strain = 5.709604e-03, elapsed = 3908.8 sec
[TwinWall] projected 9136 node(s)
Step =   3803: nodes = 37829, dt = 1.077455e-10, strain = 5.710681e-03, elapsed = 3913.3 sec
[TwinWall] projected 9215 node(s)
Step =   3804: nodes = 37841, dt = 1.292946e-10, strain = 5.711974e-03, elapsed = 3917.8 sec
[TwinWall] projected 9103 node(s)
Step =   3805: nodes = 37769, dt = 7.757674e-11, strain = 5.712750e-03, elapsed = 3924.4 sec
[TwinWall] projected 8989 node(s)
Step =   3806: nodes = 37773, dt = 7.757674e-11, strain = 5.713526e-03, elapsed = 3928.7 sec
[TwinWall] projected 9126 node(s)
Step =   3807: nodes = 37754, dt = 9.309209e-11, strain = 5.714457e-03, elapsed = 3933.1 sec
[TwinWall] projected 9058 node(s)
Step =   3808: nodes = 37806, dt = 1.117105e-10, strain = 5.715574e-03, elapsed = 3937.6 sec
[TwinWall] projected 9202 node(s)
Step =   3809: nodes = 37763, dt = 1.340526e-10, strain = 5.716914e-03, elapsed = 3942.1 sec
[TwinWall] projected 8975 node(s)
Step =   3810: nodes = 37773, dt = 8.043157e-11, strain = 5.717719e-03, elapsed = 3948.7 sec
[TwinWall] projected 8811 node(s)
Step =   3811: nodes = 37766, dt = 8.043157e-11, strain = 5.718523e-03, elapsed = 3953.1 sec
[TwinWall] projected 8981 node(s)
Step =   3812: nodes = 37772, dt = 9.651788e-11, strain = 5.719488e-03, elapsed = 3957.5 sec
[TwinWall] projected 9164 node(s)
Step =   3813: nodes = 37768, dt = 1.158215e-10, strain = 5.720646e-03, elapsed = 3961.9 sec
[TwinWall] projected 9219 node(s)
Step =   3814: nodes = 37720, dt = 1.389857e-10, strain = 5.722036e-03, elapsed = 3966.3 sec
[TwinWall] projected 9052 node(s)
Step =   3815: nodes = 37701, dt = 8.339145e-11, strain = 5.722870e-03, elapsed = 3973.1 sec
[TwinWall] projected 8868 node(s)
Step =   3816: nodes = 37685, dt = 8.339145e-11, strain = 5.723704e-03, elapsed = 3977.4 sec
[TwinWall] projected 8965 node(s)
Step =   3817: nodes = 37677, dt = 1.000697e-10, strain = 5.724705e-03, elapsed = 3981.8 sec
[TwinWall] projected 9115 node(s)
Step =   3818: nodes = 37676, dt = 1.200837e-10, strain = 5.725906e-03, elapsed = 3986.2 sec
[TwinWall] projected 8991 node(s)
Step =   3819: nodes = 37659, dt = 7.205021e-11, strain = 5.726626e-03, elapsed = 3992.8 sec
[TwinWall] projected 8781 node(s)
Step =   3820: nodes = 37669, dt = 7.205021e-11, strain = 5.727347e-03, elapsed = 3997.0 sec
[TwinWall] projected 8900 node(s)
Step =   3821: nodes = 37670, dt = 8.646025e-11, strain = 5.728211e-03, elapsed = 4001.3 sec
[TwinWall] projected 8984 node(s)
Step =   3822: nodes = 37664, dt = 1.037523e-10, strain = 5.729249e-03, elapsed = 4005.7 sec
[TwinWall] projected 9157 node(s)
Step =   3823: nodes = 37643, dt = 1.245028e-10, strain = 5.730494e-03, elapsed = 4010.1 sec
[TwinWall] projected 8916 node(s)
Step =   3824: nodes = 37636, dt = 7.470166e-11, strain = 5.731241e-03, elapsed = 4016.6 sec
[TwinWall] projected 8777 node(s)
Step =   3825: nodes = 37646, dt = 7.470166e-11, strain = 5.731988e-03, elapsed = 4020.9 sec
[TwinWall] projected 8861 node(s)
Step =   3826: nodes = 37648, dt = 8.964199e-11, strain = 5.732884e-03, elapsed = 4025.2 sec
[TwinWall] projected 8999 node(s)
Step =   3827: nodes = 37646, dt = 1.075704e-10, strain = 5.733960e-03, elapsed = 4029.6 sec
[TwinWall] projected 9131 node(s)
Step =   3828: nodes = 37612, dt = 1.290845e-10, strain = 5.735251e-03, elapsed = 4034.2 sec
[TwinWall] projected 8974 node(s)
Step =   3829: nodes = 37626, dt = 7.745068e-11, strain = 5.736025e-03, elapsed = 4040.8 sec
[TwinWall] projected 8963 node(s)
Step =   3830: nodes = 37637, dt = 7.745068e-11, strain = 5.736800e-03, elapsed = 4045.1 sec
[TwinWall] projected 9083 node(s)
Step =   3831: nodes = 37635, dt = 9.294082e-11, strain = 5.737729e-03, elapsed = 4049.4 sec
[TwinWall] projected 9056 node(s)
Step =   3832: nodes = 37593, dt = 1.115290e-10, strain = 5.738844e-03, elapsed = 4053.7 sec
[TwinWall] projected 9001 node(s)
Step =   3833: nodes = 37626, dt = 6.691739e-11, strain = 5.739514e-03, elapsed = 4060.2 sec
[TwinWall] projected 8920 node(s)
Step =   3834: nodes = 37630, dt = 6.691739e-11, strain = 5.740183e-03, elapsed = 4064.5 sec
[TwinWall] projected 8934 node(s)
Step =   3835: nodes = 37640, dt = 8.030086e-11, strain = 5.740986e-03, elapsed = 4068.9 sec
[TwinWall] projected 9035 node(s)
Step =   3836: nodes = 37649, dt = 9.636104e-11, strain = 5.741949e-03, elapsed = 4073.2 sec
[TwinWall] projected 9122 node(s)
Step =   3837: nodes = 37652, dt = 1.156332e-10, strain = 5.743106e-03, elapsed = 4077.6 sec
[TwinWall] projected 8863 node(s)
Step =   3838: nodes = 37650, dt = 6.937995e-11, strain = 5.743799e-03, elapsed = 4084.2 sec
[TwinWall] projected 8827 node(s)
Step =   3839: nodes = 37667, dt = 6.937995e-11, strain = 5.744493e-03, elapsed = 4088.5 sec
[TwinWall] projected 8941 node(s)
Step =   3840: nodes = 37675, dt = 8.325594e-11, strain = 5.745326e-03, elapsed = 4093.1 sec
[TwinWall] projected 9006 node(s)
Step =   3841: nodes = 37664, dt = 9.990712e-11, strain = 5.746325e-03, elapsed = 4097.5 sec
[TwinWall] projected 9131 node(s)
Step =   3842: nodes = 37648, dt = 1.198885e-10, strain = 5.747524e-03, elapsed = 4101.9 sec
[TwinWall] projected 8899 node(s)
Step =   3843: nodes = 37663, dt = 7.193313e-11, strain = 5.748243e-03, elapsed = 4108.4 sec
[TwinWall] projected 8832 node(s)
Step =   3844: nodes = 37647, dt = 7.193313e-11, strain = 5.748962e-03, elapsed = 4112.8 sec
[TwinWall] projected 8921 node(s)
Step =   3845: nodes = 37627, dt = 8.631975e-11, strain = 5.749826e-03, elapsed = 4117.1 sec
[TwinWall] projected 9120 node(s)
Step =   3846: nodes = 37656, dt = 1.035837e-10, strain = 5.750861e-03, elapsed = 4121.4 sec
[TwinWall] projected 9223 node(s)
Step =   3847: nodes = 37666, dt = 1.243004e-10, strain = 5.752105e-03, elapsed = 4125.8 sec
[TwinWall] projected 9139 node(s)
Step =   3848: nodes = 37672, dt = 7.458027e-11, strain = 5.752850e-03, elapsed = 4132.3 sec
[TwinWall] projected 9112 node(s)
Step =   3849: nodes = 37707, dt = 7.458027e-11, strain = 5.753596e-03, elapsed = 4136.6 sec
[TwinWall] projected 9142 node(s)
Step =   3850: nodes = 37698, dt = 8.949632e-11, strain = 5.754491e-03, elapsed = 4141.0 sec
[TwinWall] projected 9104 node(s)
Step =   3851: nodes = 37684, dt = 1.073956e-10, strain = 5.755565e-03, elapsed = 4145.4 sec
[TwinWall] projected 9199 node(s)
Step =   3852: nodes = 37653, dt = 1.288747e-10, strain = 5.756854e-03, elapsed = 4149.7 sec
[TwinWall] projected 9038 node(s)
Step =   3853: nodes = 37672, dt = 7.732482e-11, strain = 5.757627e-03, elapsed = 4156.5 sec
[TwinWall] projected 8890 node(s)
Step =   3854: nodes = 37662, dt = 7.732482e-11, strain = 5.758400e-03, elapsed = 4160.8 sec
[TwinWall] projected 9088 node(s)
Step =   3855: nodes = 37669, dt = 9.278979e-11, strain = 5.759328e-03, elapsed = 4165.1 sec
[TwinWall] projected 9261 node(s)
Step =   3856: nodes = 37700, dt = 1.113477e-10, strain = 5.760442e-03, elapsed = 4169.3 sec
[TwinWall] projected 9319 node(s)
Step =   3857: nodes = 37673, dt = 1.336173e-10, strain = 5.761778e-03, elapsed = 4173.8 sec
[TwinWall] projected 9264 node(s)
Step =   3858: nodes = 37651, dt = 8.017038e-11, strain = 5.762580e-03, elapsed = 4180.2 sec
[TwinWall] projected 9006 node(s)
Step =   3859: nodes = 37671, dt = 8.017038e-11, strain = 5.763381e-03, elapsed = 4184.6 sec
[TwinWall] projected 9065 node(s)
Step =   3860: nodes = 37692, dt = 9.620445e-11, strain = 5.764343e-03, elapsed = 4189.0 sec
[TwinWall] projected 9196 node(s)
Step =   3861: nodes = 37732, dt = 1.154453e-10, strain = 5.765498e-03, elapsed = 4193.4 sec
[TwinWall] projected 9218 node(s)
Step =   3862: nodes = 37668, dt = 1.385344e-10, strain = 5.766883e-03, elapsed = 4197.9 sec
[TwinWall] projected 9023 node(s)
Step =   3863: nodes = 37643, dt = 8.312065e-11, strain = 5.767714e-03, elapsed = 4204.5 sec
[TwinWall] projected 8942 node(s)
Step =   3864: nodes = 37669, dt = 8.312065e-11, strain = 5.768545e-03, elapsed = 4208.9 sec
[TwinWall] projected 9167 node(s)
Step =   3865: nodes = 37670, dt = 9.974477e-11, strain = 5.769543e-03, elapsed = 4213.3 sec
[TwinWall] projected 9139 node(s)
Step =   3866: nodes = 37663, dt = 1.196937e-10, strain = 5.770740e-03, elapsed = 4217.8 sec
[TwinWall] projected 8868 node(s)
Step =   3867: nodes = 37684, dt = 7.181624e-11, strain = 5.771458e-03, elapsed = 4224.3 sec
[TwinWall] projected 8877 node(s)
Step =   3868: nodes = 37687, dt = 7.181624e-11, strain = 5.772176e-03, elapsed = 4228.6 sec
[TwinWall] projected 8960 node(s)
Step =   3869: nodes = 37701, dt = 8.617948e-11, strain = 5.773038e-03, elapsed = 4232.9 sec
[TwinWall] projected 9039 node(s)
Step =   3870: nodes = 37683, dt = 1.034154e-10, strain = 5.774072e-03, elapsed = 4237.3 sec
[TwinWall] projected 9149 node(s)
Step =   3871: nodes = 37704, dt = 1.240985e-10, strain = 5.775313e-03, elapsed = 4241.7 sec
[TwinWall] projected 8971 node(s)
Step =   3872: nodes = 37681, dt = 7.445907e-11, strain = 5.776058e-03, elapsed = 4248.3 sec
[TwinWall] projected 8858 node(s)
Step =   3873: nodes = 37690, dt = 7.445907e-11, strain = 5.776802e-03, elapsed = 4252.7 sec
[TwinWall] projected 8938 node(s)
Step =   3874: nodes = 37701, dt = 8.935089e-11, strain = 5.777696e-03, elapsed = 4257.0 sec
[TwinWall] projected 9171 node(s)
Step =   3875: nodes = 37688, dt = 1.072211e-10, strain = 5.778768e-03, elapsed = 4261.4 sec
[TwinWall] projected 9227 node(s)
Step =   3876: nodes = 37684, dt = 1.286653e-10, strain = 5.780055e-03, elapsed = 4265.8 sec
[TwinWall] projected 9119 node(s)
Step =   3877: nodes = 37680, dt = 7.719917e-11, strain = 5.780827e-03, elapsed = 4272.7 sec
[TwinWall] projected 9032 node(s)
Step =   3878: nodes = 37683, dt = 7.719917e-11, strain = 5.781599e-03, elapsed = 4277.1 sec
[TwinWall] projected 9228 node(s)
Step =   3879: nodes = 37671, dt = 9.263900e-11, strain = 5.782525e-03, elapsed = 4281.4 sec
[TwinWall] projected 9093 node(s)
Step =   3880: nodes = 37675, dt = 1.111668e-10, strain = 5.783637e-03, elapsed = 4285.9 sec
[TwinWall] projected 9287 node(s)
Step =   3881: nodes = 37651, dt = 1.334002e-10, strain = 5.784971e-03, elapsed = 4290.3 sec
[TwinWall] projected 9029 node(s)
Step =   3882: nodes = 37660, dt = 8.004010e-11, strain = 5.785771e-03, elapsed = 4296.8 sec
[TwinWall] projected 8973 node(s)
Step =   3883: nodes = 37663, dt = 8.004010e-11, strain = 5.786572e-03, elapsed = 4301.2 sec
[TwinWall] projected 9069 node(s)
Step =   3884: nodes = 37681, dt = 9.604812e-11, strain = 5.787532e-03, elapsed = 4305.5 sec
[TwinWall] projected 9216 node(s)
Step =   3885: nodes = 37676, dt = 1.152577e-10, strain = 5.788685e-03, elapsed = 4309.8 sec
[TwinWall] projected 8951 node(s)
Step =   3886: nodes = 37705, dt = 6.915464e-11, strain = 5.789376e-03, elapsed = 4316.4 sec
[TwinWall] projected 8868 node(s)
Step =   3887: nodes = 37702, dt = 6.915464e-11, strain = 5.790068e-03, elapsed = 4320.7 sec
[TwinWall] projected 9104 node(s)
Step =   3888: nodes = 37680, dt = 8.298557e-11, strain = 5.790898e-03, elapsed = 4325.0 sec
[TwinWall] projected 9050 node(s)
Step =   3889: nodes = 37713, dt = 9.958269e-11, strain = 5.791893e-03, elapsed = 4329.3 sec
[TwinWall] projected 9243 node(s)
Step =   3890: nodes = 37713, dt = 1.194992e-10, strain = 5.793088e-03, elapsed = 4333.9 sec
[TwinWall] projected 9055 node(s)
Step =   3891: nodes = 37727, dt = 7.169954e-11, strain = 5.793805e-03, elapsed = 4340.4 sec
[TwinWall] projected 8888 node(s)
Step =   3892: nodes = 37749, dt = 7.169954e-11, strain = 5.794522e-03, elapsed = 4344.7 sec
[TwinWall] projected 9095 node(s)
Step =   3893: nodes = 37755, dt = 8.603944e-11, strain = 5.795383e-03, elapsed = 4349.0 sec
[TwinWall] projected 9051 node(s)
Step =   3894: nodes = 37737, dt = 1.032473e-10, strain = 5.796415e-03, elapsed = 4353.4 sec
[TwinWall] projected 9188 node(s)
Step =   3895: nodes = 37655, dt = 1.238968e-10, strain = 5.797654e-03, elapsed = 4357.9 sec
[TwinWall] projected 8949 node(s)
Step =   3896: nodes = 37653, dt = 7.433808e-11, strain = 5.798398e-03, elapsed = 4364.5 sec
[TwinWall] projected 8904 node(s)
Step =   3897: nodes = 37658, dt = 7.433808e-11, strain = 5.799141e-03, elapsed = 4368.8 sec
[TwinWall] projected 9043 node(s)
Step =   3898: nodes = 37677, dt = 8.920569e-11, strain = 5.800033e-03, elapsed = 4373.2 sec
[TwinWall] projected 9072 node(s)
Step =   3899: nodes = 37688, dt = 1.070468e-10, strain = 5.801103e-03, elapsed = 4377.6 sec
[TwinWall] projected 9182 node(s)
Step =   3900: nodes = 37666, dt = 1.284562e-10, strain = 5.802388e-03, elapsed = 4382.0 sec
Writing configuration in legacy data format
 Output file: /data/home/dg000246b/openDIS/HomeWork/output_Cu_twin_rorient1/config.3900.data
Writing restart file
 Restart file: /data/home/dg000246b/openDIS/HomeWork/output_Cu_twin_rorient1/restart.3900.exadis
[TwinWall] projected 8971 node(s)
Step =   3901: nodes = 37651, dt = 7.707372e-11, strain = 5.803159e-03, elapsed = 4389.2 sec
[TwinWall] projected 8870 node(s)
Step =   3902: nodes = 37679, dt = 7.707372e-11, strain = 5.803930e-03, elapsed = 4393.6 sec
[TwinWall] projected 9025 node(s)
Step =   3903: nodes = 37677, dt = 9.248846e-11, strain = 5.804854e-03, elapsed = 4398.0 sec
[TwinWall] projected 9058 node(s)
Step =   3904: nodes = 37658, dt = 1.109862e-10, strain = 5.805964e-03, elapsed = 4402.4 sec
[TwinWall] projected 9117 node(s)
Step =   3905: nodes = 37624, dt = 1.331834e-10, strain = 5.807296e-03, elapsed = 4406.8 sec
[TwinWall] projected 8954 node(s)
Step =   3906: nodes = 37546, dt = 7.991003e-11, strain = 5.808095e-03, elapsed = 4413.3 sec
[TwinWall] projected 8973 node(s)
Step =   3907: nodes = 37539, dt = 7.991003e-11, strain = 5.808894e-03, elapsed = 4417.6 sec
[TwinWall] projected 9022 node(s)
Step =   3908: nodes = 37558, dt = 9.589204e-11, strain = 5.809853e-03, elapsed = 4421.8 sec
[TwinWall] projected 8999 node(s)
Step =   3909: nodes = 37519, dt = 1.150704e-10, strain = 5.811004e-03, elapsed = 4426.2 sec
[TwinWall] projected 9020 node(s)
Step =   3910: nodes = 37512, dt = 1.380845e-10, strain = 5.812385e-03, elapsed = 4430.6 sec
[TwinWall] projected 8859 node(s)
Step =   3911: nodes = 37486, dt = 8.285072e-11, strain = 5.813213e-03, elapsed = 4437.1 sec
[TwinWall] projected 8906 node(s)
Step =   3912: nodes = 37503, dt = 8.285072e-11, strain = 5.814042e-03, elapsed = 4441.3 sec
[TwinWall] projected 8904 node(s)
Step =   3913: nodes = 37476, dt = 9.942087e-11, strain = 5.815036e-03, elapsed = 4445.6 sec
[TwinWall] projected 9052 node(s)
Step =   3914: nodes = 37451, dt = 1.193050e-10, strain = 5.816229e-03, elapsed = 4449.9 sec
[TwinWall] projected 8797 node(s)
Step =   3915: nodes = 37457, dt = 7.158302e-11, strain = 5.816945e-03, elapsed = 4456.5 sec
[TwinWall] projected 8656 node(s)
Step =   3916: nodes = 37488, dt = 7.158302e-11, strain = 5.817661e-03, elapsed = 4460.8 sec
[TwinWall] projected 8894 node(s)
Step =   3917: nodes = 37501, dt = 8.589963e-11, strain = 5.818520e-03, elapsed = 4465.0 sec
[TwinWall] projected 8883 node(s)
Step =   3918: nodes = 37474, dt = 1.030796e-10, strain = 5.819550e-03, elapsed = 4469.4 sec
[TwinWall] projected 9043 node(s)
Step =   3919: nodes = 37464, dt = 1.236955e-10, strain = 5.820787e-03, elapsed = 4473.7 sec
[TwinWall] projected 8796 node(s)
Step =   3920: nodes = 37473, dt = 7.421728e-11, strain = 5.821530e-03, elapsed = 4480.2 sec
[TwinWall] projected 8633 node(s)
Step =   3921: nodes = 37461, dt = 7.421728e-11, strain = 5.822272e-03, elapsed = 4484.6 sec
[TwinWall] projected 8742 node(s)
Step =   3922: nodes = 37431, dt = 8.906074e-11, strain = 5.823162e-03, elapsed = 4488.9 sec
[TwinWall] projected 8964 node(s)
Step =   3923: nodes = 37471, dt = 1.068729e-10, strain = 5.824231e-03, elapsed = 4493.3 sec
[TwinWall] projected 9039 node(s)
Step =   3924: nodes = 37467, dt = 1.282475e-10, strain = 5.825514e-03, elapsed = 4497.6 sec
[TwinWall] projected 8869 node(s)
Step =   3925: nodes = 37432, dt = 7.694848e-11, strain = 5.826283e-03, elapsed = 4504.2 sec
[TwinWall] projected 8781 node(s)
Step =   3926: nodes = 37425, dt = 7.694848e-11, strain = 5.827053e-03, elapsed = 4508.4 sec
[TwinWall] projected 8898 node(s)
Step =   3927: nodes = 37439, dt = 9.233817e-11, strain = 5.827976e-03, elapsed = 4513.0 sec
[TwinWall] projected 8861 node(s)
Step =   3928: nodes = 37425, dt = 1.108058e-10, strain = 5.829084e-03, elapsed = 4517.3 sec
[TwinWall] projected 8960 node(s)
Step =   3929: nodes = 37447, dt = 1.329670e-10, strain = 5.830414e-03, elapsed = 4521.7 sec
[TwinWall] projected 8761 node(s)
Step =   3930: nodes = 37453, dt = 7.978018e-11, strain = 5.831211e-03, elapsed = 4528.2 sec
[TwinWall] projected 8642 node(s)
Step =   3931: nodes = 37473, dt = 7.978018e-11, strain = 5.832009e-03, elapsed = 4532.5 sec
[TwinWall] projected 8802 node(s)
Step =   3932: nodes = 37467, dt = 9.573621e-11, strain = 5.832967e-03, elapsed = 4536.8 sec
[TwinWall] projected 8993 node(s)
Step =   3933: nodes = 37491, dt = 1.148835e-10, strain = 5.834115e-03, elapsed = 4541.2 sec
[TwinWall] projected 9092 node(s)
Step =   3934: nodes = 37501, dt = 1.378601e-10, strain = 5.835494e-03, elapsed = 4545.6 sec
[TwinWall] projected 8881 node(s)
Step =   3935: nodes = 37503, dt = 8.271609e-11, strain = 5.836321e-03, elapsed = 4552.1 sec
[TwinWall] projected 8779 node(s)
Step =   3936: nodes = 37508, dt = 8.271609e-11, strain = 5.837148e-03, elapsed = 4556.4 sec
[TwinWall] projected 8739 node(s)
Step =   3937: nodes = 37520, dt = 9.925931e-11, strain = 5.838141e-03, elapsed = 4560.8 sec
[TwinWall] projected 8937 node(s)
Step =   3938: nodes = 37539, dt = 1.191112e-10, strain = 5.839332e-03, elapsed = 4565.2 sec
[TwinWall] projected 8861 node(s)
Step =   3939: nodes = 37511, dt = 7.146670e-11, strain = 5.840047e-03, elapsed = 4571.7 sec
[TwinWall] projected 8639 node(s)
Step =   3940: nodes = 37519, dt = 7.146670e-11, strain = 5.840761e-03, elapsed = 4576.0 sec
[TwinWall] projected 8660 node(s)
Step =   3941: nodes = 37506, dt = 8.576004e-11, strain = 5.841619e-03, elapsed = 4580.2 sec
[TwinWall] projected 8918 node(s)
Step =   3942: nodes = 37498, dt = 1.029121e-10, strain = 5.842648e-03, elapsed = 4584.6 sec
[TwinWall] projected 8996 node(s)
Step =   3943: nodes = 37465, dt = 1.234945e-10, strain = 5.843883e-03, elapsed = 4588.9 sec
[TwinWall] projected 8833 node(s)
Step =   3944: nodes = 37445, dt = 7.409668e-11, strain = 5.844624e-03, elapsed = 4595.5 sec
[TwinWall] projected 8679 node(s)
Step =   3945: nodes = 37454, dt = 7.409668e-11, strain = 5.845365e-03, elapsed = 4599.8 sec
[TwinWall] projected 8800 node(s)
Step =   3946: nodes = 37426, dt = 8.891601e-11, strain = 5.846254e-03, elapsed = 4604.1 sec
[TwinWall] projected 8820 node(s)
Step =   3947: nodes = 37404, dt = 1.066992e-10, strain = 5.847321e-03, elapsed = 4608.4 sec
[TwinWall] projected 8919 node(s)
Step =   3948: nodes = 37372, dt = 1.280391e-10, strain = 5.848602e-03, elapsed = 4612.8 sec
[TwinWall] projected 8699 node(s)
Step =   3949: nodes = 37362, dt = 7.682343e-11, strain = 5.849370e-03, elapsed = 4619.3 sec
[TwinWall] projected 8577 node(s)
Step =   3950: nodes = 37376, dt = 7.682343e-11, strain = 5.850138e-03, elapsed = 4623.7 sec
[TwinWall] projected 8633 node(s)
Step =   3951: nodes = 37358, dt = 9.218812e-11, strain = 5.851060e-03, elapsed = 4628.0 sec
[TwinWall] projected 8796 node(s)
Step =   3952: nodes = 37374, dt = 1.106257e-10, strain = 5.852166e-03, elapsed = 4632.3 sec
[TwinWall] projected 8959 node(s)
Step =   3953: nodes = 37376, dt = 1.327509e-10, strain = 5.853494e-03, elapsed = 4636.8 sec
[TwinWall] projected 8828 node(s)
Step =   3954: nodes = 37376, dt = 7.965054e-11, strain = 5.854290e-03, elapsed = 4643.2 sec
[TwinWall] projected 8780 node(s)
Step =   3955: nodes = 37388, dt = 7.965054e-11, strain = 5.855087e-03, elapsed = 4647.5 sec
[TwinWall] projected 8960 node(s)
Step =   3956: nodes = 37405, dt = 9.558064e-11, strain = 5.856043e-03, elapsed = 4651.8 sec
[TwinWall] projected 8912 node(s)
Step =   3957: nodes = 37423, dt = 1.146968e-10, strain = 5.857189e-03, elapsed = 4656.2 sec
[TwinWall] projected 9074 node(s)
Step =   3958: nodes = 37383, dt = 1.376361e-10, strain = 5.858566e-03, elapsed = 4660.6 sec
[TwinWall] projected 8816 node(s)
Step =   3959: nodes = 37400, dt = 8.258168e-11, strain = 5.859392e-03, elapsed = 4667.0 sec
[TwinWall] projected 8859 node(s)
Step =   3960: nodes = 37395, dt = 8.258168e-11, strain = 5.860217e-03, elapsed = 4671.3 sec
[TwinWall] projected 8869 node(s)
Step =   3961: nodes = 37428, dt = 9.909801e-11, strain = 5.861208e-03, elapsed = 4675.6 sec
[TwinWall] projected 8988 node(s)
Step =   3962: nodes = 37440, dt = 1.189176e-10, strain = 5.862398e-03, elapsed = 4680.0 sec
[TwinWall] projected 9184 node(s)
Step =   3963: nodes = 37457, dt = 1.427011e-10, strain = 5.863825e-03, elapsed = 4684.5 sec
[TwinWall] projected 8897 node(s)
Step =   3964: nodes = 37466, dt = 8.562068e-11, strain = 5.864681e-03, elapsed = 4690.9 sec
[TwinWall] projected 8835 node(s)
Step =   3965: nodes = 37455, dt = 8.562068e-11, strain = 5.865537e-03, elapsed = 4695.4 sec
[TwinWall] projected 8860 node(s)
Step =   3966: nodes = 37473, dt = 1.027448e-10, strain = 5.866564e-03, elapsed = 4699.6 sec
[TwinWall] projected 8943 node(s)
Step =   3967: nodes = 37446, dt = 1.232938e-10, strain = 5.867797e-03, elapsed = 4704.1 sec
[TwinWall] projected 8694 node(s)
Step =   3968: nodes = 37450, dt = 7.397627e-11, strain = 5.868537e-03, elapsed = 4710.5 sec
[TwinWall] projected 8597 node(s)
Step =   3969: nodes = 37443, dt = 7.397627e-11, strain = 5.869277e-03, elapsed = 4714.9 sec
[TwinWall] projected 8689 node(s)
Step =   3970: nodes = 37429, dt = 8.877152e-11, strain = 5.870165e-03, elapsed = 4719.2 sec
[TwinWall] projected 8839 node(s)
Step =   3971: nodes = 37432, dt = 1.065258e-10, strain = 5.871230e-03, elapsed = 4723.6 sec
[TwinWall] projected 8878 node(s)
Step =   3972: nodes = 37424, dt = 1.278310e-10, strain = 5.872508e-03, elapsed = 4728.0 sec
[TwinWall] projected 8756 node(s)
Step =   3973: nodes = 37400, dt = 7.669860e-11, strain = 5.873275e-03, elapsed = 4734.6 sec
[TwinWall] projected 8675 node(s)
Step =   3974: nodes = 37444, dt = 7.669860e-11, strain = 5.874042e-03, elapsed = 4738.8 sec
[TwinWall] projected 8810 node(s)
Step =   3975: nodes = 37460, dt = 9.203831e-11, strain = 5.874963e-03, elapsed = 4743.1 sec
[TwinWall] projected 8826 node(s)
Step =   3976: nodes = 37444, dt = 1.104460e-10, strain = 5.876067e-03, elapsed = 4747.4 sec
[TwinWall] projected 8946 node(s)
Step =   3977: nodes = 37436, dt = 1.325352e-10, strain = 5.877392e-03, elapsed = 4751.9 sec
[TwinWall] projected 8706 node(s)
Step =   3978: nodes = 37453, dt = 7.952110e-11, strain = 5.878188e-03, elapsed = 4758.3 sec
[TwinWall] projected 8732 node(s)
Step =   3979: nodes = 37455, dt = 7.952110e-11, strain = 5.878983e-03, elapsed = 4762.5 sec
[TwinWall] projected 8801 node(s)
Step =   3980: nodes = 37481, dt = 9.542532e-11, strain = 5.879937e-03, elapsed = 4766.8 sec
[TwinWall] projected 8943 node(s)
Step =   3981: nodes = 37499, dt = 1.145104e-10, strain = 5.881082e-03, elapsed = 4771.1 sec
[TwinWall] projected 8706 node(s)
Step =   3982: nodes = 37502, dt = 6.870623e-11, strain = 5.881769e-03, elapsed = 4777.6 sec
[TwinWall] projected 8555 node(s)
Step =   3983: nodes = 37484, dt = 6.870623e-11, strain = 5.882456e-03, elapsed = 4781.9 sec
[TwinWall] projected 8679 node(s)
Step =   3984: nodes = 37449, dt = 8.244748e-11, strain = 5.883281e-03, elapsed = 4786.2 sec
[TwinWall] projected 8661 node(s)
Step =   3985: nodes = 37429, dt = 9.893698e-11, strain = 5.884270e-03, elapsed = 4790.6 sec
[TwinWall] projected 8898 node(s)
Step =   3986: nodes = 37411, dt = 1.187244e-10, strain = 5.885457e-03, elapsed = 4794.9 sec
[TwinWall] projected 8947 node(s)
Step =   3987: nodes = 37399, dt = 1.424692e-10, strain = 5.886882e-03, elapsed = 4799.3 sec
[TwinWall] projected 8761 node(s)
Step =   3988: nodes = 37386, dt = 8.548155e-11, strain = 5.887737e-03, elapsed = 4805.9 sec
[TwinWall] projected 8695 node(s)
Step =   3989: nodes = 37398, dt = 8.548155e-11, strain = 5.888592e-03, elapsed = 4810.1 sec
[TwinWall] projected 8937 node(s)
Step =   3990: nodes = 37397, dt = 1.025779e-10, strain = 5.889618e-03, elapsed = 4814.6 sec
[TwinWall] projected 8940 node(s)
Step =   3991: nodes = 37416, dt = 1.230934e-10, strain = 5.890848e-03, elapsed = 4818.9 sec
[TwinWall] projected 8744 node(s)
Step =   3992: nodes = 37412, dt = 7.385606e-11, strain = 5.891587e-03, elapsed = 4825.5 sec
[TwinWall] projected 8525 node(s)
Step =   3993: nodes = 37414, dt = 7.385606e-11, strain = 5.892326e-03, elapsed = 4829.8 sec
[TwinWall] projected 8639 node(s)
Step =   3994: nodes = 37382, dt = 8.862727e-11, strain = 5.893212e-03, elapsed = 4834.1 sec
[TwinWall] projected 8732 node(s)
Step =   3995: nodes = 37365, dt = 1.063527e-10, strain = 5.894275e-03, elapsed = 4838.4 sec
[TwinWall] projected 8829 node(s)
Step =   3996: nodes = 37347, dt = 1.276233e-10, strain = 5.895552e-03, elapsed = 4842.8 sec
[TwinWall] projected 8521 node(s)
Step =   3997: nodes = 37331, dt = 7.657396e-11, strain = 5.896317e-03, elapsed = 4849.3 sec
[TwinWall] projected 8475 node(s)
Step =   3998: nodes = 37335, dt = 7.657396e-11, strain = 5.897083e-03, elapsed = 4853.5 sec
[TwinWall] projected 8614 node(s)
Step =   3999: nodes = 37341, dt = 9.188875e-11, strain = 5.898002e-03, elapsed = 4857.8 sec
[TwinWall] projected 8728 node(s)
Step =   4000: nodes = 37330, dt = 1.102665e-10, strain = 5.899105e-03, elapsed = 4862.1 sec
Writing configuration in legacy data format
 Output file: /data/home/dg000246b/openDIS/HomeWork/output_Cu_twin_rorient1/config.4000.data
Writing restart file
 Restart file: /data/home/dg000246b/openDIS/HomeWork/output_Cu_twin_rorient1/restart.4000.exadis
[TwinWall] projected 8839 node(s)
Step =   4001: nodes = 37294, dt = 1.323198e-10, strain = 5.900428e-03, elapsed = 4866.9 sec
[TwinWall] projected 8512 node(s)
Step =   4002: nodes = 37293, dt = 7.939188e-11, strain = 5.901222e-03, elapsed = 4873.6 sec
[TwinWall] projected 8625 node(s)
Step =   4003: nodes = 37300, dt = 7.939188e-11, strain = 5.902016e-03, elapsed = 4877.8 sec
[TwinWall] projected 8754 node(s)
Step =   4004: nodes = 37308, dt = 9.527026e-11, strain = 5.902968e-03, elapsed = 4882.0 sec
[TwinWall] projected 8691 node(s)
Step =   4005: nodes = 37308, dt = 1.143243e-10, strain = 5.904112e-03, elapsed = 4886.4 sec
[TwinWall] projected 8442 node(s)
Step =   4006: nodes = 37291, dt = 6.859459e-11, strain = 5.904798e-03, elapsed = 4892.7 sec
[TwinWall] projected 8469 node(s)
Step =   4007: nodes = 37289, dt = 6.859459e-11, strain = 5.905483e-03, elapsed = 4897.0 sec
[TwinWall] projected 8564 node(s)
Step =   4008: nodes = 37295, dt = 8.231350e-11, strain = 5.906307e-03, elapsed = 4901.2 sec
[TwinWall] projected 8644 node(s)
Step =   4009: nodes = 37280, dt = 9.877620e-11, strain = 5.907294e-03, elapsed = 4905.5 sec
[TwinWall] projected 8761 node(s)
Step =   4010: nodes = 37271, dt = 1.185314e-10, strain = 5.908480e-03, elapsed = 4909.8 sec
[TwinWall] projected 8651 node(s)
Step =   4011: nodes = 37280, dt = 7.111887e-11, strain = 5.909191e-03, elapsed = 4916.2 sec
[TwinWall] projected 8468 node(s)
Step =   4012: nodes = 37269, dt = 7.111887e-11, strain = 5.909902e-03, elapsed = 4920.5 sec
[TwinWall] projected 8581 node(s)
Step =   4013: nodes = 37276, dt = 8.534264e-11, strain = 5.910756e-03, elapsed = 4924.8 sec
[TwinWall] projected 8563 node(s)
Step =   4014: nodes = 37280, dt = 1.024112e-10, strain = 5.911780e-03, elapsed = 4929.2 sec
[TwinWall] projected 8778 node(s)
Step =   4015: nodes = 37275, dt = 1.228934e-10, strain = 5.913009e-03, elapsed = 4933.7 sec
[TwinWall] projected 8475 node(s)
Step =   4016: nodes = 37233, dt = 7.373604e-11, strain = 5.913746e-03, elapsed = 4940.2 sec
[TwinWall] projected 8394 node(s)
Step =   4017: nodes = 37244, dt = 7.373604e-11, strain = 5.914483e-03, elapsed = 4944.4 sec
[TwinWall] projected 8638 node(s)
Step =   4018: nodes = 37248, dt = 8.848325e-11, strain = 5.915368e-03, elapsed = 4948.7 sec
[TwinWall] projected 8648 node(s)
Step =   4019: nodes = 37272, dt = 1.061799e-10, strain = 5.916430e-03, elapsed = 4952.9 sec
[TwinWall] projected 8754 node(s)
Step =   4020: nodes = 37250, dt = 1.274159e-10, strain = 5.917704e-03, elapsed = 4957.3 sec
[TwinWall] projected 8416 node(s)
Step =   4021: nodes = 37223, dt = 7.644953e-11, strain = 5.918469e-03, elapsed = 4963.7 sec
[TwinWall] projected 8496 node(s)
Step =   4022: nodes = 37237, dt = 7.644953e-11, strain = 5.919233e-03, elapsed = 4968.0 sec
[TwinWall] projected 8609 node(s)
Step =   4023: nodes = 37243, dt = 9.173943e-11, strain = 5.920150e-03, elapsed = 4972.2 sec
[TwinWall] projected 8685 node(s)
Step =   4024: nodes = 37226, dt = 1.100873e-10, strain = 5.921251e-03, elapsed = 4976.5 sec
[TwinWall] projected 8748 node(s)
Step =   4025: nodes = 37223, dt = 1.321048e-10, strain = 5.922572e-03, elapsed = 4980.8 sec
[TwinWall] projected 8578 node(s)
Step =   4026: nodes = 37198, dt = 7.926287e-11, strain = 5.923365e-03, elapsed = 4987.3 sec
[TwinWall] projected 8386 node(s)
Step =   4027: nodes = 37191, dt = 7.926287e-11, strain = 5.924158e-03, elapsed = 4991.5 sec
[TwinWall] projected 8505 node(s)
Step =   4028: nodes = 37202, dt = 9.511544e-11, strain = 5.925109e-03, elapsed = 4996.0 sec
[TwinWall] projected 8499 node(s)
Step =   4029: nodes = 37209, dt = 1.141385e-10, strain = 5.926250e-03, elapsed = 5000.3 sec
[TwinWall] projected 8671 node(s)
Step =   4030: nodes = 37193, dt = 1.369662e-10, strain = 5.927620e-03, elapsed = 5004.7 sec
[TwinWall] projected 8483 node(s)
Step =   4031: nodes = 37204, dt = 8.217974e-11, strain = 5.928442e-03, elapsed = 5011.1 sec
[TwinWall] projected 8419 node(s)
Step =   4032: nodes = 37240, dt = 8.217974e-11, strain = 5.929263e-03, elapsed = 5015.4 sec
[TwinWall] projected 8582 node(s)
Step =   4033: nodes = 37265, dt = 9.861569e-11, strain = 5.930250e-03, elapsed = 5019.6 sec
[TwinWall] projected 8758 node(s)
Step =   4034: nodes = 37259, dt = 1.183388e-10, strain = 5.931433e-03, elapsed = 5024.1 sec
[TwinWall] projected 8431 node(s)
Step =   4035: nodes = 37251, dt = 7.100330e-11, strain = 5.932143e-03, elapsed = 5030.4 sec
[TwinWall] projected 8460 node(s)
Step =   4036: nodes = 37280, dt = 7.100330e-11, strain = 5.932853e-03, elapsed = 5034.7 sec
[TwinWall] projected 8559 node(s)
Step =   4037: nodes = 37287, dt = 8.520396e-11, strain = 5.933705e-03, elapsed = 5038.9 sec
[TwinWall] projected 8598 node(s)
Step =   4038: nodes = 37304, dt = 1.022447e-10, strain = 5.934728e-03, elapsed = 5043.2 sec
[TwinWall] projected 8745 node(s)
Step =   4039: nodes = 37319, dt = 1.226937e-10, strain = 5.935954e-03, elapsed = 5047.6 sec
[TwinWall] projected 8582 node(s)
Step =   4040: nodes = 37313, dt = 7.361622e-11, strain = 5.936691e-03, elapsed = 5054.2 sec
[TwinWall] projected 8513 node(s)
Step =   4041: nodes = 37306, dt = 7.361622e-11, strain = 5.937427e-03, elapsed = 5058.4 sec
[TwinWall] projected 8643 node(s)
Step =   4042: nodes = 37298, dt = 8.833946e-11, strain = 5.938310e-03, elapsed = 5062.6 sec
[TwinWall] projected 8654 node(s)
Step =   4043: nodes = 37345, dt = 1.060074e-10, strain = 5.939370e-03, elapsed = 5066.9 sec
[TwinWall] projected 8772 node(s)
Step =   4044: nodes = 37286, dt = 1.272088e-10, strain = 5.940642e-03, elapsed = 5071.3 sec
[TwinWall] projected 8490 node(s)
Step =   4045: nodes = 37305, dt = 7.632530e-11, strain = 5.941406e-03, elapsed = 5077.7 sec
[TwinWall] projected 8555 node(s)
Step =   4046: nodes = 37317, dt = 7.632530e-11, strain = 5.942169e-03, elapsed = 5081.9 sec
[TwinWall] projected 8655 node(s)
Step =   4047: nodes = 37350, dt = 9.159036e-11, strain = 5.943085e-03, elapsed = 5086.3 sec
[TwinWall] projected 8707 node(s)
Step =   4048: nodes = 37359, dt = 1.099084e-10, strain = 5.944184e-03, elapsed = 5090.6 sec
[TwinWall] projected 8816 node(s)
Step =   4049: nodes = 37360, dt = 1.318901e-10, strain = 5.945503e-03, elapsed = 5094.9 sec
[TwinWall] projected 8640 node(s)
Step =   4050: nodes = 37358, dt = 7.913407e-11, strain = 5.946294e-03, elapsed = 5101.4 sec
[TwinWall] projected 8506 node(s)
Step =   4051: nodes = 37390, dt = 7.913407e-11, strain = 5.947085e-03, elapsed = 5105.7 sec
[TwinWall] projected 8677 node(s)
Step =   4052: nodes = 37372, dt = 9.496088e-11, strain = 5.948035e-03, elapsed = 5110.0 sec
[TwinWall] projected 8678 node(s)
Step =   4053: nodes = 37341, dt = 1.139531e-10, strain = 5.949175e-03, elapsed = 5114.4 sec
[TwinWall] projected 8783 node(s)
Step =   4054: nodes = 37331, dt = 1.367437e-10, strain = 5.950542e-03, elapsed = 5118.8 sec
[TwinWall] projected 8578 node(s)
Step =   4055: nodes = 37269, dt = 8.204620e-11, strain = 5.951362e-03, elapsed = 5125.1 sec
[TwinWall] projected 8587 node(s)
Step =   4056: nodes = 37241, dt = 8.204620e-11, strain = 5.952183e-03, elapsed = 5129.3 sec
[TwinWall] projected 8602 node(s)
Step =   4057: nodes = 37224, dt = 9.845544e-11, strain = 5.953167e-03, elapsed = 5133.5 sec
[TwinWall] projected 8581 node(s)
Step =   4058: nodes = 37178, dt = 1.181465e-10, strain = 5.954349e-03, elapsed = 5137.8 sec
[TwinWall] projected 8451 node(s)
Step =   4059: nodes = 37155, dt = 7.088792e-11, strain = 5.955058e-03, elapsed = 5144.2 sec
[TwinWall] projected 8468 node(s)
Step =   4060: nodes = 37154, dt = 7.088792e-11, strain = 5.955767e-03, elapsed = 5148.4 sec
[TwinWall] projected 8464 node(s)
Step =   4061: nodes = 37154, dt = 8.506550e-11, strain = 5.956617e-03, elapsed = 5152.6 sec
[TwinWall] projected 8520 node(s)
Step =   4062: nodes = 37162, dt = 1.020786e-10, strain = 5.957638e-03, elapsed = 5156.9 sec
[TwinWall] projected 8513 node(s)
Step =   4063: nodes = 37161, dt = 1.224943e-10, strain = 5.958863e-03, elapsed = 5161.1 sec
[TwinWall] projected 8416 node(s)
Step =   4064: nodes = 37148, dt = 7.349659e-11, strain = 5.959598e-03, elapsed = 5167.6 sec
[TwinWall] projected 8214 node(s)
Step =   4065: nodes = 37135, dt = 7.349659e-11, strain = 5.960333e-03, elapsed = 5171.8 sec
[TwinWall] projected 8378 node(s)
Step =   4066: nodes = 37088, dt = 8.819591e-11, strain = 5.961215e-03, elapsed = 5176.0 sec
[TwinWall] projected 8488 node(s)
Step =   4067: nodes = 37114, dt = 1.058351e-10, strain = 5.962273e-03, elapsed = 5180.2 sec
[TwinWall] projected 8567 node(s)
Step =   4068: nodes = 37107, dt = 1.270021e-10, strain = 5.963543e-03, elapsed = 5184.6 sec
[TwinWall] projected 8153 node(s)
Step =   4069: nodes = 37102, dt = 7.620127e-11, strain = 5.964305e-03, elapsed = 5190.9 sec
[TwinWall] projected 8364 node(s)
Step =   4070: nodes = 37118, dt = 7.620127e-11, strain = 5.965067e-03, elapsed = 5195.2 sec
[TwinWall] projected 8443 node(s)
Step =   4071: nodes = 37114, dt = 9.144152e-11, strain = 5.965982e-03, elapsed = 5199.4 sec
[TwinWall] projected 8510 node(s)
Step =   4072: nodes = 37115, dt = 1.097298e-10, strain = 5.967079e-03, elapsed = 5203.7 sec
[TwinWall] projected 8496 node(s)
Step =   4073: nodes = 37082, dt = 1.316758e-10, strain = 5.968396e-03, elapsed = 5207.9 sec
[TwinWall] projected 8444 node(s)
Step =   4074: nodes = 37074, dt = 7.900547e-11, strain = 5.969186e-03, elapsed = 5214.3 sec
[TwinWall] projected 8225 node(s)
Step =   4075: nodes = 37061, dt = 7.900547e-11, strain = 5.969976e-03, elapsed = 5218.4 sec
[TwinWall] projected 8422 node(s)
Step =   4076: nodes = 37077, dt = 9.480657e-11, strain = 5.970924e-03, elapsed = 5222.7 sec
[TwinWall] projected 8371 node(s)
Step =   4077: nodes = 37076, dt = 1.137679e-10, strain = 5.972062e-03, elapsed = 5227.0 sec
[TwinWall] projected 8125 node(s)
Step =   4078: nodes = 37076, dt = 6.826073e-11, strain = 5.972744e-03, elapsed = 5233.6 sec
[TwinWall] projected 8177 node(s)
Step =   4079: nodes = 37072, dt = 6.826073e-11, strain = 5.973427e-03, elapsed = 5237.9 sec
[TwinWall] projected 8245 node(s)
Step =   4080: nodes = 37115, dt = 8.191288e-11, strain = 5.974246e-03, elapsed = 5242.1 sec
[TwinWall] projected 8328 node(s)
Step =   4081: nodes = 37125, dt = 9.829545e-11, strain = 5.975229e-03, elapsed = 5246.3 sec
[TwinWall] projected 8355 node(s)
Step =   4082: nodes = 37096, dt = 1.179545e-10, strain = 5.976409e-03, elapsed = 5250.7 sec
[TwinWall] projected 8578 node(s)
Step =   4083: nodes = 37106, dt = 1.415454e-10, strain = 5.977824e-03, elapsed = 5255.0 sec
[TwinWall] projected 8322 node(s)
Step =   4084: nodes = 37088, dt = 8.492727e-11, strain = 5.978673e-03, elapsed = 5261.4 sec
[TwinWall] projected 8222 node(s)
Step =   4085: nodes = 37062, dt = 8.492727e-11, strain = 5.979523e-03, elapsed = 5265.6 sec
[TwinWall] projected 8365 node(s)
Step =   4086: nodes = 37061, dt = 1.019127e-10, strain = 5.980542e-03, elapsed = 5269.9 sec
[TwinWall] projected 8568 node(s)
Step =   4087: nodes = 37078, dt = 1.222953e-10, strain = 5.981765e-03, elapsed = 5274.1 sec
[TwinWall] projected 8384 node(s)
Step =   4088: nodes = 37062, dt = 7.337716e-11, strain = 5.982498e-03, elapsed = 5280.5 sec
[TwinWall] projected 8175 node(s)
Step =   4089: nodes = 37073, dt = 7.337716e-11, strain = 5.983232e-03, elapsed = 5284.6 sec
[TwinWall] projected 8380 node(s)
Step =   4090: nodes = 37076, dt = 8.805259e-11, strain = 5.984113e-03, elapsed = 5288.8 sec
[TwinWall] projected 8387 node(s)
Step =   4091: nodes = 37088, dt = 1.056631e-10, strain = 5.985169e-03, elapsed = 5293.1 sec
[TwinWall] projected 8423 node(s)
Step =   4092: nodes = 37057, dt = 1.267957e-10, strain = 5.986437e-03, elapsed = 5297.5 sec
[TwinWall] projected 8179 node(s)
Step =   4093: nodes = 37053, dt = 7.607744e-11, strain = 5.987198e-03, elapsed = 5303.9 sec
[TwinWall] projected 8293 node(s)
Step =   4094: nodes = 37063, dt = 7.607744e-11, strain = 5.987959e-03, elapsed = 5308.1 sec
[TwinWall] projected 8372 node(s)
Step =   4095: nodes = 37068, dt = 9.129293e-11, strain = 5.988872e-03, elapsed = 5312.3 sec
[TwinWall] projected 8445 node(s)
Step =   4096: nodes = 37042, dt = 1.095515e-10, strain = 5.989967e-03, elapsed = 5316.5 sec
[TwinWall] projected 8487 node(s)
Step =   4097: nodes = 37015, dt = 1.314618e-10, strain = 5.991282e-03, elapsed = 5320.7 sec
[TwinWall] projected 8376 node(s)
Step =   4098: nodes = 36999, dt = 7.887709e-11, strain = 5.992071e-03, elapsed = 5327.1 sec
[TwinWall] projected 8221 node(s)
Step =   4099: nodes = 36977, dt = 7.887709e-11, strain = 5.992859e-03, elapsed = 5331.3 sec
[TwinWall] projected 8361 node(s)
Step =   4100: nodes = 36963, dt = 9.465251e-11, strain = 5.993806e-03, elapsed = 5335.5 sec
Writing configuration in legacy data format
 Output file: /data/home/dg000246b/openDIS/HomeWork/output_Cu_twin_rorient1/config.4100.data
Writing restart file
 Restart file: /data/home/dg000246b/openDIS/HomeWork/output_Cu_twin_rorient1/restart.4100.exadis
[TwinWall] projected 8280 node(s)
Step =   4101: nodes = 36940, dt = 1.135830e-10, strain = 5.994942e-03, elapsed = 5340.1 sec
[TwinWall] projected 8485 node(s)
Step =   4102: nodes = 36944, dt = 1.362996e-10, strain = 5.996305e-03, elapsed = 5344.3 sec
[TwinWall] projected 8165 node(s)
Step =   4103: nodes = 36956, dt = 8.177977e-11, strain = 5.997123e-03, elapsed = 5350.6 sec
[TwinWall] projected 8199 node(s)
Step =   4104: nodes = 36969, dt = 8.177977e-11, strain = 5.997940e-03, elapsed = 5354.9 sec
[TwinWall] projected 8294 node(s)
Step =   4105: nodes = 36976, dt = 9.813572e-11, strain = 5.998922e-03, elapsed = 5359.2 sec
[TwinWall] projected 8337 node(s)
Step =   4106: nodes = 36957, dt = 1.177629e-10, strain = 6.000099e-03, elapsed = 5363.5 sec
[TwinWall] projected 8117 node(s)
Step =   4107: nodes = 36974, dt = 7.065772e-11, strain = 6.000806e-03, elapsed = 5369.8 sec
[TwinWall] projected 8075 node(s)
Step =   4108: nodes = 36986, dt = 7.065772e-11, strain = 6.001513e-03, elapsed = 5373.9 sec
[TwinWall] projected 8211 node(s)
Step =   4109: nodes = 36984, dt = 8.478926e-11, strain = 6.002360e-03, elapsed = 5378.1 sec
[TwinWall] projected 8217 node(s)
Step =   4110: nodes = 36961, dt = 1.017471e-10, strain = 6.003378e-03, elapsed = 5382.3 sec
[TwinWall] projected 8316 node(s)
Step =   4111: nodes = 36957, dt = 1.220965e-10, strain = 6.004599e-03, elapsed = 5386.6 sec
[TwinWall] projected 8160 node(s)
Step =   4112: nodes = 36975, dt = 7.325792e-11, strain = 6.005331e-03, elapsed = 5392.9 sec
[TwinWall] projected 8067 node(s)
Step =   4113: nodes = 36978, dt = 7.325792e-11, strain = 6.006064e-03, elapsed = 5397.1 sec
[TwinWall] projected 8271 node(s)
Step =   4114: nodes = 36999, dt = 8.790951e-11, strain = 6.006943e-03, elapsed = 5401.3 sec
[TwinWall] projected 8390 node(s)
Step =   4115: nodes = 36980, dt = 1.054914e-10, strain = 6.007998e-03, elapsed = 5405.5 sec
[TwinWall] projected 8460 node(s)
Step =   4116: nodes = 36946, dt = 1.265897e-10, strain = 6.009264e-03, elapsed = 5409.9 sec
[TwinWall] projected 8164 node(s)
Step =   4117: nodes = 36933, dt = 7.595381e-11, strain = 6.010023e-03, elapsed = 5416.4 sec
[TwinWall] projected 8157 node(s)
Step =   4118: nodes = 36971, dt = 7.595381e-11, strain = 6.010783e-03, elapsed = 5420.5 sec
[TwinWall] projected 8305 node(s)
Step =   4119: nodes = 36982, dt = 9.114458e-11, strain = 6.011694e-03, elapsed = 5424.7 sec
[TwinWall] projected 8383 node(s)
Step =   4120: nodes = 36990, dt = 1.093735e-10, strain = 6.012788e-03, elapsed = 5429.0 sec
[TwinWall] projected 8570 node(s)
Step =   4121: nodes = 36983, dt = 1.312482e-10, strain = 6.014101e-03, elapsed = 5433.3 sec
[TwinWall] projected 8328 node(s)
Step =   4122: nodes = 36993, dt = 7.874892e-11, strain = 6.014888e-03, elapsed = 5439.6 sec
[TwinWall] projected 8230 node(s)
Step =   4123: nodes = 37004, dt = 7.874892e-11, strain = 6.015676e-03, elapsed = 5443.9 sec
[TwinWall] projected 8331 node(s)
Step =   4124: nodes = 36995, dt = 9.449870e-11, strain = 6.016621e-03, elapsed = 5448.0 sec
[TwinWall] projected 8424 node(s)
Step =   4125: nodes = 36945, dt = 1.133984e-10, strain = 6.017755e-03, elapsed = 5452.3 sec
[TwinWall] projected 8461 node(s)
Step =   4126: nodes = 36920, dt = 1.360781e-10, strain = 6.019115e-03, elapsed = 5456.6 sec
[TwinWall] projected 8285 node(s)
Step =   4127: nodes = 36896, dt = 8.164688e-11, strain = 6.019932e-03, elapsed = 5462.9 sec
[TwinWall] projected 8187 node(s)
Step =   4128: nodes = 36874, dt = 8.164688e-11, strain = 6.020748e-03, elapsed = 5467.0 sec
[TwinWall] projected 8389 node(s)
Step =   4129: nodes = 36920, dt = 9.797625e-11, strain = 6.021728e-03, elapsed = 5471.2 sec
[TwinWall] projected 8399 node(s)
Step =   4130: nodes = 36911, dt = 1.175715e-10, strain = 6.022904e-03, elapsed = 5475.7 sec
[TwinWall] projected 8461 node(s)
Step =   4131: nodes = 36859, dt = 1.410858e-10, strain = 6.024315e-03, elapsed = 5480.2 sec
[TwinWall] projected 8196 node(s)
Step =   4132: nodes = 36820, dt = 8.465148e-11, strain = 6.025161e-03, elapsed = 5486.5 sec
[TwinWall] projected 8186 node(s)
Step =   4133: nodes = 36845, dt = 8.465148e-11, strain = 6.026008e-03, elapsed = 5490.8 sec
[TwinWall] projected 8300 node(s)
Step =   4134: nodes = 36846, dt = 1.015818e-10, strain = 6.027024e-03, elapsed = 5494.9 sec
[TwinWall] projected 8316 node(s)
Step =   4135: nodes = 36840, dt = 1.218981e-10, strain = 6.028242e-03, elapsed = 5499.2 sec
[TwinWall] projected 7980 node(s)
Step =   4136: nodes = 36827, dt = 7.313888e-11, strain = 6.028974e-03, elapsed = 5505.4 sec
[TwinWall] projected 7991 node(s)
Step =   4137: nodes = 36823, dt = 7.313888e-11, strain = 6.029705e-03, elapsed = 5509.6 sec
[TwinWall] projected 8039 node(s)
Step =   4138: nodes = 36813, dt = 8.776665e-11, strain = 6.030583e-03, elapsed = 5513.8 sec
[TwinWall] projected 8324 node(s)
Step =   4139: nodes = 36814, dt = 1.053200e-10, strain = 6.031636e-03, elapsed = 5518.0 sec
[TwinWall] projected 8330 node(s)
Step =   4140: nodes = 36791, dt = 1.263840e-10, strain = 6.032900e-03, elapsed = 5522.3 sec
[TwinWall] projected 8087 node(s)
Step =   4141: nodes = 36792, dt = 7.583039e-11, strain = 6.033658e-03, elapsed = 5528.7 sec
[TwinWall] projected 8040 node(s)
Step =   4142: nodes = 36776, dt = 7.583039e-11, strain = 6.034417e-03, elapsed = 5532.8 sec
[TwinWall] projected 8110 node(s)
Step =   4143: nodes = 36751, dt = 9.099647e-11, strain = 6.035327e-03, elapsed = 5537.0 sec
[TwinWall] projected 8202 node(s)
Step =   4144: nodes = 36741, dt = 1.091958e-10, strain = 6.036418e-03, elapsed = 5541.1 sec
[TwinWall] projected 8296 node(s)
Step =   4145: nodes = 36753, dt = 1.310349e-10, strain = 6.037729e-03, elapsed = 5545.4 sec
[TwinWall] projected 8090 node(s)
Step =   4146: nodes = 36731, dt = 7.862095e-11, strain = 6.038515e-03, elapsed = 5551.7 sec
[TwinWall] projected 8050 node(s)
Step =   4147: nodes = 36738, dt = 7.862095e-11, strain = 6.039301e-03, elapsed = 5555.9 sec
[TwinWall] projected 8151 node(s)
Step =   4148: nodes = 36742, dt = 9.434514e-11, strain = 6.040245e-03, elapsed = 5560.0 sec
[TwinWall] projected 8314 node(s)
Step =   4149: nodes = 36744, dt = 1.132142e-10, strain = 6.041377e-03, elapsed = 5564.3 sec
[TwinWall] projected 8462 node(s)
Step =   4150: nodes = 36703, dt = 1.358570e-10, strain = 6.042735e-03, elapsed = 5568.5 sec
[TwinWall] projected 8201 node(s)
Step =   4151: nodes = 36683, dt = 8.151420e-11, strain = 6.043551e-03, elapsed = 5574.7 sec
[TwinWall] projected 8134 node(s)
Step =   4152: nodes = 36703, dt = 8.151420e-11, strain = 6.044366e-03, elapsed = 5578.8 sec
[TwinWall] projected 8141 node(s)
Step =   4153: nodes = 36694, dt = 9.781704e-11, strain = 6.045344e-03, elapsed = 5583.0 sec
[TwinWall] projected 8262 node(s)
Step =   4154: nodes = 36703, dt = 1.173804e-10, strain = 6.046518e-03, elapsed = 5587.1 sec
[TwinWall] projected 8405 node(s)
Step =   4155: nodes = 36653, dt = 1.408565e-10, strain = 6.047926e-03, elapsed = 5591.4 sec
[TwinWall] projected 8162 node(s)
Step =   4156: nodes = 36668, dt = 8.451392e-11, strain = 6.048771e-03, elapsed = 5597.7 sec
[TwinWall] projected 8119 node(s)
Step =   4157: nodes = 36673, dt = 8.451392e-11, strain = 6.049617e-03, elapsed = 5601.9 sec
[TwinWall] projected 8246 node(s)
Step =   4158: nodes = 36664, dt = 1.014167e-10, strain = 6.050631e-03, elapsed = 5605.9 sec
[TwinWall] projected 8283 node(s)
Step =   4159: nodes = 36644, dt = 1.217000e-10, strain = 6.051848e-03, elapsed = 5610.1 sec
[TwinWall] projected 8050 node(s)
Step =   4160: nodes = 36652, dt = 7.302003e-11, strain = 6.052578e-03, elapsed = 5616.3 sec
[TwinWall] projected 8030 node(s)
Step =   4161: nodes = 36683, dt = 7.302003e-11, strain = 6.053308e-03, elapsed = 5620.5 sec
[TwinWall] projected 8084 node(s)
Step =   4162: nodes = 36674, dt = 8.762403e-11, strain = 6.054184e-03, elapsed = 5624.7 sec
[TwinWall] projected 8122 node(s)
Step =   4163: nodes = 36691, dt = 1.051488e-10, strain = 6.055236e-03, elapsed = 5628.9 sec
[TwinWall] projected 8261 node(s)
Step =   4164: nodes = 36674, dt = 1.261786e-10, strain = 6.056498e-03, elapsed = 5633.1 sec
[TwinWall] projected 8422 node(s)
Step =   4165: nodes = 36639, dt = 1.514143e-10, strain = 6.058012e-03, elapsed = 5637.4 sec
[TwinWall] projected 8218 node(s)
Step =   4166: nodes = 36636, dt = 9.084860e-11, strain = 6.058920e-03, elapsed = 5643.6 sec
[TwinWall] projected 8116 node(s)
Step =   4167: nodes = 36643, dt = 9.084860e-11, strain = 6.059829e-03, elapsed = 5647.8 sec
[TwinWall] projected 8316 node(s)
Step =   4168: nodes = 36644, dt = 1.090183e-10, strain = 6.060919e-03, elapsed = 5652.1 sec
[TwinWall] projected 8314 node(s)
Step =   4169: nodes = 36635, dt = 1.308220e-10, strain = 6.062227e-03, elapsed = 5656.5 sec
[TwinWall] projected 8031 node(s)
Step =   4170: nodes = 36627, dt = 7.849319e-11, strain = 6.063012e-03, elapsed = 5662.7 sec
[TwinWall] projected 8022 node(s)
Step =   4171: nodes = 36640, dt = 7.849319e-11, strain = 6.063797e-03, elapsed = 5666.8 sec
[TwinWall] projected 8099 node(s)
Step =   4172: nodes = 36647, dt = 9.419183e-11, strain = 6.064739e-03, elapsed = 5671.0 sec
[TwinWall] projected 8150 node(s)
Step =   4173: nodes = 36613, dt = 1.130302e-10, strain = 6.065869e-03, elapsed = 5675.1 sec
[TwinWall] projected 8331 node(s)
Step =   4174: nodes = 36575, dt = 1.356362e-10, strain = 6.067226e-03, elapsed = 5679.4 sec
[TwinWall] projected 8131 node(s)
Step =   4175: nodes = 36556, dt = 8.138174e-11, strain = 6.068039e-03, elapsed = 5685.6 sec
[TwinWall] projected 8034 node(s)
Step =   4176: nodes = 36545, dt = 8.138174e-11, strain = 6.068853e-03, elapsed = 5689.8 sec
[TwinWall] projected 8145 node(s)
Step =   4177: nodes = 36555, dt = 9.765809e-11, strain = 6.069830e-03, elapsed = 5693.9 sec
[TwinWall] projected 8258 node(s)
Step =   4178: nodes = 36535, dt = 1.171897e-10, strain = 6.071002e-03, elapsed = 5698.0 sec
[TwinWall] projected 8441 node(s)
Step =   4179: nodes = 36521, dt = 1.406276e-10, strain = 6.072408e-03, elapsed = 5702.2 sec
[TwinWall] projected 8266 node(s)
Step =   4180: nodes = 36520, dt = 8.437659e-11, strain = 6.073252e-03, elapsed = 5708.4 sec
[TwinWall] projected 8116 node(s)
Step =   4181: nodes = 36519, dt = 8.437659e-11, strain = 6.074095e-03, elapsed = 5712.4 sec
[TwinWall] projected 8149 node(s)
Step =   4182: nodes = 36510, dt = 1.012519e-10, strain = 6.075108e-03, elapsed = 5716.6 sec
[TwinWall] projected 8210 node(s)
Step =   4183: nodes = 36545, dt = 1.215023e-10, strain = 6.076323e-03, elapsed = 5720.7 sec
[TwinWall] projected 8304 node(s)
Step =   4184: nodes = 36474, dt = 1.458027e-10, strain = 6.077781e-03, elapsed = 5724.9 sec
[TwinWall] projected 8034 node(s)
Step =   4185: nodes = 36475, dt = 8.748164e-11, strain = 6.078656e-03, elapsed = 5731.2 sec
[TwinWall] projected 7999 node(s)
Step =   4186: nodes = 36484, dt = 8.748164e-11, strain = 6.079531e-03, elapsed = 5735.3 sec
[TwinWall] projected 8154 node(s)
Step =   4187: nodes = 36493, dt = 1.049780e-10, strain = 6.080580e-03, elapsed = 5739.5 sec
[TwinWall] projected 8221 node(s)
Step =   4188: nodes = 36485, dt = 1.259736e-10, strain = 6.081840e-03, elapsed = 5743.6 sec
[TwinWall] projected 7984 node(s)
Step =   4189: nodes = 36502, dt = 7.558414e-11, strain = 6.082596e-03, elapsed = 5749.9 sec
[TwinWall] projected 7950 node(s)
Step =   4190: nodes = 36508, dt = 7.558414e-11, strain = 6.083352e-03, elapsed = 5754.0 sec
[TwinWall] projected 8081 node(s)
Step =   4191: nodes = 36534, dt = 9.070097e-11, strain = 6.084259e-03, elapsed = 5758.1 sec
[TwinWall] projected 8071 node(s)
Step =   4192: nodes = 36500, dt = 1.088412e-10, strain = 6.085347e-03, elapsed = 5762.2 sec
[TwinWall] projected 8199 node(s)
Step =   4193: nodes = 36482, dt = 1.306094e-10, strain = 6.086653e-03, elapsed = 5766.4 sec
[TwinWall] projected 8097 node(s)
Step =   4194: nodes = 36477, dt = 7.836564e-11, strain = 6.087437e-03, elapsed = 5772.6 sec
[TwinWall] projected 8135 node(s)
Step =   4195: nodes = 36481, dt = 7.836564e-11, strain = 6.088221e-03, elapsed = 5776.7 sec
[TwinWall] projected 8239 node(s)
Step =   4196: nodes = 36494, dt = 9.403876e-11, strain = 6.089161e-03, elapsed = 5780.7 sec
[TwinWall] projected 8183 node(s)
Step =   4197: nodes = 36502, dt = 1.128465e-10, strain = 6.090290e-03, elapsed = 5785.0 sec
[TwinWall] projected 8114 node(s)
Step =   4198: nodes = 36485, dt = 6.770791e-11, strain = 6.090967e-03, elapsed = 5791.1 sec
[TwinWall] projected 8012 node(s)
Step =   4199: nodes = 36528, dt = 6.770791e-11, strain = 6.091644e-03, elapsed = 5795.2 sec
[TwinWall] projected 8040 node(s)
Step =   4200: nodes = 36518, dt = 8.124949e-11, strain = 6.092456e-03, elapsed = 5799.2 sec
Writing configuration in legacy data format
 Output file: /data/home/dg000246b/openDIS/HomeWork/output_Cu_twin_rorient1/config.4200.data
Writing restart file
 Restart file: /data/home/dg000246b/openDIS/HomeWork/output_Cu_twin_rorient1/restart.4200.exadis
[TwinWall] projected 8124 node(s)
Step =   4201: nodes = 36495, dt = 9.749939e-11, strain = 6.093431e-03, elapsed = 5803.9 sec
[TwinWall] projected 8118 node(s)
Step =   4202: nodes = 36451, dt = 1.169993e-10, strain = 6.094601e-03, elapsed = 5808.1 sec
[TwinWall] projected 8164 node(s)
Step =   4203: nodes = 36426, dt = 1.403991e-10, strain = 6.096005e-03, elapsed = 5812.4 sec
[TwinWall] projected 7934 node(s)
Step =   4204: nodes = 36425, dt = 8.423947e-11, strain = 6.096848e-03, elapsed = 5818.5 sec
[TwinWall] projected 8043 node(s)
Step =   4205: nodes = 36427, dt = 8.423947e-11, strain = 6.097690e-03, elapsed = 5822.6 sec
[TwinWall] projected 8020 node(s)
Step =   4206: nodes = 36437, dt = 1.010874e-10, strain = 6.098701e-03, elapsed = 5826.7 sec
[TwinWall] projected 8146 node(s)
Step =   4207: nodes = 36434, dt = 1.213048e-10, strain = 6.099914e-03, elapsed = 5830.8 sec
[TwinWall] projected 7896 node(s)
Step =   4208: nodes = 36400, dt = 7.278291e-11, strain = 6.100642e-03, elapsed = 5837.1 sec
[TwinWall] projected 7781 node(s)
Step =   4209: nodes = 36411, dt = 7.278291e-11, strain = 6.101370e-03, elapsed = 5841.2 sec
[TwinWall] projected 7993 node(s)
Step =   4210: nodes = 36408, dt = 8.733949e-11, strain = 6.102243e-03, elapsed = 5845.2 sec
[TwinWall] projected 8158 node(s)
Step =   4211: nodes = 36399, dt = 1.048074e-10, strain = 6.103291e-03, elapsed = 5849.3 sec
[TwinWall] projected 8119 node(s)
Step =   4212: nodes = 36376, dt = 1.257689e-10, strain = 6.104549e-03, elapsed = 5853.4 sec
[TwinWall] projected 8233 node(s)
Step =   4213: nodes = 36333, dt = 1.509226e-10, strain = 6.106058e-03, elapsed = 5857.6 sec
[TwinWall] projected 8152 node(s)
Step =   4214: nodes = 36326, dt = 9.055358e-11, strain = 6.106964e-03, elapsed = 5863.9 sec
[TwinWall] projected 7944 node(s)
Step =   4215: nodes = 36315, dt = 9.055358e-11, strain = 6.107869e-03, elapsed = 5867.9 sec
[TwinWall] projected 7998 node(s)
Step =   4216: nodes = 36289, dt = 1.086643e-10, strain = 6.108956e-03, elapsed = 5872.1 sec
[TwinWall] projected 8011 node(s)
Step =   4217: nodes = 36292, dt = 1.303972e-10, strain = 6.110260e-03, elapsed = 5876.2 sec
[TwinWall] projected 8051 node(s)
Step =   4218: nodes = 36291, dt = 7.823829e-11, strain = 6.111042e-03, elapsed = 5882.3 sec
[TwinWall] projected 7977 node(s)
Step =   4219: nodes = 36307, dt = 7.823829e-11, strain = 6.111824e-03, elapsed = 5886.3 sec
[TwinWall] projected 8005 node(s)
Step =   4220: nodes = 36293, dt = 9.388595e-11, strain = 6.112763e-03, elapsed = 5890.5 sec
[TwinWall] projected 8017 node(s)
Step =   4221: nodes = 36275, dt = 1.126631e-10, strain = 6.113890e-03, elapsed = 5894.7 sec
[TwinWall] projected 8191 node(s)
Step =   4222: nodes = 36275, dt = 1.351958e-10, strain = 6.115242e-03, elapsed = 5898.8 sec
[TwinWall] projected 7949 node(s)
Step =   4223: nodes = 36235, dt = 8.111746e-11, strain = 6.116053e-03, elapsed = 5904.8 sec
[TwinWall] projected 8011 node(s)
Step =   4224: nodes = 36240, dt = 8.111746e-11, strain = 6.116864e-03, elapsed = 5908.8 sec
[TwinWall] projected 7949 node(s)
Step =   4225: nodes = 36265, dt = 9.734095e-11, strain = 6.117838e-03, elapsed = 5912.8 sec
[TwinWall] projected 8047 node(s)
Step =   4226: nodes = 36239, dt = 1.168091e-10, strain = 6.119006e-03, elapsed = 5916.9 sec
[TwinWall] projected 8189 node(s)
Step =   4227: nodes = 36217, dt = 1.401710e-10, strain = 6.120407e-03, elapsed = 5921.0 sec
[TwinWall] projected 7840 node(s)
Step =   4228: nodes = 36203, dt = 8.410258e-11, strain = 6.121248e-03, elapsed = 5927.1 sec
[TwinWall] projected 7766 node(s)
Step =   4229: nodes = 36206, dt = 8.410258e-11, strain = 6.122089e-03, elapsed = 5931.2 sec
[TwinWall] projected 7796 node(s)
Step =   4230: nodes = 36204, dt = 1.009231e-10, strain = 6.123099e-03, elapsed = 5935.3 sec
[TwinWall] projected 7933 node(s)
Step =   4231: nodes = 36196, dt = 1.211077e-10, strain = 6.124310e-03, elapsed = 5939.3 sec
[TwinWall] projected 7799 node(s)
Step =   4232: nodes = 36154, dt = 7.266463e-11, strain = 6.125036e-03, elapsed = 5945.4 sec
[TwinWall] projected 7733 node(s)
Step =   4233: nodes = 36158, dt = 7.266463e-11, strain = 6.125763e-03, elapsed = 5949.4 sec
[TwinWall] projected 7873 node(s)
Step =   4234: nodes = 36152, dt = 8.719756e-11, strain = 6.126635e-03, elapsed = 5953.5 sec
[TwinWall] projected 7873 node(s)
Step =   4235: nodes = 36166, dt = 1.046371e-10, strain = 6.127681e-03, elapsed = 5957.6 sec
[TwinWall] projected 7993 node(s)
Step =   4236: nodes = 36117, dt = 1.255645e-10, strain = 6.128937e-03, elapsed = 5961.8 sec
[TwinWall] projected 7795 node(s)
Step =   4237: nodes = 36127, dt = 7.533869e-11, strain = 6.129690e-03, elapsed = 5967.9 sec
[TwinWall] projected 7690 node(s)
Step =   4238: nodes = 36118, dt = 7.533869e-11, strain = 6.130444e-03, elapsed = 5972.1 sec
[TwinWall] projected 7741 node(s)
Step =   4239: nodes = 36143, dt = 9.040643e-11, strain = 6.131348e-03, elapsed = 5976.1 sec
[TwinWall] projected 7840 node(s)
Step =   4240: nodes = 36136, dt = 1.084877e-10, strain = 6.132433e-03, elapsed = 5980.2 sec
[TwinWall] projected 7999 node(s)
Step =   4241: nodes = 36096, dt = 1.301853e-10, strain = 6.133735e-03, elapsed = 5984.4 sec
[TwinWall] projected 7906 node(s)
Step =   4242: nodes = 36085, dt = 7.811116e-11, strain = 6.134516e-03, elapsed = 5990.5 sec
[TwinWall] projected 7895 node(s)
Step =   4243: nodes = 36100, dt = 7.811116e-11, strain = 6.135297e-03, elapsed = 5994.5 sec
[TwinWall] projected 8040 node(s)
Step =   4244: nodes = 36107, dt = 9.373339e-11, strain = 6.136234e-03, elapsed = 5998.5 sec
[TwinWall] projected 7959 node(s)
Step =   4245: nodes = 36071, dt = 1.124801e-10, strain = 6.137359e-03, elapsed = 6002.6 sec
[TwinWall] projected 8066 node(s)
Step =   4246: nodes = 36055, dt = 1.349761e-10, strain = 6.138709e-03, elapsed = 6006.7 sec
[TwinWall] projected 7900 node(s)
Step =   4247: nodes = 36079, dt = 8.098565e-11, strain = 6.139519e-03, elapsed = 6012.8 sec
[TwinWall] projected 7752 node(s)
Step =   4248: nodes = 36088, dt = 8.098565e-11, strain = 6.140328e-03, elapsed = 6016.8 sec
[TwinWall] projected 7934 node(s)
Step =   4249: nodes = 36090, dt = 9.718278e-11, strain = 6.141300e-03, elapsed = 6021.0 sec
[TwinWall] projected 7744 node(s)
Step =   4250: nodes = 36082, dt = 5.830967e-11, strain = 6.141883e-03, elapsed = 6027.1 sec
[TwinWall] projected 7616 node(s)
Step =   4251: nodes = 36093, dt = 5.830967e-11, strain = 6.142466e-03, elapsed = 6031.1 sec
[TwinWall] projected 7710 node(s)
Step =   4252: nodes = 36115, dt = 6.997160e-11, strain = 6.143166e-03, elapsed = 6035.0 sec
[TwinWall] projected 7827 node(s)
Step =   4253: nodes = 36137, dt = 8.396592e-11, strain = 6.144006e-03, elapsed = 6039.0 sec
[TwinWall] projected 7830 node(s)
Step =   4254: nodes = 36116, dt = 1.007591e-10, strain = 6.145013e-03, elapsed = 6043.1 sec
[TwinWall] projected 7865 node(s)
Step =   4255: nodes = 36119, dt = 6.045546e-11, strain = 6.145618e-03, elapsed = 6049.1 sec
[TwinWall] projected 7793 node(s)
Step =   4256: nodes = 36145, dt = 6.045546e-11, strain = 6.146223e-03, elapsed = 6053.0 sec
[TwinWall] projected 7836 node(s)
Step =   4257: nodes = 36166, dt = 7.254655e-11, strain = 6.146948e-03, elapsed = 6057.0 sec
[TwinWall] projected 7847 node(s)
Step =   4258: nodes = 36130, dt = 8.705586e-11, strain = 6.147819e-03, elapsed = 6061.1 sec
[TwinWall] projected 7945 node(s)
Step =   4259: nodes = 36156, dt = 1.044670e-10, strain = 6.148863e-03, elapsed = 6065.2 sec
[TwinWall] projected 8065 node(s)
Step =   4260: nodes = 36137, dt = 1.253604e-10, strain = 6.150117e-03, elapsed = 6069.2 sec
[TwinWall] projected 7980 node(s)
Step =   4261: nodes = 36148, dt = 7.521627e-11, strain = 6.150869e-03, elapsed = 6075.5 sec
[TwinWall] projected 7767 node(s)
Step =   4262: nodes = 36158, dt = 7.521627e-11, strain = 6.151621e-03, elapsed = 6079.5 sec
[TwinWall] projected 7746 node(s)
Step =   4263: nodes = 36118, dt = 9.025952e-11, strain = 6.152524e-03, elapsed = 6083.5 sec
[TwinWall] projected 7981 node(s)
Step =   4264: nodes = 36100, dt = 1.083114e-10, strain = 6.153607e-03, elapsed = 6087.5 sec
[TwinWall] projected 7991 node(s)
Step =   4265: nodes = 36081, dt = 1.299737e-10, strain = 6.154907e-03, elapsed = 6091.7 sec
[TwinWall] projected 7727 node(s)
Step =   4266: nodes = 36086, dt = 7.798422e-11, strain = 6.155686e-03, elapsed = 6097.7 sec
[TwinWall] projected 7805 node(s)
Step =   4267: nodes = 36097, dt = 7.798422e-11, strain = 6.156466e-03, elapsed = 6101.8 sec
[TwinWall] projected 7822 node(s)
Step =   4268: nodes = 36093, dt = 9.358107e-11, strain = 6.157402e-03, elapsed = 6105.8 sec
[TwinWall] projected 7890 node(s)
Step =   4269: nodes = 36104, dt = 1.122973e-10, strain = 6.158525e-03, elapsed = 6109.9 sec
[TwinWall] projected 7662 node(s)
Step =   4270: nodes = 36081, dt = 6.737837e-11, strain = 6.159199e-03, elapsed = 6116.0 sec
[TwinWall] projected 7720 node(s)
Step =   4271: nodes = 36094, dt = 6.737837e-11, strain = 6.159873e-03, elapsed = 6119.9 sec
[TwinWall] projected 7731 node(s)
Step =   4272: nodes = 36091, dt = 8.085404e-11, strain = 6.160681e-03, elapsed = 6123.9 sec
[TwinWall] projected 7868 node(s)
Step =   4273: nodes = 36114, dt = 9.702485e-11, strain = 6.161651e-03, elapsed = 6127.9 sec
[TwinWall] projected 8008 node(s)
Step =   4274: nodes = 36084, dt = 1.164298e-10, strain = 6.162816e-03, elapsed = 6132.1 sec
[TwinWall] projected 7738 node(s)
Step =   4275: nodes = 36079, dt = 6.985789e-11, strain = 6.163514e-03, elapsed = 6138.3 sec
[TwinWall] projected 7807 node(s)
Step =   4276: nodes = 36102, dt = 6.985789e-11, strain = 6.164213e-03, elapsed = 6142.3 sec
[TwinWall] projected 7912 node(s)
Step =   4277: nodes = 36105, dt = 8.382947e-11, strain = 6.165051e-03, elapsed = 6146.3 sec
[TwinWall] projected 7929 node(s)
Step =   4278: nodes = 36089, dt = 1.005954e-10, strain = 6.166057e-03, elapsed = 6150.4 sec
[TwinWall] projected 7925 node(s)
Step =   4279: nodes = 36049, dt = 1.207144e-10, strain = 6.167264e-03, elapsed = 6154.5 sec
[TwinWall] projected 7794 node(s)
Step =   4280: nodes = 36083, dt = 7.242866e-11, strain = 6.167989e-03, elapsed = 6160.6 sec
[TwinWall] projected 7654 node(s)
Step =   4281: nodes = 36090, dt = 7.242866e-11, strain = 6.168713e-03, elapsed = 6164.7 sec
[TwinWall] projected 7768 node(s)
Step =   4282: nodes = 36104, dt = 8.691440e-11, strain = 6.169582e-03, elapsed = 6168.7 sec
[TwinWall] projected 7906 node(s)
Step =   4283: nodes = 36111, dt = 1.042973e-10, strain = 6.170625e-03, elapsed = 6172.7 sec
[TwinWall] projected 8001 node(s)
Step =   4284: nodes = 36092, dt = 1.251567e-10, strain = 6.171877e-03, elapsed = 6176.8 sec
[TwinWall] projected 7830 node(s)
Step =   4285: nodes = 36058, dt = 7.509404e-11, strain = 6.172628e-03, elapsed = 6182.8 sec
[TwinWall] projected 7767 node(s)
Step =   4286: nodes = 36072, dt = 7.509404e-11, strain = 6.173378e-03, elapsed = 6186.8 sec
[TwinWall] projected 7908 node(s)
Step =   4287: nodes = 36070, dt = 9.011285e-11, strain = 6.174280e-03, elapsed = 6190.9 sec
[TwinWall] projected 7907 node(s)
Step =   4288: nodes = 36081, dt = 1.081354e-10, strain = 6.175361e-03, elapsed = 6195.1 sec
[TwinWall] projected 7928 node(s)
Step =   4289: nodes = 36055, dt = 1.297625e-10, strain = 6.176659e-03, elapsed = 6199.2 sec
[TwinWall] projected 7800 node(s)
Step =   4290: nodes = 36055, dt = 7.785750e-11, strain = 6.177437e-03, elapsed = 6205.3 sec
[TwinWall] projected 7644 node(s)
Step =   4291: nodes = 36066, dt = 7.785750e-11, strain = 6.178216e-03, elapsed = 6209.3 sec
[TwinWall] projected 7824 node(s)
Step =   4292: nodes = 36079, dt = 9.342900e-11, strain = 6.179150e-03, elapsed = 6213.3 sec
[TwinWall] projected 7900 node(s)
Step =   4293: nodes = 36101, dt = 1.121148e-10, strain = 6.180271e-03, elapsed = 6217.3 sec
[TwinWall] projected 8023 node(s)
Step =   4294: nodes = 36062, dt = 1.345378e-10, strain = 6.181617e-03, elapsed = 6221.3 sec
[TwinWall] projected 7853 node(s)
Step =   4295: nodes = 36061, dt = 8.072266e-11, strain = 6.182424e-03, elapsed = 6227.3 sec
[TwinWall] projected 7730 node(s)
Step =   4296: nodes = 36063, dt = 8.072266e-11, strain = 6.183231e-03, elapsed = 6231.4 sec
[TwinWall] projected 7685 node(s)
Step =   4297: nodes = 36055, dt = 9.686719e-11, strain = 6.184200e-03, elapsed = 6235.4 sec
[TwinWall] projected 7837 node(s)
Step =   4298: nodes = 36021, dt = 1.162406e-10, strain = 6.185362e-03, elapsed = 6239.4 sec
[TwinWall] projected 7822 node(s)
Step =   4299: nodes = 36002, dt = 1.394887e-10, strain = 6.186757e-03, elapsed = 6243.5 sec
[TwinWall] projected 7577 node(s)
Step =   4300: nodes = 36006, dt = 8.369325e-11, strain = 6.187594e-03, elapsed = 6249.5 sec
Writing configuration in legacy data format
 Output file: /data/home/dg000246b/openDIS/HomeWork/output_Cu_twin_rorient1/config.4300.data
Writing restart file
 Restart file: /data/home/dg000246b/openDIS/HomeWork/output_Cu_twin_rorient1/restart.4300.exadis
[TwinWall] projected 7473 node(s)
Step =   4301: nodes = 35966, dt = 8.369325e-11, strain = 6.188431e-03, elapsed = 6253.9 sec
[TwinWall] projected 7697 node(s)
Step =   4302: nodes = 35998, dt = 1.004319e-10, strain = 6.189435e-03, elapsed = 6258.0 sec
[TwinWall] projected 7657 node(s)
Step =   4303: nodes = 35991, dt = 1.205183e-10, strain = 6.190640e-03, elapsed = 6262.0 sec
[TwinWall] projected 7812 node(s)
Step =   4304: nodes = 35980, dt = 1.446219e-10, strain = 6.192087e-03, elapsed = 6266.1 sec
[TwinWall] projected 7512 node(s)
Step =   4305: nodes = 35981, dt = 8.677316e-11, strain = 6.192954e-03, elapsed = 6272.1 sec
[TwinWall] projected 7507 node(s)
Step =   4306: nodes = 35958, dt = 8.677316e-11, strain = 6.193822e-03, elapsed = 6276.1 sec
[TwinWall] projected 7610 node(s)
Step =   4307: nodes = 35985, dt = 1.041278e-10, strain = 6.194863e-03, elapsed = 6280.1 sec
[TwinWall] projected 7685 node(s)
Step =   4308: nodes = 35976, dt = 1.249534e-10, strain = 6.196113e-03, elapsed = 6284.2 sec
[TwinWall] projected 7774 node(s)
Step =   4309: nodes = 35970, dt = 1.499440e-10, strain = 6.197612e-03, elapsed = 6288.4 sec
[TwinWall] projected 7629 node(s)
Step =   4310: nodes = 35961, dt = 8.996641e-11, strain = 6.198512e-03, elapsed = 6294.4 sec
[TwinWall] projected 7562 node(s)
Step =   4311: nodes = 35953, dt = 8.996641e-11, strain = 6.199412e-03, elapsed = 6298.4 sec
[TwinWall] projected 7730 node(s)
Step =   4312: nodes = 35948, dt = 1.079597e-10, strain = 6.200491e-03, elapsed = 6302.3 sec
[TwinWall] projected 7671 node(s)
Step =   4313: nodes = 35901, dt = 1.295516e-10, strain = 6.201787e-03, elapsed = 6306.4 sec
[TwinWall] projected 7513 node(s)
Step =   4314: nodes = 35916, dt = 7.773098e-11, strain = 6.202564e-03, elapsed = 6312.5 sec
[TwinWall] projected 7453 node(s)
Step =   4315: nodes = 35933, dt = 7.773098e-11, strain = 6.203341e-03, elapsed = 6316.5 sec
[TwinWall] projected 7528 node(s)
Step =   4316: nodes = 35940, dt = 9.327718e-11, strain = 6.204274e-03, elapsed = 6320.6 sec
[TwinWall] projected 7614 node(s)
Step =   4317: nodes = 35958, dt = 1.119326e-10, strain = 6.205393e-03, elapsed = 6324.6 sec
[TwinWall] projected 7711 node(s)
Step =   4318: nodes = 35913, dt = 1.343191e-10, strain = 6.206737e-03, elapsed = 6328.7 sec
[TwinWall] projected 7520 node(s)
Step =   4319: nodes = 35923, dt = 8.059148e-11, strain = 6.207543e-03, elapsed = 6334.7 sec
[TwinWall] projected 7486 node(s)
Step =   4320: nodes = 35925, dt = 8.059148e-11, strain = 6.208348e-03, elapsed = 6338.7 sec
[TwinWall] projected 7563 node(s)
Step =   4321: nodes = 35919, dt = 9.670978e-11, strain = 6.209316e-03, elapsed = 6342.6 sec
[TwinWall] projected 7702 node(s)
Step =   4322: nodes = 35917, dt = 1.160517e-10, strain = 6.210476e-03, elapsed = 6346.6 sec
[TwinWall] projected 7754 node(s)
Step =   4323: nodes = 35904, dt = 1.392621e-10, strain = 6.211869e-03, elapsed = 6350.6 sec
[TwinWall] projected 7675 node(s)
Step =   4324: nodes = 35897, dt = 8.355725e-11, strain = 6.212704e-03, elapsed = 6356.6 sec
[TwinWall] projected 7496 node(s)
Step =   4325: nodes = 35873, dt = 8.355725e-11, strain = 6.213540e-03, elapsed = 6360.5 sec
[TwinWall] projected 7750 node(s)
Step =   4326: nodes = 35879, dt = 1.002687e-10, strain = 6.214542e-03, elapsed = 6364.6 sec
[TwinWall] projected 7638 node(s)
Step =   4327: nodes = 35886, dt = 1.203224e-10, strain = 6.215746e-03, elapsed = 6368.6 sec
[TwinWall] projected 7413 node(s)
Step =   4328: nodes = 35871, dt = 7.219346e-11, strain = 6.216468e-03, elapsed = 6374.9 sec
[TwinWall] projected 7414 node(s)
Step =   4329: nodes = 35858, dt = 7.219346e-11, strain = 6.217190e-03, elapsed = 6378.8 sec
[TwinWall] projected 7442 node(s)
Step =   4330: nodes = 35848, dt = 8.663216e-11, strain = 6.218056e-03, elapsed = 6382.7 sec
[TwinWall] projected 7477 node(s)
Step =   4331: nodes = 35838, dt = 1.039586e-10, strain = 6.219095e-03, elapsed = 6386.7 sec
[TwinWall] projected 7588 node(s)
Step =   4332: nodes = 35794, dt = 1.247503e-10, strain = 6.220343e-03, elapsed = 6390.8 sec
[TwinWall] projected 7753 node(s)
Step =   4333: nodes = 35793, dt = 1.497004e-10, strain = 6.221840e-03, elapsed = 6394.8 sec
[TwinWall] projected 7634 node(s)
Step =   4334: nodes = 35771, dt = 8.982022e-11, strain = 6.222738e-03, elapsed = 6400.8 sec
[TwinWall] projected 7555 node(s)
Step =   4335: nodes = 35784, dt = 8.982022e-11, strain = 6.223636e-03, elapsed = 6404.7 sec
[TwinWall] projected 7507 node(s)
Step =   4336: nodes = 35783, dt = 1.077843e-10, strain = 6.224714e-03, elapsed = 6408.7 sec
[TwinWall] projected 7575 node(s)
Step =   4337: nodes = 35773, dt = 1.293411e-10, strain = 6.226008e-03, elapsed = 6412.7 sec
[TwinWall] projected 7456 node(s)
Step =   4338: nodes = 35765, dt = 7.760467e-11, strain = 6.226784e-03, elapsed = 6418.6 sec
[TwinWall] projected 7270 node(s)
Step =   4339: nodes = 35752, dt = 7.760467e-11, strain = 6.227560e-03, elapsed = 6422.5 sec
[TwinWall] projected 7380 node(s)
Step =   4340: nodes = 35726, dt = 9.312560e-11, strain = 6.228491e-03, elapsed = 6426.4 sec
[TwinWall] projected 7397 node(s)
Step =   4341: nodes = 35730, dt = 1.117507e-10, strain = 6.229609e-03, elapsed = 6430.3 sec
[TwinWall] projected 7549 node(s)
Step =   4342: nodes = 35692, dt = 1.341009e-10, strain = 6.230950e-03, elapsed = 6434.7 sec
[TwinWall] projected 7535 node(s)
Step =   4343: nodes = 35733, dt = 8.046052e-11, strain = 6.231754e-03, elapsed = 6440.5 sec
[TwinWall] projected 7494 node(s)
Step =   4344: nodes = 35738, dt = 8.046052e-11, strain = 6.232559e-03, elapsed = 6444.4 sec
[TwinWall] projected 7499 node(s)
Step =   4345: nodes = 35729, dt = 9.655262e-11, strain = 6.233524e-03, elapsed = 6448.3 sec
[TwinWall] projected 7525 node(s)
Step =   4346: nodes = 35720, dt = 1.158631e-10, strain = 6.234683e-03, elapsed = 6452.3 sec
[TwinWall] projected 7650 node(s)
Step =   4347: nodes = 35708, dt = 1.390358e-10, strain = 6.236073e-03, elapsed = 6456.3 sec
[TwinWall] projected 7390 node(s)
Step =   4348: nodes = 35720, dt = 8.342147e-11, strain = 6.236907e-03, elapsed = 6462.2 sec
[TwinWall] projected 7336 node(s)
Step =   4349: nodes = 35723, dt = 8.342147e-11, strain = 6.237742e-03, elapsed = 6466.2 sec
[TwinWall] projected 7445 node(s)
Step =   4350: nodes = 35717, dt = 1.001058e-10, strain = 6.238743e-03, elapsed = 6470.0 sec
[TwinWall] projected 7696 node(s)
Step =   4351: nodes = 35693, dt = 1.201269e-10, strain = 6.239944e-03, elapsed = 6474.0 sec
[TwinWall] projected 7565 node(s)
Step =   4352: nodes = 35685, dt = 1.441523e-10, strain = 6.241386e-03, elapsed = 6478.1 sec
[TwinWall] projected 7443 node(s)
Step =   4353: nodes = 35666, dt = 8.649138e-11, strain = 6.242250e-03, elapsed = 6483.9 sec
[TwinWall] projected 7438 node(s)
Step =   4354: nodes = 35685, dt = 8.649138e-11, strain = 6.243115e-03, elapsed = 6487.9 sec
[TwinWall] projected 7561 node(s)
Step =   4355: nodes = 35667, dt = 1.037897e-10, strain = 6.244153e-03, elapsed = 6491.8 sec
[TwinWall] projected 7574 node(s)
Step =   4356: nodes = 35653, dt = 1.245476e-10, strain = 6.245399e-03, elapsed = 6496.0 sec
[TwinWall] projected 7458 node(s)
Step =   4357: nodes = 35663, dt = 7.472855e-11, strain = 6.246146e-03, elapsed = 6501.8 sec
[TwinWall] projected 7535 node(s)
Step =   4358: nodes = 35660, dt = 7.472855e-11, strain = 6.246893e-03, elapsed = 6505.7 sec
[TwinWall] projected 7546 node(s)
Step =   4359: nodes = 35691, dt = 8.967426e-11, strain = 6.247790e-03, elapsed = 6509.6 sec
[TwinWall] projected 7550 node(s)
Step =   4360: nodes = 35662, dt = 1.076091e-10, strain = 6.248866e-03, elapsed = 6513.5 sec
[TwinWall] projected 7571 node(s)
Step =   4361: nodes = 35665, dt = 1.291309e-10, strain = 6.250157e-03, elapsed = 6517.6 sec
[TwinWall] projected 7496 node(s)
Step =   4362: nodes = 35651, dt = 7.747856e-11, strain = 6.250932e-03, elapsed = 6523.5 sec
[TwinWall] projected 7248 node(s)
Step =   4363: nodes = 35666, dt = 7.747856e-11, strain = 6.251707e-03, elapsed = 6527.4 sec
[TwinWall] projected 7499 node(s)
Step =   4364: nodes = 35634, dt = 9.297427e-11, strain = 6.252637e-03, elapsed = 6531.4 sec
[TwinWall] projected 7616 node(s)
Step =   4365: nodes = 35667, dt = 1.115691e-10, strain = 6.253752e-03, elapsed = 6535.2 sec
[TwinWall] projected 7649 node(s)
Step =   4366: nodes = 35640, dt = 1.338830e-10, strain = 6.255091e-03, elapsed = 6539.2 sec
[TwinWall] projected 7549 node(s)
Step =   4367: nodes = 35639, dt = 8.032977e-11, strain = 6.255895e-03, elapsed = 6545.0 sec
[TwinWall] projected 7331 node(s)
Step =   4368: nodes = 35617, dt = 8.032977e-11, strain = 6.256698e-03, elapsed = 6549.0 sec
[TwinWall] projected 7326 node(s)
Step =   4369: nodes = 35615, dt = 9.639573e-11, strain = 6.257662e-03, elapsed = 6553.0 sec
[TwinWall] projected 7572 node(s)
Step =   4370: nodes = 35629, dt = 1.156749e-10, strain = 6.258819e-03, elapsed = 6557.1 sec
[TwinWall] projected 7305 node(s)
Step =   4371: nodes = 35614, dt = 6.940492e-11, strain = 6.259513e-03, elapsed = 6563.0 sec
[TwinWall] projected 7140 node(s)
Step =   4372: nodes = 35613, dt = 6.940492e-11, strain = 6.260207e-03, elapsed = 6566.8 sec
[TwinWall] projected 7346 node(s)
Step =   4373: nodes = 35618, dt = 8.328591e-11, strain = 6.261040e-03, elapsed = 6570.7 sec
[TwinWall] projected 7474 node(s)
Step =   4374: nodes = 35648, dt = 9.994309e-11, strain = 6.262039e-03, elapsed = 6574.5 sec
[TwinWall] projected 7531 node(s)
Step =   4375: nodes = 35621, dt = 1.199317e-10, strain = 6.263238e-03, elapsed = 6578.5 sec
[TwinWall] projected 7449 node(s)
Step =   4376: nodes = 35619, dt = 7.195902e-11, strain = 6.263958e-03, elapsed = 6584.2 sec
[TwinWall] projected 7484 node(s)
Step =   4377: nodes = 35636, dt = 7.195902e-11, strain = 6.264677e-03, elapsed = 6588.1 sec
[TwinWall] projected 7530 node(s)
Step =   4378: nodes = 35630, dt = 8.635083e-11, strain = 6.265541e-03, elapsed = 6591.9 sec
[TwinWall] projected 7457 node(s)
Step =   4379: nodes = 35645, dt = 1.036210e-10, strain = 6.266577e-03, elapsed = 6595.8 sec
[TwinWall] projected 7507 node(s)
Step =   4380: nodes = 35589, dt = 1.243452e-10, strain = 6.267821e-03, elapsed = 6599.7 sec
[TwinWall] projected 7440 node(s)
Step =   4381: nodes = 35586, dt = 7.460712e-11, strain = 6.268567e-03, elapsed = 6605.5 sec
[TwinWall] projected 7256 node(s)
Step =   4382: nodes = 35606, dt = 7.460712e-11, strain = 6.269313e-03, elapsed = 6609.3 sec
[TwinWall] projected 7507 node(s)
Step =   4383: nodes = 35617, dt = 8.952854e-11, strain = 6.270208e-03, elapsed = 6613.3 sec
[TwinWall] projected 7397 node(s)
Step =   4384: nodes = 35610, dt = 1.074342e-10, strain = 6.271282e-03, elapsed = 6617.3 sec
[TwinWall] projected 7285 node(s)
Step =   4385: nodes = 35607, dt = 6.446055e-11, strain = 6.271927e-03, elapsed = 6623.1 sec
[TwinWall] projected 7189 node(s)
Step =   4386: nodes = 35606, dt = 6.446055e-11, strain = 6.272572e-03, elapsed = 6627.0 sec
[TwinWall] projected 7182 node(s)
Step =   4387: nodes = 35608, dt = 7.735266e-11, strain = 6.273345e-03, elapsed = 6630.8 sec
[TwinWall] projected 7219 node(s)
Step =   4388: nodes = 35578, dt = 9.282319e-11, strain = 6.274273e-03, elapsed = 6634.7 sec
[TwinWall] projected 7246 node(s)
Step =   4389: nodes = 35557, dt = 1.113878e-10, strain = 6.275387e-03, elapsed = 6638.6 sec
[TwinWall] projected 7416 node(s)
Step =   4390: nodes = 35553, dt = 1.336654e-10, strain = 6.276724e-03, elapsed = 6642.6 sec
[TwinWall] projected 7354 node(s)
Step =   4391: nodes = 35569, dt = 8.019924e-11, strain = 6.277526e-03, elapsed = 6648.4 sec
[TwinWall] projected 7414 node(s)
Step =   4392: nodes = 35569, dt = 8.019924e-11, strain = 6.278328e-03, elapsed = 6652.3 sec
[TwinWall] projected 7459 node(s)
Step =   4393: nodes = 35577, dt = 9.623908e-11, strain = 6.279290e-03, elapsed = 6656.1 sec
[TwinWall] projected 7436 node(s)
Step =   4394: nodes = 35553, dt = 1.154869e-10, strain = 6.280445e-03, elapsed = 6660.1 sec
[TwinWall] projected 7404 node(s)
Step =   4395: nodes = 35556, dt = 6.929214e-11, strain = 6.281138e-03, elapsed = 6665.8 sec
[TwinWall] projected 7319 node(s)
Step =   4396: nodes = 35581, dt = 6.929214e-11, strain = 6.281831e-03, elapsed = 6669.6 sec
[TwinWall] projected 7203 node(s)
Step =   4397: nodes = 35572, dt = 8.315057e-11, strain = 6.282662e-03, elapsed = 6673.5 sec
[TwinWall] projected 7385 node(s)
Step =   4398: nodes = 35585, dt = 9.978068e-11, strain = 6.283660e-03, elapsed = 6677.4 sec
[TwinWall] projected 7390 node(s)
Step =   4399: nodes = 35542, dt = 1.197368e-10, strain = 6.284858e-03, elapsed = 6681.4 sec
[TwinWall] projected 7139 node(s)
Step =   4400: nodes = 35545, dt = 7.184209e-11, strain = 6.285576e-03, elapsed = 6687.2 sec
Writing configuration in legacy data format
 Output file: /data/home/dg000246b/openDIS/HomeWork/output_Cu_twin_rorient1/config.4400.data
Writing restart file
 Restart file: /data/home/dg000246b/openDIS/HomeWork/output_Cu_twin_rorient1/restart.4400.exadis
[TwinWall] projected 7152 node(s)
Step =   4401: nodes = 35548, dt = 7.184209e-11, strain = 6.286295e-03, elapsed = 6691.4 sec
[TwinWall] projected 7255 node(s)
Step =   4402: nodes = 35548, dt = 8.621051e-11, strain = 6.287157e-03, elapsed = 6695.4 sec
[TwinWall] projected 7314 node(s)
Step =   4403: nodes = 35523, dt = 1.034526e-10, strain = 6.288191e-03, elapsed = 6699.3 sec
[TwinWall] projected 7379 node(s)
Step =   4404: nodes = 35504, dt = 1.241431e-10, strain = 6.289433e-03, elapsed = 6703.3 sec
[TwinWall] projected 7192 node(s)
Step =   4405: nodes = 35517, dt = 7.448588e-11, strain = 6.290177e-03, elapsed = 6709.2 sec
[TwinWall] projected 7089 node(s)
Step =   4406: nodes = 35541, dt = 7.448588e-11, strain = 6.290922e-03, elapsed = 6713.0 sec
[TwinWall] projected 7234 node(s)
Step =   4407: nodes = 35545, dt = 8.938306e-11, strain = 6.291816e-03, elapsed = 6717.0 sec
[TwinWall] projected 7366 node(s)
Step =   4408: nodes = 35532, dt = 1.072597e-10, strain = 6.292889e-03, elapsed = 6720.8 sec
[TwinWall] projected 7402 node(s)
Step =   4409: nodes = 35514, dt = 1.287116e-10, strain = 6.294176e-03, elapsed = 6724.7 sec
[TwinWall] projected 7362 node(s)
Step =   4410: nodes = 35526, dt = 7.722696e-11, strain = 6.294948e-03, elapsed = 6730.5 sec
[TwinWall] projected 7375 node(s)
Step =   4411: nodes = 35509, dt = 7.722696e-11, strain = 6.295720e-03, elapsed = 6734.4 sec
[TwinWall] projected 7400 node(s)
Step =   4412: nodes = 35515, dt = 9.267235e-11, strain = 6.296647e-03, elapsed = 6738.4 sec
[TwinWall] projected 7407 node(s)
Step =   4413: nodes = 35500, dt = 1.112068e-10, strain = 6.297759e-03, elapsed = 6742.3 sec
[TwinWall] projected 7377 node(s)
Step =   4414: nodes = 35505, dt = 6.672409e-11, strain = 6.298426e-03, elapsed = 6748.0 sec
[TwinWall] projected 7323 node(s)
Step =   4415: nodes = 35516, dt = 6.672409e-11, strain = 6.299094e-03, elapsed = 6751.8 sec
[TwinWall] projected 7325 node(s)
Step =   4416: nodes = 35486, dt = 8.006891e-11, strain = 6.299894e-03, elapsed = 6755.6 sec
[TwinWall] projected 7190 node(s)
Step =   4417: nodes = 35492, dt = 9.608269e-11, strain = 6.300855e-03, elapsed = 6759.5 sec
[TwinWall] projected 7047 node(s)
Step =   4418: nodes = 35475, dt = 5.764962e-11, strain = 6.301432e-03, elapsed = 6765.3 sec
[TwinWall] projected 7013 node(s)
Step =   4419: nodes = 35486, dt = 5.764962e-11, strain = 6.302008e-03, elapsed = 6769.1 sec
[TwinWall] projected 7040 node(s)
Step =   4420: nodes = 35475, dt = 6.917954e-11, strain = 6.302700e-03, elapsed = 6773.0 sec
[TwinWall] projected 7248 node(s)
Step =   4421: nodes = 35474, dt = 8.301545e-11, strain = 6.303530e-03, elapsed = 6776.7 sec
[TwinWall] projected 7331 node(s)
Step =   4422: nodes = 35492, dt = 9.961854e-11, strain = 6.304526e-03, elapsed = 6780.6 sec
[TwinWall] projected 7204 node(s)
Step =   4423: nodes = 35466, dt = 5.977112e-11, strain = 6.305124e-03, elapsed = 6786.4 sec
[TwinWall] projected 7098 node(s)
Step =   4424: nodes = 35445, dt = 5.977112e-11, strain = 6.305722e-03, elapsed = 6790.2 sec
[TwinWall] projected 7190 node(s)
Step =   4425: nodes = 35441, dt = 7.172535e-11, strain = 6.306439e-03, elapsed = 6794.1 sec
[TwinWall] projected 7255 node(s)
Step =   4426: nodes = 35448, dt = 8.607042e-11, strain = 6.307300e-03, elapsed = 6797.9 sec
[TwinWall] projected 7172 node(s)
Step =   4427: nodes = 35409, dt = 1.032845e-10, strain = 6.308333e-03, elapsed = 6801.8 sec
[TwinWall] projected 7207 node(s)
Step =   4428: nodes = 35399, dt = 6.197070e-11, strain = 6.308952e-03, elapsed = 6807.5 sec
[TwinWall] projected 7135 node(s)
Step =   4429: nodes = 35424, dt = 6.197070e-11, strain = 6.309572e-03, elapsed = 6811.3 sec
[TwinWall] projected 7090 node(s)
Step =   4430: nodes = 35418, dt = 7.436484e-11, strain = 6.310316e-03, elapsed = 6815.0 sec
[TwinWall] projected 7015 node(s)
Step =   4431: nodes = 35417, dt = 8.923781e-11, strain = 6.311208e-03, elapsed = 6818.9 sec
[TwinWall] projected 7175 node(s)
Step =   4432: nodes = 35400, dt = 1.070854e-10, strain = 6.312279e-03, elapsed = 6822.9 sec
[TwinWall] projected 7277 node(s)
Step =   4433: nodes = 35428, dt = 1.285024e-10, strain = 6.313564e-03, elapsed = 6826.7 sec
[TwinWall] projected 6945 node(s)
Step =   4434: nodes = 35393, dt = 7.710147e-11, strain = 6.314335e-03, elapsed = 6832.6 sec
[TwinWall] projected 6969 node(s)
Step =   4435: nodes = 35390, dt = 7.710147e-11, strain = 6.315106e-03, elapsed = 6836.5 sec
[TwinWall] projected 7098 node(s)
Step =   4436: nodes = 35387, dt = 9.252176e-11, strain = 6.316031e-03, elapsed = 6840.4 sec
[TwinWall] projected 7099 node(s)
Step =   4437: nodes = 35387, dt = 1.110261e-10, strain = 6.317141e-03, elapsed = 6844.2 sec
[TwinWall] projected 7053 node(s)
Step =   4438: nodes = 35367, dt = 6.661567e-11, strain = 6.317808e-03, elapsed = 6850.0 sec
[TwinWall] projected 7166 node(s)
Step =   4439: nodes = 35394, dt = 6.661567e-11, strain = 6.318474e-03, elapsed = 6853.8 sec
[TwinWall] projected 7294 node(s)
Step =   4440: nodes = 35403, dt = 7.993880e-11, strain = 6.319273e-03, elapsed = 6857.6 sec
[TwinWall] projected 7268 node(s)
Step =   4441: nodes = 35393, dt = 9.592656e-11, strain = 6.320232e-03, elapsed = 6861.4 sec
[TwinWall] projected 6940 node(s)
Step =   4442: nodes = 35374, dt = 5.755594e-11, strain = 6.320808e-03, elapsed = 6867.2 sec
[TwinWall] projected 6931 node(s)
Step =   4443: nodes = 35385, dt = 5.755594e-11, strain = 6.321383e-03, elapsed = 6871.2 sec
[TwinWall] projected 7003 node(s)
Step =   4444: nodes = 35394, dt = 6.906712e-11, strain = 6.322074e-03, elapsed = 6875.0 sec
[TwinWall] projected 7042 node(s)
Step =   4445: nodes = 35407, dt = 8.288055e-11, strain = 6.322903e-03, elapsed = 6878.8 sec
[TwinWall] projected 7177 node(s)
Step =   4446: nodes = 35414, dt = 9.945666e-11, strain = 6.323897e-03, elapsed = 6882.6 sec
[TwinWall] projected 6966 node(s)
Step =   4447: nodes = 35395, dt = 5.967399e-11, strain = 6.324494e-03, elapsed = 6888.5 sec
[TwinWall] projected 6903 node(s)
Step =   4448: nodes = 35433, dt = 5.967399e-11, strain = 6.325091e-03, elapsed = 6892.3 sec
[TwinWall] projected 6964 node(s)
Step =   4449: nodes = 35436, dt = 7.160879e-11, strain = 6.325807e-03, elapsed = 6896.1 sec
[TwinWall] projected 7128 node(s)
Step =   4450: nodes = 35463, dt = 8.593055e-11, strain = 6.326666e-03, elapsed = 6900.0 sec
[TwinWall] projected 7136 node(s)
Step =   4451: nodes = 35427, dt = 1.031167e-10, strain = 6.327698e-03, elapsed = 6903.9 sec
[TwinWall] projected 7108 node(s)
Step =   4452: nodes = 35414, dt = 6.187000e-11, strain = 6.328316e-03, elapsed = 6909.7 sec
[TwinWall] projected 7173 node(s)
Step =   4453: nodes = 35414, dt = 6.187000e-11, strain = 6.328935e-03, elapsed = 6913.5 sec
[TwinWall] projected 7286 node(s)
Step =   4454: nodes = 35415, dt = 7.424400e-11, strain = 6.329677e-03, elapsed = 6917.4 sec
[TwinWall] projected 7304 node(s)
Step =   4455: nodes = 35403, dt = 8.909280e-11, strain = 6.330568e-03, elapsed = 6921.3 sec
[TwinWall] projected 7254 node(s)
Step =   4456: nodes = 35408, dt = 1.069114e-10, strain = 6.331637e-03, elapsed = 6925.2 sec
[TwinWall] projected 7055 node(s)
Step =   4457: nodes = 35378, dt = 6.414681e-11, strain = 6.332279e-03, elapsed = 6931.0 sec
[TwinWall] projected 7070 node(s)
Step =   4458: nodes = 35406, dt = 6.414681e-11, strain = 6.332920e-03, elapsed = 6934.8 sec
[TwinWall] projected 7195 node(s)
Step =   4459: nodes = 35413, dt = 7.697618e-11, strain = 6.333690e-03, elapsed = 6938.6 sec
[TwinWall] projected 7195 node(s)
Step =   4460: nodes = 35432, dt = 9.237141e-11, strain = 6.334614e-03, elapsed = 6942.5 sec
[TwinWall] projected 7234 node(s)
Step =   4461: nodes = 35393, dt = 1.108457e-10, strain = 6.335722e-03, elapsed = 6946.3 sec
[TwinWall] projected 7108 node(s)
Step =   4462: nodes = 35398, dt = 6.650742e-11, strain = 6.336387e-03, elapsed = 6952.1 sec
[TwinWall] projected 7158 node(s)
Step =   4463: nodes = 35422, dt = 6.650742e-11, strain = 6.337052e-03, elapsed = 6955.9 sec
[TwinWall] projected 7228 node(s)
Step =   4464: nodes = 35427, dt = 7.980890e-11, strain = 6.337851e-03, elapsed = 6959.6 sec
[TwinWall] projected 7296 node(s)
Step =   4465: nodes = 35401, dt = 9.577068e-11, strain = 6.338808e-03, elapsed = 6963.4 sec
[TwinWall] projected 7212 node(s)
Step =   4466: nodes = 35375, dt = 1.149248e-10, strain = 6.339957e-03, elapsed = 6967.3 sec
[TwinWall] projected 7050 node(s)
Step =   4467: nodes = 35364, dt = 6.895489e-11, strain = 6.340647e-03, elapsed = 6973.0 sec
[TwinWall] projected 7043 node(s)
Step =   4468: nodes = 35414, dt = 6.895489e-11, strain = 6.341337e-03, elapsed = 6977.0 sec
[TwinWall] projected 7129 node(s)
Step =   4469: nodes = 35438, dt = 8.274587e-11, strain = 6.342164e-03, elapsed = 6980.8 sec
[TwinWall] projected 7218 node(s)
Step =   4470: nodes = 35393, dt = 9.929504e-11, strain = 6.343157e-03, elapsed = 6984.7 sec
[TwinWall] projected 7355 node(s)
Step =   4471: nodes = 35393, dt = 1.191540e-10, strain = 6.344349e-03, elapsed = 6988.6 sec
[TwinWall] projected 7168 node(s)
Step =   4472: nodes = 35365, dt = 7.149243e-11, strain = 6.345063e-03, elapsed = 6994.4 sec
[TwinWall] projected 7194 node(s)
Step =   4473: nodes = 35399, dt = 7.149243e-11, strain = 6.345778e-03, elapsed = 6998.1 sec
[TwinWall] projected 7217 node(s)
Step =   4474: nodes = 35381, dt = 8.579091e-11, strain = 6.346636e-03, elapsed = 7001.9 sec
[TwinWall] projected 7285 node(s)
Step =   4475: nodes = 35394, dt = 1.029491e-10, strain = 6.347666e-03, elapsed = 7005.7 sec
[TwinWall] projected 7304 node(s)
Step =   4476: nodes = 35363, dt = 1.235389e-10, strain = 6.348901e-03, elapsed = 7009.7 sec
[TwinWall] projected 7105 node(s)
Step =   4477: nodes = 35381, dt = 7.412335e-11, strain = 6.349642e-03, elapsed = 7015.4 sec
[TwinWall] projected 7202 node(s)
Step =   4478: nodes = 35401, dt = 7.412335e-11, strain = 6.350384e-03, elapsed = 7019.2 sec
[TwinWall] projected 7231 node(s)
Step =   4479: nodes = 35396, dt = 8.894802e-11, strain = 6.351273e-03, elapsed = 7022.9 sec
[TwinWall] projected 7201 node(s)
Step =   4480: nodes = 35393, dt = 1.067376e-10, strain = 6.352340e-03, elapsed = 7026.8 sec
[TwinWall] projected 7262 node(s)
Step =   4481: nodes = 35369, dt = 1.280851e-10, strain = 6.353621e-03, elapsed = 7030.7 sec
[TwinWall] projected 7088 node(s)
Step =   4482: nodes = 35371, dt = 7.685109e-11, strain = 6.354390e-03, elapsed = 7036.6 sec
[TwinWall] projected 7163 node(s)
Step =   4483: nodes = 35372, dt = 7.685109e-11, strain = 6.355158e-03, elapsed = 7040.3 sec
[TwinWall] projected 7216 node(s)
Step =   4484: nodes = 35327, dt = 9.222131e-11, strain = 6.356081e-03, elapsed = 7044.2 sec
[TwinWall] projected 7362 node(s)
Step =   4485: nodes = 35337, dt = 1.106656e-10, strain = 6.357187e-03, elapsed = 7048.0 sec
[TwinWall] projected 7352 node(s)
Step =   4486: nodes = 35301, dt = 1.327987e-10, strain = 6.358515e-03, elapsed = 7051.9 sec
[TwinWall] projected 7296 node(s)
Step =   4487: nodes = 35326, dt = 7.967921e-11, strain = 6.359312e-03, elapsed = 7057.6 sec
[TwinWall] projected 7275 node(s)
Step =   4488: nodes = 35304, dt = 7.967921e-11, strain = 6.360109e-03, elapsed = 7061.4 sec
[TwinWall] projected 7305 node(s)
Step =   4489: nodes = 35332, dt = 9.561505e-11, strain = 6.361065e-03, elapsed = 7065.2 sec
[TwinWall] projected 7346 node(s)
Step =   4490: nodes = 35318, dt = 1.147381e-10, strain = 6.362212e-03, elapsed = 7069.1 sec
[TwinWall] projected 7312 node(s)
Step =   4491: nodes = 35319, dt = 6.884284e-11, strain = 6.362901e-03, elapsed = 7074.8 sec
[TwinWall] projected 7171 node(s)
Step =   4492: nodes = 35308, dt = 6.884284e-11, strain = 6.363589e-03, elapsed = 7078.5 sec
[TwinWall] projected 7087 node(s)
Step =   4493: nodes = 35321, dt = 8.261140e-11, strain = 6.364415e-03, elapsed = 7082.3 sec
[TwinWall] projected 7200 node(s)
Step =   4494: nodes = 35291, dt = 9.913369e-11, strain = 6.365407e-03, elapsed = 7086.1 sec
[TwinWall] projected 7168 node(s)
Step =   4495: nodes = 35280, dt = 1.189604e-10, strain = 6.366596e-03, elapsed = 7090.0 sec
[TwinWall] projected 7114 node(s)
Step =   4496: nodes = 35281, dt = 7.137625e-11, strain = 6.367310e-03, elapsed = 7095.9 sec
[TwinWall] projected 7110 node(s)
Step =   4497: nodes = 35261, dt = 7.137625e-11, strain = 6.368024e-03, elapsed = 7099.7 sec
[TwinWall] projected 7136 node(s)
Step =   4498: nodes = 35297, dt = 8.565150e-11, strain = 6.368880e-03, elapsed = 7103.4 sec
[TwinWall] projected 7096 node(s)
Step =   4499: nodes = 35293, dt = 1.027818e-10, strain = 6.369908e-03, elapsed = 7107.3 sec
[TwinWall] projected 7073 node(s)
Step =   4500: nodes = 35275, dt = 6.166908e-11, strain = 6.370525e-03, elapsed = 7113.0 sec
Writing configuration in legacy data format
 Output file: /data/home/dg000246b/openDIS/HomeWork/output_Cu_twin_rorient1/config.4500.data
Writing restart file
 Restart file: /data/home/dg000246b/openDIS/HomeWork/output_Cu_twin_rorient1/restart.4500.exadis
[TwinWall] projected 7037 node(s)
Step =   4501: nodes = 35298, dt = 6.166908e-11, strain = 6.371141e-03, elapsed = 7117.1 sec
[TwinWall] projected 6996 node(s)
Step =   4502: nodes = 35305, dt = 7.400290e-11, strain = 6.371881e-03, elapsed = 7120.8 sec
[TwinWall] projected 6916 node(s)
Step =   4503: nodes = 35295, dt = 8.880348e-11, strain = 6.372770e-03, elapsed = 7124.7 sec
[TwinWall] projected 7125 node(s)
Step =   4504: nodes = 35275, dt = 1.065642e-10, strain = 6.373835e-03, elapsed = 7128.5 sec
[TwinWall] projected 7238 node(s)
Step =   4505: nodes = 35302, dt = 1.278770e-10, strain = 6.375114e-03, elapsed = 7132.3 sec
[TwinWall] projected 6892 node(s)
Step =   4506: nodes = 35293, dt = 7.672621e-11, strain = 6.375881e-03, elapsed = 7138.1 sec
[TwinWall] projected 6874 node(s)
Step =   4507: nodes = 35319, dt = 7.672621e-11, strain = 6.376648e-03, elapsed = 7141.9 sec
[TwinWall] projected 6993 node(s)
Step =   4508: nodes = 35310, dt = 9.207145e-11, strain = 6.377569e-03, elapsed = 7145.8 sec
[TwinWall] projected 6971 node(s)
Step =   4509: nodes = 35320, dt = 1.104857e-10, strain = 6.378674e-03, elapsed = 7149.6 sec
[TwinWall] projected 6927 node(s)
Step =   4510: nodes = 35301, dt = 6.629144e-11, strain = 6.379337e-03, elapsed = 7155.6 sec
[TwinWall] projected 7003 node(s)
Step =   4511: nodes = 35327, dt = 6.629144e-11, strain = 6.380000e-03, elapsed = 7159.4 sec
[TwinWall] projected 7120 node(s)
Step =   4512: nodes = 35315, dt = 7.954973e-11, strain = 6.380795e-03, elapsed = 7163.1 sec
[TwinWall] projected 7162 node(s)
Step =   4513: nodes = 35308, dt = 9.545968e-11, strain = 6.381750e-03, elapsed = 7166.9 sec
[TwinWall] projected 7054 node(s)
Step =   4514: nodes = 35303, dt = 1.145516e-10, strain = 6.382895e-03, elapsed = 7170.8 sec
[TwinWall] projected 7213 node(s)
Step =   4515: nodes = 35290, dt = 1.374619e-10, strain = 6.384270e-03, elapsed = 7174.7 sec
[TwinWall] projected 7004 node(s)
Step =   4516: nodes = 35284, dt = 8.247716e-11, strain = 6.385095e-03, elapsed = 7180.5 sec
[TwinWall] projected 6891 node(s)
Step =   4517: nodes = 35301, dt = 8.247716e-11, strain = 6.385920e-03, elapsed = 7184.4 sec
[TwinWall] projected 7017 node(s)
Step =   4518: nodes = 35310, dt = 9.897259e-11, strain = 6.386909e-03, elapsed = 7188.2 sec
[TwinWall] projected 7103 node(s)
Step =   4519: nodes = 35297, dt = 1.187671e-10, strain = 6.388097e-03, elapsed = 7192.1 sec
[TwinWall] projected 6993 node(s)
Step =   4520: nodes = 35307, dt = 7.126027e-11, strain = 6.388810e-03, elapsed = 7197.9 sec
[TwinWall] projected 6908 node(s)
Step =   4521: nodes = 35297, dt = 7.126027e-11, strain = 6.389522e-03, elapsed = 7201.7 sec
[TwinWall] projected 7004 node(s)
Step =   4522: nodes = 35302, dt = 8.551232e-11, strain = 6.390377e-03, elapsed = 7205.5 sec
[TwinWall] projected 7170 node(s)
Step =   4523: nodes = 35327, dt = 1.026148e-10, strain = 6.391404e-03, elapsed = 7209.3 sec
[TwinWall] projected 7242 node(s)
Step =   4524: nodes = 35337, dt = 1.231377e-10, strain = 6.392635e-03, elapsed = 7213.1 sec
[TwinWall] projected 7037 node(s)
Step =   4525: nodes = 35331, dt = 7.388264e-11, strain = 6.393374e-03, elapsed = 7219.2 sec
[TwinWall] projected 6898 node(s)
Step =   4526: nodes = 35315, dt = 7.388264e-11, strain = 6.394113e-03, elapsed = 7223.0 sec
[TwinWall] projected 6982 node(s)
Step =   4527: nodes = 35311, dt = 8.865917e-11, strain = 6.394999e-03, elapsed = 7226.8 sec
[TwinWall] projected 7204 node(s)
Step =   4528: nodes = 35301, dt = 1.063910e-10, strain = 6.396063e-03, elapsed = 7230.6 sec
[TwinWall] projected 7259 node(s)
Step =   4529: nodes = 35286, dt = 1.276692e-10, strain = 6.397340e-03, elapsed = 7234.6 sec
[TwinWall] projected 6969 node(s)
Step =   4530: nodes = 35298, dt = 7.660153e-11, strain = 6.398106e-03, elapsed = 7240.3 sec
[TwinWall] projected 6974 node(s)
Step =   4531: nodes = 35291, dt = 7.660153e-11, strain = 6.398872e-03, elapsed = 7244.2 sec
[TwinWall] projected 7102 node(s)
Step =   4532: nodes = 35306, dt = 9.192183e-11, strain = 6.399791e-03, elapsed = 7248.0 sec
[TwinWall] projected 7119 node(s)
Step =   4533: nodes = 35305, dt = 1.103062e-10, strain = 6.400894e-03, elapsed = 7252.1 sec
[TwinWall] projected 7177 node(s)
Step =   4534: nodes = 35306, dt = 1.323674e-10, strain = 6.402218e-03, elapsed = 7256.2 sec
[TwinWall] projected 7058 node(s)
Step =   4535: nodes = 35326, dt = 7.942046e-11, strain = 6.403012e-03, elapsed = 7262.5 sec
[TwinWall] projected 6954 node(s)
Step =   4536: nodes = 35316, dt = 7.942046e-11, strain = 6.403806e-03, elapsed = 7266.3 sec
[TwinWall] projected 7116 node(s)
Step =   4537: nodes = 35331, dt = 9.530455e-11, strain = 6.404759e-03, elapsed = 7270.2 sec
[TwinWall] projected 7179 node(s)
Step =   4538: nodes = 35325, dt = 1.143655e-10, strain = 6.405903e-03, elapsed = 7273.9 sec
[TwinWall] projected 7125 node(s)
Step =   4539: nodes = 35317, dt = 6.861928e-11, strain = 6.406589e-03, elapsed = 7279.9 sec
[TwinWall] projected 6940 node(s)
Step =   4540: nodes = 35336, dt = 6.861928e-11, strain = 6.407275e-03, elapsed = 7283.6 sec
[TwinWall] projected 7033 node(s)
Step =   4541: nodes = 35338, dt = 8.234314e-11, strain = 6.408099e-03, elapsed = 7287.3 sec
[TwinWall] projected 7095 node(s)
Step =   4542: nodes = 35332, dt = 9.881176e-11, strain = 6.409087e-03, elapsed = 7291.3 sec
[TwinWall] projected 6997 node(s)
Step =   4543: nodes = 35335, dt = 5.928706e-11, strain = 6.409680e-03, elapsed = 7297.0 sec
[TwinWall] projected 6856 node(s)
Step =   4544: nodes = 35334, dt = 5.928706e-11, strain = 6.410273e-03, elapsed = 7300.8 sec
[TwinWall] projected 6958 node(s)
Step =   4545: nodes = 35337, dt = 7.114447e-11, strain = 6.410984e-03, elapsed = 7304.7 sec
[TwinWall] projected 6982 node(s)
Step =   4546: nodes = 35342, dt = 8.537336e-11, strain = 6.411838e-03, elapsed = 7308.5 sec
[TwinWall] projected 6955 node(s)
Step =   4547: nodes = 35330, dt = 1.024480e-10, strain = 6.412862e-03, elapsed = 7312.4 sec
[TwinWall] projected 7059 node(s)
Step =   4548: nodes = 35312, dt = 1.229376e-10, strain = 6.414092e-03, elapsed = 7316.4 sec
[TwinWall] projected 6979 node(s)
Step =   4549: nodes = 35300, dt = 7.376259e-11, strain = 6.414829e-03, elapsed = 7322.2 sec
[TwinWall] projected 6914 node(s)
Step =   4550: nodes = 35329, dt = 7.376259e-11, strain = 6.415567e-03, elapsed = 7325.9 sec
[TwinWall] projected 6990 node(s)
Step =   4551: nodes = 35321, dt = 8.851510e-11, strain = 6.416452e-03, elapsed = 7329.8 sec
[TwinWall] projected 7074 node(s)
Step =   4552: nodes = 35328, dt = 1.062181e-10, strain = 6.417514e-03, elapsed = 7333.6 sec
[TwinWall] projected 7129 node(s)
Step =   4553: nodes = 35292, dt = 1.274617e-10, strain = 6.418789e-03, elapsed = 7337.9 sec
[TwinWall] projected 6912 node(s)
Step =   4554: nodes = 35304, dt = 7.647705e-11, strain = 6.419554e-03, elapsed = 7343.6 sec
[TwinWall] projected 7075 node(s)
Step =   4555: nodes = 35277, dt = 7.647705e-11, strain = 6.420318e-03, elapsed = 7347.5 sec
[TwinWall] projected 7067 node(s)
Step =   4556: nodes = 35274, dt = 9.177246e-11, strain = 6.421236e-03, elapsed = 7351.2 sec
[TwinWall] projected 7047 node(s)
Step =   4557: nodes = 35276, dt = 1.101269e-10, strain = 6.422337e-03, elapsed = 7355.1 sec
[TwinWall] projected 7069 node(s)
Step =   4558: nodes = 35254, dt = 1.321523e-10, strain = 6.423659e-03, elapsed = 7359.0 sec
[TwinWall] projected 6934 node(s)
Step =   4559: nodes = 35242, dt = 7.929140e-11, strain = 6.424452e-03, elapsed = 7364.8 sec
[TwinWall] projected 6957 node(s)
Step =   4560: nodes = 35278, dt = 7.929140e-11, strain = 6.425245e-03, elapsed = 7368.5 sec
[TwinWall] projected 7039 node(s)
Step =   4561: nodes = 35275, dt = 9.514968e-11, strain = 6.426196e-03, elapsed = 7372.3 sec
[TwinWall] projected 7096 node(s)
Step =   4562: nodes = 35255, dt = 1.141796e-10, strain = 6.427338e-03, elapsed = 7376.0 sec
[TwinWall] projected 7135 node(s)
Step =   4563: nodes = 35216, dt = 1.370155e-10, strain = 6.428708e-03, elapsed = 7379.9 sec
[TwinWall] projected 6935 node(s)
Step =   4564: nodes = 35255, dt = 8.220933e-11, strain = 6.429530e-03, elapsed = 7385.6 sec
[TwinWall] projected 6779 node(s)
Step =   4565: nodes = 35230, dt = 8.220933e-11, strain = 6.430352e-03, elapsed = 7389.4 sec
[TwinWall] projected 6764 node(s)
Step =   4566: nodes = 35239, dt = 9.865119e-11, strain = 6.431339e-03, elapsed = 7393.2 sec
[TwinWall] projected 7024 node(s)
Step =   4567: nodes = 35226, dt = 1.183814e-10, strain = 6.432523e-03, elapsed = 7397.3 sec
[TwinWall] projected 6633 node(s)
Step =   4568: nodes = 35216, dt = 7.102886e-11, strain = 6.433233e-03, elapsed = 7402.9 sec
[TwinWall] projected 6754 node(s)
Step =   4569: nodes = 35192, dt = 7.102886e-11, strain = 6.433943e-03, elapsed = 7406.7 sec
[TwinWall] projected 6863 node(s)
Step =   4570: nodes = 35194, dt = 8.523463e-11, strain = 6.434796e-03, elapsed = 7410.5 sec
[TwinWall] projected 6835 node(s)
Step =   4571: nodes = 35189, dt = 1.022816e-10, strain = 6.435818e-03, elapsed = 7414.3 sec
[TwinWall] projected 6919 node(s)
Step =   4572: nodes = 35169, dt = 1.227379e-10, strain = 6.437046e-03, elapsed = 7418.1 sec
[TwinWall] projected 6822 node(s)
Step =   4573: nodes = 35149, dt = 7.364272e-11, strain = 6.437782e-03, elapsed = 7423.8 sec
[TwinWall] projected 6692 node(s)
Step =   4574: nodes = 35160, dt = 7.364272e-11, strain = 6.438519e-03, elapsed = 7427.6 sec
[TwinWall] projected 6620 node(s)
Step =   4575: nodes = 35164, dt = 8.837127e-11, strain = 6.439402e-03, elapsed = 7431.3 sec
[TwinWall] projected 6755 node(s)
Step =   4576: nodes = 35175, dt = 1.060455e-10, strain = 6.440463e-03, elapsed = 7435.2 sec
[TwinWall] projected 6903 node(s)
Step =   4577: nodes = 35154, dt = 1.272546e-10, strain = 6.441735e-03, elapsed = 7439.1 sec
[TwinWall] projected 6808 node(s)
Step =   4578: nodes = 35167, dt = 7.635277e-11, strain = 6.442499e-03, elapsed = 7444.8 sec
[TwinWall] projected 6757 node(s)
Step =   4579: nodes = 35176, dt = 7.635277e-11, strain = 6.443262e-03, elapsed = 7448.5 sec
[TwinWall] projected 6913 node(s)
Step =   4580: nodes = 35177, dt = 9.162333e-11, strain = 6.444179e-03, elapsed = 7452.4 sec
[TwinWall] projected 6910 node(s)
Step =   4581: nodes = 35179, dt = 1.099480e-10, strain = 6.445278e-03, elapsed = 7456.3 sec
[TwinWall] projected 6852 node(s)
Step =   4582: nodes = 35160, dt = 6.596880e-11, strain = 6.445938e-03, elapsed = 7462.1 sec
[TwinWall] projected 6735 node(s)
Step =   4583: nodes = 35158, dt = 6.596880e-11, strain = 6.446597e-03, elapsed = 7465.8 sec
[TwinWall] projected 6652 node(s)
Step =   4584: nodes = 35160, dt = 7.916256e-11, strain = 6.447389e-03, elapsed = 7469.6 sec
[TwinWall] projected 6823 node(s)
Step =   4585: nodes = 35182, dt = 9.499507e-11, strain = 6.448339e-03, elapsed = 7473.5 sec
[TwinWall] projected 6929 node(s)
Step =   4586: nodes = 35153, dt = 1.139941e-10, strain = 6.449479e-03, elapsed = 7477.3 sec
[TwinWall] projected 7111 node(s)
Step =   4587: nodes = 35127, dt = 1.367929e-10, strain = 6.450847e-03, elapsed = 7481.2 sec
[TwinWall] projected 6793 node(s)
Step =   4588: nodes = 35127, dt = 8.207574e-11, strain = 6.451668e-03, elapsed = 7486.9 sec
[TwinWall] projected 6832 node(s)
Step =   4589: nodes = 35149, dt = 8.207574e-11, strain = 6.452488e-03, elapsed = 7490.7 sec
[TwinWall] projected 6860 node(s)
Step =   4590: nodes = 35162, dt = 9.849088e-11, strain = 6.453473e-03, elapsed = 7494.5 sec
[TwinWall] projected 6927 node(s)
Step =   4591: nodes = 35163, dt = 1.181891e-10, strain = 6.454655e-03, elapsed = 7498.3 sec
[TwinWall] projected 6769 node(s)
Step =   4592: nodes = 35159, dt = 7.091344e-11, strain = 6.455364e-03, elapsed = 7504.1 sec
[TwinWall] projected 6717 node(s)
Step =   4593: nodes = 35180, dt = 7.091344e-11, strain = 6.456073e-03, elapsed = 7507.9 sec
[TwinWall] projected 6824 node(s)
Step =   4594: nodes = 35186, dt = 8.509612e-11, strain = 6.456924e-03, elapsed = 7511.6 sec
[TwinWall] projected 6955 node(s)
Step =   4595: nodes = 35198, dt = 1.021153e-10, strain = 6.457946e-03, elapsed = 7515.8 sec
[TwinWall] projected 6991 node(s)
Step =   4596: nodes = 35201, dt = 1.225384e-10, strain = 6.459171e-03, elapsed = 7519.7 sec
[TwinWall] projected 6754 node(s)
Step =   4597: nodes = 35187, dt = 7.352305e-11, strain = 6.459906e-03, elapsed = 7525.5 sec
[TwinWall] projected 6803 node(s)
Step =   4598: nodes = 35177, dt = 7.352305e-11, strain = 6.460641e-03, elapsed = 7529.3 sec
[TwinWall] projected 6788 node(s)
Step =   4599: nodes = 35180, dt = 8.822766e-11, strain = 6.461524e-03, elapsed = 7533.0 sec
[TwinWall] projected 6890 node(s)
Step =   4600: nodes = 35188, dt = 1.058732e-10, strain = 6.462582e-03, elapsed = 7536.9 sec
Writing configuration in legacy data format
 Output file: /data/home/dg000246b/openDIS/HomeWork/output_Cu_twin_rorient1/config.4600.data
Writing restart file
 Restart file: /data/home/dg000246b/openDIS/HomeWork/output_Cu_twin_rorient1/restart.4600.exadis
[TwinWall] projected 6806 node(s)
Step =   4601: nodes = 35168, dt = 6.352392e-11, strain = 6.463218e-03, elapsed = 7543.0 sec
[TwinWall] projected 6689 node(s)
Step =   4602: nodes = 35182, dt = 6.352392e-11, strain = 6.463853e-03, elapsed = 7546.7 sec
[TwinWall] projected 6811 node(s)
Step =   4603: nodes = 35169, dt = 7.622870e-11, strain = 6.464615e-03, elapsed = 7550.4 sec
[TwinWall] projected 6838 node(s)
Step =   4604: nodes = 35179, dt = 9.147444e-11, strain = 6.465530e-03, elapsed = 7554.2 sec
[TwinWall] projected 6814 node(s)
Step =   4605: nodes = 35170, dt = 1.097693e-10, strain = 6.466628e-03, elapsed = 7558.0 sec
[TwinWall] projected 6675 node(s)
Step =   4606: nodes = 35182, dt = 6.586160e-11, strain = 6.467286e-03, elapsed = 7563.7 sec
[TwinWall] projected 6687 node(s)
Step =   4607: nodes = 35144, dt = 6.586160e-11, strain = 6.467945e-03, elapsed = 7567.3 sec
[TwinWall] projected 6772 node(s)
Step =   4608: nodes = 35132, dt = 7.903392e-11, strain = 6.468735e-03, elapsed = 7571.0 sec
[TwinWall] projected 6742 node(s)
Step =   4609: nodes = 35124, dt = 9.484070e-11, strain = 6.469684e-03, elapsed = 7574.8 sec
[TwinWall] projected 6849 node(s)
Step =   4610: nodes = 35122, dt = 1.138088e-10, strain = 6.470822e-03, elapsed = 7578.7 sec
[TwinWall] projected 6970 node(s)
Step =   4611: nodes = 35138, dt = 1.365706e-10, strain = 6.472187e-03, elapsed = 7582.5 sec
[TwinWall] projected 6845 node(s)
Step =   4612: nodes = 35144, dt = 8.194236e-11, strain = 6.473007e-03, elapsed = 7588.2 sec
[TwinWall] projected 6748 node(s)
Step =   4613: nodes = 35135, dt = 8.194236e-11, strain = 6.473826e-03, elapsed = 7591.9 sec
[TwinWall] projected 6785 node(s)
Step =   4614: nodes = 35121, dt = 9.833084e-11, strain = 6.474810e-03, elapsed = 7595.8 sec
[TwinWall] projected 6609 node(s)
Step =   4615: nodes = 35108, dt = 5.899850e-11, strain = 6.475400e-03, elapsed = 7601.5 sec
[TwinWall] projected 6642 node(s)
Step =   4616: nodes = 35118, dt = 5.899850e-11, strain = 6.475990e-03, elapsed = 7605.1 sec
[TwinWall] projected 6726 node(s)
Step =   4617: nodes = 35114, dt = 7.079820e-11, strain = 6.476697e-03, elapsed = 7608.9 sec
[TwinWall] projected 6772 node(s)
Step =   4618: nodes = 35117, dt = 8.495784e-11, strain = 6.477547e-03, elapsed = 7612.7 sec
[TwinWall] projected 6865 node(s)
Step =   4619: nodes = 35114, dt = 1.019494e-10, strain = 6.478567e-03, elapsed = 7616.5 sec
[TwinWall] projected 6896 node(s)
Step =   4620: nodes = 35092, dt = 1.223393e-10, strain = 6.479790e-03, elapsed = 7620.3 sec
[TwinWall] projected 6582 node(s)
Step =   4621: nodes = 35081, dt = 7.340358e-11, strain = 6.480524e-03, elapsed = 7626.0 sec
[TwinWall] projected 6628 node(s)
Step =   4622: nodes = 35082, dt = 7.340358e-11, strain = 6.481258e-03, elapsed = 7629.7 sec
[TwinWall] projected 6689 node(s)
Step =   4623: nodes = 35106, dt = 8.808429e-11, strain = 6.482139e-03, elapsed = 7633.4 sec
[TwinWall] projected 6752 node(s)
Step =   4624: nodes = 35079, dt = 1.057011e-10, strain = 6.483196e-03, elapsed = 7637.4 sec
[TwinWall] projected 6902 node(s)
Step =   4625: nodes = 35068, dt = 1.268414e-10, strain = 6.484464e-03, elapsed = 7641.3 sec
[TwinWall] projected 6722 node(s)
Step =   4626: nodes = 35060, dt = 7.610483e-11, strain = 6.485225e-03, elapsed = 7647.0 sec
[TwinWall] projected 6620 node(s)
Step =   4627: nodes = 35092, dt = 7.610483e-11, strain = 6.485986e-03, elapsed = 7650.8 sec
[TwinWall] projected 6677 node(s)
Step =   4628: nodes = 35095, dt = 9.132579e-11, strain = 6.486900e-03, elapsed = 7654.5 sec
[TwinWall] projected 6722 node(s)
Step =   4629: nodes = 35096, dt = 1.095910e-10, strain = 6.487996e-03, elapsed = 7658.3 sec
[TwinWall] projected 6588 node(s)
Step =   4630: nodes = 35073, dt = 6.575457e-11, strain = 6.488653e-03, elapsed = 7664.0 sec
[TwinWall] projected 6547 node(s)
Step =   4631: nodes = 35084, dt = 6.575457e-11, strain = 6.489311e-03, elapsed = 7667.7 sec
[TwinWall] projected 6537 node(s)
Step =   4632: nodes = 35070, dt = 7.890549e-11, strain = 6.490100e-03, elapsed = 7671.5 sec
[TwinWall] projected 6686 node(s)
Step =   4633: nodes = 35053, dt = 9.468658e-11, strain = 6.491047e-03, elapsed = 7675.3 sec
[TwinWall] projected 6705 node(s)
Step =   4634: nodes = 35052, dt = 1.136239e-10, strain = 6.492183e-03, elapsed = 7679.0 sec
[TwinWall] projected 6761 node(s)
Step =   4635: nodes = 35021, dt = 1.363487e-10, strain = 6.493546e-03, elapsed = 7682.8 sec
[TwinWall] projected 6544 node(s)
Step =   4636: nodes = 35018, dt = 8.180921e-11, strain = 6.494364e-03, elapsed = 7688.6 sec
[TwinWall] projected 6503 node(s)
Step =   4637: nodes = 35031, dt = 8.180921e-11, strain = 6.495182e-03, elapsed = 7692.3 sec
[TwinWall] projected 6677 node(s)
Step =   4638: nodes = 34989, dt = 9.817105e-11, strain = 6.496164e-03, elapsed = 7696.3 sec
[TwinWall] projected 6807 node(s)
Step =   4639: nodes = 35033, dt = 1.178053e-10, strain = 6.497342e-03, elapsed = 7700.1 sec
[TwinWall] projected 6688 node(s)
Step =   4640: nodes = 35002, dt = 7.068316e-11, strain = 6.498049e-03, elapsed = 7705.8 sec
[TwinWall] projected 6526 node(s)
Step =   4641: nodes = 35002, dt = 7.068316e-11, strain = 6.498756e-03, elapsed = 7709.5 sec
[TwinWall] projected 6678 node(s)
Step =   4642: nodes = 35026, dt = 8.481979e-11, strain = 6.499604e-03, elapsed = 7713.1 sec
[TwinWall] projected 6651 node(s)
Step =   4643: nodes = 35027, dt = 1.017837e-10, strain = 6.500622e-03, elapsed = 7717.0 sec
[TwinWall] projected 6773 node(s)
Step =   4644: nodes = 34992, dt = 1.221405e-10, strain = 6.501843e-03, elapsed = 7720.7 sec
[TwinWall] projected 6630 node(s)
Step =   4645: nodes = 34986, dt = 7.328430e-11, strain = 6.502576e-03, elapsed = 7726.4 sec
[TwinWall] projected 6397 node(s)
Step =   4646: nodes = 34978, dt = 7.328430e-11, strain = 6.503309e-03, elapsed = 7730.1 sec
[TwinWall] projected 6541 node(s)
Step =   4647: nodes = 34971, dt = 8.794115e-11, strain = 6.504188e-03, elapsed = 7733.9 sec
[TwinWall] projected 6644 node(s)
Step =   4648: nodes = 34971, dt = 1.055294e-10, strain = 6.505244e-03, elapsed = 7737.5 sec
[TwinWall] projected 6704 node(s)
Step =   4649: nodes = 34939, dt = 1.266353e-10, strain = 6.506510e-03, elapsed = 7741.3 sec
[TwinWall] projected 6611 node(s)
Step =   4650: nodes = 34962, dt = 7.598116e-11, strain = 6.507270e-03, elapsed = 7746.9 sec
[TwinWall] projected 6675 node(s)
Step =   4651: nodes = 34963, dt = 7.598116e-11, strain = 6.508030e-03, elapsed = 7750.7 sec
[TwinWall] projected 6702 node(s)
Step =   4652: nodes = 34963, dt = 9.117739e-11, strain = 6.508941e-03, elapsed = 7754.4 sec
[TwinWall] projected 6699 node(s)
Step =   4653: nodes = 34948, dt = 1.094129e-10, strain = 6.510036e-03, elapsed = 7758.4 sec
[TwinWall] projected 6654 node(s)
Step =   4654: nodes = 34970, dt = 6.564772e-11, strain = 6.510692e-03, elapsed = 7764.0 sec
[TwinWall] projected 6652 node(s)
Step =   4655: nodes = 34979, dt = 6.564772e-11, strain = 6.511349e-03, elapsed = 7767.7 sec
[TwinWall] projected 6624 node(s)
Step =   4656: nodes = 34989, dt = 7.877726e-11, strain = 6.512136e-03, elapsed = 7771.3 sec
[TwinWall] projected 6598 node(s)
Step =   4657: nodes = 34951, dt = 9.453272e-11, strain = 6.513082e-03, elapsed = 7775.1 sec
[TwinWall] projected 6559 node(s)
Step =   4658: nodes = 34955, dt = 1.134393e-10, strain = 6.514216e-03, elapsed = 7778.9 sec
[TwinWall] projected 6496 node(s)
Step =   4659: nodes = 34950, dt = 6.806356e-11, strain = 6.514897e-03, elapsed = 7784.6 sec
[TwinWall] projected 6400 node(s)
Step =   4660: nodes = 34982, dt = 6.806356e-11, strain = 6.515577e-03, elapsed = 7788.3 sec
[TwinWall] projected 6480 node(s)
Step =   4661: nodes = 34960, dt = 8.167627e-11, strain = 6.516394e-03, elapsed = 7792.0 sec
[TwinWall] projected 6588 node(s)
Step =   4662: nodes = 34947, dt = 9.801152e-11, strain = 6.517374e-03, elapsed = 7795.8 sec
[TwinWall] projected 6647 node(s)
Step =   4663: nodes = 34964, dt = 1.176138e-10, strain = 6.518550e-03, elapsed = 7799.5 sec
[TwinWall] projected 6557 node(s)
Step =   4664: nodes = 34946, dt = 7.056829e-11, strain = 6.519256e-03, elapsed = 7805.1 sec
[TwinWall] projected 6482 node(s)
Step =   4665: nodes = 34959, dt = 7.056829e-11, strain = 6.519962e-03, elapsed = 7808.8 sec
[TwinWall] projected 6460 node(s)
Step =   4666: nodes = 34959, dt = 8.468195e-11, strain = 6.520809e-03, elapsed = 7812.5 sec
[TwinWall] projected 6473 node(s)
Step =   4667: nodes = 34957, dt = 1.016183e-10, strain = 6.521825e-03, elapsed = 7816.5 sec
[TwinWall] projected 6537 node(s)
Step =   4668: nodes = 34953, dt = 1.219420e-10, strain = 6.523044e-03, elapsed = 7820.3 sec
[TwinWall] projected 6451 node(s)
Step =   4669: nodes = 34951, dt = 7.316521e-11, strain = 6.523776e-03, elapsed = 7826.1 sec
[TwinWall] projected 6306 node(s)
Step =   4670: nodes = 34961, dt = 7.316521e-11, strain = 6.524507e-03, elapsed = 7829.9 sec
[TwinWall] projected 6469 node(s)
Step =   4671: nodes = 34965, dt = 8.779825e-11, strain = 6.525385e-03, elapsed = 7833.7 sec
[TwinWall] projected 6565 node(s)
Step =   4672: nodes = 34972, dt = 1.053579e-10, strain = 6.526439e-03, elapsed = 7837.4 sec
[TwinWall] projected 6712 node(s)
Step =   4673: nodes = 34939, dt = 1.264295e-10, strain = 6.527703e-03, elapsed = 7841.3 sec
[TwinWall] projected 6509 node(s)
Step =   4674: nodes = 34927, dt = 7.585769e-11, strain = 6.528462e-03, elapsed = 7846.9 sec
[TwinWall] projected 6521 node(s)
Step =   4675: nodes = 34928, dt = 7.585769e-11, strain = 6.529220e-03, elapsed = 7850.7 sec
[TwinWall] projected 6627 node(s)
Step =   4676: nodes = 34930, dt = 9.102923e-11, strain = 6.530131e-03, elapsed = 7854.4 sec
[TwinWall] projected 6679 node(s)
Step =   4677: nodes = 34937, dt = 1.092351e-10, strain = 6.531223e-03, elapsed = 7858.2 sec
[TwinWall] projected 6499 node(s)
Step =   4678: nodes = 34930, dt = 6.554104e-11, strain = 6.531879e-03, elapsed = 7863.8 sec
[TwinWall] projected 6485 node(s)
Step =   4679: nodes = 34928, dt = 6.554104e-11, strain = 6.532534e-03, elapsed = 7867.5 sec
[TwinWall] projected 6503 node(s)
Step =   4680: nodes = 34932, dt = 7.864925e-11, strain = 6.533320e-03, elapsed = 7871.2 sec
[TwinWall] projected 6625 node(s)
Step =   4681: nodes = 34930, dt = 9.437910e-11, strain = 6.534264e-03, elapsed = 7875.0 sec
[TwinWall] projected 6722 node(s)
Step =   4682: nodes = 34917, dt = 1.132549e-10, strain = 6.535397e-03, elapsed = 7878.9 sec
[TwinWall] projected 6823 node(s)
Step =   4683: nodes = 34912, dt = 1.359059e-10, strain = 6.536756e-03, elapsed = 7882.7 sec
[TwinWall] projected 6535 node(s)
Step =   4684: nodes = 34889, dt = 8.154354e-11, strain = 6.537571e-03, elapsed = 7888.4 sec
[TwinWall] projected 6480 node(s)
Step =   4685: nodes = 34890, dt = 8.154354e-11, strain = 6.538387e-03, elapsed = 7892.1 sec
[TwinWall] projected 6630 node(s)
Step =   4686: nodes = 34898, dt = 9.785225e-11, strain = 6.539365e-03, elapsed = 7895.9 sec
[TwinWall] projected 6704 node(s)
Step =   4687: nodes = 34897, dt = 1.174227e-10, strain = 6.540539e-03, elapsed = 7899.7 sec
[TwinWall] projected 6579 node(s)
Step =   4688: nodes = 34880, dt = 7.045362e-11, strain = 6.541244e-03, elapsed = 7905.4 sec
[TwinWall] projected 6487 node(s)
Step =   4689: nodes = 34880, dt = 7.045362e-11, strain = 6.541949e-03, elapsed = 7909.2 sec
[TwinWall] projected 6506 node(s)
Step =   4690: nodes = 34884, dt = 8.454435e-11, strain = 6.542794e-03, elapsed = 7912.8 sec
[TwinWall] projected 6663 node(s)
Step =   4691: nodes = 34884, dt = 1.014532e-10, strain = 6.543808e-03, elapsed = 7916.6 sec
[TwinWall] projected 6453 node(s)
Step =   4692: nodes = 34869, dt = 6.087193e-11, strain = 6.544417e-03, elapsed = 7922.3 sec
[TwinWall] projected 6456 node(s)
Step =   4693: nodes = 34887, dt = 6.087193e-11, strain = 6.545026e-03, elapsed = 7926.1 sec
[TwinWall] projected 6494 node(s)
Step =   4694: nodes = 34883, dt = 7.304631e-11, strain = 6.545756e-03, elapsed = 7929.8 sec
[TwinWall] projected 6616 node(s)
Step =   4695: nodes = 34883, dt = 8.765558e-11, strain = 6.546633e-03, elapsed = 7933.6 sec
[TwinWall] projected 6560 node(s)
Step =   4696: nodes = 34895, dt = 1.051867e-10, strain = 6.547685e-03, elapsed = 7937.4 sec
[TwinWall] projected 6708 node(s)
Step =   4697: nodes = 34835, dt = 1.262240e-10, strain = 6.548947e-03, elapsed = 7941.3 sec
[TwinWall] projected 6551 node(s)
Step =   4698: nodes = 34840, dt = 7.573442e-11, strain = 6.549704e-03, elapsed = 7946.9 sec
[TwinWall] projected 6660 node(s)
Step =   4699: nodes = 34850, dt = 7.573442e-11, strain = 6.550462e-03, elapsed = 7950.6 sec
[TwinWall] projected 6649 node(s)
Step =   4700: nodes = 34814, dt = 9.088130e-11, strain = 6.551371e-03, elapsed = 7954.3 sec
Writing configuration in legacy data format
 Output file: /data/home/dg000246b/openDIS/HomeWork/output_Cu_twin_rorient1/config.4700.data
Writing restart file
 Restart file: /data/home/dg000246b/openDIS/HomeWork/output_Cu_twin_rorient1/restart.4700.exadis
[TwinWall] projected 6595 node(s)
Step =   4701: nodes = 34790, dt = 1.090576e-10, strain = 6.552461e-03, elapsed = 7958.4 sec
[TwinWall] projected 6606 node(s)
Step =   4702: nodes = 34767, dt = 6.543454e-11, strain = 6.553115e-03, elapsed = 7963.9 sec
[TwinWall] projected 6470 node(s)
Step =   4703: nodes = 34763, dt = 6.543454e-11, strain = 6.553770e-03, elapsed = 7967.6 sec
[TwinWall] projected 6399 node(s)
Step =   4704: nodes = 34760, dt = 7.852145e-11, strain = 6.554555e-03, elapsed = 7971.4 sec
[TwinWall] projected 6506 node(s)
Step =   4705: nodes = 34748, dt = 9.422573e-11, strain = 6.555497e-03, elapsed = 7975.0 sec
[TwinWall] projected 6456 node(s)
Step =   4706: nodes = 34735, dt = 1.130709e-10, strain = 6.556628e-03, elapsed = 7978.8 sec
[TwinWall] projected 6420 node(s)
Step =   4707: nodes = 34722, dt = 6.784253e-11, strain = 6.557306e-03, elapsed = 7984.3 sec
[TwinWall] projected 6449 node(s)
Step =   4708: nodes = 34724, dt = 6.784253e-11, strain = 6.557985e-03, elapsed = 7988.0 sec
[TwinWall] projected 6467 node(s)
Step =   4709: nodes = 34708, dt = 8.141103e-11, strain = 6.558799e-03, elapsed = 7991.7 sec
[TwinWall] projected 6450 node(s)
Step =   4710: nodes = 34696, dt = 9.769324e-11, strain = 6.559776e-03, elapsed = 7995.4 sec
[TwinWall] projected 6446 node(s)
Step =   4711: nodes = 34682, dt = 5.861595e-11, strain = 6.560362e-03, elapsed = 8000.9 sec
[TwinWall] projected 6395 node(s)
Step =   4712: nodes = 34685, dt = 5.861595e-11, strain = 6.560948e-03, elapsed = 8004.5 sec
[TwinWall] projected 6470 node(s)
Step =   4713: nodes = 34681, dt = 7.033913e-11, strain = 6.561652e-03, elapsed = 8008.2 sec
[TwinWall] projected 6357 node(s)
Step =   4714: nodes = 34680, dt = 8.440696e-11, strain = 6.562496e-03, elapsed = 8011.9 sec
[TwinWall] projected 6460 node(s)
Step =   4715: nodes = 34689, dt = 1.012884e-10, strain = 6.563509e-03, elapsed = 8015.5 sec
[TwinWall] projected 6298 node(s)
Step =   4716: nodes = 34684, dt = 6.077301e-11, strain = 6.564116e-03, elapsed = 8021.2 sec
[TwinWall] projected 6153 node(s)
Step =   4717: nodes = 34690, dt = 6.077301e-11, strain = 6.564724e-03, elapsed = 8024.8 sec
[TwinWall] projected 6237 node(s)
Step =   4718: nodes = 34679, dt = 7.292761e-11, strain = 6.565453e-03, elapsed = 8028.5 sec
[TwinWall] projected 6406 node(s)
Step =   4719: nodes = 34656, dt = 8.751314e-11, strain = 6.566328e-03, elapsed = 8032.2 sec
[TwinWall] projected 6443 node(s)
Step =   4720: nodes = 34641, dt = 1.050158e-10, strain = 6.567379e-03, elapsed = 8035.9 sec
[TwinWall] projected 6362 node(s)
Step =   4721: nodes = 34637, dt = 6.300946e-11, strain = 6.568009e-03, elapsed = 8041.5 sec
[TwinWall] projected 6222 node(s)
Step =   4722: nodes = 34649, dt = 6.300946e-11, strain = 6.568639e-03, elapsed = 8045.2 sec
[TwinWall] projected 6163 node(s)
Step =   4723: nodes = 34658, dt = 7.561135e-11, strain = 6.569395e-03, elapsed = 8048.8 sec
[TwinWall] projected 6264 node(s)
Step =   4724: nodes = 34663, dt = 9.073362e-11, strain = 6.570302e-03, elapsed = 8052.5 sec
[TwinWall] projected 6397 node(s)
Step =   4725: nodes = 34648, dt = 1.088803e-10, strain = 6.571391e-03, elapsed = 8056.5 sec
[TwinWall] projected 6599 node(s)
Step =   4726: nodes = 34596, dt = 1.306564e-10, strain = 6.572698e-03, elapsed = 8060.4 sec
[TwinWall] projected 6324 node(s)
Step =   4727: nodes = 34611, dt = 7.839385e-11, strain = 6.573482e-03, elapsed = 8065.9 sec
[TwinWall] projected 6404 node(s)
Step =   4728: nodes = 34605, dt = 7.839385e-11, strain = 6.574265e-03, elapsed = 8069.6 sec
[TwinWall] projected 6449 node(s)
Step =   4729: nodes = 34610, dt = 9.407262e-11, strain = 6.575206e-03, elapsed = 8073.3 sec
[TwinWall] projected 6579 node(s)
Step =   4730: nodes = 34607, dt = 1.128871e-10, strain = 6.576335e-03, elapsed = 8077.0 sec
[TwinWall] projected 6658 node(s)
Step =   4731: nodes = 34591, dt = 1.354646e-10, strain = 6.577690e-03, elapsed = 8080.9 sec
[TwinWall] projected 6405 node(s)
Step =   4732: nodes = 34595, dt = 8.127874e-11, strain = 6.578502e-03, elapsed = 8086.4 sec
[TwinWall] projected 6376 node(s)
Step =   4733: nodes = 34616, dt = 8.127874e-11, strain = 6.579315e-03, elapsed = 8090.0 sec
[TwinWall] projected 6439 node(s)
Step =   4734: nodes = 34581, dt = 9.753449e-11, strain = 6.580291e-03, elapsed = 8093.8 sec
[TwinWall] projected 6481 node(s)
Step =   4735: nodes = 34606, dt = 1.170414e-10, strain = 6.581461e-03, elapsed = 8097.5 sec
[TwinWall] projected 6474 node(s)
Step =   4736: nodes = 34602, dt = 7.022483e-11, strain = 6.582163e-03, elapsed = 8103.0 sec
[TwinWall] projected 6343 node(s)
Step =   4737: nodes = 34621, dt = 7.022483e-11, strain = 6.582866e-03, elapsed = 8106.6 sec
[TwinWall] projected 6386 node(s)
Step =   4738: nodes = 34614, dt = 8.426980e-11, strain = 6.583708e-03, elapsed = 8110.2 sec
[TwinWall] projected 6558 node(s)
Step =   4739: nodes = 34618, dt = 1.011238e-10, strain = 6.584719e-03, elapsed = 8113.9 sec
[TwinWall] projected 6632 node(s)
Step =   4740: nodes = 34615, dt = 1.213485e-10, strain = 6.585933e-03, elapsed = 8117.8 sec
[TwinWall] projected 6476 node(s)
Step =   4741: nodes = 34614, dt = 7.280911e-11, strain = 6.586661e-03, elapsed = 8123.4 sec
[TwinWall] projected 6417 node(s)
Step =   4742: nodes = 34641, dt = 7.280911e-11, strain = 6.587389e-03, elapsed = 8127.2 sec
[TwinWall] projected 6428 node(s)
Step =   4743: nodes = 34615, dt = 8.737093e-11, strain = 6.588263e-03, elapsed = 8130.9 sec
[TwinWall] projected 6461 node(s)
Step =   4744: nodes = 34598, dt = 1.048451e-10, strain = 6.589311e-03, elapsed = 8134.6 sec
[TwinWall] projected 6556 node(s)
Step =   4745: nodes = 34599, dt = 1.258141e-10, strain = 6.590569e-03, elapsed = 8138.4 sec
[TwinWall] projected 6345 node(s)
Step =   4746: nodes = 34585, dt = 7.548848e-11, strain = 6.591324e-03, elapsed = 8144.0 sec
[TwinWall] projected 6297 node(s)
Step =   4747: nodes = 34567, dt = 7.548848e-11, strain = 6.592079e-03, elapsed = 8147.6 sec
[TwinWall] projected 6389 node(s)
Step =   4748: nodes = 34585, dt = 9.058618e-11, strain = 6.592985e-03, elapsed = 8151.3 sec
[TwinWall] projected 6420 node(s)
Step =   4749: nodes = 34546, dt = 1.087034e-10, strain = 6.594072e-03, elapsed = 8155.0 sec
[TwinWall] projected 6380 node(s)
Step =   4750: nodes = 34528, dt = 6.522205e-11, strain = 6.594724e-03, elapsed = 8160.6 sec
[TwinWall] projected 6193 node(s)
Step =   4751: nodes = 34533, dt = 6.522205e-11, strain = 6.595377e-03, elapsed = 8164.2 sec
[TwinWall] projected 6188 node(s)
Step =   4752: nodes = 34526, dt = 7.826646e-11, strain = 6.596159e-03, elapsed = 8167.8 sec
[TwinWall] projected 6388 node(s)
Step =   4753: nodes = 34536, dt = 9.391975e-11, strain = 6.597098e-03, elapsed = 8171.6 sec
[TwinWall] projected 6427 node(s)
Step =   4754: nodes = 34531, dt = 1.127037e-10, strain = 6.598225e-03, elapsed = 8175.2 sec
[TwinWall] projected 6359 node(s)
Step =   4755: nodes = 34521, dt = 6.762222e-11, strain = 6.598902e-03, elapsed = 8180.8 sec
[TwinWall] projected 6180 node(s)
Step =   4756: nodes = 34534, dt = 6.762222e-11, strain = 6.599578e-03, elapsed = 8184.4 sec
[TwinWall] projected 6241 node(s)
Step =   4757: nodes = 34539, dt = 8.114666e-11, strain = 6.600389e-03, elapsed = 8188.0 sec
[TwinWall] projected 6320 node(s)
Step =   4758: nodes = 34536, dt = 9.737600e-11, strain = 6.601363e-03, elapsed = 8191.7 sec
[TwinWall] projected 6424 node(s)
Step =   4759: nodes = 34541, dt = 1.168512e-10, strain = 6.602532e-03, elapsed = 8195.4 sec
[TwinWall] projected 6319 node(s)
Step =   4760: nodes = 34509, dt = 7.011072e-11, strain = 6.603233e-03, elapsed = 8200.9 sec
[TwinWall] projected 6285 node(s)
Step =   4761: nodes = 34534, dt = 7.011072e-11, strain = 6.603934e-03, elapsed = 8204.5 sec
[TwinWall] projected 6426 node(s)
Step =   4762: nodes = 34559, dt = 8.413286e-11, strain = 6.604775e-03, elapsed = 8208.2 sec
[TwinWall] projected 6308 node(s)
Step =   4763: nodes = 34529, dt = 1.009594e-10, strain = 6.605785e-03, elapsed = 8211.9 sec
[TwinWall] projected 6383 node(s)
Step =   4764: nodes = 34506, dt = 1.211513e-10, strain = 6.606996e-03, elapsed = 8215.6 sec
[TwinWall] projected 6204 node(s)
Step =   4765: nodes = 34509, dt = 7.269079e-11, strain = 6.607723e-03, elapsed = 8221.1 sec
[TwinWall] projected 6177 node(s)
Step =   4766: nodes = 34518, dt = 7.269079e-11, strain = 6.608450e-03, elapsed = 8224.7 sec
[TwinWall] projected 6260 node(s)
Step =   4767: nodes = 34526, dt = 8.722895e-11, strain = 6.609322e-03, elapsed = 8228.4 sec
[TwinWall] projected 6396 node(s)
Step =   4768: nodes = 34519, dt = 1.046747e-10, strain = 6.610369e-03, elapsed = 8232.0 sec
[TwinWall] projected 6372 node(s)
Step =   4769: nodes = 34483, dt = 1.256097e-10, strain = 6.611625e-03, elapsed = 8235.8 sec
[TwinWall] projected 6253 node(s)
Step =   4770: nodes = 34471, dt = 7.536581e-11, strain = 6.612379e-03, elapsed = 8241.5 sec
[TwinWall] projected 6305 node(s)
Step =   4771: nodes = 34483, dt = 7.536581e-11, strain = 6.613133e-03, elapsed = 8245.2 sec
[TwinWall] projected 6265 node(s)
Step =   4772: nodes = 34495, dt = 9.043898e-11, strain = 6.614037e-03, elapsed = 8248.9 sec
[TwinWall] projected 6300 node(s)
Step =   4773: nodes = 34496, dt = 1.085268e-10, strain = 6.615122e-03, elapsed = 8252.5 sec
[TwinWall] projected 6442 node(s)
Step =   4774: nodes = 34483, dt = 1.302321e-10, strain = 6.616425e-03, elapsed = 8256.4 sec
[TwinWall] projected 6279 node(s)
Step =   4775: nodes = 34476, dt = 7.813927e-11, strain = 6.617206e-03, elapsed = 8261.9 sec
[TwinWall] projected 6273 node(s)
Step =   4776: nodes = 34495, dt = 7.813927e-11, strain = 6.617987e-03, elapsed = 8265.5 sec
[TwinWall] projected 6315 node(s)
Step =   4777: nodes = 34516, dt = 9.376713e-11, strain = 6.618925e-03, elapsed = 8269.2 sec
[TwinWall] projected 6383 node(s)
Step =   4778: nodes = 34511, dt = 1.125206e-10, strain = 6.620050e-03, elapsed = 8272.9 sec
[TwinWall] projected 6284 node(s)
Step =   4779: nodes = 34500, dt = 6.751233e-11, strain = 6.620725e-03, elapsed = 8278.4 sec
[TwinWall] projected 6182 node(s)
Step =   4780: nodes = 34517, dt = 6.751233e-11, strain = 6.621400e-03, elapsed = 8282.0 sec
[TwinWall] projected 6255 node(s)
Step =   4781: nodes = 34487, dt = 8.101480e-11, strain = 6.622211e-03, elapsed = 8285.7 sec
[TwinWall] projected 6265 node(s)
Step =   4782: nodes = 34514, dt = 9.721776e-11, strain = 6.623183e-03, elapsed = 8289.4 sec
[TwinWall] projected 6389 node(s)
Step =   4783: nodes = 34506, dt = 1.166613e-10, strain = 6.624349e-03, elapsed = 8293.1 sec
[TwinWall] projected 6211 node(s)
Step =   4784: nodes = 34487, dt = 6.999679e-11, strain = 6.625049e-03, elapsed = 8298.8 sec
[TwinWall] projected 6241 node(s)
Step =   4785: nodes = 34483, dt = 6.999679e-11, strain = 6.625749e-03, elapsed = 8302.5 sec
[TwinWall] projected 6284 node(s)
Step =   4786: nodes = 34498, dt = 8.399614e-11, strain = 6.626589e-03, elapsed = 8306.1 sec
[TwinWall] projected 6296 node(s)
Step =   4787: nodes = 34503, dt = 1.007954e-10, strain = 6.627597e-03, elapsed = 8309.8 sec
[TwinWall] projected 6387 node(s)
Step =   4788: nodes = 34502, dt = 1.209544e-10, strain = 6.628807e-03, elapsed = 8313.6 sec
[TwinWall] projected 6191 node(s)
Step =   4789: nodes = 34506, dt = 7.257267e-11, strain = 6.629532e-03, elapsed = 8319.1 sec
[TwinWall] projected 6156 node(s)
Step =   4790: nodes = 34482, dt = 7.257267e-11, strain = 6.630258e-03, elapsed = 8322.7 sec
[TwinWall] projected 6165 node(s)
Step =   4791: nodes = 34498, dt = 8.708720e-11, strain = 6.631129e-03, elapsed = 8326.4 sec
[TwinWall] projected 6249 node(s)
Step =   4792: nodes = 34506, dt = 1.045046e-10, strain = 6.632174e-03, elapsed = 8330.1 sec
[TwinWall] projected 6084 node(s)
Step =   4793: nodes = 34494, dt = 6.270279e-11, strain = 6.632801e-03, elapsed = 8335.7 sec
[TwinWall] projected 6110 node(s)
Step =   4794: nodes = 34503, dt = 6.270279e-11, strain = 6.633428e-03, elapsed = 8339.3 sec
[TwinWall] projected 6226 node(s)
Step =   4795: nodes = 34499, dt = 7.524334e-11, strain = 6.634181e-03, elapsed = 8343.0 sec
[TwinWall] projected 6194 node(s)
Step =   4796: nodes = 34482, dt = 9.029201e-11, strain = 6.635084e-03, elapsed = 8346.7 sec
[TwinWall] projected 6258 node(s)
Step =   4797: nodes = 34509, dt = 1.083504e-10, strain = 6.636167e-03, elapsed = 8350.4 sec
[TwinWall] projected 6066 node(s)
Step =   4798: nodes = 34510, dt = 6.501025e-11, strain = 6.636817e-03, elapsed = 8356.0 sec
[TwinWall] projected 5998 node(s)
Step =   4799: nodes = 34502, dt = 6.501025e-11, strain = 6.637467e-03, elapsed = 8359.8 sec
[TwinWall] projected 6132 node(s)
Step =   4800: nodes = 34468, dt = 7.801230e-11, strain = 6.638247e-03, elapsed = 8363.5 sec
Writing configuration in legacy data format
 Output file: /data/home/dg000246b/openDIS/HomeWork/output_Cu_twin_rorient1/config.4800.data
Writing restart file
 Restart file: /data/home/dg000246b/openDIS/HomeWork/output_Cu_twin_rorient1/restart.4800.exadis
[TwinWall] projected 6158 node(s)
Step =   4801: nodes = 34466, dt = 9.361476e-11, strain = 6.639184e-03, elapsed = 8367.6 sec
[TwinWall] projected 6271 node(s)
Step =   4802: nodes = 34484, dt = 1.123377e-10, strain = 6.640307e-03, elapsed = 8371.2 sec
[TwinWall] projected 6058 node(s)
Step =   4803: nodes = 34477, dt = 6.740263e-11, strain = 6.640981e-03, elapsed = 8376.8 sec
[TwinWall] projected 6153 node(s)
Step =   4804: nodes = 34481, dt = 6.740263e-11, strain = 6.641655e-03, elapsed = 8380.4 sec
[TwinWall] projected 6241 node(s)
Step =   4805: nodes = 34450, dt = 8.088315e-11, strain = 6.642464e-03, elapsed = 8384.1 sec
[TwinWall] projected 6182 node(s)
Step =   4806: nodes = 34466, dt = 9.705978e-11, strain = 6.643434e-03, elapsed = 8387.8 sec
[TwinWall] projected 6222 node(s)
Step =   4807: nodes = 34431, dt = 1.164717e-10, strain = 6.644599e-03, elapsed = 8391.5 sec
[TwinWall] projected 6095 node(s)
Step =   4808: nodes = 34434, dt = 6.988304e-11, strain = 6.645298e-03, elapsed = 8397.0 sec
[TwinWall] projected 6137 node(s)
Step =   4809: nodes = 34439, dt = 6.988304e-11, strain = 6.645997e-03, elapsed = 8400.6 sec
[TwinWall] projected 6207 node(s)
Step =   4810: nodes = 34429, dt = 8.385965e-11, strain = 6.646835e-03, elapsed = 8404.2 sec
[TwinWall] projected 6234 node(s)
Step =   4811: nodes = 34435, dt = 1.006316e-10, strain = 6.647842e-03, elapsed = 8408.0 sec
[TwinWall] projected 6223 node(s)
Step =   4812: nodes = 34414, dt = 1.207579e-10, strain = 6.649049e-03, elapsed = 8411.7 sec
[TwinWall] projected 6137 node(s)
Step =   4813: nodes = 34419, dt = 7.245474e-11, strain = 6.649774e-03, elapsed = 8417.4 sec
[TwinWall] projected 6120 node(s)
Step =   4814: nodes = 34416, dt = 7.245474e-11, strain = 6.650498e-03, elapsed = 8420.9 sec
[TwinWall] projected 6219 node(s)
Step =   4815: nodes = 34399, dt = 8.694569e-11, strain = 6.651368e-03, elapsed = 8424.6 sec
[TwinWall] projected 6343 node(s)
Step =   4816: nodes = 34421, dt = 1.043348e-10, strain = 6.652411e-03, elapsed = 8428.3 sec
[TwinWall] projected 6322 node(s)
Step =   4817: nodes = 34405, dt = 1.252018e-10, strain = 6.653663e-03, elapsed = 8432.0 sec
[TwinWall] projected 6259 node(s)
Step =   4818: nodes = 34404, dt = 7.512107e-11, strain = 6.654414e-03, elapsed = 8437.5 sec
[TwinWall] projected 6294 node(s)
Step =   4819: nodes = 34411, dt = 7.512107e-11, strain = 6.655166e-03, elapsed = 8441.1 sec
[TwinWall] projected 6253 node(s)
Step =   4820: nodes = 34411, dt = 9.014529e-11, strain = 6.656067e-03, elapsed = 8444.7 sec
[TwinWall] projected 6295 node(s)
Step =   4821: nodes = 34394, dt = 1.081743e-10, strain = 6.657149e-03, elapsed = 8448.3 sec
[TwinWall] projected 6233 node(s)
Step =   4822: nodes = 34400, dt = 6.490461e-11, strain = 6.657798e-03, elapsed = 8453.8 sec
[TwinWall] projected 6113 node(s)
Step =   4823: nodes = 34414, dt = 6.490461e-11, strain = 6.658447e-03, elapsed = 8457.4 sec
[TwinWall] projected 6178 node(s)
Step =   4824: nodes = 34405, dt = 7.788553e-11, strain = 6.659226e-03, elapsed = 8461.0 sec
[TwinWall] projected 6175 node(s)
Step =   4825: nodes = 34397, dt = 9.346263e-11, strain = 6.660160e-03, elapsed = 8464.7 sec
[TwinWall] projected 6298 node(s)
Step =   4826: nodes = 34409, dt = 1.121552e-10, strain = 6.661282e-03, elapsed = 8468.4 sec
[TwinWall] projected 6135 node(s)
Step =   4827: nodes = 34375, dt = 6.729310e-11, strain = 6.661955e-03, elapsed = 8473.9 sec
[TwinWall] projected 6052 node(s)
Step =   4828: nodes = 34384, dt = 6.729310e-11, strain = 6.662628e-03, elapsed = 8477.6 sec
[TwinWall] projected 6102 node(s)
Step =   4829: nodes = 34391, dt = 8.075172e-11, strain = 6.663435e-03, elapsed = 8481.1 sec
[TwinWall] projected 6123 node(s)
Step =   4830: nodes = 34374, dt = 9.690206e-11, strain = 6.664404e-03, elapsed = 8484.8 sec
[TwinWall] projected 6127 node(s)
Step =   4831: nodes = 34370, dt = 1.162825e-10, strain = 6.665567e-03, elapsed = 8488.5 sec
[TwinWall] projected 6278 node(s)
Step =   4832: nodes = 34347, dt = 1.395390e-10, strain = 6.666963e-03, elapsed = 8492.2 sec
[TwinWall] projected 6154 node(s)
Step =   4833: nodes = 34330, dt = 8.372338e-11, strain = 6.667800e-03, elapsed = 8497.7 sec
[TwinWall] projected 6101 node(s)
Step =   4834: nodes = 34323, dt = 8.372338e-11, strain = 6.668637e-03, elapsed = 8501.3 sec
[TwinWall] projected 6288 node(s)
Step =   4835: nodes = 34306, dt = 1.004681e-10, strain = 6.669642e-03, elapsed = 8505.0 sec
[TwinWall] projected 6343 node(s)
Step =   4836: nodes = 34308, dt = 1.205617e-10, strain = 6.670847e-03, elapsed = 8508.5 sec
[TwinWall] projected 6250 node(s)
Step =   4837: nodes = 34267, dt = 7.233700e-11, strain = 6.671571e-03, elapsed = 8514.0 sec
[TwinWall] projected 6102 node(s)
Step =   4838: nodes = 34277, dt = 7.233700e-11, strain = 6.672294e-03, elapsed = 8517.6 sec
[TwinWall] projected 6177 node(s)
Step =   4839: nodes = 34261, dt = 8.680440e-11, strain = 6.673162e-03, elapsed = 8521.2 sec
[TwinWall] projected 6230 node(s)
Step =   4840: nodes = 34241, dt = 1.041653e-10, strain = 6.674204e-03, elapsed = 8524.8 sec
[TwinWall] projected 6095 node(s)
Step =   4841: nodes = 34252, dt = 6.249917e-11, strain = 6.674829e-03, elapsed = 8530.2 sec
[TwinWall] projected 5995 node(s)
Step =   4842: nodes = 34281, dt = 6.249917e-11, strain = 6.675454e-03, elapsed = 8533.7 sec
[TwinWall] projected 6137 node(s)
Step =   4843: nodes = 34248, dt = 7.499900e-11, strain = 6.676204e-03, elapsed = 8537.5 sec
[TwinWall] projected 6128 node(s)
Step =   4844: nodes = 34239, dt = 8.999880e-11, strain = 6.677104e-03, elapsed = 8541.0 sec
[TwinWall] projected 6207 node(s)
Step =   4845: nodes = 34244, dt = 1.079986e-10, strain = 6.678184e-03, elapsed = 8544.8 sec
[TwinWall] projected 6307 node(s)
Step =   4846: nodes = 34221, dt = 1.295983e-10, strain = 6.679480e-03, elapsed = 8548.5 sec
[TwinWall] projected 5992 node(s)
Step =   4847: nodes = 34206, dt = 7.775896e-11, strain = 6.680257e-03, elapsed = 8554.0 sec
[TwinWall] projected 6006 node(s)
Step =   4848: nodes = 34212, dt = 7.775896e-11, strain = 6.681035e-03, elapsed = 8557.6 sec
[TwinWall] projected 6167 node(s)
Step =   4849: nodes = 34224, dt = 9.331076e-11, strain = 6.681968e-03, elapsed = 8561.2 sec
[TwinWall] projected 6212 node(s)
Step =   4850: nodes = 34239, dt = 1.119729e-10, strain = 6.683088e-03, elapsed = 8564.8 sec
[TwinWall] projected 6292 node(s)
Step =   4851: nodes = 34221, dt = 1.343675e-10, strain = 6.684431e-03, elapsed = 8568.5 sec
[TwinWall] projected 6160 node(s)
Step =   4852: nodes = 34220, dt = 8.062049e-11, strain = 6.685238e-03, elapsed = 8573.9 sec
[TwinWall] projected 6070 node(s)
Step =   4853: nodes = 34225, dt = 8.062049e-11, strain = 6.686044e-03, elapsed = 8577.5 sec
[TwinWall] projected 6174 node(s)
Step =   4854: nodes = 34245, dt = 9.674459e-11, strain = 6.687011e-03, elapsed = 8581.1 sec
[TwinWall] projected 6402 node(s)
Step =   4855: nodes = 34242, dt = 1.160935e-10, strain = 6.688172e-03, elapsed = 8584.8 sec
[TwinWall] projected 6446 node(s)
Step =   4856: nodes = 34229, dt = 1.393122e-10, strain = 6.689565e-03, elapsed = 8588.5 sec
[TwinWall] projected 6194 node(s)
Step =   4857: nodes = 34226, dt = 8.358733e-11, strain = 6.690401e-03, elapsed = 8593.9 sec
[TwinWall] projected 6157 node(s)
Step =   4858: nodes = 34201, dt = 8.358733e-11, strain = 6.691237e-03, elapsed = 8597.6 sec
[TwinWall] projected 6311 node(s)
Step =   4859: nodes = 34205, dt = 1.003048e-10, strain = 6.692240e-03, elapsed = 8601.2 sec
[TwinWall] projected 6254 node(s)
Step =   4860: nodes = 34212, dt = 1.203658e-10, strain = 6.693444e-03, elapsed = 8604.9 sec
[TwinWall] projected 6301 node(s)
Step =   4861: nodes = 34189, dt = 1.444389e-10, strain = 6.694888e-03, elapsed = 8608.7 sec
[TwinWall] projected 6050 node(s)
Step =   4862: nodes = 34182, dt = 8.666334e-11, strain = 6.695755e-03, elapsed = 8614.1 sec
[TwinWall] projected 6089 node(s)
Step =   4863: nodes = 34208, dt = 8.666334e-11, strain = 6.696621e-03, elapsed = 8617.7 sec
[TwinWall] projected 6192 node(s)
Step =   4864: nodes = 34200, dt = 1.039960e-10, strain = 6.697661e-03, elapsed = 8621.4 sec
[TwinWall] projected 6252 node(s)
Step =   4865: nodes = 34210, dt = 1.247952e-10, strain = 6.698909e-03, elapsed = 8625.0 sec
[TwinWall] projected 6438 node(s)
Step =   4866: nodes = 34208, dt = 1.497543e-10, strain = 6.700407e-03, elapsed = 8628.8 sec
[TwinWall] projected 6233 node(s)
Step =   4867: nodes = 34190, dt = 8.985255e-11, strain = 6.701305e-03, elapsed = 8634.3 sec
[TwinWall] projected 6292 node(s)
Step =   4868: nodes = 34190, dt = 8.985255e-11, strain = 6.702204e-03, elapsed = 8637.9 sec
[TwinWall] projected 6364 node(s)
Step =   4869: nodes = 34208, dt = 1.078231e-10, strain = 6.703282e-03, elapsed = 8641.5 sec
[TwinWall] projected 6027 node(s)
Step =   4870: nodes = 34201, dt = 6.469384e-11, strain = 6.703929e-03, elapsed = 8647.0 sec
[TwinWall] projected 5891 node(s)
Step =   4871: nodes = 34183, dt = 6.469384e-11, strain = 6.704576e-03, elapsed = 8650.5 sec
[TwinWall] projected 5961 node(s)
Step =   4872: nodes = 34179, dt = 7.763261e-11, strain = 6.705352e-03, elapsed = 8654.1 sec
[TwinWall] projected 6086 node(s)
Step =   4873: nodes = 34187, dt = 9.315913e-11, strain = 6.706284e-03, elapsed = 8658.0 sec
[TwinWall] projected 6120 node(s)
Step =   4874: nodes = 34178, dt = 1.117910e-10, strain = 6.707402e-03, elapsed = 8661.6 sec
[TwinWall] projected 6226 node(s)
Step =   4875: nodes = 34167, dt = 1.341491e-10, strain = 6.708743e-03, elapsed = 8665.4 sec
[TwinWall] projected 5999 node(s)
Step =   4876: nodes = 34147, dt = 8.048949e-11, strain = 6.709548e-03, elapsed = 8670.9 sec
[TwinWall] projected 5965 node(s)
Step =   4877: nodes = 34146, dt = 8.048949e-11, strain = 6.710353e-03, elapsed = 8674.4 sec
[TwinWall] projected 6131 node(s)
Step =   4878: nodes = 34108, dt = 9.658738e-11, strain = 6.711319e-03, elapsed = 8678.1 sec
[TwinWall] projected 6201 node(s)
Step =   4879: nodes = 34145, dt = 1.159049e-10, strain = 6.712478e-03, elapsed = 8681.6 sec
[TwinWall] projected 6305 node(s)
Step =   4880: nodes = 34129, dt = 1.390858e-10, strain = 6.713869e-03, elapsed = 8685.3 sec
[TwinWall] projected 6155 node(s)
Step =   4881: nodes = 34124, dt = 8.345150e-11, strain = 6.714703e-03, elapsed = 8690.6 sec
[TwinWall] projected 5969 node(s)
Step =   4882: nodes = 34119, dt = 8.345150e-11, strain = 6.715538e-03, elapsed = 8694.2 sec
[TwinWall] projected 6091 node(s)
Step =   4883: nodes = 34107, dt = 1.001418e-10, strain = 6.716539e-03, elapsed = 8697.7 sec
[TwinWall] projected 6211 node(s)
Step =   4884: nodes = 34088, dt = 1.201702e-10, strain = 6.717741e-03, elapsed = 8701.3 sec
[TwinWall] projected 6135 node(s)
Step =   4885: nodes = 34084, dt = 1.442042e-10, strain = 6.719183e-03, elapsed = 8705.0 sec
[TwinWall] projected 6027 node(s)
Step =   4886: nodes = 34095, dt = 8.652251e-11, strain = 6.720048e-03, elapsed = 8710.4 sec
[TwinWall] projected 5999 node(s)
Step =   4887: nodes = 34096, dt = 8.652251e-11, strain = 6.720914e-03, elapsed = 8714.0 sec
[TwinWall] projected 6134 node(s)
Step =   4888: nodes = 34079, dt = 1.038270e-10, strain = 6.721952e-03, elapsed = 8717.7 sec
[TwinWall] projected 6148 node(s)
Step =   4889: nodes = 34093, dt = 1.245924e-10, strain = 6.723198e-03, elapsed = 8721.4 sec
[TwinWall] projected 6272 node(s)
Step =   4890: nodes = 34078, dt = 1.495109e-10, strain = 6.724693e-03, elapsed = 8725.1 sec
[TwinWall] projected 6024 node(s)
Step =   4891: nodes = 34068, dt = 8.970654e-11, strain = 6.725590e-03, elapsed = 8730.5 sec
[TwinWall] projected 5944 node(s)
Step =   4892: nodes = 34077, dt = 8.970654e-11, strain = 6.726487e-03, elapsed = 8734.1 sec
[TwinWall] projected 6096 node(s)
Step =   4893: nodes = 34081, dt = 1.076479e-10, strain = 6.727563e-03, elapsed = 8737.7 sec
[TwinWall] projected 6082 node(s)
Step =   4894: nodes = 34068, dt = 1.291774e-10, strain = 6.728855e-03, elapsed = 8741.4 sec
[TwinWall] projected 6178 node(s)
Step =   4895: nodes = 34062, dt = 1.550129e-10, strain = 6.730405e-03, elapsed = 8745.1 sec
[TwinWall] projected 6095 node(s)
Step =   4896: nodes = 34062, dt = 9.300774e-11, strain = 6.731335e-03, elapsed = 8750.6 sec
[TwinWall] projected 5950 node(s)
Step =   4897: nodes = 34061, dt = 9.300774e-11, strain = 6.732265e-03, elapsed = 8754.1 sec
[TwinWall] projected 6126 node(s)
Step =   4898: nodes = 34036, dt = 1.116093e-10, strain = 6.733382e-03, elapsed = 8757.7 sec
[TwinWall] projected 6082 node(s)
Step =   4899: nodes = 34046, dt = 1.339311e-10, strain = 6.734721e-03, elapsed = 8761.4 sec
[TwinWall] projected 5965 node(s)
Step =   4900: nodes = 34029, dt = 8.035869e-11, strain = 6.735524e-03, elapsed = 8766.8 sec
Writing configuration in legacy data format
 Output file: /data/home/dg000246b/openDIS/HomeWork/output_Cu_twin_rorient1/config.4900.data
Writing restart file
 Restart file: /data/home/dg000246b/openDIS/HomeWork/output_Cu_twin_rorient1/restart.4900.exadis
[TwinWall] projected 6011 node(s)
Step =   4901: nodes = 34037, dt = 8.035869e-11, strain = 6.736328e-03, elapsed = 8770.7 sec
[TwinWall] projected 5987 node(s)
Step =   4902: nodes = 34048, dt = 9.643043e-11, strain = 6.737292e-03, elapsed = 8774.3 sec
[TwinWall] projected 6031 node(s)
Step =   4903: nodes = 34016, dt = 1.157165e-10, strain = 6.738450e-03, elapsed = 8778.2 sec
[TwinWall] projected 6206 node(s)
Step =   4904: nodes = 34018, dt = 1.388598e-10, strain = 6.739838e-03, elapsed = 8781.9 sec
[TwinWall] projected 6041 node(s)
Step =   4905: nodes = 34023, dt = 8.331589e-11, strain = 6.740671e-03, elapsed = 8787.4 sec
[TwinWall] projected 5921 node(s)
Step =   4906: nodes = 34038, dt = 8.331589e-11, strain = 6.741504e-03, elapsed = 8791.0 sec
[TwinWall] projected 6089 node(s)
Step =   4907: nodes = 34045, dt = 9.997907e-11, strain = 6.742504e-03, elapsed = 8794.6 sec
[TwinWall] projected 6201 node(s)
Step =   4908: nodes = 34024, dt = 1.199749e-10, strain = 6.743704e-03, elapsed = 8798.2 sec
[TwinWall] projected 6245 node(s)
Step =   4909: nodes = 33991, dt = 1.439699e-10, strain = 6.745144e-03, elapsed = 8801.9 sec
[TwinWall] projected 6056 node(s)
Step =   4910: nodes = 34006, dt = 8.638191e-11, strain = 6.746008e-03, elapsed = 8807.2 sec
[TwinWall] projected 6118 node(s)
Step =   4911: nodes = 34007, dt = 8.638191e-11, strain = 6.746871e-03, elapsed = 8810.7 sec
[TwinWall] projected 6188 node(s)
Step =   4912: nodes = 34010, dt = 1.036583e-10, strain = 6.747908e-03, elapsed = 8814.2 sec
[TwinWall] projected 6001 node(s)
Step =   4913: nodes = 34007, dt = 6.219498e-11, strain = 6.748530e-03, elapsed = 8819.6 sec
[TwinWall] projected 5811 node(s)
Step =   4914: nodes = 34005, dt = 6.219498e-11, strain = 6.749152e-03, elapsed = 8823.1 sec
[TwinWall] projected 5927 node(s)
Step =   4915: nodes = 34001, dt = 7.463397e-11, strain = 6.749898e-03, elapsed = 8826.6 sec
[TwinWall] projected 5986 node(s)
Step =   4916: nodes = 33994, dt = 8.956077e-11, strain = 6.750794e-03, elapsed = 8830.2 sec
[TwinWall] projected 6084 node(s)
Step =   4917: nodes = 34000, dt = 1.074729e-10, strain = 6.751868e-03, elapsed = 8833.8 sec
[TwinWall] projected 6083 node(s)
Step =   4918: nodes = 34001, dt = 1.289675e-10, strain = 6.753158e-03, elapsed = 8837.6 sec
[TwinWall] projected 5939 node(s)
Step =   4919: nodes = 33972, dt = 7.738050e-11, strain = 6.753932e-03, elapsed = 8842.9 sec
[TwinWall] projected 5962 node(s)
Step =   4920: nodes = 33996, dt = 7.738050e-11, strain = 6.754706e-03, elapsed = 8846.5 sec
[TwinWall] projected 6052 node(s)
Step =   4921: nodes = 33998, dt = 9.285661e-11, strain = 6.755634e-03, elapsed = 8850.0 sec
[TwinWall] projected 6074 node(s)
Step =   4922: nodes = 33966, dt = 1.114279e-10, strain = 6.756749e-03, elapsed = 8853.6 sec
[TwinWall] projected 6154 node(s)
Step =   4923: nodes = 33963, dt = 1.337135e-10, strain = 6.758086e-03, elapsed = 8857.3 sec
[TwinWall] projected 6008 node(s)
Step =   4924: nodes = 33969, dt = 8.022811e-11, strain = 6.758888e-03, elapsed = 8862.6 sec
[TwinWall] projected 6011 node(s)
Step =   4925: nodes = 33971, dt = 8.022811e-11, strain = 6.759690e-03, elapsed = 8866.1 sec
[TwinWall] projected 6058 node(s)
Step =   4926: nodes = 33975, dt = 9.627373e-11, strain = 6.760653e-03, elapsed = 8869.7 sec
[TwinWall] projected 6120 node(s)
Step =   4927: nodes = 33993, dt = 1.155285e-10, strain = 6.761808e-03, elapsed = 8873.2 sec
[TwinWall] projected 6150 node(s)
Step =   4928: nodes = 33987, dt = 1.386342e-10, strain = 6.763195e-03, elapsed = 8876.8 sec
[TwinWall] projected 5937 node(s)
Step =   4929: nodes = 33993, dt = 8.318050e-11, strain = 6.764026e-03, elapsed = 8882.2 sec
[TwinWall] projected 5746 node(s)
Step =   4930: nodes = 34018, dt = 8.318050e-11, strain = 6.764858e-03, elapsed = 8885.8 sec
[TwinWall] projected 5872 node(s)
Step =   4931: nodes = 33999, dt = 9.981660e-11, strain = 6.765856e-03, elapsed = 8889.4 sec
[TwinWall] projected 6075 node(s)
Step =   4932: nodes = 34011, dt = 1.197799e-10, strain = 6.767054e-03, elapsed = 8893.0 sec
[TwinWall] projected 6221 node(s)
Step =   4933: nodes = 34017, dt = 1.437359e-10, strain = 6.768492e-03, elapsed = 8896.9 sec
[TwinWall] projected 5977 node(s)
Step =   4934: nodes = 34006, dt = 8.624154e-11, strain = 6.769354e-03, elapsed = 8902.3 sec
[TwinWall] projected 6008 node(s)
Step =   4935: nodes = 33995, dt = 8.624154e-11, strain = 6.770216e-03, elapsed = 8906.1 sec
[TwinWall] projected 6052 node(s)
Step =   4936: nodes = 34023, dt = 1.034899e-10, strain = 6.771251e-03, elapsed = 8909.7 sec
[TwinWall] projected 6153 node(s)
Step =   4937: nodes = 34009, dt = 1.241878e-10, strain = 6.772493e-03, elapsed = 8913.4 sec
[TwinWall] projected 6284 node(s)
Step =   4938: nodes = 33997, dt = 1.490254e-10, strain = 6.773983e-03, elapsed = 8917.1 sec
[TwinWall] projected 5977 node(s)
Step =   4939: nodes = 33998, dt = 8.941523e-11, strain = 6.774878e-03, elapsed = 8922.5 sec
[TwinWall] projected 6003 node(s)
Step =   4940: nodes = 34022, dt = 8.941523e-11, strain = 6.775772e-03, elapsed = 8926.1 sec
[TwinWall] projected 6085 node(s)
Step =   4941: nodes = 34021, dt = 1.072983e-10, strain = 6.776845e-03, elapsed = 8929.7 sec
[TwinWall] projected 6212 node(s)
Step =   4942: nodes = 34028, dt = 1.287579e-10, strain = 6.778132e-03, elapsed = 8933.3 sec
[TwinWall] projected 6299 node(s)
Step =   4943: nodes = 34023, dt = 1.545095e-10, strain = 6.779677e-03, elapsed = 8937.0 sec
[TwinWall] projected 6137 node(s)
Step =   4944: nodes = 34003, dt = 9.270571e-11, strain = 6.780604e-03, elapsed = 8942.5 sec
[TwinWall] projected 6020 node(s)
Step =   4945: nodes = 34011, dt = 9.270571e-11, strain = 6.781532e-03, elapsed = 8946.1 sec
[TwinWall] projected 6166 node(s)
Step =   4946: nodes = 34005, dt = 1.112469e-10, strain = 6.782644e-03, elapsed = 8949.7 sec
[TwinWall] projected 6158 node(s)
Step =   4947: nodes = 34024, dt = 1.334962e-10, strain = 6.783979e-03, elapsed = 8953.3 sec
[TwinWall] projected 6208 node(s)
Step =   4948: nodes = 33969, dt = 1.601955e-10, strain = 6.785581e-03, elapsed = 8957.3 sec
[TwinWall] projected 6153 node(s)
Step =   4949: nodes = 33964, dt = 9.611728e-11, strain = 6.786542e-03, elapsed = 8962.7 sec
[TwinWall] projected 6006 node(s)
Step =   4950: nodes = 33964, dt = 9.611728e-11, strain = 6.787503e-03, elapsed = 8966.3 sec
[TwinWall] projected 6117 node(s)
Step =   4951: nodes = 33947, dt = 1.153407e-10, strain = 6.788657e-03, elapsed = 8970.0 sec
[TwinWall] projected 5897 node(s)
Step =   4952: nodes = 33968, dt = 6.920444e-11, strain = 6.789349e-03, elapsed = 8975.3 sec
[TwinWall] projected 5817 node(s)
Step =   4953: nodes = 33978, dt = 6.920444e-11, strain = 6.790041e-03, elapsed = 8978.9 sec
[TwinWall] projected 5985 node(s)
Step =   4954: nodes = 33971, dt = 8.304533e-11, strain = 6.790871e-03, elapsed = 8982.4 sec
[TwinWall] projected 5934 node(s)
Step =   4955: nodes = 33967, dt = 9.965440e-11, strain = 6.791868e-03, elapsed = 8986.0 sec
[TwinWall] projected 6046 node(s)
Step =   4956: nodes = 33976, dt = 1.195853e-10, strain = 6.793064e-03, elapsed = 8989.6 sec
[TwinWall] projected 6128 node(s)
Step =   4957: nodes = 33972, dt = 1.435023e-10, strain = 6.794499e-03, elapsed = 8993.3 sec
[TwinWall] projected 5964 node(s)
Step =   4958: nodes = 33983, dt = 8.610140e-11, strain = 6.795360e-03, elapsed = 8998.6 sec
[TwinWall] projected 5943 node(s)
Step =   4959: nodes = 33978, dt = 8.610140e-11, strain = 6.796221e-03, elapsed = 9002.1 sec
[TwinWall] projected 6002 node(s)
Step =   4960: nodes = 33970, dt = 1.033217e-10, strain = 6.797254e-03, elapsed = 9005.7 sec
[TwinWall] projected 5974 node(s)
Step =   4961: nodes = 33975, dt = 1.239860e-10, strain = 6.798494e-03, elapsed = 9009.3 sec
[TwinWall] projected 5803 node(s)
Step =   4962: nodes = 33980, dt = 7.439161e-11, strain = 6.799238e-03, elapsed = 9014.7 sec
[TwinWall] projected 5785 node(s)
Step =   4963: nodes = 33990, dt = 7.439161e-11, strain = 6.799982e-03, elapsed = 9018.3 sec
[TwinWall] projected 5899 node(s)
Step =   4964: nodes = 33963, dt = 8.926993e-11, strain = 6.800874e-03, elapsed = 9022.0 sec
[TwinWall] projected 5987 node(s)
Step =   4965: nodes = 33983, dt = 1.071239e-10, strain = 6.801946e-03, elapsed = 9025.7 sec
[TwinWall] projected 6179 node(s)
Step =   4966: nodes = 33959, dt = 1.285487e-10, strain = 6.803231e-03, elapsed = 9029.4 sec
[TwinWall] projected 5928 node(s)
Step =   4967: nodes = 33966, dt = 7.712922e-11, strain = 6.804002e-03, elapsed = 9034.8 sec
[TwinWall] projected 5956 node(s)
Step =   4968: nodes = 33970, dt = 7.712922e-11, strain = 6.804774e-03, elapsed = 9038.4 sec
[TwinWall] projected 6010 node(s)
Step =   4969: nodes = 33975, dt = 9.255507e-11, strain = 6.805699e-03, elapsed = 9042.0 sec
[TwinWall] projected 6080 node(s)
Step =   4970: nodes = 33959, dt = 1.110661e-10, strain = 6.806810e-03, elapsed = 9045.6 sec
[TwinWall] projected 5872 node(s)
Step =   4971: nodes = 33959, dt = 6.663965e-11, strain = 6.807476e-03, elapsed = 9050.9 sec
[TwinWall] projected 5772 node(s)
Step =   4972: nodes = 33978, dt = 6.663965e-11, strain = 6.808143e-03, elapsed = 9054.5 sec
[TwinWall] projected 5898 node(s)
Step =   4973: nodes = 33984, dt = 7.996758e-11, strain = 6.808942e-03, elapsed = 9058.0 sec
[TwinWall] projected 5981 node(s)
Step =   4974: nodes = 34016, dt = 9.596109e-11, strain = 6.809902e-03, elapsed = 9061.6 sec
[TwinWall] projected 5996 node(s)
Step =   4975: nodes = 34010, dt = 1.151533e-10, strain = 6.811053e-03, elapsed = 9065.2 sec
[TwinWall] projected 5786 node(s)
Step =   4976: nodes = 34005, dt = 6.909199e-11, strain = 6.811744e-03, elapsed = 9070.5 sec
[TwinWall] projected 5819 node(s)
Step =   4977: nodes = 33988, dt = 6.909199e-11, strain = 6.812435e-03, elapsed = 9074.1 sec
[TwinWall] projected 5879 node(s)
Step =   4978: nodes = 33979, dt = 8.291038e-11, strain = 6.813264e-03, elapsed = 9077.8 sec
[TwinWall] projected 5974 node(s)
Step =   4979: nodes = 33999, dt = 9.949246e-11, strain = 6.814259e-03, elapsed = 9081.4 sec
[TwinWall] projected 6091 node(s)
Step =   4980: nodes = 33984, dt = 1.193910e-10, strain = 6.815453e-03, elapsed = 9085.1 sec
[TwinWall] projected 6168 node(s)
Step =   4981: nodes = 33984, dt = 1.432691e-10, strain = 6.816886e-03, elapsed = 9088.7 sec
[TwinWall] projected 5968 node(s)
Step =   4982: nodes = 33990, dt = 8.596149e-11, strain = 6.817746e-03, elapsed = 9094.1 sec
[TwinWall] projected 5948 node(s)
Step =   4983: nodes = 34019, dt = 8.596149e-11, strain = 6.818605e-03, elapsed = 9097.7 sec
[TwinWall] projected 6009 node(s)
Step =   4984: nodes = 34023, dt = 1.031538e-10, strain = 6.819637e-03, elapsed = 9101.3 sec
[TwinWall] projected 6129 node(s)
Step =   4985: nodes = 33998, dt = 1.237845e-10, strain = 6.820875e-03, elapsed = 9104.9 sec
[TwinWall] projected 5845 node(s)
Step =   4986: nodes = 33999, dt = 7.427072e-11, strain = 6.821617e-03, elapsed = 9110.3 sec
[TwinWall] projected 5863 node(s)
Step =   4987: nodes = 33983, dt = 7.427072e-11, strain = 6.822360e-03, elapsed = 9113.8 sec
[TwinWall] projected 5877 node(s)
Step =   4988: nodes = 33985, dt = 8.912487e-11, strain = 6.823251e-03, elapsed = 9117.4 sec
[TwinWall] projected 5889 node(s)
Step =   4989: nodes = 33966, dt = 1.069498e-10, strain = 6.824321e-03, elapsed = 9121.0 sec
[TwinWall] projected 5943 node(s)
Step =   4990: nodes = 33960, dt = 1.283398e-10, strain = 6.825604e-03, elapsed = 9124.7 sec
[TwinWall] projected 5757 node(s)
Step =   4991: nodes = 33965, dt = 7.700389e-11, strain = 6.826374e-03, elapsed = 9130.1 sec
[TwinWall] projected 5759 node(s)
Step =   4992: nodes = 33977, dt = 7.700389e-11, strain = 6.827144e-03, elapsed = 9133.6 sec
[TwinWall] projected 5910 node(s)
Step =   4993: nodes = 33962, dt = 9.240466e-11, strain = 6.828068e-03, elapsed = 9137.6 sec
[TwinWall] projected 5957 node(s)
Step =   4994: nodes = 33982, dt = 1.108856e-10, strain = 6.829177e-03, elapsed = 9141.2 sec
[TwinWall] projected 6054 node(s)
Step =   4995: nodes = 33973, dt = 1.330627e-10, strain = 6.830508e-03, elapsed = 9144.8 sec
[TwinWall] projected 5873 node(s)
Step =   4996: nodes = 33978, dt = 7.983763e-11, strain = 6.831306e-03, elapsed = 9150.2 sec
[TwinWall] projected 5965 node(s)
Step =   4997: nodes = 33948, dt = 7.983763e-11, strain = 6.832104e-03, elapsed = 9153.8 sec
[TwinWall] projected 5983 node(s)
Step =   4998: nodes = 33973, dt = 9.580516e-11, strain = 6.833062e-03, elapsed = 9157.3 sec
[TwinWall] projected 6024 node(s)
Step =   4999: nodes = 33948, dt = 1.149662e-10, strain = 6.834212e-03, elapsed = 9160.9 sec
[TwinWall] projected 6111 node(s)
Step =   5000: nodes = 33955, dt = 1.379594e-10, strain = 6.835592e-03, elapsed = 9164.6 sec
Writing configuration in legacy data format
 Output file: /data/home/dg000246b/openDIS/HomeWork/output_Cu_twin_rorient1/config.5000.data
Writing restart file
 Restart file: /data/home/dg000246b/openDIS/HomeWork/output_Cu_twin_rorient1/restart.5000.exadis
[TwinWall] projected 5924 node(s)
Step =   5001: nodes = 33926, dt = 8.277565e-11, strain = 6.836419e-03, elapsed = 9170.3 sec
[TwinWall] projected 5895 node(s)
Step =   5002: nodes = 33935, dt = 8.277565e-11, strain = 6.837247e-03, elapsed = 9173.8 sec
[TwinWall] projected 5968 node(s)
Step =   5003: nodes = 33921, dt = 9.933079e-11, strain = 6.838241e-03, elapsed = 9177.4 sec
[TwinWall] projected 6037 node(s)
Step =   5004: nodes = 33901, dt = 1.191969e-10, strain = 6.839433e-03, elapsed = 9180.9 sec
[TwinWall] projected 5907 node(s)
Step =   5005: nodes = 33924, dt = 7.151817e-11, strain = 6.840148e-03, elapsed = 9186.3 sec
[TwinWall] projected 5734 node(s)
Step =   5006: nodes = 33897, dt = 7.151817e-11, strain = 6.840863e-03, elapsed = 9189.8 sec
[TwinWall] projected 5767 node(s)
Step =   5007: nodes = 33924, dt = 8.582180e-11, strain = 6.841721e-03, elapsed = 9193.3 sec
[TwinWall] projected 5871 node(s)
Step =   5008: nodes = 33918, dt = 1.029862e-10, strain = 6.842751e-03, elapsed = 9196.9 sec
[TwinWall] projected 5695 node(s)
Step =   5009: nodes = 33928, dt = 6.179169e-11, strain = 6.843369e-03, elapsed = 9202.3 sec
[TwinWall] projected 5610 node(s)
Step =   5010: nodes = 33912, dt = 6.179169e-11, strain = 6.843987e-03, elapsed = 9205.9 sec
[TwinWall] projected 5761 node(s)
Step =   5011: nodes = 33907, dt = 7.415003e-11, strain = 6.844728e-03, elapsed = 9209.4 sec
[TwinWall] projected 5834 node(s)
Step =   5012: nodes = 33946, dt = 8.898004e-11, strain = 6.845618e-03, elapsed = 9213.0 sec
[TwinWall] projected 5778 node(s)
Step =   5013: nodes = 33917, dt = 1.067760e-10, strain = 6.846686e-03, elapsed = 9216.6 sec
[TwinWall] projected 5846 node(s)
Step =   5014: nodes = 33919, dt = 1.281313e-10, strain = 6.847967e-03, elapsed = 9220.2 sec
[TwinWall] projected 5747 node(s)
Step =   5015: nodes = 33905, dt = 7.687876e-11, strain = 6.848736e-03, elapsed = 9225.6 sec
[TwinWall] projected 5712 node(s)
Step =   5016: nodes = 33935, dt = 7.687876e-11, strain = 6.849505e-03, elapsed = 9229.0 sec
[TwinWall] projected 5767 node(s)
Step =   5017: nodes = 33929, dt = 9.225451e-11, strain = 6.850427e-03, elapsed = 9232.6 sec
[TwinWall] projected 5809 node(s)
Step =   5018: nodes = 33923, dt = 1.107054e-10, strain = 6.851534e-03, elapsed = 9236.1 sec
[TwinWall] projected 5858 node(s)
Step =   5019: nodes = 33899, dt = 1.328465e-10, strain = 6.852863e-03, elapsed = 9239.8 sec
[TwinWall] projected 5731 node(s)
Step =   5020: nodes = 33922, dt = 7.970789e-11, strain = 6.853660e-03, elapsed = 9245.1 sec
[TwinWall] projected 5782 node(s)
Step =   5021: nodes = 33935, dt = 7.970789e-11, strain = 6.854457e-03, elapsed = 9248.6 sec
[TwinWall] projected 5807 node(s)
Step =   5022: nodes = 33931, dt = 9.564947e-11, strain = 6.855413e-03, elapsed = 9252.1 sec
[TwinWall] projected 5759 node(s)
Step =   5023: nodes = 33934, dt = 1.147794e-10, strain = 6.856561e-03, elapsed = 9255.7 sec
[TwinWall] projected 5879 node(s)
Step =   5024: nodes = 33902, dt = 1.377352e-10, strain = 6.857939e-03, elapsed = 9259.6 sec
[TwinWall] projected 6011 node(s)
Step =   5025: nodes = 33890, dt = 1.652823e-10, strain = 6.859591e-03, elapsed = 9263.3 sec
[TwinWall] projected 5837 node(s)
Step =   5026: nodes = 33901, dt = 9.916937e-11, strain = 6.860583e-03, elapsed = 9268.7 sec
[TwinWall] projected 5716 node(s)
Step =   5027: nodes = 33891, dt = 9.916937e-11, strain = 6.861575e-03, elapsed = 9272.3 sec
[TwinWall] projected 5722 node(s)
Step =   5028: nodes = 33882, dt = 1.190032e-10, strain = 6.862765e-03, elapsed = 9275.9 sec
[TwinWall] projected 5883 node(s)
Step =   5029: nodes = 33865, dt = 1.428039e-10, strain = 6.864193e-03, elapsed = 9279.5 sec
[TwinWall] projected 5795 node(s)
Step =   5030: nodes = 33900, dt = 8.568234e-11, strain = 6.865050e-03, elapsed = 9284.8 sec
[TwinWall] projected 5817 node(s)
Step =   5031: nodes = 33894, dt = 8.568234e-11, strain = 6.865907e-03, elapsed = 9288.3 sec
[TwinWall] projected 5835 node(s)
Step =   5032: nodes = 33869, dt = 1.028188e-10, strain = 6.866935e-03, elapsed = 9291.9 sec
[TwinWall] projected 5862 node(s)
Step =   5033: nodes = 33875, dt = 1.233826e-10, strain = 6.868169e-03, elapsed = 9295.4 sec
[TwinWall] projected 5749 node(s)
Step =   5034: nodes = 33871, dt = 7.402954e-11, strain = 6.868909e-03, elapsed = 9300.8 sec
[TwinWall] projected 5696 node(s)
Step =   5035: nodes = 33878, dt = 7.402954e-11, strain = 6.869649e-03, elapsed = 9304.2 sec
[TwinWall] projected 5808 node(s)
Step =   5036: nodes = 33872, dt = 8.883545e-11, strain = 6.870538e-03, elapsed = 9307.8 sec
[TwinWall] projected 5760 node(s)
Step =   5037: nodes = 33887, dt = 1.066025e-10, strain = 6.871604e-03, elapsed = 9311.4 sec
[TwinWall] projected 5909 node(s)
Step =   5038: nodes = 33864, dt = 1.279230e-10, strain = 6.872883e-03, elapsed = 9315.0 sec
[TwinWall] projected 5655 node(s)
Step =   5039: nodes = 33866, dt = 7.675383e-11, strain = 6.873650e-03, elapsed = 9320.5 sec
[TwinWall] projected 5636 node(s)
Step =   5040: nodes = 33871, dt = 7.675383e-11, strain = 6.874418e-03, elapsed = 9324.1 sec
[TwinWall] projected 5706 node(s)
Step =   5041: nodes = 33875, dt = 9.210459e-11, strain = 6.875339e-03, elapsed = 9327.7 sec
[TwinWall] projected 5804 node(s)
Step =   5042: nodes = 33878, dt = 1.105255e-10, strain = 6.876444e-03, elapsed = 9331.3 sec
[TwinWall] projected 5873 node(s)
Step =   5043: nodes = 33909, dt = 1.326306e-10, strain = 6.877770e-03, elapsed = 9334.8 sec
[TwinWall] projected 5795 node(s)
Step =   5044: nodes = 33884, dt = 7.957837e-11, strain = 6.878566e-03, elapsed = 9340.2 sec
[TwinWall] projected 5744 node(s)
Step =   5045: nodes = 33879, dt = 7.957837e-11, strain = 6.879362e-03, elapsed = 9343.6 sec
[TwinWall] projected 5875 node(s)
Step =   5046: nodes = 33876, dt = 9.549404e-11, strain = 6.880317e-03, elapsed = 9347.2 sec
[TwinWall] projected 5846 node(s)
Step =   5047: nodes = 33884, dt = 1.145928e-10, strain = 6.881463e-03, elapsed = 9350.8 sec
[TwinWall] projected 5815 node(s)
Step =   5048: nodes = 33869, dt = 1.375114e-10, strain = 6.882838e-03, elapsed = 9354.4 sec
[TwinWall] projected 5678 node(s)
Step =   5049: nodes = 33881, dt = 8.250685e-11, strain = 6.883663e-03, elapsed = 9359.7 sec
[TwinWall] projected 5664 node(s)
Step =   5050: nodes = 33866, dt = 8.250685e-11, strain = 6.884488e-03, elapsed = 9363.3 sec
[TwinWall] projected 5837 node(s)
Step =   5051: nodes = 33880, dt = 9.900822e-11, strain = 6.885478e-03, elapsed = 9366.8 sec
[TwinWall] projected 5990 node(s)
Step =   5052: nodes = 33903, dt = 1.188099e-10, strain = 6.886666e-03, elapsed = 9370.3 sec
[TwinWall] projected 6011 node(s)
Step =   5053: nodes = 33912, dt = 1.425718e-10, strain = 6.888092e-03, elapsed = 9373.9 sec
[TwinWall] projected 5791 node(s)
Step =   5054: nodes = 33917, dt = 8.554310e-11, strain = 6.888947e-03, elapsed = 9379.4 sec
[TwinWall] projected 5807 node(s)
Step =   5055: nodes = 33941, dt = 8.554310e-11, strain = 6.889803e-03, elapsed = 9383.1 sec
[TwinWall] projected 5818 node(s)
Step =   5056: nodes = 33926, dt = 1.026517e-10, strain = 6.890829e-03, elapsed = 9386.8 sec
[TwinWall] projected 5962 node(s)
Step =   5057: nodes = 33887, dt = 1.231821e-10, strain = 6.892061e-03, elapsed = 9390.5 sec
[TwinWall] projected 6101 node(s)
Step =   5058: nodes = 33868, dt = 1.478185e-10, strain = 6.893539e-03, elapsed = 9394.1 sec
[TwinWall] projected 5847 node(s)
Step =   5059: nodes = 33869, dt = 8.869109e-11, strain = 6.894426e-03, elapsed = 9399.5 sec
[TwinWall] projected 5862 node(s)
Step =   5060: nodes = 33861, dt = 8.869109e-11, strain = 6.895313e-03, elapsed = 9403.1 sec
[TwinWall] projected 5898 node(s)
Step =   5061: nodes = 33882, dt = 1.064293e-10, strain = 6.896378e-03, elapsed = 9406.6 sec
[TwinWall] projected 5917 node(s)
Step =   5062: nodes = 33881, dt = 1.277152e-10, strain = 6.897655e-03, elapsed = 9410.2 sec
[TwinWall] projected 5747 node(s)
Step =   5063: nodes = 33872, dt = 7.662910e-11, strain = 6.898421e-03, elapsed = 9415.6 sec
[TwinWall] projected 5762 node(s)
Step =   5064: nodes = 33871, dt = 7.662910e-11, strain = 6.899187e-03, elapsed = 9419.1 sec
[TwinWall] projected 5817 node(s)
Step =   5065: nodes = 33876, dt = 9.195492e-11, strain = 6.900107e-03, elapsed = 9422.6 sec
[TwinWall] projected 5832 node(s)
Step =   5066: nodes = 33885, dt = 1.103459e-10, strain = 6.901210e-03, elapsed = 9426.3 sec
[TwinWall] projected 5920 node(s)
Step =   5067: nodes = 33894, dt = 1.324151e-10, strain = 6.902534e-03, elapsed = 9429.9 sec
[TwinWall] projected 5751 node(s)
Step =   5068: nodes = 33899, dt = 7.944905e-11, strain = 6.903329e-03, elapsed = 9435.2 sec
[TwinWall] projected 5745 node(s)
Step =   5069: nodes = 33913, dt = 7.944905e-11, strain = 6.904123e-03, elapsed = 9438.9 sec
[TwinWall] projected 5846 node(s)
Step =   5070: nodes = 33904, dt = 9.533886e-11, strain = 6.905077e-03, elapsed = 9442.5 sec
[TwinWall] projected 5825 node(s)
Step =   5071: nodes = 33902, dt = 1.144066e-10, strain = 6.906221e-03, elapsed = 9446.0 sec
[TwinWall] projected 5946 node(s)
Step =   5072: nodes = 33883, dt = 1.372880e-10, strain = 6.907594e-03, elapsed = 9449.7 sec
[TwinWall] projected 5792 node(s)
Step =   5073: nodes = 33883, dt = 8.237278e-11, strain = 6.908417e-03, elapsed = 9455.1 sec
[TwinWall] projected 5654 node(s)
Step =   5074: nodes = 33882, dt = 8.237278e-11, strain = 6.909241e-03, elapsed = 9458.6 sec
[TwinWall] projected 5850 node(s)
Step =   5075: nodes = 33875, dt = 9.884733e-11, strain = 6.910230e-03, elapsed = 9462.2 sec
[TwinWall] projected 5858 node(s)
Step =   5076: nodes = 33896, dt = 1.186168e-10, strain = 6.911416e-03, elapsed = 9465.8 sec
[TwinWall] projected 6002 node(s)
Step =   5077: nodes = 33880, dt = 1.423402e-10, strain = 6.912839e-03, elapsed = 9469.5 sec
[TwinWall] projected 5719 node(s)
Step =   5078: nodes = 33885, dt = 8.540410e-11, strain = 6.913693e-03, elapsed = 9474.8 sec
[TwinWall] projected 5758 node(s)
Step =   5079: nodes = 33872, dt = 8.540410e-11, strain = 6.914547e-03, elapsed = 9478.4 sec
[TwinWall] projected 5768 node(s)
Step =   5080: nodes = 33880, dt = 1.024849e-10, strain = 6.915572e-03, elapsed = 9481.9 sec
[TwinWall] projected 5900 node(s)
Step =   5081: nodes = 33878, dt = 1.229819e-10, strain = 6.916802e-03, elapsed = 9485.5 sec
[TwinWall] projected 6033 node(s)
Step =   5082: nodes = 33852, dt = 1.475783e-10, strain = 6.918278e-03, elapsed = 9489.3 sec
[TwinWall] projected 5784 node(s)
Step =   5083: nodes = 33852, dt = 8.854697e-11, strain = 6.919163e-03, elapsed = 9494.7 sec
[TwinWall] projected 5760 node(s)
Step =   5084: nodes = 33844, dt = 8.854697e-11, strain = 6.920049e-03, elapsed = 9498.5 sec
[TwinWall] projected 5878 node(s)
Step =   5085: nodes = 33849, dt = 1.062564e-10, strain = 6.921111e-03, elapsed = 9502.1 sec
[TwinWall] projected 5895 node(s)
Step =   5086: nodes = 33837, dt = 1.275076e-10, strain = 6.922386e-03, elapsed = 9505.7 sec
[TwinWall] projected 5757 node(s)
Step =   5087: nodes = 33836, dt = 7.650458e-11, strain = 6.923151e-03, elapsed = 9511.2 sec
[TwinWall] projected 5688 node(s)
Step =   5088: nodes = 33823, dt = 7.650458e-11, strain = 6.923916e-03, elapsed = 9514.8 sec
[TwinWall] projected 5732 node(s)
Step =   5089: nodes = 33833, dt = 9.180550e-11, strain = 6.924834e-03, elapsed = 9518.4 sec
[TwinWall] projected 5714 node(s)
Step =   5090: nodes = 33835, dt = 1.101666e-10, strain = 6.925936e-03, elapsed = 9521.9 sec
[TwinWall] projected 5908 node(s)
Step =   5091: nodes = 33830, dt = 1.321999e-10, strain = 6.927258e-03, elapsed = 9525.6 sec
[TwinWall] projected 6066 node(s)
Step =   5092: nodes = 33823, dt = 1.586399e-10, strain = 6.928845e-03, elapsed = 9529.2 sec
[TwinWall] projected 5779 node(s)
Step =   5093: nodes = 33819, dt = 9.518394e-11, strain = 6.929796e-03, elapsed = 9534.6 sec
[TwinWall] projected 5820 node(s)
Step =   5094: nodes = 33801, dt = 9.518394e-11, strain = 6.930748e-03, elapsed = 9538.2 sec
[TwinWall] projected 5835 node(s)
Step =   5095: nodes = 33795, dt = 1.142207e-10, strain = 6.931890e-03, elapsed = 9541.8 sec
[TwinWall] projected 5803 node(s)
Step =   5096: nodes = 33767, dt = 1.370649e-10, strain = 6.933261e-03, elapsed = 9545.4 sec
[TwinWall] projected 5732 node(s)
Step =   5097: nodes = 33797, dt = 8.223892e-11, strain = 6.934083e-03, elapsed = 9550.8 sec
[TwinWall] projected 5602 node(s)
Step =   5098: nodes = 33797, dt = 8.223892e-11, strain = 6.934906e-03, elapsed = 9554.2 sec
[TwinWall] projected 5818 node(s)
Step =   5099: nodes = 33788, dt = 9.868671e-11, strain = 6.935893e-03, elapsed = 9558.1 sec
[TwinWall] projected 5813 node(s)
Step =   5100: nodes = 33783, dt = 1.184240e-10, strain = 6.937077e-03, elapsed = 9561.5 sec
Writing configuration in legacy data format
 Output file: /data/home/dg000246b/openDIS/HomeWork/output_Cu_twin_rorient1/config.5100.data
Writing restart file
 Restart file: /data/home/dg000246b/openDIS/HomeWork/output_Cu_twin_rorient1/restart.5100.exadis
[TwinWall] projected 5766 node(s)
Step =   5101: nodes = 33769, dt = 7.105443e-11, strain = 6.937788e-03, elapsed = 9567.3 sec
[TwinWall] projected 5589 node(s)
Step =   5102: nodes = 33760, dt = 7.105443e-11, strain = 6.938498e-03, elapsed = 9570.8 sec
[TwinWall] projected 5672 node(s)
Step =   5103: nodes = 33779, dt = 8.526531e-11, strain = 6.939351e-03, elapsed = 9574.3 sec
[TwinWall] projected 5742 node(s)
Step =   5104: nodes = 33758, dt = 1.023184e-10, strain = 6.940374e-03, elapsed = 9577.9 sec
[TwinWall] projected 5811 node(s)
Step =   5105: nodes = 33751, dt = 1.227821e-10, strain = 6.941602e-03, elapsed = 9581.4 sec
[TwinWall] projected 5660 node(s)
Step =   5106: nodes = 33738, dt = 7.366923e-11, strain = 6.942338e-03, elapsed = 9586.8 sec
[TwinWall] projected 5509 node(s)
Step =   5107: nodes = 33749, dt = 7.366923e-11, strain = 6.943075e-03, elapsed = 9590.3 sec
[TwinWall] projected 5635 node(s)
Step =   5108: nodes = 33743, dt = 8.840308e-11, strain = 6.943959e-03, elapsed = 9593.8 sec
[TwinWall] projected 5724 node(s)
Step =   5109: nodes = 33736, dt = 1.060837e-10, strain = 6.945020e-03, elapsed = 9597.3 sec
[TwinWall] projected 5750 node(s)
Step =   5110: nodes = 33729, dt = 1.273004e-10, strain = 6.946293e-03, elapsed = 9600.9 sec
[TwinWall] projected 5630 node(s)
Step =   5111: nodes = 33723, dt = 7.638026e-11, strain = 6.947057e-03, elapsed = 9606.2 sec
[TwinWall] projected 5694 node(s)
Step =   5112: nodes = 33717, dt = 7.638026e-11, strain = 6.947821e-03, elapsed = 9609.7 sec
[TwinWall] projected 5787 node(s)
Step =   5113: nodes = 33735, dt = 9.165631e-11, strain = 6.948737e-03, elapsed = 9613.1 sec
[TwinWall] projected 5754 node(s)
Step =   5114: nodes = 33748, dt = 1.099876e-10, strain = 6.949837e-03, elapsed = 9616.7 sec
[TwinWall] projected 5779 node(s)
Step =   5115: nodes = 33731, dt = 1.319851e-10, strain = 6.951157e-03, elapsed = 9620.3 sec
[TwinWall] projected 5660 node(s)
Step =   5116: nodes = 33730, dt = 7.919105e-11, strain = 6.951949e-03, elapsed = 9625.6 sec
[TwinWall] projected 5476 node(s)
Step =   5117: nodes = 33740, dt = 7.919105e-11, strain = 6.952741e-03, elapsed = 9629.2 sec
[TwinWall] projected 5703 node(s)
Step =   5118: nodes = 33732, dt = 9.502926e-11, strain = 6.953691e-03, elapsed = 9632.8 sec
[TwinWall] projected 5727 node(s)
Step =   5119: nodes = 33714, dt = 1.140351e-10, strain = 6.954831e-03, elapsed = 9636.2 sec
[TwinWall] projected 5852 node(s)
Step =   5120: nodes = 33715, dt = 1.368421e-10, strain = 6.956200e-03, elapsed = 9639.8 sec
[TwinWall] projected 5646 node(s)
Step =   5121: nodes = 33723, dt = 8.210528e-11, strain = 6.957021e-03, elapsed = 9645.1 sec
[TwinWall] projected 5528 node(s)
Step =   5122: nodes = 33736, dt = 8.210528e-11, strain = 6.957842e-03, elapsed = 9648.6 sec
[TwinWall] projected 5628 node(s)
Step =   5123: nodes = 33721, dt = 9.852634e-11, strain = 6.958827e-03, elapsed = 9652.1 sec
[TwinWall] projected 5734 node(s)
Step =   5124: nodes = 33697, dt = 1.182316e-10, strain = 6.960009e-03, elapsed = 9655.7 sec
[TwinWall] projected 5644 node(s)
Step =   5125: nodes = 33699, dt = 7.093896e-11, strain = 6.960719e-03, elapsed = 9661.0 sec
[TwinWall] projected 5611 node(s)
Step =   5126: nodes = 33701, dt = 7.093896e-11, strain = 6.961428e-03, elapsed = 9664.5 sec
[TwinWall] projected 5648 node(s)
Step =   5127: nodes = 33702, dt = 8.512676e-11, strain = 6.962279e-03, elapsed = 9667.9 sec
[TwinWall] projected 5707 node(s)
Step =   5128: nodes = 33710, dt = 1.021521e-10, strain = 6.963301e-03, elapsed = 9671.5 sec
[TwinWall] projected 5725 node(s)
Step =   5129: nodes = 33706, dt = 1.225825e-10, strain = 6.964527e-03, elapsed = 9675.1 sec
[TwinWall] projected 5684 node(s)
Step =   5130: nodes = 33709, dt = 7.354952e-11, strain = 6.965262e-03, elapsed = 9680.5 sec
[TwinWall] projected 5608 node(s)
Step =   5131: nodes = 33703, dt = 7.354952e-11, strain = 6.965998e-03, elapsed = 9684.0 sec
[TwinWall] projected 5684 node(s)
Step =   5132: nodes = 33700, dt = 8.825942e-11, strain = 6.966880e-03, elapsed = 9687.5 sec
[TwinWall] projected 5629 node(s)
Step =   5133: nodes = 33736, dt = 1.059113e-10, strain = 6.967940e-03, elapsed = 9691.2 sec
[TwinWall] projected 5676 node(s)
Step =   5134: nodes = 33732, dt = 1.270936e-10, strain = 6.969210e-03, elapsed = 9694.7 sec
[TwinWall] projected 5662 node(s)
Step =   5135: nodes = 33719, dt = 7.625614e-11, strain = 6.969973e-03, elapsed = 9700.1 sec
[TwinWall] projected 5533 node(s)
Step =   5136: nodes = 33706, dt = 7.625614e-11, strain = 6.970736e-03, elapsed = 9703.6 sec
[TwinWall] projected 5549 node(s)
Step =   5137: nodes = 33685, dt = 9.150737e-11, strain = 6.971651e-03, elapsed = 9707.1 sec
[TwinWall] projected 5502 node(s)
Step =   5138: nodes = 33711, dt = 1.098088e-10, strain = 6.972749e-03, elapsed = 9710.6 sec
[TwinWall] projected 5645 node(s)
Step =   5139: nodes = 33718, dt = 1.317706e-10, strain = 6.974066e-03, elapsed = 9714.3 sec
[TwinWall] projected 5486 node(s)
Step =   5140: nodes = 33695, dt = 7.906237e-11, strain = 6.974857e-03, elapsed = 9719.5 sec
[TwinWall] projected 5550 node(s)
Step =   5141: nodes = 33695, dt = 7.906237e-11, strain = 6.975648e-03, elapsed = 9723.0 sec
[TwinWall] projected 5579 node(s)
Step =   5142: nodes = 33710, dt = 9.487484e-11, strain = 6.976596e-03, elapsed = 9726.5 sec
[TwinWall] projected 5581 node(s)
Step =   5143: nodes = 33698, dt = 1.138498e-10, strain = 6.977735e-03, elapsed = 9730.1 sec
[TwinWall] projected 5665 node(s)
Step =   5144: nodes = 33671, dt = 1.366198e-10, strain = 6.979101e-03, elapsed = 9733.6 sec
[TwinWall] projected 5486 node(s)
Step =   5145: nodes = 33679, dt = 8.197186e-11, strain = 6.979921e-03, elapsed = 9739.1 sec
[TwinWall] projected 5434 node(s)
Step =   5146: nodes = 33691, dt = 8.197186e-11, strain = 6.980741e-03, elapsed = 9742.7 sec
[TwinWall] projected 5585 node(s)
Step =   5147: nodes = 33692, dt = 9.836623e-11, strain = 6.981724e-03, elapsed = 9746.2 sec
[TwinWall] projected 5619 node(s)
Step =   5148: nodes = 33688, dt = 1.180395e-10, strain = 6.982905e-03, elapsed = 9749.8 sec
[TwinWall] projected 5624 node(s)
Step =   5149: nodes = 33685, dt = 1.416474e-10, strain = 6.984321e-03, elapsed = 9753.5 sec
[TwinWall] projected 5331 node(s)
Step =   5150: nodes = 33662, dt = 8.498843e-11, strain = 6.985171e-03, elapsed = 9758.7 sec
[TwinWall] projected 5404 node(s)
Step =   5151: nodes = 33677, dt = 8.498843e-11, strain = 6.986021e-03, elapsed = 9762.3 sec
[TwinWall] projected 5363 node(s)
Step =   5152: nodes = 33639, dt = 1.019861e-10, strain = 6.987041e-03, elapsed = 9765.8 sec
[TwinWall] projected 5522 node(s)
Step =   5153: nodes = 33644, dt = 1.223833e-10, strain = 6.988265e-03, elapsed = 9769.5 sec
[TwinWall] projected 5266 node(s)
Step =   5154: nodes = 33640, dt = 7.343000e-11, strain = 6.988999e-03, elapsed = 9774.7 sec
[TwinWall] projected 5320 node(s)
Step =   5155: nodes = 33648, dt = 7.343000e-11, strain = 6.989733e-03, elapsed = 9778.3 sec
[TwinWall] projected 5417 node(s)
Step =   5156: nodes = 33665, dt = 8.811600e-11, strain = 6.990614e-03, elapsed = 9781.8 sec
[TwinWall] projected 5560 node(s)
Step =   5157: nodes = 33662, dt = 1.057392e-10, strain = 6.991672e-03, elapsed = 9785.3 sec
[TwinWall] projected 5617 node(s)
Step =   5158: nodes = 33632, dt = 1.268870e-10, strain = 6.992941e-03, elapsed = 9788.9 sec
[TwinWall] projected 5401 node(s)
Step =   5159: nodes = 33649, dt = 7.613222e-11, strain = 6.993702e-03, elapsed = 9794.2 sec
[TwinWall] projected 5345 node(s)
Step =   5160: nodes = 33663, dt = 7.613222e-11, strain = 6.994463e-03, elapsed = 9798.0 sec
[TwinWall] projected 5476 node(s)
Step =   5161: nodes = 33660, dt = 9.135867e-11, strain = 6.995377e-03, elapsed = 9801.6 sec
[TwinWall] projected 5505 node(s)
Step =   5162: nodes = 33664, dt = 1.096304e-10, strain = 6.996473e-03, elapsed = 9805.1 sec
[TwinWall] projected 5606 node(s)
Step =   5163: nodes = 33655, dt = 1.315565e-10, strain = 6.997789e-03, elapsed = 9808.9 sec
[TwinWall] projected 5358 node(s)
Step =   5164: nodes = 33661, dt = 7.893389e-11, strain = 6.998578e-03, elapsed = 9814.2 sec
[TwinWall] projected 5392 node(s)
Step =   5165: nodes = 33660, dt = 7.893389e-11, strain = 6.999367e-03, elapsed = 9817.8 sec
[TwinWall] projected 5494 node(s)
Step =   5166: nodes = 33659, dt = 9.472067e-11, strain = 7.000315e-03, elapsed = 9821.2 sec
[TwinWall] projected 5514 node(s)
Step =   5167: nodes = 33663, dt = 1.136648e-10, strain = 7.001451e-03, elapsed = 9824.8 sec
[TwinWall] projected 5665 node(s)
Step =   5168: nodes = 33641, dt = 1.363978e-10, strain = 7.002815e-03, elapsed = 9828.5 sec
[TwinWall] projected 5413 node(s)
Step =   5169: nodes = 33638, dt = 8.183866e-11, strain = 7.003634e-03, elapsed = 9833.8 sec
[TwinWall] projected 5464 node(s)
Step =   5170: nodes = 33634, dt = 8.183866e-11, strain = 7.004452e-03, elapsed = 9837.4 sec
[TwinWall] projected 5478 node(s)
Step =   5171: nodes = 33643, dt = 9.820639e-11, strain = 7.005434e-03, elapsed = 9840.9 sec
[TwinWall] projected 5598 node(s)
Step =   5172: nodes = 33619, dt = 1.178477e-10, strain = 7.006613e-03, elapsed = 9844.5 sec
[TwinWall] projected 5556 node(s)
Step =   5173: nodes = 33586, dt = 1.414172e-10, strain = 7.008027e-03, elapsed = 9848.2 sec
[TwinWall] projected 5387 node(s)
Step =   5174: nodes = 33608, dt = 8.485032e-11, strain = 7.008875e-03, elapsed = 9853.5 sec
[TwinWall] projected 5477 node(s)
Step =   5175: nodes = 33611, dt = 8.485032e-11, strain = 7.009724e-03, elapsed = 9857.0 sec
[TwinWall] projected 5409 node(s)
Step =   5176: nodes = 33598, dt = 1.018204e-10, strain = 7.010742e-03, elapsed = 9860.5 sec
[TwinWall] projected 5489 node(s)
Step =   5177: nodes = 33603, dt = 1.221845e-10, strain = 7.011964e-03, elapsed = 9864.1 sec
[TwinWall] projected 5646 node(s)
Step =   5178: nodes = 33583, dt = 1.466214e-10, strain = 7.013430e-03, elapsed = 9867.8 sec
[TwinWall] projected 5317 node(s)
Step =   5179: nodes = 33630, dt = 8.797281e-11, strain = 7.014310e-03, elapsed = 9873.2 sec
[TwinWall] projected 5365 node(s)
Step =   5180: nodes = 33608, dt = 8.797281e-11, strain = 7.015189e-03, elapsed = 9876.8 sec
[TwinWall] projected 5353 node(s)
Step =   5181: nodes = 33618, dt = 1.055674e-10, strain = 7.016245e-03, elapsed = 9880.3 sec
[TwinWall] projected 5367 node(s)
Step =   5182: nodes = 33581, dt = 1.266808e-10, strain = 7.017512e-03, elapsed = 9883.9 sec
[TwinWall] projected 5238 node(s)
Step =   5183: nodes = 33591, dt = 7.600851e-11, strain = 7.018272e-03, elapsed = 9889.3 sec
[TwinWall] projected 5194 node(s)
Step =   5184: nodes = 33609, dt = 7.600851e-11, strain = 7.019032e-03, elapsed = 9892.9 sec
[TwinWall] projected 5333 node(s)
Step =   5185: nodes = 33593, dt = 9.121021e-11, strain = 7.019944e-03, elapsed = 9896.4 sec
[TwinWall] projected 5348 node(s)
Step =   5186: nodes = 33576, dt = 1.094523e-10, strain = 7.021039e-03, elapsed = 9899.9 sec
[TwinWall] projected 5535 node(s)
Step =   5187: nodes = 33581, dt = 1.313427e-10, strain = 7.022352e-03, elapsed = 9903.6 sec
[TwinWall] projected 5210 node(s)
Step =   5188: nodes = 33559, dt = 7.880562e-11, strain = 7.023140e-03, elapsed = 9908.8 sec
[TwinWall] projected 5246 node(s)
Step =   5189: nodes = 33557, dt = 7.880562e-11, strain = 7.023928e-03, elapsed = 9912.3 sec
[TwinWall] projected 5304 node(s)
Step =   5190: nodes = 33549, dt = 9.456675e-11, strain = 7.024874e-03, elapsed = 9915.9 sec
[TwinWall] projected 5420 node(s)
Step =   5191: nodes = 33530, dt = 1.134801e-10, strain = 7.026009e-03, elapsed = 9919.6 sec
[TwinWall] projected 5554 node(s)
Step =   5192: nodes = 33531, dt = 1.361761e-10, strain = 7.027370e-03, elapsed = 9923.3 sec
[TwinWall] projected 5393 node(s)
Step =   5193: nodes = 33531, dt = 8.170567e-11, strain = 7.028188e-03, elapsed = 9928.6 sec
[TwinWall] projected 5211 node(s)
Step =   5194: nodes = 33534, dt = 8.170567e-11, strain = 7.029005e-03, elapsed = 9932.0 sec
[TwinWall] projected 5410 node(s)
Step =   5195: nodes = 33547, dt = 9.804680e-11, strain = 7.029985e-03, elapsed = 9935.5 sec
[TwinWall] projected 5361 node(s)
Step =   5196: nodes = 33537, dt = 1.176562e-10, strain = 7.031162e-03, elapsed = 9939.0 sec
[TwinWall] projected 5546 node(s)
Step =   5197: nodes = 33498, dt = 1.411874e-10, strain = 7.032573e-03, elapsed = 9942.7 sec
[TwinWall] projected 5204 node(s)
Step =   5198: nodes = 33514, dt = 8.471244e-11, strain = 7.033421e-03, elapsed = 9948.0 sec
[TwinWall] projected 5268 node(s)
Step =   5199: nodes = 33512, dt = 8.471244e-11, strain = 7.034268e-03, elapsed = 9951.6 sec
[TwinWall] projected 5291 node(s)
Step =   5200: nodes = 33506, dt = 1.016549e-10, strain = 7.035284e-03, elapsed = 9955.0 sec
Writing configuration in legacy data format
 Output file: /data/home/dg000246b/openDIS/HomeWork/output_Cu_twin_rorient1/config.5200.data
Writing restart file
 Restart file: /data/home/dg000246b/openDIS/HomeWork/output_Cu_twin_rorient1/restart.5200.exadis
[TwinWall] projected 5411 node(s)
Step =   5201: nodes = 33512, dt = 1.219859e-10, strain = 7.036504e-03, elapsed = 9959.0 sec
[TwinWall] projected 5549 node(s)
Step =   5202: nodes = 33470, dt = 1.463831e-10, strain = 7.037968e-03, elapsed = 9962.7 sec
[TwinWall] projected 5359 node(s)
Step =   5203: nodes = 33458, dt = 8.782986e-11, strain = 7.038846e-03, elapsed = 9968.0 sec
[TwinWall] projected 5323 node(s)
Step =   5204: nodes = 33454, dt = 8.782986e-11, strain = 7.039725e-03, elapsed = 9971.5 sec
[TwinWall] projected 5402 node(s)
Step =   5205: nodes = 33480, dt = 1.053958e-10, strain = 7.040779e-03, elapsed = 9975.0 sec
[TwinWall] projected 5387 node(s)
Step =   5206: nodes = 33455, dt = 1.264750e-10, strain = 7.042043e-03, elapsed = 9978.8 sec
[TwinWall] projected 5576 node(s)
Step =   5207: nodes = 33446, dt = 1.517700e-10, strain = 7.043561e-03, elapsed = 9982.4 sec
[TwinWall] projected 5336 node(s)
Step =   5208: nodes = 33419, dt = 9.106199e-11, strain = 7.044472e-03, elapsed = 9987.6 sec
[TwinWall] projected 5419 node(s)
Step =   5209: nodes = 33424, dt = 9.106199e-11, strain = 7.045382e-03, elapsed = 9991.1 sec
[TwinWall] projected 5480 node(s)
Step =   5210: nodes = 33410, dt = 1.092744e-10, strain = 7.046475e-03, elapsed = 9994.6 sec
[TwinWall] projected 5541 node(s)
Step =   5211: nodes = 33443, dt = 1.311293e-10, strain = 7.047786e-03, elapsed = 9998.0 sec
[TwinWall] projected 5519 node(s)
Step =   5212: nodes = 33454, dt = 7.867756e-11, strain = 7.048573e-03, elapsed = 10003.2 sec
[TwinWall] projected 5399 node(s)
Step =   5213: nodes = 33445, dt = 7.867756e-11, strain = 7.049360e-03, elapsed = 10006.7 sec
[TwinWall] projected 5450 node(s)
Step =   5214: nodes = 33472, dt = 9.441308e-11, strain = 7.050304e-03, elapsed = 10010.1 sec
[TwinWall] projected 5373 node(s)
Step =   5215: nodes = 33491, dt = 1.132957e-10, strain = 7.051437e-03, elapsed = 10013.6 sec
[TwinWall] projected 5553 node(s)
Step =   5216: nodes = 33477, dt = 1.359548e-10, strain = 7.052796e-03, elapsed = 10017.2 sec
[TwinWall] projected 5282 node(s)
Step =   5217: nodes = 33460, dt = 8.157290e-11, strain = 7.053612e-03, elapsed = 10022.4 sec
[TwinWall] projected 5187 node(s)
Step =   5218: nodes = 33467, dt = 8.157290e-11, strain = 7.054428e-03, elapsed = 10025.9 sec
[TwinWall] projected 5353 node(s)
Step =   5219: nodes = 33467, dt = 9.788748e-11, strain = 7.055407e-03, elapsed = 10029.4 sec
[TwinWall] projected 5462 node(s)
Step =   5220: nodes = 33451, dt = 1.174650e-10, strain = 7.056581e-03, elapsed = 10032.9 sec
[TwinWall] projected 5472 node(s)
Step =   5221: nodes = 33431, dt = 1.409580e-10, strain = 7.057991e-03, elapsed = 10036.4 sec
[TwinWall] projected 5372 node(s)
Step =   5222: nodes = 33405, dt = 8.457478e-11, strain = 7.058837e-03, elapsed = 10041.9 sec
[TwinWall] projected 5260 node(s)
Step =   5223: nodes = 33437, dt = 8.457478e-11, strain = 7.059683e-03, elapsed = 10045.3 sec
[TwinWall] projected 5232 node(s)
Step =   5224: nodes = 33437, dt = 1.014897e-10, strain = 7.060697e-03, elapsed = 10048.9 sec
[TwinWall] projected 5316 node(s)
Step =   5225: nodes = 33454, dt = 1.217877e-10, strain = 7.061915e-03, elapsed = 10052.3 sec
[TwinWall] projected 5247 node(s)
Step =   5226: nodes = 33452, dt = 7.307261e-11, strain = 7.062646e-03, elapsed = 10057.5 sec
[TwinWall] projected 5228 node(s)
Step =   5227: nodes = 33451, dt = 7.307261e-11, strain = 7.063377e-03, elapsed = 10061.0 sec
[TwinWall] projected 5202 node(s)
Step =   5228: nodes = 33452, dt = 8.768713e-11, strain = 7.064254e-03, elapsed = 10064.4 sec
[TwinWall] projected 5403 node(s)
Step =   5229: nodes = 33473, dt = 1.052246e-10, strain = 7.065306e-03, elapsed = 10068.0 sec
[TwinWall] projected 5399 node(s)
Step =   5230: nodes = 33455, dt = 1.262695e-10, strain = 7.066569e-03, elapsed = 10071.6 sec
[TwinWall] projected 5226 node(s)
Step =   5231: nodes = 33455, dt = 7.576168e-11, strain = 7.067326e-03, elapsed = 10076.7 sec
[TwinWall] projected 5240 node(s)
Step =   5232: nodes = 33442, dt = 7.576168e-11, strain = 7.068084e-03, elapsed = 10080.2 sec
[TwinWall] projected 5248 node(s)
Step =   5233: nodes = 33451, dt = 9.091402e-11, strain = 7.068993e-03, elapsed = 10083.7 sec
[TwinWall] projected 5282 node(s)
Step =   5234: nodes = 33446, dt = 1.090968e-10, strain = 7.070084e-03, elapsed = 10087.2 sec
[TwinWall] projected 5354 node(s)
Step =   5235: nodes = 33427, dt = 1.309162e-10, strain = 7.071393e-03, elapsed = 10090.7 sec
[TwinWall] projected 5248 node(s)
Step =   5236: nodes = 33434, dt = 7.854971e-11, strain = 7.072179e-03, elapsed = 10096.0 sec
[TwinWall] projected 5176 node(s)
Step =   5237: nodes = 33425, dt = 7.854971e-11, strain = 7.072964e-03, elapsed = 10099.7 sec
[TwinWall] projected 5349 node(s)
Step =   5238: nodes = 33428, dt = 9.425965e-11, strain = 7.073907e-03, elapsed = 10103.2 sec
[TwinWall] projected 5342 node(s)
Step =   5239: nodes = 33418, dt = 1.131116e-10, strain = 7.075038e-03, elapsed = 10106.7 sec
[TwinWall] projected 5356 node(s)
Step =   5240: nodes = 33433, dt = 6.786695e-11, strain = 7.075716e-03, elapsed = 10112.1 sec
[TwinWall] projected 5163 node(s)
Step =   5241: nodes = 33435, dt = 6.786695e-11, strain = 7.076395e-03, elapsed = 10115.5 sec
[TwinWall] projected 5198 node(s)
Step =   5242: nodes = 33413, dt = 8.144034e-11, strain = 7.077210e-03, elapsed = 10118.9 sec
[TwinWall] projected 5359 node(s)
Step =   5243: nodes = 33418, dt = 9.772841e-11, strain = 7.078187e-03, elapsed = 10122.4 sec
[TwinWall] projected 5416 node(s)
Step =   5244: nodes = 33444, dt = 1.172741e-10, strain = 7.079360e-03, elapsed = 10125.9 sec
[TwinWall] projected 5323 node(s)
Step =   5245: nodes = 33421, dt = 7.036446e-11, strain = 7.080063e-03, elapsed = 10131.2 sec
[TwinWall] projected 5051 node(s)
Step =   5246: nodes = 33453, dt = 7.036446e-11, strain = 7.080767e-03, elapsed = 10134.7 sec
[TwinWall] projected 5218 node(s)
Step =   5247: nodes = 33444, dt = 8.443735e-11, strain = 7.081611e-03, elapsed = 10138.2 sec
[TwinWall] projected 5359 node(s)
Step =   5248: nodes = 33439, dt = 1.013248e-10, strain = 7.082624e-03, elapsed = 10141.7 sec
[TwinWall] projected 5443 node(s)
Step =   5249: nodes = 33438, dt = 1.215898e-10, strain = 7.083840e-03, elapsed = 10145.3 sec
[TwinWall] projected 5187 node(s)
Step =   5250: nodes = 33413, dt = 7.295387e-11, strain = 7.084570e-03, elapsed = 10150.5 sec
[TwinWall] projected 5334 node(s)
Step =   5251: nodes = 33415, dt = 7.295387e-11, strain = 7.085299e-03, elapsed = 10154.0 sec
[TwinWall] projected 5386 node(s)
Step =   5252: nodes = 33422, dt = 8.754464e-11, strain = 7.086175e-03, elapsed = 10157.5 sec
[TwinWall] projected 5358 node(s)
Step =   5253: nodes = 33436, dt = 1.050536e-10, strain = 7.087225e-03, elapsed = 10161.0 sec
[TwinWall] projected 5431 node(s)
Step =   5254: nodes = 33423, dt = 1.260643e-10, strain = 7.088486e-03, elapsed = 10164.6 sec
[TwinWall] projected 5365 node(s)
Step =   5255: nodes = 33423, dt = 7.563857e-11, strain = 7.089242e-03, elapsed = 10169.9 sec
[TwinWall] projected 5206 node(s)
Step =   5256: nodes = 33432, dt = 7.563857e-11, strain = 7.089999e-03, elapsed = 10173.4 sec
[TwinWall] projected 5329 node(s)
Step =   5257: nodes = 33458, dt = 9.076628e-11, strain = 7.090906e-03, elapsed = 10176.9 sec
[TwinWall] projected 5425 node(s)
Step =   5258: nodes = 33461, dt = 1.089195e-10, strain = 7.091996e-03, elapsed = 10180.4 sec
[TwinWall] projected 5329 node(s)
Step =   5259: nodes = 33446, dt = 6.535172e-11, strain = 7.092649e-03, elapsed = 10185.7 sec
[TwinWall] projected 5198 node(s)
Step =   5260: nodes = 33430, dt = 6.535172e-11, strain = 7.093303e-03, elapsed = 10189.1 sec
[TwinWall] projected 5257 node(s)
Step =   5261: nodes = 33431, dt = 7.842207e-11, strain = 7.094087e-03, elapsed = 10192.5 sec
[TwinWall] projected 5374 node(s)
Step =   5262: nodes = 33430, dt = 9.410648e-11, strain = 7.095028e-03, elapsed = 10196.0 sec
[TwinWall] projected 5321 node(s)
Step =   5263: nodes = 33422, dt = 1.129278e-10, strain = 7.096157e-03, elapsed = 10199.4 sec
[TwinWall] projected 5305 node(s)
Step =   5264: nodes = 33413, dt = 6.775667e-11, strain = 7.096835e-03, elapsed = 10204.7 sec
[TwinWall] projected 5103 node(s)
Step =   5265: nodes = 33422, dt = 6.775667e-11, strain = 7.097512e-03, elapsed = 10208.1 sec
[TwinWall] projected 5060 node(s)
Step =   5266: nodes = 33423, dt = 8.130800e-11, strain = 7.098325e-03, elapsed = 10211.5 sec
[TwinWall] projected 5241 node(s)
Step =   5267: nodes = 33444, dt = 9.756960e-11, strain = 7.099301e-03, elapsed = 10215.0 sec
[TwinWall] projected 5305 node(s)
Step =   5268: nodes = 33444, dt = 1.170835e-10, strain = 7.100472e-03, elapsed = 10218.7 sec
[TwinWall] projected 5211 node(s)
Step =   5269: nodes = 33434, dt = 7.025011e-11, strain = 7.101175e-03, elapsed = 10224.0 sec
[TwinWall] projected 5091 node(s)
Step =   5270: nodes = 33443, dt = 7.025011e-11, strain = 7.101877e-03, elapsed = 10227.4 sec
[TwinWall] projected 5256 node(s)
Step =   5271: nodes = 33441, dt = 8.430014e-11, strain = 7.102720e-03, elapsed = 10231.0 sec
[TwinWall] projected 5401 node(s)
Step =   5272: nodes = 33421, dt = 1.011602e-10, strain = 7.103732e-03, elapsed = 10234.5 sec
[TwinWall] projected 5197 node(s)
Step =   5273: nodes = 33453, dt = 6.069610e-11, strain = 7.104339e-03, elapsed = 10239.6 sec
[TwinWall] projected 5234 node(s)
Step =   5274: nodes = 33450, dt = 6.069610e-11, strain = 7.104946e-03, elapsed = 10243.0 sec
[TwinWall] projected 5332 node(s)
Step =   5275: nodes = 33440, dt = 7.283532e-11, strain = 7.105674e-03, elapsed = 10246.4 sec
[TwinWall] projected 5331 node(s)
Step =   5276: nodes = 33438, dt = 8.740238e-11, strain = 7.106548e-03, elapsed = 10249.9 sec
[TwinWall] projected 5388 node(s)
Step =   5277: nodes = 33428, dt = 1.048829e-10, strain = 7.107597e-03, elapsed = 10253.4 sec
[TwinWall] projected 5497 node(s)
Step =   5278: nodes = 33403, dt = 1.258594e-10, strain = 7.108855e-03, elapsed = 10256.9 sec
[TwinWall] projected 5296 node(s)
Step =   5279: nodes = 33392, dt = 7.551566e-11, strain = 7.109610e-03, elapsed = 10262.1 sec
[TwinWall] projected 5257 node(s)
Step =   5280: nodes = 33368, dt = 7.551566e-11, strain = 7.110366e-03, elapsed = 10265.6 sec
[TwinWall] projected 5311 node(s)
Step =   5281: nodes = 33386, dt = 9.061879e-11, strain = 7.111272e-03, elapsed = 10269.1 sec
[TwinWall] projected 5363 node(s)
Step =   5282: nodes = 33382, dt = 1.087425e-10, strain = 7.112359e-03, elapsed = 10272.6 sec
[TwinWall] projected 5490 node(s)
Step =   5283: nodes = 33392, dt = 1.304911e-10, strain = 7.113664e-03, elapsed = 10276.1 sec
[TwinWall] projected 5391 node(s)
Step =   5284: nodes = 33404, dt = 7.829463e-11, strain = 7.114447e-03, elapsed = 10281.5 sec
[TwinWall] projected 5286 node(s)
Step =   5285: nodes = 33414, dt = 7.829463e-11, strain = 7.115230e-03, elapsed = 10285.0 sec
[TwinWall] projected 5367 node(s)
Step =   5286: nodes = 33405, dt = 9.395356e-11, strain = 7.116170e-03, elapsed = 10288.5 sec
[TwinWall] projected 5366 node(s)
Step =   5287: nodes = 33446, dt = 1.127443e-10, strain = 7.117297e-03, elapsed = 10292.0 sec
[TwinWall] projected 5497 node(s)
Step =   5288: nodes = 33421, dt = 1.352931e-10, strain = 7.118650e-03, elapsed = 10295.6 sec
[TwinWall] projected 5258 node(s)
Step =   5289: nodes = 33457, dt = 8.117588e-11, strain = 7.119462e-03, elapsed = 10300.8 sec
[TwinWall] projected 5363 node(s)
Step =   5290: nodes = 33462, dt = 8.117588e-11, strain = 7.120273e-03, elapsed = 10304.2 sec
[TwinWall] projected 5360 node(s)
Step =   5291: nodes = 33455, dt = 9.741105e-11, strain = 7.121248e-03, elapsed = 10307.7 sec
[TwinWall] projected 5423 node(s)
Step =   5292: nodes = 33429, dt = 1.168933e-10, strain = 7.122417e-03, elapsed = 10311.3 sec
[TwinWall] projected 5179 node(s)
Step =   5293: nodes = 33448, dt = 7.013596e-11, strain = 7.123118e-03, elapsed = 10316.5 sec
[TwinWall] projected 5136 node(s)
Step =   5294: nodes = 33454, dt = 7.013596e-11, strain = 7.123819e-03, elapsed = 10319.8 sec
[TwinWall] projected 5305 node(s)
Step =   5295: nodes = 33428, dt = 8.416315e-11, strain = 7.124661e-03, elapsed = 10323.3 sec
[TwinWall] projected 5359 node(s)
Step =   5296: nodes = 33430, dt = 1.009958e-10, strain = 7.125671e-03, elapsed = 10326.8 sec
[TwinWall] projected 5482 node(s)
Step =   5297: nodes = 33424, dt = 1.211949e-10, strain = 7.126883e-03, elapsed = 10330.4 sec
[TwinWall] projected 5631 node(s)
Step =   5298: nodes = 33413, dt = 1.454339e-10, strain = 7.128337e-03, elapsed = 10334.0 sec
[TwinWall] projected 5326 node(s)
Step =   5299: nodes = 33419, dt = 8.726035e-11, strain = 7.129210e-03, elapsed = 10339.4 sec
[TwinWall] projected 5390 node(s)
Step =   5300: nodes = 33435, dt = 8.726035e-11, strain = 7.130082e-03, elapsed = 10342.9 sec
Writing configuration in legacy data format
 Output file: /data/home/dg000246b/openDIS/HomeWork/output_Cu_twin_rorient1/config.5300.data
Writing restart file
 Restart file: /data/home/dg000246b/openDIS/HomeWork/output_Cu_twin_rorient1/restart.5300.exadis
[TwinWall] projected 5433 node(s)
Step =   5301: nodes = 33435, dt = 1.047124e-10, strain = 7.131129e-03, elapsed = 10346.8 sec
[TwinWall] projected 5553 node(s)
Step =   5302: nodes = 33445, dt = 1.256549e-10, strain = 7.132386e-03, elapsed = 10350.3 sec
[TwinWall] projected 5362 node(s)
Step =   5303: nodes = 33425, dt = 7.539294e-11, strain = 7.133140e-03, elapsed = 10355.6 sec
[TwinWall] projected 5366 node(s)
Step =   5304: nodes = 33419, dt = 7.539294e-11, strain = 7.133894e-03, elapsed = 10359.1 sec
[TwinWall] projected 5425 node(s)
Step =   5305: nodes = 33442, dt = 9.047153e-11, strain = 7.134799e-03, elapsed = 10362.5 sec
[TwinWall] projected 5462 node(s)
Step =   5306: nodes = 33431, dt = 1.085658e-10, strain = 7.135884e-03, elapsed = 10366.1 sec
[TwinWall] projected 5599 node(s)
Step =   5307: nodes = 33402, dt = 1.302790e-10, strain = 7.137187e-03, elapsed = 10369.6 sec
[TwinWall] projected 5324 node(s)
Step =   5308: nodes = 33416, dt = 7.816740e-11, strain = 7.137969e-03, elapsed = 10374.8 sec
[TwinWall] projected 5360 node(s)
Step =   5309: nodes = 33424, dt = 7.816740e-11, strain = 7.138750e-03, elapsed = 10378.3 sec
[TwinWall] projected 5366 node(s)
Step =   5310: nodes = 33416, dt = 9.380088e-11, strain = 7.139688e-03, elapsed = 10381.7 sec
[TwinWall] projected 5465 node(s)
Step =   5311: nodes = 33440, dt = 1.125611e-10, strain = 7.140814e-03, elapsed = 10385.3 sec
[TwinWall] projected 5567 node(s)
Step =   5312: nodes = 33423, dt = 1.350733e-10, strain = 7.142165e-03, elapsed = 10388.7 sec
[TwinWall] projected 5434 node(s)
Step =   5313: nodes = 33420, dt = 8.104396e-11, strain = 7.142975e-03, elapsed = 10394.0 sec
[TwinWall] projected 5341 node(s)
Step =   5314: nodes = 33433, dt = 8.104396e-11, strain = 7.143786e-03, elapsed = 10397.4 sec
[TwinWall] projected 5439 node(s)
Step =   5315: nodes = 33445, dt = 9.725276e-11, strain = 7.144758e-03, elapsed = 10401.0 sec
[TwinWall] projected 5368 node(s)
Step =   5316: nodes = 33429, dt = 1.167033e-10, strain = 7.145925e-03, elapsed = 10404.5 sec
[TwinWall] projected 5576 node(s)
Step =   5317: nodes = 33415, dt = 1.400440e-10, strain = 7.147326e-03, elapsed = 10408.1 sec
[TwinWall] projected 5263 node(s)
Step =   5318: nodes = 33409, dt = 8.402638e-11, strain = 7.148166e-03, elapsed = 10413.4 sec
[TwinWall] projected 5321 node(s)
Step =   5319: nodes = 33407, dt = 8.402638e-11, strain = 7.149006e-03, elapsed = 10416.9 sec
[TwinWall] projected 5368 node(s)
Step =   5320: nodes = 33430, dt = 1.008317e-10, strain = 7.150014e-03, elapsed = 10420.4 sec
[TwinWall] projected 5504 node(s)
Step =   5321: nodes = 33411, dt = 1.209980e-10, strain = 7.151224e-03, elapsed = 10424.0 sec
[TwinWall] projected 5334 node(s)
Step =   5322: nodes = 33406, dt = 7.259879e-11, strain = 7.151950e-03, elapsed = 10429.1 sec
[TwinWall] projected 5432 node(s)
Step =   5323: nodes = 33419, dt = 7.259879e-11, strain = 7.152676e-03, elapsed = 10432.5 sec
[TwinWall] projected 5476 node(s)
Step =   5324: nodes = 33432, dt = 8.711855e-11, strain = 7.153548e-03, elapsed = 10435.9 sec
[TwinWall] projected 5518 node(s)
Step =   5325: nodes = 33420, dt = 1.045423e-10, strain = 7.154593e-03, elapsed = 10439.4 sec
[TwinWall] projected 5491 node(s)
Step =   5326: nodes = 33413, dt = 1.254507e-10, strain = 7.155848e-03, elapsed = 10442.9 sec
[TwinWall] projected 5690 node(s)
Step =   5327: nodes = 33420, dt = 1.505409e-10, strain = 7.157353e-03, elapsed = 10446.5 sec
[TwinWall] projected 5420 node(s)
Step =   5328: nodes = 33402, dt = 9.032452e-11, strain = 7.158256e-03, elapsed = 10451.7 sec
[TwinWall] projected 5520 node(s)
Step =   5329: nodes = 33433, dt = 9.032452e-11, strain = 7.159159e-03, elapsed = 10455.1 sec
[TwinWall] projected 5481 node(s)
Step =   5330: nodes = 33413, dt = 1.083894e-10, strain = 7.160243e-03, elapsed = 10458.9 sec
[TwinWall] projected 5508 node(s)
Step =   5331: nodes = 33417, dt = 1.300673e-10, strain = 7.161544e-03, elapsed = 10462.5 sec
[TwinWall] projected 5224 node(s)
Step =   5332: nodes = 33417, dt = 7.804038e-11, strain = 7.162324e-03, elapsed = 10467.7 sec
[TwinWall] projected 5215 node(s)
Step =   5333: nodes = 33424, dt = 7.804038e-11, strain = 7.163105e-03, elapsed = 10471.1 sec
[TwinWall] projected 5343 node(s)
Step =   5334: nodes = 33417, dt = 9.364846e-11, strain = 7.164041e-03, elapsed = 10474.6 sec
[TwinWall] projected 5353 node(s)
Step =   5335: nodes = 33419, dt = 1.123781e-10, strain = 7.165165e-03, elapsed = 10478.2 sec
[TwinWall] projected 5416 node(s)
Step =   5336: nodes = 33388, dt = 1.348538e-10, strain = 7.166514e-03, elapsed = 10481.8 sec
[TwinWall] projected 5293 node(s)
Step =   5337: nodes = 33380, dt = 8.091227e-11, strain = 7.167323e-03, elapsed = 10487.0 sec
[TwinWall] projected 5187 node(s)
Step =   5338: nodes = 33411, dt = 8.091227e-11, strain = 7.168132e-03, elapsed = 10490.4 sec
[TwinWall] projected 5364 node(s)
Step =   5339: nodes = 33422, dt = 9.709472e-11, strain = 7.169103e-03, elapsed = 10493.9 sec
[TwinWall] projected 5364 node(s)
Step =   5340: nodes = 33402, dt = 1.165137e-10, strain = 7.170268e-03, elapsed = 10497.4 sec
[TwinWall] projected 5286 node(s)
Step =   5341: nodes = 33406, dt = 6.990820e-11, strain = 7.170967e-03, elapsed = 10502.6 sec
[TwinWall] projected 5278 node(s)
Step =   5342: nodes = 33400, dt = 6.990820e-11, strain = 7.171666e-03, elapsed = 10506.0 sec
[TwinWall] projected 5173 node(s)
Step =   5343: nodes = 33395, dt = 8.388984e-11, strain = 7.172505e-03, elapsed = 10509.4 sec
[TwinWall] projected 5233 node(s)
Step =   5344: nodes = 33398, dt = 1.006678e-10, strain = 7.173512e-03, elapsed = 10512.9 sec
[TwinWall] projected 5235 node(s)
Step =   5345: nodes = 33385, dt = 1.208014e-10, strain = 7.174720e-03, elapsed = 10516.4 sec
[TwinWall] projected 5216 node(s)
Step =   5346: nodes = 33371, dt = 7.248082e-11, strain = 7.175444e-03, elapsed = 10521.7 sec
[TwinWall] projected 5127 node(s)
Step =   5347: nodes = 33381, dt = 7.248082e-11, strain = 7.176169e-03, elapsed = 10525.1 sec
[TwinWall] projected 5286 node(s)
Step =   5348: nodes = 33376, dt = 8.697699e-11, strain = 7.177039e-03, elapsed = 10528.5 sec
[TwinWall] projected 5294 node(s)
Step =   5349: nodes = 33389, dt = 1.043724e-10, strain = 7.178083e-03, elapsed = 10532.0 sec
[TwinWall] projected 5336 node(s)
Step =   5350: nodes = 33372, dt = 1.252469e-10, strain = 7.179335e-03, elapsed = 10535.5 sec
[TwinWall] projected 5145 node(s)
Step =   5351: nodes = 33363, dt = 7.514812e-11, strain = 7.180087e-03, elapsed = 10540.7 sec
[TwinWall] projected 5272 node(s)
Step =   5352: nodes = 33363, dt = 7.514812e-11, strain = 7.180838e-03, elapsed = 10544.2 sec
[TwinWall] projected 5369 node(s)
Step =   5353: nodes = 33366, dt = 9.017774e-11, strain = 7.181740e-03, elapsed = 10547.6 sec
[TwinWall] projected 5343 node(s)
Step =   5354: nodes = 33348, dt = 1.082133e-10, strain = 7.182822e-03, elapsed = 10551.1 sec
[TwinWall] projected 5333 node(s)
Step =   5355: nodes = 33340, dt = 1.298559e-10, strain = 7.184121e-03, elapsed = 10554.6 sec
[TwinWall] projected 5275 node(s)
Step =   5356: nodes = 33354, dt = 7.791357e-11, strain = 7.184900e-03, elapsed = 10559.9 sec
[TwinWall] projected 5231 node(s)
Step =   5357: nodes = 33367, dt = 7.791357e-11, strain = 7.185679e-03, elapsed = 10563.3 sec
[TwinWall] projected 5265 node(s)
Step =   5358: nodes = 33365, dt = 9.349628e-11, strain = 7.186614e-03, elapsed = 10566.7 sec
[TwinWall] projected 5230 node(s)
Step =   5359: nodes = 33364, dt = 1.121955e-10, strain = 7.187736e-03, elapsed = 10570.2 sec
[TwinWall] projected 5398 node(s)
Step =   5360: nodes = 33359, dt = 1.346346e-10, strain = 7.189082e-03, elapsed = 10573.7 sec
[TwinWall] projected 5167 node(s)
Step =   5361: nodes = 33360, dt = 8.078079e-11, strain = 7.189890e-03, elapsed = 10579.2 sec
[TwinWall] projected 5172 node(s)
Step =   5362: nodes = 33358, dt = 8.078079e-11, strain = 7.190698e-03, elapsed = 10582.6 sec
[TwinWall] projected 5261 node(s)
Step =   5363: nodes = 33345, dt = 9.693694e-11, strain = 7.191667e-03, elapsed = 10586.0 sec
[TwinWall] projected 5330 node(s)
Step =   5364: nodes = 33343, dt = 1.163243e-10, strain = 7.192830e-03, elapsed = 10589.6 sec
[TwinWall] projected 5482 node(s)
Step =   5365: nodes = 33326, dt = 1.395892e-10, strain = 7.194226e-03, elapsed = 10593.3 sec
[TwinWall] projected 5255 node(s)
Step =   5366: nodes = 33363, dt = 8.375352e-11, strain = 7.195064e-03, elapsed = 10598.5 sec
[TwinWall] projected 5238 node(s)
Step =   5367: nodes = 33378, dt = 8.375352e-11, strain = 7.195901e-03, elapsed = 10602.0 sec
[TwinWall] projected 5337 node(s)
Step =   5368: nodes = 33403, dt = 1.005042e-10, strain = 7.196906e-03, elapsed = 10605.5 sec
[TwinWall] projected 5309 node(s)
Step =   5369: nodes = 33391, dt = 1.206051e-10, strain = 7.198113e-03, elapsed = 10609.0 sec
[TwinWall] projected 5208 node(s)
Step =   5370: nodes = 33401, dt = 7.236304e-11, strain = 7.198836e-03, elapsed = 10614.2 sec
[TwinWall] projected 5167 node(s)
Step =   5371: nodes = 33410, dt = 7.236304e-11, strain = 7.199560e-03, elapsed = 10617.6 sec
[TwinWall] projected 5118 node(s)
Step =   5372: nodes = 33412, dt = 8.683565e-11, strain = 7.200428e-03, elapsed = 10621.2 sec
[TwinWall] projected 5215 node(s)
Step =   5373: nodes = 33408, dt = 1.042028e-10, strain = 7.201470e-03, elapsed = 10624.7 sec
[TwinWall] projected 5281 node(s)
Step =   5374: nodes = 33383, dt = 1.250433e-10, strain = 7.202721e-03, elapsed = 10628.2 sec
[TwinWall] projected 5129 node(s)
Step =   5375: nodes = 33398, dt = 7.502600e-11, strain = 7.203471e-03, elapsed = 10633.4 sec
[TwinWall] projected 5186 node(s)
Step =   5376: nodes = 33382, dt = 7.502600e-11, strain = 7.204221e-03, elapsed = 10636.9 sec
[TwinWall] projected 5234 node(s)
Step =   5377: nodes = 33384, dt = 9.003120e-11, strain = 7.205121e-03, elapsed = 10640.6 sec
[TwinWall] projected 5223 node(s)
Step =   5378: nodes = 33374, dt = 1.080374e-10, strain = 7.206202e-03, elapsed = 10644.1 sec
[TwinWall] projected 5307 node(s)
Step =   5379: nodes = 33382, dt = 1.296449e-10, strain = 7.207498e-03, elapsed = 10647.6 sec
[TwinWall] projected 5159 node(s)
Step =   5380: nodes = 33358, dt = 7.778696e-11, strain = 7.208276e-03, elapsed = 10652.8 sec
[TwinWall] projected 5177 node(s)
Step =   5381: nodes = 33354, dt = 7.778696e-11, strain = 7.209054e-03, elapsed = 10656.3 sec
[TwinWall] projected 5230 node(s)
Step =   5382: nodes = 33384, dt = 9.334435e-11, strain = 7.209987e-03, elapsed = 10659.7 sec
[TwinWall] projected 5206 node(s)
Step =   5383: nodes = 33372, dt = 1.120132e-10, strain = 7.211108e-03, elapsed = 10663.2 sec
[TwinWall] projected 5341 node(s)
Step =   5384: nodes = 33368, dt = 1.344159e-10, strain = 7.212452e-03, elapsed = 10666.7 sec
[TwinWall] projected 5130 node(s)
Step =   5385: nodes = 33350, dt = 8.064952e-11, strain = 7.213258e-03, elapsed = 10672.0 sec
[TwinWall] projected 5141 node(s)
Step =   5386: nodes = 33367, dt = 8.064952e-11, strain = 7.214065e-03, elapsed = 10675.4 sec
[TwinWall] projected 5191 node(s)
Step =   5387: nodes = 33364, dt = 9.677942e-11, strain = 7.215033e-03, elapsed = 10678.9 sec
[TwinWall] projected 5251 node(s)
Step =   5388: nodes = 33356, dt = 1.161353e-10, strain = 7.216194e-03, elapsed = 10682.4 sec
[TwinWall] projected 5069 node(s)
Step =   5389: nodes = 33360, dt = 6.968118e-11, strain = 7.216891e-03, elapsed = 10687.6 sec
[TwinWall] projected 4973 node(s)
Step =   5390: nodes = 33372, dt = 6.968118e-11, strain = 7.217587e-03, elapsed = 10691.1 sec
[TwinWall] projected 5028 node(s)
Step =   5391: nodes = 33365, dt = 8.361742e-11, strain = 7.218424e-03, elapsed = 10694.7 sec
[TwinWall] projected 5195 node(s)
Step =   5392: nodes = 33340, dt = 1.003409e-10, strain = 7.219427e-03, elapsed = 10698.2 sec
[TwinWall] projected 5186 node(s)
Step =   5393: nodes = 33321, dt = 1.204091e-10, strain = 7.220631e-03, elapsed = 10701.6 sec
[TwinWall] projected 5024 node(s)
Step =   5394: nodes = 33326, dt = 7.224545e-11, strain = 7.221354e-03, elapsed = 10706.9 sec
[TwinWall] projected 4910 node(s)
Step =   5395: nodes = 33335, dt = 7.224545e-11, strain = 7.222076e-03, elapsed = 10710.4 sec
[TwinWall] projected 4985 node(s)
Step =   5396: nodes = 33343, dt = 8.669454e-11, strain = 7.222943e-03, elapsed = 10713.9 sec
[TwinWall] projected 5179 node(s)
Step =   5397: nodes = 33343, dt = 1.040334e-10, strain = 7.223983e-03, elapsed = 10717.4 sec
[TwinWall] projected 5255 node(s)
Step =   5398: nodes = 33317, dt = 1.248401e-10, strain = 7.225232e-03, elapsed = 10720.9 sec
[TwinWall] projected 5112 node(s)
Step =   5399: nodes = 33286, dt = 7.490408e-11, strain = 7.225981e-03, elapsed = 10726.1 sec
[TwinWall] projected 5085 node(s)
Step =   5400: nodes = 33294, dt = 7.490408e-11, strain = 7.226730e-03, elapsed = 10729.6 sec
Writing configuration in legacy data format
 Output file: /data/home/dg000246b/openDIS/HomeWork/output_Cu_twin_rorient1/config.5400.data
Writing restart file
 Restart file: /data/home/dg000246b/openDIS/HomeWork/output_Cu_twin_rorient1/restart.5400.exadis
[TwinWall] projected 5165 node(s)
Step =   5401: nodes = 33271, dt = 8.988490e-11, strain = 7.227629e-03, elapsed = 10733.5 sec
[TwinWall] projected 5183 node(s)
Step =   5402: nodes = 33269, dt = 1.078619e-10, strain = 7.228707e-03, elapsed = 10736.9 sec
[TwinWall] projected 5178 node(s)
Step =   5403: nodes = 33293, dt = 1.294343e-10, strain = 7.230002e-03, elapsed = 10740.5 sec
[TwinWall] projected 5068 node(s)
Step =   5404: nodes = 33276, dt = 7.766055e-11, strain = 7.230778e-03, elapsed = 10745.6 sec
[TwinWall] projected 5028 node(s)
Step =   5405: nodes = 33302, dt = 7.766055e-11, strain = 7.231555e-03, elapsed = 10749.1 sec
[TwinWall] projected 5154 node(s)
Step =   5406: nodes = 33291, dt = 9.319266e-11, strain = 7.232487e-03, elapsed = 10752.5 sec
[TwinWall] projected 5222 node(s)
Step =   5407: nodes = 33264, dt = 1.118312e-10, strain = 7.233605e-03, elapsed = 10756.0 sec
[TwinWall] projected 5302 node(s)
Step =   5408: nodes = 33258, dt = 1.341974e-10, strain = 7.234947e-03, elapsed = 10759.7 sec
[TwinWall] projected 5263 node(s)
Step =   5409: nodes = 33258, dt = 8.051846e-11, strain = 7.235752e-03, elapsed = 10764.8 sec
[TwinWall] projected 5185 node(s)
Step =   5410: nodes = 33241, dt = 8.051846e-11, strain = 7.236557e-03, elapsed = 10768.2 sec
[TwinWall] projected 5108 node(s)
Step =   5411: nodes = 33234, dt = 9.662215e-11, strain = 7.237524e-03, elapsed = 10771.7 sec
[TwinWall] projected 5259 node(s)
Step =   5412: nodes = 33246, dt = 1.159466e-10, strain = 7.238683e-03, elapsed = 10775.2 sec
[TwinWall] projected 5278 node(s)
Step =   5413: nodes = 33224, dt = 1.391359e-10, strain = 7.240074e-03, elapsed = 10778.8 sec
[TwinWall] projected 5118 node(s)
Step =   5414: nodes = 33221, dt = 8.348154e-11, strain = 7.240909e-03, elapsed = 10784.0 sec
[TwinWall] projected 5085 node(s)
Step =   5415: nodes = 33210, dt = 8.348154e-11, strain = 7.241744e-03, elapsed = 10787.5 sec
[TwinWall] projected 5328 node(s)
Step =   5416: nodes = 33236, dt = 1.001778e-10, strain = 7.242746e-03, elapsed = 10790.9 sec
[TwinWall] projected 5271 node(s)
Step =   5417: nodes = 33219, dt = 1.202134e-10, strain = 7.243948e-03, elapsed = 10794.4 sec
[TwinWall] projected 5234 node(s)
Step =   5418: nodes = 33213, dt = 7.212805e-11, strain = 7.244669e-03, elapsed = 10799.6 sec
[TwinWall] projected 5219 node(s)
Step =   5419: nodes = 33234, dt = 7.212805e-11, strain = 7.245391e-03, elapsed = 10803.0 sec
[TwinWall] projected 5153 node(s)
Step =   5420: nodes = 33229, dt = 8.655366e-11, strain = 7.246256e-03, elapsed = 10806.4 sec
[TwinWall] projected 5216 node(s)
Step =   5421: nodes = 33216, dt = 1.038644e-10, strain = 7.247295e-03, elapsed = 10809.9 sec
[TwinWall] projected 5202 node(s)
Step =   5422: nodes = 33205, dt = 1.246373e-10, strain = 7.248541e-03, elapsed = 10813.4 sec
[TwinWall] projected 5121 node(s)
Step =   5423: nodes = 33187, dt = 7.478236e-11, strain = 7.249289e-03, elapsed = 10818.9 sec
[TwinWall] projected 5019 node(s)
Step =   5424: nodes = 33194, dt = 7.478236e-11, strain = 7.250037e-03, elapsed = 10822.3 sec
[TwinWall] projected 5198 node(s)
Step =   5425: nodes = 33191, dt = 8.973884e-11, strain = 7.250934e-03, elapsed = 10825.9 sec
[TwinWall] projected 5188 node(s)
Step =   5426: nodes = 33192, dt = 1.076866e-10, strain = 7.252011e-03, elapsed = 10829.3 sec
[TwinWall] projected 5344 node(s)
Step =   5427: nodes = 33169, dt = 1.292239e-10, strain = 7.253303e-03, elapsed = 10832.9 sec
[TwinWall] projected 5024 node(s)
Step =   5428: nodes = 33187, dt = 7.753435e-11, strain = 7.254079e-03, elapsed = 10838.1 sec
[TwinWall] projected 5080 node(s)
Step =   5429: nodes = 33188, dt = 7.753435e-11, strain = 7.254854e-03, elapsed = 10841.6 sec
[TwinWall] projected 5140 node(s)
Step =   5430: nodes = 33164, dt = 9.304122e-11, strain = 7.255784e-03, elapsed = 10845.0 sec
[TwinWall] projected 5255 node(s)
Step =   5431: nodes = 33178, dt = 1.116495e-10, strain = 7.256901e-03, elapsed = 10848.6 sec
[TwinWall] projected 5257 node(s)
Step =   5432: nodes = 33174, dt = 1.339794e-10, strain = 7.258241e-03, elapsed = 10852.1 sec
[TwinWall] projected 5144 node(s)
Step =   5433: nodes = 33191, dt = 8.038762e-11, strain = 7.259045e-03, elapsed = 10857.4 sec
[TwinWall] projected 5074 node(s)
Step =   5434: nodes = 33185, dt = 8.038762e-11, strain = 7.259848e-03, elapsed = 10860.8 sec
[TwinWall] projected 5232 node(s)
Step =   5435: nodes = 33155, dt = 9.646514e-11, strain = 7.260813e-03, elapsed = 10864.3 sec
[TwinWall] projected 5152 node(s)
Step =   5436: nodes = 33146, dt = 1.157582e-10, strain = 7.261971e-03, elapsed = 10867.8 sec
[TwinWall] projected 5078 node(s)
Step =   5437: nodes = 33155, dt = 6.945490e-11, strain = 7.262665e-03, elapsed = 10873.1 sec
[TwinWall] projected 5020 node(s)
Step =   5438: nodes = 33133, dt = 6.945490e-11, strain = 7.263360e-03, elapsed = 10876.5 sec
[TwinWall] projected 4961 node(s)
Step =   5439: nodes = 33149, dt = 8.334588e-11, strain = 7.264193e-03, elapsed = 10880.1 sec
[TwinWall] projected 5132 node(s)
Step =   5440: nodes = 33150, dt = 1.000151e-10, strain = 7.265193e-03, elapsed = 10883.6 sec
[TwinWall] projected 5161 node(s)
Step =   5441: nodes = 33162, dt = 1.200181e-10, strain = 7.266394e-03, elapsed = 10887.0 sec
[TwinWall] projected 5308 node(s)
Step =   5442: nodes = 33108, dt = 1.440217e-10, strain = 7.267834e-03, elapsed = 10890.5 sec
[TwinWall] projected 5222 node(s)
Step =   5443: nodes = 33091, dt = 8.641301e-11, strain = 7.268698e-03, elapsed = 10895.8 sec
[TwinWall] projected 5103 node(s)
Step =   5444: nodes = 33110, dt = 8.641301e-11, strain = 7.269562e-03, elapsed = 10899.2 sec
[TwinWall] projected 5270 node(s)
Step =   5445: nodes = 33089, dt = 1.036956e-10, strain = 7.270599e-03, elapsed = 10902.7 sec
[TwinWall] projected 5268 node(s)
Step =   5446: nodes = 33101, dt = 1.244347e-10, strain = 7.271843e-03, elapsed = 10906.2 sec
[TwinWall] projected 5274 node(s)
Step =   5447: nodes = 33093, dt = 7.466084e-11, strain = 7.272590e-03, elapsed = 10911.4 sec
[TwinWall] projected 5140 node(s)
Step =   5448: nodes = 33110, dt = 7.466084e-11, strain = 7.273337e-03, elapsed = 10914.7 sec
[TwinWall] projected 5203 node(s)
Step =   5449: nodes = 33097, dt = 8.959301e-11, strain = 7.274232e-03, elapsed = 10918.2 sec
[TwinWall] projected 5176 node(s)
Step =   5450: nodes = 33124, dt = 1.075116e-10, strain = 7.275308e-03, elapsed = 10921.6 sec
[TwinWall] projected 5358 node(s)
Step =   5451: nodes = 33101, dt = 1.290139e-10, strain = 7.276598e-03, elapsed = 10925.2 sec
[TwinWall] projected 5041 node(s)
Step =   5452: nodes = 33107, dt = 7.740836e-11, strain = 7.277372e-03, elapsed = 10930.3 sec
[TwinWall] projected 5105 node(s)
Step =   5453: nodes = 33127, dt = 7.740836e-11, strain = 7.278146e-03, elapsed = 10933.7 sec
[TwinWall] projected 5228 node(s)
Step =   5454: nodes = 33141, dt = 9.289003e-11, strain = 7.279075e-03, elapsed = 10937.2 sec
[TwinWall] projected 5258 node(s)
Step =   5455: nodes = 33149, dt = 1.114680e-10, strain = 7.280189e-03, elapsed = 10940.8 sec
[TwinWall] projected 5388 node(s)
Step =   5456: nodes = 33135, dt = 1.337616e-10, strain = 7.281527e-03, elapsed = 10944.3 sec
[TwinWall] projected 5167 node(s)
Step =   5457: nodes = 33152, dt = 8.025699e-11, strain = 7.282330e-03, elapsed = 10949.5 sec
[TwinWall] projected 5240 node(s)
Step =   5458: nodes = 33155, dt = 8.025699e-11, strain = 7.283132e-03, elapsed = 10952.9 sec
[TwinWall] projected 5284 node(s)
Step =   5459: nodes = 33169, dt = 9.630839e-11, strain = 7.284095e-03, elapsed = 10956.5 sec
[TwinWall] projected 5259 node(s)
Step =   5460: nodes = 33169, dt = 1.155701e-10, strain = 7.285251e-03, elapsed = 10960.0 sec
[TwinWall] projected 5127 node(s)
Step =   5461: nodes = 33181, dt = 6.934204e-11, strain = 7.285944e-03, elapsed = 10965.2 sec
[TwinWall] projected 5047 node(s)
Step =   5462: nodes = 33166, dt = 6.934204e-11, strain = 7.286638e-03, elapsed = 10968.6 sec
[TwinWall] projected 5204 node(s)
Step =   5463: nodes = 33177, dt = 8.321045e-11, strain = 7.287470e-03, elapsed = 10972.0 sec
[TwinWall] projected 5204 node(s)
Step =   5464: nodes = 33168, dt = 9.985253e-11, strain = 7.288468e-03, elapsed = 10975.5 sec
[TwinWall] projected 5295 node(s)
Step =   5465: nodes = 33134, dt = 1.198230e-10, strain = 7.289667e-03, elapsed = 10979.0 sec
[TwinWall] projected 5149 node(s)
Step =   5466: nodes = 33146, dt = 7.189382e-11, strain = 7.290386e-03, elapsed = 10984.2 sec
[TwinWall] projected 5014 node(s)
Step =   5467: nodes = 33156, dt = 7.189382e-11, strain = 7.291105e-03, elapsed = 10987.6 sec
[TwinWall] projected 5154 node(s)
Step =   5468: nodes = 33149, dt = 8.627259e-11, strain = 7.291967e-03, elapsed = 10991.1 sec
[TwinWall] projected 5247 node(s)
Step =   5469: nodes = 33150, dt = 1.035271e-10, strain = 7.293003e-03, elapsed = 10994.5 sec
[TwinWall] projected 5284 node(s)
Step =   5470: nodes = 33131, dt = 1.242325e-10, strain = 7.294245e-03, elapsed = 10998.1 sec
[TwinWall] projected 5255 node(s)
Step =   5471: nodes = 33144, dt = 7.453952e-11, strain = 7.294990e-03, elapsed = 11003.2 sec
[TwinWall] projected 5214 node(s)
Step =   5472: nodes = 33154, dt = 7.453952e-11, strain = 7.295736e-03, elapsed = 11006.6 sec
[TwinWall] projected 5200 node(s)
Step =   5473: nodes = 33168, dt = 8.944742e-11, strain = 7.296630e-03, elapsed = 11010.1 sec
[TwinWall] projected 5220 node(s)
Step =   5474: nodes = 33163, dt = 1.073369e-10, strain = 7.297704e-03, elapsed = 11013.6 sec
[TwinWall] projected 5356 node(s)
Step =   5475: nodes = 33159, dt = 1.288043e-10, strain = 7.298992e-03, elapsed = 11017.1 sec
[TwinWall] projected 5182 node(s)
Step =   5476: nodes = 33158, dt = 7.728257e-11, strain = 7.299764e-03, elapsed = 11022.3 sec
[TwinWall] projected 5158 node(s)
Step =   5477: nodes = 33182, dt = 7.728257e-11, strain = 7.300537e-03, elapsed = 11025.8 sec
[TwinWall] projected 5278 node(s)
Step =   5478: nodes = 33179, dt = 9.273909e-11, strain = 7.301465e-03, elapsed = 11029.3 sec
[TwinWall] projected 5280 node(s)
Step =   5479: nodes = 33155, dt = 1.112869e-10, strain = 7.302578e-03, elapsed = 11032.8 sec
[TwinWall] projected 5401 node(s)
Step =   5480: nodes = 33154, dt = 1.335443e-10, strain = 7.303913e-03, elapsed = 11036.3 sec
[TwinWall] projected 5265 node(s)
Step =   5481: nodes = 33158, dt = 8.012657e-11, strain = 7.304714e-03, elapsed = 11041.5 sec
[TwinWall] projected 5192 node(s)
Step =   5482: nodes = 33154, dt = 8.012657e-11, strain = 7.305515e-03, elapsed = 11045.0 sec
[TwinWall] projected 5213 node(s)
Step =   5483: nodes = 33190, dt = 9.615188e-11, strain = 7.306477e-03, elapsed = 11048.5 sec
[TwinWall] projected 5277 node(s)
Step =   5484: nodes = 33177, dt = 1.153823e-10, strain = 7.307631e-03, elapsed = 11052.0 sec
[TwinWall] projected 5362 node(s)
Step =   5485: nodes = 33177, dt = 1.384587e-10, strain = 7.309015e-03, elapsed = 11055.6 sec
[TwinWall] projected 5171 node(s)
Step =   5486: nodes = 33170, dt = 8.307523e-11, strain = 7.309846e-03, elapsed = 11061.0 sec
[TwinWall] projected 5211 node(s)
Step =   5487: nodes = 33178, dt = 8.307523e-11, strain = 7.310677e-03, elapsed = 11064.5 sec
[TwinWall] projected 5210 node(s)
Step =   5488: nodes = 33185, dt = 9.969027e-11, strain = 7.311674e-03, elapsed = 11068.0 sec
[TwinWall] projected 5444 node(s)
Step =   5489: nodes = 33161, dt = 1.196283e-10, strain = 7.312870e-03, elapsed = 11071.5 sec
[TwinWall] projected 5111 node(s)
Step =   5490: nodes = 33167, dt = 7.177700e-11, strain = 7.313588e-03, elapsed = 11076.7 sec
[TwinWall] projected 5141 node(s)
Step =   5491: nodes = 33168, dt = 7.177700e-11, strain = 7.314306e-03, elapsed = 11080.2 sec
[TwinWall] projected 5220 node(s)
Step =   5492: nodes = 33203, dt = 8.613240e-11, strain = 7.315167e-03, elapsed = 11083.6 sec
[TwinWall] projected 5321 node(s)
Step =   5493: nodes = 33219, dt = 1.033589e-10, strain = 7.316201e-03, elapsed = 11087.2 sec
[TwinWall] projected 5342 node(s)
Step =   5494: nodes = 33199, dt = 1.240307e-10, strain = 7.317441e-03, elapsed = 11090.7 sec
[TwinWall] projected 5246 node(s)
Step =   5495: nodes = 33193, dt = 7.441839e-11, strain = 7.318185e-03, elapsed = 11096.0 sec
[TwinWall] projected 5178 node(s)
Step =   5496: nodes = 33202, dt = 7.441839e-11, strain = 7.318929e-03, elapsed = 11099.5 sec
[TwinWall] projected 5300 node(s)
Step =   5497: nodes = 33227, dt = 8.930207e-11, strain = 7.319822e-03, elapsed = 11103.0 sec
[TwinWall] projected 5028 node(s)
Step =   5498: nodes = 33204, dt = 5.358124e-11, strain = 7.320358e-03, elapsed = 11108.2 sec
[TwinWall] projected 5001 node(s)
Step =   5499: nodes = 33224, dt = 5.358124e-11, strain = 7.320894e-03, elapsed = 11111.6 sec
[TwinWall] projected 5101 node(s)
Step =   5500: nodes = 33215, dt = 6.429749e-11, strain = 7.321537e-03, elapsed = 11115.0 sec
Writing configuration in legacy data format
 Output file: /data/home/dg000246b/openDIS/HomeWork/output_Cu_twin_rorient1/config.5500.data
Writing restart file
 Restart file: /data/home/dg000246b/openDIS/HomeWork/output_Cu_twin_rorient1/restart.5500.exadis
[TwinWall] projected 5194 node(s)
Step =   5501: nodes = 33225, dt = 7.715699e-11, strain = 7.322308e-03, elapsed = 11119.2 sec
[TwinWall] projected 5195 node(s)
Step =   5502: nodes = 33233, dt = 9.258838e-11, strain = 7.323234e-03, elapsed = 11122.7 sec
[TwinWall] projected 5311 node(s)
Step =   5503: nodes = 33237, dt = 1.111061e-10, strain = 7.324345e-03, elapsed = 11126.2 sec
[TwinWall] projected 5419 node(s)
Step =   5504: nodes = 33215, dt = 1.333273e-10, strain = 7.325679e-03, elapsed = 11129.8 sec
[TwinWall] projected 5204 node(s)
Step =   5505: nodes = 33235, dt = 7.999636e-11, strain = 7.326479e-03, elapsed = 11135.0 sec
[TwinWall] projected 5218 node(s)
Step =   5506: nodes = 33245, dt = 7.999636e-11, strain = 7.327279e-03, elapsed = 11138.4 sec
[TwinWall] projected 5343 node(s)
Step =   5507: nodes = 33251, dt = 9.599564e-11, strain = 7.328239e-03, elapsed = 11141.9 sec
[TwinWall] projected 5495 node(s)
Step =   5508: nodes = 33261, dt = 1.151948e-10, strain = 7.329390e-03, elapsed = 11145.5 sec
[TwinWall] projected 5578 node(s)
Step =   5509: nodes = 33231, dt = 1.382337e-10, strain = 7.330773e-03, elapsed = 11149.1 sec
[TwinWall] projected 5249 node(s)
Step =   5510: nodes = 33262, dt = 8.294023e-11, strain = 7.331602e-03, elapsed = 11154.4 sec
[TwinWall] projected 5227 node(s)
Step =   5511: nodes = 33271, dt = 8.294023e-11, strain = 7.332432e-03, elapsed = 11157.9 sec
[TwinWall] projected 5321 node(s)
Step =   5512: nodes = 33283, dt = 9.952828e-11, strain = 7.333427e-03, elapsed = 11161.4 sec
[TwinWall] projected 5329 node(s)
Step =   5513: nodes = 33279, dt = 1.194339e-10, strain = 7.334621e-03, elapsed = 11164.9 sec
[TwinWall] projected 5373 node(s)
Step =   5514: nodes = 33251, dt = 1.433207e-10, strain = 7.336054e-03, elapsed = 11168.5 sec
[TwinWall] projected 5223 node(s)
Step =   5515: nodes = 33261, dt = 8.599243e-11, strain = 7.336914e-03, elapsed = 11173.7 sec
[TwinWall] projected 5212 node(s)
Step =   5516: nodes = 33291, dt = 8.599243e-11, strain = 7.337774e-03, elapsed = 11177.3 sec
[TwinWall] projected 5311 node(s)
Step =   5517: nodes = 33283, dt = 1.031909e-10, strain = 7.338806e-03, elapsed = 11180.9 sec
[TwinWall] projected 5389 node(s)
Step =   5518: nodes = 33293, dt = 1.238291e-10, strain = 7.340044e-03, elapsed = 11184.5 sec
[TwinWall] projected 5270 node(s)
Step =   5519: nodes = 33314, dt = 7.429746e-11, strain = 7.340787e-03, elapsed = 11189.8 sec
[TwinWall] projected 5227 node(s)
Step =   5520: nodes = 33280, dt = 7.429746e-11, strain = 7.341530e-03, elapsed = 11193.2 sec
[TwinWall] projected 5278 node(s)
Step =   5521: nodes = 33304, dt = 8.915695e-11, strain = 7.342422e-03, elapsed = 11196.9 sec
[TwinWall] projected 5268 node(s)
Step =   5522: nodes = 33274, dt = 1.069883e-10, strain = 7.343492e-03, elapsed = 11200.4 sec
[TwinWall] projected 5360 node(s)
Step =   5523: nodes = 33292, dt = 1.283860e-10, strain = 7.344776e-03, elapsed = 11203.9 sec
[TwinWall] projected 5138 node(s)
Step =   5524: nodes = 33267, dt = 7.703161e-11, strain = 7.345546e-03, elapsed = 11209.2 sec
[TwinWall] projected 5211 node(s)
Step =   5525: nodes = 33261, dt = 7.703161e-11, strain = 7.346316e-03, elapsed = 11212.6 sec
[TwinWall] projected 5204 node(s)
Step =   5526: nodes = 33274, dt = 9.243793e-11, strain = 7.347241e-03, elapsed = 11216.0 sec
[TwinWall] projected 5230 node(s)
Step =   5527: nodes = 33252, dt = 1.109255e-10, strain = 7.348350e-03, elapsed = 11219.6 sec
[TwinWall] projected 5225 node(s)
Step =   5528: nodes = 33251, dt = 1.331106e-10, strain = 7.349681e-03, elapsed = 11223.1 sec
[TwinWall] projected 5130 node(s)
Step =   5529: nodes = 33248, dt = 7.986637e-11, strain = 7.350480e-03, elapsed = 11228.4 sec
[TwinWall] projected 5040 node(s)
Step =   5530: nodes = 33250, dt = 7.986637e-11, strain = 7.351278e-03, elapsed = 11231.8 sec
[TwinWall] projected 5215 node(s)
Step =   5531: nodes = 33245, dt = 9.583964e-11, strain = 7.352237e-03, elapsed = 11235.3 sec
[TwinWall] projected 5222 node(s)
Step =   5532: nodes = 33231, dt = 1.150076e-10, strain = 7.353387e-03, elapsed = 11238.7 sec
[TwinWall] projected 5352 node(s)
Step =   5533: nodes = 33229, dt = 1.380091e-10, strain = 7.354767e-03, elapsed = 11242.4 sec
[TwinWall] projected 5067 node(s)
Step =   5534: nodes = 33225, dt = 8.280545e-11, strain = 7.355595e-03, elapsed = 11247.6 sec
[TwinWall] projected 5018 node(s)
Step =   5535: nodes = 33229, dt = 8.280545e-11, strain = 7.356423e-03, elapsed = 11251.1 sec
[TwinWall] projected 5060 node(s)
Step =   5536: nodes = 33210, dt = 9.936654e-11, strain = 7.357417e-03, elapsed = 11254.6 sec
[TwinWall] projected 5207 node(s)
Step =   5537: nodes = 33209, dt = 1.192399e-10, strain = 7.358609e-03, elapsed = 11258.2 sec
[TwinWall] projected 5245 node(s)
Step =   5538: nodes = 33193, dt = 1.430878e-10, strain = 7.360040e-03, elapsed = 11261.8 sec
[TwinWall] projected 5067 node(s)
Step =   5539: nodes = 33188, dt = 8.585269e-11, strain = 7.360899e-03, elapsed = 11267.0 sec
[TwinWall] projected 5087 node(s)
Step =   5540: nodes = 33181, dt = 8.585269e-11, strain = 7.361757e-03, elapsed = 11270.5 sec
[TwinWall] projected 5079 node(s)
Step =   5541: nodes = 33192, dt = 1.030232e-10, strain = 7.362787e-03, elapsed = 11274.0 sec
[TwinWall] projected 5219 node(s)
Step =   5542: nodes = 33194, dt = 1.236279e-10, strain = 7.364024e-03, elapsed = 11277.6 sec
[TwinWall] projected 4929 node(s)
Step =   5543: nodes = 33161, dt = 7.417673e-11, strain = 7.364765e-03, elapsed = 11282.8 sec
[TwinWall] projected 4972 node(s)
Step =   5544: nodes = 33165, dt = 7.417673e-11, strain = 7.365507e-03, elapsed = 11286.2 sec
[TwinWall] projected 5080 node(s)
Step =   5545: nodes = 33177, dt = 8.901207e-11, strain = 7.366397e-03, elapsed = 11289.7 sec
[TwinWall] projected 5080 node(s)
Step =   5546: nodes = 33169, dt = 1.068145e-10, strain = 7.367465e-03, elapsed = 11293.1 sec
[TwinWall] projected 5189 node(s)
Step =   5547: nodes = 33152, dt = 1.281774e-10, strain = 7.368747e-03, elapsed = 11296.7 sec
[TwinWall] projected 4994 node(s)
Step =   5548: nodes = 33158, dt = 7.690643e-11, strain = 7.369516e-03, elapsed = 11302.0 sec
[TwinWall] projected 4970 node(s)
Step =   5549: nodes = 33147, dt = 7.690643e-11, strain = 7.370285e-03, elapsed = 11305.5 sec
[TwinWall] projected 5060 node(s)
Step =   5550: nodes = 33149, dt = 9.228772e-11, strain = 7.371208e-03, elapsed = 11308.9 sec
[TwinWall] projected 5058 node(s)
Step =   5551: nodes = 33153, dt = 1.107453e-10, strain = 7.372316e-03, elapsed = 11312.4 sec
[TwinWall] projected 5266 node(s)
Step =   5552: nodes = 33129, dt = 1.328943e-10, strain = 7.373645e-03, elapsed = 11316.0 sec
[TwinWall] projected 5019 node(s)
Step =   5553: nodes = 33118, dt = 7.973659e-11, strain = 7.374442e-03, elapsed = 11321.2 sec
[TwinWall] projected 5021 node(s)
Step =   5554: nodes = 33120, dt = 7.973659e-11, strain = 7.375239e-03, elapsed = 11324.6 sec
[TwinWall] projected 5182 node(s)
Step =   5555: nodes = 33116, dt = 9.568390e-11, strain = 7.376196e-03, elapsed = 11328.0 sec
[TwinWall] projected 5164 node(s)
Step =   5556: nodes = 33125, dt = 1.148207e-10, strain = 7.377344e-03, elapsed = 11331.5 sec
[TwinWall] projected 4951 node(s)
Step =   5557: nodes = 33114, dt = 6.889241e-11, strain = 7.378033e-03, elapsed = 11336.7 sec
[TwinWall] projected 4904 node(s)
Step =   5558: nodes = 33119, dt = 6.889241e-11, strain = 7.378722e-03, elapsed = 11340.2 sec
[TwinWall] projected 4969 node(s)
Step =   5559: nodes = 33148, dt = 8.267089e-11, strain = 7.379549e-03, elapsed = 11343.5 sec
[TwinWall] projected 5151 node(s)
Step =   5560: nodes = 33139, dt = 9.920507e-11, strain = 7.380541e-03, elapsed = 11347.0 sec
[TwinWall] projected 5260 node(s)
Step =   5561: nodes = 33126, dt = 1.190461e-10, strain = 7.381731e-03, elapsed = 11350.5 sec
[TwinWall] projected 5355 node(s)
Step =   5562: nodes = 33102, dt = 1.428553e-10, strain = 7.383160e-03, elapsed = 11354.1 sec
[TwinWall] projected 5080 node(s)
Step =   5563: nodes = 33119, dt = 8.571318e-11, strain = 7.384017e-03, elapsed = 11359.7 sec
[TwinWall] projected 5009 node(s)
Step =   5564: nodes = 33096, dt = 8.571318e-11, strain = 7.384874e-03, elapsed = 11363.1 sec
[TwinWall] projected 5033 node(s)
Step =   5565: nodes = 33099, dt = 1.028558e-10, strain = 7.385903e-03, elapsed = 11366.6 sec
[TwinWall] projected 5143 node(s)
Step =   5566: nodes = 33088, dt = 1.234270e-10, strain = 7.387137e-03, elapsed = 11370.2 sec
[TwinWall] projected 4926 node(s)
Step =   5567: nodes = 33114, dt = 7.405619e-11, strain = 7.387878e-03, elapsed = 11375.3 sec
[TwinWall] projected 4936 node(s)
Step =   5568: nodes = 33104, dt = 7.405619e-11, strain = 7.388618e-03, elapsed = 11378.8 sec
[TwinWall] projected 5063 node(s)
Step =   5569: nodes = 33095, dt = 8.886743e-11, strain = 7.389507e-03, elapsed = 11382.3 sec
[TwinWall] projected 5200 node(s)
Step =   5570: nodes = 33082, dt = 1.066409e-10, strain = 7.390573e-03, elapsed = 11385.7 sec
[TwinWall] projected 5181 node(s)
Step =   5571: nodes = 33091, dt = 1.279691e-10, strain = 7.391853e-03, elapsed = 11389.4 sec
[TwinWall] projected 5012 node(s)
Step =   5572: nodes = 33074, dt = 7.678146e-11, strain = 7.392621e-03, elapsed = 11394.6 sec
[TwinWall] projected 5051 node(s)
Step =   5573: nodes = 33088, dt = 7.678146e-11, strain = 7.393389e-03, elapsed = 11398.0 sec
[TwinWall] projected 5076 node(s)
Step =   5574: nodes = 33070, dt = 9.213775e-11, strain = 7.394310e-03, elapsed = 11401.5 sec
[TwinWall] projected 5038 node(s)
Step =   5575: nodes = 33068, dt = 1.105653e-10, strain = 7.395416e-03, elapsed = 11404.9 sec
[TwinWall] projected 5148 node(s)
Step =   5576: nodes = 33079, dt = 1.326784e-10, strain = 7.396742e-03, elapsed = 11408.5 sec
[TwinWall] projected 5020 node(s)
Step =   5577: nodes = 33078, dt = 7.960702e-11, strain = 7.397539e-03, elapsed = 11413.7 sec
[TwinWall] projected 4975 node(s)
Step =   5578: nodes = 33088, dt = 7.960702e-11, strain = 7.398335e-03, elapsed = 11417.1 sec
[TwinWall] projected 5117 node(s)
Step =   5579: nodes = 33062, dt = 9.552842e-11, strain = 7.399290e-03, elapsed = 11420.7 sec
[TwinWall] projected 5119 node(s)
Step =   5580: nodes = 33053, dt = 1.146341e-10, strain = 7.400436e-03, elapsed = 11424.2 sec
[TwinWall] projected 4987 node(s)
Step =   5581: nodes = 33049, dt = 6.878046e-11, strain = 7.401124e-03, elapsed = 11429.4 sec
[TwinWall] projected 4969 node(s)
Step =   5582: nodes = 33069, dt = 6.878046e-11, strain = 7.401812e-03, elapsed = 11432.8 sec
[TwinWall] projected 4939 node(s)
Step =   5583: nodes = 33081, dt = 8.253655e-11, strain = 7.402637e-03, elapsed = 11436.2 sec
[TwinWall] projected 5058 node(s)
Step =   5584: nodes = 33082, dt = 9.904386e-11, strain = 7.403628e-03, elapsed = 11439.8 sec
[TwinWall] projected 5066 node(s)
Step =   5585: nodes = 33078, dt = 1.188526e-10, strain = 7.404816e-03, elapsed = 11443.3 sec
[TwinWall] projected 5176 node(s)
Step =   5586: nodes = 33052, dt = 1.426232e-10, strain = 7.406242e-03, elapsed = 11446.8 sec
[TwinWall] projected 5085 node(s)
Step =   5587: nodes = 33022, dt = 8.557390e-11, strain = 7.407098e-03, elapsed = 11452.0 sec
[TwinWall] projected 4941 node(s)
Step =   5588: nodes = 33056, dt = 8.557390e-11, strain = 7.407954e-03, elapsed = 11455.5 sec
[TwinWall] projected 5134 node(s)
Step =   5589: nodes = 33059, dt = 1.026887e-10, strain = 7.408981e-03, elapsed = 11459.0 sec
[TwinWall] projected 5185 node(s)
Step =   5590: nodes = 33049, dt = 1.232264e-10, strain = 7.410213e-03, elapsed = 11462.4 sec
[TwinWall] projected 5133 node(s)
Step =   5591: nodes = 33056, dt = 7.393585e-11, strain = 7.410952e-03, elapsed = 11467.7 sec
[TwinWall] projected 5055 node(s)
Step =   5592: nodes = 33056, dt = 7.393585e-11, strain = 7.411692e-03, elapsed = 11471.0 sec
[TwinWall] projected 5081 node(s)
Step =   5593: nodes = 33060, dt = 8.872302e-11, strain = 7.412579e-03, elapsed = 11474.5 sec
[TwinWall] projected 5078 node(s)
Step =   5594: nodes = 33040, dt = 1.064676e-10, strain = 7.413644e-03, elapsed = 11477.9 sec
[TwinWall] projected 5284 node(s)
Step =   5595: nodes = 33066, dt = 1.277611e-10, strain = 7.414921e-03, elapsed = 11481.6 sec
[TwinWall] projected 4911 node(s)
Step =   5596: nodes = 33075, dt = 7.665669e-11, strain = 7.415688e-03, elapsed = 11486.8 sec
[TwinWall] projected 5002 node(s)
Step =   5597: nodes = 33083, dt = 7.665669e-11, strain = 7.416454e-03, elapsed = 11490.3 sec
[TwinWall] projected 5075 node(s)
Step =   5598: nodes = 33064, dt = 9.198802e-11, strain = 7.417374e-03, elapsed = 11493.8 sec
[TwinWall] projected 5188 node(s)
Step =   5599: nodes = 33057, dt = 1.103856e-10, strain = 7.418478e-03, elapsed = 11497.3 sec
[TwinWall] projected 5345 node(s)
Step =   5600: nodes = 33040, dt = 1.324628e-10, strain = 7.419803e-03, elapsed = 11500.8 sec
Writing configuration in legacy data format
 Output file: /data/home/dg000246b/openDIS/HomeWork/output_Cu_twin_rorient1/config.5600.data
Writing restart file
 Restart file: /data/home/dg000246b/openDIS/HomeWork/output_Cu_twin_rorient1/restart.5600.exadis
[TwinWall] projected 5175 node(s)
Step =   5601: nodes = 33050, dt = 7.947765e-11, strain = 7.420598e-03, elapsed = 11506.5 sec
[TwinWall] projected 5105 node(s)
Step =   5602: nodes = 33049, dt = 7.947765e-11, strain = 7.421392e-03, elapsed = 11509.9 sec
[TwinWall] projected 5256 node(s)
Step =   5603: nodes = 33064, dt = 9.537318e-11, strain = 7.422346e-03, elapsed = 11513.4 sec
[TwinWall] projected 5259 node(s)
Step =   5604: nodes = 33070, dt = 1.144478e-10, strain = 7.423490e-03, elapsed = 11516.9 sec
[TwinWall] projected 5164 node(s)
Step =   5605: nodes = 33087, dt = 6.866869e-11, strain = 7.424177e-03, elapsed = 11522.1 sec
[TwinWall] projected 5084 node(s)
Step =   5606: nodes = 33078, dt = 6.866869e-11, strain = 7.424864e-03, elapsed = 11525.5 sec
[TwinWall] projected 5088 node(s)
Step =   5607: nodes = 33104, dt = 8.240243e-11, strain = 7.425688e-03, elapsed = 11528.9 sec
[TwinWall] projected 5237 node(s)
Step =   5608: nodes = 33099, dt = 9.888292e-11, strain = 7.426677e-03, elapsed = 11532.4 sec
[TwinWall] projected 5235 node(s)
Step =   5609: nodes = 33085, dt = 1.186595e-10, strain = 7.427863e-03, elapsed = 11535.8 sec
[TwinWall] projected 5147 node(s)
Step =   5610: nodes = 33097, dt = 7.119570e-11, strain = 7.428575e-03, elapsed = 11541.2 sec
[TwinWall] projected 5082 node(s)
Step =   5611: nodes = 33105, dt = 7.119570e-11, strain = 7.429287e-03, elapsed = 11544.7 sec
[TwinWall] projected 5156 node(s)
Step =   5612: nodes = 33113, dt = 8.543484e-11, strain = 7.430142e-03, elapsed = 11548.1 sec
[TwinWall] projected 5236 node(s)
Step =   5613: nodes = 33075, dt = 1.025218e-10, strain = 7.431167e-03, elapsed = 11551.6 sec
[TwinWall] projected 5319 node(s)
Step =   5614: nodes = 33065, dt = 1.230262e-10, strain = 7.432397e-03, elapsed = 11555.1 sec
[TwinWall] projected 5073 node(s)
Step =   5615: nodes = 33086, dt = 7.381570e-11, strain = 7.433135e-03, elapsed = 11560.4 sec
[TwinWall] projected 5090 node(s)
Step =   5616: nodes = 33085, dt = 7.381570e-11, strain = 7.433873e-03, elapsed = 11563.8 sec
[TwinWall] projected 5169 node(s)
Step =   5617: nodes = 33093, dt = 8.857884e-11, strain = 7.434759e-03, elapsed = 11567.3 sec
[TwinWall] projected 5224 node(s)
Step =   5618: nodes = 33088, dt = 1.062946e-10, strain = 7.435822e-03, elapsed = 11570.8 sec
[TwinWall] projected 5336 node(s)
Step =   5619: nodes = 33054, dt = 1.275535e-10, strain = 7.437098e-03, elapsed = 11574.4 sec
[TwinWall] projected 5168 node(s)
Step =   5620: nodes = 33068, dt = 7.653212e-11, strain = 7.437863e-03, elapsed = 11579.6 sec
[TwinWall] projected 5169 node(s)
Step =   5621: nodes = 33067, dt = 7.653212e-11, strain = 7.438628e-03, elapsed = 11583.0 sec
[TwinWall] projected 5225 node(s)
Step =   5622: nodes = 33086, dt = 9.183854e-11, strain = 7.439547e-03, elapsed = 11586.5 sec
[TwinWall] projected 5255 node(s)
Step =   5623: nodes = 33089, dt = 1.102063e-10, strain = 7.440649e-03, elapsed = 11589.9 sec
[TwinWall] projected 5429 node(s)
Step =   5624: nodes = 33075, dt = 1.322475e-10, strain = 7.441971e-03, elapsed = 11593.5 sec
[TwinWall] projected 5249 node(s)
Step =   5625: nodes = 33074, dt = 7.934850e-11, strain = 7.442765e-03, elapsed = 11598.6 sec
[TwinWall] projected 5157 node(s)
Step =   5626: nodes = 33068, dt = 7.934850e-11, strain = 7.443558e-03, elapsed = 11602.1 sec
[TwinWall] projected 5202 node(s)
Step =   5627: nodes = 33084, dt = 9.521820e-11, strain = 7.444510e-03, elapsed = 11605.7 sec
[TwinWall] projected 5248 node(s)
Step =   5628: nodes = 33073, dt = 1.142618e-10, strain = 7.445653e-03, elapsed = 11609.2 sec
[TwinWall] projected 5306 node(s)
Step =   5629: nodes = 33072, dt = 1.371142e-10, strain = 7.447024e-03, elapsed = 11612.7 sec
[TwinWall] projected 5111 node(s)
Step =   5630: nodes = 33073, dt = 8.226853e-11, strain = 7.447847e-03, elapsed = 11617.9 sec
[TwinWall] projected 5120 node(s)
Step =   5631: nodes = 33076, dt = 8.226853e-11, strain = 7.448669e-03, elapsed = 11621.4 sec
[TwinWall] projected 5228 node(s)
Step =   5632: nodes = 33085, dt = 9.872223e-11, strain = 7.449657e-03, elapsed = 11624.8 sec
[TwinWall] projected 5342 node(s)
Step =   5633: nodes = 33090, dt = 1.184667e-10, strain = 7.450841e-03, elapsed = 11628.3 sec
[TwinWall] projected 5418 node(s)
Step =   5634: nodes = 33099, dt = 1.421600e-10, strain = 7.452263e-03, elapsed = 11631.9 sec
[TwinWall] projected 5196 node(s)
Step =   5635: nodes = 33065, dt = 8.529601e-11, strain = 7.453116e-03, elapsed = 11637.1 sec
[TwinWall] projected 5233 node(s)
Step =   5636: nodes = 33092, dt = 8.529601e-11, strain = 7.453969e-03, elapsed = 11640.6 sec
[TwinWall] projected 5301 node(s)
Step =   5637: nodes = 33071, dt = 1.023552e-10, strain = 7.454992e-03, elapsed = 11644.0 sec
[TwinWall] projected 5087 node(s)
Step =   5638: nodes = 33059, dt = 6.141313e-11, strain = 7.455607e-03, elapsed = 11649.2 sec
[TwinWall] projected 5104 node(s)
Step =   5639: nodes = 33048, dt = 6.141313e-11, strain = 7.456221e-03, elapsed = 11652.6 sec
[TwinWall] projected 5068 node(s)
Step =   5640: nodes = 33041, dt = 7.369575e-11, strain = 7.456958e-03, elapsed = 11656.0 sec
[TwinWall] projected 5188 node(s)
Step =   5641: nodes = 33059, dt = 8.843490e-11, strain = 7.457842e-03, elapsed = 11659.4 sec
[TwinWall] projected 5276 node(s)
Step =   5642: nodes = 33040, dt = 1.061219e-10, strain = 7.458903e-03, elapsed = 11662.9 sec
[TwinWall] projected 5381 node(s)
Step =   5643: nodes = 33030, dt = 1.273463e-10, strain = 7.460177e-03, elapsed = 11666.5 sec
[TwinWall] projected 5105 node(s)
Step =   5644: nodes = 33058, dt = 7.640776e-11, strain = 7.460941e-03, elapsed = 11671.6 sec
[TwinWall] projected 5082 node(s)
Step =   5645: nodes = 33067, dt = 7.640776e-11, strain = 7.461705e-03, elapsed = 11675.0 sec
[TwinWall] projected 5202 node(s)
Step =   5646: nodes = 33100, dt = 9.168931e-11, strain = 7.462622e-03, elapsed = 11678.5 sec
[TwinWall] projected 5265 node(s)
Step =   5647: nodes = 33061, dt = 1.100272e-10, strain = 7.463722e-03, elapsed = 11682.0 sec
[TwinWall] projected 5327 node(s)
Step =   5648: nodes = 33061, dt = 1.320326e-10, strain = 7.465042e-03, elapsed = 11685.6 sec
[TwinWall] projected 5159 node(s)
Step =   5649: nodes = 33045, dt = 7.921956e-11, strain = 7.465835e-03, elapsed = 11690.8 sec
[TwinWall] projected 5096 node(s)
Step =   5650: nodes = 33026, dt = 7.921956e-11, strain = 7.466627e-03, elapsed = 11694.2 sec
[TwinWall] projected 5205 node(s)
Step =   5651: nodes = 33043, dt = 9.506347e-11, strain = 7.467577e-03, elapsed = 11697.6 sec
[TwinWall] projected 5165 node(s)
Step =   5652: nodes = 33041, dt = 1.140762e-10, strain = 7.468718e-03, elapsed = 11701.1 sec
[TwinWall] projected 5267 node(s)
Step =   5653: nodes = 33048, dt = 1.368914e-10, strain = 7.470087e-03, elapsed = 11704.6 sec
[TwinWall] projected 5012 node(s)
Step =   5654: nodes = 33055, dt = 8.213484e-11, strain = 7.470908e-03, elapsed = 11709.8 sec
[TwinWall] projected 5071 node(s)
Step =   5655: nodes = 33053, dt = 8.213484e-11, strain = 7.471730e-03, elapsed = 11713.2 sec
[TwinWall] projected 5187 node(s)
Step =   5656: nodes = 33059, dt = 9.856181e-11, strain = 7.472715e-03, elapsed = 11716.6 sec
[TwinWall] projected 5256 node(s)
Step =   5657: nodes = 33057, dt = 1.182742e-10, strain = 7.473898e-03, elapsed = 11720.2 sec
[TwinWall] projected 5385 node(s)
Step =   5658: nodes = 33058, dt = 1.419290e-10, strain = 7.475317e-03, elapsed = 11723.8 sec
[TwinWall] projected 5133 node(s)
Step =   5659: nodes = 33043, dt = 8.515740e-11, strain = 7.476169e-03, elapsed = 11729.0 sec
[TwinWall] projected 5220 node(s)
Step =   5660: nodes = 33072, dt = 8.515740e-11, strain = 7.477021e-03, elapsed = 11732.5 sec
[TwinWall] projected 5233 node(s)
Step =   5661: nodes = 33073, dt = 1.021889e-10, strain = 7.478042e-03, elapsed = 11736.0 sec
[TwinWall] projected 5334 node(s)
Step =   5662: nodes = 33053, dt = 1.226267e-10, strain = 7.479269e-03, elapsed = 11739.6 sec
[TwinWall] projected 5011 node(s)
Step =   5663: nodes = 33059, dt = 7.357600e-11, strain = 7.480004e-03, elapsed = 11744.7 sec
[TwinWall] projected 5121 node(s)
Step =   5664: nodes = 33067, dt = 7.357600e-11, strain = 7.480740e-03, elapsed = 11748.2 sec
[TwinWall] projected 5143 node(s)
Step =   5665: nodes = 33070, dt = 8.829120e-11, strain = 7.481623e-03, elapsed = 11751.6 sec
[TwinWall] projected 5301 node(s)
Step =   5666: nodes = 33078, dt = 1.059494e-10, strain = 7.482683e-03, elapsed = 11755.1 sec
[TwinWall] projected 5306 node(s)
Step =   5667: nodes = 33047, dt = 1.271393e-10, strain = 7.483954e-03, elapsed = 11758.6 sec
[TwinWall] projected 5150 node(s)
Step =   5668: nodes = 33074, dt = 7.628359e-11, strain = 7.484717e-03, elapsed = 11763.8 sec
[TwinWall] projected 4989 node(s)
Step =   5669: nodes = 33082, dt = 7.628359e-11, strain = 7.485480e-03, elapsed = 11767.2 sec
[TwinWall] projected 5170 node(s)
Step =   5670: nodes = 33083, dt = 9.154031e-11, strain = 7.486395e-03, elapsed = 11770.7 sec
[TwinWall] projected 5156 node(s)
Step =   5671: nodes = 33066, dt = 1.098484e-10, strain = 7.487494e-03, elapsed = 11774.1 sec
[TwinWall] projected 5285 node(s)
Step =   5672: nodes = 33055, dt = 1.318180e-10, strain = 7.488812e-03, elapsed = 11777.7 sec
[TwinWall] projected 5025 node(s)
Step =   5673: nodes = 33068, dt = 7.909083e-11, strain = 7.489603e-03, elapsed = 11782.9 sec
[TwinWall] projected 5092 node(s)
Step =   5674: nodes = 33076, dt = 7.909083e-11, strain = 7.490394e-03, elapsed = 11786.4 sec
[TwinWall] projected 5147 node(s)
Step =   5675: nodes = 33089, dt = 9.490899e-11, strain = 7.491343e-03, elapsed = 11789.8 sec
[TwinWall] projected 5263 node(s)
Step =   5676: nodes = 33090, dt = 1.138908e-10, strain = 7.492482e-03, elapsed = 11793.3 sec
[TwinWall] projected 5343 node(s)
Step =   5677: nodes = 33069, dt = 1.366690e-10, strain = 7.493848e-03, elapsed = 11796.8 sec
[TwinWall] projected 5090 node(s)
Step =   5678: nodes = 33066, dt = 8.200137e-11, strain = 7.494668e-03, elapsed = 11802.1 sec
[TwinWall] projected 5079 node(s)
Step =   5679: nodes = 33071, dt = 8.200137e-11, strain = 7.495488e-03, elapsed = 11805.5 sec
[TwinWall] projected 5122 node(s)
Step =   5680: nodes = 33062, dt = 9.840165e-11, strain = 7.496472e-03, elapsed = 11809.0 sec
[TwinWall] projected 5236 node(s)
Step =   5681: nodes = 33060, dt = 1.180820e-10, strain = 7.497653e-03, elapsed = 11812.4 sec
[TwinWall] projected 5172 node(s)
Step =   5682: nodes = 33068, dt = 7.084918e-11, strain = 7.498362e-03, elapsed = 11817.6 sec
[TwinWall] projected 5074 node(s)
Step =   5683: nodes = 33075, dt = 7.084918e-11, strain = 7.499070e-03, elapsed = 11820.9 sec
[TwinWall] projected 5053 node(s)
Step =   5684: nodes = 33096, dt = 8.501902e-11, strain = 7.499920e-03, elapsed = 11824.3 sec
[TwinWall] projected 5223 node(s)
Step =   5685: nodes = 33093, dt = 1.020228e-10, strain = 7.500941e-03, elapsed = 11827.8 sec
[TwinWall] projected 5315 node(s)
Step =   5686: nodes = 33050, dt = 1.224274e-10, strain = 7.502165e-03, elapsed = 11831.2 sec
[TwinWall] projected 5136 node(s)
Step =   5687: nodes = 33066, dt = 7.345643e-11, strain = 7.502899e-03, elapsed = 11836.4 sec
[TwinWall] projected 5076 node(s)
Step =   5688: nodes = 33080, dt = 7.345643e-11, strain = 7.503634e-03, elapsed = 11840.1 sec
[TwinWall] projected 5251 node(s)
Step =   5689: nodes = 33055, dt = 8.814772e-11, strain = 7.504515e-03, elapsed = 11843.5 sec
[TwinWall] projected 5207 node(s)
Step =   5690: nodes = 33072, dt = 1.057773e-10, strain = 7.505573e-03, elapsed = 11847.0 sec
[TwinWall] projected 5274 node(s)
Step =   5691: nodes = 33074, dt = 1.269327e-10, strain = 7.506843e-03, elapsed = 11850.5 sec
[TwinWall] projected 5105 node(s)
Step =   5692: nodes = 33045, dt = 7.615963e-11, strain = 7.507604e-03, elapsed = 11855.6 sec
[TwinWall] projected 5017 node(s)
Step =   5693: nodes = 33056, dt = 7.615963e-11, strain = 7.508366e-03, elapsed = 11859.1 sec
[TwinWall] projected 5093 node(s)
Step =   5694: nodes = 33058, dt = 9.139156e-11, strain = 7.509280e-03, elapsed = 11862.6 sec
[TwinWall] projected 5200 node(s)
Step =   5695: nodes = 33056, dt = 1.096699e-10, strain = 7.510376e-03, elapsed = 11866.1 sec
[TwinWall] projected 5306 node(s)
Step =   5696: nodes = 33028, dt = 1.316038e-10, strain = 7.511692e-03, elapsed = 11869.6 sec
[TwinWall] projected 5164 node(s)
Step =   5697: nodes = 33045, dt = 7.896231e-11, strain = 7.512482e-03, elapsed = 11874.7 sec
[TwinWall] projected 5189 node(s)
Step =   5698: nodes = 33062, dt = 7.896231e-11, strain = 7.513272e-03, elapsed = 11878.1 sec
[TwinWall] projected 5295 node(s)
Step =   5699: nodes = 33082, dt = 9.475477e-11, strain = 7.514219e-03, elapsed = 11881.5 sec
[TwinWall] projected 5271 node(s)
Step =   5700: nodes = 33065, dt = 1.137057e-10, strain = 7.515356e-03, elapsed = 11885.0 sec
Writing configuration in legacy data format
 Output file: /data/home/dg000246b/openDIS/HomeWork/output_Cu_twin_rorient1/config.5700.data
Writing restart file
 Restart file: /data/home/dg000246b/openDIS/HomeWork/output_Cu_twin_rorient1/restart.5700.exadis
[TwinWall] projected 5170 node(s)
Step =   5701: nodes = 33078, dt = 6.822343e-11, strain = 7.516038e-03, elapsed = 11890.4 sec
[TwinWall] projected 5142 node(s)
Step =   5702: nodes = 33082, dt = 6.822343e-11, strain = 7.516721e-03, elapsed = 11893.8 sec
[TwinWall] projected 5160 node(s)
Step =   5703: nodes = 33079, dt = 8.186812e-11, strain = 7.517539e-03, elapsed = 11897.1 sec
[TwinWall] projected 5198 node(s)
Step =   5704: nodes = 33083, dt = 9.824174e-11, strain = 7.518522e-03, elapsed = 11900.8 sec
[TwinWall] projected 5298 node(s)
Step =   5705: nodes = 33076, dt = 1.178901e-10, strain = 7.519701e-03, elapsed = 11904.2 sec
[TwinWall] projected 5109 node(s)
Step =   5706: nodes = 33066, dt = 7.073405e-11, strain = 7.520408e-03, elapsed = 11909.4 sec
[TwinWall] projected 4985 node(s)
Step =   5707: nodes = 33089, dt = 7.073405e-11, strain = 7.521115e-03, elapsed = 11912.7 sec
[TwinWall] projected 5161 node(s)
Step =   5708: nodes = 33072, dt = 8.488087e-11, strain = 7.521964e-03, elapsed = 11916.2 sec
[TwinWall] projected 5204 node(s)
Step =   5709: nodes = 33079, dt = 1.018570e-10, strain = 7.522983e-03, elapsed = 11919.5 sec
[TwinWall] projected 5311 node(s)
Step =   5710: nodes = 33053, dt = 1.222284e-10, strain = 7.524205e-03, elapsed = 11923.1 sec
[TwinWall] projected 5035 node(s)
Step =   5711: nodes = 33052, dt = 7.333707e-11, strain = 7.524938e-03, elapsed = 11928.2 sec
[TwinWall] projected 5084 node(s)
Step =   5712: nodes = 33049, dt = 7.333707e-11, strain = 7.525672e-03, elapsed = 11931.6 sec
[TwinWall] projected 5128 node(s)
Step =   5713: nodes = 33048, dt = 8.800448e-11, strain = 7.526552e-03, elapsed = 11935.0 sec
[TwinWall] projected 5220 node(s)
Step =   5714: nodes = 33056, dt = 1.056054e-10, strain = 7.527608e-03, elapsed = 11938.5 sec
[TwinWall] projected 5339 node(s)
Step =   5715: nodes = 33059, dt = 1.267265e-10, strain = 7.528875e-03, elapsed = 11942.0 sec
[TwinWall] projected 5437 node(s)
Step =   5716: nodes = 33069, dt = 1.520717e-10, strain = 7.530396e-03, elapsed = 11945.6 sec
[TwinWall] projected 5220 node(s)
Step =   5717: nodes = 33062, dt = 9.124305e-11, strain = 7.531308e-03, elapsed = 11950.8 sec
[TwinWall] projected 5191 node(s)
Step =   5718: nodes = 33076, dt = 9.124305e-11, strain = 7.532221e-03, elapsed = 11954.2 sec
[TwinWall] projected 5175 node(s)
Step =   5719: nodes = 33079, dt = 1.094917e-10, strain = 7.533316e-03, elapsed = 11957.6 sec
[TwinWall] projected 5337 node(s)
Step =   5720: nodes = 33043, dt = 1.313900e-10, strain = 7.534630e-03, elapsed = 11961.4 sec
[TwinWall] projected 5036 node(s)
Step =   5721: nodes = 33048, dt = 7.883399e-11, strain = 7.535418e-03, elapsed = 11966.5 sec
[TwinWall] projected 5073 node(s)
Step =   5722: nodes = 33062, dt = 7.883399e-11, strain = 7.536206e-03, elapsed = 11969.9 sec
[TwinWall] projected 5059 node(s)
Step =   5723: nodes = 33075, dt = 9.460079e-11, strain = 7.537152e-03, elapsed = 11973.3 sec
[TwinWall] projected 5251 node(s)
Step =   5724: nodes = 33054, dt = 1.135209e-10, strain = 7.538287e-03, elapsed = 11976.8 sec
[TwinWall] projected 5376 node(s)
Step =   5725: nodes = 33048, dt = 1.362251e-10, strain = 7.539650e-03, elapsed = 11980.4 sec
[TwinWall] projected 5099 node(s)
Step =   5726: nodes = 33043, dt = 8.173508e-11, strain = 7.540467e-03, elapsed = 11985.6 sec
[TwinWall] projected 5102 node(s)
Step =   5727: nodes = 33057, dt = 8.173508e-11, strain = 7.541284e-03, elapsed = 11989.1 sec
[TwinWall] projected 5178 node(s)
Step =   5728: nodes = 33094, dt = 9.808210e-11, strain = 7.542265e-03, elapsed = 11992.5 sec
[TwinWall] projected 5263 node(s)
Step =   5729: nodes = 33092, dt = 1.176985e-10, strain = 7.543442e-03, elapsed = 11995.9 sec
[TwinWall] projected 5041 node(s)
Step =   5730: nodes = 33106, dt = 7.061911e-11, strain = 7.544148e-03, elapsed = 12001.0 sec
[TwinWall] projected 4967 node(s)
Step =   5731: nodes = 33075, dt = 7.061911e-11, strain = 7.544855e-03, elapsed = 12004.4 sec
[TwinWall] projected 5061 node(s)
Step =   5732: nodes = 33082, dt = 8.474293e-11, strain = 7.545702e-03, elapsed = 12007.9 sec
[TwinWall] projected 5211 node(s)
Step =   5733: nodes = 33090, dt = 1.016915e-10, strain = 7.546719e-03, elapsed = 12011.4 sec
[TwinWall] projected 5238 node(s)
Step =   5734: nodes = 33090, dt = 1.220298e-10, strain = 7.547939e-03, elapsed = 12014.9 sec
[TwinWall] projected 5363 node(s)
Step =   5735: nodes = 33091, dt = 1.464358e-10, strain = 7.549404e-03, elapsed = 12018.4 sec
[TwinWall] projected 5149 node(s)
Step =   5736: nodes = 33091, dt = 8.786147e-11, strain = 7.550282e-03, elapsed = 12023.8 sec
[TwinWall] projected 5163 node(s)
Step =   5737: nodes = 33069, dt = 8.786147e-11, strain = 7.551161e-03, elapsed = 12027.1 sec
[TwinWall] projected 5209 node(s)
Step =   5738: nodes = 33062, dt = 1.054338e-10, strain = 7.552215e-03, elapsed = 12030.6 sec
[TwinWall] projected 5177 node(s)
Step =   5739: nodes = 33036, dt = 1.265205e-10, strain = 7.553480e-03, elapsed = 12034.0 sec
[TwinWall] projected 5278 node(s)
Step =   5740: nodes = 32997, dt = 1.518246e-10, strain = 7.554999e-03, elapsed = 12037.4 sec
[TwinWall] projected 5108 node(s)
Step =   5741: nodes = 33002, dt = 9.109478e-11, strain = 7.555910e-03, elapsed = 12042.6 sec
[TwinWall] projected 5010 node(s)
Step =   5742: nodes = 33015, dt = 9.109478e-11, strain = 7.556820e-03, elapsed = 12046.0 sec
[TwinWall] projected 5150 node(s)
Step =   5743: nodes = 32989, dt = 1.093137e-10, strain = 7.557914e-03, elapsed = 12049.5 sec
[TwinWall] projected 5216 node(s)
Step =   5744: nodes = 32990, dt = 1.311765e-10, strain = 7.559225e-03, elapsed = 12053.0 sec
[TwinWall] projected 5301 node(s)
Step =   5745: nodes = 33011, dt = 1.574118e-10, strain = 7.560799e-03, elapsed = 12056.5 sec
[TwinWall] projected 5150 node(s)
Step =   5746: nodes = 32986, dt = 9.444706e-11, strain = 7.561744e-03, elapsed = 12061.6 sec
[TwinWall] projected 5090 node(s)
Step =   5747: nodes = 33012, dt = 9.444706e-11, strain = 7.562688e-03, elapsed = 12065.0 sec
[TwinWall] projected 5131 node(s)
Step =   5748: nodes = 32996, dt = 1.133365e-10, strain = 7.563822e-03, elapsed = 12068.5 sec
[TwinWall] projected 5122 node(s)
Step =   5749: nodes = 32968, dt = 1.360038e-10, strain = 7.565182e-03, elapsed = 12071.9 sec
[TwinWall] projected 5076 node(s)
Step =   5750: nodes = 32980, dt = 8.160226e-11, strain = 7.565998e-03, elapsed = 12077.0 sec
[TwinWall] projected 4957 node(s)
Step =   5751: nodes = 32982, dt = 8.160226e-11, strain = 7.566814e-03, elapsed = 12080.5 sec
[TwinWall] projected 5126 node(s)
Step =   5752: nodes = 32994, dt = 9.792272e-11, strain = 7.567793e-03, elapsed = 12083.9 sec
[TwinWall] projected 5127 node(s)
Step =   5753: nodes = 32997, dt = 1.175073e-10, strain = 7.568968e-03, elapsed = 12087.3 sec
[TwinWall] projected 5055 node(s)
Step =   5754: nodes = 33002, dt = 7.050436e-11, strain = 7.569673e-03, elapsed = 12092.4 sec
[TwinWall] projected 4953 node(s)
Step =   5755: nodes = 32988, dt = 7.050436e-11, strain = 7.570378e-03, elapsed = 12095.8 sec
[TwinWall] projected 4949 node(s)
Step =   5756: nodes = 32999, dt = 8.460523e-11, strain = 7.571224e-03, elapsed = 12099.0 sec
[TwinWall] projected 5080 node(s)
Step =   5757: nodes = 33014, dt = 1.015263e-10, strain = 7.572240e-03, elapsed = 12102.5 sec
[TwinWall] projected 5103 node(s)
Step =   5758: nodes = 33002, dt = 1.218315e-10, strain = 7.573458e-03, elapsed = 12105.9 sec
[TwinWall] projected 5155 node(s)
Step =   5759: nodes = 32997, dt = 1.461978e-10, strain = 7.574920e-03, elapsed = 12109.4 sec
[TwinWall] projected 4975 node(s)
Step =   5760: nodes = 32998, dt = 8.771870e-11, strain = 7.575797e-03, elapsed = 12114.4 sec
[TwinWall] projected 4885 node(s)
Step =   5761: nodes = 32988, dt = 8.771870e-11, strain = 7.576674e-03, elapsed = 12117.8 sec
[TwinWall] projected 5076 node(s)
Step =   5762: nodes = 32978, dt = 1.052624e-10, strain = 7.577727e-03, elapsed = 12121.3 sec
[TwinWall] projected 5096 node(s)
Step =   5763: nodes = 32961, dt = 1.263149e-10, strain = 7.578990e-03, elapsed = 12124.7 sec
[TwinWall] projected 5134 node(s)
Step =   5764: nodes = 32970, dt = 7.578896e-11, strain = 7.579748e-03, elapsed = 12129.8 sec
[TwinWall] projected 5002 node(s)
Step =   5765: nodes = 32949, dt = 7.578896e-11, strain = 7.580506e-03, elapsed = 12133.2 sec
[TwinWall] projected 5019 node(s)
Step =   5766: nodes = 32948, dt = 9.094675e-11, strain = 7.581415e-03, elapsed = 12136.5 sec
[TwinWall] projected 5033 node(s)
Step =   5767: nodes = 32942, dt = 1.091361e-10, strain = 7.582507e-03, elapsed = 12140.2 sec
[TwinWall] projected 5191 node(s)
Step =   5768: nodes = 32958, dt = 1.309633e-10, strain = 7.583816e-03, elapsed = 12143.7 sec
[TwinWall] projected 4893 node(s)
Step =   5769: nodes = 32961, dt = 7.857799e-11, strain = 7.584602e-03, elapsed = 12148.7 sec
[TwinWall] projected 4909 node(s)
Step =   5770: nodes = 32967, dt = 7.857799e-11, strain = 7.585388e-03, elapsed = 12152.1 sec
[TwinWall] projected 5031 node(s)
Step =   5771: nodes = 32969, dt = 9.429359e-11, strain = 7.586331e-03, elapsed = 12155.5 sec
[TwinWall] projected 5161 node(s)
Step =   5772: nodes = 32985, dt = 1.131523e-10, strain = 7.587462e-03, elapsed = 12159.0 sec
[TwinWall] projected 5335 node(s)
Step =   5773: nodes = 32981, dt = 1.357828e-10, strain = 7.588820e-03, elapsed = 12162.6 sec
[TwinWall] projected 5094 node(s)
Step =   5774: nodes = 32988, dt = 8.146966e-11, strain = 7.589635e-03, elapsed = 12167.7 sec
[TwinWall] projected 5033 node(s)
Step =   5775: nodes = 32991, dt = 8.146966e-11, strain = 7.590450e-03, elapsed = 12171.1 sec
[TwinWall] projected 5173 node(s)
Step =   5776: nodes = 32997, dt = 9.776359e-11, strain = 7.591427e-03, elapsed = 12174.6 sec
[TwinWall] projected 5156 node(s)
Step =   5777: nodes = 32993, dt = 1.173163e-10, strain = 7.592600e-03, elapsed = 12178.0 sec
[TwinWall] projected 5105 node(s)
Step =   5778: nodes = 32990, dt = 7.038979e-11, strain = 7.593304e-03, elapsed = 12183.1 sec
[TwinWall] projected 4954 node(s)
Step =   5779: nodes = 33015, dt = 7.038979e-11, strain = 7.594008e-03, elapsed = 12186.4 sec
[TwinWall] projected 4971 node(s)
Step =   5780: nodes = 33018, dt = 8.446774e-11, strain = 7.594853e-03, elapsed = 12189.8 sec
[TwinWall] projected 5174 node(s)
Step =   5781: nodes = 33052, dt = 1.013613e-10, strain = 7.595866e-03, elapsed = 12193.2 sec
[TwinWall] projected 5136 node(s)
Step =   5782: nodes = 33028, dt = 1.216335e-10, strain = 7.597083e-03, elapsed = 12196.6 sec
[TwinWall] projected 5313 node(s)
Step =   5783: nodes = 33033, dt = 1.459603e-10, strain = 7.598542e-03, elapsed = 12200.4 sec
[TwinWall] projected 5025 node(s)
Step =   5784: nodes = 33012, dt = 8.757616e-11, strain = 7.599418e-03, elapsed = 12205.5 sec
[TwinWall] projected 5013 node(s)
Step =   5785: nodes = 33047, dt = 8.757616e-11, strain = 7.600294e-03, elapsed = 12209.0 sec
[TwinWall] projected 5100 node(s)
Step =   5786: nodes = 33039, dt = 1.050914e-10, strain = 7.601345e-03, elapsed = 12212.4 sec
[TwinWall] projected 5225 node(s)
Step =   5787: nodes = 33033, dt = 1.261097e-10, strain = 7.602606e-03, elapsed = 12215.8 sec
[TwinWall] projected 5391 node(s)
Step =   5788: nodes = 33053, dt = 1.513316e-10, strain = 7.604119e-03, elapsed = 12219.4 sec
[TwinWall] projected 5154 node(s)
Step =   5789: nodes = 33033, dt = 9.079896e-11, strain = 7.605027e-03, elapsed = 12224.5 sec
[TwinWall] projected 5134 node(s)
Step =   5790: nodes = 33060, dt = 9.079896e-11, strain = 7.605935e-03, elapsed = 12227.9 sec
[TwinWall] projected 5235 node(s)
Step =   5791: nodes = 33070, dt = 1.089588e-10, strain = 7.607025e-03, elapsed = 12231.4 sec
[TwinWall] projected 5237 node(s)
Step =   5792: nodes = 33070, dt = 1.307505e-10, strain = 7.608332e-03, elapsed = 12234.9 sec
[TwinWall] projected 5138 node(s)
Step =   5793: nodes = 33066, dt = 7.845030e-11, strain = 7.609117e-03, elapsed = 12240.1 sec
[TwinWall] projected 5011 node(s)
Step =   5794: nodes = 33054, dt = 7.845030e-11, strain = 7.609901e-03, elapsed = 12243.5 sec
[TwinWall] projected 5135 node(s)
Step =   5795: nodes = 33089, dt = 9.414036e-11, strain = 7.610843e-03, elapsed = 12246.9 sec
[TwinWall] projected 5052 node(s)
Step =   5796: nodes = 33104, dt = 1.129684e-10, strain = 7.611972e-03, elapsed = 12250.3 sec
[TwinWall] projected 5278 node(s)
Step =   5797: nodes = 33082, dt = 1.355621e-10, strain = 7.613328e-03, elapsed = 12253.8 sec
[TwinWall] projected 4947 node(s)
Step =   5798: nodes = 33067, dt = 8.133727e-11, strain = 7.614141e-03, elapsed = 12258.9 sec
[TwinWall] projected 5033 node(s)
Step =   5799: nodes = 33068, dt = 8.133727e-11, strain = 7.614955e-03, elapsed = 12262.6 sec
[TwinWall] projected 5105 node(s)
Step =   5800: nodes = 33064, dt = 9.760473e-11, strain = 7.615931e-03, elapsed = 12266.0 sec
Writing configuration in legacy data format
 Output file: /data/home/dg000246b/openDIS/HomeWork/output_Cu_twin_rorient1/config.5800.data
Writing restart file
 Restart file: /data/home/dg000246b/openDIS/HomeWork/output_Cu_twin_rorient1/restart.5800.exadis
[TwinWall] projected 5249 node(s)
Step =   5801: nodes = 33059, dt = 1.171257e-10, strain = 7.617102e-03, elapsed = 12269.9 sec
[TwinWall] projected 4950 node(s)
Step =   5802: nodes = 33078, dt = 7.027540e-11, strain = 7.617805e-03, elapsed = 12275.0 sec
[TwinWall] projected 4954 node(s)
Step =   5803: nodes = 33084, dt = 7.027540e-11, strain = 7.618508e-03, elapsed = 12278.3 sec
[TwinWall] projected 5122 node(s)
Step =   5804: nodes = 33096, dt = 8.433048e-11, strain = 7.619351e-03, elapsed = 12281.8 sec
[TwinWall] projected 5110 node(s)
Step =   5805: nodes = 33110, dt = 1.011966e-10, strain = 7.620363e-03, elapsed = 12285.2 sec
[TwinWall] projected 5229 node(s)
Step =   5806: nodes = 33093, dt = 1.214359e-10, strain = 7.621577e-03, elapsed = 12288.7 sec
[TwinWall] projected 5057 node(s)
Step =   5807: nodes = 33090, dt = 7.286154e-11, strain = 7.622306e-03, elapsed = 12293.9 sec
[TwinWall] projected 5005 node(s)
Step =   5808: nodes = 33101, dt = 7.286154e-11, strain = 7.623034e-03, elapsed = 12297.3 sec
[TwinWall] projected 5064 node(s)
Step =   5809: nodes = 33098, dt = 8.743384e-11, strain = 7.623909e-03, elapsed = 12300.7 sec
[TwinWall] projected 5192 node(s)
Step =   5810: nodes = 33089, dt = 1.049206e-10, strain = 7.624958e-03, elapsed = 12304.2 sec
[TwinWall] projected 5269 node(s)
Step =   5811: nodes = 33103, dt = 1.259047e-10, strain = 7.626217e-03, elapsed = 12307.6 sec
[TwinWall] projected 5030 node(s)
Step =   5812: nodes = 33088, dt = 7.554284e-11, strain = 7.626972e-03, elapsed = 12312.8 sec
[TwinWall] projected 5038 node(s)
Step =   5813: nodes = 33082, dt = 7.554284e-11, strain = 7.627728e-03, elapsed = 12316.2 sec
[TwinWall] projected 5206 node(s)
Step =   5814: nodes = 33089, dt = 9.065141e-11, strain = 7.628634e-03, elapsed = 12319.6 sec
[TwinWall] projected 5207 node(s)
Step =   5815: nodes = 33081, dt = 1.087817e-10, strain = 7.629722e-03, elapsed = 12323.0 sec
[TwinWall] projected 5317 node(s)
Step =   5816: nodes = 33075, dt = 1.305380e-10, strain = 7.631028e-03, elapsed = 12326.5 sec
[TwinWall] projected 5096 node(s)
Step =   5817: nodes = 33075, dt = 7.832282e-11, strain = 7.631811e-03, elapsed = 12331.6 sec
[TwinWall] projected 5058 node(s)
Step =   5818: nodes = 33082, dt = 7.832282e-11, strain = 7.632594e-03, elapsed = 12335.1 sec
[TwinWall] projected 5110 node(s)
Step =   5819: nodes = 33087, dt = 9.398738e-11, strain = 7.633534e-03, elapsed = 12338.5 sec
[TwinWall] projected 5189 node(s)
Step =   5820: nodes = 33068, dt = 1.127849e-10, strain = 7.634662e-03, elapsed = 12342.0 sec
[TwinWall] projected 5217 node(s)
Step =   5821: nodes = 33062, dt = 1.353418e-10, strain = 7.636015e-03, elapsed = 12345.5 sec
[TwinWall] projected 5167 node(s)
Step =   5822: nodes = 33072, dt = 8.120510e-11, strain = 7.636827e-03, elapsed = 12350.7 sec
[TwinWall] projected 5090 node(s)
Step =   5823: nodes = 33079, dt = 8.120510e-11, strain = 7.637639e-03, elapsed = 12354.0 sec
[TwinWall] projected 5247 node(s)
Step =   5824: nodes = 33073, dt = 9.744612e-11, strain = 7.638614e-03, elapsed = 12357.4 sec
[TwinWall] projected 5252 node(s)
Step =   5825: nodes = 33072, dt = 1.169353e-10, strain = 7.639783e-03, elapsed = 12360.8 sec
[TwinWall] projected 5323 node(s)
Step =   5826: nodes = 33060, dt = 1.403224e-10, strain = 7.641186e-03, elapsed = 12364.3 sec
[TwinWall] projected 5056 node(s)
Step =   5827: nodes = 33072, dt = 8.419345e-11, strain = 7.642028e-03, elapsed = 12369.4 sec
[TwinWall] projected 5140 node(s)
Step =   5828: nodes = 33069, dt = 8.419345e-11, strain = 7.642870e-03, elapsed = 12372.9 sec
[TwinWall] projected 5122 node(s)
Step =   5829: nodes = 33074, dt = 1.010321e-10, strain = 7.643880e-03, elapsed = 12376.2 sec
[TwinWall] projected 5194 node(s)
Step =   5830: nodes = 33063, dt = 1.212386e-10, strain = 7.645093e-03, elapsed = 12379.7 sec
[TwinWall] projected 5292 node(s)
Step =   5831: nodes = 33072, dt = 1.454863e-10, strain = 7.646548e-03, elapsed = 12383.2 sec
[TwinWall] projected 5078 node(s)
Step =   5832: nodes = 33087, dt = 8.729176e-11, strain = 7.647421e-03, elapsed = 12388.4 sec
[TwinWall] projected 5179 node(s)
Step =   5833: nodes = 33088, dt = 8.729176e-11, strain = 7.648294e-03, elapsed = 12391.7 sec
[TwinWall] projected 5234 node(s)
Step =   5834: nodes = 33092, dt = 1.047501e-10, strain = 7.649341e-03, elapsed = 12395.2 sec
[TwinWall] projected 5266 node(s)
Step =   5835: nodes = 33069, dt = 1.257001e-10, strain = 7.650598e-03, elapsed = 12398.6 sec
[TwinWall] projected 5370 node(s)
Step =   5836: nodes = 33088, dt = 1.508402e-10, strain = 7.652106e-03, elapsed = 12402.1 sec
[TwinWall] projected 5197 node(s)
Step =   5837: nodes = 33096, dt = 9.050410e-11, strain = 7.653011e-03, elapsed = 12407.3 sec
[TwinWall] projected 5107 node(s)
Step =   5838: nodes = 33101, dt = 9.050410e-11, strain = 7.653917e-03, elapsed = 12410.8 sec
[TwinWall] projected 5191 node(s)
Step =   5839: nodes = 33059, dt = 1.086049e-10, strain = 7.655003e-03, elapsed = 12414.3 sec
[TwinWall] projected 5138 node(s)
Step =   5840: nodes = 33072, dt = 1.303259e-10, strain = 7.656306e-03, elapsed = 12417.7 sec
[TwinWall] projected 5045 node(s)
Step =   5841: nodes = 33063, dt = 7.819554e-11, strain = 7.657088e-03, elapsed = 12422.9 sec
[TwinWall] projected 4955 node(s)
Step =   5842: nodes = 33065, dt = 7.819554e-11, strain = 7.657870e-03, elapsed = 12426.3 sec
[TwinWall] projected 4989 node(s)
Step =   5843: nodes = 33057, dt = 9.383465e-11, strain = 7.658808e-03, elapsed = 12429.7 sec
[TwinWall] projected 4991 node(s)
Step =   5844: nodes = 33043, dt = 1.126016e-10, strain = 7.659934e-03, elapsed = 12433.1 sec
[TwinWall] projected 5149 node(s)
Step =   5845: nodes = 33064, dt = 1.351219e-10, strain = 7.661285e-03, elapsed = 12436.6 sec
[TwinWall] projected 4947 node(s)
Step =   5846: nodes = 33055, dt = 8.107314e-11, strain = 7.662096e-03, elapsed = 12441.9 sec
[TwinWall] projected 5104 node(s)
Step =   5847: nodes = 33062, dt = 8.107314e-11, strain = 7.662907e-03, elapsed = 12445.3 sec
[TwinWall] projected 5161 node(s)
Step =   5848: nodes = 33080, dt = 9.728777e-11, strain = 7.663880e-03, elapsed = 12448.6 sec
[TwinWall] projected 5193 node(s)
Step =   5849: nodes = 33068, dt = 1.167453e-10, strain = 7.665047e-03, elapsed = 12452.1 sec
[TwinWall] projected 5297 node(s)
Step =   5850: nodes = 33038, dt = 1.400944e-10, strain = 7.666448e-03, elapsed = 12455.6 sec
[TwinWall] projected 5007 node(s)
Step =   5851: nodes = 33048, dt = 8.405663e-11, strain = 7.667289e-03, elapsed = 12460.7 sec
[TwinWall] projected 5064 node(s)
Step =   5852: nodes = 33049, dt = 8.405663e-11, strain = 7.668129e-03, elapsed = 12464.2 sec
[TwinWall] projected 5071 node(s)
Step =   5853: nodes = 33059, dt = 1.008680e-10, strain = 7.669138e-03, elapsed = 12467.5 sec
[TwinWall] projected 5115 node(s)
Step =   5854: nodes = 33051, dt = 1.210415e-10, strain = 7.670348e-03, elapsed = 12471.0 sec
[TwinWall] projected 5214 node(s)
Step =   5855: nodes = 33021, dt = 1.452499e-10, strain = 7.671801e-03, elapsed = 12474.5 sec
[TwinWall] projected 5029 node(s)
Step =   5856: nodes = 33038, dt = 8.714992e-11, strain = 7.672672e-03, elapsed = 12479.7 sec
[TwinWall] projected 5157 node(s)
Step =   5857: nodes = 33052, dt = 8.714992e-11, strain = 7.673544e-03, elapsed = 12483.0 sec
[TwinWall] projected 5205 node(s)
Step =   5858: nodes = 33048, dt = 1.045799e-10, strain = 7.674590e-03, elapsed = 12486.5 sec
[TwinWall] projected 5208 node(s)
Step =   5859: nodes = 33064, dt = 1.254959e-10, strain = 7.675845e-03, elapsed = 12489.8 sec
[TwinWall] projected 5176 node(s)
Step =   5860: nodes = 33072, dt = 7.529753e-11, strain = 7.676598e-03, elapsed = 12494.9 sec
[TwinWall] projected 5070 node(s)
Step =   5861: nodes = 33069, dt = 7.529753e-11, strain = 7.677351e-03, elapsed = 12498.3 sec
[TwinWall] projected 5142 node(s)
Step =   5862: nodes = 33090, dt = 9.035703e-11, strain = 7.678254e-03, elapsed = 12501.8 sec
[TwinWall] projected 5084 node(s)
Step =   5863: nodes = 33066, dt = 1.084284e-10, strain = 7.679338e-03, elapsed = 12505.2 sec
[TwinWall] projected 5223 node(s)
Step =   5864: nodes = 33074, dt = 1.301141e-10, strain = 7.680640e-03, elapsed = 12508.7 sec
[TwinWall] projected 4870 node(s)
Step =   5865: nodes = 33055, dt = 7.806848e-11, strain = 7.681420e-03, elapsed = 12513.8 sec
[TwinWall] projected 4942 node(s)
Step =   5866: nodes = 33058, dt = 7.806848e-11, strain = 7.682201e-03, elapsed = 12517.2 sec
[TwinWall] projected 5007 node(s)
Step =   5867: nodes = 33037, dt = 9.368217e-11, strain = 7.683138e-03, elapsed = 12520.6 sec
[TwinWall] projected 5067 node(s)
Step =   5868: nodes = 33051, dt = 1.124186e-10, strain = 7.684262e-03, elapsed = 12524.1 sec
[TwinWall] projected 5217 node(s)
Step =   5869: nodes = 33032, dt = 1.349023e-10, strain = 7.685611e-03, elapsed = 12527.6 sec
[TwinWall] projected 5020 node(s)
Step =   5870: nodes = 33020, dt = 8.094140e-11, strain = 7.686420e-03, elapsed = 12532.8 sec
[TwinWall] projected 4854 node(s)
Step =   5871: nodes = 33023, dt = 8.094140e-11, strain = 7.687230e-03, elapsed = 12536.1 sec
[TwinWall] projected 5047 node(s)
Step =   5872: nodes = 33014, dt = 9.712967e-11, strain = 7.688201e-03, elapsed = 12539.5 sec
[TwinWall] projected 4960 node(s)
Step =   5873: nodes = 33005, dt = 1.165556e-10, strain = 7.689367e-03, elapsed = 12542.9 sec
[TwinWall] projected 4870 node(s)
Step =   5874: nodes = 33005, dt = 6.993337e-11, strain = 7.690066e-03, elapsed = 12548.1 sec
[TwinWall] projected 4795 node(s)
Step =   5875: nodes = 33002, dt = 6.993337e-11, strain = 7.690765e-03, elapsed = 12551.4 sec
[TwinWall] projected 4753 node(s)
Step =   5876: nodes = 33007, dt = 8.392004e-11, strain = 7.691604e-03, elapsed = 12554.7 sec
[TwinWall] projected 4927 node(s)
Step =   5877: nodes = 33009, dt = 1.007040e-10, strain = 7.692611e-03, elapsed = 12558.2 sec
[TwinWall] projected 4916 node(s)
Step =   5878: nodes = 32990, dt = 1.208449e-10, strain = 7.693820e-03, elapsed = 12561.8 sec
[TwinWall] projected 4852 node(s)
Step =   5879: nodes = 32980, dt = 7.250691e-11, strain = 7.694545e-03, elapsed = 12566.9 sec
[TwinWall] projected 4783 node(s)
Step =   5880: nodes = 32995, dt = 7.250691e-11, strain = 7.695270e-03, elapsed = 12570.3 sec
[TwinWall] projected 4897 node(s)
Step =   5881: nodes = 32992, dt = 8.700830e-11, strain = 7.696140e-03, elapsed = 12573.6 sec
[TwinWall] projected 4965 node(s)
Step =   5882: nodes = 32978, dt = 1.044100e-10, strain = 7.697184e-03, elapsed = 12577.0 sec
[TwinWall] projected 5114 node(s)
Step =   5883: nodes = 32983, dt = 1.252919e-10, strain = 7.698437e-03, elapsed = 12580.5 sec
[TwinWall] projected 4804 node(s)
Step =   5884: nodes = 32983, dt = 7.517517e-11, strain = 7.699189e-03, elapsed = 12585.6 sec
[TwinWall] projected 4889 node(s)
Step =   5885: nodes = 32991, dt = 7.517517e-11, strain = 7.699941e-03, elapsed = 12589.0 sec
[TwinWall] projected 4939 node(s)
Step =   5886: nodes = 32990, dt = 9.021020e-11, strain = 7.700843e-03, elapsed = 12592.4 sec
[TwinWall] projected 5043 node(s)
Step =   5887: nodes = 32960, dt = 1.082522e-10, strain = 7.701925e-03, elapsed = 12595.8 sec
[TwinWall] projected 5023 node(s)
Step =   5888: nodes = 32963, dt = 1.299027e-10, strain = 7.703224e-03, elapsed = 12599.2 sec
[TwinWall] projected 4941 node(s)
Step =   5889: nodes = 32958, dt = 7.794161e-11, strain = 7.704004e-03, elapsed = 12604.4 sec
[TwinWall] projected 4859 node(s)
Step =   5890: nodes = 32966, dt = 7.794161e-11, strain = 7.704783e-03, elapsed = 12607.8 sec
[TwinWall] projected 5023 node(s)
Step =   5891: nodes = 32976, dt = 9.352994e-11, strain = 7.705718e-03, elapsed = 12611.2 sec
[TwinWall] projected 4972 node(s)
Step =   5892: nodes = 32964, dt = 1.122359e-10, strain = 7.706841e-03, elapsed = 12614.6 sec
[TwinWall] projected 4943 node(s)
Step =   5893: nodes = 32955, dt = 6.734155e-11, strain = 7.707514e-03, elapsed = 12619.7 sec
[TwinWall] projected 4750 node(s)
Step =   5894: nodes = 32938, dt = 6.734155e-11, strain = 7.708188e-03, elapsed = 12623.0 sec
[TwinWall] projected 4786 node(s)
Step =   5895: nodes = 32923, dt = 8.080987e-11, strain = 7.708996e-03, elapsed = 12626.3 sec
[TwinWall] projected 4931 node(s)
Step =   5896: nodes = 32910, dt = 9.697184e-11, strain = 7.709965e-03, elapsed = 12629.7 sec
[TwinWall] projected 4917 node(s)
Step =   5897: nodes = 32906, dt = 1.163662e-10, strain = 7.711129e-03, elapsed = 12633.1 sec
[TwinWall] projected 5029 node(s)
Step =   5898: nodes = 32884, dt = 1.396394e-10, strain = 7.712526e-03, elapsed = 12636.5 sec
[TwinWall] projected 4942 node(s)
Step =   5899: nodes = 32870, dt = 8.378367e-11, strain = 7.713363e-03, elapsed = 12641.7 sec
[TwinWall] projected 4982 node(s)
Step =   5900: nodes = 32876, dt = 8.378367e-11, strain = 7.714201e-03, elapsed = 12645.1 sec
Writing configuration in legacy data format
 Output file: /data/home/dg000246b/openDIS/HomeWork/output_Cu_twin_rorient1/config.5900.data
Writing restart file
 Restart file: /data/home/dg000246b/openDIS/HomeWork/output_Cu_twin_rorient1/restart.5900.exadis
[TwinWall] projected 4915 node(s)
Step =   5901: nodes = 32873, dt = 1.005404e-10, strain = 7.715207e-03, elapsed = 12648.9 sec
[TwinWall] projected 5007 node(s)
Step =   5902: nodes = 32864, dt = 1.206485e-10, strain = 7.716413e-03, elapsed = 12652.4 sec
[TwinWall] projected 4900 node(s)
Step =   5903: nodes = 32834, dt = 7.238909e-11, strain = 7.717137e-03, elapsed = 12657.5 sec
[TwinWall] projected 4863 node(s)
Step =   5904: nodes = 32841, dt = 7.238909e-11, strain = 7.717861e-03, elapsed = 12660.8 sec
[TwinWall] projected 4812 node(s)
Step =   5905: nodes = 32855, dt = 8.686691e-11, strain = 7.718730e-03, elapsed = 12664.2 sec
[TwinWall] projected 4906 node(s)
Step =   5906: nodes = 32852, dt = 1.042403e-10, strain = 7.719772e-03, elapsed = 12667.6 sec
[TwinWall] projected 4826 node(s)
Step =   5907: nodes = 32831, dt = 6.254417e-11, strain = 7.720397e-03, elapsed = 12672.6 sec
[TwinWall] projected 4769 node(s)
Step =   5908: nodes = 32828, dt = 6.254417e-11, strain = 7.721023e-03, elapsed = 12675.9 sec
[TwinWall] projected 4833 node(s)
Step =   5909: nodes = 32829, dt = 7.505301e-11, strain = 7.721773e-03, elapsed = 12679.3 sec
[TwinWall] projected 4866 node(s)
Step =   5910: nodes = 32850, dt = 9.006361e-11, strain = 7.722674e-03, elapsed = 12682.9 sec
[TwinWall] projected 4854 node(s)
Step =   5911: nodes = 32846, dt = 1.080763e-10, strain = 7.723755e-03, elapsed = 12686.3 sec
[TwinWall] projected 4955 node(s)
Step =   5912: nodes = 32841, dt = 1.296916e-10, strain = 7.725052e-03, elapsed = 12689.8 sec
[TwinWall] projected 4868 node(s)
Step =   5913: nodes = 32853, dt = 7.781496e-11, strain = 7.725830e-03, elapsed = 12695.0 sec
[TwinWall] projected 4700 node(s)
Step =   5914: nodes = 32865, dt = 7.781496e-11, strain = 7.726608e-03, elapsed = 12698.3 sec
[TwinWall] projected 4918 node(s)
Step =   5915: nodes = 32861, dt = 9.337795e-11, strain = 7.727542e-03, elapsed = 12701.7 sec
[TwinWall] projected 4935 node(s)
Step =   5916: nodes = 32841, dt = 1.120535e-10, strain = 7.728662e-03, elapsed = 12705.1 sec
[TwinWall] projected 5039 node(s)
Step =   5917: nodes = 32826, dt = 1.344642e-10, strain = 7.730007e-03, elapsed = 12708.5 sec
[TwinWall] projected 4897 node(s)
Step =   5918: nodes = 32809, dt = 8.067855e-11, strain = 7.730814e-03, elapsed = 12713.5 sec
[TwinWall] projected 5016 node(s)
Step =   5919: nodes = 32821, dt = 8.067855e-11, strain = 7.731621e-03, elapsed = 12716.8 sec
[TwinWall] projected 5019 node(s)
Step =   5920: nodes = 32817, dt = 9.681426e-11, strain = 7.732589e-03, elapsed = 12720.1 sec
[TwinWall] projected 5031 node(s)
Step =   5921: nodes = 32810, dt = 1.161771e-10, strain = 7.733750e-03, elapsed = 12723.5 sec
[TwinWall] projected 5093 node(s)
Step =   5922: nodes = 32786, dt = 1.394125e-10, strain = 7.735145e-03, elapsed = 12726.9 sec
[TwinWall] projected 5034 node(s)
Step =   5923: nodes = 32796, dt = 8.364752e-11, strain = 7.735981e-03, elapsed = 12731.9 sec
[TwinWall] projected 4930 node(s)
Step =   5924: nodes = 32809, dt = 8.364752e-11, strain = 7.736817e-03, elapsed = 12735.2 sec
[TwinWall] projected 5036 node(s)
Step =   5925: nodes = 32821, dt = 1.003770e-10, strain = 7.737821e-03, elapsed = 12738.5 sec
[TwinWall] projected 5085 node(s)
Step =   5926: nodes = 32827, dt = 1.204524e-10, strain = 7.739026e-03, elapsed = 12741.9 sec
[TwinWall] projected 5037 node(s)
Step =   5927: nodes = 32819, dt = 7.227146e-11, strain = 7.739749e-03, elapsed = 12747.0 sec
[TwinWall] projected 4887 node(s)
Step =   5928: nodes = 32808, dt = 7.227146e-11, strain = 7.740471e-03, elapsed = 12750.2 sec
[TwinWall] projected 4979 node(s)
Step =   5929: nodes = 32826, dt = 8.672575e-11, strain = 7.741338e-03, elapsed = 12753.4 sec
[TwinWall] projected 5001 node(s)
Step =   5930: nodes = 32861, dt = 1.040709e-10, strain = 7.742379e-03, elapsed = 12756.8 sec
[TwinWall] projected 5092 node(s)
Step =   5931: nodes = 32849, dt = 1.248851e-10, strain = 7.743628e-03, elapsed = 12760.2 sec
[TwinWall] projected 4950 node(s)
Step =   5932: nodes = 32849, dt = 7.493105e-11, strain = 7.744377e-03, elapsed = 12765.3 sec
[TwinWall] projected 4802 node(s)
Step =   5933: nodes = 32851, dt = 7.493105e-11, strain = 7.745127e-03, elapsed = 12768.6 sec
[TwinWall] projected 4975 node(s)
Step =   5934: nodes = 32854, dt = 8.991726e-11, strain = 7.746026e-03, elapsed = 12772.0 sec
[TwinWall] projected 4984 node(s)
Step =   5935: nodes = 32855, dt = 1.079007e-10, strain = 7.747105e-03, elapsed = 12775.3 sec
[TwinWall] projected 5081 node(s)
Step =   5936: nodes = 32823, dt = 1.294808e-10, strain = 7.748400e-03, elapsed = 12778.7 sec
[TwinWall] projected 4888 node(s)
Step =   5937: nodes = 32807, dt = 7.768851e-11, strain = 7.749177e-03, elapsed = 12783.6 sec
[TwinWall] projected 5043 node(s)
Step =   5938: nodes = 32831, dt = 7.768851e-11, strain = 7.749953e-03, elapsed = 12787.0 sec
[TwinWall] projected 5033 node(s)
Step =   5939: nodes = 32823, dt = 9.322621e-11, strain = 7.750886e-03, elapsed = 12790.3 sec
[TwinWall] projected 5046 node(s)
Step =   5940: nodes = 32831, dt = 1.118715e-10, strain = 7.752004e-03, elapsed = 12793.7 sec
[TwinWall] projected 5019 node(s)
Step =   5941: nodes = 32811, dt = 1.342457e-10, strain = 7.753347e-03, elapsed = 12797.1 sec
[TwinWall] projected 4976 node(s)
Step =   5942: nodes = 32822, dt = 8.054745e-11, strain = 7.754152e-03, elapsed = 12802.3 sec
[TwinWall] projected 4823 node(s)
Step =   5943: nodes = 32829, dt = 8.054745e-11, strain = 7.754958e-03, elapsed = 12805.6 sec
[TwinWall] projected 4990 node(s)
Step =   5944: nodes = 32825, dt = 9.665694e-11, strain = 7.755924e-03, elapsed = 12808.9 sec
[TwinWall] projected 4995 node(s)
Step =   5945: nodes = 32819, dt = 1.159883e-10, strain = 7.757084e-03, elapsed = 12812.2 sec
[TwinWall] projected 4940 node(s)
Step =   5946: nodes = 32813, dt = 6.959299e-11, strain = 7.757780e-03, elapsed = 12817.2 sec
[TwinWall] projected 4843 node(s)
Step =   5947: nodes = 32815, dt = 6.959299e-11, strain = 7.758476e-03, elapsed = 12820.5 sec
[TwinWall] projected 4906 node(s)
Step =   5948: nodes = 32817, dt = 8.351159e-11, strain = 7.759311e-03, elapsed = 12823.7 sec
[TwinWall] projected 4970 node(s)
Step =   5949: nodes = 32818, dt = 1.002139e-10, strain = 7.760313e-03, elapsed = 12827.1 sec
[TwinWall] projected 4987 node(s)
Step =   5950: nodes = 32831, dt = 1.202567e-10, strain = 7.761516e-03, elapsed = 12830.4 sec
[TwinWall] projected 5086 node(s)
Step =   5951: nodes = 32798, dt = 1.443080e-10, strain = 7.762959e-03, elapsed = 12833.8 sec
[TwinWall] projected 4967 node(s)
Step =   5952: nodes = 32788, dt = 8.658482e-11, strain = 7.763825e-03, elapsed = 12838.8 sec
[TwinWall] projected 4864 node(s)
Step =   5953: nodes = 32779, dt = 8.658482e-11, strain = 7.764691e-03, elapsed = 12842.2 sec
[TwinWall] projected 5040 node(s)
Step =   5954: nodes = 32777, dt = 1.039018e-10, strain = 7.765730e-03, elapsed = 12845.6 sec
[TwinWall] projected 5050 node(s)
Step =   5955: nodes = 32782, dt = 1.246821e-10, strain = 7.766977e-03, elapsed = 12848.9 sec
[TwinWall] projected 5071 node(s)
Step =   5956: nodes = 32796, dt = 1.496186e-10, strain = 7.768473e-03, elapsed = 12852.3 sec
[TwinWall] projected 5008 node(s)
Step =   5957: nodes = 32787, dt = 8.977114e-11, strain = 7.769370e-03, elapsed = 12857.3 sec
[TwinWall] projected 4932 node(s)
Step =   5958: nodes = 32788, dt = 8.977114e-11, strain = 7.770268e-03, elapsed = 12861.0 sec
[TwinWall] projected 5008 node(s)
Step =   5959: nodes = 32799, dt = 1.077254e-10, strain = 7.771345e-03, elapsed = 12864.4 sec
[TwinWall] projected 5022 node(s)
Step =   5960: nodes = 32803, dt = 1.292704e-10, strain = 7.772638e-03, elapsed = 12867.9 sec
[TwinWall] projected 5150 node(s)
Step =   5961: nodes = 32786, dt = 1.551245e-10, strain = 7.774189e-03, elapsed = 12871.3 sec
[TwinWall] projected 5106 node(s)
Step =   5962: nodes = 32793, dt = 9.307472e-11, strain = 7.775120e-03, elapsed = 12876.4 sec
[TwinWall] projected 5008 node(s)
Step =   5963: nodes = 32803, dt = 9.307472e-11, strain = 7.776051e-03, elapsed = 12879.7 sec
[TwinWall] projected 5100 node(s)
Step =   5964: nodes = 32808, dt = 1.116897e-10, strain = 7.777168e-03, elapsed = 12883.1 sec
[TwinWall] projected 5077 node(s)
Step =   5965: nodes = 32769, dt = 1.340276e-10, strain = 7.778508e-03, elapsed = 12886.6 sec
[TwinWall] projected 4945 node(s)
Step =   5966: nodes = 32767, dt = 8.041656e-11, strain = 7.779312e-03, elapsed = 12891.7 sec
[TwinWall] projected 4918 node(s)
Step =   5967: nodes = 32796, dt = 8.041656e-11, strain = 7.780116e-03, elapsed = 12894.9 sec
[TwinWall] projected 5078 node(s)
Step =   5968: nodes = 32782, dt = 9.649987e-11, strain = 7.781081e-03, elapsed = 12898.3 sec
[TwinWall] projected 5035 node(s)
Step =   5969: nodes = 32776, dt = 1.157998e-10, strain = 7.782239e-03, elapsed = 12901.7 sec
[TwinWall] projected 4881 node(s)
Step =   5970: nodes = 32785, dt = 6.947991e-11, strain = 7.782934e-03, elapsed = 12906.7 sec
[TwinWall] projected 4766 node(s)
Step =   5971: nodes = 32794, dt = 6.947991e-11, strain = 7.783629e-03, elapsed = 12910.0 sec
[TwinWall] projected 4819 node(s)
Step =   5972: nodes = 32781, dt = 8.337589e-11, strain = 7.784463e-03, elapsed = 12913.3 sec
[TwinWall] projected 5017 node(s)
Step =   5973: nodes = 32803, dt = 1.000511e-10, strain = 7.785463e-03, elapsed = 12916.6 sec
[TwinWall] projected 5058 node(s)
Step =   5974: nodes = 32783, dt = 1.200613e-10, strain = 7.786664e-03, elapsed = 12920.0 sec
[TwinWall] projected 4998 node(s)
Step =   5975: nodes = 32784, dt = 7.203677e-11, strain = 7.787384e-03, elapsed = 12925.1 sec
[TwinWall] projected 4942 node(s)
Step =   5976: nodes = 32792, dt = 7.203677e-11, strain = 7.788105e-03, elapsed = 12928.4 sec
[TwinWall] projected 4929 node(s)
Step =   5977: nodes = 32794, dt = 8.644412e-11, strain = 7.788969e-03, elapsed = 12931.7 sec
[TwinWall] projected 4954 node(s)
Step =   5978: nodes = 32788, dt = 1.037329e-10, strain = 7.790006e-03, elapsed = 12935.1 sec
[TwinWall] projected 5099 node(s)
Step =   5979: nodes = 32779, dt = 1.244795e-10, strain = 7.791251e-03, elapsed = 12938.5 sec
[TwinWall] projected 4950 node(s)
Step =   5980: nodes = 32789, dt = 7.468772e-11, strain = 7.791998e-03, elapsed = 12943.5 sec
[TwinWall] projected 4914 node(s)
Step =   5981: nodes = 32787, dt = 7.468772e-11, strain = 7.792745e-03, elapsed = 12946.9 sec
[TwinWall] projected 4965 node(s)
Step =   5982: nodes = 32775, dt = 8.962526e-11, strain = 7.793641e-03, elapsed = 12950.2 sec
[TwinWall] projected 5071 node(s)
Step =   5983: nodes = 32774, dt = 1.075503e-10, strain = 7.794717e-03, elapsed = 12953.6 sec
[TwinWall] projected 5149 node(s)
Step =   5984: nodes = 32754, dt = 1.290604e-10, strain = 7.796007e-03, elapsed = 12957.0 sec
[TwinWall] projected 4975 node(s)
Step =   5985: nodes = 32766, dt = 7.743623e-11, strain = 7.796782e-03, elapsed = 12962.1 sec
[TwinWall] projected 4974 node(s)
Step =   5986: nodes = 32788, dt = 7.743623e-11, strain = 7.797556e-03, elapsed = 12965.4 sec
[TwinWall] projected 5066 node(s)
Step =   5987: nodes = 32779, dt = 9.292347e-11, strain = 7.798485e-03, elapsed = 12968.7 sec
[TwinWall] projected 5124 node(s)
Step =   5988: nodes = 32785, dt = 1.115082e-10, strain = 7.799600e-03, elapsed = 12972.1 sec
[TwinWall] projected 5190 node(s)
Step =   5989: nodes = 32774, dt = 1.338098e-10, strain = 7.800938e-03, elapsed = 12975.5 sec
[TwinWall] projected 4993 node(s)
Step =   5990: nodes = 32789, dt = 8.028588e-11, strain = 7.801741e-03, elapsed = 12980.5 sec
[TwinWall] projected 4983 node(s)
Step =   5991: nodes = 32812, dt = 8.028588e-11, strain = 7.802544e-03, elapsed = 12983.9 sec
[TwinWall] projected 5024 node(s)
Step =   5992: nodes = 32791, dt = 9.634306e-11, strain = 7.803508e-03, elapsed = 12987.2 sec
[TwinWall] projected 5051 node(s)
Step =   5993: nodes = 32803, dt = 1.156117e-10, strain = 7.804664e-03, elapsed = 12990.6 sec
[TwinWall] projected 4935 node(s)
Step =   5994: nodes = 32794, dt = 6.936700e-11, strain = 7.805357e-03, elapsed = 12995.6 sec
[TwinWall] projected 4926 node(s)
Step =   5995: nodes = 32816, dt = 6.936700e-11, strain = 7.806051e-03, elapsed = 12998.8 sec
[TwinWall] projected 5083 node(s)
Step =   5996: nodes = 32837, dt = 8.324040e-11, strain = 7.806883e-03, elapsed = 13002.1 sec
[TwinWall] projected 5114 node(s)
Step =   5997: nodes = 32841, dt = 9.988848e-11, strain = 7.807882e-03, elapsed = 13005.4 sec
[TwinWall] projected 5156 node(s)
Step =   5998: nodes = 32831, dt = 1.198662e-10, strain = 7.809081e-03, elapsed = 13008.9 sec
[TwinWall] projected 4945 node(s)
Step =   5999: nodes = 32808, dt = 7.191971e-11, strain = 7.809800e-03, elapsed = 13013.9 sec
[TwinWall] projected 4900 node(s)
Step =   6000: nodes = 32828, dt = 7.191971e-11, strain = 7.810519e-03, elapsed = 13017.1 sec
Writing configuration in legacy data format
 Output file: /data/home/dg000246b/openDIS/HomeWork/output_Cu_twin_rorient1/config.6000.data
Writing restart file
 Restart file: /data/home/dg000246b/openDIS/HomeWork/output_Cu_twin_rorient1/restart.6000.exadis
[TwinWall] projected 5041 node(s)
Step =   6001: nodes = 32827, dt = 8.630365e-11, strain = 7.811382e-03, elapsed = 13020.9 sec
[TwinWall] projected 5055 node(s)
Step =   6002: nodes = 32832, dt = 1.035644e-10, strain = 7.812418e-03, elapsed = 13024.2 sec
[TwinWall] projected 5160 node(s)
Step =   6003: nodes = 32827, dt = 1.242773e-10, strain = 7.813661e-03, elapsed = 13027.6 sec
[TwinWall] projected 4978 node(s)
Step =   6004: nodes = 32834, dt = 7.456635e-11, strain = 7.814406e-03, elapsed = 13032.6 sec
[TwinWall] projected 5097 node(s)
Step =   6005: nodes = 32826, dt = 7.456635e-11, strain = 7.815152e-03, elapsed = 13035.9 sec
[TwinWall] projected 5043 node(s)
Step =   6006: nodes = 32827, dt = 8.947962e-11, strain = 7.816047e-03, elapsed = 13039.2 sec
[TwinWall] projected 5098 node(s)
Step =   6007: nodes = 32820, dt = 1.073755e-10, strain = 7.817121e-03, elapsed = 13042.8 sec
[TwinWall] projected 5239 node(s)
Step =   6008: nodes = 32821, dt = 1.288507e-10, strain = 7.818409e-03, elapsed = 13046.2 sec
[TwinWall] projected 4988 node(s)
Step =   6009: nodes = 32821, dt = 7.731039e-11, strain = 7.819182e-03, elapsed = 13051.2 sec
[TwinWall] projected 5018 node(s)
Step =   6010: nodes = 32845, dt = 7.731039e-11, strain = 7.819955e-03, elapsed = 13054.5 sec
[TwinWall] projected 5162 node(s)
Step =   6011: nodes = 32848, dt = 9.277247e-11, strain = 7.820883e-03, elapsed = 13057.9 sec
[TwinWall] projected 5169 node(s)
Step =   6012: nodes = 32843, dt = 1.113270e-10, strain = 7.821996e-03, elapsed = 13061.3 sec
[TwinWall] projected 5027 node(s)
Step =   6013: nodes = 32826, dt = 6.679618e-11, strain = 7.822664e-03, elapsed = 13066.3 sec
[TwinWall] projected 4928 node(s)
Step =   6014: nodes = 32832, dt = 6.679618e-11, strain = 7.823332e-03, elapsed = 13069.7 sec
[TwinWall] projected 4874 node(s)
Step =   6015: nodes = 32850, dt = 8.015542e-11, strain = 7.824134e-03, elapsed = 13072.9 sec
[TwinWall] projected 5101 node(s)
Step =   6016: nodes = 32846, dt = 9.618650e-11, strain = 7.825096e-03, elapsed = 13076.4 sec
[TwinWall] projected 5172 node(s)
Step =   6017: nodes = 32840, dt = 1.154238e-10, strain = 7.826250e-03, elapsed = 13079.7 sec
[TwinWall] projected 5056 node(s)
Step =   6018: nodes = 32841, dt = 6.925428e-11, strain = 7.826943e-03, elapsed = 13084.8 sec
[TwinWall] projected 4890 node(s)
Step =   6019: nodes = 32847, dt = 6.925428e-11, strain = 7.827635e-03, elapsed = 13088.0 sec
[TwinWall] projected 4999 node(s)
Step =   6020: nodes = 32865, dt = 8.310513e-11, strain = 7.828466e-03, elapsed = 13091.3 sec
[TwinWall] projected 4975 node(s)
Step =   6021: nodes = 32872, dt = 9.972616e-11, strain = 7.829463e-03, elapsed = 13094.7 sec
[TwinWall] projected 5138 node(s)
Step =   6022: nodes = 32841, dt = 1.196714e-10, strain = 7.830660e-03, elapsed = 13098.2 sec
[TwinWall] projected 4889 node(s)
Step =   6023: nodes = 32842, dt = 7.180284e-11, strain = 7.831378e-03, elapsed = 13103.3 sec
[TwinWall] projected 4948 node(s)
Step =   6024: nodes = 32839, dt = 7.180284e-11, strain = 7.832096e-03, elapsed = 13106.6 sec
[TwinWall] projected 5063 node(s)
Step =   6025: nodes = 32827, dt = 8.616340e-11, strain = 7.832958e-03, elapsed = 13110.0 sec
[TwinWall] projected 5078 node(s)
Step =   6026: nodes = 32843, dt = 1.033961e-10, strain = 7.833992e-03, elapsed = 13113.4 sec
[TwinWall] projected 5163 node(s)
Step =   6027: nodes = 32852, dt = 1.240753e-10, strain = 7.835232e-03, elapsed = 13116.7 sec
[TwinWall] projected 5009 node(s)
Step =   6028: nodes = 32867, dt = 7.444518e-11, strain = 7.835977e-03, elapsed = 13121.7 sec
[TwinWall] projected 4953 node(s)
Step =   6029: nodes = 32875, dt = 7.444518e-11, strain = 7.836721e-03, elapsed = 13125.1 sec
[TwinWall] projected 5051 node(s)
Step =   6030: nodes = 32866, dt = 8.933422e-11, strain = 7.837615e-03, elapsed = 13128.5 sec
[TwinWall] projected 5055 node(s)
Step =   6031: nodes = 32877, dt = 1.072011e-10, strain = 7.838687e-03, elapsed = 13131.9 sec
[TwinWall] projected 5277 node(s)
Step =   6032: nodes = 32863, dt = 1.286413e-10, strain = 7.839973e-03, elapsed = 13135.3 sec
[TwinWall] projected 4958 node(s)
Step =   6033: nodes = 32877, dt = 7.718476e-11, strain = 7.840745e-03, elapsed = 13140.3 sec
[TwinWall] projected 5041 node(s)
Step =   6034: nodes = 32899, dt = 7.718476e-11, strain = 7.841517e-03, elapsed = 13143.7 sec
[TwinWall] projected 5068 node(s)
Step =   6035: nodes = 32889, dt = 9.262172e-11, strain = 7.842443e-03, elapsed = 13147.0 sec
[TwinWall] projected 5170 node(s)
Step =   6036: nodes = 32883, dt = 1.111461e-10, strain = 7.843555e-03, elapsed = 13150.5 sec
[TwinWall] projected 5210 node(s)
Step =   6037: nodes = 32867, dt = 1.333753e-10, strain = 7.844888e-03, elapsed = 13153.8 sec
[TwinWall] projected 5088 node(s)
Step =   6038: nodes = 32857, dt = 8.002516e-11, strain = 7.845689e-03, elapsed = 13158.9 sec
[TwinWall] projected 5053 node(s)
Step =   6039: nodes = 32865, dt = 8.002516e-11, strain = 7.846489e-03, elapsed = 13162.4 sec
[TwinWall] projected 5156 node(s)
Step =   6040: nodes = 32880, dt = 9.603019e-11, strain = 7.847449e-03, elapsed = 13165.8 sec
[TwinWall] projected 5051 node(s)
Step =   6041: nodes = 32896, dt = 1.152362e-10, strain = 7.848601e-03, elapsed = 13169.2 sec
[TwinWall] projected 5000 node(s)
Step =   6042: nodes = 32888, dt = 6.914174e-11, strain = 7.849293e-03, elapsed = 13174.3 sec
[TwinWall] projected 4941 node(s)
Step =   6043: nodes = 32901, dt = 6.914174e-11, strain = 7.849984e-03, elapsed = 13177.6 sec
[TwinWall] projected 4913 node(s)
Step =   6044: nodes = 32901, dt = 8.297009e-11, strain = 7.850814e-03, elapsed = 13180.9 sec
[TwinWall] projected 5078 node(s)
Step =   6045: nodes = 32911, dt = 9.956411e-11, strain = 7.851810e-03, elapsed = 13184.3 sec
[TwinWall] projected 5061 node(s)
Step =   6046: nodes = 32926, dt = 1.194769e-10, strain = 7.853004e-03, elapsed = 13187.7 sec
[TwinWall] projected 5002 node(s)
Step =   6047: nodes = 32937, dt = 7.168616e-11, strain = 7.853721e-03, elapsed = 13192.9 sec
[TwinWall] projected 4925 node(s)
Step =   6048: nodes = 32927, dt = 7.168616e-11, strain = 7.854438e-03, elapsed = 13196.2 sec
[TwinWall] projected 4911 node(s)
Step =   6049: nodes = 32927, dt = 8.602339e-11, strain = 7.855298e-03, elapsed = 13199.5 sec
[TwinWall] projected 5099 node(s)
Step =   6050: nodes = 32921, dt = 1.032281e-10, strain = 7.856331e-03, elapsed = 13203.0 sec
[TwinWall] projected 5180 node(s)
Step =   6051: nodes = 32903, dt = 1.238737e-10, strain = 7.857569e-03, elapsed = 13206.5 sec
[TwinWall] projected 4959 node(s)
Step =   6052: nodes = 32908, dt = 7.432421e-11, strain = 7.858313e-03, elapsed = 13211.6 sec
[TwinWall] projected 4989 node(s)
Step =   6053: nodes = 32910, dt = 7.432421e-11, strain = 7.859056e-03, elapsed = 13215.0 sec
[TwinWall] projected 5033 node(s)
Step =   6054: nodes = 32941, dt = 8.918905e-11, strain = 7.859948e-03, elapsed = 13218.4 sec
[TwinWall] projected 5152 node(s)
Step =   6055: nodes = 32931, dt = 1.070269e-10, strain = 7.861018e-03, elapsed = 13222.0 sec
[TwinWall] projected 5192 node(s)
Step =   6056: nodes = 32887, dt = 1.284322e-10, strain = 7.862302e-03, elapsed = 13225.4 sec
[TwinWall] projected 5013 node(s)
Step =   6057: nodes = 32904, dt = 7.705934e-11, strain = 7.863073e-03, elapsed = 13230.6 sec
[TwinWall] projected 5008 node(s)
Step =   6058: nodes = 32927, dt = 7.705934e-11, strain = 7.863844e-03, elapsed = 13233.9 sec
[TwinWall] projected 5062 node(s)
Step =   6059: nodes = 32919, dt = 9.247121e-11, strain = 7.864768e-03, elapsed = 13237.4 sec
[TwinWall] projected 5022 node(s)
Step =   6060: nodes = 32912, dt = 1.109654e-10, strain = 7.865878e-03, elapsed = 13240.8 sec
[TwinWall] projected 5159 node(s)
Step =   6061: nodes = 32892, dt = 1.331585e-10, strain = 7.867209e-03, elapsed = 13244.3 sec
[TwinWall] projected 4991 node(s)
Step =   6062: nodes = 32893, dt = 7.989512e-11, strain = 7.868008e-03, elapsed = 13249.3 sec
[TwinWall] projected 5020 node(s)
Step =   6063: nodes = 32891, dt = 7.989512e-11, strain = 7.868807e-03, elapsed = 13252.7 sec
[TwinWall] projected 5038 node(s)
Step =   6064: nodes = 32905, dt = 9.587415e-11, strain = 7.869766e-03, elapsed = 13256.0 sec
[TwinWall] projected 5045 node(s)
Step =   6065: nodes = 32861, dt = 1.150490e-10, strain = 7.870917e-03, elapsed = 13259.4 sec
[TwinWall] projected 4977 node(s)
Step =   6066: nodes = 32844, dt = 6.902938e-11, strain = 7.871607e-03, elapsed = 13264.4 sec
[TwinWall] projected 4919 node(s)
Step =   6067: nodes = 32855, dt = 6.902938e-11, strain = 7.872297e-03, elapsed = 13267.6 sec
[TwinWall] projected 4933 node(s)
Step =   6068: nodes = 32862, dt = 8.283526e-11, strain = 7.873126e-03, elapsed = 13271.0 sec
[TwinWall] projected 5042 node(s)
Step =   6069: nodes = 32833, dt = 9.940231e-11, strain = 7.874120e-03, elapsed = 13274.3 sec
[TwinWall] projected 5062 node(s)
Step =   6070: nodes = 32835, dt = 1.192828e-10, strain = 7.875312e-03, elapsed = 13277.7 sec
[TwinWall] projected 4920 node(s)
Step =   6071: nodes = 32820, dt = 7.156967e-11, strain = 7.876028e-03, elapsed = 13282.8 sec
[TwinWall] projected 5010 node(s)
Step =   6072: nodes = 32827, dt = 7.156967e-11, strain = 7.876744e-03, elapsed = 13286.2 sec
[TwinWall] projected 4991 node(s)
Step =   6073: nodes = 32828, dt = 8.588360e-11, strain = 7.877603e-03, elapsed = 13289.4 sec
[TwinWall] projected 5032 node(s)
Step =   6074: nodes = 32825, dt = 1.030603e-10, strain = 7.878633e-03, elapsed = 13292.8 sec
[TwinWall] projected 5032 node(s)
Step =   6075: nodes = 32837, dt = 1.236724e-10, strain = 7.879870e-03, elapsed = 13296.1 sec
[TwinWall] projected 4995 node(s)
Step =   6076: nodes = 32853, dt = 7.420343e-11, strain = 7.880612e-03, elapsed = 13301.2 sec
[TwinWall] projected 4836 node(s)
Step =   6077: nodes = 32841, dt = 7.420343e-11, strain = 7.881354e-03, elapsed = 13304.4 sec
[TwinWall] projected 5020 node(s)
Step =   6078: nodes = 32836, dt = 8.904412e-11, strain = 7.882244e-03, elapsed = 13307.9 sec
[TwinWall] projected 5030 node(s)
Step =   6079: nodes = 32841, dt = 1.068529e-10, strain = 7.883313e-03, elapsed = 13311.2 sec
[TwinWall] projected 5133 node(s)
Step =   6080: nodes = 32846, dt = 1.282235e-10, strain = 7.884595e-03, elapsed = 13314.6 sec
[TwinWall] projected 4939 node(s)
Step =   6081: nodes = 32846, dt = 7.693412e-11, strain = 7.885365e-03, elapsed = 13319.6 sec
[TwinWall] projected 5094 node(s)
Step =   6082: nodes = 32860, dt = 7.693412e-11, strain = 7.886134e-03, elapsed = 13323.0 sec
[TwinWall] projected 5109 node(s)
Step =   6083: nodes = 32860, dt = 9.232094e-11, strain = 7.887057e-03, elapsed = 13326.2 sec
[TwinWall] projected 5144 node(s)
Step =   6084: nodes = 32850, dt = 1.107851e-10, strain = 7.888165e-03, elapsed = 13329.6 sec
[TwinWall] projected 5046 node(s)
Step =   6085: nodes = 32868, dt = 6.647108e-11, strain = 7.888830e-03, elapsed = 13334.6 sec
[TwinWall] projected 4975 node(s)
Step =   6086: nodes = 32879, dt = 6.647108e-11, strain = 7.889494e-03, elapsed = 13337.8 sec
[TwinWall] projected 4981 node(s)
Step =   6087: nodes = 32872, dt = 7.976529e-11, strain = 7.890292e-03, elapsed = 13341.4 sec
[TwinWall] projected 4998 node(s)
Step =   6088: nodes = 32830, dt = 9.571835e-11, strain = 7.891249e-03, elapsed = 13344.8 sec
[TwinWall] projected 5049 node(s)
Step =   6089: nodes = 32834, dt = 1.148620e-10, strain = 7.892398e-03, elapsed = 13348.2 sec
[TwinWall] projected 4978 node(s)
Step =   6090: nodes = 32816, dt = 6.891721e-11, strain = 7.893087e-03, elapsed = 13353.2 sec
[TwinWall] projected 4910 node(s)
Step =   6091: nodes = 32824, dt = 6.891721e-11, strain = 7.893776e-03, elapsed = 13356.4 sec
[TwinWall] projected 4943 node(s)
Step =   6092: nodes = 32818, dt = 8.270065e-11, strain = 7.894603e-03, elapsed = 13359.9 sec
[TwinWall] projected 5017 node(s)
Step =   6093: nodes = 32815, dt = 9.924079e-11, strain = 7.895596e-03, elapsed = 13363.2 sec
[TwinWall] projected 5034 node(s)
Step =   6094: nodes = 32796, dt = 1.190889e-10, strain = 7.896786e-03, elapsed = 13366.7 sec
[TwinWall] projected 4896 node(s)
Step =   6095: nodes = 32807, dt = 7.145337e-11, strain = 7.897501e-03, elapsed = 13371.6 sec
[TwinWall] projected 5004 node(s)
Step =   6096: nodes = 32819, dt = 7.145337e-11, strain = 7.898216e-03, elapsed = 13375.0 sec
[TwinWall] projected 5028 node(s)
Step =   6097: nodes = 32817, dt = 8.574404e-11, strain = 7.899073e-03, elapsed = 13378.3 sec
[TwinWall] projected 4961 node(s)
Step =   6098: nodes = 32834, dt = 1.028928e-10, strain = 7.900102e-03, elapsed = 13381.7 sec
[TwinWall] projected 4981 node(s)
Step =   6099: nodes = 32842, dt = 6.173571e-11, strain = 7.900719e-03, elapsed = 13386.7 sec
[TwinWall] projected 4909 node(s)
Step =   6100: nodes = 32812, dt = 6.173571e-11, strain = 7.901337e-03, elapsed = 13390.0 sec
Writing configuration in legacy data format
 Output file: /data/home/dg000246b/openDIS/HomeWork/output_Cu_twin_rorient1/config.6100.data
Writing restart file
 Restart file: /data/home/dg000246b/openDIS/HomeWork/output_Cu_twin_rorient1/restart.6100.exadis
[TwinWall] projected 4819 node(s)
Step =   6101: nodes = 32832, dt = 7.408285e-11, strain = 7.902077e-03, elapsed = 13393.7 sec
[TwinWall] projected 4896 node(s)
Step =   6102: nodes = 32823, dt = 8.889942e-11, strain = 7.902966e-03, elapsed = 13397.1 sec
[TwinWall] projected 5132 node(s)
Step =   6103: nodes = 32848, dt = 1.066793e-10, strain = 7.904033e-03, elapsed = 13400.5 sec
[TwinWall] projected 5090 node(s)
Step =   6104: nodes = 32830, dt = 1.280152e-10, strain = 7.905313e-03, elapsed = 13403.9 sec
[TwinWall] projected 4903 node(s)
Step =   6105: nodes = 32830, dt = 7.680910e-11, strain = 7.906081e-03, elapsed = 13409.0 sec
[TwinWall] projected 4882 node(s)
Step =   6106: nodes = 32872, dt = 7.680910e-11, strain = 7.906850e-03, elapsed = 13412.4 sec
[TwinWall] projected 5010 node(s)
Step =   6107: nodes = 32875, dt = 9.217092e-11, strain = 7.907771e-03, elapsed = 13415.7 sec
[TwinWall] projected 5016 node(s)
Step =   6108: nodes = 32881, dt = 1.106051e-10, strain = 7.908877e-03, elapsed = 13419.1 sec
[TwinWall] projected 4937 node(s)
Step =   6109: nodes = 32880, dt = 6.636306e-11, strain = 7.909541e-03, elapsed = 13424.2 sec
[TwinWall] projected 4804 node(s)
Step =   6110: nodes = 32883, dt = 6.636306e-11, strain = 7.910205e-03, elapsed = 13427.5 sec
[TwinWall] projected 4792 node(s)
Step =   6111: nodes = 32875, dt = 7.963567e-11, strain = 7.911001e-03, elapsed = 13430.8 sec
[TwinWall] projected 4939 node(s)
Step =   6112: nodes = 32867, dt = 9.556281e-11, strain = 7.911957e-03, elapsed = 13434.2 sec
[TwinWall] projected 5009 node(s)
Step =   6113: nodes = 32823, dt = 1.146754e-10, strain = 7.913103e-03, elapsed = 13437.5 sec
[TwinWall] projected 4896 node(s)
Step =   6114: nodes = 32838, dt = 6.880522e-11, strain = 7.913791e-03, elapsed = 13442.6 sec
[TwinWall] projected 4854 node(s)
Step =   6115: nodes = 32847, dt = 6.880522e-11, strain = 7.914479e-03, elapsed = 13445.9 sec
[TwinWall] projected 4883 node(s)
Step =   6116: nodes = 32847, dt = 8.256627e-11, strain = 7.915305e-03, elapsed = 13449.2 sec
[TwinWall] projected 4866 node(s)
Step =   6117: nodes = 32823, dt = 9.907952e-11, strain = 7.916296e-03, elapsed = 13452.6 sec
[TwinWall] projected 4919 node(s)
Step =   6118: nodes = 32835, dt = 1.188954e-10, strain = 7.917485e-03, elapsed = 13456.0 sec
[TwinWall] projected 4822 node(s)
Step =   6119: nodes = 32842, dt = 7.133725e-11, strain = 7.918198e-03, elapsed = 13461.1 sec
[TwinWall] projected 4801 node(s)
Step =   6120: nodes = 32843, dt = 7.133725e-11, strain = 7.918912e-03, elapsed = 13464.5 sec
[TwinWall] projected 4898 node(s)
Step =   6121: nodes = 32848, dt = 8.560470e-11, strain = 7.919768e-03, elapsed = 13467.9 sec
[TwinWall] projected 5050 node(s)
Step =   6122: nodes = 32861, dt = 1.027256e-10, strain = 7.920795e-03, elapsed = 13471.2 sec
[TwinWall] projected 5051 node(s)
Step =   6123: nodes = 32858, dt = 1.232708e-10, strain = 7.922028e-03, elapsed = 13474.6 sec
[TwinWall] projected 5017 node(s)
Step =   6124: nodes = 32875, dt = 7.396246e-11, strain = 7.922767e-03, elapsed = 13479.7 sec
[TwinWall] projected 4974 node(s)
Step =   6125: nodes = 32863, dt = 7.396246e-11, strain = 7.923507e-03, elapsed = 13483.0 sec
[TwinWall] projected 4935 node(s)
Step =   6126: nodes = 32886, dt = 8.875496e-11, strain = 7.924394e-03, elapsed = 13486.3 sec
[TwinWall] projected 4953 node(s)
Step =   6127: nodes = 32862, dt = 1.065059e-10, strain = 7.925459e-03, elapsed = 13489.8 sec
[TwinWall] projected 5074 node(s)
Step =   6128: nodes = 32858, dt = 1.278071e-10, strain = 7.926738e-03, elapsed = 13493.4 sec
[TwinWall] projected 4905 node(s)
Step =   6129: nodes = 32856, dt = 7.668428e-11, strain = 7.927504e-03, elapsed = 13498.4 sec
[TwinWall] projected 4971 node(s)
Step =   6130: nodes = 32862, dt = 7.668428e-11, strain = 7.928271e-03, elapsed = 13501.7 sec
[TwinWall] projected 4989 node(s)
Step =   6131: nodes = 32847, dt = 9.202114e-11, strain = 7.929191e-03, elapsed = 13505.1 sec
[TwinWall] projected 5027 node(s)
Step =   6132: nodes = 32849, dt = 1.104254e-10, strain = 7.930296e-03, elapsed = 13508.5 sec
[TwinWall] projected 5072 node(s)
Step =   6133: nodes = 32833, dt = 1.325104e-10, strain = 7.931621e-03, elapsed = 13511.9 sec
[TwinWall] projected 4982 node(s)
Step =   6134: nodes = 32825, dt = 7.950626e-11, strain = 7.932416e-03, elapsed = 13517.0 sec
[TwinWall] projected 4926 node(s)
Step =   6135: nodes = 32843, dt = 7.950626e-11, strain = 7.933211e-03, elapsed = 13520.3 sec
[TwinWall] projected 5039 node(s)
Step =   6136: nodes = 32854, dt = 9.540752e-11, strain = 7.934165e-03, elapsed = 13523.8 sec
[TwinWall] projected 5026 node(s)
Step =   6137: nodes = 32879, dt = 1.144890e-10, strain = 7.935310e-03, elapsed = 13527.1 sec
[TwinWall] projected 4950 node(s)
Step =   6138: nodes = 32869, dt = 6.869341e-11, strain = 7.935997e-03, elapsed = 13532.1 sec
[TwinWall] projected 4928 node(s)
Step =   6139: nodes = 32877, dt = 6.869341e-11, strain = 7.936684e-03, elapsed = 13535.5 sec
[TwinWall] projected 4940 node(s)
Step =   6140: nodes = 32873, dt = 8.243210e-11, strain = 7.937508e-03, elapsed = 13538.9 sec
[TwinWall] projected 4978 node(s)
Step =   6141: nodes = 32864, dt = 9.891851e-11, strain = 7.938497e-03, elapsed = 13542.3 sec
[TwinWall] projected 5096 node(s)
Step =   6142: nodes = 32859, dt = 1.187022e-10, strain = 7.939684e-03, elapsed = 13545.7 sec
[TwinWall] projected 4915 node(s)
Step =   6143: nodes = 32886, dt = 7.122133e-11, strain = 7.940397e-03, elapsed = 13550.8 sec
[TwinWall] projected 4907 node(s)
Step =   6144: nodes = 32893, dt = 7.122133e-11, strain = 7.941109e-03, elapsed = 13554.1 sec
[TwinWall] projected 5052 node(s)
Step =   6145: nodes = 32901, dt = 8.546560e-11, strain = 7.941963e-03, elapsed = 13557.5 sec
[TwinWall] projected 5079 node(s)
Step =   6146: nodes = 32886, dt = 1.025587e-10, strain = 7.942989e-03, elapsed = 13560.9 sec
[TwinWall] projected 5158 node(s)
Step =   6147: nodes = 32870, dt = 1.230705e-10, strain = 7.944220e-03, elapsed = 13564.3 sec
[TwinWall] projected 4991 node(s)
Step =   6148: nodes = 32880, dt = 7.384228e-11, strain = 7.944958e-03, elapsed = 13569.4 sec
[TwinWall] projected 4974 node(s)
Step =   6149: nodes = 32891, dt = 7.384228e-11, strain = 7.945697e-03, elapsed = 13572.8 sec
[TwinWall] projected 5016 node(s)
Step =   6150: nodes = 32907, dt = 8.861073e-11, strain = 7.946583e-03, elapsed = 13576.1 sec
[TwinWall] projected 5043 node(s)
Step =   6151: nodes = 32912, dt = 1.063329e-10, strain = 7.947646e-03, elapsed = 13579.5 sec
[TwinWall] projected 5190 node(s)
Step =   6152: nodes = 32921, dt = 1.275995e-10, strain = 7.948922e-03, elapsed = 13583.2 sec
[TwinWall] projected 5030 node(s)
Step =   6153: nodes = 32924, dt = 7.655967e-11, strain = 7.949688e-03, elapsed = 13588.2 sec
[TwinWall] projected 4977 node(s)
Step =   6154: nodes = 32951, dt = 7.655967e-11, strain = 7.950453e-03, elapsed = 13591.6 sec
[TwinWall] projected 5137 node(s)
Step =   6155: nodes = 32941, dt = 9.187161e-11, strain = 7.951372e-03, elapsed = 13595.0 sec
[TwinWall] projected 5152 node(s)
Step =   6156: nodes = 32938, dt = 1.102459e-10, strain = 7.952474e-03, elapsed = 13598.3 sec
[TwinWall] projected 5240 node(s)
Step =   6157: nodes = 32909, dt = 1.322951e-10, strain = 7.953797e-03, elapsed = 13601.8 sec
[TwinWall] projected 4978 node(s)
Step =   6158: nodes = 32922, dt = 7.937707e-11, strain = 7.954591e-03, elapsed = 13606.9 sec
[TwinWall] projected 5006 node(s)
Step =   6159: nodes = 32925, dt = 7.937707e-11, strain = 7.955385e-03, elapsed = 13610.4 sec
[TwinWall] projected 5015 node(s)
Step =   6160: nodes = 32957, dt = 9.525248e-11, strain = 7.956337e-03, elapsed = 13613.7 sec
[TwinWall] projected 5129 node(s)
Step =   6161: nodes = 32924, dt = 1.143030e-10, strain = 7.957480e-03, elapsed = 13617.2 sec
[TwinWall] projected 5281 node(s)
Step =   6162: nodes = 32946, dt = 1.371636e-10, strain = 7.958852e-03, elapsed = 13620.6 sec
[TwinWall] projected 5065 node(s)
Step =   6163: nodes = 32936, dt = 8.229814e-11, strain = 7.959675e-03, elapsed = 13625.7 sec
[TwinWall] projected 4962 node(s)
Step =   6164: nodes = 32958, dt = 8.229814e-11, strain = 7.960498e-03, elapsed = 13629.1 sec
[TwinWall] projected 4985 node(s)
Step =   6165: nodes = 32933, dt = 9.875777e-11, strain = 7.961486e-03, elapsed = 13632.5 sec
[TwinWall] projected 5064 node(s)
Step =   6166: nodes = 32933, dt = 1.185093e-10, strain = 7.962671e-03, elapsed = 13636.0 sec
[TwinWall] projected 5005 node(s)
Step =   6167: nodes = 32923, dt = 7.110560e-11, strain = 7.963382e-03, elapsed = 13641.0 sec
[TwinWall] projected 4925 node(s)
Step =   6168: nodes = 32928, dt = 7.110560e-11, strain = 7.964093e-03, elapsed = 13644.4 sec
[TwinWall] projected 4937 node(s)
Step =   6169: nodes = 32946, dt = 8.532671e-11, strain = 7.964946e-03, elapsed = 13647.7 sec
[TwinWall] projected 5087 node(s)
Step =   6170: nodes = 32958, dt = 1.023921e-10, strain = 7.965970e-03, elapsed = 13651.1 sec
[TwinWall] projected 5127 node(s)
Step =   6171: nodes = 32948, dt = 1.228705e-10, strain = 7.967199e-03, elapsed = 13654.6 sec
[TwinWall] projected 5053 node(s)
Step =   6172: nodes = 32942, dt = 7.372228e-11, strain = 7.967936e-03, elapsed = 13659.7 sec
[TwinWall] projected 5002 node(s)
Step =   6173: nodes = 32949, dt = 7.372228e-11, strain = 7.968673e-03, elapsed = 13663.1 sec
[TwinWall] projected 5145 node(s)
Step =   6174: nodes = 32950, dt = 8.846674e-11, strain = 7.969558e-03, elapsed = 13666.5 sec
[TwinWall] projected 5104 node(s)
Step =   6175: nodes = 32951, dt = 1.061601e-10, strain = 7.970619e-03, elapsed = 13669.9 sec
[TwinWall] projected 5232 node(s)
Step =   6176: nodes = 32974, dt = 1.273921e-10, strain = 7.971893e-03, elapsed = 13673.4 sec
[TwinWall] projected 5045 node(s)
Step =   6177: nodes = 32959, dt = 7.643526e-11, strain = 7.972658e-03, elapsed = 13678.5 sec
[TwinWall] projected 5015 node(s)
Step =   6178: nodes = 32956, dt = 7.643526e-11, strain = 7.973422e-03, elapsed = 13681.9 sec
[TwinWall] projected 5019 node(s)
Step =   6179: nodes = 32976, dt = 9.172231e-11, strain = 7.974339e-03, elapsed = 13685.3 sec
[TwinWall] projected 5053 node(s)
Step =   6180: nodes = 32951, dt = 1.100668e-10, strain = 7.975440e-03, elapsed = 13688.8 sec
[TwinWall] projected 4921 node(s)
Step =   6181: nodes = 32969, dt = 6.604007e-11, strain = 7.976100e-03, elapsed = 13693.9 sec
[TwinWall] projected 4830 node(s)
Step =   6182: nodes = 32969, dt = 6.604007e-11, strain = 7.976761e-03, elapsed = 13697.2 sec
[TwinWall] projected 4838 node(s)
Step =   6183: nodes = 32970, dt = 7.924808e-11, strain = 7.977553e-03, elapsed = 13700.5 sec
[TwinWall] projected 4990 node(s)
Step =   6184: nodes = 32970, dt = 9.509769e-11, strain = 7.978504e-03, elapsed = 13704.0 sec
[TwinWall] projected 5105 node(s)
Step =   6185: nodes = 32999, dt = 1.141172e-10, strain = 7.979645e-03, elapsed = 13707.5 sec
[TwinWall] projected 4995 node(s)
Step =   6186: nodes = 33012, dt = 6.847034e-11, strain = 7.980330e-03, elapsed = 13712.6 sec
[TwinWall] projected 4996 node(s)
Step =   6187: nodes = 32991, dt = 6.847034e-11, strain = 7.981015e-03, elapsed = 13715.9 sec
[TwinWall] projected 5086 node(s)
Step =   6188: nodes = 32996, dt = 8.216441e-11, strain = 7.981836e-03, elapsed = 13719.2 sec
[TwinWall] projected 5082 node(s)
Step =   6189: nodes = 32998, dt = 9.859729e-11, strain = 7.982822e-03, elapsed = 13722.6 sec
[TwinWall] projected 5115 node(s)
Step =   6190: nodes = 32985, dt = 1.183167e-10, strain = 7.984005e-03, elapsed = 13726.1 sec
[TwinWall] projected 4981 node(s)
Step =   6191: nodes = 32967, dt = 7.099005e-11, strain = 7.984715e-03, elapsed = 13731.3 sec
[TwinWall] projected 4865 node(s)
Step =   6192: nodes = 32975, dt = 7.099005e-11, strain = 7.985425e-03, elapsed = 13734.6 sec
[TwinWall] projected 4943 node(s)
Step =   6193: nodes = 32963, dt = 8.518806e-11, strain = 7.986277e-03, elapsed = 13738.0 sec
[TwinWall] projected 4994 node(s)
Step =   6194: nodes = 32995, dt = 1.022257e-10, strain = 7.987299e-03, elapsed = 13741.4 sec
[TwinWall] projected 5082 node(s)
Step =   6195: nodes = 32980, dt = 1.226708e-10, strain = 7.988526e-03, elapsed = 13744.8 sec
[TwinWall] projected 4851 node(s)
Step =   6196: nodes = 32995, dt = 7.360248e-11, strain = 7.989262e-03, elapsed = 13749.9 sec
[TwinWall] projected 4892 node(s)
Step =   6197: nodes = 32971, dt = 7.360248e-11, strain = 7.989998e-03, elapsed = 13753.3 sec
[TwinWall] projected 4953 node(s)
Step =   6198: nodes = 32983, dt = 8.832298e-11, strain = 7.990881e-03, elapsed = 13756.6 sec
[TwinWall] projected 5018 node(s)
Step =   6199: nodes = 32971, dt = 1.059876e-10, strain = 7.991941e-03, elapsed = 13760.1 sec
[TwinWall] projected 5133 node(s)
Step =   6200: nodes = 32976, dt = 1.271851e-10, strain = 7.993213e-03, elapsed = 13763.8 sec
Writing configuration in legacy data format
 Output file: /data/home/dg000246b/openDIS/HomeWork/output_Cu_twin_rorient1/config.6200.data
Writing restart file
 Restart file: /data/home/dg000246b/openDIS/HomeWork/output_Cu_twin_rorient1/restart.6200.exadis
[TwinWall] projected 4971 node(s)
Step =   6201: nodes = 32985, dt = 7.631105e-11, strain = 7.993976e-03, elapsed = 13769.3 sec
[TwinWall] projected 4911 node(s)
Step =   6202: nodes = 33000, dt = 7.631105e-11, strain = 7.994739e-03, elapsed = 13772.7 sec
[TwinWall] projected 5028 node(s)
Step =   6203: nodes = 32982, dt = 9.157326e-11, strain = 7.995655e-03, elapsed = 13776.1 sec
[TwinWall] projected 5017 node(s)
Step =   6204: nodes = 32981, dt = 1.098879e-10, strain = 7.996754e-03, elapsed = 13779.4 sec
[TwinWall] projected 5125 node(s)
Step =   6205: nodes = 32966, dt = 1.318655e-10, strain = 7.998073e-03, elapsed = 13782.9 sec
[TwinWall] projected 4917 node(s)
Step =   6206: nodes = 32971, dt = 7.911930e-11, strain = 7.998864e-03, elapsed = 13788.0 sec
[TwinWall] projected 5053 node(s)
Step =   6207: nodes = 32970, dt = 7.911930e-11, strain = 7.999655e-03, elapsed = 13791.4 sec
[TwinWall] projected 5102 node(s)
Step =   6208: nodes = 32961, dt = 9.494316e-11, strain = 8.000604e-03, elapsed = 13794.7 sec
[TwinWall] projected 5040 node(s)
Step =   6209: nodes = 32965, dt = 1.139318e-10, strain = 8.001744e-03, elapsed = 13798.1 sec
[TwinWall] projected 4945 node(s)
Step =   6210: nodes = 32962, dt = 6.835908e-11, strain = 8.002427e-03, elapsed = 13803.1 sec
[TwinWall] projected 4923 node(s)
Step =   6211: nodes = 32991, dt = 6.835908e-11, strain = 8.003111e-03, elapsed = 13806.4 sec
[TwinWall] projected 4938 node(s)
Step =   6212: nodes = 32979, dt = 8.203089e-11, strain = 8.003931e-03, elapsed = 13809.8 sec
[TwinWall] projected 4929 node(s)
Step =   6213: nodes = 32983, dt = 9.843707e-11, strain = 8.004916e-03, elapsed = 13813.2 sec
[TwinWall] projected 5018 node(s)
Step =   6214: nodes = 32967, dt = 1.181245e-10, strain = 8.006097e-03, elapsed = 13816.6 sec
[TwinWall] projected 4861 node(s)
Step =   6215: nodes = 32965, dt = 7.087469e-11, strain = 8.006806e-03, elapsed = 13822.0 sec
[TwinWall] projected 4909 node(s)
Step =   6216: nodes = 32935, dt = 7.087469e-11, strain = 8.007514e-03, elapsed = 13825.4 sec
[TwinWall] projected 4972 node(s)
Step =   6217: nodes = 32936, dt = 8.504963e-11, strain = 8.008365e-03, elapsed = 13828.7 sec
[TwinWall] projected 4957 node(s)
Step =   6218: nodes = 32956, dt = 1.020596e-10, strain = 8.009385e-03, elapsed = 13832.1 sec
[TwinWall] projected 4943 node(s)
Step =   6219: nodes = 32931, dt = 1.224715e-10, strain = 8.010610e-03, elapsed = 13835.5 sec
[TwinWall] projected 4878 node(s)
Step =   6220: nodes = 32953, dt = 7.348288e-11, strain = 8.011345e-03, elapsed = 13840.6 sec
[TwinWall] projected 4749 node(s)
Step =   6221: nodes = 32929, dt = 7.348288e-11, strain = 8.012080e-03, elapsed = 13843.9 sec
[TwinWall] projected 4932 node(s)
Step =   6222: nodes = 32937, dt = 8.817945e-11, strain = 8.012962e-03, elapsed = 13847.3 sec
[TwinWall] projected 4999 node(s)
Step =   6223: nodes = 32949, dt = 1.058153e-10, strain = 8.014020e-03, elapsed = 13850.7 sec
[TwinWall] projected 4964 node(s)
Step =   6224: nodes = 32950, dt = 6.348921e-11, strain = 8.014655e-03, elapsed = 13855.7 sec
[TwinWall] projected 4759 node(s)
Step =   6225: nodes = 32950, dt = 6.348921e-11, strain = 8.015290e-03, elapsed = 13859.0 sec
[TwinWall] projected 4748 node(s)
Step =   6226: nodes = 32949, dt = 7.618705e-11, strain = 8.016051e-03, elapsed = 13862.4 sec
[TwinWall] projected 4940 node(s)
Step =   6227: nodes = 32930, dt = 9.142446e-11, strain = 8.016966e-03, elapsed = 13865.8 sec
[TwinWall] projected 4986 node(s)
Step =   6228: nodes = 32915, dt = 1.097093e-10, strain = 8.018063e-03, elapsed = 13869.1 sec
[TwinWall] projected 4907 node(s)
Step =   6229: nodes = 32943, dt = 6.582561e-11, strain = 8.018721e-03, elapsed = 13874.2 sec
[TwinWall] projected 4813 node(s)
Step =   6230: nodes = 32961, dt = 6.582561e-11, strain = 8.019379e-03, elapsed = 13877.5 sec
[TwinWall] projected 4817 node(s)
Step =   6231: nodes = 32962, dt = 7.899073e-11, strain = 8.020169e-03, elapsed = 13880.8 sec
[TwinWall] projected 4929 node(s)
Step =   6232: nodes = 32953, dt = 9.478888e-11, strain = 8.021117e-03, elapsed = 13884.2 sec
[TwinWall] projected 4941 node(s)
Step =   6233: nodes = 32947, dt = 1.137467e-10, strain = 8.022255e-03, elapsed = 13887.7 sec
[TwinWall] projected 4879 node(s)
Step =   6234: nodes = 32943, dt = 6.824799e-11, strain = 8.022937e-03, elapsed = 13892.8 sec
[TwinWall] projected 4844 node(s)
Step =   6235: nodes = 32969, dt = 6.824799e-11, strain = 8.023620e-03, elapsed = 13896.0 sec
[TwinWall] projected 4909 node(s)
Step =   6236: nodes = 32970, dt = 8.189759e-11, strain = 8.024438e-03, elapsed = 13899.3 sec
[TwinWall] projected 4944 node(s)
Step =   6237: nodes = 32964, dt = 9.827711e-11, strain = 8.025421e-03, elapsed = 13902.7 sec
[TwinWall] projected 4947 node(s)
Step =   6238: nodes = 32961, dt = 1.179325e-10, strain = 8.026601e-03, elapsed = 13906.1 sec
[TwinWall] projected 4837 node(s)
Step =   6239: nodes = 32978, dt = 7.075952e-11, strain = 8.027308e-03, elapsed = 13911.2 sec
[TwinWall] projected 4845 node(s)
Step =   6240: nodes = 32984, dt = 7.075952e-11, strain = 8.028016e-03, elapsed = 13914.5 sec
[TwinWall] projected 4902 node(s)
Step =   6241: nodes = 32988, dt = 8.491142e-11, strain = 8.028865e-03, elapsed = 13917.9 sec
[TwinWall] projected 5053 node(s)
Step =   6242: nodes = 32949, dt = 1.018937e-10, strain = 8.029884e-03, elapsed = 13921.3 sec
[TwinWall] projected 4889 node(s)
Step =   6243: nodes = 32990, dt = 6.113622e-11, strain = 8.030495e-03, elapsed = 13926.3 sec
[TwinWall] projected 4857 node(s)
Step =   6244: nodes = 32998, dt = 6.113622e-11, strain = 8.031107e-03, elapsed = 13929.6 sec
[TwinWall] projected 4937 node(s)
Step =   6245: nodes = 33010, dt = 7.336347e-11, strain = 8.031840e-03, elapsed = 13933.0 sec
[TwinWall] projected 4923 node(s)
Step =   6246: nodes = 33015, dt = 8.803616e-11, strain = 8.032721e-03, elapsed = 13936.3 sec
[TwinWall] projected 5056 node(s)
Step =   6247: nodes = 33018, dt = 1.056434e-10, strain = 8.033777e-03, elapsed = 13939.7 sec
[TwinWall] projected 4777 node(s)
Step =   6248: nodes = 33016, dt = 6.338604e-11, strain = 8.034411e-03, elapsed = 13944.9 sec
[TwinWall] projected 4738 node(s)
Step =   6249: nodes = 33014, dt = 6.338604e-11, strain = 8.035045e-03, elapsed = 13948.3 sec
[TwinWall] projected 4872 node(s)
Step =   6250: nodes = 33011, dt = 7.606324e-11, strain = 8.035805e-03, elapsed = 13951.7 sec
[TwinWall] projected 4938 node(s)
Step =   6251: nodes = 33027, dt = 9.127589e-11, strain = 8.036718e-03, elapsed = 13955.1 sec
[TwinWall] projected 5037 node(s)
Step =   6252: nodes = 33011, dt = 1.095311e-10, strain = 8.037813e-03, elapsed = 13958.5 sec
[TwinWall] projected 5097 node(s)
Step =   6253: nodes = 33015, dt = 1.314373e-10, strain = 8.039128e-03, elapsed = 13962.0 sec
[TwinWall] projected 4923 node(s)
Step =   6254: nodes = 33005, dt = 7.886237e-11, strain = 8.039916e-03, elapsed = 13967.1 sec
[TwinWall] projected 4935 node(s)
Step =   6255: nodes = 33015, dt = 7.886237e-11, strain = 8.040705e-03, elapsed = 13970.6 sec
[TwinWall] projected 5098 node(s)
Step =   6256: nodes = 33040, dt = 9.463485e-11, strain = 8.041651e-03, elapsed = 13974.1 sec
[TwinWall] projected 5092 node(s)
Step =   6257: nodes = 33054, dt = 1.135618e-10, strain = 8.042787e-03, elapsed = 13977.4 sec
[TwinWall] projected 4906 node(s)
Step =   6258: nodes = 33031, dt = 6.813709e-11, strain = 8.043468e-03, elapsed = 13982.6 sec
[TwinWall] projected 4807 node(s)
Step =   6259: nodes = 33052, dt = 6.813709e-11, strain = 8.044150e-03, elapsed = 13985.9 sec
[TwinWall] projected 4912 node(s)
Step =   6260: nodes = 33069, dt = 8.176451e-11, strain = 8.044967e-03, elapsed = 13989.3 sec
[TwinWall] projected 5085 node(s)
Step =   6261: nodes = 33064, dt = 9.811741e-11, strain = 8.045949e-03, elapsed = 13992.7 sec
[TwinWall] projected 5192 node(s)
Step =   6262: nodes = 33038, dt = 1.177409e-10, strain = 8.047126e-03, elapsed = 13996.1 sec
[TwinWall] projected 4876 node(s)
Step =   6263: nodes = 33061, dt = 7.064453e-11, strain = 8.047832e-03, elapsed = 14001.2 sec
[TwinWall] projected 4969 node(s)
Step =   6264: nodes = 33084, dt = 7.064453e-11, strain = 8.048539e-03, elapsed = 14004.5 sec
[TwinWall] projected 5093 node(s)
Step =   6265: nodes = 33085, dt = 8.477344e-11, strain = 8.049387e-03, elapsed = 14008.0 sec
[TwinWall] projected 5079 node(s)
Step =   6266: nodes = 33073, dt = 1.017281e-10, strain = 8.050404e-03, elapsed = 14011.4 sec
[TwinWall] projected 5182 node(s)
Step =   6267: nodes = 33070, dt = 1.220738e-10, strain = 8.051625e-03, elapsed = 14014.8 sec
[TwinWall] projected 5306 node(s)
Step =   6268: nodes = 33078, dt = 1.464885e-10, strain = 8.053089e-03, elapsed = 14018.2 sec
[TwinWall] projected 4945 node(s)
Step =   6269: nodes = 33064, dt = 8.789310e-11, strain = 8.053968e-03, elapsed = 14023.3 sec
[TwinWall] projected 5019 node(s)
Step =   6270: nodes = 33076, dt = 8.789310e-11, strain = 8.054847e-03, elapsed = 14026.8 sec
[TwinWall] projected 5144 node(s)
Step =   6271: nodes = 33091, dt = 1.054717e-10, strain = 8.055902e-03, elapsed = 14030.2 sec
[TwinWall] projected 4963 node(s)
Step =   6272: nodes = 33077, dt = 6.328303e-11, strain = 8.056535e-03, elapsed = 14035.4 sec
[TwinWall] projected 4856 node(s)
Step =   6273: nodes = 33098, dt = 6.328303e-11, strain = 8.057168e-03, elapsed = 14038.8 sec
[TwinWall] projected 4986 node(s)
Step =   6274: nodes = 33096, dt = 7.593964e-11, strain = 8.057927e-03, elapsed = 14042.2 sec
[TwinWall] projected 5025 node(s)
Step =   6275: nodes = 33100, dt = 9.112757e-11, strain = 8.058838e-03, elapsed = 14045.6 sec
[TwinWall] projected 5137 node(s)
Step =   6276: nodes = 33122, dt = 1.093531e-10, strain = 8.059932e-03, elapsed = 14049.1 sec
[TwinWall] projected 4968 node(s)
Step =   6277: nodes = 33112, dt = 6.561185e-11, strain = 8.060588e-03, elapsed = 14054.2 sec
[TwinWall] projected 4864 node(s)
Step =   6278: nodes = 33100, dt = 6.561185e-11, strain = 8.061244e-03, elapsed = 14057.5 sec
[TwinWall] projected 5014 node(s)
Step =   6279: nodes = 33086, dt = 7.873422e-11, strain = 8.062032e-03, elapsed = 14060.9 sec
[TwinWall] projected 5041 node(s)
Step =   6280: nodes = 33114, dt = 9.448106e-11, strain = 8.062976e-03, elapsed = 14064.3 sec
[TwinWall] projected 5119 node(s)
Step =   6281: nodes = 33093, dt = 1.133773e-10, strain = 8.064110e-03, elapsed = 14067.8 sec
[TwinWall] projected 4923 node(s)
Step =   6282: nodes = 33093, dt = 6.802637e-11, strain = 8.064790e-03, elapsed = 14072.9 sec
[TwinWall] projected 4847 node(s)
Step =   6283: nodes = 33105, dt = 6.802637e-11, strain = 8.065471e-03, elapsed = 14076.3 sec
[TwinWall] projected 4980 node(s)
Step =   6284: nodes = 33092, dt = 8.163164e-11, strain = 8.066287e-03, elapsed = 14079.7 sec
[TwinWall] projected 5034 node(s)
Step =   6285: nodes = 33100, dt = 9.795797e-11, strain = 8.067267e-03, elapsed = 14083.1 sec
[TwinWall] projected 5170 node(s)
Step =   6286: nodes = 33122, dt = 1.175496e-10, strain = 8.068442e-03, elapsed = 14086.6 sec
[TwinWall] projected 4957 node(s)
Step =   6287: nodes = 33128, dt = 7.052974e-11, strain = 8.069147e-03, elapsed = 14091.9 sec
[TwinWall] projected 5000 node(s)
Step =   6288: nodes = 33120, dt = 7.052974e-11, strain = 8.069853e-03, elapsed = 14095.4 sec
[TwinWall] projected 5063 node(s)
Step =   6289: nodes = 33112, dt = 8.463568e-11, strain = 8.070699e-03, elapsed = 14098.8 sec
[TwinWall] projected 5126 node(s)
Step =   6290: nodes = 33102, dt = 1.015628e-10, strain = 8.071715e-03, elapsed = 14102.2 sec
[TwinWall] projected 5083 node(s)
Step =   6291: nodes = 33094, dt = 1.218754e-10, strain = 8.072933e-03, elapsed = 14105.7 sec
[TwinWall] projected 5030 node(s)
Step =   6292: nodes = 33096, dt = 7.312523e-11, strain = 8.073665e-03, elapsed = 14110.9 sec
[TwinWall] projected 4877 node(s)
Step =   6293: nodes = 33098, dt = 7.312523e-11, strain = 8.074396e-03, elapsed = 14114.3 sec
[TwinWall] projected 5005 node(s)
Step =   6294: nodes = 33101, dt = 8.775028e-11, strain = 8.075273e-03, elapsed = 14117.7 sec
[TwinWall] projected 5135 node(s)
Step =   6295: nodes = 33128, dt = 1.053003e-10, strain = 8.076326e-03, elapsed = 14121.1 sec
[TwinWall] projected 5264 node(s)
Step =   6296: nodes = 33088, dt = 1.263604e-10, strain = 8.077590e-03, elapsed = 14124.6 sec
[TwinWall] projected 4962 node(s)
Step =   6297: nodes = 33088, dt = 7.581624e-11, strain = 8.078348e-03, elapsed = 14129.7 sec
[TwinWall] projected 5013 node(s)
Step =   6298: nodes = 33089, dt = 7.581624e-11, strain = 8.079106e-03, elapsed = 14133.2 sec
[TwinWall] projected 5042 node(s)
Step =   6299: nodes = 33104, dt = 9.097949e-11, strain = 8.080016e-03, elapsed = 14136.5 sec
[TwinWall] projected 5196 node(s)
Step =   6300: nodes = 33106, dt = 1.091754e-10, strain = 8.081108e-03, elapsed = 14140.1 sec
Writing configuration in legacy data format
 Output file: /data/home/dg000246b/openDIS/HomeWork/output_Cu_twin_rorient1/config.6300.data
Writing restart file
 Restart file: /data/home/dg000246b/openDIS/HomeWork/output_Cu_twin_rorient1/restart.6300.exadis
[TwinWall] projected 4940 node(s)
Step =   6301: nodes = 33089, dt = 6.550523e-11, strain = 8.081763e-03, elapsed = 14145.6 sec
[TwinWall] projected 4873 node(s)
Step =   6302: nodes = 33112, dt = 6.550523e-11, strain = 8.082418e-03, elapsed = 14148.9 sec
[TwinWall] projected 4884 node(s)
Step =   6303: nodes = 33120, dt = 7.860628e-11, strain = 8.083204e-03, elapsed = 14152.3 sec
[TwinWall] projected 5040 node(s)
Step =   6304: nodes = 33116, dt = 9.432753e-11, strain = 8.084147e-03, elapsed = 14155.8 sec
[TwinWall] projected 5163 node(s)
Step =   6305: nodes = 33088, dt = 1.131930e-10, strain = 8.085279e-03, elapsed = 14159.2 sec
[TwinWall] projected 4957 node(s)
Step =   6306: nodes = 33082, dt = 6.791582e-11, strain = 8.085958e-03, elapsed = 14164.4 sec
[TwinWall] projected 4812 node(s)
Step =   6307: nodes = 33099, dt = 6.791582e-11, strain = 8.086638e-03, elapsed = 14167.7 sec
[TwinWall] projected 4947 node(s)
Step =   6308: nodes = 33106, dt = 8.149899e-11, strain = 8.087453e-03, elapsed = 14171.1 sec
[TwinWall] projected 5018 node(s)
Step =   6309: nodes = 33079, dt = 9.779879e-11, strain = 8.088430e-03, elapsed = 14174.5 sec
[TwinWall] projected 5061 node(s)
Step =   6310: nodes = 33070, dt = 1.173585e-10, strain = 8.089604e-03, elapsed = 14177.9 sec
[TwinWall] projected 4925 node(s)
Step =   6311: nodes = 33066, dt = 7.041513e-11, strain = 8.090308e-03, elapsed = 14183.2 sec
[TwinWall] projected 4895 node(s)
Step =   6312: nodes = 33063, dt = 7.041513e-11, strain = 8.091012e-03, elapsed = 14186.5 sec
[TwinWall] projected 4852 node(s)
Step =   6313: nodes = 33078, dt = 8.449815e-11, strain = 8.091857e-03, elapsed = 14189.9 sec
[TwinWall] projected 4922 node(s)
Step =   6314: nodes = 33049, dt = 1.013978e-10, strain = 8.092871e-03, elapsed = 14193.3 sec
[TwinWall] projected 4969 node(s)
Step =   6315: nodes = 33054, dt = 1.216773e-10, strain = 8.094088e-03, elapsed = 14196.7 sec
[TwinWall] projected 4887 node(s)
Step =   6316: nodes = 33032, dt = 7.300640e-11, strain = 8.094818e-03, elapsed = 14201.9 sec
[TwinWall] projected 4771 node(s)
Step =   6317: nodes = 33033, dt = 7.300640e-11, strain = 8.095548e-03, elapsed = 14205.2 sec
[TwinWall] projected 4933 node(s)
Step =   6318: nodes = 33019, dt = 8.760768e-11, strain = 8.096424e-03, elapsed = 14208.5 sec
[TwinWall] projected 4982 node(s)
Step =   6319: nodes = 32986, dt = 1.051292e-10, strain = 8.097476e-03, elapsed = 14212.1 sec
[TwinWall] projected 5128 node(s)
Step =   6320: nodes = 32973, dt = 1.261551e-10, strain = 8.098737e-03, elapsed = 14215.6 sec
[TwinWall] projected 4812 node(s)
Step =   6321: nodes = 32969, dt = 7.569304e-11, strain = 8.099494e-03, elapsed = 14220.6 sec
[TwinWall] projected 4911 node(s)
Step =   6322: nodes = 32983, dt = 7.569304e-11, strain = 8.100251e-03, elapsed = 14224.0 sec
[TwinWall] projected 4913 node(s)
Step =   6323: nodes = 32983, dt = 9.083165e-11, strain = 8.101159e-03, elapsed = 14227.3 sec
[TwinWall] projected 4998 node(s)
Step =   6324: nodes = 32972, dt = 1.089980e-10, strain = 8.102249e-03, elapsed = 14230.8 sec
[TwinWall] projected 5101 node(s)
Step =   6325: nodes = 32968, dt = 1.307976e-10, strain = 8.103557e-03, elapsed = 14234.2 sec
[TwinWall] projected 4994 node(s)
Step =   6326: nodes = 32970, dt = 7.847854e-11, strain = 8.104342e-03, elapsed = 14239.3 sec
[TwinWall] projected 4867 node(s)
Step =   6327: nodes = 32975, dt = 7.847854e-11, strain = 8.105127e-03, elapsed = 14242.8 sec
[TwinWall] projected 5044 node(s)
Step =   6328: nodes = 32970, dt = 9.417425e-11, strain = 8.106069e-03, elapsed = 14246.2 sec
[TwinWall] projected 4985 node(s)
Step =   6329: nodes = 32977, dt = 1.130091e-10, strain = 8.107199e-03, elapsed = 14249.6 sec
[TwinWall] projected 4928 node(s)
Step =   6330: nodes = 32988, dt = 6.780546e-11, strain = 8.107877e-03, elapsed = 14254.7 sec
[TwinWall] projected 4878 node(s)
Step =   6331: nodes = 32979, dt = 6.780546e-11, strain = 8.108555e-03, elapsed = 14258.1 sec
[TwinWall] projected 4783 node(s)
Step =   6332: nodes = 32991, dt = 8.136655e-11, strain = 8.109368e-03, elapsed = 14261.3 sec
[TwinWall] projected 5005 node(s)
Step =   6333: nodes = 32978, dt = 9.763986e-11, strain = 8.110345e-03, elapsed = 14264.8 sec
[TwinWall] projected 4972 node(s)
Step =   6334: nodes = 32953, dt = 1.171678e-10, strain = 8.111517e-03, elapsed = 14268.2 sec
[TwinWall] projected 5175 node(s)
Step =   6335: nodes = 32940, dt = 1.406014e-10, strain = 8.112923e-03, elapsed = 14271.7 sec
[TwinWall] projected 4830 node(s)
Step =   6336: nodes = 32937, dt = 8.436084e-11, strain = 8.113766e-03, elapsed = 14276.7 sec
[TwinWall] projected 4910 node(s)
Step =   6337: nodes = 32939, dt = 8.436084e-11, strain = 8.114610e-03, elapsed = 14280.1 sec
[TwinWall] projected 4973 node(s)
Step =   6338: nodes = 32962, dt = 1.012330e-10, strain = 8.115622e-03, elapsed = 14283.5 sec
[TwinWall] projected 5053 node(s)
Step =   6339: nodes = 32934, dt = 1.214796e-10, strain = 8.116837e-03, elapsed = 14286.9 sec
[TwinWall] projected 4835 node(s)
Step =   6340: nodes = 32923, dt = 7.288777e-11, strain = 8.117566e-03, elapsed = 14291.9 sec
[TwinWall] projected 4926 node(s)
Step =   6341: nodes = 32946, dt = 7.288777e-11, strain = 8.118295e-03, elapsed = 14295.3 sec
[TwinWall] projected 5003 node(s)
Step =   6342: nodes = 32938, dt = 8.746532e-11, strain = 8.119169e-03, elapsed = 14298.6 sec
[TwinWall] projected 5114 node(s)
Step =   6343: nodes = 32915, dt = 1.049584e-10, strain = 8.120219e-03, elapsed = 14302.4 sec
[TwinWall] projected 5149 node(s)
Step =   6344: nodes = 32918, dt = 1.259501e-10, strain = 8.121478e-03, elapsed = 14305.8 sec
[TwinWall] projected 5062 node(s)
Step =   6345: nodes = 32906, dt = 7.557004e-11, strain = 8.122234e-03, elapsed = 14310.9 sec
[TwinWall] projected 4963 node(s)
Step =   6346: nodes = 32913, dt = 7.557004e-11, strain = 8.122990e-03, elapsed = 14314.3 sec
[TwinWall] projected 5061 node(s)
Step =   6347: nodes = 32924, dt = 9.068404e-11, strain = 8.123897e-03, elapsed = 14317.6 sec
[TwinWall] projected 5042 node(s)
Step =   6348: nodes = 32922, dt = 1.088209e-10, strain = 8.124985e-03, elapsed = 14321.0 sec
[TwinWall] projected 5160 node(s)
Step =   6349: nodes = 32933, dt = 1.305850e-10, strain = 8.126291e-03, elapsed = 14324.4 sec
[TwinWall] projected 5004 node(s)
Step =   6350: nodes = 32944, dt = 7.835101e-11, strain = 8.127074e-03, elapsed = 14329.5 sec
[TwinWall] projected 4928 node(s)
Step =   6351: nodes = 32960, dt = 7.835101e-11, strain = 8.127858e-03, elapsed = 14333.0 sec
[TwinWall] projected 4961 node(s)
Step =   6352: nodes = 32933, dt = 9.402122e-11, strain = 8.128798e-03, elapsed = 14336.3 sec
[TwinWall] projected 5153 node(s)
Step =   6353: nodes = 32940, dt = 1.128255e-10, strain = 8.129926e-03, elapsed = 14339.7 sec
[TwinWall] projected 5063 node(s)
Step =   6354: nodes = 32933, dt = 1.353906e-10, strain = 8.131280e-03, elapsed = 14343.1 sec
[TwinWall] projected 4940 node(s)
Step =   6355: nodes = 32921, dt = 8.123433e-11, strain = 8.132092e-03, elapsed = 14348.2 sec
[TwinWall] projected 4971 node(s)
Step =   6356: nodes = 32958, dt = 8.123433e-11, strain = 8.132905e-03, elapsed = 14351.5 sec
[TwinWall] projected 5092 node(s)
Step =   6357: nodes = 32937, dt = 9.748120e-11, strain = 8.133880e-03, elapsed = 14354.9 sec
[TwinWall] projected 5060 node(s)
Step =   6358: nodes = 32960, dt = 1.169774e-10, strain = 8.135049e-03, elapsed = 14358.2 sec
[TwinWall] projected 4952 node(s)
Step =   6359: nodes = 32947, dt = 7.018646e-11, strain = 8.135751e-03, elapsed = 14363.6 sec
[TwinWall] projected 4953 node(s)
Step =   6360: nodes = 32952, dt = 7.018646e-11, strain = 8.136453e-03, elapsed = 14366.9 sec
[TwinWall] projected 4912 node(s)
Step =   6361: nodes = 32965, dt = 8.422375e-11, strain = 8.137295e-03, elapsed = 14370.2 sec
[TwinWall] projected 4947 node(s)
Step =   6362: nodes = 32946, dt = 1.010685e-10, strain = 8.138306e-03, elapsed = 14373.6 sec
[TwinWall] projected 4946 node(s)
Step =   6363: nodes = 32940, dt = 1.212822e-10, strain = 8.139519e-03, elapsed = 14377.0 sec
[TwinWall] projected 4926 node(s)
Step =   6364: nodes = 32941, dt = 7.276932e-11, strain = 8.140247e-03, elapsed = 14382.1 sec
[TwinWall] projected 4881 node(s)
Step =   6365: nodes = 32967, dt = 7.276932e-11, strain = 8.140974e-03, elapsed = 14385.5 sec
[TwinWall] projected 4851 node(s)
Step =   6366: nodes = 32963, dt = 8.732319e-11, strain = 8.141847e-03, elapsed = 14388.8 sec
[TwinWall] projected 5061 node(s)
Step =   6367: nodes = 32980, dt = 1.047878e-10, strain = 8.142895e-03, elapsed = 14392.3 sec
[TwinWall] projected 5191 node(s)
Step =   6368: nodes = 32943, dt = 1.257454e-10, strain = 8.144153e-03, elapsed = 14395.8 sec
[TwinWall] projected 4915 node(s)
Step =   6369: nodes = 32942, dt = 7.544723e-11, strain = 8.144907e-03, elapsed = 14400.9 sec
[TwinWall] projected 4955 node(s)
Step =   6370: nodes = 32942, dt = 7.544723e-11, strain = 8.145662e-03, elapsed = 14404.3 sec
[TwinWall] projected 4992 node(s)
Step =   6371: nodes = 32940, dt = 9.053668e-11, strain = 8.146567e-03, elapsed = 14407.6 sec
[TwinWall] projected 5088 node(s)
Step =   6372: nodes = 32953, dt = 1.086440e-10, strain = 8.147654e-03, elapsed = 14411.0 sec
[TwinWall] projected 4885 node(s)
Step =   6373: nodes = 32969, dt = 6.518641e-11, strain = 8.148305e-03, elapsed = 14416.0 sec
[TwinWall] projected 4852 node(s)
Step =   6374: nodes = 32959, dt = 6.518641e-11, strain = 8.148957e-03, elapsed = 14419.3 sec
[TwinWall] projected 4866 node(s)
Step =   6375: nodes = 32970, dt = 7.822369e-11, strain = 8.149740e-03, elapsed = 14422.8 sec
[TwinWall] projected 5036 node(s)
Step =   6376: nodes = 32977, dt = 9.386843e-11, strain = 8.150678e-03, elapsed = 14426.2 sec
[TwinWall] projected 5015 node(s)
Step =   6377: nodes = 32972, dt = 1.126421e-10, strain = 8.151805e-03, elapsed = 14429.6 sec
[TwinWall] projected 4956 node(s)
Step =   6378: nodes = 32965, dt = 6.758527e-11, strain = 8.152480e-03, elapsed = 14434.7 sec
[TwinWall] projected 4881 node(s)
Step =   6379: nodes = 32952, dt = 6.758527e-11, strain = 8.153156e-03, elapsed = 14438.0 sec
[TwinWall] projected 4835 node(s)
Step =   6380: nodes = 32942, dt = 8.110233e-11, strain = 8.153967e-03, elapsed = 14441.2 sec
[TwinWall] projected 5051 node(s)
Step =   6381: nodes = 32966, dt = 9.732279e-11, strain = 8.154941e-03, elapsed = 14444.7 sec
[TwinWall] projected 5057 node(s)
Step =   6382: nodes = 32957, dt = 1.167873e-10, strain = 8.156108e-03, elapsed = 14448.0 sec
[TwinWall] projected 5199 node(s)
Step =   6383: nodes = 32957, dt = 1.401448e-10, strain = 8.157510e-03, elapsed = 14451.4 sec
[TwinWall] projected 5052 node(s)
Step =   6384: nodes = 32938, dt = 8.408689e-11, strain = 8.158351e-03, elapsed = 14456.5 sec
[TwinWall] projected 4975 node(s)
Step =   6385: nodes = 32937, dt = 8.408689e-11, strain = 8.159192e-03, elapsed = 14459.9 sec
[TwinWall] projected 5028 node(s)
Step =   6386: nodes = 32961, dt = 1.009043e-10, strain = 8.160201e-03, elapsed = 14463.2 sec
[TwinWall] projected 5190 node(s)
Step =   6387: nodes = 32946, dt = 1.210851e-10, strain = 8.161412e-03, elapsed = 14466.7 sec
[TwinWall] projected 5043 node(s)
Step =   6388: nodes = 32940, dt = 7.265107e-11, strain = 8.162138e-03, elapsed = 14471.7 sec
[TwinWall] projected 4895 node(s)
Step =   6389: nodes = 32955, dt = 7.265107e-11, strain = 8.162865e-03, elapsed = 14475.0 sec
[TwinWall] projected 4864 node(s)
Step =   6390: nodes = 32932, dt = 8.718129e-11, strain = 8.163736e-03, elapsed = 14478.3 sec
[TwinWall] projected 5002 node(s)
Step =   6391: nodes = 32951, dt = 1.046175e-10, strain = 8.164783e-03, elapsed = 14481.7 sec
[TwinWall] projected 5102 node(s)
Step =   6392: nodes = 32915, dt = 1.255411e-10, strain = 8.166038e-03, elapsed = 14485.1 sec
[TwinWall] projected 4983 node(s)
Step =   6393: nodes = 32935, dt = 7.532463e-11, strain = 8.166791e-03, elapsed = 14490.2 sec
[TwinWall] projected 4981 node(s)
Step =   6394: nodes = 32943, dt = 7.532463e-11, strain = 8.167544e-03, elapsed = 14493.5 sec
[TwinWall] projected 5081 node(s)
Step =   6395: nodes = 32951, dt = 9.038956e-11, strain = 8.168448e-03, elapsed = 14496.8 sec
[TwinWall] projected 5023 node(s)
Step =   6396: nodes = 32976, dt = 1.084675e-10, strain = 8.169533e-03, elapsed = 14500.3 sec
[TwinWall] projected 5161 node(s)
Step =   6397: nodes = 32943, dt = 1.301610e-10, strain = 8.170835e-03, elapsed = 14503.7 sec
[TwinWall] projected 4903 node(s)
Step =   6398: nodes = 32940, dt = 7.809658e-11, strain = 8.171616e-03, elapsed = 14508.7 sec
[TwinWall] projected 4865 node(s)
Step =   6399: nodes = 32933, dt = 7.809658e-11, strain = 8.172397e-03, elapsed = 14512.0 sec
[TwinWall] projected 4981 node(s)
Step =   6400: nodes = 32905, dt = 9.371590e-11, strain = 8.173334e-03, elapsed = 14515.4 sec
Writing configuration in legacy data format
 Output file: /data/home/dg000246b/openDIS/HomeWork/output_Cu_twin_rorient1/config.6400.data
Writing restart file
 Restart file: /data/home/dg000246b/openDIS/HomeWork/output_Cu_twin_rorient1/restart.6400.exadis
[TwinWall] projected 4999 node(s)
Step =   6401: nodes = 32889, dt = 1.124591e-10, strain = 8.174458e-03, elapsed = 14519.1 sec
[TwinWall] projected 5086 node(s)
Step =   6402: nodes = 32902, dt = 1.349509e-10, strain = 8.175808e-03, elapsed = 14522.6 sec
[TwinWall] projected 4914 node(s)
Step =   6403: nodes = 32912, dt = 8.097053e-11, strain = 8.176618e-03, elapsed = 14527.6 sec
[TwinWall] projected 4965 node(s)
Step =   6404: nodes = 32908, dt = 8.097053e-11, strain = 8.177427e-03, elapsed = 14531.0 sec
[TwinWall] projected 5017 node(s)
Step =   6405: nodes = 32918, dt = 9.716464e-11, strain = 8.178399e-03, elapsed = 14534.3 sec
[TwinWall] projected 5001 node(s)
Step =   6406: nodes = 32900, dt = 1.165976e-10, strain = 8.179565e-03, elapsed = 14537.7 sec
[TwinWall] projected 4884 node(s)
Step =   6407: nodes = 32908, dt = 6.995854e-11, strain = 8.180264e-03, elapsed = 14542.9 sec
[TwinWall] projected 4750 node(s)
Step =   6408: nodes = 32912, dt = 6.995854e-11, strain = 8.180964e-03, elapsed = 14546.2 sec
[TwinWall] projected 4900 node(s)
Step =   6409: nodes = 32899, dt = 8.395025e-11, strain = 8.181804e-03, elapsed = 14549.5 sec
[TwinWall] projected 4907 node(s)
Step =   6410: nodes = 32881, dt = 1.007403e-10, strain = 8.182811e-03, elapsed = 14552.9 sec
[TwinWall] projected 4966 node(s)
Step =   6411: nodes = 32843, dt = 1.208884e-10, strain = 8.184020e-03, elapsed = 14556.3 sec
[TwinWall] projected 5017 node(s)
Step =   6412: nodes = 32809, dt = 1.450660e-10, strain = 8.185470e-03, elapsed = 14559.6 sec
[TwinWall] projected 4975 node(s)
Step =   6413: nodes = 32818, dt = 8.703962e-11, strain = 8.186341e-03, elapsed = 14564.8 sec
[TwinWall] projected 4866 node(s)
Step =   6414: nodes = 32825, dt = 8.703962e-11, strain = 8.187211e-03, elapsed = 14568.0 sec
[TwinWall] projected 5049 node(s)
Step =   6415: nodes = 32847, dt = 1.044475e-10, strain = 8.188256e-03, elapsed = 14571.4 sec
[TwinWall] projected 4963 node(s)
Step =   6416: nodes = 32845, dt = 1.253371e-10, strain = 8.189509e-03, elapsed = 14574.8 sec
[TwinWall] projected 4833 node(s)
Step =   6417: nodes = 32835, dt = 7.520223e-11, strain = 8.190261e-03, elapsed = 14579.9 sec
[TwinWall] projected 4685 node(s)
Step =   6418: nodes = 32846, dt = 7.520223e-11, strain = 8.191013e-03, elapsed = 14583.2 sec
[TwinWall] projected 4838 node(s)
Step =   6419: nodes = 32829, dt = 9.024268e-11, strain = 8.191916e-03, elapsed = 14586.6 sec
[TwinWall] projected 4925 node(s)
Step =   6420: nodes = 32821, dt = 1.082912e-10, strain = 8.192998e-03, elapsed = 14589.9 sec
[TwinWall] projected 4995 node(s)
Step =   6421: nodes = 32814, dt = 1.299495e-10, strain = 8.194298e-03, elapsed = 14593.4 sec
[TwinWall] projected 4870 node(s)
Step =   6422: nodes = 32817, dt = 7.796967e-11, strain = 8.195078e-03, elapsed = 14598.4 sec
[TwinWall] projected 4800 node(s)
Step =   6423: nodes = 32817, dt = 7.796967e-11, strain = 8.195857e-03, elapsed = 14601.8 sec
[TwinWall] projected 4896 node(s)
Step =   6424: nodes = 32842, dt = 9.356361e-11, strain = 8.196793e-03, elapsed = 14605.2 sec
[TwinWall] projected 4924 node(s)
Step =   6425: nodes = 32841, dt = 1.122763e-10, strain = 8.197916e-03, elapsed = 14608.5 sec
[TwinWall] projected 4838 node(s)
Step =   6426: nodes = 32849, dt = 6.736580e-11, strain = 8.198589e-03, elapsed = 14613.5 sec
[TwinWall] projected 4719 node(s)
Step =   6427: nodes = 32832, dt = 6.736580e-11, strain = 8.199263e-03, elapsed = 14616.8 sec
[TwinWall] projected 4749 node(s)
Step =   6428: nodes = 32818, dt = 8.083896e-11, strain = 8.200071e-03, elapsed = 14620.1 sec
[TwinWall] projected 4866 node(s)
Step =   6429: nodes = 32831, dt = 9.700675e-11, strain = 8.201042e-03, elapsed = 14623.5 sec
[TwinWall] projected 4936 node(s)
Step =   6430: nodes = 32814, dt = 1.164081e-10, strain = 8.202206e-03, elapsed = 14626.8 sec
[TwinWall] projected 4885 node(s)
Step =   6431: nodes = 32806, dt = 6.984486e-11, strain = 8.202904e-03, elapsed = 14631.8 sec
[TwinWall] projected 4660 node(s)
Step =   6432: nodes = 32837, dt = 6.984486e-11, strain = 8.203603e-03, elapsed = 14635.1 sec
[TwinWall] projected 4878 node(s)
Step =   6433: nodes = 32818, dt = 8.381383e-11, strain = 8.204441e-03, elapsed = 14638.4 sec
[TwinWall] projected 4921 node(s)
Step =   6434: nodes = 32813, dt = 1.005766e-10, strain = 8.205446e-03, elapsed = 14641.8 sec
[TwinWall] projected 5002 node(s)
Step =   6435: nodes = 32812, dt = 1.206919e-10, strain = 8.206653e-03, elapsed = 14645.2 sec
[TwinWall] projected 5096 node(s)
Step =   6436: nodes = 32815, dt = 1.448303e-10, strain = 8.208102e-03, elapsed = 14648.6 sec
[TwinWall] projected 4963 node(s)
Step =   6437: nodes = 32814, dt = 8.689818e-11, strain = 8.208971e-03, elapsed = 14653.6 sec
[TwinWall] projected 4870 node(s)
Step =   6438: nodes = 32836, dt = 8.689818e-11, strain = 8.209840e-03, elapsed = 14656.9 sec
[TwinWall] projected 5013 node(s)
Step =   6439: nodes = 32828, dt = 1.042778e-10, strain = 8.210882e-03, elapsed = 14660.2 sec
[TwinWall] projected 5093 node(s)
Step =   6440: nodes = 32840, dt = 1.251334e-10, strain = 8.212134e-03, elapsed = 14663.8 sec
[TwinWall] projected 5149 node(s)
Step =   6441: nodes = 32804, dt = 1.501601e-10, strain = 8.213635e-03, elapsed = 14667.2 sec
[TwinWall] projected 5055 node(s)
Step =   6442: nodes = 32820, dt = 9.009603e-11, strain = 8.214536e-03, elapsed = 14672.2 sec
[TwinWall] projected 4970 node(s)
Step =   6443: nodes = 32835, dt = 9.009603e-11, strain = 8.215437e-03, elapsed = 14675.5 sec
[TwinWall] projected 5076 node(s)
Step =   6444: nodes = 32841, dt = 1.081152e-10, strain = 8.216518e-03, elapsed = 14678.9 sec
[TwinWall] projected 5137 node(s)
Step =   6445: nodes = 32829, dt = 1.297383e-10, strain = 8.217816e-03, elapsed = 14682.3 sec
[TwinWall] projected 4929 node(s)
Step =   6446: nodes = 32820, dt = 7.784297e-11, strain = 8.218594e-03, elapsed = 14687.3 sec
[TwinWall] projected 4736 node(s)
Step =   6447: nodes = 32824, dt = 7.784297e-11, strain = 8.219373e-03, elapsed = 14690.6 sec
[TwinWall] projected 4944 node(s)
Step =   6448: nodes = 32822, dt = 9.341157e-11, strain = 8.220307e-03, elapsed = 14694.0 sec
[TwinWall] projected 4926 node(s)
Step =   6449: nodes = 32804, dt = 1.120939e-10, strain = 8.221428e-03, elapsed = 14697.4 sec
[TwinWall] projected 5121 node(s)
Step =   6450: nodes = 32806, dt = 1.345127e-10, strain = 8.222773e-03, elapsed = 14700.9 sec
[TwinWall] projected 4829 node(s)
Step =   6451: nodes = 32791, dt = 8.070759e-11, strain = 8.223580e-03, elapsed = 14705.9 sec
[TwinWall] projected 4926 node(s)
Step =   6452: nodes = 32793, dt = 8.070759e-11, strain = 8.224387e-03, elapsed = 14709.2 sec
[TwinWall] projected 4974 node(s)
Step =   6453: nodes = 32799, dt = 9.684911e-11, strain = 8.225355e-03, elapsed = 14712.5 sec
[TwinWall] projected 5124 node(s)
Step =   6454: nodes = 32797, dt = 1.162189e-10, strain = 8.226518e-03, elapsed = 14716.0 sec
[TwinWall] projected 4872 node(s)
Step =   6455: nodes = 32812, dt = 6.973136e-11, strain = 8.227215e-03, elapsed = 14721.0 sec
[TwinWall] projected 4968 node(s)
Step =   6456: nodes = 32828, dt = 6.973136e-11, strain = 8.227912e-03, elapsed = 14724.6 sec
[TwinWall] projected 5043 node(s)
Step =   6457: nodes = 32818, dt = 8.367763e-11, strain = 8.228749e-03, elapsed = 14728.0 sec
[TwinWall] projected 5067 node(s)
Step =   6458: nodes = 32814, dt = 1.004132e-10, strain = 8.229753e-03, elapsed = 14731.4 sec
[TwinWall] projected 5116 node(s)
Step =   6459: nodes = 32822, dt = 1.204958e-10, strain = 8.230958e-03, elapsed = 14734.8 sec
[TwinWall] projected 5266 node(s)
Step =   6460: nodes = 32816, dt = 1.445949e-10, strain = 8.232404e-03, elapsed = 14738.2 sec
[TwinWall] projected 4907 node(s)
Step =   6461: nodes = 32787, dt = 8.675697e-11, strain = 8.233272e-03, elapsed = 14743.2 sec
[TwinWall] projected 4958 node(s)
Step =   6462: nodes = 32784, dt = 8.675697e-11, strain = 8.234139e-03, elapsed = 14746.6 sec
[TwinWall] projected 5080 node(s)
Step =   6463: nodes = 32803, dt = 1.041084e-10, strain = 8.235180e-03, elapsed = 14750.0 sec
[TwinWall] projected 5149 node(s)
Step =   6464: nodes = 32813, dt = 1.249300e-10, strain = 8.236430e-03, elapsed = 14753.4 sec
[TwinWall] projected 5283 node(s)
Step =   6465: nodes = 32794, dt = 1.499160e-10, strain = 8.237929e-03, elapsed = 14756.9 sec
[TwinWall] projected 5060 node(s)
Step =   6466: nodes = 32799, dt = 8.994963e-11, strain = 8.238828e-03, elapsed = 14762.0 sec
[TwinWall] projected 5047 node(s)
Step =   6467: nodes = 32823, dt = 8.994963e-11, strain = 8.239728e-03, elapsed = 14765.2 sec
[TwinWall] projected 5104 node(s)
Step =   6468: nodes = 32817, dt = 1.079396e-10, strain = 8.240807e-03, elapsed = 14768.6 sec
[TwinWall] projected 5116 node(s)
Step =   6469: nodes = 32814, dt = 1.295275e-10, strain = 8.242102e-03, elapsed = 14772.0 sec
[TwinWall] projected 5102 node(s)
Step =   6470: nodes = 32800, dt = 7.771648e-11, strain = 8.242880e-03, elapsed = 14777.0 sec
[TwinWall] projected 4929 node(s)
Step =   6471: nodes = 32792, dt = 7.771648e-11, strain = 8.243657e-03, elapsed = 14780.3 sec
[TwinWall] projected 5012 node(s)
Step =   6472: nodes = 32780, dt = 9.325977e-11, strain = 8.244589e-03, elapsed = 14783.8 sec
[TwinWall] projected 5093 node(s)
Step =   6473: nodes = 32760, dt = 1.119117e-10, strain = 8.245708e-03, elapsed = 14787.1 sec
[TwinWall] projected 5237 node(s)
Step =   6474: nodes = 32791, dt = 1.342941e-10, strain = 8.247051e-03, elapsed = 14790.6 sec
[TwinWall] projected 4876 node(s)
Step =   6475: nodes = 32789, dt = 8.057644e-11, strain = 8.247857e-03, elapsed = 14795.6 sec
[TwinWall] projected 4979 node(s)
Step =   6476: nodes = 32818, dt = 8.057644e-11, strain = 8.248663e-03, elapsed = 14799.0 sec
[TwinWall] projected 5051 node(s)
Step =   6477: nodes = 32818, dt = 9.669173e-11, strain = 8.249630e-03, elapsed = 14802.3 sec
[TwinWall] projected 5107 node(s)
Step =   6478: nodes = 32823, dt = 1.160301e-10, strain = 8.250790e-03, elapsed = 14805.7 sec
[TwinWall] projected 4885 node(s)
Step =   6479: nodes = 32826, dt = 6.961805e-11, strain = 8.251486e-03, elapsed = 14810.7 sec
[TwinWall] projected 4831 node(s)
Step =   6480: nodes = 32848, dt = 6.961805e-11, strain = 8.252183e-03, elapsed = 14814.0 sec
[TwinWall] projected 5018 node(s)
Step =   6481: nodes = 32828, dt = 8.354166e-11, strain = 8.253018e-03, elapsed = 14817.5 sec
[TwinWall] projected 5044 node(s)
Step =   6482: nodes = 32834, dt = 1.002500e-10, strain = 8.254020e-03, elapsed = 14820.8 sec
[TwinWall] projected 5187 node(s)
Step =   6483: nodes = 32834, dt = 1.203000e-10, strain = 8.255223e-03, elapsed = 14824.3 sec
[TwinWall] projected 5329 node(s)
Step =   6484: nodes = 32830, dt = 1.443600e-10, strain = 8.256667e-03, elapsed = 14827.8 sec
[TwinWall] projected 5045 node(s)
Step =   6485: nodes = 32841, dt = 8.661599e-11, strain = 8.257533e-03, elapsed = 14832.8 sec
[TwinWall] projected 5050 node(s)
Step =   6486: nodes = 32839, dt = 8.661599e-11, strain = 8.258399e-03, elapsed = 14836.3 sec
[TwinWall] projected 5013 node(s)
Step =   6487: nodes = 32869, dt = 1.039392e-10, strain = 8.259439e-03, elapsed = 14839.6 sec
[TwinWall] projected 5125 node(s)
Step =   6488: nodes = 32869, dt = 1.247270e-10, strain = 8.260686e-03, elapsed = 14843.3 sec
[TwinWall] projected 5074 node(s)
Step =   6489: nodes = 32844, dt = 7.483621e-11, strain = 8.261434e-03, elapsed = 14848.3 sec
[TwinWall] projected 5018 node(s)
Step =   6490: nodes = 32850, dt = 7.483621e-11, strain = 8.262183e-03, elapsed = 14851.7 sec
[TwinWall] projected 4947 node(s)
Step =   6491: nodes = 32844, dt = 8.980346e-11, strain = 8.263081e-03, elapsed = 14855.1 sec
[TwinWall] projected 5032 node(s)
Step =   6492: nodes = 32860, dt = 1.077641e-10, strain = 8.264158e-03, elapsed = 14858.4 sec
[TwinWall] projected 5069 node(s)
Step =   6493: nodes = 32841, dt = 1.293170e-10, strain = 8.265452e-03, elapsed = 14861.9 sec
[TwinWall] projected 4871 node(s)
Step =   6494: nodes = 32836, dt = 7.759019e-11, strain = 8.266228e-03, elapsed = 14866.9 sec
[TwinWall] projected 4915 node(s)
Step =   6495: nodes = 32819, dt = 7.759019e-11, strain = 8.267003e-03, elapsed = 14870.2 sec
[TwinWall] projected 4938 node(s)
Step =   6496: nodes = 32814, dt = 9.310822e-11, strain = 8.267934e-03, elapsed = 14873.6 sec
[TwinWall] projected 4927 node(s)
Step =   6497: nodes = 32811, dt = 1.117299e-10, strain = 8.269052e-03, elapsed = 14877.0 sec
[TwinWall] projected 5007 node(s)
Step =   6498: nodes = 32813, dt = 1.340758e-10, strain = 8.270393e-03, elapsed = 14880.5 sec
[TwinWall] projected 4883 node(s)
Step =   6499: nodes = 32807, dt = 8.044551e-11, strain = 8.271197e-03, elapsed = 14885.5 sec
[TwinWall] projected 4828 node(s)
Step =   6500: nodes = 32806, dt = 8.044551e-11, strain = 8.272001e-03, elapsed = 14888.8 sec
Writing configuration in legacy data format
 Output file: /data/home/dg000246b/openDIS/HomeWork/output_Cu_twin_rorient1/config.6500.data
Writing restart file
 Restart file: /data/home/dg000246b/openDIS/HomeWork/output_Cu_twin_rorient1/restart.6500.exadis
[TwinWall] projected 4981 node(s)
Step =   6501: nodes = 32819, dt = 9.653461e-11, strain = 8.272967e-03, elapsed = 14892.6 sec
[TwinWall] projected 4963 node(s)
Step =   6502: nodes = 32819, dt = 1.158415e-10, strain = 8.274125e-03, elapsed = 14895.9 sec
[TwinWall] projected 4895 node(s)
Step =   6503: nodes = 32828, dt = 6.950492e-11, strain = 8.274820e-03, elapsed = 14901.0 sec
[TwinWall] projected 4845 node(s)
Step =   6504: nodes = 32815, dt = 6.950492e-11, strain = 8.275515e-03, elapsed = 14904.5 sec
[TwinWall] projected 4808 node(s)
Step =   6505: nodes = 32820, dt = 8.340590e-11, strain = 8.276349e-03, elapsed = 14907.8 sec
[TwinWall] projected 5004 node(s)
Step =   6506: nodes = 32840, dt = 1.000871e-10, strain = 8.277350e-03, elapsed = 14911.3 sec
[TwinWall] projected 5027 node(s)
Step =   6507: nodes = 32844, dt = 1.201045e-10, strain = 8.278551e-03, elapsed = 14914.6 sec
[TwinWall] projected 5176 node(s)
Step =   6508: nodes = 32838, dt = 1.441254e-10, strain = 8.279993e-03, elapsed = 14918.1 sec
[TwinWall] projected 5077 node(s)
Step =   6509: nodes = 32850, dt = 8.647524e-11, strain = 8.280857e-03, elapsed = 14923.3 sec
[TwinWall] projected 5022 node(s)
Step =   6510: nodes = 32820, dt = 8.647524e-11, strain = 8.281722e-03, elapsed = 14926.6 sec
[TwinWall] projected 5143 node(s)
Step =   6511: nodes = 32851, dt = 1.037703e-10, strain = 8.282760e-03, elapsed = 14930.1 sec
[TwinWall] projected 5213 node(s)
Step =   6512: nodes = 32859, dt = 1.245243e-10, strain = 8.284005e-03, elapsed = 14933.6 sec
[TwinWall] projected 5055 node(s)
Step =   6513: nodes = 32867, dt = 7.471461e-11, strain = 8.284752e-03, elapsed = 14938.7 sec
[TwinWall] projected 4999 node(s)
Step =   6514: nodes = 32850, dt = 7.471461e-11, strain = 8.285499e-03, elapsed = 14941.9 sec
[TwinWall] projected 5051 node(s)
Step =   6515: nodes = 32861, dt = 8.965753e-11, strain = 8.286396e-03, elapsed = 14945.3 sec
[TwinWall] projected 5072 node(s)
Step =   6516: nodes = 32877, dt = 1.075890e-10, strain = 8.287472e-03, elapsed = 14948.6 sec
[TwinWall] projected 5100 node(s)
Step =   6517: nodes = 32859, dt = 1.291068e-10, strain = 8.288763e-03, elapsed = 14952.0 sec
[TwinWall] projected 4934 node(s)
Step =   6518: nodes = 32839, dt = 7.746410e-11, strain = 8.289537e-03, elapsed = 14957.0 sec
[TwinWall] projected 5034 node(s)
Step =   6519: nodes = 32834, dt = 7.746410e-11, strain = 8.290312e-03, elapsed = 14960.4 sec
[TwinWall] projected 4997 node(s)
Step =   6520: nodes = 32810, dt = 9.295692e-11, strain = 8.291242e-03, elapsed = 14963.8 sec
[TwinWall] projected 5045 node(s)
Step =   6521: nodes = 32802, dt = 1.115483e-10, strain = 8.292357e-03, elapsed = 14967.3 sec
[TwinWall] projected 5183 node(s)
Step =   6522: nodes = 32808, dt = 1.338580e-10, strain = 8.293696e-03, elapsed = 14970.8 sec
[TwinWall] projected 4935 node(s)
Step =   6523: nodes = 32808, dt = 8.031478e-11, strain = 8.294499e-03, elapsed = 14975.8 sec
[TwinWall] projected 4963 node(s)
Step =   6524: nodes = 32810, dt = 8.031478e-11, strain = 8.295302e-03, elapsed = 14979.2 sec
[TwinWall] projected 4904 node(s)
Step =   6525: nodes = 32806, dt = 9.637774e-11, strain = 8.296266e-03, elapsed = 14982.5 sec
[TwinWall] projected 5138 node(s)
Step =   6526: nodes = 32805, dt = 1.156533e-10, strain = 8.297422e-03, elapsed = 14985.9 sec
[TwinWall] projected 4867 node(s)
Step =   6527: nodes = 32799, dt = 6.939197e-11, strain = 8.298116e-03, elapsed = 14990.9 sec
[TwinWall] projected 4882 node(s)
Step =   6528: nodes = 32811, dt = 6.939197e-11, strain = 8.298810e-03, elapsed = 14994.1 sec
[TwinWall] projected 5068 node(s)
Step =   6529: nodes = 32823, dt = 8.327037e-11, strain = 8.299643e-03, elapsed = 14997.5 sec
[TwinWall] projected 5057 node(s)
Step =   6530: nodes = 32818, dt = 9.992444e-11, strain = 8.300642e-03, elapsed = 15000.8 sec
[TwinWall] projected 5141 node(s)
Step =   6531: nodes = 32800, dt = 1.199093e-10, strain = 8.301841e-03, elapsed = 15004.2 sec
[TwinWall] projected 5249 node(s)
Step =   6532: nodes = 32807, dt = 1.438912e-10, strain = 8.303280e-03, elapsed = 15007.7 sec
[TwinWall] projected 4966 node(s)
Step =   6533: nodes = 32798, dt = 8.633472e-11, strain = 8.304143e-03, elapsed = 15012.7 sec
[TwinWall] projected 5008 node(s)
Step =   6534: nodes = 32804, dt = 8.633472e-11, strain = 8.305007e-03, elapsed = 15016.0 sec
[TwinWall] projected 4993 node(s)
Step =   6535: nodes = 32821, dt = 1.036017e-10, strain = 8.306043e-03, elapsed = 15019.4 sec
[TwinWall] projected 5035 node(s)
Step =   6536: nodes = 32815, dt = 1.243220e-10, strain = 8.307286e-03, elapsed = 15023.2 sec
[TwinWall] projected 4898 node(s)
Step =   6537: nodes = 32830, dt = 7.459319e-11, strain = 8.308032e-03, elapsed = 15028.2 sec
[TwinWall] projected 4964 node(s)
Step =   6538: nodes = 32833, dt = 7.459319e-11, strain = 8.308778e-03, elapsed = 15031.6 sec
[TwinWall] projected 4975 node(s)
Step =   6539: nodes = 32818, dt = 8.951183e-11, strain = 8.309673e-03, elapsed = 15034.9 sec
[TwinWall] projected 5018 node(s)
Step =   6540: nodes = 32802, dt = 1.074142e-10, strain = 8.310747e-03, elapsed = 15038.3 sec
[TwinWall] projected 5136 node(s)
Step =   6541: nodes = 32804, dt = 1.288970e-10, strain = 8.312036e-03, elapsed = 15041.7 sec
[TwinWall] projected 4896 node(s)
Step =   6542: nodes = 32806, dt = 7.733822e-11, strain = 8.312810e-03, elapsed = 15046.8 sec
[TwinWall] projected 4936 node(s)
Step =   6543: nodes = 32831, dt = 7.733822e-11, strain = 8.313583e-03, elapsed = 15050.1 sec
[TwinWall] projected 5075 node(s)
Step =   6544: nodes = 32825, dt = 9.280587e-11, strain = 8.314511e-03, elapsed = 15053.4 sec
[TwinWall] projected 5075 node(s)
Step =   6545: nodes = 32826, dt = 1.113670e-10, strain = 8.315625e-03, elapsed = 15056.8 sec
[TwinWall] projected 5169 node(s)
Step =   6546: nodes = 32819, dt = 1.336405e-10, strain = 8.316961e-03, elapsed = 15060.3 sec
[TwinWall] projected 5025 node(s)
Step =   6547: nodes = 32833, dt = 8.018427e-11, strain = 8.317763e-03, elapsed = 15065.2 sec
[TwinWall] projected 5002 node(s)
Step =   6548: nodes = 32840, dt = 8.018427e-11, strain = 8.318565e-03, elapsed = 15068.6 sec
[TwinWall] projected 5117 node(s)
Step =   6549: nodes = 32860, dt = 9.622112e-11, strain = 8.319527e-03, elapsed = 15072.1 sec
[TwinWall] projected 5212 node(s)
Step =   6550: nodes = 32862, dt = 1.154653e-10, strain = 8.320682e-03, elapsed = 15075.4 sec
[TwinWall] projected 5317 node(s)
Step =   6551: nodes = 32860, dt = 1.385584e-10, strain = 8.322067e-03, elapsed = 15078.8 sec
[TwinWall] projected 5057 node(s)
Step =   6552: nodes = 32867, dt = 8.313505e-11, strain = 8.322899e-03, elapsed = 15084.0 sec
[TwinWall] projected 4990 node(s)
Step =   6553: nodes = 32852, dt = 8.313505e-11, strain = 8.323730e-03, elapsed = 15087.3 sec
[TwinWall] projected 5097 node(s)
Step =   6554: nodes = 32836, dt = 9.976206e-11, strain = 8.324728e-03, elapsed = 15090.7 sec
[TwinWall] projected 5108 node(s)
Step =   6555: nodes = 32862, dt = 1.197145e-10, strain = 8.325925e-03, elapsed = 15094.0 sec
[TwinWall] projected 5177 node(s)
Step =   6556: nodes = 32841, dt = 1.436574e-10, strain = 8.327361e-03, elapsed = 15097.5 sec
[TwinWall] projected 4953 node(s)
Step =   6557: nodes = 32833, dt = 8.619442e-11, strain = 8.328223e-03, elapsed = 15102.5 sec
[TwinWall] projected 5013 node(s)
Step =   6558: nodes = 32854, dt = 8.619442e-11, strain = 8.329085e-03, elapsed = 15105.8 sec
[TwinWall] projected 5003 node(s)
Step =   6559: nodes = 32840, dt = 1.034333e-10, strain = 8.330119e-03, elapsed = 15109.2 sec
[TwinWall] projected 5146 node(s)
Step =   6560: nodes = 32826, dt = 1.241200e-10, strain = 8.331361e-03, elapsed = 15112.6 sec
[TwinWall] projected 4937 node(s)
Step =   6561: nodes = 32840, dt = 7.447198e-11, strain = 8.332105e-03, elapsed = 15117.7 sec
[TwinWall] projected 4911 node(s)
Step =   6562: nodes = 32837, dt = 7.447198e-11, strain = 8.332850e-03, elapsed = 15121.0 sec
[TwinWall] projected 4927 node(s)
Step =   6563: nodes = 32850, dt = 8.936638e-11, strain = 8.333744e-03, elapsed = 15124.3 sec
[TwinWall] projected 5001 node(s)
Step =   6564: nodes = 32844, dt = 1.072397e-10, strain = 8.334816e-03, elapsed = 15127.7 sec
[TwinWall] projected 5062 node(s)
Step =   6565: nodes = 32848, dt = 1.286876e-10, strain = 8.336103e-03, elapsed = 15131.1 sec
[TwinWall] projected 4976 node(s)
Step =   6566: nodes = 32841, dt = 7.721255e-11, strain = 8.336875e-03, elapsed = 15136.1 sec
[TwinWall] projected 4911 node(s)
Step =   6567: nodes = 32847, dt = 7.721255e-11, strain = 8.337647e-03, elapsed = 15139.4 sec
[TwinWall] projected 5031 node(s)
Step =   6568: nodes = 32856, dt = 9.265506e-11, strain = 8.338574e-03, elapsed = 15142.7 sec
[TwinWall] projected 5001 node(s)
Step =   6569: nodes = 32831, dt = 1.111861e-10, strain = 8.339686e-03, elapsed = 15146.3 sec
[TwinWall] projected 5125 node(s)
Step =   6570: nodes = 32853, dt = 1.334233e-10, strain = 8.341020e-03, elapsed = 15149.7 sec
[TwinWall] projected 4894 node(s)
Step =   6571: nodes = 32836, dt = 8.005397e-11, strain = 8.341820e-03, elapsed = 15154.7 sec
[TwinWall] projected 4918 node(s)
Step =   6572: nodes = 32832, dt = 8.005397e-11, strain = 8.342621e-03, elapsed = 15158.1 sec
[TwinWall] projected 4961 node(s)
Step =   6573: nodes = 32835, dt = 9.606476e-11, strain = 8.343582e-03, elapsed = 15161.4 sec
[TwinWall] projected 5031 node(s)
Step =   6574: nodes = 32850, dt = 1.152777e-10, strain = 8.344734e-03, elapsed = 15164.8 sec
[TwinWall] projected 5155 node(s)
Step =   6575: nodes = 32854, dt = 1.383333e-10, strain = 8.346118e-03, elapsed = 15168.2 sec
[TwinWall] projected 5012 node(s)
Step =   6576: nodes = 32875, dt = 8.299996e-11, strain = 8.346948e-03, elapsed = 15173.2 sec
[TwinWall] projected 4927 node(s)
Step =   6577: nodes = 32868, dt = 8.299996e-11, strain = 8.347778e-03, elapsed = 15176.5 sec
[TwinWall] projected 4903 node(s)
Step =   6578: nodes = 32864, dt = 9.959995e-11, strain = 8.348774e-03, elapsed = 15179.9 sec
[TwinWall] projected 4970 node(s)
Step =   6579: nodes = 32835, dt = 1.195199e-10, strain = 8.349969e-03, elapsed = 15183.2 sec
[TwinWall] projected 4918 node(s)
Step =   6580: nodes = 32830, dt = 7.171196e-11, strain = 8.350686e-03, elapsed = 15188.2 sec
[TwinWall] projected 4828 node(s)
Step =   6581: nodes = 32822, dt = 7.171196e-11, strain = 8.351403e-03, elapsed = 15191.5 sec
[TwinWall] projected 4929 node(s)
Step =   6582: nodes = 32826, dt = 8.605436e-11, strain = 8.352264e-03, elapsed = 15194.9 sec
[TwinWall] projected 5012 node(s)
Step =   6583: nodes = 32845, dt = 1.032652e-10, strain = 8.353296e-03, elapsed = 15198.1 sec
[TwinWall] projected 5094 node(s)
Step =   6584: nodes = 32820, dt = 1.239183e-10, strain = 8.354536e-03, elapsed = 15201.6 sec
[TwinWall] projected 5195 node(s)
Step =   6585: nodes = 32842, dt = 1.487019e-10, strain = 8.356023e-03, elapsed = 15205.2 sec
[TwinWall] projected 4967 node(s)
Step =   6586: nodes = 32825, dt = 8.922116e-11, strain = 8.356915e-03, elapsed = 15210.2 sec
[TwinWall] projected 4960 node(s)
Step =   6587: nodes = 32841, dt = 8.922116e-11, strain = 8.357807e-03, elapsed = 15213.6 sec
[TwinWall] projected 4953 node(s)
Step =   6588: nodes = 32824, dt = 1.070654e-10, strain = 8.358878e-03, elapsed = 15216.9 sec
[TwinWall] projected 5024 node(s)
Step =   6589: nodes = 32821, dt = 1.284785e-10, strain = 8.360162e-03, elapsed = 15220.3 sec
[TwinWall] projected 5054 node(s)
Step =   6590: nodes = 32819, dt = 1.541742e-10, strain = 8.361704e-03, elapsed = 15223.8 sec
[TwinWall] projected 4969 node(s)
Step =   6591: nodes = 32825, dt = 9.250449e-11, strain = 8.362629e-03, elapsed = 15228.9 sec
[TwinWall] projected 4968 node(s)
Step =   6592: nodes = 32818, dt = 9.250449e-11, strain = 8.363554e-03, elapsed = 15232.2 sec
[TwinWall] projected 5045 node(s)
Step =   6593: nodes = 32809, dt = 1.110054e-10, strain = 8.364664e-03, elapsed = 15235.7 sec
[TwinWall] projected 5121 node(s)
Step =   6594: nodes = 32824, dt = 1.332065e-10, strain = 8.365996e-03, elapsed = 15239.1 sec
[TwinWall] projected 5125 node(s)
Step =   6595: nodes = 32813, dt = 1.598478e-10, strain = 8.367595e-03, elapsed = 15242.6 sec
[TwinWall] projected 4775 node(s)
Step =   6596: nodes = 32824, dt = 4.795433e-11, strain = 8.368074e-03, elapsed = 15249.4 sec
[TwinWall] projected 4705 node(s)
Step =   6597: nodes = 32808, dt = 4.795433e-11, strain = 8.368554e-03, elapsed = 15252.7 sec
[TwinWall] projected 4766 node(s)
Step =   6598: nodes = 32828, dt = 5.754520e-11, strain = 8.369129e-03, elapsed = 15256.0 sec
[TwinWall] projected 4773 node(s)
Step =   6599: nodes = 32822, dt = 6.905423e-11, strain = 8.369820e-03, elapsed = 15259.2 sec
[TwinWall] projected 4877 node(s)
Step =   6600: nodes = 32852, dt = 8.286508e-11, strain = 8.370649e-03, elapsed = 15262.7 sec
Writing configuration in legacy data format
 Output file: /data/home/dg000246b/openDIS/HomeWork/output_Cu_twin_rorient1/config.6600.data
Writing restart file
 Restart file: /data/home/dg000246b/openDIS/HomeWork/output_Cu_twin_rorient1/restart.6600.exadis
[TwinWall] projected 4931 node(s)
Step =   6601: nodes = 32852, dt = 9.943810e-11, strain = 8.371643e-03, elapsed = 15266.4 sec
[TwinWall] projected 5049 node(s)
Step =   6602: nodes = 32839, dt = 1.193257e-10, strain = 8.372836e-03, elapsed = 15269.8 sec
[TwinWall] projected 5153 node(s)
Step =   6603: nodes = 32814, dt = 1.431909e-10, strain = 8.374268e-03, elapsed = 15273.3 sec
[TwinWall] projected 5014 node(s)
Step =   6604: nodes = 32833, dt = 8.591452e-11, strain = 8.375127e-03, elapsed = 15278.4 sec
[TwinWall] projected 4996 node(s)
Step =   6605: nodes = 32852, dt = 8.591452e-11, strain = 8.375986e-03, elapsed = 15281.7 sec
[TwinWall] projected 5047 node(s)
Step =   6606: nodes = 32831, dt = 1.030974e-10, strain = 8.377017e-03, elapsed = 15285.0 sec
[TwinWall] projected 5187 node(s)
Step =   6607: nodes = 32835, dt = 1.237169e-10, strain = 8.378255e-03, elapsed = 15288.4 sec
[TwinWall] projected 5275 node(s)
Step =   6608: nodes = 32828, dt = 1.484603e-10, strain = 8.379739e-03, elapsed = 15291.9 sec
[TwinWall] projected 4936 node(s)
Step =   6609: nodes = 32820, dt = 8.907617e-11, strain = 8.380630e-03, elapsed = 15296.8 sec
[TwinWall] projected 4961 node(s)
Step =   6610: nodes = 32798, dt = 8.907617e-11, strain = 8.381521e-03, elapsed = 15300.3 sec
[TwinWall] projected 4931 node(s)
Step =   6611: nodes = 32827, dt = 1.068914e-10, strain = 8.382590e-03, elapsed = 15303.6 sec
[TwinWall] projected 5030 node(s)
Step =   6612: nodes = 32803, dt = 1.282697e-10, strain = 8.383872e-03, elapsed = 15307.0 sec
[TwinWall] projected 4922 node(s)
Step =   6613: nodes = 32777, dt = 7.696181e-11, strain = 8.384642e-03, elapsed = 15312.0 sec
[TwinWall] projected 4760 node(s)
Step =   6614: nodes = 32812, dt = 7.696181e-11, strain = 8.385412e-03, elapsed = 15315.4 sec
[TwinWall] projected 4896 node(s)
Step =   6615: nodes = 32840, dt = 9.235417e-11, strain = 8.386335e-03, elapsed = 15318.7 sec
[TwinWall] projected 4953 node(s)
Step =   6616: nodes = 32816, dt = 1.108250e-10, strain = 8.387443e-03, elapsed = 15322.1 sec
[TwinWall] projected 5021 node(s)
Step =   6617: nodes = 32793, dt = 1.329900e-10, strain = 8.388773e-03, elapsed = 15325.6 sec
[TwinWall] projected 4862 node(s)
Step =   6618: nodes = 32787, dt = 7.979401e-11, strain = 8.389571e-03, elapsed = 15330.6 sec
[TwinWall] projected 4859 node(s)
Step =   6619: nodes = 32775, dt = 7.979401e-11, strain = 8.390369e-03, elapsed = 15333.9 sec
[TwinWall] projected 4983 node(s)
Step =   6620: nodes = 32793, dt = 9.575281e-11, strain = 8.391327e-03, elapsed = 15337.3 sec
[TwinWall] projected 4937 node(s)
Step =   6621: nodes = 32800, dt = 1.149034e-10, strain = 8.392476e-03, elapsed = 15340.6 sec
[TwinWall] projected 4891 node(s)
Step =   6622: nodes = 32772, dt = 6.894202e-11, strain = 8.393165e-03, elapsed = 15345.7 sec
[TwinWall] projected 4818 node(s)
Step =   6623: nodes = 32774, dt = 6.894202e-11, strain = 8.393855e-03, elapsed = 15349.0 sec
[TwinWall] projected 4862 node(s)
Step =   6624: nodes = 32773, dt = 8.273043e-11, strain = 8.394682e-03, elapsed = 15352.3 sec
[TwinWall] projected 4964 node(s)
Step =   6625: nodes = 32768, dt = 9.927651e-11, strain = 8.395675e-03, elapsed = 15355.6 sec
[TwinWall] projected 5009 node(s)
Step =   6626: nodes = 32749, dt = 1.191318e-10, strain = 8.396866e-03, elapsed = 15359.0 sec
[TwinWall] projected 4842 node(s)
Step =   6627: nodes = 32761, dt = 7.147909e-11, strain = 8.397581e-03, elapsed = 15364.0 sec
[TwinWall] projected 4838 node(s)
Step =   6628: nodes = 32767, dt = 7.147909e-11, strain = 8.398296e-03, elapsed = 15367.3 sec
[TwinWall] projected 4865 node(s)
Step =   6629: nodes = 32776, dt = 8.577491e-11, strain = 8.399153e-03, elapsed = 15370.6 sec
[TwinWall] projected 4960 node(s)
Step =   6630: nodes = 32796, dt = 1.029299e-10, strain = 8.400183e-03, elapsed = 15374.0 sec
[TwinWall] projected 4952 node(s)
Step =   6631: nodes = 32789, dt = 1.235159e-10, strain = 8.401418e-03, elapsed = 15377.3 sec
[TwinWall] projected 4930 node(s)
Step =   6632: nodes = 32776, dt = 7.410952e-11, strain = 8.402159e-03, elapsed = 15382.3 sec
[TwinWall] projected 4749 node(s)
Step =   6633: nodes = 32784, dt = 7.410952e-11, strain = 8.402900e-03, elapsed = 15385.6 sec
[TwinWall] projected 4875 node(s)
Step =   6634: nodes = 32787, dt = 8.893142e-11, strain = 8.403789e-03, elapsed = 15389.0 sec
[TwinWall] projected 5021 node(s)
Step =   6635: nodes = 32803, dt = 1.067177e-10, strain = 8.404856e-03, elapsed = 15392.3 sec
[TwinWall] projected 5154 node(s)
Step =   6636: nodes = 32787, dt = 1.280612e-10, strain = 8.406137e-03, elapsed = 15395.7 sec
[TwinWall] projected 4878 node(s)
Step =   6637: nodes = 32784, dt = 7.683675e-11, strain = 8.406905e-03, elapsed = 15400.7 sec
[TwinWall] projected 4889 node(s)
Step =   6638: nodes = 32772, dt = 7.683675e-11, strain = 8.407674e-03, elapsed = 15404.0 sec
[TwinWall] projected 5054 node(s)
Step =   6639: nodes = 32783, dt = 9.220410e-11, strain = 8.408596e-03, elapsed = 15407.4 sec
[TwinWall] projected 5078 node(s)
Step =   6640: nodes = 32806, dt = 1.106449e-10, strain = 8.409702e-03, elapsed = 15410.7 sec
[TwinWall] projected 5196 node(s)
Step =   6641: nodes = 32815, dt = 1.327739e-10, strain = 8.411030e-03, elapsed = 15414.1 sec
[TwinWall] projected 5032 node(s)
Step =   6642: nodes = 32793, dt = 7.966434e-11, strain = 8.411827e-03, elapsed = 15419.3 sec
[TwinWall] projected 5006 node(s)
Step =   6643: nodes = 32810, dt = 7.966434e-11, strain = 8.412623e-03, elapsed = 15422.6 sec
[TwinWall] projected 5126 node(s)
Step =   6644: nodes = 32810, dt = 9.559721e-11, strain = 8.413579e-03, elapsed = 15426.0 sec
[TwinWall] projected 5251 node(s)
Step =   6645: nodes = 32798, dt = 1.147167e-10, strain = 8.414726e-03, elapsed = 15429.3 sec
[TwinWall] projected 5310 node(s)
Step =   6646: nodes = 32808, dt = 1.376600e-10, strain = 8.416103e-03, elapsed = 15432.8 sec
[TwinWall] projected 5066 node(s)
Step =   6647: nodes = 32801, dt = 8.259599e-11, strain = 8.416929e-03, elapsed = 15437.7 sec
[TwinWall] projected 4980 node(s)
Step =   6648: nodes = 32784, dt = 8.259599e-11, strain = 8.417755e-03, elapsed = 15441.0 sec
[TwinWall] projected 5112 node(s)
Step =   6649: nodes = 32808, dt = 9.911519e-11, strain = 8.418746e-03, elapsed = 15444.5 sec
[TwinWall] projected 5076 node(s)
Step =   6650: nodes = 32830, dt = 1.189382e-10, strain = 8.419935e-03, elapsed = 15447.9 sec
[TwinWall] projected 5168 node(s)
Step =   6651: nodes = 32815, dt = 1.427259e-10, strain = 8.421363e-03, elapsed = 15451.4 sec
[TwinWall] projected 4977 node(s)
Step =   6652: nodes = 32811, dt = 8.563552e-11, strain = 8.422219e-03, elapsed = 15456.5 sec
[TwinWall] projected 4963 node(s)
Step =   6653: nodes = 32815, dt = 8.563552e-11, strain = 8.423075e-03, elapsed = 15459.8 sec
[TwinWall] projected 5058 node(s)
Step =   6654: nodes = 32822, dt = 1.027626e-10, strain = 8.424103e-03, elapsed = 15463.2 sec
[TwinWall] projected 5022 node(s)
Step =   6655: nodes = 32807, dt = 1.233152e-10, strain = 8.425336e-03, elapsed = 15466.6 sec
[TwinWall] projected 4978 node(s)
Step =   6656: nodes = 32818, dt = 7.398909e-11, strain = 8.426076e-03, elapsed = 15471.5 sec
[TwinWall] projected 4835 node(s)
Step =   6657: nodes = 32841, dt = 7.398909e-11, strain = 8.426816e-03, elapsed = 15474.8 sec
[TwinWall] projected 4928 node(s)
Step =   6658: nodes = 32817, dt = 8.878691e-11, strain = 8.427704e-03, elapsed = 15478.2 sec
[TwinWall] projected 4961 node(s)
Step =   6659: nodes = 32815, dt = 1.065443e-10, strain = 8.428769e-03, elapsed = 15481.5 sec
[TwinWall] projected 5120 node(s)
Step =   6660: nodes = 32823, dt = 1.278531e-10, strain = 8.430048e-03, elapsed = 15484.9 sec
[TwinWall] projected 4910 node(s)
Step =   6661: nodes = 32829, dt = 7.671189e-11, strain = 8.430815e-03, elapsed = 15489.9 sec
[TwinWall] projected 5060 node(s)
Step =   6662: nodes = 32866, dt = 7.671189e-11, strain = 8.431582e-03, elapsed = 15493.2 sec
[TwinWall] projected 5082 node(s)
Step =   6663: nodes = 32861, dt = 9.205427e-11, strain = 8.432503e-03, elapsed = 15496.4 sec
[TwinWall] projected 5074 node(s)
Step =   6664: nodes = 32852, dt = 1.104651e-10, strain = 8.433607e-03, elapsed = 15499.9 sec
[TwinWall] projected 5178 node(s)
Step =   6665: nodes = 32855, dt = 1.325581e-10, strain = 8.434933e-03, elapsed = 15503.6 sec
[TwinWall] projected 5001 node(s)
Step =   6666: nodes = 32861, dt = 7.953489e-11, strain = 8.435728e-03, elapsed = 15508.5 sec
[TwinWall] projected 4960 node(s)
Step =   6667: nodes = 32850, dt = 7.953489e-11, strain = 8.436524e-03, elapsed = 15511.9 sec
[TwinWall] projected 5106 node(s)
Step =   6668: nodes = 32857, dt = 9.544186e-11, strain = 8.437478e-03, elapsed = 15515.2 sec
[TwinWall] projected 5178 node(s)
Step =   6669: nodes = 32865, dt = 1.145302e-10, strain = 8.438623e-03, elapsed = 15518.5 sec
[TwinWall] projected 5155 node(s)
Step =   6670: nodes = 32877, dt = 1.374363e-10, strain = 8.439998e-03, elapsed = 15522.0 sec
[TwinWall] projected 5248 node(s)
Step =   6671: nodes = 32862, dt = 1.649235e-10, strain = 8.441647e-03, elapsed = 15525.5 sec
[TwinWall] projected 5019 node(s)
Step =   6672: nodes = 32857, dt = 9.895412e-11, strain = 8.442636e-03, elapsed = 15530.6 sec
[TwinWall] projected 5107 node(s)
Step =   6673: nodes = 32870, dt = 9.895412e-11, strain = 8.443626e-03, elapsed = 15533.9 sec
[TwinWall] projected 5062 node(s)
Step =   6674: nodes = 32872, dt = 1.187449e-10, strain = 8.444813e-03, elapsed = 15537.3 sec
[TwinWall] projected 5168 node(s)
Step =   6675: nodes = 32851, dt = 1.424939e-10, strain = 8.446238e-03, elapsed = 15540.9 sec
[TwinWall] projected 4970 node(s)
Step =   6676: nodes = 32860, dt = 8.549636e-11, strain = 8.447093e-03, elapsed = 15545.9 sec
[TwinWall] projected 4968 node(s)
Step =   6677: nodes = 32852, dt = 8.549636e-11, strain = 8.447948e-03, elapsed = 15549.2 sec
[TwinWall] projected 4964 node(s)
Step =   6678: nodes = 32839, dt = 1.025956e-10, strain = 8.448974e-03, elapsed = 15552.5 sec
[TwinWall] projected 5089 node(s)
Step =   6679: nodes = 32830, dt = 1.231148e-10, strain = 8.450205e-03, elapsed = 15556.0 sec
[TwinWall] projected 5270 node(s)
Step =   6680: nodes = 32826, dt = 1.477377e-10, strain = 8.451683e-03, elapsed = 15559.4 sec
[TwinWall] projected 4982 node(s)
Step =   6681: nodes = 32827, dt = 8.864263e-11, strain = 8.452569e-03, elapsed = 15564.6 sec
[TwinWall] projected 4997 node(s)
Step =   6682: nodes = 32797, dt = 8.864263e-11, strain = 8.453456e-03, elapsed = 15567.9 sec
[TwinWall] projected 5060 node(s)
Step =   6683: nodes = 32818, dt = 1.063712e-10, strain = 8.454519e-03, elapsed = 15571.3 sec
[TwinWall] projected 5103 node(s)
Step =   6684: nodes = 32804, dt = 1.276454e-10, strain = 8.455796e-03, elapsed = 15574.7 sec
[TwinWall] projected 5012 node(s)
Step =   6685: nodes = 32800, dt = 7.658723e-11, strain = 8.456562e-03, elapsed = 15579.8 sec
[TwinWall] projected 4937 node(s)
Step =   6686: nodes = 32795, dt = 7.658723e-11, strain = 8.457328e-03, elapsed = 15583.1 sec
[TwinWall] projected 5079 node(s)
Step =   6687: nodes = 32821, dt = 9.190468e-11, strain = 8.458247e-03, elapsed = 15586.4 sec
[TwinWall] projected 5054 node(s)
Step =   6688: nodes = 32818, dt = 1.102856e-10, strain = 8.459349e-03, elapsed = 15589.8 sec
[TwinWall] projected 5173 node(s)
Step =   6689: nodes = 32798, dt = 1.323427e-10, strain = 8.460673e-03, elapsed = 15593.2 sec
[TwinWall] projected 4913 node(s)
Step =   6690: nodes = 32814, dt = 7.940564e-11, strain = 8.461467e-03, elapsed = 15598.3 sec
[TwinWall] projected 5076 node(s)
Step =   6691: nodes = 32816, dt = 7.940564e-11, strain = 8.462261e-03, elapsed = 15601.6 sec
[TwinWall] projected 5115 node(s)
Step =   6692: nodes = 32804, dt = 9.528677e-11, strain = 8.463214e-03, elapsed = 15604.9 sec
[TwinWall] projected 5128 node(s)
Step =   6693: nodes = 32777, dt = 1.143441e-10, strain = 8.464357e-03, elapsed = 15608.3 sec
[TwinWall] projected 5167 node(s)
Step =   6694: nodes = 32797, dt = 1.372129e-10, strain = 8.465729e-03, elapsed = 15611.7 sec
[TwinWall] projected 5067 node(s)
Step =   6695: nodes = 32779, dt = 8.232777e-11, strain = 8.466553e-03, elapsed = 15616.7 sec
[TwinWall] projected 4962 node(s)
Step =   6696: nodes = 32793, dt = 8.232777e-11, strain = 8.467376e-03, elapsed = 15620.0 sec
[TwinWall] projected 5111 node(s)
Step =   6697: nodes = 32782, dt = 9.879332e-11, strain = 8.468364e-03, elapsed = 15623.5 sec
[TwinWall] projected 5097 node(s)
Step =   6698: nodes = 32771, dt = 1.185520e-10, strain = 8.469549e-03, elapsed = 15626.8 sec
[TwinWall] projected 5216 node(s)
Step =   6699: nodes = 32773, dt = 1.422624e-10, strain = 8.470972e-03, elapsed = 15630.3 sec
[TwinWall] projected 4974 node(s)
Step =   6700: nodes = 32771, dt = 8.535743e-11, strain = 8.471826e-03, elapsed = 15635.2 sec
Writing configuration in legacy data format
 Output file: /data/home/dg000246b/openDIS/HomeWork/output_Cu_twin_rorient1/config.6700.data
Writing restart file
 Restart file: /data/home/dg000246b/openDIS/HomeWork/output_Cu_twin_rorient1/restart.6700.exadis
[TwinWall] projected 4910 node(s)
Step =   6701: nodes = 32772, dt = 8.535743e-11, strain = 8.472679e-03, elapsed = 15638.9 sec
[TwinWall] projected 4943 node(s)
Step =   6702: nodes = 32748, dt = 1.024289e-10, strain = 8.473703e-03, elapsed = 15642.2 sec
[TwinWall] projected 4947 node(s)
Step =   6703: nodes = 32744, dt = 1.229147e-10, strain = 8.474933e-03, elapsed = 15645.6 sec
[TwinWall] projected 5054 node(s)
Step =   6704: nodes = 32743, dt = 1.474976e-10, strain = 8.476408e-03, elapsed = 15649.0 sec
[TwinWall] projected 4991 node(s)
Step =   6705: nodes = 32745, dt = 8.849858e-11, strain = 8.477293e-03, elapsed = 15654.1 sec
[TwinWall] projected 4865 node(s)
Step =   6706: nodes = 32751, dt = 8.849858e-11, strain = 8.478178e-03, elapsed = 15657.4 sec
[TwinWall] projected 5044 node(s)
Step =   6707: nodes = 32740, dt = 1.061983e-10, strain = 8.479240e-03, elapsed = 15660.8 sec
[TwinWall] projected 5076 node(s)
Step =   6708: nodes = 32732, dt = 1.274380e-10, strain = 8.480514e-03, elapsed = 15664.1 sec
[TwinWall] projected 4881 node(s)
Step =   6709: nodes = 32752, dt = 7.646278e-11, strain = 8.481279e-03, elapsed = 15669.2 sec
[TwinWall] projected 4802 node(s)
Step =   6710: nodes = 32758, dt = 7.646278e-11, strain = 8.482043e-03, elapsed = 15672.5 sec
[TwinWall] projected 4860 node(s)
Step =   6711: nodes = 32751, dt = 9.175533e-11, strain = 8.482961e-03, elapsed = 15675.8 sec
[TwinWall] projected 4904 node(s)
Step =   6712: nodes = 32758, dt = 1.101064e-10, strain = 8.484062e-03, elapsed = 15679.1 sec
[TwinWall] projected 5056 node(s)
Step =   6713: nodes = 32761, dt = 1.321277e-10, strain = 8.485383e-03, elapsed = 15682.6 sec
[TwinWall] projected 4947 node(s)
Step =   6714: nodes = 32767, dt = 7.927661e-11, strain = 8.486176e-03, elapsed = 15687.6 sec
[TwinWall] projected 4911 node(s)
Step =   6715: nodes = 32760, dt = 7.927661e-11, strain = 8.486969e-03, elapsed = 15690.9 sec
[TwinWall] projected 4987 node(s)
Step =   6716: nodes = 32779, dt = 9.513193e-11, strain = 8.487920e-03, elapsed = 15694.2 sec
[TwinWall] projected 5010 node(s)
Step =   6717: nodes = 32784, dt = 1.141583e-10, strain = 8.489061e-03, elapsed = 15697.6 sec
[TwinWall] projected 5157 node(s)
Step =   6718: nodes = 32754, dt = 1.369900e-10, strain = 8.490431e-03, elapsed = 15701.0 sec
[TwinWall] projected 4962 node(s)
Step =   6719: nodes = 32772, dt = 8.219399e-11, strain = 8.491253e-03, elapsed = 15705.9 sec
[TwinWall] projected 4882 node(s)
Step =   6720: nodes = 32782, dt = 8.219399e-11, strain = 8.492075e-03, elapsed = 15709.2 sec
[TwinWall] projected 5046 node(s)
Step =   6721: nodes = 32780, dt = 9.863278e-11, strain = 8.493062e-03, elapsed = 15712.5 sec
[TwinWall] projected 5034 node(s)
Step =   6722: nodes = 32770, dt = 1.183593e-10, strain = 8.494245e-03, elapsed = 15715.9 sec
[TwinWall] projected 5123 node(s)
Step =   6723: nodes = 32753, dt = 1.420312e-10, strain = 8.495666e-03, elapsed = 15719.4 sec
[TwinWall] projected 5218 node(s)
Step =   6724: nodes = 32748, dt = 1.704375e-10, strain = 8.497370e-03, elapsed = 15722.8 sec
[TwinWall] projected 5151 node(s)
Step =   6725: nodes = 32751, dt = 1.022625e-10, strain = 8.498393e-03, elapsed = 15727.8 sec
[TwinWall] projected 5006 node(s)
Step =   6726: nodes = 32753, dt = 1.022625e-10, strain = 8.499415e-03, elapsed = 15731.2 sec
[TwinWall] projected 5054 node(s)
Step =   6727: nodes = 32755, dt = 1.227150e-10, strain = 8.500642e-03, elapsed = 15734.6 sec
[TwinWall] projected 4859 node(s)
Step =   6728: nodes = 32760, dt = 7.362898e-11, strain = 8.501379e-03, elapsed = 15739.6 sec
[TwinWall] projected 4894 node(s)
Step =   6729: nodes = 32768, dt = 7.362898e-11, strain = 8.502115e-03, elapsed = 15742.9 sec
[TwinWall] projected 4880 node(s)
Step =   6730: nodes = 32773, dt = 8.835477e-11, strain = 8.502998e-03, elapsed = 15746.2 sec
[TwinWall] projected 5021 node(s)
Step =   6731: nodes = 32761, dt = 1.060257e-10, strain = 8.504059e-03, elapsed = 15749.5 sec
[TwinWall] projected 5058 node(s)
Step =   6732: nodes = 32728, dt = 1.272309e-10, strain = 8.505331e-03, elapsed = 15752.9 sec
[TwinWall] projected 5102 node(s)
Step =   6733: nodes = 32716, dt = 1.526771e-10, strain = 8.506858e-03, elapsed = 15756.4 sec
[TwinWall] projected 4891 node(s)
Step =   6734: nodes = 32730, dt = 9.160623e-11, strain = 8.507774e-03, elapsed = 15761.4 sec
[TwinWall] projected 4905 node(s)
Step =   6735: nodes = 32722, dt = 9.160623e-11, strain = 8.508690e-03, elapsed = 15764.7 sec
[TwinWall] projected 4974 node(s)
Step =   6736: nodes = 32714, dt = 1.099275e-10, strain = 8.509789e-03, elapsed = 15768.1 sec
[TwinWall] projected 4988 node(s)
Step =   6737: nodes = 32733, dt = 1.319130e-10, strain = 8.511108e-03, elapsed = 15771.5 sec
[TwinWall] projected 5055 node(s)
Step =   6738: nodes = 32721, dt = 1.582956e-10, strain = 8.512691e-03, elapsed = 15775.0 sec
[TwinWall] projected 4919 node(s)
Step =   6739: nodes = 32711, dt = 9.497734e-11, strain = 8.513641e-03, elapsed = 15780.2 sec
[TwinWall] projected 4983 node(s)
Step =   6740: nodes = 32740, dt = 9.497734e-11, strain = 8.514591e-03, elapsed = 15783.5 sec
[TwinWall] projected 5028 node(s)
Step =   6741: nodes = 32737, dt = 1.139728e-10, strain = 8.515731e-03, elapsed = 15786.8 sec
[TwinWall] projected 5051 node(s)
Step =   6742: nodes = 32698, dt = 1.367674e-10, strain = 8.517098e-03, elapsed = 15790.2 sec
[TwinWall] projected 4864 node(s)
Step =   6743: nodes = 32693, dt = 8.206042e-11, strain = 8.517919e-03, elapsed = 15795.3 sec
[TwinWall] projected 4753 node(s)
Step =   6744: nodes = 32706, dt = 8.206042e-11, strain = 8.518739e-03, elapsed = 15798.5 sec
[TwinWall] projected 4911 node(s)
Step =   6745: nodes = 32710, dt = 9.847251e-11, strain = 8.519724e-03, elapsed = 15801.9 sec
[TwinWall] projected 4883 node(s)
Step =   6746: nodes = 32743, dt = 1.181670e-10, strain = 8.520906e-03, elapsed = 15805.4 sec
[TwinWall] projected 5077 node(s)
Step =   6747: nodes = 32736, dt = 1.418004e-10, strain = 8.522324e-03, elapsed = 15808.8 sec
[TwinWall] projected 4948 node(s)
Step =   6748: nodes = 32769, dt = 8.508024e-11, strain = 8.523175e-03, elapsed = 15813.8 sec
[TwinWall] projected 4898 node(s)
Step =   6749: nodes = 32741, dt = 8.508024e-11, strain = 8.524025e-03, elapsed = 15817.2 sec
[TwinWall] projected 5070 node(s)
Step =   6750: nodes = 32771, dt = 1.020963e-10, strain = 8.525046e-03, elapsed = 15820.4 sec
[TwinWall] projected 5048 node(s)
Step =   6751: nodes = 32763, dt = 1.225156e-10, strain = 8.526272e-03, elapsed = 15823.8 sec
[TwinWall] projected 5131 node(s)
Step =   6752: nodes = 32758, dt = 1.470187e-10, strain = 8.527742e-03, elapsed = 15827.2 sec
[TwinWall] projected 5045 node(s)
Step =   6753: nodes = 32745, dt = 8.821120e-11, strain = 8.528624e-03, elapsed = 15832.2 sec
[TwinWall] projected 4884 node(s)
Step =   6754: nodes = 32733, dt = 8.821120e-11, strain = 8.529506e-03, elapsed = 15835.6 sec
[TwinWall] projected 5077 node(s)
Step =   6755: nodes = 32733, dt = 1.058534e-10, strain = 8.530564e-03, elapsed = 15838.9 sec
[TwinWall] projected 5079 node(s)
Step =   6756: nodes = 32755, dt = 1.270241e-10, strain = 8.531835e-03, elapsed = 15842.3 sec
[TwinWall] projected 5139 node(s)
Step =   6757: nodes = 32750, dt = 1.524289e-10, strain = 8.533359e-03, elapsed = 15845.7 sec
[TwinWall] projected 5042 node(s)
Step =   6758: nodes = 32733, dt = 9.145737e-11, strain = 8.534274e-03, elapsed = 15850.7 sec
[TwinWall] projected 4867 node(s)
Step =   6759: nodes = 32755, dt = 9.145737e-11, strain = 8.535188e-03, elapsed = 15854.0 sec
[TwinWall] projected 4915 node(s)
Step =   6760: nodes = 32777, dt = 1.097488e-10, strain = 8.536286e-03, elapsed = 15857.4 sec
[TwinWall] projected 4974 node(s)
Step =   6761: nodes = 32783, dt = 1.316986e-10, strain = 8.537603e-03, elapsed = 15860.8 sec
[TwinWall] projected 4907 node(s)
Step =   6762: nodes = 32771, dt = 7.901917e-11, strain = 8.538393e-03, elapsed = 15865.9 sec
[TwinWall] projected 4947 node(s)
Step =   6763: nodes = 32768, dt = 7.901917e-11, strain = 8.539183e-03, elapsed = 15869.2 sec
[TwinWall] projected 4949 node(s)
Step =   6764: nodes = 32770, dt = 9.482300e-11, strain = 8.540131e-03, elapsed = 15872.5 sec
[TwinWall] projected 4991 node(s)
Step =   6765: nodes = 32750, dt = 1.137876e-10, strain = 8.541269e-03, elapsed = 15875.9 sec
[TwinWall] projected 5158 node(s)
Step =   6766: nodes = 32740, dt = 1.365451e-10, strain = 8.542635e-03, elapsed = 15879.3 sec
[TwinWall] projected 4867 node(s)
Step =   6767: nodes = 32748, dt = 8.192707e-11, strain = 8.543454e-03, elapsed = 15884.2 sec
[TwinWall] projected 4876 node(s)
Step =   6768: nodes = 32760, dt = 8.192707e-11, strain = 8.544273e-03, elapsed = 15887.6 sec
[TwinWall] projected 4943 node(s)
Step =   6769: nodes = 32747, dt = 9.831249e-11, strain = 8.545256e-03, elapsed = 15890.9 sec
[TwinWall] projected 5120 node(s)
Step =   6770: nodes = 32767, dt = 1.179750e-10, strain = 8.546436e-03, elapsed = 15894.3 sec
[TwinWall] projected 5126 node(s)
Step =   6771: nodes = 32741, dt = 1.415700e-10, strain = 8.547852e-03, elapsed = 15897.7 sec
[TwinWall] projected 4929 node(s)
Step =   6772: nodes = 32744, dt = 8.494199e-11, strain = 8.548701e-03, elapsed = 15902.8 sec
[TwinWall] projected 4982 node(s)
Step =   6773: nodes = 32760, dt = 8.494199e-11, strain = 8.549551e-03, elapsed = 15906.1 sec
[TwinWall] projected 5042 node(s)
Step =   6774: nodes = 32748, dt = 1.019304e-10, strain = 8.550570e-03, elapsed = 15909.4 sec
[TwinWall] projected 5107 node(s)
Step =   6775: nodes = 32767, dt = 1.223165e-10, strain = 8.551793e-03, elapsed = 15912.8 sec
[TwinWall] projected 5216 node(s)
Step =   6776: nodes = 32753, dt = 1.467798e-10, strain = 8.553261e-03, elapsed = 15916.2 sec
[TwinWall] projected 4944 node(s)
Step =   6777: nodes = 32751, dt = 8.806785e-11, strain = 8.554141e-03, elapsed = 15921.3 sec
[TwinWall] projected 4928 node(s)
Step =   6778: nodes = 32761, dt = 8.806785e-11, strain = 8.555022e-03, elapsed = 15924.8 sec
[TwinWall] projected 4961 node(s)
Step =   6779: nodes = 32757, dt = 1.056814e-10, strain = 8.556079e-03, elapsed = 15928.2 sec
[TwinWall] projected 4989 node(s)
Step =   6780: nodes = 32766, dt = 1.268177e-10, strain = 8.557347e-03, elapsed = 15931.6 sec
[TwinWall] projected 4868 node(s)
Step =   6781: nodes = 32774, dt = 7.609063e-11, strain = 8.558108e-03, elapsed = 15936.7 sec
[TwinWall] projected 4748 node(s)
Step =   6782: nodes = 32760, dt = 7.609063e-11, strain = 8.558869e-03, elapsed = 15940.0 sec
[TwinWall] projected 4970 node(s)
Step =   6783: nodes = 32776, dt = 9.130875e-11, strain = 8.559782e-03, elapsed = 15943.4 sec
[TwinWall] projected 4933 node(s)
Step =   6784: nodes = 32752, dt = 1.095705e-10, strain = 8.560878e-03, elapsed = 15946.6 sec
[TwinWall] projected 5057 node(s)
Step =   6785: nodes = 32733, dt = 1.314846e-10, strain = 8.562193e-03, elapsed = 15950.1 sec
[TwinWall] projected 4920 node(s)
Step =   6786: nodes = 32725, dt = 7.889076e-11, strain = 8.562981e-03, elapsed = 15955.0 sec
[TwinWall] projected 5026 node(s)
Step =   6787: nodes = 32722, dt = 7.889076e-11, strain = 8.563770e-03, elapsed = 15958.3 sec
[TwinWall] projected 5021 node(s)
Step =   6788: nodes = 32746, dt = 9.466891e-11, strain = 8.564717e-03, elapsed = 15961.6 sec
[TwinWall] projected 5034 node(s)
Step =   6789: nodes = 32725, dt = 1.136027e-10, strain = 8.565853e-03, elapsed = 15964.9 sec
[TwinWall] projected 5104 node(s)
Step =   6790: nodes = 32716, dt = 1.363232e-10, strain = 8.567216e-03, elapsed = 15968.3 sec
[TwinWall] projected 4994 node(s)
Step =   6791: nodes = 32706, dt = 8.179394e-11, strain = 8.568034e-03, elapsed = 15973.3 sec
[TwinWall] projected 4936 node(s)
Step =   6792: nodes = 32717, dt = 8.179394e-11, strain = 8.568852e-03, elapsed = 15976.5 sec
[TwinWall] projected 5016 node(s)
Step =   6793: nodes = 32703, dt = 9.815273e-11, strain = 8.569834e-03, elapsed = 15979.9 sec
[TwinWall] projected 4884 node(s)
Step =   6794: nodes = 32713, dt = 5.889164e-11, strain = 8.570423e-03, elapsed = 15985.0 sec
[TwinWall] projected 4778 node(s)
Step =   6795: nodes = 32698, dt = 5.889164e-11, strain = 8.571012e-03, elapsed = 15988.2 sec
[TwinWall] projected 4936 node(s)
Step =   6796: nodes = 32706, dt = 7.066997e-11, strain = 8.571718e-03, elapsed = 15991.5 sec
[TwinWall] projected 4923 node(s)
Step =   6797: nodes = 32688, dt = 8.480396e-11, strain = 8.572566e-03, elapsed = 15994.7 sec
[TwinWall] projected 4913 node(s)
Step =   6798: nodes = 32710, dt = 1.017647e-10, strain = 8.573584e-03, elapsed = 15998.1 sec
[TwinWall] projected 4959 node(s)
Step =   6799: nodes = 32689, dt = 1.221177e-10, strain = 8.574805e-03, elapsed = 16001.4 sec
[TwinWall] projected 4893 node(s)
Step =   6800: nodes = 32696, dt = 7.327062e-11, strain = 8.575538e-03, elapsed = 16006.4 sec
Writing configuration in legacy data format
 Output file: /data/home/dg000246b/openDIS/HomeWork/output_Cu_twin_rorient1/config.6800.data
Writing restart file
 Restart file: /data/home/dg000246b/openDIS/HomeWork/output_Cu_twin_rorient1/restart.6800.exadis
[TwinWall] projected 4783 node(s)
Step =   6801: nodes = 32700, dt = 7.327062e-11, strain = 8.576271e-03, elapsed = 16010.0 sec
[TwinWall] projected 4896 node(s)
Step =   6802: nodes = 32685, dt = 8.792474e-11, strain = 8.577150e-03, elapsed = 16013.3 sec
[TwinWall] projected 4924 node(s)
Step =   6803: nodes = 32715, dt = 1.055097e-10, strain = 8.578205e-03, elapsed = 16016.6 sec
[TwinWall] projected 5035 node(s)
Step =   6804: nodes = 32710, dt = 1.266116e-10, strain = 8.579471e-03, elapsed = 16020.0 sec
[TwinWall] projected 4836 node(s)
Step =   6805: nodes = 32709, dt = 7.596698e-11, strain = 8.580231e-03, elapsed = 16025.0 sec
[TwinWall] projected 4969 node(s)
Step =   6806: nodes = 32713, dt = 7.596698e-11, strain = 8.580990e-03, elapsed = 16028.3 sec
[TwinWall] projected 4985 node(s)
Step =   6807: nodes = 32714, dt = 9.116037e-11, strain = 8.581902e-03, elapsed = 16031.5 sec
[TwinWall] projected 4995 node(s)
Step =   6808: nodes = 32708, dt = 1.093924e-10, strain = 8.582996e-03, elapsed = 16034.9 sec
[TwinWall] projected 4996 node(s)
Step =   6809: nodes = 32709, dt = 1.312709e-10, strain = 8.584309e-03, elapsed = 16038.2 sec
[TwinWall] projected 4976 node(s)
Step =   6810: nodes = 32711, dt = 7.876256e-11, strain = 8.585096e-03, elapsed = 16043.2 sec
[TwinWall] projected 4835 node(s)
Step =   6811: nodes = 32704, dt = 7.876256e-11, strain = 8.585884e-03, elapsed = 16046.5 sec
[TwinWall] projected 4957 node(s)
Step =   6812: nodes = 32736, dt = 9.451508e-11, strain = 8.586829e-03, elapsed = 16049.8 sec
[TwinWall] projected 4945 node(s)
Step =   6813: nodes = 32711, dt = 1.134181e-10, strain = 8.587963e-03, elapsed = 16053.2 sec
[TwinWall] projected 4980 node(s)
Step =   6814: nodes = 32741, dt = 6.805085e-11, strain = 8.588644e-03, elapsed = 16058.2 sec
[TwinWall] projected 4851 node(s)
Step =   6815: nodes = 32730, dt = 6.805085e-11, strain = 8.589324e-03, elapsed = 16061.4 sec
[TwinWall] projected 4841 node(s)
Step =   6816: nodes = 32755, dt = 8.166103e-11, strain = 8.590141e-03, elapsed = 16064.6 sec
[TwinWall] projected 5032 node(s)
Step =   6817: nodes = 32778, dt = 9.799323e-11, strain = 8.591121e-03, elapsed = 16068.0 sec
[TwinWall] projected 5042 node(s)
Step =   6818: nodes = 32778, dt = 1.175919e-10, strain = 8.592297e-03, elapsed = 16071.3 sec
[TwinWall] projected 5033 node(s)
Step =   6819: nodes = 32777, dt = 7.055513e-11, strain = 8.593002e-03, elapsed = 16076.3 sec
[TwinWall] projected 4912 node(s)
Step =   6820: nodes = 32802, dt = 7.055513e-11, strain = 8.593708e-03, elapsed = 16079.6 sec
[TwinWall] projected 4966 node(s)
Step =   6821: nodes = 32791, dt = 8.466615e-11, strain = 8.594554e-03, elapsed = 16083.0 sec
[TwinWall] projected 5051 node(s)
Step =   6822: nodes = 32778, dt = 1.015994e-10, strain = 8.595570e-03, elapsed = 16086.4 sec
[TwinWall] projected 5127 node(s)
Step =   6823: nodes = 32757, dt = 1.219193e-10, strain = 8.596790e-03, elapsed = 16089.8 sec
[TwinWall] projected 4827 node(s)
Step =   6824: nodes = 32750, dt = 7.315156e-11, strain = 8.597521e-03, elapsed = 16094.8 sec
[TwinWall] projected 4818 node(s)
Step =   6825: nodes = 32735, dt = 7.315156e-11, strain = 8.598253e-03, elapsed = 16098.0 sec
[TwinWall] projected 4946 node(s)
Step =   6826: nodes = 32765, dt = 8.778187e-11, strain = 8.599130e-03, elapsed = 16101.4 sec
[TwinWall] projected 4965 node(s)
Step =   6827: nodes = 32750, dt = 1.053382e-10, strain = 8.600184e-03, elapsed = 16104.8 sec
[TwinWall] projected 5016 node(s)
Step =   6828: nodes = 32738, dt = 1.264059e-10, strain = 8.601448e-03, elapsed = 16108.2 sec
[TwinWall] projected 4879 node(s)
Step =   6829: nodes = 32736, dt = 7.584353e-11, strain = 8.602206e-03, elapsed = 16113.2 sec
[TwinWall] projected 4854 node(s)
Step =   6830: nodes = 32755, dt = 7.584353e-11, strain = 8.602965e-03, elapsed = 16116.5 sec
[TwinWall] projected 4998 node(s)
Step =   6831: nodes = 32750, dt = 9.101224e-11, strain = 8.603875e-03, elapsed = 16119.8 sec
[TwinWall] projected 5004 node(s)
Step =   6832: nodes = 32756, dt = 1.092147e-10, strain = 8.604967e-03, elapsed = 16123.2 sec
[TwinWall] projected 4897 node(s)
Step =   6833: nodes = 32769, dt = 6.552881e-11, strain = 8.605622e-03, elapsed = 16128.2 sec
[TwinWall] projected 4819 node(s)
Step =   6834: nodes = 32742, dt = 6.552881e-11, strain = 8.606278e-03, elapsed = 16131.6 sec
[TwinWall] projected 4848 node(s)
Step =   6835: nodes = 32751, dt = 7.863457e-11, strain = 8.607064e-03, elapsed = 16134.9 sec
[TwinWall] projected 4924 node(s)
Step =   6836: nodes = 32757, dt = 9.436149e-11, strain = 8.608008e-03, elapsed = 16138.2 sec
[TwinWall] projected 4871 node(s)
Step =   6837: nodes = 32714, dt = 1.132338e-10, strain = 8.609140e-03, elapsed = 16141.7 sec
[TwinWall] projected 4834 node(s)
Step =   6838: nodes = 32714, dt = 6.794027e-11, strain = 8.609819e-03, elapsed = 16146.8 sec
[TwinWall] projected 4692 node(s)
Step =   6839: nodes = 32732, dt = 6.794027e-11, strain = 8.610499e-03, elapsed = 16150.0 sec
[TwinWall] projected 4764 node(s)
Step =   6840: nodes = 32771, dt = 8.152833e-11, strain = 8.611314e-03, elapsed = 16153.2 sec
[TwinWall] projected 4940 node(s)
Step =   6841: nodes = 32754, dt = 9.783399e-11, strain = 8.612292e-03, elapsed = 16156.6 sec
[TwinWall] projected 4917 node(s)
Step =   6842: nodes = 32739, dt = 1.174008e-10, strain = 8.613466e-03, elapsed = 16160.0 sec
[TwinWall] projected 5093 node(s)
Step =   6843: nodes = 32751, dt = 1.408809e-10, strain = 8.614875e-03, elapsed = 16163.4 sec
[TwinWall] projected 5013 node(s)
Step =   6844: nodes = 32736, dt = 8.452857e-11, strain = 8.615720e-03, elapsed = 16168.5 sec
[TwinWall] projected 4888 node(s)
Step =   6845: nodes = 32754, dt = 8.452857e-11, strain = 8.616566e-03, elapsed = 16171.8 sec
[TwinWall] projected 5093 node(s)
Step =   6846: nodes = 32749, dt = 1.014343e-10, strain = 8.617580e-03, elapsed = 16175.2 sec
[TwinWall] projected 5008 node(s)
Step =   6847: nodes = 32756, dt = 1.217211e-10, strain = 8.618797e-03, elapsed = 16178.5 sec
[TwinWall] projected 4971 node(s)
Step =   6848: nodes = 32772, dt = 7.303268e-11, strain = 8.619528e-03, elapsed = 16183.5 sec
[TwinWall] projected 4923 node(s)
Step =   6849: nodes = 32791, dt = 7.303268e-11, strain = 8.620258e-03, elapsed = 16186.9 sec
[TwinWall] projected 4880 node(s)
Step =   6850: nodes = 32791, dt = 8.763922e-11, strain = 8.621134e-03, elapsed = 16190.1 sec
[TwinWall] projected 5071 node(s)
Step =   6851: nodes = 32799, dt = 1.051671e-10, strain = 8.622186e-03, elapsed = 16193.5 sec
[TwinWall] projected 5142 node(s)
Step =   6852: nodes = 32779, dt = 1.262005e-10, strain = 8.623448e-03, elapsed = 16196.9 sec
[TwinWall] projected 4977 node(s)
Step =   6853: nodes = 32761, dt = 7.572029e-11, strain = 8.624205e-03, elapsed = 16202.0 sec
[TwinWall] projected 4978 node(s)
Step =   6854: nodes = 32777, dt = 7.572029e-11, strain = 8.624962e-03, elapsed = 16205.4 sec
[TwinWall] projected 5031 node(s)
Step =   6855: nodes = 32779, dt = 9.086434e-11, strain = 8.625871e-03, elapsed = 16208.7 sec
[TwinWall] projected 5110 node(s)
Step =   6856: nodes = 32795, dt = 1.090372e-10, strain = 8.626961e-03, elapsed = 16212.1 sec
[TwinWall] projected 5158 node(s)
Step =   6857: nodes = 32766, dt = 1.308447e-10, strain = 8.628270e-03, elapsed = 16215.5 sec
[TwinWall] projected 4960 node(s)
Step =   6858: nodes = 32772, dt = 7.850679e-11, strain = 8.629055e-03, elapsed = 16220.4 sec
[TwinWall] projected 4980 node(s)
Step =   6859: nodes = 32765, dt = 7.850679e-11, strain = 8.629840e-03, elapsed = 16223.8 sec
[TwinWall] projected 5023 node(s)
Step =   6860: nodes = 32793, dt = 9.420815e-11, strain = 8.630782e-03, elapsed = 16227.3 sec
[TwinWall] projected 5039 node(s)
Step =   6861: nodes = 32793, dt = 1.130498e-10, strain = 8.631913e-03, elapsed = 16230.6 sec
[TwinWall] projected 4902 node(s)
Step =   6862: nodes = 32790, dt = 6.782987e-11, strain = 8.632591e-03, elapsed = 16235.6 sec
[TwinWall] projected 4877 node(s)
Step =   6863: nodes = 32819, dt = 6.782987e-11, strain = 8.633269e-03, elapsed = 16238.8 sec
[TwinWall] projected 4953 node(s)
Step =   6864: nodes = 32811, dt = 8.139584e-11, strain = 8.634083e-03, elapsed = 16242.1 sec
[TwinWall] projected 4995 node(s)
Step =   6865: nodes = 32785, dt = 9.767501e-11, strain = 8.635060e-03, elapsed = 16245.5 sec
[TwinWall] projected 5089 node(s)
Step =   6866: nodes = 32791, dt = 1.172100e-10, strain = 8.636232e-03, elapsed = 16248.8 sec
[TwinWall] projected 4986 node(s)
Step =   6867: nodes = 32761, dt = 7.032601e-11, strain = 8.636935e-03, elapsed = 16253.8 sec
[TwinWall] projected 4868 node(s)
Step =   6868: nodes = 32781, dt = 7.032601e-11, strain = 8.637639e-03, elapsed = 16257.1 sec
[TwinWall] projected 5042 node(s)
Step =   6869: nodes = 32776, dt = 8.439121e-11, strain = 8.638482e-03, elapsed = 16260.4 sec
[TwinWall] projected 5014 node(s)
Step =   6870: nodes = 32783, dt = 1.012695e-10, strain = 8.639495e-03, elapsed = 16263.8 sec
[TwinWall] projected 5105 node(s)
Step =   6871: nodes = 32785, dt = 1.215233e-10, strain = 8.640710e-03, elapsed = 16267.2 sec
[TwinWall] projected 4961 node(s)
Step =   6872: nodes = 32796, dt = 7.291401e-11, strain = 8.641439e-03, elapsed = 16272.2 sec
[TwinWall] projected 4817 node(s)
Step =   6873: nodes = 32772, dt = 7.291401e-11, strain = 8.642169e-03, elapsed = 16275.5 sec
[TwinWall] projected 4951 node(s)
Step =   6874: nodes = 32761, dt = 8.749681e-11, strain = 8.643044e-03, elapsed = 16278.8 sec
[TwinWall] projected 4975 node(s)
Step =   6875: nodes = 32746, dt = 1.049962e-10, strain = 8.644094e-03, elapsed = 16282.1 sec
[TwinWall] projected 5023 node(s)
Step =   6876: nodes = 32733, dt = 1.259954e-10, strain = 8.645354e-03, elapsed = 16285.7 sec
[TwinWall] projected 4817 node(s)
Step =   6877: nodes = 32738, dt = 7.559724e-11, strain = 8.646109e-03, elapsed = 16290.7 sec
[TwinWall] projected 4895 node(s)
Step =   6878: nodes = 32740, dt = 7.559724e-11, strain = 8.646865e-03, elapsed = 16294.0 sec
[TwinWall] projected 5006 node(s)
Step =   6879: nodes = 32742, dt = 9.071669e-11, strain = 8.647773e-03, elapsed = 16297.3 sec
[TwinWall] projected 5007 node(s)
Step =   6880: nodes = 32744, dt = 1.088600e-10, strain = 8.648861e-03, elapsed = 16300.7 sec
[TwinWall] projected 5050 node(s)
Step =   6881: nodes = 32735, dt = 1.306320e-10, strain = 8.650168e-03, elapsed = 16304.1 sec
[TwinWall] projected 4946 node(s)
Step =   6882: nodes = 32740, dt = 7.837922e-11, strain = 8.650951e-03, elapsed = 16309.1 sec
[TwinWall] projected 4865 node(s)
Step =   6883: nodes = 32742, dt = 7.837922e-11, strain = 8.651735e-03, elapsed = 16312.3 sec
[TwinWall] projected 4952 node(s)
Step =   6884: nodes = 32750, dt = 9.405506e-11, strain = 8.652676e-03, elapsed = 16315.6 sec
[TwinWall] projected 4952 node(s)
Step =   6885: nodes = 32738, dt = 1.128661e-10, strain = 8.653804e-03, elapsed = 16319.0 sec
[TwinWall] projected 5140 node(s)
Step =   6886: nodes = 32735, dt = 1.354393e-10, strain = 8.655159e-03, elapsed = 16322.4 sec
[TwinWall] projected 5007 node(s)
Step =   6887: nodes = 32711, dt = 8.126357e-11, strain = 8.655971e-03, elapsed = 16327.3 sec
[TwinWall] projected 5004 node(s)
Step =   6888: nodes = 32715, dt = 8.126357e-11, strain = 8.656784e-03, elapsed = 16330.6 sec
[TwinWall] projected 4948 node(s)
Step =   6889: nodes = 32733, dt = 9.751629e-11, strain = 8.657759e-03, elapsed = 16333.9 sec
[TwinWall] projected 5080 node(s)
Step =   6890: nodes = 32701, dt = 1.170195e-10, strain = 8.658929e-03, elapsed = 16337.2 sec
[TwinWall] projected 5145 node(s)
Step =   6891: nodes = 32709, dt = 1.404235e-10, strain = 8.660334e-03, elapsed = 16340.7 sec
[TwinWall] projected 4829 node(s)
Step =   6892: nodes = 32709, dt = 8.425407e-11, strain = 8.661176e-03, elapsed = 16345.8 sec
[TwinWall] projected 4910 node(s)
Step =   6893: nodes = 32714, dt = 8.425407e-11, strain = 8.662019e-03, elapsed = 16349.2 sec
[TwinWall] projected 4851 node(s)
Step =   6894: nodes = 32708, dt = 1.011049e-10, strain = 8.663030e-03, elapsed = 16352.4 sec
[TwinWall] projected 4946 node(s)
Step =   6895: nodes = 32725, dt = 1.213259e-10, strain = 8.664243e-03, elapsed = 16355.8 sec
[TwinWall] projected 5129 node(s)
Step =   6896: nodes = 32673, dt = 1.455910e-10, strain = 8.665699e-03, elapsed = 16359.3 sec
[TwinWall] projected 4806 node(s)
Step =   6897: nodes = 32654, dt = 8.735462e-11, strain = 8.666572e-03, elapsed = 16364.3 sec
[TwinWall] projected 4883 node(s)
Step =   6898: nodes = 32657, dt = 8.735462e-11, strain = 8.667446e-03, elapsed = 16367.7 sec
[TwinWall] projected 4968 node(s)
Step =   6899: nodes = 32656, dt = 1.048255e-10, strain = 8.668494e-03, elapsed = 16371.0 sec
[TwinWall] projected 5026 node(s)
Step =   6900: nodes = 32656, dt = 1.257907e-10, strain = 8.669752e-03, elapsed = 16374.4 sec
Writing configuration in legacy data format
 Output file: /data/home/dg000246b/openDIS/HomeWork/output_Cu_twin_rorient1/config.6900.data
Writing restart file
 Restart file: /data/home/dg000246b/openDIS/HomeWork/output_Cu_twin_rorient1/restart.6900.exadis
[TwinWall] projected 4873 node(s)
Step =   6901: nodes = 32670, dt = 7.547440e-11, strain = 8.670507e-03, elapsed = 16379.8 sec
[TwinWall] projected 4839 node(s)
Step =   6902: nodes = 32681, dt = 7.547440e-11, strain = 8.671262e-03, elapsed = 16383.1 sec
[TwinWall] projected 4973 node(s)
Step =   6903: nodes = 32700, dt = 9.056927e-11, strain = 8.672167e-03, elapsed = 16386.4 sec
[TwinWall] projected 4945 node(s)
Step =   6904: nodes = 32688, dt = 1.086831e-10, strain = 8.673254e-03, elapsed = 16389.8 sec
[TwinWall] projected 5076 node(s)
Step =   6905: nodes = 32668, dt = 1.304198e-10, strain = 8.674558e-03, elapsed = 16393.2 sec
[TwinWall] projected 4849 node(s)
Step =   6906: nodes = 32679, dt = 7.825185e-11, strain = 8.675341e-03, elapsed = 16398.1 sec
[TwinWall] projected 4881 node(s)
Step =   6907: nodes = 32672, dt = 7.825185e-11, strain = 8.676123e-03, elapsed = 16401.4 sec
[TwinWall] projected 4998 node(s)
Step =   6908: nodes = 32689, dt = 9.390222e-11, strain = 8.677062e-03, elapsed = 16405.0 sec
[TwinWall] projected 5006 node(s)
Step =   6909: nodes = 32668, dt = 1.126827e-10, strain = 8.678189e-03, elapsed = 16408.3 sec
[TwinWall] projected 5082 node(s)
Step =   6910: nodes = 32665, dt = 1.352192e-10, strain = 8.679541e-03, elapsed = 16411.8 sec
[TwinWall] projected 4867 node(s)
Step =   6911: nodes = 32659, dt = 8.113152e-11, strain = 8.680353e-03, elapsed = 16416.7 sec
[TwinWall] projected 4879 node(s)
Step =   6912: nodes = 32664, dt = 8.113152e-11, strain = 8.681164e-03, elapsed = 16420.0 sec
[TwinWall] projected 4959 node(s)
Step =   6913: nodes = 32678, dt = 9.735783e-11, strain = 8.682138e-03, elapsed = 16423.3 sec
[TwinWall] projected 4987 node(s)
Step =   6914: nodes = 32657, dt = 1.168294e-10, strain = 8.683306e-03, elapsed = 16426.6 sec
[TwinWall] projected 4888 node(s)
Step =   6915: nodes = 32654, dt = 7.009763e-11, strain = 8.684007e-03, elapsed = 16431.5 sec
[TwinWall] projected 4772 node(s)
Step =   6916: nodes = 32645, dt = 7.009763e-11, strain = 8.684708e-03, elapsed = 16434.9 sec
[TwinWall] projected 4892 node(s)
Step =   6917: nodes = 32647, dt = 8.411716e-11, strain = 8.685549e-03, elapsed = 16438.1 sec
[TwinWall] projected 4908 node(s)
Step =   6918: nodes = 32635, dt = 1.009406e-10, strain = 8.686558e-03, elapsed = 16441.4 sec
[TwinWall] projected 4974 node(s)
Step =   6919: nodes = 32627, dt = 1.211287e-10, strain = 8.687770e-03, elapsed = 16444.9 sec
[TwinWall] projected 4871 node(s)
Step =   6920: nodes = 32628, dt = 7.267723e-11, strain = 8.688497e-03, elapsed = 16449.8 sec
[TwinWall] projected 4721 node(s)
Step =   6921: nodes = 32633, dt = 7.267723e-11, strain = 8.689223e-03, elapsed = 16453.1 sec
[TwinWall] projected 4879 node(s)
Step =   6922: nodes = 32632, dt = 8.721267e-11, strain = 8.690095e-03, elapsed = 16456.4 sec
[TwinWall] projected 4965 node(s)
Step =   6923: nodes = 32607, dt = 1.046552e-10, strain = 8.691142e-03, elapsed = 16459.7 sec
[TwinWall] projected 5047 node(s)
Step =   6924: nodes = 32629, dt = 1.255862e-10, strain = 8.692398e-03, elapsed = 16463.1 sec
[TwinWall] projected 4857 node(s)
Step =   6925: nodes = 32609, dt = 7.535175e-11, strain = 8.693151e-03, elapsed = 16468.1 sec
[TwinWall] projected 4959 node(s)
Step =   6926: nodes = 32602, dt = 7.535175e-11, strain = 8.693905e-03, elapsed = 16471.4 sec
[TwinWall] projected 5016 node(s)
Step =   6927: nodes = 32598, dt = 9.042210e-11, strain = 8.694809e-03, elapsed = 16474.7 sec
[TwinWall] projected 4992 node(s)
Step =   6928: nodes = 32598, dt = 1.085065e-10, strain = 8.695894e-03, elapsed = 16478.1 sec
[TwinWall] projected 5042 node(s)
Step =   6929: nodes = 32611, dt = 1.302078e-10, strain = 8.697196e-03, elapsed = 16481.4 sec
[TwinWall] projected 5214 node(s)
Step =   6930: nodes = 32595, dt = 1.562494e-10, strain = 8.698759e-03, elapsed = 16484.8 sec
[TwinWall] projected 5050 node(s)
Step =   6931: nodes = 32591, dt = 9.374963e-11, strain = 8.699696e-03, elapsed = 16489.8 sec
[TwinWall] projected 4916 node(s)
Step =   6932: nodes = 32587, dt = 9.374963e-11, strain = 8.700634e-03, elapsed = 16493.1 sec
[TwinWall] projected 4993 node(s)
Step =   6933: nodes = 32598, dt = 1.124996e-10, strain = 8.701759e-03, elapsed = 16496.5 sec
[TwinWall] projected 5104 node(s)
Step =   6934: nodes = 32567, dt = 1.349995e-10, strain = 8.703109e-03, elapsed = 16499.9 sec
[TwinWall] projected 4785 node(s)
Step =   6935: nodes = 32582, dt = 8.099968e-11, strain = 8.703919e-03, elapsed = 16504.9 sec
[TwinWall] projected 4946 node(s)
Step =   6936: nodes = 32580, dt = 8.099968e-11, strain = 8.704729e-03, elapsed = 16508.2 sec
[TwinWall] projected 4977 node(s)
Step =   6937: nodes = 32574, dt = 9.719962e-11, strain = 8.705701e-03, elapsed = 16511.4 sec
[TwinWall] projected 5038 node(s)
Step =   6938: nodes = 32588, dt = 1.166395e-10, strain = 8.706867e-03, elapsed = 16514.8 sec
[TwinWall] projected 4872 node(s)
Step =   6939: nodes = 32599, dt = 6.998373e-11, strain = 8.707567e-03, elapsed = 16519.7 sec
[TwinWall] projected 4888 node(s)
Step =   6940: nodes = 32599, dt = 6.998373e-11, strain = 8.708267e-03, elapsed = 16522.9 sec
[TwinWall] projected 4951 node(s)
Step =   6941: nodes = 32626, dt = 8.398047e-11, strain = 8.709107e-03, elapsed = 16526.2 sec
[TwinWall] projected 4969 node(s)
Step =   6942: nodes = 32614, dt = 1.007766e-10, strain = 8.710114e-03, elapsed = 16529.6 sec
[TwinWall] projected 5016 node(s)
Step =   6943: nodes = 32599, dt = 1.209319e-10, strain = 8.711324e-03, elapsed = 16532.9 sec
[TwinWall] projected 4917 node(s)
Step =   6944: nodes = 32593, dt = 7.255913e-11, strain = 8.712049e-03, elapsed = 16537.9 sec
[TwinWall] projected 4910 node(s)
Step =   6945: nodes = 32587, dt = 7.255913e-11, strain = 8.712775e-03, elapsed = 16541.2 sec
[TwinWall] projected 4921 node(s)
Step =   6946: nodes = 32591, dt = 8.707095e-11, strain = 8.713646e-03, elapsed = 16544.4 sec
[TwinWall] projected 4963 node(s)
Step =   6947: nodes = 32610, dt = 1.044851e-10, strain = 8.714690e-03, elapsed = 16547.8 sec
[TwinWall] projected 4844 node(s)
Step =   6948: nodes = 32593, dt = 6.269109e-11, strain = 8.715317e-03, elapsed = 16552.6 sec
[TwinWall] projected 4879 node(s)
Step =   6949: nodes = 32590, dt = 6.269109e-11, strain = 8.715944e-03, elapsed = 16555.9 sec
[TwinWall] projected 4964 node(s)
Step =   6950: nodes = 32589, dt = 7.522930e-11, strain = 8.716697e-03, elapsed = 16559.1 sec
[TwinWall] projected 5000 node(s)
Step =   6951: nodes = 32615, dt = 9.027516e-11, strain = 8.717599e-03, elapsed = 16562.5 sec
[TwinWall] projected 5032 node(s)
Step =   6952: nodes = 32620, dt = 1.083302e-10, strain = 8.718683e-03, elapsed = 16565.8 sec
[TwinWall] projected 5156 node(s)
Step =   6953: nodes = 32610, dt = 1.299962e-10, strain = 8.719983e-03, elapsed = 16569.2 sec
[TwinWall] projected 4976 node(s)
Step =   6954: nodes = 32604, dt = 7.799774e-11, strain = 8.720763e-03, elapsed = 16574.2 sec
[TwinWall] projected 4887 node(s)
Step =   6955: nodes = 32622, dt = 7.799774e-11, strain = 8.721542e-03, elapsed = 16577.5 sec
[TwinWall] projected 4954 node(s)
Step =   6956: nodes = 32636, dt = 9.359729e-11, strain = 8.722478e-03, elapsed = 16580.8 sec
[TwinWall] projected 5028 node(s)
Step =   6957: nodes = 32637, dt = 1.123167e-10, strain = 8.723602e-03, elapsed = 16584.2 sec
[TwinWall] projected 5091 node(s)
Step =   6958: nodes = 32601, dt = 1.347801e-10, strain = 8.724949e-03, elapsed = 16587.6 sec
[TwinWall] projected 4952 node(s)
Step =   6959: nodes = 32620, dt = 8.086806e-11, strain = 8.725758e-03, elapsed = 16592.6 sec
[TwinWall] projected 4917 node(s)
Step =   6960: nodes = 32618, dt = 8.086806e-11, strain = 8.726567e-03, elapsed = 16595.8 sec
[TwinWall] projected 5094 node(s)
Step =   6961: nodes = 32641, dt = 9.704167e-11, strain = 8.727537e-03, elapsed = 16599.1 sec
[TwinWall] projected 5096 node(s)
Step =   6962: nodes = 32615, dt = 1.164500e-10, strain = 8.728702e-03, elapsed = 16602.4 sec
[TwinWall] projected 5227 node(s)
Step =   6963: nodes = 32616, dt = 1.397400e-10, strain = 8.730099e-03, elapsed = 16605.9 sec
[TwinWall] projected 4967 node(s)
Step =   6964: nodes = 32641, dt = 8.384400e-11, strain = 8.730938e-03, elapsed = 16610.8 sec
[TwinWall] projected 4943 node(s)
Step =   6965: nodes = 32634, dt = 8.384400e-11, strain = 8.731776e-03, elapsed = 16614.1 sec
[TwinWall] projected 4991 node(s)
Step =   6966: nodes = 32633, dt = 1.006128e-10, strain = 8.732782e-03, elapsed = 16617.4 sec
[TwinWall] projected 5053 node(s)
Step =   6967: nodes = 32629, dt = 1.207354e-10, strain = 8.733989e-03, elapsed = 16620.8 sec
[TwinWall] projected 4769 node(s)
Step =   6968: nodes = 32636, dt = 7.244122e-11, strain = 8.734714e-03, elapsed = 16625.8 sec
[TwinWall] projected 4903 node(s)
Step =   6969: nodes = 32632, dt = 7.244122e-11, strain = 8.735438e-03, elapsed = 16629.1 sec
[TwinWall] projected 4953 node(s)
Step =   6970: nodes = 32627, dt = 8.692946e-11, strain = 8.736308e-03, elapsed = 16632.4 sec
[TwinWall] projected 5115 node(s)
Step =   6971: nodes = 32615, dt = 1.043154e-10, strain = 8.737351e-03, elapsed = 16635.7 sec
[TwinWall] projected 5127 node(s)
Step =   6972: nodes = 32613, dt = 1.251784e-10, strain = 8.738603e-03, elapsed = 16639.1 sec
[TwinWall] projected 4974 node(s)
Step =   6973: nodes = 32616, dt = 7.510705e-11, strain = 8.739354e-03, elapsed = 16644.2 sec
[TwinWall] projected 4903 node(s)
Step =   6974: nodes = 32604, dt = 7.510705e-11, strain = 8.740105e-03, elapsed = 16647.4 sec
[TwinWall] projected 5020 node(s)
Step =   6975: nodes = 32607, dt = 9.012847e-11, strain = 8.741006e-03, elapsed = 16650.8 sec
[TwinWall] projected 5016 node(s)
Step =   6976: nodes = 32595, dt = 1.081542e-10, strain = 8.742088e-03, elapsed = 16654.0 sec
[TwinWall] projected 5157 node(s)
Step =   6977: nodes = 32598, dt = 1.297850e-10, strain = 8.743385e-03, elapsed = 16657.5 sec
[TwinWall] projected 4836 node(s)
Step =   6978: nodes = 32567, dt = 7.787099e-11, strain = 8.744164e-03, elapsed = 16662.4 sec
[TwinWall] projected 4918 node(s)
Step =   6979: nodes = 32563, dt = 7.787099e-11, strain = 8.744943e-03, elapsed = 16665.7 sec
[TwinWall] projected 4934 node(s)
Step =   6980: nodes = 32593, dt = 9.344519e-11, strain = 8.745877e-03, elapsed = 16669.0 sec
[TwinWall] projected 5112 node(s)
Step =   6981: nodes = 32575, dt = 1.121342e-10, strain = 8.746999e-03, elapsed = 16672.4 sec
[TwinWall] projected 5108 node(s)
Step =   6982: nodes = 32538, dt = 1.345611e-10, strain = 8.748344e-03, elapsed = 16675.7 sec
[TwinWall] projected 4864 node(s)
Step =   6983: nodes = 32549, dt = 8.073665e-11, strain = 8.749152e-03, elapsed = 16680.7 sec
[TwinWall] projected 4887 node(s)
Step =   6984: nodes = 32551, dt = 8.073665e-11, strain = 8.749959e-03, elapsed = 16684.0 sec
[TwinWall] projected 4877 node(s)
Step =   6985: nodes = 32557, dt = 9.688398e-11, strain = 8.750928e-03, elapsed = 16687.3 sec
[TwinWall] projected 4982 node(s)
Step =   6986: nodes = 32550, dt = 1.162608e-10, strain = 8.752090e-03, elapsed = 16690.7 sec
[TwinWall] projected 5023 node(s)
Step =   6987: nodes = 32546, dt = 1.395129e-10, strain = 8.753485e-03, elapsed = 16694.0 sec
[TwinWall] projected 4842 node(s)
Step =   6988: nodes = 32535, dt = 8.370776e-11, strain = 8.754323e-03, elapsed = 16698.9 sec
[TwinWall] projected 4908 node(s)
Step =   6989: nodes = 32543, dt = 8.370776e-11, strain = 8.755160e-03, elapsed = 16702.2 sec
[TwinWall] projected 4948 node(s)
Step =   6990: nodes = 32544, dt = 1.004493e-10, strain = 8.756164e-03, elapsed = 16705.5 sec
[TwinWall] projected 5042 node(s)
Step =   6991: nodes = 32531, dt = 1.205392e-10, strain = 8.757370e-03, elapsed = 16708.9 sec
[TwinWall] projected 4773 node(s)
Step =   6992: nodes = 32521, dt = 7.232350e-11, strain = 8.758093e-03, elapsed = 16713.8 sec
[TwinWall] projected 4870 node(s)
Step =   6993: nodes = 32534, dt = 7.232350e-11, strain = 8.758816e-03, elapsed = 16717.0 sec
[TwinWall] projected 4909 node(s)
Step =   6994: nodes = 32538, dt = 8.678820e-11, strain = 8.759684e-03, elapsed = 16720.3 sec
[TwinWall] projected 4974 node(s)
Step =   6995: nodes = 32524, dt = 1.041458e-10, strain = 8.760725e-03, elapsed = 16723.6 sec
[TwinWall] projected 4968 node(s)
Step =   6996: nodes = 32524, dt = 1.249750e-10, strain = 8.761975e-03, elapsed = 16727.0 sec
[TwinWall] projected 4892 node(s)
Step =   6997: nodes = 32541, dt = 7.498501e-11, strain = 8.762725e-03, elapsed = 16732.0 sec
[TwinWall] projected 4807 node(s)
Step =   6998: nodes = 32550, dt = 7.498501e-11, strain = 8.763475e-03, elapsed = 16735.2 sec
[TwinWall] projected 4941 node(s)
Step =   6999: nodes = 32580, dt = 8.998201e-11, strain = 8.764375e-03, elapsed = 16738.5 sec
[TwinWall] projected 4944 node(s)
Step =   7000: nodes = 32524, dt = 1.079784e-10, strain = 8.765454e-03, elapsed = 16741.8 sec
Writing configuration in legacy data format
 Output file: /data/home/dg000246b/openDIS/HomeWork/output_Cu_twin_rorient1/config.7000.data
Writing restart file
 Restart file: /data/home/dg000246b/openDIS/HomeWork/output_Cu_twin_rorient1/restart.7000.exadis
[TwinWall] projected 4942 node(s)
Step =   7001: nodes = 32510, dt = 6.478704e-11, strain = 8.766102e-03, elapsed = 16747.2 sec
[TwinWall] projected 4778 node(s)
Step =   7002: nodes = 32507, dt = 6.478704e-11, strain = 8.766750e-03, elapsed = 16750.4 sec
[TwinWall] projected 4728 node(s)
Step =   7003: nodes = 32494, dt = 7.774445e-11, strain = 8.767528e-03, elapsed = 16753.6 sec
[TwinWall] projected 4935 node(s)
Step =   7004: nodes = 32498, dt = 9.329334e-11, strain = 8.768461e-03, elapsed = 16756.9 sec
[TwinWall] projected 4896 node(s)
Step =   7005: nodes = 32507, dt = 1.119520e-10, strain = 8.769580e-03, elapsed = 16760.2 sec
[TwinWall] projected 4905 node(s)
Step =   7006: nodes = 32501, dt = 6.717121e-11, strain = 8.770252e-03, elapsed = 16765.3 sec
[TwinWall] projected 4893 node(s)
Step =   7007: nodes = 32479, dt = 6.717121e-11, strain = 8.770923e-03, elapsed = 16768.5 sec
[TwinWall] projected 4895 node(s)
Step =   7008: nodes = 32486, dt = 8.060545e-11, strain = 8.771730e-03, elapsed = 16771.6 sec
[TwinWall] projected 4995 node(s)
Step =   7009: nodes = 32486, dt = 9.672654e-11, strain = 8.772697e-03, elapsed = 16774.8 sec
[TwinWall] projected 4948 node(s)
Step =   7010: nodes = 32475, dt = 1.160718e-10, strain = 8.773857e-03, elapsed = 16778.1 sec
[TwinWall] projected 5145 node(s)
Step =   7011: nodes = 32493, dt = 1.392862e-10, strain = 8.775250e-03, elapsed = 16781.5 sec
[TwinWall] projected 5009 node(s)
Step =   7012: nodes = 32498, dt = 8.357173e-11, strain = 8.776086e-03, elapsed = 16786.4 sec
[TwinWall] projected 4923 node(s)
Step =   7013: nodes = 32502, dt = 8.357173e-11, strain = 8.776922e-03, elapsed = 16789.7 sec
[TwinWall] projected 5062 node(s)
Step =   7014: nodes = 32511, dt = 1.002861e-10, strain = 8.777925e-03, elapsed = 16792.9 sec
[TwinWall] projected 5055 node(s)
Step =   7015: nodes = 32511, dt = 1.203433e-10, strain = 8.779128e-03, elapsed = 16796.3 sec
[TwinWall] projected 5358 node(s)
Step =   7016: nodes = 32526, dt = 1.444119e-10, strain = 8.780572e-03, elapsed = 16799.6 sec
[TwinWall] projected 4944 node(s)
Step =   7017: nodes = 32523, dt = 8.664717e-11, strain = 8.781439e-03, elapsed = 16804.5 sec
[TwinWall] projected 5034 node(s)
Step =   7018: nodes = 32521, dt = 8.664717e-11, strain = 8.782305e-03, elapsed = 16807.9 sec
[TwinWall] projected 5085 node(s)
Step =   7019: nodes = 32531, dt = 1.039766e-10, strain = 8.783345e-03, elapsed = 16811.1 sec
[TwinWall] projected 5233 node(s)
Step =   7020: nodes = 32561, dt = 1.247719e-10, strain = 8.784593e-03, elapsed = 16814.5 sec
[TwinWall] projected 5107 node(s)
Step =   7021: nodes = 32537, dt = 7.486315e-11, strain = 8.785341e-03, elapsed = 16819.4 sec
[TwinWall] projected 5165 node(s)
Step =   7022: nodes = 32557, dt = 7.486315e-11, strain = 8.786090e-03, elapsed = 16822.6 sec
[TwinWall] projected 5247 node(s)
Step =   7023: nodes = 32550, dt = 8.983579e-11, strain = 8.786988e-03, elapsed = 16826.0 sec
[TwinWall] projected 5272 node(s)
Step =   7024: nodes = 32558, dt = 1.078029e-10, strain = 8.788066e-03, elapsed = 16829.3 sec
[TwinWall] projected 5271 node(s)
Step =   7025: nodes = 32556, dt = 1.293635e-10, strain = 8.789360e-03, elapsed = 16832.6 sec
[TwinWall] projected 5084 node(s)
Step =   7026: nodes = 32572, dt = 7.761812e-11, strain = 8.790136e-03, elapsed = 16837.6 sec
[TwinWall] projected 5040 node(s)
Step =   7027: nodes = 32573, dt = 7.761812e-11, strain = 8.790912e-03, elapsed = 16840.8 sec
[TwinWall] projected 5120 node(s)
Step =   7028: nodes = 32574, dt = 9.314174e-11, strain = 8.791844e-03, elapsed = 16844.1 sec
[TwinWall] projected 5017 node(s)
Step =   7029: nodes = 32543, dt = 1.117701e-10, strain = 8.792961e-03, elapsed = 16847.3 sec
[TwinWall] projected 5193 node(s)
Step =   7030: nodes = 32518, dt = 1.341241e-10, strain = 8.794303e-03, elapsed = 16850.7 sec
[TwinWall] projected 5223 node(s)
Step =   7031: nodes = 32512, dt = 1.609489e-10, strain = 8.795912e-03, elapsed = 16854.2 sec
[TwinWall] projected 5118 node(s)
Step =   7032: nodes = 32503, dt = 9.656936e-11, strain = 8.796878e-03, elapsed = 16859.2 sec
[TwinWall] projected 5073 node(s)
Step =   7033: nodes = 32528, dt = 9.656936e-11, strain = 8.797844e-03, elapsed = 16862.4 sec
[TwinWall] projected 5087 node(s)
Step =   7034: nodes = 32503, dt = 1.158832e-10, strain = 8.799002e-03, elapsed = 16865.8 sec
[TwinWall] projected 5225 node(s)
Step =   7035: nodes = 32509, dt = 1.390599e-10, strain = 8.800393e-03, elapsed = 16869.2 sec
[TwinWall] projected 5017 node(s)
Step =   7036: nodes = 32511, dt = 8.343593e-11, strain = 8.801227e-03, elapsed = 16874.0 sec
[TwinWall] projected 5005 node(s)
Step =   7037: nodes = 32510, dt = 8.343593e-11, strain = 8.802062e-03, elapsed = 16877.3 sec
[TwinWall] projected 5053 node(s)
Step =   7038: nodes = 32509, dt = 1.001231e-10, strain = 8.803063e-03, elapsed = 16880.6 sec
[TwinWall] projected 5106 node(s)
Step =   7039: nodes = 32513, dt = 1.201477e-10, strain = 8.804264e-03, elapsed = 16884.2 sec
[TwinWall] projected 4919 node(s)
Step =   7040: nodes = 32509, dt = 7.208864e-11, strain = 8.804985e-03, elapsed = 16889.1 sec
[TwinWall] projected 4865 node(s)
Step =   7041: nodes = 32502, dt = 7.208864e-11, strain = 8.805706e-03, elapsed = 16892.3 sec
[TwinWall] projected 5020 node(s)
Step =   7042: nodes = 32502, dt = 8.650637e-11, strain = 8.806571e-03, elapsed = 16895.6 sec
[TwinWall] projected 5056 node(s)
Step =   7043: nodes = 32505, dt = 1.038076e-10, strain = 8.807609e-03, elapsed = 16898.9 sec
[TwinWall] projected 5173 node(s)
Step =   7044: nodes = 32508, dt = 1.245692e-10, strain = 8.808855e-03, elapsed = 16902.2 sec
[TwinWall] projected 4984 node(s)
Step =   7045: nodes = 32488, dt = 7.474150e-11, strain = 8.809602e-03, elapsed = 16907.0 sec
[TwinWall] projected 5053 node(s)
Step =   7046: nodes = 32480, dt = 7.474150e-11, strain = 8.810350e-03, elapsed = 16910.2 sec
[TwinWall] projected 5083 node(s)
Step =   7047: nodes = 32493, dt = 8.968980e-11, strain = 8.811247e-03, elapsed = 16913.4 sec
[TwinWall] projected 5055 node(s)
Step =   7048: nodes = 32475, dt = 1.076278e-10, strain = 8.812323e-03, elapsed = 16916.8 sec
[TwinWall] projected 5058 node(s)
Step =   7049: nodes = 32475, dt = 1.291533e-10, strain = 8.813615e-03, elapsed = 16920.1 sec
[TwinWall] projected 5000 node(s)
Step =   7050: nodes = 32472, dt = 7.749199e-11, strain = 8.814389e-03, elapsed = 16925.0 sec
[TwinWall] projected 4881 node(s)
Step =   7051: nodes = 32483, dt = 7.749199e-11, strain = 8.815164e-03, elapsed = 16928.2 sec
[TwinWall] projected 5034 node(s)
Step =   7052: nodes = 32474, dt = 9.299039e-11, strain = 8.816094e-03, elapsed = 16931.4 sec
[TwinWall] projected 5145 node(s)
Step =   7053: nodes = 32462, dt = 1.115885e-10, strain = 8.817210e-03, elapsed = 16934.7 sec
[TwinWall] projected 5181 node(s)
Step =   7054: nodes = 32459, dt = 1.339062e-10, strain = 8.818549e-03, elapsed = 16938.1 sec
[TwinWall] projected 4897 node(s)
Step =   7055: nodes = 32470, dt = 8.034369e-11, strain = 8.819353e-03, elapsed = 16942.9 sec
[TwinWall] projected 4867 node(s)
Step =   7056: nodes = 32469, dt = 8.034369e-11, strain = 8.820156e-03, elapsed = 16946.2 sec
[TwinWall] projected 4903 node(s)
Step =   7057: nodes = 32492, dt = 9.641243e-11, strain = 8.821120e-03, elapsed = 16949.5 sec
[TwinWall] projected 5085 node(s)
Step =   7058: nodes = 32470, dt = 1.156949e-10, strain = 8.822277e-03, elapsed = 16952.8 sec
[TwinWall] projected 4842 node(s)
Step =   7059: nodes = 32472, dt = 6.941695e-11, strain = 8.822971e-03, elapsed = 16957.7 sec
[TwinWall] projected 4821 node(s)
Step =   7060: nodes = 32481, dt = 6.941695e-11, strain = 8.823665e-03, elapsed = 16960.9 sec
[TwinWall] projected 5003 node(s)
Step =   7061: nodes = 32481, dt = 8.330034e-11, strain = 8.824498e-03, elapsed = 16964.2 sec
[TwinWall] projected 5061 node(s)
Step =   7062: nodes = 32494, dt = 9.996041e-11, strain = 8.825498e-03, elapsed = 16967.4 sec
[TwinWall] projected 5155 node(s)
Step =   7063: nodes = 32522, dt = 1.199525e-10, strain = 8.826698e-03, elapsed = 16970.7 sec
[TwinWall] projected 5344 node(s)
Step =   7064: nodes = 32507, dt = 1.439430e-10, strain = 8.828137e-03, elapsed = 16974.2 sec
[TwinWall] projected 5103 node(s)
Step =   7065: nodes = 32511, dt = 8.636579e-11, strain = 8.829001e-03, elapsed = 16979.2 sec
[TwinWall] projected 5070 node(s)
Step =   7066: nodes = 32516, dt = 8.636579e-11, strain = 8.829864e-03, elapsed = 16982.4 sec
[TwinWall] projected 5169 node(s)
Step =   7067: nodes = 32497, dt = 1.036390e-10, strain = 8.830901e-03, elapsed = 16985.9 sec
[TwinWall] projected 5173 node(s)
Step =   7068: nodes = 32499, dt = 1.243667e-10, strain = 8.832144e-03, elapsed = 16989.2 sec
[TwinWall] projected 5053 node(s)
Step =   7069: nodes = 32469, dt = 7.462005e-11, strain = 8.832891e-03, elapsed = 16994.1 sec
[TwinWall] projected 5013 node(s)
Step =   7070: nodes = 32491, dt = 7.462005e-11, strain = 8.833637e-03, elapsed = 16997.3 sec
[TwinWall] projected 5097 node(s)
Step =   7071: nodes = 32511, dt = 8.954406e-11, strain = 8.834532e-03, elapsed = 17000.6 sec
[TwinWall] projected 5116 node(s)
Step =   7072: nodes = 32490, dt = 1.074529e-10, strain = 8.835607e-03, elapsed = 17004.2 sec
[TwinWall] projected 4983 node(s)
Step =   7073: nodes = 32494, dt = 6.447172e-11, strain = 8.836252e-03, elapsed = 17009.1 sec
[TwinWall] projected 4973 node(s)
Step =   7074: nodes = 32494, dt = 6.447172e-11, strain = 8.836896e-03, elapsed = 17012.4 sec
[TwinWall] projected 4942 node(s)
Step =   7075: nodes = 32502, dt = 7.736606e-11, strain = 8.837670e-03, elapsed = 17015.6 sec
[TwinWall] projected 5017 node(s)
Step =   7076: nodes = 32493, dt = 9.283928e-11, strain = 8.838598e-03, elapsed = 17018.9 sec
[TwinWall] projected 4984 node(s)
Step =   7077: nodes = 32480, dt = 1.114071e-10, strain = 8.839712e-03, elapsed = 17022.1 sec
[TwinWall] projected 5161 node(s)
Step =   7078: nodes = 32470, dt = 1.336886e-10, strain = 8.841049e-03, elapsed = 17025.5 sec
[TwinWall] projected 4887 node(s)
Step =   7079: nodes = 32456, dt = 8.021314e-11, strain = 8.841851e-03, elapsed = 17030.3 sec
[TwinWall] projected 5004 node(s)
Step =   7080: nodes = 32466, dt = 8.021314e-11, strain = 8.842654e-03, elapsed = 17033.6 sec
[TwinWall] projected 5020 node(s)
Step =   7081: nodes = 32447, dt = 9.625576e-11, strain = 8.843616e-03, elapsed = 17036.7 sec
[TwinWall] projected 5123 node(s)
Step =   7082: nodes = 32453, dt = 1.155069e-10, strain = 8.844771e-03, elapsed = 17040.1 sec
[TwinWall] projected 5245 node(s)
Step =   7083: nodes = 32443, dt = 1.386083e-10, strain = 8.846157e-03, elapsed = 17043.4 sec
[TwinWall] projected 4938 node(s)
Step =   7084: nodes = 32429, dt = 8.316498e-11, strain = 8.846989e-03, elapsed = 17048.3 sec
[TwinWall] projected 4920 node(s)
Step =   7085: nodes = 32444, dt = 8.316498e-11, strain = 8.847821e-03, elapsed = 17051.6 sec
[TwinWall] projected 5001 node(s)
Step =   7086: nodes = 32447, dt = 9.979797e-11, strain = 8.848818e-03, elapsed = 17054.8 sec
[TwinWall] projected 4957 node(s)
Step =   7087: nodes = 32421, dt = 1.197576e-10, strain = 8.850016e-03, elapsed = 17058.1 sec
[TwinWall] projected 4803 node(s)
Step =   7088: nodes = 32424, dt = 7.185454e-11, strain = 8.850735e-03, elapsed = 17063.0 sec
[TwinWall] projected 4918 node(s)
Step =   7089: nodes = 32430, dt = 7.185454e-11, strain = 8.851453e-03, elapsed = 17066.2 sec
[TwinWall] projected 4926 node(s)
Step =   7090: nodes = 32437, dt = 8.622545e-11, strain = 8.852315e-03, elapsed = 17069.5 sec
[TwinWall] projected 5126 node(s)
Step =   7091: nodes = 32449, dt = 1.034705e-10, strain = 8.853350e-03, elapsed = 17072.7 sec
[TwinWall] projected 5012 node(s)
Step =   7092: nodes = 32435, dt = 1.241646e-10, strain = 8.854592e-03, elapsed = 17076.0 sec
[TwinWall] projected 4861 node(s)
Step =   7093: nodes = 32429, dt = 7.449879e-11, strain = 8.855337e-03, elapsed = 17080.9 sec
[TwinWall] projected 4804 node(s)
Step =   7094: nodes = 32433, dt = 7.449879e-11, strain = 8.856082e-03, elapsed = 17084.1 sec
[TwinWall] projected 4969 node(s)
Step =   7095: nodes = 32443, dt = 8.939855e-11, strain = 8.856976e-03, elapsed = 17087.4 sec
[TwinWall] projected 4931 node(s)
Step =   7096: nodes = 32416, dt = 1.072783e-10, strain = 8.858049e-03, elapsed = 17090.7 sec
[TwinWall] projected 5135 node(s)
Step =   7097: nodes = 32419, dt = 1.287339e-10, strain = 8.859336e-03, elapsed = 17094.1 sec
[TwinWall] projected 5252 node(s)
Step =   7098: nodes = 32421, dt = 1.544807e-10, strain = 8.860881e-03, elapsed = 17097.5 sec
[TwinWall] projected 5134 node(s)
Step =   7099: nodes = 32417, dt = 9.268841e-11, strain = 8.861808e-03, elapsed = 17102.4 sec
[TwinWall] projected 5129 node(s)
Step =   7100: nodes = 32457, dt = 9.268841e-11, strain = 8.862734e-03, elapsed = 17105.7 sec
Writing configuration in legacy data format
 Output file: /data/home/dg000246b/openDIS/HomeWork/output_Cu_twin_rorient1/config.7100.data
Writing restart file
 Restart file: /data/home/dg000246b/openDIS/HomeWork/output_Cu_twin_rorient1/restart.7100.exadis
[TwinWall] projected 5219 node(s)
Step =   7101: nodes = 32451, dt = 1.112261e-10, strain = 8.863847e-03, elapsed = 17109.4 sec
[TwinWall] projected 5218 node(s)
Step =   7102: nodes = 32440, dt = 1.334713e-10, strain = 8.865181e-03, elapsed = 17112.7 sec
[TwinWall] projected 5100 node(s)
Step =   7103: nodes = 32458, dt = 8.008279e-11, strain = 8.865982e-03, elapsed = 17117.7 sec
[TwinWall] projected 4960 node(s)
Step =   7104: nodes = 32445, dt = 8.008279e-11, strain = 8.866783e-03, elapsed = 17120.9 sec
[TwinWall] projected 5117 node(s)
Step =   7105: nodes = 32457, dt = 9.609935e-11, strain = 8.867744e-03, elapsed = 17124.5 sec
[TwinWall] projected 5069 node(s)
Step =   7106: nodes = 32477, dt = 1.153192e-10, strain = 8.868897e-03, elapsed = 17127.8 sec
[TwinWall] projected 5241 node(s)
Step =   7107: nodes = 32447, dt = 1.383831e-10, strain = 8.870281e-03, elapsed = 17131.2 sec
[TwinWall] projected 5111 node(s)
Step =   7108: nodes = 32456, dt = 8.302984e-11, strain = 8.871111e-03, elapsed = 17136.0 sec
[TwinWall] projected 5079 node(s)
Step =   7109: nodes = 32450, dt = 8.302984e-11, strain = 8.871942e-03, elapsed = 17139.3 sec
[TwinWall] projected 5059 node(s)
Step =   7110: nodes = 32463, dt = 9.963580e-11, strain = 8.872938e-03, elapsed = 17142.5 sec
[TwinWall] projected 5158 node(s)
Step =   7111: nodes = 32449, dt = 1.195630e-10, strain = 8.874134e-03, elapsed = 17145.8 sec
[TwinWall] projected 5232 node(s)
Step =   7112: nodes = 32437, dt = 1.434756e-10, strain = 8.875568e-03, elapsed = 17149.2 sec
[TwinWall] projected 4998 node(s)
Step =   7113: nodes = 32461, dt = 8.608533e-11, strain = 8.876429e-03, elapsed = 17154.1 sec
[TwinWall] projected 4994 node(s)
Step =   7114: nodes = 32475, dt = 8.608533e-11, strain = 8.877290e-03, elapsed = 17157.4 sec
[TwinWall] projected 4921 node(s)
Step =   7115: nodes = 32451, dt = 1.033024e-10, strain = 8.878323e-03, elapsed = 17160.6 sec
[TwinWall] projected 5047 node(s)
Step =   7116: nodes = 32444, dt = 1.239629e-10, strain = 8.879563e-03, elapsed = 17164.0 sec
[TwinWall] projected 5137 node(s)
Step =   7117: nodes = 32400, dt = 1.487555e-10, strain = 8.881050e-03, elapsed = 17167.3 sec
[TwinWall] projected 4960 node(s)
Step =   7118: nodes = 32405, dt = 8.925327e-11, strain = 8.881943e-03, elapsed = 17172.3 sec
[TwinWall] projected 4908 node(s)
Step =   7119: nodes = 32412, dt = 8.925327e-11, strain = 8.882835e-03, elapsed = 17175.5 sec
[TwinWall] projected 4950 node(s)
Step =   7120: nodes = 32399, dt = 1.071039e-10, strain = 8.883906e-03, elapsed = 17178.8 sec
[TwinWall] projected 4970 node(s)
Step =   7121: nodes = 32396, dt = 1.285247e-10, strain = 8.885192e-03, elapsed = 17182.1 sec
[TwinWall] projected 4916 node(s)
Step =   7122: nodes = 32417, dt = 7.711483e-11, strain = 8.885963e-03, elapsed = 17187.2 sec
[TwinWall] projected 4803 node(s)
Step =   7123: nodes = 32410, dt = 7.711483e-11, strain = 8.886734e-03, elapsed = 17190.5 sec
[TwinWall] projected 4994 node(s)
Step =   7124: nodes = 32428, dt = 9.253779e-11, strain = 8.887659e-03, elapsed = 17193.8 sec
[TwinWall] projected 4968 node(s)
Step =   7125: nodes = 32456, dt = 1.110454e-10, strain = 8.888770e-03, elapsed = 17197.0 sec
[TwinWall] projected 5084 node(s)
Step =   7126: nodes = 32420, dt = 1.332544e-10, strain = 8.890102e-03, elapsed = 17200.3 sec
[TwinWall] projected 4909 node(s)
Step =   7127: nodes = 32419, dt = 7.995265e-11, strain = 8.890902e-03, elapsed = 17205.1 sec
[TwinWall] projected 5011 node(s)
Step =   7128: nodes = 32406, dt = 7.995265e-11, strain = 8.891701e-03, elapsed = 17208.3 sec
[TwinWall] projected 5004 node(s)
Step =   7129: nodes = 32413, dt = 9.594319e-11, strain = 8.892661e-03, elapsed = 17211.5 sec
[TwinWall] projected 5039 node(s)
Step =   7130: nodes = 32414, dt = 1.151318e-10, strain = 8.893812e-03, elapsed = 17214.8 sec
[TwinWall] projected 4975 node(s)
Step =   7131: nodes = 32424, dt = 6.907909e-11, strain = 8.894503e-03, elapsed = 17219.6 sec
[TwinWall] projected 4894 node(s)
Step =   7132: nodes = 32418, dt = 6.907909e-11, strain = 8.895194e-03, elapsed = 17222.8 sec
[TwinWall] projected 4875 node(s)
Step =   7133: nodes = 32400, dt = 8.289491e-11, strain = 8.896023e-03, elapsed = 17226.1 sec
[TwinWall] projected 5000 node(s)
Step =   7134: nodes = 32416, dt = 9.947389e-11, strain = 8.897017e-03, elapsed = 17229.3 sec
[TwinWall] projected 5007 node(s)
Step =   7135: nodes = 32390, dt = 1.193687e-10, strain = 8.898211e-03, elapsed = 17232.6 sec
[TwinWall] projected 5124 node(s)
Step =   7136: nodes = 32379, dt = 1.432424e-10, strain = 8.899644e-03, elapsed = 17235.9 sec
[TwinWall] projected 4901 node(s)
Step =   7137: nodes = 32378, dt = 8.594544e-11, strain = 8.900503e-03, elapsed = 17240.7 sec
[TwinWall] projected 4853 node(s)
Step =   7138: nodes = 32370, dt = 8.594544e-11, strain = 8.901362e-03, elapsed = 17244.3 sec
[TwinWall] projected 4927 node(s)
Step =   7139: nodes = 32396, dt = 1.031345e-10, strain = 8.902394e-03, elapsed = 17247.6 sec
[TwinWall] projected 4997 node(s)
Step =   7140: nodes = 32385, dt = 1.237614e-10, strain = 8.903631e-03, elapsed = 17250.8 sec
[TwinWall] projected 4969 node(s)
Step =   7141: nodes = 32395, dt = 7.425686e-11, strain = 8.904374e-03, elapsed = 17255.7 sec
[TwinWall] projected 4909 node(s)
Step =   7142: nodes = 32417, dt = 7.425686e-11, strain = 8.905117e-03, elapsed = 17258.9 sec
[TwinWall] projected 5036 node(s)
Step =   7143: nodes = 32432, dt = 8.910824e-11, strain = 8.906008e-03, elapsed = 17262.1 sec
[TwinWall] projected 5017 node(s)
Step =   7144: nodes = 32415, dt = 1.069299e-10, strain = 8.907077e-03, elapsed = 17265.4 sec
[TwinWall] projected 5075 node(s)
Step =   7145: nodes = 32426, dt = 1.283159e-10, strain = 8.908360e-03, elapsed = 17268.7 sec
[TwinWall] projected 4833 node(s)
Step =   7146: nodes = 32427, dt = 7.698952e-11, strain = 8.909130e-03, elapsed = 17273.5 sec
[TwinWall] projected 4796 node(s)
Step =   7147: nodes = 32440, dt = 7.698952e-11, strain = 8.909900e-03, elapsed = 17276.7 sec
[TwinWall] projected 4905 node(s)
Step =   7148: nodes = 32441, dt = 9.238742e-11, strain = 8.910824e-03, elapsed = 17279.9 sec
[TwinWall] projected 4832 node(s)
Step =   7149: nodes = 32428, dt = 1.108649e-10, strain = 8.911932e-03, elapsed = 17283.2 sec
[TwinWall] projected 5010 node(s)
Step =   7150: nodes = 32421, dt = 1.330379e-10, strain = 8.913263e-03, elapsed = 17286.5 sec
[TwinWall] projected 4992 node(s)
Step =   7151: nodes = 32414, dt = 7.982273e-11, strain = 8.914061e-03, elapsed = 17291.4 sec
[TwinWall] projected 5000 node(s)
Step =   7152: nodes = 32431, dt = 7.982273e-11, strain = 8.914859e-03, elapsed = 17294.6 sec
[TwinWall] projected 5016 node(s)
Step =   7153: nodes = 32429, dt = 9.578728e-11, strain = 8.915817e-03, elapsed = 17297.9 sec
[TwinWall] projected 5011 node(s)
Step =   7154: nodes = 32422, dt = 1.149447e-10, strain = 8.916967e-03, elapsed = 17301.2 sec
[TwinWall] projected 4983 node(s)
Step =   7155: nodes = 32411, dt = 6.896684e-11, strain = 8.917656e-03, elapsed = 17306.2 sec
[TwinWall] projected 4926 node(s)
Step =   7156: nodes = 32427, dt = 6.896684e-11, strain = 8.918346e-03, elapsed = 17309.4 sec
[TwinWall] projected 4885 node(s)
Step =   7157: nodes = 32426, dt = 8.276021e-11, strain = 8.919173e-03, elapsed = 17312.6 sec
[TwinWall] projected 4934 node(s)
Step =   7158: nodes = 32440, dt = 9.931225e-11, strain = 8.920167e-03, elapsed = 17316.0 sec
[TwinWall] projected 4975 node(s)
Step =   7159: nodes = 32426, dt = 1.191747e-10, strain = 8.921358e-03, elapsed = 17319.2 sec
[TwinWall] projected 4926 node(s)
Step =   7160: nodes = 32408, dt = 7.150482e-11, strain = 8.922073e-03, elapsed = 17324.1 sec
[TwinWall] projected 4841 node(s)
Step =   7161: nodes = 32402, dt = 7.150482e-11, strain = 8.922788e-03, elapsed = 17327.3 sec
[TwinWall] projected 4917 node(s)
Step =   7162: nodes = 32393, dt = 8.580578e-11, strain = 8.923647e-03, elapsed = 17330.5 sec
[TwinWall] projected 4958 node(s)
Step =   7163: nodes = 32396, dt = 1.029669e-10, strain = 8.924676e-03, elapsed = 17333.8 sec
[TwinWall] projected 4853 node(s)
Step =   7164: nodes = 32394, dt = 6.178016e-11, strain = 8.925294e-03, elapsed = 17338.6 sec
[TwinWall] projected 4811 node(s)
Step =   7165: nodes = 32400, dt = 6.178016e-11, strain = 8.925912e-03, elapsed = 17341.8 sec
[TwinWall] projected 4811 node(s)
Step =   7166: nodes = 32410, dt = 7.413620e-11, strain = 8.926653e-03, elapsed = 17345.0 sec
[TwinWall] projected 4872 node(s)
Step =   7167: nodes = 32411, dt = 8.896344e-11, strain = 8.927543e-03, elapsed = 17348.3 sec
[TwinWall] projected 4876 node(s)
Step =   7168: nodes = 32408, dt = 1.067561e-10, strain = 8.928610e-03, elapsed = 17351.5 sec
[TwinWall] projected 5064 node(s)
Step =   7169: nodes = 32411, dt = 1.281073e-10, strain = 8.929891e-03, elapsed = 17354.8 sec
[TwinWall] projected 4816 node(s)
Step =   7170: nodes = 32407, dt = 7.686441e-11, strain = 8.930660e-03, elapsed = 17359.6 sec
[TwinWall] projected 4997 node(s)
Step =   7171: nodes = 32405, dt = 7.686441e-11, strain = 8.931429e-03, elapsed = 17362.9 sec
[TwinWall] projected 5037 node(s)
Step =   7172: nodes = 32426, dt = 9.223729e-11, strain = 8.932351e-03, elapsed = 17366.2 sec
[TwinWall] projected 5051 node(s)
Step =   7173: nodes = 32421, dt = 1.106847e-10, strain = 8.933458e-03, elapsed = 17369.5 sec
[TwinWall] projected 4932 node(s)
Step =   7174: nodes = 32404, dt = 6.641085e-11, strain = 8.934122e-03, elapsed = 17374.3 sec
[TwinWall] projected 4941 node(s)
Step =   7175: nodes = 32415, dt = 6.641085e-11, strain = 8.934786e-03, elapsed = 17377.5 sec
[TwinWall] projected 4949 node(s)
Step =   7176: nodes = 32423, dt = 7.969302e-11, strain = 8.935583e-03, elapsed = 17380.8 sec
[TwinWall] projected 5005 node(s)
Step =   7177: nodes = 32412, dt = 9.563162e-11, strain = 8.936539e-03, elapsed = 17384.0 sec
[TwinWall] projected 5028 node(s)
Step =   7178: nodes = 32411, dt = 1.147579e-10, strain = 8.937687e-03, elapsed = 17387.3 sec
[TwinWall] projected 5157 node(s)
Step =   7179: nodes = 32423, dt = 1.377095e-10, strain = 8.939064e-03, elapsed = 17390.7 sec
[TwinWall] projected 4968 node(s)
Step =   7180: nodes = 32431, dt = 8.262572e-11, strain = 8.939890e-03, elapsed = 17395.6 sec
[TwinWall] projected 4903 node(s)
Step =   7181: nodes = 32424, dt = 8.262572e-11, strain = 8.940717e-03, elapsed = 17398.8 sec
[TwinWall] projected 4992 node(s)
Step =   7182: nodes = 32420, dt = 9.915087e-11, strain = 8.941708e-03, elapsed = 17402.1 sec
[TwinWall] projected 5024 node(s)
Step =   7183: nodes = 32454, dt = 1.189810e-10, strain = 8.942898e-03, elapsed = 17405.3 sec
[TwinWall] projected 5179 node(s)
Step =   7184: nodes = 32451, dt = 1.427772e-10, strain = 8.944326e-03, elapsed = 17408.7 sec
[TwinWall] projected 5078 node(s)
Step =   7185: nodes = 32434, dt = 8.566635e-11, strain = 8.945182e-03, elapsed = 17413.6 sec
[TwinWall] projected 5039 node(s)
Step =   7186: nodes = 32444, dt = 8.566635e-11, strain = 8.946039e-03, elapsed = 17416.9 sec
[TwinWall] projected 5153 node(s)
Step =   7187: nodes = 32436, dt = 1.027996e-10, strain = 8.947067e-03, elapsed = 17420.2 sec
[TwinWall] projected 5171 node(s)
Step =   7188: nodes = 32435, dt = 1.233595e-10, strain = 8.948301e-03, elapsed = 17423.5 sec
[TwinWall] projected 5222 node(s)
Step =   7189: nodes = 32434, dt = 1.480315e-10, strain = 8.949781e-03, elapsed = 17426.8 sec
[TwinWall] projected 5008 node(s)
Step =   7190: nodes = 32420, dt = 8.881887e-11, strain = 8.950669e-03, elapsed = 17431.8 sec
[TwinWall] projected 4968 node(s)
Step =   7191: nodes = 32426, dt = 8.881887e-11, strain = 8.951557e-03, elapsed = 17435.1 sec
[TwinWall] projected 5012 node(s)
Step =   7192: nodes = 32432, dt = 1.065826e-10, strain = 8.952623e-03, elapsed = 17438.4 sec
[TwinWall] projected 5104 node(s)
Step =   7193: nodes = 32424, dt = 1.278992e-10, strain = 8.953902e-03, elapsed = 17441.8 sec
[TwinWall] projected 4894 node(s)
Step =   7194: nodes = 32441, dt = 7.673950e-11, strain = 8.954669e-03, elapsed = 17446.7 sec
[TwinWall] projected 4808 node(s)
Step =   7195: nodes = 32451, dt = 7.673950e-11, strain = 8.955437e-03, elapsed = 17449.9 sec
[TwinWall] projected 4986 node(s)
Step =   7196: nodes = 32453, dt = 9.208740e-11, strain = 8.956358e-03, elapsed = 17453.2 sec
[TwinWall] projected 5062 node(s)
Step =   7197: nodes = 32442, dt = 1.105049e-10, strain = 8.957463e-03, elapsed = 17456.4 sec
[TwinWall] projected 5209 node(s)
Step =   7198: nodes = 32444, dt = 1.326059e-10, strain = 8.958789e-03, elapsed = 17459.8 sec
[TwinWall] projected 4968 node(s)
Step =   7199: nodes = 32434, dt = 7.956352e-11, strain = 8.959585e-03, elapsed = 17464.7 sec
[TwinWall] projected 4962 node(s)
Step =   7200: nodes = 32447, dt = 7.956352e-11, strain = 8.960380e-03, elapsed = 17468.1 sec
Writing configuration in legacy data format
 Output file: /data/home/dg000246b/openDIS/HomeWork/output_Cu_twin_rorient1/config.7200.data
Writing restart file
 Restart file: /data/home/dg000246b/openDIS/HomeWork/output_Cu_twin_rorient1/restart.7200.exadis
[TwinWall] projected 5076 node(s)
Step =   7201: nodes = 32439, dt = 9.547622e-11, strain = 8.961335e-03, elapsed = 17471.7 sec
[TwinWall] projected 5145 node(s)
Step =   7202: nodes = 32452, dt = 1.145715e-10, strain = 8.962481e-03, elapsed = 17475.0 sec
[TwinWall] projected 4918 node(s)
Step =   7203: nodes = 32452, dt = 6.874288e-11, strain = 8.963168e-03, elapsed = 17479.9 sec
[TwinWall] projected 4888 node(s)
Step =   7204: nodes = 32450, dt = 6.874288e-11, strain = 8.963855e-03, elapsed = 17483.0 sec
[TwinWall] projected 5019 node(s)
Step =   7205: nodes = 32451, dt = 8.249146e-11, strain = 8.964680e-03, elapsed = 17486.5 sec
[TwinWall] projected 5067 node(s)
Step =   7206: nodes = 32467, dt = 9.898975e-11, strain = 8.965670e-03, elapsed = 17489.8 sec
[TwinWall] projected 5181 node(s)
Step =   7207: nodes = 32429, dt = 1.187877e-10, strain = 8.966858e-03, elapsed = 17493.1 sec
[TwinWall] projected 4921 node(s)
Step =   7208: nodes = 32432, dt = 7.127262e-11, strain = 8.967571e-03, elapsed = 17498.0 sec
[TwinWall] projected 5003 node(s)
Step =   7209: nodes = 32443, dt = 7.127262e-11, strain = 8.968284e-03, elapsed = 17501.2 sec
[TwinWall] projected 5066 node(s)
Step =   7210: nodes = 32459, dt = 8.552714e-11, strain = 8.969139e-03, elapsed = 17504.5 sec
[TwinWall] projected 5117 node(s)
Step =   7211: nodes = 32464, dt = 1.026326e-10, strain = 8.970165e-03, elapsed = 17507.8 sec
[TwinWall] projected 5174 node(s)
Step =   7212: nodes = 32440, dt = 1.231591e-10, strain = 8.971397e-03, elapsed = 17511.1 sec
[TwinWall] projected 5073 node(s)
Step =   7213: nodes = 32431, dt = 7.389545e-11, strain = 8.972136e-03, elapsed = 17516.1 sec
[TwinWall] projected 4980 node(s)
Step =   7214: nodes = 32434, dt = 7.389545e-11, strain = 8.972875e-03, elapsed = 17519.3 sec
[TwinWall] projected 5137 node(s)
Step =   7215: nodes = 32442, dt = 8.867454e-11, strain = 8.973761e-03, elapsed = 17522.7 sec
[TwinWall] projected 5101 node(s)
Step =   7216: nodes = 32439, dt = 1.064094e-10, strain = 8.974826e-03, elapsed = 17525.9 sec
[TwinWall] projected 5270 node(s)
Step =   7217: nodes = 32436, dt = 1.276913e-10, strain = 8.976102e-03, elapsed = 17529.3 sec
[TwinWall] projected 4954 node(s)
Step =   7218: nodes = 32456, dt = 7.661480e-11, strain = 8.976869e-03, elapsed = 17534.2 sec
[TwinWall] projected 5056 node(s)
Step =   7219: nodes = 32459, dt = 7.661480e-11, strain = 8.977635e-03, elapsed = 17537.4 sec
[TwinWall] projected 5077 node(s)
Step =   7220: nodes = 32461, dt = 9.193776e-11, strain = 8.978554e-03, elapsed = 17540.7 sec
[TwinWall] projected 5141 node(s)
Step =   7221: nodes = 32450, dt = 1.103253e-10, strain = 8.979657e-03, elapsed = 17544.0 sec
[TwinWall] projected 5178 node(s)
Step =   7222: nodes = 32447, dt = 1.323904e-10, strain = 8.980981e-03, elapsed = 17547.5 sec
[TwinWall] projected 4999 node(s)
Step =   7223: nodes = 32460, dt = 7.943423e-11, strain = 8.981776e-03, elapsed = 17552.4 sec
[TwinWall] projected 4961 node(s)
Step =   7224: nodes = 32474, dt = 7.943423e-11, strain = 8.982570e-03, elapsed = 17555.7 sec
[TwinWall] projected 5112 node(s)
Step =   7225: nodes = 32487, dt = 9.532107e-11, strain = 8.983523e-03, elapsed = 17559.0 sec
[TwinWall] projected 5085 node(s)
Step =   7226: nodes = 32496, dt = 1.143853e-10, strain = 8.984667e-03, elapsed = 17562.3 sec
[TwinWall] projected 5252 node(s)
Step =   7227: nodes = 32458, dt = 1.372623e-10, strain = 8.986040e-03, elapsed = 17565.7 sec
[TwinWall] projected 4942 node(s)
Step =   7228: nodes = 32471, dt = 8.235741e-11, strain = 8.986863e-03, elapsed = 17570.6 sec
[TwinWall] projected 5014 node(s)
Step =   7229: nodes = 32460, dt = 8.235741e-11, strain = 8.987687e-03, elapsed = 17573.9 sec
[TwinWall] projected 5009 node(s)
Step =   7230: nodes = 32480, dt = 9.882889e-11, strain = 8.988675e-03, elapsed = 17577.1 sec
[TwinWall] projected 5200 node(s)
Step =   7231: nodes = 32464, dt = 1.185947e-10, strain = 8.989861e-03, elapsed = 17580.5 sec
[TwinWall] projected 4956 node(s)
Step =   7232: nodes = 32472, dt = 7.115680e-11, strain = 8.990573e-03, elapsed = 17585.3 sec
[TwinWall] projected 5003 node(s)
Step =   7233: nodes = 32501, dt = 7.115680e-11, strain = 8.991284e-03, elapsed = 17588.7 sec
[TwinWall] projected 5092 node(s)
Step =   7234: nodes = 32495, dt = 8.538816e-11, strain = 8.992138e-03, elapsed = 17591.9 sec
[TwinWall] projected 5200 node(s)
Step =   7235: nodes = 32486, dt = 1.024658e-10, strain = 8.993163e-03, elapsed = 17595.2 sec
[TwinWall] projected 5222 node(s)
Step =   7236: nodes = 32477, dt = 1.229589e-10, strain = 8.994392e-03, elapsed = 17598.6 sec
[TwinWall] projected 5044 node(s)
Step =   7237: nodes = 32485, dt = 7.377537e-11, strain = 8.995130e-03, elapsed = 17603.4 sec
[TwinWall] projected 5009 node(s)
Step =   7238: nodes = 32484, dt = 7.377537e-11, strain = 8.995868e-03, elapsed = 17606.8 sec
[TwinWall] projected 5106 node(s)
Step =   7239: nodes = 32492, dt = 8.853044e-11, strain = 8.996753e-03, elapsed = 17610.1 sec
[TwinWall] projected 5093 node(s)
Step =   7240: nodes = 32488, dt = 1.062365e-10, strain = 8.997815e-03, elapsed = 17613.3 sec
[TwinWall] projected 5180 node(s)
Step =   7241: nodes = 32505, dt = 1.274838e-10, strain = 8.999090e-03, elapsed = 17616.6 sec
[TwinWall] projected 5028 node(s)
Step =   7242: nodes = 32506, dt = 7.649030e-11, strain = 8.999855e-03, elapsed = 17621.5 sec
[TwinWall] projected 5034 node(s)
Step =   7243: nodes = 32501, dt = 7.649030e-11, strain = 9.000620e-03, elapsed = 17624.8 sec
[TwinWall] projected 5112 node(s)
Step =   7244: nodes = 32474, dt = 9.178836e-11, strain = 9.001538e-03, elapsed = 17628.0 sec
[TwinWall] projected 5189 node(s)
Step =   7245: nodes = 32482, dt = 1.101460e-10, strain = 9.002639e-03, elapsed = 17631.3 sec
[TwinWall] projected 5019 node(s)
Step =   7246: nodes = 32497, dt = 6.608762e-11, strain = 9.003300e-03, elapsed = 17636.2 sec
[TwinWall] projected 4959 node(s)
Step =   7247: nodes = 32500, dt = 6.608762e-11, strain = 9.003961e-03, elapsed = 17639.5 sec
[TwinWall] projected 4954 node(s)
Step =   7248: nodes = 32527, dt = 7.930515e-11, strain = 9.004754e-03, elapsed = 17642.6 sec
[TwinWall] projected 5127 node(s)
Step =   7249: nodes = 32499, dt = 9.516618e-11, strain = 9.005706e-03, elapsed = 17645.9 sec
[TwinWall] projected 5097 node(s)
Step =   7250: nodes = 32501, dt = 1.141994e-10, strain = 9.006848e-03, elapsed = 17649.3 sec
[TwinWall] projected 5054 node(s)
Step =   7251: nodes = 32517, dt = 6.851965e-11, strain = 9.007533e-03, elapsed = 17654.3 sec
[TwinWall] projected 4934 node(s)
Step =   7252: nodes = 32513, dt = 6.851965e-11, strain = 9.008218e-03, elapsed = 17657.4 sec
[TwinWall] projected 4986 node(s)
Step =   7253: nodes = 32506, dt = 8.222358e-11, strain = 9.009041e-03, elapsed = 17660.6 sec
[TwinWall] projected 5037 node(s)
Step =   7254: nodes = 32473, dt = 9.866829e-11, strain = 9.010027e-03, elapsed = 17663.9 sec
[TwinWall] projected 5029 node(s)
Step =   7255: nodes = 32447, dt = 1.184019e-10, strain = 9.011211e-03, elapsed = 17667.2 sec
[TwinWall] projected 4958 node(s)
Step =   7256: nodes = 32474, dt = 7.104117e-11, strain = 9.011922e-03, elapsed = 17672.1 sec
[TwinWall] projected 4796 node(s)
Step =   7257: nodes = 32504, dt = 7.104117e-11, strain = 9.012632e-03, elapsed = 17675.3 sec
[TwinWall] projected 4985 node(s)
Step =   7258: nodes = 32490, dt = 8.524940e-11, strain = 9.013485e-03, elapsed = 17678.6 sec
[TwinWall] projected 5017 node(s)
Step =   7259: nodes = 32489, dt = 1.022993e-10, strain = 9.014508e-03, elapsed = 17681.8 sec
[TwinWall] projected 4984 node(s)
Step =   7260: nodes = 32502, dt = 6.137957e-11, strain = 9.015121e-03, elapsed = 17686.7 sec
[TwinWall] projected 4867 node(s)
Step =   7261: nodes = 32508, dt = 6.137957e-11, strain = 9.015735e-03, elapsed = 17689.9 sec
[TwinWall] projected 4828 node(s)
Step =   7262: nodes = 32507, dt = 7.365548e-11, strain = 9.016472e-03, elapsed = 17693.1 sec
[TwinWall] projected 4893 node(s)
Step =   7263: nodes = 32512, dt = 8.838658e-11, strain = 9.017356e-03, elapsed = 17696.4 sec
[TwinWall] projected 5028 node(s)
Step =   7264: nodes = 32501, dt = 1.060639e-10, strain = 9.018416e-03, elapsed = 17699.7 sec
[TwinWall] projected 4992 node(s)
Step =   7265: nodes = 32520, dt = 6.363834e-11, strain = 9.019053e-03, elapsed = 17704.6 sec
[TwinWall] projected 4875 node(s)
Step =   7266: nodes = 32532, dt = 6.363834e-11, strain = 9.019689e-03, elapsed = 17707.8 sec
[TwinWall] projected 4986 node(s)
Step =   7267: nodes = 32539, dt = 7.636601e-11, strain = 9.020453e-03, elapsed = 17711.1 sec
[TwinWall] projected 5028 node(s)
Step =   7268: nodes = 32540, dt = 9.163921e-11, strain = 9.021369e-03, elapsed = 17714.5 sec
[TwinWall] projected 5063 node(s)
Step =   7269: nodes = 32526, dt = 1.099670e-10, strain = 9.022469e-03, elapsed = 17717.7 sec
[TwinWall] projected 4976 node(s)
Step =   7270: nodes = 32533, dt = 6.598023e-11, strain = 9.023129e-03, elapsed = 17722.6 sec
[TwinWall] projected 4921 node(s)
Step =   7271: nodes = 32539, dt = 6.598023e-11, strain = 9.023788e-03, elapsed = 17725.9 sec
[TwinWall] projected 5025 node(s)
Step =   7272: nodes = 32549, dt = 7.917628e-11, strain = 9.024580e-03, elapsed = 17729.2 sec
[TwinWall] projected 5004 node(s)
Step =   7273: nodes = 32559, dt = 9.501153e-11, strain = 9.025530e-03, elapsed = 17732.5 sec
[TwinWall] projected 4893 node(s)
Step =   7274: nodes = 32562, dt = 5.700692e-11, strain = 9.026100e-03, elapsed = 17737.3 sec
[TwinWall] projected 4871 node(s)
Step =   7275: nodes = 32565, dt = 5.700692e-11, strain = 9.026670e-03, elapsed = 17740.6 sec
[TwinWall] projected 4926 node(s)
Step =   7276: nodes = 32576, dt = 6.840830e-11, strain = 9.027354e-03, elapsed = 17743.8 sec
[TwinWall] projected 4982 node(s)
Step =   7277: nodes = 32572, dt = 8.208996e-11, strain = 9.028175e-03, elapsed = 17747.1 sec
[TwinWall] projected 5090 node(s)
Step =   7278: nodes = 32542, dt = 9.850795e-11, strain = 9.029160e-03, elapsed = 17750.4 sec
[TwinWall] projected 4953 node(s)
Step =   7279: nodes = 32543, dt = 5.910477e-11, strain = 9.029751e-03, elapsed = 17755.3 sec
[TwinWall] projected 4892 node(s)
Step =   7280: nodes = 32561, dt = 5.910477e-11, strain = 9.030342e-03, elapsed = 17758.4 sec
[TwinWall] projected 4957 node(s)
Step =   7281: nodes = 32540, dt = 7.092573e-11, strain = 9.031052e-03, elapsed = 17761.7 sec
[TwinWall] projected 5039 node(s)
Step =   7282: nodes = 32543, dt = 8.511087e-11, strain = 9.031903e-03, elapsed = 17764.9 sec
[TwinWall] projected 5054 node(s)
Step =   7283: nodes = 32535, dt = 1.021330e-10, strain = 9.032924e-03, elapsed = 17768.2 sec
[TwinWall] projected 4957 node(s)
Step =   7284: nodes = 32538, dt = 6.127983e-11, strain = 9.033537e-03, elapsed = 17773.2 sec
[TwinWall] projected 4970 node(s)
Step =   7285: nodes = 32527, dt = 6.127983e-11, strain = 9.034150e-03, elapsed = 17776.4 sec
[TwinWall] projected 5032 node(s)
Step =   7286: nodes = 32536, dt = 7.353579e-11, strain = 9.034885e-03, elapsed = 17779.6 sec
[TwinWall] projected 4975 node(s)
Step =   7287: nodes = 32544, dt = 8.824295e-11, strain = 9.035768e-03, elapsed = 17782.9 sec
[TwinWall] projected 5017 node(s)
Step =   7288: nodes = 32533, dt = 1.058915e-10, strain = 9.036826e-03, elapsed = 17786.4 sec
[TwinWall] projected 4893 node(s)
Step =   7289: nodes = 32536, dt = 6.353493e-11, strain = 9.037462e-03, elapsed = 17791.3 sec
[TwinWall] projected 4943 node(s)
Step =   7290: nodes = 32535, dt = 6.353493e-11, strain = 9.038097e-03, elapsed = 17794.5 sec
[TwinWall] projected 4984 node(s)
Step =   7291: nodes = 32544, dt = 7.624191e-11, strain = 9.038860e-03, elapsed = 17797.8 sec
[TwinWall] projected 4998 node(s)
Step =   7292: nodes = 32537, dt = 9.149029e-11, strain = 9.039775e-03, elapsed = 17801.1 sec
[TwinWall] projected 4819 node(s)
Step =   7293: nodes = 32522, dt = 5.489418e-11, strain = 9.040323e-03, elapsed = 17805.9 sec
[TwinWall] projected 4825 node(s)
Step =   7294: nodes = 32507, dt = 5.489418e-11, strain = 9.040872e-03, elapsed = 17809.1 sec
[TwinWall] projected 4772 node(s)
Step =   7295: nodes = 32512, dt = 6.587301e-11, strain = 9.041531e-03, elapsed = 17812.3 sec
[TwinWall] projected 4862 node(s)
Step =   7296: nodes = 32517, dt = 7.904761e-11, strain = 9.042322e-03, elapsed = 17815.6 sec
[TwinWall] projected 5001 node(s)
Step =   7297: nodes = 32478, dt = 9.485714e-11, strain = 9.043270e-03, elapsed = 17818.8 sec
[TwinWall] projected 4674 node(s)
Step =   7298: nodes = 32476, dt = 5.691428e-11, strain = 9.043839e-03, elapsed = 17823.7 sec
[TwinWall] projected 4740 node(s)
Step =   7299: nodes = 32483, dt = 5.691428e-11, strain = 9.044408e-03, elapsed = 17826.9 sec
[TwinWall] projected 4771 node(s)
Step =   7300: nodes = 32470, dt = 6.829714e-11, strain = 9.045091e-03, elapsed = 17830.1 sec
Writing configuration in legacy data format
 Output file: /data/home/dg000246b/openDIS/HomeWork/output_Cu_twin_rorient1/config.7300.data
Writing restart file
 Restart file: /data/home/dg000246b/openDIS/HomeWork/output_Cu_twin_rorient1/restart.7300.exadis
[TwinWall] projected 4942 node(s)
Step =   7301: nodes = 32481, dt = 8.195657e-11, strain = 9.045911e-03, elapsed = 17833.7 sec
[TwinWall] projected 5010 node(s)
Step =   7302: nodes = 32497, dt = 9.834788e-11, strain = 9.046894e-03, elapsed = 17836.9 sec
[TwinWall] projected 4988 node(s)
Step =   7303: nodes = 32476, dt = 5.900873e-11, strain = 9.047485e-03, elapsed = 17841.9 sec
[TwinWall] projected 4857 node(s)
Step =   7304: nodes = 32472, dt = 5.900873e-11, strain = 9.048075e-03, elapsed = 17845.2 sec
[TwinWall] projected 4880 node(s)
Step =   7305: nodes = 32470, dt = 7.081047e-11, strain = 9.048783e-03, elapsed = 17848.5 sec
[TwinWall] projected 4905 node(s)
Step =   7306: nodes = 32486, dt = 8.497257e-11, strain = 9.049632e-03, elapsed = 17851.7 sec
[TwinWall] projected 4987 node(s)
Step =   7307: nodes = 32479, dt = 1.019671e-10, strain = 9.050652e-03, elapsed = 17855.0 sec
[TwinWall] projected 4877 node(s)
Step =   7308: nodes = 32479, dt = 6.118025e-11, strain = 9.051264e-03, elapsed = 17859.9 sec
[TwinWall] projected 4802 node(s)
Step =   7309: nodes = 32494, dt = 6.118025e-11, strain = 9.051876e-03, elapsed = 17863.1 sec
[TwinWall] projected 4856 node(s)
Step =   7310: nodes = 32506, dt = 7.341630e-11, strain = 9.052610e-03, elapsed = 17866.3 sec
[TwinWall] projected 4952 node(s)
Step =   7311: nodes = 32482, dt = 8.809956e-11, strain = 9.053491e-03, elapsed = 17869.6 sec
[TwinWall] projected 4956 node(s)
Step =   7312: nodes = 32485, dt = 1.057195e-10, strain = 9.054548e-03, elapsed = 17872.8 sec
[TwinWall] projected 4906 node(s)
Step =   7313: nodes = 32482, dt = 6.343168e-11, strain = 9.055182e-03, elapsed = 17877.8 sec
[TwinWall] projected 4807 node(s)
Step =   7314: nodes = 32468, dt = 6.343168e-11, strain = 9.055817e-03, elapsed = 17881.0 sec
[TwinWall] projected 4767 node(s)
Step =   7315: nodes = 32476, dt = 7.611802e-11, strain = 9.056578e-03, elapsed = 17884.2 sec
[TwinWall] projected 4904 node(s)
Step =   7316: nodes = 32475, dt = 9.134162e-11, strain = 9.057491e-03, elapsed = 17887.5 sec
[TwinWall] projected 4857 node(s)
Step =   7317: nodes = 32452, dt = 5.480497e-11, strain = 9.058039e-03, elapsed = 17892.3 sec
[TwinWall] projected 4905 node(s)
Step =   7318: nodes = 32451, dt = 5.480497e-11, strain = 9.058587e-03, elapsed = 17895.5 sec
[TwinWall] projected 4876 node(s)
Step =   7319: nodes = 32438, dt = 6.576597e-11, strain = 9.059245e-03, elapsed = 17898.6 sec
[TwinWall] projected 4860 node(s)
Step =   7320: nodes = 32461, dt = 7.891916e-11, strain = 9.060034e-03, elapsed = 17901.9 sec
[TwinWall] projected 4903 node(s)
Step =   7321: nodes = 32473, dt = 9.470299e-11, strain = 9.060981e-03, elapsed = 17905.3 sec
[TwinWall] projected 4810 node(s)
Step =   7322: nodes = 32475, dt = 5.682180e-11, strain = 9.061550e-03, elapsed = 17910.2 sec
[TwinWall] projected 4744 node(s)
Step =   7323: nodes = 32477, dt = 5.682180e-11, strain = 9.062118e-03, elapsed = 17913.4 sec
[TwinWall] projected 4766 node(s)
Step =   7324: nodes = 32486, dt = 6.818616e-11, strain = 9.062800e-03, elapsed = 17916.7 sec
[TwinWall] projected 4729 node(s)
Step =   7325: nodes = 32481, dt = 8.182339e-11, strain = 9.063618e-03, elapsed = 17919.8 sec
[TwinWall] projected 4940 node(s)
Step =   7326: nodes = 32479, dt = 9.818806e-11, strain = 9.064600e-03, elapsed = 17923.2 sec
[TwinWall] projected 4813 node(s)
Step =   7327: nodes = 32488, dt = 5.891284e-11, strain = 9.065189e-03, elapsed = 17928.0 sec
[TwinWall] projected 4699 node(s)
Step =   7328: nodes = 32478, dt = 5.891284e-11, strain = 9.065778e-03, elapsed = 17931.3 sec
[TwinWall] projected 4843 node(s)
Step =   7329: nodes = 32505, dt = 7.069541e-11, strain = 9.066485e-03, elapsed = 17934.5 sec
[TwinWall] projected 4938 node(s)
Step =   7330: nodes = 32494, dt = 8.483449e-11, strain = 9.067333e-03, elapsed = 17937.8 sec
[TwinWall] projected 5059 node(s)
Step =   7331: nodes = 32468, dt = 1.018014e-10, strain = 9.068351e-03, elapsed = 17941.1 sec
[TwinWall] projected 4867 node(s)
Step =   7332: nodes = 32473, dt = 6.108083e-11, strain = 9.068962e-03, elapsed = 17945.9 sec
[TwinWall] projected 4836 node(s)
Step =   7333: nodes = 32475, dt = 6.108083e-11, strain = 9.069573e-03, elapsed = 17949.1 sec
[TwinWall] projected 4920 node(s)
Step =   7334: nodes = 32475, dt = 7.329700e-11, strain = 9.070306e-03, elapsed = 17952.3 sec
[TwinWall] projected 5024 node(s)
Step =   7335: nodes = 32483, dt = 8.795640e-11, strain = 9.071185e-03, elapsed = 17955.6 sec
[TwinWall] projected 5053 node(s)
Step =   7336: nodes = 32497, dt = 1.055477e-10, strain = 9.072241e-03, elapsed = 17958.9 sec
[TwinWall] projected 4950 node(s)
Step =   7337: nodes = 32498, dt = 6.332861e-11, strain = 9.072874e-03, elapsed = 17963.7 sec
[TwinWall] projected 4827 node(s)
Step =   7338: nodes = 32510, dt = 6.332861e-11, strain = 9.073508e-03, elapsed = 17967.1 sec
[TwinWall] projected 4826 node(s)
Step =   7339: nodes = 32510, dt = 7.599433e-11, strain = 9.074267e-03, elapsed = 17970.4 sec
[TwinWall] projected 4981 node(s)
Step =   7340: nodes = 32513, dt = 9.119319e-11, strain = 9.075179e-03, elapsed = 17973.7 sec
[TwinWall] projected 4975 node(s)
Step =   7341: nodes = 32490, dt = 1.094318e-10, strain = 9.076274e-03, elapsed = 17977.0 sec
[TwinWall] projected 4897 node(s)
Step =   7342: nodes = 32470, dt = 6.565910e-11, strain = 9.076930e-03, elapsed = 17981.9 sec
[TwinWall] projected 4756 node(s)
Step =   7343: nodes = 32480, dt = 6.565910e-11, strain = 9.077587e-03, elapsed = 17985.1 sec
[TwinWall] projected 4779 node(s)
Step =   7344: nodes = 32458, dt = 7.879092e-11, strain = 9.078375e-03, elapsed = 17988.3 sec
[TwinWall] projected 4964 node(s)
Step =   7345: nodes = 32456, dt = 9.454910e-11, strain = 9.079320e-03, elapsed = 17991.6 sec
[TwinWall] projected 4846 node(s)
Step =   7346: nodes = 32464, dt = 5.672946e-11, strain = 9.079888e-03, elapsed = 17996.4 sec
[TwinWall] projected 4725 node(s)
Step =   7347: nodes = 32457, dt = 5.672946e-11, strain = 9.080455e-03, elapsed = 17999.6 sec
[TwinWall] projected 4938 node(s)
Step =   7348: nodes = 32428, dt = 6.807535e-11, strain = 9.081136e-03, elapsed = 18002.8 sec
[TwinWall] projected 4993 node(s)
Step =   7349: nodes = 32406, dt = 8.169042e-11, strain = 9.081953e-03, elapsed = 18006.0 sec
[TwinWall] projected 4979 node(s)
Step =   7350: nodes = 32432, dt = 9.802851e-11, strain = 9.082933e-03, elapsed = 18009.2 sec
[TwinWall] projected 4921 node(s)
Step =   7351: nodes = 32433, dt = 5.881710e-11, strain = 9.083521e-03, elapsed = 18014.1 sec
[TwinWall] projected 4826 node(s)
Step =   7352: nodes = 32432, dt = 5.881710e-11, strain = 9.084109e-03, elapsed = 18017.2 sec
[TwinWall] projected 4904 node(s)
Step =   7353: nodes = 32431, dt = 7.058053e-11, strain = 9.084815e-03, elapsed = 18020.4 sec
[TwinWall] projected 4854 node(s)
Step =   7354: nodes = 32426, dt = 8.469663e-11, strain = 9.085662e-03, elapsed = 18023.7 sec
[TwinWall] projected 4931 node(s)
Step =   7355: nodes = 32405, dt = 1.016360e-10, strain = 9.086678e-03, elapsed = 18027.2 sec
slurmstepd-c2n023: error: *** JOB 310205 ON c2n023 CANCELLED AT 2026-06-09T14:41:41 ***
