Host Parallel Execution Space:
  KOKKOS_ENABLE_OPENMP: yes

OpenMP Runtime Configuration:
Kokkos::OpenMP thread_pool_topology[ 1 x 48 x 1 ]
Reading ParaDiS configuration
 Input file: /data/home/dg000246b/openDIS/HomeWork/init_data_twin_rorient/init_config.data
 nodes: 2244, segments: 2179
 Warning: Burgers vector is not conserved for 130 node(s)
[System] 50 spherical obstacles loaded
[System] 2 planar obstacles (twin boundaries) loaded
Step =      0: nodes = 2244, dt = 0.000000e+00, strain = 0.000000e+00, elapsed = 3.2 sec
Writing configuration in legacy data format
 Output file: /data/home/dg000246b/openDIS/HomeWork/output_Cu_twin_rorient/config.0.data
Writing restart file
 Restart file: /data/home/dg000246b/openDIS/HomeWork/output_Cu_twin_rorient/restart.0.exadis
Run until reaching strain = 0.010000
Step =      1: nodes = 2244, dt = 5.000000e-10, strain = 2.500000e-06, elapsed = 3.5 sec
Step =      2: nodes = 2244, dt = 2.500000e-10, strain = 3.750000e-06, elapsed = 3.6 sec
Step =      3: nodes = 2244, dt = 2.500000e-10, strain = 5.000000e-06, elapsed = 3.7 sec
Step =      4: nodes = 2244, dt = 3.000000e-10, strain = 6.500000e-06, elapsed = 3.8 sec
Step =      5: nodes = 2244, dt = 3.600000e-10, strain = 8.300000e-06, elapsed = 3.9 sec
Step =      6: nodes = 2244, dt = 4.320000e-10, strain = 1.046000e-05, elapsed = 4.0 sec
Step =      7: nodes = 2244, dt = 5.184000e-10, strain = 1.305200e-05, elapsed = 4.1 sec
Step =      8: nodes = 2244, dt = 3.110400e-10, strain = 1.460720e-05, elapsed = 4.2 sec
Step =      9: nodes = 2244, dt = 3.110400e-10, strain = 1.616240e-05, elapsed = 4.3 sec
Step =     10: nodes = 2244, dt = 3.732480e-10, strain = 1.802864e-05, elapsed = 4.4 sec
Step =     11: nodes = 2244, dt = 4.478976e-10, strain = 2.026813e-05, elapsed = 4.5 sec
Step =     12: nodes = 2244, dt = 2.687386e-10, strain = 2.161182e-05, elapsed = 4.7 sec
Step =     13: nodes = 2244, dt = 2.687386e-10, strain = 2.295551e-05, elapsed = 4.8 sec
Step =     14: nodes = 2244, dt = 3.224863e-10, strain = 2.456794e-05, elapsed = 4.9 sec
Step =     15: nodes = 2244, dt = 3.869835e-10, strain = 2.650286e-05, elapsed = 5.0 sec
Step =     16: nodes = 2244, dt = 4.643802e-10, strain = 2.882476e-05, elapsed = 5.1 sec
Step =     17: nodes = 2244, dt = 2.786281e-10, strain = 3.021790e-05, elapsed = 5.2 sec
Step =     18: nodes = 2244, dt = 2.786281e-10, strain = 3.161105e-05, elapsed = 5.3 sec
Step =     19: nodes = 2244, dt = 3.343538e-10, strain = 3.328281e-05, elapsed = 5.4 sec
Step =     20: nodes = 2244, dt = 4.012245e-10, strain = 3.528894e-05, elapsed = 5.5 sec
Step =     21: nodes = 2244, dt = 4.814694e-10, strain = 3.769628e-05, elapsed = 5.6 sec
Step =     22: nodes = 2244, dt = 2.888817e-10, strain = 3.914069e-05, elapsed = 5.7 sec
Step =     23: nodes = 2244, dt = 2.888817e-10, strain = 4.058510e-05, elapsed = 5.8 sec
Step =     24: nodes = 2244, dt = 3.466580e-10, strain = 4.231839e-05, elapsed = 5.9 sec
Step =     25: nodes = 2244, dt = 4.159896e-10, strain = 4.439834e-05, elapsed = 6.0 sec
Step =     26: nodes = 2244, dt = 4.991875e-10, strain = 4.689428e-05, elapsed = 6.1 sec
Step =     27: nodes = 2244, dt = 2.995125e-10, strain = 4.839184e-05, elapsed = 6.3 sec
Step =     28: nodes = 2244, dt = 2.995125e-10, strain = 4.988940e-05, elapsed = 6.3 sec
Step =     29: nodes = 2244, dt = 3.594150e-10, strain = 5.168648e-05, elapsed = 6.4 sec
Step =     30: nodes = 2244, dt = 4.312980e-10, strain = 5.384297e-05, elapsed = 6.6 sec
Step =     31: nodes = 2244, dt = 5.175576e-10, strain = 5.643075e-05, elapsed = 6.7 sec
Step =     32: nodes = 2244, dt = 3.105346e-10, strain = 5.798343e-05, elapsed = 6.8 sec
Step =     33: nodes = 2244, dt = 3.105346e-10, strain = 5.953610e-05, elapsed = 6.9 sec
Step =     34: nodes = 2244, dt = 3.726415e-10, strain = 6.139931e-05, elapsed = 7.0 sec
Step =     35: nodes = 2244, dt = 4.471698e-10, strain = 6.363516e-05, elapsed = 7.1 sec
Step =     36: nodes = 2244, dt = 5.366037e-10, strain = 6.631817e-05, elapsed = 7.2 sec
Step =     37: nodes = 2244, dt = 3.219622e-10, strain = 6.792799e-05, elapsed = 7.4 sec
Step =     38: nodes = 2244, dt = 3.219622e-10, strain = 6.953780e-05, elapsed = 7.5 sec
Step =     39: nodes = 2244, dt = 3.863547e-10, strain = 7.146957e-05, elapsed = 7.6 sec
Step =     40: nodes = 2244, dt = 4.636256e-10, strain = 7.378770e-05, elapsed = 7.7 sec
Step =     41: nodes = 2244, dt = 5.563507e-10, strain = 7.656945e-05, elapsed = 7.8 sec
Step =     42: nodes = 2244, dt = 3.338104e-10, strain = 7.823850e-05, elapsed = 7.9 sec
Step =     43: nodes = 2244, dt = 3.338104e-10, strain = 7.990756e-05, elapsed = 8.0 sec
Step =     44: nodes = 2244, dt = 4.005725e-10, strain = 8.191042e-05, elapsed = 8.1 sec
Step =     45: nodes = 2244, dt = 4.806870e-10, strain = 8.431385e-05, elapsed = 8.3 sec
Step =     46: nodes = 2244, dt = 2.884122e-10, strain = 8.575591e-05, elapsed = 8.4 sec
Step =     47: nodes = 2244, dt = 2.884122e-10, strain = 8.719798e-05, elapsed = 8.5 sec
Step =     48: nodes = 2244, dt = 3.460947e-10, strain = 8.892845e-05, elapsed = 8.6 sec
Step =     49: nodes = 2244, dt = 4.153136e-10, strain = 9.100502e-05, elapsed = 8.7 sec
Step =     50: nodes = 2244, dt = 4.983763e-10, strain = 9.349690e-05, elapsed = 8.8 sec
Step =     51: nodes = 2244, dt = 2.990258e-10, strain = 9.499203e-05, elapsed = 8.9 sec
Step =     52: nodes = 2244, dt = 2.990258e-10, strain = 9.648716e-05, elapsed = 9.0 sec
Step =     53: nodes = 2244, dt = 3.588309e-10, strain = 9.828131e-05, elapsed = 9.1 sec
Step =     54: nodes = 2244, dt = 4.305971e-10, strain = 1.004343e-04, elapsed = 9.2 sec
Step =     55: nodes = 2244, dt = 5.167166e-10, strain = 1.030179e-04, elapsed = 9.3 sec
Step =     56: nodes = 2244, dt = 3.100299e-10, strain = 1.045680e-04, elapsed = 9.5 sec
Step =     57: nodes = 2244, dt = 3.100299e-10, strain = 1.061182e-04, elapsed = 9.5 sec
Step =     58: nodes = 2244, dt = 3.720359e-10, strain = 1.079784e-04, elapsed = 9.7 sec
Step =     59: nodes = 2244, dt = 4.464431e-10, strain = 1.102106e-04, elapsed = 9.8 sec
Step =     60: nodes = 2244, dt = 2.678659e-10, strain = 1.115499e-04, elapsed = 9.9 sec
Step =     61: nodes = 2244, dt = 2.678659e-10, strain = 1.128892e-04, elapsed = 10.0 sec
Step =     62: nodes = 2244, dt = 3.214390e-10, strain = 1.144964e-04, elapsed = 10.1 sec
Step =     63: nodes = 2244, dt = 3.857269e-10, strain = 1.164251e-04, elapsed = 10.2 sec
Step =     64: nodes = 2244, dt = 4.628722e-10, strain = 1.187394e-04, elapsed = 10.3 sec
Step =     65: nodes = 2244, dt = 2.777233e-10, strain = 1.201280e-04, elapsed = 10.4 sec
Step =     66: nodes = 2244, dt = 2.777233e-10, strain = 1.215167e-04, elapsed = 10.5 sec
Step =     67: nodes = 2244, dt = 3.332680e-10, strain = 1.231830e-04, elapsed = 10.6 sec
Step =     68: nodes = 2244, dt = 3.999216e-10, strain = 1.251826e-04, elapsed = 10.7 sec
Step =     69: nodes = 2244, dt = 4.799059e-10, strain = 1.275821e-04, elapsed = 10.8 sec
Step =     70: nodes = 2244, dt = 2.879436e-10, strain = 1.290219e-04, elapsed = 10.9 sec
Step =     71: nodes = 2244, dt = 2.879436e-10, strain = 1.304616e-04, elapsed = 11.0 sec
Step =     72: nodes = 2244, dt = 3.455323e-10, strain = 1.321892e-04, elapsed = 11.1 sec
Step =     73: nodes = 2244, dt = 4.146387e-10, strain = 1.342624e-04, elapsed = 11.2 sec
Step =     74: nodes = 2244, dt = 4.975665e-10, strain = 1.367503e-04, elapsed = 11.4 sec
Step =     75: nodes = 2244, dt = 2.985399e-10, strain = 1.382430e-04, elapsed = 11.5 sec
Step =     76: nodes = 2244, dt = 2.985399e-10, strain = 1.397357e-04, elapsed = 11.6 sec
Step =     77: nodes = 2244, dt = 3.582478e-10, strain = 1.415269e-04, elapsed = 11.7 sec
Step =     78: nodes = 2244, dt = 4.298974e-10, strain = 1.436764e-04, elapsed = 11.8 sec
Step =     79: nodes = 2244, dt = 5.158769e-10, strain = 1.462558e-04, elapsed = 11.9 sec
Step =     80: nodes = 2244, dt = 3.095261e-10, strain = 1.478034e-04, elapsed = 12.0 sec
Step =     81: nodes = 2244, dt = 3.095261e-10, strain = 1.493510e-04, elapsed = 12.1 sec
Step =     82: nodes = 2244, dt = 3.714314e-10, strain = 1.512082e-04, elapsed = 12.2 sec
Step =     83: nodes = 2244, dt = 4.457176e-10, strain = 1.534368e-04, elapsed = 12.4 sec
Step =     84: nodes = 2244, dt = 5.348612e-10, strain = 1.561111e-04, elapsed = 12.5 sec
Step =     85: nodes = 2244, dt = 3.209167e-10, strain = 1.577157e-04, elapsed = 12.6 sec
Step =     86: nodes = 2244, dt = 3.209167e-10, strain = 1.593202e-04, elapsed = 12.7 sec
Step =     87: nodes = 2244, dt = 3.851000e-10, strain = 1.612457e-04, elapsed = 12.8 sec
Step =     88: nodes = 2244, dt = 4.621201e-10, strain = 1.635563e-04, elapsed = 12.9 sec
Step =     89: nodes = 2244, dt = 2.772720e-10, strain = 1.649427e-04, elapsed = 13.0 sec
Step =     90: nodes = 2244, dt = 2.772720e-10, strain = 1.663291e-04, elapsed = 13.1 sec
Step =     91: nodes = 2244, dt = 3.327264e-10, strain = 1.679927e-04, elapsed = 13.2 sec
Step =     92: nodes = 2244, dt = 3.992717e-10, strain = 1.699891e-04, elapsed = 13.3 sec
Step =     93: nodes = 2244, dt = 4.791261e-10, strain = 1.723847e-04, elapsed = 13.5 sec
Step =     94: nodes = 2244, dt = 2.874756e-10, strain = 1.738221e-04, elapsed = 13.6 sec
Step =     95: nodes = 2244, dt = 2.874756e-10, strain = 1.752594e-04, elapsed = 13.7 sec
Step =     96: nodes = 2244, dt = 3.449708e-10, strain = 1.769843e-04, elapsed = 13.8 sec
Step =     97: nodes = 2244, dt = 4.139649e-10, strain = 1.790541e-04, elapsed = 13.9 sec
Step =     98: nodes = 2244, dt = 4.967579e-10, strain = 1.815379e-04, elapsed = 14.0 sec
Step =     99: nodes = 2244, dt = 2.980547e-10, strain = 1.830282e-04, elapsed = 14.1 sec
Step =    100: nodes = 2244, dt = 2.980547e-10, strain = 1.845185e-04, elapsed = 14.2 sec
Writing configuration in legacy data format
 Output file: /data/home/dg000246b/openDIS/HomeWork/output_Cu_twin_rorient/config.100.data
Writing restart file
 Restart file: /data/home/dg000246b/openDIS/HomeWork/output_Cu_twin_rorient/restart.100.exadis
Step =    101: nodes = 2244, dt = 3.576657e-10, strain = 1.863068e-04, elapsed = 14.4 sec
Step =    102: nodes = 2244, dt = 4.291988e-10, strain = 1.884528e-04, elapsed = 14.5 sec
Step =    103: nodes = 2244, dt = 5.150386e-10, strain = 1.910280e-04, elapsed = 14.6 sec
Step =    104: nodes = 2244, dt = 3.090232e-10, strain = 1.925731e-04, elapsed = 14.7 sec
Step =    105: nodes = 2244, dt = 3.090232e-10, strain = 1.941182e-04, elapsed = 15.1 sec
Step =    106: nodes = 2244, dt = 3.708278e-10, strain = 1.959723e-04, elapsed = 15.3 sec
Step =    107: nodes = 2244, dt = 4.449934e-10, strain = 1.981973e-04, elapsed = 15.4 sec
Step =    108: nodes = 2244, dt = 5.339920e-10, strain = 2.008673e-04, elapsed = 15.5 sec
Step =    109: nodes = 2244, dt = 3.203952e-10, strain = 2.024692e-04, elapsed = 15.7 sec
Step =    110: nodes = 2244, dt = 3.203952e-10, strain = 2.040712e-04, elapsed = 15.8 sec
Step =    111: nodes = 2244, dt = 3.844743e-10, strain = 2.059936e-04, elapsed = 15.9 sec
Step =    112: nodes = 2244, dt = 4.613691e-10, strain = 2.083004e-04, elapsed = 16.0 sec
Step =    113: nodes = 2244, dt = 2.768215e-10, strain = 2.096845e-04, elapsed = 16.1 sec
Step =    114: nodes = 2244, dt = 2.768215e-10, strain = 2.110687e-04, elapsed = 16.2 sec
Step =    115: nodes = 2244, dt = 3.321858e-10, strain = 2.127296e-04, elapsed = 16.3 sec
Step =    116: nodes = 2244, dt = 3.986229e-10, strain = 2.147227e-04, elapsed = 16.4 sec
Step =    117: nodes = 2244, dt = 4.783475e-10, strain = 2.171144e-04, elapsed = 16.5 sec
Step =    118: nodes = 2244, dt = 2.870085e-10, strain = 2.185495e-04, elapsed = 16.7 sec
Step =    119: nodes = 2244, dt = 2.870085e-10, strain = 2.199845e-04, elapsed = 16.8 sec
Step =    120: nodes = 2244, dt = 3.444102e-10, strain = 2.217066e-04, elapsed = 16.9 sec
Step =    121: nodes = 2244, dt = 4.132922e-10, strain = 2.237730e-04, elapsed = 17.0 sec
Step =    122: nodes = 2244, dt = 4.959507e-10, strain = 2.262528e-04, elapsed = 17.1 sec
Step =    123: nodes = 2244, dt = 2.975704e-10, strain = 2.277406e-04, elapsed = 17.2 sec
Step =    124: nodes = 2244, dt = 2.975704e-10, strain = 2.292285e-04, elapsed = 17.3 sec
Step =    125: nodes = 2244, dt = 3.570845e-10, strain = 2.310139e-04, elapsed = 17.4 sec
Step =    126: nodes = 2244, dt = 4.285014e-10, strain = 2.331564e-04, elapsed = 17.6 sec
Step =    127: nodes = 2244, dt = 2.571008e-10, strain = 2.344419e-04, elapsed = 17.7 sec
Step =    128: nodes = 2244, dt = 2.571008e-10, strain = 2.357274e-04, elapsed = 17.8 sec
Step =    129: nodes = 2244, dt = 3.085210e-10, strain = 2.372700e-04, elapsed = 17.9 sec
Step =    130: nodes = 2244, dt = 3.702252e-10, strain = 2.391212e-04, elapsed = 18.0 sec
Step =    131: nodes = 2244, dt = 4.442702e-10, strain = 2.413425e-04, elapsed = 18.1 sec
Step =    132: nodes = 2244, dt = 2.665621e-10, strain = 2.426753e-04, elapsed = 18.3 sec
Step =    133: nodes = 2244, dt = 2.665621e-10, strain = 2.440081e-04, elapsed = 18.4 sec
Step =    134: nodes = 2244, dt = 3.198746e-10, strain = 2.456075e-04, elapsed = 18.5 sec
Step =    135: nodes = 2244, dt = 3.838495e-10, strain = 2.475268e-04, elapsed = 18.6 sec
Step =    136: nodes = 2244, dt = 4.606194e-10, strain = 2.498299e-04, elapsed = 18.7 sec
Step =    137: nodes = 2244, dt = 2.763716e-10, strain = 2.512117e-04, elapsed = 18.8 sec
Step =    138: nodes = 2244, dt = 2.763716e-10, strain = 2.525936e-04, elapsed = 18.9 sec
Step =    139: nodes = 2244, dt = 3.316460e-10, strain = 2.542518e-04, elapsed = 19.0 sec
Step =    140: nodes = 2244, dt = 3.979751e-10, strain = 2.562417e-04, elapsed = 19.1 sec
Step =    141: nodes = 2244, dt = 4.775702e-10, strain = 2.586295e-04, elapsed = 19.3 sec
Step =    142: nodes = 2244, dt = 2.865421e-10, strain = 2.600622e-04, elapsed = 19.4 sec
Step =    143: nodes = 2244, dt = 2.865421e-10, strain = 2.614949e-04, elapsed = 19.5 sec
Step =    144: nodes = 2244, dt = 3.438505e-10, strain = 2.632142e-04, elapsed = 19.6 sec
Step =    145: nodes = 2244, dt = 4.126206e-10, strain = 2.652773e-04, elapsed = 19.7 sec
Step =    146: nodes = 2244, dt = 2.475724e-10, strain = 2.665152e-04, elapsed = 19.8 sec
Step =    147: nodes = 2244, dt = 2.475724e-10, strain = 2.677530e-04, elapsed = 19.9 sec
Step =    148: nodes = 2244, dt = 2.970869e-10, strain = 2.692385e-04, elapsed = 20.0 sec
Step =    149: nodes = 2244, dt = 3.565042e-10, strain = 2.710210e-04, elapsed = 20.1 sec
Step =    150: nodes = 2244, dt = 2.139025e-10, strain = 2.720905e-04, elapsed = 20.2 sec
Step =    151: nodes = 2244, dt = 2.139025e-10, strain = 2.731600e-04, elapsed = 20.3 sec
Step =    152: nodes = 2244, dt = 2.566830e-10, strain = 2.744434e-04, elapsed = 20.4 sec
Step =    153: nodes = 2244, dt = 3.080196e-10, strain = 2.759835e-04, elapsed = 20.5 sec
Step =    154: nodes = 2244, dt = 3.696236e-10, strain = 2.778316e-04, elapsed = 20.6 sec
Step =    155: nodes = 2244, dt = 4.435483e-10, strain = 2.800494e-04, elapsed = 20.8 sec
Step =    156: nodes = 2244, dt = 2.661290e-10, strain = 2.813800e-04, elapsed = 20.9 sec
Step =    157: nodes = 2244, dt = 2.661290e-10, strain = 2.827107e-04, elapsed = 21.0 sec
Step =    158: nodes = 2244, dt = 3.193548e-10, strain = 2.843074e-04, elapsed = 21.1 sec
Step =    159: nodes = 2244, dt = 3.832257e-10, strain = 2.862236e-04, elapsed = 21.2 sec
Step =    160: nodes = 2244, dt = 4.598709e-10, strain = 2.885229e-04, elapsed = 21.3 sec
Step =    161: nodes = 2244, dt = 2.759225e-10, strain = 2.899025e-04, elapsed = 21.4 sec
Step =    162: nodes = 2244, dt = 2.759225e-10, strain = 2.912821e-04, elapsed = 21.5 sec
Step =    163: nodes = 2244, dt = 3.311070e-10, strain = 2.929377e-04, elapsed = 21.6 sec
Step =    164: nodes = 2244, dt = 3.973284e-10, strain = 2.949243e-04, elapsed = 21.7 sec
Step =    165: nodes = 2244, dt = 2.383971e-10, strain = 2.961163e-04, elapsed = 21.8 sec
Step =    166: nodes = 2244, dt = 2.383971e-10, strain = 2.973083e-04, elapsed = 21.9 sec
Step =    167: nodes = 2244, dt = 2.860765e-10, strain = 2.987387e-04, elapsed = 22.0 sec
Step =    168: nodes = 2244, dt = 3.432918e-10, strain = 3.004551e-04, elapsed = 22.2 sec
Step =    169: nodes = 2244, dt = 4.119501e-10, strain = 3.025149e-04, elapsed = 22.3 sec
Step =    170: nodes = 2244, dt = 2.471701e-10, strain = 3.037507e-04, elapsed = 22.4 sec
Step =    171: nodes = 2244, dt = 2.471701e-10, strain = 3.049866e-04, elapsed = 22.5 sec
Step =    172: nodes = 2244, dt = 2.966041e-10, strain = 3.064696e-04, elapsed = 22.6 sec
Step =    173: nodes = 2244, dt = 3.559249e-10, strain = 3.082492e-04, elapsed = 22.7 sec
Step =    174: nodes = 2244, dt = 4.271099e-10, strain = 3.103848e-04, elapsed = 22.8 sec
Step =    175: nodes = 2244, dt = 2.562659e-10, strain = 3.116661e-04, elapsed = 22.9 sec
Step =    176: nodes = 2244, dt = 2.562659e-10, strain = 3.129474e-04, elapsed = 23.0 sec
Step =    177: nodes = 2244, dt = 3.075191e-10, strain = 3.144850e-04, elapsed = 23.1 sec
Step =    178: nodes = 2244, dt = 3.690229e-10, strain = 3.163302e-04, elapsed = 23.2 sec
Step =    179: nodes = 2244, dt = 4.428275e-10, strain = 3.185443e-04, elapsed = 23.3 sec
Step =    180: nodes = 2244, dt = 2.656965e-10, strain = 3.198728e-04, elapsed = 23.5 sec
Step =    181: nodes = 2244, dt = 2.656965e-10, strain = 3.212013e-04, elapsed = 23.6 sec
Step =    182: nodes = 2244, dt = 3.188358e-10, strain = 3.227954e-04, elapsed = 23.7 sec
Step =    183: nodes = 2244, dt = 3.826030e-10, strain = 3.247085e-04, elapsed = 23.8 sec
Step =    184: nodes = 2244, dt = 4.591236e-10, strain = 3.270041e-04, elapsed = 23.9 sec
Step =    185: nodes = 2244, dt = 2.754741e-10, strain = 3.283814e-04, elapsed = 24.0 sec
Step =    186: nodes = 2244, dt = 2.754741e-10, strain = 3.297588e-04, elapsed = 24.1 sec
Step =    187: nodes = 2244, dt = 3.305690e-10, strain = 3.314117e-04, elapsed = 24.2 sec
Step =    188: nodes = 2244, dt = 3.966828e-10, strain = 3.333951e-04, elapsed = 24.3 sec
Step =    189: nodes = 2244, dt = 4.760193e-10, strain = 3.357752e-04, elapsed = 24.5 sec
Step =    190: nodes = 2244, dt = 2.856116e-10, strain = 3.372032e-04, elapsed = 24.6 sec
Step =    191: nodes = 2244, dt = 2.856116e-10, strain = 3.386313e-04, elapsed = 24.7 sec
Step =    192: nodes = 2244, dt = 3.427339e-10, strain = 3.403450e-04, elapsed = 24.8 sec
Step =    193: nodes = 2244, dt = 4.112807e-10, strain = 3.424014e-04, elapsed = 24.9 sec
Step =    194: nodes = 2244, dt = 2.467684e-10, strain = 3.436352e-04, elapsed = 25.0 sec
Step =    195: nodes = 2244, dt = 2.467684e-10, strain = 3.448690e-04, elapsed = 25.1 sec
Step =    196: nodes = 2244, dt = 2.961221e-10, strain = 3.463496e-04, elapsed = 25.2 sec
Step =    197: nodes = 2244, dt = 3.553465e-10, strain = 3.481264e-04, elapsed = 25.4 sec
Step =    198: nodes = 2244, dt = 4.264158e-10, strain = 3.502585e-04, elapsed = 25.5 sec
Step =    199: nodes = 2244, dt = 2.558495e-10, strain = 3.515377e-04, elapsed = 25.6 sec
Step =    200: nodes = 2244, dt = 2.558495e-10, strain = 3.528170e-04, elapsed = 25.7 sec
Writing configuration in legacy data format
 Output file: /data/home/dg000246b/openDIS/HomeWork/output_Cu_twin_rorient/config.200.data
Writing restart file
 Restart file: /data/home/dg000246b/openDIS/HomeWork/output_Cu_twin_rorient/restart.200.exadis
Step =    201: nodes = 2244, dt = 3.070194e-10, strain = 3.543521e-04, elapsed = 25.8 sec
Step =    202: nodes = 2244, dt = 3.684233e-10, strain = 3.561942e-04, elapsed = 25.9 sec
Step =    203: nodes = 2244, dt = 4.421079e-10, strain = 3.584047e-04, elapsed = 26.1 sec
Step =    204: nodes = 2244, dt = 5.305295e-10, strain = 3.610574e-04, elapsed = 26.2 sec
Step =    205: nodes = 2244, dt = 3.183177e-10, strain = 3.626489e-04, elapsed = 26.3 sec
Step =    206: nodes = 2244, dt = 3.183177e-10, strain = 3.642405e-04, elapsed = 26.5 sec
Step =    207: nodes = 2244, dt = 3.819813e-10, strain = 3.661504e-04, elapsed = 26.6 sec
Step =    208: nodes = 2245, dt = 4.583775e-10, strain = 3.684423e-04, elapsed = 26.7 sec
Step =    209: nodes = 2245, dt = 2.750265e-10, strain = 3.698175e-04, elapsed = 26.9 sec
Step =    210: nodes = 2245, dt = 2.750265e-10, strain = 3.711926e-04, elapsed = 27.0 sec
Step =    211: nodes = 2245, dt = 3.300318e-10, strain = 3.728428e-04, elapsed = 27.1 sec
Step =    212: nodes = 2246, dt = 3.960382e-10, strain = 3.748229e-04, elapsed = 27.2 sec
Step =    213: nodes = 2246, dt = 2.376229e-10, strain = 3.760111e-04, elapsed = 27.3 sec
Step =    214: nodes = 2246, dt = 2.376229e-10, strain = 3.771992e-04, elapsed = 27.4 sec
Step =    215: nodes = 2246, dt = 2.851475e-10, strain = 3.786249e-04, elapsed = 27.5 sec
Step =    216: nodes = 2246, dt = 3.421770e-10, strain = 3.803358e-04, elapsed = 27.6 sec
Step =    217: nodes = 2246, dt = 2.053062e-10, strain = 3.813623e-04, elapsed = 27.7 sec
Step =    218: nodes = 2246, dt = 2.053062e-10, strain = 3.823889e-04, elapsed = 27.8 sec
Step =    219: nodes = 2246, dt = 2.463674e-10, strain = 3.836207e-04, elapsed = 27.9 sec
Step =    220: nodes = 2246, dt = 2.956409e-10, strain = 3.850989e-04, elapsed = 28.0 sec
Step =    221: nodes = 2246, dt = 3.547691e-10, strain = 3.868727e-04, elapsed = 28.1 sec
Step =    222: nodes = 2246, dt = 2.128615e-10, strain = 3.879370e-04, elapsed = 28.2 sec
Step =    223: nodes = 2246, dt = 2.128615e-10, strain = 3.890014e-04, elapsed = 28.3 sec
Step =    224: nodes = 2246, dt = 2.554337e-10, strain = 3.902785e-04, elapsed = 28.4 sec
Step =    225: nodes = 2246, dt = 3.065205e-10, strain = 3.918111e-04, elapsed = 28.5 sec
Step =    226: nodes = 2246, dt = 1.839123e-10, strain = 3.927307e-04, elapsed = 28.6 sec
Step =    227: nodes = 2246, dt = 1.839123e-10, strain = 3.936503e-04, elapsed = 28.8 sec
Step =    228: nodes = 2246, dt = 2.206948e-10, strain = 3.947537e-04, elapsed = 28.8 sec
Step =    229: nodes = 2245, dt = 2.648337e-10, strain = 3.960779e-04, elapsed = 28.9 sec
Step =    230: nodes = 2245, dt = 3.178004e-10, strain = 3.976669e-04, elapsed = 29.1 sec
Step =    231: nodes = 2245, dt = 3.813605e-10, strain = 3.995737e-04, elapsed = 29.2 sec
Step =    232: nodes = 2245, dt = 2.288163e-10, strain = 4.007178e-04, elapsed = 29.3 sec
Step =    233: nodes = 2245, dt = 2.288163e-10, strain = 4.018619e-04, elapsed = 29.4 sec
Step =    234: nodes = 2245, dt = 2.745796e-10, strain = 4.032348e-04, elapsed = 29.5 sec
Step =    235: nodes = 2245, dt = 3.294955e-10, strain = 4.048822e-04, elapsed = 29.6 sec
Step =    236: nodes = 2245, dt = 3.953946e-10, strain = 4.068592e-04, elapsed = 29.7 sec
Step =    237: nodes = 2245, dt = 2.372368e-10, strain = 4.080454e-04, elapsed = 29.8 sec
Step =    238: nodes = 2245, dt = 2.372368e-10, strain = 4.092316e-04, elapsed = 29.9 sec
Step =    239: nodes = 2245, dt = 2.846841e-10, strain = 4.106550e-04, elapsed = 30.0 sec
Step =    240: nodes = 2245, dt = 3.416209e-10, strain = 4.123631e-04, elapsed = 30.1 sec
Step =    241: nodes = 2245, dt = 4.099451e-10, strain = 4.144128e-04, elapsed = 30.3 sec
Step =    242: nodes = 2245, dt = 2.459671e-10, strain = 4.156427e-04, elapsed = 30.4 sec
Step =    243: nodes = 2245, dt = 2.459671e-10, strain = 4.168725e-04, elapsed = 30.5 sec
Step =    244: nodes = 2245, dt = 2.951605e-10, strain = 4.183483e-04, elapsed = 30.6 sec
Step =    245: nodes = 2245, dt = 3.541926e-10, strain = 4.201193e-04, elapsed = 30.7 sec
Step =    246: nodes = 2245, dt = 4.250311e-10, strain = 4.222444e-04, elapsed = 30.8 sec
Step =    247: nodes = 2245, dt = 2.550187e-10, strain = 4.235195e-04, elapsed = 30.9 sec
Step =    248: nodes = 2246, dt = 2.550187e-10, strain = 4.247946e-04, elapsed = 31.0 sec
Step =    249: nodes = 2246, dt = 3.060224e-10, strain = 4.263247e-04, elapsed = 31.1 sec
Step =    250: nodes = 2246, dt = 3.672269e-10, strain = 4.281609e-04, elapsed = 31.3 sec
Step =    251: nodes = 2246, dt = 4.406722e-10, strain = 4.303642e-04, elapsed = 31.4 sec
Step =    252: nodes = 2246, dt = 2.644033e-10, strain = 4.316862e-04, elapsed = 31.5 sec
Step =    253: nodes = 2246, dt = 2.644033e-10, strain = 4.330082e-04, elapsed = 31.6 sec
Step =    254: nodes = 2246, dt = 3.172840e-10, strain = 4.345947e-04, elapsed = 31.7 sec
Step =    255: nodes = 2246, dt = 3.807408e-10, strain = 4.364984e-04, elapsed = 31.8 sec
Step =    256: nodes = 2246, dt = 4.568890e-10, strain = 4.387828e-04, elapsed = 31.9 sec
Step =    257: nodes = 2247, dt = 2.741334e-10, strain = 4.401535e-04, elapsed = 32.1 sec
Step =    258: nodes = 2248, dt = 2.741334e-10, strain = 4.415242e-04, elapsed = 32.2 sec
Step =    259: nodes = 2248, dt = 3.289601e-10, strain = 4.431690e-04, elapsed = 32.3 sec
Step =    260: nodes = 2248, dt = 3.947521e-10, strain = 4.451427e-04, elapsed = 32.4 sec
Step =    261: nodes = 2248, dt = 4.737025e-10, strain = 4.475112e-04, elapsed = 32.5 sec
Step =    262: nodes = 2248, dt = 2.842215e-10, strain = 4.489323e-04, elapsed = 32.6 sec
Step =    263: nodes = 2248, dt = 2.842215e-10, strain = 4.503534e-04, elapsed = 32.8 sec
Step =    264: nodes = 2248, dt = 3.410658e-10, strain = 4.520588e-04, elapsed = 32.9 sec
Step =    265: nodes = 2248, dt = 4.092790e-10, strain = 4.541052e-04, elapsed = 33.0 sec
Step =    266: nodes = 2248, dt = 2.455674e-10, strain = 4.553330e-04, elapsed = 33.1 sec
Step =    267: nodes = 2249, dt = 2.455674e-10, strain = 4.565608e-04, elapsed = 33.2 sec
Step =    268: nodes = 2249, dt = 2.946809e-10, strain = 4.580342e-04, elapsed = 33.3 sec
Step =    269: nodes = 2249, dt = 3.536170e-10, strain = 4.598023e-04, elapsed = 33.4 sec
Step =    270: nodes = 2250, dt = 4.243404e-10, strain = 4.619240e-04, elapsed = 33.5 sec
Step =    271: nodes = 2250, dt = 2.546043e-10, strain = 4.631970e-04, elapsed = 33.6 sec
Step =    272: nodes = 2250, dt = 2.546043e-10, strain = 4.644701e-04, elapsed = 33.8 sec
Step =    273: nodes = 2251, dt = 3.055251e-10, strain = 4.659977e-04, elapsed = 33.9 sec
Step =    274: nodes = 2252, dt = 3.666301e-10, strain = 4.678308e-04, elapsed = 34.0 sec
Step =    275: nodes = 2252, dt = 4.399562e-10, strain = 4.700306e-04, elapsed = 34.1 sec
Step =    276: nodes = 2252, dt = 2.639737e-10, strain = 4.713505e-04, elapsed = 34.2 sec
Step =    277: nodes = 2252, dt = 2.639737e-10, strain = 4.726704e-04, elapsed = 34.3 sec
Step =    278: nodes = 2252, dt = 3.167684e-10, strain = 4.742542e-04, elapsed = 34.4 sec
Step =    279: nodes = 2252, dt = 3.801221e-10, strain = 4.761548e-04, elapsed = 34.5 sec
Step =    280: nodes = 2252, dt = 4.561465e-10, strain = 4.784355e-04, elapsed = 34.7 sec
Step =    281: nodes = 2252, dt = 2.736879e-10, strain = 4.798040e-04, elapsed = 34.8 sec
Step =    282: nodes = 2252, dt = 2.736879e-10, strain = 4.811724e-04, elapsed = 34.9 sec
Step =    283: nodes = 2252, dt = 3.284255e-10, strain = 4.828146e-04, elapsed = 35.0 sec
Step =    284: nodes = 2252, dt = 3.941106e-10, strain = 4.847851e-04, elapsed = 35.1 sec
Step =    285: nodes = 2252, dt = 4.729327e-10, strain = 4.871498e-04, elapsed = 35.2 sec
Step =    286: nodes = 2252, dt = 2.837596e-10, strain = 4.885686e-04, elapsed = 35.4 sec
Step =    287: nodes = 2252, dt = 2.837596e-10, strain = 4.899874e-04, elapsed = 35.5 sec
Step =    288: nodes = 2252, dt = 3.405116e-10, strain = 4.916899e-04, elapsed = 35.6 sec
Step =    289: nodes = 2254, dt = 4.086139e-10, strain = 4.937330e-04, elapsed = 35.7 sec
Step =    290: nodes = 2254, dt = 4.903367e-10, strain = 4.961847e-04, elapsed = 35.8 sec
Step =    291: nodes = 2254, dt = 2.942020e-10, strain = 4.976557e-04, elapsed = 35.9 sec
Step =    292: nodes = 2254, dt = 2.942020e-10, strain = 4.991267e-04, elapsed = 36.0 sec
Step =    293: nodes = 2254, dt = 3.530424e-10, strain = 5.008919e-04, elapsed = 36.2 sec
Step =    294: nodes = 2254, dt = 4.236509e-10, strain = 5.030102e-04, elapsed = 36.3 sec
Step =    295: nodes = 2254, dt = 2.541905e-10, strain = 5.042811e-04, elapsed = 36.4 sec
Step =    296: nodes = 2254, dt = 2.541905e-10, strain = 5.055521e-04, elapsed = 36.5 sec
Step =    297: nodes = 2254, dt = 3.050286e-10, strain = 5.070772e-04, elapsed = 36.6 sec
Step =    298: nodes = 2254, dt = 3.660344e-10, strain = 5.089074e-04, elapsed = 36.7 sec
Step =    299: nodes = 2255, dt = 4.392412e-10, strain = 5.111036e-04, elapsed = 36.9 sec
Step =    300: nodes = 2257, dt = 5.270895e-10, strain = 5.137390e-04, elapsed = 37.0 sec
Writing configuration in legacy data format
 Output file: /data/home/dg000246b/openDIS/HomeWork/output_Cu_twin_rorient/config.300.data
Writing restart file
 Restart file: /data/home/dg000246b/openDIS/HomeWork/output_Cu_twin_rorient/restart.300.exadis
Step =    301: nodes = 2257, dt = 3.162537e-10, strain = 5.153203e-04, elapsed = 37.1 sec
Step =    302: nodes = 2257, dt = 3.162537e-10, strain = 5.169016e-04, elapsed = 37.3 sec
Step =    303: nodes = 2257, dt = 3.795044e-10, strain = 5.187991e-04, elapsed = 37.4 sec
Step =    304: nodes = 2257, dt = 2.277027e-10, strain = 5.199376e-04, elapsed = 37.5 sec
Step =    305: nodes = 2257, dt = 2.277027e-10, strain = 5.210761e-04, elapsed = 37.6 sec
Step =    306: nodes = 2258, dt = 2.732432e-10, strain = 5.224423e-04, elapsed = 37.7 sec
Step =    307: nodes = 2259, dt = 3.278918e-10, strain = 5.240818e-04, elapsed = 37.8 sec
Step =    308: nodes = 2259, dt = 3.934702e-10, strain = 5.260492e-04, elapsed = 37.9 sec
Step =    309: nodes = 2259, dt = 2.360821e-10, strain = 5.272296e-04, elapsed = 38.0 sec
Step =    310: nodes = 2259, dt = 2.360821e-10, strain = 5.284100e-04, elapsed = 38.1 sec
Step =    311: nodes = 2259, dt = 2.832985e-10, strain = 5.298265e-04, elapsed = 38.2 sec
Step =    312: nodes = 2259, dt = 3.399582e-10, strain = 5.315263e-04, elapsed = 38.4 sec
Step =    313: nodes = 2259, dt = 4.079499e-10, strain = 5.335660e-04, elapsed = 38.5 sec
Step =    314: nodes = 2259, dt = 4.895399e-10, strain = 5.360137e-04, elapsed = 38.6 sec
Step =    315: nodes = 2261, dt = 2.937239e-10, strain = 5.374823e-04, elapsed = 38.7 sec
Step =    316: nodes = 2261, dt = 2.937239e-10, strain = 5.389509e-04, elapsed = 38.9 sec
Step =    317: nodes = 2261, dt = 3.524687e-10, strain = 5.407133e-04, elapsed = 39.0 sec
Step =    318: nodes = 2261, dt = 4.229624e-10, strain = 5.428281e-04, elapsed = 39.1 sec
Step =    319: nodes = 2261, dt = 2.537775e-10, strain = 5.440970e-04, elapsed = 39.2 sec
Step =    320: nodes = 2261, dt = 2.537775e-10, strain = 5.453659e-04, elapsed = 39.3 sec
Step =    321: nodes = 2261, dt = 3.045330e-10, strain = 5.468885e-04, elapsed = 39.4 sec
Step =    322: nodes = 2262, dt = 3.654395e-10, strain = 5.487157e-04, elapsed = 39.5 sec
Step =    323: nodes = 2262, dt = 4.385275e-10, strain = 5.509084e-04, elapsed = 39.7 sec
Step =    324: nodes = 2263, dt = 2.631165e-10, strain = 5.522240e-04, elapsed = 39.8 sec
Step =    325: nodes = 2265, dt = 2.631165e-10, strain = 5.535395e-04, elapsed = 39.9 sec
Step =    326: nodes = 2265, dt = 3.157398e-10, strain = 5.551182e-04, elapsed = 40.0 sec
Step =    327: nodes = 2265, dt = 3.788877e-10, strain = 5.570127e-04, elapsed = 40.1 sec
Step =    328: nodes = 2266, dt = 2.273326e-10, strain = 5.581493e-04, elapsed = 40.2 sec
Step =    329: nodes = 2267, dt = 2.273326e-10, strain = 5.592860e-04, elapsed = 40.3 sec
Step =    330: nodes = 2268, dt = 2.727992e-10, strain = 5.606500e-04, elapsed = 40.4 sec
Step =    331: nodes = 2270, dt = 3.273590e-10, strain = 5.622868e-04, elapsed = 40.6 sec
Step =    332: nodes = 2271, dt = 3.928308e-10, strain = 5.642509e-04, elapsed = 40.7 sec
Step =    333: nodes = 2272, dt = 2.356985e-10, strain = 5.654294e-04, elapsed = 40.8 sec
Step =    334: nodes = 2272, dt = 2.356985e-10, strain = 5.666079e-04, elapsed = 40.9 sec
Step =    335: nodes = 2272, dt = 2.828382e-10, strain = 5.680221e-04, elapsed = 41.0 sec
Step =    336: nodes = 2274, dt = 3.394058e-10, strain = 5.697192e-04, elapsed = 41.1 sec
Step =    337: nodes = 2274, dt = 4.072870e-10, strain = 5.717556e-04, elapsed = 41.3 sec
Step =    338: nodes = 2274, dt = 2.443722e-10, strain = 5.729774e-04, elapsed = 41.4 sec
Step =    339: nodes = 2276, dt = 2.443722e-10, strain = 5.741993e-04, elapsed = 41.5 sec
Step =    340: nodes = 2276, dt = 2.932466e-10, strain = 5.756655e-04, elapsed = 41.6 sec
Step =    341: nodes = 2276, dt = 3.518959e-10, strain = 5.774250e-04, elapsed = 41.7 sec
Step =    342: nodes = 2276, dt = 4.222751e-10, strain = 5.795364e-04, elapsed = 41.8 sec
Step =    343: nodes = 2277, dt = 2.533651e-10, strain = 5.808032e-04, elapsed = 42.0 sec
Step =    344: nodes = 2277, dt = 2.533651e-10, strain = 5.820700e-04, elapsed = 42.1 sec
Step =    345: nodes = 2278, dt = 3.040381e-10, strain = 5.835902e-04, elapsed = 42.2 sec
Step =    346: nodes = 2277, dt = 3.648457e-10, strain = 5.854145e-04, elapsed = 42.3 sec
Step =    347: nodes = 2278, dt = 4.378148e-10, strain = 5.876035e-04, elapsed = 42.4 sec
Step =    348: nodes = 2279, dt = 2.626889e-10, strain = 5.889170e-04, elapsed = 42.5 sec
Step =    349: nodes = 2279, dt = 2.626889e-10, strain = 5.902304e-04, elapsed = 42.6 sec
Step =    350: nodes = 2279, dt = 3.152267e-10, strain = 5.918066e-04, elapsed = 42.8 sec
Step =    351: nodes = 2279, dt = 3.782720e-10, strain = 5.936979e-04, elapsed = 42.9 sec
Step =    352: nodes = 2279, dt = 2.269632e-10, strain = 5.948327e-04, elapsed = 43.0 sec
Step =    353: nodes = 2280, dt = 2.269632e-10, strain = 5.959676e-04, elapsed = 43.1 sec
Step =    354: nodes = 2281, dt = 2.723559e-10, strain = 5.973293e-04, elapsed = 43.2 sec
Step =    355: nodes = 2282, dt = 3.268270e-10, strain = 5.989635e-04, elapsed = 43.3 sec
Step =    356: nodes = 2283, dt = 3.921924e-10, strain = 6.009244e-04, elapsed = 43.4 sec
Step =    357: nodes = 2284, dt = 2.353155e-10, strain = 6.021010e-04, elapsed = 43.6 sec
Step =    358: nodes = 2284, dt = 2.353155e-10, strain = 6.032776e-04, elapsed = 43.7 sec
Step =    359: nodes = 2285, dt = 2.823786e-10, strain = 6.046895e-04, elapsed = 43.8 sec
Step =    360: nodes = 2286, dt = 3.388543e-10, strain = 6.063838e-04, elapsed = 43.9 sec
Step =    361: nodes = 2287, dt = 4.066251e-10, strain = 6.084169e-04, elapsed = 44.0 sec
Step =    362: nodes = 2289, dt = 2.439751e-10, strain = 6.096368e-04, elapsed = 44.1 sec
Step =    363: nodes = 2290, dt = 2.439751e-10, strain = 6.108566e-04, elapsed = 44.2 sec
Step =    364: nodes = 2290, dt = 2.927701e-10, strain = 6.123205e-04, elapsed = 44.4 sec
Step =    365: nodes = 2291, dt = 3.513241e-10, strain = 6.140771e-04, elapsed = 44.5 sec
Step =    366: nodes = 2292, dt = 4.215889e-10, strain = 6.161850e-04, elapsed = 44.6 sec
Step =    367: nodes = 2294, dt = 2.529534e-10, strain = 6.174498e-04, elapsed = 44.7 sec
Step =    368: nodes = 2294, dt = 2.529534e-10, strain = 6.187146e-04, elapsed = 45.0 sec
Step =    369: nodes = 2296, dt = 3.035440e-10, strain = 6.202323e-04, elapsed = 45.3 sec
Step =    370: nodes = 2297, dt = 3.642528e-10, strain = 6.220536e-04, elapsed = 45.4 sec
Step =    371: nodes = 2297, dt = 4.371034e-10, strain = 6.242391e-04, elapsed = 45.5 sec
Step =    372: nodes = 2298, dt = 2.622620e-10, strain = 6.255504e-04, elapsed = 45.6 sec
Step =    373: nodes = 2299, dt = 2.622620e-10, strain = 6.268617e-04, elapsed = 45.7 sec
Step =    374: nodes = 2299, dt = 3.147144e-10, strain = 6.284353e-04, elapsed = 45.9 sec
Step =    375: nodes = 2299, dt = 3.776573e-10, strain = 6.303236e-04, elapsed = 46.0 sec
Step =    376: nodes = 2299, dt = 2.265944e-10, strain = 6.314565e-04, elapsed = 46.1 sec
Step =    377: nodes = 2299, dt = 2.265944e-10, strain = 6.325895e-04, elapsed = 46.2 sec
Step =    378: nodes = 2301, dt = 2.719133e-10, strain = 6.339491e-04, elapsed = 46.3 sec
Step =    379: nodes = 2302, dt = 3.262959e-10, strain = 6.355805e-04, elapsed = 46.4 sec
Step =    380: nodes = 2307, dt = 3.915551e-10, strain = 6.375383e-04, elapsed = 46.5 sec
Step =    381: nodes = 2308, dt = 2.349331e-10, strain = 6.387130e-04, elapsed = 46.6 sec
Step =    382: nodes = 2308, dt = 2.349331e-10, strain = 6.398877e-04, elapsed = 46.8 sec
Step =    383: nodes = 2308, dt = 2.819197e-10, strain = 6.412973e-04, elapsed = 46.9 sec
Step =    384: nodes = 2310, dt = 3.383036e-10, strain = 6.429888e-04, elapsed = 47.0 sec
Step =    385: nodes = 2312, dt = 4.059644e-10, strain = 6.450186e-04, elapsed = 47.1 sec
Step =    386: nodes = 2312, dt = 2.435786e-10, strain = 6.462365e-04, elapsed = 47.2 sec
Step =    387: nodes = 2315, dt = 2.435786e-10, strain = 6.474544e-04, elapsed = 47.3 sec
Step =    388: nodes = 2316, dt = 2.922943e-10, strain = 6.489159e-04, elapsed = 47.5 sec
Step =    389: nodes = 2316, dt = 3.507532e-10, strain = 6.506696e-04, elapsed = 47.6 sec
Step =    390: nodes = 2320, dt = 4.209038e-10, strain = 6.527741e-04, elapsed = 47.7 sec
Step =    391: nodes = 2322, dt = 2.525423e-10, strain = 6.540368e-04, elapsed = 47.8 sec
Step =    392: nodes = 2323, dt = 2.525423e-10, strain = 6.552996e-04, elapsed = 48.0 sec
Step =    393: nodes = 2325, dt = 3.030508e-10, strain = 6.568148e-04, elapsed = 48.1 sec
Step =    394: nodes = 2325, dt = 3.636609e-10, strain = 6.586331e-04, elapsed = 48.2 sec
Step =    395: nodes = 2327, dt = 4.363931e-10, strain = 6.608151e-04, elapsed = 48.3 sec
Step =    396: nodes = 2328, dt = 2.618359e-10, strain = 6.621243e-04, elapsed = 48.4 sec
Step =    397: nodes = 2328, dt = 2.618359e-10, strain = 6.634334e-04, elapsed = 48.5 sec
Step =    398: nodes = 2330, dt = 3.142030e-10, strain = 6.650045e-04, elapsed = 48.6 sec
Step =    399: nodes = 2332, dt = 3.770436e-10, strain = 6.668897e-04, elapsed = 48.8 sec
Step =    400: nodes = 2333, dt = 2.262262e-10, strain = 6.680208e-04, elapsed = 48.9 sec
Writing configuration in legacy data format
 Output file: /data/home/dg000246b/openDIS/HomeWork/output_Cu_twin_rorient/config.400.data
Writing restart file
 Restart file: /data/home/dg000246b/openDIS/HomeWork/output_Cu_twin_rorient/restart.400.exadis
Step =    401: nodes = 2334, dt = 2.262262e-10, strain = 6.691519e-04, elapsed = 49.0 sec
Step =    402: nodes = 2335, dt = 2.714714e-10, strain = 6.705093e-04, elapsed = 49.1 sec
Step =    403: nodes = 2335, dt = 3.257657e-10, strain = 6.721381e-04, elapsed = 49.3 sec
Step =    404: nodes = 2336, dt = 3.909188e-10, strain = 6.740927e-04, elapsed = 49.4 sec
Step =    405: nodes = 2336, dt = 4.691026e-10, strain = 6.764382e-04, elapsed = 49.5 sec
Step =    406: nodes = 2335, dt = 2.814616e-10, strain = 6.778455e-04, elapsed = 49.6 sec
Step =    407: nodes = 2335, dt = 2.814616e-10, strain = 6.792528e-04, elapsed = 49.8 sec
Step =    408: nodes = 2335, dt = 3.377539e-10, strain = 6.809416e-04, elapsed = 49.9 sec
Step =    409: nodes = 2335, dt = 4.053047e-10, strain = 6.829681e-04, elapsed = 50.0 sec
Step =    410: nodes = 2335, dt = 2.431828e-10, strain = 6.841841e-04, elapsed = 50.1 sec
Step =    411: nodes = 2336, dt = 2.431828e-10, strain = 6.854000e-04, elapsed = 50.2 sec
Step =    412: nodes = 2336, dt = 2.918194e-10, strain = 6.868591e-04, elapsed = 50.4 sec
Step =    413: nodes = 2336, dt = 3.501832e-10, strain = 6.886100e-04, elapsed = 50.5 sec
Step =    414: nodes = 2338, dt = 2.101099e-10, strain = 6.896605e-04, elapsed = 50.6 sec
Step =    415: nodes = 2341, dt = 2.101099e-10, strain = 6.907111e-04, elapsed = 50.7 sec
Step =    416: nodes = 2341, dt = 2.521319e-10, strain = 6.919717e-04, elapsed = 50.8 sec
Step =    417: nodes = 2342, dt = 3.025583e-10, strain = 6.934845e-04, elapsed = 50.9 sec
Step =    418: nodes = 2344, dt = 3.630700e-10, strain = 6.952999e-04, elapsed = 51.1 sec
Step =    419: nodes = 2345, dt = 4.356840e-10, strain = 6.974783e-04, elapsed = 51.2 sec
Step =    420: nodes = 2345, dt = 2.614104e-10, strain = 6.987854e-04, elapsed = 51.3 sec
Step =    421: nodes = 2348, dt = 2.614104e-10, strain = 7.000924e-04, elapsed = 51.4 sec
Step =    422: nodes = 2352, dt = 3.136925e-10, strain = 7.016609e-04, elapsed = 51.5 sec
Step =    423: nodes = 2353, dt = 3.764309e-10, strain = 7.035430e-04, elapsed = 51.6 sec
Step =    424: nodes = 2353, dt = 2.258586e-10, strain = 7.046723e-04, elapsed = 51.8 sec
Step =    425: nodes = 2353, dt = 2.258586e-10, strain = 7.058016e-04, elapsed = 51.9 sec
Step =    426: nodes = 2353, dt = 2.710303e-10, strain = 7.071568e-04, elapsed = 52.0 sec
Step =    427: nodes = 2355, dt = 3.252363e-10, strain = 7.087829e-04, elapsed = 52.1 sec
Step =    428: nodes = 2357, dt = 3.902836e-10, strain = 7.107344e-04, elapsed = 52.2 sec
Step =    429: nodes = 2359, dt = 2.341702e-10, strain = 7.119052e-04, elapsed = 52.4 sec
Step =    430: nodes = 2363, dt = 2.341702e-10, strain = 7.130761e-04, elapsed = 52.5 sec
Step =    431: nodes = 2364, dt = 2.810042e-10, strain = 7.144811e-04, elapsed = 52.6 sec
Step =    432: nodes = 2365, dt = 3.372050e-10, strain = 7.161671e-04, elapsed = 52.7 sec
Step =    433: nodes = 2366, dt = 4.046460e-10, strain = 7.181903e-04, elapsed = 52.8 sec
Step =    434: nodes = 2368, dt = 2.427876e-10, strain = 7.194043e-04, elapsed = 53.0 sec
Step =    435: nodes = 2370, dt = 2.427876e-10, strain = 7.206182e-04, elapsed = 53.1 sec
Step =    436: nodes = 2370, dt = 2.913452e-10, strain = 7.220749e-04, elapsed = 53.2 sec
Step =    437: nodes = 2370, dt = 3.496142e-10, strain = 7.238230e-04, elapsed = 53.3 sec
Step =    438: nodes = 2371, dt = 4.195370e-10, strain = 7.259207e-04, elapsed = 53.4 sec
Step =    439: nodes = 2371, dt = 2.517222e-10, strain = 7.271793e-04, elapsed = 53.6 sec
Step =    440: nodes = 2371, dt = 2.517222e-10, strain = 7.284379e-04, elapsed = 53.7 sec
Step =    441: nodes = 2373, dt = 3.020667e-10, strain = 7.299482e-04, elapsed = 53.8 sec
Step =    442: nodes = 2373, dt = 3.624800e-10, strain = 7.317606e-04, elapsed = 53.9 sec
Step =    443: nodes = 2374, dt = 4.349760e-10, strain = 7.339355e-04, elapsed = 54.1 sec
Step =    444: nodes = 2377, dt = 2.609856e-10, strain = 7.352405e-04, elapsed = 54.2 sec
Step =    445: nodes = 2382, dt = 2.609856e-10, strain = 7.365454e-04, elapsed = 54.3 sec
Step =    446: nodes = 2385, dt = 3.131827e-10, strain = 7.381113e-04, elapsed = 54.4 sec
Step =    447: nodes = 2390, dt = 3.758192e-10, strain = 7.399904e-04, elapsed = 54.5 sec
Step =    448: nodes = 2392, dt = 4.509831e-10, strain = 7.422453e-04, elapsed = 54.7 sec
Step =    449: nodes = 2394, dt = 2.705899e-10, strain = 7.435983e-04, elapsed = 54.8 sec
Step =    450: nodes = 2396, dt = 2.705899e-10, strain = 7.449512e-04, elapsed = 54.9 sec
Step =    451: nodes = 2396, dt = 3.247078e-10, strain = 7.465747e-04, elapsed = 55.0 sec
Step =    452: nodes = 2394, dt = 3.896494e-10, strain = 7.485230e-04, elapsed = 55.2 sec
Step =    453: nodes = 2394, dt = 2.337896e-10, strain = 7.496919e-04, elapsed = 55.3 sec
Step =    454: nodes = 2394, dt = 2.337896e-10, strain = 7.508609e-04, elapsed = 55.4 sec
Step =    455: nodes = 2395, dt = 2.805476e-10, strain = 7.522636e-04, elapsed = 55.5 sec
Step =    456: nodes = 2395, dt = 3.366571e-10, strain = 7.539469e-04, elapsed = 55.6 sec
Step =    457: nodes = 2396, dt = 4.039885e-10, strain = 7.559669e-04, elapsed = 55.8 sec
Step =    458: nodes = 2398, dt = 2.423931e-10, strain = 7.571788e-04, elapsed = 55.9 sec
Step =    459: nodes = 2401, dt = 2.423931e-10, strain = 7.583908e-04, elapsed = 56.0 sec
Step =    460: nodes = 2403, dt = 2.908717e-10, strain = 7.598451e-04, elapsed = 56.1 sec
Step =    461: nodes = 2403, dt = 3.490461e-10, strain = 7.615904e-04, elapsed = 56.2 sec
Step =    462: nodes = 2404, dt = 2.094276e-10, strain = 7.626375e-04, elapsed = 56.4 sec
Step =    463: nodes = 2407, dt = 2.094276e-10, strain = 7.636847e-04, elapsed = 56.5 sec
Step =    464: nodes = 2407, dt = 2.513132e-10, strain = 7.649412e-04, elapsed = 56.6 sec
Step =    465: nodes = 2408, dt = 3.015758e-10, strain = 7.664491e-04, elapsed = 56.7 sec
Step =    466: nodes = 2408, dt = 3.618910e-10, strain = 7.682586e-04, elapsed = 56.8 sec
Step =    467: nodes = 2407, dt = 4.342691e-10, strain = 7.704299e-04, elapsed = 56.9 sec
Step =    468: nodes = 2407, dt = 2.605615e-10, strain = 7.717327e-04, elapsed = 57.1 sec
Step =    469: nodes = 2408, dt = 2.605615e-10, strain = 7.730355e-04, elapsed = 57.2 sec
Step =    470: nodes = 2408, dt = 3.126738e-10, strain = 7.745989e-04, elapsed = 57.3 sec
Step =    471: nodes = 2410, dt = 3.752085e-10, strain = 7.764749e-04, elapsed = 57.4 sec
Step =    472: nodes = 2411, dt = 2.251251e-10, strain = 7.776005e-04, elapsed = 57.5 sec
Step =    473: nodes = 2411, dt = 2.251251e-10, strain = 7.787262e-04, elapsed = 57.6 sec
Step =    474: nodes = 2411, dt = 2.701501e-10, strain = 7.800769e-04, elapsed = 57.8 sec
Step =    475: nodes = 2411, dt = 3.241802e-10, strain = 7.816978e-04, elapsed = 57.9 sec
Step =    476: nodes = 2411, dt = 3.890162e-10, strain = 7.836429e-04, elapsed = 58.0 sec
Step =    477: nodes = 2411, dt = 2.334097e-10, strain = 7.848100e-04, elapsed = 58.1 sec
Step =    478: nodes = 2412, dt = 2.334097e-10, strain = 7.859770e-04, elapsed = 58.2 sec
Step =    479: nodes = 2412, dt = 2.800917e-10, strain = 7.873775e-04, elapsed = 58.3 sec
Step =    480: nodes = 2414, dt = 3.361100e-10, strain = 7.890580e-04, elapsed = 58.5 sec
Step =    481: nodes = 2418, dt = 4.033320e-10, strain = 7.910747e-04, elapsed = 58.6 sec
Step =    482: nodes = 2421, dt = 2.419992e-10, strain = 7.922847e-04, elapsed = 58.7 sec
Step =    483: nodes = 2422, dt = 2.419992e-10, strain = 7.934947e-04, elapsed = 58.9 sec
Step =    484: nodes = 2425, dt = 2.903990e-10, strain = 7.949467e-04, elapsed = 59.0 sec
Step =    485: nodes = 2426, dt = 3.484789e-10, strain = 7.966891e-04, elapsed = 59.1 sec
Step =    486: nodes = 2426, dt = 4.181746e-10, strain = 7.987799e-04, elapsed = 59.2 sec
Step =    487: nodes = 2426, dt = 2.509048e-10, strain = 8.000345e-04, elapsed = 59.4 sec
Step =    488: nodes = 2426, dt = 2.509048e-10, strain = 8.012890e-04, elapsed = 59.5 sec
Step =    489: nodes = 2427, dt = 3.010857e-10, strain = 8.027944e-04, elapsed = 59.6 sec
Step =    490: nodes = 2427, dt = 3.613029e-10, strain = 8.046009e-04, elapsed = 59.7 sec
Step =    491: nodes = 2428, dt = 2.167817e-10, strain = 8.056848e-04, elapsed = 59.9 sec
Step =    492: nodes = 2428, dt = 2.167817e-10, strain = 8.067687e-04, elapsed = 60.0 sec
Step =    493: nodes = 2431, dt = 2.601381e-10, strain = 8.080694e-04, elapsed = 60.1 sec
Step =    494: nodes = 2431, dt = 3.121657e-10, strain = 8.096303e-04, elapsed = 60.2 sec
Step =    495: nodes = 2433, dt = 3.745988e-10, strain = 8.115032e-04, elapsed = 60.3 sec
Step =    496: nodes = 2434, dt = 2.247593e-10, strain = 8.126270e-04, elapsed = 60.5 sec
Step =    497: nodes = 2436, dt = 2.247593e-10, strain = 8.137508e-04, elapsed = 60.6 sec
Step =    498: nodes = 2438, dt = 2.697112e-10, strain = 8.150994e-04, elapsed = 60.7 sec
Step =    499: nodes = 2438, dt = 3.236534e-10, strain = 8.167177e-04, elapsed = 60.8 sec
Step =    500: nodes = 2439, dt = 3.883841e-10, strain = 8.186596e-04, elapsed = 61.0 sec
Writing configuration in legacy data format
 Output file: /data/home/dg000246b/openDIS/HomeWork/output_Cu_twin_rorient/config.500.data
Writing restart file
 Restart file: /data/home/dg000246b/openDIS/HomeWork/output_Cu_twin_rorient/restart.500.exadis
Step =    501: nodes = 2439, dt = 2.330304e-10, strain = 8.198247e-04, elapsed = 61.1 sec
Step =    502: nodes = 2439, dt = 2.330304e-10, strain = 8.209899e-04, elapsed = 61.2 sec
Step =    503: nodes = 2439, dt = 2.796365e-10, strain = 8.223881e-04, elapsed = 61.4 sec
Step =    504: nodes = 2441, dt = 3.355638e-10, strain = 8.240659e-04, elapsed = 61.5 sec
Step =    505: nodes = 2444, dt = 2.013383e-10, strain = 8.250726e-04, elapsed = 61.6 sec
Step =    506: nodes = 2445, dt = 2.013383e-10, strain = 8.260793e-04, elapsed = 61.7 sec
Step =    507: nodes = 2445, dt = 2.416060e-10, strain = 8.272873e-04, elapsed = 61.8 sec
Step =    508: nodes = 2447, dt = 2.899271e-10, strain = 8.287369e-04, elapsed = 62.0 sec
Step =    509: nodes = 2449, dt = 3.479126e-10, strain = 8.304765e-04, elapsed = 62.1 sec
Step =    510: nodes = 2450, dt = 4.174951e-10, strain = 8.325640e-04, elapsed = 62.2 sec
Step =    511: nodes = 2450, dt = 2.504971e-10, strain = 8.338165e-04, elapsed = 62.4 sec
Step =    512: nodes = 2450, dt = 2.504971e-10, strain = 8.350689e-04, elapsed = 62.5 sec
Step =    513: nodes = 2450, dt = 3.005965e-10, strain = 8.365719e-04, elapsed = 62.6 sec
Step =    514: nodes = 2450, dt = 3.607158e-10, strain = 8.383755e-04, elapsed = 62.7 sec
Step =    515: nodes = 2450, dt = 4.328589e-10, strain = 8.405398e-04, elapsed = 62.9 sec
Step =    516: nodes = 2450, dt = 2.597153e-10, strain = 8.418384e-04, elapsed = 63.0 sec
Step =    517: nodes = 2450, dt = 2.597153e-10, strain = 8.431370e-04, elapsed = 63.1 sec
Step =    518: nodes = 2450, dt = 3.116584e-10, strain = 8.446952e-04, elapsed = 63.3 sec
Step =    519: nodes = 2450, dt = 3.739901e-10, strain = 8.465652e-04, elapsed = 63.4 sec
Step =    520: nodes = 2451, dt = 2.243941e-10, strain = 8.476872e-04, elapsed = 63.5 sec
Step =    521: nodes = 2450, dt = 2.243941e-10, strain = 8.488091e-04, elapsed = 63.6 sec
Step =    522: nodes = 2452, dt = 2.692729e-10, strain = 8.501555e-04, elapsed = 63.7 sec
Step =    523: nodes = 2453, dt = 3.231274e-10, strain = 8.517711e-04, elapsed = 63.9 sec
Step =    524: nodes = 2453, dt = 3.877529e-10, strain = 8.537099e-04, elapsed = 64.0 sec
Step =    525: nodes = 2453, dt = 2.326518e-10, strain = 8.548732e-04, elapsed = 64.1 sec
Step =    526: nodes = 2453, dt = 2.326518e-10, strain = 8.560364e-04, elapsed = 64.2 sec
Step =    527: nodes = 2457, dt = 2.791821e-10, strain = 8.574323e-04, elapsed = 64.4 sec
Step =    528: nodes = 2460, dt = 3.350185e-10, strain = 8.591074e-04, elapsed = 64.5 sec
Step =    529: nodes = 2462, dt = 4.020222e-10, strain = 8.611175e-04, elapsed = 64.6 sec
Step =    530: nodes = 2464, dt = 2.412133e-10, strain = 8.623236e-04, elapsed = 64.7 sec
Step =    531: nodes = 2466, dt = 2.412133e-10, strain = 8.635297e-04, elapsed = 64.9 sec
Step =    532: nodes = 2467, dt = 2.894560e-10, strain = 8.649770e-04, elapsed = 65.0 sec
Step =    533: nodes = 2468, dt = 3.473472e-10, strain = 8.667137e-04, elapsed = 65.1 sec
Step =    534: nodes = 2468, dt = 4.168167e-10, strain = 8.687978e-04, elapsed = 65.3 sec
Step =    535: nodes = 2468, dt = 2.500900e-10, strain = 8.700482e-04, elapsed = 65.4 sec
Step =    536: nodes = 2468, dt = 2.500900e-10, strain = 8.712987e-04, elapsed = 65.5 sec
Step =    537: nodes = 2468, dt = 3.001080e-10, strain = 8.727992e-04, elapsed = 65.6 sec
Step =    538: nodes = 2470, dt = 3.601296e-10, strain = 8.745999e-04, elapsed = 65.8 sec
Step =    539: nodes = 2469, dt = 2.160778e-10, strain = 8.756802e-04, elapsed = 65.9 sec
Step =    540: nodes = 2469, dt = 2.160778e-10, strain = 8.767606e-04, elapsed = 66.0 sec
Step =    541: nodes = 2469, dt = 2.592933e-10, strain = 8.780571e-04, elapsed = 66.1 sec
Step =    542: nodes = 2469, dt = 3.111520e-10, strain = 8.796129e-04, elapsed = 66.3 sec
Step =    543: nodes = 2470, dt = 3.733824e-10, strain = 8.814798e-04, elapsed = 66.4 sec
Step =    544: nodes = 2470, dt = 4.480588e-10, strain = 8.837201e-04, elapsed = 66.5 sec
Step =    545: nodes = 2470, dt = 2.688353e-10, strain = 8.850642e-04, elapsed = 66.7 sec
Step =    546: nodes = 2470, dt = 2.688353e-10, strain = 8.864084e-04, elapsed = 66.8 sec
Step =    547: nodes = 2470, dt = 3.226024e-10, strain = 8.880214e-04, elapsed = 66.9 sec
Step =    548: nodes = 2471, dt = 3.871228e-10, strain = 8.899570e-04, elapsed = 67.1 sec
Step =    549: nodes = 2471, dt = 2.322737e-10, strain = 8.911184e-04, elapsed = 67.2 sec
Step =    550: nodes = 2480, dt = 2.322737e-10, strain = 8.922798e-04, elapsed = 67.3 sec
Step =    551: nodes = 2481, dt = 2.787284e-10, strain = 8.936734e-04, elapsed = 67.4 sec
Step =    552: nodes = 2481, dt = 3.344741e-10, strain = 8.953458e-04, elapsed = 67.6 sec
Step =    553: nodes = 2482, dt = 4.013690e-10, strain = 8.973526e-04, elapsed = 67.7 sec
Step =    554: nodes = 2483, dt = 2.408214e-10, strain = 8.985568e-04, elapsed = 67.9 sec
Step =    555: nodes = 2488, dt = 2.408214e-10, strain = 8.997609e-04, elapsed = 68.0 sec
Step =    556: nodes = 2489, dt = 2.889856e-10, strain = 9.012058e-04, elapsed = 68.1 sec
Step =    557: nodes = 2489, dt = 3.467828e-10, strain = 9.029397e-04, elapsed = 68.2 sec
Step =    558: nodes = 2490, dt = 2.080697e-10, strain = 9.039800e-04, elapsed = 68.3 sec
Step =    559: nodes = 2492, dt = 2.080697e-10, strain = 9.050204e-04, elapsed = 68.5 sec
Step =    560: nodes = 2493, dt = 2.496836e-10, strain = 9.062688e-04, elapsed = 68.6 sec
Step =    561: nodes = 2495, dt = 2.996203e-10, strain = 9.077669e-04, elapsed = 68.7 sec
Step =    562: nodes = 2497, dt = 3.595444e-10, strain = 9.095646e-04, elapsed = 68.8 sec
Step =    563: nodes = 2498, dt = 2.157266e-10, strain = 9.106433e-04, elapsed = 68.9 sec
Step =    564: nodes = 2498, dt = 2.157266e-10, strain = 9.117219e-04, elapsed = 69.1 sec
Step =    565: nodes = 2499, dt = 2.588720e-10, strain = 9.130163e-04, elapsed = 69.2 sec
Step =    566: nodes = 2500, dt = 3.106463e-10, strain = 9.145695e-04, elapsed = 69.3 sec
Step =    567: nodes = 2500, dt = 3.727756e-10, strain = 9.164334e-04, elapsed = 69.4 sec
Step =    568: nodes = 2500, dt = 2.236654e-10, strain = 9.175517e-04, elapsed = 69.6 sec
Step =    569: nodes = 2504, dt = 2.236654e-10, strain = 9.186700e-04, elapsed = 69.7 sec
Step =    570: nodes = 2505, dt = 2.683984e-10, strain = 9.200120e-04, elapsed = 69.8 sec
Step =    571: nodes = 2508, dt = 3.220781e-10, strain = 9.216224e-04, elapsed = 69.9 sec
Step =    572: nodes = 2508, dt = 1.932469e-10, strain = 9.225886e-04, elapsed = 70.1 sec
Step =    573: nodes = 2508, dt = 1.932469e-10, strain = 9.235549e-04, elapsed = 70.2 sec
Step =    574: nodes = 2508, dt = 2.318963e-10, strain = 9.247144e-04, elapsed = 70.3 sec
Step =    575: nodes = 2510, dt = 2.782755e-10, strain = 9.261057e-04, elapsed = 70.4 sec
Step =    576: nodes = 2511, dt = 3.339306e-10, strain = 9.277754e-04, elapsed = 70.5 sec
Step =    577: nodes = 2511, dt = 4.007167e-10, strain = 9.297790e-04, elapsed = 70.7 sec
Step =    578: nodes = 2512, dt = 2.404300e-10, strain = 9.309811e-04, elapsed = 70.8 sec
Step =    579: nodes = 2514, dt = 2.404300e-10, strain = 9.321833e-04, elapsed = 70.9 sec
Step =    580: nodes = 2515, dt = 2.885160e-10, strain = 9.336259e-04, elapsed = 71.0 sec
Step =    581: nodes = 2520, dt = 3.462193e-10, strain = 9.353570e-04, elapsed = 71.2 sec
Step =    582: nodes = 2520, dt = 4.154631e-10, strain = 9.374343e-04, elapsed = 71.3 sec
Step =    583: nodes = 2521, dt = 2.492779e-10, strain = 9.386807e-04, elapsed = 71.4 sec
Step =    584: nodes = 2525, dt = 2.492779e-10, strain = 9.399270e-04, elapsed = 71.6 sec
Step =    585: nodes = 2527, dt = 2.991334e-10, strain = 9.414227e-04, elapsed = 71.7 sec
Step =    586: nodes = 2524, dt = 3.589601e-10, strain = 9.432175e-04, elapsed = 71.8 sec
Step =    587: nodes = 2524, dt = 4.307521e-10, strain = 9.453713e-04, elapsed = 72.0 sec
Step =    588: nodes = 2525, dt = 2.584513e-10, strain = 9.466635e-04, elapsed = 72.1 sec
Step =    589: nodes = 2525, dt = 2.584513e-10, strain = 9.479558e-04, elapsed = 72.2 sec
Step =    590: nodes = 2525, dt = 3.101415e-10, strain = 9.495065e-04, elapsed = 72.4 sec
Step =    591: nodes = 2525, dt = 3.721699e-10, strain = 9.513673e-04, elapsed = 72.5 sec
Step =    592: nodes = 2527, dt = 2.233019e-10, strain = 9.524839e-04, elapsed = 72.6 sec
Step =    593: nodes = 2527, dt = 2.233019e-10, strain = 9.536004e-04, elapsed = 72.7 sec
Step =    594: nodes = 2527, dt = 2.679623e-10, strain = 9.549402e-04, elapsed = 72.9 sec
Step =    595: nodes = 2527, dt = 3.215548e-10, strain = 9.565479e-04, elapsed = 73.0 sec
Step =    596: nodes = 2527, dt = 3.858657e-10, strain = 9.584773e-04, elapsed = 73.1 sec
Step =    597: nodes = 2527, dt = 2.315194e-10, strain = 9.596349e-04, elapsed = 73.3 sec
Step =    598: nodes = 2531, dt = 2.315194e-10, strain = 9.607925e-04, elapsed = 73.4 sec
Step =    599: nodes = 2531, dt = 2.778233e-10, strain = 9.621816e-04, elapsed = 73.5 sec
Step =    600: nodes = 2531, dt = 3.333880e-10, strain = 9.638485e-04, elapsed = 73.6 sec
Writing configuration in legacy data format
 Output file: /data/home/dg000246b/openDIS/HomeWork/output_Cu_twin_rorient/config.600.data
Writing restart file
 Restart file: /data/home/dg000246b/openDIS/HomeWork/output_Cu_twin_rorient/restart.600.exadis
Step =    601: nodes = 2530, dt = 4.000656e-10, strain = 9.658489e-04, elapsed = 73.8 sec
Step =    602: nodes = 2530, dt = 2.400393e-10, strain = 9.670491e-04, elapsed = 74.0 sec
Step =    603: nodes = 2532, dt = 2.400393e-10, strain = 9.682492e-04, elapsed = 74.1 sec
Step =    604: nodes = 2532, dt = 2.880472e-10, strain = 9.696895e-04, elapsed = 74.2 sec
Step =    605: nodes = 2532, dt = 3.456566e-10, strain = 9.714178e-04, elapsed = 74.3 sec
Step =    606: nodes = 2534, dt = 4.147880e-10, strain = 9.734917e-04, elapsed = 74.5 sec
Step =    607: nodes = 2537, dt = 2.488728e-10, strain = 9.747361e-04, elapsed = 74.6 sec
Step =    608: nodes = 2537, dt = 2.488728e-10, strain = 9.759804e-04, elapsed = 74.7 sec
Step =    609: nodes = 2541, dt = 2.986473e-10, strain = 9.774737e-04, elapsed = 74.8 sec
Step =    610: nodes = 2540, dt = 3.583768e-10, strain = 9.792656e-04, elapsed = 75.3 sec
Step =    611: nodes = 2538, dt = 4.300522e-10, strain = 9.814158e-04, elapsed = 75.5 sec
Step =    612: nodes = 2538, dt = 2.580313e-10, strain = 9.827060e-04, elapsed = 75.6 sec
Step =    613: nodes = 2539, dt = 2.580313e-10, strain = 9.839961e-04, elapsed = 75.7 sec
Step =    614: nodes = 2538, dt = 3.096376e-10, strain = 9.855443e-04, elapsed = 75.9 sec
Step =    615: nodes = 2536, dt = 3.715651e-10, strain = 9.874021e-04, elapsed = 76.0 sec
Step =    616: nodes = 2537, dt = 4.458781e-10, strain = 9.896315e-04, elapsed = 76.2 sec
Step =    617: nodes = 2537, dt = 2.675269e-10, strain = 9.909692e-04, elapsed = 76.3 sec
Step =    618: nodes = 2537, dt = 2.675269e-10, strain = 9.923068e-04, elapsed = 76.4 sec
Step =    619: nodes = 2539, dt = 3.210322e-10, strain = 9.939120e-04, elapsed = 76.6 sec
Step =    620: nodes = 2539, dt = 3.852387e-10, strain = 9.958382e-04, elapsed = 76.7 sec
Step =    621: nodes = 2541, dt = 2.311432e-10, strain = 9.969939e-04, elapsed = 76.8 sec
Step =    622: nodes = 2542, dt = 2.311432e-10, strain = 9.981496e-04, elapsed = 77.0 sec
Step =    623: nodes = 2544, dt = 2.773718e-10, strain = 9.995364e-04, elapsed = 77.1 sec
Step =    624: nodes = 2546, dt = 3.328462e-10, strain = 1.001201e-03, elapsed = 77.2 sec
Step =    625: nodes = 2546, dt = 3.994155e-10, strain = 1.003198e-03, elapsed = 77.3 sec
Step =    626: nodes = 2549, dt = 2.396493e-10, strain = 1.004396e-03, elapsed = 77.5 sec
Step =    627: nodes = 2550, dt = 2.396493e-10, strain = 1.005594e-03, elapsed = 77.6 sec
Step =    628: nodes = 2552, dt = 2.875791e-10, strain = 1.007032e-03, elapsed = 77.7 sec
Step =    629: nodes = 2552, dt = 3.450950e-10, strain = 1.008758e-03, elapsed = 77.9 sec
Step =    630: nodes = 2552, dt = 2.070570e-10, strain = 1.009793e-03, elapsed = 78.0 sec
Step =    631: nodes = 2552, dt = 2.070570e-10, strain = 1.010828e-03, elapsed = 78.1 sec
Step =    632: nodes = 2558, dt = 2.484684e-10, strain = 1.012071e-03, elapsed = 78.3 sec
Step =    633: nodes = 2558, dt = 2.981620e-10, strain = 1.013561e-03, elapsed = 78.4 sec
Step =    634: nodes = 2557, dt = 3.577945e-10, strain = 1.015350e-03, elapsed = 78.5 sec
Step =    635: nodes = 2556, dt = 4.293533e-10, strain = 1.017497e-03, elapsed = 78.7 sec
Step =    636: nodes = 2555, dt = 2.576120e-10, strain = 1.018785e-03, elapsed = 78.8 sec
Step =    637: nodes = 2555, dt = 2.576120e-10, strain = 1.020073e-03, elapsed = 78.9 sec
Step =    638: nodes = 2556, dt = 3.091344e-10, strain = 1.021619e-03, elapsed = 79.1 sec
Step =    639: nodes = 2556, dt = 3.709613e-10, strain = 1.023474e-03, elapsed = 79.2 sec
Step =    640: nodes = 2557, dt = 2.225768e-10, strain = 1.024587e-03, elapsed = 79.3 sec
Step =    641: nodes = 2557, dt = 2.225768e-10, strain = 1.025699e-03, elapsed = 79.5 sec
Step =    642: nodes = 2558, dt = 2.670921e-10, strain = 1.027035e-03, elapsed = 79.6 sec
Step =    643: nodes = 2558, dt = 3.205106e-10, strain = 1.028637e-03, elapsed = 79.7 sec
Step =    644: nodes = 2558, dt = 3.846127e-10, strain = 1.030561e-03, elapsed = 79.8 sec
Step =    645: nodes = 2561, dt = 2.307676e-10, strain = 1.031714e-03, elapsed = 80.0 sec
Step =    646: nodes = 2561, dt = 2.307676e-10, strain = 1.032868e-03, elapsed = 80.1 sec
Step =    647: nodes = 2561, dt = 2.769211e-10, strain = 1.034253e-03, elapsed = 80.2 sec
Step =    648: nodes = 2560, dt = 3.323053e-10, strain = 1.035914e-03, elapsed = 80.3 sec
Step =    649: nodes = 2559, dt = 3.987664e-10, strain = 1.037908e-03, elapsed = 80.5 sec
Step =    650: nodes = 2558, dt = 2.392598e-10, strain = 1.039104e-03, elapsed = 80.6 sec
Step =    651: nodes = 2557, dt = 2.392598e-10, strain = 1.040301e-03, elapsed = 80.7 sec
Step =    652: nodes = 2557, dt = 2.871118e-10, strain = 1.041736e-03, elapsed = 80.9 sec
Step =    653: nodes = 2557, dt = 3.445342e-10, strain = 1.043459e-03, elapsed = 81.0 sec
Step =    654: nodes = 2556, dt = 4.134410e-10, strain = 1.045526e-03, elapsed = 81.1 sec
Step =    655: nodes = 2557, dt = 2.480646e-10, strain = 1.046767e-03, elapsed = 81.3 sec
Step =    656: nodes = 2557, dt = 2.480646e-10, strain = 1.048007e-03, elapsed = 81.4 sec
Step =    657: nodes = 2557, dt = 2.976775e-10, strain = 1.049495e-03, elapsed = 81.5 sec
Step =    658: nodes = 2558, dt = 3.572130e-10, strain = 1.051281e-03, elapsed = 81.7 sec
Step =    659: nodes = 2559, dt = 4.286556e-10, strain = 1.053425e-03, elapsed = 81.8 sec
Step =    660: nodes = 2558, dt = 2.571934e-10, strain = 1.054711e-03, elapsed = 82.0 sec
Step =    661: nodes = 2558, dt = 2.571934e-10, strain = 1.055997e-03, elapsed = 82.1 sec
Step =    662: nodes = 2558, dt = 3.086321e-10, strain = 1.057540e-03, elapsed = 82.2 sec
Step =    663: nodes = 2555, dt = 3.703585e-10, strain = 1.059391e-03, elapsed = 82.3 sec
Step =    664: nodes = 2557, dt = 2.222151e-10, strain = 1.060503e-03, elapsed = 82.5 sec
Step =    665: nodes = 2559, dt = 2.222151e-10, strain = 1.061614e-03, elapsed = 82.6 sec
Step =    666: nodes = 2560, dt = 2.666581e-10, strain = 1.062947e-03, elapsed = 82.7 sec
Step =    667: nodes = 2561, dt = 3.199897e-10, strain = 1.064547e-03, elapsed = 82.9 sec
Step =    668: nodes = 2560, dt = 3.839877e-10, strain = 1.066467e-03, elapsed = 83.0 sec
Step =    669: nodes = 2561, dt = 2.303926e-10, strain = 1.067619e-03, elapsed = 83.1 sec
Step =    670: nodes = 2561, dt = 2.303926e-10, strain = 1.068771e-03, elapsed = 83.3 sec
Step =    671: nodes = 2561, dt = 2.764711e-10, strain = 1.070153e-03, elapsed = 83.4 sec
Step =    672: nodes = 2561, dt = 3.317653e-10, strain = 1.071812e-03, elapsed = 83.5 sec
Step =    673: nodes = 2557, dt = 3.981184e-10, strain = 1.073802e-03, elapsed = 83.6 sec
Step =    674: nodes = 2557, dt = 2.388710e-10, strain = 1.074997e-03, elapsed = 83.8 sec
Step =    675: nodes = 2557, dt = 2.388710e-10, strain = 1.076191e-03, elapsed = 83.9 sec
Step =    676: nodes = 2559, dt = 2.866453e-10, strain = 1.077624e-03, elapsed = 84.0 sec
Step =    677: nodes = 2560, dt = 3.439743e-10, strain = 1.079344e-03, elapsed = 84.2 sec
Step =    678: nodes = 2561, dt = 4.127692e-10, strain = 1.081408e-03, elapsed = 84.3 sec
Step =    679: nodes = 2560, dt = 2.476615e-10, strain = 1.082646e-03, elapsed = 84.5 sec
Step =    680: nodes = 2560, dt = 2.476615e-10, strain = 1.083885e-03, elapsed = 84.6 sec
Step =    681: nodes = 2567, dt = 2.971938e-10, strain = 1.085371e-03, elapsed = 84.7 sec
Step =    682: nodes = 2567, dt = 3.566326e-10, strain = 1.087154e-03, elapsed = 84.8 sec
Step =    683: nodes = 2568, dt = 2.139795e-10, strain = 1.088224e-03, elapsed = 85.0 sec
Step =    684: nodes = 2567, dt = 2.139795e-10, strain = 1.089294e-03, elapsed = 85.1 sec
Step =    685: nodes = 2567, dt = 2.567754e-10, strain = 1.090578e-03, elapsed = 85.2 sec
Step =    686: nodes = 2568, dt = 3.081305e-10, strain = 1.092118e-03, elapsed = 85.3 sec
Step =    687: nodes = 2567, dt = 3.697566e-10, strain = 1.093967e-03, elapsed = 85.5 sec
Step =    688: nodes = 2567, dt = 2.218540e-10, strain = 1.095076e-03, elapsed = 85.6 sec
Step =    689: nodes = 2567, dt = 2.218540e-10, strain = 1.096186e-03, elapsed = 85.7 sec
Step =    690: nodes = 2568, dt = 2.662248e-10, strain = 1.097517e-03, elapsed = 85.8 sec
Step =    691: nodes = 2568, dt = 3.194697e-10, strain = 1.099114e-03, elapsed = 86.0 sec
Step =    692: nodes = 2567, dt = 3.833637e-10, strain = 1.101031e-03, elapsed = 86.1 sec
Step =    693: nodes = 2565, dt = 2.300182e-10, strain = 1.102181e-03, elapsed = 86.3 sec
Step =    694: nodes = 2566, dt = 2.300182e-10, strain = 1.103331e-03, elapsed = 86.4 sec
Step =    695: nodes = 2570, dt = 2.760219e-10, strain = 1.104711e-03, elapsed = 86.5 sec
Step =    696: nodes = 2568, dt = 3.312262e-10, strain = 1.106367e-03, elapsed = 86.7 sec
Step =    697: nodes = 2568, dt = 3.974715e-10, strain = 1.108355e-03, elapsed = 86.9 sec
Step =    698: nodes = 2568, dt = 2.384829e-10, strain = 1.109547e-03, elapsed = 87.1 sec
Step =    699: nodes = 2569, dt = 2.384829e-10, strain = 1.110739e-03, elapsed = 87.2 sec
Step =    700: nodes = 2569, dt = 2.861795e-10, strain = 1.112170e-03, elapsed = 87.4 sec
Writing configuration in legacy data format
 Output file: /data/home/dg000246b/openDIS/HomeWork/output_Cu_twin_rorient/config.700.data
Writing restart file
 Restart file: /data/home/dg000246b/openDIS/HomeWork/output_Cu_twin_rorient/restart.700.exadis
Step =    701: nodes = 2566, dt = 3.434153e-10, strain = 1.113887e-03, elapsed = 87.5 sec
Step =    702: nodes = 2565, dt = 4.120984e-10, strain = 1.115948e-03, elapsed = 87.7 sec
Step =    703: nodes = 2564, dt = 2.472591e-10, strain = 1.117184e-03, elapsed = 87.8 sec
Step =    704: nodes = 2565, dt = 2.472591e-10, strain = 1.118420e-03, elapsed = 88.0 sec
Step =    705: nodes = 2565, dt = 2.967109e-10, strain = 1.119904e-03, elapsed = 88.1 sec
Step =    706: nodes = 2565, dt = 3.560530e-10, strain = 1.121684e-03, elapsed = 88.2 sec
Step =    707: nodes = 2564, dt = 2.136318e-10, strain = 1.122752e-03, elapsed = 88.3 sec
Step =    708: nodes = 2565, dt = 2.136318e-10, strain = 1.123821e-03, elapsed = 88.5 sec
Step =    709: nodes = 2565, dt = 2.563582e-10, strain = 1.125102e-03, elapsed = 88.6 sec
Step =    710: nodes = 2564, dt = 3.076298e-10, strain = 1.126641e-03, elapsed = 88.7 sec
Step =    711: nodes = 2563, dt = 3.691558e-10, strain = 1.128486e-03, elapsed = 88.8 sec
Step =    712: nodes = 2563, dt = 2.214935e-10, strain = 1.129594e-03, elapsed = 89.0 sec
Step =    713: nodes = 2564, dt = 2.214935e-10, strain = 1.130701e-03, elapsed = 89.1 sec
Step =    714: nodes = 2566, dt = 2.657922e-10, strain = 1.132030e-03, elapsed = 89.2 sec
Step =    715: nodes = 2578, dt = 3.189506e-10, strain = 1.133625e-03, elapsed = 89.4 sec
Step =    716: nodes = 2576, dt = 3.827407e-10, strain = 1.135539e-03, elapsed = 89.5 sec
Step =    717: nodes = 2580, dt = 2.296444e-10, strain = 1.136687e-03, elapsed = 89.6 sec
Step =    718: nodes = 2580, dt = 2.296444e-10, strain = 1.137835e-03, elapsed = 89.7 sec
Step =    719: nodes = 2580, dt = 2.755733e-10, strain = 1.139213e-03, elapsed = 89.9 sec
Step =    720: nodes = 2580, dt = 3.306880e-10, strain = 1.140866e-03, elapsed = 90.0 sec
Step =    721: nodes = 2580, dt = 1.984128e-10, strain = 1.141859e-03, elapsed = 90.1 sec
Step =    722: nodes = 2580, dt = 1.984128e-10, strain = 1.142851e-03, elapsed = 90.3 sec
Step =    723: nodes = 2580, dt = 2.380953e-10, strain = 1.144041e-03, elapsed = 90.4 sec
Step =    724: nodes = 2580, dt = 2.857144e-10, strain = 1.145470e-03, elapsed = 90.5 sec
Step =    725: nodes = 2579, dt = 3.428573e-10, strain = 1.147184e-03, elapsed = 90.6 sec
Step =    726: nodes = 2578, dt = 4.114288e-10, strain = 1.149241e-03, elapsed = 90.8 sec
Step =    727: nodes = 2579, dt = 2.468573e-10, strain = 1.150475e-03, elapsed = 90.9 sec
Step =    728: nodes = 2579, dt = 2.468573e-10, strain = 1.151710e-03, elapsed = 91.0 sec
Step =    729: nodes = 2579, dt = 2.962287e-10, strain = 1.153191e-03, elapsed = 91.2 sec
Step =    730: nodes = 2584, dt = 3.554744e-10, strain = 1.154968e-03, elapsed = 91.3 sec
Step =    731: nodes = 2587, dt = 2.132847e-10, strain = 1.156035e-03, elapsed = 91.4 sec
Step =    732: nodes = 2588, dt = 2.132847e-10, strain = 1.157101e-03, elapsed = 91.5 sec
Step =    733: nodes = 2591, dt = 2.559416e-10, strain = 1.158381e-03, elapsed = 91.7 sec
Step =    734: nodes = 2591, dt = 3.071299e-10, strain = 1.159916e-03, elapsed = 91.8 sec
Step =    735: nodes = 2591, dt = 3.685559e-10, strain = 1.161759e-03, elapsed = 92.0 sec
Step =    736: nodes = 2591, dt = 2.211335e-10, strain = 1.162865e-03, elapsed = 92.1 sec
Step =    737: nodes = 2591, dt = 2.211335e-10, strain = 1.163970e-03, elapsed = 92.2 sec
Step =    738: nodes = 2591, dt = 2.653603e-10, strain = 1.165297e-03, elapsed = 92.3 sec
Step =    739: nodes = 2590, dt = 3.184323e-10, strain = 1.166889e-03, elapsed = 92.4 sec
Step =    740: nodes = 2589, dt = 3.821188e-10, strain = 1.168800e-03, elapsed = 92.6 sec
Step =    741: nodes = 2589, dt = 2.292713e-10, strain = 1.169946e-03, elapsed = 92.7 sec
Step =    742: nodes = 2589, dt = 2.292713e-10, strain = 1.171093e-03, elapsed = 92.8 sec
Step =    743: nodes = 2589, dt = 2.751255e-10, strain = 1.172468e-03, elapsed = 93.0 sec
Step =    744: nodes = 2589, dt = 3.301506e-10, strain = 1.174119e-03, elapsed = 93.1 sec
Step =    745: nodes = 2582, dt = 3.961807e-10, strain = 1.176100e-03, elapsed = 93.3 sec
Step =    746: nodes = 2582, dt = 2.377084e-10, strain = 1.177289e-03, elapsed = 93.4 sec
Step =    747: nodes = 2582, dt = 2.377084e-10, strain = 1.178477e-03, elapsed = 93.5 sec
Step =    748: nodes = 2581, dt = 2.852501e-10, strain = 1.179903e-03, elapsed = 93.6 sec
Step =    749: nodes = 2580, dt = 3.423002e-10, strain = 1.181615e-03, elapsed = 93.8 sec
Step =    750: nodes = 2581, dt = 2.053801e-10, strain = 1.182642e-03, elapsed = 93.9 sec
Step =    751: nodes = 2586, dt = 2.053801e-10, strain = 1.183669e-03, elapsed = 94.0 sec
Step =    752: nodes = 2589, dt = 2.464561e-10, strain = 1.184901e-03, elapsed = 94.1 sec
Step =    753: nodes = 2589, dt = 2.957473e-10, strain = 1.186380e-03, elapsed = 94.3 sec
Step =    754: nodes = 2587, dt = 3.548968e-10, strain = 1.188154e-03, elapsed = 94.4 sec
Step =    755: nodes = 2583, dt = 4.258762e-10, strain = 1.190284e-03, elapsed = 94.5 sec
Step =    756: nodes = 2583, dt = 2.555257e-10, strain = 1.191561e-03, elapsed = 94.7 sec
Step =    757: nodes = 2587, dt = 2.555257e-10, strain = 1.192839e-03, elapsed = 94.8 sec
Step =    758: nodes = 2586, dt = 3.066308e-10, strain = 1.194372e-03, elapsed = 94.9 sec
Step =    759: nodes = 2583, dt = 3.679570e-10, strain = 1.196212e-03, elapsed = 95.1 sec
Step =    760: nodes = 2583, dt = 2.207742e-10, strain = 1.197316e-03, elapsed = 95.2 sec
Step =    761: nodes = 2584, dt = 2.207742e-10, strain = 1.198419e-03, elapsed = 95.3 sec
Step =    762: nodes = 2585, dt = 2.649290e-10, strain = 1.199744e-03, elapsed = 95.5 sec
Step =    763: nodes = 2586, dt = 3.179148e-10, strain = 1.201334e-03, elapsed = 95.6 sec
Step =    764: nodes = 2584, dt = 3.814978e-10, strain = 1.203241e-03, elapsed = 95.7 sec
Step =    765: nodes = 2584, dt = 2.288987e-10, strain = 1.204386e-03, elapsed = 95.8 sec
Step =    766: nodes = 2584, dt = 2.288987e-10, strain = 1.205530e-03, elapsed = 96.0 sec
Step =    767: nodes = 2585, dt = 2.746784e-10, strain = 1.206904e-03, elapsed = 96.1 sec
Step =    768: nodes = 2583, dt = 3.296141e-10, strain = 1.208552e-03, elapsed = 96.3 sec
Step =    769: nodes = 2583, dt = 3.955369e-10, strain = 1.210529e-03, elapsed = 96.4 sec
Step =    770: nodes = 2583, dt = 2.373222e-10, strain = 1.211716e-03, elapsed = 96.5 sec
Step =    771: nodes = 2583, dt = 2.373222e-10, strain = 1.212903e-03, elapsed = 96.6 sec
Step =    772: nodes = 2583, dt = 2.847866e-10, strain = 1.214326e-03, elapsed = 96.8 sec
Step =    773: nodes = 2583, dt = 3.417439e-10, strain = 1.216035e-03, elapsed = 96.9 sec
Step =    774: nodes = 2580, dt = 4.100927e-10, strain = 1.218086e-03, elapsed = 97.1 sec
Step =    775: nodes = 2581, dt = 2.460556e-10, strain = 1.219316e-03, elapsed = 97.2 sec
Step =    776: nodes = 2582, dt = 2.460556e-10, strain = 1.220546e-03, elapsed = 97.3 sec
Step =    777: nodes = 2582, dt = 2.952667e-10, strain = 1.222023e-03, elapsed = 97.4 sec
Step =    778: nodes = 2581, dt = 3.543201e-10, strain = 1.223794e-03, elapsed = 97.6 sec
Step =    779: nodes = 2574, dt = 4.251841e-10, strain = 1.225920e-03, elapsed = 97.7 sec
Step =    780: nodes = 2574, dt = 2.551105e-10, strain = 1.227196e-03, elapsed = 97.9 sec
Step =    781: nodes = 2574, dt = 2.551105e-10, strain = 1.228471e-03, elapsed = 98.0 sec
Step =    782: nodes = 2576, dt = 3.061326e-10, strain = 1.230002e-03, elapsed = 98.1 sec
Step =    783: nodes = 2575, dt = 3.673591e-10, strain = 1.231839e-03, elapsed = 98.3 sec
Step =    784: nodes = 2580, dt = 2.204154e-10, strain = 1.232941e-03, elapsed = 98.4 sec
Step =    785: nodes = 2583, dt = 2.204154e-10, strain = 1.234043e-03, elapsed = 98.5 sec
Step =    786: nodes = 2582, dt = 2.644985e-10, strain = 1.235365e-03, elapsed = 98.6 sec
Step =    787: nodes = 2582, dt = 3.173982e-10, strain = 1.236952e-03, elapsed = 98.8 sec
Step =    788: nodes = 2580, dt = 3.808779e-10, strain = 1.238857e-03, elapsed = 98.9 sec
Step =    789: nodes = 2580, dt = 2.285267e-10, strain = 1.239999e-03, elapsed = 99.0 sec
Step =    790: nodes = 2582, dt = 2.285267e-10, strain = 1.241142e-03, elapsed = 99.2 sec
Step =    791: nodes = 2581, dt = 2.742321e-10, strain = 1.242513e-03, elapsed = 99.3 sec
Step =    792: nodes = 2584, dt = 3.290785e-10, strain = 1.244158e-03, elapsed = 99.4 sec
Step =    793: nodes = 2585, dt = 3.948942e-10, strain = 1.246133e-03, elapsed = 99.5 sec
Step =    794: nodes = 2587, dt = 2.369365e-10, strain = 1.247318e-03, elapsed = 99.7 sec
Step =    795: nodes = 2587, dt = 2.369365e-10, strain = 1.248502e-03, elapsed = 99.8 sec
Step =    796: nodes = 2586, dt = 2.843238e-10, strain = 1.249924e-03, elapsed = 99.9 sec
Step =    797: nodes = 2583, dt = 3.411886e-10, strain = 1.251630e-03, elapsed = 100.1 sec
Step =    798: nodes = 2581, dt = 4.094263e-10, strain = 1.253677e-03, elapsed = 100.2 sec
Step =    799: nodes = 2581, dt = 2.456558e-10, strain = 1.254905e-03, elapsed = 100.3 sec
Step =    800: nodes = 2580, dt = 2.456558e-10, strain = 1.256134e-03, elapsed = 100.5 sec
Writing configuration in legacy data format
 Output file: /data/home/dg000246b/openDIS/HomeWork/output_Cu_twin_rorient/config.800.data
Writing restart file
 Restart file: /data/home/dg000246b/openDIS/HomeWork/output_Cu_twin_rorient/restart.800.exadis
Step =    801: nodes = 2579, dt = 2.947869e-10, strain = 1.257608e-03, elapsed = 100.6 sec
Step =    802: nodes = 2579, dt = 3.537443e-10, strain = 1.259376e-03, elapsed = 100.7 sec
Step =    803: nodes = 2578, dt = 2.122466e-10, strain = 1.260437e-03, elapsed = 100.9 sec
Step =    804: nodes = 2579, dt = 2.122466e-10, strain = 1.261499e-03, elapsed = 101.0 sec
Step =    805: nodes = 2580, dt = 2.546959e-10, strain = 1.262772e-03, elapsed = 101.1 sec
Step =    806: nodes = 2579, dt = 3.056351e-10, strain = 1.264300e-03, elapsed = 101.3 sec
Step =    807: nodes = 2577, dt = 3.667621e-10, strain = 1.266134e-03, elapsed = 101.4 sec
Step =    808: nodes = 2579, dt = 2.200573e-10, strain = 1.267234e-03, elapsed = 101.5 sec
Step =    809: nodes = 2580, dt = 2.200573e-10, strain = 1.268335e-03, elapsed = 101.6 sec
Step =    810: nodes = 2576, dt = 2.640687e-10, strain = 1.269655e-03, elapsed = 101.8 sec
Step =    811: nodes = 2579, dt = 3.168825e-10, strain = 1.271239e-03, elapsed = 101.9 sec
Step =    812: nodes = 2575, dt = 3.802590e-10, strain = 1.273141e-03, elapsed = 102.0 sec
Step =    813: nodes = 2577, dt = 2.281554e-10, strain = 1.274282e-03, elapsed = 102.2 sec
Step =    814: nodes = 2575, dt = 2.281554e-10, strain = 1.275422e-03, elapsed = 102.3 sec
Step =    815: nodes = 2573, dt = 2.737864e-10, strain = 1.276791e-03, elapsed = 102.4 sec
Step =    816: nodes = 2571, dt = 3.285437e-10, strain = 1.278434e-03, elapsed = 102.5 sec
Step =    817: nodes = 2567, dt = 3.942525e-10, strain = 1.280405e-03, elapsed = 102.7 sec
Step =    818: nodes = 2566, dt = 2.365515e-10, strain = 1.281588e-03, elapsed = 102.8 sec
Step =    819: nodes = 2565, dt = 2.365515e-10, strain = 1.282771e-03, elapsed = 102.9 sec
Step =    820: nodes = 2564, dt = 2.838618e-10, strain = 1.284190e-03, elapsed = 103.1 sec
Step =    821: nodes = 2563, dt = 3.406341e-10, strain = 1.285893e-03, elapsed = 103.2 sec
Step =    822: nodes = 2560, dt = 4.087610e-10, strain = 1.287937e-03, elapsed = 103.3 sec
Step =    823: nodes = 2561, dt = 2.452566e-10, strain = 1.289163e-03, elapsed = 103.5 sec
Step =    824: nodes = 2561, dt = 2.452566e-10, strain = 1.290390e-03, elapsed = 103.6 sec
Step =    825: nodes = 2561, dt = 2.943079e-10, strain = 1.291861e-03, elapsed = 103.7 sec
Step =    826: nodes = 2561, dt = 3.531695e-10, strain = 1.293627e-03, elapsed = 103.8 sec
Step =    827: nodes = 2561, dt = 2.119017e-10, strain = 1.294687e-03, elapsed = 104.0 sec
Step =    828: nodes = 2561, dt = 2.119017e-10, strain = 1.295746e-03, elapsed = 104.1 sec
Step =    829: nodes = 2560, dt = 2.542820e-10, strain = 1.297017e-03, elapsed = 104.2 sec
Step =    830: nodes = 2560, dt = 3.051384e-10, strain = 1.298543e-03, elapsed = 104.4 sec
Step =    831: nodes = 2558, dt = 3.661661e-10, strain = 1.300374e-03, elapsed = 104.5 sec
Step =    832: nodes = 2557, dt = 2.196997e-10, strain = 1.301472e-03, elapsed = 104.6 sec
Step =    833: nodes = 2555, dt = 2.196997e-10, strain = 1.302571e-03, elapsed = 104.7 sec
Step =    834: nodes = 2556, dt = 2.636396e-10, strain = 1.303889e-03, elapsed = 104.9 sec
Step =    835: nodes = 2555, dt = 3.163675e-10, strain = 1.305471e-03, elapsed = 105.3 sec
Step =    836: nodes = 2554, dt = 3.796410e-10, strain = 1.307369e-03, elapsed = 105.4 sec
Step =    837: nodes = 2554, dt = 2.277846e-10, strain = 1.308508e-03, elapsed = 105.5 sec
Step =    838: nodes = 2554, dt = 2.277846e-10, strain = 1.309647e-03, elapsed = 105.7 sec
Step =    839: nodes = 2554, dt = 2.733415e-10, strain = 1.311014e-03, elapsed = 105.8 sec
Step =    840: nodes = 2554, dt = 3.280099e-10, strain = 1.312654e-03, elapsed = 105.9 sec
Step =    841: nodes = 2549, dt = 3.936118e-10, strain = 1.314622e-03, elapsed = 106.1 sec
Step =    842: nodes = 2549, dt = 2.361671e-10, strain = 1.315803e-03, elapsed = 106.2 sec
Step =    843: nodes = 2552, dt = 2.361671e-10, strain = 1.316984e-03, elapsed = 106.3 sec
Step =    844: nodes = 2552, dt = 2.834005e-10, strain = 1.318401e-03, elapsed = 106.4 sec
Step =    845: nodes = 2552, dt = 3.400806e-10, strain = 1.320101e-03, elapsed = 106.6 sec
Step =    846: nodes = 2548, dt = 4.080967e-10, strain = 1.322141e-03, elapsed = 106.7 sec
Step =    847: nodes = 2549, dt = 2.448580e-10, strain = 1.323366e-03, elapsed = 106.8 sec
Step =    848: nodes = 2550, dt = 2.448580e-10, strain = 1.324590e-03, elapsed = 106.9 sec
Step =    849: nodes = 2552, dt = 2.938297e-10, strain = 1.326059e-03, elapsed = 107.1 sec
Step =    850: nodes = 2553, dt = 3.525956e-10, strain = 1.327822e-03, elapsed = 107.2 sec
Step =    851: nodes = 2549, dt = 4.231147e-10, strain = 1.329938e-03, elapsed = 107.3 sec
[TwinWall] projected 1 node(s)
Step =    852: nodes = 2549, dt = 2.538688e-10, strain = 1.331207e-03, elapsed = 107.5 sec
[TwinWall] projected 1 node(s)
Step =    853: nodes = 2552, dt = 2.538688e-10, strain = 1.332476e-03, elapsed = 107.6 sec
[TwinWall] projected 1 node(s)
Step =    854: nodes = 2555, dt = 3.046426e-10, strain = 1.334000e-03, elapsed = 107.7 sec
[TwinWall] projected 1 node(s)
Step =    855: nodes = 2555, dt = 1.827856e-10, strain = 1.334914e-03, elapsed = 107.8 sec
[TwinWall] projected 1 node(s)
Step =    856: nodes = 2554, dt = 1.827856e-10, strain = 1.335827e-03, elapsed = 108.0 sec
[TwinWall] projected 1 node(s)
Step =    857: nodes = 2555, dt = 2.193427e-10, strain = 1.336924e-03, elapsed = 108.1 sec
[TwinWall] projected 1 node(s)
Step =    858: nodes = 2555, dt = 2.632112e-10, strain = 1.338240e-03, elapsed = 108.2 sec
[TwinWall] projected 1 node(s)
Step =    859: nodes = 2556, dt = 3.158534e-10, strain = 1.339819e-03, elapsed = 108.3 sec
[TwinWall] projected 1 node(s)
Step =    860: nodes = 2556, dt = 3.790241e-10, strain = 1.341715e-03, elapsed = 108.5 sec
[TwinWall] projected 1 node(s)
Step =    861: nodes = 2558, dt = 2.274145e-10, strain = 1.342852e-03, elapsed = 108.6 sec
[TwinWall] projected 1 node(s)
Step =    862: nodes = 2558, dt = 2.274145e-10, strain = 1.343989e-03, elapsed = 108.7 sec
[TwinWall] projected 1 node(s)
Step =    863: nodes = 2561, dt = 2.728974e-10, strain = 1.345353e-03, elapsed = 108.8 sec
[TwinWall] projected 1 node(s)
Step =    864: nodes = 2561, dt = 3.274768e-10, strain = 1.346991e-03, elapsed = 109.0 sec
Step =    865: nodes = 2555, dt = 3.929722e-10, strain = 1.348955e-03, elapsed = 109.1 sec
Step =    866: nodes = 2555, dt = 2.357833e-10, strain = 1.350134e-03, elapsed = 109.3 sec
Step =    867: nodes = 2554, dt = 2.357833e-10, strain = 1.351313e-03, elapsed = 109.4 sec
[TwinWall] projected 1 node(s)
Step =    868: nodes = 2558, dt = 2.829400e-10, strain = 1.352728e-03, elapsed = 109.5 sec
[TwinWall] projected 1 node(s)
Step =    869: nodes = 2558, dt = 3.395280e-10, strain = 1.354426e-03, elapsed = 109.6 sec
[TwinWall] projected 1 node(s)
Step =    870: nodes = 2554, dt = 4.074336e-10, strain = 1.356463e-03, elapsed = 109.8 sec
[TwinWall] projected 1 node(s)
Step =    871: nodes = 2554, dt = 2.444602e-10, strain = 1.357685e-03, elapsed = 109.9 sec
[TwinWall] projected 1 node(s)
Step =    872: nodes = 2555, dt = 2.444602e-10, strain = 1.358907e-03, elapsed = 110.0 sec
[TwinWall] projected 1 node(s)
Step =    873: nodes = 2555, dt = 2.933522e-10, strain = 1.360374e-03, elapsed = 110.2 sec
[TwinWall] projected 1 node(s)
Step =    874: nodes = 2551, dt = 3.520226e-10, strain = 1.362134e-03, elapsed = 110.3 sec
[TwinWall] projected 1 node(s)
Step =    875: nodes = 2550, dt = 4.224271e-10, strain = 1.364246e-03, elapsed = 110.4 sec
[TwinWall] projected 1 node(s)
Step =    876: nodes = 2551, dt = 2.534563e-10, strain = 1.365514e-03, elapsed = 110.6 sec
[TwinWall] projected 1 node(s)
Step =    877: nodes = 2551, dt = 2.534563e-10, strain = 1.366781e-03, elapsed = 110.7 sec
[TwinWall] projected 1 node(s)
Step =    878: nodes = 2548, dt = 3.041475e-10, strain = 1.368302e-03, elapsed = 110.8 sec
[TwinWall] projected 1 node(s)
Step =    879: nodes = 2547, dt = 3.649770e-10, strain = 1.370127e-03, elapsed = 110.9 sec
[TwinWall] projected 2 node(s)
Step =    880: nodes = 2546, dt = 2.189862e-10, strain = 1.371222e-03, elapsed = 111.1 sec
[TwinWall] projected 2 node(s)
Step =    881: nodes = 2547, dt = 2.189862e-10, strain = 1.372316e-03, elapsed = 111.2 sec
[TwinWall] projected 2 node(s)
Step =    882: nodes = 2546, dt = 2.627835e-10, strain = 1.373630e-03, elapsed = 111.3 sec
[TwinWall] projected 2 node(s)
Step =    883: nodes = 2545, dt = 3.153402e-10, strain = 1.375207e-03, elapsed = 111.4 sec
[TwinWall] projected 2 node(s)
Step =    884: nodes = 2542, dt = 3.784082e-10, strain = 1.377099e-03, elapsed = 111.6 sec
[TwinWall] projected 2 node(s)
Step =    885: nodes = 2542, dt = 2.270449e-10, strain = 1.378234e-03, elapsed = 111.7 sec
[TwinWall] projected 1 node(s)
Step =    886: nodes = 2540, dt = 2.270449e-10, strain = 1.379370e-03, elapsed = 111.8 sec
[TwinWall] projected 1 node(s)
Step =    887: nodes = 2540, dt = 2.724539e-10, strain = 1.380732e-03, elapsed = 111.9 sec
Step =    888: nodes = 2539, dt = 3.269447e-10, strain = 1.382367e-03, elapsed = 112.1 sec
Step =    889: nodes = 2539, dt = 3.923336e-10, strain = 1.384328e-03, elapsed = 112.2 sec
Step =    890: nodes = 2538, dt = 2.354002e-10, strain = 1.385505e-03, elapsed = 112.3 sec
Step =    891: nodes = 2535, dt = 2.354002e-10, strain = 1.386682e-03, elapsed = 112.5 sec
[TwinWall] projected 1 node(s)
Step =    892: nodes = 2535, dt = 2.824802e-10, strain = 1.388095e-03, elapsed = 112.6 sec
[TwinWall] projected 1 node(s)
Step =    893: nodes = 2537, dt = 3.389763e-10, strain = 1.389790e-03, elapsed = 112.7 sec
[TwinWall] projected 1 node(s)
Step =    894: nodes = 2536, dt = 4.067715e-10, strain = 1.391823e-03, elapsed = 112.9 sec
[TwinWall] projected 1 node(s)
Step =    895: nodes = 2534, dt = 2.440629e-10, strain = 1.393044e-03, elapsed = 113.0 sec
[TwinWall] projected 1 node(s)
Step =    896: nodes = 2533, dt = 2.440629e-10, strain = 1.394264e-03, elapsed = 113.1 sec
[TwinWall] projected 1 node(s)
Step =    897: nodes = 2534, dt = 2.928755e-10, strain = 1.395728e-03, elapsed = 113.3 sec
[TwinWall] projected 1 node(s)
Step =    898: nodes = 2530, dt = 3.514506e-10, strain = 1.397486e-03, elapsed = 113.4 sec
[TwinWall] projected 1 node(s)
Step =    899: nodes = 2531, dt = 2.108703e-10, strain = 1.398540e-03, elapsed = 113.5 sec
[TwinWall] projected 1 node(s)
Step =    900: nodes = 2531, dt = 2.108703e-10, strain = 1.399594e-03, elapsed = 113.6 sec
Writing configuration in legacy data format
 Output file: /data/home/dg000246b/openDIS/HomeWork/output_Cu_twin_rorient/config.900.data
Writing restart file
 Restart file: /data/home/dg000246b/openDIS/HomeWork/output_Cu_twin_rorient/restart.900.exadis
[TwinWall] projected 2 node(s)
Step =    901: nodes = 2533, dt = 2.530444e-10, strain = 1.400860e-03, elapsed = 113.8 sec
[TwinWall] projected 2 node(s)
Step =    902: nodes = 2534, dt = 3.036533e-10, strain = 1.402378e-03, elapsed = 113.9 sec
[TwinWall] projected 2 node(s)
Step =    903: nodes = 2533, dt = 3.643840e-10, strain = 1.404200e-03, elapsed = 114.0 sec
[TwinWall] projected 1 node(s)
Step =    904: nodes = 2536, dt = 2.186304e-10, strain = 1.405293e-03, elapsed = 114.2 sec
[TwinWall] projected 2 node(s)
Step =    905: nodes = 2537, dt = 2.186304e-10, strain = 1.406386e-03, elapsed = 114.3 sec
[TwinWall] projected 2 node(s)
Step =    906: nodes = 2539, dt = 2.623565e-10, strain = 1.407698e-03, elapsed = 114.4 sec
[TwinWall] projected 2 node(s)
Step =    907: nodes = 2539, dt = 3.148277e-10, strain = 1.409272e-03, elapsed = 114.5 sec
[TwinWall] projected 2 node(s)
Step =    908: nodes = 2537, dt = 3.777933e-10, strain = 1.411161e-03, elapsed = 114.7 sec
[TwinWall] projected 2 node(s)
Step =    909: nodes = 2542, dt = 2.266760e-10, strain = 1.412294e-03, elapsed = 114.8 sec
[TwinWall] projected 2 node(s)
Step =    910: nodes = 2545, dt = 2.266760e-10, strain = 1.413428e-03, elapsed = 114.9 sec
[TwinWall] projected 2 node(s)
Step =    911: nodes = 2546, dt = 2.720112e-10, strain = 1.414788e-03, elapsed = 115.0 sec
[TwinWall] projected 2 node(s)
Step =    912: nodes = 2551, dt = 3.264134e-10, strain = 1.416420e-03, elapsed = 115.2 sec
[TwinWall] projected 2 node(s)
Step =    913: nodes = 2547, dt = 3.916961e-10, strain = 1.418378e-03, elapsed = 115.3 sec
[TwinWall] projected 2 node(s)
Step =    914: nodes = 2549, dt = 2.350176e-10, strain = 1.419553e-03, elapsed = 115.4 sec
[TwinWall] projected 2 node(s)
Step =    915: nodes = 2551, dt = 2.350176e-10, strain = 1.420728e-03, elapsed = 115.6 sec
[TwinWall] projected 2 node(s)
Step =    916: nodes = 2552, dt = 2.820212e-10, strain = 1.422139e-03, elapsed = 115.7 sec
[TwinWall] projected 2 node(s)
Step =    917: nodes = 2553, dt = 3.384254e-10, strain = 1.423831e-03, elapsed = 115.8 sec
[TwinWall] projected 2 node(s)
Step =    918: nodes = 2552, dt = 4.061105e-10, strain = 1.425861e-03, elapsed = 115.9 sec
[TwinWall] projected 2 node(s)
Step =    919: nodes = 2552, dt = 2.436663e-10, strain = 1.427080e-03, elapsed = 116.1 sec
[TwinWall] projected 2 node(s)
Step =    920: nodes = 2550, dt = 2.436663e-10, strain = 1.428298e-03, elapsed = 116.2 sec
[TwinWall] projected 2 node(s)
Step =    921: nodes = 2549, dt = 2.923996e-10, strain = 1.429760e-03, elapsed = 116.3 sec
[TwinWall] projected 1 node(s)
Step =    922: nodes = 2544, dt = 3.508795e-10, strain = 1.431514e-03, elapsed = 116.5 sec
[TwinWall] projected 1 node(s)
Step =    923: nodes = 2543, dt = 2.105277e-10, strain = 1.432567e-03, elapsed = 116.6 sec
[TwinWall] projected 1 node(s)
Step =    924: nodes = 2543, dt = 2.105277e-10, strain = 1.433620e-03, elapsed = 116.7 sec
[TwinWall] projected 2 node(s)
Step =    925: nodes = 2543, dt = 2.526332e-10, strain = 1.434883e-03, elapsed = 116.8 sec
[TwinWall] projected 2 node(s)
Step =    926: nodes = 2542, dt = 3.031599e-10, strain = 1.436399e-03, elapsed = 117.0 sec
[TwinWall] projected 2 node(s)
Step =    927: nodes = 2536, dt = 3.637918e-10, strain = 1.438218e-03, elapsed = 117.1 sec
[TwinWall] projected 2 node(s)
Step =    928: nodes = 2533, dt = 2.182751e-10, strain = 1.439309e-03, elapsed = 117.2 sec
[TwinWall] projected 1 node(s)
Step =    929: nodes = 2532, dt = 2.182751e-10, strain = 1.440400e-03, elapsed = 117.3 sec
[TwinWall] projected 2 node(s)
Step =    930: nodes = 2532, dt = 2.619301e-10, strain = 1.441710e-03, elapsed = 117.5 sec
[TwinWall] projected 2 node(s)
Step =    931: nodes = 2530, dt = 3.143161e-10, strain = 1.443282e-03, elapsed = 117.6 sec
[TwinWall] projected 2 node(s)
Step =    932: nodes = 2528, dt = 3.771794e-10, strain = 1.445167e-03, elapsed = 117.7 sec
[TwinWall] projected 2 node(s)
Step =    933: nodes = 2527, dt = 2.263076e-10, strain = 1.446299e-03, elapsed = 117.8 sec
[TwinWall] projected 2 node(s)
Step =    934: nodes = 2527, dt = 2.263076e-10, strain = 1.447430e-03, elapsed = 118.0 sec
[TwinWall] projected 2 node(s)
Step =    935: nodes = 2526, dt = 2.715692e-10, strain = 1.448788e-03, elapsed = 118.1 sec
[TwinWall] projected 2 node(s)
Step =    936: nodes = 2522, dt = 3.258830e-10, strain = 1.450418e-03, elapsed = 118.2 sec
[TwinWall] projected 2 node(s)
Step =    937: nodes = 2518, dt = 3.910596e-10, strain = 1.452373e-03, elapsed = 118.3 sec
[TwinWall] projected 1 node(s)
Step =    938: nodes = 2518, dt = 2.346357e-10, strain = 1.453546e-03, elapsed = 118.5 sec
[TwinWall] projected 1 node(s)
Step =    939: nodes = 2519, dt = 2.346357e-10, strain = 1.454719e-03, elapsed = 118.6 sec
[TwinWall] projected 2 node(s)
Step =    940: nodes = 2519, dt = 2.815629e-10, strain = 1.456127e-03, elapsed = 118.7 sec
[TwinWall] projected 2 node(s)
Step =    941: nodes = 2518, dt = 3.378755e-10, strain = 1.457817e-03, elapsed = 118.8 sec
[TwinWall] projected 2 node(s)
Step =    942: nodes = 2516, dt = 4.054506e-10, strain = 1.459844e-03, elapsed = 119.0 sec
[TwinWall] projected 2 node(s)
Step =    943: nodes = 2516, dt = 2.432703e-10, strain = 1.461060e-03, elapsed = 119.1 sec
[TwinWall] projected 2 node(s)
Step =    944: nodes = 2517, dt = 2.432703e-10, strain = 1.462277e-03, elapsed = 119.2 sec
[TwinWall] projected 2 node(s)
Step =    945: nodes = 2525, dt = 2.919244e-10, strain = 1.463736e-03, elapsed = 119.4 sec
[TwinWall] projected 2 node(s)
Step =    946: nodes = 2527, dt = 3.503093e-10, strain = 1.465488e-03, elapsed = 119.5 sec
[TwinWall] projected 2 node(s)
Step =    947: nodes = 2526, dt = 4.203711e-10, strain = 1.467590e-03, elapsed = 119.6 sec
[TwinWall] projected 2 node(s)
Step =    948: nodes = 2525, dt = 2.522227e-10, strain = 1.468851e-03, elapsed = 119.7 sec
[TwinWall] projected 2 node(s)
Step =    949: nodes = 2524, dt = 2.522227e-10, strain = 1.470112e-03, elapsed = 119.9 sec
[TwinWall] projected 2 node(s)
Step =    950: nodes = 2524, dt = 3.026672e-10, strain = 1.471625e-03, elapsed = 120.0 sec
[TwinWall] projected 2 node(s)
Step =    951: nodes = 2525, dt = 3.632007e-10, strain = 1.473441e-03, elapsed = 120.1 sec
[TwinWall] projected 2 node(s)
Step =    952: nodes = 2517, dt = 4.358408e-10, strain = 1.475620e-03, elapsed = 120.3 sec
[TwinWall] projected 2 node(s)
Step =    953: nodes = 2519, dt = 2.615045e-10, strain = 1.476928e-03, elapsed = 120.4 sec
[TwinWall] projected 2 node(s)
Step =    954: nodes = 2518, dt = 2.615045e-10, strain = 1.478235e-03, elapsed = 120.5 sec
[TwinWall] projected 2 node(s)
Step =    955: nodes = 2517, dt = 3.138054e-10, strain = 1.479804e-03, elapsed = 120.7 sec
[TwinWall] projected 2 node(s)
Step =    956: nodes = 2517, dt = 3.765665e-10, strain = 1.481687e-03, elapsed = 120.8 sec
Step =    957: nodes = 2515, dt = 2.259399e-10, strain = 1.482817e-03, elapsed = 120.9 sec
Step =    958: nodes = 2515, dt = 2.259399e-10, strain = 1.483947e-03, elapsed = 121.0 sec
[TwinWall] projected 2 node(s)
Step =    959: nodes = 2514, dt = 2.711278e-10, strain = 1.485302e-03, elapsed = 121.2 sec
[TwinWall] projected 2 node(s)
Step =    960: nodes = 2516, dt = 3.253534e-10, strain = 1.486929e-03, elapsed = 121.3 sec
[TwinWall] projected 2 node(s)
Step =    961: nodes = 2517, dt = 3.904241e-10, strain = 1.488881e-03, elapsed = 121.4 sec
[TwinWall] projected 2 node(s)
Step =    962: nodes = 2518, dt = 2.342545e-10, strain = 1.490052e-03, elapsed = 121.6 sec
[TwinWall] projected 2 node(s)
Step =    963: nodes = 2520, dt = 2.342545e-10, strain = 1.491224e-03, elapsed = 121.7 sec
[TwinWall] projected 2 node(s)
Step =    964: nodes = 2521, dt = 2.811054e-10, strain = 1.492629e-03, elapsed = 121.8 sec
[TwinWall] projected 2 node(s)
Step =    965: nodes = 2529, dt = 3.373264e-10, strain = 1.494316e-03, elapsed = 121.9 sec
[TwinWall] projected 2 node(s)
Step =    966: nodes = 2526, dt = 4.047917e-10, strain = 1.496340e-03, elapsed = 122.1 sec
[TwinWall] projected 2 node(s)
Step =    967: nodes = 2531, dt = 2.428750e-10, strain = 1.497554e-03, elapsed = 122.2 sec
[TwinWall] projected 2 node(s)
Step =    968: nodes = 2532, dt = 2.428750e-10, strain = 1.498769e-03, elapsed = 122.3 sec
[TwinWall] projected 2 node(s)
Step =    969: nodes = 2538, dt = 2.914500e-10, strain = 1.500226e-03, elapsed = 122.4 sec
[TwinWall] projected 2 node(s)
Step =    970: nodes = 2544, dt = 3.497400e-10, strain = 1.501975e-03, elapsed = 122.6 sec
[TwinWall] projected 2 node(s)
Step =    971: nodes = 2539, dt = 4.196880e-10, strain = 1.504073e-03, elapsed = 122.7 sec
[TwinWall] projected 2 node(s)
Step =    972: nodes = 2533, dt = 2.518128e-10, strain = 1.505332e-03, elapsed = 122.8 sec
[TwinWall] projected 1 node(s)
Step =    973: nodes = 2533, dt = 2.518128e-10, strain = 1.506591e-03, elapsed = 123.0 sec
[TwinWall] projected 2 node(s)
Step =    974: nodes = 2531, dt = 3.021754e-10, strain = 1.508102e-03, elapsed = 123.1 sec
[TwinWall] projected 2 node(s)
Step =    975: nodes = 2530, dt = 3.626105e-10, strain = 1.509915e-03, elapsed = 123.2 sec
[TwinWall] projected 2 node(s)
Step =    976: nodes = 2528, dt = 2.175663e-10, strain = 1.511003e-03, elapsed = 123.4 sec
[TwinWall] projected 1 node(s)
Step =    977: nodes = 2527, dt = 2.175663e-10, strain = 1.512091e-03, elapsed = 123.5 sec
[TwinWall] projected 2 node(s)
Step =    978: nodes = 2527, dt = 2.610795e-10, strain = 1.513396e-03, elapsed = 123.6 sec
[TwinWall] projected 2 node(s)
Step =    979: nodes = 2526, dt = 3.132954e-10, strain = 1.514963e-03, elapsed = 123.7 sec
[TwinWall] projected 2 node(s)
Step =    980: nodes = 2525, dt = 3.759545e-10, strain = 1.516842e-03, elapsed = 123.9 sec
Step =    981: nodes = 2525, dt = 2.255727e-10, strain = 1.517970e-03, elapsed = 124.0 sec
[TwinWall] projected 2 node(s)
Step =    982: nodes = 2523, dt = 2.255727e-10, strain = 1.519098e-03, elapsed = 124.1 sec
[TwinWall] projected 1 node(s)
Step =    983: nodes = 2522, dt = 2.706873e-10, strain = 1.520452e-03, elapsed = 124.2 sec
[TwinWall] projected 2 node(s)
Step =    984: nodes = 2522, dt = 3.248247e-10, strain = 1.522076e-03, elapsed = 124.4 sec
[TwinWall] projected 2 node(s)
Step =    985: nodes = 2520, dt = 3.897897e-10, strain = 1.524025e-03, elapsed = 124.5 sec
[TwinWall] projected 2 node(s)
Step =    986: nodes = 2520, dt = 2.338738e-10, strain = 1.525194e-03, elapsed = 124.6 sec
[TwinWall] projected 2 node(s)
Step =    987: nodes = 2520, dt = 2.338738e-10, strain = 1.526363e-03, elapsed = 124.7 sec
[TwinWall] projected 2 node(s)
Step =    988: nodes = 2520, dt = 2.806486e-10, strain = 1.527767e-03, elapsed = 124.9 sec
[TwinWall] projected 2 node(s)
Step =    989: nodes = 2516, dt = 3.367783e-10, strain = 1.529450e-03, elapsed = 125.0 sec
[TwinWall] projected 2 node(s)
Step =    990: nodes = 2515, dt = 4.041339e-10, strain = 1.531471e-03, elapsed = 125.1 sec
[TwinWall] projected 2 node(s)
Step =    991: nodes = 2515, dt = 2.424804e-10, strain = 1.532684e-03, elapsed = 125.3 sec
[TwinWall] projected 2 node(s)
Step =    992: nodes = 2515, dt = 2.424804e-10, strain = 1.533896e-03, elapsed = 125.4 sec
[TwinWall] projected 2 node(s)
Step =    993: nodes = 2515, dt = 2.909764e-10, strain = 1.535351e-03, elapsed = 125.5 sec
[TwinWall] projected 2 node(s)
Step =    994: nodes = 2513, dt = 3.491717e-10, strain = 1.537097e-03, elapsed = 125.6 sec
[TwinWall] projected 2 node(s)
Step =    995: nodes = 2511, dt = 2.095030e-10, strain = 1.538144e-03, elapsed = 125.8 sec
[TwinWall] projected 1 node(s)
Step =    996: nodes = 2509, dt = 2.095030e-10, strain = 1.539192e-03, elapsed = 125.9 sec
[TwinWall] projected 2 node(s)
Step =    997: nodes = 2511, dt = 2.514036e-10, strain = 1.540449e-03, elapsed = 126.0 sec
[TwinWall] projected 2 node(s)
Step =    998: nodes = 2514, dt = 3.016844e-10, strain = 1.541957e-03, elapsed = 126.1 sec
[TwinWall] projected 2 node(s)
Step =    999: nodes = 2514, dt = 3.620212e-10, strain = 1.543767e-03, elapsed = 126.2 sec
[TwinWall] projected 2 node(s)
Step =   1000: nodes = 2512, dt = 4.344255e-10, strain = 1.545939e-03, elapsed = 126.4 sec
Writing configuration in legacy data format
 Output file: /data/home/dg000246b/openDIS/HomeWork/output_Cu_twin_rorient/config.1000.data
Writing restart file
 Restart file: /data/home/dg000246b/openDIS/HomeWork/output_Cu_twin_rorient/restart.1000.exadis
[TwinWall] projected 2 node(s)
Step =   1001: nodes = 2511, dt = 2.606553e-10, strain = 1.547243e-03, elapsed = 126.5 sec
[TwinWall] projected 2 node(s)
Step =   1002: nodes = 2511, dt = 2.606553e-10, strain = 1.548546e-03, elapsed = 126.7 sec
[TwinWall] projected 2 node(s)
Step =   1003: nodes = 2510, dt = 3.127863e-10, strain = 1.550110e-03, elapsed = 126.8 sec
[TwinWall] projected 2 node(s)
Step =   1004: nodes = 2508, dt = 3.753436e-10, strain = 1.551987e-03, elapsed = 126.9 sec
[TwinWall] projected 1 node(s)
Step =   1005: nodes = 2507, dt = 2.252062e-10, strain = 1.553113e-03, elapsed = 127.1 sec
[TwinWall] projected 2 node(s)
Step =   1006: nodes = 2508, dt = 2.252062e-10, strain = 1.554239e-03, elapsed = 127.2 sec
[TwinWall] projected 2 node(s)
Step =   1007: nodes = 2507, dt = 2.702474e-10, strain = 1.555590e-03, elapsed = 127.3 sec
[TwinWall] projected 2 node(s)
Step =   1008: nodes = 2508, dt = 3.242969e-10, strain = 1.557211e-03, elapsed = 127.4 sec
[TwinWall] projected 2 node(s)
Step =   1009: nodes = 2505, dt = 3.891563e-10, strain = 1.559157e-03, elapsed = 127.6 sec
[TwinWall] projected 2 node(s)
Step =   1010: nodes = 2505, dt = 2.334938e-10, strain = 1.560325e-03, elapsed = 127.7 sec
[TwinWall] projected 2 node(s)
Step =   1011: nodes = 2505, dt = 2.334938e-10, strain = 1.561492e-03, elapsed = 127.8 sec
[TwinWall] projected 2 node(s)
Step =   1012: nodes = 2508, dt = 2.801925e-10, strain = 1.562893e-03, elapsed = 127.9 sec
[TwinWall] projected 2 node(s)
Step =   1013: nodes = 2511, dt = 3.362310e-10, strain = 1.564574e-03, elapsed = 128.1 sec
[TwinWall] projected 2 node(s)
Step =   1014: nodes = 2509, dt = 4.034772e-10, strain = 1.566592e-03, elapsed = 128.2 sec
[TwinWall] projected 2 node(s)
Step =   1015: nodes = 2509, dt = 2.420863e-10, strain = 1.567802e-03, elapsed = 128.4 sec
[TwinWall] projected 2 node(s)
Step =   1016: nodes = 2512, dt = 2.420863e-10, strain = 1.569012e-03, elapsed = 128.5 sec
[TwinWall] projected 2 node(s)
Step =   1017: nodes = 2516, dt = 2.905036e-10, strain = 1.570465e-03, elapsed = 128.6 sec
[TwinWall] projected 2 node(s)
Step =   1018: nodes = 2516, dt = 3.486043e-10, strain = 1.572208e-03, elapsed = 128.7 sec
[TwinWall] projected 2 node(s)
Step =   1019: nodes = 2509, dt = 4.183252e-10, strain = 1.574300e-03, elapsed = 128.8 sec
[TwinWall] projected 2 node(s)
Step =   1020: nodes = 2509, dt = 2.509951e-10, strain = 1.575555e-03, elapsed = 129.0 sec
[TwinWall] projected 1 node(s)
Step =   1021: nodes = 2510, dt = 2.509951e-10, strain = 1.576810e-03, elapsed = 129.1 sec
[TwinWall] projected 2 node(s)
Step =   1022: nodes = 2510, dt = 3.011941e-10, strain = 1.578316e-03, elapsed = 129.2 sec
[TwinWall] projected 2 node(s)
Step =   1023: nodes = 2506, dt = 3.614329e-10, strain = 1.580123e-03, elapsed = 129.4 sec
[TwinWall] projected 1 node(s)
Step =   1024: nodes = 2505, dt = 2.168598e-10, strain = 1.581207e-03, elapsed = 129.5 sec
[TwinWall] projected 2 node(s)
Step =   1025: nodes = 2506, dt = 2.168598e-10, strain = 1.582291e-03, elapsed = 129.6 sec
[TwinWall] projected 2 node(s)
Step =   1026: nodes = 2515, dt = 2.602317e-10, strain = 1.583592e-03, elapsed = 129.7 sec
[TwinWall] projected 2 node(s)
Step =   1027: nodes = 2517, dt = 3.122781e-10, strain = 1.585154e-03, elapsed = 129.8 sec
[TwinWall] projected 2 node(s)
Step =   1028: nodes = 2515, dt = 3.747337e-10, strain = 1.587028e-03, elapsed = 130.0 sec
[TwinWall] projected 2 node(s)
Step =   1029: nodes = 2515, dt = 2.248402e-10, strain = 1.588152e-03, elapsed = 130.1 sec
[TwinWall] projected 2 node(s)
Step =   1030: nodes = 2515, dt = 2.248402e-10, strain = 1.589276e-03, elapsed = 130.2 sec
[TwinWall] projected 2 node(s)
Step =   1031: nodes = 2515, dt = 2.698082e-10, strain = 1.590625e-03, elapsed = 130.3 sec
[TwinWall] projected 2 node(s)
Step =   1032: nodes = 2515, dt = 3.237699e-10, strain = 1.592244e-03, elapsed = 130.5 sec
[TwinWall] projected 2 node(s)
Step =   1033: nodes = 2515, dt = 3.885239e-10, strain = 1.594186e-03, elapsed = 130.6 sec
[TwinWall] projected 2 node(s)
Step =   1034: nodes = 2515, dt = 2.331143e-10, strain = 1.595352e-03, elapsed = 130.7 sec
[TwinWall] projected 2 node(s)
Step =   1035: nodes = 2514, dt = 2.331143e-10, strain = 1.596518e-03, elapsed = 130.8 sec
[TwinWall] projected 2 node(s)
Step =   1036: nodes = 2512, dt = 2.797372e-10, strain = 1.597916e-03, elapsed = 130.9 sec
[TwinWall] projected 2 node(s)
Step =   1037: nodes = 2515, dt = 3.356846e-10, strain = 1.599595e-03, elapsed = 131.1 sec
[TwinWall] projected 2 node(s)
Step =   1038: nodes = 2514, dt = 4.028216e-10, strain = 1.601609e-03, elapsed = 131.2 sec
[TwinWall] projected 2 node(s)
Step =   1039: nodes = 2514, dt = 2.416929e-10, strain = 1.602817e-03, elapsed = 131.4 sec
[TwinWall] projected 1 node(s)
Step =   1040: nodes = 2515, dt = 2.416929e-10, strain = 1.604026e-03, elapsed = 131.5 sec
[TwinWall] projected 2 node(s)
Step =   1041: nodes = 2515, dt = 2.900315e-10, strain = 1.605476e-03, elapsed = 131.6 sec
[TwinWall] projected 2 node(s)
Step =   1042: nodes = 2514, dt = 3.480378e-10, strain = 1.607216e-03, elapsed = 131.7 sec
[TwinWall] projected 1 node(s)
Step =   1043: nodes = 2512, dt = 2.088227e-10, strain = 1.608260e-03, elapsed = 131.9 sec
[TwinWall] projected 2 node(s)
Step =   1044: nodes = 2514, dt = 2.088227e-10, strain = 1.609304e-03, elapsed = 132.0 sec
[TwinWall] projected 2 node(s)
Step =   1045: nodes = 2513, dt = 2.505872e-10, strain = 1.610557e-03, elapsed = 132.1 sec
[TwinWall] projected 2 node(s)
Step =   1046: nodes = 2515, dt = 3.007047e-10, strain = 1.612061e-03, elapsed = 132.2 sec
[TwinWall] projected 2 node(s)
Step =   1047: nodes = 2516, dt = 3.608456e-10, strain = 1.613865e-03, elapsed = 132.4 sec
[TwinWall] projected 2 node(s)
Step =   1048: nodes = 2516, dt = 2.165074e-10, strain = 1.614948e-03, elapsed = 132.5 sec
[TwinWall] projected 2 node(s)
Step =   1049: nodes = 2518, dt = 2.165074e-10, strain = 1.616030e-03, elapsed = 132.6 sec
[TwinWall] projected 2 node(s)
Step =   1050: nodes = 2519, dt = 2.598088e-10, strain = 1.617329e-03, elapsed = 132.7 sec
[TwinWall] projected 2 node(s)
Step =   1051: nodes = 2518, dt = 3.117706e-10, strain = 1.618888e-03, elapsed = 132.8 sec
[TwinWall] projected 2 node(s)
Step =   1052: nodes = 2519, dt = 3.741247e-10, strain = 1.620759e-03, elapsed = 133.0 sec
[TwinWall] projected 2 node(s)
Step =   1053: nodes = 2520, dt = 2.244748e-10, strain = 1.621881e-03, elapsed = 133.1 sec
[TwinWall] projected 2 node(s)
Step =   1054: nodes = 2520, dt = 2.244748e-10, strain = 1.623003e-03, elapsed = 133.2 sec
[TwinWall] projected 3 node(s)
Step =   1055: nodes = 2524, dt = 2.693698e-10, strain = 1.624350e-03, elapsed = 133.3 sec
[TwinWall] projected 3 node(s)
Step =   1056: nodes = 2525, dt = 3.232438e-10, strain = 1.625966e-03, elapsed = 133.5 sec
[TwinWall] projected 2 node(s)
Step =   1057: nodes = 2529, dt = 3.878925e-10, strain = 1.627906e-03, elapsed = 133.6 sec
[TwinWall] projected 3 node(s)
Step =   1058: nodes = 2528, dt = 2.327355e-10, strain = 1.629070e-03, elapsed = 133.7 sec
[TwinWall] projected 2 node(s)
Step =   1059: nodes = 2528, dt = 2.327355e-10, strain = 1.630233e-03, elapsed = 133.8 sec
[TwinWall] projected 3 node(s)
Step =   1060: nodes = 2529, dt = 2.792826e-10, strain = 1.631630e-03, elapsed = 133.9 sec
[TwinWall] projected 3 node(s)
Step =   1061: nodes = 2529, dt = 3.351391e-10, strain = 1.633305e-03, elapsed = 134.1 sec
[TwinWall] projected 3 node(s)
Step =   1062: nodes = 2533, dt = 2.010835e-10, strain = 1.634311e-03, elapsed = 134.2 sec
[TwinWall] projected 3 node(s)
Step =   1063: nodes = 2530, dt = 2.010835e-10, strain = 1.635316e-03, elapsed = 134.3 sec
[TwinWall] projected 2 node(s)
Step =   1064: nodes = 2529, dt = 2.413002e-10, strain = 1.636523e-03, elapsed = 134.4 sec
[TwinWall] projected 3 node(s)
Step =   1065: nodes = 2528, dt = 2.895602e-10, strain = 1.637970e-03, elapsed = 134.6 sec
[TwinWall] projected 2 node(s)
Step =   1066: nodes = 2525, dt = 3.474723e-10, strain = 1.639708e-03, elapsed = 134.7 sec
[TwinWall] projected 3 node(s)
Step =   1067: nodes = 2526, dt = 2.084834e-10, strain = 1.640750e-03, elapsed = 134.8 sec
[TwinWall] projected 2 node(s)
Step =   1068: nodes = 2527, dt = 2.084834e-10, strain = 1.641793e-03, elapsed = 135.2 sec
[TwinWall] projected 3 node(s)
Step =   1069: nodes = 2527, dt = 2.501800e-10, strain = 1.643044e-03, elapsed = 135.4 sec
[TwinWall] projected 3 node(s)
Step =   1070: nodes = 2528, dt = 3.002160e-10, strain = 1.644545e-03, elapsed = 135.5 sec
[TwinWall] projected 2 node(s)
Step =   1071: nodes = 2529, dt = 3.602592e-10, strain = 1.646346e-03, elapsed = 135.6 sec
[TwinWall] projected 3 node(s)
Step =   1072: nodes = 2532, dt = 2.161555e-10, strain = 1.647427e-03, elapsed = 135.7 sec
[TwinWall] projected 2 node(s)
Step =   1073: nodes = 2532, dt = 2.161555e-10, strain = 1.648507e-03, elapsed = 135.9 sec
[TwinWall] projected 2 node(s)
Step =   1074: nodes = 2533, dt = 2.593867e-10, strain = 1.649804e-03, elapsed = 136.0 sec
[TwinWall] projected 2 node(s)
Step =   1075: nodes = 2533, dt = 3.112640e-10, strain = 1.651361e-03, elapsed = 136.1 sec
[TwinWall] projected 3 node(s)
Step =   1076: nodes = 2531, dt = 3.735168e-10, strain = 1.653228e-03, elapsed = 136.2 sec
[TwinWall] projected 3 node(s)
Step =   1077: nodes = 2532, dt = 2.241101e-10, strain = 1.654349e-03, elapsed = 136.4 sec
[TwinWall] projected 3 node(s)
Step =   1078: nodes = 2531, dt = 2.241101e-10, strain = 1.655469e-03, elapsed = 136.5 sec
[TwinWall] projected 3 node(s)
Step =   1079: nodes = 2532, dt = 2.689321e-10, strain = 1.656814e-03, elapsed = 136.6 sec
[TwinWall] projected 3 node(s)
Step =   1080: nodes = 2531, dt = 3.227185e-10, strain = 1.658428e-03, elapsed = 136.7 sec
[TwinWall] projected 2 node(s)
Step =   1081: nodes = 2524, dt = 3.872622e-10, strain = 1.660364e-03, elapsed = 136.9 sec
[TwinWall] projected 2 node(s)
Step =   1082: nodes = 2526, dt = 2.323573e-10, strain = 1.661526e-03, elapsed = 137.0 sec
[TwinWall] projected 2 node(s)
Step =   1083: nodes = 2524, dt = 2.323573e-10, strain = 1.662688e-03, elapsed = 137.1 sec
[TwinWall] projected 2 node(s)
Step =   1084: nodes = 2523, dt = 2.788288e-10, strain = 1.664082e-03, elapsed = 137.3 sec
[TwinWall] projected 2 node(s)
Step =   1085: nodes = 2523, dt = 3.345945e-10, strain = 1.665755e-03, elapsed = 137.4 sec
[TwinWall] projected 2 node(s)
Step =   1086: nodes = 2520, dt = 4.015134e-10, strain = 1.667762e-03, elapsed = 137.6 sec
[TwinWall] projected 1 node(s)
Step =   1087: nodes = 2520, dt = 2.409081e-10, strain = 1.668967e-03, elapsed = 137.7 sec
[TwinWall] projected 2 node(s)
Step =   1088: nodes = 2518, dt = 2.409081e-10, strain = 1.670171e-03, elapsed = 137.8 sec
[TwinWall] projected 2 node(s)
Step =   1089: nodes = 2521, dt = 2.890897e-10, strain = 1.671617e-03, elapsed = 137.9 sec
[TwinWall] projected 2 node(s)
Step =   1090: nodes = 2519, dt = 3.469076e-10, strain = 1.673351e-03, elapsed = 138.1 sec
[TwinWall] projected 2 node(s)
Step =   1091: nodes = 2513, dt = 4.162891e-10, strain = 1.675433e-03, elapsed = 138.2 sec
[TwinWall] projected 2 node(s)
Step =   1092: nodes = 2512, dt = 2.497735e-10, strain = 1.676682e-03, elapsed = 138.4 sec
[TwinWall] projected 2 node(s)
Step =   1093: nodes = 2511, dt = 2.497735e-10, strain = 1.677930e-03, elapsed = 138.5 sec
[TwinWall] projected 2 node(s)
Step =   1094: nodes = 2510, dt = 2.997282e-10, strain = 1.679429e-03, elapsed = 138.6 sec
[TwinWall] projected 2 node(s)
Step =   1095: nodes = 2509, dt = 3.596738e-10, strain = 1.681227e-03, elapsed = 138.7 sec
[TwinWall] projected 2 node(s)
Step =   1096: nodes = 2502, dt = 4.316086e-10, strain = 1.683386e-03, elapsed = 138.9 sec
[TwinWall] projected 1 node(s)
Step =   1097: nodes = 2503, dt = 2.589651e-10, strain = 1.684680e-03, elapsed = 139.0 sec
[TwinWall] projected 2 node(s)
Step =   1098: nodes = 2504, dt = 2.589651e-10, strain = 1.685975e-03, elapsed = 139.1 sec
[TwinWall] projected 2 node(s)
Step =   1099: nodes = 2503, dt = 3.107582e-10, strain = 1.687529e-03, elapsed = 139.3 sec
[TwinWall] projected 2 node(s)
Step =   1100: nodes = 2502, dt = 3.729098e-10, strain = 1.689394e-03, elapsed = 139.4 sec
Writing configuration in legacy data format
 Output file: /data/home/dg000246b/openDIS/HomeWork/output_Cu_twin_rorient/config.1100.data
Writing restart file
 Restart file: /data/home/dg000246b/openDIS/HomeWork/output_Cu_twin_rorient/restart.1100.exadis
[TwinWall] projected 2 node(s)
Step =   1101: nodes = 2500, dt = 2.237459e-10, strain = 1.690512e-03, elapsed = 139.5 sec
[TwinWall] projected 2 node(s)
Step =   1102: nodes = 2500, dt = 2.237459e-10, strain = 1.691631e-03, elapsed = 139.7 sec
[TwinWall] projected 2 node(s)
Step =   1103: nodes = 2502, dt = 2.684951e-10, strain = 1.692973e-03, elapsed = 139.8 sec
[TwinWall] projected 2 node(s)
Step =   1104: nodes = 2506, dt = 3.221941e-10, strain = 1.694584e-03, elapsed = 139.9 sec
[TwinWall] projected 2 node(s)
Step =   1105: nodes = 2507, dt = 3.866329e-10, strain = 1.696518e-03, elapsed = 140.0 sec
[TwinWall] projected 2 node(s)
Step =   1106: nodes = 2506, dt = 4.639595e-10, strain = 1.698837e-03, elapsed = 140.2 sec
[TwinWall] projected 2 node(s)
Step =   1107: nodes = 2503, dt = 2.783757e-10, strain = 1.700229e-03, elapsed = 140.3 sec
[TwinWall] projected 2 node(s)
Step =   1108: nodes = 2503, dt = 2.783757e-10, strain = 1.701621e-03, elapsed = 140.4 sec
[TwinWall] projected 2 node(s)
Step =   1109: nodes = 2505, dt = 3.340508e-10, strain = 1.703291e-03, elapsed = 140.5 sec
[TwinWall] projected 2 node(s)
Step =   1110: nodes = 2508, dt = 4.008610e-10, strain = 1.705296e-03, elapsed = 140.7 sec
[TwinWall] projected 2 node(s)
Step =   1111: nodes = 2506, dt = 2.405166e-10, strain = 1.706498e-03, elapsed = 140.8 sec
[TwinWall] projected 2 node(s)
Step =   1112: nodes = 2511, dt = 2.405166e-10, strain = 1.707701e-03, elapsed = 140.9 sec
[TwinWall] projected 2 node(s)
Step =   1113: nodes = 2510, dt = 2.886199e-10, strain = 1.709144e-03, elapsed = 141.0 sec
[TwinWall] projected 2 node(s)
Step =   1114: nodes = 2509, dt = 3.463439e-10, strain = 1.710876e-03, elapsed = 141.2 sec
[TwinWall] projected 2 node(s)
Step =   1115: nodes = 2505, dt = 4.156127e-10, strain = 1.712954e-03, elapsed = 141.3 sec
[TwinWall] projected 2 node(s)
Step =   1116: nodes = 2510, dt = 2.493676e-10, strain = 1.714201e-03, elapsed = 141.4 sec
[TwinWall] projected 1 node(s)
Step =   1117: nodes = 2510, dt = 2.493676e-10, strain = 1.715447e-03, elapsed = 141.6 sec
[TwinWall] projected 2 node(s)
Step =   1118: nodes = 2515, dt = 2.992411e-10, strain = 1.716944e-03, elapsed = 141.7 sec
[TwinWall] projected 2 node(s)
Step =   1119: nodes = 2517, dt = 3.590893e-10, strain = 1.718739e-03, elapsed = 141.8 sec
[TwinWall] projected 2 node(s)
Step =   1120: nodes = 2516, dt = 2.154536e-10, strain = 1.719816e-03, elapsed = 141.9 sec
[TwinWall] projected 2 node(s)
Step =   1121: nodes = 2516, dt = 2.154536e-10, strain = 1.720894e-03, elapsed = 142.1 sec
[TwinWall] projected 2 node(s)
Step =   1122: nodes = 2517, dt = 2.585443e-10, strain = 1.722186e-03, elapsed = 142.2 sec
[TwinWall] projected 2 node(s)
Step =   1123: nodes = 2516, dt = 3.102532e-10, strain = 1.723738e-03, elapsed = 142.3 sec
[TwinWall] projected 2 node(s)
Step =   1124: nodes = 2516, dt = 3.723038e-10, strain = 1.725599e-03, elapsed = 142.4 sec
[TwinWall] projected 2 node(s)
Step =   1125: nodes = 2515, dt = 2.233823e-10, strain = 1.726716e-03, elapsed = 142.6 sec
[TwinWall] projected 2 node(s)
Step =   1126: nodes = 2512, dt = 2.233823e-10, strain = 1.727833e-03, elapsed = 142.7 sec
[TwinWall] projected 1 node(s)
Step =   1127: nodes = 2513, dt = 2.680588e-10, strain = 1.729173e-03, elapsed = 142.8 sec
[TwinWall] projected 2 node(s)
Step =   1128: nodes = 2514, dt = 3.216705e-10, strain = 1.730782e-03, elapsed = 142.9 sec
[TwinWall] projected 2 node(s)
Step =   1129: nodes = 2510, dt = 3.860046e-10, strain = 1.732712e-03, elapsed = 143.0 sec
[TwinWall] projected 2 node(s)
Step =   1130: nodes = 2509, dt = 2.316028e-10, strain = 1.733870e-03, elapsed = 143.2 sec
[TwinWall] projected 2 node(s)
Step =   1131: nodes = 2509, dt = 2.316028e-10, strain = 1.735028e-03, elapsed = 143.3 sec
[TwinWall] projected 2 node(s)
Step =   1132: nodes = 2510, dt = 2.779233e-10, strain = 1.736417e-03, elapsed = 143.4 sec
[TwinWall] projected 2 node(s)
Step =   1133: nodes = 2510, dt = 3.335080e-10, strain = 1.738085e-03, elapsed = 143.5 sec
[TwinWall] projected 2 node(s)
Step =   1134: nodes = 2507, dt = 4.002096e-10, strain = 1.740086e-03, elapsed = 143.7 sec
[TwinWall] projected 2 node(s)
Step =   1135: nodes = 2507, dt = 2.401258e-10, strain = 1.741286e-03, elapsed = 143.8 sec
[TwinWall] projected 2 node(s)
Step =   1136: nodes = 2507, dt = 2.401258e-10, strain = 1.742487e-03, elapsed = 143.9 sec
[TwinWall] projected 2 node(s)
Step =   1137: nodes = 2508, dt = 2.881509e-10, strain = 1.743928e-03, elapsed = 144.0 sec
[TwinWall] projected 2 node(s)
Step =   1138: nodes = 2509, dt = 3.457811e-10, strain = 1.745657e-03, elapsed = 144.2 sec
[TwinWall] projected 1 node(s)
Step =   1139: nodes = 2509, dt = 2.074686e-10, strain = 1.746694e-03, elapsed = 144.3 sec
[TwinWall] projected 1 node(s)
Step =   1140: nodes = 2508, dt = 2.074686e-10, strain = 1.747731e-03, elapsed = 144.4 sec
[TwinWall] projected 2 node(s)
Step =   1141: nodes = 2509, dt = 2.489624e-10, strain = 1.748976e-03, elapsed = 144.5 sec
[TwinWall] projected 2 node(s)
Step =   1142: nodes = 2509, dt = 2.987549e-10, strain = 1.750470e-03, elapsed = 144.7 sec
[TwinWall] projected 2 node(s)
Step =   1143: nodes = 2501, dt = 3.585058e-10, strain = 1.752263e-03, elapsed = 144.8 sec
[TwinWall] projected 2 node(s)
Step =   1144: nodes = 2496, dt = 4.302070e-10, strain = 1.754414e-03, elapsed = 144.9 sec
[TwinWall] projected 2 node(s)
Step =   1145: nodes = 2495, dt = 2.581242e-10, strain = 1.755704e-03, elapsed = 145.1 sec
[TwinWall] projected 2 node(s)
Step =   1146: nodes = 2495, dt = 2.581242e-10, strain = 1.756995e-03, elapsed = 145.2 sec
[TwinWall] projected 2 node(s)
Step =   1147: nodes = 2493, dt = 3.097490e-10, strain = 1.758544e-03, elapsed = 145.3 sec
[TwinWall] projected 2 node(s)
Step =   1148: nodes = 2494, dt = 3.716988e-10, strain = 1.760402e-03, elapsed = 145.4 sec
[TwinWall] projected 2 node(s)
Step =   1149: nodes = 2494, dt = 2.230193e-10, strain = 1.761517e-03, elapsed = 145.5 sec
[TwinWall] projected 2 node(s)
Step =   1150: nodes = 2496, dt = 2.230193e-10, strain = 1.762632e-03, elapsed = 145.6 sec
[TwinWall] projected 2 node(s)
Step =   1151: nodes = 2499, dt = 2.676232e-10, strain = 1.763970e-03, elapsed = 145.8 sec
[TwinWall] projected 2 node(s)
Step =   1152: nodes = 2498, dt = 3.211478e-10, strain = 1.765576e-03, elapsed = 145.9 sec
[TwinWall] projected 2 node(s)
Step =   1153: nodes = 2498, dt = 3.853774e-10, strain = 1.767503e-03, elapsed = 146.0 sec
[TwinWall] projected 2 node(s)
Step =   1154: nodes = 2500, dt = 2.312264e-10, strain = 1.768659e-03, elapsed = 146.2 sec
Step =   1155: nodes = 2498, dt = 2.312264e-10, strain = 1.769815e-03, elapsed = 146.3 sec
[TwinWall] projected 2 node(s)
Step =   1156: nodes = 2496, dt = 2.774717e-10, strain = 1.771203e-03, elapsed = 146.4 sec
[TwinWall] projected 2 node(s)
Step =   1157: nodes = 2495, dt = 3.329660e-10, strain = 1.772867e-03, elapsed = 146.5 sec
[TwinWall] projected 2 node(s)
Step =   1158: nodes = 2501, dt = 3.995592e-10, strain = 1.774865e-03, elapsed = 146.7 sec
[TwinWall] projected 1 node(s)
Step =   1159: nodes = 2499, dt = 2.397355e-10, strain = 1.776064e-03, elapsed = 146.8 sec
[TwinWall] projected 2 node(s)
Step =   1160: nodes = 2499, dt = 2.397355e-10, strain = 1.777263e-03, elapsed = 146.9 sec
[TwinWall] projected 1 node(s)
Step =   1161: nodes = 2497, dt = 2.876827e-10, strain = 1.778701e-03, elapsed = 147.0 sec
[TwinWall] projected 2 node(s)
Step =   1162: nodes = 2495, dt = 3.452192e-10, strain = 1.780427e-03, elapsed = 147.2 sec
[TwinWall] projected 2 node(s)
Step =   1163: nodes = 2496, dt = 2.071315e-10, strain = 1.781463e-03, elapsed = 147.4 sec
[TwinWall] projected 2 node(s)
Step =   1164: nodes = 2496, dt = 2.071315e-10, strain = 1.782498e-03, elapsed = 147.5 sec
[TwinWall] projected 2 node(s)
Step =   1165: nodes = 2497, dt = 2.485578e-10, strain = 1.783741e-03, elapsed = 147.6 sec
[TwinWall] projected 2 node(s)
Step =   1166: nodes = 2498, dt = 2.982694e-10, strain = 1.785233e-03, elapsed = 147.8 sec
[TwinWall] projected 2 node(s)
Step =   1167: nodes = 2505, dt = 3.579233e-10, strain = 1.787022e-03, elapsed = 147.9 sec
[TwinWall] projected 3 node(s)
Step =   1168: nodes = 2505, dt = 2.147540e-10, strain = 1.788096e-03, elapsed = 148.0 sec
[TwinWall] projected 2 node(s)
Step =   1169: nodes = 2505, dt = 2.147540e-10, strain = 1.789170e-03, elapsed = 148.1 sec
[TwinWall] projected 3 node(s)
Step =   1170: nodes = 2504, dt = 2.577047e-10, strain = 1.790458e-03, elapsed = 148.2 sec
[TwinWall] projected 2 node(s)
Step =   1171: nodes = 2503, dt = 3.092457e-10, strain = 1.792005e-03, elapsed = 148.4 sec
[TwinWall] projected 3 node(s)
Step =   1172: nodes = 2503, dt = 1.855474e-10, strain = 1.792932e-03, elapsed = 148.5 sec
[TwinWall] projected 3 node(s)
Step =   1173: nodes = 2506, dt = 1.855474e-10, strain = 1.793860e-03, elapsed = 148.6 sec
[TwinWall] projected 2 node(s)
Step =   1174: nodes = 2509, dt = 2.226569e-10, strain = 1.794973e-03, elapsed = 148.7 sec
[TwinWall] projected 3 node(s)
Step =   1175: nodes = 2510, dt = 2.671883e-10, strain = 1.796309e-03, elapsed = 148.8 sec
[TwinWall] projected 3 node(s)
Step =   1176: nodes = 2510, dt = 3.206259e-10, strain = 1.797912e-03, elapsed = 148.9 sec
[TwinWall] projected 2 node(s)
Step =   1177: nodes = 2511, dt = 1.923756e-10, strain = 1.798874e-03, elapsed = 149.1 sec
[TwinWall] projected 3 node(s)
Step =   1178: nodes = 2514, dt = 1.923756e-10, strain = 1.799836e-03, elapsed = 149.2 sec
[TwinWall] projected 2 node(s)
Step =   1179: nodes = 2514, dt = 2.308507e-10, strain = 1.800990e-03, elapsed = 149.3 sec
[TwinWall] projected 3 node(s)
Step =   1180: nodes = 2514, dt = 2.770208e-10, strain = 1.802375e-03, elapsed = 149.4 sec
[TwinWall] projected 3 node(s)
Step =   1181: nodes = 2514, dt = 3.324250e-10, strain = 1.804038e-03, elapsed = 149.5 sec
[TwinWall] projected 3 node(s)
Step =   1182: nodes = 2514, dt = 1.994550e-10, strain = 1.805035e-03, elapsed = 149.7 sec
[TwinWall] projected 3 node(s)
Step =   1183: nodes = 2517, dt = 1.994550e-10, strain = 1.806032e-03, elapsed = 149.8 sec
[TwinWall] projected 2 node(s)
Step =   1184: nodes = 2517, dt = 2.393460e-10, strain = 1.807229e-03, elapsed = 149.9 sec
[TwinWall] projected 2 node(s)
Step =   1185: nodes = 2517, dt = 2.872152e-10, strain = 1.808665e-03, elapsed = 150.0 sec
[TwinWall] projected 2 node(s)
Step =   1186: nodes = 2517, dt = 3.446582e-10, strain = 1.810388e-03, elapsed = 150.2 sec
[TwinWall] projected 2 node(s)
Step =   1187: nodes = 2514, dt = 4.135898e-10, strain = 1.812456e-03, elapsed = 150.3 sec
[TwinWall] projected 2 node(s)
Step =   1188: nodes = 2514, dt = 2.481539e-10, strain = 1.813697e-03, elapsed = 150.4 sec
[TwinWall] projected 2 node(s)
Step =   1189: nodes = 2514, dt = 2.481539e-10, strain = 1.814938e-03, elapsed = 150.5 sec
[TwinWall] projected 2 node(s)
Step =   1190: nodes = 2516, dt = 2.977847e-10, strain = 1.816427e-03, elapsed = 150.7 sec
[TwinWall] projected 1 node(s)
Step =   1191: nodes = 2512, dt = 3.573416e-10, strain = 1.818213e-03, elapsed = 150.8 sec
[TwinWall] projected 2 node(s)
Step =   1192: nodes = 2512, dt = 2.144050e-10, strain = 1.819285e-03, elapsed = 150.9 sec
[TwinWall] projected 2 node(s)
Step =   1193: nodes = 2511, dt = 2.144050e-10, strain = 1.820357e-03, elapsed = 151.0 sec
[TwinWall] projected 2 node(s)
Step =   1194: nodes = 2509, dt = 2.572860e-10, strain = 1.821644e-03, elapsed = 151.2 sec
[TwinWall] projected 2 node(s)
Step =   1195: nodes = 2509, dt = 3.087432e-10, strain = 1.823188e-03, elapsed = 151.3 sec
[TwinWall] projected 2 node(s)
Step =   1196: nodes = 2507, dt = 3.704918e-10, strain = 1.825040e-03, elapsed = 151.4 sec
[TwinWall] projected 2 node(s)
Step =   1197: nodes = 2507, dt = 2.222951e-10, strain = 1.826151e-03, elapsed = 151.6 sec
[TwinWall] projected 2 node(s)
Step =   1198: nodes = 2508, dt = 2.222951e-10, strain = 1.827263e-03, elapsed = 151.7 sec
[TwinWall] projected 2 node(s)
Step =   1199: nodes = 2507, dt = 2.667541e-10, strain = 1.828597e-03, elapsed = 151.8 sec
[TwinWall] projected 2 node(s)
Step =   1200: nodes = 2507, dt = 3.201049e-10, strain = 1.830197e-03, elapsed = 151.9 sec
Writing configuration in legacy data format
 Output file: /data/home/dg000246b/openDIS/HomeWork/output_Cu_twin_rorient/config.1200.data
Writing restart file
 Restart file: /data/home/dg000246b/openDIS/HomeWork/output_Cu_twin_rorient/restart.1200.exadis
[TwinWall] projected 2 node(s)
Step =   1201: nodes = 2510, dt = 3.841259e-10, strain = 1.832118e-03, elapsed = 152.1 sec
[TwinWall] projected 2 node(s)
Step =   1202: nodes = 2512, dt = 2.304755e-10, strain = 1.833270e-03, elapsed = 152.2 sec
[TwinWall] projected 3 node(s)
Step =   1203: nodes = 2512, dt = 2.304755e-10, strain = 1.834423e-03, elapsed = 152.3 sec
[TwinWall] projected 3 node(s)
Step =   1204: nodes = 2511, dt = 2.765706e-10, strain = 1.835805e-03, elapsed = 152.4 sec
[TwinWall] projected 3 node(s)
Step =   1205: nodes = 2516, dt = 3.318848e-10, strain = 1.837465e-03, elapsed = 152.5 sec
[TwinWall] projected 3 node(s)
Step =   1206: nodes = 2509, dt = 3.982617e-10, strain = 1.839456e-03, elapsed = 152.7 sec
[TwinWall] projected 3 node(s)
Step =   1207: nodes = 2514, dt = 2.389570e-10, strain = 1.840651e-03, elapsed = 152.8 sec
[TwinWall] projected 3 node(s)
Step =   1208: nodes = 2523, dt = 2.389570e-10, strain = 1.841846e-03, elapsed = 152.9 sec
[TwinWall] projected 3 node(s)
Step =   1209: nodes = 2521, dt = 2.867484e-10, strain = 1.843280e-03, elapsed = 153.0 sec
[TwinWall] projected 3 node(s)
Step =   1210: nodes = 2526, dt = 3.440981e-10, strain = 1.845000e-03, elapsed = 153.2 sec
[TwinWall] projected 3 node(s)
Step =   1211: nodes = 2526, dt = 2.064589e-10, strain = 1.846032e-03, elapsed = 153.3 sec
[TwinWall] projected 2 node(s)
Step =   1212: nodes = 2526, dt = 2.064589e-10, strain = 1.847065e-03, elapsed = 153.4 sec
[TwinWall] projected 2 node(s)
Step =   1213: nodes = 2528, dt = 2.477507e-10, strain = 1.848303e-03, elapsed = 153.5 sec
[TwinWall] projected 3 node(s)
Step =   1214: nodes = 2528, dt = 2.973008e-10, strain = 1.849790e-03, elapsed = 153.7 sec
[TwinWall] projected 2 node(s)
Step =   1215: nodes = 2525, dt = 3.567609e-10, strain = 1.851574e-03, elapsed = 153.8 sec
[TwinWall] projected 2 node(s)
Step =   1216: nodes = 2526, dt = 2.140566e-10, strain = 1.852644e-03, elapsed = 153.9 sec
[TwinWall] projected 3 node(s)
Step =   1217: nodes = 2525, dt = 2.140566e-10, strain = 1.853714e-03, elapsed = 154.0 sec
[TwinWall] projected 2 node(s)
Step =   1218: nodes = 2525, dt = 2.568679e-10, strain = 1.854999e-03, elapsed = 154.2 sec
[TwinWall] projected 2 node(s)
Step =   1219: nodes = 2522, dt = 3.082415e-10, strain = 1.856540e-03, elapsed = 154.3 sec
[TwinWall] projected 2 node(s)
Step =   1220: nodes = 2520, dt = 3.698897e-10, strain = 1.858389e-03, elapsed = 154.4 sec
[TwinWall] projected 3 node(s)
Step =   1221: nodes = 2520, dt = 1.109669e-10, strain = 1.858944e-03, elapsed = 154.6 sec
[TwinWall] projected 3 node(s)
Step =   1222: nodes = 2521, dt = 1.109669e-10, strain = 1.859499e-03, elapsed = 154.6 sec
[TwinWall] projected 3 node(s)
Step =   1223: nodes = 2522, dt = 1.331603e-10, strain = 1.860165e-03, elapsed = 154.7 sec
[TwinWall] projected 3 node(s)
Step =   1224: nodes = 2525, dt = 1.597924e-10, strain = 1.860964e-03, elapsed = 154.8 sec
[TwinWall] projected 3 node(s)
Step =   1225: nodes = 2526, dt = 1.917508e-10, strain = 1.861922e-03, elapsed = 155.0 sec
[TwinWall] projected 3 node(s)
Step =   1226: nodes = 2526, dt = 2.301010e-10, strain = 1.863073e-03, elapsed = 155.1 sec
[TwinWall] projected 2 node(s)
Step =   1227: nodes = 2525, dt = 2.761212e-10, strain = 1.864454e-03, elapsed = 155.2 sec
[TwinWall] projected 3 node(s)
Step =   1228: nodes = 2525, dt = 3.313455e-10, strain = 1.866110e-03, elapsed = 155.3 sec
[TwinWall] projected 3 node(s)
Step =   1229: nodes = 2527, dt = 1.988073e-10, strain = 1.867104e-03, elapsed = 155.4 sec
[TwinWall] projected 3 node(s)
Step =   1230: nodes = 2527, dt = 1.988073e-10, strain = 1.868098e-03, elapsed = 155.5 sec
[TwinWall] projected 3 node(s)
Step =   1231: nodes = 2527, dt = 2.385687e-10, strain = 1.869291e-03, elapsed = 155.7 sec
[TwinWall] projected 2 node(s)
Step =   1232: nodes = 2526, dt = 2.862825e-10, strain = 1.870723e-03, elapsed = 155.8 sec
[TwinWall] projected 2 node(s)
Step =   1233: nodes = 2524, dt = 3.435390e-10, strain = 1.872440e-03, elapsed = 155.9 sec
[TwinWall] projected 2 node(s)
Step =   1234: nodes = 2524, dt = 2.061234e-10, strain = 1.873471e-03, elapsed = 156.0 sec
[TwinWall] projected 3 node(s)
Step =   1235: nodes = 2525, dt = 2.061234e-10, strain = 1.874502e-03, elapsed = 156.2 sec
[TwinWall] projected 2 node(s)
Step =   1236: nodes = 2524, dt = 2.473481e-10, strain = 1.875738e-03, elapsed = 156.3 sec
[TwinWall] projected 2 node(s)
Step =   1237: nodes = 2522, dt = 2.968177e-10, strain = 1.877222e-03, elapsed = 156.4 sec
[TwinWall] projected 2 node(s)
Step =   1238: nodes = 2516, dt = 3.561812e-10, strain = 1.879003e-03, elapsed = 156.5 sec
[TwinWall] projected 2 node(s)
Step =   1239: nodes = 2513, dt = 4.274175e-10, strain = 1.881140e-03, elapsed = 156.7 sec
[TwinWall] projected 2 node(s)
Step =   1240: nodes = 2515, dt = 1.282252e-10, strain = 1.881781e-03, elapsed = 156.8 sec
[TwinWall] projected 2 node(s)
Step =   1241: nodes = 2515, dt = 1.282252e-10, strain = 1.882423e-03, elapsed = 156.9 sec
[TwinWall] projected 2 node(s)
Step =   1242: nodes = 2515, dt = 1.538703e-10, strain = 1.883192e-03, elapsed = 157.0 sec
[TwinWall] projected 2 node(s)
Step =   1243: nodes = 2513, dt = 1.846443e-10, strain = 1.884115e-03, elapsed = 157.1 sec
[TwinWall] projected 2 node(s)
Step =   1244: nodes = 2514, dt = 2.215732e-10, strain = 1.885223e-03, elapsed = 157.2 sec
[TwinWall] projected 2 node(s)
Step =   1245: nodes = 2514, dt = 2.658878e-10, strain = 1.886552e-03, elapsed = 157.4 sec
[TwinWall] projected 2 node(s)
Step =   1246: nodes = 2514, dt = 3.190654e-10, strain = 1.888148e-03, elapsed = 157.5 sec
[TwinWall] projected 2 node(s)
Step =   1247: nodes = 2514, dt = 3.828785e-10, strain = 1.890062e-03, elapsed = 157.6 sec
[TwinWall] projected 2 node(s)
Step =   1248: nodes = 2512, dt = 2.297271e-10, strain = 1.891211e-03, elapsed = 157.7 sec
[TwinWall] projected 2 node(s)
Step =   1249: nodes = 2515, dt = 2.297271e-10, strain = 1.892359e-03, elapsed = 157.8 sec
[TwinWall] projected 2 node(s)
Step =   1250: nodes = 2515, dt = 2.756725e-10, strain = 1.893738e-03, elapsed = 158.0 sec
[TwinWall] projected 2 node(s)
Step =   1251: nodes = 2515, dt = 3.308070e-10, strain = 1.895392e-03, elapsed = 158.1 sec
[TwinWall] projected 2 node(s)
Step =   1252: nodes = 2516, dt = 3.969684e-10, strain = 1.897377e-03, elapsed = 158.2 sec
[TwinWall] projected 2 node(s)
Step =   1253: nodes = 2517, dt = 1.190905e-10, strain = 1.897972e-03, elapsed = 158.4 sec
[TwinWall] projected 2 node(s)
Step =   1254: nodes = 2522, dt = 1.190905e-10, strain = 1.898568e-03, elapsed = 158.5 sec
[TwinWall] projected 2 node(s)
Step =   1255: nodes = 2522, dt = 1.429086e-10, strain = 1.899282e-03, elapsed = 158.6 sec
[TwinWall] projected 3 node(s)
Step =   1256: nodes = 2523, dt = 1.714904e-10, strain = 1.900140e-03, elapsed = 158.7 sec
[TwinWall] projected 3 node(s)
Step =   1257: nodes = 2525, dt = 2.057884e-10, strain = 1.901169e-03, elapsed = 158.8 sec
[TwinWall] projected 3 node(s)
Step =   1258: nodes = 2529, dt = 2.469461e-10, strain = 1.902403e-03, elapsed = 158.9 sec
[TwinWall] projected 3 node(s)
Step =   1259: nodes = 2532, dt = 2.963353e-10, strain = 1.903885e-03, elapsed = 159.0 sec
[TwinWall] projected 3 node(s)
Step =   1260: nodes = 2530, dt = 3.556024e-10, strain = 1.905663e-03, elapsed = 159.1 sec
[TwinWall] projected 3 node(s)
Step =   1261: nodes = 2532, dt = 2.133614e-10, strain = 1.906730e-03, elapsed = 159.3 sec
[TwinWall] projected 3 node(s)
Step =   1262: nodes = 2532, dt = 2.133614e-10, strain = 1.907797e-03, elapsed = 159.4 sec
[TwinWall] projected 3 node(s)
Step =   1263: nodes = 2534, dt = 2.560337e-10, strain = 1.909077e-03, elapsed = 159.5 sec
[TwinWall] projected 2 node(s)
Step =   1264: nodes = 2534, dt = 3.072405e-10, strain = 1.910613e-03, elapsed = 159.6 sec
[TwinWall] projected 2 node(s)
Step =   1265: nodes = 2534, dt = 3.686886e-10, strain = 1.912456e-03, elapsed = 159.7 sec
[TwinWall] projected 3 node(s)
Step =   1266: nodes = 2534, dt = 2.212131e-10, strain = 1.913562e-03, elapsed = 159.9 sec
[TwinWall] projected 3 node(s)
Step =   1267: nodes = 2533, dt = 2.212131e-10, strain = 1.914669e-03, elapsed = 160.0 sec
[TwinWall] projected 3 node(s)
Step =   1268: nodes = 2534, dt = 2.654558e-10, strain = 1.915996e-03, elapsed = 160.1 sec
[TwinWall] projected 2 node(s)
Step =   1269: nodes = 2534, dt = 3.185469e-10, strain = 1.917589e-03, elapsed = 160.2 sec
[TwinWall] projected 3 node(s)
Step =   1270: nodes = 2534, dt = 3.822563e-10, strain = 1.919500e-03, elapsed = 160.4 sec
[TwinWall] projected 3 node(s)
Step =   1271: nodes = 2534, dt = 2.293538e-10, strain = 1.920647e-03, elapsed = 160.5 sec
[TwinWall] projected 3 node(s)
Step =   1272: nodes = 2531, dt = 2.293538e-10, strain = 1.921793e-03, elapsed = 160.6 sec
[TwinWall] projected 3 node(s)
Step =   1273: nodes = 2531, dt = 2.752246e-10, strain = 1.923169e-03, elapsed = 160.7 sec
[TwinWall] projected 2 node(s)
Step =   1274: nodes = 2530, dt = 3.302695e-10, strain = 1.924821e-03, elapsed = 160.8 sec
[TwinWall] projected 2 node(s)
Step =   1275: nodes = 2530, dt = 1.981617e-10, strain = 1.925812e-03, elapsed = 161.0 sec
[TwinWall] projected 2 node(s)
Step =   1276: nodes = 2531, dt = 1.981617e-10, strain = 1.926802e-03, elapsed = 161.1 sec
[TwinWall] projected 2 node(s)
Step =   1277: nodes = 2530, dt = 2.377940e-10, strain = 1.927991e-03, elapsed = 161.2 sec
[TwinWall] projected 2 node(s)
Step =   1278: nodes = 2528, dt = 2.853528e-10, strain = 1.929418e-03, elapsed = 161.3 sec
[TwinWall] projected 2 node(s)
Step =   1279: nodes = 2526, dt = 3.424234e-10, strain = 1.931130e-03, elapsed = 161.4 sec
[TwinWall] projected 2 node(s)
Step =   1280: nodes = 2526, dt = 4.109081e-10, strain = 1.933185e-03, elapsed = 161.6 sec
[TwinWall] projected 2 node(s)
Step =   1281: nodes = 2529, dt = 2.465448e-10, strain = 1.934418e-03, elapsed = 161.7 sec
[TwinWall] projected 2 node(s)
Step =   1282: nodes = 2529, dt = 2.465448e-10, strain = 1.935650e-03, elapsed = 161.8 sec
[TwinWall] projected 2 node(s)
Step =   1283: nodes = 2528, dt = 2.958538e-10, strain = 1.937130e-03, elapsed = 161.9 sec
[TwinWall] projected 2 node(s)
Step =   1284: nodes = 2526, dt = 3.550246e-10, strain = 1.938905e-03, elapsed = 162.1 sec
[TwinWall] projected 2 node(s)
Step =   1285: nodes = 2526, dt = 4.260295e-10, strain = 1.941035e-03, elapsed = 162.2 sec
[TwinWall] projected 2 node(s)
Step =   1286: nodes = 2528, dt = 2.556177e-10, strain = 1.942313e-03, elapsed = 162.4 sec
[TwinWall] projected 3 node(s)
Step =   1287: nodes = 2528, dt = 2.556177e-10, strain = 1.943591e-03, elapsed = 162.5 sec
[TwinWall] projected 4 node(s)
Step =   1288: nodes = 2529, dt = 3.067412e-10, strain = 1.945125e-03, elapsed = 162.6 sec
[TwinWall] projected 4 node(s)
Step =   1289: nodes = 2527, dt = 3.680895e-10, strain = 1.946965e-03, elapsed = 162.7 sec
[TwinWall] projected 2 node(s)
Step =   1290: nodes = 2527, dt = 2.208537e-10, strain = 1.948069e-03, elapsed = 162.8 sec
[TwinWall] projected 3 node(s)
Step =   1291: nodes = 2526, dt = 2.208537e-10, strain = 1.949174e-03, elapsed = 163.0 sec
[TwinWall] projected 3 node(s)
Step =   1292: nodes = 2525, dt = 2.650244e-10, strain = 1.950499e-03, elapsed = 163.1 sec
[TwinWall] projected 3 node(s)
Step =   1293: nodes = 2526, dt = 3.180293e-10, strain = 1.952089e-03, elapsed = 163.2 sec
[TwinWall] projected 3 node(s)
Step =   1294: nodes = 2526, dt = 1.908176e-10, strain = 1.953043e-03, elapsed = 163.4 sec
[TwinWall] projected 3 node(s)
Step =   1295: nodes = 2525, dt = 1.908176e-10, strain = 1.953997e-03, elapsed = 163.5 sec
[TwinWall] projected 3 node(s)
Step =   1296: nodes = 2524, dt = 2.289811e-10, strain = 1.955142e-03, elapsed = 163.6 sec
[TwinWall] projected 3 node(s)
Step =   1297: nodes = 2527, dt = 2.747773e-10, strain = 1.956516e-03, elapsed = 163.7 sec
[TwinWall] projected 3 node(s)
Step =   1298: nodes = 2532, dt = 3.297328e-10, strain = 1.958165e-03, elapsed = 163.8 sec
[TwinWall] projected 3 node(s)
Step =   1299: nodes = 2530, dt = 3.956793e-10, strain = 1.960143e-03, elapsed = 163.9 sec
[TwinWall] projected 3 node(s)
Step =   1300: nodes = 2532, dt = 2.374076e-10, strain = 1.961330e-03, elapsed = 164.1 sec
Writing configuration in legacy data format
 Output file: /data/home/dg000246b/openDIS/HomeWork/output_Cu_twin_rorient/config.1300.data
Writing restart file
 Restart file: /data/home/dg000246b/openDIS/HomeWork/output_Cu_twin_rorient/restart.1300.exadis
[TwinWall] projected 3 node(s)
Step =   1301: nodes = 2533, dt = 2.374076e-10, strain = 1.962517e-03, elapsed = 164.2 sec
[TwinWall] projected 3 node(s)
Step =   1302: nodes = 2529, dt = 2.848891e-10, strain = 1.963941e-03, elapsed = 164.4 sec
[TwinWall] projected 3 node(s)
Step =   1303: nodes = 2528, dt = 3.418669e-10, strain = 1.965651e-03, elapsed = 164.5 sec
[TwinWall] projected 1 node(s)
Step =   1304: nodes = 2529, dt = 2.051202e-10, strain = 1.966676e-03, elapsed = 164.6 sec
[TwinWall] projected 2 node(s)
Step =   1305: nodes = 2526, dt = 2.051202e-10, strain = 1.967702e-03, elapsed = 164.7 sec
[TwinWall] projected 2 node(s)
Step =   1306: nodes = 2529, dt = 2.461442e-10, strain = 1.968933e-03, elapsed = 164.8 sec
[TwinWall] projected 2 node(s)
Step =   1307: nodes = 2529, dt = 2.953730e-10, strain = 1.970410e-03, elapsed = 165.0 sec
[TwinWall] projected 2 node(s)
Step =   1308: nodes = 2528, dt = 3.544476e-10, strain = 1.972182e-03, elapsed = 165.1 sec
[TwinWall] projected 2 node(s)
Step =   1309: nodes = 2528, dt = 2.126686e-10, strain = 1.973245e-03, elapsed = 165.3 sec
[TwinWall] projected 2 node(s)
Step =   1310: nodes = 2530, dt = 2.126686e-10, strain = 1.974309e-03, elapsed = 165.7 sec
[TwinWall] projected 2 node(s)
Step =   1311: nodes = 2530, dt = 2.552023e-10, strain = 1.975585e-03, elapsed = 165.8 sec
[TwinWall] projected 2 node(s)
Step =   1312: nodes = 2532, dt = 3.062428e-10, strain = 1.977116e-03, elapsed = 165.9 sec
[TwinWall] projected 2 node(s)
Step =   1313: nodes = 2534, dt = 1.837457e-10, strain = 1.978034e-03, elapsed = 166.1 sec
[TwinWall] projected 2 node(s)
Step =   1314: nodes = 2535, dt = 1.837457e-10, strain = 1.978953e-03, elapsed = 166.2 sec
[TwinWall] projected 2 node(s)
Step =   1315: nodes = 2535, dt = 2.204948e-10, strain = 1.980056e-03, elapsed = 166.3 sec
[TwinWall] projected 2 node(s)
Step =   1316: nodes = 2536, dt = 2.645937e-10, strain = 1.981379e-03, elapsed = 166.4 sec
[TwinWall] projected 2 node(s)
Step =   1317: nodes = 2536, dt = 3.175125e-10, strain = 1.982966e-03, elapsed = 166.5 sec
[TwinWall] projected 2 node(s)
Step =   1318: nodes = 2532, dt = 3.810150e-10, strain = 1.984871e-03, elapsed = 166.7 sec
[TwinWall] projected 2 node(s)
Step =   1319: nodes = 2520, dt = 4.572180e-10, strain = 1.987157e-03, elapsed = 166.8 sec
[TwinWall] projected 1 node(s)
Step =   1320: nodes = 2520, dt = 1.371654e-10, strain = 1.987843e-03, elapsed = 166.9 sec
[TwinWall] projected 1 node(s)
Step =   1321: nodes = 2520, dt = 1.371654e-10, strain = 1.988529e-03, elapsed = 167.0 sec
Step =   1322: nodes = 2520, dt = 1.645985e-10, strain = 1.989352e-03, elapsed = 167.1 sec
[TwinWall] projected 2 node(s)
Step =   1323: nodes = 2519, dt = 1.975182e-10, strain = 1.990340e-03, elapsed = 167.3 sec
[TwinWall] projected 2 node(s)
Step =   1324: nodes = 2519, dt = 2.370218e-10, strain = 1.991525e-03, elapsed = 167.4 sec
[TwinWall] projected 2 node(s)
Step =   1325: nodes = 2515, dt = 2.844262e-10, strain = 1.992947e-03, elapsed = 167.5 sec
[TwinWall] projected 2 node(s)
Step =   1326: nodes = 2516, dt = 3.413114e-10, strain = 1.994653e-03, elapsed = 167.6 sec
[TwinWall] projected 2 node(s)
Step =   1327: nodes = 2520, dt = 4.095737e-10, strain = 1.996701e-03, elapsed = 167.8 sec
[TwinWall] projected 4 node(s)
Step =   1328: nodes = 2521, dt = 2.457442e-10, strain = 1.997930e-03, elapsed = 167.9 sec
[TwinWall] projected 4 node(s)
Step =   1329: nodes = 2520, dt = 2.457442e-10, strain = 1.999159e-03, elapsed = 168.0 sec
[TwinWall] projected 4 node(s)
Step =   1330: nodes = 2519, dt = 2.948931e-10, strain = 2.000633e-03, elapsed = 168.1 sec
[TwinWall] projected 4 node(s)
Step =   1331: nodes = 2515, dt = 3.538717e-10, strain = 2.002403e-03, elapsed = 168.3 sec
[TwinWall] projected 4 node(s)
Step =   1332: nodes = 2518, dt = 4.246460e-10, strain = 2.004526e-03, elapsed = 168.4 sec
[TwinWall] projected 4 node(s)
Step =   1333: nodes = 2519, dt = 2.547876e-10, strain = 2.005800e-03, elapsed = 168.5 sec
[TwinWall] projected 3 node(s)
Step =   1334: nodes = 2520, dt = 2.547876e-10, strain = 2.007074e-03, elapsed = 168.7 sec
[TwinWall] projected 4 node(s)
Step =   1335: nodes = 2523, dt = 3.057451e-10, strain = 2.008602e-03, elapsed = 168.8 sec
[TwinWall] projected 4 node(s)
Step =   1336: nodes = 2523, dt = 1.834471e-10, strain = 2.009520e-03, elapsed = 168.9 sec
[TwinWall] projected 3 node(s)
Step =   1337: nodes = 2525, dt = 1.834471e-10, strain = 2.010437e-03, elapsed = 169.0 sec
[TwinWall] projected 4 node(s)
Step =   1338: nodes = 2528, dt = 2.201365e-10, strain = 2.011538e-03, elapsed = 169.1 sec
[TwinWall] projected 4 node(s)
Step =   1339: nodes = 2530, dt = 2.641638e-10, strain = 2.012858e-03, elapsed = 169.3 sec
[TwinWall] projected 4 node(s)
Step =   1340: nodes = 2529, dt = 3.169965e-10, strain = 2.014443e-03, elapsed = 169.4 sec
[TwinWall] projected 4 node(s)
Step =   1341: nodes = 2522, dt = 3.803958e-10, strain = 2.016345e-03, elapsed = 169.5 sec
[TwinWall] projected 4 node(s)
Step =   1342: nodes = 2522, dt = 2.282375e-10, strain = 2.017487e-03, elapsed = 169.6 sec
[TwinWall] projected 4 node(s)
Step =   1343: nodes = 2525, dt = 2.282375e-10, strain = 2.018628e-03, elapsed = 169.7 sec
[TwinWall] projected 4 node(s)
Step =   1344: nodes = 2527, dt = 2.738850e-10, strain = 2.019997e-03, elapsed = 169.8 sec
[TwinWall] projected 4 node(s)
Step =   1345: nodes = 2527, dt = 3.286620e-10, strain = 2.021640e-03, elapsed = 170.0 sec
[TwinWall] projected 4 node(s)
Step =   1346: nodes = 2529, dt = 1.971972e-10, strain = 2.022626e-03, elapsed = 170.1 sec
[TwinWall] projected 4 node(s)
Step =   1347: nodes = 2532, dt = 1.971972e-10, strain = 2.023612e-03, elapsed = 170.2 sec
[TwinWall] projected 4 node(s)
Step =   1348: nodes = 2534, dt = 2.366366e-10, strain = 2.024796e-03, elapsed = 170.3 sec
[TwinWall] projected 3 node(s)
Step =   1349: nodes = 2534, dt = 2.839640e-10, strain = 2.026215e-03, elapsed = 170.4 sec
[TwinWall] projected 3 node(s)
Step =   1350: nodes = 2533, dt = 3.407568e-10, strain = 2.027919e-03, elapsed = 170.6 sec
[TwinWall] projected 2 node(s)
Step =   1351: nodes = 2535, dt = 2.044541e-10, strain = 2.028941e-03, elapsed = 170.7 sec
[TwinWall] projected 1 node(s)
Step =   1352: nodes = 2535, dt = 2.044541e-10, strain = 2.029964e-03, elapsed = 170.8 sec
[TwinWall] projected 3 node(s)
Step =   1353: nodes = 2534, dt = 2.453449e-10, strain = 2.031190e-03, elapsed = 170.9 sec
[TwinWall] projected 3 node(s)
Step =   1354: nodes = 2535, dt = 2.944139e-10, strain = 2.032663e-03, elapsed = 171.0 sec
[TwinWall] projected 3 node(s)
Step =   1355: nodes = 2535, dt = 3.532966e-10, strain = 2.034429e-03, elapsed = 171.1 sec
[TwinWall] projected 3 node(s)
Step =   1356: nodes = 2537, dt = 2.119780e-10, strain = 2.035489e-03, elapsed = 171.3 sec
[TwinWall] projected 3 node(s)
Step =   1357: nodes = 2539, dt = 2.119780e-10, strain = 2.036549e-03, elapsed = 171.4 sec
[TwinWall] projected 3 node(s)
Step =   1358: nodes = 2540, dt = 2.543736e-10, strain = 2.037821e-03, elapsed = 171.5 sec
[TwinWall] projected 3 node(s)
Step =   1359: nodes = 2538, dt = 3.052483e-10, strain = 2.039347e-03, elapsed = 171.6 sec
[TwinWall] projected 2 node(s)
Step =   1360: nodes = 2535, dt = 3.662979e-10, strain = 2.041178e-03, elapsed = 171.8 sec
[TwinWall] projected 3 node(s)
Step =   1361: nodes = 2534, dt = 2.197788e-10, strain = 2.042277e-03, elapsed = 171.9 sec
[TwinWall] projected 2 node(s)
Step =   1362: nodes = 2535, dt = 2.197788e-10, strain = 2.043376e-03, elapsed = 172.0 sec
[TwinWall] projected 3 node(s)
Step =   1363: nodes = 2535, dt = 2.637345e-10, strain = 2.044695e-03, elapsed = 172.1 sec
[TwinWall] projected 3 node(s)
Step =   1364: nodes = 2533, dt = 3.164814e-10, strain = 2.046277e-03, elapsed = 172.2 sec
[TwinWall] projected 2 node(s)
Step =   1365: nodes = 2535, dt = 3.797777e-10, strain = 2.048176e-03, elapsed = 172.3 sec
[TwinWall] projected 2 node(s)
Step =   1366: nodes = 2539, dt = 2.278666e-10, strain = 2.049315e-03, elapsed = 172.5 sec
[TwinWall] projected 3 node(s)
Step =   1367: nodes = 2539, dt = 2.278666e-10, strain = 2.050455e-03, elapsed = 172.6 sec
[TwinWall] projected 3 node(s)
Step =   1368: nodes = 2541, dt = 2.734399e-10, strain = 2.051822e-03, elapsed = 172.7 sec
[TwinWall] projected 3 node(s)
Step =   1369: nodes = 2539, dt = 3.281279e-10, strain = 2.053463e-03, elapsed = 172.8 sec
[TwinWall] projected 3 node(s)
Step =   1370: nodes = 2540, dt = 1.968768e-10, strain = 2.054447e-03, elapsed = 173.0 sec
Step =   1371: nodes = 2542, dt = 1.968768e-10, strain = 2.055431e-03, elapsed = 173.1 sec
[TwinWall] projected 1 node(s)
Step =   1372: nodes = 2544, dt = 2.362521e-10, strain = 2.056613e-03, elapsed = 173.2 sec
[TwinWall] projected 2 node(s)
Step =   1373: nodes = 2545, dt = 2.835025e-10, strain = 2.058030e-03, elapsed = 173.3 sec
[TwinWall] projected 3 node(s)
Step =   1374: nodes = 2541, dt = 3.402030e-10, strain = 2.059731e-03, elapsed = 173.4 sec
[TwinWall] projected 3 node(s)
Step =   1375: nodes = 2541, dt = 4.082437e-10, strain = 2.061772e-03, elapsed = 173.5 sec
[TwinWall] projected 3 node(s)
Step =   1376: nodes = 2542, dt = 1.224731e-10, strain = 2.062385e-03, elapsed = 173.7 sec
[TwinWall] projected 3 node(s)
Step =   1377: nodes = 2542, dt = 1.224731e-10, strain = 2.062997e-03, elapsed = 173.8 sec
[TwinWall] projected 3 node(s)
Step =   1378: nodes = 2541, dt = 1.469677e-10, strain = 2.063732e-03, elapsed = 173.9 sec
[TwinWall] projected 3 node(s)
Step =   1379: nodes = 2545, dt = 1.763613e-10, strain = 2.064614e-03, elapsed = 174.0 sec
[TwinWall] projected 2 node(s)
Step =   1380: nodes = 2549, dt = 2.116335e-10, strain = 2.065672e-03, elapsed = 174.1 sec
[TwinWall] projected 2 node(s)
Step =   1381: nodes = 2554, dt = 2.539602e-10, strain = 2.066942e-03, elapsed = 174.2 sec
[TwinWall] projected 3 node(s)
Step =   1382: nodes = 2551, dt = 3.047523e-10, strain = 2.068466e-03, elapsed = 174.3 sec
[TwinWall] projected 3 node(s)
Step =   1383: nodes = 2555, dt = 3.657027e-10, strain = 2.070294e-03, elapsed = 174.5 sec
[TwinWall] projected 3 node(s)
Step =   1384: nodes = 2557, dt = 2.194216e-10, strain = 2.071391e-03, elapsed = 174.6 sec
[TwinWall] projected 2 node(s)
Step =   1385: nodes = 2557, dt = 2.194216e-10, strain = 2.072488e-03, elapsed = 174.7 sec
[TwinWall] projected 3 node(s)
Step =   1386: nodes = 2557, dt = 2.633059e-10, strain = 2.073805e-03, elapsed = 174.8 sec
[TwinWall] projected 3 node(s)
Step =   1387: nodes = 2558, dt = 3.159671e-10, strain = 2.075385e-03, elapsed = 175.0 sec
[TwinWall] projected 2 node(s)
Step =   1388: nodes = 2555, dt = 3.791606e-10, strain = 2.077280e-03, elapsed = 175.1 sec
[TwinWall] projected 3 node(s)
Step =   1389: nodes = 2555, dt = 2.274963e-10, strain = 2.078418e-03, elapsed = 175.2 sec
[TwinWall] projected 4 node(s)
Step =   1390: nodes = 2558, dt = 2.274963e-10, strain = 2.079555e-03, elapsed = 175.3 sec
[TwinWall] projected 4 node(s)
Step =   1391: nodes = 2559, dt = 1.364978e-10, strain = 2.080238e-03, elapsed = 175.4 sec
[TwinWall] projected 4 node(s)
Step =   1392: nodes = 2559, dt = 1.364978e-10, strain = 2.080920e-03, elapsed = 175.5 sec
[TwinWall] projected 4 node(s)
Step =   1393: nodes = 2560, dt = 1.637974e-10, strain = 2.081739e-03, elapsed = 175.6 sec
[TwinWall] projected 4 node(s)
Step =   1394: nodes = 2564, dt = 1.965568e-10, strain = 2.082722e-03, elapsed = 175.8 sec
[TwinWall] projected 3 node(s)
Step =   1395: nodes = 2566, dt = 2.358682e-10, strain = 2.083901e-03, elapsed = 175.9 sec
[TwinWall] projected 2 node(s)
Step =   1396: nodes = 2567, dt = 1.415209e-10, strain = 2.084609e-03, elapsed = 176.0 sec
[TwinWall] projected 3 node(s)
Step =   1397: nodes = 2566, dt = 1.415209e-10, strain = 2.085317e-03, elapsed = 176.1 sec
[TwinWall] projected 3 node(s)
Step =   1398: nodes = 2568, dt = 1.698251e-10, strain = 2.086166e-03, elapsed = 176.2 sec
[TwinWall] projected 3 node(s)
Step =   1399: nodes = 2569, dt = 2.037901e-10, strain = 2.087185e-03, elapsed = 176.3 sec
[TwinWall] projected 3 node(s)
Step =   1400: nodes = 2573, dt = 2.445482e-10, strain = 2.088408e-03, elapsed = 176.4 sec
Writing configuration in legacy data format
 Output file: /data/home/dg000246b/openDIS/HomeWork/output_Cu_twin_rorient/config.1400.data
Writing restart file
 Restart file: /data/home/dg000246b/openDIS/HomeWork/output_Cu_twin_rorient/restart.1400.exadis
[TwinWall] projected 3 node(s)
Step =   1401: nodes = 2571, dt = 2.934578e-10, strain = 2.089875e-03, elapsed = 176.6 sec
[TwinWall] projected 2 node(s)
Step =   1402: nodes = 2566, dt = 3.521493e-10, strain = 2.091636e-03, elapsed = 176.7 sec
[TwinWall] projected 3 node(s)
Step =   1403: nodes = 2566, dt = 2.112896e-10, strain = 2.092692e-03, elapsed = 176.8 sec
[TwinWall] projected 2 node(s)
Step =   1404: nodes = 2567, dt = 2.112896e-10, strain = 2.093748e-03, elapsed = 176.9 sec
[TwinWall] projected 2 node(s)
Step =   1405: nodes = 2566, dt = 2.535475e-10, strain = 2.095016e-03, elapsed = 177.1 sec
[TwinWall] projected 2 node(s)
Step =   1406: nodes = 2568, dt = 3.042570e-10, strain = 2.096537e-03, elapsed = 177.2 sec
[TwinWall] projected 2 node(s)
Step =   1407: nodes = 2569, dt = 1.825542e-10, strain = 2.097450e-03, elapsed = 177.3 sec
[TwinWall] projected 1 node(s)
Step =   1408: nodes = 2569, dt = 1.825542e-10, strain = 2.098363e-03, elapsed = 177.4 sec
[TwinWall] projected 3 node(s)
Step =   1409: nodes = 2569, dt = 2.190651e-10, strain = 2.099458e-03, elapsed = 177.5 sec
[TwinWall] projected 2 node(s)
Step =   1410: nodes = 2570, dt = 2.628781e-10, strain = 2.100773e-03, elapsed = 177.7 sec
[TwinWall] projected 2 node(s)
Step =   1411: nodes = 2573, dt = 3.154537e-10, strain = 2.102350e-03, elapsed = 177.8 sec
[TwinWall] projected 3 node(s)
Step =   1412: nodes = 2572, dt = 1.892722e-10, strain = 2.103296e-03, elapsed = 177.9 sec
[TwinWall] projected 3 node(s)
Step =   1413: nodes = 2574, dt = 1.892722e-10, strain = 2.104243e-03, elapsed = 178.0 sec
[TwinWall] projected 3 node(s)
Step =   1414: nodes = 2574, dt = 2.271267e-10, strain = 2.105378e-03, elapsed = 178.1 sec
[TwinWall] projected 3 node(s)
Step =   1415: nodes = 2576, dt = 2.725520e-10, strain = 2.106741e-03, elapsed = 178.3 sec
[TwinWall] projected 2 node(s)
Step =   1416: nodes = 2576, dt = 3.270624e-10, strain = 2.108376e-03, elapsed = 178.4 sec
[TwinWall] projected 3 node(s)
Step =   1417: nodes = 2576, dt = 1.962374e-10, strain = 2.109358e-03, elapsed = 178.5 sec
[TwinWall] projected 3 node(s)
Step =   1418: nodes = 2576, dt = 1.962374e-10, strain = 2.110339e-03, elapsed = 178.6 sec
[TwinWall] projected 2 node(s)
Step =   1419: nodes = 2575, dt = 2.354849e-10, strain = 2.111516e-03, elapsed = 178.7 sec
[TwinWall] projected 2 node(s)
Step =   1420: nodes = 2576, dt = 2.825819e-10, strain = 2.112929e-03, elapsed = 178.9 sec
[TwinWall] projected 2 node(s)
Step =   1421: nodes = 2574, dt = 3.390983e-10, strain = 2.114625e-03, elapsed = 179.0 sec
[TwinWall] projected 2 node(s)
Step =   1422: nodes = 2574, dt = 2.034590e-10, strain = 2.115642e-03, elapsed = 179.1 sec
[TwinWall] projected 2 node(s)
Step =   1423: nodes = 2572, dt = 2.034590e-10, strain = 2.116659e-03, elapsed = 179.2 sec
[TwinWall] projected 3 node(s)
Step =   1424: nodes = 2572, dt = 2.441508e-10, strain = 2.117880e-03, elapsed = 179.3 sec
[TwinWall] projected 3 node(s)
Step =   1425: nodes = 2568, dt = 2.929809e-10, strain = 2.119345e-03, elapsed = 179.5 sec
[TwinWall] projected 2 node(s)
Step =   1426: nodes = 2571, dt = 1.757885e-10, strain = 2.120224e-03, elapsed = 179.6 sec
[TwinWall] projected 2 node(s)
Step =   1427: nodes = 2571, dt = 1.757885e-10, strain = 2.121103e-03, elapsed = 179.7 sec
[TwinWall] projected 2 node(s)
Step =   1428: nodes = 2572, dt = 2.109463e-10, strain = 2.122157e-03, elapsed = 179.8 sec
[TwinWall] projected 1 node(s)
Step =   1429: nodes = 2572, dt = 2.531355e-10, strain = 2.123423e-03, elapsed = 179.9 sec
[TwinWall] projected 2 node(s)
Step =   1430: nodes = 2571, dt = 3.037626e-10, strain = 2.124942e-03, elapsed = 180.0 sec
[TwinWall] projected 2 node(s)
Step =   1431: nodes = 2575, dt = 1.822576e-10, strain = 2.125853e-03, elapsed = 180.2 sec
[TwinWall] projected 1 node(s)
Step =   1432: nodes = 2577, dt = 1.822576e-10, strain = 2.126765e-03, elapsed = 180.3 sec
[TwinWall] projected 3 node(s)
Step =   1433: nodes = 2580, dt = 2.187091e-10, strain = 2.127858e-03, elapsed = 180.4 sec
[TwinWall] projected 3 node(s)
Step =   1434: nodes = 2580, dt = 2.624509e-10, strain = 2.129170e-03, elapsed = 180.5 sec
[TwinWall] projected 3 node(s)
Step =   1435: nodes = 2578, dt = 3.149411e-10, strain = 2.130745e-03, elapsed = 180.6 sec
[TwinWall] projected 3 node(s)
Step =   1436: nodes = 2574, dt = 3.779293e-10, strain = 2.132635e-03, elapsed = 180.7 sec
[TwinWall] projected 3 node(s)
Step =   1437: nodes = 2575, dt = 2.267576e-10, strain = 2.133768e-03, elapsed = 180.9 sec
[TwinWall] projected 4 node(s)
Step =   1438: nodes = 2577, dt = 2.267576e-10, strain = 2.134902e-03, elapsed = 181.0 sec
[TwinWall] projected 4 node(s)
Step =   1439: nodes = 2579, dt = 2.721091e-10, strain = 2.136263e-03, elapsed = 181.1 sec
[TwinWall] projected 4 node(s)
Step =   1440: nodes = 2581, dt = 3.265309e-10, strain = 2.137895e-03, elapsed = 181.2 sec
[TwinWall] projected 2 node(s)
Step =   1441: nodes = 2580, dt = 3.918371e-10, strain = 2.139855e-03, elapsed = 181.4 sec
[TwinWall] projected 2 node(s)
Step =   1442: nodes = 2581, dt = 2.351023e-10, strain = 2.141030e-03, elapsed = 181.5 sec
[TwinWall] projected 2 node(s)
Step =   1443: nodes = 2581, dt = 2.351023e-10, strain = 2.142206e-03, elapsed = 181.6 sec
[TwinWall] projected 2 node(s)
Step =   1444: nodes = 2580, dt = 2.821227e-10, strain = 2.143616e-03, elapsed = 181.7 sec
[TwinWall] projected 2 node(s)
Step =   1445: nodes = 2576, dt = 3.385472e-10, strain = 2.145309e-03, elapsed = 181.8 sec
[TwinWall] projected 2 node(s)
Step =   1446: nodes = 2576, dt = 2.031283e-10, strain = 2.146325e-03, elapsed = 182.0 sec
[TwinWall] projected 2 node(s)
Step =   1447: nodes = 2576, dt = 2.031283e-10, strain = 2.147340e-03, elapsed = 182.1 sec
[TwinWall] projected 2 node(s)
Step =   1448: nodes = 2575, dt = 2.437540e-10, strain = 2.148559e-03, elapsed = 182.2 sec
[TwinWall] projected 3 node(s)
Step =   1449: nodes = 2574, dt = 2.925048e-10, strain = 2.150022e-03, elapsed = 182.3 sec
[TwinWall] projected 3 node(s)
Step =   1450: nodes = 2575, dt = 1.755029e-10, strain = 2.150899e-03, elapsed = 182.5 sec
[TwinWall] projected 3 node(s)
Step =   1451: nodes = 2576, dt = 1.755029e-10, strain = 2.151777e-03, elapsed = 182.6 sec
[TwinWall] projected 3 node(s)
Step =   1452: nodes = 2577, dt = 2.106035e-10, strain = 2.152830e-03, elapsed = 182.7 sec
[TwinWall] projected 3 node(s)
Step =   1453: nodes = 2576, dt = 2.527242e-10, strain = 2.154093e-03, elapsed = 182.8 sec
[TwinWall] projected 3 node(s)
Step =   1454: nodes = 2575, dt = 3.032690e-10, strain = 2.155610e-03, elapsed = 182.9 sec
[TwinWall] projected 3 node(s)
Step =   1455: nodes = 2574, dt = 1.819614e-10, strain = 2.156519e-03, elapsed = 183.0 sec
[TwinWall] projected 3 node(s)
Step =   1456: nodes = 2575, dt = 1.819614e-10, strain = 2.157429e-03, elapsed = 183.2 sec
[TwinWall] projected 3 node(s)
Step =   1457: nodes = 2575, dt = 2.183537e-10, strain = 2.158521e-03, elapsed = 183.3 sec
[TwinWall] projected 3 node(s)
Step =   1458: nodes = 2572, dt = 2.620244e-10, strain = 2.159831e-03, elapsed = 183.4 sec
[TwinWall] projected 3 node(s)
Step =   1459: nodes = 2571, dt = 1.572146e-10, strain = 2.160617e-03, elapsed = 183.5 sec
[TwinWall] projected 3 node(s)
Step =   1460: nodes = 2571, dt = 1.572146e-10, strain = 2.161403e-03, elapsed = 183.6 sec
[TwinWall] projected 2 node(s)
Step =   1461: nodes = 2572, dt = 1.886576e-10, strain = 2.162347e-03, elapsed = 183.7 sec
[TwinWall] projected 3 node(s)
Step =   1462: nodes = 2573, dt = 2.263891e-10, strain = 2.163479e-03, elapsed = 183.8 sec
[TwinWall] projected 3 node(s)
Step =   1463: nodes = 2573, dt = 2.716669e-10, strain = 2.164837e-03, elapsed = 184.0 sec
[TwinWall] projected 3 node(s)
Step =   1464: nodes = 2570, dt = 3.260003e-10, strain = 2.166467e-03, elapsed = 184.1 sec
[TwinWall] projected 3 node(s)
Step =   1465: nodes = 2566, dt = 3.912004e-10, strain = 2.168423e-03, elapsed = 184.2 sec
[TwinWall] projected 3 node(s)
Step =   1466: nodes = 2564, dt = 2.347202e-10, strain = 2.169596e-03, elapsed = 184.3 sec
[TwinWall] projected 3 node(s)
Step =   1467: nodes = 2567, dt = 2.347202e-10, strain = 2.170770e-03, elapsed = 184.5 sec
[TwinWall] projected 3 node(s)
Step =   1468: nodes = 2567, dt = 2.816643e-10, strain = 2.172178e-03, elapsed = 184.6 sec
[TwinWall] projected 3 node(s)
Step =   1469: nodes = 2568, dt = 1.689986e-10, strain = 2.173023e-03, elapsed = 184.7 sec
[TwinWall] projected 3 node(s)
Step =   1470: nodes = 2569, dt = 1.689986e-10, strain = 2.173868e-03, elapsed = 184.8 sec
[TwinWall] projected 3 node(s)
Step =   1471: nodes = 2566, dt = 2.027983e-10, strain = 2.174882e-03, elapsed = 184.9 sec
[TwinWall] projected 3 node(s)
Step =   1472: nodes = 2567, dt = 2.433579e-10, strain = 2.176099e-03, elapsed = 185.0 sec
[TwinWall] projected 3 node(s)
Step =   1473: nodes = 2567, dt = 1.460147e-10, strain = 2.176829e-03, elapsed = 185.2 sec
[TwinWall] projected 3 node(s)
Step =   1474: nodes = 2567, dt = 1.460147e-10, strain = 2.177559e-03, elapsed = 185.3 sec
[TwinWall] projected 3 node(s)
Step =   1475: nodes = 2568, dt = 1.752177e-10, strain = 2.178435e-03, elapsed = 185.4 sec
[TwinWall] projected 3 node(s)
Step =   1476: nodes = 2569, dt = 2.102612e-10, strain = 2.179487e-03, elapsed = 185.5 sec
[TwinWall] projected 4 node(s)
Step =   1477: nodes = 2571, dt = 2.523135e-10, strain = 2.180748e-03, elapsed = 185.6 sec
[TwinWall] projected 4 node(s)
Step =   1478: nodes = 2571, dt = 3.027762e-10, strain = 2.182262e-03, elapsed = 185.7 sec
[TwinWall] projected 2 node(s)
Step =   1479: nodes = 2574, dt = 1.816657e-10, strain = 2.183170e-03, elapsed = 185.9 sec
[TwinWall] projected 4 node(s)
Step =   1480: nodes = 2575, dt = 1.816657e-10, strain = 2.184079e-03, elapsed = 186.0 sec
[TwinWall] projected 4 node(s)
Step =   1481: nodes = 2574, dt = 2.179989e-10, strain = 2.185169e-03, elapsed = 186.1 sec
[TwinWall] projected 4 node(s)
Step =   1482: nodes = 2576, dt = 2.615986e-10, strain = 2.186477e-03, elapsed = 186.2 sec
[TwinWall] projected 4 node(s)
Step =   1483: nodes = 2577, dt = 1.569592e-10, strain = 2.187262e-03, elapsed = 186.3 sec
[TwinWall] projected 4 node(s)
Step =   1484: nodes = 2578, dt = 1.569592e-10, strain = 2.188046e-03, elapsed = 186.4 sec
[TwinWall] projected 4 node(s)
Step =   1485: nodes = 2578, dt = 1.883510e-10, strain = 2.188988e-03, elapsed = 186.5 sec
[TwinWall] projected 4 node(s)
Step =   1486: nodes = 2579, dt = 2.260212e-10, strain = 2.190118e-03, elapsed = 186.7 sec
[TwinWall] projected 4 node(s)
Step =   1487: nodes = 2578, dt = 2.712255e-10, strain = 2.191474e-03, elapsed = 186.8 sec
[TwinWall] projected 4 node(s)
Step =   1488: nodes = 2572, dt = 3.254705e-10, strain = 2.193102e-03, elapsed = 186.9 sec
[TwinWall] projected 4 node(s)
Step =   1489: nodes = 2572, dt = 1.952823e-10, strain = 2.194078e-03, elapsed = 187.0 sec
[TwinWall] projected 1 node(s)
Step =   1490: nodes = 2573, dt = 1.952823e-10, strain = 2.195055e-03, elapsed = 187.1 sec
[TwinWall] projected 3 node(s)
Step =   1491: nodes = 2573, dt = 2.343388e-10, strain = 2.196226e-03, elapsed = 187.3 sec
[TwinWall] projected 2 node(s)
Step =   1492: nodes = 2570, dt = 2.812065e-10, strain = 2.197632e-03, elapsed = 187.4 sec
[TwinWall] projected 2 node(s)
Step =   1493: nodes = 2569, dt = 1.687239e-10, strain = 2.198476e-03, elapsed = 187.5 sec
[TwinWall] projected 3 node(s)
Step =   1494: nodes = 2568, dt = 1.687239e-10, strain = 2.199319e-03, elapsed = 187.6 sec
[TwinWall] projected 3 node(s)
Step =   1495: nodes = 2574, dt = 2.024687e-10, strain = 2.200332e-03, elapsed = 187.7 sec
[TwinWall] projected 3 node(s)
Step =   1496: nodes = 2574, dt = 2.429625e-10, strain = 2.201547e-03, elapsed = 187.8 sec
[TwinWall] projected 2 node(s)
Step =   1497: nodes = 2573, dt = 2.915550e-10, strain = 2.203004e-03, elapsed = 188.0 sec
[TwinWall] projected 2 node(s)
Step =   1498: nodes = 2570, dt = 3.498659e-10, strain = 2.204754e-03, elapsed = 188.1 sec
[TwinWall] projected 2 node(s)
Step =   1499: nodes = 2571, dt = 2.099196e-10, strain = 2.205803e-03, elapsed = 188.2 sec
[TwinWall] projected 2 node(s)
Step =   1500: nodes = 2569, dt = 2.099196e-10, strain = 2.206853e-03, elapsed = 188.4 sec
Writing configuration in legacy data format
 Output file: /data/home/dg000246b/openDIS/HomeWork/output_Cu_twin_rorient/config.1500.data
Writing restart file
 Restart file: /data/home/dg000246b/openDIS/HomeWork/output_Cu_twin_rorient/restart.1500.exadis
[TwinWall] projected 2 node(s)
Step =   1501: nodes = 2568, dt = 2.519035e-10, strain = 2.208112e-03, elapsed = 188.5 sec
[TwinWall] projected 2 node(s)
Step =   1502: nodes = 2566, dt = 3.022842e-10, strain = 2.209624e-03, elapsed = 188.6 sec
[TwinWall] projected 2 node(s)
Step =   1503: nodes = 2566, dt = 1.813705e-10, strain = 2.210531e-03, elapsed = 188.7 sec
[TwinWall] projected 2 node(s)
Step =   1504: nodes = 2569, dt = 1.813705e-10, strain = 2.211438e-03, elapsed = 188.8 sec
[TwinWall] projected 2 node(s)
Step =   1505: nodes = 2573, dt = 2.176446e-10, strain = 2.212526e-03, elapsed = 188.9 sec
[TwinWall] projected 3 node(s)
Step =   1506: nodes = 2576, dt = 2.611735e-10, strain = 2.213832e-03, elapsed = 189.1 sec
[TwinWall] projected 3 node(s)
Step =   1507: nodes = 2575, dt = 3.134082e-10, strain = 2.215399e-03, elapsed = 189.2 sec
[TwinWall] projected 3 node(s)
Step =   1508: nodes = 2576, dt = 1.880449e-10, strain = 2.216339e-03, elapsed = 189.3 sec
[TwinWall] projected 2 node(s)
Step =   1509: nodes = 2576, dt = 1.880449e-10, strain = 2.217279e-03, elapsed = 189.4 sec
[TwinWall] projected 3 node(s)
Step =   1510: nodes = 2575, dt = 2.256539e-10, strain = 2.218407e-03, elapsed = 189.5 sec
[TwinWall] projected 3 node(s)
Step =   1511: nodes = 2572, dt = 2.707847e-10, strain = 2.219761e-03, elapsed = 189.7 sec
[TwinWall] projected 3 node(s)
Step =   1512: nodes = 2575, dt = 1.624708e-10, strain = 2.220574e-03, elapsed = 189.8 sec
[TwinWall] projected 3 node(s)
Step =   1513: nodes = 2575, dt = 1.624708e-10, strain = 2.221386e-03, elapsed = 189.9 sec
[TwinWall] projected 3 node(s)
Step =   1514: nodes = 2577, dt = 1.949650e-10, strain = 2.222361e-03, elapsed = 190.0 sec
[TwinWall] projected 3 node(s)
Step =   1515: nodes = 2575, dt = 2.339580e-10, strain = 2.223531e-03, elapsed = 190.1 sec
[TwinWall] projected 3 node(s)
Step =   1516: nodes = 2571, dt = 2.807496e-10, strain = 2.224934e-03, elapsed = 190.2 sec
[TwinWall] projected 3 node(s)
Step =   1517: nodes = 2572, dt = 1.684498e-10, strain = 2.225777e-03, elapsed = 190.4 sec
[TwinWall] projected 3 node(s)
Step =   1518: nodes = 2572, dt = 1.684498e-10, strain = 2.226619e-03, elapsed = 190.5 sec
[TwinWall] projected 3 node(s)
Step =   1519: nodes = 2571, dt = 2.021397e-10, strain = 2.227630e-03, elapsed = 190.6 sec
[TwinWall] projected 3 node(s)
Step =   1520: nodes = 2568, dt = 2.425676e-10, strain = 2.228842e-03, elapsed = 190.7 sec
[TwinWall] projected 3 node(s)
Step =   1521: nodes = 2560, dt = 2.910812e-10, strain = 2.230298e-03, elapsed = 190.8 sec
[TwinWall] projected 3 node(s)
Step =   1522: nodes = 2561, dt = 1.746487e-10, strain = 2.231171e-03, elapsed = 190.9 sec
[TwinWall] projected 3 node(s)
Step =   1523: nodes = 2561, dt = 1.746487e-10, strain = 2.232044e-03, elapsed = 191.0 sec
[TwinWall] projected 2 node(s)
Step =   1524: nodes = 2558, dt = 2.095784e-10, strain = 2.233092e-03, elapsed = 191.1 sec
[TwinWall] projected 3 node(s)
Step =   1525: nodes = 2556, dt = 2.514941e-10, strain = 2.234350e-03, elapsed = 191.3 sec
[TwinWall] projected 3 node(s)
Step =   1526: nodes = 2555, dt = 3.017930e-10, strain = 2.235859e-03, elapsed = 191.4 sec
[TwinWall] projected 3 node(s)
Step =   1527: nodes = 2556, dt = 1.810758e-10, strain = 2.236764e-03, elapsed = 191.5 sec
[TwinWall] projected 3 node(s)
Step =   1528: nodes = 2553, dt = 1.810758e-10, strain = 2.237669e-03, elapsed = 191.6 sec
[TwinWall] projected 3 node(s)
Step =   1529: nodes = 2553, dt = 2.172909e-10, strain = 2.238756e-03, elapsed = 191.7 sec
[TwinWall] projected 3 node(s)
Step =   1530: nodes = 2550, dt = 2.607491e-10, strain = 2.240060e-03, elapsed = 191.8 sec
[TwinWall] projected 3 node(s)
Step =   1531: nodes = 2546, dt = 3.128989e-10, strain = 2.241624e-03, elapsed = 192.0 sec
[TwinWall] projected 3 node(s)
Step =   1532: nodes = 2547, dt = 1.877394e-10, strain = 2.242563e-03, elapsed = 192.1 sec
[TwinWall] projected 3 node(s)
Step =   1533: nodes = 2547, dt = 1.877394e-10, strain = 2.243502e-03, elapsed = 192.2 sec
[TwinWall] projected 2 node(s)
Step =   1534: nodes = 2544, dt = 2.252872e-10, strain = 2.244628e-03, elapsed = 192.3 sec
[TwinWall] projected 2 node(s)
Step =   1535: nodes = 2542, dt = 2.703447e-10, strain = 2.245980e-03, elapsed = 192.4 sec
[TwinWall] projected 2 node(s)
Step =   1536: nodes = 2541, dt = 1.622068e-10, strain = 2.246791e-03, elapsed = 192.6 sec
[TwinWall] projected 1 node(s)
Step =   1537: nodes = 2538, dt = 1.622068e-10, strain = 2.247602e-03, elapsed = 192.7 sec
[TwinWall] projected 2 node(s)
Step =   1538: nodes = 2539, dt = 1.946482e-10, strain = 2.248575e-03, elapsed = 192.8 sec
[TwinWall] projected 3 node(s)
Step =   1539: nodes = 2540, dt = 2.335778e-10, strain = 2.249743e-03, elapsed = 192.9 sec
[TwinWall] projected 2 node(s)
Step =   1540: nodes = 2541, dt = 2.802934e-10, strain = 2.251144e-03, elapsed = 193.0 sec
[TwinWall] projected 3 node(s)
Step =   1541: nodes = 2545, dt = 1.681760e-10, strain = 2.251985e-03, elapsed = 193.1 sec
[TwinWall] projected 4 node(s)
Step =   1542: nodes = 2544, dt = 1.681760e-10, strain = 2.252826e-03, elapsed = 193.2 sec
[TwinWall] projected 3 node(s)
Step =   1543: nodes = 2547, dt = 2.018112e-10, strain = 2.253835e-03, elapsed = 193.3 sec
[TwinWall] projected 3 node(s)
Step =   1544: nodes = 2545, dt = 2.421735e-10, strain = 2.255046e-03, elapsed = 193.5 sec
[TwinWall] projected 3 node(s)
Step =   1545: nodes = 2541, dt = 2.906082e-10, strain = 2.256499e-03, elapsed = 193.6 sec
[TwinWall] projected 1 node(s)
Step =   1546: nodes = 2544, dt = 1.743649e-10, strain = 2.257371e-03, elapsed = 193.7 sec
[TwinWall] projected 2 node(s)
Step =   1547: nodes = 2544, dt = 1.743649e-10, strain = 2.258243e-03, elapsed = 193.8 sec
[TwinWall] projected 3 node(s)
Step =   1548: nodes = 2543, dt = 2.092379e-10, strain = 2.259289e-03, elapsed = 193.9 sec
[TwinWall] projected 3 node(s)
Step =   1549: nodes = 2547, dt = 2.510855e-10, strain = 2.260544e-03, elapsed = 194.0 sec
[TwinWall] projected 2 node(s)
Step =   1550: nodes = 2547, dt = 3.013025e-10, strain = 2.262051e-03, elapsed = 194.1 sec
[TwinWall] projected 1 node(s)
Step =   1551: nodes = 2547, dt = 1.807815e-10, strain = 2.262955e-03, elapsed = 194.2 sec
[TwinWall] projected 2 node(s)
Step =   1552: nodes = 2550, dt = 1.807815e-10, strain = 2.263859e-03, elapsed = 194.4 sec
[TwinWall] projected 3 node(s)
Step =   1553: nodes = 2551, dt = 2.169378e-10, strain = 2.264943e-03, elapsed = 194.5 sec
[TwinWall] projected 3 node(s)
Step =   1554: nodes = 2553, dt = 2.603254e-10, strain = 2.266245e-03, elapsed = 194.6 sec
[TwinWall] projected 3 node(s)
Step =   1555: nodes = 2558, dt = 3.123905e-10, strain = 2.267807e-03, elapsed = 194.7 sec
[TwinWall] projected 2 node(s)
Step =   1556: nodes = 2554, dt = 3.748686e-10, strain = 2.269681e-03, elapsed = 194.8 sec
[TwinWall] projected 2 node(s)
Step =   1557: nodes = 2556, dt = 2.249211e-10, strain = 2.270806e-03, elapsed = 195.2 sec
[TwinWall] projected 2 node(s)
Step =   1558: nodes = 2557, dt = 2.249211e-10, strain = 2.271931e-03, elapsed = 195.4 sec
[TwinWall] projected 2 node(s)
Step =   1559: nodes = 2559, dt = 2.699054e-10, strain = 2.273280e-03, elapsed = 195.5 sec
[TwinWall] projected 2 node(s)
Step =   1560: nodes = 2563, dt = 3.238864e-10, strain = 2.274899e-03, elapsed = 195.7 sec
[TwinWall] projected 2 node(s)
Step =   1561: nodes = 2567, dt = 1.943319e-10, strain = 2.275871e-03, elapsed = 195.8 sec
[TwinWall] projected 2 node(s)
Step =   1562: nodes = 2567, dt = 1.943319e-10, strain = 2.276843e-03, elapsed = 195.9 sec
[TwinWall] projected 2 node(s)
Step =   1563: nodes = 2568, dt = 2.331982e-10, strain = 2.278009e-03, elapsed = 196.0 sec
[TwinWall] projected 3 node(s)
Step =   1564: nodes = 2568, dt = 2.798379e-10, strain = 2.279408e-03, elapsed = 196.1 sec
[TwinWall] projected 2 node(s)
Step =   1565: nodes = 2567, dt = 1.679027e-10, strain = 2.280247e-03, elapsed = 196.2 sec
[TwinWall] projected 2 node(s)
Step =   1566: nodes = 2569, dt = 1.679027e-10, strain = 2.281087e-03, elapsed = 196.4 sec
[TwinWall] projected 2 node(s)
Step =   1567: nodes = 2571, dt = 2.014833e-10, strain = 2.282094e-03, elapsed = 196.5 sec
[TwinWall] projected 3 node(s)
Step =   1568: nodes = 2568, dt = 2.417799e-10, strain = 2.283303e-03, elapsed = 196.6 sec
[TwinWall] projected 3 node(s)
Step =   1569: nodes = 2570, dt = 1.450680e-10, strain = 2.284029e-03, elapsed = 196.7 sec
[TwinWall] projected 2 node(s)
Step =   1570: nodes = 2570, dt = 1.450680e-10, strain = 2.284754e-03, elapsed = 196.8 sec
[TwinWall] projected 3 node(s)
Step =   1571: nodes = 2571, dt = 1.740816e-10, strain = 2.285624e-03, elapsed = 196.9 sec
[TwinWall] projected 3 node(s)
Step =   1572: nodes = 2569, dt = 2.088979e-10, strain = 2.286669e-03, elapsed = 197.0 sec
[TwinWall] projected 2 node(s)
Step =   1573: nodes = 2569, dt = 2.506774e-10, strain = 2.287922e-03, elapsed = 197.1 sec
[TwinWall] projected 2 node(s)
Step =   1574: nodes = 2570, dt = 1.504065e-10, strain = 2.288674e-03, elapsed = 197.2 sec
[TwinWall] projected 2 node(s)
Step =   1575: nodes = 2570, dt = 1.504065e-10, strain = 2.289426e-03, elapsed = 197.4 sec
[TwinWall] projected 2 node(s)
Step =   1576: nodes = 2572, dt = 1.804878e-10, strain = 2.290329e-03, elapsed = 197.5 sec
[TwinWall] projected 2 node(s)
Step =   1577: nodes = 2572, dt = 2.165853e-10, strain = 2.291412e-03, elapsed = 197.6 sec
[TwinWall] projected 2 node(s)
Step =   1578: nodes = 2571, dt = 2.599024e-10, strain = 2.292711e-03, elapsed = 197.7 sec
[TwinWall] projected 2 node(s)
Step =   1579: nodes = 2571, dt = 1.559414e-10, strain = 2.293491e-03, elapsed = 197.9 sec
[TwinWall] projected 2 node(s)
Step =   1580: nodes = 2573, dt = 1.559414e-10, strain = 2.294271e-03, elapsed = 198.0 sec
[TwinWall] projected 2 node(s)
Step =   1581: nodes = 2574, dt = 1.871297e-10, strain = 2.295206e-03, elapsed = 198.1 sec
[TwinWall] projected 3 node(s)
Step =   1582: nodes = 2576, dt = 2.245556e-10, strain = 2.296329e-03, elapsed = 198.2 sec
[TwinWall] projected 2 node(s)
Step =   1583: nodes = 2575, dt = 2.694668e-10, strain = 2.297676e-03, elapsed = 198.3 sec
[TwinWall] projected 3 node(s)
Step =   1584: nodes = 2577, dt = 1.616801e-10, strain = 2.298485e-03, elapsed = 198.4 sec
[TwinWall] projected 3 node(s)
Step =   1585: nodes = 2577, dt = 1.616801e-10, strain = 2.299293e-03, elapsed = 198.5 sec
[TwinWall] projected 3 node(s)
Step =   1586: nodes = 2578, dt = 1.940161e-10, strain = 2.300263e-03, elapsed = 198.6 sec
[TwinWall] projected 3 node(s)
Step =   1587: nodes = 2580, dt = 2.328193e-10, strain = 2.301427e-03, elapsed = 198.7 sec
[TwinWall] projected 3 node(s)
Step =   1588: nodes = 2580, dt = 2.793832e-10, strain = 2.302824e-03, elapsed = 198.9 sec
[TwinWall] projected 1 node(s)
Step =   1589: nodes = 2580, dt = 1.676299e-10, strain = 2.303662e-03, elapsed = 199.0 sec
[TwinWall] projected 2 node(s)
Step =   1590: nodes = 2581, dt = 1.676299e-10, strain = 2.304501e-03, elapsed = 199.1 sec
[TwinWall] projected 3 node(s)
Step =   1591: nodes = 2580, dt = 2.011559e-10, strain = 2.305506e-03, elapsed = 199.2 sec
[TwinWall] projected 3 node(s)
Step =   1592: nodes = 2579, dt = 2.413870e-10, strain = 2.306713e-03, elapsed = 199.3 sec
[TwinWall] projected 2 node(s)
Step =   1593: nodes = 2578, dt = 2.896645e-10, strain = 2.308162e-03, elapsed = 199.4 sec
[TwinWall] projected 2 node(s)
Step =   1594: nodes = 2575, dt = 3.475973e-10, strain = 2.309900e-03, elapsed = 199.5 sec
[TwinWall] projected 2 node(s)
Step =   1595: nodes = 2575, dt = 2.085584e-10, strain = 2.310942e-03, elapsed = 199.7 sec
[TwinWall] projected 3 node(s)
Step =   1596: nodes = 2574, dt = 2.085584e-10, strain = 2.311985e-03, elapsed = 199.8 sec
[TwinWall] projected 3 node(s)
Step =   1597: nodes = 2576, dt = 2.502701e-10, strain = 2.313237e-03, elapsed = 199.9 sec
[TwinWall] projected 2 node(s)
Step =   1598: nodes = 2576, dt = 3.003241e-10, strain = 2.314738e-03, elapsed = 200.0 sec
[TwinWall] projected 1 node(s)
Step =   1599: nodes = 2576, dt = 1.801945e-10, strain = 2.315639e-03, elapsed = 200.1 sec
[TwinWall] projected 2 node(s)
Step =   1600: nodes = 2578, dt = 1.801945e-10, strain = 2.316540e-03, elapsed = 200.2 sec
Writing configuration in legacy data format
 Output file: /data/home/dg000246b/openDIS/HomeWork/output_Cu_twin_rorient/config.1600.data
Writing restart file
 Restart file: /data/home/dg000246b/openDIS/HomeWork/output_Cu_twin_rorient/restart.1600.exadis
[TwinWall] projected 2 node(s)
Step =   1601: nodes = 2578, dt = 2.162334e-10, strain = 2.317621e-03, elapsed = 200.4 sec
[TwinWall] projected 3 node(s)
Step =   1602: nodes = 2577, dt = 2.594800e-10, strain = 2.318919e-03, elapsed = 200.5 sec
[TwinWall] projected 3 node(s)
Step =   1603: nodes = 2573, dt = 3.113760e-10, strain = 2.320476e-03, elapsed = 200.6 sec
[TwinWall] projected 3 node(s)
Step =   1604: nodes = 2573, dt = 1.868256e-10, strain = 2.321410e-03, elapsed = 200.8 sec
[TwinWall] projected 3 node(s)
Step =   1605: nodes = 2572, dt = 1.868256e-10, strain = 2.322344e-03, elapsed = 200.9 sec
[TwinWall] projected 3 node(s)
Step =   1606: nodes = 2569, dt = 2.241907e-10, strain = 2.323465e-03, elapsed = 201.0 sec
[TwinWall] projected 3 node(s)
Step =   1607: nodes = 2568, dt = 2.690289e-10, strain = 2.324810e-03, elapsed = 201.1 sec
[TwinWall] projected 3 node(s)
Step =   1608: nodes = 2569, dt = 3.228347e-10, strain = 2.326424e-03, elapsed = 201.2 sec
[TwinWall] projected 4 node(s)
Step =   1609: nodes = 2573, dt = 1.937008e-10, strain = 2.327393e-03, elapsed = 201.3 sec
[TwinWall] projected 4 node(s)
Step =   1610: nodes = 2576, dt = 1.937008e-10, strain = 2.328361e-03, elapsed = 201.5 sec
[TwinWall] projected 4 node(s)
Step =   1611: nodes = 2577, dt = 2.324410e-10, strain = 2.329523e-03, elapsed = 201.6 sec
[TwinWall] projected 4 node(s)
Step =   1612: nodes = 2581, dt = 2.789292e-10, strain = 2.330918e-03, elapsed = 201.7 sec
[TwinWall] projected 4 node(s)
Step =   1613: nodes = 2578, dt = 3.347150e-10, strain = 2.332592e-03, elapsed = 201.8 sec
[TwinWall] projected 4 node(s)
Step =   1614: nodes = 2580, dt = 2.008290e-10, strain = 2.333596e-03, elapsed = 201.9 sec
[TwinWall] projected 3 node(s)
Step =   1615: nodes = 2580, dt = 2.008290e-10, strain = 2.334600e-03, elapsed = 202.0 sec
[TwinWall] projected 4 node(s)
Step =   1616: nodes = 2582, dt = 2.409948e-10, strain = 2.335805e-03, elapsed = 202.1 sec
[TwinWall] projected 4 node(s)
Step =   1617: nodes = 2584, dt = 2.891938e-10, strain = 2.337251e-03, elapsed = 202.3 sec
[TwinWall] projected 4 node(s)
Step =   1618: nodes = 2586, dt = 1.735163e-10, strain = 2.338118e-03, elapsed = 202.4 sec
[TwinWall] projected 4 node(s)
Step =   1619: nodes = 2591, dt = 1.735163e-10, strain = 2.338986e-03, elapsed = 202.5 sec
[TwinWall] projected 3 node(s)
Step =   1620: nodes = 2593, dt = 2.082195e-10, strain = 2.340027e-03, elapsed = 202.6 sec
[TwinWall] projected 3 node(s)
Step =   1621: nodes = 2593, dt = 2.498634e-10, strain = 2.341276e-03, elapsed = 202.7 sec
[TwinWall] projected 2 node(s)
Step =   1622: nodes = 2595, dt = 2.998361e-10, strain = 2.342776e-03, elapsed = 202.8 sec
[TwinWall] projected 3 node(s)
Step =   1623: nodes = 2597, dt = 1.799016e-10, strain = 2.343675e-03, elapsed = 203.0 sec
[TwinWall] projected 3 node(s)
Step =   1624: nodes = 2597, dt = 1.799016e-10, strain = 2.344575e-03, elapsed = 203.1 sec
[TwinWall] projected 3 node(s)
Step =   1625: nodes = 2599, dt = 2.158820e-10, strain = 2.345654e-03, elapsed = 203.2 sec
[TwinWall] projected 3 node(s)
Step =   1626: nodes = 2600, dt = 2.590584e-10, strain = 2.346949e-03, elapsed = 203.3 sec
[TwinWall] projected 3 node(s)
Step =   1627: nodes = 2596, dt = 3.108700e-10, strain = 2.348504e-03, elapsed = 203.4 sec
[TwinWall] projected 2 node(s)
Step =   1628: nodes = 2594, dt = 1.865220e-10, strain = 2.349436e-03, elapsed = 203.6 sec
[TwinWall] projected 2 node(s)
Step =   1629: nodes = 2594, dt = 1.865220e-10, strain = 2.350369e-03, elapsed = 203.7 sec
[TwinWall] projected 3 node(s)
Step =   1630: nodes = 2594, dt = 2.238264e-10, strain = 2.351488e-03, elapsed = 203.8 sec
[TwinWall] projected 3 node(s)
Step =   1631: nodes = 2590, dt = 2.685917e-10, strain = 2.352831e-03, elapsed = 203.9 sec
[TwinWall] projected 2 node(s)
Step =   1632: nodes = 2591, dt = 1.611550e-10, strain = 2.353637e-03, elapsed = 204.0 sec
[TwinWall] projected 2 node(s)
Step =   1633: nodes = 2591, dt = 1.611550e-10, strain = 2.354442e-03, elapsed = 204.1 sec
[TwinWall] projected 3 node(s)
Step =   1634: nodes = 2594, dt = 1.933860e-10, strain = 2.355409e-03, elapsed = 204.2 sec
[TwinWall] projected 3 node(s)
Step =   1635: nodes = 2591, dt = 2.320632e-10, strain = 2.356570e-03, elapsed = 204.4 sec
[TwinWall] projected 3 node(s)
Step =   1636: nodes = 2591, dt = 1.392379e-10, strain = 2.357266e-03, elapsed = 204.5 sec
[TwinWall] projected 3 node(s)
Step =   1637: nodes = 2594, dt = 1.392379e-10, strain = 2.357962e-03, elapsed = 204.6 sec
[TwinWall] projected 3 node(s)
Step =   1638: nodes = 2593, dt = 1.670855e-10, strain = 2.358797e-03, elapsed = 204.7 sec
[TwinWall] projected 3 node(s)
Step =   1639: nodes = 2595, dt = 2.005026e-10, strain = 2.359800e-03, elapsed = 204.8 sec
[TwinWall] projected 3 node(s)
Step =   1640: nodes = 2596, dt = 2.406032e-10, strain = 2.361003e-03, elapsed = 204.9 sec
[TwinWall] projected 2 node(s)
Step =   1641: nodes = 2590, dt = 2.887238e-10, strain = 2.362447e-03, elapsed = 205.0 sec
[TwinWall] projected 2 node(s)
Step =   1642: nodes = 2586, dt = 3.464686e-10, strain = 2.364179e-03, elapsed = 205.2 sec
[TwinWall] projected 2 node(s)
Step =   1643: nodes = 2582, dt = 2.078811e-10, strain = 2.365218e-03, elapsed = 205.3 sec
[TwinWall] projected 3 node(s)
Step =   1644: nodes = 2581, dt = 2.078811e-10, strain = 2.366258e-03, elapsed = 205.4 sec
[TwinWall] projected 3 node(s)
Step =   1645: nodes = 2579, dt = 2.494574e-10, strain = 2.367505e-03, elapsed = 205.5 sec
[TwinWall] projected 2 node(s)
Step =   1646: nodes = 2579, dt = 1.496744e-10, strain = 2.368253e-03, elapsed = 205.6 sec
[TwinWall] projected 1 node(s)
Step =   1647: nodes = 2582, dt = 1.496744e-10, strain = 2.369002e-03, elapsed = 205.7 sec
[TwinWall] projected 2 node(s)
Step =   1648: nodes = 2582, dt = 1.796093e-10, strain = 2.369900e-03, elapsed = 205.9 sec
[TwinWall] projected 3 node(s)
Step =   1649: nodes = 2584, dt = 2.155312e-10, strain = 2.370978e-03, elapsed = 206.0 sec
[TwinWall] projected 3 node(s)
Step =   1650: nodes = 2583, dt = 2.586374e-10, strain = 2.372271e-03, elapsed = 206.1 sec
[TwinWall] projected 2 node(s)
Step =   1651: nodes = 2582, dt = 3.103649e-10, strain = 2.373823e-03, elapsed = 206.2 sec
[TwinWall] projected 3 node(s)
Step =   1652: nodes = 2584, dt = 1.862189e-10, strain = 2.374754e-03, elapsed = 206.3 sec
[TwinWall] projected 3 node(s)
Step =   1653: nodes = 2583, dt = 1.862189e-10, strain = 2.375685e-03, elapsed = 206.4 sec
[TwinWall] projected 2 node(s)
Step =   1654: nodes = 2585, dt = 2.234627e-10, strain = 2.376802e-03, elapsed = 206.5 sec
[TwinWall] projected 4 node(s)
Step =   1655: nodes = 2585, dt = 2.681553e-10, strain = 2.378143e-03, elapsed = 206.7 sec
[TwinWall] projected 4 node(s)
Step =   1656: nodes = 2583, dt = 3.217863e-10, strain = 2.379752e-03, elapsed = 206.8 sec
[TwinWall] projected 4 node(s)
Step =   1657: nodes = 2585, dt = 1.930718e-10, strain = 2.380717e-03, elapsed = 206.9 sec
[TwinWall] projected 4 node(s)
Step =   1658: nodes = 2585, dt = 1.930718e-10, strain = 2.381682e-03, elapsed = 207.0 sec
[TwinWall] projected 4 node(s)
Step =   1659: nodes = 2590, dt = 2.316861e-10, strain = 2.382841e-03, elapsed = 207.1 sec
[TwinWall] projected 4 node(s)
Step =   1660: nodes = 2590, dt = 2.780234e-10, strain = 2.384231e-03, elapsed = 207.2 sec
[TwinWall] projected 3 node(s)
Step =   1661: nodes = 2590, dt = 1.668140e-10, strain = 2.385065e-03, elapsed = 207.4 sec
[TwinWall] projected 4 node(s)
Step =   1662: nodes = 2589, dt = 1.668140e-10, strain = 2.385899e-03, elapsed = 207.5 sec
[TwinWall] projected 4 node(s)
Step =   1663: nodes = 2592, dt = 2.001768e-10, strain = 2.386900e-03, elapsed = 207.7 sec
[TwinWall] projected 4 node(s)
Step =   1664: nodes = 2597, dt = 2.402122e-10, strain = 2.388101e-03, elapsed = 207.8 sec
[TwinWall] projected 3 node(s)
Step =   1665: nodes = 2595, dt = 1.441273e-10, strain = 2.388822e-03, elapsed = 207.9 sec
[TwinWall] projected 3 node(s)
Step =   1666: nodes = 2591, dt = 1.441273e-10, strain = 2.389542e-03, elapsed = 208.0 sec
[TwinWall] projected 3 node(s)
Step =   1667: nodes = 2593, dt = 1.729528e-10, strain = 2.390407e-03, elapsed = 208.1 sec
[TwinWall] projected 3 node(s)
Step =   1668: nodes = 2598, dt = 2.075433e-10, strain = 2.391445e-03, elapsed = 208.2 sec
[TwinWall] projected 4 node(s)
Step =   1669: nodes = 2607, dt = 2.490520e-10, strain = 2.392690e-03, elapsed = 208.3 sec
[TwinWall] projected 3 node(s)
Step =   1670: nodes = 2603, dt = 2.988624e-10, strain = 2.394184e-03, elapsed = 208.5 sec
[TwinWall] projected 3 node(s)
Step =   1671: nodes = 2600, dt = 1.793174e-10, strain = 2.395081e-03, elapsed = 208.6 sec
[TwinWall] projected 4 node(s)
Step =   1672: nodes = 2600, dt = 1.793174e-10, strain = 2.395978e-03, elapsed = 208.7 sec
[TwinWall] projected 4 node(s)
Step =   1673: nodes = 2601, dt = 2.151809e-10, strain = 2.397053e-03, elapsed = 208.8 sec
[TwinWall] projected 4 node(s)
Step =   1674: nodes = 2605, dt = 2.582171e-10, strain = 2.398345e-03, elapsed = 208.9 sec
[TwinWall] projected 3 node(s)
Step =   1675: nodes = 2599, dt = 3.098605e-10, strain = 2.399894e-03, elapsed = 209.0 sec
[TwinWall] projected 3 node(s)
Step =   1676: nodes = 2597, dt = 1.859163e-10, strain = 2.400823e-03, elapsed = 209.2 sec
[TwinWall] projected 3 node(s)
Step =   1677: nodes = 2597, dt = 1.859163e-10, strain = 2.401753e-03, elapsed = 209.3 sec
[TwinWall] projected 3 node(s)
Step =   1678: nodes = 2598, dt = 2.230996e-10, strain = 2.402869e-03, elapsed = 209.4 sec
[TwinWall] projected 3 node(s)
Step =   1679: nodes = 2598, dt = 2.677195e-10, strain = 2.404207e-03, elapsed = 209.5 sec
[TwinWall] projected 3 node(s)
Step =   1680: nodes = 2594, dt = 3.212634e-10, strain = 2.405813e-03, elapsed = 209.6 sec
[TwinWall] projected 3 node(s)
Step =   1681: nodes = 2594, dt = 1.927580e-10, strain = 2.406777e-03, elapsed = 209.8 sec
[TwinWall] projected 3 node(s)
Step =   1682: nodes = 2597, dt = 1.927580e-10, strain = 2.407741e-03, elapsed = 209.9 sec
[TwinWall] projected 3 node(s)
Step =   1683: nodes = 2598, dt = 2.313097e-10, strain = 2.408898e-03, elapsed = 210.0 sec
[TwinWall] projected 3 node(s)
Step =   1684: nodes = 2593, dt = 2.775716e-10, strain = 2.410285e-03, elapsed = 210.1 sec
[TwinWall] projected 3 node(s)
Step =   1685: nodes = 2590, dt = 3.330859e-10, strain = 2.411951e-03, elapsed = 210.2 sec
[TwinWall] projected 3 node(s)
Step =   1686: nodes = 2593, dt = 1.998515e-10, strain = 2.412950e-03, elapsed = 210.4 sec
[TwinWall] projected 2 node(s)
Step =   1687: nodes = 2595, dt = 1.998515e-10, strain = 2.413949e-03, elapsed = 210.5 sec
[TwinWall] projected 3 node(s)
Step =   1688: nodes = 2594, dt = 2.398218e-10, strain = 2.415149e-03, elapsed = 210.6 sec
[TwinWall] projected 3 node(s)
Step =   1689: nodes = 2596, dt = 2.877862e-10, strain = 2.416587e-03, elapsed = 210.7 sec
[TwinWall] projected 3 node(s)
Step =   1690: nodes = 2597, dt = 1.726717e-10, strain = 2.417451e-03, elapsed = 210.9 sec
[TwinWall] projected 3 node(s)
Step =   1691: nodes = 2600, dt = 1.726717e-10, strain = 2.418314e-03, elapsed = 211.0 sec
[TwinWall] projected 3 node(s)
Step =   1692: nodes = 2600, dt = 2.072061e-10, strain = 2.419350e-03, elapsed = 211.1 sec
[TwinWall] projected 3 node(s)
Step =   1693: nodes = 2599, dt = 2.486473e-10, strain = 2.420593e-03, elapsed = 211.2 sec
[TwinWall] projected 3 node(s)
Step =   1694: nodes = 2598, dt = 1.491884e-10, strain = 2.421339e-03, elapsed = 211.3 sec
[TwinWall] projected 2 node(s)
Step =   1695: nodes = 2601, dt = 1.491884e-10, strain = 2.422085e-03, elapsed = 211.4 sec
[TwinWall] projected 3 node(s)
Step =   1696: nodes = 2604, dt = 1.790261e-10, strain = 2.422980e-03, elapsed = 211.5 sec
[TwinWall] projected 3 node(s)
Step =   1697: nodes = 2606, dt = 2.148313e-10, strain = 2.424055e-03, elapsed = 211.6 sec
[TwinWall] projected 3 node(s)
Step =   1698: nodes = 2605, dt = 2.577975e-10, strain = 2.425344e-03, elapsed = 211.8 sec
[TwinWall] projected 3 node(s)
Step =   1699: nodes = 2605, dt = 1.546785e-10, strain = 2.426117e-03, elapsed = 211.9 sec
[TwinWall] projected 3 node(s)
Step =   1700: nodes = 2609, dt = 1.546785e-10, strain = 2.426890e-03, elapsed = 212.0 sec
Writing configuration in legacy data format
 Output file: /data/home/dg000246b/openDIS/HomeWork/output_Cu_twin_rorient/config.1700.data
Writing restart file
 Restart file: /data/home/dg000246b/openDIS/HomeWork/output_Cu_twin_rorient/restart.1700.exadis
[TwinWall] projected 3 node(s)
Step =   1701: nodes = 2610, dt = 1.856142e-10, strain = 2.427818e-03, elapsed = 212.1 sec
[TwinWall] projected 3 node(s)
Step =   1702: nodes = 2608, dt = 2.227371e-10, strain = 2.428932e-03, elapsed = 212.2 sec
[TwinWall] projected 3 node(s)
Step =   1703: nodes = 2608, dt = 1.336422e-10, strain = 2.429600e-03, elapsed = 212.3 sec
[TwinWall] projected 3 node(s)
Step =   1704: nodes = 2614, dt = 1.336422e-10, strain = 2.430269e-03, elapsed = 212.5 sec
[TwinWall] projected 3 node(s)
Step =   1705: nodes = 2613, dt = 1.603707e-10, strain = 2.431070e-03, elapsed = 212.6 sec
[TwinWall] projected 3 node(s)
Step =   1706: nodes = 2619, dt = 1.924448e-10, strain = 2.432033e-03, elapsed = 212.7 sec
[TwinWall] projected 3 node(s)
Step =   1707: nodes = 2618, dt = 2.309338e-10, strain = 2.433187e-03, elapsed = 212.8 sec
[TwinWall] projected 3 node(s)
Step =   1708: nodes = 2619, dt = 1.385603e-10, strain = 2.433880e-03, elapsed = 212.9 sec
[TwinWall] projected 3 node(s)
Step =   1709: nodes = 2621, dt = 1.385603e-10, strain = 2.434573e-03, elapsed = 213.0 sec
[TwinWall] projected 2 node(s)
Step =   1710: nodes = 2623, dt = 1.662723e-10, strain = 2.435404e-03, elapsed = 213.1 sec
[TwinWall] projected 2 node(s)
Step =   1711: nodes = 2623, dt = 1.995268e-10, strain = 2.436402e-03, elapsed = 213.2 sec
[TwinWall] projected 3 node(s)
Step =   1712: nodes = 2632, dt = 2.394321e-10, strain = 2.437599e-03, elapsed = 213.4 sec
[TwinWall] projected 2 node(s)
Step =   1713: nodes = 2629, dt = 2.873186e-10, strain = 2.439036e-03, elapsed = 213.5 sec
[TwinWall] projected 2 node(s)
Step =   1714: nodes = 2624, dt = 1.723911e-10, strain = 2.439898e-03, elapsed = 213.6 sec
[TwinWall] projected 3 node(s)
Step =   1715: nodes = 2625, dt = 1.723911e-10, strain = 2.440760e-03, elapsed = 213.7 sec
[TwinWall] projected 3 node(s)
Step =   1716: nodes = 2625, dt = 2.068694e-10, strain = 2.441794e-03, elapsed = 213.9 sec
[TwinWall] projected 3 node(s)
Step =   1717: nodes = 2626, dt = 2.482432e-10, strain = 2.443035e-03, elapsed = 214.0 sec
[TwinWall] projected 3 node(s)
Step =   1718: nodes = 2627, dt = 2.978919e-10, strain = 2.444525e-03, elapsed = 214.1 sec
[TwinWall] projected 3 node(s)
Step =   1719: nodes = 2629, dt = 3.574703e-10, strain = 2.446312e-03, elapsed = 214.2 sec
[TwinWall] projected 3 node(s)
Step =   1720: nodes = 2628, dt = 2.144822e-10, strain = 2.447384e-03, elapsed = 214.3 sec
[TwinWall] projected 3 node(s)
Step =   1721: nodes = 2625, dt = 2.144822e-10, strain = 2.448457e-03, elapsed = 214.5 sec
[TwinWall] projected 3 node(s)
Step =   1722: nodes = 2626, dt = 2.573786e-10, strain = 2.449744e-03, elapsed = 214.6 sec
[TwinWall] projected 3 node(s)
Step =   1723: nodes = 2622, dt = 3.088543e-10, strain = 2.451288e-03, elapsed = 214.7 sec
[TwinWall] projected 3 node(s)
Step =   1724: nodes = 2618, dt = 3.706252e-10, strain = 2.453141e-03, elapsed = 214.8 sec
[TwinWall] projected 3 node(s)
Step =   1725: nodes = 2620, dt = 2.223751e-10, strain = 2.454253e-03, elapsed = 215.0 sec
[TwinWall] projected 3 node(s)
Step =   1726: nodes = 2621, dt = 2.223751e-10, strain = 2.455365e-03, elapsed = 215.1 sec
[TwinWall] projected 4 node(s)
Step =   1727: nodes = 2620, dt = 2.668501e-10, strain = 2.456699e-03, elapsed = 215.2 sec
[TwinWall] projected 4 node(s)
Step =   1728: nodes = 2620, dt = 3.202201e-10, strain = 2.458300e-03, elapsed = 215.3 sec
[TwinWall] projected 3 node(s)
Step =   1729: nodes = 2610, dt = 3.842642e-10, strain = 2.460221e-03, elapsed = 215.5 sec
[TwinWall] projected 3 node(s)
Step =   1730: nodes = 2608, dt = 2.305585e-10, strain = 2.461374e-03, elapsed = 215.6 sec
[TwinWall] projected 3 node(s)
Step =   1731: nodes = 2611, dt = 2.305585e-10, strain = 2.462527e-03, elapsed = 215.7 sec
[TwinWall] projected 3 node(s)
Step =   1732: nodes = 2613, dt = 2.766702e-10, strain = 2.463910e-03, elapsed = 215.8 sec
[TwinWall] projected 3 node(s)
Step =   1733: nodes = 2608, dt = 3.320043e-10, strain = 2.465570e-03, elapsed = 215.9 sec
[TwinWall] projected 4 node(s)
Step =   1734: nodes = 2612, dt = 3.984051e-10, strain = 2.467562e-03, elapsed = 216.1 sec
[TwinWall] projected 4 node(s)
Step =   1735: nodes = 2609, dt = 2.390431e-10, strain = 2.468758e-03, elapsed = 216.2 sec
[TwinWall] projected 4 node(s)
Step =   1736: nodes = 2612, dt = 2.390431e-10, strain = 2.469953e-03, elapsed = 216.3 sec
[TwinWall] projected 5 node(s)
Step =   1737: nodes = 2610, dt = 2.868517e-10, strain = 2.471387e-03, elapsed = 216.5 sec
[TwinWall] projected 4 node(s)
Step =   1738: nodes = 2610, dt = 3.442220e-10, strain = 2.473108e-03, elapsed = 216.6 sec
[TwinWall] projected 5 node(s)
Step =   1739: nodes = 2613, dt = 2.065332e-10, strain = 2.474141e-03, elapsed = 216.7 sec
[TwinWall] projected 3 node(s)
Step =   1740: nodes = 2613, dt = 2.065332e-10, strain = 2.475174e-03, elapsed = 216.8 sec
[TwinWall] projected 3 node(s)
Step =   1741: nodes = 2611, dt = 2.478398e-10, strain = 2.476413e-03, elapsed = 216.9 sec
[TwinWall] projected 3 node(s)
Step =   1742: nodes = 2610, dt = 2.974078e-10, strain = 2.477900e-03, elapsed = 217.0 sec
[TwinWall] projected 3 node(s)
Step =   1743: nodes = 2607, dt = 3.568894e-10, strain = 2.479684e-03, elapsed = 217.2 sec
[TwinWall] projected 4 node(s)
Step =   1744: nodes = 2605, dt = 4.282673e-10, strain = 2.481826e-03, elapsed = 217.3 sec
[TwinWall] projected 4 node(s)
Step =   1745: nodes = 2606, dt = 2.569604e-10, strain = 2.483110e-03, elapsed = 217.5 sec
[TwinWall] projected 4 node(s)
Step =   1746: nodes = 2609, dt = 2.569604e-10, strain = 2.484395e-03, elapsed = 217.6 sec
[TwinWall] projected 5 node(s)
Step =   1747: nodes = 2610, dt = 3.083524e-10, strain = 2.485937e-03, elapsed = 217.7 sec
[TwinWall] projected 5 node(s)
Step =   1748: nodes = 2608, dt = 3.700229e-10, strain = 2.487787e-03, elapsed = 217.8 sec
[TwinWall] projected 5 node(s)
Step =   1749: nodes = 2612, dt = 2.220137e-10, strain = 2.488897e-03, elapsed = 218.0 sec
[TwinWall] projected 5 node(s)
Step =   1750: nodes = 2617, dt = 2.220137e-10, strain = 2.490007e-03, elapsed = 218.1 sec
[TwinWall] projected 6 node(s)
Step =   1751: nodes = 2621, dt = 2.664165e-10, strain = 2.491339e-03, elapsed = 218.2 sec
[TwinWall] projected 7 node(s)
Step =   1752: nodes = 2624, dt = 3.196998e-10, strain = 2.492938e-03, elapsed = 218.3 sec
[TwinWall] projected 6 node(s)
Step =   1753: nodes = 2620, dt = 3.836397e-10, strain = 2.494856e-03, elapsed = 218.5 sec
[TwinWall] projected 6 node(s)
Step =   1754: nodes = 2622, dt = 2.301838e-10, strain = 2.496007e-03, elapsed = 218.6 sec
[TwinWall] projected 7 node(s)
Step =   1755: nodes = 2623, dt = 2.301838e-10, strain = 2.497158e-03, elapsed = 218.7 sec
[TwinWall] projected 7 node(s)
Step =   1756: nodes = 2627, dt = 2.762206e-10, strain = 2.498539e-03, elapsed = 218.8 sec
[TwinWall] projected 8 node(s)
Step =   1757: nodes = 2627, dt = 3.314647e-10, strain = 2.500196e-03, elapsed = 218.9 sec
[TwinWall] projected 8 node(s)
Step =   1758: nodes = 2630, dt = 1.988788e-10, strain = 2.501191e-03, elapsed = 219.1 sec
[TwinWall] projected 8 node(s)
Step =   1759: nodes = 2628, dt = 1.988788e-10, strain = 2.502185e-03, elapsed = 219.2 sec
[TwinWall] projected 8 node(s)
Step =   1760: nodes = 2627, dt = 2.386546e-10, strain = 2.503378e-03, elapsed = 219.3 sec
[TwinWall] projected 8 node(s)
Step =   1761: nodes = 2627, dt = 2.863855e-10, strain = 2.504810e-03, elapsed = 219.4 sec
[TwinWall] projected 8 node(s)
Step =   1762: nodes = 2626, dt = 3.436626e-10, strain = 2.506529e-03, elapsed = 219.6 sec
[TwinWall] projected 9 node(s)
Step =   1763: nodes = 2630, dt = 2.061976e-10, strain = 2.507560e-03, elapsed = 219.7 sec
[TwinWall] projected 9 node(s)
Step =   1764: nodes = 2633, dt = 2.061976e-10, strain = 2.508591e-03, elapsed = 219.8 sec
[TwinWall] projected 8 node(s)
Step =   1765: nodes = 2643, dt = 2.474371e-10, strain = 2.509828e-03, elapsed = 219.9 sec
[TwinWall] projected 10 node(s)
Step =   1766: nodes = 2649, dt = 2.969245e-10, strain = 2.511312e-03, elapsed = 220.0 sec
[TwinWall] projected 9 node(s)
Step =   1767: nodes = 2645, dt = 3.563094e-10, strain = 2.513094e-03, elapsed = 220.1 sec
[TwinWall] projected 7 node(s)
Step =   1768: nodes = 2645, dt = 2.137857e-10, strain = 2.514163e-03, elapsed = 220.3 sec
[TwinWall] projected 10 node(s)
Step =   1769: nodes = 2651, dt = 2.137857e-10, strain = 2.515232e-03, elapsed = 220.4 sec
[TwinWall] projected 9 node(s)
Step =   1770: nodes = 2652, dt = 2.565428e-10, strain = 2.516514e-03, elapsed = 220.5 sec
[TwinWall] projected 10 node(s)
Step =   1771: nodes = 2653, dt = 1.539257e-10, strain = 2.517284e-03, elapsed = 220.6 sec
[TwinWall] projected 7 node(s)
Step =   1772: nodes = 2657, dt = 1.539257e-10, strain = 2.518054e-03, elapsed = 220.7 sec
[TwinWall] projected 12 node(s)
Step =   1773: nodes = 2659, dt = 1.847108e-10, strain = 2.518977e-03, elapsed = 220.8 sec
[TwinWall] projected 13 node(s)
Step =   1774: nodes = 2657, dt = 2.216530e-10, strain = 2.520086e-03, elapsed = 221.0 sec
[TwinWall] projected 12 node(s)
Step =   1775: nodes = 2653, dt = 2.659836e-10, strain = 2.521415e-03, elapsed = 221.1 sec
[TwinWall] projected 9 node(s)
Step =   1776: nodes = 2655, dt = 1.595901e-10, strain = 2.522213e-03, elapsed = 221.2 sec
[TwinWall] projected 10 node(s)
Step =   1777: nodes = 2654, dt = 1.595901e-10, strain = 2.523011e-03, elapsed = 221.3 sec
[TwinWall] projected 12 node(s)
Step =   1778: nodes = 2653, dt = 1.915082e-10, strain = 2.523969e-03, elapsed = 221.4 sec
[TwinWall] projected 12 node(s)
Step =   1779: nodes = 2654, dt = 2.298098e-10, strain = 2.525118e-03, elapsed = 221.5 sec
[TwinWall] projected 13 node(s)
Step =   1780: nodes = 2660, dt = 2.757718e-10, strain = 2.526497e-03, elapsed = 221.6 sec
[TwinWall] projected 13 node(s)
Step =   1781: nodes = 2657, dt = 3.309261e-10, strain = 2.528151e-03, elapsed = 221.8 sec
[TwinWall] projected 12 node(s)
Step =   1782: nodes = 2660, dt = 1.985557e-10, strain = 2.529144e-03, elapsed = 221.9 sec
[TwinWall] projected 12 node(s)
Step =   1783: nodes = 2661, dt = 1.985557e-10, strain = 2.530137e-03, elapsed = 222.0 sec
[TwinWall] projected 12 node(s)
Step =   1784: nodes = 2664, dt = 2.382668e-10, strain = 2.531328e-03, elapsed = 222.1 sec
[TwinWall] projected 14 node(s)
Step =   1785: nodes = 2667, dt = 2.859202e-10, strain = 2.532758e-03, elapsed = 222.2 sec
[TwinWall] projected 8 node(s)
Step =   1786: nodes = 2668, dt = 1.715521e-10, strain = 2.533616e-03, elapsed = 222.4 sec
[TwinWall] projected 9 node(s)
Step =   1787: nodes = 2667, dt = 1.715521e-10, strain = 2.534473e-03, elapsed = 222.5 sec
[TwinWall] projected 11 node(s)
Step =   1788: nodes = 2668, dt = 2.058625e-10, strain = 2.535503e-03, elapsed = 222.6 sec
[TwinWall] projected 9 node(s)
Step =   1789: nodes = 2669, dt = 2.470350e-10, strain = 2.536738e-03, elapsed = 222.7 sec
[TwinWall] projected 7 node(s)
Step =   1790: nodes = 2669, dt = 1.482210e-10, strain = 2.537479e-03, elapsed = 222.8 sec
[TwinWall] projected 9 node(s)
Step =   1791: nodes = 2675, dt = 1.482210e-10, strain = 2.538220e-03, elapsed = 222.9 sec
[TwinWall] projected 7 node(s)
Step =   1792: nodes = 2675, dt = 1.778652e-10, strain = 2.539109e-03, elapsed = 223.0 sec
[TwinWall] projected 8 node(s)
Step =   1793: nodes = 2676, dt = 2.134383e-10, strain = 2.540177e-03, elapsed = 223.2 sec
[TwinWall] projected 10 node(s)
Step =   1794: nodes = 2676, dt = 2.561259e-10, strain = 2.541457e-03, elapsed = 223.3 sec
[TwinWall] projected 12 node(s)
Step =   1795: nodes = 2675, dt = 3.073511e-10, strain = 2.542994e-03, elapsed = 223.4 sec
[TwinWall] projected 16 node(s)
Step =   1796: nodes = 2671, dt = 1.844107e-10, strain = 2.543916e-03, elapsed = 223.6 sec
[TwinWall] projected 11 node(s)
Step =   1797: nodes = 2672, dt = 1.844107e-10, strain = 2.544838e-03, elapsed = 223.7 sec
[TwinWall] projected 8 node(s)
Step =   1798: nodes = 2673, dt = 2.212928e-10, strain = 2.545945e-03, elapsed = 223.8 sec
[TwinWall] projected 10 node(s)
Step =   1799: nodes = 2673, dt = 2.655513e-10, strain = 2.547272e-03, elapsed = 223.9 sec
[TwinWall] projected 11 node(s)
Step =   1800: nodes = 2666, dt = 3.186616e-10, strain = 2.548866e-03, elapsed = 224.0 sec
Writing configuration in legacy data format
 Output file: /data/home/dg000246b/openDIS/HomeWork/output_Cu_twin_rorient/config.1800.data
Writing restart file
 Restart file: /data/home/dg000246b/openDIS/HomeWork/output_Cu_twin_rorient/restart.1800.exadis
[TwinWall] projected 10 node(s)
Step =   1801: nodes = 2671, dt = 1.911970e-10, strain = 2.549822e-03, elapsed = 224.2 sec
[TwinWall] projected 10 node(s)
Step =   1802: nodes = 2669, dt = 1.911970e-10, strain = 2.550778e-03, elapsed = 224.3 sec
[TwinWall] projected 9 node(s)
Step =   1803: nodes = 2668, dt = 2.294364e-10, strain = 2.551925e-03, elapsed = 224.4 sec
[TwinWall] projected 8 node(s)
Step =   1804: nodes = 2667, dt = 2.753236e-10, strain = 2.553301e-03, elapsed = 224.5 sec
[TwinWall] projected 11 node(s)
Step =   1805: nodes = 2662, dt = 3.303884e-10, strain = 2.554953e-03, elapsed = 224.7 sec
[TwinWall] projected 8 node(s)
Step =   1806: nodes = 2663, dt = 1.982330e-10, strain = 2.555945e-03, elapsed = 224.8 sec
[TwinWall] projected 7 node(s)
Step =   1807: nodes = 2661, dt = 1.982330e-10, strain = 2.556936e-03, elapsed = 224.9 sec
[TwinWall] projected 6 node(s)
Step =   1808: nodes = 2661, dt = 2.378796e-10, strain = 2.558125e-03, elapsed = 225.3 sec
[TwinWall] projected 8 node(s)
Step =   1809: nodes = 2662, dt = 2.854555e-10, strain = 2.559552e-03, elapsed = 225.5 sec
[TwinWall] projected 6 node(s)
Step =   1810: nodes = 2664, dt = 1.712733e-10, strain = 2.560409e-03, elapsed = 225.6 sec
[TwinWall] projected 6 node(s)
Step =   1811: nodes = 2663, dt = 1.712733e-10, strain = 2.561265e-03, elapsed = 225.7 sec
[TwinWall] projected 6 node(s)
Step =   1812: nodes = 2664, dt = 2.055280e-10, strain = 2.562293e-03, elapsed = 225.8 sec
[TwinWall] projected 6 node(s)
Step =   1813: nodes = 2666, dt = 2.466336e-10, strain = 2.563526e-03, elapsed = 226.0 sec
[TwinWall] projected 8 node(s)
Step =   1814: nodes = 2671, dt = 2.959603e-10, strain = 2.565006e-03, elapsed = 226.1 sec
[TwinWall] projected 5 node(s)
Step =   1815: nodes = 2672, dt = 1.775762e-10, strain = 2.565894e-03, elapsed = 226.2 sec
[TwinWall] projected 5 node(s)
Step =   1816: nodes = 2673, dt = 1.775762e-10, strain = 2.566782e-03, elapsed = 226.3 sec
[TwinWall] projected 6 node(s)
Step =   1817: nodes = 2673, dt = 2.130914e-10, strain = 2.567847e-03, elapsed = 226.5 sec
[TwinWall] projected 7 node(s)
Step =   1818: nodes = 2678, dt = 2.557097e-10, strain = 2.569126e-03, elapsed = 226.6 sec
[TwinWall] projected 8 node(s)
Step =   1819: nodes = 2672, dt = 3.068516e-10, strain = 2.570660e-03, elapsed = 226.7 sec
[TwinWall] projected 5 node(s)
Step =   1820: nodes = 2670, dt = 1.841110e-10, strain = 2.571580e-03, elapsed = 226.8 sec
[TwinWall] projected 5 node(s)
Step =   1821: nodes = 2673, dt = 1.841110e-10, strain = 2.572501e-03, elapsed = 226.9 sec
[TwinWall] projected 5 node(s)
Step =   1822: nodes = 2669, dt = 2.209332e-10, strain = 2.573606e-03, elapsed = 227.0 sec
[TwinWall] projected 6 node(s)
Step =   1823: nodes = 2668, dt = 2.651198e-10, strain = 2.574931e-03, elapsed = 227.2 sec
[TwinWall] projected 6 node(s)
Step =   1824: nodes = 2669, dt = 1.590719e-10, strain = 2.575727e-03, elapsed = 227.3 sec
[TwinWall] projected 6 node(s)
Step =   1825: nodes = 2668, dt = 1.590719e-10, strain = 2.576522e-03, elapsed = 227.4 sec
[TwinWall] projected 6 node(s)
Step =   1826: nodes = 2669, dt = 1.908863e-10, strain = 2.577476e-03, elapsed = 227.5 sec
[TwinWall] projected 5 node(s)
Step =   1827: nodes = 2666, dt = 2.290635e-10, strain = 2.578622e-03, elapsed = 227.6 sec
[TwinWall] projected 5 node(s)
Step =   1828: nodes = 2668, dt = 1.374381e-10, strain = 2.579309e-03, elapsed = 227.8 sec
[TwinWall] projected 6 node(s)
Step =   1829: nodes = 2669, dt = 1.374381e-10, strain = 2.579996e-03, elapsed = 227.8 sec
[TwinWall] projected 6 node(s)
Step =   1830: nodes = 2672, dt = 1.649257e-10, strain = 2.580821e-03, elapsed = 227.9 sec
[TwinWall] projected 8 node(s)
Step =   1831: nodes = 2676, dt = 1.979109e-10, strain = 2.581810e-03, elapsed = 228.1 sec
[TwinWall] projected 7 node(s)
Step =   1832: nodes = 2675, dt = 1.187465e-10, strain = 2.582404e-03, elapsed = 228.2 sec
[TwinWall] projected 6 node(s)
Step =   1833: nodes = 2672, dt = 1.187465e-10, strain = 2.582998e-03, elapsed = 228.3 sec
[TwinWall] projected 7 node(s)
Step =   1834: nodes = 2670, dt = 1.424958e-10, strain = 2.583710e-03, elapsed = 228.4 sec
[TwinWall] projected 7 node(s)
Step =   1835: nodes = 2673, dt = 1.709950e-10, strain = 2.584565e-03, elapsed = 228.5 sec
[TwinWall] projected 7 node(s)
Step =   1836: nodes = 2674, dt = 2.051940e-10, strain = 2.585591e-03, elapsed = 228.6 sec
[TwinWall] projected 7 node(s)
Step =   1837: nodes = 2678, dt = 2.462328e-10, strain = 2.586822e-03, elapsed = 228.7 sec
[TwinWall] projected 7 node(s)
Step =   1838: nodes = 2678, dt = 1.477397e-10, strain = 2.587561e-03, elapsed = 228.8 sec
[TwinWall] projected 7 node(s)
Step =   1839: nodes = 2679, dt = 1.477397e-10, strain = 2.588300e-03, elapsed = 228.9 sec
[TwinWall] projected 7 node(s)
Step =   1840: nodes = 2680, dt = 1.772876e-10, strain = 2.589186e-03, elapsed = 229.0 sec
[TwinWall] projected 7 node(s)
Step =   1841: nodes = 2680, dt = 2.127451e-10, strain = 2.590250e-03, elapsed = 229.2 sec
[TwinWall] projected 8 node(s)
Step =   1842: nodes = 2679, dt = 2.552942e-10, strain = 2.591526e-03, elapsed = 229.3 sec
[TwinWall] projected 8 node(s)
Step =   1843: nodes = 2679, dt = 3.063530e-10, strain = 2.593058e-03, elapsed = 229.4 sec
[TwinWall] projected 7 node(s)
Step =   1844: nodes = 2677, dt = 1.838118e-10, strain = 2.593977e-03, elapsed = 229.5 sec
[TwinWall] projected 8 node(s)
Step =   1845: nodes = 2678, dt = 1.838118e-10, strain = 2.594896e-03, elapsed = 229.6 sec
[TwinWall] projected 9 node(s)
Step =   1846: nodes = 2676, dt = 2.205742e-10, strain = 2.595999e-03, elapsed = 229.7 sec
[TwinWall] projected 11 node(s)
Step =   1847: nodes = 2678, dt = 2.646890e-10, strain = 2.597322e-03, elapsed = 229.9 sec
[TwinWall] projected 11 node(s)
Step =   1848: nodes = 2680, dt = 1.588134e-10, strain = 2.598117e-03, elapsed = 230.0 sec
[TwinWall] projected 11 node(s)
Step =   1849: nodes = 2677, dt = 1.588134e-10, strain = 2.598911e-03, elapsed = 230.1 sec
[TwinWall] projected 11 node(s)
Step =   1850: nodes = 2677, dt = 1.905761e-10, strain = 2.599863e-03, elapsed = 230.2 sec
[TwinWall] projected 11 node(s)
Step =   1851: nodes = 2676, dt = 2.286913e-10, strain = 2.601007e-03, elapsed = 230.3 sec
[TwinWall] projected 10 node(s)
Step =   1852: nodes = 2676, dt = 1.372148e-10, strain = 2.601693e-03, elapsed = 230.4 sec
[TwinWall] projected 10 node(s)
Step =   1853: nodes = 2676, dt = 1.372148e-10, strain = 2.602379e-03, elapsed = 230.5 sec
[TwinWall] projected 9 node(s)
Step =   1854: nodes = 2676, dt = 1.646577e-10, strain = 2.603202e-03, elapsed = 230.7 sec
[TwinWall] projected 10 node(s)
Step =   1855: nodes = 2676, dt = 1.975893e-10, strain = 2.604190e-03, elapsed = 230.8 sec
[TwinWall] projected 10 node(s)
Step =   1856: nodes = 2677, dt = 2.371071e-10, strain = 2.605376e-03, elapsed = 230.9 sec
[TwinWall] projected 10 node(s)
Step =   1857: nodes = 2680, dt = 1.422643e-10, strain = 2.606087e-03, elapsed = 231.0 sec
[TwinWall] projected 9 node(s)
Step =   1858: nodes = 2678, dt = 1.422643e-10, strain = 2.606798e-03, elapsed = 231.1 sec
[TwinWall] projected 10 node(s)
Step =   1859: nodes = 2680, dt = 1.707171e-10, strain = 2.607652e-03, elapsed = 231.2 sec
[TwinWall] projected 10 node(s)
Step =   1860: nodes = 2683, dt = 2.048606e-10, strain = 2.608676e-03, elapsed = 231.3 sec
[TwinWall] projected 11 node(s)
Step =   1861: nodes = 2678, dt = 2.458327e-10, strain = 2.609906e-03, elapsed = 231.5 sec
[TwinWall] projected 12 node(s)
Step =   1862: nodes = 2676, dt = 2.949992e-10, strain = 2.611381e-03, elapsed = 231.6 sec
[TwinWall] projected 10 node(s)
Step =   1863: nodes = 2675, dt = 1.769995e-10, strain = 2.612266e-03, elapsed = 231.7 sec
[TwinWall] projected 8 node(s)
Step =   1864: nodes = 2673, dt = 1.769995e-10, strain = 2.613151e-03, elapsed = 231.8 sec
[TwinWall] projected 9 node(s)
Step =   1865: nodes = 2671, dt = 2.123994e-10, strain = 2.614213e-03, elapsed = 231.9 sec
[TwinWall] projected 9 node(s)
Step =   1866: nodes = 2670, dt = 2.548793e-10, strain = 2.615487e-03, elapsed = 232.0 sec
[TwinWall] projected 10 node(s)
Step =   1867: nodes = 2670, dt = 3.058552e-10, strain = 2.617016e-03, elapsed = 232.2 sec
[TwinWall] projected 11 node(s)
Step =   1868: nodes = 2665, dt = 3.670262e-10, strain = 2.618851e-03, elapsed = 232.3 sec
[TwinWall] projected 11 node(s)
Step =   1869: nodes = 2666, dt = 2.202157e-10, strain = 2.619952e-03, elapsed = 232.5 sec
[TwinWall] projected 10 node(s)
Step =   1870: nodes = 2666, dt = 2.202157e-10, strain = 2.621053e-03, elapsed = 232.6 sec
[TwinWall] projected 10 node(s)
Step =   1871: nodes = 2667, dt = 2.642589e-10, strain = 2.622375e-03, elapsed = 232.7 sec
[TwinWall] projected 13 node(s)
Step =   1872: nodes = 2660, dt = 3.171107e-10, strain = 2.623960e-03, elapsed = 232.8 sec
[TwinWall] projected 12 node(s)
Step =   1873: nodes = 2658, dt = 3.805328e-10, strain = 2.625863e-03, elapsed = 233.0 sec
[TwinWall] projected 11 node(s)
Step =   1874: nodes = 2661, dt = 2.283197e-10, strain = 2.627005e-03, elapsed = 233.1 sec
[TwinWall] projected 11 node(s)
Step =   1875: nodes = 2664, dt = 2.283197e-10, strain = 2.628146e-03, elapsed = 233.2 sec
[TwinWall] projected 13 node(s)
Step =   1876: nodes = 2661, dt = 2.739836e-10, strain = 2.629516e-03, elapsed = 233.3 sec
[TwinWall] projected 15 node(s)
Step =   1877: nodes = 2659, dt = 3.287803e-10, strain = 2.631160e-03, elapsed = 233.5 sec
[TwinWall] projected 14 node(s)
Step =   1878: nodes = 2663, dt = 1.972682e-10, strain = 2.632146e-03, elapsed = 233.6 sec
[TwinWall] projected 13 node(s)
Step =   1879: nodes = 2661, dt = 1.972682e-10, strain = 2.633133e-03, elapsed = 233.7 sec
[TwinWall] projected 13 node(s)
Step =   1880: nodes = 2662, dt = 2.367218e-10, strain = 2.634316e-03, elapsed = 233.8 sec
[TwinWall] projected 14 node(s)
Step =   1881: nodes = 2661, dt = 2.840662e-10, strain = 2.635737e-03, elapsed = 233.9 sec
[TwinWall] projected 16 node(s)
Step =   1882: nodes = 2661, dt = 3.408794e-10, strain = 2.637441e-03, elapsed = 234.1 sec
[TwinWall] projected 14 node(s)
Step =   1883: nodes = 2665, dt = 2.045277e-10, strain = 2.638464e-03, elapsed = 234.2 sec
[TwinWall] projected 14 node(s)
Step =   1884: nodes = 2668, dt = 2.045277e-10, strain = 2.639486e-03, elapsed = 234.3 sec
[TwinWall] projected 14 node(s)
Step =   1885: nodes = 2669, dt = 2.454332e-10, strain = 2.640713e-03, elapsed = 234.4 sec
[TwinWall] projected 12 node(s)
Step =   1886: nodes = 2669, dt = 1.472599e-10, strain = 2.641450e-03, elapsed = 234.6 sec
[TwinWall] projected 13 node(s)
Step =   1887: nodes = 2670, dt = 1.472599e-10, strain = 2.642186e-03, elapsed = 234.7 sec
[TwinWall] projected 14 node(s)
Step =   1888: nodes = 2672, dt = 1.767119e-10, strain = 2.643070e-03, elapsed = 234.8 sec
[TwinWall] projected 14 node(s)
Step =   1889: nodes = 2672, dt = 2.120543e-10, strain = 2.644130e-03, elapsed = 234.9 sec
[TwinWall] projected 15 node(s)
Step =   1890: nodes = 2673, dt = 2.544651e-10, strain = 2.645402e-03, elapsed = 235.0 sec
[TwinWall] projected 14 node(s)
Step =   1891: nodes = 2671, dt = 1.526791e-10, strain = 2.646166e-03, elapsed = 235.1 sec
[TwinWall] projected 14 node(s)
Step =   1892: nodes = 2676, dt = 1.526791e-10, strain = 2.646929e-03, elapsed = 235.2 sec
[TwinWall] projected 14 node(s)
Step =   1893: nodes = 2680, dt = 1.832149e-10, strain = 2.647845e-03, elapsed = 235.3 sec
[TwinWall] projected 14 node(s)
Step =   1894: nodes = 2676, dt = 2.198579e-10, strain = 2.648944e-03, elapsed = 235.5 sec
[TwinWall] projected 15 node(s)
Step =   1895: nodes = 2675, dt = 2.638295e-10, strain = 2.650264e-03, elapsed = 235.6 sec
[TwinWall] projected 14 node(s)
Step =   1896: nodes = 2673, dt = 1.582977e-10, strain = 2.651055e-03, elapsed = 235.7 sec
[TwinWall] projected 16 node(s)
Step =   1897: nodes = 2679, dt = 1.582977e-10, strain = 2.651847e-03, elapsed = 235.8 sec
[TwinWall] projected 15 node(s)
Step =   1898: nodes = 2679, dt = 1.899572e-10, strain = 2.652796e-03, elapsed = 235.9 sec
[TwinWall] projected 17 node(s)
Step =   1899: nodes = 2680, dt = 2.279487e-10, strain = 2.653936e-03, elapsed = 236.0 sec
[TwinWall] projected 14 node(s)
Step =   1900: nodes = 2684, dt = 1.367692e-10, strain = 2.654620e-03, elapsed = 236.1 sec
Writing configuration in legacy data format
 Output file: /data/home/dg000246b/openDIS/HomeWork/output_Cu_twin_rorient/config.1900.data
Writing restart file
 Restart file: /data/home/dg000246b/openDIS/HomeWork/output_Cu_twin_rorient/restart.1900.exadis
[TwinWall] projected 14 node(s)
Step =   1901: nodes = 2686, dt = 1.367692e-10, strain = 2.655304e-03, elapsed = 236.3 sec
[TwinWall] projected 14 node(s)
Step =   1902: nodes = 2687, dt = 1.641230e-10, strain = 2.656124e-03, elapsed = 236.4 sec
[TwinWall] projected 14 node(s)
Step =   1903: nodes = 2683, dt = 1.969476e-10, strain = 2.657109e-03, elapsed = 236.5 sec
[TwinWall] projected 16 node(s)
Step =   1904: nodes = 2684, dt = 2.363372e-10, strain = 2.658291e-03, elapsed = 236.6 sec
[TwinWall] projected 13 node(s)
Step =   1905: nodes = 2686, dt = 1.418023e-10, strain = 2.659000e-03, elapsed = 236.8 sec
[TwinWall] projected 14 node(s)
Step =   1906: nodes = 2688, dt = 1.418023e-10, strain = 2.659709e-03, elapsed = 236.9 sec
[TwinWall] projected 13 node(s)
Step =   1907: nodes = 2687, dt = 1.701628e-10, strain = 2.660560e-03, elapsed = 237.0 sec
[TwinWall] projected 15 node(s)
Step =   1908: nodes = 2685, dt = 2.041953e-10, strain = 2.661581e-03, elapsed = 237.1 sec
[TwinWall] projected 15 node(s)
Step =   1909: nodes = 2690, dt = 2.450344e-10, strain = 2.662806e-03, elapsed = 237.2 sec
[TwinWall] projected 16 node(s)
Step =   1910: nodes = 2693, dt = 1.470206e-10, strain = 2.663541e-03, elapsed = 237.3 sec
[TwinWall] projected 12 node(s)
Step =   1911: nodes = 2693, dt = 1.470206e-10, strain = 2.664276e-03, elapsed = 237.4 sec
[TwinWall] projected 12 node(s)
Step =   1912: nodes = 2692, dt = 1.764247e-10, strain = 2.665158e-03, elapsed = 237.5 sec
[TwinWall] projected 13 node(s)
Step =   1913: nodes = 2690, dt = 2.117097e-10, strain = 2.666217e-03, elapsed = 237.6 sec
[TwinWall] projected 15 node(s)
Step =   1914: nodes = 2691, dt = 2.540516e-10, strain = 2.667487e-03, elapsed = 237.8 sec
[TwinWall] projected 15 node(s)
Step =   1915: nodes = 2685, dt = 3.048620e-10, strain = 2.669011e-03, elapsed = 237.9 sec
[TwinWall] projected 14 node(s)
Step =   1916: nodes = 2687, dt = 1.829172e-10, strain = 2.669926e-03, elapsed = 238.0 sec
[TwinWall] projected 15 node(s)
Step =   1917: nodes = 2685, dt = 1.829172e-10, strain = 2.670840e-03, elapsed = 238.1 sec
[TwinWall] projected 16 node(s)
Step =   1918: nodes = 2688, dt = 2.195006e-10, strain = 2.671938e-03, elapsed = 238.2 sec
[TwinWall] projected 18 node(s)
Step =   1919: nodes = 2689, dt = 2.634007e-10, strain = 2.673255e-03, elapsed = 238.3 sec
[TwinWall] projected 15 node(s)
Step =   1920: nodes = 2689, dt = 3.160809e-10, strain = 2.674835e-03, elapsed = 238.5 sec
[TwinWall] projected 14 node(s)
Step =   1921: nodes = 2689, dt = 1.896485e-10, strain = 2.675784e-03, elapsed = 238.6 sec
[TwinWall] projected 15 node(s)
Step =   1922: nodes = 2691, dt = 1.896485e-10, strain = 2.676732e-03, elapsed = 238.7 sec
[TwinWall] projected 18 node(s)
Step =   1923: nodes = 2692, dt = 2.275782e-10, strain = 2.677870e-03, elapsed = 238.9 sec
[TwinWall] projected 17 node(s)
Step =   1924: nodes = 2694, dt = 2.730939e-10, strain = 2.679235e-03, elapsed = 239.0 sec
[TwinWall] projected 15 node(s)
Step =   1925: nodes = 2693, dt = 1.638563e-10, strain = 2.680054e-03, elapsed = 239.1 sec
[TwinWall] projected 15 node(s)
Step =   1926: nodes = 2695, dt = 1.638563e-10, strain = 2.680874e-03, elapsed = 239.2 sec
[TwinWall] projected 15 node(s)
Step =   1927: nodes = 2696, dt = 1.966276e-10, strain = 2.681857e-03, elapsed = 239.3 sec
[TwinWall] projected 14 node(s)
Step =   1928: nodes = 2693, dt = 2.359531e-10, strain = 2.683037e-03, elapsed = 239.4 sec
[TwinWall] projected 15 node(s)
Step =   1929: nodes = 2696, dt = 1.415719e-10, strain = 2.683744e-03, elapsed = 239.6 sec
[TwinWall] projected 15 node(s)
Step =   1930: nodes = 2697, dt = 1.415719e-10, strain = 2.684452e-03, elapsed = 239.7 sec
[TwinWall] projected 15 node(s)
Step =   1931: nodes = 2698, dt = 1.698862e-10, strain = 2.685302e-03, elapsed = 239.8 sec
[TwinWall] projected 16 node(s)
Step =   1932: nodes = 2701, dt = 2.038635e-10, strain = 2.686321e-03, elapsed = 239.9 sec
[TwinWall] projected 16 node(s)
Step =   1933: nodes = 2700, dt = 2.446362e-10, strain = 2.687544e-03, elapsed = 240.0 sec
[TwinWall] projected 17 node(s)
Step =   1934: nodes = 2694, dt = 2.935634e-10, strain = 2.689012e-03, elapsed = 240.1 sec
[TwinWall] projected 16 node(s)
Step =   1935: nodes = 2693, dt = 1.761381e-10, strain = 2.689893e-03, elapsed = 240.3 sec
[TwinWall] projected 15 node(s)
Step =   1936: nodes = 2697, dt = 1.761381e-10, strain = 2.690773e-03, elapsed = 240.4 sec
[TwinWall] projected 17 node(s)
Step =   1937: nodes = 2699, dt = 2.113657e-10, strain = 2.691830e-03, elapsed = 240.5 sec
[TwinWall] projected 17 node(s)
Step =   1938: nodes = 2701, dt = 1.268194e-10, strain = 2.692464e-03, elapsed = 240.6 sec
[TwinWall] projected 15 node(s)
Step =   1939: nodes = 2700, dt = 1.268194e-10, strain = 2.693098e-03, elapsed = 240.7 sec
[TwinWall] projected 14 node(s)
Step =   1940: nodes = 2701, dt = 1.521833e-10, strain = 2.693859e-03, elapsed = 240.8 sec
[TwinWall] projected 17 node(s)
Step =   1941: nodes = 2702, dt = 1.826199e-10, strain = 2.694772e-03, elapsed = 240.9 sec
[TwinWall] projected 16 node(s)
Step =   1942: nodes = 2704, dt = 2.191439e-10, strain = 2.695868e-03, elapsed = 241.0 sec
[TwinWall] projected 20 node(s)
Step =   1943: nodes = 2698, dt = 2.629727e-10, strain = 2.697183e-03, elapsed = 241.2 sec
[TwinWall] projected 18 node(s)
Step =   1944: nodes = 2696, dt = 1.577836e-10, strain = 2.697972e-03, elapsed = 241.3 sec
[TwinWall] projected 17 node(s)
Step =   1945: nodes = 2698, dt = 1.577836e-10, strain = 2.698761e-03, elapsed = 241.4 sec
[TwinWall] projected 16 node(s)
Step =   1946: nodes = 2700, dt = 1.893403e-10, strain = 2.699708e-03, elapsed = 241.5 sec
[TwinWall] projected 15 node(s)
Step =   1947: nodes = 2699, dt = 2.272084e-10, strain = 2.700844e-03, elapsed = 241.6 sec
[TwinWall] projected 14 node(s)
Step =   1948: nodes = 2700, dt = 1.363251e-10, strain = 2.701525e-03, elapsed = 241.8 sec
[TwinWall] projected 15 node(s)
Step =   1949: nodes = 2700, dt = 1.363251e-10, strain = 2.702207e-03, elapsed = 241.9 sec
[TwinWall] projected 16 node(s)
Step =   1950: nodes = 2701, dt = 1.635901e-10, strain = 2.703025e-03, elapsed = 242.0 sec
[TwinWall] projected 15 node(s)
Step =   1951: nodes = 2700, dt = 1.963081e-10, strain = 2.704006e-03, elapsed = 242.1 sec
[TwinWall] projected 16 node(s)
Step =   1952: nodes = 2701, dt = 2.355697e-10, strain = 2.705184e-03, elapsed = 242.2 sec
[TwinWall] projected 14 node(s)
Step =   1953: nodes = 2702, dt = 1.413418e-10, strain = 2.705891e-03, elapsed = 242.3 sec
[TwinWall] projected 14 node(s)
Step =   1954: nodes = 2701, dt = 1.413418e-10, strain = 2.706598e-03, elapsed = 242.4 sec
[TwinWall] projected 15 node(s)
Step =   1955: nodes = 2700, dt = 1.696102e-10, strain = 2.707446e-03, elapsed = 242.5 sec
[TwinWall] projected 17 node(s)
Step =   1956: nodes = 2700, dt = 2.035322e-10, strain = 2.708463e-03, elapsed = 242.6 sec
[TwinWall] projected 14 node(s)
Step =   1957: nodes = 2701, dt = 1.221193e-10, strain = 2.709074e-03, elapsed = 242.8 sec
[TwinWall] projected 15 node(s)
Step =   1958: nodes = 2699, dt = 1.221193e-10, strain = 2.709685e-03, elapsed = 242.9 sec
[TwinWall] projected 15 node(s)
Step =   1959: nodes = 2699, dt = 1.465432e-10, strain = 2.710417e-03, elapsed = 243.0 sec
[TwinWall] projected 18 node(s)
Step =   1960: nodes = 2701, dt = 1.758518e-10, strain = 2.711297e-03, elapsed = 243.1 sec
[TwinWall] projected 18 node(s)
Step =   1961: nodes = 2704, dt = 2.110222e-10, strain = 2.712352e-03, elapsed = 243.2 sec
[TwinWall] projected 16 node(s)
Step =   1962: nodes = 2705, dt = 1.266133e-10, strain = 2.712985e-03, elapsed = 243.3 sec
[TwinWall] projected 16 node(s)
Step =   1963: nodes = 2706, dt = 1.266133e-10, strain = 2.713618e-03, elapsed = 243.4 sec
[TwinWall] projected 18 node(s)
Step =   1964: nodes = 2704, dt = 1.519360e-10, strain = 2.714377e-03, elapsed = 243.5 sec
[TwinWall] projected 18 node(s)
Step =   1965: nodes = 2702, dt = 1.823232e-10, strain = 2.715289e-03, elapsed = 243.7 sec
[TwinWall] projected 16 node(s)
Step =   1966: nodes = 2700, dt = 1.093939e-10, strain = 2.715836e-03, elapsed = 243.8 sec
[TwinWall] projected 14 node(s)
Step =   1967: nodes = 2701, dt = 1.093939e-10, strain = 2.716383e-03, elapsed = 243.9 sec
[TwinWall] projected 15 node(s)
Step =   1968: nodes = 2701, dt = 1.312727e-10, strain = 2.717039e-03, elapsed = 244.0 sec
[TwinWall] projected 16 node(s)
Step =   1969: nodes = 2700, dt = 1.575272e-10, strain = 2.717827e-03, elapsed = 244.1 sec
[TwinWall] projected 15 node(s)
Step =   1970: nodes = 2697, dt = 1.890327e-10, strain = 2.718772e-03, elapsed = 244.2 sec
[TwinWall] projected 16 node(s)
Step =   1971: nodes = 2699, dt = 2.268392e-10, strain = 2.719906e-03, elapsed = 244.3 sec
[TwinWall] projected 17 node(s)
Step =   1972: nodes = 2699, dt = 2.722070e-10, strain = 2.721267e-03, elapsed = 244.4 sec
[TwinWall] projected 18 node(s)
Step =   1973: nodes = 2695, dt = 1.633242e-10, strain = 2.722084e-03, elapsed = 244.6 sec
[TwinWall] projected 17 node(s)
Step =   1974: nodes = 2696, dt = 1.633242e-10, strain = 2.722901e-03, elapsed = 244.7 sec
[TwinWall] projected 16 node(s)
Step =   1975: nodes = 2695, dt = 9.799454e-11, strain = 2.723391e-03, elapsed = 244.8 sec
[TwinWall] projected 15 node(s)
Step =   1976: nodes = 2697, dt = 9.799454e-11, strain = 2.723881e-03, elapsed = 244.9 sec
[TwinWall] projected 17 node(s)
Step =   1977: nodes = 2696, dt = 1.175934e-10, strain = 2.724469e-03, elapsed = 245.0 sec
[TwinWall] projected 17 node(s)
Step =   1978: nodes = 2698, dt = 1.411121e-10, strain = 2.725174e-03, elapsed = 245.1 sec
[TwinWall] projected 21 node(s)
Step =   1979: nodes = 2699, dt = 1.693346e-10, strain = 2.726021e-03, elapsed = 245.2 sec
[TwinWall] projected 21 node(s)
Step =   1980: nodes = 2699, dt = 2.032015e-10, strain = 2.727037e-03, elapsed = 245.3 sec
[TwinWall] projected 21 node(s)
Step =   1981: nodes = 2698, dt = 1.219209e-10, strain = 2.727646e-03, elapsed = 245.4 sec
[TwinWall] projected 20 node(s)
Step =   1982: nodes = 2697, dt = 1.219209e-10, strain = 2.728256e-03, elapsed = 245.6 sec
[TwinWall] projected 20 node(s)
Step =   1983: nodes = 2701, dt = 1.463051e-10, strain = 2.728988e-03, elapsed = 245.7 sec
[TwinWall] projected 19 node(s)
Step =   1984: nodes = 2699, dt = 1.755661e-10, strain = 2.729865e-03, elapsed = 245.8 sec
[TwinWall] projected 19 node(s)
Step =   1985: nodes = 2696, dt = 2.106793e-10, strain = 2.730919e-03, elapsed = 245.9 sec
[TwinWall] projected 21 node(s)
Step =   1986: nodes = 2703, dt = 2.528151e-10, strain = 2.732183e-03, elapsed = 246.0 sec
[TwinWall] projected 17 node(s)
Step =   1987: nodes = 2696, dt = 3.033782e-10, strain = 2.733700e-03, elapsed = 246.1 sec
[TwinWall] projected 19 node(s)
Step =   1988: nodes = 2692, dt = 1.820269e-10, strain = 2.734610e-03, elapsed = 246.3 sec
[TwinWall] projected 19 node(s)
Step =   1989: nodes = 2691, dt = 1.820269e-10, strain = 2.735520e-03, elapsed = 246.4 sec
[TwinWall] projected 20 node(s)
Step =   1990: nodes = 2692, dt = 2.184323e-10, strain = 2.736612e-03, elapsed = 246.5 sec
[TwinWall] projected 19 node(s)
Step =   1991: nodes = 2692, dt = 1.310594e-10, strain = 2.737267e-03, elapsed = 246.6 sec
[TwinWall] projected 19 node(s)
Step =   1992: nodes = 2692, dt = 1.310594e-10, strain = 2.737923e-03, elapsed = 246.8 sec
[TwinWall] projected 18 node(s)
Step =   1993: nodes = 2694, dt = 1.572712e-10, strain = 2.738709e-03, elapsed = 246.9 sec
[TwinWall] projected 22 node(s)
Step =   1994: nodes = 2696, dt = 1.887255e-10, strain = 2.739653e-03, elapsed = 247.0 sec
[TwinWall] projected 19 node(s)
Step =   1995: nodes = 2697, dt = 2.264706e-10, strain = 2.740785e-03, elapsed = 247.1 sec
[TwinWall] projected 21 node(s)
Step =   1996: nodes = 2700, dt = 1.358824e-10, strain = 2.741465e-03, elapsed = 247.2 sec
[TwinWall] projected 17 node(s)
Step =   1997: nodes = 2700, dt = 1.358824e-10, strain = 2.742144e-03, elapsed = 247.3 sec
[TwinWall] projected 18 node(s)
Step =   1998: nodes = 2699, dt = 1.630588e-10, strain = 2.742959e-03, elapsed = 247.4 sec
[TwinWall] projected 23 node(s)
Step =   1999: nodes = 2698, dt = 1.956706e-10, strain = 2.743938e-03, elapsed = 247.5 sec
[TwinWall] projected 21 node(s)
Step =   2000: nodes = 2698, dt = 1.174024e-10, strain = 2.744525e-03, elapsed = 247.7 sec
Writing configuration in legacy data format
 Output file: /data/home/dg000246b/openDIS/HomeWork/output_Cu_twin_rorient/config.2000.data
Writing restart file
 Restart file: /data/home/dg000246b/openDIS/HomeWork/output_Cu_twin_rorient/restart.2000.exadis
[TwinWall] projected 22 node(s)
Step =   2001: nodes = 2696, dt = 1.174024e-10, strain = 2.745112e-03, elapsed = 247.8 sec
[TwinWall] projected 21 node(s)
Step =   2002: nodes = 2695, dt = 1.408828e-10, strain = 2.745816e-03, elapsed = 247.9 sec
[TwinWall] projected 22 node(s)
Step =   2003: nodes = 2696, dt = 1.690594e-10, strain = 2.746661e-03, elapsed = 248.0 sec
[TwinWall] projected 21 node(s)
Step =   2004: nodes = 2702, dt = 2.028713e-10, strain = 2.747676e-03, elapsed = 248.1 sec
[TwinWall] projected 21 node(s)
Step =   2005: nodes = 2700, dt = 2.434455e-10, strain = 2.748893e-03, elapsed = 248.2 sec
[TwinWall] projected 21 node(s)
Step =   2006: nodes = 2702, dt = 1.460673e-10, strain = 2.749623e-03, elapsed = 248.4 sec
[TwinWall] projected 21 node(s)
Step =   2007: nodes = 2703, dt = 1.460673e-10, strain = 2.750354e-03, elapsed = 248.5 sec
[TwinWall] projected 22 node(s)
Step =   2008: nodes = 2704, dt = 1.752808e-10, strain = 2.751230e-03, elapsed = 248.6 sec
[TwinWall] projected 22 node(s)
Step =   2009: nodes = 2705, dt = 2.103369e-10, strain = 2.752282e-03, elapsed = 248.7 sec
[TwinWall] projected 21 node(s)
Step =   2010: nodes = 2701, dt = 2.524043e-10, strain = 2.753544e-03, elapsed = 248.8 sec
[TwinWall] projected 20 node(s)
Step =   2011: nodes = 2704, dt = 1.514426e-10, strain = 2.754301e-03, elapsed = 249.0 sec
[TwinWall] projected 21 node(s)
Step =   2012: nodes = 2703, dt = 1.514426e-10, strain = 2.755058e-03, elapsed = 249.1 sec
[TwinWall] projected 25 node(s)
Step =   2013: nodes = 2702, dt = 1.817311e-10, strain = 2.755967e-03, elapsed = 249.2 sec
[TwinWall] projected 25 node(s)
Step =   2014: nodes = 2699, dt = 2.180773e-10, strain = 2.757057e-03, elapsed = 249.3 sec
[TwinWall] projected 19 node(s)
Step =   2015: nodes = 2705, dt = 1.308464e-10, strain = 2.757711e-03, elapsed = 249.4 sec
[TwinWall] projected 21 node(s)
Step =   2016: nodes = 2706, dt = 1.308464e-10, strain = 2.758366e-03, elapsed = 249.5 sec
[TwinWall] projected 21 node(s)
Step =   2017: nodes = 2707, dt = 1.570157e-10, strain = 2.759151e-03, elapsed = 249.6 sec
[TwinWall] projected 22 node(s)
Step =   2018: nodes = 2707, dt = 1.884188e-10, strain = 2.760093e-03, elapsed = 249.7 sec
[TwinWall] projected 20 node(s)
Step =   2019: nodes = 2710, dt = 1.130513e-10, strain = 2.760658e-03, elapsed = 249.9 sec
[TwinWall] projected 21 node(s)
Step =   2020: nodes = 2708, dt = 1.130513e-10, strain = 2.761223e-03, elapsed = 250.0 sec
[TwinWall] projected 21 node(s)
Step =   2021: nodes = 2708, dt = 1.356615e-10, strain = 2.761902e-03, elapsed = 250.1 sec
[TwinWall] projected 21 node(s)
Step =   2022: nodes = 2708, dt = 1.627939e-10, strain = 2.762716e-03, elapsed = 250.2 sec
[TwinWall] projected 22 node(s)
Step =   2023: nodes = 2706, dt = 1.953526e-10, strain = 2.763692e-03, elapsed = 250.3 sec
[TwinWall] projected 21 node(s)
Step =   2024: nodes = 2707, dt = 1.172116e-10, strain = 2.764278e-03, elapsed = 250.4 sec
[TwinWall] projected 20 node(s)
Step =   2025: nodes = 2708, dt = 1.172116e-10, strain = 2.764864e-03, elapsed = 250.5 sec
[TwinWall] projected 22 node(s)
Step =   2026: nodes = 2709, dt = 1.406539e-10, strain = 2.765568e-03, elapsed = 250.6 sec
[TwinWall] projected 22 node(s)
Step =   2027: nodes = 2706, dt = 1.687847e-10, strain = 2.766412e-03, elapsed = 250.7 sec
[TwinWall] projected 22 node(s)
Step =   2028: nodes = 2700, dt = 2.025416e-10, strain = 2.767424e-03, elapsed = 250.8 sec
[TwinWall] projected 22 node(s)
Step =   2029: nodes = 2699, dt = 2.430499e-10, strain = 2.768640e-03, elapsed = 251.0 sec
[TwinWall] projected 24 node(s)
Step =   2030: nodes = 2698, dt = 2.916599e-10, strain = 2.770098e-03, elapsed = 251.1 sec
[TwinWall] projected 20 node(s)
Step =   2031: nodes = 2693, dt = 3.499919e-10, strain = 2.771848e-03, elapsed = 251.2 sec
[TwinWall] projected 20 node(s)
Step =   2032: nodes = 2690, dt = 2.099951e-10, strain = 2.772898e-03, elapsed = 251.3 sec
[TwinWall] projected 21 node(s)
Step =   2033: nodes = 2692, dt = 2.099951e-10, strain = 2.773948e-03, elapsed = 251.5 sec
[TwinWall] projected 23 node(s)
Step =   2034: nodes = 2697, dt = 2.519942e-10, strain = 2.775208e-03, elapsed = 251.6 sec
[TwinWall] projected 19 node(s)
Step =   2035: nodes = 2693, dt = 3.023930e-10, strain = 2.776720e-03, elapsed = 251.7 sec
[TwinWall] projected 20 node(s)
Step =   2036: nodes = 2693, dt = 1.814358e-10, strain = 2.777627e-03, elapsed = 251.8 sec
[TwinWall] projected 22 node(s)
Step =   2037: nodes = 2692, dt = 1.814358e-10, strain = 2.778534e-03, elapsed = 251.9 sec
[TwinWall] projected 23 node(s)
Step =   2038: nodes = 2692, dt = 2.177230e-10, strain = 2.779623e-03, elapsed = 252.1 sec
[TwinWall] projected 21 node(s)
Step =   2039: nodes = 2693, dt = 1.306338e-10, strain = 2.780276e-03, elapsed = 252.2 sec
[TwinWall] projected 19 node(s)
Step =   2040: nodes = 2692, dt = 1.306338e-10, strain = 2.780929e-03, elapsed = 252.3 sec
[TwinWall] projected 20 node(s)
Step =   2041: nodes = 2694, dt = 1.567605e-10, strain = 2.781713e-03, elapsed = 252.4 sec
[TwinWall] projected 22 node(s)
Step =   2042: nodes = 2696, dt = 1.881126e-10, strain = 2.782653e-03, elapsed = 252.5 sec
[TwinWall] projected 21 node(s)
Step =   2043: nodes = 2692, dt = 2.257352e-10, strain = 2.783782e-03, elapsed = 252.6 sec
[TwinWall] projected 22 node(s)
Step =   2044: nodes = 2695, dt = 1.354411e-10, strain = 2.784459e-03, elapsed = 252.8 sec
[TwinWall] projected 22 node(s)
Step =   2045: nodes = 2694, dt = 1.354411e-10, strain = 2.785137e-03, elapsed = 252.9 sec
[TwinWall] projected 23 node(s)
Step =   2046: nodes = 2695, dt = 1.625293e-10, strain = 2.785949e-03, elapsed = 253.0 sec
[TwinWall] projected 22 node(s)
Step =   2047: nodes = 2696, dt = 1.950352e-10, strain = 2.786924e-03, elapsed = 253.1 sec
[TwinWall] projected 20 node(s)
Step =   2048: nodes = 2692, dt = 2.340422e-10, strain = 2.788095e-03, elapsed = 253.2 sec
[TwinWall] projected 21 node(s)
Step =   2049: nodes = 2693, dt = 1.404253e-10, strain = 2.788797e-03, elapsed = 253.4 sec
[TwinWall] projected 19 node(s)
Step =   2050: nodes = 2692, dt = 1.404253e-10, strain = 2.789499e-03, elapsed = 253.5 sec
[TwinWall] projected 21 node(s)
Step =   2051: nodes = 2697, dt = 1.685104e-10, strain = 2.790341e-03, elapsed = 253.6 sec
[TwinWall] projected 21 node(s)
Step =   2052: nodes = 2698, dt = 2.022125e-10, strain = 2.791352e-03, elapsed = 253.7 sec
[TwinWall] projected 22 node(s)
Step =   2053: nodes = 2699, dt = 2.426550e-10, strain = 2.792566e-03, elapsed = 253.8 sec
[TwinWall] projected 21 node(s)
Step =   2054: nodes = 2699, dt = 1.455930e-10, strain = 2.793294e-03, elapsed = 253.9 sec
[TwinWall] projected 23 node(s)
Step =   2055: nodes = 2700, dt = 1.455930e-10, strain = 2.794022e-03, elapsed = 254.0 sec
[TwinWall] projected 24 node(s)
Step =   2056: nodes = 2702, dt = 1.747116e-10, strain = 2.794895e-03, elapsed = 254.1 sec
[TwinWall] projected 23 node(s)
Step =   2057: nodes = 2701, dt = 2.096539e-10, strain = 2.795943e-03, elapsed = 254.2 sec
[TwinWall] projected 21 node(s)
Step =   2058: nodes = 2703, dt = 2.515847e-10, strain = 2.797201e-03, elapsed = 254.4 sec
[TwinWall] projected 19 node(s)
Step =   2059: nodes = 2702, dt = 1.509508e-10, strain = 2.797956e-03, elapsed = 254.5 sec
[TwinWall] projected 21 node(s)
Step =   2060: nodes = 2704, dt = 1.509508e-10, strain = 2.798711e-03, elapsed = 254.6 sec
[TwinWall] projected 20 node(s)
Step =   2061: nodes = 2707, dt = 1.811410e-10, strain = 2.799617e-03, elapsed = 254.7 sec
[TwinWall] projected 22 node(s)
Step =   2062: nodes = 2709, dt = 2.173692e-10, strain = 2.800703e-03, elapsed = 254.8 sec
[TwinWall] projected 22 node(s)
Step =   2063: nodes = 2708, dt = 2.608430e-10, strain = 2.802008e-03, elapsed = 254.9 sec
[TwinWall] projected 23 node(s)
Step =   2064: nodes = 2707, dt = 1.565058e-10, strain = 2.802790e-03, elapsed = 255.4 sec
[TwinWall] projected 20 node(s)
Step =   2065: nodes = 2709, dt = 1.565058e-10, strain = 2.803573e-03, elapsed = 255.5 sec
[TwinWall] projected 22 node(s)
Step =   2066: nodes = 2709, dt = 1.878069e-10, strain = 2.804512e-03, elapsed = 255.7 sec
[TwinWall] projected 22 node(s)
Step =   2067: nodes = 2708, dt = 2.253683e-10, strain = 2.805639e-03, elapsed = 255.8 sec
[TwinWall] projected 22 node(s)
Step =   2068: nodes = 2705, dt = 2.704420e-10, strain = 2.806991e-03, elapsed = 255.9 sec
[TwinWall] projected 20 node(s)
Step =   2069: nodes = 2701, dt = 1.622652e-10, strain = 2.807802e-03, elapsed = 256.1 sec
[TwinWall] projected 25 node(s)
Step =   2070: nodes = 2701, dt = 1.622652e-10, strain = 2.808613e-03, elapsed = 256.2 sec
[TwinWall] projected 22 node(s)
Step =   2071: nodes = 2703, dt = 1.947182e-10, strain = 2.809587e-03, elapsed = 256.3 sec
[TwinWall] projected 21 node(s)
Step =   2072: nodes = 2704, dt = 2.336619e-10, strain = 2.810755e-03, elapsed = 256.4 sec
[TwinWall] projected 23 node(s)
Step =   2073: nodes = 2703, dt = 2.803943e-10, strain = 2.812157e-03, elapsed = 256.6 sec
[TwinWall] projected 23 node(s)
Step =   2074: nodes = 2703, dt = 1.682366e-10, strain = 2.812998e-03, elapsed = 256.7 sec
[TwinWall] projected 23 node(s)
Step =   2075: nodes = 2705, dt = 1.682366e-10, strain = 2.813840e-03, elapsed = 256.8 sec
[TwinWall] projected 23 node(s)
Step =   2076: nodes = 2706, dt = 2.018839e-10, strain = 2.814849e-03, elapsed = 256.9 sec
[TwinWall] projected 24 node(s)
Step =   2077: nodes = 2708, dt = 2.422607e-10, strain = 2.816060e-03, elapsed = 257.0 sec
[TwinWall] projected 24 node(s)
Step =   2078: nodes = 2709, dt = 2.907128e-10, strain = 2.817514e-03, elapsed = 257.1 sec
[TwinWall] projected 20 node(s)
Step =   2079: nodes = 2711, dt = 1.744277e-10, strain = 2.818386e-03, elapsed = 257.2 sec
[TwinWall] projected 19 node(s)
Step =   2080: nodes = 2711, dt = 1.744277e-10, strain = 2.819258e-03, elapsed = 257.4 sec
[TwinWall] projected 21 node(s)
Step =   2081: nodes = 2712, dt = 2.093132e-10, strain = 2.820305e-03, elapsed = 257.5 sec
[TwinWall] projected 20 node(s)
Step =   2082: nodes = 2711, dt = 2.511758e-10, strain = 2.821561e-03, elapsed = 257.7 sec
[TwinWall] projected 21 node(s)
Step =   2083: nodes = 2710, dt = 1.507055e-10, strain = 2.822314e-03, elapsed = 257.8 sec
[TwinWall] projected 22 node(s)
Step =   2084: nodes = 2715, dt = 1.507055e-10, strain = 2.823068e-03, elapsed = 257.9 sec
[TwinWall] projected 22 node(s)
Step =   2085: nodes = 2715, dt = 1.808466e-10, strain = 2.823972e-03, elapsed = 258.0 sec
[TwinWall] projected 24 node(s)
Step =   2086: nodes = 2714, dt = 2.170159e-10, strain = 2.825057e-03, elapsed = 258.1 sec
[TwinWall] projected 22 node(s)
Step =   2087: nodes = 2717, dt = 1.302096e-10, strain = 2.825708e-03, elapsed = 258.2 sec
[TwinWall] projected 22 node(s)
Step =   2088: nodes = 2716, dt = 1.302096e-10, strain = 2.826359e-03, elapsed = 258.3 sec
[TwinWall] projected 24 node(s)
Step =   2089: nodes = 2716, dt = 1.562515e-10, strain = 2.827140e-03, elapsed = 258.4 sec
[TwinWall] projected 24 node(s)
Step =   2090: nodes = 2716, dt = 1.875018e-10, strain = 2.828078e-03, elapsed = 258.6 sec
[TwinWall] projected 25 node(s)
Step =   2091: nodes = 2718, dt = 2.250021e-10, strain = 2.829203e-03, elapsed = 258.7 sec
[TwinWall] projected 20 node(s)
Step =   2092: nodes = 2719, dt = 1.350013e-10, strain = 2.829878e-03, elapsed = 258.8 sec
[TwinWall] projected 23 node(s)
Step =   2093: nodes = 2718, dt = 1.350013e-10, strain = 2.830553e-03, elapsed = 258.9 sec
[TwinWall] projected 21 node(s)
Step =   2094: nodes = 2719, dt = 1.620015e-10, strain = 2.831363e-03, elapsed = 259.0 sec
[TwinWall] projected 29 node(s)
Step =   2095: nodes = 2719, dt = 1.944018e-10, strain = 2.832335e-03, elapsed = 259.1 sec
[TwinWall] projected 27 node(s)
Step =   2096: nodes = 2720, dt = 2.332822e-10, strain = 2.833501e-03, elapsed = 259.3 sec
[TwinWall] projected 23 node(s)
Step =   2097: nodes = 2719, dt = 1.399693e-10, strain = 2.834201e-03, elapsed = 259.4 sec
[TwinWall] projected 23 node(s)
Step =   2098: nodes = 2716, dt = 1.399693e-10, strain = 2.834901e-03, elapsed = 259.5 sec
[TwinWall] projected 23 node(s)
Step =   2099: nodes = 2712, dt = 1.679632e-10, strain = 2.835741e-03, elapsed = 259.6 sec
[TwinWall] projected 20 node(s)
Step =   2100: nodes = 2712, dt = 2.015558e-10, strain = 2.836749e-03, elapsed = 259.7 sec
Writing configuration in legacy data format
 Output file: /data/home/dg000246b/openDIS/HomeWork/output_Cu_twin_rorient/config.2100.data
Writing restart file
 Restart file: /data/home/dg000246b/openDIS/HomeWork/output_Cu_twin_rorient/restart.2100.exadis
[TwinWall] projected 22 node(s)
Step =   2101: nodes = 2710, dt = 2.418670e-10, strain = 2.837958e-03, elapsed = 259.9 sec
[TwinWall] projected 24 node(s)
Step =   2102: nodes = 2708, dt = 2.902404e-10, strain = 2.839409e-03, elapsed = 260.0 sec
[TwinWall] projected 24 node(s)
Step =   2103: nodes = 2710, dt = 1.741442e-10, strain = 2.840280e-03, elapsed = 260.1 sec
[TwinWall] projected 22 node(s)
Step =   2104: nodes = 2709, dt = 1.741442e-10, strain = 2.841151e-03, elapsed = 260.2 sec
[TwinWall] projected 20 node(s)
Step =   2105: nodes = 2709, dt = 2.089731e-10, strain = 2.842195e-03, elapsed = 260.3 sec
[TwinWall] projected 21 node(s)
Step =   2106: nodes = 2708, dt = 2.507677e-10, strain = 2.843449e-03, elapsed = 260.5 sec
[TwinWall] projected 24 node(s)
Step =   2107: nodes = 2709, dt = 3.009212e-10, strain = 2.844954e-03, elapsed = 260.6 sec
[TwinWall] projected 25 node(s)
Step =   2108: nodes = 2703, dt = 3.611055e-10, strain = 2.846759e-03, elapsed = 260.7 sec
[TwinWall] projected 23 node(s)
Step =   2109: nodes = 2706, dt = 2.166633e-10, strain = 2.847843e-03, elapsed = 260.9 sec
[TwinWall] projected 25 node(s)
Step =   2110: nodes = 2704, dt = 2.166633e-10, strain = 2.848926e-03, elapsed = 261.0 sec
[TwinWall] projected 24 node(s)
Step =   2111: nodes = 2707, dt = 2.599959e-10, strain = 2.850226e-03, elapsed = 261.1 sec
[TwinWall] projected 25 node(s)
Step =   2112: nodes = 2709, dt = 3.119951e-10, strain = 2.851786e-03, elapsed = 261.2 sec
[TwinWall] projected 21 node(s)
Step =   2113: nodes = 2710, dt = 1.871971e-10, strain = 2.852722e-03, elapsed = 261.3 sec
[TwinWall] projected 22 node(s)
Step =   2114: nodes = 2709, dt = 1.871971e-10, strain = 2.853658e-03, elapsed = 261.4 sec
[TwinWall] projected 25 node(s)
Step =   2115: nodes = 2712, dt = 2.246365e-10, strain = 2.854781e-03, elapsed = 261.6 sec
[TwinWall] projected 20 node(s)
Step =   2116: nodes = 2712, dt = 1.347819e-10, strain = 2.855455e-03, elapsed = 261.7 sec
[TwinWall] projected 23 node(s)
Step =   2117: nodes = 2713, dt = 1.347819e-10, strain = 2.856129e-03, elapsed = 261.8 sec
[TwinWall] projected 21 node(s)
Step =   2118: nodes = 2713, dt = 1.617383e-10, strain = 2.856938e-03, elapsed = 261.9 sec
[TwinWall] projected 23 node(s)
Step =   2119: nodes = 2716, dt = 1.940859e-10, strain = 2.857908e-03, elapsed = 262.0 sec
[TwinWall] projected 18 node(s)
Step =   2120: nodes = 2720, dt = 1.164516e-10, strain = 2.858490e-03, elapsed = 262.2 sec
[TwinWall] projected 19 node(s)
Step =   2121: nodes = 2721, dt = 1.164516e-10, strain = 2.859073e-03, elapsed = 262.3 sec
[TwinWall] projected 21 node(s)
Step =   2122: nodes = 2723, dt = 1.397419e-10, strain = 2.859771e-03, elapsed = 262.4 sec
[TwinWall] projected 21 node(s)
Step =   2123: nodes = 2722, dt = 1.676902e-10, strain = 2.860610e-03, elapsed = 262.5 sec
[TwinWall] projected 24 node(s)
Step =   2124: nodes = 2722, dt = 2.012283e-10, strain = 2.861616e-03, elapsed = 262.6 sec
[TwinWall] projected 20 node(s)
Step =   2125: nodes = 2722, dt = 1.207370e-10, strain = 2.862220e-03, elapsed = 262.7 sec
[TwinWall] projected 23 node(s)
Step =   2126: nodes = 2722, dt = 1.207370e-10, strain = 2.862823e-03, elapsed = 262.8 sec
[TwinWall] projected 23 node(s)
Step =   2127: nodes = 2727, dt = 1.448844e-10, strain = 2.863548e-03, elapsed = 262.9 sec
[TwinWall] projected 21 node(s)
Step =   2128: nodes = 2727, dt = 1.738612e-10, strain = 2.864417e-03, elapsed = 263.0 sec
[TwinWall] projected 20 node(s)
Step =   2129: nodes = 2727, dt = 2.086335e-10, strain = 2.865460e-03, elapsed = 263.2 sec
[TwinWall] projected 18 node(s)
Step =   2130: nodes = 2728, dt = 1.251801e-10, strain = 2.866086e-03, elapsed = 263.3 sec
[TwinWall] projected 20 node(s)
Step =   2131: nodes = 2731, dt = 1.251801e-10, strain = 2.866712e-03, elapsed = 263.4 sec
[TwinWall] projected 21 node(s)
Step =   2132: nodes = 2735, dt = 1.502161e-10, strain = 2.867463e-03, elapsed = 263.5 sec
[TwinWall] projected 21 node(s)
Step =   2133: nodes = 2737, dt = 1.802593e-10, strain = 2.868364e-03, elapsed = 263.6 sec
[TwinWall] projected 22 node(s)
Step =   2134: nodes = 2739, dt = 2.163112e-10, strain = 2.869446e-03, elapsed = 263.7 sec
[TwinWall] projected 20 node(s)
Step =   2135: nodes = 2743, dt = 2.595734e-10, strain = 2.870744e-03, elapsed = 263.8 sec
[TwinWall] projected 21 node(s)
Step =   2136: nodes = 2742, dt = 3.114881e-10, strain = 2.872301e-03, elapsed = 264.0 sec
[TwinWall] projected 19 node(s)
Step =   2137: nodes = 2746, dt = 1.868929e-10, strain = 2.873236e-03, elapsed = 264.1 sec
[TwinWall] projected 17 node(s)
Step =   2138: nodes = 2747, dt = 1.868929e-10, strain = 2.874170e-03, elapsed = 264.2 sec
[TwinWall] projected 21 node(s)
Step =   2139: nodes = 2748, dt = 2.242715e-10, strain = 2.875292e-03, elapsed = 264.3 sec
[TwinWall] projected 22 node(s)
Step =   2140: nodes = 2743, dt = 2.691257e-10, strain = 2.876637e-03, elapsed = 264.4 sec
[TwinWall] projected 19 node(s)
Step =   2141: nodes = 2743, dt = 1.614754e-10, strain = 2.877445e-03, elapsed = 264.6 sec
[TwinWall] projected 20 node(s)
Step =   2142: nodes = 2745, dt = 1.614754e-10, strain = 2.878252e-03, elapsed = 264.7 sec
[TwinWall] projected 19 node(s)
Step =   2143: nodes = 2745, dt = 1.937705e-10, strain = 2.879221e-03, elapsed = 264.8 sec
[TwinWall] projected 24 node(s)
Step =   2144: nodes = 2746, dt = 2.325246e-10, strain = 2.880383e-03, elapsed = 264.9 sec
[TwinWall] projected 16 node(s)
Step =   2145: nodes = 2746, dt = 1.395148e-10, strain = 2.881081e-03, elapsed = 265.1 sec
[TwinWall] projected 20 node(s)
Step =   2146: nodes = 2746, dt = 1.395148e-10, strain = 2.881779e-03, elapsed = 265.1 sec
[TwinWall] projected 19 node(s)
Step =   2147: nodes = 2746, dt = 1.674177e-10, strain = 2.882616e-03, elapsed = 265.3 sec
[TwinWall] projected 20 node(s)
Step =   2148: nodes = 2747, dt = 2.009013e-10, strain = 2.883620e-03, elapsed = 265.4 sec
[TwinWall] projected 20 node(s)
Step =   2149: nodes = 2752, dt = 1.205408e-10, strain = 2.884223e-03, elapsed = 265.5 sec
[TwinWall] projected 20 node(s)
Step =   2150: nodes = 2751, dt = 1.205408e-10, strain = 2.884826e-03, elapsed = 265.6 sec
[TwinWall] projected 20 node(s)
Step =   2151: nodes = 2753, dt = 1.446489e-10, strain = 2.885549e-03, elapsed = 265.7 sec
[TwinWall] projected 21 node(s)
Step =   2152: nodes = 2757, dt = 1.735787e-10, strain = 2.886417e-03, elapsed = 265.8 sec
[TwinWall] projected 17 node(s)
Step =   2153: nodes = 2757, dt = 2.082945e-10, strain = 2.887458e-03, elapsed = 265.9 sec
[TwinWall] projected 22 node(s)
Step =   2154: nodes = 2756, dt = 2.499533e-10, strain = 2.888708e-03, elapsed = 266.1 sec
[TwinWall] projected 20 node(s)
Step =   2155: nodes = 2750, dt = 2.999440e-10, strain = 2.890208e-03, elapsed = 266.2 sec
[TwinWall] projected 21 node(s)
Step =   2156: nodes = 2738, dt = 3.599328e-10, strain = 2.892007e-03, elapsed = 266.3 sec
[TwinWall] projected 20 node(s)
Step =   2157: nodes = 2738, dt = 2.159597e-10, strain = 2.893087e-03, elapsed = 266.4 sec
[TwinWall] projected 19 node(s)
Step =   2158: nodes = 2738, dt = 2.159597e-10, strain = 2.894167e-03, elapsed = 266.6 sec
[TwinWall] projected 21 node(s)
Step =   2159: nodes = 2737, dt = 2.591516e-10, strain = 2.895463e-03, elapsed = 266.7 sec
[TwinWall] projected 20 node(s)
Step =   2160: nodes = 2741, dt = 3.109820e-10, strain = 2.897018e-03, elapsed = 266.8 sec
[TwinWall] projected 19 node(s)
Step =   2161: nodes = 2744, dt = 1.865892e-10, strain = 2.897951e-03, elapsed = 266.9 sec
[TwinWall] projected 20 node(s)
Step =   2162: nodes = 2749, dt = 1.865892e-10, strain = 2.898883e-03, elapsed = 267.1 sec
[TwinWall] projected 20 node(s)
Step =   2163: nodes = 2749, dt = 2.239070e-10, strain = 2.900003e-03, elapsed = 267.2 sec
[TwinWall] projected 19 node(s)
Step =   2164: nodes = 2748, dt = 1.343442e-10, strain = 2.900675e-03, elapsed = 267.3 sec
[TwinWall] projected 18 node(s)
Step =   2165: nodes = 2751, dt = 1.343442e-10, strain = 2.901346e-03, elapsed = 267.4 sec
[TwinWall] projected 19 node(s)
Step =   2166: nodes = 2755, dt = 1.612130e-10, strain = 2.902153e-03, elapsed = 267.5 sec
[TwinWall] projected 18 node(s)
Step =   2167: nodes = 2756, dt = 1.934557e-10, strain = 2.903120e-03, elapsed = 267.6 sec
[TwinWall] projected 20 node(s)
Step =   2168: nodes = 2757, dt = 2.321468e-10, strain = 2.904281e-03, elapsed = 267.8 sec
[TwinWall] projected 21 node(s)
Step =   2169: nodes = 2757, dt = 2.785761e-10, strain = 2.905673e-03, elapsed = 267.9 sec
[TwinWall] projected 22 node(s)
Step =   2170: nodes = 2755, dt = 3.342914e-10, strain = 2.907345e-03, elapsed = 268.1 sec
[TwinWall] projected 21 node(s)
Step =   2171: nodes = 2755, dt = 2.005748e-10, strain = 2.908348e-03, elapsed = 268.2 sec
[TwinWall] projected 21 node(s)
Step =   2172: nodes = 2754, dt = 2.005748e-10, strain = 2.909351e-03, elapsed = 268.3 sec
[TwinWall] projected 21 node(s)
Step =   2173: nodes = 2753, dt = 2.406898e-10, strain = 2.910554e-03, elapsed = 268.4 sec
[TwinWall] projected 19 node(s)
Step =   2174: nodes = 2757, dt = 2.888277e-10, strain = 2.911998e-03, elapsed = 268.6 sec
[TwinWall] projected 20 node(s)
Step =   2175: nodes = 2755, dt = 3.465933e-10, strain = 2.913731e-03, elapsed = 268.7 sec
[TwinWall] projected 18 node(s)
Step =   2176: nodes = 2761, dt = 2.079560e-10, strain = 2.914771e-03, elapsed = 268.8 sec
[TwinWall] projected 17 node(s)
Step =   2177: nodes = 2762, dt = 2.079560e-10, strain = 2.915811e-03, elapsed = 269.0 sec
[TwinWall] projected 19 node(s)
Step =   2178: nodes = 2760, dt = 2.495472e-10, strain = 2.917058e-03, elapsed = 269.1 sec
[TwinWall] projected 17 node(s)
Step =   2179: nodes = 2761, dt = 1.497283e-10, strain = 2.917807e-03, elapsed = 269.2 sec
[TwinWall] projected 16 node(s)
Step =   2180: nodes = 2760, dt = 1.497283e-10, strain = 2.918556e-03, elapsed = 269.3 sec
[TwinWall] projected 19 node(s)
Step =   2181: nodes = 2758, dt = 1.796740e-10, strain = 2.919454e-03, elapsed = 269.4 sec
[TwinWall] projected 22 node(s)
Step =   2182: nodes = 2761, dt = 2.156088e-10, strain = 2.920532e-03, elapsed = 269.5 sec
[TwinWall] projected 17 node(s)
Step =   2183: nodes = 2765, dt = 2.587305e-10, strain = 2.921826e-03, elapsed = 269.6 sec
[TwinWall] projected 17 node(s)
Step =   2184: nodes = 2767, dt = 1.552383e-10, strain = 2.922602e-03, elapsed = 269.8 sec
[TwinWall] projected 22 node(s)
Step =   2185: nodes = 2769, dt = 1.552383e-10, strain = 2.923378e-03, elapsed = 269.9 sec
[TwinWall] projected 21 node(s)
Step =   2186: nodes = 2772, dt = 1.862860e-10, strain = 2.924310e-03, elapsed = 270.0 sec
[TwinWall] projected 20 node(s)
Step =   2187: nodes = 2769, dt = 2.235432e-10, strain = 2.925427e-03, elapsed = 270.1 sec
[TwinWall] projected 19 node(s)
Step =   2188: nodes = 2775, dt = 1.341259e-10, strain = 2.926098e-03, elapsed = 270.3 sec
[TwinWall] projected 18 node(s)
Step =   2189: nodes = 2773, dt = 1.341259e-10, strain = 2.926769e-03, elapsed = 270.4 sec
[TwinWall] projected 23 node(s)
Step =   2190: nodes = 2777, dt = 1.609511e-10, strain = 2.927573e-03, elapsed = 270.5 sec
[TwinWall] projected 25 node(s)
Step =   2191: nodes = 2776, dt = 1.931413e-10, strain = 2.928539e-03, elapsed = 270.6 sec
[TwinWall] projected 24 node(s)
Step =   2192: nodes = 2776, dt = 1.158848e-10, strain = 2.929118e-03, elapsed = 270.7 sec
[TwinWall] projected 24 node(s)
Step =   2193: nodes = 2774, dt = 1.158848e-10, strain = 2.929698e-03, elapsed = 270.8 sec
[TwinWall] projected 26 node(s)
Step =   2194: nodes = 2778, dt = 1.390617e-10, strain = 2.930393e-03, elapsed = 270.9 sec
[TwinWall] projected 26 node(s)
Step =   2195: nodes = 2780, dt = 1.668741e-10, strain = 2.931228e-03, elapsed = 271.0 sec
[TwinWall] projected 29 node(s)
Step =   2196: nodes = 2780, dt = 2.002489e-10, strain = 2.932229e-03, elapsed = 271.2 sec
[TwinWall] projected 29 node(s)
Step =   2197: nodes = 2777, dt = 2.402987e-10, strain = 2.933430e-03, elapsed = 271.3 sec
[TwinWall] projected 32 node(s)
Step =   2198: nodes = 2778, dt = 1.441792e-10, strain = 2.934151e-03, elapsed = 271.4 sec
[TwinWall] projected 31 node(s)
Step =   2199: nodes = 2778, dt = 1.441792e-10, strain = 2.934872e-03, elapsed = 271.5 sec
[TwinWall] projected 35 node(s)
Step =   2200: nodes = 2780, dt = 1.730150e-10, strain = 2.935737e-03, elapsed = 271.6 sec
Writing configuration in legacy data format
 Output file: /data/home/dg000246b/openDIS/HomeWork/output_Cu_twin_rorient/config.2200.data
Writing restart file
 Restart file: /data/home/dg000246b/openDIS/HomeWork/output_Cu_twin_rorient/restart.2200.exadis
[TwinWall] projected 36 node(s)
Step =   2201: nodes = 2785, dt = 2.076180e-10, strain = 2.936775e-03, elapsed = 271.8 sec
[TwinWall] projected 31 node(s)
Step =   2202: nodes = 2786, dt = 2.491417e-10, strain = 2.938021e-03, elapsed = 271.9 sec
[TwinWall] projected 32 node(s)
Step =   2203: nodes = 2783, dt = 1.494850e-10, strain = 2.938768e-03, elapsed = 272.0 sec
[TwinWall] projected 35 node(s)
Step =   2204: nodes = 2783, dt = 1.494850e-10, strain = 2.939516e-03, elapsed = 272.1 sec
[TwinWall] projected 38 node(s)
Step =   2205: nodes = 2781, dt = 1.793820e-10, strain = 2.940413e-03, elapsed = 272.2 sec
[TwinWall] projected 39 node(s)
Step =   2206: nodes = 2778, dt = 2.152584e-10, strain = 2.941489e-03, elapsed = 272.4 sec
[TwinWall] projected 37 node(s)
Step =   2207: nodes = 2777, dt = 1.291550e-10, strain = 2.942135e-03, elapsed = 272.5 sec
[TwinWall] projected 33 node(s)
Step =   2208: nodes = 2775, dt = 1.291550e-10, strain = 2.942781e-03, elapsed = 272.6 sec
[TwinWall] projected 31 node(s)
Step =   2209: nodes = 2774, dt = 1.549860e-10, strain = 2.943556e-03, elapsed = 272.7 sec
[TwinWall] projected 32 node(s)
Step =   2210: nodes = 2771, dt = 1.859833e-10, strain = 2.944485e-03, elapsed = 272.9 sec
[TwinWall] projected 29 node(s)
Step =   2211: nodes = 2770, dt = 1.115900e-10, strain = 2.945043e-03, elapsed = 273.0 sec
[TwinWall] projected 27 node(s)
Step =   2212: nodes = 2768, dt = 1.115900e-10, strain = 2.945601e-03, elapsed = 273.1 sec
[TwinWall] projected 31 node(s)
Step =   2213: nodes = 2770, dt = 1.339079e-10, strain = 2.946271e-03, elapsed = 273.2 sec
[TwinWall] projected 32 node(s)
Step =   2214: nodes = 2767, dt = 1.606895e-10, strain = 2.947074e-03, elapsed = 273.3 sec
[TwinWall] projected 33 node(s)
Step =   2215: nodes = 2765, dt = 1.928274e-10, strain = 2.948038e-03, elapsed = 273.4 sec
[TwinWall] projected 32 node(s)
Step =   2216: nodes = 2764, dt = 1.156965e-10, strain = 2.948617e-03, elapsed = 273.5 sec
[TwinWall] projected 32 node(s)
Step =   2217: nodes = 2761, dt = 1.156965e-10, strain = 2.949195e-03, elapsed = 273.6 sec
[TwinWall] projected 31 node(s)
Step =   2218: nodes = 2757, dt = 1.388358e-10, strain = 2.949890e-03, elapsed = 273.8 sec
[TwinWall] projected 33 node(s)
Step =   2219: nodes = 2755, dt = 1.666029e-10, strain = 2.950723e-03, elapsed = 273.9 sec
[TwinWall] projected 34 node(s)
Step =   2220: nodes = 2753, dt = 1.999235e-10, strain = 2.951722e-03, elapsed = 274.0 sec
[TwinWall] projected 37 node(s)
Step =   2221: nodes = 2750, dt = 2.399082e-10, strain = 2.952922e-03, elapsed = 274.1 sec
[TwinWall] projected 39 node(s)
Step =   2222: nodes = 2748, dt = 2.878898e-10, strain = 2.954361e-03, elapsed = 274.2 sec
[TwinWall] projected 34 node(s)
Step =   2223: nodes = 2748, dt = 1.727339e-10, strain = 2.955225e-03, elapsed = 274.3 sec
[TwinWall] projected 40 node(s)
Step =   2224: nodes = 2750, dt = 1.727339e-10, strain = 2.956089e-03, elapsed = 274.5 sec
[TwinWall] projected 40 node(s)
Step =   2225: nodes = 2751, dt = 2.072807e-10, strain = 2.957125e-03, elapsed = 274.6 sec
[TwinWall] projected 38 node(s)
Step =   2226: nodes = 2754, dt = 2.487368e-10, strain = 2.958369e-03, elapsed = 274.7 sec
[TwinWall] projected 41 node(s)
Step =   2227: nodes = 2751, dt = 2.984842e-10, strain = 2.959861e-03, elapsed = 274.8 sec
[TwinWall] projected 36 node(s)
Step =   2228: nodes = 2751, dt = 1.790905e-10, strain = 2.960757e-03, elapsed = 275.0 sec
[TwinWall] projected 43 node(s)
Step =   2229: nodes = 2753, dt = 1.790905e-10, strain = 2.961652e-03, elapsed = 275.1 sec
[TwinWall] projected 41 node(s)
Step =   2230: nodes = 2754, dt = 2.149086e-10, strain = 2.962727e-03, elapsed = 275.2 sec
[TwinWall] projected 41 node(s)
Step =   2231: nodes = 2758, dt = 2.578903e-10, strain = 2.964016e-03, elapsed = 275.3 sec
[TwinWall] projected 43 node(s)
Step =   2232: nodes = 2754, dt = 3.094684e-10, strain = 2.965563e-03, elapsed = 275.4 sec
[TwinWall] projected 41 node(s)
Step =   2233: nodes = 2756, dt = 1.856810e-10, strain = 2.966492e-03, elapsed = 275.6 sec
[TwinWall] projected 36 node(s)
Step =   2234: nodes = 2758, dt = 1.856810e-10, strain = 2.967420e-03, elapsed = 275.7 sec
[TwinWall] projected 35 node(s)
Step =   2235: nodes = 2757, dt = 2.228172e-10, strain = 2.968534e-03, elapsed = 275.8 sec
[TwinWall] projected 31 node(s)
Step =   2236: nodes = 2756, dt = 1.336903e-10, strain = 2.969203e-03, elapsed = 276.0 sec
[TwinWall] projected 35 node(s)
Step =   2237: nodes = 2758, dt = 1.336903e-10, strain = 2.969871e-03, elapsed = 276.1 sec
[TwinWall] projected 36 node(s)
Step =   2238: nodes = 2760, dt = 1.604284e-10, strain = 2.970673e-03, elapsed = 276.2 sec
[TwinWall] projected 40 node(s)
Step =   2239: nodes = 2757, dt = 1.925141e-10, strain = 2.971636e-03, elapsed = 276.3 sec
[TwinWall] projected 39 node(s)
Step =   2240: nodes = 2759, dt = 2.310169e-10, strain = 2.972791e-03, elapsed = 276.4 sec
[TwinWall] projected 36 node(s)
Step =   2241: nodes = 2760, dt = 1.386101e-10, strain = 2.973484e-03, elapsed = 276.5 sec
[TwinWall] projected 37 node(s)
Step =   2242: nodes = 2763, dt = 1.386101e-10, strain = 2.974177e-03, elapsed = 276.6 sec
[TwinWall] projected 33 node(s)
Step =   2243: nodes = 2763, dt = 1.663322e-10, strain = 2.975009e-03, elapsed = 276.8 sec
[TwinWall] projected 34 node(s)
Step =   2244: nodes = 2763, dt = 1.995986e-10, strain = 2.976007e-03, elapsed = 276.9 sec
[TwinWall] projected 37 node(s)
Step =   2245: nodes = 2763, dt = 1.197592e-10, strain = 2.976605e-03, elapsed = 277.0 sec
[TwinWall] projected 34 node(s)
Step =   2246: nodes = 2763, dt = 1.197592e-10, strain = 2.977204e-03, elapsed = 277.1 sec
[TwinWall] projected 34 node(s)
Step =   2247: nodes = 2767, dt = 1.437110e-10, strain = 2.977923e-03, elapsed = 277.2 sec
[TwinWall] projected 38 node(s)
Step =   2248: nodes = 2770, dt = 1.724532e-10, strain = 2.978785e-03, elapsed = 277.3 sec
[TwinWall] projected 35 node(s)
Step =   2249: nodes = 2768, dt = 1.034719e-10, strain = 2.979302e-03, elapsed = 277.4 sec
[TwinWall] projected 32 node(s)
Step =   2250: nodes = 2766, dt = 1.034719e-10, strain = 2.979820e-03, elapsed = 277.5 sec
[TwinWall] projected 37 node(s)
Step =   2251: nodes = 2765, dt = 1.241663e-10, strain = 2.980441e-03, elapsed = 277.6 sec
[TwinWall] projected 40 node(s)
Step =   2252: nodes = 2763, dt = 1.489996e-10, strain = 2.981186e-03, elapsed = 277.8 sec
[TwinWall] projected 40 node(s)
Step =   2253: nodes = 2759, dt = 1.787995e-10, strain = 2.982080e-03, elapsed = 277.9 sec
[TwinWall] projected 38 node(s)
Step =   2254: nodes = 2760, dt = 1.072797e-10, strain = 2.982616e-03, elapsed = 278.0 sec
[TwinWall] projected 34 node(s)
Step =   2255: nodes = 2761, dt = 1.072797e-10, strain = 2.983152e-03, elapsed = 278.1 sec
[TwinWall] projected 38 node(s)
Step =   2256: nodes = 2760, dt = 1.287356e-10, strain = 2.983796e-03, elapsed = 278.2 sec
[TwinWall] projected 35 node(s)
Step =   2257: nodes = 2761, dt = 1.544827e-10, strain = 2.984569e-03, elapsed = 278.3 sec
[TwinWall] projected 33 node(s)
Step =   2258: nodes = 2763, dt = 1.853793e-10, strain = 2.985495e-03, elapsed = 278.4 sec
[TwinWall] projected 42 node(s)
Step =   2259: nodes = 2762, dt = 2.224552e-10, strain = 2.986608e-03, elapsed = 278.5 sec
[TwinWall] projected 35 node(s)
Step =   2260: nodes = 2759, dt = 2.669462e-10, strain = 2.987942e-03, elapsed = 278.7 sec
[TwinWall] projected 35 node(s)
Step =   2261: nodes = 2759, dt = 1.601677e-10, strain = 2.988743e-03, elapsed = 278.8 sec
[TwinWall] projected 37 node(s)
Step =   2262: nodes = 2758, dt = 1.601677e-10, strain = 2.989544e-03, elapsed = 278.9 sec
[TwinWall] projected 40 node(s)
Step =   2263: nodes = 2758, dt = 1.922013e-10, strain = 2.990505e-03, elapsed = 279.0 sec
[TwinWall] projected 36 node(s)
Step =   2264: nodes = 2760, dt = 1.153208e-10, strain = 2.991082e-03, elapsed = 279.1 sec
[TwinWall] projected 38 node(s)
Step =   2265: nodes = 2757, dt = 1.153208e-10, strain = 2.991658e-03, elapsed = 279.2 sec
[TwinWall] projected 36 node(s)
Step =   2266: nodes = 2758, dt = 1.383849e-10, strain = 2.992350e-03, elapsed = 279.3 sec
[TwinWall] projected 40 node(s)
Step =   2267: nodes = 2761, dt = 1.660619e-10, strain = 2.993181e-03, elapsed = 279.5 sec
[TwinWall] projected 33 node(s)
Step =   2268: nodes = 2763, dt = 1.992743e-10, strain = 2.994177e-03, elapsed = 279.6 sec
[TwinWall] projected 35 node(s)
Step =   2269: nodes = 2757, dt = 2.391291e-10, strain = 2.995373e-03, elapsed = 279.7 sec
[TwinWall] projected 36 node(s)
Step =   2270: nodes = 2755, dt = 1.434775e-10, strain = 2.996090e-03, elapsed = 279.8 sec
[TwinWall] projected 37 node(s)
Step =   2271: nodes = 2755, dt = 1.434775e-10, strain = 2.996807e-03, elapsed = 279.9 sec
[TwinWall] projected 42 node(s)
Step =   2272: nodes = 2756, dt = 1.721730e-10, strain = 2.997668e-03, elapsed = 280.0 sec
[TwinWall] projected 43 node(s)
Step =   2273: nodes = 2754, dt = 2.066076e-10, strain = 2.998701e-03, elapsed = 280.2 sec
[TwinWall] projected 35 node(s)
Step =   2274: nodes = 2754, dt = 1.239645e-10, strain = 2.999321e-03, elapsed = 280.3 sec
[TwinWall] projected 36 node(s)
Step =   2275: nodes = 2753, dt = 1.239645e-10, strain = 2.999941e-03, elapsed = 280.4 sec
[TwinWall] projected 39 node(s)
Step =   2276: nodes = 2755, dt = 1.487574e-10, strain = 3.000685e-03, elapsed = 280.5 sec
[TwinWall] projected 43 node(s)
Step =   2277: nodes = 2755, dt = 1.785089e-10, strain = 3.001577e-03, elapsed = 280.6 sec
[TwinWall] projected 42 node(s)
Step =   2278: nodes = 2753, dt = 2.142107e-10, strain = 3.002648e-03, elapsed = 280.7 sec
[TwinWall] projected 44 node(s)
Step =   2279: nodes = 2754, dt = 1.285264e-10, strain = 3.003291e-03, elapsed = 280.9 sec
[TwinWall] projected 42 node(s)
Step =   2280: nodes = 2754, dt = 1.285264e-10, strain = 3.003934e-03, elapsed = 281.0 sec
[TwinWall] projected 44 node(s)
Step =   2281: nodes = 2753, dt = 1.542317e-10, strain = 3.004705e-03, elapsed = 281.1 sec
[TwinWall] projected 40 node(s)
Step =   2282: nodes = 2753, dt = 1.850781e-10, strain = 3.005630e-03, elapsed = 281.2 sec
[TwinWall] projected 42 node(s)
Step =   2283: nodes = 2756, dt = 2.220937e-10, strain = 3.006741e-03, elapsed = 281.3 sec
[TwinWall] projected 44 node(s)
Step =   2284: nodes = 2761, dt = 2.665124e-10, strain = 3.008073e-03, elapsed = 281.4 sec
[TwinWall] projected 40 node(s)
Step =   2285: nodes = 2755, dt = 1.599074e-10, strain = 3.008873e-03, elapsed = 281.5 sec
[TwinWall] projected 40 node(s)
Step =   2286: nodes = 2755, dt = 1.599074e-10, strain = 3.009672e-03, elapsed = 281.7 sec
[TwinWall] projected 42 node(s)
Step =   2287: nodes = 2753, dt = 1.918889e-10, strain = 3.010632e-03, elapsed = 281.8 sec
[TwinWall] projected 42 node(s)
Step =   2288: nodes = 2752, dt = 2.302667e-10, strain = 3.011783e-03, elapsed = 281.9 sec
[TwinWall] projected 38 node(s)
Step =   2289: nodes = 2753, dt = 1.381600e-10, strain = 3.012474e-03, elapsed = 282.0 sec
[TwinWall] projected 38 node(s)
Step =   2290: nodes = 2755, dt = 1.381600e-10, strain = 3.013165e-03, elapsed = 282.1 sec
[TwinWall] projected 42 node(s)
Step =   2291: nodes = 2753, dt = 1.657920e-10, strain = 3.013994e-03, elapsed = 282.2 sec
[TwinWall] projected 38 node(s)
Step =   2292: nodes = 2756, dt = 9.947522e-11, strain = 3.014491e-03, elapsed = 282.4 sec
[TwinWall] projected 39 node(s)
Step =   2293: nodes = 2754, dt = 9.947522e-11, strain = 3.014988e-03, elapsed = 282.5 sec
[TwinWall] projected 39 node(s)
Step =   2294: nodes = 2756, dt = 1.193703e-10, strain = 3.015585e-03, elapsed = 282.6 sec
[TwinWall] projected 39 node(s)
Step =   2295: nodes = 2756, dt = 1.432443e-10, strain = 3.016301e-03, elapsed = 282.7 sec
[TwinWall] projected 42 node(s)
Step =   2296: nodes = 2761, dt = 1.718932e-10, strain = 3.017161e-03, elapsed = 282.8 sec
[TwinWall] projected 38 node(s)
Step =   2297: nodes = 2760, dt = 1.031359e-10, strain = 3.017677e-03, elapsed = 282.9 sec
[TwinWall] projected 37 node(s)
Step =   2298: nodes = 2762, dt = 1.031359e-10, strain = 3.018192e-03, elapsed = 283.0 sec
[TwinWall] projected 39 node(s)
Step =   2299: nodes = 2764, dt = 1.237631e-10, strain = 3.018811e-03, elapsed = 283.1 sec
[TwinWall] projected 36 node(s)
Step =   2300: nodes = 2766, dt = 1.485157e-10, strain = 3.019554e-03, elapsed = 283.2 sec
Writing configuration in legacy data format
 Output file: /data/home/dg000246b/openDIS/HomeWork/output_Cu_twin_rorient/config.2300.data
Writing restart file
 Restart file: /data/home/dg000246b/openDIS/HomeWork/output_Cu_twin_rorient/restart.2300.exadis
[TwinWall] projected 36 node(s)
Step =   2301: nodes = 2764, dt = 1.782188e-10, strain = 3.020445e-03, elapsed = 283.4 sec
[TwinWall] projected 38 node(s)
Step =   2302: nodes = 2765, dt = 1.069313e-10, strain = 3.020979e-03, elapsed = 283.5 sec
[TwinWall] projected 39 node(s)
Step =   2303: nodes = 2767, dt = 1.069313e-10, strain = 3.021514e-03, elapsed = 283.6 sec
[TwinWall] projected 38 node(s)
Step =   2304: nodes = 2769, dt = 1.283176e-10, strain = 3.022156e-03, elapsed = 283.7 sec
[TwinWall] projected 38 node(s)
Step =   2305: nodes = 2772, dt = 1.539811e-10, strain = 3.022925e-03, elapsed = 283.8 sec
[TwinWall] projected 37 node(s)
Step =   2306: nodes = 2773, dt = 1.847773e-10, strain = 3.023849e-03, elapsed = 283.9 sec
[TwinWall] projected 35 node(s)
Step =   2307: nodes = 2772, dt = 1.108664e-10, strain = 3.024404e-03, elapsed = 284.1 sec
[TwinWall] projected 36 node(s)
Step =   2308: nodes = 2773, dt = 1.108664e-10, strain = 3.024958e-03, elapsed = 284.2 sec
[TwinWall] projected 38 node(s)
Step =   2309: nodes = 2773, dt = 1.330397e-10, strain = 3.025623e-03, elapsed = 284.3 sec
[TwinWall] projected 40 node(s)
Step =   2310: nodes = 2773, dt = 1.596476e-10, strain = 3.026421e-03, elapsed = 284.4 sec
[TwinWall] projected 38 node(s)
Step =   2311: nodes = 2773, dt = 1.915771e-10, strain = 3.027379e-03, elapsed = 284.5 sec
[TwinWall] projected 43 node(s)
Step =   2312: nodes = 2772, dt = 2.298925e-10, strain = 3.028529e-03, elapsed = 284.6 sec
[TwinWall] projected 38 node(s)
Step =   2313: nodes = 2771, dt = 1.379355e-10, strain = 3.029218e-03, elapsed = 284.8 sec
[TwinWall] projected 39 node(s)
Step =   2314: nodes = 2771, dt = 1.379355e-10, strain = 3.029908e-03, elapsed = 284.9 sec
[TwinWall] projected 38 node(s)
Step =   2315: nodes = 2768, dt = 1.655226e-10, strain = 3.030736e-03, elapsed = 285.0 sec
[TwinWall] projected 42 node(s)
Step =   2316: nodes = 2767, dt = 1.986271e-10, strain = 3.031729e-03, elapsed = 285.4 sec
[TwinWall] projected 45 node(s)
Step =   2317: nodes = 2764, dt = 2.383526e-10, strain = 3.032921e-03, elapsed = 285.5 sec
[TwinWall] projected 43 node(s)
Step =   2318: nodes = 2766, dt = 1.430115e-10, strain = 3.033636e-03, elapsed = 285.7 sec
[TwinWall] projected 39 node(s)
Step =   2319: nodes = 2765, dt = 1.430115e-10, strain = 3.034351e-03, elapsed = 285.8 sec
[TwinWall] projected 38 node(s)
Step =   2320: nodes = 2763, dt = 1.716139e-10, strain = 3.035209e-03, elapsed = 285.9 sec
[TwinWall] projected 40 node(s)
Step =   2321: nodes = 2764, dt = 2.059366e-10, strain = 3.036239e-03, elapsed = 286.0 sec
[TwinWall] projected 41 node(s)
Step =   2322: nodes = 2761, dt = 2.471239e-10, strain = 3.037474e-03, elapsed = 286.1 sec
[TwinWall] projected 42 node(s)
Step =   2323: nodes = 2762, dt = 1.482744e-10, strain = 3.038216e-03, elapsed = 286.3 sec
[TwinWall] projected 42 node(s)
Step =   2324: nodes = 2763, dt = 1.482744e-10, strain = 3.038957e-03, elapsed = 286.4 sec
[TwinWall] projected 46 node(s)
Step =   2325: nodes = 2763, dt = 1.779292e-10, strain = 3.039847e-03, elapsed = 286.5 sec
[TwinWall] projected 48 node(s)
Step =   2326: nodes = 2765, dt = 2.135151e-10, strain = 3.040914e-03, elapsed = 286.6 sec
[TwinWall] projected 45 node(s)
Step =   2327: nodes = 2758, dt = 2.562181e-10, strain = 3.042195e-03, elapsed = 286.7 sec
[TwinWall] projected 45 node(s)
Step =   2328: nodes = 2757, dt = 3.074617e-10, strain = 3.043733e-03, elapsed = 286.8 sec
[TwinWall] projected 42 node(s)
Step =   2329: nodes = 2759, dt = 1.844770e-10, strain = 3.044655e-03, elapsed = 287.0 sec
[TwinWall] projected 45 node(s)
Step =   2330: nodes = 2757, dt = 1.844770e-10, strain = 3.045577e-03, elapsed = 287.1 sec
[TwinWall] projected 43 node(s)
Step =   2331: nodes = 2758, dt = 2.213724e-10, strain = 3.046684e-03, elapsed = 287.2 sec
[TwinWall] projected 44 node(s)
Step =   2332: nodes = 2757, dt = 2.656469e-10, strain = 3.048012e-03, elapsed = 287.3 sec
[TwinWall] projected 43 node(s)
Step =   2333: nodes = 2758, dt = 3.187763e-10, strain = 3.049606e-03, elapsed = 287.4 sec
[TwinWall] projected 40 node(s)
Step =   2334: nodes = 2761, dt = 1.912658e-10, strain = 3.050563e-03, elapsed = 287.6 sec
[TwinWall] projected 42 node(s)
Step =   2335: nodes = 2762, dt = 1.912658e-10, strain = 3.051519e-03, elapsed = 287.7 sec
[TwinWall] projected 47 node(s)
Step =   2336: nodes = 2765, dt = 2.295190e-10, strain = 3.052667e-03, elapsed = 287.8 sec
[TwinWall] projected 48 node(s)
Step =   2337: nodes = 2765, dt = 2.754227e-10, strain = 3.054044e-03, elapsed = 288.0 sec
[TwinWall] projected 48 node(s)
Step =   2338: nodes = 2769, dt = 3.305073e-10, strain = 3.055696e-03, elapsed = 288.1 sec
[TwinWall] projected 49 node(s)
Step =   2339: nodes = 2773, dt = 1.983044e-10, strain = 3.056688e-03, elapsed = 288.2 sec
[TwinWall] projected 49 node(s)
Step =   2340: nodes = 2777, dt = 1.983044e-10, strain = 3.057679e-03, elapsed = 288.3 sec
[TwinWall] projected 43 node(s)
Step =   2341: nodes = 2778, dt = 2.379653e-10, strain = 3.058869e-03, elapsed = 288.4 sec
[TwinWall] projected 47 node(s)
Step =   2342: nodes = 2781, dt = 2.855583e-10, strain = 3.060297e-03, elapsed = 288.6 sec
[TwinWall] projected 50 node(s)
Step =   2343: nodes = 2783, dt = 3.426700e-10, strain = 3.062010e-03, elapsed = 288.7 sec
[TwinWall] projected 55 node(s)
Step =   2344: nodes = 2776, dt = 4.112040e-10, strain = 3.064066e-03, elapsed = 288.8 sec
[TwinWall] projected 49 node(s)
Step =   2345: nodes = 2785, dt = 2.467224e-10, strain = 3.065300e-03, elapsed = 289.0 sec
[TwinWall] projected 49 node(s)
Step =   2346: nodes = 2789, dt = 2.467224e-10, strain = 3.066533e-03, elapsed = 289.1 sec
[TwinWall] projected 46 node(s)
Step =   2347: nodes = 2790, dt = 1.480334e-10, strain = 3.067274e-03, elapsed = 289.2 sec
[TwinWall] projected 48 node(s)
Step =   2348: nodes = 2794, dt = 1.480334e-10, strain = 3.068014e-03, elapsed = 289.3 sec
[TwinWall] projected 49 node(s)
Step =   2349: nodes = 2796, dt = 1.776401e-10, strain = 3.068902e-03, elapsed = 289.5 sec
[TwinWall] projected 48 node(s)
Step =   2350: nodes = 2797, dt = 2.131681e-10, strain = 3.069968e-03, elapsed = 289.6 sec
[TwinWall] projected 48 node(s)
Step =   2351: nodes = 2799, dt = 1.279009e-10, strain = 3.070607e-03, elapsed = 289.7 sec
[TwinWall] projected 46 node(s)
Step =   2352: nodes = 2800, dt = 1.279009e-10, strain = 3.071247e-03, elapsed = 289.8 sec
[TwinWall] projected 47 node(s)
Step =   2353: nodes = 2806, dt = 1.534811e-10, strain = 3.072014e-03, elapsed = 289.9 sec
[TwinWall] projected 47 node(s)
Step =   2354: nodes = 2807, dt = 1.841773e-10, strain = 3.072935e-03, elapsed = 290.0 sec
[TwinWall] projected 46 node(s)
Step =   2355: nodes = 2804, dt = 2.210127e-10, strain = 3.074040e-03, elapsed = 290.2 sec
[TwinWall] projected 48 node(s)
Step =   2356: nodes = 2801, dt = 2.652153e-10, strain = 3.075366e-03, elapsed = 290.3 sec
[TwinWall] projected 45 node(s)
Step =   2357: nodes = 2798, dt = 1.591292e-10, strain = 3.076162e-03, elapsed = 290.4 sec
[TwinWall] projected 48 node(s)
Step =   2358: nodes = 2798, dt = 1.591292e-10, strain = 3.076958e-03, elapsed = 290.5 sec
[TwinWall] projected 48 node(s)
Step =   2359: nodes = 2796, dt = 1.909550e-10, strain = 3.077912e-03, elapsed = 290.6 sec
[TwinWall] projected 45 node(s)
Step =   2360: nodes = 2801, dt = 2.291460e-10, strain = 3.079058e-03, elapsed = 290.8 sec
[TwinWall] projected 42 node(s)
Step =   2361: nodes = 2801, dt = 1.374876e-10, strain = 3.079745e-03, elapsed = 290.9 sec
[TwinWall] projected 42 node(s)
Step =   2362: nodes = 2801, dt = 1.374876e-10, strain = 3.080433e-03, elapsed = 291.0 sec
[TwinWall] projected 43 node(s)
Step =   2363: nodes = 2797, dt = 1.649851e-10, strain = 3.081258e-03, elapsed = 291.1 sec
[TwinWall] projected 40 node(s)
Step =   2364: nodes = 2796, dt = 1.979821e-10, strain = 3.082248e-03, elapsed = 291.2 sec
[TwinWall] projected 39 node(s)
Step =   2365: nodes = 2799, dt = 1.187893e-10, strain = 3.082842e-03, elapsed = 291.3 sec
[TwinWall] projected 42 node(s)
Step =   2366: nodes = 2801, dt = 1.187893e-10, strain = 3.083436e-03, elapsed = 291.5 sec
[TwinWall] projected 41 node(s)
Step =   2367: nodes = 2801, dt = 1.425471e-10, strain = 3.084148e-03, elapsed = 291.6 sec
[TwinWall] projected 43 node(s)
Step =   2368: nodes = 2803, dt = 1.710566e-10, strain = 3.085004e-03, elapsed = 291.7 sec
[TwinWall] projected 44 node(s)
Step =   2369: nodes = 2797, dt = 2.052679e-10, strain = 3.086030e-03, elapsed = 291.8 sec
[TwinWall] projected 46 node(s)
Step =   2370: nodes = 2802, dt = 1.231607e-10, strain = 3.086646e-03, elapsed = 291.9 sec
[TwinWall] projected 42 node(s)
Step =   2371: nodes = 2798, dt = 1.231607e-10, strain = 3.087262e-03, elapsed = 292.0 sec
[TwinWall] projected 42 node(s)
Step =   2372: nodes = 2800, dt = 1.477929e-10, strain = 3.088001e-03, elapsed = 292.2 sec
[TwinWall] projected 48 node(s)
Step =   2373: nodes = 2799, dt = 1.773514e-10, strain = 3.088887e-03, elapsed = 292.3 sec
[TwinWall] projected 46 node(s)
Step =   2374: nodes = 2799, dt = 2.128217e-10, strain = 3.089951e-03, elapsed = 292.4 sec
[TwinWall] projected 40 node(s)
Step =   2375: nodes = 2799, dt = 1.276930e-10, strain = 3.090590e-03, elapsed = 292.5 sec
[TwinWall] projected 46 node(s)
Step =   2376: nodes = 2798, dt = 1.276930e-10, strain = 3.091228e-03, elapsed = 292.6 sec
[TwinWall] projected 47 node(s)
Step =   2377: nodes = 2804, dt = 1.532316e-10, strain = 3.091995e-03, elapsed = 292.7 sec
[TwinWall] projected 46 node(s)
Step =   2378: nodes = 2803, dt = 1.838780e-10, strain = 3.092914e-03, elapsed = 292.8 sec
[TwinWall] projected 40 node(s)
Step =   2379: nodes = 2804, dt = 1.103268e-10, strain = 3.093466e-03, elapsed = 293.0 sec
[TwinWall] projected 44 node(s)
Step =   2380: nodes = 2806, dt = 1.103268e-10, strain = 3.094017e-03, elapsed = 293.1 sec
[TwinWall] projected 43 node(s)
Step =   2381: nodes = 2807, dt = 1.323921e-10, strain = 3.094679e-03, elapsed = 293.2 sec
[TwinWall] projected 42 node(s)
Step =   2382: nodes = 2813, dt = 1.588706e-10, strain = 3.095474e-03, elapsed = 293.3 sec
[TwinWall] projected 45 node(s)
Step =   2383: nodes = 2815, dt = 1.906447e-10, strain = 3.096427e-03, elapsed = 293.4 sec
[TwinWall] projected 47 node(s)
Step =   2384: nodes = 2813, dt = 2.287736e-10, strain = 3.097571e-03, elapsed = 293.5 sec
[TwinWall] projected 53 node(s)
Step =   2385: nodes = 2812, dt = 2.745283e-10, strain = 3.098943e-03, elapsed = 293.7 sec
[TwinWall] projected 49 node(s)
Step =   2386: nodes = 2815, dt = 1.647170e-10, strain = 3.099767e-03, elapsed = 293.8 sec
[TwinWall] projected 47 node(s)
Step =   2387: nodes = 2814, dt = 1.647170e-10, strain = 3.100590e-03, elapsed = 293.9 sec
[TwinWall] projected 48 node(s)
Step =   2388: nodes = 2814, dt = 1.976604e-10, strain = 3.101579e-03, elapsed = 294.0 sec
[TwinWall] projected 46 node(s)
Step =   2389: nodes = 2812, dt = 2.371925e-10, strain = 3.102765e-03, elapsed = 294.1 sec
[TwinWall] projected 50 node(s)
Step =   2390: nodes = 2810, dt = 2.846310e-10, strain = 3.104188e-03, elapsed = 294.3 sec
[TwinWall] projected 43 node(s)
Step =   2391: nodes = 2808, dt = 1.707786e-10, strain = 3.105042e-03, elapsed = 294.4 sec
[TwinWall] projected 41 node(s)
Step =   2392: nodes = 2806, dt = 1.707786e-10, strain = 3.105896e-03, elapsed = 294.5 sec
[TwinWall] projected 43 node(s)
Step =   2393: nodes = 2806, dt = 2.049343e-10, strain = 3.106920e-03, elapsed = 294.7 sec
[TwinWall] projected 46 node(s)
Step =   2394: nodes = 2807, dt = 2.459212e-10, strain = 3.108150e-03, elapsed = 294.8 sec
[TwinWall] projected 46 node(s)
Step =   2395: nodes = 2800, dt = 2.951054e-10, strain = 3.109625e-03, elapsed = 294.9 sec
[TwinWall] projected 49 node(s)
Step =   2396: nodes = 2802, dt = 1.770632e-10, strain = 3.110511e-03, elapsed = 295.0 sec
[TwinWall] projected 41 node(s)
Step =   2397: nodes = 2802, dt = 1.770632e-10, strain = 3.111396e-03, elapsed = 295.2 sec
[TwinWall] projected 48 node(s)
Step =   2398: nodes = 2805, dt = 2.124759e-10, strain = 3.112458e-03, elapsed = 295.3 sec
[TwinWall] projected 49 node(s)
Step =   2399: nodes = 2806, dt = 1.274855e-10, strain = 3.113096e-03, elapsed = 295.4 sec
[TwinWall] projected 46 node(s)
Step =   2400: nodes = 2807, dt = 1.274855e-10, strain = 3.113733e-03, elapsed = 295.5 sec
Writing configuration in legacy data format
 Output file: /data/home/dg000246b/openDIS/HomeWork/output_Cu_twin_rorient/config.2400.data
Writing restart file
 Restart file: /data/home/dg000246b/openDIS/HomeWork/output_Cu_twin_rorient/restart.2400.exadis
[TwinWall] projected 46 node(s)
Step =   2401: nodes = 2812, dt = 1.529826e-10, strain = 3.114498e-03, elapsed = 295.7 sec
[TwinWall] projected 47 node(s)
Step =   2402: nodes = 2813, dt = 1.835792e-10, strain = 3.115416e-03, elapsed = 295.8 sec
[TwinWall] projected 42 node(s)
Step =   2403: nodes = 2814, dt = 1.101475e-10, strain = 3.115967e-03, elapsed = 295.9 sec
[TwinWall] projected 45 node(s)
Step =   2404: nodes = 2812, dt = 1.101475e-10, strain = 3.116518e-03, elapsed = 296.0 sec
[TwinWall] projected 47 node(s)
Step =   2405: nodes = 2814, dt = 1.321770e-10, strain = 3.117178e-03, elapsed = 296.1 sec
[TwinWall] projected 45 node(s)
Step =   2406: nodes = 2815, dt = 1.586124e-10, strain = 3.117972e-03, elapsed = 296.2 sec
[TwinWall] projected 47 node(s)
Step =   2407: nodes = 2815, dt = 1.903349e-10, strain = 3.118923e-03, elapsed = 296.4 sec
[TwinWall] projected 45 node(s)
Step =   2408: nodes = 2813, dt = 1.142009e-10, strain = 3.119494e-03, elapsed = 296.5 sec
[TwinWall] projected 43 node(s)
Step =   2409: nodes = 2812, dt = 1.142009e-10, strain = 3.120065e-03, elapsed = 296.6 sec
[TwinWall] projected 45 node(s)
Step =   2410: nodes = 2816, dt = 1.370411e-10, strain = 3.120750e-03, elapsed = 296.7 sec
[TwinWall] projected 47 node(s)
Step =   2411: nodes = 2817, dt = 1.644493e-10, strain = 3.121573e-03, elapsed = 296.8 sec
[TwinWall] projected 44 node(s)
Step =   2412: nodes = 2818, dt = 9.866961e-11, strain = 3.122066e-03, elapsed = 297.0 sec
[TwinWall] projected 46 node(s)
Step =   2413: nodes = 2818, dt = 9.866961e-11, strain = 3.122559e-03, elapsed = 297.1 sec
[TwinWall] projected 48 node(s)
Step =   2414: nodes = 2820, dt = 1.184035e-10, strain = 3.123151e-03, elapsed = 297.2 sec
[TwinWall] projected 49 node(s)
Step =   2415: nodes = 2818, dt = 1.420842e-10, strain = 3.123862e-03, elapsed = 297.3 sec
[TwinWall] projected 48 node(s)
Step =   2416: nodes = 2813, dt = 1.705011e-10, strain = 3.124714e-03, elapsed = 297.4 sec
[TwinWall] projected 50 node(s)
Step =   2417: nodes = 2815, dt = 2.046013e-10, strain = 3.125737e-03, elapsed = 297.5 sec
[TwinWall] projected 48 node(s)
Step =   2418: nodes = 2815, dt = 1.227608e-10, strain = 3.126351e-03, elapsed = 297.6 sec
[TwinWall] projected 48 node(s)
Step =   2419: nodes = 2816, dt = 1.227608e-10, strain = 3.126965e-03, elapsed = 297.8 sec
[TwinWall] projected 49 node(s)
Step =   2420: nodes = 2815, dt = 1.473129e-10, strain = 3.127701e-03, elapsed = 297.9 sec
[TwinWall] projected 45 node(s)
Step =   2421: nodes = 2815, dt = 1.767755e-10, strain = 3.128585e-03, elapsed = 298.0 sec
[TwinWall] projected 53 node(s)
Step =   2422: nodes = 2813, dt = 2.121306e-10, strain = 3.129646e-03, elapsed = 298.1 sec
[TwinWall] projected 49 node(s)
Step =   2423: nodes = 2817, dt = 2.545567e-10, strain = 3.130919e-03, elapsed = 298.2 sec
[TwinWall] projected 48 node(s)
Step =   2424: nodes = 2815, dt = 1.527340e-10, strain = 3.131682e-03, elapsed = 298.4 sec
[TwinWall] projected 53 node(s)
Step =   2425: nodes = 2814, dt = 1.527340e-10, strain = 3.132446e-03, elapsed = 298.5 sec
[TwinWall] projected 47 node(s)
Step =   2426: nodes = 2812, dt = 1.832809e-10, strain = 3.133363e-03, elapsed = 298.6 sec
[TwinWall] projected 50 node(s)
Step =   2427: nodes = 2815, dt = 2.199370e-10, strain = 3.134462e-03, elapsed = 298.7 sec
[TwinWall] projected 52 node(s)
Step =   2428: nodes = 2814, dt = 1.319622e-10, strain = 3.135122e-03, elapsed = 298.8 sec
[TwinWall] projected 53 node(s)
Step =   2429: nodes = 2820, dt = 1.319622e-10, strain = 3.135782e-03, elapsed = 298.9 sec
[TwinWall] projected 53 node(s)
Step =   2430: nodes = 2821, dt = 1.583547e-10, strain = 3.136574e-03, elapsed = 299.0 sec
[TwinWall] projected 52 node(s)
Step =   2431: nodes = 2816, dt = 1.900256e-10, strain = 3.137524e-03, elapsed = 299.2 sec
[TwinWall] projected 52 node(s)
Step =   2432: nodes = 2817, dt = 2.280307e-10, strain = 3.138664e-03, elapsed = 299.3 sec
[TwinWall] projected 55 node(s)
Step =   2433: nodes = 2821, dt = 2.736369e-10, strain = 3.140032e-03, elapsed = 299.4 sec
[TwinWall] projected 55 node(s)
Step =   2434: nodes = 2818, dt = 3.283642e-10, strain = 3.141674e-03, elapsed = 299.5 sec
[TwinWall] projected 54 node(s)
Step =   2435: nodes = 2817, dt = 1.970185e-10, strain = 3.142659e-03, elapsed = 299.7 sec
[TwinWall] projected 52 node(s)
Step =   2436: nodes = 2815, dt = 1.970185e-10, strain = 3.143644e-03, elapsed = 299.8 sec
[TwinWall] projected 48 node(s)
Step =   2437: nodes = 2813, dt = 2.364222e-10, strain = 3.144826e-03, elapsed = 299.9 sec
[TwinWall] projected 49 node(s)
Step =   2438: nodes = 2817, dt = 1.418533e-10, strain = 3.145535e-03, elapsed = 300.1 sec
[TwinWall] projected 48 node(s)
Step =   2439: nodes = 2821, dt = 1.418533e-10, strain = 3.146245e-03, elapsed = 300.2 sec
[TwinWall] projected 53 node(s)
Step =   2440: nodes = 2825, dt = 1.702240e-10, strain = 3.147096e-03, elapsed = 300.3 sec
[TwinWall] projected 50 node(s)
Step =   2441: nodes = 2830, dt = 2.042688e-10, strain = 3.148117e-03, elapsed = 300.4 sec
[TwinWall] projected 51 node(s)
Step =   2442: nodes = 2831, dt = 2.451226e-10, strain = 3.149343e-03, elapsed = 300.5 sec
[TwinWall] projected 57 node(s)
Step =   2443: nodes = 2827, dt = 2.941471e-10, strain = 3.150814e-03, elapsed = 300.7 sec
[TwinWall] projected 55 node(s)
Step =   2444: nodes = 2825, dt = 1.764883e-10, strain = 3.151696e-03, elapsed = 300.8 sec
[TwinWall] projected 52 node(s)
Step =   2445: nodes = 2824, dt = 1.764883e-10, strain = 3.152578e-03, elapsed = 300.9 sec
[TwinWall] projected 55 node(s)
Step =   2446: nodes = 2828, dt = 2.117859e-10, strain = 3.153637e-03, elapsed = 301.0 sec
[TwinWall] projected 57 node(s)
Step =   2447: nodes = 2824, dt = 2.541431e-10, strain = 3.154908e-03, elapsed = 301.2 sec
[TwinWall] projected 52 node(s)
Step =   2448: nodes = 2825, dt = 1.524859e-10, strain = 3.155671e-03, elapsed = 301.3 sec
[TwinWall] projected 51 node(s)
Step =   2449: nodes = 2829, dt = 1.524859e-10, strain = 3.156433e-03, elapsed = 301.4 sec
[TwinWall] projected 55 node(s)
Step =   2450: nodes = 2834, dt = 1.829830e-10, strain = 3.157348e-03, elapsed = 301.5 sec
[TwinWall] projected 53 node(s)
Step =   2451: nodes = 2838, dt = 2.195796e-10, strain = 3.158446e-03, elapsed = 301.6 sec
[TwinWall] projected 52 node(s)
Step =   2452: nodes = 2833, dt = 2.634956e-10, strain = 3.159763e-03, elapsed = 301.8 sec
[TwinWall] projected 51 node(s)
Step =   2453: nodes = 2836, dt = 1.580973e-10, strain = 3.160554e-03, elapsed = 301.9 sec
[TwinWall] projected 52 node(s)
Step =   2454: nodes = 2839, dt = 1.580973e-10, strain = 3.161344e-03, elapsed = 302.0 sec
[TwinWall] projected 52 node(s)
Step =   2455: nodes = 2844, dt = 1.897168e-10, strain = 3.162293e-03, elapsed = 302.1 sec
[TwinWall] projected 55 node(s)
Step =   2456: nodes = 2839, dt = 2.276602e-10, strain = 3.163431e-03, elapsed = 302.2 sec
[TwinWall] projected 53 node(s)
Step =   2457: nodes = 2840, dt = 1.365961e-10, strain = 3.164114e-03, elapsed = 302.4 sec
[TwinWall] projected 52 node(s)
Step =   2458: nodes = 2843, dt = 1.365961e-10, strain = 3.164797e-03, elapsed = 302.5 sec
[TwinWall] projected 54 node(s)
Step =   2459: nodes = 2842, dt = 1.639153e-10, strain = 3.165617e-03, elapsed = 302.6 sec
[TwinWall] projected 50 node(s)
Step =   2460: nodes = 2839, dt = 1.966984e-10, strain = 3.166600e-03, elapsed = 302.7 sec
[TwinWall] projected 51 node(s)
Step =   2461: nodes = 2839, dt = 2.360381e-10, strain = 3.167780e-03, elapsed = 302.9 sec
[TwinWall] projected 52 node(s)
Step =   2462: nodes = 2839, dt = 2.832457e-10, strain = 3.169197e-03, elapsed = 303.0 sec
[TwinWall] projected 52 node(s)
Step =   2463: nodes = 2837, dt = 1.699474e-10, strain = 3.170046e-03, elapsed = 303.1 sec
[TwinWall] projected 53 node(s)
Step =   2464: nodes = 2834, dt = 1.699474e-10, strain = 3.170896e-03, elapsed = 303.2 sec
[TwinWall] projected 52 node(s)
Step =   2465: nodes = 2837, dt = 2.039369e-10, strain = 3.171916e-03, elapsed = 303.3 sec
[TwinWall] projected 56 node(s)
Step =   2466: nodes = 2842, dt = 2.447243e-10, strain = 3.173139e-03, elapsed = 303.5 sec
[TwinWall] projected 52 node(s)
Step =   2467: nodes = 2847, dt = 1.468346e-10, strain = 3.173873e-03, elapsed = 303.6 sec
[TwinWall] projected 54 node(s)
Step =   2468: nodes = 2848, dt = 1.468346e-10, strain = 3.174608e-03, elapsed = 303.7 sec
[TwinWall] projected 53 node(s)
Step =   2469: nodes = 2847, dt = 1.762015e-10, strain = 3.175489e-03, elapsed = 303.8 sec
[TwinWall] projected 50 node(s)
Step =   2470: nodes = 2849, dt = 2.114418e-10, strain = 3.176546e-03, elapsed = 304.0 sec
[TwinWall] projected 51 node(s)
Step =   2471: nodes = 2852, dt = 1.268651e-10, strain = 3.177180e-03, elapsed = 304.1 sec
[TwinWall] projected 52 node(s)
Step =   2472: nodes = 2855, dt = 1.268651e-10, strain = 3.177815e-03, elapsed = 304.2 sec
[TwinWall] projected 52 node(s)
Step =   2473: nodes = 2854, dt = 1.522381e-10, strain = 3.178576e-03, elapsed = 304.3 sec
[TwinWall] projected 54 node(s)
Step =   2474: nodes = 2855, dt = 1.826857e-10, strain = 3.179489e-03, elapsed = 304.4 sec
[TwinWall] projected 56 node(s)
Step =   2475: nodes = 2850, dt = 2.192228e-10, strain = 3.180585e-03, elapsed = 304.5 sec
[TwinWall] projected 56 node(s)
Step =   2476: nodes = 2848, dt = 1.315337e-10, strain = 3.181243e-03, elapsed = 304.7 sec
[TwinWall] projected 56 node(s)
Step =   2477: nodes = 2848, dt = 1.315337e-10, strain = 3.181901e-03, elapsed = 304.8 sec
[TwinWall] projected 57 node(s)
Step =   2478: nodes = 2848, dt = 1.578404e-10, strain = 3.182690e-03, elapsed = 304.9 sec
[TwinWall] projected 56 node(s)
Step =   2479: nodes = 2848, dt = 1.894085e-10, strain = 3.183637e-03, elapsed = 305.0 sec
[TwinWall] projected 58 node(s)
Step =   2480: nodes = 2849, dt = 2.272902e-10, strain = 3.184773e-03, elapsed = 305.1 sec
[TwinWall] projected 57 node(s)
Step =   2481: nodes = 2846, dt = 2.727483e-10, strain = 3.186137e-03, elapsed = 305.2 sec
[TwinWall] projected 57 node(s)
Step =   2482: nodes = 2837, dt = 3.272979e-10, strain = 3.187774e-03, elapsed = 305.4 sec
[TwinWall] projected 55 node(s)
Step =   2483: nodes = 2836, dt = 1.963787e-10, strain = 3.188755e-03, elapsed = 305.5 sec
[TwinWall] projected 55 node(s)
Step =   2484: nodes = 2842, dt = 1.963787e-10, strain = 3.189737e-03, elapsed = 305.6 sec
[TwinWall] projected 58 node(s)
Step =   2485: nodes = 2835, dt = 2.356545e-10, strain = 3.190916e-03, elapsed = 305.8 sec
[TwinWall] projected 57 node(s)
Step =   2486: nodes = 2837, dt = 2.827854e-10, strain = 3.192330e-03, elapsed = 305.9 sec
[TwinWall] projected 55 node(s)
Step =   2487: nodes = 2837, dt = 1.696712e-10, strain = 3.193178e-03, elapsed = 306.0 sec
[TwinWall] projected 56 node(s)
Step =   2488: nodes = 2841, dt = 1.696712e-10, strain = 3.194026e-03, elapsed = 306.1 sec
[TwinWall] projected 54 node(s)
Step =   2489: nodes = 2847, dt = 2.036055e-10, strain = 3.195044e-03, elapsed = 306.3 sec
[TwinWall] projected 56 node(s)
Step =   2490: nodes = 2849, dt = 2.443266e-10, strain = 3.196266e-03, elapsed = 306.4 sec
[TwinWall] projected 59 node(s)
Step =   2491: nodes = 2853, dt = 2.931919e-10, strain = 3.197732e-03, elapsed = 306.5 sec
[TwinWall] projected 49 node(s)
Step =   2492: nodes = 2851, dt = 1.759151e-10, strain = 3.198611e-03, elapsed = 306.6 sec
[TwinWall] projected 54 node(s)
Step =   2493: nodes = 2855, dt = 1.759151e-10, strain = 3.199491e-03, elapsed = 306.8 sec
[TwinWall] projected 56 node(s)
Step =   2494: nodes = 2854, dt = 2.110982e-10, strain = 3.200546e-03, elapsed = 306.9 sec
[TwinWall] projected 55 node(s)
Step =   2495: nodes = 2855, dt = 2.533178e-10, strain = 3.201813e-03, elapsed = 307.0 sec
[TwinWall] projected 58 node(s)
Step =   2496: nodes = 2850, dt = 3.039814e-10, strain = 3.203333e-03, elapsed = 307.2 sec
[TwinWall] projected 62 node(s)
Step =   2497: nodes = 2839, dt = 3.647776e-10, strain = 3.205157e-03, elapsed = 307.3 sec
[TwinWall] projected 58 node(s)
Step =   2498: nodes = 2838, dt = 2.188666e-10, strain = 3.206251e-03, elapsed = 307.4 sec
[TwinWall] projected 59 node(s)
Step =   2499: nodes = 2843, dt = 2.188666e-10, strain = 3.207346e-03, elapsed = 307.5 sec
[TwinWall] projected 63 node(s)
Step =   2500: nodes = 2848, dt = 2.626399e-10, strain = 3.208659e-03, elapsed = 307.7 sec
Writing configuration in legacy data format
 Output file: /data/home/dg000246b/openDIS/HomeWork/output_Cu_twin_rorient/config.2500.data
Writing restart file
 Restart file: /data/home/dg000246b/openDIS/HomeWork/output_Cu_twin_rorient/restart.2500.exadis
[TwinWall] projected 59 node(s)
Step =   2501: nodes = 2847, dt = 3.151679e-10, strain = 3.210235e-03, elapsed = 307.8 sec
[TwinWall] projected 56 node(s)
Step =   2502: nodes = 2852, dt = 1.891007e-10, strain = 3.211180e-03, elapsed = 308.0 sec
[TwinWall] projected 60 node(s)
Step =   2503: nodes = 2852, dt = 1.891007e-10, strain = 3.212126e-03, elapsed = 308.1 sec
[TwinWall] projected 61 node(s)
Step =   2504: nodes = 2856, dt = 2.269209e-10, strain = 3.213260e-03, elapsed = 308.2 sec
[TwinWall] projected 62 node(s)
Step =   2505: nodes = 2859, dt = 1.361525e-10, strain = 3.213941e-03, elapsed = 308.3 sec
[TwinWall] projected 60 node(s)
Step =   2506: nodes = 2860, dt = 1.361525e-10, strain = 3.214622e-03, elapsed = 308.4 sec
[TwinWall] projected 61 node(s)
Step =   2507: nodes = 2863, dt = 1.633830e-10, strain = 3.215439e-03, elapsed = 308.5 sec
[TwinWall] projected 61 node(s)
Step =   2508: nodes = 2870, dt = 1.960596e-10, strain = 3.216419e-03, elapsed = 308.7 sec
[TwinWall] projected 63 node(s)
Step =   2509: nodes = 2868, dt = 2.352716e-10, strain = 3.217595e-03, elapsed = 308.8 sec
[TwinWall] projected 61 node(s)
Step =   2510: nodes = 2865, dt = 2.823259e-10, strain = 3.219007e-03, elapsed = 308.9 sec
[TwinWall] projected 65 node(s)
Step =   2511: nodes = 2867, dt = 3.387910e-10, strain = 3.220701e-03, elapsed = 309.1 sec
[TwinWall] projected 64 node(s)
Step =   2512: nodes = 2868, dt = 2.032746e-10, strain = 3.221717e-03, elapsed = 309.2 sec
[TwinWall] projected 64 node(s)
Step =   2513: nodes = 2871, dt = 2.032746e-10, strain = 3.222734e-03, elapsed = 309.3 sec
[TwinWall] projected 61 node(s)
Step =   2514: nodes = 2872, dt = 1.219648e-10, strain = 3.223343e-03, elapsed = 309.4 sec
[TwinWall] projected 61 node(s)
Step =   2515: nodes = 2873, dt = 1.219648e-10, strain = 3.223953e-03, elapsed = 309.5 sec
[TwinWall] projected 61 node(s)
Step =   2516: nodes = 2872, dt = 1.463577e-10, strain = 3.224685e-03, elapsed = 309.6 sec
[TwinWall] projected 61 node(s)
Step =   2517: nodes = 2871, dt = 1.756293e-10, strain = 3.225563e-03, elapsed = 309.8 sec
[TwinWall] projected 66 node(s)
Step =   2518: nodes = 2875, dt = 2.107551e-10, strain = 3.226617e-03, elapsed = 309.9 sec
[TwinWall] projected 64 node(s)
Step =   2519: nodes = 2873, dt = 2.529062e-10, strain = 3.227881e-03, elapsed = 310.0 sec
[TwinWall] projected 68 node(s)
Step =   2520: nodes = 2876, dt = 3.034874e-10, strain = 3.229399e-03, elapsed = 310.2 sec
[TwinWall] projected 64 node(s)
Step =   2521: nodes = 2871, dt = 1.820924e-10, strain = 3.230309e-03, elapsed = 310.3 sec
[TwinWall] projected 64 node(s)
Step =   2522: nodes = 2870, dt = 1.820924e-10, strain = 3.231220e-03, elapsed = 310.4 sec
[TwinWall] projected 67 node(s)
Step =   2523: nodes = 2866, dt = 2.185109e-10, strain = 3.232312e-03, elapsed = 310.5 sec
[TwinWall] projected 64 node(s)
Step =   2524: nodes = 2869, dt = 2.622131e-10, strain = 3.233623e-03, elapsed = 310.6 sec
[TwinWall] projected 66 node(s)
Step =   2525: nodes = 2870, dt = 1.573279e-10, strain = 3.234410e-03, elapsed = 310.8 sec
[TwinWall] projected 68 node(s)
Step =   2526: nodes = 2878, dt = 1.573279e-10, strain = 3.235197e-03, elapsed = 310.9 sec
[TwinWall] projected 64 node(s)
Step =   2527: nodes = 2878, dt = 1.887934e-10, strain = 3.236141e-03, elapsed = 311.0 sec
[TwinWall] projected 66 node(s)
Step =   2528: nodes = 2880, dt = 2.265521e-10, strain = 3.237273e-03, elapsed = 311.1 sec
[TwinWall] projected 64 node(s)
Step =   2529: nodes = 2880, dt = 1.359313e-10, strain = 3.237953e-03, elapsed = 311.3 sec
[TwinWall] projected 67 node(s)
Step =   2530: nodes = 2880, dt = 1.359313e-10, strain = 3.238633e-03, elapsed = 311.4 sec
[TwinWall] projected 62 node(s)
Step =   2531: nodes = 2885, dt = 1.631175e-10, strain = 3.239448e-03, elapsed = 311.5 sec
[TwinWall] projected 69 node(s)
Step =   2532: nodes = 2888, dt = 1.957410e-10, strain = 3.240427e-03, elapsed = 311.6 sec
[TwinWall] projected 71 node(s)
Step =   2533: nodes = 2886, dt = 2.348892e-10, strain = 3.241602e-03, elapsed = 311.7 sec
[TwinWall] projected 65 node(s)
Step =   2534: nodes = 2886, dt = 1.409335e-10, strain = 3.242306e-03, elapsed = 311.9 sec
[TwinWall] projected 68 node(s)
Step =   2535: nodes = 2889, dt = 1.409335e-10, strain = 3.243011e-03, elapsed = 312.0 sec
[TwinWall] projected 66 node(s)
Step =   2536: nodes = 2888, dt = 1.691203e-10, strain = 3.243856e-03, elapsed = 312.1 sec
[TwinWall] projected 66 node(s)
Step =   2537: nodes = 2886, dt = 2.029443e-10, strain = 3.244871e-03, elapsed = 312.2 sec
[TwinWall] projected 64 node(s)
Step =   2538: nodes = 2889, dt = 1.217666e-10, strain = 3.245480e-03, elapsed = 312.4 sec
[TwinWall] projected 63 node(s)
Step =   2539: nodes = 2896, dt = 1.217666e-10, strain = 3.246089e-03, elapsed = 312.5 sec
[TwinWall] projected 67 node(s)
Step =   2540: nodes = 2897, dt = 1.461199e-10, strain = 3.246819e-03, elapsed = 312.6 sec
[TwinWall] projected 66 node(s)
Step =   2541: nodes = 2899, dt = 1.753439e-10, strain = 3.247696e-03, elapsed = 312.7 sec
[TwinWall] projected 66 node(s)
Step =   2542: nodes = 2902, dt = 2.104127e-10, strain = 3.248748e-03, elapsed = 312.8 sec
[TwinWall] projected 66 node(s)
Step =   2543: nodes = 2905, dt = 1.262476e-10, strain = 3.249379e-03, elapsed = 313.0 sec
[TwinWall] projected 67 node(s)
Step =   2544: nodes = 2905, dt = 1.262476e-10, strain = 3.250011e-03, elapsed = 313.1 sec
[TwinWall] projected 62 node(s)
Step =   2545: nodes = 2905, dt = 1.514971e-10, strain = 3.250768e-03, elapsed = 313.2 sec
[TwinWall] projected 67 node(s)
Step =   2546: nodes = 2908, dt = 1.817965e-10, strain = 3.251677e-03, elapsed = 313.3 sec
[TwinWall] projected 64 node(s)
Step =   2547: nodes = 2904, dt = 1.090779e-10, strain = 3.252223e-03, elapsed = 313.4 sec
[TwinWall] projected 67 node(s)
Step =   2548: nodes = 2907, dt = 1.090779e-10, strain = 3.252768e-03, elapsed = 313.5 sec
[TwinWall] projected 66 node(s)
Step =   2549: nodes = 2909, dt = 1.308935e-10, strain = 3.253422e-03, elapsed = 313.7 sec
[TwinWall] projected 72 node(s)
Step =   2550: nodes = 2913, dt = 1.570722e-10, strain = 3.254208e-03, elapsed = 313.8 sec
[TwinWall] projected 70 node(s)
Step =   2551: nodes = 2911, dt = 1.884866e-10, strain = 3.255150e-03, elapsed = 313.9 sec
[TwinWall] projected 71 node(s)
Step =   2552: nodes = 2906, dt = 2.261840e-10, strain = 3.256281e-03, elapsed = 314.0 sec
[TwinWall] projected 70 node(s)
Step =   2553: nodes = 2899, dt = 2.714208e-10, strain = 3.257638e-03, elapsed = 314.2 sec
[TwinWall] projected 66 node(s)
Step =   2554: nodes = 2900, dt = 1.628525e-10, strain = 3.258453e-03, elapsed = 314.3 sec
[TwinWall] projected 68 node(s)
Step =   2555: nodes = 2900, dt = 1.628525e-10, strain = 3.259267e-03, elapsed = 314.4 sec
[TwinWall] projected 71 node(s)
Step =   2556: nodes = 2899, dt = 1.954230e-10, strain = 3.260244e-03, elapsed = 314.5 sec
[TwinWall] projected 72 node(s)
Step =   2557: nodes = 2896, dt = 2.345075e-10, strain = 3.261416e-03, elapsed = 314.7 sec
[TwinWall] projected 72 node(s)
Step =   2558: nodes = 2897, dt = 2.814090e-10, strain = 3.262823e-03, elapsed = 314.8 sec
[TwinWall] projected 70 node(s)
Step =   2559: nodes = 2893, dt = 1.688454e-10, strain = 3.263668e-03, elapsed = 315.0 sec
[TwinWall] projected 70 node(s)
Step =   2560: nodes = 2898, dt = 1.688454e-10, strain = 3.264512e-03, elapsed = 315.1 sec
[TwinWall] projected 72 node(s)
Step =   2561: nodes = 2900, dt = 2.026145e-10, strain = 3.265525e-03, elapsed = 315.4 sec
[TwinWall] projected 68 node(s)
Step =   2562: nodes = 2901, dt = 1.215687e-10, strain = 3.266133e-03, elapsed = 315.6 sec
[TwinWall] projected 68 node(s)
Step =   2563: nodes = 2904, dt = 1.215687e-10, strain = 3.266741e-03, elapsed = 315.7 sec
[TwinWall] projected 69 node(s)
Step =   2564: nodes = 2906, dt = 1.458825e-10, strain = 3.267470e-03, elapsed = 315.8 sec
[TwinWall] projected 69 node(s)
Step =   2565: nodes = 2905, dt = 1.750589e-10, strain = 3.268345e-03, elapsed = 316.0 sec
[TwinWall] projected 69 node(s)
Step =   2566: nodes = 2909, dt = 2.100707e-10, strain = 3.269396e-03, elapsed = 316.1 sec
[TwinWall] projected 67 node(s)
Step =   2567: nodes = 2906, dt = 2.520849e-10, strain = 3.270656e-03, elapsed = 316.2 sec
[TwinWall] projected 73 node(s)
Step =   2568: nodes = 2901, dt = 3.025019e-10, strain = 3.272169e-03, elapsed = 316.3 sec
[TwinWall] projected 69 node(s)
Step =   2569: nodes = 2902, dt = 1.815011e-10, strain = 3.273076e-03, elapsed = 316.5 sec
[TwinWall] projected 70 node(s)
Step =   2570: nodes = 2902, dt = 1.815011e-10, strain = 3.273984e-03, elapsed = 316.6 sec
[TwinWall] projected 71 node(s)
Step =   2571: nodes = 2902, dt = 2.178013e-10, strain = 3.275073e-03, elapsed = 316.7 sec
[TwinWall] projected 72 node(s)
Step =   2572: nodes = 2908, dt = 2.613616e-10, strain = 3.276380e-03, elapsed = 316.8 sec
[TwinWall] projected 69 node(s)
Step =   2573: nodes = 2906, dt = 1.568170e-10, strain = 3.277164e-03, elapsed = 317.0 sec
[TwinWall] projected 67 node(s)
Step =   2574: nodes = 2909, dt = 1.568170e-10, strain = 3.277948e-03, elapsed = 317.1 sec
[TwinWall] projected 70 node(s)
Step =   2575: nodes = 2914, dt = 1.881804e-10, strain = 3.278889e-03, elapsed = 317.2 sec
[TwinWall] projected 71 node(s)
Step =   2576: nodes = 2912, dt = 1.129082e-10, strain = 3.279453e-03, elapsed = 317.4 sec
[TwinWall] projected 70 node(s)
Step =   2577: nodes = 2912, dt = 1.129082e-10, strain = 3.280018e-03, elapsed = 317.5 sec
[TwinWall] projected 72 node(s)
Step =   2578: nodes = 2912, dt = 1.354899e-10, strain = 3.280695e-03, elapsed = 317.6 sec
[TwinWall] projected 71 node(s)
Step =   2579: nodes = 2918, dt = 1.625878e-10, strain = 3.281508e-03, elapsed = 317.7 sec
[TwinWall] projected 74 node(s)
Step =   2580: nodes = 2920, dt = 1.951054e-10, strain = 3.282484e-03, elapsed = 317.9 sec
[TwinWall] projected 79 node(s)
Step =   2581: nodes = 2924, dt = 2.341265e-10, strain = 3.283654e-03, elapsed = 318.0 sec
[TwinWall] projected 77 node(s)
Step =   2582: nodes = 2924, dt = 2.809518e-10, strain = 3.285059e-03, elapsed = 318.1 sec
[TwinWall] projected 74 node(s)
Step =   2583: nodes = 2920, dt = 1.685711e-10, strain = 3.285902e-03, elapsed = 318.2 sec
[TwinWall] projected 75 node(s)
Step =   2584: nodes = 2920, dt = 1.685711e-10, strain = 3.286745e-03, elapsed = 318.4 sec
[TwinWall] projected 75 node(s)
Step =   2585: nodes = 2923, dt = 1.011426e-10, strain = 3.287250e-03, elapsed = 318.5 sec
[TwinWall] projected 75 node(s)
Step =   2586: nodes = 2923, dt = 1.011426e-10, strain = 3.287756e-03, elapsed = 318.6 sec
[TwinWall] projected 74 node(s)
Step =   2587: nodes = 2926, dt = 1.213712e-10, strain = 3.288363e-03, elapsed = 318.7 sec
[TwinWall] projected 76 node(s)
Step =   2588: nodes = 2925, dt = 1.456454e-10, strain = 3.289091e-03, elapsed = 318.8 sec
[TwinWall] projected 79 node(s)
Step =   2589: nodes = 2927, dt = 1.747745e-10, strain = 3.289965e-03, elapsed = 318.9 sec
[TwinWall] projected 73 node(s)
Step =   2590: nodes = 2929, dt = 1.048647e-10, strain = 3.290489e-03, elapsed = 319.1 sec
[TwinWall] projected 71 node(s)
Step =   2591: nodes = 2932, dt = 1.048647e-10, strain = 3.291014e-03, elapsed = 319.2 sec
[TwinWall] projected 74 node(s)
Step =   2592: nodes = 2941, dt = 1.258376e-10, strain = 3.291643e-03, elapsed = 319.3 sec
[TwinWall] projected 73 node(s)
Step =   2593: nodes = 2941, dt = 1.510051e-10, strain = 3.292398e-03, elapsed = 319.4 sec
[TwinWall] projected 72 node(s)
Step =   2594: nodes = 2943, dt = 1.812062e-10, strain = 3.293304e-03, elapsed = 319.5 sec
[TwinWall] projected 77 node(s)
Step =   2595: nodes = 2942, dt = 2.174474e-10, strain = 3.294391e-03, elapsed = 319.6 sec
[TwinWall] projected 76 node(s)
Step =   2596: nodes = 2942, dt = 1.304684e-10, strain = 3.295044e-03, elapsed = 319.8 sec
[TwinWall] projected 80 node(s)
Step =   2597: nodes = 2945, dt = 1.304684e-10, strain = 3.295696e-03, elapsed = 319.9 sec
[TwinWall] projected 72 node(s)
Step =   2598: nodes = 2947, dt = 1.565621e-10, strain = 3.296479e-03, elapsed = 320.0 sec
[TwinWall] projected 78 node(s)
Step =   2599: nodes = 2945, dt = 1.878746e-10, strain = 3.297418e-03, elapsed = 320.1 sec
[TwinWall] projected 81 node(s)
Step =   2600: nodes = 2952, dt = 2.254495e-10, strain = 3.298545e-03, elapsed = 320.3 sec
Writing configuration in legacy data format
 Output file: /data/home/dg000246b/openDIS/HomeWork/output_Cu_twin_rorient/config.2600.data
Writing restart file
 Restart file: /data/home/dg000246b/openDIS/HomeWork/output_Cu_twin_rorient/restart.2600.exadis
[TwinWall] projected 80 node(s)
Step =   2601: nodes = 2944, dt = 2.705394e-10, strain = 3.299898e-03, elapsed = 320.4 sec
[TwinWall] projected 77 node(s)
Step =   2602: nodes = 2951, dt = 1.623236e-10, strain = 3.300710e-03, elapsed = 320.6 sec
[TwinWall] projected 81 node(s)
Step =   2603: nodes = 2950, dt = 1.623236e-10, strain = 3.301521e-03, elapsed = 320.7 sec
[TwinWall] projected 79 node(s)
Step =   2604: nodes = 2951, dt = 1.947883e-10, strain = 3.302495e-03, elapsed = 320.8 sec
[TwinWall] projected 75 node(s)
Step =   2605: nodes = 2954, dt = 1.168730e-10, strain = 3.303080e-03, elapsed = 321.0 sec
[TwinWall] projected 73 node(s)
Step =   2606: nodes = 2958, dt = 1.168730e-10, strain = 3.303664e-03, elapsed = 321.1 sec
[TwinWall] projected 74 node(s)
Step =   2607: nodes = 2958, dt = 1.402476e-10, strain = 3.304365e-03, elapsed = 321.2 sec
[TwinWall] projected 76 node(s)
Step =   2608: nodes = 2958, dt = 1.682971e-10, strain = 3.305207e-03, elapsed = 321.3 sec
[TwinWall] projected 77 node(s)
Step =   2609: nodes = 2956, dt = 2.019566e-10, strain = 3.306216e-03, elapsed = 321.4 sec
[TwinWall] projected 81 node(s)
Step =   2610: nodes = 2955, dt = 2.423479e-10, strain = 3.307428e-03, elapsed = 321.5 sec
[TwinWall] projected 80 node(s)
Step =   2611: nodes = 2952, dt = 2.908174e-10, strain = 3.308882e-03, elapsed = 321.7 sec
[TwinWall] projected 77 node(s)
Step =   2612: nodes = 2953, dt = 1.744905e-10, strain = 3.309755e-03, elapsed = 321.8 sec
[TwinWall] projected 77 node(s)
Step =   2613: nodes = 2950, dt = 1.744905e-10, strain = 3.310627e-03, elapsed = 322.0 sec
[TwinWall] projected 81 node(s)
Step =   2614: nodes = 2953, dt = 2.093886e-10, strain = 3.311674e-03, elapsed = 322.1 sec
[TwinWall] projected 85 node(s)
Step =   2615: nodes = 2951, dt = 2.512663e-10, strain = 3.312930e-03, elapsed = 322.2 sec
[TwinWall] projected 84 node(s)
Step =   2616: nodes = 2953, dt = 1.507598e-10, strain = 3.313684e-03, elapsed = 322.3 sec
[TwinWall] projected 86 node(s)
Step =   2617: nodes = 2963, dt = 1.507598e-10, strain = 3.314438e-03, elapsed = 322.4 sec
[TwinWall] projected 84 node(s)
Step =   2618: nodes = 2964, dt = 1.809117e-10, strain = 3.315343e-03, elapsed = 322.6 sec
[TwinWall] projected 82 node(s)
Step =   2619: nodes = 2966, dt = 1.085470e-10, strain = 3.315885e-03, elapsed = 322.7 sec
[TwinWall] projected 83 node(s)
Step =   2620: nodes = 2971, dt = 1.085470e-10, strain = 3.316428e-03, elapsed = 322.8 sec
[TwinWall] projected 83 node(s)
Step =   2621: nodes = 2973, dt = 1.302564e-10, strain = 3.317079e-03, elapsed = 322.9 sec
[TwinWall] projected 85 node(s)
Step =   2622: nodes = 2979, dt = 1.563077e-10, strain = 3.317861e-03, elapsed = 323.0 sec
[TwinWall] projected 86 node(s)
Step =   2623: nodes = 2980, dt = 1.875693e-10, strain = 3.318799e-03, elapsed = 323.2 sec
[TwinWall] projected 84 node(s)
Step =   2624: nodes = 2978, dt = 2.250831e-10, strain = 3.319924e-03, elapsed = 323.3 sec
[TwinWall] projected 85 node(s)
Step =   2625: nodes = 2984, dt = 1.350499e-10, strain = 3.320599e-03, elapsed = 323.4 sec
[TwinWall] projected 83 node(s)
Step =   2626: nodes = 2984, dt = 1.350499e-10, strain = 3.321275e-03, elapsed = 323.5 sec
[TwinWall] projected 83 node(s)
Step =   2627: nodes = 2985, dt = 1.620598e-10, strain = 3.322085e-03, elapsed = 323.6 sec
[TwinWall] projected 82 node(s)
Step =   2628: nodes = 2981, dt = 1.944718e-10, strain = 3.323057e-03, elapsed = 323.8 sec
[TwinWall] projected 85 node(s)
Step =   2629: nodes = 2990, dt = 2.333662e-10, strain = 3.324224e-03, elapsed = 323.9 sec
[TwinWall] projected 88 node(s)
Step =   2630: nodes = 2987, dt = 2.800394e-10, strain = 3.325624e-03, elapsed = 324.0 sec
[TwinWall] projected 88 node(s)
Step =   2631: nodes = 2982, dt = 3.360473e-10, strain = 3.327305e-03, elapsed = 324.2 sec
[TwinWall] projected 85 node(s)
Step =   2632: nodes = 2986, dt = 2.016284e-10, strain = 3.328313e-03, elapsed = 324.3 sec
[TwinWall] projected 87 node(s)
Step =   2633: nodes = 2987, dt = 2.016284e-10, strain = 3.329321e-03, elapsed = 324.4 sec
[TwinWall] projected 89 node(s)
Step =   2634: nodes = 2988, dt = 2.419540e-10, strain = 3.330531e-03, elapsed = 324.6 sec
[TwinWall] projected 85 node(s)
Step =   2635: nodes = 2992, dt = 1.451724e-10, strain = 3.331256e-03, elapsed = 324.7 sec
[TwinWall] projected 82 node(s)
Step =   2636: nodes = 2996, dt = 1.451724e-10, strain = 3.331982e-03, elapsed = 324.8 sec
[TwinWall] projected 81 node(s)
Step =   2637: nodes = 2995, dt = 1.742069e-10, strain = 3.332853e-03, elapsed = 325.0 sec
[TwinWall] projected 82 node(s)
Step =   2638: nodes = 2999, dt = 2.090483e-10, strain = 3.333899e-03, elapsed = 325.1 sec
[TwinWall] projected 84 node(s)
Step =   2639: nodes = 2998, dt = 1.254290e-10, strain = 3.334526e-03, elapsed = 325.2 sec
[TwinWall] projected 85 node(s)
Step =   2640: nodes = 3000, dt = 1.254290e-10, strain = 3.335153e-03, elapsed = 325.3 sec
[TwinWall] projected 86 node(s)
Step =   2641: nodes = 3002, dt = 1.505148e-10, strain = 3.335905e-03, elapsed = 325.4 sec
[TwinWall] projected 87 node(s)
Step =   2642: nodes = 3002, dt = 1.806177e-10, strain = 3.336809e-03, elapsed = 325.6 sec
[TwinWall] projected 89 node(s)
Step =   2643: nodes = 2999, dt = 2.167413e-10, strain = 3.337892e-03, elapsed = 325.7 sec
[TwinWall] projected 90 node(s)
Step =   2644: nodes = 2999, dt = 2.600895e-10, strain = 3.339193e-03, elapsed = 325.8 sec
[TwinWall] projected 89 node(s)
Step =   2645: nodes = 3007, dt = 1.560537e-10, strain = 3.339973e-03, elapsed = 326.0 sec
[TwinWall] projected 87 node(s)
Step =   2646: nodes = 3009, dt = 1.560537e-10, strain = 3.340753e-03, elapsed = 326.1 sec
[TwinWall] projected 89 node(s)
Step =   2647: nodes = 3008, dt = 1.872645e-10, strain = 3.341690e-03, elapsed = 326.2 sec
[TwinWall] projected 91 node(s)
Step =   2648: nodes = 3013, dt = 2.247174e-10, strain = 3.342813e-03, elapsed = 326.3 sec
[TwinWall] projected 91 node(s)
Step =   2649: nodes = 3014, dt = 2.696608e-10, strain = 3.344161e-03, elapsed = 326.5 sec
[TwinWall] projected 87 node(s)
Step =   2650: nodes = 3022, dt = 1.617965e-10, strain = 3.344970e-03, elapsed = 326.6 sec
[TwinWall] projected 86 node(s)
Step =   2651: nodes = 3021, dt = 1.617965e-10, strain = 3.345779e-03, elapsed = 326.7 sec
[TwinWall] projected 86 node(s)
Step =   2652: nodes = 3024, dt = 1.941558e-10, strain = 3.346750e-03, elapsed = 326.9 sec
[TwinWall] projected 91 node(s)
Step =   2653: nodes = 3032, dt = 2.329870e-10, strain = 3.347915e-03, elapsed = 327.0 sec
[TwinWall] projected 92 node(s)
Step =   2654: nodes = 3035, dt = 1.397922e-10, strain = 3.348614e-03, elapsed = 327.1 sec
[TwinWall] projected 84 node(s)
Step =   2655: nodes = 3038, dt = 1.397922e-10, strain = 3.349313e-03, elapsed = 327.2 sec
[TwinWall] projected 89 node(s)
Step =   2656: nodes = 3043, dt = 1.677506e-10, strain = 3.350152e-03, elapsed = 327.4 sec
[TwinWall] projected 90 node(s)
Step =   2657: nodes = 3041, dt = 2.013007e-10, strain = 3.351158e-03, elapsed = 327.5 sec
[TwinWall] projected 91 node(s)
Step =   2658: nodes = 3042, dt = 2.415609e-10, strain = 3.352366e-03, elapsed = 327.6 sec
[TwinWall] projected 90 node(s)
Step =   2659: nodes = 3046, dt = 1.449365e-10, strain = 3.353091e-03, elapsed = 327.8 sec
[TwinWall] projected 88 node(s)
Step =   2660: nodes = 3046, dt = 1.449365e-10, strain = 3.353815e-03, elapsed = 327.9 sec
[TwinWall] projected 93 node(s)
Step =   2661: nodes = 3045, dt = 1.739238e-10, strain = 3.354685e-03, elapsed = 328.1 sec
[TwinWall] projected 93 node(s)
Step =   2662: nodes = 3051, dt = 2.087086e-10, strain = 3.355729e-03, elapsed = 328.2 sec
[TwinWall] projected 90 node(s)
Step =   2663: nodes = 3046, dt = 1.252252e-10, strain = 3.356355e-03, elapsed = 328.4 sec
[TwinWall] projected 91 node(s)
Step =   2664: nodes = 3050, dt = 1.252252e-10, strain = 3.356981e-03, elapsed = 328.6 sec
[TwinWall] projected 91 node(s)
Step =   2665: nodes = 3053, dt = 1.502702e-10, strain = 3.357732e-03, elapsed = 328.7 sec
[TwinWall] projected 93 node(s)
Step =   2666: nodes = 3057, dt = 1.803242e-10, strain = 3.358634e-03, elapsed = 328.8 sec
[TwinWall] projected 94 node(s)
Step =   2667: nodes = 3054, dt = 2.163891e-10, strain = 3.359716e-03, elapsed = 329.0 sec
[TwinWall] projected 96 node(s)
Step =   2668: nodes = 3053, dt = 2.596669e-10, strain = 3.361014e-03, elapsed = 329.1 sec
[TwinWall] projected 97 node(s)
Step =   2669: nodes = 3054, dt = 1.558001e-10, strain = 3.361793e-03, elapsed = 329.2 sec
[TwinWall] projected 97 node(s)
Step =   2670: nodes = 3054, dt = 1.558001e-10, strain = 3.362572e-03, elapsed = 329.3 sec
[TwinWall] projected 95 node(s)
Step =   2671: nodes = 3056, dt = 1.869602e-10, strain = 3.363507e-03, elapsed = 329.5 sec
[TwinWall] projected 97 node(s)
Step =   2672: nodes = 3059, dt = 2.243522e-10, strain = 3.364629e-03, elapsed = 329.6 sec
[TwinWall] projected 98 node(s)
Step =   2673: nodes = 3057, dt = 2.692226e-10, strain = 3.365975e-03, elapsed = 329.7 sec
[TwinWall] projected 105 node(s)
Step =   2674: nodes = 3056, dt = 3.230671e-10, strain = 3.367590e-03, elapsed = 329.9 sec
[TwinWall] projected 102 node(s)
Step =   2675: nodes = 3056, dt = 1.938403e-10, strain = 3.368559e-03, elapsed = 330.0 sec
[TwinWall] projected 102 node(s)
Step =   2676: nodes = 3055, dt = 1.938403e-10, strain = 3.369529e-03, elapsed = 330.1 sec
[TwinWall] projected 106 node(s)
Step =   2677: nodes = 3063, dt = 2.326083e-10, strain = 3.370692e-03, elapsed = 330.2 sec
[TwinWall] projected 107 node(s)
Step =   2678: nodes = 3068, dt = 2.791300e-10, strain = 3.372087e-03, elapsed = 330.4 sec
[TwinWall] projected 111 node(s)
Step =   2679: nodes = 3071, dt = 3.349560e-10, strain = 3.373762e-03, elapsed = 330.5 sec
[TwinWall] projected 112 node(s)
Step =   2680: nodes = 3070, dt = 2.009736e-10, strain = 3.374767e-03, elapsed = 330.7 sec
[TwinWall] projected 112 node(s)
Step =   2681: nodes = 3078, dt = 2.009736e-10, strain = 3.375772e-03, elapsed = 330.8 sec
[TwinWall] projected 115 node(s)
Step =   2682: nodes = 3080, dt = 2.411683e-10, strain = 3.376978e-03, elapsed = 330.9 sec
[TwinWall] projected 120 node(s)
Step =   2683: nodes = 3084, dt = 2.894020e-10, strain = 3.378425e-03, elapsed = 331.1 sec
[TwinWall] projected 112 node(s)
Step =   2684: nodes = 3086, dt = 1.736412e-10, strain = 3.379293e-03, elapsed = 331.2 sec
[TwinWall] projected 115 node(s)
Step =   2685: nodes = 3090, dt = 1.736412e-10, strain = 3.380161e-03, elapsed = 331.3 sec
[TwinWall] projected 115 node(s)
Step =   2686: nodes = 3096, dt = 2.083694e-10, strain = 3.381203e-03, elapsed = 331.4 sec
[TwinWall] projected 122 node(s)
Step =   2687: nodes = 3096, dt = 2.500433e-10, strain = 3.382453e-03, elapsed = 331.6 sec
[TwinWall] projected 121 node(s)
Step =   2688: nodes = 3099, dt = 1.500260e-10, strain = 3.383203e-03, elapsed = 331.7 sec
[TwinWall] projected 122 node(s)
Step =   2689: nodes = 3100, dt = 1.500260e-10, strain = 3.383953e-03, elapsed = 331.8 sec
[TwinWall] projected 120 node(s)
Step =   2690: nodes = 3107, dt = 1.800312e-10, strain = 3.384854e-03, elapsed = 332.0 sec
[TwinWall] projected 123 node(s)
Step =   2691: nodes = 3103, dt = 2.160374e-10, strain = 3.385934e-03, elapsed = 332.1 sec
[TwinWall] projected 124 node(s)
Step =   2692: nodes = 3107, dt = 2.592449e-10, strain = 3.387230e-03, elapsed = 332.2 sec
[TwinWall] projected 123 node(s)
Step =   2693: nodes = 3109, dt = 1.555470e-10, strain = 3.388008e-03, elapsed = 332.3 sec
[TwinWall] projected 128 node(s)
Step =   2694: nodes = 3113, dt = 1.555470e-10, strain = 3.388785e-03, elapsed = 332.5 sec
[TwinWall] projected 126 node(s)
Step =   2695: nodes = 3110, dt = 1.866563e-10, strain = 3.389719e-03, elapsed = 332.6 sec
[TwinWall] projected 131 node(s)
Step =   2696: nodes = 3111, dt = 2.239876e-10, strain = 3.390839e-03, elapsed = 332.7 sec
[TwinWall] projected 133 node(s)
Step =   2697: nodes = 3115, dt = 2.687851e-10, strain = 3.392183e-03, elapsed = 332.9 sec
[TwinWall] projected 132 node(s)
Step =   2698: nodes = 3118, dt = 1.612711e-10, strain = 3.392989e-03, elapsed = 333.0 sec
[TwinWall] projected 129 node(s)
Step =   2699: nodes = 3115, dt = 1.612711e-10, strain = 3.393795e-03, elapsed = 333.1 sec
[TwinWall] projected 129 node(s)
Step =   2700: nodes = 3118, dt = 1.935253e-10, strain = 3.394763e-03, elapsed = 333.3 sec
Writing configuration in legacy data format
 Output file: /data/home/dg000246b/openDIS/HomeWork/output_Cu_twin_rorient/config.2700.data
Writing restart file
 Restart file: /data/home/dg000246b/openDIS/HomeWork/output_Cu_twin_rorient/restart.2700.exadis
[TwinWall] projected 132 node(s)
Step =   2701: nodes = 3121, dt = 2.322304e-10, strain = 3.395924e-03, elapsed = 333.4 sec
[TwinWall] projected 125 node(s)
Step =   2702: nodes = 3124, dt = 1.393382e-10, strain = 3.396621e-03, elapsed = 333.6 sec
[TwinWall] projected 129 node(s)
Step =   2703: nodes = 3127, dt = 1.393382e-10, strain = 3.397317e-03, elapsed = 333.7 sec
[TwinWall] projected 130 node(s)
Step =   2704: nodes = 3131, dt = 1.672059e-10, strain = 3.398153e-03, elapsed = 333.8 sec
[TwinWall] projected 130 node(s)
Step =   2705: nodes = 3138, dt = 2.006470e-10, strain = 3.399157e-03, elapsed = 333.9 sec
[TwinWall] projected 129 node(s)
Step =   2706: nodes = 3137, dt = 2.407764e-10, strain = 3.400361e-03, elapsed = 334.1 sec
[TwinWall] projected 131 node(s)
Step =   2707: nodes = 3135, dt = 2.889317e-10, strain = 3.401805e-03, elapsed = 334.2 sec
[TwinWall] projected 132 node(s)
Step =   2708: nodes = 3132, dt = 1.733590e-10, strain = 3.402672e-03, elapsed = 334.4 sec
[TwinWall] projected 130 node(s)
Step =   2709: nodes = 3137, dt = 1.733590e-10, strain = 3.403539e-03, elapsed = 334.5 sec
[TwinWall] projected 131 node(s)
Step =   2710: nodes = 3138, dt = 2.080308e-10, strain = 3.404579e-03, elapsed = 334.6 sec
[TwinWall] projected 130 node(s)
Step =   2711: nodes = 3142, dt = 1.248185e-10, strain = 3.405203e-03, elapsed = 334.8 sec
[TwinWall] projected 129 node(s)
Step =   2712: nodes = 3144, dt = 1.248185e-10, strain = 3.405827e-03, elapsed = 334.9 sec
[TwinWall] projected 130 node(s)
Step =   2713: nodes = 3142, dt = 1.497822e-10, strain = 3.406576e-03, elapsed = 335.0 sec
[TwinWall] projected 128 node(s)
Step =   2714: nodes = 3142, dt = 1.797386e-10, strain = 3.407475e-03, elapsed = 335.1 sec
[TwinWall] projected 132 node(s)
Step =   2715: nodes = 3146, dt = 2.156864e-10, strain = 3.408553e-03, elapsed = 335.3 sec
[TwinWall] projected 134 node(s)
Step =   2716: nodes = 3155, dt = 2.588236e-10, strain = 3.409847e-03, elapsed = 335.4 sec
[TwinWall] projected 135 node(s)
Step =   2717: nodes = 3156, dt = 1.552942e-10, strain = 3.410624e-03, elapsed = 335.5 sec
[TwinWall] projected 134 node(s)
Step =   2718: nodes = 3157, dt = 1.552942e-10, strain = 3.411400e-03, elapsed = 335.7 sec
[TwinWall] projected 135 node(s)
Step =   2719: nodes = 3158, dt = 1.863530e-10, strain = 3.412332e-03, elapsed = 335.8 sec
[TwinWall] projected 133 node(s)
Step =   2720: nodes = 3157, dt = 1.118118e-10, strain = 3.412891e-03, elapsed = 336.0 sec
[TwinWall] projected 130 node(s)
Step =   2721: nodes = 3157, dt = 1.118118e-10, strain = 3.413450e-03, elapsed = 336.1 sec
[TwinWall] projected 131 node(s)
Step =   2722: nodes = 3162, dt = 1.341742e-10, strain = 3.414121e-03, elapsed = 336.2 sec
[TwinWall] projected 134 node(s)
Step =   2723: nodes = 3165, dt = 1.610090e-10, strain = 3.414926e-03, elapsed = 336.3 sec
[TwinWall] projected 137 node(s)
Step =   2724: nodes = 3168, dt = 1.932108e-10, strain = 3.415892e-03, elapsed = 336.4 sec
[TwinWall] projected 141 node(s)
Step =   2725: nodes = 3169, dt = 2.318530e-10, strain = 3.417051e-03, elapsed = 336.6 sec
[TwinWall] projected 142 node(s)
Step =   2726: nodes = 3177, dt = 2.782236e-10, strain = 3.418442e-03, elapsed = 336.7 sec
[TwinWall] projected 138 node(s)
Step =   2727: nodes = 3179, dt = 1.669341e-10, strain = 3.419277e-03, elapsed = 336.9 sec
[TwinWall] projected 141 node(s)
Step =   2728: nodes = 3184, dt = 1.669341e-10, strain = 3.420112e-03, elapsed = 337.0 sec
[TwinWall] projected 140 node(s)
Step =   2729: nodes = 3191, dt = 2.003210e-10, strain = 3.421113e-03, elapsed = 337.1 sec
[TwinWall] projected 139 node(s)
Step =   2730: nodes = 3182, dt = 2.403852e-10, strain = 3.422315e-03, elapsed = 337.3 sec
[TwinWall] projected 143 node(s)
Step =   2731: nodes = 3184, dt = 2.884622e-10, strain = 3.423758e-03, elapsed = 337.4 sec
[TwinWall] projected 137 node(s)
Step =   2732: nodes = 3183, dt = 1.730773e-10, strain = 3.424623e-03, elapsed = 337.6 sec
[TwinWall] projected 142 node(s)
Step =   2733: nodes = 3189, dt = 1.730773e-10, strain = 3.425488e-03, elapsed = 337.7 sec
[TwinWall] projected 144 node(s)
Step =   2734: nodes = 3190, dt = 2.076928e-10, strain = 3.426527e-03, elapsed = 337.8 sec
[TwinWall] projected 146 node(s)
Step =   2735: nodes = 3191, dt = 2.492313e-10, strain = 3.427773e-03, elapsed = 338.0 sec
[TwinWall] projected 142 node(s)
Step =   2736: nodes = 3192, dt = 1.495388e-10, strain = 3.428521e-03, elapsed = 338.2 sec
[TwinWall] projected 143 node(s)
Step =   2737: nodes = 3198, dt = 1.495388e-10, strain = 3.429268e-03, elapsed = 338.3 sec
[TwinWall] projected 141 node(s)
Step =   2738: nodes = 3200, dt = 1.794466e-10, strain = 3.430166e-03, elapsed = 338.4 sec
[TwinWall] projected 141 node(s)
Step =   2739: nodes = 3197, dt = 1.076679e-10, strain = 3.430704e-03, elapsed = 338.6 sec
[TwinWall] projected 138 node(s)
Step =   2740: nodes = 3201, dt = 1.076679e-10, strain = 3.431242e-03, elapsed = 338.7 sec
[TwinWall] projected 142 node(s)
Step =   2741: nodes = 3210, dt = 1.292015e-10, strain = 3.431888e-03, elapsed = 338.8 sec
[TwinWall] projected 144 node(s)
Step =   2742: nodes = 3211, dt = 1.550418e-10, strain = 3.432664e-03, elapsed = 338.9 sec
[TwinWall] projected 143 node(s)
Step =   2743: nodes = 3211, dt = 1.860502e-10, strain = 3.433594e-03, elapsed = 339.1 sec
[TwinWall] projected 141 node(s)
Step =   2744: nodes = 3218, dt = 1.116301e-10, strain = 3.434152e-03, elapsed = 339.2 sec
[TwinWall] projected 141 node(s)
Step =   2745: nodes = 3221, dt = 1.116301e-10, strain = 3.434710e-03, elapsed = 339.3 sec
[TwinWall] projected 142 node(s)
Step =   2746: nodes = 3226, dt = 1.339561e-10, strain = 3.435380e-03, elapsed = 339.4 sec
[TwinWall] projected 143 node(s)
Step =   2747: nodes = 3224, dt = 1.607474e-10, strain = 3.436184e-03, elapsed = 339.6 sec
[TwinWall] projected 142 node(s)
Step =   2748: nodes = 3228, dt = 1.928969e-10, strain = 3.437148e-03, elapsed = 339.7 sec
[TwinWall] projected 142 node(s)
Step =   2749: nodes = 3231, dt = 2.314762e-10, strain = 3.438306e-03, elapsed = 339.8 sec
[TwinWall] projected 144 node(s)
Step =   2750: nodes = 3234, dt = 2.777715e-10, strain = 3.439694e-03, elapsed = 340.0 sec
[TwinWall] projected 140 node(s)
Step =   2751: nodes = 3237, dt = 1.666629e-10, strain = 3.440528e-03, elapsed = 340.1 sec
[TwinWall] projected 144 node(s)
Step =   2752: nodes = 3238, dt = 1.666629e-10, strain = 3.441361e-03, elapsed = 340.3 sec
[TwinWall] projected 144 node(s)
Step =   2753: nodes = 3241, dt = 1.999955e-10, strain = 3.442361e-03, elapsed = 340.4 sec
[TwinWall] projected 147 node(s)
Step =   2754: nodes = 3244, dt = 2.399945e-10, strain = 3.443561e-03, elapsed = 340.5 sec
[TwinWall] projected 142 node(s)
Step =   2755: nodes = 3249, dt = 1.439967e-10, strain = 3.444281e-03, elapsed = 340.7 sec
[TwinWall] projected 143 node(s)
Step =   2756: nodes = 3251, dt = 1.439967e-10, strain = 3.445001e-03, elapsed = 340.8 sec
[TwinWall] projected 147 node(s)
Step =   2757: nodes = 3258, dt = 1.727961e-10, strain = 3.445865e-03, elapsed = 340.9 sec
[TwinWall] projected 144 node(s)
Step =   2758: nodes = 3265, dt = 2.073553e-10, strain = 3.446902e-03, elapsed = 341.1 sec
[TwinWall] projected 144 node(s)
Step =   2759: nodes = 3268, dt = 1.244132e-10, strain = 3.447524e-03, elapsed = 341.2 sec
[TwinWall] projected 141 node(s)
Step =   2760: nodes = 3267, dt = 1.244132e-10, strain = 3.448146e-03, elapsed = 341.4 sec
[TwinWall] projected 140 node(s)
Step =   2761: nodes = 3274, dt = 1.492958e-10, strain = 3.448892e-03, elapsed = 341.5 sec
[TwinWall] projected 140 node(s)
Step =   2762: nodes = 3273, dt = 1.791550e-10, strain = 3.449788e-03, elapsed = 341.6 sec
[TwinWall] projected 144 node(s)
Step =   2763: nodes = 3276, dt = 2.149860e-10, strain = 3.450863e-03, elapsed = 341.7 sec
[TwinWall] projected 140 node(s)
Step =   2764: nodes = 3280, dt = 1.289916e-10, strain = 3.451508e-03, elapsed = 341.9 sec
[TwinWall] projected 144 node(s)
Step =   2765: nodes = 3281, dt = 1.289916e-10, strain = 3.452153e-03, elapsed = 342.0 sec
[TwinWall] projected 144 node(s)
Step =   2766: nodes = 3286, dt = 1.547899e-10, strain = 3.452927e-03, elapsed = 342.2 sec
[TwinWall] projected 145 node(s)
Step =   2767: nodes = 3287, dt = 1.857479e-10, strain = 3.453856e-03, elapsed = 342.3 sec
[TwinWall] projected 149 node(s)
Step =   2768: nodes = 3286, dt = 2.228974e-10, strain = 3.454970e-03, elapsed = 342.4 sec
[TwinWall] projected 150 node(s)
Step =   2769: nodes = 3293, dt = 2.674769e-10, strain = 3.456307e-03, elapsed = 342.6 sec
[TwinWall] projected 145 node(s)
Step =   2770: nodes = 3291, dt = 1.604862e-10, strain = 3.457110e-03, elapsed = 342.7 sec
[TwinWall] projected 143 node(s)
Step =   2771: nodes = 3286, dt = 1.604862e-10, strain = 3.457912e-03, elapsed = 342.9 sec
[TwinWall] projected 145 node(s)
Step =   2772: nodes = 3290, dt = 1.925834e-10, strain = 3.458875e-03, elapsed = 343.0 sec
[TwinWall] projected 143 node(s)
Step =   2773: nodes = 3292, dt = 1.155500e-10, strain = 3.459453e-03, elapsed = 343.2 sec
[TwinWall] projected 143 node(s)
Step =   2774: nodes = 3290, dt = 1.155500e-10, strain = 3.460031e-03, elapsed = 343.3 sec
[TwinWall] projected 144 node(s)
Step =   2775: nodes = 3283, dt = 1.386600e-10, strain = 3.460724e-03, elapsed = 343.4 sec
[TwinWall] projected 142 node(s)
Step =   2776: nodes = 3286, dt = 1.663921e-10, strain = 3.461556e-03, elapsed = 343.5 sec
[TwinWall] projected 146 node(s)
Step =   2777: nodes = 3288, dt = 1.996705e-10, strain = 3.462554e-03, elapsed = 343.7 sec
[TwinWall] projected 149 node(s)
Step =   2778: nodes = 3293, dt = 2.396046e-10, strain = 3.463752e-03, elapsed = 343.8 sec
[TwinWall] projected 146 node(s)
Step =   2779: nodes = 3290, dt = 1.437627e-10, strain = 3.464471e-03, elapsed = 344.0 sec
[TwinWall] projected 145 node(s)
Step =   2780: nodes = 3291, dt = 1.437627e-10, strain = 3.465190e-03, elapsed = 344.1 sec
[TwinWall] projected 150 node(s)
Step =   2781: nodes = 3296, dt = 1.725153e-10, strain = 3.466053e-03, elapsed = 344.2 sec
[TwinWall] projected 152 node(s)
Step =   2782: nodes = 3293, dt = 2.070183e-10, strain = 3.467088e-03, elapsed = 344.4 sec
[TwinWall] projected 154 node(s)
Step =   2783: nodes = 3291, dt = 2.484220e-10, strain = 3.468330e-03, elapsed = 344.5 sec
[TwinWall] projected 148 node(s)
Step =   2784: nodes = 3291, dt = 1.490532e-10, strain = 3.469075e-03, elapsed = 344.6 sec
[TwinWall] projected 148 node(s)
Step =   2785: nodes = 3296, dt = 1.490532e-10, strain = 3.469820e-03, elapsed = 344.8 sec
[TwinWall] projected 142 node(s)
Step =   2786: nodes = 3301, dt = 1.788638e-10, strain = 3.470715e-03, elapsed = 344.9 sec
[TwinWall] projected 143 node(s)
Step =   2787: nodes = 3302, dt = 2.146366e-10, strain = 3.471788e-03, elapsed = 345.1 sec
[TwinWall] projected 147 node(s)
Step =   2788: nodes = 3306, dt = 2.575639e-10, strain = 3.473076e-03, elapsed = 345.2 sec
[TwinWall] projected 146 node(s)
Step =   2789: nodes = 3305, dt = 1.545384e-10, strain = 3.473848e-03, elapsed = 345.4 sec
[TwinWall] projected 144 node(s)
Step =   2790: nodes = 3300, dt = 1.545384e-10, strain = 3.474621e-03, elapsed = 345.8 sec
[TwinWall] projected 149 node(s)
Step =   2791: nodes = 3302, dt = 1.854460e-10, strain = 3.475548e-03, elapsed = 346.0 sec
[TwinWall] projected 153 node(s)
Step =   2792: nodes = 3300, dt = 2.225352e-10, strain = 3.476661e-03, elapsed = 346.1 sec
[TwinWall] projected 150 node(s)
Step =   2793: nodes = 3302, dt = 1.335211e-10, strain = 3.477329e-03, elapsed = 346.3 sec
[TwinWall] projected 145 node(s)
Step =   2794: nodes = 3305, dt = 1.335211e-10, strain = 3.477996e-03, elapsed = 346.4 sec
[TwinWall] projected 148 node(s)
Step =   2795: nodes = 3308, dt = 1.602254e-10, strain = 3.478797e-03, elapsed = 346.5 sec
[TwinWall] projected 153 node(s)
Step =   2796: nodes = 3314, dt = 1.922704e-10, strain = 3.479759e-03, elapsed = 346.7 sec
[TwinWall] projected 152 node(s)
Step =   2797: nodes = 3322, dt = 2.307245e-10, strain = 3.480912e-03, elapsed = 346.8 sec
[TwinWall] projected 143 node(s)
Step =   2798: nodes = 3325, dt = 1.384347e-10, strain = 3.481604e-03, elapsed = 347.0 sec
[TwinWall] projected 142 node(s)
Step =   2799: nodes = 3326, dt = 1.384347e-10, strain = 3.482297e-03, elapsed = 347.1 sec
[TwinWall] projected 143 node(s)
Step =   2800: nodes = 3321, dt = 1.661217e-10, strain = 3.483127e-03, elapsed = 347.3 sec
Writing configuration in legacy data format
 Output file: /data/home/dg000246b/openDIS/HomeWork/output_Cu_twin_rorient/config.2800.data
Writing restart file
 Restart file: /data/home/dg000246b/openDIS/HomeWork/output_Cu_twin_rorient/restart.2800.exadis
[TwinWall] projected 148 node(s)
Step =   2801: nodes = 3321, dt = 1.993460e-10, strain = 3.484124e-03, elapsed = 347.4 sec
[TwinWall] projected 150 node(s)
Step =   2802: nodes = 3327, dt = 2.392152e-10, strain = 3.485320e-03, elapsed = 347.6 sec
[TwinWall] projected 151 node(s)
Step =   2803: nodes = 3327, dt = 1.435291e-10, strain = 3.486038e-03, elapsed = 347.7 sec
[TwinWall] projected 150 node(s)
Step =   2804: nodes = 3325, dt = 1.435291e-10, strain = 3.486755e-03, elapsed = 347.9 sec
[TwinWall] projected 153 node(s)
Step =   2805: nodes = 3330, dt = 1.722349e-10, strain = 3.487616e-03, elapsed = 348.0 sec
[TwinWall] projected 157 node(s)
Step =   2806: nodes = 3332, dt = 2.066819e-10, strain = 3.488650e-03, elapsed = 348.1 sec
[TwinWall] projected 153 node(s)
Step =   2807: nodes = 3335, dt = 1.240092e-10, strain = 3.489270e-03, elapsed = 348.3 sec
[TwinWall] projected 146 node(s)
Step =   2808: nodes = 3336, dt = 1.240092e-10, strain = 3.489890e-03, elapsed = 348.4 sec
[TwinWall] projected 147 node(s)
Step =   2809: nodes = 3341, dt = 1.488110e-10, strain = 3.490634e-03, elapsed = 348.5 sec
[TwinWall] projected 146 node(s)
Step =   2810: nodes = 3344, dt = 1.785732e-10, strain = 3.491527e-03, elapsed = 348.7 sec
[TwinWall] projected 155 node(s)
Step =   2811: nodes = 3346, dt = 2.142878e-10, strain = 3.492598e-03, elapsed = 348.8 sec
[TwinWall] projected 154 node(s)
Step =   2812: nodes = 3335, dt = 2.571454e-10, strain = 3.493884e-03, elapsed = 349.0 sec
[TwinWall] projected 154 node(s)
Step =   2813: nodes = 3342, dt = 1.542872e-10, strain = 3.494655e-03, elapsed = 349.1 sec
[TwinWall] projected 154 node(s)
Step =   2814: nodes = 3345, dt = 1.542872e-10, strain = 3.495427e-03, elapsed = 349.3 sec
[TwinWall] projected 154 node(s)
Step =   2815: nodes = 3345, dt = 1.851447e-10, strain = 3.496353e-03, elapsed = 349.4 sec
[TwinWall] projected 155 node(s)
Step =   2816: nodes = 3351, dt = 2.221736e-10, strain = 3.497464e-03, elapsed = 349.5 sec
[TwinWall] projected 151 node(s)
Step =   2817: nodes = 3354, dt = 1.333042e-10, strain = 3.498130e-03, elapsed = 349.7 sec
[TwinWall] projected 152 node(s)
Step =   2818: nodes = 3351, dt = 1.333042e-10, strain = 3.498797e-03, elapsed = 349.8 sec
[TwinWall] projected 152 node(s)
Step =   2819: nodes = 3345, dt = 1.599650e-10, strain = 3.499596e-03, elapsed = 349.9 sec
[TwinWall] projected 157 node(s)
Step =   2820: nodes = 3344, dt = 1.919580e-10, strain = 3.500556e-03, elapsed = 350.1 sec
[TwinWall] projected 156 node(s)
Step =   2821: nodes = 3343, dt = 2.303496e-10, strain = 3.501708e-03, elapsed = 350.2 sec
[TwinWall] projected 162 node(s)
Step =   2822: nodes = 3334, dt = 2.764195e-10, strain = 3.503090e-03, elapsed = 350.3 sec
[TwinWall] projected 159 node(s)
Step =   2823: nodes = 3335, dt = 1.658517e-10, strain = 3.503919e-03, elapsed = 350.5 sec
[TwinWall] projected 156 node(s)
Step =   2824: nodes = 3335, dt = 1.658517e-10, strain = 3.504749e-03, elapsed = 350.6 sec
[TwinWall] projected 157 node(s)
Step =   2825: nodes = 3329, dt = 1.990221e-10, strain = 3.505744e-03, elapsed = 350.8 sec
[TwinWall] projected 161 node(s)
Step =   2826: nodes = 3338, dt = 2.388265e-10, strain = 3.506938e-03, elapsed = 350.9 sec
[TwinWall] projected 166 node(s)
Step =   2827: nodes = 3336, dt = 2.865918e-10, strain = 3.508371e-03, elapsed = 351.1 sec
[TwinWall] projected 161 node(s)
Step =   2828: nodes = 3335, dt = 1.719551e-10, strain = 3.509231e-03, elapsed = 351.2 sec
[TwinWall] projected 165 node(s)
Step =   2829: nodes = 3338, dt = 1.719551e-10, strain = 3.510090e-03, elapsed = 351.3 sec
[TwinWall] projected 167 node(s)
Step =   2830: nodes = 3347, dt = 2.063461e-10, strain = 3.511122e-03, elapsed = 351.5 sec
[TwinWall] projected 167 node(s)
Step =   2831: nodes = 3347, dt = 2.476153e-10, strain = 3.512360e-03, elapsed = 351.6 sec
[TwinWall] projected 167 node(s)
Step =   2832: nodes = 3345, dt = 2.971383e-10, strain = 3.513846e-03, elapsed = 351.8 sec
[TwinWall] projected 165 node(s)
Step =   2833: nodes = 3351, dt = 1.782830e-10, strain = 3.514737e-03, elapsed = 351.9 sec
[TwinWall] projected 171 node(s)
Step =   2834: nodes = 3356, dt = 1.782830e-10, strain = 3.515629e-03, elapsed = 352.1 sec
[TwinWall] projected 168 node(s)
Step =   2835: nodes = 3365, dt = 2.139396e-10, strain = 3.516698e-03, elapsed = 352.2 sec
[TwinWall] projected 168 node(s)
Step =   2836: nodes = 3367, dt = 2.567275e-10, strain = 3.517982e-03, elapsed = 352.3 sec
[TwinWall] projected 168 node(s)
Step =   2837: nodes = 3369, dt = 3.080730e-10, strain = 3.519522e-03, elapsed = 352.5 sec
[TwinWall] projected 165 node(s)
Step =   2838: nodes = 3370, dt = 1.848438e-10, strain = 3.520447e-03, elapsed = 352.6 sec
[TwinWall] projected 169 node(s)
Step =   2839: nodes = 3377, dt = 1.848438e-10, strain = 3.521371e-03, elapsed = 352.8 sec
[TwinWall] projected 173 node(s)
Step =   2840: nodes = 3373, dt = 2.218126e-10, strain = 3.522480e-03, elapsed = 352.9 sec
[TwinWall] projected 163 node(s)
Step =   2841: nodes = 3374, dt = 1.330876e-10, strain = 3.523145e-03, elapsed = 353.1 sec
[TwinWall] projected 168 node(s)
Step =   2842: nodes = 3376, dt = 1.330876e-10, strain = 3.523811e-03, elapsed = 353.2 sec
[TwinWall] projected 170 node(s)
Step =   2843: nodes = 3379, dt = 1.597051e-10, strain = 3.524609e-03, elapsed = 353.3 sec
[TwinWall] projected 171 node(s)
Step =   2844: nodes = 3382, dt = 1.916461e-10, strain = 3.525567e-03, elapsed = 353.5 sec
[TwinWall] projected 174 node(s)
Step =   2845: nodes = 3385, dt = 2.299753e-10, strain = 3.526717e-03, elapsed = 353.6 sec
[TwinWall] projected 175 node(s)
Step =   2846: nodes = 3392, dt = 1.379852e-10, strain = 3.527407e-03, elapsed = 353.7 sec
[TwinWall] projected 172 node(s)
Step =   2847: nodes = 3390, dt = 1.379852e-10, strain = 3.528097e-03, elapsed = 353.9 sec
[TwinWall] projected 169 node(s)
Step =   2848: nodes = 3397, dt = 1.655822e-10, strain = 3.528925e-03, elapsed = 354.0 sec
[TwinWall] projected 175 node(s)
Step =   2849: nodes = 3400, dt = 1.986986e-10, strain = 3.529919e-03, elapsed = 354.2 sec
[TwinWall] projected 172 node(s)
Step =   2850: nodes = 3401, dt = 2.384384e-10, strain = 3.531111e-03, elapsed = 354.3 sec
[TwinWall] projected 170 node(s)
Step =   2851: nodes = 3399, dt = 1.430630e-10, strain = 3.531826e-03, elapsed = 354.5 sec
[TwinWall] projected 176 node(s)
Step =   2852: nodes = 3407, dt = 1.430630e-10, strain = 3.532541e-03, elapsed = 354.6 sec
[TwinWall] projected 178 node(s)
Step =   2853: nodes = 3411, dt = 1.716756e-10, strain = 3.533400e-03, elapsed = 354.7 sec
[TwinWall] projected 171 node(s)
Step =   2854: nodes = 3412, dt = 1.030054e-10, strain = 3.533915e-03, elapsed = 354.9 sec
[TwinWall] projected 177 node(s)
Step =   2855: nodes = 3412, dt = 1.030054e-10, strain = 3.534430e-03, elapsed = 355.0 sec
[TwinWall] projected 180 node(s)
Step =   2856: nodes = 3415, dt = 1.236065e-10, strain = 3.535048e-03, elapsed = 355.1 sec
[TwinWall] projected 176 node(s)
Step =   2857: nodes = 3415, dt = 1.483277e-10, strain = 3.535790e-03, elapsed = 355.3 sec
[TwinWall] projected 177 node(s)
Step =   2858: nodes = 3418, dt = 1.779933e-10, strain = 3.536679e-03, elapsed = 355.4 sec
[TwinWall] projected 185 node(s)
Step =   2859: nodes = 3422, dt = 2.135920e-10, strain = 3.537747e-03, elapsed = 355.5 sec
[TwinWall] projected 181 node(s)
Step =   2860: nodes = 3427, dt = 1.281552e-10, strain = 3.538388e-03, elapsed = 355.7 sec
[TwinWall] projected 179 node(s)
Step =   2861: nodes = 3437, dt = 1.281552e-10, strain = 3.539029e-03, elapsed = 355.8 sec
[TwinWall] projected 178 node(s)
Step =   2862: nodes = 3441, dt = 1.537862e-10, strain = 3.539798e-03, elapsed = 356.0 sec
[TwinWall] projected 179 node(s)
Step =   2863: nodes = 3445, dt = 1.845434e-10, strain = 3.540721e-03, elapsed = 356.1 sec
[TwinWall] projected 185 node(s)
Step =   2864: nodes = 3447, dt = 2.214521e-10, strain = 3.541828e-03, elapsed = 356.2 sec
[TwinWall] projected 181 node(s)
Step =   2865: nodes = 3451, dt = 1.328713e-10, strain = 3.542492e-03, elapsed = 356.4 sec
[TwinWall] projected 179 node(s)
Step =   2866: nodes = 3452, dt = 1.328713e-10, strain = 3.543157e-03, elapsed = 356.5 sec
[TwinWall] projected 186 node(s)
Step =   2867: nodes = 3452, dt = 1.594455e-10, strain = 3.543954e-03, elapsed = 356.7 sec
[TwinWall] projected 189 node(s)
Step =   2868: nodes = 3454, dt = 1.913346e-10, strain = 3.544911e-03, elapsed = 356.8 sec
[TwinWall] projected 188 node(s)
Step =   2869: nodes = 3456, dt = 2.296016e-10, strain = 3.546059e-03, elapsed = 357.0 sec
[TwinWall] projected 184 node(s)
Step =   2870: nodes = 3455, dt = 1.377609e-10, strain = 3.546747e-03, elapsed = 357.1 sec
[TwinWall] projected 183 node(s)
Step =   2871: nodes = 3459, dt = 1.377609e-10, strain = 3.547436e-03, elapsed = 357.2 sec
[TwinWall] projected 185 node(s)
Step =   2872: nodes = 3466, dt = 1.653131e-10, strain = 3.548263e-03, elapsed = 357.4 sec
[TwinWall] projected 186 node(s)
Step =   2873: nodes = 3473, dt = 1.983758e-10, strain = 3.549255e-03, elapsed = 357.5 sec
[TwinWall] projected 192 node(s)
Step =   2874: nodes = 3474, dt = 2.380509e-10, strain = 3.550445e-03, elapsed = 357.6 sec
[TwinWall] projected 190 node(s)
Step =   2875: nodes = 3470, dt = 1.428305e-10, strain = 3.551159e-03, elapsed = 357.8 sec
[TwinWall] projected 189 node(s)
Step =   2876: nodes = 3476, dt = 1.428305e-10, strain = 3.551873e-03, elapsed = 357.9 sec
[TwinWall] projected 188 node(s)
Step =   2877: nodes = 3468, dt = 1.713967e-10, strain = 3.552730e-03, elapsed = 358.1 sec
[TwinWall] projected 193 node(s)
Step =   2878: nodes = 3477, dt = 2.056760e-10, strain = 3.553758e-03, elapsed = 358.2 sec
[TwinWall] projected 192 node(s)
Step =   2879: nodes = 3487, dt = 2.468112e-10, strain = 3.554993e-03, elapsed = 358.4 sec
[TwinWall] projected 194 node(s)
Step =   2880: nodes = 3486, dt = 1.480867e-10, strain = 3.555733e-03, elapsed = 358.5 sec
[TwinWall] projected 191 node(s)
Step =   2881: nodes = 3489, dt = 1.480867e-10, strain = 3.556473e-03, elapsed = 358.7 sec
[TwinWall] projected 193 node(s)
Step =   2882: nodes = 3493, dt = 1.777041e-10, strain = 3.557362e-03, elapsed = 358.8 sec
[TwinWall] projected 197 node(s)
Step =   2883: nodes = 3495, dt = 2.132449e-10, strain = 3.558428e-03, elapsed = 359.0 sec
[TwinWall] projected 200 node(s)
Step =   2884: nodes = 3502, dt = 2.558938e-10, strain = 3.559708e-03, elapsed = 359.1 sec
[TwinWall] projected 195 node(s)
Step =   2885: nodes = 3500, dt = 1.535363e-10, strain = 3.560475e-03, elapsed = 359.3 sec
[TwinWall] projected 197 node(s)
Step =   2886: nodes = 3503, dt = 1.535363e-10, strain = 3.561243e-03, elapsed = 359.4 sec
[TwinWall] projected 196 node(s)
Step =   2887: nodes = 3510, dt = 1.842436e-10, strain = 3.562164e-03, elapsed = 359.5 sec
[TwinWall] projected 199 node(s)
Step =   2888: nodes = 3517, dt = 2.210923e-10, strain = 3.563270e-03, elapsed = 359.7 sec
[TwinWall] projected 196 node(s)
Step =   2889: nodes = 3513, dt = 1.326554e-10, strain = 3.563933e-03, elapsed = 359.8 sec
[TwinWall] projected 201 node(s)
Step =   2890: nodes = 3514, dt = 1.326554e-10, strain = 3.564596e-03, elapsed = 360.0 sec
[TwinWall] projected 198 node(s)
Step =   2891: nodes = 3520, dt = 1.591864e-10, strain = 3.565392e-03, elapsed = 360.1 sec
[TwinWall] projected 202 node(s)
Step =   2892: nodes = 3527, dt = 1.910237e-10, strain = 3.566347e-03, elapsed = 360.2 sec
[TwinWall] projected 206 node(s)
Step =   2893: nodes = 3531, dt = 2.292285e-10, strain = 3.567493e-03, elapsed = 360.4 sec
[TwinWall] projected 202 node(s)
Step =   2894: nodes = 3536, dt = 1.375371e-10, strain = 3.568181e-03, elapsed = 360.5 sec
[TwinWall] projected 203 node(s)
Step =   2895: nodes = 3538, dt = 1.375371e-10, strain = 3.568869e-03, elapsed = 360.6 sec
[TwinWall] projected 201 node(s)
Step =   2896: nodes = 3545, dt = 1.650445e-10, strain = 3.569694e-03, elapsed = 360.8 sec
[TwinWall] projected 205 node(s)
Step =   2897: nodes = 3549, dt = 1.980534e-10, strain = 3.570684e-03, elapsed = 360.9 sec
[TwinWall] projected 200 node(s)
Step =   2898: nodes = 3555, dt = 2.376641e-10, strain = 3.571873e-03, elapsed = 361.1 sec
[TwinWall] projected 209 node(s)
Step =   2899: nodes = 3550, dt = 2.851969e-10, strain = 3.573299e-03, elapsed = 361.2 sec
[TwinWall] projected 210 node(s)
Step =   2900: nodes = 3558, dt = 1.711181e-10, strain = 3.574154e-03, elapsed = 361.4 sec
Writing configuration in legacy data format
 Output file: /data/home/dg000246b/openDIS/HomeWork/output_Cu_twin_rorient/config.2900.data
Writing restart file
 Restart file: /data/home/dg000246b/openDIS/HomeWork/output_Cu_twin_rorient/restart.2900.exadis
[TwinWall] projected 208 node(s)
Step =   2901: nodes = 3555, dt = 1.711181e-10, strain = 3.575010e-03, elapsed = 361.6 sec
[TwinWall] projected 211 node(s)
Step =   2902: nodes = 3555, dt = 2.053418e-10, strain = 3.576036e-03, elapsed = 361.7 sec
[TwinWall] projected 212 node(s)
Step =   2903: nodes = 3556, dt = 2.464101e-10, strain = 3.577269e-03, elapsed = 361.9 sec
[TwinWall] projected 211 node(s)
Step =   2904: nodes = 3554, dt = 2.956921e-10, strain = 3.578747e-03, elapsed = 362.0 sec
[TwinWall] projected 209 node(s)
Step =   2905: nodes = 3553, dt = 1.774153e-10, strain = 3.579634e-03, elapsed = 362.2 sec
[TwinWall] projected 211 node(s)
Step =   2906: nodes = 3563, dt = 1.774153e-10, strain = 3.580521e-03, elapsed = 362.3 sec
[TwinWall] projected 216 node(s)
Step =   2907: nodes = 3571, dt = 2.128983e-10, strain = 3.581586e-03, elapsed = 362.5 sec
[TwinWall] projected 215 node(s)
Step =   2908: nodes = 3574, dt = 2.554780e-10, strain = 3.582863e-03, elapsed = 362.6 sec
[TwinWall] projected 223 node(s)
Step =   2909: nodes = 3591, dt = 3.065736e-10, strain = 3.584396e-03, elapsed = 362.8 sec
[TwinWall] projected 214 node(s)
Step =   2910: nodes = 3594, dt = 1.839442e-10, strain = 3.585316e-03, elapsed = 363.0 sec
[TwinWall] projected 213 node(s)
Step =   2911: nodes = 3600, dt = 1.839442e-10, strain = 3.586235e-03, elapsed = 363.1 sec
[TwinWall] projected 223 node(s)
Step =   2912: nodes = 3605, dt = 2.207330e-10, strain = 3.587339e-03, elapsed = 363.3 sec
[TwinWall] projected 225 node(s)
Step =   2913: nodes = 3614, dt = 2.648796e-10, strain = 3.588663e-03, elapsed = 363.4 sec
[TwinWall] projected 229 node(s)
Step =   2914: nodes = 3615, dt = 3.178555e-10, strain = 3.590253e-03, elapsed = 363.6 sec
[TwinWall] projected 223 node(s)
Step =   2915: nodes = 3618, dt = 1.907133e-10, strain = 3.591206e-03, elapsed = 363.7 sec
[TwinWall] projected 219 node(s)
Step =   2916: nodes = 3627, dt = 1.907133e-10, strain = 3.592160e-03, elapsed = 363.9 sec
[TwinWall] projected 223 node(s)
Step =   2917: nodes = 3632, dt = 2.288560e-10, strain = 3.593304e-03, elapsed = 364.1 sec
[TwinWall] projected 232 node(s)
Step =   2918: nodes = 3638, dt = 2.746272e-10, strain = 3.594677e-03, elapsed = 364.2 sec
[TwinWall] projected 224 node(s)
Step =   2919: nodes = 3636, dt = 1.647763e-10, strain = 3.595501e-03, elapsed = 364.4 sec
[TwinWall] projected 229 node(s)
Step =   2920: nodes = 3643, dt = 1.647763e-10, strain = 3.596325e-03, elapsed = 364.5 sec
[TwinWall] projected 228 node(s)
Step =   2921: nodes = 3650, dt = 1.977316e-10, strain = 3.597314e-03, elapsed = 364.6 sec
[TwinWall] projected 227 node(s)
Step =   2922: nodes = 3655, dt = 2.372779e-10, strain = 3.598500e-03, elapsed = 364.8 sec
[TwinWall] projected 236 node(s)
Step =   2923: nodes = 3657, dt = 2.847335e-10, strain = 3.599924e-03, elapsed = 365.0 sec
[TwinWall] projected 242 node(s)
Step =   2924: nodes = 3659, dt = 3.416801e-10, strain = 3.601632e-03, elapsed = 365.1 sec
[TwinWall] projected 236 node(s)
Step =   2925: nodes = 3660, dt = 2.050081e-10, strain = 3.602657e-03, elapsed = 365.3 sec
[TwinWall] projected 241 node(s)
Step =   2926: nodes = 3662, dt = 2.050081e-10, strain = 3.603682e-03, elapsed = 365.5 sec
[TwinWall] projected 243 node(s)
Step =   2927: nodes = 3663, dt = 2.460097e-10, strain = 3.604912e-03, elapsed = 365.6 sec
[TwinWall] projected 243 node(s)
Step =   2928: nodes = 3667, dt = 2.952116e-10, strain = 3.606388e-03, elapsed = 365.8 sec
[TwinWall] projected 238 node(s)
Step =   2929: nodes = 3668, dt = 1.771270e-10, strain = 3.607274e-03, elapsed = 366.0 sec
[TwinWall] projected 238 node(s)
Step =   2930: nodes = 3674, dt = 1.771270e-10, strain = 3.608160e-03, elapsed = 366.1 sec
[TwinWall] projected 243 node(s)
Step =   2931: nodes = 3684, dt = 2.125524e-10, strain = 3.609222e-03, elapsed = 366.3 sec
[TwinWall] projected 246 node(s)
Step =   2932: nodes = 3695, dt = 2.550629e-10, strain = 3.610498e-03, elapsed = 366.4 sec
[TwinWall] projected 244 node(s)
Step =   2933: nodes = 3694, dt = 1.530377e-10, strain = 3.611263e-03, elapsed = 366.6 sec
[TwinWall] projected 244 node(s)
Step =   2934: nodes = 3696, dt = 1.530377e-10, strain = 3.612028e-03, elapsed = 366.7 sec
[TwinWall] projected 246 node(s)
Step =   2935: nodes = 3701, dt = 1.836453e-10, strain = 3.612946e-03, elapsed = 366.9 sec
[TwinWall] projected 249 node(s)
Step =   2936: nodes = 3710, dt = 2.203743e-10, strain = 3.614048e-03, elapsed = 367.1 sec
[TwinWall] projected 249 node(s)
Step =   2937: nodes = 3714, dt = 2.644492e-10, strain = 3.615370e-03, elapsed = 367.2 sec
[TwinWall] projected 254 node(s)
Step =   2938: nodes = 3715, dt = 3.173390e-10, strain = 3.616957e-03, elapsed = 367.4 sec
[TwinWall] projected 244 node(s)
Step =   2939: nodes = 3724, dt = 9.520170e-11, strain = 3.617433e-03, elapsed = 367.6 sec
[TwinWall] projected 247 node(s)
Step =   2940: nodes = 3724, dt = 9.520170e-11, strain = 3.617909e-03, elapsed = 367.7 sec
[TwinWall] projected 243 node(s)
Step =   2941: nodes = 3721, dt = 1.142420e-10, strain = 3.618480e-03, elapsed = 367.8 sec
[TwinWall] projected 243 node(s)
Step =   2942: nodes = 3733, dt = 1.370905e-10, strain = 3.619166e-03, elapsed = 368.0 sec
[TwinWall] projected 251 node(s)
Step =   2943: nodes = 3739, dt = 1.645085e-10, strain = 3.619988e-03, elapsed = 368.1 sec
[TwinWall] projected 246 node(s)
Step =   2944: nodes = 3745, dt = 1.974103e-10, strain = 3.620975e-03, elapsed = 368.3 sec
[TwinWall] projected 251 node(s)
Step =   2945: nodes = 3753, dt = 2.368923e-10, strain = 3.622160e-03, elapsed = 368.4 sec
[TwinWall] projected 256 node(s)
Step =   2946: nodes = 3746, dt = 2.842708e-10, strain = 3.623581e-03, elapsed = 368.6 sec
[TwinWall] projected 249 node(s)
Step =   2947: nodes = 3748, dt = 1.705625e-10, strain = 3.624434e-03, elapsed = 368.8 sec
[TwinWall] projected 255 node(s)
Step =   2948: nodes = 3759, dt = 1.705625e-10, strain = 3.625287e-03, elapsed = 369.0 sec
[TwinWall] projected 255 node(s)
Step =   2949: nodes = 3767, dt = 2.046749e-10, strain = 3.626310e-03, elapsed = 369.1 sec
[TwinWall] projected 260 node(s)
Step =   2950: nodes = 3769, dt = 2.456099e-10, strain = 3.627538e-03, elapsed = 369.3 sec
[TwinWall] projected 261 node(s)
Step =   2951: nodes = 3768, dt = 2.947319e-10, strain = 3.629012e-03, elapsed = 369.4 sec
[TwinWall] projected 267 node(s)
Step =   2952: nodes = 3765, dt = 3.536783e-10, strain = 3.630780e-03, elapsed = 369.6 sec
[TwinWall] projected 266 node(s)
Step =   2953: nodes = 3769, dt = 2.122070e-10, strain = 3.631841e-03, elapsed = 369.8 sec
[TwinWall] projected 268 node(s)
Step =   2954: nodes = 3770, dt = 2.122070e-10, strain = 3.632902e-03, elapsed = 370.0 sec
[TwinWall] projected 269 node(s)
Step =   2955: nodes = 3774, dt = 2.546484e-10, strain = 3.634176e-03, elapsed = 370.1 sec
[TwinWall] projected 272 node(s)
Step =   2956: nodes = 3777, dt = 3.055781e-10, strain = 3.635703e-03, elapsed = 370.3 sec
[TwinWall] projected 273 node(s)
Step =   2957: nodes = 3775, dt = 1.833468e-10, strain = 3.636620e-03, elapsed = 370.5 sec
[TwinWall] projected 271 node(s)
Step =   2958: nodes = 3784, dt = 1.833468e-10, strain = 3.637537e-03, elapsed = 370.6 sec
[TwinWall] projected 276 node(s)
Step =   2959: nodes = 3796, dt = 2.200162e-10, strain = 3.638637e-03, elapsed = 370.7 sec
[TwinWall] projected 271 node(s)
Step =   2960: nodes = 3799, dt = 2.640194e-10, strain = 3.639957e-03, elapsed = 370.9 sec
[TwinWall] projected 278 node(s)
Step =   2961: nodes = 3794, dt = 3.168233e-10, strain = 3.641541e-03, elapsed = 371.1 sec
[TwinWall] projected 277 node(s)
Step =   2962: nodes = 3798, dt = 1.900940e-10, strain = 3.642492e-03, elapsed = 371.3 sec
[TwinWall] projected 279 node(s)
Step =   2963: nodes = 3804, dt = 1.900940e-10, strain = 3.643442e-03, elapsed = 371.4 sec
[TwinWall] projected 282 node(s)
Step =   2964: nodes = 3815, dt = 2.281128e-10, strain = 3.644583e-03, elapsed = 371.6 sec
[TwinWall] projected 286 node(s)
Step =   2965: nodes = 3824, dt = 2.737354e-10, strain = 3.645951e-03, elapsed = 371.7 sec
[TwinWall] projected 290 node(s)
Step =   2966: nodes = 3824, dt = 3.284824e-10, strain = 3.647594e-03, elapsed = 371.9 sec
[TwinWall] projected 287 node(s)
Step =   2967: nodes = 3828, dt = 1.970895e-10, strain = 3.648579e-03, elapsed = 372.1 sec
[TwinWall] projected 287 node(s)
Step =   2968: nodes = 3840, dt = 1.970895e-10, strain = 3.649565e-03, elapsed = 372.3 sec
[TwinWall] projected 287 node(s)
Step =   2969: nodes = 3836, dt = 2.365074e-10, strain = 3.650747e-03, elapsed = 372.4 sec
[TwinWall] projected 293 node(s)
Step =   2970: nodes = 3845, dt = 2.838088e-10, strain = 3.652166e-03, elapsed = 372.6 sec
[TwinWall] projected 287 node(s)
Step =   2971: nodes = 3856, dt = 1.702853e-10, strain = 3.653018e-03, elapsed = 372.8 sec
[TwinWall] projected 293 node(s)
Step =   2972: nodes = 3866, dt = 1.702853e-10, strain = 3.653869e-03, elapsed = 372.9 sec
[TwinWall] projected 298 node(s)
Step =   2973: nodes = 3878, dt = 2.043424e-10, strain = 3.654891e-03, elapsed = 373.1 sec
[TwinWall] projected 298 node(s)
Step =   2974: nodes = 3886, dt = 2.452108e-10, strain = 3.656117e-03, elapsed = 373.3 sec
[TwinWall] projected 299 node(s)
Step =   2975: nodes = 3888, dt = 2.942530e-10, strain = 3.657588e-03, elapsed = 373.4 sec
[TwinWall] projected 304 node(s)
Step =   2976: nodes = 3902, dt = 3.531036e-10, strain = 3.659354e-03, elapsed = 373.6 sec
[TwinWall] projected 302 node(s)
Step =   2977: nodes = 3908, dt = 2.118621e-10, strain = 3.660413e-03, elapsed = 373.8 sec
[TwinWall] projected 305 node(s)
Step =   2978: nodes = 3916, dt = 2.118621e-10, strain = 3.661472e-03, elapsed = 374.0 sec
[TwinWall] projected 307 node(s)
Step =   2979: nodes = 3923, dt = 2.542346e-10, strain = 3.662743e-03, elapsed = 374.1 sec
[TwinWall] projected 309 node(s)
Step =   2980: nodes = 3929, dt = 3.050815e-10, strain = 3.664269e-03, elapsed = 374.3 sec
[TwinWall] projected 307 node(s)
Step =   2981: nodes = 3934, dt = 1.830489e-10, strain = 3.665184e-03, elapsed = 374.5 sec
[TwinWall] projected 310 node(s)
Step =   2982: nodes = 3948, dt = 1.830489e-10, strain = 3.666099e-03, elapsed = 374.6 sec
[TwinWall] projected 309 node(s)
Step =   2983: nodes = 3957, dt = 2.196587e-10, strain = 3.667198e-03, elapsed = 374.8 sec
[TwinWall] projected 306 node(s)
Step =   2984: nodes = 3958, dt = 2.635904e-10, strain = 3.668516e-03, elapsed = 375.0 sec
[TwinWall] projected 317 node(s)
Step =   2985: nodes = 3970, dt = 3.163085e-10, strain = 3.670097e-03, elapsed = 375.4 sec
[TwinWall] projected 314 node(s)
Step =   2986: nodes = 3971, dt = 1.897851e-10, strain = 3.671046e-03, elapsed = 375.7 sec
[TwinWall] projected 312 node(s)
Step =   2987: nodes = 3970, dt = 1.897851e-10, strain = 3.671995e-03, elapsed = 375.8 sec
[TwinWall] projected 313 node(s)
Step =   2988: nodes = 3968, dt = 2.277421e-10, strain = 3.673134e-03, elapsed = 376.0 sec
[TwinWall] projected 315 node(s)
Step =   2989: nodes = 3970, dt = 2.732905e-10, strain = 3.674500e-03, elapsed = 376.2 sec
[TwinWall] projected 314 node(s)
Step =   2990: nodes = 3973, dt = 1.639743e-10, strain = 3.675320e-03, elapsed = 376.4 sec
[TwinWall] projected 314 node(s)
Step =   2991: nodes = 3970, dt = 1.639743e-10, strain = 3.676140e-03, elapsed = 376.5 sec
[TwinWall] projected 316 node(s)
Step =   2992: nodes = 3967, dt = 1.967692e-10, strain = 3.677124e-03, elapsed = 376.7 sec
[TwinWall] projected 316 node(s)
Step =   2993: nodes = 3977, dt = 2.361230e-10, strain = 3.678304e-03, elapsed = 376.9 sec
[TwinWall] projected 320 node(s)
Step =   2994: nodes = 3988, dt = 2.833476e-10, strain = 3.679721e-03, elapsed = 377.0 sec
[TwinWall] projected 325 node(s)
Step =   2995: nodes = 3981, dt = 3.400172e-10, strain = 3.681421e-03, elapsed = 377.2 sec
[TwinWall] projected 324 node(s)
Step =   2996: nodes = 3973, dt = 2.040103e-10, strain = 3.682441e-03, elapsed = 377.4 sec
[TwinWall] projected 323 node(s)
Step =   2997: nodes = 3977, dt = 2.040103e-10, strain = 3.683461e-03, elapsed = 377.6 sec
[TwinWall] projected 324 node(s)
Step =   2998: nodes = 3987, dt = 2.448124e-10, strain = 3.684685e-03, elapsed = 377.8 sec
[TwinWall] projected 336 node(s)
Step =   2999: nodes = 3979, dt = 2.937748e-10, strain = 3.686154e-03, elapsed = 378.0 sec
[TwinWall] projected 325 node(s)
Step =   3000: nodes = 3976, dt = 1.762649e-10, strain = 3.687036e-03, elapsed = 378.2 sec
Writing configuration in legacy data format
 Output file: /data/home/dg000246b/openDIS/HomeWork/output_Cu_twin_rorient/config.3000.data
Writing restart file
 Restart file: /data/home/dg000246b/openDIS/HomeWork/output_Cu_twin_rorient/restart.3000.exadis
[TwinWall] projected 324 node(s)
Step =   3001: nodes = 3985, dt = 1.762649e-10, strain = 3.687917e-03, elapsed = 378.4 sec
[TwinWall] projected 330 node(s)
Step =   3002: nodes = 3992, dt = 2.115179e-10, strain = 3.688974e-03, elapsed = 378.5 sec
[TwinWall] projected 335 node(s)
Step =   3003: nodes = 4002, dt = 2.538214e-10, strain = 3.690244e-03, elapsed = 378.7 sec
[TwinWall] projected 338 node(s)
Step =   3004: nodes = 4007, dt = 3.045857e-10, strain = 3.691767e-03, elapsed = 378.8 sec
[TwinWall] projected 351 node(s)
Step =   3005: nodes = 3998, dt = 3.655029e-10, strain = 3.693594e-03, elapsed = 379.1 sec
[TwinWall] projected 353 node(s)
Step =   3006: nodes = 4012, dt = 2.193017e-10, strain = 3.694691e-03, elapsed = 379.3 sec
[TwinWall] projected 362 node(s)
Step =   3007: nodes = 4020, dt = 2.193017e-10, strain = 3.695787e-03, elapsed = 379.4 sec
[TwinWall] projected 365 node(s)
Step =   3008: nodes = 4028, dt = 2.631621e-10, strain = 3.697103e-03, elapsed = 379.6 sec
[TwinWall] projected 369 node(s)
Step =   3009: nodes = 4033, dt = 3.157945e-10, strain = 3.698682e-03, elapsed = 379.8 sec
[TwinWall] projected 364 node(s)
Step =   3010: nodes = 4036, dt = 1.894767e-10, strain = 3.699629e-03, elapsed = 380.0 sec
[TwinWall] projected 371 node(s)
Step =   3011: nodes = 4050, dt = 1.894767e-10, strain = 3.700577e-03, elapsed = 380.1 sec
[TwinWall] projected 374 node(s)
Step =   3012: nodes = 4059, dt = 2.273720e-10, strain = 3.701713e-03, elapsed = 380.3 sec
[TwinWall] projected 385 node(s)
Step =   3013: nodes = 4066, dt = 2.728464e-10, strain = 3.703078e-03, elapsed = 380.5 sec
[TwinWall] projected 387 node(s)
Step =   3014: nodes = 4066, dt = 3.274157e-10, strain = 3.704715e-03, elapsed = 380.7 sec
[TwinWall] projected 399 node(s)
Step =   3015: nodes = 4069, dt = 3.928989e-10, strain = 3.706679e-03, elapsed = 380.9 sec
[TwinWall] projected 392 node(s)
Step =   3016: nodes = 4073, dt = 1.178697e-10, strain = 3.707269e-03, elapsed = 381.1 sec
[TwinWall] projected 388 node(s)
Step =   3017: nodes = 4074, dt = 1.178697e-10, strain = 3.707858e-03, elapsed = 381.3 sec
[TwinWall] projected 388 node(s)
Step =   3018: nodes = 4081, dt = 1.414436e-10, strain = 3.708565e-03, elapsed = 381.4 sec
[TwinWall] projected 390 node(s)
Step =   3019: nodes = 4083, dt = 1.697323e-10, strain = 3.709414e-03, elapsed = 381.6 sec
[TwinWall] projected 395 node(s)
Step =   3020: nodes = 4084, dt = 2.036788e-10, strain = 3.710432e-03, elapsed = 381.7 sec
[TwinWall] projected 404 node(s)
Step =   3021: nodes = 4088, dt = 2.444145e-10, strain = 3.711654e-03, elapsed = 381.9 sec
[TwinWall] projected 405 node(s)
Step =   3022: nodes = 4085, dt = 2.932974e-10, strain = 3.713121e-03, elapsed = 382.1 sec
[TwinWall] projected 415 node(s)
Step =   3023: nodes = 4089, dt = 3.519569e-10, strain = 3.714881e-03, elapsed = 382.3 sec
[TwinWall] projected 406 node(s)
Step =   3024: nodes = 4093, dt = 2.111742e-10, strain = 3.715936e-03, elapsed = 382.5 sec
[TwinWall] projected 414 node(s)
Step =   3025: nodes = 4108, dt = 2.111742e-10, strain = 3.716992e-03, elapsed = 382.6 sec
[TwinWall] projected 411 node(s)
Step =   3026: nodes = 4125, dt = 2.534090e-10, strain = 3.718259e-03, elapsed = 382.8 sec
[TwinWall] projected 407 node(s)
Step =   3027: nodes = 4122, dt = 1.520454e-10, strain = 3.719020e-03, elapsed = 383.0 sec
[TwinWall] projected 410 node(s)
Step =   3028: nodes = 4129, dt = 1.520454e-10, strain = 3.719780e-03, elapsed = 383.2 sec
[TwinWall] projected 411 node(s)
Step =   3029: nodes = 4136, dt = 1.824545e-10, strain = 3.720692e-03, elapsed = 383.4 sec
[TwinWall] projected 414 node(s)
Step =   3030: nodes = 4137, dt = 2.189454e-10, strain = 3.721787e-03, elapsed = 383.5 sec
[TwinWall] projected 419 node(s)
Step =   3031: nodes = 4150, dt = 2.627344e-10, strain = 3.723100e-03, elapsed = 383.7 sec
[TwinWall] projected 426 node(s)
Step =   3032: nodes = 4151, dt = 3.152813e-10, strain = 3.724677e-03, elapsed = 383.9 sec
[TwinWall] projected 426 node(s)
Step =   3033: nodes = 4158, dt = 1.891688e-10, strain = 3.725623e-03, elapsed = 384.1 sec
[TwinWall] projected 424 node(s)
Step =   3034: nodes = 4162, dt = 1.891688e-10, strain = 3.726569e-03, elapsed = 384.2 sec
[TwinWall] projected 437 node(s)
Step =   3035: nodes = 4178, dt = 2.270026e-10, strain = 3.727704e-03, elapsed = 384.4 sec
[TwinWall] projected 431 node(s)
Step =   3036: nodes = 4187, dt = 2.724031e-10, strain = 3.729066e-03, elapsed = 384.6 sec
[TwinWall] projected 434 node(s)
Step =   3037: nodes = 4196, dt = 1.634418e-10, strain = 3.729883e-03, elapsed = 384.8 sec
[TwinWall] projected 430 node(s)
Step =   3038: nodes = 4212, dt = 1.634418e-10, strain = 3.730700e-03, elapsed = 385.0 sec
[TwinWall] projected 428 node(s)
Step =   3039: nodes = 4223, dt = 1.961302e-10, strain = 3.731681e-03, elapsed = 385.1 sec
[TwinWall] projected 438 node(s)
Step =   3040: nodes = 4230, dt = 2.353562e-10, strain = 3.732857e-03, elapsed = 385.3 sec
[TwinWall] projected 440 node(s)
Step =   3041: nodes = 4245, dt = 2.824275e-10, strain = 3.734270e-03, elapsed = 385.5 sec
[TwinWall] projected 433 node(s)
Step =   3042: nodes = 4247, dt = 1.694565e-10, strain = 3.735117e-03, elapsed = 385.7 sec
[TwinWall] projected 441 node(s)
Step =   3043: nodes = 4257, dt = 1.694565e-10, strain = 3.735964e-03, elapsed = 385.9 sec
[TwinWall] projected 440 node(s)
Step =   3044: nodes = 4270, dt = 2.033478e-10, strain = 3.736981e-03, elapsed = 386.1 sec
[TwinWall] projected 438 node(s)
Step =   3045: nodes = 4275, dt = 2.440174e-10, strain = 3.738201e-03, elapsed = 386.2 sec
[TwinWall] projected 448 node(s)
Step =   3046: nodes = 4282, dt = 2.928208e-10, strain = 3.739665e-03, elapsed = 386.4 sec
[TwinWall] projected 456 node(s)
Step =   3047: nodes = 4291, dt = 3.513850e-10, strain = 3.741422e-03, elapsed = 386.6 sec
[TwinWall] projected 452 node(s)
Step =   3048: nodes = 4302, dt = 2.108310e-10, strain = 3.742476e-03, elapsed = 386.8 sec
[TwinWall] projected 453 node(s)
Step =   3049: nodes = 4309, dt = 2.108310e-10, strain = 3.743530e-03, elapsed = 387.0 sec
[TwinWall] projected 461 node(s)
Step =   3050: nodes = 4321, dt = 2.529972e-10, strain = 3.744795e-03, elapsed = 387.2 sec
[TwinWall] projected 465 node(s)
Step =   3051: nodes = 4330, dt = 3.035966e-10, strain = 3.746313e-03, elapsed = 387.4 sec
[TwinWall] projected 463 node(s)
Step =   3052: nodes = 4326, dt = 1.821580e-10, strain = 3.747224e-03, elapsed = 387.6 sec
[TwinWall] projected 467 node(s)
Step =   3053: nodes = 4320, dt = 1.821580e-10, strain = 3.748135e-03, elapsed = 387.8 sec
[TwinWall] projected 468 node(s)
Step =   3054: nodes = 4338, dt = 2.185896e-10, strain = 3.749228e-03, elapsed = 388.0 sec
[TwinWall] projected 475 node(s)
Step =   3055: nodes = 4343, dt = 2.623075e-10, strain = 3.750539e-03, elapsed = 388.1 sec
[TwinWall] projected 479 node(s)
Step =   3056: nodes = 4357, dt = 3.147690e-10, strain = 3.752113e-03, elapsed = 388.3 sec
[TwinWall] projected 477 node(s)
Step =   3057: nodes = 4356, dt = 1.888614e-10, strain = 3.753058e-03, elapsed = 388.6 sec
[TwinWall] projected 480 node(s)
Step =   3058: nodes = 4366, dt = 1.888614e-10, strain = 3.754002e-03, elapsed = 388.8 sec
[TwinWall] projected 481 node(s)
Step =   3059: nodes = 4365, dt = 2.266337e-10, strain = 3.755135e-03, elapsed = 389.1 sec
[TwinWall] projected 484 node(s)
Step =   3060: nodes = 4376, dt = 2.719604e-10, strain = 3.756495e-03, elapsed = 389.2 sec
[TwinWall] projected 486 node(s)
Step =   3061: nodes = 4371, dt = 3.263525e-10, strain = 3.758127e-03, elapsed = 389.4 sec
[TwinWall] projected 486 node(s)
Step =   3062: nodes = 4382, dt = 1.958115e-10, strain = 3.759106e-03, elapsed = 389.7 sec
[TwinWall] projected 482 node(s)
Step =   3063: nodes = 4387, dt = 1.958115e-10, strain = 3.760085e-03, elapsed = 389.8 sec
[TwinWall] projected 485 node(s)
Step =   3064: nodes = 4390, dt = 2.349738e-10, strain = 3.761260e-03, elapsed = 390.0 sec
[TwinWall] projected 482 node(s)
Step =   3065: nodes = 4406, dt = 1.409843e-10, strain = 3.761964e-03, elapsed = 390.3 sec
[TwinWall] projected 480 node(s)
Step =   3066: nodes = 4408, dt = 1.409843e-10, strain = 3.762669e-03, elapsed = 390.4 sec
[TwinWall] projected 494 node(s)
Step =   3067: nodes = 4419, dt = 1.691811e-10, strain = 3.763515e-03, elapsed = 390.6 sec
[TwinWall] projected 493 node(s)
Step =   3068: nodes = 4428, dt = 2.030174e-10, strain = 3.764530e-03, elapsed = 390.8 sec
[TwinWall] projected 485 node(s)
Step =   3069: nodes = 4429, dt = 1.218104e-10, strain = 3.765139e-03, elapsed = 391.0 sec
[TwinWall] projected 492 node(s)
Step =   3070: nodes = 4433, dt = 1.218104e-10, strain = 3.765748e-03, elapsed = 391.2 sec
[TwinWall] projected 493 node(s)
Step =   3071: nodes = 4451, dt = 1.461725e-10, strain = 3.766479e-03, elapsed = 391.3 sec
[TwinWall] projected 491 node(s)
Step =   3072: nodes = 4453, dt = 1.754070e-10, strain = 3.767356e-03, elapsed = 391.5 sec
[TwinWall] projected 501 node(s)
Step =   3073: nodes = 4462, dt = 2.104884e-10, strain = 3.768409e-03, elapsed = 391.7 sec
[TwinWall] projected 504 node(s)
Step =   3074: nodes = 4468, dt = 2.525861e-10, strain = 3.769672e-03, elapsed = 391.9 sec
[TwinWall] projected 505 node(s)
Step =   3075: nodes = 4472, dt = 3.031033e-10, strain = 3.771187e-03, elapsed = 392.1 sec
[TwinWall] projected 499 node(s)
Step =   3076: nodes = 4481, dt = 1.818620e-10, strain = 3.772097e-03, elapsed = 392.3 sec
[TwinWall] projected 503 node(s)
Step =   3077: nodes = 4487, dt = 1.818620e-10, strain = 3.773006e-03, elapsed = 392.5 sec
[TwinWall] projected 510 node(s)
Step =   3078: nodes = 4501, dt = 2.182344e-10, strain = 3.774097e-03, elapsed = 392.7 sec
[TwinWall] projected 515 node(s)
Step =   3079: nodes = 4515, dt = 2.618812e-10, strain = 3.775406e-03, elapsed = 392.9 sec
[TwinWall] projected 521 node(s)
Step =   3080: nodes = 4517, dt = 1.571287e-10, strain = 3.776192e-03, elapsed = 393.1 sec
[TwinWall] projected 517 node(s)
Step =   3081: nodes = 4523, dt = 1.571287e-10, strain = 3.776978e-03, elapsed = 393.3 sec
[TwinWall] projected 524 node(s)
Step =   3082: nodes = 4527, dt = 1.885545e-10, strain = 3.777921e-03, elapsed = 393.5 sec
[TwinWall] projected 525 node(s)
Step =   3083: nodes = 4528, dt = 2.262654e-10, strain = 3.779052e-03, elapsed = 393.6 sec
[TwinWall] projected 532 node(s)
Step =   3084: nodes = 4518, dt = 2.715185e-10, strain = 3.780409e-03, elapsed = 393.8 sec
[TwinWall] projected 526 node(s)
Step =   3085: nodes = 4512, dt = 1.629111e-10, strain = 3.781224e-03, elapsed = 394.1 sec
[TwinWall] projected 527 node(s)
Step =   3086: nodes = 4523, dt = 1.629111e-10, strain = 3.782039e-03, elapsed = 394.3 sec
[TwinWall] projected 529 node(s)
Step =   3087: nodes = 4532, dt = 1.954933e-10, strain = 3.783016e-03, elapsed = 394.4 sec
[TwinWall] projected 528 node(s)
Step =   3088: nodes = 4536, dt = 2.345920e-10, strain = 3.784189e-03, elapsed = 394.6 sec
[TwinWall] projected 538 node(s)
Step =   3089: nodes = 4545, dt = 2.815104e-10, strain = 3.785597e-03, elapsed = 394.8 sec
[TwinWall] projected 548 node(s)
Step =   3090: nodes = 4545, dt = 3.378124e-10, strain = 3.787286e-03, elapsed = 395.1 sec
[TwinWall] projected 539 node(s)
Step =   3091: nodes = 4543, dt = 2.026875e-10, strain = 3.788299e-03, elapsed = 395.3 sec
[TwinWall] projected 544 node(s)
Step =   3092: nodes = 4555, dt = 2.026875e-10, strain = 3.789312e-03, elapsed = 395.5 sec
[TwinWall] projected 544 node(s)
Step =   3093: nodes = 4553, dt = 2.432249e-10, strain = 3.790529e-03, elapsed = 395.6 sec
[TwinWall] projected 556 node(s)
Step =   3094: nodes = 4557, dt = 2.918699e-10, strain = 3.791988e-03, elapsed = 395.9 sec
[TwinWall] projected 541 node(s)
Step =   3095: nodes = 4570, dt = 1.751220e-10, strain = 3.792864e-03, elapsed = 396.1 sec
[TwinWall] projected 545 node(s)
Step =   3096: nodes = 4565, dt = 1.751220e-10, strain = 3.793739e-03, elapsed = 396.3 sec
[TwinWall] projected 556 node(s)
Step =   3097: nodes = 4572, dt = 2.101464e-10, strain = 3.794790e-03, elapsed = 396.5 sec
[TwinWall] projected 563 node(s)
Step =   3098: nodes = 4601, dt = 2.521756e-10, strain = 3.796051e-03, elapsed = 396.6 sec
[TwinWall] projected 571 node(s)
Step =   3099: nodes = 4598, dt = 3.026107e-10, strain = 3.797564e-03, elapsed = 396.9 sec
[TwinWall] projected 562 node(s)
Step =   3100: nodes = 4593, dt = 1.815664e-10, strain = 3.798472e-03, elapsed = 397.1 sec
Writing configuration in legacy data format
 Output file: /data/home/dg000246b/openDIS/HomeWork/output_Cu_twin_rorient/config.3100.data
Writing restart file
 Restart file: /data/home/dg000246b/openDIS/HomeWork/output_Cu_twin_rorient/restart.3100.exadis
[TwinWall] projected 565 node(s)
Step =   3101: nodes = 4609, dt = 1.815664e-10, strain = 3.799379e-03, elapsed = 397.3 sec
[TwinWall] projected 574 node(s)
Step =   3102: nodes = 4613, dt = 2.178797e-10, strain = 3.800469e-03, elapsed = 397.5 sec
[TwinWall] projected 579 node(s)
Step =   3103: nodes = 4620, dt = 2.614557e-10, strain = 3.801776e-03, elapsed = 397.7 sec
[TwinWall] projected 584 node(s)
Step =   3104: nodes = 4639, dt = 3.137468e-10, strain = 3.803345e-03, elapsed = 397.9 sec
[TwinWall] projected 580 node(s)
Step =   3105: nodes = 4642, dt = 1.882481e-10, strain = 3.804286e-03, elapsed = 398.2 sec
[TwinWall] projected 582 node(s)
Step =   3106: nodes = 4649, dt = 1.882481e-10, strain = 3.805227e-03, elapsed = 398.4 sec
[TwinWall] projected 585 node(s)
Step =   3107: nodes = 4655, dt = 2.258977e-10, strain = 3.806357e-03, elapsed = 398.6 sec
[TwinWall] projected 594 node(s)
Step =   3108: nodes = 4673, dt = 2.710773e-10, strain = 3.807712e-03, elapsed = 398.8 sec
[TwinWall] projected 594 node(s)
Step =   3109: nodes = 4685, dt = 3.252927e-10, strain = 3.809339e-03, elapsed = 399.0 sec
[TwinWall] projected 586 node(s)
Step =   3110: nodes = 4691, dt = 9.758781e-11, strain = 3.809827e-03, elapsed = 399.2 sec
[TwinWall] projected 580 node(s)
Step =   3111: nodes = 4692, dt = 9.758781e-11, strain = 3.810315e-03, elapsed = 399.4 sec
[TwinWall] projected 586 node(s)
Step =   3112: nodes = 4697, dt = 1.171054e-10, strain = 3.810900e-03, elapsed = 399.6 sec
[TwinWall] projected 587 node(s)
Step =   3113: nodes = 4710, dt = 1.405264e-10, strain = 3.811603e-03, elapsed = 399.8 sec
[TwinWall] projected 595 node(s)
Step =   3114: nodes = 4725, dt = 1.686317e-10, strain = 3.812446e-03, elapsed = 399.9 sec
[TwinWall] projected 599 node(s)
Step =   3115: nodes = 4729, dt = 2.023581e-10, strain = 3.813458e-03, elapsed = 400.1 sec
[TwinWall] projected 610 node(s)
Step =   3116: nodes = 4737, dt = 2.428297e-10, strain = 3.814672e-03, elapsed = 400.3 sec
[TwinWall] projected 607 node(s)
Step =   3117: nodes = 4738, dt = 1.456978e-10, strain = 3.815400e-03, elapsed = 400.5 sec
[TwinWall] projected 604 node(s)
Step =   3118: nodes = 4747, dt = 1.456978e-10, strain = 3.816129e-03, elapsed = 400.7 sec
[TwinWall] projected 605 node(s)
Step =   3119: nodes = 4759, dt = 1.748374e-10, strain = 3.817003e-03, elapsed = 400.9 sec
[TwinWall] projected 615 node(s)
Step =   3120: nodes = 4778, dt = 2.098049e-10, strain = 3.818052e-03, elapsed = 401.1 sec
[TwinWall] projected 622 node(s)
Step =   3121: nodes = 4784, dt = 2.517658e-10, strain = 3.819311e-03, elapsed = 401.3 sec
[TwinWall] projected 627 node(s)
Step =   3122: nodes = 4783, dt = 3.021190e-10, strain = 3.820821e-03, elapsed = 401.5 sec
[TwinWall] projected 611 node(s)
Step =   3123: nodes = 4773, dt = 1.812714e-10, strain = 3.821728e-03, elapsed = 401.8 sec
[TwinWall] projected 612 node(s)
Step =   3124: nodes = 4785, dt = 1.812714e-10, strain = 3.822634e-03, elapsed = 401.9 sec
[TwinWall] projected 619 node(s)
Step =   3125: nodes = 4791, dt = 2.175257e-10, strain = 3.823722e-03, elapsed = 402.2 sec
[TwinWall] projected 612 node(s)
Step =   3126: nodes = 4815, dt = 2.610308e-10, strain = 3.825027e-03, elapsed = 402.4 sec
[TwinWall] projected 612 node(s)
Step =   3127: nodes = 4816, dt = 1.566185e-10, strain = 3.825810e-03, elapsed = 402.6 sec
[TwinWall] projected 608 node(s)
Step =   3128: nodes = 4824, dt = 1.566185e-10, strain = 3.826593e-03, elapsed = 402.8 sec
[TwinWall] projected 605 node(s)
Step =   3129: nodes = 4831, dt = 1.879422e-10, strain = 3.827533e-03, elapsed = 403.0 sec
[TwinWall] projected 623 node(s)
Step =   3130: nodes = 4845, dt = 2.255306e-10, strain = 3.828661e-03, elapsed = 403.2 sec
[TwinWall] projected 620 node(s)
Step =   3131: nodes = 4847, dt = 2.706368e-10, strain = 3.830014e-03, elapsed = 403.4 sec
[TwinWall] projected 614 node(s)
Step =   3132: nodes = 4845, dt = 1.623821e-10, strain = 3.830826e-03, elapsed = 403.6 sec
[TwinWall] projected 610 node(s)
Step =   3133: nodes = 4858, dt = 1.623821e-10, strain = 3.831638e-03, elapsed = 403.8 sec
[TwinWall] projected 619 node(s)
Step =   3134: nodes = 4873, dt = 1.948585e-10, strain = 3.832612e-03, elapsed = 404.0 sec
[TwinWall] projected 621 node(s)
Step =   3135: nodes = 4875, dt = 2.338302e-10, strain = 3.833781e-03, elapsed = 404.3 sec
[TwinWall] projected 627 node(s)
Step =   3136: nodes = 4877, dt = 2.805962e-10, strain = 3.835184e-03, elapsed = 404.5 sec
[TwinWall] projected 633 node(s)
Step =   3137: nodes = 4873, dt = 3.367154e-10, strain = 3.836868e-03, elapsed = 404.7 sec
[TwinWall] projected 623 node(s)
Step =   3138: nodes = 4869, dt = 1.010146e-10, strain = 3.837373e-03, elapsed = 405.0 sec
[TwinWall] projected 626 node(s)
Step =   3139: nodes = 4878, dt = 1.010146e-10, strain = 3.837878e-03, elapsed = 405.2 sec
[TwinWall] projected 617 node(s)
Step =   3140: nodes = 4889, dt = 1.212176e-10, strain = 3.838484e-03, elapsed = 405.6 sec
[TwinWall] projected 621 node(s)
Step =   3141: nodes = 4888, dt = 1.454611e-10, strain = 3.839211e-03, elapsed = 405.8 sec
[TwinWall] projected 626 node(s)
Step =   3142: nodes = 4900, dt = 1.745533e-10, strain = 3.840084e-03, elapsed = 406.1 sec
[TwinWall] projected 629 node(s)
Step =   3143: nodes = 4908, dt = 2.094639e-10, strain = 3.841131e-03, elapsed = 406.3 sec
[TwinWall] projected 643 node(s)
Step =   3144: nodes = 4922, dt = 2.513567e-10, strain = 3.842388e-03, elapsed = 406.5 sec
[TwinWall] projected 652 node(s)
Step =   3145: nodes = 4934, dt = 3.016281e-10, strain = 3.843896e-03, elapsed = 406.7 sec
[TwinWall] projected 644 node(s)
Step =   3146: nodes = 4932, dt = 1.809768e-10, strain = 3.844801e-03, elapsed = 406.9 sec
[TwinWall] projected 649 node(s)
Step =   3147: nodes = 4933, dt = 1.809768e-10, strain = 3.845706e-03, elapsed = 407.2 sec
[TwinWall] projected 657 node(s)
Step =   3148: nodes = 4942, dt = 2.171722e-10, strain = 3.846792e-03, elapsed = 407.4 sec
[TwinWall] projected 670 node(s)
Step =   3149: nodes = 4945, dt = 2.606066e-10, strain = 3.848095e-03, elapsed = 407.6 sec
[TwinWall] projected 678 node(s)
Step =   3150: nodes = 4956, dt = 3.127280e-10, strain = 3.849658e-03, elapsed = 407.8 sec
[TwinWall] projected 663 node(s)
Step =   3151: nodes = 4970, dt = 1.876368e-10, strain = 3.850597e-03, elapsed = 408.1 sec
[TwinWall] projected 665 node(s)
Step =   3152: nodes = 4973, dt = 1.876368e-10, strain = 3.851535e-03, elapsed = 408.3 sec
[TwinWall] projected 670 node(s)
Step =   3153: nodes = 4981, dt = 2.251641e-10, strain = 3.852661e-03, elapsed = 408.5 sec
[TwinWall] projected 680 node(s)
Step =   3154: nodes = 4983, dt = 2.701970e-10, strain = 3.854012e-03, elapsed = 408.7 sec
[TwinWall] projected 685 node(s)
Step =   3155: nodes = 4987, dt = 3.242364e-10, strain = 3.855633e-03, elapsed = 408.9 sec
[TwinWall] projected 677 node(s)
Step =   3156: nodes = 4996, dt = 1.945418e-10, strain = 3.856605e-03, elapsed = 409.2 sec
[TwinWall] projected 677 node(s)
Step =   3157: nodes = 4999, dt = 1.945418e-10, strain = 3.857578e-03, elapsed = 409.4 sec
[TwinWall] projected 679 node(s)
Step =   3158: nodes = 5014, dt = 2.334502e-10, strain = 3.858745e-03, elapsed = 409.6 sec
[TwinWall] projected 686 node(s)
Step =   3159: nodes = 5034, dt = 2.801402e-10, strain = 3.860146e-03, elapsed = 409.8 sec
[TwinWall] projected 686 node(s)
Step =   3160: nodes = 5041, dt = 1.680841e-10, strain = 3.860987e-03, elapsed = 410.1 sec
[TwinWall] projected 678 node(s)
Step =   3161: nodes = 5058, dt = 1.680841e-10, strain = 3.861827e-03, elapsed = 410.3 sec
[TwinWall] projected 684 node(s)
Step =   3162: nodes = 5075, dt = 2.017010e-10, strain = 3.862835e-03, elapsed = 410.5 sec
[TwinWall] projected 692 node(s)
Step =   3163: nodes = 5082, dt = 2.420411e-10, strain = 3.864046e-03, elapsed = 410.7 sec
[TwinWall] projected 706 node(s)
Step =   3164: nodes = 5087, dt = 2.904494e-10, strain = 3.865498e-03, elapsed = 410.9 sec
[TwinWall] projected 698 node(s)
Step =   3165: nodes = 5093, dt = 1.742696e-10, strain = 3.866369e-03, elapsed = 411.2 sec
[TwinWall] projected 703 node(s)
Step =   3166: nodes = 5111, dt = 1.742696e-10, strain = 3.867241e-03, elapsed = 411.4 sec
[TwinWall] projected 711 node(s)
Step =   3167: nodes = 5125, dt = 2.091236e-10, strain = 3.868286e-03, elapsed = 411.6 sec
[TwinWall] projected 719 node(s)
Step =   3168: nodes = 5134, dt = 2.509483e-10, strain = 3.869541e-03, elapsed = 411.8 sec
[TwinWall] projected 724 node(s)
Step =   3169: nodes = 5137, dt = 3.011379e-10, strain = 3.871047e-03, elapsed = 412.1 sec
[TwinWall] projected 724 node(s)
Step =   3170: nodes = 5132, dt = 1.806827e-10, strain = 3.871950e-03, elapsed = 412.4 sec
[TwinWall] projected 732 node(s)
Step =   3171: nodes = 5144, dt = 1.806827e-10, strain = 3.872853e-03, elapsed = 412.6 sec
[TwinWall] projected 739 node(s)
Step =   3172: nodes = 5144, dt = 2.168193e-10, strain = 3.873938e-03, elapsed = 412.8 sec
[TwinWall] projected 748 node(s)
Step =   3173: nodes = 5150, dt = 2.601832e-10, strain = 3.875238e-03, elapsed = 413.0 sec
[TwinWall] projected 755 node(s)
Step =   3174: nodes = 5147, dt = 3.122198e-10, strain = 3.876800e-03, elapsed = 413.3 sec
[TwinWall] projected 748 node(s)
Step =   3175: nodes = 5148, dt = 1.873319e-10, strain = 3.877736e-03, elapsed = 413.5 sec
[TwinWall] projected 750 node(s)
Step =   3176: nodes = 5156, dt = 1.873319e-10, strain = 3.878673e-03, elapsed = 413.7 sec
[TwinWall] projected 765 node(s)
Step =   3177: nodes = 5148, dt = 2.247982e-10, strain = 3.879797e-03, elapsed = 413.9 sec
[TwinWall] projected 773 node(s)
Step =   3178: nodes = 5157, dt = 2.697579e-10, strain = 3.881146e-03, elapsed = 414.2 sec
[TwinWall] projected 762 node(s)
Step =   3179: nodes = 5165, dt = 1.618547e-10, strain = 3.881955e-03, elapsed = 414.5 sec
[TwinWall] projected 767 node(s)
Step =   3180: nodes = 5182, dt = 1.618547e-10, strain = 3.882764e-03, elapsed = 414.7 sec
[TwinWall] projected 770 node(s)
Step =   3181: nodes = 5178, dt = 1.942257e-10, strain = 3.883735e-03, elapsed = 414.9 sec
[TwinWall] projected 772 node(s)
Step =   3182: nodes = 5202, dt = 2.330708e-10, strain = 3.884901e-03, elapsed = 415.1 sec
[TwinWall] projected 772 node(s)
Step =   3183: nodes = 5214, dt = 2.796850e-10, strain = 3.886299e-03, elapsed = 415.3 sec
[TwinWall] projected 769 node(s)
Step =   3184: nodes = 5217, dt = 1.678110e-10, strain = 3.887138e-03, elapsed = 415.6 sec
[TwinWall] projected 772 node(s)
Step =   3185: nodes = 5218, dt = 1.678110e-10, strain = 3.887977e-03, elapsed = 415.8 sec
[TwinWall] projected 771 node(s)
Step =   3186: nodes = 5224, dt = 2.013732e-10, strain = 3.888984e-03, elapsed = 416.0 sec
[TwinWall] projected 786 node(s)
Step =   3187: nodes = 5256, dt = 2.416478e-10, strain = 3.890192e-03, elapsed = 416.3 sec
[TwinWall] projected 771 node(s)
Step =   3188: nodes = 5272, dt = 1.449887e-10, strain = 3.890917e-03, elapsed = 416.5 sec
[TwinWall] projected 774 node(s)
Step =   3189: nodes = 5278, dt = 1.449887e-10, strain = 3.891642e-03, elapsed = 416.7 sec
[TwinWall] projected 781 node(s)
Step =   3190: nodes = 5277, dt = 1.739864e-10, strain = 3.892512e-03, elapsed = 416.9 sec
[TwinWall] projected 779 node(s)
Step =   3191: nodes = 5288, dt = 2.087837e-10, strain = 3.893556e-03, elapsed = 417.2 sec
[TwinWall] projected 785 node(s)
Step =   3192: nodes = 5304, dt = 2.505405e-10, strain = 3.894809e-03, elapsed = 417.4 sec
[TwinWall] projected 786 node(s)
Step =   3193: nodes = 5315, dt = 1.503243e-10, strain = 3.895560e-03, elapsed = 417.7 sec
[TwinWall] projected 785 node(s)
Step =   3194: nodes = 5322, dt = 1.503243e-10, strain = 3.896312e-03, elapsed = 417.9 sec
[TwinWall] projected 794 node(s)
Step =   3195: nodes = 5334, dt = 1.803891e-10, strain = 3.897214e-03, elapsed = 418.1 sec
[TwinWall] projected 790 node(s)
Step =   3196: nodes = 5338, dt = 2.164670e-10, strain = 3.898296e-03, elapsed = 418.4 sec
[TwinWall] projected 801 node(s)
Step =   3197: nodes = 5345, dt = 2.597604e-10, strain = 3.899595e-03, elapsed = 418.6 sec
[TwinWall] projected 797 node(s)
Step =   3198: nodes = 5354, dt = 1.558562e-10, strain = 3.900374e-03, elapsed = 418.9 sec
[TwinWall] projected 795 node(s)
Step =   3199: nodes = 5372, dt = 1.558562e-10, strain = 3.901154e-03, elapsed = 419.1 sec
[TwinWall] projected 803 node(s)
Step =   3200: nodes = 5386, dt = 1.870275e-10, strain = 3.902089e-03, elapsed = 419.3 sec
Writing configuration in legacy data format
 Output file: /data/home/dg000246b/openDIS/HomeWork/output_Cu_twin_rorient/config.3200.data
Writing restart file
 Restart file: /data/home/dg000246b/openDIS/HomeWork/output_Cu_twin_rorient/restart.3200.exadis
[TwinWall] projected 818 node(s)
Step =   3201: nodes = 5422, dt = 2.244330e-10, strain = 3.903211e-03, elapsed = 419.6 sec
[TwinWall] projected 826 node(s)
Step =   3202: nodes = 5425, dt = 2.693195e-10, strain = 3.904558e-03, elapsed = 419.9 sec
[TwinWall] projected 808 node(s)
Step =   3203: nodes = 5430, dt = 1.615917e-10, strain = 3.905366e-03, elapsed = 420.2 sec
[TwinWall] projected 819 node(s)
Step =   3204: nodes = 5434, dt = 1.615917e-10, strain = 3.906173e-03, elapsed = 420.4 sec
[TwinWall] projected 816 node(s)
Step =   3205: nodes = 5445, dt = 1.939101e-10, strain = 3.907143e-03, elapsed = 420.6 sec
[TwinWall] projected 824 node(s)
Step =   3206: nodes = 5451, dt = 2.326921e-10, strain = 3.908307e-03, elapsed = 420.9 sec
[TwinWall] projected 811 node(s)
Step =   3207: nodes = 5456, dt = 1.396153e-10, strain = 3.909005e-03, elapsed = 421.2 sec
[TwinWall] projected 819 node(s)
Step =   3208: nodes = 5460, dt = 1.396153e-10, strain = 3.909703e-03, elapsed = 421.4 sec
[TwinWall] projected 830 node(s)
Step =   3209: nodes = 5463, dt = 1.675383e-10, strain = 3.910540e-03, elapsed = 421.6 sec
[TwinWall] projected 831 node(s)
Step =   3210: nodes = 5475, dt = 2.010460e-10, strain = 3.911546e-03, elapsed = 421.8 sec
[TwinWall] projected 839 node(s)
Step =   3211: nodes = 5506, dt = 2.412552e-10, strain = 3.912752e-03, elapsed = 422.1 sec
[TwinWall] projected 831 node(s)
Step =   3212: nodes = 5512, dt = 1.447531e-10, strain = 3.913476e-03, elapsed = 422.4 sec
[TwinWall] projected 835 node(s)
Step =   3213: nodes = 5521, dt = 1.447531e-10, strain = 3.914199e-03, elapsed = 422.6 sec
[TwinWall] projected 831 node(s)
Step =   3214: nodes = 5523, dt = 1.737037e-10, strain = 3.915068e-03, elapsed = 422.8 sec
[TwinWall] projected 838 node(s)
Step =   3215: nodes = 5539, dt = 2.084445e-10, strain = 3.916110e-03, elapsed = 423.1 sec
[TwinWall] projected 839 node(s)
Step =   3216: nodes = 5546, dt = 2.501333e-10, strain = 3.917361e-03, elapsed = 423.3 sec
[TwinWall] projected 837 node(s)
Step =   3217: nodes = 5550, dt = 1.500800e-10, strain = 3.918111e-03, elapsed = 423.6 sec
[TwinWall] projected 830 node(s)
Step =   3218: nodes = 5566, dt = 1.500800e-10, strain = 3.918862e-03, elapsed = 423.9 sec
[TwinWall] projected 842 node(s)
Step =   3219: nodes = 5594, dt = 1.800960e-10, strain = 3.919762e-03, elapsed = 424.1 sec
[TwinWall] projected 856 node(s)
Step =   3220: nodes = 5614, dt = 2.161152e-10, strain = 3.920843e-03, elapsed = 424.3 sec
[TwinWall] projected 862 node(s)
Step =   3221: nodes = 5622, dt = 2.593382e-10, strain = 3.922139e-03, elapsed = 424.6 sec
[TwinWall] projected 865 node(s)
Step =   3222: nodes = 5615, dt = 1.556029e-10, strain = 3.922917e-03, elapsed = 424.9 sec
[TwinWall] projected 861 node(s)
Step =   3223: nodes = 5627, dt = 1.556029e-10, strain = 3.923695e-03, elapsed = 425.1 sec
[TwinWall] projected 868 node(s)
Step =   3224: nodes = 5639, dt = 1.867235e-10, strain = 3.924629e-03, elapsed = 425.4 sec
[TwinWall] projected 872 node(s)
Step =   3225: nodes = 5659, dt = 2.240682e-10, strain = 3.925749e-03, elapsed = 425.6 sec
[TwinWall] projected 858 node(s)
Step =   3226: nodes = 5669, dt = 1.344409e-10, strain = 3.926422e-03, elapsed = 425.9 sec
[TwinWall] projected 853 node(s)
Step =   3227: nodes = 5683, dt = 1.344409e-10, strain = 3.927094e-03, elapsed = 426.2 sec
[TwinWall] projected 860 node(s)
Step =   3228: nodes = 5698, dt = 1.613291e-10, strain = 3.927900e-03, elapsed = 426.4 sec
[TwinWall] projected 867 node(s)
Step =   3229: nodes = 5711, dt = 1.935950e-10, strain = 3.928868e-03, elapsed = 426.6 sec
[TwinWall] projected 872 node(s)
Step =   3230: nodes = 5706, dt = 2.323140e-10, strain = 3.930030e-03, elapsed = 426.9 sec
[TwinWall] projected 860 node(s)
Step =   3231: nodes = 5709, dt = 1.393884e-10, strain = 3.930727e-03, elapsed = 427.2 sec
[TwinWall] projected 869 node(s)
Step =   3232: nodes = 5716, dt = 1.393884e-10, strain = 3.931424e-03, elapsed = 427.4 sec
[TwinWall] projected 880 node(s)
Step =   3233: nodes = 5739, dt = 1.672661e-10, strain = 3.932260e-03, elapsed = 427.6 sec
[TwinWall] projected 879 node(s)
Step =   3234: nodes = 5749, dt = 2.007193e-10, strain = 3.933264e-03, elapsed = 427.9 sec
[TwinWall] projected 890 node(s)
Step =   3235: nodes = 5751, dt = 2.408631e-10, strain = 3.934468e-03, elapsed = 428.2 sec
[TwinWall] projected 870 node(s)
Step =   3236: nodes = 5744, dt = 1.445179e-10, strain = 3.935191e-03, elapsed = 428.5 sec
[TwinWall] projected 880 node(s)
Step =   3237: nodes = 5755, dt = 1.445179e-10, strain = 3.935913e-03, elapsed = 428.7 sec
[TwinWall] projected 879 node(s)
Step =   3238: nodes = 5772, dt = 1.734214e-10, strain = 3.936780e-03, elapsed = 428.9 sec
[TwinWall] projected 891 node(s)
Step =   3239: nodes = 5787, dt = 2.081057e-10, strain = 3.937821e-03, elapsed = 429.2 sec
[TwinWall] projected 903 node(s)
Step =   3240: nodes = 5801, dt = 2.497269e-10, strain = 3.939069e-03, elapsed = 429.5 sec
[TwinWall] projected 928 node(s)
Step =   3241: nodes = 5798, dt = 2.996722e-10, strain = 3.940568e-03, elapsed = 429.7 sec
[TwinWall] projected 911 node(s)
Step =   3242: nodes = 5795, dt = 1.798033e-10, strain = 3.941467e-03, elapsed = 430.1 sec
[TwinWall] projected 936 node(s)
Step =   3243: nodes = 5815, dt = 1.798033e-10, strain = 3.942366e-03, elapsed = 430.3 sec
[TwinWall] projected 930 node(s)
Step =   3244: nodes = 5827, dt = 1.078820e-10, strain = 3.942905e-03, elapsed = 430.6 sec
[TwinWall] projected 920 node(s)
Step =   3245: nodes = 5825, dt = 1.078820e-10, strain = 3.943445e-03, elapsed = 430.8 sec
[TwinWall] projected 929 node(s)
Step =   3246: nodes = 5837, dt = 1.294584e-10, strain = 3.944092e-03, elapsed = 431.1 sec
[TwinWall] projected 935 node(s)
Step =   3247: nodes = 5854, dt = 1.553501e-10, strain = 3.944869e-03, elapsed = 431.3 sec
[TwinWall] projected 935 node(s)
Step =   3248: nodes = 5869, dt = 1.864201e-10, strain = 3.945801e-03, elapsed = 431.6 sec
[TwinWall] projected 941 node(s)
Step =   3249: nodes = 5870, dt = 2.237041e-10, strain = 3.946919e-03, elapsed = 431.8 sec
[TwinWall] projected 957 node(s)
Step =   3250: nodes = 5882, dt = 2.684450e-10, strain = 3.948262e-03, elapsed = 432.1 sec
[TwinWall] projected 936 node(s)
Step =   3251: nodes = 5886, dt = 1.610670e-10, strain = 3.949067e-03, elapsed = 432.4 sec
[TwinWall] projected 953 node(s)
Step =   3252: nodes = 5899, dt = 1.610670e-10, strain = 3.949872e-03, elapsed = 432.7 sec
[TwinWall] projected 950 node(s)
Step =   3253: nodes = 5916, dt = 1.932804e-10, strain = 3.950839e-03, elapsed = 432.9 sec
[TwinWall] projected 956 node(s)
Step =   3254: nodes = 5936, dt = 2.319364e-10, strain = 3.951998e-03, elapsed = 433.2 sec
[TwinWall] projected 957 node(s)
Step =   3255: nodes = 5943, dt = 2.783237e-10, strain = 3.953390e-03, elapsed = 433.5 sec
[TwinWall] projected 936 node(s)
Step =   3256: nodes = 5945, dt = 1.669942e-10, strain = 3.954225e-03, elapsed = 433.8 sec
[TwinWall] projected 945 node(s)
Step =   3257: nodes = 5965, dt = 1.669942e-10, strain = 3.955060e-03, elapsed = 434.0 sec
[TwinWall] projected 953 node(s)
Step =   3258: nodes = 5979, dt = 2.003931e-10, strain = 3.956062e-03, elapsed = 434.3 sec
[TwinWall] projected 966 node(s)
Step =   3259: nodes = 5986, dt = 2.404717e-10, strain = 3.957264e-03, elapsed = 434.6 sec
[TwinWall] projected 954 node(s)
Step =   3260: nodes = 5990, dt = 1.442830e-10, strain = 3.957986e-03, elapsed = 434.9 sec
[TwinWall] projected 957 node(s)
Step =   3261: nodes = 6017, dt = 1.442830e-10, strain = 3.958707e-03, elapsed = 435.2 sec
[TwinWall] projected 956 node(s)
Step =   3262: nodes = 6030, dt = 1.731396e-10, strain = 3.959573e-03, elapsed = 435.7 sec
[TwinWall] projected 973 node(s)
Step =   3263: nodes = 6044, dt = 2.077676e-10, strain = 3.960612e-03, elapsed = 436.0 sec
[TwinWall] projected 984 node(s)
Step =   3264: nodes = 6056, dt = 2.493211e-10, strain = 3.961858e-03, elapsed = 436.3 sec
[TwinWall] projected 981 node(s)
Step =   3265: nodes = 6055, dt = 1.495926e-10, strain = 3.962606e-03, elapsed = 436.6 sec
[TwinWall] projected 977 node(s)
Step =   3266: nodes = 6062, dt = 1.495926e-10, strain = 3.963354e-03, elapsed = 436.9 sec
[TwinWall] projected 982 node(s)
Step =   3267: nodes = 6068, dt = 1.795112e-10, strain = 3.964252e-03, elapsed = 437.2 sec
[TwinWall] projected 1001 node(s)
Step =   3268: nodes = 6099, dt = 2.154134e-10, strain = 3.965329e-03, elapsed = 437.4 sec
[TwinWall] projected 1012 node(s)
Step =   3269: nodes = 6119, dt = 2.584961e-10, strain = 3.966621e-03, elapsed = 437.7 sec
[TwinWall] projected 998 node(s)
Step =   3270: nodes = 6128, dt = 1.550977e-10, strain = 3.967397e-03, elapsed = 438.0 sec
[TwinWall] projected 1006 node(s)
Step =   3271: nodes = 6137, dt = 1.550977e-10, strain = 3.968172e-03, elapsed = 438.3 sec
[TwinWall] projected 1004 node(s)
Step =   3272: nodes = 6152, dt = 1.861172e-10, strain = 3.969103e-03, elapsed = 438.6 sec
[TwinWall] projected 1022 node(s)
Step =   3273: nodes = 6156, dt = 2.233406e-10, strain = 3.970220e-03, elapsed = 438.8 sec
[TwinWall] projected 1013 node(s)
Step =   3274: nodes = 6157, dt = 1.340044e-10, strain = 3.970890e-03, elapsed = 439.2 sec
[TwinWall] projected 1010 node(s)
Step =   3275: nodes = 6174, dt = 1.340044e-10, strain = 3.971560e-03, elapsed = 439.4 sec
[TwinWall] projected 1017 node(s)
Step =   3276: nodes = 6182, dt = 1.608052e-10, strain = 3.972364e-03, elapsed = 439.7 sec
[TwinWall] projected 1029 node(s)
Step =   3277: nodes = 6197, dt = 1.929663e-10, strain = 3.973328e-03, elapsed = 439.9 sec
[TwinWall] projected 1012 node(s)
Step =   3278: nodes = 6211, dt = 1.157798e-10, strain = 3.973907e-03, elapsed = 440.2 sec
[TwinWall] projected 1003 node(s)
Step =   3279: nodes = 6219, dt = 1.157798e-10, strain = 3.974486e-03, elapsed = 440.5 sec
[TwinWall] projected 1005 node(s)
Step =   3280: nodes = 6212, dt = 1.389357e-10, strain = 3.975181e-03, elapsed = 440.7 sec
[TwinWall] projected 1030 node(s)
Step =   3281: nodes = 6242, dt = 1.667229e-10, strain = 3.976015e-03, elapsed = 441.0 sec
[TwinWall] projected 1039 node(s)
Step =   3282: nodes = 6268, dt = 2.000675e-10, strain = 3.977015e-03, elapsed = 441.3 sec
[TwinWall] projected 1048 node(s)
Step =   3283: nodes = 6279, dt = 2.400809e-10, strain = 3.978215e-03, elapsed = 441.6 sec
[TwinWall] projected 1041 node(s)
Step =   3284: nodes = 6291, dt = 1.440486e-10, strain = 3.978935e-03, elapsed = 441.9 sec
[TwinWall] projected 1034 node(s)
Step =   3285: nodes = 6291, dt = 1.440486e-10, strain = 3.979656e-03, elapsed = 442.2 sec
[TwinWall] projected 1042 node(s)
Step =   3286: nodes = 6301, dt = 1.728583e-10, strain = 3.980520e-03, elapsed = 442.4 sec
[TwinWall] projected 1052 node(s)
Step =   3287: nodes = 6333, dt = 2.074299e-10, strain = 3.981557e-03, elapsed = 442.7 sec
[TwinWall] projected 1059 node(s)
Step =   3288: nodes = 6331, dt = 2.489159e-10, strain = 3.982802e-03, elapsed = 443.0 sec
[TwinWall] projected 1073 node(s)
Step =   3289: nodes = 6324, dt = 2.986991e-10, strain = 3.984295e-03, elapsed = 443.3 sec
[TwinWall] projected 1061 node(s)
Step =   3290: nodes = 6325, dt = 1.792195e-10, strain = 3.985191e-03, elapsed = 443.7 sec
[TwinWall] projected 1057 node(s)
Step =   3291: nodes = 6338, dt = 1.792195e-10, strain = 3.986087e-03, elapsed = 443.9 sec
[TwinWall] projected 1076 node(s)
Step =   3292: nodes = 6353, dt = 2.150634e-10, strain = 3.987163e-03, elapsed = 444.2 sec
[TwinWall] projected 1087 node(s)
Step =   3293: nodes = 6369, dt = 2.580760e-10, strain = 3.988453e-03, elapsed = 444.5 sec
[TwinWall] projected 1074 node(s)
Step =   3294: nodes = 6374, dt = 1.548456e-10, strain = 3.989227e-03, elapsed = 444.9 sec
[TwinWall] projected 1077 node(s)
Step =   3295: nodes = 6375, dt = 1.548456e-10, strain = 3.990002e-03, elapsed = 445.1 sec
[TwinWall] projected 1079 node(s)
Step =   3296: nodes = 6384, dt = 1.858147e-10, strain = 3.990931e-03, elapsed = 445.4 sec
[TwinWall] projected 1093 node(s)
Step =   3297: nodes = 6402, dt = 2.229777e-10, strain = 3.992046e-03, elapsed = 445.7 sec
[TwinWall] projected 1097 node(s)
Step =   3298: nodes = 6422, dt = 2.675732e-10, strain = 3.993383e-03, elapsed = 445.9 sec
[TwinWall] projected 1085 node(s)
Step =   3299: nodes = 6423, dt = 1.605439e-10, strain = 3.994186e-03, elapsed = 446.3 sec
[TwinWall] projected 1082 node(s)
Step =   3300: nodes = 6428, dt = 1.605439e-10, strain = 3.994989e-03, elapsed = 446.6 sec
Writing configuration in legacy data format
 Output file: /data/home/dg000246b/openDIS/HomeWork/output_Cu_twin_rorient/config.3300.data
Writing restart file
 Restart file: /data/home/dg000246b/openDIS/HomeWork/output_Cu_twin_rorient/restart.3300.exadis
[TwinWall] projected 1089 node(s)
Step =   3301: nodes = 6453, dt = 1.926527e-10, strain = 3.995952e-03, elapsed = 446.9 sec
[TwinWall] projected 1104 node(s)
Step =   3302: nodes = 6464, dt = 2.311833e-10, strain = 3.997108e-03, elapsed = 447.2 sec
[TwinWall] projected 1123 node(s)
Step =   3303: nodes = 6463, dt = 2.774199e-10, strain = 3.998495e-03, elapsed = 447.5 sec
[TwinWall] projected 1107 node(s)
Step =   3304: nodes = 6457, dt = 1.664520e-10, strain = 3.999327e-03, elapsed = 447.9 sec
[TwinWall] projected 1111 node(s)
Step =   3305: nodes = 6485, dt = 1.664520e-10, strain = 4.000160e-03, elapsed = 448.1 sec
[TwinWall] projected 1115 node(s)
Step =   3306: nodes = 6511, dt = 1.997423e-10, strain = 4.001158e-03, elapsed = 448.4 sec
[TwinWall] projected 1122 node(s)
Step =   3307: nodes = 6524, dt = 2.396908e-10, strain = 4.002357e-03, elapsed = 448.7 sec
[TwinWall] projected 1112 node(s)
Step =   3308: nodes = 6520, dt = 1.438145e-10, strain = 4.003076e-03, elapsed = 449.1 sec
[TwinWall] projected 1128 node(s)
Step =   3309: nodes = 6527, dt = 1.438145e-10, strain = 4.003795e-03, elapsed = 449.4 sec
[TwinWall] projected 1127 node(s)
Step =   3310: nodes = 6545, dt = 1.725774e-10, strain = 4.004658e-03, elapsed = 449.6 sec
[TwinWall] projected 1128 node(s)
Step =   3311: nodes = 6532, dt = 2.070929e-10, strain = 4.005693e-03, elapsed = 449.9 sec
[TwinWall] projected 1137 node(s)
Step =   3312: nodes = 6532, dt = 2.485114e-10, strain = 4.006936e-03, elapsed = 450.2 sec
[TwinWall] projected 1139 node(s)
Step =   3313: nodes = 6528, dt = 2.982137e-10, strain = 4.008427e-03, elapsed = 450.5 sec
[TwinWall] projected 1130 node(s)
Step =   3314: nodes = 6523, dt = 1.789282e-10, strain = 4.009322e-03, elapsed = 450.9 sec
[TwinWall] projected 1132 node(s)
Step =   3315: nodes = 6534, dt = 1.789282e-10, strain = 4.010216e-03, elapsed = 451.2 sec
[TwinWall] projected 1150 node(s)
Step =   3316: nodes = 6554, dt = 2.147139e-10, strain = 4.011290e-03, elapsed = 451.4 sec
[TwinWall] projected 1144 node(s)
Step =   3317: nodes = 6559, dt = 2.576567e-10, strain = 4.012578e-03, elapsed = 451.7 sec
[TwinWall] projected 1135 node(s)
Step =   3318: nodes = 6576, dt = 1.545940e-10, strain = 4.013351e-03, elapsed = 452.1 sec
[TwinWall] projected 1149 node(s)
Step =   3319: nodes = 6582, dt = 1.545940e-10, strain = 4.014124e-03, elapsed = 452.4 sec
[TwinWall] projected 1157 node(s)
Step =   3320: nodes = 6589, dt = 1.855128e-10, strain = 4.015052e-03, elapsed = 452.6 sec
[TwinWall] projected 1159 node(s)
Step =   3321: nodes = 6600, dt = 2.226153e-10, strain = 4.016165e-03, elapsed = 452.9 sec
[TwinWall] projected 1169 node(s)
Step =   3322: nodes = 6627, dt = 2.671384e-10, strain = 4.017500e-03, elapsed = 453.2 sec
[TwinWall] projected 1158 node(s)
Step =   3323: nodes = 6631, dt = 1.602831e-10, strain = 4.018302e-03, elapsed = 453.6 sec
[TwinWall] projected 1145 node(s)
Step =   3324: nodes = 6638, dt = 1.602831e-10, strain = 4.019103e-03, elapsed = 453.9 sec
[TwinWall] projected 1162 node(s)
Step =   3325: nodes = 6643, dt = 1.923397e-10, strain = 4.020065e-03, elapsed = 454.1 sec
[TwinWall] projected 1166 node(s)
Step =   3326: nodes = 6648, dt = 2.308076e-10, strain = 4.021219e-03, elapsed = 454.4 sec
[TwinWall] projected 1174 node(s)
Step =   3327: nodes = 6661, dt = 2.769691e-10, strain = 4.022604e-03, elapsed = 454.7 sec
[TwinWall] projected 1166 node(s)
Step =   3328: nodes = 6669, dt = 1.661815e-10, strain = 4.023435e-03, elapsed = 455.1 sec
[TwinWall] projected 1172 node(s)
Step =   3329: nodes = 6688, dt = 1.661815e-10, strain = 4.024266e-03, elapsed = 455.4 sec
[TwinWall] projected 1174 node(s)
Step =   3330: nodes = 6700, dt = 1.994178e-10, strain = 4.025263e-03, elapsed = 455.6 sec
[TwinWall] projected 1184 node(s)
Step =   3331: nodes = 6713, dt = 2.393013e-10, strain = 4.026459e-03, elapsed = 455.9 sec
[TwinWall] projected 1167 node(s)
Step =   3332: nodes = 6727, dt = 1.435808e-10, strain = 4.027177e-03, elapsed = 456.3 sec
[TwinWall] projected 1168 node(s)
Step =   3333: nodes = 6736, dt = 1.435808e-10, strain = 4.027895e-03, elapsed = 456.6 sec
[TwinWall] projected 1172 node(s)
Step =   3334: nodes = 6756, dt = 1.722969e-10, strain = 4.028756e-03, elapsed = 456.8 sec
[TwinWall] projected 1156 node(s)
Step =   3335: nodes = 6767, dt = 1.033782e-10, strain = 4.029273e-03, elapsed = 457.2 sec
[TwinWall] projected 1145 node(s)
Step =   3336: nodes = 6783, dt = 1.033782e-10, strain = 4.029790e-03, elapsed = 457.4 sec
[TwinWall] projected 1157 node(s)
Step =   3337: nodes = 6789, dt = 1.240538e-10, strain = 4.030411e-03, elapsed = 457.7 sec
[TwinWall] projected 1170 node(s)
Step =   3338: nodes = 6806, dt = 1.488646e-10, strain = 4.031155e-03, elapsed = 458.0 sec
[TwinWall] projected 1178 node(s)
Step =   3339: nodes = 6819, dt = 1.786375e-10, strain = 4.032048e-03, elapsed = 458.3 sec
[TwinWall] projected 1188 node(s)
Step =   3340: nodes = 6835, dt = 2.143650e-10, strain = 4.033120e-03, elapsed = 458.6 sec
[TwinWall] projected 1193 node(s)
Step =   3341: nodes = 6851, dt = 2.572380e-10, strain = 4.034406e-03, elapsed = 458.9 sec
[TwinWall] projected 1211 node(s)
Step =   3342: nodes = 6842, dt = 3.086856e-10, strain = 4.035949e-03, elapsed = 459.2 sec
[TwinWall] projected 1200 node(s)
Step =   3343: nodes = 6859, dt = 1.852113e-10, strain = 4.036876e-03, elapsed = 459.6 sec
[TwinWall] projected 1198 node(s)
Step =   3344: nodes = 6865, dt = 1.852113e-10, strain = 4.037802e-03, elapsed = 459.8 sec
[TwinWall] projected 1203 node(s)
Step =   3345: nodes = 6882, dt = 2.222536e-10, strain = 4.038913e-03, elapsed = 460.1 sec
[TwinWall] projected 1213 node(s)
Step =   3346: nodes = 6896, dt = 2.667043e-10, strain = 4.040246e-03, elapsed = 460.4 sec
[TwinWall] projected 1201 node(s)
Step =   3347: nodes = 6897, dt = 1.600226e-10, strain = 4.041046e-03, elapsed = 460.8 sec
[TwinWall] projected 1204 node(s)
Step =   3348: nodes = 6920, dt = 1.600226e-10, strain = 4.041847e-03, elapsed = 461.1 sec
[TwinWall] projected 1220 node(s)
Step =   3349: nodes = 6938, dt = 1.920271e-10, strain = 4.042807e-03, elapsed = 461.4 sec
[TwinWall] projected 1216 node(s)
Step =   3350: nodes = 6934, dt = 2.304325e-10, strain = 4.043959e-03, elapsed = 461.7 sec
[TwinWall] projected 1197 node(s)
Step =   3351: nodes = 6954, dt = 1.382595e-10, strain = 4.044650e-03, elapsed = 462.0 sec
[TwinWall] projected 1196 node(s)
Step =   3352: nodes = 6961, dt = 1.382595e-10, strain = 4.045341e-03, elapsed = 462.3 sec
[TwinWall] projected 1208 node(s)
Step =   3353: nodes = 6979, dt = 1.659114e-10, strain = 4.046171e-03, elapsed = 462.6 sec
[TwinWall] projected 1212 node(s)
Step =   3354: nodes = 6995, dt = 1.990937e-10, strain = 4.047167e-03, elapsed = 462.9 sec
[TwinWall] projected 1226 node(s)
Step =   3355: nodes = 7022, dt = 2.389124e-10, strain = 4.048361e-03, elapsed = 463.2 sec
[TwinWall] projected 1237 node(s)
Step =   3356: nodes = 7024, dt = 2.866949e-10, strain = 4.049795e-03, elapsed = 463.6 sec
[TwinWall] projected 1226 node(s)
Step =   3357: nodes = 7050, dt = 1.720170e-10, strain = 4.050655e-03, elapsed = 463.9 sec
[TwinWall] projected 1223 node(s)
Step =   3358: nodes = 7073, dt = 1.720170e-10, strain = 4.051515e-03, elapsed = 464.2 sec
[TwinWall] projected 1231 node(s)
Step =   3359: nodes = 7081, dt = 2.064204e-10, strain = 4.052547e-03, elapsed = 464.5 sec
[TwinWall] projected 1206 node(s)
Step =   3360: nodes = 7087, dt = 1.238522e-10, strain = 4.053166e-03, elapsed = 464.9 sec
[TwinWall] projected 1208 node(s)
Step =   3361: nodes = 7094, dt = 1.238522e-10, strain = 4.053785e-03, elapsed = 465.2 sec
[TwinWall] projected 1226 node(s)
Step =   3362: nodes = 7105, dt = 1.486227e-10, strain = 4.054528e-03, elapsed = 465.7 sec
[TwinWall] projected 1232 node(s)
Step =   3363: nodes = 7128, dt = 1.783472e-10, strain = 4.055420e-03, elapsed = 466.1 sec
[TwinWall] projected 1245 node(s)
Step =   3364: nodes = 7140, dt = 2.140166e-10, strain = 4.056490e-03, elapsed = 466.4 sec
[TwinWall] projected 1253 node(s)
Step =   3365: nodes = 7145, dt = 2.568199e-10, strain = 4.057774e-03, elapsed = 466.7 sec
[TwinWall] projected 1234 node(s)
Step =   3366: nodes = 7152, dt = 1.540920e-10, strain = 4.058545e-03, elapsed = 467.1 sec
[TwinWall] projected 1241 node(s)
Step =   3367: nodes = 7172, dt = 1.540920e-10, strain = 4.059315e-03, elapsed = 467.4 sec
[TwinWall] projected 1243 node(s)
Step =   3368: nodes = 7191, dt = 1.849104e-10, strain = 4.060240e-03, elapsed = 467.7 sec
[TwinWall] projected 1245 node(s)
Step =   3369: nodes = 7197, dt = 2.218924e-10, strain = 4.061349e-03, elapsed = 468.0 sec
[TwinWall] projected 1266 node(s)
Step =   3370: nodes = 7220, dt = 2.662709e-10, strain = 4.062681e-03, elapsed = 468.3 sec
[TwinWall] projected 1258 node(s)
Step =   3371: nodes = 7236, dt = 1.597626e-10, strain = 4.063479e-03, elapsed = 468.7 sec
[TwinWall] projected 1245 node(s)
Step =   3372: nodes = 7257, dt = 1.597626e-10, strain = 4.064278e-03, elapsed = 469.0 sec
[TwinWall] projected 1265 node(s)
Step =   3373: nodes = 7272, dt = 1.917151e-10, strain = 4.065237e-03, elapsed = 469.3 sec
[TwinWall] projected 1274 node(s)
Step =   3374: nodes = 7285, dt = 2.300581e-10, strain = 4.066387e-03, elapsed = 469.6 sec
[TwinWall] projected 1278 node(s)
Step =   3375: nodes = 7284, dt = 2.760697e-10, strain = 4.067768e-03, elapsed = 470.0 sec
[TwinWall] projected 1286 node(s)
Step =   3376: nodes = 7296, dt = 3.312836e-10, strain = 4.069424e-03, elapsed = 470.4 sec
[TwinWall] projected 1273 node(s)
Step =   3377: nodes = 7325, dt = 1.987702e-10, strain = 4.070418e-03, elapsed = 470.8 sec
[TwinWall] projected 1289 node(s)
Step =   3378: nodes = 7349, dt = 1.987702e-10, strain = 4.071412e-03, elapsed = 471.0 sec
[TwinWall] projected 1258 node(s)
Step =   3379: nodes = 7353, dt = 1.192621e-10, strain = 4.072008e-03, elapsed = 471.5 sec
[TwinWall] projected 1252 node(s)
Step =   3380: nodes = 7372, dt = 1.192621e-10, strain = 4.072604e-03, elapsed = 471.8 sec
[TwinWall] projected 1269 node(s)
Step =   3381: nodes = 7395, dt = 1.431145e-10, strain = 4.073320e-03, elapsed = 472.0 sec
[TwinWall] projected 1282 node(s)
Step =   3382: nodes = 7421, dt = 1.717374e-10, strain = 4.074179e-03, elapsed = 472.4 sec
[TwinWall] projected 1288 node(s)
Step =   3383: nodes = 7437, dt = 2.060849e-10, strain = 4.075209e-03, elapsed = 472.7 sec
[TwinWall] projected 1293 node(s)
Step =   3384: nodes = 7463, dt = 2.473019e-10, strain = 4.076445e-03, elapsed = 473.0 sec
[TwinWall] projected 1271 node(s)
Step =   3385: nodes = 7460, dt = 1.483811e-10, strain = 4.077187e-03, elapsed = 473.5 sec
[TwinWall] projected 1267 node(s)
Step =   3386: nodes = 7466, dt = 1.483811e-10, strain = 4.077929e-03, elapsed = 473.8 sec
[TwinWall] projected 1285 node(s)
Step =   3387: nodes = 7481, dt = 1.780574e-10, strain = 4.078820e-03, elapsed = 474.1 sec
[TwinWall] projected 1301 node(s)
Step =   3388: nodes = 7514, dt = 2.136688e-10, strain = 4.079888e-03, elapsed = 474.4 sec
[TwinWall] projected 1312 node(s)
Step =   3389: nodes = 7531, dt = 2.564026e-10, strain = 4.081170e-03, elapsed = 474.7 sec
[TwinWall] projected 1273 node(s)
Step =   3390: nodes = 7533, dt = 1.538416e-10, strain = 4.081939e-03, elapsed = 475.1 sec
[TwinWall] projected 1273 node(s)
Step =   3391: nodes = 7541, dt = 1.538416e-10, strain = 4.082708e-03, elapsed = 475.4 sec
[TwinWall] projected 1295 node(s)
Step =   3392: nodes = 7574, dt = 1.846099e-10, strain = 4.083631e-03, elapsed = 475.8 sec
[TwinWall] projected 1301 node(s)
Step =   3393: nodes = 7583, dt = 2.215319e-10, strain = 4.084739e-03, elapsed = 476.1 sec
[TwinWall] projected 1315 node(s)
Step =   3394: nodes = 7601, dt = 2.658382e-10, strain = 4.086068e-03, elapsed = 476.5 sec
[TwinWall] projected 1316 node(s)
Step =   3395: nodes = 7608, dt = 1.595029e-10, strain = 4.086866e-03, elapsed = 476.9 sec
[TwinWall] projected 1298 node(s)
Step =   3396: nodes = 7617, dt = 1.595029e-10, strain = 4.087663e-03, elapsed = 477.2 sec
[TwinWall] projected 1308 node(s)
Step =   3397: nodes = 7632, dt = 1.914035e-10, strain = 4.088620e-03, elapsed = 477.5 sec
[TwinWall] projected 1314 node(s)
Step =   3398: nodes = 7638, dt = 2.296842e-10, strain = 4.089769e-03, elapsed = 477.9 sec
[TwinWall] projected 1324 node(s)
Step =   3399: nodes = 7675, dt = 2.756211e-10, strain = 4.091147e-03, elapsed = 478.2 sec
[TwinWall] projected 1313 node(s)
Step =   3400: nodes = 7672, dt = 1.653726e-10, strain = 4.091974e-03, elapsed = 478.7 sec
Writing configuration in legacy data format
 Output file: /data/home/dg000246b/openDIS/HomeWork/output_Cu_twin_rorient/config.3400.data
Writing restart file
 Restart file: /data/home/dg000246b/openDIS/HomeWork/output_Cu_twin_rorient/restart.3400.exadis
[TwinWall] projected 1306 node(s)
Step =   3401: nodes = 7685, dt = 1.653726e-10, strain = 4.092801e-03, elapsed = 479.1 sec
[TwinWall] projected 1324 node(s)
Step =   3402: nodes = 7698, dt = 1.984472e-10, strain = 4.093793e-03, elapsed = 479.4 sec
[TwinWall] projected 1333 node(s)
Step =   3403: nodes = 7726, dt = 2.381366e-10, strain = 4.094983e-03, elapsed = 479.8 sec
[TwinWall] projected 1341 node(s)
Step =   3404: nodes = 7739, dt = 2.857639e-10, strain = 4.096412e-03, elapsed = 480.1 sec
[TwinWall] projected 1329 node(s)
Step =   3405: nodes = 7757, dt = 1.714584e-10, strain = 4.097270e-03, elapsed = 480.6 sec
[TwinWall] projected 1324 node(s)
Step =   3406: nodes = 7769, dt = 1.714584e-10, strain = 4.098127e-03, elapsed = 480.9 sec
[TwinWall] projected 1329 node(s)
Step =   3407: nodes = 7788, dt = 2.057500e-10, strain = 4.099156e-03, elapsed = 481.3 sec
[TwinWall] projected 1339 node(s)
Step =   3408: nodes = 7798, dt = 2.469000e-10, strain = 4.100390e-03, elapsed = 481.6 sec
[TwinWall] projected 1350 node(s)
Step =   3409: nodes = 7790, dt = 2.962800e-10, strain = 4.101871e-03, elapsed = 482.0 sec
[TwinWall] projected 1337 node(s)
Step =   3410: nodes = 7802, dt = 1.777680e-10, strain = 4.102760e-03, elapsed = 482.5 sec
[TwinWall] projected 1330 node(s)
Step =   3411: nodes = 7823, dt = 1.777680e-10, strain = 4.103649e-03, elapsed = 482.8 sec
[TwinWall] projected 1358 node(s)
Step =   3412: nodes = 7868, dt = 2.133216e-10, strain = 4.104716e-03, elapsed = 483.1 sec
[TwinWall] projected 1326 node(s)
Step =   3413: nodes = 7865, dt = 1.279930e-10, strain = 4.105356e-03, elapsed = 483.6 sec
[TwinWall] projected 1333 node(s)
Step =   3414: nodes = 7877, dt = 1.279930e-10, strain = 4.105996e-03, elapsed = 483.9 sec
[TwinWall] projected 1347 node(s)
Step =   3415: nodes = 7894, dt = 1.535916e-10, strain = 4.106764e-03, elapsed = 484.2 sec
[TwinWall] projected 1360 node(s)
Step =   3416: nodes = 7909, dt = 1.843099e-10, strain = 4.107685e-03, elapsed = 484.6 sec
[TwinWall] projected 1377 node(s)
Step =   3417: nodes = 7928, dt = 2.211719e-10, strain = 4.108791e-03, elapsed = 484.9 sec
[TwinWall] projected 1382 node(s)
Step =   3418: nodes = 7955, dt = 2.654062e-10, strain = 4.110118e-03, elapsed = 485.4 sec
[TwinWall] projected 1382 node(s)
Step =   3419: nodes = 7967, dt = 1.592437e-10, strain = 4.110914e-03, elapsed = 485.8 sec
[TwinWall] projected 1381 node(s)
Step =   3420: nodes = 7987, dt = 1.592437e-10, strain = 4.111711e-03, elapsed = 486.1 sec
[TwinWall] projected 1383 node(s)
Step =   3421: nodes = 8002, dt = 1.910925e-10, strain = 4.112666e-03, elapsed = 486.5 sec
[TwinWall] projected 1402 node(s)
Step =   3422: nodes = 8015, dt = 2.293110e-10, strain = 4.113813e-03, elapsed = 486.9 sec
[TwinWall] projected 1352 node(s)
Step =   3423: nodes = 8012, dt = 6.879330e-11, strain = 4.114157e-03, elapsed = 487.5 sec
[TwinWall] projected 1338 node(s)
Step =   3424: nodes = 8015, dt = 6.879330e-11, strain = 4.114500e-03, elapsed = 487.8 sec
[TwinWall] projected 1350 node(s)
Step =   3425: nodes = 8015, dt = 8.255196e-11, strain = 4.114913e-03, elapsed = 488.1 sec
[TwinWall] projected 1358 node(s)
Step =   3426: nodes = 8010, dt = 9.906235e-11, strain = 4.115409e-03, elapsed = 488.4 sec
[TwinWall] projected 1378 node(s)
Step =   3427: nodes = 8040, dt = 1.188748e-10, strain = 4.116003e-03, elapsed = 488.8 sec
[TwinWall] projected 1383 node(s)
Step =   3428: nodes = 8047, dt = 1.426498e-10, strain = 4.116716e-03, elapsed = 489.1 sec
[TwinWall] projected 1393 node(s)
Step =   3429: nodes = 8052, dt = 1.711797e-10, strain = 4.117572e-03, elapsed = 489.5 sec
[TwinWall] projected 1418 node(s)
Step =   3430: nodes = 8055, dt = 2.054157e-10, strain = 4.118599e-03, elapsed = 489.8 sec
[TwinWall] projected 1432 node(s)
Step =   3431: nodes = 8077, dt = 2.464988e-10, strain = 4.119832e-03, elapsed = 490.2 sec
[TwinWall] projected 1435 node(s)
Step =   3432: nodes = 8094, dt = 1.478993e-10, strain = 4.120571e-03, elapsed = 490.6 sec
[TwinWall] projected 1422 node(s)
Step =   3433: nodes = 8104, dt = 1.478993e-10, strain = 4.121311e-03, elapsed = 491.0 sec
[TwinWall] projected 1438 node(s)
Step =   3434: nodes = 8134, dt = 1.774792e-10, strain = 4.122198e-03, elapsed = 491.3 sec
[TwinWall] projected 1448 node(s)
Step =   3435: nodes = 8147, dt = 2.129750e-10, strain = 4.123263e-03, elapsed = 491.7 sec
[TwinWall] projected 1415 node(s)
Step =   3436: nodes = 8153, dt = 1.277850e-10, strain = 4.123902e-03, elapsed = 492.2 sec
[TwinWall] projected 1419 node(s)
Step =   3437: nodes = 8170, dt = 1.277850e-10, strain = 4.124541e-03, elapsed = 492.5 sec
[TwinWall] projected 1451 node(s)
Step =   3438: nodes = 8194, dt = 1.533420e-10, strain = 4.125307e-03, elapsed = 492.9 sec
[TwinWall] projected 1451 node(s)
Step =   3439: nodes = 8204, dt = 1.840104e-10, strain = 4.126228e-03, elapsed = 493.2 sec
[TwinWall] projected 1461 node(s)
Step =   3440: nodes = 8217, dt = 2.208125e-10, strain = 4.127332e-03, elapsed = 493.6 sec
[TwinWall] projected 1440 node(s)
Step =   3441: nodes = 8224, dt = 1.324875e-10, strain = 4.127994e-03, elapsed = 494.1 sec
[TwinWall] projected 1429 node(s)
Step =   3442: nodes = 8251, dt = 1.324875e-10, strain = 4.128656e-03, elapsed = 494.4 sec
[TwinWall] projected 1450 node(s)
Step =   3443: nodes = 8273, dt = 1.589850e-10, strain = 4.129451e-03, elapsed = 494.8 sec
[TwinWall] projected 1465 node(s)
Step =   3444: nodes = 8298, dt = 1.907820e-10, strain = 4.130405e-03, elapsed = 495.1 sec
[TwinWall] projected 1474 node(s)
Step =   3445: nodes = 8311, dt = 2.289384e-10, strain = 4.131550e-03, elapsed = 495.8 sec
[TwinWall] projected 1479 node(s)
Step =   3446: nodes = 8297, dt = 2.747260e-10, strain = 4.132924e-03, elapsed = 496.2 sec
[TwinWall] projected 1423 node(s)
Step =   3447: nodes = 8296, dt = 8.241781e-11, strain = 4.133336e-03, elapsed = 496.8 sec
[TwinWall] projected 1427 node(s)
Step =   3448: nodes = 8325, dt = 8.241781e-11, strain = 4.133748e-03, elapsed = 497.2 sec
[TwinWall] projected 1425 node(s)
Step =   3449: nodes = 8334, dt = 9.890137e-11, strain = 4.134242e-03, elapsed = 497.6 sec
[TwinWall] projected 1438 node(s)
Step =   3450: nodes = 8354, dt = 1.186816e-10, strain = 4.134836e-03, elapsed = 497.9 sec
[TwinWall] projected 1454 node(s)
Step =   3451: nodes = 8370, dt = 1.424180e-10, strain = 4.135548e-03, elapsed = 498.3 sec
[TwinWall] projected 1464 node(s)
Step =   3452: nodes = 8371, dt = 1.709016e-10, strain = 4.136402e-03, elapsed = 498.6 sec
[TwinWall] projected 1491 node(s)
Step =   3453: nodes = 8408, dt = 2.050819e-10, strain = 4.137428e-03, elapsed = 499.0 sec
[TwinWall] projected 1497 node(s)
Step =   3454: nodes = 8434, dt = 2.460983e-10, strain = 4.138658e-03, elapsed = 499.4 sec
[TwinWall] projected 1480 node(s)
Step =   3455: nodes = 8442, dt = 1.476590e-10, strain = 4.139397e-03, elapsed = 499.9 sec
[TwinWall] projected 1484 node(s)
Step =   3456: nodes = 8458, dt = 1.476590e-10, strain = 4.140135e-03, elapsed = 500.2 sec
[TwinWall] projected 1491 node(s)
Step =   3457: nodes = 8480, dt = 1.771908e-10, strain = 4.141021e-03, elapsed = 500.6 sec
[TwinWall] projected 1493 node(s)
Step =   3458: nodes = 8488, dt = 2.126289e-10, strain = 4.142084e-03, elapsed = 501.0 sec
[TwinWall] projected 1503 node(s)
Step =   3459: nodes = 8504, dt = 2.551547e-10, strain = 4.143360e-03, elapsed = 501.4 sec
[TwinWall] projected 1498 node(s)
Step =   3460: nodes = 8521, dt = 1.530928e-10, strain = 4.144125e-03, elapsed = 501.9 sec
[TwinWall] projected 1506 node(s)
Step =   3461: nodes = 8540, dt = 1.530928e-10, strain = 4.144891e-03, elapsed = 502.3 sec
[TwinWall] projected 1533 node(s)
Step =   3462: nodes = 8576, dt = 1.837114e-10, strain = 4.145809e-03, elapsed = 502.6 sec
[TwinWall] projected 1531 node(s)
Step =   3463: nodes = 8583, dt = 2.204536e-10, strain = 4.146911e-03, elapsed = 503.0 sec
[TwinWall] projected 1546 node(s)
Step =   3464: nodes = 8578, dt = 2.645444e-10, strain = 4.148234e-03, elapsed = 503.5 sec
[TwinWall] projected 1504 node(s)
Step =   3465: nodes = 8580, dt = 1.587266e-10, strain = 4.149028e-03, elapsed = 503.9 sec
[TwinWall] projected 1501 node(s)
Step =   3466: nodes = 8600, dt = 1.587266e-10, strain = 4.149821e-03, elapsed = 504.4 sec
[TwinWall] projected 1518 node(s)
Step =   3467: nodes = 8636, dt = 1.904719e-10, strain = 4.150774e-03, elapsed = 504.7 sec
[TwinWall] projected 1541 node(s)
Step =   3468: nodes = 8653, dt = 2.285663e-10, strain = 4.151917e-03, elapsed = 505.1 sec
[TwinWall] projected 1557 node(s)
Step =   3469: nodes = 8656, dt = 2.742796e-10, strain = 4.153288e-03, elapsed = 505.5 sec
[TwinWall] projected 1570 node(s)
Step =   3470: nodes = 8629, dt = 3.291355e-10, strain = 4.154934e-03, elapsed = 506.0 sec
[TwinWall] projected 1499 node(s)
Step =   3471: nodes = 8612, dt = 9.874066e-11, strain = 4.155427e-03, elapsed = 506.6 sec
[TwinWall] projected 1547 node(s)
Step =   3472: nodes = 8652, dt = 9.874066e-11, strain = 4.155921e-03, elapsed = 507.0 sec
[TwinWall] projected 1526 node(s)
Step =   3473: nodes = 8665, dt = 1.184888e-10, strain = 4.156514e-03, elapsed = 507.3 sec
[TwinWall] projected 1562 node(s)
Step =   3474: nodes = 8689, dt = 1.421865e-10, strain = 4.157224e-03, elapsed = 507.7 sec
[TwinWall] projected 1551 node(s)
Step =   3475: nodes = 8708, dt = 1.706239e-10, strain = 4.158078e-03, elapsed = 508.1 sec
[TwinWall] projected 1568 node(s)
Step =   3476: nodes = 8742, dt = 2.047486e-10, strain = 4.159101e-03, elapsed = 508.5 sec
[TwinWall] projected 1568 node(s)
Step =   3477: nodes = 8748, dt = 2.456984e-10, strain = 4.160330e-03, elapsed = 508.9 sec
[TwinWall] projected 1568 node(s)
Step =   3478: nodes = 8773, dt = 1.474190e-10, strain = 4.161067e-03, elapsed = 509.5 sec
[TwinWall] projected 1574 node(s)
Step =   3479: nodes = 8808, dt = 1.474190e-10, strain = 4.161804e-03, elapsed = 509.9 sec
[TwinWall] projected 1561 node(s)
Step =   3480: nodes = 8819, dt = 1.769028e-10, strain = 4.162689e-03, elapsed = 510.3 sec
[TwinWall] projected 1574 node(s)
Step =   3481: nodes = 8827, dt = 2.122834e-10, strain = 4.163750e-03, elapsed = 510.7 sec
[TwinWall] projected 1586 node(s)
Step =   3482: nodes = 8854, dt = 2.547401e-10, strain = 4.165024e-03, elapsed = 511.1 sec
[TwinWall] projected 1600 node(s)
Step =   3483: nodes = 8870, dt = 3.056881e-10, strain = 4.166552e-03, elapsed = 511.6 sec
[TwinWall] projected 1548 node(s)
Step =   3484: nodes = 8879, dt = 9.170642e-11, strain = 4.167011e-03, elapsed = 512.2 sec
[TwinWall] projected 1514 node(s)
Step =   3485: nodes = 8894, dt = 9.170642e-11, strain = 4.167469e-03, elapsed = 512.6 sec
[TwinWall] projected 1524 node(s)
Step =   3486: nodes = 8901, dt = 1.100477e-10, strain = 4.168019e-03, elapsed = 513.0 sec
[TwinWall] projected 1549 node(s)
Step =   3487: nodes = 8918, dt = 1.320572e-10, strain = 4.168680e-03, elapsed = 513.4 sec
[TwinWall] projected 1582 node(s)
Step =   3488: nodes = 8933, dt = 1.584687e-10, strain = 4.169472e-03, elapsed = 513.8 sec
[TwinWall] projected 1582 node(s)
Step =   3489: nodes = 8935, dt = 1.901624e-10, strain = 4.170423e-03, elapsed = 514.2 sec
[TwinWall] projected 1616 node(s)
Step =   3490: nodes = 8923, dt = 2.281949e-10, strain = 4.171564e-03, elapsed = 514.7 sec
[TwinWall] projected 1575 node(s)
Step =   3491: nodes = 8901, dt = 1.369170e-10, strain = 4.172248e-03, elapsed = 515.2 sec
[TwinWall] projected 1569 node(s)
Step =   3492: nodes = 8917, dt = 1.369170e-10, strain = 4.172933e-03, elapsed = 515.6 sec
[TwinWall] projected 1601 node(s)
Step =   3493: nodes = 8943, dt = 1.643003e-10, strain = 4.173754e-03, elapsed = 516.0 sec
[TwinWall] projected 1605 node(s)
Step =   3494: nodes = 8937, dt = 1.971604e-10, strain = 4.174740e-03, elapsed = 516.4 sec
[TwinWall] projected 1642 node(s)
Step =   3495: nodes = 8940, dt = 2.365925e-10, strain = 4.175923e-03, elapsed = 516.9 sec
[TwinWall] projected 1632 node(s)
Step =   3496: nodes = 8957, dt = 1.419555e-10, strain = 4.176633e-03, elapsed = 517.4 sec
[TwinWall] projected 1614 node(s)
Step =   3497: nodes = 8993, dt = 1.419555e-10, strain = 4.177343e-03, elapsed = 517.8 sec
[TwinWall] projected 1613 node(s)
Step =   3498: nodes = 8997, dt = 1.703466e-10, strain = 4.178195e-03, elapsed = 518.2 sec
[TwinWall] projected 1636 node(s)
Step =   3499: nodes = 9016, dt = 2.044159e-10, strain = 4.179217e-03, elapsed = 518.6 sec
[TwinWall] projected 1642 node(s)
Step =   3500: nodes = 9036, dt = 2.452991e-10, strain = 4.180443e-03, elapsed = 519.1 sec
Writing configuration in legacy data format
 Output file: /data/home/dg000246b/openDIS/HomeWork/output_Cu_twin_rorient/config.3500.data
Writing restart file
 Restart file: /data/home/dg000246b/openDIS/HomeWork/output_Cu_twin_rorient/restart.3500.exadis
[TwinWall] projected 1635 node(s)
Step =   3501: nodes = 9043, dt = 1.471795e-10, strain = 4.181179e-03, elapsed = 519.7 sec
[TwinWall] projected 1617 node(s)
Step =   3502: nodes = 9047, dt = 1.471795e-10, strain = 4.181915e-03, elapsed = 520.1 sec
[TwinWall] projected 1626 node(s)
Step =   3503: nodes = 9070, dt = 1.766153e-10, strain = 4.182798e-03, elapsed = 520.6 sec
[TwinWall] projected 1662 node(s)
Step =   3504: nodes = 9105, dt = 2.119384e-10, strain = 4.183858e-03, elapsed = 521.0 sec
[TwinWall] projected 1609 node(s)
Step =   3505: nodes = 9116, dt = 1.271631e-10, strain = 4.184493e-03, elapsed = 521.5 sec
[TwinWall] projected 1604 node(s)
Step =   3506: nodes = 9123, dt = 1.271631e-10, strain = 4.185129e-03, elapsed = 521.9 sec
[TwinWall] projected 1627 node(s)
Step =   3507: nodes = 9146, dt = 1.525957e-10, strain = 4.185892e-03, elapsed = 522.3 sec
[TwinWall] projected 1649 node(s)
Step =   3508: nodes = 9163, dt = 1.831148e-10, strain = 4.186808e-03, elapsed = 522.8 sec
[TwinWall] projected 1675 node(s)
Step =   3509: nodes = 9193, dt = 2.197378e-10, strain = 4.187907e-03, elapsed = 523.2 sec
[TwinWall] projected 1633 node(s)
Step =   3510: nodes = 9193, dt = 1.318427e-10, strain = 4.188566e-03, elapsed = 523.8 sec
[TwinWall] projected 1631 node(s)
Step =   3511: nodes = 9206, dt = 1.318427e-10, strain = 4.189225e-03, elapsed = 524.2 sec
[TwinWall] projected 1662 node(s)
Step =   3512: nodes = 9243, dt = 1.582112e-10, strain = 4.190016e-03, elapsed = 524.6 sec
[TwinWall] projected 1700 node(s)
Step =   3513: nodes = 9258, dt = 1.898534e-10, strain = 4.190965e-03, elapsed = 525.0 sec
[TwinWall] projected 1708 node(s)
Step =   3514: nodes = 9248, dt = 2.278241e-10, strain = 4.192104e-03, elapsed = 525.6 sec
[TwinWall] projected 1737 node(s)
Step =   3515: nodes = 9256, dt = 2.733889e-10, strain = 4.193471e-03, elapsed = 526.3 sec
[TwinWall] projected 1690 node(s)
Step =   3516: nodes = 9264, dt = 1.640334e-10, strain = 4.194292e-03, elapsed = 526.9 sec
[TwinWall] projected 1697 node(s)
Step =   3517: nodes = 9276, dt = 1.640334e-10, strain = 4.195112e-03, elapsed = 527.3 sec
[TwinWall] projected 1734 node(s)
Step =   3518: nodes = 9295, dt = 1.968400e-10, strain = 4.196096e-03, elapsed = 527.7 sec
[TwinWall] projected 1755 node(s)
Step =   3519: nodes = 9319, dt = 2.362080e-10, strain = 4.197277e-03, elapsed = 528.2 sec
[TwinWall] projected 1769 node(s)
Step =   3520: nodes = 9330, dt = 2.834496e-10, strain = 4.198694e-03, elapsed = 528.7 sec
[TwinWall] projected 1667 node(s)
Step =   3521: nodes = 9319, dt = 8.503489e-11, strain = 4.199119e-03, elapsed = 529.4 sec
[TwinWall] projected 1661 node(s)
Step =   3522: nodes = 9320, dt = 8.503489e-11, strain = 4.199545e-03, elapsed = 529.8 sec
[TwinWall] projected 1661 node(s)
Step =   3523: nodes = 9335, dt = 1.020419e-10, strain = 4.200055e-03, elapsed = 530.2 sec
[TwinWall] projected 1688 node(s)
Step =   3524: nodes = 9353, dt = 1.224502e-10, strain = 4.200667e-03, elapsed = 530.7 sec
[TwinWall] projected 1722 node(s)
Step =   3525: nodes = 9359, dt = 1.469403e-10, strain = 4.201402e-03, elapsed = 531.1 sec
[TwinWall] projected 1749 node(s)
Step =   3526: nodes = 9403, dt = 1.763283e-10, strain = 4.202283e-03, elapsed = 531.5 sec
[TwinWall] projected 1770 node(s)
Step =   3527: nodes = 9401, dt = 2.115940e-10, strain = 4.203341e-03, elapsed = 532.0 sec
[TwinWall] projected 1718 node(s)
Step =   3528: nodes = 9409, dt = 1.269564e-10, strain = 4.203976e-03, elapsed = 532.6 sec
[TwinWall] projected 1764 node(s)
Step =   3529: nodes = 9447, dt = 1.269564e-10, strain = 4.204611e-03, elapsed = 533.0 sec
[TwinWall] projected 1777 node(s)
Step =   3530: nodes = 9465, dt = 1.523477e-10, strain = 4.205373e-03, elapsed = 533.4 sec
[TwinWall] projected 1781 node(s)
Step =   3531: nodes = 9468, dt = 1.828172e-10, strain = 4.206287e-03, elapsed = 533.9 sec
[TwinWall] projected 1731 node(s)
Step =   3532: nodes = 9471, dt = 1.096903e-10, strain = 4.206835e-03, elapsed = 534.5 sec
[TwinWall] projected 1715 node(s)
Step =   3533: nodes = 9480, dt = 1.096903e-10, strain = 4.207384e-03, elapsed = 534.9 sec
[TwinWall] projected 1739 node(s)
Step =   3534: nodes = 9504, dt = 1.316284e-10, strain = 4.208042e-03, elapsed = 535.3 sec
[TwinWall] projected 1765 node(s)
Step =   3535: nodes = 9508, dt = 1.579541e-10, strain = 4.208832e-03, elapsed = 535.8 sec
[TwinWall] projected 1793 node(s)
Step =   3536: nodes = 9526, dt = 1.895449e-10, strain = 4.209779e-03, elapsed = 536.2 sec
[TwinWall] projected 1754 node(s)
Step =   3537: nodes = 9540, dt = 1.137269e-10, strain = 4.210348e-03, elapsed = 536.9 sec
[TwinWall] projected 1748 node(s)
Step =   3538: nodes = 9547, dt = 1.137269e-10, strain = 4.210916e-03, elapsed = 537.3 sec
[TwinWall] projected 1778 node(s)
Step =   3539: nodes = 9551, dt = 1.364723e-10, strain = 4.211599e-03, elapsed = 537.7 sec
[TwinWall] projected 1777 node(s)
Step =   3540: nodes = 9568, dt = 1.637668e-10, strain = 4.212418e-03, elapsed = 538.2 sec
[TwinWall] projected 1816 node(s)
Step =   3541: nodes = 9596, dt = 1.965202e-10, strain = 4.213400e-03, elapsed = 538.7 sec
[TwinWall] projected 1827 node(s)
Step =   3542: nodes = 9613, dt = 2.358242e-10, strain = 4.214579e-03, elapsed = 539.1 sec
[TwinWall] projected 1793 node(s)
Step =   3543: nodes = 9600, dt = 1.414945e-10, strain = 4.215287e-03, elapsed = 539.8 sec
[TwinWall] projected 1793 node(s)
Step =   3544: nodes = 9599, dt = 1.414945e-10, strain = 4.215994e-03, elapsed = 540.2 sec
[TwinWall] projected 1814 node(s)
Step =   3545: nodes = 9618, dt = 1.697934e-10, strain = 4.216843e-03, elapsed = 540.6 sec
[TwinWall] projected 1842 node(s)
Step =   3546: nodes = 9626, dt = 2.037521e-10, strain = 4.217862e-03, elapsed = 541.1 sec
[TwinWall] projected 1783 node(s)
Step =   3547: nodes = 9631, dt = 1.222513e-10, strain = 4.218473e-03, elapsed = 541.8 sec
[TwinWall] projected 1783 node(s)
Step =   3548: nodes = 9636, dt = 1.222513e-10, strain = 4.219085e-03, elapsed = 542.2 sec
[TwinWall] projected 1803 node(s)
Step =   3549: nodes = 9669, dt = 1.467015e-10, strain = 4.219818e-03, elapsed = 542.6 sec
[TwinWall] projected 1816 node(s)
Step =   3550: nodes = 9669, dt = 1.760418e-10, strain = 4.220698e-03, elapsed = 543.1 sec
[TwinWall] projected 1841 node(s)
Step =   3551: nodes = 9696, dt = 2.112502e-10, strain = 4.221755e-03, elapsed = 543.6 sec
[TwinWall] projected 1864 node(s)
Step =   3552: nodes = 9680, dt = 2.535002e-10, strain = 4.223022e-03, elapsed = 544.1 sec
[TwinWall] projected 1841 node(s)
Step =   3553: nodes = 9691, dt = 1.521001e-10, strain = 4.223783e-03, elapsed = 544.7 sec
[TwinWall] projected 1857 node(s)
Step =   3554: nodes = 9723, dt = 1.521001e-10, strain = 4.224543e-03, elapsed = 545.2 sec
[TwinWall] projected 1855 node(s)
Step =   3555: nodes = 9731, dt = 1.825202e-10, strain = 4.225456e-03, elapsed = 545.7 sec
[TwinWall] projected 1876 node(s)
Step =   3556: nodes = 9745, dt = 2.190242e-10, strain = 4.226551e-03, elapsed = 546.1 sec
[TwinWall] projected 1903 node(s)
Step =   3557: nodes = 9751, dt = 2.628290e-10, strain = 4.227865e-03, elapsed = 546.6 sec
[TwinWall] projected 1875 node(s)
Step =   3558: nodes = 9740, dt = 1.576974e-10, strain = 4.228653e-03, elapsed = 547.3 sec
[TwinWall] projected 1864 node(s)
Step =   3559: nodes = 9754, dt = 1.576974e-10, strain = 4.229442e-03, elapsed = 547.7 sec
[TwinWall] projected 1895 node(s)
Step =   3560: nodes = 9805, dt = 1.892369e-10, strain = 4.230388e-03, elapsed = 548.2 sec
[TwinWall] projected 1928 node(s)
Step =   3561: nodes = 9826, dt = 2.270843e-10, strain = 4.231524e-03, elapsed = 548.7 sec
[TwinWall] projected 1872 node(s)
Step =   3562: nodes = 9833, dt = 1.362506e-10, strain = 4.232205e-03, elapsed = 549.4 sec
[TwinWall] projected 1870 node(s)
Step =   3563: nodes = 9843, dt = 1.362506e-10, strain = 4.232886e-03, elapsed = 549.8 sec
[TwinWall] projected 1928 node(s)
Step =   3564: nodes = 9813, dt = 1.635007e-10, strain = 4.233704e-03, elapsed = 550.3 sec
[TwinWall] projected 1948 node(s)
Step =   3565: nodes = 9829, dt = 1.962008e-10, strain = 4.234685e-03, elapsed = 550.8 sec
[TwinWall] projected 1926 node(s)
Step =   3566: nodes = 9837, dt = 1.177205e-10, strain = 4.235273e-03, elapsed = 551.4 sec
[TwinWall] projected 1894 node(s)
Step =   3567: nodes = 9835, dt = 1.177205e-10, strain = 4.235862e-03, elapsed = 551.8 sec
[TwinWall] projected 1923 node(s)
Step =   3568: nodes = 9859, dt = 1.412646e-10, strain = 4.236568e-03, elapsed = 552.3 sec
[TwinWall] projected 1948 node(s)
Step =   3569: nodes = 9868, dt = 1.695175e-10, strain = 4.237416e-03, elapsed = 552.8 sec
[TwinWall] projected 1965 node(s)
Step =   3570: nodes = 9859, dt = 2.034210e-10, strain = 4.238433e-03, elapsed = 553.2 sec
[TwinWall] projected 2001 node(s)
Step =   3571: nodes = 9859, dt = 2.441052e-10, strain = 4.239653e-03, elapsed = 553.8 sec
[TwinWall] projected 2015 node(s)
Step =   3572: nodes = 9822, dt = 2.929262e-10, strain = 4.241118e-03, elapsed = 554.3 sec
[TwinWall] projected 2006 node(s)
Step =   3573: nodes = 9843, dt = 1.757557e-10, strain = 4.241997e-03, elapsed = 554.9 sec
[TwinWall] projected 1990 node(s)
Step =   3574: nodes = 9866, dt = 1.757557e-10, strain = 4.242875e-03, elapsed = 555.7 sec
[TwinWall] projected 2031 node(s)
Step =   3575: nodes = 9893, dt = 2.109069e-10, strain = 4.243930e-03, elapsed = 556.2 sec
[TwinWall] projected 2045 node(s)
Step =   3576: nodes = 9897, dt = 2.530883e-10, strain = 4.245195e-03, elapsed = 556.7 sec
[TwinWall] projected 1989 node(s)
Step =   3577: nodes = 9898, dt = 1.518530e-10, strain = 4.245955e-03, elapsed = 557.3 sec
[TwinWall] projected 1996 node(s)
Step =   3578: nodes = 9910, dt = 1.518530e-10, strain = 4.246714e-03, elapsed = 557.8 sec
[TwinWall] projected 2009 node(s)
Step =   3579: nodes = 9941, dt = 1.822236e-10, strain = 4.247625e-03, elapsed = 558.3 sec
[TwinWall] projected 2025 node(s)
Step =   3580: nodes = 9961, dt = 2.186683e-10, strain = 4.248718e-03, elapsed = 558.8 sec
[TwinWall] projected 2059 node(s)
Step =   3581: nodes = 9972, dt = 2.624019e-10, strain = 4.250030e-03, elapsed = 559.3 sec
[TwinWall] projected 2041 node(s)
Step =   3582: nodes = 9977, dt = 1.574412e-10, strain = 4.250818e-03, elapsed = 560.0 sec
[TwinWall] projected 2024 node(s)
Step =   3583: nodes = 9986, dt = 1.574412e-10, strain = 4.251605e-03, elapsed = 560.5 sec
[TwinWall] projected 2046 node(s)
Step =   3584: nodes = 10026, dt = 1.889294e-10, strain = 4.252549e-03, elapsed = 561.0 sec
[TwinWall] projected 1980 node(s)
Step =   3585: nodes = 10039, dt = 1.133576e-10, strain = 4.253116e-03, elapsed = 561.7 sec
[TwinWall] projected 1962 node(s)
Step =   3586: nodes = 10059, dt = 1.133576e-10, strain = 4.253683e-03, elapsed = 562.1 sec
[TwinWall] projected 1986 node(s)
Step =   3587: nodes = 10075, dt = 1.360292e-10, strain = 4.254363e-03, elapsed = 562.6 sec
[TwinWall] projected 2021 node(s)
Step =   3588: nodes = 10100, dt = 1.632350e-10, strain = 4.255179e-03, elapsed = 563.1 sec
[TwinWall] projected 2058 node(s)
Step =   3589: nodes = 10112, dt = 1.958820e-10, strain = 4.256159e-03, elapsed = 563.6 sec
[TwinWall] projected 2073 node(s)
Step =   3590: nodes = 10128, dt = 2.350584e-10, strain = 4.257334e-03, elapsed = 564.1 sec
[TwinWall] projected 2054 node(s)
Step =   3591: nodes = 10167, dt = 1.410350e-10, strain = 4.258039e-03, elapsed = 564.8 sec
[TwinWall] projected 2020 node(s)
Step =   3592: nodes = 10186, dt = 1.410350e-10, strain = 4.258744e-03, elapsed = 565.3 sec
[TwinWall] projected 2038 node(s)
Step =   3593: nodes = 10210, dt = 1.692420e-10, strain = 4.259591e-03, elapsed = 565.8 sec
[TwinWall] projected 2064 node(s)
Step =   3594: nodes = 10216, dt = 2.030904e-10, strain = 4.260606e-03, elapsed = 566.3 sec
[TwinWall] projected 2102 node(s)
Step =   3595: nodes = 10226, dt = 2.437085e-10, strain = 4.261825e-03, elapsed = 566.8 sec
[TwinWall] projected 2083 node(s)
Step =   3596: nodes = 10236, dt = 1.462251e-10, strain = 4.262556e-03, elapsed = 567.5 sec
[TwinWall] projected 2081 node(s)
Step =   3597: nodes = 10289, dt = 1.462251e-10, strain = 4.263287e-03, elapsed = 567.9 sec
[TwinWall] projected 2078 node(s)
Step =   3598: nodes = 10298, dt = 1.754701e-10, strain = 4.264164e-03, elapsed = 568.4 sec
[TwinWall] projected 2126 node(s)
Step =   3599: nodes = 10339, dt = 2.105642e-10, strain = 4.265217e-03, elapsed = 568.9 sec
[TwinWall] projected 2047 node(s)
Step =   3600: nodes = 10354, dt = 1.263385e-10, strain = 4.265849e-03, elapsed = 569.7 sec
Writing configuration in legacy data format
 Output file: /data/home/dg000246b/openDIS/HomeWork/output_Cu_twin_rorient/config.3600.data
Writing restart file
 Restart file: /data/home/dg000246b/openDIS/HomeWork/output_Cu_twin_rorient/restart.3600.exadis
[TwinWall] projected 2054 node(s)
Step =   3601: nodes = 10370, dt = 1.263385e-10, strain = 4.266480e-03, elapsed = 570.4 sec
[TwinWall] projected 2006 node(s)
Step =   3602: nodes = 10388, dt = 7.580310e-11, strain = 4.266859e-03, elapsed = 571.0 sec
[TwinWall] projected 2007 node(s)
Step =   3603: nodes = 10405, dt = 7.580310e-11, strain = 4.267238e-03, elapsed = 571.5 sec
[TwinWall] projected 2073 node(s)
Step =   3604: nodes = 10415, dt = 9.096372e-11, strain = 4.267693e-03, elapsed = 571.9 sec
[TwinWall] projected 2070 node(s)
Step =   3605: nodes = 10424, dt = 1.091565e-10, strain = 4.268239e-03, elapsed = 572.4 sec
[TwinWall] projected 2076 node(s)
Step =   3606: nodes = 10424, dt = 1.309878e-10, strain = 4.268894e-03, elapsed = 572.9 sec
[TwinWall] projected 2104 node(s)
Step =   3607: nodes = 10433, dt = 1.571853e-10, strain = 4.269680e-03, elapsed = 573.4 sec
[TwinWall] projected 2132 node(s)
Step =   3608: nodes = 10457, dt = 1.886224e-10, strain = 4.270623e-03, elapsed = 573.9 sec
[TwinWall] projected 2146 node(s)
Step =   3609: nodes = 10464, dt = 2.263468e-10, strain = 4.271755e-03, elapsed = 574.5 sec
[TwinWall] projected 2170 node(s)
Step =   3610: nodes = 10466, dt = 2.716162e-10, strain = 4.273113e-03, elapsed = 575.0 sec
[TwinWall] projected 2073 node(s)
Step =   3611: nodes = 10472, dt = 8.148487e-11, strain = 4.273520e-03, elapsed = 575.9 sec
[TwinWall] projected 2056 node(s)
Step =   3612: nodes = 10492, dt = 8.148487e-11, strain = 4.273928e-03, elapsed = 576.4 sec
[TwinWall] projected 2070 node(s)
Step =   3613: nodes = 10502, dt = 9.778184e-11, strain = 4.274417e-03, elapsed = 576.9 sec
[TwinWall] projected 2082 node(s)
Step =   3614: nodes = 10505, dt = 1.173382e-10, strain = 4.275003e-03, elapsed = 577.3 sec
[TwinWall] projected 2100 node(s)
Step =   3615: nodes = 10536, dt = 1.408058e-10, strain = 4.275707e-03, elapsed = 577.9 sec
[TwinWall] projected 2156 node(s)
Step =   3616: nodes = 10554, dt = 1.689670e-10, strain = 4.276552e-03, elapsed = 578.3 sec
[TwinWall] projected 2158 node(s)
Step =   3617: nodes = 10560, dt = 2.027604e-10, strain = 4.277566e-03, elapsed = 578.9 sec
[TwinWall] projected 2157 node(s)
Step =   3618: nodes = 10576, dt = 2.433125e-10, strain = 4.278783e-03, elapsed = 579.4 sec
[TwinWall] projected 2118 node(s)
Step =   3619: nodes = 10590, dt = 1.459875e-10, strain = 4.279513e-03, elapsed = 580.2 sec
[TwinWall] projected 2115 node(s)
Step =   3620: nodes = 10596, dt = 1.459875e-10, strain = 4.280242e-03, elapsed = 580.7 sec
[TwinWall] projected 2124 node(s)
Step =   3621: nodes = 10620, dt = 1.751850e-10, strain = 4.281118e-03, elapsed = 581.2 sec
[TwinWall] projected 2151 node(s)
Step =   3622: nodes = 10652, dt = 2.102220e-10, strain = 4.282169e-03, elapsed = 581.8 sec
[TwinWall] projected 2110 node(s)
Step =   3623: nodes = 10658, dt = 1.261332e-10, strain = 4.282800e-03, elapsed = 582.5 sec
[TwinWall] projected 2097 node(s)
Step =   3624: nodes = 10674, dt = 1.261332e-10, strain = 4.283431e-03, elapsed = 583.0 sec
[TwinWall] projected 2123 node(s)
Step =   3625: nodes = 10681, dt = 1.513598e-10, strain = 4.284188e-03, elapsed = 583.5 sec
[TwinWall] projected 2154 node(s)
Step =   3626: nodes = 10700, dt = 1.816318e-10, strain = 4.285096e-03, elapsed = 584.0 sec
[TwinWall] projected 2175 node(s)
Step =   3627: nodes = 10718, dt = 2.179582e-10, strain = 4.286186e-03, elapsed = 584.6 sec
[TwinWall] projected 2135 node(s)
Step =   3628: nodes = 10722, dt = 1.307749e-10, strain = 4.286839e-03, elapsed = 585.3 sec
[TwinWall] projected 2127 node(s)
Step =   3629: nodes = 10755, dt = 1.307749e-10, strain = 4.287493e-03, elapsed = 586.0 sec
[TwinWall] projected 2161 node(s)
Step =   3630: nodes = 10761, dt = 1.569299e-10, strain = 4.288278e-03, elapsed = 586.5 sec
[TwinWall] projected 2189 node(s)
Step =   3631: nodes = 10796, dt = 1.883159e-10, strain = 4.289220e-03, elapsed = 587.0 sec
[TwinWall] projected 2254 node(s)
Step =   3632: nodes = 10825, dt = 2.259790e-10, strain = 4.290349e-03, elapsed = 587.6 sec
[TwinWall] projected 2278 node(s)
Step =   3633: nodes = 10805, dt = 2.711748e-10, strain = 4.291705e-03, elapsed = 588.1 sec
[TwinWall] projected 2164 node(s)
Step =   3634: nodes = 10806, dt = 8.135245e-11, strain = 4.292112e-03, elapsed = 589.0 sec
[TwinWall] projected 2153 node(s)
Step =   3635: nodes = 10818, dt = 8.135245e-11, strain = 4.292519e-03, elapsed = 589.5 sec
[TwinWall] projected 2167 node(s)
Step =   3636: nodes = 10829, dt = 9.762294e-11, strain = 4.293007e-03, elapsed = 590.0 sec
[TwinWall] projected 2210 node(s)
Step =   3637: nodes = 10854, dt = 1.171475e-10, strain = 4.293593e-03, elapsed = 590.5 sec
[TwinWall] projected 2225 node(s)
Step =   3638: nodes = 10865, dt = 1.405770e-10, strain = 4.294296e-03, elapsed = 591.0 sec
[TwinWall] projected 2252 node(s)
Step =   3639: nodes = 10906, dt = 1.686924e-10, strain = 4.295139e-03, elapsed = 591.6 sec
[TwinWall] projected 2284 node(s)
Step =   3640: nodes = 10891, dt = 2.024309e-10, strain = 4.296151e-03, elapsed = 592.1 sec
[TwinWall] projected 2300 node(s)
Step =   3641: nodes = 10924, dt = 2.429171e-10, strain = 4.297366e-03, elapsed = 592.7 sec
[TwinWall] projected 2274 node(s)
Step =   3642: nodes = 10919, dt = 1.457503e-10, strain = 4.298095e-03, elapsed = 593.4 sec
[TwinWall] projected 2291 node(s)
Step =   3643: nodes = 10935, dt = 1.457503e-10, strain = 4.298823e-03, elapsed = 594.0 sec
[TwinWall] projected 2303 node(s)
Step =   3644: nodes = 10978, dt = 1.749003e-10, strain = 4.299698e-03, elapsed = 594.5 sec
[TwinWall] projected 2324 node(s)
Step =   3645: nodes = 10986, dt = 2.098804e-10, strain = 4.300747e-03, elapsed = 595.1 sec
[TwinWall] projected 2339 node(s)
Step =   3646: nodes = 11009, dt = 2.518565e-10, strain = 4.302006e-03, elapsed = 595.6 sec
[TwinWall] projected 2297 node(s)
Step =   3647: nodes = 11004, dt = 1.511139e-10, strain = 4.302762e-03, elapsed = 596.4 sec
[TwinWall] projected 2312 node(s)
Step =   3648: nodes = 11029, dt = 1.511139e-10, strain = 4.303518e-03, elapsed = 596.9 sec
[TwinWall] projected 2330 node(s)
Step =   3649: nodes = 11050, dt = 1.813367e-10, strain = 4.304424e-03, elapsed = 597.4 sec
[TwinWall] projected 2342 node(s)
Step =   3650: nodes = 11077, dt = 2.176040e-10, strain = 4.305512e-03, elapsed = 598.0 sec
[TwinWall] projected 2270 node(s)
Step =   3651: nodes = 11074, dt = 1.305624e-10, strain = 4.306165e-03, elapsed = 598.8 sec
[TwinWall] projected 2277 node(s)
Step =   3652: nodes = 11080, dt = 1.305624e-10, strain = 4.306818e-03, elapsed = 599.3 sec
[TwinWall] projected 2334 node(s)
Step =   3653: nodes = 11112, dt = 1.566749e-10, strain = 4.307601e-03, elapsed = 599.8 sec
[TwinWall] projected 2371 node(s)
Step =   3654: nodes = 11140, dt = 1.880098e-10, strain = 4.308541e-03, elapsed = 600.4 sec
[TwinWall] projected 2384 node(s)
Step =   3655: nodes = 11126, dt = 2.256118e-10, strain = 4.309669e-03, elapsed = 601.0 sec
[TwinWall] projected 2344 node(s)
Step =   3656: nodes = 11126, dt = 1.353671e-10, strain = 4.310346e-03, elapsed = 601.8 sec
[TwinWall] projected 2280 node(s)
Step =   3657: nodes = 11115, dt = 6.768355e-11, strain = 4.310685e-03, elapsed = 602.5 sec
[TwinWall] projected 2212 node(s)
Step =   3658: nodes = 11122, dt = 6.768355e-11, strain = 4.311023e-03, elapsed = 603.0 sec
[TwinWall] projected 2233 node(s)
Step =   3659: nodes = 11134, dt = 8.122025e-11, strain = 4.311429e-03, elapsed = 603.5 sec
[TwinWall] projected 2284 node(s)
Step =   3660: nodes = 11177, dt = 9.746431e-11, strain = 4.311916e-03, elapsed = 604.0 sec
[TwinWall] projected 2289 node(s)
Step =   3661: nodes = 11178, dt = 1.169572e-10, strain = 4.312501e-03, elapsed = 604.6 sec
[TwinWall] projected 2319 node(s)
Step =   3662: nodes = 11210, dt = 1.403486e-10, strain = 4.313203e-03, elapsed = 605.1 sec
[TwinWall] projected 2366 node(s)
Step =   3663: nodes = 11225, dt = 1.684183e-10, strain = 4.314045e-03, elapsed = 605.6 sec
[TwinWall] projected 2382 node(s)
Step =   3664: nodes = 11216, dt = 2.021020e-10, strain = 4.315056e-03, elapsed = 606.2 sec
[TwinWall] projected 2425 node(s)
Step =   3665: nodes = 11242, dt = 2.425224e-10, strain = 4.316268e-03, elapsed = 606.9 sec
[TwinWall] projected 2420 node(s)
Step =   3666: nodes = 11235, dt = 2.910269e-10, strain = 4.317723e-03, elapsed = 607.5 sec
[TwinWall] projected 2310 node(s)
Step =   3667: nodes = 11229, dt = 8.730806e-11, strain = 4.318160e-03, elapsed = 608.5 sec
[TwinWall] projected 2257 node(s)
Step =   3668: nodes = 11241, dt = 8.730806e-11, strain = 4.318596e-03, elapsed = 609.0 sec
[TwinWall] projected 2329 node(s)
Step =   3669: nodes = 11256, dt = 1.047697e-10, strain = 4.319120e-03, elapsed = 609.5 sec
[TwinWall] projected 2340 node(s)
Step =   3670: nodes = 11274, dt = 1.257236e-10, strain = 4.319749e-03, elapsed = 610.1 sec
[TwinWall] projected 2378 node(s)
Step =   3671: nodes = 11302, dt = 1.508683e-10, strain = 4.320503e-03, elapsed = 610.7 sec
[TwinWall] projected 2416 node(s)
Step =   3672: nodes = 11315, dt = 1.810420e-10, strain = 4.321408e-03, elapsed = 611.2 sec
[TwinWall] projected 2439 node(s)
Step =   3673: nodes = 11296, dt = 2.172504e-10, strain = 4.322495e-03, elapsed = 611.8 sec
[TwinWall] projected 2457 node(s)
Step =   3674: nodes = 11313, dt = 2.607005e-10, strain = 4.323798e-03, elapsed = 612.5 sec
[TwinWall] projected 2415 node(s)
Step =   3675: nodes = 11311, dt = 1.564203e-10, strain = 4.324580e-03, elapsed = 613.3 sec
[TwinWall] projected 2403 node(s)
Step =   3676: nodes = 11332, dt = 1.564203e-10, strain = 4.325362e-03, elapsed = 613.9 sec
[TwinWall] projected 2437 node(s)
Step =   3677: nodes = 11363, dt = 1.877043e-10, strain = 4.326301e-03, elapsed = 614.4 sec
[TwinWall] projected 2473 node(s)
Step =   3678: nodes = 11381, dt = 2.252452e-10, strain = 4.327427e-03, elapsed = 615.0 sec
[TwinWall] projected 2399 node(s)
Step =   3679: nodes = 11370, dt = 1.351471e-10, strain = 4.328103e-03, elapsed = 616.1 sec
[TwinWall] projected 2414 node(s)
Step =   3680: nodes = 11394, dt = 1.351471e-10, strain = 4.328779e-03, elapsed = 616.6 sec
[TwinWall] projected 2444 node(s)
Step =   3681: nodes = 11422, dt = 1.621765e-10, strain = 4.329590e-03, elapsed = 617.2 sec
[TwinWall] projected 2463 node(s)
Step =   3682: nodes = 11447, dt = 1.946119e-10, strain = 4.330563e-03, elapsed = 617.8 sec
[TwinWall] projected 2490 node(s)
Step =   3683: nodes = 11471, dt = 2.335342e-10, strain = 4.331730e-03, elapsed = 618.4 sec
[TwinWall] projected 2434 node(s)
Step =   3684: nodes = 11483, dt = 1.401205e-10, strain = 4.332431e-03, elapsed = 619.2 sec
[TwinWall] projected 2451 node(s)
Step =   3685: nodes = 11507, dt = 1.401205e-10, strain = 4.333131e-03, elapsed = 619.8 sec
[TwinWall] projected 2446 node(s)
Step =   3686: nodes = 11530, dt = 1.681446e-10, strain = 4.333972e-03, elapsed = 620.3 sec
[TwinWall] projected 2484 node(s)
Step =   3687: nodes = 11566, dt = 2.017736e-10, strain = 4.334981e-03, elapsed = 620.9 sec
[TwinWall] projected 2407 node(s)
Step =   3688: nodes = 11593, dt = 1.210641e-10, strain = 4.335586e-03, elapsed = 621.7 sec
[TwinWall] projected 2394 node(s)
Step =   3689: nodes = 11616, dt = 1.210641e-10, strain = 4.336192e-03, elapsed = 622.3 sec
[TwinWall] projected 2452 node(s)
Step =   3690: nodes = 11649, dt = 1.452770e-10, strain = 4.336918e-03, elapsed = 622.9 sec
[TwinWall] projected 2450 node(s)
Step =   3691: nodes = 11658, dt = 1.743324e-10, strain = 4.337790e-03, elapsed = 623.5 sec
[TwinWall] projected 2489 node(s)
Step =   3692: nodes = 11690, dt = 2.091988e-10, strain = 4.338836e-03, elapsed = 624.1 sec
[TwinWall] projected 2422 node(s)
Step =   3693: nodes = 11681, dt = 1.255193e-10, strain = 4.339463e-03, elapsed = 624.9 sec
[TwinWall] projected 2434 node(s)
Step =   3694: nodes = 11694, dt = 1.255193e-10, strain = 4.340091e-03, elapsed = 625.5 sec
[TwinWall] projected 2441 node(s)
Step =   3695: nodes = 11697, dt = 1.506232e-10, strain = 4.340844e-03, elapsed = 626.1 sec
[TwinWall] projected 2468 node(s)
Step =   3696: nodes = 11675, dt = 1.807478e-10, strain = 4.341748e-03, elapsed = 626.7 sec
[TwinWall] projected 2516 node(s)
Step =   3697: nodes = 11744, dt = 2.168974e-10, strain = 4.342832e-03, elapsed = 627.3 sec
[TwinWall] projected 2457 node(s)
Step =   3698: nodes = 11749, dt = 1.301384e-10, strain = 4.343483e-03, elapsed = 628.1 sec
[TwinWall] projected 2439 node(s)
Step =   3699: nodes = 11758, dt = 1.301384e-10, strain = 4.344134e-03, elapsed = 628.7 sec
[TwinWall] projected 2479 node(s)
Step =   3700: nodes = 11791, dt = 1.561661e-10, strain = 4.344914e-03, elapsed = 629.3 sec
Writing configuration in legacy data format
 Output file: /data/home/dg000246b/openDIS/HomeWork/output_Cu_twin_rorient/config.3700.data
Writing restart file
 Restart file: /data/home/dg000246b/openDIS/HomeWork/output_Cu_twin_rorient/restart.3700.exadis
[TwinWall] projected 2501 node(s)
Step =   3701: nodes = 11801, dt = 1.873993e-10, strain = 4.345851e-03, elapsed = 630.0 sec
[TwinWall] projected 2515 node(s)
Step =   3702: nodes = 11807, dt = 2.248792e-10, strain = 4.346976e-03, elapsed = 630.7 sec
[TwinWall] projected 2445 node(s)
Step =   3703: nodes = 11798, dt = 1.349275e-10, strain = 4.347651e-03, elapsed = 631.5 sec
[TwinWall] projected 2475 node(s)
Step =   3704: nodes = 11840, dt = 1.349275e-10, strain = 4.348325e-03, elapsed = 632.1 sec
[TwinWall] projected 2496 node(s)
Step =   3705: nodes = 11893, dt = 1.619130e-10, strain = 4.349135e-03, elapsed = 632.7 sec
[TwinWall] projected 2518 node(s)
Step =   3706: nodes = 11902, dt = 1.942956e-10, strain = 4.350106e-03, elapsed = 633.3 sec
[TwinWall] projected 2474 node(s)
Step =   3707: nodes = 11933, dt = 1.165774e-10, strain = 4.350689e-03, elapsed = 634.1 sec
[TwinWall] projected 2445 node(s)
Step =   3708: nodes = 11944, dt = 1.165774e-10, strain = 4.351272e-03, elapsed = 634.7 sec
[TwinWall] projected 2458 node(s)
Step =   3709: nodes = 11960, dt = 1.398928e-10, strain = 4.351971e-03, elapsed = 635.4 sec
[TwinWall] projected 2499 node(s)
Step =   3710: nodes = 11998, dt = 1.678714e-10, strain = 4.352811e-03, elapsed = 636.0 sec
[TwinWall] projected 2523 node(s)
Step =   3711: nodes = 12048, dt = 2.014457e-10, strain = 4.353818e-03, elapsed = 636.6 sec
[TwinWall] projected 2503 node(s)
Step =   3712: nodes = 12055, dt = 1.208674e-10, strain = 4.354422e-03, elapsed = 637.4 sec
[TwinWall] projected 2484 node(s)
Step =   3713: nodes = 12091, dt = 1.208674e-10, strain = 4.355027e-03, elapsed = 638.0 sec
[TwinWall] projected 2510 node(s)
Step =   3714: nodes = 12119, dt = 1.450409e-10, strain = 4.355752e-03, elapsed = 638.6 sec
[TwinWall] projected 2532 node(s)
Step =   3715: nodes = 12129, dt = 1.740491e-10, strain = 4.356622e-03, elapsed = 639.2 sec
[TwinWall] projected 2434 node(s)
Step =   3716: nodes = 12142, dt = 1.044294e-10, strain = 4.357144e-03, elapsed = 640.1 sec
[TwinWall] projected 2440 node(s)
Step =   3717: nodes = 12146, dt = 1.044294e-10, strain = 4.357666e-03, elapsed = 640.7 sec
[TwinWall] projected 2469 node(s)
Step =   3718: nodes = 12168, dt = 1.253153e-10, strain = 4.358293e-03, elapsed = 641.3 sec
[TwinWall] projected 2490 node(s)
Step =   3719: nodes = 12198, dt = 1.503784e-10, strain = 4.359045e-03, elapsed = 641.9 sec
[TwinWall] projected 2504 node(s)
Step =   3720: nodes = 12204, dt = 1.804541e-10, strain = 4.359947e-03, elapsed = 642.5 sec
[TwinWall] projected 2525 node(s)
Step =   3721: nodes = 12177, dt = 2.165449e-10, strain = 4.361030e-03, elapsed = 643.2 sec
[TwinWall] projected 2576 node(s)
Step =   3722: nodes = 12212, dt = 2.598539e-10, strain = 4.362329e-03, elapsed = 644.0 sec
[TwinWall] projected 2509 node(s)
Step =   3723: nodes = 12202, dt = 1.559123e-10, strain = 4.363109e-03, elapsed = 644.8 sec
[TwinWall] projected 2512 node(s)
Step =   3724: nodes = 12225, dt = 1.559123e-10, strain = 4.363888e-03, elapsed = 645.8 sec
[TwinWall] projected 2529 node(s)
Step =   3725: nodes = 12214, dt = 1.870948e-10, strain = 4.364824e-03, elapsed = 646.4 sec
[TwinWall] projected 2578 node(s)
Step =   3726: nodes = 12234, dt = 2.245137e-10, strain = 4.365946e-03, elapsed = 647.1 sec
[TwinWall] projected 2495 node(s)
Step =   3727: nodes = 12200, dt = 1.347082e-10, strain = 4.366620e-03, elapsed = 648.0 sec
[TwinWall] projected 2548 node(s)
Step =   3728: nodes = 12237, dt = 1.347082e-10, strain = 4.367293e-03, elapsed = 648.5 sec
[TwinWall] projected 2512 node(s)
Step =   3729: nodes = 12235, dt = 8.082495e-11, strain = 4.367698e-03, elapsed = 649.4 sec
[TwinWall] projected 2471 node(s)
Step =   3730: nodes = 12253, dt = 8.082495e-11, strain = 4.368102e-03, elapsed = 650.0 sec
[TwinWall] projected 2451 node(s)
Step =   3731: nodes = 12262, dt = 9.698994e-11, strain = 4.368587e-03, elapsed = 650.6 sec
[TwinWall] projected 2477 node(s)
Step =   3732: nodes = 12290, dt = 1.163879e-10, strain = 4.369169e-03, elapsed = 651.2 sec
[TwinWall] projected 2536 node(s)
Step =   3733: nodes = 12315, dt = 1.396655e-10, strain = 4.369867e-03, elapsed = 651.8 sec
[TwinWall] projected 2466 node(s)
Step =   3734: nodes = 12316, dt = 8.379931e-11, strain = 4.370286e-03, elapsed = 652.7 sec
[TwinWall] projected 2448 node(s)
Step =   3735: nodes = 12307, dt = 8.379931e-11, strain = 4.370705e-03, elapsed = 653.3 sec
[TwinWall] projected 2470 node(s)
Step =   3736: nodes = 12311, dt = 1.005592e-10, strain = 4.371208e-03, elapsed = 653.9 sec
[TwinWall] projected 2532 node(s)
Step =   3737: nodes = 12320, dt = 1.206710e-10, strain = 4.371811e-03, elapsed = 654.5 sec
[TwinWall] projected 2570 node(s)
Step =   3738: nodes = 12352, dt = 1.448052e-10, strain = 4.372535e-03, elapsed = 655.1 sec
[TwinWall] projected 2606 node(s)
Step =   3739: nodes = 12353, dt = 1.737662e-10, strain = 4.373404e-03, elapsed = 655.7 sec
[TwinWall] projected 2633 node(s)
Step =   3740: nodes = 12372, dt = 2.085195e-10, strain = 4.374446e-03, elapsed = 656.4 sec
[TwinWall] projected 2566 node(s)
Step =   3741: nodes = 12353, dt = 1.251117e-10, strain = 4.375072e-03, elapsed = 657.3 sec
[TwinWall] projected 2560 node(s)
Step =   3742: nodes = 12380, dt = 1.251117e-10, strain = 4.375698e-03, elapsed = 657.8 sec
[TwinWall] projected 2586 node(s)
Step =   3743: nodes = 12373, dt = 1.501340e-10, strain = 4.376448e-03, elapsed = 658.5 sec
[TwinWall] projected 2611 node(s)
Step =   3744: nodes = 12400, dt = 1.801608e-10, strain = 4.377349e-03, elapsed = 659.1 sec
[TwinWall] projected 2679 node(s)
Step =   3745: nodes = 12419, dt = 2.161930e-10, strain = 4.378430e-03, elapsed = 659.7 sec
[TwinWall] projected 2635 node(s)
Step =   3746: nodes = 12429, dt = 1.297158e-10, strain = 4.379079e-03, elapsed = 660.6 sec
[TwinWall] projected 2633 node(s)
Step =   3747: nodes = 12470, dt = 1.297158e-10, strain = 4.379727e-03, elapsed = 661.2 sec
[TwinWall] projected 2635 node(s)
Step =   3748: nodes = 12496, dt = 1.556590e-10, strain = 4.380505e-03, elapsed = 661.9 sec
[TwinWall] projected 2676 node(s)
Step =   3749: nodes = 12499, dt = 1.867908e-10, strain = 4.381439e-03, elapsed = 662.5 sec
[TwinWall] projected 2703 node(s)
Step =   3750: nodes = 12535, dt = 2.241489e-10, strain = 4.382560e-03, elapsed = 663.2 sec
[TwinWall] projected 2644 node(s)
Step =   3751: nodes = 12538, dt = 1.344893e-10, strain = 4.383233e-03, elapsed = 664.1 sec
[TwinWall] projected 2614 node(s)
Step =   3752: nodes = 12567, dt = 1.344893e-10, strain = 4.383905e-03, elapsed = 664.7 sec
[TwinWall] projected 2639 node(s)
Step =   3753: nodes = 12586, dt = 1.613872e-10, strain = 4.384712e-03, elapsed = 665.4 sec
[TwinWall] projected 2688 node(s)
Step =   3754: nodes = 12615, dt = 1.936647e-10, strain = 4.385680e-03, elapsed = 666.1 sec
[TwinWall] projected 2648 node(s)
Step =   3755: nodes = 12651, dt = 1.161988e-10, strain = 4.386261e-03, elapsed = 667.0 sec
[TwinWall] projected 2629 node(s)
Step =   3756: nodes = 12653, dt = 1.161988e-10, strain = 4.386842e-03, elapsed = 667.6 sec
[TwinWall] projected 2660 node(s)
Step =   3757: nodes = 12677, dt = 1.394386e-10, strain = 4.387540e-03, elapsed = 668.2 sec
[TwinWall] projected 2701 node(s)
Step =   3758: nodes = 12710, dt = 1.673263e-10, strain = 4.388376e-03, elapsed = 668.9 sec
[TwinWall] projected 2740 node(s)
Step =   3759: nodes = 12725, dt = 2.007915e-10, strain = 4.389380e-03, elapsed = 669.6 sec
[TwinWall] projected 2775 node(s)
Step =   3760: nodes = 12746, dt = 2.409498e-10, strain = 4.390585e-03, elapsed = 670.3 sec
[TwinWall] projected 2713 node(s)
Step =   3761: nodes = 12745, dt = 1.445699e-10, strain = 4.391308e-03, elapsed = 671.2 sec
[TwinWall] projected 2726 node(s)
Step =   3762: nodes = 12786, dt = 1.445699e-10, strain = 4.392031e-03, elapsed = 671.8 sec
[TwinWall] projected 2740 node(s)
Step =   3763: nodes = 12839, dt = 1.734839e-10, strain = 4.392898e-03, elapsed = 672.5 sec
[TwinWall] projected 2674 node(s)
Step =   3764: nodes = 12857, dt = 1.040903e-10, strain = 4.393418e-03, elapsed = 673.4 sec
[TwinWall] projected 2716 node(s)
Step =   3765: nodes = 12877, dt = 1.040903e-10, strain = 4.393939e-03, elapsed = 674.0 sec
[TwinWall] projected 2688 node(s)
Step =   3766: nodes = 12876, dt = 1.249084e-10, strain = 4.394563e-03, elapsed = 674.7 sec
[TwinWall] projected 2639 node(s)
Step =   3767: nodes = 12893, dt = 7.494503e-11, strain = 4.394938e-03, elapsed = 675.9 sec
[TwinWall] projected 2616 node(s)
Step =   3768: nodes = 12919, dt = 7.494503e-11, strain = 4.395313e-03, elapsed = 676.5 sec
[TwinWall] projected 2710 node(s)
Step =   3769: nodes = 12935, dt = 8.993404e-11, strain = 4.395763e-03, elapsed = 677.2 sec
[TwinWall] projected 2675 node(s)
Step =   3770: nodes = 12962, dt = 1.079208e-10, strain = 4.396302e-03, elapsed = 677.8 sec
[TwinWall] projected 2709 node(s)
Step =   3771: nodes = 12975, dt = 1.295050e-10, strain = 4.396950e-03, elapsed = 678.5 sec
[TwinWall] projected 2763 node(s)
Step =   3772: nodes = 12996, dt = 1.554060e-10, strain = 4.397727e-03, elapsed = 679.1 sec
[TwinWall] projected 2784 node(s)
Step =   3773: nodes = 12972, dt = 1.864872e-10, strain = 4.398659e-03, elapsed = 679.8 sec
[TwinWall] projected 2823 node(s)
Step =   3774: nodes = 12960, dt = 2.237847e-10, strain = 4.399778e-03, elapsed = 680.5 sec
[TwinWall] projected 2810 node(s)
Step =   3775: nodes = 12999, dt = 2.685416e-10, strain = 4.401121e-03, elapsed = 681.3 sec
[TwinWall] projected 2786 node(s)
Step =   3776: nodes = 13017, dt = 1.611250e-10, strain = 4.401926e-03, elapsed = 682.2 sec
[TwinWall] projected 2816 node(s)
Step =   3777: nodes = 13036, dt = 1.611250e-10, strain = 4.402732e-03, elapsed = 682.9 sec
[TwinWall] projected 2815 node(s)
Step =   3778: nodes = 13070, dt = 1.933500e-10, strain = 4.403699e-03, elapsed = 683.5 sec
[TwinWall] projected 2720 node(s)
Step =   3779: nodes = 13068, dt = 1.160100e-10, strain = 4.404279e-03, elapsed = 684.5 sec
[TwinWall] projected 2702 node(s)
Step =   3780: nodes = 13066, dt = 1.160100e-10, strain = 4.404859e-03, elapsed = 685.2 sec
[TwinWall] projected 2738 node(s)
Step =   3781: nodes = 13093, dt = 1.392120e-10, strain = 4.405555e-03, elapsed = 685.8 sec
[TwinWall] projected 2778 node(s)
Step =   3782: nodes = 13112, dt = 1.670544e-10, strain = 4.406390e-03, elapsed = 686.5 sec
[TwinWall] projected 2848 node(s)
Step =   3783: nodes = 13141, dt = 2.004652e-10, strain = 4.407393e-03, elapsed = 687.2 sec
[TwinWall] projected 2772 node(s)
Step =   3784: nodes = 13138, dt = 1.202791e-10, strain = 4.407994e-03, elapsed = 688.1 sec
[TwinWall] projected 2747 node(s)
Step =   3785: nodes = 13153, dt = 1.202791e-10, strain = 4.408595e-03, elapsed = 688.8 sec
[TwinWall] projected 2819 node(s)
Step =   3786: nodes = 13186, dt = 1.443350e-10, strain = 4.409317e-03, elapsed = 689.4 sec
[TwinWall] projected 2842 node(s)
Step =   3787: nodes = 13216, dt = 1.732020e-10, strain = 4.410183e-03, elapsed = 690.1 sec
[TwinWall] projected 2860 node(s)
Step =   3788: nodes = 13230, dt = 2.078424e-10, strain = 4.411222e-03, elapsed = 690.9 sec
[TwinWall] projected 2910 node(s)
Step =   3789: nodes = 13234, dt = 2.494108e-10, strain = 4.412469e-03, elapsed = 691.6 sec
[TwinWall] projected 2846 node(s)
Step =   3790: nodes = 13237, dt = 1.496465e-10, strain = 4.413218e-03, elapsed = 692.6 sec
[TwinWall] projected 2852 node(s)
Step =   3791: nodes = 13276, dt = 1.496465e-10, strain = 4.413966e-03, elapsed = 693.3 sec
[TwinWall] projected 2874 node(s)
Step =   3792: nodes = 13304, dt = 1.795758e-10, strain = 4.414864e-03, elapsed = 694.0 sec
[TwinWall] projected 2894 node(s)
Step =   3793: nodes = 13321, dt = 2.154909e-10, strain = 4.415941e-03, elapsed = 694.7 sec
[TwinWall] projected 2805 node(s)
Step =   3794: nodes = 13331, dt = 1.292946e-10, strain = 4.416588e-03, elapsed = 695.7 sec
[TwinWall] projected 2798 node(s)
Step =   3795: nodes = 13353, dt = 1.292946e-10, strain = 4.417234e-03, elapsed = 696.3 sec
[TwinWall] projected 2838 node(s)
Step =   3796: nodes = 13377, dt = 1.551535e-10, strain = 4.418010e-03, elapsed = 697.0 sec
[TwinWall] projected 2862 node(s)
Step =   3797: nodes = 13392, dt = 1.861842e-10, strain = 4.418941e-03, elapsed = 697.7 sec
[TwinWall] projected 2899 node(s)
Step =   3798: nodes = 13405, dt = 2.234210e-10, strain = 4.420058e-03, elapsed = 698.5 sec
[TwinWall] projected 2812 node(s)
Step =   3799: nodes = 13424, dt = 1.340526e-10, strain = 4.420728e-03, elapsed = 699.5 sec
[TwinWall] projected 2813 node(s)
Step =   3800: nodes = 13432, dt = 1.340526e-10, strain = 4.421398e-03, elapsed = 700.2 sec
Writing configuration in legacy data format
 Output file: /data/home/dg000246b/openDIS/HomeWork/output_Cu_twin_rorient/config.3800.data
Writing restart file
 Restart file: /data/home/dg000246b/openDIS/HomeWork/output_Cu_twin_rorient/restart.3800.exadis
[TwinWall] projected 2874 node(s)
Step =   3801: nodes = 13493, dt = 1.608631e-10, strain = 4.422203e-03, elapsed = 701.0 sec
[TwinWall] projected 2884 node(s)
Step =   3802: nodes = 13513, dt = 1.930358e-10, strain = 4.423168e-03, elapsed = 701.8 sec
[TwinWall] projected 2876 node(s)
Step =   3803: nodes = 13546, dt = 1.158215e-10, strain = 4.423747e-03, elapsed = 702.7 sec
[TwinWall] projected 2828 node(s)
Step =   3804: nodes = 13558, dt = 1.158215e-10, strain = 4.424326e-03, elapsed = 703.4 sec
[TwinWall] projected 2868 node(s)
Step =   3805: nodes = 13584, dt = 1.389857e-10, strain = 4.425021e-03, elapsed = 704.1 sec
[TwinWall] projected 2912 node(s)
Step =   3806: nodes = 13629, dt = 1.667829e-10, strain = 4.425855e-03, elapsed = 704.8 sec
[TwinWall] projected 2964 node(s)
Step =   3807: nodes = 13644, dt = 2.001395e-10, strain = 4.426856e-03, elapsed = 705.6 sec
[TwinWall] projected 2879 node(s)
Step =   3808: nodes = 13680, dt = 1.200837e-10, strain = 4.427456e-03, elapsed = 706.8 sec
[TwinWall] projected 2847 node(s)
Step =   3809: nodes = 13706, dt = 1.200837e-10, strain = 4.428056e-03, elapsed = 707.5 sec
[TwinWall] projected 2910 node(s)
Step =   3810: nodes = 13749, dt = 1.441004e-10, strain = 4.428777e-03, elapsed = 708.2 sec
[TwinWall] projected 2926 node(s)
Step =   3811: nodes = 13759, dt = 1.729205e-10, strain = 4.429642e-03, elapsed = 709.0 sec
[TwinWall] projected 2853 node(s)
Step =   3812: nodes = 13767, dt = 1.037523e-10, strain = 4.430160e-03, elapsed = 710.0 sec
[TwinWall] projected 2867 node(s)
Step =   3813: nodes = 13800, dt = 1.037523e-10, strain = 4.430679e-03, elapsed = 710.7 sec
[TwinWall] projected 2872 node(s)
Step =   3814: nodes = 13836, dt = 1.245028e-10, strain = 4.431302e-03, elapsed = 711.4 sec
[TwinWall] projected 2936 node(s)
Step =   3815: nodes = 13854, dt = 1.494033e-10, strain = 4.432049e-03, elapsed = 712.1 sec
[TwinWall] projected 2960 node(s)
Step =   3816: nodes = 13893, dt = 1.792840e-10, strain = 4.432945e-03, elapsed = 712.9 sec
[TwinWall] projected 2883 node(s)
Step =   3817: nodes = 13903, dt = 1.075704e-10, strain = 4.433483e-03, elapsed = 713.9 sec
[TwinWall] projected 2911 node(s)
Step =   3818: nodes = 13931, dt = 1.075704e-10, strain = 4.434021e-03, elapsed = 714.6 sec
[TwinWall] projected 2921 node(s)
Step =   3819: nodes = 13967, dt = 1.290845e-10, strain = 4.434666e-03, elapsed = 715.3 sec
[TwinWall] projected 2943 node(s)
Step =   3820: nodes = 13992, dt = 1.549014e-10, strain = 4.435441e-03, elapsed = 716.0 sec
[TwinWall] projected 2917 node(s)
Step =   3821: nodes = 14011, dt = 9.294082e-11, strain = 4.435905e-03, elapsed = 717.1 sec
[TwinWall] projected 2864 node(s)
Step =   3822: nodes = 14022, dt = 9.294082e-11, strain = 4.436370e-03, elapsed = 717.8 sec
[TwinWall] projected 2895 node(s)
Step =   3823: nodes = 14043, dt = 1.115290e-10, strain = 4.436928e-03, elapsed = 718.5 sec
[TwinWall] projected 2941 node(s)
Step =   3824: nodes = 14033, dt = 1.338348e-10, strain = 4.437597e-03, elapsed = 719.3 sec
[TwinWall] projected 2972 node(s)
Step =   3825: nodes = 14031, dt = 1.606017e-10, strain = 4.438400e-03, elapsed = 720.0 sec
[TwinWall] projected 2991 node(s)
Step =   3826: nodes = 14044, dt = 1.927221e-10, strain = 4.439363e-03, elapsed = 720.8 sec
[TwinWall] projected 2982 node(s)
Step =   3827: nodes = 14054, dt = 1.156332e-10, strain = 4.439942e-03, elapsed = 721.8 sec
[TwinWall] projected 2945 node(s)
Step =   3828: nodes = 14093, dt = 1.156332e-10, strain = 4.440520e-03, elapsed = 722.6 sec
[TwinWall] projected 2984 node(s)
Step =   3829: nodes = 14092, dt = 1.387599e-10, strain = 4.441214e-03, elapsed = 723.3 sec
[TwinWall] projected 3003 node(s)
Step =   3830: nodes = 14107, dt = 1.665119e-10, strain = 4.442046e-03, elapsed = 724.1 sec
[TwinWall] projected 2965 node(s)
Step =   3831: nodes = 14113, dt = 9.990712e-11, strain = 4.442546e-03, elapsed = 725.2 sec
[TwinWall] projected 2959 node(s)
Step =   3832: nodes = 14119, dt = 9.990712e-11, strain = 4.443045e-03, elapsed = 725.9 sec
[TwinWall] projected 2994 node(s)
Step =   3833: nodes = 14136, dt = 1.198885e-10, strain = 4.443645e-03, elapsed = 726.6 sec
[TwinWall] projected 3011 node(s)
Step =   3834: nodes = 14157, dt = 1.438663e-10, strain = 4.444364e-03, elapsed = 727.4 sec
[TwinWall] projected 3015 node(s)
Step =   3835: nodes = 14161, dt = 1.726395e-10, strain = 4.445227e-03, elapsed = 728.2 sec
[TwinWall] projected 3077 node(s)
Step =   3836: nodes = 14192, dt = 2.071674e-10, strain = 4.446263e-03, elapsed = 729.0 sec
[TwinWall] projected 3006 node(s)
Step =   3837: nodes = 14185, dt = 1.243004e-10, strain = 4.446885e-03, elapsed = 730.0 sec
[TwinWall] projected 3015 node(s)
Step =   3838: nodes = 14203, dt = 1.243004e-10, strain = 4.447506e-03, elapsed = 730.8 sec
[TwinWall] projected 3032 node(s)
Step =   3839: nodes = 14230, dt = 1.491605e-10, strain = 4.448252e-03, elapsed = 731.5 sec
[TwinWall] projected 3056 node(s)
Step =   3840: nodes = 14275, dt = 1.789926e-10, strain = 4.449147e-03, elapsed = 732.3 sec
[TwinWall] projected 3083 node(s)
Step =   3841: nodes = 14303, dt = 2.147912e-10, strain = 4.450221e-03, elapsed = 733.2 sec
[TwinWall] projected 3046 node(s)
Step =   3842: nodes = 14321, dt = 1.288747e-10, strain = 4.450865e-03, elapsed = 734.3 sec
[TwinWall] projected 3031 node(s)
Step =   3843: nodes = 14351, dt = 1.288747e-10, strain = 4.451510e-03, elapsed = 735.0 sec
[TwinWall] projected 3018 node(s)
Step =   3844: nodes = 14388, dt = 1.546496e-10, strain = 4.452283e-03, elapsed = 736.1 sec
[TwinWall] projected 3070 node(s)
Step =   3845: nodes = 14433, dt = 1.855796e-10, strain = 4.453211e-03, elapsed = 736.9 sec
[TwinWall] projected 3029 node(s)
Step =   3846: nodes = 14431, dt = 1.113477e-10, strain = 4.453767e-03, elapsed = 738.0 sec
[TwinWall] projected 2992 node(s)
Step =   3847: nodes = 14460, dt = 1.113477e-10, strain = 4.454324e-03, elapsed = 738.7 sec
[TwinWall] projected 3036 node(s)
Step =   3848: nodes = 14467, dt = 1.336173e-10, strain = 4.454992e-03, elapsed = 739.5 sec
[TwinWall] projected 3062 node(s)
Step =   3849: nodes = 14451, dt = 1.603408e-10, strain = 4.455794e-03, elapsed = 740.4 sec
[TwinWall] projected 3103 node(s)
Step =   3850: nodes = 14477, dt = 1.924089e-10, strain = 4.456756e-03, elapsed = 741.2 sec
[TwinWall] projected 3058 node(s)
Step =   3851: nodes = 14453, dt = 1.154453e-10, strain = 4.457333e-03, elapsed = 742.3 sec
[TwinWall] projected 3054 node(s)
Step =   3852: nodes = 14465, dt = 1.154453e-10, strain = 4.457910e-03, elapsed = 743.1 sec
[TwinWall] projected 3066 node(s)
Step =   3853: nodes = 14498, dt = 1.385344e-10, strain = 4.458603e-03, elapsed = 743.9 sec
[TwinWall] projected 3124 node(s)
Step =   3854: nodes = 14525, dt = 1.662413e-10, strain = 4.459434e-03, elapsed = 744.7 sec
[TwinWall] projected 3139 node(s)
Step =   3855: nodes = 14558, dt = 1.994895e-10, strain = 4.460432e-03, elapsed = 745.5 sec
[TwinWall] projected 3101 node(s)
Step =   3856: nodes = 14561, dt = 1.196937e-10, strain = 4.461030e-03, elapsed = 746.6 sec
[TwinWall] projected 3106 node(s)
Step =   3857: nodes = 14585, dt = 1.196937e-10, strain = 4.461629e-03, elapsed = 747.4 sec
[TwinWall] projected 3140 node(s)
Step =   3858: nodes = 14591, dt = 1.436325e-10, strain = 4.462347e-03, elapsed = 748.2 sec
[TwinWall] projected 3144 node(s)
Step =   3859: nodes = 14612, dt = 1.723590e-10, strain = 4.463209e-03, elapsed = 749.1 sec
[TwinWall] projected 3081 node(s)
Step =   3860: nodes = 14605, dt = 1.034154e-10, strain = 4.463726e-03, elapsed = 750.2 sec
[TwinWall] projected 3107 node(s)
Step =   3861: nodes = 14627, dt = 1.034154e-10, strain = 4.464243e-03, elapsed = 751.0 sec
[TwinWall] projected 3118 node(s)
Step =   3862: nodes = 14629, dt = 1.240985e-10, strain = 4.464863e-03, elapsed = 751.8 sec
[TwinWall] projected 3126 node(s)
Step =   3863: nodes = 14651, dt = 1.489181e-10, strain = 4.465608e-03, elapsed = 752.6 sec
[TwinWall] projected 3161 node(s)
Step =   3864: nodes = 14683, dt = 1.787018e-10, strain = 4.466501e-03, elapsed = 753.4 sec
[TwinWall] projected 3101 node(s)
Step =   3865: nodes = 14697, dt = 1.072211e-10, strain = 4.467038e-03, elapsed = 754.6 sec
[TwinWall] projected 3064 node(s)
Step =   3866: nodes = 14707, dt = 1.072211e-10, strain = 4.467574e-03, elapsed = 755.4 sec
[TwinWall] projected 3080 node(s)
Step =   3867: nodes = 14734, dt = 1.286653e-10, strain = 4.468217e-03, elapsed = 756.2 sec
[TwinWall] projected 3127 node(s)
Step =   3868: nodes = 14733, dt = 1.543983e-10, strain = 4.468989e-03, elapsed = 757.0 sec
[TwinWall] projected 3199 node(s)
Step =   3869: nodes = 14767, dt = 1.852780e-10, strain = 4.469915e-03, elapsed = 757.9 sec
[TwinWall] projected 3147 node(s)
Step =   3870: nodes = 14788, dt = 1.111668e-10, strain = 4.470471e-03, elapsed = 759.1 sec
[TwinWall] projected 3119 node(s)
Step =   3871: nodes = 14815, dt = 1.111668e-10, strain = 4.471027e-03, elapsed = 759.9 sec
[TwinWall] projected 3146 node(s)
Step =   3872: nodes = 14830, dt = 1.334002e-10, strain = 4.471694e-03, elapsed = 760.7 sec
[TwinWall] projected 3184 node(s)
Step =   3873: nodes = 14882, dt = 1.600802e-10, strain = 4.472494e-03, elapsed = 761.5 sec
[TwinWall] projected 3245 node(s)
Step =   3874: nodes = 14853, dt = 1.920962e-10, strain = 4.473455e-03, elapsed = 762.4 sec
[TwinWall] projected 3177 node(s)
Step =   3875: nodes = 14829, dt = 1.152577e-10, strain = 4.474031e-03, elapsed = 763.6 sec
[TwinWall] projected 3179 node(s)
Step =   3876: nodes = 14868, dt = 1.152577e-10, strain = 4.474607e-03, elapsed = 764.3 sec
[TwinWall] projected 3162 node(s)
Step =   3877: nodes = 14857, dt = 1.383093e-10, strain = 4.475299e-03, elapsed = 765.2 sec
[TwinWall] projected 3222 node(s)
Step =   3878: nodes = 14867, dt = 1.659711e-10, strain = 4.476129e-03, elapsed = 766.2 sec
[TwinWall] projected 3245 node(s)
Step =   3879: nodes = 14865, dt = 1.991654e-10, strain = 4.477125e-03, elapsed = 767.1 sec
[TwinWall] projected 3187 node(s)
Step =   3880: nodes = 14850, dt = 1.194992e-10, strain = 4.477722e-03, elapsed = 768.3 sec
[TwinWall] projected 3173 node(s)
Step =   3881: nodes = 14864, dt = 1.194992e-10, strain = 4.478320e-03, elapsed = 769.2 sec
[TwinWall] projected 3195 node(s)
Step =   3882: nodes = 14882, dt = 1.433991e-10, strain = 4.479037e-03, elapsed = 770.0 sec
[TwinWall] projected 3254 node(s)
Step =   3883: nodes = 14906, dt = 1.720789e-10, strain = 4.479897e-03, elapsed = 770.8 sec
[TwinWall] projected 3277 node(s)
Step =   3884: nodes = 14891, dt = 2.064947e-10, strain = 4.480930e-03, elapsed = 771.7 sec
[TwinWall] projected 3339 node(s)
Step =   3885: nodes = 14886, dt = 2.477936e-10, strain = 4.482169e-03, elapsed = 772.6 sec
[TwinWall] projected 3277 node(s)
Step =   3886: nodes = 14922, dt = 1.486762e-10, strain = 4.482912e-03, elapsed = 773.8 sec
[TwinWall] projected 3278 node(s)
Step =   3887: nodes = 14958, dt = 1.486762e-10, strain = 4.483655e-03, elapsed = 774.6 sec
[TwinWall] projected 3291 node(s)
Step =   3888: nodes = 14960, dt = 1.784114e-10, strain = 4.484547e-03, elapsed = 775.5 sec
[TwinWall] projected 3324 node(s)
Step =   3889: nodes = 14976, dt = 2.140937e-10, strain = 4.485618e-03, elapsed = 776.4 sec
[TwinWall] projected 3361 node(s)
Step =   3890: nodes = 15002, dt = 2.569124e-10, strain = 4.486902e-03, elapsed = 777.4 sec
[TwinWall] projected 3323 node(s)
Step =   3891: nodes = 15002, dt = 1.541474e-10, strain = 4.487673e-03, elapsed = 778.6 sec
[TwinWall] projected 3312 node(s)
Step =   3892: nodes = 15021, dt = 1.541474e-10, strain = 4.488444e-03, elapsed = 779.4 sec
[TwinWall] projected 3349 node(s)
Step =   3893: nodes = 15044, dt = 1.849769e-10, strain = 4.489369e-03, elapsed = 780.3 sec
[TwinWall] projected 3380 node(s)
Step =   3894: nodes = 15078, dt = 2.219723e-10, strain = 4.490479e-03, elapsed = 781.2 sec
[TwinWall] projected 3274 node(s)
Step =   3895: nodes = 15081, dt = 1.331834e-10, strain = 4.491144e-03, elapsed = 782.4 sec
[TwinWall] projected 3274 node(s)
Step =   3896: nodes = 15105, dt = 1.331834e-10, strain = 4.491810e-03, elapsed = 783.2 sec
[TwinWall] projected 3309 node(s)
Step =   3897: nodes = 15119, dt = 1.598201e-10, strain = 4.492610e-03, elapsed = 784.1 sec
[TwinWall] projected 3354 node(s)
Step =   3898: nodes = 15147, dt = 1.917841e-10, strain = 4.493568e-03, elapsed = 785.0 sec
[TwinWall] projected 3391 node(s)
Step =   3899: nodes = 15147, dt = 2.301409e-10, strain = 4.494719e-03, elapsed = 785.9 sec
[TwinWall] projected 3313 node(s)
Step =   3900: nodes = 15142, dt = 1.380845e-10, strain = 4.495410e-03, elapsed = 787.2 sec
Writing configuration in legacy data format
 Output file: /data/home/dg000246b/openDIS/HomeWork/output_Cu_twin_rorient/config.3900.data
Writing restart file
 Restart file: /data/home/dg000246b/openDIS/HomeWork/output_Cu_twin_rorient/restart.3900.exadis
[TwinWall] projected 3301 node(s)
Step =   3901: nodes = 15198, dt = 1.380845e-10, strain = 4.496100e-03, elapsed = 788.2 sec
[TwinWall] projected 3359 node(s)
Step =   3902: nodes = 15209, dt = 1.657014e-10, strain = 4.496928e-03, elapsed = 789.1 sec
[TwinWall] projected 3287 node(s)
Step =   3903: nodes = 15213, dt = 9.942087e-11, strain = 4.497426e-03, elapsed = 790.4 sec
[TwinWall] projected 3261 node(s)
Step =   3904: nodes = 15216, dt = 9.942087e-11, strain = 4.497923e-03, elapsed = 791.2 sec
[TwinWall] projected 3288 node(s)
Step =   3905: nodes = 15240, dt = 1.193050e-10, strain = 4.498519e-03, elapsed = 792.0 sec
[TwinWall] projected 3364 node(s)
Step =   3906: nodes = 15264, dt = 1.431660e-10, strain = 4.499235e-03, elapsed = 792.9 sec
[TwinWall] projected 3350 node(s)
Step =   3907: nodes = 15263, dt = 8.589963e-11, strain = 4.499665e-03, elapsed = 794.1 sec
[TwinWall] projected 3300 node(s)
Step =   3908: nodes = 15275, dt = 8.589963e-11, strain = 4.500094e-03, elapsed = 795.0 sec
[TwinWall] projected 3317 node(s)
Step =   3909: nodes = 15306, dt = 1.030796e-10, strain = 4.500609e-03, elapsed = 796.1 sec
[TwinWall] projected 3355 node(s)
Step =   3910: nodes = 15304, dt = 1.236955e-10, strain = 4.501228e-03, elapsed = 796.9 sec
[TwinWall] projected 3389 node(s)
Step =   3911: nodes = 15304, dt = 1.484346e-10, strain = 4.501970e-03, elapsed = 797.8 sec
[TwinWall] projected 3438 node(s)
Step =   3912: nodes = 15319, dt = 1.781215e-10, strain = 4.502861e-03, elapsed = 798.8 sec
[TwinWall] projected 3473 node(s)
Step =   3913: nodes = 15325, dt = 2.137458e-10, strain = 4.503929e-03, elapsed = 799.7 sec
[TwinWall] projected 3385 node(s)
Step =   3914: nodes = 15329, dt = 1.282475e-10, strain = 4.504571e-03, elapsed = 801.0 sec
[TwinWall] projected 3378 node(s)
Step =   3915: nodes = 15362, dt = 1.282475e-10, strain = 4.505212e-03, elapsed = 801.9 sec
[TwinWall] projected 3403 node(s)
Step =   3916: nodes = 15361, dt = 1.538970e-10, strain = 4.505981e-03, elapsed = 802.8 sec
[TwinWall] projected 3476 node(s)
Step =   3917: nodes = 15396, dt = 1.846763e-10, strain = 4.506905e-03, elapsed = 803.7 sec
[TwinWall] projected 3524 node(s)
Step =   3918: nodes = 15407, dt = 2.216116e-10, strain = 4.508013e-03, elapsed = 804.6 sec
[TwinWall] projected 3442 node(s)
Step =   3919: nodes = 15430, dt = 1.329670e-10, strain = 4.508678e-03, elapsed = 806.0 sec
[TwinWall] projected 3441 node(s)
Step =   3920: nodes = 15457, dt = 1.329670e-10, strain = 4.509343e-03, elapsed = 806.8 sec
[TwinWall] projected 3505 node(s)
Step =   3921: nodes = 15518, dt = 1.595604e-10, strain = 4.510140e-03, elapsed = 807.7 sec
[TwinWall] projected 3524 node(s)
Step =   3922: nodes = 15513, dt = 1.914724e-10, strain = 4.511098e-03, elapsed = 808.6 sec
[TwinWall] projected 3551 node(s)
Step =   3923: nodes = 15522, dt = 2.297669e-10, strain = 4.512246e-03, elapsed = 809.6 sec
[TwinWall] projected 3457 node(s)
Step =   3924: nodes = 15506, dt = 1.378601e-10, strain = 4.512936e-03, elapsed = 811.0 sec
[TwinWall] projected 3496 node(s)
Step =   3925: nodes = 15539, dt = 1.378601e-10, strain = 4.513625e-03, elapsed = 811.9 sec
[TwinWall] projected 3539 node(s)
Step =   3926: nodes = 15561, dt = 1.654322e-10, strain = 4.514452e-03, elapsed = 812.9 sec
[TwinWall] projected 3579 node(s)
Step =   3927: nodes = 15573, dt = 1.985186e-10, strain = 4.515445e-03, elapsed = 813.8 sec
[TwinWall] projected 3594 node(s)
Step =   3928: nodes = 15540, dt = 2.382223e-10, strain = 4.516636e-03, elapsed = 814.8 sec
[TwinWall] projected 3514 node(s)
Step =   3929: nodes = 15537, dt = 1.429334e-10, strain = 4.517351e-03, elapsed = 816.1 sec
[TwinWall] projected 3522 node(s)
Step =   3930: nodes = 15543, dt = 1.429334e-10, strain = 4.518065e-03, elapsed = 817.0 sec
[TwinWall] projected 3527 node(s)
Step =   3931: nodes = 15603, dt = 1.715201e-10, strain = 4.518923e-03, elapsed = 817.9 sec
[TwinWall] projected 3513 node(s)
Step =   3932: nodes = 15611, dt = 1.029121e-10, strain = 4.519437e-03, elapsed = 819.2 sec
[TwinWall] projected 3409 node(s)
Step =   3933: nodes = 15625, dt = 1.029121e-10, strain = 4.519952e-03, elapsed = 820.1 sec
[TwinWall] projected 3476 node(s)
Step =   3934: nodes = 15663, dt = 1.234945e-10, strain = 4.520569e-03, elapsed = 821.0 sec
[TwinWall] projected 3486 node(s)
Step =   3935: nodes = 15668, dt = 1.481934e-10, strain = 4.521310e-03, elapsed = 821.9 sec
[TwinWall] projected 3569 node(s)
Step =   3936: nodes = 15670, dt = 1.778320e-10, strain = 4.522200e-03, elapsed = 822.9 sec
[TwinWall] projected 3626 node(s)
Step =   3937: nodes = 15666, dt = 2.133984e-10, strain = 4.523267e-03, elapsed = 823.8 sec
[TwinWall] projected 3522 node(s)
Step =   3938: nodes = 15672, dt = 1.280391e-10, strain = 4.523907e-03, elapsed = 825.1 sec
[TwinWall] projected 3482 node(s)
Step =   3939: nodes = 15693, dt = 1.280391e-10, strain = 4.524547e-03, elapsed = 826.3 sec
[TwinWall] projected 3559 node(s)
Step =   3940: nodes = 15715, dt = 1.536469e-10, strain = 4.525315e-03, elapsed = 827.2 sec
[TwinWall] projected 3455 node(s)
Step =   3941: nodes = 15729, dt = 9.218812e-11, strain = 4.525776e-03, elapsed = 828.5 sec
[TwinWall] projected 3473 node(s)
Step =   3942: nodes = 15748, dt = 9.218812e-11, strain = 4.526237e-03, elapsed = 829.3 sec
[TwinWall] projected 3443 node(s)
Step =   3943: nodes = 15754, dt = 1.106257e-10, strain = 4.526790e-03, elapsed = 830.3 sec
[TwinWall] projected 3501 node(s)
Step =   3944: nodes = 15793, dt = 1.327509e-10, strain = 4.527454e-03, elapsed = 831.2 sec
[TwinWall] projected 3558 node(s)
Step =   3945: nodes = 15813, dt = 1.593011e-10, strain = 4.528251e-03, elapsed = 832.1 sec
[TwinWall] projected 3598 node(s)
Step =   3946: nodes = 15818, dt = 1.911613e-10, strain = 4.529206e-03, elapsed = 833.1 sec
[TwinWall] projected 3646 node(s)
Step =   3947: nodes = 15787, dt = 2.293935e-10, strain = 4.530353e-03, elapsed = 834.1 sec
[TwinWall] projected 3600 node(s)
Step =   3948: nodes = 15767, dt = 1.376361e-10, strain = 4.531041e-03, elapsed = 835.4 sec
[TwinWall] projected 3554 node(s)
Step =   3949: nodes = 15776, dt = 1.376361e-10, strain = 4.531730e-03, elapsed = 836.4 sec
[TwinWall] projected 3607 node(s)
Step =   3950: nodes = 15807, dt = 1.651634e-10, strain = 4.532555e-03, elapsed = 837.3 sec
[TwinWall] projected 3638 node(s)
Step =   3951: nodes = 15829, dt = 1.981960e-10, strain = 4.533546e-03, elapsed = 838.2 sec
[TwinWall] projected 3518 node(s)
Step =   3952: nodes = 15836, dt = 1.189176e-10, strain = 4.534141e-03, elapsed = 839.6 sec
[TwinWall] projected 3512 node(s)
Step =   3953: nodes = 15877, dt = 1.189176e-10, strain = 4.534736e-03, elapsed = 840.6 sec
[TwinWall] projected 3540 node(s)
Step =   3954: nodes = 15880, dt = 1.427011e-10, strain = 4.535449e-03, elapsed = 841.5 sec
[TwinWall] projected 3587 node(s)
Step =   3955: nodes = 15891, dt = 1.712414e-10, strain = 4.536305e-03, elapsed = 842.5 sec
[TwinWall] projected 3629 node(s)
Step =   3956: nodes = 15888, dt = 2.054896e-10, strain = 4.537333e-03, elapsed = 843.5 sec
[TwinWall] projected 3516 node(s)
Step =   3957: nodes = 15881, dt = 1.232938e-10, strain = 4.537949e-03, elapsed = 844.9 sec
[TwinWall] projected 3514 node(s)
Step =   3958: nodes = 15924, dt = 1.232938e-10, strain = 4.538566e-03, elapsed = 845.8 sec
[TwinWall] projected 3546 node(s)
Step =   3959: nodes = 15936, dt = 1.479525e-10, strain = 4.539305e-03, elapsed = 846.8 sec
[TwinWall] projected 3615 node(s)
Step =   3960: nodes = 15966, dt = 1.775430e-10, strain = 4.540193e-03, elapsed = 847.8 sec
[TwinWall] projected 3561 node(s)
Step =   3961: nodes = 15982, dt = 1.065258e-10, strain = 4.540726e-03, elapsed = 849.1 sec
[TwinWall] projected 3540 node(s)
Step =   3962: nodes = 16004, dt = 1.065258e-10, strain = 4.541258e-03, elapsed = 850.0 sec
[TwinWall] projected 3548 node(s)
Step =   3963: nodes = 16029, dt = 1.278310e-10, strain = 4.541898e-03, elapsed = 851.0 sec
[TwinWall] projected 3608 node(s)
Step =   3964: nodes = 16044, dt = 1.533972e-10, strain = 4.542665e-03, elapsed = 852.0 sec
[TwinWall] projected 3529 node(s)
Step =   3965: nodes = 16045, dt = 9.203831e-11, strain = 4.543125e-03, elapsed = 853.4 sec
[TwinWall] projected 3529 node(s)
Step =   3966: nodes = 16053, dt = 9.203831e-11, strain = 4.543585e-03, elapsed = 854.3 sec
[TwinWall] projected 3572 node(s)
Step =   3967: nodes = 16077, dt = 1.104460e-10, strain = 4.544137e-03, elapsed = 855.2 sec
[TwinWall] projected 3588 node(s)
Step =   3968: nodes = 16042, dt = 1.325352e-10, strain = 4.544800e-03, elapsed = 856.4 sec
[TwinWall] projected 3642 node(s)
Step =   3969: nodes = 16069, dt = 1.590422e-10, strain = 4.545595e-03, elapsed = 857.4 sec
[TwinWall] projected 3547 node(s)
Step =   3970: nodes = 16088, dt = 9.542532e-11, strain = 4.546072e-03, elapsed = 858.8 sec
[TwinWall] projected 3568 node(s)
Step =   3971: nodes = 16094, dt = 9.542532e-11, strain = 4.546549e-03, elapsed = 859.7 sec
[TwinWall] projected 3561 node(s)
Step =   3972: nodes = 16102, dt = 1.145104e-10, strain = 4.547122e-03, elapsed = 860.7 sec
[TwinWall] projected 3636 node(s)
Step =   3973: nodes = 16093, dt = 1.374125e-10, strain = 4.547809e-03, elapsed = 861.6 sec
[TwinWall] projected 3692 node(s)
Step =   3974: nodes = 16124, dt = 1.648950e-10, strain = 4.548633e-03, elapsed = 862.6 sec
[TwinWall] projected 3630 node(s)
Step =   3975: nodes = 16133, dt = 9.893698e-11, strain = 4.549128e-03, elapsed = 864.0 sec
[TwinWall] projected 3591 node(s)
Step =   3976: nodes = 16137, dt = 9.893698e-11, strain = 4.549623e-03, elapsed = 864.9 sec
[TwinWall] projected 3634 node(s)
Step =   3977: nodes = 16136, dt = 1.187244e-10, strain = 4.550216e-03, elapsed = 865.9 sec
[TwinWall] projected 3654 node(s)
Step =   3978: nodes = 16136, dt = 1.424692e-10, strain = 4.550929e-03, elapsed = 866.9 sec
[TwinWall] projected 3706 node(s)
Step =   3979: nodes = 16160, dt = 1.709631e-10, strain = 4.551784e-03, elapsed = 867.9 sec
[TwinWall] projected 3632 node(s)
Step =   3980: nodes = 16159, dt = 1.025779e-10, strain = 4.552296e-03, elapsed = 869.3 sec
[TwinWall] projected 3648 node(s)
Step =   3981: nodes = 16187, dt = 1.025779e-10, strain = 4.552809e-03, elapsed = 870.2 sec
[TwinWall] projected 3675 node(s)
Step =   3982: nodes = 16188, dt = 1.230934e-10, strain = 4.553425e-03, elapsed = 871.2 sec
[TwinWall] projected 3664 node(s)
Step =   3983: nodes = 16198, dt = 1.477121e-10, strain = 4.554163e-03, elapsed = 872.3 sec
[TwinWall] projected 3730 node(s)
Step =   3984: nodes = 16204, dt = 1.772545e-10, strain = 4.555050e-03, elapsed = 873.3 sec
[TwinWall] projected 3685 node(s)
Step =   3985: nodes = 16209, dt = 1.063527e-10, strain = 4.555581e-03, elapsed = 874.7 sec
[TwinWall] projected 3654 node(s)
Step =   3986: nodes = 16221, dt = 1.063527e-10, strain = 4.556113e-03, elapsed = 875.7 sec
[TwinWall] projected 3705 node(s)
Step =   3987: nodes = 16236, dt = 1.276233e-10, strain = 4.556751e-03, elapsed = 876.7 sec
[TwinWall] projected 3737 node(s)
Step =   3988: nodes = 16243, dt = 1.531479e-10, strain = 4.557517e-03, elapsed = 877.7 sec
[TwinWall] projected 3771 node(s)
Step =   3989: nodes = 16222, dt = 1.837775e-10, strain = 4.558436e-03, elapsed = 878.7 sec
[TwinWall] projected 3714 node(s)
Step =   3990: nodes = 16216, dt = 1.102665e-10, strain = 4.558987e-03, elapsed = 880.1 sec
[TwinWall] projected 3700 node(s)
Step =   3991: nodes = 16234, dt = 1.102665e-10, strain = 4.559539e-03, elapsed = 881.1 sec
[TwinWall] projected 3747 node(s)
Step =   3992: nodes = 16254, dt = 1.323198e-10, strain = 4.560200e-03, elapsed = 882.1 sec
[TwinWall] projected 3775 node(s)
Step =   3993: nodes = 16263, dt = 1.587838e-10, strain = 4.560994e-03, elapsed = 883.1 sec
[TwinWall] projected 3834 node(s)
Step =   3994: nodes = 16288, dt = 1.905405e-10, strain = 4.561947e-03, elapsed = 884.1 sec
[TwinWall] projected 3765 node(s)
Step =   3995: nodes = 16294, dt = 1.143243e-10, strain = 4.562518e-03, elapsed = 885.5 sec
[TwinWall] projected 3737 node(s)
Step =   3996: nodes = 16296, dt = 1.143243e-10, strain = 4.563090e-03, elapsed = 886.7 sec
[TwinWall] projected 3782 node(s)
Step =   3997: nodes = 16348, dt = 1.371892e-10, strain = 4.563776e-03, elapsed = 887.7 sec
[TwinWall] projected 3802 node(s)
Step =   3998: nodes = 16362, dt = 1.646270e-10, strain = 4.564599e-03, elapsed = 888.8 sec
[TwinWall] projected 3730 node(s)
Step =   3999: nodes = 16362, dt = 9.877620e-11, strain = 4.565093e-03, elapsed = 890.2 sec
[TwinWall] projected 3754 node(s)
Step =   4000: nodes = 16385, dt = 9.877620e-11, strain = 4.565587e-03, elapsed = 891.2 sec
Writing configuration in legacy data format
 Output file: /data/home/dg000246b/openDIS/HomeWork/output_Cu_twin_rorient/config.4000.data
Writing restart file
 Restart file: /data/home/dg000246b/openDIS/HomeWork/output_Cu_twin_rorient/restart.4000.exadis
[TwinWall] projected 3780 node(s)
Step =   4001: nodes = 16407, dt = 1.185314e-10, strain = 4.566180e-03, elapsed = 892.3 sec
[TwinWall] projected 3802 node(s)
Step =   4002: nodes = 16414, dt = 1.422377e-10, strain = 4.566891e-03, elapsed = 893.3 sec
[TwinWall] projected 3839 node(s)
Step =   4003: nodes = 16428, dt = 1.706853e-10, strain = 4.567744e-03, elapsed = 894.3 sec
[TwinWall] projected 3877 node(s)
Step =   4004: nodes = 16434, dt = 2.048223e-10, strain = 4.568768e-03, elapsed = 895.4 sec
[TwinWall] projected 3816 node(s)
Step =   4005: nodes = 16424, dt = 1.228934e-10, strain = 4.569383e-03, elapsed = 896.8 sec
[TwinWall] projected 3790 node(s)
Step =   4006: nodes = 16438, dt = 1.228934e-10, strain = 4.569997e-03, elapsed = 897.8 sec
[TwinWall] projected 3807 node(s)
Step =   4007: nodes = 16443, dt = 1.474721e-10, strain = 4.570735e-03, elapsed = 898.8 sec
[TwinWall] projected 3821 node(s)
Step =   4008: nodes = 16469, dt = 1.769665e-10, strain = 4.571619e-03, elapsed = 899.9 sec
[TwinWall] projected 3823 node(s)
Step =   4009: nodes = 16491, dt = 1.061799e-10, strain = 4.572150e-03, elapsed = 901.4 sec
[TwinWall] projected 3772 node(s)
Step =   4010: nodes = 16520, dt = 1.061799e-10, strain = 4.572681e-03, elapsed = 902.4 sec
[TwinWall] projected 3825 node(s)
Step =   4011: nodes = 16538, dt = 1.274159e-10, strain = 4.573318e-03, elapsed = 903.4 sec
[TwinWall] projected 3825 node(s)
Step =   4012: nodes = 16537, dt = 1.528991e-10, strain = 4.574083e-03, elapsed = 904.4 sec
[TwinWall] projected 3884 node(s)
Step =   4013: nodes = 16522, dt = 1.834789e-10, strain = 4.575000e-03, elapsed = 905.5 sec
[TwinWall] projected 3818 node(s)
Step =   4014: nodes = 16532, dt = 1.100873e-10, strain = 4.575551e-03, elapsed = 906.9 sec
[TwinWall] projected 3769 node(s)
Step =   4015: nodes = 16535, dt = 1.100873e-10, strain = 4.576101e-03, elapsed = 907.9 sec
[TwinWall] projected 3827 node(s)
Step =   4016: nodes = 16546, dt = 1.321048e-10, strain = 4.576762e-03, elapsed = 908.9 sec
[TwinWall] projected 3845 node(s)
Step =   4017: nodes = 16566, dt = 1.585257e-10, strain = 4.577554e-03, elapsed = 910.0 sec
[TwinWall] projected 3867 node(s)
Step =   4018: nodes = 16559, dt = 1.902309e-10, strain = 4.578505e-03, elapsed = 911.0 sec
[TwinWall] projected 3806 node(s)
Step =   4019: nodes = 16562, dt = 1.141385e-10, strain = 4.579076e-03, elapsed = 912.5 sec
[TwinWall] projected 3811 node(s)
Step =   4020: nodes = 16584, dt = 1.141385e-10, strain = 4.579647e-03, elapsed = 913.5 sec
[TwinWall] projected 3827 node(s)
Step =   4021: nodes = 16581, dt = 1.369662e-10, strain = 4.580332e-03, elapsed = 914.6 sec
[TwinWall] projected 3864 node(s)
Step =   4022: nodes = 16602, dt = 1.643595e-10, strain = 4.581153e-03, elapsed = 915.6 sec
[TwinWall] projected 3813 node(s)
Step =   4023: nodes = 16607, dt = 9.861569e-11, strain = 4.581646e-03, elapsed = 917.2 sec
[TwinWall] projected 3850 node(s)
Step =   4024: nodes = 16616, dt = 9.861569e-11, strain = 4.582140e-03, elapsed = 918.2 sec
[TwinWall] projected 3825 node(s)
Step =   4025: nodes = 16657, dt = 1.183388e-10, strain = 4.582731e-03, elapsed = 919.2 sec
[TwinWall] projected 3844 node(s)
Step =   4026: nodes = 16681, dt = 1.420066e-10, strain = 4.583441e-03, elapsed = 920.3 sec
[TwinWall] projected 3790 node(s)
Step =   4027: nodes = 16661, dt = 8.520396e-11, strain = 4.583867e-03, elapsed = 921.8 sec
[TwinWall] projected 3801 node(s)
Step =   4028: nodes = 16693, dt = 8.520396e-11, strain = 4.584293e-03, elapsed = 922.8 sec
[TwinWall] projected 3841 node(s)
Step =   4029: nodes = 16692, dt = 1.022447e-10, strain = 4.584805e-03, elapsed = 923.8 sec
[TwinWall] projected 3834 node(s)
Step =   4030: nodes = 16701, dt = 1.226937e-10, strain = 4.585418e-03, elapsed = 924.9 sec
[TwinWall] projected 3860 node(s)
Step =   4031: nodes = 16680, dt = 1.472324e-10, strain = 4.586154e-03, elapsed = 925.9 sec
[TwinWall] projected 3927 node(s)
Step =   4032: nodes = 16706, dt = 1.766789e-10, strain = 4.587038e-03, elapsed = 927.0 sec
[TwinWall] projected 3862 node(s)
Step =   4033: nodes = 16731, dt = 1.060074e-10, strain = 4.587568e-03, elapsed = 928.5 sec
[TwinWall] projected 3842 node(s)
Step =   4034: nodes = 16711, dt = 1.060074e-10, strain = 4.588098e-03, elapsed = 929.5 sec
[TwinWall] projected 3893 node(s)
Step =   4035: nodes = 16725, dt = 1.272088e-10, strain = 4.588734e-03, elapsed = 930.5 sec
[TwinWall] projected 3891 node(s)
Step =   4036: nodes = 16731, dt = 1.526506e-10, strain = 4.589497e-03, elapsed = 931.6 sec
[TwinWall] projected 3949 node(s)
Step =   4037: nodes = 16758, dt = 1.831807e-10, strain = 4.590413e-03, elapsed = 932.7 sec
[TwinWall] projected 3991 node(s)
Step =   4038: nodes = 16766, dt = 2.198169e-10, strain = 4.591512e-03, elapsed = 933.8 sec
[TwinWall] projected 3932 node(s)
Step =   4039: nodes = 16745, dt = 1.318901e-10, strain = 4.592171e-03, elapsed = 935.3 sec
[TwinWall] projected 3889 node(s)
Step =   4040: nodes = 16754, dt = 1.318901e-10, strain = 4.592831e-03, elapsed = 936.4 sec
[TwinWall] projected 3913 node(s)
Step =   4041: nodes = 16770, dt = 1.582681e-10, strain = 4.593622e-03, elapsed = 937.5 sec
[TwinWall] projected 3866 node(s)
Step =   4042: nodes = 16747, dt = 9.496088e-11, strain = 4.594097e-03, elapsed = 939.0 sec
[TwinWall] projected 3813 node(s)
Step =   4043: nodes = 16764, dt = 9.496088e-11, strain = 4.594572e-03, elapsed = 940.1 sec
[TwinWall] projected 3852 node(s)
Step =   4044: nodes = 16791, dt = 1.139531e-10, strain = 4.595142e-03, elapsed = 941.1 sec
[TwinWall] projected 3917 node(s)
Step =   4045: nodes = 16810, dt = 1.367437e-10, strain = 4.595825e-03, elapsed = 942.2 sec
[TwinWall] projected 3945 node(s)
Step =   4046: nodes = 16809, dt = 1.640924e-10, strain = 4.596646e-03, elapsed = 943.3 sec
[TwinWall] projected 4005 node(s)
Step =   4047: nodes = 16800, dt = 1.969109e-10, strain = 4.597630e-03, elapsed = 944.4 sec
[TwinWall] projected 3931 node(s)
Step =   4048: nodes = 16819, dt = 1.181465e-10, strain = 4.598221e-03, elapsed = 946.2 sec
[TwinWall] projected 3906 node(s)
Step =   4049: nodes = 16813, dt = 1.181465e-10, strain = 4.598812e-03, elapsed = 947.3 sec
[TwinWall] projected 3942 node(s)
Step =   4050: nodes = 16850, dt = 1.417758e-10, strain = 4.599521e-03, elapsed = 948.3 sec
[TwinWall] projected 3963 node(s)
Step =   4051: nodes = 16870, dt = 1.701310e-10, strain = 4.600371e-03, elapsed = 949.5 sec
[TwinWall] projected 4024 node(s)
Step =   4052: nodes = 16889, dt = 2.041572e-10, strain = 4.601392e-03, elapsed = 950.6 sec
[TwinWall] projected 3940 node(s)
Step =   4053: nodes = 16871, dt = 1.224943e-10, strain = 4.602005e-03, elapsed = 952.2 sec
[TwinWall] projected 3928 node(s)
Step =   4054: nodes = 16892, dt = 1.224943e-10, strain = 4.602617e-03, elapsed = 953.2 sec
[TwinWall] projected 3960 node(s)
Step =   4055: nodes = 16935, dt = 1.469932e-10, strain = 4.603352e-03, elapsed = 954.3 sec
[TwinWall] projected 4018 node(s)
Step =   4056: nodes = 16972, dt = 1.763918e-10, strain = 4.604234e-03, elapsed = 955.4 sec
[TwinWall] projected 4042 node(s)
Step =   4057: nodes = 16995, dt = 2.116702e-10, strain = 4.605292e-03, elapsed = 956.5 sec
[TwinWall] projected 3999 node(s)
Step =   4058: nodes = 17011, dt = 1.270021e-10, strain = 4.605927e-03, elapsed = 958.1 sec
[TwinWall] projected 3952 node(s)
Step =   4059: nodes = 17055, dt = 1.270021e-10, strain = 4.606562e-03, elapsed = 959.2 sec
[TwinWall] projected 3984 node(s)
Step =   4060: nodes = 17076, dt = 1.524025e-10, strain = 4.607324e-03, elapsed = 960.3 sec
[TwinWall] projected 4041 node(s)
Step =   4061: nodes = 17106, dt = 1.828830e-10, strain = 4.608239e-03, elapsed = 961.4 sec
[TwinWall] projected 3960 node(s)
Step =   4062: nodes = 17132, dt = 1.097298e-10, strain = 4.608787e-03, elapsed = 963.0 sec
[TwinWall] projected 3929 node(s)
Step =   4063: nodes = 17125, dt = 1.097298e-10, strain = 4.609336e-03, elapsed = 964.1 sec
[TwinWall] projected 3980 node(s)
Step =   4064: nodes = 17148, dt = 1.316758e-10, strain = 4.609994e-03, elapsed = 965.2 sec
[TwinWall] projected 3964 node(s)
Step =   4065: nodes = 17174, dt = 1.580109e-10, strain = 4.610784e-03, elapsed = 966.3 sec
[TwinWall] projected 4039 node(s)
Step =   4066: nodes = 17197, dt = 1.896131e-10, strain = 4.611733e-03, elapsed = 967.5 sec
[TwinWall] projected 3953 node(s)
Step =   4067: nodes = 17191, dt = 1.137679e-10, strain = 4.612301e-03, elapsed = 969.1 sec
[TwinWall] projected 3944 node(s)
Step =   4068: nodes = 17205, dt = 1.137679e-10, strain = 4.612870e-03, elapsed = 970.2 sec
[TwinWall] projected 4000 node(s)
Step =   4069: nodes = 17221, dt = 1.365215e-10, strain = 4.613553e-03, elapsed = 971.3 sec
[TwinWall] projected 4013 node(s)
Step =   4070: nodes = 17254, dt = 1.638258e-10, strain = 4.614372e-03, elapsed = 972.5 sec
[TwinWall] projected 4070 node(s)
Step =   4071: nodes = 17239, dt = 1.965909e-10, strain = 4.615355e-03, elapsed = 973.6 sec
[TwinWall] projected 3989 node(s)
Step =   4072: nodes = 17250, dt = 1.179545e-10, strain = 4.615945e-03, elapsed = 975.3 sec
[TwinWall] projected 3975 node(s)
Step =   4073: nodes = 17281, dt = 1.179545e-10, strain = 4.616534e-03, elapsed = 976.6 sec
[TwinWall] projected 4030 node(s)
Step =   4074: nodes = 17305, dt = 1.415454e-10, strain = 4.617242e-03, elapsed = 977.7 sec
[TwinWall] projected 4086 node(s)
Step =   4075: nodes = 17309, dt = 1.698545e-10, strain = 4.618091e-03, elapsed = 978.9 sec
[TwinWall] projected 4105 node(s)
Step =   4076: nodes = 17318, dt = 2.038254e-10, strain = 4.619111e-03, elapsed = 980.0 sec
[TwinWall] projected 4028 node(s)
Step =   4077: nodes = 17308, dt = 1.222953e-10, strain = 4.619722e-03, elapsed = 981.7 sec
[TwinWall] projected 4026 node(s)
Step =   4078: nodes = 17317, dt = 1.222953e-10, strain = 4.620334e-03, elapsed = 982.8 sec
[TwinWall] projected 4074 node(s)
Step =   4079: nodes = 17328, dt = 1.467543e-10, strain = 4.621067e-03, elapsed = 983.9 sec
[TwinWall] projected 4114 node(s)
Step =   4080: nodes = 17344, dt = 1.761052e-10, strain = 4.621948e-03, elapsed = 985.0 sec
[TwinWall] projected 4141 node(s)
Step =   4081: nodes = 17362, dt = 2.113262e-10, strain = 4.623004e-03, elapsed = 986.2 sec
[TwinWall] projected 3896 node(s)
Step =   4082: nodes = 17364, dt = 6.339787e-11, strain = 4.623321e-03, elapsed = 988.4 sec
[TwinWall] projected 3887 node(s)
Step =   4083: nodes = 17385, dt = 6.339787e-11, strain = 4.623638e-03, elapsed = 989.5 sec
[TwinWall] projected 3941 node(s)
Step =   4084: nodes = 17397, dt = 7.607744e-11, strain = 4.624019e-03, elapsed = 990.6 sec
[TwinWall] projected 3974 node(s)
Step =   4085: nodes = 17450, dt = 9.129293e-11, strain = 4.624475e-03, elapsed = 991.7 sec
[TwinWall] projected 3993 node(s)
Step =   4086: nodes = 17466, dt = 1.095515e-10, strain = 4.625023e-03, elapsed = 992.9 sec
[TwinWall] projected 4037 node(s)
Step =   4087: nodes = 17510, dt = 1.314618e-10, strain = 4.625680e-03, elapsed = 994.0 sec
[TwinWall] projected 4075 node(s)
Step =   4088: nodes = 17518, dt = 1.577542e-10, strain = 4.626469e-03, elapsed = 995.2 sec
[TwinWall] projected 4168 node(s)
Step =   4089: nodes = 17559, dt = 1.893050e-10, strain = 4.627416e-03, elapsed = 996.4 sec
[TwinWall] projected 4118 node(s)
Step =   4090: nodes = 17581, dt = 1.135830e-10, strain = 4.627984e-03, elapsed = 998.1 sec
[TwinWall] projected 4082 node(s)
Step =   4091: nodes = 17626, dt = 1.135830e-10, strain = 4.628551e-03, elapsed = 999.2 sec
[TwinWall] projected 4087 node(s)
Step =   4092: nodes = 17639, dt = 1.362996e-10, strain = 4.629233e-03, elapsed = 1000.4 sec
[TwinWall] projected 4168 node(s)
Step =   4093: nodes = 17665, dt = 1.635595e-10, strain = 4.630051e-03, elapsed = 1001.6 sec
[TwinWall] projected 4220 node(s)
Step =   4094: nodes = 17675, dt = 1.962714e-10, strain = 4.631032e-03, elapsed = 1002.8 sec
[TwinWall] projected 4138 node(s)
Step =   4095: nodes = 17665, dt = 1.177629e-10, strain = 4.631621e-03, elapsed = 1004.5 sec
[TwinWall] projected 4165 node(s)
Step =   4096: nodes = 17719, dt = 1.177629e-10, strain = 4.632210e-03, elapsed = 1005.6 sec
[TwinWall] projected 4208 node(s)
Step =   4097: nodes = 17723, dt = 1.413154e-10, strain = 4.632916e-03, elapsed = 1006.9 sec
[TwinWall] projected 4202 node(s)
Step =   4098: nodes = 17769, dt = 1.695785e-10, strain = 4.633764e-03, elapsed = 1008.1 sec
[TwinWall] projected 4122 node(s)
Step =   4099: nodes = 17782, dt = 1.017471e-10, strain = 4.634273e-03, elapsed = 1009.8 sec
[TwinWall] projected 4150 node(s)
Step =   4100: nodes = 17802, dt = 1.017471e-10, strain = 4.634782e-03, elapsed = 1011.0 sec
Writing configuration in legacy data format
 Output file: /data/home/dg000246b/openDIS/HomeWork/output_Cu_twin_rorient/config.4100.data
Writing restart file
 Restart file: /data/home/dg000246b/openDIS/HomeWork/output_Cu_twin_rorient/restart.4100.exadis
[TwinWall] projected 4191 node(s)
Step =   4101: nodes = 17813, dt = 1.220965e-10, strain = 4.635392e-03, elapsed = 1012.4 sec
[TwinWall] projected 4211 node(s)
Step =   4102: nodes = 17843, dt = 1.465158e-10, strain = 4.636125e-03, elapsed = 1013.6 sec
[TwinWall] projected 4257 node(s)
Step =   4103: nodes = 17854, dt = 1.758190e-10, strain = 4.637004e-03, elapsed = 1014.8 sec
[TwinWall] projected 4180 node(s)
Step =   4104: nodes = 17844, dt = 1.054914e-10, strain = 4.637531e-03, elapsed = 1016.6 sec
[TwinWall] projected 4220 node(s)
Step =   4105: nodes = 17872, dt = 1.054914e-10, strain = 4.638059e-03, elapsed = 1017.7 sec
[TwinWall] projected 4194 node(s)
Step =   4106: nodes = 17886, dt = 1.265897e-10, strain = 4.638692e-03, elapsed = 1018.9 sec
[TwinWall] projected 4101 node(s)
Step =   4107: nodes = 17919, dt = 7.595381e-11, strain = 4.639071e-03, elapsed = 1020.6 sec
[TwinWall] projected 4054 node(s)
Step =   4108: nodes = 17940, dt = 7.595381e-11, strain = 4.639451e-03, elapsed = 1021.8 sec
[TwinWall] projected 4092 node(s)
Step =   4109: nodes = 17961, dt = 9.114458e-11, strain = 4.639907e-03, elapsed = 1023.0 sec
[TwinWall] projected 4159 node(s)
Step =   4110: nodes = 17970, dt = 1.093735e-10, strain = 4.640454e-03, elapsed = 1024.2 sec
[TwinWall] projected 4194 node(s)
Step =   4111: nodes = 17984, dt = 1.312482e-10, strain = 4.641110e-03, elapsed = 1025.4 sec
[TwinWall] projected 4254 node(s)
Step =   4112: nodes = 18014, dt = 1.574978e-10, strain = 4.641898e-03, elapsed = 1026.7 sec
[TwinWall] projected 4347 node(s)
Step =   4113: nodes = 18040, dt = 1.889974e-10, strain = 4.642843e-03, elapsed = 1027.9 sec
[TwinWall] projected 4266 node(s)
Step =   4114: nodes = 18025, dt = 1.133984e-10, strain = 4.643410e-03, elapsed = 1029.7 sec
[TwinWall] projected 4241 node(s)
Step =   4115: nodes = 18022, dt = 1.133984e-10, strain = 4.643977e-03, elapsed = 1030.9 sec
[TwinWall] projected 4253 node(s)
Step =   4116: nodes = 18046, dt = 1.360781e-10, strain = 4.644657e-03, elapsed = 1032.1 sec
[TwinWall] projected 4347 node(s)
Step =   4117: nodes = 18099, dt = 1.632938e-10, strain = 4.645473e-03, elapsed = 1033.3 sec
[TwinWall] projected 4370 node(s)
Step =   4118: nodes = 18060, dt = 1.959525e-10, strain = 4.646453e-03, elapsed = 1034.6 sec
[TwinWall] projected 4301 node(s)
Step =   4119: nodes = 18048, dt = 1.175715e-10, strain = 4.647041e-03, elapsed = 1036.6 sec
[TwinWall] projected 4269 node(s)
Step =   4120: nodes = 18091, dt = 1.175715e-10, strain = 4.647629e-03, elapsed = 1037.7 sec
[TwinWall] projected 4312 node(s)
Step =   4121: nodes = 18120, dt = 1.410858e-10, strain = 4.648334e-03, elapsed = 1039.0 sec
[TwinWall] projected 4342 node(s)
Step =   4122: nodes = 18136, dt = 1.693030e-10, strain = 4.649181e-03, elapsed = 1040.2 sec
[TwinWall] projected 4400 node(s)
Step =   4123: nodes = 18156, dt = 2.031636e-10, strain = 4.650197e-03, elapsed = 1041.5 sec
[TwinWall] projected 4302 node(s)
Step =   4124: nodes = 18178, dt = 1.218981e-10, strain = 4.650806e-03, elapsed = 1043.3 sec
[TwinWall] projected 4289 node(s)
Step =   4125: nodes = 18183, dt = 1.218981e-10, strain = 4.651416e-03, elapsed = 1044.5 sec
[TwinWall] projected 4335 node(s)
Step =   4126: nodes = 18217, dt = 1.462778e-10, strain = 4.652147e-03, elapsed = 1045.7 sec
[TwinWall] projected 4391 node(s)
Step =   4127: nodes = 18203, dt = 1.755333e-10, strain = 4.653025e-03, elapsed = 1047.0 sec
[TwinWall] projected 4320 node(s)
Step =   4128: nodes = 18214, dt = 1.053200e-10, strain = 4.653551e-03, elapsed = 1048.8 sec
[TwinWall] projected 4223 node(s)
Step =   4129: nodes = 18228, dt = 5.265999e-11, strain = 4.653815e-03, elapsed = 1050.6 sec
[TwinWall] projected 4189 node(s)
Step =   4130: nodes = 18256, dt = 5.265999e-11, strain = 4.654078e-03, elapsed = 1051.7 sec
[TwinWall] projected 4162 node(s)
Step =   4131: nodes = 18273, dt = 6.319199e-11, strain = 4.654394e-03, elapsed = 1053.1 sec
[TwinWall] projected 4243 node(s)
Step =   4132: nodes = 18294, dt = 7.583039e-11, strain = 4.654773e-03, elapsed = 1054.3 sec
[TwinWall] projected 4293 node(s)
Step =   4133: nodes = 18320, dt = 9.099647e-11, strain = 4.655228e-03, elapsed = 1055.4 sec
[TwinWall] projected 4347 node(s)
Step =   4134: nodes = 18367, dt = 1.091958e-10, strain = 4.655774e-03, elapsed = 1056.6 sec
[TwinWall] projected 4359 node(s)
Step =   4135: nodes = 18378, dt = 1.310349e-10, strain = 4.656429e-03, elapsed = 1057.9 sec
[TwinWall] projected 4403 node(s)
Step =   4136: nodes = 18362, dt = 1.572419e-10, strain = 4.657215e-03, elapsed = 1059.1 sec
[TwinWall] projected 4437 node(s)
Step =   4137: nodes = 18364, dt = 1.886903e-10, strain = 4.658159e-03, elapsed = 1060.4 sec
[TwinWall] projected 4341 node(s)
Step =   4138: nodes = 18377, dt = 1.132142e-10, strain = 4.658725e-03, elapsed = 1062.3 sec
[TwinWall] projected 4373 node(s)
Step =   4139: nodes = 18426, dt = 1.132142e-10, strain = 4.659291e-03, elapsed = 1063.5 sec
[TwinWall] projected 4433 node(s)
Step =   4140: nodes = 18462, dt = 1.358570e-10, strain = 4.659970e-03, elapsed = 1064.7 sec
[TwinWall] projected 4470 node(s)
Step =   4141: nodes = 18521, dt = 1.630284e-10, strain = 4.660785e-03, elapsed = 1066.0 sec
[TwinWall] projected 4379 node(s)
Step =   4142: nodes = 18506, dt = 9.781704e-11, strain = 4.661274e-03, elapsed = 1068.0 sec
[TwinWall] projected 4349 node(s)
Step =   4143: nodes = 18549, dt = 9.781704e-11, strain = 4.661764e-03, elapsed = 1069.3 sec
[TwinWall] projected 4398 node(s)
Step =   4144: nodes = 18565, dt = 1.173804e-10, strain = 4.662350e-03, elapsed = 1070.5 sec
[TwinWall] projected 4447 node(s)
Step =   4145: nodes = 18562, dt = 1.408565e-10, strain = 4.663055e-03, elapsed = 1071.8 sec
[TwinWall] projected 4494 node(s)
Step =   4146: nodes = 18620, dt = 1.690278e-10, strain = 4.663900e-03, elapsed = 1073.1 sec
[TwinWall] projected 4429 node(s)
Step =   4147: nodes = 18599, dt = 1.014167e-10, strain = 4.664407e-03, elapsed = 1075.0 sec
[TwinWall] projected 4410 node(s)
Step =   4148: nodes = 18628, dt = 1.014167e-10, strain = 4.664914e-03, elapsed = 1076.2 sec
[TwinWall] projected 4459 node(s)
Step =   4149: nodes = 18667, dt = 1.217000e-10, strain = 4.665523e-03, elapsed = 1077.4 sec
[TwinWall] projected 4472 node(s)
Step =   4150: nodes = 18685, dt = 1.460401e-10, strain = 4.666253e-03, elapsed = 1078.8 sec
[TwinWall] projected 4553 node(s)
Step =   4151: nodes = 18686, dt = 1.752481e-10, strain = 4.667129e-03, elapsed = 1080.1 sec
[TwinWall] projected 4618 node(s)
Step =   4152: nodes = 18675, dt = 2.102977e-10, strain = 4.668180e-03, elapsed = 1081.4 sec
[TwinWall] projected 4525 node(s)
Step =   4153: nodes = 18681, dt = 1.261786e-10, strain = 4.668811e-03, elapsed = 1083.3 sec
[TwinWall] projected 4480 node(s)
Step =   4154: nodes = 18708, dt = 1.261786e-10, strain = 4.669442e-03, elapsed = 1084.5 sec
[TwinWall] projected 4506 node(s)
Step =   4155: nodes = 18723, dt = 1.514143e-10, strain = 4.670199e-03, elapsed = 1085.9 sec
[TwinWall] projected 4583 node(s)
Step =   4156: nodes = 18749, dt = 1.816972e-10, strain = 4.671108e-03, elapsed = 1087.2 sec
[TwinWall] projected 4606 node(s)
Step =   4157: nodes = 18768, dt = 2.180366e-10, strain = 4.672198e-03, elapsed = 1088.5 sec
[TwinWall] projected 4537 node(s)
Step =   4158: nodes = 18772, dt = 1.308220e-10, strain = 4.672852e-03, elapsed = 1090.4 sec
[TwinWall] projected 4519 node(s)
Step =   4159: nodes = 18824, dt = 1.308220e-10, strain = 4.673506e-03, elapsed = 1091.7 sec
[TwinWall] projected 4537 node(s)
Step =   4160: nodes = 18842, dt = 1.569864e-10, strain = 4.674291e-03, elapsed = 1093.0 sec
[TwinWall] projected 4551 node(s)
Step =   4161: nodes = 18882, dt = 1.883837e-10, strain = 4.675233e-03, elapsed = 1094.3 sec
[TwinWall] projected 4602 node(s)
Step =   4162: nodes = 18867, dt = 2.260604e-10, strain = 4.676363e-03, elapsed = 1095.8 sec
[TwinWall] projected 4525 node(s)
Step =   4163: nodes = 18881, dt = 1.356362e-10, strain = 4.677042e-03, elapsed = 1097.8 sec
[TwinWall] projected 4515 node(s)
Step =   4164: nodes = 18933, dt = 1.356362e-10, strain = 4.677720e-03, elapsed = 1099.0 sec
[TwinWall] projected 4568 node(s)
Step =   4165: nodes = 18989, dt = 1.627635e-10, strain = 4.678534e-03, elapsed = 1100.4 sec
[TwinWall] projected 4619 node(s)
Step =   4166: nodes = 19027, dt = 1.953162e-10, strain = 4.679510e-03, elapsed = 1101.7 sec
[TwinWall] projected 4498 node(s)
Step =   4167: nodes = 19012, dt = 1.171897e-10, strain = 4.680096e-03, elapsed = 1103.7 sec
[TwinWall] projected 4502 node(s)
Step =   4168: nodes = 19047, dt = 1.171897e-10, strain = 4.680682e-03, elapsed = 1105.0 sec
[TwinWall] projected 4553 node(s)
Step =   4169: nodes = 19093, dt = 1.406276e-10, strain = 4.681385e-03, elapsed = 1106.3 sec
[TwinWall] projected 4610 node(s)
Step =   4170: nodes = 19153, dt = 1.687532e-10, strain = 4.682229e-03, elapsed = 1107.6 sec
[TwinWall] projected 4492 node(s)
Step =   4171: nodes = 19154, dt = 1.012519e-10, strain = 4.682735e-03, elapsed = 1109.6 sec
[TwinWall] projected 4498 node(s)
Step =   4172: nodes = 19174, dt = 1.012519e-10, strain = 4.683241e-03, elapsed = 1110.9 sec
[TwinWall] projected 4526 node(s)
Step =   4173: nodes = 19204, dt = 1.215023e-10, strain = 4.683849e-03, elapsed = 1112.2 sec
[TwinWall] projected 4560 node(s)
Step =   4174: nodes = 19233, dt = 1.458027e-10, strain = 4.684578e-03, elapsed = 1113.6 sec
[TwinWall] projected 4582 node(s)
Step =   4175: nodes = 19290, dt = 1.749633e-10, strain = 4.685453e-03, elapsed = 1115.0 sec
[TwinWall] projected 4517 node(s)
Step =   4176: nodes = 19256, dt = 1.049780e-10, strain = 4.685978e-03, elapsed = 1117.0 sec
[TwinWall] projected 4504 node(s)
Step =   4177: nodes = 19299, dt = 1.049780e-10, strain = 4.686503e-03, elapsed = 1118.3 sec
[TwinWall] projected 4564 node(s)
Step =   4178: nodes = 19330, dt = 1.259736e-10, strain = 4.687132e-03, elapsed = 1119.6 sec
[TwinWall] projected 4652 node(s)
Step =   4179: nodes = 19349, dt = 1.511683e-10, strain = 4.687888e-03, elapsed = 1121.0 sec
[TwinWall] projected 4661 node(s)
Step =   4180: nodes = 19367, dt = 1.814019e-10, strain = 4.688795e-03, elapsed = 1122.4 sec
[TwinWall] projected 4562 node(s)
Step =   4181: nodes = 19361, dt = 1.088412e-10, strain = 4.689339e-03, elapsed = 1124.4 sec
[TwinWall] projected 4566 node(s)
Step =   4182: nodes = 19402, dt = 1.088412e-10, strain = 4.689884e-03, elapsed = 1125.7 sec
[TwinWall] projected 4602 node(s)
Step =   4183: nodes = 19406, dt = 1.306094e-10, strain = 4.690537e-03, elapsed = 1127.2 sec
[TwinWall] projected 4668 node(s)
Step =   4184: nodes = 19448, dt = 1.567313e-10, strain = 4.691320e-03, elapsed = 1128.6 sec
[TwinWall] projected 4720 node(s)
Step =   4185: nodes = 19437, dt = 1.880775e-10, strain = 4.692261e-03, elapsed = 1130.0 sec
[TwinWall] projected 4619 node(s)
Step =   4186: nodes = 19422, dt = 1.128465e-10, strain = 4.692825e-03, elapsed = 1132.1 sec
[TwinWall] projected 4593 node(s)
Step =   4187: nodes = 19433, dt = 1.128465e-10, strain = 4.693389e-03, elapsed = 1133.4 sec
[TwinWall] projected 4660 node(s)
Step =   4188: nodes = 19447, dt = 1.354158e-10, strain = 4.694066e-03, elapsed = 1134.7 sec
[TwinWall] projected 4626 node(s)
Step =   4189: nodes = 19494, dt = 8.124949e-11, strain = 4.694473e-03, elapsed = 1136.7 sec
[TwinWall] projected 4570 node(s)
Step =   4190: nodes = 19515, dt = 8.124949e-11, strain = 4.694879e-03, elapsed = 1138.1 sec
[TwinWall] projected 4641 node(s)
Step =   4191: nodes = 19573, dt = 9.749939e-11, strain = 4.695366e-03, elapsed = 1139.4 sec
[TwinWall] projected 4620 node(s)
Step =   4192: nodes = 19575, dt = 1.169993e-10, strain = 4.695951e-03, elapsed = 1140.7 sec
[TwinWall] projected 4689 node(s)
Step =   4193: nodes = 19637, dt = 1.403991e-10, strain = 4.696653e-03, elapsed = 1142.1 sec
[TwinWall] projected 4788 node(s)
Step =   4194: nodes = 19680, dt = 1.684789e-10, strain = 4.697496e-03, elapsed = 1143.5 sec
[TwinWall] projected 4672 node(s)
Step =   4195: nodes = 19649, dt = 1.010874e-10, strain = 4.698001e-03, elapsed = 1145.6 sec
[TwinWall] projected 4635 node(s)
Step =   4196: nodes = 19683, dt = 1.010874e-10, strain = 4.698507e-03, elapsed = 1147.0 sec
[TwinWall] projected 4670 node(s)
Step =   4197: nodes = 19695, dt = 1.213048e-10, strain = 4.699113e-03, elapsed = 1148.3 sec
[TwinWall] projected 4703 node(s)
Step =   4198: nodes = 19701, dt = 1.455658e-10, strain = 4.699841e-03, elapsed = 1149.8 sec
[TwinWall] projected 4788 node(s)
Step =   4199: nodes = 19716, dt = 1.746790e-10, strain = 4.700714e-03, elapsed = 1151.2 sec
[TwinWall] projected 4723 node(s)
Step =   4200: nodes = 19711, dt = 1.048074e-10, strain = 4.701238e-03, elapsed = 1153.3 sec
Writing configuration in legacy data format
 Output file: /data/home/dg000246b/openDIS/HomeWork/output_Cu_twin_rorient/config.4200.data
Writing restart file
 Restart file: /data/home/dg000246b/openDIS/HomeWork/output_Cu_twin_rorient/restart.4200.exadis
[TwinWall] projected 4685 node(s)
Step =   4201: nodes = 19756, dt = 1.048074e-10, strain = 4.701762e-03, elapsed = 1154.8 sec
[TwinWall] projected 4720 node(s)
Step =   4202: nodes = 19769, dt = 1.257689e-10, strain = 4.702391e-03, elapsed = 1156.5 sec
[TwinWall] projected 4770 node(s)
Step =   4203: nodes = 19822, dt = 1.509226e-10, strain = 4.703146e-03, elapsed = 1158.0 sec
[TwinWall] projected 4803 node(s)
Step =   4204: nodes = 19819, dt = 1.811072e-10, strain = 4.704051e-03, elapsed = 1159.4 sec
[TwinWall] projected 4685 node(s)
Step =   4205: nodes = 19833, dt = 1.086643e-10, strain = 4.704595e-03, elapsed = 1161.5 sec
[TwinWall] projected 4705 node(s)
Step =   4206: nodes = 19852, dt = 1.086643e-10, strain = 4.705138e-03, elapsed = 1162.9 sec
[TwinWall] projected 4732 node(s)
Step =   4207: nodes = 19867, dt = 1.303972e-10, strain = 4.705790e-03, elapsed = 1164.3 sec
[TwinWall] projected 4823 node(s)
Step =   4208: nodes = 19891, dt = 1.564766e-10, strain = 4.706572e-03, elapsed = 1165.7 sec
[TwinWall] projected 4849 node(s)
Step =   4209: nodes = 19913, dt = 1.877719e-10, strain = 4.707511e-03, elapsed = 1167.2 sec
[TwinWall] projected 4766 node(s)
Step =   4210: nodes = 19932, dt = 1.126631e-10, strain = 4.708075e-03, elapsed = 1169.3 sec
[TwinWall] projected 4782 node(s)
Step =   4211: nodes = 19999, dt = 1.126631e-10, strain = 4.708638e-03, elapsed = 1170.6 sec
[TwinWall] projected 4822 node(s)
Step =   4212: nodes = 20017, dt = 1.351958e-10, strain = 4.709314e-03, elapsed = 1172.1 sec
[TwinWall] projected 4859 node(s)
Step =   4213: nodes = 20047, dt = 1.622349e-10, strain = 4.710125e-03, elapsed = 1173.6 sec
[TwinWall] projected 4786 node(s)
Step =   4214: nodes = 20066, dt = 9.734095e-11, strain = 4.710612e-03, elapsed = 1175.7 sec
[TwinWall] projected 4841 node(s)
Step =   4215: nodes = 20099, dt = 9.734095e-11, strain = 4.711098e-03, elapsed = 1177.0 sec
[TwinWall] projected 4865 node(s)
Step =   4216: nodes = 20145, dt = 1.168091e-10, strain = 4.711682e-03, elapsed = 1178.4 sec
[TwinWall] projected 4869 node(s)
Step =   4217: nodes = 20150, dt = 1.401710e-10, strain = 4.712383e-03, elapsed = 1179.9 sec
[TwinWall] projected 4889 node(s)
Step =   4218: nodes = 20136, dt = 1.682052e-10, strain = 4.713224e-03, elapsed = 1181.4 sec
[TwinWall] projected 4950 node(s)
Step =   4219: nodes = 20128, dt = 2.018462e-10, strain = 4.714234e-03, elapsed = 1182.9 sec
[TwinWall] projected 4919 node(s)
Step =   4220: nodes = 20111, dt = 1.211077e-10, strain = 4.714839e-03, elapsed = 1185.0 sec
[TwinWall] projected 4874 node(s)
Step =   4221: nodes = 20147, dt = 1.211077e-10, strain = 4.715445e-03, elapsed = 1186.6 sec
[TwinWall] projected 4907 node(s)
Step =   4222: nodes = 20123, dt = 1.453293e-10, strain = 4.716171e-03, elapsed = 1188.1 sec
[TwinWall] projected 4951 node(s)
Step =   4223: nodes = 20165, dt = 1.743951e-10, strain = 4.717043e-03, elapsed = 1189.5 sec
[TwinWall] projected 4848 node(s)
Step =   4224: nodes = 20146, dt = 1.046371e-10, strain = 4.717566e-03, elapsed = 1191.7 sec
[TwinWall] projected 4801 node(s)
Step =   4225: nodes = 20139, dt = 1.046371e-10, strain = 4.718090e-03, elapsed = 1193.1 sec
[TwinWall] projected 4851 node(s)
Step =   4226: nodes = 20175, dt = 1.255645e-10, strain = 4.718717e-03, elapsed = 1194.5 sec
[TwinWall] projected 4913 node(s)
Step =   4227: nodes = 20187, dt = 1.506774e-10, strain = 4.719471e-03, elapsed = 1196.0 sec
[TwinWall] projected 4977 node(s)
Step =   4228: nodes = 20187, dt = 1.808129e-10, strain = 4.720375e-03, elapsed = 1197.5 sec
[TwinWall] projected 4937 node(s)
Step =   4229: nodes = 20213, dt = 1.084877e-10, strain = 4.720917e-03, elapsed = 1199.6 sec
[TwinWall] projected 4869 node(s)
Step =   4230: nodes = 20226, dt = 1.084877e-10, strain = 4.721460e-03, elapsed = 1201.0 sec
[TwinWall] projected 4950 node(s)
Step =   4231: nodes = 20292, dt = 1.301853e-10, strain = 4.722111e-03, elapsed = 1202.4 sec
[TwinWall] projected 5020 node(s)
Step =   4232: nodes = 20341, dt = 1.562223e-10, strain = 4.722892e-03, elapsed = 1203.9 sec
[TwinWall] projected 5033 node(s)
Step =   4233: nodes = 20311, dt = 1.874668e-10, strain = 4.723829e-03, elapsed = 1205.4 sec
[TwinWall] projected 4933 node(s)
Step =   4234: nodes = 20285, dt = 1.124801e-10, strain = 4.724392e-03, elapsed = 1207.6 sec
[TwinWall] projected 4922 node(s)
Step =   4235: nodes = 20304, dt = 1.124801e-10, strain = 4.724954e-03, elapsed = 1209.0 sec
[TwinWall] projected 4936 node(s)
Step =   4236: nodes = 20319, dt = 1.349761e-10, strain = 4.725629e-03, elapsed = 1210.4 sec
[TwinWall] projected 5043 node(s)
Step =   4237: nodes = 20380, dt = 1.619713e-10, strain = 4.726439e-03, elapsed = 1211.9 sec
[TwinWall] projected 5053 node(s)
Step =   4238: nodes = 20373, dt = 1.943656e-10, strain = 4.727411e-03, elapsed = 1213.4 sec
[TwinWall] projected 4956 node(s)
Step =   4239: nodes = 20376, dt = 1.166193e-10, strain = 4.727994e-03, elapsed = 1215.6 sec
[TwinWall] projected 4943 node(s)
Step =   4240: nodes = 20405, dt = 1.166193e-10, strain = 4.728577e-03, elapsed = 1217.2 sec
[TwinWall] projected 5012 node(s)
Step =   4241: nodes = 20456, dt = 1.399432e-10, strain = 4.729276e-03, elapsed = 1218.7 sec
[TwinWall] projected 5088 node(s)
Step =   4242: nodes = 20504, dt = 1.679318e-10, strain = 4.730116e-03, elapsed = 1220.2 sec
[TwinWall] projected 5154 node(s)
Step =   4243: nodes = 20521, dt = 2.015182e-10, strain = 4.731124e-03, elapsed = 1221.7 sec
[TwinWall] projected 5058 node(s)
Step =   4244: nodes = 20560, dt = 1.209109e-10, strain = 4.731728e-03, elapsed = 1223.8 sec
[TwinWall] projected 5025 node(s)
Step =   4245: nodes = 20546, dt = 1.209109e-10, strain = 4.732333e-03, elapsed = 1225.3 sec
[TwinWall] projected 5083 node(s)
Step =   4246: nodes = 20617, dt = 1.450931e-10, strain = 4.733058e-03, elapsed = 1226.8 sec
[TwinWall] projected 5133 node(s)
Step =   4247: nodes = 20635, dt = 1.741117e-10, strain = 4.733929e-03, elapsed = 1228.3 sec
[TwinWall] projected 5199 node(s)
Step =   4248: nodes = 20680, dt = 2.089341e-10, strain = 4.734974e-03, elapsed = 1229.8 sec
[TwinWall] projected 5132 node(s)
Step =   4249: nodes = 20646, dt = 1.253604e-10, strain = 4.735600e-03, elapsed = 1232.0 sec
[TwinWall] projected 5057 node(s)
Step =   4250: nodes = 20661, dt = 1.253604e-10, strain = 4.736227e-03, elapsed = 1233.6 sec
[TwinWall] projected 5082 node(s)
Step =   4251: nodes = 20676, dt = 1.504325e-10, strain = 4.736979e-03, elapsed = 1235.1 sec
[TwinWall] projected 5131 node(s)
Step =   4252: nodes = 20695, dt = 1.805190e-10, strain = 4.737882e-03, elapsed = 1236.7 sec
[TwinWall] projected 5065 node(s)
Step =   4253: nodes = 20725, dt = 1.083114e-10, strain = 4.738423e-03, elapsed = 1238.9 sec
[TwinWall] projected 5037 node(s)
Step =   4254: nodes = 20756, dt = 1.083114e-10, strain = 4.738965e-03, elapsed = 1240.3 sec
[TwinWall] projected 5071 node(s)
Step =   4255: nodes = 20781, dt = 1.299737e-10, strain = 4.739615e-03, elapsed = 1241.8 sec
[TwinWall] projected 5114 node(s)
Step =   4256: nodes = 20792, dt = 1.559684e-10, strain = 4.740395e-03, elapsed = 1243.4 sec
[TwinWall] projected 5186 node(s)
Step =   4257: nodes = 20797, dt = 1.871621e-10, strain = 4.741331e-03, elapsed = 1244.9 sec
[TwinWall] projected 5253 node(s)
Step =   4258: nodes = 20852, dt = 2.245946e-10, strain = 4.742453e-03, elapsed = 1246.8 sec
[TwinWall] projected 5158 node(s)
Step =   4259: nodes = 20864, dt = 1.347567e-10, strain = 4.743127e-03, elapsed = 1249.1 sec
[TwinWall] projected 5186 node(s)
Step =   4260: nodes = 20894, dt = 1.347567e-10, strain = 4.743801e-03, elapsed = 1250.6 sec
[TwinWall] projected 5189 node(s)
Step =   4261: nodes = 20953, dt = 1.617081e-10, strain = 4.744610e-03, elapsed = 1252.1 sec
[TwinWall] projected 5072 node(s)
Step =   4262: nodes = 20955, dt = 9.702485e-11, strain = 4.745095e-03, elapsed = 1254.3 sec
[TwinWall] projected 5062 node(s)
Step =   4263: nodes = 21018, dt = 9.702485e-11, strain = 4.745580e-03, elapsed = 1255.8 sec
[TwinWall] projected 5082 node(s)
Step =   4264: nodes = 21053, dt = 1.164298e-10, strain = 4.746162e-03, elapsed = 1257.3 sec
[TwinWall] projected 5152 node(s)
Step =   4265: nodes = 21071, dt = 1.397158e-10, strain = 4.746861e-03, elapsed = 1258.9 sec
[TwinWall] projected 5232 node(s)
Step =   4266: nodes = 21140, dt = 1.676589e-10, strain = 4.747699e-03, elapsed = 1260.4 sec
[TwinWall] projected 5312 node(s)
Step =   4267: nodes = 21147, dt = 2.011907e-10, strain = 4.748705e-03, elapsed = 1262.0 sec
[TwinWall] projected 5204 node(s)
Step =   4268: nodes = 21133, dt = 1.207144e-10, strain = 4.749308e-03, elapsed = 1264.5 sec
[TwinWall] projected 5211 node(s)
Step =   4269: nodes = 21162, dt = 1.207144e-10, strain = 4.749912e-03, elapsed = 1265.9 sec
[TwinWall] projected 5221 node(s)
Step =   4270: nodes = 21227, dt = 1.448573e-10, strain = 4.750636e-03, elapsed = 1267.5 sec
[TwinWall] projected 5278 node(s)
Step =   4271: nodes = 21272, dt = 1.738288e-10, strain = 4.751505e-03, elapsed = 1269.1 sec
[TwinWall] projected 5347 node(s)
Step =   4272: nodes = 21257, dt = 2.085946e-10, strain = 4.752548e-03, elapsed = 1270.7 sec
[TwinWall] projected 5136 node(s)
Step =   4273: nodes = 21259, dt = 6.257837e-11, strain = 4.752861e-03, elapsed = 1273.7 sec
[TwinWall] projected 5042 node(s)
Step =   4274: nodes = 21287, dt = 6.257837e-11, strain = 4.753174e-03, elapsed = 1275.2 sec
[TwinWall] projected 5042 node(s)
Step =   4275: nodes = 21311, dt = 7.509404e-11, strain = 4.753550e-03, elapsed = 1276.9 sec
[TwinWall] projected 5093 node(s)
Step =   4276: nodes = 21335, dt = 9.011285e-11, strain = 4.754000e-03, elapsed = 1278.4 sec
[TwinWall] projected 5154 node(s)
Step =   4277: nodes = 21338, dt = 1.081354e-10, strain = 4.754541e-03, elapsed = 1280.0 sec
[TwinWall] projected 5226 node(s)
Step =   4278: nodes = 21373, dt = 1.297625e-10, strain = 4.755190e-03, elapsed = 1281.6 sec
[TwinWall] projected 5109 node(s)
Step =   4279: nodes = 21393, dt = 7.785750e-11, strain = 4.755579e-03, elapsed = 1283.8 sec
[TwinWall] projected 5099 node(s)
Step =   4280: nodes = 21424, dt = 7.785750e-11, strain = 4.755968e-03, elapsed = 1285.3 sec
[TwinWall] projected 5158 node(s)
Step =   4281: nodes = 21424, dt = 9.342900e-11, strain = 4.756435e-03, elapsed = 1286.9 sec
[TwinWall] projected 5209 node(s)
Step =   4282: nodes = 21443, dt = 1.121148e-10, strain = 4.756996e-03, elapsed = 1288.5 sec
[TwinWall] projected 5229 node(s)
Step =   4283: nodes = 21460, dt = 1.345378e-10, strain = 4.757669e-03, elapsed = 1290.1 sec
[TwinWall] projected 5323 node(s)
Step =   4284: nodes = 21449, dt = 1.614453e-10, strain = 4.758476e-03, elapsed = 1291.7 sec
[TwinWall] projected 5363 node(s)
Step =   4285: nodes = 21512, dt = 1.937344e-10, strain = 4.759445e-03, elapsed = 1293.3 sec
[TwinWall] projected 5321 node(s)
Step =   4286: nodes = 21490, dt = 1.162406e-10, strain = 4.760026e-03, elapsed = 1295.7 sec
[TwinWall] projected 5278 node(s)
Step =   4287: nodes = 21523, dt = 1.162406e-10, strain = 4.760607e-03, elapsed = 1297.3 sec
[TwinWall] projected 5348 node(s)
Step =   4288: nodes = 21588, dt = 1.394887e-10, strain = 4.761304e-03, elapsed = 1298.9 sec
[TwinWall] projected 5352 node(s)
Step =   4289: nodes = 21600, dt = 1.673865e-10, strain = 4.762141e-03, elapsed = 1300.5 sec
[TwinWall] projected 5488 node(s)
Step =   4290: nodes = 21624, dt = 2.008638e-10, strain = 4.763146e-03, elapsed = 1302.1 sec
[TwinWall] projected 5390 node(s)
Step =   4291: nodes = 21629, dt = 1.205183e-10, strain = 4.763748e-03, elapsed = 1304.5 sec
[TwinWall] projected 5346 node(s)
Step =   4292: nodes = 21646, dt = 1.205183e-10, strain = 4.764351e-03, elapsed = 1306.1 sec
[TwinWall] projected 5395 node(s)
Step =   4293: nodes = 21669, dt = 1.446219e-10, strain = 4.765074e-03, elapsed = 1307.8 sec
[TwinWall] projected 5443 node(s)
Step =   4294: nodes = 21707, dt = 1.735463e-10, strain = 4.765942e-03, elapsed = 1309.4 sec
[TwinWall] projected 5330 node(s)
Step =   4295: nodes = 21687, dt = 1.041278e-10, strain = 4.766462e-03, elapsed = 1311.7 sec
[TwinWall] projected 5313 node(s)
Step =   4296: nodes = 21717, dt = 1.041278e-10, strain = 4.766983e-03, elapsed = 1313.3 sec
[TwinWall] projected 5344 node(s)
Step =   4297: nodes = 21734, dt = 1.249534e-10, strain = 4.767608e-03, elapsed = 1314.9 sec
[TwinWall] projected 5428 node(s)
Step =   4298: nodes = 21728, dt = 1.499440e-10, strain = 4.768357e-03, elapsed = 1316.6 sec
[TwinWall] projected 5480 node(s)
Step =   4299: nodes = 21732, dt = 1.799328e-10, strain = 4.769257e-03, elapsed = 1318.3 sec
[TwinWall] projected 5378 node(s)
Step =   4300: nodes = 21746, dt = 1.079597e-10, strain = 4.769797e-03, elapsed = 1320.6 sec
Writing configuration in legacy data format
 Output file: /data/home/dg000246b/openDIS/HomeWork/output_Cu_twin_rorient/config.4300.data
Writing restart file
 Restart file: /data/home/dg000246b/openDIS/HomeWork/output_Cu_twin_rorient/restart.4300.exadis
[TwinWall] projected 5327 node(s)
Step =   4301: nodes = 21765, dt = 1.079597e-10, strain = 4.770337e-03, elapsed = 1322.5 sec
[TwinWall] projected 5363 node(s)
Step =   4302: nodes = 21794, dt = 1.295516e-10, strain = 4.770984e-03, elapsed = 1324.1 sec
[TwinWall] projected 5442 node(s)
Step =   4303: nodes = 21784, dt = 1.554620e-10, strain = 4.771762e-03, elapsed = 1325.7 sec
[TwinWall] projected 5268 node(s)
Step =   4304: nodes = 21793, dt = 9.327718e-11, strain = 4.772228e-03, elapsed = 1328.1 sec
[TwinWall] projected 5247 node(s)
Step =   4305: nodes = 21842, dt = 9.327718e-11, strain = 4.772695e-03, elapsed = 1329.6 sec
[TwinWall] projected 5300 node(s)
Step =   4306: nodes = 21879, dt = 1.119326e-10, strain = 4.773254e-03, elapsed = 1331.2 sec
[TwinWall] projected 5329 node(s)
Step =   4307: nodes = 21900, dt = 1.343191e-10, strain = 4.773926e-03, elapsed = 1332.9 sec
[TwinWall] projected 5430 node(s)
Step =   4308: nodes = 21907, dt = 1.611830e-10, strain = 4.774732e-03, elapsed = 1334.5 sec
[TwinWall] projected 5494 node(s)
Step =   4309: nodes = 21914, dt = 1.934196e-10, strain = 4.775699e-03, elapsed = 1336.1 sec
[TwinWall] projected 5386 node(s)
Step =   4310: nodes = 21910, dt = 1.160517e-10, strain = 4.776279e-03, elapsed = 1338.8 sec
[TwinWall] projected 5336 node(s)
Step =   4311: nodes = 21923, dt = 1.160517e-10, strain = 4.776859e-03, elapsed = 1340.4 sec
[TwinWall] projected 5414 node(s)
Step =   4312: nodes = 21954, dt = 1.392621e-10, strain = 4.777556e-03, elapsed = 1342.0 sec
[TwinWall] projected 5458 node(s)
Step =   4313: nodes = 21992, dt = 1.671145e-10, strain = 4.778391e-03, elapsed = 1343.7 sec
[TwinWall] projected 5419 node(s)
Step =   4314: nodes = 22026, dt = 1.002687e-10, strain = 4.778893e-03, elapsed = 1346.1 sec
[TwinWall] projected 5349 node(s)
Step =   4315: nodes = 22064, dt = 1.002687e-10, strain = 4.779394e-03, elapsed = 1347.7 sec
[TwinWall] projected 5390 node(s)
Step =   4316: nodes = 22109, dt = 1.203224e-10, strain = 4.779996e-03, elapsed = 1349.3 sec
[TwinWall] projected 5437 node(s)
Step =   4317: nodes = 22110, dt = 1.443869e-10, strain = 4.780717e-03, elapsed = 1351.0 sec
[TwinWall] projected 5528 node(s)
Step =   4318: nodes = 22121, dt = 1.732643e-10, strain = 4.781584e-03, elapsed = 1352.7 sec
[TwinWall] projected 5426 node(s)
Step =   4319: nodes = 22162, dt = 1.039586e-10, strain = 4.782104e-03, elapsed = 1355.1 sec
[TwinWall] projected 5418 node(s)
Step =   4320: nodes = 22192, dt = 1.039586e-10, strain = 4.782623e-03, elapsed = 1356.8 sec
[TwinWall] projected 5463 node(s)
Step =   4321: nodes = 22218, dt = 1.247503e-10, strain = 4.783247e-03, elapsed = 1358.4 sec
[TwinWall] projected 5559 node(s)
Step =   4322: nodes = 22263, dt = 1.497004e-10, strain = 4.783996e-03, elapsed = 1360.0 sec
[TwinWall] projected 5593 node(s)
Step =   4323: nodes = 22302, dt = 1.796404e-10, strain = 4.784894e-03, elapsed = 1361.7 sec
[TwinWall] projected 5551 node(s)
Step =   4324: nodes = 22281, dt = 1.077843e-10, strain = 4.785433e-03, elapsed = 1364.2 sec
[TwinWall] projected 5492 node(s)
Step =   4325: nodes = 22298, dt = 1.077843e-10, strain = 4.785972e-03, elapsed = 1365.8 sec
[TwinWall] projected 5558 node(s)
Step =   4326: nodes = 22314, dt = 1.293411e-10, strain = 4.786618e-03, elapsed = 1367.7 sec
[TwinWall] projected 5439 node(s)
Step =   4327: nodes = 22318, dt = 7.760467e-11, strain = 4.787006e-03, elapsed = 1370.1 sec
[TwinWall] projected 5470 node(s)
Step =   4328: nodes = 22359, dt = 7.760467e-11, strain = 4.787394e-03, elapsed = 1371.7 sec
[TwinWall] projected 5509 node(s)
Step =   4329: nodes = 22412, dt = 9.312560e-11, strain = 4.787860e-03, elapsed = 1373.3 sec
[TwinWall] projected 5508 node(s)
Step =   4330: nodes = 22470, dt = 1.117507e-10, strain = 4.788419e-03, elapsed = 1374.9 sec
[TwinWall] projected 5598 node(s)
Step =   4331: nodes = 22488, dt = 1.341009e-10, strain = 4.789089e-03, elapsed = 1376.6 sec
[TwinWall] projected 5685 node(s)
Step =   4332: nodes = 22537, dt = 1.609210e-10, strain = 4.789894e-03, elapsed = 1378.3 sec
[TwinWall] projected 5734 node(s)
Step =   4333: nodes = 22558, dt = 1.931052e-10, strain = 4.790859e-03, elapsed = 1380.0 sec
[TwinWall] projected 5623 node(s)
Step =   4334: nodes = 22563, dt = 1.158631e-10, strain = 4.791439e-03, elapsed = 1382.6 sec
[TwinWall] projected 5604 node(s)
Step =   4335: nodes = 22593, dt = 1.158631e-10, strain = 4.792018e-03, elapsed = 1384.3 sec
[TwinWall] projected 5668 node(s)
Step =   4336: nodes = 22681, dt = 1.390358e-10, strain = 4.792713e-03, elapsed = 1385.9 sec
[TwinWall] projected 5693 node(s)
Step =   4337: nodes = 22669, dt = 1.668429e-10, strain = 4.793547e-03, elapsed = 1387.7 sec
[TwinWall] projected 5568 node(s)
Step =   4338: nodes = 22702, dt = 1.001058e-10, strain = 4.794048e-03, elapsed = 1390.1 sec
[TwinWall] projected 5621 node(s)
Step =   4339: nodes = 22700, dt = 1.001058e-10, strain = 4.794549e-03, elapsed = 1391.8 sec
[TwinWall] projected 5620 node(s)
Step =   4340: nodes = 22731, dt = 1.201269e-10, strain = 4.795149e-03, elapsed = 1393.5 sec
[TwinWall] projected 5689 node(s)
Step =   4341: nodes = 22790, dt = 1.441523e-10, strain = 4.795870e-03, elapsed = 1395.2 sec
[TwinWall] projected 5729 node(s)
Step =   4342: nodes = 22817, dt = 1.729828e-10, strain = 4.796735e-03, elapsed = 1397.1 sec
[TwinWall] projected 5619 node(s)
Step =   4343: nodes = 22817, dt = 1.037897e-10, strain = 4.797254e-03, elapsed = 1399.7 sec
[TwinWall] projected 5647 node(s)
Step =   4344: nodes = 22879, dt = 1.037897e-10, strain = 4.797773e-03, elapsed = 1401.4 sec
[TwinWall] projected 5669 node(s)
Step =   4345: nodes = 22890, dt = 1.245476e-10, strain = 4.798395e-03, elapsed = 1403.1 sec
[TwinWall] projected 5743 node(s)
Step =   4346: nodes = 22951, dt = 1.494571e-10, strain = 4.799143e-03, elapsed = 1404.9 sec
[TwinWall] projected 5814 node(s)
Step =   4347: nodes = 22987, dt = 1.793485e-10, strain = 4.800039e-03, elapsed = 1406.6 sec
[TwinWall] projected 5800 node(s)
Step =   4348: nodes = 23049, dt = 1.076091e-10, strain = 4.800578e-03, elapsed = 1409.2 sec
[TwinWall] projected 5682 node(s)
Step =   4349: nodes = 23046, dt = 1.076091e-10, strain = 4.801116e-03, elapsed = 1410.9 sec
[TwinWall] projected 5737 node(s)
Step =   4350: nodes = 23031, dt = 1.291309e-10, strain = 4.801761e-03, elapsed = 1412.8 sec
[TwinWall] projected 5775 node(s)
Step =   4351: nodes = 23052, dt = 1.549571e-10, strain = 4.802536e-03, elapsed = 1414.5 sec
[TwinWall] projected 5838 node(s)
Step =   4352: nodes = 23114, dt = 1.859485e-10, strain = 4.803466e-03, elapsed = 1416.3 sec
[TwinWall] projected 5754 node(s)
Step =   4353: nodes = 23098, dt = 1.115691e-10, strain = 4.804024e-03, elapsed = 1418.9 sec
[TwinWall] projected 5734 node(s)
Step =   4354: nodes = 23143, dt = 1.115691e-10, strain = 4.804581e-03, elapsed = 1420.7 sec
[TwinWall] projected 5795 node(s)
Step =   4355: nodes = 23187, dt = 1.338830e-10, strain = 4.805251e-03, elapsed = 1422.4 sec
[TwinWall] projected 5825 node(s)
Step =   4356: nodes = 23225, dt = 1.606595e-10, strain = 4.806054e-03, elapsed = 1424.2 sec
[TwinWall] projected 5722 node(s)
Step =   4357: nodes = 23222, dt = 9.639573e-11, strain = 4.806536e-03, elapsed = 1427.3 sec
[TwinWall] projected 5696 node(s)
Step =   4358: nodes = 23263, dt = 9.639573e-11, strain = 4.807018e-03, elapsed = 1429.0 sec
[TwinWall] projected 5717 node(s)
Step =   4359: nodes = 23269, dt = 1.156749e-10, strain = 4.807596e-03, elapsed = 1430.8 sec
[TwinWall] projected 5816 node(s)
Step =   4360: nodes = 23315, dt = 1.388098e-10, strain = 4.808291e-03, elapsed = 1432.5 sec
[TwinWall] projected 5859 node(s)
Step =   4361: nodes = 23340, dt = 1.665718e-10, strain = 4.809123e-03, elapsed = 1434.3 sec
[TwinWall] projected 5708 node(s)
Step =   4362: nodes = 23282, dt = 9.994309e-11, strain = 4.809623e-03, elapsed = 1437.0 sec
[TwinWall] projected 5695 node(s)
Step =   4363: nodes = 23324, dt = 9.994309e-11, strain = 4.810123e-03, elapsed = 1438.8 sec
[TwinWall] projected 5743 node(s)
Step =   4364: nodes = 23305, dt = 1.199317e-10, strain = 4.810722e-03, elapsed = 1440.6 sec
[TwinWall] projected 5841 node(s)
Step =   4365: nodes = 23348, dt = 1.439180e-10, strain = 4.811442e-03, elapsed = 1442.4 sec
[TwinWall] projected 5715 node(s)
Step =   4366: nodes = 23349, dt = 8.635083e-11, strain = 4.811874e-03, elapsed = 1445.1 sec
[TwinWall] projected 5643 node(s)
Step =   4367: nodes = 23374, dt = 8.635083e-11, strain = 4.812306e-03, elapsed = 1446.9 sec
[TwinWall] projected 5724 node(s)
Step =   4368: nodes = 23398, dt = 1.036210e-10, strain = 4.812824e-03, elapsed = 1448.7 sec
[TwinWall] projected 5750 node(s)
Step =   4369: nodes = 23410, dt = 1.243452e-10, strain = 4.813445e-03, elapsed = 1450.5 sec
[TwinWall] projected 5825 node(s)
Step =   4370: nodes = 23423, dt = 1.492142e-10, strain = 4.814191e-03, elapsed = 1452.3 sec
[TwinWall] projected 5923 node(s)
Step =   4371: nodes = 23457, dt = 1.790571e-10, strain = 4.815087e-03, elapsed = 1454.2 sec
[TwinWall] projected 5843 node(s)
Step =   4372: nodes = 23462, dt = 1.074342e-10, strain = 4.815624e-03, elapsed = 1457.1 sec
[TwinWall] projected 5800 node(s)
Step =   4373: nodes = 23509, dt = 1.074342e-10, strain = 4.816161e-03, elapsed = 1458.9 sec
[TwinWall] projected 5820 node(s)
Step =   4374: nodes = 23531, dt = 1.289211e-10, strain = 4.816806e-03, elapsed = 1460.8 sec
[TwinWall] projected 5910 node(s)
Step =   4375: nodes = 23556, dt = 1.547053e-10, strain = 4.817579e-03, elapsed = 1462.6 sec
[TwinWall] projected 5974 node(s)
Step =   4376: nodes = 23615, dt = 1.856464e-10, strain = 4.818507e-03, elapsed = 1464.5 sec
[TwinWall] projected 5820 node(s)
Step =   4377: nodes = 23596, dt = 1.113878e-10, strain = 4.819064e-03, elapsed = 1467.2 sec
[TwinWall] projected 5815 node(s)
Step =   4378: nodes = 23616, dt = 1.113878e-10, strain = 4.819621e-03, elapsed = 1469.0 sec
[TwinWall] projected 5860 node(s)
Step =   4379: nodes = 23660, dt = 1.336654e-10, strain = 4.820290e-03, elapsed = 1470.8 sec
[TwinWall] projected 5901 node(s)
Step =   4380: nodes = 23707, dt = 1.603985e-10, strain = 4.821092e-03, elapsed = 1472.7 sec
[TwinWall] projected 5978 node(s)
Step =   4381: nodes = 23721, dt = 1.924782e-10, strain = 4.822054e-03, elapsed = 1474.6 sec
[TwinWall] projected 5849 node(s)
Step =   4382: nodes = 23698, dt = 1.154869e-10, strain = 4.822632e-03, elapsed = 1477.5 sec
[TwinWall] projected 5855 node(s)
Step =   4383: nodes = 23735, dt = 1.154869e-10, strain = 4.823209e-03, elapsed = 1479.3 sec
[TwinWall] projected 5864 node(s)
Step =   4384: nodes = 23753, dt = 1.385843e-10, strain = 4.823902e-03, elapsed = 1481.2 sec
[TwinWall] projected 5973 node(s)
Step =   4385: nodes = 23795, dt = 1.663011e-10, strain = 4.824733e-03, elapsed = 1483.1 sec
[TwinWall] projected 5839 node(s)
Step =   4386: nodes = 23819, dt = 9.978068e-11, strain = 4.825232e-03, elapsed = 1485.9 sec
[TwinWall] projected 5818 node(s)
Step =   4387: nodes = 23803, dt = 9.978068e-11, strain = 4.825731e-03, elapsed = 1487.9 sec
[TwinWall] projected 5856 node(s)
Step =   4388: nodes = 23857, dt = 1.197368e-10, strain = 4.826330e-03, elapsed = 1489.8 sec
[TwinWall] projected 5937 node(s)
Step =   4389: nodes = 23888, dt = 1.436842e-10, strain = 4.827048e-03, elapsed = 1491.6 sec
[TwinWall] projected 6029 node(s)
Step =   4390: nodes = 23951, dt = 1.724210e-10, strain = 4.827910e-03, elapsed = 1493.6 sec
[TwinWall] projected 5914 node(s)
Step =   4391: nodes = 23948, dt = 1.034526e-10, strain = 4.828428e-03, elapsed = 1496.3 sec
[TwinWall] projected 5860 node(s)
Step =   4392: nodes = 23968, dt = 1.034526e-10, strain = 4.828945e-03, elapsed = 1498.3 sec
[TwinWall] projected 5898 node(s)
Step =   4393: nodes = 24006, dt = 1.241431e-10, strain = 4.829566e-03, elapsed = 1500.2 sec
[TwinWall] projected 5951 node(s)
Step =   4394: nodes = 23974, dt = 1.489718e-10, strain = 4.830310e-03, elapsed = 1502.2 sec
[TwinWall] projected 5902 node(s)
Step =   4395: nodes = 24011, dt = 8.938306e-11, strain = 4.830757e-03, elapsed = 1505.0 sec
[TwinWall] projected 5873 node(s)
Step =   4396: nodes = 24030, dt = 8.938306e-11, strain = 4.831204e-03, elapsed = 1506.8 sec
[TwinWall] projected 5955 node(s)
Step =   4397: nodes = 24076, dt = 1.072597e-10, strain = 4.831741e-03, elapsed = 1508.7 sec
[TwinWall] projected 5977 node(s)
Step =   4398: nodes = 24103, dt = 1.287116e-10, strain = 4.832384e-03, elapsed = 1510.5 sec
[TwinWall] projected 6034 node(s)
Step =   4399: nodes = 24068, dt = 1.544539e-10, strain = 4.833156e-03, elapsed = 1512.5 sec
[TwinWall] projected 5921 node(s)
Step =   4400: nodes = 24067, dt = 9.267235e-11, strain = 4.833620e-03, elapsed = 1515.4 sec
Writing configuration in legacy data format
 Output file: /data/home/dg000246b/openDIS/HomeWork/output_Cu_twin_rorient/config.4400.data
Writing restart file
 Restart file: /data/home/dg000246b/openDIS/HomeWork/output_Cu_twin_rorient/restart.4400.exadis
[TwinWall] projected 5892 node(s)
Step =   4401: nodes = 24086, dt = 9.267235e-11, strain = 4.834083e-03, elapsed = 1517.8 sec
[TwinWall] projected 5955 node(s)
Step =   4402: nodes = 24121, dt = 1.112068e-10, strain = 4.834639e-03, elapsed = 1519.7 sec
[TwinWall] projected 6003 node(s)
Step =   4403: nodes = 24142, dt = 1.334482e-10, strain = 4.835306e-03, elapsed = 1521.6 sec
[TwinWall] projected 5913 node(s)
Step =   4404: nodes = 24158, dt = 8.006891e-11, strain = 4.835707e-03, elapsed = 1524.4 sec
[TwinWall] projected 5912 node(s)
Step =   4405: nodes = 24183, dt = 8.006891e-11, strain = 4.836107e-03, elapsed = 1526.2 sec
[TwinWall] projected 5985 node(s)
Step =   4406: nodes = 24242, dt = 9.608269e-11, strain = 4.836588e-03, elapsed = 1528.1 sec
[TwinWall] projected 6017 node(s)
Step =   4407: nodes = 24274, dt = 1.152992e-10, strain = 4.837164e-03, elapsed = 1530.0 sec
[TwinWall] projected 6074 node(s)
Step =   4408: nodes = 24268, dt = 1.383591e-10, strain = 4.837856e-03, elapsed = 1531.9 sec
[TwinWall] projected 6063 node(s)
Step =   4409: nodes = 24308, dt = 8.301545e-11, strain = 4.838271e-03, elapsed = 1534.7 sec
[TwinWall] projected 5939 node(s)
Step =   4410: nodes = 24333, dt = 8.301545e-11, strain = 4.838686e-03, elapsed = 1536.8 sec
[TwinWall] projected 6041 node(s)
Step =   4411: nodes = 24361, dt = 9.961854e-11, strain = 4.839184e-03, elapsed = 1538.6 sec
[TwinWall] projected 6035 node(s)
Step =   4412: nodes = 24404, dt = 1.195422e-10, strain = 4.839782e-03, elapsed = 1540.6 sec
[TwinWall] projected 6132 node(s)
Step =   4413: nodes = 24415, dt = 1.434507e-10, strain = 4.840499e-03, elapsed = 1542.6 sec
[TwinWall] projected 6175 node(s)
Step =   4414: nodes = 24427, dt = 1.721408e-10, strain = 4.841360e-03, elapsed = 1544.6 sec
[TwinWall] projected 6095 node(s)
Step =   4415: nodes = 24407, dt = 1.032845e-10, strain = 4.841876e-03, elapsed = 1547.6 sec
[TwinWall] projected 6020 node(s)
Step =   4416: nodes = 24425, dt = 1.032845e-10, strain = 4.842393e-03, elapsed = 1549.6 sec
[TwinWall] projected 6089 node(s)
Step =   4417: nodes = 24488, dt = 1.239414e-10, strain = 4.843012e-03, elapsed = 1551.5 sec
[TwinWall] projected 6175 node(s)
Step =   4418: nodes = 24509, dt = 1.487297e-10, strain = 4.843756e-03, elapsed = 1553.5 sec
[TwinWall] projected 6035 node(s)
Step =   4419: nodes = 24498, dt = 8.923781e-11, strain = 4.844202e-03, elapsed = 1556.5 sec
[TwinWall] projected 6034 node(s)
Step =   4420: nodes = 24513, dt = 8.923781e-11, strain = 4.844648e-03, elapsed = 1558.4 sec
[TwinWall] projected 6028 node(s)
Step =   4421: nodes = 24522, dt = 1.070854e-10, strain = 4.845184e-03, elapsed = 1560.4 sec
[TwinWall] projected 6185 node(s)
Step =   4422: nodes = 24548, dt = 1.285024e-10, strain = 4.845826e-03, elapsed = 1562.4 sec
[TwinWall] projected 6279 node(s)
Step =   4423: nodes = 24543, dt = 1.542029e-10, strain = 4.846597e-03, elapsed = 1564.4 sec
[TwinWall] projected 6135 node(s)
Step =   4424: nodes = 24549, dt = 9.252176e-11, strain = 4.847060e-03, elapsed = 1567.4 sec
[TwinWall] projected 6069 node(s)
Step =   4425: nodes = 24566, dt = 9.252176e-11, strain = 4.847522e-03, elapsed = 1569.4 sec
[TwinWall] projected 6096 node(s)
Step =   4426: nodes = 24553, dt = 1.110261e-10, strain = 4.848078e-03, elapsed = 1571.4 sec
[TwinWall] projected 6188 node(s)
Step =   4427: nodes = 24589, dt = 1.332313e-10, strain = 4.848744e-03, elapsed = 1573.5 sec
[TwinWall] projected 6168 node(s)
Step =   4428: nodes = 24619, dt = 7.993880e-11, strain = 4.849143e-03, elapsed = 1576.4 sec
[TwinWall] projected 6054 node(s)
Step =   4429: nodes = 24619, dt = 7.993880e-11, strain = 4.849543e-03, elapsed = 1578.5 sec
[TwinWall] projected 6127 node(s)
Step =   4430: nodes = 24650, dt = 9.592656e-11, strain = 4.850023e-03, elapsed = 1580.5 sec
[TwinWall] projected 6151 node(s)
Step =   4431: nodes = 24673, dt = 1.151119e-10, strain = 4.850598e-03, elapsed = 1582.5 sec
[TwinWall] projected 6271 node(s)
Step =   4432: nodes = 24693, dt = 1.381342e-10, strain = 4.851289e-03, elapsed = 1584.5 sec
[TwinWall] projected 6130 node(s)
Step =   4433: nodes = 24676, dt = 8.288055e-11, strain = 4.851703e-03, elapsed = 1587.5 sec
[TwinWall] projected 6091 node(s)
Step =   4434: nodes = 24714, dt = 8.288055e-11, strain = 4.852118e-03, elapsed = 1589.4 sec
[TwinWall] projected 6122 node(s)
Step =   4435: nodes = 24706, dt = 9.945666e-11, strain = 4.852615e-03, elapsed = 1591.5 sec
[TwinWall] projected 6201 node(s)
Step =   4436: nodes = 24773, dt = 1.193480e-10, strain = 4.853212e-03, elapsed = 1593.5 sec
[TwinWall] projected 6281 node(s)
Step =   4437: nodes = 24753, dt = 1.432176e-10, strain = 4.853928e-03, elapsed = 1595.5 sec
[TwinWall] projected 6182 node(s)
Step =   4438: nodes = 24772, dt = 8.593055e-11, strain = 4.854358e-03, elapsed = 1598.5 sec
[TwinWall] projected 6093 node(s)
Step =   4439: nodes = 24782, dt = 8.593055e-11, strain = 4.854787e-03, elapsed = 1600.5 sec
[TwinWall] projected 6178 node(s)
Step =   4440: nodes = 24825, dt = 1.031167e-10, strain = 4.855303e-03, elapsed = 1602.5 sec
[TwinWall] projected 6221 node(s)
Step =   4441: nodes = 24822, dt = 1.237400e-10, strain = 4.855922e-03, elapsed = 1604.6 sec
[TwinWall] projected 6295 node(s)
Step =   4442: nodes = 24830, dt = 1.484880e-10, strain = 4.856664e-03, elapsed = 1606.6 sec
[TwinWall] projected 6366 node(s)
Step =   4443: nodes = 24787, dt = 1.781856e-10, strain = 4.857555e-03, elapsed = 1608.8 sec
[TwinWall] projected 6231 node(s)
Step =   4444: nodes = 24807, dt = 1.069114e-10, strain = 4.858089e-03, elapsed = 1611.8 sec
[TwinWall] projected 6196 node(s)
Step =   4445: nodes = 24802, dt = 1.069114e-10, strain = 4.858624e-03, elapsed = 1613.8 sec
[TwinWall] projected 6219 node(s)
Step =   4446: nodes = 24854, dt = 1.282936e-10, strain = 4.859265e-03, elapsed = 1615.8 sec
[TwinWall] projected 6189 node(s)
Step =   4447: nodes = 24862, dt = 7.697618e-11, strain = 4.859650e-03, elapsed = 1618.8 sec
[TwinWall] projected 6039 node(s)
Step =   4448: nodes = 24906, dt = 7.697618e-11, strain = 4.860035e-03, elapsed = 1620.8 sec
[TwinWall] projected 6148 node(s)
Step =   4449: nodes = 24904, dt = 9.237141e-11, strain = 4.860497e-03, elapsed = 1622.7 sec
[TwinWall] projected 6245 node(s)
Step =   4450: nodes = 24939, dt = 1.108457e-10, strain = 4.861051e-03, elapsed = 1624.7 sec
[TwinWall] projected 6247 node(s)
Step =   4451: nodes = 24954, dt = 1.330148e-10, strain = 4.861716e-03, elapsed = 1626.8 sec
[TwinWall] projected 6394 node(s)
Step =   4452: nodes = 24969, dt = 1.596178e-10, strain = 4.862515e-03, elapsed = 1629.0 sec
[TwinWall] projected 6335 node(s)
Step =   4453: nodes = 24942, dt = 9.577068e-11, strain = 4.862993e-03, elapsed = 1631.9 sec
[TwinWall] projected 6206 node(s)
Step =   4454: nodes = 24974, dt = 9.577068e-11, strain = 4.863472e-03, elapsed = 1634.0 sec
[TwinWall] projected 6265 node(s)
Step =   4455: nodes = 24983, dt = 1.149248e-10, strain = 4.864047e-03, elapsed = 1636.0 sec
[TwinWall] projected 6340 node(s)
Step =   4456: nodes = 24999, dt = 1.379098e-10, strain = 4.864736e-03, elapsed = 1638.2 sec
[TwinWall] projected 6414 node(s)
Step =   4457: nodes = 24984, dt = 1.654917e-10, strain = 4.865564e-03, elapsed = 1640.3 sec
[TwinWall] projected 6473 node(s)
Step =   4458: nodes = 24989, dt = 1.985901e-10, strain = 4.866557e-03, elapsed = 1642.4 sec
[TwinWall] projected 6384 node(s)
Step =   4459: nodes = 25003, dt = 1.191540e-10, strain = 4.867153e-03, elapsed = 1645.5 sec
[TwinWall] projected 6312 node(s)
Step =   4460: nodes = 25058, dt = 1.191540e-10, strain = 4.867748e-03, elapsed = 1647.6 sec
[TwinWall] projected 6378 node(s)
Step =   4461: nodes = 25106, dt = 1.429849e-10, strain = 4.868463e-03, elapsed = 1649.7 sec
[TwinWall] projected 6439 node(s)
Step =   4462: nodes = 25116, dt = 1.715818e-10, strain = 4.869321e-03, elapsed = 1651.8 sec
[TwinWall] projected 6309 node(s)
Step =   4463: nodes = 25134, dt = 1.029491e-10, strain = 4.869836e-03, elapsed = 1654.9 sec
[TwinWall] projected 6268 node(s)
Step =   4464: nodes = 25157, dt = 1.029491e-10, strain = 4.870351e-03, elapsed = 1657.0 sec
[TwinWall] projected 6308 node(s)
Step =   4465: nodes = 25204, dt = 1.235389e-10, strain = 4.870968e-03, elapsed = 1659.1 sec
[TwinWall] projected 6393 node(s)
Step =   4466: nodes = 25223, dt = 1.482467e-10, strain = 4.871710e-03, elapsed = 1661.2 sec
[TwinWall] projected 6300 node(s)
Step =   4467: nodes = 25204, dt = 8.894802e-11, strain = 4.872154e-03, elapsed = 1664.3 sec
[TwinWall] projected 6226 node(s)
Step =   4468: nodes = 25236, dt = 8.894802e-11, strain = 4.872599e-03, elapsed = 1666.3 sec
[TwinWall] projected 6365 node(s)
Step =   4469: nodes = 25279, dt = 1.067376e-10, strain = 4.873133e-03, elapsed = 1668.3 sec
[TwinWall] projected 6397 node(s)
Step =   4470: nodes = 25295, dt = 1.280851e-10, strain = 4.873773e-03, elapsed = 1670.4 sec
[TwinWall] projected 6374 node(s)
Step =   4471: nodes = 25289, dt = 7.685109e-11, strain = 4.874157e-03, elapsed = 1673.5 sec
[TwinWall] projected 6216 node(s)
Step =   4472: nodes = 25344, dt = 7.685109e-11, strain = 4.874542e-03, elapsed = 1675.5 sec
[TwinWall] projected 6289 node(s)
Step =   4473: nodes = 25353, dt = 9.222131e-11, strain = 4.875003e-03, elapsed = 1677.6 sec
[TwinWall] projected 6379 node(s)
Step =   4474: nodes = 25372, dt = 1.106656e-10, strain = 4.875556e-03, elapsed = 1679.7 sec
[TwinWall] projected 6403 node(s)
Step =   4475: nodes = 25422, dt = 1.327987e-10, strain = 4.876220e-03, elapsed = 1681.9 sec
[TwinWall] projected 6284 node(s)
Step =   4476: nodes = 25396, dt = 7.967921e-11, strain = 4.876619e-03, elapsed = 1685.0 sec
[TwinWall] projected 6256 node(s)
Step =   4477: nodes = 25393, dt = 7.967921e-11, strain = 4.877017e-03, elapsed = 1687.1 sec
slurmstepd-c2n016: error: *** JOB 282020 ON c2n016 CANCELLED AT 2026-05-30T19:36:25 ***
