Step =      0: nodes = 5320, dt = 0.000000e+00, time = 0.000000e+00, elapsed = 0.0 sec
Writing configuration in legacy data format
 Output file: /data/home/dg000246b/openDIS/inital_dislocation_structures/output_caseC_0.14%_seed12345/relax2/config.0.data
Writing restart file
 Restart file: /data/home/dg000246b/openDIS/inital_dislocation_structures/output_caseC_0.14%_seed12345/relax2/restart.0.exadis
Run for 10000 steps
Step =      1: nodes = 5318, dt = 3.608629e-12, time = 3.608629e-12, elapsed = 0.3 sec
Step =      2: nodes = 5320, dt = 3.608629e-12, time = 7.217258e-12, elapsed = 0.5 sec
Step =      3: nodes = 5319, dt = 4.330355e-12, time = 1.154761e-11, elapsed = 0.6 sec
Step =      4: nodes = 5318, dt = 5.196426e-12, time = 1.674404e-11, elapsed = 0.8 sec
Step =      5: nodes = 5318, dt = 6.235711e-12, time = 2.297975e-11, elapsed = 1.0 sec
Step =      6: nodes = 5320, dt = 7.482853e-12, time = 3.046260e-11, elapsed = 1.1 sec
Step =      7: nodes = 5321, dt = 4.489712e-12, time = 3.495231e-11, elapsed = 1.4 sec
Step =      8: nodes = 5317, dt = 4.489712e-12, time = 3.944203e-11, elapsed = 1.5 sec
Step =      9: nodes = 5316, dt = 5.387654e-12, time = 4.482968e-11, elapsed = 1.7 sec
Step =     10: nodes = 5316, dt = 3.232593e-12, time = 4.806227e-11, elapsed = 1.9 sec
Step =     11: nodes = 5316, dt = 3.232593e-12, time = 5.129487e-11, elapsed = 2.1 sec
Step =     12: nodes = 5315, dt = 3.879111e-12, time = 5.517398e-11, elapsed = 2.2 sec
Step =     13: nodes = 5315, dt = 4.654933e-12, time = 5.982891e-11, elapsed = 2.4 sec
Step =     14: nodes = 5315, dt = 5.585920e-12, time = 6.541483e-11, elapsed = 2.6 sec
Step =     15: nodes = 5317, dt = 6.703104e-12, time = 7.211793e-11, elapsed = 2.8 sec
Step =     16: nodes = 5319, dt = 8.043725e-12, time = 8.016166e-11, elapsed = 3.0 sec
Step =     17: nodes = 5318, dt = 4.826235e-12, time = 8.498789e-11, elapsed = 3.2 sec
Step =     18: nodes = 5317, dt = 2.413117e-12, time = 8.740101e-11, elapsed = 3.4 sec
Step =     19: nodes = 5312, dt = 2.413117e-12, time = 8.981413e-11, elapsed = 3.5 sec
Step =     20: nodes = 5310, dt = 1.447870e-12, time = 9.126200e-11, elapsed = 3.7 sec
Step =     21: nodes = 5308, dt = 1.447870e-12, time = 9.270987e-11, elapsed = 3.8 sec
Step =     22: nodes = 5308, dt = 1.737445e-12, time = 9.444731e-11, elapsed = 4.0 sec
Step =     23: nodes = 5308, dt = 2.084933e-12, time = 9.653225e-11, elapsed = 4.1 sec
Step =     24: nodes = 5308, dt = 1.250960e-12, time = 9.778321e-11, elapsed = 4.3 sec
Step =     25: nodes = 5304, dt = 1.250960e-12, time = 9.903417e-11, elapsed = 4.4 sec
Step =     26: nodes = 5305, dt = 7.505760e-13, time = 9.978474e-11, elapsed = 4.6 sec
Step =     27: nodes = 5303, dt = 7.505760e-13, time = 1.005353e-10, elapsed = 4.8 sec
Step =     28: nodes = 5302, dt = 9.006913e-13, time = 1.014360e-10, elapsed = 4.9 sec
Step =     29: nodes = 5299, dt = 1.080830e-12, time = 1.025168e-10, elapsed = 5.1 sec
Step =     30: nodes = 5297, dt = 1.296995e-12, time = 1.038138e-10, elapsed = 5.2 sec
Step =     31: nodes = 5295, dt = 1.556394e-12, time = 1.053702e-10, elapsed = 5.4 sec
Step =     32: nodes = 5289, dt = 1.867673e-12, time = 1.072379e-10, elapsed = 5.5 sec
Step =     33: nodes = 5286, dt = 2.241208e-12, time = 1.094791e-10, elapsed = 5.7 sec
Step =     34: nodes = 5284, dt = 2.689450e-12, time = 1.121686e-10, elapsed = 5.8 sec
Step =     35: nodes = 5281, dt = 3.227340e-12, time = 1.153959e-10, elapsed = 6.0 sec
Step =     36: nodes = 5275, dt = 3.872808e-12, time = 1.192687e-10, elapsed = 6.1 sec
Step =     37: nodes = 5272, dt = 4.647369e-12, time = 1.239161e-10, elapsed = 6.3 sec
Step =     38: nodes = 5265, dt = 2.788421e-12, time = 1.267045e-10, elapsed = 6.5 sec
Step =     39: nodes = 5255, dt = 2.788421e-12, time = 1.294929e-10, elapsed = 6.7 sec
Step =     40: nodes = 5253, dt = 3.346106e-12, time = 1.328390e-10, elapsed = 6.8 sec
Step =     41: nodes = 5250, dt = 4.015327e-12, time = 1.368544e-10, elapsed = 7.0 sec
Step =     42: nodes = 5245, dt = 4.818392e-12, time = 1.416727e-10, elapsed = 7.1 sec
Step =     43: nodes = 5239, dt = 2.891035e-12, time = 1.445638e-10, elapsed = 7.3 sec
Step =     44: nodes = 5223, dt = 2.891035e-12, time = 1.474548e-10, elapsed = 7.5 sec
Step =     45: nodes = 5216, dt = 3.469242e-12, time = 1.509241e-10, elapsed = 7.6 sec
Step =     46: nodes = 5206, dt = 4.163091e-12, time = 1.550871e-10, elapsed = 7.8 sec
Step =     47: nodes = 5202, dt = 4.995709e-12, time = 1.600829e-10, elapsed = 8.0 sec
Step =     48: nodes = 5195, dt = 2.997425e-12, time = 1.630803e-10, elapsed = 8.2 sec
Step =     49: nodes = 5191, dt = 2.997425e-12, time = 1.660777e-10, elapsed = 8.4 sec
Step =     50: nodes = 5184, dt = 3.596911e-12, time = 1.696746e-10, elapsed = 8.5 sec
Step =     51: nodes = 5179, dt = 4.316293e-12, time = 1.739909e-10, elapsed = 8.7 sec
Step =     52: nodes = 5175, dt = 5.179551e-12, time = 1.791705e-10, elapsed = 8.8 sec
Step =     53: nodes = 5162, dt = 3.107731e-12, time = 1.822782e-10, elapsed = 9.0 sec
Step =     54: nodes = 5149, dt = 3.107731e-12, time = 1.853859e-10, elapsed = 9.2 sec
Step =     55: nodes = 5145, dt = 3.729277e-12, time = 1.891152e-10, elapsed = 9.3 sec
Step =     56: nodes = 5133, dt = 2.237566e-12, time = 1.913528e-10, elapsed = 9.5 sec
Step =     57: nodes = 5132, dt = 1.118783e-12, time = 1.924716e-10, elapsed = 9.7 sec
Step =     58: nodes = 5129, dt = 1.118783e-12, time = 1.935903e-10, elapsed = 9.8 sec
Step =     59: nodes = 5125, dt = 1.342540e-12, time = 1.949329e-10, elapsed = 10.0 sec
Step =     60: nodes = 5126, dt = 8.055238e-13, time = 1.957384e-10, elapsed = 10.1 sec
Step =     61: nodes = 5123, dt = 8.055238e-13, time = 1.965439e-10, elapsed = 10.3 sec
Step =     62: nodes = 5120, dt = 9.666286e-13, time = 1.975106e-10, elapsed = 10.4 sec
Step =     63: nodes = 5117, dt = 1.159954e-12, time = 1.986705e-10, elapsed = 10.5 sec
Step =     64: nodes = 5113, dt = 1.391945e-12, time = 2.000624e-10, elapsed = 10.7 sec
Step =     65: nodes = 5106, dt = 1.670334e-12, time = 2.017328e-10, elapsed = 10.8 sec
Step =     66: nodes = 5100, dt = 2.004401e-12, time = 2.037372e-10, elapsed = 11.0 sec
Step =     67: nodes = 5095, dt = 2.405281e-12, time = 2.061425e-10, elapsed = 11.1 sec
Step =     68: nodes = 5091, dt = 2.886337e-12, time = 2.090288e-10, elapsed = 11.3 sec
Step =     69: nodes = 5086, dt = 3.463605e-12, time = 2.124924e-10, elapsed = 11.4 sec
Step =     70: nodes = 5078, dt = 4.156326e-12, time = 2.166487e-10, elapsed = 11.6 sec
Step =     71: nodes = 5075, dt = 4.987591e-12, time = 2.216363e-10, elapsed = 11.7 sec
Step =     72: nodes = 5077, dt = 2.992555e-12, time = 2.246289e-10, elapsed = 11.9 sec
Step =     73: nodes = 5070, dt = 2.992555e-12, time = 2.276214e-10, elapsed = 12.1 sec
Step =     74: nodes = 5062, dt = 3.591066e-12, time = 2.312125e-10, elapsed = 12.2 sec
Step =     75: nodes = 5060, dt = 4.309279e-12, time = 2.355218e-10, elapsed = 12.4 sec
Step =     76: nodes = 5054, dt = 5.171134e-12, time = 2.406929e-10, elapsed = 12.5 sec
Step =     77: nodes = 5050, dt = 3.102681e-12, time = 2.437956e-10, elapsed = 12.7 sec
Step =     78: nodes = 5046, dt = 3.102681e-12, time = 2.468983e-10, elapsed = 12.8 sec
Step =     79: nodes = 5044, dt = 3.723217e-12, time = 2.506215e-10, elapsed = 13.0 sec
Step =     80: nodes = 5040, dt = 4.467860e-12, time = 2.550894e-10, elapsed = 13.1 sec
Step =     81: nodes = 5036, dt = 5.361432e-12, time = 2.604508e-10, elapsed = 13.3 sec
Step =     82: nodes = 5029, dt = 3.216859e-12, time = 2.636676e-10, elapsed = 13.4 sec
Step =     83: nodes = 5022, dt = 3.216859e-12, time = 2.668845e-10, elapsed = 13.6 sec
Step =     84: nodes = 5016, dt = 3.860231e-12, time = 2.707447e-10, elapsed = 13.7 sec
Step =     85: nodes = 5004, dt = 4.632277e-12, time = 2.753770e-10, elapsed = 13.9 sec
Step =     86: nodes = 5001, dt = 2.779366e-12, time = 2.781564e-10, elapsed = 14.1 sec
Step =     87: nodes = 4993, dt = 2.779366e-12, time = 2.809357e-10, elapsed = 14.2 sec
Step =     88: nodes = 4981, dt = 3.335240e-12, time = 2.842710e-10, elapsed = 14.4 sec
Step =     89: nodes = 4974, dt = 4.002288e-12, time = 2.882733e-10, elapsed = 14.5 sec
Step =     90: nodes = 4966, dt = 4.802745e-12, time = 2.930760e-10, elapsed = 14.6 sec
Step =     91: nodes = 4958, dt = 2.881647e-12, time = 2.959577e-10, elapsed = 14.8 sec
Step =     92: nodes = 4955, dt = 2.881647e-12, time = 2.988393e-10, elapsed = 15.0 sec
Step =     93: nodes = 4952, dt = 3.457977e-12, time = 3.022973e-10, elapsed = 15.1 sec
Step =     94: nodes = 4941, dt = 4.149572e-12, time = 3.064469e-10, elapsed = 15.3 sec
Step =     95: nodes = 4926, dt = 4.979486e-12, time = 3.114263e-10, elapsed = 15.4 sec
Step =     96: nodes = 4918, dt = 2.987692e-12, time = 3.144140e-10, elapsed = 15.6 sec
Step =     97: nodes = 4913, dt = 2.987692e-12, time = 3.174017e-10, elapsed = 15.7 sec
Step =     98: nodes = 4907, dt = 1.792615e-12, time = 3.191943e-10, elapsed = 15.9 sec
Step =     99: nodes = 4903, dt = 8.963075e-13, time = 3.200906e-10, elapsed = 16.1 sec
Step =    100: nodes = 4900, dt = 8.963075e-13, time = 3.209870e-10, elapsed = 16.2 sec
Writing configuration in legacy data format
 Output file: /data/home/dg000246b/openDIS/inital_dislocation_structures/output_caseC_0.14%_seed12345/relax2/config.100.data
Writing restart file
 Restart file: /data/home/dg000246b/openDIS/inital_dislocation_structures/output_caseC_0.14%_seed12345/relax2/restart.100.exadis
Step =    101: nodes = 4898, dt = 1.075569e-12, time = 3.220625e-10, elapsed = 16.4 sec
Step =    102: nodes = 4895, dt = 1.290683e-12, time = 3.233532e-10, elapsed = 16.5 sec
Step =    103: nodes = 4891, dt = 7.744097e-13, time = 3.241276e-10, elapsed = 16.7 sec
Step =    104: nodes = 4888, dt = 7.744097e-13, time = 3.249020e-10, elapsed = 16.8 sec
Step =    105: nodes = 4884, dt = 9.292916e-13, time = 3.258313e-10, elapsed = 16.9 sec
Step =    106: nodes = 4880, dt = 1.115150e-12, time = 3.269465e-10, elapsed = 17.0 sec
Step =    107: nodes = 4878, dt = 1.338180e-12, time = 3.282846e-10, elapsed = 17.1 sec
Step =    108: nodes = 4873, dt = 1.605816e-12, time = 3.298905e-10, elapsed = 17.3 sec
Step =    109: nodes = 4866, dt = 1.926979e-12, time = 3.318174e-10, elapsed = 17.4 sec
Step =    110: nodes = 4856, dt = 2.312375e-12, time = 3.341298e-10, elapsed = 17.5 sec
Step =    111: nodes = 4852, dt = 1.387425e-12, time = 3.355172e-10, elapsed = 17.7 sec
Step =    112: nodes = 4852, dt = 6.937125e-13, time = 3.362110e-10, elapsed = 17.8 sec
Step =    113: nodes = 4851, dt = 6.937125e-13, time = 3.369047e-10, elapsed = 18.0 sec
Step =    114: nodes = 4850, dt = 8.324550e-13, time = 3.377371e-10, elapsed = 18.1 sec
Step =    115: nodes = 4843, dt = 9.989460e-13, time = 3.387361e-10, elapsed = 18.2 sec
Step =    116: nodes = 4839, dt = 1.198735e-12, time = 3.399348e-10, elapsed = 18.4 sec
Step =    117: nodes = 4836, dt = 1.438482e-12, time = 3.413733e-10, elapsed = 18.5 sec
Step =    118: nodes = 4833, dt = 1.726179e-12, time = 3.430995e-10, elapsed = 18.6 sec
Step =    119: nodes = 4828, dt = 2.071414e-12, time = 3.451709e-10, elapsed = 18.7 sec
Step =    120: nodes = 4824, dt = 2.485697e-12, time = 3.476566e-10, elapsed = 18.9 sec
Step =    121: nodes = 4821, dt = 2.982837e-12, time = 3.506394e-10, elapsed = 19.0 sec
Step =    122: nodes = 4817, dt = 3.579404e-12, time = 3.542188e-10, elapsed = 19.2 sec
Step =    123: nodes = 4805, dt = 4.295285e-12, time = 3.585141e-10, elapsed = 19.3 sec
Step =    124: nodes = 4799, dt = 5.154342e-12, time = 3.636684e-10, elapsed = 19.4 sec
Step =    125: nodes = 4788, dt = 3.092605e-12, time = 3.667611e-10, elapsed = 19.6 sec
Step =    126: nodes = 4778, dt = 3.092605e-12, time = 3.698537e-10, elapsed = 19.7 sec
Step =    127: nodes = 4769, dt = 3.711126e-12, time = 3.735648e-10, elapsed = 19.9 sec
Step =    128: nodes = 4763, dt = 4.453351e-12, time = 3.780181e-10, elapsed = 20.0 sec
Step =    129: nodes = 4749, dt = 5.344022e-12, time = 3.833622e-10, elapsed = 20.2 sec
Step =    130: nodes = 4745, dt = 3.206413e-12, time = 3.865686e-10, elapsed = 20.4 sec
Step =    131: nodes = 4741, dt = 3.206413e-12, time = 3.897750e-10, elapsed = 20.5 sec
Step =    132: nodes = 4737, dt = 3.847696e-12, time = 3.936227e-10, elapsed = 20.6 sec
Step =    133: nodes = 4729, dt = 4.617235e-12, time = 3.982399e-10, elapsed = 20.8 sec
Step =    134: nodes = 4719, dt = 5.540682e-12, time = 4.037806e-10, elapsed = 21.0 sec
Step =    135: nodes = 4710, dt = 3.324409e-12, time = 4.071050e-10, elapsed = 21.1 sec
Step =    136: nodes = 4705, dt = 3.324409e-12, time = 4.104294e-10, elapsed = 21.3 sec
Step =    137: nodes = 4700, dt = 3.989291e-12, time = 4.144187e-10, elapsed = 21.4 sec
Step =    138: nodes = 4693, dt = 4.787149e-12, time = 4.192059e-10, elapsed = 21.6 sec
Step =    139: nodes = 4674, dt = 5.744579e-12, time = 4.249504e-10, elapsed = 21.7 sec
Step =    140: nodes = 4668, dt = 1.723374e-12, time = 4.266738e-10, elapsed = 21.9 sec
Step =    141: nodes = 4659, dt = 1.723374e-12, time = 4.283972e-10, elapsed = 22.0 sec
Step =    142: nodes = 4652, dt = 2.068048e-12, time = 4.304652e-10, elapsed = 22.2 sec
Step =    143: nodes = 4649, dt = 1.240829e-12, time = 4.317061e-10, elapsed = 22.3 sec
Step =    144: nodes = 4648, dt = 1.240829e-12, time = 4.329469e-10, elapsed = 22.4 sec
Step =    145: nodes = 4643, dt = 1.488995e-12, time = 4.344359e-10, elapsed = 22.6 sec
Step =    146: nodes = 4640, dt = 1.786794e-12, time = 4.362227e-10, elapsed = 22.7 sec
Step =    147: nodes = 4637, dt = 2.144152e-12, time = 4.383668e-10, elapsed = 22.8 sec
Step =    148: nodes = 4633, dt = 2.572983e-12, time = 4.409398e-10, elapsed = 23.0 sec
Step =    149: nodes = 4630, dt = 3.087580e-12, time = 4.440274e-10, elapsed = 23.1 sec
Step =    150: nodes = 4629, dt = 3.705096e-12, time = 4.477325e-10, elapsed = 23.3 sec
Step =    151: nodes = 4615, dt = 4.446115e-12, time = 4.521786e-10, elapsed = 23.4 sec
Step =    152: nodes = 4608, dt = 5.335338e-12, time = 4.575139e-10, elapsed = 23.6 sec
Step =    153: nodes = 4597, dt = 6.402405e-12, time = 4.639163e-10, elapsed = 23.7 sec
Step =    154: nodes = 4596, dt = 3.841443e-12, time = 4.677578e-10, elapsed = 23.9 sec
Step =    155: nodes = 4594, dt = 3.841443e-12, time = 4.715992e-10, elapsed = 24.0 sec
Step =    156: nodes = 4590, dt = 4.609732e-12, time = 4.762090e-10, elapsed = 24.2 sec
Step =    157: nodes = 4582, dt = 5.531678e-12, time = 4.817406e-10, elapsed = 24.4 sec
Step =    158: nodes = 4569, dt = 6.638014e-12, time = 4.883786e-10, elapsed = 24.5 sec
Step =    159: nodes = 4569, dt = 3.982808e-12, time = 4.923615e-10, elapsed = 24.7 sec
Step =    160: nodes = 4565, dt = 3.982808e-12, time = 4.963443e-10, elapsed = 24.9 sec
Step =    161: nodes = 4559, dt = 4.779370e-12, time = 5.011236e-10, elapsed = 25.0 sec
Step =    162: nodes = 4558, dt = 5.735244e-12, time = 5.068589e-10, elapsed = 25.2 sec
Step =    163: nodes = 4557, dt = 3.441146e-12, time = 5.103000e-10, elapsed = 25.4 sec
Step =    164: nodes = 4550, dt = 3.441146e-12, time = 5.137412e-10, elapsed = 25.5 sec
Step =    165: nodes = 4551, dt = 4.129375e-12, time = 5.178705e-10, elapsed = 25.6 sec
Step =    166: nodes = 4548, dt = 4.955251e-12, time = 5.228258e-10, elapsed = 25.8 sec
Step =    167: nodes = 4543, dt = 5.946301e-12, time = 5.287721e-10, elapsed = 25.9 sec
Step =    168: nodes = 4539, dt = 3.567780e-12, time = 5.323399e-10, elapsed = 26.1 sec
Step =    169: nodes = 4537, dt = 3.567780e-12, time = 5.359077e-10, elapsed = 26.3 sec
Step =    170: nodes = 4535, dt = 4.281336e-12, time = 5.401890e-10, elapsed = 26.4 sec
Step =    171: nodes = 4533, dt = 5.137604e-12, time = 5.453266e-10, elapsed = 26.5 sec
Step =    172: nodes = 4528, dt = 6.165125e-12, time = 5.514917e-10, elapsed = 26.7 sec
Step =    173: nodes = 4526, dt = 3.699075e-12, time = 5.551908e-10, elapsed = 26.8 sec
Step =    174: nodes = 4524, dt = 3.699075e-12, time = 5.588899e-10, elapsed = 27.0 sec
Step =    175: nodes = 4517, dt = 4.438890e-12, time = 5.633288e-10, elapsed = 27.1 sec
Step =    176: nodes = 4515, dt = 5.326668e-12, time = 5.686554e-10, elapsed = 27.3 sec
Step =    177: nodes = 4514, dt = 3.196001e-12, time = 5.718514e-10, elapsed = 27.4 sec
Step =    178: nodes = 4513, dt = 3.196001e-12, time = 5.750474e-10, elapsed = 27.6 sec
Step =    179: nodes = 4511, dt = 3.835201e-12, time = 5.788826e-10, elapsed = 27.7 sec
Step =    180: nodes = 4510, dt = 4.602241e-12, time = 5.834849e-10, elapsed = 27.9 sec
Step =    181: nodes = 4504, dt = 5.522689e-12, time = 5.890076e-10, elapsed = 28.1 sec
Step =    182: nodes = 4505, dt = 3.313613e-12, time = 5.923212e-10, elapsed = 28.2 sec
Step =    183: nodes = 4499, dt = 3.313613e-12, time = 5.956348e-10, elapsed = 28.4 sec
Step =    184: nodes = 4497, dt = 3.976336e-12, time = 5.996111e-10, elapsed = 28.5 sec
Step =    185: nodes = 4496, dt = 4.771603e-12, time = 6.043827e-10, elapsed = 28.6 sec
Step =    186: nodes = 4493, dt = 5.725924e-12, time = 6.101087e-10, elapsed = 28.8 sec
Step =    187: nodes = 4493, dt = 3.435554e-12, time = 6.135442e-10, elapsed = 29.2 sec
Step =    188: nodes = 4493, dt = 3.435554e-12, time = 6.169798e-10, elapsed = 29.4 sec
Step =    189: nodes = 4490, dt = 4.122665e-12, time = 6.211024e-10, elapsed = 29.5 sec
Step =    190: nodes = 4486, dt = 4.947198e-12, time = 6.260496e-10, elapsed = 29.7 sec
Step =    191: nodes = 4486, dt = 5.936638e-12, time = 6.319863e-10, elapsed = 29.8 sec
Step =    192: nodes = 4485, dt = 3.561983e-12, time = 6.355482e-10, elapsed = 30.0 sec
Step =    193: nodes = 4482, dt = 3.561983e-12, time = 6.391102e-10, elapsed = 30.1 sec
Step =    194: nodes = 4472, dt = 2.137190e-12, time = 6.412474e-10, elapsed = 30.2 sec
Step =    195: nodes = 4470, dt = 2.137190e-12, time = 6.433846e-10, elapsed = 30.4 sec
Step =    196: nodes = 4469, dt = 1.282314e-12, time = 6.446669e-10, elapsed = 30.5 sec
Step =    197: nodes = 4470, dt = 1.282314e-12, time = 6.459492e-10, elapsed = 30.6 sec
Step =    198: nodes = 4469, dt = 7.693883e-13, time = 6.467186e-10, elapsed = 30.8 sec
Step =    199: nodes = 4468, dt = 7.693883e-13, time = 6.474880e-10, elapsed = 30.9 sec
Step =    200: nodes = 4466, dt = 9.232659e-13, time = 6.484113e-10, elapsed = 31.0 sec
Writing configuration in legacy data format
 Output file: /data/home/dg000246b/openDIS/inital_dislocation_structures/output_caseC_0.14%_seed12345/relax2/config.200.data
Writing restart file
 Restart file: /data/home/dg000246b/openDIS/inital_dislocation_structures/output_caseC_0.14%_seed12345/relax2/restart.200.exadis
Step =    201: nodes = 4465, dt = 1.107919e-12, time = 6.495192e-10, elapsed = 31.2 sec
Step =    202: nodes = 4464, dt = 1.329503e-12, time = 6.508487e-10, elapsed = 31.4 sec
Step =    203: nodes = 4463, dt = 1.595404e-12, time = 6.524441e-10, elapsed = 31.5 sec
Step =    204: nodes = 4462, dt = 1.914484e-12, time = 6.543586e-10, elapsed = 31.6 sec
Step =    205: nodes = 4460, dt = 2.297381e-12, time = 6.566560e-10, elapsed = 31.8 sec
Step =    206: nodes = 4458, dt = 2.756857e-12, time = 6.594128e-10, elapsed = 31.9 sec
Step =    207: nodes = 4455, dt = 3.308229e-12, time = 6.627211e-10, elapsed = 32.0 sec
Step =    208: nodes = 4455, dt = 3.969875e-12, time = 6.666909e-10, elapsed = 32.2 sec
Step =    209: nodes = 4451, dt = 4.763849e-12, time = 6.714548e-10, elapsed = 32.3 sec
Step =    210: nodes = 4449, dt = 2.858310e-12, time = 6.743131e-10, elapsed = 32.5 sec
Step =    211: nodes = 4447, dt = 2.858310e-12, time = 6.771714e-10, elapsed = 32.6 sec
Step =    212: nodes = 4446, dt = 1.714986e-12, time = 6.788864e-10, elapsed = 32.8 sec
Step =    213: nodes = 4446, dt = 1.714986e-12, time = 6.806014e-10, elapsed = 32.9 sec
Step =    214: nodes = 4446, dt = 2.057983e-12, time = 6.826594e-10, elapsed = 33.0 sec
Step =    215: nodes = 4444, dt = 2.469580e-12, time = 6.851289e-10, elapsed = 33.2 sec
Step =    216: nodes = 4441, dt = 2.963495e-12, time = 6.880924e-10, elapsed = 33.3 sec
Step =    217: nodes = 4441, dt = 3.556195e-12, time = 6.916486e-10, elapsed = 33.4 sec
Step =    218: nodes = 4438, dt = 4.267433e-12, time = 6.959161e-10, elapsed = 33.6 sec
Step =    219: nodes = 4437, dt = 5.120920e-12, time = 7.010370e-10, elapsed = 33.7 sec
Step =    220: nodes = 4436, dt = 3.072552e-12, time = 7.041095e-10, elapsed = 33.9 sec
Step =    221: nodes = 4435, dt = 3.072552e-12, time = 7.071821e-10, elapsed = 34.1 sec
Step =    222: nodes = 4433, dt = 3.687062e-12, time = 7.108691e-10, elapsed = 34.2 sec
Step =    223: nodes = 4433, dt = 4.424475e-12, time = 7.152936e-10, elapsed = 34.3 sec
Step =    224: nodes = 4429, dt = 5.309370e-12, time = 7.206030e-10, elapsed = 34.5 sec
Step =    225: nodes = 4429, dt = 3.185622e-12, time = 7.237886e-10, elapsed = 34.6 sec
Step =    226: nodes = 4428, dt = 1.592811e-12, time = 7.253814e-10, elapsed = 34.8 sec
Step =    227: nodes = 4428, dt = 1.592811e-12, time = 7.269742e-10, elapsed = 34.9 sec
Step =    228: nodes = 4428, dt = 1.911373e-12, time = 7.288856e-10, elapsed = 35.1 sec
Step =    229: nodes = 4427, dt = 2.293648e-12, time = 7.311793e-10, elapsed = 35.2 sec
Step =    230: nodes = 4428, dt = 2.752377e-12, time = 7.339316e-10, elapsed = 35.3 sec
Step =    231: nodes = 4425, dt = 3.302853e-12, time = 7.372345e-10, elapsed = 35.5 sec
Step =    232: nodes = 4427, dt = 1.981712e-12, time = 7.392162e-10, elapsed = 35.6 sec
Step =    233: nodes = 4427, dt = 1.981712e-12, time = 7.411979e-10, elapsed = 35.7 sec
Step =    234: nodes = 4427, dt = 2.378054e-12, time = 7.435760e-10, elapsed = 35.9 sec
Step =    235: nodes = 4425, dt = 2.853665e-12, time = 7.464296e-10, elapsed = 36.0 sec
Step =    236: nodes = 4425, dt = 3.424398e-12, time = 7.498540e-10, elapsed = 36.2 sec
Step =    237: nodes = 4423, dt = 4.109277e-12, time = 7.539633e-10, elapsed = 36.3 sec
Step =    238: nodes = 4423, dt = 4.931133e-12, time = 7.588944e-10, elapsed = 36.5 sec
Step =    239: nodes = 4419, dt = 2.958680e-12, time = 7.618531e-10, elapsed = 36.6 sec
Step =    240: nodes = 4417, dt = 2.958680e-12, time = 7.648118e-10, elapsed = 36.8 sec
Step =    241: nodes = 4414, dt = 3.550416e-12, time = 7.683622e-10, elapsed = 36.9 sec
Step =    242: nodes = 4415, dt = 4.260499e-12, time = 7.726227e-10, elapsed = 37.1 sec
Step =    243: nodes = 4415, dt = 2.556299e-12, time = 7.751790e-10, elapsed = 37.2 sec
Step =    244: nodes = 4413, dt = 2.556299e-12, time = 7.777353e-10, elapsed = 37.3 sec
Step =    245: nodes = 4414, dt = 3.067559e-12, time = 7.808029e-10, elapsed = 37.4 sec
Step =    246: nodes = 4413, dt = 3.681071e-12, time = 7.844839e-10, elapsed = 37.6 sec
Step =    247: nodes = 4412, dt = 4.417285e-12, time = 7.889012e-10, elapsed = 37.7 sec
Step =    248: nodes = 4410, dt = 2.650371e-12, time = 7.915516e-10, elapsed = 37.9 sec
Step =    249: nodes = 4408, dt = 2.650371e-12, time = 7.942020e-10, elapsed = 38.0 sec
Step =    250: nodes = 4405, dt = 3.180445e-12, time = 7.973824e-10, elapsed = 38.2 sec
Step =    251: nodes = 4401, dt = 3.816534e-12, time = 8.011989e-10, elapsed = 38.3 sec
Step =    252: nodes = 4401, dt = 2.289921e-12, time = 8.034889e-10, elapsed = 38.5 sec
Step =    253: nodes = 4398, dt = 2.289921e-12, time = 8.057788e-10, elapsed = 38.6 sec
Step =    254: nodes = 4396, dt = 2.747905e-12, time = 8.085267e-10, elapsed = 38.7 sec
Step =    255: nodes = 4393, dt = 3.297486e-12, time = 8.118242e-10, elapsed = 38.9 sec
Step =    256: nodes = 4392, dt = 3.956983e-12, time = 8.157812e-10, elapsed = 39.0 sec
Step =    257: nodes = 4388, dt = 4.748379e-12, time = 8.205295e-10, elapsed = 39.2 sec
Step =    258: nodes = 4389, dt = 2.849028e-12, time = 8.233786e-10, elapsed = 39.3 sec
Step =    259: nodes = 4388, dt = 2.849028e-12, time = 8.262276e-10, elapsed = 39.5 sec
Step =    260: nodes = 4386, dt = 3.418833e-12, time = 8.296464e-10, elapsed = 39.6 sec
Step =    261: nodes = 4383, dt = 4.102600e-12, time = 8.337490e-10, elapsed = 39.7 sec
Step =    262: nodes = 4377, dt = 4.923120e-12, time = 8.386721e-10, elapsed = 39.9 sec
Step =    263: nodes = 4377, dt = 2.953872e-12, time = 8.416260e-10, elapsed = 40.1 sec
Step =    264: nodes = 4374, dt = 2.953872e-12, time = 8.445799e-10, elapsed = 40.2 sec
Step =    265: nodes = 4374, dt = 3.544646e-12, time = 8.481245e-10, elapsed = 40.3 sec
Step =    266: nodes = 4372, dt = 4.253576e-12, time = 8.523781e-10, elapsed = 40.5 sec
Step =    267: nodes = 4368, dt = 5.104291e-12, time = 8.574824e-10, elapsed = 40.6 sec
Step =    268: nodes = 4368, dt = 3.062574e-12, time = 8.605450e-10, elapsed = 40.8 sec
Step =    269: nodes = 4366, dt = 3.062574e-12, time = 8.636075e-10, elapsed = 40.9 sec
Step =    270: nodes = 4360, dt = 3.675089e-12, time = 8.672826e-10, elapsed = 41.0 sec
Step =    271: nodes = 4361, dt = 4.410107e-12, time = 8.716927e-10, elapsed = 41.2 sec
Step =    272: nodes = 4361, dt = 5.292129e-12, time = 8.769849e-10, elapsed = 41.3 sec
Step =    273: nodes = 4358, dt = 3.175277e-12, time = 8.801602e-10, elapsed = 41.4 sec
Step =    274: nodes = 4359, dt = 1.587639e-12, time = 8.817478e-10, elapsed = 41.6 sec
Step =    275: nodes = 4359, dt = 1.587639e-12, time = 8.833354e-10, elapsed = 41.7 sec
Step =    276: nodes = 4358, dt = 1.905166e-12, time = 8.852406e-10, elapsed = 41.8 sec
Step =    277: nodes = 4356, dt = 2.286200e-12, time = 8.875268e-10, elapsed = 42.0 sec
Step =    278: nodes = 4354, dt = 2.743439e-12, time = 8.902702e-10, elapsed = 42.1 sec
Step =    279: nodes = 4353, dt = 3.292127e-12, time = 8.935624e-10, elapsed = 42.2 sec
Step =    280: nodes = 4351, dt = 3.950553e-12, time = 8.975129e-10, elapsed = 42.4 sec
Step =    281: nodes = 4348, dt = 4.740663e-12, time = 9.022536e-10, elapsed = 42.5 sec
Step =    282: nodes = 4348, dt = 2.844398e-12, time = 9.050980e-10, elapsed = 42.7 sec
Step =    283: nodes = 4346, dt = 2.844398e-12, time = 9.079424e-10, elapsed = 42.8 sec
Step =    284: nodes = 4345, dt = 3.413278e-12, time = 9.113557e-10, elapsed = 42.9 sec
Step =    285: nodes = 4341, dt = 4.095933e-12, time = 9.154516e-10, elapsed = 43.1 sec
Step =    286: nodes = 4340, dt = 4.915120e-12, time = 9.203667e-10, elapsed = 43.3 sec
Step =    287: nodes = 4340, dt = 5.898144e-12, time = 9.262648e-10, elapsed = 43.4 sec
Step =    288: nodes = 4339, dt = 3.538886e-12, time = 9.298037e-10, elapsed = 43.6 sec
Step =    289: nodes = 4336, dt = 3.538886e-12, time = 9.333426e-10, elapsed = 43.7 sec
Step =    290: nodes = 4335, dt = 4.246663e-12, time = 9.375893e-10, elapsed = 43.9 sec
Step =    291: nodes = 4333, dt = 5.095996e-12, time = 9.426853e-10, elapsed = 44.0 sec
Step =    292: nodes = 4333, dt = 6.115195e-12, time = 9.488005e-10, elapsed = 44.2 sec
Step =    293: nodes = 4331, dt = 3.669117e-12, time = 9.524696e-10, elapsed = 44.3 sec
Step =    294: nodes = 4332, dt = 3.669117e-12, time = 9.561387e-10, elapsed = 44.4 sec
Step =    295: nodes = 4331, dt = 4.402941e-12, time = 9.605416e-10, elapsed = 44.6 sec
Step =    296: nodes = 4331, dt = 2.641764e-12, time = 9.631834e-10, elapsed = 44.7 sec
Step =    297: nodes = 4332, dt = 1.320882e-12, time = 9.645043e-10, elapsed = 44.9 sec
Step =    298: nodes = 4331, dt = 1.320882e-12, time = 9.658252e-10, elapsed = 45.0 sec
Step =    299: nodes = 4331, dt = 1.585059e-12, time = 9.674102e-10, elapsed = 45.1 sec
Step =    300: nodes = 4331, dt = 9.510352e-13, time = 9.683613e-10, elapsed = 45.3 sec
Writing configuration in legacy data format
 Output file: /data/home/dg000246b/openDIS/inital_dislocation_structures/output_caseC_0.14%_seed12345/relax2/config.300.data
Writing restart file
 Restart file: /data/home/dg000246b/openDIS/inital_dislocation_structures/output_caseC_0.14%_seed12345/relax2/restart.300.exadis
Step =    301: nodes = 4333, dt = 9.510352e-13, time = 9.693123e-10, elapsed = 45.4 sec
Step =    302: nodes = 4333, dt = 1.141242e-12, time = 9.704535e-10, elapsed = 45.5 sec
Step =    303: nodes = 4331, dt = 1.369491e-12, time = 9.718230e-10, elapsed = 45.7 sec
Step =    304: nodes = 4330, dt = 1.643389e-12, time = 9.734664e-10, elapsed = 45.8 sec
Step =    305: nodes = 4329, dt = 1.972067e-12, time = 9.754385e-10, elapsed = 45.9 sec
Step =    306: nodes = 4326, dt = 2.366480e-12, time = 9.778050e-10, elapsed = 46.1 sec
Step =    307: nodes = 4327, dt = 2.839776e-12, time = 9.806448e-10, elapsed = 46.2 sec
Step =    308: nodes = 4328, dt = 3.407731e-12, time = 9.840525e-10, elapsed = 46.3 sec
Step =    309: nodes = 4327, dt = 4.089277e-12, time = 9.881418e-10, elapsed = 46.5 sec
Step =    310: nodes = 4328, dt = 4.907133e-12, time = 9.930489e-10, elapsed = 46.6 sec
Step =    311: nodes = 4326, dt = 5.888559e-12, time = 9.989375e-10, elapsed = 46.8 sec
Step =    312: nodes = 4327, dt = 3.533136e-12, time = 1.002471e-09, elapsed = 47.0 sec
Step =    313: nodes = 4325, dt = 3.533136e-12, time = 1.006004e-09, elapsed = 47.1 sec
Step =    314: nodes = 4321, dt = 4.239763e-12, time = 1.010243e-09, elapsed = 47.3 sec
Step =    315: nodes = 4320, dt = 5.087715e-12, time = 1.015331e-09, elapsed = 47.4 sec
Step =    316: nodes = 4316, dt = 6.105258e-12, time = 1.021436e-09, elapsed = 47.6 sec
Step =    317: nodes = 4317, dt = 3.663155e-12, time = 1.025100e-09, elapsed = 47.7 sec
Step =    318: nodes = 4316, dt = 1.831577e-12, time = 1.026931e-09, elapsed = 47.9 sec
Step =    319: nodes = 4319, dt = 1.831577e-12, time = 1.028763e-09, elapsed = 48.0 sec
Step =    320: nodes = 4317, dt = 2.197893e-12, time = 1.030961e-09, elapsed = 48.1 sec
Step =    321: nodes = 4316, dt = 2.637472e-12, time = 1.033598e-09, elapsed = 48.3 sec
Step =    322: nodes = 4317, dt = 3.164966e-12, time = 1.036763e-09, elapsed = 48.4 sec
Step =    323: nodes = 4312, dt = 3.797959e-12, time = 1.040561e-09, elapsed = 48.5 sec
Step =    324: nodes = 4312, dt = 4.557551e-12, time = 1.045119e-09, elapsed = 48.7 sec
Step =    325: nodes = 4310, dt = 5.469061e-12, time = 1.050588e-09, elapsed = 48.8 sec
Step =    326: nodes = 4312, dt = 6.562873e-12, time = 1.057151e-09, elapsed = 49.0 sec
Step =    327: nodes = 4307, dt = 7.875448e-12, time = 1.065026e-09, elapsed = 49.2 sec
Step =    328: nodes = 4301, dt = 9.450537e-12, time = 1.074477e-09, elapsed = 49.4 sec
Step =    329: nodes = 4301, dt = 5.670322e-12, time = 1.080147e-09, elapsed = 49.5 sec
Step =    330: nodes = 4300, dt = 5.670322e-12, time = 1.085817e-09, elapsed = 49.7 sec
Step =    331: nodes = 4299, dt = 6.804387e-12, time = 1.092622e-09, elapsed = 49.8 sec
Step =    332: nodes = 4298, dt = 8.165264e-12, time = 1.100787e-09, elapsed = 50.0 sec
Step =    333: nodes = 4303, dt = 4.899159e-12, time = 1.105686e-09, elapsed = 50.2 sec
Step =    334: nodes = 4302, dt = 4.899159e-12, time = 1.110585e-09, elapsed = 50.3 sec
Step =    335: nodes = 4301, dt = 5.878990e-12, time = 1.116464e-09, elapsed = 50.5 sec
Step =    336: nodes = 4305, dt = 7.054788e-12, time = 1.123519e-09, elapsed = 50.6 sec
Step =    337: nodes = 4297, dt = 4.232873e-12, time = 1.127752e-09, elapsed = 50.8 sec
Step =    338: nodes = 4296, dt = 4.232873e-12, time = 1.131985e-09, elapsed = 50.9 sec
Step =    339: nodes = 4297, dt = 5.079448e-12, time = 1.137064e-09, elapsed = 51.1 sec
Step =    340: nodes = 4296, dt = 6.095337e-12, time = 1.143159e-09, elapsed = 51.2 sec
Step =    341: nodes = 4291, dt = 3.657202e-12, time = 1.146817e-09, elapsed = 51.4 sec
Step =    342: nodes = 4292, dt = 3.657202e-12, time = 1.150474e-09, elapsed = 51.5 sec
Step =    343: nodes = 4293, dt = 4.388643e-12, time = 1.154862e-09, elapsed = 51.7 sec
Step =    344: nodes = 4290, dt = 5.266371e-12, time = 1.160129e-09, elapsed = 51.8 sec
Step =    345: nodes = 4290, dt = 6.319646e-12, time = 1.166449e-09, elapsed = 52.0 sec
Step =    346: nodes = 4292, dt = 3.791787e-12, time = 1.170240e-09, elapsed = 52.2 sec
Step =    347: nodes = 4292, dt = 3.791787e-12, time = 1.174032e-09, elapsed = 52.3 sec
Step =    348: nodes = 4291, dt = 4.550145e-12, time = 1.178582e-09, elapsed = 52.4 sec
Step =    349: nodes = 4291, dt = 2.730087e-12, time = 1.181312e-09, elapsed = 52.6 sec
Step =    350: nodes = 4292, dt = 2.730087e-12, time = 1.184042e-09, elapsed = 52.7 sec
Step =    351: nodes = 4291, dt = 3.276104e-12, time = 1.187319e-09, elapsed = 52.9 sec
Step =    352: nodes = 4290, dt = 3.931325e-12, time = 1.191250e-09, elapsed = 53.0 sec
Step =    353: nodes = 4292, dt = 4.717590e-12, time = 1.195967e-09, elapsed = 53.2 sec
Step =    354: nodes = 4291, dt = 2.830554e-12, time = 1.198798e-09, elapsed = 53.3 sec
Step =    355: nodes = 4289, dt = 2.830554e-12, time = 1.201629e-09, elapsed = 53.5 sec
Step =    356: nodes = 4289, dt = 3.396665e-12, time = 1.205025e-09, elapsed = 53.6 sec
Step =    357: nodes = 4288, dt = 4.075998e-12, time = 1.209101e-09, elapsed = 53.7 sec
Step =    358: nodes = 4290, dt = 4.891197e-12, time = 1.213992e-09, elapsed = 53.9 sec
Step =    359: nodes = 4291, dt = 2.934718e-12, time = 1.216927e-09, elapsed = 54.0 sec
Step =    360: nodes = 4290, dt = 2.934718e-12, time = 1.219862e-09, elapsed = 54.2 sec
Step =    361: nodes = 4287, dt = 3.521662e-12, time = 1.223383e-09, elapsed = 54.3 sec
Step =    362: nodes = 4285, dt = 4.225995e-12, time = 1.227609e-09, elapsed = 54.5 sec
Step =    363: nodes = 4284, dt = 5.071193e-12, time = 1.232681e-09, elapsed = 54.6 sec
Step =    364: nodes = 4283, dt = 3.042716e-12, time = 1.235723e-09, elapsed = 54.8 sec
Step =    365: nodes = 4286, dt = 3.042716e-12, time = 1.238766e-09, elapsed = 54.9 sec
Step =    366: nodes = 4283, dt = 3.651259e-12, time = 1.242417e-09, elapsed = 55.1 sec
Step =    367: nodes = 4282, dt = 4.381511e-12, time = 1.246799e-09, elapsed = 55.2 sec
Step =    368: nodes = 4281, dt = 5.257813e-12, time = 1.252057e-09, elapsed = 55.3 sec
Step =    369: nodes = 4279, dt = 3.154688e-12, time = 1.255211e-09, elapsed = 55.5 sec
Step =    370: nodes = 4279, dt = 3.154688e-12, time = 1.258366e-09, elapsed = 55.6 sec
Step =    371: nodes = 4276, dt = 3.785626e-12, time = 1.262152e-09, elapsed = 55.7 sec
Step =    372: nodes = 4279, dt = 4.542751e-12, time = 1.266694e-09, elapsed = 55.9 sec
Step =    373: nodes = 4276, dt = 2.725650e-12, time = 1.269420e-09, elapsed = 56.1 sec
Step =    374: nodes = 4276, dt = 2.725650e-12, time = 1.272146e-09, elapsed = 56.2 sec
Step =    375: nodes = 4276, dt = 3.270781e-12, time = 1.275417e-09, elapsed = 56.3 sec
Step =    376: nodes = 4273, dt = 3.924937e-12, time = 1.279341e-09, elapsed = 56.5 sec
Step =    377: nodes = 4273, dt = 4.709924e-12, time = 1.284051e-09, elapsed = 56.6 sec
Step =    378: nodes = 4274, dt = 2.825954e-12, time = 1.286877e-09, elapsed = 56.8 sec
Step =    379: nodes = 4274, dt = 2.825954e-12, time = 1.289703e-09, elapsed = 56.9 sec
Step =    380: nodes = 4274, dt = 3.391145e-12, time = 1.293094e-09, elapsed = 57.0 sec
Step =    381: nodes = 4274, dt = 4.069374e-12, time = 1.297164e-09, elapsed = 57.2 sec
Step =    382: nodes = 4271, dt = 4.883249e-12, time = 1.302047e-09, elapsed = 57.4 sec
Step =    383: nodes = 4269, dt = 2.929950e-12, time = 1.304977e-09, elapsed = 57.5 sec
Step =    384: nodes = 4270, dt = 2.929950e-12, time = 1.307907e-09, elapsed = 57.7 sec
Step =    385: nodes = 4269, dt = 3.515939e-12, time = 1.311423e-09, elapsed = 57.8 sec
Step =    386: nodes = 4269, dt = 2.109564e-12, time = 1.313532e-09, elapsed = 58.0 sec
Step =    387: nodes = 4269, dt = 1.054782e-12, time = 1.314587e-09, elapsed = 58.1 sec
Step =    388: nodes = 4270, dt = 1.054782e-12, time = 1.315642e-09, elapsed = 58.3 sec
Step =    389: nodes = 4267, dt = 1.265738e-12, time = 1.316908e-09, elapsed = 58.4 sec
Step =    390: nodes = 4268, dt = 1.518886e-12, time = 1.318427e-09, elapsed = 58.5 sec
Step =    391: nodes = 4267, dt = 1.822663e-12, time = 1.320249e-09, elapsed = 58.6 sec
Step =    392: nodes = 4266, dt = 2.187196e-12, time = 1.322437e-09, elapsed = 58.7 sec
Step =    393: nodes = 4265, dt = 2.624635e-12, time = 1.325061e-09, elapsed = 58.9 sec
Step =    394: nodes = 4265, dt = 3.149562e-12, time = 1.328211e-09, elapsed = 59.3 sec
Step =    395: nodes = 4266, dt = 3.779474e-12, time = 1.331990e-09, elapsed = 59.6 sec
Step =    396: nodes = 4266, dt = 4.535369e-12, time = 1.336526e-09, elapsed = 59.7 sec
Step =    397: nodes = 4266, dt = 2.721221e-12, time = 1.339247e-09, elapsed = 59.9 sec
Step =    398: nodes = 4267, dt = 2.721221e-12, time = 1.341968e-09, elapsed = 60.0 sec
Step =    399: nodes = 4267, dt = 1.632733e-12, time = 1.343601e-09, elapsed = 60.2 sec
Step =    400: nodes = 4266, dt = 1.632733e-12, time = 1.345233e-09, elapsed = 60.3 sec
Writing configuration in legacy data format
 Output file: /data/home/dg000246b/openDIS/inital_dislocation_structures/output_caseC_0.14%_seed12345/relax2/config.400.data
Writing restart file
 Restart file: /data/home/dg000246b/openDIS/inital_dislocation_structures/output_caseC_0.14%_seed12345/relax2/restart.400.exadis
Step =    401: nodes = 4266, dt = 1.959279e-12, time = 1.347193e-09, elapsed = 60.5 sec
Step =    402: nodes = 4265, dt = 2.351135e-12, time = 1.349544e-09, elapsed = 60.7 sec
Step =    403: nodes = 4266, dt = 2.821362e-12, time = 1.352365e-09, elapsed = 60.8 sec
Step =    404: nodes = 4266, dt = 3.385635e-12, time = 1.355751e-09, elapsed = 61.0 sec
Step =    405: nodes = 4265, dt = 4.062762e-12, time = 1.359814e-09, elapsed = 61.2 sec
Step =    406: nodes = 4265, dt = 4.875314e-12, time = 1.364689e-09, elapsed = 61.3 sec
Step =    407: nodes = 4265, dt = 2.925188e-12, time = 1.367614e-09, elapsed = 61.5 sec
Step =    408: nodes = 4263, dt = 2.925188e-12, time = 1.370539e-09, elapsed = 61.6 sec
Step =    409: nodes = 4262, dt = 3.510226e-12, time = 1.374050e-09, elapsed = 61.8 sec
Step =    410: nodes = 4262, dt = 4.212271e-12, time = 1.378262e-09, elapsed = 61.9 sec
Step =    411: nodes = 4262, dt = 5.054725e-12, time = 1.383317e-09, elapsed = 62.1 sec
Step =    412: nodes = 4260, dt = 3.032835e-12, time = 1.386349e-09, elapsed = 62.3 sec
Step =    413: nodes = 4261, dt = 1.516418e-12, time = 1.387866e-09, elapsed = 62.4 sec
Step =    414: nodes = 4261, dt = 1.516418e-12, time = 1.389382e-09, elapsed = 62.6 sec
Step =    415: nodes = 4261, dt = 1.819701e-12, time = 1.391202e-09, elapsed = 62.7 sec
Step =    416: nodes = 4259, dt = 2.183641e-12, time = 1.393386e-09, elapsed = 62.8 sec
Step =    417: nodes = 4260, dt = 1.310185e-12, time = 1.394696e-09, elapsed = 63.0 sec
Step =    418: nodes = 4260, dt = 1.310185e-12, time = 1.396006e-09, elapsed = 63.1 sec
Step =    419: nodes = 4260, dt = 7.861109e-13, time = 1.396792e-09, elapsed = 63.3 sec
Step =    420: nodes = 4261, dt = 7.861109e-13, time = 1.397578e-09, elapsed = 63.4 sec
Step =    421: nodes = 4260, dt = 9.433331e-13, time = 1.398521e-09, elapsed = 63.5 sec
Step =    422: nodes = 4261, dt = 1.132000e-12, time = 1.399653e-09, elapsed = 63.6 sec
Step =    423: nodes = 4261, dt = 1.358400e-12, time = 1.401012e-09, elapsed = 63.7 sec
Step =    424: nodes = 4261, dt = 1.630080e-12, time = 1.402642e-09, elapsed = 63.8 sec
Step =    425: nodes = 4261, dt = 1.956095e-12, time = 1.404598e-09, elapsed = 64.0 sec
Step =    426: nodes = 4260, dt = 2.347315e-12, time = 1.406945e-09, elapsed = 64.1 sec
Step =    427: nodes = 4260, dt = 2.816778e-12, time = 1.409762e-09, elapsed = 64.3 sec
Step =    428: nodes = 4261, dt = 3.380133e-12, time = 1.413142e-09, elapsed = 64.4 sec
Step =    429: nodes = 4259, dt = 4.056160e-12, time = 1.417198e-09, elapsed = 64.6 sec
Step =    430: nodes = 4259, dt = 4.867392e-12, time = 1.422066e-09, elapsed = 64.7 sec
Step =    431: nodes = 4259, dt = 2.920435e-12, time = 1.424986e-09, elapsed = 64.9 sec
Step =    432: nodes = 4258, dt = 2.920435e-12, time = 1.427907e-09, elapsed = 65.1 sec
Step =    433: nodes = 4258, dt = 3.504522e-12, time = 1.431411e-09, elapsed = 65.2 sec
Step =    434: nodes = 4257, dt = 4.205426e-12, time = 1.435617e-09, elapsed = 65.4 sec
Step =    435: nodes = 4256, dt = 5.046512e-12, time = 1.440663e-09, elapsed = 65.6 sec
Step =    436: nodes = 4256, dt = 3.027907e-12, time = 1.443691e-09, elapsed = 65.7 sec
Step =    437: nodes = 4256, dt = 3.027907e-12, time = 1.446719e-09, elapsed = 65.9 sec
Step =    438: nodes = 4256, dt = 3.633488e-12, time = 1.450352e-09, elapsed = 66.0 sec
Step =    439: nodes = 4253, dt = 4.360186e-12, time = 1.454713e-09, elapsed = 66.2 sec
Step =    440: nodes = 4255, dt = 5.232223e-12, time = 1.459945e-09, elapsed = 66.4 sec
Step =    441: nodes = 4255, dt = 3.139334e-12, time = 1.463084e-09, elapsed = 66.6 sec
Step =    442: nodes = 4255, dt = 1.569667e-12, time = 1.464654e-09, elapsed = 66.7 sec
Step =    443: nodes = 4256, dt = 1.569667e-12, time = 1.466224e-09, elapsed = 66.8 sec
Step =    444: nodes = 4256, dt = 1.883600e-12, time = 1.468107e-09, elapsed = 67.0 sec
Step =    445: nodes = 4255, dt = 2.260320e-12, time = 1.470367e-09, elapsed = 67.1 sec
Step =    446: nodes = 4256, dt = 2.712384e-12, time = 1.473080e-09, elapsed = 67.2 sec
Step =    447: nodes = 4256, dt = 3.254861e-12, time = 1.476335e-09, elapsed = 67.4 sec
Step =    448: nodes = 4254, dt = 3.905834e-12, time = 1.480241e-09, elapsed = 67.5 sec
Step =    449: nodes = 4253, dt = 4.687000e-12, time = 1.484928e-09, elapsed = 67.7 sec
Step =    450: nodes = 4252, dt = 2.812200e-12, time = 1.487740e-09, elapsed = 67.9 sec
Step =    451: nodes = 4253, dt = 2.812200e-12, time = 1.490552e-09, elapsed = 68.0 sec
Step =    452: nodes = 4253, dt = 3.374640e-12, time = 1.493927e-09, elapsed = 68.2 sec
Step =    453: nodes = 4252, dt = 4.049568e-12, time = 1.497976e-09, elapsed = 68.3 sec
Step =    454: nodes = 4250, dt = 4.859482e-12, time = 1.502836e-09, elapsed = 68.5 sec
Step =    455: nodes = 4252, dt = 2.915689e-12, time = 1.505751e-09, elapsed = 68.6 sec
Step =    456: nodes = 4253, dt = 2.915689e-12, time = 1.508667e-09, elapsed = 68.7 sec
Step =    457: nodes = 4250, dt = 3.498827e-12, time = 1.512166e-09, elapsed = 68.9 sec
Step =    458: nodes = 4249, dt = 2.099296e-12, time = 1.514265e-09, elapsed = 69.0 sec
Step =    459: nodes = 4248, dt = 2.099296e-12, time = 1.516364e-09, elapsed = 69.2 sec
Step =    460: nodes = 4248, dt = 2.519155e-12, time = 1.518884e-09, elapsed = 69.3 sec
Step =    461: nodes = 4250, dt = 1.511493e-12, time = 1.520395e-09, elapsed = 69.5 sec
Step =    462: nodes = 4250, dt = 1.511493e-12, time = 1.521907e-09, elapsed = 69.6 sec
Step =    463: nodes = 4247, dt = 1.813792e-12, time = 1.523720e-09, elapsed = 69.7 sec
Step =    464: nodes = 4248, dt = 2.176550e-12, time = 1.525897e-09, elapsed = 69.9 sec
Step =    465: nodes = 4248, dt = 2.611860e-12, time = 1.528509e-09, elapsed = 70.0 sec
Step =    466: nodes = 4248, dt = 3.134232e-12, time = 1.531643e-09, elapsed = 70.2 sec
Step =    467: nodes = 4248, dt = 3.761079e-12, time = 1.535404e-09, elapsed = 70.4 sec
Step =    468: nodes = 4246, dt = 4.513295e-12, time = 1.539917e-09, elapsed = 70.5 sec
Step =    469: nodes = 4247, dt = 2.707977e-12, time = 1.542625e-09, elapsed = 70.7 sec
Step =    470: nodes = 4247, dt = 2.707977e-12, time = 1.545333e-09, elapsed = 70.8 sec
Step =    471: nodes = 4246, dt = 3.249572e-12, time = 1.548583e-09, elapsed = 71.0 sec
Step =    472: nodes = 4245, dt = 3.899487e-12, time = 1.552482e-09, elapsed = 71.2 sec
Step =    473: nodes = 4244, dt = 4.679384e-12, time = 1.557162e-09, elapsed = 71.3 sec
Step =    474: nodes = 4244, dt = 2.807630e-12, time = 1.559969e-09, elapsed = 71.5 sec
Step =    475: nodes = 4243, dt = 2.807630e-12, time = 1.562777e-09, elapsed = 71.6 sec
Step =    476: nodes = 4244, dt = 3.369156e-12, time = 1.566146e-09, elapsed = 71.8 sec
Step =    477: nodes = 4240, dt = 4.042988e-12, time = 1.570189e-09, elapsed = 71.9 sec
Step =    478: nodes = 4243, dt = 4.851585e-12, time = 1.575041e-09, elapsed = 72.1 sec
Step =    479: nodes = 4243, dt = 2.910951e-12, time = 1.577952e-09, elapsed = 72.3 sec
Step =    480: nodes = 4242, dt = 2.910951e-12, time = 1.580863e-09, elapsed = 72.4 sec
Step =    481: nodes = 4243, dt = 3.493141e-12, time = 1.584356e-09, elapsed = 72.6 sec
Step =    482: nodes = 4243, dt = 4.191770e-12, time = 1.588548e-09, elapsed = 72.7 sec
Step =    483: nodes = 4242, dt = 5.030124e-12, time = 1.593578e-09, elapsed = 72.9 sec
Step =    484: nodes = 4242, dt = 3.018074e-12, time = 1.596596e-09, elapsed = 73.0 sec
Step =    485: nodes = 4241, dt = 3.018074e-12, time = 1.599614e-09, elapsed = 73.2 sec
Step =    486: nodes = 4240, dt = 3.621689e-12, time = 1.603236e-09, elapsed = 73.3 sec
Step =    487: nodes = 4240, dt = 4.346027e-12, time = 1.607582e-09, elapsed = 73.5 sec
Step =    488: nodes = 4239, dt = 2.607616e-12, time = 1.610189e-09, elapsed = 73.6 sec
Step =    489: nodes = 4238, dt = 2.607616e-12, time = 1.612797e-09, elapsed = 73.8 sec
Step =    490: nodes = 4237, dt = 3.129139e-12, time = 1.615926e-09, elapsed = 73.9 sec
Step =    491: nodes = 4238, dt = 3.754967e-12, time = 1.619681e-09, elapsed = 74.1 sec
Step =    492: nodes = 4237, dt = 4.505961e-12, time = 1.624187e-09, elapsed = 74.2 sec
Step =    493: nodes = 4239, dt = 5.407153e-12, time = 1.629594e-09, elapsed = 74.4 sec
Step =    494: nodes = 4236, dt = 3.244292e-12, time = 1.632838e-09, elapsed = 74.6 sec
Step =    495: nodes = 4240, dt = 1.622146e-12, time = 1.634460e-09, elapsed = 74.7 sec
Step =    496: nodes = 4240, dt = 1.622146e-12, time = 1.636083e-09, elapsed = 74.9 sec
Step =    497: nodes = 4240, dt = 1.946575e-12, time = 1.638029e-09, elapsed = 75.0 sec
Step =    498: nodes = 4240, dt = 2.335890e-12, time = 1.640365e-09, elapsed = 75.2 sec
Step =    499: nodes = 4241, dt = 2.803068e-12, time = 1.643168e-09, elapsed = 75.3 sec
Step =    500: nodes = 4241, dt = 3.363682e-12, time = 1.646532e-09, elapsed = 75.5 sec
Writing configuration in legacy data format
 Output file: /data/home/dg000246b/openDIS/inital_dislocation_structures/output_caseC_0.14%_seed12345/relax2/config.500.data
Writing restart file
 Restart file: /data/home/dg000246b/openDIS/inital_dislocation_structures/output_caseC_0.14%_seed12345/relax2/restart.500.exadis
Step =    501: nodes = 4239, dt = 4.036418e-12, time = 1.650568e-09, elapsed = 75.7 sec
Step =    502: nodes = 4240, dt = 4.843702e-12, time = 1.655412e-09, elapsed = 75.9 sec
Step =    503: nodes = 4236, dt = 2.906221e-12, time = 1.658318e-09, elapsed = 76.0 sec
Step =    504: nodes = 4238, dt = 2.906221e-12, time = 1.661224e-09, elapsed = 76.2 sec
Step =    505: nodes = 4237, dt = 3.487465e-12, time = 1.664712e-09, elapsed = 76.4 sec
Step =    506: nodes = 4235, dt = 4.184958e-12, time = 1.668897e-09, elapsed = 76.5 sec
Step =    507: nodes = 4237, dt = 5.021950e-12, time = 1.673919e-09, elapsed = 76.6 sec
Step =    508: nodes = 4239, dt = 3.013170e-12, time = 1.676932e-09, elapsed = 76.8 sec
Step =    509: nodes = 4238, dt = 3.013170e-12, time = 1.679945e-09, elapsed = 76.9 sec
Step =    510: nodes = 4236, dt = 3.615804e-12, time = 1.683561e-09, elapsed = 77.1 sec
Step =    511: nodes = 4234, dt = 2.169482e-12, time = 1.685730e-09, elapsed = 77.3 sec
Step =    512: nodes = 4236, dt = 1.084741e-12, time = 1.686815e-09, elapsed = 77.4 sec
Step =    513: nodes = 4237, dt = 1.084741e-12, time = 1.687900e-09, elapsed = 77.5 sec
Step =    514: nodes = 4237, dt = 1.301689e-12, time = 1.689202e-09, elapsed = 77.6 sec
Step =    515: nodes = 4236, dt = 1.562027e-12, time = 1.690764e-09, elapsed = 77.8 sec
Step =    516: nodes = 4235, dt = 1.874433e-12, time = 1.692638e-09, elapsed = 77.9 sec
Step =    517: nodes = 4234, dt = 2.249319e-12, time = 1.694887e-09, elapsed = 78.0 sec
Step =    518: nodes = 4235, dt = 2.699183e-12, time = 1.697587e-09, elapsed = 78.2 sec
Step =    519: nodes = 4236, dt = 3.239020e-12, time = 1.700826e-09, elapsed = 78.4 sec
Step =    520: nodes = 4235, dt = 3.886824e-12, time = 1.704712e-09, elapsed = 78.5 sec
Step =    521: nodes = 4237, dt = 4.664188e-12, time = 1.709377e-09, elapsed = 78.7 sec
Step =    522: nodes = 4236, dt = 5.597026e-12, time = 1.714974e-09, elapsed = 78.9 sec
Step =    523: nodes = 4235, dt = 3.358216e-12, time = 1.718332e-09, elapsed = 79.0 sec
Step =    524: nodes = 4232, dt = 3.358216e-12, time = 1.721690e-09, elapsed = 79.2 sec
Step =    525: nodes = 4232, dt = 4.029859e-12, time = 1.725720e-09, elapsed = 79.4 sec
Step =    526: nodes = 4232, dt = 4.835830e-12, time = 1.730556e-09, elapsed = 79.5 sec
Step =    527: nodes = 4231, dt = 5.802997e-12, time = 1.736359e-09, elapsed = 79.7 sec
Step =    528: nodes = 4230, dt = 3.481798e-12, time = 1.739840e-09, elapsed = 79.9 sec
Step =    529: nodes = 4231, dt = 3.481798e-12, time = 1.743322e-09, elapsed = 80.0 sec
Step =    530: nodes = 4233, dt = 4.178158e-12, time = 1.747500e-09, elapsed = 80.2 sec
Step =    531: nodes = 4228, dt = 5.013789e-12, time = 1.752514e-09, elapsed = 80.4 sec
Step =    532: nodes = 4229, dt = 6.016547e-12, time = 1.758531e-09, elapsed = 80.6 sec
Step =    533: nodes = 4228, dt = 3.609928e-12, time = 1.762141e-09, elapsed = 80.7 sec
Step =    534: nodes = 4230, dt = 3.609928e-12, time = 1.765751e-09, elapsed = 80.9 sec
Step =    535: nodes = 4229, dt = 4.331914e-12, time = 1.770083e-09, elapsed = 81.0 sec
Step =    536: nodes = 4227, dt = 5.198296e-12, time = 1.775281e-09, elapsed = 81.2 sec
Step =    537: nodes = 4227, dt = 6.237956e-12, time = 1.781519e-09, elapsed = 81.4 sec
Step =    538: nodes = 4229, dt = 3.742773e-12, time = 1.785262e-09, elapsed = 81.6 sec
Step =    539: nodes = 4228, dt = 3.742773e-12, time = 1.789004e-09, elapsed = 81.7 sec
Step =    540: nodes = 4226, dt = 4.491328e-12, time = 1.793496e-09, elapsed = 81.9 sec
Step =    541: nodes = 4225, dt = 5.389594e-12, time = 1.798885e-09, elapsed = 82.0 sec
Step =    542: nodes = 4223, dt = 6.467513e-12, time = 1.805353e-09, elapsed = 82.2 sec
Step =    543: nodes = 4223, dt = 3.880508e-12, time = 1.809233e-09, elapsed = 82.3 sec
Step =    544: nodes = 4223, dt = 3.880508e-12, time = 1.813114e-09, elapsed = 82.5 sec
Step =    545: nodes = 4222, dt = 4.656609e-12, time = 1.817770e-09, elapsed = 82.6 sec
Step =    546: nodes = 4223, dt = 2.793965e-12, time = 1.820564e-09, elapsed = 82.8 sec
Step =    547: nodes = 4225, dt = 1.396983e-12, time = 1.821961e-09, elapsed = 82.9 sec
Step =    548: nodes = 4224, dt = 1.396983e-12, time = 1.823358e-09, elapsed = 83.0 sec
Step =    549: nodes = 4225, dt = 1.676379e-12, time = 1.825035e-09, elapsed = 83.1 sec
Step =    550: nodes = 4225, dt = 2.011655e-12, time = 1.827046e-09, elapsed = 83.3 sec
Step =    551: nodes = 4225, dt = 2.413986e-12, time = 1.829460e-09, elapsed = 83.4 sec
Step =    552: nodes = 4225, dt = 2.896783e-12, time = 1.832357e-09, elapsed = 83.5 sec
Step =    553: nodes = 4225, dt = 3.476140e-12, time = 1.835833e-09, elapsed = 83.6 sec
Step =    554: nodes = 4224, dt = 4.171368e-12, time = 1.840005e-09, elapsed = 83.8 sec
Step =    555: nodes = 4223, dt = 5.005642e-12, time = 1.845010e-09, elapsed = 83.9 sec
Step =    556: nodes = 4224, dt = 3.003385e-12, time = 1.848014e-09, elapsed = 84.1 sec
Step =    557: nodes = 4223, dt = 3.003385e-12, time = 1.851017e-09, elapsed = 84.2 sec
Step =    558: nodes = 4224, dt = 3.604062e-12, time = 1.854621e-09, elapsed = 84.4 sec
Step =    559: nodes = 4223, dt = 4.324874e-12, time = 1.858946e-09, elapsed = 84.5 sec
Step =    560: nodes = 4224, dt = 5.189849e-12, time = 1.864136e-09, elapsed = 84.7 sec
Step =    561: nodes = 4224, dt = 3.113910e-12, time = 1.867250e-09, elapsed = 84.8 sec
Step =    562: nodes = 4224, dt = 3.113910e-12, time = 1.870364e-09, elapsed = 85.0 sec
Step =    563: nodes = 4221, dt = 3.736691e-12, time = 1.874100e-09, elapsed = 85.1 sec
Step =    564: nodes = 4221, dt = 4.484030e-12, time = 1.878584e-09, elapsed = 85.3 sec
Step =    565: nodes = 4222, dt = 5.380836e-12, time = 1.883965e-09, elapsed = 85.4 sec
Step =    566: nodes = 4222, dt = 3.228501e-12, time = 1.887194e-09, elapsed = 85.6 sec
Step =    567: nodes = 4221, dt = 3.228501e-12, time = 1.890422e-09, elapsed = 85.7 sec
Step =    568: nodes = 4220, dt = 3.874202e-12, time = 1.894296e-09, elapsed = 85.9 sec
Step =    569: nodes = 4218, dt = 4.649042e-12, time = 1.898945e-09, elapsed = 86.1 sec
Step =    570: nodes = 4218, dt = 5.578850e-12, time = 1.904524e-09, elapsed = 86.2 sec
Step =    571: nodes = 4217, dt = 3.347310e-12, time = 1.907872e-09, elapsed = 86.4 sec
Step =    572: nodes = 4218, dt = 3.347310e-12, time = 1.911219e-09, elapsed = 86.6 sec
Step =    573: nodes = 4217, dt = 4.016772e-12, time = 1.915236e-09, elapsed = 86.7 sec
Step =    574: nodes = 4219, dt = 4.820127e-12, time = 1.920056e-09, elapsed = 86.9 sec
Step =    575: nodes = 4218, dt = 5.784152e-12, time = 1.925840e-09, elapsed = 87.1 sec
Step =    576: nodes = 4218, dt = 3.470491e-12, time = 1.929310e-09, elapsed = 87.3 sec
Step =    577: nodes = 4219, dt = 3.470491e-12, time = 1.932781e-09, elapsed = 87.4 sec
Step =    578: nodes = 4218, dt = 4.164590e-12, time = 1.936946e-09, elapsed = 87.5 sec
Step =    579: nodes = 4220, dt = 4.997507e-12, time = 1.941943e-09, elapsed = 87.7 sec
Step =    580: nodes = 4220, dt = 5.997009e-12, time = 1.947940e-09, elapsed = 87.9 sec
Step =    581: nodes = 4219, dt = 3.598205e-12, time = 1.951538e-09, elapsed = 88.0 sec
Step =    582: nodes = 4220, dt = 3.598205e-12, time = 1.955136e-09, elapsed = 88.2 sec
Step =    583: nodes = 4218, dt = 4.317846e-12, time = 1.959454e-09, elapsed = 88.3 sec
Step =    584: nodes = 4217, dt = 5.181416e-12, time = 1.964636e-09, elapsed = 88.4 sec
Step =    585: nodes = 4215, dt = 3.108849e-12, time = 1.967745e-09, elapsed = 88.6 sec
Step =    586: nodes = 4215, dt = 3.108849e-12, time = 1.970853e-09, elapsed = 88.7 sec
Step =    587: nodes = 4214, dt = 3.730619e-12, time = 1.974584e-09, elapsed = 88.9 sec
Step =    588: nodes = 4211, dt = 4.476743e-12, time = 1.979061e-09, elapsed = 89.4 sec
Step =    589: nodes = 4212, dt = 5.372092e-12, time = 1.984433e-09, elapsed = 89.5 sec
Step =    590: nodes = 4211, dt = 6.446510e-12, time = 1.990879e-09, elapsed = 89.7 sec
Step =    591: nodes = 4212, dt = 7.735812e-12, time = 1.998615e-09, elapsed = 89.9 sec
Step =    592: nodes = 4211, dt = 4.641487e-12, time = 2.003257e-09, elapsed = 90.1 sec
Step =    593: nodes = 4212, dt = 4.641487e-12, time = 2.007898e-09, elapsed = 90.3 sec
Step =    594: nodes = 4210, dt = 5.569785e-12, time = 2.013468e-09, elapsed = 90.4 sec
Step =    595: nodes = 4210, dt = 6.683742e-12, time = 2.020152e-09, elapsed = 90.6 sec
Step =    596: nodes = 4210, dt = 4.010245e-12, time = 2.024162e-09, elapsed = 90.8 sec
Step =    597: nodes = 4209, dt = 4.010245e-12, time = 2.028172e-09, elapsed = 91.0 sec
Step =    598: nodes = 4209, dt = 4.812294e-12, time = 2.032985e-09, elapsed = 91.1 sec
Step =    599: nodes = 4208, dt = 5.774753e-12, time = 2.038759e-09, elapsed = 91.3 sec
Step =    600: nodes = 4208, dt = 3.464852e-12, time = 2.042224e-09, elapsed = 91.5 sec
Writing configuration in legacy data format
 Output file: /data/home/dg000246b/openDIS/inital_dislocation_structures/output_caseC_0.14%_seed12345/relax2/config.600.data
Writing restart file
 Restart file: /data/home/dg000246b/openDIS/inital_dislocation_structures/output_caseC_0.14%_seed12345/relax2/restart.600.exadis
Step =    601: nodes = 4208, dt = 1.732426e-12, time = 2.043957e-09, elapsed = 91.7 sec
Step =    602: nodes = 4208, dt = 1.732426e-12, time = 2.045689e-09, elapsed = 91.8 sec
Step =    603: nodes = 4207, dt = 2.078911e-12, time = 2.047768e-09, elapsed = 92.0 sec
Step =    604: nodes = 4211, dt = 2.494693e-12, time = 2.050263e-09, elapsed = 92.1 sec
Step =    605: nodes = 4211, dt = 2.993632e-12, time = 2.053256e-09, elapsed = 92.3 sec
Step =    606: nodes = 4211, dt = 3.592358e-12, time = 2.056849e-09, elapsed = 92.4 sec
Step =    607: nodes = 4210, dt = 4.310830e-12, time = 2.061159e-09, elapsed = 92.6 sec
Step =    608: nodes = 4211, dt = 5.172996e-12, time = 2.066332e-09, elapsed = 92.7 sec
Step =    609: nodes = 4213, dt = 3.103798e-12, time = 2.069436e-09, elapsed = 92.9 sec
Step =    610: nodes = 4212, dt = 3.103798e-12, time = 2.072540e-09, elapsed = 93.0 sec
Step =    611: nodes = 4212, dt = 3.724557e-12, time = 2.076265e-09, elapsed = 93.4 sec
Step =    612: nodes = 4214, dt = 4.469468e-12, time = 2.080734e-09, elapsed = 93.5 sec
Step =    613: nodes = 4212, dt = 5.363362e-12, time = 2.086097e-09, elapsed = 93.7 sec
Step =    614: nodes = 4211, dt = 3.218017e-12, time = 2.089315e-09, elapsed = 93.9 sec
Step =    615: nodes = 4211, dt = 3.218017e-12, time = 2.092533e-09, elapsed = 94.0 sec
Step =    616: nodes = 4212, dt = 3.861621e-12, time = 2.096395e-09, elapsed = 94.1 sec
Step =    617: nodes = 4214, dt = 4.633945e-12, time = 2.101029e-09, elapsed = 94.3 sec
Step =    618: nodes = 4212, dt = 5.560734e-12, time = 2.106590e-09, elapsed = 94.4 sec
Step =    619: nodes = 4213, dt = 3.336440e-12, time = 2.109926e-09, elapsed = 94.6 sec
Step =    620: nodes = 4212, dt = 1.668220e-12, time = 2.111594e-09, elapsed = 94.7 sec
Step =    621: nodes = 4213, dt = 1.668220e-12, time = 2.113263e-09, elapsed = 94.8 sec
Step =    622: nodes = 4214, dt = 2.001864e-12, time = 2.115264e-09, elapsed = 95.0 sec
Step =    623: nodes = 4214, dt = 2.402237e-12, time = 2.117667e-09, elapsed = 95.1 sec
Step =    624: nodes = 4214, dt = 2.882684e-12, time = 2.120549e-09, elapsed = 95.3 sec
Step =    625: nodes = 4214, dt = 3.459221e-12, time = 2.124009e-09, elapsed = 95.4 sec
Step =    626: nodes = 4212, dt = 4.151066e-12, time = 2.128160e-09, elapsed = 95.6 sec
Step =    627: nodes = 4211, dt = 4.981279e-12, time = 2.133141e-09, elapsed = 95.7 sec
Step =    628: nodes = 4213, dt = 2.988767e-12, time = 2.136130e-09, elapsed = 95.9 sec
Step =    629: nodes = 4212, dt = 2.988767e-12, time = 2.139118e-09, elapsed = 96.0 sec
Step =    630: nodes = 4211, dt = 3.586521e-12, time = 2.142705e-09, elapsed = 96.2 sec
Step =    631: nodes = 4213, dt = 4.303825e-12, time = 2.147009e-09, elapsed = 96.3 sec
Step =    632: nodes = 4214, dt = 5.164590e-12, time = 2.152173e-09, elapsed = 96.5 sec
Step =    633: nodes = 4214, dt = 3.098754e-12, time = 2.155272e-09, elapsed = 96.7 sec
Step =    634: nodes = 4213, dt = 3.098754e-12, time = 2.158371e-09, elapsed = 96.8 sec
Step =    635: nodes = 4212, dt = 3.718505e-12, time = 2.162089e-09, elapsed = 97.0 sec
Step =    636: nodes = 4213, dt = 4.462206e-12, time = 2.166552e-09, elapsed = 97.1 sec
Step =    637: nodes = 4212, dt = 5.354647e-12, time = 2.171906e-09, elapsed = 97.3 sec
Step =    638: nodes = 4213, dt = 3.212788e-12, time = 2.175119e-09, elapsed = 97.5 sec
Step =    639: nodes = 4214, dt = 3.212788e-12, time = 2.178332e-09, elapsed = 97.6 sec
Step =    640: nodes = 4214, dt = 3.855346e-12, time = 2.182187e-09, elapsed = 97.8 sec
Step =    641: nodes = 4213, dt = 4.626415e-12, time = 2.186814e-09, elapsed = 97.9 sec
Step =    642: nodes = 4215, dt = 2.775849e-12, time = 2.189589e-09, elapsed = 98.1 sec
Step =    643: nodes = 4215, dt = 2.775849e-12, time = 2.192365e-09, elapsed = 98.3 sec
Step =    644: nodes = 4214, dt = 3.331019e-12, time = 2.195696e-09, elapsed = 98.4 sec
Step =    645: nodes = 4215, dt = 3.997222e-12, time = 2.199694e-09, elapsed = 98.5 sec
Step =    646: nodes = 4217, dt = 4.796667e-12, time = 2.204490e-09, elapsed = 98.7 sec
Step =    647: nodes = 4217, dt = 2.878000e-12, time = 2.207368e-09, elapsed = 98.8 sec
Step =    648: nodes = 4217, dt = 2.878000e-12, time = 2.210246e-09, elapsed = 99.0 sec
Step =    649: nodes = 4217, dt = 3.453600e-12, time = 2.213700e-09, elapsed = 99.1 sec
Step =    650: nodes = 4217, dt = 4.144320e-12, time = 2.217844e-09, elapsed = 99.3 sec
Step =    651: nodes = 4217, dt = 4.973184e-12, time = 2.222817e-09, elapsed = 99.4 sec
Step =    652: nodes = 4218, dt = 5.967821e-12, time = 2.228785e-09, elapsed = 99.6 sec
Step =    653: nodes = 4218, dt = 3.580693e-12, time = 2.232366e-09, elapsed = 99.8 sec
Step =    654: nodes = 4217, dt = 3.580693e-12, time = 2.235947e-09, elapsed = 99.9 sec
Step =    655: nodes = 4219, dt = 2.148416e-12, time = 2.238095e-09, elapsed = 100.0 sec
Step =    656: nodes = 4219, dt = 2.148416e-12, time = 2.240243e-09, elapsed = 100.2 sec
Step =    657: nodes = 4219, dt = 2.578099e-12, time = 2.242821e-09, elapsed = 100.3 sec
Step =    658: nodes = 4219, dt = 3.093718e-12, time = 2.245915e-09, elapsed = 100.5 sec
Step =    659: nodes = 4219, dt = 3.712462e-12, time = 2.249628e-09, elapsed = 100.6 sec
Step =    660: nodes = 4218, dt = 4.454954e-12, time = 2.254083e-09, elapsed = 100.8 sec
Step =    661: nodes = 4219, dt = 5.345945e-12, time = 2.259429e-09, elapsed = 100.9 sec
Step =    662: nodes = 4216, dt = 6.415134e-12, time = 2.265844e-09, elapsed = 101.1 sec
Step =    663: nodes = 4219, dt = 7.698161e-12, time = 2.273542e-09, elapsed = 101.2 sec
Step =    664: nodes = 4218, dt = 4.618897e-12, time = 2.278161e-09, elapsed = 101.4 sec
Step =    665: nodes = 4220, dt = 4.618897e-12, time = 2.282780e-09, elapsed = 101.6 sec
Step =    666: nodes = 4217, dt = 5.542676e-12, time = 2.288322e-09, elapsed = 101.7 sec
Step =    667: nodes = 4215, dt = 3.325606e-12, time = 2.291648e-09, elapsed = 101.9 sec
Step =    668: nodes = 4212, dt = 3.325606e-12, time = 2.294974e-09, elapsed = 102.0 sec
Step =    669: nodes = 4213, dt = 3.990727e-12, time = 2.298964e-09, elapsed = 102.2 sec
Step =    670: nodes = 4212, dt = 4.788872e-12, time = 2.303753e-09, elapsed = 102.3 sec
Step =    671: nodes = 4211, dt = 5.746647e-12, time = 2.309500e-09, elapsed = 102.5 sec
Step =    672: nodes = 4214, dt = 3.447988e-12, time = 2.312948e-09, elapsed = 102.7 sec
Step =    673: nodes = 4214, dt = 3.447988e-12, time = 2.316396e-09, elapsed = 102.8 sec
Step =    674: nodes = 4214, dt = 4.137586e-12, time = 2.320533e-09, elapsed = 103.0 sec
Step =    675: nodes = 4212, dt = 4.965103e-12, time = 2.325498e-09, elapsed = 103.1 sec
Step =    676: nodes = 4214, dt = 5.958123e-12, time = 2.331457e-09, elapsed = 103.4 sec
Step =    677: nodes = 4214, dt = 7.149748e-12, time = 2.338606e-09, elapsed = 103.6 sec
Step =    678: nodes = 4215, dt = 8.579697e-12, time = 2.347186e-09, elapsed = 103.7 sec
Step =    679: nodes = 4216, dt = 5.147818e-12, time = 2.352334e-09, elapsed = 103.9 sec
Step =    680: nodes = 4216, dt = 5.147818e-12, time = 2.357482e-09, elapsed = 104.0 sec
Step =    681: nodes = 4216, dt = 6.177382e-12, time = 2.363659e-09, elapsed = 104.2 sec
Step =    682: nodes = 4217, dt = 7.412859e-12, time = 2.371072e-09, elapsed = 104.4 sec
Step =    683: nodes = 4218, dt = 4.447715e-12, time = 2.375520e-09, elapsed = 104.6 sec
Step =    684: nodes = 4218, dt = 4.447715e-12, time = 2.379967e-09, elapsed = 104.7 sec
Step =    685: nodes = 4218, dt = 5.337258e-12, time = 2.385305e-09, elapsed = 104.9 sec
Step =    686: nodes = 4218, dt = 6.404710e-12, time = 2.391709e-09, elapsed = 105.1 sec
Step =    687: nodes = 4219, dt = 3.842826e-12, time = 2.395552e-09, elapsed = 105.2 sec
Step =    688: nodes = 4217, dt = 3.842826e-12, time = 2.399395e-09, elapsed = 105.4 sec
Step =    689: nodes = 4219, dt = 2.305696e-12, time = 2.401701e-09, elapsed = 105.5 sec
Step =    690: nodes = 4219, dt = 2.305696e-12, time = 2.404006e-09, elapsed = 105.6 sec
Step =    691: nodes = 4218, dt = 2.766835e-12, time = 2.406773e-09, elapsed = 105.8 sec
Step =    692: nodes = 4218, dt = 3.320202e-12, time = 2.410093e-09, elapsed = 105.9 sec
Step =    693: nodes = 4217, dt = 3.984242e-12, time = 2.414078e-09, elapsed = 106.1 sec
Step =    694: nodes = 4220, dt = 2.390545e-12, time = 2.416468e-09, elapsed = 106.2 sec
Step =    695: nodes = 4219, dt = 2.390545e-12, time = 2.418859e-09, elapsed = 106.4 sec
Step =    696: nodes = 4220, dt = 1.434327e-12, time = 2.420293e-09, elapsed = 106.5 sec
Step =    697: nodes = 4220, dt = 1.434327e-12, time = 2.421727e-09, elapsed = 106.7 sec
Step =    698: nodes = 4219, dt = 1.721193e-12, time = 2.423449e-09, elapsed = 106.8 sec
Step =    699: nodes = 4219, dt = 2.065431e-12, time = 2.425514e-09, elapsed = 106.9 sec
Step =    700: nodes = 4218, dt = 2.478517e-12, time = 2.427992e-09, elapsed = 107.1 sec
Writing configuration in legacy data format
 Output file: /data/home/dg000246b/openDIS/inital_dislocation_structures/output_caseC_0.14%_seed12345/relax2/config.700.data
Writing restart file
 Restart file: /data/home/dg000246b/openDIS/inital_dislocation_structures/output_caseC_0.14%_seed12345/relax2/restart.700.exadis
Step =    701: nodes = 4219, dt = 2.974221e-12, time = 2.430967e-09, elapsed = 107.3 sec
Step =    702: nodes = 4221, dt = 3.569065e-12, time = 2.434536e-09, elapsed = 107.5 sec
Step =    703: nodes = 4220, dt = 4.282878e-12, time = 2.438819e-09, elapsed = 107.6 sec
Step =    704: nodes = 4220, dt = 5.139453e-12, time = 2.443958e-09, elapsed = 107.8 sec
Step =    705: nodes = 4220, dt = 3.083672e-12, time = 2.447042e-09, elapsed = 107.9 sec
Step =    706: nodes = 4221, dt = 3.083672e-12, time = 2.450125e-09, elapsed = 108.1 sec
Step =    707: nodes = 4221, dt = 3.700406e-12, time = 2.453826e-09, elapsed = 108.2 sec
Step =    708: nodes = 4223, dt = 4.440488e-12, time = 2.458266e-09, elapsed = 108.4 sec
Step =    709: nodes = 4222, dt = 5.328585e-12, time = 2.463595e-09, elapsed = 108.5 sec
Step =    710: nodes = 4221, dt = 3.197151e-12, time = 2.466792e-09, elapsed = 108.7 sec
Step =    711: nodes = 4222, dt = 1.598576e-12, time = 2.468391e-09, elapsed = 108.9 sec
Step =    712: nodes = 4221, dt = 1.598576e-12, time = 2.469989e-09, elapsed = 109.0 sec
Step =    713: nodes = 4221, dt = 1.918291e-12, time = 2.471908e-09, elapsed = 109.1 sec
Step =    714: nodes = 4220, dt = 2.301949e-12, time = 2.474209e-09, elapsed = 109.3 sec
Step =    715: nodes = 4221, dt = 2.762339e-12, time = 2.476972e-09, elapsed = 109.5 sec
Step =    716: nodes = 4220, dt = 3.314806e-12, time = 2.480287e-09, elapsed = 109.6 sec
Step =    717: nodes = 4221, dt = 3.977768e-12, time = 2.484264e-09, elapsed = 109.8 sec
Step =    718: nodes = 4220, dt = 4.773321e-12, time = 2.489038e-09, elapsed = 109.9 sec
Step =    719: nodes = 4219, dt = 2.863993e-12, time = 2.491902e-09, elapsed = 110.1 sec
Step =    720: nodes = 4221, dt = 2.863993e-12, time = 2.494766e-09, elapsed = 110.3 sec
Step =    721: nodes = 4221, dt = 3.436791e-12, time = 2.498202e-09, elapsed = 110.4 sec
Step =    722: nodes = 4221, dt = 4.124149e-12, time = 2.502327e-09, elapsed = 110.6 sec
Step =    723: nodes = 4220, dt = 4.948979e-12, time = 2.507276e-09, elapsed = 110.8 sec
Step =    724: nodes = 4222, dt = 2.969388e-12, time = 2.510245e-09, elapsed = 110.9 sec
Step =    725: nodes = 4221, dt = 2.969388e-12, time = 2.513214e-09, elapsed = 111.1 sec
Step =    726: nodes = 4220, dt = 3.563265e-12, time = 2.516778e-09, elapsed = 111.3 sec
Step =    727: nodes = 4220, dt = 4.275918e-12, time = 2.521054e-09, elapsed = 111.4 sec
Step =    728: nodes = 4221, dt = 5.131102e-12, time = 2.526185e-09, elapsed = 111.6 sec
Step =    729: nodes = 4219, dt = 3.078661e-12, time = 2.529263e-09, elapsed = 111.8 sec
Step =    730: nodes = 4220, dt = 1.539330e-12, time = 2.530803e-09, elapsed = 111.9 sec
Step =    731: nodes = 4221, dt = 1.539330e-12, time = 2.532342e-09, elapsed = 112.1 sec
Step =    732: nodes = 4220, dt = 1.847197e-12, time = 2.534189e-09, elapsed = 112.2 sec
Step =    733: nodes = 4220, dt = 2.216636e-12, time = 2.536406e-09, elapsed = 112.4 sec
Step =    734: nodes = 4219, dt = 2.659963e-12, time = 2.539066e-09, elapsed = 112.5 sec
Step =    735: nodes = 4217, dt = 3.191956e-12, time = 2.542258e-09, elapsed = 112.7 sec
Step =    736: nodes = 4217, dt = 3.830347e-12, time = 2.546088e-09, elapsed = 112.8 sec
Step =    737: nodes = 4218, dt = 4.596416e-12, time = 2.550684e-09, elapsed = 113.0 sec
Step =    738: nodes = 4218, dt = 5.515699e-12, time = 2.556200e-09, elapsed = 113.2 sec
Step =    739: nodes = 4217, dt = 3.309420e-12, time = 2.559510e-09, elapsed = 113.4 sec
Step =    740: nodes = 4217, dt = 3.309420e-12, time = 2.562819e-09, elapsed = 113.5 sec
Step =    741: nodes = 4216, dt = 3.971304e-12, time = 2.566790e-09, elapsed = 113.7 sec
Step =    742: nodes = 4216, dt = 4.765564e-12, time = 2.571556e-09, elapsed = 113.8 sec
Step =    743: nodes = 4215, dt = 5.718677e-12, time = 2.577275e-09, elapsed = 114.0 sec
Step =    744: nodes = 4219, dt = 3.431206e-12, time = 2.580706e-09, elapsed = 114.2 sec
Step =    745: nodes = 4220, dt = 3.431206e-12, time = 2.584137e-09, elapsed = 114.4 sec
Step =    746: nodes = 4219, dt = 4.117448e-12, time = 2.588254e-09, elapsed = 114.5 sec
Step =    747: nodes = 4220, dt = 4.940937e-12, time = 2.593195e-09, elapsed = 114.7 sec
Step =    748: nodes = 4220, dt = 5.929125e-12, time = 2.599125e-09, elapsed = 114.9 sec
Step =    749: nodes = 4219, dt = 3.557475e-12, time = 2.602682e-09, elapsed = 115.0 sec
Step =    750: nodes = 4218, dt = 3.557475e-12, time = 2.606239e-09, elapsed = 115.2 sec
Step =    751: nodes = 4219, dt = 4.268970e-12, time = 2.610508e-09, elapsed = 115.3 sec
Step =    752: nodes = 4220, dt = 2.561382e-12, time = 2.613070e-09, elapsed = 115.5 sec
Step =    753: nodes = 4219, dt = 2.561382e-12, time = 2.615631e-09, elapsed = 115.7 sec
Step =    754: nodes = 4218, dt = 3.073658e-12, time = 2.618705e-09, elapsed = 115.8 sec
Step =    755: nodes = 4218, dt = 3.688390e-12, time = 2.622393e-09, elapsed = 115.9 sec
Step =    756: nodes = 4218, dt = 4.426068e-12, time = 2.626819e-09, elapsed = 116.1 sec
Step =    757: nodes = 4218, dt = 5.311281e-12, time = 2.632131e-09, elapsed = 116.3 sec
Step =    758: nodes = 4219, dt = 3.186769e-12, time = 2.635317e-09, elapsed = 116.5 sec
Step =    759: nodes = 4219, dt = 3.186769e-12, time = 2.638504e-09, elapsed = 116.6 sec
Step =    760: nodes = 4219, dt = 3.824123e-12, time = 2.642328e-09, elapsed = 116.8 sec
Step =    761: nodes = 4219, dt = 4.588947e-12, time = 2.646917e-09, elapsed = 117.0 sec
Step =    762: nodes = 4219, dt = 5.506736e-12, time = 2.652424e-09, elapsed = 117.1 sec
Step =    763: nodes = 4220, dt = 3.304042e-12, time = 2.655728e-09, elapsed = 117.3 sec
Step =    764: nodes = 4221, dt = 3.304042e-12, time = 2.659032e-09, elapsed = 117.4 sec
Step =    765: nodes = 4220, dt = 3.964850e-12, time = 2.662997e-09, elapsed = 117.6 sec
Step =    766: nodes = 4220, dt = 4.757820e-12, time = 2.667755e-09, elapsed = 117.8 sec
Step =    767: nodes = 4220, dt = 5.709384e-12, time = 2.673464e-09, elapsed = 117.9 sec
Step =    768: nodes = 4219, dt = 3.425631e-12, time = 2.676890e-09, elapsed = 118.1 sec
Step =    769: nodes = 4220, dt = 3.425631e-12, time = 2.680315e-09, elapsed = 118.2 sec
Step =    770: nodes = 4219, dt = 4.110757e-12, time = 2.684426e-09, elapsed = 118.4 sec
Step =    771: nodes = 4220, dt = 2.466454e-12, time = 2.686893e-09, elapsed = 118.6 sec
Step =    772: nodes = 4220, dt = 2.466454e-12, time = 2.689359e-09, elapsed = 118.7 sec
Step =    773: nodes = 4220, dt = 2.959745e-12, time = 2.692319e-09, elapsed = 118.9 sec
Step =    774: nodes = 4220, dt = 3.551694e-12, time = 2.695870e-09, elapsed = 119.3 sec
Step =    775: nodes = 4221, dt = 4.262033e-12, time = 2.700132e-09, elapsed = 119.5 sec
Step =    776: nodes = 4220, dt = 5.114439e-12, time = 2.705247e-09, elapsed = 119.8 sec
Step =    777: nodes = 4220, dt = 3.068663e-12, time = 2.708316e-09, elapsed = 119.9 sec
Step =    778: nodes = 4220, dt = 3.068663e-12, time = 2.711384e-09, elapsed = 120.1 sec
Step =    779: nodes = 4220, dt = 3.682396e-12, time = 2.715067e-09, elapsed = 120.2 sec
Step =    780: nodes = 4221, dt = 4.418875e-12, time = 2.719486e-09, elapsed = 120.4 sec
Step =    781: nodes = 4220, dt = 5.302650e-12, time = 2.724788e-09, elapsed = 120.5 sec
Step =    782: nodes = 4219, dt = 3.181590e-12, time = 2.727970e-09, elapsed = 120.7 sec
Step =    783: nodes = 4220, dt = 3.181590e-12, time = 2.731151e-09, elapsed = 120.8 sec
Step =    784: nodes = 4220, dt = 3.817908e-12, time = 2.734969e-09, elapsed = 121.0 sec
Step =    785: nodes = 4218, dt = 4.581490e-12, time = 2.739551e-09, elapsed = 121.1 sec
Step =    786: nodes = 4219, dt = 5.497788e-12, time = 2.745049e-09, elapsed = 121.3 sec
Step =    787: nodes = 4220, dt = 3.298673e-12, time = 2.748347e-09, elapsed = 121.5 sec
Step =    788: nodes = 4220, dt = 3.298673e-12, time = 2.751646e-09, elapsed = 121.6 sec
Step =    789: nodes = 4222, dt = 3.958407e-12, time = 2.755604e-09, elapsed = 121.8 sec
Step =    790: nodes = 4222, dt = 4.750089e-12, time = 2.760354e-09, elapsed = 121.9 sec
Step =    791: nodes = 4222, dt = 5.700107e-12, time = 2.766054e-09, elapsed = 122.1 sec
Step =    792: nodes = 4221, dt = 3.420064e-12, time = 2.769475e-09, elapsed = 122.2 sec
Step =    793: nodes = 4224, dt = 3.420064e-12, time = 2.772895e-09, elapsed = 122.4 sec
Step =    794: nodes = 4225, dt = 4.104077e-12, time = 2.776999e-09, elapsed = 122.5 sec
Step =    795: nodes = 4226, dt = 4.924892e-12, time = 2.781924e-09, elapsed = 122.7 sec
Step =    796: nodes = 4226, dt = 5.909871e-12, time = 2.787833e-09, elapsed = 122.8 sec
Step =    797: nodes = 4225, dt = 3.545922e-12, time = 2.791379e-09, elapsed = 123.0 sec
Step =    798: nodes = 4224, dt = 3.545922e-12, time = 2.794925e-09, elapsed = 123.2 sec
Step =    799: nodes = 4224, dt = 4.255107e-12, time = 2.799180e-09, elapsed = 123.3 sec
Step =    800: nodes = 4223, dt = 5.106128e-12, time = 2.804287e-09, elapsed = 123.5 sec
Writing configuration in legacy data format
 Output file: /data/home/dg000246b/openDIS/inital_dislocation_structures/output_caseC_0.14%_seed12345/relax2/config.800.data
Writing restart file
 Restart file: /data/home/dg000246b/openDIS/inital_dislocation_structures/output_caseC_0.14%_seed12345/relax2/restart.800.exadis
Step =    801: nodes = 4223, dt = 6.127354e-12, time = 2.810414e-09, elapsed = 123.7 sec
Step =    802: nodes = 4221, dt = 3.676412e-12, time = 2.814090e-09, elapsed = 123.8 sec
Step =    803: nodes = 4223, dt = 3.676412e-12, time = 2.817767e-09, elapsed = 124.0 sec
Step =    804: nodes = 4224, dt = 4.411695e-12, time = 2.822178e-09, elapsed = 124.1 sec
Step =    805: nodes = 4225, dt = 5.294034e-12, time = 2.827472e-09, elapsed = 124.3 sec
Step =    806: nodes = 4225, dt = 3.176420e-12, time = 2.830649e-09, elapsed = 124.4 sec
Step =    807: nodes = 4225, dt = 3.176420e-12, time = 2.833825e-09, elapsed = 124.6 sec
Step =    808: nodes = 4225, dt = 3.811704e-12, time = 2.837637e-09, elapsed = 124.7 sec
Step =    809: nodes = 4224, dt = 2.287023e-12, time = 2.839924e-09, elapsed = 124.8 sec
Step =    810: nodes = 4224, dt = 2.287023e-12, time = 2.842211e-09, elapsed = 125.0 sec
Step =    811: nodes = 4223, dt = 2.744427e-12, time = 2.844955e-09, elapsed = 125.1 sec
Step =    812: nodes = 4222, dt = 3.293312e-12, time = 2.848249e-09, elapsed = 125.3 sec
Step =    813: nodes = 4222, dt = 3.951975e-12, time = 2.852201e-09, elapsed = 125.4 sec
Step =    814: nodes = 4223, dt = 4.742370e-12, time = 2.856943e-09, elapsed = 125.6 sec
Step =    815: nodes = 4222, dt = 2.845422e-12, time = 2.859789e-09, elapsed = 125.8 sec
Step =    816: nodes = 4221, dt = 2.845422e-12, time = 2.862634e-09, elapsed = 125.9 sec
Step =    817: nodes = 4221, dt = 3.414506e-12, time = 2.866048e-09, elapsed = 126.1 sec
Step =    818: nodes = 4221, dt = 4.097408e-12, time = 2.870146e-09, elapsed = 126.2 sec
Step =    819: nodes = 4223, dt = 4.916889e-12, time = 2.875063e-09, elapsed = 126.4 sec
Step =    820: nodes = 4223, dt = 2.950133e-12, time = 2.878013e-09, elapsed = 126.6 sec
Step =    821: nodes = 4224, dt = 2.950133e-12, time = 2.880963e-09, elapsed = 126.7 sec
Step =    822: nodes = 4223, dt = 3.540160e-12, time = 2.884503e-09, elapsed = 126.9 sec
Step =    823: nodes = 4226, dt = 4.248192e-12, time = 2.888751e-09, elapsed = 127.0 sec
Step =    824: nodes = 4226, dt = 5.097831e-12, time = 2.893849e-09, elapsed = 127.1 sec
Step =    825: nodes = 4225, dt = 3.058698e-12, time = 2.896908e-09, elapsed = 127.3 sec
Step =    826: nodes = 4227, dt = 3.058698e-12, time = 2.899967e-09, elapsed = 127.5 sec
Step =    827: nodes = 4228, dt = 3.670438e-12, time = 2.903637e-09, elapsed = 127.6 sec
Step =    828: nodes = 4229, dt = 4.404526e-12, time = 2.908042e-09, elapsed = 127.8 sec
Step =    829: nodes = 4230, dt = 5.285431e-12, time = 2.913327e-09, elapsed = 127.9 sec
Step =    830: nodes = 4229, dt = 3.171258e-12, time = 2.916498e-09, elapsed = 128.1 sec
Step =    831: nodes = 4230, dt = 3.171258e-12, time = 2.919670e-09, elapsed = 128.3 sec
Step =    832: nodes = 4231, dt = 3.805510e-12, time = 2.923475e-09, elapsed = 128.5 sec
Step =    833: nodes = 4235, dt = 4.566612e-12, time = 2.928042e-09, elapsed = 128.6 sec
Step =    834: nodes = 4234, dt = 5.479935e-12, time = 2.933522e-09, elapsed = 128.8 sec
Step =    835: nodes = 4235, dt = 3.287961e-12, time = 2.936810e-09, elapsed = 129.0 sec
Step =    836: nodes = 4234, dt = 3.287961e-12, time = 2.940097e-09, elapsed = 129.1 sec
Step =    837: nodes = 4234, dt = 3.945553e-12, time = 2.944043e-09, elapsed = 129.3 sec
Step =    838: nodes = 4234, dt = 4.734664e-12, time = 2.948778e-09, elapsed = 129.4 sec
Step =    839: nodes = 4234, dt = 5.681596e-12, time = 2.954459e-09, elapsed = 129.6 sec
Step =    840: nodes = 4233, dt = 3.408958e-12, time = 2.957868e-09, elapsed = 129.8 sec
Step =    841: nodes = 4233, dt = 3.408958e-12, time = 2.961277e-09, elapsed = 129.9 sec
Step =    842: nodes = 4227, dt = 4.090749e-12, time = 2.965368e-09, elapsed = 130.1 sec
Step =    843: nodes = 4231, dt = 4.908899e-12, time = 2.970277e-09, elapsed = 130.2 sec
Step =    844: nodes = 4235, dt = 5.890679e-12, time = 2.976168e-09, elapsed = 130.4 sec
Step =    845: nodes = 4236, dt = 3.534407e-12, time = 2.979702e-09, elapsed = 130.5 sec
Step =    846: nodes = 4234, dt = 3.534407e-12, time = 2.983236e-09, elapsed = 130.7 sec
Step =    847: nodes = 4234, dt = 4.241289e-12, time = 2.987478e-09, elapsed = 130.8 sec
Step =    848: nodes = 4233, dt = 5.089547e-12, time = 2.992567e-09, elapsed = 131.0 sec
Step =    849: nodes = 4233, dt = 3.053728e-12, time = 2.995621e-09, elapsed = 131.2 sec
Step =    850: nodes = 4232, dt = 3.053728e-12, time = 2.998675e-09, elapsed = 131.3 sec
Step =    851: nodes = 4234, dt = 1.832237e-12, time = 3.000507e-09, elapsed = 131.5 sec
Step =    852: nodes = 4234, dt = 1.832237e-12, time = 3.002339e-09, elapsed = 131.6 sec
Step =    853: nodes = 4234, dt = 2.198684e-12, time = 3.004538e-09, elapsed = 131.7 sec
Step =    854: nodes = 4235, dt = 2.638421e-12, time = 3.007176e-09, elapsed = 131.9 sec
Step =    855: nodes = 4235, dt = 3.166105e-12, time = 3.010342e-09, elapsed = 132.0 sec
Step =    856: nodes = 4235, dt = 3.799326e-12, time = 3.014142e-09, elapsed = 132.2 sec
Step =    857: nodes = 4234, dt = 4.559191e-12, time = 3.018701e-09, elapsed = 132.3 sec
Step =    858: nodes = 4234, dt = 2.735515e-12, time = 3.021436e-09, elapsed = 132.5 sec
Step =    859: nodes = 4235, dt = 2.735515e-12, time = 3.024172e-09, elapsed = 132.6 sec
Step =    860: nodes = 4235, dt = 3.282618e-12, time = 3.027454e-09, elapsed = 132.8 sec
Step =    861: nodes = 4235, dt = 3.939141e-12, time = 3.031394e-09, elapsed = 132.9 sec
Step =    862: nodes = 4235, dt = 4.726970e-12, time = 3.036121e-09, elapsed = 133.0 sec
Step =    863: nodes = 4235, dt = 2.836182e-12, time = 3.038957e-09, elapsed = 133.2 sec
Step =    864: nodes = 4236, dt = 2.836182e-12, time = 3.041793e-09, elapsed = 133.4 sec
Step =    865: nodes = 4237, dt = 3.403418e-12, time = 3.045196e-09, elapsed = 133.5 sec
Step =    866: nodes = 4238, dt = 4.084102e-12, time = 3.049280e-09, elapsed = 133.7 sec
Step =    867: nodes = 4240, dt = 4.900922e-12, time = 3.054181e-09, elapsed = 133.8 sec
Step =    868: nodes = 4239, dt = 2.940553e-12, time = 3.057122e-09, elapsed = 134.0 sec
Step =    869: nodes = 4239, dt = 2.940553e-12, time = 3.060063e-09, elapsed = 134.2 sec
Step =    870: nodes = 4239, dt = 3.528664e-12, time = 3.063591e-09, elapsed = 134.3 sec
Step =    871: nodes = 4239, dt = 4.234397e-12, time = 3.067826e-09, elapsed = 134.5 sec
Step =    872: nodes = 4239, dt = 5.081276e-12, time = 3.072907e-09, elapsed = 134.6 sec
Step =    873: nodes = 4239, dt = 3.048766e-12, time = 3.075956e-09, elapsed = 134.8 sec
Step =    874: nodes = 4239, dt = 3.048766e-12, time = 3.079004e-09, elapsed = 134.9 sec
Step =    875: nodes = 4240, dt = 3.658519e-12, time = 3.082663e-09, elapsed = 135.0 sec
Step =    876: nodes = 4241, dt = 4.390223e-12, time = 3.087053e-09, elapsed = 135.2 sec
Step =    877: nodes = 4241, dt = 2.634134e-12, time = 3.089687e-09, elapsed = 135.3 sec
Step =    878: nodes = 4241, dt = 2.634134e-12, time = 3.092321e-09, elapsed = 135.5 sec
Step =    879: nodes = 4241, dt = 3.160960e-12, time = 3.095482e-09, elapsed = 135.6 sec
Step =    880: nodes = 4241, dt = 3.793152e-12, time = 3.099276e-09, elapsed = 135.7 sec
Step =    881: nodes = 4241, dt = 4.551783e-12, time = 3.103827e-09, elapsed = 135.9 sec
Step =    882: nodes = 4241, dt = 2.731070e-12, time = 3.106558e-09, elapsed = 136.1 sec
Step =    883: nodes = 4243, dt = 2.731070e-12, time = 3.109289e-09, elapsed = 136.2 sec
Step =    884: nodes = 4242, dt = 3.277284e-12, time = 3.112567e-09, elapsed = 136.4 sec
Step =    885: nodes = 4242, dt = 3.932740e-12, time = 3.116499e-09, elapsed = 136.5 sec
Step =    886: nodes = 4242, dt = 4.719288e-12, time = 3.121219e-09, elapsed = 136.7 sec
Step =    887: nodes = 4242, dt = 2.831573e-12, time = 3.124050e-09, elapsed = 136.9 sec
Step =    888: nodes = 4241, dt = 2.831573e-12, time = 3.126882e-09, elapsed = 137.0 sec
Step =    889: nodes = 4241, dt = 3.397888e-12, time = 3.130280e-09, elapsed = 137.1 sec
Step =    890: nodes = 4242, dt = 4.077465e-12, time = 3.134357e-09, elapsed = 137.3 sec
Step =    891: nodes = 4242, dt = 4.892958e-12, time = 3.139250e-09, elapsed = 137.5 sec
Step =    892: nodes = 4242, dt = 2.935775e-12, time = 3.142186e-09, elapsed = 137.6 sec
Step =    893: nodes = 4244, dt = 1.467887e-12, time = 3.143654e-09, elapsed = 137.8 sec
Step =    894: nodes = 4244, dt = 1.467887e-12, time = 3.145122e-09, elapsed = 137.9 sec
Step =    895: nodes = 4243, dt = 1.761465e-12, time = 3.146883e-09, elapsed = 138.0 sec
Step =    896: nodes = 4243, dt = 2.113758e-12, time = 3.148997e-09, elapsed = 138.2 sec
Step =    897: nodes = 4243, dt = 2.536510e-12, time = 3.151533e-09, elapsed = 138.3 sec
Step =    898: nodes = 4243, dt = 3.043811e-12, time = 3.154577e-09, elapsed = 138.5 sec
Step =    899: nodes = 4243, dt = 3.652574e-12, time = 3.158230e-09, elapsed = 138.6 sec
Step =    900: nodes = 4243, dt = 4.383088e-12, time = 3.162613e-09, elapsed = 138.8 sec
Writing configuration in legacy data format
 Output file: /data/home/dg000246b/openDIS/inital_dislocation_structures/output_caseC_0.14%_seed12345/relax2/config.900.data
Writing restart file
 Restart file: /data/home/dg000246b/openDIS/inital_dislocation_structures/output_caseC_0.14%_seed12345/relax2/restart.900.exadis
Step =    901: nodes = 4242, dt = 2.629853e-12, time = 3.165243e-09, elapsed = 139.0 sec
Step =    902: nodes = 4241, dt = 2.629853e-12, time = 3.167873e-09, elapsed = 139.2 sec
Step =    903: nodes = 4241, dt = 3.155824e-12, time = 3.171028e-09, elapsed = 139.3 sec
Step =    904: nodes = 4241, dt = 3.786988e-12, time = 3.174815e-09, elapsed = 139.5 sec
Step =    905: nodes = 4241, dt = 4.544386e-12, time = 3.179360e-09, elapsed = 139.6 sec
Step =    906: nodes = 4242, dt = 5.453263e-12, time = 3.184813e-09, elapsed = 139.8 sec
Step =    907: nodes = 4241, dt = 6.543916e-12, time = 3.191357e-09, elapsed = 140.0 sec
Step =    908: nodes = 4242, dt = 3.926350e-12, time = 3.195283e-09, elapsed = 140.1 sec
Step =    909: nodes = 4244, dt = 3.926350e-12, time = 3.199210e-09, elapsed = 140.3 sec
Step =    910: nodes = 4245, dt = 4.711620e-12, time = 3.203921e-09, elapsed = 140.4 sec
Step =    911: nodes = 4244, dt = 5.653943e-12, time = 3.209575e-09, elapsed = 140.6 sec
Step =    912: nodes = 4245, dt = 1.696183e-12, time = 3.211271e-09, elapsed = 140.8 sec
Step =    913: nodes = 4245, dt = 1.696183e-12, time = 3.212968e-09, elapsed = 140.9 sec
Step =    914: nodes = 4245, dt = 2.035420e-12, time = 3.215003e-09, elapsed = 141.0 sec
Step =    915: nodes = 4245, dt = 2.442504e-12, time = 3.217446e-09, elapsed = 141.1 sec
Step =    916: nodes = 4244, dt = 2.931004e-12, time = 3.220377e-09, elapsed = 141.3 sec
Step =    917: nodes = 4244, dt = 3.517205e-12, time = 3.223894e-09, elapsed = 141.5 sec
Step =    918: nodes = 4244, dt = 4.220646e-12, time = 3.228114e-09, elapsed = 141.6 sec
Step =    919: nodes = 4244, dt = 5.064775e-12, time = 3.233179e-09, elapsed = 141.8 sec
Step =    920: nodes = 4246, dt = 6.077730e-12, time = 3.239257e-09, elapsed = 141.9 sec
Step =    921: nodes = 4246, dt = 3.646638e-12, time = 3.242904e-09, elapsed = 142.1 sec
Step =    922: nodes = 4246, dt = 3.646638e-12, time = 3.246550e-09, elapsed = 142.2 sec
Step =    923: nodes = 4245, dt = 4.375966e-12, time = 3.250926e-09, elapsed = 142.4 sec
Step =    924: nodes = 4247, dt = 5.251159e-12, time = 3.256177e-09, elapsed = 142.6 sec
Step =    925: nodes = 4246, dt = 6.301391e-12, time = 3.262479e-09, elapsed = 142.7 sec
Step =    926: nodes = 4247, dt = 3.780835e-12, time = 3.266260e-09, elapsed = 142.9 sec
Step =    927: nodes = 4247, dt = 3.780835e-12, time = 3.270040e-09, elapsed = 143.0 sec
Step =    928: nodes = 4248, dt = 4.537001e-12, time = 3.274577e-09, elapsed = 143.2 sec
Step =    929: nodes = 4248, dt = 5.444402e-12, time = 3.280022e-09, elapsed = 143.4 sec
Step =    930: nodes = 4248, dt = 6.533282e-12, time = 3.286555e-09, elapsed = 143.6 sec
Step =    931: nodes = 4249, dt = 3.919969e-12, time = 3.290475e-09, elapsed = 143.7 sec
Step =    932: nodes = 4250, dt = 3.919969e-12, time = 3.294395e-09, elapsed = 143.9 sec
Step =    933: nodes = 4249, dt = 4.703963e-12, time = 3.299099e-09, elapsed = 144.0 sec
Step =    934: nodes = 4250, dt = 5.644756e-12, time = 3.304744e-09, elapsed = 144.2 sec
Step =    935: nodes = 4249, dt = 3.386853e-12, time = 3.308131e-09, elapsed = 144.3 sec
Step =    936: nodes = 4250, dt = 3.386853e-12, time = 3.311517e-09, elapsed = 144.5 sec
Step =    937: nodes = 4249, dt = 4.064224e-12, time = 3.315582e-09, elapsed = 144.7 sec
Step =    938: nodes = 4249, dt = 4.877069e-12, time = 3.320459e-09, elapsed = 144.9 sec
Step =    939: nodes = 4250, dt = 5.852483e-12, time = 3.326311e-09, elapsed = 145.0 sec
Step =    940: nodes = 4251, dt = 3.511490e-12, time = 3.329823e-09, elapsed = 145.2 sec
Step =    941: nodes = 4250, dt = 3.511490e-12, time = 3.333334e-09, elapsed = 145.4 sec
Step =    942: nodes = 4251, dt = 4.213788e-12, time = 3.337548e-09, elapsed = 145.5 sec
Step =    943: nodes = 4250, dt = 5.056545e-12, time = 3.342605e-09, elapsed = 145.7 sec
Step =    944: nodes = 4251, dt = 6.067854e-12, time = 3.348672e-09, elapsed = 145.9 sec
Step =    945: nodes = 4251, dt = 3.640712e-12, time = 3.352313e-09, elapsed = 146.1 sec
Step =    946: nodes = 4251, dt = 3.640712e-12, time = 3.355954e-09, elapsed = 146.2 sec
Step =    947: nodes = 4251, dt = 4.368855e-12, time = 3.360323e-09, elapsed = 146.4 sec
Step =    948: nodes = 4253, dt = 5.242626e-12, time = 3.365565e-09, elapsed = 146.5 sec
Step =    949: nodes = 4253, dt = 6.291151e-12, time = 3.371856e-09, elapsed = 146.7 sec
Step =    950: nodes = 4253, dt = 3.774691e-12, time = 3.375631e-09, elapsed = 146.8 sec
Step =    951: nodes = 4254, dt = 3.774691e-12, time = 3.379406e-09, elapsed = 147.0 sec
Step =    952: nodes = 4255, dt = 4.529629e-12, time = 3.383935e-09, elapsed = 147.2 sec
Step =    953: nodes = 4253, dt = 5.435555e-12, time = 3.389371e-09, elapsed = 147.3 sec
Step =    954: nodes = 4255, dt = 3.261333e-12, time = 3.392632e-09, elapsed = 147.5 sec
Step =    955: nodes = 4255, dt = 3.261333e-12, time = 3.395894e-09, elapsed = 147.7 sec
Step =    956: nodes = 4255, dt = 3.913599e-12, time = 3.399807e-09, elapsed = 147.8 sec
Step =    957: nodes = 4254, dt = 4.696319e-12, time = 3.404504e-09, elapsed = 148.0 sec
Step =    958: nodes = 4254, dt = 5.635583e-12, time = 3.410139e-09, elapsed = 148.1 sec
Step =    959: nodes = 4254, dt = 3.381350e-12, time = 3.413521e-09, elapsed = 148.3 sec
Step =    960: nodes = 4254, dt = 3.381350e-12, time = 3.416902e-09, elapsed = 148.4 sec
Step =    961: nodes = 4254, dt = 4.057620e-12, time = 3.420960e-09, elapsed = 148.6 sec
Step =    962: nodes = 4254, dt = 4.869144e-12, time = 3.425829e-09, elapsed = 148.7 sec
Step =    963: nodes = 4254, dt = 5.842972e-12, time = 3.431672e-09, elapsed = 148.8 sec
Step =    964: nodes = 4252, dt = 3.505783e-12, time = 3.435177e-09, elapsed = 149.1 sec
Step =    965: nodes = 4251, dt = 3.505783e-12, time = 3.438683e-09, elapsed = 149.2 sec
Step =    966: nodes = 4252, dt = 4.206940e-12, time = 3.442890e-09, elapsed = 149.7 sec
Step =    967: nodes = 4251, dt = 5.048328e-12, time = 3.447938e-09, elapsed = 149.9 sec
Step =    968: nodes = 4251, dt = 6.057994e-12, time = 3.453996e-09, elapsed = 150.1 sec
Step =    969: nodes = 4252, dt = 3.634796e-12, time = 3.457631e-09, elapsed = 150.2 sec
Step =    970: nodes = 4252, dt = 3.634796e-12, time = 3.461266e-09, elapsed = 150.4 sec
Step =    971: nodes = 4252, dt = 4.361756e-12, time = 3.465628e-09, elapsed = 150.5 sec
Step =    972: nodes = 4251, dt = 5.234107e-12, time = 3.470862e-09, elapsed = 150.7 sec
Step =    973: nodes = 4251, dt = 3.140464e-12, time = 3.474002e-09, elapsed = 150.9 sec
Step =    974: nodes = 4249, dt = 3.140464e-12, time = 3.477143e-09, elapsed = 151.0 sec
Step =    975: nodes = 4250, dt = 3.768557e-12, time = 3.480911e-09, elapsed = 151.2 sec
Step =    976: nodes = 4250, dt = 4.522268e-12, time = 3.485434e-09, elapsed = 151.4 sec
Step =    977: nodes = 4250, dt = 5.426722e-12, time = 3.490860e-09, elapsed = 151.5 sec
Step =    978: nodes = 4250, dt = 3.256033e-12, time = 3.494116e-09, elapsed = 151.7 sec
Step =    979: nodes = 4250, dt = 3.256033e-12, time = 3.497372e-09, elapsed = 151.9 sec
Step =    980: nodes = 4249, dt = 3.907240e-12, time = 3.501280e-09, elapsed = 152.0 sec
Step =    981: nodes = 4250, dt = 4.688688e-12, time = 3.505968e-09, elapsed = 152.1 sec
Step =    982: nodes = 4250, dt = 5.626425e-12, time = 3.511595e-09, elapsed = 152.3 sec
Step =    983: nodes = 4250, dt = 3.375855e-12, time = 3.514971e-09, elapsed = 152.5 sec
Step =    984: nodes = 4250, dt = 3.375855e-12, time = 3.518347e-09, elapsed = 152.6 sec
Step =    985: nodes = 4250, dt = 4.051026e-12, time = 3.522398e-09, elapsed = 152.8 sec
Step =    986: nodes = 4251, dt = 4.861231e-12, time = 3.527259e-09, elapsed = 153.0 sec
Step =    987: nodes = 4250, dt = 5.833478e-12, time = 3.533092e-09, elapsed = 153.1 sec
Step =    988: nodes = 4251, dt = 3.500087e-12, time = 3.536592e-09, elapsed = 153.4 sec
Step =    989: nodes = 4249, dt = 3.500087e-12, time = 3.540092e-09, elapsed = 153.5 sec
Step =    990: nodes = 4249, dt = 4.200104e-12, time = 3.544293e-09, elapsed = 153.7 sec
Step =    991: nodes = 4248, dt = 5.040125e-12, time = 3.549333e-09, elapsed = 153.9 sec
Step =    992: nodes = 4249, dt = 3.024075e-12, time = 3.552357e-09, elapsed = 154.0 sec
Step =    993: nodes = 4248, dt = 3.024075e-12, time = 3.555381e-09, elapsed = 154.2 sec
Step =    994: nodes = 4247, dt = 3.628890e-12, time = 3.559010e-09, elapsed = 154.3 sec
Step =    995: nodes = 4247, dt = 4.354668e-12, time = 3.563364e-09, elapsed = 154.5 sec
Step =    996: nodes = 4247, dt = 5.225601e-12, time = 3.568590e-09, elapsed = 154.6 sec
Step =    997: nodes = 4248, dt = 3.135361e-12, time = 3.571725e-09, elapsed = 154.8 sec
Step =    998: nodes = 4247, dt = 3.135361e-12, time = 3.574861e-09, elapsed = 154.9 sec
Step =    999: nodes = 4247, dt = 3.762433e-12, time = 3.578623e-09, elapsed = 155.0 sec
Step =   1000: nodes = 4247, dt = 4.514920e-12, time = 3.583138e-09, elapsed = 155.2 sec
Writing configuration in legacy data format
 Output file: /data/home/dg000246b/openDIS/inital_dislocation_structures/output_caseC_0.14%_seed12345/relax2/config.1000.data
Writing restart file
 Restart file: /data/home/dg000246b/openDIS/inital_dislocation_structures/output_caseC_0.14%_seed12345/relax2/restart.1000.exadis
Step =   1001: nodes = 4247, dt = 2.708952e-12, time = 3.585847e-09, elapsed = 155.4 sec
Step =   1002: nodes = 4247, dt = 2.708952e-12, time = 3.588556e-09, elapsed = 155.5 sec
Step =   1003: nodes = 4248, dt = 3.250742e-12, time = 3.591807e-09, elapsed = 155.7 sec
Step =   1004: nodes = 4249, dt = 3.900890e-12, time = 3.595708e-09, elapsed = 155.8 sec
Step =   1005: nodes = 4249, dt = 4.681069e-12, time = 3.600389e-09, elapsed = 155.9 sec
Step =   1006: nodes = 4247, dt = 2.808641e-12, time = 3.603197e-09, elapsed = 156.1 sec
Step =   1007: nodes = 4247, dt = 2.808641e-12, time = 3.606006e-09, elapsed = 156.2 sec
Step =   1008: nodes = 4247, dt = 3.370369e-12, time = 3.609376e-09, elapsed = 156.4 sec
Step =   1009: nodes = 4247, dt = 4.044443e-12, time = 3.613421e-09, elapsed = 156.6 sec
Step =   1010: nodes = 4248, dt = 4.853332e-12, time = 3.618274e-09, elapsed = 156.7 sec
Step =   1011: nodes = 4249, dt = 2.911999e-12, time = 3.621186e-09, elapsed = 156.9 sec
Step =   1012: nodes = 4249, dt = 2.911999e-12, time = 3.624098e-09, elapsed = 157.0 sec
Step =   1013: nodes = 4249, dt = 3.494399e-12, time = 3.627592e-09, elapsed = 157.2 sec
Step =   1014: nodes = 4249, dt = 4.193279e-12, time = 3.631786e-09, elapsed = 157.3 sec
Step =   1015: nodes = 4248, dt = 5.031934e-12, time = 3.636818e-09, elapsed = 157.5 sec
Step =   1016: nodes = 4248, dt = 3.019161e-12, time = 3.639837e-09, elapsed = 157.7 sec
Step =   1017: nodes = 4246, dt = 3.019161e-12, time = 3.642856e-09, elapsed = 157.8 sec
Step =   1018: nodes = 4247, dt = 3.622993e-12, time = 3.646479e-09, elapsed = 158.0 sec
Step =   1019: nodes = 4248, dt = 4.347591e-12, time = 3.650827e-09, elapsed = 158.2 sec
Step =   1020: nodes = 4248, dt = 5.217110e-12, time = 3.656044e-09, elapsed = 158.3 sec
Step =   1021: nodes = 4247, dt = 3.130266e-12, time = 3.659174e-09, elapsed = 158.5 sec
Step =   1022: nodes = 4248, dt = 3.130266e-12, time = 3.662304e-09, elapsed = 158.7 sec
Step =   1023: nodes = 4249, dt = 3.756319e-12, time = 3.666061e-09, elapsed = 158.8 sec
Step =   1024: nodes = 4247, dt = 4.507583e-12, time = 3.670568e-09, elapsed = 159.0 sec
Step =   1025: nodes = 4247, dt = 5.409099e-12, time = 3.675977e-09, elapsed = 159.1 sec
Step =   1026: nodes = 4248, dt = 3.245460e-12, time = 3.679223e-09, elapsed = 159.3 sec
Step =   1027: nodes = 4248, dt = 3.245460e-12, time = 3.682468e-09, elapsed = 159.5 sec
Step =   1028: nodes = 4248, dt = 3.894551e-12, time = 3.686363e-09, elapsed = 159.6 sec
Step =   1029: nodes = 4249, dt = 4.673462e-12, time = 3.691036e-09, elapsed = 159.8 sec
Step =   1030: nodes = 4248, dt = 5.608154e-12, time = 3.696644e-09, elapsed = 160.0 sec
Step =   1031: nodes = 4249, dt = 3.364892e-12, time = 3.700009e-09, elapsed = 160.2 sec
Step =   1032: nodes = 4249, dt = 3.364892e-12, time = 3.703374e-09, elapsed = 160.3 sec
Step =   1033: nodes = 4249, dt = 4.037871e-12, time = 3.707412e-09, elapsed = 160.5 sec
Step =   1034: nodes = 4250, dt = 4.845445e-12, time = 3.712257e-09, elapsed = 160.6 sec
Step =   1035: nodes = 4250, dt = 5.814534e-12, time = 3.718072e-09, elapsed = 160.8 sec
Step =   1036: nodes = 4250, dt = 3.488721e-12, time = 3.721561e-09, elapsed = 161.0 sec
Step =   1037: nodes = 4251, dt = 3.488721e-12, time = 3.725049e-09, elapsed = 161.1 sec
Step =   1038: nodes = 4250, dt = 4.186465e-12, time = 3.729236e-09, elapsed = 161.3 sec
Step =   1039: nodes = 4250, dt = 5.023758e-12, time = 3.734260e-09, elapsed = 161.4 sec
Step =   1040: nodes = 4250, dt = 3.014255e-12, time = 3.737274e-09, elapsed = 161.6 sec
Step =   1041: nodes = 4251, dt = 3.014255e-12, time = 3.740288e-09, elapsed = 161.7 sec
Step =   1042: nodes = 4251, dt = 3.617105e-12, time = 3.743905e-09, elapsed = 161.9 sec
Step =   1043: nodes = 4250, dt = 4.340527e-12, time = 3.748246e-09, elapsed = 162.0 sec
Step =   1044: nodes = 4250, dt = 5.208632e-12, time = 3.753454e-09, elapsed = 162.2 sec
Step =   1045: nodes = 4250, dt = 3.125179e-12, time = 3.756580e-09, elapsed = 162.4 sec
Step =   1046: nodes = 4250, dt = 3.125179e-12, time = 3.759705e-09, elapsed = 162.5 sec
Step =   1047: nodes = 4250, dt = 3.750215e-12, time = 3.763455e-09, elapsed = 162.7 sec
Step =   1048: nodes = 4250, dt = 4.500258e-12, time = 3.767955e-09, elapsed = 162.8 sec
Step =   1049: nodes = 4250, dt = 5.400310e-12, time = 3.773356e-09, elapsed = 163.0 sec
Step =   1050: nodes = 4250, dt = 3.240186e-12, time = 3.776596e-09, elapsed = 163.2 sec
Step =   1051: nodes = 4250, dt = 3.240186e-12, time = 3.779836e-09, elapsed = 163.3 sec
Step =   1052: nodes = 4250, dt = 3.888223e-12, time = 3.783724e-09, elapsed = 163.5 sec
Step =   1053: nodes = 4250, dt = 4.665867e-12, time = 3.788390e-09, elapsed = 163.7 sec
Step =   1054: nodes = 4248, dt = 5.599041e-12, time = 3.793989e-09, elapsed = 163.8 sec
Step =   1055: nodes = 4250, dt = 1.679712e-12, time = 3.795669e-09, elapsed = 164.0 sec
Step =   1056: nodes = 4249, dt = 1.679712e-12, time = 3.797348e-09, elapsed = 164.1 sec
Step =   1057: nodes = 4251, dt = 2.015655e-12, time = 3.799364e-09, elapsed = 164.3 sec
Step =   1058: nodes = 4251, dt = 2.418786e-12, time = 3.801783e-09, elapsed = 164.4 sec
Step =   1059: nodes = 4250, dt = 2.902543e-12, time = 3.804685e-09, elapsed = 164.6 sec
Step =   1060: nodes = 4251, dt = 3.483051e-12, time = 3.808168e-09, elapsed = 164.7 sec
Step =   1061: nodes = 4250, dt = 4.179662e-12, time = 3.812348e-09, elapsed = 164.9 sec
Step =   1062: nodes = 4251, dt = 5.015594e-12, time = 3.817364e-09, elapsed = 165.0 sec
Step =   1063: nodes = 4251, dt = 3.009356e-12, time = 3.820373e-09, elapsed = 165.2 sec
Step =   1064: nodes = 4251, dt = 1.504678e-12, time = 3.821878e-09, elapsed = 165.3 sec
Step =   1065: nodes = 4251, dt = 1.504678e-12, time = 3.823382e-09, elapsed = 165.4 sec
Step =   1066: nodes = 4251, dt = 1.805614e-12, time = 3.825188e-09, elapsed = 165.6 sec
Step =   1067: nodes = 4251, dt = 2.166737e-12, time = 3.827355e-09, elapsed = 165.7 sec
Step =   1068: nodes = 4250, dt = 2.600084e-12, time = 3.829955e-09, elapsed = 165.9 sec
Step =   1069: nodes = 4251, dt = 3.120101e-12, time = 3.833075e-09, elapsed = 166.0 sec
Step =   1070: nodes = 4252, dt = 3.744121e-12, time = 3.836819e-09, elapsed = 166.2 sec
Step =   1071: nodes = 4252, dt = 4.492945e-12, time = 3.841312e-09, elapsed = 166.3 sec
Step =   1072: nodes = 4250, dt = 5.391534e-12, time = 3.846704e-09, elapsed = 166.5 sec
Step =   1073: nodes = 4251, dt = 3.234920e-12, time = 3.849939e-09, elapsed = 166.7 sec
Step =   1074: nodes = 4252, dt = 3.234920e-12, time = 3.853173e-09, elapsed = 166.8 sec
Step =   1075: nodes = 4253, dt = 3.881904e-12, time = 3.857055e-09, elapsed = 167.0 sec
Step =   1076: nodes = 4253, dt = 4.658285e-12, time = 3.861714e-09, elapsed = 167.1 sec
Step =   1077: nodes = 4252, dt = 5.589942e-12, time = 3.867304e-09, elapsed = 167.3 sec
Step =   1078: nodes = 4252, dt = 3.353965e-12, time = 3.870658e-09, elapsed = 167.5 sec
Step =   1079: nodes = 4251, dt = 3.353965e-12, time = 3.874011e-09, elapsed = 167.6 sec
Step =   1080: nodes = 4251, dt = 4.024759e-12, time = 3.878036e-09, elapsed = 167.8 sec
Step =   1081: nodes = 4252, dt = 4.829710e-12, time = 3.882866e-09, elapsed = 168.0 sec
Step =   1082: nodes = 4250, dt = 5.795652e-12, time = 3.888662e-09, elapsed = 168.2 sec
Step =   1083: nodes = 4251, dt = 3.477391e-12, time = 3.892139e-09, elapsed = 168.3 sec
Step =   1084: nodes = 4250, dt = 3.477391e-12, time = 3.895616e-09, elapsed = 168.5 sec
Step =   1085: nodes = 4250, dt = 4.172870e-12, time = 3.899789e-09, elapsed = 168.7 sec
Step =   1086: nodes = 4249, dt = 5.007444e-12, time = 3.904797e-09, elapsed = 168.8 sec
Step =   1087: nodes = 4247, dt = 6.008932e-12, time = 3.910806e-09, elapsed = 169.0 sec
Step =   1088: nodes = 4248, dt = 3.605359e-12, time = 3.914411e-09, elapsed = 169.1 sec
Step =   1089: nodes = 4247, dt = 3.605359e-12, time = 3.918016e-09, elapsed = 169.3 sec
Step =   1090: nodes = 4247, dt = 2.163216e-12, time = 3.920180e-09, elapsed = 169.4 sec
Step =   1091: nodes = 4248, dt = 2.163216e-12, time = 3.922343e-09, elapsed = 169.6 sec
Step =   1092: nodes = 4248, dt = 2.595859e-12, time = 3.924939e-09, elapsed = 169.7 sec
Step =   1093: nodes = 4247, dt = 3.115031e-12, time = 3.928054e-09, elapsed = 169.8 sec
Step =   1094: nodes = 4249, dt = 3.738037e-12, time = 3.931792e-09, elapsed = 170.0 sec
Step =   1095: nodes = 4250, dt = 2.242822e-12, time = 3.934035e-09, elapsed = 170.1 sec
Step =   1096: nodes = 4250, dt = 2.242822e-12, time = 3.936277e-09, elapsed = 170.3 sec
Step =   1097: nodes = 4251, dt = 2.691386e-12, time = 3.938969e-09, elapsed = 170.4 sec
Step =   1098: nodes = 4251, dt = 3.229664e-12, time = 3.942198e-09, elapsed = 170.6 sec
Step =   1099: nodes = 4251, dt = 3.875596e-12, time = 3.946074e-09, elapsed = 170.8 sec
Step =   1100: nodes = 4251, dt = 4.650716e-12, time = 3.950725e-09, elapsed = 170.9 sec
Writing configuration in legacy data format
 Output file: /data/home/dg000246b/openDIS/inital_dislocation_structures/output_caseC_0.14%_seed12345/relax2/config.1100.data
Writing restart file
 Restart file: /data/home/dg000246b/openDIS/inital_dislocation_structures/output_caseC_0.14%_seed12345/relax2/restart.1100.exadis
Step =   1101: nodes = 4251, dt = 5.580859e-12, time = 3.956306e-09, elapsed = 171.1 sec
Step =   1102: nodes = 4252, dt = 6.697031e-12, time = 3.963003e-09, elapsed = 171.3 sec
Step =   1103: nodes = 4252, dt = 8.036437e-12, time = 3.971039e-09, elapsed = 171.4 sec
Step =   1104: nodes = 4251, dt = 2.410931e-12, time = 3.973450e-09, elapsed = 171.6 sec
Step =   1105: nodes = 4252, dt = 2.410931e-12, time = 3.975861e-09, elapsed = 171.8 sec
Step =   1106: nodes = 4252, dt = 2.893117e-12, time = 3.978754e-09, elapsed = 171.9 sec
Step =   1107: nodes = 4252, dt = 3.471741e-12, time = 3.982226e-09, elapsed = 172.1 sec
Step =   1108: nodes = 4252, dt = 4.166089e-12, time = 3.986392e-09, elapsed = 172.2 sec
Step =   1109: nodes = 4253, dt = 4.999307e-12, time = 3.991391e-09, elapsed = 172.4 sec
Step =   1110: nodes = 4252, dt = 5.999168e-12, time = 3.997390e-09, elapsed = 172.5 sec
Step =   1111: nodes = 4253, dt = 7.199001e-12, time = 4.004589e-09, elapsed = 172.7 sec
Step =   1112: nodes = 4253, dt = 4.319401e-12, time = 4.008909e-09, elapsed = 172.9 sec
Step =   1113: nodes = 4253, dt = 4.319401e-12, time = 4.013228e-09, elapsed = 173.0 sec
Step =   1114: nodes = 4253, dt = 5.183281e-12, time = 4.018411e-09, elapsed = 173.1 sec
Step =   1115: nodes = 4253, dt = 6.219937e-12, time = 4.024631e-09, elapsed = 173.3 sec
Step =   1116: nodes = 4253, dt = 7.463925e-12, time = 4.032095e-09, elapsed = 173.5 sec
Step =   1117: nodes = 4251, dt = 8.956710e-12, time = 4.041052e-09, elapsed = 173.6 sec
Step =   1118: nodes = 4250, dt = 5.374026e-12, time = 4.046426e-09, elapsed = 173.8 sec
Step =   1119: nodes = 4251, dt = 2.687013e-12, time = 4.049113e-09, elapsed = 174.0 sec
Step =   1120: nodes = 4251, dt = 2.687013e-12, time = 4.051800e-09, elapsed = 174.1 sec
Step =   1121: nodes = 4250, dt = 3.224415e-12, time = 4.055024e-09, elapsed = 174.2 sec
Step =   1122: nodes = 4250, dt = 3.869299e-12, time = 4.058894e-09, elapsed = 174.4 sec
Step =   1123: nodes = 4251, dt = 2.321579e-12, time = 4.061215e-09, elapsed = 174.6 sec
Step =   1124: nodes = 4251, dt = 2.321579e-12, time = 4.063537e-09, elapsed = 174.7 sec
Step =   1125: nodes = 4251, dt = 2.785895e-12, time = 4.066323e-09, elapsed = 174.9 sec
Step =   1126: nodes = 4251, dt = 3.343074e-12, time = 4.069666e-09, elapsed = 175.0 sec
Step =   1127: nodes = 4250, dt = 4.011689e-12, time = 4.073678e-09, elapsed = 175.2 sec
Step =   1128: nodes = 4249, dt = 4.814026e-12, time = 4.078492e-09, elapsed = 175.3 sec
Step =   1129: nodes = 4249, dt = 2.888416e-12, time = 4.081380e-09, elapsed = 175.5 sec
Step =   1130: nodes = 4249, dt = 2.888416e-12, time = 4.084268e-09, elapsed = 175.6 sec
Step =   1131: nodes = 4250, dt = 3.466099e-12, time = 4.087735e-09, elapsed = 175.7 sec
Step =   1132: nodes = 4250, dt = 4.159319e-12, time = 4.091894e-09, elapsed = 175.9 sec
Step =   1133: nodes = 4250, dt = 4.991183e-12, time = 4.096885e-09, elapsed = 176.0 sec
Step =   1134: nodes = 4251, dt = 2.994710e-12, time = 4.099880e-09, elapsed = 176.2 sec
Step =   1135: nodes = 4249, dt = 2.994710e-12, time = 4.102874e-09, elapsed = 176.3 sec
Step =   1136: nodes = 4250, dt = 3.593651e-12, time = 4.106468e-09, elapsed = 176.5 sec
Step =   1137: nodes = 4250, dt = 4.312382e-12, time = 4.110780e-09, elapsed = 176.6 sec
Step =   1138: nodes = 4249, dt = 5.174858e-12, time = 4.115955e-09, elapsed = 176.8 sec
Step =   1139: nodes = 4249, dt = 3.104915e-12, time = 4.119060e-09, elapsed = 176.9 sec
Step =   1140: nodes = 4249, dt = 3.104915e-12, time = 4.122165e-09, elapsed = 177.1 sec
Step =   1141: nodes = 4249, dt = 3.725898e-12, time = 4.125891e-09, elapsed = 177.2 sec
Step =   1142: nodes = 4249, dt = 4.471077e-12, time = 4.130362e-09, elapsed = 177.4 sec
Step =   1143: nodes = 4249, dt = 5.365293e-12, time = 4.135727e-09, elapsed = 177.5 sec
Step =   1144: nodes = 4249, dt = 3.219176e-12, time = 4.138947e-09, elapsed = 177.7 sec
Step =   1145: nodes = 4248, dt = 3.219176e-12, time = 4.142166e-09, elapsed = 177.9 sec
Step =   1146: nodes = 4249, dt = 3.863011e-12, time = 4.146029e-09, elapsed = 178.0 sec
Step =   1147: nodes = 4249, dt = 4.635613e-12, time = 4.150664e-09, elapsed = 178.1 sec
Step =   1148: nodes = 4249, dt = 5.562736e-12, time = 4.156227e-09, elapsed = 178.3 sec
Step =   1149: nodes = 4249, dt = 3.337641e-12, time = 4.159565e-09, elapsed = 178.5 sec
Step =   1150: nodes = 4249, dt = 3.337641e-12, time = 4.162902e-09, elapsed = 178.6 sec
Step =   1151: nodes = 4250, dt = 4.005170e-12, time = 4.166908e-09, elapsed = 178.7 sec
Step =   1152: nodes = 4250, dt = 4.806204e-12, time = 4.171714e-09, elapsed = 178.9 sec
Step =   1153: nodes = 4251, dt = 2.883722e-12, time = 4.174598e-09, elapsed = 179.4 sec
Step =   1154: nodes = 4252, dt = 2.883722e-12, time = 4.177481e-09, elapsed = 179.5 sec
Step =   1155: nodes = 4251, dt = 3.460467e-12, time = 4.180942e-09, elapsed = 179.7 sec
Step =   1156: nodes = 4251, dt = 4.152560e-12, time = 4.185094e-09, elapsed = 179.9 sec
Step =   1157: nodes = 4251, dt = 4.983072e-12, time = 4.190077e-09, elapsed = 180.1 sec
Step =   1158: nodes = 4251, dt = 2.989843e-12, time = 4.193067e-09, elapsed = 180.3 sec
Step =   1159: nodes = 4251, dt = 2.989843e-12, time = 4.196057e-09, elapsed = 180.4 sec
Step =   1160: nodes = 4250, dt = 3.587812e-12, time = 4.199645e-09, elapsed = 180.5 sec
Step =   1161: nodes = 4249, dt = 4.305374e-12, time = 4.203950e-09, elapsed = 180.7 sec
Step =   1162: nodes = 4251, dt = 5.166449e-12, time = 4.209117e-09, elapsed = 180.8 sec
Step =   1163: nodes = 4252, dt = 3.099869e-12, time = 4.212217e-09, elapsed = 181.0 sec
Step =   1164: nodes = 4252, dt = 3.099869e-12, time = 4.215316e-09, elapsed = 181.1 sec
Step =   1165: nodes = 4252, dt = 3.719843e-12, time = 4.219036e-09, elapsed = 181.3 sec
Step =   1166: nodes = 4253, dt = 4.463812e-12, time = 4.223500e-09, elapsed = 181.4 sec
Step =   1167: nodes = 4253, dt = 5.356574e-12, time = 4.228857e-09, elapsed = 181.5 sec
Step =   1168: nodes = 4252, dt = 3.213945e-12, time = 4.232071e-09, elapsed = 181.7 sec
Step =   1169: nodes = 4253, dt = 3.213945e-12, time = 4.235285e-09, elapsed = 181.8 sec
Step =   1170: nodes = 4253, dt = 3.856734e-12, time = 4.239141e-09, elapsed = 182.0 sec
Step =   1171: nodes = 4252, dt = 4.628080e-12, time = 4.243769e-09, elapsed = 182.1 sec
Step =   1172: nodes = 4252, dt = 5.553696e-12, time = 4.249323e-09, elapsed = 182.3 sec
Step =   1173: nodes = 4251, dt = 3.332218e-12, time = 4.252655e-09, elapsed = 182.5 sec
Step =   1174: nodes = 4251, dt = 3.332218e-12, time = 4.255987e-09, elapsed = 182.6 sec
Step =   1175: nodes = 4252, dt = 3.998661e-12, time = 4.259986e-09, elapsed = 182.8 sec
Step =   1176: nodes = 4252, dt = 4.798394e-12, time = 4.264785e-09, elapsed = 182.9 sec
Step =   1177: nodes = 4252, dt = 5.758072e-12, time = 4.270543e-09, elapsed = 183.0 sec
Step =   1178: nodes = 4250, dt = 3.454843e-12, time = 4.273997e-09, elapsed = 183.2 sec
Step =   1179: nodes = 4251, dt = 1.727422e-12, time = 4.275725e-09, elapsed = 183.4 sec
Step =   1180: nodes = 4251, dt = 1.727422e-12, time = 4.277452e-09, elapsed = 183.5 sec
Step =   1181: nodes = 4251, dt = 2.072906e-12, time = 4.279525e-09, elapsed = 183.6 sec
Step =   1182: nodes = 4251, dt = 2.487487e-12, time = 4.282013e-09, elapsed = 183.8 sec
Step =   1183: nodes = 4251, dt = 2.984985e-12, time = 4.284998e-09, elapsed = 183.9 sec
Step =   1184: nodes = 4250, dt = 3.581982e-12, time = 4.288580e-09, elapsed = 184.0 sec
Step =   1185: nodes = 4251, dt = 4.298378e-12, time = 4.292878e-09, elapsed = 184.2 sec
Step =   1186: nodes = 4251, dt = 5.158053e-12, time = 4.298036e-09, elapsed = 184.3 sec
Step =   1187: nodes = 4251, dt = 3.094832e-12, time = 4.301131e-09, elapsed = 184.5 sec
Step =   1188: nodes = 4250, dt = 3.094832e-12, time = 4.304226e-09, elapsed = 184.6 sec
Step =   1189: nodes = 4251, dt = 3.713799e-12, time = 4.307940e-09, elapsed = 184.8 sec
Step =   1190: nodes = 4250, dt = 4.456558e-12, time = 4.312396e-09, elapsed = 184.9 sec
Step =   1191: nodes = 4251, dt = 5.347870e-12, time = 4.317744e-09, elapsed = 185.1 sec
Step =   1192: nodes = 4251, dt = 3.208722e-12, time = 4.320953e-09, elapsed = 185.2 sec
Step =   1193: nodes = 4250, dt = 3.208722e-12, time = 4.324161e-09, elapsed = 185.4 sec
Step =   1194: nodes = 4250, dt = 3.850466e-12, time = 4.328012e-09, elapsed = 185.5 sec
Step =   1195: nodes = 4251, dt = 4.620560e-12, time = 4.332632e-09, elapsed = 185.7 sec
Step =   1196: nodes = 4252, dt = 5.544671e-12, time = 4.338177e-09, elapsed = 185.8 sec
Step =   1197: nodes = 4253, dt = 3.326803e-12, time = 4.341504e-09, elapsed = 185.9 sec
Step =   1198: nodes = 4252, dt = 3.326803e-12, time = 4.344831e-09, elapsed = 186.1 sec
Step =   1199: nodes = 4252, dt = 3.992163e-12, time = 4.348823e-09, elapsed = 186.2 sec
Step =   1200: nodes = 4253, dt = 4.790596e-12, time = 4.353613e-09, elapsed = 186.4 sec
Writing configuration in legacy data format
 Output file: /data/home/dg000246b/openDIS/inital_dislocation_structures/output_caseC_0.14%_seed12345/relax2/config.1200.data
Writing restart file
 Restart file: /data/home/dg000246b/openDIS/inital_dislocation_structures/output_caseC_0.14%_seed12345/relax2/restart.1200.exadis
Step =   1201: nodes = 4252, dt = 5.748715e-12, time = 4.359362e-09, elapsed = 186.6 sec
Step =   1202: nodes = 4253, dt = 3.449229e-12, time = 4.362811e-09, elapsed = 186.8 sec
Step =   1203: nodes = 4254, dt = 3.449229e-12, time = 4.366261e-09, elapsed = 186.9 sec
Step =   1204: nodes = 4254, dt = 4.139075e-12, time = 4.370400e-09, elapsed = 187.0 sec
Step =   1205: nodes = 4253, dt = 4.966890e-12, time = 4.375367e-09, elapsed = 187.2 sec
Step =   1206: nodes = 4254, dt = 2.980134e-12, time = 4.378347e-09, elapsed = 187.3 sec
Step =   1207: nodes = 4254, dt = 2.980134e-12, time = 4.381327e-09, elapsed = 187.4 sec
Step =   1208: nodes = 4253, dt = 3.576161e-12, time = 4.384903e-09, elapsed = 187.6 sec
Step =   1209: nodes = 4253, dt = 4.291393e-12, time = 4.389194e-09, elapsed = 187.7 sec
Step =   1210: nodes = 4252, dt = 5.149672e-12, time = 4.394344e-09, elapsed = 187.9 sec
Step =   1211: nodes = 4253, dt = 1.544901e-12, time = 4.395889e-09, elapsed = 188.1 sec
Step =   1212: nodes = 4253, dt = 7.724507e-13, time = 4.396661e-09, elapsed = 188.2 sec
Step =   1213: nodes = 4253, dt = 7.724507e-13, time = 4.397434e-09, elapsed = 188.3 sec
Step =   1214: nodes = 4251, dt = 9.269409e-13, time = 4.398361e-09, elapsed = 188.4 sec
Step =   1215: nodes = 4252, dt = 1.112329e-12, time = 4.399473e-09, elapsed = 188.5 sec
Step =   1216: nodes = 4252, dt = 1.334795e-12, time = 4.400808e-09, elapsed = 188.7 sec
Step =   1217: nodes = 4251, dt = 1.601754e-12, time = 4.402410e-09, elapsed = 188.8 sec
Step =   1218: nodes = 4249, dt = 1.922105e-12, time = 4.404332e-09, elapsed = 188.9 sec
Step =   1219: nodes = 4251, dt = 2.306526e-12, time = 4.406638e-09, elapsed = 189.0 sec
Step =   1220: nodes = 4251, dt = 2.767831e-12, time = 4.409406e-09, elapsed = 189.1 sec
Step =   1221: nodes = 4251, dt = 3.321397e-12, time = 4.412728e-09, elapsed = 189.3 sec
Step =   1222: nodes = 4252, dt = 3.985676e-12, time = 4.416713e-09, elapsed = 189.4 sec
Step =   1223: nodes = 4252, dt = 2.391406e-12, time = 4.419105e-09, elapsed = 189.6 sec
Step =   1224: nodes = 4252, dt = 2.391406e-12, time = 4.421496e-09, elapsed = 189.7 sec
Step =   1225: nodes = 4251, dt = 2.869687e-12, time = 4.424366e-09, elapsed = 189.8 sec
Step =   1226: nodes = 4251, dt = 3.443624e-12, time = 4.427809e-09, elapsed = 190.0 sec
Step =   1227: nodes = 4251, dt = 4.132349e-12, time = 4.431942e-09, elapsed = 190.1 sec
Step =   1228: nodes = 4248, dt = 4.958819e-12, time = 4.436901e-09, elapsed = 190.3 sec
Step =   1229: nodes = 4251, dt = 2.975291e-12, time = 4.439876e-09, elapsed = 190.4 sec
Step =   1230: nodes = 4251, dt = 2.975291e-12, time = 4.442851e-09, elapsed = 190.5 sec
Step =   1231: nodes = 4250, dt = 3.570350e-12, time = 4.446421e-09, elapsed = 190.7 sec
Step =   1232: nodes = 4251, dt = 4.284420e-12, time = 4.450706e-09, elapsed = 190.8 sec
Step =   1233: nodes = 4251, dt = 5.141303e-12, time = 4.455847e-09, elapsed = 191.0 sec
Step =   1234: nodes = 4251, dt = 3.084782e-12, time = 4.458932e-09, elapsed = 191.1 sec
Step =   1235: nodes = 4252, dt = 3.084782e-12, time = 4.462017e-09, elapsed = 191.3 sec
Step =   1236: nodes = 4252, dt = 3.701738e-12, time = 4.465719e-09, elapsed = 191.4 sec
Step =   1237: nodes = 4252, dt = 4.442086e-12, time = 4.470161e-09, elapsed = 191.5 sec
Step =   1238: nodes = 4251, dt = 5.330503e-12, time = 4.475491e-09, elapsed = 191.7 sec
Step =   1239: nodes = 4251, dt = 3.198302e-12, time = 4.478689e-09, elapsed = 191.9 sec
Step =   1240: nodes = 4251, dt = 3.198302e-12, time = 4.481888e-09, elapsed = 192.0 sec
Step =   1241: nodes = 4250, dt = 3.837962e-12, time = 4.485726e-09, elapsed = 192.1 sec
Step =   1242: nodes = 4250, dt = 4.605555e-12, time = 4.490331e-09, elapsed = 192.3 sec
Step =   1243: nodes = 4250, dt = 2.763333e-12, time = 4.493095e-09, elapsed = 192.4 sec
Step =   1244: nodes = 4250, dt = 2.763333e-12, time = 4.495858e-09, elapsed = 192.5 sec
Step =   1245: nodes = 4250, dt = 3.316000e-12, time = 4.499174e-09, elapsed = 192.7 sec
Step =   1246: nodes = 4247, dt = 3.979199e-12, time = 4.503153e-09, elapsed = 192.8 sec
Step =   1247: nodes = 4248, dt = 2.387520e-12, time = 4.505541e-09, elapsed = 192.9 sec
Step =   1248: nodes = 4248, dt = 2.387520e-12, time = 4.507928e-09, elapsed = 193.1 sec
Step =   1249: nodes = 4249, dt = 2.865024e-12, time = 4.510793e-09, elapsed = 193.2 sec
Step =   1250: nodes = 4249, dt = 3.438028e-12, time = 4.514231e-09, elapsed = 193.4 sec
Step =   1251: nodes = 4249, dt = 4.125634e-12, time = 4.518357e-09, elapsed = 193.5 sec
Step =   1252: nodes = 4249, dt = 4.950761e-12, time = 4.523308e-09, elapsed = 193.6 sec
Step =   1253: nodes = 4249, dt = 2.970456e-12, time = 4.526278e-09, elapsed = 193.8 sec
Step =   1254: nodes = 4249, dt = 2.970456e-12, time = 4.529248e-09, elapsed = 193.9 sec
Step =   1255: nodes = 4248, dt = 3.564548e-12, time = 4.532813e-09, elapsed = 194.1 sec
Step =   1256: nodes = 4249, dt = 4.277457e-12, time = 4.537090e-09, elapsed = 194.2 sec
Step =   1257: nodes = 4248, dt = 5.132949e-12, time = 4.542223e-09, elapsed = 194.4 sec
Step =   1258: nodes = 4249, dt = 3.079769e-12, time = 4.545303e-09, elapsed = 194.6 sec
Step =   1259: nodes = 4248, dt = 3.079769e-12, time = 4.548383e-09, elapsed = 194.7 sec
Step =   1260: nodes = 4249, dt = 3.695723e-12, time = 4.552079e-09, elapsed = 194.9 sec
Step =   1261: nodes = 4249, dt = 4.434868e-12, time = 4.556514e-09, elapsed = 195.0 sec
Step =   1262: nodes = 4248, dt = 5.321841e-12, time = 4.561835e-09, elapsed = 195.2 sec
Step =   1263: nodes = 4249, dt = 3.193105e-12, time = 4.565029e-09, elapsed = 195.3 sec
Step =   1264: nodes = 4249, dt = 3.193105e-12, time = 4.568222e-09, elapsed = 195.5 sec
Step =   1265: nodes = 4249, dt = 3.831726e-12, time = 4.572053e-09, elapsed = 195.7 sec
Step =   1266: nodes = 4249, dt = 4.598071e-12, time = 4.576651e-09, elapsed = 195.8 sec
Step =   1267: nodes = 4249, dt = 5.517685e-12, time = 4.582169e-09, elapsed = 196.0 sec
Step =   1268: nodes = 4249, dt = 3.310611e-12, time = 4.585480e-09, elapsed = 196.1 sec
Step =   1269: nodes = 4250, dt = 3.310611e-12, time = 4.588790e-09, elapsed = 196.2 sec
Step =   1270: nodes = 4250, dt = 3.972733e-12, time = 4.592763e-09, elapsed = 196.4 sec
Step =   1271: nodes = 4250, dt = 4.767280e-12, time = 4.597530e-09, elapsed = 196.5 sec
Step =   1272: nodes = 4251, dt = 5.720736e-12, time = 4.603251e-09, elapsed = 196.7 sec
Step =   1273: nodes = 4252, dt = 3.432442e-12, time = 4.606684e-09, elapsed = 196.9 sec
Step =   1274: nodes = 4252, dt = 3.432442e-12, time = 4.610116e-09, elapsed = 197.0 sec
Step =   1275: nodes = 4252, dt = 4.118930e-12, time = 4.614235e-09, elapsed = 197.1 sec
Step =   1276: nodes = 4251, dt = 4.942716e-12, time = 4.619178e-09, elapsed = 197.3 sec
Step =   1277: nodes = 4251, dt = 5.931259e-12, time = 4.625109e-09, elapsed = 197.4 sec
Step =   1278: nodes = 4252, dt = 3.558755e-12, time = 4.628668e-09, elapsed = 197.6 sec
Step =   1279: nodes = 4252, dt = 3.558755e-12, time = 4.632226e-09, elapsed = 197.7 sec
Step =   1280: nodes = 4253, dt = 2.135253e-12, time = 4.634362e-09, elapsed = 197.8 sec
Step =   1281: nodes = 4252, dt = 2.135253e-12, time = 4.636497e-09, elapsed = 197.9 sec
Step =   1282: nodes = 4253, dt = 2.562304e-12, time = 4.639059e-09, elapsed = 198.1 sec
Step =   1283: nodes = 4253, dt = 3.074765e-12, time = 4.642134e-09, elapsed = 198.2 sec
Step =   1284: nodes = 4253, dt = 3.689718e-12, time = 4.645824e-09, elapsed = 198.4 sec
Step =   1285: nodes = 4253, dt = 4.427661e-12, time = 4.650251e-09, elapsed = 198.5 sec
Step =   1286: nodes = 4253, dt = 5.313193e-12, time = 4.655565e-09, elapsed = 198.7 sec
Step =   1287: nodes = 4252, dt = 3.187916e-12, time = 4.658752e-09, elapsed = 198.8 sec
Step =   1288: nodes = 4253, dt = 1.593958e-12, time = 4.660346e-09, elapsed = 199.0 sec
Step =   1289: nodes = 4253, dt = 1.593958e-12, time = 4.661940e-09, elapsed = 199.1 sec
Step =   1290: nodes = 4253, dt = 1.912750e-12, time = 4.663853e-09, elapsed = 199.2 sec
Step =   1291: nodes = 4254, dt = 2.295300e-12, time = 4.666148e-09, elapsed = 199.3 sec
Step =   1292: nodes = 4253, dt = 2.754359e-12, time = 4.668903e-09, elapsed = 199.5 sec
Step =   1293: nodes = 4253, dt = 3.305231e-12, time = 4.672208e-09, elapsed = 199.6 sec
Step =   1294: nodes = 4252, dt = 3.966278e-12, time = 4.676174e-09, elapsed = 199.7 sec
Step =   1295: nodes = 4250, dt = 4.759533e-12, time = 4.680934e-09, elapsed = 199.9 sec
Step =   1296: nodes = 4252, dt = 5.711440e-12, time = 4.686645e-09, elapsed = 200.0 sec
Step =   1297: nodes = 4251, dt = 3.426864e-12, time = 4.690072e-09, elapsed = 200.2 sec
Step =   1298: nodes = 4253, dt = 3.426864e-12, time = 4.693499e-09, elapsed = 200.3 sec
Step =   1299: nodes = 4253, dt = 4.112237e-12, time = 4.697611e-09, elapsed = 200.4 sec
Step =   1300: nodes = 4253, dt = 4.934684e-12, time = 4.702546e-09, elapsed = 200.6 sec
Writing configuration in legacy data format
 Output file: /data/home/dg000246b/openDIS/inital_dislocation_structures/output_caseC_0.14%_seed12345/relax2/config.1300.data
Writing restart file
 Restart file: /data/home/dg000246b/openDIS/inital_dislocation_structures/output_caseC_0.14%_seed12345/relax2/restart.1300.exadis
Step =   1301: nodes = 4252, dt = 5.921621e-12, time = 4.708468e-09, elapsed = 200.8 sec
Step =   1302: nodes = 4252, dt = 3.552972e-12, time = 4.712020e-09, elapsed = 201.0 sec
Step =   1303: nodes = 4252, dt = 3.552972e-12, time = 4.715573e-09, elapsed = 201.1 sec
Step =   1304: nodes = 4252, dt = 4.263567e-12, time = 4.719837e-09, elapsed = 201.2 sec
Step =   1305: nodes = 4251, dt = 5.116280e-12, time = 4.724953e-09, elapsed = 201.4 sec
Step =   1306: nodes = 4251, dt = 3.069768e-12, time = 4.728023e-09, elapsed = 201.5 sec
Step =   1307: nodes = 4249, dt = 3.069768e-12, time = 4.731093e-09, elapsed = 201.7 sec
Step =   1308: nodes = 4251, dt = 3.683722e-12, time = 4.734777e-09, elapsed = 201.8 sec
Step =   1309: nodes = 4251, dt = 4.420466e-12, time = 4.739197e-09, elapsed = 201.9 sec
Step =   1310: nodes = 4252, dt = 5.304559e-12, time = 4.744502e-09, elapsed = 202.1 sec
Step =   1311: nodes = 4251, dt = 3.182736e-12, time = 4.747684e-09, elapsed = 202.2 sec
Step =   1312: nodes = 4252, dt = 3.182736e-12, time = 4.750867e-09, elapsed = 202.4 sec
Step =   1313: nodes = 4252, dt = 3.819283e-12, time = 4.754686e-09, elapsed = 202.5 sec
Step =   1314: nodes = 4252, dt = 4.583139e-12, time = 4.759269e-09, elapsed = 202.6 sec
Step =   1315: nodes = 4252, dt = 5.499767e-12, time = 4.764769e-09, elapsed = 202.8 sec
Step =   1316: nodes = 4252, dt = 3.299860e-12, time = 4.768069e-09, elapsed = 202.9 sec
Step =   1317: nodes = 4252, dt = 3.299860e-12, time = 4.771369e-09, elapsed = 203.0 sec
Step =   1318: nodes = 4252, dt = 3.959832e-12, time = 4.775329e-09, elapsed = 203.2 sec
Step =   1319: nodes = 4253, dt = 2.375899e-12, time = 4.777705e-09, elapsed = 203.3 sec
Step =   1320: nodes = 4253, dt = 2.375899e-12, time = 4.780081e-09, elapsed = 203.4 sec
Step =   1321: nodes = 4253, dt = 2.851079e-12, time = 4.782932e-09, elapsed = 203.5 sec
Step =   1322: nodes = 4253, dt = 3.421295e-12, time = 4.786353e-09, elapsed = 203.7 sec
Step =   1323: nodes = 4253, dt = 4.105554e-12, time = 4.790459e-09, elapsed = 203.8 sec
Step =   1324: nodes = 4253, dt = 4.926665e-12, time = 4.795385e-09, elapsed = 204.0 sec
Step =   1325: nodes = 4253, dt = 2.955999e-12, time = 4.798341e-09, elapsed = 204.1 sec
Step =   1326: nodes = 4252, dt = 2.955999e-12, time = 4.801297e-09, elapsed = 204.3 sec
Step =   1327: nodes = 4252, dt = 3.547199e-12, time = 4.804844e-09, elapsed = 204.4 sec
Step =   1328: nodes = 4252, dt = 4.256639e-12, time = 4.809101e-09, elapsed = 204.5 sec
Step =   1329: nodes = 4250, dt = 2.553983e-12, time = 4.811655e-09, elapsed = 204.7 sec
Step =   1330: nodes = 4251, dt = 2.553983e-12, time = 4.814209e-09, elapsed = 204.8 sec
Step =   1331: nodes = 4250, dt = 3.064780e-12, time = 4.817274e-09, elapsed = 204.9 sec
Step =   1332: nodes = 4250, dt = 3.677736e-12, time = 4.820952e-09, elapsed = 205.1 sec
Step =   1333: nodes = 4250, dt = 4.413283e-12, time = 4.825365e-09, elapsed = 205.2 sec
Step =   1334: nodes = 4249, dt = 5.295939e-12, time = 4.830661e-09, elapsed = 205.3 sec
Step =   1335: nodes = 4250, dt = 3.177564e-12, time = 4.833838e-09, elapsed = 205.5 sec
Step =   1336: nodes = 4252, dt = 3.177564e-12, time = 4.837016e-09, elapsed = 205.6 sec
Step =   1337: nodes = 4252, dt = 3.813076e-12, time = 4.840829e-09, elapsed = 205.7 sec
Step =   1338: nodes = 4252, dt = 4.575692e-12, time = 4.845405e-09, elapsed = 205.8 sec
Step =   1339: nodes = 4252, dt = 5.490830e-12, time = 4.850895e-09, elapsed = 206.0 sec
Step =   1340: nodes = 4252, dt = 3.294498e-12, time = 4.854190e-09, elapsed = 206.2 sec
Step =   1341: nodes = 4252, dt = 3.294498e-12, time = 4.857484e-09, elapsed = 206.3 sec
Step =   1342: nodes = 4252, dt = 3.953398e-12, time = 4.861438e-09, elapsed = 206.4 sec
Step =   1343: nodes = 4251, dt = 4.744077e-12, time = 4.866182e-09, elapsed = 206.6 sec
Step =   1344: nodes = 4250, dt = 5.692893e-12, time = 4.871875e-09, elapsed = 206.7 sec
Step =   1345: nodes = 4251, dt = 3.415736e-12, time = 4.875291e-09, elapsed = 206.9 sec
Step =   1346: nodes = 4251, dt = 3.415736e-12, time = 4.878706e-09, elapsed = 207.0 sec
Step =   1347: nodes = 4252, dt = 4.098883e-12, time = 4.882805e-09, elapsed = 207.1 sec
Step =   1348: nodes = 4250, dt = 4.918659e-12, time = 4.887724e-09, elapsed = 207.3 sec
Step =   1349: nodes = 4250, dt = 2.951196e-12, time = 4.890675e-09, elapsed = 207.4 sec
Step =   1350: nodes = 4250, dt = 1.475598e-12, time = 4.892151e-09, elapsed = 207.6 sec
Step =   1351: nodes = 4250, dt = 1.475598e-12, time = 4.893626e-09, elapsed = 207.7 sec
Step =   1352: nodes = 4251, dt = 1.770717e-12, time = 4.895397e-09, elapsed = 207.8 sec
Step =   1353: nodes = 4251, dt = 2.124861e-12, time = 4.897522e-09, elapsed = 207.9 sec
Step =   1354: nodes = 4251, dt = 2.549833e-12, time = 4.900072e-09, elapsed = 208.0 sec
Step =   1355: nodes = 4251, dt = 3.059799e-12, time = 4.903131e-09, elapsed = 208.2 sec
Step =   1356: nodes = 4249, dt = 3.671759e-12, time = 4.906803e-09, elapsed = 208.3 sec
Step =   1357: nodes = 4250, dt = 4.406111e-12, time = 4.911209e-09, elapsed = 208.4 sec
Step =   1358: nodes = 4250, dt = 5.287334e-12, time = 4.916497e-09, elapsed = 208.6 sec
Step =   1359: nodes = 4250, dt = 3.172400e-12, time = 4.919669e-09, elapsed = 208.8 sec
Step =   1360: nodes = 4249, dt = 3.172400e-12, time = 4.922841e-09, elapsed = 208.9 sec
Step =   1361: nodes = 4249, dt = 3.806880e-12, time = 4.926648e-09, elapsed = 209.1 sec
Step =   1362: nodes = 4249, dt = 4.568256e-12, time = 4.931217e-09, elapsed = 209.5 sec
Step =   1363: nodes = 4249, dt = 5.481907e-12, time = 4.936698e-09, elapsed = 209.7 sec
Step =   1364: nodes = 4251, dt = 3.289144e-12, time = 4.939988e-09, elapsed = 209.9 sec
Step =   1365: nodes = 4250, dt = 3.289144e-12, time = 4.943277e-09, elapsed = 210.0 sec
Step =   1366: nodes = 4250, dt = 3.946973e-12, time = 4.947224e-09, elapsed = 210.1 sec
Step =   1367: nodes = 4250, dt = 4.736368e-12, time = 4.951960e-09, elapsed = 210.3 sec
Step =   1368: nodes = 4250, dt = 5.683642e-12, time = 4.957644e-09, elapsed = 210.4 sec
Step =   1369: nodes = 4250, dt = 3.410185e-12, time = 4.961054e-09, elapsed = 210.6 sec
Step =   1370: nodes = 4249, dt = 3.410185e-12, time = 4.964464e-09, elapsed = 210.7 sec
Step =   1371: nodes = 4248, dt = 4.092222e-12, time = 4.968556e-09, elapsed = 210.8 sec
Step =   1372: nodes = 4247, dt = 4.910666e-12, time = 4.973467e-09, elapsed = 211.0 sec
Step =   1373: nodes = 4247, dt = 5.892800e-12, time = 4.979360e-09, elapsed = 211.2 sec
Step =   1374: nodes = 4247, dt = 3.535680e-12, time = 4.982895e-09, elapsed = 211.3 sec
Step =   1375: nodes = 4246, dt = 3.535680e-12, time = 4.986431e-09, elapsed = 211.5 sec
Step =   1376: nodes = 4246, dt = 4.242816e-12, time = 4.990674e-09, elapsed = 211.6 sec
Step =   1377: nodes = 4247, dt = 5.091379e-12, time = 4.995765e-09, elapsed = 211.8 sec
Step =   1378: nodes = 4248, dt = 6.109655e-12, time = 5.001875e-09, elapsed = 212.0 sec
Step =   1379: nodes = 4247, dt = 3.665793e-12, time = 5.005541e-09, elapsed = 212.1 sec
Step =   1380: nodes = 4247, dt = 3.665793e-12, time = 5.009207e-09, elapsed = 212.2 sec
Step =   1381: nodes = 4247, dt = 4.398951e-12, time = 5.013606e-09, elapsed = 212.4 sec
Step =   1382: nodes = 4246, dt = 5.278742e-12, time = 5.018884e-09, elapsed = 212.5 sec
Step =   1383: nodes = 4245, dt = 6.334490e-12, time = 5.025219e-09, elapsed = 212.7 sec
Step =   1384: nodes = 4245, dt = 1.900347e-12, time = 5.027119e-09, elapsed = 212.9 sec
Step =   1385: nodes = 4245, dt = 1.900347e-12, time = 5.029019e-09, elapsed = 213.0 sec
Step =   1386: nodes = 4245, dt = 2.280416e-12, time = 5.031300e-09, elapsed = 213.1 sec
Step =   1387: nodes = 4245, dt = 2.736500e-12, time = 5.034036e-09, elapsed = 213.3 sec
Step =   1388: nodes = 4245, dt = 3.283800e-12, time = 5.037320e-09, elapsed = 213.4 sec
Step =   1389: nodes = 4245, dt = 3.940559e-12, time = 5.041261e-09, elapsed = 213.6 sec
Step =   1390: nodes = 4245, dt = 4.728671e-12, time = 5.045989e-09, elapsed = 213.7 sec
Step =   1391: nodes = 4245, dt = 5.674406e-12, time = 5.051664e-09, elapsed = 213.9 sec
Step =   1392: nodes = 4246, dt = 6.809287e-12, time = 5.058473e-09, elapsed = 214.1 sec
Step =   1393: nodes = 4246, dt = 4.085572e-12, time = 5.062559e-09, elapsed = 214.2 sec
Step =   1394: nodes = 4247, dt = 4.085572e-12, time = 5.066644e-09, elapsed = 214.4 sec
Step =   1395: nodes = 4246, dt = 4.902686e-12, time = 5.071547e-09, elapsed = 214.5 sec
Step =   1396: nodes = 4246, dt = 5.883224e-12, time = 5.077430e-09, elapsed = 214.7 sec
Step =   1397: nodes = 4246, dt = 7.059869e-12, time = 5.084490e-09, elapsed = 214.8 sec
Step =   1398: nodes = 4247, dt = 4.235921e-12, time = 5.088726e-09, elapsed = 215.0 sec
Step =   1399: nodes = 4246, dt = 4.235921e-12, time = 5.092962e-09, elapsed = 215.1 sec
Step =   1400: nodes = 4247, dt = 5.083105e-12, time = 5.098045e-09, elapsed = 215.3 sec
Writing configuration in legacy data format
 Output file: /data/home/dg000246b/openDIS/inital_dislocation_structures/output_caseC_0.14%_seed12345/relax2/config.1400.data
Writing restart file
 Restart file: /data/home/dg000246b/openDIS/inital_dislocation_structures/output_caseC_0.14%_seed12345/relax2/restart.1400.exadis
Step =   1401: nodes = 4245, dt = 6.099726e-12, time = 5.104145e-09, elapsed = 215.5 sec
Step =   1402: nodes = 4244, dt = 7.319672e-12, time = 5.111464e-09, elapsed = 215.7 sec
Step =   1403: nodes = 4244, dt = 4.391803e-12, time = 5.115856e-09, elapsed = 215.8 sec
Step =   1404: nodes = 4243, dt = 4.391803e-12, time = 5.120248e-09, elapsed = 216.0 sec
Step =   1405: nodes = 4244, dt = 5.270164e-12, time = 5.125518e-09, elapsed = 216.1 sec
Step =   1406: nodes = 4243, dt = 6.324196e-12, time = 5.131842e-09, elapsed = 216.3 sec
Step =   1407: nodes = 4244, dt = 7.589036e-12, time = 5.139431e-09, elapsed = 216.4 sec
Step =   1408: nodes = 4244, dt = 9.106843e-12, time = 5.148538e-09, elapsed = 216.6 sec
Step =   1409: nodes = 4243, dt = 2.732053e-12, time = 5.151270e-09, elapsed = 216.8 sec
Step =   1410: nodes = 4243, dt = 2.732053e-12, time = 5.154002e-09, elapsed = 216.9 sec
Step =   1411: nodes = 4244, dt = 3.278463e-12, time = 5.157281e-09, elapsed = 217.0 sec
Step =   1412: nodes = 4243, dt = 3.934156e-12, time = 5.161215e-09, elapsed = 217.2 sec
Step =   1413: nodes = 4242, dt = 4.720987e-12, time = 5.165936e-09, elapsed = 217.3 sec
Step =   1414: nodes = 4243, dt = 5.665185e-12, time = 5.171601e-09, elapsed = 217.5 sec
Step =   1415: nodes = 4241, dt = 6.798222e-12, time = 5.178399e-09, elapsed = 217.6 sec
Step =   1416: nodes = 4242, dt = 8.157866e-12, time = 5.186557e-09, elapsed = 217.8 sec
Step =   1417: nodes = 4241, dt = 9.789439e-12, time = 5.196347e-09, elapsed = 218.0 sec
Step =   1418: nodes = 4242, dt = 1.174733e-11, time = 5.208094e-09, elapsed = 218.1 sec
Step =   1419: nodes = 4242, dt = 7.048396e-12, time = 5.215142e-09, elapsed = 218.3 sec
Step =   1420: nodes = 4241, dt = 7.048396e-12, time = 5.222191e-09, elapsed = 218.5 sec
Step =   1421: nodes = 4239, dt = 8.458076e-12, time = 5.230649e-09, elapsed = 218.6 sec
Step =   1422: nodes = 4239, dt = 1.014969e-11, time = 5.240799e-09, elapsed = 218.8 sec
Step =   1423: nodes = 4239, dt = 6.089814e-12, time = 5.246888e-09, elapsed = 219.0 sec
Step =   1424: nodes = 4238, dt = 6.089814e-12, time = 5.252978e-09, elapsed = 219.2 sec
Step =   1425: nodes = 4238, dt = 7.307777e-12, time = 5.260286e-09, elapsed = 219.3 sec
Step =   1426: nodes = 4239, dt = 4.384666e-12, time = 5.264671e-09, elapsed = 219.5 sec
Step =   1427: nodes = 4238, dt = 4.384666e-12, time = 5.269055e-09, elapsed = 219.6 sec
Step =   1428: nodes = 4237, dt = 5.261600e-12, time = 5.274317e-09, elapsed = 219.8 sec
Step =   1429: nodes = 4237, dt = 6.313920e-12, time = 5.280631e-09, elapsed = 220.0 sec
Step =   1430: nodes = 4238, dt = 3.788352e-12, time = 5.284419e-09, elapsed = 220.1 sec
Step =   1431: nodes = 4237, dt = 3.788352e-12, time = 5.288208e-09, elapsed = 220.2 sec
Step =   1432: nodes = 4238, dt = 4.546022e-12, time = 5.292754e-09, elapsed = 220.4 sec
Step =   1433: nodes = 4238, dt = 5.455226e-12, time = 5.298209e-09, elapsed = 220.5 sec
Step =   1434: nodes = 4238, dt = 6.546272e-12, time = 5.304755e-09, elapsed = 220.7 sec
Step =   1435: nodes = 4238, dt = 3.927763e-12, time = 5.308683e-09, elapsed = 220.9 sec
Step =   1436: nodes = 4238, dt = 1.963882e-12, time = 5.310647e-09, elapsed = 221.0 sec
Step =   1437: nodes = 4238, dt = 1.963882e-12, time = 5.312611e-09, elapsed = 221.1 sec
Step =   1438: nodes = 4237, dt = 2.356658e-12, time = 5.314967e-09, elapsed = 221.3 sec
Step =   1439: nodes = 4238, dt = 2.827989e-12, time = 5.317795e-09, elapsed = 221.4 sec
Step =   1440: nodes = 4238, dt = 3.393587e-12, time = 5.321189e-09, elapsed = 221.5 sec
Step =   1441: nodes = 4239, dt = 2.036152e-12, time = 5.323225e-09, elapsed = 221.6 sec
Step =   1442: nodes = 4239, dt = 2.036152e-12, time = 5.325261e-09, elapsed = 221.8 sec
Step =   1443: nodes = 4239, dt = 2.443383e-12, time = 5.327704e-09, elapsed = 221.9 sec
Step =   1444: nodes = 4239, dt = 2.932059e-12, time = 5.330637e-09, elapsed = 222.0 sec
Step =   1445: nodes = 4238, dt = 3.518471e-12, time = 5.334155e-09, elapsed = 222.1 sec
Step =   1446: nodes = 4239, dt = 4.222166e-12, time = 5.338377e-09, elapsed = 222.3 sec
Step =   1447: nodes = 4239, dt = 2.533299e-12, time = 5.340910e-09, elapsed = 222.4 sec
Step =   1448: nodes = 4240, dt = 2.533299e-12, time = 5.343444e-09, elapsed = 222.6 sec
Step =   1449: nodes = 4241, dt = 3.039959e-12, time = 5.346484e-09, elapsed = 222.7 sec
Step =   1450: nodes = 4241, dt = 3.647951e-12, time = 5.350132e-09, elapsed = 222.9 sec
Step =   1451: nodes = 4241, dt = 4.377541e-12, time = 5.354509e-09, elapsed = 223.1 sec
Step =   1452: nodes = 4242, dt = 2.626525e-12, time = 5.357136e-09, elapsed = 223.2 sec
Step =   1453: nodes = 4238, dt = 2.626525e-12, time = 5.359762e-09, elapsed = 223.3 sec
Step =   1454: nodes = 4236, dt = 3.151830e-12, time = 5.362914e-09, elapsed = 223.5 sec
Step =   1455: nodes = 4237, dt = 3.782196e-12, time = 5.366696e-09, elapsed = 223.6 sec
Step =   1456: nodes = 4236, dt = 4.538635e-12, time = 5.371235e-09, elapsed = 223.7 sec
Step =   1457: nodes = 4236, dt = 5.446362e-12, time = 5.376681e-09, elapsed = 223.9 sec
Step =   1458: nodes = 4236, dt = 3.267817e-12, time = 5.379949e-09, elapsed = 224.1 sec
Step =   1459: nodes = 4236, dt = 3.267817e-12, time = 5.383217e-09, elapsed = 224.2 sec
Step =   1460: nodes = 4234, dt = 3.921380e-12, time = 5.387138e-09, elapsed = 224.3 sec
Step =   1461: nodes = 4234, dt = 4.705657e-12, time = 5.391844e-09, elapsed = 224.5 sec
Step =   1462: nodes = 4234, dt = 5.646788e-12, time = 5.397491e-09, elapsed = 224.7 sec
Step =   1463: nodes = 4234, dt = 3.388073e-12, time = 5.400879e-09, elapsed = 224.8 sec
Step =   1464: nodes = 4234, dt = 3.388073e-12, time = 5.404267e-09, elapsed = 225.0 sec
Step =   1465: nodes = 4233, dt = 4.065687e-12, time = 5.408333e-09, elapsed = 225.1 sec
Step =   1466: nodes = 4234, dt = 4.878825e-12, time = 5.413211e-09, elapsed = 225.2 sec
Step =   1467: nodes = 4234, dt = 5.854590e-12, time = 5.419066e-09, elapsed = 225.4 sec
Step =   1468: nodes = 4234, dt = 3.512754e-12, time = 5.422579e-09, elapsed = 225.5 sec
Step =   1469: nodes = 4235, dt = 3.512754e-12, time = 5.426092e-09, elapsed = 225.7 sec
Step =   1470: nodes = 4234, dt = 4.215305e-12, time = 5.430307e-09, elapsed = 225.8 sec
Step =   1471: nodes = 4235, dt = 5.058365e-12, time = 5.435365e-09, elapsed = 226.0 sec
Step =   1472: nodes = 4235, dt = 6.070039e-12, time = 5.441435e-09, elapsed = 226.1 sec
Step =   1473: nodes = 4233, dt = 3.642023e-12, time = 5.445077e-09, elapsed = 226.3 sec
Step =   1474: nodes = 4233, dt = 3.642023e-12, time = 5.448719e-09, elapsed = 226.4 sec
Step =   1475: nodes = 4234, dt = 4.370428e-12, time = 5.453090e-09, elapsed = 226.6 sec
Step =   1476: nodes = 4233, dt = 5.244513e-12, time = 5.458334e-09, elapsed = 226.7 sec
Step =   1477: nodes = 4232, dt = 3.146708e-12, time = 5.461481e-09, elapsed = 226.9 sec
Step =   1478: nodes = 4234, dt = 3.146708e-12, time = 5.464628e-09, elapsed = 227.0 sec
Step =   1479: nodes = 4234, dt = 1.888025e-12, time = 5.466516e-09, elapsed = 227.2 sec
Step =   1480: nodes = 4235, dt = 1.888025e-12, time = 5.468404e-09, elapsed = 227.3 sec
Step =   1481: nodes = 4235, dt = 2.265630e-12, time = 5.470669e-09, elapsed = 227.4 sec
Step =   1482: nodes = 4234, dt = 2.718756e-12, time = 5.473388e-09, elapsed = 227.5 sec
Step =   1483: nodes = 4234, dt = 1.631253e-12, time = 5.475019e-09, elapsed = 227.7 sec
Step =   1484: nodes = 4234, dt = 1.631253e-12, time = 5.476651e-09, elapsed = 227.8 sec
Step =   1485: nodes = 4235, dt = 1.957504e-12, time = 5.478608e-09, elapsed = 227.9 sec
Step =   1486: nodes = 4235, dt = 2.349005e-12, time = 5.480957e-09, elapsed = 228.1 sec
Step =   1487: nodes = 4235, dt = 2.818806e-12, time = 5.483776e-09, elapsed = 228.2 sec
Step =   1488: nodes = 4235, dt = 3.382567e-12, time = 5.487158e-09, elapsed = 228.3 sec
Step =   1489: nodes = 4236, dt = 4.059080e-12, time = 5.491218e-09, elapsed = 228.5 sec
Step =   1490: nodes = 4236, dt = 4.870897e-12, time = 5.496088e-09, elapsed = 228.6 sec
Step =   1491: nodes = 4235, dt = 2.922538e-12, time = 5.499011e-09, elapsed = 228.8 sec
Step =   1492: nodes = 4235, dt = 1.461269e-12, time = 5.500472e-09, elapsed = 228.9 sec
Step =   1493: nodes = 4235, dt = 1.461269e-12, time = 5.501933e-09, elapsed = 229.0 sec
Step =   1494: nodes = 4235, dt = 1.753523e-12, time = 5.503687e-09, elapsed = 229.2 sec
Step =   1495: nodes = 4235, dt = 2.104227e-12, time = 5.505791e-09, elapsed = 229.3 sec
Step =   1496: nodes = 4235, dt = 2.525073e-12, time = 5.508316e-09, elapsed = 229.4 sec
Step =   1497: nodes = 4235, dt = 3.030087e-12, time = 5.511346e-09, elapsed = 229.6 sec
Step =   1498: nodes = 4233, dt = 3.636105e-12, time = 5.514983e-09, elapsed = 229.7 sec
Step =   1499: nodes = 4235, dt = 2.181663e-12, time = 5.517164e-09, elapsed = 229.8 sec
Step =   1500: nodes = 4235, dt = 2.181663e-12, time = 5.519346e-09, elapsed = 230.0 sec
Writing configuration in legacy data format
 Output file: /data/home/dg000246b/openDIS/inital_dislocation_structures/output_caseC_0.14%_seed12345/relax2/config.1500.data
Writing restart file
 Restart file: /data/home/dg000246b/openDIS/inital_dislocation_structures/output_caseC_0.14%_seed12345/relax2/restart.1500.exadis
Step =   1501: nodes = 4235, dt = 2.617995e-12, time = 5.521964e-09, elapsed = 230.1 sec
Step =   1502: nodes = 4235, dt = 3.141595e-12, time = 5.525105e-09, elapsed = 230.3 sec
Step =   1503: nodes = 4235, dt = 3.769913e-12, time = 5.528875e-09, elapsed = 230.4 sec
Step =   1504: nodes = 4236, dt = 4.523896e-12, time = 5.533399e-09, elapsed = 230.6 sec
Step =   1505: nodes = 4235, dt = 2.714338e-12, time = 5.536114e-09, elapsed = 230.7 sec
Step =   1506: nodes = 4236, dt = 2.714338e-12, time = 5.538828e-09, elapsed = 230.8 sec
Step =   1507: nodes = 4236, dt = 3.257205e-12, time = 5.542085e-09, elapsed = 231.0 sec
Step =   1508: nodes = 4235, dt = 3.908646e-12, time = 5.545994e-09, elapsed = 231.1 sec
Step =   1509: nodes = 4235, dt = 4.690376e-12, time = 5.550684e-09, elapsed = 231.2 sec
Step =   1510: nodes = 4235, dt = 2.814225e-12, time = 5.553498e-09, elapsed = 231.4 sec
Step =   1511: nodes = 4234, dt = 2.814225e-12, time = 5.556313e-09, elapsed = 231.5 sec
Step =   1512: nodes = 4235, dt = 3.377070e-12, time = 5.559690e-09, elapsed = 231.7 sec
Step =   1513: nodes = 4234, dt = 4.052484e-12, time = 5.563742e-09, elapsed = 231.8 sec
Step =   1514: nodes = 4233, dt = 4.862981e-12, time = 5.568605e-09, elapsed = 232.0 sec
Step =   1515: nodes = 4232, dt = 2.917789e-12, time = 5.571523e-09, elapsed = 232.1 sec
Step =   1516: nodes = 4233, dt = 2.917789e-12, time = 5.574441e-09, elapsed = 232.3 sec
Step =   1517: nodes = 4234, dt = 3.501347e-12, time = 5.577942e-09, elapsed = 232.4 sec
Step =   1518: nodes = 4234, dt = 4.201616e-12, time = 5.582144e-09, elapsed = 232.5 sec
Step =   1519: nodes = 4235, dt = 5.041939e-12, time = 5.587186e-09, elapsed = 232.7 sec
Step =   1520: nodes = 4235, dt = 3.025163e-12, time = 5.590211e-09, elapsed = 232.9 sec
Step =   1521: nodes = 4235, dt = 3.025163e-12, time = 5.593236e-09, elapsed = 233.0 sec
Step =   1522: nodes = 4235, dt = 3.630196e-12, time = 5.596866e-09, elapsed = 233.1 sec
Step =   1523: nodes = 4236, dt = 4.356235e-12, time = 5.601222e-09, elapsed = 233.3 sec
Step =   1524: nodes = 4235, dt = 5.227482e-12, time = 5.606450e-09, elapsed = 233.4 sec
Step =   1525: nodes = 4234, dt = 3.136489e-12, time = 5.609586e-09, elapsed = 233.6 sec
Step =   1526: nodes = 4235, dt = 3.136489e-12, time = 5.612723e-09, elapsed = 233.7 sec
Step =   1527: nodes = 4234, dt = 3.763787e-12, time = 5.616487e-09, elapsed = 233.8 sec
Step =   1528: nodes = 4234, dt = 4.516545e-12, time = 5.621003e-09, elapsed = 234.0 sec
Step =   1529: nodes = 4234, dt = 5.419854e-12, time = 5.626423e-09, elapsed = 234.1 sec
Step =   1530: nodes = 4234, dt = 3.251912e-12, time = 5.629675e-09, elapsed = 234.2 sec
Step =   1531: nodes = 4235, dt = 3.251912e-12, time = 5.632927e-09, elapsed = 234.4 sec
Step =   1532: nodes = 4235, dt = 3.902295e-12, time = 5.636829e-09, elapsed = 234.5 sec
Step =   1533: nodes = 4236, dt = 4.682754e-12, time = 5.641512e-09, elapsed = 234.6 sec
Step =   1534: nodes = 4236, dt = 5.619304e-12, time = 5.647131e-09, elapsed = 234.8 sec
Step =   1535: nodes = 4235, dt = 3.371583e-12, time = 5.650503e-09, elapsed = 234.9 sec
Step =   1536: nodes = 4236, dt = 3.371583e-12, time = 5.653874e-09, elapsed = 235.1 sec
Step =   1537: nodes = 4235, dt = 4.045899e-12, time = 5.657920e-09, elapsed = 235.2 sec
Step =   1538: nodes = 4235, dt = 4.855079e-12, time = 5.662775e-09, elapsed = 235.3 sec
Step =   1539: nodes = 4235, dt = 2.913047e-12, time = 5.665688e-09, elapsed = 235.4 sec
Step =   1540: nodes = 4235, dt = 2.913047e-12, time = 5.668601e-09, elapsed = 235.5 sec
Step =   1541: nodes = 4234, dt = 3.495657e-12, time = 5.672097e-09, elapsed = 235.7 sec
Step =   1542: nodes = 4233, dt = 4.194788e-12, time = 5.676292e-09, elapsed = 235.8 sec
Step =   1543: nodes = 4231, dt = 5.033746e-12, time = 5.681326e-09, elapsed = 236.0 sec
Step =   1544: nodes = 4234, dt = 3.020248e-12, time = 5.684346e-09, elapsed = 236.2 sec
Step =   1545: nodes = 4234, dt = 3.020248e-12, time = 5.687366e-09, elapsed = 236.3 sec
Step =   1546: nodes = 4233, dt = 3.624297e-12, time = 5.690990e-09, elapsed = 236.4 sec
Step =   1547: nodes = 4233, dt = 4.349156e-12, time = 5.695340e-09, elapsed = 236.5 sec
Step =   1548: nodes = 4234, dt = 5.218988e-12, time = 5.700559e-09, elapsed = 236.7 sec
Step =   1549: nodes = 4233, dt = 3.131393e-12, time = 5.703690e-09, elapsed = 236.8 sec
Step =   1550: nodes = 4233, dt = 3.131393e-12, time = 5.706821e-09, elapsed = 237.0 sec
Step =   1551: nodes = 4234, dt = 3.757671e-12, time = 5.710579e-09, elapsed = 237.1 sec
Step =   1552: nodes = 4235, dt = 4.509205e-12, time = 5.715088e-09, elapsed = 237.3 sec
Step =   1553: nodes = 4235, dt = 5.411047e-12, time = 5.720499e-09, elapsed = 237.4 sec
Step =   1554: nodes = 4236, dt = 3.246628e-12, time = 5.723746e-09, elapsed = 237.6 sec
Step =   1555: nodes = 4236, dt = 3.246628e-12, time = 5.726993e-09, elapsed = 237.7 sec
Step =   1556: nodes = 4236, dt = 3.895953e-12, time = 5.730888e-09, elapsed = 237.9 sec
Step =   1557: nodes = 4236, dt = 4.675144e-12, time = 5.735564e-09, elapsed = 238.0 sec
Step =   1558: nodes = 4236, dt = 5.610173e-12, time = 5.741174e-09, elapsed = 238.2 sec
Step =   1559: nodes = 4236, dt = 3.366104e-12, time = 5.744540e-09, elapsed = 238.3 sec
Step =   1560: nodes = 4233, dt = 3.366104e-12, time = 5.747906e-09, elapsed = 238.5 sec
Step =   1561: nodes = 4235, dt = 4.039325e-12, time = 5.751945e-09, elapsed = 238.6 sec
Step =   1562: nodes = 4234, dt = 4.847190e-12, time = 5.756793e-09, elapsed = 238.8 sec
Step =   1563: nodes = 4233, dt = 5.816627e-12, time = 5.762609e-09, elapsed = 239.0 sec
Step =   1564: nodes = 4235, dt = 3.489976e-12, time = 5.766099e-09, elapsed = 239.4 sec
Step =   1565: nodes = 4235, dt = 3.489976e-12, time = 5.769589e-09, elapsed = 239.6 sec
Step =   1566: nodes = 4235, dt = 4.187972e-12, time = 5.773777e-09, elapsed = 239.8 sec
Step =   1567: nodes = 4234, dt = 5.025566e-12, time = 5.778803e-09, elapsed = 240.0 sec
Step =   1568: nodes = 4234, dt = 6.030679e-12, time = 5.784833e-09, elapsed = 240.1 sec
Step =   1569: nodes = 4234, dt = 3.618408e-12, time = 5.788452e-09, elapsed = 240.3 sec
Step =   1570: nodes = 4233, dt = 3.618408e-12, time = 5.792070e-09, elapsed = 240.4 sec
Step =   1571: nodes = 4234, dt = 4.342089e-12, time = 5.796412e-09, elapsed = 240.6 sec
Step =   1572: nodes = 4235, dt = 5.210507e-12, time = 5.801623e-09, elapsed = 240.7 sec
Step =   1573: nodes = 4236, dt = 3.126304e-12, time = 5.804749e-09, elapsed = 240.9 sec
Step =   1574: nodes = 4236, dt = 3.126304e-12, time = 5.807875e-09, elapsed = 241.0 sec
Step =   1575: nodes = 4235, dt = 3.751565e-12, time = 5.811627e-09, elapsed = 241.2 sec
Step =   1576: nodes = 4234, dt = 4.501878e-12, time = 5.816129e-09, elapsed = 241.3 sec
Step =   1577: nodes = 4234, dt = 5.402254e-12, time = 5.821531e-09, elapsed = 241.5 sec
Step =   1578: nodes = 4233, dt = 3.241352e-12, time = 5.824772e-09, elapsed = 241.6 sec
Step =   1579: nodes = 4234, dt = 3.241352e-12, time = 5.828014e-09, elapsed = 241.7 sec
Step =   1580: nodes = 4235, dt = 3.889623e-12, time = 5.831903e-09, elapsed = 241.9 sec
Step =   1581: nodes = 4236, dt = 4.667547e-12, time = 5.836571e-09, elapsed = 242.0 sec
Step =   1582: nodes = 4236, dt = 5.601056e-12, time = 5.842172e-09, elapsed = 242.1 sec
Step =   1583: nodes = 4236, dt = 3.360634e-12, time = 5.845533e-09, elapsed = 242.3 sec
Step =   1584: nodes = 4236, dt = 3.360634e-12, time = 5.848893e-09, elapsed = 242.4 sec
Step =   1585: nodes = 4235, dt = 4.032761e-12, time = 5.852926e-09, elapsed = 242.5 sec
Step =   1586: nodes = 4236, dt = 4.839313e-12, time = 5.857765e-09, elapsed = 242.7 sec
Step =   1587: nodes = 4235, dt = 2.903588e-12, time = 5.860669e-09, elapsed = 242.8 sec
Step =   1588: nodes = 4234, dt = 2.903588e-12, time = 5.863572e-09, elapsed = 243.0 sec
Step =   1589: nodes = 4235, dt = 3.484305e-12, time = 5.867057e-09, elapsed = 243.1 sec
Step =   1590: nodes = 4234, dt = 4.181166e-12, time = 5.871238e-09, elapsed = 243.2 sec
Step =   1591: nodes = 4236, dt = 5.017400e-12, time = 5.876255e-09, elapsed = 243.4 sec
Step =   1592: nodes = 4237, dt = 3.010440e-12, time = 5.879266e-09, elapsed = 243.5 sec
Step =   1593: nodes = 4237, dt = 3.010440e-12, time = 5.882276e-09, elapsed = 243.6 sec
Step =   1594: nodes = 4237, dt = 3.612528e-12, time = 5.885889e-09, elapsed = 243.8 sec
Step =   1595: nodes = 4236, dt = 4.335033e-12, time = 5.890224e-09, elapsed = 243.9 sec
Step =   1596: nodes = 4237, dt = 5.202040e-12, time = 5.895426e-09, elapsed = 244.0 sec
Step =   1597: nodes = 4237, dt = 3.121224e-12, time = 5.898547e-09, elapsed = 244.2 sec
Step =   1598: nodes = 4237, dt = 3.121224e-12, time = 5.901668e-09, elapsed = 244.3 sec
Step =   1599: nodes = 4237, dt = 3.745469e-12, time = 5.905414e-09, elapsed = 244.4 sec
Step =   1600: nodes = 4236, dt = 4.494562e-12, time = 5.909908e-09, elapsed = 244.5 sec
Writing configuration in legacy data format
 Output file: /data/home/dg000246b/openDIS/inital_dislocation_structures/output_caseC_0.14%_seed12345/relax2/config.1600.data
Writing restart file
 Restart file: /data/home/dg000246b/openDIS/inital_dislocation_structures/output_caseC_0.14%_seed12345/relax2/restart.1600.exadis
Step =   1601: nodes = 4236, dt = 5.393475e-12, time = 5.915302e-09, elapsed = 244.7 sec
Step =   1602: nodes = 4235, dt = 3.236085e-12, time = 5.918538e-09, elapsed = 244.9 sec
Step =   1603: nodes = 4233, dt = 3.236085e-12, time = 5.921774e-09, elapsed = 245.0 sec
Step =   1604: nodes = 4234, dt = 3.883302e-12, time = 5.925657e-09, elapsed = 245.2 sec
Step =   1605: nodes = 4234, dt = 4.659962e-12, time = 5.930317e-09, elapsed = 245.3 sec
Step =   1606: nodes = 4234, dt = 5.591955e-12, time = 5.935909e-09, elapsed = 245.5 sec
Step =   1607: nodes = 4232, dt = 3.355173e-12, time = 5.939264e-09, elapsed = 245.6 sec
Step =   1608: nodes = 4233, dt = 3.355173e-12, time = 5.942620e-09, elapsed = 245.7 sec
Step =   1609: nodes = 4233, dt = 4.026207e-12, time = 5.946646e-09, elapsed = 245.9 sec
Step =   1610: nodes = 4232, dt = 4.831449e-12, time = 5.951477e-09, elapsed = 246.0 sec
Step =   1611: nodes = 4232, dt = 5.797739e-12, time = 5.957275e-09, elapsed = 246.2 sec
Step =   1612: nodes = 4231, dt = 3.478643e-12, time = 5.960754e-09, elapsed = 246.3 sec
Step =   1613: nodes = 4232, dt = 3.478643e-12, time = 5.964232e-09, elapsed = 246.4 sec
Step =   1614: nodes = 4232, dt = 4.174372e-12, time = 5.968407e-09, elapsed = 246.6 sec
Step =   1615: nodes = 4232, dt = 5.009246e-12, time = 5.973416e-09, elapsed = 246.8 sec
Step =   1616: nodes = 4231, dt = 3.005548e-12, time = 5.976421e-09, elapsed = 246.9 sec
Step =   1617: nodes = 4230, dt = 3.005548e-12, time = 5.979427e-09, elapsed = 247.1 sec
Step =   1618: nodes = 4230, dt = 3.606657e-12, time = 5.983034e-09, elapsed = 247.2 sec
Step =   1619: nodes = 4229, dt = 4.327989e-12, time = 5.987362e-09, elapsed = 247.4 sec
Step =   1620: nodes = 4231, dt = 2.596793e-12, time = 5.989958e-09, elapsed = 247.5 sec
Step =   1621: nodes = 4231, dt = 2.596793e-12, time = 5.992555e-09, elapsed = 247.6 sec
Step =   1622: nodes = 4231, dt = 3.116152e-12, time = 5.995671e-09, elapsed = 247.8 sec
Step =   1623: nodes = 4230, dt = 3.739382e-12, time = 5.999411e-09, elapsed = 247.9 sec
Step =   1624: nodes = 4230, dt = 4.487259e-12, time = 6.003898e-09, elapsed = 248.1 sec
Step =   1625: nodes = 4229, dt = 5.384710e-12, time = 6.009283e-09, elapsed = 248.2 sec
Step =   1626: nodes = 4231, dt = 3.230826e-12, time = 6.012513e-09, elapsed = 248.4 sec
Step =   1627: nodes = 4232, dt = 3.230826e-12, time = 6.015744e-09, elapsed = 248.5 sec
Step =   1628: nodes = 4231, dt = 3.876992e-12, time = 6.019621e-09, elapsed = 248.7 sec
Step =   1629: nodes = 4232, dt = 4.652390e-12, time = 6.024274e-09, elapsed = 248.8 sec
Step =   1630: nodes = 4231, dt = 5.582868e-12, time = 6.029857e-09, elapsed = 249.0 sec
Step =   1631: nodes = 4231, dt = 3.349721e-12, time = 6.033206e-09, elapsed = 249.1 sec
Step =   1632: nodes = 4230, dt = 3.349721e-12, time = 6.036556e-09, elapsed = 249.3 sec
Step =   1633: nodes = 4232, dt = 4.019665e-12, time = 6.040576e-09, elapsed = 249.4 sec
Step =   1634: nodes = 4232, dt = 4.823598e-12, time = 6.045399e-09, elapsed = 249.5 sec
Step =   1635: nodes = 4231, dt = 5.788317e-12, time = 6.051188e-09, elapsed = 249.7 sec
Step =   1636: nodes = 4233, dt = 3.472990e-12, time = 6.054661e-09, elapsed = 249.9 sec
Step =   1637: nodes = 4233, dt = 3.472990e-12, time = 6.058134e-09, elapsed = 250.0 sec
Step =   1638: nodes = 4232, dt = 4.167589e-12, time = 6.062301e-09, elapsed = 250.2 sec
Step =   1639: nodes = 4232, dt = 5.001106e-12, time = 6.067302e-09, elapsed = 250.3 sec
Step =   1640: nodes = 4230, dt = 6.001327e-12, time = 6.073304e-09, elapsed = 250.4 sec
Step =   1641: nodes = 4231, dt = 3.600796e-12, time = 6.076904e-09, elapsed = 250.6 sec
Step =   1642: nodes = 4231, dt = 3.600796e-12, time = 6.080505e-09, elapsed = 250.7 sec
Step =   1643: nodes = 4231, dt = 4.320956e-12, time = 6.084826e-09, elapsed = 250.8 sec
Step =   1644: nodes = 4231, dt = 5.185147e-12, time = 6.090011e-09, elapsed = 251.0 sec
Step =   1645: nodes = 4230, dt = 3.111088e-12, time = 6.093122e-09, elapsed = 251.1 sec
Step =   1646: nodes = 4230, dt = 3.111088e-12, time = 6.096233e-09, elapsed = 251.3 sec
Step =   1647: nodes = 4230, dt = 3.733306e-12, time = 6.099967e-09, elapsed = 251.4 sec
Step =   1648: nodes = 4229, dt = 4.479967e-12, time = 6.104447e-09, elapsed = 251.5 sec
Step =   1649: nodes = 4230, dt = 5.375960e-12, time = 6.109823e-09, elapsed = 251.7 sec
Step =   1650: nodes = 4228, dt = 3.225576e-12, time = 6.113048e-09, elapsed = 251.9 sec
Step =   1651: nodes = 4229, dt = 1.612788e-12, time = 6.114661e-09, elapsed = 252.0 sec
Step =   1652: nodes = 4228, dt = 1.612788e-12, time = 6.116274e-09, elapsed = 252.2 sec
Step =   1653: nodes = 4229, dt = 1.935346e-12, time = 6.118209e-09, elapsed = 252.3 sec
Step =   1654: nodes = 4229, dt = 2.322415e-12, time = 6.120532e-09, elapsed = 252.4 sec
Step =   1655: nodes = 4228, dt = 2.786898e-12, time = 6.123318e-09, elapsed = 252.5 sec
Step =   1656: nodes = 4227, dt = 3.344277e-12, time = 6.126663e-09, elapsed = 252.7 sec
Step =   1657: nodes = 4228, dt = 4.013133e-12, time = 6.130676e-09, elapsed = 252.8 sec
Step =   1658: nodes = 4228, dt = 4.815759e-12, time = 6.135492e-09, elapsed = 253.0 sec
Step =   1659: nodes = 4228, dt = 2.889456e-12, time = 6.138381e-09, elapsed = 253.1 sec
Step =   1660: nodes = 4228, dt = 2.889456e-12, time = 6.141271e-09, elapsed = 253.3 sec
Step =   1661: nodes = 4228, dt = 3.467347e-12, time = 6.144738e-09, elapsed = 253.4 sec
Step =   1662: nodes = 4227, dt = 4.160816e-12, time = 6.148899e-09, elapsed = 253.5 sec
Step =   1663: nodes = 4227, dt = 4.992979e-12, time = 6.153892e-09, elapsed = 253.7 sec
Step =   1664: nodes = 4226, dt = 5.991575e-12, time = 6.159883e-09, elapsed = 253.9 sec
Step =   1665: nodes = 4224, dt = 7.189890e-12, time = 6.167073e-09, elapsed = 254.0 sec
Step =   1666: nodes = 4226, dt = 2.156967e-12, time = 6.169230e-09, elapsed = 254.2 sec
Step =   1667: nodes = 4226, dt = 2.156967e-12, time = 6.171387e-09, elapsed = 254.3 sec
Step =   1668: nodes = 4226, dt = 2.588361e-12, time = 6.173975e-09, elapsed = 254.4 sec
Step =   1669: nodes = 4225, dt = 3.106033e-12, time = 6.177081e-09, elapsed = 254.6 sec
Step =   1670: nodes = 4226, dt = 3.727239e-12, time = 6.180809e-09, elapsed = 254.7 sec
Step =   1671: nodes = 4226, dt = 4.472687e-12, time = 6.185281e-09, elapsed = 254.9 sec
Step =   1672: nodes = 4226, dt = 5.367224e-12, time = 6.190649e-09, elapsed = 255.0 sec
Step =   1673: nodes = 4226, dt = 6.440669e-12, time = 6.197089e-09, elapsed = 255.2 sec
Step =   1674: nodes = 4224, dt = 3.864402e-12, time = 6.200954e-09, elapsed = 255.4 sec
Step =   1675: nodes = 4225, dt = 3.864402e-12, time = 6.204818e-09, elapsed = 255.5 sec
Step =   1676: nodes = 4226, dt = 4.637282e-12, time = 6.209455e-09, elapsed = 255.7 sec
Step =   1677: nodes = 4226, dt = 5.564738e-12, time = 6.215020e-09, elapsed = 255.8 sec
Step =   1678: nodes = 4226, dt = 6.677686e-12, time = 6.221698e-09, elapsed = 256.0 sec
Step =   1679: nodes = 4223, dt = 4.006612e-12, time = 6.225704e-09, elapsed = 256.1 sec
Step =   1680: nodes = 4225, dt = 4.006612e-12, time = 6.229711e-09, elapsed = 256.3 sec
Step =   1681: nodes = 4224, dt = 4.807934e-12, time = 6.234519e-09, elapsed = 256.4 sec
Step =   1682: nodes = 4225, dt = 5.769521e-12, time = 6.240289e-09, elapsed = 256.5 sec
Step =   1683: nodes = 4224, dt = 3.461712e-12, time = 6.243750e-09, elapsed = 256.7 sec
Step =   1684: nodes = 4224, dt = 3.461712e-12, time = 6.247212e-09, elapsed = 256.8 sec
Step =   1685: nodes = 4225, dt = 4.154055e-12, time = 6.251366e-09, elapsed = 257.0 sec
Step =   1686: nodes = 4226, dt = 4.984866e-12, time = 6.256351e-09, elapsed = 257.1 sec
Step =   1687: nodes = 4226, dt = 5.981839e-12, time = 6.262333e-09, elapsed = 257.3 sec
Step =   1688: nodes = 4225, dt = 7.178207e-12, time = 6.269511e-09, elapsed = 257.4 sec
Step =   1689: nodes = 4225, dt = 4.306924e-12, time = 6.273818e-09, elapsed = 257.6 sec
Step =   1690: nodes = 4225, dt = 4.306924e-12, time = 6.278125e-09, elapsed = 257.7 sec
Step =   1691: nodes = 4225, dt = 5.168309e-12, time = 6.283293e-09, elapsed = 257.9 sec
Step =   1692: nodes = 4224, dt = 6.201971e-12, time = 6.289495e-09, elapsed = 258.0 sec
Step =   1693: nodes = 4223, dt = 7.442365e-12, time = 6.296937e-09, elapsed = 258.2 sec
Step =   1694: nodes = 4222, dt = 4.465419e-12, time = 6.301403e-09, elapsed = 258.3 sec
Step =   1695: nodes = 4222, dt = 4.465419e-12, time = 6.305868e-09, elapsed = 258.5 sec
Step =   1696: nodes = 4222, dt = 5.358503e-12, time = 6.311227e-09, elapsed = 258.6 sec
Step =   1697: nodes = 4220, dt = 6.430203e-12, time = 6.317657e-09, elapsed = 258.8 sec
Step =   1698: nodes = 4221, dt = 3.858122e-12, time = 6.321515e-09, elapsed = 258.9 sec
Step =   1699: nodes = 4221, dt = 3.858122e-12, time = 6.325373e-09, elapsed = 259.1 sec
Step =   1700: nodes = 4219, dt = 4.629746e-12, time = 6.330003e-09, elapsed = 259.2 sec
Writing configuration in legacy data format
 Output file: /data/home/dg000246b/openDIS/inital_dislocation_structures/output_caseC_0.14%_seed12345/relax2/config.1700.data
Writing restart file
 Restart file: /data/home/dg000246b/openDIS/inital_dislocation_structures/output_caseC_0.14%_seed12345/relax2/restart.1700.exadis
Step =   1701: nodes = 4220, dt = 5.555696e-12, time = 6.335559e-09, elapsed = 259.4 sec
Step =   1702: nodes = 4219, dt = 6.666835e-12, time = 6.342225e-09, elapsed = 259.6 sec
Step =   1703: nodes = 4219, dt = 8.000202e-12, time = 6.350226e-09, elapsed = 259.8 sec
Step =   1704: nodes = 4219, dt = 4.800121e-12, time = 6.355026e-09, elapsed = 259.9 sec
Step =   1705: nodes = 4219, dt = 4.800121e-12, time = 6.359826e-09, elapsed = 260.1 sec
Step =   1706: nodes = 4220, dt = 5.760145e-12, time = 6.365586e-09, elapsed = 260.2 sec
Step =   1707: nodes = 4220, dt = 6.912174e-12, time = 6.372498e-09, elapsed = 260.4 sec
Step =   1708: nodes = 4220, dt = 4.147304e-12, time = 6.376646e-09, elapsed = 260.5 sec
Step =   1709: nodes = 4221, dt = 4.147304e-12, time = 6.380793e-09, elapsed = 260.7 sec
Step =   1710: nodes = 4221, dt = 4.976765e-12, time = 6.385770e-09, elapsed = 260.8 sec
Step =   1711: nodes = 4220, dt = 5.972118e-12, time = 6.391742e-09, elapsed = 261.0 sec
Step =   1712: nodes = 4220, dt = 3.583271e-12, time = 6.395325e-09, elapsed = 261.2 sec
Step =   1713: nodes = 4221, dt = 3.583271e-12, time = 6.398908e-09, elapsed = 261.3 sec
Step =   1714: nodes = 4220, dt = 4.299925e-12, time = 6.403208e-09, elapsed = 261.4 sec
Step =   1715: nodes = 4220, dt = 5.159910e-12, time = 6.408368e-09, elapsed = 261.6 sec
Step =   1716: nodes = 4220, dt = 6.191892e-12, time = 6.414560e-09, elapsed = 261.7 sec
Step =   1717: nodes = 4221, dt = 3.715135e-12, time = 6.418275e-09, elapsed = 261.9 sec
Step =   1718: nodes = 4221, dt = 3.715135e-12, time = 6.421990e-09, elapsed = 262.0 sec
Step =   1719: nodes = 4220, dt = 4.458163e-12, time = 6.426448e-09, elapsed = 262.1 sec
Step =   1720: nodes = 4221, dt = 5.349795e-12, time = 6.431798e-09, elapsed = 262.3 sec
Step =   1721: nodes = 4221, dt = 3.209877e-12, time = 6.435008e-09, elapsed = 262.4 sec
Step =   1722: nodes = 4221, dt = 3.209877e-12, time = 6.438218e-09, elapsed = 262.6 sec
Step =   1723: nodes = 4222, dt = 3.851852e-12, time = 6.442070e-09, elapsed = 262.7 sec
Step =   1724: nodes = 4222, dt = 4.622223e-12, time = 6.446692e-09, elapsed = 262.9 sec
Step =   1725: nodes = 4224, dt = 5.546668e-12, time = 6.452239e-09, elapsed = 263.0 sec
Step =   1726: nodes = 4222, dt = 3.328001e-12, time = 6.455567e-09, elapsed = 263.2 sec
Step =   1727: nodes = 4221, dt = 3.328001e-12, time = 6.458895e-09, elapsed = 263.3 sec
Step =   1728: nodes = 4222, dt = 3.993601e-12, time = 6.462888e-09, elapsed = 263.4 sec
Step =   1729: nodes = 4221, dt = 4.792321e-12, time = 6.467681e-09, elapsed = 263.6 sec
Step =   1730: nodes = 4222, dt = 2.875392e-12, time = 6.470556e-09, elapsed = 263.7 sec
Step =   1731: nodes = 4223, dt = 1.437696e-12, time = 6.471994e-09, elapsed = 263.8 sec
Step =   1732: nodes = 4222, dt = 1.437696e-12, time = 6.473431e-09, elapsed = 264.0 sec
Step =   1733: nodes = 4223, dt = 1.725235e-12, time = 6.475157e-09, elapsed = 264.1 sec
Step =   1734: nodes = 4223, dt = 2.070283e-12, time = 6.477227e-09, elapsed = 264.2 sec
Step =   1735: nodes = 4223, dt = 2.484339e-12, time = 6.479711e-09, elapsed = 264.3 sec
Step =   1736: nodes = 4223, dt = 2.981207e-12, time = 6.482692e-09, elapsed = 264.5 sec
Step =   1737: nodes = 4223, dt = 3.577448e-12, time = 6.486270e-09, elapsed = 264.6 sec
Step =   1738: nodes = 4222, dt = 4.292938e-12, time = 6.490563e-09, elapsed = 264.8 sec
Step =   1739: nodes = 4223, dt = 5.151525e-12, time = 6.495714e-09, elapsed = 265.0 sec
Step =   1740: nodes = 4223, dt = 3.090915e-12, time = 6.498805e-09, elapsed = 265.1 sec
Step =   1741: nodes = 4222, dt = 3.090915e-12, time = 6.501896e-09, elapsed = 265.3 sec
Step =   1742: nodes = 4224, dt = 3.709098e-12, time = 6.505605e-09, elapsed = 265.4 sec
Step =   1743: nodes = 4223, dt = 4.450918e-12, time = 6.510056e-09, elapsed = 265.5 sec
Step =   1744: nodes = 4224, dt = 5.341102e-12, time = 6.515397e-09, elapsed = 265.7 sec
Step =   1745: nodes = 4224, dt = 3.204661e-12, time = 6.518602e-09, elapsed = 265.8 sec
Step =   1746: nodes = 4223, dt = 3.204661e-12, time = 6.521807e-09, elapsed = 266.0 sec
Step =   1747: nodes = 4223, dt = 3.845593e-12, time = 6.525652e-09, elapsed = 266.1 sec
Step =   1748: nodes = 4223, dt = 4.614712e-12, time = 6.530267e-09, elapsed = 266.3 sec
Step =   1749: nodes = 4222, dt = 5.537654e-12, time = 6.535805e-09, elapsed = 266.4 sec
Step =   1750: nodes = 4222, dt = 3.322592e-12, time = 6.539127e-09, elapsed = 266.6 sec
Step =   1751: nodes = 4222, dt = 3.322592e-12, time = 6.542450e-09, elapsed = 266.7 sec
Step =   1752: nodes = 4222, dt = 3.987111e-12, time = 6.546437e-09, elapsed = 266.9 sec
Step =   1753: nodes = 4222, dt = 4.784533e-12, time = 6.551221e-09, elapsed = 267.0 sec
Step =   1754: nodes = 4221, dt = 5.741440e-12, time = 6.556963e-09, elapsed = 267.1 sec
Step =   1755: nodes = 4221, dt = 3.444864e-12, time = 6.560408e-09, elapsed = 267.3 sec
Step =   1756: nodes = 4221, dt = 3.444864e-12, time = 6.563853e-09, elapsed = 267.4 sec
Step =   1757: nodes = 4220, dt = 4.133837e-12, time = 6.567986e-09, elapsed = 267.6 sec
Step =   1758: nodes = 4222, dt = 2.480302e-12, time = 6.570467e-09, elapsed = 267.7 sec
Step =   1759: nodes = 4222, dt = 2.480302e-12, time = 6.572947e-09, elapsed = 267.8 sec
Step =   1760: nodes = 4221, dt = 2.976362e-12, time = 6.575923e-09, elapsed = 268.0 sec
Step =   1761: nodes = 4221, dt = 3.571635e-12, time = 6.579495e-09, elapsed = 268.1 sec
Step =   1762: nodes = 4222, dt = 4.285962e-12, time = 6.583781e-09, elapsed = 268.3 sec
Step =   1763: nodes = 4222, dt = 5.143154e-12, time = 6.588924e-09, elapsed = 268.4 sec
Step =   1764: nodes = 4222, dt = 3.085893e-12, time = 6.592010e-09, elapsed = 268.6 sec
Step =   1765: nodes = 4221, dt = 3.085893e-12, time = 6.595096e-09, elapsed = 268.7 sec
Step =   1766: nodes = 4222, dt = 3.703071e-12, time = 6.598799e-09, elapsed = 268.8 sec
Step =   1767: nodes = 4221, dt = 4.443685e-12, time = 6.603243e-09, elapsed = 269.0 sec
Step =   1768: nodes = 4220, dt = 5.332422e-12, time = 6.608575e-09, elapsed = 269.5 sec
Step =   1769: nodes = 4221, dt = 3.199453e-12, time = 6.611775e-09, elapsed = 269.7 sec
Step =   1770: nodes = 4221, dt = 3.199453e-12, time = 6.614974e-09, elapsed = 269.8 sec
Step =   1771: nodes = 4221, dt = 3.839344e-12, time = 6.618813e-09, elapsed = 270.0 sec
Step =   1772: nodes = 4219, dt = 4.607213e-12, time = 6.623421e-09, elapsed = 270.1 sec
Step =   1773: nodes = 4219, dt = 5.528655e-12, time = 6.628949e-09, elapsed = 270.3 sec
Step =   1774: nodes = 4220, dt = 3.317193e-12, time = 6.632266e-09, elapsed = 270.4 sec
Step =   1775: nodes = 4219, dt = 3.317193e-12, time = 6.635584e-09, elapsed = 270.5 sec
Step =   1776: nodes = 4220, dt = 1.990316e-12, time = 6.637574e-09, elapsed = 270.7 sec
Step =   1777: nodes = 4220, dt = 1.990316e-12, time = 6.639564e-09, elapsed = 270.8 sec
Step =   1778: nodes = 4220, dt = 2.388379e-12, time = 6.641953e-09, elapsed = 271.0 sec
Step =   1779: nodes = 4219, dt = 2.866055e-12, time = 6.644819e-09, elapsed = 271.1 sec
Step =   1780: nodes = 4220, dt = 3.439266e-12, time = 6.648258e-09, elapsed = 271.2 sec
Step =   1781: nodes = 4220, dt = 4.127119e-12, time = 6.652385e-09, elapsed = 271.4 sec
Step =   1782: nodes = 4219, dt = 4.952543e-12, time = 6.657338e-09, elapsed = 271.5 sec
Step =   1783: nodes = 4219, dt = 2.971526e-12, time = 6.660309e-09, elapsed = 271.7 sec
Step =   1784: nodes = 4219, dt = 2.971526e-12, time = 6.663281e-09, elapsed = 271.8 sec
Step =   1785: nodes = 4218, dt = 3.565831e-12, time = 6.666847e-09, elapsed = 271.9 sec
Step =   1786: nodes = 4218, dt = 4.278997e-12, time = 6.671126e-09, elapsed = 272.1 sec
Step =   1787: nodes = 4218, dt = 5.134797e-12, time = 6.676260e-09, elapsed = 272.2 sec
Step =   1788: nodes = 4218, dt = 3.080878e-12, time = 6.679341e-09, elapsed = 272.4 sec
Step =   1789: nodes = 4218, dt = 3.080878e-12, time = 6.682422e-09, elapsed = 272.5 sec
Step =   1790: nodes = 4218, dt = 3.697054e-12, time = 6.686119e-09, elapsed = 272.7 sec
Step =   1791: nodes = 4218, dt = 4.436464e-12, time = 6.690556e-09, elapsed = 272.8 sec
Step =   1792: nodes = 4215, dt = 5.323757e-12, time = 6.695879e-09, elapsed = 273.0 sec
Step =   1793: nodes = 4217, dt = 3.194254e-12, time = 6.699074e-09, elapsed = 273.1 sec
Step =   1794: nodes = 4218, dt = 3.194254e-12, time = 6.702268e-09, elapsed = 273.2 sec
Step =   1795: nodes = 4218, dt = 3.833105e-12, time = 6.706101e-09, elapsed = 273.4 sec
Step =   1796: nodes = 4218, dt = 4.599726e-12, time = 6.710701e-09, elapsed = 273.5 sec
Step =   1797: nodes = 4217, dt = 2.759836e-12, time = 6.713461e-09, elapsed = 273.6 sec
Step =   1798: nodes = 4218, dt = 2.759836e-12, time = 6.716220e-09, elapsed = 273.7 sec
Step =   1799: nodes = 4217, dt = 3.311803e-12, time = 6.719532e-09, elapsed = 273.9 sec
Step =   1800: nodes = 4217, dt = 3.974163e-12, time = 6.723506e-09, elapsed = 274.0 sec
Writing configuration in legacy data format
 Output file: /data/home/dg000246b/openDIS/inital_dislocation_structures/output_caseC_0.14%_seed12345/relax2/config.1800.data
Writing restart file
 Restart file: /data/home/dg000246b/openDIS/inital_dislocation_structures/output_caseC_0.14%_seed12345/relax2/restart.1800.exadis
Step =   1801: nodes = 4217, dt = 4.768996e-12, time = 6.728275e-09, elapsed = 274.2 sec
Step =   1802: nodes = 4217, dt = 2.861398e-12, time = 6.731137e-09, elapsed = 274.4 sec
Step =   1803: nodes = 4217, dt = 2.861398e-12, time = 6.733998e-09, elapsed = 274.5 sec
Step =   1804: nodes = 4216, dt = 1.716839e-12, time = 6.735715e-09, elapsed = 274.7 sec
Step =   1805: nodes = 4217, dt = 8.584193e-13, time = 6.736573e-09, elapsed = 274.8 sec
Step =   1806: nodes = 4217, dt = 8.584193e-13, time = 6.737432e-09, elapsed = 274.9 sec
Step =   1807: nodes = 4217, dt = 1.030103e-12, time = 6.738462e-09, elapsed = 275.0 sec
Step =   1808: nodes = 4217, dt = 1.236124e-12, time = 6.739698e-09, elapsed = 275.2 sec
Step =   1809: nodes = 4217, dt = 1.483349e-12, time = 6.741181e-09, elapsed = 275.3 sec
Step =   1810: nodes = 4216, dt = 1.780018e-12, time = 6.742961e-09, elapsed = 275.4 sec
Step =   1811: nodes = 4215, dt = 2.136022e-12, time = 6.745097e-09, elapsed = 275.5 sec
Step =   1812: nodes = 4215, dt = 2.563226e-12, time = 6.747661e-09, elapsed = 275.6 sec
Step =   1813: nodes = 4215, dt = 3.075872e-12, time = 6.750736e-09, elapsed = 275.7 sec
Step =   1814: nodes = 4215, dt = 3.691046e-12, time = 6.754428e-09, elapsed = 275.9 sec
Step =   1815: nodes = 4214, dt = 4.429255e-12, time = 6.758857e-09, elapsed = 276.1 sec
Step =   1816: nodes = 4214, dt = 5.315106e-12, time = 6.764172e-09, elapsed = 276.2 sec
Step =   1817: nodes = 4214, dt = 3.189064e-12, time = 6.767361e-09, elapsed = 276.4 sec
Step =   1818: nodes = 4214, dt = 3.189064e-12, time = 6.770550e-09, elapsed = 276.5 sec
Step =   1819: nodes = 4214, dt = 3.826876e-12, time = 6.774377e-09, elapsed = 276.6 sec
Step =   1820: nodes = 4214, dt = 4.592252e-12, time = 6.778969e-09, elapsed = 276.8 sec
Step =   1821: nodes = 4214, dt = 5.510702e-12, time = 6.784480e-09, elapsed = 276.9 sec
Step =   1822: nodes = 4214, dt = 3.306421e-12, time = 6.787786e-09, elapsed = 277.1 sec
Step =   1823: nodes = 4214, dt = 3.306421e-12, time = 6.791093e-09, elapsed = 277.2 sec
Step =   1824: nodes = 4214, dt = 3.967705e-12, time = 6.795060e-09, elapsed = 277.4 sec
Step =   1825: nodes = 4213, dt = 4.761246e-12, time = 6.799822e-09, elapsed = 277.5 sec
Step =   1826: nodes = 4215, dt = 5.713496e-12, time = 6.805535e-09, elapsed = 277.6 sec
Step =   1827: nodes = 4216, dt = 3.428097e-12, time = 6.808963e-09, elapsed = 277.8 sec
Step =   1828: nodes = 4215, dt = 3.428097e-12, time = 6.812391e-09, elapsed = 278.0 sec
Step =   1829: nodes = 4213, dt = 4.113717e-12, time = 6.816505e-09, elapsed = 278.1 sec
Step =   1830: nodes = 4214, dt = 4.936460e-12, time = 6.821442e-09, elapsed = 278.2 sec
Step =   1831: nodes = 4214, dt = 5.923752e-12, time = 6.827365e-09, elapsed = 278.4 sec
Step =   1832: nodes = 4213, dt = 3.554251e-12, time = 6.830920e-09, elapsed = 278.6 sec
Step =   1833: nodes = 4214, dt = 3.554251e-12, time = 6.834474e-09, elapsed = 278.7 sec
Step =   1834: nodes = 4214, dt = 4.265102e-12, time = 6.838739e-09, elapsed = 278.8 sec
Step =   1835: nodes = 4214, dt = 5.118122e-12, time = 6.843857e-09, elapsed = 279.0 sec
Step =   1836: nodes = 4214, dt = 6.141746e-12, time = 6.849999e-09, elapsed = 279.1 sec
Step =   1837: nodes = 4214, dt = 3.685048e-12, time = 6.853684e-09, elapsed = 279.3 sec
Step =   1838: nodes = 4215, dt = 3.685048e-12, time = 6.857369e-09, elapsed = 279.4 sec
Step =   1839: nodes = 4216, dt = 4.422057e-12, time = 6.861791e-09, elapsed = 279.6 sec
Step =   1840: nodes = 4216, dt = 5.306469e-12, time = 6.867097e-09, elapsed = 279.7 sec
Step =   1841: nodes = 4215, dt = 6.367763e-12, time = 6.873465e-09, elapsed = 279.8 sec
Step =   1842: nodes = 4215, dt = 3.820658e-12, time = 6.877286e-09, elapsed = 280.0 sec
Step =   1843: nodes = 4216, dt = 3.820658e-12, time = 6.881106e-09, elapsed = 280.1 sec
Step =   1844: nodes = 4215, dt = 4.584789e-12, time = 6.885691e-09, elapsed = 280.2 sec
Step =   1845: nodes = 4213, dt = 5.501747e-12, time = 6.891193e-09, elapsed = 280.4 sec
Step =   1846: nodes = 4215, dt = 6.602096e-12, time = 6.897795e-09, elapsed = 280.5 sec
Step =   1847: nodes = 4215, dt = 3.961258e-12, time = 6.901756e-09, elapsed = 280.6 sec
Step =   1848: nodes = 4215, dt = 3.961258e-12, time = 6.905718e-09, elapsed = 280.8 sec
Step =   1849: nodes = 4216, dt = 4.753509e-12, time = 6.910471e-09, elapsed = 280.9 sec
Step =   1850: nodes = 4216, dt = 2.852106e-12, time = 6.913323e-09, elapsed = 281.0 sec
Step =   1851: nodes = 4216, dt = 2.852106e-12, time = 6.916175e-09, elapsed = 281.1 sec
Step =   1852: nodes = 4215, dt = 3.422527e-12, time = 6.919598e-09, elapsed = 281.3 sec
Step =   1853: nodes = 4216, dt = 4.107032e-12, time = 6.923705e-09, elapsed = 281.4 sec
Step =   1854: nodes = 4215, dt = 4.928439e-12, time = 6.928633e-09, elapsed = 281.5 sec
Step =   1855: nodes = 4215, dt = 5.914126e-12, time = 6.934547e-09, elapsed = 281.7 sec
Step =   1856: nodes = 4215, dt = 3.548476e-12, time = 6.938096e-09, elapsed = 281.8 sec
Step =   1857: nodes = 4215, dt = 3.548476e-12, time = 6.941644e-09, elapsed = 282.0 sec
Step =   1858: nodes = 4215, dt = 4.258171e-12, time = 6.945903e-09, elapsed = 282.1 sec
Step =   1859: nodes = 4214, dt = 5.109805e-12, time = 6.951012e-09, elapsed = 282.2 sec
Step =   1860: nodes = 4213, dt = 6.131766e-12, time = 6.957144e-09, elapsed = 282.4 sec
Step =   1861: nodes = 4214, dt = 3.679060e-12, time = 6.960823e-09, elapsed = 282.5 sec
Step =   1862: nodes = 4214, dt = 3.679060e-12, time = 6.964502e-09, elapsed = 282.6 sec
Step =   1863: nodes = 4214, dt = 4.414872e-12, time = 6.968917e-09, elapsed = 282.8 sec
Step =   1864: nodes = 4213, dt = 5.297846e-12, time = 6.974215e-09, elapsed = 282.9 sec
Step =   1865: nodes = 4213, dt = 3.178708e-12, time = 6.977394e-09, elapsed = 283.1 sec
Step =   1866: nodes = 4213, dt = 3.178708e-12, time = 6.980572e-09, elapsed = 283.2 sec
Step =   1867: nodes = 4215, dt = 3.814449e-12, time = 6.984387e-09, elapsed = 283.3 sec
Step =   1868: nodes = 4214, dt = 4.577339e-12, time = 6.988964e-09, elapsed = 283.4 sec
Step =   1869: nodes = 4214, dt = 5.492807e-12, time = 6.994457e-09, elapsed = 283.6 sec
Step =   1870: nodes = 4212, dt = 3.295684e-12, time = 6.997753e-09, elapsed = 283.7 sec
Step =   1871: nodes = 4212, dt = 3.295684e-12, time = 7.001048e-09, elapsed = 283.8 sec
Step =   1872: nodes = 4213, dt = 3.954821e-12, time = 7.005003e-09, elapsed = 284.0 sec
Step =   1873: nodes = 4212, dt = 4.745785e-12, time = 7.009749e-09, elapsed = 284.1 sec
Step =   1874: nodes = 4211, dt = 5.694942e-12, time = 7.015444e-09, elapsed = 284.2 sec
Step =   1875: nodes = 4213, dt = 6.833930e-12, time = 7.022278e-09, elapsed = 284.4 sec
Step =   1876: nodes = 4213, dt = 4.100358e-12, time = 7.026378e-09, elapsed = 284.5 sec
Step =   1877: nodes = 4213, dt = 4.100358e-12, time = 7.030479e-09, elapsed = 284.7 sec
Step =   1878: nodes = 4213, dt = 4.920430e-12, time = 7.035399e-09, elapsed = 284.8 sec
Step =   1879: nodes = 4213, dt = 5.904516e-12, time = 7.041303e-09, elapsed = 285.0 sec
Step =   1880: nodes = 4213, dt = 7.085419e-12, time = 7.048389e-09, elapsed = 285.1 sec
Step =   1881: nodes = 4213, dt = 8.502503e-12, time = 7.056891e-09, elapsed = 285.3 sec
Step =   1882: nodes = 4214, dt = 1.020300e-11, time = 7.067094e-09, elapsed = 285.5 sec
Step =   1883: nodes = 4213, dt = 3.060901e-12, time = 7.070155e-09, elapsed = 285.6 sec
Step =   1884: nodes = 4214, dt = 3.060901e-12, time = 7.073216e-09, elapsed = 285.8 sec
Step =   1885: nodes = 4214, dt = 3.673081e-12, time = 7.076889e-09, elapsed = 285.9 sec
Step =   1886: nodes = 4214, dt = 4.407697e-12, time = 7.081297e-09, elapsed = 286.0 sec
Step =   1887: nodes = 4214, dt = 5.289237e-12, time = 7.086586e-09, elapsed = 286.2 sec
Step =   1888: nodes = 4214, dt = 6.347084e-12, time = 7.092933e-09, elapsed = 286.3 sec
Step =   1889: nodes = 4214, dt = 3.808251e-12, time = 7.096742e-09, elapsed = 286.5 sec
Step =   1890: nodes = 4212, dt = 3.808251e-12, time = 7.100550e-09, elapsed = 286.6 sec
Step =   1891: nodes = 4215, dt = 4.569901e-12, time = 7.105120e-09, elapsed = 286.8 sec
Step =   1892: nodes = 4215, dt = 5.483881e-12, time = 7.110604e-09, elapsed = 286.9 sec
Step =   1893: nodes = 4215, dt = 3.290328e-12, time = 7.113894e-09, elapsed = 287.0 sec
Step =   1894: nodes = 4212, dt = 3.290328e-12, time = 7.117184e-09, elapsed = 287.2 sec
Step =   1895: nodes = 4214, dt = 3.948394e-12, time = 7.121133e-09, elapsed = 287.3 sec
Step =   1896: nodes = 4214, dt = 4.738073e-12, time = 7.125871e-09, elapsed = 287.5 sec
Step =   1897: nodes = 4213, dt = 5.685688e-12, time = 7.131556e-09, elapsed = 287.6 sec
Step =   1898: nodes = 4214, dt = 3.411413e-12, time = 7.134968e-09, elapsed = 287.8 sec
Step =   1899: nodes = 4214, dt = 3.411413e-12, time = 7.138379e-09, elapsed = 287.9 sec
Step =   1900: nodes = 4214, dt = 4.093695e-12, time = 7.142473e-09, elapsed = 288.1 sec
Writing configuration in legacy data format
 Output file: /data/home/dg000246b/openDIS/inital_dislocation_structures/output_caseC_0.14%_seed12345/relax2/config.1900.data
Writing restart file
 Restart file: /data/home/dg000246b/openDIS/inital_dislocation_structures/output_caseC_0.14%_seed12345/relax2/restart.1900.exadis
Step =   1901: nodes = 4214, dt = 4.912434e-12, time = 7.147385e-09, elapsed = 288.3 sec
Step =   1902: nodes = 4213, dt = 5.894921e-12, time = 7.153280e-09, elapsed = 288.4 sec
Step =   1903: nodes = 4213, dt = 3.536953e-12, time = 7.156817e-09, elapsed = 288.6 sec
Step =   1904: nodes = 4213, dt = 3.536953e-12, time = 7.160354e-09, elapsed = 288.7 sec
Step =   1905: nodes = 4212, dt = 4.244343e-12, time = 7.164599e-09, elapsed = 288.9 sec
Step =   1906: nodes = 4211, dt = 5.093212e-12, time = 7.169692e-09, elapsed = 289.0 sec
Step =   1907: nodes = 4212, dt = 6.111854e-12, time = 7.175804e-09, elapsed = 289.2 sec
Step =   1908: nodes = 4212, dt = 3.667112e-12, time = 7.179471e-09, elapsed = 289.4 sec
Step =   1909: nodes = 4212, dt = 3.667112e-12, time = 7.183138e-09, elapsed = 289.5 sec
Step =   1910: nodes = 4211, dt = 4.400535e-12, time = 7.187538e-09, elapsed = 289.7 sec
Step =   1911: nodes = 4212, dt = 5.280642e-12, time = 7.192819e-09, elapsed = 289.8 sec
Step =   1912: nodes = 4211, dt = 6.336770e-12, time = 7.199156e-09, elapsed = 290.0 sec
Step =   1913: nodes = 4211, dt = 3.802062e-12, time = 7.202958e-09, elapsed = 290.1 sec
Step =   1914: nodes = 4211, dt = 3.802062e-12, time = 7.206760e-09, elapsed = 290.3 sec
Step =   1915: nodes = 4212, dt = 4.562475e-12, time = 7.211322e-09, elapsed = 290.4 sec
Step =   1916: nodes = 4212, dt = 5.474970e-12, time = 7.216797e-09, elapsed = 290.5 sec
Step =   1917: nodes = 4212, dt = 3.284982e-12, time = 7.220082e-09, elapsed = 290.7 sec
Step =   1918: nodes = 4212, dt = 3.284982e-12, time = 7.223367e-09, elapsed = 290.8 sec
Step =   1919: nodes = 4212, dt = 3.941978e-12, time = 7.227309e-09, elapsed = 291.0 sec
Step =   1920: nodes = 4212, dt = 4.730374e-12, time = 7.232040e-09, elapsed = 291.1 sec
Step =   1921: nodes = 4211, dt = 5.676448e-12, time = 7.237716e-09, elapsed = 291.3 sec
Step =   1922: nodes = 4211, dt = 3.405869e-12, time = 7.241122e-09, elapsed = 291.5 sec
Step =   1923: nodes = 4211, dt = 3.405869e-12, time = 7.244528e-09, elapsed = 291.6 sec
Step =   1924: nodes = 4211, dt = 4.087043e-12, time = 7.248615e-09, elapsed = 291.7 sec
Step =   1925: nodes = 4211, dt = 4.904451e-12, time = 7.253519e-09, elapsed = 291.9 sec
Step =   1926: nodes = 4211, dt = 5.885342e-12, time = 7.259405e-09, elapsed = 292.1 sec
Step =   1927: nodes = 4211, dt = 3.531205e-12, time = 7.262936e-09, elapsed = 292.2 sec
Step =   1928: nodes = 4210, dt = 3.531205e-12, time = 7.266467e-09, elapsed = 292.4 sec
Step =   1929: nodes = 4210, dt = 4.237446e-12, time = 7.270705e-09, elapsed = 292.5 sec
Step =   1930: nodes = 4211, dt = 5.084935e-12, time = 7.275789e-09, elapsed = 292.7 sec
Step =   1931: nodes = 4211, dt = 3.050961e-12, time = 7.278840e-09, elapsed = 292.8 sec
Step =   1932: nodes = 4211, dt = 3.050961e-12, time = 7.281891e-09, elapsed = 292.9 sec
Step =   1933: nodes = 4211, dt = 3.661153e-12, time = 7.285553e-09, elapsed = 293.1 sec
Step =   1934: nodes = 4211, dt = 4.393384e-12, time = 7.289946e-09, elapsed = 293.2 sec
Step =   1935: nodes = 4210, dt = 5.272061e-12, time = 7.295218e-09, elapsed = 293.4 sec
Step =   1936: nodes = 4209, dt = 3.163237e-12, time = 7.298381e-09, elapsed = 293.5 sec
Step =   1937: nodes = 4210, dt = 3.163237e-12, time = 7.301544e-09, elapsed = 293.7 sec
Step =   1938: nodes = 4210, dt = 3.795884e-12, time = 7.305340e-09, elapsed = 293.8 sec
Step =   1939: nodes = 4211, dt = 4.555061e-12, time = 7.309895e-09, elapsed = 293.9 sec
Step =   1940: nodes = 4210, dt = 5.466073e-12, time = 7.315361e-09, elapsed = 294.1 sec
Step =   1941: nodes = 4210, dt = 3.279644e-12, time = 7.318641e-09, elapsed = 294.2 sec
Step =   1942: nodes = 4211, dt = 3.279644e-12, time = 7.321921e-09, elapsed = 294.3 sec
Step =   1943: nodes = 4210, dt = 3.935572e-12, time = 7.325856e-09, elapsed = 294.5 sec
Step =   1944: nodes = 4209, dt = 4.722687e-12, time = 7.330579e-09, elapsed = 294.6 sec
Step =   1945: nodes = 4211, dt = 5.667224e-12, time = 7.336246e-09, elapsed = 294.8 sec
Step =   1946: nodes = 4211, dt = 3.400334e-12, time = 7.339647e-09, elapsed = 294.9 sec
Step =   1947: nodes = 4211, dt = 3.400334e-12, time = 7.343047e-09, elapsed = 295.1 sec
Step =   1948: nodes = 4209, dt = 4.080401e-12, time = 7.347127e-09, elapsed = 295.2 sec
Step =   1949: nodes = 4209, dt = 4.896482e-12, time = 7.352024e-09, elapsed = 295.3 sec
Step =   1950: nodes = 4209, dt = 5.875778e-12, time = 7.357900e-09, elapsed = 295.5 sec
Step =   1951: nodes = 4208, dt = 3.525467e-12, time = 7.361425e-09, elapsed = 295.6 sec
Step =   1952: nodes = 4208, dt = 3.525467e-12, time = 7.364951e-09, elapsed = 295.8 sec
Step =   1953: nodes = 4210, dt = 4.230560e-12, time = 7.369181e-09, elapsed = 295.9 sec
Step =   1954: nodes = 4209, dt = 5.076672e-12, time = 7.374258e-09, elapsed = 296.0 sec
Step =   1955: nodes = 4210, dt = 6.092007e-12, time = 7.380350e-09, elapsed = 296.2 sec
Step =   1956: nodes = 4210, dt = 3.655204e-12, time = 7.384005e-09, elapsed = 296.4 sec
Step =   1957: nodes = 4209, dt = 3.655204e-12, time = 7.387660e-09, elapsed = 296.5 sec
Step =   1958: nodes = 4210, dt = 4.386245e-12, time = 7.392046e-09, elapsed = 296.7 sec
Step =   1959: nodes = 4210, dt = 5.263494e-12, time = 7.397310e-09, elapsed = 296.8 sec
Step =   1960: nodes = 4210, dt = 3.158096e-12, time = 7.400468e-09, elapsed = 297.0 sec
Step =   1961: nodes = 4209, dt = 3.158096e-12, time = 7.403626e-09, elapsed = 297.1 sec
Step =   1962: nodes = 4208, dt = 3.789715e-12, time = 7.407416e-09, elapsed = 297.2 sec
Step =   1963: nodes = 4207, dt = 4.547659e-12, time = 7.411963e-09, elapsed = 297.4 sec
Step =   1964: nodes = 4207, dt = 5.457190e-12, time = 7.417421e-09, elapsed = 297.5 sec
Step =   1965: nodes = 4207, dt = 3.274314e-12, time = 7.420695e-09, elapsed = 297.7 sec
Step =   1966: nodes = 4207, dt = 3.274314e-12, time = 7.423969e-09, elapsed = 297.8 sec
Step =   1967: nodes = 4207, dt = 3.929177e-12, time = 7.427898e-09, elapsed = 297.9 sec
Step =   1968: nodes = 4207, dt = 4.715012e-12, time = 7.432613e-09, elapsed = 298.1 sec
Step =   1969: nodes = 4207, dt = 5.658015e-12, time = 7.438271e-09, elapsed = 298.2 sec
Step =   1970: nodes = 4206, dt = 3.394809e-12, time = 7.441666e-09, elapsed = 298.4 sec
Step =   1971: nodes = 4205, dt = 3.394809e-12, time = 7.445061e-09, elapsed = 298.5 sec
Step =   1972: nodes = 4206, dt = 4.073771e-12, time = 7.449135e-09, elapsed = 298.7 sec
Step =   1973: nodes = 4207, dt = 4.888525e-12, time = 7.454023e-09, elapsed = 298.8 sec
Step =   1974: nodes = 4206, dt = 2.933115e-12, time = 7.456957e-09, elapsed = 299.0 sec
Step =   1975: nodes = 4207, dt = 2.933115e-12, time = 7.459890e-09, elapsed = 299.1 sec
Step =   1976: nodes = 4207, dt = 3.519738e-12, time = 7.463409e-09, elapsed = 299.5 sec
Step =   1977: nodes = 4206, dt = 4.223685e-12, time = 7.467633e-09, elapsed = 299.7 sec
Step =   1978: nodes = 4207, dt = 5.068423e-12, time = 7.472701e-09, elapsed = 299.8 sec
Step =   1979: nodes = 4207, dt = 3.041054e-12, time = 7.475743e-09, elapsed = 300.0 sec
Step =   1980: nodes = 4207, dt = 3.041054e-12, time = 7.478784e-09, elapsed = 300.1 sec
Step =   1981: nodes = 4205, dt = 3.649264e-12, time = 7.482433e-09, elapsed = 300.3 sec
Step =   1982: nodes = 4206, dt = 4.379117e-12, time = 7.486812e-09, elapsed = 300.4 sec
Step =   1983: nodes = 4205, dt = 5.254941e-12, time = 7.492067e-09, elapsed = 300.6 sec
Step =   1984: nodes = 4207, dt = 3.152964e-12, time = 7.495220e-09, elapsed = 300.7 sec
Step =   1985: nodes = 4207, dt = 3.152964e-12, time = 7.498373e-09, elapsed = 300.9 sec
Step =   1986: nodes = 4209, dt = 3.783557e-12, time = 7.502156e-09, elapsed = 301.0 sec
Step =   1987: nodes = 4208, dt = 4.540269e-12, time = 7.506697e-09, elapsed = 301.1 sec
Step =   1988: nodes = 4206, dt = 5.448322e-12, time = 7.512145e-09, elapsed = 301.3 sec
Step =   1989: nodes = 4207, dt = 3.268993e-12, time = 7.515414e-09, elapsed = 301.5 sec
Step =   1990: nodes = 4207, dt = 3.268993e-12, time = 7.518683e-09, elapsed = 301.6 sec
Step =   1991: nodes = 4207, dt = 3.922792e-12, time = 7.522606e-09, elapsed = 301.7 sec
Step =   1992: nodes = 4207, dt = 4.707351e-12, time = 7.527313e-09, elapsed = 301.9 sec
Step =   1993: nodes = 4207, dt = 5.648821e-12, time = 7.532962e-09, elapsed = 302.0 sec
Step =   1994: nodes = 4208, dt = 3.389292e-12, time = 7.536351e-09, elapsed = 302.2 sec
Step =   1995: nodes = 4208, dt = 3.389292e-12, time = 7.539741e-09, elapsed = 302.3 sec
Step =   1996: nodes = 4208, dt = 4.067151e-12, time = 7.543808e-09, elapsed = 302.4 sec
Step =   1997: nodes = 4207, dt = 4.880581e-12, time = 7.548688e-09, elapsed = 302.6 sec
Step =   1998: nodes = 4206, dt = 2.928349e-12, time = 7.551617e-09, elapsed = 302.7 sec
Step =   1999: nodes = 4206, dt = 2.928349e-12, time = 7.554545e-09, elapsed = 302.9 sec
Step =   2000: nodes = 4207, dt = 3.514018e-12, time = 7.558059e-09, elapsed = 303.0 sec
Writing configuration in legacy data format
 Output file: /data/home/dg000246b/openDIS/inital_dislocation_structures/output_caseC_0.14%_seed12345/relax2/config.2000.data
Writing restart file
 Restart file: /data/home/dg000246b/openDIS/inital_dislocation_structures/output_caseC_0.14%_seed12345/relax2/restart.2000.exadis
Step =   2001: nodes = 4207, dt = 4.216822e-12, time = 7.562276e-09, elapsed = 303.2 sec
Step =   2002: nodes = 4207, dt = 5.060186e-12, time = 7.567336e-09, elapsed = 303.3 sec
Step =   2003: nodes = 4207, dt = 3.036112e-12, time = 7.570372e-09, elapsed = 303.5 sec
Step =   2004: nodes = 4205, dt = 3.036112e-12, time = 7.573408e-09, elapsed = 303.6 sec
Step =   2005: nodes = 4207, dt = 3.643334e-12, time = 7.577052e-09, elapsed = 303.8 sec
Step =   2006: nodes = 4207, dt = 4.372001e-12, time = 7.581424e-09, elapsed = 303.9 sec
Step =   2007: nodes = 4207, dt = 5.246401e-12, time = 7.586670e-09, elapsed = 304.0 sec
Step =   2008: nodes = 4207, dt = 3.147841e-12, time = 7.589818e-09, elapsed = 304.2 sec
Step =   2009: nodes = 4207, dt = 3.147841e-12, time = 7.592966e-09, elapsed = 304.3 sec
Step =   2010: nodes = 4207, dt = 3.777409e-12, time = 7.596743e-09, elapsed = 304.5 sec
Step =   2011: nodes = 4207, dt = 4.532891e-12, time = 7.601276e-09, elapsed = 304.6 sec
Step =   2012: nodes = 4207, dt = 5.439469e-12, time = 7.606715e-09, elapsed = 304.7 sec
Step =   2013: nodes = 4207, dt = 3.263681e-12, time = 7.609979e-09, elapsed = 304.9 sec
Step =   2014: nodes = 4208, dt = 3.263681e-12, time = 7.613243e-09, elapsed = 305.0 sec
Step =   2015: nodes = 4208, dt = 3.916418e-12, time = 7.617159e-09, elapsed = 305.2 sec
Step =   2016: nodes = 4208, dt = 4.699701e-12, time = 7.621859e-09, elapsed = 305.3 sec
Step =   2017: nodes = 4206, dt = 5.639641e-12, time = 7.627499e-09, elapsed = 305.5 sec
Step =   2018: nodes = 4207, dt = 3.383785e-12, time = 7.630882e-09, elapsed = 305.6 sec
Step =   2019: nodes = 4207, dt = 3.383785e-12, time = 7.634266e-09, elapsed = 305.8 sec
Step =   2020: nodes = 4207, dt = 4.060542e-12, time = 7.638327e-09, elapsed = 305.9 sec
Step =   2021: nodes = 4207, dt = 4.872650e-12, time = 7.643199e-09, elapsed = 306.1 sec
Step =   2022: nodes = 4206, dt = 5.847180e-12, time = 7.649046e-09, elapsed = 306.2 sec
Step =   2023: nodes = 4208, dt = 7.016616e-12, time = 7.656063e-09, elapsed = 306.4 sec
Step =   2024: nodes = 4207, dt = 4.209970e-12, time = 7.660273e-09, elapsed = 306.6 sec
Step =   2025: nodes = 4208, dt = 4.209970e-12, time = 7.664483e-09, elapsed = 306.7 sec
Step =   2026: nodes = 4208, dt = 5.051964e-12, time = 7.669535e-09, elapsed = 306.9 sec
Step =   2027: nodes = 4207, dt = 6.062356e-12, time = 7.675597e-09, elapsed = 307.0 sec
Step =   2028: nodes = 4207, dt = 7.274828e-12, time = 7.682872e-09, elapsed = 307.2 sec
Step =   2029: nodes = 4206, dt = 4.364897e-12, time = 7.687237e-09, elapsed = 307.4 sec
Step =   2030: nodes = 4205, dt = 4.364897e-12, time = 7.691602e-09, elapsed = 307.5 sec
Step =   2031: nodes = 4208, dt = 5.237876e-12, time = 7.696840e-09, elapsed = 307.6 sec
Step =   2032: nodes = 4207, dt = 3.142726e-12, time = 7.699983e-09, elapsed = 307.8 sec
Step =   2033: nodes = 4208, dt = 3.142726e-12, time = 7.703125e-09, elapsed = 307.9 sec
Step =   2034: nodes = 4208, dt = 1.885635e-12, time = 7.705011e-09, elapsed = 308.0 sec
Step =   2035: nodes = 4207, dt = 1.885635e-12, time = 7.706897e-09, elapsed = 308.2 sec
Step =   2036: nodes = 4207, dt = 2.262762e-12, time = 7.709159e-09, elapsed = 308.3 sec
Step =   2037: nodes = 4207, dt = 2.715315e-12, time = 7.711875e-09, elapsed = 308.4 sec
Step =   2038: nodes = 4207, dt = 3.258378e-12, time = 7.715133e-09, elapsed = 308.6 sec
Step =   2039: nodes = 4208, dt = 3.910053e-12, time = 7.719043e-09, elapsed = 308.7 sec
Step =   2040: nodes = 4208, dt = 4.692064e-12, time = 7.723735e-09, elapsed = 308.9 sec
Step =   2041: nodes = 4207, dt = 5.630477e-12, time = 7.729366e-09, elapsed = 309.0 sec
Step =   2042: nodes = 4207, dt = 3.378286e-12, time = 7.732744e-09, elapsed = 309.2 sec
Step =   2043: nodes = 4208, dt = 3.378286e-12, time = 7.736122e-09, elapsed = 309.3 sec
Step =   2044: nodes = 4207, dt = 4.053943e-12, time = 7.740176e-09, elapsed = 309.5 sec
Step =   2045: nodes = 4207, dt = 4.864732e-12, time = 7.745041e-09, elapsed = 309.6 sec
Step =   2046: nodes = 4206, dt = 5.837678e-12, time = 7.750879e-09, elapsed = 309.7 sec
Step =   2047: nodes = 4208, dt = 3.502607e-12, time = 7.754381e-09, elapsed = 309.9 sec
Step =   2048: nodes = 4207, dt = 3.502607e-12, time = 7.757884e-09, elapsed = 310.0 sec
Step =   2049: nodes = 4207, dt = 4.203128e-12, time = 7.762087e-09, elapsed = 310.2 sec
Step =   2050: nodes = 4206, dt = 5.043754e-12, time = 7.767131e-09, elapsed = 310.3 sec
Step =   2051: nodes = 4207, dt = 3.026252e-12, time = 7.770157e-09, elapsed = 310.5 sec
Step =   2052: nodes = 4207, dt = 3.026252e-12, time = 7.773183e-09, elapsed = 310.6 sec
Step =   2053: nodes = 4207, dt = 3.631503e-12, time = 7.776815e-09, elapsed = 310.7 sec
Step =   2054: nodes = 4206, dt = 4.357804e-12, time = 7.781172e-09, elapsed = 310.9 sec
Step =   2055: nodes = 4208, dt = 5.229364e-12, time = 7.786402e-09, elapsed = 311.0 sec
Step =   2056: nodes = 4208, dt = 3.137619e-12, time = 7.789539e-09, elapsed = 311.2 sec
Step =   2057: nodes = 4208, dt = 3.137619e-12, time = 7.792677e-09, elapsed = 311.3 sec
Step =   2058: nodes = 4208, dt = 3.765142e-12, time = 7.796442e-09, elapsed = 311.5 sec
Step =   2059: nodes = 4208, dt = 4.518171e-12, time = 7.800960e-09, elapsed = 311.6 sec
Step =   2060: nodes = 4209, dt = 5.421805e-12, time = 7.806382e-09, elapsed = 311.8 sec
Step =   2061: nodes = 4208, dt = 3.253083e-12, time = 7.809635e-09, elapsed = 311.9 sec
Step =   2062: nodes = 4208, dt = 3.253083e-12, time = 7.812888e-09, elapsed = 312.0 sec
Step =   2063: nodes = 4207, dt = 3.903700e-12, time = 7.816792e-09, elapsed = 312.2 sec
Step =   2064: nodes = 4207, dt = 4.684439e-12, time = 7.821476e-09, elapsed = 312.3 sec
Step =   2065: nodes = 4208, dt = 5.621327e-12, time = 7.827098e-09, elapsed = 312.4 sec
Step =   2066: nodes = 4208, dt = 3.372796e-12, time = 7.830471e-09, elapsed = 312.6 sec
Step =   2067: nodes = 4207, dt = 3.372796e-12, time = 7.833843e-09, elapsed = 312.7 sec
Step =   2068: nodes = 4207, dt = 4.047356e-12, time = 7.837891e-09, elapsed = 312.9 sec
Step =   2069: nodes = 4207, dt = 4.856827e-12, time = 7.842748e-09, elapsed = 313.0 sec
Step =   2070: nodes = 4207, dt = 5.828192e-12, time = 7.848576e-09, elapsed = 313.2 sec
Step =   2071: nodes = 4206, dt = 3.496915e-12, time = 7.852073e-09, elapsed = 313.4 sec
Step =   2072: nodes = 4207, dt = 3.496915e-12, time = 7.855570e-09, elapsed = 313.5 sec
Step =   2073: nodes = 4207, dt = 4.196298e-12, time = 7.859766e-09, elapsed = 313.6 sec
Step =   2074: nodes = 4206, dt = 5.035558e-12, time = 7.864801e-09, elapsed = 313.8 sec
Step =   2075: nodes = 4206, dt = 6.042670e-12, time = 7.870844e-09, elapsed = 313.9 sec
Step =   2076: nodes = 4206, dt = 3.625602e-12, time = 7.874470e-09, elapsed = 314.1 sec
Step =   2077: nodes = 4207, dt = 3.625602e-12, time = 7.878095e-09, elapsed = 314.3 sec
Step =   2078: nodes = 4206, dt = 4.350722e-12, time = 7.882446e-09, elapsed = 314.4 sec
Step =   2079: nodes = 4206, dt = 5.220867e-12, time = 7.887667e-09, elapsed = 314.6 sec
Step =   2080: nodes = 4205, dt = 6.265040e-12, time = 7.893932e-09, elapsed = 314.7 sec
Step =   2081: nodes = 4206, dt = 3.759024e-12, time = 7.897691e-09, elapsed = 314.8 sec
Step =   2082: nodes = 4206, dt = 3.759024e-12, time = 7.901450e-09, elapsed = 315.0 sec
Step =   2083: nodes = 4205, dt = 2.255414e-12, time = 7.903705e-09, elapsed = 315.1 sec
Step =   2084: nodes = 4206, dt = 1.127707e-12, time = 7.904833e-09, elapsed = 315.3 sec
Step =   2085: nodes = 4206, dt = 5.638536e-13, time = 7.905397e-09, elapsed = 315.4 sec
Step =   2086: nodes = 4206, dt = 5.638536e-13, time = 7.905961e-09, elapsed = 315.5 sec
Step =   2087: nodes = 4206, dt = 6.766243e-13, time = 7.906637e-09, elapsed = 315.6 sec
Step =   2088: nodes = 4206, dt = 8.119492e-13, time = 7.907449e-09, elapsed = 315.8 sec
Step =   2089: nodes = 4206, dt = 9.743390e-13, time = 7.908424e-09, elapsed = 315.9 sec
Step =   2090: nodes = 4206, dt = 1.169207e-12, time = 7.909593e-09, elapsed = 316.0 sec
Step =   2091: nodes = 4206, dt = 1.403048e-12, time = 7.910996e-09, elapsed = 316.1 sec
Step =   2092: nodes = 4206, dt = 1.683658e-12, time = 7.912680e-09, elapsed = 316.2 sec
Step =   2093: nodes = 4206, dt = 2.020389e-12, time = 7.914700e-09, elapsed = 316.4 sec
Step =   2094: nodes = 4206, dt = 2.424467e-12, time = 7.917124e-09, elapsed = 316.5 sec
Step =   2095: nodes = 4206, dt = 2.909361e-12, time = 7.920034e-09, elapsed = 316.6 sec
Step =   2096: nodes = 4206, dt = 3.491233e-12, time = 7.923525e-09, elapsed = 316.7 sec
Step =   2097: nodes = 4206, dt = 4.189479e-12, time = 7.927715e-09, elapsed = 316.9 sec
Step =   2098: nodes = 4206, dt = 5.027375e-12, time = 7.932742e-09, elapsed = 317.0 sec
Step =   2099: nodes = 4206, dt = 3.016425e-12, time = 7.935758e-09, elapsed = 317.2 sec
Step =   2100: nodes = 4206, dt = 3.016425e-12, time = 7.938775e-09, elapsed = 317.3 sec
Writing configuration in legacy data format
 Output file: /data/home/dg000246b/openDIS/inital_dislocation_structures/output_caseC_0.14%_seed12345/relax2/config.2100.data
Writing restart file
 Restart file: /data/home/dg000246b/openDIS/inital_dislocation_structures/output_caseC_0.14%_seed12345/relax2/restart.2100.exadis
Step =   2101: nodes = 4207, dt = 3.619710e-12, time = 7.942394e-09, elapsed = 317.5 sec
Step =   2102: nodes = 4209, dt = 4.343652e-12, time = 7.946738e-09, elapsed = 317.6 sec
Step =   2103: nodes = 4207, dt = 5.212383e-12, time = 7.951951e-09, elapsed = 317.8 sec
Step =   2104: nodes = 4209, dt = 3.127430e-12, time = 7.955078e-09, elapsed = 317.9 sec
Step =   2105: nodes = 4209, dt = 3.127430e-12, time = 7.958205e-09, elapsed = 318.0 sec
Step =   2106: nodes = 4209, dt = 3.752915e-12, time = 7.961958e-09, elapsed = 318.2 sec
Step =   2107: nodes = 4209, dt = 4.503499e-12, time = 7.966462e-09, elapsed = 318.3 sec
Step =   2108: nodes = 4209, dt = 5.404198e-12, time = 7.971866e-09, elapsed = 318.5 sec
Step =   2109: nodes = 4210, dt = 3.242519e-12, time = 7.975109e-09, elapsed = 318.6 sec
Step =   2110: nodes = 4209, dt = 3.242519e-12, time = 7.978351e-09, elapsed = 318.8 sec
Step =   2111: nodes = 4209, dt = 3.891023e-12, time = 7.982242e-09, elapsed = 318.9 sec
Step =   2112: nodes = 4209, dt = 4.669227e-12, time = 7.986911e-09, elapsed = 319.0 sec
Step =   2113: nodes = 4209, dt = 5.603073e-12, time = 7.992514e-09, elapsed = 319.2 sec
Step =   2114: nodes = 4208, dt = 3.361844e-12, time = 7.995876e-09, elapsed = 319.4 sec
Step =   2115: nodes = 4208, dt = 3.361844e-12, time = 7.999238e-09, elapsed = 319.5 sec
Step =   2116: nodes = 4208, dt = 4.034212e-12, time = 8.003272e-09, elapsed = 319.7 sec
Step =   2117: nodes = 4208, dt = 4.841055e-12, time = 8.008113e-09, elapsed = 319.8 sec
Step =   2118: nodes = 4208, dt = 5.809266e-12, time = 8.013923e-09, elapsed = 320.0 sec
Step =   2119: nodes = 4207, dt = 3.485560e-12, time = 8.017408e-09, elapsed = 320.1 sec
Step =   2120: nodes = 4208, dt = 1.742780e-12, time = 8.019151e-09, elapsed = 320.3 sec
Step =   2121: nodes = 4206, dt = 1.742780e-12, time = 8.020894e-09, elapsed = 320.4 sec
Step =   2122: nodes = 4208, dt = 2.091336e-12, time = 8.022985e-09, elapsed = 320.5 sec
Step =   2123: nodes = 4209, dt = 2.509603e-12, time = 8.025495e-09, elapsed = 320.7 sec
Step =   2124: nodes = 4210, dt = 3.011523e-12, time = 8.028506e-09, elapsed = 320.8 sec
Step =   2125: nodes = 4210, dt = 3.613828e-12, time = 8.032120e-09, elapsed = 321.0 sec
Step =   2126: nodes = 4209, dt = 4.336594e-12, time = 8.036457e-09, elapsed = 321.1 sec
Step =   2127: nodes = 4209, dt = 5.203913e-12, time = 8.041660e-09, elapsed = 321.3 sec
Step =   2128: nodes = 4209, dt = 3.122348e-12, time = 8.044783e-09, elapsed = 321.4 sec
Step =   2129: nodes = 4209, dt = 3.122348e-12, time = 8.047905e-09, elapsed = 321.6 sec
Step =   2130: nodes = 4209, dt = 3.746817e-12, time = 8.051652e-09, elapsed = 321.7 sec
Step =   2131: nodes = 4210, dt = 4.496180e-12, time = 8.056148e-09, elapsed = 321.9 sec
Step =   2132: nodes = 4210, dt = 5.395416e-12, time = 8.061544e-09, elapsed = 322.0 sec
Step =   2133: nodes = 4211, dt = 3.237250e-12, time = 8.064781e-09, elapsed = 322.2 sec
Step =   2134: nodes = 4211, dt = 3.237250e-12, time = 8.068018e-09, elapsed = 322.3 sec
Step =   2135: nodes = 4210, dt = 3.884700e-12, time = 8.071903e-09, elapsed = 322.5 sec
Step =   2136: nodes = 4209, dt = 4.661640e-12, time = 8.076564e-09, elapsed = 322.6 sec
Step =   2137: nodes = 4207, dt = 5.593968e-12, time = 8.082158e-09, elapsed = 322.7 sec
Step =   2138: nodes = 4208, dt = 3.356381e-12, time = 8.085515e-09, elapsed = 322.9 sec
Step =   2139: nodes = 4208, dt = 3.356381e-12, time = 8.088871e-09, elapsed = 323.0 sec
Step =   2140: nodes = 4209, dt = 4.027657e-12, time = 8.092899e-09, elapsed = 323.2 sec
Step =   2141: nodes = 4208, dt = 4.833188e-12, time = 8.097732e-09, elapsed = 323.3 sec
Step =   2142: nodes = 4210, dt = 5.799826e-12, time = 8.103532e-09, elapsed = 323.5 sec
Step =   2143: nodes = 4210, dt = 3.479895e-12, time = 8.107012e-09, elapsed = 323.6 sec
Step =   2144: nodes = 4210, dt = 3.479895e-12, time = 8.110492e-09, elapsed = 323.8 sec
Step =   2145: nodes = 4210, dt = 4.175875e-12, time = 8.114668e-09, elapsed = 323.9 sec
Step =   2146: nodes = 4210, dt = 5.011050e-12, time = 8.119679e-09, elapsed = 324.1 sec
Step =   2147: nodes = 4210, dt = 6.013259e-12, time = 8.125692e-09, elapsed = 324.2 sec
Step =   2148: nodes = 4209, dt = 3.607956e-12, time = 8.129300e-09, elapsed = 324.4 sec
Step =   2149: nodes = 4210, dt = 3.607956e-12, time = 8.132908e-09, elapsed = 324.5 sec
Step =   2150: nodes = 4209, dt = 4.329547e-12, time = 8.137237e-09, elapsed = 324.7 sec
Step =   2151: nodes = 4209, dt = 5.195456e-12, time = 8.142433e-09, elapsed = 324.8 sec
Step =   2152: nodes = 4209, dt = 3.117274e-12, time = 8.145550e-09, elapsed = 325.0 sec
Step =   2153: nodes = 4209, dt = 3.117274e-12, time = 8.148667e-09, elapsed = 325.1 sec
Step =   2154: nodes = 4208, dt = 3.740728e-12, time = 8.152408e-09, elapsed = 325.3 sec
Step =   2155: nodes = 4209, dt = 4.488874e-12, time = 8.156897e-09, elapsed = 325.4 sec
Step =   2156: nodes = 4208, dt = 5.386649e-12, time = 8.162284e-09, elapsed = 325.6 sec
Step =   2157: nodes = 4209, dt = 3.231989e-12, time = 8.165516e-09, elapsed = 325.7 sec
Step =   2158: nodes = 4209, dt = 3.231989e-12, time = 8.168748e-09, elapsed = 325.9 sec
Step =   2159: nodes = 4208, dt = 3.878387e-12, time = 8.172626e-09, elapsed = 326.0 sec
Step =   2160: nodes = 4208, dt = 4.654065e-12, time = 8.177280e-09, elapsed = 326.2 sec
Step =   2161: nodes = 4208, dt = 5.584878e-12, time = 8.182865e-09, elapsed = 326.3 sec
Step =   2162: nodes = 4208, dt = 3.350927e-12, time = 8.186216e-09, elapsed = 326.5 sec
Step =   2163: nodes = 4207, dt = 3.350927e-12, time = 8.189567e-09, elapsed = 326.6 sec
Step =   2164: nodes = 4207, dt = 4.021112e-12, time = 8.193588e-09, elapsed = 326.8 sec
Step =   2165: nodes = 4207, dt = 4.825334e-12, time = 8.198413e-09, elapsed = 326.9 sec
Step =   2166: nodes = 4207, dt = 2.895201e-12, time = 8.201308e-09, elapsed = 327.0 sec
Step =   2167: nodes = 4207, dt = 2.895201e-12, time = 8.204204e-09, elapsed = 327.2 sec
Step =   2168: nodes = 4207, dt = 3.474241e-12, time = 8.207678e-09, elapsed = 327.3 sec
Step =   2169: nodes = 4207, dt = 4.169089e-12, time = 8.211847e-09, elapsed = 327.4 sec
Step =   2170: nodes = 4207, dt = 5.002907e-12, time = 8.216850e-09, elapsed = 327.6 sec
Step =   2171: nodes = 4206, dt = 3.001744e-12, time = 8.219852e-09, elapsed = 327.7 sec
Step =   2172: nodes = 4207, dt = 1.500872e-12, time = 8.221352e-09, elapsed = 327.9 sec
Step =   2173: nodes = 4208, dt = 1.500872e-12, time = 8.222853e-09, elapsed = 328.0 sec
Step =   2174: nodes = 4207, dt = 1.801046e-12, time = 8.224654e-09, elapsed = 328.1 sec
Step =   2175: nodes = 4208, dt = 2.161256e-12, time = 8.226816e-09, elapsed = 328.2 sec
Step =   2176: nodes = 4208, dt = 2.593507e-12, time = 8.229409e-09, elapsed = 328.4 sec
Step =   2177: nodes = 4208, dt = 3.112208e-12, time = 8.232521e-09, elapsed = 328.5 sec
Step =   2178: nodes = 4208, dt = 3.734650e-12, time = 8.236256e-09, elapsed = 328.6 sec
Step =   2179: nodes = 4208, dt = 4.481580e-12, time = 8.240738e-09, elapsed = 328.8 sec
Step =   2180: nodes = 4206, dt = 5.377896e-12, time = 8.246115e-09, elapsed = 328.9 sec
Step =   2181: nodes = 4208, dt = 3.226737e-12, time = 8.249342e-09, elapsed = 329.0 sec
Step =   2182: nodes = 4208, dt = 3.226737e-12, time = 8.252569e-09, elapsed = 329.2 sec
Step =   2183: nodes = 4210, dt = 3.872085e-12, time = 8.256441e-09, elapsed = 329.4 sec
Step =   2184: nodes = 4208, dt = 4.646502e-12, time = 8.261087e-09, elapsed = 329.5 sec
Step =   2185: nodes = 4209, dt = 5.575802e-12, time = 8.266663e-09, elapsed = 330.0 sec
Step =   2186: nodes = 4209, dt = 6.690963e-12, time = 8.273354e-09, elapsed = 330.1 sec
Step =   2187: nodes = 4208, dt = 4.014578e-12, time = 8.277369e-09, elapsed = 330.3 sec
Step =   2188: nodes = 4209, dt = 4.014578e-12, time = 8.281383e-09, elapsed = 330.4 sec
Step =   2189: nodes = 4209, dt = 4.817493e-12, time = 8.286201e-09, elapsed = 330.5 sec
Step =   2190: nodes = 4209, dt = 5.780992e-12, time = 8.291982e-09, elapsed = 330.7 sec
Step =   2191: nodes = 4209, dt = 3.468595e-12, time = 8.295450e-09, elapsed = 330.8 sec
Step =   2192: nodes = 4208, dt = 3.468595e-12, time = 8.298919e-09, elapsed = 330.9 sec
Step =   2193: nodes = 4208, dt = 4.162314e-12, time = 8.303081e-09, elapsed = 331.1 sec
Step =   2194: nodes = 4207, dt = 4.994777e-12, time = 8.308076e-09, elapsed = 331.2 sec
Step =   2195: nodes = 4209, dt = 5.993732e-12, time = 8.314070e-09, elapsed = 331.4 sec
Step =   2196: nodes = 4208, dt = 3.596239e-12, time = 8.317666e-09, elapsed = 331.5 sec
Step =   2197: nodes = 4209, dt = 3.596239e-12, time = 8.321262e-09, elapsed = 331.7 sec
Step =   2198: nodes = 4207, dt = 4.315487e-12, time = 8.325578e-09, elapsed = 331.8 sec
Step =   2199: nodes = 4207, dt = 5.178585e-12, time = 8.330756e-09, elapsed = 332.0 sec
Step =   2200: nodes = 4207, dt = 6.214302e-12, time = 8.336971e-09, elapsed = 332.1 sec
Writing configuration in legacy data format
 Output file: /data/home/dg000246b/openDIS/inital_dislocation_structures/output_caseC_0.14%_seed12345/relax2/config.2200.data
Writing restart file
 Restart file: /data/home/dg000246b/openDIS/inital_dislocation_structures/output_caseC_0.14%_seed12345/relax2/restart.2200.exadis
Step =   2201: nodes = 4207, dt = 3.728581e-12, time = 8.340699e-09, elapsed = 332.3 sec
Step =   2202: nodes = 4208, dt = 3.728581e-12, time = 8.344428e-09, elapsed = 332.4 sec
Step =   2203: nodes = 4208, dt = 4.474297e-12, time = 8.348902e-09, elapsed = 332.6 sec
Step =   2204: nodes = 4207, dt = 5.369157e-12, time = 8.354271e-09, elapsed = 332.7 sec
Step =   2205: nodes = 4208, dt = 3.221494e-12, time = 8.357493e-09, elapsed = 332.9 sec
Step =   2206: nodes = 4208, dt = 3.221494e-12, time = 8.360714e-09, elapsed = 333.0 sec
Step =   2207: nodes = 4208, dt = 3.865793e-12, time = 8.364580e-09, elapsed = 333.2 sec
Step =   2208: nodes = 4208, dt = 4.638951e-12, time = 8.369219e-09, elapsed = 333.3 sec
Step =   2209: nodes = 4208, dt = 5.566741e-12, time = 8.374786e-09, elapsed = 333.5 sec
Step =   2210: nodes = 4207, dt = 3.340045e-12, time = 8.378126e-09, elapsed = 333.6 sec
Step =   2211: nodes = 4208, dt = 3.340045e-12, time = 8.381466e-09, elapsed = 333.7 sec
Step =   2212: nodes = 4207, dt = 4.008054e-12, time = 8.385474e-09, elapsed = 333.9 sec
Step =   2213: nodes = 4207, dt = 4.809665e-12, time = 8.390284e-09, elapsed = 334.0 sec
Step =   2214: nodes = 4207, dt = 5.771598e-12, time = 8.396055e-09, elapsed = 334.2 sec
Step =   2215: nodes = 4208, dt = 6.925917e-12, time = 8.402981e-09, elapsed = 334.4 sec
Step =   2216: nodes = 4208, dt = 8.311100e-12, time = 8.411292e-09, elapsed = 334.5 sec
Step =   2217: nodes = 4206, dt = 9.973321e-12, time = 8.421266e-09, elapsed = 334.7 sec
Step =   2218: nodes = 4207, dt = 5.983992e-12, time = 8.427250e-09, elapsed = 334.9 sec
Step =   2219: nodes = 4206, dt = 2.991996e-12, time = 8.430242e-09, elapsed = 335.0 sec
Step =   2220: nodes = 4207, dt = 2.991996e-12, time = 8.433234e-09, elapsed = 335.2 sec
Step =   2221: nodes = 4207, dt = 3.590395e-12, time = 8.436824e-09, elapsed = 335.3 sec
Step =   2222: nodes = 4207, dt = 4.308474e-12, time = 8.441132e-09, elapsed = 335.5 sec
Step =   2223: nodes = 4207, dt = 5.170169e-12, time = 8.446303e-09, elapsed = 335.6 sec
Step =   2224: nodes = 4207, dt = 3.102102e-12, time = 8.449405e-09, elapsed = 335.8 sec
Step =   2225: nodes = 4207, dt = 3.102102e-12, time = 8.452507e-09, elapsed = 335.9 sec
Step =   2226: nodes = 4207, dt = 3.722522e-12, time = 8.456229e-09, elapsed = 336.1 sec
Step =   2227: nodes = 4207, dt = 4.467026e-12, time = 8.460696e-09, elapsed = 336.3 sec
Step =   2228: nodes = 4207, dt = 5.360432e-12, time = 8.466057e-09, elapsed = 336.4 sec
Step =   2229: nodes = 4206, dt = 3.216259e-12, time = 8.469273e-09, elapsed = 336.6 sec
Step =   2230: nodes = 4207, dt = 3.216259e-12, time = 8.472489e-09, elapsed = 336.7 sec
Step =   2231: nodes = 4207, dt = 3.859511e-12, time = 8.476349e-09, elapsed = 336.8 sec
Step =   2232: nodes = 4206, dt = 4.631413e-12, time = 8.480980e-09, elapsed = 337.0 sec
Step =   2233: nodes = 4204, dt = 5.557696e-12, time = 8.486538e-09, elapsed = 337.1 sec
Step =   2234: nodes = 4206, dt = 3.334617e-12, time = 8.489873e-09, elapsed = 337.3 sec
Step =   2235: nodes = 4208, dt = 3.334617e-12, time = 8.493207e-09, elapsed = 337.4 sec
Step =   2236: nodes = 4208, dt = 4.001541e-12, time = 8.497209e-09, elapsed = 337.5 sec
Step =   2237: nodes = 4208, dt = 4.801849e-12, time = 8.502011e-09, elapsed = 337.7 sec
Step =   2238: nodes = 4208, dt = 5.762219e-12, time = 8.507773e-09, elapsed = 337.8 sec
Step =   2239: nodes = 4208, dt = 3.457331e-12, time = 8.511230e-09, elapsed = 338.0 sec
Step =   2240: nodes = 4208, dt = 3.457331e-12, time = 8.514687e-09, elapsed = 338.1 sec
Step =   2241: nodes = 4208, dt = 4.148797e-12, time = 8.518836e-09, elapsed = 338.3 sec
Step =   2242: nodes = 4208, dt = 4.978557e-12, time = 8.523815e-09, elapsed = 338.4 sec
Step =   2243: nodes = 4208, dt = 5.974268e-12, time = 8.529789e-09, elapsed = 338.6 sec
Step =   2244: nodes = 4208, dt = 3.584561e-12, time = 8.533374e-09, elapsed = 338.7 sec
Step =   2245: nodes = 4208, dt = 3.584561e-12, time = 8.536958e-09, elapsed = 338.9 sec
Step =   2246: nodes = 4208, dt = 4.301473e-12, time = 8.541260e-09, elapsed = 339.0 sec
Step =   2247: nodes = 4208, dt = 5.161768e-12, time = 8.546421e-09, elapsed = 339.2 sec
Step =   2248: nodes = 4207, dt = 6.194121e-12, time = 8.552616e-09, elapsed = 339.3 sec
Step =   2249: nodes = 4206, dt = 3.716473e-12, time = 8.556332e-09, elapsed = 339.5 sec
Step =   2250: nodes = 4207, dt = 1.858236e-12, time = 8.558190e-09, elapsed = 339.6 sec
Step =   2251: nodes = 4206, dt = 1.858236e-12, time = 8.560048e-09, elapsed = 339.8 sec
Step =   2252: nodes = 4206, dt = 2.229884e-12, time = 8.562278e-09, elapsed = 339.9 sec
Step =   2253: nodes = 4206, dt = 2.675860e-12, time = 8.564954e-09, elapsed = 340.0 sec
Step =   2254: nodes = 4206, dt = 3.211033e-12, time = 8.568165e-09, elapsed = 340.2 sec
Step =   2255: nodes = 4206, dt = 3.853239e-12, time = 8.572018e-09, elapsed = 340.4 sec
Step =   2256: nodes = 4206, dt = 4.623887e-12, time = 8.576642e-09, elapsed = 340.5 sec
Step =   2257: nodes = 4205, dt = 5.548664e-12, time = 8.582191e-09, elapsed = 340.6 sec
Step =   2258: nodes = 4206, dt = 3.329199e-12, time = 8.585520e-09, elapsed = 340.8 sec
Step =   2259: nodes = 4205, dt = 3.329199e-12, time = 8.588849e-09, elapsed = 341.0 sec
Step =   2260: nodes = 4207, dt = 3.995038e-12, time = 8.592844e-09, elapsed = 341.1 sec
Step =   2261: nodes = 4209, dt = 4.794046e-12, time = 8.597639e-09, elapsed = 341.3 sec
Step =   2262: nodes = 4209, dt = 5.752855e-12, time = 8.603391e-09, elapsed = 341.5 sec
Step =   2263: nodes = 4210, dt = 3.451713e-12, time = 8.606843e-09, elapsed = 341.6 sec
Step =   2264: nodes = 4210, dt = 3.451713e-12, time = 8.610295e-09, elapsed = 341.8 sec
Step =   2265: nodes = 4210, dt = 4.142056e-12, time = 8.614437e-09, elapsed = 341.9 sec
Step =   2266: nodes = 4210, dt = 4.970467e-12, time = 8.619407e-09, elapsed = 342.1 sec
Step =   2267: nodes = 4208, dt = 5.964560e-12, time = 8.625372e-09, elapsed = 342.2 sec
Step =   2268: nodes = 4209, dt = 3.578736e-12, time = 8.628951e-09, elapsed = 342.4 sec
Step =   2269: nodes = 4208, dt = 3.578736e-12, time = 8.632529e-09, elapsed = 342.5 sec
Step =   2270: nodes = 4207, dt = 4.294483e-12, time = 8.636824e-09, elapsed = 342.7 sec
Step =   2271: nodes = 4209, dt = 5.153380e-12, time = 8.641977e-09, elapsed = 342.8 sec
Step =   2272: nodes = 4209, dt = 6.184056e-12, time = 8.648161e-09, elapsed = 343.0 sec
Step =   2273: nodes = 4209, dt = 3.710434e-12, time = 8.651872e-09, elapsed = 343.1 sec
Step =   2274: nodes = 4208, dt = 3.710434e-12, time = 8.655582e-09, elapsed = 343.3 sec
Step =   2275: nodes = 4209, dt = 4.452520e-12, time = 8.660035e-09, elapsed = 343.4 sec
Step =   2276: nodes = 4208, dt = 5.343024e-12, time = 8.665378e-09, elapsed = 343.6 sec
Step =   2277: nodes = 4208, dt = 3.205815e-12, time = 8.668584e-09, elapsed = 343.8 sec
Step =   2278: nodes = 4208, dt = 3.205815e-12, time = 8.671789e-09, elapsed = 343.9 sec
Step =   2279: nodes = 4208, dt = 3.846978e-12, time = 8.675636e-09, elapsed = 344.0 sec
Step =   2280: nodes = 4208, dt = 4.616373e-12, time = 8.680253e-09, elapsed = 344.2 sec
Step =   2281: nodes = 4208, dt = 5.539648e-12, time = 8.685792e-09, elapsed = 344.3 sec
Step =   2282: nodes = 4207, dt = 3.323789e-12, time = 8.689116e-09, elapsed = 344.5 sec
Step =   2283: nodes = 4207, dt = 3.323789e-12, time = 8.692440e-09, elapsed = 344.6 sec
Step =   2284: nodes = 4206, dt = 3.988546e-12, time = 8.696428e-09, elapsed = 344.7 sec
Step =   2285: nodes = 4206, dt = 4.786256e-12, time = 8.701215e-09, elapsed = 344.9 sec
Step =   2286: nodes = 4206, dt = 5.743507e-12, time = 8.706958e-09, elapsed = 345.0 sec
Step =   2287: nodes = 4206, dt = 3.446104e-12, time = 8.710404e-09, elapsed = 345.2 sec
Step =   2288: nodes = 4206, dt = 3.446104e-12, time = 8.713850e-09, elapsed = 345.3 sec
Step =   2289: nodes = 4206, dt = 4.135325e-12, time = 8.717986e-09, elapsed = 345.4 sec
Step =   2290: nodes = 4206, dt = 4.962390e-12, time = 8.722948e-09, elapsed = 345.6 sec
Step =   2291: nodes = 4205, dt = 2.977434e-12, time = 8.725926e-09, elapsed = 345.8 sec
Step =   2292: nodes = 4204, dt = 2.977434e-12, time = 8.728903e-09, elapsed = 345.9 sec
Step =   2293: nodes = 4205, dt = 3.572921e-12, time = 8.732476e-09, elapsed = 346.0 sec
Step =   2294: nodes = 4205, dt = 4.287505e-12, time = 8.736763e-09, elapsed = 346.2 sec
Step =   2295: nodes = 4207, dt = 5.145006e-12, time = 8.741908e-09, elapsed = 346.3 sec
Step =   2296: nodes = 4208, dt = 3.087003e-12, time = 8.744995e-09, elapsed = 346.5 sec
Step =   2297: nodes = 4208, dt = 3.087003e-12, time = 8.748082e-09, elapsed = 346.6 sec
Step =   2298: nodes = 4208, dt = 3.704404e-12, time = 8.751787e-09, elapsed = 346.7 sec
Step =   2299: nodes = 4208, dt = 4.445285e-12, time = 8.756232e-09, elapsed = 346.9 sec
Step =   2300: nodes = 4207, dt = 5.334342e-12, time = 8.761566e-09, elapsed = 347.0 sec
Writing configuration in legacy data format
 Output file: /data/home/dg000246b/openDIS/inital_dislocation_structures/output_caseC_0.14%_seed12345/relax2/config.2300.data
Writing restart file
 Restart file: /data/home/dg000246b/openDIS/inital_dislocation_structures/output_caseC_0.14%_seed12345/relax2/restart.2300.exadis
Step =   2301: nodes = 4208, dt = 3.200605e-12, time = 8.764767e-09, elapsed = 347.3 sec
Step =   2302: nodes = 4209, dt = 3.200605e-12, time = 8.767968e-09, elapsed = 347.4 sec
Step =   2303: nodes = 4208, dt = 3.840726e-12, time = 8.771808e-09, elapsed = 347.5 sec
Step =   2304: nodes = 4209, dt = 4.608871e-12, time = 8.776417e-09, elapsed = 347.7 sec
Step =   2305: nodes = 4208, dt = 5.530646e-12, time = 8.781948e-09, elapsed = 347.8 sec
Step =   2306: nodes = 4209, dt = 3.318387e-12, time = 8.785266e-09, elapsed = 348.0 sec
Step =   2307: nodes = 4209, dt = 3.318387e-12, time = 8.788585e-09, elapsed = 348.1 sec
Step =   2308: nodes = 4210, dt = 3.982065e-12, time = 8.792567e-09, elapsed = 348.3 sec
Step =   2309: nodes = 4210, dt = 4.778478e-12, time = 8.797345e-09, elapsed = 348.4 sec
Step =   2310: nodes = 4210, dt = 5.734173e-12, time = 8.803079e-09, elapsed = 348.5 sec
Step =   2311: nodes = 4208, dt = 3.440504e-12, time = 8.806520e-09, elapsed = 348.6 sec
Step =   2312: nodes = 4209, dt = 3.440504e-12, time = 8.809960e-09, elapsed = 348.8 sec
Step =   2313: nodes = 4210, dt = 4.128605e-12, time = 8.814089e-09, elapsed = 348.9 sec
Step =   2314: nodes = 4209, dt = 4.954326e-12, time = 8.819043e-09, elapsed = 349.0 sec
Step =   2315: nodes = 4209, dt = 2.972596e-12, time = 8.822016e-09, elapsed = 349.2 sec
Step =   2316: nodes = 4208, dt = 2.972596e-12, time = 8.824989e-09, elapsed = 349.4 sec
Step =   2317: nodes = 4209, dt = 3.567115e-12, time = 8.828556e-09, elapsed = 349.5 sec
Step =   2318: nodes = 4207, dt = 4.280538e-12, time = 8.832836e-09, elapsed = 349.6 sec
Step =   2319: nodes = 4210, dt = 5.136645e-12, time = 8.837973e-09, elapsed = 349.8 sec
Step =   2320: nodes = 4210, dt = 3.081987e-12, time = 8.841055e-09, elapsed = 349.9 sec
Step =   2321: nodes = 4210, dt = 3.081987e-12, time = 8.844137e-09, elapsed = 350.0 sec
Step =   2322: nodes = 4207, dt = 3.698384e-12, time = 8.847835e-09, elapsed = 350.2 sec
Step =   2323: nodes = 4209, dt = 4.438061e-12, time = 8.852273e-09, elapsed = 350.3 sec
Step =   2324: nodes = 4209, dt = 5.325674e-12, time = 8.857599e-09, elapsed = 350.5 sec
Step =   2325: nodes = 4209, dt = 3.195404e-12, time = 8.860794e-09, elapsed = 350.6 sec
Step =   2326: nodes = 4209, dt = 3.195404e-12, time = 8.863990e-09, elapsed = 350.7 sec
Step =   2327: nodes = 4209, dt = 3.834485e-12, time = 8.867824e-09, elapsed = 350.8 sec
Step =   2328: nodes = 4209, dt = 4.601382e-12, time = 8.872426e-09, elapsed = 351.0 sec
Step =   2329: nodes = 4209, dt = 5.521658e-12, time = 8.877947e-09, elapsed = 351.1 sec
Step =   2330: nodes = 4209, dt = 3.312995e-12, time = 8.881260e-09, elapsed = 351.2 sec
Step =   2331: nodes = 4208, dt = 3.312995e-12, time = 8.884573e-09, elapsed = 351.4 sec
Step =   2332: nodes = 4209, dt = 3.975594e-12, time = 8.888549e-09, elapsed = 351.5 sec
Step =   2333: nodes = 4208, dt = 4.770713e-12, time = 8.893320e-09, elapsed = 351.7 sec
Step =   2334: nodes = 4209, dt = 5.724855e-12, time = 8.899044e-09, elapsed = 351.8 sec
Step =   2335: nodes = 4210, dt = 3.434913e-12, time = 8.902479e-09, elapsed = 352.0 sec
Step =   2336: nodes = 4210, dt = 3.434913e-12, time = 8.905914e-09, elapsed = 352.1 sec
Step =   2337: nodes = 4210, dt = 4.121896e-12, time = 8.910036e-09, elapsed = 352.2 sec
Step =   2338: nodes = 4209, dt = 4.946275e-12, time = 8.914982e-09, elapsed = 352.4 sec
Step =   2339: nodes = 4210, dt = 5.935530e-12, time = 8.920918e-09, elapsed = 352.5 sec
Step =   2340: nodes = 4210, dt = 3.561318e-12, time = 8.924479e-09, elapsed = 352.7 sec
Step =   2341: nodes = 4207, dt = 3.561318e-12, time = 8.928041e-09, elapsed = 352.8 sec
Step =   2342: nodes = 4210, dt = 4.273582e-12, time = 8.932314e-09, elapsed = 352.9 sec
Step =   2343: nodes = 4210, dt = 5.128298e-12, time = 8.937442e-09, elapsed = 353.1 sec
Step =   2344: nodes = 4210, dt = 6.153958e-12, time = 8.943596e-09, elapsed = 353.2 sec
Step =   2345: nodes = 4210, dt = 3.692375e-12, time = 8.947289e-09, elapsed = 353.4 sec
Step =   2346: nodes = 4210, dt = 3.692375e-12, time = 8.950981e-09, elapsed = 353.5 sec
Step =   2347: nodes = 4209, dt = 4.430849e-12, time = 8.955412e-09, elapsed = 353.7 sec
Step =   2348: nodes = 4209, dt = 5.317019e-12, time = 8.960729e-09, elapsed = 353.8 sec
Step =   2349: nodes = 4209, dt = 3.190212e-12, time = 8.963919e-09, elapsed = 354.0 sec
Step =   2350: nodes = 4209, dt = 3.190212e-12, time = 8.967109e-09, elapsed = 354.1 sec
Step =   2351: nodes = 4209, dt = 3.828254e-12, time = 8.970938e-09, elapsed = 354.3 sec
Step =   2352: nodes = 4209, dt = 4.593905e-12, time = 8.975532e-09, elapsed = 354.4 sec
Step =   2353: nodes = 4207, dt = 5.512686e-12, time = 8.981044e-09, elapsed = 354.6 sec
Step =   2354: nodes = 4208, dt = 3.307611e-12, time = 8.984352e-09, elapsed = 354.7 sec
Step =   2355: nodes = 4208, dt = 3.307611e-12, time = 8.987660e-09, elapsed = 354.8 sec
Step =   2356: nodes = 4208, dt = 3.969134e-12, time = 8.991629e-09, elapsed = 355.0 sec
Step =   2357: nodes = 4208, dt = 4.762960e-12, time = 8.996392e-09, elapsed = 355.1 sec
Step =   2358: nodes = 4209, dt = 5.715553e-12, time = 9.002107e-09, elapsed = 355.3 sec
Step =   2359: nodes = 4209, dt = 3.429332e-12, time = 9.005537e-09, elapsed = 355.4 sec
Step =   2360: nodes = 4209, dt = 3.429332e-12, time = 9.008966e-09, elapsed = 355.6 sec
Step =   2361: nodes = 4208, dt = 4.115198e-12, time = 9.013081e-09, elapsed = 355.7 sec
Step =   2362: nodes = 4208, dt = 4.938237e-12, time = 9.018019e-09, elapsed = 355.8 sec
Step =   2363: nodes = 4208, dt = 5.925885e-12, time = 9.023945e-09, elapsed = 356.0 sec
Step =   2364: nodes = 4209, dt = 3.555531e-12, time = 9.027501e-09, elapsed = 356.1 sec
Step =   2365: nodes = 4209, dt = 3.555531e-12, time = 9.031056e-09, elapsed = 356.3 sec
Step =   2366: nodes = 4209, dt = 4.266637e-12, time = 9.035323e-09, elapsed = 356.4 sec
Step =   2367: nodes = 4208, dt = 5.119965e-12, time = 9.040443e-09, elapsed = 356.6 sec
Step =   2368: nodes = 4209, dt = 6.143957e-12, time = 9.046587e-09, elapsed = 356.7 sec
Step =   2369: nodes = 4209, dt = 3.686374e-12, time = 9.050273e-09, elapsed = 356.9 sec
Step =   2370: nodes = 4208, dt = 3.686374e-12, time = 9.053960e-09, elapsed = 357.0 sec
Step =   2371: nodes = 4209, dt = 4.423649e-12, time = 9.058383e-09, elapsed = 357.2 sec
Step =   2372: nodes = 4209, dt = 5.308379e-12, time = 9.063692e-09, elapsed = 357.3 sec
Step =   2373: nodes = 4209, dt = 3.185028e-12, time = 9.066877e-09, elapsed = 357.5 sec
Step =   2374: nodes = 4209, dt = 3.185028e-12, time = 9.070062e-09, elapsed = 357.6 sec
Step =   2375: nodes = 4208, dt = 3.822033e-12, time = 9.073884e-09, elapsed = 357.8 sec
Step =   2376: nodes = 4209, dt = 4.586440e-12, time = 9.078470e-09, elapsed = 357.9 sec
Step =   2377: nodes = 4209, dt = 5.503728e-12, time = 9.083974e-09, elapsed = 358.0 sec
Step =   2378: nodes = 4209, dt = 3.302237e-12, time = 9.087276e-09, elapsed = 358.2 sec
Step =   2379: nodes = 4208, dt = 3.302237e-12, time = 9.090578e-09, elapsed = 358.3 sec
Step =   2380: nodes = 4209, dt = 3.962684e-12, time = 9.094541e-09, elapsed = 358.5 sec
Step =   2381: nodes = 4209, dt = 4.755221e-12, time = 9.099296e-09, elapsed = 358.6 sec
Step =   2382: nodes = 4210, dt = 5.706265e-12, time = 9.105002e-09, elapsed = 358.8 sec
Step =   2383: nodes = 4208, dt = 3.423759e-12, time = 9.108426e-09, elapsed = 358.9 sec
Step =   2384: nodes = 4210, dt = 3.423759e-12, time = 9.111850e-09, elapsed = 359.0 sec
Step =   2385: nodes = 4209, dt = 4.108511e-12, time = 9.115958e-09, elapsed = 359.2 sec
Step =   2386: nodes = 4209, dt = 4.930213e-12, time = 9.120889e-09, elapsed = 359.7 sec
Step =   2387: nodes = 4210, dt = 5.916255e-12, time = 9.126805e-09, elapsed = 359.8 sec
Step =   2388: nodes = 4210, dt = 3.549753e-12, time = 9.130355e-09, elapsed = 360.0 sec
Step =   2389: nodes = 4211, dt = 3.549753e-12, time = 9.133904e-09, elapsed = 360.2 sec
Step =   2390: nodes = 4208, dt = 4.259704e-12, time = 9.138164e-09, elapsed = 360.4 sec
Step =   2391: nodes = 4210, dt = 5.111645e-12, time = 9.143276e-09, elapsed = 360.5 sec
Step =   2392: nodes = 4209, dt = 6.133973e-12, time = 9.149410e-09, elapsed = 360.7 sec
Step =   2393: nodes = 4210, dt = 3.680384e-12, time = 9.153090e-09, elapsed = 360.8 sec
Step =   2394: nodes = 4210, dt = 3.680384e-12, time = 9.156771e-09, elapsed = 361.0 sec
Step =   2395: nodes = 4211, dt = 4.416461e-12, time = 9.161187e-09, elapsed = 361.1 sec
Step =   2396: nodes = 4211, dt = 5.299753e-12, time = 9.166487e-09, elapsed = 361.2 sec
Step =   2397: nodes = 4211, dt = 3.179852e-12, time = 9.169667e-09, elapsed = 361.4 sec
Step =   2398: nodes = 4210, dt = 3.179852e-12, time = 9.172846e-09, elapsed = 361.5 sec
Step =   2399: nodes = 4211, dt = 3.815822e-12, time = 9.176662e-09, elapsed = 361.6 sec
Step =   2400: nodes = 4212, dt = 4.578987e-12, time = 9.181241e-09, elapsed = 361.7 sec
Writing configuration in legacy data format
 Output file: /data/home/dg000246b/openDIS/inital_dislocation_structures/output_caseC_0.14%_seed12345/relax2/config.2400.data
Writing restart file
 Restart file: /data/home/dg000246b/openDIS/inital_dislocation_structures/output_caseC_0.14%_seed12345/relax2/restart.2400.exadis
Step =   2401: nodes = 4213, dt = 5.494784e-12, time = 9.186736e-09, elapsed = 361.9 sec
Step =   2402: nodes = 4213, dt = 3.296870e-12, time = 9.190033e-09, elapsed = 362.1 sec
Step =   2403: nodes = 4212, dt = 3.296870e-12, time = 9.193330e-09, elapsed = 362.2 sec
Step =   2404: nodes = 4213, dt = 3.956244e-12, time = 9.197286e-09, elapsed = 362.4 sec
Step =   2405: nodes = 4213, dt = 4.747493e-12, time = 9.202034e-09, elapsed = 362.5 sec
Step =   2406: nodes = 4214, dt = 5.696992e-12, time = 9.207731e-09, elapsed = 362.7 sec
Step =   2407: nodes = 4214, dt = 3.418195e-12, time = 9.211149e-09, elapsed = 362.8 sec
Step =   2408: nodes = 4214, dt = 3.418195e-12, time = 9.214567e-09, elapsed = 363.0 sec
Step =   2409: nodes = 4212, dt = 4.101834e-12, time = 9.218669e-09, elapsed = 363.1 sec
Step =   2410: nodes = 4212, dt = 4.922201e-12, time = 9.223591e-09, elapsed = 363.2 sec
Step =   2411: nodes = 4211, dt = 5.906641e-12, time = 9.229498e-09, elapsed = 363.4 sec
Step =   2412: nodes = 4212, dt = 3.543985e-12, time = 9.233042e-09, elapsed = 363.5 sec
Step =   2413: nodes = 4211, dt = 3.543985e-12, time = 9.236586e-09, elapsed = 363.7 sec
Step =   2414: nodes = 4212, dt = 4.252782e-12, time = 9.240838e-09, elapsed = 363.8 sec
Step =   2415: nodes = 4211, dt = 5.103338e-12, time = 9.245942e-09, elapsed = 363.9 sec
Step =   2416: nodes = 4210, dt = 6.124006e-12, time = 9.252066e-09, elapsed = 364.0 sec
Step =   2417: nodes = 4211, dt = 3.674403e-12, time = 9.255740e-09, elapsed = 364.2 sec
Step =   2418: nodes = 4212, dt = 1.837202e-12, time = 9.257577e-09, elapsed = 364.4 sec
Step =   2419: nodes = 4212, dt = 1.837202e-12, time = 9.259414e-09, elapsed = 364.5 sec
Step =   2420: nodes = 4212, dt = 2.204642e-12, time = 9.261619e-09, elapsed = 364.6 sec
Step =   2421: nodes = 4212, dt = 2.645570e-12, time = 9.264265e-09, elapsed = 364.7 sec
Step =   2422: nodes = 4212, dt = 3.174685e-12, time = 9.267439e-09, elapsed = 364.9 sec
Step =   2423: nodes = 4212, dt = 3.809622e-12, time = 9.271249e-09, elapsed = 365.0 sec
Step =   2424: nodes = 4213, dt = 4.571546e-12, time = 9.275821e-09, elapsed = 365.1 sec
Step =   2425: nodes = 4214, dt = 5.485855e-12, time = 9.281306e-09, elapsed = 365.3 sec
Step =   2426: nodes = 4214, dt = 3.291513e-12, time = 9.284598e-09, elapsed = 365.4 sec
Step =   2427: nodes = 4214, dt = 3.291513e-12, time = 9.287889e-09, elapsed = 365.6 sec
Step =   2428: nodes = 4214, dt = 3.949816e-12, time = 9.291839e-09, elapsed = 365.7 sec
Step =   2429: nodes = 4214, dt = 4.739779e-12, time = 9.296579e-09, elapsed = 365.9 sec
Step =   2430: nodes = 4212, dt = 5.687734e-12, time = 9.302267e-09, elapsed = 366.0 sec
Step =   2431: nodes = 4213, dt = 6.825281e-12, time = 9.309092e-09, elapsed = 366.2 sec
Step =   2432: nodes = 4213, dt = 4.095169e-12, time = 9.313187e-09, elapsed = 366.4 sec
Step =   2433: nodes = 4213, dt = 4.095169e-12, time = 9.317282e-09, elapsed = 366.5 sec
Step =   2434: nodes = 4211, dt = 4.914203e-12, time = 9.322197e-09, elapsed = 366.6 sec
Step =   2435: nodes = 4211, dt = 5.897043e-12, time = 9.328094e-09, elapsed = 366.8 sec
Step =   2436: nodes = 4210, dt = 7.076452e-12, time = 9.335170e-09, elapsed = 366.9 sec
Step =   2437: nodes = 4211, dt = 4.245871e-12, time = 9.339416e-09, elapsed = 367.1 sec
Step =   2438: nodes = 4212, dt = 4.245871e-12, time = 9.343662e-09, elapsed = 367.2 sec
Step =   2439: nodes = 4212, dt = 5.095045e-12, time = 9.348757e-09, elapsed = 367.3 sec
Step =   2440: nodes = 4211, dt = 6.114054e-12, time = 9.354871e-09, elapsed = 367.5 sec
Step =   2441: nodes = 4212, dt = 3.668433e-12, time = 9.358539e-09, elapsed = 367.7 sec
Step =   2442: nodes = 4212, dt = 3.668433e-12, time = 9.362208e-09, elapsed = 367.8 sec
Step =   2443: nodes = 4212, dt = 4.402119e-12, time = 9.366610e-09, elapsed = 367.9 sec
Step =   2444: nodes = 4212, dt = 5.282543e-12, time = 9.371892e-09, elapsed = 368.0 sec
Step =   2445: nodes = 4211, dt = 6.339051e-12, time = 9.378232e-09, elapsed = 368.2 sec
Step =   2446: nodes = 4211, dt = 3.803431e-12, time = 9.382035e-09, elapsed = 368.4 sec
Step =   2447: nodes = 4212, dt = 3.803431e-12, time = 9.385838e-09, elapsed = 368.5 sec
Step =   2448: nodes = 4211, dt = 4.564117e-12, time = 9.390402e-09, elapsed = 368.7 sec
Step =   2449: nodes = 4212, dt = 5.476940e-12, time = 9.395879e-09, elapsed = 368.8 sec
Step =   2450: nodes = 4212, dt = 6.572329e-12, time = 9.402452e-09, elapsed = 369.0 sec
Step =   2451: nodes = 4211, dt = 3.943397e-12, time = 9.406395e-09, elapsed = 369.1 sec
Step =   2452: nodes = 4212, dt = 3.943397e-12, time = 9.410339e-09, elapsed = 369.3 sec
Step =   2453: nodes = 4212, dt = 4.732077e-12, time = 9.415071e-09, elapsed = 369.4 sec
Step =   2454: nodes = 4212, dt = 5.678492e-12, time = 9.420749e-09, elapsed = 369.6 sec
Step =   2455: nodes = 4212, dt = 3.407095e-12, time = 9.424156e-09, elapsed = 369.7 sec
Step =   2456: nodes = 4211, dt = 3.407095e-12, time = 9.427563e-09, elapsed = 369.8 sec
Step =   2457: nodes = 4212, dt = 4.088514e-12, time = 9.431652e-09, elapsed = 370.0 sec
Step =   2458: nodes = 4212, dt = 4.906217e-12, time = 9.436558e-09, elapsed = 370.1 sec
Step =   2459: nodes = 4212, dt = 5.887460e-12, time = 9.442445e-09, elapsed = 370.3 sec
Step =   2460: nodes = 4212, dt = 3.532476e-12, time = 9.445978e-09, elapsed = 370.5 sec
Step =   2461: nodes = 4211, dt = 3.532476e-12, time = 9.449510e-09, elapsed = 370.6 sec
Step =   2462: nodes = 4210, dt = 4.238971e-12, time = 9.453749e-09, elapsed = 370.7 sec
Step =   2463: nodes = 4210, dt = 5.086766e-12, time = 9.458836e-09, elapsed = 370.9 sec
Step =   2464: nodes = 4212, dt = 3.052059e-12, time = 9.461888e-09, elapsed = 371.0 sec
Step =   2465: nodes = 4211, dt = 3.052059e-12, time = 9.464940e-09, elapsed = 371.2 sec
Step =   2466: nodes = 4211, dt = 3.662471e-12, time = 9.468603e-09, elapsed = 371.3 sec
Step =   2467: nodes = 4212, dt = 4.394966e-12, time = 9.472998e-09, elapsed = 371.4 sec
Step =   2468: nodes = 4211, dt = 5.273959e-12, time = 9.478272e-09, elapsed = 371.6 sec
Step =   2469: nodes = 4213, dt = 3.164375e-12, time = 9.481436e-09, elapsed = 371.7 sec
Step =   2470: nodes = 4213, dt = 3.164375e-12, time = 9.484600e-09, elapsed = 371.9 sec
Step =   2471: nodes = 4213, dt = 3.797250e-12, time = 9.488398e-09, elapsed = 372.0 sec
Step =   2472: nodes = 4212, dt = 4.556700e-12, time = 9.492954e-09, elapsed = 372.2 sec
Step =   2473: nodes = 4213, dt = 5.468040e-12, time = 9.498422e-09, elapsed = 372.3 sec
Step =   2474: nodes = 4213, dt = 3.280824e-12, time = 9.501703e-09, elapsed = 372.5 sec
Step =   2475: nodes = 4212, dt = 3.280824e-12, time = 9.504984e-09, elapsed = 372.6 sec
Step =   2476: nodes = 4213, dt = 3.936989e-12, time = 9.508921e-09, elapsed = 372.8 sec
Step =   2477: nodes = 4213, dt = 4.724387e-12, time = 9.513645e-09, elapsed = 372.9 sec
Step =   2478: nodes = 4214, dt = 5.669264e-12, time = 9.519315e-09, elapsed = 373.1 sec
Step =   2479: nodes = 4214, dt = 3.401559e-12, time = 9.522716e-09, elapsed = 373.2 sec
Step =   2480: nodes = 4214, dt = 3.401559e-12, time = 9.526118e-09, elapsed = 373.4 sec
Step =   2481: nodes = 4214, dt = 4.081870e-12, time = 9.530200e-09, elapsed = 373.5 sec
Step =   2482: nodes = 4213, dt = 4.898244e-12, time = 9.535098e-09, elapsed = 373.7 sec
Step =   2483: nodes = 4213, dt = 5.877893e-12, time = 9.540976e-09, elapsed = 373.8 sec
Step =   2484: nodes = 4214, dt = 3.526736e-12, time = 9.544503e-09, elapsed = 374.0 sec
Step =   2485: nodes = 4213, dt = 3.526736e-12, time = 9.548029e-09, elapsed = 374.1 sec
Step =   2486: nodes = 4214, dt = 4.232083e-12, time = 9.552261e-09, elapsed = 374.3 sec
Step =   2487: nodes = 4212, dt = 5.078500e-12, time = 9.557340e-09, elapsed = 374.4 sec
Step =   2488: nodes = 4212, dt = 6.094200e-12, time = 9.563434e-09, elapsed = 374.6 sec
Step =   2489: nodes = 4212, dt = 3.656520e-12, time = 9.567091e-09, elapsed = 374.8 sec
Step =   2490: nodes = 4213, dt = 3.656520e-12, time = 9.570747e-09, elapsed = 374.9 sec
Step =   2491: nodes = 4212, dt = 4.387824e-12, time = 9.575135e-09, elapsed = 375.1 sec
Step =   2492: nodes = 4214, dt = 5.265389e-12, time = 9.580400e-09, elapsed = 375.2 sec
Step =   2493: nodes = 4214, dt = 3.159233e-12, time = 9.583560e-09, elapsed = 375.3 sec
Step =   2494: nodes = 4213, dt = 3.159233e-12, time = 9.586719e-09, elapsed = 375.5 sec
Step =   2495: nodes = 4214, dt = 3.791080e-12, time = 9.590510e-09, elapsed = 375.6 sec
Step =   2496: nodes = 4214, dt = 4.549296e-12, time = 9.595059e-09, elapsed = 375.7 sec
Step =   2497: nodes = 4215, dt = 2.729577e-12, time = 9.597789e-09, elapsed = 375.9 sec
Step =   2498: nodes = 4214, dt = 2.729577e-12, time = 9.600518e-09, elapsed = 376.0 sec
Step =   2499: nodes = 4215, dt = 1.637746e-12, time = 9.602156e-09, elapsed = 376.2 sec
Step =   2500: nodes = 4215, dt = 1.637746e-12, time = 9.603794e-09, elapsed = 376.3 sec
Writing configuration in legacy data format
 Output file: /data/home/dg000246b/openDIS/inital_dislocation_structures/output_caseC_0.14%_seed12345/relax2/config.2500.data
Writing restart file
 Restart file: /data/home/dg000246b/openDIS/inital_dislocation_structures/output_caseC_0.14%_seed12345/relax2/restart.2500.exadis
Step =   2501: nodes = 4215, dt = 1.965296e-12, time = 9.605759e-09, elapsed = 376.5 sec
Step =   2502: nodes = 4216, dt = 2.358355e-12, time = 9.608118e-09, elapsed = 376.6 sec
Step =   2503: nodes = 4215, dt = 2.830026e-12, time = 9.610948e-09, elapsed = 376.7 sec
Step =   2504: nodes = 4216, dt = 3.396031e-12, time = 9.614344e-09, elapsed = 376.8 sec
Step =   2505: nodes = 4216, dt = 4.075237e-12, time = 9.618419e-09, elapsed = 377.0 sec
Step =   2506: nodes = 4216, dt = 4.890285e-12, time = 9.623309e-09, elapsed = 377.1 sec
Step =   2507: nodes = 4215, dt = 2.934171e-12, time = 9.626243e-09, elapsed = 377.3 sec
Step =   2508: nodes = 4215, dt = 2.934171e-12, time = 9.629177e-09, elapsed = 377.4 sec
Step =   2509: nodes = 4214, dt = 3.521005e-12, time = 9.632698e-09, elapsed = 377.6 sec
Step =   2510: nodes = 4214, dt = 4.225206e-12, time = 9.636924e-09, elapsed = 377.7 sec
Step =   2511: nodes = 4212, dt = 5.070247e-12, time = 9.641994e-09, elapsed = 377.9 sec
Step =   2512: nodes = 4213, dt = 3.042148e-12, time = 9.645036e-09, elapsed = 378.0 sec
Step =   2513: nodes = 4211, dt = 3.042148e-12, time = 9.648078e-09, elapsed = 378.2 sec
Step =   2514: nodes = 4212, dt = 3.650578e-12, time = 9.651729e-09, elapsed = 378.3 sec
Step =   2515: nodes = 4212, dt = 4.380694e-12, time = 9.656109e-09, elapsed = 378.5 sec
Step =   2516: nodes = 4211, dt = 5.256832e-12, time = 9.661366e-09, elapsed = 378.6 sec
Step =   2517: nodes = 4212, dt = 3.154099e-12, time = 9.664520e-09, elapsed = 378.7 sec
Step =   2518: nodes = 4212, dt = 3.154099e-12, time = 9.667674e-09, elapsed = 378.9 sec
Step =   2519: nodes = 4211, dt = 3.784919e-12, time = 9.671459e-09, elapsed = 379.0 sec
Step =   2520: nodes = 4211, dt = 2.270952e-12, time = 9.673730e-09, elapsed = 379.1 sec
Step =   2521: nodes = 4210, dt = 2.270952e-12, time = 9.676001e-09, elapsed = 379.3 sec
Step =   2522: nodes = 4210, dt = 2.725142e-12, time = 9.678726e-09, elapsed = 379.4 sec
Step =   2523: nodes = 4210, dt = 3.270170e-12, time = 9.681997e-09, elapsed = 379.5 sec
Step =   2524: nodes = 4210, dt = 3.924204e-12, time = 9.685921e-09, elapsed = 379.6 sec
Step =   2525: nodes = 4209, dt = 4.709045e-12, time = 9.690630e-09, elapsed = 379.8 sec
Step =   2526: nodes = 4210, dt = 2.825427e-12, time = 9.693455e-09, elapsed = 379.9 sec
Step =   2527: nodes = 4209, dt = 2.825427e-12, time = 9.696281e-09, elapsed = 380.1 sec
Step =   2528: nodes = 4211, dt = 3.390512e-12, time = 9.699671e-09, elapsed = 380.2 sec
Step =   2529: nodes = 4211, dt = 4.068615e-12, time = 9.703740e-09, elapsed = 380.3 sec
Step =   2530: nodes = 4208, dt = 4.882338e-12, time = 9.708622e-09, elapsed = 380.5 sec
Step =   2531: nodes = 4209, dt = 2.929403e-12, time = 9.711552e-09, elapsed = 380.7 sec
Step =   2532: nodes = 4209, dt = 2.929403e-12, time = 9.714481e-09, elapsed = 380.8 sec
Step =   2533: nodes = 4208, dt = 3.515283e-12, time = 9.717996e-09, elapsed = 380.9 sec
Step =   2534: nodes = 4208, dt = 4.218340e-12, time = 9.722215e-09, elapsed = 381.1 sec
Step =   2535: nodes = 4208, dt = 5.062008e-12, time = 9.727277e-09, elapsed = 381.2 sec
Step =   2536: nodes = 4208, dt = 3.037205e-12, time = 9.730314e-09, elapsed = 381.4 sec
Step =   2537: nodes = 4208, dt = 3.037205e-12, time = 9.733351e-09, elapsed = 381.5 sec
Step =   2538: nodes = 4208, dt = 3.644646e-12, time = 9.736996e-09, elapsed = 381.6 sec
Step =   2539: nodes = 4207, dt = 4.373575e-12, time = 9.741369e-09, elapsed = 381.7 sec
Step =   2540: nodes = 4208, dt = 5.248290e-12, time = 9.746618e-09, elapsed = 381.9 sec
Step =   2541: nodes = 4207, dt = 3.148974e-12, time = 9.749767e-09, elapsed = 382.0 sec
Step =   2542: nodes = 4208, dt = 3.148974e-12, time = 9.752915e-09, elapsed = 382.2 sec
Step =   2543: nodes = 4209, dt = 3.778769e-12, time = 9.756694e-09, elapsed = 382.3 sec
Step =   2544: nodes = 4207, dt = 4.534522e-12, time = 9.761229e-09, elapsed = 382.5 sec
Step =   2545: nodes = 4207, dt = 5.441427e-12, time = 9.766670e-09, elapsed = 382.6 sec
Step =   2546: nodes = 4208, dt = 3.264856e-12, time = 9.769935e-09, elapsed = 382.7 sec
Step =   2547: nodes = 4208, dt = 3.264856e-12, time = 9.773200e-09, elapsed = 382.9 sec
Step =   2548: nodes = 4208, dt = 1.958914e-12, time = 9.775159e-09, elapsed = 383.0 sec
Step =   2549: nodes = 4208, dt = 1.958914e-12, time = 9.777118e-09, elapsed = 383.1 sec
Step =   2550: nodes = 4207, dt = 2.350696e-12, time = 9.779468e-09, elapsed = 383.2 sec
Step =   2551: nodes = 4207, dt = 2.820836e-12, time = 9.782289e-09, elapsed = 383.4 sec
Step =   2552: nodes = 4206, dt = 3.385003e-12, time = 9.785674e-09, elapsed = 383.5 sec
Step =   2553: nodes = 4207, dt = 4.062003e-12, time = 9.789736e-09, elapsed = 383.6 sec
Step =   2554: nodes = 4207, dt = 4.874404e-12, time = 9.794611e-09, elapsed = 383.8 sec
Step =   2555: nodes = 4207, dt = 2.924642e-12, time = 9.797535e-09, elapsed = 383.9 sec
Step =   2556: nodes = 4207, dt = 2.924642e-12, time = 9.800460e-09, elapsed = 384.0 sec
Step =   2557: nodes = 4207, dt = 3.509571e-12, time = 9.803970e-09, elapsed = 384.2 sec
Step =   2558: nodes = 4205, dt = 4.211485e-12, time = 9.808181e-09, elapsed = 384.3 sec
Step =   2559: nodes = 4204, dt = 2.526891e-12, time = 9.810708e-09, elapsed = 384.5 sec
Step =   2560: nodes = 4204, dt = 2.526891e-12, time = 9.813235e-09, elapsed = 384.6 sec
Step =   2561: nodes = 4205, dt = 3.032269e-12, time = 9.816267e-09, elapsed = 384.7 sec
Step =   2562: nodes = 4205, dt = 3.638723e-12, time = 9.819906e-09, elapsed = 384.9 sec
Step =   2563: nodes = 4204, dt = 4.366468e-12, time = 9.824272e-09, elapsed = 385.0 sec
Step =   2564: nodes = 4205, dt = 5.239761e-12, time = 9.829512e-09, elapsed = 385.2 sec
Step =   2565: nodes = 4205, dt = 3.143857e-12, time = 9.832656e-09, elapsed = 385.3 sec
Step =   2566: nodes = 4206, dt = 3.143857e-12, time = 9.835800e-09, elapsed = 385.5 sec
Step =   2567: nodes = 4206, dt = 3.772628e-12, time = 9.839572e-09, elapsed = 385.6 sec
Step =   2568: nodes = 4206, dt = 4.527154e-12, time = 9.844100e-09, elapsed = 385.8 sec
Step =   2569: nodes = 4208, dt = 5.432585e-12, time = 9.849532e-09, elapsed = 385.9 sec
Step =   2570: nodes = 4208, dt = 3.259551e-12, time = 9.852792e-09, elapsed = 386.1 sec
Step =   2571: nodes = 4208, dt = 3.259551e-12, time = 9.856051e-09, elapsed = 386.2 sec
Step =   2572: nodes = 4207, dt = 3.911461e-12, time = 9.859963e-09, elapsed = 386.3 sec
Step =   2573: nodes = 4208, dt = 4.693753e-12, time = 9.864656e-09, elapsed = 386.5 sec
Step =   2574: nodes = 4208, dt = 5.632504e-12, time = 9.870289e-09, elapsed = 386.7 sec
Step =   2575: nodes = 4208, dt = 3.379502e-12, time = 9.873668e-09, elapsed = 386.8 sec
Step =   2576: nodes = 4208, dt = 3.379502e-12, time = 9.877048e-09, elapsed = 386.9 sec
Step =   2577: nodes = 4209, dt = 4.055403e-12, time = 9.881103e-09, elapsed = 387.1 sec
Step =   2578: nodes = 4209, dt = 4.866483e-12, time = 9.885970e-09, elapsed = 387.2 sec
Step =   2579: nodes = 4209, dt = 5.839780e-12, time = 9.891810e-09, elapsed = 387.4 sec
Step =   2580: nodes = 4208, dt = 3.503868e-12, time = 9.895313e-09, elapsed = 387.5 sec
Step =   2581: nodes = 4209, dt = 3.503868e-12, time = 9.898817e-09, elapsed = 387.6 sec
Step =   2582: nodes = 4208, dt = 4.204642e-12, time = 9.903022e-09, elapsed = 387.8 sec
Step =   2583: nodes = 4209, dt = 5.045570e-12, time = 9.908068e-09, elapsed = 387.9 sec
Step =   2584: nodes = 4209, dt = 3.027342e-12, time = 9.911095e-09, elapsed = 388.1 sec
Step =   2585: nodes = 4208, dt = 3.027342e-12, time = 9.914122e-09, elapsed = 388.2 sec
Step =   2586: nodes = 4209, dt = 3.632810e-12, time = 9.917755e-09, elapsed = 388.4 sec
Step =   2587: nodes = 4208, dt = 4.359372e-12, time = 9.922114e-09, elapsed = 388.5 sec
Step =   2588: nodes = 4208, dt = 5.231247e-12, time = 9.927346e-09, elapsed = 388.7 sec
Step =   2589: nodes = 4208, dt = 3.138748e-12, time = 9.930484e-09, elapsed = 388.8 sec
Step =   2590: nodes = 4207, dt = 3.138748e-12, time = 9.933623e-09, elapsed = 388.9 sec
Step =   2591: nodes = 4207, dt = 3.766498e-12, time = 9.937390e-09, elapsed = 389.1 sec
Step =   2592: nodes = 4210, dt = 4.519797e-12, time = 9.941909e-09, elapsed = 389.2 sec
Step =   2593: nodes = 4210, dt = 5.423757e-12, time = 9.947333e-09, elapsed = 389.7 sec
Step =   2594: nodes = 4210, dt = 3.254254e-12, time = 9.950587e-09, elapsed = 389.9 sec
Step =   2595: nodes = 4210, dt = 3.254254e-12, time = 9.953842e-09, elapsed = 390.0 sec
Step =   2596: nodes = 4211, dt = 3.905105e-12, time = 9.957747e-09, elapsed = 390.1 sec
Step =   2597: nodes = 4211, dt = 4.686126e-12, time = 9.962433e-09, elapsed = 390.3 sec
Step =   2598: nodes = 4209, dt = 5.623351e-12, time = 9.968056e-09, elapsed = 390.5 sec
Step =   2599: nodes = 4209, dt = 3.374011e-12, time = 9.971430e-09, elapsed = 390.6 sec
Step =   2600: nodes = 4209, dt = 3.374011e-12, time = 9.974804e-09, elapsed = 390.7 sec
Writing configuration in legacy data format
 Output file: /data/home/dg000246b/openDIS/inital_dislocation_structures/output_caseC_0.14%_seed12345/relax2/config.2600.data
Writing restart file
 Restart file: /data/home/dg000246b/openDIS/inital_dislocation_structures/output_caseC_0.14%_seed12345/relax2/restart.2600.exadis
Step =   2601: nodes = 4209, dt = 4.048813e-12, time = 9.978853e-09, elapsed = 390.9 sec
Step =   2602: nodes = 4209, dt = 4.858575e-12, time = 9.983712e-09, elapsed = 391.0 sec
Step =   2603: nodes = 4208, dt = 5.830290e-12, time = 9.989542e-09, elapsed = 391.2 sec
Step =   2604: nodes = 4208, dt = 3.498174e-12, time = 9.993040e-09, elapsed = 391.4 sec
Step =   2605: nodes = 4208, dt = 3.498174e-12, time = 9.996538e-09, elapsed = 391.5 sec
Step =   2606: nodes = 4208, dt = 4.197809e-12, time = 1.000074e-08, elapsed = 391.7 sec
Step =   2607: nodes = 4209, dt = 5.037371e-12, time = 1.000577e-08, elapsed = 391.8 sec
Step =   2608: nodes = 4208, dt = 6.044845e-12, time = 1.001182e-08, elapsed = 392.0 sec
Step =   2609: nodes = 4209, dt = 3.626907e-12, time = 1.001545e-08, elapsed = 392.1 sec
Step =   2610: nodes = 4209, dt = 3.626907e-12, time = 1.001907e-08, elapsed = 392.2 sec
Step =   2611: nodes = 4209, dt = 4.352288e-12, time = 1.002342e-08, elapsed = 392.4 sec
Step =   2612: nodes = 4209, dt = 5.222746e-12, time = 1.002865e-08, elapsed = 392.5 sec
Step =   2613: nodes = 4207, dt = 6.267295e-12, time = 1.003491e-08, elapsed = 392.6 sec
Step =   2614: nodes = 4208, dt = 3.760377e-12, time = 1.003867e-08, elapsed = 392.8 sec
Step =   2615: nodes = 4208, dt = 3.760377e-12, time = 1.004244e-08, elapsed = 392.9 sec
Step =   2616: nodes = 4207, dt = 4.512453e-12, time = 1.004695e-08, elapsed = 393.1 sec
Step =   2617: nodes = 4208, dt = 5.414943e-12, time = 1.005236e-08, elapsed = 393.2 sec
Step =   2618: nodes = 4209, dt = 3.248966e-12, time = 1.005561e-08, elapsed = 393.3 sec
Step =   2619: nodes = 4208, dt = 3.248966e-12, time = 1.005886e-08, elapsed = 393.5 sec
Step =   2620: nodes = 4209, dt = 1.949380e-12, time = 1.006081e-08, elapsed = 393.6 sec
Step =   2621: nodes = 4209, dt = 1.949380e-12, time = 1.006276e-08, elapsed = 393.8 sec
Step =   2622: nodes = 4208, dt = 2.339255e-12, time = 1.006510e-08, elapsed = 393.9 sec
Step =   2623: nodes = 4206, dt = 2.807106e-12, time = 1.006791e-08, elapsed = 394.0 sec
Step =   2624: nodes = 4207, dt = 1.684264e-12, time = 1.006959e-08, elapsed = 394.2 sec
Step =   2625: nodes = 4208, dt = 1.684264e-12, time = 1.007127e-08, elapsed = 394.3 sec
Step =   2626: nodes = 4208, dt = 2.021117e-12, time = 1.007330e-08, elapsed = 394.4 sec
Step =   2627: nodes = 4207, dt = 2.425340e-12, time = 1.007572e-08, elapsed = 394.5 sec
Step =   2628: nodes = 4206, dt = 2.910408e-12, time = 1.007863e-08, elapsed = 394.7 sec
Step =   2629: nodes = 4208, dt = 3.492490e-12, time = 1.008212e-08, elapsed = 394.8 sec
Step =   2630: nodes = 4207, dt = 4.190988e-12, time = 1.008631e-08, elapsed = 395.0 sec
Step =   2631: nodes = 4207, dt = 5.029185e-12, time = 1.009134e-08, elapsed = 395.1 sec
Step =   2632: nodes = 4207, dt = 6.035022e-12, time = 1.009738e-08, elapsed = 395.2 sec
Step =   2633: nodes = 4207, dt = 7.242026e-12, time = 1.010462e-08, elapsed = 395.4 sec
Step =   2634: nodes = 4207, dt = 8.690432e-12, time = 1.011331e-08, elapsed = 395.6 sec
Step =   2635: nodes = 4206, dt = 1.042852e-11, time = 1.012374e-08, elapsed = 395.7 sec
Step =   2636: nodes = 4205, dt = 6.257111e-12, time = 1.013000e-08, elapsed = 395.9 sec
Step =   2637: nodes = 4209, dt = 6.257111e-12, time = 1.013625e-08, elapsed = 396.1 sec
Step =   2638: nodes = 4210, dt = 3.754267e-12, time = 1.014001e-08, elapsed = 396.2 sec
Step =   2639: nodes = 4211, dt = 3.754267e-12, time = 1.014376e-08, elapsed = 396.4 sec
Step =   2640: nodes = 4210, dt = 4.505120e-12, time = 1.014827e-08, elapsed = 396.5 sec
Step =   2641: nodes = 4210, dt = 2.703072e-12, time = 1.015097e-08, elapsed = 396.7 sec
Step =   2642: nodes = 4210, dt = 2.703072e-12, time = 1.015367e-08, elapsed = 396.8 sec
Step =   2643: nodes = 4210, dt = 3.243686e-12, time = 1.015692e-08, elapsed = 397.0 sec
Step =   2644: nodes = 4210, dt = 3.892424e-12, time = 1.016081e-08, elapsed = 397.1 sec
Step =   2645: nodes = 4210, dt = 4.670908e-12, time = 1.016548e-08, elapsed = 397.2 sec
Step =   2646: nodes = 4209, dt = 5.605090e-12, time = 1.017109e-08, elapsed = 397.4 sec
Step =   2647: nodes = 4210, dt = 6.726108e-12, time = 1.017781e-08, elapsed = 397.5 sec
Step =   2648: nodes = 4210, dt = 4.035665e-12, time = 1.018185e-08, elapsed = 397.7 sec
Step =   2649: nodes = 4211, dt = 4.035665e-12, time = 1.018588e-08, elapsed = 397.8 sec
Step =   2650: nodes = 4211, dt = 4.842798e-12, time = 1.019073e-08, elapsed = 397.9 sec
Step =   2651: nodes = 4209, dt = 5.811357e-12, time = 1.019654e-08, elapsed = 398.1 sec
Step =   2652: nodes = 4209, dt = 3.486814e-12, time = 1.020002e-08, elapsed = 398.3 sec
Step =   2653: nodes = 4207, dt = 3.486814e-12, time = 1.020351e-08, elapsed = 398.4 sec
Step =   2654: nodes = 4210, dt = 4.184177e-12, time = 1.020770e-08, elapsed = 398.5 sec
Step =   2655: nodes = 4210, dt = 5.021013e-12, time = 1.021272e-08, elapsed = 398.7 sec
Step =   2656: nodes = 4208, dt = 6.025215e-12, time = 1.021874e-08, elapsed = 398.8 sec
Step =   2657: nodes = 4209, dt = 3.615129e-12, time = 1.022236e-08, elapsed = 399.0 sec
Step =   2658: nodes = 4209, dt = 3.615129e-12, time = 1.022597e-08, elapsed = 399.1 sec
Step =   2659: nodes = 4208, dt = 4.338155e-12, time = 1.023031e-08, elapsed = 399.2 sec
Step =   2660: nodes = 4210, dt = 5.205786e-12, time = 1.023552e-08, elapsed = 399.4 sec
Step =   2661: nodes = 4209, dt = 6.246943e-12, time = 1.024176e-08, elapsed = 399.6 sec
Step =   2662: nodes = 4211, dt = 3.748166e-12, time = 1.024551e-08, elapsed = 399.7 sec
Step =   2663: nodes = 4211, dt = 3.748166e-12, time = 1.024926e-08, elapsed = 399.9 sec
Step =   2664: nodes = 4211, dt = 4.497799e-12, time = 1.025376e-08, elapsed = 400.0 sec
Step =   2665: nodes = 4211, dt = 5.397359e-12, time = 1.025915e-08, elapsed = 400.1 sec
Step =   2666: nodes = 4211, dt = 3.238415e-12, time = 1.026239e-08, elapsed = 400.3 sec
Step =   2667: nodes = 4210, dt = 3.238415e-12, time = 1.026563e-08, elapsed = 400.4 sec
Step =   2668: nodes = 4210, dt = 1.943049e-12, time = 1.026757e-08, elapsed = 400.6 sec
Step =   2669: nodes = 4210, dt = 1.943049e-12, time = 1.026952e-08, elapsed = 400.7 sec
Step =   2670: nodes = 4209, dt = 2.331659e-12, time = 1.027185e-08, elapsed = 400.8 sec
Step =   2671: nodes = 4209, dt = 2.797991e-12, time = 1.027465e-08, elapsed = 400.9 sec
Step =   2672: nodes = 4210, dt = 3.357589e-12, time = 1.027800e-08, elapsed = 401.1 sec
Step =   2673: nodes = 4210, dt = 4.029107e-12, time = 1.028203e-08, elapsed = 401.2 sec
Step =   2674: nodes = 4211, dt = 2.417464e-12, time = 1.028445e-08, elapsed = 401.4 sec
Step =   2675: nodes = 4211, dt = 2.417464e-12, time = 1.028687e-08, elapsed = 401.5 sec
Step =   2676: nodes = 4211, dt = 2.900957e-12, time = 1.028977e-08, elapsed = 401.6 sec
Step =   2677: nodes = 4211, dt = 3.481148e-12, time = 1.029325e-08, elapsed = 401.8 sec
Step =   2678: nodes = 4210, dt = 4.177378e-12, time = 1.029743e-08, elapsed = 401.9 sec
Step =   2679: nodes = 4212, dt = 5.012853e-12, time = 1.030244e-08, elapsed = 402.1 sec
Step =   2680: nodes = 4212, dt = 3.007712e-12, time = 1.030545e-08, elapsed = 402.2 sec
Step =   2681: nodes = 4211, dt = 3.007712e-12, time = 1.030846e-08, elapsed = 402.4 sec
Step =   2682: nodes = 4210, dt = 3.609254e-12, time = 1.031207e-08, elapsed = 402.5 sec
Step =   2683: nodes = 4211, dt = 4.331105e-12, time = 1.031640e-08, elapsed = 402.7 sec
Step =   2684: nodes = 4211, dt = 5.197326e-12, time = 1.032159e-08, elapsed = 402.8 sec
Step =   2685: nodes = 4211, dt = 3.118396e-12, time = 1.032471e-08, elapsed = 402.9 sec
Step =   2686: nodes = 4210, dt = 3.118396e-12, time = 1.032783e-08, elapsed = 403.1 sec
Step =   2687: nodes = 4209, dt = 3.742075e-12, time = 1.033157e-08, elapsed = 403.2 sec
Step =   2688: nodes = 4209, dt = 4.490490e-12, time = 1.033606e-08, elapsed = 403.3 sec
Step =   2689: nodes = 4210, dt = 5.388588e-12, time = 1.034145e-08, elapsed = 403.5 sec
Step =   2690: nodes = 4210, dt = 3.233153e-12, time = 1.034468e-08, elapsed = 403.6 sec
Step =   2691: nodes = 4209, dt = 3.233153e-12, time = 1.034792e-08, elapsed = 403.8 sec
Step =   2692: nodes = 4209, dt = 3.879783e-12, time = 1.035180e-08, elapsed = 403.9 sec
Step =   2693: nodes = 4209, dt = 4.655740e-12, time = 1.035645e-08, elapsed = 404.0 sec
Step =   2694: nodes = 4208, dt = 5.586888e-12, time = 1.036204e-08, elapsed = 404.2 sec
Step =   2695: nodes = 4210, dt = 3.352133e-12, time = 1.036539e-08, elapsed = 404.3 sec
Step =   2696: nodes = 4208, dt = 3.352133e-12, time = 1.036874e-08, elapsed = 404.5 sec
Step =   2697: nodes = 4206, dt = 4.022559e-12, time = 1.037277e-08, elapsed = 404.6 sec
Step =   2698: nodes = 4207, dt = 4.827071e-12, time = 1.037759e-08, elapsed = 404.7 sec
Step =   2699: nodes = 4208, dt = 5.792486e-12, time = 1.038339e-08, elapsed = 404.9 sec
Step =   2700: nodes = 4208, dt = 3.475491e-12, time = 1.038686e-08, elapsed = 405.0 sec
Writing configuration in legacy data format
 Output file: /data/home/dg000246b/openDIS/inital_dislocation_structures/output_caseC_0.14%_seed12345/relax2/config.2700.data
Writing restart file
 Restart file: /data/home/dg000246b/openDIS/inital_dislocation_structures/output_caseC_0.14%_seed12345/relax2/restart.2700.exadis
Step =   2701: nodes = 4207, dt = 3.475491e-12, time = 1.039034e-08, elapsed = 405.2 sec
Step =   2702: nodes = 4206, dt = 4.170590e-12, time = 1.039451e-08, elapsed = 405.3 sec
Step =   2703: nodes = 4207, dt = 5.004708e-12, time = 1.039951e-08, elapsed = 405.4 sec
Step =   2704: nodes = 4207, dt = 3.002825e-12, time = 1.040252e-08, elapsed = 405.6 sec
Step =   2705: nodes = 4207, dt = 3.002825e-12, time = 1.040552e-08, elapsed = 405.7 sec
Step =   2706: nodes = 4206, dt = 3.603389e-12, time = 1.040912e-08, elapsed = 405.8 sec
Step =   2707: nodes = 4207, dt = 4.324067e-12, time = 1.041345e-08, elapsed = 406.0 sec
Step =   2708: nodes = 4207, dt = 5.188881e-12, time = 1.041864e-08, elapsed = 406.1 sec
Step =   2709: nodes = 4208, dt = 3.113328e-12, time = 1.042175e-08, elapsed = 406.3 sec
Step =   2710: nodes = 4207, dt = 3.113328e-12, time = 1.042486e-08, elapsed = 406.4 sec
Step =   2711: nodes = 4207, dt = 3.735994e-12, time = 1.042860e-08, elapsed = 406.6 sec
Step =   2712: nodes = 4208, dt = 4.483193e-12, time = 1.043308e-08, elapsed = 406.7 sec
Step =   2713: nodes = 4205, dt = 5.379832e-12, time = 1.043846e-08, elapsed = 406.9 sec
Step =   2714: nodes = 4208, dt = 3.227899e-12, time = 1.044169e-08, elapsed = 407.0 sec
Step =   2715: nodes = 4208, dt = 3.227899e-12, time = 1.044492e-08, elapsed = 407.1 sec
Step =   2716: nodes = 4210, dt = 3.873479e-12, time = 1.044879e-08, elapsed = 407.2 sec
Step =   2717: nodes = 4210, dt = 4.648174e-12, time = 1.045344e-08, elapsed = 407.4 sec
Step =   2718: nodes = 4209, dt = 5.577809e-12, time = 1.045902e-08, elapsed = 407.6 sec
Step =   2719: nodes = 4209, dt = 3.346686e-12, time = 1.046236e-08, elapsed = 407.7 sec
Step =   2720: nodes = 4210, dt = 3.346686e-12, time = 1.046571e-08, elapsed = 407.8 sec
Step =   2721: nodes = 4210, dt = 4.016023e-12, time = 1.046973e-08, elapsed = 408.0 sec
Step =   2722: nodes = 4211, dt = 4.819227e-12, time = 1.047454e-08, elapsed = 408.1 sec
Step =   2723: nodes = 4211, dt = 5.783073e-12, time = 1.048033e-08, elapsed = 408.2 sec
Step =   2724: nodes = 4211, dt = 3.469844e-12, time = 1.048380e-08, elapsed = 408.4 sec
Step =   2725: nodes = 4212, dt = 3.469844e-12, time = 1.048727e-08, elapsed = 408.5 sec
Step =   2726: nodes = 4210, dt = 4.163812e-12, time = 1.049143e-08, elapsed = 408.7 sec
Step =   2727: nodes = 4210, dt = 4.996575e-12, time = 1.049643e-08, elapsed = 408.8 sec
Step =   2728: nodes = 4212, dt = 2.997945e-12, time = 1.049943e-08, elapsed = 408.9 sec
Step =   2729: nodes = 4212, dt = 2.997945e-12, time = 1.050242e-08, elapsed = 409.1 sec
Step =   2730: nodes = 4213, dt = 3.597534e-12, time = 1.050602e-08, elapsed = 409.2 sec
Step =   2731: nodes = 4212, dt = 4.317041e-12, time = 1.051034e-08, elapsed = 409.4 sec
Step =   2732: nodes = 4211, dt = 5.180449e-12, time = 1.051552e-08, elapsed = 409.5 sec
Step =   2733: nodes = 4211, dt = 3.108269e-12, time = 1.051863e-08, elapsed = 409.6 sec
Step =   2734: nodes = 4210, dt = 3.108269e-12, time = 1.052174e-08, elapsed = 409.7 sec
Step =   2735: nodes = 4210, dt = 3.729923e-12, time = 1.052547e-08, elapsed = 409.9 sec
Step =   2736: nodes = 4210, dt = 4.475908e-12, time = 1.052994e-08, elapsed = 410.0 sec
Step =   2737: nodes = 4210, dt = 2.685545e-12, time = 1.053263e-08, elapsed = 410.1 sec
Step =   2738: nodes = 4210, dt = 2.685545e-12, time = 1.053531e-08, elapsed = 410.3 sec
Step =   2739: nodes = 4210, dt = 3.222654e-12, time = 1.053853e-08, elapsed = 410.4 sec
Step =   2740: nodes = 4209, dt = 3.867184e-12, time = 1.054240e-08, elapsed = 410.6 sec
Step =   2741: nodes = 4211, dt = 4.640621e-12, time = 1.054704e-08, elapsed = 410.7 sec
Step =   2742: nodes = 4211, dt = 2.784373e-12, time = 1.054983e-08, elapsed = 410.8 sec
Step =   2743: nodes = 4212, dt = 2.784373e-12, time = 1.055261e-08, elapsed = 411.0 sec
Step =   2744: nodes = 4211, dt = 3.341247e-12, time = 1.055595e-08, elapsed = 411.1 sec
Step =   2745: nodes = 4211, dt = 4.009497e-12, time = 1.055996e-08, elapsed = 411.2 sec
Step =   2746: nodes = 4212, dt = 4.811396e-12, time = 1.056477e-08, elapsed = 411.4 sec
Step =   2747: nodes = 4212, dt = 2.886838e-12, time = 1.056766e-08, elapsed = 411.5 sec
Step =   2748: nodes = 4212, dt = 2.886838e-12, time = 1.057055e-08, elapsed = 411.7 sec
Step =   2749: nodes = 4212, dt = 3.464205e-12, time = 1.057401e-08, elapsed = 411.8 sec
Step =   2750: nodes = 4212, dt = 4.157046e-12, time = 1.057817e-08, elapsed = 411.9 sec
Step =   2751: nodes = 4213, dt = 4.988455e-12, time = 1.058316e-08, elapsed = 412.1 sec
Step =   2752: nodes = 4213, dt = 2.993073e-12, time = 1.058615e-08, elapsed = 412.2 sec
Step =   2753: nodes = 4213, dt = 2.993073e-12, time = 1.058914e-08, elapsed = 412.4 sec
Step =   2754: nodes = 4213, dt = 3.591688e-12, time = 1.059273e-08, elapsed = 412.5 sec
Step =   2755: nodes = 4212, dt = 4.310026e-12, time = 1.059704e-08, elapsed = 412.6 sec
Step =   2756: nodes = 4213, dt = 5.172031e-12, time = 1.060222e-08, elapsed = 412.8 sec
Step =   2757: nodes = 4212, dt = 3.103218e-12, time = 1.060532e-08, elapsed = 412.9 sec
Step =   2758: nodes = 4213, dt = 3.103218e-12, time = 1.060842e-08, elapsed = 413.1 sec
Step =   2759: nodes = 4213, dt = 3.723862e-12, time = 1.061215e-08, elapsed = 413.2 sec
Step =   2760: nodes = 4212, dt = 4.468634e-12, time = 1.061662e-08, elapsed = 413.3 sec
Step =   2761: nodes = 4212, dt = 2.681181e-12, time = 1.061930e-08, elapsed = 413.4 sec
Step =   2762: nodes = 4212, dt = 2.681181e-12, time = 1.062198e-08, elapsed = 413.6 sec
Step =   2763: nodes = 4213, dt = 3.217417e-12, time = 1.062520e-08, elapsed = 413.7 sec
Step =   2764: nodes = 4210, dt = 3.860900e-12, time = 1.062906e-08, elapsed = 413.9 sec
Step =   2765: nodes = 4213, dt = 4.633080e-12, time = 1.063369e-08, elapsed = 414.0 sec
Step =   2766: nodes = 4212, dt = 2.779848e-12, time = 1.063647e-08, elapsed = 414.2 sec
Step =   2767: nodes = 4212, dt = 2.779848e-12, time = 1.063925e-08, elapsed = 414.3 sec
Step =   2768: nodes = 4213, dt = 3.335818e-12, time = 1.064259e-08, elapsed = 414.4 sec
Step =   2769: nodes = 4213, dt = 4.002981e-12, time = 1.064659e-08, elapsed = 414.6 sec
Step =   2770: nodes = 4214, dt = 4.803578e-12, time = 1.065139e-08, elapsed = 414.7 sec
Step =   2771: nodes = 4215, dt = 5.764293e-12, time = 1.065716e-08, elapsed = 414.8 sec
Step =   2772: nodes = 4215, dt = 3.458576e-12, time = 1.066061e-08, elapsed = 415.0 sec
Step =   2773: nodes = 4212, dt = 3.458576e-12, time = 1.066407e-08, elapsed = 415.1 sec
Step =   2774: nodes = 4214, dt = 4.150291e-12, time = 1.066822e-08, elapsed = 415.2 sec
Step =   2775: nodes = 4212, dt = 4.980349e-12, time = 1.067320e-08, elapsed = 415.4 sec
Step =   2776: nodes = 4211, dt = 5.976419e-12, time = 1.067918e-08, elapsed = 415.6 sec
Step =   2777: nodes = 4211, dt = 3.585851e-12, time = 1.068277e-08, elapsed = 415.7 sec
Step =   2778: nodes = 4212, dt = 3.585851e-12, time = 1.068635e-08, elapsed = 415.8 sec
Step =   2779: nodes = 4213, dt = 4.303022e-12, time = 1.069065e-08, elapsed = 416.0 sec
Step =   2780: nodes = 4212, dt = 2.581813e-12, time = 1.069324e-08, elapsed = 416.1 sec
Step =   2781: nodes = 4213, dt = 2.581813e-12, time = 1.069582e-08, elapsed = 416.2 sec
Step =   2782: nodes = 4213, dt = 3.098176e-12, time = 1.069892e-08, elapsed = 416.4 sec
Step =   2783: nodes = 4213, dt = 3.717811e-12, time = 1.070263e-08, elapsed = 416.5 sec
Step =   2784: nodes = 4211, dt = 4.461373e-12, time = 1.070710e-08, elapsed = 416.6 sec
Step =   2785: nodes = 4211, dt = 5.353647e-12, time = 1.071245e-08, elapsed = 416.8 sec
Step =   2786: nodes = 4212, dt = 3.212188e-12, time = 1.071566e-08, elapsed = 416.9 sec
Step =   2787: nodes = 4209, dt = 3.212188e-12, time = 1.071887e-08, elapsed = 417.1 sec
Step =   2788: nodes = 4210, dt = 3.854626e-12, time = 1.072273e-08, elapsed = 417.2 sec
Step =   2789: nodes = 4211, dt = 4.625551e-12, time = 1.072735e-08, elapsed = 417.4 sec
Step =   2790: nodes = 4210, dt = 5.550662e-12, time = 1.073290e-08, elapsed = 417.5 sec
Step =   2791: nodes = 4208, dt = 6.660794e-12, time = 1.073957e-08, elapsed = 417.7 sec
Step =   2792: nodes = 4212, dt = 3.996476e-12, time = 1.074356e-08, elapsed = 417.9 sec
Step =   2793: nodes = 4212, dt = 1.998238e-12, time = 1.074556e-08, elapsed = 418.0 sec
Step =   2794: nodes = 4212, dt = 1.998238e-12, time = 1.074756e-08, elapsed = 418.1 sec
Step =   2795: nodes = 4211, dt = 2.397886e-12, time = 1.074996e-08, elapsed = 418.2 sec
Step =   2796: nodes = 4211, dt = 2.877463e-12, time = 1.075283e-08, elapsed = 418.4 sec
Step =   2797: nodes = 4212, dt = 3.452956e-12, time = 1.075629e-08, elapsed = 418.5 sec
Step =   2798: nodes = 4211, dt = 4.143547e-12, time = 1.076043e-08, elapsed = 418.7 sec
Step =   2799: nodes = 4211, dt = 4.972256e-12, time = 1.076540e-08, elapsed = 418.8 sec
Step =   2800: nodes = 4210, dt = 5.966707e-12, time = 1.077137e-08, elapsed = 419.0 sec
Writing configuration in legacy data format
 Output file: /data/home/dg000246b/openDIS/inital_dislocation_structures/output_caseC_0.14%_seed12345/relax2/config.2800.data
Writing restart file
 Restart file: /data/home/dg000246b/openDIS/inital_dislocation_structures/output_caseC_0.14%_seed12345/relax2/restart.2800.exadis
Step =   2801: nodes = 4212, dt = 3.580024e-12, time = 1.077495e-08, elapsed = 419.2 sec
Step =   2802: nodes = 4211, dt = 3.580024e-12, time = 1.077853e-08, elapsed = 419.6 sec
Step =   2803: nodes = 4213, dt = 4.296029e-12, time = 1.078283e-08, elapsed = 419.8 sec
Step =   2804: nodes = 4210, dt = 5.155235e-12, time = 1.078798e-08, elapsed = 419.9 sec
Step =   2805: nodes = 4211, dt = 6.186282e-12, time = 1.079417e-08, elapsed = 420.1 sec
Step =   2806: nodes = 4211, dt = 3.711769e-12, time = 1.079788e-08, elapsed = 420.3 sec
Step =   2807: nodes = 4211, dt = 3.711769e-12, time = 1.080159e-08, elapsed = 420.5 sec
Step =   2808: nodes = 4213, dt = 4.454123e-12, time = 1.080604e-08, elapsed = 420.6 sec
Step =   2809: nodes = 4211, dt = 5.344948e-12, time = 1.081139e-08, elapsed = 420.8 sec
Step =   2810: nodes = 4210, dt = 3.206969e-12, time = 1.081460e-08, elapsed = 420.9 sec
Step =   2811: nodes = 4213, dt = 3.206969e-12, time = 1.081780e-08, elapsed = 421.1 sec
Step =   2812: nodes = 4212, dt = 3.848362e-12, time = 1.082165e-08, elapsed = 421.2 sec
Step =   2813: nodes = 4213, dt = 4.618035e-12, time = 1.082627e-08, elapsed = 421.3 sec
Step =   2814: nodes = 4212, dt = 5.541642e-12, time = 1.083181e-08, elapsed = 421.5 sec
Step =   2815: nodes = 4214, dt = 3.324985e-12, time = 1.083514e-08, elapsed = 421.7 sec
Step =   2816: nodes = 4215, dt = 3.324985e-12, time = 1.083846e-08, elapsed = 421.8 sec
Step =   2817: nodes = 4215, dt = 3.989982e-12, time = 1.084245e-08, elapsed = 421.9 sec
Step =   2818: nodes = 4215, dt = 4.787979e-12, time = 1.084724e-08, elapsed = 422.1 sec
Step =   2819: nodes = 4214, dt = 5.745574e-12, time = 1.085298e-08, elapsed = 422.2 sec
Step =   2820: nodes = 4213, dt = 3.447345e-12, time = 1.085643e-08, elapsed = 422.4 sec
Step =   2821: nodes = 4214, dt = 3.447345e-12, time = 1.085988e-08, elapsed = 422.5 sec
Step =   2822: nodes = 4215, dt = 4.136813e-12, time = 1.086402e-08, elapsed = 422.6 sec
Step =   2823: nodes = 4213, dt = 4.964176e-12, time = 1.086898e-08, elapsed = 422.8 sec
Step =   2824: nodes = 4212, dt = 5.957011e-12, time = 1.087494e-08, elapsed = 422.9 sec
Step =   2825: nodes = 4213, dt = 3.574207e-12, time = 1.087851e-08, elapsed = 423.1 sec
Step =   2826: nodes = 4214, dt = 3.574207e-12, time = 1.088209e-08, elapsed = 423.2 sec
Step =   2827: nodes = 4211, dt = 4.289048e-12, time = 1.088638e-08, elapsed = 423.4 sec
Step =   2828: nodes = 4212, dt = 5.146858e-12, time = 1.089152e-08, elapsed = 423.5 sec
Step =   2829: nodes = 4210, dt = 6.176229e-12, time = 1.089770e-08, elapsed = 423.7 sec
Step =   2830: nodes = 4213, dt = 3.705738e-12, time = 1.090140e-08, elapsed = 423.8 sec
Step =   2831: nodes = 4213, dt = 3.705738e-12, time = 1.090511e-08, elapsed = 424.0 sec
Step =   2832: nodes = 4212, dt = 4.446885e-12, time = 1.090956e-08, elapsed = 424.1 sec
Step =   2833: nodes = 4213, dt = 5.336262e-12, time = 1.091489e-08, elapsed = 424.3 sec
Step =   2834: nodes = 4213, dt = 3.201757e-12, time = 1.091809e-08, elapsed = 424.4 sec
Step =   2835: nodes = 4213, dt = 3.201757e-12, time = 1.092130e-08, elapsed = 424.5 sec
Step =   2836: nodes = 4214, dt = 3.842109e-12, time = 1.092514e-08, elapsed = 424.7 sec
Step =   2837: nodes = 4212, dt = 4.610531e-12, time = 1.092975e-08, elapsed = 424.8 sec
Step =   2838: nodes = 4212, dt = 5.532637e-12, time = 1.093528e-08, elapsed = 425.0 sec
Step =   2839: nodes = 4211, dt = 3.319582e-12, time = 1.093860e-08, elapsed = 425.1 sec
Step =   2840: nodes = 4212, dt = 3.319582e-12, time = 1.094192e-08, elapsed = 425.2 sec
Step =   2841: nodes = 4209, dt = 3.983498e-12, time = 1.094590e-08, elapsed = 425.4 sec
Step =   2842: nodes = 4208, dt = 4.780198e-12, time = 1.095068e-08, elapsed = 425.5 sec
Step =   2843: nodes = 4203, dt = 5.736238e-12, time = 1.095642e-08, elapsed = 425.6 sec
Step =   2844: nodes = 4208, dt = 3.441743e-12, time = 1.095986e-08, elapsed = 425.8 sec
Step =   2845: nodes = 4208, dt = 3.441743e-12, time = 1.096330e-08, elapsed = 425.9 sec
Step =   2846: nodes = 4209, dt = 4.130091e-12, time = 1.096743e-08, elapsed = 426.1 sec
Step =   2847: nodes = 4210, dt = 4.956109e-12, time = 1.097239e-08, elapsed = 426.2 sec
Step =   2848: nodes = 4208, dt = 5.947331e-12, time = 1.097834e-08, elapsed = 426.4 sec
Step =   2849: nodes = 4209, dt = 3.568399e-12, time = 1.098191e-08, elapsed = 426.5 sec
Step =   2850: nodes = 4209, dt = 3.568399e-12, time = 1.098547e-08, elapsed = 426.7 sec
Step =   2851: nodes = 4210, dt = 4.282079e-12, time = 1.098976e-08, elapsed = 426.8 sec
Step =   2852: nodes = 4208, dt = 5.138494e-12, time = 1.099490e-08, elapsed = 426.9 sec
Step =   2853: nodes = 4211, dt = 3.083097e-12, time = 1.099798e-08, elapsed = 427.1 sec
Step =   2854: nodes = 4210, dt = 3.083097e-12, time = 1.100106e-08, elapsed = 427.2 sec
Step =   2855: nodes = 4210, dt = 3.699716e-12, time = 1.100476e-08, elapsed = 427.3 sec
Step =   2856: nodes = 4210, dt = 4.439659e-12, time = 1.100920e-08, elapsed = 427.5 sec
Step =   2857: nodes = 4209, dt = 5.327591e-12, time = 1.101453e-08, elapsed = 427.6 sec
Step =   2858: nodes = 4212, dt = 3.196554e-12, time = 1.101772e-08, elapsed = 427.8 sec
Step =   2859: nodes = 4211, dt = 3.196554e-12, time = 1.102092e-08, elapsed = 428.0 sec
Step =   2860: nodes = 4211, dt = 3.835865e-12, time = 1.102476e-08, elapsed = 428.1 sec
Step =   2861: nodes = 4208, dt = 4.603038e-12, time = 1.102936e-08, elapsed = 428.3 sec
Step =   2862: nodes = 4211, dt = 5.523646e-12, time = 1.103488e-08, elapsed = 428.4 sec
Step =   2863: nodes = 4211, dt = 3.314188e-12, time = 1.103820e-08, elapsed = 428.6 sec
Step =   2864: nodes = 4212, dt = 3.314188e-12, time = 1.104151e-08, elapsed = 428.8 sec
Step =   2865: nodes = 4213, dt = 3.977025e-12, time = 1.104549e-08, elapsed = 428.9 sec
Step =   2866: nodes = 4212, dt = 4.772430e-12, time = 1.105026e-08, elapsed = 429.0 sec
Step =   2867: nodes = 4212, dt = 5.726916e-12, time = 1.105599e-08, elapsed = 429.2 sec
Step =   2868: nodes = 4212, dt = 3.436150e-12, time = 1.105942e-08, elapsed = 429.3 sec
Step =   2869: nodes = 4212, dt = 3.436150e-12, time = 1.106286e-08, elapsed = 429.5 sec
Step =   2870: nodes = 4211, dt = 4.123380e-12, time = 1.106698e-08, elapsed = 429.6 sec
Step =   2871: nodes = 4210, dt = 4.948056e-12, time = 1.107193e-08, elapsed = 429.8 sec
Step =   2872: nodes = 4210, dt = 2.968833e-12, time = 1.107490e-08, elapsed = 430.0 sec
Step =   2873: nodes = 4212, dt = 2.968833e-12, time = 1.107787e-08, elapsed = 430.1 sec
Step =   2874: nodes = 4213, dt = 3.562600e-12, time = 1.108143e-08, elapsed = 430.2 sec
Step =   2875: nodes = 4213, dt = 4.275120e-12, time = 1.108571e-08, elapsed = 430.4 sec
Step =   2876: nodes = 4209, dt = 5.130144e-12, time = 1.109084e-08, elapsed = 430.5 sec
Step =   2877: nodes = 4211, dt = 3.078086e-12, time = 1.109392e-08, elapsed = 430.7 sec
Step =   2878: nodes = 4211, dt = 3.078086e-12, time = 1.109699e-08, elapsed = 430.8 sec
Step =   2879: nodes = 4210, dt = 3.693704e-12, time = 1.110069e-08, elapsed = 430.9 sec
Step =   2880: nodes = 4209, dt = 4.432445e-12, time = 1.110512e-08, elapsed = 431.1 sec
Step =   2881: nodes = 4211, dt = 5.318933e-12, time = 1.111044e-08, elapsed = 431.2 sec
Step =   2882: nodes = 4211, dt = 3.191360e-12, time = 1.111363e-08, elapsed = 431.4 sec
Step =   2883: nodes = 4211, dt = 3.191360e-12, time = 1.111682e-08, elapsed = 431.5 sec
Step =   2884: nodes = 4209, dt = 3.829632e-12, time = 1.112065e-08, elapsed = 431.6 sec
Step =   2885: nodes = 4209, dt = 4.595559e-12, time = 1.112525e-08, elapsed = 431.8 sec
Step =   2886: nodes = 4208, dt = 5.514670e-12, time = 1.113076e-08, elapsed = 431.9 sec
Step =   2887: nodes = 4212, dt = 3.308802e-12, time = 1.113407e-08, elapsed = 432.1 sec
Step =   2888: nodes = 4212, dt = 3.308802e-12, time = 1.113738e-08, elapsed = 432.2 sec
Step =   2889: nodes = 4212, dt = 3.970563e-12, time = 1.114135e-08, elapsed = 432.3 sec
Step =   2890: nodes = 4211, dt = 4.764675e-12, time = 1.114611e-08, elapsed = 432.5 sec
Step =   2891: nodes = 4209, dt = 5.717610e-12, time = 1.115183e-08, elapsed = 432.6 sec
Step =   2892: nodes = 4210, dt = 3.430566e-12, time = 1.115526e-08, elapsed = 432.8 sec
Step =   2893: nodes = 4209, dt = 3.430566e-12, time = 1.115869e-08, elapsed = 432.9 sec
Step =   2894: nodes = 4209, dt = 4.116679e-12, time = 1.116281e-08, elapsed = 433.0 sec
Step =   2895: nodes = 4209, dt = 4.940015e-12, time = 1.116775e-08, elapsed = 433.2 sec
Step =   2896: nodes = 4211, dt = 5.928018e-12, time = 1.117368e-08, elapsed = 433.3 sec
Step =   2897: nodes = 4210, dt = 3.556811e-12, time = 1.117723e-08, elapsed = 433.5 sec
Step =   2898: nodes = 4211, dt = 3.556811e-12, time = 1.118079e-08, elapsed = 433.6 sec
Step =   2899: nodes = 4211, dt = 4.268173e-12, time = 1.118506e-08, elapsed = 433.8 sec
Step =   2900: nodes = 4210, dt = 5.121808e-12, time = 1.119018e-08, elapsed = 434.0 sec
Writing configuration in legacy data format
 Output file: /data/home/dg000246b/openDIS/inital_dislocation_structures/output_caseC_0.14%_seed12345/relax2/config.2900.data
Writing restart file
 Restart file: /data/home/dg000246b/openDIS/inital_dislocation_structures/output_caseC_0.14%_seed12345/relax2/restart.2900.exadis
Step =   2901: nodes = 4210, dt = 6.146169e-12, time = 1.119633e-08, elapsed = 434.2 sec
Step =   2902: nodes = 4211, dt = 3.687702e-12, time = 1.120002e-08, elapsed = 434.3 sec
Step =   2903: nodes = 4211, dt = 3.687702e-12, time = 1.120370e-08, elapsed = 434.5 sec
Step =   2904: nodes = 4211, dt = 4.425242e-12, time = 1.120813e-08, elapsed = 434.6 sec
Step =   2905: nodes = 4208, dt = 5.310290e-12, time = 1.121344e-08, elapsed = 434.8 sec
Step =   2906: nodes = 4208, dt = 6.372348e-12, time = 1.121981e-08, elapsed = 434.9 sec
Step =   2907: nodes = 4206, dt = 7.646818e-12, time = 1.122746e-08, elapsed = 435.1 sec
Step =   2908: nodes = 4207, dt = 9.176181e-12, time = 1.123663e-08, elapsed = 435.3 sec
Step =   2909: nodes = 4212, dt = 5.505709e-12, time = 1.124214e-08, elapsed = 435.4 sec
Step =   2910: nodes = 4207, dt = 5.505709e-12, time = 1.124765e-08, elapsed = 435.6 sec
Step =   2911: nodes = 4209, dt = 6.606851e-12, time = 1.125425e-08, elapsed = 435.7 sec
Step =   2912: nodes = 4209, dt = 7.928221e-12, time = 1.126218e-08, elapsed = 435.9 sec
Step =   2913: nodes = 4208, dt = 4.756932e-12, time = 1.126694e-08, elapsed = 436.1 sec
Step =   2914: nodes = 4206, dt = 4.756932e-12, time = 1.127169e-08, elapsed = 436.2 sec
Step =   2915: nodes = 4207, dt = 5.708319e-12, time = 1.127740e-08, elapsed = 436.4 sec
Step =   2916: nodes = 4203, dt = 6.849983e-12, time = 1.128425e-08, elapsed = 436.5 sec
Step =   2917: nodes = 4206, dt = 8.219979e-12, time = 1.129247e-08, elapsed = 436.7 sec
Step =   2918: nodes = 4207, dt = 9.863975e-12, time = 1.130234e-08, elapsed = 436.9 sec
Step =   2919: nodes = 4208, dt = 5.918385e-12, time = 1.130826e-08, elapsed = 437.1 sec
Step =   2920: nodes = 4207, dt = 5.918385e-12, time = 1.131417e-08, elapsed = 437.2 sec
Step =   2921: nodes = 4209, dt = 7.102062e-12, time = 1.132128e-08, elapsed = 437.4 sec
Step =   2922: nodes = 4205, dt = 8.522475e-12, time = 1.132980e-08, elapsed = 437.5 sec
Step =   2923: nodes = 4206, dt = 1.022697e-11, time = 1.134002e-08, elapsed = 437.7 sec
Step =   2924: nodes = 4209, dt = 6.136182e-12, time = 1.134616e-08, elapsed = 437.9 sec
Step =   2925: nodes = 4208, dt = 6.136182e-12, time = 1.135230e-08, elapsed = 438.0 sec
Step =   2926: nodes = 4201, dt = 7.363418e-12, time = 1.135966e-08, elapsed = 438.2 sec
Step =   2927: nodes = 4204, dt = 8.836102e-12, time = 1.136850e-08, elapsed = 438.4 sec
Step =   2928: nodes = 4208, dt = 1.060332e-11, time = 1.137910e-08, elapsed = 438.5 sec
Step =   2929: nodes = 4209, dt = 6.361993e-12, time = 1.138546e-08, elapsed = 438.7 sec
Step =   2930: nodes = 4207, dt = 6.361993e-12, time = 1.139182e-08, elapsed = 438.9 sec
Step =   2931: nodes = 4209, dt = 7.634392e-12, time = 1.139946e-08, elapsed = 439.0 sec
Step =   2932: nodes = 4208, dt = 9.161270e-12, time = 1.140862e-08, elapsed = 439.2 sec
Step =   2933: nodes = 4208, dt = 5.496762e-12, time = 1.141412e-08, elapsed = 439.4 sec
Step =   2934: nodes = 4207, dt = 5.496762e-12, time = 1.141961e-08, elapsed = 439.5 sec
Step =   2935: nodes = 4207, dt = 6.596114e-12, time = 1.142621e-08, elapsed = 439.7 sec
Step =   2936: nodes = 4208, dt = 7.915337e-12, time = 1.143412e-08, elapsed = 439.9 sec
Step =   2937: nodes = 4204, dt = 9.498405e-12, time = 1.144362e-08, elapsed = 440.0 sec
Step =   2938: nodes = 4200, dt = 1.139809e-11, time = 1.145502e-08, elapsed = 440.2 sec
Step =   2939: nodes = 4199, dt = 1.367770e-11, time = 1.146870e-08, elapsed = 440.4 sec
Step =   2940: nodes = 4207, dt = 4.103311e-12, time = 1.147280e-08, elapsed = 440.6 sec
Step =   2941: nodes = 4209, dt = 4.103311e-12, time = 1.147691e-08, elapsed = 440.7 sec
Step =   2942: nodes = 4207, dt = 4.923973e-12, time = 1.148183e-08, elapsed = 440.9 sec
Step =   2943: nodes = 4207, dt = 5.908768e-12, time = 1.148774e-08, elapsed = 441.0 sec
Step =   2944: nodes = 4203, dt = 7.090521e-12, time = 1.149483e-08, elapsed = 441.1 sec
Step =   2945: nodes = 4206, dt = 8.508625e-12, time = 1.150334e-08, elapsed = 441.3 sec
Step =   2946: nodes = 4205, dt = 1.021035e-11, time = 1.151355e-08, elapsed = 441.4 sec
Step =   2947: nodes = 4208, dt = 6.126210e-12, time = 1.151967e-08, elapsed = 441.7 sec
Step =   2948: nodes = 4209, dt = 6.126210e-12, time = 1.152580e-08, elapsed = 441.8 sec
Step =   2949: nodes = 4207, dt = 7.351452e-12, time = 1.153315e-08, elapsed = 442.0 sec
Step =   2950: nodes = 4207, dt = 8.821743e-12, time = 1.154197e-08, elapsed = 442.1 sec
Step =   2951: nodes = 4208, dt = 5.293046e-12, time = 1.154727e-08, elapsed = 442.3 sec
Step =   2952: nodes = 4208, dt = 5.293046e-12, time = 1.155256e-08, elapsed = 442.5 sec
Step =   2953: nodes = 4208, dt = 6.351655e-12, time = 1.155891e-08, elapsed = 442.6 sec
Step =   2954: nodes = 4208, dt = 7.621986e-12, time = 1.156653e-08, elapsed = 442.8 sec
Step =   2955: nodes = 4208, dt = 4.573192e-12, time = 1.157111e-08, elapsed = 442.9 sec
Step =   2956: nodes = 4208, dt = 4.573192e-12, time = 1.157568e-08, elapsed = 443.1 sec
Step =   2957: nodes = 4206, dt = 2.743915e-12, time = 1.157842e-08, elapsed = 443.2 sec
Step =   2958: nodes = 4208, dt = 2.743915e-12, time = 1.158117e-08, elapsed = 443.3 sec
Step =   2959: nodes = 4208, dt = 3.292698e-12, time = 1.158446e-08, elapsed = 443.5 sec
Step =   2960: nodes = 4209, dt = 3.951237e-12, time = 1.158841e-08, elapsed = 443.6 sec
Step =   2961: nodes = 4209, dt = 4.741485e-12, time = 1.159315e-08, elapsed = 443.8 sec
Step =   2962: nodes = 4209, dt = 2.844891e-12, time = 1.159600e-08, elapsed = 443.9 sec
Step =   2963: nodes = 4208, dt = 2.844891e-12, time = 1.159884e-08, elapsed = 444.1 sec
Step =   2964: nodes = 4206, dt = 3.413869e-12, time = 1.160226e-08, elapsed = 444.2 sec
Step =   2965: nodes = 4207, dt = 4.096643e-12, time = 1.160635e-08, elapsed = 444.4 sec
Step =   2966: nodes = 4205, dt = 4.915972e-12, time = 1.161127e-08, elapsed = 444.5 sec
Step =   2967: nodes = 4207, dt = 2.949583e-12, time = 1.161422e-08, elapsed = 444.7 sec
Step =   2968: nodes = 4208, dt = 2.949583e-12, time = 1.161717e-08, elapsed = 444.8 sec
Step =   2969: nodes = 4208, dt = 3.539500e-12, time = 1.162071e-08, elapsed = 445.0 sec
Step =   2970: nodes = 4209, dt = 4.247399e-12, time = 1.162496e-08, elapsed = 445.1 sec
Step =   2971: nodes = 4210, dt = 5.096879e-12, time = 1.163005e-08, elapsed = 445.3 sec
Step =   2972: nodes = 4210, dt = 3.058128e-12, time = 1.163311e-08, elapsed = 445.4 sec
Step =   2973: nodes = 4209, dt = 3.058128e-12, time = 1.163617e-08, elapsed = 445.6 sec
Step =   2974: nodes = 4209, dt = 3.669753e-12, time = 1.163984e-08, elapsed = 445.7 sec
Step =   2975: nodes = 4209, dt = 4.403704e-12, time = 1.164424e-08, elapsed = 445.9 sec
Step =   2976: nodes = 4208, dt = 5.284445e-12, time = 1.164953e-08, elapsed = 446.0 sec
Step =   2977: nodes = 4209, dt = 3.170667e-12, time = 1.165270e-08, elapsed = 446.2 sec
Step =   2978: nodes = 4207, dt = 3.170667e-12, time = 1.165587e-08, elapsed = 446.3 sec
Step =   2979: nodes = 4208, dt = 3.804800e-12, time = 1.165967e-08, elapsed = 446.4 sec
Step =   2980: nodes = 4208, dt = 4.565760e-12, time = 1.166424e-08, elapsed = 446.6 sec
Step =   2981: nodes = 4206, dt = 5.478912e-12, time = 1.166972e-08, elapsed = 446.7 sec
Step =   2982: nodes = 4207, dt = 3.287347e-12, time = 1.167300e-08, elapsed = 446.9 sec
Step =   2983: nodes = 4206, dt = 3.287347e-12, time = 1.167629e-08, elapsed = 447.0 sec
Step =   2984: nodes = 4207, dt = 3.944817e-12, time = 1.168024e-08, elapsed = 447.2 sec
Step =   2985: nodes = 4207, dt = 4.733780e-12, time = 1.168497e-08, elapsed = 447.3 sec
Step =   2986: nodes = 4206, dt = 5.680536e-12, time = 1.169065e-08, elapsed = 447.5 sec
Step =   2987: nodes = 4207, dt = 3.408322e-12, time = 1.169406e-08, elapsed = 447.6 sec
Step =   2988: nodes = 4207, dt = 3.408322e-12, time = 1.169747e-08, elapsed = 447.7 sec
Step =   2989: nodes = 4205, dt = 4.089986e-12, time = 1.170156e-08, elapsed = 447.9 sec
Step =   2990: nodes = 4206, dt = 4.907983e-12, time = 1.170647e-08, elapsed = 448.0 sec
Step =   2991: nodes = 4205, dt = 5.889580e-12, time = 1.171236e-08, elapsed = 448.2 sec
Step =   2992: nodes = 4206, dt = 3.533748e-12, time = 1.171589e-08, elapsed = 448.4 sec
Step =   2993: nodes = 4207, dt = 3.533748e-12, time = 1.171942e-08, elapsed = 448.5 sec
Step =   2994: nodes = 4206, dt = 4.240497e-12, time = 1.172366e-08, elapsed = 448.7 sec
Step =   2995: nodes = 4206, dt = 5.088597e-12, time = 1.172875e-08, elapsed = 448.8 sec
Step =   2996: nodes = 4204, dt = 6.106316e-12, time = 1.173486e-08, elapsed = 448.9 sec
Step =   2997: nodes = 4206, dt = 3.663790e-12, time = 1.173852e-08, elapsed = 449.1 sec
Step =   2998: nodes = 4206, dt = 3.663790e-12, time = 1.174219e-08, elapsed = 449.2 sec
Step =   2999: nodes = 4204, dt = 4.396548e-12, time = 1.174658e-08, elapsed = 449.7 sec
Step =   3000: nodes = 4205, dt = 5.275857e-12, time = 1.175186e-08, elapsed = 449.8 sec
Writing configuration in legacy data format
 Output file: /data/home/dg000246b/openDIS/inital_dislocation_structures/output_caseC_0.14%_seed12345/relax2/config.3000.data
Writing restart file
 Restart file: /data/home/dg000246b/openDIS/inital_dislocation_structures/output_caseC_0.14%_seed12345/relax2/restart.3000.exadis
Step =   3001: nodes = 4206, dt = 3.165514e-12, time = 1.175502e-08, elapsed = 450.0 sec
Step =   3002: nodes = 4205, dt = 3.165514e-12, time = 1.175819e-08, elapsed = 450.2 sec
Step =   3003: nodes = 4206, dt = 3.798617e-12, time = 1.176199e-08, elapsed = 450.3 sec
Step =   3004: nodes = 4205, dt = 4.558341e-12, time = 1.176655e-08, elapsed = 450.5 sec
Step =   3005: nodes = 4203, dt = 5.470009e-12, time = 1.177202e-08, elapsed = 450.6 sec
Step =   3006: nodes = 4206, dt = 3.282005e-12, time = 1.177530e-08, elapsed = 450.8 sec
Step =   3007: nodes = 4204, dt = 3.282005e-12, time = 1.177858e-08, elapsed = 450.9 sec
Step =   3008: nodes = 4208, dt = 3.938406e-12, time = 1.178252e-08, elapsed = 451.0 sec
Step =   3009: nodes = 4206, dt = 4.726088e-12, time = 1.178724e-08, elapsed = 451.2 sec
Step =   3010: nodes = 4207, dt = 5.671305e-12, time = 1.179292e-08, elapsed = 451.4 sec
Step =   3011: nodes = 4207, dt = 3.402783e-12, time = 1.179632e-08, elapsed = 451.5 sec
Step =   3012: nodes = 4207, dt = 3.402783e-12, time = 1.179972e-08, elapsed = 451.6 sec
Step =   3013: nodes = 4206, dt = 4.083340e-12, time = 1.180380e-08, elapsed = 451.8 sec
Step =   3014: nodes = 4205, dt = 4.900008e-12, time = 1.180870e-08, elapsed = 452.0 sec
Step =   3015: nodes = 4207, dt = 2.940005e-12, time = 1.181164e-08, elapsed = 452.1 sec
Step =   3016: nodes = 4207, dt = 2.940005e-12, time = 1.181458e-08, elapsed = 452.2 sec
Step =   3017: nodes = 4208, dt = 3.528006e-12, time = 1.181811e-08, elapsed = 452.4 sec
Step =   3018: nodes = 4207, dt = 4.233607e-12, time = 1.182235e-08, elapsed = 452.5 sec
Step =   3019: nodes = 4206, dt = 5.080328e-12, time = 1.182743e-08, elapsed = 452.7 sec
Step =   3020: nodes = 4208, dt = 3.048197e-12, time = 1.183047e-08, elapsed = 452.8 sec
Step =   3021: nodes = 4208, dt = 3.048197e-12, time = 1.183352e-08, elapsed = 452.9 sec
Step =   3022: nodes = 4209, dt = 3.657836e-12, time = 1.183718e-08, elapsed = 453.1 sec
Step =   3023: nodes = 4208, dt = 4.389403e-12, time = 1.184157e-08, elapsed = 453.2 sec
Step =   3024: nodes = 4205, dt = 5.267284e-12, time = 1.184684e-08, elapsed = 453.3 sec
Step =   3025: nodes = 4207, dt = 3.160370e-12, time = 1.185000e-08, elapsed = 453.5 sec
Step =   3026: nodes = 4206, dt = 3.160370e-12, time = 1.185316e-08, elapsed = 453.7 sec
Step =   3027: nodes = 4207, dt = 3.792444e-12, time = 1.185695e-08, elapsed = 453.8 sec
Step =   3028: nodes = 4207, dt = 4.550933e-12, time = 1.186150e-08, elapsed = 454.0 sec
Step =   3029: nodes = 4206, dt = 5.461120e-12, time = 1.186696e-08, elapsed = 454.1 sec
Step =   3030: nodes = 4208, dt = 3.276672e-12, time = 1.187024e-08, elapsed = 454.3 sec
Step =   3031: nodes = 4206, dt = 3.276672e-12, time = 1.187352e-08, elapsed = 454.4 sec
Step =   3032: nodes = 4206, dt = 3.932006e-12, time = 1.187745e-08, elapsed = 454.5 sec
Step =   3033: nodes = 4207, dt = 4.718408e-12, time = 1.188217e-08, elapsed = 454.7 sec
Step =   3034: nodes = 4204, dt = 5.662089e-12, time = 1.188783e-08, elapsed = 454.8 sec
Step =   3035: nodes = 4207, dt = 3.397254e-12, time = 1.189123e-08, elapsed = 455.0 sec
Step =   3036: nodes = 4207, dt = 3.397254e-12, time = 1.189462e-08, elapsed = 455.1 sec
Step =   3037: nodes = 4207, dt = 4.076704e-12, time = 1.189870e-08, elapsed = 455.3 sec
Step =   3038: nodes = 4207, dt = 4.892045e-12, time = 1.190359e-08, elapsed = 455.5 sec
Step =   3039: nodes = 4206, dt = 5.870454e-12, time = 1.190946e-08, elapsed = 455.6 sec
Step =   3040: nodes = 4207, dt = 3.522273e-12, time = 1.191298e-08, elapsed = 455.8 sec
Step =   3041: nodes = 4207, dt = 3.522273e-12, time = 1.191651e-08, elapsed = 455.9 sec
Step =   3042: nodes = 4208, dt = 4.226727e-12, time = 1.192073e-08, elapsed = 456.1 sec
Step =   3043: nodes = 4205, dt = 5.072072e-12, time = 1.192581e-08, elapsed = 456.2 sec
Step =   3044: nodes = 4209, dt = 3.043243e-12, time = 1.192885e-08, elapsed = 456.4 sec
Step =   3045: nodes = 4209, dt = 3.043243e-12, time = 1.193189e-08, elapsed = 456.5 sec
Step =   3046: nodes = 4208, dt = 3.651892e-12, time = 1.193554e-08, elapsed = 456.6 sec
Step =   3047: nodes = 4210, dt = 4.382271e-12, time = 1.193993e-08, elapsed = 456.8 sec
Step =   3048: nodes = 4209, dt = 5.258725e-12, time = 1.194518e-08, elapsed = 456.9 sec
Step =   3049: nodes = 4210, dt = 3.155235e-12, time = 1.194834e-08, elapsed = 457.1 sec
Step =   3050: nodes = 4208, dt = 3.155235e-12, time = 1.195150e-08, elapsed = 457.2 sec
Step =   3051: nodes = 4207, dt = 3.786282e-12, time = 1.195528e-08, elapsed = 457.4 sec
Step =   3052: nodes = 4209, dt = 4.543538e-12, time = 1.195983e-08, elapsed = 457.5 sec
Step =   3053: nodes = 4209, dt = 5.452246e-12, time = 1.196528e-08, elapsed = 457.7 sec
Step =   3054: nodes = 4208, dt = 3.271347e-12, time = 1.196855e-08, elapsed = 457.8 sec
Step =   3055: nodes = 4208, dt = 3.271347e-12, time = 1.197182e-08, elapsed = 458.0 sec
Step =   3056: nodes = 4207, dt = 3.925617e-12, time = 1.197575e-08, elapsed = 458.1 sec
Step =   3057: nodes = 4206, dt = 4.710740e-12, time = 1.198046e-08, elapsed = 458.3 sec
Step =   3058: nodes = 4206, dt = 5.652888e-12, time = 1.198611e-08, elapsed = 458.4 sec
Step =   3059: nodes = 4206, dt = 3.391733e-12, time = 1.198950e-08, elapsed = 458.6 sec
Step =   3060: nodes = 4206, dt = 3.391733e-12, time = 1.199289e-08, elapsed = 458.7 sec
Step =   3061: nodes = 4205, dt = 4.070080e-12, time = 1.199696e-08, elapsed = 458.8 sec
Step =   3062: nodes = 4204, dt = 2.442048e-12, time = 1.199941e-08, elapsed = 459.0 sec
Step =   3063: nodes = 4203, dt = 2.442048e-12, time = 1.200185e-08, elapsed = 459.1 sec
Step =   3064: nodes = 4204, dt = 2.930457e-12, time = 1.200478e-08, elapsed = 459.3 sec
Step =   3065: nodes = 4203, dt = 3.516549e-12, time = 1.200829e-08, elapsed = 459.4 sec
Step =   3066: nodes = 4205, dt = 4.219859e-12, time = 1.201251e-08, elapsed = 459.6 sec
Step =   3067: nodes = 4205, dt = 5.063830e-12, time = 1.201758e-08, elapsed = 459.7 sec
Step =   3068: nodes = 4204, dt = 3.038298e-12, time = 1.202062e-08, elapsed = 459.9 sec
Step =   3069: nodes = 4203, dt = 3.038298e-12, time = 1.202365e-08, elapsed = 460.0 sec
Step =   3070: nodes = 4205, dt = 3.645958e-12, time = 1.202730e-08, elapsed = 460.2 sec
Step =   3071: nodes = 4205, dt = 4.375149e-12, time = 1.203168e-08, elapsed = 460.3 sec
Step =   3072: nodes = 4205, dt = 5.250179e-12, time = 1.203693e-08, elapsed = 460.5 sec
Step =   3073: nodes = 4206, dt = 3.150108e-12, time = 1.204008e-08, elapsed = 460.7 sec
Step =   3074: nodes = 4206, dt = 3.150108e-12, time = 1.204323e-08, elapsed = 460.8 sec
Step =   3075: nodes = 4206, dt = 3.780129e-12, time = 1.204701e-08, elapsed = 460.9 sec
Step =   3076: nodes = 4207, dt = 4.536155e-12, time = 1.205154e-08, elapsed = 461.1 sec
Step =   3077: nodes = 4205, dt = 5.443386e-12, time = 1.205699e-08, elapsed = 461.2 sec
Step =   3078: nodes = 4206, dt = 3.266031e-12, time = 1.206025e-08, elapsed = 461.4 sec
Step =   3079: nodes = 4205, dt = 3.266031e-12, time = 1.206352e-08, elapsed = 461.5 sec
Step =   3080: nodes = 4205, dt = 3.919238e-12, time = 1.206744e-08, elapsed = 461.6 sec
Step =   3081: nodes = 4204, dt = 4.703085e-12, time = 1.207214e-08, elapsed = 461.8 sec
Step =   3082: nodes = 4202, dt = 5.643702e-12, time = 1.207778e-08, elapsed = 462.0 sec
Step =   3083: nodes = 4204, dt = 3.386221e-12, time = 1.208117e-08, elapsed = 462.1 sec
Step =   3084: nodes = 4204, dt = 3.386221e-12, time = 1.208456e-08, elapsed = 462.3 sec
Step =   3085: nodes = 4205, dt = 4.063466e-12, time = 1.208862e-08, elapsed = 462.4 sec
Step =   3086: nodes = 4205, dt = 4.876159e-12, time = 1.209350e-08, elapsed = 462.5 sec
Step =   3087: nodes = 4205, dt = 5.851391e-12, time = 1.209935e-08, elapsed = 462.7 sec
Step =   3088: nodes = 4205, dt = 3.510834e-12, time = 1.210286e-08, elapsed = 462.9 sec
Step =   3089: nodes = 4205, dt = 3.510834e-12, time = 1.210637e-08, elapsed = 463.0 sec
Step =   3090: nodes = 4204, dt = 4.213001e-12, time = 1.211058e-08, elapsed = 463.2 sec
Step =   3091: nodes = 4205, dt = 5.055602e-12, time = 1.211564e-08, elapsed = 463.3 sec
Step =   3092: nodes = 4204, dt = 6.066722e-12, time = 1.212170e-08, elapsed = 463.5 sec
Step =   3093: nodes = 4204, dt = 3.640033e-12, time = 1.212534e-08, elapsed = 463.6 sec
Step =   3094: nodes = 4202, dt = 3.640033e-12, time = 1.212898e-08, elapsed = 463.8 sec
Step =   3095: nodes = 4204, dt = 4.368040e-12, time = 1.213335e-08, elapsed = 463.9 sec
Step =   3096: nodes = 4203, dt = 5.241648e-12, time = 1.213859e-08, elapsed = 464.1 sec
Step =   3097: nodes = 4205, dt = 3.144989e-12, time = 1.214174e-08, elapsed = 464.2 sec
Step =   3098: nodes = 4204, dt = 3.144989e-12, time = 1.214488e-08, elapsed = 464.3 sec
Step =   3099: nodes = 4205, dt = 3.773986e-12, time = 1.214866e-08, elapsed = 464.5 sec
Step =   3100: nodes = 4205, dt = 4.528784e-12, time = 1.215319e-08, elapsed = 464.6 sec
Writing configuration in legacy data format
 Output file: /data/home/dg000246b/openDIS/inital_dislocation_structures/output_caseC_0.14%_seed12345/relax2/config.3100.data
Writing restart file
 Restart file: /data/home/dg000246b/openDIS/inital_dislocation_structures/output_caseC_0.14%_seed12345/relax2/restart.3100.exadis
Step =   3101: nodes = 4203, dt = 5.434540e-12, time = 1.215862e-08, elapsed = 464.9 sec
Step =   3102: nodes = 4204, dt = 3.260724e-12, time = 1.216188e-08, elapsed = 465.0 sec
Step =   3103: nodes = 4204, dt = 3.260724e-12, time = 1.216514e-08, elapsed = 465.1 sec
Step =   3104: nodes = 4204, dt = 3.912869e-12, time = 1.216906e-08, elapsed = 465.3 sec
Step =   3105: nodes = 4204, dt = 4.695443e-12, time = 1.217375e-08, elapsed = 465.4 sec
Step =   3106: nodes = 4202, dt = 5.634531e-12, time = 1.217939e-08, elapsed = 465.6 sec
Step =   3107: nodes = 4204, dt = 3.380719e-12, time = 1.218277e-08, elapsed = 465.8 sec
Step =   3108: nodes = 4204, dt = 3.380719e-12, time = 1.218615e-08, elapsed = 465.9 sec
Step =   3109: nodes = 4204, dt = 4.056863e-12, time = 1.219020e-08, elapsed = 466.1 sec
Step =   3110: nodes = 4207, dt = 4.868235e-12, time = 1.219507e-08, elapsed = 466.2 sec
Step =   3111: nodes = 4206, dt = 5.841882e-12, time = 1.220091e-08, elapsed = 466.4 sec
Step =   3112: nodes = 4205, dt = 3.505129e-12, time = 1.220442e-08, elapsed = 466.5 sec
Step =   3113: nodes = 4205, dt = 3.505129e-12, time = 1.220792e-08, elapsed = 466.7 sec
Step =   3114: nodes = 4204, dt = 4.206155e-12, time = 1.221213e-08, elapsed = 466.9 sec
Step =   3115: nodes = 4205, dt = 5.047386e-12, time = 1.221718e-08, elapsed = 467.0 sec
Step =   3116: nodes = 4205, dt = 6.056863e-12, time = 1.222323e-08, elapsed = 467.2 sec
Step =   3117: nodes = 4204, dt = 3.634118e-12, time = 1.222687e-08, elapsed = 467.3 sec
Step =   3118: nodes = 4205, dt = 3.634118e-12, time = 1.223050e-08, elapsed = 467.5 sec
Step =   3119: nodes = 4205, dt = 2.180471e-12, time = 1.223268e-08, elapsed = 467.6 sec
Step =   3120: nodes = 4204, dt = 2.180471e-12, time = 1.223486e-08, elapsed = 467.8 sec
Step =   3121: nodes = 4206, dt = 2.616565e-12, time = 1.223748e-08, elapsed = 467.9 sec
Step =   3122: nodes = 4203, dt = 3.139878e-12, time = 1.224062e-08, elapsed = 468.0 sec
Step =   3123: nodes = 4202, dt = 3.767854e-12, time = 1.224439e-08, elapsed = 468.2 sec
Step =   3124: nodes = 4204, dt = 4.521424e-12, time = 1.224891e-08, elapsed = 468.3 sec
Step =   3125: nodes = 4203, dt = 5.425709e-12, time = 1.225434e-08, elapsed = 468.4 sec
Step =   3126: nodes = 4204, dt = 6.510851e-12, time = 1.226085e-08, elapsed = 468.6 sec
Step =   3127: nodes = 4203, dt = 3.906511e-12, time = 1.226475e-08, elapsed = 468.8 sec
Step =   3128: nodes = 4204, dt = 3.906511e-12, time = 1.226866e-08, elapsed = 468.9 sec
Step =   3129: nodes = 4204, dt = 4.687813e-12, time = 1.227335e-08, elapsed = 469.1 sec
Step =   3130: nodes = 4204, dt = 5.625375e-12, time = 1.227897e-08, elapsed = 469.3 sec
Step =   3131: nodes = 4204, dt = 3.375225e-12, time = 1.228235e-08, elapsed = 469.4 sec
Step =   3132: nodes = 4202, dt = 3.375225e-12, time = 1.228572e-08, elapsed = 469.5 sec
Step =   3133: nodes = 4203, dt = 4.050270e-12, time = 1.228977e-08, elapsed = 469.7 sec
Step =   3134: nodes = 4202, dt = 4.860324e-12, time = 1.229463e-08, elapsed = 469.8 sec
Step =   3135: nodes = 4203, dt = 5.832389e-12, time = 1.230047e-08, elapsed = 470.0 sec
Step =   3136: nodes = 4204, dt = 3.499433e-12, time = 1.230397e-08, elapsed = 470.1 sec
Step =   3137: nodes = 4205, dt = 3.499433e-12, time = 1.230746e-08, elapsed = 470.3 sec
Step =   3138: nodes = 4205, dt = 2.099660e-12, time = 1.230956e-08, elapsed = 470.4 sec
Step =   3139: nodes = 4203, dt = 2.099660e-12, time = 1.231166e-08, elapsed = 470.5 sec
Step =   3140: nodes = 4205, dt = 2.519592e-12, time = 1.231418e-08, elapsed = 470.7 sec
Step =   3141: nodes = 4204, dt = 3.023511e-12, time = 1.231721e-08, elapsed = 470.8 sec
Step =   3142: nodes = 4206, dt = 3.628213e-12, time = 1.232084e-08, elapsed = 470.9 sec
Step =   3143: nodes = 4205, dt = 4.353855e-12, time = 1.232519e-08, elapsed = 471.1 sec
Step =   3144: nodes = 4205, dt = 5.224626e-12, time = 1.233041e-08, elapsed = 471.3 sec
Step =   3145: nodes = 4204, dt = 6.269551e-12, time = 1.233668e-08, elapsed = 471.4 sec
Step =   3146: nodes = 4204, dt = 7.523462e-12, time = 1.234421e-08, elapsed = 471.6 sec
Step =   3147: nodes = 4205, dt = 9.028154e-12, time = 1.235323e-08, elapsed = 471.8 sec
Step =   3148: nodes = 4206, dt = 5.416892e-12, time = 1.235865e-08, elapsed = 472.0 sec
Step =   3149: nodes = 4205, dt = 5.416892e-12, time = 1.236407e-08, elapsed = 472.1 sec
Step =   3150: nodes = 4205, dt = 6.500271e-12, time = 1.237057e-08, elapsed = 472.3 sec
Step =   3151: nodes = 4204, dt = 7.800325e-12, time = 1.237837e-08, elapsed = 472.5 sec
Step =   3152: nodes = 4208, dt = 9.360390e-12, time = 1.238773e-08, elapsed = 472.6 sec
Step =   3153: nodes = 4208, dt = 5.616234e-12, time = 1.239335e-08, elapsed = 472.8 sec
Step =   3154: nodes = 4208, dt = 2.808117e-12, time = 1.239615e-08, elapsed = 472.9 sec
Step =   3155: nodes = 4207, dt = 2.808117e-12, time = 1.239896e-08, elapsed = 473.1 sec
Step =   3156: nodes = 4206, dt = 3.369740e-12, time = 1.240233e-08, elapsed = 473.2 sec
Step =   3157: nodes = 4206, dt = 4.043689e-12, time = 1.240638e-08, elapsed = 473.3 sec
Step =   3158: nodes = 4206, dt = 4.852426e-12, time = 1.241123e-08, elapsed = 473.5 sec
Step =   3159: nodes = 4206, dt = 5.822911e-12, time = 1.241705e-08, elapsed = 473.7 sec
Step =   3160: nodes = 4207, dt = 6.987494e-12, time = 1.242404e-08, elapsed = 473.8 sec
Step =   3161: nodes = 4208, dt = 4.192496e-12, time = 1.242823e-08, elapsed = 474.0 sec
Step =   3162: nodes = 4206, dt = 4.192496e-12, time = 1.243242e-08, elapsed = 474.2 sec
Step =   3163: nodes = 4208, dt = 5.030995e-12, time = 1.243745e-08, elapsed = 474.3 sec
Step =   3164: nodes = 4206, dt = 6.037195e-12, time = 1.244349e-08, elapsed = 474.5 sec
Step =   3165: nodes = 4206, dt = 3.622317e-12, time = 1.244711e-08, elapsed = 474.7 sec
Step =   3166: nodes = 4206, dt = 3.622317e-12, time = 1.245074e-08, elapsed = 474.8 sec
Step =   3167: nodes = 4206, dt = 4.346780e-12, time = 1.245508e-08, elapsed = 474.9 sec
Step =   3168: nodes = 4206, dt = 5.216136e-12, time = 1.246030e-08, elapsed = 475.1 sec
Step =   3169: nodes = 4205, dt = 6.259363e-12, time = 1.246656e-08, elapsed = 475.3 sec
Step =   3170: nodes = 4206, dt = 3.755618e-12, time = 1.247031e-08, elapsed = 475.4 sec
Step =   3171: nodes = 4205, dt = 3.755618e-12, time = 1.247407e-08, elapsed = 475.6 sec
Step =   3172: nodes = 4205, dt = 4.506742e-12, time = 1.247858e-08, elapsed = 475.7 sec
Step =   3173: nodes = 4204, dt = 5.408090e-12, time = 1.248398e-08, elapsed = 475.9 sec
Step =   3174: nodes = 4204, dt = 3.244854e-12, time = 1.248723e-08, elapsed = 476.0 sec
Step =   3175: nodes = 4204, dt = 3.244854e-12, time = 1.249047e-08, elapsed = 476.2 sec
Step =   3176: nodes = 4204, dt = 3.893825e-12, time = 1.249437e-08, elapsed = 476.3 sec
Step =   3177: nodes = 4205, dt = 4.672590e-12, time = 1.249904e-08, elapsed = 476.4 sec
Step =   3178: nodes = 4206, dt = 5.607108e-12, time = 1.250465e-08, elapsed = 476.6 sec
Step =   3179: nodes = 4206, dt = 3.364265e-12, time = 1.250801e-08, elapsed = 476.8 sec
Step =   3180: nodes = 4206, dt = 3.364265e-12, time = 1.251138e-08, elapsed = 476.9 sec
Step =   3181: nodes = 4206, dt = 4.037118e-12, time = 1.251541e-08, elapsed = 477.1 sec
Step =   3182: nodes = 4204, dt = 4.844541e-12, time = 1.252026e-08, elapsed = 477.2 sec
Step =   3183: nodes = 4204, dt = 5.813449e-12, time = 1.252607e-08, elapsed = 477.4 sec
Step =   3184: nodes = 4206, dt = 3.488070e-12, time = 1.252956e-08, elapsed = 477.5 sec
Step =   3185: nodes = 4205, dt = 3.488070e-12, time = 1.253305e-08, elapsed = 477.7 sec
Step =   3186: nodes = 4206, dt = 4.185683e-12, time = 1.253723e-08, elapsed = 477.8 sec
Step =   3187: nodes = 4206, dt = 2.511410e-12, time = 1.253974e-08, elapsed = 478.0 sec
Step =   3188: nodes = 4204, dt = 2.511410e-12, time = 1.254226e-08, elapsed = 478.1 sec
Step =   3189: nodes = 4203, dt = 3.013692e-12, time = 1.254527e-08, elapsed = 478.3 sec
Step =   3190: nodes = 4204, dt = 3.616430e-12, time = 1.254889e-08, elapsed = 478.4 sec
Step =   3191: nodes = 4204, dt = 4.339717e-12, time = 1.255323e-08, elapsed = 478.5 sec
Step =   3192: nodes = 4204, dt = 5.207660e-12, time = 1.255843e-08, elapsed = 478.7 sec
Step =   3193: nodes = 4205, dt = 3.124596e-12, time = 1.256156e-08, elapsed = 478.8 sec
Step =   3194: nodes = 4205, dt = 1.562298e-12, time = 1.256312e-08, elapsed = 479.0 sec
Step =   3195: nodes = 4205, dt = 1.562298e-12, time = 1.256468e-08, elapsed = 479.1 sec
Step =   3196: nodes = 4204, dt = 1.874758e-12, time = 1.256656e-08, elapsed = 479.2 sec
Step =   3197: nodes = 4204, dt = 2.249709e-12, time = 1.256881e-08, elapsed = 479.4 sec
Step =   3198: nodes = 4202, dt = 2.699651e-12, time = 1.257151e-08, elapsed = 479.8 sec
Step =   3199: nodes = 4203, dt = 3.239581e-12, time = 1.257475e-08, elapsed = 479.9 sec
Step =   3200: nodes = 4203, dt = 3.887497e-12, time = 1.257863e-08, elapsed = 480.0 sec
Writing configuration in legacy data format
 Output file: /data/home/dg000246b/openDIS/inital_dislocation_structures/output_caseC_0.14%_seed12345/relax2/config.3200.data
Writing restart file
 Restart file: /data/home/dg000246b/openDIS/inital_dislocation_structures/output_caseC_0.14%_seed12345/relax2/restart.3200.exadis
Step =   3201: nodes = 4203, dt = 4.664997e-12, time = 1.258330e-08, elapsed = 480.3 sec
Step =   3202: nodes = 4202, dt = 2.798998e-12, time = 1.258610e-08, elapsed = 480.4 sec
Step =   3203: nodes = 4202, dt = 2.798998e-12, time = 1.258890e-08, elapsed = 480.6 sec
Step =   3204: nodes = 4202, dt = 3.358798e-12, time = 1.259226e-08, elapsed = 480.7 sec
Step =   3205: nodes = 4202, dt = 4.030557e-12, time = 1.259629e-08, elapsed = 480.8 sec
Step =   3206: nodes = 4202, dt = 4.836669e-12, time = 1.260112e-08, elapsed = 481.0 sec
Step =   3207: nodes = 4203, dt = 2.902001e-12, time = 1.260402e-08, elapsed = 481.1 sec
Step =   3208: nodes = 4203, dt = 2.902001e-12, time = 1.260693e-08, elapsed = 481.3 sec
Step =   3209: nodes = 4203, dt = 3.482401e-12, time = 1.261041e-08, elapsed = 481.4 sec
Step =   3210: nodes = 4204, dt = 4.178882e-12, time = 1.261459e-08, elapsed = 481.5 sec
Step =   3211: nodes = 4203, dt = 5.014658e-12, time = 1.261960e-08, elapsed = 481.7 sec
Step =   3212: nodes = 4204, dt = 3.008795e-12, time = 1.262261e-08, elapsed = 481.9 sec
Step =   3213: nodes = 4204, dt = 3.008795e-12, time = 1.262562e-08, elapsed = 482.0 sec
Step =   3214: nodes = 4204, dt = 3.610554e-12, time = 1.262923e-08, elapsed = 482.1 sec
Step =   3215: nodes = 4203, dt = 4.332665e-12, time = 1.263356e-08, elapsed = 482.3 sec
Step =   3216: nodes = 4203, dt = 5.199197e-12, time = 1.263876e-08, elapsed = 482.4 sec
Step =   3217: nodes = 4204, dt = 3.119518e-12, time = 1.264188e-08, elapsed = 482.6 sec
Step =   3218: nodes = 4204, dt = 3.119518e-12, time = 1.264500e-08, elapsed = 482.7 sec
Step =   3219: nodes = 4205, dt = 3.743422e-12, time = 1.264875e-08, elapsed = 482.9 sec
Step =   3220: nodes = 4204, dt = 4.492107e-12, time = 1.265324e-08, elapsed = 483.0 sec
Step =   3221: nodes = 4205, dt = 5.390528e-12, time = 1.265863e-08, elapsed = 483.2 sec
Step =   3222: nodes = 4205, dt = 3.234317e-12, time = 1.266186e-08, elapsed = 483.4 sec
Step =   3223: nodes = 4205, dt = 3.234317e-12, time = 1.266510e-08, elapsed = 483.5 sec
Step =   3224: nodes = 4205, dt = 3.881180e-12, time = 1.266898e-08, elapsed = 483.6 sec
Step =   3225: nodes = 4204, dt = 4.657416e-12, time = 1.267364e-08, elapsed = 483.8 sec
Step =   3226: nodes = 4205, dt = 5.588899e-12, time = 1.267922e-08, elapsed = 483.9 sec
Step =   3227: nodes = 4203, dt = 3.353340e-12, time = 1.268258e-08, elapsed = 484.1 sec
Step =   3228: nodes = 4203, dt = 3.353340e-12, time = 1.268593e-08, elapsed = 484.2 sec
Step =   3229: nodes = 4205, dt = 4.024008e-12, time = 1.268995e-08, elapsed = 484.3 sec
Step =   3230: nodes = 4204, dt = 4.828809e-12, time = 1.269478e-08, elapsed = 484.5 sec
Step =   3231: nodes = 4206, dt = 5.794571e-12, time = 1.270058e-08, elapsed = 484.6 sec
Step =   3232: nodes = 4206, dt = 3.476742e-12, time = 1.270405e-08, elapsed = 484.8 sec
Step =   3233: nodes = 4206, dt = 3.476742e-12, time = 1.270753e-08, elapsed = 484.9 sec
Step =   3234: nodes = 4206, dt = 4.172091e-12, time = 1.271170e-08, elapsed = 485.1 sec
Step =   3235: nodes = 4206, dt = 5.006509e-12, time = 1.271671e-08, elapsed = 485.2 sec
Step =   3236: nodes = 4206, dt = 6.007811e-12, time = 1.272272e-08, elapsed = 485.4 sec
Step =   3237: nodes = 4207, dt = 3.604687e-12, time = 1.272632e-08, elapsed = 485.5 sec
Step =   3238: nodes = 4207, dt = 3.604687e-12, time = 1.272993e-08, elapsed = 485.7 sec
Step =   3239: nodes = 4206, dt = 4.325624e-12, time = 1.273425e-08, elapsed = 485.8 sec
Step =   3240: nodes = 4208, dt = 5.190749e-12, time = 1.273944e-08, elapsed = 486.0 sec
Step =   3241: nodes = 4208, dt = 6.228898e-12, time = 1.274567e-08, elapsed = 486.1 sec
Step =   3242: nodes = 4206, dt = 3.737339e-12, time = 1.274941e-08, elapsed = 486.3 sec
Step =   3243: nodes = 4206, dt = 3.737339e-12, time = 1.275315e-08, elapsed = 486.4 sec
Step =   3244: nodes = 4206, dt = 4.484807e-12, time = 1.275763e-08, elapsed = 486.6 sec
Step =   3245: nodes = 4206, dt = 5.381768e-12, time = 1.276301e-08, elapsed = 486.7 sec
Step =   3246: nodes = 4206, dt = 3.229061e-12, time = 1.276624e-08, elapsed = 486.9 sec
Step =   3247: nodes = 4205, dt = 3.229061e-12, time = 1.276947e-08, elapsed = 487.0 sec
Step =   3248: nodes = 4206, dt = 3.874873e-12, time = 1.277335e-08, elapsed = 487.2 sec
Step =   3249: nodes = 4205, dt = 4.649848e-12, time = 1.277800e-08, elapsed = 487.3 sec
Step =   3250: nodes = 4206, dt = 2.789909e-12, time = 1.278079e-08, elapsed = 487.5 sec
Step =   3251: nodes = 4206, dt = 2.789909e-12, time = 1.278358e-08, elapsed = 487.6 sec
Step =   3252: nodes = 4206, dt = 3.347890e-12, time = 1.278692e-08, elapsed = 487.8 sec
Step =   3253: nodes = 4204, dt = 4.017468e-12, time = 1.279094e-08, elapsed = 488.0 sec
Step =   3254: nodes = 4207, dt = 4.820962e-12, time = 1.279576e-08, elapsed = 488.1 sec
Step =   3255: nodes = 4207, dt = 2.892577e-12, time = 1.279866e-08, elapsed = 488.3 sec
Step =   3256: nodes = 4207, dt = 2.892577e-12, time = 1.280155e-08, elapsed = 488.4 sec
Step =   3257: nodes = 4205, dt = 3.471093e-12, time = 1.280502e-08, elapsed = 488.6 sec
Step =   3258: nodes = 4205, dt = 4.165311e-12, time = 1.280918e-08, elapsed = 488.7 sec
Step =   3259: nodes = 4205, dt = 4.998374e-12, time = 1.281418e-08, elapsed = 488.9 sec
Step =   3260: nodes = 4203, dt = 2.999024e-12, time = 1.281718e-08, elapsed = 489.0 sec
Step =   3261: nodes = 4204, dt = 2.999024e-12, time = 1.282018e-08, elapsed = 489.2 sec
Step =   3262: nodes = 4204, dt = 3.598829e-12, time = 1.282378e-08, elapsed = 489.3 sec
Step =   3263: nodes = 4204, dt = 4.318595e-12, time = 1.282810e-08, elapsed = 489.5 sec
Step =   3264: nodes = 4204, dt = 5.182314e-12, time = 1.283328e-08, elapsed = 489.6 sec
Step =   3265: nodes = 4205, dt = 3.109388e-12, time = 1.283639e-08, elapsed = 489.7 sec
Step =   3266: nodes = 4205, dt = 3.109388e-12, time = 1.283950e-08, elapsed = 489.9 sec
Step =   3267: nodes = 4203, dt = 3.731266e-12, time = 1.284323e-08, elapsed = 490.0 sec
Step =   3268: nodes = 4206, dt = 2.238760e-12, time = 1.284547e-08, elapsed = 490.1 sec
Step =   3269: nodes = 4206, dt = 2.238760e-12, time = 1.284771e-08, elapsed = 490.2 sec
Step =   3270: nodes = 4206, dt = 2.686511e-12, time = 1.285039e-08, elapsed = 490.4 sec
Step =   3271: nodes = 4206, dt = 3.223814e-12, time = 1.285362e-08, elapsed = 490.5 sec
Step =   3272: nodes = 4206, dt = 3.868576e-12, time = 1.285749e-08, elapsed = 490.6 sec
Step =   3273: nodes = 4206, dt = 4.642292e-12, time = 1.286213e-08, elapsed = 490.8 sec
Step =   3274: nodes = 4204, dt = 2.785375e-12, time = 1.286491e-08, elapsed = 490.9 sec
Step =   3275: nodes = 4206, dt = 2.785375e-12, time = 1.286770e-08, elapsed = 491.0 sec
Step =   3276: nodes = 4205, dt = 3.342450e-12, time = 1.287104e-08, elapsed = 491.2 sec
Step =   3277: nodes = 4204, dt = 4.010940e-12, time = 1.287505e-08, elapsed = 491.3 sec
Step =   3278: nodes = 4204, dt = 4.813128e-12, time = 1.287987e-08, elapsed = 491.5 sec
Step =   3279: nodes = 4204, dt = 2.887877e-12, time = 1.288275e-08, elapsed = 491.6 sec
Step =   3280: nodes = 4205, dt = 2.887877e-12, time = 1.288564e-08, elapsed = 491.7 sec
Step =   3281: nodes = 4205, dt = 3.465452e-12, time = 1.288911e-08, elapsed = 491.9 sec
Step =   3282: nodes = 4205, dt = 4.158543e-12, time = 1.289327e-08, elapsed = 492.0 sec
Step =   3283: nodes = 4204, dt = 4.990251e-12, time = 1.289826e-08, elapsed = 492.2 sec
Step =   3284: nodes = 4205, dt = 2.994151e-12, time = 1.290125e-08, elapsed = 492.3 sec
Step =   3285: nodes = 4205, dt = 2.994151e-12, time = 1.290424e-08, elapsed = 492.5 sec
Step =   3286: nodes = 4205, dt = 3.592981e-12, time = 1.290784e-08, elapsed = 492.6 sec
Step =   3287: nodes = 4206, dt = 2.155789e-12, time = 1.290999e-08, elapsed = 492.8 sec
Step =   3288: nodes = 4206, dt = 2.155789e-12, time = 1.291215e-08, elapsed = 492.9 sec
Step =   3289: nodes = 4206, dt = 2.586946e-12, time = 1.291474e-08, elapsed = 493.0 sec
Step =   3290: nodes = 4206, dt = 3.104335e-12, time = 1.291784e-08, elapsed = 493.2 sec
Step =   3291: nodes = 4206, dt = 3.725203e-12, time = 1.292157e-08, elapsed = 493.3 sec
Step =   3292: nodes = 4206, dt = 4.470243e-12, time = 1.292604e-08, elapsed = 493.4 sec
Step =   3293: nodes = 4206, dt = 5.364292e-12, time = 1.293140e-08, elapsed = 493.6 sec
Step =   3294: nodes = 4205, dt = 3.218575e-12, time = 1.293462e-08, elapsed = 493.7 sec
Step =   3295: nodes = 4206, dt = 3.218575e-12, time = 1.293784e-08, elapsed = 493.9 sec
Step =   3296: nodes = 4206, dt = 3.862290e-12, time = 1.294170e-08, elapsed = 494.0 sec
Step =   3297: nodes = 4205, dt = 4.634748e-12, time = 1.294633e-08, elapsed = 494.2 sec
Step =   3298: nodes = 4206, dt = 5.561698e-12, time = 1.295190e-08, elapsed = 494.3 sec
Step =   3299: nodes = 4205, dt = 3.337019e-12, time = 1.295523e-08, elapsed = 494.5 sec
Step =   3300: nodes = 4205, dt = 3.337019e-12, time = 1.295857e-08, elapsed = 494.6 sec
Writing configuration in legacy data format
 Output file: /data/home/dg000246b/openDIS/inital_dislocation_structures/output_caseC_0.14%_seed12345/relax2/config.3300.data
Writing restart file
 Restart file: /data/home/dg000246b/openDIS/inital_dislocation_structures/output_caseC_0.14%_seed12345/relax2/restart.3300.exadis
Step =   3301: nodes = 4205, dt = 4.004422e-12, time = 1.296257e-08, elapsed = 494.9 sec
Step =   3302: nodes = 4204, dt = 4.805307e-12, time = 1.296738e-08, elapsed = 495.0 sec
Step =   3303: nodes = 4204, dt = 1.441592e-12, time = 1.296882e-08, elapsed = 495.2 sec
Step =   3304: nodes = 4206, dt = 1.441592e-12, time = 1.297026e-08, elapsed = 495.3 sec
Step =   3305: nodes = 4206, dt = 1.729910e-12, time = 1.297199e-08, elapsed = 495.4 sec
Step =   3306: nodes = 4204, dt = 2.075893e-12, time = 1.297407e-08, elapsed = 495.6 sec
Step =   3307: nodes = 4207, dt = 2.491071e-12, time = 1.297656e-08, elapsed = 495.7 sec
Step =   3308: nodes = 4206, dt = 2.989285e-12, time = 1.297955e-08, elapsed = 495.9 sec
Step =   3309: nodes = 4206, dt = 3.587142e-12, time = 1.298314e-08, elapsed = 496.0 sec
Step =   3310: nodes = 4206, dt = 4.304571e-12, time = 1.298744e-08, elapsed = 496.2 sec
Step =   3311: nodes = 4205, dt = 5.165485e-12, time = 1.299261e-08, elapsed = 496.3 sec
Step =   3312: nodes = 4204, dt = 3.099291e-12, time = 1.299571e-08, elapsed = 496.5 sec
Step =   3313: nodes = 4205, dt = 3.099291e-12, time = 1.299881e-08, elapsed = 496.6 sec
Step =   3314: nodes = 4205, dt = 3.719149e-12, time = 1.300252e-08, elapsed = 496.7 sec
Step =   3315: nodes = 4206, dt = 4.462979e-12, time = 1.300699e-08, elapsed = 496.9 sec
Step =   3316: nodes = 4206, dt = 5.355575e-12, time = 1.301234e-08, elapsed = 497.0 sec
Step =   3317: nodes = 4207, dt = 3.213345e-12, time = 1.301556e-08, elapsed = 497.2 sec
Step =   3318: nodes = 4207, dt = 3.213345e-12, time = 1.301877e-08, elapsed = 497.3 sec
Step =   3319: nodes = 4207, dt = 3.856014e-12, time = 1.302263e-08, elapsed = 497.5 sec
Step =   3320: nodes = 4206, dt = 4.627217e-12, time = 1.302725e-08, elapsed = 497.6 sec
Step =   3321: nodes = 4205, dt = 5.552660e-12, time = 1.303281e-08, elapsed = 497.8 sec
Step =   3322: nodes = 4206, dt = 6.663192e-12, time = 1.303947e-08, elapsed = 498.0 sec
Step =   3323: nodes = 4207, dt = 3.997915e-12, time = 1.304347e-08, elapsed = 498.1 sec
Step =   3324: nodes = 4207, dt = 3.997915e-12, time = 1.304746e-08, elapsed = 498.3 sec
Step =   3325: nodes = 4205, dt = 4.797498e-12, time = 1.305226e-08, elapsed = 498.5 sec
Step =   3326: nodes = 4206, dt = 5.756998e-12, time = 1.305802e-08, elapsed = 498.6 sec
Step =   3327: nodes = 4206, dt = 6.908397e-12, time = 1.306493e-08, elapsed = 498.8 sec
Step =   3328: nodes = 4207, dt = 4.145038e-12, time = 1.306907e-08, elapsed = 498.9 sec
Step =   3329: nodes = 4205, dt = 4.145038e-12, time = 1.307322e-08, elapsed = 499.1 sec
Step =   3330: nodes = 4205, dt = 2.487023e-12, time = 1.307570e-08, elapsed = 499.3 sec
Step =   3331: nodes = 4203, dt = 2.487023e-12, time = 1.307819e-08, elapsed = 499.4 sec
Step =   3332: nodes = 4205, dt = 2.984428e-12, time = 1.308118e-08, elapsed = 499.5 sec
Step =   3333: nodes = 4206, dt = 3.581313e-12, time = 1.308476e-08, elapsed = 499.6 sec
Step =   3334: nodes = 4208, dt = 4.297576e-12, time = 1.308905e-08, elapsed = 499.8 sec
Step =   3335: nodes = 4209, dt = 5.157091e-12, time = 1.309421e-08, elapsed = 499.9 sec
Step =   3336: nodes = 4207, dt = 6.188509e-12, time = 1.310040e-08, elapsed = 500.1 sec
Step =   3337: nodes = 4206, dt = 3.713105e-12, time = 1.310411e-08, elapsed = 500.3 sec
Step =   3338: nodes = 4207, dt = 3.713105e-12, time = 1.310783e-08, elapsed = 500.4 sec
Step =   3339: nodes = 4206, dt = 4.455727e-12, time = 1.311228e-08, elapsed = 500.6 sec
Step =   3340: nodes = 4206, dt = 5.346872e-12, time = 1.311763e-08, elapsed = 500.7 sec
Step =   3341: nodes = 4207, dt = 6.416246e-12, time = 1.312405e-08, elapsed = 500.9 sec
Step =   3342: nodes = 4207, dt = 3.849748e-12, time = 1.312790e-08, elapsed = 501.1 sec
Step =   3343: nodes = 4207, dt = 3.849748e-12, time = 1.313175e-08, elapsed = 501.2 sec
Step =   3344: nodes = 4207, dt = 4.619697e-12, time = 1.313636e-08, elapsed = 501.3 sec
Step =   3345: nodes = 4207, dt = 5.543637e-12, time = 1.314191e-08, elapsed = 501.5 sec
Step =   3346: nodes = 4207, dt = 3.326182e-12, time = 1.314523e-08, elapsed = 501.6 sec
Step =   3347: nodes = 4207, dt = 3.326182e-12, time = 1.314856e-08, elapsed = 501.7 sec
Step =   3348: nodes = 4208, dt = 3.991418e-12, time = 1.315255e-08, elapsed = 501.9 sec
Step =   3349: nodes = 4207, dt = 4.789702e-12, time = 1.315734e-08, elapsed = 502.0 sec
Step =   3350: nodes = 4207, dt = 2.873821e-12, time = 1.316022e-08, elapsed = 502.2 sec
Step =   3351: nodes = 4206, dt = 2.873821e-12, time = 1.316309e-08, elapsed = 502.3 sec
Step =   3352: nodes = 4207, dt = 3.448586e-12, time = 1.316654e-08, elapsed = 502.4 sec
Step =   3353: nodes = 4206, dt = 4.138303e-12, time = 1.317068e-08, elapsed = 502.6 sec
Step =   3354: nodes = 4205, dt = 4.965963e-12, time = 1.317564e-08, elapsed = 502.7 sec
Step =   3355: nodes = 4207, dt = 5.959156e-12, time = 1.318160e-08, elapsed = 502.9 sec
Step =   3356: nodes = 4206, dt = 7.150987e-12, time = 1.318875e-08, elapsed = 503.1 sec
Step =   3357: nodes = 4206, dt = 8.581184e-12, time = 1.319733e-08, elapsed = 503.2 sec
Step =   3358: nodes = 4207, dt = 5.148711e-12, time = 1.320248e-08, elapsed = 503.4 sec
Step =   3359: nodes = 4208, dt = 5.148711e-12, time = 1.320763e-08, elapsed = 503.5 sec
Step =   3360: nodes = 4207, dt = 6.178453e-12, time = 1.321381e-08, elapsed = 503.7 sec
Step =   3361: nodes = 4208, dt = 7.414143e-12, time = 1.322122e-08, elapsed = 503.9 sec
Step =   3362: nodes = 4209, dt = 4.448486e-12, time = 1.322567e-08, elapsed = 504.0 sec
Step =   3363: nodes = 4209, dt = 4.448486e-12, time = 1.323012e-08, elapsed = 504.2 sec
Step =   3364: nodes = 4206, dt = 5.338183e-12, time = 1.323546e-08, elapsed = 504.3 sec
Step =   3365: nodes = 4210, dt = 6.405820e-12, time = 1.324186e-08, elapsed = 504.5 sec
Step =   3366: nodes = 4211, dt = 3.843492e-12, time = 1.324571e-08, elapsed = 504.7 sec
Step =   3367: nodes = 4212, dt = 3.843492e-12, time = 1.324955e-08, elapsed = 504.8 sec
Step =   3368: nodes = 4213, dt = 4.612190e-12, time = 1.325416e-08, elapsed = 505.0 sec
Step =   3369: nodes = 4212, dt = 5.534628e-12, time = 1.325970e-08, elapsed = 505.1 sec
Step =   3370: nodes = 4213, dt = 6.641554e-12, time = 1.326634e-08, elapsed = 505.3 sec
Step =   3371: nodes = 4213, dt = 3.984932e-12, time = 1.327032e-08, elapsed = 505.5 sec
Step =   3372: nodes = 4215, dt = 3.984932e-12, time = 1.327431e-08, elapsed = 505.6 sec
Step =   3373: nodes = 4214, dt = 4.781919e-12, time = 1.327909e-08, elapsed = 505.8 sec
Step =   3374: nodes = 4212, dt = 5.738303e-12, time = 1.328483e-08, elapsed = 506.0 sec
Step =   3375: nodes = 4213, dt = 3.442982e-12, time = 1.328827e-08, elapsed = 506.1 sec
Step =   3376: nodes = 4213, dt = 3.442982e-12, time = 1.329172e-08, elapsed = 506.3 sec
Step =   3377: nodes = 4212, dt = 4.131578e-12, time = 1.329585e-08, elapsed = 506.4 sec
Step =   3378: nodes = 4213, dt = 4.957894e-12, time = 1.330081e-08, elapsed = 506.5 sec
Step =   3379: nodes = 4213, dt = 5.949472e-12, time = 1.330676e-08, elapsed = 506.7 sec
Step =   3380: nodes = 4212, dt = 3.569683e-12, time = 1.331032e-08, elapsed = 506.9 sec
Step =   3381: nodes = 4212, dt = 3.569683e-12, time = 1.331389e-08, elapsed = 507.0 sec
Step =   3382: nodes = 4211, dt = 4.283620e-12, time = 1.331818e-08, elapsed = 507.2 sec
Step =   3383: nodes = 4211, dt = 5.140344e-12, time = 1.332332e-08, elapsed = 507.3 sec
Step =   3384: nodes = 4210, dt = 6.168413e-12, time = 1.332949e-08, elapsed = 507.4 sec
Step =   3385: nodes = 4211, dt = 3.701048e-12, time = 1.333319e-08, elapsed = 507.6 sec
Step =   3386: nodes = 4211, dt = 3.701048e-12, time = 1.333689e-08, elapsed = 507.7 sec
Step =   3387: nodes = 4210, dt = 4.441257e-12, time = 1.334133e-08, elapsed = 507.9 sec
Step =   3388: nodes = 4210, dt = 2.664754e-12, time = 1.334399e-08, elapsed = 508.0 sec
Step =   3389: nodes = 4209, dt = 2.664754e-12, time = 1.334666e-08, elapsed = 508.2 sec
Step =   3390: nodes = 4210, dt = 3.197705e-12, time = 1.334986e-08, elapsed = 508.3 sec
Step =   3391: nodes = 4209, dt = 3.837246e-12, time = 1.335369e-08, elapsed = 508.5 sec
Step =   3392: nodes = 4209, dt = 4.604696e-12, time = 1.335830e-08, elapsed = 508.6 sec
Step =   3393: nodes = 4208, dt = 2.762817e-12, time = 1.336106e-08, elapsed = 508.8 sec
Step =   3394: nodes = 4209, dt = 2.762817e-12, time = 1.336382e-08, elapsed = 508.9 sec
Step =   3395: nodes = 4209, dt = 3.315381e-12, time = 1.336714e-08, elapsed = 509.1 sec
Step =   3396: nodes = 4209, dt = 3.978457e-12, time = 1.337112e-08, elapsed = 509.2 sec
Step =   3397: nodes = 4209, dt = 4.774148e-12, time = 1.337589e-08, elapsed = 509.4 sec
Step =   3398: nodes = 4206, dt = 5.728978e-12, time = 1.338162e-08, elapsed = 509.6 sec
Step =   3399: nodes = 4209, dt = 3.437387e-12, time = 1.338506e-08, elapsed = 509.7 sec
Step =   3400: nodes = 4208, dt = 3.437387e-12, time = 1.338850e-08, elapsed = 510.1 sec
Writing configuration in legacy data format
 Output file: /data/home/dg000246b/openDIS/inital_dislocation_structures/output_caseC_0.14%_seed12345/relax2/config.3400.data
Writing restart file
 Restart file: /data/home/dg000246b/openDIS/inital_dislocation_structures/output_caseC_0.14%_seed12345/relax2/restart.3400.exadis
Step =   3401: nodes = 4210, dt = 4.124864e-12, time = 1.339262e-08, elapsed = 510.3 sec
Step =   3402: nodes = 4211, dt = 4.949837e-12, time = 1.339757e-08, elapsed = 510.5 sec
Step =   3403: nodes = 4211, dt = 5.939804e-12, time = 1.340351e-08, elapsed = 510.6 sec
Step =   3404: nodes = 4211, dt = 7.127765e-12, time = 1.341064e-08, elapsed = 510.8 sec
Step =   3405: nodes = 4212, dt = 4.276659e-12, time = 1.341492e-08, elapsed = 511.0 sec
Step =   3406: nodes = 4210, dt = 4.276659e-12, time = 1.341919e-08, elapsed = 511.1 sec
Step =   3407: nodes = 4211, dt = 5.131991e-12, time = 1.342432e-08, elapsed = 511.3 sec
Step =   3408: nodes = 4210, dt = 6.158389e-12, time = 1.343048e-08, elapsed = 511.4 sec
Step =   3409: nodes = 4211, dt = 3.695033e-12, time = 1.343418e-08, elapsed = 511.6 sec
Step =   3410: nodes = 4211, dt = 3.695033e-12, time = 1.343787e-08, elapsed = 511.7 sec
Step =   3411: nodes = 4211, dt = 4.434040e-12, time = 1.344231e-08, elapsed = 511.9 sec
Step =   3412: nodes = 4211, dt = 5.320848e-12, time = 1.344763e-08, elapsed = 512.0 sec
Step =   3413: nodes = 4212, dt = 6.385018e-12, time = 1.345401e-08, elapsed = 512.2 sec
Step =   3414: nodes = 4214, dt = 3.831011e-12, time = 1.345784e-08, elapsed = 512.3 sec
Step =   3415: nodes = 4212, dt = 3.831011e-12, time = 1.346167e-08, elapsed = 512.5 sec
Step =   3416: nodes = 4213, dt = 4.597213e-12, time = 1.346627e-08, elapsed = 512.6 sec
Step =   3417: nodes = 4213, dt = 5.516655e-12, time = 1.347179e-08, elapsed = 512.8 sec
Step =   3418: nodes = 4213, dt = 3.309993e-12, time = 1.347510e-08, elapsed = 513.0 sec
Step =   3419: nodes = 4213, dt = 3.309993e-12, time = 1.347841e-08, elapsed = 513.1 sec
Step =   3420: nodes = 4212, dt = 3.971992e-12, time = 1.348238e-08, elapsed = 513.3 sec
Step =   3421: nodes = 4213, dt = 4.766390e-12, time = 1.348715e-08, elapsed = 513.4 sec
Step =   3422: nodes = 4212, dt = 5.719668e-12, time = 1.349287e-08, elapsed = 513.6 sec
Step =   3423: nodes = 4213, dt = 3.431801e-12, time = 1.349630e-08, elapsed = 513.7 sec
Step =   3424: nodes = 4214, dt = 3.431801e-12, time = 1.349973e-08, elapsed = 513.9 sec
Step =   3425: nodes = 4216, dt = 4.118161e-12, time = 1.350385e-08, elapsed = 514.1 sec
Step =   3426: nodes = 4215, dt = 4.941793e-12, time = 1.350879e-08, elapsed = 514.2 sec
Step =   3427: nodes = 4215, dt = 5.930152e-12, time = 1.351472e-08, elapsed = 514.4 sec
Step =   3428: nodes = 4216, dt = 1.779046e-12, time = 1.351650e-08, elapsed = 514.5 sec
Step =   3429: nodes = 4216, dt = 1.779046e-12, time = 1.351828e-08, elapsed = 514.7 sec
Step =   3430: nodes = 4216, dt = 2.134855e-12, time = 1.352041e-08, elapsed = 514.8 sec
Step =   3431: nodes = 4216, dt = 2.561826e-12, time = 1.352298e-08, elapsed = 514.9 sec
Step =   3432: nodes = 4216, dt = 3.074191e-12, time = 1.352605e-08, elapsed = 515.1 sec
Step =   3433: nodes = 4215, dt = 3.689029e-12, time = 1.352974e-08, elapsed = 515.2 sec
Step =   3434: nodes = 4216, dt = 4.426835e-12, time = 1.353417e-08, elapsed = 515.3 sec
Step =   3435: nodes = 4215, dt = 5.312202e-12, time = 1.353948e-08, elapsed = 515.5 sec
Step =   3436: nodes = 4215, dt = 3.187321e-12, time = 1.354266e-08, elapsed = 515.7 sec
Step =   3437: nodes = 4214, dt = 3.187321e-12, time = 1.354585e-08, elapsed = 515.8 sec
Step =   3438: nodes = 4215, dt = 3.824785e-12, time = 1.354968e-08, elapsed = 516.0 sec
Step =   3439: nodes = 4216, dt = 4.589742e-12, time = 1.355427e-08, elapsed = 516.1 sec
Step =   3440: nodes = 4217, dt = 5.507691e-12, time = 1.355977e-08, elapsed = 516.3 sec
Step =   3441: nodes = 4217, dt = 3.304615e-12, time = 1.356308e-08, elapsed = 516.4 sec
Step =   3442: nodes = 4217, dt = 3.304615e-12, time = 1.356638e-08, elapsed = 516.6 sec
Step =   3443: nodes = 4217, dt = 3.965537e-12, time = 1.357035e-08, elapsed = 516.7 sec
Step =   3444: nodes = 4216, dt = 4.758645e-12, time = 1.357511e-08, elapsed = 516.9 sec
Step =   3445: nodes = 4216, dt = 2.855187e-12, time = 1.357796e-08, elapsed = 517.1 sec
Step =   3446: nodes = 4217, dt = 2.855187e-12, time = 1.358082e-08, elapsed = 517.2 sec
Step =   3447: nodes = 4216, dt = 3.426224e-12, time = 1.358424e-08, elapsed = 517.3 sec
Step =   3448: nodes = 4216, dt = 4.111469e-12, time = 1.358836e-08, elapsed = 517.5 sec
Step =   3449: nodes = 4217, dt = 4.933763e-12, time = 1.359329e-08, elapsed = 517.6 sec
Step =   3450: nodes = 4217, dt = 2.960258e-12, time = 1.359625e-08, elapsed = 517.8 sec
Step =   3451: nodes = 4215, dt = 2.960258e-12, time = 1.359921e-08, elapsed = 517.9 sec
Step =   3452: nodes = 4215, dt = 3.552309e-12, time = 1.360276e-08, elapsed = 518.1 sec
Step =   3453: nodes = 4217, dt = 4.262771e-12, time = 1.360702e-08, elapsed = 518.2 sec
Step =   3454: nodes = 4216, dt = 5.115326e-12, time = 1.361214e-08, elapsed = 518.4 sec
Step =   3455: nodes = 4218, dt = 3.069195e-12, time = 1.361521e-08, elapsed = 518.5 sec
Step =   3456: nodes = 4219, dt = 3.069195e-12, time = 1.361828e-08, elapsed = 518.7 sec
Step =   3457: nodes = 4217, dt = 3.683034e-12, time = 1.362196e-08, elapsed = 518.8 sec
Step =   3458: nodes = 4220, dt = 4.419641e-12, time = 1.362638e-08, elapsed = 519.0 sec
Step =   3459: nodes = 4222, dt = 5.303569e-12, time = 1.363168e-08, elapsed = 519.1 sec
Step =   3460: nodes = 4221, dt = 3.182142e-12, time = 1.363487e-08, elapsed = 519.3 sec
Step =   3461: nodes = 4220, dt = 3.182142e-12, time = 1.363805e-08, elapsed = 519.5 sec
Step =   3462: nodes = 4220, dt = 3.818570e-12, time = 1.364187e-08, elapsed = 519.6 sec
Step =   3463: nodes = 4220, dt = 4.582284e-12, time = 1.364645e-08, elapsed = 519.8 sec
Step =   3464: nodes = 4223, dt = 5.498741e-12, time = 1.365195e-08, elapsed = 519.9 sec
Step =   3465: nodes = 4223, dt = 3.299245e-12, time = 1.365525e-08, elapsed = 520.1 sec
Step =   3466: nodes = 4223, dt = 3.299245e-12, time = 1.365855e-08, elapsed = 520.2 sec
Step =   3467: nodes = 4223, dt = 3.959093e-12, time = 1.366251e-08, elapsed = 520.3 sec
Step =   3468: nodes = 4222, dt = 4.750912e-12, time = 1.366726e-08, elapsed = 520.5 sec
Step =   3469: nodes = 4222, dt = 5.701095e-12, time = 1.367296e-08, elapsed = 520.6 sec
Step =   3470: nodes = 4220, dt = 3.420657e-12, time = 1.367638e-08, elapsed = 520.7 sec
Step =   3471: nodes = 4220, dt = 3.420657e-12, time = 1.367980e-08, elapsed = 520.9 sec
Step =   3472: nodes = 4219, dt = 4.104788e-12, time = 1.368390e-08, elapsed = 521.1 sec
Step =   3473: nodes = 4219, dt = 4.925746e-12, time = 1.368883e-08, elapsed = 521.2 sec
Step =   3474: nodes = 4218, dt = 5.910895e-12, time = 1.369474e-08, elapsed = 521.4 sec
Step =   3475: nodes = 4218, dt = 7.093074e-12, time = 1.370183e-08, elapsed = 521.5 sec
Step =   3476: nodes = 4218, dt = 4.255844e-12, time = 1.370609e-08, elapsed = 521.7 sec
Step =   3477: nodes = 4220, dt = 4.255844e-12, time = 1.371035e-08, elapsed = 521.8 sec
Step =   3478: nodes = 4220, dt = 5.107013e-12, time = 1.371545e-08, elapsed = 522.0 sec
Step =   3479: nodes = 4220, dt = 6.128416e-12, time = 1.372158e-08, elapsed = 522.2 sec
Step =   3480: nodes = 4218, dt = 3.677049e-12, time = 1.372526e-08, elapsed = 522.3 sec
Step =   3481: nodes = 4218, dt = 3.677049e-12, time = 1.372894e-08, elapsed = 522.5 sec
Step =   3482: nodes = 4217, dt = 4.412459e-12, time = 1.373335e-08, elapsed = 522.6 sec
Step =   3483: nodes = 4219, dt = 5.294951e-12, time = 1.373864e-08, elapsed = 522.8 sec
Step =   3484: nodes = 4218, dt = 6.353941e-12, time = 1.374500e-08, elapsed = 522.9 sec
Step =   3485: nodes = 4218, dt = 3.812365e-12, time = 1.374881e-08, elapsed = 523.1 sec
Step =   3486: nodes = 4217, dt = 3.812365e-12, time = 1.375262e-08, elapsed = 523.2 sec
Step =   3487: nodes = 4217, dt = 4.574838e-12, time = 1.375720e-08, elapsed = 523.4 sec
Step =   3488: nodes = 4217, dt = 5.489805e-12, time = 1.376269e-08, elapsed = 523.5 sec
Step =   3489: nodes = 4217, dt = 6.587766e-12, time = 1.376927e-08, elapsed = 523.6 sec
Step =   3490: nodes = 4218, dt = 7.905320e-12, time = 1.377718e-08, elapsed = 523.8 sec
Step =   3491: nodes = 4218, dt = 9.486384e-12, time = 1.378667e-08, elapsed = 523.9 sec
Step =   3492: nodes = 4220, dt = 5.691830e-12, time = 1.379236e-08, elapsed = 524.1 sec
Step =   3493: nodes = 4219, dt = 5.691830e-12, time = 1.379805e-08, elapsed = 524.2 sec
Step =   3494: nodes = 4219, dt = 6.830196e-12, time = 1.380488e-08, elapsed = 524.4 sec
Step =   3495: nodes = 4221, dt = 4.098118e-12, time = 1.380898e-08, elapsed = 524.6 sec
Step =   3496: nodes = 4221, dt = 4.098118e-12, time = 1.381308e-08, elapsed = 524.7 sec
Step =   3497: nodes = 4219, dt = 4.917741e-12, time = 1.381799e-08, elapsed = 524.9 sec
Step =   3498: nodes = 4219, dt = 5.901290e-12, time = 1.382389e-08, elapsed = 525.0 sec
Step =   3499: nodes = 4219, dt = 3.540774e-12, time = 1.382744e-08, elapsed = 525.2 sec
Step =   3500: nodes = 4220, dt = 3.540774e-12, time = 1.383098e-08, elapsed = 525.3 sec
Writing configuration in legacy data format
 Output file: /data/home/dg000246b/openDIS/inital_dislocation_structures/output_caseC_0.14%_seed12345/relax2/config.3500.data
Writing restart file
 Restart file: /data/home/dg000246b/openDIS/inital_dislocation_structures/output_caseC_0.14%_seed12345/relax2/restart.3500.exadis
Step =   3501: nodes = 4220, dt = 4.248928e-12, time = 1.383523e-08, elapsed = 525.5 sec
Step =   3502: nodes = 4219, dt = 5.098714e-12, time = 1.384032e-08, elapsed = 525.6 sec
Step =   3503: nodes = 4218, dt = 6.118457e-12, time = 1.384644e-08, elapsed = 525.8 sec
Step =   3504: nodes = 4219, dt = 3.671074e-12, time = 1.385011e-08, elapsed = 526.0 sec
Step =   3505: nodes = 4219, dt = 3.671074e-12, time = 1.385378e-08, elapsed = 526.1 sec
Step =   3506: nodes = 4220, dt = 4.405289e-12, time = 1.385819e-08, elapsed = 526.3 sec
Step =   3507: nodes = 4220, dt = 5.286347e-12, time = 1.386348e-08, elapsed = 526.4 sec
Step =   3508: nodes = 4221, dt = 6.343616e-12, time = 1.386982e-08, elapsed = 526.6 sec
Step =   3509: nodes = 4222, dt = 3.806170e-12, time = 1.387363e-08, elapsed = 526.8 sec
Step =   3510: nodes = 4221, dt = 3.806170e-12, time = 1.387743e-08, elapsed = 527.0 sec
Step =   3511: nodes = 4222, dt = 4.567404e-12, time = 1.388200e-08, elapsed = 527.1 sec
Step =   3512: nodes = 4221, dt = 5.480884e-12, time = 1.388748e-08, elapsed = 527.3 sec
Step =   3513: nodes = 4221, dt = 3.288531e-12, time = 1.389077e-08, elapsed = 527.4 sec
Step =   3514: nodes = 4221, dt = 3.288531e-12, time = 1.389406e-08, elapsed = 527.6 sec
Step =   3515: nodes = 4221, dt = 3.946237e-12, time = 1.389800e-08, elapsed = 527.7 sec
Step =   3516: nodes = 4221, dt = 4.735484e-12, time = 1.390274e-08, elapsed = 527.9 sec
Step =   3517: nodes = 4221, dt = 5.682581e-12, time = 1.390842e-08, elapsed = 528.0 sec
Step =   3518: nodes = 4221, dt = 3.409549e-12, time = 1.391183e-08, elapsed = 528.2 sec
Step =   3519: nodes = 4221, dt = 3.409549e-12, time = 1.391524e-08, elapsed = 528.3 sec
Step =   3520: nodes = 4220, dt = 4.091458e-12, time = 1.391933e-08, elapsed = 528.5 sec
Step =   3521: nodes = 4222, dt = 4.909750e-12, time = 1.392424e-08, elapsed = 528.6 sec
Step =   3522: nodes = 4222, dt = 5.891700e-12, time = 1.393013e-08, elapsed = 528.8 sec
Step =   3523: nodes = 4222, dt = 3.535020e-12, time = 1.393367e-08, elapsed = 529.0 sec
Step =   3524: nodes = 4222, dt = 3.535020e-12, time = 1.393720e-08, elapsed = 529.1 sec
Step =   3525: nodes = 4221, dt = 4.242024e-12, time = 1.394145e-08, elapsed = 529.3 sec
Step =   3526: nodes = 4223, dt = 5.090429e-12, time = 1.394654e-08, elapsed = 529.4 sec
Step =   3527: nodes = 4220, dt = 6.108515e-12, time = 1.395264e-08, elapsed = 529.6 sec
Step =   3528: nodes = 4223, dt = 3.665109e-12, time = 1.395631e-08, elapsed = 529.8 sec
Step =   3529: nodes = 4222, dt = 3.665109e-12, time = 1.395998e-08, elapsed = 529.9 sec
Step =   3530: nodes = 4223, dt = 4.398130e-12, time = 1.396437e-08, elapsed = 530.0 sec
Step =   3531: nodes = 4222, dt = 5.277757e-12, time = 1.396965e-08, elapsed = 530.2 sec
Step =   3532: nodes = 4223, dt = 3.166654e-12, time = 1.397282e-08, elapsed = 530.4 sec
Step =   3533: nodes = 4223, dt = 3.166654e-12, time = 1.397598e-08, elapsed = 530.5 sec
Step =   3534: nodes = 4222, dt = 3.799985e-12, time = 1.397978e-08, elapsed = 530.6 sec
Step =   3535: nodes = 4224, dt = 4.559982e-12, time = 1.398434e-08, elapsed = 530.8 sec
Step =   3536: nodes = 4224, dt = 5.471978e-12, time = 1.398982e-08, elapsed = 530.9 sec
Step =   3537: nodes = 4222, dt = 3.283187e-12, time = 1.399310e-08, elapsed = 531.1 sec
Step =   3538: nodes = 4222, dt = 3.283187e-12, time = 1.399638e-08, elapsed = 531.2 sec
Step =   3539: nodes = 4222, dt = 3.939824e-12, time = 1.400032e-08, elapsed = 531.4 sec
Step =   3540: nodes = 4222, dt = 4.727789e-12, time = 1.400505e-08, elapsed = 531.5 sec
Step =   3541: nodes = 4221, dt = 5.673347e-12, time = 1.401072e-08, elapsed = 531.6 sec
Step =   3542: nodes = 4222, dt = 3.404008e-12, time = 1.401413e-08, elapsed = 531.8 sec
Step =   3543: nodes = 4222, dt = 3.404008e-12, time = 1.401753e-08, elapsed = 532.0 sec
Step =   3544: nodes = 4220, dt = 4.084810e-12, time = 1.402162e-08, elapsed = 532.1 sec
Step =   3545: nodes = 4223, dt = 4.901772e-12, time = 1.402652e-08, elapsed = 532.3 sec
Step =   3546: nodes = 4224, dt = 5.882126e-12, time = 1.403240e-08, elapsed = 532.4 sec
Step =   3547: nodes = 4224, dt = 3.529276e-12, time = 1.403593e-08, elapsed = 532.6 sec
Step =   3548: nodes = 4223, dt = 3.529276e-12, time = 1.403946e-08, elapsed = 532.7 sec
Step =   3549: nodes = 4223, dt = 4.235131e-12, time = 1.404369e-08, elapsed = 532.8 sec
Step =   3550: nodes = 4224, dt = 5.082157e-12, time = 1.404878e-08, elapsed = 533.0 sec
Step =   3551: nodes = 4223, dt = 3.049294e-12, time = 1.405183e-08, elapsed = 533.1 sec
Step =   3552: nodes = 4223, dt = 3.049294e-12, time = 1.405487e-08, elapsed = 533.3 sec
Step =   3553: nodes = 4224, dt = 3.659153e-12, time = 1.405853e-08, elapsed = 533.4 sec
Step =   3554: nodes = 4223, dt = 4.390983e-12, time = 1.406292e-08, elapsed = 533.5 sec
Step =   3555: nodes = 4223, dt = 5.269180e-12, time = 1.406819e-08, elapsed = 533.6 sec
Step =   3556: nodes = 4223, dt = 3.161508e-12, time = 1.407136e-08, elapsed = 533.8 sec
Step =   3557: nodes = 4223, dt = 3.161508e-12, time = 1.407452e-08, elapsed = 533.9 sec
Step =   3558: nodes = 4224, dt = 3.793810e-12, time = 1.407831e-08, elapsed = 534.0 sec
Step =   3559: nodes = 4222, dt = 4.552572e-12, time = 1.408286e-08, elapsed = 534.2 sec
Step =   3560: nodes = 4223, dt = 5.463086e-12, time = 1.408833e-08, elapsed = 534.3 sec
Step =   3561: nodes = 4223, dt = 3.277852e-12, time = 1.409160e-08, elapsed = 534.5 sec
Step =   3562: nodes = 4223, dt = 3.277852e-12, time = 1.409488e-08, elapsed = 534.6 sec
Step =   3563: nodes = 4224, dt = 3.933422e-12, time = 1.409882e-08, elapsed = 534.7 sec
Step =   3564: nodes = 4223, dt = 4.720106e-12, time = 1.410354e-08, elapsed = 534.9 sec
Step =   3565: nodes = 4223, dt = 5.664128e-12, time = 1.410920e-08, elapsed = 535.0 sec
Step =   3566: nodes = 4222, dt = 3.398477e-12, time = 1.411260e-08, elapsed = 535.2 sec
Step =   3567: nodes = 4223, dt = 3.398477e-12, time = 1.411600e-08, elapsed = 535.3 sec
Step =   3568: nodes = 4224, dt = 4.078172e-12, time = 1.412007e-08, elapsed = 535.4 sec
Step =   3569: nodes = 4221, dt = 4.893806e-12, time = 1.412497e-08, elapsed = 535.5 sec
Step =   3570: nodes = 4224, dt = 5.872567e-12, time = 1.413084e-08, elapsed = 535.7 sec
Step =   3571: nodes = 4222, dt = 3.523540e-12, time = 1.413436e-08, elapsed = 535.8 sec
Step =   3572: nodes = 4223, dt = 3.523540e-12, time = 1.413789e-08, elapsed = 536.0 sec
Step =   3573: nodes = 4221, dt = 4.228249e-12, time = 1.414212e-08, elapsed = 536.1 sec
Step =   3574: nodes = 4223, dt = 5.073898e-12, time = 1.414719e-08, elapsed = 536.3 sec
Step =   3575: nodes = 4223, dt = 6.088678e-12, time = 1.415328e-08, elapsed = 536.4 sec
Step =   3576: nodes = 4224, dt = 3.653207e-12, time = 1.415693e-08, elapsed = 536.6 sec
Step =   3577: nodes = 4224, dt = 3.653207e-12, time = 1.416059e-08, elapsed = 536.7 sec
Step =   3578: nodes = 4224, dt = 4.383848e-12, time = 1.416497e-08, elapsed = 536.8 sec
Step =   3579: nodes = 4221, dt = 5.260618e-12, time = 1.417023e-08, elapsed = 537.0 sec
Step =   3580: nodes = 4222, dt = 6.312741e-12, time = 1.417654e-08, elapsed = 537.2 sec
Step =   3581: nodes = 4222, dt = 3.787645e-12, time = 1.418033e-08, elapsed = 537.4 sec
Step =   3582: nodes = 4220, dt = 3.787645e-12, time = 1.418412e-08, elapsed = 537.5 sec
Step =   3583: nodes = 4221, dt = 4.545174e-12, time = 1.418866e-08, elapsed = 537.7 sec
Step =   3584: nodes = 4222, dt = 5.454208e-12, time = 1.419412e-08, elapsed = 537.8 sec
Step =   3585: nodes = 4222, dt = 6.545050e-12, time = 1.420066e-08, elapsed = 538.0 sec
Step =   3586: nodes = 4222, dt = 3.927030e-12, time = 1.420459e-08, elapsed = 538.2 sec
Step =   3587: nodes = 4219, dt = 3.927030e-12, time = 1.420852e-08, elapsed = 538.3 sec
Step =   3588: nodes = 4221, dt = 4.712436e-12, time = 1.421323e-08, elapsed = 538.4 sec
Step =   3589: nodes = 4220, dt = 5.654923e-12, time = 1.421888e-08, elapsed = 538.6 sec
Step =   3590: nodes = 4221, dt = 3.392954e-12, time = 1.422228e-08, elapsed = 538.7 sec
Step =   3591: nodes = 4222, dt = 3.392954e-12, time = 1.422567e-08, elapsed = 538.9 sec
Step =   3592: nodes = 4222, dt = 4.071545e-12, time = 1.422974e-08, elapsed = 539.0 sec
Step =   3593: nodes = 4222, dt = 4.885854e-12, time = 1.423463e-08, elapsed = 539.2 sec
Step =   3594: nodes = 4220, dt = 5.863025e-12, time = 1.424049e-08, elapsed = 539.3 sec
Step =   3595: nodes = 4222, dt = 3.517815e-12, time = 1.424401e-08, elapsed = 539.8 sec
Step =   3596: nodes = 4220, dt = 3.517815e-12, time = 1.424753e-08, elapsed = 540.0 sec
Step =   3597: nodes = 4222, dt = 4.221378e-12, time = 1.425175e-08, elapsed = 540.2 sec
Step =   3598: nodes = 4222, dt = 5.065653e-12, time = 1.425681e-08, elapsed = 540.4 sec
Step =   3599: nodes = 4222, dt = 6.078784e-12, time = 1.426289e-08, elapsed = 540.5 sec
Step =   3600: nodes = 4223, dt = 3.647270e-12, time = 1.426654e-08, elapsed = 540.7 sec
Writing configuration in legacy data format
 Output file: /data/home/dg000246b/openDIS/inital_dislocation_structures/output_caseC_0.14%_seed12345/relax2/config.3600.data
Writing restart file
 Restart file: /data/home/dg000246b/openDIS/inital_dislocation_structures/output_caseC_0.14%_seed12345/relax2/restart.3600.exadis
Step =   3601: nodes = 4222, dt = 3.647270e-12, time = 1.427019e-08, elapsed = 540.9 sec
Step =   3602: nodes = 4223, dt = 4.376724e-12, time = 1.427456e-08, elapsed = 541.0 sec
Step =   3603: nodes = 4223, dt = 5.252069e-12, time = 1.427982e-08, elapsed = 541.2 sec
Step =   3604: nodes = 4224, dt = 6.302483e-12, time = 1.428612e-08, elapsed = 541.3 sec
Step =   3605: nodes = 4224, dt = 3.781490e-12, time = 1.428990e-08, elapsed = 541.5 sec
Step =   3606: nodes = 4224, dt = 3.781490e-12, time = 1.429368e-08, elapsed = 541.6 sec
Step =   3607: nodes = 4223, dt = 4.537788e-12, time = 1.429822e-08, elapsed = 541.7 sec
Step =   3608: nodes = 4223, dt = 5.445345e-12, time = 1.430366e-08, elapsed = 541.9 sec
Step =   3609: nodes = 4225, dt = 3.267207e-12, time = 1.430693e-08, elapsed = 542.1 sec
Step =   3610: nodes = 4225, dt = 3.267207e-12, time = 1.431020e-08, elapsed = 542.2 sec
Step =   3611: nodes = 4225, dt = 3.920649e-12, time = 1.431412e-08, elapsed = 542.4 sec
Step =   3612: nodes = 4223, dt = 4.704778e-12, time = 1.431882e-08, elapsed = 542.5 sec
Step =   3613: nodes = 4222, dt = 5.645734e-12, time = 1.432447e-08, elapsed = 542.6 sec
Step =   3614: nodes = 4223, dt = 3.387440e-12, time = 1.432786e-08, elapsed = 542.8 sec
Step =   3615: nodes = 4224, dt = 3.387440e-12, time = 1.433124e-08, elapsed = 542.9 sec
Step =   3616: nodes = 4226, dt = 4.064929e-12, time = 1.433531e-08, elapsed = 543.1 sec
Step =   3617: nodes = 4227, dt = 4.877914e-12, time = 1.434019e-08, elapsed = 543.2 sec
Step =   3618: nodes = 4228, dt = 5.853497e-12, time = 1.434604e-08, elapsed = 543.4 sec
Step =   3619: nodes = 4229, dt = 3.512098e-12, time = 1.434955e-08, elapsed = 543.6 sec
Step =   3620: nodes = 4229, dt = 3.512098e-12, time = 1.435306e-08, elapsed = 543.7 sec
Step =   3621: nodes = 4228, dt = 4.214518e-12, time = 1.435728e-08, elapsed = 543.9 sec
Step =   3622: nodes = 4228, dt = 5.057422e-12, time = 1.436234e-08, elapsed = 544.0 sec
Step =   3623: nodes = 4228, dt = 6.068906e-12, time = 1.436841e-08, elapsed = 544.2 sec
Step =   3624: nodes = 4229, dt = 3.641343e-12, time = 1.437205e-08, elapsed = 544.4 sec
Step =   3625: nodes = 4229, dt = 3.641343e-12, time = 1.437569e-08, elapsed = 544.5 sec
Step =   3626: nodes = 4229, dt = 4.369612e-12, time = 1.438006e-08, elapsed = 544.6 sec
Step =   3627: nodes = 4229, dt = 5.243535e-12, time = 1.438530e-08, elapsed = 544.7 sec
Step =   3628: nodes = 4229, dt = 3.146121e-12, time = 1.438845e-08, elapsed = 544.9 sec
Step =   3629: nodes = 4229, dt = 3.146121e-12, time = 1.439159e-08, elapsed = 545.1 sec
Step =   3630: nodes = 4228, dt = 3.775345e-12, time = 1.439537e-08, elapsed = 545.2 sec
Step =   3631: nodes = 4228, dt = 4.530414e-12, time = 1.439990e-08, elapsed = 545.4 sec
Step =   3632: nodes = 4229, dt = 5.436497e-12, time = 1.440534e-08, elapsed = 545.5 sec
Step =   3633: nodes = 4228, dt = 3.261898e-12, time = 1.440860e-08, elapsed = 545.7 sec
Step =   3634: nodes = 4229, dt = 3.261898e-12, time = 1.441186e-08, elapsed = 545.8 sec
Step =   3635: nodes = 4228, dt = 3.914278e-12, time = 1.441577e-08, elapsed = 545.9 sec
Step =   3636: nodes = 4229, dt = 4.697133e-12, time = 1.442047e-08, elapsed = 546.1 sec
Step =   3637: nodes = 4230, dt = 5.636560e-12, time = 1.442611e-08, elapsed = 546.2 sec
Step =   3638: nodes = 4230, dt = 1.690968e-12, time = 1.442780e-08, elapsed = 546.4 sec
Step =   3639: nodes = 4230, dt = 1.690968e-12, time = 1.442949e-08, elapsed = 546.5 sec
Step =   3640: nodes = 4230, dt = 2.029162e-12, time = 1.443152e-08, elapsed = 546.6 sec
Step =   3641: nodes = 4231, dt = 2.434994e-12, time = 1.443395e-08, elapsed = 546.7 sec
Step =   3642: nodes = 4229, dt = 2.921993e-12, time = 1.443688e-08, elapsed = 546.9 sec
Step =   3643: nodes = 4232, dt = 3.506391e-12, time = 1.444038e-08, elapsed = 547.0 sec
Step =   3644: nodes = 4232, dt = 4.207669e-12, time = 1.444459e-08, elapsed = 547.2 sec
Step =   3645: nodes = 4231, dt = 5.049203e-12, time = 1.444964e-08, elapsed = 547.3 sec
Step =   3646: nodes = 4232, dt = 3.029522e-12, time = 1.445267e-08, elapsed = 547.5 sec
Step =   3647: nodes = 4232, dt = 3.029522e-12, time = 1.445570e-08, elapsed = 547.6 sec
Step =   3648: nodes = 4232, dt = 3.635426e-12, time = 1.445933e-08, elapsed = 547.7 sec
Step =   3649: nodes = 4231, dt = 4.362512e-12, time = 1.446370e-08, elapsed = 547.8 sec
Step =   3650: nodes = 4231, dt = 5.235014e-12, time = 1.446893e-08, elapsed = 548.0 sec
Step =   3651: nodes = 4230, dt = 3.141008e-12, time = 1.447207e-08, elapsed = 548.1 sec
Step =   3652: nodes = 4230, dt = 3.141008e-12, time = 1.447521e-08, elapsed = 548.3 sec
Step =   3653: nodes = 4229, dt = 3.769210e-12, time = 1.447898e-08, elapsed = 548.4 sec
Step =   3654: nodes = 4231, dt = 2.261526e-12, time = 1.448124e-08, elapsed = 548.6 sec
Step =   3655: nodes = 4230, dt = 2.261526e-12, time = 1.448351e-08, elapsed = 548.7 sec
Step =   3656: nodes = 4231, dt = 2.713831e-12, time = 1.448622e-08, elapsed = 548.8 sec
Step =   3657: nodes = 4230, dt = 3.256597e-12, time = 1.448948e-08, elapsed = 548.9 sec
Step =   3658: nodes = 4231, dt = 3.907917e-12, time = 1.449338e-08, elapsed = 549.1 sec
Step =   3659: nodes = 4229, dt = 4.689500e-12, time = 1.449807e-08, elapsed = 549.3 sec
Step =   3660: nodes = 4229, dt = 5.627400e-12, time = 1.450370e-08, elapsed = 549.4 sec
Step =   3661: nodes = 4229, dt = 3.376440e-12, time = 1.450708e-08, elapsed = 549.6 sec
Step =   3662: nodes = 4230, dt = 3.376440e-12, time = 1.451045e-08, elapsed = 549.7 sec
Step =   3663: nodes = 4230, dt = 4.051728e-12, time = 1.451451e-08, elapsed = 549.9 sec
Step =   3664: nodes = 4231, dt = 4.862074e-12, time = 1.451937e-08, elapsed = 550.0 sec
Step =   3665: nodes = 4229, dt = 5.834489e-12, time = 1.452520e-08, elapsed = 550.2 sec
Step =   3666: nodes = 4230, dt = 3.500693e-12, time = 1.452870e-08, elapsed = 550.3 sec
Step =   3667: nodes = 4229, dt = 3.500693e-12, time = 1.453220e-08, elapsed = 550.4 sec
Step =   3668: nodes = 4229, dt = 4.200832e-12, time = 1.453640e-08, elapsed = 550.6 sec
Step =   3669: nodes = 4227, dt = 5.040998e-12, time = 1.454144e-08, elapsed = 550.7 sec
Step =   3670: nodes = 4229, dt = 3.024599e-12, time = 1.454447e-08, elapsed = 550.9 sec
Step =   3671: nodes = 4230, dt = 3.024599e-12, time = 1.454749e-08, elapsed = 551.1 sec
Step =   3672: nodes = 4230, dt = 3.629519e-12, time = 1.455112e-08, elapsed = 551.2 sec
Step =   3673: nodes = 4230, dt = 4.355422e-12, time = 1.455548e-08, elapsed = 551.3 sec
Step =   3674: nodes = 4226, dt = 5.226507e-12, time = 1.456071e-08, elapsed = 551.5 sec
Step =   3675: nodes = 4228, dt = 6.271808e-12, time = 1.456698e-08, elapsed = 551.6 sec
Step =   3676: nodes = 4229, dt = 3.763085e-12, time = 1.457074e-08, elapsed = 551.8 sec
Step =   3677: nodes = 4230, dt = 3.763085e-12, time = 1.457450e-08, elapsed = 551.9 sec
Step =   3678: nodes = 4230, dt = 4.515702e-12, time = 1.457902e-08, elapsed = 552.1 sec
Step =   3679: nodes = 4230, dt = 5.418842e-12, time = 1.458444e-08, elapsed = 552.2 sec
Step =   3680: nodes = 4230, dt = 3.251305e-12, time = 1.458769e-08, elapsed = 552.4 sec
Step =   3681: nodes = 4229, dt = 3.251305e-12, time = 1.459094e-08, elapsed = 552.5 sec
Step =   3682: nodes = 4231, dt = 3.901567e-12, time = 1.459484e-08, elapsed = 552.6 sec
Step =   3683: nodes = 4230, dt = 4.681880e-12, time = 1.459952e-08, elapsed = 552.8 sec
Step =   3684: nodes = 4229, dt = 5.618256e-12, time = 1.460514e-08, elapsed = 552.9 sec
Step =   3685: nodes = 4231, dt = 3.370953e-12, time = 1.460851e-08, elapsed = 553.1 sec
Step =   3686: nodes = 4233, dt = 3.370953e-12, time = 1.461188e-08, elapsed = 553.2 sec
Step =   3687: nodes = 4233, dt = 4.045144e-12, time = 1.461593e-08, elapsed = 553.4 sec
Step =   3688: nodes = 4233, dt = 4.854173e-12, time = 1.462078e-08, elapsed = 553.5 sec
Step =   3689: nodes = 4233, dt = 5.825008e-12, time = 1.462661e-08, elapsed = 553.6 sec
Step =   3690: nodes = 4232, dt = 3.495005e-12, time = 1.463010e-08, elapsed = 553.8 sec
Step =   3691: nodes = 4233, dt = 3.495005e-12, time = 1.463360e-08, elapsed = 554.0 sec
Step =   3692: nodes = 4233, dt = 4.194005e-12, time = 1.463779e-08, elapsed = 554.1 sec
Step =   3693: nodes = 4233, dt = 5.032807e-12, time = 1.464283e-08, elapsed = 554.2 sec
Step =   3694: nodes = 4232, dt = 6.039368e-12, time = 1.464886e-08, elapsed = 554.4 sec
Step =   3695: nodes = 4233, dt = 3.623621e-12, time = 1.465249e-08, elapsed = 554.6 sec
Step =   3696: nodes = 4233, dt = 3.623621e-12, time = 1.465611e-08, elapsed = 554.7 sec
Step =   3697: nodes = 4234, dt = 4.348345e-12, time = 1.466046e-08, elapsed = 554.8 sec
Step =   3698: nodes = 4233, dt = 5.218014e-12, time = 1.466568e-08, elapsed = 555.0 sec
Step =   3699: nodes = 4234, dt = 6.261617e-12, time = 1.467194e-08, elapsed = 555.1 sec
Step =   3700: nodes = 4233, dt = 3.756970e-12, time = 1.467570e-08, elapsed = 555.3 sec
Writing configuration in legacy data format
 Output file: /data/home/dg000246b/openDIS/inital_dislocation_structures/output_caseC_0.14%_seed12345/relax2/config.3700.data
Writing restart file
 Restart file: /data/home/dg000246b/openDIS/inital_dislocation_structures/output_caseC_0.14%_seed12345/relax2/restart.3700.exadis
Step =   3701: nodes = 4234, dt = 3.756970e-12, time = 1.467945e-08, elapsed = 555.4 sec
Step =   3702: nodes = 4233, dt = 4.508364e-12, time = 1.468396e-08, elapsed = 555.6 sec
Step =   3703: nodes = 4234, dt = 5.410037e-12, time = 1.468937e-08, elapsed = 555.7 sec
Step =   3704: nodes = 4235, dt = 3.246022e-12, time = 1.469262e-08, elapsed = 555.9 sec
Step =   3705: nodes = 4234, dt = 3.246022e-12, time = 1.469586e-08, elapsed = 556.1 sec
Step =   3706: nodes = 4233, dt = 3.895226e-12, time = 1.469976e-08, elapsed = 556.2 sec
Step =   3707: nodes = 4234, dt = 4.674272e-12, time = 1.470443e-08, elapsed = 556.4 sec
Step =   3708: nodes = 4235, dt = 5.609126e-12, time = 1.471004e-08, elapsed = 556.5 sec
Step =   3709: nodes = 4236, dt = 3.365476e-12, time = 1.471341e-08, elapsed = 556.7 sec
Step =   3710: nodes = 4236, dt = 3.365476e-12, time = 1.471677e-08, elapsed = 556.8 sec
Step =   3711: nodes = 4234, dt = 4.038571e-12, time = 1.472081e-08, elapsed = 556.9 sec
Step =   3712: nodes = 4234, dt = 4.846285e-12, time = 1.472566e-08, elapsed = 557.1 sec
Step =   3713: nodes = 4234, dt = 5.815542e-12, time = 1.473147e-08, elapsed = 557.3 sec
Step =   3714: nodes = 4234, dt = 3.489325e-12, time = 1.473496e-08, elapsed = 557.4 sec
Step =   3715: nodes = 4234, dt = 3.489325e-12, time = 1.473845e-08, elapsed = 557.6 sec
Step =   3716: nodes = 4235, dt = 4.187190e-12, time = 1.474264e-08, elapsed = 557.7 sec
Step =   3717: nodes = 4235, dt = 5.024628e-12, time = 1.474766e-08, elapsed = 557.8 sec
Step =   3718: nodes = 4235, dt = 3.014777e-12, time = 1.475068e-08, elapsed = 558.0 sec
Step =   3719: nodes = 4236, dt = 3.014777e-12, time = 1.475369e-08, elapsed = 558.1 sec
Step =   3720: nodes = 4235, dt = 3.617732e-12, time = 1.475731e-08, elapsed = 558.3 sec
Step =   3721: nodes = 4235, dt = 4.341279e-12, time = 1.476165e-08, elapsed = 558.4 sec
Step =   3722: nodes = 4234, dt = 5.209535e-12, time = 1.476686e-08, elapsed = 558.5 sec
Step =   3723: nodes = 4237, dt = 3.125721e-12, time = 1.476999e-08, elapsed = 558.7 sec
Step =   3724: nodes = 4234, dt = 3.125721e-12, time = 1.477311e-08, elapsed = 558.8 sec
Step =   3725: nodes = 4235, dt = 3.750865e-12, time = 1.477687e-08, elapsed = 559.0 sec
Step =   3726: nodes = 4235, dt = 4.501038e-12, time = 1.478137e-08, elapsed = 559.1 sec
Step =   3727: nodes = 4234, dt = 5.401245e-12, time = 1.478677e-08, elapsed = 559.3 sec
Step =   3728: nodes = 4234, dt = 3.240747e-12, time = 1.479001e-08, elapsed = 559.4 sec
Step =   3729: nodes = 4234, dt = 3.240747e-12, time = 1.479325e-08, elapsed = 559.6 sec
Step =   3730: nodes = 4232, dt = 3.888897e-12, time = 1.479714e-08, elapsed = 559.7 sec
Step =   3731: nodes = 4233, dt = 4.666676e-12, time = 1.480180e-08, elapsed = 559.9 sec
Step =   3732: nodes = 4233, dt = 5.600011e-12, time = 1.480740e-08, elapsed = 560.0 sec
Step =   3733: nodes = 4234, dt = 3.360007e-12, time = 1.481076e-08, elapsed = 560.2 sec
Step =   3734: nodes = 4234, dt = 3.360007e-12, time = 1.481412e-08, elapsed = 560.3 sec
Step =   3735: nodes = 4235, dt = 4.032008e-12, time = 1.481816e-08, elapsed = 560.5 sec
Step =   3736: nodes = 4232, dt = 4.838410e-12, time = 1.482300e-08, elapsed = 560.6 sec
Step =   3737: nodes = 4234, dt = 5.806092e-12, time = 1.482880e-08, elapsed = 560.7 sec
Step =   3738: nodes = 4235, dt = 3.483655e-12, time = 1.483228e-08, elapsed = 560.9 sec
Step =   3739: nodes = 4234, dt = 3.483655e-12, time = 1.483577e-08, elapsed = 561.0 sec
Step =   3740: nodes = 4235, dt = 4.180386e-12, time = 1.483995e-08, elapsed = 561.2 sec
Step =   3741: nodes = 4235, dt = 5.016463e-12, time = 1.484497e-08, elapsed = 561.3 sec
Step =   3742: nodes = 4234, dt = 3.009878e-12, time = 1.484798e-08, elapsed = 561.5 sec
Step =   3743: nodes = 4235, dt = 3.009878e-12, time = 1.485099e-08, elapsed = 561.6 sec
Step =   3744: nodes = 4235, dt = 3.611854e-12, time = 1.485460e-08, elapsed = 561.7 sec
Step =   3745: nodes = 4235, dt = 4.334224e-12, time = 1.485893e-08, elapsed = 561.8 sec
Step =   3746: nodes = 4235, dt = 5.201069e-12, time = 1.486413e-08, elapsed = 562.0 sec
Step =   3747: nodes = 4235, dt = 3.120641e-12, time = 1.486725e-08, elapsed = 562.1 sec
Step =   3748: nodes = 4234, dt = 3.120641e-12, time = 1.487037e-08, elapsed = 562.3 sec
Step =   3749: nodes = 4234, dt = 3.744770e-12, time = 1.487412e-08, elapsed = 562.4 sec
Step =   3750: nodes = 4233, dt = 4.493724e-12, time = 1.487861e-08, elapsed = 562.5 sec
Step =   3751: nodes = 4233, dt = 5.392468e-12, time = 1.488400e-08, elapsed = 562.7 sec
Step =   3752: nodes = 4237, dt = 3.235481e-12, time = 1.488724e-08, elapsed = 562.8 sec
Step =   3753: nodes = 4237, dt = 3.235481e-12, time = 1.489048e-08, elapsed = 563.0 sec
Step =   3754: nodes = 4238, dt = 3.882577e-12, time = 1.489436e-08, elapsed = 563.1 sec
Step =   3755: nodes = 4234, dt = 4.659093e-12, time = 1.489902e-08, elapsed = 563.3 sec
Step =   3756: nodes = 4237, dt = 5.590911e-12, time = 1.490461e-08, elapsed = 563.4 sec
Step =   3757: nodes = 4237, dt = 3.354547e-12, time = 1.490796e-08, elapsed = 563.6 sec
Step =   3758: nodes = 4237, dt = 3.354547e-12, time = 1.491132e-08, elapsed = 563.7 sec
Step =   3759: nodes = 4237, dt = 4.025456e-12, time = 1.491534e-08, elapsed = 563.9 sec
Step =   3760: nodes = 4236, dt = 4.830547e-12, time = 1.492017e-08, elapsed = 564.0 sec
Step =   3761: nodes = 4235, dt = 5.796657e-12, time = 1.492597e-08, elapsed = 564.1 sec
Step =   3762: nodes = 4235, dt = 3.477994e-12, time = 1.492945e-08, elapsed = 564.3 sec
Step =   3763: nodes = 4236, dt = 3.477994e-12, time = 1.493293e-08, elapsed = 564.4 sec
Step =   3764: nodes = 4235, dt = 4.173593e-12, time = 1.493710e-08, elapsed = 564.5 sec
Step =   3765: nodes = 4235, dt = 5.008311e-12, time = 1.494211e-08, elapsed = 564.7 sec
Step =   3766: nodes = 4237, dt = 3.004987e-12, time = 1.494511e-08, elapsed = 564.8 sec
Step =   3767: nodes = 4233, dt = 3.004987e-12, time = 1.494812e-08, elapsed = 564.9 sec
Step =   3768: nodes = 4236, dt = 3.605984e-12, time = 1.495172e-08, elapsed = 565.1 sec
Step =   3769: nodes = 4235, dt = 4.327181e-12, time = 1.495605e-08, elapsed = 565.2 sec
Step =   3770: nodes = 4234, dt = 5.192617e-12, time = 1.496124e-08, elapsed = 565.4 sec
Step =   3771: nodes = 4236, dt = 3.115570e-12, time = 1.496436e-08, elapsed = 565.5 sec
Step =   3772: nodes = 4235, dt = 3.115570e-12, time = 1.496747e-08, elapsed = 565.6 sec
Step =   3773: nodes = 4234, dt = 3.738684e-12, time = 1.497121e-08, elapsed = 565.8 sec
Step =   3774: nodes = 4236, dt = 4.486421e-12, time = 1.497570e-08, elapsed = 565.9 sec
Step =   3775: nodes = 4234, dt = 5.383706e-12, time = 1.498108e-08, elapsed = 566.1 sec
Step =   3776: nodes = 4235, dt = 3.230223e-12, time = 1.498431e-08, elapsed = 566.3 sec
Step =   3777: nodes = 4237, dt = 3.230223e-12, time = 1.498754e-08, elapsed = 566.4 sec
Step =   3778: nodes = 4237, dt = 3.876268e-12, time = 1.499142e-08, elapsed = 566.6 sec
Step =   3779: nodes = 4236, dt = 4.651522e-12, time = 1.499607e-08, elapsed = 566.7 sec
Step =   3780: nodes = 4234, dt = 5.581826e-12, time = 1.500165e-08, elapsed = 566.9 sec
Step =   3781: nodes = 4235, dt = 3.349096e-12, time = 1.500500e-08, elapsed = 567.0 sec
Step =   3782: nodes = 4236, dt = 3.349096e-12, time = 1.500835e-08, elapsed = 567.2 sec
Step =   3783: nodes = 4236, dt = 4.018915e-12, time = 1.501237e-08, elapsed = 567.3 sec
Step =   3784: nodes = 4235, dt = 4.822698e-12, time = 1.501719e-08, elapsed = 567.4 sec
Step =   3785: nodes = 4233, dt = 5.787237e-12, time = 1.502298e-08, elapsed = 567.6 sec
Step =   3786: nodes = 4234, dt = 3.472342e-12, time = 1.502645e-08, elapsed = 567.8 sec
Step =   3787: nodes = 4231, dt = 3.472342e-12, time = 1.502993e-08, elapsed = 567.9 sec
Step =   3788: nodes = 4233, dt = 4.166811e-12, time = 1.503409e-08, elapsed = 568.0 sec
Step =   3789: nodes = 4232, dt = 5.000173e-12, time = 1.503909e-08, elapsed = 568.2 sec
Step =   3790: nodes = 4234, dt = 6.000208e-12, time = 1.504509e-08, elapsed = 568.3 sec
Step =   3791: nodes = 4233, dt = 3.600125e-12, time = 1.504869e-08, elapsed = 568.5 sec
Step =   3792: nodes = 4234, dt = 3.600125e-12, time = 1.505229e-08, elapsed = 568.6 sec
Step =   3793: nodes = 4232, dt = 4.320149e-12, time = 1.505661e-08, elapsed = 568.8 sec
Step =   3794: nodes = 4234, dt = 5.184179e-12, time = 1.506180e-08, elapsed = 568.9 sec
Step =   3795: nodes = 4231, dt = 6.221015e-12, time = 1.506802e-08, elapsed = 569.1 sec
Step =   3796: nodes = 4234, dt = 3.732609e-12, time = 1.507175e-08, elapsed = 569.3 sec
Step =   3797: nodes = 4234, dt = 3.732609e-12, time = 1.507548e-08, elapsed = 569.4 sec
Step =   3798: nodes = 4232, dt = 4.479131e-12, time = 1.507996e-08, elapsed = 569.8 sec
Step =   3799: nodes = 4233, dt = 5.374957e-12, time = 1.508534e-08, elapsed = 569.9 sec
Step =   3800: nodes = 4233, dt = 3.224974e-12, time = 1.508856e-08, elapsed = 570.1 sec
Writing configuration in legacy data format
 Output file: /data/home/dg000246b/openDIS/inital_dislocation_structures/output_caseC_0.14%_seed12345/relax2/config.3800.data
Writing restart file
 Restart file: /data/home/dg000246b/openDIS/inital_dislocation_structures/output_caseC_0.14%_seed12345/relax2/restart.3800.exadis
Step =   3801: nodes = 4231, dt = 3.224974e-12, time = 1.509179e-08, elapsed = 570.3 sec
Step =   3802: nodes = 4231, dt = 3.869969e-12, time = 1.509566e-08, elapsed = 570.4 sec
Step =   3803: nodes = 4232, dt = 4.643963e-12, time = 1.510030e-08, elapsed = 570.6 sec
Step =   3804: nodes = 4235, dt = 5.572756e-12, time = 1.510587e-08, elapsed = 570.7 sec
Step =   3805: nodes = 4235, dt = 3.343653e-12, time = 1.510922e-08, elapsed = 570.9 sec
Step =   3806: nodes = 4233, dt = 3.343653e-12, time = 1.511256e-08, elapsed = 571.0 sec
Step =   3807: nodes = 4234, dt = 4.012384e-12, time = 1.511657e-08, elapsed = 571.1 sec
Step =   3808: nodes = 4233, dt = 4.814861e-12, time = 1.512139e-08, elapsed = 571.3 sec
Step =   3809: nodes = 4234, dt = 5.777833e-12, time = 1.512717e-08, elapsed = 571.4 sec
Step =   3810: nodes = 4233, dt = 3.466700e-12, time = 1.513063e-08, elapsed = 571.6 sec
Step =   3811: nodes = 4234, dt = 3.466700e-12, time = 1.513410e-08, elapsed = 571.7 sec
Step =   3812: nodes = 4234, dt = 4.160040e-12, time = 1.513826e-08, elapsed = 571.9 sec
Step =   3813: nodes = 4234, dt = 4.992048e-12, time = 1.514325e-08, elapsed = 572.0 sec
Step =   3814: nodes = 4235, dt = 5.990457e-12, time = 1.514924e-08, elapsed = 572.2 sec
Step =   3815: nodes = 4235, dt = 3.594274e-12, time = 1.515284e-08, elapsed = 572.3 sec
Step =   3816: nodes = 4236, dt = 3.594274e-12, time = 1.515643e-08, elapsed = 572.5 sec
Step =   3817: nodes = 4236, dt = 4.313129e-12, time = 1.516074e-08, elapsed = 572.6 sec
Step =   3818: nodes = 4238, dt = 5.175755e-12, time = 1.516592e-08, elapsed = 572.8 sec
Step =   3819: nodes = 4235, dt = 6.210906e-12, time = 1.517213e-08, elapsed = 572.9 sec
Step =   3820: nodes = 4237, dt = 3.726544e-12, time = 1.517586e-08, elapsed = 573.1 sec
Step =   3821: nodes = 4237, dt = 3.726544e-12, time = 1.517958e-08, elapsed = 573.2 sec
Step =   3822: nodes = 4238, dt = 4.471852e-12, time = 1.518406e-08, elapsed = 573.4 sec
Step =   3823: nodes = 4236, dt = 5.366223e-12, time = 1.518942e-08, elapsed = 573.5 sec
Step =   3824: nodes = 4234, dt = 6.439467e-12, time = 1.519586e-08, elapsed = 573.6 sec
Step =   3825: nodes = 4239, dt = 3.863680e-12, time = 1.519972e-08, elapsed = 573.8 sec
Step =   3826: nodes = 4239, dt = 3.863680e-12, time = 1.520359e-08, elapsed = 573.9 sec
Step =   3827: nodes = 4238, dt = 4.636417e-12, time = 1.520822e-08, elapsed = 574.1 sec
Step =   3828: nodes = 4239, dt = 5.563700e-12, time = 1.521379e-08, elapsed = 574.3 sec
Step =   3829: nodes = 4239, dt = 3.338220e-12, time = 1.521713e-08, elapsed = 574.4 sec
Step =   3830: nodes = 4238, dt = 3.338220e-12, time = 1.522047e-08, elapsed = 574.5 sec
Step =   3831: nodes = 4238, dt = 4.005864e-12, time = 1.522447e-08, elapsed = 574.7 sec
Step =   3832: nodes = 4238, dt = 4.807037e-12, time = 1.522928e-08, elapsed = 574.8 sec
Step =   3833: nodes = 4240, dt = 5.768444e-12, time = 1.523505e-08, elapsed = 575.0 sec
Step =   3834: nodes = 4240, dt = 3.461066e-12, time = 1.523851e-08, elapsed = 575.1 sec
Step =   3835: nodes = 4240, dt = 3.461066e-12, time = 1.524197e-08, elapsed = 575.3 sec
Step =   3836: nodes = 4241, dt = 4.153280e-12, time = 1.524612e-08, elapsed = 575.4 sec
Step =   3837: nodes = 4240, dt = 4.983936e-12, time = 1.525111e-08, elapsed = 575.6 sec
Step =   3838: nodes = 4241, dt = 5.980723e-12, time = 1.525709e-08, elapsed = 575.7 sec
Step =   3839: nodes = 4241, dt = 3.588434e-12, time = 1.526067e-08, elapsed = 575.9 sec
Step =   3840: nodes = 4241, dt = 3.588434e-12, time = 1.526426e-08, elapsed = 576.0 sec
Step =   3841: nodes = 4242, dt = 4.306120e-12, time = 1.526857e-08, elapsed = 576.2 sec
Step =   3842: nodes = 4243, dt = 5.167344e-12, time = 1.527374e-08, elapsed = 576.3 sec
Step =   3843: nodes = 4242, dt = 6.200813e-12, time = 1.527994e-08, elapsed = 576.5 sec
Step =   3844: nodes = 4243, dt = 3.720488e-12, time = 1.528366e-08, elapsed = 576.6 sec
Step =   3845: nodes = 4241, dt = 3.720488e-12, time = 1.528738e-08, elapsed = 576.7 sec
Step =   3846: nodes = 4243, dt = 4.464586e-12, time = 1.529184e-08, elapsed = 576.9 sec
Step =   3847: nodes = 4243, dt = 5.357503e-12, time = 1.529720e-08, elapsed = 577.0 sec
Step =   3848: nodes = 4243, dt = 3.214502e-12, time = 1.530042e-08, elapsed = 577.2 sec
Step =   3849: nodes = 4241, dt = 3.214502e-12, time = 1.530363e-08, elapsed = 577.3 sec
Step =   3850: nodes = 4242, dt = 3.857402e-12, time = 1.530749e-08, elapsed = 577.5 sec
Step =   3851: nodes = 4244, dt = 4.628882e-12, time = 1.531212e-08, elapsed = 577.6 sec
Step =   3852: nodes = 4244, dt = 5.554659e-12, time = 1.531767e-08, elapsed = 577.8 sec
Step =   3853: nodes = 4245, dt = 3.332795e-12, time = 1.532100e-08, elapsed = 577.9 sec
Step =   3854: nodes = 4244, dt = 3.332795e-12, time = 1.532434e-08, elapsed = 578.0 sec
Step =   3855: nodes = 4243, dt = 3.999354e-12, time = 1.532834e-08, elapsed = 578.2 sec
Step =   3856: nodes = 4243, dt = 4.799225e-12, time = 1.533313e-08, elapsed = 578.4 sec
Step =   3857: nodes = 4243, dt = 5.759070e-12, time = 1.533889e-08, elapsed = 578.5 sec
Step =   3858: nodes = 4244, dt = 3.455442e-12, time = 1.534235e-08, elapsed = 578.6 sec
Step =   3859: nodes = 4243, dt = 3.455442e-12, time = 1.534580e-08, elapsed = 578.8 sec
Step =   3860: nodes = 4243, dt = 2.073265e-12, time = 1.534788e-08, elapsed = 578.9 sec
Step =   3861: nodes = 4244, dt = 2.073265e-12, time = 1.534995e-08, elapsed = 579.0 sec
Step =   3862: nodes = 4243, dt = 2.487918e-12, time = 1.535244e-08, elapsed = 579.2 sec
Step =   3863: nodes = 4242, dt = 2.985502e-12, time = 1.535542e-08, elapsed = 579.3 sec
Step =   3864: nodes = 4244, dt = 3.582602e-12, time = 1.535901e-08, elapsed = 579.5 sec
Step =   3865: nodes = 4242, dt = 4.299123e-12, time = 1.536331e-08, elapsed = 579.6 sec
Step =   3866: nodes = 4243, dt = 5.158947e-12, time = 1.536847e-08, elapsed = 579.7 sec
Step =   3867: nodes = 4243, dt = 6.190737e-12, time = 1.537466e-08, elapsed = 579.9 sec
Step =   3868: nodes = 4242, dt = 7.428884e-12, time = 1.538208e-08, elapsed = 580.0 sec
Step =   3869: nodes = 4243, dt = 8.914661e-12, time = 1.539100e-08, elapsed = 580.2 sec
Step =   3870: nodes = 4245, dt = 2.674398e-12, time = 1.539367e-08, elapsed = 580.4 sec
Step =   3871: nodes = 4246, dt = 2.674398e-12, time = 1.539635e-08, elapsed = 580.5 sec
Step =   3872: nodes = 4245, dt = 3.209278e-12, time = 1.539956e-08, elapsed = 580.6 sec
Step =   3873: nodes = 4247, dt = 3.851134e-12, time = 1.540341e-08, elapsed = 580.7 sec
Step =   3874: nodes = 4248, dt = 4.621360e-12, time = 1.540803e-08, elapsed = 580.9 sec
Step =   3875: nodes = 4248, dt = 5.545632e-12, time = 1.541358e-08, elapsed = 581.0 sec
Step =   3876: nodes = 4246, dt = 6.654759e-12, time = 1.542023e-08, elapsed = 581.2 sec
Step =   3877: nodes = 4245, dt = 7.985711e-12, time = 1.542822e-08, elapsed = 581.3 sec
Step =   3878: nodes = 4246, dt = 9.582853e-12, time = 1.543780e-08, elapsed = 581.5 sec
Step =   3879: nodes = 4249, dt = 5.749712e-12, time = 1.544355e-08, elapsed = 581.6 sec
Step =   3880: nodes = 4248, dt = 5.749712e-12, time = 1.544930e-08, elapsed = 581.8 sec
Step =   3881: nodes = 4245, dt = 6.899654e-12, time = 1.545620e-08, elapsed = 581.9 sec
Step =   3882: nodes = 4247, dt = 8.279585e-12, time = 1.546448e-08, elapsed = 582.1 sec
Step =   3883: nodes = 4248, dt = 9.935502e-12, time = 1.547441e-08, elapsed = 582.3 sec
Step =   3884: nodes = 4248, dt = 1.192260e-11, time = 1.548634e-08, elapsed = 582.4 sec
Step =   3885: nodes = 4252, dt = 3.576781e-12, time = 1.548991e-08, elapsed = 582.6 sec
Step =   3886: nodes = 4251, dt = 3.576781e-12, time = 1.549349e-08, elapsed = 582.7 sec
Step =   3887: nodes = 4251, dt = 4.292137e-12, time = 1.549778e-08, elapsed = 582.8 sec
Step =   3888: nodes = 4251, dt = 5.150564e-12, time = 1.550293e-08, elapsed = 583.0 sec
Step =   3889: nodes = 4255, dt = 6.180677e-12, time = 1.550911e-08, elapsed = 583.1 sec
Step =   3890: nodes = 4251, dt = 3.708406e-12, time = 1.551282e-08, elapsed = 583.3 sec
Step =   3891: nodes = 4253, dt = 3.708406e-12, time = 1.551653e-08, elapsed = 583.4 sec
Step =   3892: nodes = 4254, dt = 4.450087e-12, time = 1.552098e-08, elapsed = 583.5 sec
Step =   3893: nodes = 4251, dt = 5.340105e-12, time = 1.552632e-08, elapsed = 583.7 sec
Step =   3894: nodes = 4252, dt = 6.408126e-12, time = 1.553273e-08, elapsed = 583.9 sec
Step =   3895: nodes = 4254, dt = 3.844876e-12, time = 1.553657e-08, elapsed = 584.0 sec
Step =   3896: nodes = 4252, dt = 3.844876e-12, time = 1.554042e-08, elapsed = 584.2 sec
Step =   3897: nodes = 4253, dt = 4.613851e-12, time = 1.554503e-08, elapsed = 584.3 sec
Step =   3898: nodes = 4254, dt = 5.536621e-12, time = 1.555057e-08, elapsed = 584.5 sec
Step =   3899: nodes = 4251, dt = 6.643945e-12, time = 1.555721e-08, elapsed = 584.7 sec
Step =   3900: nodes = 4252, dt = 3.986367e-12, time = 1.556120e-08, elapsed = 584.8 sec
Writing configuration in legacy data format
 Output file: /data/home/dg000246b/openDIS/inital_dislocation_structures/output_caseC_0.14%_seed12345/relax2/config.3900.data
Writing restart file
 Restart file: /data/home/dg000246b/openDIS/inital_dislocation_structures/output_caseC_0.14%_seed12345/relax2/restart.3900.exadis
Step =   3901: nodes = 4254, dt = 3.986367e-12, time = 1.556518e-08, elapsed = 585.0 sec
Step =   3902: nodes = 4253, dt = 4.783640e-12, time = 1.556997e-08, elapsed = 585.2 sec
Step =   3903: nodes = 4252, dt = 5.740368e-12, time = 1.557571e-08, elapsed = 585.3 sec
Step =   3904: nodes = 4253, dt = 3.444221e-12, time = 1.557915e-08, elapsed = 585.5 sec
Step =   3905: nodes = 4253, dt = 3.444221e-12, time = 1.558260e-08, elapsed = 585.6 sec
Step =   3906: nodes = 4252, dt = 4.133065e-12, time = 1.558673e-08, elapsed = 585.7 sec
Step =   3907: nodes = 4254, dt = 4.959678e-12, time = 1.559169e-08, elapsed = 585.9 sec
Step =   3908: nodes = 4254, dt = 5.951614e-12, time = 1.559764e-08, elapsed = 586.0 sec
Step =   3909: nodes = 4254, dt = 3.570968e-12, time = 1.560121e-08, elapsed = 586.2 sec
Step =   3910: nodes = 4255, dt = 3.570968e-12, time = 1.560478e-08, elapsed = 586.4 sec
Step =   3911: nodes = 4254, dt = 4.285162e-12, time = 1.560907e-08, elapsed = 586.5 sec
Step =   3912: nodes = 4255, dt = 5.142194e-12, time = 1.561421e-08, elapsed = 586.7 sec
Step =   3913: nodes = 4254, dt = 6.170633e-12, time = 1.562038e-08, elapsed = 586.8 sec
Step =   3914: nodes = 4254, dt = 3.702380e-12, time = 1.562408e-08, elapsed = 587.0 sec
Step =   3915: nodes = 4255, dt = 3.702380e-12, time = 1.562779e-08, elapsed = 587.1 sec
Step =   3916: nodes = 4252, dt = 4.442856e-12, time = 1.563223e-08, elapsed = 587.3 sec
Step =   3917: nodes = 4253, dt = 5.331427e-12, time = 1.563756e-08, elapsed = 587.4 sec
Step =   3918: nodes = 4254, dt = 6.397713e-12, time = 1.564396e-08, elapsed = 587.6 sec
Step =   3919: nodes = 4254, dt = 3.838628e-12, time = 1.564780e-08, elapsed = 587.8 sec
Step =   3920: nodes = 4254, dt = 3.838628e-12, time = 1.565164e-08, elapsed = 587.9 sec
Step =   3921: nodes = 4254, dt = 4.606353e-12, time = 1.565624e-08, elapsed = 588.0 sec
Step =   3922: nodes = 4254, dt = 5.527624e-12, time = 1.566177e-08, elapsed = 588.2 sec
Step =   3923: nodes = 4256, dt = 6.633149e-12, time = 1.566840e-08, elapsed = 588.3 sec
Step =   3924: nodes = 4256, dt = 3.979889e-12, time = 1.567238e-08, elapsed = 588.5 sec
Step =   3925: nodes = 4256, dt = 3.979889e-12, time = 1.567636e-08, elapsed = 588.6 sec
Step =   3926: nodes = 4256, dt = 4.775867e-12, time = 1.568114e-08, elapsed = 588.7 sec
Step =   3927: nodes = 4256, dt = 5.731040e-12, time = 1.568687e-08, elapsed = 588.9 sec
Step =   3928: nodes = 4256, dt = 3.438624e-12, time = 1.569031e-08, elapsed = 589.0 sec
Step =   3929: nodes = 4256, dt = 3.438624e-12, time = 1.569375e-08, elapsed = 589.2 sec
Step =   3930: nodes = 4257, dt = 4.126349e-12, time = 1.569787e-08, elapsed = 589.4 sec
Step =   3931: nodes = 4257, dt = 4.951619e-12, time = 1.570282e-08, elapsed = 589.5 sec
Step =   3932: nodes = 4255, dt = 5.941943e-12, time = 1.570877e-08, elapsed = 589.6 sec
Step =   3933: nodes = 4256, dt = 3.565166e-12, time = 1.571233e-08, elapsed = 589.8 sec
Step =   3934: nodes = 4257, dt = 3.565166e-12, time = 1.571590e-08, elapsed = 589.9 sec
Step =   3935: nodes = 4257, dt = 4.278199e-12, time = 1.572018e-08, elapsed = 590.1 sec
Step =   3936: nodes = 4258, dt = 5.133838e-12, time = 1.572531e-08, elapsed = 590.2 sec
Step =   3937: nodes = 4258, dt = 3.080303e-12, time = 1.572839e-08, elapsed = 590.4 sec
Step =   3938: nodes = 4256, dt = 3.080303e-12, time = 1.573147e-08, elapsed = 590.5 sec
Step =   3939: nodes = 4257, dt = 3.696364e-12, time = 1.573517e-08, elapsed = 590.6 sec
Step =   3940: nodes = 4257, dt = 4.435636e-12, time = 1.573960e-08, elapsed = 590.8 sec
Step =   3941: nodes = 4256, dt = 5.322764e-12, time = 1.574492e-08, elapsed = 590.9 sec
Step =   3942: nodes = 4254, dt = 3.193658e-12, time = 1.574812e-08, elapsed = 591.1 sec
Step =   3943: nodes = 4256, dt = 3.193658e-12, time = 1.575131e-08, elapsed = 591.2 sec
Step =   3944: nodes = 4255, dt = 3.832390e-12, time = 1.575514e-08, elapsed = 591.3 sec
Step =   3945: nodes = 4254, dt = 4.598868e-12, time = 1.575974e-08, elapsed = 591.5 sec
Step =   3946: nodes = 4253, dt = 5.518641e-12, time = 1.576526e-08, elapsed = 591.6 sec
Step =   3947: nodes = 4256, dt = 3.311185e-12, time = 1.576857e-08, elapsed = 591.8 sec
Step =   3948: nodes = 4256, dt = 3.311185e-12, time = 1.577188e-08, elapsed = 591.9 sec
Step =   3949: nodes = 4257, dt = 3.973422e-12, time = 1.577586e-08, elapsed = 592.1 sec
Step =   3950: nodes = 4257, dt = 4.768106e-12, time = 1.578063e-08, elapsed = 592.2 sec
Step =   3951: nodes = 4258, dt = 5.721727e-12, time = 1.578635e-08, elapsed = 592.4 sec
Step =   3952: nodes = 4257, dt = 3.433036e-12, time = 1.578978e-08, elapsed = 592.6 sec
Step =   3953: nodes = 4259, dt = 3.433036e-12, time = 1.579321e-08, elapsed = 592.7 sec
Step =   3954: nodes = 4259, dt = 4.119644e-12, time = 1.579733e-08, elapsed = 592.8 sec
Step =   3955: nodes = 4257, dt = 4.943572e-12, time = 1.580228e-08, elapsed = 592.9 sec
Step =   3956: nodes = 4256, dt = 5.932287e-12, time = 1.580821e-08, elapsed = 593.1 sec
Step =   3957: nodes = 4257, dt = 3.559372e-12, time = 1.581177e-08, elapsed = 593.2 sec
Step =   3958: nodes = 4256, dt = 3.559372e-12, time = 1.581533e-08, elapsed = 593.4 sec
Step =   3959: nodes = 4257, dt = 4.271247e-12, time = 1.581960e-08, elapsed = 593.5 sec
Step =   3960: nodes = 4258, dt = 5.125496e-12, time = 1.582472e-08, elapsed = 593.7 sec
Step =   3961: nodes = 4258, dt = 3.075298e-12, time = 1.582780e-08, elapsed = 593.8 sec
Step =   3962: nodes = 4257, dt = 3.075298e-12, time = 1.583087e-08, elapsed = 594.0 sec
Step =   3963: nodes = 4257, dt = 3.690357e-12, time = 1.583457e-08, elapsed = 594.1 sec
Step =   3964: nodes = 4259, dt = 4.428428e-12, time = 1.583899e-08, elapsed = 594.3 sec
Step =   3965: nodes = 4258, dt = 5.314114e-12, time = 1.584431e-08, elapsed = 594.4 sec
Step =   3966: nodes = 4259, dt = 3.188469e-12, time = 1.584750e-08, elapsed = 594.6 sec
Step =   3967: nodes = 4259, dt = 3.188469e-12, time = 1.585068e-08, elapsed = 594.7 sec
Step =   3968: nodes = 4257, dt = 3.826162e-12, time = 1.585451e-08, elapsed = 594.9 sec
Step =   3969: nodes = 4258, dt = 4.591395e-12, time = 1.585910e-08, elapsed = 595.0 sec
Step =   3970: nodes = 4257, dt = 5.509674e-12, time = 1.586461e-08, elapsed = 595.2 sec
Step =   3971: nodes = 4258, dt = 3.305804e-12, time = 1.586792e-08, elapsed = 595.3 sec
Step =   3972: nodes = 4256, dt = 3.305804e-12, time = 1.587122e-08, elapsed = 595.5 sec
Step =   3973: nodes = 4257, dt = 3.966965e-12, time = 1.587519e-08, elapsed = 595.6 sec
Step =   3974: nodes = 4254, dt = 4.760358e-12, time = 1.587995e-08, elapsed = 595.8 sec
Step =   3975: nodes = 4255, dt = 5.712430e-12, time = 1.588566e-08, elapsed = 595.9 sec
Step =   3976: nodes = 4256, dt = 3.427458e-12, time = 1.588909e-08, elapsed = 596.1 sec
Step =   3977: nodes = 4257, dt = 3.427458e-12, time = 1.589252e-08, elapsed = 596.2 sec
Step =   3978: nodes = 4255, dt = 4.112949e-12, time = 1.589663e-08, elapsed = 596.3 sec
Step =   3979: nodes = 4257, dt = 4.935539e-12, time = 1.590157e-08, elapsed = 596.5 sec
Step =   3980: nodes = 4257, dt = 2.961323e-12, time = 1.590453e-08, elapsed = 596.7 sec
Step =   3981: nodes = 4257, dt = 2.961323e-12, time = 1.590749e-08, elapsed = 596.8 sec
Step =   3982: nodes = 4257, dt = 3.553588e-12, time = 1.591104e-08, elapsed = 596.9 sec
Step =   3983: nodes = 4256, dt = 4.264306e-12, time = 1.591531e-08, elapsed = 597.1 sec
Step =   3984: nodes = 4257, dt = 5.117167e-12, time = 1.592042e-08, elapsed = 597.2 sec
Step =   3985: nodes = 4256, dt = 3.070300e-12, time = 1.592349e-08, elapsed = 597.4 sec
Step =   3986: nodes = 4257, dt = 3.070300e-12, time = 1.592656e-08, elapsed = 597.5 sec
Step =   3987: nodes = 4257, dt = 3.684360e-12, time = 1.593025e-08, elapsed = 597.7 sec
Step =   3988: nodes = 4256, dt = 4.421232e-12, time = 1.593467e-08, elapsed = 597.8 sec
Step =   3989: nodes = 4255, dt = 5.305479e-12, time = 1.593998e-08, elapsed = 598.0 sec
Step =   3990: nodes = 4256, dt = 3.183287e-12, time = 1.594316e-08, elapsed = 598.1 sec
Step =   3991: nodes = 4255, dt = 3.183287e-12, time = 1.594634e-08, elapsed = 598.3 sec
Step =   3992: nodes = 4256, dt = 3.819945e-12, time = 1.595016e-08, elapsed = 598.4 sec
Step =   3993: nodes = 4255, dt = 4.583934e-12, time = 1.595475e-08, elapsed = 598.6 sec
Step =   3994: nodes = 4257, dt = 2.750360e-12, time = 1.595750e-08, elapsed = 598.7 sec
Step =   3995: nodes = 4257, dt = 2.750360e-12, time = 1.596025e-08, elapsed = 598.9 sec
Step =   3996: nodes = 4256, dt = 3.300432e-12, time = 1.596355e-08, elapsed = 599.0 sec
Step =   3997: nodes = 4256, dt = 3.960519e-12, time = 1.596751e-08, elapsed = 599.2 sec
Step =   3998: nodes = 4259, dt = 4.752622e-12, time = 1.597226e-08, elapsed = 599.3 sec
Step =   3999: nodes = 4259, dt = 2.851573e-12, time = 1.597511e-08, elapsed = 599.6 sec
Step =   4000: nodes = 4259, dt = 2.851573e-12, time = 1.597796e-08, elapsed = 599.9 sec
Writing configuration in legacy data format
 Output file: /data/home/dg000246b/openDIS/inital_dislocation_structures/output_caseC_0.14%_seed12345/relax2/config.4000.data
Writing restart file
 Restart file: /data/home/dg000246b/openDIS/inital_dislocation_structures/output_caseC_0.14%_seed12345/relax2/restart.4000.exadis
Step =   4001: nodes = 4261, dt = 3.421888e-12, time = 1.598139e-08, elapsed = 600.1 sec
Step =   4002: nodes = 4260, dt = 4.106266e-12, time = 1.598549e-08, elapsed = 600.3 sec
Step =   4003: nodes = 4260, dt = 4.927519e-12, time = 1.599042e-08, elapsed = 600.4 sec
Step =   4004: nodes = 4260, dt = 2.956511e-12, time = 1.599338e-08, elapsed = 600.6 sec
Step =   4005: nodes = 4260, dt = 2.956511e-12, time = 1.599633e-08, elapsed = 600.8 sec
Step =   4006: nodes = 4260, dt = 3.547814e-12, time = 1.599988e-08, elapsed = 600.9 sec
Step =   4007: nodes = 4260, dt = 4.257376e-12, time = 1.600414e-08, elapsed = 601.1 sec
Step =   4008: nodes = 4260, dt = 5.108852e-12, time = 1.600925e-08, elapsed = 601.2 sec
Step =   4009: nodes = 4259, dt = 3.065311e-12, time = 1.601231e-08, elapsed = 601.4 sec
Step =   4010: nodes = 4260, dt = 3.065311e-12, time = 1.601538e-08, elapsed = 601.5 sec
Step =   4011: nodes = 4259, dt = 3.678373e-12, time = 1.601906e-08, elapsed = 601.6 sec
Step =   4012: nodes = 4261, dt = 4.414048e-12, time = 1.602347e-08, elapsed = 601.8 sec
Step =   4013: nodes = 4260, dt = 2.648429e-12, time = 1.602612e-08, elapsed = 602.0 sec
Step =   4014: nodes = 4260, dt = 2.648429e-12, time = 1.602877e-08, elapsed = 602.1 sec
Step =   4015: nodes = 4261, dt = 3.178114e-12, time = 1.603194e-08, elapsed = 602.2 sec
Step =   4016: nodes = 4261, dt = 3.813737e-12, time = 1.603576e-08, elapsed = 602.4 sec
Step =   4017: nodes = 4260, dt = 4.576485e-12, time = 1.604033e-08, elapsed = 602.5 sec
Step =   4018: nodes = 4261, dt = 5.491782e-12, time = 1.604583e-08, elapsed = 602.7 sec
Step =   4019: nodes = 4261, dt = 3.295069e-12, time = 1.604912e-08, elapsed = 602.8 sec
Step =   4020: nodes = 4261, dt = 3.295069e-12, time = 1.605242e-08, elapsed = 603.0 sec
Step =   4021: nodes = 4262, dt = 3.954083e-12, time = 1.605637e-08, elapsed = 603.1 sec
Step =   4022: nodes = 4262, dt = 4.744899e-12, time = 1.606112e-08, elapsed = 603.3 sec
Step =   4023: nodes = 4262, dt = 5.693879e-12, time = 1.606681e-08, elapsed = 603.4 sec
Step =   4024: nodes = 4263, dt = 3.416328e-12, time = 1.607023e-08, elapsed = 603.6 sec
Step =   4025: nodes = 4263, dt = 3.416328e-12, time = 1.607364e-08, elapsed = 603.7 sec
Step =   4026: nodes = 4262, dt = 4.099593e-12, time = 1.607774e-08, elapsed = 603.9 sec
Step =   4027: nodes = 4264, dt = 4.919512e-12, time = 1.608266e-08, elapsed = 604.0 sec
Step =   4028: nodes = 4263, dt = 5.903414e-12, time = 1.608856e-08, elapsed = 604.2 sec
Step =   4029: nodes = 4262, dt = 7.084097e-12, time = 1.609565e-08, elapsed = 604.3 sec
Step =   4030: nodes = 4264, dt = 4.250458e-12, time = 1.609990e-08, elapsed = 604.5 sec
Step =   4031: nodes = 4265, dt = 4.250458e-12, time = 1.610415e-08, elapsed = 604.6 sec
Step =   4032: nodes = 4261, dt = 5.100550e-12, time = 1.610925e-08, elapsed = 604.8 sec
Step =   4033: nodes = 4265, dt = 6.120660e-12, time = 1.611537e-08, elapsed = 605.0 sec
Step =   4034: nodes = 4264, dt = 3.672396e-12, time = 1.611904e-08, elapsed = 605.1 sec
Step =   4035: nodes = 4266, dt = 3.672396e-12, time = 1.612272e-08, elapsed = 605.3 sec
Step =   4036: nodes = 4267, dt = 4.406875e-12, time = 1.612712e-08, elapsed = 605.4 sec
Step =   4037: nodes = 4267, dt = 5.288250e-12, time = 1.613241e-08, elapsed = 605.5 sec
Step =   4038: nodes = 4271, dt = 6.345900e-12, time = 1.613876e-08, elapsed = 605.7 sec
Step =   4039: nodes = 4272, dt = 7.615080e-12, time = 1.614637e-08, elapsed = 605.8 sec
Step =   4040: nodes = 4275, dt = 9.138096e-12, time = 1.615551e-08, elapsed = 606.0 sec
Step =   4041: nodes = 4275, dt = 5.482858e-12, time = 1.616099e-08, elapsed = 606.2 sec
Step =   4042: nodes = 4275, dt = 5.482858e-12, time = 1.616648e-08, elapsed = 606.3 sec
Step =   4043: nodes = 4272, dt = 6.579429e-12, time = 1.617306e-08, elapsed = 606.4 sec
Step =   4044: nodes = 4272, dt = 7.895315e-12, time = 1.618095e-08, elapsed = 606.6 sec
Step =   4045: nodes = 4270, dt = 9.474378e-12, time = 1.619042e-08, elapsed = 606.8 sec
Step =   4046: nodes = 4276, dt = 5.684627e-12, time = 1.619611e-08, elapsed = 606.9 sec
Step =   4047: nodes = 4276, dt = 5.684627e-12, time = 1.620179e-08, elapsed = 607.1 sec
Step =   4048: nodes = 4276, dt = 3.410776e-12, time = 1.620520e-08, elapsed = 607.3 sec
Step =   4049: nodes = 4275, dt = 3.410776e-12, time = 1.620862e-08, elapsed = 607.4 sec
Step =   4050: nodes = 4276, dt = 4.092931e-12, time = 1.621271e-08, elapsed = 607.6 sec
Step =   4051: nodes = 4274, dt = 4.911517e-12, time = 1.621762e-08, elapsed = 607.7 sec
Step =   4052: nodes = 4276, dt = 5.893821e-12, time = 1.622351e-08, elapsed = 607.9 sec
Step =   4053: nodes = 4275, dt = 7.072585e-12, time = 1.623059e-08, elapsed = 608.0 sec
Step =   4054: nodes = 4275, dt = 8.487102e-12, time = 1.623907e-08, elapsed = 608.2 sec
Step =   4055: nodes = 4274, dt = 1.018452e-11, time = 1.624926e-08, elapsed = 608.3 sec
Step =   4056: nodes = 4275, dt = 6.110714e-12, time = 1.625537e-08, elapsed = 608.5 sec
Step =   4057: nodes = 4272, dt = 6.110714e-12, time = 1.626148e-08, elapsed = 608.7 sec
Step =   4058: nodes = 4276, dt = 7.332856e-12, time = 1.626881e-08, elapsed = 608.8 sec
Step =   4059: nodes = 4277, dt = 8.799427e-12, time = 1.627761e-08, elapsed = 609.0 sec
Step =   4060: nodes = 4276, dt = 1.055931e-11, time = 1.628817e-08, elapsed = 609.2 sec
Step =   4061: nodes = 4273, dt = 1.267118e-11, time = 1.630084e-08, elapsed = 609.4 sec
Step =   4062: nodes = 4277, dt = 3.801353e-12, time = 1.630464e-08, elapsed = 609.6 sec
Step =   4063: nodes = 4278, dt = 3.801353e-12, time = 1.630845e-08, elapsed = 609.7 sec
Step =   4064: nodes = 4278, dt = 4.561623e-12, time = 1.631301e-08, elapsed = 609.8 sec
Step =   4065: nodes = 4277, dt = 5.473948e-12, time = 1.631848e-08, elapsed = 610.0 sec
Step =   4066: nodes = 4277, dt = 6.568737e-12, time = 1.632505e-08, elapsed = 610.1 sec
Step =   4067: nodes = 4277, dt = 7.882485e-12, time = 1.633293e-08, elapsed = 610.3 sec
Step =   4068: nodes = 4278, dt = 4.729491e-12, time = 1.633766e-08, elapsed = 610.5 sec
Step =   4069: nodes = 4278, dt = 4.729491e-12, time = 1.634239e-08, elapsed = 610.6 sec
Step =   4070: nodes = 4279, dt = 5.675389e-12, time = 1.634807e-08, elapsed = 610.8 sec
Step =   4071: nodes = 4278, dt = 6.810467e-12, time = 1.635488e-08, elapsed = 610.9 sec
Step =   4072: nodes = 4279, dt = 4.086280e-12, time = 1.635896e-08, elapsed = 611.1 sec
Step =   4073: nodes = 4281, dt = 4.086280e-12, time = 1.636305e-08, elapsed = 611.3 sec
Step =   4074: nodes = 4281, dt = 4.903536e-12, time = 1.636795e-08, elapsed = 611.4 sec
Step =   4075: nodes = 4281, dt = 5.884243e-12, time = 1.637384e-08, elapsed = 611.6 sec
Step =   4076: nodes = 4282, dt = 7.061092e-12, time = 1.638090e-08, elapsed = 611.7 sec
Step =   4077: nodes = 4283, dt = 4.236655e-12, time = 1.638513e-08, elapsed = 611.9 sec
Step =   4078: nodes = 4281, dt = 4.236655e-12, time = 1.638937e-08, elapsed = 612.1 sec
Step =   4079: nodes = 4280, dt = 5.083986e-12, time = 1.639446e-08, elapsed = 612.2 sec
Step =   4080: nodes = 4281, dt = 6.100784e-12, time = 1.640056e-08, elapsed = 612.3 sec
Step =   4081: nodes = 4280, dt = 3.660470e-12, time = 1.640422e-08, elapsed = 612.5 sec
Step =   4082: nodes = 4282, dt = 3.660470e-12, time = 1.640788e-08, elapsed = 612.6 sec
Step =   4083: nodes = 4283, dt = 2.196282e-12, time = 1.641007e-08, elapsed = 612.8 sec
Step =   4084: nodes = 4283, dt = 2.196282e-12, time = 1.641227e-08, elapsed = 612.9 sec
Step =   4085: nodes = 4283, dt = 2.635539e-12, time = 1.641491e-08, elapsed = 613.0 sec
Step =   4086: nodes = 4283, dt = 3.162646e-12, time = 1.641807e-08, elapsed = 613.2 sec
Step =   4087: nodes = 4284, dt = 3.795175e-12, time = 1.642186e-08, elapsed = 613.3 sec
Step =   4088: nodes = 4284, dt = 2.277105e-12, time = 1.642414e-08, elapsed = 613.5 sec
Step =   4089: nodes = 4284, dt = 2.277105e-12, time = 1.642642e-08, elapsed = 613.6 sec
Step =   4090: nodes = 4283, dt = 2.732526e-12, time = 1.642915e-08, elapsed = 613.7 sec
Step =   4091: nodes = 4285, dt = 3.279032e-12, time = 1.643243e-08, elapsed = 613.9 sec
Step =   4092: nodes = 4285, dt = 3.934838e-12, time = 1.643636e-08, elapsed = 614.0 sec
Step =   4093: nodes = 4284, dt = 4.721806e-12, time = 1.644109e-08, elapsed = 614.2 sec
Step =   4094: nodes = 4285, dt = 2.833083e-12, time = 1.644392e-08, elapsed = 614.3 sec
Step =   4095: nodes = 4285, dt = 2.833083e-12, time = 1.644675e-08, elapsed = 614.5 sec
Step =   4096: nodes = 4284, dt = 3.399700e-12, time = 1.645015e-08, elapsed = 614.6 sec
Step =   4097: nodes = 4284, dt = 4.079640e-12, time = 1.645423e-08, elapsed = 614.8 sec
Step =   4098: nodes = 4282, dt = 4.895568e-12, time = 1.645913e-08, elapsed = 614.9 sec
Step =   4099: nodes = 4284, dt = 2.937341e-12, time = 1.646206e-08, elapsed = 615.0 sec
Step =   4100: nodes = 4282, dt = 2.937341e-12, time = 1.646500e-08, elapsed = 615.2 sec
Writing configuration in legacy data format
 Output file: /data/home/dg000246b/openDIS/inital_dislocation_structures/output_caseC_0.14%_seed12345/relax2/config.4100.data
Writing restart file
 Restart file: /data/home/dg000246b/openDIS/inital_dislocation_structures/output_caseC_0.14%_seed12345/relax2/restart.4100.exadis
Step =   4101: nodes = 4284, dt = 3.524809e-12, time = 1.646853e-08, elapsed = 615.4 sec
Step =   4102: nodes = 4283, dt = 4.229771e-12, time = 1.647276e-08, elapsed = 615.5 sec
Step =   4103: nodes = 4284, dt = 5.075725e-12, time = 1.647783e-08, elapsed = 615.6 sec
Step =   4104: nodes = 4284, dt = 3.045435e-12, time = 1.648088e-08, elapsed = 615.8 sec
Step =   4105: nodes = 4285, dt = 3.045435e-12, time = 1.648392e-08, elapsed = 615.9 sec
Step =   4106: nodes = 4284, dt = 3.654522e-12, time = 1.648758e-08, elapsed = 616.1 sec
Step =   4107: nodes = 4284, dt = 4.385426e-12, time = 1.649196e-08, elapsed = 616.2 sec
Step =   4108: nodes = 4285, dt = 5.262512e-12, time = 1.649722e-08, elapsed = 616.4 sec
Step =   4109: nodes = 4285, dt = 3.157507e-12, time = 1.650038e-08, elapsed = 616.6 sec
Step =   4110: nodes = 4285, dt = 3.157507e-12, time = 1.650354e-08, elapsed = 616.7 sec
Step =   4111: nodes = 4284, dt = 3.789008e-12, time = 1.650733e-08, elapsed = 616.8 sec
Step =   4112: nodes = 4285, dt = 4.546810e-12, time = 1.651188e-08, elapsed = 617.0 sec
Step =   4113: nodes = 4285, dt = 5.456172e-12, time = 1.651733e-08, elapsed = 617.1 sec
Step =   4114: nodes = 4285, dt = 3.273703e-12, time = 1.652061e-08, elapsed = 617.3 sec
Step =   4115: nodes = 4285, dt = 3.273703e-12, time = 1.652388e-08, elapsed = 617.4 sec
Step =   4116: nodes = 4286, dt = 3.928444e-12, time = 1.652781e-08, elapsed = 617.6 sec
Step =   4117: nodes = 4286, dt = 4.714133e-12, time = 1.653252e-08, elapsed = 617.7 sec
Step =   4118: nodes = 4288, dt = 5.656959e-12, time = 1.653818e-08, elapsed = 617.8 sec
Step =   4119: nodes = 4287, dt = 3.394175e-12, time = 1.654157e-08, elapsed = 618.0 sec
Step =   4120: nodes = 4287, dt = 3.394175e-12, time = 1.654497e-08, elapsed = 618.1 sec
Step =   4121: nodes = 4288, dt = 4.073011e-12, time = 1.654904e-08, elapsed = 618.3 sec
Step =   4122: nodes = 4288, dt = 4.887613e-12, time = 1.655393e-08, elapsed = 618.4 sec
Step =   4123: nodes = 4288, dt = 5.865135e-12, time = 1.655979e-08, elapsed = 618.5 sec
Step =   4124: nodes = 4287, dt = 3.519081e-12, time = 1.656331e-08, elapsed = 618.7 sec
Step =   4125: nodes = 4289, dt = 3.519081e-12, time = 1.656683e-08, elapsed = 618.8 sec
Step =   4126: nodes = 4287, dt = 4.222897e-12, time = 1.657105e-08, elapsed = 619.0 sec
Step =   4127: nodes = 4286, dt = 5.067477e-12, time = 1.657612e-08, elapsed = 619.2 sec
Step =   4128: nodes = 4285, dt = 3.040486e-12, time = 1.657916e-08, elapsed = 619.3 sec
Step =   4129: nodes = 4285, dt = 3.040486e-12, time = 1.658220e-08, elapsed = 619.4 sec
Step =   4130: nodes = 4286, dt = 3.648583e-12, time = 1.658585e-08, elapsed = 619.6 sec
Step =   4131: nodes = 4286, dt = 4.378300e-12, time = 1.659023e-08, elapsed = 619.7 sec
Step =   4132: nodes = 4286, dt = 5.253960e-12, time = 1.659548e-08, elapsed = 619.8 sec
Step =   4133: nodes = 4286, dt = 3.152376e-12, time = 1.659864e-08, elapsed = 620.0 sec
Step =   4134: nodes = 4285, dt = 3.152376e-12, time = 1.660179e-08, elapsed = 620.1 sec
Step =   4135: nodes = 4284, dt = 3.782851e-12, time = 1.660557e-08, elapsed = 620.3 sec
Step =   4136: nodes = 4285, dt = 4.539421e-12, time = 1.661011e-08, elapsed = 620.4 sec
Step =   4137: nodes = 4285, dt = 5.447306e-12, time = 1.661556e-08, elapsed = 620.6 sec
Step =   4138: nodes = 4284, dt = 3.268383e-12, time = 1.661883e-08, elapsed = 620.7 sec
Step =   4139: nodes = 4285, dt = 3.268383e-12, time = 1.662209e-08, elapsed = 620.9 sec
Step =   4140: nodes = 4285, dt = 3.922060e-12, time = 1.662602e-08, elapsed = 621.0 sec
Step =   4141: nodes = 4285, dt = 4.706472e-12, time = 1.663072e-08, elapsed = 621.1 sec
Step =   4142: nodes = 4285, dt = 5.647767e-12, time = 1.663637e-08, elapsed = 621.3 sec
Step =   4143: nodes = 4284, dt = 3.388660e-12, time = 1.663976e-08, elapsed = 621.5 sec
Step =   4144: nodes = 4282, dt = 3.388660e-12, time = 1.664315e-08, elapsed = 621.6 sec
Step =   4145: nodes = 4283, dt = 4.066392e-12, time = 1.664721e-08, elapsed = 621.8 sec
Step =   4146: nodes = 4284, dt = 4.879670e-12, time = 1.665209e-08, elapsed = 621.9 sec
Step =   4147: nodes = 4283, dt = 5.855604e-12, time = 1.665795e-08, elapsed = 622.0 sec
Step =   4148: nodes = 4283, dt = 3.513363e-12, time = 1.666146e-08, elapsed = 622.2 sec
Step =   4149: nodes = 4283, dt = 3.513363e-12, time = 1.666498e-08, elapsed = 622.3 sec
Step =   4150: nodes = 4282, dt = 4.216035e-12, time = 1.666919e-08, elapsed = 622.5 sec
Step =   4151: nodes = 4282, dt = 5.059242e-12, time = 1.667425e-08, elapsed = 622.6 sec
Step =   4152: nodes = 4281, dt = 6.071091e-12, time = 1.668032e-08, elapsed = 622.8 sec
Step =   4153: nodes = 4282, dt = 3.642654e-12, time = 1.668397e-08, elapsed = 623.0 sec
Step =   4154: nodes = 4281, dt = 3.642654e-12, time = 1.668761e-08, elapsed = 623.1 sec
Step =   4155: nodes = 4282, dt = 4.371185e-12, time = 1.669198e-08, elapsed = 623.2 sec
Step =   4156: nodes = 4281, dt = 5.245422e-12, time = 1.669722e-08, elapsed = 623.4 sec
Step =   4157: nodes = 4281, dt = 6.294507e-12, time = 1.670352e-08, elapsed = 623.5 sec
Step =   4158: nodes = 4282, dt = 3.776704e-12, time = 1.670730e-08, elapsed = 623.7 sec
Step =   4159: nodes = 4281, dt = 3.776704e-12, time = 1.671107e-08, elapsed = 623.8 sec
Step =   4160: nodes = 4282, dt = 4.532045e-12, time = 1.671560e-08, elapsed = 624.0 sec
Step =   4161: nodes = 4281, dt = 5.438454e-12, time = 1.672104e-08, elapsed = 624.1 sec
Step =   4162: nodes = 4283, dt = 3.263072e-12, time = 1.672431e-08, elapsed = 624.3 sec
Step =   4163: nodes = 4283, dt = 3.263072e-12, time = 1.672757e-08, elapsed = 624.4 sec
Step =   4164: nodes = 4284, dt = 3.915687e-12, time = 1.673148e-08, elapsed = 624.5 sec
Step =   4165: nodes = 4285, dt = 4.698824e-12, time = 1.673618e-08, elapsed = 624.7 sec
Step =   4166: nodes = 4284, dt = 5.638589e-12, time = 1.674182e-08, elapsed = 624.8 sec
Step =   4167: nodes = 4282, dt = 3.383153e-12, time = 1.674521e-08, elapsed = 625.0 sec
Step =   4168: nodes = 4283, dt = 3.383153e-12, time = 1.674859e-08, elapsed = 625.1 sec
Step =   4169: nodes = 4282, dt = 4.059784e-12, time = 1.675265e-08, elapsed = 625.2 sec
Step =   4170: nodes = 4282, dt = 4.871741e-12, time = 1.675752e-08, elapsed = 625.4 sec
Step =   4171: nodes = 4282, dt = 5.846089e-12, time = 1.676337e-08, elapsed = 625.5 sec
Step =   4172: nodes = 4283, dt = 3.507653e-12, time = 1.676687e-08, elapsed = 625.7 sec
Step =   4173: nodes = 4281, dt = 3.507653e-12, time = 1.677038e-08, elapsed = 625.8 sec
Step =   4174: nodes = 4282, dt = 4.209184e-12, time = 1.677459e-08, elapsed = 625.9 sec
Step =   4175: nodes = 4282, dt = 5.051021e-12, time = 1.677964e-08, elapsed = 626.1 sec
Step =   4176: nodes = 4282, dt = 6.061225e-12, time = 1.678570e-08, elapsed = 626.2 sec
Step =   4177: nodes = 4281, dt = 3.636735e-12, time = 1.678934e-08, elapsed = 626.4 sec
Step =   4178: nodes = 4282, dt = 3.636735e-12, time = 1.679298e-08, elapsed = 626.5 sec
Step =   4179: nodes = 4282, dt = 4.364082e-12, time = 1.679734e-08, elapsed = 626.6 sec
Step =   4180: nodes = 4282, dt = 5.236898e-12, time = 1.680258e-08, elapsed = 626.7 sec
Step =   4181: nodes = 4282, dt = 3.142139e-12, time = 1.680572e-08, elapsed = 626.9 sec
Step =   4182: nodes = 4280, dt = 3.142139e-12, time = 1.680886e-08, elapsed = 627.0 sec
Step =   4183: nodes = 4280, dt = 3.770567e-12, time = 1.681263e-08, elapsed = 627.1 sec
Step =   4184: nodes = 4279, dt = 4.524680e-12, time = 1.681716e-08, elapsed = 627.2 sec
Step =   4185: nodes = 4279, dt = 5.429616e-12, time = 1.682259e-08, elapsed = 627.4 sec
Step =   4186: nodes = 4280, dt = 3.257770e-12, time = 1.682584e-08, elapsed = 627.5 sec
Step =   4187: nodes = 4279, dt = 3.257770e-12, time = 1.682910e-08, elapsed = 627.7 sec
Step =   4188: nodes = 4280, dt = 3.909324e-12, time = 1.683301e-08, elapsed = 627.8 sec
Step =   4189: nodes = 4280, dt = 4.691188e-12, time = 1.683770e-08, elapsed = 627.9 sec
Step =   4190: nodes = 4278, dt = 5.629426e-12, time = 1.684333e-08, elapsed = 628.1 sec
Step =   4191: nodes = 4277, dt = 3.377656e-12, time = 1.684671e-08, elapsed = 628.2 sec
Step =   4192: nodes = 4279, dt = 3.377656e-12, time = 1.685009e-08, elapsed = 628.4 sec
Step =   4193: nodes = 4279, dt = 4.053187e-12, time = 1.685414e-08, elapsed = 628.5 sec
Step =   4194: nodes = 4279, dt = 4.863824e-12, time = 1.685900e-08, elapsed = 628.7 sec
Step =   4195: nodes = 4279, dt = 5.836589e-12, time = 1.686484e-08, elapsed = 628.8 sec
Step =   4196: nodes = 4281, dt = 3.501953e-12, time = 1.686834e-08, elapsed = 628.9 sec
Step =   4197: nodes = 4281, dt = 3.501953e-12, time = 1.687184e-08, elapsed = 629.1 sec
Step =   4198: nodes = 4281, dt = 4.202344e-12, time = 1.687605e-08, elapsed = 629.2 sec
Step =   4199: nodes = 4280, dt = 5.042813e-12, time = 1.688109e-08, elapsed = 629.4 sec
Step =   4200: nodes = 4281, dt = 3.025688e-12, time = 1.688412e-08, elapsed = 629.8 sec
Writing configuration in legacy data format
 Output file: /data/home/dg000246b/openDIS/inital_dislocation_structures/output_caseC_0.14%_seed12345/relax2/config.4200.data
Writing restart file
 Restart file: /data/home/dg000246b/openDIS/inital_dislocation_structures/output_caseC_0.14%_seed12345/relax2/restart.4200.exadis
Step =   4201: nodes = 4282, dt = 3.025688e-12, time = 1.688714e-08, elapsed = 630.0 sec
Step =   4202: nodes = 4282, dt = 3.630825e-12, time = 1.689077e-08, elapsed = 630.1 sec
Step =   4203: nodes = 4281, dt = 4.356990e-12, time = 1.689513e-08, elapsed = 630.3 sec
Step =   4204: nodes = 4281, dt = 5.228388e-12, time = 1.690036e-08, elapsed = 630.4 sec
Step =   4205: nodes = 4282, dt = 3.137033e-12, time = 1.690349e-08, elapsed = 630.6 sec
Step =   4206: nodes = 4283, dt = 3.137033e-12, time = 1.690663e-08, elapsed = 630.7 sec
Step =   4207: nodes = 4283, dt = 3.764440e-12, time = 1.691040e-08, elapsed = 630.8 sec
Step =   4208: nodes = 4283, dt = 4.517328e-12, time = 1.691491e-08, elapsed = 631.0 sec
Step =   4209: nodes = 4283, dt = 5.420793e-12, time = 1.692033e-08, elapsed = 631.1 sec
Step =   4210: nodes = 4283, dt = 3.252476e-12, time = 1.692359e-08, elapsed = 631.3 sec
Step =   4211: nodes = 4283, dt = 3.252476e-12, time = 1.692684e-08, elapsed = 631.4 sec
Step =   4212: nodes = 4283, dt = 3.902971e-12, time = 1.693074e-08, elapsed = 631.5 sec
Step =   4213: nodes = 4282, dt = 4.683565e-12, time = 1.693543e-08, elapsed = 631.7 sec
Step =   4214: nodes = 4282, dt = 5.620278e-12, time = 1.694105e-08, elapsed = 631.8 sec
Step =   4215: nodes = 4283, dt = 1.686083e-12, time = 1.694273e-08, elapsed = 632.0 sec
Step =   4216: nodes = 4282, dt = 1.686083e-12, time = 1.694442e-08, elapsed = 632.1 sec
Step =   4217: nodes = 4283, dt = 2.023300e-12, time = 1.694644e-08, elapsed = 632.2 sec
Step =   4218: nodes = 4283, dt = 2.427960e-12, time = 1.694887e-08, elapsed = 632.4 sec
Step =   4219: nodes = 4283, dt = 2.913552e-12, time = 1.695178e-08, elapsed = 632.5 sec
Step =   4220: nodes = 4283, dt = 3.496263e-12, time = 1.695528e-08, elapsed = 632.7 sec
Step =   4221: nodes = 4284, dt = 4.195515e-12, time = 1.695947e-08, elapsed = 632.8 sec
Step =   4222: nodes = 4282, dt = 5.034618e-12, time = 1.696451e-08, elapsed = 633.0 sec
Step =   4223: nodes = 4282, dt = 6.041542e-12, time = 1.697055e-08, elapsed = 633.1 sec
Step =   4224: nodes = 4284, dt = 1.812463e-12, time = 1.697236e-08, elapsed = 633.3 sec
Step =   4225: nodes = 4284, dt = 1.812463e-12, time = 1.697418e-08, elapsed = 633.5 sec
Step =   4226: nodes = 4285, dt = 2.174955e-12, time = 1.697635e-08, elapsed = 633.6 sec
Step =   4227: nodes = 4285, dt = 2.609946e-12, time = 1.697896e-08, elapsed = 633.7 sec
Step =   4228: nodes = 4283, dt = 3.131935e-12, time = 1.698209e-08, elapsed = 633.9 sec
Step =   4229: nodes = 4283, dt = 3.758322e-12, time = 1.698585e-08, elapsed = 634.0 sec
Step =   4230: nodes = 4284, dt = 4.509987e-12, time = 1.699036e-08, elapsed = 634.2 sec
Step =   4231: nodes = 4284, dt = 5.411984e-12, time = 1.699577e-08, elapsed = 634.3 sec
Step =   4232: nodes = 4285, dt = 6.494381e-12, time = 1.700227e-08, elapsed = 634.5 sec
Step =   4233: nodes = 4284, dt = 7.793257e-12, time = 1.701006e-08, elapsed = 634.6 sec
Step =   4234: nodes = 4286, dt = 9.351909e-12, time = 1.701941e-08, elapsed = 634.8 sec
Step =   4235: nodes = 4284, dt = 1.122229e-11, time = 1.703063e-08, elapsed = 635.0 sec
Step =   4236: nodes = 4284, dt = 1.346675e-11, time = 1.704410e-08, elapsed = 635.2 sec
Step =   4237: nodes = 4282, dt = 8.080049e-12, time = 1.705218e-08, elapsed = 635.4 sec
Step =   4238: nodes = 4288, dt = 8.080049e-12, time = 1.706026e-08, elapsed = 635.5 sec
Step =   4239: nodes = 4286, dt = 9.696059e-12, time = 1.706996e-08, elapsed = 635.8 sec
Step =   4240: nodes = 4284, dt = 5.817636e-12, time = 1.707578e-08, elapsed = 635.9 sec
Step =   4241: nodes = 4287, dt = 5.817636e-12, time = 1.708159e-08, elapsed = 636.1 sec
Step =   4242: nodes = 4286, dt = 6.981163e-12, time = 1.708857e-08, elapsed = 636.2 sec
Step =   4243: nodes = 4288, dt = 8.377395e-12, time = 1.709695e-08, elapsed = 636.4 sec
Step =   4244: nodes = 4289, dt = 5.026437e-12, time = 1.710198e-08, elapsed = 636.6 sec
Step =   4245: nodes = 4288, dt = 5.026437e-12, time = 1.710700e-08, elapsed = 636.7 sec
Step =   4246: nodes = 4287, dt = 6.031725e-12, time = 1.711304e-08, elapsed = 636.9 sec
Step =   4247: nodes = 4288, dt = 7.238069e-12, time = 1.712027e-08, elapsed = 637.0 sec
Step =   4248: nodes = 4291, dt = 4.342842e-12, time = 1.712462e-08, elapsed = 637.2 sec
Step =   4249: nodes = 4291, dt = 4.342842e-12, time = 1.712896e-08, elapsed = 637.3 sec
Step =   4250: nodes = 4289, dt = 5.211410e-12, time = 1.713417e-08, elapsed = 637.5 sec
Step =   4251: nodes = 4288, dt = 6.253692e-12, time = 1.714043e-08, elapsed = 637.6 sec
Step =   4252: nodes = 4288, dt = 3.752215e-12, time = 1.714418e-08, elapsed = 637.8 sec
Step =   4253: nodes = 4289, dt = 3.752215e-12, time = 1.714793e-08, elapsed = 637.9 sec
Step =   4254: nodes = 4289, dt = 4.502658e-12, time = 1.715243e-08, elapsed = 638.1 sec
Step =   4255: nodes = 4289, dt = 5.403190e-12, time = 1.715784e-08, elapsed = 638.2 sec
Step =   4256: nodes = 4287, dt = 6.483828e-12, time = 1.716432e-08, elapsed = 638.4 sec
Step =   4257: nodes = 4289, dt = 3.890297e-12, time = 1.716821e-08, elapsed = 638.5 sec
Step =   4258: nodes = 4289, dt = 3.890297e-12, time = 1.717210e-08, elapsed = 638.7 sec
Step =   4259: nodes = 4290, dt = 4.668356e-12, time = 1.717677e-08, elapsed = 638.8 sec
Step =   4260: nodes = 4291, dt = 5.602027e-12, time = 1.718237e-08, elapsed = 638.9 sec
Step =   4261: nodes = 4291, dt = 3.361216e-12, time = 1.718573e-08, elapsed = 639.1 sec
Step =   4262: nodes = 4291, dt = 3.361216e-12, time = 1.718909e-08, elapsed = 639.2 sec
Step =   4263: nodes = 4292, dt = 4.033460e-12, time = 1.719313e-08, elapsed = 639.4 sec
Step =   4264: nodes = 4291, dt = 4.840152e-12, time = 1.719797e-08, elapsed = 639.5 sec
Step =   4265: nodes = 4292, dt = 5.808182e-12, time = 1.720377e-08, elapsed = 639.7 sec
Step =   4266: nodes = 4293, dt = 3.484909e-12, time = 1.720726e-08, elapsed = 639.8 sec
Step =   4267: nodes = 4293, dt = 3.484909e-12, time = 1.721074e-08, elapsed = 639.9 sec
Step =   4268: nodes = 4293, dt = 4.181891e-12, time = 1.721493e-08, elapsed = 640.1 sec
Step =   4269: nodes = 4294, dt = 5.018269e-12, time = 1.721994e-08, elapsed = 640.2 sec
Step =   4270: nodes = 4294, dt = 3.010961e-12, time = 1.722296e-08, elapsed = 640.4 sec
Step =   4271: nodes = 4293, dt = 3.010961e-12, time = 1.722597e-08, elapsed = 640.5 sec
Step =   4272: nodes = 4291, dt = 3.613154e-12, time = 1.722958e-08, elapsed = 640.6 sec
Step =   4273: nodes = 4292, dt = 4.335785e-12, time = 1.723392e-08, elapsed = 640.8 sec
Step =   4274: nodes = 4292, dt = 5.202941e-12, time = 1.723912e-08, elapsed = 640.9 sec
Step =   4275: nodes = 4292, dt = 3.121765e-12, time = 1.724224e-08, elapsed = 641.1 sec
Step =   4276: nodes = 4293, dt = 3.121765e-12, time = 1.724536e-08, elapsed = 641.2 sec
Step =   4277: nodes = 4292, dt = 3.746118e-12, time = 1.724911e-08, elapsed = 641.4 sec
Step =   4278: nodes = 4292, dt = 4.495341e-12, time = 1.725360e-08, elapsed = 641.5 sec
Step =   4279: nodes = 4292, dt = 5.394410e-12, time = 1.725900e-08, elapsed = 641.7 sec
Step =   4280: nodes = 4294, dt = 3.236646e-12, time = 1.726223e-08, elapsed = 641.8 sec
Step =   4281: nodes = 4295, dt = 3.236646e-12, time = 1.726547e-08, elapsed = 641.9 sec
Step =   4282: nodes = 4294, dt = 3.883975e-12, time = 1.726935e-08, elapsed = 642.1 sec
Step =   4283: nodes = 4295, dt = 4.660770e-12, time = 1.727402e-08, elapsed = 642.2 sec
Step =   4284: nodes = 4295, dt = 5.592924e-12, time = 1.727961e-08, elapsed = 642.4 sec
Step =   4285: nodes = 4295, dt = 3.355754e-12, time = 1.728296e-08, elapsed = 642.5 sec
Step =   4286: nodes = 4293, dt = 3.355754e-12, time = 1.728632e-08, elapsed = 642.7 sec
Step =   4287: nodes = 4294, dt = 4.026905e-12, time = 1.729035e-08, elapsed = 642.8 sec
Step =   4288: nodes = 4295, dt = 4.832286e-12, time = 1.729518e-08, elapsed = 643.0 sec
Step =   4289: nodes = 4294, dt = 5.798744e-12, time = 1.730098e-08, elapsed = 643.1 sec
Step =   4290: nodes = 4295, dt = 3.479246e-12, time = 1.730446e-08, elapsed = 643.3 sec
Step =   4291: nodes = 4296, dt = 3.479246e-12, time = 1.730794e-08, elapsed = 643.4 sec
Step =   4292: nodes = 4295, dt = 4.175095e-12, time = 1.731211e-08, elapsed = 643.5 sec
Step =   4293: nodes = 4294, dt = 5.010114e-12, time = 1.731712e-08, elapsed = 643.7 sec
Step =   4294: nodes = 4293, dt = 6.012137e-12, time = 1.732313e-08, elapsed = 643.9 sec
Step =   4295: nodes = 4294, dt = 3.607282e-12, time = 1.732674e-08, elapsed = 644.0 sec
Step =   4296: nodes = 4292, dt = 3.607282e-12, time = 1.733035e-08, elapsed = 644.2 sec
Step =   4297: nodes = 4293, dt = 4.328739e-12, time = 1.733468e-08, elapsed = 644.3 sec
Step =   4298: nodes = 4294, dt = 5.194487e-12, time = 1.733987e-08, elapsed = 644.4 sec
Step =   4299: nodes = 4294, dt = 3.116692e-12, time = 1.734299e-08, elapsed = 644.6 sec
Step =   4300: nodes = 4292, dt = 3.116692e-12, time = 1.734610e-08, elapsed = 644.7 sec
Writing configuration in legacy data format
 Output file: /data/home/dg000246b/openDIS/inital_dislocation_structures/output_caseC_0.14%_seed12345/relax2/config.4300.data
Writing restart file
 Restart file: /data/home/dg000246b/openDIS/inital_dislocation_structures/output_caseC_0.14%_seed12345/relax2/restart.4300.exadis
Step =   4301: nodes = 4293, dt = 3.740030e-12, time = 1.734984e-08, elapsed = 644.9 sec
Step =   4302: nodes = 4293, dt = 4.488036e-12, time = 1.735433e-08, elapsed = 645.1 sec
Step =   4303: nodes = 4293, dt = 5.385644e-12, time = 1.735972e-08, elapsed = 645.2 sec
Step =   4304: nodes = 4293, dt = 3.231386e-12, time = 1.736295e-08, elapsed = 645.4 sec
Step =   4305: nodes = 4294, dt = 3.231386e-12, time = 1.736618e-08, elapsed = 645.5 sec
Step =   4306: nodes = 4292, dt = 3.877663e-12, time = 1.737006e-08, elapsed = 645.7 sec
Step =   4307: nodes = 4293, dt = 4.653196e-12, time = 1.737471e-08, elapsed = 645.8 sec
Step =   4308: nodes = 4293, dt = 5.583835e-12, time = 1.738030e-08, elapsed = 646.0 sec
Step =   4309: nodes = 4293, dt = 3.350301e-12, time = 1.738365e-08, elapsed = 646.1 sec
Step =   4310: nodes = 4293, dt = 3.350301e-12, time = 1.738700e-08, elapsed = 646.3 sec
Step =   4311: nodes = 4293, dt = 4.020362e-12, time = 1.739102e-08, elapsed = 646.5 sec
Step =   4312: nodes = 4290, dt = 4.824434e-12, time = 1.739584e-08, elapsed = 646.6 sec
Step =   4313: nodes = 4290, dt = 5.789321e-12, time = 1.740163e-08, elapsed = 646.7 sec
Step =   4314: nodes = 4291, dt = 1.736796e-12, time = 1.740337e-08, elapsed = 646.9 sec
Step =   4315: nodes = 4292, dt = 1.736796e-12, time = 1.740510e-08, elapsed = 647.1 sec
Step =   4316: nodes = 4292, dt = 2.084155e-12, time = 1.740719e-08, elapsed = 647.2 sec
Step =   4317: nodes = 4291, dt = 2.500986e-12, time = 1.740969e-08, elapsed = 647.3 sec
Step =   4318: nodes = 4292, dt = 3.001184e-12, time = 1.741269e-08, elapsed = 647.5 sec
Step =   4319: nodes = 4292, dt = 3.601421e-12, time = 1.741629e-08, elapsed = 647.6 sec
Step =   4320: nodes = 4292, dt = 2.160852e-12, time = 1.741845e-08, elapsed = 647.8 sec
Step =   4321: nodes = 4293, dt = 2.160852e-12, time = 1.742061e-08, elapsed = 647.9 sec
Step =   4322: nodes = 4292, dt = 2.593023e-12, time = 1.742321e-08, elapsed = 648.0 sec
Step =   4323: nodes = 4291, dt = 3.111627e-12, time = 1.742632e-08, elapsed = 648.1 sec
Step =   4324: nodes = 4291, dt = 3.733953e-12, time = 1.743005e-08, elapsed = 648.3 sec
Step =   4325: nodes = 4291, dt = 4.480743e-12, time = 1.743453e-08, elapsed = 648.4 sec
Step =   4326: nodes = 4293, dt = 2.688446e-12, time = 1.743722e-08, elapsed = 648.6 sec
Step =   4327: nodes = 4293, dt = 2.688446e-12, time = 1.743991e-08, elapsed = 648.7 sec
Step =   4328: nodes = 4293, dt = 3.226135e-12, time = 1.744314e-08, elapsed = 648.8 sec
Step =   4329: nodes = 4294, dt = 3.871362e-12, time = 1.744701e-08, elapsed = 649.0 sec
Step =   4330: nodes = 4293, dt = 4.645635e-12, time = 1.745165e-08, elapsed = 649.1 sec
Step =   4331: nodes = 4293, dt = 2.787381e-12, time = 1.745444e-08, elapsed = 649.3 sec
Step =   4332: nodes = 4293, dt = 2.787381e-12, time = 1.745723e-08, elapsed = 649.5 sec
Step =   4333: nodes = 4293, dt = 3.344857e-12, time = 1.746057e-08, elapsed = 649.6 sec
Step =   4334: nodes = 4293, dt = 4.013828e-12, time = 1.746459e-08, elapsed = 649.8 sec
Step =   4335: nodes = 4293, dt = 4.816594e-12, time = 1.746940e-08, elapsed = 649.9 sec
Step =   4336: nodes = 4292, dt = 2.889956e-12, time = 1.747229e-08, elapsed = 650.0 sec
Step =   4337: nodes = 4293, dt = 2.889956e-12, time = 1.747518e-08, elapsed = 650.2 sec
Step =   4338: nodes = 4293, dt = 3.467948e-12, time = 1.747865e-08, elapsed = 650.3 sec
Step =   4339: nodes = 4295, dt = 4.161537e-12, time = 1.748281e-08, elapsed = 650.5 sec
Step =   4340: nodes = 4293, dt = 4.993845e-12, time = 1.748781e-08, elapsed = 650.6 sec
Step =   4341: nodes = 4293, dt = 2.996307e-12, time = 1.749080e-08, elapsed = 650.8 sec
Step =   4342: nodes = 4292, dt = 2.996307e-12, time = 1.749380e-08, elapsed = 650.9 sec
Step =   4343: nodes = 4294, dt = 3.595568e-12, time = 1.749739e-08, elapsed = 651.1 sec
Step =   4344: nodes = 4294, dt = 4.314682e-12, time = 1.750171e-08, elapsed = 651.2 sec
Step =   4345: nodes = 4294, dt = 5.177618e-12, time = 1.750689e-08, elapsed = 651.3 sec
Step =   4346: nodes = 4294, dt = 3.106571e-12, time = 1.750999e-08, elapsed = 651.5 sec
Step =   4347: nodes = 4294, dt = 3.106571e-12, time = 1.751310e-08, elapsed = 651.6 sec
Step =   4348: nodes = 4294, dt = 3.727885e-12, time = 1.751683e-08, elapsed = 651.8 sec
Step =   4349: nodes = 4294, dt = 4.473462e-12, time = 1.752130e-08, elapsed = 651.9 sec
Step =   4350: nodes = 4294, dt = 2.684077e-12, time = 1.752399e-08, elapsed = 652.0 sec
Step =   4351: nodes = 4294, dt = 2.684077e-12, time = 1.752667e-08, elapsed = 652.1 sec
Step =   4352: nodes = 4294, dt = 3.220893e-12, time = 1.752989e-08, elapsed = 652.3 sec
Step =   4353: nodes = 4296, dt = 3.865071e-12, time = 1.753376e-08, elapsed = 652.4 sec
Step =   4354: nodes = 4297, dt = 4.638086e-12, time = 1.753839e-08, elapsed = 652.6 sec
Step =   4355: nodes = 4295, dt = 5.565703e-12, time = 1.754396e-08, elapsed = 652.7 sec
Step =   4356: nodes = 4297, dt = 3.339422e-12, time = 1.754730e-08, elapsed = 652.9 sec
Step =   4357: nodes = 4297, dt = 3.339422e-12, time = 1.755064e-08, elapsed = 653.0 sec
Step =   4358: nodes = 4297, dt = 4.007306e-12, time = 1.755465e-08, elapsed = 653.2 sec
Step =   4359: nodes = 4297, dt = 4.808767e-12, time = 1.755945e-08, elapsed = 653.3 sec
Step =   4360: nodes = 4297, dt = 5.770521e-12, time = 1.756522e-08, elapsed = 653.5 sec
Step =   4361: nodes = 4297, dt = 3.462312e-12, time = 1.756869e-08, elapsed = 653.7 sec
Step =   4362: nodes = 4296, dt = 3.462312e-12, time = 1.757215e-08, elapsed = 653.8 sec
Step =   4363: nodes = 4294, dt = 4.154775e-12, time = 1.757630e-08, elapsed = 653.9 sec
Step =   4364: nodes = 4296, dt = 4.985730e-12, time = 1.758129e-08, elapsed = 654.1 sec
Step =   4365: nodes = 4294, dt = 5.982876e-12, time = 1.758727e-08, elapsed = 654.2 sec
Step =   4366: nodes = 4295, dt = 3.589725e-12, time = 1.759086e-08, elapsed = 654.4 sec
Step =   4367: nodes = 4296, dt = 3.589725e-12, time = 1.759445e-08, elapsed = 654.5 sec
Step =   4368: nodes = 4294, dt = 4.307671e-12, time = 1.759876e-08, elapsed = 654.7 sec
Step =   4369: nodes = 4296, dt = 5.169205e-12, time = 1.760393e-08, elapsed = 654.9 sec
Step =   4370: nodes = 4297, dt = 6.203046e-12, time = 1.761013e-08, elapsed = 655.0 sec
Step =   4371: nodes = 4297, dt = 3.721827e-12, time = 1.761385e-08, elapsed = 655.2 sec
Step =   4372: nodes = 4297, dt = 3.721827e-12, time = 1.761758e-08, elapsed = 655.3 sec
Step =   4373: nodes = 4296, dt = 4.466193e-12, time = 1.762204e-08, elapsed = 655.5 sec
Step =   4374: nodes = 4298, dt = 5.359431e-12, time = 1.762740e-08, elapsed = 655.6 sec
Step =   4375: nodes = 4298, dt = 3.215659e-12, time = 1.763062e-08, elapsed = 655.8 sec
Step =   4376: nodes = 4298, dt = 3.215659e-12, time = 1.763383e-08, elapsed = 655.9 sec
Step =   4377: nodes = 4298, dt = 3.858791e-12, time = 1.763769e-08, elapsed = 656.1 sec
Step =   4378: nodes = 4296, dt = 4.630549e-12, time = 1.764232e-08, elapsed = 656.2 sec
Step =   4379: nodes = 4297, dt = 5.556658e-12, time = 1.764788e-08, elapsed = 656.4 sec
Step =   4380: nodes = 4296, dt = 3.333995e-12, time = 1.765121e-08, elapsed = 656.5 sec
Step =   4381: nodes = 4296, dt = 3.333995e-12, time = 1.765455e-08, elapsed = 656.7 sec
Step =   4382: nodes = 4295, dt = 4.000794e-12, time = 1.765855e-08, elapsed = 656.8 sec
Step =   4383: nodes = 4298, dt = 4.800953e-12, time = 1.766335e-08, elapsed = 657.0 sec
Step =   4384: nodes = 4297, dt = 5.761143e-12, time = 1.766911e-08, elapsed = 657.1 sec
Step =   4385: nodes = 4297, dt = 3.456686e-12, time = 1.767257e-08, elapsed = 657.3 sec
Step =   4386: nodes = 4299, dt = 3.456686e-12, time = 1.767602e-08, elapsed = 657.5 sec
Step =   4387: nodes = 4298, dt = 4.148023e-12, time = 1.768017e-08, elapsed = 657.6 sec
Step =   4388: nodes = 4298, dt = 4.977628e-12, time = 1.768515e-08, elapsed = 657.7 sec
Step =   4389: nodes = 4296, dt = 5.973154e-12, time = 1.769112e-08, elapsed = 657.9 sec
Step =   4390: nodes = 4297, dt = 3.583892e-12, time = 1.769471e-08, elapsed = 658.0 sec
Step =   4391: nodes = 4295, dt = 3.583892e-12, time = 1.769829e-08, elapsed = 658.2 sec
Step =   4392: nodes = 4296, dt = 4.300671e-12, time = 1.770259e-08, elapsed = 658.3 sec
Step =   4393: nodes = 4297, dt = 5.160805e-12, time = 1.770775e-08, elapsed = 658.5 sec
Step =   4394: nodes = 4298, dt = 3.096483e-12, time = 1.771085e-08, elapsed = 658.7 sec
Step =   4395: nodes = 4298, dt = 3.096483e-12, time = 1.771394e-08, elapsed = 658.8 sec
Step =   4396: nodes = 4298, dt = 3.715779e-12, time = 1.771766e-08, elapsed = 658.9 sec
Step =   4397: nodes = 4297, dt = 4.458935e-12, time = 1.772212e-08, elapsed = 659.1 sec
Step =   4398: nodes = 4298, dt = 5.350722e-12, time = 1.772747e-08, elapsed = 659.2 sec
Step =   4399: nodes = 4298, dt = 3.210433e-12, time = 1.773068e-08, elapsed = 659.4 sec
Step =   4400: nodes = 4299, dt = 3.210433e-12, time = 1.773389e-08, elapsed = 659.7 sec
Writing configuration in legacy data format
 Output file: /data/home/dg000246b/openDIS/inital_dislocation_structures/output_caseC_0.14%_seed12345/relax2/config.4400.data
Writing restart file
 Restart file: /data/home/dg000246b/openDIS/inital_dislocation_structures/output_caseC_0.14%_seed12345/relax2/restart.4400.exadis
Step =   4401: nodes = 4300, dt = 3.852520e-12, time = 1.773774e-08, elapsed = 660.0 sec
Step =   4402: nodes = 4300, dt = 4.623024e-12, time = 1.774237e-08, elapsed = 660.1 sec
Step =   4403: nodes = 4301, dt = 5.547629e-12, time = 1.774791e-08, elapsed = 660.2 sec
Step =   4404: nodes = 4301, dt = 3.328577e-12, time = 1.775124e-08, elapsed = 660.4 sec
Step =   4405: nodes = 4299, dt = 3.328577e-12, time = 1.775457e-08, elapsed = 660.5 sec
Step =   4406: nodes = 4299, dt = 3.994293e-12, time = 1.775857e-08, elapsed = 660.7 sec
Step =   4407: nodes = 4300, dt = 4.793151e-12, time = 1.776336e-08, elapsed = 660.8 sec
Step =   4408: nodes = 4301, dt = 5.751782e-12, time = 1.776911e-08, elapsed = 661.0 sec
Step =   4409: nodes = 4300, dt = 3.451069e-12, time = 1.777256e-08, elapsed = 661.2 sec
Step =   4410: nodes = 4300, dt = 3.451069e-12, time = 1.777601e-08, elapsed = 661.3 sec
Step =   4411: nodes = 4300, dt = 4.141283e-12, time = 1.778015e-08, elapsed = 661.5 sec
Step =   4412: nodes = 4301, dt = 4.969539e-12, time = 1.778512e-08, elapsed = 661.6 sec
Step =   4413: nodes = 4300, dt = 5.963447e-12, time = 1.779109e-08, elapsed = 661.7 sec
Step =   4414: nodes = 4301, dt = 3.578068e-12, time = 1.779466e-08, elapsed = 661.9 sec
Step =   4415: nodes = 4299, dt = 3.578068e-12, time = 1.779824e-08, elapsed = 662.1 sec
Step =   4416: nodes = 4301, dt = 4.293682e-12, time = 1.780254e-08, elapsed = 662.2 sec
Step =   4417: nodes = 4302, dt = 5.152418e-12, time = 1.780769e-08, elapsed = 662.3 sec
Step =   4418: nodes = 4302, dt = 6.182902e-12, time = 1.781387e-08, elapsed = 662.5 sec
Step =   4419: nodes = 4300, dt = 3.709741e-12, time = 1.781758e-08, elapsed = 662.7 sec
Step =   4420: nodes = 4299, dt = 3.709741e-12, time = 1.782129e-08, elapsed = 662.8 sec
Step =   4421: nodes = 4299, dt = 4.451689e-12, time = 1.782574e-08, elapsed = 662.9 sec
Step =   4422: nodes = 4300, dt = 5.342027e-12, time = 1.783108e-08, elapsed = 663.1 sec
Step =   4423: nodes = 4299, dt = 6.410433e-12, time = 1.783750e-08, elapsed = 663.2 sec
Step =   4424: nodes = 4301, dt = 3.846260e-12, time = 1.784134e-08, elapsed = 663.4 sec
Step =   4425: nodes = 4300, dt = 3.846260e-12, time = 1.784519e-08, elapsed = 663.6 sec
Step =   4426: nodes = 4299, dt = 4.615512e-12, time = 1.784980e-08, elapsed = 663.7 sec
Step =   4427: nodes = 4300, dt = 5.538614e-12, time = 1.785534e-08, elapsed = 663.8 sec
Step =   4428: nodes = 4300, dt = 6.646337e-12, time = 1.786199e-08, elapsed = 664.0 sec
Step =   4429: nodes = 4300, dt = 1.993901e-12, time = 1.786398e-08, elapsed = 664.2 sec
Step =   4430: nodes = 4301, dt = 1.993901e-12, time = 1.786598e-08, elapsed = 664.3 sec
Step =   4431: nodes = 4301, dt = 2.392681e-12, time = 1.786837e-08, elapsed = 664.5 sec
Step =   4432: nodes = 4301, dt = 2.871217e-12, time = 1.787124e-08, elapsed = 664.6 sec
Step =   4433: nodes = 4300, dt = 3.445461e-12, time = 1.787469e-08, elapsed = 664.7 sec
Step =   4434: nodes = 4300, dt = 4.134553e-12, time = 1.787882e-08, elapsed = 664.9 sec
Step =   4435: nodes = 4300, dt = 4.961464e-12, time = 1.788378e-08, elapsed = 665.0 sec
Step =   4436: nodes = 4297, dt = 5.953757e-12, time = 1.788974e-08, elapsed = 665.2 sec
Step =   4437: nodes = 4297, dt = 7.144508e-12, time = 1.789688e-08, elapsed = 665.3 sec
Step =   4438: nodes = 4298, dt = 8.573409e-12, time = 1.790545e-08, elapsed = 665.5 sec
Step =   4439: nodes = 4299, dt = 5.144046e-12, time = 1.791060e-08, elapsed = 665.7 sec
Step =   4440: nodes = 4298, dt = 2.572023e-12, time = 1.791317e-08, elapsed = 665.8 sec
Step =   4441: nodes = 4300, dt = 2.572023e-12, time = 1.791574e-08, elapsed = 666.0 sec
Step =   4442: nodes = 4300, dt = 3.086427e-12, time = 1.791883e-08, elapsed = 666.1 sec
Step =   4443: nodes = 4297, dt = 3.703713e-12, time = 1.792253e-08, elapsed = 666.3 sec
Step =   4444: nodes = 4299, dt = 4.444455e-12, time = 1.792698e-08, elapsed = 666.4 sec
Step =   4445: nodes = 4300, dt = 2.666673e-12, time = 1.792964e-08, elapsed = 666.6 sec
Step =   4446: nodes = 4300, dt = 2.666673e-12, time = 1.793231e-08, elapsed = 666.7 sec
Step =   4447: nodes = 4300, dt = 3.200008e-12, time = 1.793551e-08, elapsed = 666.8 sec
Step =   4448: nodes = 4300, dt = 3.840009e-12, time = 1.793935e-08, elapsed = 667.0 sec
Step =   4449: nodes = 4300, dt = 4.608011e-12, time = 1.794396e-08, elapsed = 667.1 sec
Step =   4450: nodes = 4300, dt = 2.764807e-12, time = 1.794672e-08, elapsed = 667.3 sec
Step =   4451: nodes = 4299, dt = 2.764807e-12, time = 1.794949e-08, elapsed = 667.4 sec
Step =   4452: nodes = 4299, dt = 3.317768e-12, time = 1.795280e-08, elapsed = 667.6 sec
Step =   4453: nodes = 4303, dt = 3.981322e-12, time = 1.795679e-08, elapsed = 667.7 sec
Step =   4454: nodes = 4300, dt = 4.777586e-12, time = 1.796156e-08, elapsed = 667.9 sec
Step =   4455: nodes = 4300, dt = 2.866552e-12, time = 1.796443e-08, elapsed = 668.0 sec
Step =   4456: nodes = 4301, dt = 2.866552e-12, time = 1.796730e-08, elapsed = 668.1 sec
Step =   4457: nodes = 4302, dt = 3.439862e-12, time = 1.797074e-08, elapsed = 668.3 sec
Step =   4458: nodes = 4301, dt = 4.127834e-12, time = 1.797486e-08, elapsed = 668.4 sec
Step =   4459: nodes = 4299, dt = 4.953401e-12, time = 1.797982e-08, elapsed = 668.6 sec
Step =   4460: nodes = 4300, dt = 2.972041e-12, time = 1.798279e-08, elapsed = 668.7 sec
Step =   4461: nodes = 4301, dt = 2.972041e-12, time = 1.798576e-08, elapsed = 668.9 sec
Step =   4462: nodes = 4301, dt = 3.566449e-12, time = 1.798933e-08, elapsed = 669.0 sec
Step =   4463: nodes = 4301, dt = 4.279739e-12, time = 1.799361e-08, elapsed = 669.1 sec
Step =   4464: nodes = 4301, dt = 5.135687e-12, time = 1.799874e-08, elapsed = 669.3 sec
Step =   4465: nodes = 4301, dt = 3.081412e-12, time = 1.800182e-08, elapsed = 669.4 sec
Step =   4466: nodes = 4301, dt = 3.081412e-12, time = 1.800491e-08, elapsed = 669.6 sec
Step =   4467: nodes = 4303, dt = 3.697694e-12, time = 1.800860e-08, elapsed = 669.7 sec
Step =   4468: nodes = 4303, dt = 4.437233e-12, time = 1.801304e-08, elapsed = 669.8 sec
Step =   4469: nodes = 4302, dt = 5.324680e-12, time = 1.801837e-08, elapsed = 670.0 sec
Step =   4470: nodes = 4303, dt = 3.194808e-12, time = 1.802156e-08, elapsed = 670.2 sec
Step =   4471: nodes = 4303, dt = 3.194808e-12, time = 1.802476e-08, elapsed = 670.3 sec
Step =   4472: nodes = 4303, dt = 3.833769e-12, time = 1.802859e-08, elapsed = 670.5 sec
Step =   4473: nodes = 4302, dt = 4.600523e-12, time = 1.803319e-08, elapsed = 670.6 sec
Step =   4474: nodes = 4302, dt = 5.520628e-12, time = 1.803871e-08, elapsed = 670.8 sec
Step =   4475: nodes = 4303, dt = 3.312377e-12, time = 1.804202e-08, elapsed = 670.9 sec
Step =   4476: nodes = 4302, dt = 3.312377e-12, time = 1.804534e-08, elapsed = 671.0 sec
Step =   4477: nodes = 4301, dt = 3.974852e-12, time = 1.804931e-08, elapsed = 671.2 sec
Step =   4478: nodes = 4302, dt = 4.769823e-12, time = 1.805408e-08, elapsed = 671.3 sec
Step =   4479: nodes = 4300, dt = 5.723787e-12, time = 1.805980e-08, elapsed = 671.5 sec
Step =   4480: nodes = 4301, dt = 3.434272e-12, time = 1.806324e-08, elapsed = 671.7 sec
Step =   4481: nodes = 4301, dt = 3.434272e-12, time = 1.806667e-08, elapsed = 671.8 sec
Step =   4482: nodes = 4300, dt = 4.121127e-12, time = 1.807079e-08, elapsed = 672.0 sec
Step =   4483: nodes = 4301, dt = 4.945352e-12, time = 1.807574e-08, elapsed = 672.1 sec
Step =   4484: nodes = 4299, dt = 5.934423e-12, time = 1.808167e-08, elapsed = 672.3 sec
Step =   4485: nodes = 4302, dt = 3.560654e-12, time = 1.808523e-08, elapsed = 672.4 sec
Step =   4486: nodes = 4302, dt = 3.560654e-12, time = 1.808879e-08, elapsed = 672.6 sec
Step =   4487: nodes = 4300, dt = 4.272784e-12, time = 1.809307e-08, elapsed = 672.7 sec
Step =   4488: nodes = 4301, dt = 5.127341e-12, time = 1.809819e-08, elapsed = 672.9 sec
Step =   4489: nodes = 4302, dt = 6.152809e-12, time = 1.810435e-08, elapsed = 673.0 sec
Step =   4490: nodes = 4303, dt = 3.691686e-12, time = 1.810804e-08, elapsed = 673.2 sec
Step =   4491: nodes = 4303, dt = 3.691686e-12, time = 1.811173e-08, elapsed = 673.3 sec
Step =   4492: nodes = 4303, dt = 4.430023e-12, time = 1.811616e-08, elapsed = 673.4 sec
Step =   4493: nodes = 4301, dt = 5.316027e-12, time = 1.812148e-08, elapsed = 673.6 sec
Step =   4494: nodes = 4302, dt = 3.189616e-12, time = 1.812467e-08, elapsed = 673.8 sec
Step =   4495: nodes = 4302, dt = 3.189616e-12, time = 1.812786e-08, elapsed = 673.9 sec
Step =   4496: nodes = 4301, dt = 3.827540e-12, time = 1.813168e-08, elapsed = 674.0 sec
Step =   4497: nodes = 4302, dt = 4.593047e-12, time = 1.813628e-08, elapsed = 674.1 sec
Step =   4498: nodes = 4300, dt = 5.511657e-12, time = 1.814179e-08, elapsed = 674.3 sec
Step =   4499: nodes = 4302, dt = 3.306994e-12, time = 1.814510e-08, elapsed = 674.4 sec
Step =   4500: nodes = 4300, dt = 3.306994e-12, time = 1.814840e-08, elapsed = 674.6 sec
Writing configuration in legacy data format
 Output file: /data/home/dg000246b/openDIS/inital_dislocation_structures/output_caseC_0.14%_seed12345/relax2/config.4500.data
Writing restart file
 Restart file: /data/home/dg000246b/openDIS/inital_dislocation_structures/output_caseC_0.14%_seed12345/relax2/restart.4500.exadis
Step =   4501: nodes = 4300, dt = 3.968393e-12, time = 1.815237e-08, elapsed = 674.7 sec
Step =   4502: nodes = 4301, dt = 4.762072e-12, time = 1.815713e-08, elapsed = 674.9 sec
Step =   4503: nodes = 4301, dt = 5.714486e-12, time = 1.816285e-08, elapsed = 675.0 sec
Step =   4504: nodes = 4301, dt = 3.428692e-12, time = 1.816628e-08, elapsed = 675.1 sec
Step =   4505: nodes = 4299, dt = 3.428692e-12, time = 1.816970e-08, elapsed = 675.3 sec
Step =   4506: nodes = 4300, dt = 4.114430e-12, time = 1.817382e-08, elapsed = 675.4 sec
Step =   4507: nodes = 4301, dt = 4.937316e-12, time = 1.817876e-08, elapsed = 675.6 sec
Step =   4508: nodes = 4300, dt = 5.924779e-12, time = 1.818468e-08, elapsed = 675.7 sec
Step =   4509: nodes = 4299, dt = 3.554867e-12, time = 1.818824e-08, elapsed = 675.9 sec
Step =   4510: nodes = 4300, dt = 3.554867e-12, time = 1.819179e-08, elapsed = 676.0 sec
Step =   4511: nodes = 4299, dt = 4.265841e-12, time = 1.819606e-08, elapsed = 676.2 sec
Step =   4512: nodes = 4299, dt = 5.119009e-12, time = 1.820118e-08, elapsed = 676.3 sec
Step =   4513: nodes = 4296, dt = 6.142811e-12, time = 1.820732e-08, elapsed = 676.5 sec
Step =   4514: nodes = 4299, dt = 3.685687e-12, time = 1.821100e-08, elapsed = 676.7 sec
Step =   4515: nodes = 4299, dt = 3.685687e-12, time = 1.821469e-08, elapsed = 676.8 sec
Step =   4516: nodes = 4298, dt = 4.422824e-12, time = 1.821911e-08, elapsed = 677.0 sec
Step =   4517: nodes = 4299, dt = 5.307389e-12, time = 1.822442e-08, elapsed = 677.1 sec
Step =   4518: nodes = 4298, dt = 3.184433e-12, time = 1.822760e-08, elapsed = 677.3 sec
Step =   4519: nodes = 4297, dt = 3.184433e-12, time = 1.823079e-08, elapsed = 677.4 sec
Step =   4520: nodes = 4295, dt = 3.821320e-12, time = 1.823461e-08, elapsed = 677.6 sec
Step =   4521: nodes = 4297, dt = 4.585584e-12, time = 1.823920e-08, elapsed = 677.7 sec
Step =   4522: nodes = 4295, dt = 5.502701e-12, time = 1.824470e-08, elapsed = 677.9 sec
Step =   4523: nodes = 4297, dt = 3.301620e-12, time = 1.824800e-08, elapsed = 678.0 sec
Step =   4524: nodes = 4296, dt = 3.301620e-12, time = 1.825130e-08, elapsed = 678.2 sec
Step =   4525: nodes = 4298, dt = 3.961944e-12, time = 1.825526e-08, elapsed = 678.3 sec
Step =   4526: nodes = 4298, dt = 4.754333e-12, time = 1.826002e-08, elapsed = 678.5 sec
Step =   4527: nodes = 4298, dt = 5.705200e-12, time = 1.826572e-08, elapsed = 678.7 sec
Step =   4528: nodes = 4298, dt = 3.423120e-12, time = 1.826915e-08, elapsed = 678.8 sec
Step =   4529: nodes = 4297, dt = 3.423120e-12, time = 1.827257e-08, elapsed = 679.0 sec
Step =   4530: nodes = 4300, dt = 4.107744e-12, time = 1.827668e-08, elapsed = 679.1 sec
Step =   4531: nodes = 4300, dt = 4.929293e-12, time = 1.828161e-08, elapsed = 679.3 sec
Step =   4532: nodes = 4299, dt = 5.915151e-12, time = 1.828752e-08, elapsed = 679.4 sec
Step =   4533: nodes = 4300, dt = 3.549091e-12, time = 1.829107e-08, elapsed = 679.6 sec
Step =   4534: nodes = 4300, dt = 3.549091e-12, time = 1.829462e-08, elapsed = 679.8 sec
Step =   4535: nodes = 4300, dt = 4.258909e-12, time = 1.829888e-08, elapsed = 679.9 sec
Step =   4536: nodes = 4297, dt = 5.110691e-12, time = 1.830399e-08, elapsed = 680.1 sec
Step =   4537: nodes = 4297, dt = 6.132829e-12, time = 1.831012e-08, elapsed = 680.2 sec
Step =   4538: nodes = 4299, dt = 3.679697e-12, time = 1.831380e-08, elapsed = 680.4 sec
Step =   4539: nodes = 4301, dt = 3.679697e-12, time = 1.831748e-08, elapsed = 680.5 sec
Step =   4540: nodes = 4301, dt = 4.415637e-12, time = 1.832190e-08, elapsed = 680.7 sec
Step =   4541: nodes = 4300, dt = 5.298764e-12, time = 1.832720e-08, elapsed = 680.8 sec
Step =   4542: nodes = 4298, dt = 3.179258e-12, time = 1.833038e-08, elapsed = 681.0 sec
Step =   4543: nodes = 4299, dt = 3.179258e-12, time = 1.833355e-08, elapsed = 681.1 sec
Step =   4544: nodes = 4300, dt = 3.815110e-12, time = 1.833737e-08, elapsed = 681.2 sec
Step =   4545: nodes = 4300, dt = 4.578132e-12, time = 1.834195e-08, elapsed = 681.4 sec
Step =   4546: nodes = 4299, dt = 5.493759e-12, time = 1.834744e-08, elapsed = 681.5 sec
Step =   4547: nodes = 4302, dt = 3.296255e-12, time = 1.835074e-08, elapsed = 681.7 sec
Step =   4548: nodes = 4303, dt = 3.296255e-12, time = 1.835403e-08, elapsed = 681.8 sec
Step =   4549: nodes = 4303, dt = 3.955506e-12, time = 1.835799e-08, elapsed = 681.9 sec
Step =   4550: nodes = 4302, dt = 4.746607e-12, time = 1.836274e-08, elapsed = 682.1 sec
Step =   4551: nodes = 4300, dt = 5.695929e-12, time = 1.836843e-08, elapsed = 682.2 sec
Step =   4552: nodes = 4300, dt = 3.417557e-12, time = 1.837185e-08, elapsed = 682.4 sec
Step =   4553: nodes = 4301, dt = 3.417557e-12, time = 1.837527e-08, elapsed = 682.5 sec
Step =   4554: nodes = 4301, dt = 4.101069e-12, time = 1.837937e-08, elapsed = 682.7 sec
Step =   4555: nodes = 4297, dt = 4.921283e-12, time = 1.838429e-08, elapsed = 682.8 sec
Step =   4556: nodes = 4299, dt = 5.905539e-12, time = 1.839020e-08, elapsed = 683.0 sec
Step =   4557: nodes = 4300, dt = 3.543323e-12, time = 1.839374e-08, elapsed = 683.2 sec
Step =   4558: nodes = 4299, dt = 3.543323e-12, time = 1.839728e-08, elapsed = 683.3 sec
Step =   4559: nodes = 4299, dt = 4.251988e-12, time = 1.840153e-08, elapsed = 683.4 sec
Step =   4560: nodes = 4298, dt = 5.102386e-12, time = 1.840664e-08, elapsed = 683.6 sec
Step =   4561: nodes = 4297, dt = 6.122863e-12, time = 1.841276e-08, elapsed = 683.8 sec
Step =   4562: nodes = 4298, dt = 3.673718e-12, time = 1.841643e-08, elapsed = 683.9 sec
Step =   4563: nodes = 4299, dt = 3.673718e-12, time = 1.842011e-08, elapsed = 684.0 sec
Step =   4564: nodes = 4298, dt = 4.408461e-12, time = 1.842451e-08, elapsed = 684.2 sec
Step =   4565: nodes = 4297, dt = 5.290154e-12, time = 1.842981e-08, elapsed = 684.3 sec
Step =   4566: nodes = 4297, dt = 3.174092e-12, time = 1.843298e-08, elapsed = 684.5 sec
Step =   4567: nodes = 4297, dt = 3.174092e-12, time = 1.843615e-08, elapsed = 684.6 sec
Step =   4568: nodes = 4298, dt = 3.808911e-12, time = 1.843996e-08, elapsed = 684.7 sec
Step =   4569: nodes = 4297, dt = 4.570693e-12, time = 1.844453e-08, elapsed = 684.9 sec
Step =   4570: nodes = 4297, dt = 5.484831e-12, time = 1.845002e-08, elapsed = 685.0 sec
Step =   4571: nodes = 4296, dt = 6.581798e-12, time = 1.845660e-08, elapsed = 685.2 sec
Step =   4572: nodes = 4296, dt = 3.949079e-12, time = 1.846055e-08, elapsed = 685.3 sec
Step =   4573: nodes = 4296, dt = 3.949079e-12, time = 1.846450e-08, elapsed = 685.4 sec
Step =   4574: nodes = 4296, dt = 4.738894e-12, time = 1.846924e-08, elapsed = 685.6 sec
Step =   4575: nodes = 4297, dt = 5.686673e-12, time = 1.847492e-08, elapsed = 685.7 sec
Step =   4576: nodes = 4296, dt = 3.412004e-12, time = 1.847834e-08, elapsed = 685.9 sec
Step =   4577: nodes = 4296, dt = 3.412004e-12, time = 1.848175e-08, elapsed = 686.0 sec
Step =   4578: nodes = 4297, dt = 4.094405e-12, time = 1.848584e-08, elapsed = 686.2 sec
Step =   4579: nodes = 4298, dt = 4.913286e-12, time = 1.849075e-08, elapsed = 686.3 sec
Step =   4580: nodes = 4295, dt = 5.895943e-12, time = 1.849665e-08, elapsed = 686.5 sec
Step =   4581: nodes = 4298, dt = 7.075131e-12, time = 1.850373e-08, elapsed = 686.6 sec
Step =   4582: nodes = 4298, dt = 4.245079e-12, time = 1.850797e-08, elapsed = 686.8 sec
Step =   4583: nodes = 4300, dt = 4.245079e-12, time = 1.851222e-08, elapsed = 686.9 sec
Step =   4584: nodes = 4297, dt = 5.094094e-12, time = 1.851731e-08, elapsed = 687.1 sec
Step =   4585: nodes = 4302, dt = 6.112913e-12, time = 1.852342e-08, elapsed = 687.2 sec
Step =   4586: nodes = 4301, dt = 3.667748e-12, time = 1.852709e-08, elapsed = 687.4 sec
Step =   4587: nodes = 4302, dt = 3.667748e-12, time = 1.853076e-08, elapsed = 687.5 sec
Step =   4588: nodes = 4303, dt = 4.401298e-12, time = 1.853516e-08, elapsed = 687.7 sec
Step =   4589: nodes = 4301, dt = 5.281557e-12, time = 1.854044e-08, elapsed = 687.8 sec
Step =   4590: nodes = 4302, dt = 6.337869e-12, time = 1.854678e-08, elapsed = 688.0 sec
Step =   4591: nodes = 4300, dt = 3.802721e-12, time = 1.855058e-08, elapsed = 688.1 sec
Step =   4592: nodes = 4301, dt = 3.802721e-12, time = 1.855438e-08, elapsed = 688.3 sec
Step =   4593: nodes = 4301, dt = 4.563265e-12, time = 1.855895e-08, elapsed = 688.4 sec
Step =   4594: nodes = 4301, dt = 2.737959e-12, time = 1.856169e-08, elapsed = 688.6 sec
Step =   4595: nodes = 4301, dt = 2.737959e-12, time = 1.856442e-08, elapsed = 688.7 sec
Step =   4596: nodes = 4297, dt = 3.285551e-12, time = 1.856771e-08, elapsed = 688.8 sec
Step =   4597: nodes = 4299, dt = 3.942661e-12, time = 1.857165e-08, elapsed = 689.0 sec
Step =   4598: nodes = 4300, dt = 4.731194e-12, time = 1.857638e-08, elapsed = 689.1 sec
Step =   4599: nodes = 4300, dt = 5.677432e-12, time = 1.858206e-08, elapsed = 689.3 sec
Step =   4600: nodes = 4300, dt = 3.406459e-12, time = 1.858547e-08, elapsed = 689.4 sec
Writing configuration in legacy data format
 Output file: /data/home/dg000246b/openDIS/inital_dislocation_structures/output_caseC_0.14%_seed12345/relax2/config.4600.data
Writing restart file
 Restart file: /data/home/dg000246b/openDIS/inital_dislocation_structures/output_caseC_0.14%_seed12345/relax2/restart.4600.exadis
Step =   4601: nodes = 4299, dt = 3.406459e-12, time = 1.858887e-08, elapsed = 689.7 sec
Step =   4602: nodes = 4299, dt = 4.087751e-12, time = 1.859296e-08, elapsed = 689.9 sec
Step =   4603: nodes = 4301, dt = 4.905301e-12, time = 1.859787e-08, elapsed = 690.3 sec
Step =   4604: nodes = 4300, dt = 5.886362e-12, time = 1.860375e-08, elapsed = 690.5 sec
Step =   4605: nodes = 4301, dt = 3.531817e-12, time = 1.860729e-08, elapsed = 690.7 sec
Step =   4606: nodes = 4300, dt = 3.531817e-12, time = 1.861082e-08, elapsed = 690.8 sec
Step =   4607: nodes = 4300, dt = 4.238180e-12, time = 1.861506e-08, elapsed = 691.0 sec
Step =   4608: nodes = 4301, dt = 5.085817e-12, time = 1.862014e-08, elapsed = 691.1 sec
Step =   4609: nodes = 4301, dt = 6.102980e-12, time = 1.862624e-08, elapsed = 691.2 sec
Step =   4610: nodes = 4297, dt = 3.661788e-12, time = 1.862991e-08, elapsed = 691.4 sec
Step =   4611: nodes = 4298, dt = 3.661788e-12, time = 1.863357e-08, elapsed = 691.6 sec
Step =   4612: nodes = 4298, dt = 4.394145e-12, time = 1.863796e-08, elapsed = 691.7 sec
Step =   4613: nodes = 4297, dt = 5.272975e-12, time = 1.864323e-08, elapsed = 691.9 sec
Step =   4614: nodes = 4297, dt = 3.163785e-12, time = 1.864640e-08, elapsed = 692.0 sec
Step =   4615: nodes = 4297, dt = 3.163785e-12, time = 1.864956e-08, elapsed = 692.1 sec
Step =   4616: nodes = 4297, dt = 3.796542e-12, time = 1.865336e-08, elapsed = 692.3 sec
Step =   4617: nodes = 4297, dt = 4.555850e-12, time = 1.865791e-08, elapsed = 692.4 sec
Step =   4618: nodes = 4296, dt = 5.467020e-12, time = 1.866338e-08, elapsed = 692.6 sec
Step =   4619: nodes = 4299, dt = 3.280212e-12, time = 1.866666e-08, elapsed = 692.7 sec
Step =   4620: nodes = 4297, dt = 3.280212e-12, time = 1.866994e-08, elapsed = 692.9 sec
Step =   4621: nodes = 4298, dt = 3.936254e-12, time = 1.867388e-08, elapsed = 693.0 sec
Step =   4622: nodes = 4297, dt = 4.723505e-12, time = 1.867860e-08, elapsed = 693.2 sec
Step =   4623: nodes = 4298, dt = 5.668206e-12, time = 1.868427e-08, elapsed = 693.3 sec
Step =   4624: nodes = 4297, dt = 3.400924e-12, time = 1.868767e-08, elapsed = 693.5 sec
Step =   4625: nodes = 4298, dt = 3.400924e-12, time = 1.869107e-08, elapsed = 693.7 sec
Step =   4626: nodes = 4298, dt = 4.081109e-12, time = 1.869515e-08, elapsed = 693.8 sec
Step =   4627: nodes = 4298, dt = 4.897330e-12, time = 1.870005e-08, elapsed = 693.9 sec
Step =   4628: nodes = 4296, dt = 5.876796e-12, time = 1.870593e-08, elapsed = 694.1 sec
Step =   4629: nodes = 4298, dt = 3.526078e-12, time = 1.870945e-08, elapsed = 694.2 sec
Step =   4630: nodes = 4298, dt = 3.526078e-12, time = 1.871298e-08, elapsed = 694.3 sec
Step =   4631: nodes = 4295, dt = 4.231293e-12, time = 1.871721e-08, elapsed = 694.5 sec
Step =   4632: nodes = 4297, dt = 5.077552e-12, time = 1.872229e-08, elapsed = 694.7 sec
Step =   4633: nodes = 4294, dt = 6.093062e-12, time = 1.872838e-08, elapsed = 694.8 sec
Step =   4634: nodes = 4296, dt = 3.655837e-12, time = 1.873204e-08, elapsed = 695.0 sec
Step =   4635: nodes = 4295, dt = 3.655837e-12, time = 1.873569e-08, elapsed = 695.1 sec
Step =   4636: nodes = 4294, dt = 4.387005e-12, time = 1.874008e-08, elapsed = 695.3 sec
Step =   4637: nodes = 4294, dt = 5.264406e-12, time = 1.874534e-08, elapsed = 695.4 sec
Step =   4638: nodes = 4294, dt = 6.317287e-12, time = 1.875166e-08, elapsed = 695.6 sec
Step =   4639: nodes = 4295, dt = 3.790372e-12, time = 1.875545e-08, elapsed = 695.7 sec
Step =   4640: nodes = 4294, dt = 3.790372e-12, time = 1.875924e-08, elapsed = 695.9 sec
Step =   4641: nodes = 4294, dt = 4.548447e-12, time = 1.876379e-08, elapsed = 696.0 sec
Step =   4642: nodes = 4293, dt = 5.458136e-12, time = 1.876925e-08, elapsed = 696.1 sec
Step =   4643: nodes = 4293, dt = 3.274882e-12, time = 1.877252e-08, elapsed = 696.3 sec
Step =   4644: nodes = 4293, dt = 3.274882e-12, time = 1.877580e-08, elapsed = 696.4 sec
Step =   4645: nodes = 4294, dt = 3.929858e-12, time = 1.877973e-08, elapsed = 696.6 sec
Step =   4646: nodes = 4293, dt = 4.715830e-12, time = 1.878444e-08, elapsed = 696.7 sec
Step =   4647: nodes = 4295, dt = 5.658996e-12, time = 1.879010e-08, elapsed = 696.9 sec
Step =   4648: nodes = 4296, dt = 3.395397e-12, time = 1.879350e-08, elapsed = 697.0 sec
Step =   4649: nodes = 4295, dt = 3.395397e-12, time = 1.879689e-08, elapsed = 697.2 sec
Step =   4650: nodes = 4297, dt = 4.074477e-12, time = 1.880097e-08, elapsed = 697.3 sec
Step =   4651: nodes = 4296, dt = 4.889372e-12, time = 1.880586e-08, elapsed = 697.5 sec
Step =   4652: nodes = 4295, dt = 5.867247e-12, time = 1.881173e-08, elapsed = 697.6 sec
Step =   4653: nodes = 4297, dt = 3.520348e-12, time = 1.881525e-08, elapsed = 697.8 sec
Step =   4654: nodes = 4297, dt = 3.520348e-12, time = 1.881877e-08, elapsed = 698.0 sec
Step =   4655: nodes = 4295, dt = 4.224418e-12, time = 1.882299e-08, elapsed = 698.1 sec
Step =   4656: nodes = 4294, dt = 5.069301e-12, time = 1.882806e-08, elapsed = 698.2 sec
Step =   4657: nodes = 4292, dt = 6.083161e-12, time = 1.883414e-08, elapsed = 698.4 sec
Step =   4658: nodes = 4293, dt = 3.649897e-12, time = 1.883779e-08, elapsed = 698.6 sec
Step =   4659: nodes = 4293, dt = 3.649897e-12, time = 1.884144e-08, elapsed = 698.7 sec
Step =   4660: nodes = 4295, dt = 4.379876e-12, time = 1.884582e-08, elapsed = 698.9 sec
Step =   4661: nodes = 4291, dt = 5.255851e-12, time = 1.885108e-08, elapsed = 699.0 sec
Step =   4662: nodes = 4290, dt = 6.307022e-12, time = 1.885739e-08, elapsed = 699.2 sec
Step =   4663: nodes = 4292, dt = 3.784213e-12, time = 1.886117e-08, elapsed = 699.4 sec
Step =   4664: nodes = 4291, dt = 1.892106e-12, time = 1.886306e-08, elapsed = 699.5 sec
Step =   4665: nodes = 4291, dt = 9.460532e-13, time = 1.886401e-08, elapsed = 699.7 sec
Step =   4666: nodes = 4290, dt = 9.460532e-13, time = 1.886495e-08, elapsed = 699.8 sec
Step =   4667: nodes = 4290, dt = 1.135264e-12, time = 1.886609e-08, elapsed = 699.9 sec
Step =   4668: nodes = 4290, dt = 1.362317e-12, time = 1.886745e-08, elapsed = 700.0 sec
Step =   4669: nodes = 4290, dt = 1.634780e-12, time = 1.886909e-08, elapsed = 700.1 sec
Step =   4670: nodes = 4290, dt = 1.961736e-12, time = 1.887105e-08, elapsed = 700.2 sec
Step =   4671: nodes = 4290, dt = 2.354083e-12, time = 1.887340e-08, elapsed = 700.3 sec
Step =   4672: nodes = 4290, dt = 2.824900e-12, time = 1.887623e-08, elapsed = 700.5 sec
Step =   4673: nodes = 4290, dt = 3.389880e-12, time = 1.887962e-08, elapsed = 700.6 sec
Step =   4674: nodes = 4291, dt = 4.067856e-12, time = 1.888368e-08, elapsed = 700.8 sec
Step =   4675: nodes = 4292, dt = 4.881427e-12, time = 1.888857e-08, elapsed = 700.9 sec
Step =   4676: nodes = 4292, dt = 5.857712e-12, time = 1.889442e-08, elapsed = 701.0 sec
Step =   4677: nodes = 4289, dt = 7.029255e-12, time = 1.890145e-08, elapsed = 701.2 sec
Step =   4678: nodes = 4292, dt = 8.435106e-12, time = 1.890989e-08, elapsed = 701.4 sec
Step =   4679: nodes = 4287, dt = 1.012213e-11, time = 1.892001e-08, elapsed = 701.6 sec
Step =   4680: nodes = 4293, dt = 6.073276e-12, time = 1.892608e-08, elapsed = 701.8 sec
Step =   4681: nodes = 4293, dt = 3.036638e-12, time = 1.892912e-08, elapsed = 701.9 sec
Step =   4682: nodes = 4292, dt = 3.036638e-12, time = 1.893216e-08, elapsed = 702.1 sec
Step =   4683: nodes = 4291, dt = 3.643966e-12, time = 1.893580e-08, elapsed = 702.2 sec
Step =   4684: nodes = 4291, dt = 4.372759e-12, time = 1.894017e-08, elapsed = 702.4 sec
Step =   4685: nodes = 4291, dt = 5.247311e-12, time = 1.894542e-08, elapsed = 702.5 sec
Step =   4686: nodes = 4291, dt = 3.148386e-12, time = 1.894857e-08, elapsed = 702.7 sec
Step =   4687: nodes = 4292, dt = 3.148386e-12, time = 1.895172e-08, elapsed = 702.8 sec
Step =   4688: nodes = 4288, dt = 3.778064e-12, time = 1.895550e-08, elapsed = 703.0 sec
Step =   4689: nodes = 4291, dt = 4.533676e-12, time = 1.896003e-08, elapsed = 703.1 sec
Step =   4690: nodes = 4290, dt = 5.440412e-12, time = 1.896547e-08, elapsed = 703.3 sec
Step =   4691: nodes = 4290, dt = 3.264247e-12, time = 1.896873e-08, elapsed = 703.4 sec
Step =   4692: nodes = 4290, dt = 3.264247e-12, time = 1.897200e-08, elapsed = 703.6 sec
Step =   4693: nodes = 4291, dt = 3.917096e-12, time = 1.897592e-08, elapsed = 703.7 sec
Step =   4694: nodes = 4289, dt = 4.700516e-12, time = 1.898062e-08, elapsed = 703.9 sec
Step =   4695: nodes = 4291, dt = 5.640619e-12, time = 1.898626e-08, elapsed = 704.1 sec
Step =   4696: nodes = 4291, dt = 3.384371e-12, time = 1.898964e-08, elapsed = 704.2 sec
Step =   4697: nodes = 4291, dt = 3.384371e-12, time = 1.899303e-08, elapsed = 704.3 sec
Step =   4698: nodes = 4291, dt = 4.061245e-12, time = 1.899709e-08, elapsed = 704.5 sec
Step =   4699: nodes = 4292, dt = 4.873495e-12, time = 1.900196e-08, elapsed = 704.6 sec
Step =   4700: nodes = 4292, dt = 5.848193e-12, time = 1.900781e-08, elapsed = 704.7 sec
Writing configuration in legacy data format
 Output file: /data/home/dg000246b/openDIS/inital_dislocation_structures/output_caseC_0.14%_seed12345/relax2/config.4700.data
Writing restart file
 Restart file: /data/home/dg000246b/openDIS/inital_dislocation_structures/output_caseC_0.14%_seed12345/relax2/restart.4700.exadis
Step =   4701: nodes = 4291, dt = 3.508916e-12, time = 1.901132e-08, elapsed = 704.9 sec
Step =   4702: nodes = 4291, dt = 3.508916e-12, time = 1.901483e-08, elapsed = 705.1 sec
Step =   4703: nodes = 4291, dt = 4.210699e-12, time = 1.901904e-08, elapsed = 705.2 sec
Step =   4704: nodes = 4293, dt = 5.052839e-12, time = 1.902409e-08, elapsed = 705.3 sec
Step =   4705: nodes = 4291, dt = 6.063407e-12, time = 1.903015e-08, elapsed = 705.5 sec
Step =   4706: nodes = 4293, dt = 3.638044e-12, time = 1.903379e-08, elapsed = 705.6 sec
Step =   4707: nodes = 4295, dt = 3.638044e-12, time = 1.903743e-08, elapsed = 705.8 sec
Step =   4708: nodes = 4293, dt = 4.365653e-12, time = 1.904179e-08, elapsed = 705.9 sec
Step =   4709: nodes = 4291, dt = 5.238784e-12, time = 1.904703e-08, elapsed = 706.1 sec
Step =   4710: nodes = 4295, dt = 6.286540e-12, time = 1.905332e-08, elapsed = 706.3 sec
Step =   4711: nodes = 4296, dt = 3.771924e-12, time = 1.905709e-08, elapsed = 706.4 sec
Step =   4712: nodes = 4294, dt = 3.771924e-12, time = 1.906086e-08, elapsed = 706.5 sec
Step =   4713: nodes = 4293, dt = 4.526309e-12, time = 1.906539e-08, elapsed = 706.7 sec
Step =   4714: nodes = 4292, dt = 5.431571e-12, time = 1.907082e-08, elapsed = 706.8 sec
Step =   4715: nodes = 4293, dt = 3.258943e-12, time = 1.907408e-08, elapsed = 707.0 sec
Step =   4716: nodes = 4293, dt = 3.258943e-12, time = 1.907734e-08, elapsed = 707.1 sec
Step =   4717: nodes = 4293, dt = 3.910731e-12, time = 1.908125e-08, elapsed = 707.2 sec
Step =   4718: nodes = 4293, dt = 4.692877e-12, time = 1.908594e-08, elapsed = 707.4 sec
Step =   4719: nodes = 4292, dt = 5.631453e-12, time = 1.909157e-08, elapsed = 707.5 sec
Step =   4720: nodes = 4294, dt = 3.378872e-12, time = 1.909495e-08, elapsed = 707.7 sec
Step =   4721: nodes = 4294, dt = 3.378872e-12, time = 1.909833e-08, elapsed = 707.8 sec
Step =   4722: nodes = 4293, dt = 4.054646e-12, time = 1.910239e-08, elapsed = 708.0 sec
Step =   4723: nodes = 4292, dt = 4.865575e-12, time = 1.910725e-08, elapsed = 708.1 sec
Step =   4724: nodes = 4292, dt = 5.838690e-12, time = 1.911309e-08, elapsed = 708.2 sec
Step =   4725: nodes = 4290, dt = 7.006428e-12, time = 1.912010e-08, elapsed = 708.4 sec
Step =   4726: nodes = 4294, dt = 4.203857e-12, time = 1.912430e-08, elapsed = 708.6 sec
Step =   4727: nodes = 4294, dt = 4.203857e-12, time = 1.912851e-08, elapsed = 708.7 sec
Step =   4728: nodes = 4294, dt = 5.044628e-12, time = 1.913355e-08, elapsed = 708.8 sec
Step =   4729: nodes = 4295, dt = 6.053554e-12, time = 1.913960e-08, elapsed = 709.0 sec
Step =   4730: nodes = 4296, dt = 3.632132e-12, time = 1.914324e-08, elapsed = 709.2 sec
Step =   4731: nodes = 4296, dt = 3.632132e-12, time = 1.914687e-08, elapsed = 709.3 sec
Step =   4732: nodes = 4295, dt = 4.358559e-12, time = 1.915123e-08, elapsed = 709.5 sec
Step =   4733: nodes = 4295, dt = 5.230271e-12, time = 1.915646e-08, elapsed = 709.7 sec
Step =   4734: nodes = 4296, dt = 3.138162e-12, time = 1.915959e-08, elapsed = 709.8 sec
Step =   4735: nodes = 4294, dt = 3.138162e-12, time = 1.916273e-08, elapsed = 710.0 sec
Step =   4736: nodes = 4294, dt = 3.765795e-12, time = 1.916650e-08, elapsed = 710.1 sec
Step =   4737: nodes = 4295, dt = 4.518954e-12, time = 1.917102e-08, elapsed = 710.3 sec
Step =   4738: nodes = 4294, dt = 5.422745e-12, time = 1.917644e-08, elapsed = 710.4 sec
Step =   4739: nodes = 4292, dt = 6.507293e-12, time = 1.918295e-08, elapsed = 710.6 sec
Step =   4740: nodes = 4290, dt = 7.808752e-12, time = 1.919076e-08, elapsed = 710.7 sec
Step =   4741: nodes = 4292, dt = 9.370503e-12, time = 1.920013e-08, elapsed = 710.9 sec
Step =   4742: nodes = 4295, dt = 1.124460e-11, time = 1.921137e-08, elapsed = 711.1 sec
Step =   4743: nodes = 4296, dt = 6.746762e-12, time = 1.921812e-08, elapsed = 711.3 sec
Step =   4744: nodes = 4294, dt = 6.746762e-12, time = 1.922487e-08, elapsed = 711.5 sec
Step =   4745: nodes = 4298, dt = 8.096114e-12, time = 1.923296e-08, elapsed = 711.6 sec
Step =   4746: nodes = 4301, dt = 2.428834e-12, time = 1.923539e-08, elapsed = 711.8 sec
Step =   4747: nodes = 4301, dt = 2.428834e-12, time = 1.923782e-08, elapsed = 711.9 sec
Step =   4748: nodes = 4302, dt = 2.914601e-12, time = 1.924073e-08, elapsed = 712.0 sec
Step =   4749: nodes = 4301, dt = 3.497521e-12, time = 1.924423e-08, elapsed = 712.2 sec
Step =   4750: nodes = 4301, dt = 4.197026e-12, time = 1.924843e-08, elapsed = 712.3 sec
Step =   4751: nodes = 4303, dt = 5.036431e-12, time = 1.925346e-08, elapsed = 712.5 sec
Step =   4752: nodes = 4301, dt = 6.043717e-12, time = 1.925951e-08, elapsed = 712.7 sec
Step =   4753: nodes = 4299, dt = 7.252460e-12, time = 1.926676e-08, elapsed = 712.8 sec
Step =   4754: nodes = 4300, dt = 4.351476e-12, time = 1.927111e-08, elapsed = 712.9 sec
Step =   4755: nodes = 4300, dt = 4.351476e-12, time = 1.927546e-08, elapsed = 713.1 sec
Step =   4756: nodes = 4300, dt = 2.610886e-12, time = 1.927807e-08, elapsed = 713.2 sec
Step =   4757: nodes = 4300, dt = 2.610886e-12, time = 1.928069e-08, elapsed = 713.3 sec
Step =   4758: nodes = 4300, dt = 3.133063e-12, time = 1.928382e-08, elapsed = 713.5 sec
Step =   4759: nodes = 4300, dt = 1.879838e-12, time = 1.928570e-08, elapsed = 713.6 sec
Step =   4760: nodes = 4300, dt = 1.879838e-12, time = 1.928758e-08, elapsed = 713.8 sec
Step =   4761: nodes = 4298, dt = 2.255805e-12, time = 1.928983e-08, elapsed = 713.9 sec
Step =   4762: nodes = 4297, dt = 2.706966e-12, time = 1.929254e-08, elapsed = 714.0 sec
Step =   4763: nodes = 4299, dt = 3.248360e-12, time = 1.929579e-08, elapsed = 714.1 sec
Step =   4764: nodes = 4299, dt = 3.898031e-12, time = 1.929969e-08, elapsed = 714.3 sec
Step =   4765: nodes = 4298, dt = 4.677638e-12, time = 1.930436e-08, elapsed = 714.4 sec
Step =   4766: nodes = 4300, dt = 5.613165e-12, time = 1.930998e-08, elapsed = 714.5 sec
Step =   4767: nodes = 4300, dt = 3.367899e-12, time = 1.931335e-08, elapsed = 714.7 sec
Step =   4768: nodes = 4299, dt = 3.367899e-12, time = 1.931671e-08, elapsed = 714.8 sec
Step =   4769: nodes = 4296, dt = 4.041479e-12, time = 1.932076e-08, elapsed = 715.0 sec
Step =   4770: nodes = 4299, dt = 4.849775e-12, time = 1.932561e-08, elapsed = 715.1 sec
Step =   4771: nodes = 4300, dt = 5.819730e-12, time = 1.933142e-08, elapsed = 715.3 sec
Step =   4772: nodes = 4300, dt = 3.491838e-12, time = 1.933492e-08, elapsed = 715.4 sec
Step =   4773: nodes = 4299, dt = 3.491838e-12, time = 1.933841e-08, elapsed = 715.6 sec
Step =   4774: nodes = 4297, dt = 4.190205e-12, time = 1.934260e-08, elapsed = 715.7 sec
Step =   4775: nodes = 4299, dt = 5.028247e-12, time = 1.934763e-08, elapsed = 715.9 sec
Step =   4776: nodes = 4299, dt = 6.033896e-12, time = 1.935366e-08, elapsed = 716.0 sec
Step =   4777: nodes = 4299, dt = 3.620338e-12, time = 1.935728e-08, elapsed = 716.2 sec
Step =   4778: nodes = 4297, dt = 3.620338e-12, time = 1.936090e-08, elapsed = 716.3 sec
Step =   4779: nodes = 4298, dt = 4.344405e-12, time = 1.936525e-08, elapsed = 716.5 sec
Step =   4780: nodes = 4295, dt = 5.213286e-12, time = 1.937046e-08, elapsed = 716.6 sec
Step =   4781: nodes = 4298, dt = 3.127972e-12, time = 1.937359e-08, elapsed = 716.8 sec
Step =   4782: nodes = 4299, dt = 3.127972e-12, time = 1.937672e-08, elapsed = 716.9 sec
Step =   4783: nodes = 4299, dt = 3.753566e-12, time = 1.938047e-08, elapsed = 717.0 sec
Step =   4784: nodes = 4299, dt = 4.504279e-12, time = 1.938497e-08, elapsed = 717.1 sec
Step =   4785: nodes = 4299, dt = 2.702567e-12, time = 1.938768e-08, elapsed = 717.3 sec
Step =   4786: nodes = 4298, dt = 2.702567e-12, time = 1.939038e-08, elapsed = 717.4 sec
Step =   4787: nodes = 4298, dt = 3.243081e-12, time = 1.939362e-08, elapsed = 717.5 sec
Step =   4788: nodes = 4298, dt = 3.891697e-12, time = 1.939751e-08, elapsed = 717.7 sec
Step =   4789: nodes = 4295, dt = 4.670037e-12, time = 1.940218e-08, elapsed = 717.9 sec
Step =   4790: nodes = 4296, dt = 5.604044e-12, time = 1.940779e-08, elapsed = 718.0 sec
Step =   4791: nodes = 4297, dt = 3.362426e-12, time = 1.941115e-08, elapsed = 718.2 sec
Step =   4792: nodes = 4298, dt = 3.362426e-12, time = 1.941451e-08, elapsed = 718.3 sec
Step =   4793: nodes = 4298, dt = 4.034912e-12, time = 1.941855e-08, elapsed = 718.4 sec
Step =   4794: nodes = 4298, dt = 4.841894e-12, time = 1.942339e-08, elapsed = 718.6 sec
Step =   4795: nodes = 4299, dt = 5.810273e-12, time = 1.942920e-08, elapsed = 718.7 sec
Step =   4796: nodes = 4301, dt = 3.486164e-12, time = 1.943269e-08, elapsed = 718.9 sec
Step =   4797: nodes = 4300, dt = 3.486164e-12, time = 1.943617e-08, elapsed = 719.1 sec
Step =   4798: nodes = 4301, dt = 4.183396e-12, time = 1.944035e-08, elapsed = 719.2 sec
Step =   4799: nodes = 4300, dt = 5.020076e-12, time = 1.944537e-08, elapsed = 719.3 sec
Step =   4800: nodes = 4299, dt = 6.024091e-12, time = 1.945140e-08, elapsed = 719.5 sec
Writing configuration in legacy data format
 Output file: /data/home/dg000246b/openDIS/inital_dislocation_structures/output_caseC_0.14%_seed12345/relax2/config.4800.data
Writing restart file
 Restart file: /data/home/dg000246b/openDIS/inital_dislocation_structures/output_caseC_0.14%_seed12345/relax2/restart.4800.exadis
Step =   4801: nodes = 4300, dt = 3.614454e-12, time = 1.945501e-08, elapsed = 720.0 sec
Step =   4802: nodes = 4300, dt = 3.614454e-12, time = 1.945863e-08, elapsed = 720.2 sec
Step =   4803: nodes = 4299, dt = 4.337345e-12, time = 1.946297e-08, elapsed = 720.3 sec
Step =   4804: nodes = 4298, dt = 5.204814e-12, time = 1.946817e-08, elapsed = 720.5 sec
Step =   4805: nodes = 4300, dt = 6.245777e-12, time = 1.947442e-08, elapsed = 720.7 sec
Step =   4806: nodes = 4299, dt = 3.747466e-12, time = 1.947816e-08, elapsed = 720.8 sec
Step =   4807: nodes = 4298, dt = 3.747466e-12, time = 1.948191e-08, elapsed = 721.0 sec
Step =   4808: nodes = 4301, dt = 4.496960e-12, time = 1.948641e-08, elapsed = 721.1 sec
Step =   4809: nodes = 4300, dt = 5.396352e-12, time = 1.949180e-08, elapsed = 721.3 sec
Step =   4810: nodes = 4300, dt = 6.475622e-12, time = 1.949828e-08, elapsed = 721.4 sec
Step =   4811: nodes = 4300, dt = 3.885373e-12, time = 1.950216e-08, elapsed = 721.6 sec
Step =   4812: nodes = 4299, dt = 3.885373e-12, time = 1.950605e-08, elapsed = 721.7 sec
Step =   4813: nodes = 4298, dt = 4.662448e-12, time = 1.951071e-08, elapsed = 721.9 sec
Step =   4814: nodes = 4299, dt = 5.594937e-12, time = 1.951631e-08, elapsed = 722.0 sec
Step =   4815: nodes = 4299, dt = 6.713925e-12, time = 1.952302e-08, elapsed = 722.2 sec
Step =   4816: nodes = 4300, dt = 4.028355e-12, time = 1.952705e-08, elapsed = 722.4 sec
Step =   4817: nodes = 4298, dt = 4.028355e-12, time = 1.953108e-08, elapsed = 722.5 sec
Step =   4818: nodes = 4299, dt = 4.834026e-12, time = 1.953591e-08, elapsed = 722.7 sec
Step =   4819: nodes = 4297, dt = 5.800831e-12, time = 1.954171e-08, elapsed = 722.8 sec
Step =   4820: nodes = 4297, dt = 3.480499e-12, time = 1.954519e-08, elapsed = 722.9 sec
Step =   4821: nodes = 4298, dt = 3.480499e-12, time = 1.954867e-08, elapsed = 723.1 sec
Step =   4822: nodes = 4297, dt = 4.176598e-12, time = 1.955285e-08, elapsed = 723.2 sec
Step =   4823: nodes = 4299, dt = 5.011918e-12, time = 1.955786e-08, elapsed = 723.4 sec
Step =   4824: nodes = 4298, dt = 6.014302e-12, time = 1.956388e-08, elapsed = 723.5 sec
Step =   4825: nodes = 4301, dt = 3.608581e-12, time = 1.956749e-08, elapsed = 723.7 sec
Step =   4826: nodes = 4301, dt = 3.608581e-12, time = 1.957109e-08, elapsed = 723.9 sec
Step =   4827: nodes = 4299, dt = 4.330297e-12, time = 1.957542e-08, elapsed = 724.0 sec
Step =   4828: nodes = 4301, dt = 5.196357e-12, time = 1.958062e-08, elapsed = 724.1 sec
Step =   4829: nodes = 4297, dt = 6.235628e-12, time = 1.958686e-08, elapsed = 724.3 sec
Step =   4830: nodes = 4300, dt = 3.741377e-12, time = 1.959060e-08, elapsed = 724.4 sec
Step =   4831: nodes = 4299, dt = 3.741377e-12, time = 1.959434e-08, elapsed = 724.6 sec
Step =   4832: nodes = 4298, dt = 4.489652e-12, time = 1.959883e-08, elapsed = 724.7 sec
Step =   4833: nodes = 4299, dt = 5.387583e-12, time = 1.960422e-08, elapsed = 724.9 sec
Step =   4834: nodes = 4296, dt = 6.465099e-12, time = 1.961068e-08, elapsed = 725.0 sec
Step =   4835: nodes = 4296, dt = 3.879059e-12, time = 1.961456e-08, elapsed = 725.2 sec
Step =   4836: nodes = 4295, dt = 3.879059e-12, time = 1.961844e-08, elapsed = 725.3 sec
Step =   4837: nodes = 4296, dt = 4.654871e-12, time = 1.962309e-08, elapsed = 725.5 sec
Step =   4838: nodes = 4294, dt = 5.585846e-12, time = 1.962868e-08, elapsed = 725.6 sec
Step =   4839: nodes = 4293, dt = 6.703015e-12, time = 1.963538e-08, elapsed = 725.8 sec
Step =   4840: nodes = 4293, dt = 4.021809e-12, time = 1.963941e-08, elapsed = 726.0 sec
Step =   4841: nodes = 4293, dt = 4.021809e-12, time = 1.964343e-08, elapsed = 726.1 sec
Step =   4842: nodes = 4293, dt = 4.826171e-12, time = 1.964825e-08, elapsed = 726.2 sec
Step =   4843: nodes = 4294, dt = 5.791405e-12, time = 1.965404e-08, elapsed = 726.4 sec
Step =   4844: nodes = 4294, dt = 3.474843e-12, time = 1.965752e-08, elapsed = 726.6 sec
Step =   4845: nodes = 4293, dt = 3.474843e-12, time = 1.966099e-08, elapsed = 726.7 sec
Step =   4846: nodes = 4295, dt = 4.169811e-12, time = 1.966516e-08, elapsed = 726.9 sec
Step =   4847: nodes = 4294, dt = 5.003774e-12, time = 1.967017e-08, elapsed = 727.0 sec
Step =   4848: nodes = 4292, dt = 6.004528e-12, time = 1.967617e-08, elapsed = 727.2 sec
Step =   4849: nodes = 4293, dt = 3.602717e-12, time = 1.967978e-08, elapsed = 727.3 sec
Step =   4850: nodes = 4293, dt = 3.602717e-12, time = 1.968338e-08, elapsed = 727.5 sec
Step =   4851: nodes = 4294, dt = 4.323260e-12, time = 1.968770e-08, elapsed = 727.6 sec
Step =   4852: nodes = 4296, dt = 5.187913e-12, time = 1.969289e-08, elapsed = 727.8 sec
Step =   4853: nodes = 4295, dt = 6.225495e-12, time = 1.969911e-08, elapsed = 727.9 sec
Step =   4854: nodes = 4293, dt = 3.735297e-12, time = 1.970285e-08, elapsed = 728.1 sec
Step =   4855: nodes = 4295, dt = 3.735297e-12, time = 1.970659e-08, elapsed = 728.2 sec
Step =   4856: nodes = 4297, dt = 4.482356e-12, time = 1.971107e-08, elapsed = 728.4 sec
Step =   4857: nodes = 4296, dt = 5.378828e-12, time = 1.971645e-08, elapsed = 728.6 sec
Step =   4858: nodes = 4297, dt = 3.227297e-12, time = 1.971967e-08, elapsed = 728.8 sec
Step =   4859: nodes = 4298, dt = 3.227297e-12, time = 1.972290e-08, elapsed = 728.9 sec
Step =   4860: nodes = 4297, dt = 3.872756e-12, time = 1.972677e-08, elapsed = 729.1 sec
Step =   4861: nodes = 4297, dt = 4.647307e-12, time = 1.973142e-08, elapsed = 729.2 sec
Step =   4862: nodes = 4296, dt = 5.576769e-12, time = 1.973700e-08, elapsed = 729.4 sec
Step =   4863: nodes = 4297, dt = 3.346061e-12, time = 1.974034e-08, elapsed = 729.6 sec
Step =   4864: nodes = 4296, dt = 3.346061e-12, time = 1.974369e-08, elapsed = 729.7 sec
Step =   4865: nodes = 4298, dt = 4.015273e-12, time = 1.974771e-08, elapsed = 729.9 sec
Step =   4866: nodes = 4298, dt = 4.818328e-12, time = 1.975252e-08, elapsed = 730.0 sec
Step =   4867: nodes = 4298, dt = 5.781994e-12, time = 1.975831e-08, elapsed = 730.2 sec
Step =   4868: nodes = 4300, dt = 3.469196e-12, time = 1.976177e-08, elapsed = 730.3 sec
Step =   4869: nodes = 4300, dt = 3.469196e-12, time = 1.976524e-08, elapsed = 730.5 sec
Step =   4870: nodes = 4297, dt = 4.163035e-12, time = 1.976941e-08, elapsed = 730.6 sec
Step =   4871: nodes = 4299, dt = 4.995642e-12, time = 1.977440e-08, elapsed = 730.8 sec
Step =   4872: nodes = 4296, dt = 5.994771e-12, time = 1.978040e-08, elapsed = 731.0 sec
Step =   4873: nodes = 4296, dt = 3.596863e-12, time = 1.978399e-08, elapsed = 731.1 sec
Step =   4874: nodes = 4297, dt = 3.596863e-12, time = 1.978759e-08, elapsed = 731.3 sec
Step =   4875: nodes = 4297, dt = 4.316235e-12, time = 1.979191e-08, elapsed = 731.4 sec
Step =   4876: nodes = 4297, dt = 5.179482e-12, time = 1.979709e-08, elapsed = 731.6 sec
Step =   4877: nodes = 4294, dt = 3.107689e-12, time = 1.980019e-08, elapsed = 731.8 sec
Step =   4878: nodes = 4293, dt = 3.107689e-12, time = 1.980330e-08, elapsed = 731.9 sec
Step =   4879: nodes = 4293, dt = 3.729227e-12, time = 1.980703e-08, elapsed = 732.0 sec
Step =   4880: nodes = 4293, dt = 4.475073e-12, time = 1.981151e-08, elapsed = 732.2 sec
Step =   4881: nodes = 4294, dt = 5.370087e-12, time = 1.981688e-08, elapsed = 732.3 sec
Step =   4882: nodes = 4294, dt = 3.222052e-12, time = 1.982010e-08, elapsed = 732.5 sec
Step =   4883: nodes = 4294, dt = 3.222052e-12, time = 1.982332e-08, elapsed = 732.6 sec
Step =   4884: nodes = 4293, dt = 3.866463e-12, time = 1.982719e-08, elapsed = 732.8 sec
Step =   4885: nodes = 4295, dt = 4.639755e-12, time = 1.983183e-08, elapsed = 733.0 sec
Step =   4886: nodes = 4296, dt = 5.567706e-12, time = 1.983739e-08, elapsed = 733.1 sec
Step =   4887: nodes = 4297, dt = 3.340624e-12, time = 1.984074e-08, elapsed = 733.3 sec
Step =   4888: nodes = 4297, dt = 3.340624e-12, time = 1.984408e-08, elapsed = 733.4 sec
Step =   4889: nodes = 4298, dt = 4.008749e-12, time = 1.984808e-08, elapsed = 733.5 sec
Step =   4890: nodes = 4298, dt = 4.810498e-12, time = 1.985289e-08, elapsed = 733.7 sec
Step =   4891: nodes = 4299, dt = 5.772598e-12, time = 1.985867e-08, elapsed = 733.9 sec
Step =   4892: nodes = 4298, dt = 3.463559e-12, time = 1.986213e-08, elapsed = 734.0 sec
Step =   4893: nodes = 4300, dt = 3.463559e-12, time = 1.986559e-08, elapsed = 734.2 sec
Step =   4894: nodes = 4301, dt = 4.156270e-12, time = 1.986975e-08, elapsed = 734.3 sec
Step =   4895: nodes = 4298, dt = 4.987525e-12, time = 1.987474e-08, elapsed = 734.5 sec
Step =   4896: nodes = 4298, dt = 5.985029e-12, time = 1.988072e-08, elapsed = 734.6 sec
Step =   4897: nodes = 4300, dt = 3.591018e-12, time = 1.988431e-08, elapsed = 734.8 sec
Step =   4898: nodes = 4300, dt = 3.591018e-12, time = 1.988791e-08, elapsed = 734.9 sec
Step =   4899: nodes = 4301, dt = 4.309221e-12, time = 1.989221e-08, elapsed = 735.1 sec
Step =   4900: nodes = 4300, dt = 5.171065e-12, time = 1.989739e-08, elapsed = 735.2 sec
Writing configuration in legacy data format
 Output file: /data/home/dg000246b/openDIS/inital_dislocation_structures/output_caseC_0.14%_seed12345/relax2/config.4900.data
Writing restart file
 Restart file: /data/home/dg000246b/openDIS/inital_dislocation_structures/output_caseC_0.14%_seed12345/relax2/restart.4900.exadis
Step =   4901: nodes = 4297, dt = 6.205279e-12, time = 1.990359e-08, elapsed = 735.5 sec
Step =   4902: nodes = 4300, dt = 3.723167e-12, time = 1.990731e-08, elapsed = 735.6 sec
Step =   4903: nodes = 4300, dt = 3.723167e-12, time = 1.991104e-08, elapsed = 735.8 sec
Step =   4904: nodes = 4298, dt = 4.467801e-12, time = 1.991551e-08, elapsed = 735.9 sec
Step =   4905: nodes = 4299, dt = 5.361361e-12, time = 1.992087e-08, elapsed = 736.0 sec
Step =   4906: nodes = 4295, dt = 6.433633e-12, time = 1.992730e-08, elapsed = 736.2 sec
Step =   4907: nodes = 4297, dt = 3.860180e-12, time = 1.993116e-08, elapsed = 736.3 sec
Step =   4908: nodes = 4296, dt = 3.860180e-12, time = 1.993502e-08, elapsed = 736.5 sec
Step =   4909: nodes = 4297, dt = 4.632216e-12, time = 1.993965e-08, elapsed = 736.6 sec
Step =   4910: nodes = 4296, dt = 5.558659e-12, time = 1.994521e-08, elapsed = 736.8 sec
Step =   4911: nodes = 4296, dt = 6.670390e-12, time = 1.995188e-08, elapsed = 736.9 sec
Step =   4912: nodes = 4296, dt = 4.002234e-12, time = 1.995588e-08, elapsed = 737.1 sec
Step =   4913: nodes = 4295, dt = 4.002234e-12, time = 1.995989e-08, elapsed = 737.2 sec
Step =   4914: nodes = 4297, dt = 4.802681e-12, time = 1.996469e-08, elapsed = 737.3 sec
Step =   4915: nodes = 4297, dt = 5.763217e-12, time = 1.997045e-08, elapsed = 737.5 sec
Step =   4916: nodes = 4298, dt = 3.457930e-12, time = 1.997391e-08, elapsed = 737.7 sec
Step =   4917: nodes = 4297, dt = 3.457930e-12, time = 1.997737e-08, elapsed = 737.8 sec
Step =   4918: nodes = 4297, dt = 4.149517e-12, time = 1.998152e-08, elapsed = 738.0 sec
Step =   4919: nodes = 4297, dt = 2.489710e-12, time = 1.998401e-08, elapsed = 738.1 sec
Step =   4920: nodes = 4296, dt = 2.489710e-12, time = 1.998650e-08, elapsed = 738.3 sec
Step =   4921: nodes = 4297, dt = 1.493826e-12, time = 1.998799e-08, elapsed = 738.4 sec
Step =   4922: nodes = 4296, dt = 1.493826e-12, time = 1.998948e-08, elapsed = 738.5 sec
Step =   4923: nodes = 4296, dt = 1.792591e-12, time = 1.999128e-08, elapsed = 738.6 sec
Step =   4924: nodes = 4294, dt = 2.151109e-12, time = 1.999343e-08, elapsed = 738.8 sec
Step =   4925: nodes = 4293, dt = 2.581331e-12, time = 1.999601e-08, elapsed = 738.9 sec
Step =   4926: nodes = 4294, dt = 3.097597e-12, time = 1.999911e-08, elapsed = 739.1 sec
Step =   4927: nodes = 4294, dt = 1.858558e-12, time = 2.000097e-08, elapsed = 739.2 sec
Step =   4928: nodes = 4294, dt = 1.858558e-12, time = 2.000282e-08, elapsed = 739.4 sec
Step =   4929: nodes = 4294, dt = 2.230270e-12, time = 2.000505e-08, elapsed = 739.5 sec
Step =   4930: nodes = 4294, dt = 2.676324e-12, time = 2.000773e-08, elapsed = 739.6 sec
Step =   4931: nodes = 4294, dt = 3.211589e-12, time = 2.001094e-08, elapsed = 739.8 sec
Step =   4932: nodes = 4293, dt = 3.853907e-12, time = 2.001480e-08, elapsed = 739.9 sec
Step =   4933: nodes = 4292, dt = 4.624688e-12, time = 2.001942e-08, elapsed = 740.0 sec
Step =   4934: nodes = 4292, dt = 5.549626e-12, time = 2.002497e-08, elapsed = 740.2 sec
Step =   4935: nodes = 4288, dt = 6.659551e-12, time = 2.003163e-08, elapsed = 740.3 sec
Step =   4936: nodes = 4291, dt = 7.991461e-12, time = 2.003962e-08, elapsed = 740.4 sec
Step =   4937: nodes = 4292, dt = 4.794877e-12, time = 2.004442e-08, elapsed = 740.6 sec
Step =   4938: nodes = 4291, dt = 4.794877e-12, time = 2.004921e-08, elapsed = 740.8 sec
Step =   4939: nodes = 4291, dt = 5.753852e-12, time = 2.005497e-08, elapsed = 740.9 sec
Step =   4940: nodes = 4291, dt = 3.452311e-12, time = 2.005842e-08, elapsed = 741.1 sec
Step =   4941: nodes = 4291, dt = 3.452311e-12, time = 2.006187e-08, elapsed = 741.2 sec
Step =   4942: nodes = 4290, dt = 4.142774e-12, time = 2.006601e-08, elapsed = 741.4 sec
Step =   4943: nodes = 4291, dt = 4.971328e-12, time = 2.007098e-08, elapsed = 741.5 sec
Step =   4944: nodes = 4288, dt = 5.965594e-12, time = 2.007695e-08, elapsed = 741.6 sec
Step =   4945: nodes = 4291, dt = 3.579356e-12, time = 2.008053e-08, elapsed = 741.8 sec
Step =   4946: nodes = 4292, dt = 3.579356e-12, time = 2.008411e-08, elapsed = 742.0 sec
Step =   4947: nodes = 4294, dt = 4.295228e-12, time = 2.008840e-08, elapsed = 742.1 sec
Step =   4948: nodes = 4294, dt = 5.154273e-12, time = 2.009356e-08, elapsed = 742.2 sec
Step =   4949: nodes = 4294, dt = 6.185128e-12, time = 2.009974e-08, elapsed = 742.4 sec
Step =   4950: nodes = 4292, dt = 7.422153e-12, time = 2.010717e-08, elapsed = 742.5 sec
Step =   4951: nodes = 4293, dt = 8.906584e-12, time = 2.011607e-08, elapsed = 742.7 sec
Step =   4952: nodes = 4294, dt = 2.671975e-12, time = 2.011874e-08, elapsed = 742.9 sec
Step =   4953: nodes = 4294, dt = 2.671975e-12, time = 2.012142e-08, elapsed = 743.0 sec
Step =   4954: nodes = 4294, dt = 3.206370e-12, time = 2.012462e-08, elapsed = 743.1 sec
Step =   4955: nodes = 4294, dt = 3.847644e-12, time = 2.012847e-08, elapsed = 743.3 sec
Step =   4956: nodes = 4294, dt = 4.617173e-12, time = 2.013309e-08, elapsed = 743.4 sec
Step =   4957: nodes = 4292, dt = 5.540608e-12, time = 2.013863e-08, elapsed = 743.5 sec
Step =   4958: nodes = 4291, dt = 6.648729e-12, time = 2.014528e-08, elapsed = 743.8 sec
Step =   4959: nodes = 4289, dt = 7.978475e-12, time = 2.015325e-08, elapsed = 743.9 sec
Step =   4960: nodes = 4292, dt = 9.574170e-12, time = 2.016283e-08, elapsed = 744.1 sec
Step =   4961: nodes = 4295, dt = 5.744502e-12, time = 2.016857e-08, elapsed = 744.3 sec
Step =   4962: nodes = 4293, dt = 5.744502e-12, time = 2.017432e-08, elapsed = 744.4 sec
Step =   4963: nodes = 4294, dt = 6.893403e-12, time = 2.018121e-08, elapsed = 744.6 sec
Step =   4964: nodes = 4292, dt = 8.272083e-12, time = 2.018948e-08, elapsed = 744.8 sec
Step =   4965: nodes = 4293, dt = 4.963250e-12, time = 2.019445e-08, elapsed = 744.9 sec
Step =   4966: nodes = 4293, dt = 2.481625e-12, time = 2.019693e-08, elapsed = 745.1 sec
Step =   4967: nodes = 4294, dt = 2.481625e-12, time = 2.019941e-08, elapsed = 745.2 sec
Step =   4968: nodes = 4293, dt = 2.977950e-12, time = 2.020239e-08, elapsed = 745.3 sec
Step =   4969: nodes = 4293, dt = 3.573540e-12, time = 2.020596e-08, elapsed = 745.5 sec
Step =   4970: nodes = 4292, dt = 4.288248e-12, time = 2.021025e-08, elapsed = 745.6 sec
Step =   4971: nodes = 4293, dt = 5.145897e-12, time = 2.021540e-08, elapsed = 745.8 sec
Step =   4972: nodes = 4291, dt = 6.175077e-12, time = 2.022157e-08, elapsed = 745.9 sec
Step =   4973: nodes = 4290, dt = 3.705046e-12, time = 2.022528e-08, elapsed = 746.1 sec
Step =   4974: nodes = 4289, dt = 3.705046e-12, time = 2.022898e-08, elapsed = 746.2 sec
Step =   4975: nodes = 4288, dt = 4.446055e-12, time = 2.023343e-08, elapsed = 746.4 sec
Step =   4976: nodes = 4289, dt = 5.335266e-12, time = 2.023876e-08, elapsed = 746.5 sec
Step =   4977: nodes = 4290, dt = 3.201160e-12, time = 2.024196e-08, elapsed = 746.7 sec
Step =   4978: nodes = 4290, dt = 3.201160e-12, time = 2.024516e-08, elapsed = 746.8 sec
Step =   4979: nodes = 4290, dt = 3.841392e-12, time = 2.024901e-08, elapsed = 747.0 sec
Step =   4980: nodes = 4289, dt = 4.609670e-12, time = 2.025362e-08, elapsed = 747.1 sec
Step =   4981: nodes = 4286, dt = 5.531604e-12, time = 2.025915e-08, elapsed = 747.3 sec
Step =   4982: nodes = 4289, dt = 3.318963e-12, time = 2.026247e-08, elapsed = 747.4 sec
Step =   4983: nodes = 4289, dt = 3.318963e-12, time = 2.026578e-08, elapsed = 747.6 sec
Step =   4984: nodes = 4290, dt = 3.982755e-12, time = 2.026977e-08, elapsed = 747.7 sec
Step =   4985: nodes = 4288, dt = 4.779306e-12, time = 2.027455e-08, elapsed = 747.9 sec
Step =   4986: nodes = 4290, dt = 2.867584e-12, time = 2.027741e-08, elapsed = 748.0 sec
Step =   4987: nodes = 4290, dt = 2.867584e-12, time = 2.028028e-08, elapsed = 748.2 sec
Step =   4988: nodes = 4288, dt = 3.441100e-12, time = 2.028372e-08, elapsed = 748.3 sec
Step =   4989: nodes = 4289, dt = 4.129320e-12, time = 2.028785e-08, elapsed = 748.5 sec
Step =   4990: nodes = 4287, dt = 4.955185e-12, time = 2.029281e-08, elapsed = 748.6 sec
Step =   4991: nodes = 4288, dt = 5.946221e-12, time = 2.029875e-08, elapsed = 748.8 sec
Step =   4992: nodes = 4289, dt = 7.135466e-12, time = 2.030589e-08, elapsed = 749.0 sec
Step =   4993: nodes = 4290, dt = 8.562559e-12, time = 2.031445e-08, elapsed = 749.1 sec
Step =   4994: nodes = 4288, dt = 1.027507e-11, time = 2.032473e-08, elapsed = 749.3 sec
Step =   4995: nodes = 4289, dt = 6.165042e-12, time = 2.033089e-08, elapsed = 749.5 sec
Step =   4996: nodes = 4290, dt = 6.165042e-12, time = 2.033706e-08, elapsed = 749.9 sec
Step =   4997: nodes = 4288, dt = 7.398051e-12, time = 2.034446e-08, elapsed = 750.1 sec
Step =   4998: nodes = 4288, dt = 4.438831e-12, time = 2.034889e-08, elapsed = 750.3 sec
Step =   4999: nodes = 4289, dt = 4.438831e-12, time = 2.035333e-08, elapsed = 750.4 sec
Step =   5000: nodes = 4288, dt = 5.326597e-12, time = 2.035866e-08, elapsed = 750.6 sec
Writing configuration in legacy data format
 Output file: /data/home/dg000246b/openDIS/inital_dislocation_structures/output_caseC_0.14%_seed12345/relax2/config.5000.data
Writing restart file
 Restart file: /data/home/dg000246b/openDIS/inital_dislocation_structures/output_caseC_0.14%_seed12345/relax2/restart.5000.exadis
Step =   5001: nodes = 4289, dt = 6.391916e-12, time = 2.036505e-08, elapsed = 750.8 sec
Step =   5002: nodes = 4289, dt = 3.835150e-12, time = 2.036889e-08, elapsed = 751.0 sec
Step =   5003: nodes = 4289, dt = 3.835150e-12, time = 2.037272e-08, elapsed = 751.1 sec
Step =   5004: nodes = 4288, dt = 4.602179e-12, time = 2.037732e-08, elapsed = 751.3 sec
Step =   5005: nodes = 4288, dt = 5.522615e-12, time = 2.038285e-08, elapsed = 751.4 sec
Step =   5006: nodes = 4288, dt = 3.313569e-12, time = 2.038616e-08, elapsed = 751.6 sec
Step =   5007: nodes = 4288, dt = 3.313569e-12, time = 2.038947e-08, elapsed = 751.7 sec
Step =   5008: nodes = 4287, dt = 3.976283e-12, time = 2.039345e-08, elapsed = 751.9 sec
Step =   5009: nodes = 4288, dt = 4.771540e-12, time = 2.039822e-08, elapsed = 752.0 sec
Step =   5010: nodes = 4289, dt = 2.862924e-12, time = 2.040108e-08, elapsed = 752.1 sec
Step =   5011: nodes = 4288, dt = 2.862924e-12, time = 2.040395e-08, elapsed = 752.3 sec
Step =   5012: nodes = 4288, dt = 3.435509e-12, time = 2.040738e-08, elapsed = 752.4 sec
Step =   5013: nodes = 4288, dt = 4.122610e-12, time = 2.041151e-08, elapsed = 752.5 sec
Step =   5014: nodes = 4286, dt = 4.947132e-12, time = 2.041645e-08, elapsed = 752.7 sec
Step =   5015: nodes = 4287, dt = 2.968279e-12, time = 2.041942e-08, elapsed = 752.9 sec
Step =   5016: nodes = 4289, dt = 2.968279e-12, time = 2.042239e-08, elapsed = 753.0 sec
Step =   5017: nodes = 4289, dt = 3.561935e-12, time = 2.042595e-08, elapsed = 753.1 sec
Step =   5018: nodes = 4287, dt = 2.137161e-12, time = 2.042809e-08, elapsed = 753.3 sec
Step =   5019: nodes = 4288, dt = 2.137161e-12, time = 2.043023e-08, elapsed = 753.4 sec
Step =   5020: nodes = 4288, dt = 2.564593e-12, time = 2.043279e-08, elapsed = 753.6 sec
Step =   5021: nodes = 4288, dt = 3.077512e-12, time = 2.043587e-08, elapsed = 753.7 sec
Step =   5022: nodes = 4287, dt = 3.693015e-12, time = 2.043956e-08, elapsed = 753.9 sec
Step =   5023: nodes = 4287, dt = 4.431617e-12, time = 2.044399e-08, elapsed = 754.0 sec
Step =   5024: nodes = 4287, dt = 2.658970e-12, time = 2.044665e-08, elapsed = 754.2 sec
Step =   5025: nodes = 4287, dt = 1.329485e-12, time = 2.044798e-08, elapsed = 754.3 sec
Step =   5026: nodes = 4287, dt = 1.329485e-12, time = 2.044931e-08, elapsed = 754.4 sec
Step =   5027: nodes = 4287, dt = 1.595382e-12, time = 2.045091e-08, elapsed = 754.5 sec
Step =   5028: nodes = 4287, dt = 1.914459e-12, time = 2.045282e-08, elapsed = 754.6 sec
Step =   5029: nodes = 4287, dt = 2.297350e-12, time = 2.045512e-08, elapsed = 754.8 sec
Step =   5030: nodes = 4288, dt = 2.756821e-12, time = 2.045787e-08, elapsed = 754.9 sec
Step =   5031: nodes = 4287, dt = 3.308185e-12, time = 2.046118e-08, elapsed = 755.0 sec
Step =   5032: nodes = 4288, dt = 3.969822e-12, time = 2.046515e-08, elapsed = 755.2 sec
Step =   5033: nodes = 4287, dt = 2.381893e-12, time = 2.046753e-08, elapsed = 755.3 sec
Step =   5034: nodes = 4287, dt = 2.381893e-12, time = 2.046992e-08, elapsed = 755.4 sec
Step =   5035: nodes = 4286, dt = 2.858272e-12, time = 2.047277e-08, elapsed = 755.6 sec
Step =   5036: nodes = 4284, dt = 3.429926e-12, time = 2.047620e-08, elapsed = 755.7 sec
Step =   5037: nodes = 4285, dt = 4.115911e-12, time = 2.048032e-08, elapsed = 755.8 sec
Step =   5038: nodes = 4285, dt = 2.469547e-12, time = 2.048279e-08, elapsed = 756.0 sec
Step =   5039: nodes = 4283, dt = 2.469547e-12, time = 2.048526e-08, elapsed = 756.1 sec
Step =   5040: nodes = 4282, dt = 2.963456e-12, time = 2.048822e-08, elapsed = 756.3 sec
Step =   5041: nodes = 4283, dt = 8.890368e-13, time = 2.048911e-08, elapsed = 756.4 sec
Step =   5042: nodes = 4282, dt = 8.890368e-13, time = 2.049000e-08, elapsed = 756.5 sec
Step =   5043: nodes = 4282, dt = 1.066844e-12, time = 2.049107e-08, elapsed = 756.7 sec
Step =   5044: nodes = 4282, dt = 1.280213e-12, time = 2.049235e-08, elapsed = 756.8 sec
Step =   5045: nodes = 4282, dt = 1.536256e-12, time = 2.049388e-08, elapsed = 756.9 sec
Step =   5046: nodes = 4282, dt = 1.843507e-12, time = 2.049573e-08, elapsed = 757.0 sec
Step =   5047: nodes = 4282, dt = 2.212208e-12, time = 2.049794e-08, elapsed = 757.1 sec
Step =   5048: nodes = 4281, dt = 2.654650e-12, time = 2.050059e-08, elapsed = 757.3 sec
Step =   5049: nodes = 4281, dt = 3.185580e-12, time = 2.050378e-08, elapsed = 757.4 sec
Step =   5050: nodes = 4281, dt = 3.822695e-12, time = 2.050760e-08, elapsed = 757.6 sec
Step =   5051: nodes = 4280, dt = 4.587235e-12, time = 2.051219e-08, elapsed = 757.7 sec
Step =   5052: nodes = 4280, dt = 5.504681e-12, time = 2.051769e-08, elapsed = 757.9 sec
Step =   5053: nodes = 4281, dt = 3.302809e-12, time = 2.052100e-08, elapsed = 758.1 sec
Step =   5054: nodes = 4279, dt = 3.302809e-12, time = 2.052430e-08, elapsed = 758.2 sec
Step =   5055: nodes = 4282, dt = 3.963371e-12, time = 2.052826e-08, elapsed = 758.4 sec
Step =   5056: nodes = 4281, dt = 4.756045e-12, time = 2.053302e-08, elapsed = 758.5 sec
Step =   5057: nodes = 4280, dt = 5.707254e-12, time = 2.053873e-08, elapsed = 758.7 sec
Step =   5058: nodes = 4281, dt = 3.424352e-12, time = 2.054215e-08, elapsed = 758.9 sec
Step =   5059: nodes = 4281, dt = 3.424352e-12, time = 2.054558e-08, elapsed = 759.0 sec
Step =   5060: nodes = 4281, dt = 4.109223e-12, time = 2.054968e-08, elapsed = 759.1 sec
Step =   5061: nodes = 4281, dt = 4.931067e-12, time = 2.055462e-08, elapsed = 759.3 sec
Step =   5062: nodes = 4281, dt = 2.958640e-12, time = 2.055757e-08, elapsed = 759.4 sec
Step =   5063: nodes = 4281, dt = 2.958640e-12, time = 2.056053e-08, elapsed = 759.6 sec
Step =   5064: nodes = 4281, dt = 3.550368e-12, time = 2.056408e-08, elapsed = 759.7 sec
Step =   5065: nodes = 4281, dt = 4.260442e-12, time = 2.056834e-08, elapsed = 759.8 sec
Step =   5066: nodes = 4281, dt = 5.112531e-12, time = 2.057346e-08, elapsed = 760.0 sec
Step =   5067: nodes = 4279, dt = 6.135037e-12, time = 2.057959e-08, elapsed = 760.1 sec
Step =   5068: nodes = 4280, dt = 3.681022e-12, time = 2.058327e-08, elapsed = 760.3 sec
Step =   5069: nodes = 4280, dt = 3.681022e-12, time = 2.058695e-08, elapsed = 760.4 sec
Step =   5070: nodes = 4276, dt = 4.417226e-12, time = 2.059137e-08, elapsed = 760.6 sec
Step =   5071: nodes = 4278, dt = 5.300672e-12, time = 2.059667e-08, elapsed = 760.8 sec
Step =   5072: nodes = 4276, dt = 6.360806e-12, time = 2.060303e-08, elapsed = 760.9 sec
Step =   5073: nodes = 4279, dt = 3.816484e-12, time = 2.060685e-08, elapsed = 761.1 sec
Step =   5074: nodes = 4278, dt = 3.816484e-12, time = 2.061067e-08, elapsed = 761.3 sec
Step =   5075: nodes = 4280, dt = 4.579780e-12, time = 2.061524e-08, elapsed = 761.4 sec
Step =   5076: nodes = 4281, dt = 5.495736e-12, time = 2.062074e-08, elapsed = 761.5 sec
Step =   5077: nodes = 4281, dt = 3.297442e-12, time = 2.062404e-08, elapsed = 761.7 sec
Step =   5078: nodes = 4281, dt = 3.297442e-12, time = 2.062734e-08, elapsed = 761.9 sec
Step =   5079: nodes = 4282, dt = 3.956930e-12, time = 2.063129e-08, elapsed = 762.0 sec
Step =   5080: nodes = 4281, dt = 4.748316e-12, time = 2.063604e-08, elapsed = 762.1 sec
Step =   5081: nodes = 4282, dt = 5.697979e-12, time = 2.064174e-08, elapsed = 762.3 sec
Step =   5082: nodes = 4282, dt = 3.418788e-12, time = 2.064516e-08, elapsed = 762.4 sec
Step =   5083: nodes = 4282, dt = 3.418788e-12, time = 2.064858e-08, elapsed = 762.6 sec
Step =   5084: nodes = 4281, dt = 4.102545e-12, time = 2.065268e-08, elapsed = 762.7 sec
Step =   5085: nodes = 4281, dt = 4.923054e-12, time = 2.065760e-08, elapsed = 762.9 sec
Step =   5086: nodes = 4282, dt = 5.907665e-12, time = 2.066351e-08, elapsed = 763.0 sec
Step =   5087: nodes = 4280, dt = 3.544599e-12, time = 2.066705e-08, elapsed = 763.2 sec
Step =   5088: nodes = 4279, dt = 3.544599e-12, time = 2.067060e-08, elapsed = 763.3 sec
Step =   5089: nodes = 4279, dt = 4.253519e-12, time = 2.067485e-08, elapsed = 763.5 sec
Step =   5090: nodes = 4279, dt = 5.104223e-12, time = 2.067996e-08, elapsed = 763.7 sec
Step =   5091: nodes = 4283, dt = 6.125067e-12, time = 2.068608e-08, elapsed = 763.8 sec
Step =   5092: nodes = 4282, dt = 3.675040e-12, time = 2.068976e-08, elapsed = 764.0 sec
Step =   5093: nodes = 4283, dt = 3.675040e-12, time = 2.069343e-08, elapsed = 764.2 sec
Step =   5094: nodes = 4284, dt = 4.410048e-12, time = 2.069784e-08, elapsed = 764.3 sec
Step =   5095: nodes = 4286, dt = 5.292058e-12, time = 2.070313e-08, elapsed = 764.4 sec
Step =   5096: nodes = 4286, dt = 3.175235e-12, time = 2.070631e-08, elapsed = 764.6 sec
Step =   5097: nodes = 4286, dt = 3.175235e-12, time = 2.070948e-08, elapsed = 764.7 sec
Step =   5098: nodes = 4284, dt = 3.810282e-12, time = 2.071329e-08, elapsed = 764.9 sec
Step =   5099: nodes = 4287, dt = 4.572338e-12, time = 2.071787e-08, elapsed = 765.0 sec
Step =   5100: nodes = 4286, dt = 2.743403e-12, time = 2.072061e-08, elapsed = 765.2 sec
Writing configuration in legacy data format
 Output file: /data/home/dg000246b/openDIS/inital_dislocation_structures/output_caseC_0.14%_seed12345/relax2/config.5100.data
Writing restart file
 Restart file: /data/home/dg000246b/openDIS/inital_dislocation_structures/output_caseC_0.14%_seed12345/relax2/restart.5100.exadis
Step =   5101: nodes = 4287, dt = 2.743403e-12, time = 2.072335e-08, elapsed = 765.3 sec
Step =   5102: nodes = 4286, dt = 3.292083e-12, time = 2.072665e-08, elapsed = 765.5 sec
Step =   5103: nodes = 4287, dt = 3.950500e-12, time = 2.073060e-08, elapsed = 765.6 sec
Step =   5104: nodes = 4286, dt = 4.740600e-12, time = 2.073534e-08, elapsed = 765.7 sec
Step =   5105: nodes = 4285, dt = 5.688720e-12, time = 2.074103e-08, elapsed = 765.9 sec
Step =   5106: nodes = 4288, dt = 3.413232e-12, time = 2.074444e-08, elapsed = 766.1 sec
Step =   5107: nodes = 4287, dt = 3.413232e-12, time = 2.074785e-08, elapsed = 766.2 sec
Step =   5108: nodes = 4287, dt = 4.095879e-12, time = 2.075195e-08, elapsed = 766.3 sec
Step =   5109: nodes = 4289, dt = 4.915054e-12, time = 2.075686e-08, elapsed = 766.5 sec
Step =   5110: nodes = 4289, dt = 2.949033e-12, time = 2.075981e-08, elapsed = 766.6 sec
Step =   5111: nodes = 4289, dt = 2.949033e-12, time = 2.076276e-08, elapsed = 766.7 sec
Step =   5112: nodes = 4290, dt = 3.538839e-12, time = 2.076630e-08, elapsed = 766.9 sec
Step =   5113: nodes = 4288, dt = 4.246607e-12, time = 2.077055e-08, elapsed = 767.1 sec
Step =   5114: nodes = 4289, dt = 5.095928e-12, time = 2.077564e-08, elapsed = 767.2 sec
Step =   5115: nodes = 4289, dt = 3.057557e-12, time = 2.077870e-08, elapsed = 767.4 sec
Step =   5116: nodes = 4288, dt = 3.057557e-12, time = 2.078176e-08, elapsed = 767.5 sec
Step =   5117: nodes = 4289, dt = 3.669068e-12, time = 2.078543e-08, elapsed = 767.6 sec
Step =   5118: nodes = 4290, dt = 4.402882e-12, time = 2.078983e-08, elapsed = 767.7 sec
Step =   5119: nodes = 4290, dt = 5.283458e-12, time = 2.079511e-08, elapsed = 767.9 sec
Step =   5120: nodes = 4291, dt = 3.170075e-12, time = 2.079828e-08, elapsed = 768.1 sec
Step =   5121: nodes = 4291, dt = 3.170075e-12, time = 2.080145e-08, elapsed = 768.2 sec
Step =   5122: nodes = 4291, dt = 3.804090e-12, time = 2.080526e-08, elapsed = 768.3 sec
Step =   5123: nodes = 4290, dt = 4.564908e-12, time = 2.080982e-08, elapsed = 768.5 sec
Step =   5124: nodes = 4291, dt = 5.477890e-12, time = 2.081530e-08, elapsed = 768.7 sec
Step =   5125: nodes = 4290, dt = 3.286734e-12, time = 2.081859e-08, elapsed = 768.8 sec
Step =   5126: nodes = 4290, dt = 3.286734e-12, time = 2.082187e-08, elapsed = 769.0 sec
Step =   5127: nodes = 4290, dt = 3.944081e-12, time = 2.082582e-08, elapsed = 769.1 sec
Step =   5128: nodes = 4291, dt = 4.732897e-12, time = 2.083055e-08, elapsed = 769.3 sec
Step =   5129: nodes = 4290, dt = 5.679476e-12, time = 2.083623e-08, elapsed = 769.4 sec
Step =   5130: nodes = 4290, dt = 3.407686e-12, time = 2.083964e-08, elapsed = 769.6 sec
Step =   5131: nodes = 4290, dt = 3.407686e-12, time = 2.084305e-08, elapsed = 769.7 sec
Step =   5132: nodes = 4291, dt = 4.089223e-12, time = 2.084713e-08, elapsed = 769.9 sec
Step =   5133: nodes = 4291, dt = 4.907067e-12, time = 2.085204e-08, elapsed = 770.0 sec
Step =   5134: nodes = 4290, dt = 2.944240e-12, time = 2.085499e-08, elapsed = 770.2 sec
Step =   5135: nodes = 4289, dt = 2.944240e-12, time = 2.085793e-08, elapsed = 770.3 sec
Step =   5136: nodes = 4289, dt = 3.533088e-12, time = 2.086146e-08, elapsed = 770.4 sec
Step =   5137: nodes = 4292, dt = 4.239706e-12, time = 2.086570e-08, elapsed = 770.6 sec
Step =   5138: nodes = 4293, dt = 5.087647e-12, time = 2.087079e-08, elapsed = 770.7 sec
Step =   5139: nodes = 4293, dt = 6.105177e-12, time = 2.087690e-08, elapsed = 770.9 sec
Step =   5140: nodes = 4290, dt = 7.326212e-12, time = 2.088422e-08, elapsed = 771.0 sec
Step =   5141: nodes = 4292, dt = 4.395727e-12, time = 2.088862e-08, elapsed = 771.2 sec
Step =   5142: nodes = 4292, dt = 4.395727e-12, time = 2.089301e-08, elapsed = 771.4 sec
Step =   5143: nodes = 4293, dt = 5.274873e-12, time = 2.089829e-08, elapsed = 771.5 sec
Step =   5144: nodes = 4293, dt = 6.329847e-12, time = 2.090462e-08, elapsed = 771.7 sec
Step =   5145: nodes = 4294, dt = 3.797908e-12, time = 2.090842e-08, elapsed = 771.8 sec
Step =   5146: nodes = 4294, dt = 3.797908e-12, time = 2.091221e-08, elapsed = 772.0 sec
Step =   5147: nodes = 4294, dt = 4.557490e-12, time = 2.091677e-08, elapsed = 772.1 sec
Step =   5148: nodes = 4294, dt = 5.468988e-12, time = 2.092224e-08, elapsed = 772.2 sec
Step =   5149: nodes = 4294, dt = 6.562786e-12, time = 2.092880e-08, elapsed = 772.4 sec
Step =   5150: nodes = 4294, dt = 3.937671e-12, time = 2.093274e-08, elapsed = 772.5 sec
Step =   5151: nodes = 4293, dt = 3.937671e-12, time = 2.093668e-08, elapsed = 772.7 sec
Step =   5152: nodes = 4294, dt = 4.725206e-12, time = 2.094140e-08, elapsed = 772.9 sec
Step =   5153: nodes = 4293, dt = 5.670247e-12, time = 2.094707e-08, elapsed = 773.0 sec
Step =   5154: nodes = 4289, dt = 6.804296e-12, time = 2.095388e-08, elapsed = 773.1 sec
Step =   5155: nodes = 4290, dt = 8.165155e-12, time = 2.096204e-08, elapsed = 773.3 sec
Step =   5156: nodes = 4291, dt = 4.899093e-12, time = 2.096694e-08, elapsed = 773.5 sec
Step =   5157: nodes = 4289, dt = 4.899093e-12, time = 2.097184e-08, elapsed = 773.6 sec
Step =   5158: nodes = 4291, dt = 5.878912e-12, time = 2.097772e-08, elapsed = 773.8 sec
Step =   5159: nodes = 4289, dt = 7.054694e-12, time = 2.098478e-08, elapsed = 773.9 sec
Step =   5160: nodes = 4289, dt = 4.232817e-12, time = 2.098901e-08, elapsed = 774.1 sec
Step =   5161: nodes = 4290, dt = 4.232817e-12, time = 2.099324e-08, elapsed = 774.3 sec
Step =   5162: nodes = 4288, dt = 5.079380e-12, time = 2.099832e-08, elapsed = 774.4 sec
Step =   5163: nodes = 4290, dt = 6.095256e-12, time = 2.100442e-08, elapsed = 774.5 sec
Step =   5164: nodes = 4290, dt = 7.314307e-12, time = 2.101173e-08, elapsed = 774.7 sec
Step =   5165: nodes = 4289, dt = 8.777169e-12, time = 2.102051e-08, elapsed = 774.9 sec
Step =   5166: nodes = 4290, dt = 1.053260e-11, time = 2.103104e-08, elapsed = 775.1 sec
Step =   5167: nodes = 4288, dt = 6.319561e-12, time = 2.103736e-08, elapsed = 775.3 sec
Step =   5168: nodes = 4288, dt = 6.319561e-12, time = 2.104368e-08, elapsed = 775.4 sec
Step =   5169: nodes = 4289, dt = 7.583474e-12, time = 2.105126e-08, elapsed = 775.5 sec
Step =   5170: nodes = 4289, dt = 4.550084e-12, time = 2.105581e-08, elapsed = 775.7 sec
Step =   5171: nodes = 4289, dt = 4.550084e-12, time = 2.106036e-08, elapsed = 775.9 sec
Step =   5172: nodes = 4290, dt = 2.730050e-12, time = 2.106309e-08, elapsed = 776.0 sec
Step =   5173: nodes = 4290, dt = 2.730050e-12, time = 2.106582e-08, elapsed = 776.1 sec
Step =   5174: nodes = 4289, dt = 3.276061e-12, time = 2.106910e-08, elapsed = 776.3 sec
Step =   5175: nodes = 4289, dt = 3.931273e-12, time = 2.107303e-08, elapsed = 776.4 sec
Step =   5176: nodes = 4290, dt = 4.717527e-12, time = 2.107775e-08, elapsed = 776.6 sec
Step =   5177: nodes = 4291, dt = 2.830516e-12, time = 2.108058e-08, elapsed = 776.7 sec
Step =   5178: nodes = 4292, dt = 2.830516e-12, time = 2.108341e-08, elapsed = 776.9 sec
Step =   5179: nodes = 4291, dt = 3.396620e-12, time = 2.108680e-08, elapsed = 777.0 sec
Step =   5180: nodes = 4290, dt = 4.075944e-12, time = 2.109088e-08, elapsed = 777.1 sec
Step =   5181: nodes = 4292, dt = 4.891132e-12, time = 2.109577e-08, elapsed = 777.3 sec
Step =   5182: nodes = 4293, dt = 2.934679e-12, time = 2.109871e-08, elapsed = 777.4 sec
Step =   5183: nodes = 4293, dt = 2.934679e-12, time = 2.110164e-08, elapsed = 777.5 sec
Step =   5184: nodes = 4292, dt = 3.521615e-12, time = 2.110516e-08, elapsed = 777.7 sec
Step =   5185: nodes = 4292, dt = 4.225938e-12, time = 2.110939e-08, elapsed = 777.8 sec
Step =   5186: nodes = 4291, dt = 5.071126e-12, time = 2.111446e-08, elapsed = 778.0 sec
Step =   5187: nodes = 4289, dt = 3.042676e-12, time = 2.111750e-08, elapsed = 778.1 sec
Step =   5188: nodes = 4289, dt = 3.042676e-12, time = 2.112055e-08, elapsed = 778.2 sec
Step =   5189: nodes = 4289, dt = 3.651211e-12, time = 2.112420e-08, elapsed = 778.4 sec
Step =   5190: nodes = 4290, dt = 4.381453e-12, time = 2.112858e-08, elapsed = 778.5 sec
Step =   5191: nodes = 4290, dt = 5.257743e-12, time = 2.113384e-08, elapsed = 778.7 sec
Step =   5192: nodes = 4290, dt = 3.154646e-12, time = 2.113699e-08, elapsed = 778.9 sec
Step =   5193: nodes = 4290, dt = 3.154646e-12, time = 2.114015e-08, elapsed = 779.0 sec
Step =   5194: nodes = 4290, dt = 3.785575e-12, time = 2.114393e-08, elapsed = 779.2 sec
Step =   5195: nodes = 4291, dt = 4.542690e-12, time = 2.114847e-08, elapsed = 779.3 sec
Step =   5196: nodes = 4289, dt = 5.451228e-12, time = 2.115392e-08, elapsed = 779.4 sec
Step =   5197: nodes = 4292, dt = 3.270737e-12, time = 2.115720e-08, elapsed = 779.6 sec
Step =   5198: nodes = 4292, dt = 3.270737e-12, time = 2.116047e-08, elapsed = 780.1 sec
Step =   5199: nodes = 4292, dt = 3.924884e-12, time = 2.116439e-08, elapsed = 780.3 sec
Step =   5200: nodes = 4291, dt = 4.709861e-12, time = 2.116910e-08, elapsed = 780.5 sec
Writing configuration in legacy data format
 Output file: /data/home/dg000246b/openDIS/inital_dislocation_structures/output_caseC_0.14%_seed12345/relax2/config.5200.data
Writing restart file
 Restart file: /data/home/dg000246b/openDIS/inital_dislocation_structures/output_caseC_0.14%_seed12345/relax2/restart.5200.exadis
Step =   5201: nodes = 4290, dt = 5.651834e-12, time = 2.117475e-08, elapsed = 780.7 sec
Step =   5202: nodes = 4290, dt = 3.391100e-12, time = 2.117814e-08, elapsed = 780.8 sec
Step =   5203: nodes = 4291, dt = 3.391100e-12, time = 2.118153e-08, elapsed = 781.0 sec
Step =   5204: nodes = 4291, dt = 4.069320e-12, time = 2.118560e-08, elapsed = 781.1 sec
Step =   5205: nodes = 4289, dt = 4.883184e-12, time = 2.119049e-08, elapsed = 781.3 sec
Step =   5206: nodes = 4289, dt = 5.859821e-12, time = 2.119635e-08, elapsed = 781.5 sec
Step =   5207: nodes = 4289, dt = 3.515893e-12, time = 2.119986e-08, elapsed = 781.6 sec
Step =   5208: nodes = 4289, dt = 3.515893e-12, time = 2.120338e-08, elapsed = 781.7 sec
Step =   5209: nodes = 4288, dt = 4.219071e-12, time = 2.120760e-08, elapsed = 781.9 sec
Step =   5210: nodes = 4288, dt = 5.062885e-12, time = 2.121266e-08, elapsed = 782.0 sec
Step =   5211: nodes = 4289, dt = 3.037731e-12, time = 2.121570e-08, elapsed = 782.2 sec
Step =   5212: nodes = 4290, dt = 3.037731e-12, time = 2.121874e-08, elapsed = 782.3 sec
Step =   5213: nodes = 4289, dt = 3.645277e-12, time = 2.122238e-08, elapsed = 782.4 sec
Step =   5214: nodes = 4289, dt = 4.374333e-12, time = 2.122676e-08, elapsed = 782.6 sec
Step =   5215: nodes = 4288, dt = 2.624600e-12, time = 2.122938e-08, elapsed = 782.7 sec
Step =   5216: nodes = 4287, dt = 1.312300e-12, time = 2.123069e-08, elapsed = 782.9 sec
Step =   5217: nodes = 4288, dt = 1.312300e-12, time = 2.123201e-08, elapsed = 783.0 sec
Step =   5218: nodes = 4289, dt = 1.574760e-12, time = 2.123358e-08, elapsed = 783.1 sec
Step =   5219: nodes = 4288, dt = 1.889712e-12, time = 2.123547e-08, elapsed = 783.3 sec
Step =   5220: nodes = 4289, dt = 1.133827e-12, time = 2.123660e-08, elapsed = 783.4 sec
Step =   5221: nodes = 4289, dt = 1.133827e-12, time = 2.123774e-08, elapsed = 783.5 sec
Step =   5222: nodes = 4289, dt = 1.360593e-12, time = 2.123910e-08, elapsed = 783.7 sec
Step =   5223: nodes = 4288, dt = 1.632711e-12, time = 2.124073e-08, elapsed = 783.8 sec
Step =   5224: nodes = 4288, dt = 1.959253e-12, time = 2.124269e-08, elapsed = 783.9 sec
Step =   5225: nodes = 4288, dt = 2.351104e-12, time = 2.124504e-08, elapsed = 784.1 sec
Step =   5226: nodes = 4288, dt = 2.821325e-12, time = 2.124786e-08, elapsed = 784.2 sec
Step =   5227: nodes = 4286, dt = 3.385590e-12, time = 2.125125e-08, elapsed = 784.4 sec
Step =   5228: nodes = 4288, dt = 4.062707e-12, time = 2.125531e-08, elapsed = 784.5 sec
Step =   5229: nodes = 4287, dt = 4.875249e-12, time = 2.126019e-08, elapsed = 784.7 sec
Step =   5230: nodes = 4288, dt = 5.850299e-12, time = 2.126604e-08, elapsed = 784.8 sec
Step =   5231: nodes = 4288, dt = 3.510179e-12, time = 2.126955e-08, elapsed = 785.0 sec
Step =   5232: nodes = 4288, dt = 3.510179e-12, time = 2.127306e-08, elapsed = 785.1 sec
Step =   5233: nodes = 4289, dt = 4.212215e-12, time = 2.127727e-08, elapsed = 785.2 sec
Step =   5234: nodes = 4289, dt = 5.054658e-12, time = 2.128232e-08, elapsed = 785.4 sec
Step =   5235: nodes = 4289, dt = 6.065590e-12, time = 2.128839e-08, elapsed = 785.5 sec
Step =   5236: nodes = 4286, dt = 3.639354e-12, time = 2.129203e-08, elapsed = 785.7 sec
Step =   5237: nodes = 4288, dt = 3.639354e-12, time = 2.129567e-08, elapsed = 785.8 sec
Step =   5238: nodes = 4289, dt = 4.367225e-12, time = 2.130003e-08, elapsed = 786.0 sec
Step =   5239: nodes = 4289, dt = 5.240670e-12, time = 2.130528e-08, elapsed = 786.1 sec
Step =   5240: nodes = 4291, dt = 6.288803e-12, time = 2.131156e-08, elapsed = 786.3 sec
Step =   5241: nodes = 4291, dt = 3.773282e-12, time = 2.131534e-08, elapsed = 786.5 sec
Step =   5242: nodes = 4291, dt = 3.773282e-12, time = 2.131911e-08, elapsed = 786.6 sec
Step =   5243: nodes = 4290, dt = 4.527938e-12, time = 2.132364e-08, elapsed = 786.7 sec
Step =   5244: nodes = 4291, dt = 5.433526e-12, time = 2.132907e-08, elapsed = 786.9 sec
Step =   5245: nodes = 4292, dt = 6.520231e-12, time = 2.133559e-08, elapsed = 787.0 sec
Step =   5246: nodes = 4293, dt = 3.912139e-12, time = 2.133950e-08, elapsed = 787.2 sec
Step =   5247: nodes = 4294, dt = 3.912139e-12, time = 2.134342e-08, elapsed = 787.3 sec
Step =   5248: nodes = 4293, dt = 4.694567e-12, time = 2.134811e-08, elapsed = 787.4 sec
Step =   5249: nodes = 4293, dt = 5.633480e-12, time = 2.135374e-08, elapsed = 787.6 sec
Step =   5250: nodes = 4293, dt = 3.380088e-12, time = 2.135712e-08, elapsed = 787.7 sec
Step =   5251: nodes = 4294, dt = 3.380088e-12, time = 2.136051e-08, elapsed = 787.8 sec
Step =   5252: nodes = 4294, dt = 4.056106e-12, time = 2.136456e-08, elapsed = 788.0 sec
Step =   5253: nodes = 4294, dt = 4.867327e-12, time = 2.136943e-08, elapsed = 788.1 sec
Step =   5254: nodes = 4293, dt = 5.840792e-12, time = 2.137527e-08, elapsed = 788.3 sec
Step =   5255: nodes = 4291, dt = 3.504475e-12, time = 2.137877e-08, elapsed = 788.4 sec
Step =   5256: nodes = 4293, dt = 3.504475e-12, time = 2.138228e-08, elapsed = 788.6 sec
Step =   5257: nodes = 4293, dt = 4.205370e-12, time = 2.138648e-08, elapsed = 788.7 sec
Step =   5258: nodes = 4292, dt = 5.046444e-12, time = 2.139153e-08, elapsed = 788.8 sec
Step =   5259: nodes = 4292, dt = 3.027867e-12, time = 2.139456e-08, elapsed = 789.0 sec
Step =   5260: nodes = 4290, dt = 3.027867e-12, time = 2.139759e-08, elapsed = 789.1 sec
Step =   5261: nodes = 4293, dt = 3.633440e-12, time = 2.140122e-08, elapsed = 789.3 sec
Step =   5262: nodes = 4295, dt = 4.360128e-12, time = 2.140558e-08, elapsed = 789.4 sec
Step =   5263: nodes = 4292, dt = 5.232153e-12, time = 2.141081e-08, elapsed = 789.6 sec
Step =   5264: nodes = 4292, dt = 6.278584e-12, time = 2.141709e-08, elapsed = 789.7 sec
Step =   5265: nodes = 4293, dt = 3.767150e-12, time = 2.142086e-08, elapsed = 789.9 sec
Step =   5266: nodes = 4293, dt = 3.767150e-12, time = 2.142462e-08, elapsed = 790.0 sec
Step =   5267: nodes = 4293, dt = 4.520581e-12, time = 2.142914e-08, elapsed = 790.1 sec
Step =   5268: nodes = 4292, dt = 5.424697e-12, time = 2.143457e-08, elapsed = 790.3 sec
Step =   5269: nodes = 4292, dt = 3.254818e-12, time = 2.143782e-08, elapsed = 790.5 sec
Step =   5270: nodes = 4291, dt = 3.254818e-12, time = 2.144108e-08, elapsed = 790.6 sec
Step =   5271: nodes = 4291, dt = 3.905782e-12, time = 2.144499e-08, elapsed = 790.8 sec
Step =   5272: nodes = 4293, dt = 4.686938e-12, time = 2.144967e-08, elapsed = 791.0 sec
Step =   5273: nodes = 4292, dt = 5.624326e-12, time = 2.145530e-08, elapsed = 791.1 sec
Step =   5274: nodes = 4293, dt = 3.374595e-12, time = 2.145867e-08, elapsed = 791.3 sec
Step =   5275: nodes = 4292, dt = 3.374595e-12, time = 2.146205e-08, elapsed = 791.5 sec
Step =   5276: nodes = 4292, dt = 4.049514e-12, time = 2.146610e-08, elapsed = 791.6 sec
Step =   5277: nodes = 4293, dt = 4.859417e-12, time = 2.147095e-08, elapsed = 791.7 sec
Step =   5278: nodes = 4290, dt = 5.831301e-12, time = 2.147679e-08, elapsed = 791.9 sec
Step =   5279: nodes = 4291, dt = 3.498780e-12, time = 2.148028e-08, elapsed = 792.0 sec
Step =   5280: nodes = 4291, dt = 3.498780e-12, time = 2.148378e-08, elapsed = 792.2 sec
Step =   5281: nodes = 4288, dt = 4.198537e-12, time = 2.148798e-08, elapsed = 792.3 sec
Step =   5282: nodes = 4286, dt = 5.038244e-12, time = 2.149302e-08, elapsed = 792.5 sec
Step =   5283: nodes = 4288, dt = 6.045893e-12, time = 2.149907e-08, elapsed = 792.7 sec
Step =   5284: nodes = 4289, dt = 3.627536e-12, time = 2.150269e-08, elapsed = 792.8 sec
Step =   5285: nodes = 4289, dt = 3.627536e-12, time = 2.150632e-08, elapsed = 792.9 sec
Step =   5286: nodes = 4288, dt = 4.353043e-12, time = 2.151067e-08, elapsed = 793.1 sec
Step =   5287: nodes = 4288, dt = 5.223651e-12, time = 2.151590e-08, elapsed = 793.3 sec
Step =   5288: nodes = 4288, dt = 3.134191e-12, time = 2.151903e-08, elapsed = 793.4 sec
Step =   5289: nodes = 4288, dt = 3.134191e-12, time = 2.152217e-08, elapsed = 793.6 sec
Step =   5290: nodes = 4289, dt = 3.761029e-12, time = 2.152593e-08, elapsed = 793.7 sec
Step =   5291: nodes = 4286, dt = 4.513235e-12, time = 2.153044e-08, elapsed = 793.9 sec
Step =   5292: nodes = 4288, dt = 5.415882e-12, time = 2.153586e-08, elapsed = 794.0 sec
Step =   5293: nodes = 4287, dt = 6.499058e-12, time = 2.154236e-08, elapsed = 794.2 sec
Step =   5294: nodes = 4287, dt = 3.899435e-12, time = 2.154625e-08, elapsed = 794.3 sec
Step =   5295: nodes = 4287, dt = 1.949717e-12, time = 2.154820e-08, elapsed = 794.5 sec
Step =   5296: nodes = 4285, dt = 1.949717e-12, time = 2.155015e-08, elapsed = 794.6 sec
Step =   5297: nodes = 4286, dt = 2.339661e-12, time = 2.155249e-08, elapsed = 794.7 sec
Step =   5298: nodes = 4287, dt = 2.807593e-12, time = 2.155530e-08, elapsed = 794.8 sec
Step =   5299: nodes = 4288, dt = 3.369112e-12, time = 2.155867e-08, elapsed = 795.0 sec
Step =   5300: nodes = 4287, dt = 4.042934e-12, time = 2.156271e-08, elapsed = 795.1 sec
Writing configuration in legacy data format
 Output file: /data/home/dg000246b/openDIS/inital_dislocation_structures/output_caseC_0.14%_seed12345/relax2/config.5300.data
Writing restart file
 Restart file: /data/home/dg000246b/openDIS/inital_dislocation_structures/output_caseC_0.14%_seed12345/relax2/restart.5300.exadis
Step =   5301: nodes = 4288, dt = 4.851521e-12, time = 2.156757e-08, elapsed = 795.3 sec
Step =   5302: nodes = 4289, dt = 2.910912e-12, time = 2.157048e-08, elapsed = 795.5 sec
Step =   5303: nodes = 4290, dt = 2.910912e-12, time = 2.157339e-08, elapsed = 795.6 sec
Step =   5304: nodes = 4290, dt = 3.493095e-12, time = 2.157688e-08, elapsed = 795.7 sec
Step =   5305: nodes = 4290, dt = 4.191714e-12, time = 2.158107e-08, elapsed = 795.9 sec
Step =   5306: nodes = 4290, dt = 5.030057e-12, time = 2.158610e-08, elapsed = 796.1 sec
Step =   5307: nodes = 4291, dt = 3.018034e-12, time = 2.158912e-08, elapsed = 796.2 sec
Step =   5308: nodes = 4292, dt = 3.018034e-12, time = 2.159214e-08, elapsed = 796.3 sec
Step =   5309: nodes = 4293, dt = 3.621641e-12, time = 2.159576e-08, elapsed = 796.4 sec
Step =   5310: nodes = 4292, dt = 4.345969e-12, time = 2.160011e-08, elapsed = 796.6 sec
Step =   5311: nodes = 4290, dt = 5.215163e-12, time = 2.160532e-08, elapsed = 796.7 sec
Step =   5312: nodes = 4292, dt = 3.129098e-12, time = 2.160845e-08, elapsed = 796.9 sec
Step =   5313: nodes = 4292, dt = 3.129098e-12, time = 2.161158e-08, elapsed = 797.0 sec
Step =   5314: nodes = 4290, dt = 3.754917e-12, time = 2.161533e-08, elapsed = 797.2 sec
Step =   5315: nodes = 4289, dt = 4.505901e-12, time = 2.161984e-08, elapsed = 797.3 sec
Step =   5316: nodes = 4290, dt = 5.407081e-12, time = 2.162525e-08, elapsed = 797.5 sec
Step =   5317: nodes = 4290, dt = 3.244248e-12, time = 2.162849e-08, elapsed = 797.6 sec
Step =   5318: nodes = 4290, dt = 3.244248e-12, time = 2.163174e-08, elapsed = 797.8 sec
Step =   5319: nodes = 4289, dt = 3.893098e-12, time = 2.163563e-08, elapsed = 797.9 sec
Step =   5320: nodes = 4291, dt = 4.671718e-12, time = 2.164030e-08, elapsed = 798.1 sec
Step =   5321: nodes = 4292, dt = 5.606061e-12, time = 2.164591e-08, elapsed = 798.2 sec
Step =   5322: nodes = 4292, dt = 3.363637e-12, time = 2.164927e-08, elapsed = 798.4 sec
Step =   5323: nodes = 4291, dt = 3.363637e-12, time = 2.165263e-08, elapsed = 798.5 sec
Step =   5324: nodes = 4293, dt = 4.036364e-12, time = 2.165667e-08, elapsed = 798.6 sec
Step =   5325: nodes = 4294, dt = 4.843637e-12, time = 2.166151e-08, elapsed = 798.8 sec
Step =   5326: nodes = 4294, dt = 5.812364e-12, time = 2.166733e-08, elapsed = 799.0 sec
Step =   5327: nodes = 4295, dt = 3.487419e-12, time = 2.167081e-08, elapsed = 799.1 sec
Step =   5328: nodes = 4296, dt = 3.487419e-12, time = 2.167430e-08, elapsed = 799.3 sec
Step =   5329: nodes = 4296, dt = 4.184902e-12, time = 2.167849e-08, elapsed = 799.4 sec
Step =   5330: nodes = 4295, dt = 5.021883e-12, time = 2.168351e-08, elapsed = 799.6 sec
Step =   5331: nodes = 4296, dt = 3.013130e-12, time = 2.168652e-08, elapsed = 799.7 sec
Step =   5332: nodes = 4294, dt = 3.013130e-12, time = 2.168953e-08, elapsed = 799.9 sec
Step =   5333: nodes = 4294, dt = 1.807878e-12, time = 2.169134e-08, elapsed = 800.0 sec
Step =   5334: nodes = 4294, dt = 9.039389e-13, time = 2.169225e-08, elapsed = 800.2 sec
Step =   5335: nodes = 4294, dt = 9.039389e-13, time = 2.169315e-08, elapsed = 800.3 sec
Step =   5336: nodes = 4293, dt = 1.084727e-12, time = 2.169423e-08, elapsed = 800.4 sec
Step =   5337: nodes = 4292, dt = 1.301672e-12, time = 2.169554e-08, elapsed = 800.5 sec
Step =   5338: nodes = 4293, dt = 1.562006e-12, time = 2.169710e-08, elapsed = 800.6 sec
Step =   5339: nodes = 4294, dt = 1.874408e-12, time = 2.169897e-08, elapsed = 800.8 sec
Step =   5340: nodes = 4293, dt = 2.249289e-12, time = 2.170122e-08, elapsed = 800.9 sec
Step =   5341: nodes = 4294, dt = 2.699147e-12, time = 2.170392e-08, elapsed = 801.0 sec
Step =   5342: nodes = 4296, dt = 3.238977e-12, time = 2.170716e-08, elapsed = 801.2 sec
Step =   5343: nodes = 4296, dt = 3.886772e-12, time = 2.171105e-08, elapsed = 801.3 sec
Step =   5344: nodes = 4296, dt = 4.664126e-12, time = 2.171571e-08, elapsed = 801.4 sec
Step =   5345: nodes = 4296, dt = 2.798476e-12, time = 2.171851e-08, elapsed = 801.6 sec
Step =   5346: nodes = 4295, dt = 2.798476e-12, time = 2.172131e-08, elapsed = 801.7 sec
Step =   5347: nodes = 4295, dt = 3.358171e-12, time = 2.172467e-08, elapsed = 801.9 sec
Step =   5348: nodes = 4295, dt = 4.029805e-12, time = 2.172870e-08, elapsed = 802.0 sec
Step =   5349: nodes = 4295, dt = 4.835766e-12, time = 2.173353e-08, elapsed = 802.1 sec
Step =   5350: nodes = 4294, dt = 5.802919e-12, time = 2.173933e-08, elapsed = 802.3 sec
Step =   5351: nodes = 4296, dt = 3.481752e-12, time = 2.174282e-08, elapsed = 802.5 sec
Step =   5352: nodes = 4296, dt = 3.481752e-12, time = 2.174630e-08, elapsed = 802.7 sec
Step =   5353: nodes = 4296, dt = 4.178102e-12, time = 2.175048e-08, elapsed = 802.8 sec
Step =   5354: nodes = 4297, dt = 5.013722e-12, time = 2.175549e-08, elapsed = 803.0 sec
Step =   5355: nodes = 4294, dt = 6.016467e-12, time = 2.176151e-08, elapsed = 803.2 sec
Step =   5356: nodes = 4297, dt = 3.609880e-12, time = 2.176512e-08, elapsed = 803.4 sec
Step =   5357: nodes = 4297, dt = 3.609880e-12, time = 2.176873e-08, elapsed = 803.5 sec
Step =   5358: nodes = 4297, dt = 4.331856e-12, time = 2.177306e-08, elapsed = 803.6 sec
Step =   5359: nodes = 4298, dt = 5.198227e-12, time = 2.177826e-08, elapsed = 803.8 sec
Step =   5360: nodes = 4299, dt = 6.237873e-12, time = 2.178449e-08, elapsed = 804.0 sec
Step =   5361: nodes = 4301, dt = 7.485447e-12, time = 2.179198e-08, elapsed = 804.1 sec
Step =   5362: nodes = 4301, dt = 8.982537e-12, time = 2.180096e-08, elapsed = 804.3 sec
Step =   5363: nodes = 4302, dt = 1.077904e-11, time = 2.181174e-08, elapsed = 804.5 sec
Step =   5364: nodes = 4302, dt = 6.467426e-12, time = 2.181821e-08, elapsed = 804.7 sec
Step =   5365: nodes = 4304, dt = 6.467426e-12, time = 2.182468e-08, elapsed = 804.8 sec
Step =   5366: nodes = 4301, dt = 7.760912e-12, time = 2.183244e-08, elapsed = 805.0 sec
Step =   5367: nodes = 4303, dt = 4.656547e-12, time = 2.183709e-08, elapsed = 805.1 sec
Step =   5368: nodes = 4303, dt = 4.656547e-12, time = 2.184175e-08, elapsed = 805.3 sec
Step =   5369: nodes = 4304, dt = 5.587856e-12, time = 2.184734e-08, elapsed = 805.4 sec
Step =   5370: nodes = 4300, dt = 6.705428e-12, time = 2.185404e-08, elapsed = 805.6 sec
Step =   5371: nodes = 4303, dt = 4.023257e-12, time = 2.185807e-08, elapsed = 805.7 sec
Step =   5372: nodes = 4303, dt = 4.023257e-12, time = 2.186209e-08, elapsed = 805.9 sec
Step =   5373: nodes = 4302, dt = 4.827908e-12, time = 2.186692e-08, elapsed = 806.0 sec
Step =   5374: nodes = 4302, dt = 5.793490e-12, time = 2.187271e-08, elapsed = 806.1 sec
Step =   5375: nodes = 4303, dt = 3.476094e-12, time = 2.187619e-08, elapsed = 806.3 sec
Step =   5376: nodes = 4303, dt = 3.476094e-12, time = 2.187966e-08, elapsed = 806.5 sec
Step =   5377: nodes = 4303, dt = 4.171312e-12, time = 2.188383e-08, elapsed = 806.6 sec
Step =   5378: nodes = 4302, dt = 5.005575e-12, time = 2.188884e-08, elapsed = 806.8 sec
Step =   5379: nodes = 4301, dt = 6.006690e-12, time = 2.189485e-08, elapsed = 806.9 sec
Step =   5380: nodes = 4302, dt = 3.604014e-12, time = 2.189845e-08, elapsed = 807.1 sec
Step =   5381: nodes = 4303, dt = 3.604014e-12, time = 2.190205e-08, elapsed = 807.2 sec
Step =   5382: nodes = 4303, dt = 4.324817e-12, time = 2.190638e-08, elapsed = 807.4 sec
Step =   5383: nodes = 4304, dt = 5.189780e-12, time = 2.191157e-08, elapsed = 807.5 sec
Step =   5384: nodes = 4304, dt = 6.227736e-12, time = 2.191780e-08, elapsed = 807.7 sec
Step =   5385: nodes = 4303, dt = 3.736642e-12, time = 2.192153e-08, elapsed = 807.8 sec
Step =   5386: nodes = 4303, dt = 3.736642e-12, time = 2.192527e-08, elapsed = 808.0 sec
Step =   5387: nodes = 4303, dt = 4.483970e-12, time = 2.192975e-08, elapsed = 808.1 sec
Step =   5388: nodes = 4301, dt = 5.380764e-12, time = 2.193513e-08, elapsed = 808.3 sec
Step =   5389: nodes = 4303, dt = 3.228458e-12, time = 2.193836e-08, elapsed = 808.4 sec
Step =   5390: nodes = 4303, dt = 3.228458e-12, time = 2.194159e-08, elapsed = 808.6 sec
Step =   5391: nodes = 4303, dt = 3.874150e-12, time = 2.194547e-08, elapsed = 808.7 sec
Step =   5392: nodes = 4302, dt = 4.648980e-12, time = 2.195011e-08, elapsed = 808.9 sec
Step =   5393: nodes = 4301, dt = 5.578776e-12, time = 2.195569e-08, elapsed = 809.0 sec
Step =   5394: nodes = 4302, dt = 3.347266e-12, time = 2.195904e-08, elapsed = 809.2 sec
Step =   5395: nodes = 4302, dt = 1.673633e-12, time = 2.196071e-08, elapsed = 809.3 sec
Step =   5396: nodes = 4303, dt = 1.673633e-12, time = 2.196239e-08, elapsed = 809.5 sec
Step =   5397: nodes = 4303, dt = 2.008359e-12, time = 2.196440e-08, elapsed = 809.6 sec
Step =   5398: nodes = 4303, dt = 2.410031e-12, time = 2.196681e-08, elapsed = 810.0 sec
Step =   5399: nodes = 4303, dt = 2.892038e-12, time = 2.196970e-08, elapsed = 810.2 sec
Step =   5400: nodes = 4302, dt = 1.735223e-12, time = 2.197143e-08, elapsed = 810.3 sec
Writing configuration in legacy data format
 Output file: /data/home/dg000246b/openDIS/inital_dislocation_structures/output_caseC_0.14%_seed12345/relax2/config.5400.data
Writing restart file
 Restart file: /data/home/dg000246b/openDIS/inital_dislocation_structures/output_caseC_0.14%_seed12345/relax2/restart.5400.exadis
Step =   5401: nodes = 4301, dt = 1.735223e-12, time = 2.197317e-08, elapsed = 810.5 sec
Step =   5402: nodes = 4302, dt = 2.082267e-12, time = 2.197525e-08, elapsed = 810.7 sec
Step =   5403: nodes = 4302, dt = 2.498720e-12, time = 2.197775e-08, elapsed = 810.8 sec
Step =   5404: nodes = 4302, dt = 2.998465e-12, time = 2.198075e-08, elapsed = 811.0 sec
Step =   5405: nodes = 4302, dt = 3.598157e-12, time = 2.198435e-08, elapsed = 811.2 sec
Step =   5406: nodes = 4300, dt = 4.317789e-12, time = 2.198866e-08, elapsed = 811.3 sec
Step =   5407: nodes = 4300, dt = 5.181347e-12, time = 2.199385e-08, elapsed = 811.5 sec
Step =   5408: nodes = 4303, dt = 6.217616e-12, time = 2.200006e-08, elapsed = 811.7 sec
Step =   5409: nodes = 4302, dt = 7.461139e-12, time = 2.200752e-08, elapsed = 811.9 sec
Step =   5410: nodes = 4300, dt = 4.476684e-12, time = 2.201200e-08, elapsed = 812.1 sec
Step =   5411: nodes = 4300, dt = 4.476684e-12, time = 2.201648e-08, elapsed = 812.2 sec
Step =   5412: nodes = 4301, dt = 5.372020e-12, time = 2.202185e-08, elapsed = 812.4 sec
Step =   5413: nodes = 4301, dt = 6.446424e-12, time = 2.202830e-08, elapsed = 812.5 sec
Step =   5414: nodes = 4301, dt = 7.735709e-12, time = 2.203603e-08, elapsed = 812.7 sec
Step =   5415: nodes = 4302, dt = 9.282851e-12, time = 2.204531e-08, elapsed = 812.8 sec
Step =   5416: nodes = 4302, dt = 5.569711e-12, time = 2.205088e-08, elapsed = 813.0 sec
Step =   5417: nodes = 4301, dt = 2.784855e-12, time = 2.205367e-08, elapsed = 813.2 sec
Step =   5418: nodes = 4302, dt = 2.784855e-12, time = 2.205645e-08, elapsed = 813.3 sec
Step =   5419: nodes = 4301, dt = 3.341826e-12, time = 2.205980e-08, elapsed = 813.4 sec
Step =   5420: nodes = 4303, dt = 4.010192e-12, time = 2.206381e-08, elapsed = 813.6 sec
Step =   5421: nodes = 4303, dt = 4.812230e-12, time = 2.206862e-08, elapsed = 813.7 sec
Step =   5422: nodes = 4303, dt = 2.887338e-12, time = 2.207151e-08, elapsed = 813.9 sec
Step =   5423: nodes = 4303, dt = 2.887338e-12, time = 2.207439e-08, elapsed = 814.0 sec
Step =   5424: nodes = 4302, dt = 3.464806e-12, time = 2.207786e-08, elapsed = 814.2 sec
Step =   5425: nodes = 4302, dt = 4.157767e-12, time = 2.208202e-08, elapsed = 814.3 sec
Step =   5426: nodes = 4302, dt = 4.989320e-12, time = 2.208701e-08, elapsed = 814.5 sec
Step =   5427: nodes = 4302, dt = 2.993592e-12, time = 2.209000e-08, elapsed = 814.7 sec
Step =   5428: nodes = 4302, dt = 2.993592e-12, time = 2.209299e-08, elapsed = 814.8 sec
Step =   5429: nodes = 4303, dt = 3.592310e-12, time = 2.209658e-08, elapsed = 814.9 sec
Step =   5430: nodes = 4304, dt = 4.310772e-12, time = 2.210090e-08, elapsed = 815.1 sec
Step =   5431: nodes = 4304, dt = 2.586463e-12, time = 2.210348e-08, elapsed = 815.2 sec
Step =   5432: nodes = 4300, dt = 2.586463e-12, time = 2.210607e-08, elapsed = 815.3 sec
Step =   5433: nodes = 4302, dt = 3.103756e-12, time = 2.210917e-08, elapsed = 815.5 sec
Step =   5434: nodes = 4301, dt = 3.724507e-12, time = 2.211290e-08, elapsed = 815.6 sec
Step =   5435: nodes = 4301, dt = 2.234704e-12, time = 2.211513e-08, elapsed = 815.8 sec
Step =   5436: nodes = 4302, dt = 2.234704e-12, time = 2.211737e-08, elapsed = 815.9 sec
Step =   5437: nodes = 4302, dt = 2.681645e-12, time = 2.212005e-08, elapsed = 816.1 sec
Step =   5438: nodes = 4302, dt = 3.217974e-12, time = 2.212327e-08, elapsed = 816.2 sec
Step =   5439: nodes = 4302, dt = 1.930785e-12, time = 2.212520e-08, elapsed = 816.4 sec
Step =   5440: nodes = 4300, dt = 1.930785e-12, time = 2.212713e-08, elapsed = 816.5 sec
Step =   5441: nodes = 4300, dt = 2.316942e-12, time = 2.212944e-08, elapsed = 816.6 sec
Step =   5442: nodes = 4301, dt = 2.780330e-12, time = 2.213222e-08, elapsed = 816.8 sec
Step =   5443: nodes = 4299, dt = 3.336396e-12, time = 2.213556e-08, elapsed = 816.9 sec
Step =   5444: nodes = 4301, dt = 4.003675e-12, time = 2.213956e-08, elapsed = 817.1 sec
Step =   5445: nodes = 4301, dt = 4.804410e-12, time = 2.214437e-08, elapsed = 817.2 sec
Step =   5446: nodes = 4301, dt = 2.882646e-12, time = 2.214725e-08, elapsed = 817.4 sec
Step =   5447: nodes = 4301, dt = 2.882646e-12, time = 2.215013e-08, elapsed = 817.5 sec
Step =   5448: nodes = 4301, dt = 3.459175e-12, time = 2.215359e-08, elapsed = 817.6 sec
Step =   5449: nodes = 4301, dt = 4.151010e-12, time = 2.215774e-08, elapsed = 817.8 sec
Step =   5450: nodes = 4300, dt = 4.981212e-12, time = 2.216273e-08, elapsed = 817.9 sec
Step =   5451: nodes = 4300, dt = 2.988727e-12, time = 2.216571e-08, elapsed = 818.1 sec
Step =   5452: nodes = 4300, dt = 2.988727e-12, time = 2.216870e-08, elapsed = 818.2 sec
Step =   5453: nodes = 4300, dt = 3.586473e-12, time = 2.217229e-08, elapsed = 818.4 sec
Step =   5454: nodes = 4299, dt = 4.303767e-12, time = 2.217659e-08, elapsed = 818.5 sec
Step =   5455: nodes = 4301, dt = 5.164521e-12, time = 2.218176e-08, elapsed = 818.7 sec
Step =   5456: nodes = 4301, dt = 3.098713e-12, time = 2.218486e-08, elapsed = 818.8 sec
Step =   5457: nodes = 4302, dt = 3.098713e-12, time = 2.218796e-08, elapsed = 819.0 sec
Step =   5458: nodes = 4302, dt = 3.718455e-12, time = 2.219167e-08, elapsed = 819.1 sec
Step =   5459: nodes = 4302, dt = 4.462146e-12, time = 2.219614e-08, elapsed = 819.2 sec
Step =   5460: nodes = 4297, dt = 5.354575e-12, time = 2.220149e-08, elapsed = 819.4 sec
Step =   5461: nodes = 4298, dt = 3.212745e-12, time = 2.220470e-08, elapsed = 819.6 sec
Step =   5462: nodes = 4299, dt = 3.212745e-12, time = 2.220792e-08, elapsed = 819.7 sec
Step =   5463: nodes = 4299, dt = 3.855294e-12, time = 2.221177e-08, elapsed = 819.9 sec
Step =   5464: nodes = 4298, dt = 4.626353e-12, time = 2.221640e-08, elapsed = 820.0 sec
Step =   5465: nodes = 4299, dt = 5.551624e-12, time = 2.222195e-08, elapsed = 820.2 sec
Step =   5466: nodes = 4298, dt = 3.330974e-12, time = 2.222528e-08, elapsed = 820.3 sec
Step =   5467: nodes = 4299, dt = 3.330974e-12, time = 2.222861e-08, elapsed = 820.5 sec
Step =   5468: nodes = 4299, dt = 3.997169e-12, time = 2.223261e-08, elapsed = 820.6 sec
Step =   5469: nodes = 4301, dt = 4.796603e-12, time = 2.223740e-08, elapsed = 820.8 sec
Step =   5470: nodes = 4301, dt = 5.755923e-12, time = 2.224316e-08, elapsed = 820.9 sec
Step =   5471: nodes = 4301, dt = 3.453554e-12, time = 2.224661e-08, elapsed = 821.1 sec
Step =   5472: nodes = 4301, dt = 3.453554e-12, time = 2.225007e-08, elapsed = 821.2 sec
Step =   5473: nodes = 4301, dt = 4.144265e-12, time = 2.225421e-08, elapsed = 821.4 sec
Step =   5474: nodes = 4299, dt = 4.973118e-12, time = 2.225919e-08, elapsed = 821.5 sec
Step =   5475: nodes = 4300, dt = 5.967741e-12, time = 2.226515e-08, elapsed = 821.7 sec
Step =   5476: nodes = 4299, dt = 3.580645e-12, time = 2.226873e-08, elapsed = 821.8 sec
Step =   5477: nodes = 4299, dt = 3.580645e-12, time = 2.227231e-08, elapsed = 822.0 sec
Step =   5478: nodes = 4300, dt = 4.296774e-12, time = 2.227661e-08, elapsed = 822.1 sec
Step =   5479: nodes = 4299, dt = 5.156129e-12, time = 2.228177e-08, elapsed = 822.2 sec
Step =   5480: nodes = 4301, dt = 6.187354e-12, time = 2.228795e-08, elapsed = 822.4 sec
Step =   5481: nodes = 4302, dt = 3.712413e-12, time = 2.229167e-08, elapsed = 822.6 sec
Step =   5482: nodes = 4302, dt = 3.712413e-12, time = 2.229538e-08, elapsed = 822.7 sec
Step =   5483: nodes = 4301, dt = 4.454895e-12, time = 2.229983e-08, elapsed = 822.9 sec
Step =   5484: nodes = 4300, dt = 5.345874e-12, time = 2.230518e-08, elapsed = 823.0 sec
Step =   5485: nodes = 4299, dt = 6.415049e-12, time = 2.231160e-08, elapsed = 823.2 sec
Step =   5486: nodes = 4300, dt = 3.849029e-12, time = 2.231544e-08, elapsed = 823.3 sec
Step =   5487: nodes = 4300, dt = 3.849029e-12, time = 2.231929e-08, elapsed = 823.4 sec
Step =   5488: nodes = 4298, dt = 4.618835e-12, time = 2.232391e-08, elapsed = 823.6 sec
Step =   5489: nodes = 4300, dt = 5.542602e-12, time = 2.232945e-08, elapsed = 823.7 sec
Step =   5490: nodes = 4298, dt = 3.325561e-12, time = 2.233278e-08, elapsed = 823.9 sec
Step =   5491: nodes = 4299, dt = 3.325561e-12, time = 2.233611e-08, elapsed = 824.0 sec
Step =   5492: nodes = 4299, dt = 3.990674e-12, time = 2.234010e-08, elapsed = 824.2 sec
Step =   5493: nodes = 4299, dt = 4.788808e-12, time = 2.234489e-08, elapsed = 824.3 sec
Step =   5494: nodes = 4298, dt = 2.873285e-12, time = 2.234776e-08, elapsed = 824.5 sec
Step =   5495: nodes = 4298, dt = 2.873285e-12, time = 2.235063e-08, elapsed = 824.6 sec
Step =   5496: nodes = 4298, dt = 3.447942e-12, time = 2.235408e-08, elapsed = 824.8 sec
Step =   5497: nodes = 4297, dt = 4.137530e-12, time = 2.235822e-08, elapsed = 824.9 sec
Step =   5498: nodes = 4297, dt = 4.965037e-12, time = 2.236318e-08, elapsed = 825.1 sec
Step =   5499: nodes = 4296, dt = 2.979022e-12, time = 2.236616e-08, elapsed = 825.3 sec
Step =   5500: nodes = 4295, dt = 2.979022e-12, time = 2.236914e-08, elapsed = 825.4 sec
Writing configuration in legacy data format
 Output file: /data/home/dg000246b/openDIS/inital_dislocation_structures/output_caseC_0.14%_seed12345/relax2/config.5500.data
Writing restart file
 Restart file: /data/home/dg000246b/openDIS/inital_dislocation_structures/output_caseC_0.14%_seed12345/relax2/restart.5500.exadis
Step =   5501: nodes = 4296, dt = 3.574826e-12, time = 2.237272e-08, elapsed = 825.6 sec
Step =   5502: nodes = 4296, dt = 2.144896e-12, time = 2.237486e-08, elapsed = 825.7 sec
Step =   5503: nodes = 4297, dt = 2.144896e-12, time = 2.237701e-08, elapsed = 825.9 sec
Step =   5504: nodes = 4296, dt = 2.573875e-12, time = 2.237958e-08, elapsed = 826.0 sec
Step =   5505: nodes = 4298, dt = 3.088650e-12, time = 2.238267e-08, elapsed = 826.2 sec
Step =   5506: nodes = 4296, dt = 3.706380e-12, time = 2.238637e-08, elapsed = 826.3 sec
Step =   5507: nodes = 4297, dt = 4.447656e-12, time = 2.239082e-08, elapsed = 826.5 sec
Step =   5508: nodes = 4296, dt = 5.337187e-12, time = 2.239616e-08, elapsed = 826.6 sec
Step =   5509: nodes = 4297, dt = 3.202312e-12, time = 2.239936e-08, elapsed = 826.7 sec
Step =   5510: nodes = 4298, dt = 3.202312e-12, time = 2.240256e-08, elapsed = 826.9 sec
Step =   5511: nodes = 4298, dt = 3.842775e-12, time = 2.240641e-08, elapsed = 827.0 sec
Step =   5512: nodes = 4296, dt = 4.611330e-12, time = 2.241102e-08, elapsed = 827.1 sec
Step =   5513: nodes = 4298, dt = 5.533596e-12, time = 2.241655e-08, elapsed = 827.3 sec
Step =   5514: nodes = 4296, dt = 6.640315e-12, time = 2.242319e-08, elapsed = 827.4 sec
Step =   5515: nodes = 4297, dt = 3.984189e-12, time = 2.242718e-08, elapsed = 827.6 sec
Step =   5516: nodes = 4297, dt = 3.984189e-12, time = 2.243116e-08, elapsed = 827.7 sec
Step =   5517: nodes = 4298, dt = 2.390513e-12, time = 2.243355e-08, elapsed = 827.9 sec
Step =   5518: nodes = 4298, dt = 2.390513e-12, time = 2.243594e-08, elapsed = 828.0 sec
Step =   5519: nodes = 4298, dt = 2.868616e-12, time = 2.243881e-08, elapsed = 828.2 sec
Step =   5520: nodes = 4298, dt = 3.442339e-12, time = 2.244225e-08, elapsed = 828.3 sec
Step =   5521: nodes = 4299, dt = 4.130807e-12, time = 2.244638e-08, elapsed = 828.4 sec
Step =   5522: nodes = 4298, dt = 4.956968e-12, time = 2.245134e-08, elapsed = 828.6 sec
Step =   5523: nodes = 4300, dt = 5.948362e-12, time = 2.245729e-08, elapsed = 828.7 sec
Step =   5524: nodes = 4301, dt = 3.569017e-12, time = 2.246086e-08, elapsed = 828.9 sec
Step =   5525: nodes = 4301, dt = 3.569017e-12, time = 2.246443e-08, elapsed = 829.0 sec
Step =   5526: nodes = 4301, dt = 4.282821e-12, time = 2.246871e-08, elapsed = 829.2 sec
Step =   5527: nodes = 4302, dt = 5.139385e-12, time = 2.247385e-08, elapsed = 829.3 sec
Step =   5528: nodes = 4300, dt = 6.167262e-12, time = 2.248002e-08, elapsed = 829.4 sec
Step =   5529: nodes = 4300, dt = 3.700357e-12, time = 2.248372e-08, elapsed = 829.6 sec
Step =   5530: nodes = 4299, dt = 3.700357e-12, time = 2.248742e-08, elapsed = 829.7 sec
Step =   5531: nodes = 4299, dt = 4.440428e-12, time = 2.249186e-08, elapsed = 829.8 sec
Step =   5532: nodes = 4300, dt = 5.328514e-12, time = 2.249719e-08, elapsed = 830.0 sec
Step =   5533: nodes = 4299, dt = 6.394217e-12, time = 2.250358e-08, elapsed = 830.2 sec
Step =   5534: nodes = 4300, dt = 7.673060e-12, time = 2.251125e-08, elapsed = 830.3 sec
Step =   5535: nodes = 4301, dt = 4.603836e-12, time = 2.251586e-08, elapsed = 830.5 sec
Step =   5536: nodes = 4301, dt = 4.603836e-12, time = 2.252046e-08, elapsed = 830.6 sec
Step =   5537: nodes = 4302, dt = 5.524603e-12, time = 2.252598e-08, elapsed = 830.8 sec
Step =   5538: nodes = 4302, dt = 3.314762e-12, time = 2.252930e-08, elapsed = 831.0 sec
Step =   5539: nodes = 4302, dt = 3.314762e-12, time = 2.253261e-08, elapsed = 831.1 sec
Step =   5540: nodes = 4302, dt = 3.977715e-12, time = 2.253659e-08, elapsed = 831.2 sec
Step =   5541: nodes = 4302, dt = 4.773257e-12, time = 2.254137e-08, elapsed = 831.4 sec
Step =   5542: nodes = 4301, dt = 5.727909e-12, time = 2.254709e-08, elapsed = 831.5 sec
Step =   5543: nodes = 4301, dt = 3.436745e-12, time = 2.255053e-08, elapsed = 831.6 sec
Step =   5544: nodes = 4301, dt = 3.436745e-12, time = 2.255397e-08, elapsed = 831.7 sec
Step =   5545: nodes = 4298, dt = 4.124094e-12, time = 2.255809e-08, elapsed = 831.9 sec
Step =   5546: nodes = 4298, dt = 4.948913e-12, time = 2.256304e-08, elapsed = 832.0 sec
Step =   5547: nodes = 4297, dt = 5.938696e-12, time = 2.256898e-08, elapsed = 832.2 sec
Step =   5548: nodes = 4298, dt = 7.126435e-12, time = 2.257610e-08, elapsed = 832.3 sec
Step =   5549: nodes = 4296, dt = 8.551722e-12, time = 2.258466e-08, elapsed = 832.5 sec
Step =   5550: nodes = 4296, dt = 5.131033e-12, time = 2.258979e-08, elapsed = 832.7 sec
Step =   5551: nodes = 4295, dt = 2.565517e-12, time = 2.259235e-08, elapsed = 832.8 sec
Step =   5552: nodes = 4295, dt = 2.565517e-12, time = 2.259492e-08, elapsed = 833.0 sec
Step =   5553: nodes = 4295, dt = 3.078620e-12, time = 2.259800e-08, elapsed = 833.1 sec
Step =   5554: nodes = 4295, dt = 3.694344e-12, time = 2.260169e-08, elapsed = 833.2 sec
Step =   5555: nodes = 4295, dt = 4.433213e-12, time = 2.260612e-08, elapsed = 833.4 sec
Step =   5556: nodes = 4296, dt = 5.319855e-12, time = 2.261144e-08, elapsed = 833.5 sec
Step =   5557: nodes = 4297, dt = 6.383826e-12, time = 2.261783e-08, elapsed = 833.6 sec
Step =   5558: nodes = 4298, dt = 7.660592e-12, time = 2.262549e-08, elapsed = 833.8 sec
Step =   5559: nodes = 4297, dt = 4.596355e-12, time = 2.263009e-08, elapsed = 833.9 sec
Step =   5560: nodes = 4298, dt = 4.596355e-12, time = 2.263468e-08, elapsed = 834.1 sec
Step =   5561: nodes = 4297, dt = 2.757813e-12, time = 2.263744e-08, elapsed = 834.2 sec
Step =   5562: nodes = 4298, dt = 2.757813e-12, time = 2.264020e-08, elapsed = 834.4 sec
Step =   5563: nodes = 4298, dt = 3.309376e-12, time = 2.264351e-08, elapsed = 834.5 sec
Step =   5564: nodes = 4299, dt = 3.971251e-12, time = 2.264748e-08, elapsed = 834.6 sec
Step =   5565: nodes = 4299, dt = 4.765501e-12, time = 2.265224e-08, elapsed = 834.8 sec
Step =   5566: nodes = 4298, dt = 5.718601e-12, time = 2.265796e-08, elapsed = 834.9 sec
Step =   5567: nodes = 4297, dt = 6.862321e-12, time = 2.266482e-08, elapsed = 835.1 sec
Step =   5568: nodes = 4297, dt = 8.234785e-12, time = 2.267306e-08, elapsed = 835.3 sec
Step =   5569: nodes = 4299, dt = 4.940871e-12, time = 2.267800e-08, elapsed = 835.4 sec
Step =   5570: nodes = 4297, dt = 4.940871e-12, time = 2.268294e-08, elapsed = 835.6 sec
Step =   5571: nodes = 4299, dt = 5.929046e-12, time = 2.268887e-08, elapsed = 835.7 sec
Step =   5572: nodes = 4296, dt = 7.114855e-12, time = 2.269598e-08, elapsed = 835.8 sec
Step =   5573: nodes = 4299, dt = 8.537826e-12, time = 2.270452e-08, elapsed = 836.0 sec
Step =   5574: nodes = 4302, dt = 5.122695e-12, time = 2.270965e-08, elapsed = 836.2 sec
Step =   5575: nodes = 4300, dt = 5.122695e-12, time = 2.271477e-08, elapsed = 836.4 sec
Step =   5576: nodes = 4300, dt = 6.147234e-12, time = 2.272092e-08, elapsed = 836.5 sec
Step =   5577: nodes = 4298, dt = 7.376681e-12, time = 2.272829e-08, elapsed = 836.7 sec
Step =   5578: nodes = 4302, dt = 4.426009e-12, time = 2.273272e-08, elapsed = 836.8 sec
Step =   5579: nodes = 4304, dt = 4.426009e-12, time = 2.273714e-08, elapsed = 836.9 sec
Step =   5580: nodes = 4304, dt = 5.311211e-12, time = 2.274246e-08, elapsed = 837.1 sec
Step =   5581: nodes = 4303, dt = 6.373453e-12, time = 2.274883e-08, elapsed = 837.3 sec
Step =   5582: nodes = 4302, dt = 3.824072e-12, time = 2.275265e-08, elapsed = 837.5 sec
Step =   5583: nodes = 4302, dt = 3.824072e-12, time = 2.275648e-08, elapsed = 837.6 sec
Step =   5584: nodes = 4301, dt = 4.588886e-12, time = 2.276107e-08, elapsed = 837.7 sec
Step =   5585: nodes = 4299, dt = 5.506663e-12, time = 2.276657e-08, elapsed = 837.9 sec
Step =   5586: nodes = 4299, dt = 6.607996e-12, time = 2.277318e-08, elapsed = 838.0 sec
Step =   5587: nodes = 4302, dt = 1.982399e-12, time = 2.277516e-08, elapsed = 838.2 sec
Step =   5588: nodes = 4300, dt = 1.982399e-12, time = 2.277715e-08, elapsed = 838.3 sec
Step =   5589: nodes = 4302, dt = 2.378878e-12, time = 2.277952e-08, elapsed = 838.5 sec
Step =   5590: nodes = 4302, dt = 2.854654e-12, time = 2.278238e-08, elapsed = 838.6 sec
Step =   5591: nodes = 4302, dt = 3.425585e-12, time = 2.278580e-08, elapsed = 838.8 sec
Step =   5592: nodes = 4302, dt = 4.110702e-12, time = 2.278991e-08, elapsed = 838.9 sec
Step =   5593: nodes = 4302, dt = 2.466421e-12, time = 2.279238e-08, elapsed = 839.0 sec
Step =   5594: nodes = 4301, dt = 2.466421e-12, time = 2.279485e-08, elapsed = 839.2 sec
Step =   5595: nodes = 4300, dt = 2.959705e-12, time = 2.279781e-08, elapsed = 839.3 sec
Step =   5596: nodes = 4301, dt = 3.551647e-12, time = 2.280136e-08, elapsed = 839.5 sec
Step =   5597: nodes = 4298, dt = 4.261976e-12, time = 2.280562e-08, elapsed = 839.6 sec
Step =   5598: nodes = 4296, dt = 5.114371e-12, time = 2.281074e-08, elapsed = 840.1 sec
Step =   5599: nodes = 4297, dt = 3.068623e-12, time = 2.281380e-08, elapsed = 840.2 sec
Step =   5600: nodes = 4296, dt = 3.068623e-12, time = 2.281687e-08, elapsed = 840.4 sec
Writing configuration in legacy data format
 Output file: /data/home/dg000246b/openDIS/inital_dislocation_structures/output_caseC_0.14%_seed12345/relax2/config.5600.data
Writing restart file
 Restart file: /data/home/dg000246b/openDIS/inital_dislocation_structures/output_caseC_0.14%_seed12345/relax2/restart.5600.exadis
Step =   5601: nodes = 4298, dt = 3.682347e-12, time = 2.282056e-08, elapsed = 840.6 sec
Step =   5602: nodes = 4299, dt = 4.418817e-12, time = 2.282497e-08, elapsed = 840.7 sec
Step =   5603: nodes = 4298, dt = 5.302580e-12, time = 2.283028e-08, elapsed = 840.9 sec
Step =   5604: nodes = 4298, dt = 3.181548e-12, time = 2.283346e-08, elapsed = 841.1 sec
Step =   5605: nodes = 4297, dt = 3.181548e-12, time = 2.283664e-08, elapsed = 841.2 sec
Step =   5606: nodes = 4298, dt = 3.817857e-12, time = 2.284046e-08, elapsed = 841.5 sec
Step =   5607: nodes = 4298, dt = 4.581429e-12, time = 2.284504e-08, elapsed = 841.6 sec
Step =   5608: nodes = 4298, dt = 5.497715e-12, time = 2.285054e-08, elapsed = 841.8 sec
Step =   5609: nodes = 4296, dt = 3.298629e-12, time = 2.285384e-08, elapsed = 842.0 sec
Step =   5610: nodes = 4297, dt = 3.298629e-12, time = 2.285713e-08, elapsed = 842.1 sec
Step =   5611: nodes = 4297, dt = 3.958355e-12, time = 2.286109e-08, elapsed = 842.2 sec
Step =   5612: nodes = 4298, dt = 4.750026e-12, time = 2.286584e-08, elapsed = 842.4 sec
Step =   5613: nodes = 4297, dt = 5.700031e-12, time = 2.287154e-08, elapsed = 842.5 sec
Step =   5614: nodes = 4296, dt = 3.420018e-12, time = 2.287496e-08, elapsed = 842.7 sec
Step =   5615: nodes = 4297, dt = 3.420018e-12, time = 2.287838e-08, elapsed = 842.8 sec
Step =   5616: nodes = 4297, dt = 4.104022e-12, time = 2.288249e-08, elapsed = 842.9 sec
Step =   5617: nodes = 4298, dt = 4.924826e-12, time = 2.288741e-08, elapsed = 843.1 sec
Step =   5618: nodes = 4299, dt = 5.909792e-12, time = 2.289332e-08, elapsed = 843.3 sec
Step =   5619: nodes = 4300, dt = 3.545875e-12, time = 2.289687e-08, elapsed = 843.4 sec
Step =   5620: nodes = 4300, dt = 3.545875e-12, time = 2.290041e-08, elapsed = 843.6 sec
Step =   5621: nodes = 4300, dt = 4.255050e-12, time = 2.290467e-08, elapsed = 843.7 sec
Step =   5622: nodes = 4300, dt = 5.106060e-12, time = 2.290977e-08, elapsed = 843.9 sec
Step =   5623: nodes = 4299, dt = 6.127272e-12, time = 2.291590e-08, elapsed = 844.0 sec
Step =   5624: nodes = 4298, dt = 3.676363e-12, time = 2.291958e-08, elapsed = 844.2 sec
Step =   5625: nodes = 4298, dt = 3.676363e-12, time = 2.292325e-08, elapsed = 844.3 sec
Step =   5626: nodes = 4299, dt = 4.411636e-12, time = 2.292767e-08, elapsed = 844.5 sec
Step =   5627: nodes = 4298, dt = 5.293963e-12, time = 2.293296e-08, elapsed = 844.7 sec
Step =   5628: nodes = 4299, dt = 6.352756e-12, time = 2.293931e-08, elapsed = 844.8 sec
Step =   5629: nodes = 4298, dt = 3.811653e-12, time = 2.294312e-08, elapsed = 845.0 sec
Step =   5630: nodes = 4299, dt = 3.811653e-12, time = 2.294694e-08, elapsed = 845.1 sec
Step =   5631: nodes = 4298, dt = 4.573984e-12, time = 2.295151e-08, elapsed = 845.3 sec
Step =   5632: nodes = 4298, dt = 5.488781e-12, time = 2.295700e-08, elapsed = 845.4 sec
Step =   5633: nodes = 4299, dt = 3.293269e-12, time = 2.296029e-08, elapsed = 845.6 sec
Step =   5634: nodes = 4299, dt = 1.646634e-12, time = 2.296194e-08, elapsed = 845.8 sec
Step =   5635: nodes = 4297, dt = 1.646634e-12, time = 2.296358e-08, elapsed = 845.9 sec
Step =   5636: nodes = 4299, dt = 1.975961e-12, time = 2.296556e-08, elapsed = 846.0 sec
Step =   5637: nodes = 4299, dt = 2.371153e-12, time = 2.296793e-08, elapsed = 846.2 sec
Step =   5638: nodes = 4299, dt = 2.845384e-12, time = 2.297078e-08, elapsed = 846.3 sec
Step =   5639: nodes = 4298, dt = 3.414461e-12, time = 2.297419e-08, elapsed = 846.4 sec
Step =   5640: nodes = 4299, dt = 4.097353e-12, time = 2.297829e-08, elapsed = 846.6 sec
Step =   5641: nodes = 4299, dt = 4.916824e-12, time = 2.298321e-08, elapsed = 846.8 sec
Step =   5642: nodes = 4297, dt = 5.900188e-12, time = 2.298911e-08, elapsed = 846.9 sec
Step =   5643: nodes = 4298, dt = 3.540113e-12, time = 2.299265e-08, elapsed = 847.1 sec
Step =   5644: nodes = 4298, dt = 3.540113e-12, time = 2.299619e-08, elapsed = 847.2 sec
Step =   5645: nodes = 4296, dt = 4.248136e-12, time = 2.300043e-08, elapsed = 847.4 sec
Step =   5646: nodes = 4295, dt = 5.097763e-12, time = 2.300553e-08, elapsed = 847.5 sec
Step =   5647: nodes = 4297, dt = 3.058658e-12, time = 2.300859e-08, elapsed = 847.7 sec
Step =   5648: nodes = 4297, dt = 3.058658e-12, time = 2.301165e-08, elapsed = 847.8 sec
Step =   5649: nodes = 4296, dt = 3.670389e-12, time = 2.301532e-08, elapsed = 848.0 sec
Step =   5650: nodes = 4296, dt = 4.404467e-12, time = 2.301972e-08, elapsed = 848.1 sec
Step =   5651: nodes = 4296, dt = 5.285360e-12, time = 2.302501e-08, elapsed = 848.3 sec
Step =   5652: nodes = 4295, dt = 3.171216e-12, time = 2.302818e-08, elapsed = 848.4 sec
Step =   5653: nodes = 4294, dt = 3.171216e-12, time = 2.303135e-08, elapsed = 848.6 sec
Step =   5654: nodes = 4295, dt = 3.805459e-12, time = 2.303516e-08, elapsed = 848.7 sec
Step =   5655: nodes = 4294, dt = 4.566551e-12, time = 2.303972e-08, elapsed = 848.8 sec
Step =   5656: nodes = 4296, dt = 5.479862e-12, time = 2.304520e-08, elapsed = 849.0 sec
Step =   5657: nodes = 4296, dt = 3.287917e-12, time = 2.304849e-08, elapsed = 849.2 sec
Step =   5658: nodes = 4296, dt = 3.287917e-12, time = 2.305178e-08, elapsed = 849.3 sec
Step =   5659: nodes = 4296, dt = 3.945500e-12, time = 2.305573e-08, elapsed = 849.4 sec
Step =   5660: nodes = 4297, dt = 4.734600e-12, time = 2.306046e-08, elapsed = 849.6 sec
Step =   5661: nodes = 4294, dt = 5.681521e-12, time = 2.306614e-08, elapsed = 849.7 sec
Step =   5662: nodes = 4294, dt = 3.408912e-12, time = 2.306955e-08, elapsed = 849.9 sec
Step =   5663: nodes = 4294, dt = 3.408912e-12, time = 2.307296e-08, elapsed = 850.0 sec
Step =   5664: nodes = 4294, dt = 4.090695e-12, time = 2.307705e-08, elapsed = 850.2 sec
Step =   5665: nodes = 4295, dt = 4.908834e-12, time = 2.308196e-08, elapsed = 850.3 sec
Step =   5666: nodes = 4294, dt = 2.945300e-12, time = 2.308490e-08, elapsed = 850.5 sec
Step =   5667: nodes = 4292, dt = 2.945300e-12, time = 2.308785e-08, elapsed = 850.6 sec
Step =   5668: nodes = 4293, dt = 3.534360e-12, time = 2.309138e-08, elapsed = 850.8 sec
Step =   5669: nodes = 4294, dt = 4.241232e-12, time = 2.309563e-08, elapsed = 850.9 sec
Step =   5670: nodes = 4293, dt = 5.089479e-12, time = 2.310071e-08, elapsed = 851.1 sec
Step =   5671: nodes = 4293, dt = 3.053687e-12, time = 2.310377e-08, elapsed = 851.2 sec
Step =   5672: nodes = 4293, dt = 1.526844e-12, time = 2.310530e-08, elapsed = 851.4 sec
Step =   5673: nodes = 4293, dt = 1.526844e-12, time = 2.310682e-08, elapsed = 851.5 sec
Step =   5674: nodes = 4293, dt = 1.832212e-12, time = 2.310865e-08, elapsed = 851.6 sec
Step =   5675: nodes = 4294, dt = 2.198655e-12, time = 2.311085e-08, elapsed = 851.8 sec
Step =   5676: nodes = 4294, dt = 2.638386e-12, time = 2.311349e-08, elapsed = 851.9 sec
Step =   5677: nodes = 4294, dt = 3.166063e-12, time = 2.311666e-08, elapsed = 852.0 sec
Step =   5678: nodes = 4293, dt = 3.799276e-12, time = 2.312046e-08, elapsed = 852.2 sec
Step =   5679: nodes = 4293, dt = 4.559131e-12, time = 2.312502e-08, elapsed = 852.3 sec
Step =   5680: nodes = 4290, dt = 5.470957e-12, time = 2.313049e-08, elapsed = 852.5 sec
Step =   5681: nodes = 4291, dt = 3.282574e-12, time = 2.313377e-08, elapsed = 852.6 sec
Step =   5682: nodes = 4291, dt = 3.282574e-12, time = 2.313705e-08, elapsed = 852.8 sec
Step =   5683: nodes = 4292, dt = 3.939089e-12, time = 2.314099e-08, elapsed = 852.9 sec
Step =   5684: nodes = 4291, dt = 4.726907e-12, time = 2.314572e-08, elapsed = 853.0 sec
Step =   5685: nodes = 4293, dt = 2.836144e-12, time = 2.314855e-08, elapsed = 853.2 sec
Step =   5686: nodes = 4293, dt = 2.836144e-12, time = 2.315139e-08, elapsed = 853.4 sec
Step =   5687: nodes = 4292, dt = 3.403373e-12, time = 2.315479e-08, elapsed = 853.5 sec
Step =   5688: nodes = 4293, dt = 4.084047e-12, time = 2.315888e-08, elapsed = 853.6 sec
Step =   5689: nodes = 4294, dt = 4.900857e-12, time = 2.316378e-08, elapsed = 853.8 sec
Step =   5690: nodes = 4295, dt = 2.940514e-12, time = 2.316672e-08, elapsed = 853.9 sec
Step =   5691: nodes = 4293, dt = 2.940514e-12, time = 2.316966e-08, elapsed = 854.1 sec
Step =   5692: nodes = 4292, dt = 3.528617e-12, time = 2.317319e-08, elapsed = 854.2 sec
Step =   5693: nodes = 4291, dt = 4.234340e-12, time = 2.317742e-08, elapsed = 854.4 sec
Step =   5694: nodes = 4291, dt = 5.081208e-12, time = 2.318250e-08, elapsed = 854.5 sec
Step =   5695: nodes = 4291, dt = 3.048725e-12, time = 2.318555e-08, elapsed = 854.7 sec
Step =   5696: nodes = 4293, dt = 3.048725e-12, time = 2.318860e-08, elapsed = 854.8 sec
Step =   5697: nodes = 4292, dt = 3.658470e-12, time = 2.319226e-08, elapsed = 854.9 sec
Step =   5698: nodes = 4290, dt = 4.390164e-12, time = 2.319665e-08, elapsed = 855.1 sec
Step =   5699: nodes = 4291, dt = 5.268197e-12, time = 2.320192e-08, elapsed = 855.2 sec
Step =   5700: nodes = 4291, dt = 3.160918e-12, time = 2.320508e-08, elapsed = 855.4 sec
Writing configuration in legacy data format
 Output file: /data/home/dg000246b/openDIS/inital_dislocation_structures/output_caseC_0.14%_seed12345/relax2/config.5700.data
Writing restart file
 Restart file: /data/home/dg000246b/openDIS/inital_dislocation_structures/output_caseC_0.14%_seed12345/relax2/restart.5700.exadis
Step =   5701: nodes = 4290, dt = 3.160918e-12, time = 2.320824e-08, elapsed = 855.6 sec
Step =   5702: nodes = 4292, dt = 3.793102e-12, time = 2.321203e-08, elapsed = 855.7 sec
Step =   5703: nodes = 4292, dt = 4.551722e-12, time = 2.321658e-08, elapsed = 855.9 sec
Step =   5704: nodes = 4292, dt = 5.462067e-12, time = 2.322205e-08, elapsed = 856.0 sec
Step =   5705: nodes = 4293, dt = 3.277240e-12, time = 2.322532e-08, elapsed = 856.2 sec
Step =   5706: nodes = 4294, dt = 3.277240e-12, time = 2.322860e-08, elapsed = 856.3 sec
Step =   5707: nodes = 4294, dt = 3.932688e-12, time = 2.323253e-08, elapsed = 856.5 sec
Step =   5708: nodes = 4294, dt = 4.719226e-12, time = 2.323725e-08, elapsed = 856.6 sec
Step =   5709: nodes = 4294, dt = 5.663071e-12, time = 2.324292e-08, elapsed = 856.7 sec
Step =   5710: nodes = 4293, dt = 3.397842e-12, time = 2.324631e-08, elapsed = 856.9 sec
Step =   5711: nodes = 4293, dt = 3.397842e-12, time = 2.324971e-08, elapsed = 857.0 sec
Step =   5712: nodes = 4294, dt = 4.077411e-12, time = 2.325379e-08, elapsed = 857.2 sec
Step =   5713: nodes = 4294, dt = 4.892893e-12, time = 2.325868e-08, elapsed = 857.3 sec
Step =   5714: nodes = 4294, dt = 5.871472e-12, time = 2.326455e-08, elapsed = 857.5 sec
Step =   5715: nodes = 4294, dt = 3.522883e-12, time = 2.326808e-08, elapsed = 857.7 sec
Step =   5716: nodes = 4292, dt = 3.522883e-12, time = 2.327160e-08, elapsed = 857.8 sec
Step =   5717: nodes = 4294, dt = 4.227460e-12, time = 2.327583e-08, elapsed = 858.0 sec
Step =   5718: nodes = 4294, dt = 5.072951e-12, time = 2.328090e-08, elapsed = 858.1 sec
Step =   5719: nodes = 4296, dt = 6.087542e-12, time = 2.328699e-08, elapsed = 858.3 sec
Step =   5720: nodes = 4296, dt = 3.652525e-12, time = 2.329064e-08, elapsed = 858.4 sec
Step =   5721: nodes = 4294, dt = 3.652525e-12, time = 2.329429e-08, elapsed = 858.6 sec
Step =   5722: nodes = 4294, dt = 4.383030e-12, time = 2.329868e-08, elapsed = 858.7 sec
Step =   5723: nodes = 4296, dt = 5.259636e-12, time = 2.330393e-08, elapsed = 858.9 sec
Step =   5724: nodes = 4295, dt = 6.311563e-12, time = 2.331025e-08, elapsed = 859.0 sec
Step =   5725: nodes = 4296, dt = 3.786938e-12, time = 2.331403e-08, elapsed = 859.2 sec
Step =   5726: nodes = 4296, dt = 3.786938e-12, time = 2.331782e-08, elapsed = 859.3 sec
Step =   5727: nodes = 4295, dt = 4.544326e-12, time = 2.332236e-08, elapsed = 859.4 sec
Step =   5728: nodes = 4297, dt = 5.453191e-12, time = 2.332782e-08, elapsed = 859.6 sec
Step =   5729: nodes = 4298, dt = 3.271914e-12, time = 2.333109e-08, elapsed = 859.7 sec
Step =   5730: nodes = 4299, dt = 3.271914e-12, time = 2.333436e-08, elapsed = 859.9 sec
Step =   5731: nodes = 4299, dt = 3.926297e-12, time = 2.333829e-08, elapsed = 860.1 sec
Step =   5732: nodes = 4301, dt = 4.711557e-12, time = 2.334300e-08, elapsed = 860.2 sec
Step =   5733: nodes = 4301, dt = 2.826934e-12, time = 2.334583e-08, elapsed = 860.4 sec
Step =   5734: nodes = 4302, dt = 2.826934e-12, time = 2.334865e-08, elapsed = 860.5 sec
Step =   5735: nodes = 4301, dt = 3.392321e-12, time = 2.335205e-08, elapsed = 860.7 sec
Step =   5736: nodes = 4302, dt = 4.070785e-12, time = 2.335612e-08, elapsed = 860.8 sec
Step =   5737: nodes = 4302, dt = 4.884942e-12, time = 2.336100e-08, elapsed = 860.9 sec
Step =   5738: nodes = 4302, dt = 2.930965e-12, time = 2.336393e-08, elapsed = 861.1 sec
Step =   5739: nodes = 4302, dt = 2.930965e-12, time = 2.336686e-08, elapsed = 861.2 sec
Step =   5740: nodes = 4302, dt = 3.517158e-12, time = 2.337038e-08, elapsed = 861.4 sec
Step =   5741: nodes = 4301, dt = 4.220590e-12, time = 2.337460e-08, elapsed = 861.5 sec
Step =   5742: nodes = 4299, dt = 5.064708e-12, time = 2.337967e-08, elapsed = 861.7 sec
Step =   5743: nodes = 4298, dt = 3.038825e-12, time = 2.338270e-08, elapsed = 861.8 sec
Step =   5744: nodes = 4298, dt = 3.038825e-12, time = 2.338574e-08, elapsed = 861.9 sec
Step =   5745: nodes = 4298, dt = 3.646590e-12, time = 2.338939e-08, elapsed = 862.1 sec
Step =   5746: nodes = 4297, dt = 4.375908e-12, time = 2.339377e-08, elapsed = 862.2 sec
Step =   5747: nodes = 4296, dt = 5.251089e-12, time = 2.339902e-08, elapsed = 862.4 sec
Step =   5748: nodes = 4298, dt = 3.150654e-12, time = 2.340217e-08, elapsed = 862.5 sec
Step =   5749: nodes = 4299, dt = 3.150654e-12, time = 2.340532e-08, elapsed = 862.7 sec
Step =   5750: nodes = 4298, dt = 3.780784e-12, time = 2.340910e-08, elapsed = 862.8 sec
Step =   5751: nodes = 4300, dt = 4.536941e-12, time = 2.341364e-08, elapsed = 862.9 sec
Step =   5752: nodes = 4300, dt = 5.444329e-12, time = 2.341908e-08, elapsed = 863.1 sec
Step =   5753: nodes = 4299, dt = 3.266598e-12, time = 2.342235e-08, elapsed = 863.3 sec
Step =   5754: nodes = 4299, dt = 3.266598e-12, time = 2.342561e-08, elapsed = 863.4 sec
Step =   5755: nodes = 4299, dt = 3.919917e-12, time = 2.342953e-08, elapsed = 863.5 sec
Step =   5756: nodes = 4299, dt = 4.703900e-12, time = 2.343424e-08, elapsed = 863.7 sec
Step =   5757: nodes = 4301, dt = 5.644681e-12, time = 2.343988e-08, elapsed = 863.8 sec
Step =   5758: nodes = 4300, dt = 3.386808e-12, time = 2.344327e-08, elapsed = 864.0 sec
Step =   5759: nodes = 4297, dt = 3.386808e-12, time = 2.344666e-08, elapsed = 864.1 sec
Step =   5760: nodes = 4296, dt = 4.064170e-12, time = 2.345072e-08, elapsed = 864.3 sec
Step =   5761: nodes = 4295, dt = 4.877004e-12, time = 2.345560e-08, elapsed = 864.4 sec
Step =   5762: nodes = 4294, dt = 5.852405e-12, time = 2.346145e-08, elapsed = 864.6 sec
Step =   5763: nodes = 4295, dt = 3.511443e-12, time = 2.346496e-08, elapsed = 864.7 sec
Step =   5764: nodes = 4295, dt = 3.511443e-12, time = 2.346847e-08, elapsed = 864.9 sec
Step =   5765: nodes = 4295, dt = 4.213731e-12, time = 2.347269e-08, elapsed = 865.0 sec
Step =   5766: nodes = 4295, dt = 5.056478e-12, time = 2.347774e-08, elapsed = 865.1 sec
Step =   5767: nodes = 4297, dt = 3.033887e-12, time = 2.348078e-08, elapsed = 865.3 sec
Step =   5768: nodes = 4297, dt = 3.033887e-12, time = 2.348381e-08, elapsed = 865.4 sec
Step =   5769: nodes = 4297, dt = 3.640664e-12, time = 2.348745e-08, elapsed = 865.5 sec
Step =   5770: nodes = 4296, dt = 4.368797e-12, time = 2.349182e-08, elapsed = 865.7 sec
Step =   5771: nodes = 4295, dt = 5.242556e-12, time = 2.349706e-08, elapsed = 865.8 sec
Step =   5772: nodes = 4296, dt = 6.291067e-12, time = 2.350335e-08, elapsed = 866.0 sec
Step =   5773: nodes = 4296, dt = 3.774640e-12, time = 2.350713e-08, elapsed = 866.2 sec
Step =   5774: nodes = 4297, dt = 3.774640e-12, time = 2.351090e-08, elapsed = 866.3 sec
Step =   5775: nodes = 4296, dt = 4.529569e-12, time = 2.351543e-08, elapsed = 866.5 sec
Step =   5776: nodes = 4298, dt = 5.435482e-12, time = 2.352087e-08, elapsed = 866.6 sec
Step =   5777: nodes = 4297, dt = 3.261289e-12, time = 2.352413e-08, elapsed = 866.8 sec
Step =   5778: nodes = 4297, dt = 3.261289e-12, time = 2.352739e-08, elapsed = 866.9 sec
Step =   5779: nodes = 4298, dt = 3.913547e-12, time = 2.353130e-08, elapsed = 867.0 sec
Step =   5780: nodes = 4298, dt = 4.696257e-12, time = 2.353600e-08, elapsed = 867.2 sec
Step =   5781: nodes = 4297, dt = 5.635508e-12, time = 2.354164e-08, elapsed = 867.3 sec
Step =   5782: nodes = 4298, dt = 3.381305e-12, time = 2.354502e-08, elapsed = 867.5 sec
Step =   5783: nodes = 4299, dt = 3.381305e-12, time = 2.354840e-08, elapsed = 867.6 sec
Step =   5784: nodes = 4298, dt = 4.057566e-12, time = 2.355246e-08, elapsed = 867.8 sec
Step =   5785: nodes = 4299, dt = 4.869079e-12, time = 2.355732e-08, elapsed = 867.9 sec
Step =   5786: nodes = 4295, dt = 5.842895e-12, time = 2.356317e-08, elapsed = 868.1 sec
Step =   5787: nodes = 4296, dt = 7.011474e-12, time = 2.357018e-08, elapsed = 868.2 sec
Step =   5788: nodes = 4293, dt = 8.413768e-12, time = 2.357859e-08, elapsed = 868.4 sec
Step =   5789: nodes = 4293, dt = 1.009652e-11, time = 2.358869e-08, elapsed = 868.5 sec
Step =   5790: nodes = 4297, dt = 6.057913e-12, time = 2.359475e-08, elapsed = 868.7 sec
Step =   5791: nodes = 4297, dt = 6.057913e-12, time = 2.360081e-08, elapsed = 868.9 sec
Step =   5792: nodes = 4297, dt = 3.634748e-12, time = 2.360444e-08, elapsed = 869.0 sec
Step =   5793: nodes = 4297, dt = 3.634748e-12, time = 2.360807e-08, elapsed = 869.2 sec
Step =   5794: nodes = 4298, dt = 4.361697e-12, time = 2.361244e-08, elapsed = 869.3 sec
Step =   5795: nodes = 4296, dt = 5.234037e-12, time = 2.361767e-08, elapsed = 869.4 sec
Step =   5796: nodes = 4296, dt = 6.280844e-12, time = 2.362395e-08, elapsed = 869.6 sec
Step =   5797: nodes = 4297, dt = 3.768507e-12, time = 2.362772e-08, elapsed = 869.8 sec
Step =   5798: nodes = 4296, dt = 3.768507e-12, time = 2.363149e-08, elapsed = 870.0 sec
Step =   5799: nodes = 4296, dt = 4.522208e-12, time = 2.363601e-08, elapsed = 870.4 sec
Step =   5800: nodes = 4296, dt = 5.426650e-12, time = 2.364144e-08, elapsed = 870.6 sec
Writing configuration in legacy data format
 Output file: /data/home/dg000246b/openDIS/inital_dislocation_structures/output_caseC_0.14%_seed12345/relax2/config.5800.data
Writing restart file
 Restart file: /data/home/dg000246b/openDIS/inital_dislocation_structures/output_caseC_0.14%_seed12345/relax2/restart.5800.exadis
Step =   5801: nodes = 4294, dt = 6.511979e-12, time = 2.364795e-08, elapsed = 870.8 sec
Step =   5802: nodes = 4296, dt = 3.907188e-12, time = 2.365186e-08, elapsed = 871.0 sec
Step =   5803: nodes = 4296, dt = 3.907188e-12, time = 2.365576e-08, elapsed = 871.1 sec
Step =   5804: nodes = 4296, dt = 4.688625e-12, time = 2.366045e-08, elapsed = 871.3 sec
Step =   5805: nodes = 4295, dt = 5.626350e-12, time = 2.366608e-08, elapsed = 871.4 sec
Step =   5806: nodes = 4297, dt = 3.375810e-12, time = 2.366945e-08, elapsed = 871.6 sec
Step =   5807: nodes = 4296, dt = 3.375810e-12, time = 2.367283e-08, elapsed = 871.7 sec
Step =   5808: nodes = 4296, dt = 4.050972e-12, time = 2.367688e-08, elapsed = 871.9 sec
Step =   5809: nodes = 4295, dt = 4.861167e-12, time = 2.368174e-08, elapsed = 872.0 sec
Step =   5810: nodes = 4291, dt = 5.833400e-12, time = 2.368758e-08, elapsed = 872.2 sec
Step =   5811: nodes = 4288, dt = 7.000080e-12, time = 2.369458e-08, elapsed = 872.4 sec
Step =   5812: nodes = 4289, dt = 8.400096e-12, time = 2.370298e-08, elapsed = 872.6 sec
Step =   5813: nodes = 4291, dt = 2.520029e-12, time = 2.370550e-08, elapsed = 872.8 sec
Step =   5814: nodes = 4291, dt = 2.520029e-12, time = 2.370802e-08, elapsed = 872.9 sec
Step =   5815: nodes = 4289, dt = 3.024035e-12, time = 2.371104e-08, elapsed = 873.0 sec
Step =   5816: nodes = 4290, dt = 3.628841e-12, time = 2.371467e-08, elapsed = 873.1 sec
Step =   5817: nodes = 4289, dt = 4.354610e-12, time = 2.371902e-08, elapsed = 873.3 sec
Step =   5818: nodes = 4290, dt = 5.225532e-12, time = 2.372425e-08, elapsed = 873.5 sec
Step =   5819: nodes = 4288, dt = 6.270638e-12, time = 2.373052e-08, elapsed = 873.6 sec
Step =   5820: nodes = 4285, dt = 7.524766e-12, time = 2.373804e-08, elapsed = 873.8 sec
Step =   5821: nodes = 4288, dt = 9.029719e-12, time = 2.374707e-08, elapsed = 873.9 sec
Step =   5822: nodes = 4289, dt = 2.708916e-12, time = 2.374978e-08, elapsed = 874.1 sec
Step =   5823: nodes = 4287, dt = 2.708916e-12, time = 2.375249e-08, elapsed = 874.3 sec
Step =   5824: nodes = 4288, dt = 3.250699e-12, time = 2.375574e-08, elapsed = 874.4 sec
Step =   5825: nodes = 4288, dt = 3.900838e-12, time = 2.375964e-08, elapsed = 874.5 sec
Step =   5826: nodes = 4289, dt = 4.681006e-12, time = 2.376432e-08, elapsed = 874.7 sec
Step =   5827: nodes = 4288, dt = 5.617207e-12, time = 2.376994e-08, elapsed = 874.8 sec
Step =   5828: nodes = 4287, dt = 6.740649e-12, time = 2.377668e-08, elapsed = 874.9 sec
Step =   5829: nodes = 4289, dt = 8.088779e-12, time = 2.378477e-08, elapsed = 875.1 sec
Step =   5830: nodes = 4286, dt = 9.706534e-12, time = 2.379448e-08, elapsed = 875.2 sec
Step =   5831: nodes = 4288, dt = 5.823921e-12, time = 2.380030e-08, elapsed = 875.4 sec
Step =   5832: nodes = 4288, dt = 5.823921e-12, time = 2.380613e-08, elapsed = 875.5 sec
Step =   5833: nodes = 4288, dt = 6.988705e-12, time = 2.381311e-08, elapsed = 875.7 sec
Step =   5834: nodes = 4289, dt = 4.193223e-12, time = 2.381731e-08, elapsed = 875.9 sec
Step =   5835: nodes = 4290, dt = 4.193223e-12, time = 2.382150e-08, elapsed = 876.0 sec
Step =   5836: nodes = 4289, dt = 5.031867e-12, time = 2.382653e-08, elapsed = 876.1 sec
Step =   5837: nodes = 4288, dt = 6.038241e-12, time = 2.383257e-08, elapsed = 876.3 sec
Step =   5838: nodes = 4287, dt = 7.245889e-12, time = 2.383982e-08, elapsed = 876.4 sec
Step =   5839: nodes = 4286, dt = 8.695067e-12, time = 2.384851e-08, elapsed = 876.6 sec
Step =   5840: nodes = 4289, dt = 5.217040e-12, time = 2.385373e-08, elapsed = 876.8 sec
Step =   5841: nodes = 4286, dt = 5.217040e-12, time = 2.385895e-08, elapsed = 876.9 sec
Step =   5842: nodes = 4289, dt = 3.130224e-12, time = 2.386208e-08, elapsed = 877.1 sec
Step =   5843: nodes = 4289, dt = 3.130224e-12, time = 2.386521e-08, elapsed = 877.2 sec
Step =   5844: nodes = 4289, dt = 3.756269e-12, time = 2.386896e-08, elapsed = 877.4 sec
Step =   5845: nodes = 4289, dt = 4.507523e-12, time = 2.387347e-08, elapsed = 877.5 sec
Step =   5846: nodes = 4289, dt = 5.409027e-12, time = 2.387888e-08, elapsed = 877.6 sec
Step =   5847: nodes = 4288, dt = 3.245416e-12, time = 2.388212e-08, elapsed = 877.8 sec
Step =   5848: nodes = 4290, dt = 3.245416e-12, time = 2.388537e-08, elapsed = 877.9 sec
Step =   5849: nodes = 4290, dt = 3.894500e-12, time = 2.388926e-08, elapsed = 878.1 sec
Step =   5850: nodes = 4287, dt = 4.673400e-12, time = 2.389394e-08, elapsed = 878.2 sec
Step =   5851: nodes = 4286, dt = 5.608079e-12, time = 2.389955e-08, elapsed = 878.4 sec
Step =   5852: nodes = 4286, dt = 3.364848e-12, time = 2.390291e-08, elapsed = 878.5 sec
Step =   5853: nodes = 4287, dt = 3.364848e-12, time = 2.390628e-08, elapsed = 878.7 sec
Step =   5854: nodes = 4287, dt = 4.037817e-12, time = 2.391031e-08, elapsed = 878.8 sec
Step =   5855: nodes = 4285, dt = 4.845381e-12, time = 2.391516e-08, elapsed = 878.9 sec
Step =   5856: nodes = 4288, dt = 2.907228e-12, time = 2.391807e-08, elapsed = 879.1 sec
Step =   5857: nodes = 4288, dt = 2.907228e-12, time = 2.392097e-08, elapsed = 879.2 sec
Step =   5858: nodes = 4286, dt = 3.488674e-12, time = 2.392446e-08, elapsed = 879.3 sec
Step =   5859: nodes = 4288, dt = 4.186409e-12, time = 2.392865e-08, elapsed = 879.5 sec
Step =   5860: nodes = 4290, dt = 5.023691e-12, time = 2.393367e-08, elapsed = 879.6 sec
Step =   5861: nodes = 4290, dt = 6.028429e-12, time = 2.393970e-08, elapsed = 879.7 sec
Step =   5862: nodes = 4290, dt = 3.617057e-12, time = 2.394332e-08, elapsed = 879.9 sec
Step =   5863: nodes = 4290, dt = 3.617057e-12, time = 2.394693e-08, elapsed = 880.0 sec
Step =   5864: nodes = 4288, dt = 4.340469e-12, time = 2.395127e-08, elapsed = 880.1 sec
Step =   5865: nodes = 4288, dt = 5.208562e-12, time = 2.395648e-08, elapsed = 880.3 sec
Step =   5866: nodes = 4289, dt = 6.250275e-12, time = 2.396273e-08, elapsed = 880.4 sec
Step =   5867: nodes = 4288, dt = 3.750165e-12, time = 2.396648e-08, elapsed = 880.6 sec
Step =   5868: nodes = 4288, dt = 3.750165e-12, time = 2.397023e-08, elapsed = 880.7 sec
Step =   5869: nodes = 4288, dt = 4.500198e-12, time = 2.397473e-08, elapsed = 880.9 sec
Step =   5870: nodes = 4288, dt = 5.400238e-12, time = 2.398013e-08, elapsed = 881.0 sec
Step =   5871: nodes = 4289, dt = 6.480285e-12, time = 2.398661e-08, elapsed = 881.2 sec
Step =   5872: nodes = 4289, dt = 3.888171e-12, time = 2.399050e-08, elapsed = 881.3 sec
Step =   5873: nodes = 4290, dt = 3.888171e-12, time = 2.399439e-08, elapsed = 881.5 sec
Step =   5874: nodes = 4292, dt = 4.665805e-12, time = 2.399906e-08, elapsed = 881.6 sec
Step =   5875: nodes = 4291, dt = 5.598966e-12, time = 2.400466e-08, elapsed = 881.7 sec
Step =   5876: nodes = 4291, dt = 6.718760e-12, time = 2.401137e-08, elapsed = 881.9 sec
Step =   5877: nodes = 4291, dt = 8.062511e-12, time = 2.401944e-08, elapsed = 882.0 sec
Step =   5878: nodes = 4293, dt = 4.837507e-12, time = 2.402427e-08, elapsed = 882.2 sec
Step =   5879: nodes = 4292, dt = 4.837507e-12, time = 2.402911e-08, elapsed = 882.3 sec
Step =   5880: nodes = 4293, dt = 5.805008e-12, time = 2.403492e-08, elapsed = 882.4 sec
Step =   5881: nodes = 4291, dt = 6.966010e-12, time = 2.404188e-08, elapsed = 882.6 sec
Step =   5882: nodes = 4292, dt = 2.089803e-12, time = 2.404397e-08, elapsed = 882.8 sec
Step =   5883: nodes = 4292, dt = 2.089803e-12, time = 2.404606e-08, elapsed = 882.9 sec
Step =   5884: nodes = 4291, dt = 2.507764e-12, time = 2.404857e-08, elapsed = 883.0 sec
Step =   5885: nodes = 4291, dt = 3.009316e-12, time = 2.405158e-08, elapsed = 883.2 sec
Step =   5886: nodes = 4291, dt = 3.611180e-12, time = 2.405519e-08, elapsed = 883.3 sec
Step =   5887: nodes = 4290, dt = 4.333415e-12, time = 2.405952e-08, elapsed = 883.5 sec
Step =   5888: nodes = 4291, dt = 5.200099e-12, time = 2.406472e-08, elapsed = 883.6 sec
Step =   5889: nodes = 4292, dt = 6.240118e-12, time = 2.407096e-08, elapsed = 883.8 sec
Step =   5890: nodes = 4292, dt = 3.744071e-12, time = 2.407471e-08, elapsed = 883.9 sec
Step =   5891: nodes = 4292, dt = 3.744071e-12, time = 2.407845e-08, elapsed = 884.1 sec
Step =   5892: nodes = 4291, dt = 4.492885e-12, time = 2.408295e-08, elapsed = 884.2 sec
Step =   5893: nodes = 4291, dt = 5.391462e-12, time = 2.408834e-08, elapsed = 884.4 sec
Step =   5894: nodes = 4289, dt = 6.469755e-12, time = 2.409481e-08, elapsed = 884.5 sec
Step =   5895: nodes = 4289, dt = 3.881853e-12, time = 2.409869e-08, elapsed = 884.7 sec
Step =   5896: nodes = 4291, dt = 3.881853e-12, time = 2.410257e-08, elapsed = 884.9 sec
Step =   5897: nodes = 4290, dt = 4.658223e-12, time = 2.410723e-08, elapsed = 885.0 sec
Step =   5898: nodes = 4288, dt = 5.589868e-12, time = 2.411282e-08, elapsed = 885.2 sec
Step =   5899: nodes = 4289, dt = 6.707842e-12, time = 2.411953e-08, elapsed = 885.4 sec
Step =   5900: nodes = 4291, dt = 4.024705e-12, time = 2.412355e-08, elapsed = 885.5 sec
Writing configuration in legacy data format
 Output file: /data/home/dg000246b/openDIS/inital_dislocation_structures/output_caseC_0.14%_seed12345/relax2/config.5900.data
Writing restart file
 Restart file: /data/home/dg000246b/openDIS/inital_dislocation_structures/output_caseC_0.14%_seed12345/relax2/restart.5900.exadis
Step =   5901: nodes = 4292, dt = 4.024705e-12, time = 2.412758e-08, elapsed = 885.7 sec
Step =   5902: nodes = 4290, dt = 4.829646e-12, time = 2.413241e-08, elapsed = 885.9 sec
Step =   5903: nodes = 4291, dt = 5.795575e-12, time = 2.413820e-08, elapsed = 886.0 sec
Step =   5904: nodes = 4291, dt = 3.477345e-12, time = 2.414168e-08, elapsed = 886.2 sec
Step =   5905: nodes = 4291, dt = 3.477345e-12, time = 2.414516e-08, elapsed = 886.4 sec
Step =   5906: nodes = 4291, dt = 4.172814e-12, time = 2.414933e-08, elapsed = 886.5 sec
Step =   5907: nodes = 4293, dt = 5.007377e-12, time = 2.415434e-08, elapsed = 886.6 sec
Step =   5908: nodes = 4292, dt = 3.004426e-12, time = 2.415734e-08, elapsed = 886.8 sec
Step =   5909: nodes = 4293, dt = 3.004426e-12, time = 2.416034e-08, elapsed = 887.0 sec
Step =   5910: nodes = 4293, dt = 3.605311e-12, time = 2.416395e-08, elapsed = 887.1 sec
Step =   5911: nodes = 4292, dt = 2.163187e-12, time = 2.416611e-08, elapsed = 887.3 sec
Step =   5912: nodes = 4292, dt = 2.163187e-12, time = 2.416828e-08, elapsed = 887.4 sec
Step =   5913: nodes = 4292, dt = 2.595824e-12, time = 2.417087e-08, elapsed = 887.5 sec
Step =   5914: nodes = 4292, dt = 3.114989e-12, time = 2.417399e-08, elapsed = 887.7 sec
Step =   5915: nodes = 4292, dt = 3.737987e-12, time = 2.417773e-08, elapsed = 887.8 sec
Step =   5916: nodes = 4292, dt = 4.485584e-12, time = 2.418221e-08, elapsed = 888.0 sec
Step =   5917: nodes = 4290, dt = 5.382701e-12, time = 2.418759e-08, elapsed = 888.1 sec
Step =   5918: nodes = 4293, dt = 6.459241e-12, time = 2.419405e-08, elapsed = 888.2 sec
Step =   5919: nodes = 4295, dt = 3.875545e-12, time = 2.419793e-08, elapsed = 888.4 sec
Step =   5920: nodes = 4292, dt = 3.875545e-12, time = 2.420180e-08, elapsed = 888.6 sec
Step =   5921: nodes = 4293, dt = 4.650654e-12, time = 2.420645e-08, elapsed = 888.7 sec
Step =   5922: nodes = 4294, dt = 5.580784e-12, time = 2.421204e-08, elapsed = 888.9 sec
Step =   5923: nodes = 4292, dt = 6.696941e-12, time = 2.421873e-08, elapsed = 889.1 sec
Step =   5924: nodes = 4290, dt = 8.036330e-12, time = 2.422677e-08, elapsed = 889.3 sec
Step =   5925: nodes = 4293, dt = 4.821798e-12, time = 2.423159e-08, elapsed = 889.4 sec
Step =   5926: nodes = 4294, dt = 4.821798e-12, time = 2.423641e-08, elapsed = 889.6 sec
Step =   5927: nodes = 4295, dt = 5.786157e-12, time = 2.424220e-08, elapsed = 889.7 sec
Step =   5928: nodes = 4297, dt = 3.471694e-12, time = 2.424567e-08, elapsed = 889.9 sec
Step =   5929: nodes = 4297, dt = 3.471694e-12, time = 2.424914e-08, elapsed = 890.0 sec
Step =   5930: nodes = 4297, dt = 4.166033e-12, time = 2.425331e-08, elapsed = 890.1 sec
Step =   5931: nodes = 4294, dt = 4.999240e-12, time = 2.425831e-08, elapsed = 890.3 sec
Step =   5932: nodes = 4293, dt = 5.999088e-12, time = 2.426431e-08, elapsed = 890.5 sec
Step =   5933: nodes = 4293, dt = 3.599453e-12, time = 2.426791e-08, elapsed = 890.6 sec
Step =   5934: nodes = 4295, dt = 3.599453e-12, time = 2.427151e-08, elapsed = 890.7 sec
Step =   5935: nodes = 4294, dt = 4.319343e-12, time = 2.427582e-08, elapsed = 890.9 sec
Step =   5936: nodes = 4294, dt = 5.183212e-12, time = 2.428101e-08, elapsed = 891.0 sec
Step =   5937: nodes = 4293, dt = 3.109927e-12, time = 2.428412e-08, elapsed = 891.2 sec
Step =   5938: nodes = 4293, dt = 3.109927e-12, time = 2.428723e-08, elapsed = 891.3 sec
Step =   5939: nodes = 4292, dt = 3.731913e-12, time = 2.429096e-08, elapsed = 891.5 sec
Step =   5940: nodes = 4291, dt = 4.478295e-12, time = 2.429544e-08, elapsed = 891.6 sec
Step =   5941: nodes = 4294, dt = 5.373954e-12, time = 2.430081e-08, elapsed = 891.8 sec
Step =   5942: nodes = 4295, dt = 3.224372e-12, time = 2.430404e-08, elapsed = 891.9 sec
Step =   5943: nodes = 4294, dt = 3.224372e-12, time = 2.430726e-08, elapsed = 892.0 sec
Step =   5944: nodes = 4294, dt = 3.869247e-12, time = 2.431113e-08, elapsed = 892.2 sec
Step =   5945: nodes = 4294, dt = 4.643096e-12, time = 2.431577e-08, elapsed = 892.3 sec
Step =   5946: nodes = 4294, dt = 5.571716e-12, time = 2.432134e-08, elapsed = 892.4 sec
Step =   5947: nodes = 4295, dt = 3.343029e-12, time = 2.432469e-08, elapsed = 892.6 sec
Step =   5948: nodes = 4294, dt = 3.343029e-12, time = 2.432803e-08, elapsed = 892.7 sec
Step =   5949: nodes = 4293, dt = 4.011635e-12, time = 2.433204e-08, elapsed = 892.9 sec
Step =   5950: nodes = 4292, dt = 4.813962e-12, time = 2.433686e-08, elapsed = 893.0 sec
Step =   5951: nodes = 4291, dt = 2.888377e-12, time = 2.433974e-08, elapsed = 893.2 sec
Step =   5952: nodes = 4292, dt = 2.888377e-12, time = 2.434263e-08, elapsed = 893.3 sec
Step =   5953: nodes = 4291, dt = 3.466053e-12, time = 2.434610e-08, elapsed = 893.5 sec
Step =   5954: nodes = 4290, dt = 4.159263e-12, time = 2.435026e-08, elapsed = 893.6 sec
Step =   5955: nodes = 4290, dt = 4.991116e-12, time = 2.435525e-08, elapsed = 893.7 sec
Step =   5956: nodes = 4290, dt = 2.994670e-12, time = 2.435824e-08, elapsed = 893.9 sec
Step =   5957: nodes = 4290, dt = 2.994670e-12, time = 2.436124e-08, elapsed = 894.0 sec
Step =   5958: nodes = 4290, dt = 3.593604e-12, time = 2.436483e-08, elapsed = 894.2 sec
Step =   5959: nodes = 4290, dt = 4.312324e-12, time = 2.436914e-08, elapsed = 894.4 sec
Step =   5960: nodes = 4291, dt = 5.174789e-12, time = 2.437432e-08, elapsed = 894.5 sec
Step =   5961: nodes = 4290, dt = 3.104874e-12, time = 2.437742e-08, elapsed = 894.6 sec
Step =   5962: nodes = 4290, dt = 3.104874e-12, time = 2.438053e-08, elapsed = 894.8 sec
Step =   5963: nodes = 4289, dt = 3.725848e-12, time = 2.438426e-08, elapsed = 894.9 sec
Step =   5964: nodes = 4288, dt = 4.471018e-12, time = 2.438873e-08, elapsed = 895.1 sec
Step =   5965: nodes = 4290, dt = 2.682611e-12, time = 2.439141e-08, elapsed = 895.2 sec
Step =   5966: nodes = 4291, dt = 2.682611e-12, time = 2.439409e-08, elapsed = 895.4 sec
Step =   5967: nodes = 4291, dt = 3.219133e-12, time = 2.439731e-08, elapsed = 895.5 sec
Step =   5968: nodes = 4291, dt = 3.862959e-12, time = 2.440117e-08, elapsed = 895.6 sec
Step =   5969: nodes = 4293, dt = 4.635551e-12, time = 2.440581e-08, elapsed = 895.8 sec
Step =   5970: nodes = 4291, dt = 5.562662e-12, time = 2.441137e-08, elapsed = 895.9 sec
Step =   5971: nodes = 4291, dt = 3.337597e-12, time = 2.441471e-08, elapsed = 896.1 sec
Step =   5972: nodes = 4293, dt = 3.337597e-12, time = 2.441805e-08, elapsed = 896.2 sec
Step =   5973: nodes = 4293, dt = 4.005116e-12, time = 2.442205e-08, elapsed = 896.4 sec
Step =   5974: nodes = 4290, dt = 4.806140e-12, time = 2.442686e-08, elapsed = 896.5 sec
Step =   5975: nodes = 4292, dt = 2.883684e-12, time = 2.442974e-08, elapsed = 896.7 sec
Step =   5976: nodes = 4292, dt = 2.883684e-12, time = 2.443263e-08, elapsed = 896.8 sec
Step =   5977: nodes = 4291, dt = 3.460421e-12, time = 2.443609e-08, elapsed = 896.9 sec
Step =   5978: nodes = 4291, dt = 4.152505e-12, time = 2.444024e-08, elapsed = 897.1 sec
Step =   5979: nodes = 4293, dt = 4.983006e-12, time = 2.444522e-08, elapsed = 897.2 sec
Step =   5980: nodes = 4293, dt = 2.989803e-12, time = 2.444821e-08, elapsed = 897.4 sec
Step =   5981: nodes = 4293, dt = 2.989803e-12, time = 2.445120e-08, elapsed = 897.6 sec
Step =   5982: nodes = 4292, dt = 3.587764e-12, time = 2.445479e-08, elapsed = 897.7 sec
Step =   5983: nodes = 4291, dt = 4.305317e-12, time = 2.445909e-08, elapsed = 897.8 sec
Step =   5984: nodes = 4289, dt = 5.166380e-12, time = 2.446426e-08, elapsed = 898.0 sec
Step =   5985: nodes = 4291, dt = 3.099828e-12, time = 2.446736e-08, elapsed = 898.1 sec
Step =   5986: nodes = 4292, dt = 3.099828e-12, time = 2.447046e-08, elapsed = 898.3 sec
Step =   5987: nodes = 4293, dt = 3.719794e-12, time = 2.447418e-08, elapsed = 898.4 sec
Step =   5988: nodes = 4291, dt = 4.463752e-12, time = 2.447864e-08, elapsed = 898.5 sec
Step =   5989: nodes = 4293, dt = 5.356503e-12, time = 2.448400e-08, elapsed = 898.7 sec
Step =   5990: nodes = 4293, dt = 3.213902e-12, time = 2.448721e-08, elapsed = 898.9 sec
Step =   5991: nodes = 4294, dt = 3.213902e-12, time = 2.449043e-08, elapsed = 899.0 sec
Step =   5992: nodes = 4294, dt = 1.928341e-12, time = 2.449236e-08, elapsed = 899.1 sec
Step =   5993: nodes = 4294, dt = 9.641705e-13, time = 2.449332e-08, elapsed = 899.3 sec
Step =   5994: nodes = 4294, dt = 9.641705e-13, time = 2.449428e-08, elapsed = 899.4 sec
Step =   5995: nodes = 4294, dt = 1.157005e-12, time = 2.449544e-08, elapsed = 899.5 sec
Step =   5996: nodes = 4293, dt = 1.388406e-12, time = 2.449683e-08, elapsed = 899.7 sec
Step =   5997: nodes = 4294, dt = 1.666087e-12, time = 2.449850e-08, elapsed = 900.1 sec
Step =   5998: nodes = 4294, dt = 1.999304e-12, time = 2.450050e-08, elapsed = 900.2 sec
Step =   5999: nodes = 4294, dt = 2.399165e-12, time = 2.450289e-08, elapsed = 900.4 sec
Step =   6000: nodes = 4294, dt = 2.878998e-12, time = 2.450577e-08, elapsed = 900.5 sec
Writing configuration in legacy data format
 Output file: /data/home/dg000246b/openDIS/inital_dislocation_structures/output_caseC_0.14%_seed12345/relax2/config.6000.data
Writing restart file
 Restart file: /data/home/dg000246b/openDIS/inital_dislocation_structures/output_caseC_0.14%_seed12345/relax2/restart.6000.exadis
Step =   6001: nodes = 4294, dt = 3.454797e-12, time = 2.450923e-08, elapsed = 900.7 sec
Step =   6002: nodes = 4294, dt = 4.145757e-12, time = 2.451337e-08, elapsed = 900.8 sec
Step =   6003: nodes = 4293, dt = 4.974908e-12, time = 2.451835e-08, elapsed = 901.0 sec
Step =   6004: nodes = 4292, dt = 2.984945e-12, time = 2.452133e-08, elapsed = 901.1 sec
Step =   6005: nodes = 4292, dt = 2.984945e-12, time = 2.452432e-08, elapsed = 901.3 sec
Step =   6006: nodes = 4291, dt = 3.581934e-12, time = 2.452790e-08, elapsed = 901.5 sec
Step =   6007: nodes = 4292, dt = 4.298321e-12, time = 2.453220e-08, elapsed = 901.7 sec
Step =   6008: nodes = 4289, dt = 5.157985e-12, time = 2.453736e-08, elapsed = 901.8 sec
Step =   6009: nodes = 4285, dt = 6.189582e-12, time = 2.454355e-08, elapsed = 902.0 sec
Step =   6010: nodes = 4289, dt = 3.713749e-12, time = 2.454726e-08, elapsed = 902.2 sec
Step =   6011: nodes = 4289, dt = 3.713749e-12, time = 2.455097e-08, elapsed = 902.3 sec
Step =   6012: nodes = 4287, dt = 4.456499e-12, time = 2.455543e-08, elapsed = 902.5 sec
Step =   6013: nodes = 4288, dt = 5.347799e-12, time = 2.456078e-08, elapsed = 902.6 sec
Step =   6014: nodes = 4289, dt = 3.208679e-12, time = 2.456399e-08, elapsed = 902.8 sec
Step =   6015: nodes = 4289, dt = 3.208679e-12, time = 2.456720e-08, elapsed = 902.9 sec
Step =   6016: nodes = 4289, dt = 3.850415e-12, time = 2.457105e-08, elapsed = 903.0 sec
Step =   6017: nodes = 4287, dt = 4.620498e-12, time = 2.457567e-08, elapsed = 903.2 sec
Step =   6018: nodes = 4289, dt = 5.544598e-12, time = 2.458121e-08, elapsed = 903.3 sec
Step =   6019: nodes = 4290, dt = 3.326759e-12, time = 2.458454e-08, elapsed = 903.5 sec
Step =   6020: nodes = 4290, dt = 3.326759e-12, time = 2.458786e-08, elapsed = 903.6 sec
Step =   6021: nodes = 4291, dt = 3.992110e-12, time = 2.459186e-08, elapsed = 903.8 sec
Step =   6022: nodes = 4291, dt = 4.790532e-12, time = 2.459665e-08, elapsed = 903.9 sec
Step =   6023: nodes = 4288, dt = 5.748639e-12, time = 2.460240e-08, elapsed = 904.0 sec
Step =   6024: nodes = 4288, dt = 3.449183e-12, time = 2.460585e-08, elapsed = 904.2 sec
Step =   6025: nodes = 4286, dt = 3.449183e-12, time = 2.460929e-08, elapsed = 904.3 sec
Step =   6026: nodes = 4289, dt = 4.139020e-12, time = 2.461343e-08, elapsed = 904.5 sec
Step =   6027: nodes = 4289, dt = 4.966824e-12, time = 2.461840e-08, elapsed = 904.6 sec
Step =   6028: nodes = 4291, dt = 5.960189e-12, time = 2.462436e-08, elapsed = 904.8 sec
Step =   6029: nodes = 4290, dt = 3.576113e-12, time = 2.462794e-08, elapsed = 905.0 sec
Step =   6030: nodes = 4290, dt = 3.576113e-12, time = 2.463151e-08, elapsed = 905.1 sec
Step =   6031: nodes = 4293, dt = 4.291336e-12, time = 2.463580e-08, elapsed = 905.3 sec
Step =   6032: nodes = 4294, dt = 5.149603e-12, time = 2.464095e-08, elapsed = 905.4 sec
Step =   6033: nodes = 4293, dt = 6.179524e-12, time = 2.464713e-08, elapsed = 905.6 sec
Step =   6034: nodes = 4294, dt = 3.707714e-12, time = 2.465084e-08, elapsed = 905.7 sec
Step =   6035: nodes = 4295, dt = 3.707714e-12, time = 2.465455e-08, elapsed = 905.9 sec
Step =   6036: nodes = 4295, dt = 4.449257e-12, time = 2.465900e-08, elapsed = 906.0 sec
Step =   6037: nodes = 4295, dt = 5.339108e-12, time = 2.466434e-08, elapsed = 906.1 sec
Step =   6038: nodes = 4294, dt = 6.406930e-12, time = 2.467074e-08, elapsed = 906.2 sec
Step =   6039: nodes = 4296, dt = 3.844158e-12, time = 2.467459e-08, elapsed = 906.4 sec
Step =   6040: nodes = 4297, dt = 3.844158e-12, time = 2.467843e-08, elapsed = 906.6 sec
Step =   6041: nodes = 4295, dt = 4.612990e-12, time = 2.468305e-08, elapsed = 906.7 sec
Step =   6042: nodes = 4297, dt = 5.535588e-12, time = 2.468858e-08, elapsed = 906.8 sec
Step =   6043: nodes = 4296, dt = 3.321353e-12, time = 2.469190e-08, elapsed = 907.0 sec
Step =   6044: nodes = 4297, dt = 3.321353e-12, time = 2.469522e-08, elapsed = 907.1 sec
Step =   6045: nodes = 4296, dt = 3.985623e-12, time = 2.469921e-08, elapsed = 907.2 sec
Step =   6046: nodes = 4296, dt = 4.782748e-12, time = 2.470399e-08, elapsed = 907.4 sec
Step =   6047: nodes = 4297, dt = 5.739297e-12, time = 2.470973e-08, elapsed = 907.5 sec
Step =   6048: nodes = 4298, dt = 6.887157e-12, time = 2.471662e-08, elapsed = 907.7 sec
Step =   6049: nodes = 4297, dt = 8.264588e-12, time = 2.472488e-08, elapsed = 907.8 sec
Step =   6050: nodes = 4297, dt = 4.958753e-12, time = 2.472984e-08, elapsed = 908.0 sec
Step =   6051: nodes = 4299, dt = 4.958753e-12, time = 2.473480e-08, elapsed = 908.1 sec
Step =   6052: nodes = 4299, dt = 5.950503e-12, time = 2.474075e-08, elapsed = 908.3 sec
Step =   6053: nodes = 4299, dt = 1.785151e-12, time = 2.474254e-08, elapsed = 908.5 sec
Step =   6054: nodes = 4298, dt = 1.785151e-12, time = 2.474432e-08, elapsed = 908.6 sec
Step =   6055: nodes = 4296, dt = 2.142181e-12, time = 2.474646e-08, elapsed = 908.7 sec
Step =   6056: nodes = 4296, dt = 2.570617e-12, time = 2.474903e-08, elapsed = 908.8 sec
Step =   6057: nodes = 4297, dt = 3.084741e-12, time = 2.475212e-08, elapsed = 909.0 sec
Step =   6058: nodes = 4296, dt = 3.701689e-12, time = 2.475582e-08, elapsed = 909.1 sec
Step =   6059: nodes = 4296, dt = 2.221013e-12, time = 2.475804e-08, elapsed = 909.3 sec
Step =   6060: nodes = 4296, dt = 2.221013e-12, time = 2.476026e-08, elapsed = 909.4 sec
Step =   6061: nodes = 4293, dt = 2.665216e-12, time = 2.476293e-08, elapsed = 909.6 sec
Step =   6062: nodes = 4296, dt = 3.198259e-12, time = 2.476613e-08, elapsed = 909.7 sec
Step =   6063: nodes = 4296, dt = 3.837911e-12, time = 2.476996e-08, elapsed = 909.9 sec
Step =   6064: nodes = 4295, dt = 4.605494e-12, time = 2.477457e-08, elapsed = 910.0 sec
Step =   6065: nodes = 4297, dt = 2.763296e-12, time = 2.477733e-08, elapsed = 910.1 sec
Step =   6066: nodes = 4295, dt = 2.763296e-12, time = 2.478010e-08, elapsed = 910.3 sec
Step =   6067: nodes = 4295, dt = 3.315955e-12, time = 2.478341e-08, elapsed = 910.4 sec
Step =   6068: nodes = 4296, dt = 3.979146e-12, time = 2.478739e-08, elapsed = 910.6 sec
Step =   6069: nodes = 4296, dt = 4.774976e-12, time = 2.479217e-08, elapsed = 910.7 sec
Step =   6070: nodes = 4295, dt = 2.864985e-12, time = 2.479503e-08, elapsed = 910.9 sec
Step =   6071: nodes = 4294, dt = 2.864985e-12, time = 2.479790e-08, elapsed = 911.0 sec
Step =   6072: nodes = 4296, dt = 3.437983e-12, time = 2.480133e-08, elapsed = 911.2 sec
Step =   6073: nodes = 4296, dt = 4.125579e-12, time = 2.480546e-08, elapsed = 911.4 sec
Step =   6074: nodes = 4298, dt = 4.950695e-12, time = 2.481041e-08, elapsed = 911.5 sec
Step =   6075: nodes = 4296, dt = 5.940834e-12, time = 2.481635e-08, elapsed = 911.7 sec
Step =   6076: nodes = 4298, dt = 7.129001e-12, time = 2.482348e-08, elapsed = 911.9 sec
Step =   6077: nodes = 4296, dt = 8.554801e-12, time = 2.483203e-08, elapsed = 912.0 sec
Step =   6078: nodes = 4298, dt = 2.566440e-12, time = 2.483460e-08, elapsed = 912.2 sec
Step =   6079: nodes = 4297, dt = 2.566440e-12, time = 2.483717e-08, elapsed = 912.4 sec
Step =   6080: nodes = 4298, dt = 3.079728e-12, time = 2.484025e-08, elapsed = 912.5 sec
Step =   6081: nodes = 4295, dt = 3.695674e-12, time = 2.484394e-08, elapsed = 912.6 sec
Step =   6082: nodes = 4296, dt = 4.434809e-12, time = 2.484838e-08, elapsed = 912.8 sec
Step =   6083: nodes = 4295, dt = 2.660885e-12, time = 2.485104e-08, elapsed = 912.9 sec
Step =   6084: nodes = 4295, dt = 2.660885e-12, time = 2.485370e-08, elapsed = 913.1 sec
Step =   6085: nodes = 4295, dt = 3.193062e-12, time = 2.485689e-08, elapsed = 913.2 sec
Step =   6086: nodes = 4294, dt = 3.831675e-12, time = 2.486072e-08, elapsed = 913.4 sec
Step =   6087: nodes = 4295, dt = 4.598010e-12, time = 2.486532e-08, elapsed = 913.5 sec
Step =   6088: nodes = 4296, dt = 5.517612e-12, time = 2.487084e-08, elapsed = 913.7 sec
Step =   6089: nodes = 4296, dt = 3.310567e-12, time = 2.487415e-08, elapsed = 913.9 sec
Step =   6090: nodes = 4295, dt = 3.310567e-12, time = 2.487746e-08, elapsed = 914.0 sec
Step =   6091: nodes = 4293, dt = 3.972680e-12, time = 2.488143e-08, elapsed = 914.1 sec
Step =   6092: nodes = 4294, dt = 4.767216e-12, time = 2.488620e-08, elapsed = 914.3 sec
Step =   6093: nodes = 4292, dt = 5.720660e-12, time = 2.489192e-08, elapsed = 914.5 sec
Step =   6094: nodes = 4293, dt = 3.432396e-12, time = 2.489535e-08, elapsed = 914.6 sec
Step =   6095: nodes = 4293, dt = 3.432396e-12, time = 2.489879e-08, elapsed = 914.7 sec
Step =   6096: nodes = 4292, dt = 4.118875e-12, time = 2.490291e-08, elapsed = 914.9 sec
Step =   6097: nodes = 4290, dt = 4.942650e-12, time = 2.490785e-08, elapsed = 915.0 sec
Step =   6098: nodes = 4294, dt = 5.931180e-12, time = 2.491378e-08, elapsed = 915.2 sec
Step =   6099: nodes = 4294, dt = 3.558708e-12, time = 2.491734e-08, elapsed = 915.3 sec
Step =   6100: nodes = 4294, dt = 3.558708e-12, time = 2.492090e-08, elapsed = 915.5 sec
Writing configuration in legacy data format
 Output file: /data/home/dg000246b/openDIS/inital_dislocation_structures/output_caseC_0.14%_seed12345/relax2/config.6100.data
Writing restart file
 Restart file: /data/home/dg000246b/openDIS/inital_dislocation_structures/output_caseC_0.14%_seed12345/relax2/restart.6100.exadis
Step =   6101: nodes = 4294, dt = 4.270450e-12, time = 2.492517e-08, elapsed = 915.7 sec
Step =   6102: nodes = 4294, dt = 5.124539e-12, time = 2.493029e-08, elapsed = 915.9 sec
Step =   6103: nodes = 4295, dt = 6.149447e-12, time = 2.493644e-08, elapsed = 916.1 sec
Step =   6104: nodes = 4295, dt = 3.689668e-12, time = 2.494013e-08, elapsed = 916.2 sec
Step =   6105: nodes = 4294, dt = 3.689668e-12, time = 2.494382e-08, elapsed = 916.4 sec
Step =   6106: nodes = 4296, dt = 4.427602e-12, time = 2.494825e-08, elapsed = 916.6 sec
Step =   6107: nodes = 4298, dt = 5.313123e-12, time = 2.495356e-08, elapsed = 916.7 sec
Step =   6108: nodes = 4298, dt = 6.375747e-12, time = 2.495994e-08, elapsed = 916.9 sec
Step =   6109: nodes = 4297, dt = 3.825448e-12, time = 2.496376e-08, elapsed = 917.1 sec
Step =   6110: nodes = 4297, dt = 3.825448e-12, time = 2.496759e-08, elapsed = 917.2 sec
Step =   6111: nodes = 4298, dt = 4.590538e-12, time = 2.497218e-08, elapsed = 917.3 sec
Step =   6112: nodes = 4297, dt = 5.508645e-12, time = 2.497769e-08, elapsed = 917.5 sec
Step =   6113: nodes = 4298, dt = 3.305187e-12, time = 2.498099e-08, elapsed = 917.6 sec
Step =   6114: nodes = 4297, dt = 3.305187e-12, time = 2.498430e-08, elapsed = 917.7 sec
Step =   6115: nodes = 4297, dt = 3.966225e-12, time = 2.498826e-08, elapsed = 917.9 sec
Step =   6116: nodes = 4296, dt = 4.759470e-12, time = 2.499302e-08, elapsed = 918.0 sec
Step =   6117: nodes = 4298, dt = 5.711364e-12, time = 2.499873e-08, elapsed = 918.2 sec
Step =   6118: nodes = 4298, dt = 3.426818e-12, time = 2.500216e-08, elapsed = 918.3 sec
Step =   6119: nodes = 4298, dt = 3.426818e-12, time = 2.500559e-08, elapsed = 918.5 sec
Step =   6120: nodes = 4295, dt = 4.112182e-12, time = 2.500970e-08, elapsed = 918.6 sec
Step =   6121: nodes = 4296, dt = 4.934618e-12, time = 2.501463e-08, elapsed = 918.8 sec
Step =   6122: nodes = 4298, dt = 5.921542e-12, time = 2.502056e-08, elapsed = 918.9 sec
Step =   6123: nodes = 4297, dt = 3.552925e-12, time = 2.502411e-08, elapsed = 919.1 sec
Step =   6124: nodes = 4295, dt = 3.552925e-12, time = 2.502766e-08, elapsed = 919.2 sec
Step =   6125: nodes = 4298, dt = 4.263510e-12, time = 2.503193e-08, elapsed = 919.4 sec
Step =   6126: nodes = 4297, dt = 5.116212e-12, time = 2.503704e-08, elapsed = 919.5 sec
Step =   6127: nodes = 4298, dt = 6.139454e-12, time = 2.504318e-08, elapsed = 919.7 sec
Step =   6128: nodes = 4297, dt = 3.683673e-12, time = 2.504687e-08, elapsed = 919.9 sec
Step =   6129: nodes = 4297, dt = 3.683673e-12, time = 2.505055e-08, elapsed = 920.0 sec
Step =   6130: nodes = 4297, dt = 4.420407e-12, time = 2.505497e-08, elapsed = 920.1 sec
Step =   6131: nodes = 4296, dt = 5.304489e-12, time = 2.506027e-08, elapsed = 920.3 sec
Step =   6132: nodes = 4297, dt = 3.182693e-12, time = 2.506346e-08, elapsed = 920.5 sec
Step =   6133: nodes = 4298, dt = 3.182693e-12, time = 2.506664e-08, elapsed = 920.6 sec
Step =   6134: nodes = 4298, dt = 3.819232e-12, time = 2.507046e-08, elapsed = 920.8 sec
Step =   6135: nodes = 4298, dt = 4.583078e-12, time = 2.507504e-08, elapsed = 920.9 sec
Step =   6136: nodes = 4297, dt = 5.499694e-12, time = 2.508054e-08, elapsed = 921.1 sec
Step =   6137: nodes = 4296, dt = 3.299816e-12, time = 2.508384e-08, elapsed = 921.2 sec
Step =   6138: nodes = 4296, dt = 3.299816e-12, time = 2.508714e-08, elapsed = 921.4 sec
Step =   6139: nodes = 4294, dt = 3.959780e-12, time = 2.509110e-08, elapsed = 921.5 sec
Step =   6140: nodes = 4295, dt = 4.751736e-12, time = 2.509585e-08, elapsed = 921.7 sec
Step =   6141: nodes = 4295, dt = 5.702083e-12, time = 2.510155e-08, elapsed = 921.8 sec
Step =   6142: nodes = 4296, dt = 3.421250e-12, time = 2.510498e-08, elapsed = 922.0 sec
Step =   6143: nodes = 4297, dt = 3.421250e-12, time = 2.510840e-08, elapsed = 922.1 sec
Step =   6144: nodes = 4297, dt = 4.105499e-12, time = 2.511250e-08, elapsed = 922.3 sec
Step =   6145: nodes = 4297, dt = 4.926599e-12, time = 2.511743e-08, elapsed = 922.5 sec
Step =   6146: nodes = 4296, dt = 5.911919e-12, time = 2.512334e-08, elapsed = 922.6 sec
Step =   6147: nodes = 4297, dt = 3.547152e-12, time = 2.512689e-08, elapsed = 922.8 sec
Step =   6148: nodes = 4296, dt = 3.547152e-12, time = 2.513044e-08, elapsed = 922.9 sec
Step =   6149: nodes = 4297, dt = 4.256582e-12, time = 2.513469e-08, elapsed = 923.0 sec
Step =   6150: nodes = 4297, dt = 5.107898e-12, time = 2.513980e-08, elapsed = 923.2 sec
Step =   6151: nodes = 4297, dt = 3.064739e-12, time = 2.514286e-08, elapsed = 923.3 sec
Step =   6152: nodes = 4297, dt = 3.064739e-12, time = 2.514593e-08, elapsed = 923.5 sec
Step =   6153: nodes = 4297, dt = 3.677687e-12, time = 2.514961e-08, elapsed = 923.6 sec
Step =   6154: nodes = 4294, dt = 4.413224e-12, time = 2.515402e-08, elapsed = 923.8 sec
Step =   6155: nodes = 4297, dt = 5.295869e-12, time = 2.515932e-08, elapsed = 923.9 sec
Step =   6156: nodes = 4297, dt = 3.177521e-12, time = 2.516249e-08, elapsed = 924.1 sec
Step =   6157: nodes = 4296, dt = 3.177521e-12, time = 2.516567e-08, elapsed = 924.2 sec
Step =   6158: nodes = 4297, dt = 1.906513e-12, time = 2.516758e-08, elapsed = 924.4 sec
Step =   6159: nodes = 4299, dt = 1.906513e-12, time = 2.516948e-08, elapsed = 924.5 sec
Step =   6160: nodes = 4299, dt = 2.287815e-12, time = 2.517177e-08, elapsed = 924.6 sec
Step =   6161: nodes = 4299, dt = 2.745378e-12, time = 2.517452e-08, elapsed = 924.8 sec
Step =   6162: nodes = 4299, dt = 3.294454e-12, time = 2.517781e-08, elapsed = 924.9 sec
Step =   6163: nodes = 4299, dt = 3.953345e-12, time = 2.518177e-08, elapsed = 925.1 sec
Step =   6164: nodes = 4298, dt = 4.744014e-12, time = 2.518651e-08, elapsed = 925.2 sec
Step =   6165: nodes = 4297, dt = 5.692817e-12, time = 2.519220e-08, elapsed = 925.4 sec
Step =   6166: nodes = 4298, dt = 3.415690e-12, time = 2.519562e-08, elapsed = 925.5 sec
Step =   6167: nodes = 4299, dt = 3.415690e-12, time = 2.519903e-08, elapsed = 925.7 sec
Step =   6168: nodes = 4299, dt = 4.098828e-12, time = 2.520313e-08, elapsed = 925.8 sec
Step =   6169: nodes = 4297, dt = 4.918594e-12, time = 2.520805e-08, elapsed = 926.0 sec
Step =   6170: nodes = 4299, dt = 5.902312e-12, time = 2.521395e-08, elapsed = 926.2 sec
Step =   6171: nodes = 4298, dt = 3.541387e-12, time = 2.521749e-08, elapsed = 926.3 sec
Step =   6172: nodes = 4299, dt = 3.541387e-12, time = 2.522104e-08, elapsed = 926.5 sec
Step =   6173: nodes = 4299, dt = 4.249665e-12, time = 2.522529e-08, elapsed = 926.6 sec
Step =   6174: nodes = 4300, dt = 5.099598e-12, time = 2.523039e-08, elapsed = 926.7 sec
Step =   6175: nodes = 4297, dt = 6.119517e-12, time = 2.523650e-08, elapsed = 926.9 sec
Step =   6176: nodes = 4301, dt = 3.671710e-12, time = 2.524018e-08, elapsed = 927.1 sec
Step =   6177: nodes = 4301, dt = 3.671710e-12, time = 2.524385e-08, elapsed = 927.3 sec
Step =   6178: nodes = 4300, dt = 4.406053e-12, time = 2.524825e-08, elapsed = 927.4 sec
Step =   6179: nodes = 4299, dt = 5.287263e-12, time = 2.525354e-08, elapsed = 927.6 sec
Step =   6180: nodes = 4298, dt = 3.172358e-12, time = 2.525671e-08, elapsed = 927.8 sec
Step =   6181: nodes = 4297, dt = 3.172358e-12, time = 2.525989e-08, elapsed = 927.9 sec
Step =   6182: nodes = 4299, dt = 3.806829e-12, time = 2.526369e-08, elapsed = 928.0 sec
Step =   6183: nodes = 4297, dt = 4.568195e-12, time = 2.526826e-08, elapsed = 928.2 sec
Step =   6184: nodes = 4298, dt = 5.481834e-12, time = 2.527374e-08, elapsed = 928.3 sec
Step =   6185: nodes = 4299, dt = 3.289101e-12, time = 2.527703e-08, elapsed = 928.5 sec
Step =   6186: nodes = 4299, dt = 3.289101e-12, time = 2.528032e-08, elapsed = 928.6 sec
Step =   6187: nodes = 4299, dt = 3.946921e-12, time = 2.528427e-08, elapsed = 928.8 sec
Step =   6188: nodes = 4297, dt = 4.736305e-12, time = 2.528900e-08, elapsed = 928.9 sec
Step =   6189: nodes = 4299, dt = 5.683566e-12, time = 2.529469e-08, elapsed = 929.0 sec
Step =   6190: nodes = 4300, dt = 3.410140e-12, time = 2.529810e-08, elapsed = 929.2 sec
Step =   6191: nodes = 4301, dt = 3.410140e-12, time = 2.530151e-08, elapsed = 929.4 sec
Step =   6192: nodes = 4301, dt = 4.092167e-12, time = 2.530560e-08, elapsed = 929.5 sec
Step =   6193: nodes = 4299, dt = 4.910601e-12, time = 2.531051e-08, elapsed = 929.7 sec
Step =   6194: nodes = 4299, dt = 5.892721e-12, time = 2.531640e-08, elapsed = 930.1 sec
Step =   6195: nodes = 4300, dt = 7.071265e-12, time = 2.532347e-08, elapsed = 930.3 sec
Step =   6196: nodes = 4296, dt = 8.485518e-12, time = 2.533196e-08, elapsed = 930.6 sec
Step =   6197: nodes = 4297, dt = 1.018262e-11, time = 2.534214e-08, elapsed = 930.7 sec
Step =   6198: nodes = 4300, dt = 6.109573e-12, time = 2.534825e-08, elapsed = 930.9 sec
Step =   6199: nodes = 4300, dt = 3.054787e-12, time = 2.535131e-08, elapsed = 931.1 sec
Step =   6200: nodes = 4301, dt = 3.054787e-12, time = 2.535436e-08, elapsed = 931.2 sec
Writing configuration in legacy data format
 Output file: /data/home/dg000246b/openDIS/inital_dislocation_structures/output_caseC_0.14%_seed12345/relax2/config.6200.data
Writing restart file
 Restart file: /data/home/dg000246b/openDIS/inital_dislocation_structures/output_caseC_0.14%_seed12345/relax2/restart.6200.exadis
Step =   6201: nodes = 4299, dt = 3.665744e-12, time = 2.535803e-08, elapsed = 931.4 sec
Step =   6202: nodes = 4299, dt = 4.398893e-12, time = 2.536243e-08, elapsed = 931.6 sec
Step =   6203: nodes = 4300, dt = 5.278671e-12, time = 2.536771e-08, elapsed = 931.7 sec
Step =   6204: nodes = 4298, dt = 3.167203e-12, time = 2.537087e-08, elapsed = 931.9 sec
Step =   6205: nodes = 4299, dt = 3.167203e-12, time = 2.537404e-08, elapsed = 932.0 sec
Step =   6206: nodes = 4301, dt = 3.800643e-12, time = 2.537784e-08, elapsed = 932.2 sec
Step =   6207: nodes = 4300, dt = 4.560772e-12, time = 2.538240e-08, elapsed = 932.3 sec
Step =   6208: nodes = 4298, dt = 2.736463e-12, time = 2.538514e-08, elapsed = 932.5 sec
Step =   6209: nodes = 4299, dt = 2.736463e-12, time = 2.538787e-08, elapsed = 932.6 sec
Step =   6210: nodes = 4299, dt = 3.283756e-12, time = 2.539116e-08, elapsed = 932.8 sec
Step =   6211: nodes = 4299, dt = 3.940507e-12, time = 2.539510e-08, elapsed = 932.9 sec
Step =   6212: nodes = 4299, dt = 4.728608e-12, time = 2.539983e-08, elapsed = 933.0 sec
Step =   6213: nodes = 4299, dt = 2.837165e-12, time = 2.540266e-08, elapsed = 933.2 sec
Step =   6214: nodes = 4299, dt = 2.837165e-12, time = 2.540550e-08, elapsed = 933.3 sec
Step =   6215: nodes = 4299, dt = 3.404598e-12, time = 2.540891e-08, elapsed = 933.5 sec
Step =   6216: nodes = 4299, dt = 4.085518e-12, time = 2.541299e-08, elapsed = 933.6 sec
Step =   6217: nodes = 4299, dt = 4.902621e-12, time = 2.541789e-08, elapsed = 933.7 sec
Step =   6218: nodes = 4300, dt = 2.941573e-12, time = 2.542084e-08, elapsed = 933.9 sec
Step =   6219: nodes = 4299, dt = 2.941573e-12, time = 2.542378e-08, elapsed = 934.0 sec
Step =   6220: nodes = 4298, dt = 3.529887e-12, time = 2.542731e-08, elapsed = 934.2 sec
Step =   6221: nodes = 4298, dt = 4.235865e-12, time = 2.543154e-08, elapsed = 934.3 sec
Step =   6222: nodes = 4297, dt = 5.083038e-12, time = 2.543663e-08, elapsed = 934.5 sec
Step =   6223: nodes = 4298, dt = 6.099645e-12, time = 2.544273e-08, elapsed = 934.7 sec
Step =   6224: nodes = 4299, dt = 3.659787e-12, time = 2.544639e-08, elapsed = 934.8 sec
Step =   6225: nodes = 4300, dt = 3.659787e-12, time = 2.545005e-08, elapsed = 935.0 sec
Step =   6226: nodes = 4300, dt = 4.391745e-12, time = 2.545444e-08, elapsed = 935.1 sec
Step =   6227: nodes = 4299, dt = 5.270093e-12, time = 2.545971e-08, elapsed = 935.2 sec
Step =   6228: nodes = 4298, dt = 6.324112e-12, time = 2.546603e-08, elapsed = 935.4 sec
Step =   6229: nodes = 4298, dt = 3.794467e-12, time = 2.546983e-08, elapsed = 935.6 sec
Step =   6230: nodes = 4299, dt = 3.794467e-12, time = 2.547362e-08, elapsed = 935.7 sec
Step =   6231: nodes = 4299, dt = 4.553361e-12, time = 2.547817e-08, elapsed = 935.9 sec
Step =   6232: nodes = 4298, dt = 5.464033e-12, time = 2.548364e-08, elapsed = 936.0 sec
Step =   6233: nodes = 4296, dt = 6.556839e-12, time = 2.549019e-08, elapsed = 936.2 sec
Step =   6234: nodes = 4297, dt = 3.934104e-12, time = 2.549413e-08, elapsed = 936.4 sec
Step =   6235: nodes = 4297, dt = 3.934104e-12, time = 2.549806e-08, elapsed = 936.5 sec
Step =   6236: nodes = 4296, dt = 4.720924e-12, time = 2.550278e-08, elapsed = 936.7 sec
Step =   6237: nodes = 4297, dt = 5.665109e-12, time = 2.550845e-08, elapsed = 936.8 sec
Step =   6238: nodes = 4296, dt = 6.798131e-12, time = 2.551525e-08, elapsed = 937.0 sec
Step =   6239: nodes = 4297, dt = 4.078879e-12, time = 2.551933e-08, elapsed = 937.1 sec
Step =   6240: nodes = 4300, dt = 4.078879e-12, time = 2.552340e-08, elapsed = 937.2 sec
Step =   6241: nodes = 4297, dt = 4.894654e-12, time = 2.552830e-08, elapsed = 937.4 sec
Step =   6242: nodes = 4298, dt = 5.873585e-12, time = 2.553417e-08, elapsed = 937.6 sec
Step =   6243: nodes = 4298, dt = 3.524151e-12, time = 2.553770e-08, elapsed = 937.7 sec
Step =   6244: nodes = 4296, dt = 3.524151e-12, time = 2.554122e-08, elapsed = 937.8 sec
Step =   6245: nodes = 4297, dt = 4.228981e-12, time = 2.554545e-08, elapsed = 938.0 sec
Step =   6246: nodes = 4298, dt = 5.074778e-12, time = 2.555052e-08, elapsed = 938.2 sec
Step =   6247: nodes = 4297, dt = 6.089733e-12, time = 2.555661e-08, elapsed = 938.3 sec
Step =   6248: nodes = 4293, dt = 7.307680e-12, time = 2.556392e-08, elapsed = 938.5 sec
Step =   6249: nodes = 4297, dt = 8.769216e-12, time = 2.557269e-08, elapsed = 938.7 sec
Step =   6250: nodes = 4297, dt = 5.261530e-12, time = 2.557795e-08, elapsed = 938.9 sec
Step =   6251: nodes = 4297, dt = 5.261530e-12, time = 2.558321e-08, elapsed = 939.0 sec
Step =   6252: nodes = 4300, dt = 6.313835e-12, time = 2.558953e-08, elapsed = 939.2 sec
Step =   6253: nodes = 4299, dt = 3.788301e-12, time = 2.559332e-08, elapsed = 939.3 sec
Step =   6254: nodes = 4297, dt = 3.788301e-12, time = 2.559710e-08, elapsed = 939.5 sec
Step =   6255: nodes = 4299, dt = 4.545961e-12, time = 2.560165e-08, elapsed = 939.6 sec
Step =   6256: nodes = 4297, dt = 5.455154e-12, time = 2.560711e-08, elapsed = 939.8 sec
Step =   6257: nodes = 4298, dt = 6.546185e-12, time = 2.561365e-08, elapsed = 940.0 sec
Step =   6258: nodes = 4299, dt = 7.855421e-12, time = 2.562151e-08, elapsed = 940.1 sec
Step =   6259: nodes = 4299, dt = 4.713253e-12, time = 2.562622e-08, elapsed = 940.3 sec
Step =   6260: nodes = 4299, dt = 4.713253e-12, time = 2.563093e-08, elapsed = 940.4 sec
Step =   6261: nodes = 4300, dt = 5.655903e-12, time = 2.563659e-08, elapsed = 940.6 sec
Step =   6262: nodes = 4300, dt = 3.393542e-12, time = 2.563998e-08, elapsed = 940.8 sec
Step =   6263: nodes = 4300, dt = 3.393542e-12, time = 2.564338e-08, elapsed = 940.9 sec
Step =   6264: nodes = 4301, dt = 4.072250e-12, time = 2.564745e-08, elapsed = 941.1 sec
Step =   6265: nodes = 4299, dt = 4.886701e-12, time = 2.565234e-08, elapsed = 941.2 sec
Step =   6266: nodes = 4300, dt = 5.864041e-12, time = 2.565820e-08, elapsed = 941.3 sec
Step =   6267: nodes = 4301, dt = 3.518424e-12, time = 2.566172e-08, elapsed = 941.5 sec
Step =   6268: nodes = 4302, dt = 3.518424e-12, time = 2.566524e-08, elapsed = 941.6 sec
Step =   6269: nodes = 4300, dt = 4.222109e-12, time = 2.566946e-08, elapsed = 941.8 sec
Step =   6270: nodes = 4299, dt = 5.066531e-12, time = 2.567453e-08, elapsed = 941.9 sec
Step =   6271: nodes = 4300, dt = 6.079837e-12, time = 2.568061e-08, elapsed = 942.1 sec
Step =   6272: nodes = 4298, dt = 3.647902e-12, time = 2.568425e-08, elapsed = 942.2 sec
Step =   6273: nodes = 4301, dt = 3.647902e-12, time = 2.568790e-08, elapsed = 942.4 sec
Step =   6274: nodes = 4301, dt = 4.377483e-12, time = 2.569228e-08, elapsed = 942.5 sec
Step =   6275: nodes = 4301, dt = 5.252980e-12, time = 2.569753e-08, elapsed = 942.7 sec
Step =   6276: nodes = 4300, dt = 6.303575e-12, time = 2.570384e-08, elapsed = 942.8 sec
Step =   6277: nodes = 4303, dt = 3.782145e-12, time = 2.570762e-08, elapsed = 943.0 sec
Step =   6278: nodes = 4303, dt = 3.782145e-12, time = 2.571140e-08, elapsed = 943.1 sec
Step =   6279: nodes = 4301, dt = 4.538574e-12, time = 2.571594e-08, elapsed = 943.3 sec
Step =   6280: nodes = 4302, dt = 5.446289e-12, time = 2.572138e-08, elapsed = 943.4 sec
Step =   6281: nodes = 4303, dt = 3.267773e-12, time = 2.572465e-08, elapsed = 943.6 sec
Step =   6282: nodes = 4303, dt = 3.267773e-12, time = 2.572792e-08, elapsed = 943.7 sec
Step =   6283: nodes = 4302, dt = 3.921328e-12, time = 2.573184e-08, elapsed = 943.9 sec
Step =   6284: nodes = 4302, dt = 4.705594e-12, time = 2.573655e-08, elapsed = 944.0 sec
Step =   6285: nodes = 4303, dt = 5.646713e-12, time = 2.574219e-08, elapsed = 944.2 sec
Step =   6286: nodes = 4300, dt = 3.388028e-12, time = 2.574558e-08, elapsed = 944.3 sec
Step =   6287: nodes = 4302, dt = 3.388028e-12, time = 2.574897e-08, elapsed = 944.5 sec
Step =   6288: nodes = 4302, dt = 4.065633e-12, time = 2.575304e-08, elapsed = 944.7 sec
Step =   6289: nodes = 4302, dt = 4.878760e-12, time = 2.575791e-08, elapsed = 944.8 sec
Step =   6290: nodes = 4302, dt = 5.854512e-12, time = 2.576377e-08, elapsed = 944.9 sec
Step =   6291: nodes = 4301, dt = 3.512707e-12, time = 2.576728e-08, elapsed = 945.1 sec
Step =   6292: nodes = 4301, dt = 3.512707e-12, time = 2.577079e-08, elapsed = 945.2 sec
Step =   6293: nodes = 4301, dt = 4.215248e-12, time = 2.577501e-08, elapsed = 945.3 sec
Step =   6294: nodes = 4300, dt = 5.058298e-12, time = 2.578007e-08, elapsed = 945.5 sec
Step =   6295: nodes = 4301, dt = 6.069958e-12, time = 2.578614e-08, elapsed = 945.7 sec
Step =   6296: nodes = 4300, dt = 3.641975e-12, time = 2.578978e-08, elapsed = 945.9 sec
Step =   6297: nodes = 4300, dt = 3.641975e-12, time = 2.579342e-08, elapsed = 946.0 sec
Step =   6298: nodes = 4300, dt = 4.370370e-12, time = 2.579779e-08, elapsed = 946.1 sec
Step =   6299: nodes = 4300, dt = 5.244443e-12, time = 2.580304e-08, elapsed = 946.3 sec
Step =   6300: nodes = 4301, dt = 6.293332e-12, time = 2.580933e-08, elapsed = 946.4 sec
Writing configuration in legacy data format
 Output file: /data/home/dg000246b/openDIS/inital_dislocation_structures/output_caseC_0.14%_seed12345/relax2/config.6300.data
Writing restart file
 Restart file: /data/home/dg000246b/openDIS/inital_dislocation_structures/output_caseC_0.14%_seed12345/relax2/restart.6300.exadis
Step =   6301: nodes = 4301, dt = 3.775999e-12, time = 2.581311e-08, elapsed = 946.7 sec
Step =   6302: nodes = 4302, dt = 3.775999e-12, time = 2.581688e-08, elapsed = 946.8 sec
Step =   6303: nodes = 4299, dt = 4.531199e-12, time = 2.582141e-08, elapsed = 947.0 sec
Step =   6304: nodes = 4301, dt = 5.437439e-12, time = 2.582685e-08, elapsed = 947.1 sec
Step =   6305: nodes = 4298, dt = 6.524927e-12, time = 2.583338e-08, elapsed = 947.3 sec
Step =   6306: nodes = 4299, dt = 7.829912e-12, time = 2.584121e-08, elapsed = 947.4 sec
Step =   6307: nodes = 4303, dt = 4.697947e-12, time = 2.584590e-08, elapsed = 947.6 sec
Step =   6308: nodes = 4301, dt = 4.697947e-12, time = 2.585060e-08, elapsed = 947.8 sec
Step =   6309: nodes = 4303, dt = 5.637537e-12, time = 2.585624e-08, elapsed = 947.9 sec
Step =   6310: nodes = 4303, dt = 3.382522e-12, time = 2.585962e-08, elapsed = 948.1 sec
Step =   6311: nodes = 4303, dt = 3.382522e-12, time = 2.586300e-08, elapsed = 948.2 sec
Step =   6312: nodes = 4305, dt = 4.059026e-12, time = 2.586706e-08, elapsed = 948.3 sec
Step =   6313: nodes = 4305, dt = 4.870832e-12, time = 2.587193e-08, elapsed = 948.5 sec
Step =   6314: nodes = 4306, dt = 5.844998e-12, time = 2.587778e-08, elapsed = 948.7 sec
Step =   6315: nodes = 4305, dt = 3.506999e-12, time = 2.588129e-08, elapsed = 948.8 sec
Step =   6316: nodes = 4305, dt = 3.506999e-12, time = 2.588479e-08, elapsed = 949.0 sec
Step =   6317: nodes = 4306, dt = 4.208399e-12, time = 2.588900e-08, elapsed = 949.1 sec
Step =   6318: nodes = 4305, dt = 5.050078e-12, time = 2.589405e-08, elapsed = 949.3 sec
Step =   6319: nodes = 4305, dt = 6.060094e-12, time = 2.590011e-08, elapsed = 949.4 sec
Step =   6320: nodes = 4307, dt = 3.636056e-12, time = 2.590375e-08, elapsed = 949.6 sec
Step =   6321: nodes = 4306, dt = 3.636056e-12, time = 2.590738e-08, elapsed = 949.7 sec
Step =   6322: nodes = 4304, dt = 4.363268e-12, time = 2.591175e-08, elapsed = 949.9 sec
Step =   6323: nodes = 4304, dt = 5.235921e-12, time = 2.591698e-08, elapsed = 950.0 sec
Step =   6324: nodes = 4305, dt = 3.141553e-12, time = 2.592012e-08, elapsed = 950.2 sec
Step =   6325: nodes = 4306, dt = 3.141553e-12, time = 2.592327e-08, elapsed = 950.3 sec
Step =   6326: nodes = 4306, dt = 3.769863e-12, time = 2.592704e-08, elapsed = 950.5 sec
Step =   6327: nodes = 4307, dt = 4.523836e-12, time = 2.593156e-08, elapsed = 950.6 sec
Step =   6328: nodes = 4306, dt = 5.428603e-12, time = 2.593699e-08, elapsed = 950.7 sec
Step =   6329: nodes = 4305, dt = 3.257162e-12, time = 2.594024e-08, elapsed = 950.9 sec
Step =   6330: nodes = 4305, dt = 3.257162e-12, time = 2.594350e-08, elapsed = 951.0 sec
Step =   6331: nodes = 4305, dt = 3.908594e-12, time = 2.594741e-08, elapsed = 951.1 sec
Step =   6332: nodes = 4304, dt = 4.690313e-12, time = 2.595210e-08, elapsed = 951.3 sec
Step =   6333: nodes = 4302, dt = 5.628376e-12, time = 2.595773e-08, elapsed = 951.4 sec
Step =   6334: nodes = 4302, dt = 1.688513e-12, time = 2.595942e-08, elapsed = 951.6 sec
Step =   6335: nodes = 4303, dt = 1.688513e-12, time = 2.596111e-08, elapsed = 951.7 sec
Step =   6336: nodes = 4303, dt = 2.026215e-12, time = 2.596313e-08, elapsed = 951.9 sec
Step =   6337: nodes = 4302, dt = 2.431458e-12, time = 2.596556e-08, elapsed = 952.0 sec
Step =   6338: nodes = 4302, dt = 2.917750e-12, time = 2.596848e-08, elapsed = 952.1 sec
Step =   6339: nodes = 4301, dt = 3.501300e-12, time = 2.597198e-08, elapsed = 952.3 sec
Step =   6340: nodes = 4302, dt = 4.201560e-12, time = 2.597618e-08, elapsed = 952.4 sec
Step =   6341: nodes = 4304, dt = 5.041872e-12, time = 2.598123e-08, elapsed = 952.5 sec
Step =   6342: nodes = 4303, dt = 6.050246e-12, time = 2.598728e-08, elapsed = 952.7 sec
Step =   6343: nodes = 4303, dt = 3.630148e-12, time = 2.599091e-08, elapsed = 952.8 sec
Step =   6344: nodes = 4302, dt = 3.630148e-12, time = 2.599454e-08, elapsed = 953.0 sec
Step =   6345: nodes = 4302, dt = 4.356177e-12, time = 2.599889e-08, elapsed = 953.1 sec
Step =   6346: nodes = 4302, dt = 5.227413e-12, time = 2.600412e-08, elapsed = 953.3 sec
Step =   6347: nodes = 4301, dt = 3.136448e-12, time = 2.600726e-08, elapsed = 953.4 sec
Step =   6348: nodes = 4302, dt = 3.136448e-12, time = 2.601039e-08, elapsed = 953.6 sec
Step =   6349: nodes = 4304, dt = 3.763737e-12, time = 2.601416e-08, elapsed = 953.7 sec
Step =   6350: nodes = 4304, dt = 4.516485e-12, time = 2.601867e-08, elapsed = 953.9 sec
Step =   6351: nodes = 4301, dt = 5.419782e-12, time = 2.602409e-08, elapsed = 954.0 sec
Step =   6352: nodes = 4302, dt = 3.251869e-12, time = 2.602735e-08, elapsed = 954.2 sec
Step =   6353: nodes = 4302, dt = 3.251869e-12, time = 2.603060e-08, elapsed = 954.3 sec
Step =   6354: nodes = 4303, dt = 3.902243e-12, time = 2.603450e-08, elapsed = 954.4 sec
Step =   6355: nodes = 4303, dt = 4.682691e-12, time = 2.603918e-08, elapsed = 954.6 sec
Step =   6356: nodes = 4303, dt = 5.619230e-12, time = 2.604480e-08, elapsed = 954.7 sec
Step =   6357: nodes = 4304, dt = 3.371538e-12, time = 2.604817e-08, elapsed = 954.9 sec
Step =   6358: nodes = 4303, dt = 3.371538e-12, time = 2.605154e-08, elapsed = 955.0 sec
Step =   6359: nodes = 4302, dt = 4.045845e-12, time = 2.605559e-08, elapsed = 955.2 sec
Step =   6360: nodes = 4303, dt = 4.855014e-12, time = 2.606045e-08, elapsed = 955.3 sec
Step =   6361: nodes = 4304, dt = 5.826017e-12, time = 2.606627e-08, elapsed = 955.4 sec
Step =   6362: nodes = 4305, dt = 3.495610e-12, time = 2.606977e-08, elapsed = 955.6 sec
Step =   6363: nodes = 4305, dt = 3.495610e-12, time = 2.607326e-08, elapsed = 955.8 sec
Step =   6364: nodes = 4304, dt = 4.194732e-12, time = 2.607746e-08, elapsed = 955.9 sec
Step =   6365: nodes = 4304, dt = 2.516839e-12, time = 2.607997e-08, elapsed = 956.1 sec
Step =   6366: nodes = 4304, dt = 2.516839e-12, time = 2.608249e-08, elapsed = 956.2 sec
Step =   6367: nodes = 4303, dt = 3.020207e-12, time = 2.608551e-08, elapsed = 956.4 sec
Step =   6368: nodes = 4304, dt = 3.624249e-12, time = 2.608914e-08, elapsed = 956.5 sec
Step =   6369: nodes = 4304, dt = 4.349099e-12, time = 2.609348e-08, elapsed = 956.6 sec
Step =   6370: nodes = 4304, dt = 5.218918e-12, time = 2.609870e-08, elapsed = 956.8 sec
Step =   6371: nodes = 4302, dt = 3.131351e-12, time = 2.610183e-08, elapsed = 957.0 sec
Step =   6372: nodes = 4301, dt = 3.131351e-12, time = 2.610497e-08, elapsed = 957.1 sec
Step =   6373: nodes = 4302, dt = 3.757621e-12, time = 2.610872e-08, elapsed = 957.2 sec
Step =   6374: nodes = 4302, dt = 4.509145e-12, time = 2.611323e-08, elapsed = 957.4 sec
Step =   6375: nodes = 4302, dt = 5.410974e-12, time = 2.611864e-08, elapsed = 957.6 sec
Step =   6376: nodes = 4303, dt = 3.246585e-12, time = 2.612189e-08, elapsed = 957.7 sec
Step =   6377: nodes = 4302, dt = 3.246585e-12, time = 2.612514e-08, elapsed = 957.8 sec
Step =   6378: nodes = 4302, dt = 3.895902e-12, time = 2.612903e-08, elapsed = 958.0 sec
Step =   6379: nodes = 4301, dt = 4.675082e-12, time = 2.613371e-08, elapsed = 958.2 sec
Step =   6380: nodes = 4301, dt = 5.610098e-12, time = 2.613932e-08, elapsed = 958.3 sec
Step =   6381: nodes = 4303, dt = 3.366059e-12, time = 2.614268e-08, elapsed = 958.5 sec
Step =   6382: nodes = 4303, dt = 3.366059e-12, time = 2.614605e-08, elapsed = 958.6 sec
Step =   6383: nodes = 4302, dt = 4.039271e-12, time = 2.615009e-08, elapsed = 958.7 sec
Step =   6384: nodes = 4300, dt = 4.847125e-12, time = 2.615494e-08, elapsed = 958.9 sec
Step =   6385: nodes = 4301, dt = 5.816550e-12, time = 2.616075e-08, elapsed = 959.0 sec
Step =   6386: nodes = 4300, dt = 3.489930e-12, time = 2.616424e-08, elapsed = 959.2 sec
Step =   6387: nodes = 4300, dt = 3.489930e-12, time = 2.616773e-08, elapsed = 959.3 sec
Step =   6388: nodes = 4299, dt = 4.187916e-12, time = 2.617192e-08, elapsed = 959.5 sec
Step =   6389: nodes = 4301, dt = 5.025499e-12, time = 2.617695e-08, elapsed = 959.6 sec
Step =   6390: nodes = 4302, dt = 3.015299e-12, time = 2.617996e-08, elapsed = 959.8 sec
Step =   6391: nodes = 4301, dt = 3.015299e-12, time = 2.618298e-08, elapsed = 960.2 sec
Step =   6392: nodes = 4304, dt = 3.618359e-12, time = 2.618660e-08, elapsed = 960.4 sec
Step =   6393: nodes = 4304, dt = 4.342031e-12, time = 2.619094e-08, elapsed = 960.5 sec
Step =   6394: nodes = 4300, dt = 5.210437e-12, time = 2.619615e-08, elapsed = 960.7 sec
Step =   6395: nodes = 4303, dt = 3.126262e-12, time = 2.619927e-08, elapsed = 960.9 sec
Step =   6396: nodes = 4301, dt = 3.126262e-12, time = 2.620240e-08, elapsed = 961.0 sec
Step =   6397: nodes = 4301, dt = 3.751515e-12, time = 2.620615e-08, elapsed = 961.2 sec
Step =   6398: nodes = 4300, dt = 4.501818e-12, time = 2.621065e-08, elapsed = 961.3 sec
Step =   6399: nodes = 4301, dt = 5.402182e-12, time = 2.621606e-08, elapsed = 961.4 sec
Step =   6400: nodes = 4301, dt = 3.241309e-12, time = 2.621930e-08, elapsed = 961.6 sec
Writing configuration in legacy data format
 Output file: /data/home/dg000246b/openDIS/inital_dislocation_structures/output_caseC_0.14%_seed12345/relax2/config.6400.data
Writing restart file
 Restart file: /data/home/dg000246b/openDIS/inital_dislocation_structures/output_caseC_0.14%_seed12345/relax2/restart.6400.exadis
Step =   6401: nodes = 4301, dt = 3.241309e-12, time = 2.622254e-08, elapsed = 961.8 sec
Step =   6402: nodes = 4300, dt = 3.889571e-12, time = 2.622643e-08, elapsed = 962.0 sec
Step =   6403: nodes = 4300, dt = 4.667485e-12, time = 2.623110e-08, elapsed = 962.1 sec
Step =   6404: nodes = 4299, dt = 5.600982e-12, time = 2.623670e-08, elapsed = 962.3 sec
Step =   6405: nodes = 4300, dt = 3.360589e-12, time = 2.624006e-08, elapsed = 962.4 sec
Step =   6406: nodes = 4299, dt = 3.360589e-12, time = 2.624342e-08, elapsed = 962.6 sec
Step =   6407: nodes = 4298, dt = 4.032707e-12, time = 2.624745e-08, elapsed = 962.7 sec
Step =   6408: nodes = 4298, dt = 4.839248e-12, time = 2.625229e-08, elapsed = 962.9 sec
Step =   6409: nodes = 4299, dt = 5.807098e-12, time = 2.625810e-08, elapsed = 963.1 sec
Step =   6410: nodes = 4298, dt = 3.484259e-12, time = 2.626158e-08, elapsed = 963.2 sec
Step =   6411: nodes = 4299, dt = 3.484259e-12, time = 2.626507e-08, elapsed = 963.4 sec
Step =   6412: nodes = 4299, dt = 4.181111e-12, time = 2.626925e-08, elapsed = 963.5 sec
Step =   6413: nodes = 4298, dt = 5.017333e-12, time = 2.627426e-08, elapsed = 963.7 sec
Step =   6414: nodes = 4299, dt = 3.010400e-12, time = 2.627727e-08, elapsed = 963.8 sec
Step =   6415: nodes = 4299, dt = 3.010400e-12, time = 2.628028e-08, elapsed = 964.0 sec
Step =   6416: nodes = 4298, dt = 3.612480e-12, time = 2.628390e-08, elapsed = 964.1 sec
Step =   6417: nodes = 4298, dt = 4.334975e-12, time = 2.628823e-08, elapsed = 964.3 sec
Step =   6418: nodes = 4297, dt = 5.201971e-12, time = 2.629343e-08, elapsed = 964.4 sec
Step =   6419: nodes = 4298, dt = 3.121182e-12, time = 2.629656e-08, elapsed = 964.6 sec
Step =   6420: nodes = 4299, dt = 3.121182e-12, time = 2.629968e-08, elapsed = 964.7 sec
Step =   6421: nodes = 4298, dt = 3.745419e-12, time = 2.630342e-08, elapsed = 964.9 sec
Step =   6422: nodes = 4298, dt = 4.494503e-12, time = 2.630792e-08, elapsed = 965.0 sec
Step =   6423: nodes = 4299, dt = 5.393403e-12, time = 2.631331e-08, elapsed = 965.2 sec
Step =   6424: nodes = 4299, dt = 3.236042e-12, time = 2.631655e-08, elapsed = 965.3 sec
Step =   6425: nodes = 4298, dt = 3.236042e-12, time = 2.631978e-08, elapsed = 965.5 sec
Step =   6426: nodes = 4297, dt = 3.883250e-12, time = 2.632367e-08, elapsed = 965.6 sec
Step =   6427: nodes = 4298, dt = 4.659900e-12, time = 2.632833e-08, elapsed = 965.7 sec
Step =   6428: nodes = 4299, dt = 5.591880e-12, time = 2.633392e-08, elapsed = 965.9 sec
Step =   6429: nodes = 4301, dt = 3.355128e-12, time = 2.633727e-08, elapsed = 966.0 sec
Step =   6430: nodes = 4301, dt = 3.355128e-12, time = 2.634063e-08, elapsed = 966.2 sec
Step =   6431: nodes = 4301, dt = 4.026154e-12, time = 2.634465e-08, elapsed = 966.3 sec
Step =   6432: nodes = 4302, dt = 4.831385e-12, time = 2.634948e-08, elapsed = 966.4 sec
Step =   6433: nodes = 4299, dt = 5.797661e-12, time = 2.635528e-08, elapsed = 966.6 sec
Step =   6434: nodes = 4301, dt = 3.478597e-12, time = 2.635876e-08, elapsed = 966.8 sec
Step =   6435: nodes = 4301, dt = 3.478597e-12, time = 2.636224e-08, elapsed = 966.9 sec
Step =   6436: nodes = 4302, dt = 4.174316e-12, time = 2.636641e-08, elapsed = 967.1 sec
Step =   6437: nodes = 4301, dt = 5.009179e-12, time = 2.637142e-08, elapsed = 967.2 sec
Step =   6438: nodes = 4302, dt = 6.011015e-12, time = 2.637743e-08, elapsed = 967.4 sec
Step =   6439: nodes = 4302, dt = 3.606609e-12, time = 2.638104e-08, elapsed = 967.6 sec
Step =   6440: nodes = 4301, dt = 3.606609e-12, time = 2.638465e-08, elapsed = 967.7 sec
Step =   6441: nodes = 4299, dt = 4.327931e-12, time = 2.638898e-08, elapsed = 967.9 sec
Step =   6442: nodes = 4301, dt = 5.193517e-12, time = 2.639417e-08, elapsed = 968.0 sec
Step =   6443: nodes = 4302, dt = 3.116110e-12, time = 2.639728e-08, elapsed = 968.2 sec
Step =   6444: nodes = 4303, dt = 3.116110e-12, time = 2.640040e-08, elapsed = 968.3 sec
Step =   6445: nodes = 4301, dt = 3.739332e-12, time = 2.640414e-08, elapsed = 968.4 sec
Step =   6446: nodes = 4304, dt = 4.487199e-12, time = 2.640863e-08, elapsed = 968.6 sec
Step =   6447: nodes = 4305, dt = 5.384639e-12, time = 2.641401e-08, elapsed = 968.8 sec
Step =   6448: nodes = 4304, dt = 3.230783e-12, time = 2.641724e-08, elapsed = 968.9 sec
Step =   6449: nodes = 4304, dt = 3.230783e-12, time = 2.642047e-08, elapsed = 969.0 sec
Step =   6450: nodes = 4302, dt = 3.876940e-12, time = 2.642435e-08, elapsed = 969.2 sec
Step =   6451: nodes = 4304, dt = 4.652328e-12, time = 2.642900e-08, elapsed = 969.3 sec
Step =   6452: nodes = 4303, dt = 5.582793e-12, time = 2.643459e-08, elapsed = 969.5 sec
Step =   6453: nodes = 4302, dt = 6.699352e-12, time = 2.644129e-08, elapsed = 969.7 sec
Step =   6454: nodes = 4303, dt = 8.039223e-12, time = 2.644932e-08, elapsed = 969.9 sec
Step =   6455: nodes = 4303, dt = 4.823534e-12, time = 2.645415e-08, elapsed = 970.0 sec
Step =   6456: nodes = 4304, dt = 2.411767e-12, time = 2.645656e-08, elapsed = 970.2 sec
Step =   6457: nodes = 4304, dt = 2.411767e-12, time = 2.645897e-08, elapsed = 970.3 sec
Step =   6458: nodes = 4301, dt = 2.894120e-12, time = 2.646187e-08, elapsed = 970.4 sec
Step =   6459: nodes = 4302, dt = 3.472944e-12, time = 2.646534e-08, elapsed = 970.6 sec
Step =   6460: nodes = 4301, dt = 4.167533e-12, time = 2.646951e-08, elapsed = 970.8 sec
Step =   6461: nodes = 4301, dt = 5.001040e-12, time = 2.647451e-08, elapsed = 970.9 sec
Step =   6462: nodes = 4304, dt = 6.001247e-12, time = 2.648051e-08, elapsed = 971.1 sec
Step =   6463: nodes = 4304, dt = 3.600748e-12, time = 2.648411e-08, elapsed = 971.2 sec
Step =   6464: nodes = 4304, dt = 3.600748e-12, time = 2.648771e-08, elapsed = 971.3 sec
Step =   6465: nodes = 4303, dt = 4.320898e-12, time = 2.649203e-08, elapsed = 971.5 sec
Step =   6466: nodes = 4303, dt = 5.185078e-12, time = 2.649722e-08, elapsed = 971.7 sec
Step =   6467: nodes = 4304, dt = 6.222093e-12, time = 2.650344e-08, elapsed = 971.8 sec
Step =   6468: nodes = 4302, dt = 3.733256e-12, time = 2.650717e-08, elapsed = 972.0 sec
Step =   6469: nodes = 4303, dt = 3.733256e-12, time = 2.651090e-08, elapsed = 972.1 sec
Step =   6470: nodes = 4302, dt = 4.479907e-12, time = 2.651538e-08, elapsed = 972.3 sec
Step =   6471: nodes = 4303, dt = 5.375889e-12, time = 2.652076e-08, elapsed = 972.4 sec
Step =   6472: nodes = 4304, dt = 3.225533e-12, time = 2.652399e-08, elapsed = 972.6 sec
Step =   6473: nodes = 4304, dt = 3.225533e-12, time = 2.652721e-08, elapsed = 972.7 sec
Step =   6474: nodes = 4304, dt = 3.870640e-12, time = 2.653108e-08, elapsed = 972.9 sec
Step =   6475: nodes = 4303, dt = 4.644768e-12, time = 2.653573e-08, elapsed = 973.0 sec
Step =   6476: nodes = 4304, dt = 5.573721e-12, time = 2.654130e-08, elapsed = 973.2 sec
Step =   6477: nodes = 4304, dt = 3.344233e-12, time = 2.654464e-08, elapsed = 973.3 sec
Step =   6478: nodes = 4305, dt = 3.344233e-12, time = 2.654799e-08, elapsed = 973.5 sec
Step =   6479: nodes = 4304, dt = 4.013079e-12, time = 2.655200e-08, elapsed = 973.6 sec
Step =   6480: nodes = 4303, dt = 4.815695e-12, time = 2.655682e-08, elapsed = 973.8 sec
Step =   6481: nodes = 4304, dt = 5.778834e-12, time = 2.656260e-08, elapsed = 973.9 sec
Step =   6482: nodes = 4305, dt = 6.934601e-12, time = 2.656953e-08, elapsed = 974.1 sec
Step =   6483: nodes = 4305, dt = 8.321521e-12, time = 2.657785e-08, elapsed = 974.3 sec
Step =   6484: nodes = 4303, dt = 9.985826e-12, time = 2.658784e-08, elapsed = 974.4 sec
Step =   6485: nodes = 4305, dt = 2.995748e-12, time = 2.659083e-08, elapsed = 974.6 sec
Step =   6486: nodes = 4305, dt = 2.995748e-12, time = 2.659383e-08, elapsed = 974.8 sec
Step =   6487: nodes = 4308, dt = 3.594897e-12, time = 2.659742e-08, elapsed = 974.9 sec
Step =   6488: nodes = 4308, dt = 4.313877e-12, time = 2.660174e-08, elapsed = 975.1 sec
Step =   6489: nodes = 4308, dt = 5.176652e-12, time = 2.660692e-08, elapsed = 975.2 sec
Step =   6490: nodes = 4308, dt = 6.211982e-12, time = 2.661313e-08, elapsed = 975.3 sec
Step =   6491: nodes = 4308, dt = 7.454379e-12, time = 2.662058e-08, elapsed = 975.5 sec
Step =   6492: nodes = 4308, dt = 8.945255e-12, time = 2.662953e-08, elapsed = 975.7 sec
Step =   6493: nodes = 4308, dt = 5.367153e-12, time = 2.663489e-08, elapsed = 975.9 sec
Step =   6494: nodes = 4307, dt = 5.367153e-12, time = 2.664026e-08, elapsed = 976.0 sec
Step =   6495: nodes = 4305, dt = 6.440583e-12, time = 2.664670e-08, elapsed = 976.2 sec
Step =   6496: nodes = 4309, dt = 7.728700e-12, time = 2.665443e-08, elapsed = 976.4 sec
Step =   6497: nodes = 4308, dt = 4.637220e-12, time = 2.665907e-08, elapsed = 976.5 sec
Step =   6498: nodes = 4306, dt = 4.637220e-12, time = 2.666370e-08, elapsed = 976.7 sec
Step =   6499: nodes = 4305, dt = 5.564664e-12, time = 2.666927e-08, elapsed = 976.9 sec
Step =   6500: nodes = 4308, dt = 6.677597e-12, time = 2.667595e-08, elapsed = 977.0 sec
Writing configuration in legacy data format
 Output file: /data/home/dg000246b/openDIS/inital_dislocation_structures/output_caseC_0.14%_seed12345/relax2/config.6500.data
Writing restart file
 Restart file: /data/home/dg000246b/openDIS/inital_dislocation_structures/output_caseC_0.14%_seed12345/relax2/restart.6500.exadis
Step =   6501: nodes = 4308, dt = 4.006558e-12, time = 2.667995e-08, elapsed = 977.2 sec
Step =   6502: nodes = 4308, dt = 4.006558e-12, time = 2.668396e-08, elapsed = 977.4 sec
Step =   6503: nodes = 4308, dt = 4.807870e-12, time = 2.668877e-08, elapsed = 977.5 sec
Step =   6504: nodes = 4305, dt = 5.769444e-12, time = 2.669454e-08, elapsed = 977.7 sec
Step =   6505: nodes = 4306, dt = 6.923332e-12, time = 2.670146e-08, elapsed = 977.8 sec
Step =   6506: nodes = 4306, dt = 4.153999e-12, time = 2.670561e-08, elapsed = 978.0 sec
Step =   6507: nodes = 4306, dt = 4.153999e-12, time = 2.670977e-08, elapsed = 978.1 sec
Step =   6508: nodes = 4305, dt = 4.984799e-12, time = 2.671475e-08, elapsed = 978.2 sec
Step =   6509: nodes = 4304, dt = 5.981759e-12, time = 2.672074e-08, elapsed = 978.4 sec
Step =   6510: nodes = 4306, dt = 3.589056e-12, time = 2.672432e-08, elapsed = 978.6 sec
Step =   6511: nodes = 4307, dt = 3.589056e-12, time = 2.672791e-08, elapsed = 978.8 sec
Step =   6512: nodes = 4307, dt = 4.306867e-12, time = 2.673222e-08, elapsed = 978.9 sec
Step =   6513: nodes = 4304, dt = 5.168240e-12, time = 2.673739e-08, elapsed = 979.1 sec
Step =   6514: nodes = 4307, dt = 6.201888e-12, time = 2.674359e-08, elapsed = 979.2 sec
Step =   6515: nodes = 4308, dt = 3.721133e-12, time = 2.674731e-08, elapsed = 979.4 sec
Step =   6516: nodes = 4308, dt = 3.721133e-12, time = 2.675103e-08, elapsed = 979.5 sec
Step =   6517: nodes = 4308, dt = 4.465359e-12, time = 2.675550e-08, elapsed = 979.7 sec
Step =   6518: nodes = 4309, dt = 5.358431e-12, time = 2.676086e-08, elapsed = 979.9 sec
Step =   6519: nodes = 4310, dt = 6.430117e-12, time = 2.676729e-08, elapsed = 980.0 sec
Step =   6520: nodes = 4310, dt = 3.858070e-12, time = 2.677114e-08, elapsed = 980.2 sec
Step =   6521: nodes = 4309, dt = 3.858070e-12, time = 2.677500e-08, elapsed = 980.3 sec
Step =   6522: nodes = 4308, dt = 4.629685e-12, time = 2.677963e-08, elapsed = 980.5 sec
Step =   6523: nodes = 4306, dt = 5.555621e-12, time = 2.678519e-08, elapsed = 980.6 sec
Step =   6524: nodes = 4308, dt = 6.666746e-12, time = 2.679185e-08, elapsed = 980.8 sec
Step =   6525: nodes = 4308, dt = 4.000047e-12, time = 2.679586e-08, elapsed = 981.0 sec
Step =   6526: nodes = 4309, dt = 4.000047e-12, time = 2.679986e-08, elapsed = 981.1 sec
Step =   6527: nodes = 4310, dt = 4.800057e-12, time = 2.680466e-08, elapsed = 981.3 sec
Step =   6528: nodes = 4309, dt = 5.760068e-12, time = 2.681042e-08, elapsed = 981.4 sec
Step =   6529: nodes = 4309, dt = 3.456041e-12, time = 2.681387e-08, elapsed = 981.6 sec
Step =   6530: nodes = 4310, dt = 3.456041e-12, time = 2.681733e-08, elapsed = 981.7 sec
Step =   6531: nodes = 4310, dt = 4.147249e-12, time = 2.682147e-08, elapsed = 981.9 sec
Step =   6532: nodes = 4309, dt = 4.976699e-12, time = 2.682645e-08, elapsed = 982.0 sec
Step =   6533: nodes = 4309, dt = 2.986019e-12, time = 2.682944e-08, elapsed = 982.2 sec
Step =   6534: nodes = 4310, dt = 2.986019e-12, time = 2.683242e-08, elapsed = 982.3 sec
Step =   6535: nodes = 4310, dt = 3.583223e-12, time = 2.683601e-08, elapsed = 982.4 sec
Step =   6536: nodes = 4310, dt = 4.299868e-12, time = 2.684031e-08, elapsed = 982.6 sec
Step =   6537: nodes = 4305, dt = 5.159842e-12, time = 2.684547e-08, elapsed = 982.8 sec
Step =   6538: nodes = 4311, dt = 6.191810e-12, time = 2.685166e-08, elapsed = 982.9 sec
Step =   6539: nodes = 4311, dt = 7.430172e-12, time = 2.685909e-08, elapsed = 983.0 sec
Step =   6540: nodes = 4310, dt = 8.916206e-12, time = 2.686800e-08, elapsed = 983.2 sec
Step =   6541: nodes = 4311, dt = 1.069945e-11, time = 2.687870e-08, elapsed = 983.4 sec
Step =   6542: nodes = 4306, dt = 1.283934e-11, time = 2.689154e-08, elapsed = 983.6 sec
Step =   6543: nodes = 4312, dt = 7.703602e-12, time = 2.689925e-08, elapsed = 983.7 sec
Step =   6544: nodes = 4314, dt = 3.851801e-12, time = 2.690310e-08, elapsed = 983.9 sec
Step =   6545: nodes = 4313, dt = 3.851801e-12, time = 2.690695e-08, elapsed = 984.1 sec
Step =   6546: nodes = 4312, dt = 4.622161e-12, time = 2.691157e-08, elapsed = 984.2 sec
Step =   6547: nodes = 4311, dt = 5.546594e-12, time = 2.691712e-08, elapsed = 984.3 sec
Step =   6548: nodes = 4311, dt = 3.327956e-12, time = 2.692045e-08, elapsed = 984.5 sec
Step =   6549: nodes = 4310, dt = 3.327956e-12, time = 2.692378e-08, elapsed = 984.7 sec
Step =   6550: nodes = 4310, dt = 3.993547e-12, time = 2.692777e-08, elapsed = 984.8 sec
Step =   6551: nodes = 4311, dt = 2.396128e-12, time = 2.693016e-08, elapsed = 984.9 sec
Step =   6552: nodes = 4311, dt = 2.396128e-12, time = 2.693256e-08, elapsed = 985.1 sec
Step =   6553: nodes = 4310, dt = 2.875354e-12, time = 2.693544e-08, elapsed = 985.2 sec
Step =   6554: nodes = 4311, dt = 3.450425e-12, time = 2.693889e-08, elapsed = 985.3 sec
Step =   6555: nodes = 4310, dt = 4.140510e-12, time = 2.694303e-08, elapsed = 985.5 sec
Step =   6556: nodes = 4312, dt = 2.484306e-12, time = 2.694551e-08, elapsed = 985.6 sec
Step =   6557: nodes = 4312, dt = 2.484306e-12, time = 2.694800e-08, elapsed = 985.8 sec
Step =   6558: nodes = 4312, dt = 2.981167e-12, time = 2.695098e-08, elapsed = 985.9 sec
Step =   6559: nodes = 4312, dt = 1.788700e-12, time = 2.695277e-08, elapsed = 986.1 sec
Step =   6560: nodes = 4312, dt = 1.788700e-12, time = 2.695455e-08, elapsed = 986.2 sec
Step =   6561: nodes = 4312, dt = 2.146440e-12, time = 2.695670e-08, elapsed = 986.3 sec
Step =   6562: nodes = 4312, dt = 1.287864e-12, time = 2.695799e-08, elapsed = 986.5 sec
Step =   6563: nodes = 4312, dt = 1.287864e-12, time = 2.695928e-08, elapsed = 986.6 sec
Step =   6564: nodes = 4311, dt = 1.545437e-12, time = 2.696082e-08, elapsed = 986.8 sec
Step =   6565: nodes = 4310, dt = 1.854524e-12, time = 2.696268e-08, elapsed = 986.9 sec
Step =   6566: nodes = 4311, dt = 2.225429e-12, time = 2.696490e-08, elapsed = 987.0 sec
Step =   6567: nodes = 4311, dt = 2.670515e-12, time = 2.696757e-08, elapsed = 987.2 sec
Step =   6568: nodes = 4311, dt = 3.204618e-12, time = 2.697078e-08, elapsed = 987.3 sec
Step =   6569: nodes = 4310, dt = 3.845542e-12, time = 2.697462e-08, elapsed = 987.4 sec
Step =   6570: nodes = 4311, dt = 4.614650e-12, time = 2.697924e-08, elapsed = 987.6 sec
Step =   6571: nodes = 4312, dt = 5.537580e-12, time = 2.698477e-08, elapsed = 987.8 sec
Step =   6572: nodes = 4312, dt = 3.322548e-12, time = 2.698810e-08, elapsed = 987.9 sec
Step =   6573: nodes = 4311, dt = 3.322548e-12, time = 2.699142e-08, elapsed = 988.0 sec
Step =   6574: nodes = 4310, dt = 3.987058e-12, time = 2.699541e-08, elapsed = 988.2 sec
Step =   6575: nodes = 4311, dt = 4.784469e-12, time = 2.700019e-08, elapsed = 988.3 sec
Step =   6576: nodes = 4309, dt = 5.741363e-12, time = 2.700593e-08, elapsed = 988.5 sec
Step =   6577: nodes = 4310, dt = 3.444818e-12, time = 2.700938e-08, elapsed = 988.7 sec
Step =   6578: nodes = 4309, dt = 3.444818e-12, time = 2.701282e-08, elapsed = 988.8 sec
Step =   6579: nodes = 4307, dt = 4.133782e-12, time = 2.701696e-08, elapsed = 989.0 sec
Step =   6580: nodes = 4307, dt = 4.960538e-12, time = 2.702192e-08, elapsed = 989.1 sec
Step =   6581: nodes = 4307, dt = 5.952646e-12, time = 2.702787e-08, elapsed = 989.3 sec
Step =   6582: nodes = 4307, dt = 3.571587e-12, time = 2.703144e-08, elapsed = 989.4 sec
Step =   6583: nodes = 4306, dt = 3.571587e-12, time = 2.703501e-08, elapsed = 989.5 sec
Step =   6584: nodes = 4307, dt = 4.285905e-12, time = 2.703930e-08, elapsed = 989.7 sec
Step =   6585: nodes = 4309, dt = 5.143086e-12, time = 2.704444e-08, elapsed = 989.9 sec
Step =   6586: nodes = 4308, dt = 3.085851e-12, time = 2.704753e-08, elapsed = 990.3 sec
Step =   6587: nodes = 4308, dt = 3.085851e-12, time = 2.705061e-08, elapsed = 990.4 sec
Step =   6588: nodes = 4308, dt = 3.703022e-12, time = 2.705432e-08, elapsed = 990.6 sec
Step =   6589: nodes = 4308, dt = 4.443626e-12, time = 2.705876e-08, elapsed = 990.7 sec
Step =   6590: nodes = 4308, dt = 5.332351e-12, time = 2.706409e-08, elapsed = 990.9 sec
Step =   6591: nodes = 4309, dt = 3.199411e-12, time = 2.706729e-08, elapsed = 991.0 sec
Step =   6592: nodes = 4310, dt = 3.199411e-12, time = 2.707049e-08, elapsed = 991.2 sec
Step =   6593: nodes = 4309, dt = 3.839293e-12, time = 2.707433e-08, elapsed = 991.3 sec
Step =   6594: nodes = 4307, dt = 4.607151e-12, time = 2.707894e-08, elapsed = 991.4 sec
Step =   6595: nodes = 4307, dt = 5.528582e-12, time = 2.708447e-08, elapsed = 991.6 sec
Step =   6596: nodes = 4307, dt = 3.317149e-12, time = 2.708778e-08, elapsed = 991.8 sec
Step =   6597: nodes = 4307, dt = 3.317149e-12, time = 2.709110e-08, elapsed = 991.9 sec
Step =   6598: nodes = 4308, dt = 3.980579e-12, time = 2.709508e-08, elapsed = 992.0 sec
Step =   6599: nodes = 4309, dt = 2.388347e-12, time = 2.709747e-08, elapsed = 992.2 sec
Step =   6600: nodes = 4309, dt = 2.388347e-12, time = 2.709986e-08, elapsed = 992.3 sec
Writing configuration in legacy data format
 Output file: /data/home/dg000246b/openDIS/inital_dislocation_structures/output_caseC_0.14%_seed12345/relax2/config.6600.data
Writing restart file
 Restart file: /data/home/dg000246b/openDIS/inital_dislocation_structures/output_caseC_0.14%_seed12345/relax2/restart.6600.exadis
Step =   6601: nodes = 4309, dt = 2.866017e-12, time = 2.710272e-08, elapsed = 992.5 sec
Step =   6602: nodes = 4308, dt = 3.439220e-12, time = 2.710616e-08, elapsed = 992.6 sec
Step =   6603: nodes = 4309, dt = 4.127064e-12, time = 2.711029e-08, elapsed = 992.7 sec
Step =   6604: nodes = 4307, dt = 4.952477e-12, time = 2.711524e-08, elapsed = 992.9 sec
Step =   6605: nodes = 4308, dt = 1.485743e-12, time = 2.711673e-08, elapsed = 993.0 sec
Step =   6606: nodes = 4307, dt = 1.485743e-12, time = 2.711821e-08, elapsed = 993.1 sec
Step =   6607: nodes = 4306, dt = 1.782892e-12, time = 2.712000e-08, elapsed = 993.3 sec
Step =   6608: nodes = 4306, dt = 2.139470e-12, time = 2.712214e-08, elapsed = 993.4 sec
Step =   6609: nodes = 4306, dt = 2.567364e-12, time = 2.712470e-08, elapsed = 993.5 sec
Step =   6610: nodes = 4306, dt = 3.080837e-12, time = 2.712778e-08, elapsed = 993.7 sec
Step =   6611: nodes = 4307, dt = 3.697004e-12, time = 2.713148e-08, elapsed = 993.8 sec
Step =   6612: nodes = 4307, dt = 4.436405e-12, time = 2.713592e-08, elapsed = 993.9 sec
Step =   6613: nodes = 4307, dt = 5.323686e-12, time = 2.714124e-08, elapsed = 994.1 sec
Step =   6614: nodes = 4305, dt = 3.194212e-12, time = 2.714444e-08, elapsed = 994.2 sec
Step =   6615: nodes = 4305, dt = 3.194212e-12, time = 2.714763e-08, elapsed = 994.4 sec
Step =   6616: nodes = 4306, dt = 3.833054e-12, time = 2.715146e-08, elapsed = 994.5 sec
Step =   6617: nodes = 4307, dt = 4.599665e-12, time = 2.715606e-08, elapsed = 994.6 sec
Step =   6618: nodes = 4307, dt = 5.519598e-12, time = 2.716158e-08, elapsed = 994.8 sec
Step =   6619: nodes = 4308, dt = 3.311759e-12, time = 2.716489e-08, elapsed = 994.9 sec
Step =   6620: nodes = 4308, dt = 3.311759e-12, time = 2.716821e-08, elapsed = 995.1 sec
Step =   6621: nodes = 4307, dt = 3.974110e-12, time = 2.717218e-08, elapsed = 995.2 sec
Step =   6622: nodes = 4308, dt = 4.768933e-12, time = 2.717695e-08, elapsed = 995.3 sec
Step =   6623: nodes = 4308, dt = 5.722719e-12, time = 2.718267e-08, elapsed = 995.5 sec
Step =   6624: nodes = 4308, dt = 3.433631e-12, time = 2.718611e-08, elapsed = 995.6 sec
Step =   6625: nodes = 4309, dt = 3.433631e-12, time = 2.718954e-08, elapsed = 995.8 sec
Step =   6626: nodes = 4309, dt = 4.120358e-12, time = 2.719366e-08, elapsed = 995.9 sec
Step =   6627: nodes = 4309, dt = 4.944429e-12, time = 2.719860e-08, elapsed = 996.0 sec
Step =   6628: nodes = 4308, dt = 2.966658e-12, time = 2.720157e-08, elapsed = 996.2 sec
Step =   6629: nodes = 4308, dt = 2.966658e-12, time = 2.720454e-08, elapsed = 996.3 sec
Step =   6630: nodes = 4309, dt = 3.559989e-12, time = 2.720810e-08, elapsed = 996.4 sec
Step =   6631: nodes = 4307, dt = 4.271987e-12, time = 2.721237e-08, elapsed = 996.6 sec
Step =   6632: nodes = 4309, dt = 5.126384e-12, time = 2.721750e-08, elapsed = 996.7 sec
Step =   6633: nodes = 4306, dt = 6.151661e-12, time = 2.722365e-08, elapsed = 996.9 sec
Step =   6634: nodes = 4308, dt = 3.690997e-12, time = 2.722734e-08, elapsed = 997.0 sec
Step =   6635: nodes = 4309, dt = 3.690997e-12, time = 2.723103e-08, elapsed = 997.2 sec
Step =   6636: nodes = 4309, dt = 4.429196e-12, time = 2.723546e-08, elapsed = 997.3 sec
Step =   6637: nodes = 4309, dt = 5.315035e-12, time = 2.724077e-08, elapsed = 997.4 sec
Step =   6638: nodes = 4310, dt = 3.189021e-12, time = 2.724396e-08, elapsed = 997.6 sec
Step =   6639: nodes = 4309, dt = 1.594511e-12, time = 2.724556e-08, elapsed = 997.7 sec
Step =   6640: nodes = 4309, dt = 1.594511e-12, time = 2.724715e-08, elapsed = 997.8 sec
Step =   6641: nodes = 4310, dt = 1.913413e-12, time = 2.724906e-08, elapsed = 998.0 sec
Step =   6642: nodes = 4311, dt = 2.296095e-12, time = 2.725136e-08, elapsed = 998.1 sec
Step =   6643: nodes = 4311, dt = 2.755314e-12, time = 2.725412e-08, elapsed = 998.2 sec
Step =   6644: nodes = 4311, dt = 3.306377e-12, time = 2.725742e-08, elapsed = 998.3 sec
Step =   6645: nodes = 4310, dt = 3.967653e-12, time = 2.726139e-08, elapsed = 998.5 sec
Step =   6646: nodes = 4312, dt = 4.761183e-12, time = 2.726615e-08, elapsed = 998.6 sec
Step =   6647: nodes = 4312, dt = 5.713420e-12, time = 2.727186e-08, elapsed = 998.8 sec
Step =   6648: nodes = 4311, dt = 6.856104e-12, time = 2.727872e-08, elapsed = 998.9 sec
Step =   6649: nodes = 4310, dt = 8.227324e-12, time = 2.728695e-08, elapsed = 999.1 sec
Step =   6650: nodes = 4312, dt = 4.936395e-12, time = 2.729188e-08, elapsed = 999.2 sec
Step =   6651: nodes = 4314, dt = 4.936395e-12, time = 2.729682e-08, elapsed = 999.4 sec
Step =   6652: nodes = 4314, dt = 5.923673e-12, time = 2.730274e-08, elapsed = 999.5 sec
Step =   6653: nodes = 4315, dt = 3.554204e-12, time = 2.730630e-08, elapsed = 999.7 sec
Step =   6654: nodes = 4316, dt = 3.554204e-12, time = 2.730985e-08, elapsed = 999.9 sec
Step =   6655: nodes = 4315, dt = 4.265045e-12, time = 2.731412e-08, elapsed = 1000.0 sec
Step =   6656: nodes = 4314, dt = 5.118054e-12, time = 2.731924e-08, elapsed = 1000.2 sec
Step =   6657: nodes = 4314, dt = 6.141665e-12, time = 2.732538e-08, elapsed = 1000.3 sec
Step =   6658: nodes = 4312, dt = 7.369998e-12, time = 2.733275e-08, elapsed = 1000.5 sec
Step =   6659: nodes = 4314, dt = 8.843997e-12, time = 2.734159e-08, elapsed = 1000.7 sec
Step =   6660: nodes = 4312, dt = 5.306398e-12, time = 2.734690e-08, elapsed = 1000.9 sec
Step =   6661: nodes = 4311, dt = 5.306398e-12, time = 2.735220e-08, elapsed = 1001.0 sec
Step =   6662: nodes = 4313, dt = 6.367678e-12, time = 2.735857e-08, elapsed = 1001.2 sec
Step =   6663: nodes = 4311, dt = 7.641213e-12, time = 2.736621e-08, elapsed = 1001.4 sec
Step =   6664: nodes = 4315, dt = 9.169456e-12, time = 2.737538e-08, elapsed = 1001.6 sec
Step =   6665: nodes = 4314, dt = 5.501674e-12, time = 2.738088e-08, elapsed = 1001.8 sec
Step =   6666: nodes = 4312, dt = 5.501674e-12, time = 2.738639e-08, elapsed = 1001.9 sec
Step =   6667: nodes = 4312, dt = 6.602008e-12, time = 2.739299e-08, elapsed = 1002.1 sec
Step =   6668: nodes = 4312, dt = 7.922410e-12, time = 2.740091e-08, elapsed = 1002.2 sec
Step =   6669: nodes = 4314, dt = 4.753446e-12, time = 2.740566e-08, elapsed = 1002.4 sec
Step =   6670: nodes = 4312, dt = 4.753446e-12, time = 2.741042e-08, elapsed = 1002.5 sec
Step =   6671: nodes = 4314, dt = 5.704135e-12, time = 2.741612e-08, elapsed = 1002.6 sec
Step =   6672: nodes = 4312, dt = 3.422481e-12, time = 2.741954e-08, elapsed = 1002.8 sec
Step =   6673: nodes = 4313, dt = 3.422481e-12, time = 2.742297e-08, elapsed = 1003.0 sec
Step =   6674: nodes = 4312, dt = 4.106977e-12, time = 2.742707e-08, elapsed = 1003.1 sec
Step =   6675: nodes = 4310, dt = 4.928373e-12, time = 2.743200e-08, elapsed = 1003.2 sec
Step =   6676: nodes = 4311, dt = 5.914047e-12, time = 2.743792e-08, elapsed = 1003.4 sec
Step =   6677: nodes = 4314, dt = 3.548428e-12, time = 2.744146e-08, elapsed = 1003.5 sec
Step =   6678: nodes = 4314, dt = 3.548428e-12, time = 2.744501e-08, elapsed = 1003.7 sec
Step =   6679: nodes = 4314, dt = 4.258114e-12, time = 2.744927e-08, elapsed = 1003.8 sec
Step =   6680: nodes = 4314, dt = 5.109737e-12, time = 2.745438e-08, elapsed = 1004.0 sec
Step =   6681: nodes = 4314, dt = 6.131684e-12, time = 2.746051e-08, elapsed = 1004.1 sec
Step =   6682: nodes = 4311, dt = 7.358021e-12, time = 2.746787e-08, elapsed = 1004.3 sec
Step =   6683: nodes = 4311, dt = 8.829626e-12, time = 2.747670e-08, elapsed = 1004.5 sec
Step =   6684: nodes = 4308, dt = 1.059555e-11, time = 2.748730e-08, elapsed = 1004.7 sec
Step =   6685: nodes = 4311, dt = 3.178665e-12, time = 2.749047e-08, elapsed = 1004.9 sec
Step =   6686: nodes = 4311, dt = 3.178665e-12, time = 2.749365e-08, elapsed = 1005.0 sec
Step =   6687: nodes = 4311, dt = 1.907199e-12, time = 2.749556e-08, elapsed = 1005.1 sec
Step =   6688: nodes = 4311, dt = 1.907199e-12, time = 2.749747e-08, elapsed = 1005.3 sec
Step =   6689: nodes = 4309, dt = 2.288639e-12, time = 2.749976e-08, elapsed = 1005.4 sec
Step =   6690: nodes = 4310, dt = 2.746367e-12, time = 2.750250e-08, elapsed = 1005.5 sec
Step =   6691: nodes = 4311, dt = 3.295640e-12, time = 2.750580e-08, elapsed = 1005.7 sec
Step =   6692: nodes = 4311, dt = 3.954768e-12, time = 2.750975e-08, elapsed = 1005.8 sec
Step =   6693: nodes = 4312, dt = 2.372861e-12, time = 2.751213e-08, elapsed = 1006.0 sec
Step =   6694: nodes = 4311, dt = 2.372861e-12, time = 2.751450e-08, elapsed = 1006.1 sec
Step =   6695: nodes = 4310, dt = 2.847433e-12, time = 2.751735e-08, elapsed = 1006.3 sec
Step =   6696: nodes = 4310, dt = 3.416920e-12, time = 2.752076e-08, elapsed = 1006.4 sec
Step =   6697: nodes = 4310, dt = 4.100304e-12, time = 2.752486e-08, elapsed = 1006.5 sec
Step =   6698: nodes = 4309, dt = 4.920364e-12, time = 2.752978e-08, elapsed = 1006.7 sec
Step =   6699: nodes = 4311, dt = 2.952219e-12, time = 2.753274e-08, elapsed = 1006.8 sec
Step =   6700: nodes = 4311, dt = 2.952219e-12, time = 2.753569e-08, elapsed = 1007.0 sec
Writing configuration in legacy data format
 Output file: /data/home/dg000246b/openDIS/inital_dislocation_structures/output_caseC_0.14%_seed12345/relax2/config.6700.data
Writing restart file
 Restart file: /data/home/dg000246b/openDIS/inital_dislocation_structures/output_caseC_0.14%_seed12345/relax2/restart.6700.exadis
Step =   6701: nodes = 4311, dt = 3.542662e-12, time = 2.753923e-08, elapsed = 1007.1 sec
Step =   6702: nodes = 4310, dt = 4.251195e-12, time = 2.754348e-08, elapsed = 1007.3 sec
Step =   6703: nodes = 4309, dt = 5.101434e-12, time = 2.754858e-08, elapsed = 1007.4 sec
Step =   6704: nodes = 4310, dt = 3.060860e-12, time = 2.755164e-08, elapsed = 1007.6 sec
Step =   6705: nodes = 4309, dt = 3.060860e-12, time = 2.755470e-08, elapsed = 1007.8 sec
Step =   6706: nodes = 4311, dt = 3.673032e-12, time = 2.755838e-08, elapsed = 1007.9 sec
Step =   6707: nodes = 4309, dt = 4.407639e-12, time = 2.756279e-08, elapsed = 1008.0 sec
Step =   6708: nodes = 4311, dt = 5.289166e-12, time = 2.756807e-08, elapsed = 1008.2 sec
Step =   6709: nodes = 4312, dt = 3.173500e-12, time = 2.757125e-08, elapsed = 1008.3 sec
Step =   6710: nodes = 4311, dt = 3.173500e-12, time = 2.757442e-08, elapsed = 1008.5 sec
Step =   6711: nodes = 4311, dt = 3.808200e-12, time = 2.757823e-08, elapsed = 1008.6 sec
Step =   6712: nodes = 4310, dt = 4.569840e-12, time = 2.758280e-08, elapsed = 1008.8 sec
Step =   6713: nodes = 4312, dt = 5.483808e-12, time = 2.758828e-08, elapsed = 1009.0 sec
Step =   6714: nodes = 4312, dt = 3.290285e-12, time = 2.759157e-08, elapsed = 1009.1 sec
Step =   6715: nodes = 4311, dt = 3.290285e-12, time = 2.759486e-08, elapsed = 1009.3 sec
Step =   6716: nodes = 4311, dt = 3.948342e-12, time = 2.759881e-08, elapsed = 1009.4 sec
Step =   6717: nodes = 4309, dt = 4.738010e-12, time = 2.760355e-08, elapsed = 1009.6 sec
Step =   6718: nodes = 4310, dt = 2.842806e-12, time = 2.760639e-08, elapsed = 1009.8 sec
Step =   6719: nodes = 4310, dt = 2.842806e-12, time = 2.760924e-08, elapsed = 1009.9 sec
Step =   6720: nodes = 4309, dt = 3.411367e-12, time = 2.761265e-08, elapsed = 1010.1 sec
Step =   6721: nodes = 4310, dt = 4.093641e-12, time = 2.761674e-08, elapsed = 1010.2 sec
Step =   6722: nodes = 4311, dt = 4.912369e-12, time = 2.762165e-08, elapsed = 1010.3 sec
Step =   6723: nodes = 4310, dt = 5.894842e-12, time = 2.762755e-08, elapsed = 1010.5 sec
Step =   6724: nodes = 4309, dt = 3.536905e-12, time = 2.763109e-08, elapsed = 1010.7 sec
Step =   6725: nodes = 4311, dt = 3.536905e-12, time = 2.763462e-08, elapsed = 1010.8 sec
Step =   6726: nodes = 4311, dt = 4.244287e-12, time = 2.763887e-08, elapsed = 1011.0 sec
Step =   6727: nodes = 4309, dt = 5.093144e-12, time = 2.764396e-08, elapsed = 1011.1 sec
Step =   6728: nodes = 4311, dt = 3.055886e-12, time = 2.764702e-08, elapsed = 1011.3 sec
Step =   6729: nodes = 4310, dt = 3.055886e-12, time = 2.765007e-08, elapsed = 1011.4 sec
Step =   6730: nodes = 4312, dt = 3.667064e-12, time = 2.765374e-08, elapsed = 1011.5 sec
Step =   6731: nodes = 4311, dt = 4.400476e-12, time = 2.765814e-08, elapsed = 1011.7 sec
Step =   6732: nodes = 4310, dt = 5.280572e-12, time = 2.766342e-08, elapsed = 1011.8 sec
Step =   6733: nodes = 4312, dt = 3.168343e-12, time = 2.766659e-08, elapsed = 1012.0 sec
Step =   6734: nodes = 4312, dt = 3.168343e-12, time = 2.766976e-08, elapsed = 1012.1 sec
Step =   6735: nodes = 4312, dt = 3.802012e-12, time = 2.767356e-08, elapsed = 1012.3 sec
Step =   6736: nodes = 4313, dt = 4.562414e-12, time = 2.767812e-08, elapsed = 1012.4 sec
Step =   6737: nodes = 4312, dt = 5.474897e-12, time = 2.768360e-08, elapsed = 1012.6 sec
Step =   6738: nodes = 4314, dt = 3.284938e-12, time = 2.768688e-08, elapsed = 1012.8 sec
Step =   6739: nodes = 4314, dt = 3.284938e-12, time = 2.769017e-08, elapsed = 1012.9 sec
Step =   6740: nodes = 4314, dt = 3.941926e-12, time = 2.769411e-08, elapsed = 1013.1 sec
Step =   6741: nodes = 4315, dt = 4.730311e-12, time = 2.769884e-08, elapsed = 1013.2 sec
Step =   6742: nodes = 4317, dt = 5.676373e-12, time = 2.770451e-08, elapsed = 1013.3 sec
Step =   6743: nodes = 4317, dt = 3.405824e-12, time = 2.770792e-08, elapsed = 1013.5 sec
Step =   6744: nodes = 4316, dt = 3.405824e-12, time = 2.771133e-08, elapsed = 1013.7 sec
Step =   6745: nodes = 4315, dt = 4.086988e-12, time = 2.771541e-08, elapsed = 1013.8 sec
Step =   6746: nodes = 4316, dt = 4.904386e-12, time = 2.772032e-08, elapsed = 1014.0 sec
Step =   6747: nodes = 4314, dt = 2.942632e-12, time = 2.772326e-08, elapsed = 1014.2 sec
Step =   6748: nodes = 4313, dt = 2.942632e-12, time = 2.772620e-08, elapsed = 1014.3 sec
Step =   6749: nodes = 4316, dt = 3.531158e-12, time = 2.772973e-08, elapsed = 1014.4 sec
Step =   6750: nodes = 4314, dt = 4.237390e-12, time = 2.773397e-08, elapsed = 1014.6 sec
Step =   6751: nodes = 4314, dt = 5.084867e-12, time = 2.773906e-08, elapsed = 1014.7 sec
Step =   6752: nodes = 4314, dt = 3.050920e-12, time = 2.774211e-08, elapsed = 1014.9 sec
Step =   6753: nodes = 4315, dt = 3.050920e-12, time = 2.774516e-08, elapsed = 1015.0 sec
Step =   6754: nodes = 4315, dt = 3.661105e-12, time = 2.774882e-08, elapsed = 1015.1 sec
Step =   6755: nodes = 4313, dt = 4.393325e-12, time = 2.775321e-08, elapsed = 1015.3 sec
Step =   6756: nodes = 4313, dt = 2.635995e-12, time = 2.775585e-08, elapsed = 1015.4 sec
Step =   6757: nodes = 4313, dt = 2.635995e-12, time = 2.775848e-08, elapsed = 1015.5 sec
Step =   6758: nodes = 4313, dt = 3.163194e-12, time = 2.776165e-08, elapsed = 1015.7 sec
Step =   6759: nodes = 4312, dt = 3.795833e-12, time = 2.776544e-08, elapsed = 1015.8 sec
Step =   6760: nodes = 4313, dt = 4.555000e-12, time = 2.777000e-08, elapsed = 1016.0 sec
Step =   6761: nodes = 4316, dt = 5.466000e-12, time = 2.777546e-08, elapsed = 1016.1 sec
Step =   6762: nodes = 4318, dt = 3.279600e-12, time = 2.777874e-08, elapsed = 1016.3 sec
Step =   6763: nodes = 4317, dt = 3.279600e-12, time = 2.778202e-08, elapsed = 1016.5 sec
Step =   6764: nodes = 4320, dt = 3.935520e-12, time = 2.778596e-08, elapsed = 1016.6 sec
Step =   6765: nodes = 4320, dt = 4.722624e-12, time = 2.779068e-08, elapsed = 1016.8 sec
Step =   6766: nodes = 4321, dt = 2.833574e-12, time = 2.779351e-08, elapsed = 1016.9 sec
Step =   6767: nodes = 4321, dt = 2.833574e-12, time = 2.779635e-08, elapsed = 1017.1 sec
Step =   6768: nodes = 4318, dt = 3.400289e-12, time = 2.779975e-08, elapsed = 1017.2 sec
Step =   6769: nodes = 4319, dt = 4.080347e-12, time = 2.780383e-08, elapsed = 1017.4 sec
Step =   6770: nodes = 4318, dt = 4.896416e-12, time = 2.780873e-08, elapsed = 1017.5 sec
Step =   6771: nodes = 4319, dt = 2.937850e-12, time = 2.781166e-08, elapsed = 1017.7 sec
Step =   6772: nodes = 4319, dt = 2.937850e-12, time = 2.781460e-08, elapsed = 1017.8 sec
Step =   6773: nodes = 4318, dt = 3.525420e-12, time = 2.781813e-08, elapsed = 1018.0 sec
Step =   6774: nodes = 4318, dt = 4.230504e-12, time = 2.782236e-08, elapsed = 1018.1 sec
Step =   6775: nodes = 4320, dt = 5.076605e-12, time = 2.782743e-08, elapsed = 1018.3 sec
Step =   6776: nodes = 4319, dt = 6.091925e-12, time = 2.783353e-08, elapsed = 1018.4 sec
Step =   6777: nodes = 4320, dt = 1.827578e-12, time = 2.783535e-08, elapsed = 1018.6 sec
Step =   6778: nodes = 4322, dt = 1.827578e-12, time = 2.783718e-08, elapsed = 1018.8 sec
Step =   6779: nodes = 4322, dt = 1.096547e-12, time = 2.783828e-08, elapsed = 1018.9 sec
Step =   6780: nodes = 4322, dt = 1.096547e-12, time = 2.783937e-08, elapsed = 1019.0 sec
Step =   6781: nodes = 4322, dt = 1.315856e-12, time = 2.784069e-08, elapsed = 1019.1 sec
Step =   6782: nodes = 4320, dt = 7.895135e-13, time = 2.784148e-08, elapsed = 1019.3 sec
Step =   6783: nodes = 4322, dt = 7.895135e-13, time = 2.784227e-08, elapsed = 1019.4 sec
Step =   6784: nodes = 4321, dt = 9.474162e-13, time = 2.784322e-08, elapsed = 1019.5 sec
Step =   6785: nodes = 4321, dt = 1.136899e-12, time = 2.784435e-08, elapsed = 1019.6 sec
Step =   6786: nodes = 4321, dt = 1.364279e-12, time = 2.784572e-08, elapsed = 1019.8 sec
Step =   6787: nodes = 4321, dt = 1.637135e-12, time = 2.784735e-08, elapsed = 1020.1 sec
Step =   6788: nodes = 4321, dt = 1.964562e-12, time = 2.784932e-08, elapsed = 1020.3 sec
Step =   6789: nodes = 4321, dt = 2.357475e-12, time = 2.785168e-08, elapsed = 1020.5 sec
Step =   6790: nodes = 4321, dt = 1.414485e-12, time = 2.785309e-08, elapsed = 1020.6 sec
Step =   6791: nodes = 4321, dt = 1.414485e-12, time = 2.785451e-08, elapsed = 1020.7 sec
Step =   6792: nodes = 4321, dt = 1.697382e-12, time = 2.785620e-08, elapsed = 1020.9 sec
Step =   6793: nodes = 4320, dt = 2.036858e-12, time = 2.785824e-08, elapsed = 1021.0 sec
Step =   6794: nodes = 4320, dt = 2.444230e-12, time = 2.786068e-08, elapsed = 1021.2 sec
Step =   6795: nodes = 4319, dt = 2.933076e-12, time = 2.786362e-08, elapsed = 1021.3 sec
Step =   6796: nodes = 4319, dt = 3.519691e-12, time = 2.786714e-08, elapsed = 1021.4 sec
Step =   6797: nodes = 4319, dt = 4.223629e-12, time = 2.787136e-08, elapsed = 1021.5 sec
Step =   6798: nodes = 4321, dt = 5.068355e-12, time = 2.787643e-08, elapsed = 1021.7 sec
Step =   6799: nodes = 4321, dt = 3.041013e-12, time = 2.787947e-08, elapsed = 1021.9 sec
Step =   6800: nodes = 4322, dt = 3.041013e-12, time = 2.788251e-08, elapsed = 1022.0 sec
Writing configuration in legacy data format
 Output file: /data/home/dg000246b/openDIS/inital_dislocation_structures/output_caseC_0.14%_seed12345/relax2/config.6800.data
Writing restart file
 Restart file: /data/home/dg000246b/openDIS/inital_dislocation_structures/output_caseC_0.14%_seed12345/relax2/restart.6800.exadis
Step =   6801: nodes = 4319, dt = 3.649216e-12, time = 2.788616e-08, elapsed = 1022.2 sec
Step =   6802: nodes = 4321, dt = 4.379059e-12, time = 2.789054e-08, elapsed = 1022.3 sec
Step =   6803: nodes = 4322, dt = 5.254871e-12, time = 2.789579e-08, elapsed = 1022.5 sec
Step =   6804: nodes = 4322, dt = 3.152922e-12, time = 2.789895e-08, elapsed = 1022.7 sec
Step =   6805: nodes = 4322, dt = 3.152922e-12, time = 2.790210e-08, elapsed = 1022.8 sec
Step =   6806: nodes = 4321, dt = 3.783507e-12, time = 2.790588e-08, elapsed = 1022.9 sec
Step =   6807: nodes = 4320, dt = 4.540208e-12, time = 2.791042e-08, elapsed = 1023.1 sec
Step =   6808: nodes = 4322, dt = 5.448250e-12, time = 2.791587e-08, elapsed = 1023.2 sec
Step =   6809: nodes = 4322, dt = 3.268950e-12, time = 2.791914e-08, elapsed = 1023.3 sec
Step =   6810: nodes = 4321, dt = 3.268950e-12, time = 2.792241e-08, elapsed = 1023.5 sec
Step =   6811: nodes = 4319, dt = 3.922740e-12, time = 2.792633e-08, elapsed = 1023.6 sec
Step =   6812: nodes = 4316, dt = 4.707288e-12, time = 2.793104e-08, elapsed = 1023.8 sec
Step =   6813: nodes = 4316, dt = 5.648745e-12, time = 2.793669e-08, elapsed = 1023.9 sec
Step =   6814: nodes = 4317, dt = 3.389247e-12, time = 2.794008e-08, elapsed = 1024.1 sec
Step =   6815: nodes = 4317, dt = 3.389247e-12, time = 2.794347e-08, elapsed = 1024.2 sec
Step =   6816: nodes = 4319, dt = 4.067097e-12, time = 2.794753e-08, elapsed = 1024.4 sec
Step =   6817: nodes = 4319, dt = 4.880516e-12, time = 2.795241e-08, elapsed = 1024.5 sec
Step =   6818: nodes = 4319, dt = 5.856619e-12, time = 2.795827e-08, elapsed = 1024.7 sec
Step =   6819: nodes = 4320, dt = 3.513972e-12, time = 2.796179e-08, elapsed = 1024.9 sec
Step =   6820: nodes = 4321, dt = 3.513972e-12, time = 2.796530e-08, elapsed = 1025.0 sec
Step =   6821: nodes = 4320, dt = 4.216766e-12, time = 2.796952e-08, elapsed = 1025.2 sec
Step =   6822: nodes = 4320, dt = 5.060119e-12, time = 2.797458e-08, elapsed = 1025.3 sec
Step =   6823: nodes = 4318, dt = 6.072143e-12, time = 2.798065e-08, elapsed = 1025.5 sec
Step =   6824: nodes = 4321, dt = 3.643286e-12, time = 2.798429e-08, elapsed = 1025.6 sec
Step =   6825: nodes = 4320, dt = 3.643286e-12, time = 2.798793e-08, elapsed = 1025.8 sec
Step =   6826: nodes = 4321, dt = 4.371943e-12, time = 2.799231e-08, elapsed = 1026.0 sec
Step =   6827: nodes = 4320, dt = 5.246331e-12, time = 2.799755e-08, elapsed = 1026.1 sec
Step =   6828: nodes = 4323, dt = 3.147799e-12, time = 2.800070e-08, elapsed = 1026.3 sec
Step =   6829: nodes = 4321, dt = 3.147799e-12, time = 2.800385e-08, elapsed = 1026.4 sec
Step =   6830: nodes = 4323, dt = 3.777359e-12, time = 2.800763e-08, elapsed = 1026.6 sec
Step =   6831: nodes = 4323, dt = 4.532830e-12, time = 2.801216e-08, elapsed = 1026.7 sec
Step =   6832: nodes = 4323, dt = 5.439396e-12, time = 2.801760e-08, elapsed = 1026.9 sec
Step =   6833: nodes = 4322, dt = 6.527276e-12, time = 2.802413e-08, elapsed = 1027.0 sec
Step =   6834: nodes = 4323, dt = 1.958183e-12, time = 2.802608e-08, elapsed = 1027.2 sec
Step =   6835: nodes = 4324, dt = 1.958183e-12, time = 2.802804e-08, elapsed = 1027.3 sec
Step =   6836: nodes = 4324, dt = 2.349819e-12, time = 2.803039e-08, elapsed = 1027.5 sec
Step =   6837: nodes = 4324, dt = 2.819783e-12, time = 2.803321e-08, elapsed = 1027.6 sec
Step =   6838: nodes = 4325, dt = 3.383740e-12, time = 2.803660e-08, elapsed = 1027.8 sec
Step =   6839: nodes = 4325, dt = 4.060488e-12, time = 2.804066e-08, elapsed = 1028.0 sec
Step =   6840: nodes = 4324, dt = 2.436293e-12, time = 2.804309e-08, elapsed = 1028.1 sec
Step =   6841: nodes = 4324, dt = 2.436293e-12, time = 2.804553e-08, elapsed = 1028.3 sec
Step =   6842: nodes = 4325, dt = 2.923551e-12, time = 2.804845e-08, elapsed = 1028.4 sec
Step =   6843: nodes = 4324, dt = 3.508261e-12, time = 2.805196e-08, elapsed = 1028.6 sec
Step =   6844: nodes = 4324, dt = 4.209914e-12, time = 2.805617e-08, elapsed = 1028.7 sec
Step =   6845: nodes = 4324, dt = 2.525948e-12, time = 2.805870e-08, elapsed = 1028.9 sec
Step =   6846: nodes = 4325, dt = 2.525948e-12, time = 2.806122e-08, elapsed = 1029.0 sec
Step =   6847: nodes = 4325, dt = 3.031138e-12, time = 2.806425e-08, elapsed = 1029.2 sec
Step =   6848: nodes = 4326, dt = 3.637365e-12, time = 2.806789e-08, elapsed = 1029.3 sec
Step =   6849: nodes = 4327, dt = 4.364838e-12, time = 2.807226e-08, elapsed = 1029.5 sec
Step =   6850: nodes = 4325, dt = 5.237806e-12, time = 2.807749e-08, elapsed = 1029.6 sec
Step =   6851: nodes = 4326, dt = 3.142684e-12, time = 2.808064e-08, elapsed = 1029.8 sec
Step =   6852: nodes = 4326, dt = 3.142684e-12, time = 2.808378e-08, elapsed = 1029.9 sec
Step =   6853: nodes = 4326, dt = 3.771220e-12, time = 2.808755e-08, elapsed = 1030.1 sec
Step =   6854: nodes = 4325, dt = 4.525464e-12, time = 2.809208e-08, elapsed = 1030.2 sec
Step =   6855: nodes = 4327, dt = 5.430557e-12, time = 2.809751e-08, elapsed = 1030.4 sec
Step =   6856: nodes = 4327, dt = 3.258334e-12, time = 2.810076e-08, elapsed = 1030.5 sec
Step =   6857: nodes = 4327, dt = 3.258334e-12, time = 2.810402e-08, elapsed = 1030.7 sec
Step =   6858: nodes = 4327, dt = 3.910001e-12, time = 2.810793e-08, elapsed = 1030.8 sec
Step =   6859: nodes = 4327, dt = 4.692002e-12, time = 2.811262e-08, elapsed = 1030.9 sec
Step =   6860: nodes = 4328, dt = 2.815201e-12, time = 2.811544e-08, elapsed = 1031.1 sec
Step =   6861: nodes = 4327, dt = 2.815201e-12, time = 2.811825e-08, elapsed = 1031.2 sec
Step =   6862: nodes = 4327, dt = 3.378241e-12, time = 2.812163e-08, elapsed = 1031.4 sec
Step =   6863: nodes = 4325, dt = 4.053889e-12, time = 2.812569e-08, elapsed = 1031.5 sec
Step =   6864: nodes = 4326, dt = 4.864667e-12, time = 2.813055e-08, elapsed = 1031.7 sec
Step =   6865: nodes = 4323, dt = 2.918800e-12, time = 2.813347e-08, elapsed = 1031.9 sec
Step =   6866: nodes = 4324, dt = 2.918800e-12, time = 2.813639e-08, elapsed = 1032.0 sec
Step =   6867: nodes = 4323, dt = 3.502560e-12, time = 2.813989e-08, elapsed = 1032.1 sec
Step =   6868: nodes = 4326, dt = 4.203072e-12, time = 2.814409e-08, elapsed = 1032.2 sec
Step =   6869: nodes = 4325, dt = 5.043687e-12, time = 2.814914e-08, elapsed = 1032.4 sec
Step =   6870: nodes = 4325, dt = 3.026212e-12, time = 2.815216e-08, elapsed = 1032.5 sec
Step =   6871: nodes = 4324, dt = 3.026212e-12, time = 2.815519e-08, elapsed = 1032.7 sec
Step =   6872: nodes = 4325, dt = 3.631455e-12, time = 2.815882e-08, elapsed = 1032.8 sec
Step =   6873: nodes = 4324, dt = 4.357746e-12, time = 2.816318e-08, elapsed = 1033.0 sec
Step =   6874: nodes = 4323, dt = 5.229295e-12, time = 2.816841e-08, elapsed = 1033.1 sec
Step =   6875: nodes = 4325, dt = 3.137577e-12, time = 2.817155e-08, elapsed = 1033.3 sec
Step =   6876: nodes = 4325, dt = 3.137577e-12, time = 2.817468e-08, elapsed = 1033.4 sec
Step =   6877: nodes = 4325, dt = 3.765092e-12, time = 2.817845e-08, elapsed = 1033.6 sec
Step =   6878: nodes = 4323, dt = 4.518111e-12, time = 2.818297e-08, elapsed = 1033.7 sec
Step =   6879: nodes = 4321, dt = 5.421733e-12, time = 2.818839e-08, elapsed = 1033.9 sec
Step =   6880: nodes = 4323, dt = 3.253040e-12, time = 2.819164e-08, elapsed = 1034.0 sec
Step =   6881: nodes = 4322, dt = 3.253040e-12, time = 2.819490e-08, elapsed = 1034.2 sec
Step =   6882: nodes = 4320, dt = 3.903648e-12, time = 2.819880e-08, elapsed = 1034.3 sec
Step =   6883: nodes = 4320, dt = 4.684377e-12, time = 2.820348e-08, elapsed = 1034.5 sec
Step =   6884: nodes = 4319, dt = 5.621252e-12, time = 2.820910e-08, elapsed = 1034.6 sec
Step =   6885: nodes = 4319, dt = 6.745503e-12, time = 2.821585e-08, elapsed = 1034.8 sec
Step =   6886: nodes = 4318, dt = 8.094603e-12, time = 2.822394e-08, elapsed = 1035.0 sec
Step =   6887: nodes = 4316, dt = 9.713524e-12, time = 2.823366e-08, elapsed = 1035.1 sec
Step =   6888: nodes = 4311, dt = 1.165623e-11, time = 2.824531e-08, elapsed = 1035.3 sec
Step =   6889: nodes = 4317, dt = 3.496869e-12, time = 2.824881e-08, elapsed = 1035.5 sec
Step =   6890: nodes = 4319, dt = 3.496869e-12, time = 2.825231e-08, elapsed = 1035.7 sec
Step =   6891: nodes = 4319, dt = 4.196242e-12, time = 2.825650e-08, elapsed = 1035.9 sec
Step =   6892: nodes = 4321, dt = 5.035491e-12, time = 2.826154e-08, elapsed = 1036.0 sec
Step =   6893: nodes = 4321, dt = 6.042589e-12, time = 2.826758e-08, elapsed = 1036.2 sec
Step =   6894: nodes = 4320, dt = 7.251107e-12, time = 2.827483e-08, elapsed = 1036.3 sec
Step =   6895: nodes = 4320, dt = 4.350664e-12, time = 2.827918e-08, elapsed = 1036.5 sec
Step =   6896: nodes = 4319, dt = 4.350664e-12, time = 2.828354e-08, elapsed = 1036.7 sec
Step =   6897: nodes = 4320, dt = 5.220797e-12, time = 2.828876e-08, elapsed = 1036.8 sec
Step =   6898: nodes = 4320, dt = 3.132478e-12, time = 2.829189e-08, elapsed = 1037.0 sec
Step =   6899: nodes = 4320, dt = 3.132478e-12, time = 2.829502e-08, elapsed = 1037.1 sec
Step =   6900: nodes = 4321, dt = 3.758974e-12, time = 2.829878e-08, elapsed = 1037.3 sec
Writing configuration in legacy data format
 Output file: /data/home/dg000246b/openDIS/inital_dislocation_structures/output_caseC_0.14%_seed12345/relax2/config.6900.data
Writing restart file
 Restart file: /data/home/dg000246b/openDIS/inital_dislocation_structures/output_caseC_0.14%_seed12345/relax2/restart.6900.exadis
Step =   6901: nodes = 4318, dt = 4.510769e-12, time = 2.830329e-08, elapsed = 1037.5 sec
Step =   6902: nodes = 4319, dt = 5.412922e-12, time = 2.830870e-08, elapsed = 1037.7 sec
Step =   6903: nodes = 4319, dt = 3.247753e-12, time = 2.831195e-08, elapsed = 1037.8 sec
Step =   6904: nodes = 4322, dt = 3.247753e-12, time = 2.831520e-08, elapsed = 1037.9 sec
Step =   6905: nodes = 4322, dt = 3.897304e-12, time = 2.831910e-08, elapsed = 1038.1 sec
Step =   6906: nodes = 4320, dt = 4.676765e-12, time = 2.832377e-08, elapsed = 1038.2 sec
Step =   6907: nodes = 4323, dt = 5.612118e-12, time = 2.832939e-08, elapsed = 1038.3 sec
Step =   6908: nodes = 4321, dt = 3.367271e-12, time = 2.833275e-08, elapsed = 1038.5 sec
Step =   6909: nodes = 4323, dt = 3.367271e-12, time = 2.833612e-08, elapsed = 1038.6 sec
Step =   6910: nodes = 4321, dt = 4.040725e-12, time = 2.834016e-08, elapsed = 1038.8 sec
Step =   6911: nodes = 4323, dt = 4.848870e-12, time = 2.834501e-08, elapsed = 1039.0 sec
Step =   6912: nodes = 4323, dt = 5.818644e-12, time = 2.835083e-08, elapsed = 1039.1 sec
Step =   6913: nodes = 4324, dt = 3.491186e-12, time = 2.835432e-08, elapsed = 1039.3 sec
Step =   6914: nodes = 4323, dt = 3.491186e-12, time = 2.835781e-08, elapsed = 1039.4 sec
Step =   6915: nodes = 4322, dt = 4.189424e-12, time = 2.836200e-08, elapsed = 1039.6 sec
Step =   6916: nodes = 4324, dt = 5.027308e-12, time = 2.836703e-08, elapsed = 1039.7 sec
Step =   6917: nodes = 4325, dt = 3.016385e-12, time = 2.837004e-08, elapsed = 1039.9 sec
Step =   6918: nodes = 4325, dt = 3.016385e-12, time = 2.837306e-08, elapsed = 1040.0 sec
Step =   6919: nodes = 4324, dt = 3.619662e-12, time = 2.837668e-08, elapsed = 1040.1 sec
Step =   6920: nodes = 4323, dt = 4.343594e-12, time = 2.838102e-08, elapsed = 1040.3 sec
Step =   6921: nodes = 4323, dt = 5.212313e-12, time = 2.838624e-08, elapsed = 1040.4 sec
Step =   6922: nodes = 4322, dt = 6.254776e-12, time = 2.839249e-08, elapsed = 1040.5 sec
Step =   6923: nodes = 4324, dt = 3.752865e-12, time = 2.839624e-08, elapsed = 1040.7 sec
Step =   6924: nodes = 4325, dt = 3.752865e-12, time = 2.840000e-08, elapsed = 1040.9 sec
Step =   6925: nodes = 4324, dt = 4.503439e-12, time = 2.840450e-08, elapsed = 1041.0 sec
Step =   6926: nodes = 4326, dt = 5.404126e-12, time = 2.840990e-08, elapsed = 1041.2 sec
Step =   6927: nodes = 4324, dt = 3.242476e-12, time = 2.841315e-08, elapsed = 1041.3 sec
Step =   6928: nodes = 4325, dt = 3.242476e-12, time = 2.841639e-08, elapsed = 1041.4 sec
Step =   6929: nodes = 4326, dt = 3.890971e-12, time = 2.842028e-08, elapsed = 1041.6 sec
Step =   6930: nodes = 4326, dt = 4.669165e-12, time = 2.842495e-08, elapsed = 1041.7 sec
Step =   6931: nodes = 4325, dt = 5.602998e-12, time = 2.843055e-08, elapsed = 1041.9 sec
Step =   6932: nodes = 4325, dt = 3.361799e-12, time = 2.843391e-08, elapsed = 1042.0 sec
Step =   6933: nodes = 4325, dt = 3.361799e-12, time = 2.843728e-08, elapsed = 1042.2 sec
Step =   6934: nodes = 4325, dt = 4.034159e-12, time = 2.844131e-08, elapsed = 1042.3 sec
Step =   6935: nodes = 4325, dt = 4.840990e-12, time = 2.844615e-08, elapsed = 1042.4 sec
Step =   6936: nodes = 4323, dt = 5.809188e-12, time = 2.845196e-08, elapsed = 1042.6 sec
Step =   6937: nodes = 4323, dt = 6.971026e-12, time = 2.845893e-08, elapsed = 1042.7 sec
Step =   6938: nodes = 4324, dt = 4.182616e-12, time = 2.846311e-08, elapsed = 1042.9 sec
Step =   6939: nodes = 4326, dt = 4.182616e-12, time = 2.846730e-08, elapsed = 1043.1 sec
Step =   6940: nodes = 4325, dt = 5.019139e-12, time = 2.847231e-08, elapsed = 1043.2 sec
Step =   6941: nodes = 4325, dt = 3.011483e-12, time = 2.847533e-08, elapsed = 1043.4 sec
Step =   6942: nodes = 4325, dt = 3.011483e-12, time = 2.847834e-08, elapsed = 1043.5 sec
Step =   6943: nodes = 4325, dt = 3.613780e-12, time = 2.848195e-08, elapsed = 1043.7 sec
Step =   6944: nodes = 4326, dt = 4.336536e-12, time = 2.848629e-08, elapsed = 1043.9 sec
Step =   6945: nodes = 4325, dt = 5.203843e-12, time = 2.849149e-08, elapsed = 1044.0 sec
Step =   6946: nodes = 4326, dt = 3.122306e-12, time = 2.849461e-08, elapsed = 1044.2 sec
Step =   6947: nodes = 4325, dt = 3.122306e-12, time = 2.849774e-08, elapsed = 1044.3 sec
Step =   6948: nodes = 4327, dt = 3.746767e-12, time = 2.850148e-08, elapsed = 1044.4 sec
Step =   6949: nodes = 4328, dt = 4.496121e-12, time = 2.850598e-08, elapsed = 1044.6 sec
Step =   6950: nodes = 4328, dt = 5.395345e-12, time = 2.851137e-08, elapsed = 1044.7 sec
Step =   6951: nodes = 4328, dt = 3.237207e-12, time = 2.851461e-08, elapsed = 1044.9 sec
Step =   6952: nodes = 4328, dt = 3.237207e-12, time = 2.851785e-08, elapsed = 1045.0 sec
Step =   6953: nodes = 4328, dt = 3.884648e-12, time = 2.852173e-08, elapsed = 1045.2 sec
Step =   6954: nodes = 4328, dt = 4.661578e-12, time = 2.852640e-08, elapsed = 1045.3 sec
Step =   6955: nodes = 4330, dt = 5.593893e-12, time = 2.853199e-08, elapsed = 1045.5 sec
Step =   6956: nodes = 4329, dt = 3.356336e-12, time = 2.853535e-08, elapsed = 1045.6 sec
Step =   6957: nodes = 4330, dt = 3.356336e-12, time = 2.853870e-08, elapsed = 1045.8 sec
Step =   6958: nodes = 4326, dt = 4.027603e-12, time = 2.854273e-08, elapsed = 1045.9 sec
Step =   6959: nodes = 4327, dt = 4.833124e-12, time = 2.854756e-08, elapsed = 1046.1 sec
Step =   6960: nodes = 4328, dt = 2.899874e-12, time = 2.855046e-08, elapsed = 1046.2 sec
Step =   6961: nodes = 4327, dt = 2.899874e-12, time = 2.855336e-08, elapsed = 1046.4 sec
Step =   6962: nodes = 4329, dt = 3.479849e-12, time = 2.855684e-08, elapsed = 1046.5 sec
Step =   6963: nodes = 4327, dt = 4.175819e-12, time = 2.856102e-08, elapsed = 1046.7 sec
Step =   6964: nodes = 4329, dt = 5.010983e-12, time = 2.856603e-08, elapsed = 1046.9 sec
Step =   6965: nodes = 4329, dt = 3.006590e-12, time = 2.856904e-08, elapsed = 1047.0 sec
Step =   6966: nodes = 4327, dt = 3.006590e-12, time = 2.857204e-08, elapsed = 1047.2 sec
Step =   6967: nodes = 4328, dt = 3.607908e-12, time = 2.857565e-08, elapsed = 1047.3 sec
Step =   6968: nodes = 4327, dt = 4.329489e-12, time = 2.857998e-08, elapsed = 1047.4 sec
Step =   6969: nodes = 4327, dt = 5.195387e-12, time = 2.858518e-08, elapsed = 1047.6 sec
Step =   6970: nodes = 4328, dt = 3.117232e-12, time = 2.858829e-08, elapsed = 1047.7 sec
Step =   6971: nodes = 4327, dt = 3.117232e-12, time = 2.859141e-08, elapsed = 1047.9 sec
Step =   6972: nodes = 4326, dt = 3.740679e-12, time = 2.859515e-08, elapsed = 1048.0 sec
Step =   6973: nodes = 4325, dt = 4.488814e-12, time = 2.859964e-08, elapsed = 1048.2 sec
Step =   6974: nodes = 4326, dt = 5.386577e-12, time = 2.860503e-08, elapsed = 1048.3 sec
Step =   6975: nodes = 4327, dt = 3.231946e-12, time = 2.860826e-08, elapsed = 1048.5 sec
Step =   6976: nodes = 4327, dt = 3.231946e-12, time = 2.861149e-08, elapsed = 1048.6 sec
Step =   6977: nodes = 4327, dt = 3.878336e-12, time = 2.861537e-08, elapsed = 1048.8 sec
Step =   6978: nodes = 4326, dt = 4.654003e-12, time = 2.862002e-08, elapsed = 1048.9 sec
Step =   6979: nodes = 4323, dt = 5.584803e-12, time = 2.862561e-08, elapsed = 1049.1 sec
Step =   6980: nodes = 4325, dt = 3.350882e-12, time = 2.862896e-08, elapsed = 1049.2 sec
Step =   6981: nodes = 4325, dt = 3.350882e-12, time = 2.863231e-08, elapsed = 1049.3 sec
Step =   6982: nodes = 4325, dt = 4.021058e-12, time = 2.863633e-08, elapsed = 1049.5 sec
Step =   6983: nodes = 4326, dt = 4.825270e-12, time = 2.864115e-08, elapsed = 1049.6 sec
Step =   6984: nodes = 4327, dt = 5.790324e-12, time = 2.864695e-08, elapsed = 1049.7 sec
Step =   6985: nodes = 4327, dt = 6.948389e-12, time = 2.865389e-08, elapsed = 1050.0 sec
Step =   6986: nodes = 4329, dt = 8.338066e-12, time = 2.866223e-08, elapsed = 1050.1 sec
Step =   6987: nodes = 4330, dt = 5.002840e-12, time = 2.866723e-08, elapsed = 1050.3 sec
Step =   6988: nodes = 4331, dt = 5.002840e-12, time = 2.867224e-08, elapsed = 1050.6 sec
Step =   6989: nodes = 4332, dt = 3.001704e-12, time = 2.867524e-08, elapsed = 1050.8 sec
Step =   6990: nodes = 4332, dt = 3.001704e-12, time = 2.867824e-08, elapsed = 1051.0 sec
Step =   6991: nodes = 4331, dt = 3.602045e-12, time = 2.868184e-08, elapsed = 1051.1 sec
Step =   6992: nodes = 4330, dt = 4.322454e-12, time = 2.868617e-08, elapsed = 1051.3 sec
Step =   6993: nodes = 4331, dt = 5.186944e-12, time = 2.869135e-08, elapsed = 1051.4 sec
Step =   6994: nodes = 4333, dt = 3.112167e-12, time = 2.869446e-08, elapsed = 1051.6 sec
Step =   6995: nodes = 4333, dt = 3.112167e-12, time = 2.869758e-08, elapsed = 1051.7 sec
Step =   6996: nodes = 4331, dt = 3.734600e-12, time = 2.870131e-08, elapsed = 1051.9 sec
Step =   6997: nodes = 4332, dt = 4.481520e-12, time = 2.870579e-08, elapsed = 1052.0 sec
Step =   6998: nodes = 4334, dt = 5.377824e-12, time = 2.871117e-08, elapsed = 1052.2 sec
Step =   6999: nodes = 4335, dt = 6.453389e-12, time = 2.871762e-08, elapsed = 1052.3 sec
Step =   7000: nodes = 4335, dt = 3.872033e-12, time = 2.872150e-08, elapsed = 1052.5 sec
Writing configuration in legacy data format
 Output file: /data/home/dg000246b/openDIS/inital_dislocation_structures/output_caseC_0.14%_seed12345/relax2/config.7000.data
Writing restart file
 Restart file: /data/home/dg000246b/openDIS/inital_dislocation_structures/output_caseC_0.14%_seed12345/relax2/restart.7000.exadis
Step =   7001: nodes = 4336, dt = 3.872033e-12, time = 2.872537e-08, elapsed = 1052.7 sec
Step =   7002: nodes = 4335, dt = 4.646440e-12, time = 2.873001e-08, elapsed = 1052.8 sec
Step =   7003: nodes = 4335, dt = 5.575728e-12, time = 2.873559e-08, elapsed = 1053.0 sec
Step =   7004: nodes = 4336, dt = 3.345437e-12, time = 2.873894e-08, elapsed = 1053.2 sec
Step =   7005: nodes = 4337, dt = 3.345437e-12, time = 2.874228e-08, elapsed = 1053.3 sec
Step =   7006: nodes = 4336, dt = 4.014524e-12, time = 2.874630e-08, elapsed = 1053.4 sec
Step =   7007: nodes = 4337, dt = 4.817429e-12, time = 2.875111e-08, elapsed = 1053.6 sec
Step =   7008: nodes = 4337, dt = 2.890457e-12, time = 2.875400e-08, elapsed = 1053.7 sec
Step =   7009: nodes = 4338, dt = 2.890457e-12, time = 2.875689e-08, elapsed = 1053.9 sec
Step =   7010: nodes = 4338, dt = 3.468549e-12, time = 2.876036e-08, elapsed = 1054.0 sec
Step =   7011: nodes = 4339, dt = 4.162259e-12, time = 2.876452e-08, elapsed = 1054.2 sec
Step =   7012: nodes = 4337, dt = 4.994710e-12, time = 2.876952e-08, elapsed = 1054.3 sec
Step =   7013: nodes = 4339, dt = 2.996826e-12, time = 2.877252e-08, elapsed = 1054.5 sec
Step =   7014: nodes = 4337, dt = 2.996826e-12, time = 2.877551e-08, elapsed = 1054.6 sec
Step =   7015: nodes = 4337, dt = 3.596191e-12, time = 2.877911e-08, elapsed = 1054.8 sec
Step =   7016: nodes = 4338, dt = 4.315430e-12, time = 2.878342e-08, elapsed = 1054.9 sec
Step =   7017: nodes = 4337, dt = 5.178516e-12, time = 2.878860e-08, elapsed = 1055.1 sec
Step =   7018: nodes = 4336, dt = 3.107109e-12, time = 2.879171e-08, elapsed = 1055.2 sec
Step =   7019: nodes = 4337, dt = 3.107109e-12, time = 2.879482e-08, elapsed = 1055.3 sec
Step =   7020: nodes = 4337, dt = 3.728531e-12, time = 2.879855e-08, elapsed = 1055.5 sec
Step =   7021: nodes = 4336, dt = 4.474237e-12, time = 2.880302e-08, elapsed = 1055.6 sec
Step =   7022: nodes = 4335, dt = 5.369085e-12, time = 2.880839e-08, elapsed = 1055.8 sec
Step =   7023: nodes = 4338, dt = 3.221451e-12, time = 2.881161e-08, elapsed = 1056.0 sec
Step =   7024: nodes = 4339, dt = 3.221451e-12, time = 2.881483e-08, elapsed = 1056.2 sec
Step =   7025: nodes = 4338, dt = 3.865741e-12, time = 2.881870e-08, elapsed = 1056.3 sec
Step =   7026: nodes = 4338, dt = 4.638889e-12, time = 2.882334e-08, elapsed = 1056.5 sec
Step =   7027: nodes = 4336, dt = 5.566667e-12, time = 2.882890e-08, elapsed = 1056.6 sec
Step =   7028: nodes = 4339, dt = 3.340000e-12, time = 2.883224e-08, elapsed = 1056.8 sec
Step =   7029: nodes = 4340, dt = 3.340000e-12, time = 2.883558e-08, elapsed = 1056.9 sec
Step =   7030: nodes = 4340, dt = 4.008000e-12, time = 2.883959e-08, elapsed = 1057.1 sec
Step =   7031: nodes = 4341, dt = 4.809601e-12, time = 2.884440e-08, elapsed = 1057.2 sec
Step =   7032: nodes = 4342, dt = 5.771521e-12, time = 2.885017e-08, elapsed = 1057.4 sec
Step =   7033: nodes = 4341, dt = 3.462912e-12, time = 2.885364e-08, elapsed = 1057.6 sec
Step =   7034: nodes = 4342, dt = 3.462912e-12, time = 2.885710e-08, elapsed = 1057.7 sec
Step =   7035: nodes = 4342, dt = 4.155495e-12, time = 2.886125e-08, elapsed = 1057.8 sec
Step =   7036: nodes = 4339, dt = 4.986594e-12, time = 2.886624e-08, elapsed = 1058.0 sec
Step =   7037: nodes = 4341, dt = 5.983913e-12, time = 2.887222e-08, elapsed = 1058.1 sec
Step =   7038: nodes = 4341, dt = 3.590348e-12, time = 2.887581e-08, elapsed = 1058.3 sec
Step =   7039: nodes = 4342, dt = 3.590348e-12, time = 2.887941e-08, elapsed = 1058.4 sec
Step =   7040: nodes = 4340, dt = 4.308417e-12, time = 2.888371e-08, elapsed = 1058.6 sec
Step =   7041: nodes = 4342, dt = 5.170101e-12, time = 2.888888e-08, elapsed = 1058.7 sec
Step =   7042: nodes = 4342, dt = 6.204121e-12, time = 2.889509e-08, elapsed = 1058.9 sec
Step =   7043: nodes = 4343, dt = 7.444945e-12, time = 2.890253e-08, elapsed = 1059.0 sec
Step =   7044: nodes = 4341, dt = 8.933934e-12, time = 2.891147e-08, elapsed = 1059.2 sec
Step =   7045: nodes = 4342, dt = 2.680180e-12, time = 2.891415e-08, elapsed = 1059.4 sec
Step =   7046: nodes = 4342, dt = 2.680180e-12, time = 2.891683e-08, elapsed = 1059.5 sec
Step =   7047: nodes = 4342, dt = 3.216216e-12, time = 2.892004e-08, elapsed = 1059.7 sec
Step =   7048: nodes = 4341, dt = 3.859459e-12, time = 2.892390e-08, elapsed = 1059.8 sec
Step =   7049: nodes = 4341, dt = 4.631351e-12, time = 2.892853e-08, elapsed = 1060.0 sec
Step =   7050: nodes = 4342, dt = 2.778811e-12, time = 2.893131e-08, elapsed = 1060.1 sec
Step =   7051: nodes = 4343, dt = 2.778811e-12, time = 2.893409e-08, elapsed = 1060.3 sec
Step =   7052: nodes = 4344, dt = 3.334573e-12, time = 2.893743e-08, elapsed = 1060.4 sec
Step =   7053: nodes = 4340, dt = 4.001487e-12, time = 2.894143e-08, elapsed = 1060.5 sec
Step =   7054: nodes = 4343, dt = 4.801785e-12, time = 2.894623e-08, elapsed = 1060.7 sec
Step =   7055: nodes = 4342, dt = 5.762142e-12, time = 2.895199e-08, elapsed = 1060.8 sec
Step =   7056: nodes = 4342, dt = 6.914570e-12, time = 2.895891e-08, elapsed = 1061.0 sec
Step =   7057: nodes = 4338, dt = 8.297484e-12, time = 2.896720e-08, elapsed = 1061.2 sec
Step =   7058: nodes = 4339, dt = 4.978491e-12, time = 2.897218e-08, elapsed = 1061.4 sec
Step =   7059: nodes = 4337, dt = 4.978491e-12, time = 2.897716e-08, elapsed = 1061.6 sec
Step =   7060: nodes = 4339, dt = 5.974189e-12, time = 2.898313e-08, elapsed = 1061.8 sec
Step =   7061: nodes = 4339, dt = 7.169027e-12, time = 2.899030e-08, elapsed = 1062.0 sec
Step =   7062: nodes = 4339, dt = 8.602832e-12, time = 2.899891e-08, elapsed = 1062.1 sec
Step =   7063: nodes = 4339, dt = 1.032340e-11, time = 2.900923e-08, elapsed = 1062.3 sec
Step =   7064: nodes = 4339, dt = 6.194039e-12, time = 2.901542e-08, elapsed = 1062.5 sec
Step =   7065: nodes = 4336, dt = 6.194039e-12, time = 2.902162e-08, elapsed = 1062.7 sec
Step =   7066: nodes = 4337, dt = 7.432847e-12, time = 2.902905e-08, elapsed = 1062.8 sec
Step =   7067: nodes = 4337, dt = 8.919416e-12, time = 2.903797e-08, elapsed = 1063.0 sec
Step =   7068: nodes = 4337, dt = 1.070330e-11, time = 2.904867e-08, elapsed = 1063.2 sec
Step =   7069: nodes = 4337, dt = 6.421980e-12, time = 2.905510e-08, elapsed = 1063.4 sec
Step =   7070: nodes = 4337, dt = 6.421980e-12, time = 2.906152e-08, elapsed = 1063.5 sec
Step =   7071: nodes = 4334, dt = 7.706375e-12, time = 2.906922e-08, elapsed = 1063.7 sec
Step =   7072: nodes = 4331, dt = 9.247651e-12, time = 2.907847e-08, elapsed = 1063.8 sec
Step =   7073: nodes = 4334, dt = 2.774295e-12, time = 2.908125e-08, elapsed = 1064.0 sec
Step =   7074: nodes = 4334, dt = 2.774295e-12, time = 2.908402e-08, elapsed = 1064.1 sec
Step =   7075: nodes = 4334, dt = 3.329154e-12, time = 2.908735e-08, elapsed = 1064.2 sec
Step =   7076: nodes = 4332, dt = 3.994985e-12, time = 2.909134e-08, elapsed = 1064.4 sec
Step =   7077: nodes = 4335, dt = 4.793982e-12, time = 2.909614e-08, elapsed = 1064.5 sec
Step =   7078: nodes = 4335, dt = 5.752778e-12, time = 2.910189e-08, elapsed = 1064.7 sec
Step =   7079: nodes = 4331, dt = 6.903334e-12, time = 2.910879e-08, elapsed = 1064.8 sec
Step =   7080: nodes = 4335, dt = 4.142000e-12, time = 2.911294e-08, elapsed = 1065.0 sec
Step =   7081: nodes = 4335, dt = 4.142000e-12, time = 2.911708e-08, elapsed = 1065.1 sec
Step =   7082: nodes = 4333, dt = 4.970401e-12, time = 2.912205e-08, elapsed = 1065.3 sec
Step =   7083: nodes = 4335, dt = 5.964481e-12, time = 2.912801e-08, elapsed = 1065.4 sec
Step =   7084: nodes = 4336, dt = 3.578688e-12, time = 2.913159e-08, elapsed = 1065.6 sec
Step =   7085: nodes = 4336, dt = 1.789344e-12, time = 2.913338e-08, elapsed = 1065.8 sec
Step =   7086: nodes = 4336, dt = 1.789344e-12, time = 2.913517e-08, elapsed = 1065.9 sec
Step =   7087: nodes = 4336, dt = 2.147213e-12, time = 2.913732e-08, elapsed = 1066.0 sec
Step =   7088: nodes = 4337, dt = 2.576656e-12, time = 2.913989e-08, elapsed = 1066.1 sec
Step =   7089: nodes = 4336, dt = 3.091987e-12, time = 2.914299e-08, elapsed = 1066.3 sec
Step =   7090: nodes = 4336, dt = 1.855192e-12, time = 2.914484e-08, elapsed = 1066.4 sec
Step =   7091: nodes = 4335, dt = 1.855192e-12, time = 2.914670e-08, elapsed = 1066.6 sec
Step =   7092: nodes = 4335, dt = 2.226230e-12, time = 2.914892e-08, elapsed = 1066.7 sec
Step =   7093: nodes = 4337, dt = 2.671477e-12, time = 2.915159e-08, elapsed = 1066.8 sec
Step =   7094: nodes = 4338, dt = 3.205772e-12, time = 2.915480e-08, elapsed = 1067.0 sec
Step =   7095: nodes = 4337, dt = 3.846926e-12, time = 2.915865e-08, elapsed = 1067.1 sec
Step =   7096: nodes = 4337, dt = 2.308156e-12, time = 2.916096e-08, elapsed = 1067.3 sec
Step =   7097: nodes = 4337, dt = 2.308156e-12, time = 2.916326e-08, elapsed = 1067.4 sec
Step =   7098: nodes = 4334, dt = 2.769787e-12, time = 2.916603e-08, elapsed = 1067.6 sec
Step =   7099: nodes = 4335, dt = 3.323744e-12, time = 2.916936e-08, elapsed = 1067.7 sec
Step =   7100: nodes = 4337, dt = 3.988493e-12, time = 2.917335e-08, elapsed = 1067.9 sec
Writing configuration in legacy data format
 Output file: /data/home/dg000246b/openDIS/inital_dislocation_structures/output_caseC_0.14%_seed12345/relax2/config.7100.data
Writing restart file
 Restart file: /data/home/dg000246b/openDIS/inital_dislocation_structures/output_caseC_0.14%_seed12345/relax2/restart.7100.exadis
Step =   7101: nodes = 4337, dt = 2.393096e-12, time = 2.917574e-08, elapsed = 1068.1 sec
Step =   7102: nodes = 4337, dt = 2.393096e-12, time = 2.917813e-08, elapsed = 1068.2 sec
Step =   7103: nodes = 4336, dt = 2.871715e-12, time = 2.918100e-08, elapsed = 1068.4 sec
Step =   7104: nodes = 4335, dt = 3.446058e-12, time = 2.918445e-08, elapsed = 1068.5 sec
Step =   7105: nodes = 4336, dt = 4.135270e-12, time = 2.918858e-08, elapsed = 1068.7 sec
Step =   7106: nodes = 4335, dt = 4.962324e-12, time = 2.919355e-08, elapsed = 1068.9 sec
Step =   7107: nodes = 4335, dt = 2.977394e-12, time = 2.919652e-08, elapsed = 1069.1 sec
Step =   7108: nodes = 4336, dt = 2.977394e-12, time = 2.919950e-08, elapsed = 1069.2 sec
Step =   7109: nodes = 4335, dt = 3.572873e-12, time = 2.920307e-08, elapsed = 1069.4 sec
Step =   7110: nodes = 4336, dt = 4.287448e-12, time = 2.920736e-08, elapsed = 1069.5 sec
Step =   7111: nodes = 4336, dt = 5.144937e-12, time = 2.921251e-08, elapsed = 1069.7 sec
Step =   7112: nodes = 4336, dt = 3.086962e-12, time = 2.921559e-08, elapsed = 1069.8 sec
Step =   7113: nodes = 4335, dt = 3.086962e-12, time = 2.921868e-08, elapsed = 1070.0 sec
Step =   7114: nodes = 4335, dt = 3.704355e-12, time = 2.922239e-08, elapsed = 1070.2 sec
Step =   7115: nodes = 4335, dt = 4.445226e-12, time = 2.922683e-08, elapsed = 1070.3 sec
Step =   7116: nodes = 4335, dt = 5.334271e-12, time = 2.923217e-08, elapsed = 1070.4 sec
Step =   7117: nodes = 4336, dt = 3.200563e-12, time = 2.923537e-08, elapsed = 1070.6 sec
Step =   7118: nodes = 4335, dt = 3.200563e-12, time = 2.923857e-08, elapsed = 1070.7 sec
Step =   7119: nodes = 4335, dt = 3.840675e-12, time = 2.924241e-08, elapsed = 1070.9 sec
Step =   7120: nodes = 4334, dt = 4.608810e-12, time = 2.924702e-08, elapsed = 1071.1 sec
Step =   7121: nodes = 4335, dt = 5.530572e-12, time = 2.925255e-08, elapsed = 1071.2 sec
Step =   7122: nodes = 4335, dt = 3.318343e-12, time = 2.925586e-08, elapsed = 1071.4 sec
Step =   7123: nodes = 4334, dt = 3.318343e-12, time = 2.925918e-08, elapsed = 1071.5 sec
Step =   7124: nodes = 4333, dt = 3.982012e-12, time = 2.926317e-08, elapsed = 1071.7 sec
Step =   7125: nodes = 4335, dt = 4.778414e-12, time = 2.926794e-08, elapsed = 1071.8 sec
Step =   7126: nodes = 4335, dt = 5.734097e-12, time = 2.927368e-08, elapsed = 1072.0 sec
Step =   7127: nodes = 4335, dt = 3.440458e-12, time = 2.927712e-08, elapsed = 1072.1 sec
Step =   7128: nodes = 4334, dt = 3.440458e-12, time = 2.928056e-08, elapsed = 1072.3 sec
Step =   7129: nodes = 4335, dt = 2.064275e-12, time = 2.928262e-08, elapsed = 1072.4 sec
Step =   7130: nodes = 4333, dt = 2.064275e-12, time = 2.928469e-08, elapsed = 1072.6 sec
Step =   7131: nodes = 4332, dt = 2.477130e-12, time = 2.928716e-08, elapsed = 1072.7 sec
Step =   7132: nodes = 4332, dt = 2.972556e-12, time = 2.929014e-08, elapsed = 1072.9 sec
Step =   7133: nodes = 4330, dt = 3.567067e-12, time = 2.929370e-08, elapsed = 1073.0 sec
Step =   7134: nodes = 4332, dt = 4.280481e-12, time = 2.929798e-08, elapsed = 1073.2 sec
Step =   7135: nodes = 4333, dt = 5.136577e-12, time = 2.930312e-08, elapsed = 1073.3 sec
Step =   7136: nodes = 4332, dt = 3.081946e-12, time = 2.930620e-08, elapsed = 1073.5 sec
Step =   7137: nodes = 4332, dt = 3.081946e-12, time = 2.930928e-08, elapsed = 1073.6 sec
Step =   7138: nodes = 4334, dt = 3.698335e-12, time = 2.931298e-08, elapsed = 1073.8 sec
Step =   7139: nodes = 4334, dt = 4.438002e-12, time = 2.931742e-08, elapsed = 1073.9 sec
Step =   7140: nodes = 4332, dt = 5.325603e-12, time = 2.932275e-08, elapsed = 1074.1 sec
Step =   7141: nodes = 4333, dt = 3.195362e-12, time = 2.932594e-08, elapsed = 1074.3 sec
Step =   7142: nodes = 4332, dt = 3.195362e-12, time = 2.932914e-08, elapsed = 1074.4 sec
Step =   7143: nodes = 4333, dt = 3.834434e-12, time = 2.933297e-08, elapsed = 1074.5 sec
Step =   7144: nodes = 4333, dt = 2.300660e-12, time = 2.933527e-08, elapsed = 1074.7 sec
Step =   7145: nodes = 4333, dt = 2.300660e-12, time = 2.933757e-08, elapsed = 1074.8 sec
Step =   7146: nodes = 4333, dt = 2.760792e-12, time = 2.934033e-08, elapsed = 1075.0 sec
Step =   7147: nodes = 4333, dt = 3.312951e-12, time = 2.934365e-08, elapsed = 1075.1 sec
Step =   7148: nodes = 4333, dt = 3.975541e-12, time = 2.934762e-08, elapsed = 1075.3 sec
Step =   7149: nodes = 4335, dt = 4.770649e-12, time = 2.935239e-08, elapsed = 1075.4 sec
Step =   7150: nodes = 4332, dt = 5.724779e-12, time = 2.935812e-08, elapsed = 1075.6 sec
Step =   7151: nodes = 4333, dt = 3.434867e-12, time = 2.936155e-08, elapsed = 1075.7 sec
Step =   7152: nodes = 4332, dt = 3.434867e-12, time = 2.936499e-08, elapsed = 1075.9 sec
Step =   7153: nodes = 4332, dt = 4.121841e-12, time = 2.936911e-08, elapsed = 1076.1 sec
Step =   7154: nodes = 4332, dt = 4.946209e-12, time = 2.937406e-08, elapsed = 1076.2 sec
Step =   7155: nodes = 4333, dt = 2.967726e-12, time = 2.937702e-08, elapsed = 1076.4 sec
Step =   7156: nodes = 4333, dt = 2.967726e-12, time = 2.937999e-08, elapsed = 1076.5 sec
Step =   7157: nodes = 4332, dt = 3.561271e-12, time = 2.938355e-08, elapsed = 1076.6 sec
Step =   7158: nodes = 4334, dt = 4.273525e-12, time = 2.938783e-08, elapsed = 1076.8 sec
Step =   7159: nodes = 4334, dt = 5.128230e-12, time = 2.939295e-08, elapsed = 1077.0 sec
Step =   7160: nodes = 4333, dt = 3.076938e-12, time = 2.939603e-08, elapsed = 1077.1 sec
Step =   7161: nodes = 4335, dt = 3.076938e-12, time = 2.939911e-08, elapsed = 1077.3 sec
Step =   7162: nodes = 4335, dt = 3.692325e-12, time = 2.940280e-08, elapsed = 1077.4 sec
Step =   7163: nodes = 4334, dt = 4.430790e-12, time = 2.940723e-08, elapsed = 1077.6 sec
Step =   7164: nodes = 4331, dt = 5.316949e-12, time = 2.941255e-08, elapsed = 1077.8 sec
Step =   7165: nodes = 4332, dt = 3.190169e-12, time = 2.941574e-08, elapsed = 1077.9 sec
Step =   7166: nodes = 4330, dt = 3.190169e-12, time = 2.941893e-08, elapsed = 1078.1 sec
Step =   7167: nodes = 4332, dt = 3.828203e-12, time = 2.942276e-08, elapsed = 1078.2 sec
Step =   7168: nodes = 4334, dt = 4.593844e-12, time = 2.942735e-08, elapsed = 1078.3 sec
Step =   7169: nodes = 4333, dt = 2.756306e-12, time = 2.943011e-08, elapsed = 1078.5 sec
Step =   7170: nodes = 4333, dt = 2.756306e-12, time = 2.943286e-08, elapsed = 1078.6 sec
Step =   7171: nodes = 4334, dt = 3.307567e-12, time = 2.943617e-08, elapsed = 1078.8 sec
Step =   7172: nodes = 4333, dt = 3.969081e-12, time = 2.944014e-08, elapsed = 1078.9 sec
Step =   7173: nodes = 4334, dt = 4.762897e-12, time = 2.944490e-08, elapsed = 1079.1 sec
Step =   7174: nodes = 4335, dt = 5.715476e-12, time = 2.945062e-08, elapsed = 1079.2 sec
Step =   7175: nodes = 4336, dt = 6.858572e-12, time = 2.945748e-08, elapsed = 1079.4 sec
Step =   7176: nodes = 4337, dt = 2.057571e-12, time = 2.945953e-08, elapsed = 1079.6 sec
Step =   7177: nodes = 4337, dt = 2.057571e-12, time = 2.946159e-08, elapsed = 1079.7 sec
Step =   7178: nodes = 4337, dt = 2.469086e-12, time = 2.946406e-08, elapsed = 1079.8 sec
Step =   7179: nodes = 4337, dt = 2.962903e-12, time = 2.946702e-08, elapsed = 1079.9 sec
Step =   7180: nodes = 4336, dt = 3.555484e-12, time = 2.947058e-08, elapsed = 1080.4 sec
Step =   7181: nodes = 4336, dt = 4.266580e-12, time = 2.947485e-08, elapsed = 1080.5 sec
Step =   7182: nodes = 4337, dt = 2.559948e-12, time = 2.947741e-08, elapsed = 1080.7 sec
Step =   7183: nodes = 4337, dt = 2.559948e-12, time = 2.947997e-08, elapsed = 1080.8 sec
Step =   7184: nodes = 4335, dt = 3.071938e-12, time = 2.948304e-08, elapsed = 1081.0 sec
Step =   7185: nodes = 4334, dt = 3.686325e-12, time = 2.948672e-08, elapsed = 1081.1 sec
Step =   7186: nodes = 4337, dt = 4.423590e-12, time = 2.949115e-08, elapsed = 1081.3 sec
Step =   7187: nodes = 4336, dt = 2.654154e-12, time = 2.949380e-08, elapsed = 1081.4 sec
Step =   7188: nodes = 4338, dt = 2.654154e-12, time = 2.949646e-08, elapsed = 1081.6 sec
Step =   7189: nodes = 4338, dt = 3.184985e-12, time = 2.949964e-08, elapsed = 1081.7 sec
Step =   7190: nodes = 4337, dt = 3.821982e-12, time = 2.950346e-08, elapsed = 1081.9 sec
Step =   7191: nodes = 4338, dt = 2.293189e-12, time = 2.950576e-08, elapsed = 1082.1 sec
Step =   7192: nodes = 4337, dt = 2.293189e-12, time = 2.950805e-08, elapsed = 1082.2 sec
Step =   7193: nodes = 4337, dt = 2.751827e-12, time = 2.951080e-08, elapsed = 1082.4 sec
Step =   7194: nodes = 4337, dt = 3.302193e-12, time = 2.951410e-08, elapsed = 1082.5 sec
Step =   7195: nodes = 4338, dt = 3.962631e-12, time = 2.951807e-08, elapsed = 1082.7 sec
Step =   7196: nodes = 4339, dt = 4.755157e-12, time = 2.952282e-08, elapsed = 1082.8 sec
Step =   7197: nodes = 4338, dt = 2.853094e-12, time = 2.952567e-08, elapsed = 1083.0 sec
Step =   7198: nodes = 4338, dt = 2.853094e-12, time = 2.952853e-08, elapsed = 1083.1 sec
Step =   7199: nodes = 4338, dt = 3.423713e-12, time = 2.953195e-08, elapsed = 1083.2 sec
Step =   7200: nodes = 4336, dt = 4.108456e-12, time = 2.953606e-08, elapsed = 1083.4 sec
Writing configuration in legacy data format
 Output file: /data/home/dg000246b/openDIS/inital_dislocation_structures/output_caseC_0.14%_seed12345/relax2/config.7200.data
Writing restart file
 Restart file: /data/home/dg000246b/openDIS/inital_dislocation_structures/output_caseC_0.14%_seed12345/relax2/restart.7200.exadis
Step =   7201: nodes = 4338, dt = 2.465074e-12, time = 2.953852e-08, elapsed = 1083.6 sec
Step =   7202: nodes = 4338, dt = 2.465074e-12, time = 2.954099e-08, elapsed = 1083.7 sec
Step =   7203: nodes = 4338, dt = 2.958088e-12, time = 2.954395e-08, elapsed = 1083.9 sec
Step =   7204: nodes = 4337, dt = 3.549706e-12, time = 2.954750e-08, elapsed = 1084.1 sec
Step =   7205: nodes = 4336, dt = 4.259647e-12, time = 2.955176e-08, elapsed = 1084.2 sec
Step =   7206: nodes = 4338, dt = 5.111576e-12, time = 2.955687e-08, elapsed = 1084.4 sec
Step =   7207: nodes = 4336, dt = 3.066946e-12, time = 2.955994e-08, elapsed = 1084.5 sec
Step =   7208: nodes = 4336, dt = 3.066946e-12, time = 2.956300e-08, elapsed = 1084.7 sec
Step =   7209: nodes = 4337, dt = 3.680335e-12, time = 2.956668e-08, elapsed = 1084.8 sec
Step =   7210: nodes = 4338, dt = 4.416402e-12, time = 2.957110e-08, elapsed = 1084.9 sec
Step =   7211: nodes = 4338, dt = 1.324921e-12, time = 2.957242e-08, elapsed = 1085.1 sec
Step =   7212: nodes = 4337, dt = 1.324921e-12, time = 2.957375e-08, elapsed = 1085.2 sec
Step =   7213: nodes = 4338, dt = 1.589905e-12, time = 2.957534e-08, elapsed = 1085.4 sec
Step =   7214: nodes = 4337, dt = 1.907886e-12, time = 2.957725e-08, elapsed = 1085.5 sec
Step =   7215: nodes = 4337, dt = 2.289463e-12, time = 2.957954e-08, elapsed = 1085.6 sec
Step =   7216: nodes = 4336, dt = 2.747355e-12, time = 2.958228e-08, elapsed = 1085.7 sec
Step =   7217: nodes = 4336, dt = 3.296826e-12, time = 2.958558e-08, elapsed = 1085.9 sec
Step =   7218: nodes = 4333, dt = 3.956192e-12, time = 2.958954e-08, elapsed = 1086.0 sec
Step =   7219: nodes = 4334, dt = 4.747430e-12, time = 2.959428e-08, elapsed = 1086.1 sec
Step =   7220: nodes = 4333, dt = 5.696916e-12, time = 2.959998e-08, elapsed = 1086.3 sec
Step =   7221: nodes = 4334, dt = 6.836299e-12, time = 2.960682e-08, elapsed = 1086.4 sec
Step =   7222: nodes = 4336, dt = 8.203559e-12, time = 2.961502e-08, elapsed = 1086.6 sec
Step =   7223: nodes = 4337, dt = 4.922136e-12, time = 2.961994e-08, elapsed = 1086.7 sec
Step =   7224: nodes = 4336, dt = 2.461068e-12, time = 2.962240e-08, elapsed = 1086.9 sec
Step =   7225: nodes = 4338, dt = 2.461068e-12, time = 2.962487e-08, elapsed = 1087.0 sec
Step =   7226: nodes = 4337, dt = 2.953281e-12, time = 2.962782e-08, elapsed = 1087.2 sec
Step =   7227: nodes = 4337, dt = 3.543938e-12, time = 2.963136e-08, elapsed = 1087.3 sec
Step =   7228: nodes = 4338, dt = 4.252725e-12, time = 2.963562e-08, elapsed = 1087.5 sec
Step =   7229: nodes = 4338, dt = 5.103270e-12, time = 2.964072e-08, elapsed = 1087.6 sec
Step =   7230: nodes = 4339, dt = 3.061962e-12, time = 2.964378e-08, elapsed = 1087.8 sec
Step =   7231: nodes = 4340, dt = 3.061962e-12, time = 2.964684e-08, elapsed = 1087.9 sec
Step =   7232: nodes = 4340, dt = 3.674355e-12, time = 2.965052e-08, elapsed = 1088.1 sec
Step =   7233: nodes = 4339, dt = 4.409225e-12, time = 2.965493e-08, elapsed = 1088.2 sec
Step =   7234: nodes = 4339, dt = 5.291070e-12, time = 2.966022e-08, elapsed = 1088.3 sec
Step =   7235: nodes = 4339, dt = 3.174642e-12, time = 2.966339e-08, elapsed = 1088.5 sec
Step =   7236: nodes = 4339, dt = 3.174642e-12, time = 2.966657e-08, elapsed = 1088.6 sec
Step =   7237: nodes = 4339, dt = 3.809571e-12, time = 2.967038e-08, elapsed = 1088.8 sec
Step =   7238: nodes = 4338, dt = 4.571485e-12, time = 2.967495e-08, elapsed = 1088.9 sec
Step =   7239: nodes = 4337, dt = 5.485782e-12, time = 2.968043e-08, elapsed = 1089.0 sec
Step =   7240: nodes = 4339, dt = 3.291469e-12, time = 2.968372e-08, elapsed = 1089.2 sec
Step =   7241: nodes = 4338, dt = 3.291469e-12, time = 2.968702e-08, elapsed = 1089.4 sec
Step =   7242: nodes = 4339, dt = 3.949763e-12, time = 2.969097e-08, elapsed = 1089.5 sec
Step =   7243: nodes = 4338, dt = 4.739716e-12, time = 2.969571e-08, elapsed = 1089.7 sec
Step =   7244: nodes = 4339, dt = 2.843829e-12, time = 2.969855e-08, elapsed = 1089.8 sec
Step =   7245: nodes = 4339, dt = 2.843829e-12, time = 2.970139e-08, elapsed = 1089.9 sec
Step =   7246: nodes = 4337, dt = 3.412595e-12, time = 2.970481e-08, elapsed = 1090.1 sec
Step =   7247: nodes = 4338, dt = 4.095114e-12, time = 2.970890e-08, elapsed = 1090.2 sec
Step =   7248: nodes = 4335, dt = 4.914137e-12, time = 2.971381e-08, elapsed = 1090.4 sec
Step =   7249: nodes = 4336, dt = 2.948482e-12, time = 2.971676e-08, elapsed = 1090.5 sec
Step =   7250: nodes = 4337, dt = 2.948482e-12, time = 2.971971e-08, elapsed = 1090.7 sec
Step =   7251: nodes = 4336, dt = 3.538179e-12, time = 2.972325e-08, elapsed = 1090.8 sec
Step =   7252: nodes = 4338, dt = 4.245814e-12, time = 2.972750e-08, elapsed = 1090.9 sec
Step =   7253: nodes = 4338, dt = 5.094977e-12, time = 2.973259e-08, elapsed = 1091.1 sec
Step =   7254: nodes = 4339, dt = 3.056986e-12, time = 2.973565e-08, elapsed = 1091.3 sec
Step =   7255: nodes = 4339, dt = 3.056986e-12, time = 2.973870e-08, elapsed = 1091.4 sec
Step =   7256: nodes = 4341, dt = 3.668384e-12, time = 2.974237e-08, elapsed = 1091.5 sec
Step =   7257: nodes = 4340, dt = 4.402060e-12, time = 2.974678e-08, elapsed = 1091.7 sec
Step =   7258: nodes = 4339, dt = 5.282472e-12, time = 2.975206e-08, elapsed = 1091.8 sec
Step =   7259: nodes = 4340, dt = 3.169483e-12, time = 2.975523e-08, elapsed = 1091.9 sec
Step =   7260: nodes = 4342, dt = 3.169483e-12, time = 2.975840e-08, elapsed = 1092.1 sec
Step =   7261: nodes = 4344, dt = 3.803380e-12, time = 2.976220e-08, elapsed = 1092.2 sec
Step =   7262: nodes = 4342, dt = 4.564056e-12, time = 2.976676e-08, elapsed = 1092.4 sec
Step =   7263: nodes = 4344, dt = 5.476867e-12, time = 2.977224e-08, elapsed = 1092.6 sec
Step =   7264: nodes = 4343, dt = 3.286120e-12, time = 2.977553e-08, elapsed = 1092.7 sec
Step =   7265: nodes = 4342, dt = 3.286120e-12, time = 2.977881e-08, elapsed = 1092.8 sec
Step =   7266: nodes = 4342, dt = 3.943345e-12, time = 2.978276e-08, elapsed = 1093.0 sec
Step =   7267: nodes = 4342, dt = 4.732014e-12, time = 2.978749e-08, elapsed = 1093.1 sec
Step =   7268: nodes = 4342, dt = 2.839208e-12, time = 2.979033e-08, elapsed = 1093.3 sec
Step =   7269: nodes = 4341, dt = 2.839208e-12, time = 2.979317e-08, elapsed = 1093.4 sec
Step =   7270: nodes = 4340, dt = 3.407050e-12, time = 2.979657e-08, elapsed = 1093.6 sec
Step =   7271: nodes = 4335, dt = 4.088460e-12, time = 2.980066e-08, elapsed = 1093.7 sec
Step =   7272: nodes = 4336, dt = 4.906152e-12, time = 2.980557e-08, elapsed = 1093.8 sec
Step =   7273: nodes = 4336, dt = 2.943691e-12, time = 2.980851e-08, elapsed = 1094.0 sec
Step =   7274: nodes = 4336, dt = 2.943691e-12, time = 2.981146e-08, elapsed = 1094.2 sec
Step =   7275: nodes = 4336, dt = 3.532429e-12, time = 2.981499e-08, elapsed = 1094.3 sec
Step =   7276: nodes = 4335, dt = 4.238915e-12, time = 2.981923e-08, elapsed = 1094.5 sec
Step =   7277: nodes = 4336, dt = 5.086698e-12, time = 2.982431e-08, elapsed = 1094.6 sec
Step =   7278: nodes = 4336, dt = 3.052019e-12, time = 2.982737e-08, elapsed = 1094.8 sec
Step =   7279: nodes = 4336, dt = 3.052019e-12, time = 2.983042e-08, elapsed = 1094.9 sec
Step =   7280: nodes = 4336, dt = 3.662423e-12, time = 2.983408e-08, elapsed = 1095.0 sec
Step =   7281: nodes = 4334, dt = 4.394907e-12, time = 2.983848e-08, elapsed = 1095.2 sec
Step =   7282: nodes = 4336, dt = 5.273888e-12, time = 2.984375e-08, elapsed = 1095.4 sec
Step =   7283: nodes = 4337, dt = 3.164333e-12, time = 2.984691e-08, elapsed = 1095.5 sec
Step =   7284: nodes = 4337, dt = 3.164333e-12, time = 2.985008e-08, elapsed = 1095.7 sec
Step =   7285: nodes = 4337, dt = 3.797200e-12, time = 2.985388e-08, elapsed = 1095.8 sec
Step =   7286: nodes = 4337, dt = 4.556640e-12, time = 2.985843e-08, elapsed = 1095.9 sec
Step =   7287: nodes = 4332, dt = 5.467968e-12, time = 2.986390e-08, elapsed = 1096.1 sec
Step =   7288: nodes = 4334, dt = 3.280781e-12, time = 2.986718e-08, elapsed = 1096.2 sec
Step =   7289: nodes = 4334, dt = 3.280781e-12, time = 2.987046e-08, elapsed = 1096.4 sec
Step =   7290: nodes = 4334, dt = 3.936937e-12, time = 2.987440e-08, elapsed = 1096.5 sec
Step =   7291: nodes = 4333, dt = 4.724324e-12, time = 2.987912e-08, elapsed = 1096.7 sec
Step =   7292: nodes = 4333, dt = 2.834594e-12, time = 2.988196e-08, elapsed = 1096.8 sec
Step =   7293: nodes = 4332, dt = 2.834594e-12, time = 2.988479e-08, elapsed = 1097.0 sec
Step =   7294: nodes = 4332, dt = 3.401513e-12, time = 2.988819e-08, elapsed = 1097.1 sec
Step =   7295: nodes = 4332, dt = 4.081816e-12, time = 2.989228e-08, elapsed = 1097.3 sec
Step =   7296: nodes = 4333, dt = 4.898179e-12, time = 2.989717e-08, elapsed = 1097.4 sec
Step =   7297: nodes = 4335, dt = 5.877815e-12, time = 2.990305e-08, elapsed = 1097.6 sec
Step =   7298: nodes = 4335, dt = 3.526689e-12, time = 2.990658e-08, elapsed = 1097.8 sec
Step =   7299: nodes = 4334, dt = 3.526689e-12, time = 2.991010e-08, elapsed = 1097.9 sec
Step =   7300: nodes = 4334, dt = 4.232027e-12, time = 2.991434e-08, elapsed = 1098.1 sec
Writing configuration in legacy data format
 Output file: /data/home/dg000246b/openDIS/inital_dislocation_structures/output_caseC_0.14%_seed12345/relax2/config.7300.data
Writing restart file
 Restart file: /data/home/dg000246b/openDIS/inital_dislocation_structures/output_caseC_0.14%_seed12345/relax2/restart.7300.exadis
Step =   7301: nodes = 4336, dt = 5.078432e-12, time = 2.991942e-08, elapsed = 1098.3 sec
Step =   7302: nodes = 4335, dt = 3.047059e-12, time = 2.992246e-08, elapsed = 1098.5 sec
Step =   7303: nodes = 4336, dt = 3.047059e-12, time = 2.992551e-08, elapsed = 1098.6 sec
Step =   7304: nodes = 4336, dt = 3.656471e-12, time = 2.992917e-08, elapsed = 1098.7 sec
Step =   7305: nodes = 4336, dt = 4.387765e-12, time = 2.993355e-08, elapsed = 1098.9 sec
Step =   7306: nodes = 4336, dt = 5.265318e-12, time = 2.993882e-08, elapsed = 1099.0 sec
Step =   7307: nodes = 4336, dt = 3.159191e-12, time = 2.994198e-08, elapsed = 1099.2 sec
Step =   7308: nodes = 4335, dt = 3.159191e-12, time = 2.994514e-08, elapsed = 1099.3 sec
Step =   7309: nodes = 4335, dt = 3.791029e-12, time = 2.994893e-08, elapsed = 1099.5 sec
Step =   7310: nodes = 4334, dt = 4.549235e-12, time = 2.995348e-08, elapsed = 1099.6 sec
Step =   7311: nodes = 4333, dt = 5.459082e-12, time = 2.995894e-08, elapsed = 1099.8 sec
Step =   7312: nodes = 4336, dt = 3.275449e-12, time = 2.996221e-08, elapsed = 1099.9 sec
Step =   7313: nodes = 4336, dt = 3.275449e-12, time = 2.996549e-08, elapsed = 1100.1 sec
Step =   7314: nodes = 4335, dt = 3.930539e-12, time = 2.996942e-08, elapsed = 1100.2 sec
Step =   7315: nodes = 4336, dt = 4.716647e-12, time = 2.997413e-08, elapsed = 1100.4 sec
Step =   7316: nodes = 4335, dt = 2.829988e-12, time = 2.997696e-08, elapsed = 1100.6 sec
Step =   7317: nodes = 4335, dt = 2.829988e-12, time = 2.997979e-08, elapsed = 1100.7 sec
Step =   7318: nodes = 4335, dt = 3.395986e-12, time = 2.998319e-08, elapsed = 1100.8 sec
Step =   7319: nodes = 4335, dt = 4.075183e-12, time = 2.998727e-08, elapsed = 1101.0 sec
Step =   7320: nodes = 4336, dt = 4.890220e-12, time = 2.999216e-08, elapsed = 1101.1 sec
Step =   7321: nodes = 4336, dt = 2.934132e-12, time = 2.999509e-08, elapsed = 1101.3 sec
Step =   7322: nodes = 4337, dt = 2.934132e-12, time = 2.999802e-08, elapsed = 1101.5 sec
Step =   7323: nodes = 4336, dt = 3.520958e-12, time = 3.000155e-08, elapsed = 1101.6 sec
Step =   7324: nodes = 4338, dt = 4.225150e-12, time = 3.000577e-08, elapsed = 1101.7 sec
Step =   7325: nodes = 4338, dt = 5.070180e-12, time = 3.001084e-08, elapsed = 1101.9 sec
Step =   7326: nodes = 4336, dt = 3.042108e-12, time = 3.001388e-08, elapsed = 1102.0 sec
Step =   7327: nodes = 4338, dt = 3.042108e-12, time = 3.001692e-08, elapsed = 1102.2 sec
Step =   7328: nodes = 4336, dt = 3.650529e-12, time = 3.002058e-08, elapsed = 1102.3 sec
Step =   7329: nodes = 4339, dt = 4.380635e-12, time = 3.002496e-08, elapsed = 1102.4 sec
Step =   7330: nodes = 4338, dt = 5.256762e-12, time = 3.003021e-08, elapsed = 1102.6 sec
Step =   7331: nodes = 4338, dt = 3.154057e-12, time = 3.003337e-08, elapsed = 1102.8 sec
Step =   7332: nodes = 4339, dt = 3.154057e-12, time = 3.003652e-08, elapsed = 1102.9 sec
Step =   7333: nodes = 4339, dt = 3.784869e-12, time = 3.004031e-08, elapsed = 1103.1 sec
Step =   7334: nodes = 4339, dt = 4.541843e-12, time = 3.004485e-08, elapsed = 1103.2 sec
Step =   7335: nodes = 4339, dt = 5.450211e-12, time = 3.005030e-08, elapsed = 1103.4 sec
Step =   7336: nodes = 4339, dt = 3.270127e-12, time = 3.005357e-08, elapsed = 1103.5 sec
Step =   7337: nodes = 4339, dt = 3.270127e-12, time = 3.005684e-08, elapsed = 1103.7 sec
Step =   7338: nodes = 4339, dt = 3.924152e-12, time = 3.006076e-08, elapsed = 1103.8 sec
Step =   7339: nodes = 4338, dt = 4.708982e-12, time = 3.006547e-08, elapsed = 1103.9 sec
Step =   7340: nodes = 4339, dt = 5.650779e-12, time = 3.007112e-08, elapsed = 1104.1 sec
Step =   7341: nodes = 4340, dt = 3.390467e-12, time = 3.007451e-08, elapsed = 1104.3 sec
Step =   7342: nodes = 4339, dt = 3.390467e-12, time = 3.007790e-08, elapsed = 1104.4 sec
Step =   7343: nodes = 4339, dt = 4.068561e-12, time = 3.008197e-08, elapsed = 1104.6 sec
Step =   7344: nodes = 4340, dt = 4.882273e-12, time = 3.008685e-08, elapsed = 1104.7 sec
Step =   7345: nodes = 4340, dt = 5.858728e-12, time = 3.009271e-08, elapsed = 1104.9 sec
Step =   7346: nodes = 4340, dt = 3.515237e-12, time = 3.009623e-08, elapsed = 1105.1 sec
Step =   7347: nodes = 4341, dt = 3.515237e-12, time = 3.009974e-08, elapsed = 1105.2 sec
Step =   7348: nodes = 4340, dt = 4.218284e-12, time = 3.010396e-08, elapsed = 1105.3 sec
Step =   7349: nodes = 4341, dt = 5.061941e-12, time = 3.010902e-08, elapsed = 1105.5 sec
Step =   7350: nodes = 4341, dt = 3.037164e-12, time = 3.011206e-08, elapsed = 1105.7 sec
Step =   7351: nodes = 4342, dt = 3.037164e-12, time = 3.011510e-08, elapsed = 1105.8 sec
Step =   7352: nodes = 4342, dt = 3.644597e-12, time = 3.011874e-08, elapsed = 1105.9 sec
Step =   7353: nodes = 4341, dt = 4.373517e-12, time = 3.012312e-08, elapsed = 1106.1 sec
Step =   7354: nodes = 4338, dt = 5.248220e-12, time = 3.012836e-08, elapsed = 1106.2 sec
Step =   7355: nodes = 4340, dt = 3.148932e-12, time = 3.013151e-08, elapsed = 1106.4 sec
Step =   7356: nodes = 4342, dt = 3.148932e-12, time = 3.013466e-08, elapsed = 1106.5 sec
Step =   7357: nodes = 4343, dt = 3.778718e-12, time = 3.013844e-08, elapsed = 1106.7 sec
Step =   7358: nodes = 4342, dt = 4.534462e-12, time = 3.014297e-08, elapsed = 1106.8 sec
Step =   7359: nodes = 4341, dt = 5.441354e-12, time = 3.014842e-08, elapsed = 1106.9 sec
Step =   7360: nodes = 4341, dt = 3.264813e-12, time = 3.015168e-08, elapsed = 1107.1 sec
Step =   7361: nodes = 4341, dt = 3.264813e-12, time = 3.015495e-08, elapsed = 1107.3 sec
Step =   7362: nodes = 4338, dt = 3.917775e-12, time = 3.015886e-08, elapsed = 1107.4 sec
Step =   7363: nodes = 4338, dt = 4.701330e-12, time = 3.016356e-08, elapsed = 1107.5 sec
Step =   7364: nodes = 4339, dt = 5.641596e-12, time = 3.016921e-08, elapsed = 1107.7 sec
Step =   7365: nodes = 4338, dt = 6.769916e-12, time = 3.017598e-08, elapsed = 1107.9 sec
Step =   7366: nodes = 4340, dt = 8.123899e-12, time = 3.018410e-08, elapsed = 1108.0 sec
Step =   7367: nodes = 4341, dt = 4.874339e-12, time = 3.018897e-08, elapsed = 1108.2 sec
Step =   7368: nodes = 4342, dt = 4.874339e-12, time = 3.019385e-08, elapsed = 1108.3 sec
Step =   7369: nodes = 4341, dt = 5.849207e-12, time = 3.019970e-08, elapsed = 1108.5 sec
Step =   7370: nodes = 4342, dt = 7.019048e-12, time = 3.020672e-08, elapsed = 1108.7 sec
Step =   7371: nodes = 4342, dt = 4.211429e-12, time = 3.021093e-08, elapsed = 1108.8 sec
Step =   7372: nodes = 4340, dt = 4.211429e-12, time = 3.021514e-08, elapsed = 1109.0 sec
Step =   7373: nodes = 4342, dt = 2.526857e-12, time = 3.021767e-08, elapsed = 1109.2 sec
Step =   7374: nodes = 4342, dt = 2.526857e-12, time = 3.022019e-08, elapsed = 1109.3 sec
Step =   7375: nodes = 4342, dt = 3.032229e-12, time = 3.022323e-08, elapsed = 1109.4 sec
Step =   7376: nodes = 4342, dt = 3.638675e-12, time = 3.022686e-08, elapsed = 1109.6 sec
Step =   7377: nodes = 4341, dt = 4.366410e-12, time = 3.023123e-08, elapsed = 1109.7 sec
Step =   7378: nodes = 4340, dt = 5.239692e-12, time = 3.023647e-08, elapsed = 1109.9 sec
Step =   7379: nodes = 4338, dt = 6.287630e-12, time = 3.024276e-08, elapsed = 1110.3 sec
Step =   7380: nodes = 4339, dt = 3.772578e-12, time = 3.024653e-08, elapsed = 1110.5 sec
Step =   7381: nodes = 4339, dt = 3.772578e-12, time = 3.025030e-08, elapsed = 1110.6 sec
Step =   7382: nodes = 4338, dt = 4.527094e-12, time = 3.025483e-08, elapsed = 1110.8 sec
Step =   7383: nodes = 4339, dt = 5.432512e-12, time = 3.026026e-08, elapsed = 1110.9 sec
Step =   7384: nodes = 4339, dt = 3.259507e-12, time = 3.026352e-08, elapsed = 1111.1 sec
Step =   7385: nodes = 4342, dt = 3.259507e-12, time = 3.026678e-08, elapsed = 1111.2 sec
Step =   7386: nodes = 4342, dt = 3.911409e-12, time = 3.027069e-08, elapsed = 1111.3 sec
Step =   7387: nodes = 4339, dt = 4.693691e-12, time = 3.027539e-08, elapsed = 1111.5 sec
Step =   7388: nodes = 4340, dt = 2.816214e-12, time = 3.027820e-08, elapsed = 1111.6 sec
Step =   7389: nodes = 4340, dt = 2.816214e-12, time = 3.028102e-08, elapsed = 1111.8 sec
Step =   7390: nodes = 4340, dt = 3.379457e-12, time = 3.028440e-08, elapsed = 1111.9 sec
Step =   7391: nodes = 4339, dt = 4.055349e-12, time = 3.028845e-08, elapsed = 1112.0 sec
Step =   7392: nodes = 4339, dt = 2.433209e-12, time = 3.029089e-08, elapsed = 1112.2 sec
Step =   7393: nodes = 4339, dt = 2.433209e-12, time = 3.029332e-08, elapsed = 1112.3 sec
Step =   7394: nodes = 4340, dt = 2.919851e-12, time = 3.029624e-08, elapsed = 1112.5 sec
Step =   7395: nodes = 4339, dt = 3.503821e-12, time = 3.029974e-08, elapsed = 1112.6 sec
Step =   7396: nodes = 4340, dt = 2.102293e-12, time = 3.030185e-08, elapsed = 1112.8 sec
Step =   7397: nodes = 4339, dt = 2.102293e-12, time = 3.030395e-08, elapsed = 1112.9 sec
Step =   7398: nodes = 4340, dt = 2.522751e-12, time = 3.030647e-08, elapsed = 1113.0 sec
Step =   7399: nodes = 4340, dt = 3.027302e-12, time = 3.030950e-08, elapsed = 1113.2 sec
Step =   7400: nodes = 4340, dt = 3.632762e-12, time = 3.031313e-08, elapsed = 1113.3 sec
Writing configuration in legacy data format
 Output file: /data/home/dg000246b/openDIS/inital_dislocation_structures/output_caseC_0.14%_seed12345/relax2/config.7400.data
Writing restart file
 Restart file: /data/home/dg000246b/openDIS/inital_dislocation_structures/output_caseC_0.14%_seed12345/relax2/restart.7400.exadis
Step =   7401: nodes = 4340, dt = 4.359314e-12, time = 3.031749e-08, elapsed = 1113.5 sec
Step =   7402: nodes = 4339, dt = 2.615589e-12, time = 3.032011e-08, elapsed = 1113.7 sec
Step =   7403: nodes = 4340, dt = 2.615589e-12, time = 3.032272e-08, elapsed = 1113.8 sec
Step =   7404: nodes = 4341, dt = 3.138706e-12, time = 3.032586e-08, elapsed = 1114.0 sec
Step =   7405: nodes = 4341, dt = 3.766448e-12, time = 3.032963e-08, elapsed = 1114.1 sec
Step =   7406: nodes = 4339, dt = 4.519737e-12, time = 3.033415e-08, elapsed = 1114.3 sec
Step =   7407: nodes = 4340, dt = 2.711842e-12, time = 3.033686e-08, elapsed = 1114.4 sec
Step =   7408: nodes = 4340, dt = 2.711842e-12, time = 3.033957e-08, elapsed = 1114.5 sec
Step =   7409: nodes = 4338, dt = 3.254211e-12, time = 3.034283e-08, elapsed = 1114.7 sec
Step =   7410: nodes = 4340, dt = 3.905053e-12, time = 3.034673e-08, elapsed = 1114.8 sec
Step =   7411: nodes = 4340, dt = 4.686063e-12, time = 3.035142e-08, elapsed = 1114.9 sec
Step =   7412: nodes = 4339, dt = 2.811638e-12, time = 3.035423e-08, elapsed = 1115.1 sec
Step =   7413: nodes = 4339, dt = 2.811638e-12, time = 3.035704e-08, elapsed = 1115.3 sec
Step =   7414: nodes = 4340, dt = 3.373966e-12, time = 3.036041e-08, elapsed = 1115.4 sec
Step =   7415: nodes = 4341, dt = 4.048759e-12, time = 3.036446e-08, elapsed = 1115.5 sec
Step =   7416: nodes = 4340, dt = 2.429255e-12, time = 3.036689e-08, elapsed = 1115.7 sec
Step =   7417: nodes = 4341, dt = 2.429255e-12, time = 3.036932e-08, elapsed = 1115.8 sec
Step =   7418: nodes = 4341, dt = 2.915106e-12, time = 3.037224e-08, elapsed = 1116.0 sec
Step =   7419: nodes = 4340, dt = 3.498128e-12, time = 3.037573e-08, elapsed = 1116.1 sec
Step =   7420: nodes = 4340, dt = 4.197753e-12, time = 3.037993e-08, elapsed = 1116.2 sec
Step =   7421: nodes = 4339, dt = 5.037304e-12, time = 3.038497e-08, elapsed = 1116.4 sec
Step =   7422: nodes = 4342, dt = 3.022382e-12, time = 3.038799e-08, elapsed = 1116.5 sec
Step =   7423: nodes = 4342, dt = 3.022382e-12, time = 3.039101e-08, elapsed = 1116.6 sec
Step =   7424: nodes = 4342, dt = 3.626859e-12, time = 3.039464e-08, elapsed = 1116.8 sec
Step =   7425: nodes = 4342, dt = 4.352230e-12, time = 3.039899e-08, elapsed = 1116.9 sec
Step =   7426: nodes = 4341, dt = 5.222676e-12, time = 3.040422e-08, elapsed = 1117.1 sec
Step =   7427: nodes = 4341, dt = 3.133606e-12, time = 3.040735e-08, elapsed = 1117.2 sec
Step =   7428: nodes = 4341, dt = 3.133606e-12, time = 3.041048e-08, elapsed = 1117.4 sec
Step =   7429: nodes = 4342, dt = 3.760327e-12, time = 3.041424e-08, elapsed = 1117.5 sec
Step =   7430: nodes = 4341, dt = 4.512392e-12, time = 3.041876e-08, elapsed = 1117.6 sec
Step =   7431: nodes = 4341, dt = 2.707435e-12, time = 3.042146e-08, elapsed = 1117.8 sec
Step =   7432: nodes = 4341, dt = 2.707435e-12, time = 3.042417e-08, elapsed = 1117.9 sec
Step =   7433: nodes = 4341, dt = 3.248923e-12, time = 3.042742e-08, elapsed = 1118.0 sec
Step =   7434: nodes = 4339, dt = 3.898707e-12, time = 3.043132e-08, elapsed = 1118.2 sec
Step =   7435: nodes = 4339, dt = 2.339224e-12, time = 3.043366e-08, elapsed = 1118.3 sec
Step =   7436: nodes = 4340, dt = 2.339224e-12, time = 3.043600e-08, elapsed = 1118.5 sec
Step =   7437: nodes = 4340, dt = 2.807069e-12, time = 3.043880e-08, elapsed = 1118.6 sec
Step =   7438: nodes = 4340, dt = 3.368483e-12, time = 3.044217e-08, elapsed = 1118.7 sec
Step =   7439: nodes = 4339, dt = 4.042179e-12, time = 3.044621e-08, elapsed = 1118.9 sec
Step =   7440: nodes = 4343, dt = 4.850615e-12, time = 3.045106e-08, elapsed = 1119.0 sec
Step =   7441: nodes = 4342, dt = 2.910369e-12, time = 3.045398e-08, elapsed = 1119.2 sec
Step =   7442: nodes = 4342, dt = 2.910369e-12, time = 3.045689e-08, elapsed = 1119.3 sec
Step =   7443: nodes = 4342, dt = 3.492443e-12, time = 3.046038e-08, elapsed = 1119.5 sec
Step =   7444: nodes = 4341, dt = 4.190932e-12, time = 3.046457e-08, elapsed = 1119.6 sec
Step =   7445: nodes = 4339, dt = 5.029118e-12, time = 3.046960e-08, elapsed = 1119.7 sec
Step =   7446: nodes = 4341, dt = 6.034942e-12, time = 3.047563e-08, elapsed = 1119.9 sec
Step =   7447: nodes = 4341, dt = 3.620965e-12, time = 3.047925e-08, elapsed = 1120.0 sec
Step =   7448: nodes = 4339, dt = 3.620965e-12, time = 3.048287e-08, elapsed = 1120.2 sec
Step =   7449: nodes = 4339, dt = 4.345158e-12, time = 3.048722e-08, elapsed = 1120.4 sec
Step =   7450: nodes = 4340, dt = 5.214190e-12, time = 3.049243e-08, elapsed = 1120.5 sec
Step =   7451: nodes = 4340, dt = 6.257027e-12, time = 3.049869e-08, elapsed = 1120.7 sec
Step =   7452: nodes = 4342, dt = 7.508433e-12, time = 3.050620e-08, elapsed = 1120.8 sec
Step =   7453: nodes = 4342, dt = 4.505060e-12, time = 3.051070e-08, elapsed = 1121.0 sec
Step =   7454: nodes = 4342, dt = 4.505060e-12, time = 3.051521e-08, elapsed = 1121.1 sec
Step =   7455: nodes = 4342, dt = 5.406072e-12, time = 3.052062e-08, elapsed = 1121.3 sec
Step =   7456: nodes = 4343, dt = 6.487286e-12, time = 3.052710e-08, elapsed = 1121.5 sec
Step =   7457: nodes = 4344, dt = 7.784743e-12, time = 3.053489e-08, elapsed = 1121.6 sec
Step =   7458: nodes = 4344, dt = 4.670846e-12, time = 3.053956e-08, elapsed = 1121.8 sec
Step =   7459: nodes = 4344, dt = 4.670846e-12, time = 3.054423e-08, elapsed = 1121.9 sec
Step =   7460: nodes = 4344, dt = 5.605015e-12, time = 3.054983e-08, elapsed = 1122.1 sec
Step =   7461: nodes = 4347, dt = 6.726018e-12, time = 3.055656e-08, elapsed = 1122.2 sec
Step =   7462: nodes = 4346, dt = 8.071222e-12, time = 3.056463e-08, elapsed = 1122.4 sec
Step =   7463: nodes = 4350, dt = 9.685466e-12, time = 3.057432e-08, elapsed = 1122.6 sec
Step =   7464: nodes = 4351, dt = 5.811280e-12, time = 3.058013e-08, elapsed = 1122.7 sec
Step =   7465: nodes = 4349, dt = 5.811280e-12, time = 3.058594e-08, elapsed = 1122.9 sec
Step =   7466: nodes = 4351, dt = 6.973536e-12, time = 3.059291e-08, elapsed = 1123.0 sec
Step =   7467: nodes = 4353, dt = 8.368243e-12, time = 3.060128e-08, elapsed = 1123.2 sec
Step =   7468: nodes = 4350, dt = 1.004189e-11, time = 3.061132e-08, elapsed = 1123.4 sec
Step =   7469: nodes = 4350, dt = 3.012567e-12, time = 3.061434e-08, elapsed = 1123.6 sec
Step =   7470: nodes = 4352, dt = 3.012567e-12, time = 3.061735e-08, elapsed = 1123.8 sec
Step =   7471: nodes = 4352, dt = 3.615081e-12, time = 3.062096e-08, elapsed = 1123.9 sec
Step =   7472: nodes = 4354, dt = 4.338097e-12, time = 3.062530e-08, elapsed = 1124.0 sec
Step =   7473: nodes = 4352, dt = 5.205717e-12, time = 3.063051e-08, elapsed = 1124.1 sec
Step =   7474: nodes = 4350, dt = 3.123430e-12, time = 3.063363e-08, elapsed = 1124.3 sec
Step =   7475: nodes = 4350, dt = 3.123430e-12, time = 3.063675e-08, elapsed = 1124.5 sec
Step =   7476: nodes = 4350, dt = 1.874058e-12, time = 3.063863e-08, elapsed = 1124.6 sec
Step =   7477: nodes = 4350, dt = 1.874058e-12, time = 3.064050e-08, elapsed = 1124.7 sec
Step =   7478: nodes = 4350, dt = 2.248870e-12, time = 3.064275e-08, elapsed = 1124.9 sec
Step =   7479: nodes = 4350, dt = 2.698643e-12, time = 3.064545e-08, elapsed = 1125.0 sec
Step =   7480: nodes = 4349, dt = 3.238372e-12, time = 3.064869e-08, elapsed = 1125.1 sec
Step =   7481: nodes = 4347, dt = 3.886047e-12, time = 3.065257e-08, elapsed = 1125.3 sec
Step =   7482: nodes = 4348, dt = 4.663256e-12, time = 3.065724e-08, elapsed = 1125.4 sec
Step =   7483: nodes = 4347, dt = 5.595907e-12, time = 3.066283e-08, elapsed = 1125.6 sec
Step =   7484: nodes = 4349, dt = 3.357544e-12, time = 3.066619e-08, elapsed = 1125.7 sec
Step =   7485: nodes = 4349, dt = 3.357544e-12, time = 3.066955e-08, elapsed = 1125.8 sec
Step =   7486: nodes = 4350, dt = 4.029053e-12, time = 3.067358e-08, elapsed = 1126.0 sec
Step =   7487: nodes = 4350, dt = 2.417432e-12, time = 3.067600e-08, elapsed = 1126.1 sec
Step =   7488: nodes = 4350, dt = 2.417432e-12, time = 3.067841e-08, elapsed = 1126.3 sec
Step =   7489: nodes = 4349, dt = 2.900918e-12, time = 3.068131e-08, elapsed = 1126.4 sec
Step =   7490: nodes = 4349, dt = 3.481102e-12, time = 3.068479e-08, elapsed = 1126.6 sec
Step =   7491: nodes = 4349, dt = 4.177322e-12, time = 3.068897e-08, elapsed = 1126.7 sec
Step =   7492: nodes = 4350, dt = 2.506393e-12, time = 3.069148e-08, elapsed = 1126.9 sec
Step =   7493: nodes = 4349, dt = 2.506393e-12, time = 3.069398e-08, elapsed = 1127.0 sec
Step =   7494: nodes = 4350, dt = 3.007672e-12, time = 3.069699e-08, elapsed = 1127.2 sec
Step =   7495: nodes = 4350, dt = 3.609206e-12, time = 3.070060e-08, elapsed = 1127.3 sec
Step =   7496: nodes = 4348, dt = 4.331048e-12, time = 3.070493e-08, elapsed = 1127.5 sec
Step =   7497: nodes = 4349, dt = 5.197257e-12, time = 3.071013e-08, elapsed = 1127.6 sec
Step =   7498: nodes = 4349, dt = 3.118354e-12, time = 3.071325e-08, elapsed = 1127.8 sec
Step =   7499: nodes = 4348, dt = 3.118354e-12, time = 3.071637e-08, elapsed = 1127.9 sec
Step =   7500: nodes = 4347, dt = 3.742025e-12, time = 3.072011e-08, elapsed = 1128.1 sec
Writing configuration in legacy data format
 Output file: /data/home/dg000246b/openDIS/inital_dislocation_structures/output_caseC_0.14%_seed12345/relax2/config.7500.data
Writing restart file
 Restart file: /data/home/dg000246b/openDIS/inital_dislocation_structures/output_caseC_0.14%_seed12345/relax2/restart.7500.exadis
Step =   7501: nodes = 4348, dt = 4.490430e-12, time = 3.072460e-08, elapsed = 1128.3 sec
Step =   7502: nodes = 4346, dt = 5.388516e-12, time = 3.072999e-08, elapsed = 1128.5 sec
Step =   7503: nodes = 4346, dt = 3.233110e-12, time = 3.073322e-08, elapsed = 1128.7 sec
Step =   7504: nodes = 4347, dt = 3.233110e-12, time = 3.073645e-08, elapsed = 1128.8 sec
Step =   7505: nodes = 4347, dt = 3.879732e-12, time = 3.074033e-08, elapsed = 1128.9 sec
Step =   7506: nodes = 4345, dt = 4.655678e-12, time = 3.074499e-08, elapsed = 1129.1 sec
Step =   7507: nodes = 4347, dt = 5.586814e-12, time = 3.075058e-08, elapsed = 1129.3 sec
Step =   7508: nodes = 4348, dt = 3.352088e-12, time = 3.075393e-08, elapsed = 1129.5 sec
Step =   7509: nodes = 4347, dt = 3.352088e-12, time = 3.075728e-08, elapsed = 1129.6 sec
Step =   7510: nodes = 4350, dt = 4.022506e-12, time = 3.076130e-08, elapsed = 1129.8 sec
Step =   7511: nodes = 4350, dt = 4.827007e-12, time = 3.076613e-08, elapsed = 1129.9 sec
Step =   7512: nodes = 4348, dt = 2.896204e-12, time = 3.076903e-08, elapsed = 1130.1 sec
Step =   7513: nodes = 4349, dt = 2.896204e-12, time = 3.077192e-08, elapsed = 1130.2 sec
Step =   7514: nodes = 4349, dt = 3.475445e-12, time = 3.077540e-08, elapsed = 1130.4 sec
Step =   7515: nodes = 4349, dt = 4.170534e-12, time = 3.077957e-08, elapsed = 1130.5 sec
Step =   7516: nodes = 4348, dt = 5.004641e-12, time = 3.078457e-08, elapsed = 1130.7 sec
Step =   7517: nodes = 4348, dt = 3.002785e-12, time = 3.078758e-08, elapsed = 1130.8 sec
Step =   7518: nodes = 4347, dt = 3.002785e-12, time = 3.079058e-08, elapsed = 1131.0 sec
Step =   7519: nodes = 4349, dt = 3.603341e-12, time = 3.079418e-08, elapsed = 1131.1 sec
Step =   7520: nodes = 4350, dt = 4.324010e-12, time = 3.079851e-08, elapsed = 1131.3 sec
Step =   7521: nodes = 4349, dt = 5.188812e-12, time = 3.080369e-08, elapsed = 1131.5 sec
Step =   7522: nodes = 4348, dt = 3.113287e-12, time = 3.080681e-08, elapsed = 1131.7 sec
Step =   7523: nodes = 4348, dt = 3.113287e-12, time = 3.080992e-08, elapsed = 1131.8 sec
Step =   7524: nodes = 4348, dt = 3.735944e-12, time = 3.081366e-08, elapsed = 1131.9 sec
Step =   7525: nodes = 4347, dt = 4.483133e-12, time = 3.081814e-08, elapsed = 1132.1 sec
Step =   7526: nodes = 4349, dt = 5.379760e-12, time = 3.082352e-08, elapsed = 1132.3 sec
Step =   7527: nodes = 4349, dt = 3.227856e-12, time = 3.082675e-08, elapsed = 1132.4 sec
Step =   7528: nodes = 4350, dt = 3.227856e-12, time = 3.082998e-08, elapsed = 1132.6 sec
Step =   7529: nodes = 4350, dt = 3.873427e-12, time = 3.083385e-08, elapsed = 1132.7 sec
Step =   7530: nodes = 4350, dt = 4.648113e-12, time = 3.083850e-08, elapsed = 1132.9 sec
Step =   7531: nodes = 4349, dt = 5.577735e-12, time = 3.084408e-08, elapsed = 1133.0 sec
Step =   7532: nodes = 4349, dt = 3.346641e-12, time = 3.084742e-08, elapsed = 1133.2 sec
Step =   7533: nodes = 4349, dt = 3.346641e-12, time = 3.085077e-08, elapsed = 1133.3 sec
Step =   7534: nodes = 4347, dt = 4.015969e-12, time = 3.085478e-08, elapsed = 1133.5 sec
Step =   7535: nodes = 4349, dt = 4.819163e-12, time = 3.085960e-08, elapsed = 1133.6 sec
Step =   7536: nodes = 4349, dt = 5.782996e-12, time = 3.086539e-08, elapsed = 1133.8 sec
Step =   7537: nodes = 4350, dt = 3.469797e-12, time = 3.086886e-08, elapsed = 1133.9 sec
Step =   7538: nodes = 4349, dt = 3.469797e-12, time = 3.087233e-08, elapsed = 1134.1 sec
Step =   7539: nodes = 4349, dt = 4.163757e-12, time = 3.087649e-08, elapsed = 1134.2 sec
Step =   7540: nodes = 4348, dt = 4.996508e-12, time = 3.088149e-08, elapsed = 1134.4 sec
Step =   7541: nodes = 4348, dt = 5.995810e-12, time = 3.088748e-08, elapsed = 1134.6 sec
Step =   7542: nodes = 4350, dt = 3.597486e-12, time = 3.089108e-08, elapsed = 1134.7 sec
Step =   7543: nodes = 4350, dt = 3.597486e-12, time = 3.089468e-08, elapsed = 1134.8 sec
Step =   7544: nodes = 4350, dt = 4.316983e-12, time = 3.089899e-08, elapsed = 1135.0 sec
Step =   7545: nodes = 4350, dt = 5.180380e-12, time = 3.090417e-08, elapsed = 1135.1 sec
Step =   7546: nodes = 4348, dt = 6.216456e-12, time = 3.091039e-08, elapsed = 1135.3 sec
Step =   7547: nodes = 4350, dt = 3.729873e-12, time = 3.091412e-08, elapsed = 1135.4 sec
Step =   7548: nodes = 4350, dt = 3.729873e-12, time = 3.091785e-08, elapsed = 1135.6 sec
Step =   7549: nodes = 4349, dt = 4.475848e-12, time = 3.092233e-08, elapsed = 1135.7 sec
Step =   7550: nodes = 4350, dt = 5.371018e-12, time = 3.092770e-08, elapsed = 1135.9 sec
Step =   7551: nodes = 4350, dt = 1.611305e-12, time = 3.092931e-08, elapsed = 1136.0 sec
Step =   7552: nodes = 4349, dt = 1.611305e-12, time = 3.093092e-08, elapsed = 1136.2 sec
Step =   7553: nodes = 4349, dt = 1.933566e-12, time = 3.093285e-08, elapsed = 1136.3 sec
Step =   7554: nodes = 4350, dt = 2.320280e-12, time = 3.093517e-08, elapsed = 1136.5 sec
Step =   7555: nodes = 4350, dt = 2.784336e-12, time = 3.093796e-08, elapsed = 1136.6 sec
Step =   7556: nodes = 4348, dt = 3.341203e-12, time = 3.094130e-08, elapsed = 1136.8 sec
Step =   7557: nodes = 4348, dt = 4.009443e-12, time = 3.094531e-08, elapsed = 1136.9 sec
Step =   7558: nodes = 4348, dt = 2.405666e-12, time = 3.094771e-08, elapsed = 1137.1 sec
Step =   7559: nodes = 4348, dt = 2.405666e-12, time = 3.095012e-08, elapsed = 1137.2 sec
Step =   7560: nodes = 4348, dt = 2.886799e-12, time = 3.095301e-08, elapsed = 1137.3 sec
Step =   7561: nodes = 4347, dt = 3.464159e-12, time = 3.095647e-08, elapsed = 1137.5 sec
Step =   7562: nodes = 4347, dt = 4.156991e-12, time = 3.096063e-08, elapsed = 1137.6 sec
Step =   7563: nodes = 4347, dt = 4.988389e-12, time = 3.096562e-08, elapsed = 1137.8 sec
Step =   7564: nodes = 4349, dt = 2.993033e-12, time = 3.096861e-08, elapsed = 1137.9 sec
Step =   7565: nodes = 4348, dt = 2.993033e-12, time = 3.097160e-08, elapsed = 1138.1 sec
Step =   7566: nodes = 4348, dt = 3.591640e-12, time = 3.097519e-08, elapsed = 1138.2 sec
Step =   7567: nodes = 4348, dt = 4.309968e-12, time = 3.097950e-08, elapsed = 1138.4 sec
Step =   7568: nodes = 4348, dt = 5.171962e-12, time = 3.098468e-08, elapsed = 1138.5 sec
Step =   7569: nodes = 4346, dt = 3.103177e-12, time = 3.098778e-08, elapsed = 1138.7 sec
Step =   7570: nodes = 4347, dt = 3.103177e-12, time = 3.099088e-08, elapsed = 1138.8 sec
Step =   7571: nodes = 4348, dt = 3.723812e-12, time = 3.099461e-08, elapsed = 1139.0 sec
Step =   7572: nodes = 4345, dt = 4.468575e-12, time = 3.099908e-08, elapsed = 1139.1 sec
Step =   7573: nodes = 4347, dt = 5.362290e-12, time = 3.100444e-08, elapsed = 1139.3 sec
Step =   7574: nodes = 4346, dt = 3.217374e-12, time = 3.100765e-08, elapsed = 1139.5 sec
Step =   7575: nodes = 4347, dt = 3.217374e-12, time = 3.101087e-08, elapsed = 1139.6 sec
Step =   7576: nodes = 4348, dt = 3.860849e-12, time = 3.101473e-08, elapsed = 1139.7 sec
Step =   7577: nodes = 4348, dt = 4.633018e-12, time = 3.101937e-08, elapsed = 1139.9 sec
Step =   7578: nodes = 4349, dt = 2.779811e-12, time = 3.102215e-08, elapsed = 1140.4 sec
Step =   7579: nodes = 4348, dt = 2.779811e-12, time = 3.102493e-08, elapsed = 1140.5 sec
Step =   7580: nodes = 4348, dt = 3.335773e-12, time = 3.102826e-08, elapsed = 1140.7 sec
Step =   7581: nodes = 4348, dt = 4.002928e-12, time = 3.103226e-08, elapsed = 1140.9 sec
Step =   7582: nodes = 4349, dt = 4.803514e-12, time = 3.103707e-08, elapsed = 1141.0 sec
Step =   7583: nodes = 4350, dt = 5.764216e-12, time = 3.104283e-08, elapsed = 1141.2 sec
Step =   7584: nodes = 4350, dt = 3.458530e-12, time = 3.104629e-08, elapsed = 1141.4 sec
Step =   7585: nodes = 4349, dt = 3.458530e-12, time = 3.104975e-08, elapsed = 1141.5 sec
Step =   7586: nodes = 4348, dt = 4.150236e-12, time = 3.105390e-08, elapsed = 1141.6 sec
Step =   7587: nodes = 4348, dt = 4.980283e-12, time = 3.105888e-08, elapsed = 1141.8 sec
Step =   7588: nodes = 4348, dt = 5.976339e-12, time = 3.106486e-08, elapsed = 1142.0 sec
Step =   7589: nodes = 4348, dt = 3.585804e-12, time = 3.106844e-08, elapsed = 1142.2 sec
Step =   7590: nodes = 4348, dt = 3.585804e-12, time = 3.107203e-08, elapsed = 1142.3 sec
Step =   7591: nodes = 4349, dt = 2.151482e-12, time = 3.107418e-08, elapsed = 1142.5 sec
Step =   7592: nodes = 4349, dt = 2.151482e-12, time = 3.107633e-08, elapsed = 1142.6 sec
Step =   7593: nodes = 4348, dt = 2.581779e-12, time = 3.107891e-08, elapsed = 1142.8 sec
Step =   7594: nodes = 4350, dt = 3.098134e-12, time = 3.108201e-08, elapsed = 1142.9 sec
Step =   7595: nodes = 4347, dt = 3.717761e-12, time = 3.108573e-08, elapsed = 1143.0 sec
Step =   7596: nodes = 4348, dt = 4.461313e-12, time = 3.109019e-08, elapsed = 1143.2 sec
Step =   7597: nodes = 4347, dt = 5.353576e-12, time = 3.109554e-08, elapsed = 1143.3 sec
Step =   7598: nodes = 4348, dt = 3.212146e-12, time = 3.109876e-08, elapsed = 1143.5 sec
Step =   7599: nodes = 4349, dt = 3.212146e-12, time = 3.110197e-08, elapsed = 1143.6 sec
Step =   7600: nodes = 4349, dt = 3.854575e-12, time = 3.110582e-08, elapsed = 1143.8 sec
Writing configuration in legacy data format
 Output file: /data/home/dg000246b/openDIS/inital_dislocation_structures/output_caseC_0.14%_seed12345/relax2/config.7600.data
Writing restart file
 Restart file: /data/home/dg000246b/openDIS/inital_dislocation_structures/output_caseC_0.14%_seed12345/relax2/restart.7600.exadis
Step =   7601: nodes = 4347, dt = 4.625490e-12, time = 3.111045e-08, elapsed = 1144.0 sec
Step =   7602: nodes = 4348, dt = 5.550588e-12, time = 3.111600e-08, elapsed = 1144.1 sec
Step =   7603: nodes = 4347, dt = 3.330353e-12, time = 3.111933e-08, elapsed = 1144.3 sec
Step =   7604: nodes = 4349, dt = 3.330353e-12, time = 3.112266e-08, elapsed = 1144.4 sec
Step =   7605: nodes = 4351, dt = 3.996423e-12, time = 3.112666e-08, elapsed = 1144.6 sec
Step =   7606: nodes = 4351, dt = 2.397854e-12, time = 3.112905e-08, elapsed = 1144.7 sec
Step =   7607: nodes = 4352, dt = 2.397854e-12, time = 3.113145e-08, elapsed = 1144.8 sec
Step =   7608: nodes = 4350, dt = 2.877425e-12, time = 3.113433e-08, elapsed = 1145.0 sec
Step =   7609: nodes = 4350, dt = 3.452910e-12, time = 3.113778e-08, elapsed = 1145.1 sec
Step =   7610: nodes = 4348, dt = 4.143492e-12, time = 3.114192e-08, elapsed = 1145.3 sec
Step =   7611: nodes = 4347, dt = 4.972190e-12, time = 3.114690e-08, elapsed = 1145.4 sec
Step =   7612: nodes = 4349, dt = 2.983314e-12, time = 3.114988e-08, elapsed = 1145.6 sec
Step =   7613: nodes = 4349, dt = 2.983314e-12, time = 3.115286e-08, elapsed = 1145.8 sec
Step =   7614: nodes = 4349, dt = 3.579977e-12, time = 3.115644e-08, elapsed = 1145.9 sec
Step =   7615: nodes = 4351, dt = 4.295972e-12, time = 3.116074e-08, elapsed = 1146.1 sec
Step =   7616: nodes = 4350, dt = 5.155166e-12, time = 3.116589e-08, elapsed = 1146.2 sec
Step =   7617: nodes = 4351, dt = 3.093100e-12, time = 3.116899e-08, elapsed = 1146.4 sec
Step =   7618: nodes = 4348, dt = 3.093100e-12, time = 3.117208e-08, elapsed = 1146.5 sec
Step =   7619: nodes = 4349, dt = 3.711720e-12, time = 3.117579e-08, elapsed = 1146.7 sec
Step =   7620: nodes = 4348, dt = 4.454064e-12, time = 3.118025e-08, elapsed = 1146.8 sec
Step =   7621: nodes = 4349, dt = 5.344877e-12, time = 3.118559e-08, elapsed = 1147.0 sec
Step =   7622: nodes = 4347, dt = 6.413852e-12, time = 3.119201e-08, elapsed = 1147.1 sec
Step =   7623: nodes = 4347, dt = 3.848311e-12, time = 3.119585e-08, elapsed = 1147.3 sec
Step =   7624: nodes = 4348, dt = 3.848311e-12, time = 3.119970e-08, elapsed = 1147.5 sec
Step =   7625: nodes = 4348, dt = 4.617973e-12, time = 3.120432e-08, elapsed = 1147.6 sec
Step =   7626: nodes = 4349, dt = 5.541568e-12, time = 3.120986e-08, elapsed = 1147.8 sec
Step =   7627: nodes = 4349, dt = 3.324941e-12, time = 3.121319e-08, elapsed = 1147.9 sec
Step =   7628: nodes = 4349, dt = 3.324941e-12, time = 3.121651e-08, elapsed = 1148.1 sec
Step =   7629: nodes = 4349, dt = 3.989929e-12, time = 3.122050e-08, elapsed = 1148.2 sec
Step =   7630: nodes = 4349, dt = 4.787915e-12, time = 3.122529e-08, elapsed = 1148.4 sec
Step =   7631: nodes = 4349, dt = 5.745498e-12, time = 3.123103e-08, elapsed = 1148.5 sec
Step =   7632: nodes = 4349, dt = 6.894597e-12, time = 3.123793e-08, elapsed = 1148.7 sec
Step =   7633: nodes = 4349, dt = 4.136758e-12, time = 3.124207e-08, elapsed = 1148.9 sec
Step =   7634: nodes = 4349, dt = 4.136758e-12, time = 3.124620e-08, elapsed = 1149.0 sec
Step =   7635: nodes = 4350, dt = 4.964110e-12, time = 3.125117e-08, elapsed = 1149.2 sec
Step =   7636: nodes = 4351, dt = 5.956932e-12, time = 3.125712e-08, elapsed = 1149.4 sec
Step =   7637: nodes = 4351, dt = 3.574159e-12, time = 3.126070e-08, elapsed = 1149.5 sec
Step =   7638: nodes = 4351, dt = 3.574159e-12, time = 3.126427e-08, elapsed = 1149.6 sec
Step =   7639: nodes = 4352, dt = 4.288991e-12, time = 3.126856e-08, elapsed = 1149.8 sec
Step =   7640: nodes = 4351, dt = 5.146789e-12, time = 3.127371e-08, elapsed = 1150.0 sec
Step =   7641: nodes = 4352, dt = 6.176147e-12, time = 3.127988e-08, elapsed = 1150.1 sec
Step =   7642: nodes = 4351, dt = 3.705688e-12, time = 3.128359e-08, elapsed = 1150.3 sec
Step =   7643: nodes = 4353, dt = 3.705688e-12, time = 3.128730e-08, elapsed = 1150.5 sec
Step =   7644: nodes = 4355, dt = 4.446826e-12, time = 3.129174e-08, elapsed = 1150.6 sec
Step =   7645: nodes = 4355, dt = 5.336191e-12, time = 3.129708e-08, elapsed = 1150.8 sec
Step =   7646: nodes = 4353, dt = 6.403429e-12, time = 3.130348e-08, elapsed = 1150.9 sec
Step =   7647: nodes = 4352, dt = 7.684115e-12, time = 3.131117e-08, elapsed = 1151.1 sec
Step =   7648: nodes = 4352, dt = 9.220938e-12, time = 3.132039e-08, elapsed = 1151.3 sec
Step =   7649: nodes = 4347, dt = 1.106513e-11, time = 3.133145e-08, elapsed = 1151.5 sec
Step =   7650: nodes = 4354, dt = 3.319538e-12, time = 3.133477e-08, elapsed = 1151.7 sec
Step =   7651: nodes = 4355, dt = 3.319538e-12, time = 3.133809e-08, elapsed = 1151.8 sec
Step =   7652: nodes = 4354, dt = 3.983445e-12, time = 3.134207e-08, elapsed = 1151.9 sec
Step =   7653: nodes = 4355, dt = 4.780134e-12, time = 3.134685e-08, elapsed = 1152.1 sec
Step =   7654: nodes = 4353, dt = 5.736161e-12, time = 3.135259e-08, elapsed = 1152.2 sec
Step =   7655: nodes = 4355, dt = 6.883394e-12, time = 3.135947e-08, elapsed = 1152.4 sec
Step =   7656: nodes = 4355, dt = 8.260072e-12, time = 3.136773e-08, elapsed = 1152.6 sec
Step =   7657: nodes = 4355, dt = 1.239011e-12, time = 3.136897e-08, elapsed = 1152.8 sec
Step =   7658: nodes = 4355, dt = 1.239011e-12, time = 3.137021e-08, elapsed = 1152.9 sec
Step =   7659: nodes = 4355, dt = 1.486813e-12, time = 3.137170e-08, elapsed = 1153.0 sec
Step =   7660: nodes = 4356, dt = 1.784176e-12, time = 3.137348e-08, elapsed = 1153.2 sec
Step =   7661: nodes = 4356, dt = 2.141011e-12, time = 3.137562e-08, elapsed = 1153.3 sec
Step =   7662: nodes = 4356, dt = 2.569213e-12, time = 3.137819e-08, elapsed = 1153.4 sec
Step =   7663: nodes = 4355, dt = 3.083055e-12, time = 3.138128e-08, elapsed = 1153.6 sec
Step =   7664: nodes = 4356, dt = 3.699667e-12, time = 3.138498e-08, elapsed = 1153.7 sec
Step =   7665: nodes = 4356, dt = 4.439600e-12, time = 3.138942e-08, elapsed = 1153.9 sec
Step =   7666: nodes = 4354, dt = 2.663760e-12, time = 3.139208e-08, elapsed = 1154.1 sec
Step =   7667: nodes = 4355, dt = 2.663760e-12, time = 3.139474e-08, elapsed = 1154.2 sec
Step =   7668: nodes = 4356, dt = 3.196512e-12, time = 3.139794e-08, elapsed = 1154.4 sec
Step =   7669: nodes = 4356, dt = 3.835814e-12, time = 3.140178e-08, elapsed = 1154.5 sec
Step =   7670: nodes = 4354, dt = 4.602977e-12, time = 3.140638e-08, elapsed = 1154.7 sec
Step =   7671: nodes = 4356, dt = 2.761786e-12, time = 3.140914e-08, elapsed = 1154.8 sec
Step =   7672: nodes = 4356, dt = 2.761786e-12, time = 3.141190e-08, elapsed = 1155.0 sec
Step =   7673: nodes = 4355, dt = 3.314144e-12, time = 3.141522e-08, elapsed = 1155.1 sec
Step =   7674: nodes = 4353, dt = 3.976972e-12, time = 3.141919e-08, elapsed = 1155.2 sec
Step =   7675: nodes = 4352, dt = 4.772367e-12, time = 3.142397e-08, elapsed = 1155.4 sec
Step =   7676: nodes = 4355, dt = 5.726840e-12, time = 3.142969e-08, elapsed = 1155.6 sec
Step =   7677: nodes = 4354, dt = 6.872208e-12, time = 3.143656e-08, elapsed = 1155.7 sec
Step =   7678: nodes = 4351, dt = 8.246650e-12, time = 3.144481e-08, elapsed = 1155.9 sec
Step =   7679: nodes = 4354, dt = 2.473995e-12, time = 3.144729e-08, elapsed = 1156.1 sec
Step =   7680: nodes = 4352, dt = 2.473995e-12, time = 3.144976e-08, elapsed = 1156.2 sec
Step =   7681: nodes = 4354, dt = 2.968794e-12, time = 3.145273e-08, elapsed = 1156.3 sec
Step =   7682: nodes = 4353, dt = 3.562553e-12, time = 3.145629e-08, elapsed = 1156.5 sec
Step =   7683: nodes = 4351, dt = 4.275063e-12, time = 3.146057e-08, elapsed = 1156.6 sec
Step =   7684: nodes = 4352, dt = 2.565038e-12, time = 3.146313e-08, elapsed = 1156.8 sec
Step =   7685: nodes = 4351, dt = 2.565038e-12, time = 3.146570e-08, elapsed = 1156.9 sec
Step =   7686: nodes = 4350, dt = 3.078045e-12, time = 3.146877e-08, elapsed = 1157.0 sec
Step =   7687: nodes = 4348, dt = 3.693655e-12, time = 3.147247e-08, elapsed = 1157.2 sec
Step =   7688: nodes = 4349, dt = 4.432385e-12, time = 3.147690e-08, elapsed = 1157.3 sec
Step =   7689: nodes = 4350, dt = 5.318863e-12, time = 3.148222e-08, elapsed = 1157.4 sec
Step =   7690: nodes = 4350, dt = 3.191318e-12, time = 3.148541e-08, elapsed = 1157.6 sec
Step =   7691: nodes = 4350, dt = 3.191318e-12, time = 3.148860e-08, elapsed = 1157.7 sec
Step =   7692: nodes = 4349, dt = 3.829581e-12, time = 3.149243e-08, elapsed = 1157.8 sec
Step =   7693: nodes = 4348, dt = 4.595497e-12, time = 3.149703e-08, elapsed = 1158.0 sec
Step =   7694: nodes = 4347, dt = 2.757298e-12, time = 3.149978e-08, elapsed = 1158.2 sec
Step =   7695: nodes = 4348, dt = 2.757298e-12, time = 3.150254e-08, elapsed = 1158.3 sec
Step =   7696: nodes = 4347, dt = 3.308758e-12, time = 3.150585e-08, elapsed = 1158.5 sec
Step =   7697: nodes = 4348, dt = 3.970510e-12, time = 3.150982e-08, elapsed = 1158.6 sec
Step =   7698: nodes = 4347, dt = 4.764612e-12, time = 3.151459e-08, elapsed = 1158.8 sec
Step =   7699: nodes = 4346, dt = 5.717534e-12, time = 3.152030e-08, elapsed = 1158.9 sec
Step =   7700: nodes = 4345, dt = 6.861041e-12, time = 3.152716e-08, elapsed = 1159.1 sec
Writing configuration in legacy data format
 Output file: /data/home/dg000246b/openDIS/inital_dislocation_structures/output_caseC_0.14%_seed12345/relax2/config.7700.data
Writing restart file
 Restart file: /data/home/dg000246b/openDIS/inital_dislocation_structures/output_caseC_0.14%_seed12345/relax2/restart.7700.exadis
Step =   7701: nodes = 4346, dt = 4.116624e-12, time = 3.153128e-08, elapsed = 1159.3 sec
Step =   7702: nodes = 4347, dt = 4.116624e-12, time = 3.153540e-08, elapsed = 1159.5 sec
Step =   7703: nodes = 4345, dt = 4.939949e-12, time = 3.154034e-08, elapsed = 1159.6 sec
Step =   7704: nodes = 4348, dt = 2.963970e-12, time = 3.154330e-08, elapsed = 1159.7 sec
Step =   7705: nodes = 4347, dt = 2.963970e-12, time = 3.154626e-08, elapsed = 1159.9 sec
Step =   7706: nodes = 4349, dt = 3.556763e-12, time = 3.154982e-08, elapsed = 1160.0 sec
Step =   7707: nodes = 4349, dt = 4.268116e-12, time = 3.155409e-08, elapsed = 1160.2 sec
Step =   7708: nodes = 4348, dt = 5.121739e-12, time = 3.155921e-08, elapsed = 1160.4 sec
Step =   7709: nodes = 4348, dt = 6.146087e-12, time = 3.156536e-08, elapsed = 1160.5 sec
Step =   7710: nodes = 4349, dt = 3.687652e-12, time = 3.156905e-08, elapsed = 1160.7 sec
Step =   7711: nodes = 4347, dt = 3.687652e-12, time = 3.157273e-08, elapsed = 1160.8 sec
Step =   7712: nodes = 4348, dt = 4.425183e-12, time = 3.157716e-08, elapsed = 1161.0 sec
Step =   7713: nodes = 4349, dt = 2.655110e-12, time = 3.157981e-08, elapsed = 1161.1 sec
Step =   7714: nodes = 4349, dt = 2.655110e-12, time = 3.158247e-08, elapsed = 1161.3 sec
Step =   7715: nodes = 4347, dt = 3.186132e-12, time = 3.158565e-08, elapsed = 1161.4 sec
Step =   7716: nodes = 4348, dt = 3.823358e-12, time = 3.158948e-08, elapsed = 1161.5 sec
Step =   7717: nodes = 4349, dt = 4.588030e-12, time = 3.159407e-08, elapsed = 1161.7 sec
Step =   7718: nodes = 4349, dt = 2.752818e-12, time = 3.159682e-08, elapsed = 1161.9 sec
Step =   7719: nodes = 4347, dt = 2.752818e-12, time = 3.159957e-08, elapsed = 1162.0 sec
Step =   7720: nodes = 4348, dt = 3.303381e-12, time = 3.160287e-08, elapsed = 1162.2 sec
Step =   7721: nodes = 4347, dt = 3.964058e-12, time = 3.160684e-08, elapsed = 1162.3 sec
Step =   7722: nodes = 4347, dt = 4.756869e-12, time = 3.161160e-08, elapsed = 1162.5 sec
Step =   7723: nodes = 4347, dt = 2.854121e-12, time = 3.161445e-08, elapsed = 1162.7 sec
Step =   7724: nodes = 4345, dt = 2.854121e-12, time = 3.161730e-08, elapsed = 1162.8 sec
Step =   7725: nodes = 4348, dt = 3.424946e-12, time = 3.162073e-08, elapsed = 1162.9 sec
Step =   7726: nodes = 4348, dt = 4.109935e-12, time = 3.162484e-08, elapsed = 1163.1 sec
Step =   7727: nodes = 4347, dt = 4.931922e-12, time = 3.162977e-08, elapsed = 1163.2 sec
Step =   7728: nodes = 4345, dt = 2.959153e-12, time = 3.163273e-08, elapsed = 1163.4 sec
Step =   7729: nodes = 4348, dt = 2.959153e-12, time = 3.163569e-08, elapsed = 1163.6 sec
Step =   7730: nodes = 4347, dt = 3.550984e-12, time = 3.163924e-08, elapsed = 1163.7 sec
Step =   7731: nodes = 4347, dt = 4.261180e-12, time = 3.164350e-08, elapsed = 1163.8 sec
Step =   7732: nodes = 4348, dt = 5.113417e-12, time = 3.164861e-08, elapsed = 1164.0 sec
Step =   7733: nodes = 4346, dt = 3.068050e-12, time = 3.165168e-08, elapsed = 1164.1 sec
Step =   7734: nodes = 4347, dt = 3.068050e-12, time = 3.165475e-08, elapsed = 1164.3 sec
Step =   7735: nodes = 4347, dt = 3.681660e-12, time = 3.165843e-08, elapsed = 1164.4 sec
Step =   7736: nodes = 4347, dt = 2.208996e-12, time = 3.166064e-08, elapsed = 1164.6 sec
Step =   7737: nodes = 4347, dt = 2.208996e-12, time = 3.166285e-08, elapsed = 1164.7 sec
Step =   7738: nodes = 4346, dt = 2.650795e-12, time = 3.166550e-08, elapsed = 1164.8 sec
Step =   7739: nodes = 4346, dt = 3.180954e-12, time = 3.166868e-08, elapsed = 1165.0 sec
Step =   7740: nodes = 4347, dt = 3.817145e-12, time = 3.167250e-08, elapsed = 1165.1 sec
Step =   7741: nodes = 4347, dt = 4.580574e-12, time = 3.167708e-08, elapsed = 1165.2 sec
Step =   7742: nodes = 4346, dt = 5.496689e-12, time = 3.168258e-08, elapsed = 1165.4 sec
Step =   7743: nodes = 4346, dt = 6.596027e-12, time = 3.168917e-08, elapsed = 1165.6 sec
Step =   7744: nodes = 4347, dt = 3.957616e-12, time = 3.169313e-08, elapsed = 1165.7 sec
Step =   7745: nodes = 4346, dt = 3.957616e-12, time = 3.169709e-08, elapsed = 1165.9 sec
Step =   7746: nodes = 4346, dt = 4.749139e-12, time = 3.170184e-08, elapsed = 1166.0 sec
Step =   7747: nodes = 4346, dt = 2.849483e-12, time = 3.170469e-08, elapsed = 1166.1 sec
Step =   7748: nodes = 4348, dt = 2.849483e-12, time = 3.170754e-08, elapsed = 1166.3 sec
Step =   7749: nodes = 4348, dt = 3.419380e-12, time = 3.171096e-08, elapsed = 1166.4 sec
Step =   7750: nodes = 4348, dt = 4.103256e-12, time = 3.171506e-08, elapsed = 1166.6 sec
Step =   7751: nodes = 4347, dt = 4.923907e-12, time = 3.171998e-08, elapsed = 1166.7 sec
Step =   7752: nodes = 4346, dt = 2.954344e-12, time = 3.172294e-08, elapsed = 1166.8 sec
Step =   7753: nodes = 4346, dt = 2.954344e-12, time = 3.172589e-08, elapsed = 1167.0 sec
Step =   7754: nodes = 4346, dt = 3.545213e-12, time = 3.172944e-08, elapsed = 1167.1 sec
Step =   7755: nodes = 4345, dt = 4.254256e-12, time = 3.173369e-08, elapsed = 1167.2 sec
Step =   7756: nodes = 4344, dt = 5.105107e-12, time = 3.173880e-08, elapsed = 1167.4 sec
Step =   7757: nodes = 4346, dt = 3.063064e-12, time = 3.174186e-08, elapsed = 1167.6 sec
Step =   7758: nodes = 4345, dt = 3.063064e-12, time = 3.174492e-08, elapsed = 1167.7 sec
Step =   7759: nodes = 4344, dt = 3.675677e-12, time = 3.174860e-08, elapsed = 1167.8 sec
Step =   7760: nodes = 4342, dt = 4.410813e-12, time = 3.175301e-08, elapsed = 1168.0 sec
Step =   7761: nodes = 4343, dt = 5.292975e-12, time = 3.175830e-08, elapsed = 1168.1 sec
Step =   7762: nodes = 4343, dt = 6.351570e-12, time = 3.176465e-08, elapsed = 1168.3 sec
Step =   7763: nodes = 4343, dt = 3.810942e-12, time = 3.176846e-08, elapsed = 1168.4 sec
Step =   7764: nodes = 4343, dt = 3.810942e-12, time = 3.177227e-08, elapsed = 1168.6 sec
Step =   7765: nodes = 4344, dt = 4.573131e-12, time = 3.177685e-08, elapsed = 1168.8 sec
Step =   7766: nodes = 4339, dt = 5.487757e-12, time = 3.178234e-08, elapsed = 1168.9 sec
Step =   7767: nodes = 4343, dt = 3.292654e-12, time = 3.178563e-08, elapsed = 1169.1 sec
Step =   7768: nodes = 4343, dt = 3.292654e-12, time = 3.178892e-08, elapsed = 1169.2 sec
Step =   7769: nodes = 4344, dt = 3.951185e-12, time = 3.179287e-08, elapsed = 1169.4 sec
Step =   7770: nodes = 4344, dt = 4.741422e-12, time = 3.179761e-08, elapsed = 1169.6 sec
Step =   7771: nodes = 4344, dt = 2.844853e-12, time = 3.180046e-08, elapsed = 1169.7 sec
Step =   7772: nodes = 4344, dt = 2.844853e-12, time = 3.180330e-08, elapsed = 1169.9 sec
Step =   7773: nodes = 4344, dt = 3.413824e-12, time = 3.180672e-08, elapsed = 1170.3 sec
Step =   7774: nodes = 4344, dt = 4.096588e-12, time = 3.181081e-08, elapsed = 1170.5 sec
Step =   7775: nodes = 4344, dt = 4.915906e-12, time = 3.181573e-08, elapsed = 1170.7 sec
Step =   7776: nodes = 4343, dt = 2.949544e-12, time = 3.181868e-08, elapsed = 1170.8 sec
Step =   7777: nodes = 4342, dt = 2.949544e-12, time = 3.182163e-08, elapsed = 1171.0 sec
Step =   7778: nodes = 4343, dt = 3.539452e-12, time = 3.182517e-08, elapsed = 1171.1 sec
Step =   7779: nodes = 4344, dt = 4.247343e-12, time = 3.182942e-08, elapsed = 1171.3 sec
Step =   7780: nodes = 4345, dt = 5.096811e-12, time = 3.183451e-08, elapsed = 1171.5 sec
Step =   7781: nodes = 4347, dt = 3.058087e-12, time = 3.183757e-08, elapsed = 1171.6 sec
Step =   7782: nodes = 4348, dt = 3.058087e-12, time = 3.184063e-08, elapsed = 1171.8 sec
Step =   7783: nodes = 4346, dt = 3.669704e-12, time = 3.184430e-08, elapsed = 1171.9 sec
Step =   7784: nodes = 4346, dt = 2.201823e-12, time = 3.184650e-08, elapsed = 1172.1 sec
Step =   7785: nodes = 4347, dt = 2.201823e-12, time = 3.184870e-08, elapsed = 1172.2 sec
Step =   7786: nodes = 4345, dt = 2.642187e-12, time = 3.185134e-08, elapsed = 1172.3 sec
Step =   7787: nodes = 4348, dt = 3.170624e-12, time = 3.185451e-08, elapsed = 1172.5 sec
Step =   7788: nodes = 4349, dt = 3.804749e-12, time = 3.185832e-08, elapsed = 1172.6 sec
Step =   7789: nodes = 4350, dt = 4.565699e-12, time = 3.186289e-08, elapsed = 1172.8 sec
Step =   7790: nodes = 4349, dt = 5.478839e-12, time = 3.186836e-08, elapsed = 1172.9 sec
Step =   7791: nodes = 4350, dt = 3.287303e-12, time = 3.187165e-08, elapsed = 1173.1 sec
Step =   7792: nodes = 4350, dt = 3.287303e-12, time = 3.187494e-08, elapsed = 1173.2 sec
Step =   7793: nodes = 4350, dt = 3.944764e-12, time = 3.187888e-08, elapsed = 1173.3 sec
Step =   7794: nodes = 4349, dt = 4.733717e-12, time = 3.188362e-08, elapsed = 1173.5 sec
Step =   7795: nodes = 4347, dt = 2.840230e-12, time = 3.188646e-08, elapsed = 1173.6 sec
Step =   7796: nodes = 4347, dt = 2.840230e-12, time = 3.188930e-08, elapsed = 1173.7 sec
Step =   7797: nodes = 4347, dt = 3.408276e-12, time = 3.189271e-08, elapsed = 1173.9 sec
Step =   7798: nodes = 4345, dt = 4.089931e-12, time = 3.189680e-08, elapsed = 1174.0 sec
Step =   7799: nodes = 4347, dt = 4.907918e-12, time = 3.190170e-08, elapsed = 1174.2 sec
Step =   7800: nodes = 4347, dt = 2.944751e-12, time = 3.190465e-08, elapsed = 1174.3 sec
Writing configuration in legacy data format
 Output file: /data/home/dg000246b/openDIS/inital_dislocation_structures/output_caseC_0.14%_seed12345/relax2/config.7800.data
Writing restart file
 Restart file: /data/home/dg000246b/openDIS/inital_dislocation_structures/output_caseC_0.14%_seed12345/relax2/restart.7800.exadis
Step =   7801: nodes = 4347, dt = 2.944751e-12, time = 3.190759e-08, elapsed = 1174.5 sec
Step =   7802: nodes = 4347, dt = 3.533701e-12, time = 3.191113e-08, elapsed = 1174.6 sec
Step =   7803: nodes = 4347, dt = 4.240441e-12, time = 3.191537e-08, elapsed = 1174.8 sec
Step =   7804: nodes = 4345, dt = 5.088529e-12, time = 3.192046e-08, elapsed = 1174.9 sec
Step =   7805: nodes = 4346, dt = 3.053117e-12, time = 3.192351e-08, elapsed = 1175.1 sec
Step =   7806: nodes = 4347, dt = 3.053117e-12, time = 3.192656e-08, elapsed = 1175.3 sec
Step =   7807: nodes = 4347, dt = 3.663741e-12, time = 3.193023e-08, elapsed = 1175.4 sec
Step =   7808: nodes = 4348, dt = 4.396489e-12, time = 3.193462e-08, elapsed = 1175.6 sec
Step =   7809: nodes = 4348, dt = 5.275787e-12, time = 3.193990e-08, elapsed = 1175.7 sec
Step =   7810: nodes = 4348, dt = 3.165472e-12, time = 3.194306e-08, elapsed = 1175.9 sec
Step =   7811: nodes = 4348, dt = 3.165472e-12, time = 3.194623e-08, elapsed = 1176.0 sec
Step =   7812: nodes = 4345, dt = 3.798567e-12, time = 3.195003e-08, elapsed = 1176.2 sec
Step =   7813: nodes = 4346, dt = 4.558280e-12, time = 3.195459e-08, elapsed = 1176.3 sec
Step =   7814: nodes = 4346, dt = 5.469936e-12, time = 3.196006e-08, elapsed = 1176.4 sec
Step =   7815: nodes = 4346, dt = 3.281962e-12, time = 3.196334e-08, elapsed = 1176.6 sec
Step =   7816: nodes = 4344, dt = 3.281962e-12, time = 3.196662e-08, elapsed = 1176.7 sec
Step =   7817: nodes = 4345, dt = 3.938354e-12, time = 3.197056e-08, elapsed = 1176.9 sec
Step =   7818: nodes = 4344, dt = 4.726025e-12, time = 3.197528e-08, elapsed = 1177.0 sec
Step =   7819: nodes = 4343, dt = 5.671230e-12, time = 3.198096e-08, elapsed = 1177.2 sec
Step =   7820: nodes = 4341, dt = 6.805476e-12, time = 3.198776e-08, elapsed = 1177.3 sec
Step =   7821: nodes = 4342, dt = 8.166571e-12, time = 3.199593e-08, elapsed = 1177.5 sec
Step =   7822: nodes = 4344, dt = 9.799885e-12, time = 3.200573e-08, elapsed = 1177.7 sec
Step =   7823: nodes = 4345, dt = 1.175986e-11, time = 3.201749e-08, elapsed = 1177.9 sec
Step =   7824: nodes = 4344, dt = 7.055917e-12, time = 3.202454e-08, elapsed = 1178.0 sec
Step =   7825: nodes = 4346, dt = 7.055917e-12, time = 3.203160e-08, elapsed = 1178.2 sec
Step =   7826: nodes = 4346, dt = 8.467100e-12, time = 3.204007e-08, elapsed = 1178.3 sec
Step =   7827: nodes = 4348, dt = 5.080260e-12, time = 3.204515e-08, elapsed = 1178.5 sec
Step =   7828: nodes = 4348, dt = 5.080260e-12, time = 3.205023e-08, elapsed = 1178.6 sec
Step =   7829: nodes = 4349, dt = 6.096312e-12, time = 3.205632e-08, elapsed = 1178.8 sec
Step =   7830: nodes = 4348, dt = 7.315575e-12, time = 3.206364e-08, elapsed = 1179.0 sec
Step =   7831: nodes = 4349, dt = 4.389345e-12, time = 3.206803e-08, elapsed = 1179.1 sec
Step =   7832: nodes = 4349, dt = 4.389345e-12, time = 3.207242e-08, elapsed = 1179.3 sec
Step =   7833: nodes = 4348, dt = 5.267214e-12, time = 3.207768e-08, elapsed = 1179.4 sec
Step =   7834: nodes = 4349, dt = 6.320657e-12, time = 3.208400e-08, elapsed = 1179.6 sec
Step =   7835: nodes = 4346, dt = 7.584788e-12, time = 3.209159e-08, elapsed = 1179.7 sec
Step =   7836: nodes = 4346, dt = 9.101746e-12, time = 3.210069e-08, elapsed = 1179.9 sec
Step =   7837: nodes = 4347, dt = 5.461047e-12, time = 3.210615e-08, elapsed = 1180.0 sec
Step =   7838: nodes = 4347, dt = 5.461047e-12, time = 3.211161e-08, elapsed = 1180.2 sec
Step =   7839: nodes = 4347, dt = 6.553257e-12, time = 3.211817e-08, elapsed = 1180.4 sec
Step =   7840: nodes = 4343, dt = 7.863908e-12, time = 3.212603e-08, elapsed = 1180.6 sec
Step =   7841: nodes = 4344, dt = 9.436690e-12, time = 3.213547e-08, elapsed = 1180.7 sec
Step =   7842: nodes = 4345, dt = 5.662014e-12, time = 3.214113e-08, elapsed = 1180.9 sec
Step =   7843: nodes = 4343, dt = 2.831007e-12, time = 3.214396e-08, elapsed = 1181.1 sec
Step =   7844: nodes = 4344, dt = 2.831007e-12, time = 3.214679e-08, elapsed = 1181.2 sec
Step =   7845: nodes = 4343, dt = 3.397208e-12, time = 3.215019e-08, elapsed = 1181.3 sec
Step =   7846: nodes = 4345, dt = 4.076650e-12, time = 3.215427e-08, elapsed = 1181.5 sec
Step =   7847: nodes = 4347, dt = 4.891980e-12, time = 3.215916e-08, elapsed = 1181.6 sec
Step =   7848: nodes = 4347, dt = 5.870376e-12, time = 3.216503e-08, elapsed = 1181.8 sec
Step =   7849: nodes = 4347, dt = 7.044451e-12, time = 3.217207e-08, elapsed = 1181.9 sec
Step =   7850: nodes = 4344, dt = 8.453341e-12, time = 3.218053e-08, elapsed = 1182.1 sec
Step =   7851: nodes = 4344, dt = 1.014401e-11, time = 3.219067e-08, elapsed = 1182.3 sec
Step =   7852: nodes = 4348, dt = 6.086406e-12, time = 3.219676e-08, elapsed = 1182.5 sec
Step =   7853: nodes = 4347, dt = 6.086406e-12, time = 3.220284e-08, elapsed = 1182.6 sec
Step =   7854: nodes = 4353, dt = 7.303687e-12, time = 3.221015e-08, elapsed = 1182.8 sec
Step =   7855: nodes = 4352, dt = 8.764424e-12, time = 3.221891e-08, elapsed = 1183.0 sec
Step =   7856: nodes = 4353, dt = 2.629327e-12, time = 3.222154e-08, elapsed = 1183.2 sec
Step =   7857: nodes = 4353, dt = 2.629327e-12, time = 3.222417e-08, elapsed = 1183.3 sec
Step =   7858: nodes = 4353, dt = 3.155193e-12, time = 3.222732e-08, elapsed = 1183.4 sec
Step =   7859: nodes = 4353, dt = 3.786231e-12, time = 3.223111e-08, elapsed = 1183.6 sec
Step =   7860: nodes = 4353, dt = 4.543478e-12, time = 3.223565e-08, elapsed = 1183.7 sec
Step =   7861: nodes = 4353, dt = 2.726087e-12, time = 3.223838e-08, elapsed = 1183.9 sec
Step =   7862: nodes = 4352, dt = 2.726087e-12, time = 3.224111e-08, elapsed = 1184.0 sec
Step =   7863: nodes = 4351, dt = 3.271304e-12, time = 3.224438e-08, elapsed = 1184.2 sec
Step =   7864: nodes = 4352, dt = 3.925565e-12, time = 3.224830e-08, elapsed = 1184.3 sec
Step =   7865: nodes = 4353, dt = 4.710678e-12, time = 3.225301e-08, elapsed = 1184.5 sec
Step =   7866: nodes = 4353, dt = 2.826407e-12, time = 3.225584e-08, elapsed = 1184.7 sec
Step =   7867: nodes = 4353, dt = 2.826407e-12, time = 3.225867e-08, elapsed = 1184.8 sec
Step =   7868: nodes = 4352, dt = 3.391688e-12, time = 3.226206e-08, elapsed = 1184.9 sec
Step =   7869: nodes = 4354, dt = 4.070025e-12, time = 3.226613e-08, elapsed = 1185.1 sec
Step =   7870: nodes = 4354, dt = 4.884030e-12, time = 3.227101e-08, elapsed = 1185.2 sec
Step =   7871: nodes = 4354, dt = 2.930418e-12, time = 3.227394e-08, elapsed = 1185.4 sec
Step =   7872: nodes = 4354, dt = 2.930418e-12, time = 3.227687e-08, elapsed = 1185.5 sec
Step =   7873: nodes = 4355, dt = 3.516502e-12, time = 3.228039e-08, elapsed = 1185.7 sec
Step =   7874: nodes = 4355, dt = 4.219802e-12, time = 3.228461e-08, elapsed = 1185.8 sec
Step =   7875: nodes = 4354, dt = 5.063763e-12, time = 3.228967e-08, elapsed = 1186.0 sec
Step =   7876: nodes = 4353, dt = 6.076515e-12, time = 3.229575e-08, elapsed = 1186.2 sec
Step =   7877: nodes = 4355, dt = 3.645909e-12, time = 3.229940e-08, elapsed = 1186.3 sec
Step =   7878: nodes = 4354, dt = 3.645909e-12, time = 3.230304e-08, elapsed = 1186.5 sec
Step =   7879: nodes = 4353, dt = 4.375091e-12, time = 3.230742e-08, elapsed = 1186.7 sec
Step =   7880: nodes = 4354, dt = 2.625055e-12, time = 3.231004e-08, elapsed = 1186.8 sec
Step =   7881: nodes = 4353, dt = 2.625055e-12, time = 3.231267e-08, elapsed = 1186.9 sec
Step =   7882: nodes = 4353, dt = 3.150066e-12, time = 3.231582e-08, elapsed = 1187.1 sec
Step =   7883: nodes = 4350, dt = 3.780079e-12, time = 3.231960e-08, elapsed = 1187.2 sec
Step =   7884: nodes = 4352, dt = 4.536094e-12, time = 3.232413e-08, elapsed = 1187.4 sec
Step =   7885: nodes = 4354, dt = 2.721657e-12, time = 3.232685e-08, elapsed = 1187.5 sec
Step =   7886: nodes = 4354, dt = 2.721657e-12, time = 3.232958e-08, elapsed = 1187.7 sec
Step =   7887: nodes = 4354, dt = 3.265988e-12, time = 3.233284e-08, elapsed = 1187.8 sec
Step =   7888: nodes = 4354, dt = 3.919186e-12, time = 3.233676e-08, elapsed = 1187.9 sec
Step =   7889: nodes = 4352, dt = 4.703023e-12, time = 3.234146e-08, elapsed = 1188.1 sec
Step =   7890: nodes = 4353, dt = 2.821814e-12, time = 3.234429e-08, elapsed = 1188.2 sec
Step =   7891: nodes = 4355, dt = 2.821814e-12, time = 3.234711e-08, elapsed = 1188.4 sec
Step =   7892: nodes = 4355, dt = 3.386176e-12, time = 3.235049e-08, elapsed = 1188.6 sec
Step =   7893: nodes = 4355, dt = 4.063412e-12, time = 3.235456e-08, elapsed = 1188.7 sec
Step =   7894: nodes = 4355, dt = 4.876094e-12, time = 3.235943e-08, elapsed = 1188.9 sec
Step =   7895: nodes = 4355, dt = 2.925656e-12, time = 3.236236e-08, elapsed = 1189.0 sec
Step =   7896: nodes = 4354, dt = 2.925656e-12, time = 3.236529e-08, elapsed = 1189.2 sec
Step =   7897: nodes = 4355, dt = 3.510788e-12, time = 3.236880e-08, elapsed = 1189.4 sec
Step =   7898: nodes = 4354, dt = 4.212945e-12, time = 3.237301e-08, elapsed = 1189.5 sec
Step =   7899: nodes = 4353, dt = 5.055534e-12, time = 3.237806e-08, elapsed = 1189.7 sec
Step =   7900: nodes = 4353, dt = 3.033321e-12, time = 3.238110e-08, elapsed = 1189.9 sec
Writing configuration in legacy data format
 Output file: /data/home/dg000246b/openDIS/inital_dislocation_structures/output_caseC_0.14%_seed12345/relax2/config.7900.data
Writing restart file
 Restart file: /data/home/dg000246b/openDIS/inital_dislocation_structures/output_caseC_0.14%_seed12345/relax2/restart.7900.exadis
Step =   7901: nodes = 4355, dt = 3.033321e-12, time = 3.238413e-08, elapsed = 1190.0 sec
Step =   7902: nodes = 4352, dt = 3.639985e-12, time = 3.238777e-08, elapsed = 1190.2 sec
Step =   7903: nodes = 4353, dt = 4.367982e-12, time = 3.239214e-08, elapsed = 1190.3 sec
Step =   7904: nodes = 4353, dt = 5.241578e-12, time = 3.239738e-08, elapsed = 1190.5 sec
Step =   7905: nodes = 4353, dt = 3.144947e-12, time = 3.240053e-08, elapsed = 1190.6 sec
Step =   7906: nodes = 4353, dt = 3.144947e-12, time = 3.240367e-08, elapsed = 1190.8 sec
Step =   7907: nodes = 4352, dt = 3.773936e-12, time = 3.240744e-08, elapsed = 1190.9 sec
Step =   7908: nodes = 4353, dt = 4.528723e-12, time = 3.241197e-08, elapsed = 1191.1 sec
Step =   7909: nodes = 4351, dt = 5.434468e-12, time = 3.241741e-08, elapsed = 1191.2 sec
Step =   7910: nodes = 4351, dt = 3.260681e-12, time = 3.242067e-08, elapsed = 1191.4 sec
Step =   7911: nodes = 4350, dt = 3.260681e-12, time = 3.242393e-08, elapsed = 1191.6 sec
Step =   7912: nodes = 4351, dt = 3.912817e-12, time = 3.242784e-08, elapsed = 1191.7 sec
Step =   7913: nodes = 4351, dt = 4.695380e-12, time = 3.243254e-08, elapsed = 1191.9 sec
Step =   7914: nodes = 4351, dt = 2.817228e-12, time = 3.243535e-08, elapsed = 1192.0 sec
Step =   7915: nodes = 4350, dt = 2.817228e-12, time = 3.243817e-08, elapsed = 1192.2 sec
Step =   7916: nodes = 4351, dt = 3.380674e-12, time = 3.244155e-08, elapsed = 1192.3 sec
Step =   7917: nodes = 4350, dt = 4.056809e-12, time = 3.244561e-08, elapsed = 1192.5 sec
Step =   7918: nodes = 4351, dt = 4.868170e-12, time = 3.245048e-08, elapsed = 1192.6 sec
Step =   7919: nodes = 4350, dt = 2.920902e-12, time = 3.245340e-08, elapsed = 1192.8 sec
Step =   7920: nodes = 4350, dt = 2.920902e-12, time = 3.245632e-08, elapsed = 1192.9 sec
Step =   7921: nodes = 4351, dt = 3.505083e-12, time = 3.245982e-08, elapsed = 1193.0 sec
Step =   7922: nodes = 4351, dt = 2.103050e-12, time = 3.246193e-08, elapsed = 1193.2 sec
Step =   7923: nodes = 4351, dt = 2.103050e-12, time = 3.246403e-08, elapsed = 1193.3 sec
Step =   7924: nodes = 4351, dt = 2.523659e-12, time = 3.246655e-08, elapsed = 1193.5 sec
Step =   7925: nodes = 4352, dt = 3.028391e-12, time = 3.246958e-08, elapsed = 1193.6 sec
Step =   7926: nodes = 4352, dt = 3.634070e-12, time = 3.247322e-08, elapsed = 1193.8 sec
Step =   7927: nodes = 4350, dt = 4.360884e-12, time = 3.247758e-08, elapsed = 1193.9 sec
Step =   7928: nodes = 4351, dt = 2.616530e-12, time = 3.248019e-08, elapsed = 1194.1 sec
Step =   7929: nodes = 4350, dt = 2.616530e-12, time = 3.248281e-08, elapsed = 1194.2 sec
Step =   7930: nodes = 4350, dt = 3.139836e-12, time = 3.248595e-08, elapsed = 1194.3 sec
Step =   7931: nodes = 4347, dt = 3.767803e-12, time = 3.248972e-08, elapsed = 1194.5 sec
Step =   7932: nodes = 4348, dt = 2.260682e-12, time = 3.249198e-08, elapsed = 1194.6 sec
Step =   7933: nodes = 4348, dt = 2.260682e-12, time = 3.249424e-08, elapsed = 1194.8 sec
Step =   7934: nodes = 4348, dt = 2.712818e-12, time = 3.249695e-08, elapsed = 1194.9 sec
Step =   7935: nodes = 4347, dt = 3.255382e-12, time = 3.250021e-08, elapsed = 1195.0 sec
Step =   7936: nodes = 4347, dt = 3.906459e-12, time = 3.250411e-08, elapsed = 1195.2 sec
Step =   7937: nodes = 4346, dt = 4.687750e-12, time = 3.250880e-08, elapsed = 1195.3 sec
Step =   7938: nodes = 4347, dt = 2.812650e-12, time = 3.251161e-08, elapsed = 1195.5 sec
Step =   7939: nodes = 4345, dt = 2.812650e-12, time = 3.251443e-08, elapsed = 1195.6 sec
Step =   7940: nodes = 4345, dt = 3.375180e-12, time = 3.251780e-08, elapsed = 1195.8 sec
Step =   7941: nodes = 4345, dt = 4.050216e-12, time = 3.252185e-08, elapsed = 1195.9 sec
Step =   7942: nodes = 4345, dt = 4.860259e-12, time = 3.252671e-08, elapsed = 1196.0 sec
Step =   7943: nodes = 4345, dt = 2.916156e-12, time = 3.252963e-08, elapsed = 1196.2 sec
Step =   7944: nodes = 4343, dt = 2.916156e-12, time = 3.253254e-08, elapsed = 1196.3 sec
Step =   7945: nodes = 4344, dt = 3.499387e-12, time = 3.253604e-08, elapsed = 1196.4 sec
Step =   7946: nodes = 4344, dt = 4.199264e-12, time = 3.254024e-08, elapsed = 1196.6 sec
Step =   7947: nodes = 4344, dt = 2.519559e-12, time = 3.254276e-08, elapsed = 1196.7 sec
Step =   7948: nodes = 4344, dt = 2.519559e-12, time = 3.254528e-08, elapsed = 1196.9 sec
Step =   7949: nodes = 4345, dt = 3.023470e-12, time = 3.254831e-08, elapsed = 1197.0 sec
Step =   7950: nodes = 4345, dt = 3.628164e-12, time = 3.255193e-08, elapsed = 1197.1 sec
Step =   7951: nodes = 4345, dt = 4.353797e-12, time = 3.255629e-08, elapsed = 1197.3 sec
Step =   7952: nodes = 4344, dt = 5.224557e-12, time = 3.256151e-08, elapsed = 1197.4 sec
Step =   7953: nodes = 4344, dt = 3.134734e-12, time = 3.256465e-08, elapsed = 1197.6 sec
Step =   7954: nodes = 4344, dt = 3.134734e-12, time = 3.256778e-08, elapsed = 1197.7 sec
Step =   7955: nodes = 4345, dt = 3.761681e-12, time = 3.257154e-08, elapsed = 1197.9 sec
Step =   7956: nodes = 4343, dt = 4.514017e-12, time = 3.257606e-08, elapsed = 1198.0 sec
Step =   7957: nodes = 4344, dt = 5.416820e-12, time = 3.258147e-08, elapsed = 1198.1 sec
Step =   7958: nodes = 4344, dt = 3.250092e-12, time = 3.258472e-08, elapsed = 1198.3 sec
Step =   7959: nodes = 4343, dt = 3.250092e-12, time = 3.258797e-08, elapsed = 1198.4 sec
Step =   7960: nodes = 4342, dt = 3.900111e-12, time = 3.259187e-08, elapsed = 1198.6 sec
Step =   7961: nodes = 4341, dt = 4.680133e-12, time = 3.259656e-08, elapsed = 1198.7 sec
Step =   7962: nodes = 4341, dt = 5.616159e-12, time = 3.260217e-08, elapsed = 1198.8 sec
Step =   7963: nodes = 4343, dt = 3.369696e-12, time = 3.260554e-08, elapsed = 1199.0 sec
Step =   7964: nodes = 4343, dt = 3.369696e-12, time = 3.260891e-08, elapsed = 1199.1 sec
Step =   7965: nodes = 4342, dt = 4.043635e-12, time = 3.261295e-08, elapsed = 1199.3 sec
Step =   7966: nodes = 4342, dt = 4.852362e-12, time = 3.261781e-08, elapsed = 1199.4 sec
Step =   7967: nodes = 4343, dt = 5.822834e-12, time = 3.262363e-08, elapsed = 1199.6 sec
Step =   7968: nodes = 4342, dt = 3.493700e-12, time = 3.262712e-08, elapsed = 1199.8 sec
Step =   7969: nodes = 4342, dt = 3.493700e-12, time = 3.263062e-08, elapsed = 1199.9 sec
Step =   7970: nodes = 4341, dt = 4.192440e-12, time = 3.263481e-08, elapsed = 1200.0 sec
Step =   7971: nodes = 4342, dt = 2.515464e-12, time = 3.263732e-08, elapsed = 1200.5 sec
Step =   7972: nodes = 4342, dt = 2.515464e-12, time = 3.263984e-08, elapsed = 1200.6 sec
Step =   7973: nodes = 4342, dt = 3.018557e-12, time = 3.264286e-08, elapsed = 1200.7 sec
Step =   7974: nodes = 4342, dt = 3.622268e-12, time = 3.264648e-08, elapsed = 1200.8 sec
Step =   7975: nodes = 4341, dt = 4.346722e-12, time = 3.265083e-08, elapsed = 1201.0 sec
Step =   7976: nodes = 4341, dt = 2.608033e-12, time = 3.265344e-08, elapsed = 1201.1 sec
Step =   7977: nodes = 4341, dt = 2.608033e-12, time = 3.265604e-08, elapsed = 1201.3 sec
Step =   7978: nodes = 4341, dt = 3.129640e-12, time = 3.265917e-08, elapsed = 1201.4 sec
Step =   7979: nodes = 4340, dt = 3.755568e-12, time = 3.266293e-08, elapsed = 1201.6 sec
Step =   7980: nodes = 4342, dt = 4.506682e-12, time = 3.266744e-08, elapsed = 1201.7 sec
Step =   7981: nodes = 4342, dt = 2.704009e-12, time = 3.267014e-08, elapsed = 1201.9 sec
Step =   7982: nodes = 4340, dt = 2.704009e-12, time = 3.267284e-08, elapsed = 1202.1 sec
Step =   7983: nodes = 4339, dt = 3.244811e-12, time = 3.267609e-08, elapsed = 1202.2 sec
Step =   7984: nodes = 4340, dt = 3.893773e-12, time = 3.267998e-08, elapsed = 1202.4 sec
Step =   7985: nodes = 4341, dt = 4.672527e-12, time = 3.268465e-08, elapsed = 1202.5 sec
Step =   7986: nodes = 4340, dt = 2.803516e-12, time = 3.268746e-08, elapsed = 1202.7 sec
Step =   7987: nodes = 4341, dt = 2.803516e-12, time = 3.269026e-08, elapsed = 1202.9 sec
Step =   7988: nodes = 4340, dt = 1.682110e-12, time = 3.269194e-08, elapsed = 1203.0 sec
Step =   7989: nodes = 4342, dt = 1.682110e-12, time = 3.269363e-08, elapsed = 1203.1 sec
Step =   7990: nodes = 4342, dt = 2.018532e-12, time = 3.269564e-08, elapsed = 1203.3 sec
Step =   7991: nodes = 4341, dt = 2.422238e-12, time = 3.269807e-08, elapsed = 1203.4 sec
Step =   7992: nodes = 4340, dt = 2.906686e-12, time = 3.270097e-08, elapsed = 1203.6 sec
Step =   7993: nodes = 4341, dt = 3.488023e-12, time = 3.270446e-08, elapsed = 1203.7 sec
Step =   7994: nodes = 4341, dt = 4.185628e-12, time = 3.270865e-08, elapsed = 1203.9 sec
Step =   7995: nodes = 4341, dt = 5.022753e-12, time = 3.271367e-08, elapsed = 1204.0 sec
Step =   7996: nodes = 4343, dt = 3.013652e-12, time = 3.271668e-08, elapsed = 1204.2 sec
Step =   7997: nodes = 4343, dt = 3.013652e-12, time = 3.271970e-08, elapsed = 1204.3 sec
Step =   7998: nodes = 4343, dt = 3.616382e-12, time = 3.272331e-08, elapsed = 1204.4 sec
Step =   7999: nodes = 4341, dt = 2.169829e-12, time = 3.272548e-08, elapsed = 1204.6 sec
Step =   8000: nodes = 4342, dt = 2.169829e-12, time = 3.272765e-08, elapsed = 1204.7 sec
Writing configuration in legacy data format
 Output file: /data/home/dg000246b/openDIS/inital_dislocation_structures/output_caseC_0.14%_seed12345/relax2/config.8000.data
Writing restart file
 Restart file: /data/home/dg000246b/openDIS/inital_dislocation_structures/output_caseC_0.14%_seed12345/relax2/restart.8000.exadis
Step =   8001: nodes = 4342, dt = 2.603795e-12, time = 3.273026e-08, elapsed = 1204.9 sec
Step =   8002: nodes = 4342, dt = 3.124554e-12, time = 3.273338e-08, elapsed = 1205.1 sec
Step =   8003: nodes = 4342, dt = 3.749465e-12, time = 3.273713e-08, elapsed = 1205.2 sec
Step =   8004: nodes = 4340, dt = 4.499358e-12, time = 3.274163e-08, elapsed = 1205.4 sec
Step =   8005: nodes = 4340, dt = 2.699615e-12, time = 3.274433e-08, elapsed = 1205.5 sec
Step =   8006: nodes = 4340, dt = 2.699615e-12, time = 3.274703e-08, elapsed = 1205.7 sec
Step =   8007: nodes = 4341, dt = 3.239538e-12, time = 3.275027e-08, elapsed = 1205.8 sec
Step =   8008: nodes = 4341, dt = 3.887445e-12, time = 3.275416e-08, elapsed = 1205.9 sec
Step =   8009: nodes = 4340, dt = 4.664935e-12, time = 3.275882e-08, elapsed = 1206.1 sec
Step =   8010: nodes = 4339, dt = 2.798961e-12, time = 3.276162e-08, elapsed = 1206.2 sec
Step =   8011: nodes = 4340, dt = 2.798961e-12, time = 3.276442e-08, elapsed = 1206.4 sec
Step =   8012: nodes = 4339, dt = 3.358753e-12, time = 3.276778e-08, elapsed = 1206.6 sec
Step =   8013: nodes = 4340, dt = 4.030503e-12, time = 3.277181e-08, elapsed = 1206.7 sec
Step =   8014: nodes = 4339, dt = 4.836604e-12, time = 3.277665e-08, elapsed = 1206.9 sec
Step =   8015: nodes = 4338, dt = 5.803925e-12, time = 3.278245e-08, elapsed = 1207.1 sec
Step =   8016: nodes = 4337, dt = 6.964710e-12, time = 3.278941e-08, elapsed = 1207.2 sec
Step =   8017: nodes = 4337, dt = 4.178826e-12, time = 3.279359e-08, elapsed = 1207.4 sec
Step =   8018: nodes = 4337, dt = 4.178826e-12, time = 3.279777e-08, elapsed = 1207.6 sec
Step =   8019: nodes = 4338, dt = 2.507296e-12, time = 3.280028e-08, elapsed = 1207.7 sec
Step =   8020: nodes = 4340, dt = 2.507296e-12, time = 3.280279e-08, elapsed = 1207.9 sec
Step =   8021: nodes = 4341, dt = 3.008755e-12, time = 3.280580e-08, elapsed = 1208.0 sec
Step =   8022: nodes = 4340, dt = 3.610506e-12, time = 3.280941e-08, elapsed = 1208.1 sec
Step =   8023: nodes = 4339, dt = 4.332607e-12, time = 3.281374e-08, elapsed = 1208.3 sec
Step =   8024: nodes = 4338, dt = 2.599564e-12, time = 3.281634e-08, elapsed = 1208.4 sec
Step =   8025: nodes = 4337, dt = 2.599564e-12, time = 3.281894e-08, elapsed = 1208.6 sec
Step =   8026: nodes = 4337, dt = 3.119477e-12, time = 3.282206e-08, elapsed = 1208.7 sec
Step =   8027: nodes = 4339, dt = 3.743372e-12, time = 3.282580e-08, elapsed = 1208.8 sec
Step =   8028: nodes = 4338, dt = 4.492047e-12, time = 3.283029e-08, elapsed = 1209.0 sec
Step =   8029: nodes = 4340, dt = 5.390456e-12, time = 3.283568e-08, elapsed = 1209.1 sec
Step =   8030: nodes = 4338, dt = 6.468547e-12, time = 3.284215e-08, elapsed = 1209.3 sec
Step =   8031: nodes = 4341, dt = 7.762257e-12, time = 3.284991e-08, elapsed = 1209.4 sec
Step =   8032: nodes = 4340, dt = 9.314708e-12, time = 3.285923e-08, elapsed = 1209.6 sec
Step =   8033: nodes = 4339, dt = 2.794412e-12, time = 3.286202e-08, elapsed = 1209.8 sec
Step =   8034: nodes = 4340, dt = 2.794412e-12, time = 3.286482e-08, elapsed = 1209.9 sec
Step =   8035: nodes = 4340, dt = 3.353295e-12, time = 3.286817e-08, elapsed = 1210.1 sec
Step =   8036: nodes = 4340, dt = 4.023954e-12, time = 3.287219e-08, elapsed = 1210.2 sec
Step =   8037: nodes = 4339, dt = 4.828745e-12, time = 3.287702e-08, elapsed = 1210.4 sec
Step =   8038: nodes = 4337, dt = 5.794494e-12, time = 3.288282e-08, elapsed = 1210.6 sec
Step =   8039: nodes = 4339, dt = 6.953392e-12, time = 3.288977e-08, elapsed = 1210.7 sec
Step =   8040: nodes = 4338, dt = 8.344071e-12, time = 3.289811e-08, elapsed = 1210.9 sec
Step =   8041: nodes = 4341, dt = 1.001288e-11, time = 3.290813e-08, elapsed = 1211.1 sec
Step =   8042: nodes = 4340, dt = 6.007731e-12, time = 3.291414e-08, elapsed = 1211.3 sec
Step =   8043: nodes = 4339, dt = 3.003865e-12, time = 3.291714e-08, elapsed = 1211.4 sec
Step =   8044: nodes = 4340, dt = 3.003865e-12, time = 3.292014e-08, elapsed = 1211.6 sec
Step =   8045: nodes = 4341, dt = 3.604639e-12, time = 3.292375e-08, elapsed = 1211.7 sec
Step =   8046: nodes = 4341, dt = 4.325566e-12, time = 3.292807e-08, elapsed = 1211.9 sec
Step =   8047: nodes = 4341, dt = 2.595340e-12, time = 3.293067e-08, elapsed = 1212.0 sec
Step =   8048: nodes = 4340, dt = 2.595340e-12, time = 3.293326e-08, elapsed = 1212.2 sec
Step =   8049: nodes = 4341, dt = 3.114408e-12, time = 3.293638e-08, elapsed = 1212.3 sec
Step =   8050: nodes = 4341, dt = 3.737289e-12, time = 3.294012e-08, elapsed = 1212.5 sec
Step =   8051: nodes = 4341, dt = 4.484747e-12, time = 3.294460e-08, elapsed = 1212.6 sec
Step =   8052: nodes = 4343, dt = 2.690848e-12, time = 3.294729e-08, elapsed = 1212.8 sec
Step =   8053: nodes = 4343, dt = 2.690848e-12, time = 3.294998e-08, elapsed = 1212.9 sec
Step =   8054: nodes = 4343, dt = 3.229018e-12, time = 3.295321e-08, elapsed = 1213.1 sec
Step =   8055: nodes = 4342, dt = 3.874822e-12, time = 3.295709e-08, elapsed = 1213.2 sec
Step =   8056: nodes = 4343, dt = 4.649786e-12, time = 3.296174e-08, elapsed = 1213.4 sec
Step =   8057: nodes = 4342, dt = 2.789872e-12, time = 3.296453e-08, elapsed = 1213.6 sec
Step =   8058: nodes = 4343, dt = 2.789872e-12, time = 3.296732e-08, elapsed = 1213.7 sec
Step =   8059: nodes = 4343, dt = 3.347846e-12, time = 3.297066e-08, elapsed = 1213.9 sec
Step =   8060: nodes = 4343, dt = 4.017415e-12, time = 3.297468e-08, elapsed = 1214.0 sec
Step =   8061: nodes = 4341, dt = 4.820898e-12, time = 3.297950e-08, elapsed = 1214.2 sec
Step =   8062: nodes = 4344, dt = 2.892539e-12, time = 3.298239e-08, elapsed = 1214.3 sec
Step =   8063: nodes = 4341, dt = 2.892539e-12, time = 3.298529e-08, elapsed = 1214.5 sec
Step =   8064: nodes = 4341, dt = 3.471047e-12, time = 3.298876e-08, elapsed = 1214.6 sec
Step =   8065: nodes = 4343, dt = 4.165256e-12, time = 3.299292e-08, elapsed = 1214.8 sec
Step =   8066: nodes = 4342, dt = 4.998307e-12, time = 3.299792e-08, elapsed = 1214.9 sec
Step =   8067: nodes = 4343, dt = 2.998984e-12, time = 3.300092e-08, elapsed = 1215.1 sec
Step =   8068: nodes = 4343, dt = 2.998984e-12, time = 3.300392e-08, elapsed = 1215.2 sec
Step =   8069: nodes = 4341, dt = 3.598781e-12, time = 3.300752e-08, elapsed = 1215.4 sec
Step =   8070: nodes = 4342, dt = 4.318537e-12, time = 3.301184e-08, elapsed = 1215.5 sec
Step =   8071: nodes = 4343, dt = 5.182245e-12, time = 3.301702e-08, elapsed = 1215.7 sec
Step =   8072: nodes = 4341, dt = 6.218694e-12, time = 3.302324e-08, elapsed = 1215.8 sec
Step =   8073: nodes = 4342, dt = 3.731216e-12, time = 3.302697e-08, elapsed = 1216.0 sec
Step =   8074: nodes = 4344, dt = 3.731216e-12, time = 3.303070e-08, elapsed = 1216.2 sec
Step =   8075: nodes = 4342, dt = 4.477459e-12, time = 3.303518e-08, elapsed = 1216.3 sec
Step =   8076: nodes = 4341, dt = 5.372951e-12, time = 3.304055e-08, elapsed = 1216.5 sec
Step =   8077: nodes = 4342, dt = 6.447542e-12, time = 3.304700e-08, elapsed = 1216.6 sec
Step =   8078: nodes = 4343, dt = 3.868525e-12, time = 3.305087e-08, elapsed = 1216.8 sec
Step =   8079: nodes = 4344, dt = 3.868525e-12, time = 3.305474e-08, elapsed = 1217.0 sec
Step =   8080: nodes = 4342, dt = 4.642230e-12, time = 3.305938e-08, elapsed = 1217.1 sec
Step =   8081: nodes = 4340, dt = 5.570676e-12, time = 3.306495e-08, elapsed = 1217.3 sec
Step =   8082: nodes = 4342, dt = 6.684811e-12, time = 3.307163e-08, elapsed = 1217.5 sec
Step =   8083: nodes = 4341, dt = 2.005443e-12, time = 3.307364e-08, elapsed = 1217.7 sec
Step =   8084: nodes = 4344, dt = 2.005443e-12, time = 3.307564e-08, elapsed = 1217.8 sec
Step =   8085: nodes = 4343, dt = 2.406532e-12, time = 3.307805e-08, elapsed = 1217.9 sec
Step =   8086: nodes = 4344, dt = 2.887838e-12, time = 3.308094e-08, elapsed = 1218.0 sec
Step =   8087: nodes = 4341, dt = 3.465406e-12, time = 3.308440e-08, elapsed = 1218.2 sec
Step =   8088: nodes = 4342, dt = 2.079244e-12, time = 3.308648e-08, elapsed = 1218.3 sec
Step =   8089: nodes = 4342, dt = 2.079244e-12, time = 3.308856e-08, elapsed = 1218.4 sec
Step =   8090: nodes = 4342, dt = 2.495092e-12, time = 3.309106e-08, elapsed = 1218.6 sec
Step =   8091: nodes = 4342, dt = 2.994111e-12, time = 3.309405e-08, elapsed = 1218.7 sec
Step =   8092: nodes = 4342, dt = 3.592933e-12, time = 3.309764e-08, elapsed = 1218.9 sec
Step =   8093: nodes = 4340, dt = 4.311520e-12, time = 3.310196e-08, elapsed = 1219.0 sec
Step =   8094: nodes = 4342, dt = 2.586912e-12, time = 3.310454e-08, elapsed = 1219.2 sec
Step =   8095: nodes = 4342, dt = 2.586912e-12, time = 3.310713e-08, elapsed = 1219.3 sec
Step =   8096: nodes = 4340, dt = 3.104294e-12, time = 3.311023e-08, elapsed = 1219.5 sec
Step =   8097: nodes = 4342, dt = 3.725153e-12, time = 3.311396e-08, elapsed = 1219.6 sec
Step =   8098: nodes = 4341, dt = 4.470184e-12, time = 3.311843e-08, elapsed = 1219.8 sec
Step =   8099: nodes = 4341, dt = 2.682110e-12, time = 3.312111e-08, elapsed = 1219.9 sec
Step =   8100: nodes = 4340, dt = 2.682110e-12, time = 3.312379e-08, elapsed = 1220.1 sec
Writing configuration in legacy data format
 Output file: /data/home/dg000246b/openDIS/inital_dislocation_structures/output_caseC_0.14%_seed12345/relax2/config.8100.data
Writing restart file
 Restart file: /data/home/dg000246b/openDIS/inital_dislocation_structures/output_caseC_0.14%_seed12345/relax2/restart.8100.exadis
Step =   8101: nodes = 4340, dt = 3.218532e-12, time = 3.312701e-08, elapsed = 1220.3 sec
Step =   8102: nodes = 4341, dt = 3.862239e-12, time = 3.313087e-08, elapsed = 1220.4 sec
Step =   8103: nodes = 4341, dt = 4.634686e-12, time = 3.313551e-08, elapsed = 1220.6 sec
Step =   8104: nodes = 4340, dt = 2.780812e-12, time = 3.313829e-08, elapsed = 1220.7 sec
Step =   8105: nodes = 4342, dt = 2.780812e-12, time = 3.314107e-08, elapsed = 1220.9 sec
Step =   8106: nodes = 4343, dt = 3.336974e-12, time = 3.314441e-08, elapsed = 1221.0 sec
Step =   8107: nodes = 4343, dt = 4.004369e-12, time = 3.314841e-08, elapsed = 1221.2 sec
Step =   8108: nodes = 4343, dt = 4.805243e-12, time = 3.315322e-08, elapsed = 1221.3 sec
Step =   8109: nodes = 4343, dt = 2.883146e-12, time = 3.315610e-08, elapsed = 1221.5 sec
Step =   8110: nodes = 4345, dt = 2.883146e-12, time = 3.315898e-08, elapsed = 1221.6 sec
Step =   8111: nodes = 4345, dt = 3.459775e-12, time = 3.316244e-08, elapsed = 1221.8 sec
Step =   8112: nodes = 4345, dt = 4.151730e-12, time = 3.316659e-08, elapsed = 1221.9 sec
Step =   8113: nodes = 4344, dt = 4.982076e-12, time = 3.317158e-08, elapsed = 1222.1 sec
Step =   8114: nodes = 4345, dt = 2.989245e-12, time = 3.317457e-08, elapsed = 1222.2 sec
Step =   8115: nodes = 4345, dt = 2.989245e-12, time = 3.317756e-08, elapsed = 1222.4 sec
Step =   8116: nodes = 4345, dt = 3.587094e-12, time = 3.318114e-08, elapsed = 1222.5 sec
Step =   8117: nodes = 4344, dt = 4.304513e-12, time = 3.318545e-08, elapsed = 1222.7 sec
Step =   8118: nodes = 4342, dt = 5.165416e-12, time = 3.319061e-08, elapsed = 1222.8 sec
Step =   8119: nodes = 4344, dt = 6.198499e-12, time = 3.319681e-08, elapsed = 1223.0 sec
Step =   8120: nodes = 4343, dt = 7.438199e-12, time = 3.320425e-08, elapsed = 1223.2 sec
Step =   8121: nodes = 4346, dt = 8.925839e-12, time = 3.321317e-08, elapsed = 1223.3 sec
Step =   8122: nodes = 4346, dt = 5.355503e-12, time = 3.321853e-08, elapsed = 1223.5 sec
Step =   8123: nodes = 4345, dt = 2.677752e-12, time = 3.322121e-08, elapsed = 1223.7 sec
Step =   8124: nodes = 4346, dt = 2.677752e-12, time = 3.322389e-08, elapsed = 1223.8 sec
Step =   8125: nodes = 4346, dt = 3.213302e-12, time = 3.322710e-08, elapsed = 1223.9 sec
Step =   8126: nodes = 4345, dt = 3.855962e-12, time = 3.323096e-08, elapsed = 1224.1 sec
Step =   8127: nodes = 4345, dt = 4.627155e-12, time = 3.323558e-08, elapsed = 1224.2 sec
Step =   8128: nodes = 4343, dt = 5.552586e-12, time = 3.324113e-08, elapsed = 1224.4 sec
Step =   8129: nodes = 4344, dt = 1.665776e-12, time = 3.324280e-08, elapsed = 1224.6 sec
Step =   8130: nodes = 4343, dt = 1.665776e-12, time = 3.324447e-08, elapsed = 1224.7 sec
Step =   8131: nodes = 4344, dt = 1.998931e-12, time = 3.324647e-08, elapsed = 1224.8 sec
Step =   8132: nodes = 4345, dt = 2.398717e-12, time = 3.324886e-08, elapsed = 1225.0 sec
Step =   8133: nodes = 4345, dt = 2.878461e-12, time = 3.325174e-08, elapsed = 1225.1 sec
Step =   8134: nodes = 4344, dt = 3.454153e-12, time = 3.325520e-08, elapsed = 1225.2 sec
Step =   8135: nodes = 4345, dt = 2.072492e-12, time = 3.325727e-08, elapsed = 1225.4 sec
Step =   8136: nodes = 4343, dt = 2.072492e-12, time = 3.325934e-08, elapsed = 1225.5 sec
Step =   8137: nodes = 4343, dt = 2.486990e-12, time = 3.326183e-08, elapsed = 1225.7 sec
Step =   8138: nodes = 4342, dt = 2.984388e-12, time = 3.326481e-08, elapsed = 1225.8 sec
Step =   8139: nodes = 4344, dt = 3.581265e-12, time = 3.326839e-08, elapsed = 1226.0 sec
Step =   8140: nodes = 4342, dt = 4.297519e-12, time = 3.327269e-08, elapsed = 1226.1 sec
Step =   8141: nodes = 4343, dt = 2.578511e-12, time = 3.327527e-08, elapsed = 1226.3 sec
Step =   8142: nodes = 4342, dt = 2.578511e-12, time = 3.327785e-08, elapsed = 1226.4 sec
Step =   8143: nodes = 4340, dt = 3.094213e-12, time = 3.328094e-08, elapsed = 1226.5 sec
Step =   8144: nodes = 4341, dt = 3.713056e-12, time = 3.328466e-08, elapsed = 1226.7 sec
Step =   8145: nodes = 4341, dt = 4.455667e-12, time = 3.328911e-08, elapsed = 1226.8 sec
Step =   8146: nodes = 4340, dt = 5.346801e-12, time = 3.329446e-08, elapsed = 1227.0 sec
Step =   8147: nodes = 4340, dt = 3.208080e-12, time = 3.329767e-08, elapsed = 1227.1 sec
Step =   8148: nodes = 4340, dt = 3.208080e-12, time = 3.330087e-08, elapsed = 1227.3 sec
Step =   8149: nodes = 4339, dt = 3.849696e-12, time = 3.330472e-08, elapsed = 1227.4 sec
Step =   8150: nodes = 4341, dt = 4.619636e-12, time = 3.330934e-08, elapsed = 1227.6 sec
Step =   8151: nodes = 4340, dt = 5.543563e-12, time = 3.331489e-08, elapsed = 1227.7 sec
Step =   8152: nodes = 4341, dt = 3.326138e-12, time = 3.331821e-08, elapsed = 1227.9 sec
Step =   8153: nodes = 4340, dt = 3.326138e-12, time = 3.332154e-08, elapsed = 1228.0 sec
Step =   8154: nodes = 4340, dt = 3.991365e-12, time = 3.332553e-08, elapsed = 1228.2 sec
Step =   8155: nodes = 4340, dt = 2.394819e-12, time = 3.332793e-08, elapsed = 1228.3 sec
Step =   8156: nodes = 4341, dt = 2.394819e-12, time = 3.333032e-08, elapsed = 1228.5 sec
Step =   8157: nodes = 4340, dt = 2.873783e-12, time = 3.333319e-08, elapsed = 1228.6 sec
Step =   8158: nodes = 4340, dt = 3.448540e-12, time = 3.333664e-08, elapsed = 1228.8 sec
Step =   8159: nodes = 4340, dt = 4.138248e-12, time = 3.334078e-08, elapsed = 1228.9 sec
Step =   8160: nodes = 4339, dt = 4.965897e-12, time = 3.334575e-08, elapsed = 1229.1 sec
Step =   8161: nodes = 4341, dt = 2.979538e-12, time = 3.334873e-08, elapsed = 1229.2 sec
Step =   8162: nodes = 4340, dt = 2.979538e-12, time = 3.335171e-08, elapsed = 1229.4 sec
Step =   8163: nodes = 4336, dt = 3.575446e-12, time = 3.335528e-08, elapsed = 1229.5 sec
Step =   8164: nodes = 4339, dt = 4.290535e-12, time = 3.335957e-08, elapsed = 1229.7 sec
Step =   8165: nodes = 4338, dt = 5.148642e-12, time = 3.336472e-08, elapsed = 1229.9 sec
Step =   8166: nodes = 4340, dt = 3.089185e-12, time = 3.336781e-08, elapsed = 1230.0 sec
Step =   8167: nodes = 4340, dt = 3.089185e-12, time = 3.337090e-08, elapsed = 1230.2 sec
Step =   8168: nodes = 4338, dt = 3.707022e-12, time = 3.337461e-08, elapsed = 1230.3 sec
Step =   8169: nodes = 4340, dt = 4.448427e-12, time = 3.337906e-08, elapsed = 1230.8 sec
Step =   8170: nodes = 4340, dt = 5.338112e-12, time = 3.338439e-08, elapsed = 1231.0 sec
Step =   8171: nodes = 4337, dt = 6.405735e-12, time = 3.339080e-08, elapsed = 1231.1 sec
Step =   8172: nodes = 4339, dt = 7.686881e-12, time = 3.339849e-08, elapsed = 1231.3 sec
Step =   8173: nodes = 4340, dt = 9.224258e-12, time = 3.340771e-08, elapsed = 1231.4 sec
Step =   8174: nodes = 4342, dt = 5.534555e-12, time = 3.341324e-08, elapsed = 1231.6 sec
Step =   8175: nodes = 4341, dt = 2.767277e-12, time = 3.341601e-08, elapsed = 1231.8 sec
Step =   8176: nodes = 4341, dt = 2.767277e-12, time = 3.341878e-08, elapsed = 1231.9 sec
Step =   8177: nodes = 4341, dt = 3.320733e-12, time = 3.342210e-08, elapsed = 1232.1 sec
Step =   8178: nodes = 4342, dt = 3.984879e-12, time = 3.342608e-08, elapsed = 1232.2 sec
Step =   8179: nodes = 4342, dt = 2.390928e-12, time = 3.342848e-08, elapsed = 1232.4 sec
Step =   8180: nodes = 4342, dt = 2.390928e-12, time = 3.343087e-08, elapsed = 1232.5 sec
Step =   8181: nodes = 4342, dt = 2.869113e-12, time = 3.343374e-08, elapsed = 1232.6 sec
Step =   8182: nodes = 4341, dt = 3.442936e-12, time = 3.343718e-08, elapsed = 1232.8 sec
Step =   8183: nodes = 4341, dt = 4.131523e-12, time = 3.344131e-08, elapsed = 1233.0 sec
Step =   8184: nodes = 4340, dt = 4.957827e-12, time = 3.344627e-08, elapsed = 1233.1 sec
Step =   8185: nodes = 4340, dt = 2.974696e-12, time = 3.344924e-08, elapsed = 1233.2 sec
Step =   8186: nodes = 4340, dt = 2.974696e-12, time = 3.345222e-08, elapsed = 1233.4 sec
Step =   8187: nodes = 4340, dt = 3.569636e-12, time = 3.345579e-08, elapsed = 1233.5 sec
Step =   8188: nodes = 4340, dt = 4.283563e-12, time = 3.346007e-08, elapsed = 1233.7 sec
Step =   8189: nodes = 4339, dt = 5.140276e-12, time = 3.346521e-08, elapsed = 1233.8 sec
Step =   8190: nodes = 4340, dt = 3.084165e-12, time = 3.346829e-08, elapsed = 1234.0 sec
Step =   8191: nodes = 4341, dt = 3.084165e-12, time = 3.347138e-08, elapsed = 1234.1 sec
Step =   8192: nodes = 4341, dt = 3.700998e-12, time = 3.347508e-08, elapsed = 1234.2 sec
Step =   8193: nodes = 4342, dt = 4.441198e-12, time = 3.347952e-08, elapsed = 1234.4 sec
Step =   8194: nodes = 4340, dt = 2.664719e-12, time = 3.348219e-08, elapsed = 1234.5 sec
Step =   8195: nodes = 4339, dt = 2.664719e-12, time = 3.348485e-08, elapsed = 1234.7 sec
Step =   8196: nodes = 4340, dt = 3.197663e-12, time = 3.348805e-08, elapsed = 1234.8 sec
Step =   8197: nodes = 4340, dt = 3.837195e-12, time = 3.349189e-08, elapsed = 1235.0 sec
Step =   8198: nodes = 4340, dt = 4.604634e-12, time = 3.349649e-08, elapsed = 1235.1 sec
Step =   8199: nodes = 4340, dt = 5.525561e-12, time = 3.350202e-08, elapsed = 1235.3 sec
Step =   8200: nodes = 4339, dt = 3.315337e-12, time = 3.350533e-08, elapsed = 1235.4 sec
Writing configuration in legacy data format
 Output file: /data/home/dg000246b/openDIS/inital_dislocation_structures/output_caseC_0.14%_seed12345/relax2/config.8200.data
Writing restart file
 Restart file: /data/home/dg000246b/openDIS/inital_dislocation_structures/output_caseC_0.14%_seed12345/relax2/restart.8200.exadis
Step =   8201: nodes = 4339, dt = 3.315337e-12, time = 3.350865e-08, elapsed = 1235.7 sec
Step =   8202: nodes = 4336, dt = 3.978404e-12, time = 3.351262e-08, elapsed = 1235.8 sec
Step =   8203: nodes = 4332, dt = 4.774085e-12, time = 3.351740e-08, elapsed = 1236.0 sec
Step =   8204: nodes = 4336, dt = 2.864451e-12, time = 3.352026e-08, elapsed = 1236.1 sec
Step =   8205: nodes = 4335, dt = 2.864451e-12, time = 3.352313e-08, elapsed = 1236.3 sec
Step =   8206: nodes = 4336, dt = 3.437341e-12, time = 3.352657e-08, elapsed = 1236.4 sec
Step =   8207: nodes = 4337, dt = 4.124809e-12, time = 3.353069e-08, elapsed = 1236.5 sec
Step =   8208: nodes = 4337, dt = 4.949771e-12, time = 3.353564e-08, elapsed = 1236.7 sec
Step =   8209: nodes = 4336, dt = 5.939725e-12, time = 3.354158e-08, elapsed = 1236.9 sec
Step =   8210: nodes = 4338, dt = 3.563835e-12, time = 3.354514e-08, elapsed = 1237.0 sec
Step =   8211: nodes = 4338, dt = 3.563835e-12, time = 3.354871e-08, elapsed = 1237.2 sec
Step =   8212: nodes = 4337, dt = 4.276602e-12, time = 3.355298e-08, elapsed = 1237.3 sec
Step =   8213: nodes = 4337, dt = 2.565961e-12, time = 3.355555e-08, elapsed = 1237.5 sec
Step =   8214: nodes = 4337, dt = 2.565961e-12, time = 3.355812e-08, elapsed = 1237.6 sec
Step =   8215: nodes = 4337, dt = 3.079154e-12, time = 3.356119e-08, elapsed = 1237.8 sec
Step =   8216: nodes = 4337, dt = 3.694984e-12, time = 3.356489e-08, elapsed = 1237.9 sec
Step =   8217: nodes = 4335, dt = 4.433981e-12, time = 3.356932e-08, elapsed = 1238.1 sec
Step =   8218: nodes = 4337, dt = 2.660389e-12, time = 3.357198e-08, elapsed = 1238.2 sec
Step =   8219: nodes = 4337, dt = 2.660389e-12, time = 3.357464e-08, elapsed = 1238.3 sec
Step =   8220: nodes = 4337, dt = 3.192466e-12, time = 3.357784e-08, elapsed = 1238.5 sec
Step =   8221: nodes = 4339, dt = 3.830960e-12, time = 3.358167e-08, elapsed = 1238.6 sec
Step =   8222: nodes = 4338, dt = 4.597152e-12, time = 3.358627e-08, elapsed = 1238.8 sec
Step =   8223: nodes = 4340, dt = 2.758291e-12, time = 3.358902e-08, elapsed = 1239.0 sec
Step =   8224: nodes = 4339, dt = 2.758291e-12, time = 3.359178e-08, elapsed = 1239.1 sec
Step =   8225: nodes = 4340, dt = 3.309949e-12, time = 3.359509e-08, elapsed = 1239.2 sec
Step =   8226: nodes = 4340, dt = 3.971939e-12, time = 3.359906e-08, elapsed = 1239.3 sec
Step =   8227: nodes = 4338, dt = 4.766327e-12, time = 3.360383e-08, elapsed = 1239.5 sec
Step =   8228: nodes = 4339, dt = 5.719592e-12, time = 3.360955e-08, elapsed = 1239.7 sec
Step =   8229: nodes = 4338, dt = 3.431755e-12, time = 3.361298e-08, elapsed = 1239.8 sec
Step =   8230: nodes = 4340, dt = 1.715878e-12, time = 3.361470e-08, elapsed = 1240.0 sec
Step =   8231: nodes = 4339, dt = 1.715878e-12, time = 3.361641e-08, elapsed = 1240.1 sec
Step =   8232: nodes = 4340, dt = 1.029527e-12, time = 3.361744e-08, elapsed = 1240.2 sec
Step =   8233: nodes = 4340, dt = 1.029527e-12, time = 3.361847e-08, elapsed = 1240.4 sec
Step =   8234: nodes = 4339, dt = 1.235432e-12, time = 3.361971e-08, elapsed = 1240.5 sec
Step =   8235: nodes = 4339, dt = 1.482518e-12, time = 3.362119e-08, elapsed = 1240.6 sec
Step =   8236: nodes = 4339, dt = 1.779022e-12, time = 3.362297e-08, elapsed = 1240.7 sec
Step =   8237: nodes = 4340, dt = 2.134826e-12, time = 3.362510e-08, elapsed = 1240.8 sec
Step =   8238: nodes = 4340, dt = 2.561792e-12, time = 3.362767e-08, elapsed = 1241.0 sec
Step =   8239: nodes = 4340, dt = 1.537075e-12, time = 3.362920e-08, elapsed = 1241.1 sec
Step =   8240: nodes = 4339, dt = 1.537075e-12, time = 3.363074e-08, elapsed = 1241.3 sec
Step =   8241: nodes = 4339, dt = 1.844490e-12, time = 3.363258e-08, elapsed = 1241.4 sec
Step =   8242: nodes = 4339, dt = 2.213388e-12, time = 3.363480e-08, elapsed = 1241.5 sec
Step =   8243: nodes = 4339, dt = 2.656066e-12, time = 3.363745e-08, elapsed = 1241.7 sec
Step =   8244: nodes = 4340, dt = 3.187279e-12, time = 3.364064e-08, elapsed = 1241.8 sec
Step =   8245: nodes = 4341, dt = 3.824734e-12, time = 3.364447e-08, elapsed = 1242.0 sec
Step =   8246: nodes = 4342, dt = 4.589681e-12, time = 3.364906e-08, elapsed = 1242.1 sec
Step =   8247: nodes = 4342, dt = 2.753809e-12, time = 3.365181e-08, elapsed = 1242.2 sec
Step =   8248: nodes = 4342, dt = 2.753809e-12, time = 3.365456e-08, elapsed = 1242.4 sec
Step =   8249: nodes = 4342, dt = 3.304570e-12, time = 3.365787e-08, elapsed = 1242.5 sec
Step =   8250: nodes = 4342, dt = 3.965485e-12, time = 3.366183e-08, elapsed = 1242.6 sec
Step =   8251: nodes = 4342, dt = 4.758582e-12, time = 3.366659e-08, elapsed = 1242.8 sec
Step =   8252: nodes = 4341, dt = 2.855149e-12, time = 3.366945e-08, elapsed = 1242.9 sec
Step =   8253: nodes = 4341, dt = 1.427574e-12, time = 3.367087e-08, elapsed = 1243.1 sec
Step =   8254: nodes = 4341, dt = 1.427574e-12, time = 3.367230e-08, elapsed = 1243.2 sec
Step =   8255: nodes = 4342, dt = 1.713089e-12, time = 3.367402e-08, elapsed = 1243.3 sec
Step =   8256: nodes = 4340, dt = 2.055707e-12, time = 3.367607e-08, elapsed = 1243.4 sec
Step =   8257: nodes = 4341, dt = 2.466849e-12, time = 3.367854e-08, elapsed = 1243.6 sec
Step =   8258: nodes = 4340, dt = 2.960218e-12, time = 3.368150e-08, elapsed = 1243.8 sec
Step =   8259: nodes = 4340, dt = 3.552262e-12, time = 3.368505e-08, elapsed = 1243.9 sec
Step =   8260: nodes = 4339, dt = 4.262714e-12, time = 3.368931e-08, elapsed = 1244.1 sec
Step =   8261: nodes = 4339, dt = 2.557629e-12, time = 3.369187e-08, elapsed = 1244.2 sec
Step =   8262: nodes = 4339, dt = 2.557629e-12, time = 3.369443e-08, elapsed = 1244.4 sec
Step =   8263: nodes = 4339, dt = 3.069154e-12, time = 3.369750e-08, elapsed = 1244.5 sec
Step =   8264: nodes = 4338, dt = 3.682985e-12, time = 3.370118e-08, elapsed = 1244.7 sec
Step =   8265: nodes = 4340, dt = 4.419582e-12, time = 3.370560e-08, elapsed = 1244.8 sec
Step =   8266: nodes = 4340, dt = 5.303499e-12, time = 3.371090e-08, elapsed = 1244.9 sec
Step =   8267: nodes = 4340, dt = 3.182099e-12, time = 3.371409e-08, elapsed = 1245.1 sec
Step =   8268: nodes = 4339, dt = 3.182099e-12, time = 3.371727e-08, elapsed = 1245.3 sec
Step =   8269: nodes = 4340, dt = 3.818519e-12, time = 3.372109e-08, elapsed = 1245.4 sec
Step =   8270: nodes = 4339, dt = 4.582223e-12, time = 3.372567e-08, elapsed = 1245.6 sec
Step =   8271: nodes = 4340, dt = 2.749334e-12, time = 3.372842e-08, elapsed = 1245.8 sec
Step =   8272: nodes = 4340, dt = 2.749334e-12, time = 3.373117e-08, elapsed = 1245.9 sec
Step =   8273: nodes = 4340, dt = 3.299201e-12, time = 3.373447e-08, elapsed = 1246.1 sec
Step =   8274: nodes = 4340, dt = 3.959041e-12, time = 3.373843e-08, elapsed = 1246.2 sec
Step =   8275: nodes = 4340, dt = 4.750849e-12, time = 3.374318e-08, elapsed = 1246.4 sec
Step =   8276: nodes = 4339, dt = 2.850509e-12, time = 3.374603e-08, elapsed = 1246.6 sec
Step =   8277: nodes = 4338, dt = 2.850509e-12, time = 3.374888e-08, elapsed = 1246.7 sec
Step =   8278: nodes = 4339, dt = 3.420611e-12, time = 3.375230e-08, elapsed = 1246.9 sec
Step =   8279: nodes = 4339, dt = 4.104733e-12, time = 3.375640e-08, elapsed = 1247.0 sec
Step =   8280: nodes = 4338, dt = 2.462840e-12, time = 3.375887e-08, elapsed = 1247.2 sec
Step =   8281: nodes = 4340, dt = 2.462840e-12, time = 3.376133e-08, elapsed = 1247.3 sec
Step =   8282: nodes = 4340, dt = 2.955408e-12, time = 3.376428e-08, elapsed = 1247.5 sec
Step =   8283: nodes = 4339, dt = 3.546490e-12, time = 3.376783e-08, elapsed = 1247.6 sec
Step =   8284: nodes = 4338, dt = 4.255788e-12, time = 3.377209e-08, elapsed = 1247.8 sec
Step =   8285: nodes = 4336, dt = 5.106945e-12, time = 3.377719e-08, elapsed = 1248.0 sec
Step =   8286: nodes = 4337, dt = 6.128334e-12, time = 3.378332e-08, elapsed = 1248.1 sec
Step =   8287: nodes = 4338, dt = 1.838500e-12, time = 3.378516e-08, elapsed = 1248.3 sec
Step =   8288: nodes = 4337, dt = 1.838500e-12, time = 3.378700e-08, elapsed = 1248.4 sec
Step =   8289: nodes = 4338, dt = 2.206200e-12, time = 3.378920e-08, elapsed = 1248.6 sec
Step =   8290: nodes = 4337, dt = 2.647440e-12, time = 3.379185e-08, elapsed = 1248.7 sec
Step =   8291: nodes = 4338, dt = 3.176928e-12, time = 3.379503e-08, elapsed = 1248.9 sec
Step =   8292: nodes = 4338, dt = 3.812314e-12, time = 3.379884e-08, elapsed = 1249.0 sec
Step =   8293: nodes = 4338, dt = 2.287388e-12, time = 3.380113e-08, elapsed = 1249.2 sec
Step =   8294: nodes = 4338, dt = 2.287388e-12, time = 3.380342e-08, elapsed = 1249.4 sec
Step =   8295: nodes = 4338, dt = 2.744866e-12, time = 3.380616e-08, elapsed = 1249.5 sec
Step =   8296: nodes = 4338, dt = 3.293839e-12, time = 3.380945e-08, elapsed = 1249.7 sec
Step =   8297: nodes = 4338, dt = 3.952607e-12, time = 3.381341e-08, elapsed = 1249.8 sec
Step =   8298: nodes = 4338, dt = 4.743129e-12, time = 3.381815e-08, elapsed = 1250.0 sec
Step =   8299: nodes = 4338, dt = 2.845877e-12, time = 3.382100e-08, elapsed = 1250.2 sec
Step =   8300: nodes = 4339, dt = 2.845877e-12, time = 3.382384e-08, elapsed = 1250.3 sec
Writing configuration in legacy data format
 Output file: /data/home/dg000246b/openDIS/inital_dislocation_structures/output_caseC_0.14%_seed12345/relax2/config.8300.data
Writing restart file
 Restart file: /data/home/dg000246b/openDIS/inital_dislocation_structures/output_caseC_0.14%_seed12345/relax2/restart.8300.exadis
Step =   8301: nodes = 4339, dt = 3.415053e-12, time = 3.382726e-08, elapsed = 1250.5 sec
Step =   8302: nodes = 4339, dt = 4.098063e-12, time = 3.383136e-08, elapsed = 1250.6 sec
Step =   8303: nodes = 4339, dt = 4.917676e-12, time = 3.383627e-08, elapsed = 1250.8 sec
Step =   8304: nodes = 4338, dt = 2.950605e-12, time = 3.383922e-08, elapsed = 1250.9 sec
Step =   8305: nodes = 4339, dt = 2.950605e-12, time = 3.384217e-08, elapsed = 1251.1 sec
Step =   8306: nodes = 4339, dt = 3.540727e-12, time = 3.384571e-08, elapsed = 1251.3 sec
Step =   8307: nodes = 4338, dt = 2.124436e-12, time = 3.384784e-08, elapsed = 1251.4 sec
Step =   8308: nodes = 4338, dt = 2.124436e-12, time = 3.384996e-08, elapsed = 1251.6 sec
Step =   8309: nodes = 4337, dt = 2.549323e-12, time = 3.385251e-08, elapsed = 1251.7 sec
Step =   8310: nodes = 4337, dt = 3.059188e-12, time = 3.385557e-08, elapsed = 1251.9 sec
Step =   8311: nodes = 4336, dt = 3.671025e-12, time = 3.385924e-08, elapsed = 1252.0 sec
Step =   8312: nodes = 4337, dt = 4.405230e-12, time = 3.386365e-08, elapsed = 1252.1 sec
Step =   8313: nodes = 4336, dt = 2.643138e-12, time = 3.386629e-08, elapsed = 1252.3 sec
Step =   8314: nodes = 4337, dt = 2.643138e-12, time = 3.386893e-08, elapsed = 1252.4 sec
Step =   8315: nodes = 4338, dt = 3.171766e-12, time = 3.387211e-08, elapsed = 1252.6 sec
Step =   8316: nodes = 4338, dt = 3.806119e-12, time = 3.387591e-08, elapsed = 1252.7 sec
Step =   8317: nodes = 4334, dt = 4.567343e-12, time = 3.388048e-08, elapsed = 1252.9 sec
Step =   8318: nodes = 4336, dt = 2.740406e-12, time = 3.388322e-08, elapsed = 1253.1 sec
Step =   8319: nodes = 4335, dt = 2.740406e-12, time = 3.388596e-08, elapsed = 1253.2 sec
Step =   8320: nodes = 4335, dt = 3.288487e-12, time = 3.388925e-08, elapsed = 1253.3 sec
Step =   8321: nodes = 4334, dt = 3.946184e-12, time = 3.389320e-08, elapsed = 1253.5 sec
Step =   8322: nodes = 4336, dt = 4.735421e-12, time = 3.389793e-08, elapsed = 1253.6 sec
Step =   8323: nodes = 4336, dt = 2.841253e-12, time = 3.390077e-08, elapsed = 1253.8 sec
Step =   8324: nodes = 4337, dt = 2.841253e-12, time = 3.390361e-08, elapsed = 1253.9 sec
Step =   8325: nodes = 4338, dt = 3.409503e-12, time = 3.390702e-08, elapsed = 1254.1 sec
Step =   8326: nodes = 4336, dt = 4.091404e-12, time = 3.391111e-08, elapsed = 1254.3 sec
Step =   8327: nodes = 4337, dt = 4.909685e-12, time = 3.391602e-08, elapsed = 1254.4 sec
Step =   8328: nodes = 4337, dt = 2.945811e-12, time = 3.391897e-08, elapsed = 1254.6 sec
Step =   8329: nodes = 4336, dt = 2.945811e-12, time = 3.392192e-08, elapsed = 1254.8 sec
Step =   8330: nodes = 4338, dt = 3.534973e-12, time = 3.392545e-08, elapsed = 1254.9 sec
Step =   8331: nodes = 4337, dt = 4.241967e-12, time = 3.392969e-08, elapsed = 1255.0 sec
Step =   8332: nodes = 4335, dt = 5.090361e-12, time = 3.393478e-08, elapsed = 1255.2 sec
Step =   8333: nodes = 4335, dt = 3.054217e-12, time = 3.393784e-08, elapsed = 1255.4 sec
Step =   8334: nodes = 4335, dt = 3.054217e-12, time = 3.394089e-08, elapsed = 1255.5 sec
Step =   8335: nodes = 4336, dt = 3.665060e-12, time = 3.394456e-08, elapsed = 1255.6 sec
Step =   8336: nodes = 4335, dt = 4.398072e-12, time = 3.394895e-08, elapsed = 1255.8 sec
Step =   8337: nodes = 4334, dt = 5.277686e-12, time = 3.395423e-08, elapsed = 1256.0 sec
Step =   8338: nodes = 4336, dt = 3.166612e-12, time = 3.395740e-08, elapsed = 1256.1 sec
Step =   8339: nodes = 4336, dt = 3.166612e-12, time = 3.396057e-08, elapsed = 1256.3 sec
Step =   8340: nodes = 4337, dt = 3.799934e-12, time = 3.396437e-08, elapsed = 1256.4 sec
Step =   8341: nodes = 4334, dt = 4.559921e-12, time = 3.396893e-08, elapsed = 1256.6 sec
Step =   8342: nodes = 4334, dt = 2.735953e-12, time = 3.397166e-08, elapsed = 1256.7 sec
Step =   8343: nodes = 4333, dt = 2.735953e-12, time = 3.397440e-08, elapsed = 1256.9 sec
Step =   8344: nodes = 4334, dt = 3.283143e-12, time = 3.397768e-08, elapsed = 1257.0 sec
Step =   8345: nodes = 4335, dt = 3.939772e-12, time = 3.398162e-08, elapsed = 1257.2 sec
Step =   8346: nodes = 4335, dt = 4.727726e-12, time = 3.398635e-08, elapsed = 1257.4 sec
Step =   8347: nodes = 4334, dt = 2.836636e-12, time = 3.398918e-08, elapsed = 1257.5 sec
Step =   8348: nodes = 4337, dt = 2.836636e-12, time = 3.399202e-08, elapsed = 1257.7 sec
Step =   8349: nodes = 4337, dt = 3.403963e-12, time = 3.399542e-08, elapsed = 1257.8 sec
Step =   8350: nodes = 4335, dt = 4.084755e-12, time = 3.399951e-08, elapsed = 1257.9 sec
Step =   8351: nodes = 4335, dt = 4.901706e-12, time = 3.400441e-08, elapsed = 1258.1 sec
Step =   8352: nodes = 4337, dt = 2.941024e-12, time = 3.400735e-08, elapsed = 1258.3 sec
Step =   8353: nodes = 4337, dt = 2.941024e-12, time = 3.401029e-08, elapsed = 1258.4 sec
Step =   8354: nodes = 4336, dt = 3.529229e-12, time = 3.401382e-08, elapsed = 1258.6 sec
Step =   8355: nodes = 4336, dt = 4.235074e-12, time = 3.401806e-08, elapsed = 1258.8 sec
Step =   8356: nodes = 4333, dt = 5.082089e-12, time = 3.402314e-08, elapsed = 1258.9 sec
Step =   8357: nodes = 4335, dt = 3.049253e-12, time = 3.402619e-08, elapsed = 1259.1 sec
Step =   8358: nodes = 4335, dt = 3.049253e-12, time = 3.402924e-08, elapsed = 1259.3 sec
Step =   8359: nodes = 4335, dt = 3.659104e-12, time = 3.403290e-08, elapsed = 1259.4 sec
Step =   8360: nodes = 4335, dt = 4.390925e-12, time = 3.403729e-08, elapsed = 1259.6 sec
Step =   8361: nodes = 4333, dt = 5.269110e-12, time = 3.404256e-08, elapsed = 1259.7 sec
Step =   8362: nodes = 4334, dt = 6.322932e-12, time = 3.404888e-08, elapsed = 1259.9 sec
Step =   8363: nodes = 4335, dt = 7.587518e-12, time = 3.405647e-08, elapsed = 1260.1 sec
Step =   8364: nodes = 4337, dt = 4.552511e-12, time = 3.406102e-08, elapsed = 1260.6 sec
Step =   8365: nodes = 4337, dt = 2.276256e-12, time = 3.406330e-08, elapsed = 1260.8 sec
Step =   8366: nodes = 4336, dt = 2.276256e-12, time = 3.406557e-08, elapsed = 1260.9 sec
Step =   8367: nodes = 4337, dt = 2.731507e-12, time = 3.406830e-08, elapsed = 1261.1 sec
Step =   8368: nodes = 4337, dt = 3.277808e-12, time = 3.407158e-08, elapsed = 1261.2 sec
Step =   8369: nodes = 4335, dt = 1.966685e-12, time = 3.407355e-08, elapsed = 1261.4 sec
Step =   8370: nodes = 4336, dt = 1.966685e-12, time = 3.407552e-08, elapsed = 1261.5 sec
Step =   8371: nodes = 4336, dt = 2.360022e-12, time = 3.407788e-08, elapsed = 1261.7 sec
Step =   8372: nodes = 4335, dt = 2.832026e-12, time = 3.408071e-08, elapsed = 1261.8 sec
Step =   8373: nodes = 4335, dt = 3.398431e-12, time = 3.408411e-08, elapsed = 1262.0 sec
Step =   8374: nodes = 4335, dt = 4.078118e-12, time = 3.408818e-08, elapsed = 1262.2 sec
Step =   8375: nodes = 4334, dt = 2.446871e-12, time = 3.409063e-08, elapsed = 1262.3 sec
Step =   8376: nodes = 4335, dt = 2.446871e-12, time = 3.409308e-08, elapsed = 1262.5 sec
Step =   8377: nodes = 4336, dt = 2.936245e-12, time = 3.409601e-08, elapsed = 1262.6 sec
Step =   8378: nodes = 4335, dt = 3.523494e-12, time = 3.409954e-08, elapsed = 1262.8 sec
Step =   8379: nodes = 4335, dt = 4.228192e-12, time = 3.410377e-08, elapsed = 1263.0 sec
Step =   8380: nodes = 4335, dt = 2.536915e-12, time = 3.410630e-08, elapsed = 1263.1 sec
Step =   8381: nodes = 4335, dt = 2.536915e-12, time = 3.410884e-08, elapsed = 1263.3 sec
Step =   8382: nodes = 4333, dt = 3.044298e-12, time = 3.411188e-08, elapsed = 1263.4 sec
Step =   8383: nodes = 4335, dt = 3.653158e-12, time = 3.411554e-08, elapsed = 1263.5 sec
Step =   8384: nodes = 4334, dt = 4.383790e-12, time = 3.411992e-08, elapsed = 1263.7 sec
Step =   8385: nodes = 4332, dt = 5.260548e-12, time = 3.412518e-08, elapsed = 1263.9 sec
Step =   8386: nodes = 4334, dt = 6.312657e-12, time = 3.413149e-08, elapsed = 1264.0 sec
Step =   8387: nodes = 4333, dt = 3.787594e-12, time = 3.413528e-08, elapsed = 1264.2 sec
Step =   8388: nodes = 4332, dt = 1.893797e-12, time = 3.413718e-08, elapsed = 1264.3 sec
Step =   8389: nodes = 4332, dt = 9.468986e-13, time = 3.413812e-08, elapsed = 1264.5 sec
Step =   8390: nodes = 4332, dt = 9.468986e-13, time = 3.413907e-08, elapsed = 1264.6 sec
Step =   8391: nodes = 4332, dt = 1.136278e-12, time = 3.414021e-08, elapsed = 1264.8 sec
Step =   8392: nodes = 4331, dt = 1.363534e-12, time = 3.414157e-08, elapsed = 1264.9 sec
Step =   8393: nodes = 4330, dt = 8.181204e-13, time = 3.414239e-08, elapsed = 1265.0 sec
Step =   8394: nodes = 4331, dt = 8.181204e-13, time = 3.414321e-08, elapsed = 1265.1 sec
Step =   8395: nodes = 4331, dt = 9.817444e-13, time = 3.414419e-08, elapsed = 1265.3 sec
Step =   8396: nodes = 4331, dt = 1.178093e-12, time = 3.414537e-08, elapsed = 1265.4 sec
Step =   8397: nodes = 4330, dt = 1.413712e-12, time = 3.414678e-08, elapsed = 1265.5 sec
Step =   8398: nodes = 4329, dt = 1.696454e-12, time = 3.414848e-08, elapsed = 1265.6 sec
Step =   8399: nodes = 4331, dt = 2.035745e-12, time = 3.415051e-08, elapsed = 1265.8 sec
Step =   8400: nodes = 4330, dt = 2.442894e-12, time = 3.415295e-08, elapsed = 1265.9 sec
Writing configuration in legacy data format
 Output file: /data/home/dg000246b/openDIS/inital_dislocation_structures/output_caseC_0.14%_seed12345/relax2/config.8400.data
Writing restart file
 Restart file: /data/home/dg000246b/openDIS/inital_dislocation_structures/output_caseC_0.14%_seed12345/relax2/restart.8400.exadis
Step =   8401: nodes = 4331, dt = 2.931473e-12, time = 3.415589e-08, elapsed = 1266.1 sec
Step =   8402: nodes = 4331, dt = 3.517768e-12, time = 3.415940e-08, elapsed = 1266.3 sec
Step =   8403: nodes = 4329, dt = 4.221321e-12, time = 3.416362e-08, elapsed = 1266.4 sec
Step =   8404: nodes = 4330, dt = 5.065586e-12, time = 3.416869e-08, elapsed = 1266.6 sec
Step =   8405: nodes = 4331, dt = 3.039351e-12, time = 3.417173e-08, elapsed = 1266.8 sec
Step =   8406: nodes = 4329, dt = 3.039351e-12, time = 3.417477e-08, elapsed = 1266.9 sec
Step =   8407: nodes = 4328, dt = 3.647222e-12, time = 3.417842e-08, elapsed = 1267.1 sec
Step =   8408: nodes = 4330, dt = 4.376666e-12, time = 3.418279e-08, elapsed = 1267.2 sec
Step =   8409: nodes = 4331, dt = 2.626000e-12, time = 3.418542e-08, elapsed = 1267.4 sec
Step =   8410: nodes = 4331, dt = 2.626000e-12, time = 3.418804e-08, elapsed = 1267.5 sec
Step =   8411: nodes = 4331, dt = 3.151200e-12, time = 3.419120e-08, elapsed = 1267.6 sec
Step =   8412: nodes = 4331, dt = 3.781439e-12, time = 3.419498e-08, elapsed = 1267.8 sec
Step =   8413: nodes = 4329, dt = 4.537727e-12, time = 3.419952e-08, elapsed = 1268.0 sec
Step =   8414: nodes = 4333, dt = 5.445273e-12, time = 3.420496e-08, elapsed = 1268.1 sec
Step =   8415: nodes = 4333, dt = 3.267164e-12, time = 3.420823e-08, elapsed = 1268.3 sec
Step =   8416: nodes = 4334, dt = 1.633582e-12, time = 3.420986e-08, elapsed = 1268.5 sec
Step =   8417: nodes = 4334, dt = 1.633582e-12, time = 3.421149e-08, elapsed = 1268.6 sec
Step =   8418: nodes = 4334, dt = 1.960298e-12, time = 3.421346e-08, elapsed = 1268.7 sec
Step =   8419: nodes = 4334, dt = 2.352358e-12, time = 3.421581e-08, elapsed = 1268.9 sec
Step =   8420: nodes = 4332, dt = 2.822829e-12, time = 3.421863e-08, elapsed = 1269.0 sec
Step =   8421: nodes = 4334, dt = 3.387395e-12, time = 3.422202e-08, elapsed = 1269.1 sec
Step =   8422: nodes = 4334, dt = 2.032437e-12, time = 3.422405e-08, elapsed = 1269.3 sec
Step =   8423: nodes = 4333, dt = 2.032437e-12, time = 3.422608e-08, elapsed = 1269.4 sec
Step =   8424: nodes = 4333, dt = 2.438925e-12, time = 3.422852e-08, elapsed = 1269.6 sec
Step =   8425: nodes = 4332, dt = 2.926710e-12, time = 3.423145e-08, elapsed = 1269.7 sec
Step =   8426: nodes = 4333, dt = 3.512051e-12, time = 3.423496e-08, elapsed = 1269.9 sec
Step =   8427: nodes = 4333, dt = 4.214462e-12, time = 3.423917e-08, elapsed = 1270.0 sec
Step =   8428: nodes = 4333, dt = 2.528677e-12, time = 3.424170e-08, elapsed = 1270.1 sec
Step =   8429: nodes = 4333, dt = 2.528677e-12, time = 3.424423e-08, elapsed = 1270.3 sec
Step =   8430: nodes = 4332, dt = 3.034412e-12, time = 3.424727e-08, elapsed = 1270.4 sec
Step =   8431: nodes = 4331, dt = 3.641295e-12, time = 3.425091e-08, elapsed = 1270.5 sec
Step =   8432: nodes = 4330, dt = 4.369554e-12, time = 3.425528e-08, elapsed = 1270.7 sec
Step =   8433: nodes = 4333, dt = 2.621732e-12, time = 3.425790e-08, elapsed = 1270.8 sec
Step =   8434: nodes = 4333, dt = 2.621732e-12, time = 3.426052e-08, elapsed = 1271.0 sec
Step =   8435: nodes = 4331, dt = 3.146079e-12, time = 3.426367e-08, elapsed = 1271.1 sec
Step =   8436: nodes = 4332, dt = 3.775295e-12, time = 3.426744e-08, elapsed = 1271.3 sec
Step =   8437: nodes = 4332, dt = 2.265177e-12, time = 3.426971e-08, elapsed = 1271.4 sec
Step =   8438: nodes = 4332, dt = 2.265177e-12, time = 3.427197e-08, elapsed = 1271.5 sec
Step =   8439: nodes = 4332, dt = 2.718212e-12, time = 3.427469e-08, elapsed = 1271.7 sec
Step =   8440: nodes = 4332, dt = 3.261855e-12, time = 3.427795e-08, elapsed = 1271.8 sec
Step =   8441: nodes = 4331, dt = 3.914225e-12, time = 3.428187e-08, elapsed = 1271.9 sec
Step =   8442: nodes = 4332, dt = 4.697071e-12, time = 3.428656e-08, elapsed = 1272.1 sec
Step =   8443: nodes = 4332, dt = 5.636485e-12, time = 3.429220e-08, elapsed = 1272.2 sec
Step =   8444: nodes = 4333, dt = 3.381891e-12, time = 3.429558e-08, elapsed = 1272.4 sec
Step =   8445: nodes = 4333, dt = 3.381891e-12, time = 3.429896e-08, elapsed = 1272.5 sec
Step =   8446: nodes = 4334, dt = 4.058269e-12, time = 3.430302e-08, elapsed = 1272.7 sec
Step =   8447: nodes = 4333, dt = 2.434961e-12, time = 3.430546e-08, elapsed = 1272.8 sec
Step =   8448: nodes = 4334, dt = 2.434961e-12, time = 3.430789e-08, elapsed = 1273.0 sec
Step =   8449: nodes = 4334, dt = 2.921954e-12, time = 3.431081e-08, elapsed = 1273.1 sec
Step =   8450: nodes = 4334, dt = 3.506344e-12, time = 3.431432e-08, elapsed = 1273.2 sec
Step =   8451: nodes = 4335, dt = 4.207613e-12, time = 3.431853e-08, elapsed = 1273.3 sec
Step =   8452: nodes = 4331, dt = 5.049136e-12, time = 3.432358e-08, elapsed = 1273.5 sec
Step =   8453: nodes = 4335, dt = 3.029482e-12, time = 3.432661e-08, elapsed = 1273.6 sec
Step =   8454: nodes = 4333, dt = 3.029482e-12, time = 3.432964e-08, elapsed = 1273.8 sec
Step =   8455: nodes = 4332, dt = 3.635378e-12, time = 3.433327e-08, elapsed = 1273.9 sec
Step =   8456: nodes = 4333, dt = 4.362453e-12, time = 3.433763e-08, elapsed = 1274.1 sec
Step =   8457: nodes = 4332, dt = 5.234944e-12, time = 3.434287e-08, elapsed = 1274.2 sec
Step =   8458: nodes = 4333, dt = 3.140966e-12, time = 3.434601e-08, elapsed = 1274.4 sec
Step =   8459: nodes = 4333, dt = 3.140966e-12, time = 3.434915e-08, elapsed = 1274.5 sec
Step =   8460: nodes = 4333, dt = 3.769160e-12, time = 3.435292e-08, elapsed = 1274.6 sec
Step =   8461: nodes = 4333, dt = 4.522992e-12, time = 3.435744e-08, elapsed = 1274.8 sec
Step =   8462: nodes = 4333, dt = 2.713795e-12, time = 3.436016e-08, elapsed = 1275.0 sec
Step =   8463: nodes = 4334, dt = 2.713795e-12, time = 3.436287e-08, elapsed = 1275.1 sec
Step =   8464: nodes = 4334, dt = 3.256554e-12, time = 3.436613e-08, elapsed = 1275.2 sec
Step =   8465: nodes = 4334, dt = 3.907865e-12, time = 3.437004e-08, elapsed = 1275.4 sec
Step =   8466: nodes = 4334, dt = 4.689438e-12, time = 3.437472e-08, elapsed = 1275.5 sec
Step =   8467: nodes = 4334, dt = 2.813663e-12, time = 3.437754e-08, elapsed = 1275.7 sec
Step =   8468: nodes = 4333, dt = 2.813663e-12, time = 3.438035e-08, elapsed = 1275.8 sec
Step =   8469: nodes = 4332, dt = 3.376395e-12, time = 3.438373e-08, elapsed = 1276.0 sec
Step =   8470: nodes = 4333, dt = 4.051674e-12, time = 3.438778e-08, elapsed = 1276.1 sec
Step =   8471: nodes = 4333, dt = 4.862009e-12, time = 3.439264e-08, elapsed = 1276.2 sec
Step =   8472: nodes = 4332, dt = 2.917205e-12, time = 3.439556e-08, elapsed = 1276.4 sec
Step =   8473: nodes = 4331, dt = 2.917205e-12, time = 3.439848e-08, elapsed = 1276.5 sec
Step =   8474: nodes = 4333, dt = 3.500647e-12, time = 3.440198e-08, elapsed = 1276.7 sec
Step =   8475: nodes = 4333, dt = 4.200776e-12, time = 3.440618e-08, elapsed = 1276.9 sec
Step =   8476: nodes = 4332, dt = 2.520466e-12, time = 3.440870e-08, elapsed = 1277.0 sec
Step =   8477: nodes = 4332, dt = 2.520466e-12, time = 3.441122e-08, elapsed = 1277.2 sec
Step =   8478: nodes = 4332, dt = 3.024559e-12, time = 3.441424e-08, elapsed = 1277.3 sec
Step =   8479: nodes = 4332, dt = 3.629470e-12, time = 3.441787e-08, elapsed = 1277.5 sec
Step =   8480: nodes = 4334, dt = 4.355364e-12, time = 3.442223e-08, elapsed = 1277.6 sec
Step =   8481: nodes = 4332, dt = 5.226437e-12, time = 3.442745e-08, elapsed = 1277.8 sec
Step =   8482: nodes = 4333, dt = 3.135862e-12, time = 3.443059e-08, elapsed = 1277.9 sec
Step =   8483: nodes = 4332, dt = 3.135862e-12, time = 3.443373e-08, elapsed = 1278.1 sec
Step =   8484: nodes = 4332, dt = 3.763035e-12, time = 3.443749e-08, elapsed = 1278.2 sec
Step =   8485: nodes = 4332, dt = 4.515642e-12, time = 3.444200e-08, elapsed = 1278.4 sec
Step =   8486: nodes = 4330, dt = 5.418770e-12, time = 3.444742e-08, elapsed = 1278.5 sec
Step =   8487: nodes = 4330, dt = 3.251262e-12, time = 3.445068e-08, elapsed = 1278.7 sec
Step =   8488: nodes = 4330, dt = 3.251262e-12, time = 3.445393e-08, elapsed = 1278.9 sec
Step =   8489: nodes = 4332, dt = 3.901515e-12, time = 3.445783e-08, elapsed = 1279.0 sec
Step =   8490: nodes = 4332, dt = 4.681817e-12, time = 3.446251e-08, elapsed = 1279.2 sec
Step =   8491: nodes = 4330, dt = 2.809090e-12, time = 3.446532e-08, elapsed = 1279.3 sec
Step =   8492: nodes = 4330, dt = 2.809090e-12, time = 3.446813e-08, elapsed = 1279.5 sec
Step =   8493: nodes = 4331, dt = 3.370909e-12, time = 3.447150e-08, elapsed = 1279.6 sec
Step =   8494: nodes = 4331, dt = 4.045090e-12, time = 3.447554e-08, elapsed = 1279.8 sec
Step =   8495: nodes = 4330, dt = 4.854108e-12, time = 3.448040e-08, elapsed = 1279.9 sec
Step =   8496: nodes = 4331, dt = 2.912465e-12, time = 3.448331e-08, elapsed = 1280.1 sec
Step =   8497: nodes = 4331, dt = 2.912465e-12, time = 3.448622e-08, elapsed = 1280.2 sec
Step =   8498: nodes = 4331, dt = 3.494958e-12, time = 3.448972e-08, elapsed = 1280.4 sec
Step =   8499: nodes = 4332, dt = 4.193950e-12, time = 3.449391e-08, elapsed = 1280.5 sec
Step =   8500: nodes = 4331, dt = 5.032740e-12, time = 3.449894e-08, elapsed = 1280.6 sec
Writing configuration in legacy data format
 Output file: /data/home/dg000246b/openDIS/inital_dislocation_structures/output_caseC_0.14%_seed12345/relax2/config.8500.data
Writing restart file
 Restart file: /data/home/dg000246b/openDIS/inital_dislocation_structures/output_caseC_0.14%_seed12345/relax2/restart.8500.exadis
Step =   8501: nodes = 4331, dt = 3.019644e-12, time = 3.450196e-08, elapsed = 1280.9 sec
Step =   8502: nodes = 4332, dt = 3.019644e-12, time = 3.450498e-08, elapsed = 1281.0 sec
Step =   8503: nodes = 4333, dt = 3.623572e-12, time = 3.450861e-08, elapsed = 1281.2 sec
Step =   8504: nodes = 4332, dt = 4.348287e-12, time = 3.451296e-08, elapsed = 1281.3 sec
Step =   8505: nodes = 4332, dt = 5.217944e-12, time = 3.451817e-08, elapsed = 1281.5 sec
Step =   8506: nodes = 4332, dt = 3.130767e-12, time = 3.452130e-08, elapsed = 1281.7 sec
Step =   8507: nodes = 4332, dt = 3.130767e-12, time = 3.452444e-08, elapsed = 1281.8 sec
Step =   8508: nodes = 4333, dt = 3.756920e-12, time = 3.452819e-08, elapsed = 1282.0 sec
Step =   8509: nodes = 4333, dt = 4.508304e-12, time = 3.453270e-08, elapsed = 1282.1 sec
Step =   8510: nodes = 4331, dt = 2.704982e-12, time = 3.453541e-08, elapsed = 1282.3 sec
Step =   8511: nodes = 4333, dt = 2.704982e-12, time = 3.453811e-08, elapsed = 1282.4 sec
Step =   8512: nodes = 4333, dt = 3.245979e-12, time = 3.454136e-08, elapsed = 1282.6 sec
Step =   8513: nodes = 4335, dt = 3.895175e-12, time = 3.454525e-08, elapsed = 1282.7 sec
Step =   8514: nodes = 4336, dt = 4.674210e-12, time = 3.454993e-08, elapsed = 1282.9 sec
Step =   8515: nodes = 4336, dt = 2.804526e-12, time = 3.455273e-08, elapsed = 1283.1 sec
Step =   8516: nodes = 4336, dt = 2.804526e-12, time = 3.455553e-08, elapsed = 1283.2 sec
Step =   8517: nodes = 4336, dt = 3.365431e-12, time = 3.455890e-08, elapsed = 1283.4 sec
Step =   8518: nodes = 4337, dt = 4.038517e-12, time = 3.456294e-08, elapsed = 1283.5 sec
Step =   8519: nodes = 4337, dt = 4.846220e-12, time = 3.456778e-08, elapsed = 1283.7 sec
Step =   8520: nodes = 4335, dt = 2.907732e-12, time = 3.457069e-08, elapsed = 1283.9 sec
Step =   8521: nodes = 4337, dt = 2.907732e-12, time = 3.457360e-08, elapsed = 1284.0 sec
Step =   8522: nodes = 4336, dt = 3.489279e-12, time = 3.457709e-08, elapsed = 1284.1 sec
Step =   8523: nodes = 4334, dt = 4.187134e-12, time = 3.458128e-08, elapsed = 1284.3 sec
Step =   8524: nodes = 4335, dt = 5.024561e-12, time = 3.458630e-08, elapsed = 1284.4 sec
Step =   8525: nodes = 4336, dt = 3.014737e-12, time = 3.458932e-08, elapsed = 1284.6 sec
Step =   8526: nodes = 4338, dt = 3.014737e-12, time = 3.459233e-08, elapsed = 1284.8 sec
Step =   8527: nodes = 4339, dt = 3.617684e-12, time = 3.459595e-08, elapsed = 1284.9 sec
Step =   8528: nodes = 4338, dt = 4.341221e-12, time = 3.460029e-08, elapsed = 1285.1 sec
Step =   8529: nodes = 4338, dt = 2.604733e-12, time = 3.460289e-08, elapsed = 1285.2 sec
Step =   8530: nodes = 4337, dt = 2.604733e-12, time = 3.460550e-08, elapsed = 1285.4 sec
Step =   8531: nodes = 4338, dt = 3.125679e-12, time = 3.460862e-08, elapsed = 1285.5 sec
Step =   8532: nodes = 4338, dt = 3.750815e-12, time = 3.461238e-08, elapsed = 1285.7 sec
Step =   8533: nodes = 4335, dt = 4.500978e-12, time = 3.461688e-08, elapsed = 1285.8 sec
Step =   8534: nodes = 4337, dt = 2.700587e-12, time = 3.461958e-08, elapsed = 1286.0 sec
Step =   8535: nodes = 4336, dt = 2.700587e-12, time = 3.462228e-08, elapsed = 1286.2 sec
Step =   8536: nodes = 4336, dt = 3.240704e-12, time = 3.462552e-08, elapsed = 1286.3 sec
Step =   8537: nodes = 4337, dt = 3.888845e-12, time = 3.462941e-08, elapsed = 1286.4 sec
Step =   8538: nodes = 4336, dt = 4.666614e-12, time = 3.463407e-08, elapsed = 1286.6 sec
Step =   8539: nodes = 4337, dt = 5.599937e-12, time = 3.463967e-08, elapsed = 1286.7 sec
Step =   8540: nodes = 4334, dt = 3.359962e-12, time = 3.464303e-08, elapsed = 1286.9 sec
Step =   8541: nodes = 4336, dt = 1.679981e-12, time = 3.464471e-08, elapsed = 1287.0 sec
Step =   8542: nodes = 4335, dt = 8.399905e-13, time = 3.464555e-08, elapsed = 1287.2 sec
Step =   8543: nodes = 4335, dt = 8.399905e-13, time = 3.464639e-08, elapsed = 1287.3 sec
Step =   8544: nodes = 4335, dt = 1.007989e-12, time = 3.464740e-08, elapsed = 1287.4 sec
Step =   8545: nodes = 4336, dt = 6.047932e-13, time = 3.464801e-08, elapsed = 1287.5 sec
Step =   8546: nodes = 4336, dt = 6.047932e-13, time = 3.464861e-08, elapsed = 1287.7 sec
Step =   8547: nodes = 4333, dt = 7.257518e-13, time = 3.464934e-08, elapsed = 1287.8 sec
Step =   8548: nodes = 4333, dt = 8.709022e-13, time = 3.465021e-08, elapsed = 1287.9 sec
Step =   8549: nodes = 4333, dt = 1.045083e-12, time = 3.465125e-08, elapsed = 1288.0 sec
Step =   8550: nodes = 4332, dt = 1.254099e-12, time = 3.465251e-08, elapsed = 1288.1 sec
Step =   8551: nodes = 4332, dt = 1.504919e-12, time = 3.465401e-08, elapsed = 1288.2 sec
Step =   8552: nodes = 4332, dt = 1.805903e-12, time = 3.465582e-08, elapsed = 1288.4 sec
Step =   8553: nodes = 4332, dt = 2.167083e-12, time = 3.465799e-08, elapsed = 1288.5 sec
Step =   8554: nodes = 4332, dt = 2.600500e-12, time = 3.466059e-08, elapsed = 1288.6 sec
Step =   8555: nodes = 4332, dt = 3.120600e-12, time = 3.466371e-08, elapsed = 1288.8 sec
Step =   8556: nodes = 4333, dt = 3.744720e-12, time = 3.466745e-08, elapsed = 1288.9 sec
Step =   8557: nodes = 4333, dt = 4.493664e-12, time = 3.467194e-08, elapsed = 1289.1 sec
Step =   8558: nodes = 4333, dt = 2.696198e-12, time = 3.467464e-08, elapsed = 1289.3 sec
Step =   8559: nodes = 4333, dt = 2.696198e-12, time = 3.467734e-08, elapsed = 1289.4 sec
Step =   8560: nodes = 4333, dt = 3.235438e-12, time = 3.468057e-08, elapsed = 1289.5 sec
Step =   8561: nodes = 4332, dt = 3.882526e-12, time = 3.468445e-08, elapsed = 1289.7 sec
Step =   8562: nodes = 4329, dt = 4.659031e-12, time = 3.468911e-08, elapsed = 1289.8 sec
Step =   8563: nodes = 4332, dt = 2.795418e-12, time = 3.469191e-08, elapsed = 1290.0 sec
Step =   8564: nodes = 4333, dt = 2.795418e-12, time = 3.469470e-08, elapsed = 1290.2 sec
Step =   8565: nodes = 4332, dt = 3.354502e-12, time = 3.469806e-08, elapsed = 1290.6 sec
Step =   8566: nodes = 4330, dt = 4.025402e-12, time = 3.470208e-08, elapsed = 1290.7 sec
Step =   8567: nodes = 4332, dt = 4.830483e-12, time = 3.470692e-08, elapsed = 1290.9 sec
Step =   8568: nodes = 4333, dt = 5.796580e-12, time = 3.471271e-08, elapsed = 1291.0 sec
Step =   8569: nodes = 4333, dt = 1.738974e-12, time = 3.471445e-08, elapsed = 1291.2 sec
Step =   8570: nodes = 4333, dt = 1.738974e-12, time = 3.471619e-08, elapsed = 1291.3 sec
Step =   8571: nodes = 4335, dt = 2.086769e-12, time = 3.471828e-08, elapsed = 1291.5 sec
Step =   8572: nodes = 4334, dt = 2.504122e-12, time = 3.472078e-08, elapsed = 1291.6 sec
Step =   8573: nodes = 4335, dt = 1.502473e-12, time = 3.472228e-08, elapsed = 1291.8 sec
Step =   8574: nodes = 4335, dt = 1.502473e-12, time = 3.472379e-08, elapsed = 1291.9 sec
Step =   8575: nodes = 4334, dt = 1.802968e-12, time = 3.472559e-08, elapsed = 1292.0 sec
Step =   8576: nodes = 4333, dt = 2.163562e-12, time = 3.472775e-08, elapsed = 1292.1 sec
Step =   8577: nodes = 4334, dt = 2.596274e-12, time = 3.473035e-08, elapsed = 1292.3 sec
Step =   8578: nodes = 4333, dt = 3.115529e-12, time = 3.473346e-08, elapsed = 1292.4 sec
Step =   8579: nodes = 4333, dt = 1.869317e-12, time = 3.473533e-08, elapsed = 1292.5 sec
Step =   8580: nodes = 4333, dt = 1.869317e-12, time = 3.473720e-08, elapsed = 1292.7 sec
Step =   8581: nodes = 4333, dt = 2.243181e-12, time = 3.473945e-08, elapsed = 1292.8 sec
Step =   8582: nodes = 4333, dt = 2.691817e-12, time = 3.474214e-08, elapsed = 1293.0 sec
Step =   8583: nodes = 4332, dt = 3.230180e-12, time = 3.474537e-08, elapsed = 1293.1 sec
Step =   8584: nodes = 4332, dt = 3.876216e-12, time = 3.474924e-08, elapsed = 1293.2 sec
Step =   8585: nodes = 4333, dt = 4.651460e-12, time = 3.475390e-08, elapsed = 1293.4 sec
Step =   8586: nodes = 4333, dt = 5.581752e-12, time = 3.475948e-08, elapsed = 1293.5 sec
Step =   8587: nodes = 4334, dt = 3.349051e-12, time = 3.476283e-08, elapsed = 1293.7 sec
Step =   8588: nodes = 4333, dt = 3.349051e-12, time = 3.476618e-08, elapsed = 1293.8 sec
Step =   8589: nodes = 4333, dt = 4.018861e-12, time = 3.477019e-08, elapsed = 1293.9 sec
Step =   8590: nodes = 4333, dt = 2.411317e-12, time = 3.477261e-08, elapsed = 1294.1 sec
Step =   8591: nodes = 4333, dt = 1.205658e-12, time = 3.477381e-08, elapsed = 1294.2 sec
Step =   8592: nodes = 4332, dt = 1.205658e-12, time = 3.477502e-08, elapsed = 1294.3 sec
Step =   8593: nodes = 4334, dt = 1.446790e-12, time = 3.477646e-08, elapsed = 1294.5 sec
Step =   8594: nodes = 4334, dt = 1.736148e-12, time = 3.477820e-08, elapsed = 1294.6 sec
Step =   8595: nodes = 4334, dt = 2.083378e-12, time = 3.478028e-08, elapsed = 1294.7 sec
Step =   8596: nodes = 4334, dt = 2.500053e-12, time = 3.478278e-08, elapsed = 1294.8 sec
Step =   8597: nodes = 4334, dt = 3.000064e-12, time = 3.478578e-08, elapsed = 1295.0 sec
Step =   8598: nodes = 4334, dt = 3.600077e-12, time = 3.478938e-08, elapsed = 1295.1 sec
Step =   8599: nodes = 4334, dt = 2.160046e-12, time = 3.479154e-08, elapsed = 1295.3 sec
Step =   8600: nodes = 4334, dt = 2.160046e-12, time = 3.479370e-08, elapsed = 1295.4 sec
Writing configuration in legacy data format
 Output file: /data/home/dg000246b/openDIS/inital_dislocation_structures/output_caseC_0.14%_seed12345/relax2/config.8600.data
Writing restart file
 Restart file: /data/home/dg000246b/openDIS/inital_dislocation_structures/output_caseC_0.14%_seed12345/relax2/restart.8600.exadis
Step =   8601: nodes = 4333, dt = 2.592055e-12, time = 3.479630e-08, elapsed = 1295.6 sec
Step =   8602: nodes = 4334, dt = 3.110466e-12, time = 3.479941e-08, elapsed = 1295.8 sec
Step =   8603: nodes = 4334, dt = 3.732559e-12, time = 3.480314e-08, elapsed = 1295.9 sec
Step =   8604: nodes = 4334, dt = 4.479071e-12, time = 3.480762e-08, elapsed = 1296.0 sec
Step =   8605: nodes = 4335, dt = 2.687443e-12, time = 3.481030e-08, elapsed = 1296.2 sec
Step =   8606: nodes = 4336, dt = 2.687443e-12, time = 3.481299e-08, elapsed = 1296.3 sec
Step =   8607: nodes = 4336, dt = 3.224931e-12, time = 3.481622e-08, elapsed = 1296.5 sec
Step =   8608: nodes = 4336, dt = 3.869918e-12, time = 3.482009e-08, elapsed = 1296.6 sec
Step =   8609: nodes = 4337, dt = 4.643901e-12, time = 3.482473e-08, elapsed = 1296.7 sec
Step =   8610: nodes = 4338, dt = 2.786341e-12, time = 3.482752e-08, elapsed = 1296.9 sec
Step =   8611: nodes = 4339, dt = 2.786341e-12, time = 3.483030e-08, elapsed = 1297.0 sec
Step =   8612: nodes = 4338, dt = 3.343609e-12, time = 3.483365e-08, elapsed = 1297.2 sec
Step =   8613: nodes = 4338, dt = 2.006165e-12, time = 3.483565e-08, elapsed = 1297.4 sec
Step =   8614: nodes = 4337, dt = 2.006165e-12, time = 3.483766e-08, elapsed = 1297.5 sec
Step =   8615: nodes = 4338, dt = 2.407398e-12, time = 3.484007e-08, elapsed = 1297.6 sec
Step =   8616: nodes = 4338, dt = 2.888878e-12, time = 3.484296e-08, elapsed = 1297.7 sec
Step =   8617: nodes = 4337, dt = 3.466654e-12, time = 3.484642e-08, elapsed = 1297.9 sec
Step =   8618: nodes = 4338, dt = 4.159984e-12, time = 3.485058e-08, elapsed = 1298.1 sec
Step =   8619: nodes = 4337, dt = 4.991981e-12, time = 3.485557e-08, elapsed = 1298.2 sec
Step =   8620: nodes = 4337, dt = 5.990377e-12, time = 3.486157e-08, elapsed = 1298.3 sec
Step =   8621: nodes = 4338, dt = 1.797113e-12, time = 3.486336e-08, elapsed = 1298.5 sec
Step =   8622: nodes = 4338, dt = 1.797113e-12, time = 3.486516e-08, elapsed = 1298.6 sec
Step =   8623: nodes = 4338, dt = 2.156536e-12, time = 3.486732e-08, elapsed = 1298.7 sec
Step =   8624: nodes = 4338, dt = 2.587843e-12, time = 3.486990e-08, elapsed = 1298.9 sec
Step =   8625: nodes = 4338, dt = 1.552706e-12, time = 3.487146e-08, elapsed = 1299.0 sec
Step =   8626: nodes = 4337, dt = 1.552706e-12, time = 3.487301e-08, elapsed = 1299.2 sec
Step =   8627: nodes = 4337, dt = 1.863247e-12, time = 3.487487e-08, elapsed = 1299.3 sec
Step =   8628: nodes = 4337, dt = 2.235896e-12, time = 3.487711e-08, elapsed = 1299.4 sec
Step =   8629: nodes = 4336, dt = 2.683076e-12, time = 3.487979e-08, elapsed = 1299.6 sec
Step =   8630: nodes = 4336, dt = 3.219691e-12, time = 3.488301e-08, elapsed = 1299.7 sec
Step =   8631: nodes = 4338, dt = 3.863629e-12, time = 3.488687e-08, elapsed = 1299.8 sec
Step =   8632: nodes = 4338, dt = 2.318177e-12, time = 3.488919e-08, elapsed = 1300.0 sec
Step =   8633: nodes = 4338, dt = 2.318177e-12, time = 3.489151e-08, elapsed = 1300.1 sec
Step =   8634: nodes = 4337, dt = 2.781813e-12, time = 3.489429e-08, elapsed = 1300.2 sec
Step =   8635: nodes = 4337, dt = 3.338175e-12, time = 3.489763e-08, elapsed = 1300.4 sec
Step =   8636: nodes = 4336, dt = 4.005810e-12, time = 3.490164e-08, elapsed = 1300.5 sec
Step =   8637: nodes = 4339, dt = 4.806973e-12, time = 3.490644e-08, elapsed = 1300.7 sec
Step =   8638: nodes = 4339, dt = 2.884184e-12, time = 3.490933e-08, elapsed = 1300.9 sec
Step =   8639: nodes = 4339, dt = 2.884184e-12, time = 3.491221e-08, elapsed = 1301.0 sec
Step =   8640: nodes = 4339, dt = 3.461020e-12, time = 3.491567e-08, elapsed = 1301.2 sec
Step =   8641: nodes = 4338, dt = 4.153224e-12, time = 3.491983e-08, elapsed = 1301.3 sec
Step =   8642: nodes = 4338, dt = 4.983869e-12, time = 3.492481e-08, elapsed = 1301.4 sec
Step =   8643: nodes = 4340, dt = 5.980643e-12, time = 3.493079e-08, elapsed = 1301.6 sec
Step =   8644: nodes = 4342, dt = 3.588386e-12, time = 3.493438e-08, elapsed = 1301.7 sec
Step =   8645: nodes = 4342, dt = 1.794193e-12, time = 3.493617e-08, elapsed = 1301.9 sec
Step =   8646: nodes = 4341, dt = 1.794193e-12, time = 3.493797e-08, elapsed = 1302.0 sec
Step =   8647: nodes = 4341, dt = 2.153031e-12, time = 3.494012e-08, elapsed = 1302.1 sec
Step =   8648: nodes = 4341, dt = 1.291819e-12, time = 3.494141e-08, elapsed = 1302.3 sec
Step =   8649: nodes = 4341, dt = 1.291819e-12, time = 3.494270e-08, elapsed = 1302.4 sec
Step =   8650: nodes = 4341, dt = 1.550183e-12, time = 3.494425e-08, elapsed = 1302.5 sec
Step =   8651: nodes = 4341, dt = 1.860219e-12, time = 3.494611e-08, elapsed = 1302.7 sec
Step =   8652: nodes = 4340, dt = 2.232263e-12, time = 3.494835e-08, elapsed = 1302.8 sec
Step =   8653: nodes = 4339, dt = 1.339358e-12, time = 3.494969e-08, elapsed = 1303.0 sec
Step =   8654: nodes = 4340, dt = 1.339358e-12, time = 3.495103e-08, elapsed = 1303.1 sec
Step =   8655: nodes = 4340, dt = 1.607229e-12, time = 3.495263e-08, elapsed = 1303.2 sec
Step =   8656: nodes = 4340, dt = 1.928675e-12, time = 3.495456e-08, elapsed = 1303.3 sec
Step =   8657: nodes = 4340, dt = 2.314410e-12, time = 3.495688e-08, elapsed = 1303.4 sec
Step =   8658: nodes = 4340, dt = 2.777292e-12, time = 3.495965e-08, elapsed = 1303.5 sec
Step =   8659: nodes = 4339, dt = 1.666375e-12, time = 3.496132e-08, elapsed = 1303.7 sec
Step =   8660: nodes = 4340, dt = 1.666375e-12, time = 3.496299e-08, elapsed = 1303.8 sec
Step =   8661: nodes = 4338, dt = 1.999651e-12, time = 3.496499e-08, elapsed = 1303.9 sec
Step =   8662: nodes = 4338, dt = 2.399581e-12, time = 3.496739e-08, elapsed = 1304.1 sec
Step =   8663: nodes = 4340, dt = 2.879497e-12, time = 3.497026e-08, elapsed = 1304.2 sec
Step =   8664: nodes = 4340, dt = 1.727698e-12, time = 3.497199e-08, elapsed = 1304.3 sec
Step =   8665: nodes = 4340, dt = 1.727698e-12, time = 3.497372e-08, elapsed = 1304.4 sec
Step =   8666: nodes = 4341, dt = 2.073238e-12, time = 3.497579e-08, elapsed = 1304.6 sec
Step =   8667: nodes = 4340, dt = 2.487885e-12, time = 3.497828e-08, elapsed = 1304.7 sec
Step =   8668: nodes = 4339, dt = 2.985462e-12, time = 3.498127e-08, elapsed = 1304.9 sec
Step =   8669: nodes = 4340, dt = 3.582555e-12, time = 3.498485e-08, elapsed = 1305.0 sec
Step =   8670: nodes = 4340, dt = 4.299066e-12, time = 3.498915e-08, elapsed = 1305.2 sec
Step =   8671: nodes = 4340, dt = 2.579439e-12, time = 3.499173e-08, elapsed = 1305.3 sec
Step =   8672: nodes = 4341, dt = 2.579439e-12, time = 3.499431e-08, elapsed = 1305.4 sec
Step =   8673: nodes = 4340, dt = 3.095327e-12, time = 3.499740e-08, elapsed = 1305.6 sec
Step =   8674: nodes = 4340, dt = 3.714393e-12, time = 3.500112e-08, elapsed = 1305.7 sec
Step =   8675: nodes = 4339, dt = 4.457271e-12, time = 3.500557e-08, elapsed = 1305.8 sec
Step =   8676: nodes = 4340, dt = 1.337181e-12, time = 3.500691e-08, elapsed = 1306.0 sec
Step =   8677: nodes = 4340, dt = 1.337181e-12, time = 3.500825e-08, elapsed = 1306.2 sec
Step =   8678: nodes = 4339, dt = 1.604618e-12, time = 3.500985e-08, elapsed = 1306.3 sec
Step =   8679: nodes = 4339, dt = 1.925541e-12, time = 3.501178e-08, elapsed = 1306.4 sec
Step =   8680: nodes = 4338, dt = 2.310649e-12, time = 3.501409e-08, elapsed = 1306.5 sec
Step =   8681: nodes = 4339, dt = 2.772779e-12, time = 3.501686e-08, elapsed = 1306.7 sec
Step =   8682: nodes = 4339, dt = 3.327335e-12, time = 3.502019e-08, elapsed = 1306.8 sec
Step =   8683: nodes = 4337, dt = 3.992802e-12, time = 3.502418e-08, elapsed = 1307.0 sec
Step =   8684: nodes = 4336, dt = 2.395681e-12, time = 3.502658e-08, elapsed = 1307.1 sec
Step =   8685: nodes = 4338, dt = 2.395681e-12, time = 3.502897e-08, elapsed = 1307.3 sec
Step =   8686: nodes = 4339, dt = 2.874818e-12, time = 3.503185e-08, elapsed = 1307.4 sec
Step =   8687: nodes = 4339, dt = 3.449781e-12, time = 3.503530e-08, elapsed = 1307.6 sec
Step =   8688: nodes = 4338, dt = 4.139737e-12, time = 3.503944e-08, elapsed = 1307.7 sec
Step =   8689: nodes = 4338, dt = 4.967685e-12, time = 3.504441e-08, elapsed = 1307.9 sec
Step =   8690: nodes = 4336, dt = 2.980611e-12, time = 3.504739e-08, elapsed = 1308.0 sec
Step =   8691: nodes = 4338, dt = 2.980611e-12, time = 3.505037e-08, elapsed = 1308.2 sec
Step =   8692: nodes = 4339, dt = 3.576733e-12, time = 3.505394e-08, elapsed = 1308.3 sec
Step =   8693: nodes = 4339, dt = 2.146040e-12, time = 3.505609e-08, elapsed = 1308.5 sec
Step =   8694: nodes = 4340, dt = 2.146040e-12, time = 3.505824e-08, elapsed = 1308.6 sec
Step =   8695: nodes = 4340, dt = 2.575248e-12, time = 3.506081e-08, elapsed = 1308.7 sec
Step =   8696: nodes = 4341, dt = 3.090297e-12, time = 3.506390e-08, elapsed = 1308.9 sec
Step =   8697: nodes = 4342, dt = 3.708357e-12, time = 3.506761e-08, elapsed = 1309.1 sec
Step =   8698: nodes = 4342, dt = 4.450028e-12, time = 3.507206e-08, elapsed = 1309.3 sec
Step =   8699: nodes = 4341, dt = 2.670017e-12, time = 3.507473e-08, elapsed = 1309.4 sec
Step =   8700: nodes = 4342, dt = 2.670017e-12, time = 3.507740e-08, elapsed = 1309.6 sec
Writing configuration in legacy data format
 Output file: /data/home/dg000246b/openDIS/inital_dislocation_structures/output_caseC_0.14%_seed12345/relax2/config.8700.data
Writing restart file
 Restart file: /data/home/dg000246b/openDIS/inital_dislocation_structures/output_caseC_0.14%_seed12345/relax2/restart.8700.exadis
Step =   8701: nodes = 4341, dt = 3.204020e-12, time = 3.508060e-08, elapsed = 1309.8 sec
Step =   8702: nodes = 4342, dt = 3.844824e-12, time = 3.508445e-08, elapsed = 1309.9 sec
Step =   8703: nodes = 4338, dt = 4.613789e-12, time = 3.508906e-08, elapsed = 1310.1 sec
Step =   8704: nodes = 4342, dt = 2.768274e-12, time = 3.509183e-08, elapsed = 1310.3 sec
Step =   8705: nodes = 4343, dt = 2.768274e-12, time = 3.509460e-08, elapsed = 1310.4 sec
Step =   8706: nodes = 4344, dt = 3.321928e-12, time = 3.509792e-08, elapsed = 1310.5 sec
Step =   8707: nodes = 4344, dt = 1.993157e-12, time = 3.509991e-08, elapsed = 1310.7 sec
Step =   8708: nodes = 4343, dt = 1.993157e-12, time = 3.510191e-08, elapsed = 1310.8 sec
Step =   8709: nodes = 4342, dt = 2.391788e-12, time = 3.510430e-08, elapsed = 1311.0 sec
Step =   8710: nodes = 4342, dt = 2.870146e-12, time = 3.510717e-08, elapsed = 1311.1 sec
Step =   8711: nodes = 4343, dt = 3.444175e-12, time = 3.511061e-08, elapsed = 1311.3 sec
Step =   8712: nodes = 4343, dt = 4.133010e-12, time = 3.511475e-08, elapsed = 1311.4 sec
Step =   8713: nodes = 4343, dt = 4.959612e-12, time = 3.511971e-08, elapsed = 1311.6 sec
Step =   8714: nodes = 4343, dt = 5.951535e-12, time = 3.512566e-08, elapsed = 1311.7 sec
Step =   8715: nodes = 4341, dt = 3.570921e-12, time = 3.512923e-08, elapsed = 1311.9 sec
Step =   8716: nodes = 4341, dt = 1.785460e-12, time = 3.513101e-08, elapsed = 1312.1 sec
Step =   8717: nodes = 4341, dt = 1.785460e-12, time = 3.513280e-08, elapsed = 1312.2 sec
Step =   8718: nodes = 4342, dt = 2.142552e-12, time = 3.513494e-08, elapsed = 1312.3 sec
Step =   8719: nodes = 4343, dt = 2.571063e-12, time = 3.513751e-08, elapsed = 1312.5 sec
Step =   8720: nodes = 4343, dt = 3.085276e-12, time = 3.514060e-08, elapsed = 1312.6 sec
Step =   8721: nodes = 4343, dt = 3.702331e-12, time = 3.514430e-08, elapsed = 1312.8 sec
Step =   8722: nodes = 4343, dt = 2.221398e-12, time = 3.514652e-08, elapsed = 1312.9 sec
Step =   8723: nodes = 4342, dt = 2.221398e-12, time = 3.514874e-08, elapsed = 1313.1 sec
Step =   8724: nodes = 4342, dt = 2.665678e-12, time = 3.515141e-08, elapsed = 1313.2 sec
Step =   8725: nodes = 4343, dt = 3.198814e-12, time = 3.515461e-08, elapsed = 1313.4 sec
Step =   8726: nodes = 4343, dt = 3.838576e-12, time = 3.515845e-08, elapsed = 1313.5 sec
Step =   8727: nodes = 4343, dt = 4.606292e-12, time = 3.516305e-08, elapsed = 1313.7 sec
Step =   8728: nodes = 4342, dt = 5.527550e-12, time = 3.516858e-08, elapsed = 1313.8 sec
Step =   8729: nodes = 4343, dt = 3.316530e-12, time = 3.517190e-08, elapsed = 1314.0 sec
Step =   8730: nodes = 4342, dt = 3.316530e-12, time = 3.517521e-08, elapsed = 1314.2 sec
Step =   8731: nodes = 4345, dt = 3.979836e-12, time = 3.517919e-08, elapsed = 1314.3 sec
Step =   8732: nodes = 4345, dt = 4.775803e-12, time = 3.518397e-08, elapsed = 1314.4 sec
Step =   8733: nodes = 4346, dt = 5.730964e-12, time = 3.518970e-08, elapsed = 1314.6 sec
Step =   8734: nodes = 4340, dt = 6.877157e-12, time = 3.519658e-08, elapsed = 1314.8 sec
Step =   8735: nodes = 4341, dt = 2.063147e-12, time = 3.519864e-08, elapsed = 1315.0 sec
Step =   8736: nodes = 4340, dt = 2.063147e-12, time = 3.520070e-08, elapsed = 1315.1 sec
Step =   8737: nodes = 4341, dt = 2.475776e-12, time = 3.520318e-08, elapsed = 1315.2 sec
Step =   8738: nodes = 4340, dt = 1.485466e-12, time = 3.520466e-08, elapsed = 1315.4 sec
Step =   8739: nodes = 4341, dt = 1.485466e-12, time = 3.520615e-08, elapsed = 1315.5 sec
Step =   8740: nodes = 4340, dt = 1.782559e-12, time = 3.520793e-08, elapsed = 1315.6 sec
Step =   8741: nodes = 4340, dt = 2.139071e-12, time = 3.521007e-08, elapsed = 1315.7 sec
Step =   8742: nodes = 4341, dt = 2.566885e-12, time = 3.521264e-08, elapsed = 1315.8 sec
Step =   8743: nodes = 4340, dt = 3.080262e-12, time = 3.521572e-08, elapsed = 1316.0 sec
Step =   8744: nodes = 4340, dt = 3.696314e-12, time = 3.521942e-08, elapsed = 1316.2 sec
Step =   8745: nodes = 4340, dt = 4.435577e-12, time = 3.522385e-08, elapsed = 1316.3 sec
Step =   8746: nodes = 4340, dt = 5.322693e-12, time = 3.522917e-08, elapsed = 1316.4 sec
Step =   8747: nodes = 4340, dt = 3.193616e-12, time = 3.523237e-08, elapsed = 1316.6 sec
Step =   8748: nodes = 4336, dt = 3.193616e-12, time = 3.523556e-08, elapsed = 1316.7 sec
Step =   8749: nodes = 4338, dt = 3.832339e-12, time = 3.523939e-08, elapsed = 1316.8 sec
Step =   8750: nodes = 4338, dt = 2.299403e-12, time = 3.524169e-08, elapsed = 1317.0 sec
Step =   8751: nodes = 4338, dt = 2.299403e-12, time = 3.524399e-08, elapsed = 1317.1 sec
Step =   8752: nodes = 4337, dt = 2.759284e-12, time = 3.524675e-08, elapsed = 1317.3 sec
Step =   8753: nodes = 4338, dt = 3.311141e-12, time = 3.525006e-08, elapsed = 1317.4 sec
Step =   8754: nodes = 4337, dt = 3.973369e-12, time = 3.525404e-08, elapsed = 1317.6 sec
Step =   8755: nodes = 4339, dt = 4.768043e-12, time = 3.525880e-08, elapsed = 1317.7 sec
Step =   8756: nodes = 4341, dt = 5.721651e-12, time = 3.526453e-08, elapsed = 1317.9 sec
Step =   8757: nodes = 4341, dt = 6.865981e-12, time = 3.527139e-08, elapsed = 1318.0 sec
Step =   8758: nodes = 4341, dt = 8.239178e-12, time = 3.527963e-08, elapsed = 1318.2 sec
Step =   8759: nodes = 4338, dt = 9.887013e-12, time = 3.528952e-08, elapsed = 1318.4 sec
Step =   8760: nodes = 4339, dt = 1.186442e-11, time = 3.530138e-08, elapsed = 1318.6 sec
Step =   8761: nodes = 4338, dt = 7.118649e-12, time = 3.530850e-08, elapsed = 1318.8 sec
Step =   8762: nodes = 4337, dt = 7.118649e-12, time = 3.531562e-08, elapsed = 1318.9 sec
Step =   8763: nodes = 4337, dt = 8.542379e-12, time = 3.532416e-08, elapsed = 1319.1 sec
Step =   8764: nodes = 4336, dt = 1.025086e-11, time = 3.533441e-08, elapsed = 1319.3 sec
Step =   8765: nodes = 4333, dt = 1.230103e-11, time = 3.534671e-08, elapsed = 1319.5 sec
Step =   8766: nodes = 4336, dt = 3.690308e-12, time = 3.535040e-08, elapsed = 1319.7 sec
Step =   8767: nodes = 4336, dt = 3.690308e-12, time = 3.535409e-08, elapsed = 1319.8 sec
Step =   8768: nodes = 4338, dt = 4.428369e-12, time = 3.535852e-08, elapsed = 1319.9 sec
Step =   8769: nodes = 4337, dt = 5.314043e-12, time = 3.536384e-08, elapsed = 1320.1 sec
Step =   8770: nodes = 4338, dt = 6.376852e-12, time = 3.537021e-08, elapsed = 1320.5 sec
Step =   8771: nodes = 4335, dt = 7.652222e-12, time = 3.537787e-08, elapsed = 1320.7 sec
Step =   8772: nodes = 4338, dt = 9.182667e-12, time = 3.538705e-08, elapsed = 1320.9 sec
Step =   8773: nodes = 4339, dt = 5.509600e-12, time = 3.539256e-08, elapsed = 1321.1 sec
Step =   8774: nodes = 4339, dt = 2.754800e-12, time = 3.539531e-08, elapsed = 1321.3 sec
Step =   8775: nodes = 4339, dt = 2.754800e-12, time = 3.539807e-08, elapsed = 1321.4 sec
Step =   8776: nodes = 4339, dt = 1.652880e-12, time = 3.539972e-08, elapsed = 1321.6 sec
Step =   8777: nodes = 4339, dt = 1.652880e-12, time = 3.540137e-08, elapsed = 1321.7 sec
Step =   8778: nodes = 4339, dt = 1.983456e-12, time = 3.540336e-08, elapsed = 1321.8 sec
Step =   8779: nodes = 4339, dt = 2.380147e-12, time = 3.540574e-08, elapsed = 1322.0 sec
Step =   8780: nodes = 4339, dt = 1.428088e-12, time = 3.540716e-08, elapsed = 1322.1 sec
Step =   8781: nodes = 4339, dt = 1.428088e-12, time = 3.540859e-08, elapsed = 1322.2 sec
Step =   8782: nodes = 4339, dt = 1.713706e-12, time = 3.541031e-08, elapsed = 1322.4 sec
Step =   8783: nodes = 4339, dt = 2.056447e-12, time = 3.541236e-08, elapsed = 1322.5 sec
Step =   8784: nodes = 4340, dt = 2.467737e-12, time = 3.541483e-08, elapsed = 1322.7 sec
Step =   8785: nodes = 4337, dt = 2.961284e-12, time = 3.541779e-08, elapsed = 1322.9 sec
Step =   8786: nodes = 4339, dt = 3.553541e-12, time = 3.542135e-08, elapsed = 1323.0 sec
Step =   8787: nodes = 4339, dt = 2.132125e-12, time = 3.542348e-08, elapsed = 1323.2 sec
Step =   8788: nodes = 4339, dt = 2.132125e-12, time = 3.542561e-08, elapsed = 1323.3 sec
Step =   8789: nodes = 4339, dt = 2.558549e-12, time = 3.542817e-08, elapsed = 1323.5 sec
Step =   8790: nodes = 4340, dt = 3.070259e-12, time = 3.543124e-08, elapsed = 1323.6 sec
Step =   8791: nodes = 4339, dt = 3.684311e-12, time = 3.543492e-08, elapsed = 1323.8 sec
Step =   8792: nodes = 4338, dt = 4.421173e-12, time = 3.543934e-08, elapsed = 1323.9 sec
Step =   8793: nodes = 4339, dt = 2.652704e-12, time = 3.544200e-08, elapsed = 1324.1 sec
Step =   8794: nodes = 4340, dt = 2.652704e-12, time = 3.544465e-08, elapsed = 1324.2 sec
Step =   8795: nodes = 4341, dt = 3.183245e-12, time = 3.544783e-08, elapsed = 1324.4 sec
Step =   8796: nodes = 4339, dt = 3.819894e-12, time = 3.545165e-08, elapsed = 1324.5 sec
Step =   8797: nodes = 4340, dt = 4.583873e-12, time = 3.545624e-08, elapsed = 1324.6 sec
Step =   8798: nodes = 4340, dt = 2.750324e-12, time = 3.545899e-08, elapsed = 1324.8 sec
Step =   8799: nodes = 4340, dt = 2.750324e-12, time = 3.546174e-08, elapsed = 1324.9 sec
Step =   8800: nodes = 4340, dt = 3.300388e-12, time = 3.546504e-08, elapsed = 1325.1 sec
Writing configuration in legacy data format
 Output file: /data/home/dg000246b/openDIS/inital_dislocation_structures/output_caseC_0.14%_seed12345/relax2/config.8800.data
Writing restart file
 Restart file: /data/home/dg000246b/openDIS/inital_dislocation_structures/output_caseC_0.14%_seed12345/relax2/restart.8800.exadis
Step =   8801: nodes = 4339, dt = 3.960466e-12, time = 3.546900e-08, elapsed = 1325.3 sec
Step =   8802: nodes = 4337, dt = 4.752559e-12, time = 3.547375e-08, elapsed = 1325.4 sec
Step =   8803: nodes = 4338, dt = 2.851535e-12, time = 3.547660e-08, elapsed = 1325.6 sec
Step =   8804: nodes = 4340, dt = 2.851535e-12, time = 3.547945e-08, elapsed = 1325.7 sec
Step =   8805: nodes = 4339, dt = 3.421843e-12, time = 3.548288e-08, elapsed = 1325.9 sec
Step =   8806: nodes = 4339, dt = 4.106211e-12, time = 3.548698e-08, elapsed = 1326.0 sec
Step =   8807: nodes = 4339, dt = 4.927453e-12, time = 3.549191e-08, elapsed = 1326.2 sec
Step =   8808: nodes = 4339, dt = 5.912944e-12, time = 3.549782e-08, elapsed = 1326.3 sec
Step =   8809: nodes = 4341, dt = 3.547766e-12, time = 3.550137e-08, elapsed = 1326.5 sec
Step =   8810: nodes = 4339, dt = 1.773883e-12, time = 3.550314e-08, elapsed = 1326.7 sec
Step =   8811: nodes = 4341, dt = 1.773883e-12, time = 3.550492e-08, elapsed = 1326.8 sec
Step =   8812: nodes = 4341, dt = 2.128660e-12, time = 3.550705e-08, elapsed = 1326.9 sec
Step =   8813: nodes = 4341, dt = 2.554392e-12, time = 3.550960e-08, elapsed = 1327.1 sec
Step =   8814: nodes = 4341, dt = 3.065270e-12, time = 3.551267e-08, elapsed = 1327.2 sec
Step =   8815: nodes = 4342, dt = 3.678324e-12, time = 3.551634e-08, elapsed = 1327.4 sec
Step =   8816: nodes = 4342, dt = 4.413989e-12, time = 3.552076e-08, elapsed = 1327.5 sec
Step =   8817: nodes = 4341, dt = 5.296787e-12, time = 3.552606e-08, elapsed = 1327.7 sec
Step =   8818: nodes = 4342, dt = 3.178072e-12, time = 3.552923e-08, elapsed = 1327.9 sec
Step =   8819: nodes = 4341, dt = 3.178072e-12, time = 3.553241e-08, elapsed = 1328.0 sec
Step =   8820: nodes = 4342, dt = 3.813686e-12, time = 3.553622e-08, elapsed = 1328.2 sec
Step =   8821: nodes = 4341, dt = 4.576424e-12, time = 3.554080e-08, elapsed = 1328.3 sec
Step =   8822: nodes = 4343, dt = 5.491708e-12, time = 3.554629e-08, elapsed = 1328.5 sec
Step =   8823: nodes = 4342, dt = 3.295025e-12, time = 3.554959e-08, elapsed = 1328.7 sec
Step =   8824: nodes = 4342, dt = 3.295025e-12, time = 3.555288e-08, elapsed = 1328.8 sec
Step =   8825: nodes = 4342, dt = 3.954030e-12, time = 3.555684e-08, elapsed = 1329.0 sec
Step =   8826: nodes = 4344, dt = 4.744836e-12, time = 3.556158e-08, elapsed = 1329.2 sec
Step =   8827: nodes = 4343, dt = 2.846902e-12, time = 3.556443e-08, elapsed = 1329.3 sec
Step =   8828: nodes = 4343, dt = 2.846902e-12, time = 3.556728e-08, elapsed = 1329.5 sec
Step =   8829: nodes = 4343, dt = 3.416282e-12, time = 3.557069e-08, elapsed = 1329.6 sec
Step =   8830: nodes = 4342, dt = 4.099538e-12, time = 3.557479e-08, elapsed = 1329.8 sec
Step =   8831: nodes = 4341, dt = 4.919446e-12, time = 3.557971e-08, elapsed = 1329.9 sec
Step =   8832: nodes = 4342, dt = 2.951668e-12, time = 3.558266e-08, elapsed = 1330.1 sec
Step =   8833: nodes = 4341, dt = 2.951668e-12, time = 3.558561e-08, elapsed = 1330.2 sec
Step =   8834: nodes = 4342, dt = 3.542001e-12, time = 3.558916e-08, elapsed = 1330.4 sec
Step =   8835: nodes = 4340, dt = 4.250401e-12, time = 3.559341e-08, elapsed = 1330.5 sec
Step =   8836: nodes = 4342, dt = 5.100482e-12, time = 3.559851e-08, elapsed = 1330.7 sec
Step =   8837: nodes = 4342, dt = 6.120578e-12, time = 3.560463e-08, elapsed = 1330.8 sec
Step =   8838: nodes = 4339, dt = 3.672347e-12, time = 3.560830e-08, elapsed = 1331.0 sec
Step =   8839: nodes = 4341, dt = 3.672347e-12, time = 3.561197e-08, elapsed = 1331.1 sec
Step =   8840: nodes = 4342, dt = 4.406816e-12, time = 3.561638e-08, elapsed = 1331.3 sec
Step =   8841: nodes = 4343, dt = 5.288179e-12, time = 3.562167e-08, elapsed = 1331.4 sec
Step =   8842: nodes = 4342, dt = 6.345815e-12, time = 3.562801e-08, elapsed = 1331.6 sec
Step =   8843: nodes = 4342, dt = 3.807489e-12, time = 3.563182e-08, elapsed = 1331.8 sec
Step =   8844: nodes = 4341, dt = 3.807489e-12, time = 3.563563e-08, elapsed = 1331.9 sec
Step =   8845: nodes = 4344, dt = 4.568987e-12, time = 3.564020e-08, elapsed = 1332.1 sec
Step =   8846: nodes = 4343, dt = 2.741392e-12, time = 3.564294e-08, elapsed = 1332.3 sec
Step =   8847: nodes = 4344, dt = 2.741392e-12, time = 3.564568e-08, elapsed = 1332.4 sec
Step =   8848: nodes = 4342, dt = 3.289671e-12, time = 3.564897e-08, elapsed = 1332.6 sec
Step =   8849: nodes = 4342, dt = 3.947605e-12, time = 3.565292e-08, elapsed = 1332.7 sec
Step =   8850: nodes = 4342, dt = 4.737126e-12, time = 3.565765e-08, elapsed = 1332.9 sec
Step =   8851: nodes = 4343, dt = 2.842275e-12, time = 3.566050e-08, elapsed = 1333.1 sec
Step =   8852: nodes = 4343, dt = 2.842275e-12, time = 3.566334e-08, elapsed = 1333.3 sec
Step =   8853: nodes = 4343, dt = 3.410731e-12, time = 3.566675e-08, elapsed = 1333.4 sec
Step =   8854: nodes = 4342, dt = 4.092877e-12, time = 3.567084e-08, elapsed = 1333.5 sec
Step =   8855: nodes = 4343, dt = 4.911452e-12, time = 3.567575e-08, elapsed = 1333.7 sec
Step =   8856: nodes = 4343, dt = 2.946871e-12, time = 3.567870e-08, elapsed = 1333.8 sec
Step =   8857: nodes = 4343, dt = 2.946871e-12, time = 3.568165e-08, elapsed = 1334.0 sec
Step =   8858: nodes = 4343, dt = 3.536245e-12, time = 3.568518e-08, elapsed = 1334.1 sec
Step =   8859: nodes = 4342, dt = 4.243495e-12, time = 3.568943e-08, elapsed = 1334.2 sec
Step =   8860: nodes = 4343, dt = 2.546097e-12, time = 3.569197e-08, elapsed = 1334.4 sec
Step =   8861: nodes = 4342, dt = 2.546097e-12, time = 3.569452e-08, elapsed = 1334.5 sec
Step =   8862: nodes = 4342, dt = 3.055316e-12, time = 3.569758e-08, elapsed = 1334.7 sec
Step =   8863: nodes = 4341, dt = 3.666379e-12, time = 3.570124e-08, elapsed = 1334.8 sec
Step =   8864: nodes = 4343, dt = 2.199828e-12, time = 3.570344e-08, elapsed = 1335.0 sec
Step =   8865: nodes = 4343, dt = 2.199828e-12, time = 3.570564e-08, elapsed = 1335.1 sec
Step =   8866: nodes = 4343, dt = 2.639793e-12, time = 3.570828e-08, elapsed = 1335.3 sec
Step =   8867: nodes = 4342, dt = 3.167752e-12, time = 3.571145e-08, elapsed = 1335.4 sec
Step =   8868: nodes = 4343, dt = 3.801302e-12, time = 3.571525e-08, elapsed = 1335.5 sec
Step =   8869: nodes = 4342, dt = 2.280781e-12, time = 3.571753e-08, elapsed = 1335.7 sec
Step =   8870: nodes = 4343, dt = 2.280781e-12, time = 3.571981e-08, elapsed = 1335.8 sec
Step =   8871: nodes = 4343, dt = 2.736937e-12, time = 3.572255e-08, elapsed = 1336.0 sec
Step =   8872: nodes = 4343, dt = 3.284325e-12, time = 3.572583e-08, elapsed = 1336.2 sec
Step =   8873: nodes = 4340, dt = 3.941190e-12, time = 3.572977e-08, elapsed = 1336.3 sec
Step =   8874: nodes = 4340, dt = 4.729428e-12, time = 3.573450e-08, elapsed = 1336.5 sec
Step =   8875: nodes = 4342, dt = 5.675314e-12, time = 3.574018e-08, elapsed = 1336.7 sec
Step =   8876: nodes = 4343, dt = 3.405188e-12, time = 3.574358e-08, elapsed = 1336.8 sec
Step =   8877: nodes = 4342, dt = 3.405188e-12, time = 3.574699e-08, elapsed = 1337.0 sec
Step =   8878: nodes = 4343, dt = 4.086226e-12, time = 3.575108e-08, elapsed = 1337.2 sec
Step =   8879: nodes = 4344, dt = 4.903471e-12, time = 3.575598e-08, elapsed = 1337.3 sec
Step =   8880: nodes = 4343, dt = 2.942083e-12, time = 3.575892e-08, elapsed = 1337.5 sec
Step =   8881: nodes = 4345, dt = 2.942083e-12, time = 3.576186e-08, elapsed = 1337.6 sec
Step =   8882: nodes = 4346, dt = 3.530499e-12, time = 3.576539e-08, elapsed = 1337.8 sec
Step =   8883: nodes = 4346, dt = 4.236599e-12, time = 3.576963e-08, elapsed = 1337.9 sec
Step =   8884: nodes = 4346, dt = 5.083919e-12, time = 3.577471e-08, elapsed = 1338.1 sec
Step =   8885: nodes = 4346, dt = 3.050351e-12, time = 3.577776e-08, elapsed = 1338.3 sec
Step =   8886: nodes = 4347, dt = 3.050351e-12, time = 3.578081e-08, elapsed = 1338.4 sec
Step =   8887: nodes = 4347, dt = 3.660421e-12, time = 3.578448e-08, elapsed = 1338.5 sec
Step =   8888: nodes = 4344, dt = 4.392506e-12, time = 3.578887e-08, elapsed = 1338.6 sec
Step =   8889: nodes = 4347, dt = 5.271007e-12, time = 3.579414e-08, elapsed = 1338.8 sec
Step =   8890: nodes = 4346, dt = 1.581302e-12, time = 3.579572e-08, elapsed = 1339.0 sec
Step =   8891: nodes = 4347, dt = 1.581302e-12, time = 3.579730e-08, elapsed = 1339.1 sec
Step =   8892: nodes = 4347, dt = 1.897562e-12, time = 3.579920e-08, elapsed = 1339.3 sec
Step =   8893: nodes = 4346, dt = 2.277075e-12, time = 3.580148e-08, elapsed = 1339.4 sec
Step =   8894: nodes = 4346, dt = 2.732490e-12, time = 3.580421e-08, elapsed = 1339.6 sec
Step =   8895: nodes = 4347, dt = 3.278988e-12, time = 3.580749e-08, elapsed = 1339.7 sec
Step =   8896: nodes = 4347, dt = 3.934785e-12, time = 3.581142e-08, elapsed = 1339.9 sec
Step =   8897: nodes = 4348, dt = 2.360871e-12, time = 3.581378e-08, elapsed = 1340.1 sec
Step =   8898: nodes = 4348, dt = 2.360871e-12, time = 3.581614e-08, elapsed = 1340.2 sec
Step =   8899: nodes = 4348, dt = 2.833046e-12, time = 3.581898e-08, elapsed = 1340.3 sec
Step =   8900: nodes = 4348, dt = 3.399655e-12, time = 3.582238e-08, elapsed = 1340.5 sec
Writing configuration in legacy data format
 Output file: /data/home/dg000246b/openDIS/inital_dislocation_structures/output_caseC_0.14%_seed12345/relax2/config.8900.data
Writing restart file
 Restart file: /data/home/dg000246b/openDIS/inital_dislocation_structures/output_caseC_0.14%_seed12345/relax2/restart.8900.exadis
Step =   8901: nodes = 4345, dt = 4.079586e-12, time = 3.582646e-08, elapsed = 1340.7 sec
Step =   8902: nodes = 4348, dt = 4.895503e-12, time = 3.583135e-08, elapsed = 1340.8 sec
Step =   8903: nodes = 4347, dt = 2.937302e-12, time = 3.583429e-08, elapsed = 1341.0 sec
Step =   8904: nodes = 4348, dt = 2.937302e-12, time = 3.583723e-08, elapsed = 1341.2 sec
Step =   8905: nodes = 4348, dt = 3.524762e-12, time = 3.584075e-08, elapsed = 1341.3 sec
Step =   8906: nodes = 4348, dt = 4.229714e-12, time = 3.584498e-08, elapsed = 1341.4 sec
Step =   8907: nodes = 4349, dt = 5.075657e-12, time = 3.585006e-08, elapsed = 1341.6 sec
Step =   8908: nodes = 4349, dt = 3.045394e-12, time = 3.585310e-08, elapsed = 1341.8 sec
Step =   8909: nodes = 4349, dt = 3.045394e-12, time = 3.585615e-08, elapsed = 1341.9 sec
Step =   8910: nodes = 4348, dt = 3.654473e-12, time = 3.585980e-08, elapsed = 1342.1 sec
Step =   8911: nodes = 4348, dt = 4.385368e-12, time = 3.586419e-08, elapsed = 1342.2 sec
Step =   8912: nodes = 4351, dt = 5.262441e-12, time = 3.586945e-08, elapsed = 1342.4 sec
Step =   8913: nodes = 4351, dt = 3.157465e-12, time = 3.587261e-08, elapsed = 1342.6 sec
Step =   8914: nodes = 4351, dt = 3.157465e-12, time = 3.587576e-08, elapsed = 1342.7 sec
Step =   8915: nodes = 4351, dt = 3.788958e-12, time = 3.587955e-08, elapsed = 1342.8 sec
Step =   8916: nodes = 4352, dt = 4.546749e-12, time = 3.588410e-08, elapsed = 1343.0 sec
Step =   8917: nodes = 4351, dt = 2.728050e-12, time = 3.588683e-08, elapsed = 1343.2 sec
Step =   8918: nodes = 4351, dt = 2.728050e-12, time = 3.588956e-08, elapsed = 1343.3 sec
Step =   8919: nodes = 4350, dt = 3.273660e-12, time = 3.589283e-08, elapsed = 1343.4 sec
Step =   8920: nodes = 4351, dt = 3.928391e-12, time = 3.589676e-08, elapsed = 1343.6 sec
Step =   8921: nodes = 4352, dt = 2.357035e-12, time = 3.589912e-08, elapsed = 1343.7 sec
Step =   8922: nodes = 4350, dt = 2.357035e-12, time = 3.590147e-08, elapsed = 1343.8 sec
Step =   8923: nodes = 4350, dt = 1.414221e-12, time = 3.590289e-08, elapsed = 1344.0 sec
Step =   8924: nodes = 4349, dt = 1.414221e-12, time = 3.590430e-08, elapsed = 1344.1 sec
Step =   8925: nodes = 4349, dt = 1.697065e-12, time = 3.590600e-08, elapsed = 1344.2 sec
Step =   8926: nodes = 4349, dt = 2.036478e-12, time = 3.590803e-08, elapsed = 1344.4 sec
Step =   8927: nodes = 4348, dt = 2.443774e-12, time = 3.591048e-08, elapsed = 1344.5 sec
Step =   8928: nodes = 4349, dt = 2.932529e-12, time = 3.591341e-08, elapsed = 1344.6 sec
Step =   8929: nodes = 4348, dt = 3.519034e-12, time = 3.591693e-08, elapsed = 1344.8 sec
Step =   8930: nodes = 4349, dt = 4.222841e-12, time = 3.592115e-08, elapsed = 1344.9 sec
Step =   8931: nodes = 4349, dt = 5.067409e-12, time = 3.592622e-08, elapsed = 1345.1 sec
Step =   8932: nodes = 4350, dt = 3.040446e-12, time = 3.592926e-08, elapsed = 1345.3 sec
Step =   8933: nodes = 4350, dt = 3.040446e-12, time = 3.593230e-08, elapsed = 1345.4 sec
Step =   8934: nodes = 4348, dt = 3.648535e-12, time = 3.593595e-08, elapsed = 1345.5 sec
Step =   8935: nodes = 4346, dt = 4.378242e-12, time = 3.594033e-08, elapsed = 1345.7 sec
Step =   8936: nodes = 4347, dt = 2.626945e-12, time = 3.594295e-08, elapsed = 1345.8 sec
Step =   8937: nodes = 4347, dt = 2.626945e-12, time = 3.594558e-08, elapsed = 1346.0 sec
Step =   8938: nodes = 4347, dt = 3.152334e-12, time = 3.594873e-08, elapsed = 1346.1 sec
Step =   8939: nodes = 4348, dt = 3.782801e-12, time = 3.595252e-08, elapsed = 1346.3 sec
Step =   8940: nodes = 4348, dt = 2.269680e-12, time = 3.595479e-08, elapsed = 1346.4 sec
Step =   8941: nodes = 4348, dt = 2.269680e-12, time = 3.595706e-08, elapsed = 1346.6 sec
Step =   8942: nodes = 4347, dt = 2.723617e-12, time = 3.595978e-08, elapsed = 1346.7 sec
Step =   8943: nodes = 4347, dt = 3.268340e-12, time = 3.596305e-08, elapsed = 1346.8 sec
Step =   8944: nodes = 4346, dt = 3.922008e-12, time = 3.596697e-08, elapsed = 1347.0 sec
Step =   8945: nodes = 4345, dt = 4.706409e-12, time = 3.597168e-08, elapsed = 1347.2 sec
Step =   8946: nodes = 4347, dt = 2.823846e-12, time = 3.597450e-08, elapsed = 1347.4 sec
Step =   8947: nodes = 4348, dt = 2.823846e-12, time = 3.597732e-08, elapsed = 1347.5 sec
Step =   8948: nodes = 4348, dt = 3.388615e-12, time = 3.598071e-08, elapsed = 1347.6 sec
Step =   8949: nodes = 4346, dt = 4.066338e-12, time = 3.598478e-08, elapsed = 1347.8 sec
Step =   8950: nodes = 4347, dt = 4.879605e-12, time = 3.598966e-08, elapsed = 1347.9 sec
Step =   8951: nodes = 4348, dt = 5.855526e-12, time = 3.599551e-08, elapsed = 1348.1 sec
Step =   8952: nodes = 4345, dt = 7.026632e-12, time = 3.600254e-08, elapsed = 1348.3 sec
Step =   8953: nodes = 4347, dt = 8.431958e-12, time = 3.601097e-08, elapsed = 1348.5 sec
Step =   8954: nodes = 4345, dt = 1.011835e-11, time = 3.602109e-08, elapsed = 1348.7 sec
Step =   8955: nodes = 4347, dt = 3.035505e-12, time = 3.602413e-08, elapsed = 1348.9 sec
Step =   8956: nodes = 4347, dt = 3.035505e-12, time = 3.602716e-08, elapsed = 1349.0 sec
Step =   8957: nodes = 4343, dt = 3.642606e-12, time = 3.603080e-08, elapsed = 1349.2 sec
Step =   8958: nodes = 4343, dt = 2.185563e-12, time = 3.603299e-08, elapsed = 1349.3 sec
Step =   8959: nodes = 4343, dt = 2.185563e-12, time = 3.603518e-08, elapsed = 1349.5 sec
Step =   8960: nodes = 4343, dt = 2.622676e-12, time = 3.603780e-08, elapsed = 1349.6 sec
Step =   8961: nodes = 4342, dt = 3.147211e-12, time = 3.604095e-08, elapsed = 1349.7 sec
Step =   8962: nodes = 4345, dt = 3.776654e-12, time = 3.604472e-08, elapsed = 1349.9 sec
Step =   8963: nodes = 4345, dt = 2.265992e-12, time = 3.604699e-08, elapsed = 1350.0 sec
Step =   8964: nodes = 4344, dt = 2.265992e-12, time = 3.604925e-08, elapsed = 1350.2 sec
Step =   8965: nodes = 4343, dt = 2.719191e-12, time = 3.605197e-08, elapsed = 1350.6 sec
Step =   8966: nodes = 4342, dt = 3.263029e-12, time = 3.605524e-08, elapsed = 1350.8 sec
Step =   8967: nodes = 4340, dt = 3.915635e-12, time = 3.605915e-08, elapsed = 1350.9 sec
Step =   8968: nodes = 4339, dt = 4.698761e-12, time = 3.606385e-08, elapsed = 1351.1 sec
Step =   8969: nodes = 4341, dt = 2.819257e-12, time = 3.606667e-08, elapsed = 1351.3 sec
Step =   8970: nodes = 4340, dt = 2.819257e-12, time = 3.606949e-08, elapsed = 1351.4 sec
Step =   8971: nodes = 4340, dt = 3.383108e-12, time = 3.607287e-08, elapsed = 1351.6 sec
Step =   8972: nodes = 4339, dt = 4.059730e-12, time = 3.607693e-08, elapsed = 1351.7 sec
Step =   8973: nodes = 4342, dt = 4.871676e-12, time = 3.608180e-08, elapsed = 1351.9 sec
Step =   8974: nodes = 4342, dt = 5.846011e-12, time = 3.608765e-08, elapsed = 1352.0 sec
Step =   8975: nodes = 4341, dt = 3.507607e-12, time = 3.609116e-08, elapsed = 1352.2 sec
Step =   8976: nodes = 4342, dt = 3.507607e-12, time = 3.609467e-08, elapsed = 1352.4 sec
Step =   8977: nodes = 4342, dt = 4.209128e-12, time = 3.609887e-08, elapsed = 1352.5 sec
Step =   8978: nodes = 4343, dt = 2.525477e-12, time = 3.610140e-08, elapsed = 1352.7 sec
Step =   8979: nodes = 4342, dt = 2.525477e-12, time = 3.610393e-08, elapsed = 1352.8 sec
Step =   8980: nodes = 4342, dt = 3.030572e-12, time = 3.610696e-08, elapsed = 1352.9 sec
Step =   8981: nodes = 4341, dt = 3.636687e-12, time = 3.611059e-08, elapsed = 1353.1 sec
Step =   8982: nodes = 4341, dt = 4.364024e-12, time = 3.611496e-08, elapsed = 1353.3 sec
Step =   8983: nodes = 4340, dt = 2.618414e-12, time = 3.611757e-08, elapsed = 1353.5 sec
Step =   8984: nodes = 4342, dt = 2.618414e-12, time = 3.612019e-08, elapsed = 1353.6 sec
Step =   8985: nodes = 4340, dt = 3.142097e-12, time = 3.612334e-08, elapsed = 1353.7 sec
Step =   8986: nodes = 4339, dt = 3.770517e-12, time = 3.612711e-08, elapsed = 1353.9 sec
Step =   8987: nodes = 4338, dt = 4.524620e-12, time = 3.613163e-08, elapsed = 1354.0 sec
Step =   8988: nodes = 4339, dt = 5.429544e-12, time = 3.613706e-08, elapsed = 1354.2 sec
Step =   8989: nodes = 4338, dt = 3.257726e-12, time = 3.614032e-08, elapsed = 1354.4 sec
Step =   8990: nodes = 4338, dt = 3.257726e-12, time = 3.614358e-08, elapsed = 1354.5 sec
Step =   8991: nodes = 4339, dt = 3.909272e-12, time = 3.614748e-08, elapsed = 1354.6 sec
Step =   8992: nodes = 4339, dt = 4.691126e-12, time = 3.615218e-08, elapsed = 1354.8 sec
Step =   8993: nodes = 4339, dt = 5.629351e-12, time = 3.615781e-08, elapsed = 1354.9 sec
Step =   8994: nodes = 4339, dt = 3.377611e-12, time = 3.616118e-08, elapsed = 1355.1 sec
Step =   8995: nodes = 4339, dt = 3.377611e-12, time = 3.616456e-08, elapsed = 1355.2 sec
Step =   8996: nodes = 4339, dt = 4.053133e-12, time = 3.616861e-08, elapsed = 1355.4 sec
Step =   8997: nodes = 4339, dt = 4.863759e-12, time = 3.617348e-08, elapsed = 1355.5 sec
Step =   8998: nodes = 4338, dt = 5.836511e-12, time = 3.617931e-08, elapsed = 1355.7 sec
Step =   8999: nodes = 4340, dt = 1.750953e-12, time = 3.618106e-08, elapsed = 1355.9 sec
Step =   9000: nodes = 4340, dt = 1.750953e-12, time = 3.618282e-08, elapsed = 1356.0 sec
Writing configuration in legacy data format
 Output file: /data/home/dg000246b/openDIS/inital_dislocation_structures/output_caseC_0.14%_seed12345/relax2/config.9000.data
Writing restart file
 Restart file: /data/home/dg000246b/openDIS/inital_dislocation_structures/output_caseC_0.14%_seed12345/relax2/restart.9000.exadis
Step =   9001: nodes = 4338, dt = 2.101144e-12, time = 3.618492e-08, elapsed = 1356.2 sec
Step =   9002: nodes = 4337, dt = 2.521373e-12, time = 3.618744e-08, elapsed = 1356.3 sec
Step =   9003: nodes = 4338, dt = 3.025647e-12, time = 3.619046e-08, elapsed = 1356.5 sec
Step =   9004: nodes = 4337, dt = 3.630777e-12, time = 3.619409e-08, elapsed = 1356.6 sec
Step =   9005: nodes = 4338, dt = 2.178466e-12, time = 3.619627e-08, elapsed = 1356.8 sec
Step =   9006: nodes = 4338, dt = 2.178466e-12, time = 3.619845e-08, elapsed = 1356.9 sec
Step =   9007: nodes = 4338, dt = 2.614159e-12, time = 3.620107e-08, elapsed = 1357.0 sec
Step =   9008: nodes = 4338, dt = 3.136991e-12, time = 3.620420e-08, elapsed = 1357.2 sec
Step =   9009: nodes = 4337, dt = 3.764390e-12, time = 3.620797e-08, elapsed = 1357.3 sec
Step =   9010: nodes = 4335, dt = 4.517267e-12, time = 3.621248e-08, elapsed = 1357.5 sec
Step =   9011: nodes = 4336, dt = 2.710360e-12, time = 3.621519e-08, elapsed = 1357.7 sec
Step =   9012: nodes = 4336, dt = 2.710360e-12, time = 3.621791e-08, elapsed = 1357.8 sec
Step =   9013: nodes = 4336, dt = 3.252433e-12, time = 3.622116e-08, elapsed = 1358.0 sec
Step =   9014: nodes = 4336, dt = 3.902919e-12, time = 3.622506e-08, elapsed = 1358.1 sec
Step =   9015: nodes = 4336, dt = 4.683503e-12, time = 3.622974e-08, elapsed = 1358.3 sec
Step =   9016: nodes = 4335, dt = 2.810102e-12, time = 3.623255e-08, elapsed = 1358.4 sec
Step =   9017: nodes = 4336, dt = 2.810102e-12, time = 3.623536e-08, elapsed = 1358.6 sec
Step =   9018: nodes = 4335, dt = 3.372122e-12, time = 3.623874e-08, elapsed = 1358.7 sec
Step =   9019: nodes = 4334, dt = 2.023273e-12, time = 3.624076e-08, elapsed = 1358.8 sec
Step =   9020: nodes = 4335, dt = 2.023273e-12, time = 3.624278e-08, elapsed = 1359.0 sec
Step =   9021: nodes = 4336, dt = 2.427928e-12, time = 3.624521e-08, elapsed = 1359.1 sec
Step =   9022: nodes = 4336, dt = 2.913513e-12, time = 3.624812e-08, elapsed = 1359.3 sec
Step =   9023: nodes = 4335, dt = 3.496216e-12, time = 3.625162e-08, elapsed = 1359.4 sec
Step =   9024: nodes = 4334, dt = 2.097730e-12, time = 3.625372e-08, elapsed = 1359.6 sec
Step =   9025: nodes = 4335, dt = 2.097730e-12, time = 3.625582e-08, elapsed = 1359.7 sec
Step =   9026: nodes = 4336, dt = 2.517276e-12, time = 3.625833e-08, elapsed = 1359.9 sec
Step =   9027: nodes = 4336, dt = 3.020731e-12, time = 3.626135e-08, elapsed = 1360.0 sec
Step =   9028: nodes = 4336, dt = 3.624877e-12, time = 3.626498e-08, elapsed = 1360.2 sec
Step =   9029: nodes = 4337, dt = 4.349852e-12, time = 3.626933e-08, elapsed = 1360.3 sec
Step =   9030: nodes = 4337, dt = 2.609911e-12, time = 3.627194e-08, elapsed = 1360.5 sec
Step =   9031: nodes = 4337, dt = 2.609911e-12, time = 3.627455e-08, elapsed = 1360.6 sec
Step =   9032: nodes = 4336, dt = 3.131894e-12, time = 3.627768e-08, elapsed = 1360.8 sec
Step =   9033: nodes = 4336, dt = 3.758272e-12, time = 3.628144e-08, elapsed = 1360.9 sec
Step =   9034: nodes = 4336, dt = 4.509927e-12, time = 3.628595e-08, elapsed = 1361.0 sec
Step =   9035: nodes = 4335, dt = 2.705956e-12, time = 3.628865e-08, elapsed = 1361.2 sec
Step =   9036: nodes = 4336, dt = 2.705956e-12, time = 3.629136e-08, elapsed = 1361.4 sec
Step =   9037: nodes = 4336, dt = 3.247147e-12, time = 3.629461e-08, elapsed = 1361.5 sec
Step =   9038: nodes = 4335, dt = 3.896577e-12, time = 3.629850e-08, elapsed = 1361.6 sec
Step =   9039: nodes = 4336, dt = 4.675892e-12, time = 3.630318e-08, elapsed = 1361.8 sec
Step =   9040: nodes = 4336, dt = 2.805535e-12, time = 3.630599e-08, elapsed = 1362.0 sec
Step =   9041: nodes = 4337, dt = 2.805535e-12, time = 3.630879e-08, elapsed = 1362.1 sec
Step =   9042: nodes = 4336, dt = 1.683321e-12, time = 3.631047e-08, elapsed = 1362.3 sec
Step =   9043: nodes = 4337, dt = 1.683321e-12, time = 3.631216e-08, elapsed = 1362.4 sec
Step =   9044: nodes = 4337, dt = 2.019985e-12, time = 3.631418e-08, elapsed = 1362.5 sec
Step =   9045: nodes = 4337, dt = 2.423983e-12, time = 3.631660e-08, elapsed = 1362.7 sec
Step =   9046: nodes = 4338, dt = 2.908779e-12, time = 3.631951e-08, elapsed = 1362.8 sec
Step =   9047: nodes = 4338, dt = 3.490535e-12, time = 3.632300e-08, elapsed = 1362.9 sec
Step =   9048: nodes = 4338, dt = 2.094321e-12, time = 3.632510e-08, elapsed = 1363.1 sec
Step =   9049: nodes = 4338, dt = 2.094321e-12, time = 3.632719e-08, elapsed = 1363.3 sec
Step =   9050: nodes = 4338, dt = 2.513185e-12, time = 3.632970e-08, elapsed = 1363.4 sec
Step =   9051: nodes = 4339, dt = 3.015822e-12, time = 3.633272e-08, elapsed = 1363.5 sec
Step =   9052: nodes = 4339, dt = 3.618986e-12, time = 3.633634e-08, elapsed = 1363.7 sec
Step =   9053: nodes = 4338, dt = 4.342784e-12, time = 3.634068e-08, elapsed = 1363.8 sec
Step =   9054: nodes = 4338, dt = 2.605670e-12, time = 3.634329e-08, elapsed = 1364.0 sec
Step =   9055: nodes = 4339, dt = 2.605670e-12, time = 3.634589e-08, elapsed = 1364.2 sec
Step =   9056: nodes = 4338, dt = 3.126804e-12, time = 3.634902e-08, elapsed = 1364.3 sec
Step =   9057: nodes = 4338, dt = 3.752165e-12, time = 3.635277e-08, elapsed = 1364.4 sec
Step =   9058: nodes = 4337, dt = 4.502598e-12, time = 3.635727e-08, elapsed = 1364.6 sec
Step =   9059: nodes = 4336, dt = 5.403118e-12, time = 3.636268e-08, elapsed = 1364.7 sec
Step =   9060: nodes = 4336, dt = 3.241871e-12, time = 3.636592e-08, elapsed = 1364.9 sec
Step =   9061: nodes = 4335, dt = 3.241871e-12, time = 3.636916e-08, elapsed = 1365.1 sec
Step =   9062: nodes = 4336, dt = 3.890245e-12, time = 3.637305e-08, elapsed = 1365.2 sec
Step =   9063: nodes = 4337, dt = 2.334147e-12, time = 3.637538e-08, elapsed = 1365.4 sec
Step =   9064: nodes = 4337, dt = 2.334147e-12, time = 3.637772e-08, elapsed = 1365.5 sec
Step =   9065: nodes = 4337, dt = 2.800976e-12, time = 3.638052e-08, elapsed = 1365.6 sec
Step =   9066: nodes = 4338, dt = 3.361172e-12, time = 3.638388e-08, elapsed = 1365.8 sec
Step =   9067: nodes = 4338, dt = 2.016703e-12, time = 3.638590e-08, elapsed = 1365.9 sec
Step =   9068: nodes = 4338, dt = 2.016703e-12, time = 3.638791e-08, elapsed = 1366.0 sec
Step =   9069: nodes = 4339, dt = 2.420044e-12, time = 3.639033e-08, elapsed = 1366.2 sec
Step =   9070: nodes = 4340, dt = 2.904052e-12, time = 3.639324e-08, elapsed = 1366.3 sec
Step =   9071: nodes = 4340, dt = 3.484863e-12, time = 3.639672e-08, elapsed = 1366.5 sec
Step =   9072: nodes = 4339, dt = 4.181835e-12, time = 3.640091e-08, elapsed = 1366.6 sec
Step =   9073: nodes = 4338, dt = 5.018202e-12, time = 3.640592e-08, elapsed = 1366.8 sec
Step =   9074: nodes = 4337, dt = 3.010921e-12, time = 3.640893e-08, elapsed = 1366.9 sec
Step =   9075: nodes = 4338, dt = 3.010921e-12, time = 3.641195e-08, elapsed = 1367.1 sec
Step =   9076: nodes = 4338, dt = 3.613106e-12, time = 3.641556e-08, elapsed = 1367.2 sec
Step =   9077: nodes = 4337, dt = 4.335727e-12, time = 3.641989e-08, elapsed = 1367.4 sec
Step =   9078: nodes = 4338, dt = 5.202872e-12, time = 3.642510e-08, elapsed = 1367.5 sec
Step =   9079: nodes = 4336, dt = 3.121723e-12, time = 3.642822e-08, elapsed = 1367.7 sec
Step =   9080: nodes = 4339, dt = 3.121723e-12, time = 3.643134e-08, elapsed = 1367.8 sec
Step =   9081: nodes = 4339, dt = 3.746068e-12, time = 3.643509e-08, elapsed = 1368.0 sec
Step =   9082: nodes = 4341, dt = 4.495281e-12, time = 3.643958e-08, elapsed = 1368.2 sec
Step =   9083: nodes = 4340, dt = 5.394338e-12, time = 3.644498e-08, elapsed = 1368.3 sec
Step =   9084: nodes = 4340, dt = 3.236603e-12, time = 3.644821e-08, elapsed = 1368.5 sec
Step =   9085: nodes = 4339, dt = 3.236603e-12, time = 3.645145e-08, elapsed = 1368.6 sec
Step =   9086: nodes = 4340, dt = 3.883923e-12, time = 3.645533e-08, elapsed = 1368.8 sec
Step =   9087: nodes = 4342, dt = 4.660708e-12, time = 3.645999e-08, elapsed = 1368.9 sec
Step =   9088: nodes = 4340, dt = 5.592849e-12, time = 3.646559e-08, elapsed = 1369.1 sec
Step =   9089: nodes = 4341, dt = 3.355710e-12, time = 3.646894e-08, elapsed = 1369.3 sec
Step =   9090: nodes = 4340, dt = 3.355710e-12, time = 3.647230e-08, elapsed = 1369.4 sec
Step =   9091: nodes = 4340, dt = 4.026852e-12, time = 3.647633e-08, elapsed = 1369.6 sec
Step =   9092: nodes = 4339, dt = 2.416111e-12, time = 3.647874e-08, elapsed = 1369.7 sec
Step =   9093: nodes = 4340, dt = 2.416111e-12, time = 3.648116e-08, elapsed = 1369.9 sec
Step =   9094: nodes = 4340, dt = 2.899333e-12, time = 3.648406e-08, elapsed = 1370.0 sec
Step =   9095: nodes = 4340, dt = 3.479200e-12, time = 3.648754e-08, elapsed = 1370.1 sec
Step =   9096: nodes = 4340, dt = 4.175040e-12, time = 3.649171e-08, elapsed = 1370.3 sec
Step =   9097: nodes = 4341, dt = 2.505024e-12, time = 3.649422e-08, elapsed = 1370.5 sec
Step =   9098: nodes = 4339, dt = 2.505024e-12, time = 3.649672e-08, elapsed = 1370.6 sec
Step =   9099: nodes = 4340, dt = 3.006029e-12, time = 3.649973e-08, elapsed = 1370.7 sec
Step =   9100: nodes = 4340, dt = 3.607234e-12, time = 3.650333e-08, elapsed = 1370.9 sec
Writing configuration in legacy data format
 Output file: /data/home/dg000246b/openDIS/inital_dislocation_structures/output_caseC_0.14%_seed12345/relax2/config.9100.data
Writing restart file
 Restart file: /data/home/dg000246b/openDIS/inital_dislocation_structures/output_caseC_0.14%_seed12345/relax2/restart.9100.exadis
Step =   9101: nodes = 4340, dt = 4.328681e-12, time = 3.650766e-08, elapsed = 1371.1 sec
Step =   9102: nodes = 4339, dt = 5.194417e-12, time = 3.651286e-08, elapsed = 1371.2 sec
Step =   9103: nodes = 4338, dt = 6.233301e-12, time = 3.651909e-08, elapsed = 1371.4 sec
Step =   9104: nodes = 4338, dt = 7.479961e-12, time = 3.652657e-08, elapsed = 1371.6 sec
Step =   9105: nodes = 4337, dt = 8.975953e-12, time = 3.653555e-08, elapsed = 1371.8 sec
Step =   9106: nodes = 4339, dt = 5.385572e-12, time = 3.654093e-08, elapsed = 1371.9 sec
Step =   9107: nodes = 4339, dt = 2.692786e-12, time = 3.654362e-08, elapsed = 1372.1 sec
Step =   9108: nodes = 4339, dt = 2.692786e-12, time = 3.654632e-08, elapsed = 1372.2 sec
Step =   9109: nodes = 4339, dt = 3.231343e-12, time = 3.654955e-08, elapsed = 1372.4 sec
Step =   9110: nodes = 4338, dt = 1.938806e-12, time = 3.655149e-08, elapsed = 1372.5 sec
Step =   9111: nodes = 4338, dt = 1.938806e-12, time = 3.655343e-08, elapsed = 1372.6 sec
Step =   9112: nodes = 4337, dt = 2.326567e-12, time = 3.655575e-08, elapsed = 1372.8 sec
Step =   9113: nodes = 4336, dt = 2.791881e-12, time = 3.655855e-08, elapsed = 1372.9 sec
Step =   9114: nodes = 4335, dt = 3.350257e-12, time = 3.656190e-08, elapsed = 1373.0 sec
Step =   9115: nodes = 4336, dt = 4.020308e-12, time = 3.656592e-08, elapsed = 1373.2 sec
Step =   9116: nodes = 4336, dt = 2.412185e-12, time = 3.656833e-08, elapsed = 1373.3 sec
Step =   9117: nodes = 4334, dt = 2.412185e-12, time = 3.657074e-08, elapsed = 1373.5 sec
Step =   9118: nodes = 4335, dt = 2.894622e-12, time = 3.657363e-08, elapsed = 1373.6 sec
Step =   9119: nodes = 4335, dt = 3.473546e-12, time = 3.657711e-08, elapsed = 1373.7 sec
Step =   9120: nodes = 4336, dt = 4.168255e-12, time = 3.658128e-08, elapsed = 1373.9 sec
Step =   9121: nodes = 4338, dt = 5.001906e-12, time = 3.658628e-08, elapsed = 1374.0 sec
Step =   9122: nodes = 4332, dt = 6.002288e-12, time = 3.659228e-08, elapsed = 1374.2 sec
Step =   9123: nodes = 4334, dt = 7.202745e-12, time = 3.659948e-08, elapsed = 1374.3 sec
Step =   9124: nodes = 4339, dt = 8.643294e-12, time = 3.660813e-08, elapsed = 1374.5 sec
Step =   9125: nodes = 4341, dt = 2.592988e-12, time = 3.661072e-08, elapsed = 1374.7 sec
Step =   9126: nodes = 4341, dt = 2.592988e-12, time = 3.661331e-08, elapsed = 1374.8 sec
Step =   9127: nodes = 4341, dt = 3.111586e-12, time = 3.661642e-08, elapsed = 1374.9 sec
Step =   9128: nodes = 4340, dt = 3.733903e-12, time = 3.662016e-08, elapsed = 1375.1 sec
Step =   9129: nodes = 4341, dt = 4.480684e-12, time = 3.662464e-08, elapsed = 1375.2 sec
Step =   9130: nodes = 4341, dt = 5.376820e-12, time = 3.663002e-08, elapsed = 1375.4 sec
Step =   9131: nodes = 4340, dt = 6.452185e-12, time = 3.663647e-08, elapsed = 1375.5 sec
Step =   9132: nodes = 4340, dt = 7.742621e-12, time = 3.664421e-08, elapsed = 1375.7 sec
Step =   9133: nodes = 4343, dt = 4.645573e-12, time = 3.664886e-08, elapsed = 1375.8 sec
Step =   9134: nodes = 4343, dt = 2.322786e-12, time = 3.665118e-08, elapsed = 1376.0 sec
Step =   9135: nodes = 4343, dt = 2.322786e-12, time = 3.665350e-08, elapsed = 1376.1 sec
Step =   9136: nodes = 4343, dt = 2.787344e-12, time = 3.665629e-08, elapsed = 1376.3 sec
Step =   9137: nodes = 4343, dt = 3.344812e-12, time = 3.665963e-08, elapsed = 1376.4 sec
Step =   9138: nodes = 4344, dt = 4.013775e-12, time = 3.666365e-08, elapsed = 1376.5 sec
Step =   9139: nodes = 4344, dt = 2.408265e-12, time = 3.666606e-08, elapsed = 1376.7 sec
Step =   9140: nodes = 4343, dt = 2.408265e-12, time = 3.666846e-08, elapsed = 1376.8 sec
Step =   9141: nodes = 4343, dt = 2.889918e-12, time = 3.667135e-08, elapsed = 1376.9 sec
Step =   9142: nodes = 4342, dt = 3.467902e-12, time = 3.667482e-08, elapsed = 1377.1 sec
Step =   9143: nodes = 4342, dt = 4.161482e-12, time = 3.667898e-08, elapsed = 1377.2 sec
Step =   9144: nodes = 4342, dt = 4.993778e-12, time = 3.668398e-08, elapsed = 1377.4 sec
Step =   9145: nodes = 4343, dt = 2.996267e-12, time = 3.668697e-08, elapsed = 1377.5 sec
Step =   9146: nodes = 4343, dt = 2.996267e-12, time = 3.668997e-08, elapsed = 1377.6 sec
Step =   9147: nodes = 4343, dt = 3.595520e-12, time = 3.669357e-08, elapsed = 1377.8 sec
Step =   9148: nodes = 4343, dt = 4.314624e-12, time = 3.669788e-08, elapsed = 1377.9 sec
Step =   9149: nodes = 4343, dt = 5.177549e-12, time = 3.670306e-08, elapsed = 1378.0 sec
Step =   9150: nodes = 4344, dt = 1.553265e-12, time = 3.670461e-08, elapsed = 1378.2 sec
Step =   9151: nodes = 4344, dt = 1.553265e-12, time = 3.670616e-08, elapsed = 1378.4 sec
Step =   9152: nodes = 4343, dt = 1.863918e-12, time = 3.670803e-08, elapsed = 1378.5 sec
Step =   9153: nodes = 4342, dt = 2.236701e-12, time = 3.671026e-08, elapsed = 1378.6 sec
Step =   9154: nodes = 4343, dt = 2.684042e-12, time = 3.671295e-08, elapsed = 1378.7 sec
Step =   9155: nodes = 4342, dt = 1.610425e-12, time = 3.671456e-08, elapsed = 1378.9 sec
Step =   9156: nodes = 4343, dt = 1.610425e-12, time = 3.671617e-08, elapsed = 1379.0 sec
Step =   9157: nodes = 4343, dt = 1.932510e-12, time = 3.671810e-08, elapsed = 1379.1 sec
Step =   9158: nodes = 4342, dt = 2.319012e-12, time = 3.672042e-08, elapsed = 1379.3 sec
Step =   9159: nodes = 4341, dt = 2.782814e-12, time = 3.672320e-08, elapsed = 1379.4 sec
Step =   9160: nodes = 4341, dt = 3.339377e-12, time = 3.672654e-08, elapsed = 1379.6 sec
Step =   9161: nodes = 4342, dt = 2.003626e-12, time = 3.672855e-08, elapsed = 1379.7 sec
Step =   9162: nodes = 4341, dt = 2.003626e-12, time = 3.673055e-08, elapsed = 1379.9 sec
Step =   9163: nodes = 4340, dt = 2.404352e-12, time = 3.673295e-08, elapsed = 1380.0 sec
Step =   9164: nodes = 4341, dt = 2.885222e-12, time = 3.673584e-08, elapsed = 1380.1 sec
Step =   9165: nodes = 4340, dt = 3.462266e-12, time = 3.673930e-08, elapsed = 1380.6 sec
Step =   9166: nodes = 4341, dt = 4.154719e-12, time = 3.674346e-08, elapsed = 1380.8 sec
Step =   9167: nodes = 4341, dt = 2.492832e-12, time = 3.674595e-08, elapsed = 1380.9 sec
Step =   9168: nodes = 4341, dt = 2.492832e-12, time = 3.674844e-08, elapsed = 1381.0 sec
Step =   9169: nodes = 4340, dt = 2.991398e-12, time = 3.675143e-08, elapsed = 1381.2 sec
Step =   9170: nodes = 4340, dt = 3.589678e-12, time = 3.675502e-08, elapsed = 1381.4 sec
Step =   9171: nodes = 4341, dt = 4.307613e-12, time = 3.675933e-08, elapsed = 1381.5 sec
Step =   9172: nodes = 4341, dt = 2.584568e-12, time = 3.676192e-08, elapsed = 1381.7 sec
Step =   9173: nodes = 4342, dt = 2.584568e-12, time = 3.676450e-08, elapsed = 1381.8 sec
Step =   9174: nodes = 4342, dt = 3.101481e-12, time = 3.676760e-08, elapsed = 1382.0 sec
Step =   9175: nodes = 4343, dt = 3.721778e-12, time = 3.677132e-08, elapsed = 1382.1 sec
Step =   9176: nodes = 4342, dt = 4.466133e-12, time = 3.677579e-08, elapsed = 1382.3 sec
Step =   9177: nodes = 4343, dt = 2.679680e-12, time = 3.677847e-08, elapsed = 1382.5 sec
Step =   9178: nodes = 4342, dt = 2.679680e-12, time = 3.678115e-08, elapsed = 1382.6 sec
Step =   9179: nodes = 4343, dt = 3.215616e-12, time = 3.678436e-08, elapsed = 1382.8 sec
Step =   9180: nodes = 4343, dt = 3.858739e-12, time = 3.678822e-08, elapsed = 1382.9 sec
Step =   9181: nodes = 4344, dt = 4.630487e-12, time = 3.679285e-08, elapsed = 1383.1 sec
Step =   9182: nodes = 4343, dt = 2.778292e-12, time = 3.679563e-08, elapsed = 1383.3 sec
Step =   9183: nodes = 4343, dt = 1.389146e-12, time = 3.679702e-08, elapsed = 1383.4 sec
Step =   9184: nodes = 4344, dt = 1.389146e-12, time = 3.679841e-08, elapsed = 1383.6 sec
Step =   9185: nodes = 4344, dt = 1.666975e-12, time = 3.680008e-08, elapsed = 1383.7 sec
Step =   9186: nodes = 4344, dt = 2.000370e-12, time = 3.680208e-08, elapsed = 1383.8 sec
Step =   9187: nodes = 4343, dt = 2.400444e-12, time = 3.680448e-08, elapsed = 1384.0 sec
Step =   9188: nodes = 4342, dt = 2.880533e-12, time = 3.680736e-08, elapsed = 1384.1 sec
Step =   9189: nodes = 4344, dt = 3.456640e-12, time = 3.681082e-08, elapsed = 1384.3 sec
Step =   9190: nodes = 4344, dt = 4.147968e-12, time = 3.681496e-08, elapsed = 1384.4 sec
Step =   9191: nodes = 4345, dt = 2.488781e-12, time = 3.681745e-08, elapsed = 1384.6 sec
Step =   9192: nodes = 4344, dt = 2.488781e-12, time = 3.681994e-08, elapsed = 1384.7 sec
Step =   9193: nodes = 4344, dt = 2.986537e-12, time = 3.682293e-08, elapsed = 1384.9 sec
Step =   9194: nodes = 4344, dt = 3.583844e-12, time = 3.682651e-08, elapsed = 1385.0 sec
Step =   9195: nodes = 4344, dt = 4.300613e-12, time = 3.683081e-08, elapsed = 1385.2 sec
Step =   9196: nodes = 4345, dt = 2.580368e-12, time = 3.683339e-08, elapsed = 1385.3 sec
Step =   9197: nodes = 4345, dt = 2.580368e-12, time = 3.683597e-08, elapsed = 1385.5 sec
Step =   9198: nodes = 4344, dt = 3.096442e-12, time = 3.683907e-08, elapsed = 1385.6 sec
Step =   9199: nodes = 4344, dt = 3.715730e-12, time = 3.684279e-08, elapsed = 1385.7 sec
Step =   9200: nodes = 4346, dt = 4.458876e-12, time = 3.684724e-08, elapsed = 1385.9 sec
Writing configuration in legacy data format
 Output file: /data/home/dg000246b/openDIS/inital_dislocation_structures/output_caseC_0.14%_seed12345/relax2/config.9200.data
Writing restart file
 Restart file: /data/home/dg000246b/openDIS/inital_dislocation_structures/output_caseC_0.14%_seed12345/relax2/restart.9200.exadis
Step =   9201: nodes = 4344, dt = 5.350651e-12, time = 3.685259e-08, elapsed = 1386.1 sec
Step =   9202: nodes = 4346, dt = 3.210391e-12, time = 3.685580e-08, elapsed = 1386.3 sec
Step =   9203: nodes = 4346, dt = 3.210391e-12, time = 3.685902e-08, elapsed = 1386.4 sec
Step =   9204: nodes = 4346, dt = 3.852469e-12, time = 3.686287e-08, elapsed = 1386.6 sec
Step =   9205: nodes = 4346, dt = 4.622962e-12, time = 3.686749e-08, elapsed = 1386.7 sec
Step =   9206: nodes = 4345, dt = 5.547555e-12, time = 3.687304e-08, elapsed = 1386.9 sec
Step =   9207: nodes = 4343, dt = 3.328533e-12, time = 3.687637e-08, elapsed = 1387.0 sec
Step =   9208: nodes = 4346, dt = 3.328533e-12, time = 3.687970e-08, elapsed = 1387.2 sec
Step =   9209: nodes = 4345, dt = 3.994240e-12, time = 3.688369e-08, elapsed = 1387.3 sec
Step =   9210: nodes = 4345, dt = 4.793087e-12, time = 3.688848e-08, elapsed = 1387.5 sec
Step =   9211: nodes = 4346, dt = 5.751705e-12, time = 3.689423e-08, elapsed = 1387.6 sec
Step =   9212: nodes = 4345, dt = 3.451023e-12, time = 3.689769e-08, elapsed = 1387.8 sec
Step =   9213: nodes = 4345, dt = 3.451023e-12, time = 3.690114e-08, elapsed = 1388.0 sec
Step =   9214: nodes = 4345, dt = 4.141228e-12, time = 3.690528e-08, elapsed = 1388.1 sec
Step =   9215: nodes = 4344, dt = 2.484737e-12, time = 3.690776e-08, elapsed = 1388.3 sec
Step =   9216: nodes = 4343, dt = 2.484737e-12, time = 3.691025e-08, elapsed = 1388.4 sec
Step =   9217: nodes = 4342, dt = 2.981684e-12, time = 3.691323e-08, elapsed = 1388.6 sec
Step =   9218: nodes = 4344, dt = 3.578021e-12, time = 3.691681e-08, elapsed = 1388.8 sec
Step =   9219: nodes = 4342, dt = 4.293625e-12, time = 3.692110e-08, elapsed = 1388.9 sec
Step =   9220: nodes = 4343, dt = 2.576175e-12, time = 3.692368e-08, elapsed = 1389.1 sec
Step =   9221: nodes = 4344, dt = 2.576175e-12, time = 3.692625e-08, elapsed = 1389.3 sec
Step =   9222: nodes = 4343, dt = 3.091410e-12, time = 3.692934e-08, elapsed = 1389.4 sec
Step =   9223: nodes = 4343, dt = 3.709692e-12, time = 3.693305e-08, elapsed = 1389.5 sec
Step =   9224: nodes = 4344, dt = 4.451630e-12, time = 3.693751e-08, elapsed = 1389.7 sec
Step =   9225: nodes = 4343, dt = 2.670978e-12, time = 3.694018e-08, elapsed = 1389.9 sec
Step =   9226: nodes = 4343, dt = 2.670978e-12, time = 3.694285e-08, elapsed = 1390.0 sec
Step =   9227: nodes = 4343, dt = 3.205174e-12, time = 3.694605e-08, elapsed = 1390.2 sec
Step =   9228: nodes = 4343, dt = 3.846208e-12, time = 3.694990e-08, elapsed = 1390.3 sec
Step =   9229: nodes = 4343, dt = 4.615450e-12, time = 3.695451e-08, elapsed = 1390.5 sec
Step =   9230: nodes = 4342, dt = 5.538540e-12, time = 3.696005e-08, elapsed = 1390.7 sec
Step =   9231: nodes = 4345, dt = 6.646248e-12, time = 3.696670e-08, elapsed = 1390.8 sec
Step =   9232: nodes = 4343, dt = 7.975498e-12, time = 3.697467e-08, elapsed = 1391.0 sec
Step =   9233: nodes = 4347, dt = 4.785299e-12, time = 3.697946e-08, elapsed = 1391.2 sec
Step =   9234: nodes = 4347, dt = 2.392649e-12, time = 3.698185e-08, elapsed = 1391.4 sec
Step =   9235: nodes = 4346, dt = 2.392649e-12, time = 3.698425e-08, elapsed = 1391.5 sec
Step =   9236: nodes = 4345, dt = 2.871179e-12, time = 3.698712e-08, elapsed = 1391.6 sec
Step =   9237: nodes = 4346, dt = 3.445415e-12, time = 3.699056e-08, elapsed = 1391.8 sec
Step =   9238: nodes = 4348, dt = 4.134498e-12, time = 3.699470e-08, elapsed = 1391.9 sec
Step =   9239: nodes = 4348, dt = 4.961398e-12, time = 3.699966e-08, elapsed = 1392.1 sec
Step =   9240: nodes = 4349, dt = 5.953677e-12, time = 3.700561e-08, elapsed = 1392.2 sec
Step =   9241: nodes = 4347, dt = 3.572206e-12, time = 3.700918e-08, elapsed = 1392.4 sec
Step =   9242: nodes = 4347, dt = 3.572206e-12, time = 3.701276e-08, elapsed = 1392.6 sec
Step =   9243: nodes = 4347, dt = 2.143324e-12, time = 3.701490e-08, elapsed = 1392.7 sec
Step =   9244: nodes = 4347, dt = 2.143324e-12, time = 3.701704e-08, elapsed = 1392.8 sec
Step =   9245: nodes = 4348, dt = 2.571989e-12, time = 3.701961e-08, elapsed = 1393.0 sec
Step =   9246: nodes = 4346, dt = 3.086386e-12, time = 3.702270e-08, elapsed = 1393.2 sec
Step =   9247: nodes = 4345, dt = 3.703664e-12, time = 3.702640e-08, elapsed = 1393.3 sec
Step =   9248: nodes = 4346, dt = 4.444396e-12, time = 3.703085e-08, elapsed = 1393.4 sec
Step =   9249: nodes = 4345, dt = 5.333275e-12, time = 3.703618e-08, elapsed = 1393.6 sec
Step =   9250: nodes = 4347, dt = 3.199965e-12, time = 3.703938e-08, elapsed = 1393.8 sec
Step =   9251: nodes = 4345, dt = 3.199965e-12, time = 3.704258e-08, elapsed = 1393.9 sec
Step =   9252: nodes = 4347, dt = 3.839958e-12, time = 3.704642e-08, elapsed = 1394.0 sec
Step =   9253: nodes = 4346, dt = 2.303975e-12, time = 3.704873e-08, elapsed = 1394.2 sec
Step =   9254: nodes = 4346, dt = 2.303975e-12, time = 3.705103e-08, elapsed = 1394.4 sec
Step =   9255: nodes = 4346, dt = 2.764770e-12, time = 3.705379e-08, elapsed = 1394.5 sec
Step =   9256: nodes = 4346, dt = 3.317724e-12, time = 3.705711e-08, elapsed = 1394.7 sec
Step =   9257: nodes = 4345, dt = 3.981269e-12, time = 3.706109e-08, elapsed = 1394.8 sec
Step =   9258: nodes = 4346, dt = 2.388761e-12, time = 3.706348e-08, elapsed = 1395.0 sec
Step =   9259: nodes = 4346, dt = 1.194381e-12, time = 3.706468e-08, elapsed = 1395.1 sec
Step =   9260: nodes = 4346, dt = 1.194381e-12, time = 3.706587e-08, elapsed = 1395.3 sec
Step =   9261: nodes = 4346, dt = 1.433257e-12, time = 3.706730e-08, elapsed = 1395.4 sec
Step =   9262: nodes = 4346, dt = 1.719908e-12, time = 3.706902e-08, elapsed = 1395.5 sec
Step =   9263: nodes = 4343, dt = 2.063890e-12, time = 3.707109e-08, elapsed = 1395.7 sec
Step =   9264: nodes = 4343, dt = 2.476668e-12, time = 3.707357e-08, elapsed = 1395.8 sec
Step =   9265: nodes = 4344, dt = 2.972001e-12, time = 3.707654e-08, elapsed = 1396.0 sec
Step =   9266: nodes = 4343, dt = 3.566401e-12, time = 3.708010e-08, elapsed = 1396.1 sec
Step =   9267: nodes = 4343, dt = 4.279682e-12, time = 3.708438e-08, elapsed = 1396.3 sec
Step =   9268: nodes = 4344, dt = 5.135618e-12, time = 3.708952e-08, elapsed = 1396.4 sec
Step =   9269: nodes = 4344, dt = 6.162742e-12, time = 3.709568e-08, elapsed = 1396.6 sec
Step =   9270: nodes = 4347, dt = 7.395290e-12, time = 3.710308e-08, elapsed = 1396.8 sec
Step =   9271: nodes = 4348, dt = 4.437174e-12, time = 3.710751e-08, elapsed = 1396.9 sec
Step =   9272: nodes = 4349, dt = 2.218587e-12, time = 3.710973e-08, elapsed = 1397.1 sec
Step =   9273: nodes = 4347, dt = 2.218587e-12, time = 3.711195e-08, elapsed = 1397.2 sec
Step =   9274: nodes = 4348, dt = 2.662304e-12, time = 3.711461e-08, elapsed = 1397.3 sec
Step =   9275: nodes = 4348, dt = 3.194765e-12, time = 3.711781e-08, elapsed = 1397.5 sec
Step =   9276: nodes = 4348, dt = 3.833718e-12, time = 3.712164e-08, elapsed = 1397.6 sec
Step =   9277: nodes = 4348, dt = 4.600462e-12, time = 3.712624e-08, elapsed = 1397.8 sec
Step =   9278: nodes = 4347, dt = 5.520554e-12, time = 3.713176e-08, elapsed = 1398.0 sec
Step =   9279: nodes = 4348, dt = 3.312333e-12, time = 3.713508e-08, elapsed = 1398.1 sec
Step =   9280: nodes = 4347, dt = 1.656166e-12, time = 3.713673e-08, elapsed = 1398.3 sec
Step =   9281: nodes = 4346, dt = 1.656166e-12, time = 3.713839e-08, elapsed = 1398.4 sec
Step =   9282: nodes = 4346, dt = 1.987400e-12, time = 3.714038e-08, elapsed = 1398.6 sec
Step =   9283: nodes = 4348, dt = 2.384880e-12, time = 3.714276e-08, elapsed = 1398.7 sec
Step =   9284: nodes = 4348, dt = 2.861855e-12, time = 3.714562e-08, elapsed = 1398.8 sec
Step =   9285: nodes = 4348, dt = 1.717113e-12, time = 3.714734e-08, elapsed = 1399.0 sec
Step =   9286: nodes = 4349, dt = 1.717113e-12, time = 3.714906e-08, elapsed = 1399.1 sec
Step =   9287: nodes = 4349, dt = 2.060536e-12, time = 3.715112e-08, elapsed = 1399.3 sec
Step =   9288: nodes = 4348, dt = 2.472643e-12, time = 3.715359e-08, elapsed = 1399.4 sec
Step =   9289: nodes = 4347, dt = 2.967172e-12, time = 3.715656e-08, elapsed = 1399.6 sec
Step =   9290: nodes = 4347, dt = 3.560606e-12, time = 3.716012e-08, elapsed = 1399.7 sec
Step =   9291: nodes = 4347, dt = 2.136364e-12, time = 3.716225e-08, elapsed = 1399.9 sec
Step =   9292: nodes = 4347, dt = 2.136364e-12, time = 3.716439e-08, elapsed = 1400.0 sec
Step =   9293: nodes = 4346, dt = 2.563636e-12, time = 3.716695e-08, elapsed = 1400.2 sec
Step =   9294: nodes = 4345, dt = 3.076364e-12, time = 3.717003e-08, elapsed = 1400.4 sec
Step =   9295: nodes = 4344, dt = 3.691636e-12, time = 3.717372e-08, elapsed = 1400.5 sec
Step =   9296: nodes = 4345, dt = 4.429964e-12, time = 3.717815e-08, elapsed = 1400.7 sec
Step =   9297: nodes = 4346, dt = 2.657978e-12, time = 3.718081e-08, elapsed = 1400.8 sec
Step =   9298: nodes = 4346, dt = 2.657978e-12, time = 3.718347e-08, elapsed = 1401.0 sec
Step =   9299: nodes = 4344, dt = 3.189574e-12, time = 3.718666e-08, elapsed = 1401.1 sec
Step =   9300: nodes = 4345, dt = 3.827489e-12, time = 3.719048e-08, elapsed = 1401.3 sec
Writing configuration in legacy data format
 Output file: /data/home/dg000246b/openDIS/inital_dislocation_structures/output_caseC_0.14%_seed12345/relax2/config.9300.data
Writing restart file
 Restart file: /data/home/dg000246b/openDIS/inital_dislocation_structures/output_caseC_0.14%_seed12345/relax2/restart.9300.exadis
Step =   9301: nodes = 4343, dt = 4.592986e-12, time = 3.719508e-08, elapsed = 1401.5 sec
Step =   9302: nodes = 4345, dt = 2.755792e-12, time = 3.719783e-08, elapsed = 1401.7 sec
Step =   9303: nodes = 4346, dt = 2.755792e-12, time = 3.720059e-08, elapsed = 1401.8 sec
Step =   9304: nodes = 4346, dt = 3.306950e-12, time = 3.720390e-08, elapsed = 1402.0 sec
Step =   9305: nodes = 4346, dt = 1.984170e-12, time = 3.720588e-08, elapsed = 1402.1 sec
Step =   9306: nodes = 4346, dt = 1.984170e-12, time = 3.720786e-08, elapsed = 1402.3 sec
Step =   9307: nodes = 4347, dt = 2.381004e-12, time = 3.721025e-08, elapsed = 1402.4 sec
Step =   9308: nodes = 4346, dt = 2.857205e-12, time = 3.721310e-08, elapsed = 1402.6 sec
Step =   9309: nodes = 4347, dt = 3.428646e-12, time = 3.721653e-08, elapsed = 1402.7 sec
Step =   9310: nodes = 4347, dt = 4.114375e-12, time = 3.722065e-08, elapsed = 1402.9 sec
Step =   9311: nodes = 4347, dt = 2.468625e-12, time = 3.722311e-08, elapsed = 1403.0 sec
Step =   9312: nodes = 4348, dt = 2.468625e-12, time = 3.722558e-08, elapsed = 1403.2 sec
Step =   9313: nodes = 4348, dt = 2.962350e-12, time = 3.722854e-08, elapsed = 1403.3 sec
Step =   9314: nodes = 4348, dt = 3.554820e-12, time = 3.723210e-08, elapsed = 1403.5 sec
Step =   9315: nodes = 4348, dt = 4.265784e-12, time = 3.723637e-08, elapsed = 1403.6 sec
Step =   9316: nodes = 4348, dt = 5.118941e-12, time = 3.724148e-08, elapsed = 1403.8 sec
Step =   9317: nodes = 4349, dt = 1.535682e-12, time = 3.724302e-08, elapsed = 1404.0 sec
Step =   9318: nodes = 4349, dt = 1.535682e-12, time = 3.724456e-08, elapsed = 1404.1 sec
Step =   9319: nodes = 4348, dt = 1.842819e-12, time = 3.724640e-08, elapsed = 1404.2 sec
Step =   9320: nodes = 4349, dt = 1.105691e-12, time = 3.724750e-08, elapsed = 1404.4 sec
Step =   9321: nodes = 4348, dt = 1.105691e-12, time = 3.724861e-08, elapsed = 1404.5 sec
Step =   9322: nodes = 4347, dt = 1.326829e-12, time = 3.724994e-08, elapsed = 1404.6 sec
Step =   9323: nodes = 4348, dt = 1.592195e-12, time = 3.725153e-08, elapsed = 1404.7 sec
Step =   9324: nodes = 4348, dt = 1.910634e-12, time = 3.725344e-08, elapsed = 1404.9 sec
Step =   9325: nodes = 4347, dt = 2.292761e-12, time = 3.725573e-08, elapsed = 1405.0 sec
Step =   9326: nodes = 4348, dt = 2.751314e-12, time = 3.725848e-08, elapsed = 1405.1 sec
Step =   9327: nodes = 4350, dt = 3.301576e-12, time = 3.726179e-08, elapsed = 1405.3 sec
Step =   9328: nodes = 4350, dt = 1.980946e-12, time = 3.726377e-08, elapsed = 1405.5 sec
Step =   9329: nodes = 4349, dt = 1.980946e-12, time = 3.726575e-08, elapsed = 1405.6 sec
Step =   9330: nodes = 4349, dt = 2.377135e-12, time = 3.726812e-08, elapsed = 1405.7 sec
Step =   9331: nodes = 4346, dt = 2.852562e-12, time = 3.727098e-08, elapsed = 1405.9 sec
Step =   9332: nodes = 4348, dt = 3.423074e-12, time = 3.727440e-08, elapsed = 1406.0 sec
Step =   9333: nodes = 4348, dt = 4.107689e-12, time = 3.727851e-08, elapsed = 1406.1 sec
Step =   9334: nodes = 4348, dt = 4.929227e-12, time = 3.728344e-08, elapsed = 1406.3 sec
Step =   9335: nodes = 4349, dt = 2.957536e-12, time = 3.728639e-08, elapsed = 1406.5 sec
Step =   9336: nodes = 4349, dt = 1.478768e-12, time = 3.728787e-08, elapsed = 1406.6 sec
Step =   9337: nodes = 4350, dt = 1.478768e-12, time = 3.728935e-08, elapsed = 1406.7 sec
Step =   9338: nodes = 4350, dt = 1.774522e-12, time = 3.729113e-08, elapsed = 1406.9 sec
Step =   9339: nodes = 4350, dt = 2.129426e-12, time = 3.729326e-08, elapsed = 1407.0 sec
Step =   9340: nodes = 4350, dt = 2.555311e-12, time = 3.729581e-08, elapsed = 1407.1 sec
Step =   9341: nodes = 4350, dt = 3.066374e-12, time = 3.729888e-08, elapsed = 1407.3 sec
Step =   9342: nodes = 4350, dt = 3.679648e-12, time = 3.730256e-08, elapsed = 1407.4 sec
Step =   9343: nodes = 4351, dt = 4.415578e-12, time = 3.730697e-08, elapsed = 1407.6 sec
Step =   9344: nodes = 4351, dt = 2.649347e-12, time = 3.730962e-08, elapsed = 1407.8 sec
Step =   9345: nodes = 4349, dt = 2.649347e-12, time = 3.731227e-08, elapsed = 1407.9 sec
Step =   9346: nodes = 4350, dt = 3.179216e-12, time = 3.731545e-08, elapsed = 1408.0 sec
Step =   9347: nodes = 4349, dt = 3.815059e-12, time = 3.731927e-08, elapsed = 1408.2 sec
Step =   9348: nodes = 4350, dt = 4.578071e-12, time = 3.732384e-08, elapsed = 1408.3 sec
Step =   9349: nodes = 4350, dt = 5.493685e-12, time = 3.732934e-08, elapsed = 1408.5 sec
Step =   9350: nodes = 4351, dt = 1.648106e-12, time = 3.733099e-08, elapsed = 1408.7 sec
Step =   9351: nodes = 4351, dt = 1.648106e-12, time = 3.733263e-08, elapsed = 1408.8 sec
Step =   9352: nodes = 4351, dt = 1.977727e-12, time = 3.733461e-08, elapsed = 1409.0 sec
Step =   9353: nodes = 4351, dt = 2.373272e-12, time = 3.733698e-08, elapsed = 1409.1 sec
Step =   9354: nodes = 4351, dt = 2.847927e-12, time = 3.733983e-08, elapsed = 1409.2 sec
Step =   9355: nodes = 4351, dt = 3.417512e-12, time = 3.734325e-08, elapsed = 1409.4 sec
Step =   9356: nodes = 4351, dt = 4.101014e-12, time = 3.734735e-08, elapsed = 1409.5 sec
Step =   9357: nodes = 4351, dt = 2.460609e-12, time = 3.734981e-08, elapsed = 1409.7 sec
Step =   9358: nodes = 4350, dt = 2.460609e-12, time = 3.735227e-08, elapsed = 1409.8 sec
Step =   9359: nodes = 4351, dt = 2.952730e-12, time = 3.735523e-08, elapsed = 1410.0 sec
Step =   9360: nodes = 4350, dt = 3.543276e-12, time = 3.735877e-08, elapsed = 1410.1 sec
Step =   9361: nodes = 4350, dt = 4.251932e-12, time = 3.736302e-08, elapsed = 1410.4 sec
Step =   9362: nodes = 4349, dt = 2.551159e-12, time = 3.736557e-08, elapsed = 1410.6 sec
Step =   9363: nodes = 4349, dt = 2.551159e-12, time = 3.736812e-08, elapsed = 1411.0 sec
Step =   9364: nodes = 4348, dt = 3.061391e-12, time = 3.737118e-08, elapsed = 1411.1 sec
Step =   9365: nodes = 4347, dt = 3.673669e-12, time = 3.737486e-08, elapsed = 1411.3 sec
Step =   9366: nodes = 4349, dt = 4.408403e-12, time = 3.737927e-08, elapsed = 1411.5 sec
Step =   9367: nodes = 4347, dt = 5.290083e-12, time = 3.738456e-08, elapsed = 1411.6 sec
Step =   9368: nodes = 4348, dt = 6.348100e-12, time = 3.739090e-08, elapsed = 1411.8 sec
Step =   9369: nodes = 4350, dt = 1.904430e-12, time = 3.739281e-08, elapsed = 1412.0 sec
Step =   9370: nodes = 4349, dt = 1.904430e-12, time = 3.739471e-08, elapsed = 1412.1 sec
Step =   9371: nodes = 4348, dt = 2.285316e-12, time = 3.739700e-08, elapsed = 1412.2 sec
Step =   9372: nodes = 4349, dt = 2.742379e-12, time = 3.739974e-08, elapsed = 1412.4 sec
Step =   9373: nodes = 4349, dt = 3.290855e-12, time = 3.740303e-08, elapsed = 1412.5 sec
Step =   9374: nodes = 4352, dt = 3.949026e-12, time = 3.740698e-08, elapsed = 1412.7 sec
Step =   9375: nodes = 4353, dt = 4.738831e-12, time = 3.741172e-08, elapsed = 1412.8 sec
Step =   9376: nodes = 4353, dt = 2.843299e-12, time = 3.741456e-08, elapsed = 1413.0 sec
Step =   9377: nodes = 4351, dt = 2.843299e-12, time = 3.741741e-08, elapsed = 1413.1 sec
Step =   9378: nodes = 4351, dt = 3.411958e-12, time = 3.742082e-08, elapsed = 1413.3 sec
Step =   9379: nodes = 4352, dt = 4.094350e-12, time = 3.742491e-08, elapsed = 1413.4 sec
Step =   9380: nodes = 4354, dt = 4.913220e-12, time = 3.742983e-08, elapsed = 1413.6 sec
Step =   9381: nodes = 4351, dt = 5.895864e-12, time = 3.743572e-08, elapsed = 1413.7 sec
Step =   9382: nodes = 4351, dt = 7.075037e-12, time = 3.744280e-08, elapsed = 1413.9 sec
Step =   9383: nodes = 4352, dt = 8.490044e-12, time = 3.745129e-08, elapsed = 1414.1 sec
Step =   9384: nodes = 4345, dt = 1.018805e-11, time = 3.746147e-08, elapsed = 1414.2 sec
Step =   9385: nodes = 4349, dt = 6.112832e-12, time = 3.746759e-08, elapsed = 1414.4 sec
Step =   9386: nodes = 4350, dt = 3.056416e-12, time = 3.747064e-08, elapsed = 1414.6 sec
Step =   9387: nodes = 4351, dt = 3.056416e-12, time = 3.747370e-08, elapsed = 1414.7 sec
Step =   9388: nodes = 4350, dt = 3.667699e-12, time = 3.747737e-08, elapsed = 1414.8 sec
Step =   9389: nodes = 4351, dt = 4.401239e-12, time = 3.748177e-08, elapsed = 1415.0 sec
Step =   9390: nodes = 4353, dt = 5.281487e-12, time = 3.748705e-08, elapsed = 1415.1 sec
Step =   9391: nodes = 4354, dt = 6.337784e-12, time = 3.749339e-08, elapsed = 1415.3 sec
Step =   9392: nodes = 4351, dt = 7.605341e-12, time = 3.750099e-08, elapsed = 1415.5 sec
Step =   9393: nodes = 4346, dt = 9.126409e-12, time = 3.751012e-08, elapsed = 1415.7 sec
Step =   9394: nodes = 4348, dt = 1.095169e-11, time = 3.752107e-08, elapsed = 1415.8 sec
Step =   9395: nodes = 4354, dt = 6.571015e-12, time = 3.752764e-08, elapsed = 1416.0 sec
Step =   9396: nodes = 4354, dt = 3.285507e-12, time = 3.753093e-08, elapsed = 1416.2 sec
Step =   9397: nodes = 4354, dt = 3.285507e-12, time = 3.753421e-08, elapsed = 1416.3 sec
Step =   9398: nodes = 4354, dt = 3.942609e-12, time = 3.753816e-08, elapsed = 1416.5 sec
Step =   9399: nodes = 4352, dt = 4.731130e-12, time = 3.754289e-08, elapsed = 1416.6 sec
Step =   9400: nodes = 4353, dt = 2.838678e-12, time = 3.754573e-08, elapsed = 1416.8 sec
Writing configuration in legacy data format
 Output file: /data/home/dg000246b/openDIS/inital_dislocation_structures/output_caseC_0.14%_seed12345/relax2/config.9400.data
Writing restart file
 Restart file: /data/home/dg000246b/openDIS/inital_dislocation_structures/output_caseC_0.14%_seed12345/relax2/restart.9400.exadis
Step =   9401: nodes = 4353, dt = 2.838678e-12, time = 3.754857e-08, elapsed = 1417.0 sec
Step =   9402: nodes = 4352, dt = 3.406414e-12, time = 3.755197e-08, elapsed = 1417.1 sec
Step =   9403: nodes = 4353, dt = 4.087697e-12, time = 3.755606e-08, elapsed = 1417.3 sec
Step =   9404: nodes = 4353, dt = 4.905236e-12, time = 3.756096e-08, elapsed = 1417.4 sec
Step =   9405: nodes = 4354, dt = 2.943142e-12, time = 3.756391e-08, elapsed = 1417.6 sec
Step =   9406: nodes = 4352, dt = 2.943142e-12, time = 3.756685e-08, elapsed = 1417.7 sec
Step =   9407: nodes = 4351, dt = 3.531770e-12, time = 3.757038e-08, elapsed = 1417.8 sec
Step =   9408: nodes = 4351, dt = 4.238124e-12, time = 3.757462e-08, elapsed = 1418.0 sec
Step =   9409: nodes = 4351, dt = 5.085749e-12, time = 3.757971e-08, elapsed = 1418.1 sec
Step =   9410: nodes = 4353, dt = 3.051449e-12, time = 3.758276e-08, elapsed = 1418.3 sec
Step =   9411: nodes = 4352, dt = 1.525725e-12, time = 3.758428e-08, elapsed = 1418.4 sec
Step =   9412: nodes = 4352, dt = 7.628623e-13, time = 3.758505e-08, elapsed = 1418.6 sec
Step =   9413: nodes = 4352, dt = 7.628623e-13, time = 3.758581e-08, elapsed = 1418.7 sec
Step =   9414: nodes = 4351, dt = 9.154348e-13, time = 3.758672e-08, elapsed = 1418.8 sec
Step =   9415: nodes = 4351, dt = 1.098522e-12, time = 3.758782e-08, elapsed = 1418.9 sec
Step =   9416: nodes = 4351, dt = 1.318226e-12, time = 3.758914e-08, elapsed = 1419.0 sec
Step =   9417: nodes = 4352, dt = 1.581871e-12, time = 3.759072e-08, elapsed = 1419.2 sec
Step =   9418: nodes = 4353, dt = 1.898246e-12, time = 3.759262e-08, elapsed = 1419.3 sec
Step =   9419: nodes = 4353, dt = 2.277895e-12, time = 3.759490e-08, elapsed = 1419.5 sec
Step =   9420: nodes = 4352, dt = 2.733474e-12, time = 3.759763e-08, elapsed = 1419.6 sec
Step =   9421: nodes = 4351, dt = 3.280168e-12, time = 3.760091e-08, elapsed = 1419.7 sec
Step =   9422: nodes = 4351, dt = 3.936202e-12, time = 3.760485e-08, elapsed = 1419.9 sec
Step =   9423: nodes = 4352, dt = 4.723442e-12, time = 3.760957e-08, elapsed = 1420.0 sec
Step =   9424: nodes = 4350, dt = 2.834065e-12, time = 3.761241e-08, elapsed = 1420.2 sec
Step =   9425: nodes = 4351, dt = 2.834065e-12, time = 3.761524e-08, elapsed = 1420.4 sec
Step =   9426: nodes = 4349, dt = 3.400879e-12, time = 3.761864e-08, elapsed = 1420.5 sec
Step =   9427: nodes = 4350, dt = 4.081054e-12, time = 3.762272e-08, elapsed = 1420.7 sec
Step =   9428: nodes = 4350, dt = 4.897265e-12, time = 3.762762e-08, elapsed = 1420.8 sec
Step =   9429: nodes = 4350, dt = 2.938359e-12, time = 3.763056e-08, elapsed = 1421.0 sec
Step =   9430: nodes = 4350, dt = 2.938359e-12, time = 3.763350e-08, elapsed = 1421.1 sec
Step =   9431: nodes = 4350, dt = 3.526031e-12, time = 3.763702e-08, elapsed = 1421.3 sec
Step =   9432: nodes = 4350, dt = 4.231237e-12, time = 3.764125e-08, elapsed = 1421.5 sec
Step =   9433: nodes = 4349, dt = 2.538742e-12, time = 3.764379e-08, elapsed = 1421.6 sec
Step =   9434: nodes = 4349, dt = 2.538742e-12, time = 3.764633e-08, elapsed = 1421.8 sec
Step =   9435: nodes = 4350, dt = 3.046491e-12, time = 3.764938e-08, elapsed = 1421.9 sec
Step =   9436: nodes = 4349, dt = 3.655789e-12, time = 3.765303e-08, elapsed = 1422.1 sec
Step =   9437: nodes = 4349, dt = 2.193473e-12, time = 3.765523e-08, elapsed = 1422.2 sec
Step =   9438: nodes = 4349, dt = 2.193473e-12, time = 3.765742e-08, elapsed = 1422.4 sec
Step =   9439: nodes = 4349, dt = 2.632168e-12, time = 3.766005e-08, elapsed = 1422.6 sec
Step =   9440: nodes = 4351, dt = 3.158602e-12, time = 3.766321e-08, elapsed = 1422.7 sec
Step =   9441: nodes = 4351, dt = 3.790322e-12, time = 3.766700e-08, elapsed = 1422.9 sec
Step =   9442: nodes = 4350, dt = 4.548386e-12, time = 3.767155e-08, elapsed = 1423.0 sec
Step =   9443: nodes = 4351, dt = 5.458063e-12, time = 3.767701e-08, elapsed = 1423.2 sec
Step =   9444: nodes = 4352, dt = 1.637419e-12, time = 3.767865e-08, elapsed = 1423.4 sec
Step =   9445: nodes = 4352, dt = 1.637419e-12, time = 3.768028e-08, elapsed = 1423.5 sec
Step =   9446: nodes = 4351, dt = 1.964903e-12, time = 3.768225e-08, elapsed = 1423.7 sec
Step =   9447: nodes = 4351, dt = 2.357883e-12, time = 3.768461e-08, elapsed = 1423.8 sec
Step =   9448: nodes = 4350, dt = 2.829460e-12, time = 3.768744e-08, elapsed = 1423.9 sec
Step =   9449: nodes = 4350, dt = 3.395352e-12, time = 3.769083e-08, elapsed = 1424.1 sec
Step =   9450: nodes = 4350, dt = 2.037211e-12, time = 3.769287e-08, elapsed = 1424.2 sec
Step =   9451: nodes = 4351, dt = 2.037211e-12, time = 3.769491e-08, elapsed = 1424.4 sec
Step =   9452: nodes = 4351, dt = 2.444653e-12, time = 3.769735e-08, elapsed = 1424.5 sec
Step =   9453: nodes = 4352, dt = 2.933584e-12, time = 3.770028e-08, elapsed = 1424.7 sec
Step =   9454: nodes = 4351, dt = 3.520301e-12, time = 3.770380e-08, elapsed = 1424.8 sec
Step =   9455: nodes = 4352, dt = 4.224361e-12, time = 3.770803e-08, elapsed = 1425.0 sec
Step =   9456: nodes = 4351, dt = 2.534617e-12, time = 3.771056e-08, elapsed = 1425.1 sec
Step =   9457: nodes = 4352, dt = 2.534617e-12, time = 3.771310e-08, elapsed = 1425.3 sec
Step =   9458: nodes = 4350, dt = 3.041540e-12, time = 3.771614e-08, elapsed = 1425.4 sec
Step =   9459: nodes = 4350, dt = 3.649848e-12, time = 3.771979e-08, elapsed = 1425.6 sec
Step =   9460: nodes = 4349, dt = 4.379818e-12, time = 3.772417e-08, elapsed = 1425.7 sec
Step =   9461: nodes = 4348, dt = 2.627891e-12, time = 3.772680e-08, elapsed = 1425.9 sec
Step =   9462: nodes = 4347, dt = 2.627891e-12, time = 3.772942e-08, elapsed = 1426.0 sec
Step =   9463: nodes = 4348, dt = 3.153469e-12, time = 3.773258e-08, elapsed = 1426.2 sec
Step =   9464: nodes = 4347, dt = 3.784163e-12, time = 3.773636e-08, elapsed = 1426.4 sec
Step =   9465: nodes = 4346, dt = 4.540995e-12, time = 3.774090e-08, elapsed = 1426.5 sec
Step =   9466: nodes = 4348, dt = 2.724597e-12, time = 3.774363e-08, elapsed = 1426.7 sec
Step =   9467: nodes = 4348, dt = 2.724597e-12, time = 3.774635e-08, elapsed = 1426.8 sec
Step =   9468: nodes = 4348, dt = 3.269516e-12, time = 3.774962e-08, elapsed = 1427.0 sec
Step =   9469: nodes = 4347, dt = 3.923420e-12, time = 3.775355e-08, elapsed = 1427.1 sec
Step =   9470: nodes = 4348, dt = 4.708104e-12, time = 3.775825e-08, elapsed = 1427.3 sec
Step =   9471: nodes = 4347, dt = 5.649724e-12, time = 3.776390e-08, elapsed = 1427.5 sec
Step =   9472: nodes = 4348, dt = 3.389835e-12, time = 3.776729e-08, elapsed = 1427.6 sec
Step =   9473: nodes = 4347, dt = 3.389835e-12, time = 3.777068e-08, elapsed = 1427.8 sec
Step =   9474: nodes = 4347, dt = 4.067802e-12, time = 3.777475e-08, elapsed = 1427.9 sec
Step =   9475: nodes = 4346, dt = 2.440681e-12, time = 3.777719e-08, elapsed = 1428.1 sec
Step =   9476: nodes = 4346, dt = 2.440681e-12, time = 3.777963e-08, elapsed = 1428.2 sec
Step =   9477: nodes = 4346, dt = 2.928817e-12, time = 3.778256e-08, elapsed = 1428.4 sec
Step =   9478: nodes = 4346, dt = 3.514581e-12, time = 3.778608e-08, elapsed = 1428.5 sec
Step =   9479: nodes = 4348, dt = 4.217497e-12, time = 3.779029e-08, elapsed = 1428.7 sec
Step =   9480: nodes = 4346, dt = 2.530498e-12, time = 3.779282e-08, elapsed = 1428.8 sec
Step =   9481: nodes = 4345, dt = 2.530498e-12, time = 3.779535e-08, elapsed = 1429.0 sec
Step =   9482: nodes = 4346, dt = 3.036598e-12, time = 3.779839e-08, elapsed = 1429.1 sec
Step =   9483: nodes = 4346, dt = 1.821959e-12, time = 3.780021e-08, elapsed = 1429.3 sec
Step =   9484: nodes = 4346, dt = 1.821959e-12, time = 3.780203e-08, elapsed = 1429.4 sec
Step =   9485: nodes = 4346, dt = 2.186350e-12, time = 3.780422e-08, elapsed = 1429.6 sec
Step =   9486: nodes = 4345, dt = 2.623620e-12, time = 3.780684e-08, elapsed = 1429.7 sec
Step =   9487: nodes = 4345, dt = 3.148344e-12, time = 3.780999e-08, elapsed = 1429.9 sec
Step =   9488: nodes = 4344, dt = 3.778013e-12, time = 3.781377e-08, elapsed = 1430.0 sec
Step =   9489: nodes = 4343, dt = 4.533616e-12, time = 3.781830e-08, elapsed = 1430.2 sec
Step =   9490: nodes = 4344, dt = 5.440339e-12, time = 3.782374e-08, elapsed = 1430.3 sec
Step =   9491: nodes = 4345, dt = 3.264203e-12, time = 3.782701e-08, elapsed = 1430.5 sec
Step =   9492: nodes = 4344, dt = 3.264203e-12, time = 3.783027e-08, elapsed = 1430.7 sec
Step =   9493: nodes = 4342, dt = 3.917044e-12, time = 3.783419e-08, elapsed = 1430.8 sec
Step =   9494: nodes = 4343, dt = 4.700453e-12, time = 3.783889e-08, elapsed = 1431.0 sec
Step =   9495: nodes = 4344, dt = 2.820272e-12, time = 3.784171e-08, elapsed = 1431.1 sec
Step =   9496: nodes = 4346, dt = 1.410136e-12, time = 3.784312e-08, elapsed = 1431.3 sec
Step =   9497: nodes = 4346, dt = 1.410136e-12, time = 3.784453e-08, elapsed = 1431.4 sec
Step =   9498: nodes = 4345, dt = 1.692163e-12, time = 3.784622e-08, elapsed = 1431.6 sec
Step =   9499: nodes = 4345, dt = 2.030596e-12, time = 3.784825e-08, elapsed = 1431.7 sec
Step =   9500: nodes = 4345, dt = 2.436715e-12, time = 3.785069e-08, elapsed = 1431.8 sec
Writing configuration in legacy data format
 Output file: /data/home/dg000246b/openDIS/inital_dislocation_structures/output_caseC_0.14%_seed12345/relax2/config.9500.data
Writing restart file
 Restart file: /data/home/dg000246b/openDIS/inital_dislocation_structures/output_caseC_0.14%_seed12345/relax2/restart.9500.exadis
Step =   9501: nodes = 4346, dt = 2.924058e-12, time = 3.785361e-08, elapsed = 1432.0 sec
Step =   9502: nodes = 4346, dt = 3.508869e-12, time = 3.785712e-08, elapsed = 1432.2 sec
Step =   9503: nodes = 4346, dt = 4.210643e-12, time = 3.786133e-08, elapsed = 1432.3 sec
Step =   9504: nodes = 4347, dt = 5.052772e-12, time = 3.786639e-08, elapsed = 1432.5 sec
Step =   9505: nodes = 4346, dt = 3.031663e-12, time = 3.786942e-08, elapsed = 1432.7 sec
Step =   9506: nodes = 4346, dt = 3.031663e-12, time = 3.787245e-08, elapsed = 1432.8 sec
Step =   9507: nodes = 4346, dt = 3.637996e-12, time = 3.787609e-08, elapsed = 1432.9 sec
Step =   9508: nodes = 4347, dt = 4.365595e-12, time = 3.788045e-08, elapsed = 1433.1 sec
Step =   9509: nodes = 4348, dt = 5.238714e-12, time = 3.788569e-08, elapsed = 1433.2 sec
Step =   9510: nodes = 4349, dt = 3.143228e-12, time = 3.788884e-08, elapsed = 1433.4 sec
Step =   9511: nodes = 4349, dt = 3.143228e-12, time = 3.789198e-08, elapsed = 1433.6 sec
Step =   9512: nodes = 4349, dt = 3.771874e-12, time = 3.789575e-08, elapsed = 1433.7 sec
Step =   9513: nodes = 4350, dt = 4.526249e-12, time = 3.790028e-08, elapsed = 1433.9 sec
Step =   9514: nodes = 4350, dt = 2.715749e-12, time = 3.790299e-08, elapsed = 1434.0 sec
Step =   9515: nodes = 4349, dt = 2.715749e-12, time = 3.790571e-08, elapsed = 1434.2 sec
Step =   9516: nodes = 4348, dt = 3.258899e-12, time = 3.790897e-08, elapsed = 1434.3 sec
Step =   9517: nodes = 4350, dt = 3.910679e-12, time = 3.791288e-08, elapsed = 1434.5 sec
Step =   9518: nodes = 4352, dt = 4.692815e-12, time = 3.791757e-08, elapsed = 1434.7 sec
Step =   9519: nodes = 4350, dt = 5.631378e-12, time = 3.792320e-08, elapsed = 1434.8 sec
Step =   9520: nodes = 4352, dt = 3.378827e-12, time = 3.792658e-08, elapsed = 1435.0 sec
Step =   9521: nodes = 4352, dt = 3.378827e-12, time = 3.792996e-08, elapsed = 1435.1 sec
Step =   9522: nodes = 4351, dt = 4.054592e-12, time = 3.793401e-08, elapsed = 1435.3 sec
Step =   9523: nodes = 4351, dt = 2.432755e-12, time = 3.793645e-08, elapsed = 1435.5 sec
Step =   9524: nodes = 4351, dt = 2.432755e-12, time = 3.793888e-08, elapsed = 1435.6 sec
Step =   9525: nodes = 4349, dt = 2.919306e-12, time = 3.794180e-08, elapsed = 1435.7 sec
Step =   9526: nodes = 4351, dt = 3.503167e-12, time = 3.794530e-08, elapsed = 1435.9 sec
Step =   9527: nodes = 4351, dt = 4.203801e-12, time = 3.794951e-08, elapsed = 1436.0 sec
Step =   9528: nodes = 4348, dt = 2.522281e-12, time = 3.795203e-08, elapsed = 1436.2 sec
Step =   9529: nodes = 4350, dt = 2.522281e-12, time = 3.795455e-08, elapsed = 1436.4 sec
Step =   9530: nodes = 4351, dt = 3.026737e-12, time = 3.795758e-08, elapsed = 1436.5 sec
Step =   9531: nodes = 4350, dt = 3.632084e-12, time = 3.796121e-08, elapsed = 1436.7 sec
Step =   9532: nodes = 4350, dt = 4.358501e-12, time = 3.796557e-08, elapsed = 1436.8 sec
Step =   9533: nodes = 4352, dt = 5.230201e-12, time = 3.797080e-08, elapsed = 1437.0 sec
Step =   9534: nodes = 4353, dt = 6.276241e-12, time = 3.797707e-08, elapsed = 1437.2 sec
Step =   9535: nodes = 4351, dt = 3.765745e-12, time = 3.798084e-08, elapsed = 1437.4 sec
Step =   9536: nodes = 4352, dt = 3.765745e-12, time = 3.798461e-08, elapsed = 1437.5 sec
Step =   9537: nodes = 4349, dt = 4.518894e-12, time = 3.798913e-08, elapsed = 1437.7 sec
Step =   9538: nodes = 4352, dt = 5.422672e-12, time = 3.799455e-08, elapsed = 1437.8 sec
Step =   9539: nodes = 4352, dt = 3.253603e-12, time = 3.799780e-08, elapsed = 1438.0 sec
Step =   9540: nodes = 4352, dt = 3.253603e-12, time = 3.800105e-08, elapsed = 1438.1 sec
Step =   9541: nodes = 4352, dt = 3.904324e-12, time = 3.800496e-08, elapsed = 1438.3 sec
Step =   9542: nodes = 4351, dt = 4.685189e-12, time = 3.800964e-08, elapsed = 1438.5 sec
Step =   9543: nodes = 4352, dt = 5.622227e-12, time = 3.801527e-08, elapsed = 1438.6 sec
Step =   9544: nodes = 4352, dt = 6.746672e-12, time = 3.802201e-08, elapsed = 1438.8 sec
Step =   9545: nodes = 4352, dt = 2.024002e-12, time = 3.802404e-08, elapsed = 1439.0 sec
Step =   9546: nodes = 4351, dt = 2.024002e-12, time = 3.802606e-08, elapsed = 1439.1 sec
Step =   9547: nodes = 4351, dt = 2.428802e-12, time = 3.802849e-08, elapsed = 1439.2 sec
Step =   9548: nodes = 4349, dt = 2.914562e-12, time = 3.803140e-08, elapsed = 1439.4 sec
Step =   9549: nodes = 4349, dt = 3.497475e-12, time = 3.803490e-08, elapsed = 1439.5 sec
Step =   9550: nodes = 4349, dt = 4.196970e-12, time = 3.803910e-08, elapsed = 1439.7 sec
Step =   9551: nodes = 4347, dt = 5.036364e-12, time = 3.804414e-08, elapsed = 1439.8 sec
Step =   9552: nodes = 4348, dt = 3.021818e-12, time = 3.804716e-08, elapsed = 1440.0 sec
Step =   9553: nodes = 4347, dt = 3.021818e-12, time = 3.805018e-08, elapsed = 1440.1 sec
Step =   9554: nodes = 4348, dt = 3.626182e-12, time = 3.805381e-08, elapsed = 1440.3 sec
Step =   9555: nodes = 4348, dt = 4.351418e-12, time = 3.805816e-08, elapsed = 1440.7 sec
Step =   9556: nodes = 4350, dt = 5.221702e-12, time = 3.806338e-08, elapsed = 1440.9 sec
Step =   9557: nodes = 4350, dt = 3.133021e-12, time = 3.806651e-08, elapsed = 1441.0 sec
Step =   9558: nodes = 4349, dt = 3.133021e-12, time = 3.806964e-08, elapsed = 1441.2 sec
Step =   9559: nodes = 4349, dt = 1.879813e-12, time = 3.807152e-08, elapsed = 1441.4 sec
Step =   9560: nodes = 4349, dt = 1.879813e-12, time = 3.807340e-08, elapsed = 1441.5 sec
Step =   9561: nodes = 4349, dt = 2.255775e-12, time = 3.807566e-08, elapsed = 1441.6 sec
Step =   9562: nodes = 4351, dt = 2.706930e-12, time = 3.807837e-08, elapsed = 1441.8 sec
Step =   9563: nodes = 4351, dt = 3.248316e-12, time = 3.808162e-08, elapsed = 1441.9 sec
Step =   9564: nodes = 4351, dt = 3.897980e-12, time = 3.808551e-08, elapsed = 1442.1 sec
Step =   9565: nodes = 4352, dt = 2.338788e-12, time = 3.808785e-08, elapsed = 1442.2 sec
Step =   9566: nodes = 4352, dt = 2.338788e-12, time = 3.809019e-08, elapsed = 1442.4 sec
Step =   9567: nodes = 4352, dt = 2.806545e-12, time = 3.809300e-08, elapsed = 1442.5 sec
Step =   9568: nodes = 4350, dt = 3.367854e-12, time = 3.809637e-08, elapsed = 1442.7 sec
Step =   9569: nodes = 4352, dt = 4.041425e-12, time = 3.810041e-08, elapsed = 1442.8 sec
Step =   9570: nodes = 4353, dt = 4.849710e-12, time = 3.810526e-08, elapsed = 1443.0 sec
Step =   9571: nodes = 4354, dt = 2.909826e-12, time = 3.810817e-08, elapsed = 1443.2 sec
Step =   9572: nodes = 4354, dt = 2.909826e-12, time = 3.811108e-08, elapsed = 1443.3 sec
Step =   9573: nodes = 4354, dt = 3.491791e-12, time = 3.811457e-08, elapsed = 1443.5 sec
Step =   9574: nodes = 4352, dt = 4.190150e-12, time = 3.811876e-08, elapsed = 1443.6 sec
Step =   9575: nodes = 4354, dt = 5.028180e-12, time = 3.812379e-08, elapsed = 1443.8 sec
Step =   9576: nodes = 4354, dt = 3.016908e-12, time = 3.812680e-08, elapsed = 1444.0 sec
Step =   9577: nodes = 4352, dt = 3.016908e-12, time = 3.812982e-08, elapsed = 1444.1 sec
Step =   9578: nodes = 4354, dt = 3.620289e-12, time = 3.813344e-08, elapsed = 1444.2 sec
Step =   9579: nodes = 4354, dt = 4.344347e-12, time = 3.813778e-08, elapsed = 1444.5 sec
Step =   9580: nodes = 4354, dt = 2.606608e-12, time = 3.814039e-08, elapsed = 1444.6 sec
Step =   9581: nodes = 4354, dt = 2.606608e-12, time = 3.814300e-08, elapsed = 1444.8 sec
Step =   9582: nodes = 4354, dt = 3.127930e-12, time = 3.814613e-08, elapsed = 1444.9 sec
Step =   9583: nodes = 4354, dt = 3.753516e-12, time = 3.814988e-08, elapsed = 1445.1 sec
Step =   9584: nodes = 4353, dt = 4.504219e-12, time = 3.815438e-08, elapsed = 1445.2 sec
Step =   9585: nodes = 4353, dt = 5.405063e-12, time = 3.815979e-08, elapsed = 1445.4 sec
Step =   9586: nodes = 4355, dt = 6.486076e-12, time = 3.816627e-08, elapsed = 1445.5 sec
Step =   9587: nodes = 4354, dt = 7.783291e-12, time = 3.817406e-08, elapsed = 1445.7 sec
Step =   9588: nodes = 4354, dt = 4.669974e-12, time = 3.817873e-08, elapsed = 1445.8 sec
Step =   9589: nodes = 4353, dt = 4.669974e-12, time = 3.818340e-08, elapsed = 1446.0 sec
Step =   9590: nodes = 4353, dt = 2.801985e-12, time = 3.818620e-08, elapsed = 1446.1 sec
Step =   9591: nodes = 4354, dt = 1.400992e-12, time = 3.818760e-08, elapsed = 1446.3 sec
Step =   9592: nodes = 4354, dt = 1.400992e-12, time = 3.818900e-08, elapsed = 1446.4 sec
Step =   9593: nodes = 4354, dt = 1.681191e-12, time = 3.819068e-08, elapsed = 1446.5 sec
Step =   9594: nodes = 4354, dt = 2.017429e-12, time = 3.819270e-08, elapsed = 1446.6 sec
Step =   9595: nodes = 4353, dt = 2.420915e-12, time = 3.819512e-08, elapsed = 1446.8 sec
Step =   9596: nodes = 4353, dt = 2.905098e-12, time = 3.819803e-08, elapsed = 1446.9 sec
Step =   9597: nodes = 4352, dt = 3.486117e-12, time = 3.820151e-08, elapsed = 1447.1 sec
Step =   9598: nodes = 4353, dt = 2.091670e-12, time = 3.820360e-08, elapsed = 1447.2 sec
Step =   9599: nodes = 4353, dt = 2.091670e-12, time = 3.820570e-08, elapsed = 1447.4 sec
Step =   9600: nodes = 4353, dt = 2.510004e-12, time = 3.820821e-08, elapsed = 1447.5 sec
Writing configuration in legacy data format
 Output file: /data/home/dg000246b/openDIS/inital_dislocation_structures/output_caseC_0.14%_seed12345/relax2/config.9600.data
Writing restart file
 Restart file: /data/home/dg000246b/openDIS/inital_dislocation_structures/output_caseC_0.14%_seed12345/relax2/restart.9600.exadis
Step =   9601: nodes = 4351, dt = 3.012005e-12, time = 3.821122e-08, elapsed = 1447.7 sec
Step =   9602: nodes = 4352, dt = 3.614406e-12, time = 3.821483e-08, elapsed = 1447.8 sec
Step =   9603: nodes = 4353, dt = 4.337288e-12, time = 3.821917e-08, elapsed = 1448.0 sec
Step =   9604: nodes = 4351, dt = 5.204745e-12, time = 3.822437e-08, elapsed = 1448.2 sec
Step =   9605: nodes = 4351, dt = 3.122847e-12, time = 3.822750e-08, elapsed = 1448.4 sec
Step =   9606: nodes = 4352, dt = 3.122847e-12, time = 3.823062e-08, elapsed = 1448.5 sec
Step =   9607: nodes = 4352, dt = 3.747416e-12, time = 3.823437e-08, elapsed = 1448.6 sec
Step =   9608: nodes = 4350, dt = 4.496900e-12, time = 3.823886e-08, elapsed = 1448.8 sec
Step =   9609: nodes = 4351, dt = 5.396280e-12, time = 3.824426e-08, elapsed = 1448.9 sec
Step =   9610: nodes = 4350, dt = 3.237768e-12, time = 3.824750e-08, elapsed = 1449.1 sec
Step =   9611: nodes = 4350, dt = 3.237768e-12, time = 3.825074e-08, elapsed = 1449.2 sec
Step =   9612: nodes = 4351, dt = 1.942661e-12, time = 3.825268e-08, elapsed = 1449.3 sec
Step =   9613: nodes = 4351, dt = 1.942661e-12, time = 3.825462e-08, elapsed = 1449.5 sec
Step =   9614: nodes = 4351, dt = 2.331193e-12, time = 3.825695e-08, elapsed = 1449.6 sec
Step =   9615: nodes = 4351, dt = 1.398716e-12, time = 3.825835e-08, elapsed = 1449.8 sec
Step =   9616: nodes = 4351, dt = 1.398716e-12, time = 3.825975e-08, elapsed = 1449.9 sec
Step =   9617: nodes = 4351, dt = 1.678459e-12, time = 3.826143e-08, elapsed = 1450.0 sec
Step =   9618: nodes = 4351, dt = 1.007075e-12, time = 3.826244e-08, elapsed = 1450.2 sec
Step =   9619: nodes = 4351, dt = 1.007075e-12, time = 3.826344e-08, elapsed = 1450.3 sec
Step =   9620: nodes = 4351, dt = 1.208490e-12, time = 3.826465e-08, elapsed = 1450.4 sec
Step =   9621: nodes = 4351, dt = 1.450188e-12, time = 3.826610e-08, elapsed = 1450.6 sec
Step =   9622: nodes = 4351, dt = 1.740226e-12, time = 3.826784e-08, elapsed = 1450.7 sec
Step =   9623: nodes = 4351, dt = 2.088271e-12, time = 3.826993e-08, elapsed = 1450.8 sec
Step =   9624: nodes = 4351, dt = 2.505926e-12, time = 3.827244e-08, elapsed = 1451.0 sec
Step =   9625: nodes = 4351, dt = 3.007111e-12, time = 3.827544e-08, elapsed = 1451.1 sec
Step =   9626: nodes = 4351, dt = 3.608533e-12, time = 3.827905e-08, elapsed = 1451.3 sec
Step =   9627: nodes = 4350, dt = 2.165120e-12, time = 3.828122e-08, elapsed = 1451.4 sec
Step =   9628: nodes = 4351, dt = 2.165120e-12, time = 3.828338e-08, elapsed = 1451.6 sec
Step =   9629: nodes = 4351, dt = 2.598144e-12, time = 3.828598e-08, elapsed = 1451.7 sec
Step =   9630: nodes = 4349, dt = 3.117772e-12, time = 3.828910e-08, elapsed = 1451.8 sec
Step =   9631: nodes = 4350, dt = 1.870663e-12, time = 3.829097e-08, elapsed = 1452.0 sec
Step =   9632: nodes = 4350, dt = 1.870663e-12, time = 3.829284e-08, elapsed = 1452.1 sec
Step =   9633: nodes = 4348, dt = 2.244796e-12, time = 3.829508e-08, elapsed = 1452.2 sec
Step =   9634: nodes = 4350, dt = 2.693755e-12, time = 3.829778e-08, elapsed = 1452.4 sec
Step =   9635: nodes = 4349, dt = 3.232506e-12, time = 3.830101e-08, elapsed = 1452.5 sec
Step =   9636: nodes = 4350, dt = 3.879008e-12, time = 3.830489e-08, elapsed = 1452.7 sec
Step =   9637: nodes = 4352, dt = 4.654809e-12, time = 3.830954e-08, elapsed = 1452.8 sec
Step =   9638: nodes = 4351, dt = 2.792886e-12, time = 3.831234e-08, elapsed = 1453.0 sec
Step =   9639: nodes = 4352, dt = 2.792886e-12, time = 3.831513e-08, elapsed = 1453.1 sec
Step =   9640: nodes = 4351, dt = 3.351463e-12, time = 3.831848e-08, elapsed = 1453.2 sec
Step =   9641: nodes = 4350, dt = 2.010878e-12, time = 3.832049e-08, elapsed = 1453.4 sec
Step =   9642: nodes = 4351, dt = 2.010878e-12, time = 3.832250e-08, elapsed = 1453.5 sec
Step =   9643: nodes = 4351, dt = 1.206527e-12, time = 3.832371e-08, elapsed = 1453.7 sec
Step =   9644: nodes = 4350, dt = 1.206527e-12, time = 3.832492e-08, elapsed = 1453.8 sec
Step =   9645: nodes = 4349, dt = 1.447832e-12, time = 3.832636e-08, elapsed = 1453.9 sec
Step =   9646: nodes = 4350, dt = 1.737398e-12, time = 3.832810e-08, elapsed = 1454.0 sec
Step =   9647: nodes = 4350, dt = 2.084878e-12, time = 3.833019e-08, elapsed = 1454.2 sec
Step =   9648: nodes = 4349, dt = 2.501853e-12, time = 3.833269e-08, elapsed = 1454.3 sec
Step =   9649: nodes = 4347, dt = 3.002224e-12, time = 3.833569e-08, elapsed = 1454.4 sec
Step =   9650: nodes = 4349, dt = 1.801335e-12, time = 3.833749e-08, elapsed = 1454.6 sec
Step =   9651: nodes = 4348, dt = 1.801335e-12, time = 3.833929e-08, elapsed = 1454.7 sec
Step =   9652: nodes = 4348, dt = 2.161601e-12, time = 3.834145e-08, elapsed = 1454.9 sec
Step =   9653: nodes = 4348, dt = 2.593922e-12, time = 3.834405e-08, elapsed = 1455.0 sec
Step =   9654: nodes = 4348, dt = 3.112706e-12, time = 3.834716e-08, elapsed = 1455.2 sec
Step =   9655: nodes = 4348, dt = 3.735247e-12, time = 3.835090e-08, elapsed = 1455.3 sec
Step =   9656: nodes = 4347, dt = 2.241148e-12, time = 3.835314e-08, elapsed = 1455.5 sec
Step =   9657: nodes = 4346, dt = 2.241148e-12, time = 3.835538e-08, elapsed = 1455.6 sec
Step =   9658: nodes = 4348, dt = 2.689378e-12, time = 3.835807e-08, elapsed = 1455.8 sec
Step =   9659: nodes = 4348, dt = 3.227254e-12, time = 3.836130e-08, elapsed = 1455.9 sec
Step =   9660: nodes = 4349, dt = 3.872704e-12, time = 3.836517e-08, elapsed = 1456.1 sec
Step =   9661: nodes = 4350, dt = 4.647245e-12, time = 3.836981e-08, elapsed = 1456.2 sec
Step =   9662: nodes = 4350, dt = 2.788347e-12, time = 3.837260e-08, elapsed = 1456.4 sec
Step =   9663: nodes = 4348, dt = 2.788347e-12, time = 3.837539e-08, elapsed = 1456.6 sec
Step =   9664: nodes = 4348, dt = 3.346017e-12, time = 3.837874e-08, elapsed = 1456.7 sec
Step =   9665: nodes = 4350, dt = 4.015220e-12, time = 3.838275e-08, elapsed = 1456.8 sec
Step =   9666: nodes = 4351, dt = 4.818264e-12, time = 3.838757e-08, elapsed = 1457.0 sec
Step =   9667: nodes = 4352, dt = 2.890958e-12, time = 3.839046e-08, elapsed = 1457.2 sec
Step =   9668: nodes = 4352, dt = 2.890958e-12, time = 3.839335e-08, elapsed = 1457.3 sec
Step =   9669: nodes = 4349, dt = 3.469150e-12, time = 3.839682e-08, elapsed = 1457.5 sec
Step =   9670: nodes = 4351, dt = 4.162980e-12, time = 3.840099e-08, elapsed = 1457.7 sec
Step =   9671: nodes = 4350, dt = 2.497788e-12, time = 3.840348e-08, elapsed = 1457.8 sec
Step =   9672: nodes = 4351, dt = 2.497788e-12, time = 3.840598e-08, elapsed = 1458.0 sec
Step =   9673: nodes = 4350, dt = 2.997346e-12, time = 3.840898e-08, elapsed = 1458.1 sec
Step =   9674: nodes = 4350, dt = 3.596815e-12, time = 3.841257e-08, elapsed = 1458.3 sec
Step =   9675: nodes = 4351, dt = 4.316178e-12, time = 3.841689e-08, elapsed = 1458.4 sec
Step =   9676: nodes = 4352, dt = 2.589707e-12, time = 3.841948e-08, elapsed = 1458.6 sec
Step =   9677: nodes = 4351, dt = 2.589707e-12, time = 3.842207e-08, elapsed = 1458.7 sec
Step =   9678: nodes = 4351, dt = 3.107648e-12, time = 3.842518e-08, elapsed = 1458.9 sec
Step =   9679: nodes = 4348, dt = 3.729177e-12, time = 3.842891e-08, elapsed = 1459.0 sec
Step =   9680: nodes = 4345, dt = 4.475013e-12, time = 3.843338e-08, elapsed = 1459.2 sec
Step =   9681: nodes = 4348, dt = 5.370016e-12, time = 3.843875e-08, elapsed = 1459.4 sec
Step =   9682: nodes = 4348, dt = 3.222009e-12, time = 3.844197e-08, elapsed = 1459.6 sec
Step =   9683: nodes = 4346, dt = 3.222009e-12, time = 3.844520e-08, elapsed = 1459.7 sec
Step =   9684: nodes = 4348, dt = 3.866411e-12, time = 3.844906e-08, elapsed = 1459.9 sec
Step =   9685: nodes = 4348, dt = 4.639693e-12, time = 3.845370e-08, elapsed = 1460.0 sec
Step =   9686: nodes = 4347, dt = 5.567632e-12, time = 3.845927e-08, elapsed = 1460.2 sec
Step =   9687: nodes = 4348, dt = 1.670290e-12, time = 3.846094e-08, elapsed = 1460.4 sec
Step =   9688: nodes = 4349, dt = 1.670290e-12, time = 3.846261e-08, elapsed = 1460.5 sec
Step =   9689: nodes = 4349, dt = 2.004348e-12, time = 3.846462e-08, elapsed = 1460.7 sec
Step =   9690: nodes = 4349, dt = 2.405217e-12, time = 3.846702e-08, elapsed = 1460.8 sec
Step =   9691: nodes = 4349, dt = 2.886260e-12, time = 3.846991e-08, elapsed = 1461.0 sec
Step =   9692: nodes = 4349, dt = 3.463513e-12, time = 3.847337e-08, elapsed = 1461.1 sec
Step =   9693: nodes = 4349, dt = 2.078108e-12, time = 3.847545e-08, elapsed = 1461.3 sec
Step =   9694: nodes = 4349, dt = 2.078108e-12, time = 3.847753e-08, elapsed = 1461.4 sec
Step =   9695: nodes = 4349, dt = 2.493729e-12, time = 3.848002e-08, elapsed = 1461.6 sec
Step =   9696: nodes = 4348, dt = 2.992475e-12, time = 3.848301e-08, elapsed = 1461.7 sec
Step =   9697: nodes = 4349, dt = 3.590970e-12, time = 3.848660e-08, elapsed = 1461.9 sec
Step =   9698: nodes = 4350, dt = 4.309164e-12, time = 3.849091e-08, elapsed = 1462.0 sec
Step =   9699: nodes = 4348, dt = 5.170997e-12, time = 3.849608e-08, elapsed = 1462.2 sec
Step =   9700: nodes = 4349, dt = 3.102598e-12, time = 3.849919e-08, elapsed = 1462.3 sec
Writing configuration in legacy data format
 Output file: /data/home/dg000246b/openDIS/inital_dislocation_structures/output_caseC_0.14%_seed12345/relax2/config.9700.data
Writing restart file
 Restart file: /data/home/dg000246b/openDIS/inital_dislocation_structures/output_caseC_0.14%_seed12345/relax2/restart.9700.exadis
Step =   9701: nodes = 4351, dt = 3.102598e-12, time = 3.850229e-08, elapsed = 1462.6 sec
Step =   9702: nodes = 4350, dt = 3.723118e-12, time = 3.850601e-08, elapsed = 1462.7 sec
Step =   9703: nodes = 4350, dt = 4.467741e-12, time = 3.851048e-08, elapsed = 1462.9 sec
Step =   9704: nodes = 4351, dt = 5.361289e-12, time = 3.851584e-08, elapsed = 1463.1 sec
Step =   9705: nodes = 4353, dt = 6.433547e-12, time = 3.852227e-08, elapsed = 1463.2 sec
Step =   9706: nodes = 4354, dt = 7.720257e-12, time = 3.852999e-08, elapsed = 1463.4 sec
Step =   9707: nodes = 4355, dt = 2.316077e-12, time = 3.853231e-08, elapsed = 1463.6 sec
Step =   9708: nodes = 4355, dt = 2.316077e-12, time = 3.853463e-08, elapsed = 1463.8 sec
Step =   9709: nodes = 4354, dt = 2.779292e-12, time = 3.853741e-08, elapsed = 1464.1 sec
Step =   9710: nodes = 4353, dt = 3.335151e-12, time = 3.854074e-08, elapsed = 1464.2 sec
Step =   9711: nodes = 4353, dt = 4.002181e-12, time = 3.854474e-08, elapsed = 1464.4 sec
Step =   9712: nodes = 4354, dt = 2.401309e-12, time = 3.854714e-08, elapsed = 1464.5 sec
Step =   9713: nodes = 4353, dt = 2.401309e-12, time = 3.854955e-08, elapsed = 1464.7 sec
Step =   9714: nodes = 4354, dt = 2.881570e-12, time = 3.855243e-08, elapsed = 1464.8 sec
Step =   9715: nodes = 4354, dt = 3.457884e-12, time = 3.855589e-08, elapsed = 1464.9 sec
Step =   9716: nodes = 4354, dt = 4.149461e-12, time = 3.856004e-08, elapsed = 1465.1 sec
Step =   9717: nodes = 4356, dt = 4.979353e-12, time = 3.856501e-08, elapsed = 1465.3 sec
Step =   9718: nodes = 4353, dt = 2.987612e-12, time = 3.856800e-08, elapsed = 1465.4 sec
Step =   9719: nodes = 4354, dt = 2.987612e-12, time = 3.857099e-08, elapsed = 1465.6 sec
Step =   9720: nodes = 4356, dt = 3.585135e-12, time = 3.857457e-08, elapsed = 1465.7 sec
Step =   9721: nodes = 4356, dt = 4.302161e-12, time = 3.857888e-08, elapsed = 1465.9 sec
Step =   9722: nodes = 4359, dt = 5.162594e-12, time = 3.858404e-08, elapsed = 1466.1 sec
Step =   9723: nodes = 4355, dt = 6.195112e-12, time = 3.859023e-08, elapsed = 1466.2 sec
Step =   9724: nodes = 4356, dt = 7.434135e-12, time = 3.859767e-08, elapsed = 1466.4 sec
Step =   9725: nodes = 4353, dt = 8.920962e-12, time = 3.860659e-08, elapsed = 1466.6 sec
Step =   9726: nodes = 4355, dt = 1.070515e-11, time = 3.861729e-08, elapsed = 1466.7 sec
Step =   9727: nodes = 4355, dt = 6.423093e-12, time = 3.862372e-08, elapsed = 1466.9 sec
Step =   9728: nodes = 4356, dt = 3.211546e-12, time = 3.862693e-08, elapsed = 1467.1 sec
Step =   9729: nodes = 4354, dt = 3.211546e-12, time = 3.863014e-08, elapsed = 1467.2 sec
Step =   9730: nodes = 4354, dt = 3.853856e-12, time = 3.863399e-08, elapsed = 1467.3 sec
Step =   9731: nodes = 4355, dt = 4.624627e-12, time = 3.863862e-08, elapsed = 1467.5 sec
Step =   9732: nodes = 4356, dt = 2.774776e-12, time = 3.864139e-08, elapsed = 1467.7 sec
Step =   9733: nodes = 4356, dt = 2.774776e-12, time = 3.864417e-08, elapsed = 1467.8 sec
Step =   9734: nodes = 4356, dt = 3.329731e-12, time = 3.864750e-08, elapsed = 1467.9 sec
Step =   9735: nodes = 4357, dt = 3.995677e-12, time = 3.865149e-08, elapsed = 1468.1 sec
Step =   9736: nodes = 4357, dt = 2.397406e-12, time = 3.865389e-08, elapsed = 1468.2 sec
Step =   9737: nodes = 4355, dt = 2.397406e-12, time = 3.865629e-08, elapsed = 1468.4 sec
Step =   9738: nodes = 4354, dt = 2.876888e-12, time = 3.865917e-08, elapsed = 1468.5 sec
Step =   9739: nodes = 4352, dt = 3.452265e-12, time = 3.866262e-08, elapsed = 1468.7 sec
Step =   9740: nodes = 4354, dt = 4.142718e-12, time = 3.866676e-08, elapsed = 1468.8 sec
Step =   9741: nodes = 4354, dt = 4.971262e-12, time = 3.867173e-08, elapsed = 1469.0 sec
Step =   9742: nodes = 4354, dt = 2.982757e-12, time = 3.867472e-08, elapsed = 1469.1 sec
Step =   9743: nodes = 4355, dt = 2.982757e-12, time = 3.867770e-08, elapsed = 1469.3 sec
Step =   9744: nodes = 4352, dt = 3.579309e-12, time = 3.868128e-08, elapsed = 1469.4 sec
Step =   9745: nodes = 4353, dt = 4.295170e-12, time = 3.868557e-08, elapsed = 1469.6 sec
Step =   9746: nodes = 4352, dt = 5.154204e-12, time = 3.869073e-08, elapsed = 1469.7 sec
Step =   9747: nodes = 4352, dt = 3.092523e-12, time = 3.869382e-08, elapsed = 1469.9 sec
Step =   9748: nodes = 4353, dt = 1.546261e-12, time = 3.869537e-08, elapsed = 1470.1 sec
Step =   9749: nodes = 4353, dt = 1.546261e-12, time = 3.869691e-08, elapsed = 1470.2 sec
Step =   9750: nodes = 4353, dt = 1.855514e-12, time = 3.869877e-08, elapsed = 1470.3 sec
Step =   9751: nodes = 4354, dt = 2.226616e-12, time = 3.870099e-08, elapsed = 1470.8 sec
Step =   9752: nodes = 4353, dt = 2.671940e-12, time = 3.870367e-08, elapsed = 1470.9 sec
Step =   9753: nodes = 4352, dt = 3.206328e-12, time = 3.870687e-08, elapsed = 1471.1 sec
Step =   9754: nodes = 4354, dt = 3.847593e-12, time = 3.871072e-08, elapsed = 1471.2 sec
Step =   9755: nodes = 4354, dt = 2.308556e-12, time = 3.871303e-08, elapsed = 1471.4 sec
Step =   9756: nodes = 4354, dt = 2.308556e-12, time = 3.871534e-08, elapsed = 1471.5 sec
Step =   9757: nodes = 4353, dt = 2.770267e-12, time = 3.871811e-08, elapsed = 1471.7 sec
Step =   9758: nodes = 4355, dt = 3.324320e-12, time = 3.872143e-08, elapsed = 1471.8 sec
Step =   9759: nodes = 4355, dt = 3.989184e-12, time = 3.872542e-08, elapsed = 1472.0 sec
Step =   9760: nodes = 4352, dt = 4.787021e-12, time = 3.873021e-08, elapsed = 1472.1 sec
Step =   9761: nodes = 4354, dt = 5.744426e-12, time = 3.873595e-08, elapsed = 1472.3 sec
Step =   9762: nodes = 4353, dt = 3.446655e-12, time = 3.873940e-08, elapsed = 1472.5 sec
Step =   9763: nodes = 4354, dt = 3.446655e-12, time = 3.874285e-08, elapsed = 1472.6 sec
Step =   9764: nodes = 4354, dt = 4.135986e-12, time = 3.874698e-08, elapsed = 1472.8 sec
Step =   9765: nodes = 4352, dt = 4.963184e-12, time = 3.875194e-08, elapsed = 1472.9 sec
Step =   9766: nodes = 4353, dt = 5.955820e-12, time = 3.875790e-08, elapsed = 1473.1 sec
Step =   9767: nodes = 4350, dt = 3.573492e-12, time = 3.876147e-08, elapsed = 1473.3 sec
Step =   9768: nodes = 4352, dt = 3.573492e-12, time = 3.876505e-08, elapsed = 1473.4 sec
Step =   9769: nodes = 4353, dt = 4.288191e-12, time = 3.876934e-08, elapsed = 1473.6 sec
Step =   9770: nodes = 4354, dt = 2.572914e-12, time = 3.877191e-08, elapsed = 1473.8 sec
Step =   9771: nodes = 4353, dt = 2.572914e-12, time = 3.877448e-08, elapsed = 1473.9 sec
Step =   9772: nodes = 4354, dt = 3.087497e-12, time = 3.877757e-08, elapsed = 1474.0 sec
Step =   9773: nodes = 4354, dt = 3.704997e-12, time = 3.878127e-08, elapsed = 1474.2 sec
Step =   9774: nodes = 4353, dt = 4.445996e-12, time = 3.878572e-08, elapsed = 1474.3 sec
Step =   9775: nodes = 4355, dt = 5.335195e-12, time = 3.879106e-08, elapsed = 1474.5 sec
Step =   9776: nodes = 4355, dt = 3.201117e-12, time = 3.879426e-08, elapsed = 1474.6 sec
Step =   9777: nodes = 4355, dt = 3.201117e-12, time = 3.879746e-08, elapsed = 1474.8 sec
Step =   9778: nodes = 4355, dt = 3.841341e-12, time = 3.880130e-08, elapsed = 1474.9 sec
Step =   9779: nodes = 4355, dt = 2.304804e-12, time = 3.880360e-08, elapsed = 1475.1 sec
Step =   9780: nodes = 4355, dt = 1.152402e-12, time = 3.880476e-08, elapsed = 1475.2 sec
Step =   9781: nodes = 4353, dt = 1.152402e-12, time = 3.880591e-08, elapsed = 1475.4 sec
Step =   9782: nodes = 4354, dt = 1.382883e-12, time = 3.880729e-08, elapsed = 1475.5 sec
Step =   9783: nodes = 4354, dt = 1.659459e-12, time = 3.880895e-08, elapsed = 1475.6 sec
Step =   9784: nodes = 4354, dt = 1.991351e-12, time = 3.881094e-08, elapsed = 1475.7 sec
Step =   9785: nodes = 4355, dt = 2.389621e-12, time = 3.881333e-08, elapsed = 1475.9 sec
Step =   9786: nodes = 4355, dt = 2.867545e-12, time = 3.881620e-08, elapsed = 1476.0 sec
Step =   9787: nodes = 4354, dt = 3.441055e-12, time = 3.881964e-08, elapsed = 1476.1 sec
Step =   9788: nodes = 4355, dt = 4.129265e-12, time = 3.882377e-08, elapsed = 1476.3 sec
Step =   9789: nodes = 4356, dt = 2.477559e-12, time = 3.882625e-08, elapsed = 1476.5 sec
Step =   9790: nodes = 4356, dt = 2.477559e-12, time = 3.882872e-08, elapsed = 1476.6 sec
Step =   9791: nodes = 4353, dt = 2.973071e-12, time = 3.883170e-08, elapsed = 1476.7 sec
Step =   9792: nodes = 4352, dt = 3.567685e-12, time = 3.883527e-08, elapsed = 1476.9 sec
Step =   9793: nodes = 4352, dt = 4.281222e-12, time = 3.883955e-08, elapsed = 1477.1 sec
Step =   9794: nodes = 4351, dt = 5.137467e-12, time = 3.884468e-08, elapsed = 1477.2 sec
Step =   9795: nodes = 4352, dt = 3.082480e-12, time = 3.884777e-08, elapsed = 1477.4 sec
Step =   9796: nodes = 4353, dt = 3.082480e-12, time = 3.885085e-08, elapsed = 1477.5 sec
Step =   9797: nodes = 4353, dt = 3.698976e-12, time = 3.885455e-08, elapsed = 1477.7 sec
Step =   9798: nodes = 4353, dt = 4.438771e-12, time = 3.885899e-08, elapsed = 1477.8 sec
Step =   9799: nodes = 4353, dt = 5.326526e-12, time = 3.886431e-08, elapsed = 1478.0 sec
Step =   9800: nodes = 4352, dt = 3.195915e-12, time = 3.886751e-08, elapsed = 1478.2 sec
Writing configuration in legacy data format
 Output file: /data/home/dg000246b/openDIS/inital_dislocation_structures/output_caseC_0.14%_seed12345/relax2/config.9800.data
Writing restart file
 Restart file: /data/home/dg000246b/openDIS/inital_dislocation_structures/output_caseC_0.14%_seed12345/relax2/restart.9800.exadis
Step =   9801: nodes = 4353, dt = 3.195915e-12, time = 3.887071e-08, elapsed = 1478.3 sec
Step =   9802: nodes = 4353, dt = 3.835098e-12, time = 3.887454e-08, elapsed = 1478.5 sec
Step =   9803: nodes = 4353, dt = 2.301059e-12, time = 3.887684e-08, elapsed = 1478.7 sec
Step =   9804: nodes = 4353, dt = 2.301059e-12, time = 3.887914e-08, elapsed = 1478.8 sec
Step =   9805: nodes = 4352, dt = 2.761271e-12, time = 3.888190e-08, elapsed = 1478.9 sec
Step =   9806: nodes = 4354, dt = 3.313525e-12, time = 3.888522e-08, elapsed = 1479.1 sec
Step =   9807: nodes = 4354, dt = 1.988115e-12, time = 3.888721e-08, elapsed = 1479.2 sec
Step =   9808: nodes = 4354, dt = 1.988115e-12, time = 3.888919e-08, elapsed = 1479.3 sec
Step =   9809: nodes = 4354, dt = 2.385738e-12, time = 3.889158e-08, elapsed = 1479.5 sec
Step =   9810: nodes = 4354, dt = 2.862886e-12, time = 3.889444e-08, elapsed = 1479.6 sec
Step =   9811: nodes = 4353, dt = 3.435463e-12, time = 3.889788e-08, elapsed = 1479.8 sec
Step =   9812: nodes = 4354, dt = 4.122555e-12, time = 3.890200e-08, elapsed = 1479.9 sec
Step =   9813: nodes = 4352, dt = 2.473533e-12, time = 3.890447e-08, elapsed = 1480.1 sec
Step =   9814: nodes = 4352, dt = 2.473533e-12, time = 3.890695e-08, elapsed = 1480.2 sec
Step =   9815: nodes = 4351, dt = 2.968240e-12, time = 3.890992e-08, elapsed = 1480.3 sec
Step =   9816: nodes = 4353, dt = 3.561888e-12, time = 3.891348e-08, elapsed = 1480.5 sec
Step =   9817: nodes = 4352, dt = 4.274265e-12, time = 3.891775e-08, elapsed = 1480.6 sec
Step =   9818: nodes = 4351, dt = 5.129118e-12, time = 3.892288e-08, elapsed = 1480.8 sec
Step =   9819: nodes = 4351, dt = 3.077471e-12, time = 3.892596e-08, elapsed = 1481.0 sec
Step =   9820: nodes = 4351, dt = 1.538736e-12, time = 3.892750e-08, elapsed = 1481.1 sec
Step =   9821: nodes = 4350, dt = 1.538736e-12, time = 3.892904e-08, elapsed = 1481.2 sec
Step =   9822: nodes = 4350, dt = 1.846483e-12, time = 3.893088e-08, elapsed = 1481.4 sec
Step =   9823: nodes = 4351, dt = 1.107890e-12, time = 3.893199e-08, elapsed = 1481.5 sec
Step =   9824: nodes = 4350, dt = 1.107890e-12, time = 3.893310e-08, elapsed = 1481.7 sec
Step =   9825: nodes = 4350, dt = 1.329468e-12, time = 3.893443e-08, elapsed = 1481.8 sec
Step =   9826: nodes = 4348, dt = 1.595361e-12, time = 3.893602e-08, elapsed = 1481.9 sec
Step =   9827: nodes = 4350, dt = 1.914433e-12, time = 3.893794e-08, elapsed = 1482.0 sec
Step =   9828: nodes = 4348, dt = 2.297320e-12, time = 3.894023e-08, elapsed = 1482.2 sec
Step =   9829: nodes = 4349, dt = 2.756784e-12, time = 3.894299e-08, elapsed = 1482.3 sec
Step =   9830: nodes = 4349, dt = 3.308141e-12, time = 3.894630e-08, elapsed = 1482.4 sec
Step =   9831: nodes = 4349, dt = 1.984884e-12, time = 3.894828e-08, elapsed = 1482.6 sec
Step =   9832: nodes = 4349, dt = 1.984884e-12, time = 3.895027e-08, elapsed = 1482.7 sec
Step =   9833: nodes = 4347, dt = 2.381861e-12, time = 3.895265e-08, elapsed = 1482.8 sec
Step =   9834: nodes = 4348, dt = 2.858233e-12, time = 3.895551e-08, elapsed = 1483.0 sec
Step =   9835: nodes = 4348, dt = 3.429880e-12, time = 3.895894e-08, elapsed = 1483.1 sec
Step =   9836: nodes = 4348, dt = 4.115856e-12, time = 3.896305e-08, elapsed = 1483.3 sec
Step =   9837: nodes = 4348, dt = 2.469514e-12, time = 3.896552e-08, elapsed = 1483.4 sec
Step =   9838: nodes = 4348, dt = 2.469514e-12, time = 3.896799e-08, elapsed = 1483.6 sec
Step =   9839: nodes = 4348, dt = 2.963416e-12, time = 3.897096e-08, elapsed = 1483.7 sec
Step =   9840: nodes = 4347, dt = 3.556100e-12, time = 3.897451e-08, elapsed = 1483.9 sec
Step =   9841: nodes = 4347, dt = 4.267320e-12, time = 3.897878e-08, elapsed = 1484.1 sec
Step =   9842: nodes = 4346, dt = 5.120784e-12, time = 3.898390e-08, elapsed = 1484.2 sec
Step =   9843: nodes = 4348, dt = 3.072470e-12, time = 3.898697e-08, elapsed = 1484.4 sec
Step =   9844: nodes = 4347, dt = 3.072470e-12, time = 3.899005e-08, elapsed = 1484.5 sec
Step =   9845: nodes = 4347, dt = 3.686964e-12, time = 3.899373e-08, elapsed = 1484.7 sec
Step =   9846: nodes = 4347, dt = 4.424357e-12, time = 3.899816e-08, elapsed = 1484.9 sec
Step =   9847: nodes = 4348, dt = 5.309229e-12, time = 3.900347e-08, elapsed = 1485.0 sec
Step =   9848: nodes = 4349, dt = 3.185537e-12, time = 3.900665e-08, elapsed = 1485.2 sec
Step =   9849: nodes = 4349, dt = 3.185537e-12, time = 3.900984e-08, elapsed = 1485.4 sec
Step =   9850: nodes = 4349, dt = 3.822645e-12, time = 3.901366e-08, elapsed = 1485.5 sec
Step =   9851: nodes = 4350, dt = 4.587173e-12, time = 3.901825e-08, elapsed = 1485.7 sec
Step =   9852: nodes = 4350, dt = 5.504608e-12, time = 3.902375e-08, elapsed = 1485.9 sec
Step =   9853: nodes = 4350, dt = 1.651382e-12, time = 3.902540e-08, elapsed = 1486.1 sec
Step =   9854: nodes = 4351, dt = 1.651382e-12, time = 3.902706e-08, elapsed = 1486.2 sec
Step =   9855: nodes = 4351, dt = 1.981659e-12, time = 3.902904e-08, elapsed = 1486.3 sec
Step =   9856: nodes = 4351, dt = 2.377991e-12, time = 3.903141e-08, elapsed = 1486.5 sec
Step =   9857: nodes = 4351, dt = 2.853589e-12, time = 3.903427e-08, elapsed = 1486.7 sec
Step =   9858: nodes = 4350, dt = 3.424307e-12, time = 3.903769e-08, elapsed = 1486.8 sec
Step =   9859: nodes = 4350, dt = 2.054584e-12, time = 3.903975e-08, elapsed = 1487.0 sec
Step =   9860: nodes = 4349, dt = 2.054584e-12, time = 3.904180e-08, elapsed = 1487.1 sec
Step =   9861: nodes = 4348, dt = 2.465501e-12, time = 3.904427e-08, elapsed = 1487.3 sec
Step =   9862: nodes = 4348, dt = 2.958601e-12, time = 3.904723e-08, elapsed = 1487.4 sec
Step =   9863: nodes = 4348, dt = 1.775161e-12, time = 3.904900e-08, elapsed = 1487.6 sec
Step =   9864: nodes = 4349, dt = 1.775161e-12, time = 3.905078e-08, elapsed = 1487.7 sec
Step =   9865: nodes = 4347, dt = 2.130193e-12, time = 3.905291e-08, elapsed = 1487.9 sec
Step =   9866: nodes = 4350, dt = 2.556231e-12, time = 3.905546e-08, elapsed = 1488.0 sec
Step =   9867: nodes = 4350, dt = 3.067477e-12, time = 3.905853e-08, elapsed = 1488.2 sec
Step =   9868: nodes = 4349, dt = 3.680973e-12, time = 3.906221e-08, elapsed = 1488.4 sec
Step =   9869: nodes = 4349, dt = 2.208584e-12, time = 3.906442e-08, elapsed = 1488.6 sec
Step =   9870: nodes = 4348, dt = 2.208584e-12, time = 3.906663e-08, elapsed = 1488.7 sec
Step =   9871: nodes = 4349, dt = 2.650301e-12, time = 3.906928e-08, elapsed = 1488.8 sec
Step =   9872: nodes = 4350, dt = 3.180361e-12, time = 3.907246e-08, elapsed = 1489.0 sec
Step =   9873: nodes = 4349, dt = 3.816433e-12, time = 3.907628e-08, elapsed = 1489.2 sec
Step =   9874: nodes = 4346, dt = 4.579719e-12, time = 3.908086e-08, elapsed = 1489.3 sec
Step =   9875: nodes = 4348, dt = 5.495663e-12, time = 3.908635e-08, elapsed = 1489.5 sec
Step =   9876: nodes = 4348, dt = 3.297398e-12, time = 3.908965e-08, elapsed = 1489.7 sec
Step =   9877: nodes = 4349, dt = 3.297398e-12, time = 3.909295e-08, elapsed = 1489.8 sec
Step =   9878: nodes = 4350, dt = 1.978439e-12, time = 3.909492e-08, elapsed = 1490.0 sec
Step =   9879: nodes = 4350, dt = 1.978439e-12, time = 3.909690e-08, elapsed = 1490.1 sec
Step =   9880: nodes = 4349, dt = 2.374126e-12, time = 3.909928e-08, elapsed = 1490.2 sec
Step =   9881: nodes = 4350, dt = 2.848952e-12, time = 3.910213e-08, elapsed = 1490.4 sec
Step =   9882: nodes = 4351, dt = 3.418742e-12, time = 3.910554e-08, elapsed = 1490.5 sec
Step =   9883: nodes = 4350, dt = 4.102491e-12, time = 3.910965e-08, elapsed = 1490.7 sec
Step =   9884: nodes = 4350, dt = 4.922989e-12, time = 3.911457e-08, elapsed = 1490.8 sec
Step =   9885: nodes = 4351, dt = 2.953793e-12, time = 3.911752e-08, elapsed = 1491.0 sec
Step =   9886: nodes = 4351, dt = 2.953793e-12, time = 3.912048e-08, elapsed = 1491.1 sec
Step =   9887: nodes = 4353, dt = 3.544552e-12, time = 3.912402e-08, elapsed = 1491.3 sec
Step =   9888: nodes = 4352, dt = 4.253462e-12, time = 3.912828e-08, elapsed = 1491.5 sec
Step =   9889: nodes = 4354, dt = 5.104155e-12, time = 3.913338e-08, elapsed = 1491.7 sec
Step =   9890: nodes = 4353, dt = 3.062493e-12, time = 3.913644e-08, elapsed = 1491.8 sec
Step =   9891: nodes = 4353, dt = 3.062493e-12, time = 3.913950e-08, elapsed = 1492.0 sec
Step =   9892: nodes = 4353, dt = 3.674991e-12, time = 3.914318e-08, elapsed = 1492.1 sec
Step =   9893: nodes = 4351, dt = 2.204995e-12, time = 3.914538e-08, elapsed = 1492.3 sec
Step =   9894: nodes = 4353, dt = 2.204995e-12, time = 3.914759e-08, elapsed = 1492.4 sec
Step =   9895: nodes = 4352, dt = 2.645994e-12, time = 3.915024e-08, elapsed = 1492.6 sec
Step =   9896: nodes = 4351, dt = 3.175193e-12, time = 3.915341e-08, elapsed = 1492.8 sec
Step =   9897: nodes = 4350, dt = 3.810231e-12, time = 3.915722e-08, elapsed = 1493.0 sec
Step =   9898: nodes = 4352, dt = 4.572277e-12, time = 3.916179e-08, elapsed = 1493.1 sec
Step =   9899: nodes = 4351, dt = 5.486733e-12, time = 3.916728e-08, elapsed = 1493.3 sec
Step =   9900: nodes = 4352, dt = 1.646020e-12, time = 3.916893e-08, elapsed = 1493.5 sec
Writing configuration in legacy data format
 Output file: /data/home/dg000246b/openDIS/inital_dislocation_structures/output_caseC_0.14%_seed12345/relax2/config.9900.data
Writing restart file
 Restart file: /data/home/dg000246b/openDIS/inital_dislocation_structures/output_caseC_0.14%_seed12345/relax2/restart.9900.exadis
Step =   9901: nodes = 4353, dt = 1.646020e-12, time = 3.917057e-08, elapsed = 1493.7 sec
Step =   9902: nodes = 4353, dt = 1.975224e-12, time = 3.917255e-08, elapsed = 1493.9 sec
Step =   9903: nodes = 4353, dt = 2.370269e-12, time = 3.917492e-08, elapsed = 1494.0 sec
Step =   9904: nodes = 4351, dt = 2.844322e-12, time = 3.917776e-08, elapsed = 1494.2 sec
Step =   9905: nodes = 4350, dt = 3.413187e-12, time = 3.918117e-08, elapsed = 1494.4 sec
Step =   9906: nodes = 4351, dt = 4.095824e-12, time = 3.918527e-08, elapsed = 1494.5 sec
Step =   9907: nodes = 4352, dt = 2.457494e-12, time = 3.918773e-08, elapsed = 1494.8 sec
Step =   9908: nodes = 4350, dt = 2.457494e-12, time = 3.919019e-08, elapsed = 1494.9 sec
Step =   9909: nodes = 4350, dt = 2.948993e-12, time = 3.919313e-08, elapsed = 1495.1 sec
Step =   9910: nodes = 4351, dt = 3.538792e-12, time = 3.919667e-08, elapsed = 1495.2 sec
Step =   9911: nodes = 4351, dt = 2.123275e-12, time = 3.919880e-08, elapsed = 1495.4 sec
Step =   9912: nodes = 4352, dt = 2.123275e-12, time = 3.920092e-08, elapsed = 1495.5 sec
Step =   9913: nodes = 4352, dt = 2.547930e-12, time = 3.920347e-08, elapsed = 1495.6 sec
Step =   9914: nodes = 4352, dt = 3.057516e-12, time = 3.920653e-08, elapsed = 1495.8 sec
Step =   9915: nodes = 4352, dt = 3.669019e-12, time = 3.921019e-08, elapsed = 1496.0 sec
Step =   9916: nodes = 4353, dt = 4.402823e-12, time = 3.921460e-08, elapsed = 1496.1 sec
Step =   9917: nodes = 4353, dt = 5.283388e-12, time = 3.921988e-08, elapsed = 1496.3 sec
Step =   9918: nodes = 4354, dt = 6.340066e-12, time = 3.922622e-08, elapsed = 1496.5 sec
Step =   9919: nodes = 4353, dt = 3.804039e-12, time = 3.923002e-08, elapsed = 1496.7 sec
Step =   9920: nodes = 4355, dt = 1.902020e-12, time = 3.923193e-08, elapsed = 1496.8 sec
Step =   9921: nodes = 4354, dt = 1.902020e-12, time = 3.923383e-08, elapsed = 1497.0 sec
Step =   9922: nodes = 4355, dt = 2.282424e-12, time = 3.923611e-08, elapsed = 1497.1 sec
Step =   9923: nodes = 4352, dt = 2.738908e-12, time = 3.923885e-08, elapsed = 1497.2 sec
Step =   9924: nodes = 4351, dt = 3.286690e-12, time = 3.924214e-08, elapsed = 1497.4 sec
Step =   9925: nodes = 4348, dt = 3.944028e-12, time = 3.924608e-08, elapsed = 1497.5 sec
Step =   9926: nodes = 4350, dt = 4.732834e-12, time = 3.925081e-08, elapsed = 1497.7 sec
Step =   9927: nodes = 4350, dt = 2.839700e-12, time = 3.925365e-08, elapsed = 1497.9 sec
Step =   9928: nodes = 4351, dt = 2.839700e-12, time = 3.925649e-08, elapsed = 1498.0 sec
Step =   9929: nodes = 4351, dt = 3.407640e-12, time = 3.925990e-08, elapsed = 1498.2 sec
Step =   9930: nodes = 4351, dt = 2.044584e-12, time = 3.926195e-08, elapsed = 1498.4 sec
Step =   9931: nodes = 4349, dt = 2.044584e-12, time = 3.926399e-08, elapsed = 1498.5 sec
Step =   9932: nodes = 4350, dt = 2.453501e-12, time = 3.926644e-08, elapsed = 1498.7 sec
Step =   9933: nodes = 4350, dt = 2.944201e-12, time = 3.926939e-08, elapsed = 1498.8 sec
Step =   9934: nodes = 4349, dt = 3.533041e-12, time = 3.927292e-08, elapsed = 1499.0 sec
Step =   9935: nodes = 4350, dt = 2.119825e-12, time = 3.927504e-08, elapsed = 1499.1 sec
Step =   9936: nodes = 4351, dt = 2.119825e-12, time = 3.927716e-08, elapsed = 1499.2 sec
Step =   9937: nodes = 4351, dt = 2.543790e-12, time = 3.927970e-08, elapsed = 1499.4 sec
Step =   9938: nodes = 4352, dt = 3.052548e-12, time = 3.928276e-08, elapsed = 1499.5 sec
Step =   9939: nodes = 4352, dt = 3.663057e-12, time = 3.928642e-08, elapsed = 1499.7 sec
Step =   9940: nodes = 4353, dt = 4.395669e-12, time = 3.929082e-08, elapsed = 1499.9 sec
Step =   9941: nodes = 4353, dt = 5.274803e-12, time = 3.929609e-08, elapsed = 1500.0 sec
Step =   9942: nodes = 4352, dt = 6.329763e-12, time = 3.930242e-08, elapsed = 1500.2 sec
Step =   9943: nodes = 4352, dt = 7.595716e-12, time = 3.931002e-08, elapsed = 1500.7 sec
Step =   9944: nodes = 4352, dt = 2.278715e-12, time = 3.931229e-08, elapsed = 1500.9 sec
Step =   9945: nodes = 4353, dt = 1.139357e-12, time = 3.931343e-08, elapsed = 1501.1 sec
Step =   9946: nodes = 4353, dt = 1.139357e-12, time = 3.931457e-08, elapsed = 1501.2 sec
Step =   9947: nodes = 4353, dt = 1.367229e-12, time = 3.931594e-08, elapsed = 1501.3 sec
Step =   9948: nodes = 4353, dt = 1.640675e-12, time = 3.931758e-08, elapsed = 1501.5 sec
Step =   9949: nodes = 4353, dt = 1.968809e-12, time = 3.931955e-08, elapsed = 1501.6 sec
Step =   9950: nodes = 4353, dt = 2.362571e-12, time = 3.932191e-08, elapsed = 1501.8 sec
Step =   9951: nodes = 4352, dt = 2.835086e-12, time = 3.932475e-08, elapsed = 1501.9 sec
Step =   9952: nodes = 4353, dt = 3.402103e-12, time = 3.932815e-08, elapsed = 1502.1 sec
Step =   9953: nodes = 4353, dt = 2.041262e-12, time = 3.933019e-08, elapsed = 1502.2 sec
Step =   9954: nodes = 4353, dt = 2.041262e-12, time = 3.933223e-08, elapsed = 1502.4 sec
Step =   9955: nodes = 4352, dt = 2.449514e-12, time = 3.933468e-08, elapsed = 1502.5 sec
Step =   9956: nodes = 4354, dt = 2.939417e-12, time = 3.933762e-08, elapsed = 1502.7 sec
Step =   9957: nodes = 4354, dt = 3.527300e-12, time = 3.934115e-08, elapsed = 1502.8 sec
Step =   9958: nodes = 4353, dt = 4.232760e-12, time = 3.934538e-08, elapsed = 1503.0 sec
Step =   9959: nodes = 4351, dt = 5.079312e-12, time = 3.935046e-08, elapsed = 1503.2 sec
Step =   9960: nodes = 4353, dt = 6.095175e-12, time = 3.935656e-08, elapsed = 1503.4 sec
Step =   9961: nodes = 4354, dt = 7.314210e-12, time = 3.936387e-08, elapsed = 1503.6 sec
Step =   9962: nodes = 4355, dt = 4.388526e-12, time = 3.936826e-08, elapsed = 1503.8 sec
Step =   9963: nodes = 4353, dt = 2.194263e-12, time = 3.937045e-08, elapsed = 1504.0 sec
Step =   9964: nodes = 4353, dt = 2.194263e-12, time = 3.937265e-08, elapsed = 1504.1 sec
Step =   9965: nodes = 4355, dt = 2.633115e-12, time = 3.937528e-08, elapsed = 1504.3 sec
Step =   9966: nodes = 4356, dt = 3.159739e-12, time = 3.937844e-08, elapsed = 1504.4 sec
Step =   9967: nodes = 4355, dt = 3.791686e-12, time = 3.938223e-08, elapsed = 1504.6 sec
Step =   9968: nodes = 4356, dt = 4.550024e-12, time = 3.938678e-08, elapsed = 1504.8 sec
Step =   9969: nodes = 4354, dt = 5.460028e-12, time = 3.939224e-08, elapsed = 1505.0 sec
Step =   9970: nodes = 4358, dt = 6.552034e-12, time = 3.939879e-08, elapsed = 1505.1 sec
Step =   9971: nodes = 4358, dt = 3.931220e-12, time = 3.940272e-08, elapsed = 1505.3 sec
Step =   9972: nodes = 4358, dt = 3.931220e-12, time = 3.940666e-08, elapsed = 1505.4 sec
Step =   9973: nodes = 4356, dt = 4.717464e-12, time = 3.941137e-08, elapsed = 1505.6 sec
Step =   9974: nodes = 4356, dt = 5.660957e-12, time = 3.941703e-08, elapsed = 1505.8 sec
Step =   9975: nodes = 4357, dt = 3.396574e-12, time = 3.942043e-08, elapsed = 1505.9 sec
Step =   9976: nodes = 4357, dt = 3.396574e-12, time = 3.942383e-08, elapsed = 1506.1 sec
Step =   9977: nodes = 4357, dt = 4.075889e-12, time = 3.942790e-08, elapsed = 1506.2 sec
Step =   9978: nodes = 4357, dt = 2.445534e-12, time = 3.943035e-08, elapsed = 1506.4 sec
Step =   9979: nodes = 4356, dt = 2.445534e-12, time = 3.943279e-08, elapsed = 1506.5 sec
Step =   9980: nodes = 4355, dt = 2.934640e-12, time = 3.943573e-08, elapsed = 1506.7 sec
Step =   9981: nodes = 4357, dt = 3.521568e-12, time = 3.943925e-08, elapsed = 1506.9 sec
Step =   9982: nodes = 4358, dt = 4.225882e-12, time = 3.944348e-08, elapsed = 1507.0 sec
Step =   9983: nodes = 4358, dt = 2.535529e-12, time = 3.944601e-08, elapsed = 1507.2 sec
Step =   9984: nodes = 4358, dt = 2.535529e-12, time = 3.944855e-08, elapsed = 1507.3 sec
Step =   9985: nodes = 4357, dt = 3.042635e-12, time = 3.945159e-08, elapsed = 1507.5 sec
Step =   9986: nodes = 4356, dt = 3.651162e-12, time = 3.945524e-08, elapsed = 1507.7 sec
Step =   9987: nodes = 4357, dt = 4.381394e-12, time = 3.945962e-08, elapsed = 1507.9 sec
Step =   9988: nodes = 4357, dt = 5.257673e-12, time = 3.946488e-08, elapsed = 1508.0 sec
Step =   9989: nodes = 4358, dt = 3.154604e-12, time = 3.946804e-08, elapsed = 1508.2 sec
Step =   9990: nodes = 4357, dt = 3.154604e-12, time = 3.947119e-08, elapsed = 1508.4 sec
Step =   9991: nodes = 4358, dt = 3.785525e-12, time = 3.947498e-08, elapsed = 1508.5 sec
Step =   9992: nodes = 4357, dt = 4.542630e-12, time = 3.947952e-08, elapsed = 1508.7 sec
Step =   9993: nodes = 4357, dt = 5.451156e-12, time = 3.948497e-08, elapsed = 1508.9 sec
Step =   9994: nodes = 4357, dt = 3.270693e-12, time = 3.948824e-08, elapsed = 1509.1 sec
Step =   9995: nodes = 4355, dt = 3.270693e-12, time = 3.949151e-08, elapsed = 1509.2 sec
Step =   9996: nodes = 4356, dt = 3.924832e-12, time = 3.949544e-08, elapsed = 1509.4 sec
Step =   9997: nodes = 4356, dt = 2.354899e-12, time = 3.949779e-08, elapsed = 1509.5 sec
Step =   9998: nodes = 4357, dt = 2.354899e-12, time = 3.950015e-08, elapsed = 1509.7 sec
Step =   9999: nodes = 4357, dt = 2.825879e-12, time = 3.950297e-08, elapsed = 1509.8 sec
Step =  10000: nodes = 4356, dt = 3.391055e-12, time = 3.950636e-08, elapsed = 1510.0 sec
Writing configuration in legacy data format
 Output file: /data/home/dg000246b/openDIS/inital_dislocation_structures/output_caseC_0.14%_seed12345/relax2/config.10000.data
Writing restart file
 Restart file: /data/home/dg000246b/openDIS/inital_dislocation_structures/output_caseC_0.14%_seed12345/relax2/restart.10000.exadis
----------------------------------------------
Force time:             1084.370 sec (71.81%)
Mobility time:            76.034 sec (5.04%)
Integration time:        661.035 sec (43.78%)
Cross-slip time:           0.000 sec (0.00%)
Collision time:           16.534 sec (1.09%)
Topology time:            24.045 sec (1.59%)
Remesh time:               2.966 sec (0.20%)
Output time:               3.076 sec (0.20%)
----------------------------------------------
Writing configuration in legacy data format
 Output file: /data/home/dg000246b/openDIS/inital_dislocation_structures/output_caseC_0.14%_seed12345/predeformed_relaxedC1_config.data
RUN TIME: 5385.186309 sec
RUN TIME: 1510.057536 sec
预变形+二次弛豫后构型已存: /data/home/dg000246b/openDIS/inital_dislocation_structures/output_caseC_0.14%_seed12345/predeformed_relaxedC1_config.data
下一步:plot_relax.py 看 /data/home/dg000246b/openDIS/inital_dislocation_structures/output_caseC_0.14%_seed12345/relax2 确认收敛,再跑 caseC_load.py --predeform 0.14
