Step =      0: nodes = 16529, dt = 0.000000e+00, time = 0.000000e+00, elapsed = 0.0 sec
Writing configuration in legacy data format
 Output file: /data/home/dg000246b/openDIS/inital_dislocation_structures/output_caseC_0.18%_seed12345/relax2/config.0.data
Writing restart file
 Restart file: /data/home/dg000246b/openDIS/inital_dislocation_structures/output_caseC_0.18%_seed12345/relax2/restart.0.exadis
Run for 10000 steps
Step =      1: nodes = 16528, dt = 2.220984e-12, time = 2.220984e-12, elapsed = 1.0 sec
Step =      2: nodes = 16507, dt = 2.665181e-12, time = 4.886165e-12, elapsed = 1.8 sec
Step =      3: nodes = 16503, dt = 3.198217e-12, time = 8.084381e-12, elapsed = 3.0 sec
Step =      4: nodes = 16492, dt = 1.918930e-12, time = 1.000331e-11, elapsed = 4.1 sec
Step =      5: nodes = 16485, dt = 1.918930e-12, time = 1.192224e-11, elapsed = 4.9 sec
Step =      6: nodes = 16474, dt = 2.302716e-12, time = 1.422496e-11, elapsed = 5.8 sec
Step =      7: nodes = 16461, dt = 2.763259e-12, time = 1.698822e-11, elapsed = 6.6 sec
Step =      8: nodes = 16456, dt = 1.657956e-12, time = 1.864617e-11, elapsed = 7.7 sec
Step =      9: nodes = 16445, dt = 1.657956e-12, time = 2.030413e-11, elapsed = 8.5 sec
Step =     10: nodes = 16435, dt = 1.989547e-12, time = 2.229367e-11, elapsed = 9.3 sec
Step =     11: nodes = 16425, dt = 2.387456e-12, time = 2.468113e-11, elapsed = 10.1 sec
Step =     12: nodes = 16427, dt = 2.864947e-12, time = 2.754608e-11, elapsed = 11.0 sec
Step =     13: nodes = 16414, dt = 3.437937e-12, time = 3.098401e-11, elapsed = 11.8 sec
Step =     14: nodes = 16405, dt = 2.062762e-12, time = 3.304678e-11, elapsed = 13.0 sec
Step =     15: nodes = 16401, dt = 2.062762e-12, time = 3.510954e-11, elapsed = 13.8 sec
Step =     16: nodes = 16396, dt = 2.475314e-12, time = 3.758485e-11, elapsed = 14.6 sec
Step =     17: nodes = 16388, dt = 2.970377e-12, time = 4.055523e-11, elapsed = 15.4 sec
Step =     18: nodes = 16379, dt = 3.564453e-12, time = 4.411968e-11, elapsed = 16.3 sec
Step =     19: nodes = 16373, dt = 4.277343e-12, time = 4.839703e-11, elapsed = 17.2 sec
Step =     20: nodes = 16359, dt = 5.132812e-12, time = 5.352984e-11, elapsed = 18.2 sec
Step =     21: nodes = 16349, dt = 3.079687e-12, time = 5.660953e-11, elapsed = 19.4 sec
Step =     22: nodes = 16341, dt = 3.079687e-12, time = 5.968921e-11, elapsed = 20.3 sec
Step =     23: nodes = 16321, dt = 3.695625e-12, time = 6.338484e-11, elapsed = 21.2 sec
Step =     24: nodes = 16315, dt = 2.217375e-12, time = 6.560221e-11, elapsed = 22.3 sec
Step =     25: nodes = 16308, dt = 2.217375e-12, time = 6.781959e-11, elapsed = 23.1 sec
Step =     26: nodes = 16300, dt = 2.660850e-12, time = 7.048044e-11, elapsed = 23.9 sec
Step =     27: nodes = 16283, dt = 3.193020e-12, time = 7.367346e-11, elapsed = 24.8 sec
Step =     28: nodes = 16282, dt = 3.831624e-12, time = 7.750508e-11, elapsed = 25.6 sec
Step =     29: nodes = 16273, dt = 2.298974e-12, time = 7.980405e-11, elapsed = 26.7 sec
Step =     30: nodes = 16268, dt = 2.298974e-12, time = 8.210303e-11, elapsed = 27.5 sec
Step =     31: nodes = 16261, dt = 2.758769e-12, time = 8.486180e-11, elapsed = 28.4 sec
Step =     32: nodes = 16250, dt = 3.310523e-12, time = 8.817232e-11, elapsed = 29.2 sec
Step =     33: nodes = 16242, dt = 3.972627e-12, time = 9.214495e-11, elapsed = 30.0 sec
Step =     34: nodes = 16236, dt = 4.767153e-12, time = 9.691210e-11, elapsed = 30.9 sec
Step =     35: nodes = 16220, dt = 5.720583e-12, time = 1.026327e-10, elapsed = 31.8 sec
Step =     36: nodes = 16203, dt = 6.864700e-12, time = 1.094974e-10, elapsed = 33.0 sec
Step =     37: nodes = 16189, dt = 4.118820e-12, time = 1.136162e-10, elapsed = 34.2 sec
Step =     38: nodes = 16177, dt = 4.118820e-12, time = 1.177350e-10, elapsed = 35.0 sec
Step =     39: nodes = 16161, dt = 4.942584e-12, time = 1.226776e-10, elapsed = 35.9 sec
Step =     40: nodes = 16147, dt = 5.931101e-12, time = 1.286087e-10, elapsed = 36.8 sec
Step =     41: nodes = 16139, dt = 7.117321e-12, time = 1.357260e-10, elapsed = 37.7 sec
Step =     42: nodes = 16131, dt = 4.270393e-12, time = 1.399964e-10, elapsed = 38.9 sec
Step =     43: nodes = 16110, dt = 4.270393e-12, time = 1.442668e-10, elapsed = 39.8 sec
Step =     44: nodes = 16094, dt = 5.124471e-12, time = 1.493913e-10, elapsed = 40.6 sec
Step =     45: nodes = 16076, dt = 6.149365e-12, time = 1.555407e-10, elapsed = 41.5 sec
Step =     46: nodes = 16069, dt = 3.689619e-12, time = 1.592303e-10, elapsed = 42.7 sec
Step =     47: nodes = 16062, dt = 3.689619e-12, time = 1.629199e-10, elapsed = 43.5 sec
Step =     48: nodes = 16049, dt = 4.427543e-12, time = 1.673474e-10, elapsed = 44.4 sec
Step =     49: nodes = 16043, dt = 5.313052e-12, time = 1.726605e-10, elapsed = 45.3 sec
Step =     50: nodes = 16028, dt = 6.375662e-12, time = 1.790361e-10, elapsed = 46.2 sec
Step =     51: nodes = 16025, dt = 3.825397e-12, time = 1.828615e-10, elapsed = 47.4 sec
Step =     52: nodes = 16024, dt = 3.825397e-12, time = 1.866869e-10, elapsed = 48.3 sec
Step =     53: nodes = 16018, dt = 4.590477e-12, time = 1.912774e-10, elapsed = 49.2 sec
Step =     54: nodes = 15994, dt = 5.508572e-12, time = 1.967860e-10, elapsed = 50.0 sec
Step =     55: nodes = 15980, dt = 6.610286e-12, time = 2.033963e-10, elapsed = 50.9 sec
Step =     56: nodes = 15978, dt = 3.966172e-12, time = 2.073624e-10, elapsed = 52.1 sec
Step =     57: nodes = 15972, dt = 3.966172e-12, time = 2.113286e-10, elapsed = 53.0 sec
Step =     58: nodes = 15964, dt = 4.759406e-12, time = 2.160880e-10, elapsed = 53.8 sec
Step =     59: nodes = 15962, dt = 5.711287e-12, time = 2.217993e-10, elapsed = 54.8 sec
Step =     60: nodes = 15951, dt = 6.853545e-12, time = 2.286529e-10, elapsed = 55.7 sec
Step =     61: nodes = 15934, dt = 4.112127e-12, time = 2.327650e-10, elapsed = 56.9 sec
Step =     62: nodes = 15920, dt = 4.112127e-12, time = 2.368771e-10, elapsed = 57.8 sec
Step =     63: nodes = 15911, dt = 4.934552e-12, time = 2.418117e-10, elapsed = 58.7 sec
Step =     64: nodes = 15907, dt = 2.960731e-12, time = 2.447724e-10, elapsed = 59.8 sec
Step =     65: nodes = 15906, dt = 2.960731e-12, time = 2.477331e-10, elapsed = 60.6 sec
Step =     66: nodes = 15893, dt = 3.552878e-12, time = 2.512860e-10, elapsed = 61.4 sec
Step =     67: nodes = 15884, dt = 4.263453e-12, time = 2.555495e-10, elapsed = 62.6 sec
Step =     68: nodes = 15869, dt = 5.116144e-12, time = 2.606656e-10, elapsed = 63.5 sec
Step =     69: nodes = 15857, dt = 3.069686e-12, time = 2.637353e-10, elapsed = 64.6 sec
Step =     70: nodes = 15840, dt = 3.069686e-12, time = 2.668050e-10, elapsed = 65.4 sec
Step =     71: nodes = 15839, dt = 3.683624e-12, time = 2.704886e-10, elapsed = 66.3 sec
Step =     72: nodes = 15832, dt = 4.420348e-12, time = 2.749089e-10, elapsed = 67.1 sec
Step =     73: nodes = 15829, dt = 2.652209e-12, time = 2.775612e-10, elapsed = 68.2 sec
Step =     74: nodes = 15815, dt = 2.652209e-12, time = 2.802134e-10, elapsed = 69.0 sec
Step =     75: nodes = 15803, dt = 3.182651e-12, time = 2.833960e-10, elapsed = 69.8 sec
Step =     76: nodes = 15800, dt = 3.819181e-12, time = 2.872152e-10, elapsed = 70.6 sec
Step =     77: nodes = 15786, dt = 4.583017e-12, time = 2.917982e-10, elapsed = 71.4 sec
Step =     78: nodes = 15776, dt = 2.749810e-12, time = 2.945480e-10, elapsed = 72.6 sec
Step =     79: nodes = 15764, dt = 2.749810e-12, time = 2.972978e-10, elapsed = 73.3 sec
Step =     80: nodes = 15761, dt = 3.299772e-12, time = 3.005976e-10, elapsed = 74.1 sec
Step =     81: nodes = 15758, dt = 3.959727e-12, time = 3.045573e-10, elapsed = 74.9 sec
Step =     82: nodes = 15755, dt = 2.375836e-12, time = 3.069332e-10, elapsed = 76.0 sec
Step =     83: nodes = 15748, dt = 2.375836e-12, time = 3.093090e-10, elapsed = 76.8 sec
Step =     84: nodes = 15740, dt = 2.851003e-12, time = 3.121600e-10, elapsed = 77.6 sec
Step =     85: nodes = 15729, dt = 3.421204e-12, time = 3.155812e-10, elapsed = 78.4 sec
Step =     86: nodes = 15720, dt = 4.105445e-12, time = 3.196867e-10, elapsed = 79.2 sec
Step =     87: nodes = 15709, dt = 4.926534e-12, time = 3.246132e-10, elapsed = 80.0 sec
Step =     88: nodes = 15702, dt = 5.911840e-12, time = 3.305250e-10, elapsed = 80.9 sec
Step =     89: nodes = 15685, dt = 7.094209e-12, time = 3.376192e-10, elapsed = 81.9 sec
Step =     90: nodes = 15680, dt = 4.256525e-12, time = 3.418758e-10, elapsed = 83.0 sec
Step =     91: nodes = 15680, dt = 4.256525e-12, time = 3.461323e-10, elapsed = 83.9 sec
Step =     92: nodes = 15666, dt = 5.107830e-12, time = 3.512401e-10, elapsed = 84.8 sec
Step =     93: nodes = 15660, dt = 6.129396e-12, time = 3.573695e-10, elapsed = 85.7 sec
Step =     94: nodes = 15644, dt = 7.355275e-12, time = 3.647248e-10, elapsed = 86.9 sec
Step =     95: nodes = 15633, dt = 8.826331e-12, time = 3.735511e-10, elapsed = 88.0 sec
Step =     96: nodes = 15629, dt = 5.295798e-12, time = 3.788469e-10, elapsed = 89.3 sec
Step =     97: nodes = 15617, dt = 5.295798e-12, time = 3.841427e-10, elapsed = 90.2 sec
Step =     98: nodes = 15608, dt = 6.354958e-12, time = 3.904977e-10, elapsed = 91.1 sec
Step =     99: nodes = 15597, dt = 7.625950e-12, time = 3.981236e-10, elapsed = 92.1 sec
Step =    100: nodes = 15585, dt = 9.151140e-12, time = 4.072748e-10, elapsed = 93.4 sec
Writing configuration in legacy data format
 Output file: /data/home/dg000246b/openDIS/inital_dislocation_structures/output_caseC_0.18%_seed12345/relax2/config.100.data
Writing restart file
 Restart file: /data/home/dg000246b/openDIS/inital_dislocation_structures/output_caseC_0.18%_seed12345/relax2/restart.100.exadis
Step =    101: nodes = 15582, dt = 5.490684e-12, time = 4.127655e-10, elapsed = 94.8 sec
Step =    102: nodes = 15571, dt = 5.490684e-12, time = 4.182561e-10, elapsed = 95.7 sec
Step =    103: nodes = 15566, dt = 6.588820e-12, time = 4.248450e-10, elapsed = 96.6 sec
Step =    104: nodes = 15547, dt = 7.906585e-12, time = 4.327515e-10, elapsed = 97.6 sec
Step =    105: nodes = 15556, dt = 4.743951e-12, time = 4.374955e-10, elapsed = 98.7 sec
Step =    106: nodes = 15551, dt = 4.743951e-12, time = 4.422394e-10, elapsed = 99.6 sec
Step =    107: nodes = 15546, dt = 5.692741e-12, time = 4.479322e-10, elapsed = 100.4 sec
Step =    108: nodes = 15543, dt = 6.831289e-12, time = 4.547635e-10, elapsed = 101.4 sec
Step =    109: nodes = 15544, dt = 2.049387e-12, time = 4.568129e-10, elapsed = 102.8 sec
Step =    110: nodes = 15531, dt = 2.049387e-12, time = 4.588622e-10, elapsed = 103.5 sec
Step =    111: nodes = 15517, dt = 2.459264e-12, time = 4.613215e-10, elapsed = 104.3 sec
Step =    112: nodes = 15508, dt = 2.951117e-12, time = 4.642726e-10, elapsed = 105.0 sec
Step =    113: nodes = 15497, dt = 3.541340e-12, time = 4.678140e-10, elapsed = 105.8 sec
Step =    114: nodes = 15491, dt = 4.249608e-12, time = 4.720636e-10, elapsed = 106.7 sec
Step =    115: nodes = 15481, dt = 5.099530e-12, time = 4.771631e-10, elapsed = 107.5 sec
Step =    116: nodes = 15470, dt = 6.119436e-12, time = 4.832825e-10, elapsed = 108.4 sec
Step =    117: nodes = 15470, dt = 3.671662e-12, time = 4.869542e-10, elapsed = 109.7 sec
Step =    118: nodes = 15470, dt = 3.671662e-12, time = 4.906259e-10, elapsed = 110.5 sec
Step =    119: nodes = 15459, dt = 4.405994e-12, time = 4.950319e-10, elapsed = 111.3 sec
Step =    120: nodes = 15457, dt = 5.287193e-12, time = 5.003191e-10, elapsed = 112.2 sec
Step =    121: nodes = 15454, dt = 6.344631e-12, time = 5.066637e-10, elapsed = 113.2 sec
Step =    122: nodes = 15451, dt = 3.806779e-12, time = 5.104705e-10, elapsed = 114.4 sec
Step =    123: nodes = 15442, dt = 3.806779e-12, time = 5.142772e-10, elapsed = 115.2 sec
Step =    124: nodes = 15438, dt = 4.568134e-12, time = 5.188454e-10, elapsed = 116.1 sec
Step =    125: nodes = 15435, dt = 5.481761e-12, time = 5.243271e-10, elapsed = 117.1 sec
Step =    126: nodes = 15422, dt = 6.578114e-12, time = 5.309052e-10, elapsed = 118.2 sec
Step =    127: nodes = 15409, dt = 7.893736e-12, time = 5.387990e-10, elapsed = 119.3 sec
Step =    128: nodes = 15412, dt = 4.736242e-12, time = 5.435352e-10, elapsed = 120.5 sec
Step =    129: nodes = 15407, dt = 4.736242e-12, time = 5.482715e-10, elapsed = 121.4 sec
Step =    130: nodes = 15401, dt = 5.683490e-12, time = 5.539550e-10, elapsed = 122.7 sec
Step =    131: nodes = 15388, dt = 3.410094e-12, time = 5.573651e-10, elapsed = 123.8 sec
Step =    132: nodes = 15392, dt = 3.410094e-12, time = 5.607751e-10, elapsed = 124.6 sec
Step =    133: nodes = 15390, dt = 4.092113e-12, time = 5.648673e-10, elapsed = 125.4 sec
Step =    134: nodes = 15388, dt = 4.910535e-12, time = 5.697778e-10, elapsed = 126.2 sec
Step =    135: nodes = 15382, dt = 2.946321e-12, time = 5.727241e-10, elapsed = 127.3 sec
Step =    136: nodes = 15379, dt = 2.946321e-12, time = 5.756704e-10, elapsed = 128.0 sec
Step =    137: nodes = 15372, dt = 3.535586e-12, time = 5.792060e-10, elapsed = 128.8 sec
Step =    138: nodes = 15365, dt = 4.242703e-12, time = 5.834487e-10, elapsed = 129.6 sec
Step =    139: nodes = 15369, dt = 5.091243e-12, time = 5.885400e-10, elapsed = 130.4 sec
Step =    140: nodes = 15359, dt = 3.054746e-12, time = 5.915947e-10, elapsed = 131.5 sec
Step =    141: nodes = 15360, dt = 3.054746e-12, time = 5.946495e-10, elapsed = 132.2 sec
Step =    142: nodes = 15356, dt = 3.665695e-12, time = 5.983152e-10, elapsed = 133.0 sec
Step =    143: nodes = 15351, dt = 4.398834e-12, time = 6.027140e-10, elapsed = 133.8 sec
Step =    144: nodes = 15351, dt = 5.278601e-12, time = 6.079926e-10, elapsed = 134.6 sec
Step =    145: nodes = 15351, dt = 3.167161e-12, time = 6.111598e-10, elapsed = 135.7 sec
Step =    146: nodes = 15348, dt = 3.167161e-12, time = 6.143269e-10, elapsed = 136.5 sec
Step =    147: nodes = 15339, dt = 3.800593e-12, time = 6.181275e-10, elapsed = 137.3 sec
Step =    148: nodes = 15333, dt = 4.560711e-12, time = 6.226882e-10, elapsed = 138.1 sec
Step =    149: nodes = 15333, dt = 5.472853e-12, time = 6.281611e-10, elapsed = 138.9 sec
Step =    150: nodes = 15332, dt = 3.283712e-12, time = 6.314448e-10, elapsed = 140.0 sec
Step =    151: nodes = 15328, dt = 3.283712e-12, time = 6.347285e-10, elapsed = 140.8 sec
Step =    152: nodes = 15323, dt = 3.940454e-12, time = 6.386689e-10, elapsed = 141.6 sec
Step =    153: nodes = 15324, dt = 4.728545e-12, time = 6.433975e-10, elapsed = 142.4 sec
Step =    154: nodes = 15309, dt = 5.674254e-12, time = 6.490717e-10, elapsed = 143.3 sec
Step =    155: nodes = 15320, dt = 3.404553e-12, time = 6.524763e-10, elapsed = 144.4 sec
Step =    156: nodes = 15313, dt = 3.404553e-12, time = 6.558809e-10, elapsed = 145.1 sec
Step =    157: nodes = 15314, dt = 4.085463e-12, time = 6.599663e-10, elapsed = 145.9 sec
Step =    158: nodes = 15311, dt = 4.902556e-12, time = 6.648689e-10, elapsed = 146.7 sec
Step =    159: nodes = 15310, dt = 5.883067e-12, time = 6.707519e-10, elapsed = 147.6 sec
Step =    160: nodes = 15309, dt = 3.529840e-12, time = 6.742818e-10, elapsed = 148.8 sec
Step =    161: nodes = 15311, dt = 3.529840e-12, time = 6.778116e-10, elapsed = 149.5 sec
Step =    162: nodes = 15303, dt = 4.235808e-12, time = 6.820474e-10, elapsed = 150.3 sec
Step =    163: nodes = 15300, dt = 5.082970e-12, time = 6.871304e-10, elapsed = 151.1 sec
Step =    164: nodes = 15299, dt = 6.099564e-12, time = 6.932300e-10, elapsed = 151.9 sec
Step =    165: nodes = 15295, dt = 3.659738e-12, time = 6.968897e-10, elapsed = 153.2 sec
Step =    166: nodes = 15292, dt = 3.659738e-12, time = 7.005494e-10, elapsed = 154.0 sec
Step =    167: nodes = 15286, dt = 4.391686e-12, time = 7.049411e-10, elapsed = 154.8 sec
Step =    168: nodes = 15285, dt = 5.270023e-12, time = 7.102111e-10, elapsed = 155.6 sec
Step =    169: nodes = 15276, dt = 6.324028e-12, time = 7.165352e-10, elapsed = 156.5 sec
Step =    170: nodes = 15280, dt = 3.794417e-12, time = 7.203296e-10, elapsed = 157.6 sec
Step =    171: nodes = 15268, dt = 3.794417e-12, time = 7.241240e-10, elapsed = 158.4 sec
Step =    172: nodes = 15254, dt = 4.553300e-12, time = 7.286773e-10, elapsed = 159.2 sec
Step =    173: nodes = 15257, dt = 5.463960e-12, time = 7.341413e-10, elapsed = 160.0 sec
Step =    174: nodes = 15253, dt = 6.556752e-12, time = 7.406980e-10, elapsed = 160.9 sec
Step =    175: nodes = 15247, dt = 3.934051e-12, time = 7.446321e-10, elapsed = 162.0 sec
Step =    176: nodes = 15237, dt = 1.967026e-12, time = 7.465991e-10, elapsed = 163.0 sec
Step =    177: nodes = 15230, dt = 1.967026e-12, time = 7.485661e-10, elapsed = 163.7 sec
Step =    178: nodes = 15221, dt = 2.360431e-12, time = 7.509266e-10, elapsed = 164.5 sec
Step =    179: nodes = 15225, dt = 2.832517e-12, time = 7.537591e-10, elapsed = 165.3 sec
Step =    180: nodes = 15224, dt = 3.399020e-12, time = 7.571581e-10, elapsed = 166.0 sec
Step =    181: nodes = 15223, dt = 4.078824e-12, time = 7.612369e-10, elapsed = 166.9 sec
Step =    182: nodes = 15226, dt = 4.894589e-12, time = 7.661315e-10, elapsed = 167.7 sec
Step =    183: nodes = 15215, dt = 5.873507e-12, time = 7.720050e-10, elapsed = 168.5 sec
Step =    184: nodes = 15217, dt = 3.524104e-12, time = 7.755291e-10, elapsed = 169.6 sec
Step =    185: nodes = 15209, dt = 3.524104e-12, time = 7.790532e-10, elapsed = 170.3 sec
Step =    186: nodes = 15192, dt = 4.228925e-12, time = 7.832821e-10, elapsed = 171.1 sec
Step =    187: nodes = 15190, dt = 5.074710e-12, time = 7.883569e-10, elapsed = 172.0 sec
Step =    188: nodes = 15184, dt = 6.089652e-12, time = 7.944465e-10, elapsed = 172.9 sec
Step =    189: nodes = 15177, dt = 3.653791e-12, time = 7.981003e-10, elapsed = 174.0 sec
Step =    190: nodes = 15176, dt = 3.653791e-12, time = 8.017541e-10, elapsed = 174.8 sec
Step =    191: nodes = 15169, dt = 4.384550e-12, time = 8.061386e-10, elapsed = 175.6 sec
Step =    192: nodes = 15166, dt = 2.630730e-12, time = 8.087694e-10, elapsed = 176.7 sec
Step =    193: nodes = 15166, dt = 2.630730e-12, time = 8.114001e-10, elapsed = 177.4 sec
Step =    194: nodes = 15166, dt = 3.156876e-12, time = 8.145570e-10, elapsed = 178.1 sec
Step =    195: nodes = 15167, dt = 1.894125e-12, time = 8.164511e-10, elapsed = 179.2 sec
Step =    196: nodes = 15163, dt = 9.470627e-13, time = 8.173982e-10, elapsed = 180.2 sec
Step =    197: nodes = 15163, dt = 9.470627e-13, time = 8.183452e-10, elapsed = 180.9 sec
Step =    198: nodes = 15157, dt = 1.136475e-12, time = 8.194817e-10, elapsed = 181.6 sec
Step =    199: nodes = 15152, dt = 1.363770e-12, time = 8.208455e-10, elapsed = 182.2 sec
Step =    200: nodes = 15146, dt = 1.636524e-12, time = 8.224820e-10, elapsed = 183.2 sec
Writing configuration in legacy data format
 Output file: /data/home/dg000246b/openDIS/inital_dislocation_structures/output_caseC_0.18%_seed12345/relax2/config.200.data
Writing restart file
 Restart file: /data/home/dg000246b/openDIS/inital_dislocation_structures/output_caseC_0.18%_seed12345/relax2/restart.200.exadis
Step =    201: nodes = 15146, dt = 1.963829e-12, time = 8.244458e-10, elapsed = 184.0 sec
Step =    202: nodes = 15146, dt = 2.356595e-12, time = 8.268024e-10, elapsed = 184.7 sec
Step =    203: nodes = 15144, dt = 2.827914e-12, time = 8.296303e-10, elapsed = 185.5 sec
Step =    204: nodes = 15148, dt = 3.393497e-12, time = 8.330238e-10, elapsed = 186.2 sec
Step =    205: nodes = 15144, dt = 4.072196e-12, time = 8.370960e-10, elapsed = 187.0 sec
Step =    206: nodes = 15137, dt = 4.886635e-12, time = 8.419827e-10, elapsed = 187.9 sec
Step =    207: nodes = 15137, dt = 2.931981e-12, time = 8.449146e-10, elapsed = 188.9 sec
Step =    208: nodes = 15137, dt = 2.931981e-12, time = 8.478466e-10, elapsed = 189.6 sec
Step =    209: nodes = 15132, dt = 3.518378e-12, time = 8.513650e-10, elapsed = 190.4 sec
Step =    210: nodes = 15128, dt = 4.222053e-12, time = 8.555871e-10, elapsed = 191.2 sec
Step =    211: nodes = 15128, dt = 2.533232e-12, time = 8.581203e-10, elapsed = 192.2 sec
Step =    212: nodes = 15128, dt = 2.533232e-12, time = 8.606535e-10, elapsed = 192.9 sec
Step =    213: nodes = 15123, dt = 3.039878e-12, time = 8.636934e-10, elapsed = 193.7 sec
Step =    214: nodes = 15118, dt = 3.647854e-12, time = 8.673413e-10, elapsed = 194.4 sec
Step =    215: nodes = 15113, dt = 4.377425e-12, time = 8.717187e-10, elapsed = 195.2 sec
Step =    216: nodes = 15109, dt = 2.626455e-12, time = 8.743451e-10, elapsed = 196.2 sec
Step =    217: nodes = 15111, dt = 2.626455e-12, time = 8.769716e-10, elapsed = 196.9 sec
Step =    218: nodes = 15113, dt = 3.151746e-12, time = 8.801233e-10, elapsed = 197.7 sec
Step =    219: nodes = 15108, dt = 3.782095e-12, time = 8.839054e-10, elapsed = 198.4 sec
Step =    220: nodes = 15104, dt = 4.538514e-12, time = 8.884439e-10, elapsed = 199.2 sec
Step =    221: nodes = 15095, dt = 5.446217e-12, time = 8.938902e-10, elapsed = 200.0 sec
Step =    222: nodes = 15093, dt = 6.535460e-12, time = 9.004256e-10, elapsed = 200.9 sec
Step =    223: nodes = 15079, dt = 3.921276e-12, time = 9.043469e-10, elapsed = 202.0 sec
Step =    224: nodes = 15069, dt = 3.921276e-12, time = 9.082682e-10, elapsed = 202.8 sec
Step =    225: nodes = 15067, dt = 4.705531e-12, time = 9.129737e-10, elapsed = 203.6 sec
Step =    226: nodes = 15063, dt = 5.646637e-12, time = 9.186203e-10, elapsed = 204.5 sec
Step =    227: nodes = 15063, dt = 3.387982e-12, time = 9.220083e-10, elapsed = 205.5 sec
Step =    228: nodes = 15069, dt = 3.387982e-12, time = 9.253963e-10, elapsed = 206.3 sec
Step =    229: nodes = 15063, dt = 4.065579e-12, time = 9.294619e-10, elapsed = 207.1 sec
Step =    230: nodes = 15064, dt = 4.878695e-12, time = 9.343406e-10, elapsed = 207.9 sec
Step =    231: nodes = 15058, dt = 5.854434e-12, time = 9.401950e-10, elapsed = 208.8 sec
Step =    232: nodes = 15059, dt = 3.512660e-12, time = 9.437077e-10, elapsed = 209.9 sec
Step =    233: nodes = 15057, dt = 3.512660e-12, time = 9.472203e-10, elapsed = 210.7 sec
Step =    234: nodes = 15050, dt = 4.215192e-12, time = 9.514355e-10, elapsed = 211.4 sec
Step =    235: nodes = 15046, dt = 5.058231e-12, time = 9.564938e-10, elapsed = 212.2 sec
Step =    236: nodes = 15056, dt = 3.034938e-12, time = 9.595287e-10, elapsed = 213.4 sec
Step =    237: nodes = 15047, dt = 3.034938e-12, time = 9.625636e-10, elapsed = 214.2 sec
Step =    238: nodes = 15040, dt = 3.641926e-12, time = 9.662056e-10, elapsed = 214.9 sec
Step =    239: nodes = 15039, dt = 4.370311e-12, time = 9.705759e-10, elapsed = 215.7 sec
Step =    240: nodes = 15043, dt = 5.244374e-12, time = 9.758202e-10, elapsed = 216.6 sec
Step =    241: nodes = 15036, dt = 3.146624e-12, time = 9.789669e-10, elapsed = 217.6 sec
Step =    242: nodes = 15033, dt = 3.146624e-12, time = 9.821135e-10, elapsed = 218.3 sec
Step =    243: nodes = 15031, dt = 3.775949e-12, time = 9.858894e-10, elapsed = 219.1 sec
Step =    244: nodes = 15034, dt = 2.265569e-12, time = 9.881550e-10, elapsed = 220.1 sec
Step =    245: nodes = 15036, dt = 2.265569e-12, time = 9.904206e-10, elapsed = 220.8 sec
Step =    246: nodes = 15035, dt = 2.718683e-12, time = 9.931393e-10, elapsed = 221.5 sec
Step =    247: nodes = 15022, dt = 3.262420e-12, time = 9.964017e-10, elapsed = 222.3 sec
Step =    248: nodes = 15020, dt = 1.957452e-12, time = 9.983591e-10, elapsed = 223.3 sec
Step =    249: nodes = 15015, dt = 1.957452e-12, time = 1.000317e-09, elapsed = 224.0 sec
Step =    250: nodes = 15014, dt = 2.348942e-12, time = 1.002666e-09, elapsed = 224.7 sec
Step =    251: nodes = 15008, dt = 2.818731e-12, time = 1.005484e-09, elapsed = 225.5 sec
Step =    252: nodes = 15011, dt = 3.382477e-12, time = 1.008867e-09, elapsed = 226.2 sec
Step =    253: nodes = 15010, dt = 2.029486e-12, time = 1.010896e-09, elapsed = 227.2 sec
Step =    254: nodes = 15004, dt = 2.029486e-12, time = 1.012926e-09, elapsed = 227.9 sec
Step =    255: nodes = 15007, dt = 2.435383e-12, time = 1.015361e-09, elapsed = 228.6 sec
Step =    256: nodes = 15007, dt = 2.922460e-12, time = 1.018284e-09, elapsed = 229.3 sec
Step =    257: nodes = 14994, dt = 3.506952e-12, time = 1.021791e-09, elapsed = 230.1 sec
Step =    258: nodes = 14988, dt = 4.208343e-12, time = 1.025999e-09, elapsed = 230.9 sec
Step =    259: nodes = 14987, dt = 2.525006e-12, time = 1.028524e-09, elapsed = 231.9 sec
Step =    260: nodes = 14989, dt = 2.525006e-12, time = 1.031049e-09, elapsed = 232.6 sec
Step =    261: nodes = 14988, dt = 3.030007e-12, time = 1.034079e-09, elapsed = 233.3 sec
Step =    262: nodes = 14988, dt = 3.636008e-12, time = 1.037715e-09, elapsed = 234.0 sec
Step =    263: nodes = 14980, dt = 4.363210e-12, time = 1.042078e-09, elapsed = 234.8 sec
Step =    264: nodes = 14978, dt = 2.617926e-12, time = 1.044696e-09, elapsed = 235.8 sec
Step =    265: nodes = 14975, dt = 2.617926e-12, time = 1.047314e-09, elapsed = 236.5 sec
Step =    266: nodes = 14975, dt = 1.570755e-12, time = 1.048885e-09, elapsed = 237.5 sec
Step =    267: nodes = 14966, dt = 1.570755e-12, time = 1.050455e-09, elapsed = 238.2 sec
Step =    268: nodes = 14968, dt = 1.884907e-12, time = 1.052340e-09, elapsed = 238.9 sec
Step =    269: nodes = 14960, dt = 2.261888e-12, time = 1.054602e-09, elapsed = 239.6 sec
Step =    270: nodes = 14963, dt = 1.357133e-12, time = 1.055959e-09, elapsed = 240.6 sec
Step =    271: nodes = 14959, dt = 1.357133e-12, time = 1.057317e-09, elapsed = 241.3 sec
Step =    272: nodes = 14958, dt = 1.628559e-12, time = 1.058945e-09, elapsed = 241.9 sec
Step =    273: nodes = 14959, dt = 1.954271e-12, time = 1.060899e-09, elapsed = 242.9 sec
Step =    274: nodes = 14954, dt = 2.345125e-12, time = 1.063244e-09, elapsed = 243.5 sec
Step =    275: nodes = 14952, dt = 2.814150e-12, time = 1.066059e-09, elapsed = 244.2 sec
Step =    276: nodes = 14956, dt = 3.376980e-12, time = 1.069436e-09, elapsed = 245.0 sec
Step =    277: nodes = 14960, dt = 4.052376e-12, time = 1.073488e-09, elapsed = 245.7 sec
Step =    278: nodes = 14960, dt = 2.431426e-12, time = 1.075919e-09, elapsed = 246.7 sec
Step =    279: nodes = 14959, dt = 2.431426e-12, time = 1.078351e-09, elapsed = 247.4 sec
Step =    280: nodes = 14961, dt = 2.917711e-12, time = 1.081269e-09, elapsed = 248.1 sec
Step =    281: nodes = 14957, dt = 3.501253e-12, time = 1.084770e-09, elapsed = 248.9 sec
Step =    282: nodes = 14960, dt = 2.100752e-12, time = 1.086871e-09, elapsed = 249.9 sec
Step =    283: nodes = 14957, dt = 2.100752e-12, time = 1.088971e-09, elapsed = 250.6 sec
Step =    284: nodes = 14956, dt = 2.520902e-12, time = 1.091492e-09, elapsed = 251.2 sec
Step =    285: nodes = 14957, dt = 3.025083e-12, time = 1.094517e-09, elapsed = 252.0 sec
Step =    286: nodes = 14953, dt = 3.630099e-12, time = 1.098147e-09, elapsed = 252.7 sec
Step =    287: nodes = 14948, dt = 2.178060e-12, time = 1.100325e-09, elapsed = 253.7 sec
Step =    288: nodes = 14942, dt = 2.178060e-12, time = 1.102503e-09, elapsed = 254.4 sec
Step =    289: nodes = 14941, dt = 1.306836e-12, time = 1.103810e-09, elapsed = 255.3 sec
Step =    290: nodes = 14945, dt = 1.306836e-12, time = 1.105117e-09, elapsed = 256.0 sec
Step =    291: nodes = 14943, dt = 1.568203e-12, time = 1.106685e-09, elapsed = 256.6 sec
Step =    292: nodes = 14947, dt = 1.881844e-12, time = 1.108567e-09, elapsed = 257.3 sec
Step =    293: nodes = 14942, dt = 2.258212e-12, time = 1.110825e-09, elapsed = 258.0 sec
Step =    294: nodes = 14939, dt = 1.354927e-12, time = 1.112180e-09, elapsed = 259.0 sec
Step =    295: nodes = 14943, dt = 1.354927e-12, time = 1.113535e-09, elapsed = 259.7 sec
Step =    296: nodes = 14940, dt = 1.625913e-12, time = 1.115161e-09, elapsed = 260.3 sec
Step =    297: nodes = 14939, dt = 1.951095e-12, time = 1.117112e-09, elapsed = 261.0 sec
Step =    298: nodes = 14935, dt = 1.170657e-12, time = 1.118283e-09, elapsed = 262.0 sec
Step =    299: nodes = 14935, dt = 1.170657e-12, time = 1.119454e-09, elapsed = 262.7 sec
Step =    300: nodes = 14934, dt = 1.404789e-12, time = 1.120858e-09, elapsed = 263.4 sec
Writing configuration in legacy data format
 Output file: /data/home/dg000246b/openDIS/inital_dislocation_structures/output_caseC_0.18%_seed12345/relax2/config.300.data
Writing restart file
 Restart file: /data/home/dg000246b/openDIS/inital_dislocation_structures/output_caseC_0.18%_seed12345/relax2/restart.300.exadis
Step =    301: nodes = 14934, dt = 1.685746e-12, time = 1.122544e-09, elapsed = 264.2 sec
Step =    302: nodes = 14933, dt = 2.022896e-12, time = 1.124567e-09, elapsed = 264.9 sec
Step =    303: nodes = 14936, dt = 2.427475e-12, time = 1.126995e-09, elapsed = 265.6 sec
Step =    304: nodes = 14933, dt = 1.456485e-12, time = 1.128451e-09, elapsed = 266.6 sec
Step =    305: nodes = 14934, dt = 1.456485e-12, time = 1.129907e-09, elapsed = 267.2 sec
Step =    306: nodes = 14931, dt = 1.747782e-12, time = 1.131655e-09, elapsed = 267.9 sec
Step =    307: nodes = 14928, dt = 2.097338e-12, time = 1.133753e-09, elapsed = 268.6 sec
Step =    308: nodes = 14929, dt = 2.516806e-12, time = 1.136269e-09, elapsed = 269.3 sec
Step =    309: nodes = 14928, dt = 1.510084e-12, time = 1.137779e-09, elapsed = 270.3 sec
Step =    310: nodes = 14930, dt = 1.510084e-12, time = 1.139290e-09, elapsed = 271.0 sec
Step =    311: nodes = 14928, dt = 9.060501e-13, time = 1.140196e-09, elapsed = 272.0 sec
Step =    312: nodes = 14926, dt = 9.060501e-13, time = 1.141102e-09, elapsed = 272.7 sec
Step =    313: nodes = 14923, dt = 1.087260e-12, time = 1.142189e-09, elapsed = 273.5 sec
Step =    314: nodes = 14919, dt = 1.304712e-12, time = 1.143494e-09, elapsed = 274.2 sec
Step =    315: nodes = 14919, dt = 1.565655e-12, time = 1.145059e-09, elapsed = 274.9 sec
Step =    316: nodes = 14920, dt = 9.393928e-13, time = 1.145999e-09, elapsed = 275.8 sec
Step =    317: nodes = 14918, dt = 9.393928e-13, time = 1.146938e-09, elapsed = 276.5 sec
Step =    318: nodes = 14918, dt = 1.127271e-12, time = 1.148065e-09, elapsed = 277.1 sec
Step =    319: nodes = 14917, dt = 1.352726e-12, time = 1.149418e-09, elapsed = 277.8 sec
Step =    320: nodes = 14918, dt = 1.623271e-12, time = 1.151041e-09, elapsed = 278.5 sec
Step =    321: nodes = 14919, dt = 1.947925e-12, time = 1.152989e-09, elapsed = 279.2 sec
Step =    322: nodes = 14918, dt = 1.168755e-12, time = 1.154158e-09, elapsed = 280.1 sec
Step =    323: nodes = 14917, dt = 5.843775e-13, time = 1.154742e-09, elapsed = 281.1 sec
Step =    324: nodes = 14913, dt = 5.843775e-13, time = 1.155327e-09, elapsed = 281.7 sec
Step =    325: nodes = 14914, dt = 7.012529e-13, time = 1.156028e-09, elapsed = 282.4 sec
Step =    326: nodes = 14913, dt = 8.415035e-13, time = 1.156870e-09, elapsed = 283.0 sec
Step =    327: nodes = 14911, dt = 1.009804e-12, time = 1.157879e-09, elapsed = 283.7 sec
Step =    328: nodes = 14911, dt = 6.058825e-13, time = 1.158485e-09, elapsed = 284.6 sec
Step =    329: nodes = 14912, dt = 6.058825e-13, time = 1.159091e-09, elapsed = 285.3 sec
Step =    330: nodes = 14912, dt = 7.270591e-13, time = 1.159818e-09, elapsed = 285.9 sec
Step =    331: nodes = 14909, dt = 8.724709e-13, time = 1.160691e-09, elapsed = 286.5 sec
Step =    332: nodes = 14907, dt = 1.046965e-12, time = 1.161738e-09, elapsed = 287.2 sec
Step =    333: nodes = 14909, dt = 1.256358e-12, time = 1.162994e-09, elapsed = 287.9 sec
Step =    334: nodes = 14908, dt = 7.538148e-13, time = 1.163748e-09, elapsed = 288.9 sec
Step =    335: nodes = 14908, dt = 7.538148e-13, time = 1.164502e-09, elapsed = 289.5 sec
Step =    336: nodes = 14908, dt = 9.045778e-13, time = 1.165406e-09, elapsed = 290.2 sec
Step =    337: nodes = 14904, dt = 1.085493e-12, time = 1.166492e-09, elapsed = 290.8 sec
Step =    338: nodes = 14904, dt = 1.302592e-12, time = 1.167794e-09, elapsed = 291.5 sec
Step =    339: nodes = 14904, dt = 1.563110e-12, time = 1.169357e-09, elapsed = 292.2 sec
Step =    340: nodes = 14900, dt = 9.378663e-13, time = 1.170295e-09, elapsed = 293.1 sec
Step =    341: nodes = 14902, dt = 9.378663e-13, time = 1.171233e-09, elapsed = 293.8 sec
Step =    342: nodes = 14901, dt = 1.125440e-12, time = 1.172359e-09, elapsed = 294.5 sec
Step =    343: nodes = 14896, dt = 1.350527e-12, time = 1.173709e-09, elapsed = 295.1 sec
Step =    344: nodes = 14891, dt = 1.620633e-12, time = 1.175330e-09, elapsed = 295.8 sec
Step =    345: nodes = 14893, dt = 1.944759e-12, time = 1.177274e-09, elapsed = 296.5 sec
Step =    346: nodes = 14891, dt = 2.333711e-12, time = 1.179608e-09, elapsed = 297.2 sec
Step =    347: nodes = 14890, dt = 1.400227e-12, time = 1.181008e-09, elapsed = 298.2 sec
Step =    348: nodes = 14891, dt = 1.400227e-12, time = 1.182409e-09, elapsed = 298.9 sec
Step =    349: nodes = 14883, dt = 1.680272e-12, time = 1.184089e-09, elapsed = 299.6 sec
Step =    350: nodes = 14889, dt = 1.008163e-12, time = 1.185097e-09, elapsed = 300.5 sec
Step =    351: nodes = 14886, dt = 1.008163e-12, time = 1.186105e-09, elapsed = 301.2 sec
Step =    352: nodes = 14886, dt = 1.209796e-12, time = 1.187315e-09, elapsed = 301.9 sec
Step =    353: nodes = 14881, dt = 1.451755e-12, time = 1.188767e-09, elapsed = 302.9 sec
Step =    354: nodes = 14882, dt = 1.742106e-12, time = 1.190509e-09, elapsed = 303.6 sec
Step =    355: nodes = 14881, dt = 2.090527e-12, time = 1.192599e-09, elapsed = 304.3 sec
Step =    356: nodes = 14881, dt = 2.508633e-12, time = 1.195108e-09, elapsed = 305.0 sec
Step =    357: nodes = 14881, dt = 3.010359e-12, time = 1.198118e-09, elapsed = 305.7 sec
Step =    358: nodes = 14880, dt = 1.806216e-12, time = 1.199925e-09, elapsed = 306.7 sec
Step =    359: nodes = 14880, dt = 1.806216e-12, time = 1.201731e-09, elapsed = 307.4 sec
Step =    360: nodes = 14880, dt = 1.083729e-12, time = 1.202815e-09, elapsed = 308.4 sec
Step =    361: nodes = 14882, dt = 1.083729e-12, time = 1.203898e-09, elapsed = 309.0 sec
Step =    362: nodes = 14882, dt = 1.300475e-12, time = 1.205199e-09, elapsed = 309.7 sec
Step =    363: nodes = 14884, dt = 1.560570e-12, time = 1.206759e-09, elapsed = 310.4 sec
Step =    364: nodes = 14881, dt = 9.363422e-13, time = 1.207696e-09, elapsed = 311.3 sec
Step =    365: nodes = 14884, dt = 9.363422e-13, time = 1.208632e-09, elapsed = 312.0 sec
Step =    366: nodes = 14881, dt = 1.123611e-12, time = 1.209756e-09, elapsed = 312.7 sec
Step =    367: nodes = 14880, dt = 1.348333e-12, time = 1.211104e-09, elapsed = 313.4 sec
Step =    368: nodes = 14874, dt = 1.617999e-12, time = 1.212722e-09, elapsed = 314.1 sec
Step =    369: nodes = 14877, dt = 1.941599e-12, time = 1.214664e-09, elapsed = 314.8 sec
Step =    370: nodes = 14876, dt = 2.329919e-12, time = 1.216993e-09, elapsed = 315.5 sec
Step =    371: nodes = 14872, dt = 2.795903e-12, time = 1.219789e-09, elapsed = 316.2 sec
Step =    372: nodes = 14866, dt = 3.355083e-12, time = 1.223144e-09, elapsed = 316.9 sec
Step =    373: nodes = 14862, dt = 4.026100e-12, time = 1.227171e-09, elapsed = 317.7 sec
Step =    374: nodes = 14859, dt = 4.831320e-12, time = 1.232002e-09, elapsed = 318.6 sec
Step =    375: nodes = 14863, dt = 5.797584e-12, time = 1.237799e-09, elapsed = 319.4 sec
Step =    376: nodes = 14858, dt = 6.957101e-12, time = 1.244757e-09, elapsed = 320.3 sec
Step =    377: nodes = 14861, dt = 8.348521e-12, time = 1.253105e-09, elapsed = 321.2 sec
Step =    378: nodes = 14857, dt = 1.001823e-11, time = 1.263123e-09, elapsed = 322.2 sec
Step =    379: nodes = 14862, dt = 6.010935e-12, time = 1.269134e-09, elapsed = 323.3 sec
Step =    380: nodes = 14858, dt = 3.005468e-12, time = 1.272140e-09, elapsed = 324.4 sec
Step =    381: nodes = 14859, dt = 3.005468e-12, time = 1.275145e-09, elapsed = 325.1 sec
Step =    382: nodes = 14859, dt = 3.606561e-12, time = 1.278752e-09, elapsed = 325.8 sec
Step =    383: nodes = 14856, dt = 4.327873e-12, time = 1.283080e-09, elapsed = 326.6 sec
Step =    384: nodes = 14858, dt = 5.193448e-12, time = 1.288273e-09, elapsed = 327.4 sec
Step =    385: nodes = 14856, dt = 3.116069e-12, time = 1.291389e-09, elapsed = 328.4 sec
Step =    386: nodes = 14853, dt = 3.116069e-12, time = 1.294505e-09, elapsed = 329.2 sec
Step =    387: nodes = 14850, dt = 3.739283e-12, time = 1.298244e-09, elapsed = 329.9 sec
Step =    388: nodes = 14844, dt = 2.243570e-12, time = 1.300488e-09, elapsed = 330.9 sec
Step =    389: nodes = 14848, dt = 2.243570e-12, time = 1.302732e-09, elapsed = 331.6 sec
Step =    390: nodes = 14847, dt = 2.692284e-12, time = 1.305424e-09, elapsed = 332.3 sec
Step =    391: nodes = 14848, dt = 3.230740e-12, time = 1.308655e-09, elapsed = 333.2 sec
Step =    392: nodes = 14847, dt = 3.876888e-12, time = 1.312532e-09, elapsed = 333.9 sec
Step =    393: nodes = 14852, dt = 4.652266e-12, time = 1.317184e-09, elapsed = 334.7 sec
Step =    394: nodes = 14846, dt = 2.791360e-12, time = 1.319975e-09, elapsed = 335.7 sec
Step =    395: nodes = 14848, dt = 1.395680e-12, time = 1.321371e-09, elapsed = 336.7 sec
Step =    396: nodes = 14843, dt = 1.395680e-12, time = 1.322767e-09, elapsed = 337.3 sec
Step =    397: nodes = 14842, dt = 1.674816e-12, time = 1.324441e-09, elapsed = 338.0 sec
Step =    398: nodes = 14839, dt = 2.009779e-12, time = 1.326451e-09, elapsed = 338.7 sec
Step =    399: nodes = 14843, dt = 2.411735e-12, time = 1.328863e-09, elapsed = 339.4 sec
Step =    400: nodes = 14838, dt = 2.894082e-12, time = 1.331757e-09, elapsed = 340.2 sec
Writing configuration in legacy data format
 Output file: /data/home/dg000246b/openDIS/inital_dislocation_structures/output_caseC_0.18%_seed12345/relax2/config.400.data
Writing restart file
 Restart file: /data/home/dg000246b/openDIS/inital_dislocation_structures/output_caseC_0.18%_seed12345/relax2/restart.400.exadis
Step =    401: nodes = 14837, dt = 3.472898e-12, time = 1.335230e-09, elapsed = 341.1 sec
Step =    402: nodes = 14839, dt = 2.083739e-12, time = 1.337314e-09, elapsed = 342.2 sec
Step =    403: nodes = 14837, dt = 2.083739e-12, time = 1.339397e-09, elapsed = 342.9 sec
Step =    404: nodes = 14840, dt = 2.500486e-12, time = 1.341898e-09, elapsed = 343.6 sec
Step =    405: nodes = 14838, dt = 3.000584e-12, time = 1.344898e-09, elapsed = 344.3 sec
Step =    406: nodes = 14837, dt = 3.600701e-12, time = 1.348499e-09, elapsed = 345.1 sec
Step =    407: nodes = 14839, dt = 4.320841e-12, time = 1.352820e-09, elapsed = 345.9 sec
Step =    408: nodes = 14836, dt = 5.185009e-12, time = 1.358005e-09, elapsed = 346.7 sec
Step =    409: nodes = 14838, dt = 3.111005e-12, time = 1.361116e-09, elapsed = 347.8 sec
Step =    410: nodes = 14841, dt = 3.111005e-12, time = 1.364227e-09, elapsed = 348.5 sec
Step =    411: nodes = 14839, dt = 1.866603e-12, time = 1.366094e-09, elapsed = 349.5 sec
Step =    412: nodes = 14839, dt = 1.866603e-12, time = 1.367960e-09, elapsed = 350.2 sec
Step =    413: nodes = 14836, dt = 2.239924e-12, time = 1.370200e-09, elapsed = 350.9 sec
Step =    414: nodes = 14834, dt = 1.343954e-12, time = 1.371544e-09, elapsed = 351.9 sec
Step =    415: nodes = 14837, dt = 1.343954e-12, time = 1.372888e-09, elapsed = 352.5 sec
Step =    416: nodes = 14837, dt = 1.612745e-12, time = 1.374501e-09, elapsed = 353.2 sec
Step =    417: nodes = 14834, dt = 1.935294e-12, time = 1.376436e-09, elapsed = 353.9 sec
Step =    418: nodes = 14833, dt = 2.322353e-12, time = 1.378758e-09, elapsed = 354.6 sec
Step =    419: nodes = 14836, dt = 2.786824e-12, time = 1.381545e-09, elapsed = 355.3 sec
Step =    420: nodes = 14838, dt = 1.672094e-12, time = 1.383217e-09, elapsed = 356.3 sec
Step =    421: nodes = 14837, dt = 1.672094e-12, time = 1.384889e-09, elapsed = 357.0 sec
Step =    422: nodes = 14842, dt = 2.006513e-12, time = 1.386896e-09, elapsed = 357.7 sec
Step =    423: nodes = 14841, dt = 1.203908e-12, time = 1.388100e-09, elapsed = 358.7 sec
Step =    424: nodes = 14841, dt = 1.203908e-12, time = 1.389304e-09, elapsed = 359.4 sec
Step =    425: nodes = 14838, dt = 1.444689e-12, time = 1.390748e-09, elapsed = 360.1 sec
Step =    426: nodes = 14836, dt = 1.733627e-12, time = 1.392482e-09, elapsed = 360.8 sec
Step =    427: nodes = 14830, dt = 2.080353e-12, time = 1.394562e-09, elapsed = 361.5 sec
Step =    428: nodes = 14830, dt = 1.248212e-12, time = 1.395811e-09, elapsed = 362.4 sec
Step =    429: nodes = 14830, dt = 1.248212e-12, time = 1.397059e-09, elapsed = 363.3 sec
Step =    430: nodes = 14827, dt = 1.497854e-12, time = 1.398557e-09, elapsed = 364.0 sec
Step =    431: nodes = 14830, dt = 1.797425e-12, time = 1.400354e-09, elapsed = 364.6 sec
Step =    432: nodes = 14825, dt = 1.078455e-12, time = 1.401433e-09, elapsed = 365.6 sec
Step =    433: nodes = 14823, dt = 1.078455e-12, time = 1.402511e-09, elapsed = 366.3 sec
Step =    434: nodes = 14821, dt = 1.294146e-12, time = 1.403805e-09, elapsed = 366.9 sec
Step =    435: nodes = 14817, dt = 1.552975e-12, time = 1.405358e-09, elapsed = 367.6 sec
Step =    436: nodes = 14817, dt = 1.863570e-12, time = 1.407222e-09, elapsed = 368.3 sec
Step =    437: nodes = 14816, dt = 2.236284e-12, time = 1.409458e-09, elapsed = 369.0 sec
Step =    438: nodes = 14816, dt = 2.683541e-12, time = 1.412142e-09, elapsed = 369.8 sec
Step =    439: nodes = 14813, dt = 3.220249e-12, time = 1.415362e-09, elapsed = 370.5 sec
Step =    440: nodes = 14815, dt = 3.864299e-12, time = 1.419226e-09, elapsed = 371.3 sec
Step =    441: nodes = 14807, dt = 4.637158e-12, time = 1.423863e-09, elapsed = 372.1 sec
Step =    442: nodes = 14803, dt = 5.564590e-12, time = 1.429428e-09, elapsed = 372.9 sec
Step =    443: nodes = 14807, dt = 3.338754e-12, time = 1.432767e-09, elapsed = 374.0 sec
Step =    444: nodes = 14807, dt = 3.338754e-12, time = 1.436105e-09, elapsed = 374.7 sec
Step =    445: nodes = 14802, dt = 4.006505e-12, time = 1.440112e-09, elapsed = 375.5 sec
Step =    446: nodes = 14802, dt = 4.807806e-12, time = 1.444920e-09, elapsed = 376.3 sec
Step =    447: nodes = 14805, dt = 2.884683e-12, time = 1.447804e-09, elapsed = 377.3 sec
Step =    448: nodes = 14801, dt = 2.884683e-12, time = 1.450689e-09, elapsed = 378.0 sec
Step =    449: nodes = 14801, dt = 3.461620e-12, time = 1.454151e-09, elapsed = 378.7 sec
Step =    450: nodes = 14801, dt = 4.153944e-12, time = 1.458305e-09, elapsed = 379.5 sec
Step =    451: nodes = 14802, dt = 4.984733e-12, time = 1.463289e-09, elapsed = 380.3 sec
Step =    452: nodes = 14803, dt = 2.990840e-12, time = 1.466280e-09, elapsed = 381.4 sec
Step =    453: nodes = 14804, dt = 2.990840e-12, time = 1.469271e-09, elapsed = 382.1 sec
Step =    454: nodes = 14802, dt = 3.589008e-12, time = 1.472860e-09, elapsed = 382.8 sec
Step =    455: nodes = 14798, dt = 4.306809e-12, time = 1.477167e-09, elapsed = 383.7 sec
Step =    456: nodes = 14797, dt = 5.168171e-12, time = 1.482335e-09, elapsed = 384.5 sec
Step =    457: nodes = 14796, dt = 3.100903e-12, time = 1.485436e-09, elapsed = 385.6 sec
Step =    458: nodes = 14797, dt = 3.100903e-12, time = 1.488537e-09, elapsed = 386.3 sec
Step =    459: nodes = 14800, dt = 3.721083e-12, time = 1.492258e-09, elapsed = 387.0 sec
Step =    460: nodes = 14800, dt = 2.232650e-12, time = 1.494490e-09, elapsed = 388.0 sec
Step =    461: nodes = 14800, dt = 2.232650e-12, time = 1.496723e-09, elapsed = 388.7 sec
Step =    462: nodes = 14793, dt = 2.679180e-12, time = 1.499402e-09, elapsed = 389.4 sec
Step =    463: nodes = 14792, dt = 3.215016e-12, time = 1.502617e-09, elapsed = 390.1 sec
Step =    464: nodes = 14788, dt = 3.858019e-12, time = 1.506475e-09, elapsed = 390.9 sec
Step =    465: nodes = 14790, dt = 4.629623e-12, time = 1.511105e-09, elapsed = 391.7 sec
Step =    466: nodes = 14785, dt = 5.555547e-12, time = 1.516661e-09, elapsed = 392.8 sec
Step =    467: nodes = 14785, dt = 3.333328e-12, time = 1.519994e-09, elapsed = 393.9 sec
Step =    468: nodes = 14786, dt = 3.333328e-12, time = 1.523327e-09, elapsed = 394.6 sec
Step =    469: nodes = 14781, dt = 3.999994e-12, time = 1.527327e-09, elapsed = 395.4 sec
Step =    470: nodes = 14778, dt = 4.799993e-12, time = 1.532127e-09, elapsed = 396.2 sec
Step =    471: nodes = 14782, dt = 2.879996e-12, time = 1.535007e-09, elapsed = 397.2 sec
Step =    472: nodes = 14773, dt = 2.879996e-12, time = 1.537887e-09, elapsed = 398.0 sec
Step =    473: nodes = 14777, dt = 1.727997e-12, time = 1.539615e-09, elapsed = 398.9 sec
Step =    474: nodes = 14776, dt = 8.639987e-13, time = 1.540479e-09, elapsed = 399.9 sec
Step =    475: nodes = 14773, dt = 8.639987e-13, time = 1.541343e-09, elapsed = 400.5 sec
Step =    476: nodes = 14776, dt = 1.036798e-12, time = 1.542380e-09, elapsed = 401.2 sec
Step =    477: nodes = 14774, dt = 1.244158e-12, time = 1.543624e-09, elapsed = 401.8 sec
Step =    478: nodes = 14774, dt = 1.492990e-12, time = 1.545117e-09, elapsed = 402.5 sec
Step =    479: nodes = 14775, dt = 1.791588e-12, time = 1.546909e-09, elapsed = 403.2 sec
Step =    480: nodes = 14773, dt = 2.149905e-12, time = 1.549059e-09, elapsed = 403.9 sec
Step =    481: nodes = 14775, dt = 2.579886e-12, time = 1.551638e-09, elapsed = 404.6 sec
Step =    482: nodes = 14773, dt = 1.547932e-12, time = 1.553186e-09, elapsed = 405.5 sec
Step =    483: nodes = 14772, dt = 1.547932e-12, time = 1.554734e-09, elapsed = 406.2 sec
Step =    484: nodes = 14769, dt = 1.857518e-12, time = 1.556592e-09, elapsed = 406.9 sec
Step =    485: nodes = 14770, dt = 1.114511e-12, time = 1.557706e-09, elapsed = 407.8 sec
Step =    486: nodes = 14770, dt = 1.114511e-12, time = 1.558821e-09, elapsed = 408.5 sec
Step =    487: nodes = 14770, dt = 1.337413e-12, time = 1.560158e-09, elapsed = 409.1 sec
Step =    488: nodes = 14769, dt = 1.604896e-12, time = 1.561763e-09, elapsed = 409.7 sec
Step =    489: nodes = 14767, dt = 1.925875e-12, time = 1.563689e-09, elapsed = 410.4 sec
Step =    490: nodes = 14764, dt = 2.311050e-12, time = 1.566000e-09, elapsed = 411.1 sec
Step =    491: nodes = 14764, dt = 2.773260e-12, time = 1.568773e-09, elapsed = 411.8 sec
Step =    492: nodes = 14761, dt = 3.327912e-12, time = 1.572101e-09, elapsed = 412.5 sec
Step =    493: nodes = 14765, dt = 3.993494e-12, time = 1.576095e-09, elapsed = 413.3 sec
Step =    494: nodes = 14761, dt = 4.792193e-12, time = 1.580887e-09, elapsed = 414.1 sec
Step =    495: nodes = 14771, dt = 2.875316e-12, time = 1.583762e-09, elapsed = 415.2 sec
Step =    496: nodes = 14771, dt = 2.875316e-12, time = 1.586638e-09, elapsed = 415.9 sec
Step =    497: nodes = 14771, dt = 3.450379e-12, time = 1.590088e-09, elapsed = 416.7 sec
Step =    498: nodes = 14772, dt = 2.070227e-12, time = 1.592158e-09, elapsed = 417.7 sec
Step =    499: nodes = 14766, dt = 2.070227e-12, time = 1.594228e-09, elapsed = 418.3 sec
Step =    500: nodes = 14768, dt = 1.242136e-12, time = 1.595471e-09, elapsed = 419.3 sec
Writing configuration in legacy data format
 Output file: /data/home/dg000246b/openDIS/inital_dislocation_structures/output_caseC_0.18%_seed12345/relax2/config.500.data
Writing restart file
 Restart file: /data/home/dg000246b/openDIS/inital_dislocation_structures/output_caseC_0.18%_seed12345/relax2/restart.500.exadis
Step =    501: nodes = 14770, dt = 1.242136e-12, time = 1.596713e-09, elapsed = 420.1 sec
Step =    502: nodes = 14770, dt = 1.490564e-12, time = 1.598203e-09, elapsed = 420.8 sec
Step =    503: nodes = 14770, dt = 1.788676e-12, time = 1.599992e-09, elapsed = 421.5 sec
Step =    504: nodes = 14769, dt = 2.146412e-12, time = 1.602138e-09, elapsed = 422.2 sec
Step =    505: nodes = 14769, dt = 2.575694e-12, time = 1.604714e-09, elapsed = 423.1 sec
Step =    506: nodes = 14771, dt = 3.090833e-12, time = 1.607805e-09, elapsed = 423.8 sec
Step =    507: nodes = 14769, dt = 3.709000e-12, time = 1.611514e-09, elapsed = 424.6 sec
Step =    508: nodes = 14770, dt = 2.225400e-12, time = 1.613739e-09, elapsed = 425.6 sec
Step =    509: nodes = 14766, dt = 2.225400e-12, time = 1.615965e-09, elapsed = 426.2 sec
Step =    510: nodes = 14764, dt = 2.670480e-12, time = 1.618635e-09, elapsed = 426.9 sec
Step =    511: nodes = 14759, dt = 3.204576e-12, time = 1.621840e-09, elapsed = 427.7 sec
Step =    512: nodes = 14757, dt = 3.845491e-12, time = 1.625685e-09, elapsed = 428.5 sec
Step =    513: nodes = 14761, dt = 2.307294e-12, time = 1.627993e-09, elapsed = 429.5 sec
Step =    514: nodes = 14763, dt = 2.307294e-12, time = 1.630300e-09, elapsed = 430.2 sec
Step =    515: nodes = 14760, dt = 1.384377e-12, time = 1.631684e-09, elapsed = 431.2 sec
Step =    516: nodes = 14759, dt = 1.384377e-12, time = 1.633069e-09, elapsed = 431.8 sec
Step =    517: nodes = 14758, dt = 1.661252e-12, time = 1.634730e-09, elapsed = 432.5 sec
Step =    518: nodes = 14756, dt = 9.967512e-13, time = 1.635727e-09, elapsed = 433.5 sec
Step =    519: nodes = 14755, dt = 9.967512e-13, time = 1.636723e-09, elapsed = 434.1 sec
Step =    520: nodes = 14754, dt = 1.196101e-12, time = 1.637919e-09, elapsed = 434.8 sec
Step =    521: nodes = 14751, dt = 1.435322e-12, time = 1.639355e-09, elapsed = 435.5 sec
Step =    522: nodes = 14748, dt = 8.611930e-13, time = 1.640216e-09, elapsed = 436.5 sec
Step =    523: nodes = 14746, dt = 8.611930e-13, time = 1.641077e-09, elapsed = 437.1 sec
Step =    524: nodes = 14749, dt = 1.033432e-12, time = 1.642111e-09, elapsed = 437.8 sec
Step =    525: nodes = 14749, dt = 1.240118e-12, time = 1.643351e-09, elapsed = 438.4 sec
Step =    526: nodes = 14749, dt = 1.488142e-12, time = 1.644839e-09, elapsed = 439.1 sec
Step =    527: nodes = 14754, dt = 1.785770e-12, time = 1.646625e-09, elapsed = 439.8 sec
Step =    528: nodes = 14752, dt = 2.142924e-12, time = 1.648768e-09, elapsed = 440.5 sec
Step =    529: nodes = 14751, dt = 1.285754e-12, time = 1.650053e-09, elapsed = 441.4 sec
Step =    530: nodes = 14751, dt = 1.285754e-12, time = 1.651339e-09, elapsed = 442.1 sec
Step =    531: nodes = 14745, dt = 1.542905e-12, time = 1.652882e-09, elapsed = 442.8 sec
Step =    532: nodes = 14748, dt = 1.851486e-12, time = 1.654733e-09, elapsed = 443.5 sec
Step =    533: nodes = 14749, dt = 2.221783e-12, time = 1.656955e-09, elapsed = 444.2 sec
Step =    534: nodes = 14751, dt = 2.666140e-12, time = 1.659621e-09, elapsed = 444.9 sec
Step =    535: nodes = 14751, dt = 3.199368e-12, time = 1.662821e-09, elapsed = 445.6 sec
Step =    536: nodes = 14747, dt = 3.839242e-12, time = 1.666660e-09, elapsed = 446.3 sec
Step =    537: nodes = 14743, dt = 4.607090e-12, time = 1.671267e-09, elapsed = 447.2 sec
Step =    538: nodes = 14742, dt = 5.528508e-12, time = 1.676796e-09, elapsed = 448.0 sec
Step =    539: nodes = 14747, dt = 3.317105e-12, time = 1.680113e-09, elapsed = 449.0 sec
Step =    540: nodes = 14747, dt = 1.658552e-12, time = 1.681771e-09, elapsed = 450.0 sec
Step =    541: nodes = 14744, dt = 1.658552e-12, time = 1.683430e-09, elapsed = 450.7 sec
Step =    542: nodes = 14741, dt = 1.990263e-12, time = 1.685420e-09, elapsed = 451.3 sec
Step =    543: nodes = 14736, dt = 2.388316e-12, time = 1.687808e-09, elapsed = 452.0 sec
Step =    544: nodes = 14730, dt = 2.865979e-12, time = 1.690674e-09, elapsed = 452.8 sec
Step =    545: nodes = 14724, dt = 1.719587e-12, time = 1.692394e-09, elapsed = 454.0 sec
Step =    546: nodes = 14725, dt = 1.719587e-12, time = 1.694114e-09, elapsed = 454.6 sec
Step =    547: nodes = 14723, dt = 2.063505e-12, time = 1.696177e-09, elapsed = 455.3 sec
Step =    548: nodes = 14721, dt = 1.238103e-12, time = 1.697415e-09, elapsed = 456.2 sec
Step =    549: nodes = 14723, dt = 1.238103e-12, time = 1.698653e-09, elapsed = 456.9 sec
Step =    550: nodes = 14725, dt = 1.485723e-12, time = 1.700139e-09, elapsed = 457.6 sec
Step =    551: nodes = 14721, dt = 1.782868e-12, time = 1.701922e-09, elapsed = 458.2 sec
Step =    552: nodes = 14726, dt = 2.139442e-12, time = 1.704061e-09, elapsed = 458.9 sec
Step =    553: nodes = 14722, dt = 1.283665e-12, time = 1.705345e-09, elapsed = 459.9 sec
Step =    554: nodes = 14718, dt = 1.283665e-12, time = 1.706629e-09, elapsed = 460.6 sec
Step =    555: nodes = 14716, dt = 1.540398e-12, time = 1.708169e-09, elapsed = 461.3 sec
Step =    556: nodes = 14714, dt = 1.848478e-12, time = 1.710017e-09, elapsed = 461.9 sec
Step =    557: nodes = 14714, dt = 1.109087e-12, time = 1.711127e-09, elapsed = 462.9 sec
Step =    558: nodes = 14712, dt = 1.109087e-12, time = 1.712236e-09, elapsed = 463.6 sec
Step =    559: nodes = 14712, dt = 1.330904e-12, time = 1.713567e-09, elapsed = 464.2 sec
Step =    560: nodes = 14712, dt = 7.985423e-13, time = 1.714365e-09, elapsed = 465.1 sec
Step =    561: nodes = 14711, dt = 7.985423e-13, time = 1.715164e-09, elapsed = 465.8 sec
Step =    562: nodes = 14708, dt = 9.582507e-13, time = 1.716122e-09, elapsed = 466.4 sec
Step =    563: nodes = 14706, dt = 1.149901e-12, time = 1.717272e-09, elapsed = 467.1 sec
Step =    564: nodes = 14706, dt = 1.379881e-12, time = 1.718652e-09, elapsed = 467.7 sec
Step =    565: nodes = 14706, dt = 1.655857e-12, time = 1.720308e-09, elapsed = 468.4 sec
Step =    566: nodes = 14700, dt = 1.987029e-12, time = 1.722295e-09, elapsed = 469.1 sec
Step =    567: nodes = 14703, dt = 2.384434e-12, time = 1.724679e-09, elapsed = 469.9 sec
Step =    568: nodes = 14699, dt = 1.430661e-12, time = 1.726110e-09, elapsed = 470.8 sec
Step =    569: nodes = 14699, dt = 1.430661e-12, time = 1.727540e-09, elapsed = 471.5 sec
Step =    570: nodes = 14697, dt = 1.716793e-12, time = 1.729257e-09, elapsed = 472.2 sec
Step =    571: nodes = 14700, dt = 2.060151e-12, time = 1.731317e-09, elapsed = 472.9 sec
Step =    572: nodes = 14698, dt = 2.472182e-12, time = 1.733789e-09, elapsed = 473.6 sec
Step =    573: nodes = 14703, dt = 2.966618e-12, time = 1.736756e-09, elapsed = 474.3 sec
Step =    574: nodes = 14703, dt = 3.559942e-12, time = 1.740316e-09, elapsed = 475.0 sec
Step =    575: nodes = 14712, dt = 4.271930e-12, time = 1.744588e-09, elapsed = 475.8 sec
Step =    576: nodes = 14714, dt = 1.281579e-12, time = 1.745869e-09, elapsed = 477.0 sec
Step =    577: nodes = 14710, dt = 1.281579e-12, time = 1.747151e-09, elapsed = 477.7 sec
Step =    578: nodes = 14704, dt = 1.537895e-12, time = 1.748689e-09, elapsed = 478.3 sec
Step =    579: nodes = 14704, dt = 1.845474e-12, time = 1.750534e-09, elapsed = 479.0 sec
Step =    580: nodes = 14701, dt = 2.214568e-12, time = 1.752749e-09, elapsed = 479.7 sec
Step =    581: nodes = 14699, dt = 1.328741e-12, time = 1.754078e-09, elapsed = 480.7 sec
Step =    582: nodes = 14699, dt = 1.328741e-12, time = 1.755406e-09, elapsed = 481.3 sec
Step =    583: nodes = 14700, dt = 1.594489e-12, time = 1.757001e-09, elapsed = 482.0 sec
Step =    584: nodes = 14697, dt = 1.913387e-12, time = 1.758914e-09, elapsed = 483.0 sec
Step =    585: nodes = 14698, dt = 1.148032e-12, time = 1.760062e-09, elapsed = 484.0 sec
Step =    586: nodes = 14696, dt = 1.148032e-12, time = 1.761210e-09, elapsed = 484.7 sec
Step =    587: nodes = 14696, dt = 1.377639e-12, time = 1.762588e-09, elapsed = 485.3 sec
Step =    588: nodes = 14694, dt = 1.653167e-12, time = 1.764241e-09, elapsed = 486.0 sec
Step =    589: nodes = 14690, dt = 1.983800e-12, time = 1.766225e-09, elapsed = 486.7 sec
Step =    590: nodes = 14689, dt = 1.190280e-12, time = 1.767415e-09, elapsed = 487.6 sec
Step =    591: nodes = 14684, dt = 1.190280e-12, time = 1.768606e-09, elapsed = 488.3 sec
Step =    592: nodes = 14684, dt = 1.428336e-12, time = 1.770034e-09, elapsed = 488.9 sec
Step =    593: nodes = 14684, dt = 1.714003e-12, time = 1.771748e-09, elapsed = 489.6 sec
Step =    594: nodes = 14686, dt = 2.056804e-12, time = 1.773805e-09, elapsed = 490.3 sec
Step =    595: nodes = 14684, dt = 2.468164e-12, time = 1.776273e-09, elapsed = 491.0 sec
Step =    596: nodes = 14684, dt = 1.480899e-12, time = 1.777754e-09, elapsed = 491.9 sec
Step =    597: nodes = 14682, dt = 1.480899e-12, time = 1.779235e-09, elapsed = 492.6 sec
Step =    598: nodes = 14679, dt = 1.777078e-12, time = 1.781012e-09, elapsed = 493.2 sec
Step =    599: nodes = 14678, dt = 2.132494e-12, time = 1.783144e-09, elapsed = 493.9 sec
Step =    600: nodes = 14677, dt = 1.279496e-12, time = 1.784424e-09, elapsed = 494.8 sec
Writing configuration in legacy data format
 Output file: /data/home/dg000246b/openDIS/inital_dislocation_structures/output_caseC_0.18%_seed12345/relax2/config.600.data
Writing restart file
 Restart file: /data/home/dg000246b/openDIS/inital_dislocation_structures/output_caseC_0.18%_seed12345/relax2/restart.600.exadis
Step =    601: nodes = 14678, dt = 1.279496e-12, time = 1.785703e-09, elapsed = 495.7 sec
Step =    602: nodes = 14678, dt = 1.535396e-12, time = 1.787239e-09, elapsed = 496.3 sec
Step =    603: nodes = 14677, dt = 1.842475e-12, time = 1.789081e-09, elapsed = 497.0 sec
Step =    604: nodes = 14677, dt = 2.210970e-12, time = 1.791292e-09, elapsed = 497.7 sec
Step =    605: nodes = 14671, dt = 2.653164e-12, time = 1.793945e-09, elapsed = 498.3 sec
Step =    606: nodes = 14673, dt = 3.183797e-12, time = 1.797129e-09, elapsed = 499.1 sec
Step =    607: nodes = 14677, dt = 1.910278e-12, time = 1.799039e-09, elapsed = 500.0 sec
Step =    608: nodes = 14675, dt = 1.910278e-12, time = 1.800950e-09, elapsed = 500.7 sec
Step =    609: nodes = 14674, dt = 1.146167e-12, time = 1.802096e-09, elapsed = 501.7 sec
Step =    610: nodes = 14669, dt = 1.146167e-12, time = 1.803242e-09, elapsed = 502.3 sec
Step =    611: nodes = 14668, dt = 1.375400e-12, time = 1.804617e-09, elapsed = 503.0 sec
Step =    612: nodes = 14668, dt = 1.650480e-12, time = 1.806268e-09, elapsed = 503.7 sec
Step =    613: nodes = 14670, dt = 1.980576e-12, time = 1.808248e-09, elapsed = 504.3 sec
Step =    614: nodes = 14669, dt = 1.188346e-12, time = 1.809437e-09, elapsed = 505.3 sec
Step =    615: nodes = 14669, dt = 1.188346e-12, time = 1.810625e-09, elapsed = 505.9 sec
Step =    616: nodes = 14669, dt = 1.426015e-12, time = 1.812051e-09, elapsed = 506.6 sec
Step =    617: nodes = 14668, dt = 1.711218e-12, time = 1.813762e-09, elapsed = 507.2 sec
Step =    618: nodes = 14666, dt = 2.053461e-12, time = 1.815816e-09, elapsed = 508.0 sec
Step =    619: nodes = 14671, dt = 2.464154e-12, time = 1.818280e-09, elapsed = 508.6 sec
Step =    620: nodes = 14670, dt = 1.478492e-12, time = 1.819758e-09, elapsed = 509.6 sec
Step =    621: nodes = 14670, dt = 1.478492e-12, time = 1.821237e-09, elapsed = 510.3 sec
Step =    622: nodes = 14667, dt = 1.774191e-12, time = 1.823011e-09, elapsed = 511.0 sec
Step =    623: nodes = 14666, dt = 2.129029e-12, time = 1.825140e-09, elapsed = 511.7 sec
Step =    624: nodes = 14667, dt = 1.277417e-12, time = 1.826418e-09, elapsed = 512.6 sec
Step =    625: nodes = 14668, dt = 1.277417e-12, time = 1.827695e-09, elapsed = 513.4 sec
Step =    626: nodes = 14666, dt = 1.532901e-12, time = 1.829228e-09, elapsed = 514.1 sec
Step =    627: nodes = 14665, dt = 1.839481e-12, time = 1.831067e-09, elapsed = 514.7 sec
Step =    628: nodes = 14663, dt = 2.207377e-12, time = 1.833275e-09, elapsed = 515.4 sec
Step =    629: nodes = 14661, dt = 2.648852e-12, time = 1.835924e-09, elapsed = 516.1 sec
Step =    630: nodes = 14662, dt = 3.178623e-12, time = 1.839102e-09, elapsed = 516.8 sec
Step =    631: nodes = 14655, dt = 1.907174e-12, time = 1.841009e-09, elapsed = 517.8 sec
Step =    632: nodes = 14656, dt = 1.907174e-12, time = 1.842917e-09, elapsed = 518.5 sec
Step =    633: nodes = 14651, dt = 2.288608e-12, time = 1.845205e-09, elapsed = 519.1 sec
Step =    634: nodes = 14653, dt = 1.373165e-12, time = 1.846578e-09, elapsed = 520.1 sec
Step =    635: nodes = 14651, dt = 1.373165e-12, time = 1.847952e-09, elapsed = 520.7 sec
Step =    636: nodes = 14646, dt = 1.647798e-12, time = 1.849599e-09, elapsed = 521.4 sec
Step =    637: nodes = 14651, dt = 1.977358e-12, time = 1.851577e-09, elapsed = 522.1 sec
Step =    638: nodes = 14647, dt = 2.372829e-12, time = 1.853949e-09, elapsed = 522.8 sec
Step =    639: nodes = 14648, dt = 2.847395e-12, time = 1.856797e-09, elapsed = 523.5 sec
Step =    640: nodes = 14642, dt = 3.416874e-12, time = 1.860214e-09, elapsed = 524.2 sec
Step =    641: nodes = 14644, dt = 2.050124e-12, time = 1.862264e-09, elapsed = 525.2 sec
Step =    642: nodes = 14644, dt = 2.050124e-12, time = 1.864314e-09, elapsed = 525.9 sec
Step =    643: nodes = 14640, dt = 2.460149e-12, time = 1.866774e-09, elapsed = 526.5 sec
Step =    644: nodes = 14639, dt = 2.952179e-12, time = 1.869726e-09, elapsed = 527.3 sec
Step =    645: nodes = 14639, dt = 3.542615e-12, time = 1.873269e-09, elapsed = 528.0 sec
Step =    646: nodes = 14637, dt = 2.125569e-12, time = 1.875395e-09, elapsed = 529.0 sec
Step =    647: nodes = 14642, dt = 2.125569e-12, time = 1.877520e-09, elapsed = 529.7 sec
Step =    648: nodes = 14641, dt = 2.550683e-12, time = 1.880071e-09, elapsed = 530.4 sec
Step =    649: nodes = 14640, dt = 3.060819e-12, time = 1.883132e-09, elapsed = 531.1 sec
Step =    650: nodes = 14638, dt = 3.672983e-12, time = 1.886805e-09, elapsed = 531.9 sec
Step =    651: nodes = 14628, dt = 4.407580e-12, time = 1.891212e-09, elapsed = 532.6 sec
Step =    652: nodes = 14633, dt = 5.289096e-12, time = 1.896501e-09, elapsed = 533.5 sec
Step =    653: nodes = 14624, dt = 6.346915e-12, time = 1.902848e-09, elapsed = 534.4 sec
Step =    654: nodes = 14636, dt = 3.808149e-12, time = 1.906656e-09, elapsed = 535.4 sec
Step =    655: nodes = 14634, dt = 3.808149e-12, time = 1.910464e-09, elapsed = 536.2 sec
Step =    656: nodes = 14634, dt = 4.569779e-12, time = 1.915034e-09, elapsed = 537.0 sec
Step =    657: nodes = 14636, dt = 2.741867e-12, time = 1.917776e-09, elapsed = 538.0 sec
Step =    658: nodes = 14634, dt = 2.741867e-12, time = 1.920518e-09, elapsed = 538.8 sec
Step =    659: nodes = 14630, dt = 3.290241e-12, time = 1.923808e-09, elapsed = 539.5 sec
Step =    660: nodes = 14639, dt = 3.948289e-12, time = 1.927757e-09, elapsed = 540.3 sec
Step =    661: nodes = 14638, dt = 2.368973e-12, time = 1.930125e-09, elapsed = 541.3 sec
Step =    662: nodes = 14638, dt = 2.368973e-12, time = 1.932494e-09, elapsed = 542.0 sec
Step =    663: nodes = 14642, dt = 2.842768e-12, time = 1.935337e-09, elapsed = 543.0 sec
Step =    664: nodes = 14640, dt = 1.705661e-12, time = 1.937043e-09, elapsed = 544.0 sec
Step =    665: nodes = 14642, dt = 1.705661e-12, time = 1.938749e-09, elapsed = 544.6 sec
Step =    666: nodes = 14643, dt = 2.046793e-12, time = 1.940795e-09, elapsed = 545.3 sec
Step =    667: nodes = 14644, dt = 2.456152e-12, time = 1.943251e-09, elapsed = 546.0 sec
Step =    668: nodes = 14639, dt = 2.947382e-12, time = 1.946199e-09, elapsed = 546.6 sec
Step =    669: nodes = 14645, dt = 3.536858e-12, time = 1.949736e-09, elapsed = 547.4 sec
Step =    670: nodes = 14635, dt = 4.244230e-12, time = 1.953980e-09, elapsed = 548.2 sec
Step =    671: nodes = 14634, dt = 2.546538e-12, time = 1.956526e-09, elapsed = 549.2 sec
Step =    672: nodes = 14630, dt = 2.546538e-12, time = 1.959073e-09, elapsed = 549.9 sec
Step =    673: nodes = 14628, dt = 3.055846e-12, time = 1.962129e-09, elapsed = 550.6 sec
Step =    674: nodes = 14626, dt = 3.667015e-12, time = 1.965796e-09, elapsed = 551.4 sec
Step =    675: nodes = 14616, dt = 4.400418e-12, time = 1.970196e-09, elapsed = 552.2 sec
Step =    676: nodes = 14616, dt = 5.280501e-12, time = 1.975477e-09, elapsed = 553.0 sec
Step =    677: nodes = 14615, dt = 6.336601e-12, time = 1.981813e-09, elapsed = 553.8 sec
Step =    678: nodes = 14612, dt = 7.603922e-12, time = 1.989417e-09, elapsed = 554.7 sec
Step =    679: nodes = 14604, dt = 9.124706e-12, time = 1.998542e-09, elapsed = 555.7 sec
Step =    680: nodes = 14604, dt = 5.474824e-12, time = 2.004017e-09, elapsed = 556.8 sec
Step =    681: nodes = 14606, dt = 5.474824e-12, time = 2.009492e-09, elapsed = 557.6 sec
Step =    682: nodes = 14605, dt = 6.569788e-12, time = 2.016061e-09, elapsed = 558.4 sec
Step =    683: nodes = 14603, dt = 7.883746e-12, time = 2.023945e-09, elapsed = 559.3 sec
Step =    684: nodes = 14598, dt = 9.460495e-12, time = 2.033406e-09, elapsed = 560.3 sec
Step =    685: nodes = 14596, dt = 5.676297e-12, time = 2.039082e-09, elapsed = 561.4 sec
Step =    686: nodes = 14594, dt = 5.676297e-12, time = 2.044758e-09, elapsed = 562.2 sec
Step =    687: nodes = 14597, dt = 3.405778e-12, time = 2.048164e-09, elapsed = 563.2 sec
Step =    688: nodes = 14601, dt = 3.405778e-12, time = 2.051570e-09, elapsed = 564.0 sec
Step =    689: nodes = 14589, dt = 4.086934e-12, time = 2.055657e-09, elapsed = 564.7 sec
Step =    690: nodes = 14583, dt = 2.452160e-12, time = 2.058109e-09, elapsed = 565.6 sec
Step =    691: nodes = 14582, dt = 2.452160e-12, time = 2.060561e-09, elapsed = 566.3 sec
Step =    692: nodes = 14579, dt = 2.942592e-12, time = 2.063504e-09, elapsed = 567.0 sec
Step =    693: nodes = 14582, dt = 3.531111e-12, time = 2.067035e-09, elapsed = 567.8 sec
Step =    694: nodes = 14583, dt = 4.237333e-12, time = 2.071272e-09, elapsed = 568.6 sec
Step =    695: nodes = 14586, dt = 5.084800e-12, time = 2.076357e-09, elapsed = 569.3 sec
Step =    696: nodes = 14583, dt = 3.050880e-12, time = 2.079408e-09, elapsed = 570.3 sec
Step =    697: nodes = 14584, dt = 3.050880e-12, time = 2.082459e-09, elapsed = 571.0 sec
Step =    698: nodes = 14580, dt = 3.661056e-12, time = 2.086120e-09, elapsed = 571.7 sec
Step =    699: nodes = 14572, dt = 4.393267e-12, time = 2.090513e-09, elapsed = 572.4 sec
Step =    700: nodes = 14568, dt = 5.271920e-12, time = 2.095785e-09, elapsed = 573.4 sec
Writing configuration in legacy data format
 Output file: /data/home/dg000246b/openDIS/inital_dislocation_structures/output_caseC_0.18%_seed12345/relax2/config.700.data
Writing restart file
 Restart file: /data/home/dg000246b/openDIS/inital_dislocation_structures/output_caseC_0.18%_seed12345/relax2/restart.700.exadis
Step =    701: nodes = 14577, dt = 6.326304e-12, time = 2.102111e-09, elapsed = 574.4 sec
Step =    702: nodes = 14573, dt = 7.591565e-12, time = 2.109703e-09, elapsed = 575.3 sec
Step =    703: nodes = 14577, dt = 9.109878e-12, time = 2.118813e-09, elapsed = 576.3 sec
Step =    704: nodes = 14582, dt = 1.093185e-11, time = 2.129745e-09, elapsed = 577.3 sec
Step =    705: nodes = 14585, dt = 6.559112e-12, time = 2.136304e-09, elapsed = 578.4 sec
Step =    706: nodes = 14586, dt = 3.279556e-12, time = 2.139583e-09, elapsed = 579.4 sec
Step =    707: nodes = 14585, dt = 3.279556e-12, time = 2.142863e-09, elapsed = 580.2 sec
Step =    708: nodes = 14586, dt = 1.967734e-12, time = 2.144831e-09, elapsed = 581.2 sec
Step =    709: nodes = 14582, dt = 1.967734e-12, time = 2.146798e-09, elapsed = 581.8 sec
Step =    710: nodes = 14586, dt = 2.361280e-12, time = 2.149160e-09, elapsed = 582.5 sec
Step =    711: nodes = 14588, dt = 2.833537e-12, time = 2.151993e-09, elapsed = 583.2 sec
Step =    712: nodes = 14591, dt = 3.400244e-12, time = 2.155393e-09, elapsed = 583.9 sec
Step =    713: nodes = 14582, dt = 2.040146e-12, time = 2.157433e-09, elapsed = 584.8 sec
Step =    714: nodes = 14573, dt = 2.040146e-12, time = 2.159474e-09, elapsed = 585.5 sec
Step =    715: nodes = 14577, dt = 2.448176e-12, time = 2.161922e-09, elapsed = 586.2 sec
Step =    716: nodes = 14577, dt = 2.937811e-12, time = 2.164860e-09, elapsed = 586.9 sec
Step =    717: nodes = 14574, dt = 1.762686e-12, time = 2.166622e-09, elapsed = 587.8 sec
Step =    718: nodes = 14574, dt = 1.762686e-12, time = 2.168385e-09, elapsed = 588.5 sec
Step =    719: nodes = 14571, dt = 1.057612e-12, time = 2.169443e-09, elapsed = 589.4 sec
Step =    720: nodes = 14569, dt = 1.057612e-12, time = 2.170500e-09, elapsed = 590.0 sec
Step =    721: nodes = 14567, dt = 1.269134e-12, time = 2.171769e-09, elapsed = 590.7 sec
Step =    722: nodes = 14568, dt = 1.522961e-12, time = 2.173292e-09, elapsed = 591.3 sec
Step =    723: nodes = 14570, dt = 1.827553e-12, time = 2.175120e-09, elapsed = 592.0 sec
Step =    724: nodes = 14566, dt = 2.193064e-12, time = 2.177313e-09, elapsed = 592.6 sec
Step =    725: nodes = 14571, dt = 2.631677e-12, time = 2.179945e-09, elapsed = 593.3 sec
Step =    726: nodes = 14569, dt = 1.579006e-12, time = 2.181524e-09, elapsed = 594.2 sec
Step =    727: nodes = 14566, dt = 1.579006e-12, time = 2.183103e-09, elapsed = 594.9 sec
Step =    728: nodes = 14560, dt = 1.894807e-12, time = 2.184997e-09, elapsed = 595.5 sec
Step =    729: nodes = 14563, dt = 2.273769e-12, time = 2.187271e-09, elapsed = 596.2 sec
Step =    730: nodes = 14565, dt = 2.728522e-12, time = 2.190000e-09, elapsed = 596.9 sec
Step =    731: nodes = 14561, dt = 3.274227e-12, time = 2.193274e-09, elapsed = 597.6 sec
Step =    732: nodes = 14558, dt = 3.929072e-12, time = 2.197203e-09, elapsed = 598.3 sec
Step =    733: nodes = 14558, dt = 2.357443e-12, time = 2.199560e-09, elapsed = 599.3 sec
Step =    734: nodes = 14550, dt = 2.357443e-12, time = 2.201918e-09, elapsed = 600.0 sec
Step =    735: nodes = 14546, dt = 2.828932e-12, time = 2.204747e-09, elapsed = 600.7 sec
Step =    736: nodes = 14547, dt = 3.394718e-12, time = 2.208142e-09, elapsed = 601.4 sec
Step =    737: nodes = 14550, dt = 2.036831e-12, time = 2.210178e-09, elapsed = 602.3 sec
Step =    738: nodes = 14545, dt = 2.036831e-12, time = 2.212215e-09, elapsed = 603.2 sec
Step =    739: nodes = 14547, dt = 1.222099e-12, time = 2.213437e-09, elapsed = 604.1 sec
Step =    740: nodes = 14542, dt = 1.222099e-12, time = 2.214659e-09, elapsed = 604.7 sec
Step =    741: nodes = 14537, dt = 1.466518e-12, time = 2.216126e-09, elapsed = 605.4 sec
Step =    742: nodes = 14538, dt = 1.759822e-12, time = 2.217886e-09, elapsed = 606.0 sec
Step =    743: nodes = 14533, dt = 2.111786e-12, time = 2.219998e-09, elapsed = 606.6 sec
Step =    744: nodes = 14535, dt = 2.534144e-12, time = 2.222532e-09, elapsed = 607.3 sec
Step =    745: nodes = 14534, dt = 1.520486e-12, time = 2.224052e-09, elapsed = 608.2 sec
Step =    746: nodes = 14535, dt = 1.520486e-12, time = 2.225573e-09, elapsed = 608.9 sec
Step =    747: nodes = 14535, dt = 1.824584e-12, time = 2.227397e-09, elapsed = 609.5 sec
Step =    748: nodes = 14538, dt = 2.189500e-12, time = 2.229587e-09, elapsed = 610.2 sec
Step =    749: nodes = 14539, dt = 2.627400e-12, time = 2.232214e-09, elapsed = 610.8 sec
Step =    750: nodes = 14542, dt = 3.152880e-12, time = 2.235367e-09, elapsed = 611.5 sec
Step =    751: nodes = 14549, dt = 3.783456e-12, time = 2.239150e-09, elapsed = 612.3 sec
Step =    752: nodes = 14543, dt = 4.540148e-12, time = 2.243691e-09, elapsed = 613.0 sec
Step =    753: nodes = 14540, dt = 2.724089e-12, time = 2.246415e-09, elapsed = 614.0 sec
Step =    754: nodes = 14543, dt = 2.724089e-12, time = 2.249139e-09, elapsed = 614.7 sec
Step =    755: nodes = 14537, dt = 3.268906e-12, time = 2.252408e-09, elapsed = 615.3 sec
Step =    756: nodes = 14538, dt = 3.922688e-12, time = 2.256330e-09, elapsed = 616.1 sec
Step =    757: nodes = 14543, dt = 4.707225e-12, time = 2.261038e-09, elapsed = 616.8 sec
Step =    758: nodes = 14538, dt = 5.648670e-12, time = 2.266686e-09, elapsed = 617.7 sec
Step =    759: nodes = 14536, dt = 3.389202e-12, time = 2.270075e-09, elapsed = 618.6 sec
Step =    760: nodes = 14543, dt = 3.389202e-12, time = 2.273465e-09, elapsed = 619.3 sec
Step =    761: nodes = 14541, dt = 2.033521e-12, time = 2.275498e-09, elapsed = 620.3 sec
Step =    762: nodes = 14541, dt = 2.033521e-12, time = 2.277532e-09, elapsed = 620.9 sec
Step =    763: nodes = 14541, dt = 2.440225e-12, time = 2.279972e-09, elapsed = 621.6 sec
Step =    764: nodes = 14540, dt = 2.928271e-12, time = 2.282900e-09, elapsed = 622.3 sec
Step =    765: nodes = 14540, dt = 3.513925e-12, time = 2.286414e-09, elapsed = 623.0 sec
Step =    766: nodes = 14538, dt = 4.216710e-12, time = 2.290631e-09, elapsed = 623.7 sec
Step =    767: nodes = 14530, dt = 5.060052e-12, time = 2.295691e-09, elapsed = 624.5 sec
Step =    768: nodes = 14533, dt = 3.036031e-12, time = 2.298727e-09, elapsed = 625.5 sec
Step =    769: nodes = 14541, dt = 3.036031e-12, time = 2.301763e-09, elapsed = 626.2 sec
Step =    770: nodes = 14540, dt = 3.643237e-12, time = 2.305406e-09, elapsed = 626.9 sec
Step =    771: nodes = 14544, dt = 4.371885e-12, time = 2.309778e-09, elapsed = 627.7 sec
Step =    772: nodes = 14540, dt = 2.623131e-12, time = 2.312401e-09, elapsed = 628.7 sec
Step =    773: nodes = 14540, dt = 1.311565e-12, time = 2.313713e-09, elapsed = 629.6 sec
Step =    774: nodes = 14539, dt = 1.311565e-12, time = 2.315024e-09, elapsed = 630.3 sec
Step =    775: nodes = 14536, dt = 1.573878e-12, time = 2.316598e-09, elapsed = 630.9 sec
Step =    776: nodes = 14533, dt = 1.888654e-12, time = 2.318487e-09, elapsed = 631.6 sec
Step =    777: nodes = 14531, dt = 2.266385e-12, time = 2.320753e-09, elapsed = 632.3 sec
Step =    778: nodes = 14535, dt = 2.719662e-12, time = 2.323473e-09, elapsed = 633.0 sec
Step =    779: nodes = 14537, dt = 3.263594e-12, time = 2.326737e-09, elapsed = 633.8 sec
Step =    780: nodes = 14535, dt = 1.958157e-12, time = 2.328695e-09, elapsed = 634.8 sec
Step =    781: nodes = 14536, dt = 1.958157e-12, time = 2.330653e-09, elapsed = 635.4 sec
Step =    782: nodes = 14535, dt = 2.349788e-12, time = 2.333003e-09, elapsed = 636.1 sec
Step =    783: nodes = 14538, dt = 2.819745e-12, time = 2.335822e-09, elapsed = 636.7 sec
Step =    784: nodes = 14533, dt = 3.383695e-12, time = 2.339206e-09, elapsed = 637.4 sec
Step =    785: nodes = 14531, dt = 4.060434e-12, time = 2.343266e-09, elapsed = 638.2 sec
Step =    786: nodes = 14535, dt = 4.872520e-12, time = 2.348139e-09, elapsed = 638.9 sec
Step =    787: nodes = 14529, dt = 2.923512e-12, time = 2.351063e-09, elapsed = 639.9 sec
Step =    788: nodes = 14527, dt = 2.923512e-12, time = 2.353986e-09, elapsed = 640.6 sec
Step =    789: nodes = 14526, dt = 3.508215e-12, time = 2.357494e-09, elapsed = 641.3 sec
Step =    790: nodes = 14520, dt = 4.209857e-12, time = 2.361704e-09, elapsed = 642.1 sec
Step =    791: nodes = 14526, dt = 5.051829e-12, time = 2.366756e-09, elapsed = 642.8 sec
Step =    792: nodes = 14521, dt = 3.031097e-12, time = 2.369787e-09, elapsed = 643.8 sec
Step =    793: nodes = 14516, dt = 3.031097e-12, time = 2.372818e-09, elapsed = 644.5 sec
Step =    794: nodes = 14513, dt = 3.637317e-12, time = 2.376455e-09, elapsed = 645.2 sec
Step =    795: nodes = 14512, dt = 4.364780e-12, time = 2.380820e-09, elapsed = 645.9 sec
Step =    796: nodes = 14511, dt = 5.237736e-12, time = 2.386058e-09, elapsed = 646.7 sec
Step =    797: nodes = 14517, dt = 6.285284e-12, time = 2.392343e-09, elapsed = 647.5 sec
Step =    798: nodes = 14515, dt = 3.771170e-12, time = 2.396114e-09, elapsed = 648.6 sec
Step =    799: nodes = 14521, dt = 3.771170e-12, time = 2.399886e-09, elapsed = 649.3 sec
Step =    800: nodes = 14520, dt = 4.525404e-12, time = 2.404411e-09, elapsed = 650.1 sec
Writing configuration in legacy data format
 Output file: /data/home/dg000246b/openDIS/inital_dislocation_structures/output_caseC_0.18%_seed12345/relax2/config.800.data
Writing restart file
 Restart file: /data/home/dg000246b/openDIS/inital_dislocation_structures/output_caseC_0.18%_seed12345/relax2/restart.800.exadis
Step =    801: nodes = 14523, dt = 2.715242e-12, time = 2.407126e-09, elapsed = 651.3 sec
Step =    802: nodes = 14520, dt = 2.715242e-12, time = 2.409841e-09, elapsed = 652.0 sec
Step =    803: nodes = 14517, dt = 3.258291e-12, time = 2.413100e-09, elapsed = 652.7 sec
Step =    804: nodes = 14516, dt = 3.909949e-12, time = 2.417010e-09, elapsed = 653.5 sec
Step =    805: nodes = 14516, dt = 2.345970e-12, time = 2.419356e-09, elapsed = 654.4 sec
Step =    806: nodes = 14516, dt = 2.345970e-12, time = 2.421702e-09, elapsed = 655.1 sec
Step =    807: nodes = 14514, dt = 2.815163e-12, time = 2.424517e-09, elapsed = 655.8 sec
Step =    808: nodes = 14517, dt = 3.378196e-12, time = 2.427895e-09, elapsed = 656.5 sec
Step =    809: nodes = 14514, dt = 4.053835e-12, time = 2.431949e-09, elapsed = 657.2 sec
Step =    810: nodes = 14518, dt = 4.864602e-12, time = 2.436813e-09, elapsed = 658.0 sec
Step =    811: nodes = 14511, dt = 5.837523e-12, time = 2.442651e-09, elapsed = 658.8 sec
Step =    812: nodes = 14510, dt = 3.502514e-12, time = 2.446153e-09, elapsed = 659.8 sec
Step =    813: nodes = 14509, dt = 3.502514e-12, time = 2.449656e-09, elapsed = 660.5 sec
Step =    814: nodes = 14505, dt = 4.203016e-12, time = 2.453859e-09, elapsed = 661.3 sec
Step =    815: nodes = 14505, dt = 5.043620e-12, time = 2.458903e-09, elapsed = 662.1 sec
Step =    816: nodes = 14507, dt = 6.052344e-12, time = 2.464955e-09, elapsed = 663.3 sec
Step =    817: nodes = 14511, dt = 1.815703e-12, time = 2.466771e-09, elapsed = 664.5 sec
Step =    818: nodes = 14509, dt = 1.815703e-12, time = 2.468586e-09, elapsed = 665.2 sec
Step =    819: nodes = 14514, dt = 2.178844e-12, time = 2.470765e-09, elapsed = 665.8 sec
Step =    820: nodes = 14508, dt = 1.307306e-12, time = 2.472073e-09, elapsed = 666.8 sec
Step =    821: nodes = 14501, dt = 1.307306e-12, time = 2.473380e-09, elapsed = 667.4 sec
Step =    822: nodes = 14501, dt = 1.568767e-12, time = 2.474949e-09, elapsed = 668.0 sec
Step =    823: nodes = 14500, dt = 1.882521e-12, time = 2.476831e-09, elapsed = 668.7 sec
Step =    824: nodes = 14495, dt = 1.129513e-12, time = 2.477961e-09, elapsed = 669.7 sec
Step =    825: nodes = 14498, dt = 1.129513e-12, time = 2.479090e-09, elapsed = 670.3 sec
Step =    826: nodes = 14495, dt = 1.355415e-12, time = 2.480446e-09, elapsed = 670.9 sec
Step =    827: nodes = 14493, dt = 1.626498e-12, time = 2.482072e-09, elapsed = 671.6 sec
Step =    828: nodes = 14490, dt = 9.758989e-13, time = 2.483048e-09, elapsed = 672.5 sec
Step =    829: nodes = 14491, dt = 9.758989e-13, time = 2.484024e-09, elapsed = 673.0 sec
Step =    830: nodes = 14488, dt = 1.171079e-12, time = 2.485195e-09, elapsed = 673.7 sec
Step =    831: nodes = 14484, dt = 1.405294e-12, time = 2.486600e-09, elapsed = 674.3 sec
Step =    832: nodes = 14479, dt = 1.686353e-12, time = 2.488287e-09, elapsed = 674.9 sec
Step =    833: nodes = 14481, dt = 1.011812e-12, time = 2.489298e-09, elapsed = 675.8 sec
Step =    834: nodes = 14476, dt = 1.011812e-12, time = 2.490310e-09, elapsed = 676.5 sec
Step =    835: nodes = 14476, dt = 1.214174e-12, time = 2.491524e-09, elapsed = 677.1 sec
Step =    836: nodes = 14472, dt = 1.457009e-12, time = 2.492981e-09, elapsed = 677.7 sec
Step =    837: nodes = 14474, dt = 1.748411e-12, time = 2.494730e-09, elapsed = 678.4 sec
Step =    838: nodes = 14470, dt = 2.098093e-12, time = 2.496828e-09, elapsed = 679.0 sec
Step =    839: nodes = 14472, dt = 1.258856e-12, time = 2.498087e-09, elapsed = 679.9 sec
Step =    840: nodes = 14468, dt = 1.258856e-12, time = 2.499346e-09, elapsed = 680.6 sec
Step =    841: nodes = 14467, dt = 1.510627e-12, time = 2.500856e-09, elapsed = 681.2 sec
Step =    842: nodes = 14463, dt = 9.063763e-13, time = 2.501763e-09, elapsed = 682.1 sec
Step =    843: nodes = 14466, dt = 9.063763e-13, time = 2.502669e-09, elapsed = 682.7 sec
Step =    844: nodes = 14464, dt = 1.087652e-12, time = 2.503757e-09, elapsed = 683.4 sec
Step =    845: nodes = 14469, dt = 1.305182e-12, time = 2.505062e-09, elapsed = 684.0 sec
Step =    846: nodes = 14464, dt = 1.566218e-12, time = 2.506628e-09, elapsed = 684.7 sec
Step =    847: nodes = 14468, dt = 1.879462e-12, time = 2.508508e-09, elapsed = 685.3 sec
Step =    848: nodes = 14466, dt = 2.255354e-12, time = 2.510763e-09, elapsed = 686.0 sec
Step =    849: nodes = 14465, dt = 2.706425e-12, time = 2.513469e-09, elapsed = 686.7 sec
Step =    850: nodes = 14468, dt = 1.623855e-12, time = 2.515093e-09, elapsed = 687.7 sec
Step =    851: nodes = 14465, dt = 1.623855e-12, time = 2.516717e-09, elapsed = 688.3 sec
Step =    852: nodes = 14470, dt = 1.948626e-12, time = 2.518666e-09, elapsed = 688.9 sec
Step =    853: nodes = 14467, dt = 2.338351e-12, time = 2.521004e-09, elapsed = 689.6 sec
Step =    854: nodes = 14470, dt = 2.806022e-12, time = 2.523810e-09, elapsed = 690.3 sec
Step =    855: nodes = 14466, dt = 3.367226e-12, time = 2.527177e-09, elapsed = 691.0 sec
Step =    856: nodes = 14467, dt = 2.020336e-12, time = 2.529198e-09, elapsed = 691.9 sec
Step =    857: nodes = 14471, dt = 2.020336e-12, time = 2.531218e-09, elapsed = 692.6 sec
Step =    858: nodes = 14466, dt = 2.424403e-12, time = 2.533642e-09, elapsed = 693.5 sec
Step =    859: nodes = 14464, dt = 2.909283e-12, time = 2.536552e-09, elapsed = 694.1 sec
Step =    860: nodes = 14461, dt = 3.491140e-12, time = 2.540043e-09, elapsed = 694.9 sec
Step =    861: nodes = 14460, dt = 4.189368e-12, time = 2.544232e-09, elapsed = 695.7 sec
Step =    862: nodes = 14465, dt = 5.027241e-12, time = 2.549259e-09, elapsed = 696.6 sec
Step =    863: nodes = 14464, dt = 3.016345e-12, time = 2.552276e-09, elapsed = 697.6 sec
Step =    864: nodes = 14468, dt = 3.016345e-12, time = 2.555292e-09, elapsed = 698.2 sec
Step =    865: nodes = 14467, dt = 3.619614e-12, time = 2.558912e-09, elapsed = 698.9 sec
Step =    866: nodes = 14465, dt = 4.343536e-12, time = 2.563255e-09, elapsed = 699.7 sec
Step =    867: nodes = 14465, dt = 2.606122e-12, time = 2.565861e-09, elapsed = 700.6 sec
Step =    868: nodes = 14461, dt = 2.606122e-12, time = 2.568467e-09, elapsed = 701.2 sec
Step =    869: nodes = 14463, dt = 3.127346e-12, time = 2.571595e-09, elapsed = 701.9 sec
Step =    870: nodes = 14462, dt = 3.752815e-12, time = 2.575348e-09, elapsed = 702.7 sec
Step =    871: nodes = 14464, dt = 4.503379e-12, time = 2.579851e-09, elapsed = 703.5 sec
Step =    872: nodes = 14467, dt = 5.404054e-12, time = 2.585255e-09, elapsed = 704.3 sec
Step =    873: nodes = 14466, dt = 3.242433e-12, time = 2.588497e-09, elapsed = 705.3 sec
Step =    874: nodes = 14465, dt = 3.242433e-12, time = 2.591740e-09, elapsed = 706.0 sec
Step =    875: nodes = 14465, dt = 3.890919e-12, time = 2.595631e-09, elapsed = 706.7 sec
Step =    876: nodes = 14462, dt = 4.669103e-12, time = 2.600300e-09, elapsed = 707.5 sec
Step =    877: nodes = 14466, dt = 5.602924e-12, time = 2.605903e-09, elapsed = 708.3 sec
Step =    878: nodes = 14466, dt = 3.361754e-12, time = 2.609265e-09, elapsed = 709.3 sec
Step =    879: nodes = 14467, dt = 3.361754e-12, time = 2.612626e-09, elapsed = 710.0 sec
Step =    880: nodes = 14467, dt = 4.034105e-12, time = 2.616660e-09, elapsed = 710.7 sec
Step =    881: nodes = 14465, dt = 2.420463e-12, time = 2.619081e-09, elapsed = 711.6 sec
Step =    882: nodes = 14466, dt = 2.420463e-12, time = 2.621501e-09, elapsed = 712.3 sec
Step =    883: nodes = 14464, dt = 2.904556e-12, time = 2.624406e-09, elapsed = 713.0 sec
Step =    884: nodes = 14459, dt = 3.485467e-12, time = 2.627891e-09, elapsed = 713.7 sec
Step =    885: nodes = 14459, dt = 4.182560e-12, time = 2.632074e-09, elapsed = 714.4 sec
Step =    886: nodes = 14454, dt = 5.019072e-12, time = 2.637093e-09, elapsed = 715.2 sec
Step =    887: nodes = 14458, dt = 3.011443e-12, time = 2.640104e-09, elapsed = 716.1 sec
Step =    888: nodes = 14461, dt = 3.011443e-12, time = 2.643116e-09, elapsed = 716.8 sec
Step =    889: nodes = 14461, dt = 3.613732e-12, time = 2.646730e-09, elapsed = 717.6 sec
Step =    890: nodes = 14463, dt = 4.336478e-12, time = 2.651066e-09, elapsed = 718.4 sec
Step =    891: nodes = 14461, dt = 2.601887e-12, time = 2.653668e-09, elapsed = 719.3 sec
Step =    892: nodes = 14459, dt = 2.601887e-12, time = 2.656270e-09, elapsed = 720.0 sec
Step =    893: nodes = 14459, dt = 3.122264e-12, time = 2.659392e-09, elapsed = 720.7 sec
Step =    894: nodes = 14458, dt = 1.873359e-12, time = 2.661266e-09, elapsed = 721.6 sec
Step =    895: nodes = 14454, dt = 1.873359e-12, time = 2.663139e-09, elapsed = 722.3 sec
Step =    896: nodes = 14456, dt = 2.248030e-12, time = 2.665387e-09, elapsed = 723.3 sec
Step =    897: nodes = 14459, dt = 2.697636e-12, time = 2.668085e-09, elapsed = 724.0 sec
Step =    898: nodes = 14462, dt = 3.237164e-12, time = 2.671322e-09, elapsed = 724.7 sec
Step =    899: nodes = 14464, dt = 1.942298e-12, time = 2.673264e-09, elapsed = 725.6 sec
Step =    900: nodes = 14459, dt = 1.942298e-12, time = 2.675206e-09, elapsed = 726.3 sec
Writing configuration in legacy data format
 Output file: /data/home/dg000246b/openDIS/inital_dislocation_structures/output_caseC_0.18%_seed12345/relax2/config.900.data
Writing restart file
 Restart file: /data/home/dg000246b/openDIS/inital_dislocation_structures/output_caseC_0.18%_seed12345/relax2/restart.900.exadis
Step =    901: nodes = 14454, dt = 2.330758e-12, time = 2.677537e-09, elapsed = 727.1 sec
Step =    902: nodes = 14457, dt = 2.796909e-12, time = 2.680334e-09, elapsed = 727.9 sec
Step =    903: nodes = 14459, dt = 1.678146e-12, time = 2.682012e-09, elapsed = 728.8 sec
Step =    904: nodes = 14458, dt = 1.678146e-12, time = 2.683690e-09, elapsed = 729.4 sec
Step =    905: nodes = 14461, dt = 2.013775e-12, time = 2.685704e-09, elapsed = 730.1 sec
Step =    906: nodes = 14454, dt = 2.416530e-12, time = 2.688121e-09, elapsed = 730.8 sec
Step =    907: nodes = 14454, dt = 1.449918e-12, time = 2.689570e-09, elapsed = 731.7 sec
Step =    908: nodes = 14453, dt = 1.449918e-12, time = 2.691020e-09, elapsed = 732.3 sec
Step =    909: nodes = 14453, dt = 1.739901e-12, time = 2.692760e-09, elapsed = 733.0 sec
Step =    910: nodes = 14448, dt = 2.087882e-12, time = 2.694848e-09, elapsed = 733.7 sec
Step =    911: nodes = 14450, dt = 2.505458e-12, time = 2.697354e-09, elapsed = 734.4 sec
Step =    912: nodes = 14443, dt = 3.006550e-12, time = 2.700360e-09, elapsed = 735.1 sec
Step =    913: nodes = 14445, dt = 3.607860e-12, time = 2.703968e-09, elapsed = 735.8 sec
Step =    914: nodes = 14437, dt = 4.329431e-12, time = 2.708297e-09, elapsed = 736.5 sec
Step =    915: nodes = 14439, dt = 5.195318e-12, time = 2.713493e-09, elapsed = 737.2 sec
Step =    916: nodes = 14434, dt = 3.117191e-12, time = 2.716610e-09, elapsed = 738.2 sec
Step =    917: nodes = 14435, dt = 1.558595e-12, time = 2.718169e-09, elapsed = 739.2 sec
Step =    918: nodes = 14435, dt = 1.558595e-12, time = 2.719727e-09, elapsed = 739.8 sec
Step =    919: nodes = 14431, dt = 1.870314e-12, time = 2.721597e-09, elapsed = 740.5 sec
Step =    920: nodes = 14431, dt = 2.244377e-12, time = 2.723842e-09, elapsed = 741.1 sec
Step =    921: nodes = 14436, dt = 2.693253e-12, time = 2.726535e-09, elapsed = 741.8 sec
Step =    922: nodes = 14443, dt = 3.231903e-12, time = 2.729767e-09, elapsed = 742.5 sec
Step =    923: nodes = 14437, dt = 3.878284e-12, time = 2.733645e-09, elapsed = 743.2 sec
Step =    924: nodes = 14430, dt = 4.653941e-12, time = 2.738299e-09, elapsed = 743.9 sec
Step =    925: nodes = 14436, dt = 5.584729e-12, time = 2.743884e-09, elapsed = 744.7 sec
Step =    926: nodes = 14435, dt = 1.675419e-12, time = 2.745559e-09, elapsed = 746.0 sec
Step =    927: nodes = 14433, dt = 1.675419e-12, time = 2.747235e-09, elapsed = 746.6 sec
Step =    928: nodes = 14436, dt = 2.010502e-12, time = 2.749245e-09, elapsed = 747.2 sec
Step =    929: nodes = 14438, dt = 2.412603e-12, time = 2.751658e-09, elapsed = 747.9 sec
Step =    930: nodes = 14441, dt = 2.895123e-12, time = 2.754553e-09, elapsed = 748.6 sec
Step =    931: nodes = 14444, dt = 3.474148e-12, time = 2.758027e-09, elapsed = 749.3 sec
Step =    932: nodes = 14440, dt = 2.084489e-12, time = 2.760112e-09, elapsed = 750.3 sec
Step =    933: nodes = 14439, dt = 2.084489e-12, time = 2.762196e-09, elapsed = 751.0 sec
Step =    934: nodes = 14438, dt = 2.501387e-12, time = 2.764698e-09, elapsed = 751.6 sec
Step =    935: nodes = 14439, dt = 3.001664e-12, time = 2.767699e-09, elapsed = 752.3 sec
Step =    936: nodes = 14434, dt = 3.601997e-12, time = 2.771301e-09, elapsed = 753.4 sec
Step =    937: nodes = 14437, dt = 4.322396e-12, time = 2.775624e-09, elapsed = 754.1 sec
Step =    938: nodes = 14427, dt = 5.186875e-12, time = 2.780810e-09, elapsed = 754.9 sec
Step =    939: nodes = 14431, dt = 3.112125e-12, time = 2.783923e-09, elapsed = 755.9 sec
Step =    940: nodes = 14429, dt = 3.112125e-12, time = 2.787035e-09, elapsed = 756.5 sec
Step =    941: nodes = 14428, dt = 3.734550e-12, time = 2.790769e-09, elapsed = 757.3 sec
Step =    942: nodes = 14430, dt = 4.481460e-12, time = 2.795251e-09, elapsed = 758.0 sec
Step =    943: nodes = 14427, dt = 5.377752e-12, time = 2.800628e-09, elapsed = 758.7 sec
Step =    944: nodes = 14420, dt = 3.226651e-12, time = 2.803855e-09, elapsed = 759.7 sec
Step =    945: nodes = 14426, dt = 3.226651e-12, time = 2.807082e-09, elapsed = 760.4 sec
Step =    946: nodes = 14424, dt = 3.871982e-12, time = 2.810954e-09, elapsed = 761.1 sec
Step =    947: nodes = 14428, dt = 4.646378e-12, time = 2.815600e-09, elapsed = 761.9 sec
Step =    948: nodes = 14420, dt = 5.575654e-12, time = 2.821176e-09, elapsed = 762.7 sec
Step =    949: nodes = 14420, dt = 1.672696e-12, time = 2.822849e-09, elapsed = 763.9 sec
Step =    950: nodes = 14421, dt = 1.672696e-12, time = 2.824521e-09, elapsed = 764.5 sec
Step =    951: nodes = 14421, dt = 2.007235e-12, time = 2.826528e-09, elapsed = 765.2 sec
Step =    952: nodes = 14422, dt = 2.408682e-12, time = 2.828937e-09, elapsed = 765.9 sec
Step =    953: nodes = 14424, dt = 2.890419e-12, time = 2.831828e-09, elapsed = 766.5 sec
Step =    954: nodes = 14423, dt = 3.468503e-12, time = 2.835296e-09, elapsed = 767.2 sec
Step =    955: nodes = 14427, dt = 4.162203e-12, time = 2.839458e-09, elapsed = 768.0 sec
Step =    956: nodes = 14432, dt = 4.994644e-12, time = 2.844453e-09, elapsed = 768.7 sec
Step =    957: nodes = 14433, dt = 5.993572e-12, time = 2.850446e-09, elapsed = 769.5 sec
Step =    958: nodes = 14432, dt = 3.596143e-12, time = 2.854043e-09, elapsed = 770.5 sec
Step =    959: nodes = 14430, dt = 3.596143e-12, time = 2.857639e-09, elapsed = 771.2 sec
Step =    960: nodes = 14430, dt = 4.315372e-12, time = 2.861954e-09, elapsed = 771.9 sec
Step =    961: nodes = 14428, dt = 5.178447e-12, time = 2.867133e-09, elapsed = 772.8 sec
Step =    962: nodes = 14428, dt = 3.107068e-12, time = 2.870240e-09, elapsed = 773.8 sec
Step =    963: nodes = 14425, dt = 3.107068e-12, time = 2.873347e-09, elapsed = 774.5 sec
Step =    964: nodes = 14426, dt = 1.864241e-12, time = 2.875211e-09, elapsed = 775.4 sec
Step =    965: nodes = 14428, dt = 1.864241e-12, time = 2.877075e-09, elapsed = 776.0 sec
Step =    966: nodes = 14429, dt = 2.237089e-12, time = 2.879312e-09, elapsed = 776.8 sec
Step =    967: nodes = 14428, dt = 2.684507e-12, time = 2.881997e-09, elapsed = 777.4 sec
Step =    968: nodes = 14425, dt = 3.221408e-12, time = 2.885218e-09, elapsed = 778.1 sec
Step =    969: nodes = 14426, dt = 3.865690e-12, time = 2.889084e-09, elapsed = 778.9 sec
Step =    970: nodes = 14428, dt = 4.638828e-12, time = 2.893723e-09, elapsed = 779.6 sec
Step =    971: nodes = 14424, dt = 5.566593e-12, time = 2.899289e-09, elapsed = 780.4 sec
Step =    972: nodes = 14422, dt = 3.339956e-12, time = 2.902629e-09, elapsed = 781.4 sec
Step =    973: nodes = 14427, dt = 3.339956e-12, time = 2.905969e-09, elapsed = 782.1 sec
Step =    974: nodes = 14430, dt = 4.007947e-12, time = 2.909977e-09, elapsed = 782.8 sec
Step =    975: nodes = 14433, dt = 4.809536e-12, time = 2.914787e-09, elapsed = 783.8 sec
Step =    976: nodes = 14438, dt = 5.771444e-12, time = 2.920558e-09, elapsed = 784.6 sec
Step =    977: nodes = 14438, dt = 3.462866e-12, time = 2.924021e-09, elapsed = 785.6 sec
Step =    978: nodes = 14441, dt = 3.462866e-12, time = 2.927484e-09, elapsed = 786.3 sec
Step =    979: nodes = 14444, dt = 4.155440e-12, time = 2.931639e-09, elapsed = 787.1 sec
Step =    980: nodes = 14434, dt = 4.986527e-12, time = 2.936626e-09, elapsed = 787.9 sec
Step =    981: nodes = 14440, dt = 5.983833e-12, time = 2.942610e-09, elapsed = 788.9 sec
Step =    982: nodes = 14439, dt = 3.590300e-12, time = 2.946200e-09, elapsed = 789.9 sec
Step =    983: nodes = 14438, dt = 3.590300e-12, time = 2.949790e-09, elapsed = 790.6 sec
Step =    984: nodes = 14437, dt = 4.308360e-12, time = 2.954099e-09, elapsed = 791.3 sec
Step =    985: nodes = 14437, dt = 5.170032e-12, time = 2.959269e-09, elapsed = 792.1 sec
Step =    986: nodes = 14431, dt = 3.102019e-12, time = 2.962371e-09, elapsed = 793.1 sec
Step =    987: nodes = 14427, dt = 3.102019e-12, time = 2.965473e-09, elapsed = 793.8 sec
Step =    988: nodes = 14427, dt = 3.722423e-12, time = 2.969195e-09, elapsed = 794.5 sec
Step =    989: nodes = 14421, dt = 4.466907e-12, time = 2.973662e-09, elapsed = 795.3 sec
Step =    990: nodes = 14420, dt = 5.360289e-12, time = 2.979022e-09, elapsed = 796.1 sec
Step =    991: nodes = 14417, dt = 6.432347e-12, time = 2.985455e-09, elapsed = 796.9 sec
Step =    992: nodes = 14423, dt = 3.859408e-12, time = 2.989314e-09, elapsed = 797.9 sec
Step =    993: nodes = 14423, dt = 3.859408e-12, time = 2.993173e-09, elapsed = 798.6 sec
Step =    994: nodes = 14421, dt = 4.631290e-12, time = 2.997805e-09, elapsed = 799.4 sec
Step =    995: nodes = 14420, dt = 5.557547e-12, time = 3.003362e-09, elapsed = 800.2 sec
Step =    996: nodes = 14419, dt = 3.334528e-12, time = 3.006697e-09, elapsed = 801.1 sec
Step =    997: nodes = 14418, dt = 3.334528e-12, time = 3.010031e-09, elapsed = 801.9 sec
Step =    998: nodes = 14414, dt = 4.001434e-12, time = 3.014033e-09, elapsed = 802.6 sec
Step =    999: nodes = 14414, dt = 4.801721e-12, time = 3.018835e-09, elapsed = 803.4 sec
Step =   1000: nodes = 14406, dt = 5.762065e-12, time = 3.024597e-09, elapsed = 804.2 sec
Writing configuration in legacy data format
 Output file: /data/home/dg000246b/openDIS/inital_dislocation_structures/output_caseC_0.18%_seed12345/relax2/config.1000.data
Writing restart file
 Restart file: /data/home/dg000246b/openDIS/inital_dislocation_structures/output_caseC_0.18%_seed12345/relax2/restart.1000.exadis
Step =   1001: nodes = 14401, dt = 3.457239e-12, time = 3.028054e-09, elapsed = 805.4 sec
Step =   1002: nodes = 14394, dt = 3.457239e-12, time = 3.031511e-09, elapsed = 806.1 sec
Step =   1003: nodes = 14393, dt = 4.148687e-12, time = 3.035660e-09, elapsed = 806.8 sec
Step =   1004: nodes = 14388, dt = 2.489212e-12, time = 3.038149e-09, elapsed = 807.8 sec
Step =   1005: nodes = 14390, dt = 2.489212e-12, time = 3.040638e-09, elapsed = 808.5 sec
Step =   1006: nodes = 14385, dt = 2.987055e-12, time = 3.043625e-09, elapsed = 809.2 sec
Step =   1007: nodes = 14383, dt = 3.584465e-12, time = 3.047210e-09, elapsed = 809.9 sec
Step =   1008: nodes = 14377, dt = 4.301359e-12, time = 3.051511e-09, elapsed = 810.7 sec
Step =   1009: nodes = 14380, dt = 5.161630e-12, time = 3.056673e-09, elapsed = 811.4 sec
Step =   1010: nodes = 14380, dt = 3.096978e-12, time = 3.059770e-09, elapsed = 812.4 sec
Step =   1011: nodes = 14386, dt = 3.096978e-12, time = 3.062867e-09, elapsed = 813.2 sec
Step =   1012: nodes = 14391, dt = 3.716374e-12, time = 3.066583e-09, elapsed = 814.1 sec
Step =   1013: nodes = 14391, dt = 4.459649e-12, time = 3.071043e-09, elapsed = 814.8 sec
Step =   1014: nodes = 14393, dt = 5.351578e-12, time = 3.076394e-09, elapsed = 815.6 sec
Step =   1015: nodes = 14397, dt = 6.421894e-12, time = 3.082816e-09, elapsed = 816.5 sec
Step =   1016: nodes = 14398, dt = 3.853136e-12, time = 3.086669e-09, elapsed = 817.5 sec
Step =   1017: nodes = 14396, dt = 3.853136e-12, time = 3.090522e-09, elapsed = 818.2 sec
Step =   1018: nodes = 14398, dt = 4.623764e-12, time = 3.095146e-09, elapsed = 819.0 sec
Step =   1019: nodes = 14402, dt = 5.548516e-12, time = 3.100695e-09, elapsed = 819.7 sec
Step =   1020: nodes = 14399, dt = 3.329110e-12, time = 3.104024e-09, elapsed = 820.7 sec
Step =   1021: nodes = 14399, dt = 3.329110e-12, time = 3.107353e-09, elapsed = 821.4 sec
Step =   1022: nodes = 14397, dt = 1.997466e-12, time = 3.109350e-09, elapsed = 822.4 sec
Step =   1023: nodes = 14398, dt = 1.997466e-12, time = 3.111348e-09, elapsed = 823.0 sec
Step =   1024: nodes = 14393, dt = 2.396959e-12, time = 3.113745e-09, elapsed = 823.7 sec
Step =   1025: nodes = 14397, dt = 2.876351e-12, time = 3.116621e-09, elapsed = 824.4 sec
Step =   1026: nodes = 14395, dt = 1.725811e-12, time = 3.118347e-09, elapsed = 825.4 sec
Step =   1027: nodes = 14396, dt = 1.725811e-12, time = 3.120073e-09, elapsed = 826.0 sec
Step =   1028: nodes = 14393, dt = 2.070973e-12, time = 3.122144e-09, elapsed = 826.7 sec
Step =   1029: nodes = 14394, dt = 2.485167e-12, time = 3.124629e-09, elapsed = 827.4 sec
Step =   1030: nodes = 14392, dt = 2.982201e-12, time = 3.127611e-09, elapsed = 828.1 sec
Step =   1031: nodes = 14394, dt = 3.578641e-12, time = 3.131190e-09, elapsed = 828.9 sec
Step =   1032: nodes = 14389, dt = 2.147184e-12, time = 3.133337e-09, elapsed = 829.8 sec
Step =   1033: nodes = 14392, dt = 2.147184e-12, time = 3.135484e-09, elapsed = 830.5 sec
Step =   1034: nodes = 14392, dt = 2.576621e-12, time = 3.138061e-09, elapsed = 831.2 sec
Step =   1035: nodes = 14392, dt = 3.091946e-12, time = 3.141153e-09, elapsed = 831.9 sec
Step =   1036: nodes = 14390, dt = 3.710335e-12, time = 3.144863e-09, elapsed = 832.6 sec
Step =   1037: nodes = 14395, dt = 4.452402e-12, time = 3.149315e-09, elapsed = 833.4 sec
Step =   1038: nodes = 14394, dt = 5.342882e-12, time = 3.154658e-09, elapsed = 834.2 sec
Step =   1039: nodes = 14388, dt = 3.205729e-12, time = 3.157864e-09, elapsed = 835.2 sec
Step =   1040: nodes = 14386, dt = 3.205729e-12, time = 3.161070e-09, elapsed = 835.9 sec
Step =   1041: nodes = 14387, dt = 3.846875e-12, time = 3.164917e-09, elapsed = 836.6 sec
Step =   1042: nodes = 14391, dt = 4.616250e-12, time = 3.169533e-09, elapsed = 837.4 sec
Step =   1043: nodes = 14393, dt = 2.769750e-12, time = 3.172303e-09, elapsed = 838.4 sec
Step =   1044: nodes = 14396, dt = 2.769750e-12, time = 3.175072e-09, elapsed = 839.1 sec
Step =   1045: nodes = 14391, dt = 3.323700e-12, time = 3.178396e-09, elapsed = 839.8 sec
Step =   1046: nodes = 14387, dt = 3.988440e-12, time = 3.182385e-09, elapsed = 840.5 sec
Step =   1047: nodes = 14382, dt = 4.786128e-12, time = 3.187171e-09, elapsed = 841.4 sec
Step =   1048: nodes = 14382, dt = 2.871677e-12, time = 3.190042e-09, elapsed = 842.4 sec
Step =   1049: nodes = 14380, dt = 2.871677e-12, time = 3.192914e-09, elapsed = 843.4 sec
Step =   1050: nodes = 14380, dt = 3.446012e-12, time = 3.196360e-09, elapsed = 844.2 sec
Step =   1051: nodes = 14381, dt = 4.135215e-12, time = 3.200495e-09, elapsed = 845.0 sec
Step =   1052: nodes = 14380, dt = 2.481129e-12, time = 3.202976e-09, elapsed = 846.0 sec
Step =   1053: nodes = 14377, dt = 2.481129e-12, time = 3.205458e-09, elapsed = 846.6 sec
Step =   1054: nodes = 14372, dt = 2.977355e-12, time = 3.208435e-09, elapsed = 847.3 sec
Step =   1055: nodes = 14375, dt = 3.572825e-12, time = 3.212008e-09, elapsed = 848.1 sec
Step =   1056: nodes = 14371, dt = 4.287391e-12, time = 3.216295e-09, elapsed = 848.9 sec
Step =   1057: nodes = 14375, dt = 5.144869e-12, time = 3.221440e-09, elapsed = 849.7 sec
Step =   1058: nodes = 14366, dt = 3.086921e-12, time = 3.224527e-09, elapsed = 850.7 sec
Step =   1059: nodes = 14368, dt = 3.086921e-12, time = 3.227614e-09, elapsed = 851.4 sec
Step =   1060: nodes = 14368, dt = 3.704305e-12, time = 3.231318e-09, elapsed = 852.1 sec
Step =   1061: nodes = 14370, dt = 4.445166e-12, time = 3.235763e-09, elapsed = 852.9 sec
Step =   1062: nodes = 14378, dt = 5.334200e-12, time = 3.241097e-09, elapsed = 853.7 sec
Step =   1063: nodes = 14376, dt = 6.401040e-12, time = 3.247498e-09, elapsed = 854.5 sec
Step =   1064: nodes = 14374, dt = 3.840624e-12, time = 3.251339e-09, elapsed = 855.5 sec
Step =   1065: nodes = 14375, dt = 3.840624e-12, time = 3.255180e-09, elapsed = 856.2 sec
Step =   1066: nodes = 14376, dt = 4.608749e-12, time = 3.259788e-09, elapsed = 857.0 sec
Step =   1067: nodes = 14375, dt = 5.530498e-12, time = 3.265319e-09, elapsed = 857.8 sec
Step =   1068: nodes = 14376, dt = 3.318299e-12, time = 3.268637e-09, elapsed = 858.8 sec
Step =   1069: nodes = 14377, dt = 3.318299e-12, time = 3.271956e-09, elapsed = 859.5 sec
Step =   1070: nodes = 14373, dt = 3.981959e-12, time = 3.275938e-09, elapsed = 860.3 sec
Step =   1071: nodes = 14371, dt = 4.778351e-12, time = 3.280716e-09, elapsed = 861.1 sec
Step =   1072: nodes = 14366, dt = 5.734021e-12, time = 3.286450e-09, elapsed = 861.9 sec
Step =   1073: nodes = 14364, dt = 6.880825e-12, time = 3.293331e-09, elapsed = 862.8 sec
Step =   1074: nodes = 14364, dt = 4.128495e-12, time = 3.297459e-09, elapsed = 863.8 sec
Step =   1075: nodes = 14362, dt = 4.128495e-12, time = 3.301588e-09, elapsed = 864.5 sec
Step =   1076: nodes = 14364, dt = 4.954194e-12, time = 3.306542e-09, elapsed = 865.3 sec
Step =   1077: nodes = 14365, dt = 2.972516e-12, time = 3.309514e-09, elapsed = 866.3 sec
Step =   1078: nodes = 14357, dt = 2.972516e-12, time = 3.312487e-09, elapsed = 867.0 sec
Step =   1079: nodes = 14361, dt = 3.567020e-12, time = 3.316054e-09, elapsed = 867.8 sec
Step =   1080: nodes = 14357, dt = 4.280424e-12, time = 3.320334e-09, elapsed = 868.6 sec
Step =   1081: nodes = 14355, dt = 2.568254e-12, time = 3.322903e-09, elapsed = 869.6 sec
Step =   1082: nodes = 14358, dt = 2.568254e-12, time = 3.325471e-09, elapsed = 870.3 sec
Step =   1083: nodes = 14357, dt = 3.081905e-12, time = 3.328553e-09, elapsed = 871.0 sec
Step =   1084: nodes = 14357, dt = 3.698286e-12, time = 3.332251e-09, elapsed = 871.7 sec
Step =   1085: nodes = 14355, dt = 2.218972e-12, time = 3.334470e-09, elapsed = 872.6 sec
Step =   1086: nodes = 14353, dt = 2.218972e-12, time = 3.336689e-09, elapsed = 873.5 sec
Step =   1087: nodes = 14344, dt = 2.662766e-12, time = 3.339352e-09, elapsed = 874.2 sec
Step =   1088: nodes = 14346, dt = 3.195319e-12, time = 3.342547e-09, elapsed = 874.9 sec
Step =   1089: nodes = 14347, dt = 3.834383e-12, time = 3.346382e-09, elapsed = 875.6 sec
Step =   1090: nodes = 14347, dt = 4.601259e-12, time = 3.350983e-09, elapsed = 876.4 sec
Step =   1091: nodes = 14347, dt = 2.760756e-12, time = 3.353744e-09, elapsed = 877.4 sec
Step =   1092: nodes = 14339, dt = 2.760756e-12, time = 3.356504e-09, elapsed = 878.1 sec
Step =   1093: nodes = 14342, dt = 1.656453e-12, time = 3.358161e-09, elapsed = 879.0 sec
Step =   1094: nodes = 14341, dt = 1.656453e-12, time = 3.359817e-09, elapsed = 879.6 sec
Step =   1095: nodes = 14334, dt = 1.987744e-12, time = 3.361805e-09, elapsed = 880.3 sec
Step =   1096: nodes = 14334, dt = 2.385293e-12, time = 3.364190e-09, elapsed = 880.9 sec
Step =   1097: nodes = 14329, dt = 2.862351e-12, time = 3.367053e-09, elapsed = 881.6 sec
Step =   1098: nodes = 14332, dt = 3.434822e-12, time = 3.370487e-09, elapsed = 882.3 sec
Step =   1099: nodes = 14327, dt = 2.060893e-12, time = 3.372548e-09, elapsed = 883.3 sec
Step =   1100: nodes = 14327, dt = 2.060893e-12, time = 3.374609e-09, elapsed = 883.9 sec
Writing configuration in legacy data format
 Output file: /data/home/dg000246b/openDIS/inital_dislocation_structures/output_caseC_0.18%_seed12345/relax2/config.1100.data
Writing restart file
 Restart file: /data/home/dg000246b/openDIS/inital_dislocation_structures/output_caseC_0.18%_seed12345/relax2/restart.1100.exadis
Step =   1101: nodes = 14329, dt = 2.473072e-12, time = 3.377082e-09, elapsed = 884.8 sec
Step =   1102: nodes = 14329, dt = 2.967686e-12, time = 3.380050e-09, elapsed = 885.5 sec
Step =   1103: nodes = 14326, dt = 1.780612e-12, time = 3.381831e-09, elapsed = 886.4 sec
Step =   1104: nodes = 14330, dt = 1.780612e-12, time = 3.383611e-09, elapsed = 887.0 sec
Step =   1105: nodes = 14327, dt = 2.136734e-12, time = 3.385748e-09, elapsed = 887.7 sec
Step =   1106: nodes = 14325, dt = 2.564081e-12, time = 3.388312e-09, elapsed = 888.3 sec
Step =   1107: nodes = 14329, dt = 3.076897e-12, time = 3.391389e-09, elapsed = 889.1 sec
Step =   1108: nodes = 14329, dt = 1.846138e-12, time = 3.393235e-09, elapsed = 890.0 sec
Step =   1109: nodes = 14325, dt = 1.846138e-12, time = 3.395081e-09, elapsed = 890.6 sec
Step =   1110: nodes = 14325, dt = 2.215366e-12, time = 3.397297e-09, elapsed = 891.3 sec
Step =   1111: nodes = 14323, dt = 2.658439e-12, time = 3.399955e-09, elapsed = 892.0 sec
Step =   1112: nodes = 14324, dt = 3.190127e-12, time = 3.403145e-09, elapsed = 892.7 sec
Step =   1113: nodes = 14318, dt = 1.914076e-12, time = 3.405059e-09, elapsed = 893.6 sec
Step =   1114: nodes = 14319, dt = 1.914076e-12, time = 3.406973e-09, elapsed = 894.3 sec
Step =   1115: nodes = 14310, dt = 2.296891e-12, time = 3.409270e-09, elapsed = 895.0 sec
Step =   1116: nodes = 14319, dt = 2.756269e-12, time = 3.412026e-09, elapsed = 895.6 sec
Step =   1117: nodes = 14317, dt = 1.653762e-12, time = 3.413680e-09, elapsed = 896.6 sec
Step =   1118: nodes = 14315, dt = 1.653762e-12, time = 3.415334e-09, elapsed = 897.2 sec
Step =   1119: nodes = 14315, dt = 1.984514e-12, time = 3.417318e-09, elapsed = 897.9 sec
Step =   1120: nodes = 14317, dt = 2.381417e-12, time = 3.419700e-09, elapsed = 898.5 sec
Step =   1121: nodes = 14315, dt = 2.857700e-12, time = 3.422558e-09, elapsed = 899.2 sec
Step =   1122: nodes = 14317, dt = 1.714620e-12, time = 3.424272e-09, elapsed = 900.1 sec
Step =   1123: nodes = 14317, dt = 1.714620e-12, time = 3.425987e-09, elapsed = 900.8 sec
Step =   1124: nodes = 14316, dt = 2.057544e-12, time = 3.428044e-09, elapsed = 901.4 sec
Step =   1125: nodes = 14317, dt = 2.469053e-12, time = 3.430513e-09, elapsed = 902.1 sec
Step =   1126: nodes = 14315, dt = 2.962863e-12, time = 3.433476e-09, elapsed = 902.8 sec
Step =   1127: nodes = 14316, dt = 3.555436e-12, time = 3.437032e-09, elapsed = 903.8 sec
Step =   1128: nodes = 14319, dt = 4.266523e-12, time = 3.441298e-09, elapsed = 904.5 sec
Step =   1129: nodes = 14312, dt = 5.119828e-12, time = 3.446418e-09, elapsed = 905.3 sec
Step =   1130: nodes = 14315, dt = 6.143794e-12, time = 3.452562e-09, elapsed = 906.2 sec
Step =   1131: nodes = 14317, dt = 3.686276e-12, time = 3.456248e-09, elapsed = 907.2 sec
Step =   1132: nodes = 14311, dt = 3.686276e-12, time = 3.459934e-09, elapsed = 908.0 sec
Step =   1133: nodes = 14312, dt = 4.423531e-12, time = 3.464358e-09, elapsed = 908.7 sec
Step =   1134: nodes = 14316, dt = 2.654119e-12, time = 3.467012e-09, elapsed = 909.7 sec
Step =   1135: nodes = 14317, dt = 2.654119e-12, time = 3.469666e-09, elapsed = 910.4 sec
Step =   1136: nodes = 14310, dt = 3.184943e-12, time = 3.472851e-09, elapsed = 911.1 sec
Step =   1137: nodes = 14308, dt = 3.821931e-12, time = 3.476673e-09, elapsed = 911.8 sec
Step =   1138: nodes = 14310, dt = 4.586317e-12, time = 3.481259e-09, elapsed = 912.6 sec
Step =   1139: nodes = 14306, dt = 5.503581e-12, time = 3.486763e-09, elapsed = 913.4 sec
Step =   1140: nodes = 14305, dt = 6.604297e-12, time = 3.493367e-09, elapsed = 914.3 sec
Step =   1141: nodes = 14306, dt = 7.925157e-12, time = 3.501292e-09, elapsed = 915.2 sec
Step =   1142: nodes = 14297, dt = 9.510188e-12, time = 3.510803e-09, elapsed = 916.2 sec
Step =   1143: nodes = 14307, dt = 5.706113e-12, time = 3.516509e-09, elapsed = 917.3 sec
Step =   1144: nodes = 14309, dt = 5.706113e-12, time = 3.522215e-09, elapsed = 918.1 sec
Step =   1145: nodes = 14304, dt = 6.847335e-12, time = 3.529062e-09, elapsed = 919.0 sec
Step =   1146: nodes = 14311, dt = 8.216802e-12, time = 3.537279e-09, elapsed = 919.9 sec
Step =   1147: nodes = 14305, dt = 9.860163e-12, time = 3.547139e-09, elapsed = 920.9 sec
Step =   1148: nodes = 14310, dt = 5.916098e-12, time = 3.553055e-09, elapsed = 921.9 sec
Step =   1149: nodes = 14314, dt = 5.916098e-12, time = 3.558971e-09, elapsed = 922.8 sec
Step =   1150: nodes = 14307, dt = 1.774829e-12, time = 3.560746e-09, elapsed = 924.0 sec
Step =   1151: nodes = 14311, dt = 1.774829e-12, time = 3.562521e-09, elapsed = 924.6 sec
Step =   1152: nodes = 14313, dt = 2.129795e-12, time = 3.564651e-09, elapsed = 925.3 sec
Step =   1153: nodes = 14316, dt = 2.555754e-12, time = 3.567207e-09, elapsed = 925.9 sec
Step =   1154: nodes = 14314, dt = 3.066905e-12, time = 3.570273e-09, elapsed = 926.6 sec
Step =   1155: nodes = 14314, dt = 3.680286e-12, time = 3.573954e-09, elapsed = 927.3 sec
Step =   1156: nodes = 14316, dt = 4.416343e-12, time = 3.578370e-09, elapsed = 928.1 sec
Step =   1157: nodes = 14310, dt = 5.299612e-12, time = 3.583670e-09, elapsed = 928.8 sec
Step =   1158: nodes = 14314, dt = 3.179767e-12, time = 3.586849e-09, elapsed = 929.8 sec
Step =   1159: nodes = 14313, dt = 3.179767e-12, time = 3.590029e-09, elapsed = 930.5 sec
Step =   1160: nodes = 14315, dt = 3.815721e-12, time = 3.593845e-09, elapsed = 931.2 sec
Step =   1161: nodes = 14314, dt = 2.289432e-12, time = 3.596134e-09, elapsed = 932.2 sec
Step =   1162: nodes = 14308, dt = 2.289432e-12, time = 3.598424e-09, elapsed = 932.8 sec
Step =   1163: nodes = 14304, dt = 1.373659e-12, time = 3.599797e-09, elapsed = 933.9 sec
Step =   1164: nodes = 14304, dt = 1.373659e-12, time = 3.601171e-09, elapsed = 934.6 sec
Step =   1165: nodes = 14302, dt = 1.648391e-12, time = 3.602819e-09, elapsed = 935.2 sec
Step =   1166: nodes = 14303, dt = 1.978070e-12, time = 3.604798e-09, elapsed = 935.8 sec
Step =   1167: nodes = 14301, dt = 2.373683e-12, time = 3.607171e-09, elapsed = 936.5 sec
Step =   1168: nodes = 14300, dt = 1.424210e-12, time = 3.608595e-09, elapsed = 937.4 sec
Step =   1169: nodes = 14297, dt = 1.424210e-12, time = 3.610020e-09, elapsed = 938.0 sec
Step =   1170: nodes = 14295, dt = 1.709052e-12, time = 3.611729e-09, elapsed = 938.6 sec
Step =   1171: nodes = 14295, dt = 2.050862e-12, time = 3.613780e-09, elapsed = 939.3 sec
Step =   1172: nodes = 14291, dt = 2.461035e-12, time = 3.616241e-09, elapsed = 939.9 sec
Step =   1173: nodes = 14294, dt = 1.476621e-12, time = 3.617717e-09, elapsed = 940.9 sec
Step =   1174: nodes = 14292, dt = 1.476621e-12, time = 3.619194e-09, elapsed = 941.5 sec
Step =   1175: nodes = 14291, dt = 1.771945e-12, time = 3.620966e-09, elapsed = 942.1 sec
Step =   1176: nodes = 14289, dt = 2.126334e-12, time = 3.623092e-09, elapsed = 942.8 sec
Step =   1177: nodes = 14283, dt = 2.551601e-12, time = 3.625644e-09, elapsed = 943.5 sec
Step =   1178: nodes = 14284, dt = 3.061921e-12, time = 3.628706e-09, elapsed = 944.2 sec
Step =   1179: nodes = 14280, dt = 3.674306e-12, time = 3.632380e-09, elapsed = 944.9 sec
Step =   1180: nodes = 14281, dt = 1.102292e-12, time = 3.633482e-09, elapsed = 946.0 sec
Step =   1181: nodes = 14278, dt = 1.102292e-12, time = 3.634585e-09, elapsed = 946.7 sec
Step =   1182: nodes = 14279, dt = 1.322750e-12, time = 3.635907e-09, elapsed = 947.3 sec
Step =   1183: nodes = 14275, dt = 1.587300e-12, time = 3.637495e-09, elapsed = 947.9 sec
Step =   1184: nodes = 14273, dt = 1.904760e-12, time = 3.639399e-09, elapsed = 948.6 sec
Step =   1185: nodes = 14270, dt = 2.285712e-12, time = 3.641685e-09, elapsed = 949.2 sec
Step =   1186: nodes = 14269, dt = 2.742854e-12, time = 3.644428e-09, elapsed = 949.9 sec
Step =   1187: nodes = 14272, dt = 3.291425e-12, time = 3.647719e-09, elapsed = 950.6 sec
Step =   1188: nodes = 14276, dt = 3.949710e-12, time = 3.651669e-09, elapsed = 951.4 sec
Step =   1189: nodes = 14273, dt = 4.739652e-12, time = 3.656409e-09, elapsed = 952.1 sec
Step =   1190: nodes = 14274, dt = 2.843791e-12, time = 3.659252e-09, elapsed = 953.0 sec
Step =   1191: nodes = 14276, dt = 2.843791e-12, time = 3.662096e-09, elapsed = 953.7 sec
Step =   1192: nodes = 14277, dt = 3.412550e-12, time = 3.665509e-09, elapsed = 954.4 sec
Step =   1193: nodes = 14273, dt = 2.047530e-12, time = 3.667556e-09, elapsed = 955.3 sec
Step =   1194: nodes = 14276, dt = 2.047530e-12, time = 3.669604e-09, elapsed = 956.0 sec
Step =   1195: nodes = 14272, dt = 2.457036e-12, time = 3.672061e-09, elapsed = 956.6 sec
Step =   1196: nodes = 14269, dt = 2.948443e-12, time = 3.675009e-09, elapsed = 957.3 sec
Step =   1197: nodes = 14270, dt = 3.538132e-12, time = 3.678547e-09, elapsed = 958.0 sec
Step =   1198: nodes = 14269, dt = 4.245758e-12, time = 3.682793e-09, elapsed = 958.8 sec
Step =   1199: nodes = 14269, dt = 2.547455e-12, time = 3.685341e-09, elapsed = 959.8 sec
Step =   1200: nodes = 14270, dt = 2.547455e-12, time = 3.687888e-09, elapsed = 960.5 sec
Writing configuration in legacy data format
 Output file: /data/home/dg000246b/openDIS/inital_dislocation_structures/output_caseC_0.18%_seed12345/relax2/config.1200.data
Writing restart file
 Restart file: /data/home/dg000246b/openDIS/inital_dislocation_structures/output_caseC_0.18%_seed12345/relax2/restart.1200.exadis
Step =   1201: nodes = 14271, dt = 3.056946e-12, time = 3.690945e-09, elapsed = 961.5 sec
Step =   1202: nodes = 14273, dt = 3.668335e-12, time = 3.694613e-09, elapsed = 962.2 sec
Step =   1203: nodes = 14278, dt = 4.402002e-12, time = 3.699015e-09, elapsed = 962.9 sec
Step =   1204: nodes = 14279, dt = 2.641201e-12, time = 3.701657e-09, elapsed = 964.1 sec
Step =   1205: nodes = 14278, dt = 2.641201e-12, time = 3.704298e-09, elapsed = 964.8 sec
Step =   1206: nodes = 14275, dt = 1.584721e-12, time = 3.705883e-09, elapsed = 965.7 sec
Step =   1207: nodes = 14279, dt = 1.584721e-12, time = 3.707467e-09, elapsed = 966.4 sec
Step =   1208: nodes = 14276, dt = 1.901665e-12, time = 3.709369e-09, elapsed = 967.0 sec
Step =   1209: nodes = 14279, dt = 2.281998e-12, time = 3.711651e-09, elapsed = 967.7 sec
Step =   1210: nodes = 14275, dt = 2.738397e-12, time = 3.714389e-09, elapsed = 968.4 sec
Step =   1211: nodes = 14265, dt = 3.286077e-12, time = 3.717675e-09, elapsed = 969.1 sec
Step =   1212: nodes = 14272, dt = 1.971646e-12, time = 3.719647e-09, elapsed = 970.0 sec
Step =   1213: nodes = 14271, dt = 1.971646e-12, time = 3.721619e-09, elapsed = 970.7 sec
Step =   1214: nodes = 14270, dt = 2.365975e-12, time = 3.723985e-09, elapsed = 971.4 sec
Step =   1215: nodes = 14267, dt = 2.839170e-12, time = 3.726824e-09, elapsed = 972.1 sec
Step =   1216: nodes = 14266, dt = 3.407004e-12, time = 3.730231e-09, elapsed = 972.8 sec
Step =   1217: nodes = 14263, dt = 2.044203e-12, time = 3.732275e-09, elapsed = 973.7 sec
Step =   1218: nodes = 14264, dt = 2.044203e-12, time = 3.734319e-09, elapsed = 974.4 sec
Step =   1219: nodes = 14262, dt = 2.453043e-12, time = 3.736772e-09, elapsed = 975.1 sec
Step =   1220: nodes = 14262, dt = 2.943652e-12, time = 3.739716e-09, elapsed = 975.7 sec
Step =   1221: nodes = 14261, dt = 3.532382e-12, time = 3.743248e-09, elapsed = 976.4 sec
Step =   1222: nodes = 14264, dt = 2.119429e-12, time = 3.745368e-09, elapsed = 977.4 sec
Step =   1223: nodes = 14266, dt = 2.119429e-12, time = 3.747487e-09, elapsed = 978.0 sec
Step =   1224: nodes = 14263, dt = 2.543315e-12, time = 3.750031e-09, elapsed = 978.7 sec
Step =   1225: nodes = 14265, dt = 3.051978e-12, time = 3.753083e-09, elapsed = 979.4 sec
Step =   1226: nodes = 14266, dt = 3.662374e-12, time = 3.756745e-09, elapsed = 980.1 sec
Step =   1227: nodes = 14265, dt = 4.394848e-12, time = 3.761140e-09, elapsed = 980.9 sec
Step =   1228: nodes = 14265, dt = 2.636909e-12, time = 3.763777e-09, elapsed = 981.8 sec
Step =   1229: nodes = 14254, dt = 2.636909e-12, time = 3.766414e-09, elapsed = 982.5 sec
Step =   1230: nodes = 14257, dt = 3.164291e-12, time = 3.769578e-09, elapsed = 983.2 sec
Step =   1231: nodes = 14260, dt = 3.797149e-12, time = 3.773375e-09, elapsed = 983.9 sec
Step =   1232: nodes = 14256, dt = 4.556579e-12, time = 3.777932e-09, elapsed = 984.7 sec
Step =   1233: nodes = 14260, dt = 2.733947e-12, time = 3.780666e-09, elapsed = 985.7 sec
Step =   1234: nodes = 14261, dt = 2.733947e-12, time = 3.783399e-09, elapsed = 986.3 sec
Step =   1235: nodes = 14264, dt = 3.280737e-12, time = 3.786680e-09, elapsed = 987.0 sec
Step =   1236: nodes = 14264, dt = 3.936884e-12, time = 3.790617e-09, elapsed = 987.8 sec
Step =   1237: nodes = 14261, dt = 4.724261e-12, time = 3.795341e-09, elapsed = 988.6 sec
Step =   1238: nodes = 14262, dt = 2.834557e-12, time = 3.798176e-09, elapsed = 989.5 sec
Step =   1239: nodes = 14261, dt = 2.834557e-12, time = 3.801010e-09, elapsed = 990.2 sec
Step =   1240: nodes = 14260, dt = 3.401468e-12, time = 3.804412e-09, elapsed = 990.9 sec
Step =   1241: nodes = 14262, dt = 4.081762e-12, time = 3.808494e-09, elapsed = 991.7 sec
Step =   1242: nodes = 14261, dt = 4.898114e-12, time = 3.813392e-09, elapsed = 992.4 sec
Step =   1243: nodes = 14261, dt = 1.469434e-12, time = 3.814861e-09, elapsed = 993.9 sec
Step =   1244: nodes = 14259, dt = 1.469434e-12, time = 3.816331e-09, elapsed = 994.5 sec
Step =   1245: nodes = 14256, dt = 1.763321e-12, time = 3.818094e-09, elapsed = 995.2 sec
Step =   1246: nodes = 14256, dt = 2.115985e-12, time = 3.820210e-09, elapsed = 995.8 sec
Step =   1247: nodes = 14251, dt = 2.539182e-12, time = 3.822749e-09, elapsed = 996.6 sec
Step =   1248: nodes = 14255, dt = 3.047019e-12, time = 3.825796e-09, elapsed = 997.3 sec
Step =   1249: nodes = 14254, dt = 3.656422e-12, time = 3.829453e-09, elapsed = 998.0 sec
Step =   1250: nodes = 14253, dt = 4.387707e-12, time = 3.833840e-09, elapsed = 998.8 sec
Step =   1251: nodes = 14251, dt = 2.632624e-12, time = 3.836473e-09, elapsed = 999.7 sec
Step =   1252: nodes = 14255, dt = 1.316312e-12, time = 3.837789e-09, elapsed = 1000.6 sec
Step =   1253: nodes = 14257, dt = 1.316312e-12, time = 3.839106e-09, elapsed = 1001.2 sec
Step =   1254: nodes = 14254, dt = 1.579574e-12, time = 3.840685e-09, elapsed = 1001.9 sec
Step =   1255: nodes = 14252, dt = 1.895489e-12, time = 3.842581e-09, elapsed = 1002.5 sec
Step =   1256: nodes = 14251, dt = 2.274587e-12, time = 3.844855e-09, elapsed = 1003.1 sec
Step =   1257: nodes = 14250, dt = 1.364752e-12, time = 3.846220e-09, elapsed = 1004.0 sec
Step =   1258: nodes = 14247, dt = 1.364752e-12, time = 3.847585e-09, elapsed = 1004.7 sec
Step =   1259: nodes = 14242, dt = 1.637703e-12, time = 3.849222e-09, elapsed = 1005.3 sec
Step =   1260: nodes = 14235, dt = 1.965243e-12, time = 3.851188e-09, elapsed = 1005.9 sec
Step =   1261: nodes = 14236, dt = 2.358292e-12, time = 3.853546e-09, elapsed = 1006.6 sec
Step =   1262: nodes = 14238, dt = 2.829950e-12, time = 3.856376e-09, elapsed = 1007.3 sec
Step =   1263: nodes = 14238, dt = 3.395941e-12, time = 3.859772e-09, elapsed = 1008.1 sec
Step =   1264: nodes = 14240, dt = 4.075129e-12, time = 3.863847e-09, elapsed = 1008.9 sec
Step =   1265: nodes = 14236, dt = 4.890154e-12, time = 3.868737e-09, elapsed = 1009.7 sec
Step =   1266: nodes = 14236, dt = 5.868185e-12, time = 3.874605e-09, elapsed = 1010.5 sec
Step =   1267: nodes = 14244, dt = 3.520911e-12, time = 3.878126e-09, elapsed = 1011.5 sec
Step =   1268: nodes = 14246, dt = 3.520911e-12, time = 3.881647e-09, elapsed = 1012.3 sec
Step =   1269: nodes = 14244, dt = 4.225093e-12, time = 3.885872e-09, elapsed = 1013.0 sec
Step =   1270: nodes = 14248, dt = 5.070112e-12, time = 3.890942e-09, elapsed = 1013.8 sec
Step =   1271: nodes = 14250, dt = 6.084134e-12, time = 3.897026e-09, elapsed = 1014.6 sec
Step =   1272: nodes = 14249, dt = 7.300961e-12, time = 3.904327e-09, elapsed = 1015.5 sec
Step =   1273: nodes = 14250, dt = 4.380577e-12, time = 3.908708e-09, elapsed = 1016.6 sec
Step =   1274: nodes = 14251, dt = 4.380577e-12, time = 3.913089e-09, elapsed = 1017.3 sec
Step =   1275: nodes = 14250, dt = 5.256692e-12, time = 3.918345e-09, elapsed = 1018.1 sec
Step =   1276: nodes = 14246, dt = 6.308031e-12, time = 3.924653e-09, elapsed = 1018.9 sec
Step =   1277: nodes = 14246, dt = 7.569637e-12, time = 3.932223e-09, elapsed = 1019.9 sec
Step =   1278: nodes = 14243, dt = 2.270891e-12, time = 3.934494e-09, elapsed = 1021.1 sec
Step =   1279: nodes = 14243, dt = 2.270891e-12, time = 3.936765e-09, elapsed = 1021.8 sec
Step =   1280: nodes = 14238, dt = 1.362535e-12, time = 3.938127e-09, elapsed = 1022.7 sec
Step =   1281: nodes = 14240, dt = 1.362535e-12, time = 3.939490e-09, elapsed = 1023.6 sec
Step =   1282: nodes = 14239, dt = 1.635042e-12, time = 3.941125e-09, elapsed = 1024.2 sec
Step =   1283: nodes = 14240, dt = 1.962050e-12, time = 3.943087e-09, elapsed = 1024.9 sec
Step =   1284: nodes = 14236, dt = 2.354460e-12, time = 3.945441e-09, elapsed = 1025.5 sec
Step =   1285: nodes = 14234, dt = 2.825352e-12, time = 3.948267e-09, elapsed = 1026.2 sec
Step =   1286: nodes = 14231, dt = 3.390422e-12, time = 3.951657e-09, elapsed = 1026.9 sec
Step =   1287: nodes = 14231, dt = 4.068507e-12, time = 3.955726e-09, elapsed = 1027.7 sec
Step =   1288: nodes = 14229, dt = 4.882208e-12, time = 3.960608e-09, elapsed = 1028.5 sec
Step =   1289: nodes = 14226, dt = 5.858649e-12, time = 3.966466e-09, elapsed = 1029.3 sec
Step =   1290: nodes = 14231, dt = 3.515190e-12, time = 3.969982e-09, elapsed = 1030.3 sec
Step =   1291: nodes = 14234, dt = 3.515190e-12, time = 3.973497e-09, elapsed = 1031.0 sec
Step =   1292: nodes = 14236, dt = 4.218228e-12, time = 3.977715e-09, elapsed = 1031.8 sec
Step =   1293: nodes = 14232, dt = 5.061873e-12, time = 3.982777e-09, elapsed = 1032.6 sec
Step =   1294: nodes = 14238, dt = 6.074248e-12, time = 3.988851e-09, elapsed = 1033.4 sec
Step =   1295: nodes = 14239, dt = 7.289097e-12, time = 3.996140e-09, elapsed = 1034.2 sec
Step =   1296: nodes = 14239, dt = 4.373458e-12, time = 4.000514e-09, elapsed = 1035.2 sec
Step =   1297: nodes = 14241, dt = 4.373458e-12, time = 4.004887e-09, elapsed = 1036.0 sec
Step =   1298: nodes = 14236, dt = 5.248150e-12, time = 4.010135e-09, elapsed = 1036.7 sec
Step =   1299: nodes = 14239, dt = 6.297780e-12, time = 4.016433e-09, elapsed = 1037.6 sec
Step =   1300: nodes = 14237, dt = 3.778668e-12, time = 4.020212e-09, elapsed = 1038.5 sec
Writing configuration in legacy data format
 Output file: /data/home/dg000246b/openDIS/inital_dislocation_structures/output_caseC_0.18%_seed12345/relax2/config.1300.data
Writing restart file
 Restart file: /data/home/dg000246b/openDIS/inital_dislocation_structures/output_caseC_0.18%_seed12345/relax2/restart.1300.exadis
Step =   1301: nodes = 14232, dt = 3.778668e-12, time = 4.023990e-09, elapsed = 1039.4 sec
Step =   1302: nodes = 14231, dt = 4.534402e-12, time = 4.028525e-09, elapsed = 1040.1 sec
Step =   1303: nodes = 14229, dt = 5.441282e-12, time = 4.033966e-09, elapsed = 1040.9 sec
Step =   1304: nodes = 14232, dt = 6.529538e-12, time = 4.040496e-09, elapsed = 1041.7 sec
Step =   1305: nodes = 14228, dt = 3.917723e-12, time = 4.044413e-09, elapsed = 1042.7 sec
Step =   1306: nodes = 14226, dt = 3.917723e-12, time = 4.048331e-09, elapsed = 1043.4 sec
Step =   1307: nodes = 14219, dt = 4.701268e-12, time = 4.053032e-09, elapsed = 1044.2 sec
Step =   1308: nodes = 14217, dt = 5.641521e-12, time = 4.058674e-09, elapsed = 1045.0 sec
Step =   1309: nodes = 14215, dt = 6.769825e-12, time = 4.065444e-09, elapsed = 1045.8 sec
Step =   1310: nodes = 14213, dt = 4.061895e-12, time = 4.069506e-09, elapsed = 1046.8 sec
Step =   1311: nodes = 14212, dt = 4.061895e-12, time = 4.073568e-09, elapsed = 1047.5 sec
Step =   1312: nodes = 14215, dt = 4.874274e-12, time = 4.078442e-09, elapsed = 1048.3 sec
Step =   1313: nodes = 14217, dt = 5.849129e-12, time = 4.084291e-09, elapsed = 1049.1 sec
Step =   1314: nodes = 14217, dt = 7.018955e-12, time = 4.091310e-09, elapsed = 1049.9 sec
Step =   1315: nodes = 14214, dt = 4.211373e-12, time = 4.095521e-09, elapsed = 1050.9 sec
Step =   1316: nodes = 14212, dt = 2.105686e-12, time = 4.097627e-09, elapsed = 1051.8 sec
Step =   1317: nodes = 14210, dt = 2.105686e-12, time = 4.099733e-09, elapsed = 1052.5 sec
Step =   1318: nodes = 14214, dt = 2.526824e-12, time = 4.102259e-09, elapsed = 1053.1 sec
Step =   1319: nodes = 14208, dt = 3.032189e-12, time = 4.105292e-09, elapsed = 1054.0 sec
Step =   1320: nodes = 14205, dt = 3.638626e-12, time = 4.108930e-09, elapsed = 1054.7 sec
Step =   1321: nodes = 14208, dt = 4.366352e-12, time = 4.113297e-09, elapsed = 1055.5 sec
Step =   1322: nodes = 14211, dt = 5.239622e-12, time = 4.118536e-09, elapsed = 1056.3 sec
Step =   1323: nodes = 14205, dt = 6.287546e-12, time = 4.124824e-09, elapsed = 1057.1 sec
Step =   1324: nodes = 14203, dt = 7.545055e-12, time = 4.132369e-09, elapsed = 1058.0 sec
Step =   1325: nodes = 14200, dt = 4.527033e-12, time = 4.136896e-09, elapsed = 1059.0 sec
Step =   1326: nodes = 14204, dt = 4.527033e-12, time = 4.141423e-09, elapsed = 1059.8 sec
Step =   1327: nodes = 14209, dt = 2.716220e-12, time = 4.144139e-09, elapsed = 1060.7 sec
Step =   1328: nodes = 14205, dt = 2.716220e-12, time = 4.146855e-09, elapsed = 1061.4 sec
Step =   1329: nodes = 14207, dt = 3.259464e-12, time = 4.150115e-09, elapsed = 1062.1 sec
Step =   1330: nodes = 14201, dt = 3.911357e-12, time = 4.154026e-09, elapsed = 1062.9 sec
Step =   1331: nodes = 14205, dt = 4.693628e-12, time = 4.158720e-09, elapsed = 1063.7 sec
Step =   1332: nodes = 14198, dt = 5.632354e-12, time = 4.164352e-09, elapsed = 1064.5 sec
Step =   1333: nodes = 14196, dt = 6.758824e-12, time = 4.171111e-09, elapsed = 1065.3 sec
Step =   1334: nodes = 14201, dt = 4.055295e-12, time = 4.175166e-09, elapsed = 1066.3 sec
Step =   1335: nodes = 14201, dt = 4.055295e-12, time = 4.179222e-09, elapsed = 1067.1 sec
Step =   1336: nodes = 14196, dt = 4.866354e-12, time = 4.184088e-09, elapsed = 1067.8 sec
Step =   1337: nodes = 14198, dt = 2.919812e-12, time = 4.187008e-09, elapsed = 1068.8 sec
Step =   1338: nodes = 14199, dt = 2.919812e-12, time = 4.189928e-09, elapsed = 1069.5 sec
Step =   1339: nodes = 14197, dt = 3.503775e-12, time = 4.193431e-09, elapsed = 1070.2 sec
Step =   1340: nodes = 14195, dt = 4.204529e-12, time = 4.197636e-09, elapsed = 1070.9 sec
Step =   1341: nodes = 14191, dt = 2.522718e-12, time = 4.200159e-09, elapsed = 1071.8 sec
Step =   1342: nodes = 14194, dt = 2.522718e-12, time = 4.202681e-09, elapsed = 1072.5 sec
Step =   1343: nodes = 14190, dt = 3.027261e-12, time = 4.205709e-09, elapsed = 1073.1 sec
Step =   1344: nodes = 14188, dt = 3.632713e-12, time = 4.209341e-09, elapsed = 1073.9 sec
Step =   1345: nodes = 14189, dt = 4.359256e-12, time = 4.213701e-09, elapsed = 1074.6 sec
Step =   1346: nodes = 14190, dt = 2.615554e-12, time = 4.216316e-09, elapsed = 1075.6 sec
Step =   1347: nodes = 14186, dt = 2.615554e-12, time = 4.218932e-09, elapsed = 1076.2 sec
Step =   1348: nodes = 14184, dt = 3.138664e-12, time = 4.222070e-09, elapsed = 1077.0 sec
Step =   1349: nodes = 14188, dt = 3.766397e-12, time = 4.225837e-09, elapsed = 1077.7 sec
Step =   1350: nodes = 14185, dt = 4.519677e-12, time = 4.230356e-09, elapsed = 1078.5 sec
Step =   1351: nodes = 14190, dt = 5.423612e-12, time = 4.235780e-09, elapsed = 1079.3 sec
Step =   1352: nodes = 14186, dt = 6.508335e-12, time = 4.242288e-09, elapsed = 1080.2 sec
Step =   1353: nodes = 14186, dt = 3.905001e-12, time = 4.246193e-09, elapsed = 1081.2 sec
Step =   1354: nodes = 14189, dt = 3.905001e-12, time = 4.250098e-09, elapsed = 1081.9 sec
Step =   1355: nodes = 14190, dt = 4.686001e-12, time = 4.254784e-09, elapsed = 1082.6 sec
Step =   1356: nodes = 14185, dt = 5.623201e-12, time = 4.260408e-09, elapsed = 1083.8 sec
Step =   1357: nodes = 14186, dt = 3.373921e-12, time = 4.263781e-09, elapsed = 1084.8 sec
Step =   1358: nodes = 14180, dt = 3.373921e-12, time = 4.267155e-09, elapsed = 1085.5 sec
Step =   1359: nodes = 14179, dt = 4.048705e-12, time = 4.271204e-09, elapsed = 1086.2 sec
Step =   1360: nodes = 14179, dt = 2.429223e-12, time = 4.273633e-09, elapsed = 1087.1 sec
Step =   1361: nodes = 14184, dt = 2.429223e-12, time = 4.276063e-09, elapsed = 1087.8 sec
Step =   1362: nodes = 14176, dt = 2.915067e-12, time = 4.278978e-09, elapsed = 1088.5 sec
Step =   1363: nodes = 14182, dt = 3.498081e-12, time = 4.282476e-09, elapsed = 1089.1 sec
Step =   1364: nodes = 14181, dt = 4.197697e-12, time = 4.286673e-09, elapsed = 1089.9 sec
Step =   1365: nodes = 14185, dt = 5.037237e-12, time = 4.291711e-09, elapsed = 1090.6 sec
Step =   1366: nodes = 14187, dt = 6.044684e-12, time = 4.297755e-09, elapsed = 1091.4 sec
Step =   1367: nodes = 14188, dt = 3.626810e-12, time = 4.301382e-09, elapsed = 1092.4 sec
Step =   1368: nodes = 14183, dt = 3.626810e-12, time = 4.305009e-09, elapsed = 1093.1 sec
Step =   1369: nodes = 14193, dt = 4.352172e-12, time = 4.309361e-09, elapsed = 1093.8 sec
Step =   1370: nodes = 14195, dt = 5.222607e-12, time = 4.314584e-09, elapsed = 1094.6 sec
Step =   1371: nodes = 14196, dt = 6.267128e-12, time = 4.320851e-09, elapsed = 1095.4 sec
Step =   1372: nodes = 14193, dt = 3.760277e-12, time = 4.324611e-09, elapsed = 1096.5 sec
Step =   1373: nodes = 14193, dt = 3.760277e-12, time = 4.328371e-09, elapsed = 1097.2 sec
Step =   1374: nodes = 14196, dt = 4.512332e-12, time = 4.332884e-09, elapsed = 1098.0 sec
Step =   1375: nodes = 14195, dt = 5.414799e-12, time = 4.338299e-09, elapsed = 1098.8 sec
Step =   1376: nodes = 14199, dt = 6.497759e-12, time = 4.344796e-09, elapsed = 1099.6 sec
Step =   1377: nodes = 14202, dt = 3.898655e-12, time = 4.348695e-09, elapsed = 1100.5 sec
Step =   1378: nodes = 14200, dt = 3.898655e-12, time = 4.352594e-09, elapsed = 1101.2 sec
Step =   1379: nodes = 14195, dt = 4.678386e-12, time = 4.357272e-09, elapsed = 1101.9 sec
Step =   1380: nodes = 14193, dt = 5.614063e-12, time = 4.362886e-09, elapsed = 1102.8 sec
Step =   1381: nodes = 14193, dt = 6.736876e-12, time = 4.369623e-09, elapsed = 1103.6 sec
Step =   1382: nodes = 14191, dt = 4.042126e-12, time = 4.373665e-09, elapsed = 1104.5 sec
Step =   1383: nodes = 14192, dt = 4.042126e-12, time = 4.377707e-09, elapsed = 1105.2 sec
Step =   1384: nodes = 14193, dt = 2.425275e-12, time = 4.380132e-09, elapsed = 1106.1 sec
Step =   1385: nodes = 14185, dt = 2.425275e-12, time = 4.382558e-09, elapsed = 1106.7 sec
Step =   1386: nodes = 14185, dt = 2.910330e-12, time = 4.385468e-09, elapsed = 1107.4 sec
Step =   1387: nodes = 14183, dt = 3.492397e-12, time = 4.388960e-09, elapsed = 1108.1 sec
Step =   1388: nodes = 14184, dt = 4.190876e-12, time = 4.393151e-09, elapsed = 1108.9 sec
Step =   1389: nodes = 14180, dt = 5.029051e-12, time = 4.398180e-09, elapsed = 1109.7 sec
Step =   1390: nodes = 14172, dt = 6.034861e-12, time = 4.404215e-09, elapsed = 1110.5 sec
Step =   1391: nodes = 14176, dt = 7.241833e-12, time = 4.411457e-09, elapsed = 1111.3 sec
Step =   1392: nodes = 14172, dt = 4.345100e-12, time = 4.415802e-09, elapsed = 1112.3 sec
Step =   1393: nodes = 14173, dt = 4.345100e-12, time = 4.420147e-09, elapsed = 1113.0 sec
Step =   1394: nodes = 14170, dt = 5.214120e-12, time = 4.425361e-09, elapsed = 1114.1 sec
Step =   1395: nodes = 14177, dt = 3.128472e-12, time = 4.428490e-09, elapsed = 1115.0 sec
Step =   1396: nodes = 14174, dt = 3.128472e-12, time = 4.431618e-09, elapsed = 1115.7 sec
Step =   1397: nodes = 14175, dt = 3.754166e-12, time = 4.435372e-09, elapsed = 1116.4 sec
Step =   1398: nodes = 14173, dt = 4.505000e-12, time = 4.439877e-09, elapsed = 1117.1 sec
Step =   1399: nodes = 14180, dt = 5.406000e-12, time = 4.445283e-09, elapsed = 1117.9 sec
Step =   1400: nodes = 14178, dt = 3.243600e-12, time = 4.448527e-09, elapsed = 1118.9 sec
Writing configuration in legacy data format
 Output file: /data/home/dg000246b/openDIS/inital_dislocation_structures/output_caseC_0.18%_seed12345/relax2/config.1400.data
Writing restart file
 Restart file: /data/home/dg000246b/openDIS/inital_dislocation_structures/output_caseC_0.18%_seed12345/relax2/restart.1400.exadis
Step =   1401: nodes = 14172, dt = 3.243600e-12, time = 4.451771e-09, elapsed = 1119.7 sec
Step =   1402: nodes = 14172, dt = 3.892320e-12, time = 4.455663e-09, elapsed = 1120.4 sec
Step =   1403: nodes = 14171, dt = 4.670784e-12, time = 4.460334e-09, elapsed = 1121.2 sec
Step =   1404: nodes = 14169, dt = 5.604941e-12, time = 4.465939e-09, elapsed = 1121.9 sec
Step =   1405: nodes = 14171, dt = 6.725929e-12, time = 4.472665e-09, elapsed = 1122.8 sec
Step =   1406: nodes = 14174, dt = 4.035557e-12, time = 4.476700e-09, elapsed = 1123.7 sec
Step =   1407: nodes = 14164, dt = 4.035557e-12, time = 4.480736e-09, elapsed = 1124.5 sec
Step =   1408: nodes = 14161, dt = 4.842669e-12, time = 4.485578e-09, elapsed = 1125.2 sec
Step =   1409: nodes = 14163, dt = 2.905601e-12, time = 4.488484e-09, elapsed = 1126.2 sec
Step =   1410: nodes = 14159, dt = 2.905601e-12, time = 4.491390e-09, elapsed = 1126.8 sec
Step =   1411: nodes = 14161, dt = 3.486721e-12, time = 4.494876e-09, elapsed = 1127.5 sec
Step =   1412: nodes = 14168, dt = 4.184066e-12, time = 4.499060e-09, elapsed = 1128.2 sec
Step =   1413: nodes = 14162, dt = 5.020879e-12, time = 4.504081e-09, elapsed = 1129.0 sec
Step =   1414: nodes = 14165, dt = 6.025055e-12, time = 4.510106e-09, elapsed = 1129.7 sec
Step =   1415: nodes = 14168, dt = 3.615033e-12, time = 4.513721e-09, elapsed = 1130.7 sec
Step =   1416: nodes = 14167, dt = 3.615033e-12, time = 4.517336e-09, elapsed = 1131.4 sec
Step =   1417: nodes = 14171, dt = 4.338039e-12, time = 4.521674e-09, elapsed = 1132.2 sec
Step =   1418: nodes = 14171, dt = 5.205647e-12, time = 4.526880e-09, elapsed = 1132.9 sec
Step =   1419: nodes = 14169, dt = 3.123388e-12, time = 4.530004e-09, elapsed = 1133.9 sec
Step =   1420: nodes = 14173, dt = 3.123388e-12, time = 4.533127e-09, elapsed = 1134.6 sec
Step =   1421: nodes = 14171, dt = 3.748066e-12, time = 4.536875e-09, elapsed = 1135.3 sec
Step =   1422: nodes = 14171, dt = 4.497679e-12, time = 4.541373e-09, elapsed = 1136.1 sec
Step =   1423: nodes = 14163, dt = 5.397215e-12, time = 4.546770e-09, elapsed = 1136.8 sec
Step =   1424: nodes = 14165, dt = 6.476658e-12, time = 4.553247e-09, elapsed = 1137.6 sec
Step =   1425: nodes = 14164, dt = 3.885995e-12, time = 4.557133e-09, elapsed = 1138.6 sec
Step =   1426: nodes = 14167, dt = 3.885995e-12, time = 4.561019e-09, elapsed = 1139.3 sec
Step =   1427: nodes = 14174, dt = 4.663194e-12, time = 4.565682e-09, elapsed = 1140.1 sec
Step =   1428: nodes = 14168, dt = 5.595832e-12, time = 4.571278e-09, elapsed = 1140.8 sec
Step =   1429: nodes = 14165, dt = 6.714999e-12, time = 4.577993e-09, elapsed = 1141.7 sec
Step =   1430: nodes = 14163, dt = 4.028999e-12, time = 4.582022e-09, elapsed = 1142.7 sec
Step =   1431: nodes = 14166, dt = 2.014500e-12, time = 4.584036e-09, elapsed = 1143.8 sec
Step =   1432: nodes = 14165, dt = 2.014500e-12, time = 4.586051e-09, elapsed = 1144.5 sec
Step =   1433: nodes = 14161, dt = 2.417400e-12, time = 4.588468e-09, elapsed = 1145.2 sec
Step =   1434: nodes = 14162, dt = 2.900880e-12, time = 4.591369e-09, elapsed = 1145.8 sec
Step =   1435: nodes = 14158, dt = 3.481055e-12, time = 4.594850e-09, elapsed = 1146.5 sec
Step =   1436: nodes = 14160, dt = 4.177267e-12, time = 4.599027e-09, elapsed = 1147.3 sec
Step =   1437: nodes = 14152, dt = 5.012720e-12, time = 4.604040e-09, elapsed = 1148.1 sec
Step =   1438: nodes = 14151, dt = 6.015264e-12, time = 4.610055e-09, elapsed = 1149.0 sec
Step =   1439: nodes = 14151, dt = 3.609158e-12, time = 4.613664e-09, elapsed = 1149.9 sec
Step =   1440: nodes = 14154, dt = 3.609158e-12, time = 4.617273e-09, elapsed = 1150.7 sec
Step =   1441: nodes = 14155, dt = 4.330990e-12, time = 4.621604e-09, elapsed = 1151.4 sec
Step =   1442: nodes = 14157, dt = 5.197188e-12, time = 4.626802e-09, elapsed = 1152.2 sec
Step =   1443: nodes = 14152, dt = 6.236626e-12, time = 4.633038e-09, elapsed = 1153.0 sec
Step =   1444: nodes = 14156, dt = 3.741975e-12, time = 4.636780e-09, elapsed = 1154.0 sec
Step =   1445: nodes = 14152, dt = 3.741975e-12, time = 4.640522e-09, elapsed = 1154.6 sec
Step =   1446: nodes = 14164, dt = 4.490370e-12, time = 4.645013e-09, elapsed = 1155.4 sec
Step =   1447: nodes = 14159, dt = 2.694222e-12, time = 4.647707e-09, elapsed = 1156.3 sec
Step =   1448: nodes = 14160, dt = 2.694222e-12, time = 4.650401e-09, elapsed = 1157.0 sec
Step =   1449: nodes = 14161, dt = 3.233067e-12, time = 4.653634e-09, elapsed = 1157.6 sec
Step =   1450: nodes = 14162, dt = 3.879680e-12, time = 4.657514e-09, elapsed = 1158.3 sec
Step =   1451: nodes = 14158, dt = 4.655616e-12, time = 4.662169e-09, elapsed = 1159.1 sec
Step =   1452: nodes = 14149, dt = 2.793370e-12, time = 4.664963e-09, elapsed = 1160.0 sec
Step =   1453: nodes = 14151, dt = 2.793370e-12, time = 4.667756e-09, elapsed = 1160.7 sec
Step =   1454: nodes = 14148, dt = 3.352044e-12, time = 4.671108e-09, elapsed = 1161.4 sec
Step =   1455: nodes = 14151, dt = 4.022452e-12, time = 4.675131e-09, elapsed = 1162.1 sec
Step =   1456: nodes = 14149, dt = 4.826943e-12, time = 4.679958e-09, elapsed = 1162.9 sec
Step =   1457: nodes = 14147, dt = 2.896166e-12, time = 4.682854e-09, elapsed = 1163.8 sec
Step =   1458: nodes = 14147, dt = 1.448083e-12, time = 4.684302e-09, elapsed = 1164.7 sec
Step =   1459: nodes = 14142, dt = 1.448083e-12, time = 4.685750e-09, elapsed = 1165.3 sec
Step =   1460: nodes = 14138, dt = 1.737699e-12, time = 4.687488e-09, elapsed = 1165.9 sec
Step =   1461: nodes = 14139, dt = 2.085239e-12, time = 4.689573e-09, elapsed = 1166.5 sec
Step =   1462: nodes = 14137, dt = 2.502287e-12, time = 4.692075e-09, elapsed = 1167.2 sec
Step =   1463: nodes = 14137, dt = 1.501372e-12, time = 4.693576e-09, elapsed = 1168.1 sec
Step =   1464: nodes = 14134, dt = 1.501372e-12, time = 4.695078e-09, elapsed = 1168.7 sec
Step =   1465: nodes = 14133, dt = 1.801647e-12, time = 4.696879e-09, elapsed = 1169.3 sec
Step =   1466: nodes = 14134, dt = 2.161976e-12, time = 4.699041e-09, elapsed = 1170.0 sec
Step =   1467: nodes = 14135, dt = 2.594371e-12, time = 4.701636e-09, elapsed = 1170.6 sec
Step =   1468: nodes = 14129, dt = 1.556623e-12, time = 4.703192e-09, elapsed = 1171.5 sec
Step =   1469: nodes = 14131, dt = 7.783114e-13, time = 4.703971e-09, elapsed = 1172.3 sec
Step =   1470: nodes = 14129, dt = 7.783114e-13, time = 4.704749e-09, elapsed = 1172.9 sec
Step =   1471: nodes = 14129, dt = 9.339737e-13, time = 4.705683e-09, elapsed = 1173.6 sec
Step =   1472: nodes = 14131, dt = 1.120768e-12, time = 4.706804e-09, elapsed = 1174.4 sec
Step =   1473: nodes = 14126, dt = 1.344922e-12, time = 4.708149e-09, elapsed = 1175.0 sec
Step =   1474: nodes = 14121, dt = 1.613906e-12, time = 4.709763e-09, elapsed = 1175.6 sec
Step =   1475: nodes = 14121, dt = 1.936688e-12, time = 4.711699e-09, elapsed = 1176.2 sec
Step =   1476: nodes = 14116, dt = 2.324025e-12, time = 4.714023e-09, elapsed = 1176.9 sec
Step =   1477: nodes = 14115, dt = 2.788830e-12, time = 4.716812e-09, elapsed = 1177.5 sec
Step =   1478: nodes = 14119, dt = 3.346596e-12, time = 4.720159e-09, elapsed = 1178.2 sec
Step =   1479: nodes = 14118, dt = 4.015916e-12, time = 4.724175e-09, elapsed = 1178.9 sec
Step =   1480: nodes = 14114, dt = 4.819099e-12, time = 4.728994e-09, elapsed = 1179.6 sec
Step =   1481: nodes = 14109, dt = 5.782919e-12, time = 4.734777e-09, elapsed = 1180.4 sec
Step =   1482: nodes = 14106, dt = 6.939502e-12, time = 4.741716e-09, elapsed = 1181.3 sec
Step =   1483: nodes = 14109, dt = 4.163701e-12, time = 4.745880e-09, elapsed = 1182.3 sec
Step =   1484: nodes = 14113, dt = 4.163701e-12, time = 4.750044e-09, elapsed = 1183.1 sec
Step =   1485: nodes = 14108, dt = 4.996442e-12, time = 4.755040e-09, elapsed = 1183.9 sec
Step =   1486: nodes = 14112, dt = 5.995730e-12, time = 4.761036e-09, elapsed = 1184.7 sec
Step =   1487: nodes = 14109, dt = 7.194876e-12, time = 4.768231e-09, elapsed = 1185.5 sec
Step =   1488: nodes = 14111, dt = 4.316926e-12, time = 4.772548e-09, elapsed = 1186.5 sec
Step =   1489: nodes = 14113, dt = 4.316926e-12, time = 4.776865e-09, elapsed = 1187.2 sec
Step =   1490: nodes = 14114, dt = 5.180311e-12, time = 4.782045e-09, elapsed = 1188.0 sec
Step =   1491: nodes = 14120, dt = 6.216373e-12, time = 4.788261e-09, elapsed = 1188.8 sec
Step =   1492: nodes = 14118, dt = 7.459648e-12, time = 4.795721e-09, elapsed = 1189.7 sec
Step =   1493: nodes = 14119, dt = 4.475789e-12, time = 4.800197e-09, elapsed = 1190.7 sec
Step =   1494: nodes = 14120, dt = 4.475789e-12, time = 4.804672e-09, elapsed = 1191.5 sec
Step =   1495: nodes = 14116, dt = 5.370946e-12, time = 4.810043e-09, elapsed = 1192.2 sec
Step =   1496: nodes = 14115, dt = 6.445135e-12, time = 4.816489e-09, elapsed = 1193.1 sec
Step =   1497: nodes = 14111, dt = 7.734163e-12, time = 4.824223e-09, elapsed = 1193.9 sec
Step =   1498: nodes = 14105, dt = 9.280995e-12, time = 4.833504e-09, elapsed = 1194.9 sec
Step =   1499: nodes = 14111, dt = 5.568597e-12, time = 4.839072e-09, elapsed = 1195.9 sec
Step =   1500: nodes = 14110, dt = 5.568597e-12, time = 4.844641e-09, elapsed = 1196.7 sec
Writing configuration in legacy data format
 Output file: /data/home/dg000246b/openDIS/inital_dislocation_structures/output_caseC_0.18%_seed12345/relax2/config.1500.data
Writing restart file
 Restart file: /data/home/dg000246b/openDIS/inital_dislocation_structures/output_caseC_0.18%_seed12345/relax2/restart.1500.exadis
Step =   1501: nodes = 14104, dt = 6.682316e-12, time = 4.851323e-09, elapsed = 1197.7 sec
Step =   1502: nodes = 14111, dt = 8.018780e-12, time = 4.859342e-09, elapsed = 1198.6 sec
Step =   1503: nodes = 14107, dt = 9.622536e-12, time = 4.868965e-09, elapsed = 1199.5 sec
Step =   1504: nodes = 14106, dt = 5.773521e-12, time = 4.874738e-09, elapsed = 1200.5 sec
Step =   1505: nodes = 14103, dt = 2.886761e-12, time = 4.877625e-09, elapsed = 1201.5 sec
Step =   1506: nodes = 14103, dt = 2.886761e-12, time = 4.880512e-09, elapsed = 1202.2 sec
Step =   1507: nodes = 14100, dt = 3.464113e-12, time = 4.883976e-09, elapsed = 1202.9 sec
Step =   1508: nodes = 14104, dt = 4.156935e-12, time = 4.888133e-09, elapsed = 1203.9 sec
Step =   1509: nodes = 14102, dt = 4.988323e-12, time = 4.893121e-09, elapsed = 1204.6 sec
Step =   1510: nodes = 14101, dt = 2.992994e-12, time = 4.896114e-09, elapsed = 1205.6 sec
Step =   1511: nodes = 14100, dt = 2.992994e-12, time = 4.899107e-09, elapsed = 1206.3 sec
Step =   1512: nodes = 14094, dt = 3.591592e-12, time = 4.902698e-09, elapsed = 1206.9 sec
Step =   1513: nodes = 14097, dt = 4.309911e-12, time = 4.907008e-09, elapsed = 1207.7 sec
Step =   1514: nodes = 14094, dt = 5.171893e-12, time = 4.912180e-09, elapsed = 1208.4 sec
Step =   1515: nodes = 14089, dt = 6.206271e-12, time = 4.918387e-09, elapsed = 1209.2 sec
Step =   1516: nodes = 14097, dt = 3.723763e-12, time = 4.922110e-09, elapsed = 1210.2 sec
Step =   1517: nodes = 14100, dt = 3.723763e-12, time = 4.925834e-09, elapsed = 1210.9 sec
Step =   1518: nodes = 14095, dt = 4.468515e-12, time = 4.930303e-09, elapsed = 1211.6 sec
Step =   1519: nodes = 14102, dt = 5.362218e-12, time = 4.935665e-09, elapsed = 1212.4 sec
Step =   1520: nodes = 14098, dt = 3.217331e-12, time = 4.938882e-09, elapsed = 1213.3 sec
Step =   1521: nodes = 14095, dt = 3.217331e-12, time = 4.942099e-09, elapsed = 1214.0 sec
Step =   1522: nodes = 14094, dt = 3.860797e-12, time = 4.945960e-09, elapsed = 1214.7 sec
Step =   1523: nodes = 14089, dt = 4.632957e-12, time = 4.950593e-09, elapsed = 1215.4 sec
Step =   1524: nodes = 14087, dt = 5.559548e-12, time = 4.956153e-09, elapsed = 1216.2 sec
Step =   1525: nodes = 14087, dt = 3.335729e-12, time = 4.959489e-09, elapsed = 1217.1 sec
Step =   1526: nodes = 14084, dt = 3.335729e-12, time = 4.962824e-09, elapsed = 1217.8 sec
Step =   1527: nodes = 14084, dt = 4.002875e-12, time = 4.966827e-09, elapsed = 1218.5 sec
Step =   1528: nodes = 14084, dt = 4.803450e-12, time = 4.971631e-09, elapsed = 1219.3 sec
Step =   1529: nodes = 14087, dt = 5.764139e-12, time = 4.977395e-09, elapsed = 1220.0 sec
Step =   1530: nodes = 14085, dt = 3.458484e-12, time = 4.980853e-09, elapsed = 1221.0 sec
Step =   1531: nodes = 14085, dt = 3.458484e-12, time = 4.984312e-09, elapsed = 1221.6 sec
Step =   1532: nodes = 14080, dt = 4.150180e-12, time = 4.988462e-09, elapsed = 1222.4 sec
Step =   1533: nodes = 14079, dt = 4.980216e-12, time = 4.993442e-09, elapsed = 1223.1 sec
Step =   1534: nodes = 14082, dt = 5.976260e-12, time = 4.999418e-09, elapsed = 1223.9 sec
Step =   1535: nodes = 14082, dt = 3.585756e-12, time = 5.003004e-09, elapsed = 1224.8 sec
Step =   1536: nodes = 14085, dt = 3.585756e-12, time = 5.006590e-09, elapsed = 1225.5 sec
Step =   1537: nodes = 14091, dt = 4.302907e-12, time = 5.010893e-09, elapsed = 1226.2 sec
Step =   1538: nodes = 14088, dt = 2.581744e-12, time = 5.013475e-09, elapsed = 1227.1 sec
Step =   1539: nodes = 14090, dt = 2.581744e-12, time = 5.016056e-09, elapsed = 1227.8 sec
Step =   1540: nodes = 14086, dt = 3.098093e-12, time = 5.019154e-09, elapsed = 1228.5 sec
Step =   1541: nodes = 14079, dt = 3.717712e-12, time = 5.022872e-09, elapsed = 1229.2 sec
Step =   1542: nodes = 14080, dt = 4.461254e-12, time = 5.027333e-09, elapsed = 1229.9 sec
Step =   1543: nodes = 14082, dt = 5.353505e-12, time = 5.032687e-09, elapsed = 1230.7 sec
Step =   1544: nodes = 14081, dt = 6.424206e-12, time = 5.039111e-09, elapsed = 1231.4 sec
Step =   1545: nodes = 14083, dt = 3.854523e-12, time = 5.042966e-09, elapsed = 1232.4 sec
Step =   1546: nodes = 14086, dt = 3.854523e-12, time = 5.046820e-09, elapsed = 1233.1 sec
Step =   1547: nodes = 14082, dt = 4.625428e-12, time = 5.051445e-09, elapsed = 1234.0 sec
Step =   1548: nodes = 14089, dt = 5.550514e-12, time = 5.056996e-09, elapsed = 1234.8 sec
Step =   1549: nodes = 14086, dt = 6.660617e-12, time = 5.063657e-09, elapsed = 1235.6 sec
Step =   1550: nodes = 14082, dt = 3.996370e-12, time = 5.067653e-09, elapsed = 1236.6 sec
Step =   1551: nodes = 14082, dt = 3.996370e-12, time = 5.071649e-09, elapsed = 1237.3 sec
Step =   1552: nodes = 14078, dt = 4.795644e-12, time = 5.076445e-09, elapsed = 1238.2 sec
Step =   1553: nodes = 14072, dt = 5.754773e-12, time = 5.082200e-09, elapsed = 1238.9 sec
Step =   1554: nodes = 14074, dt = 6.905727e-12, time = 5.089106e-09, elapsed = 1239.8 sec
Step =   1555: nodes = 14075, dt = 4.143436e-12, time = 5.093249e-09, elapsed = 1240.7 sec
Step =   1556: nodes = 14073, dt = 4.143436e-12, time = 5.097392e-09, elapsed = 1241.4 sec
Step =   1557: nodes = 14072, dt = 4.972124e-12, time = 5.102365e-09, elapsed = 1242.2 sec
Step =   1558: nodes = 14077, dt = 5.966548e-12, time = 5.108331e-09, elapsed = 1242.9 sec
Step =   1559: nodes = 14077, dt = 7.159858e-12, time = 5.115491e-09, elapsed = 1243.8 sec
Step =   1560: nodes = 14079, dt = 4.295915e-12, time = 5.119787e-09, elapsed = 1244.8 sec
Step =   1561: nodes = 14076, dt = 4.295915e-12, time = 5.124083e-09, elapsed = 1245.5 sec
Step =   1562: nodes = 14081, dt = 5.155098e-12, time = 5.129238e-09, elapsed = 1246.3 sec
Step =   1563: nodes = 14082, dt = 6.186117e-12, time = 5.135424e-09, elapsed = 1247.2 sec
Step =   1564: nodes = 14077, dt = 7.423341e-12, time = 5.142847e-09, elapsed = 1248.0 sec
Step =   1565: nodes = 14083, dt = 4.454004e-12, time = 5.147301e-09, elapsed = 1249.0 sec
Step =   1566: nodes = 14082, dt = 4.454004e-12, time = 5.151755e-09, elapsed = 1249.7 sec
Step =   1567: nodes = 14078, dt = 5.344805e-12, time = 5.157100e-09, elapsed = 1250.5 sec
Step =   1568: nodes = 14085, dt = 6.413766e-12, time = 5.163514e-09, elapsed = 1251.3 sec
Step =   1569: nodes = 14083, dt = 3.848260e-12, time = 5.167362e-09, elapsed = 1252.2 sec
Step =   1570: nodes = 14087, dt = 3.848260e-12, time = 5.171210e-09, elapsed = 1252.9 sec
Step =   1571: nodes = 14081, dt = 4.617912e-12, time = 5.175828e-09, elapsed = 1253.6 sec
Step =   1572: nodes = 14079, dt = 5.541494e-12, time = 5.181370e-09, elapsed = 1254.4 sec
Step =   1573: nodes = 14074, dt = 6.649793e-12, time = 5.188020e-09, elapsed = 1255.1 sec
Step =   1574: nodes = 14069, dt = 3.989876e-12, time = 5.192009e-09, elapsed = 1256.1 sec
Step =   1575: nodes = 14065, dt = 3.989876e-12, time = 5.195999e-09, elapsed = 1256.9 sec
Step =   1576: nodes = 14066, dt = 4.787851e-12, time = 5.200787e-09, elapsed = 1257.6 sec
Step =   1577: nodes = 14066, dt = 5.745421e-12, time = 5.206533e-09, elapsed = 1258.5 sec
Step =   1578: nodes = 14066, dt = 6.894505e-12, time = 5.213427e-09, elapsed = 1259.3 sec
Step =   1579: nodes = 14069, dt = 4.136703e-12, time = 5.217564e-09, elapsed = 1260.3 sec
Step =   1580: nodes = 14068, dt = 4.136703e-12, time = 5.221701e-09, elapsed = 1261.1 sec
Step =   1581: nodes = 14068, dt = 4.964044e-12, time = 5.226665e-09, elapsed = 1261.9 sec
Step =   1582: nodes = 14072, dt = 5.956853e-12, time = 5.232621e-09, elapsed = 1262.7 sec
Step =   1583: nodes = 14070, dt = 3.574112e-12, time = 5.236196e-09, elapsed = 1263.9 sec
Step =   1584: nodes = 14070, dt = 3.574112e-12, time = 5.239770e-09, elapsed = 1264.7 sec
Step =   1585: nodes = 14068, dt = 4.288934e-12, time = 5.244059e-09, elapsed = 1265.4 sec
Step =   1586: nodes = 14065, dt = 5.146721e-12, time = 5.249205e-09, elapsed = 1266.2 sec
Step =   1587: nodes = 14066, dt = 3.088032e-12, time = 5.252293e-09, elapsed = 1267.1 sec
Step =   1588: nodes = 14070, dt = 3.088032e-12, time = 5.255381e-09, elapsed = 1267.8 sec
Step =   1589: nodes = 14065, dt = 3.705639e-12, time = 5.259087e-09, elapsed = 1268.5 sec
Step =   1590: nodes = 14067, dt = 4.446767e-12, time = 5.263534e-09, elapsed = 1269.3 sec
Step =   1591: nodes = 14060, dt = 5.336120e-12, time = 5.268870e-09, elapsed = 1270.1 sec
Step =   1592: nodes = 14056, dt = 6.403344e-12, time = 5.275273e-09, elapsed = 1270.9 sec
Step =   1593: nodes = 14059, dt = 3.842006e-12, time = 5.279115e-09, elapsed = 1271.8 sec
Step =   1594: nodes = 14053, dt = 3.842006e-12, time = 5.282957e-09, elapsed = 1272.5 sec
Step =   1595: nodes = 14047, dt = 4.610408e-12, time = 5.287568e-09, elapsed = 1273.3 sec
Step =   1596: nodes = 14044, dt = 5.532489e-12, time = 5.293100e-09, elapsed = 1274.0 sec
Step =   1597: nodes = 14045, dt = 6.638987e-12, time = 5.299739e-09, elapsed = 1274.8 sec
Step =   1598: nodes = 14050, dt = 3.983392e-12, time = 5.303723e-09, elapsed = 1275.8 sec
Step =   1599: nodes = 14042, dt = 3.983392e-12, time = 5.307706e-09, elapsed = 1276.5 sec
Step =   1600: nodes = 14040, dt = 4.780071e-12, time = 5.312486e-09, elapsed = 1277.3 sec
Writing configuration in legacy data format
 Output file: /data/home/dg000246b/openDIS/inital_dislocation_structures/output_caseC_0.18%_seed12345/relax2/config.1600.data
Writing restart file
 Restart file: /data/home/dg000246b/openDIS/inital_dislocation_structures/output_caseC_0.18%_seed12345/relax2/restart.1600.exadis
Step =   1601: nodes = 14039, dt = 5.736085e-12, time = 5.318222e-09, elapsed = 1278.2 sec
Step =   1602: nodes = 14042, dt = 3.441651e-12, time = 5.321664e-09, elapsed = 1279.2 sec
Step =   1603: nodes = 14037, dt = 3.441651e-12, time = 5.325105e-09, elapsed = 1279.8 sec
Step =   1604: nodes = 14028, dt = 4.129981e-12, time = 5.329235e-09, elapsed = 1280.5 sec
Step =   1605: nodes = 14031, dt = 4.955977e-12, time = 5.334191e-09, elapsed = 1281.2 sec
Step =   1606: nodes = 14027, dt = 5.947173e-12, time = 5.340139e-09, elapsed = 1281.9 sec
Step =   1607: nodes = 14021, dt = 7.136607e-12, time = 5.347275e-09, elapsed = 1282.8 sec
Step =   1608: nodes = 14024, dt = 2.140982e-12, time = 5.349416e-09, elapsed = 1284.0 sec
Step =   1609: nodes = 14027, dt = 2.140982e-12, time = 5.351557e-09, elapsed = 1284.6 sec
Step =   1610: nodes = 14026, dt = 2.569179e-12, time = 5.354126e-09, elapsed = 1285.2 sec
Step =   1611: nodes = 14019, dt = 3.083014e-12, time = 5.357209e-09, elapsed = 1285.9 sec
Step =   1612: nodes = 14023, dt = 3.699617e-12, time = 5.360909e-09, elapsed = 1286.6 sec
Step =   1613: nodes = 14023, dt = 4.439541e-12, time = 5.365348e-09, elapsed = 1287.4 sec
Step =   1614: nodes = 14023, dt = 5.327449e-12, time = 5.370676e-09, elapsed = 1288.2 sec
Step =   1615: nodes = 14026, dt = 6.392939e-12, time = 5.377069e-09, elapsed = 1289.1 sec
Step =   1616: nodes = 14018, dt = 3.835763e-12, time = 5.380905e-09, elapsed = 1290.1 sec
Step =   1617: nodes = 14024, dt = 3.835763e-12, time = 5.384740e-09, elapsed = 1290.8 sec
Step =   1618: nodes = 14025, dt = 4.602916e-12, time = 5.389343e-09, elapsed = 1291.5 sec
Step =   1619: nodes = 14028, dt = 2.761749e-12, time = 5.392105e-09, elapsed = 1292.4 sec
Step =   1620: nodes = 14030, dt = 2.761749e-12, time = 5.394867e-09, elapsed = 1293.1 sec
Step =   1621: nodes = 14026, dt = 3.314099e-12, time = 5.398181e-09, elapsed = 1294.0 sec
Step =   1622: nodes = 14030, dt = 3.976919e-12, time = 5.402158e-09, elapsed = 1294.8 sec
Step =   1623: nodes = 14031, dt = 4.772303e-12, time = 5.406930e-09, elapsed = 1295.5 sec
Step =   1624: nodes = 14033, dt = 2.863382e-12, time = 5.409793e-09, elapsed = 1296.5 sec
Step =   1625: nodes = 14028, dt = 1.431691e-12, time = 5.411225e-09, elapsed = 1297.3 sec
Step =   1626: nodes = 14026, dt = 1.431691e-12, time = 5.412657e-09, elapsed = 1298.0 sec
Step =   1627: nodes = 14026, dt = 8.590146e-13, time = 5.413516e-09, elapsed = 1298.8 sec
Step =   1628: nodes = 14028, dt = 8.590146e-13, time = 5.414375e-09, elapsed = 1299.4 sec
Step =   1629: nodes = 14021, dt = 1.030817e-12, time = 5.415406e-09, elapsed = 1300.0 sec
Step =   1630: nodes = 14019, dt = 1.236981e-12, time = 5.416643e-09, elapsed = 1300.6 sec
Step =   1631: nodes = 14015, dt = 7.421886e-13, time = 5.417385e-09, elapsed = 1301.4 sec
Step =   1632: nodes = 14017, dt = 7.421886e-13, time = 5.418127e-09, elapsed = 1302.0 sec
Step =   1633: nodes = 14015, dt = 8.906263e-13, time = 5.419018e-09, elapsed = 1302.6 sec
Step =   1634: nodes = 14017, dt = 1.068752e-12, time = 5.420086e-09, elapsed = 1303.2 sec
Step =   1635: nodes = 14016, dt = 6.412509e-13, time = 5.420728e-09, elapsed = 1304.0 sec
Step =   1636: nodes = 14017, dt = 6.412509e-13, time = 5.421369e-09, elapsed = 1304.6 sec
Step =   1637: nodes = 14015, dt = 7.695011e-13, time = 5.422138e-09, elapsed = 1305.2 sec
Step =   1638: nodes = 14013, dt = 9.234013e-13, time = 5.423062e-09, elapsed = 1305.8 sec
Step =   1639: nodes = 14012, dt = 1.108082e-12, time = 5.424170e-09, elapsed = 1306.4 sec
Step =   1640: nodes = 14013, dt = 1.329698e-12, time = 5.425500e-09, elapsed = 1306.9 sec
Step =   1641: nodes = 14009, dt = 1.595638e-12, time = 5.427095e-09, elapsed = 1307.6 sec
Step =   1642: nodes = 14009, dt = 1.914765e-12, time = 5.429010e-09, elapsed = 1308.2 sec
Step =   1643: nodes = 14009, dt = 1.148859e-12, time = 5.430159e-09, elapsed = 1309.1 sec
Step =   1644: nodes = 14007, dt = 1.148859e-12, time = 5.431308e-09, elapsed = 1309.6 sec
Step =   1645: nodes = 14008, dt = 1.378631e-12, time = 5.432686e-09, elapsed = 1310.2 sec
Step =   1646: nodes = 14006, dt = 1.654357e-12, time = 5.434341e-09, elapsed = 1310.8 sec
Step =   1647: nodes = 14004, dt = 1.985228e-12, time = 5.436326e-09, elapsed = 1311.5 sec
Step =   1648: nodes = 14002, dt = 1.191137e-12, time = 5.437517e-09, elapsed = 1312.3 sec
Step =   1649: nodes = 14001, dt = 1.191137e-12, time = 5.438708e-09, elapsed = 1312.9 sec
Step =   1650: nodes = 13999, dt = 1.429364e-12, time = 5.440138e-09, elapsed = 1313.5 sec
Step =   1651: nodes = 13998, dt = 1.715237e-12, time = 5.441853e-09, elapsed = 1314.1 sec
Step =   1652: nodes = 13996, dt = 2.058285e-12, time = 5.443911e-09, elapsed = 1314.7 sec
Step =   1653: nodes = 13994, dt = 2.469942e-12, time = 5.446381e-09, elapsed = 1315.4 sec
Step =   1654: nodes = 13991, dt = 2.963930e-12, time = 5.449345e-09, elapsed = 1316.0 sec
Step =   1655: nodes = 13995, dt = 1.778358e-12, time = 5.451123e-09, elapsed = 1316.9 sec
Step =   1656: nodes = 13993, dt = 1.778358e-12, time = 5.452902e-09, elapsed = 1317.5 sec
Step =   1657: nodes = 13990, dt = 2.134030e-12, time = 5.455036e-09, elapsed = 1318.1 sec
Step =   1658: nodes = 13995, dt = 2.560836e-12, time = 5.457597e-09, elapsed = 1318.8 sec
Step =   1659: nodes = 14001, dt = 3.073003e-12, time = 5.460670e-09, elapsed = 1319.5 sec
Step =   1660: nodes = 14002, dt = 3.687603e-12, time = 5.464357e-09, elapsed = 1320.1 sec
Step =   1661: nodes = 14000, dt = 2.212562e-12, time = 5.466570e-09, elapsed = 1321.0 sec
Step =   1662: nodes = 14002, dt = 1.106281e-12, time = 5.467676e-09, elapsed = 1322.0 sec
Step =   1663: nodes = 14003, dt = 1.106281e-12, time = 5.468782e-09, elapsed = 1322.6 sec
Step =   1664: nodes = 14001, dt = 1.327537e-12, time = 5.470110e-09, elapsed = 1323.1 sec
Step =   1665: nodes = 14000, dt = 7.965223e-13, time = 5.470906e-09, elapsed = 1324.2 sec
Step =   1666: nodes = 13994, dt = 7.965223e-13, time = 5.471703e-09, elapsed = 1324.8 sec
Step =   1667: nodes = 13993, dt = 9.558268e-13, time = 5.472659e-09, elapsed = 1325.4 sec
Step =   1668: nodes = 13993, dt = 1.146992e-12, time = 5.473806e-09, elapsed = 1326.0 sec
Step =   1669: nodes = 13995, dt = 1.376391e-12, time = 5.475182e-09, elapsed = 1326.6 sec
Step =   1670: nodes = 13994, dt = 1.651669e-12, time = 5.476834e-09, elapsed = 1327.2 sec
Step =   1671: nodes = 13991, dt = 1.982002e-12, time = 5.478816e-09, elapsed = 1327.9 sec
Step =   1672: nodes = 13990, dt = 1.189201e-12, time = 5.480005e-09, elapsed = 1328.7 sec
Step =   1673: nodes = 13985, dt = 1.189201e-12, time = 5.481194e-09, elapsed = 1329.3 sec
Step =   1674: nodes = 13982, dt = 1.427042e-12, time = 5.482621e-09, elapsed = 1330.0 sec
Step =   1675: nodes = 13980, dt = 1.712450e-12, time = 5.484334e-09, elapsed = 1330.6 sec
Step =   1676: nodes = 13978, dt = 2.054940e-12, time = 5.486389e-09, elapsed = 1331.2 sec
Step =   1677: nodes = 13979, dt = 1.232964e-12, time = 5.487622e-09, elapsed = 1332.1 sec
Step =   1678: nodes = 13977, dt = 1.232964e-12, time = 5.488855e-09, elapsed = 1332.7 sec
Step =   1679: nodes = 13967, dt = 1.479557e-12, time = 5.490334e-09, elapsed = 1333.3 sec
Step =   1680: nodes = 13969, dt = 1.775468e-12, time = 5.492110e-09, elapsed = 1333.9 sec
Step =   1681: nodes = 13968, dt = 2.130562e-12, time = 5.494240e-09, elapsed = 1334.6 sec
Step =   1682: nodes = 13965, dt = 2.556674e-12, time = 5.496797e-09, elapsed = 1335.2 sec
Step =   1683: nodes = 13969, dt = 1.534005e-12, time = 5.498331e-09, elapsed = 1336.1 sec
Step =   1684: nodes = 13967, dt = 1.534005e-12, time = 5.499865e-09, elapsed = 1336.7 sec
Step =   1685: nodes = 13967, dt = 1.840805e-12, time = 5.501706e-09, elapsed = 1337.3 sec
Step =   1686: nodes = 13967, dt = 2.208967e-12, time = 5.503915e-09, elapsed = 1337.9 sec
Step =   1687: nodes = 13966, dt = 2.650760e-12, time = 5.506565e-09, elapsed = 1338.6 sec
Step =   1688: nodes = 13963, dt = 1.590456e-12, time = 5.508156e-09, elapsed = 1339.5 sec
Step =   1689: nodes = 13964, dt = 1.590456e-12, time = 5.509746e-09, elapsed = 1340.1 sec
Step =   1690: nodes = 13962, dt = 1.908547e-12, time = 5.511655e-09, elapsed = 1340.7 sec
Step =   1691: nodes = 13962, dt = 2.290257e-12, time = 5.513945e-09, elapsed = 1341.3 sec
Step =   1692: nodes = 13956, dt = 2.748308e-12, time = 5.516693e-09, elapsed = 1342.0 sec
Step =   1693: nodes = 13956, dt = 3.297969e-12, time = 5.519991e-09, elapsed = 1342.7 sec
Step =   1694: nodes = 13959, dt = 1.978782e-12, time = 5.521970e-09, elapsed = 1343.6 sec
Step =   1695: nodes = 13961, dt = 1.978782e-12, time = 5.523949e-09, elapsed = 1344.2 sec
Step =   1696: nodes = 13959, dt = 2.374538e-12, time = 5.526323e-09, elapsed = 1344.9 sec
Step =   1697: nodes = 13957, dt = 2.849446e-12, time = 5.529173e-09, elapsed = 1345.5 sec
Step =   1698: nodes = 13956, dt = 8.548337e-13, time = 5.530028e-09, elapsed = 1346.6 sec
Step =   1699: nodes = 13956, dt = 8.548337e-13, time = 5.530883e-09, elapsed = 1347.2 sec
Step =   1700: nodes = 13951, dt = 1.025800e-12, time = 5.531908e-09, elapsed = 1347.8 sec
Writing configuration in legacy data format
 Output file: /data/home/dg000246b/openDIS/inital_dislocation_structures/output_caseC_0.18%_seed12345/relax2/config.1700.data
Writing restart file
 Restart file: /data/home/dg000246b/openDIS/inital_dislocation_structures/output_caseC_0.18%_seed12345/relax2/restart.1700.exadis
Step =   1701: nodes = 13952, dt = 1.230960e-12, time = 5.533139e-09, elapsed = 1348.6 sec
Step =   1702: nodes = 13952, dt = 7.385763e-13, time = 5.533878e-09, elapsed = 1349.4 sec
Step =   1703: nodes = 13946, dt = 7.385763e-13, time = 5.534616e-09, elapsed = 1350.0 sec
Step =   1704: nodes = 13943, dt = 8.862915e-13, time = 5.535503e-09, elapsed = 1350.6 sec
Step =   1705: nodes = 13947, dt = 1.063550e-12, time = 5.536566e-09, elapsed = 1351.2 sec
Step =   1706: nodes = 13942, dt = 1.276260e-12, time = 5.537843e-09, elapsed = 1351.8 sec
Step =   1707: nodes = 13943, dt = 7.657559e-13, time = 5.538608e-09, elapsed = 1352.7 sec
Step =   1708: nodes = 13946, dt = 7.657559e-13, time = 5.539374e-09, elapsed = 1353.2 sec
Step =   1709: nodes = 13947, dt = 9.189071e-13, time = 5.540293e-09, elapsed = 1354.2 sec
Step =   1710: nodes = 13948, dt = 1.102688e-12, time = 5.541396e-09, elapsed = 1354.8 sec
Step =   1711: nodes = 13949, dt = 1.323226e-12, time = 5.542719e-09, elapsed = 1355.4 sec
Step =   1712: nodes = 13947, dt = 1.587871e-12, time = 5.544307e-09, elapsed = 1356.0 sec
Step =   1713: nodes = 13950, dt = 1.905446e-12, time = 5.546212e-09, elapsed = 1356.6 sec
Step =   1714: nodes = 13949, dt = 2.286535e-12, time = 5.548499e-09, elapsed = 1357.3 sec
Step =   1715: nodes = 13949, dt = 2.743842e-12, time = 5.551243e-09, elapsed = 1357.9 sec
Step =   1716: nodes = 13943, dt = 1.646305e-12, time = 5.552889e-09, elapsed = 1358.8 sec
Step =   1717: nodes = 13943, dt = 8.231525e-13, time = 5.553712e-09, elapsed = 1359.6 sec
Step =   1718: nodes = 13944, dt = 8.231525e-13, time = 5.554535e-09, elapsed = 1360.2 sec
Step =   1719: nodes = 13946, dt = 9.877830e-13, time = 5.555523e-09, elapsed = 1360.8 sec
Step =   1720: nodes = 13945, dt = 1.185340e-12, time = 5.556708e-09, elapsed = 1361.3 sec
Step =   1721: nodes = 13944, dt = 1.422408e-12, time = 5.558131e-09, elapsed = 1361.9 sec
Step =   1722: nodes = 13943, dt = 8.534446e-13, time = 5.558984e-09, elapsed = 1362.8 sec
Step =   1723: nodes = 13941, dt = 8.534446e-13, time = 5.559838e-09, elapsed = 1363.3 sec
Step =   1724: nodes = 13939, dt = 1.024133e-12, time = 5.560862e-09, elapsed = 1363.9 sec
Step =   1725: nodes = 13938, dt = 1.228960e-12, time = 5.562091e-09, elapsed = 1364.5 sec
Step =   1726: nodes = 13939, dt = 1.474752e-12, time = 5.563565e-09, elapsed = 1365.1 sec
Step =   1727: nodes = 13936, dt = 8.848513e-13, time = 5.564450e-09, elapsed = 1366.0 sec
Step =   1728: nodes = 13932, dt = 8.848513e-13, time = 5.565335e-09, elapsed = 1366.5 sec
Step =   1729: nodes = 13935, dt = 1.061822e-12, time = 5.566397e-09, elapsed = 1367.1 sec
Step =   1730: nodes = 13932, dt = 1.274186e-12, time = 5.567671e-09, elapsed = 1367.7 sec
Step =   1731: nodes = 13932, dt = 1.529023e-12, time = 5.569200e-09, elapsed = 1368.3 sec
Step =   1732: nodes = 13929, dt = 1.834828e-12, time = 5.571035e-09, elapsed = 1368.9 sec
Step =   1733: nodes = 13934, dt = 2.201793e-12, time = 5.573237e-09, elapsed = 1369.5 sec
Step =   1734: nodes = 13938, dt = 2.642152e-12, time = 5.575879e-09, elapsed = 1370.1 sec
Step =   1735: nodes = 13935, dt = 3.170582e-12, time = 5.579050e-09, elapsed = 1370.8 sec
Step =   1736: nodes = 13932, dt = 1.902349e-12, time = 5.580952e-09, elapsed = 1371.7 sec
Step =   1737: nodes = 13933, dt = 1.902349e-12, time = 5.582854e-09, elapsed = 1372.3 sec
Step =   1738: nodes = 13931, dt = 2.282819e-12, time = 5.585137e-09, elapsed = 1372.9 sec
Step =   1739: nodes = 13932, dt = 2.739383e-12, time = 5.587876e-09, elapsed = 1373.6 sec
Step =   1740: nodes = 13932, dt = 3.287260e-12, time = 5.591164e-09, elapsed = 1374.2 sec
Step =   1741: nodes = 13939, dt = 3.944712e-12, time = 5.595108e-09, elapsed = 1374.9 sec
Step =   1742: nodes = 13935, dt = 4.733654e-12, time = 5.599842e-09, elapsed = 1375.7 sec
Step =   1743: nodes = 13935, dt = 5.680385e-12, time = 5.605522e-09, elapsed = 1376.4 sec
Step =   1744: nodes = 13938, dt = 3.408231e-12, time = 5.608931e-09, elapsed = 1377.4 sec
Step =   1745: nodes = 13937, dt = 3.408231e-12, time = 5.612339e-09, elapsed = 1378.1 sec
Step =   1746: nodes = 13929, dt = 4.089877e-12, time = 5.616429e-09, elapsed = 1378.8 sec
Step =   1747: nodes = 13930, dt = 4.907852e-12, time = 5.621337e-09, elapsed = 1379.5 sec
Step =   1748: nodes = 13939, dt = 5.889423e-12, time = 5.627226e-09, elapsed = 1380.3 sec
Step =   1749: nodes = 13937, dt = 7.067307e-12, time = 5.634293e-09, elapsed = 1381.1 sec
Step =   1750: nodes = 13928, dt = 8.480769e-12, time = 5.642774e-09, elapsed = 1382.1 sec
Step =   1751: nodes = 13927, dt = 1.017692e-11, time = 5.652951e-09, elapsed = 1383.1 sec
Step =   1752: nodes = 13930, dt = 1.221231e-11, time = 5.665163e-09, elapsed = 1384.5 sec
Step =   1753: nodes = 13939, dt = 1.465477e-11, time = 5.679818e-09, elapsed = 1385.8 sec
Step =   1754: nodes = 13936, dt = 4.396431e-12, time = 5.684215e-09, elapsed = 1387.1 sec
Step =   1755: nodes = 13939, dt = 1.099108e-12, time = 5.685314e-09, elapsed = 1388.1 sec
Step =   1756: nodes = 13934, dt = 1.099108e-12, time = 5.686413e-09, elapsed = 1388.7 sec
Step =   1757: nodes = 13938, dt = 6.594646e-13, time = 5.687072e-09, elapsed = 1389.5 sec
Step =   1758: nodes = 13938, dt = 6.594646e-13, time = 5.687732e-09, elapsed = 1390.1 sec
Step =   1759: nodes = 13938, dt = 7.913575e-13, time = 5.688523e-09, elapsed = 1390.7 sec
Step =   1760: nodes = 13937, dt = 9.496290e-13, time = 5.689473e-09, elapsed = 1391.3 sec
Step =   1761: nodes = 13937, dt = 1.139555e-12, time = 5.690612e-09, elapsed = 1391.9 sec
Step =   1762: nodes = 13937, dt = 6.837329e-13, time = 5.691296e-09, elapsed = 1392.8 sec
Step =   1763: nodes = 13937, dt = 6.837329e-13, time = 5.691980e-09, elapsed = 1393.3 sec
Step =   1764: nodes = 13937, dt = 8.204795e-13, time = 5.692800e-09, elapsed = 1393.9 sec
Step =   1765: nodes = 13935, dt = 9.845754e-13, time = 5.693785e-09, elapsed = 1394.5 sec
Step =   1766: nodes = 13937, dt = 1.181490e-12, time = 5.694966e-09, elapsed = 1395.1 sec
Step =   1767: nodes = 13938, dt = 1.417789e-12, time = 5.696384e-09, elapsed = 1395.7 sec
Step =   1768: nodes = 13939, dt = 1.701346e-12, time = 5.698085e-09, elapsed = 1396.4 sec
Step =   1769: nodes = 13938, dt = 2.041615e-12, time = 5.700127e-09, elapsed = 1397.0 sec
Step =   1770: nodes = 13937, dt = 2.449939e-12, time = 5.702577e-09, elapsed = 1397.6 sec
Step =   1771: nodes = 13931, dt = 2.939926e-12, time = 5.705517e-09, elapsed = 1398.3 sec
Step =   1772: nodes = 13932, dt = 3.527912e-12, time = 5.709045e-09, elapsed = 1399.0 sec
Step =   1773: nodes = 13933, dt = 4.233494e-12, time = 5.713278e-09, elapsed = 1399.8 sec
Step =   1774: nodes = 13930, dt = 5.080193e-12, time = 5.718358e-09, elapsed = 1400.6 sec
Step =   1775: nodes = 13930, dt = 6.096231e-12, time = 5.724455e-09, elapsed = 1401.3 sec
Step =   1776: nodes = 13925, dt = 3.657739e-12, time = 5.728112e-09, elapsed = 1402.3 sec
Step =   1777: nodes = 13925, dt = 3.657739e-12, time = 5.731770e-09, elapsed = 1403.0 sec
Step =   1778: nodes = 13927, dt = 4.389286e-12, time = 5.736159e-09, elapsed = 1403.7 sec
Step =   1779: nodes = 13925, dt = 5.267144e-12, time = 5.741427e-09, elapsed = 1404.4 sec
Step =   1780: nodes = 13931, dt = 6.320572e-12, time = 5.747747e-09, elapsed = 1405.2 sec
Step =   1781: nodes = 13930, dt = 3.792343e-12, time = 5.751540e-09, elapsed = 1406.1 sec
Step =   1782: nodes = 13926, dt = 3.792343e-12, time = 5.755332e-09, elapsed = 1406.9 sec
Step =   1783: nodes = 13929, dt = 4.550812e-12, time = 5.759883e-09, elapsed = 1407.5 sec
Step =   1784: nodes = 13933, dt = 5.460975e-12, time = 5.765344e-09, elapsed = 1408.3 sec
Step =   1785: nodes = 13928, dt = 6.553169e-12, time = 5.771897e-09, elapsed = 1409.1 sec
Step =   1786: nodes = 13933, dt = 3.931902e-12, time = 5.775829e-09, elapsed = 1410.0 sec
Step =   1787: nodes = 13931, dt = 3.931902e-12, time = 5.779761e-09, elapsed = 1410.7 sec
Step =   1788: nodes = 13929, dt = 4.718282e-12, time = 5.784479e-09, elapsed = 1411.4 sec
Step =   1789: nodes = 13934, dt = 5.661938e-12, time = 5.790141e-09, elapsed = 1412.2 sec
Step =   1790: nodes = 13926, dt = 6.794326e-12, time = 5.796935e-09, elapsed = 1413.1 sec
Step =   1791: nodes = 13924, dt = 4.076596e-12, time = 5.801012e-09, elapsed = 1414.3 sec
Step =   1792: nodes = 13928, dt = 4.076596e-12, time = 5.805088e-09, elapsed = 1415.0 sec
Step =   1793: nodes = 13924, dt = 4.891915e-12, time = 5.809980e-09, elapsed = 1415.8 sec
Step =   1794: nodes = 13922, dt = 5.870298e-12, time = 5.815851e-09, elapsed = 1416.5 sec
Step =   1795: nodes = 13920, dt = 7.044357e-12, time = 5.822895e-09, elapsed = 1417.3 sec
Step =   1796: nodes = 13917, dt = 4.226614e-12, time = 5.827122e-09, elapsed = 1418.3 sec
Step =   1797: nodes = 13920, dt = 4.226614e-12, time = 5.831348e-09, elapsed = 1419.0 sec
Step =   1798: nodes = 13920, dt = 5.071937e-12, time = 5.836420e-09, elapsed = 1419.7 sec
Step =   1799: nodes = 13916, dt = 6.086325e-12, time = 5.842506e-09, elapsed = 1420.6 sec
Step =   1800: nodes = 13912, dt = 3.651795e-12, time = 5.846158e-09, elapsed = 1421.6 sec
Writing configuration in legacy data format
 Output file: /data/home/dg000246b/openDIS/inital_dislocation_structures/output_caseC_0.18%_seed12345/relax2/config.1800.data
Writing restart file
 Restart file: /data/home/dg000246b/openDIS/inital_dislocation_structures/output_caseC_0.18%_seed12345/relax2/restart.1800.exadis
Step =   1801: nodes = 13917, dt = 3.651795e-12, time = 5.849810e-09, elapsed = 1422.4 sec
Step =   1802: nodes = 13915, dt = 4.382154e-12, time = 5.854192e-09, elapsed = 1423.2 sec
Step =   1803: nodes = 13914, dt = 5.258585e-12, time = 5.859451e-09, elapsed = 1423.9 sec
Step =   1804: nodes = 13911, dt = 3.155151e-12, time = 5.862606e-09, elapsed = 1424.8 sec
Step =   1805: nodes = 13910, dt = 3.155151e-12, time = 5.865761e-09, elapsed = 1425.5 sec
Step =   1806: nodes = 13908, dt = 3.786181e-12, time = 5.869547e-09, elapsed = 1426.2 sec
Step =   1807: nodes = 13909, dt = 4.543417e-12, time = 5.874091e-09, elapsed = 1426.9 sec
Step =   1808: nodes = 13910, dt = 2.726050e-12, time = 5.876817e-09, elapsed = 1427.9 sec
Step =   1809: nodes = 13907, dt = 2.726050e-12, time = 5.879543e-09, elapsed = 1428.5 sec
Step =   1810: nodes = 13908, dt = 3.271260e-12, time = 5.882814e-09, elapsed = 1429.2 sec
Step =   1811: nodes = 13910, dt = 3.925512e-12, time = 5.886740e-09, elapsed = 1429.9 sec
Step =   1812: nodes = 13912, dt = 4.710615e-12, time = 5.891450e-09, elapsed = 1430.7 sec
Step =   1813: nodes = 13910, dt = 5.652738e-12, time = 5.897103e-09, elapsed = 1431.4 sec
Step =   1814: nodes = 13909, dt = 6.783285e-12, time = 5.903886e-09, elapsed = 1432.3 sec
Step =   1815: nodes = 13913, dt = 4.069971e-12, time = 5.907956e-09, elapsed = 1433.3 sec
Step =   1816: nodes = 13908, dt = 4.069971e-12, time = 5.912026e-09, elapsed = 1434.0 sec
Step =   1817: nodes = 13912, dt = 2.441983e-12, time = 5.914468e-09, elapsed = 1434.9 sec
Step =   1818: nodes = 13916, dt = 2.441983e-12, time = 5.916910e-09, elapsed = 1435.5 sec
Step =   1819: nodes = 13913, dt = 2.930379e-12, time = 5.919840e-09, elapsed = 1436.2 sec
Step =   1820: nodes = 13912, dt = 1.758228e-12, time = 5.921599e-09, elapsed = 1437.1 sec
Step =   1821: nodes = 13919, dt = 1.758228e-12, time = 5.923357e-09, elapsed = 1437.7 sec
Step =   1822: nodes = 13920, dt = 2.109873e-12, time = 5.925467e-09, elapsed = 1438.3 sec
Step =   1823: nodes = 13917, dt = 2.531848e-12, time = 5.927999e-09, elapsed = 1439.0 sec
Step =   1824: nodes = 13917, dt = 3.038217e-12, time = 5.931037e-09, elapsed = 1439.7 sec
Step =   1825: nodes = 13916, dt = 3.645861e-12, time = 5.934683e-09, elapsed = 1440.4 sec
Step =   1826: nodes = 13910, dt = 4.375033e-12, time = 5.939058e-09, elapsed = 1441.1 sec
Step =   1827: nodes = 13911, dt = 2.625020e-12, time = 5.941683e-09, elapsed = 1442.0 sec
Step =   1828: nodes = 13911, dt = 2.625020e-12, time = 5.944308e-09, elapsed = 1442.7 sec
Step =   1829: nodes = 13913, dt = 3.150024e-12, time = 5.947458e-09, elapsed = 1443.4 sec
Step =   1830: nodes = 13908, dt = 1.890014e-12, time = 5.949348e-09, elapsed = 1444.5 sec
Step =   1831: nodes = 13899, dt = 1.890014e-12, time = 5.951238e-09, elapsed = 1445.1 sec
Step =   1832: nodes = 13901, dt = 2.268017e-12, time = 5.953506e-09, elapsed = 1445.8 sec
Step =   1833: nodes = 13901, dt = 2.721620e-12, time = 5.956227e-09, elapsed = 1446.4 sec
Step =   1834: nodes = 13901, dt = 3.265944e-12, time = 5.959493e-09, elapsed = 1447.1 sec
Step =   1835: nodes = 13906, dt = 1.959567e-12, time = 5.961453e-09, elapsed = 1447.9 sec
Step =   1836: nodes = 13906, dt = 1.959567e-12, time = 5.963413e-09, elapsed = 1448.5 sec
Step =   1837: nodes = 13904, dt = 2.351480e-12, time = 5.965764e-09, elapsed = 1449.2 sec
Step =   1838: nodes = 13900, dt = 2.821776e-12, time = 5.968586e-09, elapsed = 1449.9 sec
Step =   1839: nodes = 13901, dt = 3.386131e-12, time = 5.971972e-09, elapsed = 1450.5 sec
Step =   1840: nodes = 13904, dt = 4.063357e-12, time = 5.976035e-09, elapsed = 1451.2 sec
Step =   1841: nodes = 13901, dt = 2.438014e-12, time = 5.978473e-09, elapsed = 1452.1 sec
Step =   1842: nodes = 13898, dt = 2.438014e-12, time = 5.980911e-09, elapsed = 1452.7 sec
Step =   1843: nodes = 13898, dt = 2.925617e-12, time = 5.983837e-09, elapsed = 1453.4 sec
Step =   1844: nodes = 13893, dt = 3.510741e-12, time = 5.987348e-09, elapsed = 1454.1 sec
Step =   1845: nodes = 13893, dt = 4.212889e-12, time = 5.991561e-09, elapsed = 1454.8 sec
Step =   1846: nodes = 13892, dt = 2.527733e-12, time = 5.994088e-09, elapsed = 1455.7 sec
Step =   1847: nodes = 13894, dt = 2.527733e-12, time = 5.996616e-09, elapsed = 1456.3 sec
Step =   1848: nodes = 13893, dt = 3.033280e-12, time = 5.999649e-09, elapsed = 1457.0 sec
Step =   1849: nodes = 13893, dt = 9.099840e-13, time = 6.000559e-09, elapsed = 1458.1 sec
Step =   1850: nodes = 13891, dt = 9.099840e-13, time = 6.001469e-09, elapsed = 1458.7 sec
Step =   1851: nodes = 13893, dt = 1.091981e-12, time = 6.002561e-09, elapsed = 1459.2 sec
Step =   1852: nodes = 13895, dt = 1.310377e-12, time = 6.003872e-09, elapsed = 1459.8 sec
Step =   1853: nodes = 13893, dt = 1.572452e-12, time = 6.005444e-09, elapsed = 1460.4 sec
Step =   1854: nodes = 13889, dt = 1.886943e-12, time = 6.007331e-09, elapsed = 1461.1 sec
Step =   1855: nodes = 13887, dt = 2.264331e-12, time = 6.009595e-09, elapsed = 1461.7 sec
Step =   1856: nodes = 13890, dt = 2.717198e-12, time = 6.012313e-09, elapsed = 1462.4 sec
Step =   1857: nodes = 13888, dt = 3.260637e-12, time = 6.015573e-09, elapsed = 1463.0 sec
Step =   1858: nodes = 13888, dt = 3.912765e-12, time = 6.019486e-09, elapsed = 1463.7 sec
Step =   1859: nodes = 13880, dt = 4.695318e-12, time = 6.024181e-09, elapsed = 1464.4 sec
Step =   1860: nodes = 13885, dt = 5.634381e-12, time = 6.029816e-09, elapsed = 1465.2 sec
Step =   1861: nodes = 13888, dt = 3.380629e-12, time = 6.033196e-09, elapsed = 1466.1 sec
Step =   1862: nodes = 13888, dt = 3.380629e-12, time = 6.036577e-09, elapsed = 1466.8 sec
Step =   1863: nodes = 13885, dt = 4.056755e-12, time = 6.040634e-09, elapsed = 1467.5 sec
Step =   1864: nodes = 13886, dt = 2.434053e-12, time = 6.043068e-09, elapsed = 1468.4 sec
Step =   1865: nodes = 13884, dt = 2.434053e-12, time = 6.045502e-09, elapsed = 1469.1 sec
Step =   1866: nodes = 13887, dt = 2.920863e-12, time = 6.048423e-09, elapsed = 1469.7 sec
Step =   1867: nodes = 13883, dt = 3.505036e-12, time = 6.051928e-09, elapsed = 1470.4 sec
Step =   1868: nodes = 13883, dt = 4.206043e-12, time = 6.056134e-09, elapsed = 1471.1 sec
Step =   1869: nodes = 13881, dt = 2.523626e-12, time = 6.058657e-09, elapsed = 1472.0 sec
Step =   1870: nodes = 13881, dt = 2.523626e-12, time = 6.061181e-09, elapsed = 1472.7 sec
Step =   1871: nodes = 13876, dt = 3.028351e-12, time = 6.064209e-09, elapsed = 1473.3 sec
Step =   1872: nodes = 13875, dt = 3.634021e-12, time = 6.067843e-09, elapsed = 1474.2 sec
Step =   1873: nodes = 13881, dt = 2.180413e-12, time = 6.070024e-09, elapsed = 1475.1 sec
Step =   1874: nodes = 13878, dt = 1.090206e-12, time = 6.071114e-09, elapsed = 1476.0 sec
Step =   1875: nodes = 13874, dt = 1.090206e-12, time = 6.072204e-09, elapsed = 1476.5 sec
Step =   1876: nodes = 13877, dt = 1.308248e-12, time = 6.073512e-09, elapsed = 1477.1 sec
Step =   1877: nodes = 13877, dt = 1.569897e-12, time = 6.075082e-09, elapsed = 1477.7 sec
Step =   1878: nodes = 13876, dt = 1.883877e-12, time = 6.076966e-09, elapsed = 1478.3 sec
Step =   1879: nodes = 13874, dt = 2.260652e-12, time = 6.079227e-09, elapsed = 1479.0 sec
Step =   1880: nodes = 13875, dt = 2.712782e-12, time = 6.081940e-09, elapsed = 1479.6 sec
Step =   1881: nodes = 13872, dt = 3.255339e-12, time = 6.085195e-09, elapsed = 1480.3 sec
Step =   1882: nodes = 13869, dt = 3.906407e-12, time = 6.089101e-09, elapsed = 1481.1 sec
Step =   1883: nodes = 13872, dt = 2.343844e-12, time = 6.091445e-09, elapsed = 1481.9 sec
Step =   1884: nodes = 13872, dt = 2.343844e-12, time = 6.093789e-09, elapsed = 1482.6 sec
Step =   1885: nodes = 13871, dt = 2.812613e-12, time = 6.096602e-09, elapsed = 1483.3 sec
Step =   1886: nodes = 13871, dt = 3.375135e-12, time = 6.099977e-09, elapsed = 1483.9 sec
Step =   1887: nodes = 13870, dt = 1.012541e-12, time = 6.100989e-09, elapsed = 1485.0 sec
Step =   1888: nodes = 13868, dt = 1.012541e-12, time = 6.102002e-09, elapsed = 1485.6 sec
Step =   1889: nodes = 13869, dt = 1.215049e-12, time = 6.103217e-09, elapsed = 1486.2 sec
Step =   1890: nodes = 13867, dt = 1.458058e-12, time = 6.104675e-09, elapsed = 1486.8 sec
Step =   1891: nodes = 13868, dt = 1.749670e-12, time = 6.106425e-09, elapsed = 1487.4 sec
Step =   1892: nodes = 13866, dt = 2.099604e-12, time = 6.108524e-09, elapsed = 1488.0 sec
Step =   1893: nodes = 13862, dt = 2.519525e-12, time = 6.111044e-09, elapsed = 1488.7 sec
Step =   1894: nodes = 13868, dt = 3.023430e-12, time = 6.114067e-09, elapsed = 1489.3 sec
Step =   1895: nodes = 13863, dt = 3.628116e-12, time = 6.117695e-09, elapsed = 1490.1 sec
Step =   1896: nodes = 13870, dt = 4.353739e-12, time = 6.122049e-09, elapsed = 1490.8 sec
Step =   1897: nodes = 13871, dt = 5.224487e-12, time = 6.127274e-09, elapsed = 1491.6 sec
Step =   1898: nodes = 13865, dt = 3.134692e-12, time = 6.130408e-09, elapsed = 1492.5 sec
Step =   1899: nodes = 13872, dt = 3.134692e-12, time = 6.133543e-09, elapsed = 1493.2 sec
Step =   1900: nodes = 13874, dt = 3.761631e-12, time = 6.137305e-09, elapsed = 1493.8 sec
Writing configuration in legacy data format
 Output file: /data/home/dg000246b/openDIS/inital_dislocation_structures/output_caseC_0.18%_seed12345/relax2/config.1900.data
Writing restart file
 Restart file: /data/home/dg000246b/openDIS/inital_dislocation_structures/output_caseC_0.18%_seed12345/relax2/restart.1900.exadis
Step =   1901: nodes = 13865, dt = 4.513957e-12, time = 6.141819e-09, elapsed = 1494.7 sec
Step =   1902: nodes = 13867, dt = 5.416748e-12, time = 6.147235e-09, elapsed = 1495.5 sec
Step =   1903: nodes = 13863, dt = 3.250049e-12, time = 6.150485e-09, elapsed = 1496.5 sec
Step =   1904: nodes = 13867, dt = 3.250049e-12, time = 6.153735e-09, elapsed = 1497.1 sec
Step =   1905: nodes = 13867, dt = 3.900059e-12, time = 6.157635e-09, elapsed = 1497.9 sec
Step =   1906: nodes = 13866, dt = 4.680070e-12, time = 6.162316e-09, elapsed = 1498.6 sec
Step =   1907: nodes = 13867, dt = 5.616084e-12, time = 6.167932e-09, elapsed = 1499.5 sec
Step =   1908: nodes = 13870, dt = 6.739301e-12, time = 6.174671e-09, elapsed = 1500.3 sec
Step =   1909: nodes = 13862, dt = 4.043581e-12, time = 6.178714e-09, elapsed = 1501.3 sec
Step =   1910: nodes = 13864, dt = 4.043581e-12, time = 6.182758e-09, elapsed = 1502.0 sec
Step =   1911: nodes = 13868, dt = 4.852297e-12, time = 6.187610e-09, elapsed = 1502.8 sec
Step =   1912: nodes = 13871, dt = 2.911378e-12, time = 6.190522e-09, elapsed = 1504.1 sec
Step =   1913: nodes = 13870, dt = 2.911378e-12, time = 6.193433e-09, elapsed = 1504.7 sec
Step =   1914: nodes = 13872, dt = 1.746827e-12, time = 6.195180e-09, elapsed = 1505.6 sec
Step =   1915: nodes = 13873, dt = 1.746827e-12, time = 6.196927e-09, elapsed = 1506.3 sec
Step =   1916: nodes = 13871, dt = 2.096192e-12, time = 6.199023e-09, elapsed = 1506.9 sec
Step =   1917: nodes = 13869, dt = 2.515431e-12, time = 6.201538e-09, elapsed = 1507.5 sec
Step =   1918: nodes = 13869, dt = 3.018517e-12, time = 6.204557e-09, elapsed = 1508.2 sec
Step =   1919: nodes = 13870, dt = 3.622220e-12, time = 6.208179e-09, elapsed = 1508.8 sec
Step =   1920: nodes = 13871, dt = 4.346664e-12, time = 6.212526e-09, elapsed = 1509.6 sec
Step =   1921: nodes = 13869, dt = 2.607999e-12, time = 6.215134e-09, elapsed = 1510.5 sec
Step =   1922: nodes = 13869, dt = 2.607999e-12, time = 6.217742e-09, elapsed = 1511.1 sec
Step =   1923: nodes = 13871, dt = 3.129598e-12, time = 6.220871e-09, elapsed = 1511.8 sec
Step =   1924: nodes = 13872, dt = 3.755518e-12, time = 6.224627e-09, elapsed = 1512.5 sec
Step =   1925: nodes = 13869, dt = 4.506622e-12, time = 6.229134e-09, elapsed = 1513.2 sec
Step =   1926: nodes = 13871, dt = 5.407946e-12, time = 6.234541e-09, elapsed = 1513.9 sec
Step =   1927: nodes = 13867, dt = 6.489535e-12, time = 6.241031e-09, elapsed = 1514.7 sec
Step =   1928: nodes = 13871, dt = 3.893721e-12, time = 6.244925e-09, elapsed = 1515.7 sec
Step =   1929: nodes = 13865, dt = 3.893721e-12, time = 6.248818e-09, elapsed = 1516.4 sec
Step =   1930: nodes = 13865, dt = 4.672465e-12, time = 6.253491e-09, elapsed = 1517.1 sec
Step =   1931: nodes = 13864, dt = 5.606958e-12, time = 6.259098e-09, elapsed = 1517.9 sec
Step =   1932: nodes = 13865, dt = 6.728350e-12, time = 6.265826e-09, elapsed = 1518.7 sec
Step =   1933: nodes = 13863, dt = 4.037010e-12, time = 6.269863e-09, elapsed = 1519.7 sec
Step =   1934: nodes = 13864, dt = 4.037010e-12, time = 6.273900e-09, elapsed = 1520.4 sec
Step =   1935: nodes = 13860, dt = 4.844412e-12, time = 6.278745e-09, elapsed = 1521.1 sec
Step =   1936: nodes = 13860, dt = 5.813294e-12, time = 6.284558e-09, elapsed = 1521.8 sec
Step =   1937: nodes = 13855, dt = 6.975953e-12, time = 6.291534e-09, elapsed = 1522.6 sec
Step =   1938: nodes = 13857, dt = 4.185572e-12, time = 6.295719e-09, elapsed = 1523.6 sec
Step =   1939: nodes = 13860, dt = 4.185572e-12, time = 6.299905e-09, elapsed = 1524.3 sec
Step =   1940: nodes = 13856, dt = 5.022686e-12, time = 6.304928e-09, elapsed = 1525.1 sec
Step =   1941: nodes = 13855, dt = 6.027224e-12, time = 6.310955e-09, elapsed = 1525.8 sec
Step =   1942: nodes = 13861, dt = 7.232668e-12, time = 6.318188e-09, elapsed = 1526.6 sec
Step =   1943: nodes = 13852, dt = 4.339601e-12, time = 6.322527e-09, elapsed = 1527.6 sec
Step =   1944: nodes = 13852, dt = 4.339601e-12, time = 6.326867e-09, elapsed = 1528.3 sec
Step =   1945: nodes = 13853, dt = 5.207521e-12, time = 6.332074e-09, elapsed = 1529.0 sec
Step =   1946: nodes = 13851, dt = 6.249025e-12, time = 6.338323e-09, elapsed = 1529.8 sec
Step =   1947: nodes = 13852, dt = 3.749415e-12, time = 6.342073e-09, elapsed = 1530.7 sec
Step =   1948: nodes = 13849, dt = 3.749415e-12, time = 6.345822e-09, elapsed = 1531.3 sec
Step =   1949: nodes = 13846, dt = 4.499298e-12, time = 6.350322e-09, elapsed = 1532.0 sec
Step =   1950: nodes = 13842, dt = 5.399158e-12, time = 6.355721e-09, elapsed = 1532.7 sec
Step =   1951: nodes = 13841, dt = 6.478989e-12, time = 6.362200e-09, elapsed = 1533.5 sec
Step =   1952: nodes = 13836, dt = 3.887394e-12, time = 6.366087e-09, elapsed = 1534.7 sec
Step =   1953: nodes = 13829, dt = 3.887394e-12, time = 6.369974e-09, elapsed = 1535.3 sec
Step =   1954: nodes = 13828, dt = 4.664872e-12, time = 6.374639e-09, elapsed = 1536.0 sec
Step =   1955: nodes = 13827, dt = 5.597847e-12, time = 6.380237e-09, elapsed = 1536.8 sec
Step =   1956: nodes = 13824, dt = 6.717416e-12, time = 6.386955e-09, elapsed = 1537.7 sec
Step =   1957: nodes = 13824, dt = 4.030450e-12, time = 6.390985e-09, elapsed = 1538.6 sec
Step =   1958: nodes = 13824, dt = 4.030450e-12, time = 6.395015e-09, elapsed = 1539.2 sec
Step =   1959: nodes = 13826, dt = 4.836540e-12, time = 6.399852e-09, elapsed = 1539.9 sec
Step =   1960: nodes = 13826, dt = 5.803848e-12, time = 6.405656e-09, elapsed = 1540.6 sec
Step =   1961: nodes = 13827, dt = 3.482309e-12, time = 6.409138e-09, elapsed = 1541.6 sec
Step =   1962: nodes = 13823, dt = 3.482309e-12, time = 6.412620e-09, elapsed = 1542.2 sec
Step =   1963: nodes = 13832, dt = 4.178770e-12, time = 6.416799e-09, elapsed = 1542.9 sec
Step =   1964: nodes = 13834, dt = 5.014524e-12, time = 6.421814e-09, elapsed = 1543.7 sec
Step =   1965: nodes = 13836, dt = 6.017429e-12, time = 6.427831e-09, elapsed = 1544.4 sec
Step =   1966: nodes = 13840, dt = 3.610458e-12, time = 6.431442e-09, elapsed = 1545.4 sec
Step =   1967: nodes = 13840, dt = 3.610458e-12, time = 6.435052e-09, elapsed = 1546.0 sec
Step =   1968: nodes = 13844, dt = 4.332549e-12, time = 6.439385e-09, elapsed = 1546.7 sec
Step =   1969: nodes = 13845, dt = 5.199059e-12, time = 6.444584e-09, elapsed = 1547.5 sec
Step =   1970: nodes = 13841, dt = 6.238871e-12, time = 6.450823e-09, elapsed = 1548.2 sec
Step =   1971: nodes = 13841, dt = 3.743322e-12, time = 6.454566e-09, elapsed = 1549.1 sec
Step =   1972: nodes = 13848, dt = 3.743322e-12, time = 6.458309e-09, elapsed = 1549.8 sec
Step =   1973: nodes = 13847, dt = 4.491987e-12, time = 6.462801e-09, elapsed = 1550.5 sec
Step =   1974: nodes = 13843, dt = 5.390384e-12, time = 6.468192e-09, elapsed = 1551.3 sec
Step =   1975: nodes = 13838, dt = 6.468461e-12, time = 6.474660e-09, elapsed = 1552.1 sec
Step =   1976: nodes = 13836, dt = 3.881077e-12, time = 6.478541e-09, elapsed = 1553.0 sec
Step =   1977: nodes = 13837, dt = 3.881077e-12, time = 6.482422e-09, elapsed = 1553.7 sec
Step =   1978: nodes = 13832, dt = 4.657292e-12, time = 6.487080e-09, elapsed = 1554.4 sec
Step =   1979: nodes = 13828, dt = 5.588750e-12, time = 6.492668e-09, elapsed = 1555.1 sec
Step =   1980: nodes = 13823, dt = 6.706500e-12, time = 6.499375e-09, elapsed = 1555.9 sec
Step =   1981: nodes = 13823, dt = 4.023900e-12, time = 6.503399e-09, elapsed = 1556.8 sec
Step =   1982: nodes = 13824, dt = 4.023900e-12, time = 6.507423e-09, elapsed = 1557.5 sec
Step =   1983: nodes = 13827, dt = 4.828680e-12, time = 6.512251e-09, elapsed = 1558.2 sec
Step =   1984: nodes = 13825, dt = 5.794416e-12, time = 6.518046e-09, elapsed = 1559.0 sec
Step =   1985: nodes = 13825, dt = 6.953300e-12, time = 6.524999e-09, elapsed = 1559.8 sec
Step =   1986: nodes = 13825, dt = 4.171980e-12, time = 6.529171e-09, elapsed = 1560.7 sec
Step =   1987: nodes = 13827, dt = 4.171980e-12, time = 6.533343e-09, elapsed = 1561.4 sec
Step =   1988: nodes = 13829, dt = 5.006376e-12, time = 6.538349e-09, elapsed = 1562.1 sec
Step =   1989: nodes = 13833, dt = 6.007651e-12, time = 6.544357e-09, elapsed = 1562.9 sec
Step =   1990: nodes = 13826, dt = 3.604591e-12, time = 6.547962e-09, elapsed = 1564.2 sec
Step =   1991: nodes = 13825, dt = 3.604591e-12, time = 6.551566e-09, elapsed = 1564.9 sec
Step =   1992: nodes = 13830, dt = 4.325509e-12, time = 6.555892e-09, elapsed = 1565.6 sec
Step =   1993: nodes = 13823, dt = 5.190610e-12, time = 6.561082e-09, elapsed = 1566.3 sec
Step =   1994: nodes = 13831, dt = 6.228732e-12, time = 6.567311e-09, elapsed = 1567.1 sec
Step =   1995: nodes = 13823, dt = 3.737239e-12, time = 6.571048e-09, elapsed = 1568.0 sec
Step =   1996: nodes = 13825, dt = 3.737239e-12, time = 6.574785e-09, elapsed = 1568.7 sec
Step =   1997: nodes = 13827, dt = 4.484687e-12, time = 6.579270e-09, elapsed = 1569.4 sec
Step =   1998: nodes = 13826, dt = 5.381625e-12, time = 6.584652e-09, elapsed = 1570.2 sec
Step =   1999: nodes = 13828, dt = 6.457950e-12, time = 6.591110e-09, elapsed = 1570.9 sec
Step =   2000: nodes = 13823, dt = 1.937385e-12, time = 6.593047e-09, elapsed = 1572.1 sec
Writing configuration in legacy data format
 Output file: /data/home/dg000246b/openDIS/inital_dislocation_structures/output_caseC_0.18%_seed12345/relax2/config.2000.data
Writing restart file
 Restart file: /data/home/dg000246b/openDIS/inital_dislocation_structures/output_caseC_0.18%_seed12345/relax2/restart.2000.exadis
Step =   2001: nodes = 13824, dt = 1.937385e-12, time = 6.594984e-09, elapsed = 1572.9 sec
Step =   2002: nodes = 13817, dt = 2.324862e-12, time = 6.597309e-09, elapsed = 1573.5 sec
Step =   2003: nodes = 13812, dt = 2.789834e-12, time = 6.600099e-09, elapsed = 1574.1 sec
Step =   2004: nodes = 13804, dt = 3.347801e-12, time = 6.603447e-09, elapsed = 1574.8 sec
Step =   2005: nodes = 13809, dt = 4.017361e-12, time = 6.607464e-09, elapsed = 1575.6 sec
Step =   2006: nodes = 13809, dt = 2.410417e-12, time = 6.609875e-09, elapsed = 1576.4 sec
Step =   2007: nodes = 13808, dt = 2.410417e-12, time = 6.612285e-09, elapsed = 1577.1 sec
Step =   2008: nodes = 13801, dt = 2.892500e-12, time = 6.615178e-09, elapsed = 1577.8 sec
Step =   2009: nodes = 13804, dt = 3.471000e-12, time = 6.618649e-09, elapsed = 1578.4 sec
Step =   2010: nodes = 13797, dt = 4.165200e-12, time = 6.622814e-09, elapsed = 1579.1 sec
Step =   2011: nodes = 13798, dt = 2.499120e-12, time = 6.625313e-09, elapsed = 1580.0 sec
Step =   2012: nodes = 13797, dt = 2.499120e-12, time = 6.627812e-09, elapsed = 1580.6 sec
Step =   2013: nodes = 13794, dt = 2.998944e-12, time = 6.630811e-09, elapsed = 1581.3 sec
Step =   2014: nodes = 13794, dt = 3.598733e-12, time = 6.634410e-09, elapsed = 1582.0 sec
Step =   2015: nodes = 13792, dt = 2.159240e-12, time = 6.636569e-09, elapsed = 1582.8 sec
Step =   2016: nodes = 13790, dt = 2.159240e-12, time = 6.638728e-09, elapsed = 1583.4 sec
Step =   2017: nodes = 13789, dt = 2.591088e-12, time = 6.641319e-09, elapsed = 1584.0 sec
Step =   2018: nodes = 13786, dt = 3.109305e-12, time = 6.644429e-09, elapsed = 1584.7 sec
Step =   2019: nodes = 13788, dt = 3.731166e-12, time = 6.648160e-09, elapsed = 1585.3 sec
Step =   2020: nodes = 13788, dt = 4.477400e-12, time = 6.652637e-09, elapsed = 1586.0 sec
Step =   2021: nodes = 13782, dt = 5.372880e-12, time = 6.658010e-09, elapsed = 1586.8 sec
Step =   2022: nodes = 13780, dt = 3.223728e-12, time = 6.661234e-09, elapsed = 1587.7 sec
Step =   2023: nodes = 13778, dt = 3.223728e-12, time = 6.664458e-09, elapsed = 1588.4 sec
Step =   2024: nodes = 13781, dt = 3.868473e-12, time = 6.668326e-09, elapsed = 1589.0 sec
Step =   2025: nodes = 13777, dt = 4.642168e-12, time = 6.672968e-09, elapsed = 1589.7 sec
Step =   2026: nodes = 13769, dt = 5.570602e-12, time = 6.678539e-09, elapsed = 1590.4 sec
Step =   2027: nodes = 13775, dt = 3.342361e-12, time = 6.681881e-09, elapsed = 1591.3 sec
Step =   2028: nodes = 13773, dt = 3.342361e-12, time = 6.685224e-09, elapsed = 1592.0 sec
Step =   2029: nodes = 13776, dt = 4.010833e-12, time = 6.689234e-09, elapsed = 1592.7 sec
Step =   2030: nodes = 13776, dt = 2.406500e-12, time = 6.691641e-09, elapsed = 1593.5 sec
Step =   2031: nodes = 13776, dt = 2.406500e-12, time = 6.694047e-09, elapsed = 1594.3 sec
Step =   2032: nodes = 13777, dt = 2.887800e-12, time = 6.696935e-09, elapsed = 1595.0 sec
Step =   2033: nodes = 13774, dt = 3.465360e-12, time = 6.700401e-09, elapsed = 1595.7 sec
Step =   2034: nodes = 13773, dt = 4.158432e-12, time = 6.704559e-09, elapsed = 1596.4 sec
Step =   2035: nodes = 13777, dt = 4.990118e-12, time = 6.709549e-09, elapsed = 1597.1 sec
Step =   2036: nodes = 13777, dt = 5.988142e-12, time = 6.715537e-09, elapsed = 1597.9 sec
Step =   2037: nodes = 13776, dt = 3.592885e-12, time = 6.719130e-09, elapsed = 1598.8 sec
Step =   2038: nodes = 13772, dt = 3.592885e-12, time = 6.722723e-09, elapsed = 1599.5 sec
Step =   2039: nodes = 13773, dt = 4.311462e-12, time = 6.727034e-09, elapsed = 1600.2 sec
Step =   2040: nodes = 13778, dt = 5.173755e-12, time = 6.732208e-09, elapsed = 1600.9 sec
Step =   2041: nodes = 13771, dt = 6.208506e-12, time = 6.738417e-09, elapsed = 1601.7 sec
Step =   2042: nodes = 13766, dt = 7.450207e-12, time = 6.745867e-09, elapsed = 1602.4 sec
Step =   2043: nodes = 13773, dt = 4.470124e-12, time = 6.750337e-09, elapsed = 1603.4 sec
Step =   2044: nodes = 13776, dt = 4.470124e-12, time = 6.754807e-09, elapsed = 1604.0 sec
Step =   2045: nodes = 13773, dt = 5.364149e-12, time = 6.760171e-09, elapsed = 1604.7 sec
Step =   2046: nodes = 13777, dt = 6.436979e-12, time = 6.766608e-09, elapsed = 1605.5 sec
Step =   2047: nodes = 13773, dt = 7.724374e-12, time = 6.774333e-09, elapsed = 1606.3 sec
Step =   2048: nodes = 13768, dt = 9.269249e-12, time = 6.783602e-09, elapsed = 1607.2 sec
Step =   2049: nodes = 13763, dt = 5.561549e-12, time = 6.789163e-09, elapsed = 1608.1 sec
Step =   2050: nodes = 13758, dt = 5.561549e-12, time = 6.794725e-09, elapsed = 1608.9 sec
Step =   2051: nodes = 13755, dt = 6.673859e-12, time = 6.801399e-09, elapsed = 1609.6 sec
Step =   2052: nodes = 13756, dt = 8.008631e-12, time = 6.809408e-09, elapsed = 1610.4 sec
Step =   2053: nodes = 13754, dt = 9.610357e-12, time = 6.819018e-09, elapsed = 1611.2 sec
Step =   2054: nodes = 13754, dt = 2.883107e-12, time = 6.821901e-09, elapsed = 1612.4 sec
Step =   2055: nodes = 13754, dt = 2.883107e-12, time = 6.824784e-09, elapsed = 1613.0 sec
Step =   2056: nodes = 13752, dt = 3.459729e-12, time = 6.828244e-09, elapsed = 1613.7 sec
Step =   2057: nodes = 13751, dt = 4.151674e-12, time = 6.832395e-09, elapsed = 1614.3 sec
Step =   2058: nodes = 13752, dt = 4.982009e-12, time = 6.837378e-09, elapsed = 1615.1 sec
Step =   2059: nodes = 13753, dt = 2.989206e-12, time = 6.840367e-09, elapsed = 1616.0 sec
Step =   2060: nodes = 13750, dt = 2.989206e-12, time = 6.843356e-09, elapsed = 1616.7 sec
Step =   2061: nodes = 13750, dt = 3.587047e-12, time = 6.846943e-09, elapsed = 1617.4 sec
Step =   2062: nodes = 13753, dt = 4.304456e-12, time = 6.851247e-09, elapsed = 1618.1 sec
Step =   2063: nodes = 13756, dt = 5.165347e-12, time = 6.856413e-09, elapsed = 1618.8 sec
Step =   2064: nodes = 13757, dt = 6.198417e-12, time = 6.862611e-09, elapsed = 1619.5 sec
Step =   2065: nodes = 13758, dt = 3.719050e-12, time = 6.866330e-09, elapsed = 1620.5 sec
Step =   2066: nodes = 13756, dt = 3.719050e-12, time = 6.870049e-09, elapsed = 1621.1 sec
Step =   2067: nodes = 13749, dt = 4.462860e-12, time = 6.874512e-09, elapsed = 1621.8 sec
Step =   2068: nodes = 13748, dt = 5.355432e-12, time = 6.879868e-09, elapsed = 1622.6 sec
Step =   2069: nodes = 13756, dt = 6.426518e-12, time = 6.886294e-09, elapsed = 1623.4 sec
Step =   2070: nodes = 13758, dt = 3.855911e-12, time = 6.890150e-09, elapsed = 1624.6 sec
Step =   2071: nodes = 13752, dt = 3.855911e-12, time = 6.894006e-09, elapsed = 1625.2 sec
Step =   2072: nodes = 13750, dt = 4.627093e-12, time = 6.898633e-09, elapsed = 1626.0 sec
Step =   2073: nodes = 13757, dt = 5.552512e-12, time = 6.904186e-09, elapsed = 1626.8 sec
Step =   2074: nodes = 13759, dt = 3.331507e-12, time = 6.907517e-09, elapsed = 1627.7 sec
Step =   2075: nodes = 13754, dt = 3.331507e-12, time = 6.910849e-09, elapsed = 1628.4 sec
Step =   2076: nodes = 13745, dt = 3.997809e-12, time = 6.914846e-09, elapsed = 1629.0 sec
Step =   2077: nodes = 13746, dt = 4.797370e-12, time = 6.919644e-09, elapsed = 1629.8 sec
Step =   2078: nodes = 13740, dt = 5.756844e-12, time = 6.925401e-09, elapsed = 1630.5 sec
Step =   2079: nodes = 13743, dt = 6.908213e-12, time = 6.932309e-09, elapsed = 1631.3 sec
Step =   2080: nodes = 13742, dt = 4.144928e-12, time = 6.936454e-09, elapsed = 1632.3 sec
Step =   2081: nodes = 13747, dt = 4.144928e-12, time = 6.940599e-09, elapsed = 1632.9 sec
Step =   2082: nodes = 13742, dt = 4.973914e-12, time = 6.945573e-09, elapsed = 1633.6 sec
Step =   2083: nodes = 13745, dt = 5.968696e-12, time = 6.951541e-09, elapsed = 1634.4 sec
Step =   2084: nodes = 13752, dt = 7.162435e-12, time = 6.958704e-09, elapsed = 1635.2 sec
Step =   2085: nodes = 13751, dt = 4.297461e-12, time = 6.963001e-09, elapsed = 1636.1 sec
Step =   2086: nodes = 13748, dt = 4.297461e-12, time = 6.967299e-09, elapsed = 1636.8 sec
Step =   2087: nodes = 13753, dt = 5.156954e-12, time = 6.972456e-09, elapsed = 1637.5 sec
Step =   2088: nodes = 13746, dt = 6.188344e-12, time = 6.978644e-09, elapsed = 1638.3 sec
Step =   2089: nodes = 13751, dt = 3.713007e-12, time = 6.982357e-09, elapsed = 1639.2 sec
Step =   2090: nodes = 13747, dt = 3.713007e-12, time = 6.986070e-09, elapsed = 1640.0 sec
Step =   2091: nodes = 13745, dt = 4.455608e-12, time = 6.990526e-09, elapsed = 1640.6 sec
Step =   2092: nodes = 13741, dt = 5.346729e-12, time = 6.995872e-09, elapsed = 1641.4 sec
Step =   2093: nodes = 13742, dt = 3.208038e-12, time = 6.999080e-09, elapsed = 1642.3 sec
Step =   2094: nodes = 13733, dt = 3.208038e-12, time = 7.002288e-09, elapsed = 1643.0 sec
Step =   2095: nodes = 13739, dt = 3.849645e-12, time = 7.006138e-09, elapsed = 1643.7 sec
Step =   2096: nodes = 13741, dt = 4.619574e-12, time = 7.010758e-09, elapsed = 1644.4 sec
Step =   2097: nodes = 13744, dt = 5.543489e-12, time = 7.016301e-09, elapsed = 1645.2 sec
Step =   2098: nodes = 13743, dt = 6.652187e-12, time = 7.022953e-09, elapsed = 1645.9 sec
Step =   2099: nodes = 13743, dt = 3.991312e-12, time = 7.026945e-09, elapsed = 1646.9 sec
Step =   2100: nodes = 13748, dt = 3.991312e-12, time = 7.030936e-09, elapsed = 1647.5 sec
Writing configuration in legacy data format
 Output file: /data/home/dg000246b/openDIS/inital_dislocation_structures/output_caseC_0.18%_seed12345/relax2/config.2100.data
Writing restart file
 Restart file: /data/home/dg000246b/openDIS/inital_dislocation_structures/output_caseC_0.18%_seed12345/relax2/restart.2100.exadis
Step =   2101: nodes = 13743, dt = 4.789575e-12, time = 7.035725e-09, elapsed = 1648.4 sec
Step =   2102: nodes = 13734, dt = 5.747489e-12, time = 7.041473e-09, elapsed = 1649.1 sec
Step =   2103: nodes = 13733, dt = 3.448494e-12, time = 7.044921e-09, elapsed = 1650.1 sec
Step =   2104: nodes = 13739, dt = 3.448494e-12, time = 7.048370e-09, elapsed = 1650.8 sec
Step =   2105: nodes = 13734, dt = 2.069096e-12, time = 7.050439e-09, elapsed = 1651.7 sec
Step =   2106: nodes = 13733, dt = 2.069096e-12, time = 7.052508e-09, elapsed = 1652.4 sec
Step =   2107: nodes = 13734, dt = 2.482915e-12, time = 7.054991e-09, elapsed = 1653.0 sec
Step =   2108: nodes = 13730, dt = 2.979499e-12, time = 7.057970e-09, elapsed = 1654.0 sec
Step =   2109: nodes = 13732, dt = 3.575398e-12, time = 7.061546e-09, elapsed = 1654.8 sec
Step =   2110: nodes = 13729, dt = 4.290478e-12, time = 7.065836e-09, elapsed = 1655.5 sec
Step =   2111: nodes = 13727, dt = 5.148573e-12, time = 7.070985e-09, elapsed = 1656.4 sec
Step =   2112: nodes = 13729, dt = 6.178288e-12, time = 7.077163e-09, elapsed = 1657.2 sec
Step =   2113: nodes = 13725, dt = 3.706973e-12, time = 7.080870e-09, elapsed = 1658.1 sec
Step =   2114: nodes = 13725, dt = 3.706973e-12, time = 7.084577e-09, elapsed = 1658.8 sec
Step =   2115: nodes = 13726, dt = 4.448367e-12, time = 7.089026e-09, elapsed = 1659.5 sec
Step =   2116: nodes = 13727, dt = 5.338041e-12, time = 7.094364e-09, elapsed = 1660.3 sec
Step =   2117: nodes = 13726, dt = 6.405649e-12, time = 7.100769e-09, elapsed = 1661.1 sec
Step =   2118: nodes = 13729, dt = 3.843390e-12, time = 7.104613e-09, elapsed = 1662.0 sec
Step =   2119: nodes = 13725, dt = 3.843390e-12, time = 7.108456e-09, elapsed = 1662.7 sec
Step =   2120: nodes = 13724, dt = 4.612067e-12, time = 7.113068e-09, elapsed = 1663.4 sec
Step =   2121: nodes = 13725, dt = 5.534481e-12, time = 7.118603e-09, elapsed = 1664.2 sec
Step =   2122: nodes = 13729, dt = 3.320689e-12, time = 7.121923e-09, elapsed = 1665.1 sec
Step =   2123: nodes = 13726, dt = 3.320689e-12, time = 7.125244e-09, elapsed = 1665.7 sec
Step =   2124: nodes = 13721, dt = 3.984826e-12, time = 7.129229e-09, elapsed = 1666.5 sec
Step =   2125: nodes = 13718, dt = 4.781792e-12, time = 7.134011e-09, elapsed = 1667.2 sec
Step =   2126: nodes = 13715, dt = 5.738150e-12, time = 7.139749e-09, elapsed = 1668.0 sec
Step =   2127: nodes = 13713, dt = 6.885780e-12, time = 7.146634e-09, elapsed = 1668.8 sec
Step =   2128: nodes = 13715, dt = 4.131468e-12, time = 7.150766e-09, elapsed = 1669.7 sec
Step =   2129: nodes = 13709, dt = 4.131468e-12, time = 7.154897e-09, elapsed = 1670.4 sec
Step =   2130: nodes = 13716, dt = 4.957761e-12, time = 7.159855e-09, elapsed = 1671.2 sec
Step =   2131: nodes = 13716, dt = 5.949314e-12, time = 7.165804e-09, elapsed = 1672.0 sec
Step =   2132: nodes = 13708, dt = 7.139176e-12, time = 7.172944e-09, elapsed = 1672.8 sec
Step =   2133: nodes = 13718, dt = 4.283506e-12, time = 7.177227e-09, elapsed = 1673.8 sec
Step =   2134: nodes = 13715, dt = 4.283506e-12, time = 7.181511e-09, elapsed = 1674.5 sec
Step =   2135: nodes = 13713, dt = 5.140207e-12, time = 7.186651e-09, elapsed = 1675.2 sec
Step =   2136: nodes = 13714, dt = 6.168248e-12, time = 7.192819e-09, elapsed = 1676.1 sec
Step =   2137: nodes = 13724, dt = 7.401898e-12, time = 7.200221e-09, elapsed = 1676.9 sec
Step =   2138: nodes = 13720, dt = 4.441139e-12, time = 7.204662e-09, elapsed = 1677.9 sec
Step =   2139: nodes = 13718, dt = 4.441139e-12, time = 7.209103e-09, elapsed = 1678.6 sec
Step =   2140: nodes = 13713, dt = 5.329367e-12, time = 7.214433e-09, elapsed = 1679.4 sec
Step =   2141: nodes = 13717, dt = 6.395240e-12, time = 7.220828e-09, elapsed = 1680.2 sec
Step =   2142: nodes = 13718, dt = 3.837144e-12, time = 7.224665e-09, elapsed = 1681.1 sec
Step =   2143: nodes = 13715, dt = 3.837144e-12, time = 7.228502e-09, elapsed = 1681.8 sec
Step =   2144: nodes = 13719, dt = 4.604573e-12, time = 7.233107e-09, elapsed = 1682.6 sec
Step =   2145: nodes = 13716, dt = 5.525487e-12, time = 7.238632e-09, elapsed = 1683.4 sec
Step =   2146: nodes = 13708, dt = 6.630585e-12, time = 7.245263e-09, elapsed = 1684.5 sec
Step =   2147: nodes = 13705, dt = 3.978351e-12, time = 7.249241e-09, elapsed = 1685.4 sec
Step =   2148: nodes = 13709, dt = 3.978351e-12, time = 7.253220e-09, elapsed = 1686.1 sec
Step =   2149: nodes = 13708, dt = 4.774021e-12, time = 7.257994e-09, elapsed = 1686.8 sec
Step =   2150: nodes = 13706, dt = 5.728825e-12, time = 7.263722e-09, elapsed = 1687.6 sec
Step =   2151: nodes = 13716, dt = 6.874590e-12, time = 7.270597e-09, elapsed = 1688.4 sec
Step =   2152: nodes = 13713, dt = 4.124754e-12, time = 7.274722e-09, elapsed = 1689.3 sec
Step =   2153: nodes = 13713, dt = 4.124754e-12, time = 7.278847e-09, elapsed = 1690.0 sec
Step =   2154: nodes = 13706, dt = 4.949705e-12, time = 7.283796e-09, elapsed = 1690.8 sec
Step =   2155: nodes = 13706, dt = 5.939646e-12, time = 7.289736e-09, elapsed = 1691.5 sec
Step =   2156: nodes = 13704, dt = 7.127575e-12, time = 7.296863e-09, elapsed = 1692.3 sec
Step =   2157: nodes = 13707, dt = 4.276545e-12, time = 7.301140e-09, elapsed = 1693.3 sec
Step =   2158: nodes = 13710, dt = 4.276545e-12, time = 7.305417e-09, elapsed = 1694.0 sec
Step =   2159: nodes = 13705, dt = 5.131854e-12, time = 7.310548e-09, elapsed = 1694.8 sec
Step =   2160: nodes = 13706, dt = 6.158225e-12, time = 7.316707e-09, elapsed = 1695.6 sec
Step =   2161: nodes = 13705, dt = 3.694935e-12, time = 7.320402e-09, elapsed = 1696.6 sec
Step =   2162: nodes = 13703, dt = 3.694935e-12, time = 7.324096e-09, elapsed = 1697.3 sec
Step =   2163: nodes = 13696, dt = 4.433922e-12, time = 7.328530e-09, elapsed = 1698.1 sec
Step =   2164: nodes = 13695, dt = 5.320706e-12, time = 7.333851e-09, elapsed = 1698.8 sec
Step =   2165: nodes = 13693, dt = 3.192424e-12, time = 7.337044e-09, elapsed = 1699.7 sec
Step =   2166: nodes = 13692, dt = 3.192424e-12, time = 7.340236e-09, elapsed = 1700.4 sec
Step =   2167: nodes = 13692, dt = 3.830909e-12, time = 7.344067e-09, elapsed = 1701.2 sec
Step =   2168: nodes = 13697, dt = 4.597090e-12, time = 7.348664e-09, elapsed = 1701.9 sec
Step =   2169: nodes = 13690, dt = 5.516508e-12, time = 7.354180e-09, elapsed = 1702.7 sec
Step =   2170: nodes = 13697, dt = 6.619810e-12, time = 7.360800e-09, elapsed = 1703.5 sec
Step =   2171: nodes = 13700, dt = 3.971886e-12, time = 7.364772e-09, elapsed = 1704.4 sec
Step =   2172: nodes = 13697, dt = 3.971886e-12, time = 7.368744e-09, elapsed = 1705.1 sec
Step =   2173: nodes = 13698, dt = 4.766263e-12, time = 7.373510e-09, elapsed = 1705.8 sec
Step =   2174: nodes = 13701, dt = 5.719516e-12, time = 7.379230e-09, elapsed = 1706.6 sec
Step =   2175: nodes = 13699, dt = 6.863419e-12, time = 7.386093e-09, elapsed = 1707.4 sec
Step =   2176: nodes = 13703, dt = 4.118051e-12, time = 7.390211e-09, elapsed = 1708.3 sec
Step =   2177: nodes = 13700, dt = 4.118051e-12, time = 7.394329e-09, elapsed = 1709.1 sec
Step =   2178: nodes = 13696, dt = 4.941662e-12, time = 7.399271e-09, elapsed = 1709.8 sec
Step =   2179: nodes = 13701, dt = 5.929994e-12, time = 7.405201e-09, elapsed = 1710.6 sec
Step =   2180: nodes = 13705, dt = 7.115993e-12, time = 7.412317e-09, elapsed = 1711.4 sec
Step =   2181: nodes = 13703, dt = 4.269596e-12, time = 7.416587e-09, elapsed = 1712.3 sec
Step =   2182: nodes = 13702, dt = 4.269596e-12, time = 7.420856e-09, elapsed = 1713.1 sec
Step =   2183: nodes = 13698, dt = 5.123515e-12, time = 7.425980e-09, elapsed = 1713.9 sec
Step =   2184: nodes = 13702, dt = 3.074109e-12, time = 7.429054e-09, elapsed = 1715.1 sec
Step =   2185: nodes = 13695, dt = 3.074109e-12, time = 7.432128e-09, elapsed = 1715.8 sec
Step =   2186: nodes = 13702, dt = 3.688931e-12, time = 7.435817e-09, elapsed = 1716.5 sec
Step =   2187: nodes = 13692, dt = 2.213358e-12, time = 7.438030e-09, elapsed = 1717.4 sec
Step =   2188: nodes = 13691, dt = 2.213358e-12, time = 7.440244e-09, elapsed = 1718.0 sec
Step =   2189: nodes = 13684, dt = 2.656030e-12, time = 7.442900e-09, elapsed = 1718.7 sec
Step =   2190: nodes = 13683, dt = 3.187236e-12, time = 7.446087e-09, elapsed = 1719.3 sec
Step =   2191: nodes = 13684, dt = 3.824683e-12, time = 7.449912e-09, elapsed = 1720.0 sec
Step =   2192: nodes = 13678, dt = 2.294810e-12, time = 7.452206e-09, elapsed = 1720.9 sec
Step =   2193: nodes = 13678, dt = 2.294810e-12, time = 7.454501e-09, elapsed = 1721.5 sec
Step =   2194: nodes = 13687, dt = 2.753772e-12, time = 7.457255e-09, elapsed = 1722.1 sec
Step =   2195: nodes = 13681, dt = 3.304526e-12, time = 7.460559e-09, elapsed = 1722.8 sec
Step =   2196: nodes = 13677, dt = 3.965432e-12, time = 7.464525e-09, elapsed = 1723.5 sec
Step =   2197: nodes = 13684, dt = 2.379259e-12, time = 7.466904e-09, elapsed = 1724.4 sec
Step =   2198: nodes = 13680, dt = 2.379259e-12, time = 7.469283e-09, elapsed = 1725.0 sec
Step =   2199: nodes = 13677, dt = 2.855111e-12, time = 7.472138e-09, elapsed = 1725.6 sec
Step =   2200: nodes = 13676, dt = 3.426133e-12, time = 7.475565e-09, elapsed = 1726.2 sec
Writing configuration in legacy data format
 Output file: /data/home/dg000246b/openDIS/inital_dislocation_structures/output_caseC_0.18%_seed12345/relax2/config.2200.data
Writing restart file
 Restart file: /data/home/dg000246b/openDIS/inital_dislocation_structures/output_caseC_0.18%_seed12345/relax2/restart.2200.exadis
Step =   2201: nodes = 13672, dt = 4.111360e-12, time = 7.479676e-09, elapsed = 1727.0 sec
Step =   2202: nodes = 13674, dt = 4.933632e-12, time = 7.484610e-09, elapsed = 1727.8 sec
Step =   2203: nodes = 13675, dt = 2.960179e-12, time = 7.487570e-09, elapsed = 1728.6 sec
Step =   2204: nodes = 13675, dt = 2.960179e-12, time = 7.490530e-09, elapsed = 1729.3 sec
Step =   2205: nodes = 13675, dt = 3.552215e-12, time = 7.494082e-09, elapsed = 1730.0 sec
Step =   2206: nodes = 13673, dt = 4.262658e-12, time = 7.498345e-09, elapsed = 1730.7 sec
Step =   2207: nodes = 13676, dt = 2.557595e-12, time = 7.500902e-09, elapsed = 1731.6 sec
Step =   2208: nodes = 13675, dt = 2.557595e-12, time = 7.503460e-09, elapsed = 1732.2 sec
Step =   2209: nodes = 13678, dt = 1.534557e-12, time = 7.504995e-09, elapsed = 1733.1 sec
Step =   2210: nodes = 13672, dt = 1.534557e-12, time = 7.506529e-09, elapsed = 1733.7 sec
Step =   2211: nodes = 13669, dt = 1.841468e-12, time = 7.508371e-09, elapsed = 1734.3 sec
Step =   2212: nodes = 13668, dt = 2.209762e-12, time = 7.510580e-09, elapsed = 1734.9 sec
Step =   2213: nodes = 13665, dt = 2.651714e-12, time = 7.513232e-09, elapsed = 1735.5 sec
Step =   2214: nodes = 13665, dt = 3.182057e-12, time = 7.516414e-09, elapsed = 1736.2 sec
Step =   2215: nodes = 13660, dt = 3.818468e-12, time = 7.520233e-09, elapsed = 1736.8 sec
Step =   2216: nodes = 13660, dt = 2.291081e-12, time = 7.522524e-09, elapsed = 1737.7 sec
Step =   2217: nodes = 13660, dt = 2.291081e-12, time = 7.524815e-09, elapsed = 1738.3 sec
Step =   2218: nodes = 13658, dt = 2.749297e-12, time = 7.527564e-09, elapsed = 1739.0 sec
Step =   2219: nodes = 13650, dt = 3.299157e-12, time = 7.530863e-09, elapsed = 1739.7 sec
Step =   2220: nodes = 13656, dt = 3.958988e-12, time = 7.534822e-09, elapsed = 1740.3 sec
Step =   2221: nodes = 13655, dt = 2.375393e-12, time = 7.537198e-09, elapsed = 1741.3 sec
Step =   2222: nodes = 13653, dt = 2.375393e-12, time = 7.539573e-09, elapsed = 1741.9 sec
Step =   2223: nodes = 13657, dt = 2.850471e-12, time = 7.542423e-09, elapsed = 1742.5 sec
Step =   2224: nodes = 13653, dt = 3.420566e-12, time = 7.545844e-09, elapsed = 1743.3 sec
Step =   2225: nodes = 13652, dt = 4.104679e-12, time = 7.549949e-09, elapsed = 1744.3 sec
Step =   2226: nodes = 13654, dt = 2.462807e-12, time = 7.552412e-09, elapsed = 1745.2 sec
Step =   2227: nodes = 13656, dt = 2.462807e-12, time = 7.554874e-09, elapsed = 1745.8 sec
Step =   2228: nodes = 13657, dt = 2.955369e-12, time = 7.557830e-09, elapsed = 1746.5 sec
Step =   2229: nodes = 13657, dt = 3.546442e-12, time = 7.561376e-09, elapsed = 1747.2 sec
Step =   2230: nodes = 13654, dt = 2.127865e-12, time = 7.563504e-09, elapsed = 1748.0 sec
Step =   2231: nodes = 13654, dt = 2.127865e-12, time = 7.565632e-09, elapsed = 1748.6 sec
Step =   2232: nodes = 13654, dt = 2.553439e-12, time = 7.568185e-09, elapsed = 1749.3 sec
Step =   2233: nodes = 13656, dt = 3.064126e-12, time = 7.571249e-09, elapsed = 1749.9 sec
Step =   2234: nodes = 13656, dt = 3.676951e-12, time = 7.574926e-09, elapsed = 1750.6 sec
Step =   2235: nodes = 13654, dt = 4.412342e-12, time = 7.579339e-09, elapsed = 1751.3 sec
Step =   2236: nodes = 13649, dt = 2.647405e-12, time = 7.581986e-09, elapsed = 1752.2 sec
Step =   2237: nodes = 13649, dt = 2.647405e-12, time = 7.584634e-09, elapsed = 1752.8 sec
Step =   2238: nodes = 13645, dt = 3.176886e-12, time = 7.587810e-09, elapsed = 1753.5 sec
Step =   2239: nodes = 13644, dt = 3.812263e-12, time = 7.591623e-09, elapsed = 1754.2 sec
Step =   2240: nodes = 13652, dt = 2.287358e-12, time = 7.593910e-09, elapsed = 1755.1 sec
Step =   2241: nodes = 13651, dt = 1.143679e-12, time = 7.595054e-09, elapsed = 1756.0 sec
Step =   2242: nodes = 13651, dt = 1.143679e-12, time = 7.596197e-09, elapsed = 1756.6 sec
Step =   2243: nodes = 13651, dt = 1.372415e-12, time = 7.597570e-09, elapsed = 1757.2 sec
Step =   2244: nodes = 13650, dt = 1.646898e-12, time = 7.599217e-09, elapsed = 1757.8 sec
Step =   2245: nodes = 13648, dt = 1.976277e-12, time = 7.601193e-09, elapsed = 1758.5 sec
Step =   2246: nodes = 13644, dt = 2.371533e-12, time = 7.603565e-09, elapsed = 1759.1 sec
Step =   2247: nodes = 13638, dt = 2.845839e-12, time = 7.606410e-09, elapsed = 1759.7 sec
Step =   2248: nodes = 13647, dt = 3.415007e-12, time = 7.609825e-09, elapsed = 1760.4 sec
Step =   2249: nodes = 13639, dt = 4.098009e-12, time = 7.613923e-09, elapsed = 1761.0 sec
Step =   2250: nodes = 13640, dt = 2.458805e-12, time = 7.616382e-09, elapsed = 1761.9 sec
Step =   2251: nodes = 13636, dt = 2.458805e-12, time = 7.618841e-09, elapsed = 1762.5 sec
Step =   2252: nodes = 13637, dt = 2.950566e-12, time = 7.621792e-09, elapsed = 1763.2 sec
Step =   2253: nodes = 13639, dt = 3.540679e-12, time = 7.625332e-09, elapsed = 1763.9 sec
Step =   2254: nodes = 13635, dt = 2.124408e-12, time = 7.627457e-09, elapsed = 1764.7 sec
Step =   2255: nodes = 13635, dt = 2.124408e-12, time = 7.629581e-09, elapsed = 1765.4 sec
Step =   2256: nodes = 13635, dt = 1.274645e-12, time = 7.630856e-09, elapsed = 1766.2 sec
Step =   2257: nodes = 13629, dt = 1.274645e-12, time = 7.632130e-09, elapsed = 1766.8 sec
Step =   2258: nodes = 13628, dt = 1.529573e-12, time = 7.633660e-09, elapsed = 1767.4 sec
Step =   2259: nodes = 13627, dt = 1.835488e-12, time = 7.635495e-09, elapsed = 1768.0 sec
Step =   2260: nodes = 13625, dt = 2.202586e-12, time = 7.637698e-09, elapsed = 1768.6 sec
Step =   2261: nodes = 13624, dt = 1.321552e-12, time = 7.639020e-09, elapsed = 1769.4 sec
Step =   2262: nodes = 13622, dt = 1.321552e-12, time = 7.640341e-09, elapsed = 1770.0 sec
Step =   2263: nodes = 13619, dt = 1.585862e-12, time = 7.641927e-09, elapsed = 1770.6 sec
Step =   2264: nodes = 13621, dt = 1.903034e-12, time = 7.643830e-09, elapsed = 1771.3 sec
Step =   2265: nodes = 13622, dt = 2.283641e-12, time = 7.646114e-09, elapsed = 1771.9 sec
Step =   2266: nodes = 13621, dt = 2.740369e-12, time = 7.648854e-09, elapsed = 1772.5 sec
Step =   2267: nodes = 13626, dt = 3.288443e-12, time = 7.652142e-09, elapsed = 1773.2 sec
Step =   2268: nodes = 13627, dt = 3.946132e-12, time = 7.656089e-09, elapsed = 1773.8 sec
Step =   2269: nodes = 13628, dt = 2.367679e-12, time = 7.658456e-09, elapsed = 1774.8 sec
Step =   2270: nodes = 13627, dt = 2.367679e-12, time = 7.660824e-09, elapsed = 1775.5 sec
Step =   2271: nodes = 13624, dt = 2.841215e-12, time = 7.663665e-09, elapsed = 1776.1 sec
Step =   2272: nodes = 13629, dt = 3.409458e-12, time = 7.667075e-09, elapsed = 1776.8 sec
Step =   2273: nodes = 13625, dt = 4.091349e-12, time = 7.671166e-09, elapsed = 1777.4 sec
Step =   2274: nodes = 13621, dt = 4.909619e-12, time = 7.676076e-09, elapsed = 1778.1 sec
Step =   2275: nodes = 13619, dt = 2.945771e-12, time = 7.679021e-09, elapsed = 1779.0 sec
Step =   2276: nodes = 13622, dt = 2.945771e-12, time = 7.681967e-09, elapsed = 1779.6 sec
Step =   2277: nodes = 13621, dt = 3.534926e-12, time = 7.685502e-09, elapsed = 1780.4 sec
Step =   2278: nodes = 13618, dt = 4.241911e-12, time = 7.689744e-09, elapsed = 1781.1 sec
Step =   2279: nodes = 13617, dt = 2.545147e-12, time = 7.692289e-09, elapsed = 1782.0 sec
Step =   2280: nodes = 13615, dt = 2.545147e-12, time = 7.694834e-09, elapsed = 1782.6 sec
Step =   2281: nodes = 13612, dt = 3.054176e-12, time = 7.697888e-09, elapsed = 1783.3 sec
Step =   2282: nodes = 13607, dt = 3.665011e-12, time = 7.701553e-09, elapsed = 1784.0 sec
Step =   2283: nodes = 13613, dt = 4.398013e-12, time = 7.705951e-09, elapsed = 1784.7 sec
Step =   2284: nodes = 13608, dt = 5.277616e-12, time = 7.711229e-09, elapsed = 1785.5 sec
Step =   2285: nodes = 13612, dt = 3.166570e-12, time = 7.714396e-09, elapsed = 1786.4 sec
Step =   2286: nodes = 13611, dt = 3.166570e-12, time = 7.717562e-09, elapsed = 1787.0 sec
Step =   2287: nodes = 13613, dt = 3.799883e-12, time = 7.721362e-09, elapsed = 1787.7 sec
Step =   2288: nodes = 13616, dt = 2.279930e-12, time = 7.723642e-09, elapsed = 1788.6 sec
Step =   2289: nodes = 13614, dt = 2.279930e-12, time = 7.725922e-09, elapsed = 1789.2 sec
Step =   2290: nodes = 13614, dt = 2.735916e-12, time = 7.728658e-09, elapsed = 1789.8 sec
Step =   2291: nodes = 13615, dt = 3.283099e-12, time = 7.731941e-09, elapsed = 1790.4 sec
Step =   2292: nodes = 13617, dt = 3.939719e-12, time = 7.735881e-09, elapsed = 1791.1 sec
Step =   2293: nodes = 13612, dt = 4.727663e-12, time = 7.740608e-09, elapsed = 1791.8 sec
Step =   2294: nodes = 13619, dt = 2.836598e-12, time = 7.743445e-09, elapsed = 1792.6 sec
Step =   2295: nodes = 13612, dt = 2.836598e-12, time = 7.746282e-09, elapsed = 1793.2 sec
Step =   2296: nodes = 13613, dt = 3.403917e-12, time = 7.749685e-09, elapsed = 1793.9 sec
Step =   2297: nodes = 13611, dt = 4.084701e-12, time = 7.753770e-09, elapsed = 1794.5 sec
Step =   2298: nodes = 13610, dt = 4.901641e-12, time = 7.758672e-09, elapsed = 1795.2 sec
Step =   2299: nodes = 13610, dt = 5.881969e-12, time = 7.764554e-09, elapsed = 1795.9 sec
Step =   2300: nodes = 13611, dt = 3.529182e-12, time = 7.768083e-09, elapsed = 1796.8 sec
Writing configuration in legacy data format
 Output file: /data/home/dg000246b/openDIS/inital_dislocation_structures/output_caseC_0.18%_seed12345/relax2/config.2300.data
Writing restart file
 Restart file: /data/home/dg000246b/openDIS/inital_dislocation_structures/output_caseC_0.18%_seed12345/relax2/restart.2300.exadis
Step =   2301: nodes = 13613, dt = 3.529182e-12, time = 7.771612e-09, elapsed = 1797.7 sec
Step =   2302: nodes = 13607, dt = 4.235018e-12, time = 7.775847e-09, elapsed = 1798.4 sec
Step =   2303: nodes = 13605, dt = 5.082021e-12, time = 7.780929e-09, elapsed = 1799.1 sec
Step =   2304: nodes = 13603, dt = 6.098426e-12, time = 7.787028e-09, elapsed = 1799.9 sec
Step =   2305: nodes = 13607, dt = 7.318111e-12, time = 7.794346e-09, elapsed = 1800.7 sec
Step =   2306: nodes = 13601, dt = 8.781733e-12, time = 7.803127e-09, elapsed = 1801.6 sec
Step =   2307: nodes = 13609, dt = 5.269040e-12, time = 7.808396e-09, elapsed = 1802.5 sec
Step =   2308: nodes = 13600, dt = 5.269040e-12, time = 7.813666e-09, elapsed = 1803.3 sec
Step =   2309: nodes = 13611, dt = 6.322848e-12, time = 7.819988e-09, elapsed = 1804.4 sec
Step =   2310: nodes = 13608, dt = 3.793709e-12, time = 7.823782e-09, elapsed = 1805.4 sec
Step =   2311: nodes = 13604, dt = 3.793709e-12, time = 7.827576e-09, elapsed = 1806.1 sec
Step =   2312: nodes = 13604, dt = 4.552450e-12, time = 7.832128e-09, elapsed = 1806.8 sec
Step =   2313: nodes = 13599, dt = 5.462940e-12, time = 7.837591e-09, elapsed = 1807.5 sec
Step =   2314: nodes = 13601, dt = 6.555529e-12, time = 7.844147e-09, elapsed = 1808.2 sec
Step =   2315: nodes = 13603, dt = 7.866634e-12, time = 7.852013e-09, elapsed = 1809.0 sec
Step =   2316: nodes = 13592, dt = 9.439961e-12, time = 7.861453e-09, elapsed = 1810.0 sec
Step =   2317: nodes = 13598, dt = 5.663977e-12, time = 7.867117e-09, elapsed = 1810.9 sec
Step =   2318: nodes = 13602, dt = 5.663977e-12, time = 7.872781e-09, elapsed = 1811.7 sec
Step =   2319: nodes = 13607, dt = 6.796772e-12, time = 7.879578e-09, elapsed = 1812.5 sec
Step =   2320: nodes = 13605, dt = 8.156126e-12, time = 7.887734e-09, elapsed = 1813.3 sec
Step =   2321: nodes = 13596, dt = 9.787352e-12, time = 7.897522e-09, elapsed = 1814.3 sec
Step =   2322: nodes = 13585, dt = 1.174482e-11, time = 7.909266e-09, elapsed = 1815.4 sec
Step =   2323: nodes = 13587, dt = 7.046893e-12, time = 7.916313e-09, elapsed = 1816.5 sec
Step =   2324: nodes = 13592, dt = 7.046893e-12, time = 7.923360e-09, elapsed = 1817.2 sec
Step =   2325: nodes = 13590, dt = 4.228136e-12, time = 7.927588e-09, elapsed = 1818.2 sec
Step =   2326: nodes = 13584, dt = 4.228136e-12, time = 7.931816e-09, elapsed = 1818.8 sec
Step =   2327: nodes = 13582, dt = 5.073763e-12, time = 7.936890e-09, elapsed = 1819.6 sec
Step =   2328: nodes = 13585, dt = 3.044258e-12, time = 7.939934e-09, elapsed = 1820.5 sec
Step =   2329: nodes = 13586, dt = 3.044258e-12, time = 7.942979e-09, elapsed = 1821.1 sec
Step =   2330: nodes = 13588, dt = 3.653109e-12, time = 7.946632e-09, elapsed = 1821.8 sec
Step =   2331: nodes = 13588, dt = 4.383731e-12, time = 7.951016e-09, elapsed = 1822.5 sec
Step =   2332: nodes = 13590, dt = 5.260478e-12, time = 7.956276e-09, elapsed = 1823.2 sec
Step =   2333: nodes = 13588, dt = 6.312573e-12, time = 7.962589e-09, elapsed = 1824.0 sec
Step =   2334: nodes = 13587, dt = 7.575088e-12, time = 7.970164e-09, elapsed = 1824.8 sec
Step =   2335: nodes = 13585, dt = 9.090105e-12, time = 7.979254e-09, elapsed = 1825.7 sec
Step =   2336: nodes = 13592, dt = 5.454063e-12, time = 7.984708e-09, elapsed = 1826.6 sec
Step =   2337: nodes = 13589, dt = 2.727032e-12, time = 7.987435e-09, elapsed = 1827.5 sec
Step =   2338: nodes = 13588, dt = 1.363516e-12, time = 7.988798e-09, elapsed = 1828.3 sec
Step =   2339: nodes = 13588, dt = 1.363516e-12, time = 7.990162e-09, elapsed = 1829.0 sec
Step =   2340: nodes = 13585, dt = 1.636219e-12, time = 7.991798e-09, elapsed = 1829.6 sec
Step =   2341: nodes = 13583, dt = 1.963463e-12, time = 7.993762e-09, elapsed = 1830.3 sec
Step =   2342: nodes = 13580, dt = 2.356155e-12, time = 7.996118e-09, elapsed = 1830.9 sec
Step =   2343: nodes = 13588, dt = 2.827386e-12, time = 7.998945e-09, elapsed = 1831.6 sec
Step =   2344: nodes = 13580, dt = 3.392864e-12, time = 8.002338e-09, elapsed = 1832.3 sec
Step =   2345: nodes = 13582, dt = 4.071436e-12, time = 8.006409e-09, elapsed = 1833.1 sec
Step =   2346: nodes = 13581, dt = 2.442862e-12, time = 8.008852e-09, elapsed = 1834.3 sec
Step =   2347: nodes = 13582, dt = 2.442862e-12, time = 8.011295e-09, elapsed = 1834.9 sec
Step =   2348: nodes = 13578, dt = 2.931434e-12, time = 8.014227e-09, elapsed = 1835.6 sec
Step =   2349: nodes = 13579, dt = 3.517721e-12, time = 8.017744e-09, elapsed = 1836.3 sec
Step =   2350: nodes = 13574, dt = 4.221265e-12, time = 8.021966e-09, elapsed = 1837.0 sec
Step =   2351: nodes = 13575, dt = 5.065518e-12, time = 8.027031e-09, elapsed = 1837.8 sec
Step =   2352: nodes = 13572, dt = 6.078622e-12, time = 8.033110e-09, elapsed = 1838.6 sec
Step =   2353: nodes = 13576, dt = 7.294346e-12, time = 8.040404e-09, elapsed = 1839.4 sec
Step =   2354: nodes = 13570, dt = 4.376608e-12, time = 8.044781e-09, elapsed = 1840.3 sec
Step =   2355: nodes = 13568, dt = 4.376608e-12, time = 8.049157e-09, elapsed = 1841.0 sec
Step =   2356: nodes = 13572, dt = 2.625965e-12, time = 8.051783e-09, elapsed = 1841.9 sec
Step =   2357: nodes = 13567, dt = 2.625965e-12, time = 8.054409e-09, elapsed = 1842.6 sec
Step =   2358: nodes = 13565, dt = 3.151158e-12, time = 8.057560e-09, elapsed = 1843.3 sec
Step =   2359: nodes = 13567, dt = 3.781389e-12, time = 8.061342e-09, elapsed = 1844.0 sec
Step =   2360: nodes = 13565, dt = 2.268833e-12, time = 8.063611e-09, elapsed = 1844.9 sec
Step =   2361: nodes = 13569, dt = 2.268833e-12, time = 8.065879e-09, elapsed = 1845.6 sec
Step =   2362: nodes = 13570, dt = 2.722600e-12, time = 8.068602e-09, elapsed = 1846.3 sec
Step =   2363: nodes = 13568, dt = 3.267120e-12, time = 8.071869e-09, elapsed = 1847.0 sec
Step =   2364: nodes = 13568, dt = 3.920544e-12, time = 8.075790e-09, elapsed = 1847.7 sec
Step =   2365: nodes = 13566, dt = 2.352327e-12, time = 8.078142e-09, elapsed = 1848.6 sec
Step =   2366: nodes = 13560, dt = 2.352327e-12, time = 8.080494e-09, elapsed = 1849.2 sec
Step =   2367: nodes = 13554, dt = 2.822792e-12, time = 8.083317e-09, elapsed = 1849.9 sec
Step =   2368: nodes = 13554, dt = 3.387350e-12, time = 8.086704e-09, elapsed = 1850.6 sec
Step =   2369: nodes = 13548, dt = 4.064820e-12, time = 8.090769e-09, elapsed = 1851.3 sec
Step =   2370: nodes = 13547, dt = 4.877784e-12, time = 8.095647e-09, elapsed = 1852.1 sec
Step =   2371: nodes = 13551, dt = 2.926671e-12, time = 8.098574e-09, elapsed = 1852.9 sec
Step =   2372: nodes = 13549, dt = 2.926671e-12, time = 8.101500e-09, elapsed = 1853.6 sec
Step =   2373: nodes = 13551, dt = 3.512005e-12, time = 8.105012e-09, elapsed = 1854.3 sec
Step =   2374: nodes = 13556, dt = 2.107203e-12, time = 8.107120e-09, elapsed = 1855.2 sec
Step =   2375: nodes = 13553, dt = 2.107203e-12, time = 8.109227e-09, elapsed = 1855.9 sec
Step =   2376: nodes = 13556, dt = 2.528643e-12, time = 8.111755e-09, elapsed = 1856.5 sec
Step =   2377: nodes = 13555, dt = 3.034372e-12, time = 8.114790e-09, elapsed = 1857.2 sec
Step =   2378: nodes = 13556, dt = 3.641246e-12, time = 8.118431e-09, elapsed = 1857.9 sec
Step =   2379: nodes = 13558, dt = 2.184748e-12, time = 8.120616e-09, elapsed = 1858.8 sec
Step =   2380: nodes = 13557, dt = 2.184748e-12, time = 8.122801e-09, elapsed = 1859.4 sec
Step =   2381: nodes = 13554, dt = 2.621697e-12, time = 8.125422e-09, elapsed = 1860.1 sec
Step =   2382: nodes = 13552, dt = 3.146037e-12, time = 8.128568e-09, elapsed = 1860.8 sec
Step =   2383: nodes = 13545, dt = 3.775244e-12, time = 8.132344e-09, elapsed = 1861.5 sec
Step =   2384: nodes = 13549, dt = 4.530293e-12, time = 8.136874e-09, elapsed = 1862.3 sec
Step =   2385: nodes = 13549, dt = 5.436352e-12, time = 8.142310e-09, elapsed = 1863.0 sec
Step =   2386: nodes = 13547, dt = 6.523622e-12, time = 8.148834e-09, elapsed = 1863.9 sec
Step =   2387: nodes = 13546, dt = 3.914173e-12, time = 8.152748e-09, elapsed = 1865.0 sec
Step =   2388: nodes = 13542, dt = 3.914173e-12, time = 8.156662e-09, elapsed = 1865.8 sec
Step =   2389: nodes = 13542, dt = 4.697008e-12, time = 8.161359e-09, elapsed = 1866.5 sec
Step =   2390: nodes = 13538, dt = 5.636410e-12, time = 8.166996e-09, elapsed = 1867.2 sec
Step =   2391: nodes = 13539, dt = 6.763691e-12, time = 8.173759e-09, elapsed = 1868.0 sec
Step =   2392: nodes = 13542, dt = 4.058215e-12, time = 8.177817e-09, elapsed = 1868.9 sec
Step =   2393: nodes = 13542, dt = 4.058215e-12, time = 8.181876e-09, elapsed = 1869.6 sec
Step =   2394: nodes = 13541, dt = 4.869858e-12, time = 8.186746e-09, elapsed = 1870.4 sec
Step =   2395: nodes = 13543, dt = 5.843829e-12, time = 8.192589e-09, elapsed = 1871.2 sec
Step =   2396: nodes = 13543, dt = 7.012595e-12, time = 8.199602e-09, elapsed = 1872.1 sec
Step =   2397: nodes = 13552, dt = 4.207557e-12, time = 8.203810e-09, elapsed = 1873.0 sec
Step =   2398: nodes = 13549, dt = 4.207557e-12, time = 8.208017e-09, elapsed = 1873.7 sec
Step =   2399: nodes = 13547, dt = 5.049069e-12, time = 8.213066e-09, elapsed = 1874.5 sec
Step =   2400: nodes = 13549, dt = 6.058882e-12, time = 8.219125e-09, elapsed = 1875.2 sec
Writing configuration in legacy data format
 Output file: /data/home/dg000246b/openDIS/inital_dislocation_structures/output_caseC_0.18%_seed12345/relax2/config.2400.data
Writing restart file
 Restart file: /data/home/dg000246b/openDIS/inital_dislocation_structures/output_caseC_0.18%_seed12345/relax2/restart.2400.exadis
Step =   2401: nodes = 13541, dt = 7.270659e-12, time = 8.226396e-09, elapsed = 1876.2 sec
Step =   2402: nodes = 13539, dt = 4.362395e-12, time = 8.230758e-09, elapsed = 1877.1 sec
Step =   2403: nodes = 13541, dt = 4.362395e-12, time = 8.235120e-09, elapsed = 1877.8 sec
Step =   2404: nodes = 13540, dt = 5.234874e-12, time = 8.240355e-09, elapsed = 1878.6 sec
Step =   2405: nodes = 13546, dt = 6.281849e-12, time = 8.246637e-09, elapsed = 1879.4 sec
Step =   2406: nodes = 13546, dt = 3.769110e-12, time = 8.250406e-09, elapsed = 1880.4 sec
Step =   2407: nodes = 13547, dt = 3.769110e-12, time = 8.254175e-09, elapsed = 1881.1 sec
Step =   2408: nodes = 13546, dt = 4.522931e-12, time = 8.258698e-09, elapsed = 1881.8 sec
Step =   2409: nodes = 13553, dt = 5.427518e-12, time = 8.264126e-09, elapsed = 1882.6 sec
Step =   2410: nodes = 13551, dt = 6.513021e-12, time = 8.270639e-09, elapsed = 1883.4 sec
Step =   2411: nodes = 13550, dt = 3.907813e-12, time = 8.274547e-09, elapsed = 1884.3 sec
Step =   2412: nodes = 13548, dt = 3.907813e-12, time = 8.278455e-09, elapsed = 1885.0 sec
Step =   2413: nodes = 13548, dt = 4.689375e-12, time = 8.283144e-09, elapsed = 1885.8 sec
Step =   2414: nodes = 13548, dt = 5.627250e-12, time = 8.288771e-09, elapsed = 1886.5 sec
Step =   2415: nodes = 13551, dt = 6.752700e-12, time = 8.295524e-09, elapsed = 1887.4 sec
Step =   2416: nodes = 13546, dt = 4.051620e-12, time = 8.299575e-09, elapsed = 1888.3 sec
Step =   2417: nodes = 13549, dt = 4.051620e-12, time = 8.303627e-09, elapsed = 1889.1 sec
Step =   2418: nodes = 13548, dt = 4.861944e-12, time = 8.308489e-09, elapsed = 1889.9 sec
Step =   2419: nodes = 13550, dt = 5.834333e-12, time = 8.314323e-09, elapsed = 1890.7 sec
Step =   2420: nodes = 13542, dt = 7.001200e-12, time = 8.321325e-09, elapsed = 1891.5 sec
Step =   2421: nodes = 13533, dt = 4.200720e-12, time = 8.325525e-09, elapsed = 1892.5 sec
Step =   2422: nodes = 13536, dt = 4.200720e-12, time = 8.329726e-09, elapsed = 1893.2 sec
Step =   2423: nodes = 13539, dt = 5.040864e-12, time = 8.334767e-09, elapsed = 1894.0 sec
Step =   2424: nodes = 13541, dt = 6.049037e-12, time = 8.340816e-09, elapsed = 1895.0 sec
Step =   2425: nodes = 13545, dt = 7.258844e-12, time = 8.348075e-09, elapsed = 1895.9 sec
Step =   2426: nodes = 13551, dt = 4.355306e-12, time = 8.352430e-09, elapsed = 1896.8 sec
Step =   2427: nodes = 13555, dt = 4.355306e-12, time = 8.356785e-09, elapsed = 1897.5 sec
Step =   2428: nodes = 13554, dt = 5.226368e-12, time = 8.362012e-09, elapsed = 1898.3 sec
Step =   2429: nodes = 13555, dt = 6.271641e-12, time = 8.368283e-09, elapsed = 1899.1 sec
Step =   2430: nodes = 13559, dt = 3.762985e-12, time = 8.372046e-09, elapsed = 1900.0 sec
Step =   2431: nodes = 13550, dt = 3.762985e-12, time = 8.375809e-09, elapsed = 1900.7 sec
Step =   2432: nodes = 13549, dt = 4.515582e-12, time = 8.380325e-09, elapsed = 1901.5 sec
Step =   2433: nodes = 13548, dt = 5.418698e-12, time = 8.385744e-09, elapsed = 1902.3 sec
Step =   2434: nodes = 13542, dt = 6.502438e-12, time = 8.392246e-09, elapsed = 1903.1 sec
Step =   2435: nodes = 13553, dt = 3.901463e-12, time = 8.396148e-09, elapsed = 1904.0 sec
Step =   2436: nodes = 13547, dt = 3.901463e-12, time = 8.400049e-09, elapsed = 1904.7 sec
Step =   2437: nodes = 13547, dt = 4.681755e-12, time = 8.404731e-09, elapsed = 1905.5 sec
Step =   2438: nodes = 13547, dt = 5.618106e-12, time = 8.410349e-09, elapsed = 1906.2 sec
Step =   2439: nodes = 13540, dt = 6.741727e-12, time = 8.417091e-09, elapsed = 1907.1 sec
Step =   2440: nodes = 13546, dt = 4.045036e-12, time = 8.421136e-09, elapsed = 1908.0 sec
Step =   2441: nodes = 13547, dt = 4.045036e-12, time = 8.425181e-09, elapsed = 1908.7 sec
Step =   2442: nodes = 13543, dt = 4.854044e-12, time = 8.430035e-09, elapsed = 1909.5 sec
Step =   2443: nodes = 13547, dt = 5.824852e-12, time = 8.435860e-09, elapsed = 1910.3 sec
Step =   2444: nodes = 13548, dt = 6.989823e-12, time = 8.442849e-09, elapsed = 1911.1 sec
Step =   2445: nodes = 13543, dt = 4.193894e-12, time = 8.447043e-09, elapsed = 1912.0 sec
Step =   2446: nodes = 13542, dt = 4.193894e-12, time = 8.451237e-09, elapsed = 1912.7 sec
Step =   2447: nodes = 13541, dt = 5.032672e-12, time = 8.456270e-09, elapsed = 1913.5 sec
Step =   2448: nodes = 13540, dt = 6.039207e-12, time = 8.462309e-09, elapsed = 1914.3 sec
Step =   2449: nodes = 13543, dt = 3.623524e-12, time = 8.465933e-09, elapsed = 1915.3 sec
Step =   2450: nodes = 13536, dt = 3.623524e-12, time = 8.469556e-09, elapsed = 1916.0 sec
Step =   2451: nodes = 13534, dt = 4.348229e-12, time = 8.473904e-09, elapsed = 1916.8 sec
Step =   2452: nodes = 13536, dt = 5.217875e-12, time = 8.479122e-09, elapsed = 1917.6 sec
Step =   2453: nodes = 13530, dt = 6.261450e-12, time = 8.485384e-09, elapsed = 1918.4 sec
Step =   2454: nodes = 13531, dt = 3.756870e-12, time = 8.489141e-09, elapsed = 1919.3 sec
Step =   2455: nodes = 13527, dt = 3.756870e-12, time = 8.492897e-09, elapsed = 1920.0 sec
Step =   2456: nodes = 13531, dt = 4.508244e-12, time = 8.497406e-09, elapsed = 1920.8 sec
Step =   2457: nodes = 13536, dt = 5.409893e-12, time = 8.502816e-09, elapsed = 1921.5 sec
Step =   2458: nodes = 13535, dt = 3.245936e-12, time = 8.506061e-09, elapsed = 1922.4 sec
Step =   2459: nodes = 13529, dt = 3.245936e-12, time = 8.509307e-09, elapsed = 1923.1 sec
Step =   2460: nodes = 13525, dt = 3.895123e-12, time = 8.513203e-09, elapsed = 1924.3 sec
Step =   2461: nodes = 13523, dt = 4.674147e-12, time = 8.517877e-09, elapsed = 1925.2 sec
Step =   2462: nodes = 13519, dt = 2.804488e-12, time = 8.520681e-09, elapsed = 1926.1 sec
Step =   2463: nodes = 13518, dt = 2.804488e-12, time = 8.523486e-09, elapsed = 1926.8 sec
Step =   2464: nodes = 13516, dt = 3.365386e-12, time = 8.526851e-09, elapsed = 1927.5 sec
Step =   2465: nodes = 13513, dt = 2.019232e-12, time = 8.528870e-09, elapsed = 1928.4 sec
Step =   2466: nodes = 13510, dt = 2.019232e-12, time = 8.530889e-09, elapsed = 1929.0 sec
Step =   2467: nodes = 13504, dt = 2.423078e-12, time = 8.533313e-09, elapsed = 1929.7 sec
Step =   2468: nodes = 13507, dt = 2.907694e-12, time = 8.536220e-09, elapsed = 1930.3 sec
Step =   2469: nodes = 13506, dt = 3.489232e-12, time = 8.539709e-09, elapsed = 1931.1 sec
Step =   2470: nodes = 13504, dt = 4.187079e-12, time = 8.543897e-09, elapsed = 1931.7 sec
Step =   2471: nodes = 13505, dt = 5.024494e-12, time = 8.548921e-09, elapsed = 1932.4 sec
Step =   2472: nodes = 13502, dt = 6.029393e-12, time = 8.554950e-09, elapsed = 1933.2 sec
Step =   2473: nodes = 13500, dt = 3.617636e-12, time = 8.558568e-09, elapsed = 1934.1 sec
Step =   2474: nodes = 13502, dt = 3.617636e-12, time = 8.562186e-09, elapsed = 1934.7 sec
Step =   2475: nodes = 13502, dt = 4.341163e-12, time = 8.566527e-09, elapsed = 1935.4 sec
Step =   2476: nodes = 13503, dt = 2.604698e-12, time = 8.569132e-09, elapsed = 1936.2 sec
Step =   2477: nodes = 13497, dt = 2.604698e-12, time = 8.571736e-09, elapsed = 1936.8 sec
Step =   2478: nodes = 13495, dt = 3.125637e-12, time = 8.574862e-09, elapsed = 1937.5 sec
Step =   2479: nodes = 13491, dt = 3.750765e-12, time = 8.578613e-09, elapsed = 1938.1 sec
Step =   2480: nodes = 13490, dt = 2.250459e-12, time = 8.580863e-09, elapsed = 1938.9 sec
Step =   2481: nodes = 13486, dt = 2.250459e-12, time = 8.583114e-09, elapsed = 1939.6 sec
Step =   2482: nodes = 13489, dt = 2.700551e-12, time = 8.585814e-09, elapsed = 1940.2 sec
Step =   2483: nodes = 13491, dt = 3.240661e-12, time = 8.589055e-09, elapsed = 1940.9 sec
Step =   2484: nodes = 13488, dt = 3.888793e-12, time = 8.592944e-09, elapsed = 1941.6 sec
Step =   2485: nodes = 13495, dt = 2.333276e-12, time = 8.595277e-09, elapsed = 1942.4 sec
Step =   2486: nodes = 13500, dt = 1.166638e-12, time = 8.596444e-09, elapsed = 1943.3 sec
Step =   2487: nodes = 13495, dt = 1.166638e-12, time = 8.597610e-09, elapsed = 1943.8 sec
Step =   2488: nodes = 13496, dt = 1.399966e-12, time = 8.599010e-09, elapsed = 1944.4 sec
Step =   2489: nodes = 13495, dt = 1.679959e-12, time = 8.600690e-09, elapsed = 1945.0 sec
Step =   2490: nodes = 13495, dt = 2.015950e-12, time = 8.602706e-09, elapsed = 1945.6 sec
Step =   2491: nodes = 13494, dt = 2.419140e-12, time = 8.605125e-09, elapsed = 1946.3 sec
Step =   2492: nodes = 13494, dt = 2.902969e-12, time = 8.608028e-09, elapsed = 1946.9 sec
Step =   2493: nodes = 13494, dt = 3.483562e-12, time = 8.611512e-09, elapsed = 1947.5 sec
Step =   2494: nodes = 13494, dt = 4.180275e-12, time = 8.615692e-09, elapsed = 1948.2 sec
Step =   2495: nodes = 13495, dt = 5.016330e-12, time = 8.620708e-09, elapsed = 1949.0 sec
Step =   2496: nodes = 13492, dt = 6.019595e-12, time = 8.626728e-09, elapsed = 1949.7 sec
Step =   2497: nodes = 13489, dt = 3.611757e-12, time = 8.630340e-09, elapsed = 1950.6 sec
Step =   2498: nodes = 13489, dt = 3.611757e-12, time = 8.633951e-09, elapsed = 1951.3 sec
Step =   2499: nodes = 13489, dt = 4.334109e-12, time = 8.638286e-09, elapsed = 1952.0 sec
Step =   2500: nodes = 13493, dt = 5.200931e-12, time = 8.643486e-09, elapsed = 1952.7 sec
Writing configuration in legacy data format
 Output file: /data/home/dg000246b/openDIS/inital_dislocation_structures/output_caseC_0.18%_seed12345/relax2/config.2500.data
Writing restart file
 Restart file: /data/home/dg000246b/openDIS/inital_dislocation_structures/output_caseC_0.18%_seed12345/relax2/restart.2500.exadis
Step =   2501: nodes = 13489, dt = 3.120558e-12, time = 8.646607e-09, elapsed = 1953.8 sec
Step =   2502: nodes = 13485, dt = 3.120558e-12, time = 8.649728e-09, elapsed = 1954.6 sec
Step =   2503: nodes = 13484, dt = 3.744670e-12, time = 8.653472e-09, elapsed = 1955.3 sec
Step =   2504: nodes = 13486, dt = 4.493604e-12, time = 8.657966e-09, elapsed = 1956.0 sec
Step =   2505: nodes = 13481, dt = 2.696162e-12, time = 8.660662e-09, elapsed = 1956.8 sec
Step =   2506: nodes = 13489, dt = 2.696162e-12, time = 8.663358e-09, elapsed = 1957.4 sec
Step =   2507: nodes = 13488, dt = 3.235395e-12, time = 8.666594e-09, elapsed = 1958.1 sec
Step =   2508: nodes = 13491, dt = 3.882474e-12, time = 8.670476e-09, elapsed = 1958.7 sec
Step =   2509: nodes = 13489, dt = 4.658969e-12, time = 8.675135e-09, elapsed = 1959.4 sec
Step =   2510: nodes = 13498, dt = 2.795381e-12, time = 8.677930e-09, elapsed = 1960.3 sec
Step =   2511: nodes = 13492, dt = 2.795381e-12, time = 8.680726e-09, elapsed = 1960.9 sec
Step =   2512: nodes = 13494, dt = 3.354457e-12, time = 8.684080e-09, elapsed = 1961.6 sec
Step =   2513: nodes = 13495, dt = 2.012674e-12, time = 8.686093e-09, elapsed = 1962.5 sec
Step =   2514: nodes = 13494, dt = 2.012674e-12, time = 8.688106e-09, elapsed = 1963.1 sec
Step =   2515: nodes = 13496, dt = 2.415209e-12, time = 8.690521e-09, elapsed = 1963.7 sec
Step =   2516: nodes = 13498, dt = 2.898251e-12, time = 8.693419e-09, elapsed = 1964.4 sec
Step =   2517: nodes = 13500, dt = 1.738951e-12, time = 8.695158e-09, elapsed = 1965.3 sec
Step =   2518: nodes = 13495, dt = 1.738951e-12, time = 8.696897e-09, elapsed = 1965.9 sec
Step =   2519: nodes = 13496, dt = 2.086741e-12, time = 8.698984e-09, elapsed = 1966.5 sec
Step =   2520: nodes = 13490, dt = 2.504089e-12, time = 8.701488e-09, elapsed = 1967.1 sec
Step =   2521: nodes = 13489, dt = 3.004907e-12, time = 8.704493e-09, elapsed = 1967.7 sec
Step =   2522: nodes = 13495, dt = 3.605888e-12, time = 8.708099e-09, elapsed = 1968.4 sec
Step =   2523: nodes = 13492, dt = 4.327066e-12, time = 8.712426e-09, elapsed = 1969.1 sec
Step =   2524: nodes = 13494, dt = 5.192479e-12, time = 8.717618e-09, elapsed = 1969.7 sec
Step =   2525: nodes = 13497, dt = 3.115487e-12, time = 8.720734e-09, elapsed = 1970.6 sec
Step =   2526: nodes = 13495, dt = 3.115487e-12, time = 8.723849e-09, elapsed = 1971.2 sec
Step =   2527: nodes = 13488, dt = 3.738585e-12, time = 8.727588e-09, elapsed = 1971.9 sec
Step =   2528: nodes = 13492, dt = 2.243151e-12, time = 8.729831e-09, elapsed = 1972.7 sec
Step =   2529: nodes = 13485, dt = 2.243151e-12, time = 8.732074e-09, elapsed = 1973.3 sec
Step =   2530: nodes = 13479, dt = 2.691781e-12, time = 8.734766e-09, elapsed = 1973.9 sec
Step =   2531: nodes = 13483, dt = 3.230137e-12, time = 8.737996e-09, elapsed = 1974.5 sec
Step =   2532: nodes = 13483, dt = 3.876165e-12, time = 8.741872e-09, elapsed = 1975.1 sec
Step =   2533: nodes = 13486, dt = 4.651398e-12, time = 8.746523e-09, elapsed = 1975.8 sec
Step =   2534: nodes = 13483, dt = 2.790839e-12, time = 8.749314e-09, elapsed = 1976.7 sec
Step =   2535: nodes = 13483, dt = 2.790839e-12, time = 8.752105e-09, elapsed = 1977.4 sec
Step =   2536: nodes = 13479, dt = 3.349006e-12, time = 8.755454e-09, elapsed = 1978.0 sec
Step =   2537: nodes = 13477, dt = 4.018808e-12, time = 8.759473e-09, elapsed = 1978.7 sec
Step =   2538: nodes = 13476, dt = 4.822569e-12, time = 8.764296e-09, elapsed = 1979.4 sec
Step =   2539: nodes = 13485, dt = 5.787083e-12, time = 8.770083e-09, elapsed = 1980.1 sec
Step =   2540: nodes = 13484, dt = 6.944500e-12, time = 8.777027e-09, elapsed = 1980.9 sec
Step =   2541: nodes = 13483, dt = 4.166700e-12, time = 8.781194e-09, elapsed = 1981.8 sec
Step =   2542: nodes = 13477, dt = 4.166700e-12, time = 8.785360e-09, elapsed = 1982.5 sec
Step =   2543: nodes = 13479, dt = 5.000040e-12, time = 8.790361e-09, elapsed = 1983.2 sec
Step =   2544: nodes = 13474, dt = 6.000048e-12, time = 8.796361e-09, elapsed = 1984.0 sec
Step =   2545: nodes = 13464, dt = 7.200057e-12, time = 8.803561e-09, elapsed = 1985.1 sec
Step =   2546: nodes = 13465, dt = 4.320034e-12, time = 8.807881e-09, elapsed = 1986.0 sec
Step =   2547: nodes = 13469, dt = 4.320034e-12, time = 8.812201e-09, elapsed = 1986.6 sec
Step =   2548: nodes = 13467, dt = 5.184041e-12, time = 8.817385e-09, elapsed = 1987.4 sec
Step =   2549: nodes = 13468, dt = 6.220849e-12, time = 8.823606e-09, elapsed = 1988.1 sec
Step =   2550: nodes = 13471, dt = 7.465019e-12, time = 8.831071e-09, elapsed = 1988.9 sec
Step =   2551: nodes = 13474, dt = 4.479012e-12, time = 8.835550e-09, elapsed = 1989.8 sec
Step =   2552: nodes = 13475, dt = 4.479012e-12, time = 8.840029e-09, elapsed = 1990.4 sec
Step =   2553: nodes = 13473, dt = 5.374814e-12, time = 8.845403e-09, elapsed = 1991.2 sec
Step =   2554: nodes = 13478, dt = 6.449777e-12, time = 8.851853e-09, elapsed = 1992.0 sec
Step =   2555: nodes = 13474, dt = 7.739732e-12, time = 8.859593e-09, elapsed = 1992.8 sec
Step =   2556: nodes = 13473, dt = 4.643839e-12, time = 8.864237e-09, elapsed = 1993.7 sec
Step =   2557: nodes = 13476, dt = 4.643839e-12, time = 8.868881e-09, elapsed = 1994.4 sec
Step =   2558: nodes = 13479, dt = 5.572607e-12, time = 8.874453e-09, elapsed = 1995.2 sec
Step =   2559: nodes = 13477, dt = 6.687128e-12, time = 8.881140e-09, elapsed = 1995.9 sec
Step =   2560: nodes = 13473, dt = 4.012277e-12, time = 8.885153e-09, elapsed = 1996.8 sec
Step =   2561: nodes = 13474, dt = 4.012277e-12, time = 8.889165e-09, elapsed = 1997.5 sec
Step =   2562: nodes = 13474, dt = 4.814732e-12, time = 8.893980e-09, elapsed = 1998.2 sec
Step =   2563: nodes = 13470, dt = 5.777679e-12, time = 8.899757e-09, elapsed = 1999.0 sec
Step =   2564: nodes = 13471, dt = 6.933215e-12, time = 8.906691e-09, elapsed = 1999.8 sec
Step =   2565: nodes = 13473, dt = 4.159929e-12, time = 8.910850e-09, elapsed = 2000.8 sec
Step =   2566: nodes = 13475, dt = 4.159929e-12, time = 8.915010e-09, elapsed = 2001.4 sec
Step =   2567: nodes = 13479, dt = 4.991915e-12, time = 8.920002e-09, elapsed = 2002.2 sec
Step =   2568: nodes = 13475, dt = 5.990298e-12, time = 8.925993e-09, elapsed = 2002.9 sec
Step =   2569: nodes = 13472, dt = 3.594179e-12, time = 8.929587e-09, elapsed = 2003.8 sec
Step =   2570: nodes = 13472, dt = 3.594179e-12, time = 8.933181e-09, elapsed = 2004.5 sec
Step =   2571: nodes = 13470, dt = 4.313014e-12, time = 8.937494e-09, elapsed = 2005.2 sec
Step =   2572: nodes = 13465, dt = 5.175617e-12, time = 8.942670e-09, elapsed = 2006.0 sec
Step =   2573: nodes = 13462, dt = 6.210741e-12, time = 8.948880e-09, elapsed = 2006.8 sec
Step =   2574: nodes = 13462, dt = 7.452889e-12, time = 8.956333e-09, elapsed = 2007.6 sec
Step =   2575: nodes = 13459, dt = 4.471733e-12, time = 8.960805e-09, elapsed = 2008.5 sec
Step =   2576: nodes = 13458, dt = 4.471733e-12, time = 8.965277e-09, elapsed = 2009.2 sec
Step =   2577: nodes = 13455, dt = 5.366080e-12, time = 8.970643e-09, elapsed = 2009.9 sec
Step =   2578: nodes = 13452, dt = 6.439296e-12, time = 8.977082e-09, elapsed = 2010.7 sec
Step =   2579: nodes = 13450, dt = 3.863577e-12, time = 8.980946e-09, elapsed = 2011.6 sec
Step =   2580: nodes = 13455, dt = 3.863577e-12, time = 8.984809e-09, elapsed = 2012.3 sec
Step =   2581: nodes = 13452, dt = 4.636293e-12, time = 8.989446e-09, elapsed = 2013.1 sec
Step =   2582: nodes = 13451, dt = 2.781776e-12, time = 8.992227e-09, elapsed = 2014.0 sec
Step =   2583: nodes = 13449, dt = 2.781776e-12, time = 8.995009e-09, elapsed = 2014.9 sec
Step =   2584: nodes = 13444, dt = 3.338131e-12, time = 8.998347e-09, elapsed = 2015.6 sec
Step =   2585: nodes = 13447, dt = 4.005757e-12, time = 9.002353e-09, elapsed = 2016.3 sec
Step =   2586: nodes = 13444, dt = 2.403454e-12, time = 9.004756e-09, elapsed = 2017.2 sec
Step =   2587: nodes = 13439, dt = 1.201727e-12, time = 9.005958e-09, elapsed = 2018.1 sec
Step =   2588: nodes = 13435, dt = 1.201727e-12, time = 9.007160e-09, elapsed = 2018.7 sec
Step =   2589: nodes = 13433, dt = 7.210363e-13, time = 9.007881e-09, elapsed = 2019.5 sec
Step =   2590: nodes = 13432, dt = 7.210363e-13, time = 9.008602e-09, elapsed = 2020.0 sec
Step =   2591: nodes = 13432, dt = 8.652435e-13, time = 9.009467e-09, elapsed = 2020.5 sec
Step =   2592: nodes = 13430, dt = 1.038292e-12, time = 9.010505e-09, elapsed = 2021.1 sec
Step =   2593: nodes = 13430, dt = 1.245951e-12, time = 9.011751e-09, elapsed = 2021.7 sec
Step =   2594: nodes = 13425, dt = 1.495141e-12, time = 9.013247e-09, elapsed = 2022.2 sec
Step =   2595: nodes = 13423, dt = 1.794169e-12, time = 9.015041e-09, elapsed = 2022.8 sec
Step =   2596: nodes = 13426, dt = 2.153003e-12, time = 9.017194e-09, elapsed = 2023.4 sec
Step =   2597: nodes = 13423, dt = 1.291802e-12, time = 9.018486e-09, elapsed = 2024.3 sec
Step =   2598: nodes = 13425, dt = 1.291802e-12, time = 9.019777e-09, elapsed = 2024.8 sec
Step =   2599: nodes = 13422, dt = 1.550162e-12, time = 9.021328e-09, elapsed = 2025.4 sec
Step =   2600: nodes = 13422, dt = 1.860194e-12, time = 9.023188e-09, elapsed = 2025.9 sec
Writing configuration in legacy data format
 Output file: /data/home/dg000246b/openDIS/inital_dislocation_structures/output_caseC_0.18%_seed12345/relax2/config.2600.data
Writing restart file
 Restart file: /data/home/dg000246b/openDIS/inital_dislocation_structures/output_caseC_0.18%_seed12345/relax2/restart.2600.exadis
Step =   2601: nodes = 13422, dt = 2.232233e-12, time = 9.025420e-09, elapsed = 2026.7 sec
Step =   2602: nodes = 13417, dt = 2.678680e-12, time = 9.028099e-09, elapsed = 2027.4 sec
Step =   2603: nodes = 13420, dt = 3.214416e-12, time = 9.031313e-09, elapsed = 2028.0 sec
Step =   2604: nodes = 13423, dt = 3.857299e-12, time = 9.035170e-09, elapsed = 2028.6 sec
Step =   2605: nodes = 13417, dt = 4.628759e-12, time = 9.039799e-09, elapsed = 2029.4 sec
Step =   2606: nodes = 13415, dt = 5.554511e-12, time = 9.045354e-09, elapsed = 2030.1 sec
Step =   2607: nodes = 13418, dt = 6.665413e-12, time = 9.052019e-09, elapsed = 2030.8 sec
Step =   2608: nodes = 13418, dt = 3.999248e-12, time = 9.056018e-09, elapsed = 2031.8 sec
Step =   2609: nodes = 13414, dt = 3.999248e-12, time = 9.060018e-09, elapsed = 2032.4 sec
Step =   2610: nodes = 13416, dt = 4.799097e-12, time = 9.064817e-09, elapsed = 2033.1 sec
Step =   2611: nodes = 13414, dt = 5.758917e-12, time = 9.070576e-09, elapsed = 2033.9 sec
Step =   2612: nodes = 13414, dt = 6.910700e-12, time = 9.077486e-09, elapsed = 2034.7 sec
Step =   2613: nodes = 13417, dt = 4.146420e-12, time = 9.081633e-09, elapsed = 2035.6 sec
Step =   2614: nodes = 13421, dt = 4.146420e-12, time = 9.085779e-09, elapsed = 2036.3 sec
Step =   2615: nodes = 13420, dt = 2.487852e-12, time = 9.088267e-09, elapsed = 2037.2 sec
Step =   2616: nodes = 13420, dt = 2.487852e-12, time = 9.090755e-09, elapsed = 2037.8 sec
Step =   2617: nodes = 13422, dt = 2.985422e-12, time = 9.093740e-09, elapsed = 2038.5 sec
Step =   2618: nodes = 13423, dt = 3.582507e-12, time = 9.097323e-09, elapsed = 2039.1 sec
Step =   2619: nodes = 13424, dt = 2.149504e-12, time = 9.099472e-09, elapsed = 2040.0 sec
Step =   2620: nodes = 13424, dt = 2.149504e-12, time = 9.101622e-09, elapsed = 2040.6 sec
Step =   2621: nodes = 13422, dt = 2.579405e-12, time = 9.104201e-09, elapsed = 2041.2 sec
Step =   2622: nodes = 13425, dt = 3.095286e-12, time = 9.107296e-09, elapsed = 2041.8 sec
Step =   2623: nodes = 13424, dt = 3.714343e-12, time = 9.111011e-09, elapsed = 2042.5 sec
Step =   2624: nodes = 13423, dt = 2.228606e-12, time = 9.113239e-09, elapsed = 2043.4 sec
Step =   2625: nodes = 13424, dt = 2.228606e-12, time = 9.115468e-09, elapsed = 2044.0 sec
Step =   2626: nodes = 13425, dt = 2.674327e-12, time = 9.118142e-09, elapsed = 2044.8 sec
Step =   2627: nodes = 13426, dt = 3.209193e-12, time = 9.121351e-09, elapsed = 2045.5 sec
Step =   2628: nodes = 13418, dt = 3.851031e-12, time = 9.125203e-09, elapsed = 2046.1 sec
Step =   2629: nodes = 13415, dt = 4.621237e-12, time = 9.129824e-09, elapsed = 2046.8 sec
Step =   2630: nodes = 13415, dt = 2.772742e-12, time = 9.132596e-09, elapsed = 2047.6 sec
Step =   2631: nodes = 13416, dt = 2.772742e-12, time = 9.135369e-09, elapsed = 2048.3 sec
Step =   2632: nodes = 13414, dt = 3.327291e-12, time = 9.138697e-09, elapsed = 2049.0 sec
Step =   2633: nodes = 13418, dt = 3.992749e-12, time = 9.142689e-09, elapsed = 2049.6 sec
Step =   2634: nodes = 13419, dt = 2.395649e-12, time = 9.145085e-09, elapsed = 2050.5 sec
Step =   2635: nodes = 13420, dt = 1.197825e-12, time = 9.146283e-09, elapsed = 2051.3 sec
Step =   2636: nodes = 13419, dt = 1.197825e-12, time = 9.147481e-09, elapsed = 2051.9 sec
Step =   2637: nodes = 13417, dt = 1.437390e-12, time = 9.148918e-09, elapsed = 2052.5 sec
Step =   2638: nodes = 13411, dt = 1.724868e-12, time = 9.150643e-09, elapsed = 2053.1 sec
Step =   2639: nodes = 13412, dt = 2.069841e-12, time = 9.152713e-09, elapsed = 2053.7 sec
Step =   2640: nodes = 13410, dt = 2.483809e-12, time = 9.155196e-09, elapsed = 2054.3 sec
Step =   2641: nodes = 13413, dt = 2.980571e-12, time = 9.158177e-09, elapsed = 2054.9 sec
Step =   2642: nodes = 13415, dt = 3.576685e-12, time = 9.161754e-09, elapsed = 2055.6 sec
Step =   2643: nodes = 13410, dt = 4.292022e-12, time = 9.166046e-09, elapsed = 2056.3 sec
Step =   2644: nodes = 13412, dt = 2.575213e-12, time = 9.168621e-09, elapsed = 2057.2 sec
Step =   2645: nodes = 13412, dt = 2.575213e-12, time = 9.171196e-09, elapsed = 2057.8 sec
Step =   2646: nodes = 13408, dt = 3.090256e-12, time = 9.174286e-09, elapsed = 2058.4 sec
Step =   2647: nodes = 13411, dt = 3.708307e-12, time = 9.177995e-09, elapsed = 2059.1 sec
Step =   2648: nodes = 13408, dt = 4.449969e-12, time = 9.182445e-09, elapsed = 2059.8 sec
Step =   2649: nodes = 13403, dt = 5.339963e-12, time = 9.187785e-09, elapsed = 2060.5 sec
Step =   2650: nodes = 13402, dt = 3.203978e-12, time = 9.190989e-09, elapsed = 2061.3 sec
Step =   2651: nodes = 13402, dt = 3.203978e-12, time = 9.194193e-09, elapsed = 2062.0 sec
Step =   2652: nodes = 13409, dt = 3.844773e-12, time = 9.198037e-09, elapsed = 2062.7 sec
Step =   2653: nodes = 13402, dt = 2.306864e-12, time = 9.200344e-09, elapsed = 2063.5 sec
Step =   2654: nodes = 13406, dt = 2.306864e-12, time = 9.202651e-09, elapsed = 2064.1 sec
Step =   2655: nodes = 13406, dt = 2.768237e-12, time = 9.205419e-09, elapsed = 2064.7 sec
Step =   2656: nodes = 13401, dt = 3.321884e-12, time = 9.208741e-09, elapsed = 2065.3 sec
Step =   2657: nodes = 13406, dt = 3.986261e-12, time = 9.212728e-09, elapsed = 2066.0 sec
Step =   2658: nodes = 13405, dt = 2.391756e-12, time = 9.215119e-09, elapsed = 2066.8 sec
Step =   2659: nodes = 13407, dt = 1.195878e-12, time = 9.216315e-09, elapsed = 2067.7 sec
Step =   2660: nodes = 13409, dt = 1.195878e-12, time = 9.217511e-09, elapsed = 2068.3 sec
Step =   2661: nodes = 13407, dt = 1.435054e-12, time = 9.218946e-09, elapsed = 2068.9 sec
Step =   2662: nodes = 13408, dt = 1.722065e-12, time = 9.220668e-09, elapsed = 2069.4 sec
Step =   2663: nodes = 13405, dt = 2.066478e-12, time = 9.222735e-09, elapsed = 2070.0 sec
Step =   2664: nodes = 13409, dt = 2.479773e-12, time = 9.225214e-09, elapsed = 2070.6 sec
Step =   2665: nodes = 13408, dt = 2.975728e-12, time = 9.228190e-09, elapsed = 2071.3 sec
Step =   2666: nodes = 13405, dt = 3.570873e-12, time = 9.231761e-09, elapsed = 2071.9 sec
Step =   2667: nodes = 13409, dt = 4.285048e-12, time = 9.236046e-09, elapsed = 2072.6 sec
Step =   2668: nodes = 13408, dt = 2.571029e-12, time = 9.238617e-09, elapsed = 2073.4 sec
Step =   2669: nodes = 13405, dt = 2.571029e-12, time = 9.241188e-09, elapsed = 2074.1 sec
Step =   2670: nodes = 13405, dt = 3.085234e-12, time = 9.244273e-09, elapsed = 2075.0 sec
Step =   2671: nodes = 13400, dt = 3.702281e-12, time = 9.247976e-09, elapsed = 2075.7 sec
Step =   2672: nodes = 13400, dt = 4.442738e-12, time = 9.252418e-09, elapsed = 2076.3 sec
Step =   2673: nodes = 13403, dt = 2.665643e-12, time = 9.255084e-09, elapsed = 2077.2 sec
Step =   2674: nodes = 13403, dt = 2.665643e-12, time = 9.257750e-09, elapsed = 2077.8 sec
Step =   2675: nodes = 13396, dt = 3.198771e-12, time = 9.260948e-09, elapsed = 2078.4 sec
Step =   2676: nodes = 13399, dt = 3.838525e-12, time = 9.264787e-09, elapsed = 2079.1 sec
Step =   2677: nodes = 13394, dt = 4.606230e-12, time = 9.269393e-09, elapsed = 2079.8 sec
Step =   2678: nodes = 13393, dt = 2.763738e-12, time = 9.272157e-09, elapsed = 2080.7 sec
Step =   2679: nodes = 13388, dt = 1.381869e-12, time = 9.273539e-09, elapsed = 2081.5 sec
Step =   2680: nodes = 13387, dt = 1.381869e-12, time = 9.274921e-09, elapsed = 2082.0 sec
Step =   2681: nodes = 13391, dt = 1.658243e-12, time = 9.276579e-09, elapsed = 2082.6 sec
Step =   2682: nodes = 13391, dt = 1.989892e-12, time = 9.278569e-09, elapsed = 2083.2 sec
Step =   2683: nodes = 13387, dt = 2.387870e-12, time = 9.280957e-09, elapsed = 2083.8 sec
Step =   2684: nodes = 13385, dt = 2.865444e-12, time = 9.283822e-09, elapsed = 2084.4 sec
Step =   2685: nodes = 13384, dt = 3.438533e-12, time = 9.287261e-09, elapsed = 2085.1 sec
Step =   2686: nodes = 13387, dt = 4.126239e-12, time = 9.291387e-09, elapsed = 2085.8 sec
Step =   2687: nodes = 13388, dt = 4.951487e-12, time = 9.296338e-09, elapsed = 2086.5 sec
Step =   2688: nodes = 13384, dt = 5.941784e-12, time = 9.302280e-09, elapsed = 2087.3 sec
Step =   2689: nodes = 13382, dt = 3.565071e-12, time = 9.305845e-09, elapsed = 2088.2 sec
Step =   2690: nodes = 13381, dt = 3.565071e-12, time = 9.309410e-09, elapsed = 2088.8 sec
Step =   2691: nodes = 13384, dt = 4.278085e-12, time = 9.313688e-09, elapsed = 2089.5 sec
Step =   2692: nodes = 13388, dt = 5.133702e-12, time = 9.318822e-09, elapsed = 2090.2 sec
Step =   2693: nodes = 13389, dt = 6.160442e-12, time = 9.324983e-09, elapsed = 2091.0 sec
Step =   2694: nodes = 13393, dt = 7.392530e-12, time = 9.332375e-09, elapsed = 2091.8 sec
Step =   2695: nodes = 13398, dt = 4.435518e-12, time = 9.336811e-09, elapsed = 2092.8 sec
Step =   2696: nodes = 13396, dt = 4.435518e-12, time = 9.341246e-09, elapsed = 2093.4 sec
Step =   2697: nodes = 13396, dt = 5.322622e-12, time = 9.346569e-09, elapsed = 2094.1 sec
Step =   2698: nodes = 13398, dt = 3.193573e-12, time = 9.349762e-09, elapsed = 2095.0 sec
Step =   2699: nodes = 13393, dt = 3.193573e-12, time = 9.352956e-09, elapsed = 2095.6 sec
Step =   2700: nodes = 13393, dt = 3.832288e-12, time = 9.356788e-09, elapsed = 2096.3 sec
Writing configuration in legacy data format
 Output file: /data/home/dg000246b/openDIS/inital_dislocation_structures/output_caseC_0.18%_seed12345/relax2/config.2700.data
Writing restart file
 Restart file: /data/home/dg000246b/openDIS/inital_dislocation_structures/output_caseC_0.18%_seed12345/relax2/restart.2700.exadis
Step =   2701: nodes = 13388, dt = 4.598745e-12, time = 9.361387e-09, elapsed = 2097.1 sec
Step =   2702: nodes = 13390, dt = 5.518494e-12, time = 9.366905e-09, elapsed = 2097.8 sec
Step =   2703: nodes = 13384, dt = 6.622193e-12, time = 9.373528e-09, elapsed = 2098.6 sec
Step =   2704: nodes = 13387, dt = 3.973316e-12, time = 9.377501e-09, elapsed = 2099.4 sec
Step =   2705: nodes = 13385, dt = 3.973316e-12, time = 9.381474e-09, elapsed = 2100.1 sec
Step =   2706: nodes = 13389, dt = 4.767979e-12, time = 9.386242e-09, elapsed = 2100.7 sec
Step =   2707: nodes = 13391, dt = 5.721575e-12, time = 9.391964e-09, elapsed = 2101.5 sec
Step =   2708: nodes = 13379, dt = 6.865890e-12, time = 9.398830e-09, elapsed = 2102.4 sec
Step =   2709: nodes = 13383, dt = 4.119534e-12, time = 9.402949e-09, elapsed = 2103.3 sec
Step =   2710: nodes = 13381, dt = 4.119534e-12, time = 9.407069e-09, elapsed = 2104.0 sec
Step =   2711: nodes = 13378, dt = 4.943441e-12, time = 9.412012e-09, elapsed = 2105.0 sec
Step =   2712: nodes = 13375, dt = 5.932129e-12, time = 9.417944e-09, elapsed = 2105.7 sec
Step =   2713: nodes = 13377, dt = 7.118555e-12, time = 9.425063e-09, elapsed = 2106.5 sec
Step =   2714: nodes = 13377, dt = 4.271133e-12, time = 9.429334e-09, elapsed = 2107.3 sec
Step =   2715: nodes = 13374, dt = 4.271133e-12, time = 9.433605e-09, elapsed = 2108.0 sec
Step =   2716: nodes = 13377, dt = 5.125359e-12, time = 9.438730e-09, elapsed = 2108.7 sec
Step =   2717: nodes = 13378, dt = 3.075216e-12, time = 9.441806e-09, elapsed = 2109.7 sec
Step =   2718: nodes = 13375, dt = 3.075216e-12, time = 9.444881e-09, elapsed = 2110.3 sec
Step =   2719: nodes = 13375, dt = 3.690259e-12, time = 9.448571e-09, elapsed = 2111.0 sec
Step =   2720: nodes = 13381, dt = 4.428310e-12, time = 9.452999e-09, elapsed = 2111.6 sec
Step =   2721: nodes = 13375, dt = 5.313973e-12, time = 9.458313e-09, elapsed = 2112.3 sec
Step =   2722: nodes = 13379, dt = 3.188384e-12, time = 9.461502e-09, elapsed = 2113.2 sec
Step =   2723: nodes = 13375, dt = 3.188384e-12, time = 9.464690e-09, elapsed = 2113.9 sec
Step =   2724: nodes = 13371, dt = 3.826060e-12, time = 9.468516e-09, elapsed = 2114.5 sec
Step =   2725: nodes = 13376, dt = 4.591272e-12, time = 9.473108e-09, elapsed = 2115.3 sec
Step =   2726: nodes = 13374, dt = 2.754763e-12, time = 9.475862e-09, elapsed = 2116.1 sec
Step =   2727: nodes = 13376, dt = 1.377382e-12, time = 9.477240e-09, elapsed = 2116.9 sec
Step =   2728: nodes = 13376, dt = 1.377382e-12, time = 9.478617e-09, elapsed = 2117.5 sec
Step =   2729: nodes = 13373, dt = 1.652858e-12, time = 9.480270e-09, elapsed = 2118.0 sec
Step =   2730: nodes = 13370, dt = 1.983430e-12, time = 9.482253e-09, elapsed = 2118.6 sec
Step =   2731: nodes = 13373, dt = 2.380116e-12, time = 9.484633e-09, elapsed = 2119.3 sec
Step =   2732: nodes = 13376, dt = 2.856139e-12, time = 9.487490e-09, elapsed = 2120.0 sec
Step =   2733: nodes = 13373, dt = 1.713683e-12, time = 9.489203e-09, elapsed = 2120.8 sec
Step =   2734: nodes = 13371, dt = 1.713683e-12, time = 9.490917e-09, elapsed = 2121.4 sec
Step =   2735: nodes = 13368, dt = 2.056420e-12, time = 9.492973e-09, elapsed = 2122.0 sec
Step =   2736: nodes = 13369, dt = 2.467704e-12, time = 9.495441e-09, elapsed = 2122.6 sec
Step =   2737: nodes = 13371, dt = 2.961245e-12, time = 9.498402e-09, elapsed = 2123.3 sec
Step =   2738: nodes = 13375, dt = 3.553493e-12, time = 9.501956e-09, elapsed = 2124.0 sec
Step =   2739: nodes = 13373, dt = 4.264192e-12, time = 9.506220e-09, elapsed = 2124.6 sec
Step =   2740: nodes = 13373, dt = 5.117031e-12, time = 9.511337e-09, elapsed = 2125.3 sec
Step =   2741: nodes = 13375, dt = 6.140437e-12, time = 9.517477e-09, elapsed = 2126.1 sec
Step =   2742: nodes = 13373, dt = 3.684262e-12, time = 9.521162e-09, elapsed = 2126.9 sec
Step =   2743: nodes = 13371, dt = 3.684262e-12, time = 9.524846e-09, elapsed = 2127.6 sec
Step =   2744: nodes = 13373, dt = 4.421114e-12, time = 9.529267e-09, elapsed = 2128.3 sec
Step =   2745: nodes = 13377, dt = 5.305337e-12, time = 9.534572e-09, elapsed = 2129.0 sec
Step =   2746: nodes = 13375, dt = 3.183202e-12, time = 9.537756e-09, elapsed = 2129.9 sec
Step =   2747: nodes = 13374, dt = 1.591601e-12, time = 9.539347e-09, elapsed = 2130.8 sec
Step =   2748: nodes = 13374, dt = 1.591601e-12, time = 9.540939e-09, elapsed = 2131.3 sec
Step =   2749: nodes = 13370, dt = 1.909921e-12, time = 9.542849e-09, elapsed = 2131.9 sec
Step =   2750: nodes = 13369, dt = 2.291906e-12, time = 9.545141e-09, elapsed = 2132.6 sec
Step =   2751: nodes = 13373, dt = 2.750287e-12, time = 9.547891e-09, elapsed = 2133.2 sec
Step =   2752: nodes = 13369, dt = 3.300344e-12, time = 9.551191e-09, elapsed = 2133.9 sec
Step =   2753: nodes = 13372, dt = 3.960413e-12, time = 9.555152e-09, elapsed = 2134.9 sec
Step =   2754: nodes = 13370, dt = 4.752496e-12, time = 9.559904e-09, elapsed = 2135.6 sec
Step =   2755: nodes = 13372, dt = 2.851497e-12, time = 9.562756e-09, elapsed = 2136.4 sec
Step =   2756: nodes = 13370, dt = 2.851497e-12, time = 9.565607e-09, elapsed = 2137.0 sec
Step =   2757: nodes = 13364, dt = 3.421797e-12, time = 9.569029e-09, elapsed = 2137.7 sec
Step =   2758: nodes = 13361, dt = 4.106156e-12, time = 9.573135e-09, elapsed = 2138.3 sec
Step =   2759: nodes = 13364, dt = 4.927388e-12, time = 9.578063e-09, elapsed = 2139.1 sec
Step =   2760: nodes = 13365, dt = 5.912865e-12, time = 9.583975e-09, elapsed = 2139.8 sec
Step =   2761: nodes = 13368, dt = 3.547719e-12, time = 9.587523e-09, elapsed = 2140.7 sec
Step =   2762: nodes = 13372, dt = 3.547719e-12, time = 9.591071e-09, elapsed = 2141.4 sec
Step =   2763: nodes = 13377, dt = 4.257263e-12, time = 9.595328e-09, elapsed = 2142.0 sec
Step =   2764: nodes = 13376, dt = 2.554358e-12, time = 9.597882e-09, elapsed = 2143.0 sec
Step =   2765: nodes = 13373, dt = 2.554358e-12, time = 9.600437e-09, elapsed = 2143.6 sec
Step =   2766: nodes = 13378, dt = 3.065229e-12, time = 9.603502e-09, elapsed = 2144.2 sec
Step =   2767: nodes = 13377, dt = 3.678275e-12, time = 9.607180e-09, elapsed = 2144.9 sec
Step =   2768: nodes = 13376, dt = 4.413930e-12, time = 9.611594e-09, elapsed = 2145.6 sec
Step =   2769: nodes = 13374, dt = 5.296716e-12, time = 9.616891e-09, elapsed = 2146.4 sec
Step =   2770: nodes = 13371, dt = 6.356059e-12, time = 9.623247e-09, elapsed = 2147.1 sec
Step =   2771: nodes = 13375, dt = 3.813636e-12, time = 9.627061e-09, elapsed = 2148.0 sec
Step =   2772: nodes = 13372, dt = 3.813636e-12, time = 9.630874e-09, elapsed = 2148.6 sec
Step =   2773: nodes = 13378, dt = 1.144091e-12, time = 9.632018e-09, elapsed = 2149.6 sec
Step =   2774: nodes = 13372, dt = 1.144091e-12, time = 9.633163e-09, elapsed = 2150.2 sec
Step =   2775: nodes = 13371, dt = 1.372909e-12, time = 9.634535e-09, elapsed = 2150.7 sec
Step =   2776: nodes = 13368, dt = 1.647491e-12, time = 9.636183e-09, elapsed = 2151.3 sec
Step =   2777: nodes = 13366, dt = 1.976989e-12, time = 9.638160e-09, elapsed = 2151.9 sec
Step =   2778: nodes = 13361, dt = 2.372386e-12, time = 9.640532e-09, elapsed = 2152.4 sec
Step =   2779: nodes = 13361, dt = 2.846864e-12, time = 9.643379e-09, elapsed = 2153.1 sec
Step =   2780: nodes = 13354, dt = 3.416237e-12, time = 9.646795e-09, elapsed = 2153.7 sec
Step =   2781: nodes = 13354, dt = 4.099484e-12, time = 9.650895e-09, elapsed = 2154.3 sec
Step =   2782: nodes = 13350, dt = 2.459690e-12, time = 9.653355e-09, elapsed = 2155.2 sec
Step =   2783: nodes = 13347, dt = 2.459690e-12, time = 9.655814e-09, elapsed = 2155.9 sec
Step =   2784: nodes = 13345, dt = 2.951628e-12, time = 9.658766e-09, elapsed = 2156.5 sec
Step =   2785: nodes = 13339, dt = 3.541954e-12, time = 9.662308e-09, elapsed = 2157.1 sec
Step =   2786: nodes = 13343, dt = 4.250345e-12, time = 9.666558e-09, elapsed = 2157.9 sec
Step =   2787: nodes = 13342, dt = 2.550207e-12, time = 9.669108e-09, elapsed = 2158.7 sec
Step =   2788: nodes = 13343, dt = 2.550207e-12, time = 9.671659e-09, elapsed = 2159.3 sec
Step =   2789: nodes = 13340, dt = 3.060248e-12, time = 9.674719e-09, elapsed = 2159.9 sec
Step =   2790: nodes = 13341, dt = 3.672298e-12, time = 9.678391e-09, elapsed = 2160.6 sec
Step =   2791: nodes = 13339, dt = 2.203379e-12, time = 9.680595e-09, elapsed = 2161.5 sec
Step =   2792: nodes = 13338, dt = 2.203379e-12, time = 9.682798e-09, elapsed = 2162.1 sec
Step =   2793: nodes = 13337, dt = 2.644054e-12, time = 9.685442e-09, elapsed = 2162.7 sec
Step =   2794: nodes = 13338, dt = 3.172865e-12, time = 9.688615e-09, elapsed = 2163.3 sec
Step =   2795: nodes = 13338, dt = 3.807438e-12, time = 9.692422e-09, elapsed = 2164.1 sec
Step =   2796: nodes = 13331, dt = 2.284463e-12, time = 9.694707e-09, elapsed = 2165.2 sec
Step =   2797: nodes = 13337, dt = 2.284463e-12, time = 9.696991e-09, elapsed = 2165.8 sec
Step =   2798: nodes = 13339, dt = 2.741356e-12, time = 9.699733e-09, elapsed = 2166.4 sec
Step =   2799: nodes = 13338, dt = 3.289627e-12, time = 9.703022e-09, elapsed = 2167.1 sec
Step =   2800: nodes = 13339, dt = 3.947552e-12, time = 9.706970e-09, elapsed = 2167.7 sec
Writing configuration in legacy data format
 Output file: /data/home/dg000246b/openDIS/inital_dislocation_structures/output_caseC_0.18%_seed12345/relax2/config.2800.data
Writing restart file
 Restart file: /data/home/dg000246b/openDIS/inital_dislocation_structures/output_caseC_0.18%_seed12345/relax2/restart.2800.exadis
Step =   2801: nodes = 13345, dt = 2.368531e-12, time = 9.709338e-09, elapsed = 2168.7 sec
Step =   2802: nodes = 13342, dt = 2.368531e-12, time = 9.711707e-09, elapsed = 2169.3 sec
Step =   2803: nodes = 13345, dt = 2.842238e-12, time = 9.714549e-09, elapsed = 2170.0 sec
Step =   2804: nodes = 13344, dt = 3.410685e-12, time = 9.717960e-09, elapsed = 2170.6 sec
Step =   2805: nodes = 13343, dt = 4.092822e-12, time = 9.722053e-09, elapsed = 2171.3 sec
Step =   2806: nodes = 13340, dt = 2.455693e-12, time = 9.724508e-09, elapsed = 2172.1 sec
Step =   2807: nodes = 13341, dt = 2.455693e-12, time = 9.726964e-09, elapsed = 2172.7 sec
Step =   2808: nodes = 13343, dt = 1.473416e-12, time = 9.728437e-09, elapsed = 2173.5 sec
Step =   2809: nodes = 13338, dt = 1.473416e-12, time = 9.729911e-09, elapsed = 2174.0 sec
Step =   2810: nodes = 13337, dt = 1.768099e-12, time = 9.731679e-09, elapsed = 2174.6 sec
Step =   2811: nodes = 13335, dt = 2.121719e-12, time = 9.733801e-09, elapsed = 2175.2 sec
Step =   2812: nodes = 13332, dt = 2.546063e-12, time = 9.736347e-09, elapsed = 2175.8 sec
Step =   2813: nodes = 13333, dt = 1.527638e-12, time = 9.737874e-09, elapsed = 2176.6 sec
Step =   2814: nodes = 13337, dt = 1.527638e-12, time = 9.739402e-09, elapsed = 2177.2 sec
Step =   2815: nodes = 13338, dt = 1.833165e-12, time = 9.741235e-09, elapsed = 2177.7 sec
Step =   2816: nodes = 13335, dt = 2.199798e-12, time = 9.743435e-09, elapsed = 2178.4 sec
Step =   2817: nodes = 13337, dt = 2.639758e-12, time = 9.746075e-09, elapsed = 2179.0 sec
Step =   2818: nodes = 13341, dt = 3.167709e-12, time = 9.749242e-09, elapsed = 2179.6 sec
Step =   2819: nodes = 13344, dt = 3.801251e-12, time = 9.753044e-09, elapsed = 2180.3 sec
Step =   2820: nodes = 13344, dt = 4.561502e-12, time = 9.757605e-09, elapsed = 2181.0 sec
Step =   2821: nodes = 13340, dt = 5.473802e-12, time = 9.763079e-09, elapsed = 2181.7 sec
Step =   2822: nodes = 13339, dt = 3.284281e-12, time = 9.766363e-09, elapsed = 2182.6 sec
Step =   2823: nodes = 13340, dt = 3.284281e-12, time = 9.769647e-09, elapsed = 2183.3 sec
Step =   2824: nodes = 13338, dt = 3.941137e-12, time = 9.773589e-09, elapsed = 2184.0 sec
Step =   2825: nodes = 13339, dt = 4.729365e-12, time = 9.778318e-09, elapsed = 2184.7 sec
Step =   2826: nodes = 13339, dt = 5.675238e-12, time = 9.783993e-09, elapsed = 2185.4 sec
Step =   2827: nodes = 13336, dt = 3.405143e-12, time = 9.787398e-09, elapsed = 2186.3 sec
Step =   2828: nodes = 13337, dt = 3.405143e-12, time = 9.790803e-09, elapsed = 2186.9 sec
Step =   2829: nodes = 13337, dt = 4.086171e-12, time = 9.794890e-09, elapsed = 2187.6 sec
Step =   2830: nodes = 13334, dt = 4.903406e-12, time = 9.799793e-09, elapsed = 2188.4 sec
Step =   2831: nodes = 13334, dt = 5.884087e-12, time = 9.805677e-09, elapsed = 2189.1 sec
Step =   2832: nodes = 13330, dt = 3.530452e-12, time = 9.809208e-09, elapsed = 2190.0 sec
Step =   2833: nodes = 13327, dt = 3.530452e-12, time = 9.812738e-09, elapsed = 2190.6 sec
Step =   2834: nodes = 13331, dt = 4.236542e-12, time = 9.816975e-09, elapsed = 2191.3 sec
Step =   2835: nodes = 13331, dt = 5.083851e-12, time = 9.822058e-09, elapsed = 2191.9 sec
Step =   2836: nodes = 13332, dt = 6.100621e-12, time = 9.828159e-09, elapsed = 2192.6 sec
Step =   2837: nodes = 13333, dt = 3.660373e-12, time = 9.831819e-09, elapsed = 2193.5 sec
Step =   2838: nodes = 13335, dt = 3.660373e-12, time = 9.835480e-09, elapsed = 2194.2 sec
Step =   2839: nodes = 13332, dt = 4.392447e-12, time = 9.839872e-09, elapsed = 2195.1 sec
Step =   2840: nodes = 13330, dt = 5.270937e-12, time = 9.845143e-09, elapsed = 2195.7 sec
Step =   2841: nodes = 13338, dt = 6.325124e-12, time = 9.851468e-09, elapsed = 2196.5 sec
Step =   2842: nodes = 13337, dt = 3.795074e-12, time = 9.855263e-09, elapsed = 2197.4 sec
Step =   2843: nodes = 13338, dt = 3.795074e-12, time = 9.859058e-09, elapsed = 2198.1 sec
Step =   2844: nodes = 13343, dt = 4.554089e-12, time = 9.863613e-09, elapsed = 2198.8 sec
Step =   2845: nodes = 13344, dt = 5.464907e-12, time = 9.869077e-09, elapsed = 2199.5 sec
Step =   2846: nodes = 13338, dt = 6.557888e-12, time = 9.875635e-09, elapsed = 2200.2 sec
Step =   2847: nodes = 13338, dt = 3.934733e-12, time = 9.879570e-09, elapsed = 2201.1 sec
Step =   2848: nodes = 13339, dt = 3.934733e-12, time = 9.883505e-09, elapsed = 2201.7 sec
Step =   2849: nodes = 13335, dt = 4.721680e-12, time = 9.888226e-09, elapsed = 2202.5 sec
Step =   2850: nodes = 13334, dt = 5.666016e-12, time = 9.893893e-09, elapsed = 2203.2 sec
Step =   2851: nodes = 13332, dt = 6.799219e-12, time = 9.900692e-09, elapsed = 2204.0 sec
Step =   2852: nodes = 13335, dt = 4.079531e-12, time = 9.904771e-09, elapsed = 2204.9 sec
Step =   2853: nodes = 13329, dt = 4.079531e-12, time = 9.908851e-09, elapsed = 2205.6 sec
Step =   2854: nodes = 13335, dt = 4.895438e-12, time = 9.913746e-09, elapsed = 2206.4 sec
Step =   2855: nodes = 13336, dt = 5.874525e-12, time = 9.919621e-09, elapsed = 2207.1 sec
Step =   2856: nodes = 13335, dt = 3.524715e-12, time = 9.923145e-09, elapsed = 2208.0 sec
Step =   2857: nodes = 13341, dt = 3.524715e-12, time = 9.926670e-09, elapsed = 2208.7 sec
Step =   2858: nodes = 13334, dt = 4.229658e-12, time = 9.930900e-09, elapsed = 2209.4 sec
Step =   2859: nodes = 13332, dt = 5.075590e-12, time = 9.935975e-09, elapsed = 2210.1 sec
Step =   2860: nodes = 13333, dt = 3.045354e-12, time = 9.939021e-09, elapsed = 2210.9 sec
Step =   2861: nodes = 13334, dt = 3.045354e-12, time = 9.942066e-09, elapsed = 2211.6 sec
Step =   2862: nodes = 13333, dt = 1.827212e-12, time = 9.943893e-09, elapsed = 2212.4 sec
Step =   2863: nodes = 13330, dt = 9.136061e-13, time = 9.944807e-09, elapsed = 2213.2 sec
Step =   2864: nodes = 13330, dt = 9.136061e-13, time = 9.945721e-09, elapsed = 2213.7 sec
Step =   2865: nodes = 13329, dt = 1.096327e-12, time = 9.946817e-09, elapsed = 2214.4 sec
Step =   2866: nodes = 13325, dt = 1.315593e-12, time = 9.948132e-09, elapsed = 2214.9 sec
Step =   2867: nodes = 13327, dt = 1.578711e-12, time = 9.949711e-09, elapsed = 2215.5 sec
Step =   2868: nodes = 13328, dt = 1.894454e-12, time = 9.951606e-09, elapsed = 2216.2 sec
Step =   2869: nodes = 13324, dt = 2.273344e-12, time = 9.953879e-09, elapsed = 2216.8 sec
Step =   2870: nodes = 13321, dt = 2.728013e-12, time = 9.956607e-09, elapsed = 2217.4 sec
Step =   2871: nodes = 13329, dt = 3.273616e-12, time = 9.959881e-09, elapsed = 2218.1 sec
Step =   2872: nodes = 13330, dt = 3.928339e-12, time = 9.963809e-09, elapsed = 2218.8 sec
Step =   2873: nodes = 13326, dt = 4.714007e-12, time = 9.968523e-09, elapsed = 2219.5 sec
Step =   2874: nodes = 13327, dt = 5.656808e-12, time = 9.974180e-09, elapsed = 2220.2 sec
Step =   2875: nodes = 13333, dt = 3.394085e-12, time = 9.977574e-09, elapsed = 2221.1 sec
Step =   2876: nodes = 13333, dt = 3.394085e-12, time = 9.980968e-09, elapsed = 2221.8 sec
Step =   2877: nodes = 13334, dt = 4.072902e-12, time = 9.985041e-09, elapsed = 2222.4 sec
Step =   2878: nodes = 13336, dt = 4.887482e-12, time = 9.989928e-09, elapsed = 2223.2 sec
Step =   2879: nodes = 13333, dt = 5.864979e-12, time = 9.995793e-09, elapsed = 2223.9 sec
Step =   2880: nodes = 13339, dt = 7.037975e-12, time = 1.000283e-08, elapsed = 2224.9 sec
Step =   2881: nodes = 13338, dt = 4.222785e-12, time = 1.000705e-08, elapsed = 2225.9 sec
Step =   2882: nodes = 13343, dt = 4.222785e-12, time = 1.001128e-08, elapsed = 2226.6 sec
Step =   2883: nodes = 13339, dt = 5.067342e-12, time = 1.001634e-08, elapsed = 2227.3 sec
Step =   2884: nodes = 13343, dt = 6.080810e-12, time = 1.002243e-08, elapsed = 2228.1 sec
Step =   2885: nodes = 13339, dt = 7.296972e-12, time = 1.002972e-08, elapsed = 2228.8 sec
Step =   2886: nodes = 13335, dt = 4.378183e-12, time = 1.003410e-08, elapsed = 2229.7 sec
Step =   2887: nodes = 13339, dt = 2.189092e-12, time = 1.003629e-08, elapsed = 2230.6 sec
Step =   2888: nodes = 13338, dt = 2.189092e-12, time = 1.003848e-08, elapsed = 2231.3 sec
Step =   2889: nodes = 13334, dt = 2.626910e-12, time = 1.004111e-08, elapsed = 2231.9 sec
Step =   2890: nodes = 13334, dt = 3.152292e-12, time = 1.004426e-08, elapsed = 2232.6 sec
Step =   2891: nodes = 13331, dt = 3.782750e-12, time = 1.004804e-08, elapsed = 2233.2 sec
Step =   2892: nodes = 13330, dt = 2.269650e-12, time = 1.005031e-08, elapsed = 2234.1 sec
Step =   2893: nodes = 13326, dt = 2.269650e-12, time = 1.005258e-08, elapsed = 2234.7 sec
Step =   2894: nodes = 13325, dt = 2.723580e-12, time = 1.005530e-08, elapsed = 2235.4 sec
Step =   2895: nodes = 13321, dt = 3.268296e-12, time = 1.005857e-08, elapsed = 2236.0 sec
Step =   2896: nodes = 13322, dt = 3.921956e-12, time = 1.006249e-08, elapsed = 2236.7 sec
Step =   2897: nodes = 13319, dt = 4.706347e-12, time = 1.006720e-08, elapsed = 2237.4 sec
Step =   2898: nodes = 13324, dt = 5.647616e-12, time = 1.007285e-08, elapsed = 2238.1 sec
Step =   2899: nodes = 13331, dt = 6.777139e-12, time = 1.007962e-08, elapsed = 2238.9 sec
Step =   2900: nodes = 13328, dt = 4.066284e-12, time = 1.008369e-08, elapsed = 2239.8 sec
Writing configuration in legacy data format
 Output file: /data/home/dg000246b/openDIS/inital_dislocation_structures/output_caseC_0.18%_seed12345/relax2/config.2900.data
Writing restart file
 Restart file: /data/home/dg000246b/openDIS/inital_dislocation_structures/output_caseC_0.18%_seed12345/relax2/restart.2900.exadis
Step =   2901: nodes = 13327, dt = 4.066284e-12, time = 1.008776e-08, elapsed = 2240.6 sec
Step =   2902: nodes = 13329, dt = 2.439770e-12, time = 1.009020e-08, elapsed = 2241.5 sec
Step =   2903: nodes = 13330, dt = 2.439770e-12, time = 1.009264e-08, elapsed = 2242.1 sec
Step =   2904: nodes = 13332, dt = 2.927724e-12, time = 1.009556e-08, elapsed = 2242.7 sec
Step =   2905: nodes = 13335, dt = 3.513269e-12, time = 1.009908e-08, elapsed = 2243.4 sec
Step =   2906: nodes = 13328, dt = 2.107961e-12, time = 1.010119e-08, elapsed = 2244.2 sec
Step =   2907: nodes = 13330, dt = 1.053981e-12, time = 1.010224e-08, elapsed = 2245.0 sec
Step =   2908: nodes = 13328, dt = 1.053981e-12, time = 1.010329e-08, elapsed = 2245.6 sec
Step =   2909: nodes = 13325, dt = 1.264777e-12, time = 1.010456e-08, elapsed = 2246.1 sec
Step =   2910: nodes = 13325, dt = 1.517732e-12, time = 1.010608e-08, elapsed = 2246.7 sec
Step =   2911: nodes = 13325, dt = 1.821279e-12, time = 1.010790e-08, elapsed = 2247.3 sec
Step =   2912: nodes = 13318, dt = 2.185534e-12, time = 1.011008e-08, elapsed = 2247.9 sec
Step =   2913: nodes = 13321, dt = 2.622641e-12, time = 1.011271e-08, elapsed = 2248.5 sec
Step =   2914: nodes = 13321, dt = 3.147169e-12, time = 1.011585e-08, elapsed = 2249.2 sec
Step =   2915: nodes = 13318, dt = 3.776603e-12, time = 1.011963e-08, elapsed = 2249.8 sec
Step =   2916: nodes = 13311, dt = 4.531924e-12, time = 1.012416e-08, elapsed = 2250.5 sec
Step =   2917: nodes = 13317, dt = 5.438309e-12, time = 1.012960e-08, elapsed = 2251.2 sec
Step =   2918: nodes = 13317, dt = 6.525971e-12, time = 1.013613e-08, elapsed = 2252.0 sec
Step =   2919: nodes = 13316, dt = 3.915582e-12, time = 1.014004e-08, elapsed = 2252.9 sec
Step =   2920: nodes = 13317, dt = 1.957791e-12, time = 1.014200e-08, elapsed = 2253.7 sec
Step =   2921: nodes = 13315, dt = 9.788956e-13, time = 1.014298e-08, elapsed = 2254.5 sec
Step =   2922: nodes = 13318, dt = 9.788956e-13, time = 1.014396e-08, elapsed = 2255.3 sec
Step =   2923: nodes = 13312, dt = 1.174675e-12, time = 1.014513e-08, elapsed = 2255.8 sec
Step =   2924: nodes = 13312, dt = 1.409610e-12, time = 1.014654e-08, elapsed = 2256.4 sec
Step =   2925: nodes = 13314, dt = 1.691532e-12, time = 1.014823e-08, elapsed = 2256.9 sec
Step =   2926: nodes = 13303, dt = 2.029838e-12, time = 1.015026e-08, elapsed = 2257.5 sec
Step =   2927: nodes = 13303, dt = 2.435805e-12, time = 1.015270e-08, elapsed = 2258.1 sec
Step =   2928: nodes = 13298, dt = 2.922967e-12, time = 1.015562e-08, elapsed = 2258.7 sec
Step =   2929: nodes = 13306, dt = 3.507560e-12, time = 1.015913e-08, elapsed = 2259.4 sec
Step =   2930: nodes = 13302, dt = 4.209072e-12, time = 1.016334e-08, elapsed = 2260.0 sec
Step =   2931: nodes = 13303, dt = 5.050886e-12, time = 1.016839e-08, elapsed = 2260.7 sec
Step =   2932: nodes = 13304, dt = 3.030532e-12, time = 1.017142e-08, elapsed = 2261.6 sec
Step =   2933: nodes = 13296, dt = 3.030532e-12, time = 1.017445e-08, elapsed = 2262.2 sec
Step =   2934: nodes = 13302, dt = 3.636638e-12, time = 1.017809e-08, elapsed = 2262.9 sec
Step =   2935: nodes = 13300, dt = 4.363966e-12, time = 1.018245e-08, elapsed = 2263.6 sec
Step =   2936: nodes = 13295, dt = 5.236759e-12, time = 1.018769e-08, elapsed = 2264.3 sec
Step =   2937: nodes = 13303, dt = 6.284111e-12, time = 1.019397e-08, elapsed = 2265.1 sec
Step =   2938: nodes = 13297, dt = 3.770466e-12, time = 1.019774e-08, elapsed = 2266.0 sec
Step =   2939: nodes = 13296, dt = 3.770466e-12, time = 1.020151e-08, elapsed = 2266.6 sec
Step =   2940: nodes = 13302, dt = 4.524560e-12, time = 1.020604e-08, elapsed = 2267.3 sec
Step =   2941: nodes = 13303, dt = 5.429472e-12, time = 1.021147e-08, elapsed = 2268.0 sec
Step =   2942: nodes = 13297, dt = 6.515366e-12, time = 1.021798e-08, elapsed = 2268.8 sec
Step =   2943: nodes = 13295, dt = 3.909220e-12, time = 1.022189e-08, elapsed = 2269.7 sec
Step =   2944: nodes = 13294, dt = 3.909220e-12, time = 1.022580e-08, elapsed = 2270.4 sec
Step =   2945: nodes = 13290, dt = 4.691063e-12, time = 1.023049e-08, elapsed = 2271.0 sec
Step =   2946: nodes = 13292, dt = 5.629276e-12, time = 1.023612e-08, elapsed = 2271.8 sec
Step =   2947: nodes = 13294, dt = 3.377566e-12, time = 1.023950e-08, elapsed = 2272.7 sec
Step =   2948: nodes = 13291, dt = 3.377566e-12, time = 1.024288e-08, elapsed = 2273.3 sec
Step =   2949: nodes = 13289, dt = 4.053079e-12, time = 1.024693e-08, elapsed = 2274.0 sec
Step =   2950: nodes = 13300, dt = 4.863695e-12, time = 1.025179e-08, elapsed = 2274.8 sec
Step =   2951: nodes = 13297, dt = 5.836434e-12, time = 1.025763e-08, elapsed = 2275.5 sec
Step =   2952: nodes = 13306, dt = 7.003720e-12, time = 1.026463e-08, elapsed = 2276.3 sec
Step =   2953: nodes = 13307, dt = 4.202232e-12, time = 1.026883e-08, elapsed = 2277.2 sec
Step =   2954: nodes = 13311, dt = 4.202232e-12, time = 1.027304e-08, elapsed = 2277.8 sec
Step =   2955: nodes = 13306, dt = 5.042679e-12, time = 1.027808e-08, elapsed = 2278.5 sec
Step =   2956: nodes = 13304, dt = 6.051214e-12, time = 1.028413e-08, elapsed = 2279.3 sec
Step =   2957: nodes = 13297, dt = 3.630729e-12, time = 1.028776e-08, elapsed = 2280.2 sec
Step =   2958: nodes = 13296, dt = 3.630729e-12, time = 1.029139e-08, elapsed = 2280.9 sec
Step =   2959: nodes = 13298, dt = 4.356874e-12, time = 1.029575e-08, elapsed = 2281.5 sec
Step =   2960: nodes = 13304, dt = 5.228249e-12, time = 1.030098e-08, elapsed = 2282.3 sec
Step =   2961: nodes = 13301, dt = 6.273899e-12, time = 1.030725e-08, elapsed = 2283.0 sec
Step =   2962: nodes = 13298, dt = 3.764339e-12, time = 1.031102e-08, elapsed = 2283.9 sec
Step =   2963: nodes = 13294, dt = 3.764339e-12, time = 1.031478e-08, elapsed = 2284.9 sec
Step =   2964: nodes = 13292, dt = 4.517207e-12, time = 1.031930e-08, elapsed = 2285.6 sec
Step =   2965: nodes = 13290, dt = 5.420649e-12, time = 1.032472e-08, elapsed = 2286.4 sec
Step =   2966: nodes = 13295, dt = 6.504778e-12, time = 1.033122e-08, elapsed = 2287.2 sec
Step =   2967: nodes = 13298, dt = 3.902867e-12, time = 1.033513e-08, elapsed = 2288.1 sec
Step =   2968: nodes = 13295, dt = 3.902867e-12, time = 1.033903e-08, elapsed = 2288.8 sec
Step =   2969: nodes = 13295, dt = 4.683440e-12, time = 1.034371e-08, elapsed = 2289.5 sec
Step =   2970: nodes = 13297, dt = 5.620129e-12, time = 1.034933e-08, elapsed = 2290.3 sec
Step =   2971: nodes = 13295, dt = 6.744154e-12, time = 1.035608e-08, elapsed = 2291.0 sec
Step =   2972: nodes = 13290, dt = 4.046493e-12, time = 1.036012e-08, elapsed = 2291.9 sec
Step =   2973: nodes = 13289, dt = 4.046493e-12, time = 1.036417e-08, elapsed = 2292.6 sec
Step =   2974: nodes = 13287, dt = 2.427896e-12, time = 1.036660e-08, elapsed = 2293.5 sec
Step =   2975: nodes = 13289, dt = 2.427896e-12, time = 1.036902e-08, elapsed = 2294.1 sec
Step =   2976: nodes = 13285, dt = 2.913475e-12, time = 1.037194e-08, elapsed = 2294.7 sec
Step =   2977: nodes = 13278, dt = 3.496170e-12, time = 1.037543e-08, elapsed = 2295.4 sec
Step =   2978: nodes = 13281, dt = 2.097702e-12, time = 1.037753e-08, elapsed = 2296.2 sec
Step =   2979: nodes = 13284, dt = 2.097702e-12, time = 1.037963e-08, elapsed = 2296.7 sec
Step =   2980: nodes = 13281, dt = 2.517242e-12, time = 1.038215e-08, elapsed = 2297.3 sec
Step =   2981: nodes = 13270, dt = 3.020691e-12, time = 1.038517e-08, elapsed = 2297.9 sec
Step =   2982: nodes = 13274, dt = 3.624829e-12, time = 1.038879e-08, elapsed = 2298.6 sec
Step =   2983: nodes = 13270, dt = 4.349794e-12, time = 1.039314e-08, elapsed = 2299.3 sec
Step =   2984: nodes = 13263, dt = 5.219753e-12, time = 1.039836e-08, elapsed = 2300.0 sec
Step =   2985: nodes = 13271, dt = 6.263704e-12, time = 1.040463e-08, elapsed = 2300.7 sec
Step =   2986: nodes = 13273, dt = 3.758222e-12, time = 1.040838e-08, elapsed = 2301.6 sec
Step =   2987: nodes = 13277, dt = 3.758222e-12, time = 1.041214e-08, elapsed = 2302.3 sec
Step =   2988: nodes = 13270, dt = 4.509867e-12, time = 1.041665e-08, elapsed = 2303.0 sec
Step =   2989: nodes = 13273, dt = 2.705920e-12, time = 1.041936e-08, elapsed = 2303.8 sec
Step =   2990: nodes = 13273, dt = 2.705920e-12, time = 1.042206e-08, elapsed = 2304.5 sec
Step =   2991: nodes = 13278, dt = 3.247104e-12, time = 1.042531e-08, elapsed = 2305.1 sec
Step =   2992: nodes = 13279, dt = 3.896525e-12, time = 1.042921e-08, elapsed = 2305.7 sec
Step =   2993: nodes = 13281, dt = 4.675830e-12, time = 1.043388e-08, elapsed = 2306.4 sec
Step =   2994: nodes = 13279, dt = 5.610996e-12, time = 1.043949e-08, elapsed = 2307.1 sec
Step =   2995: nodes = 13282, dt = 3.366598e-12, time = 1.044286e-08, elapsed = 2308.0 sec
Step =   2996: nodes = 13286, dt = 3.366598e-12, time = 1.044623e-08, elapsed = 2308.7 sec
Step =   2997: nodes = 13282, dt = 4.039917e-12, time = 1.045027e-08, elapsed = 2309.4 sec
Step =   2998: nodes = 13284, dt = 4.847900e-12, time = 1.045512e-08, elapsed = 2310.1 sec
Step =   2999: nodes = 13289, dt = 5.817480e-12, time = 1.046093e-08, elapsed = 2310.8 sec
Step =   3000: nodes = 13281, dt = 3.490488e-12, time = 1.046442e-08, elapsed = 2311.7 sec
Writing configuration in legacy data format
 Output file: /data/home/dg000246b/openDIS/inital_dislocation_structures/output_caseC_0.18%_seed12345/relax2/config.3000.data
Writing restart file
 Restart file: /data/home/dg000246b/openDIS/inital_dislocation_structures/output_caseC_0.18%_seed12345/relax2/restart.3000.exadis
Step =   3001: nodes = 13277, dt = 3.490488e-12, time = 1.046791e-08, elapsed = 2312.5 sec
Step =   3002: nodes = 13273, dt = 4.188586e-12, time = 1.047210e-08, elapsed = 2313.1 sec
Step =   3003: nodes = 13276, dt = 2.513152e-12, time = 1.047462e-08, elapsed = 2314.0 sec
Step =   3004: nodes = 13280, dt = 2.513152e-12, time = 1.047713e-08, elapsed = 2315.0 sec
Step =   3005: nodes = 13279, dt = 3.015782e-12, time = 1.048014e-08, elapsed = 2315.6 sec
Step =   3006: nodes = 13281, dt = 3.618938e-12, time = 1.048376e-08, elapsed = 2316.2 sec
Step =   3007: nodes = 13282, dt = 4.342726e-12, time = 1.048811e-08, elapsed = 2316.9 sec
Step =   3008: nodes = 13286, dt = 5.211271e-12, time = 1.049332e-08, elapsed = 2317.6 sec
Step =   3009: nodes = 13288, dt = 3.126763e-12, time = 1.049644e-08, elapsed = 2318.5 sec
Step =   3010: nodes = 13286, dt = 3.126763e-12, time = 1.049957e-08, elapsed = 2319.1 sec
Step =   3011: nodes = 13280, dt = 3.752115e-12, time = 1.050332e-08, elapsed = 2319.8 sec
Step =   3012: nodes = 13278, dt = 4.502538e-12, time = 1.050783e-08, elapsed = 2320.5 sec
Step =   3013: nodes = 13274, dt = 5.403046e-12, time = 1.051323e-08, elapsed = 2321.2 sec
Step =   3014: nodes = 13274, dt = 3.241828e-12, time = 1.051647e-08, elapsed = 2322.1 sec
Step =   3015: nodes = 13273, dt = 3.241828e-12, time = 1.051971e-08, elapsed = 2322.7 sec
Step =   3016: nodes = 13273, dt = 3.890193e-12, time = 1.052360e-08, elapsed = 2323.4 sec
Step =   3017: nodes = 13274, dt = 4.668232e-12, time = 1.052827e-08, elapsed = 2324.1 sec
Step =   3018: nodes = 13272, dt = 5.601878e-12, time = 1.053387e-08, elapsed = 2324.8 sec
Step =   3019: nodes = 13272, dt = 3.361127e-12, time = 1.053723e-08, elapsed = 2325.7 sec
Step =   3020: nodes = 13276, dt = 3.361127e-12, time = 1.054059e-08, elapsed = 2326.4 sec
Step =   3021: nodes = 13277, dt = 4.033352e-12, time = 1.054463e-08, elapsed = 2327.0 sec
Step =   3022: nodes = 13281, dt = 4.840023e-12, time = 1.054947e-08, elapsed = 2327.8 sec
Step =   3023: nodes = 13281, dt = 5.808027e-12, time = 1.055528e-08, elapsed = 2328.5 sec
Step =   3024: nodes = 13278, dt = 6.969632e-12, time = 1.056225e-08, elapsed = 2329.3 sec
Step =   3025: nodes = 13278, dt = 4.181779e-12, time = 1.056643e-08, elapsed = 2330.2 sec
Step =   3026: nodes = 13280, dt = 4.181779e-12, time = 1.057061e-08, elapsed = 2330.9 sec
Step =   3027: nodes = 13285, dt = 5.018135e-12, time = 1.057563e-08, elapsed = 2331.6 sec
Step =   3028: nodes = 13287, dt = 6.021762e-12, time = 1.058165e-08, elapsed = 2332.3 sec
Step =   3029: nodes = 13291, dt = 3.613057e-12, time = 1.058526e-08, elapsed = 2333.2 sec
Step =   3030: nodes = 13290, dt = 3.613057e-12, time = 1.058888e-08, elapsed = 2333.8 sec
Step =   3031: nodes = 13293, dt = 4.335669e-12, time = 1.059321e-08, elapsed = 2334.6 sec
Step =   3032: nodes = 13287, dt = 5.202803e-12, time = 1.059841e-08, elapsed = 2335.2 sec
Step =   3033: nodes = 13280, dt = 6.243363e-12, time = 1.060466e-08, elapsed = 2336.0 sec
Step =   3034: nodes = 13279, dt = 3.746018e-12, time = 1.060840e-08, elapsed = 2337.0 sec
Step =   3035: nodes = 13281, dt = 3.746018e-12, time = 1.061215e-08, elapsed = 2337.7 sec
Step =   3036: nodes = 13283, dt = 4.495222e-12, time = 1.061664e-08, elapsed = 2338.4 sec
Step =   3037: nodes = 13285, dt = 5.394266e-12, time = 1.062204e-08, elapsed = 2339.2 sec
Step =   3038: nodes = 13282, dt = 3.236560e-12, time = 1.062528e-08, elapsed = 2340.1 sec
Step =   3039: nodes = 13281, dt = 3.236560e-12, time = 1.062851e-08, elapsed = 2340.7 sec
Step =   3040: nodes = 13281, dt = 3.883871e-12, time = 1.063240e-08, elapsed = 2341.4 sec
Step =   3041: nodes = 13277, dt = 4.660646e-12, time = 1.063706e-08, elapsed = 2342.2 sec
Step =   3042: nodes = 13276, dt = 5.592775e-12, time = 1.064265e-08, elapsed = 2343.0 sec
Step =   3043: nodes = 13282, dt = 3.355665e-12, time = 1.064600e-08, elapsed = 2343.9 sec
Step =   3044: nodes = 13280, dt = 3.355665e-12, time = 1.064936e-08, elapsed = 2345.0 sec
Step =   3045: nodes = 13280, dt = 4.026798e-12, time = 1.065339e-08, elapsed = 2345.7 sec
Step =   3046: nodes = 13273, dt = 4.832158e-12, time = 1.065822e-08, elapsed = 2346.4 sec
Step =   3047: nodes = 13275, dt = 5.798589e-12, time = 1.066402e-08, elapsed = 2347.1 sec
Step =   3048: nodes = 13277, dt = 3.479153e-12, time = 1.066750e-08, elapsed = 2348.0 sec
Step =   3049: nodes = 13274, dt = 3.479153e-12, time = 1.067098e-08, elapsed = 2348.7 sec
Step =   3050: nodes = 13274, dt = 4.174984e-12, time = 1.067515e-08, elapsed = 2349.4 sec
Step =   3051: nodes = 13270, dt = 5.009981e-12, time = 1.068016e-08, elapsed = 2350.1 sec
Step =   3052: nodes = 13267, dt = 3.005989e-12, time = 1.068317e-08, elapsed = 2351.0 sec
Step =   3053: nodes = 13263, dt = 3.005989e-12, time = 1.068617e-08, elapsed = 2351.6 sec
Step =   3054: nodes = 13259, dt = 3.607186e-12, time = 1.068978e-08, elapsed = 2352.3 sec
Step =   3055: nodes = 13262, dt = 4.328624e-12, time = 1.069411e-08, elapsed = 2353.0 sec
Step =   3056: nodes = 13260, dt = 2.597174e-12, time = 1.069671e-08, elapsed = 2353.9 sec
Step =   3057: nodes = 13260, dt = 2.597174e-12, time = 1.069930e-08, elapsed = 2354.5 sec
Step =   3058: nodes = 13257, dt = 3.116609e-12, time = 1.070242e-08, elapsed = 2355.1 sec
Step =   3059: nodes = 13257, dt = 3.739931e-12, time = 1.070616e-08, elapsed = 2355.7 sec
Step =   3060: nodes = 13261, dt = 4.487917e-12, time = 1.071065e-08, elapsed = 2356.4 sec
Step =   3061: nodes = 13256, dt = 5.385500e-12, time = 1.071603e-08, elapsed = 2357.1 sec
Step =   3062: nodes = 13253, dt = 3.231300e-12, time = 1.071926e-08, elapsed = 2357.9 sec
Step =   3063: nodes = 13248, dt = 3.231300e-12, time = 1.072250e-08, elapsed = 2358.6 sec
Step =   3064: nodes = 13246, dt = 3.877560e-12, time = 1.072637e-08, elapsed = 2359.2 sec
Step =   3065: nodes = 13251, dt = 4.653072e-12, time = 1.073103e-08, elapsed = 2359.9 sec
Step =   3066: nodes = 13247, dt = 2.791843e-12, time = 1.073382e-08, elapsed = 2360.8 sec
Step =   3067: nodes = 13243, dt = 2.791843e-12, time = 1.073661e-08, elapsed = 2361.4 sec
Step =   3068: nodes = 13243, dt = 3.350212e-12, time = 1.073996e-08, elapsed = 2362.0 sec
Step =   3069: nodes = 13245, dt = 4.020254e-12, time = 1.074398e-08, elapsed = 2362.7 sec
Step =   3070: nodes = 13245, dt = 4.824305e-12, time = 1.074881e-08, elapsed = 2363.4 sec
Step =   3071: nodes = 13246, dt = 2.894583e-12, time = 1.075170e-08, elapsed = 2364.3 sec
Step =   3072: nodes = 13247, dt = 2.894583e-12, time = 1.075459e-08, elapsed = 2364.8 sec
Step =   3073: nodes = 13247, dt = 3.473500e-12, time = 1.075807e-08, elapsed = 2365.5 sec
Step =   3074: nodes = 13244, dt = 4.168200e-12, time = 1.076224e-08, elapsed = 2366.2 sec
Step =   3075: nodes = 13248, dt = 5.001840e-12, time = 1.076724e-08, elapsed = 2366.9 sec
Step =   3076: nodes = 13247, dt = 3.001104e-12, time = 1.077024e-08, elapsed = 2367.8 sec
Step =   3077: nodes = 13241, dt = 1.500552e-12, time = 1.077174e-08, elapsed = 2368.6 sec
Step =   3078: nodes = 13243, dt = 1.500552e-12, time = 1.077324e-08, elapsed = 2369.1 sec
Step =   3079: nodes = 13242, dt = 1.800662e-12, time = 1.077504e-08, elapsed = 2369.7 sec
Step =   3080: nodes = 13243, dt = 2.160795e-12, time = 1.077720e-08, elapsed = 2370.3 sec
Step =   3081: nodes = 13243, dt = 2.592954e-12, time = 1.077979e-08, elapsed = 2371.0 sec
Step =   3082: nodes = 13247, dt = 3.111544e-12, time = 1.078291e-08, elapsed = 2371.6 sec
Step =   3083: nodes = 13237, dt = 3.733853e-12, time = 1.078664e-08, elapsed = 2372.3 sec
Step =   3084: nodes = 13239, dt = 2.240312e-12, time = 1.078888e-08, elapsed = 2373.1 sec
Step =   3085: nodes = 13240, dt = 2.240312e-12, time = 1.079112e-08, elapsed = 2373.7 sec
Step =   3086: nodes = 13240, dt = 2.688374e-12, time = 1.079381e-08, elapsed = 2374.3 sec
Step =   3087: nodes = 13240, dt = 3.226049e-12, time = 1.079703e-08, elapsed = 2375.2 sec
Step =   3088: nodes = 13242, dt = 3.871259e-12, time = 1.080091e-08, elapsed = 2375.8 sec
Step =   3089: nodes = 13243, dt = 2.322755e-12, time = 1.080323e-08, elapsed = 2376.7 sec
Step =   3090: nodes = 13249, dt = 2.322755e-12, time = 1.080555e-08, elapsed = 2377.3 sec
Step =   3091: nodes = 13247, dt = 2.787307e-12, time = 1.080834e-08, elapsed = 2377.9 sec
Step =   3092: nodes = 13245, dt = 3.344768e-12, time = 1.081168e-08, elapsed = 2378.6 sec
Step =   3093: nodes = 13253, dt = 4.013721e-12, time = 1.081570e-08, elapsed = 2379.3 sec
Step =   3094: nodes = 13253, dt = 4.816466e-12, time = 1.082051e-08, elapsed = 2380.0 sec
Step =   3095: nodes = 13251, dt = 5.779759e-12, time = 1.082629e-08, elapsed = 2380.8 sec
Step =   3096: nodes = 13251, dt = 3.467855e-12, time = 1.082976e-08, elapsed = 2381.6 sec
Step =   3097: nodes = 13244, dt = 3.467855e-12, time = 1.083323e-08, elapsed = 2382.3 sec
Step =   3098: nodes = 13245, dt = 4.161426e-12, time = 1.083739e-08, elapsed = 2383.0 sec
Step =   3099: nodes = 13241, dt = 4.993712e-12, time = 1.084238e-08, elapsed = 2383.7 sec
Step =   3100: nodes = 13238, dt = 5.992454e-12, time = 1.084838e-08, elapsed = 2384.5 sec
Writing configuration in legacy data format
 Output file: /data/home/dg000246b/openDIS/inital_dislocation_structures/output_caseC_0.18%_seed12345/relax2/config.3100.data
Writing restart file
 Restart file: /data/home/dg000246b/openDIS/inital_dislocation_structures/output_caseC_0.18%_seed12345/relax2/restart.3100.exadis
Step =   3101: nodes = 13239, dt = 3.595472e-12, time = 1.085197e-08, elapsed = 2385.5 sec
Step =   3102: nodes = 13236, dt = 3.595472e-12, time = 1.085557e-08, elapsed = 2386.1 sec
Step =   3103: nodes = 13234, dt = 4.314567e-12, time = 1.085988e-08, elapsed = 2386.9 sec
Step =   3104: nodes = 13241, dt = 5.177480e-12, time = 1.086506e-08, elapsed = 2387.6 sec
Step =   3105: nodes = 13241, dt = 3.106488e-12, time = 1.086817e-08, elapsed = 2388.4 sec
Step =   3106: nodes = 13232, dt = 3.106488e-12, time = 1.087127e-08, elapsed = 2389.0 sec
Step =   3107: nodes = 13235, dt = 3.727786e-12, time = 1.087500e-08, elapsed = 2389.7 sec
Step =   3108: nodes = 13236, dt = 4.473343e-12, time = 1.087947e-08, elapsed = 2390.4 sec
Step =   3109: nodes = 13241, dt = 5.368012e-12, time = 1.088484e-08, elapsed = 2391.0 sec
Step =   3110: nodes = 13245, dt = 6.441614e-12, time = 1.089128e-08, elapsed = 2391.8 sec
Step =   3111: nodes = 13241, dt = 3.864968e-12, time = 1.089515e-08, elapsed = 2392.7 sec
Step =   3112: nodes = 13236, dt = 3.864968e-12, time = 1.089901e-08, elapsed = 2393.3 sec
Step =   3113: nodes = 13241, dt = 4.637962e-12, time = 1.090365e-08, elapsed = 2394.0 sec
Step =   3114: nodes = 13241, dt = 5.565554e-12, time = 1.090922e-08, elapsed = 2394.7 sec
Step =   3115: nodes = 13231, dt = 6.678665e-12, time = 1.091590e-08, elapsed = 2395.4 sec
Step =   3116: nodes = 13235, dt = 4.007199e-12, time = 1.091990e-08, elapsed = 2396.3 sec
Step =   3117: nodes = 13237, dt = 4.007199e-12, time = 1.092391e-08, elapsed = 2397.0 sec
Step =   3118: nodes = 13231, dt = 4.808639e-12, time = 1.092872e-08, elapsed = 2397.6 sec
Step =   3119: nodes = 13239, dt = 5.770367e-12, time = 1.093449e-08, elapsed = 2398.4 sec
Step =   3120: nodes = 13246, dt = 6.924440e-12, time = 1.094141e-08, elapsed = 2399.2 sec
Step =   3121: nodes = 13243, dt = 4.154664e-12, time = 1.094557e-08, elapsed = 2400.1 sec
Step =   3122: nodes = 13240, dt = 4.154664e-12, time = 1.094972e-08, elapsed = 2400.7 sec
Step =   3123: nodes = 13235, dt = 4.985597e-12, time = 1.095471e-08, elapsed = 2401.4 sec
Step =   3124: nodes = 13233, dt = 5.982716e-12, time = 1.096069e-08, elapsed = 2402.1 sec
Step =   3125: nodes = 13235, dt = 3.589630e-12, time = 1.096428e-08, elapsed = 2402.9 sec
Step =   3126: nodes = 13234, dt = 3.589630e-12, time = 1.096787e-08, elapsed = 2403.6 sec
Step =   3127: nodes = 13232, dt = 4.307556e-12, time = 1.097218e-08, elapsed = 2404.2 sec
Step =   3128: nodes = 13232, dt = 5.169067e-12, time = 1.097735e-08, elapsed = 2405.2 sec
Step =   3129: nodes = 13229, dt = 6.202880e-12, time = 1.098355e-08, elapsed = 2405.9 sec
Step =   3130: nodes = 13234, dt = 3.721728e-12, time = 1.098727e-08, elapsed = 2406.8 sec
Step =   3131: nodes = 13230, dt = 1.860864e-12, time = 1.098913e-08, elapsed = 2407.5 sec
Step =   3132: nodes = 13230, dt = 1.860864e-12, time = 1.099099e-08, elapsed = 2408.1 sec
Step =   3133: nodes = 13229, dt = 2.233037e-12, time = 1.099323e-08, elapsed = 2408.7 sec
Step =   3134: nodes = 13226, dt = 2.679644e-12, time = 1.099591e-08, elapsed = 2409.3 sec
Step =   3135: nodes = 13227, dt = 3.215573e-12, time = 1.099912e-08, elapsed = 2410.0 sec
Step =   3136: nodes = 13228, dt = 3.858688e-12, time = 1.100298e-08, elapsed = 2410.6 sec
Step =   3137: nodes = 13227, dt = 4.630425e-12, time = 1.100761e-08, elapsed = 2411.3 sec
Step =   3138: nodes = 13223, dt = 5.556510e-12, time = 1.101317e-08, elapsed = 2412.0 sec
Step =   3139: nodes = 13223, dt = 6.667812e-12, time = 1.101984e-08, elapsed = 2412.8 sec
Step =   3140: nodes = 13223, dt = 8.001375e-12, time = 1.102784e-08, elapsed = 2413.6 sec
Step =   3141: nodes = 13224, dt = 4.800825e-12, time = 1.103264e-08, elapsed = 2414.5 sec
Step =   3142: nodes = 13221, dt = 4.800825e-12, time = 1.103744e-08, elapsed = 2415.2 sec
Step =   3143: nodes = 13217, dt = 5.760990e-12, time = 1.104320e-08, elapsed = 2415.9 sec
Step =   3144: nodes = 13219, dt = 3.456594e-12, time = 1.104666e-08, elapsed = 2416.8 sec
Step =   3145: nodes = 13220, dt = 3.456594e-12, time = 1.105011e-08, elapsed = 2417.4 sec
Step =   3146: nodes = 13217, dt = 4.147913e-12, time = 1.105426e-08, elapsed = 2418.0 sec
Step =   3147: nodes = 13221, dt = 4.977495e-12, time = 1.105924e-08, elapsed = 2418.7 sec
Step =   3148: nodes = 13215, dt = 2.986497e-12, time = 1.106222e-08, elapsed = 2419.6 sec
Step =   3149: nodes = 13215, dt = 2.986497e-12, time = 1.106521e-08, elapsed = 2420.2 sec
Step =   3150: nodes = 13214, dt = 3.583797e-12, time = 1.106879e-08, elapsed = 2420.8 sec
Step =   3151: nodes = 13210, dt = 4.300556e-12, time = 1.107310e-08, elapsed = 2421.5 sec
Step =   3152: nodes = 13209, dt = 5.160667e-12, time = 1.107826e-08, elapsed = 2422.2 sec
Step =   3153: nodes = 13209, dt = 6.192801e-12, time = 1.108445e-08, elapsed = 2423.0 sec
Step =   3154: nodes = 13208, dt = 3.715680e-12, time = 1.108816e-08, elapsed = 2423.9 sec
Step =   3155: nodes = 13209, dt = 1.857840e-12, time = 1.109002e-08, elapsed = 2424.7 sec
Step =   3156: nodes = 13209, dt = 1.857840e-12, time = 1.109188e-08, elapsed = 2425.3 sec
Step =   3157: nodes = 13206, dt = 2.229408e-12, time = 1.109411e-08, elapsed = 2425.9 sec
Step =   3158: nodes = 13205, dt = 2.675290e-12, time = 1.109678e-08, elapsed = 2426.5 sec
Step =   3159: nodes = 13205, dt = 3.210348e-12, time = 1.110000e-08, elapsed = 2427.1 sec
Step =   3160: nodes = 13200, dt = 3.852417e-12, time = 1.110385e-08, elapsed = 2427.9 sec
Step =   3161: nodes = 13200, dt = 2.311450e-12, time = 1.110616e-08, elapsed = 2428.7 sec
Step =   3162: nodes = 13201, dt = 2.311450e-12, time = 1.110847e-08, elapsed = 2429.3 sec
Step =   3163: nodes = 13198, dt = 2.773741e-12, time = 1.111124e-08, elapsed = 2429.9 sec
Step =   3164: nodes = 13204, dt = 3.328489e-12, time = 1.111457e-08, elapsed = 2430.5 sec
Step =   3165: nodes = 13201, dt = 3.994186e-12, time = 1.111857e-08, elapsed = 2431.3 sec
Step =   3166: nodes = 13200, dt = 4.793024e-12, time = 1.112336e-08, elapsed = 2432.0 sec
Step =   3167: nodes = 13200, dt = 5.751628e-12, time = 1.112911e-08, elapsed = 2432.8 sec
Step =   3168: nodes = 13203, dt = 6.901954e-12, time = 1.113601e-08, elapsed = 2433.5 sec
Step =   3169: nodes = 13202, dt = 4.141172e-12, time = 1.114015e-08, elapsed = 2434.4 sec
Step =   3170: nodes = 13200, dt = 4.141172e-12, time = 1.114430e-08, elapsed = 2435.4 sec
Step =   3171: nodes = 13196, dt = 2.484703e-12, time = 1.114678e-08, elapsed = 2436.3 sec
Step =   3172: nodes = 13198, dt = 2.484703e-12, time = 1.114927e-08, elapsed = 2437.0 sec
Step =   3173: nodes = 13196, dt = 2.981644e-12, time = 1.115225e-08, elapsed = 2437.6 sec
Step =   3174: nodes = 13197, dt = 3.577973e-12, time = 1.115582e-08, elapsed = 2438.3 sec
Step =   3175: nodes = 13193, dt = 4.293568e-12, time = 1.116012e-08, elapsed = 2439.0 sec
Step =   3176: nodes = 13195, dt = 5.152281e-12, time = 1.116527e-08, elapsed = 2439.7 sec
Step =   3177: nodes = 13193, dt = 3.091369e-12, time = 1.116836e-08, elapsed = 2440.6 sec
Step =   3178: nodes = 13197, dt = 3.091369e-12, time = 1.117145e-08, elapsed = 2441.2 sec
Step =   3179: nodes = 13194, dt = 3.709642e-12, time = 1.117516e-08, elapsed = 2441.9 sec
Step =   3180: nodes = 13193, dt = 4.451571e-12, time = 1.117961e-08, elapsed = 2442.6 sec
Step =   3181: nodes = 13195, dt = 2.670942e-12, time = 1.118229e-08, elapsed = 2443.4 sec
Step =   3182: nodes = 13193, dt = 2.670942e-12, time = 1.118496e-08, elapsed = 2444.1 sec
Step =   3183: nodes = 13193, dt = 3.205131e-12, time = 1.118816e-08, elapsed = 2444.7 sec
Step =   3184: nodes = 13199, dt = 3.846157e-12, time = 1.119201e-08, elapsed = 2445.4 sec
Step =   3185: nodes = 13201, dt = 4.615389e-12, time = 1.119662e-08, elapsed = 2446.2 sec
Step =   3186: nodes = 13204, dt = 5.538466e-12, time = 1.120216e-08, elapsed = 2446.9 sec
Step =   3187: nodes = 13202, dt = 6.646160e-12, time = 1.120881e-08, elapsed = 2447.6 sec
Step =   3188: nodes = 13205, dt = 3.987696e-12, time = 1.121280e-08, elapsed = 2448.6 sec
Step =   3189: nodes = 13205, dt = 3.987696e-12, time = 1.121678e-08, elapsed = 2449.2 sec
Step =   3190: nodes = 13209, dt = 4.785235e-12, time = 1.122157e-08, elapsed = 2449.9 sec
Step =   3191: nodes = 13210, dt = 5.742282e-12, time = 1.122731e-08, elapsed = 2450.7 sec
Step =   3192: nodes = 13212, dt = 6.890738e-12, time = 1.123420e-08, elapsed = 2451.4 sec
Step =   3193: nodes = 13209, dt = 8.268886e-12, time = 1.124247e-08, elapsed = 2452.2 sec
Step =   3194: nodes = 13211, dt = 2.480666e-12, time = 1.124495e-08, elapsed = 2453.3 sec
Step =   3195: nodes = 13212, dt = 2.480666e-12, time = 1.124743e-08, elapsed = 2453.9 sec
Step =   3196: nodes = 13210, dt = 2.976799e-12, time = 1.125041e-08, elapsed = 2454.6 sec
Step =   3197: nodes = 13203, dt = 3.572159e-12, time = 1.125398e-08, elapsed = 2455.3 sec
Step =   3198: nodes = 13207, dt = 4.286590e-12, time = 1.125827e-08, elapsed = 2456.0 sec
Step =   3199: nodes = 13203, dt = 5.143909e-12, time = 1.126341e-08, elapsed = 2456.7 sec
Step =   3200: nodes = 13210, dt = 6.172690e-12, time = 1.126958e-08, elapsed = 2457.4 sec
Writing configuration in legacy data format
 Output file: /data/home/dg000246b/openDIS/inital_dislocation_structures/output_caseC_0.18%_seed12345/relax2/config.3200.data
Writing restart file
 Restart file: /data/home/dg000246b/openDIS/inital_dislocation_structures/output_caseC_0.18%_seed12345/relax2/restart.3200.exadis
Step =   3201: nodes = 13213, dt = 3.703614e-12, time = 1.127329e-08, elapsed = 2458.5 sec
Step =   3202: nodes = 13213, dt = 3.703614e-12, time = 1.127699e-08, elapsed = 2459.1 sec
Step =   3203: nodes = 13210, dt = 4.444337e-12, time = 1.128144e-08, elapsed = 2459.8 sec
Step =   3204: nodes = 13207, dt = 5.333204e-12, time = 1.128677e-08, elapsed = 2460.5 sec
Step =   3205: nodes = 13204, dt = 3.199923e-12, time = 1.128997e-08, elapsed = 2461.3 sec
Step =   3206: nodes = 13204, dt = 1.599961e-12, time = 1.129157e-08, elapsed = 2462.1 sec
Step =   3207: nodes = 13195, dt = 1.599961e-12, time = 1.129317e-08, elapsed = 2462.7 sec
Step =   3208: nodes = 13194, dt = 1.919954e-12, time = 1.129509e-08, elapsed = 2463.2 sec
Step =   3209: nodes = 13190, dt = 2.303944e-12, time = 1.129739e-08, elapsed = 2463.8 sec
Step =   3210: nodes = 13192, dt = 2.764733e-12, time = 1.130016e-08, elapsed = 2464.4 sec
Step =   3211: nodes = 13194, dt = 1.658840e-12, time = 1.130182e-08, elapsed = 2465.5 sec
Step =   3212: nodes = 13196, dt = 1.658840e-12, time = 1.130347e-08, elapsed = 2466.1 sec
Step =   3213: nodes = 13195, dt = 1.990608e-12, time = 1.130547e-08, elapsed = 2466.6 sec
Step =   3214: nodes = 13194, dt = 2.388729e-12, time = 1.130785e-08, elapsed = 2467.2 sec
Step =   3215: nodes = 13189, dt = 2.866475e-12, time = 1.131072e-08, elapsed = 2467.9 sec
Step =   3216: nodes = 13188, dt = 3.439770e-12, time = 1.131416e-08, elapsed = 2468.5 sec
Step =   3217: nodes = 13186, dt = 4.127724e-12, time = 1.131829e-08, elapsed = 2469.2 sec
Step =   3218: nodes = 13180, dt = 4.953269e-12, time = 1.132324e-08, elapsed = 2469.8 sec
Step =   3219: nodes = 13174, dt = 2.971962e-12, time = 1.132621e-08, elapsed = 2470.7 sec
Step =   3220: nodes = 13176, dt = 2.971962e-12, time = 1.132919e-08, elapsed = 2471.3 sec
Step =   3221: nodes = 13178, dt = 3.566354e-12, time = 1.133275e-08, elapsed = 2471.9 sec
Step =   3222: nodes = 13178, dt = 2.139812e-12, time = 1.133489e-08, elapsed = 2472.8 sec
Step =   3223: nodes = 13178, dt = 1.069906e-12, time = 1.133596e-08, elapsed = 2473.5 sec
Step =   3224: nodes = 13178, dt = 1.069906e-12, time = 1.133703e-08, elapsed = 2474.1 sec
Step =   3225: nodes = 13179, dt = 1.283887e-12, time = 1.133832e-08, elapsed = 2474.6 sec
Step =   3226: nodes = 13178, dt = 1.540665e-12, time = 1.133986e-08, elapsed = 2475.2 sec
Step =   3227: nodes = 13179, dt = 1.848798e-12, time = 1.134170e-08, elapsed = 2475.8 sec
Step =   3228: nodes = 13176, dt = 2.218557e-12, time = 1.134392e-08, elapsed = 2476.3 sec
Step =   3229: nodes = 13178, dt = 2.662269e-12, time = 1.134659e-08, elapsed = 2477.0 sec
Step =   3230: nodes = 13168, dt = 3.194723e-12, time = 1.134978e-08, elapsed = 2477.6 sec
Step =   3231: nodes = 13169, dt = 3.833667e-12, time = 1.135361e-08, elapsed = 2478.2 sec
Step =   3232: nodes = 13169, dt = 4.600401e-12, time = 1.135821e-08, elapsed = 2478.9 sec
Step =   3233: nodes = 13174, dt = 2.760240e-12, time = 1.136097e-08, elapsed = 2479.7 sec
Step =   3234: nodes = 13168, dt = 2.760240e-12, time = 1.136373e-08, elapsed = 2480.3 sec
Step =   3235: nodes = 13169, dt = 3.312289e-12, time = 1.136705e-08, elapsed = 2480.9 sec
Step =   3236: nodes = 13170, dt = 3.974746e-12, time = 1.137102e-08, elapsed = 2481.6 sec
Step =   3237: nodes = 13172, dt = 4.769696e-12, time = 1.137579e-08, elapsed = 2482.2 sec
Step =   3238: nodes = 13173, dt = 5.723635e-12, time = 1.138152e-08, elapsed = 2483.0 sec
Step =   3239: nodes = 13174, dt = 3.434181e-12, time = 1.138495e-08, elapsed = 2483.8 sec
Step =   3240: nodes = 13175, dt = 3.434181e-12, time = 1.138838e-08, elapsed = 2484.4 sec
Step =   3241: nodes = 13175, dt = 4.121017e-12, time = 1.139250e-08, elapsed = 2485.1 sec
Step =   3242: nodes = 13176, dt = 4.945220e-12, time = 1.139745e-08, elapsed = 2485.8 sec
Step =   3243: nodes = 13175, dt = 2.967132e-12, time = 1.140042e-08, elapsed = 2486.6 sec
Step =   3244: nodes = 13168, dt = 2.967132e-12, time = 1.140338e-08, elapsed = 2487.2 sec
Step =   3245: nodes = 13174, dt = 3.560559e-12, time = 1.140694e-08, elapsed = 2487.9 sec
Step =   3246: nodes = 13172, dt = 4.272670e-12, time = 1.141122e-08, elapsed = 2488.5 sec
Step =   3247: nodes = 13171, dt = 5.127204e-12, time = 1.141634e-08, elapsed = 2489.2 sec
Step =   3248: nodes = 13170, dt = 6.152645e-12, time = 1.142250e-08, elapsed = 2490.0 sec
Step =   3249: nodes = 13177, dt = 3.691587e-12, time = 1.142619e-08, elapsed = 2490.8 sec
Step =   3250: nodes = 13175, dt = 3.691587e-12, time = 1.142988e-08, elapsed = 2491.5 sec
Step =   3251: nodes = 13179, dt = 4.429905e-12, time = 1.143431e-08, elapsed = 2492.2 sec
Step =   3252: nodes = 13174, dt = 5.315886e-12, time = 1.143963e-08, elapsed = 2492.9 sec
Step =   3253: nodes = 13183, dt = 3.189531e-12, time = 1.144282e-08, elapsed = 2493.7 sec
Step =   3254: nodes = 13176, dt = 3.189531e-12, time = 1.144600e-08, elapsed = 2494.3 sec
Step =   3255: nodes = 13179, dt = 3.827438e-12, time = 1.144983e-08, elapsed = 2495.3 sec
Step =   3256: nodes = 13181, dt = 4.592925e-12, time = 1.145443e-08, elapsed = 2496.0 sec
Step =   3257: nodes = 13181, dt = 5.511510e-12, time = 1.145994e-08, elapsed = 2496.7 sec
Step =   3258: nodes = 13176, dt = 6.613812e-12, time = 1.146655e-08, elapsed = 2497.5 sec
Step =   3259: nodes = 13181, dt = 3.968287e-12, time = 1.147052e-08, elapsed = 2498.4 sec
Step =   3260: nodes = 13176, dt = 3.968287e-12, time = 1.147449e-08, elapsed = 2499.0 sec
Step =   3261: nodes = 13181, dt = 4.761945e-12, time = 1.147925e-08, elapsed = 2499.7 sec
Step =   3262: nodes = 13185, dt = 5.714334e-12, time = 1.148496e-08, elapsed = 2500.4 sec
Step =   3263: nodes = 13181, dt = 6.857200e-12, time = 1.149182e-08, elapsed = 2501.2 sec
Step =   3264: nodes = 13182, dt = 4.114320e-12, time = 1.149594e-08, elapsed = 2502.1 sec
Step =   3265: nodes = 13183, dt = 2.057160e-12, time = 1.149799e-08, elapsed = 2503.0 sec
Step =   3266: nodes = 13178, dt = 2.057160e-12, time = 1.150005e-08, elapsed = 2503.6 sec
Step =   3267: nodes = 13178, dt = 2.468592e-12, time = 1.150252e-08, elapsed = 2504.2 sec
Step =   3268: nodes = 13180, dt = 2.962311e-12, time = 1.150548e-08, elapsed = 2504.8 sec
Step =   3269: nodes = 13178, dt = 3.554773e-12, time = 1.150904e-08, elapsed = 2505.4 sec
Step =   3270: nodes = 13174, dt = 4.265727e-12, time = 1.151330e-08, elapsed = 2506.1 sec
Step =   3271: nodes = 13177, dt = 2.559436e-12, time = 1.151586e-08, elapsed = 2507.0 sec
Step =   3272: nodes = 13175, dt = 2.559436e-12, time = 1.151842e-08, elapsed = 2507.6 sec
Step =   3273: nodes = 13179, dt = 3.071324e-12, time = 1.152149e-08, elapsed = 2508.2 sec
Step =   3274: nodes = 13176, dt = 3.685588e-12, time = 1.152518e-08, elapsed = 2508.9 sec
Step =   3275: nodes = 13184, dt = 4.422706e-12, time = 1.152960e-08, elapsed = 2509.5 sec
Step =   3276: nodes = 13178, dt = 2.653624e-12, time = 1.153225e-08, elapsed = 2510.3 sec
Step =   3277: nodes = 13181, dt = 2.653624e-12, time = 1.153491e-08, elapsed = 2510.9 sec
Step =   3278: nodes = 13183, dt = 3.184348e-12, time = 1.153809e-08, elapsed = 2511.5 sec
Step =   3279: nodes = 13180, dt = 3.821218e-12, time = 1.154191e-08, elapsed = 2512.1 sec
Step =   3280: nodes = 13177, dt = 4.585462e-12, time = 1.154650e-08, elapsed = 2512.8 sec
Step =   3281: nodes = 13175, dt = 5.502554e-12, time = 1.155200e-08, elapsed = 2513.5 sec
Step =   3282: nodes = 13174, dt = 6.603065e-12, time = 1.155860e-08, elapsed = 2514.2 sec
Step =   3283: nodes = 13173, dt = 3.961839e-12, time = 1.156256e-08, elapsed = 2515.1 sec
Step =   3284: nodes = 13172, dt = 3.961839e-12, time = 1.156653e-08, elapsed = 2515.7 sec
Step =   3285: nodes = 13170, dt = 4.754207e-12, time = 1.157128e-08, elapsed = 2516.4 sec
Step =   3286: nodes = 13170, dt = 2.852524e-12, time = 1.157413e-08, elapsed = 2517.2 sec
Step =   3287: nodes = 13170, dt = 2.852524e-12, time = 1.157699e-08, elapsed = 2517.8 sec
Step =   3288: nodes = 13171, dt = 3.423029e-12, time = 1.158041e-08, elapsed = 2518.5 sec
Step =   3289: nodes = 13166, dt = 4.107634e-12, time = 1.158452e-08, elapsed = 2519.2 sec
Step =   3290: nodes = 13170, dt = 4.929161e-12, time = 1.158945e-08, elapsed = 2519.8 sec
Step =   3291: nodes = 13173, dt = 5.914994e-12, time = 1.159536e-08, elapsed = 2520.6 sec
Step =   3292: nodes = 13169, dt = 7.097992e-12, time = 1.160246e-08, elapsed = 2521.4 sec
Step =   3293: nodes = 13169, dt = 4.258795e-12, time = 1.160672e-08, elapsed = 2522.3 sec
Step =   3294: nodes = 13169, dt = 4.258795e-12, time = 1.161098e-08, elapsed = 2523.0 sec
Step =   3295: nodes = 13171, dt = 5.110555e-12, time = 1.161609e-08, elapsed = 2523.6 sec
Step =   3296: nodes = 13172, dt = 6.132665e-12, time = 1.162222e-08, elapsed = 2524.4 sec
Step =   3297: nodes = 13170, dt = 3.679599e-12, time = 1.162590e-08, elapsed = 2525.6 sec
Step =   3298: nodes = 13168, dt = 3.679599e-12, time = 1.162958e-08, elapsed = 2526.2 sec
Step =   3299: nodes = 13166, dt = 4.415519e-12, time = 1.163399e-08, elapsed = 2526.8 sec
Step =   3300: nodes = 13164, dt = 5.298623e-12, time = 1.163929e-08, elapsed = 2527.5 sec
Writing configuration in legacy data format
 Output file: /data/home/dg000246b/openDIS/inital_dislocation_structures/output_caseC_0.18%_seed12345/relax2/config.3300.data
Writing restart file
 Restart file: /data/home/dg000246b/openDIS/inital_dislocation_structures/output_caseC_0.18%_seed12345/relax2/restart.3300.exadis
Step =   3301: nodes = 13170, dt = 6.358348e-12, time = 1.164565e-08, elapsed = 2528.4 sec
Step =   3302: nodes = 13167, dt = 3.815009e-12, time = 1.164947e-08, elapsed = 2529.3 sec
Step =   3303: nodes = 13167, dt = 3.815009e-12, time = 1.165328e-08, elapsed = 2529.9 sec
Step =   3304: nodes = 13168, dt = 4.578010e-12, time = 1.165786e-08, elapsed = 2530.6 sec
Step =   3305: nodes = 13167, dt = 5.493612e-12, time = 1.166335e-08, elapsed = 2531.3 sec
Step =   3306: nodes = 13166, dt = 6.592335e-12, time = 1.166995e-08, elapsed = 2532.1 sec
Step =   3307: nodes = 13161, dt = 3.955401e-12, time = 1.167390e-08, elapsed = 2532.9 sec
Step =   3308: nodes = 13164, dt = 3.955401e-12, time = 1.167786e-08, elapsed = 2533.7 sec
Step =   3309: nodes = 13165, dt = 4.746481e-12, time = 1.168260e-08, elapsed = 2534.4 sec
Step =   3310: nodes = 13165, dt = 5.695777e-12, time = 1.168830e-08, elapsed = 2535.1 sec
Step =   3311: nodes = 13165, dt = 6.834933e-12, time = 1.169513e-08, elapsed = 2535.8 sec
Step =   3312: nodes = 13164, dt = 4.100960e-12, time = 1.169923e-08, elapsed = 2536.7 sec
Step =   3313: nodes = 13163, dt = 4.100960e-12, time = 1.170334e-08, elapsed = 2537.4 sec
Step =   3314: nodes = 13164, dt = 4.921151e-12, time = 1.170826e-08, elapsed = 2538.1 sec
Step =   3315: nodes = 13163, dt = 5.905382e-12, time = 1.171416e-08, elapsed = 2538.8 sec
Step =   3316: nodes = 13160, dt = 7.086458e-12, time = 1.172125e-08, elapsed = 2539.6 sec
Step =   3317: nodes = 13159, dt = 4.251875e-12, time = 1.172550e-08, elapsed = 2540.5 sec
Step =   3318: nodes = 13160, dt = 4.251875e-12, time = 1.172975e-08, elapsed = 2541.1 sec
Step =   3319: nodes = 13163, dt = 5.102250e-12, time = 1.173485e-08, elapsed = 2541.9 sec
Step =   3320: nodes = 13161, dt = 6.122700e-12, time = 1.174098e-08, elapsed = 2542.6 sec
Step =   3321: nodes = 13156, dt = 3.673620e-12, time = 1.174465e-08, elapsed = 2543.5 sec
Step =   3322: nodes = 13160, dt = 3.673620e-12, time = 1.174832e-08, elapsed = 2544.2 sec
Step =   3323: nodes = 13158, dt = 4.408344e-12, time = 1.175273e-08, elapsed = 2544.8 sec
Step =   3324: nodes = 13160, dt = 5.290013e-12, time = 1.175802e-08, elapsed = 2545.5 sec
Step =   3325: nodes = 13163, dt = 6.348015e-12, time = 1.176437e-08, elapsed = 2546.3 sec
Step =   3326: nodes = 13164, dt = 3.808809e-12, time = 1.176818e-08, elapsed = 2547.2 sec
Step =   3327: nodes = 13167, dt = 3.808809e-12, time = 1.177199e-08, elapsed = 2547.9 sec
Step =   3328: nodes = 13170, dt = 4.570571e-12, time = 1.177656e-08, elapsed = 2548.6 sec
Step =   3329: nodes = 13162, dt = 5.484685e-12, time = 1.178204e-08, elapsed = 2549.3 sec
Step =   3330: nodes = 13157, dt = 3.290811e-12, time = 1.178533e-08, elapsed = 2550.2 sec
Step =   3331: nodes = 13150, dt = 1.645406e-12, time = 1.178698e-08, elapsed = 2551.0 sec
Step =   3332: nodes = 13152, dt = 1.645406e-12, time = 1.178863e-08, elapsed = 2551.6 sec
Step =   3333: nodes = 13149, dt = 1.974487e-12, time = 1.179060e-08, elapsed = 2552.2 sec
Step =   3334: nodes = 13150, dt = 2.369384e-12, time = 1.179297e-08, elapsed = 2552.8 sec
Step =   3335: nodes = 13149, dt = 2.843261e-12, time = 1.179581e-08, elapsed = 2553.4 sec
Step =   3336: nodes = 13143, dt = 3.411913e-12, time = 1.179922e-08, elapsed = 2554.1 sec
Step =   3337: nodes = 13145, dt = 4.094296e-12, time = 1.180332e-08, elapsed = 2555.0 sec
Step =   3338: nodes = 13145, dt = 4.913155e-12, time = 1.180823e-08, elapsed = 2555.8 sec
Step =   3339: nodes = 13139, dt = 5.895786e-12, time = 1.181413e-08, elapsed = 2556.4 sec
Step =   3340: nodes = 13145, dt = 3.537471e-12, time = 1.181766e-08, elapsed = 2557.3 sec
Step =   3341: nodes = 13143, dt = 3.537471e-12, time = 1.182120e-08, elapsed = 2557.9 sec
Step =   3342: nodes = 13141, dt = 4.244966e-12, time = 1.182545e-08, elapsed = 2558.6 sec
Step =   3343: nodes = 13135, dt = 5.093959e-12, time = 1.183054e-08, elapsed = 2559.2 sec
Step =   3344: nodes = 13130, dt = 6.112750e-12, time = 1.183665e-08, elapsed = 2559.9 sec
Step =   3345: nodes = 13127, dt = 3.667650e-12, time = 1.184032e-08, elapsed = 2560.8 sec
Step =   3346: nodes = 13124, dt = 3.667650e-12, time = 1.184399e-08, elapsed = 2561.4 sec
Step =   3347: nodes = 13125, dt = 4.401180e-12, time = 1.184839e-08, elapsed = 2562.0 sec
Step =   3348: nodes = 13134, dt = 2.640708e-12, time = 1.185103e-08, elapsed = 2562.8 sec
Step =   3349: nodes = 13134, dt = 2.640708e-12, time = 1.185367e-08, elapsed = 2563.5 sec
Step =   3350: nodes = 13132, dt = 3.168850e-12, time = 1.185684e-08, elapsed = 2564.1 sec
Step =   3351: nodes = 13133, dt = 3.802620e-12, time = 1.186064e-08, elapsed = 2564.7 sec
Step =   3352: nodes = 13132, dt = 2.281572e-12, time = 1.186292e-08, elapsed = 2565.6 sec
Step =   3353: nodes = 13130, dt = 2.281572e-12, time = 1.186521e-08, elapsed = 2566.2 sec
Step =   3354: nodes = 13129, dt = 2.737886e-12, time = 1.186794e-08, elapsed = 2566.8 sec
Step =   3355: nodes = 13134, dt = 3.285464e-12, time = 1.187123e-08, elapsed = 2567.4 sec
Step =   3356: nodes = 13135, dt = 3.942556e-12, time = 1.187517e-08, elapsed = 2568.0 sec
Step =   3357: nodes = 13134, dt = 4.731067e-12, time = 1.187990e-08, elapsed = 2568.7 sec
Step =   3358: nodes = 13135, dt = 2.838640e-12, time = 1.188274e-08, elapsed = 2569.6 sec
Step =   3359: nodes = 13132, dt = 2.838640e-12, time = 1.188558e-08, elapsed = 2570.2 sec
Step =   3360: nodes = 13134, dt = 3.406369e-12, time = 1.188899e-08, elapsed = 2570.8 sec
Step =   3361: nodes = 13134, dt = 4.087642e-12, time = 1.189307e-08, elapsed = 2571.5 sec
Step =   3362: nodes = 13132, dt = 2.452585e-12, time = 1.189553e-08, elapsed = 2572.3 sec
Step =   3363: nodes = 13130, dt = 2.452585e-12, time = 1.189798e-08, elapsed = 2572.9 sec
Step =   3364: nodes = 13131, dt = 2.943102e-12, time = 1.190092e-08, elapsed = 2573.5 sec
Step =   3365: nodes = 13128, dt = 3.531723e-12, time = 1.190445e-08, elapsed = 2574.1 sec
Step =   3366: nodes = 13130, dt = 4.238068e-12, time = 1.190869e-08, elapsed = 2574.9 sec
Step =   3367: nodes = 13132, dt = 2.542841e-12, time = 1.191124e-08, elapsed = 2575.7 sec
Step =   3368: nodes = 13132, dt = 2.542841e-12, time = 1.191378e-08, elapsed = 2576.3 sec
Step =   3369: nodes = 13130, dt = 3.051409e-12, time = 1.191683e-08, elapsed = 2576.9 sec
Step =   3370: nodes = 13129, dt = 3.661690e-12, time = 1.192049e-08, elapsed = 2577.5 sec
Step =   3371: nodes = 13131, dt = 4.394028e-12, time = 1.192489e-08, elapsed = 2578.1 sec
Step =   3372: nodes = 13130, dt = 2.636417e-12, time = 1.192752e-08, elapsed = 2579.0 sec
Step =   3373: nodes = 13134, dt = 2.636417e-12, time = 1.193016e-08, elapsed = 2579.6 sec
Step =   3374: nodes = 13138, dt = 3.163700e-12, time = 1.193332e-08, elapsed = 2580.3 sec
Step =   3375: nodes = 13134, dt = 3.796441e-12, time = 1.193712e-08, elapsed = 2580.9 sec
Step =   3376: nodes = 13131, dt = 2.277864e-12, time = 1.193940e-08, elapsed = 2581.7 sec
Step =   3377: nodes = 13125, dt = 2.277864e-12, time = 1.194167e-08, elapsed = 2582.3 sec
Step =   3378: nodes = 13130, dt = 2.733437e-12, time = 1.194441e-08, elapsed = 2582.9 sec
Step =   3379: nodes = 13123, dt = 3.280125e-12, time = 1.194769e-08, elapsed = 2583.5 sec
Step =   3380: nodes = 13123, dt = 1.968075e-12, time = 1.194966e-08, elapsed = 2584.3 sec
Step =   3381: nodes = 13123, dt = 1.968075e-12, time = 1.195162e-08, elapsed = 2585.2 sec
Step =   3382: nodes = 13120, dt = 2.361690e-12, time = 1.195399e-08, elapsed = 2585.8 sec
Step =   3383: nodes = 13117, dt = 2.834028e-12, time = 1.195682e-08, elapsed = 2586.4 sec
Step =   3384: nodes = 13116, dt = 3.400833e-12, time = 1.196022e-08, elapsed = 2587.0 sec
Step =   3385: nodes = 13112, dt = 2.040500e-12, time = 1.196226e-08, elapsed = 2587.9 sec
Step =   3386: nodes = 13108, dt = 2.040500e-12, time = 1.196430e-08, elapsed = 2588.4 sec
Step =   3387: nodes = 13111, dt = 2.448600e-12, time = 1.196675e-08, elapsed = 2589.0 sec
Step =   3388: nodes = 13114, dt = 2.938320e-12, time = 1.196969e-08, elapsed = 2589.6 sec
Step =   3389: nodes = 13111, dt = 3.525984e-12, time = 1.197321e-08, elapsed = 2590.3 sec
Step =   3390: nodes = 13118, dt = 2.115590e-12, time = 1.197533e-08, elapsed = 2591.1 sec
Step =   3391: nodes = 13121, dt = 2.115590e-12, time = 1.197745e-08, elapsed = 2591.7 sec
Step =   3392: nodes = 13122, dt = 2.538708e-12, time = 1.197998e-08, elapsed = 2592.3 sec
Step =   3393: nodes = 13120, dt = 3.046450e-12, time = 1.198303e-08, elapsed = 2592.9 sec
Step =   3394: nodes = 13127, dt = 3.655740e-12, time = 1.198669e-08, elapsed = 2593.6 sec
Step =   3395: nodes = 13126, dt = 2.193444e-12, time = 1.198888e-08, elapsed = 2594.4 sec
Step =   3396: nodes = 13123, dt = 2.193444e-12, time = 1.199107e-08, elapsed = 2594.9 sec
Step =   3397: nodes = 13128, dt = 2.632133e-12, time = 1.199371e-08, elapsed = 2595.6 sec
Step =   3398: nodes = 13122, dt = 3.158559e-12, time = 1.199686e-08, elapsed = 2596.2 sec
Step =   3399: nodes = 13121, dt = 3.790271e-12, time = 1.200065e-08, elapsed = 2596.8 sec
Step =   3400: nodes = 13125, dt = 4.548326e-12, time = 1.200520e-08, elapsed = 2597.5 sec
Writing configuration in legacy data format
 Output file: /data/home/dg000246b/openDIS/inital_dislocation_structures/output_caseC_0.18%_seed12345/relax2/config.3400.data
Writing restart file
 Restart file: /data/home/dg000246b/openDIS/inital_dislocation_structures/output_caseC_0.18%_seed12345/relax2/restart.3400.exadis
Step =   3401: nodes = 13118, dt = 5.457991e-12, time = 1.201066e-08, elapsed = 2598.3 sec
Step =   3402: nodes = 13118, dt = 3.274794e-12, time = 1.201394e-08, elapsed = 2599.2 sec
Step =   3403: nodes = 13126, dt = 3.274794e-12, time = 1.201721e-08, elapsed = 2599.8 sec
Step =   3404: nodes = 13122, dt = 3.929753e-12, time = 1.202114e-08, elapsed = 2600.4 sec
Step =   3405: nodes = 13121, dt = 4.715704e-12, time = 1.202586e-08, elapsed = 2601.1 sec
Step =   3406: nodes = 13121, dt = 2.829422e-12, time = 1.202869e-08, elapsed = 2601.9 sec
Step =   3407: nodes = 13121, dt = 2.829422e-12, time = 1.203151e-08, elapsed = 2602.5 sec
Step =   3408: nodes = 13118, dt = 3.395307e-12, time = 1.203491e-08, elapsed = 2603.1 sec
Step =   3409: nodes = 13119, dt = 4.074368e-12, time = 1.203898e-08, elapsed = 2603.9 sec
Step =   3410: nodes = 13118, dt = 4.889242e-12, time = 1.204387e-08, elapsed = 2604.6 sec
Step =   3411: nodes = 13114, dt = 5.867090e-12, time = 1.204974e-08, elapsed = 2605.3 sec
Step =   3412: nodes = 13121, dt = 7.040508e-12, time = 1.205678e-08, elapsed = 2606.0 sec
Step =   3413: nodes = 13123, dt = 4.224305e-12, time = 1.206101e-08, elapsed = 2606.9 sec
Step =   3414: nodes = 13119, dt = 4.224305e-12, time = 1.206523e-08, elapsed = 2607.5 sec
Step =   3415: nodes = 13123, dt = 5.069166e-12, time = 1.207030e-08, elapsed = 2608.2 sec
Step =   3416: nodes = 13125, dt = 6.082999e-12, time = 1.207638e-08, elapsed = 2608.9 sec
Step =   3417: nodes = 13121, dt = 3.649799e-12, time = 1.208003e-08, elapsed = 2609.8 sec
Step =   3418: nodes = 13118, dt = 3.649799e-12, time = 1.208368e-08, elapsed = 2610.4 sec
Step =   3419: nodes = 13115, dt = 4.379759e-12, time = 1.208806e-08, elapsed = 2611.1 sec
Step =   3420: nodes = 13112, dt = 5.255711e-12, time = 1.209332e-08, elapsed = 2611.8 sec
Step =   3421: nodes = 13116, dt = 6.306854e-12, time = 1.209962e-08, elapsed = 2612.5 sec
Step =   3422: nodes = 13116, dt = 3.784112e-12, time = 1.210341e-08, elapsed = 2613.4 sec
Step =   3423: nodes = 13119, dt = 3.784112e-12, time = 1.210719e-08, elapsed = 2614.1 sec
Step =   3424: nodes = 13116, dt = 4.540935e-12, time = 1.211173e-08, elapsed = 2614.8 sec
Step =   3425: nodes = 13117, dt = 5.449121e-12, time = 1.211718e-08, elapsed = 2615.8 sec
Step =   3426: nodes = 13115, dt = 6.538946e-12, time = 1.212372e-08, elapsed = 2616.5 sec
Step =   3427: nodes = 13111, dt = 3.923367e-12, time = 1.212764e-08, elapsed = 2617.3 sec
Step =   3428: nodes = 13111, dt = 1.961684e-12, time = 1.212961e-08, elapsed = 2618.1 sec
Step =   3429: nodes = 13111, dt = 1.961684e-12, time = 1.213157e-08, elapsed = 2618.7 sec
Step =   3430: nodes = 13112, dt = 2.354020e-12, time = 1.213392e-08, elapsed = 2619.3 sec
Step =   3431: nodes = 13100, dt = 2.824825e-12, time = 1.213675e-08, elapsed = 2619.9 sec
Step =   3432: nodes = 13105, dt = 3.389789e-12, time = 1.214014e-08, elapsed = 2620.5 sec
Step =   3433: nodes = 13106, dt = 4.067747e-12, time = 1.214420e-08, elapsed = 2621.2 sec
Step =   3434: nodes = 13101, dt = 4.881297e-12, time = 1.214909e-08, elapsed = 2621.9 sec
Step =   3435: nodes = 13108, dt = 5.857556e-12, time = 1.215494e-08, elapsed = 2622.6 sec
Step =   3436: nodes = 13104, dt = 3.514534e-12, time = 1.215846e-08, elapsed = 2623.4 sec
Step =   3437: nodes = 13104, dt = 3.514534e-12, time = 1.216197e-08, elapsed = 2624.0 sec
Step =   3438: nodes = 13105, dt = 2.108720e-12, time = 1.216408e-08, elapsed = 2624.8 sec
Step =   3439: nodes = 13107, dt = 2.108720e-12, time = 1.216619e-08, elapsed = 2625.4 sec
Step =   3440: nodes = 13107, dt = 2.530464e-12, time = 1.216872e-08, elapsed = 2626.0 sec
Step =   3441: nodes = 13102, dt = 3.036557e-12, time = 1.217176e-08, elapsed = 2626.6 sec
Step =   3442: nodes = 13105, dt = 3.643869e-12, time = 1.217540e-08, elapsed = 2627.3 sec
Step =   3443: nodes = 13100, dt = 4.372642e-12, time = 1.217977e-08, elapsed = 2628.0 sec
Step =   3444: nodes = 13104, dt = 2.623585e-12, time = 1.218240e-08, elapsed = 2628.8 sec
Step =   3445: nodes = 13100, dt = 2.623585e-12, time = 1.218502e-08, elapsed = 2629.4 sec
Step =   3446: nodes = 13093, dt = 3.148302e-12, time = 1.218817e-08, elapsed = 2630.0 sec
Step =   3447: nodes = 13092, dt = 3.777963e-12, time = 1.219195e-08, elapsed = 2630.6 sec
Step =   3448: nodes = 13092, dt = 4.533555e-12, time = 1.219648e-08, elapsed = 2631.3 sec
Step =   3449: nodes = 13085, dt = 5.440267e-12, time = 1.220192e-08, elapsed = 2632.0 sec
Step =   3450: nodes = 13086, dt = 3.264160e-12, time = 1.220518e-08, elapsed = 2632.9 sec
Step =   3451: nodes = 13087, dt = 3.264160e-12, time = 1.220845e-08, elapsed = 2633.5 sec
Step =   3452: nodes = 13091, dt = 3.916992e-12, time = 1.221237e-08, elapsed = 2634.2 sec
Step =   3453: nodes = 13091, dt = 4.700390e-12, time = 1.221707e-08, elapsed = 2635.0 sec
Step =   3454: nodes = 13089, dt = 2.820234e-12, time = 1.221989e-08, elapsed = 2635.8 sec
Step =   3455: nodes = 13090, dt = 2.820234e-12, time = 1.222271e-08, elapsed = 2636.4 sec
Step =   3456: nodes = 13088, dt = 3.384281e-12, time = 1.222609e-08, elapsed = 2637.1 sec
Step =   3457: nodes = 13090, dt = 4.061137e-12, time = 1.223015e-08, elapsed = 2637.9 sec
Step =   3458: nodes = 13086, dt = 4.873365e-12, time = 1.223503e-08, elapsed = 2638.6 sec
Step =   3459: nodes = 13089, dt = 2.924019e-12, time = 1.223795e-08, elapsed = 2639.4 sec
Step =   3460: nodes = 13086, dt = 2.924019e-12, time = 1.224087e-08, elapsed = 2640.0 sec
Step =   3461: nodes = 13085, dt = 3.508823e-12, time = 1.224438e-08, elapsed = 2640.6 sec
Step =   3462: nodes = 13090, dt = 4.210587e-12, time = 1.224859e-08, elapsed = 2641.3 sec
Step =   3463: nodes = 13089, dt = 5.052705e-12, time = 1.225365e-08, elapsed = 2642.0 sec
Step =   3464: nodes = 13092, dt = 3.031623e-12, time = 1.225668e-08, elapsed = 2642.9 sec
Step =   3465: nodes = 13093, dt = 1.515811e-12, time = 1.225819e-08, elapsed = 2643.7 sec
Step =   3466: nodes = 13093, dt = 1.515811e-12, time = 1.225971e-08, elapsed = 2644.3 sec
Step =   3467: nodes = 13092, dt = 1.818974e-12, time = 1.226153e-08, elapsed = 2645.2 sec
Step =   3468: nodes = 13088, dt = 2.182768e-12, time = 1.226371e-08, elapsed = 2645.9 sec
Step =   3469: nodes = 13091, dt = 2.619322e-12, time = 1.226633e-08, elapsed = 2646.5 sec
Step =   3470: nodes = 13093, dt = 3.143186e-12, time = 1.226947e-08, elapsed = 2647.1 sec
Step =   3471: nodes = 13094, dt = 3.771824e-12, time = 1.227324e-08, elapsed = 2647.8 sec
Step =   3472: nodes = 13094, dt = 4.526188e-12, time = 1.227777e-08, elapsed = 2648.5 sec
Step =   3473: nodes = 13089, dt = 2.715713e-12, time = 1.228049e-08, elapsed = 2649.3 sec
Step =   3474: nodes = 13090, dt = 2.715713e-12, time = 1.228320e-08, elapsed = 2650.0 sec
Step =   3475: nodes = 13091, dt = 3.258856e-12, time = 1.228646e-08, elapsed = 2650.6 sec
Step =   3476: nodes = 13095, dt = 3.910627e-12, time = 1.229037e-08, elapsed = 2651.3 sec
Step =   3477: nodes = 13095, dt = 2.346376e-12, time = 1.229272e-08, elapsed = 2652.2 sec
Step =   3478: nodes = 13095, dt = 2.346376e-12, time = 1.229506e-08, elapsed = 2652.8 sec
Step =   3479: nodes = 13092, dt = 2.815651e-12, time = 1.229788e-08, elapsed = 2653.5 sec
Step =   3480: nodes = 13091, dt = 3.378782e-12, time = 1.230126e-08, elapsed = 2654.2 sec
Step =   3481: nodes = 13090, dt = 4.054538e-12, time = 1.230531e-08, elapsed = 2654.9 sec
Step =   3482: nodes = 13089, dt = 4.865445e-12, time = 1.231018e-08, elapsed = 2655.6 sec
Step =   3483: nodes = 13091, dt = 2.919267e-12, time = 1.231310e-08, elapsed = 2656.4 sec
Step =   3484: nodes = 13087, dt = 2.919267e-12, time = 1.231602e-08, elapsed = 2657.0 sec
Step =   3485: nodes = 13086, dt = 3.503121e-12, time = 1.231952e-08, elapsed = 2657.6 sec
Step =   3486: nodes = 13084, dt = 4.203745e-12, time = 1.232372e-08, elapsed = 2658.3 sec
Step =   3487: nodes = 13083, dt = 2.522247e-12, time = 1.232625e-08, elapsed = 2659.2 sec
Step =   3488: nodes = 13088, dt = 2.522247e-12, time = 1.232877e-08, elapsed = 2659.8 sec
Step =   3489: nodes = 13087, dt = 3.026696e-12, time = 1.233180e-08, elapsed = 2660.5 sec
Step =   3490: nodes = 13087, dt = 3.632036e-12, time = 1.233543e-08, elapsed = 2661.1 sec
Step =   3491: nodes = 13086, dt = 2.179221e-12, time = 1.233761e-08, elapsed = 2661.9 sec
Step =   3492: nodes = 13086, dt = 2.179221e-12, time = 1.233979e-08, elapsed = 2662.6 sec
Step =   3493: nodes = 13090, dt = 2.615066e-12, time = 1.234240e-08, elapsed = 2663.2 sec
Step =   3494: nodes = 13090, dt = 3.138079e-12, time = 1.234554e-08, elapsed = 2663.8 sec
Step =   3495: nodes = 13086, dt = 3.765694e-12, time = 1.234930e-08, elapsed = 2664.5 sec
Step =   3496: nodes = 13087, dt = 2.259417e-12, time = 1.235156e-08, elapsed = 2665.3 sec
Step =   3497: nodes = 13081, dt = 2.259417e-12, time = 1.235382e-08, elapsed = 2666.0 sec
Step =   3498: nodes = 13082, dt = 2.711300e-12, time = 1.235654e-08, elapsed = 2666.6 sec
Step =   3499: nodes = 13082, dt = 3.253560e-12, time = 1.235979e-08, elapsed = 2667.2 sec
Step =   3500: nodes = 13081, dt = 3.904272e-12, time = 1.236369e-08, elapsed = 2667.9 sec
Writing configuration in legacy data format
 Output file: /data/home/dg000246b/openDIS/inital_dislocation_structures/output_caseC_0.18%_seed12345/relax2/config.3500.data
Writing restart file
 Restart file: /data/home/dg000246b/openDIS/inital_dislocation_structures/output_caseC_0.18%_seed12345/relax2/restart.3500.exadis
Step =   3501: nodes = 13083, dt = 4.685126e-12, time = 1.236838e-08, elapsed = 2668.7 sec
Step =   3502: nodes = 13083, dt = 2.811076e-12, time = 1.237119e-08, elapsed = 2669.5 sec
Step =   3503: nodes = 13087, dt = 2.811076e-12, time = 1.237400e-08, elapsed = 2670.1 sec
Step =   3504: nodes = 13085, dt = 3.373291e-12, time = 1.237737e-08, elapsed = 2670.7 sec
Step =   3505: nodes = 13081, dt = 4.047949e-12, time = 1.238142e-08, elapsed = 2671.4 sec
Step =   3506: nodes = 13082, dt = 4.857539e-12, time = 1.238628e-08, elapsed = 2672.2 sec
Step =   3507: nodes = 13080, dt = 2.914523e-12, time = 1.238919e-08, elapsed = 2673.0 sec
Step =   3508: nodes = 13078, dt = 2.914523e-12, time = 1.239211e-08, elapsed = 2673.6 sec
Step =   3509: nodes = 13081, dt = 3.497428e-12, time = 1.239561e-08, elapsed = 2674.3 sec
Step =   3510: nodes = 13085, dt = 2.098457e-12, time = 1.239770e-08, elapsed = 2675.3 sec
Step =   3511: nodes = 13085, dt = 2.098457e-12, time = 1.239980e-08, elapsed = 2676.0 sec
Step =   3512: nodes = 13089, dt = 2.518148e-12, time = 1.240232e-08, elapsed = 2676.7 sec
Step =   3513: nodes = 13091, dt = 3.021778e-12, time = 1.240534e-08, elapsed = 2677.3 sec
Step =   3514: nodes = 13089, dt = 3.626134e-12, time = 1.240897e-08, elapsed = 2677.9 sec
Step =   3515: nodes = 13090, dt = 4.351360e-12, time = 1.241332e-08, elapsed = 2678.5 sec
Step =   3516: nodes = 13091, dt = 5.221632e-12, time = 1.241854e-08, elapsed = 2679.2 sec
Step =   3517: nodes = 13096, dt = 6.265959e-12, time = 1.242481e-08, elapsed = 2680.0 sec
Step =   3518: nodes = 13091, dt = 3.759575e-12, time = 1.242857e-08, elapsed = 2681.0 sec
Step =   3519: nodes = 13087, dt = 3.759575e-12, time = 1.243233e-08, elapsed = 2681.6 sec
Step =   3520: nodes = 13082, dt = 4.511490e-12, time = 1.243684e-08, elapsed = 2682.2 sec
Step =   3521: nodes = 13083, dt = 5.413788e-12, time = 1.244225e-08, elapsed = 2683.0 sec
Step =   3522: nodes = 13080, dt = 6.496546e-12, time = 1.244875e-08, elapsed = 2683.7 sec
Step =   3523: nodes = 13088, dt = 3.897928e-12, time = 1.245265e-08, elapsed = 2684.6 sec
Step =   3524: nodes = 13087, dt = 3.897928e-12, time = 1.245654e-08, elapsed = 2685.2 sec
Step =   3525: nodes = 13085, dt = 2.338757e-12, time = 1.245888e-08, elapsed = 2686.1 sec
Step =   3526: nodes = 13082, dt = 2.338757e-12, time = 1.246122e-08, elapsed = 2686.7 sec
Step =   3527: nodes = 13078, dt = 2.806508e-12, time = 1.246403e-08, elapsed = 2687.2 sec
Step =   3528: nodes = 13078, dt = 3.367809e-12, time = 1.246740e-08, elapsed = 2687.8 sec
Step =   3529: nodes = 13074, dt = 4.041371e-12, time = 1.247144e-08, elapsed = 2688.5 sec
Step =   3530: nodes = 13072, dt = 2.424823e-12, time = 1.247386e-08, elapsed = 2689.3 sec
Step =   3531: nodes = 13075, dt = 2.424823e-12, time = 1.247629e-08, elapsed = 2689.8 sec
Step =   3532: nodes = 13071, dt = 2.909787e-12, time = 1.247920e-08, elapsed = 2690.4 sec
Step =   3533: nodes = 13075, dt = 3.491745e-12, time = 1.248269e-08, elapsed = 2691.0 sec
Step =   3534: nodes = 13073, dt = 4.190094e-12, time = 1.248688e-08, elapsed = 2691.6 sec
Step =   3535: nodes = 13072, dt = 5.028113e-12, time = 1.249191e-08, elapsed = 2692.3 sec
Step =   3536: nodes = 13077, dt = 3.016868e-12, time = 1.249492e-08, elapsed = 2693.1 sec
Step =   3537: nodes = 13079, dt = 3.016868e-12, time = 1.249794e-08, elapsed = 2693.7 sec
Step =   3538: nodes = 13074, dt = 3.620241e-12, time = 1.250156e-08, elapsed = 2694.3 sec
Step =   3539: nodes = 13076, dt = 4.344289e-12, time = 1.250591e-08, elapsed = 2695.0 sec
Step =   3540: nodes = 13077, dt = 5.213147e-12, time = 1.251112e-08, elapsed = 2695.7 sec
Step =   3541: nodes = 13077, dt = 3.127888e-12, time = 1.251425e-08, elapsed = 2696.5 sec
Step =   3542: nodes = 13078, dt = 3.127888e-12, time = 1.251737e-08, elapsed = 2697.2 sec
Step =   3543: nodes = 13076, dt = 3.753466e-12, time = 1.252113e-08, elapsed = 2697.8 sec
Step =   3544: nodes = 13082, dt = 4.504159e-12, time = 1.252563e-08, elapsed = 2698.5 sec
Step =   3545: nodes = 13084, dt = 5.404991e-12, time = 1.253104e-08, elapsed = 2699.2 sec
Step =   3546: nodes = 13081, dt = 6.485989e-12, time = 1.253752e-08, elapsed = 2700.0 sec
Step =   3547: nodes = 13079, dt = 3.891593e-12, time = 1.254141e-08, elapsed = 2700.9 sec
Step =   3548: nodes = 13082, dt = 3.891593e-12, time = 1.254531e-08, elapsed = 2701.5 sec
Step =   3549: nodes = 13081, dt = 4.669912e-12, time = 1.254998e-08, elapsed = 2702.2 sec
Step =   3550: nodes = 13082, dt = 5.603895e-12, time = 1.255558e-08, elapsed = 2703.0 sec
Step =   3551: nodes = 13076, dt = 6.724674e-12, time = 1.256230e-08, elapsed = 2703.7 sec
Step =   3552: nodes = 13078, dt = 4.034804e-12, time = 1.256634e-08, elapsed = 2704.6 sec
Step =   3553: nodes = 13079, dt = 4.034804e-12, time = 1.257037e-08, elapsed = 2705.5 sec
Step =   3554: nodes = 13078, dt = 4.841765e-12, time = 1.257522e-08, elapsed = 2706.2 sec
Step =   3555: nodes = 13083, dt = 5.810118e-12, time = 1.258103e-08, elapsed = 2706.9 sec
Step =   3556: nodes = 13081, dt = 6.972141e-12, time = 1.258800e-08, elapsed = 2707.7 sec
Step =   3557: nodes = 13076, dt = 4.183285e-12, time = 1.259218e-08, elapsed = 2708.6 sec
Step =   3558: nodes = 13077, dt = 4.183285e-12, time = 1.259636e-08, elapsed = 2709.2 sec
Step =   3559: nodes = 13076, dt = 5.019942e-12, time = 1.260138e-08, elapsed = 2709.9 sec
Step =   3560: nodes = 13070, dt = 6.023930e-12, time = 1.260741e-08, elapsed = 2710.6 sec
Step =   3561: nodes = 13069, dt = 7.228716e-12, time = 1.261464e-08, elapsed = 2711.4 sec
Step =   3562: nodes = 13069, dt = 4.337230e-12, time = 1.261897e-08, elapsed = 2712.2 sec
Step =   3563: nodes = 13072, dt = 4.337230e-12, time = 1.262331e-08, elapsed = 2712.8 sec
Step =   3564: nodes = 13075, dt = 5.204676e-12, time = 1.262852e-08, elapsed = 2713.5 sec
Step =   3565: nodes = 13071, dt = 6.245611e-12, time = 1.263476e-08, elapsed = 2714.2 sec
Step =   3566: nodes = 13070, dt = 7.494733e-12, time = 1.264226e-08, elapsed = 2715.0 sec
Step =   3567: nodes = 13070, dt = 4.496840e-12, time = 1.264675e-08, elapsed = 2715.9 sec
Step =   3568: nodes = 13076, dt = 4.496840e-12, time = 1.265125e-08, elapsed = 2716.5 sec
Step =   3569: nodes = 13073, dt = 5.396208e-12, time = 1.265665e-08, elapsed = 2717.2 sec
Step =   3570: nodes = 13073, dt = 6.475449e-12, time = 1.266312e-08, elapsed = 2718.0 sec
Step =   3571: nodes = 13068, dt = 7.770539e-12, time = 1.267089e-08, elapsed = 2718.7 sec
Step =   3572: nodes = 13068, dt = 4.662324e-12, time = 1.267555e-08, elapsed = 2719.6 sec
Step =   3573: nodes = 13069, dt = 4.662324e-12, time = 1.268022e-08, elapsed = 2720.2 sec
Step =   3574: nodes = 13069, dt = 5.594788e-12, time = 1.268581e-08, elapsed = 2720.9 sec
Step =   3575: nodes = 13073, dt = 6.713746e-12, time = 1.269253e-08, elapsed = 2721.6 sec
Step =   3576: nodes = 13074, dt = 4.028248e-12, time = 1.269655e-08, elapsed = 2722.5 sec
Step =   3577: nodes = 13073, dt = 4.028248e-12, time = 1.270058e-08, elapsed = 2723.1 sec
Step =   3578: nodes = 13076, dt = 4.833897e-12, time = 1.270542e-08, elapsed = 2723.7 sec
Step =   3579: nodes = 13077, dt = 5.800676e-12, time = 1.271122e-08, elapsed = 2724.5 sec
Step =   3580: nodes = 13074, dt = 3.480406e-12, time = 1.271470e-08, elapsed = 2725.3 sec
Step =   3581: nodes = 13077, dt = 3.480406e-12, time = 1.271818e-08, elapsed = 2726.1 sec
Step =   3582: nodes = 13081, dt = 4.176487e-12, time = 1.272235e-08, elapsed = 2726.8 sec
Step =   3583: nodes = 13072, dt = 5.011784e-12, time = 1.272737e-08, elapsed = 2727.5 sec
Step =   3584: nodes = 13081, dt = 6.014141e-12, time = 1.273338e-08, elapsed = 2728.3 sec
Step =   3585: nodes = 13081, dt = 3.608485e-12, time = 1.273699e-08, elapsed = 2729.1 sec
Step =   3586: nodes = 13081, dt = 3.608485e-12, time = 1.274060e-08, elapsed = 2729.9 sec
Step =   3587: nodes = 13083, dt = 4.330182e-12, time = 1.274493e-08, elapsed = 2730.6 sec
Step =   3588: nodes = 13080, dt = 5.196218e-12, time = 1.275012e-08, elapsed = 2731.4 sec
Step =   3589: nodes = 13077, dt = 6.235462e-12, time = 1.275636e-08, elapsed = 2732.2 sec
Step =   3590: nodes = 13082, dt = 3.741277e-12, time = 1.276010e-08, elapsed = 2733.0 sec
Step =   3591: nodes = 13086, dt = 3.741277e-12, time = 1.276384e-08, elapsed = 2733.6 sec
Step =   3592: nodes = 13081, dt = 4.489532e-12, time = 1.276833e-08, elapsed = 2734.4 sec
Step =   3593: nodes = 13079, dt = 5.387439e-12, time = 1.277372e-08, elapsed = 2735.5 sec
Step =   3594: nodes = 13079, dt = 6.464927e-12, time = 1.278018e-08, elapsed = 2736.3 sec
Step =   3595: nodes = 13081, dt = 3.878956e-12, time = 1.278406e-08, elapsed = 2737.1 sec
Step =   3596: nodes = 13083, dt = 3.878956e-12, time = 1.278794e-08, elapsed = 2737.8 sec
Step =   3597: nodes = 13080, dt = 4.654747e-12, time = 1.279260e-08, elapsed = 2738.5 sec
Step =   3598: nodes = 13085, dt = 2.792848e-12, time = 1.279539e-08, elapsed = 2739.4 sec
Step =   3599: nodes = 13079, dt = 2.792848e-12, time = 1.279818e-08, elapsed = 2740.0 sec
Step =   3600: nodes = 13076, dt = 3.351418e-12, time = 1.280153e-08, elapsed = 2740.7 sec
Writing configuration in legacy data format
 Output file: /data/home/dg000246b/openDIS/inital_dislocation_structures/output_caseC_0.18%_seed12345/relax2/config.3600.data
Writing restart file
 Restart file: /data/home/dg000246b/openDIS/inital_dislocation_structures/output_caseC_0.18%_seed12345/relax2/restart.3600.exadis
Step =   3601: nodes = 13074, dt = 4.021702e-12, time = 1.280555e-08, elapsed = 2741.5 sec
Step =   3602: nodes = 13070, dt = 4.826042e-12, time = 1.281038e-08, elapsed = 2742.2 sec
Step =   3603: nodes = 13075, dt = 2.895625e-12, time = 1.281328e-08, elapsed = 2743.1 sec
Step =   3604: nodes = 13070, dt = 2.895625e-12, time = 1.281617e-08, elapsed = 2743.7 sec
Step =   3605: nodes = 13068, dt = 3.474750e-12, time = 1.281965e-08, elapsed = 2744.4 sec
Step =   3606: nodes = 13068, dt = 4.169700e-12, time = 1.282382e-08, elapsed = 2745.0 sec
Step =   3607: nodes = 13072, dt = 5.003640e-12, time = 1.282882e-08, elapsed = 2745.7 sec
Step =   3608: nodes = 13074, dt = 6.004368e-12, time = 1.283482e-08, elapsed = 2746.4 sec
Step =   3609: nodes = 13076, dt = 3.602621e-12, time = 1.283843e-08, elapsed = 2747.3 sec
Step =   3610: nodes = 13076, dt = 3.602621e-12, time = 1.284203e-08, elapsed = 2748.0 sec
Step =   3611: nodes = 13076, dt = 4.323145e-12, time = 1.284635e-08, elapsed = 2748.7 sec
Step =   3612: nodes = 13073, dt = 5.187774e-12, time = 1.285154e-08, elapsed = 2749.4 sec
Step =   3613: nodes = 13063, dt = 6.225329e-12, time = 1.285777e-08, elapsed = 2750.1 sec
Step =   3614: nodes = 13070, dt = 3.735197e-12, time = 1.286150e-08, elapsed = 2751.0 sec
Step =   3615: nodes = 13066, dt = 3.735197e-12, time = 1.286524e-08, elapsed = 2751.6 sec
Step =   3616: nodes = 13065, dt = 4.482237e-12, time = 1.286972e-08, elapsed = 2752.3 sec
Step =   3617: nodes = 13060, dt = 2.689342e-12, time = 1.287241e-08, elapsed = 2753.1 sec
Step =   3618: nodes = 13062, dt = 2.689342e-12, time = 1.287510e-08, elapsed = 2753.7 sec
Step =   3619: nodes = 13063, dt = 3.227211e-12, time = 1.287832e-08, elapsed = 2754.3 sec
Step =   3620: nodes = 13062, dt = 3.872653e-12, time = 1.288220e-08, elapsed = 2755.0 sec
Step =   3621: nodes = 13062, dt = 4.647183e-12, time = 1.288684e-08, elapsed = 2755.7 sec
Step =   3622: nodes = 13060, dt = 2.788310e-12, time = 1.288963e-08, elapsed = 2756.5 sec
Step =   3623: nodes = 13059, dt = 2.788310e-12, time = 1.289242e-08, elapsed = 2757.1 sec
Step =   3624: nodes = 13056, dt = 1.672986e-12, time = 1.289409e-08, elapsed = 2757.9 sec
Step =   3625: nodes = 13054, dt = 1.672986e-12, time = 1.289577e-08, elapsed = 2758.4 sec
Step =   3626: nodes = 13051, dt = 1.003792e-12, time = 1.289677e-08, elapsed = 2759.2 sec
Step =   3627: nodes = 13049, dt = 1.003792e-12, time = 1.289777e-08, elapsed = 2759.7 sec
Step =   3628: nodes = 13046, dt = 1.204550e-12, time = 1.289898e-08, elapsed = 2760.2 sec
Step =   3629: nodes = 13046, dt = 1.445460e-12, time = 1.290042e-08, elapsed = 2760.8 sec
Step =   3630: nodes = 13044, dt = 1.734552e-12, time = 1.290216e-08, elapsed = 2761.3 sec
Step =   3631: nodes = 13043, dt = 2.081462e-12, time = 1.290424e-08, elapsed = 2761.9 sec
Step =   3632: nodes = 13041, dt = 2.497755e-12, time = 1.290674e-08, elapsed = 2762.4 sec
Step =   3633: nodes = 13041, dt = 2.997306e-12, time = 1.290974e-08, elapsed = 2763.0 sec
Step =   3634: nodes = 13038, dt = 3.596767e-12, time = 1.291333e-08, elapsed = 2763.6 sec
Step =   3635: nodes = 13037, dt = 4.316120e-12, time = 1.291765e-08, elapsed = 2764.2 sec
Step =   3636: nodes = 13038, dt = 5.179344e-12, time = 1.292283e-08, elapsed = 2765.0 sec
Step =   3637: nodes = 13042, dt = 6.215213e-12, time = 1.292904e-08, elapsed = 2765.8 sec
Step =   3638: nodes = 13040, dt = 3.729128e-12, time = 1.293277e-08, elapsed = 2766.7 sec
Step =   3639: nodes = 13039, dt = 3.729128e-12, time = 1.293650e-08, elapsed = 2767.3 sec
Step =   3640: nodes = 13041, dt = 4.474953e-12, time = 1.294098e-08, elapsed = 2768.0 sec
Step =   3641: nodes = 13044, dt = 5.369944e-12, time = 1.294635e-08, elapsed = 2768.6 sec
Step =   3642: nodes = 13045, dt = 6.443933e-12, time = 1.295279e-08, elapsed = 2769.4 sec
Step =   3643: nodes = 13040, dt = 7.732719e-12, time = 1.296052e-08, elapsed = 2770.1 sec
Step =   3644: nodes = 13046, dt = 4.639632e-12, time = 1.296516e-08, elapsed = 2771.0 sec
Step =   3645: nodes = 13047, dt = 4.639632e-12, time = 1.296980e-08, elapsed = 2771.6 sec
Step =   3646: nodes = 13041, dt = 2.783779e-12, time = 1.297259e-08, elapsed = 2772.4 sec
Step =   3647: nodes = 13045, dt = 2.783779e-12, time = 1.297537e-08, elapsed = 2773.0 sec
Step =   3648: nodes = 13041, dt = 3.340535e-12, time = 1.297871e-08, elapsed = 2773.6 sec
Step =   3649: nodes = 13041, dt = 4.008642e-12, time = 1.298272e-08, elapsed = 2774.2 sec
Step =   3650: nodes = 13041, dt = 4.810370e-12, time = 1.298753e-08, elapsed = 2774.9 sec
Step =   3651: nodes = 13045, dt = 2.886222e-12, time = 1.299042e-08, elapsed = 2775.7 sec
Step =   3652: nodes = 13044, dt = 2.886222e-12, time = 1.299330e-08, elapsed = 2776.3 sec
Step =   3653: nodes = 13042, dt = 3.463466e-12, time = 1.299677e-08, elapsed = 2776.9 sec
Step =   3654: nodes = 13042, dt = 4.156160e-12, time = 1.300092e-08, elapsed = 2777.6 sec
Step =   3655: nodes = 13039, dt = 2.493696e-12, time = 1.300341e-08, elapsed = 2778.4 sec
Step =   3656: nodes = 13041, dt = 2.493696e-12, time = 1.300591e-08, elapsed = 2779.0 sec
Step =   3657: nodes = 13040, dt = 2.992435e-12, time = 1.300890e-08, elapsed = 2779.6 sec
Step =   3658: nodes = 13043, dt = 3.590922e-12, time = 1.301249e-08, elapsed = 2780.2 sec
Step =   3659: nodes = 13039, dt = 4.309106e-12, time = 1.301680e-08, elapsed = 2780.8 sec
Step =   3660: nodes = 13042, dt = 2.585464e-12, time = 1.301939e-08, elapsed = 2781.6 sec
Step =   3661: nodes = 13039, dt = 2.585464e-12, time = 1.302197e-08, elapsed = 2782.2 sec
Step =   3662: nodes = 13040, dt = 3.102557e-12, time = 1.302507e-08, elapsed = 2782.8 sec
Step =   3663: nodes = 13036, dt = 3.723068e-12, time = 1.302880e-08, elapsed = 2783.4 sec
Step =   3664: nodes = 13033, dt = 2.233841e-12, time = 1.303103e-08, elapsed = 2784.2 sec
Step =   3665: nodes = 13037, dt = 1.116920e-12, time = 1.303215e-08, elapsed = 2785.0 sec
Step =   3666: nodes = 13035, dt = 1.116920e-12, time = 1.303327e-08, elapsed = 2785.5 sec
Step =   3667: nodes = 13035, dt = 1.340304e-12, time = 1.303461e-08, elapsed = 2786.1 sec
Step =   3668: nodes = 13029, dt = 1.608365e-12, time = 1.303621e-08, elapsed = 2786.6 sec
Step =   3669: nodes = 13031, dt = 1.930038e-12, time = 1.303814e-08, elapsed = 2787.1 sec
Step =   3670: nodes = 13034, dt = 2.316046e-12, time = 1.304046e-08, elapsed = 2787.7 sec
Step =   3671: nodes = 13033, dt = 2.779255e-12, time = 1.304324e-08, elapsed = 2788.3 sec
Step =   3672: nodes = 13034, dt = 3.335106e-12, time = 1.304657e-08, elapsed = 2788.9 sec
Step =   3673: nodes = 13036, dt = 4.002128e-12, time = 1.305058e-08, elapsed = 2789.5 sec
Step =   3674: nodes = 13030, dt = 2.401277e-12, time = 1.305298e-08, elapsed = 2790.3 sec
Step =   3675: nodes = 13032, dt = 2.401277e-12, time = 1.305538e-08, elapsed = 2790.9 sec
Step =   3676: nodes = 13027, dt = 2.881532e-12, time = 1.305826e-08, elapsed = 2791.4 sec
Step =   3677: nodes = 13031, dt = 3.457838e-12, time = 1.306172e-08, elapsed = 2792.0 sec
Step =   3678: nodes = 13037, dt = 2.074703e-12, time = 1.306379e-08, elapsed = 2792.8 sec
Step =   3679: nodes = 13035, dt = 2.074703e-12, time = 1.306587e-08, elapsed = 2793.4 sec
Step =   3680: nodes = 13034, dt = 2.489644e-12, time = 1.306836e-08, elapsed = 2793.9 sec
Step =   3681: nodes = 13032, dt = 2.987572e-12, time = 1.307135e-08, elapsed = 2794.5 sec
Step =   3682: nodes = 13034, dt = 3.585087e-12, time = 1.307493e-08, elapsed = 2795.3 sec
Step =   3683: nodes = 13033, dt = 2.151052e-12, time = 1.307708e-08, elapsed = 2796.2 sec
Step =   3684: nodes = 13028, dt = 2.151052e-12, time = 1.307923e-08, elapsed = 2796.8 sec
Step =   3685: nodes = 13028, dt = 2.581262e-12, time = 1.308181e-08, elapsed = 2797.4 sec
Step =   3686: nodes = 13028, dt = 3.097515e-12, time = 1.308491e-08, elapsed = 2797.9 sec
Step =   3687: nodes = 13039, dt = 3.717018e-12, time = 1.308863e-08, elapsed = 2798.6 sec
Step =   3688: nodes = 13038, dt = 4.460422e-12, time = 1.309309e-08, elapsed = 2799.2 sec
Step =   3689: nodes = 13038, dt = 2.676253e-12, time = 1.309576e-08, elapsed = 2800.0 sec
Step =   3690: nodes = 13032, dt = 2.676253e-12, time = 1.309844e-08, elapsed = 2800.6 sec
Step =   3691: nodes = 13036, dt = 3.211503e-12, time = 1.310165e-08, elapsed = 2801.2 sec
Step =   3692: nodes = 13033, dt = 3.853804e-12, time = 1.310551e-08, elapsed = 2801.8 sec
Step =   3693: nodes = 13031, dt = 2.312283e-12, time = 1.310782e-08, elapsed = 2802.6 sec
Step =   3694: nodes = 13031, dt = 2.312283e-12, time = 1.311013e-08, elapsed = 2803.1 sec
Step =   3695: nodes = 13026, dt = 2.774739e-12, time = 1.311291e-08, elapsed = 2803.7 sec
Step =   3696: nodes = 13028, dt = 3.329687e-12, time = 1.311624e-08, elapsed = 2804.3 sec
Step =   3697: nodes = 13034, dt = 3.995624e-12, time = 1.312023e-08, elapsed = 2804.9 sec
Step =   3698: nodes = 13032, dt = 4.794749e-12, time = 1.312503e-08, elapsed = 2805.6 sec
Step =   3699: nodes = 13024, dt = 5.753699e-12, time = 1.313078e-08, elapsed = 2806.3 sec
Step =   3700: nodes = 13020, dt = 3.452219e-12, time = 1.313423e-08, elapsed = 2807.1 sec
Writing configuration in legacy data format
 Output file: /data/home/dg000246b/openDIS/inital_dislocation_structures/output_caseC_0.18%_seed12345/relax2/config.3700.data
Writing restart file
 Restart file: /data/home/dg000246b/openDIS/inital_dislocation_structures/output_caseC_0.18%_seed12345/relax2/restart.3700.exadis
Step =   3701: nodes = 13021, dt = 1.726110e-12, time = 1.313596e-08, elapsed = 2808.0 sec
Step =   3702: nodes = 13024, dt = 1.726110e-12, time = 1.313768e-08, elapsed = 2808.6 sec
Step =   3703: nodes = 13021, dt = 2.071332e-12, time = 1.313976e-08, elapsed = 2809.1 sec
Step =   3704: nodes = 13021, dt = 2.485598e-12, time = 1.314224e-08, elapsed = 2809.7 sec
Step =   3705: nodes = 13022, dt = 2.982717e-12, time = 1.314522e-08, elapsed = 2810.3 sec
Step =   3706: nodes = 13023, dt = 3.579261e-12, time = 1.314880e-08, elapsed = 2810.9 sec
Step =   3707: nodes = 13027, dt = 2.147557e-12, time = 1.315095e-08, elapsed = 2811.7 sec
Step =   3708: nodes = 13029, dt = 2.147557e-12, time = 1.315310e-08, elapsed = 2812.3 sec
Step =   3709: nodes = 13028, dt = 2.577068e-12, time = 1.315567e-08, elapsed = 2812.8 sec
Step =   3710: nodes = 13029, dt = 3.092481e-12, time = 1.315877e-08, elapsed = 2813.4 sec
Step =   3711: nodes = 13027, dt = 3.710978e-12, time = 1.316248e-08, elapsed = 2814.0 sec
Step =   3712: nodes = 13024, dt = 2.226587e-12, time = 1.316470e-08, elapsed = 2814.8 sec
Step =   3713: nodes = 13021, dt = 2.226587e-12, time = 1.316693e-08, elapsed = 2815.4 sec
Step =   3714: nodes = 13025, dt = 2.671904e-12, time = 1.316960e-08, elapsed = 2816.0 sec
Step =   3715: nodes = 13027, dt = 3.206285e-12, time = 1.317281e-08, elapsed = 2816.6 sec
Step =   3716: nodes = 13033, dt = 3.847542e-12, time = 1.317666e-08, elapsed = 2817.3 sec
Step =   3717: nodes = 13036, dt = 4.617050e-12, time = 1.318127e-08, elapsed = 2817.9 sec
Step =   3718: nodes = 13038, dt = 5.540460e-12, time = 1.318681e-08, elapsed = 2818.6 sec
Step =   3719: nodes = 13032, dt = 6.648552e-12, time = 1.319346e-08, elapsed = 2819.3 sec
Step =   3720: nodes = 13031, dt = 3.989131e-12, time = 1.319745e-08, elapsed = 2820.1 sec
Step =   3721: nodes = 13032, dt = 3.989131e-12, time = 1.320144e-08, elapsed = 2820.7 sec
Step =   3722: nodes = 13028, dt = 4.786958e-12, time = 1.320623e-08, elapsed = 2821.4 sec
Step =   3723: nodes = 13032, dt = 5.744349e-12, time = 1.321197e-08, elapsed = 2822.0 sec
Step =   3724: nodes = 13032, dt = 6.893219e-12, time = 1.321887e-08, elapsed = 2822.8 sec
Step =   3725: nodes = 13031, dt = 4.135931e-12, time = 1.322300e-08, elapsed = 2823.6 sec
Step =   3726: nodes = 13035, dt = 4.135931e-12, time = 1.322714e-08, elapsed = 2824.3 sec
Step =   3727: nodes = 13031, dt = 4.963118e-12, time = 1.323210e-08, elapsed = 2824.9 sec
Step =   3728: nodes = 13034, dt = 5.955741e-12, time = 1.323806e-08, elapsed = 2825.9 sec
Step =   3729: nodes = 13030, dt = 7.146889e-12, time = 1.324520e-08, elapsed = 2826.6 sec
Step =   3730: nodes = 13028, dt = 4.288134e-12, time = 1.324949e-08, elapsed = 2827.4 sec
Step =   3731: nodes = 13029, dt = 4.288134e-12, time = 1.325378e-08, elapsed = 2828.0 sec
Step =   3732: nodes = 13023, dt = 5.145760e-12, time = 1.325893e-08, elapsed = 2828.7 sec
Step =   3733: nodes = 13026, dt = 6.174912e-12, time = 1.326510e-08, elapsed = 2829.4 sec
Step =   3734: nodes = 13029, dt = 3.704947e-12, time = 1.326881e-08, elapsed = 2830.2 sec
Step =   3735: nodes = 13025, dt = 3.704947e-12, time = 1.327251e-08, elapsed = 2830.7 sec
Step =   3736: nodes = 13018, dt = 4.445937e-12, time = 1.327696e-08, elapsed = 2831.4 sec
Step =   3737: nodes = 13029, dt = 5.335124e-12, time = 1.328229e-08, elapsed = 2832.1 sec
Step =   3738: nodes = 13025, dt = 6.402149e-12, time = 1.328869e-08, elapsed = 2832.8 sec
Step =   3739: nodes = 13024, dt = 3.841289e-12, time = 1.329254e-08, elapsed = 2833.6 sec
Step =   3740: nodes = 13024, dt = 3.841289e-12, time = 1.329638e-08, elapsed = 2834.2 sec
Step =   3741: nodes = 13027, dt = 4.609547e-12, time = 1.330099e-08, elapsed = 2834.8 sec
Step =   3742: nodes = 13028, dt = 5.531457e-12, time = 1.330652e-08, elapsed = 2835.5 sec
Step =   3743: nodes = 13032, dt = 6.637748e-12, time = 1.331316e-08, elapsed = 2836.2 sec
Step =   3744: nodes = 13033, dt = 3.982649e-12, time = 1.331714e-08, elapsed = 2837.0 sec
Step =   3745: nodes = 13039, dt = 3.982649e-12, time = 1.332112e-08, elapsed = 2837.7 sec
Step =   3746: nodes = 13034, dt = 4.779179e-12, time = 1.332590e-08, elapsed = 2838.3 sec
Step =   3747: nodes = 13040, dt = 5.735014e-12, time = 1.333163e-08, elapsed = 2839.0 sec
Step =   3748: nodes = 13033, dt = 6.882017e-12, time = 1.333852e-08, elapsed = 2839.7 sec
Step =   3749: nodes = 13037, dt = 4.129210e-12, time = 1.334265e-08, elapsed = 2840.5 sec
Step =   3750: nodes = 13036, dt = 4.129210e-12, time = 1.334677e-08, elapsed = 2841.1 sec
Step =   3751: nodes = 13030, dt = 4.955053e-12, time = 1.335173e-08, elapsed = 2841.8 sec
Step =   3752: nodes = 13029, dt = 5.946063e-12, time = 1.335768e-08, elapsed = 2842.5 sec
Step =   3753: nodes = 13029, dt = 3.567638e-12, time = 1.336124e-08, elapsed = 2843.3 sec
Step =   3754: nodes = 13029, dt = 3.567638e-12, time = 1.336481e-08, elapsed = 2843.9 sec
Step =   3755: nodes = 13031, dt = 4.281165e-12, time = 1.336909e-08, elapsed = 2844.6 sec
Step =   3756: nodes = 13030, dt = 5.137398e-12, time = 1.337423e-08, elapsed = 2845.2 sec
Step =   3757: nodes = 13028, dt = 3.082439e-12, time = 1.337731e-08, elapsed = 2846.0 sec
Step =   3758: nodes = 13025, dt = 3.082439e-12, time = 1.338039e-08, elapsed = 2846.7 sec
Step =   3759: nodes = 13022, dt = 3.698927e-12, time = 1.338409e-08, elapsed = 2847.3 sec
Step =   3760: nodes = 13025, dt = 4.438712e-12, time = 1.338853e-08, elapsed = 2848.0 sec
Step =   3761: nodes = 13023, dt = 5.326455e-12, time = 1.339386e-08, elapsed = 2848.7 sec
Step =   3762: nodes = 13013, dt = 6.391746e-12, time = 1.340025e-08, elapsed = 2849.4 sec
Step =   3763: nodes = 13021, dt = 3.835047e-12, time = 1.340409e-08, elapsed = 2850.3 sec
Step =   3764: nodes = 13018, dt = 1.917524e-12, time = 1.340600e-08, elapsed = 2851.1 sec
Step =   3765: nodes = 13021, dt = 1.917524e-12, time = 1.340792e-08, elapsed = 2851.7 sec
Step =   3766: nodes = 13026, dt = 2.301028e-12, time = 1.341022e-08, elapsed = 2852.3 sec
Step =   3767: nodes = 13021, dt = 2.761234e-12, time = 1.341298e-08, elapsed = 2852.9 sec
Step =   3768: nodes = 13017, dt = 3.313481e-12, time = 1.341630e-08, elapsed = 2853.6 sec
Step =   3769: nodes = 13018, dt = 3.976177e-12, time = 1.342027e-08, elapsed = 2854.2 sec
Step =   3770: nodes = 13016, dt = 4.771413e-12, time = 1.342504e-08, elapsed = 2854.8 sec
Step =   3771: nodes = 13005, dt = 5.725695e-12, time = 1.343077e-08, elapsed = 2855.7 sec
Step =   3772: nodes = 13015, dt = 6.870834e-12, time = 1.343764e-08, elapsed = 2856.5 sec
Step =   3773: nodes = 13018, dt = 4.122500e-12, time = 1.344176e-08, elapsed = 2857.3 sec
Step =   3774: nodes = 13018, dt = 4.122500e-12, time = 1.344589e-08, elapsed = 2857.9 sec
Step =   3775: nodes = 13016, dt = 4.947001e-12, time = 1.345083e-08, elapsed = 2858.5 sec
Step =   3776: nodes = 13015, dt = 2.968200e-12, time = 1.345380e-08, elapsed = 2859.3 sec
Step =   3777: nodes = 13017, dt = 2.968200e-12, time = 1.345677e-08, elapsed = 2859.9 sec
Step =   3778: nodes = 13010, dt = 3.561840e-12, time = 1.346033e-08, elapsed = 2860.5 sec
Step =   3779: nodes = 13009, dt = 4.274208e-12, time = 1.346461e-08, elapsed = 2861.0 sec
Step =   3780: nodes = 13009, dt = 5.129050e-12, time = 1.346973e-08, elapsed = 2861.7 sec
Step =   3781: nodes = 13001, dt = 3.077430e-12, time = 1.347281e-08, elapsed = 2862.5 sec
Step =   3782: nodes = 12996, dt = 3.077430e-12, time = 1.347589e-08, elapsed = 2863.1 sec
Step =   3783: nodes = 13002, dt = 3.692916e-12, time = 1.347958e-08, elapsed = 2863.7 sec
Step =   3784: nodes = 13002, dt = 1.107875e-12, time = 1.348069e-08, elapsed = 2864.8 sec
Step =   3785: nodes = 12999, dt = 1.107875e-12, time = 1.348180e-08, elapsed = 2865.3 sec
Step =   3786: nodes = 12998, dt = 1.329450e-12, time = 1.348313e-08, elapsed = 2865.8 sec
Step =   3787: nodes = 13000, dt = 1.595340e-12, time = 1.348472e-08, elapsed = 2866.3 sec
Step =   3788: nodes = 12998, dt = 1.914408e-12, time = 1.348664e-08, elapsed = 2866.9 sec
Step =   3789: nodes = 12999, dt = 2.297289e-12, time = 1.348893e-08, elapsed = 2867.5 sec
Step =   3790: nodes = 13000, dt = 2.756747e-12, time = 1.349169e-08, elapsed = 2868.0 sec
Step =   3791: nodes = 12997, dt = 3.308097e-12, time = 1.349500e-08, elapsed = 2868.6 sec
Step =   3792: nodes = 12997, dt = 3.969716e-12, time = 1.349897e-08, elapsed = 2869.3 sec
Step =   3793: nodes = 13004, dt = 4.763659e-12, time = 1.350373e-08, elapsed = 2869.9 sec
Step =   3794: nodes = 13008, dt = 5.716391e-12, time = 1.350945e-08, elapsed = 2870.6 sec
Step =   3795: nodes = 13012, dt = 3.429834e-12, time = 1.351288e-08, elapsed = 2871.4 sec
Step =   3796: nodes = 13014, dt = 3.429834e-12, time = 1.351631e-08, elapsed = 2872.0 sec
Step =   3797: nodes = 13004, dt = 4.115801e-12, time = 1.352042e-08, elapsed = 2872.6 sec
Step =   3798: nodes = 13009, dt = 2.469481e-12, time = 1.352289e-08, elapsed = 2873.4 sec
Step =   3799: nodes = 13008, dt = 2.469481e-12, time = 1.352536e-08, elapsed = 2874.0 sec
Step =   3800: nodes = 13010, dt = 2.963377e-12, time = 1.352833e-08, elapsed = 2874.6 sec
Writing configuration in legacy data format
 Output file: /data/home/dg000246b/openDIS/inital_dislocation_structures/output_caseC_0.18%_seed12345/relax2/config.3800.data
Writing restart file
 Restart file: /data/home/dg000246b/openDIS/inital_dislocation_structures/output_caseC_0.18%_seed12345/relax2/restart.3800.exadis
Step =   3801: nodes = 13011, dt = 3.556052e-12, time = 1.353188e-08, elapsed = 2875.3 sec
Step =   3802: nodes = 13009, dt = 4.267263e-12, time = 1.353615e-08, elapsed = 2875.9 sec
Step =   3803: nodes = 13012, dt = 5.120715e-12, time = 1.354127e-08, elapsed = 2876.5 sec
Step =   3804: nodes = 13010, dt = 3.072429e-12, time = 1.354434e-08, elapsed = 2877.3 sec
Step =   3805: nodes = 13010, dt = 3.072429e-12, time = 1.354742e-08, elapsed = 2877.9 sec
Step =   3806: nodes = 13003, dt = 3.686915e-12, time = 1.355110e-08, elapsed = 2878.5 sec
Step =   3807: nodes = 13004, dt = 4.424298e-12, time = 1.355553e-08, elapsed = 2879.2 sec
Step =   3808: nodes = 13006, dt = 5.309158e-12, time = 1.356084e-08, elapsed = 2879.9 sec
Step =   3809: nodes = 13006, dt = 3.185495e-12, time = 1.356402e-08, elapsed = 2880.7 sec
Step =   3810: nodes = 13009, dt = 3.185495e-12, time = 1.356721e-08, elapsed = 2881.2 sec
Step =   3811: nodes = 13006, dt = 3.822594e-12, time = 1.357103e-08, elapsed = 2881.8 sec
Step =   3812: nodes = 13007, dt = 4.587112e-12, time = 1.357562e-08, elapsed = 2882.4 sec
Step =   3813: nodes = 13006, dt = 2.752267e-12, time = 1.357837e-08, elapsed = 2883.2 sec
Step =   3814: nodes = 13009, dt = 2.752267e-12, time = 1.358112e-08, elapsed = 2883.7 sec
Step =   3815: nodes = 13006, dt = 3.302721e-12, time = 1.358442e-08, elapsed = 2884.3 sec
Step =   3816: nodes = 13009, dt = 3.963265e-12, time = 1.358839e-08, elapsed = 2884.9 sec
Step =   3817: nodes = 13010, dt = 4.755918e-12, time = 1.359314e-08, elapsed = 2885.8 sec
Step =   3818: nodes = 13006, dt = 2.853551e-12, time = 1.359600e-08, elapsed = 2886.6 sec
Step =   3819: nodes = 13007, dt = 2.853551e-12, time = 1.359885e-08, elapsed = 2887.2 sec
Step =   3820: nodes = 13011, dt = 1.712130e-12, time = 1.360056e-08, elapsed = 2888.0 sec
Step =   3821: nodes = 13007, dt = 1.712130e-12, time = 1.360227e-08, elapsed = 2888.6 sec
Step =   3822: nodes = 13004, dt = 2.054557e-12, time = 1.360433e-08, elapsed = 2889.1 sec
Step =   3823: nodes = 13004, dt = 2.465468e-12, time = 1.360679e-08, elapsed = 2889.7 sec
Step =   3824: nodes = 13004, dt = 2.958561e-12, time = 1.360975e-08, elapsed = 2890.2 sec
Step =   3825: nodes = 13002, dt = 3.550274e-12, time = 1.361330e-08, elapsed = 2890.8 sec
Step =   3826: nodes = 13007, dt = 4.260329e-12, time = 1.361756e-08, elapsed = 2891.4 sec
Step =   3827: nodes = 13010, dt = 5.112394e-12, time = 1.362268e-08, elapsed = 2892.0 sec
Step =   3828: nodes = 13008, dt = 3.067437e-12, time = 1.362574e-08, elapsed = 2892.8 sec
Step =   3829: nodes = 13012, dt = 3.067437e-12, time = 1.362881e-08, elapsed = 2893.4 sec
Step =   3830: nodes = 13015, dt = 3.680924e-12, time = 1.363249e-08, elapsed = 2894.0 sec
Step =   3831: nodes = 13013, dt = 4.417109e-12, time = 1.363691e-08, elapsed = 2894.6 sec
Step =   3832: nodes = 13017, dt = 2.650265e-12, time = 1.363956e-08, elapsed = 2895.4 sec
Step =   3833: nodes = 13019, dt = 2.650265e-12, time = 1.364221e-08, elapsed = 2895.9 sec
Step =   3834: nodes = 13010, dt = 3.180318e-12, time = 1.364539e-08, elapsed = 2896.5 sec
Step =   3835: nodes = 13010, dt = 3.816382e-12, time = 1.364921e-08, elapsed = 2897.1 sec
Step =   3836: nodes = 13013, dt = 4.579658e-12, time = 1.365379e-08, elapsed = 2897.8 sec
Step =   3837: nodes = 13013, dt = 5.495590e-12, time = 1.365928e-08, elapsed = 2898.4 sec
Step =   3838: nodes = 13014, dt = 6.594708e-12, time = 1.366588e-08, elapsed = 2899.1 sec
Step =   3839: nodes = 13018, dt = 3.956825e-12, time = 1.366983e-08, elapsed = 2899.9 sec
Step =   3840: nodes = 13015, dt = 3.956825e-12, time = 1.367379e-08, elapsed = 2900.5 sec
Step =   3841: nodes = 13017, dt = 4.748190e-12, time = 1.367854e-08, elapsed = 2901.1 sec
Step =   3842: nodes = 13014, dt = 5.697828e-12, time = 1.368424e-08, elapsed = 2901.8 sec
Step =   3843: nodes = 13008, dt = 3.418697e-12, time = 1.368765e-08, elapsed = 2902.6 sec
Step =   3844: nodes = 13006, dt = 3.418697e-12, time = 1.369107e-08, elapsed = 2903.2 sec
Step =   3845: nodes = 13007, dt = 4.102436e-12, time = 1.369518e-08, elapsed = 2903.8 sec
Step =   3846: nodes = 13011, dt = 4.922923e-12, time = 1.370010e-08, elapsed = 2904.5 sec
Step =   3847: nodes = 13010, dt = 5.907508e-12, time = 1.370601e-08, elapsed = 2905.1 sec
Step =   3848: nodes = 13007, dt = 7.089009e-12, time = 1.371309e-08, elapsed = 2905.9 sec
Step =   3849: nodes = 13009, dt = 4.253406e-12, time = 1.371735e-08, elapsed = 2906.7 sec
Step =   3850: nodes = 13008, dt = 4.253406e-12, time = 1.372160e-08, elapsed = 2907.3 sec
Step =   3851: nodes = 13004, dt = 5.104087e-12, time = 1.372671e-08, elapsed = 2908.0 sec
Step =   3852: nodes = 13016, dt = 6.124904e-12, time = 1.373283e-08, elapsed = 2908.7 sec
Step =   3853: nodes = 13017, dt = 7.349885e-12, time = 1.374018e-08, elapsed = 2909.4 sec
Step =   3854: nodes = 13015, dt = 4.409931e-12, time = 1.374459e-08, elapsed = 2910.2 sec
Step =   3855: nodes = 13011, dt = 4.409931e-12, time = 1.374900e-08, elapsed = 2910.8 sec
Step =   3856: nodes = 13012, dt = 5.291917e-12, time = 1.375429e-08, elapsed = 2911.5 sec
Step =   3857: nodes = 13013, dt = 6.350300e-12, time = 1.376064e-08, elapsed = 2912.3 sec
Step =   3858: nodes = 13017, dt = 3.810180e-12, time = 1.376445e-08, elapsed = 2913.1 sec
Step =   3859: nodes = 13012, dt = 3.810180e-12, time = 1.376826e-08, elapsed = 2913.8 sec
Step =   3860: nodes = 13012, dt = 4.572216e-12, time = 1.377284e-08, elapsed = 2914.4 sec
Step =   3861: nodes = 13010, dt = 5.486660e-12, time = 1.377832e-08, elapsed = 2915.3 sec
Step =   3862: nodes = 13011, dt = 6.583991e-12, time = 1.378491e-08, elapsed = 2916.1 sec
Step =   3863: nodes = 13010, dt = 3.950395e-12, time = 1.378886e-08, elapsed = 2916.9 sec
Step =   3864: nodes = 13009, dt = 3.950395e-12, time = 1.379281e-08, elapsed = 2917.5 sec
Step =   3865: nodes = 13009, dt = 4.740474e-12, time = 1.379755e-08, elapsed = 2918.1 sec
Step =   3866: nodes = 13014, dt = 5.688569e-12, time = 1.380324e-08, elapsed = 2918.8 sec
Step =   3867: nodes = 13007, dt = 6.826282e-12, time = 1.381006e-08, elapsed = 2919.5 sec
Step =   3868: nodes = 13014, dt = 4.095769e-12, time = 1.381416e-08, elapsed = 2920.4 sec
Step =   3869: nodes = 13009, dt = 4.095769e-12, time = 1.381825e-08, elapsed = 2921.0 sec
Step =   3870: nodes = 13016, dt = 4.914923e-12, time = 1.382317e-08, elapsed = 2921.7 sec
Step =   3871: nodes = 13014, dt = 5.897908e-12, time = 1.382907e-08, elapsed = 2922.4 sec
Step =   3872: nodes = 13009, dt = 3.538745e-12, time = 1.383261e-08, elapsed = 2923.2 sec
Step =   3873: nodes = 13008, dt = 3.538745e-12, time = 1.383614e-08, elapsed = 2923.8 sec
Step =   3874: nodes = 13009, dt = 4.246494e-12, time = 1.384039e-08, elapsed = 2924.5 sec
Step =   3875: nodes = 13006, dt = 5.095792e-12, time = 1.384549e-08, elapsed = 2925.1 sec
Step =   3876: nodes = 13005, dt = 3.057475e-12, time = 1.384854e-08, elapsed = 2925.9 sec
Step =   3877: nodes = 12999, dt = 3.057475e-12, time = 1.385160e-08, elapsed = 2926.6 sec
Step =   3878: nodes = 12995, dt = 3.668971e-12, time = 1.385527e-08, elapsed = 2927.2 sec
Step =   3879: nodes = 12994, dt = 4.402765e-12, time = 1.385967e-08, elapsed = 2927.9 sec
Step =   3880: nodes = 12994, dt = 5.283318e-12, time = 1.386496e-08, elapsed = 2928.5 sec
Step =   3881: nodes = 12991, dt = 6.339981e-12, time = 1.387130e-08, elapsed = 2929.2 sec
Step =   3882: nodes = 12992, dt = 3.803989e-12, time = 1.387510e-08, elapsed = 2930.0 sec
Step =   3883: nodes = 12990, dt = 3.803989e-12, time = 1.387890e-08, elapsed = 2930.6 sec
Step =   3884: nodes = 12989, dt = 4.564786e-12, time = 1.388347e-08, elapsed = 2931.2 sec
Step =   3885: nodes = 12991, dt = 5.477744e-12, time = 1.388895e-08, elapsed = 2931.9 sec
Step =   3886: nodes = 12986, dt = 3.286646e-12, time = 1.389223e-08, elapsed = 2932.7 sec
Step =   3887: nodes = 12983, dt = 3.286646e-12, time = 1.389552e-08, elapsed = 2933.3 sec
Step =   3888: nodes = 12992, dt = 3.943975e-12, time = 1.389946e-08, elapsed = 2933.9 sec
Step =   3889: nodes = 12988, dt = 4.732771e-12, time = 1.390420e-08, elapsed = 2934.6 sec
Step =   3890: nodes = 12988, dt = 5.679325e-12, time = 1.390988e-08, elapsed = 2935.2 sec
Step =   3891: nodes = 12986, dt = 6.815190e-12, time = 1.391669e-08, elapsed = 2935.9 sec
Step =   3892: nodes = 12983, dt = 4.089114e-12, time = 1.392078e-08, elapsed = 2936.8 sec
Step =   3893: nodes = 12983, dt = 4.089114e-12, time = 1.392487e-08, elapsed = 2937.4 sec
Step =   3894: nodes = 12986, dt = 4.906937e-12, time = 1.392978e-08, elapsed = 2938.1 sec
Step =   3895: nodes = 12987, dt = 5.888324e-12, time = 1.393566e-08, elapsed = 2938.9 sec
Step =   3896: nodes = 12983, dt = 3.532994e-12, time = 1.393920e-08, elapsed = 2939.7 sec
Step =   3897: nodes = 12987, dt = 3.532994e-12, time = 1.394273e-08, elapsed = 2940.3 sec
Step =   3898: nodes = 12983, dt = 4.239593e-12, time = 1.394697e-08, elapsed = 2940.9 sec
Step =   3899: nodes = 12987, dt = 5.087512e-12, time = 1.395206e-08, elapsed = 2941.5 sec
Step =   3900: nodes = 12991, dt = 3.052507e-12, time = 1.395511e-08, elapsed = 2942.3 sec
Writing configuration in legacy data format
 Output file: /data/home/dg000246b/openDIS/inital_dislocation_structures/output_caseC_0.18%_seed12345/relax2/config.3900.data
Writing restart file
 Restart file: /data/home/dg000246b/openDIS/inital_dislocation_structures/output_caseC_0.18%_seed12345/relax2/restart.3900.exadis
Step =   3901: nodes = 12989, dt = 3.052507e-12, time = 1.395816e-08, elapsed = 2943.1 sec
Step =   3902: nodes = 12991, dt = 3.663008e-12, time = 1.396183e-08, elapsed = 2943.7 sec
Step =   3903: nodes = 12992, dt = 4.395610e-12, time = 1.396622e-08, elapsed = 2944.3 sec
Step =   3904: nodes = 12994, dt = 5.274732e-12, time = 1.397150e-08, elapsed = 2944.9 sec
Step =   3905: nodes = 12990, dt = 3.164839e-12, time = 1.397466e-08, elapsed = 2945.9 sec
Step =   3906: nodes = 12994, dt = 3.164839e-12, time = 1.397783e-08, elapsed = 2946.5 sec
Step =   3907: nodes = 12991, dt = 3.797807e-12, time = 1.398162e-08, elapsed = 2947.1 sec
Step =   3908: nodes = 12989, dt = 4.557369e-12, time = 1.398618e-08, elapsed = 2947.7 sec
Step =   3909: nodes = 12991, dt = 5.468842e-12, time = 1.399165e-08, elapsed = 2948.4 sec
Step =   3910: nodes = 12992, dt = 6.562611e-12, time = 1.399821e-08, elapsed = 2949.1 sec
Step =   3911: nodes = 12995, dt = 3.937567e-12, time = 1.400215e-08, elapsed = 2949.9 sec
Step =   3912: nodes = 12987, dt = 3.937567e-12, time = 1.400609e-08, elapsed = 2950.5 sec
Step =   3913: nodes = 12990, dt = 4.725080e-12, time = 1.401081e-08, elapsed = 2951.1 sec
Step =   3914: nodes = 12994, dt = 5.670096e-12, time = 1.401648e-08, elapsed = 2951.8 sec
Step =   3915: nodes = 12991, dt = 3.402057e-12, time = 1.401988e-08, elapsed = 2952.6 sec
Step =   3916: nodes = 12994, dt = 3.402057e-12, time = 1.402329e-08, elapsed = 2953.2 sec
Step =   3917: nodes = 12993, dt = 4.082469e-12, time = 1.402737e-08, elapsed = 2953.8 sec
Step =   3918: nodes = 12992, dt = 4.898963e-12, time = 1.403227e-08, elapsed = 2954.4 sec
Step =   3919: nodes = 12994, dt = 2.939378e-12, time = 1.403521e-08, elapsed = 2955.2 sec
Step =   3920: nodes = 12987, dt = 2.939378e-12, time = 1.403815e-08, elapsed = 2955.8 sec
Step =   3921: nodes = 12986, dt = 8.818133e-13, time = 1.403903e-08, elapsed = 2956.8 sec
Step =   3922: nodes = 12984, dt = 8.818133e-13, time = 1.403991e-08, elapsed = 2957.3 sec
Step =   3923: nodes = 12982, dt = 1.058176e-12, time = 1.404097e-08, elapsed = 2957.9 sec
Step =   3924: nodes = 12983, dt = 1.269811e-12, time = 1.404224e-08, elapsed = 2958.4 sec
Step =   3925: nodes = 12986, dt = 1.523773e-12, time = 1.404376e-08, elapsed = 2958.9 sec
Step =   3926: nodes = 12980, dt = 1.828528e-12, time = 1.404559e-08, elapsed = 2959.5 sec
Step =   3927: nodes = 12982, dt = 2.194234e-12, time = 1.404779e-08, elapsed = 2960.0 sec
Step =   3928: nodes = 12976, dt = 2.633080e-12, time = 1.405042e-08, elapsed = 2960.6 sec
Step =   3929: nodes = 12976, dt = 3.159696e-12, time = 1.405358e-08, elapsed = 2961.1 sec
Step =   3930: nodes = 12974, dt = 3.791636e-12, time = 1.405737e-08, elapsed = 2961.7 sec
Step =   3931: nodes = 12968, dt = 4.549963e-12, time = 1.406192e-08, elapsed = 2962.3 sec
Step =   3932: nodes = 12968, dt = 5.459955e-12, time = 1.406738e-08, elapsed = 2962.9 sec
Step =   3933: nodes = 12964, dt = 6.551947e-12, time = 1.407393e-08, elapsed = 2963.6 sec
Step =   3934: nodes = 12963, dt = 3.931168e-12, time = 1.407786e-08, elapsed = 2964.4 sec
Step =   3935: nodes = 12961, dt = 3.931168e-12, time = 1.408179e-08, elapsed = 2965.0 sec
Step =   3936: nodes = 12960, dt = 2.358701e-12, time = 1.408415e-08, elapsed = 2965.7 sec
Step =   3937: nodes = 12959, dt = 2.358701e-12, time = 1.408651e-08, elapsed = 2966.3 sec
Step =   3938: nodes = 12958, dt = 2.830441e-12, time = 1.408934e-08, elapsed = 2966.9 sec
Step =   3939: nodes = 12953, dt = 3.396529e-12, time = 1.409274e-08, elapsed = 2967.5 sec
Step =   3940: nodes = 12959, dt = 4.075835e-12, time = 1.409681e-08, elapsed = 2968.1 sec
Step =   3941: nodes = 12955, dt = 4.891002e-12, time = 1.410171e-08, elapsed = 2968.7 sec
Step =   3942: nodes = 12955, dt = 2.934601e-12, time = 1.410464e-08, elapsed = 2969.5 sec
Step =   3943: nodes = 12950, dt = 2.934601e-12, time = 1.410757e-08, elapsed = 2970.1 sec
Step =   3944: nodes = 12956, dt = 3.521521e-12, time = 1.411110e-08, elapsed = 2970.6 sec
Step =   3945: nodes = 12959, dt = 4.225826e-12, time = 1.411532e-08, elapsed = 2971.2 sec
Step =   3946: nodes = 12964, dt = 5.070991e-12, time = 1.412039e-08, elapsed = 2971.8 sec
Step =   3947: nodes = 12962, dt = 3.042594e-12, time = 1.412344e-08, elapsed = 2972.6 sec
Step =   3948: nodes = 12964, dt = 3.042594e-12, time = 1.412648e-08, elapsed = 2973.2 sec
Step =   3949: nodes = 12962, dt = 3.651113e-12, time = 1.413013e-08, elapsed = 2973.7 sec
Step =   3950: nodes = 12965, dt = 2.190668e-12, time = 1.413232e-08, elapsed = 2974.5 sec
Step =   3951: nodes = 12961, dt = 2.190668e-12, time = 1.413451e-08, elapsed = 2975.1 sec
Step =   3952: nodes = 12963, dt = 2.628802e-12, time = 1.413714e-08, elapsed = 2976.0 sec
Step =   3953: nodes = 12957, dt = 3.154562e-12, time = 1.414029e-08, elapsed = 2976.6 sec
Step =   3954: nodes = 12960, dt = 3.785474e-12, time = 1.414408e-08, elapsed = 2977.2 sec
Step =   3955: nodes = 12958, dt = 4.542569e-12, time = 1.414862e-08, elapsed = 2977.9 sec
Step =   3956: nodes = 12959, dt = 5.451083e-12, time = 1.415407e-08, elapsed = 2978.5 sec
Step =   3957: nodes = 12955, dt = 6.541300e-12, time = 1.416061e-08, elapsed = 2979.2 sec
Step =   3958: nodes = 12953, dt = 3.924780e-12, time = 1.416454e-08, elapsed = 2980.0 sec
Step =   3959: nodes = 12961, dt = 3.924780e-12, time = 1.416846e-08, elapsed = 2980.5 sec
Step =   3960: nodes = 12961, dt = 4.709736e-12, time = 1.417317e-08, elapsed = 2981.2 sec
Step =   3961: nodes = 12958, dt = 5.651683e-12, time = 1.417883e-08, elapsed = 2981.8 sec
Step =   3962: nodes = 12958, dt = 6.782019e-12, time = 1.418561e-08, elapsed = 2982.5 sec
Step =   3963: nodes = 12963, dt = 4.069212e-12, time = 1.418968e-08, elapsed = 2983.3 sec
Step =   3964: nodes = 12961, dt = 4.069212e-12, time = 1.419375e-08, elapsed = 2983.9 sec
Step =   3965: nodes = 12959, dt = 4.883054e-12, time = 1.419863e-08, elapsed = 2984.6 sec
Step =   3966: nodes = 12959, dt = 5.859665e-12, time = 1.420449e-08, elapsed = 2985.2 sec
Step =   3967: nodes = 12957, dt = 7.031598e-12, time = 1.421152e-08, elapsed = 2985.9 sec
Step =   3968: nodes = 12958, dt = 4.218959e-12, time = 1.421574e-08, elapsed = 2986.7 sec
Step =   3969: nodes = 12956, dt = 4.218959e-12, time = 1.421996e-08, elapsed = 2987.3 sec
Step =   3970: nodes = 12954, dt = 5.062750e-12, time = 1.422502e-08, elapsed = 2988.0 sec
Step =   3971: nodes = 12956, dt = 6.075301e-12, time = 1.423110e-08, elapsed = 2988.6 sec
Step =   3972: nodes = 12951, dt = 7.290361e-12, time = 1.423839e-08, elapsed = 2989.4 sec
Step =   3973: nodes = 12949, dt = 4.374216e-12, time = 1.424276e-08, elapsed = 2990.2 sec
Step =   3974: nodes = 12945, dt = 4.374216e-12, time = 1.424713e-08, elapsed = 2990.8 sec
Step =   3975: nodes = 12951, dt = 5.249060e-12, time = 1.425238e-08, elapsed = 2991.5 sec
Step =   3976: nodes = 12947, dt = 6.298872e-12, time = 1.425868e-08, elapsed = 2992.1 sec
Step =   3977: nodes = 12949, dt = 7.558646e-12, time = 1.426624e-08, elapsed = 2992.9 sec
Step =   3978: nodes = 12950, dt = 4.535188e-12, time = 1.427078e-08, elapsed = 2993.7 sec
Step =   3979: nodes = 12948, dt = 4.535188e-12, time = 1.427531e-08, elapsed = 2994.3 sec
Step =   3980: nodes = 12952, dt = 5.442225e-12, time = 1.428075e-08, elapsed = 2994.9 sec
Step =   3981: nodes = 12952, dt = 6.530670e-12, time = 1.428728e-08, elapsed = 2995.6 sec
Step =   3982: nodes = 12951, dt = 3.918402e-12, time = 1.429120e-08, elapsed = 2996.4 sec
Step =   3983: nodes = 12948, dt = 3.918402e-12, time = 1.429512e-08, elapsed = 2997.0 sec
Step =   3984: nodes = 12944, dt = 4.702082e-12, time = 1.429982e-08, elapsed = 2997.6 sec
Step =   3985: nodes = 12947, dt = 5.642499e-12, time = 1.430547e-08, elapsed = 2998.3 sec
Step =   3986: nodes = 12944, dt = 6.770999e-12, time = 1.431224e-08, elapsed = 2999.0 sec
Step =   3987: nodes = 12944, dt = 4.062599e-12, time = 1.431630e-08, elapsed = 2999.8 sec
Step =   3988: nodes = 12945, dt = 4.062599e-12, time = 1.432036e-08, elapsed = 3000.4 sec
Step =   3989: nodes = 12946, dt = 4.875119e-12, time = 1.432524e-08, elapsed = 3001.0 sec
Step =   3990: nodes = 12937, dt = 5.850143e-12, time = 1.433109e-08, elapsed = 3001.7 sec
Step =   3991: nodes = 12945, dt = 3.510086e-12, time = 1.433460e-08, elapsed = 3002.5 sec
Step =   3992: nodes = 12939, dt = 3.510086e-12, time = 1.433811e-08, elapsed = 3003.1 sec
Step =   3993: nodes = 12946, dt = 4.212103e-12, time = 1.434232e-08, elapsed = 3003.7 sec
Step =   3994: nodes = 12939, dt = 5.054523e-12, time = 1.434737e-08, elapsed = 3004.3 sec
Step =   3995: nodes = 12938, dt = 6.065428e-12, time = 1.435344e-08, elapsed = 3005.0 sec
Step =   3996: nodes = 12940, dt = 3.639257e-12, time = 1.435708e-08, elapsed = 3006.1 sec
Step =   3997: nodes = 12940, dt = 1.819628e-12, time = 1.435890e-08, elapsed = 3006.8 sec
Step =   3998: nodes = 12932, dt = 1.819628e-12, time = 1.436072e-08, elapsed = 3007.3 sec
Step =   3999: nodes = 12933, dt = 2.183554e-12, time = 1.436290e-08, elapsed = 3007.9 sec
Step =   4000: nodes = 12935, dt = 2.620265e-12, time = 1.436552e-08, elapsed = 3008.4 sec
Writing configuration in legacy data format
 Output file: /data/home/dg000246b/openDIS/inital_dislocation_structures/output_caseC_0.18%_seed12345/relax2/config.4000.data
Writing restart file
 Restart file: /data/home/dg000246b/openDIS/inital_dislocation_structures/output_caseC_0.18%_seed12345/relax2/restart.4000.exadis
Step =   4001: nodes = 12932, dt = 3.144318e-12, time = 1.436867e-08, elapsed = 3009.2 sec
Step =   4002: nodes = 12936, dt = 3.773182e-12, time = 1.437244e-08, elapsed = 3009.7 sec
Step =   4003: nodes = 12932, dt = 4.527818e-12, time = 1.437697e-08, elapsed = 3010.3 sec
Step =   4004: nodes = 12931, dt = 5.433381e-12, time = 1.438240e-08, elapsed = 3010.9 sec
Step =   4005: nodes = 12937, dt = 6.520058e-12, time = 1.438892e-08, elapsed = 3011.6 sec
Step =   4006: nodes = 12934, dt = 7.824069e-12, time = 1.439674e-08, elapsed = 3012.3 sec
Step =   4007: nodes = 12933, dt = 9.388883e-12, time = 1.440613e-08, elapsed = 3013.0 sec
Step =   4008: nodes = 12932, dt = 5.633330e-12, time = 1.441177e-08, elapsed = 3013.9 sec
Step =   4009: nodes = 12934, dt = 2.816665e-12, time = 1.441458e-08, elapsed = 3014.7 sec
Step =   4010: nodes = 12931, dt = 2.816665e-12, time = 1.441740e-08, elapsed = 3015.2 sec
Step =   4011: nodes = 12931, dt = 3.379998e-12, time = 1.442078e-08, elapsed = 3015.8 sec
Step =   4012: nodes = 12931, dt = 4.055997e-12, time = 1.442484e-08, elapsed = 3016.3 sec
Step =   4013: nodes = 12932, dt = 4.867197e-12, time = 1.442970e-08, elapsed = 3016.9 sec
Step =   4014: nodes = 12934, dt = 2.920318e-12, time = 1.443262e-08, elapsed = 3017.7 sec
Step =   4015: nodes = 12929, dt = 2.920318e-12, time = 1.443554e-08, elapsed = 3018.3 sec
Step =   4016: nodes = 12930, dt = 3.504382e-12, time = 1.443905e-08, elapsed = 3018.8 sec
Step =   4017: nodes = 12934, dt = 4.205258e-12, time = 1.444325e-08, elapsed = 3019.5 sec
Step =   4018: nodes = 12930, dt = 5.046310e-12, time = 1.444830e-08, elapsed = 3020.1 sec
Step =   4019: nodes = 12934, dt = 3.027786e-12, time = 1.445133e-08, elapsed = 3020.8 sec
Step =   4020: nodes = 12933, dt = 3.027786e-12, time = 1.445436e-08, elapsed = 3021.4 sec
Step =   4021: nodes = 12934, dt = 3.633343e-12, time = 1.445799e-08, elapsed = 3022.0 sec
Step =   4022: nodes = 12937, dt = 4.360012e-12, time = 1.446235e-08, elapsed = 3022.7 sec
Step =   4023: nodes = 12939, dt = 2.616007e-12, time = 1.446496e-08, elapsed = 3023.5 sec
Step =   4024: nodes = 12944, dt = 2.616007e-12, time = 1.446758e-08, elapsed = 3024.0 sec
Step =   4025: nodes = 12939, dt = 3.139208e-12, time = 1.447072e-08, elapsed = 3024.6 sec
Step =   4026: nodes = 12944, dt = 3.767050e-12, time = 1.447449e-08, elapsed = 3025.2 sec
Step =   4027: nodes = 12945, dt = 4.520460e-12, time = 1.447901e-08, elapsed = 3025.8 sec
Step =   4028: nodes = 12947, dt = 2.712276e-12, time = 1.448172e-08, elapsed = 3026.6 sec
Step =   4029: nodes = 12944, dt = 2.712276e-12, time = 1.448443e-08, elapsed = 3027.2 sec
Step =   4030: nodes = 12940, dt = 3.254731e-12, time = 1.448769e-08, elapsed = 3027.8 sec
Step =   4031: nodes = 12944, dt = 3.905678e-12, time = 1.449159e-08, elapsed = 3028.4 sec
Step =   4032: nodes = 12941, dt = 4.686813e-12, time = 1.449628e-08, elapsed = 3029.1 sec
Step =   4033: nodes = 12939, dt = 5.624176e-12, time = 1.450190e-08, elapsed = 3029.7 sec
Step =   4034: nodes = 12942, dt = 6.749011e-12, time = 1.450865e-08, elapsed = 3030.4 sec
Step =   4035: nodes = 12939, dt = 4.049406e-12, time = 1.451270e-08, elapsed = 3031.2 sec
Step =   4036: nodes = 12941, dt = 4.049406e-12, time = 1.451675e-08, elapsed = 3031.7 sec
Step =   4037: nodes = 12938, dt = 4.859288e-12, time = 1.452161e-08, elapsed = 3032.4 sec
Step =   4038: nodes = 12941, dt = 2.915573e-12, time = 1.452453e-08, elapsed = 3033.2 sec
Step =   4039: nodes = 12938, dt = 1.457786e-12, time = 1.452598e-08, elapsed = 3034.0 sec
Step =   4040: nodes = 12939, dt = 1.457786e-12, time = 1.452744e-08, elapsed = 3034.6 sec
Step =   4041: nodes = 12937, dt = 1.749344e-12, time = 1.452919e-08, elapsed = 3035.5 sec
Step =   4042: nodes = 12936, dt = 2.099212e-12, time = 1.453129e-08, elapsed = 3036.2 sec
Step =   4043: nodes = 12942, dt = 2.519055e-12, time = 1.453381e-08, elapsed = 3036.8 sec
Step =   4044: nodes = 12940, dt = 3.022866e-12, time = 1.453683e-08, elapsed = 3037.4 sec
Step =   4045: nodes = 12935, dt = 3.627439e-12, time = 1.454046e-08, elapsed = 3037.9 sec
Step =   4046: nodes = 12943, dt = 4.352927e-12, time = 1.454481e-08, elapsed = 3038.7 sec
Step =   4047: nodes = 12940, dt = 2.611756e-12, time = 1.454742e-08, elapsed = 3039.5 sec
Step =   4048: nodes = 12935, dt = 2.611756e-12, time = 1.455004e-08, elapsed = 3040.1 sec
Step =   4049: nodes = 12940, dt = 3.134107e-12, time = 1.455317e-08, elapsed = 3040.6 sec
Step =   4050: nodes = 12939, dt = 3.760929e-12, time = 1.455693e-08, elapsed = 3041.3 sec
Step =   4051: nodes = 12937, dt = 4.513114e-12, time = 1.456144e-08, elapsed = 3041.9 sec
Step =   4052: nodes = 12936, dt = 2.707869e-12, time = 1.456415e-08, elapsed = 3042.7 sec
Step =   4053: nodes = 12933, dt = 2.707869e-12, time = 1.456686e-08, elapsed = 3043.3 sec
Step =   4054: nodes = 12934, dt = 3.249442e-12, time = 1.457011e-08, elapsed = 3043.9 sec
Step =   4055: nodes = 12938, dt = 3.899331e-12, time = 1.457401e-08, elapsed = 3044.5 sec
Step =   4056: nodes = 12937, dt = 4.679197e-12, time = 1.457869e-08, elapsed = 3045.1 sec
Step =   4057: nodes = 12937, dt = 5.615036e-12, time = 1.458430e-08, elapsed = 3045.8 sec
Step =   4058: nodes = 12940, dt = 3.369022e-12, time = 1.458767e-08, elapsed = 3046.6 sec
Step =   4059: nodes = 12939, dt = 3.369022e-12, time = 1.459104e-08, elapsed = 3047.3 sec
Step =   4060: nodes = 12939, dt = 4.042826e-12, time = 1.459508e-08, elapsed = 3047.9 sec
Step =   4061: nodes = 12937, dt = 4.851391e-12, time = 1.459994e-08, elapsed = 3048.5 sec
Step =   4062: nodes = 12941, dt = 2.910835e-12, time = 1.460285e-08, elapsed = 3049.2 sec
Step =   4063: nodes = 12937, dt = 2.910835e-12, time = 1.460576e-08, elapsed = 3049.8 sec
Step =   4064: nodes = 12942, dt = 3.493002e-12, time = 1.460925e-08, elapsed = 3050.4 sec
Step =   4065: nodes = 12940, dt = 4.191602e-12, time = 1.461344e-08, elapsed = 3050.9 sec
Step =   4066: nodes = 12943, dt = 5.029923e-12, time = 1.461847e-08, elapsed = 3051.6 sec
Step =   4067: nodes = 12942, dt = 6.035907e-12, time = 1.462451e-08, elapsed = 3052.3 sec
Step =   4068: nodes = 12940, dt = 3.621544e-12, time = 1.462813e-08, elapsed = 3053.1 sec
Step =   4069: nodes = 12941, dt = 3.621544e-12, time = 1.463175e-08, elapsed = 3053.7 sec
Step =   4070: nodes = 12942, dt = 4.345853e-12, time = 1.463610e-08, elapsed = 3054.2 sec
Step =   4071: nodes = 12932, dt = 5.215024e-12, time = 1.464131e-08, elapsed = 3054.8 sec
Step =   4072: nodes = 12938, dt = 3.129014e-12, time = 1.464444e-08, elapsed = 3055.6 sec
Step =   4073: nodes = 12933, dt = 3.129014e-12, time = 1.464757e-08, elapsed = 3056.2 sec
Step =   4074: nodes = 12936, dt = 3.754817e-12, time = 1.465132e-08, elapsed = 3056.8 sec
Step =   4075: nodes = 12938, dt = 4.505781e-12, time = 1.465583e-08, elapsed = 3057.4 sec
Step =   4076: nodes = 12930, dt = 5.406937e-12, time = 1.466124e-08, elapsed = 3057.9 sec
Step =   4077: nodes = 12930, dt = 3.244162e-12, time = 1.466448e-08, elapsed = 3058.7 sec
Step =   4078: nodes = 12930, dt = 3.244162e-12, time = 1.466773e-08, elapsed = 3059.3 sec
Step =   4079: nodes = 12932, dt = 3.892994e-12, time = 1.467162e-08, elapsed = 3059.8 sec
Step =   4080: nodes = 12930, dt = 4.671593e-12, time = 1.467629e-08, elapsed = 3060.4 sec
Step =   4081: nodes = 12937, dt = 5.605912e-12, time = 1.468190e-08, elapsed = 3061.0 sec
Step =   4082: nodes = 12934, dt = 3.363547e-12, time = 1.468526e-08, elapsed = 3061.8 sec
Step =   4083: nodes = 12933, dt = 3.363547e-12, time = 1.468862e-08, elapsed = 3062.4 sec
Step =   4084: nodes = 12939, dt = 4.036257e-12, time = 1.469266e-08, elapsed = 3062.9 sec
Step =   4085: nodes = 12940, dt = 4.843508e-12, time = 1.469750e-08, elapsed = 3063.6 sec
Step =   4086: nodes = 12941, dt = 5.812209e-12, time = 1.470331e-08, elapsed = 3064.2 sec
Step =   4087: nodes = 12940, dt = 3.487326e-12, time = 1.470680e-08, elapsed = 3065.0 sec
Step =   4088: nodes = 12937, dt = 3.487326e-12, time = 1.471029e-08, elapsed = 3065.8 sec
Step =   4089: nodes = 12940, dt = 4.184791e-12, time = 1.471447e-08, elapsed = 3066.5 sec
Step =   4090: nodes = 12940, dt = 5.021749e-12, time = 1.471950e-08, elapsed = 3067.1 sec
Step =   4091: nodes = 12935, dt = 6.026099e-12, time = 1.472552e-08, elapsed = 3067.7 sec
Step =   4092: nodes = 12935, dt = 3.615659e-12, time = 1.472914e-08, elapsed = 3068.5 sec
Step =   4093: nodes = 12931, dt = 3.615659e-12, time = 1.473275e-08, elapsed = 3069.1 sec
Step =   4094: nodes = 12935, dt = 4.338791e-12, time = 1.473709e-08, elapsed = 3069.7 sec
Step =   4095: nodes = 12936, dt = 5.206549e-12, time = 1.474230e-08, elapsed = 3070.3 sec
Step =   4096: nodes = 12940, dt = 3.123930e-12, time = 1.474542e-08, elapsed = 3071.1 sec
Step =   4097: nodes = 12940, dt = 3.123930e-12, time = 1.474855e-08, elapsed = 3071.7 sec
Step =   4098: nodes = 12936, dt = 3.748716e-12, time = 1.475230e-08, elapsed = 3072.3 sec
Step =   4099: nodes = 12938, dt = 4.498459e-12, time = 1.475679e-08, elapsed = 3072.9 sec
Step =   4100: nodes = 12935, dt = 5.398150e-12, time = 1.476219e-08, elapsed = 3073.5 sec
Writing configuration in legacy data format
 Output file: /data/home/dg000246b/openDIS/inital_dislocation_structures/output_caseC_0.18%_seed12345/relax2/config.4100.data
Writing restart file
 Restart file: /data/home/dg000246b/openDIS/inital_dislocation_structures/output_caseC_0.18%_seed12345/relax2/restart.4100.exadis
Step =   4101: nodes = 12937, dt = 6.477780e-12, time = 1.476867e-08, elapsed = 3074.4 sec
Step =   4102: nodes = 12938, dt = 3.886668e-12, time = 1.477256e-08, elapsed = 3075.3 sec
Step =   4103: nodes = 12939, dt = 3.886668e-12, time = 1.477644e-08, elapsed = 3075.8 sec
Step =   4104: nodes = 12938, dt = 4.664002e-12, time = 1.478111e-08, elapsed = 3076.4 sec
Step =   4105: nodes = 12941, dt = 5.596802e-12, time = 1.478670e-08, elapsed = 3077.1 sec
Step =   4106: nodes = 12935, dt = 6.716163e-12, time = 1.479342e-08, elapsed = 3077.7 sec
Step =   4107: nodes = 12933, dt = 4.029698e-12, time = 1.479745e-08, elapsed = 3078.6 sec
Step =   4108: nodes = 12934, dt = 4.029698e-12, time = 1.480148e-08, elapsed = 3079.2 sec
Step =   4109: nodes = 12934, dt = 4.835637e-12, time = 1.480632e-08, elapsed = 3079.8 sec
Step =   4110: nodes = 12933, dt = 5.802765e-12, time = 1.481212e-08, elapsed = 3080.4 sec
Step =   4111: nodes = 12933, dt = 3.481659e-12, time = 1.481560e-08, elapsed = 3081.2 sec
Step =   4112: nodes = 12933, dt = 3.481659e-12, time = 1.481908e-08, elapsed = 3081.9 sec
Step =   4113: nodes = 12927, dt = 4.177991e-12, time = 1.482326e-08, elapsed = 3082.5 sec
Step =   4114: nodes = 12926, dt = 2.506794e-12, time = 1.482577e-08, elapsed = 3083.3 sec
Step =   4115: nodes = 12926, dt = 2.506794e-12, time = 1.482827e-08, elapsed = 3083.8 sec
Step =   4116: nodes = 12925, dt = 3.008153e-12, time = 1.483128e-08, elapsed = 3084.4 sec
Step =   4117: nodes = 12916, dt = 3.609784e-12, time = 1.483489e-08, elapsed = 3085.0 sec
Step =   4118: nodes = 12920, dt = 2.165870e-12, time = 1.483706e-08, elapsed = 3085.8 sec
Step =   4119: nodes = 12921, dt = 2.165870e-12, time = 1.483922e-08, elapsed = 3086.4 sec
Step =   4120: nodes = 12921, dt = 1.299522e-12, time = 1.484052e-08, elapsed = 3087.1 sec
Step =   4121: nodes = 12919, dt = 1.299522e-12, time = 1.484182e-08, elapsed = 3087.7 sec
Step =   4122: nodes = 12919, dt = 1.559427e-12, time = 1.484338e-08, elapsed = 3088.3 sec
Step =   4123: nodes = 12916, dt = 1.871312e-12, time = 1.484525e-08, elapsed = 3088.8 sec
Step =   4124: nodes = 12913, dt = 2.245574e-12, time = 1.484750e-08, elapsed = 3089.3 sec
Step =   4125: nodes = 12910, dt = 2.694689e-12, time = 1.485019e-08, elapsed = 3089.9 sec
Step =   4126: nodes = 12911, dt = 3.233627e-12, time = 1.485343e-08, elapsed = 3090.5 sec
Step =   4127: nodes = 12913, dt = 3.880352e-12, time = 1.485731e-08, elapsed = 3091.1 sec
Step =   4128: nodes = 12912, dt = 4.656423e-12, time = 1.486196e-08, elapsed = 3091.7 sec
Step =   4129: nodes = 12912, dt = 5.587708e-12, time = 1.486755e-08, elapsed = 3092.4 sec
Step =   4130: nodes = 12913, dt = 3.352625e-12, time = 1.487090e-08, elapsed = 3093.2 sec
Step =   4131: nodes = 12916, dt = 3.352625e-12, time = 1.487426e-08, elapsed = 3093.8 sec
Step =   4132: nodes = 12914, dt = 4.023149e-12, time = 1.487828e-08, elapsed = 3094.5 sec
Step =   4133: nodes = 12912, dt = 2.413890e-12, time = 1.488069e-08, elapsed = 3095.6 sec
Step =   4134: nodes = 12909, dt = 2.413890e-12, time = 1.488311e-08, elapsed = 3096.2 sec
Step =   4135: nodes = 12910, dt = 2.896668e-12, time = 1.488600e-08, elapsed = 3096.8 sec
Step =   4136: nodes = 12912, dt = 3.476001e-12, time = 1.488948e-08, elapsed = 3097.3 sec
Step =   4137: nodes = 12909, dt = 4.171201e-12, time = 1.489365e-08, elapsed = 3097.9 sec
Step =   4138: nodes = 12909, dt = 5.005442e-12, time = 1.489866e-08, elapsed = 3098.5 sec
Step =   4139: nodes = 12910, dt = 6.006530e-12, time = 1.490466e-08, elapsed = 3099.2 sec
Step =   4140: nodes = 12909, dt = 3.603918e-12, time = 1.490827e-08, elapsed = 3100.0 sec
Step =   4141: nodes = 12910, dt = 3.603918e-12, time = 1.491187e-08, elapsed = 3100.7 sec
Step =   4142: nodes = 12907, dt = 4.324702e-12, time = 1.491620e-08, elapsed = 3101.3 sec
Step =   4143: nodes = 12912, dt = 5.189642e-12, time = 1.492138e-08, elapsed = 3101.9 sec
Step =   4144: nodes = 12914, dt = 6.227570e-12, time = 1.492761e-08, elapsed = 3102.6 sec
Step =   4145: nodes = 12911, dt = 7.473084e-12, time = 1.493509e-08, elapsed = 3103.3 sec
Step =   4146: nodes = 12906, dt = 4.483851e-12, time = 1.493957e-08, elapsed = 3104.1 sec
Step =   4147: nodes = 12909, dt = 4.483851e-12, time = 1.494405e-08, elapsed = 3104.7 sec
Step =   4148: nodes = 12907, dt = 5.380621e-12, time = 1.494943e-08, elapsed = 3105.4 sec
Step =   4149: nodes = 12910, dt = 6.456745e-12, time = 1.495589e-08, elapsed = 3106.0 sec
Step =   4150: nodes = 12913, dt = 7.748094e-12, time = 1.496364e-08, elapsed = 3106.7 sec
Step =   4151: nodes = 12910, dt = 4.648856e-12, time = 1.496829e-08, elapsed = 3107.5 sec
Step =   4152: nodes = 12905, dt = 4.648856e-12, time = 1.497294e-08, elapsed = 3108.1 sec
Step =   4153: nodes = 12903, dt = 5.578627e-12, time = 1.497851e-08, elapsed = 3108.8 sec
Step =   4154: nodes = 12900, dt = 3.347176e-12, time = 1.498186e-08, elapsed = 3109.5 sec
Step =   4155: nodes = 12897, dt = 3.347176e-12, time = 1.498521e-08, elapsed = 3110.1 sec
Step =   4156: nodes = 12900, dt = 4.016612e-12, time = 1.498923e-08, elapsed = 3110.7 sec
Step =   4157: nodes = 12898, dt = 4.819934e-12, time = 1.499405e-08, elapsed = 3111.3 sec
Step =   4158: nodes = 12895, dt = 5.783921e-12, time = 1.499983e-08, elapsed = 3111.9 sec
Step =   4159: nodes = 12894, dt = 6.940705e-12, time = 1.500677e-08, elapsed = 3112.6 sec
Step =   4160: nodes = 12895, dt = 4.164423e-12, time = 1.501093e-08, elapsed = 3113.4 sec
Step =   4161: nodes = 12899, dt = 4.164423e-12, time = 1.501510e-08, elapsed = 3114.0 sec
Step =   4162: nodes = 12902, dt = 2.498654e-12, time = 1.501760e-08, elapsed = 3114.8 sec
Step =   4163: nodes = 12899, dt = 2.498654e-12, time = 1.502010e-08, elapsed = 3115.3 sec
Step =   4164: nodes = 12900, dt = 2.998385e-12, time = 1.502309e-08, elapsed = 3115.9 sec
Step =   4165: nodes = 12899, dt = 3.598062e-12, time = 1.502669e-08, elapsed = 3116.5 sec
Step =   4166: nodes = 12899, dt = 4.317674e-12, time = 1.503101e-08, elapsed = 3117.1 sec
Step =   4167: nodes = 12901, dt = 2.590604e-12, time = 1.503360e-08, elapsed = 3117.9 sec
Step =   4168: nodes = 12895, dt = 1.295302e-12, time = 1.503490e-08, elapsed = 3118.6 sec
Step =   4169: nodes = 12899, dt = 1.295302e-12, time = 1.503619e-08, elapsed = 3119.1 sec
Step =   4170: nodes = 12894, dt = 1.554363e-12, time = 1.503775e-08, elapsed = 3119.7 sec
Step =   4171: nodes = 12892, dt = 1.865235e-12, time = 1.503961e-08, elapsed = 3120.2 sec
Step =   4172: nodes = 12897, dt = 2.238282e-12, time = 1.504185e-08, elapsed = 3120.8 sec
Step =   4173: nodes = 12899, dt = 2.685939e-12, time = 1.504454e-08, elapsed = 3121.3 sec
Step =   4174: nodes = 12899, dt = 3.223126e-12, time = 1.504776e-08, elapsed = 3121.9 sec
Step =   4175: nodes = 12901, dt = 3.867752e-12, time = 1.505163e-08, elapsed = 3122.5 sec
Step =   4176: nodes = 12900, dt = 4.641302e-12, time = 1.505627e-08, elapsed = 3123.1 sec
Step =   4177: nodes = 12895, dt = 5.569562e-12, time = 1.506184e-08, elapsed = 3123.7 sec
Step =   4178: nodes = 12898, dt = 3.341737e-12, time = 1.506518e-08, elapsed = 3124.4 sec
Step =   4179: nodes = 12901, dt = 3.341737e-12, time = 1.506852e-08, elapsed = 3125.1 sec
Step =   4180: nodes = 12898, dt = 4.010085e-12, time = 1.507253e-08, elapsed = 3125.9 sec
Step =   4181: nodes = 12903, dt = 4.812102e-12, time = 1.507734e-08, elapsed = 3126.6 sec
Step =   4182: nodes = 12904, dt = 2.887261e-12, time = 1.508023e-08, elapsed = 3127.3 sec
Step =   4183: nodes = 12905, dt = 2.887261e-12, time = 1.508312e-08, elapsed = 3127.9 sec
Step =   4184: nodes = 12899, dt = 3.464713e-12, time = 1.508658e-08, elapsed = 3128.5 sec
Step =   4185: nodes = 12905, dt = 4.157656e-12, time = 1.509074e-08, elapsed = 3129.1 sec
Step =   4186: nodes = 12902, dt = 4.989187e-12, time = 1.509573e-08, elapsed = 3129.8 sec
Step =   4187: nodes = 12901, dt = 2.993512e-12, time = 1.509872e-08, elapsed = 3130.5 sec
Step =   4188: nodes = 12902, dt = 2.993512e-12, time = 1.510172e-08, elapsed = 3131.1 sec
Step =   4189: nodes = 12900, dt = 3.592215e-12, time = 1.510531e-08, elapsed = 3131.7 sec
Step =   4190: nodes = 12902, dt = 4.310658e-12, time = 1.510962e-08, elapsed = 3132.3 sec
Step =   4191: nodes = 12902, dt = 5.172789e-12, time = 1.511479e-08, elapsed = 3132.9 sec
Step =   4192: nodes = 12904, dt = 3.103673e-12, time = 1.511790e-08, elapsed = 3133.8 sec
Step =   4193: nodes = 12903, dt = 3.103673e-12, time = 1.512100e-08, elapsed = 3134.3 sec
Step =   4194: nodes = 12904, dt = 3.724408e-12, time = 1.512472e-08, elapsed = 3134.9 sec
Step =   4195: nodes = 12903, dt = 4.469290e-12, time = 1.512919e-08, elapsed = 3135.5 sec
Step =   4196: nodes = 12904, dt = 5.363148e-12, time = 1.513456e-08, elapsed = 3136.1 sec
Step =   4197: nodes = 12903, dt = 6.435777e-12, time = 1.514099e-08, elapsed = 3136.8 sec
Step =   4198: nodes = 12897, dt = 7.722933e-12, time = 1.514871e-08, elapsed = 3137.4 sec
Step =   4199: nodes = 12893, dt = 9.267519e-12, time = 1.515798e-08, elapsed = 3138.1 sec
Step =   4200: nodes = 12892, dt = 1.112102e-11, time = 1.516910e-08, elapsed = 3138.9 sec
Writing configuration in legacy data format
 Output file: /data/home/dg000246b/openDIS/inital_dislocation_structures/output_caseC_0.18%_seed12345/relax2/config.4200.data
Writing restart file
 Restart file: /data/home/dg000246b/openDIS/inital_dislocation_structures/output_caseC_0.18%_seed12345/relax2/restart.4200.exadis
Step =   4201: nodes = 12891, dt = 6.672614e-12, time = 1.517578e-08, elapsed = 3139.9 sec
Step =   4202: nodes = 12891, dt = 6.672614e-12, time = 1.518245e-08, elapsed = 3140.6 sec
Step =   4203: nodes = 12898, dt = 8.007137e-12, time = 1.519046e-08, elapsed = 3141.3 sec
Step =   4204: nodes = 12890, dt = 9.608564e-12, time = 1.520006e-08, elapsed = 3142.1 sec
Step =   4205: nodes = 12896, dt = 5.765138e-12, time = 1.520583e-08, elapsed = 3142.9 sec
Step =   4206: nodes = 12900, dt = 5.765138e-12, time = 1.521159e-08, elapsed = 3143.6 sec
Step =   4207: nodes = 12896, dt = 6.918166e-12, time = 1.521851e-08, elapsed = 3144.3 sec
Step =   4208: nodes = 12903, dt = 8.301799e-12, time = 1.522681e-08, elapsed = 3145.0 sec
Step =   4209: nodes = 12903, dt = 4.981080e-12, time = 1.523180e-08, elapsed = 3145.8 sec
Step =   4210: nodes = 12902, dt = 4.981080e-12, time = 1.523678e-08, elapsed = 3146.4 sec
Step =   4211: nodes = 12900, dt = 5.977296e-12, time = 1.524275e-08, elapsed = 3147.0 sec
Step =   4212: nodes = 12902, dt = 7.172755e-12, time = 1.524993e-08, elapsed = 3147.7 sec
Step =   4213: nodes = 12895, dt = 8.607306e-12, time = 1.525853e-08, elapsed = 3148.5 sec
Step =   4214: nodes = 12894, dt = 5.164383e-12, time = 1.526370e-08, elapsed = 3149.3 sec
Step =   4215: nodes = 12894, dt = 5.164383e-12, time = 1.526886e-08, elapsed = 3149.9 sec
Step =   4216: nodes = 12892, dt = 3.098630e-12, time = 1.527196e-08, elapsed = 3150.7 sec
Step =   4217: nodes = 12889, dt = 3.098630e-12, time = 1.527506e-08, elapsed = 3151.3 sec
Step =   4218: nodes = 12884, dt = 3.718356e-12, time = 1.527878e-08, elapsed = 3152.0 sec
Step =   4219: nodes = 12884, dt = 4.462027e-12, time = 1.528324e-08, elapsed = 3152.6 sec
Step =   4220: nodes = 12887, dt = 5.354433e-12, time = 1.528859e-08, elapsed = 3153.2 sec
Step =   4221: nodes = 12882, dt = 3.212660e-12, time = 1.529181e-08, elapsed = 3154.0 sec
Step =   4222: nodes = 12877, dt = 3.212660e-12, time = 1.529502e-08, elapsed = 3154.5 sec
Step =   4223: nodes = 12878, dt = 3.855192e-12, time = 1.529888e-08, elapsed = 3155.2 sec
Step =   4224: nodes = 12883, dt = 4.626230e-12, time = 1.530350e-08, elapsed = 3156.2 sec
Step =   4225: nodes = 12883, dt = 5.551476e-12, time = 1.530905e-08, elapsed = 3156.7 sec
Step =   4226: nodes = 12881, dt = 3.330885e-12, time = 1.531238e-08, elapsed = 3157.5 sec
Step =   4227: nodes = 12878, dt = 3.330885e-12, time = 1.531571e-08, elapsed = 3158.1 sec
Step =   4228: nodes = 12879, dt = 3.997063e-12, time = 1.531971e-08, elapsed = 3158.7 sec
Step =   4229: nodes = 12877, dt = 4.796475e-12, time = 1.532451e-08, elapsed = 3159.3 sec
Step =   4230: nodes = 12877, dt = 5.755770e-12, time = 1.533026e-08, elapsed = 3159.9 sec
Step =   4231: nodes = 12881, dt = 3.453462e-12, time = 1.533372e-08, elapsed = 3160.7 sec
Step =   4232: nodes = 12875, dt = 3.453462e-12, time = 1.533717e-08, elapsed = 3161.3 sec
Step =   4233: nodes = 12876, dt = 4.144154e-12, time = 1.534132e-08, elapsed = 3161.9 sec
Step =   4234: nodes = 12876, dt = 4.972985e-12, time = 1.534629e-08, elapsed = 3162.5 sec
Step =   4235: nodes = 12878, dt = 5.967582e-12, time = 1.535226e-08, elapsed = 3163.2 sec
Step =   4236: nodes = 12874, dt = 3.580549e-12, time = 1.535584e-08, elapsed = 3164.0 sec
Step =   4237: nodes = 12874, dt = 3.580549e-12, time = 1.535942e-08, elapsed = 3164.6 sec
Step =   4238: nodes = 12872, dt = 4.296659e-12, time = 1.536371e-08, elapsed = 3165.1 sec
Step =   4239: nodes = 12876, dt = 2.577996e-12, time = 1.536629e-08, elapsed = 3165.9 sec
Step =   4240: nodes = 12871, dt = 2.577996e-12, time = 1.536887e-08, elapsed = 3166.5 sec
Step =   4241: nodes = 12876, dt = 3.093595e-12, time = 1.537196e-08, elapsed = 3167.0 sec
Step =   4242: nodes = 12878, dt = 3.712314e-12, time = 1.537568e-08, elapsed = 3167.6 sec
Step =   4243: nodes = 12884, dt = 4.454776e-12, time = 1.538013e-08, elapsed = 3168.2 sec
Step =   4244: nodes = 12882, dt = 5.345732e-12, time = 1.538548e-08, elapsed = 3168.7 sec
Step =   4245: nodes = 12889, dt = 3.207439e-12, time = 1.538868e-08, elapsed = 3169.5 sec
Step =   4246: nodes = 12892, dt = 3.207439e-12, time = 1.539189e-08, elapsed = 3170.1 sec
Step =   4247: nodes = 12892, dt = 3.848927e-12, time = 1.539574e-08, elapsed = 3170.7 sec
Step =   4248: nodes = 12890, dt = 4.618712e-12, time = 1.540036e-08, elapsed = 3171.2 sec
Step =   4249: nodes = 12894, dt = 2.771227e-12, time = 1.540313e-08, elapsed = 3172.0 sec
Step =   4250: nodes = 12891, dt = 2.771227e-12, time = 1.540590e-08, elapsed = 3172.6 sec
Step =   4251: nodes = 12889, dt = 3.325473e-12, time = 1.540923e-08, elapsed = 3173.2 sec
Step =   4252: nodes = 12891, dt = 3.990567e-12, time = 1.541322e-08, elapsed = 3173.7 sec
Step =   4253: nodes = 12891, dt = 4.788681e-12, time = 1.541801e-08, elapsed = 3174.3 sec
Step =   4254: nodes = 12893, dt = 2.873208e-12, time = 1.542088e-08, elapsed = 3175.1 sec
Step =   4255: nodes = 12894, dt = 2.873208e-12, time = 1.542375e-08, elapsed = 3175.7 sec
Step =   4256: nodes = 12897, dt = 3.447850e-12, time = 1.542720e-08, elapsed = 3176.4 sec
Step =   4257: nodes = 12893, dt = 4.137420e-12, time = 1.543134e-08, elapsed = 3177.0 sec
Step =   4258: nodes = 12895, dt = 2.482452e-12, time = 1.543382e-08, elapsed = 3177.9 sec
Step =   4259: nodes = 12895, dt = 2.482452e-12, time = 1.543630e-08, elapsed = 3178.5 sec
Step =   4260: nodes = 12887, dt = 2.978943e-12, time = 1.543928e-08, elapsed = 3179.1 sec
Step =   4261: nodes = 12884, dt = 3.574731e-12, time = 1.544286e-08, elapsed = 3179.8 sec
Step =   4262: nodes = 12891, dt = 4.289677e-12, time = 1.544715e-08, elapsed = 3180.4 sec
Step =   4263: nodes = 12889, dt = 2.573806e-12, time = 1.544972e-08, elapsed = 3181.2 sec
Step =   4264: nodes = 12889, dt = 2.573806e-12, time = 1.545229e-08, elapsed = 3181.8 sec
Step =   4265: nodes = 12884, dt = 3.088568e-12, time = 1.545538e-08, elapsed = 3182.5 sec
Step =   4266: nodes = 12880, dt = 3.706281e-12, time = 1.545909e-08, elapsed = 3183.1 sec
Step =   4267: nodes = 12883, dt = 2.223769e-12, time = 1.546131e-08, elapsed = 3184.0 sec
Step =   4268: nodes = 12882, dt = 2.223769e-12, time = 1.546354e-08, elapsed = 3184.6 sec
Step =   4269: nodes = 12880, dt = 2.668522e-12, time = 1.546620e-08, elapsed = 3185.2 sec
Step =   4270: nodes = 12883, dt = 3.202227e-12, time = 1.546941e-08, elapsed = 3186.1 sec
Step =   4271: nodes = 12888, dt = 3.842672e-12, time = 1.547325e-08, elapsed = 3186.7 sec
Step =   4272: nodes = 12880, dt = 4.611207e-12, time = 1.547786e-08, elapsed = 3187.3 sec
Step =   4273: nodes = 12883, dt = 2.766724e-12, time = 1.548063e-08, elapsed = 3188.1 sec
Step =   4274: nodes = 12881, dt = 2.766724e-12, time = 1.548339e-08, elapsed = 3188.6 sec
Step =   4275: nodes = 12886, dt = 3.320069e-12, time = 1.548671e-08, elapsed = 3189.2 sec
Step =   4276: nodes = 12884, dt = 3.984083e-12, time = 1.549070e-08, elapsed = 3189.8 sec
Step =   4277: nodes = 12885, dt = 2.390450e-12, time = 1.549309e-08, elapsed = 3190.7 sec
Step =   4278: nodes = 12884, dt = 2.390450e-12, time = 1.549548e-08, elapsed = 3191.3 sec
Step =   4279: nodes = 12886, dt = 2.868540e-12, time = 1.549835e-08, elapsed = 3192.0 sec
Step =   4280: nodes = 12888, dt = 3.442247e-12, time = 1.550179e-08, elapsed = 3192.6 sec
Step =   4281: nodes = 12888, dt = 2.065348e-12, time = 1.550385e-08, elapsed = 3193.5 sec
Step =   4282: nodes = 12885, dt = 2.065348e-12, time = 1.550592e-08, elapsed = 3194.1 sec
Step =   4283: nodes = 12888, dt = 2.478418e-12, time = 1.550840e-08, elapsed = 3194.7 sec
Step =   4284: nodes = 12886, dt = 2.974102e-12, time = 1.551137e-08, elapsed = 3195.3 sec
Step =   4285: nodes = 12883, dt = 1.784461e-12, time = 1.551316e-08, elapsed = 3196.1 sec
Step =   4286: nodes = 12880, dt = 1.784461e-12, time = 1.551494e-08, elapsed = 3196.7 sec
Step =   4287: nodes = 12881, dt = 2.141353e-12, time = 1.551708e-08, elapsed = 3197.3 sec
Step =   4288: nodes = 12881, dt = 2.569624e-12, time = 1.551965e-08, elapsed = 3197.8 sec
Step =   4289: nodes = 12880, dt = 1.541774e-12, time = 1.552119e-08, elapsed = 3198.5 sec
Step =   4290: nodes = 12878, dt = 1.541774e-12, time = 1.552274e-08, elapsed = 3199.1 sec
Step =   4291: nodes = 12874, dt = 1.850129e-12, time = 1.552459e-08, elapsed = 3199.6 sec
Step =   4292: nodes = 12869, dt = 2.220155e-12, time = 1.552681e-08, elapsed = 3200.2 sec
Step =   4293: nodes = 12872, dt = 2.664186e-12, time = 1.552947e-08, elapsed = 3200.7 sec
Step =   4294: nodes = 12872, dt = 3.197023e-12, time = 1.553267e-08, elapsed = 3201.3 sec
Step =   4295: nodes = 12869, dt = 3.836428e-12, time = 1.553650e-08, elapsed = 3201.8 sec
Step =   4296: nodes = 12867, dt = 4.603714e-12, time = 1.554111e-08, elapsed = 3202.4 sec
Step =   4297: nodes = 12867, dt = 2.762228e-12, time = 1.554387e-08, elapsed = 3203.2 sec
Step =   4298: nodes = 12874, dt = 2.762228e-12, time = 1.554663e-08, elapsed = 3203.7 sec
Step =   4299: nodes = 12872, dt = 3.314674e-12, time = 1.554995e-08, elapsed = 3204.3 sec
Step =   4300: nodes = 12878, dt = 3.977609e-12, time = 1.555392e-08, elapsed = 3204.8 sec
Writing configuration in legacy data format
 Output file: /data/home/dg000246b/openDIS/inital_dislocation_structures/output_caseC_0.18%_seed12345/relax2/config.4300.data
Writing restart file
 Restart file: /data/home/dg000246b/openDIS/inital_dislocation_structures/output_caseC_0.18%_seed12345/relax2/restart.4300.exadis
Step =   4301: nodes = 12876, dt = 4.773130e-12, time = 1.555870e-08, elapsed = 3205.6 sec
Step =   4302: nodes = 12878, dt = 2.863878e-12, time = 1.556156e-08, elapsed = 3206.3 sec
Step =   4303: nodes = 12878, dt = 2.863878e-12, time = 1.556443e-08, elapsed = 3206.9 sec
Step =   4304: nodes = 12882, dt = 3.436654e-12, time = 1.556786e-08, elapsed = 3207.5 sec
Step =   4305: nodes = 12880, dt = 4.123985e-12, time = 1.557199e-08, elapsed = 3208.1 sec
Step =   4306: nodes = 12875, dt = 4.948781e-12, time = 1.557693e-08, elapsed = 3208.7 sec
Step =   4307: nodes = 12876, dt = 2.969269e-12, time = 1.557990e-08, elapsed = 3209.4 sec
Step =   4308: nodes = 12869, dt = 2.969269e-12, time = 1.558287e-08, elapsed = 3210.0 sec
Step =   4309: nodes = 12872, dt = 3.563123e-12, time = 1.558644e-08, elapsed = 3210.6 sec
Step =   4310: nodes = 12872, dt = 4.275747e-12, time = 1.559071e-08, elapsed = 3211.2 sec
Step =   4311: nodes = 12872, dt = 5.130897e-12, time = 1.559584e-08, elapsed = 3211.7 sec
Step =   4312: nodes = 12871, dt = 3.078538e-12, time = 1.559892e-08, elapsed = 3212.5 sec
Step =   4313: nodes = 12873, dt = 3.078538e-12, time = 1.560200e-08, elapsed = 3213.1 sec
Step =   4314: nodes = 12871, dt = 3.694246e-12, time = 1.560569e-08, elapsed = 3213.6 sec
Step =   4315: nodes = 12871, dt = 4.433095e-12, time = 1.561013e-08, elapsed = 3214.2 sec
Step =   4316: nodes = 12872, dt = 5.319714e-12, time = 1.561545e-08, elapsed = 3214.8 sec
Step =   4317: nodes = 12872, dt = 3.191828e-12, time = 1.561864e-08, elapsed = 3215.9 sec
Step =   4318: nodes = 12875, dt = 3.191828e-12, time = 1.562183e-08, elapsed = 3216.4 sec
Step =   4319: nodes = 12873, dt = 3.830194e-12, time = 1.562566e-08, elapsed = 3217.0 sec
Step =   4320: nodes = 12868, dt = 4.596233e-12, time = 1.563026e-08, elapsed = 3217.6 sec
Step =   4321: nodes = 12871, dt = 5.515479e-12, time = 1.563577e-08, elapsed = 3218.2 sec
Step =   4322: nodes = 12871, dt = 3.309287e-12, time = 1.563908e-08, elapsed = 3219.1 sec
Step =   4323: nodes = 12872, dt = 3.309287e-12, time = 1.564239e-08, elapsed = 3219.6 sec
Step =   4324: nodes = 12872, dt = 3.971145e-12, time = 1.564636e-08, elapsed = 3220.2 sec
Step =   4325: nodes = 12874, dt = 4.765374e-12, time = 1.565113e-08, elapsed = 3220.8 sec
Step =   4326: nodes = 12877, dt = 2.859224e-12, time = 1.565399e-08, elapsed = 3221.6 sec
Step =   4327: nodes = 12873, dt = 2.859224e-12, time = 1.565685e-08, elapsed = 3222.2 sec
Step =   4328: nodes = 12870, dt = 3.431069e-12, time = 1.566028e-08, elapsed = 3222.7 sec
Step =   4329: nodes = 12873, dt = 4.117283e-12, time = 1.566439e-08, elapsed = 3223.4 sec
Step =   4330: nodes = 12867, dt = 4.940740e-12, time = 1.566934e-08, elapsed = 3224.0 sec
Step =   4331: nodes = 12872, dt = 5.928888e-12, time = 1.567526e-08, elapsed = 3224.7 sec
Step =   4332: nodes = 12870, dt = 3.557333e-12, time = 1.567882e-08, elapsed = 3225.5 sec
Step =   4333: nodes = 12868, dt = 3.557333e-12, time = 1.568238e-08, elapsed = 3226.1 sec
Step =   4334: nodes = 12873, dt = 4.268799e-12, time = 1.568665e-08, elapsed = 3226.7 sec
Step =   4335: nodes = 12876, dt = 5.122559e-12, time = 1.569177e-08, elapsed = 3227.4 sec
Step =   4336: nodes = 12873, dt = 3.073535e-12, time = 1.569484e-08, elapsed = 3228.1 sec
Step =   4337: nodes = 12871, dt = 3.073535e-12, time = 1.569792e-08, elapsed = 3228.7 sec
Step =   4338: nodes = 12867, dt = 3.688242e-12, time = 1.570161e-08, elapsed = 3229.3 sec
Step =   4339: nodes = 12867, dt = 4.425891e-12, time = 1.570603e-08, elapsed = 3229.9 sec
Step =   4340: nodes = 12863, dt = 2.655535e-12, time = 1.570869e-08, elapsed = 3230.7 sec
Step =   4341: nodes = 12865, dt = 2.655535e-12, time = 1.571134e-08, elapsed = 3231.2 sec
Step =   4342: nodes = 12866, dt = 3.186641e-12, time = 1.571453e-08, elapsed = 3231.8 sec
Step =   4343: nodes = 12868, dt = 3.823970e-12, time = 1.571835e-08, elapsed = 3232.4 sec
Step =   4344: nodes = 12865, dt = 4.588764e-12, time = 1.572294e-08, elapsed = 3233.0 sec
Step =   4345: nodes = 12864, dt = 2.753258e-12, time = 1.572570e-08, elapsed = 3233.7 sec
Step =   4346: nodes = 12861, dt = 2.753258e-12, time = 1.572845e-08, elapsed = 3234.3 sec
Step =   4347: nodes = 12863, dt = 3.303910e-12, time = 1.573175e-08, elapsed = 3234.8 sec
Step =   4348: nodes = 12852, dt = 3.964692e-12, time = 1.573572e-08, elapsed = 3235.5 sec
Step =   4349: nodes = 12855, dt = 4.757630e-12, time = 1.574047e-08, elapsed = 3236.1 sec
Step =   4350: nodes = 12858, dt = 5.709156e-12, time = 1.574618e-08, elapsed = 3236.8 sec
Step =   4351: nodes = 12860, dt = 3.425494e-12, time = 1.574961e-08, elapsed = 3237.6 sec
Step =   4352: nodes = 12859, dt = 3.425494e-12, time = 1.575303e-08, elapsed = 3238.2 sec
Step =   4353: nodes = 12859, dt = 4.110592e-12, time = 1.575715e-08, elapsed = 3238.8 sec
Step =   4354: nodes = 12862, dt = 4.932711e-12, time = 1.576208e-08, elapsed = 3239.5 sec
Step =   4355: nodes = 12862, dt = 5.919253e-12, time = 1.576800e-08, elapsed = 3240.1 sec
Step =   4356: nodes = 12862, dt = 3.551552e-12, time = 1.577155e-08, elapsed = 3240.9 sec
Step =   4357: nodes = 12858, dt = 3.551552e-12, time = 1.577510e-08, elapsed = 3241.4 sec
Step =   4358: nodes = 12857, dt = 4.261862e-12, time = 1.577936e-08, elapsed = 3242.0 sec
Step =   4359: nodes = 12861, dt = 2.557117e-12, time = 1.578192e-08, elapsed = 3242.8 sec
Step =   4360: nodes = 12862, dt = 2.557117e-12, time = 1.578448e-08, elapsed = 3243.4 sec
Step =   4361: nodes = 12856, dt = 3.068541e-12, time = 1.578755e-08, elapsed = 3244.0 sec
Step =   4362: nodes = 12858, dt = 3.682249e-12, time = 1.579123e-08, elapsed = 3244.5 sec
Step =   4363: nodes = 12860, dt = 4.418699e-12, time = 1.579565e-08, elapsed = 3245.1 sec
Step =   4364: nodes = 12863, dt = 2.651219e-12, time = 1.579830e-08, elapsed = 3246.2 sec
Step =   4365: nodes = 12858, dt = 2.651219e-12, time = 1.580095e-08, elapsed = 3246.8 sec
Step =   4366: nodes = 12859, dt = 3.181463e-12, time = 1.580413e-08, elapsed = 3247.3 sec
Step =   4367: nodes = 12862, dt = 3.817756e-12, time = 1.580795e-08, elapsed = 3247.9 sec
Step =   4368: nodes = 12859, dt = 4.581307e-12, time = 1.581253e-08, elapsed = 3248.5 sec
Step =   4369: nodes = 12859, dt = 5.497568e-12, time = 1.581803e-08, elapsed = 3249.1 sec
Step =   4370: nodes = 12861, dt = 3.298541e-12, time = 1.582133e-08, elapsed = 3249.8 sec
Step =   4371: nodes = 12861, dt = 3.298541e-12, time = 1.582462e-08, elapsed = 3250.4 sec
Step =   4372: nodes = 12859, dt = 3.958249e-12, time = 1.582858e-08, elapsed = 3251.0 sec
Step =   4373: nodes = 12854, dt = 4.749899e-12, time = 1.583333e-08, elapsed = 3251.6 sec
Step =   4374: nodes = 12854, dt = 5.699879e-12, time = 1.583903e-08, elapsed = 3252.2 sec
Step =   4375: nodes = 12858, dt = 3.419927e-12, time = 1.584245e-08, elapsed = 3253.0 sec
Step =   4376: nodes = 12854, dt = 1.709964e-12, time = 1.584416e-08, elapsed = 3253.7 sec
Step =   4377: nodes = 12855, dt = 1.709964e-12, time = 1.584587e-08, elapsed = 3254.2 sec
Step =   4378: nodes = 12854, dt = 2.051956e-12, time = 1.584792e-08, elapsed = 3254.8 sec
Step =   4379: nodes = 12854, dt = 2.462348e-12, time = 1.585039e-08, elapsed = 3255.3 sec
Step =   4380: nodes = 12855, dt = 2.954817e-12, time = 1.585334e-08, elapsed = 3255.9 sec
Step =   4381: nodes = 12856, dt = 3.545781e-12, time = 1.585689e-08, elapsed = 3256.5 sec
Step =   4382: nodes = 12854, dt = 4.254937e-12, time = 1.586114e-08, elapsed = 3257.1 sec
Step =   4383: nodes = 12850, dt = 5.105924e-12, time = 1.586625e-08, elapsed = 3257.8 sec
Step =   4384: nodes = 12858, dt = 6.127109e-12, time = 1.587237e-08, elapsed = 3258.5 sec
Step =   4385: nodes = 12861, dt = 3.676265e-12, time = 1.587605e-08, elapsed = 3259.3 sec
Step =   4386: nodes = 12853, dt = 3.676265e-12, time = 1.587973e-08, elapsed = 3259.8 sec
Step =   4387: nodes = 12852, dt = 4.411518e-12, time = 1.588414e-08, elapsed = 3260.4 sec
Step =   4388: nodes = 12857, dt = 5.293822e-12, time = 1.588943e-08, elapsed = 3261.1 sec
Step =   4389: nodes = 12853, dt = 3.176293e-12, time = 1.589261e-08, elapsed = 3261.9 sec
Step =   4390: nodes = 12852, dt = 3.176293e-12, time = 1.589579e-08, elapsed = 3262.4 sec
Step =   4391: nodes = 12850, dt = 3.811552e-12, time = 1.589960e-08, elapsed = 3263.0 sec
Step =   4392: nodes = 12849, dt = 4.573862e-12, time = 1.590417e-08, elapsed = 3263.6 sec
Step =   4393: nodes = 12852, dt = 2.744317e-12, time = 1.590691e-08, elapsed = 3264.4 sec
Step =   4394: nodes = 12852, dt = 2.744317e-12, time = 1.590966e-08, elapsed = 3264.9 sec
Step =   4395: nodes = 12850, dt = 3.293181e-12, time = 1.591295e-08, elapsed = 3265.5 sec
Step =   4396: nodes = 12851, dt = 3.951817e-12, time = 1.591690e-08, elapsed = 3266.0 sec
Step =   4397: nodes = 12853, dt = 4.742180e-12, time = 1.592165e-08, elapsed = 3266.7 sec
Step =   4398: nodes = 12850, dt = 5.690616e-12, time = 1.592734e-08, elapsed = 3267.3 sec
Step =   4399: nodes = 12853, dt = 3.414370e-12, time = 1.593075e-08, elapsed = 3268.1 sec
Step =   4400: nodes = 12849, dt = 1.707185e-12, time = 1.593246e-08, elapsed = 3268.9 sec
Writing configuration in legacy data format
 Output file: /data/home/dg000246b/openDIS/inital_dislocation_structures/output_caseC_0.18%_seed12345/relax2/config.4400.data
Writing restart file
 Restart file: /data/home/dg000246b/openDIS/inital_dislocation_structures/output_caseC_0.18%_seed12345/relax2/restart.4400.exadis
Step =   4401: nodes = 12845, dt = 1.707185e-12, time = 1.593417e-08, elapsed = 3269.6 sec
Step =   4402: nodes = 12849, dt = 2.048622e-12, time = 1.593621e-08, elapsed = 3270.1 sec
Step =   4403: nodes = 12848, dt = 2.458346e-12, time = 1.593867e-08, elapsed = 3270.6 sec
Step =   4404: nodes = 12849, dt = 2.950016e-12, time = 1.594162e-08, elapsed = 3271.2 sec
Step =   4405: nodes = 12850, dt = 3.540019e-12, time = 1.594516e-08, elapsed = 3271.8 sec
Step =   4406: nodes = 12849, dt = 4.248022e-12, time = 1.594941e-08, elapsed = 3272.3 sec
Step =   4407: nodes = 12852, dt = 5.097627e-12, time = 1.595451e-08, elapsed = 3272.9 sec
Step =   4408: nodes = 12857, dt = 6.117152e-12, time = 1.596063e-08, elapsed = 3273.5 sec
Step =   4409: nodes = 12851, dt = 3.670291e-12, time = 1.596430e-08, elapsed = 3274.3 sec
Step =   4410: nodes = 12856, dt = 3.670291e-12, time = 1.596797e-08, elapsed = 3274.9 sec
Step =   4411: nodes = 12852, dt = 4.404350e-12, time = 1.597237e-08, elapsed = 3275.9 sec
Step =   4412: nodes = 12857, dt = 5.285220e-12, time = 1.597766e-08, elapsed = 3276.5 sec
Step =   4413: nodes = 12853, dt = 6.342263e-12, time = 1.598400e-08, elapsed = 3277.2 sec
Step =   4414: nodes = 12853, dt = 3.805358e-12, time = 1.598780e-08, elapsed = 3278.0 sec
Step =   4415: nodes = 12853, dt = 3.805358e-12, time = 1.599161e-08, elapsed = 3278.6 sec
Step =   4416: nodes = 12853, dt = 4.566430e-12, time = 1.599617e-08, elapsed = 3279.2 sec
Step =   4417: nodes = 12855, dt = 5.479716e-12, time = 1.600165e-08, elapsed = 3279.8 sec
Step =   4418: nodes = 12853, dt = 6.575659e-12, time = 1.600823e-08, elapsed = 3280.5 sec
Step =   4419: nodes = 12855, dt = 3.945395e-12, time = 1.601218e-08, elapsed = 3281.3 sec
Step =   4420: nodes = 12850, dt = 3.945395e-12, time = 1.601612e-08, elapsed = 3281.9 sec
Step =   4421: nodes = 12850, dt = 4.734474e-12, time = 1.602086e-08, elapsed = 3282.6 sec
Step =   4422: nodes = 12847, dt = 5.681369e-12, time = 1.602654e-08, elapsed = 3283.2 sec
Step =   4423: nodes = 12847, dt = 6.817643e-12, time = 1.603335e-08, elapsed = 3283.9 sec
Step =   4424: nodes = 12853, dt = 4.090586e-12, time = 1.603745e-08, elapsed = 3284.7 sec
Step =   4425: nodes = 12846, dt = 4.090586e-12, time = 1.604154e-08, elapsed = 3285.3 sec
Step =   4426: nodes = 12847, dt = 4.908703e-12, time = 1.604644e-08, elapsed = 3285.8 sec
Step =   4427: nodes = 12843, dt = 5.890444e-12, time = 1.605233e-08, elapsed = 3286.5 sec
Step =   4428: nodes = 12845, dt = 3.534266e-12, time = 1.605587e-08, elapsed = 3287.3 sec
Step =   4429: nodes = 12851, dt = 3.534266e-12, time = 1.605940e-08, elapsed = 3287.9 sec
Step =   4430: nodes = 12846, dt = 4.241119e-12, time = 1.606364e-08, elapsed = 3288.5 sec
Step =   4431: nodes = 12849, dt = 5.089343e-12, time = 1.606873e-08, elapsed = 3289.1 sec
Step =   4432: nodes = 12849, dt = 6.107212e-12, time = 1.607484e-08, elapsed = 3289.8 sec
Step =   4433: nodes = 12850, dt = 3.664327e-12, time = 1.607851e-08, elapsed = 3290.6 sec
Step =   4434: nodes = 12846, dt = 3.664327e-12, time = 1.608217e-08, elapsed = 3291.2 sec
Step =   4435: nodes = 12850, dt = 4.397193e-12, time = 1.608657e-08, elapsed = 3291.8 sec
Step =   4436: nodes = 12855, dt = 5.276631e-12, time = 1.609184e-08, elapsed = 3292.5 sec
Step =   4437: nodes = 12849, dt = 3.165979e-12, time = 1.609501e-08, elapsed = 3293.3 sec
Step =   4438: nodes = 12851, dt = 3.165979e-12, time = 1.609818e-08, elapsed = 3293.8 sec
Step =   4439: nodes = 12851, dt = 3.799174e-12, time = 1.610197e-08, elapsed = 3294.5 sec
Step =   4440: nodes = 12851, dt = 4.559009e-12, time = 1.610653e-08, elapsed = 3295.1 sec
Step =   4441: nodes = 12849, dt = 2.735406e-12, time = 1.610927e-08, elapsed = 3295.8 sec
Step =   4442: nodes = 12844, dt = 2.735406e-12, time = 1.611200e-08, elapsed = 3296.4 sec
Step =   4443: nodes = 12844, dt = 3.282487e-12, time = 1.611529e-08, elapsed = 3297.0 sec
Step =   4444: nodes = 12847, dt = 3.938984e-12, time = 1.611923e-08, elapsed = 3297.6 sec
Step =   4445: nodes = 12850, dt = 4.726781e-12, time = 1.612395e-08, elapsed = 3298.1 sec
Step =   4446: nodes = 12844, dt = 5.672137e-12, time = 1.612962e-08, elapsed = 3298.8 sec
Step =   4447: nodes = 12842, dt = 3.403282e-12, time = 1.613303e-08, elapsed = 3299.6 sec
Step =   4448: nodes = 12844, dt = 3.403282e-12, time = 1.613643e-08, elapsed = 3300.1 sec
Step =   4449: nodes = 12844, dt = 4.083939e-12, time = 1.614052e-08, elapsed = 3300.7 sec
Step =   4450: nodes = 12849, dt = 4.900726e-12, time = 1.614542e-08, elapsed = 3301.4 sec
Step =   4451: nodes = 12853, dt = 2.940436e-12, time = 1.614836e-08, elapsed = 3302.2 sec
Step =   4452: nodes = 12852, dt = 2.940436e-12, time = 1.615130e-08, elapsed = 3302.8 sec
Step =   4453: nodes = 12859, dt = 3.528523e-12, time = 1.615483e-08, elapsed = 3303.4 sec
Step =   4454: nodes = 12863, dt = 4.234228e-12, time = 1.615906e-08, elapsed = 3304.0 sec
Step =   4455: nodes = 12860, dt = 5.081073e-12, time = 1.616414e-08, elapsed = 3304.6 sec
Step =   4456: nodes = 12861, dt = 3.048644e-12, time = 1.616719e-08, elapsed = 3305.6 sec
Step =   4457: nodes = 12863, dt = 3.048644e-12, time = 1.617024e-08, elapsed = 3306.2 sec
Step =   4458: nodes = 12860, dt = 3.658373e-12, time = 1.617390e-08, elapsed = 3306.8 sec
Step =   4459: nodes = 12855, dt = 4.390047e-12, time = 1.617829e-08, elapsed = 3307.4 sec
Step =   4460: nodes = 12853, dt = 5.268057e-12, time = 1.618355e-08, elapsed = 3308.0 sec
Step =   4461: nodes = 12858, dt = 3.160834e-12, time = 1.618672e-08, elapsed = 3308.8 sec
Step =   4462: nodes = 12858, dt = 3.160834e-12, time = 1.618988e-08, elapsed = 3309.4 sec
Step =   4463: nodes = 12853, dt = 3.793001e-12, time = 1.619367e-08, elapsed = 3310.0 sec
Step =   4464: nodes = 12857, dt = 4.551601e-12, time = 1.619822e-08, elapsed = 3310.5 sec
Step =   4465: nodes = 12857, dt = 5.461921e-12, time = 1.620368e-08, elapsed = 3311.2 sec
Step =   4466: nodes = 12862, dt = 3.277153e-12, time = 1.620696e-08, elapsed = 3312.0 sec
Step =   4467: nodes = 12862, dt = 3.277153e-12, time = 1.621024e-08, elapsed = 3312.5 sec
Step =   4468: nodes = 12859, dt = 3.932583e-12, time = 1.621417e-08, elapsed = 3313.1 sec
Step =   4469: nodes = 12859, dt = 2.359550e-12, time = 1.621653e-08, elapsed = 3313.9 sec
Step =   4470: nodes = 12856, dt = 2.359550e-12, time = 1.621889e-08, elapsed = 3314.4 sec
Step =   4471: nodes = 12854, dt = 2.831460e-12, time = 1.622172e-08, elapsed = 3315.0 sec
Step =   4472: nodes = 12853, dt = 3.397752e-12, time = 1.622512e-08, elapsed = 3315.6 sec
Step =   4473: nodes = 12853, dt = 4.077302e-12, time = 1.622920e-08, elapsed = 3316.2 sec
Step =   4474: nodes = 12850, dt = 2.446381e-12, time = 1.623164e-08, elapsed = 3317.0 sec
Step =   4475: nodes = 12852, dt = 2.446381e-12, time = 1.623409e-08, elapsed = 3317.5 sec
Step =   4476: nodes = 12853, dt = 2.935658e-12, time = 1.623702e-08, elapsed = 3318.1 sec
Step =   4477: nodes = 12848, dt = 3.522789e-12, time = 1.624055e-08, elapsed = 3318.7 sec
Step =   4478: nodes = 12849, dt = 2.113673e-12, time = 1.624266e-08, elapsed = 3319.5 sec
Step =   4479: nodes = 12849, dt = 2.113673e-12, time = 1.624477e-08, elapsed = 3320.0 sec
Step =   4480: nodes = 12847, dt = 2.536408e-12, time = 1.624731e-08, elapsed = 3320.6 sec
Step =   4481: nodes = 12851, dt = 3.043690e-12, time = 1.625035e-08, elapsed = 3321.2 sec
Step =   4482: nodes = 12852, dt = 3.652428e-12, time = 1.625401e-08, elapsed = 3321.8 sec
Step =   4483: nodes = 12850, dt = 4.382913e-12, time = 1.625839e-08, elapsed = 3322.4 sec
Step =   4484: nodes = 12855, dt = 2.629748e-12, time = 1.626102e-08, elapsed = 3323.2 sec
Step =   4485: nodes = 12853, dt = 2.629748e-12, time = 1.626365e-08, elapsed = 3323.8 sec
Step =   4486: nodes = 12856, dt = 3.155698e-12, time = 1.626680e-08, elapsed = 3324.4 sec
Step =   4487: nodes = 12853, dt = 3.786837e-12, time = 1.627059e-08, elapsed = 3324.9 sec
Step =   4488: nodes = 12854, dt = 2.272102e-12, time = 1.627286e-08, elapsed = 3325.7 sec
Step =   4489: nodes = 12846, dt = 2.272102e-12, time = 1.627514e-08, elapsed = 3326.2 sec
Step =   4490: nodes = 12842, dt = 2.726523e-12, time = 1.627786e-08, elapsed = 3326.8 sec
Step =   4491: nodes = 12845, dt = 3.271827e-12, time = 1.628113e-08, elapsed = 3327.3 sec
Step =   4492: nodes = 12842, dt = 3.926193e-12, time = 1.628506e-08, elapsed = 3327.9 sec
Step =   4493: nodes = 12841, dt = 4.711431e-12, time = 1.628977e-08, elapsed = 3328.6 sec
Step =   4494: nodes = 12836, dt = 5.653717e-12, time = 1.629543e-08, elapsed = 3329.2 sec
Step =   4495: nodes = 12842, dt = 3.392230e-12, time = 1.629882e-08, elapsed = 3330.0 sec
Step =   4496: nodes = 12846, dt = 1.696115e-12, time = 1.630051e-08, elapsed = 3330.7 sec
Step =   4497: nodes = 12843, dt = 1.696115e-12, time = 1.630221e-08, elapsed = 3331.3 sec
Step =   4498: nodes = 12843, dt = 2.035338e-12, time = 1.630425e-08, elapsed = 3331.8 sec
Step =   4499: nodes = 12846, dt = 2.442406e-12, time = 1.630669e-08, elapsed = 3332.3 sec
Step =   4500: nodes = 12842, dt = 2.930887e-12, time = 1.630962e-08, elapsed = 3332.9 sec
Writing configuration in legacy data format
 Output file: /data/home/dg000246b/openDIS/inital_dislocation_structures/output_caseC_0.18%_seed12345/relax2/config.4500.data
Writing restart file
 Restart file: /data/home/dg000246b/openDIS/inital_dislocation_structures/output_caseC_0.18%_seed12345/relax2/restart.4500.exadis
Step =   4501: nodes = 12847, dt = 3.517065e-12, time = 1.631314e-08, elapsed = 3333.7 sec
Step =   4502: nodes = 12844, dt = 4.220477e-12, time = 1.631736e-08, elapsed = 3334.3 sec
Step =   4503: nodes = 12847, dt = 5.064573e-12, time = 1.632242e-08, elapsed = 3334.9 sec
Step =   4504: nodes = 12849, dt = 6.077488e-12, time = 1.632850e-08, elapsed = 3335.7 sec
Step =   4505: nodes = 12851, dt = 7.292985e-12, time = 1.633579e-08, elapsed = 3336.6 sec
Step =   4506: nodes = 12850, dt = 8.751582e-12, time = 1.634454e-08, elapsed = 3337.3 sec
Step =   4507: nodes = 12852, dt = 1.050190e-11, time = 1.635504e-08, elapsed = 3338.1 sec
Step =   4508: nodes = 12847, dt = 6.301139e-12, time = 1.636135e-08, elapsed = 3339.0 sec
Step =   4509: nodes = 12852, dt = 3.150570e-12, time = 1.636450e-08, elapsed = 3339.7 sec
Step =   4510: nodes = 12857, dt = 3.150570e-12, time = 1.636765e-08, elapsed = 3340.3 sec
Step =   4511: nodes = 12857, dt = 3.780683e-12, time = 1.637143e-08, elapsed = 3340.9 sec
Step =   4512: nodes = 12855, dt = 4.536820e-12, time = 1.637596e-08, elapsed = 3341.5 sec
Step =   4513: nodes = 12854, dt = 2.722092e-12, time = 1.637869e-08, elapsed = 3342.3 sec
Step =   4514: nodes = 12854, dt = 2.722092e-12, time = 1.638141e-08, elapsed = 3342.9 sec
Step =   4515: nodes = 12847, dt = 3.266511e-12, time = 1.638467e-08, elapsed = 3343.5 sec
Step =   4516: nodes = 12846, dt = 3.919813e-12, time = 1.638859e-08, elapsed = 3344.1 sec
Step =   4517: nodes = 12843, dt = 4.703775e-12, time = 1.639330e-08, elapsed = 3344.7 sec
Step =   4518: nodes = 12846, dt = 5.644530e-12, time = 1.639894e-08, elapsed = 3345.3 sec
Step =   4519: nodes = 12848, dt = 6.773436e-12, time = 1.640572e-08, elapsed = 3346.0 sec
Step =   4520: nodes = 12845, dt = 8.128123e-12, time = 1.641384e-08, elapsed = 3346.7 sec
Step =   4521: nodes = 12848, dt = 9.753748e-12, time = 1.642360e-08, elapsed = 3347.4 sec
Step =   4522: nodes = 12846, dt = 2.926124e-12, time = 1.642652e-08, elapsed = 3348.4 sec
Step =   4523: nodes = 12847, dt = 2.926124e-12, time = 1.642945e-08, elapsed = 3349.0 sec
Step =   4524: nodes = 12850, dt = 3.511349e-12, time = 1.643296e-08, elapsed = 3349.5 sec
Step =   4525: nodes = 12849, dt = 4.213619e-12, time = 1.643718e-08, elapsed = 3350.1 sec
Step =   4526: nodes = 12848, dt = 5.056343e-12, time = 1.644223e-08, elapsed = 3350.7 sec
Step =   4527: nodes = 12849, dt = 6.067612e-12, time = 1.644830e-08, elapsed = 3351.4 sec
Step =   4528: nodes = 12846, dt = 3.640567e-12, time = 1.645194e-08, elapsed = 3352.2 sec
Step =   4529: nodes = 12846, dt = 3.640567e-12, time = 1.645558e-08, elapsed = 3352.8 sec
Step =   4530: nodes = 12853, dt = 4.368680e-12, time = 1.645995e-08, elapsed = 3353.3 sec
Step =   4531: nodes = 12850, dt = 5.242416e-12, time = 1.646519e-08, elapsed = 3354.0 sec
Step =   4532: nodes = 12850, dt = 3.145450e-12, time = 1.646834e-08, elapsed = 3354.8 sec
Step =   4533: nodes = 12850, dt = 3.145450e-12, time = 1.647148e-08, elapsed = 3355.3 sec
Step =   4534: nodes = 12840, dt = 3.774540e-12, time = 1.647526e-08, elapsed = 3355.9 sec
Step =   4535: nodes = 12845, dt = 4.529448e-12, time = 1.647979e-08, elapsed = 3356.6 sec
Step =   4536: nodes = 12846, dt = 5.435337e-12, time = 1.648522e-08, elapsed = 3357.3 sec
Step =   4537: nodes = 12844, dt = 6.522405e-12, time = 1.649174e-08, elapsed = 3358.0 sec
Step =   4538: nodes = 12846, dt = 3.913443e-12, time = 1.649566e-08, elapsed = 3358.8 sec
Step =   4539: nodes = 12853, dt = 3.913443e-12, time = 1.649957e-08, elapsed = 3359.4 sec
Step =   4540: nodes = 12849, dt = 4.696131e-12, time = 1.650427e-08, elapsed = 3360.0 sec
Step =   4541: nodes = 12842, dt = 5.635358e-12, time = 1.650990e-08, elapsed = 3360.6 sec
Step =   4542: nodes = 12843, dt = 6.762429e-12, time = 1.651667e-08, elapsed = 3361.2 sec
Step =   4543: nodes = 12843, dt = 4.057458e-12, time = 1.652072e-08, elapsed = 3362.1 sec
Step =   4544: nodes = 12846, dt = 4.057458e-12, time = 1.652478e-08, elapsed = 3362.7 sec
Step =   4545: nodes = 12849, dt = 4.868949e-12, time = 1.652965e-08, elapsed = 3363.3 sec
Step =   4546: nodes = 12855, dt = 5.842739e-12, time = 1.653549e-08, elapsed = 3364.0 sec
Step =   4547: nodes = 12856, dt = 7.011287e-12, time = 1.654250e-08, elapsed = 3364.6 sec
Step =   4548: nodes = 12859, dt = 4.206772e-12, time = 1.654671e-08, elapsed = 3365.4 sec
Step =   4549: nodes = 12851, dt = 4.206772e-12, time = 1.655092e-08, elapsed = 3366.2 sec
Step =   4550: nodes = 12860, dt = 5.048126e-12, time = 1.655596e-08, elapsed = 3366.9 sec
Step =   4551: nodes = 12858, dt = 6.057752e-12, time = 1.656202e-08, elapsed = 3367.5 sec
Step =   4552: nodes = 12856, dt = 3.634651e-12, time = 1.656566e-08, elapsed = 3368.3 sec
Step =   4553: nodes = 12860, dt = 3.634651e-12, time = 1.656929e-08, elapsed = 3368.9 sec
Step =   4554: nodes = 12855, dt = 4.361581e-12, time = 1.657365e-08, elapsed = 3369.5 sec
Step =   4555: nodes = 12847, dt = 5.233898e-12, time = 1.657889e-08, elapsed = 3370.1 sec
Step =   4556: nodes = 12846, dt = 3.140339e-12, time = 1.658203e-08, elapsed = 3370.9 sec
Step =   4557: nodes = 12840, dt = 3.140339e-12, time = 1.658517e-08, elapsed = 3371.5 sec
Step =   4558: nodes = 12845, dt = 3.768406e-12, time = 1.658894e-08, elapsed = 3372.1 sec
Step =   4559: nodes = 12843, dt = 4.522087e-12, time = 1.659346e-08, elapsed = 3372.7 sec
Step =   4560: nodes = 12842, dt = 5.426505e-12, time = 1.659888e-08, elapsed = 3373.4 sec
Step =   4561: nodes = 12845, dt = 3.255903e-12, time = 1.660214e-08, elapsed = 3374.2 sec
Step =   4562: nodes = 12849, dt = 3.255903e-12, time = 1.660540e-08, elapsed = 3374.8 sec
Step =   4563: nodes = 12846, dt = 3.907084e-12, time = 1.660930e-08, elapsed = 3375.4 sec
Step =   4564: nodes = 12845, dt = 4.688500e-12, time = 1.661399e-08, elapsed = 3375.9 sec
Step =   4565: nodes = 12849, dt = 2.813100e-12, time = 1.661681e-08, elapsed = 3376.7 sec
Step =   4566: nodes = 12843, dt = 2.813100e-12, time = 1.661962e-08, elapsed = 3377.3 sec
Step =   4567: nodes = 12849, dt = 3.375720e-12, time = 1.662299e-08, elapsed = 3377.9 sec
Step =   4568: nodes = 12848, dt = 4.050864e-12, time = 1.662705e-08, elapsed = 3378.5 sec
Step =   4569: nodes = 12847, dt = 4.861037e-12, time = 1.663191e-08, elapsed = 3379.2 sec
Step =   4570: nodes = 12848, dt = 2.916622e-12, time = 1.663482e-08, elapsed = 3380.0 sec
Step =   4571: nodes = 12844, dt = 2.916622e-12, time = 1.663774e-08, elapsed = 3380.6 sec
Step =   4572: nodes = 12848, dt = 3.499947e-12, time = 1.664124e-08, elapsed = 3381.2 sec
Step =   4573: nodes = 12855, dt = 4.199936e-12, time = 1.664544e-08, elapsed = 3381.8 sec
Step =   4574: nodes = 12861, dt = 5.039923e-12, time = 1.665048e-08, elapsed = 3382.4 sec
Step =   4575: nodes = 12858, dt = 6.047908e-12, time = 1.665653e-08, elapsed = 3383.0 sec
Step =   4576: nodes = 12856, dt = 7.257489e-12, time = 1.666378e-08, elapsed = 3383.6 sec
Step =   4577: nodes = 12858, dt = 4.354494e-12, time = 1.666814e-08, elapsed = 3384.4 sec
Step =   4578: nodes = 12856, dt = 4.354494e-12, time = 1.667249e-08, elapsed = 3385.0 sec
Step =   4579: nodes = 12854, dt = 5.225392e-12, time = 1.667772e-08, elapsed = 3385.6 sec
Step =   4580: nodes = 12851, dt = 3.135235e-12, time = 1.668085e-08, elapsed = 3386.4 sec
Step =   4581: nodes = 12850, dt = 3.135235e-12, time = 1.668399e-08, elapsed = 3386.9 sec
Step =   4582: nodes = 12854, dt = 3.762283e-12, time = 1.668775e-08, elapsed = 3387.5 sec
Step =   4583: nodes = 12846, dt = 4.514739e-12, time = 1.669227e-08, elapsed = 3388.1 sec
Step =   4584: nodes = 12841, dt = 5.417687e-12, time = 1.669768e-08, elapsed = 3388.7 sec
Step =   4585: nodes = 12838, dt = 3.250612e-12, time = 1.670093e-08, elapsed = 3389.4 sec
Step =   4586: nodes = 12840, dt = 3.250612e-12, time = 1.670419e-08, elapsed = 3390.0 sec
Step =   4587: nodes = 12836, dt = 3.900735e-12, time = 1.670809e-08, elapsed = 3390.6 sec
Step =   4588: nodes = 12841, dt = 4.680881e-12, time = 1.671277e-08, elapsed = 3391.1 sec
Step =   4589: nodes = 12838, dt = 5.617058e-12, time = 1.671838e-08, elapsed = 3391.8 sec
Step =   4590: nodes = 12836, dt = 3.370235e-12, time = 1.672175e-08, elapsed = 3392.5 sec
Step =   4591: nodes = 12834, dt = 3.370235e-12, time = 1.672512e-08, elapsed = 3393.1 sec
Step =   4592: nodes = 12833, dt = 4.044282e-12, time = 1.672917e-08, elapsed = 3393.6 sec
Step =   4593: nodes = 12837, dt = 4.853138e-12, time = 1.673402e-08, elapsed = 3394.2 sec
Step =   4594: nodes = 12835, dt = 5.823765e-12, time = 1.673985e-08, elapsed = 3394.9 sec
Step =   4595: nodes = 12839, dt = 3.494259e-12, time = 1.674334e-08, elapsed = 3395.9 sec
Step =   4596: nodes = 12839, dt = 3.494259e-12, time = 1.674683e-08, elapsed = 3396.5 sec
Step =   4597: nodes = 12841, dt = 4.193111e-12, time = 1.675103e-08, elapsed = 3397.1 sec
Step =   4598: nodes = 12842, dt = 5.031733e-12, time = 1.675606e-08, elapsed = 3397.7 sec
Step =   4599: nodes = 12843, dt = 6.038080e-12, time = 1.676210e-08, elapsed = 3398.3 sec
Step =   4600: nodes = 12840, dt = 3.622848e-12, time = 1.676572e-08, elapsed = 3399.1 sec
Writing configuration in legacy data format
 Output file: /data/home/dg000246b/openDIS/inital_dislocation_structures/output_caseC_0.18%_seed12345/relax2/config.4600.data
Writing restart file
 Restart file: /data/home/dg000246b/openDIS/inital_dislocation_structures/output_caseC_0.18%_seed12345/relax2/restart.4600.exadis
Step =   4601: nodes = 12843, dt = 9.057120e-13, time = 1.676663e-08, elapsed = 3400.2 sec
Step =   4602: nodes = 12842, dt = 9.057120e-13, time = 1.676753e-08, elapsed = 3400.8 sec
Step =   4603: nodes = 12838, dt = 1.086854e-12, time = 1.676862e-08, elapsed = 3401.3 sec
Step =   4604: nodes = 12839, dt = 1.304225e-12, time = 1.676992e-08, elapsed = 3401.8 sec
Step =   4605: nodes = 12837, dt = 1.565070e-12, time = 1.677149e-08, elapsed = 3402.3 sec
Step =   4606: nodes = 12833, dt = 1.878084e-12, time = 1.677337e-08, elapsed = 3402.8 sec
Step =   4607: nodes = 12832, dt = 2.253701e-12, time = 1.677562e-08, elapsed = 3403.4 sec
Step =   4608: nodes = 12832, dt = 2.704442e-12, time = 1.677832e-08, elapsed = 3403.9 sec
Step =   4609: nodes = 12829, dt = 3.245330e-12, time = 1.678157e-08, elapsed = 3404.5 sec
Step =   4610: nodes = 12835, dt = 3.894396e-12, time = 1.678546e-08, elapsed = 3405.0 sec
Step =   4611: nodes = 12835, dt = 4.673275e-12, time = 1.679014e-08, elapsed = 3405.6 sec
Step =   4612: nodes = 12833, dt = 5.607930e-12, time = 1.679574e-08, elapsed = 3406.2 sec
Step =   4613: nodes = 12835, dt = 3.364758e-12, time = 1.679911e-08, elapsed = 3407.0 sec
Step =   4614: nodes = 12835, dt = 3.364758e-12, time = 1.680247e-08, elapsed = 3407.6 sec
Step =   4615: nodes = 12841, dt = 4.037710e-12, time = 1.680651e-08, elapsed = 3408.2 sec
Step =   4616: nodes = 12844, dt = 4.845252e-12, time = 1.681136e-08, elapsed = 3408.8 sec
Step =   4617: nodes = 12849, dt = 5.814302e-12, time = 1.681717e-08, elapsed = 3409.4 sec
Step =   4618: nodes = 12846, dt = 3.488581e-12, time = 1.682066e-08, elapsed = 3410.2 sec
Step =   4619: nodes = 12847, dt = 3.488581e-12, time = 1.682415e-08, elapsed = 3410.8 sec
Step =   4620: nodes = 12848, dt = 4.186297e-12, time = 1.682833e-08, elapsed = 3411.3 sec
Step =   4621: nodes = 12847, dt = 5.023557e-12, time = 1.683336e-08, elapsed = 3412.0 sec
Step =   4622: nodes = 12842, dt = 3.014134e-12, time = 1.683637e-08, elapsed = 3412.8 sec
Step =   4623: nodes = 12843, dt = 1.507067e-12, time = 1.683788e-08, elapsed = 3413.5 sec
Step =   4624: nodes = 12847, dt = 1.507067e-12, time = 1.683939e-08, elapsed = 3414.1 sec
Step =   4625: nodes = 12847, dt = 1.808480e-12, time = 1.684120e-08, elapsed = 3414.6 sec
Step =   4626: nodes = 12849, dt = 2.170177e-12, time = 1.684337e-08, elapsed = 3415.2 sec
Step =   4627: nodes = 12847, dt = 2.604212e-12, time = 1.684597e-08, elapsed = 3415.8 sec
Step =   4628: nodes = 12844, dt = 3.125054e-12, time = 1.684909e-08, elapsed = 3416.3 sec
Step =   4629: nodes = 12842, dt = 3.750065e-12, time = 1.685284e-08, elapsed = 3416.9 sec
Step =   4630: nodes = 12838, dt = 4.500078e-12, time = 1.685734e-08, elapsed = 3417.5 sec
Step =   4631: nodes = 12838, dt = 5.400094e-12, time = 1.686274e-08, elapsed = 3418.1 sec
Step =   4632: nodes = 12837, dt = 6.480112e-12, time = 1.686923e-08, elapsed = 3418.8 sec
Step =   4633: nodes = 12837, dt = 3.888067e-12, time = 1.687311e-08, elapsed = 3419.6 sec
Step =   4634: nodes = 12839, dt = 3.888067e-12, time = 1.687700e-08, elapsed = 3420.1 sec
Step =   4635: nodes = 12835, dt = 4.665681e-12, time = 1.688167e-08, elapsed = 3420.7 sec
Step =   4636: nodes = 12832, dt = 2.799409e-12, time = 1.688447e-08, elapsed = 3421.5 sec
Step =   4637: nodes = 12833, dt = 2.799409e-12, time = 1.688727e-08, elapsed = 3422.0 sec
Step =   4638: nodes = 12833, dt = 3.359290e-12, time = 1.689063e-08, elapsed = 3422.6 sec
Step =   4639: nodes = 12833, dt = 4.031148e-12, time = 1.689466e-08, elapsed = 3423.1 sec
Step =   4640: nodes = 12837, dt = 4.837378e-12, time = 1.689949e-08, elapsed = 3423.7 sec
Step =   4641: nodes = 12836, dt = 2.902427e-12, time = 1.690240e-08, elapsed = 3424.5 sec
Step =   4642: nodes = 12836, dt = 2.902427e-12, time = 1.690530e-08, elapsed = 3425.1 sec
Step =   4643: nodes = 12832, dt = 3.482912e-12, time = 1.690878e-08, elapsed = 3426.0 sec
Step =   4644: nodes = 12834, dt = 4.179495e-12, time = 1.691296e-08, elapsed = 3426.6 sec
Step =   4645: nodes = 12828, dt = 5.015393e-12, time = 1.691798e-08, elapsed = 3427.2 sec
Step =   4646: nodes = 12833, dt = 3.009236e-12, time = 1.692099e-08, elapsed = 3428.0 sec
Step =   4647: nodes = 12831, dt = 3.009236e-12, time = 1.692399e-08, elapsed = 3428.6 sec
Step =   4648: nodes = 12828, dt = 3.611083e-12, time = 1.692761e-08, elapsed = 3429.2 sec
Step =   4649: nodes = 12830, dt = 4.333300e-12, time = 1.693194e-08, elapsed = 3429.7 sec
Step =   4650: nodes = 12835, dt = 5.199960e-12, time = 1.693714e-08, elapsed = 3430.3 sec
Step =   4651: nodes = 12828, dt = 3.119976e-12, time = 1.694026e-08, elapsed = 3431.1 sec
Step =   4652: nodes = 12828, dt = 3.119976e-12, time = 1.694338e-08, elapsed = 3431.7 sec
Step =   4653: nodes = 12827, dt = 1.871986e-12, time = 1.694525e-08, elapsed = 3432.5 sec
Step =   4654: nodes = 12827, dt = 1.871986e-12, time = 1.694712e-08, elapsed = 3433.0 sec
Step =   4655: nodes = 12826, dt = 1.123191e-12, time = 1.694825e-08, elapsed = 3433.7 sec
Step =   4656: nodes = 12827, dt = 1.123191e-12, time = 1.694937e-08, elapsed = 3434.2 sec
Step =   4657: nodes = 12825, dt = 1.347830e-12, time = 1.695072e-08, elapsed = 3434.7 sec
Step =   4658: nodes = 12822, dt = 1.617396e-12, time = 1.695233e-08, elapsed = 3435.3 sec
Step =   4659: nodes = 12825, dt = 1.940875e-12, time = 1.695428e-08, elapsed = 3435.8 sec
Step =   4660: nodes = 12825, dt = 2.329050e-12, time = 1.695660e-08, elapsed = 3436.3 sec
Step =   4661: nodes = 12826, dt = 2.794860e-12, time = 1.695940e-08, elapsed = 3436.9 sec
Step =   4662: nodes = 12825, dt = 3.353831e-12, time = 1.696275e-08, elapsed = 3437.4 sec
Step =   4663: nodes = 12824, dt = 4.024598e-12, time = 1.696678e-08, elapsed = 3438.0 sec
Step =   4664: nodes = 12825, dt = 4.829517e-12, time = 1.697161e-08, elapsed = 3438.6 sec
Step =   4665: nodes = 12826, dt = 5.795421e-12, time = 1.697740e-08, elapsed = 3439.2 sec
Step =   4666: nodes = 12826, dt = 3.477252e-12, time = 1.698088e-08, elapsed = 3440.0 sec
Step =   4667: nodes = 12829, dt = 3.477252e-12, time = 1.698436e-08, elapsed = 3440.6 sec
Step =   4668: nodes = 12834, dt = 4.172703e-12, time = 1.698853e-08, elapsed = 3441.2 sec
Step =   4669: nodes = 12836, dt = 5.007243e-12, time = 1.699354e-08, elapsed = 3441.8 sec
Step =   4670: nodes = 12838, dt = 6.008692e-12, time = 1.699955e-08, elapsed = 3442.4 sec
Step =   4671: nodes = 12831, dt = 1.802608e-12, time = 1.700135e-08, elapsed = 3443.4 sec
Step =   4672: nodes = 12833, dt = 1.802608e-12, time = 1.700315e-08, elapsed = 3443.9 sec
Step =   4673: nodes = 12832, dt = 2.163129e-12, time = 1.700531e-08, elapsed = 3444.4 sec
Step =   4674: nodes = 12831, dt = 2.595755e-12, time = 1.700791e-08, elapsed = 3444.9 sec
Step =   4675: nodes = 12828, dt = 3.114906e-12, time = 1.701102e-08, elapsed = 3445.5 sec
Step =   4676: nodes = 12829, dt = 3.737887e-12, time = 1.701476e-08, elapsed = 3446.1 sec
Step =   4677: nodes = 12833, dt = 4.485465e-12, time = 1.701925e-08, elapsed = 3446.6 sec
Step =   4678: nodes = 12833, dt = 5.382558e-12, time = 1.702463e-08, elapsed = 3447.3 sec
Step =   4679: nodes = 12828, dt = 6.459069e-12, time = 1.703109e-08, elapsed = 3447.9 sec
Step =   4680: nodes = 12831, dt = 3.875441e-12, time = 1.703497e-08, elapsed = 3448.7 sec
Step =   4681: nodes = 12834, dt = 3.875441e-12, time = 1.703884e-08, elapsed = 3449.3 sec
Step =   4682: nodes = 12837, dt = 4.650530e-12, time = 1.704349e-08, elapsed = 3450.1 sec
Step =   4683: nodes = 12833, dt = 5.580636e-12, time = 1.704907e-08, elapsed = 3450.7 sec
Step =   4684: nodes = 12836, dt = 3.348381e-12, time = 1.705242e-08, elapsed = 3451.5 sec
Step =   4685: nodes = 12833, dt = 3.348381e-12, time = 1.705577e-08, elapsed = 3452.1 sec
Step =   4686: nodes = 12836, dt = 4.018058e-12, time = 1.705979e-08, elapsed = 3452.7 sec
Step =   4687: nodes = 12835, dt = 2.410835e-12, time = 1.706220e-08, elapsed = 3453.5 sec
Step =   4688: nodes = 12833, dt = 2.410835e-12, time = 1.706461e-08, elapsed = 3454.1 sec
Step =   4689: nodes = 12829, dt = 2.893002e-12, time = 1.706750e-08, elapsed = 3454.6 sec
Step =   4690: nodes = 12831, dt = 1.735801e-12, time = 1.706924e-08, elapsed = 3455.5 sec
Step =   4691: nodes = 12833, dt = 1.735801e-12, time = 1.707097e-08, elapsed = 3456.3 sec
Step =   4692: nodes = 12829, dt = 2.082961e-12, time = 1.707306e-08, elapsed = 3456.9 sec
Step =   4693: nodes = 12834, dt = 2.499553e-12, time = 1.707556e-08, elapsed = 3457.5 sec
Step =   4694: nodes = 12831, dt = 1.499732e-12, time = 1.707706e-08, elapsed = 3458.2 sec
Step =   4695: nodes = 12829, dt = 1.499732e-12, time = 1.707855e-08, elapsed = 3458.8 sec
Step =   4696: nodes = 12824, dt = 1.799678e-12, time = 1.708035e-08, elapsed = 3459.4 sec
Step =   4697: nodes = 12822, dt = 1.079807e-12, time = 1.708143e-08, elapsed = 3460.1 sec
Step =   4698: nodes = 12824, dt = 1.079807e-12, time = 1.708251e-08, elapsed = 3460.6 sec
Step =   4699: nodes = 12824, dt = 1.295768e-12, time = 1.708381e-08, elapsed = 3461.2 sec
Step =   4700: nodes = 12821, dt = 1.554922e-12, time = 1.708536e-08, elapsed = 3461.7 sec
Writing configuration in legacy data format
 Output file: /data/home/dg000246b/openDIS/inital_dislocation_structures/output_caseC_0.18%_seed12345/relax2/config.4700.data
Writing restart file
 Restart file: /data/home/dg000246b/openDIS/inital_dislocation_structures/output_caseC_0.18%_seed12345/relax2/restart.4700.exadis
Step =   4701: nodes = 12822, dt = 1.865907e-12, time = 1.708723e-08, elapsed = 3462.4 sec
Step =   4702: nodes = 12813, dt = 2.239088e-12, time = 1.708947e-08, elapsed = 3462.9 sec
Step =   4703: nodes = 12814, dt = 2.686905e-12, time = 1.709216e-08, elapsed = 3463.5 sec
Step =   4704: nodes = 12815, dt = 1.612143e-12, time = 1.709377e-08, elapsed = 3464.3 sec
Step =   4705: nodes = 12816, dt = 1.612143e-12, time = 1.709538e-08, elapsed = 3464.8 sec
Step =   4706: nodes = 12817, dt = 1.934572e-12, time = 1.709732e-08, elapsed = 3465.3 sec
Step =   4707: nodes = 12815, dt = 2.321486e-12, time = 1.709964e-08, elapsed = 3465.9 sec
Step =   4708: nodes = 12810, dt = 2.785784e-12, time = 1.710242e-08, elapsed = 3466.4 sec
Step =   4709: nodes = 12810, dt = 3.342940e-12, time = 1.710577e-08, elapsed = 3467.0 sec
Step =   4710: nodes = 12803, dt = 4.011528e-12, time = 1.710978e-08, elapsed = 3467.6 sec
Step =   4711: nodes = 12802, dt = 2.406917e-12, time = 1.711218e-08, elapsed = 3468.4 sec
Step =   4712: nodes = 12800, dt = 2.406917e-12, time = 1.711459e-08, elapsed = 3468.9 sec
Step =   4713: nodes = 12800, dt = 2.888300e-12, time = 1.711748e-08, elapsed = 3469.5 sec
Step =   4714: nodes = 12804, dt = 3.465961e-12, time = 1.712095e-08, elapsed = 3470.1 sec
Step =   4715: nodes = 12801, dt = 4.159153e-12, time = 1.712510e-08, elapsed = 3470.7 sec
Step =   4716: nodes = 12803, dt = 2.495492e-12, time = 1.712760e-08, elapsed = 3471.4 sec
Step =   4717: nodes = 12804, dt = 2.495492e-12, time = 1.713010e-08, elapsed = 3472.0 sec
Step =   4718: nodes = 12801, dt = 2.994590e-12, time = 1.713309e-08, elapsed = 3472.5 sec
Step =   4719: nodes = 12803, dt = 3.593508e-12, time = 1.713668e-08, elapsed = 3473.0 sec
Step =   4720: nodes = 12801, dt = 4.312209e-12, time = 1.714100e-08, elapsed = 3473.6 sec
Step =   4721: nodes = 12807, dt = 2.587326e-12, time = 1.714358e-08, elapsed = 3474.4 sec
Step =   4722: nodes = 12805, dt = 2.587326e-12, time = 1.714617e-08, elapsed = 3474.9 sec
Step =   4723: nodes = 12806, dt = 3.104791e-12, time = 1.714928e-08, elapsed = 3475.4 sec
Step =   4724: nodes = 12805, dt = 3.725749e-12, time = 1.715300e-08, elapsed = 3476.0 sec
Step =   4725: nodes = 12805, dt = 2.235449e-12, time = 1.715524e-08, elapsed = 3476.8 sec
Step =   4726: nodes = 12806, dt = 2.235449e-12, time = 1.715747e-08, elapsed = 3477.3 sec
Step =   4727: nodes = 12802, dt = 2.682539e-12, time = 1.716015e-08, elapsed = 3477.8 sec
Step =   4728: nodes = 12801, dt = 3.219047e-12, time = 1.716337e-08, elapsed = 3478.4 sec
Step =   4729: nodes = 12793, dt = 1.931428e-12, time = 1.716531e-08, elapsed = 3479.2 sec
Step =   4730: nodes = 12787, dt = 1.931428e-12, time = 1.716724e-08, elapsed = 3479.7 sec
Step =   4731: nodes = 12790, dt = 2.317714e-12, time = 1.716955e-08, elapsed = 3480.2 sec
Step =   4732: nodes = 12788, dt = 2.781257e-12, time = 1.717234e-08, elapsed = 3480.9 sec
Step =   4733: nodes = 12786, dt = 3.337508e-12, time = 1.717567e-08, elapsed = 3481.5 sec
Step =   4734: nodes = 12790, dt = 2.002505e-12, time = 1.717768e-08, elapsed = 3482.2 sec
Step =   4735: nodes = 12788, dt = 2.002505e-12, time = 1.717968e-08, elapsed = 3482.7 sec
Step =   4736: nodes = 12787, dt = 2.403006e-12, time = 1.718208e-08, elapsed = 3483.3 sec
Step =   4737: nodes = 12793, dt = 2.883607e-12, time = 1.718496e-08, elapsed = 3483.9 sec
Step =   4738: nodes = 12794, dt = 3.460328e-12, time = 1.718842e-08, elapsed = 3484.5 sec
Step =   4739: nodes = 12791, dt = 2.076197e-12, time = 1.719050e-08, elapsed = 3485.2 sec
Step =   4740: nodes = 12790, dt = 2.076197e-12, time = 1.719258e-08, elapsed = 3486.1 sec
Step =   4741: nodes = 12788, dt = 2.491436e-12, time = 1.719507e-08, elapsed = 3486.6 sec
Step =   4742: nodes = 12785, dt = 2.989724e-12, time = 1.719806e-08, elapsed = 3487.2 sec
Step =   4743: nodes = 12783, dt = 1.793834e-12, time = 1.719985e-08, elapsed = 3488.0 sec
Step =   4744: nodes = 12780, dt = 8.969171e-13, time = 1.720075e-08, elapsed = 3488.7 sec
Step =   4745: nodes = 12778, dt = 8.969171e-13, time = 1.720165e-08, elapsed = 3489.2 sec
Step =   4746: nodes = 12775, dt = 1.076301e-12, time = 1.720272e-08, elapsed = 3489.8 sec
Step =   4747: nodes = 12779, dt = 1.291561e-12, time = 1.720401e-08, elapsed = 3490.3 sec
Step =   4748: nodes = 12776, dt = 1.549873e-12, time = 1.720556e-08, elapsed = 3490.8 sec
Step =   4749: nodes = 12780, dt = 1.859847e-12, time = 1.720742e-08, elapsed = 3491.4 sec
Step =   4750: nodes = 12780, dt = 2.231817e-12, time = 1.720966e-08, elapsed = 3491.9 sec
Step =   4751: nodes = 12783, dt = 1.339090e-12, time = 1.721099e-08, elapsed = 3492.7 sec
Step =   4752: nodes = 12783, dt = 1.339090e-12, time = 1.721233e-08, elapsed = 3493.2 sec
Step =   4753: nodes = 12778, dt = 1.606908e-12, time = 1.721394e-08, elapsed = 3493.7 sec
Step =   4754: nodes = 12779, dt = 1.928290e-12, time = 1.721587e-08, elapsed = 3494.3 sec
Step =   4755: nodes = 12780, dt = 2.313948e-12, time = 1.721818e-08, elapsed = 3494.9 sec
Step =   4756: nodes = 12779, dt = 1.388369e-12, time = 1.721957e-08, elapsed = 3495.6 sec
Step =   4757: nodes = 12776, dt = 1.388369e-12, time = 1.722096e-08, elapsed = 3496.2 sec
Step =   4758: nodes = 12777, dt = 1.666042e-12, time = 1.722263e-08, elapsed = 3496.7 sec
Step =   4759: nodes = 12774, dt = 9.996254e-13, time = 1.722363e-08, elapsed = 3497.5 sec
Step =   4760: nodes = 12773, dt = 9.996254e-13, time = 1.722462e-08, elapsed = 3498.0 sec
Step =   4761: nodes = 12772, dt = 1.199550e-12, time = 1.722582e-08, elapsed = 3498.5 sec
Step =   4762: nodes = 12769, dt = 1.439461e-12, time = 1.722726e-08, elapsed = 3499.0 sec
Step =   4763: nodes = 12768, dt = 1.727353e-12, time = 1.722899e-08, elapsed = 3499.5 sec
Step =   4764: nodes = 12756, dt = 2.072823e-12, time = 1.723106e-08, elapsed = 3500.0 sec
Step =   4765: nodes = 12759, dt = 1.243694e-12, time = 1.723231e-08, elapsed = 3500.8 sec
Step =   4766: nodes = 12761, dt = 1.243694e-12, time = 1.723355e-08, elapsed = 3501.3 sec
Step =   4767: nodes = 12758, dt = 1.492433e-12, time = 1.723504e-08, elapsed = 3501.8 sec
Step =   4768: nodes = 12756, dt = 1.790919e-12, time = 1.723683e-08, elapsed = 3502.4 sec
Step =   4769: nodes = 12754, dt = 2.149103e-12, time = 1.723898e-08, elapsed = 3502.9 sec
Step =   4770: nodes = 12751, dt = 2.578924e-12, time = 1.724156e-08, elapsed = 3503.5 sec
Step =   4771: nodes = 12753, dt = 3.094708e-12, time = 1.724466e-08, elapsed = 3504.0 sec
Step =   4772: nodes = 12755, dt = 3.713650e-12, time = 1.724837e-08, elapsed = 3504.6 sec
Step =   4773: nodes = 12762, dt = 4.456380e-12, time = 1.725283e-08, elapsed = 3505.3 sec
Step =   4774: nodes = 12761, dt = 5.347656e-12, time = 1.725818e-08, elapsed = 3506.0 sec
Step =   4775: nodes = 12763, dt = 3.208594e-12, time = 1.726138e-08, elapsed = 3506.7 sec
Step =   4776: nodes = 12765, dt = 3.208594e-12, time = 1.726459e-08, elapsed = 3507.3 sec
Step =   4777: nodes = 12764, dt = 3.850312e-12, time = 1.726844e-08, elapsed = 3507.9 sec
Step =   4778: nodes = 12764, dt = 4.620375e-12, time = 1.727306e-08, elapsed = 3508.5 sec
Step =   4779: nodes = 12764, dt = 5.544450e-12, time = 1.727861e-08, elapsed = 3509.1 sec
Step =   4780: nodes = 12769, dt = 3.326670e-12, time = 1.728193e-08, elapsed = 3509.9 sec
Step =   4781: nodes = 12769, dt = 3.326670e-12, time = 1.728526e-08, elapsed = 3510.4 sec
Step =   4782: nodes = 12770, dt = 3.992004e-12, time = 1.728925e-08, elapsed = 3511.0 sec
Step =   4783: nodes = 12771, dt = 4.790405e-12, time = 1.729404e-08, elapsed = 3511.6 sec
Step =   4784: nodes = 12767, dt = 5.748486e-12, time = 1.729979e-08, elapsed = 3512.3 sec
Step =   4785: nodes = 12764, dt = 6.898183e-12, time = 1.730669e-08, elapsed = 3512.9 sec
Step =   4786: nodes = 12762, dt = 8.277819e-12, time = 1.731497e-08, elapsed = 3513.6 sec
Step =   4787: nodes = 12765, dt = 4.966692e-12, time = 1.731993e-08, elapsed = 3514.5 sec
Step =   4788: nodes = 12764, dt = 2.483346e-12, time = 1.732242e-08, elapsed = 3515.3 sec
Step =   4789: nodes = 12757, dt = 2.483346e-12, time = 1.732490e-08, elapsed = 3515.9 sec
Step =   4790: nodes = 12756, dt = 2.980015e-12, time = 1.732788e-08, elapsed = 3516.7 sec
Step =   4791: nodes = 12748, dt = 3.576018e-12, time = 1.733146e-08, elapsed = 3517.3 sec
Step =   4792: nodes = 12749, dt = 2.145611e-12, time = 1.733360e-08, elapsed = 3518.0 sec
Step =   4793: nodes = 12745, dt = 2.145611e-12, time = 1.733575e-08, elapsed = 3518.5 sec
Step =   4794: nodes = 12751, dt = 2.574733e-12, time = 1.733832e-08, elapsed = 3519.0 sec
Step =   4795: nodes = 12752, dt = 3.089679e-12, time = 1.734141e-08, elapsed = 3519.6 sec
Step =   4796: nodes = 12753, dt = 3.707615e-12, time = 1.734512e-08, elapsed = 3520.2 sec
Step =   4797: nodes = 12754, dt = 4.449138e-12, time = 1.734957e-08, elapsed = 3520.7 sec
Step =   4798: nodes = 12755, dt = 1.334742e-12, time = 1.735090e-08, elapsed = 3521.7 sec
Step =   4799: nodes = 12755, dt = 1.334742e-12, time = 1.735224e-08, elapsed = 3522.2 sec
Step =   4800: nodes = 12757, dt = 1.601690e-12, time = 1.735384e-08, elapsed = 3522.8 sec
Writing configuration in legacy data format
 Output file: /data/home/dg000246b/openDIS/inital_dislocation_structures/output_caseC_0.18%_seed12345/relax2/config.4800.data
Writing restart file
 Restart file: /data/home/dg000246b/openDIS/inital_dislocation_structures/output_caseC_0.18%_seed12345/relax2/restart.4800.exadis
Step =   4801: nodes = 12751, dt = 1.922028e-12, time = 1.735576e-08, elapsed = 3523.4 sec
Step =   4802: nodes = 12753, dt = 2.306433e-12, time = 1.735807e-08, elapsed = 3524.0 sec
Step =   4803: nodes = 12749, dt = 2.767720e-12, time = 1.736084e-08, elapsed = 3524.5 sec
Step =   4804: nodes = 12751, dt = 3.321264e-12, time = 1.736416e-08, elapsed = 3525.1 sec
Step =   4805: nodes = 12753, dt = 3.985517e-12, time = 1.736814e-08, elapsed = 3525.7 sec
Step =   4806: nodes = 12756, dt = 4.782620e-12, time = 1.737293e-08, elapsed = 3526.4 sec
Step =   4807: nodes = 12757, dt = 5.739144e-12, time = 1.737867e-08, elapsed = 3527.0 sec
Step =   4808: nodes = 12760, dt = 6.886973e-12, time = 1.738555e-08, elapsed = 3527.7 sec
Step =   4809: nodes = 12750, dt = 8.264368e-12, time = 1.739382e-08, elapsed = 3528.4 sec
Step =   4810: nodes = 12753, dt = 4.958621e-12, time = 1.739878e-08, elapsed = 3529.2 sec
Step =   4811: nodes = 12752, dt = 4.958621e-12, time = 1.740373e-08, elapsed = 3529.8 sec
Step =   4812: nodes = 12750, dt = 2.975172e-12, time = 1.740671e-08, elapsed = 3530.6 sec
Step =   4813: nodes = 12754, dt = 2.975172e-12, time = 1.740968e-08, elapsed = 3531.1 sec
Step =   4814: nodes = 12758, dt = 3.570207e-12, time = 1.741325e-08, elapsed = 3531.7 sec
Step =   4815: nodes = 12752, dt = 4.284248e-12, time = 1.741754e-08, elapsed = 3532.3 sec
Step =   4816: nodes = 12750, dt = 2.570549e-12, time = 1.742011e-08, elapsed = 3533.1 sec
Step =   4817: nodes = 12753, dt = 1.285274e-12, time = 1.742139e-08, elapsed = 3533.8 sec
Step =   4818: nodes = 12753, dt = 1.285274e-12, time = 1.742268e-08, elapsed = 3534.4 sec
Step =   4819: nodes = 12753, dt = 1.542329e-12, time = 1.742422e-08, elapsed = 3535.0 sec
Step =   4820: nodes = 12751, dt = 1.850795e-12, time = 1.742607e-08, elapsed = 3535.5 sec
Step =   4821: nodes = 12754, dt = 2.220954e-12, time = 1.742829e-08, elapsed = 3536.1 sec
Step =   4822: nodes = 12753, dt = 1.332573e-12, time = 1.742963e-08, elapsed = 3536.9 sec
Step =   4823: nodes = 12750, dt = 1.332573e-12, time = 1.743096e-08, elapsed = 3537.4 sec
Step =   4824: nodes = 12752, dt = 1.599087e-12, time = 1.743256e-08, elapsed = 3538.0 sec
Step =   4825: nodes = 12749, dt = 1.918905e-12, time = 1.743448e-08, elapsed = 3538.5 sec
Step =   4826: nodes = 12755, dt = 2.302685e-12, time = 1.743678e-08, elapsed = 3539.1 sec
Step =   4827: nodes = 12752, dt = 2.763223e-12, time = 1.743954e-08, elapsed = 3539.7 sec
Step =   4828: nodes = 12751, dt = 3.315867e-12, time = 1.744286e-08, elapsed = 3540.3 sec
Step =   4829: nodes = 12759, dt = 3.979040e-12, time = 1.744684e-08, elapsed = 3540.9 sec
Step =   4830: nodes = 12758, dt = 2.387424e-12, time = 1.744923e-08, elapsed = 3541.7 sec
Step =   4831: nodes = 12756, dt = 2.387424e-12, time = 1.745161e-08, elapsed = 3542.3 sec
Step =   4832: nodes = 12761, dt = 2.864909e-12, time = 1.745448e-08, elapsed = 3542.9 sec
Step =   4833: nodes = 12760, dt = 3.437891e-12, time = 1.745792e-08, elapsed = 3543.5 sec
Step =   4834: nodes = 12758, dt = 1.031367e-12, time = 1.745895e-08, elapsed = 3544.5 sec
Step =   4835: nodes = 12760, dt = 1.031367e-12, time = 1.745998e-08, elapsed = 3545.0 sec
Step =   4836: nodes = 12757, dt = 1.237641e-12, time = 1.746122e-08, elapsed = 3545.5 sec
Step =   4837: nodes = 12760, dt = 7.425844e-13, time = 1.746196e-08, elapsed = 3546.5 sec
Step =   4838: nodes = 12756, dt = 7.425844e-13, time = 1.746270e-08, elapsed = 3547.0 sec
Step =   4839: nodes = 12757, dt = 4.455507e-13, time = 1.746315e-08, elapsed = 3547.8 sec
Step =   4840: nodes = 12759, dt = 4.455507e-13, time = 1.746359e-08, elapsed = 3548.3 sec
Step =   4841: nodes = 12757, dt = 5.346608e-13, time = 1.746413e-08, elapsed = 3548.8 sec
Step =   4842: nodes = 12755, dt = 6.415930e-13, time = 1.746477e-08, elapsed = 3549.3 sec
Step =   4843: nodes = 12755, dt = 7.699115e-13, time = 1.746554e-08, elapsed = 3549.8 sec
Step =   4844: nodes = 12756, dt = 9.238939e-13, time = 1.746646e-08, elapsed = 3550.3 sec
Step =   4845: nodes = 12753, dt = 1.108673e-12, time = 1.746757e-08, elapsed = 3550.8 sec
Step =   4846: nodes = 12753, dt = 1.330407e-12, time = 1.746890e-08, elapsed = 3551.4 sec
Step =   4847: nodes = 12751, dt = 1.596489e-12, time = 1.747050e-08, elapsed = 3551.9 sec
Step =   4848: nodes = 12754, dt = 1.915786e-12, time = 1.747241e-08, elapsed = 3552.5 sec
Step =   4849: nodes = 12750, dt = 2.298944e-12, time = 1.747471e-08, elapsed = 3553.0 sec
Step =   4850: nodes = 12749, dt = 1.379366e-12, time = 1.747609e-08, elapsed = 3553.8 sec
Step =   4851: nodes = 12748, dt = 1.379366e-12, time = 1.747747e-08, elapsed = 3554.3 sec
Step =   4852: nodes = 12745, dt = 1.655239e-12, time = 1.747913e-08, elapsed = 3554.8 sec
Step =   4853: nodes = 12743, dt = 1.986287e-12, time = 1.748111e-08, elapsed = 3555.3 sec
Step =   4854: nodes = 12742, dt = 2.383545e-12, time = 1.748350e-08, elapsed = 3555.9 sec
Step =   4855: nodes = 12739, dt = 2.860254e-12, time = 1.748636e-08, elapsed = 3556.5 sec
Step =   4856: nodes = 12744, dt = 3.432304e-12, time = 1.748979e-08, elapsed = 3557.0 sec
Step =   4857: nodes = 12746, dt = 4.118765e-12, time = 1.749391e-08, elapsed = 3557.6 sec
Step =   4858: nodes = 12744, dt = 2.471259e-12, time = 1.749638e-08, elapsed = 3558.3 sec
Step =   4859: nodes = 12741, dt = 2.471259e-12, time = 1.749885e-08, elapsed = 3558.9 sec
Step =   4860: nodes = 12738, dt = 2.965511e-12, time = 1.750182e-08, elapsed = 3559.4 sec
Step =   4861: nodes = 12740, dt = 3.558613e-12, time = 1.750537e-08, elapsed = 3560.0 sec
Step =   4862: nodes = 12738, dt = 4.270336e-12, time = 1.750964e-08, elapsed = 3560.6 sec
Step =   4863: nodes = 12739, dt = 5.124403e-12, time = 1.751477e-08, elapsed = 3561.2 sec
Step =   4864: nodes = 12739, dt = 3.074642e-12, time = 1.751784e-08, elapsed = 3561.9 sec
Step =   4865: nodes = 12733, dt = 3.074642e-12, time = 1.752092e-08, elapsed = 3562.5 sec
Step =   4866: nodes = 12735, dt = 3.689570e-12, time = 1.752461e-08, elapsed = 3563.1 sec
Step =   4867: nodes = 12740, dt = 4.427484e-12, time = 1.752904e-08, elapsed = 3563.7 sec
Step =   4868: nodes = 12741, dt = 5.312981e-12, time = 1.753435e-08, elapsed = 3564.2 sec
Step =   4869: nodes = 12743, dt = 3.187789e-12, time = 1.753754e-08, elapsed = 3565.0 sec
Step =   4870: nodes = 12740, dt = 3.187789e-12, time = 1.754072e-08, elapsed = 3565.6 sec
Step =   4871: nodes = 12739, dt = 3.825346e-12, time = 1.754455e-08, elapsed = 3566.2 sec
Step =   4872: nodes = 12740, dt = 4.590416e-12, time = 1.754914e-08, elapsed = 3566.8 sec
Step =   4873: nodes = 12742, dt = 2.754249e-12, time = 1.755189e-08, elapsed = 3567.5 sec
Step =   4874: nodes = 12742, dt = 2.754249e-12, time = 1.755465e-08, elapsed = 3568.1 sec
Step =   4875: nodes = 12744, dt = 3.305099e-12, time = 1.755795e-08, elapsed = 3568.6 sec
Step =   4876: nodes = 12742, dt = 3.966119e-12, time = 1.756192e-08, elapsed = 3569.2 sec
Step =   4877: nodes = 12740, dt = 4.759343e-12, time = 1.756668e-08, elapsed = 3569.8 sec
Step =   4878: nodes = 12745, dt = 5.711211e-12, time = 1.757239e-08, elapsed = 3570.5 sec
Step =   4879: nodes = 12751, dt = 3.426727e-12, time = 1.757582e-08, elapsed = 3571.3 sec
Step =   4880: nodes = 12748, dt = 3.426727e-12, time = 1.757924e-08, elapsed = 3571.8 sec
Step =   4881: nodes = 12748, dt = 4.112072e-12, time = 1.758336e-08, elapsed = 3572.4 sec
Step =   4882: nodes = 12750, dt = 4.934487e-12, time = 1.758829e-08, elapsed = 3573.0 sec
Step =   4883: nodes = 12750, dt = 5.921384e-12, time = 1.759421e-08, elapsed = 3573.6 sec
Step =   4884: nodes = 12748, dt = 3.552830e-12, time = 1.759776e-08, elapsed = 3574.4 sec
Step =   4885: nodes = 12744, dt = 3.552830e-12, time = 1.760132e-08, elapsed = 3575.0 sec
Step =   4886: nodes = 12743, dt = 4.263396e-12, time = 1.760558e-08, elapsed = 3575.6 sec
Step =   4887: nodes = 12747, dt = 5.116076e-12, time = 1.761070e-08, elapsed = 3576.5 sec
Step =   4888: nodes = 12738, dt = 6.139291e-12, time = 1.761684e-08, elapsed = 3577.1 sec
Step =   4889: nodes = 12741, dt = 3.683575e-12, time = 1.762052e-08, elapsed = 3577.9 sec
Step =   4890: nodes = 12748, dt = 3.683575e-12, time = 1.762420e-08, elapsed = 3578.5 sec
Step =   4891: nodes = 12744, dt = 4.420289e-12, time = 1.762862e-08, elapsed = 3579.1 sec
Step =   4892: nodes = 12742, dt = 5.304347e-12, time = 1.763393e-08, elapsed = 3579.7 sec
Step =   4893: nodes = 12746, dt = 6.365217e-12, time = 1.764029e-08, elapsed = 3580.4 sec
Step =   4894: nodes = 12746, dt = 3.819130e-12, time = 1.764411e-08, elapsed = 3581.2 sec
Step =   4895: nodes = 12748, dt = 3.819130e-12, time = 1.764793e-08, elapsed = 3581.7 sec
Step =   4896: nodes = 12745, dt = 4.582956e-12, time = 1.765251e-08, elapsed = 3582.4 sec
Step =   4897: nodes = 12746, dt = 5.499547e-12, time = 1.765801e-08, elapsed = 3583.0 sec
Step =   4898: nodes = 12744, dt = 6.599457e-12, time = 1.766461e-08, elapsed = 3583.7 sec
Step =   4899: nodes = 12751, dt = 3.959674e-12, time = 1.766857e-08, elapsed = 3584.5 sec
Step =   4900: nodes = 12750, dt = 3.959674e-12, time = 1.767253e-08, elapsed = 3585.0 sec
Writing configuration in legacy data format
 Output file: /data/home/dg000246b/openDIS/inital_dislocation_structures/output_caseC_0.18%_seed12345/relax2/config.4900.data
Writing restart file
 Restart file: /data/home/dg000246b/openDIS/inital_dislocation_structures/output_caseC_0.18%_seed12345/relax2/restart.4900.exadis
Step =   4901: nodes = 12747, dt = 4.751609e-12, time = 1.767728e-08, elapsed = 3585.8 sec
Step =   4902: nodes = 12749, dt = 2.850965e-12, time = 1.768014e-08, elapsed = 3586.6 sec
Step =   4903: nodes = 12750, dt = 2.850965e-12, time = 1.768299e-08, elapsed = 3587.2 sec
Step =   4904: nodes = 12753, dt = 3.421158e-12, time = 1.768641e-08, elapsed = 3587.7 sec
Step =   4905: nodes = 12752, dt = 4.105390e-12, time = 1.769051e-08, elapsed = 3588.3 sec
Step =   4906: nodes = 12750, dt = 4.926468e-12, time = 1.769544e-08, elapsed = 3588.9 sec
Step =   4907: nodes = 12749, dt = 5.911762e-12, time = 1.770135e-08, elapsed = 3589.6 sec
Step =   4908: nodes = 12748, dt = 7.094114e-12, time = 1.770844e-08, elapsed = 3590.3 sec
Step =   4909: nodes = 12750, dt = 4.256468e-12, time = 1.771270e-08, elapsed = 3591.1 sec
Step =   4910: nodes = 12751, dt = 4.256468e-12, time = 1.771696e-08, elapsed = 3591.7 sec
Step =   4911: nodes = 12740, dt = 5.107762e-12, time = 1.772207e-08, elapsed = 3592.3 sec
Step =   4912: nodes = 12744, dt = 6.129315e-12, time = 1.772819e-08, elapsed = 3592.9 sec
Step =   4913: nodes = 12743, dt = 3.677589e-12, time = 1.773187e-08, elapsed = 3593.7 sec
Step =   4914: nodes = 12739, dt = 3.677589e-12, time = 1.773555e-08, elapsed = 3594.3 sec
Step =   4915: nodes = 12744, dt = 4.413106e-12, time = 1.773996e-08, elapsed = 3594.8 sec
Step =   4916: nodes = 12745, dt = 5.295728e-12, time = 1.774526e-08, elapsed = 3595.5 sec
Step =   4917: nodes = 12742, dt = 6.354873e-12, time = 1.775161e-08, elapsed = 3596.2 sec
Step =   4918: nodes = 12738, dt = 7.625848e-12, time = 1.775924e-08, elapsed = 3596.9 sec
Step =   4919: nodes = 12738, dt = 4.575509e-12, time = 1.776382e-08, elapsed = 3597.7 sec
Step =   4920: nodes = 12745, dt = 4.575509e-12, time = 1.776839e-08, elapsed = 3598.3 sec
Step =   4921: nodes = 12742, dt = 5.490611e-12, time = 1.777388e-08, elapsed = 3598.9 sec
Step =   4922: nodes = 12743, dt = 3.294366e-12, time = 1.777718e-08, elapsed = 3599.7 sec
Step =   4923: nodes = 12741, dt = 3.294366e-12, time = 1.778047e-08, elapsed = 3600.3 sec
Step =   4924: nodes = 12742, dt = 3.953240e-12, time = 1.778442e-08, elapsed = 3601.0 sec
Step =   4925: nodes = 12741, dt = 4.743888e-12, time = 1.778917e-08, elapsed = 3601.6 sec
Step =   4926: nodes = 12744, dt = 2.846333e-12, time = 1.779201e-08, elapsed = 3602.4 sec
Step =   4927: nodes = 12744, dt = 2.846333e-12, time = 1.779486e-08, elapsed = 3603.0 sec
Step =   4928: nodes = 12745, dt = 3.415599e-12, time = 1.779828e-08, elapsed = 3603.7 sec
Step =   4929: nodes = 12742, dt = 4.098719e-12, time = 1.780237e-08, elapsed = 3604.3 sec
Step =   4930: nodes = 12746, dt = 4.918463e-12, time = 1.780729e-08, elapsed = 3604.9 sec
Step =   4931: nodes = 12744, dt = 2.951078e-12, time = 1.781024e-08, elapsed = 3606.0 sec
Step =   4932: nodes = 12742, dt = 2.951078e-12, time = 1.781319e-08, elapsed = 3606.7 sec
Step =   4933: nodes = 12738, dt = 3.541293e-12, time = 1.781674e-08, elapsed = 3607.4 sec
Step =   4934: nodes = 12738, dt = 2.124776e-12, time = 1.781886e-08, elapsed = 3608.1 sec
Step =   4935: nodes = 12734, dt = 2.124776e-12, time = 1.782099e-08, elapsed = 3608.8 sec
Step =   4936: nodes = 12738, dt = 2.549731e-12, time = 1.782354e-08, elapsed = 3609.4 sec
Step =   4937: nodes = 12738, dt = 3.059677e-12, time = 1.782660e-08, elapsed = 3610.0 sec
Step =   4938: nodes = 12741, dt = 3.671613e-12, time = 1.783027e-08, elapsed = 3610.6 sec
Step =   4939: nodes = 12745, dt = 4.405935e-12, time = 1.783467e-08, elapsed = 3611.1 sec
Step =   4940: nodes = 12744, dt = 2.643561e-12, time = 1.783732e-08, elapsed = 3612.0 sec
Step =   4941: nodes = 12747, dt = 2.643561e-12, time = 1.783996e-08, elapsed = 3612.6 sec
Step =   4942: nodes = 12745, dt = 3.172273e-12, time = 1.784313e-08, elapsed = 3613.2 sec
Step =   4943: nodes = 12742, dt = 3.806728e-12, time = 1.784694e-08, elapsed = 3613.8 sec
Step =   4944: nodes = 12739, dt = 4.568074e-12, time = 1.785151e-08, elapsed = 3614.4 sec
Step =   4945: nodes = 12737, dt = 2.740844e-12, time = 1.785425e-08, elapsed = 3615.2 sec
Step =   4946: nodes = 12739, dt = 2.740844e-12, time = 1.785699e-08, elapsed = 3615.8 sec
Step =   4947: nodes = 12740, dt = 3.289013e-12, time = 1.786028e-08, elapsed = 3616.4 sec
Step =   4948: nodes = 12740, dt = 3.946816e-12, time = 1.786422e-08, elapsed = 3617.1 sec
Step =   4949: nodes = 12739, dt = 4.736179e-12, time = 1.786896e-08, elapsed = 3617.7 sec
Step =   4950: nodes = 12732, dt = 5.683414e-12, time = 1.787464e-08, elapsed = 3618.3 sec
Step =   4951: nodes = 12732, dt = 6.820097e-12, time = 1.788146e-08, elapsed = 3619.0 sec
Step =   4952: nodes = 12736, dt = 4.092058e-12, time = 1.788556e-08, elapsed = 3619.8 sec
Step =   4953: nodes = 12742, dt = 4.092058e-12, time = 1.788965e-08, elapsed = 3620.3 sec
Step =   4954: nodes = 12743, dt = 4.910470e-12, time = 1.789456e-08, elapsed = 3620.9 sec
Step =   4955: nodes = 12743, dt = 5.892564e-12, time = 1.790045e-08, elapsed = 3621.6 sec
Step =   4956: nodes = 12745, dt = 7.071077e-12, time = 1.790752e-08, elapsed = 3622.2 sec
Step =   4957: nodes = 12742, dt = 4.242646e-12, time = 1.791176e-08, elapsed = 3623.1 sec
Step =   4958: nodes = 12751, dt = 4.242646e-12, time = 1.791601e-08, elapsed = 3623.6 sec
Step =   4959: nodes = 12750, dt = 5.091175e-12, time = 1.792110e-08, elapsed = 3624.2 sec
Step =   4960: nodes = 12750, dt = 6.109410e-12, time = 1.792721e-08, elapsed = 3624.9 sec
Step =   4961: nodes = 12754, dt = 7.331293e-12, time = 1.793454e-08, elapsed = 3625.7 sec
Step =   4962: nodes = 12759, dt = 4.398776e-12, time = 1.793894e-08, elapsed = 3626.5 sec
Step =   4963: nodes = 12756, dt = 4.398776e-12, time = 1.794334e-08, elapsed = 3627.1 sec
Step =   4964: nodes = 12751, dt = 5.278531e-12, time = 1.794862e-08, elapsed = 3627.8 sec
Step =   4965: nodes = 12743, dt = 6.334237e-12, time = 1.795495e-08, elapsed = 3628.6 sec
Step =   4966: nodes = 12741, dt = 7.601084e-12, time = 1.796255e-08, elapsed = 3629.2 sec
Step =   4967: nodes = 12740, dt = 4.560650e-12, time = 1.796711e-08, elapsed = 3630.0 sec
Step =   4968: nodes = 12736, dt = 4.560650e-12, time = 1.797167e-08, elapsed = 3630.6 sec
Step =   4969: nodes = 12734, dt = 5.472781e-12, time = 1.797714e-08, elapsed = 3631.2 sec
Step =   4970: nodes = 12731, dt = 3.283668e-12, time = 1.798043e-08, elapsed = 3632.0 sec
Step =   4971: nodes = 12731, dt = 3.283668e-12, time = 1.798371e-08, elapsed = 3632.6 sec
Step =   4972: nodes = 12728, dt = 3.940402e-12, time = 1.798765e-08, elapsed = 3633.3 sec
Step =   4973: nodes = 12731, dt = 4.728482e-12, time = 1.799238e-08, elapsed = 3633.9 sec
Step =   4974: nodes = 12737, dt = 5.674179e-12, time = 1.799806e-08, elapsed = 3634.5 sec
Step =   4975: nodes = 12732, dt = 6.809015e-12, time = 1.800486e-08, elapsed = 3635.2 sec
Step =   4976: nodes = 12737, dt = 4.085409e-12, time = 1.800895e-08, elapsed = 3636.3 sec
Step =   4977: nodes = 12738, dt = 4.085409e-12, time = 1.801304e-08, elapsed = 3636.9 sec
Step =   4978: nodes = 12733, dt = 4.902491e-12, time = 1.801794e-08, elapsed = 3637.6 sec
Step =   4979: nodes = 12739, dt = 5.882989e-12, time = 1.802382e-08, elapsed = 3638.3 sec
Step =   4980: nodes = 12738, dt = 3.529793e-12, time = 1.802735e-08, elapsed = 3639.1 sec
Step =   4981: nodes = 12734, dt = 3.529793e-12, time = 1.803088e-08, elapsed = 3639.7 sec
Step =   4982: nodes = 12736, dt = 4.235752e-12, time = 1.803512e-08, elapsed = 3640.2 sec
Step =   4983: nodes = 12732, dt = 5.082902e-12, time = 1.804020e-08, elapsed = 3640.8 sec
Step =   4984: nodes = 12729, dt = 3.049741e-12, time = 1.804325e-08, elapsed = 3641.6 sec
Step =   4985: nodes = 12729, dt = 3.049741e-12, time = 1.804630e-08, elapsed = 3642.2 sec
Step =   4986: nodes = 12726, dt = 3.659690e-12, time = 1.804996e-08, elapsed = 3642.7 sec
Step =   4987: nodes = 12730, dt = 4.391627e-12, time = 1.805435e-08, elapsed = 3643.3 sec
Step =   4988: nodes = 12739, dt = 5.269953e-12, time = 1.805962e-08, elapsed = 3643.9 sec
Step =   4989: nodes = 12736, dt = 3.161972e-12, time = 1.806278e-08, elapsed = 3644.7 sec
Step =   4990: nodes = 12736, dt = 3.161972e-12, time = 1.806594e-08, elapsed = 3645.3 sec
Step =   4991: nodes = 12736, dt = 3.794366e-12, time = 1.806974e-08, elapsed = 3645.8 sec
Step =   4992: nodes = 12740, dt = 4.553239e-12, time = 1.807429e-08, elapsed = 3646.4 sec
Step =   4993: nodes = 12734, dt = 5.463887e-12, time = 1.807975e-08, elapsed = 3647.0 sec
Step =   4994: nodes = 12743, dt = 3.278332e-12, time = 1.808303e-08, elapsed = 3647.8 sec
Step =   4995: nodes = 12734, dt = 3.278332e-12, time = 1.808631e-08, elapsed = 3648.4 sec
Step =   4996: nodes = 12736, dt = 3.933999e-12, time = 1.809025e-08, elapsed = 3648.9 sec
Step =   4997: nodes = 12733, dt = 2.360399e-12, time = 1.809261e-08, elapsed = 3649.7 sec
Step =   4998: nodes = 12741, dt = 2.360399e-12, time = 1.809497e-08, elapsed = 3650.2 sec
Step =   4999: nodes = 12743, dt = 2.832479e-12, time = 1.809780e-08, elapsed = 3650.8 sec
Step =   5000: nodes = 12741, dt = 3.398975e-12, time = 1.810120e-08, elapsed = 3651.4 sec
Writing configuration in legacy data format
 Output file: /data/home/dg000246b/openDIS/inital_dislocation_structures/output_caseC_0.18%_seed12345/relax2/config.5000.data
Writing restart file
 Restart file: /data/home/dg000246b/openDIS/inital_dislocation_structures/output_caseC_0.18%_seed12345/relax2/restart.5000.exadis
Step =   5001: nodes = 12739, dt = 4.078770e-12, time = 1.810528e-08, elapsed = 3652.1 sec
Step =   5002: nodes = 12743, dt = 4.894524e-12, time = 1.811017e-08, elapsed = 3652.8 sec
Step =   5003: nodes = 12746, dt = 5.873429e-12, time = 1.811604e-08, elapsed = 3653.4 sec
Step =   5004: nodes = 12744, dt = 7.048115e-12, time = 1.812309e-08, elapsed = 3654.0 sec
Step =   5005: nodes = 12741, dt = 4.228869e-12, time = 1.812732e-08, elapsed = 3654.8 sec
Step =   5006: nodes = 12740, dt = 4.228869e-12, time = 1.813155e-08, elapsed = 3655.4 sec
Step =   5007: nodes = 12743, dt = 5.074642e-12, time = 1.813663e-08, elapsed = 3656.0 sec
Step =   5008: nodes = 12743, dt = 6.089571e-12, time = 1.814271e-08, elapsed = 3656.6 sec
Step =   5009: nodes = 12741, dt = 3.653743e-12, time = 1.814637e-08, elapsed = 3657.4 sec
Step =   5010: nodes = 12743, dt = 3.653743e-12, time = 1.815002e-08, elapsed = 3658.0 sec
Step =   5011: nodes = 12741, dt = 4.384491e-12, time = 1.815441e-08, elapsed = 3658.6 sec
Step =   5012: nodes = 12746, dt = 5.261389e-12, time = 1.815967e-08, elapsed = 3659.2 sec
Step =   5013: nodes = 12745, dt = 6.313667e-12, time = 1.816598e-08, elapsed = 3659.9 sec
Step =   5014: nodes = 12747, dt = 3.788200e-12, time = 1.816977e-08, elapsed = 3660.7 sec
Step =   5015: nodes = 12744, dt = 3.788200e-12, time = 1.817356e-08, elapsed = 3661.2 sec
Step =   5016: nodes = 12739, dt = 4.545840e-12, time = 1.817810e-08, elapsed = 3661.9 sec
Step =   5017: nodes = 12736, dt = 5.455008e-12, time = 1.818356e-08, elapsed = 3662.5 sec
Step =   5018: nodes = 12731, dt = 6.546010e-12, time = 1.819010e-08, elapsed = 3663.1 sec
Step =   5019: nodes = 12737, dt = 3.927606e-12, time = 1.819403e-08, elapsed = 3664.0 sec
Step =   5020: nodes = 12733, dt = 3.927606e-12, time = 1.819796e-08, elapsed = 3664.5 sec
Step =   5021: nodes = 12737, dt = 4.713127e-12, time = 1.820267e-08, elapsed = 3665.2 sec
Step =   5022: nodes = 12735, dt = 5.655753e-12, time = 1.820833e-08, elapsed = 3666.1 sec
Step =   5023: nodes = 12734, dt = 3.393452e-12, time = 1.821172e-08, elapsed = 3666.9 sec
Step =   5024: nodes = 12732, dt = 3.393452e-12, time = 1.821512e-08, elapsed = 3667.5 sec
Step =   5025: nodes = 12732, dt = 4.072142e-12, time = 1.821919e-08, elapsed = 3668.1 sec
Step =   5026: nodes = 12737, dt = 4.886570e-12, time = 1.822407e-08, elapsed = 3668.7 sec
Step =   5027: nodes = 12735, dt = 5.863884e-12, time = 1.822994e-08, elapsed = 3669.3 sec
Step =   5028: nodes = 12732, dt = 7.036661e-12, time = 1.823698e-08, elapsed = 3670.0 sec
Step =   5029: nodes = 12731, dt = 4.221997e-12, time = 1.824120e-08, elapsed = 3670.8 sec
Step =   5030: nodes = 12735, dt = 4.221997e-12, time = 1.824542e-08, elapsed = 3671.4 sec
Step =   5031: nodes = 12740, dt = 5.066396e-12, time = 1.825049e-08, elapsed = 3672.0 sec
Step =   5032: nodes = 12738, dt = 3.039838e-12, time = 1.825353e-08, elapsed = 3672.8 sec
Step =   5033: nodes = 12736, dt = 3.039838e-12, time = 1.825657e-08, elapsed = 3673.5 sec
Step =   5034: nodes = 12740, dt = 3.647805e-12, time = 1.826021e-08, elapsed = 3674.1 sec
Step =   5035: nodes = 12739, dt = 4.377366e-12, time = 1.826459e-08, elapsed = 3674.6 sec
Step =   5036: nodes = 12742, dt = 5.252840e-12, time = 1.826984e-08, elapsed = 3675.2 sec
Step =   5037: nodes = 12737, dt = 3.151704e-12, time = 1.827300e-08, elapsed = 3676.0 sec
Step =   5038: nodes = 12734, dt = 3.151704e-12, time = 1.827615e-08, elapsed = 3676.5 sec
Step =   5039: nodes = 12741, dt = 3.782044e-12, time = 1.827993e-08, elapsed = 3677.1 sec
Step =   5040: nodes = 12741, dt = 4.538453e-12, time = 1.828447e-08, elapsed = 3677.7 sec
Step =   5041: nodes = 12741, dt = 2.723072e-12, time = 1.828719e-08, elapsed = 3678.4 sec
Step =   5042: nodes = 12745, dt = 2.723072e-12, time = 1.828991e-08, elapsed = 3678.9 sec
Step =   5043: nodes = 12747, dt = 3.267686e-12, time = 1.829318e-08, elapsed = 3679.5 sec
Step =   5044: nodes = 12750, dt = 3.921224e-12, time = 1.829710e-08, elapsed = 3680.1 sec
Step =   5045: nodes = 12749, dt = 4.705468e-12, time = 1.830181e-08, elapsed = 3680.7 sec
Step =   5046: nodes = 12751, dt = 2.823281e-12, time = 1.830463e-08, elapsed = 3681.4 sec
Step =   5047: nodes = 12750, dt = 2.823281e-12, time = 1.830745e-08, elapsed = 3682.0 sec
Step =   5048: nodes = 12754, dt = 3.387937e-12, time = 1.831084e-08, elapsed = 3682.5 sec
Step =   5049: nodes = 12751, dt = 4.065525e-12, time = 1.831491e-08, elapsed = 3683.1 sec
Step =   5050: nodes = 12743, dt = 4.878630e-12, time = 1.831979e-08, elapsed = 3683.7 sec
Step =   5051: nodes = 12742, dt = 2.927178e-12, time = 1.832271e-08, elapsed = 3684.5 sec
Step =   5052: nodes = 12745, dt = 2.927178e-12, time = 1.832564e-08, elapsed = 3685.0 sec
Step =   5053: nodes = 12740, dt = 3.512613e-12, time = 1.832915e-08, elapsed = 3685.6 sec
Step =   5054: nodes = 12740, dt = 4.215136e-12, time = 1.833337e-08, elapsed = 3686.1 sec
Step =   5055: nodes = 12737, dt = 5.058163e-12, time = 1.833843e-08, elapsed = 3686.8 sec
Step =   5056: nodes = 12739, dt = 3.034898e-12, time = 1.834146e-08, elapsed = 3687.5 sec
Step =   5057: nodes = 12742, dt = 3.034898e-12, time = 1.834450e-08, elapsed = 3688.1 sec
Step =   5058: nodes = 12745, dt = 3.641878e-12, time = 1.834814e-08, elapsed = 3688.7 sec
Step =   5059: nodes = 12742, dt = 4.370253e-12, time = 1.835251e-08, elapsed = 3689.4 sec
Step =   5060: nodes = 12746, dt = 5.244304e-12, time = 1.835775e-08, elapsed = 3690.0 sec
Step =   5061: nodes = 12746, dt = 6.293164e-12, time = 1.836405e-08, elapsed = 3690.6 sec
Step =   5062: nodes = 12747, dt = 3.775899e-12, time = 1.836782e-08, elapsed = 3691.4 sec
Step =   5063: nodes = 12746, dt = 3.775899e-12, time = 1.837160e-08, elapsed = 3692.0 sec
Step =   5064: nodes = 12744, dt = 4.531078e-12, time = 1.837613e-08, elapsed = 3692.6 sec
Step =   5065: nodes = 12752, dt = 5.437294e-12, time = 1.838157e-08, elapsed = 3693.2 sec
Step =   5066: nodes = 12750, dt = 6.524753e-12, time = 1.838809e-08, elapsed = 3693.9 sec
Step =   5067: nodes = 12752, dt = 3.914852e-12, time = 1.839201e-08, elapsed = 3694.6 sec
Step =   5068: nodes = 12753, dt = 3.914852e-12, time = 1.839592e-08, elapsed = 3695.2 sec
Step =   5069: nodes = 12746, dt = 4.697822e-12, time = 1.840062e-08, elapsed = 3695.9 sec
Step =   5070: nodes = 12751, dt = 2.818693e-12, time = 1.840344e-08, elapsed = 3696.9 sec
Step =   5071: nodes = 12749, dt = 2.818693e-12, time = 1.840626e-08, elapsed = 3697.5 sec
Step =   5072: nodes = 12744, dt = 3.382432e-12, time = 1.840964e-08, elapsed = 3698.1 sec
Step =   5073: nodes = 12743, dt = 4.058918e-12, time = 1.841370e-08, elapsed = 3698.7 sec
Step =   5074: nodes = 12748, dt = 4.870702e-12, time = 1.841857e-08, elapsed = 3699.3 sec
Step =   5075: nodes = 12742, dt = 5.844842e-12, time = 1.842441e-08, elapsed = 3700.0 sec
Step =   5076: nodes = 12738, dt = 7.013811e-12, time = 1.843143e-08, elapsed = 3700.6 sec
Step =   5077: nodes = 12740, dt = 4.208286e-12, time = 1.843563e-08, elapsed = 3701.4 sec
Step =   5078: nodes = 12737, dt = 4.208286e-12, time = 1.843984e-08, elapsed = 3702.0 sec
Step =   5079: nodes = 12737, dt = 5.049944e-12, time = 1.844489e-08, elapsed = 3702.6 sec
Step =   5080: nodes = 12738, dt = 6.059932e-12, time = 1.845095e-08, elapsed = 3703.3 sec
Step =   5081: nodes = 12736, dt = 7.271919e-12, time = 1.845822e-08, elapsed = 3703.9 sec
Step =   5082: nodes = 12743, dt = 4.363151e-12, time = 1.846259e-08, elapsed = 3704.7 sec
Step =   5083: nodes = 12745, dt = 4.363151e-12, time = 1.846695e-08, elapsed = 3705.3 sec
Step =   5084: nodes = 12741, dt = 5.235782e-12, time = 1.847219e-08, elapsed = 3705.9 sec
Step =   5085: nodes = 12748, dt = 6.282938e-12, time = 1.847847e-08, elapsed = 3706.5 sec
Step =   5086: nodes = 12745, dt = 3.769763e-12, time = 1.848224e-08, elapsed = 3707.3 sec
Step =   5087: nodes = 12743, dt = 3.769763e-12, time = 1.848601e-08, elapsed = 3707.9 sec
Step =   5088: nodes = 12745, dt = 4.523715e-12, time = 1.849053e-08, elapsed = 3708.5 sec
Step =   5089: nodes = 12740, dt = 5.428458e-12, time = 1.849596e-08, elapsed = 3709.2 sec
Step =   5090: nodes = 12740, dt = 6.514150e-12, time = 1.850248e-08, elapsed = 3709.9 sec
Step =   5091: nodes = 12738, dt = 3.908490e-12, time = 1.850638e-08, elapsed = 3710.7 sec
Step =   5092: nodes = 12733, dt = 3.908490e-12, time = 1.851029e-08, elapsed = 3711.3 sec
Step =   5093: nodes = 12738, dt = 4.690188e-12, time = 1.851498e-08, elapsed = 3711.9 sec
Step =   5094: nodes = 12738, dt = 5.628226e-12, time = 1.852061e-08, elapsed = 3712.6 sec
Step =   5095: nodes = 12738, dt = 6.753871e-12, time = 1.852737e-08, elapsed = 3713.2 sec
Step =   5096: nodes = 12733, dt = 4.052323e-12, time = 1.853142e-08, elapsed = 3714.0 sec
Step =   5097: nodes = 12740, dt = 4.052323e-12, time = 1.853547e-08, elapsed = 3714.6 sec
Step =   5098: nodes = 12742, dt = 4.862787e-12, time = 1.854033e-08, elapsed = 3715.2 sec
Step =   5099: nodes = 12742, dt = 5.835344e-12, time = 1.854617e-08, elapsed = 3715.9 sec
Step =   5100: nodes = 12749, dt = 7.002413e-12, time = 1.855317e-08, elapsed = 3716.6 sec
Writing configuration in legacy data format
 Output file: /data/home/dg000246b/openDIS/inital_dislocation_structures/output_caseC_0.18%_seed12345/relax2/config.5100.data
Writing restart file
 Restart file: /data/home/dg000246b/openDIS/inital_dislocation_structures/output_caseC_0.18%_seed12345/relax2/restart.5100.exadis
Step =   5101: nodes = 12751, dt = 4.201448e-12, time = 1.855737e-08, elapsed = 3717.5 sec
Step =   5102: nodes = 12746, dt = 4.201448e-12, time = 1.856157e-08, elapsed = 3718.2 sec
Step =   5103: nodes = 12751, dt = 5.041738e-12, time = 1.856661e-08, elapsed = 3718.8 sec
Step =   5104: nodes = 12751, dt = 6.050085e-12, time = 1.857267e-08, elapsed = 3719.4 sec
Step =   5105: nodes = 12760, dt = 7.260102e-12, time = 1.857993e-08, elapsed = 3720.0 sec
Step =   5106: nodes = 12755, dt = 4.356061e-12, time = 1.858428e-08, elapsed = 3720.9 sec
Step =   5107: nodes = 12755, dt = 4.356061e-12, time = 1.858864e-08, elapsed = 3721.4 sec
Step =   5108: nodes = 12753, dt = 5.227274e-12, time = 1.859386e-08, elapsed = 3722.1 sec
Step =   5109: nodes = 12748, dt = 6.272728e-12, time = 1.860014e-08, elapsed = 3722.8 sec
Step =   5110: nodes = 12750, dt = 3.763637e-12, time = 1.860390e-08, elapsed = 3723.6 sec
Step =   5111: nodes = 12754, dt = 3.763637e-12, time = 1.860766e-08, elapsed = 3724.2 sec
Step =   5112: nodes = 12757, dt = 4.516364e-12, time = 1.861218e-08, elapsed = 3724.9 sec
Step =   5113: nodes = 12759, dt = 5.419637e-12, time = 1.861760e-08, elapsed = 3725.6 sec
Step =   5114: nodes = 12760, dt = 3.251782e-12, time = 1.862085e-08, elapsed = 3726.6 sec
Step =   5115: nodes = 12753, dt = 3.251782e-12, time = 1.862410e-08, elapsed = 3727.3 sec
Step =   5116: nodes = 12755, dt = 3.902139e-12, time = 1.862801e-08, elapsed = 3728.0 sec
Step =   5117: nodes = 12756, dt = 4.682567e-12, time = 1.863269e-08, elapsed = 3728.6 sec
Step =   5118: nodes = 12749, dt = 2.809540e-12, time = 1.863550e-08, elapsed = 3729.3 sec
Step =   5119: nodes = 12747, dt = 1.404770e-12, time = 1.863690e-08, elapsed = 3730.1 sec
Step =   5120: nodes = 12749, dt = 7.023850e-13, time = 1.863761e-08, elapsed = 3730.8 sec
Step =   5121: nodes = 12747, dt = 7.023850e-13, time = 1.863831e-08, elapsed = 3731.3 sec
Step =   5122: nodes = 12745, dt = 8.428620e-13, time = 1.863915e-08, elapsed = 3731.8 sec
Step =   5123: nodes = 12744, dt = 1.011434e-12, time = 1.864016e-08, elapsed = 3732.3 sec
Step =   5124: nodes = 12739, dt = 1.213721e-12, time = 1.864138e-08, elapsed = 3732.8 sec
Step =   5125: nodes = 12732, dt = 1.456465e-12, time = 1.864283e-08, elapsed = 3733.3 sec
Step =   5126: nodes = 12726, dt = 1.747759e-12, time = 1.864458e-08, elapsed = 3733.8 sec
Step =   5127: nodes = 12724, dt = 2.097310e-12, time = 1.864668e-08, elapsed = 3734.4 sec
Step =   5128: nodes = 12717, dt = 2.516772e-12, time = 1.864919e-08, elapsed = 3735.0 sec
Step =   5129: nodes = 12714, dt = 3.020127e-12, time = 1.865221e-08, elapsed = 3735.5 sec
Step =   5130: nodes = 12717, dt = 3.624152e-12, time = 1.865584e-08, elapsed = 3736.1 sec
Step =   5131: nodes = 12718, dt = 4.348983e-12, time = 1.866019e-08, elapsed = 3736.7 sec
Step =   5132: nodes = 12713, dt = 5.218779e-12, time = 1.866541e-08, elapsed = 3737.3 sec
Step =   5133: nodes = 12714, dt = 3.131268e-12, time = 1.866854e-08, elapsed = 3738.1 sec
Step =   5134: nodes = 12711, dt = 3.131268e-12, time = 1.867167e-08, elapsed = 3738.6 sec
Step =   5135: nodes = 12713, dt = 3.757521e-12, time = 1.867543e-08, elapsed = 3739.2 sec
Step =   5136: nodes = 12713, dt = 4.509025e-12, time = 1.867994e-08, elapsed = 3739.7 sec
Step =   5137: nodes = 12712, dt = 5.410830e-12, time = 1.868535e-08, elapsed = 3740.3 sec
Step =   5138: nodes = 12709, dt = 3.246498e-12, time = 1.868859e-08, elapsed = 3741.1 sec
Step =   5139: nodes = 12714, dt = 3.246498e-12, time = 1.869184e-08, elapsed = 3741.7 sec
Step =   5140: nodes = 12710, dt = 3.895798e-12, time = 1.869573e-08, elapsed = 3742.2 sec
Step =   5141: nodes = 12706, dt = 4.674957e-12, time = 1.870041e-08, elapsed = 3742.8 sec
Step =   5142: nodes = 12717, dt = 5.609949e-12, time = 1.870602e-08, elapsed = 3743.4 sec
Step =   5143: nodes = 12714, dt = 3.365969e-12, time = 1.870939e-08, elapsed = 3744.2 sec
Step =   5144: nodes = 12713, dt = 3.365969e-12, time = 1.871275e-08, elapsed = 3744.7 sec
Step =   5145: nodes = 12717, dt = 4.039163e-12, time = 1.871679e-08, elapsed = 3745.3 sec
Step =   5146: nodes = 12719, dt = 2.423498e-12, time = 1.871921e-08, elapsed = 3746.1 sec
Step =   5147: nodes = 12717, dt = 2.423498e-12, time = 1.872164e-08, elapsed = 3746.7 sec
Step =   5148: nodes = 12717, dt = 2.908197e-12, time = 1.872455e-08, elapsed = 3747.2 sec
Step =   5149: nodes = 12714, dt = 3.489837e-12, time = 1.872804e-08, elapsed = 3747.8 sec
Step =   5150: nodes = 12711, dt = 4.187804e-12, time = 1.873222e-08, elapsed = 3748.4 sec
Step =   5151: nodes = 12713, dt = 2.512683e-12, time = 1.873474e-08, elapsed = 3749.1 sec
Step =   5152: nodes = 12710, dt = 2.512683e-12, time = 1.873725e-08, elapsed = 3749.7 sec
Step =   5153: nodes = 12712, dt = 3.015219e-12, time = 1.874026e-08, elapsed = 3750.3 sec
Step =   5154: nodes = 12714, dt = 3.618263e-12, time = 1.874388e-08, elapsed = 3750.9 sec
Step =   5155: nodes = 12714, dt = 2.170958e-12, time = 1.874605e-08, elapsed = 3751.6 sec
Step =   5156: nodes = 12716, dt = 2.170958e-12, time = 1.874822e-08, elapsed = 3752.2 sec
Step =   5157: nodes = 12719, dt = 2.605149e-12, time = 1.875083e-08, elapsed = 3752.8 sec
Step =   5158: nodes = 12710, dt = 3.126179e-12, time = 1.875396e-08, elapsed = 3753.4 sec
Step =   5159: nodes = 12716, dt = 3.751415e-12, time = 1.875771e-08, elapsed = 3754.0 sec
Step =   5160: nodes = 12717, dt = 2.250849e-12, time = 1.875996e-08, elapsed = 3754.8 sec
Step =   5161: nodes = 12719, dt = 2.250849e-12, time = 1.876221e-08, elapsed = 3755.3 sec
Step =   5162: nodes = 12718, dt = 2.701019e-12, time = 1.876491e-08, elapsed = 3756.2 sec
Step =   5163: nodes = 12716, dt = 3.241223e-12, time = 1.876815e-08, elapsed = 3756.8 sec
Step =   5164: nodes = 12717, dt = 3.889467e-12, time = 1.877204e-08, elapsed = 3757.5 sec
Step =   5165: nodes = 12713, dt = 4.667361e-12, time = 1.877671e-08, elapsed = 3758.1 sec
Step =   5166: nodes = 12718, dt = 5.600833e-12, time = 1.878231e-08, elapsed = 3758.7 sec
Step =   5167: nodes = 12722, dt = 3.360500e-12, time = 1.878567e-08, elapsed = 3759.5 sec
Step =   5168: nodes = 12724, dt = 3.360500e-12, time = 1.878903e-08, elapsed = 3760.1 sec
Step =   5169: nodes = 12725, dt = 4.032599e-12, time = 1.879306e-08, elapsed = 3760.6 sec
Step =   5170: nodes = 12726, dt = 2.419560e-12, time = 1.879548e-08, elapsed = 3761.4 sec
Step =   5171: nodes = 12723, dt = 1.209780e-12, time = 1.879669e-08, elapsed = 3762.2 sec
Step =   5172: nodes = 12726, dt = 1.209780e-12, time = 1.879790e-08, elapsed = 3762.7 sec
Step =   5173: nodes = 12727, dt = 1.451736e-12, time = 1.879935e-08, elapsed = 3763.2 sec
Step =   5174: nodes = 12724, dt = 1.742083e-12, time = 1.880110e-08, elapsed = 3763.7 sec
Step =   5175: nodes = 12727, dt = 2.090500e-12, time = 1.880319e-08, elapsed = 3764.3 sec
Step =   5176: nodes = 12730, dt = 1.254300e-12, time = 1.880444e-08, elapsed = 3765.1 sec
Step =   5177: nodes = 12724, dt = 1.254300e-12, time = 1.880569e-08, elapsed = 3765.6 sec
Step =   5178: nodes = 12723, dt = 1.505160e-12, time = 1.880720e-08, elapsed = 3766.1 sec
Step =   5179: nodes = 12724, dt = 1.806192e-12, time = 1.880901e-08, elapsed = 3766.7 sec
Step =   5180: nodes = 12719, dt = 2.167430e-12, time = 1.881117e-08, elapsed = 3767.2 sec
Step =   5181: nodes = 12717, dt = 2.600916e-12, time = 1.881377e-08, elapsed = 3767.8 sec
Step =   5182: nodes = 12717, dt = 3.121099e-12, time = 1.881690e-08, elapsed = 3768.4 sec
Step =   5183: nodes = 12720, dt = 3.745319e-12, time = 1.882064e-08, elapsed = 3769.0 sec
Step =   5184: nodes = 12719, dt = 4.494383e-12, time = 1.882514e-08, elapsed = 3769.7 sec
Step =   5185: nodes = 12720, dt = 5.393259e-12, time = 1.883053e-08, elapsed = 3770.3 sec
Step =   5186: nodes = 12712, dt = 3.235956e-12, time = 1.883376e-08, elapsed = 3771.1 sec
Step =   5187: nodes = 12714, dt = 3.235956e-12, time = 1.883700e-08, elapsed = 3771.6 sec
Step =   5188: nodes = 12714, dt = 3.883147e-12, time = 1.884088e-08, elapsed = 3772.3 sec
Step =   5189: nodes = 12717, dt = 4.659776e-12, time = 1.884554e-08, elapsed = 3772.9 sec
Step =   5190: nodes = 12714, dt = 2.795866e-12, time = 1.884834e-08, elapsed = 3773.6 sec
Step =   5191: nodes = 12717, dt = 2.795866e-12, time = 1.885113e-08, elapsed = 3774.2 sec
Step =   5192: nodes = 12716, dt = 3.355039e-12, time = 1.885449e-08, elapsed = 3774.7 sec
Step =   5193: nodes = 12716, dt = 4.026047e-12, time = 1.885852e-08, elapsed = 3775.3 sec
Step =   5194: nodes = 12721, dt = 4.831256e-12, time = 1.886335e-08, elapsed = 3775.9 sec
Step =   5195: nodes = 12722, dt = 2.898753e-12, time = 1.886625e-08, elapsed = 3776.7 sec
Step =   5196: nodes = 12724, dt = 2.898753e-12, time = 1.886914e-08, elapsed = 3777.2 sec
Step =   5197: nodes = 12720, dt = 3.478504e-12, time = 1.887262e-08, elapsed = 3777.8 sec
Step =   5198: nodes = 12718, dt = 4.174205e-12, time = 1.887680e-08, elapsed = 3778.4 sec
Step =   5199: nodes = 12715, dt = 5.009046e-12, time = 1.888181e-08, elapsed = 3779.0 sec
Step =   5200: nodes = 12716, dt = 3.005428e-12, time = 1.888481e-08, elapsed = 3779.8 sec
Writing configuration in legacy data format
 Output file: /data/home/dg000246b/openDIS/inital_dislocation_structures/output_caseC_0.18%_seed12345/relax2/config.5200.data
Writing restart file
 Restart file: /data/home/dg000246b/openDIS/inital_dislocation_structures/output_caseC_0.18%_seed12345/relax2/restart.5200.exadis
Step =   5201: nodes = 12713, dt = 3.005428e-12, time = 1.888782e-08, elapsed = 3780.5 sec
Step =   5202: nodes = 12714, dt = 3.606513e-12, time = 1.889142e-08, elapsed = 3781.1 sec
Step =   5203: nodes = 12716, dt = 4.327816e-12, time = 1.889575e-08, elapsed = 3781.7 sec
Step =   5204: nodes = 12714, dt = 5.193379e-12, time = 1.890095e-08, elapsed = 3782.3 sec
Step =   5205: nodes = 12715, dt = 3.116027e-12, time = 1.890406e-08, elapsed = 3783.1 sec
Step =   5206: nodes = 12713, dt = 3.116027e-12, time = 1.890718e-08, elapsed = 3783.7 sec
Step =   5207: nodes = 12719, dt = 3.739233e-12, time = 1.891092e-08, elapsed = 3784.3 sec
Step =   5208: nodes = 12724, dt = 4.487079e-12, time = 1.891540e-08, elapsed = 3784.8 sec
Step =   5209: nodes = 12721, dt = 2.692248e-12, time = 1.891810e-08, elapsed = 3785.6 sec
Step =   5210: nodes = 12717, dt = 2.692248e-12, time = 1.892079e-08, elapsed = 3786.5 sec
Step =   5211: nodes = 12714, dt = 3.230697e-12, time = 1.892402e-08, elapsed = 3787.1 sec
Step =   5212: nodes = 12718, dt = 3.876837e-12, time = 1.892790e-08, elapsed = 3787.8 sec
Step =   5213: nodes = 12723, dt = 4.652204e-12, time = 1.893255e-08, elapsed = 3788.4 sec
Step =   5214: nodes = 12719, dt = 5.582645e-12, time = 1.893813e-08, elapsed = 3789.0 sec
Step =   5215: nodes = 12723, dt = 6.699174e-12, time = 1.894483e-08, elapsed = 3789.7 sec
Step =   5216: nodes = 12718, dt = 2.009752e-12, time = 1.894684e-08, elapsed = 3790.6 sec
Step =   5217: nodes = 12717, dt = 2.009752e-12, time = 1.894885e-08, elapsed = 3791.2 sec
Step =   5218: nodes = 12715, dt = 2.411703e-12, time = 1.895126e-08, elapsed = 3791.8 sec
Step =   5219: nodes = 12718, dt = 2.894043e-12, time = 1.895415e-08, elapsed = 3792.3 sec
Step =   5220: nodes = 12713, dt = 1.736426e-12, time = 1.895589e-08, elapsed = 3793.1 sec
Step =   5221: nodes = 12714, dt = 1.736426e-12, time = 1.895763e-08, elapsed = 3793.6 sec
Step =   5222: nodes = 12709, dt = 2.083711e-12, time = 1.895971e-08, elapsed = 3794.2 sec
Step =   5223: nodes = 12707, dt = 2.500453e-12, time = 1.896221e-08, elapsed = 3794.7 sec
Step =   5224: nodes = 12708, dt = 3.000544e-12, time = 1.896521e-08, elapsed = 3795.3 sec
Step =   5225: nodes = 12714, dt = 3.600653e-12, time = 1.896881e-08, elapsed = 3795.9 sec
Step =   5226: nodes = 12708, dt = 4.320783e-12, time = 1.897313e-08, elapsed = 3796.5 sec
Step =   5227: nodes = 12705, dt = 5.184940e-12, time = 1.897832e-08, elapsed = 3797.1 sec
Step =   5228: nodes = 12705, dt = 6.221928e-12, time = 1.898454e-08, elapsed = 3797.7 sec
Step =   5229: nodes = 12709, dt = 7.466313e-12, time = 1.899201e-08, elapsed = 3798.4 sec
Step =   5230: nodes = 12702, dt = 8.959576e-12, time = 1.900097e-08, elapsed = 3799.2 sec
Step =   5231: nodes = 12697, dt = 1.075149e-11, time = 1.901172e-08, elapsed = 3799.9 sec
Step =   5232: nodes = 12701, dt = 6.450895e-12, time = 1.901817e-08, elapsed = 3800.7 sec
Step =   5233: nodes = 12702, dt = 6.450895e-12, time = 1.902462e-08, elapsed = 3801.4 sec
Step =   5234: nodes = 12708, dt = 7.741073e-12, time = 1.903236e-08, elapsed = 3802.0 sec
Step =   5235: nodes = 12703, dt = 9.289288e-12, time = 1.904165e-08, elapsed = 3802.9 sec
Step =   5236: nodes = 12707, dt = 1.114715e-11, time = 1.905280e-08, elapsed = 3803.6 sec
Step =   5237: nodes = 12703, dt = 6.688287e-12, time = 1.905949e-08, elapsed = 3804.5 sec
Step =   5238: nodes = 12706, dt = 6.688287e-12, time = 1.906617e-08, elapsed = 3805.1 sec
Step =   5239: nodes = 12707, dt = 8.025945e-12, time = 1.907420e-08, elapsed = 3805.8 sec
Step =   5240: nodes = 12702, dt = 9.631134e-12, time = 1.908383e-08, elapsed = 3806.5 sec
Step =   5241: nodes = 12704, dt = 1.155736e-11, time = 1.909539e-08, elapsed = 3807.3 sec
Step =   5242: nodes = 12702, dt = 6.934416e-12, time = 1.910232e-08, elapsed = 3808.3 sec
Step =   5243: nodes = 12699, dt = 6.934416e-12, time = 1.910926e-08, elapsed = 3808.9 sec
Step =   5244: nodes = 12699, dt = 8.321300e-12, time = 1.911758e-08, elapsed = 3809.6 sec
Step =   5245: nodes = 12700, dt = 9.985560e-12, time = 1.912756e-08, elapsed = 3810.3 sec
Step =   5246: nodes = 12697, dt = 5.991336e-12, time = 1.913356e-08, elapsed = 3811.2 sec
Step =   5247: nodes = 12699, dt = 5.991336e-12, time = 1.913955e-08, elapsed = 3811.8 sec
Step =   5248: nodes = 12702, dt = 7.189603e-12, time = 1.914674e-08, elapsed = 3812.5 sec
Step =   5249: nodes = 12698, dt = 8.627524e-12, time = 1.915536e-08, elapsed = 3813.2 sec
Step =   5250: nodes = 12700, dt = 5.176514e-12, time = 1.916054e-08, elapsed = 3814.0 sec
Step =   5251: nodes = 12697, dt = 5.176514e-12, time = 1.916572e-08, elapsed = 3814.6 sec
Step =   5252: nodes = 12698, dt = 6.211817e-12, time = 1.917193e-08, elapsed = 3815.3 sec
Step =   5253: nodes = 12694, dt = 3.727090e-12, time = 1.917566e-08, elapsed = 3816.4 sec
Step =   5254: nodes = 12693, dt = 3.727090e-12, time = 1.917938e-08, elapsed = 3816.9 sec
Step =   5255: nodes = 12686, dt = 4.472508e-12, time = 1.918386e-08, elapsed = 3817.5 sec
Step =   5256: nodes = 12693, dt = 5.367010e-12, time = 1.918922e-08, elapsed = 3818.1 sec
Step =   5257: nodes = 12696, dt = 6.440412e-12, time = 1.919566e-08, elapsed = 3818.8 sec
Step =   5258: nodes = 12692, dt = 3.864247e-12, time = 1.919953e-08, elapsed = 3819.6 sec
Step =   5259: nodes = 12684, dt = 3.864247e-12, time = 1.920339e-08, elapsed = 3820.2 sec
Step =   5260: nodes = 12690, dt = 2.318548e-12, time = 1.920571e-08, elapsed = 3820.9 sec
Step =   5261: nodes = 12691, dt = 2.318548e-12, time = 1.920803e-08, elapsed = 3821.5 sec
Step =   5262: nodes = 12688, dt = 2.782258e-12, time = 1.921081e-08, elapsed = 3822.0 sec
Step =   5263: nodes = 12689, dt = 3.338709e-12, time = 1.921415e-08, elapsed = 3822.6 sec
Step =   5264: nodes = 12689, dt = 4.006451e-12, time = 1.921816e-08, elapsed = 3823.3 sec
Step =   5265: nodes = 12687, dt = 4.807742e-12, time = 1.922296e-08, elapsed = 3823.9 sec
Step =   5266: nodes = 12691, dt = 2.884645e-12, time = 1.922585e-08, elapsed = 3824.6 sec
Step =   5267: nodes = 12684, dt = 2.884645e-12, time = 1.922873e-08, elapsed = 3825.2 sec
Step =   5268: nodes = 12679, dt = 3.461574e-12, time = 1.923219e-08, elapsed = 3825.8 sec
Step =   5269: nodes = 12677, dt = 4.153889e-12, time = 1.923635e-08, elapsed = 3826.4 sec
Step =   5270: nodes = 12680, dt = 2.492333e-12, time = 1.923884e-08, elapsed = 3827.1 sec
Step =   5271: nodes = 12678, dt = 2.492333e-12, time = 1.924133e-08, elapsed = 3827.7 sec
Step =   5272: nodes = 12678, dt = 2.990800e-12, time = 1.924432e-08, elapsed = 3828.3 sec
Step =   5273: nodes = 12678, dt = 3.588960e-12, time = 1.924791e-08, elapsed = 3829.0 sec
Step =   5274: nodes = 12680, dt = 2.153376e-12, time = 1.925007e-08, elapsed = 3829.7 sec
Step =   5275: nodes = 12682, dt = 2.153376e-12, time = 1.925222e-08, elapsed = 3830.3 sec
Step =   5276: nodes = 12684, dt = 2.584051e-12, time = 1.925480e-08, elapsed = 3830.9 sec
Step =   5277: nodes = 12686, dt = 3.100861e-12, time = 1.925790e-08, elapsed = 3831.4 sec
Step =   5278: nodes = 12689, dt = 1.860517e-12, time = 1.925976e-08, elapsed = 3832.2 sec
Step =   5279: nodes = 12689, dt = 1.860517e-12, time = 1.926163e-08, elapsed = 3832.8 sec
Step =   5280: nodes = 12691, dt = 2.232620e-12, time = 1.926386e-08, elapsed = 3833.4 sec
Step =   5281: nodes = 12693, dt = 2.679144e-12, time = 1.926654e-08, elapsed = 3833.9 sec
Step =   5282: nodes = 12696, dt = 3.214973e-12, time = 1.926975e-08, elapsed = 3834.5 sec
Step =   5283: nodes = 12691, dt = 3.857968e-12, time = 1.927361e-08, elapsed = 3835.1 sec
Step =   5284: nodes = 12685, dt = 4.629561e-12, time = 1.927824e-08, elapsed = 3835.7 sec
Step =   5285: nodes = 12689, dt = 2.777737e-12, time = 1.928102e-08, elapsed = 3836.4 sec
Step =   5286: nodes = 12684, dt = 2.777737e-12, time = 1.928380e-08, elapsed = 3837.0 sec
Step =   5287: nodes = 12683, dt = 3.333284e-12, time = 1.928713e-08, elapsed = 3837.6 sec
Step =   5288: nodes = 12682, dt = 3.999941e-12, time = 1.929113e-08, elapsed = 3838.2 sec
Step =   5289: nodes = 12684, dt = 4.799929e-12, time = 1.929593e-08, elapsed = 3838.8 sec
Step =   5290: nodes = 12686, dt = 5.759915e-12, time = 1.930169e-08, elapsed = 3839.4 sec
Step =   5291: nodes = 12687, dt = 3.455949e-12, time = 1.930514e-08, elapsed = 3840.2 sec
Step =   5292: nodes = 12686, dt = 3.455949e-12, time = 1.930860e-08, elapsed = 3840.8 sec
Step =   5293: nodes = 12688, dt = 2.073569e-12, time = 1.931067e-08, elapsed = 3841.5 sec
Step =   5294: nodes = 12685, dt = 2.073569e-12, time = 1.931275e-08, elapsed = 3842.0 sec
Step =   5295: nodes = 12688, dt = 2.488283e-12, time = 1.931524e-08, elapsed = 3842.6 sec
Step =   5296: nodes = 12682, dt = 2.985940e-12, time = 1.931822e-08, elapsed = 3843.1 sec
Step =   5297: nodes = 12688, dt = 3.583128e-12, time = 1.932180e-08, elapsed = 3843.7 sec
Step =   5298: nodes = 12689, dt = 4.299753e-12, time = 1.932610e-08, elapsed = 3844.2 sec
Step =   5299: nodes = 12688, dt = 2.579852e-12, time = 1.932868e-08, elapsed = 3845.0 sec
Step =   5300: nodes = 12690, dt = 2.579852e-12, time = 1.933126e-08, elapsed = 3845.6 sec
Writing configuration in legacy data format
 Output file: /data/home/dg000246b/openDIS/inital_dislocation_structures/output_caseC_0.18%_seed12345/relax2/config.5300.data
Writing restart file
 Restart file: /data/home/dg000246b/openDIS/inital_dislocation_structures/output_caseC_0.18%_seed12345/relax2/restart.5300.exadis
Step =   5301: nodes = 12689, dt = 1.547911e-12, time = 1.933281e-08, elapsed = 3846.7 sec
Step =   5302: nodes = 12690, dt = 1.547911e-12, time = 1.933436e-08, elapsed = 3847.2 sec
Step =   5303: nodes = 12689, dt = 1.857493e-12, time = 1.933622e-08, elapsed = 3847.8 sec
Step =   5304: nodes = 12690, dt = 2.228992e-12, time = 1.933845e-08, elapsed = 3848.4 sec
Step =   5305: nodes = 12690, dt = 2.674791e-12, time = 1.934112e-08, elapsed = 3848.9 sec
Step =   5306: nodes = 12692, dt = 3.209749e-12, time = 1.934433e-08, elapsed = 3849.5 sec
Step =   5307: nodes = 12691, dt = 3.851698e-12, time = 1.934818e-08, elapsed = 3850.1 sec
Step =   5308: nodes = 12686, dt = 4.622038e-12, time = 1.935280e-08, elapsed = 3850.7 sec
Step =   5309: nodes = 12692, dt = 2.773223e-12, time = 1.935558e-08, elapsed = 3851.4 sec
Step =   5310: nodes = 12690, dt = 2.773223e-12, time = 1.935835e-08, elapsed = 3852.0 sec
Step =   5311: nodes = 12690, dt = 3.327867e-12, time = 1.936168e-08, elapsed = 3852.6 sec
Step =   5312: nodes = 12692, dt = 3.993441e-12, time = 1.936567e-08, elapsed = 3853.1 sec
Step =   5313: nodes = 12692, dt = 4.792129e-12, time = 1.937046e-08, elapsed = 3853.7 sec
Step =   5314: nodes = 12692, dt = 5.750555e-12, time = 1.937621e-08, elapsed = 3854.4 sec
Step =   5315: nodes = 12691, dt = 3.450333e-12, time = 1.937967e-08, elapsed = 3855.1 sec
Step =   5316: nodes = 12687, dt = 3.450333e-12, time = 1.938312e-08, elapsed = 3855.7 sec
Step =   5317: nodes = 12686, dt = 4.140400e-12, time = 1.938726e-08, elapsed = 3856.3 sec
Step =   5318: nodes = 12689, dt = 4.968480e-12, time = 1.939222e-08, elapsed = 3856.9 sec
Step =   5319: nodes = 12690, dt = 2.981088e-12, time = 1.939521e-08, elapsed = 3857.7 sec
Step =   5320: nodes = 12688, dt = 2.981088e-12, time = 1.939819e-08, elapsed = 3858.2 sec
Step =   5321: nodes = 12685, dt = 3.577305e-12, time = 1.940176e-08, elapsed = 3858.8 sec
Step =   5322: nodes = 12684, dt = 4.292766e-12, time = 1.940606e-08, elapsed = 3859.4 sec
Step =   5323: nodes = 12690, dt = 5.151320e-12, time = 1.941121e-08, elapsed = 3859.9 sec
Step =   5324: nodes = 12690, dt = 3.090792e-12, time = 1.941430e-08, elapsed = 3860.7 sec
Step =   5325: nodes = 12692, dt = 3.090792e-12, time = 1.941739e-08, elapsed = 3861.3 sec
Step =   5326: nodes = 12688, dt = 3.708950e-12, time = 1.942110e-08, elapsed = 3861.9 sec
Step =   5327: nodes = 12690, dt = 4.450740e-12, time = 1.942555e-08, elapsed = 3862.4 sec
Step =   5328: nodes = 12692, dt = 5.340888e-12, time = 1.943089e-08, elapsed = 3863.1 sec
Step =   5329: nodes = 12696, dt = 6.409066e-12, time = 1.943730e-08, elapsed = 3863.7 sec
Step =   5330: nodes = 12696, dt = 3.845439e-12, time = 1.944114e-08, elapsed = 3864.5 sec
Step =   5331: nodes = 12698, dt = 3.845439e-12, time = 1.944499e-08, elapsed = 3865.1 sec
Step =   5332: nodes = 12699, dt = 4.614527e-12, time = 1.944960e-08, elapsed = 3865.7 sec
Step =   5333: nodes = 12697, dt = 2.768716e-12, time = 1.945237e-08, elapsed = 3866.5 sec
Step =   5334: nodes = 12695, dt = 2.768716e-12, time = 1.945514e-08, elapsed = 3867.0 sec
Step =   5335: nodes = 12688, dt = 3.322460e-12, time = 1.945846e-08, elapsed = 3867.7 sec
Step =   5336: nodes = 12686, dt = 3.986952e-12, time = 1.946245e-08, elapsed = 3868.2 sec
Step =   5337: nodes = 12681, dt = 4.784342e-12, time = 1.946724e-08, elapsed = 3868.9 sec
Step =   5338: nodes = 12687, dt = 2.870605e-12, time = 1.947011e-08, elapsed = 3869.6 sec
Step =   5339: nodes = 12683, dt = 2.870605e-12, time = 1.947298e-08, elapsed = 3870.2 sec
Step =   5340: nodes = 12685, dt = 3.444726e-12, time = 1.947642e-08, elapsed = 3870.8 sec
Step =   5341: nodes = 12686, dt = 2.066836e-12, time = 1.947849e-08, elapsed = 3871.6 sec
Step =   5342: nodes = 12681, dt = 2.066836e-12, time = 1.948056e-08, elapsed = 3872.2 sec
Step =   5343: nodes = 12682, dt = 2.480203e-12, time = 1.948304e-08, elapsed = 3872.7 sec
Step =   5344: nodes = 12680, dt = 2.976243e-12, time = 1.948601e-08, elapsed = 3873.3 sec
Step =   5345: nodes = 12680, dt = 3.571492e-12, time = 1.948958e-08, elapsed = 3873.8 sec
Step =   5346: nodes = 12669, dt = 4.285791e-12, time = 1.949387e-08, elapsed = 3874.4 sec
Step =   5347: nodes = 12675, dt = 5.142949e-12, time = 1.949901e-08, elapsed = 3875.0 sec
Step =   5348: nodes = 12675, dt = 6.171538e-12, time = 1.950518e-08, elapsed = 3875.7 sec
Step =   5349: nodes = 12674, dt = 3.702923e-12, time = 1.950889e-08, elapsed = 3876.8 sec
Step =   5350: nodes = 12679, dt = 3.702923e-12, time = 1.951259e-08, elapsed = 3877.4 sec
Step =   5351: nodes = 12680, dt = 4.443508e-12, time = 1.951703e-08, elapsed = 3878.1 sec
Step =   5352: nodes = 12685, dt = 5.332209e-12, time = 1.952237e-08, elapsed = 3878.8 sec
Step =   5353: nodes = 12684, dt = 3.199326e-12, time = 1.952556e-08, elapsed = 3879.6 sec
Step =   5354: nodes = 12688, dt = 3.199326e-12, time = 1.952876e-08, elapsed = 3880.2 sec
Step =   5355: nodes = 12695, dt = 3.839191e-12, time = 1.953260e-08, elapsed = 3880.8 sec
Step =   5356: nodes = 12699, dt = 4.607029e-12, time = 1.953721e-08, elapsed = 3881.3 sec
Step =   5357: nodes = 12693, dt = 5.528434e-12, time = 1.954274e-08, elapsed = 3882.1 sec
Step =   5358: nodes = 12699, dt = 3.317061e-12, time = 1.954606e-08, elapsed = 3882.9 sec
Step =   5359: nodes = 12701, dt = 3.317061e-12, time = 1.954937e-08, elapsed = 3883.4 sec
Step =   5360: nodes = 12703, dt = 3.980473e-12, time = 1.955335e-08, elapsed = 3884.0 sec
Step =   5361: nodes = 12704, dt = 4.776567e-12, time = 1.955813e-08, elapsed = 3884.7 sec
Step =   5362: nodes = 12712, dt = 5.731881e-12, time = 1.956386e-08, elapsed = 3885.3 sec
Step =   5363: nodes = 12710, dt = 3.439129e-12, time = 1.956730e-08, elapsed = 3886.1 sec
Step =   5364: nodes = 12704, dt = 3.439129e-12, time = 1.957074e-08, elapsed = 3886.7 sec
Step =   5365: nodes = 12705, dt = 4.126954e-12, time = 1.957487e-08, elapsed = 3887.3 sec
Step =   5366: nodes = 12699, dt = 4.952345e-12, time = 1.957982e-08, elapsed = 3888.0 sec
Step =   5367: nodes = 12697, dt = 5.942814e-12, time = 1.958576e-08, elapsed = 3888.6 sec
Step =   5368: nodes = 12697, dt = 3.565688e-12, time = 1.958933e-08, elapsed = 3889.4 sec
Step =   5369: nodes = 12698, dt = 3.565688e-12, time = 1.959289e-08, elapsed = 3890.0 sec
Step =   5370: nodes = 12697, dt = 4.278826e-12, time = 1.959717e-08, elapsed = 3890.6 sec
Step =   5371: nodes = 12695, dt = 5.134591e-12, time = 1.960231e-08, elapsed = 3891.3 sec
Step =   5372: nodes = 12694, dt = 6.161510e-12, time = 1.960847e-08, elapsed = 3892.0 sec
Step =   5373: nodes = 12692, dt = 3.696906e-12, time = 1.961217e-08, elapsed = 3892.8 sec
Step =   5374: nodes = 12694, dt = 3.696906e-12, time = 1.961586e-08, elapsed = 3893.4 sec
Step =   5375: nodes = 12689, dt = 4.436287e-12, time = 1.962030e-08, elapsed = 3894.1 sec
Step =   5376: nodes = 12690, dt = 5.323544e-12, time = 1.962562e-08, elapsed = 3894.8 sec
Step =   5377: nodes = 12693, dt = 6.388253e-12, time = 1.963201e-08, elapsed = 3895.5 sec
Step =   5378: nodes = 12691, dt = 7.665904e-12, time = 1.963968e-08, elapsed = 3896.2 sec
Step =   5379: nodes = 12692, dt = 4.599542e-12, time = 1.964428e-08, elapsed = 3897.0 sec
Step =   5380: nodes = 12686, dt = 4.599542e-12, time = 1.964888e-08, elapsed = 3897.7 sec
Step =   5381: nodes = 12695, dt = 5.519451e-12, time = 1.965439e-08, elapsed = 3898.3 sec
Step =   5382: nodes = 12692, dt = 6.623341e-12, time = 1.966102e-08, elapsed = 3899.0 sec
Step =   5383: nodes = 12698, dt = 7.948009e-12, time = 1.966897e-08, elapsed = 3899.7 sec
Step =   5384: nodes = 12693, dt = 4.768805e-12, time = 1.967373e-08, elapsed = 3900.6 sec
Step =   5385: nodes = 12696, dt = 4.768805e-12, time = 1.967850e-08, elapsed = 3901.2 sec
Step =   5386: nodes = 12697, dt = 5.722567e-12, time = 1.968423e-08, elapsed = 3901.8 sec
Step =   5387: nodes = 12691, dt = 6.867080e-12, time = 1.969109e-08, elapsed = 3902.4 sec
Step =   5388: nodes = 12690, dt = 4.120248e-12, time = 1.969521e-08, elapsed = 3903.2 sec
Step =   5389: nodes = 12696, dt = 4.120248e-12, time = 1.969933e-08, elapsed = 3903.9 sec
Step =   5390: nodes = 12701, dt = 4.944298e-12, time = 1.970428e-08, elapsed = 3904.5 sec
Step =   5391: nodes = 12696, dt = 5.933157e-12, time = 1.971021e-08, elapsed = 3905.2 sec
Step =   5392: nodes = 12700, dt = 7.119788e-12, time = 1.971733e-08, elapsed = 3905.9 sec
Step =   5393: nodes = 12696, dt = 4.271873e-12, time = 1.972160e-08, elapsed = 3906.9 sec
Step =   5394: nodes = 12695, dt = 4.271873e-12, time = 1.972587e-08, elapsed = 3907.6 sec
Step =   5395: nodes = 12700, dt = 5.126248e-12, time = 1.973100e-08, elapsed = 3908.2 sec
Step =   5396: nodes = 12694, dt = 6.151497e-12, time = 1.973715e-08, elapsed = 3908.8 sec
Step =   5397: nodes = 12695, dt = 7.381797e-12, time = 1.974453e-08, elapsed = 3909.5 sec
Step =   5398: nodes = 12697, dt = 4.429078e-12, time = 1.974896e-08, elapsed = 3910.3 sec
Step =   5399: nodes = 12689, dt = 4.429078e-12, time = 1.975339e-08, elapsed = 3910.9 sec
Step =   5400: nodes = 12691, dt = 5.314894e-12, time = 1.975871e-08, elapsed = 3911.6 sec
Writing configuration in legacy data format
 Output file: /data/home/dg000246b/openDIS/inital_dislocation_structures/output_caseC_0.18%_seed12345/relax2/config.5400.data
Writing restart file
 Restart file: /data/home/dg000246b/openDIS/inital_dislocation_structures/output_caseC_0.18%_seed12345/relax2/restart.5400.exadis
Step =   5401: nodes = 12698, dt = 6.377872e-12, time = 1.976509e-08, elapsed = 3912.4 sec
Step =   5402: nodes = 12701, dt = 7.653447e-12, time = 1.977274e-08, elapsed = 3913.1 sec
Step =   5403: nodes = 12705, dt = 4.592068e-12, time = 1.977733e-08, elapsed = 3913.9 sec
Step =   5404: nodes = 12701, dt = 4.592068e-12, time = 1.978192e-08, elapsed = 3914.6 sec
Step =   5405: nodes = 12699, dt = 5.510482e-12, time = 1.978743e-08, elapsed = 3915.2 sec
Step =   5406: nodes = 12696, dt = 6.612578e-12, time = 1.979405e-08, elapsed = 3915.8 sec
Step =   5407: nodes = 12695, dt = 3.967547e-12, time = 1.979801e-08, elapsed = 3916.7 sec
Step =   5408: nodes = 12695, dt = 3.967547e-12, time = 1.980198e-08, elapsed = 3917.3 sec
Step =   5409: nodes = 12699, dt = 4.761056e-12, time = 1.980674e-08, elapsed = 3918.0 sec
Step =   5410: nodes = 12700, dt = 5.713267e-12, time = 1.981246e-08, elapsed = 3918.7 sec
Step =   5411: nodes = 12694, dt = 3.427960e-12, time = 1.981588e-08, elapsed = 3919.6 sec
Step =   5412: nodes = 12697, dt = 3.427960e-12, time = 1.981931e-08, elapsed = 3920.2 sec
Step =   5413: nodes = 12694, dt = 4.113553e-12, time = 1.982342e-08, elapsed = 3920.9 sec
Step =   5414: nodes = 12693, dt = 4.936263e-12, time = 1.982836e-08, elapsed = 3921.6 sec
Step =   5415: nodes = 12690, dt = 2.961758e-12, time = 1.983132e-08, elapsed = 3922.4 sec
Step =   5416: nodes = 12689, dt = 2.961758e-12, time = 1.983428e-08, elapsed = 3923.0 sec
Step =   5417: nodes = 12687, dt = 3.554109e-12, time = 1.983784e-08, elapsed = 3923.7 sec
Step =   5418: nodes = 12686, dt = 4.264931e-12, time = 1.984210e-08, elapsed = 3924.3 sec
Step =   5419: nodes = 12687, dt = 5.117917e-12, time = 1.984722e-08, elapsed = 3924.9 sec
Step =   5420: nodes = 12684, dt = 6.141501e-12, time = 1.985336e-08, elapsed = 3925.6 sec
Step =   5421: nodes = 12682, dt = 3.684901e-12, time = 1.985705e-08, elapsed = 3926.4 sec
Step =   5422: nodes = 12684, dt = 3.684901e-12, time = 1.986073e-08, elapsed = 3927.1 sec
Step =   5423: nodes = 12682, dt = 4.421881e-12, time = 1.986515e-08, elapsed = 3927.8 sec
Step =   5424: nodes = 12683, dt = 5.306257e-12, time = 1.987046e-08, elapsed = 3928.4 sec
Step =   5425: nodes = 12688, dt = 6.367508e-12, time = 1.987683e-08, elapsed = 3929.0 sec
Step =   5426: nodes = 12690, dt = 7.641010e-12, time = 1.988447e-08, elapsed = 3929.7 sec
Step =   5427: nodes = 12689, dt = 4.584606e-12, time = 1.988905e-08, elapsed = 3930.5 sec
Step =   5428: nodes = 12686, dt = 4.584606e-12, time = 1.989364e-08, elapsed = 3931.1 sec
Step =   5429: nodes = 12686, dt = 5.501527e-12, time = 1.989914e-08, elapsed = 3931.8 sec
Step =   5430: nodes = 12689, dt = 3.300916e-12, time = 1.990244e-08, elapsed = 3932.6 sec
Step =   5431: nodes = 12692, dt = 3.300916e-12, time = 1.990574e-08, elapsed = 3933.2 sec
Step =   5432: nodes = 12690, dt = 3.961100e-12, time = 1.990970e-08, elapsed = 3933.9 sec
Step =   5433: nodes = 12691, dt = 4.753319e-12, time = 1.991446e-08, elapsed = 3934.7 sec
Step =   5434: nodes = 12690, dt = 2.851992e-12, time = 1.991731e-08, elapsed = 3935.5 sec
Step =   5435: nodes = 12688, dt = 2.851992e-12, time = 1.992016e-08, elapsed = 3936.2 sec
Step =   5436: nodes = 12685, dt = 3.422390e-12, time = 1.992358e-08, elapsed = 3937.0 sec
Step =   5437: nodes = 12686, dt = 4.106868e-12, time = 1.992769e-08, elapsed = 3937.7 sec
Step =   5438: nodes = 12681, dt = 4.928242e-12, time = 1.993262e-08, elapsed = 3938.3 sec
Step =   5439: nodes = 12677, dt = 2.956945e-12, time = 1.993557e-08, elapsed = 3939.2 sec
Step =   5440: nodes = 12676, dt = 2.956945e-12, time = 1.993853e-08, elapsed = 3939.8 sec
Step =   5441: nodes = 12670, dt = 3.548334e-12, time = 1.994208e-08, elapsed = 3940.5 sec
Step =   5442: nodes = 12675, dt = 4.258001e-12, time = 1.994634e-08, elapsed = 3941.2 sec
Step =   5443: nodes = 12677, dt = 5.109601e-12, time = 1.995145e-08, elapsed = 3941.8 sec
Step =   5444: nodes = 12676, dt = 3.065761e-12, time = 1.995451e-08, elapsed = 3942.6 sec
Step =   5445: nodes = 12675, dt = 3.065761e-12, time = 1.995758e-08, elapsed = 3943.2 sec
Step =   5446: nodes = 12678, dt = 3.678913e-12, time = 1.996126e-08, elapsed = 3943.8 sec
Step =   5447: nodes = 12681, dt = 4.414695e-12, time = 1.996567e-08, elapsed = 3944.5 sec
Step =   5448: nodes = 12684, dt = 5.297634e-12, time = 1.997097e-08, elapsed = 3945.2 sec
Step =   5449: nodes = 12678, dt = 6.357161e-12, time = 1.997733e-08, elapsed = 3945.9 sec
Step =   5450: nodes = 12677, dt = 7.628593e-12, time = 1.998496e-08, elapsed = 3946.5 sec
Step =   5451: nodes = 12681, dt = 4.577156e-12, time = 1.998953e-08, elapsed = 3947.3 sec
Step =   5452: nodes = 12684, dt = 4.577156e-12, time = 1.999411e-08, elapsed = 3948.0 sec
Step =   5453: nodes = 12677, dt = 5.492587e-12, time = 1.999960e-08, elapsed = 3948.7 sec
Step =   5454: nodes = 12676, dt = 3.295552e-12, time = 2.000290e-08, elapsed = 3949.5 sec
Step =   5455: nodes = 12674, dt = 3.295552e-12, time = 2.000619e-08, elapsed = 3950.1 sec
Step =   5456: nodes = 12676, dt = 3.954663e-12, time = 2.001015e-08, elapsed = 3950.8 sec
Step =   5457: nodes = 12677, dt = 4.745595e-12, time = 2.001489e-08, elapsed = 3951.5 sec
Step =   5458: nodes = 12681, dt = 2.847357e-12, time = 2.001774e-08, elapsed = 3952.4 sec
Step =   5459: nodes = 12679, dt = 2.847357e-12, time = 2.002059e-08, elapsed = 3953.0 sec
Step =   5460: nodes = 12677, dt = 3.416829e-12, time = 2.002401e-08, elapsed = 3953.5 sec
Step =   5461: nodes = 12684, dt = 4.100194e-12, time = 2.002811e-08, elapsed = 3954.1 sec
Step =   5462: nodes = 12679, dt = 2.460117e-12, time = 2.003057e-08, elapsed = 3954.9 sec
Step =   5463: nodes = 12680, dt = 2.460117e-12, time = 2.003303e-08, elapsed = 3955.5 sec
Step =   5464: nodes = 12677, dt = 2.952140e-12, time = 2.003598e-08, elapsed = 3956.1 sec
Step =   5465: nodes = 12677, dt = 3.542568e-12, time = 2.003952e-08, elapsed = 3956.7 sec
Step =   5466: nodes = 12671, dt = 4.251081e-12, time = 2.004377e-08, elapsed = 3957.4 sec
Step =   5467: nodes = 12676, dt = 5.101298e-12, time = 2.004887e-08, elapsed = 3958.0 sec
Step =   5468: nodes = 12677, dt = 6.121557e-12, time = 2.005500e-08, elapsed = 3958.7 sec
Step =   5469: nodes = 12683, dt = 3.672934e-12, time = 2.005867e-08, elapsed = 3959.5 sec
Step =   5470: nodes = 12677, dt = 3.672934e-12, time = 2.006234e-08, elapsed = 3960.1 sec
Step =   5471: nodes = 12677, dt = 4.407521e-12, time = 2.006675e-08, elapsed = 3960.8 sec
Step =   5472: nodes = 12676, dt = 2.644513e-12, time = 2.006939e-08, elapsed = 3961.6 sec
Step =   5473: nodes = 12674, dt = 2.644513e-12, time = 2.007204e-08, elapsed = 3962.2 sec
Step =   5474: nodes = 12676, dt = 3.173415e-12, time = 2.007521e-08, elapsed = 3962.7 sec
Step =   5475: nodes = 12684, dt = 3.808098e-12, time = 2.007902e-08, elapsed = 3963.3 sec
Step =   5476: nodes = 12689, dt = 4.569718e-12, time = 2.008359e-08, elapsed = 3964.0 sec
Step =   5477: nodes = 12690, dt = 2.741831e-12, time = 2.008633e-08, elapsed = 3964.8 sec
Step =   5478: nodes = 12691, dt = 1.370915e-12, time = 2.008770e-08, elapsed = 3965.5 sec
Step =   5479: nodes = 12689, dt = 1.370915e-12, time = 2.008907e-08, elapsed = 3966.0 sec
Step =   5480: nodes = 12687, dt = 1.645098e-12, time = 2.009072e-08, elapsed = 3966.8 sec
Step =   5481: nodes = 12682, dt = 1.974118e-12, time = 2.009269e-08, elapsed = 3967.3 sec
Step =   5482: nodes = 12674, dt = 2.368942e-12, time = 2.009506e-08, elapsed = 3967.9 sec
Step =   5483: nodes = 12677, dt = 2.842730e-12, time = 2.009790e-08, elapsed = 3968.5 sec
Step =   5484: nodes = 12673, dt = 3.411276e-12, time = 2.010131e-08, elapsed = 3969.1 sec
Step =   5485: nodes = 12677, dt = 4.093531e-12, time = 2.010541e-08, elapsed = 3969.7 sec
Step =   5486: nodes = 12682, dt = 4.912238e-12, time = 2.011032e-08, elapsed = 3970.3 sec
Step =   5487: nodes = 12681, dt = 2.947343e-12, time = 2.011327e-08, elapsed = 3971.1 sec
Step =   5488: nodes = 12684, dt = 2.947343e-12, time = 2.011622e-08, elapsed = 3971.8 sec
Step =   5489: nodes = 12683, dt = 3.536811e-12, time = 2.011975e-08, elapsed = 3972.3 sec
Step =   5490: nodes = 12685, dt = 4.244173e-12, time = 2.012400e-08, elapsed = 3973.0 sec
Step =   5491: nodes = 12679, dt = 2.546504e-12, time = 2.012654e-08, elapsed = 3973.8 sec
Step =   5492: nodes = 12681, dt = 2.546504e-12, time = 2.012909e-08, elapsed = 3974.4 sec
Step =   5493: nodes = 12672, dt = 3.055805e-12, time = 2.013214e-08, elapsed = 3975.0 sec
Step =   5494: nodes = 12674, dt = 3.666966e-12, time = 2.013581e-08, elapsed = 3975.6 sec
Step =   5495: nodes = 12677, dt = 4.400359e-12, time = 2.014021e-08, elapsed = 3976.3 sec
Step =   5496: nodes = 12677, dt = 5.280431e-12, time = 2.014549e-08, elapsed = 3977.0 sec
Step =   5497: nodes = 12673, dt = 3.168258e-12, time = 2.014866e-08, elapsed = 3977.8 sec
Step =   5498: nodes = 12673, dt = 3.168258e-12, time = 2.015183e-08, elapsed = 3978.3 sec
Step =   5499: nodes = 12667, dt = 3.801910e-12, time = 2.015563e-08, elapsed = 3978.9 sec
Step =   5500: nodes = 12670, dt = 2.281146e-12, time = 2.015791e-08, elapsed = 3979.8 sec
Writing configuration in legacy data format
 Output file: /data/home/dg000246b/openDIS/inital_dislocation_structures/output_caseC_0.18%_seed12345/relax2/config.5500.data
Writing restart file
 Restart file: /data/home/dg000246b/openDIS/inital_dislocation_structures/output_caseC_0.18%_seed12345/relax2/restart.5500.exadis
Step =   5501: nodes = 12671, dt = 2.281146e-12, time = 2.016019e-08, elapsed = 3980.5 sec
Step =   5502: nodes = 12665, dt = 2.737375e-12, time = 2.016293e-08, elapsed = 3981.0 sec
Step =   5503: nodes = 12668, dt = 3.284850e-12, time = 2.016622e-08, elapsed = 3981.6 sec
Step =   5504: nodes = 12667, dt = 3.941820e-12, time = 2.017016e-08, elapsed = 3982.2 sec
Step =   5505: nodes = 12666, dt = 4.730185e-12, time = 2.017489e-08, elapsed = 3982.9 sec
Step =   5506: nodes = 12668, dt = 2.838111e-12, time = 2.017773e-08, elapsed = 3983.6 sec
Step =   5507: nodes = 12669, dt = 2.838111e-12, time = 2.018056e-08, elapsed = 3984.2 sec
Step =   5508: nodes = 12663, dt = 3.405733e-12, time = 2.018397e-08, elapsed = 3984.8 sec
Step =   5509: nodes = 12663, dt = 4.086879e-12, time = 2.018806e-08, elapsed = 3985.4 sec
Step =   5510: nodes = 12664, dt = 2.452128e-12, time = 2.019051e-08, elapsed = 3986.2 sec
Step =   5511: nodes = 12667, dt = 2.452128e-12, time = 2.019296e-08, elapsed = 3986.7 sec
Step =   5512: nodes = 12668, dt = 2.942553e-12, time = 2.019590e-08, elapsed = 3987.2 sec
Step =   5513: nodes = 12665, dt = 3.531064e-12, time = 2.019943e-08, elapsed = 3987.9 sec
Step =   5514: nodes = 12668, dt = 4.237277e-12, time = 2.020367e-08, elapsed = 3988.5 sec
Step =   5515: nodes = 12664, dt = 5.084732e-12, time = 2.020876e-08, elapsed = 3989.2 sec
Step =   5516: nodes = 12667, dt = 6.101678e-12, time = 2.021486e-08, elapsed = 3989.8 sec
Step =   5517: nodes = 12670, dt = 7.322014e-12, time = 2.022218e-08, elapsed = 3990.4 sec
Step =   5518: nodes = 12669, dt = 2.196604e-12, time = 2.022438e-08, elapsed = 3991.4 sec
Step =   5519: nodes = 12672, dt = 2.196604e-12, time = 2.022657e-08, elapsed = 3992.0 sec
Step =   5520: nodes = 12673, dt = 2.635925e-12, time = 2.022921e-08, elapsed = 3992.6 sec
Step =   5521: nodes = 12674, dt = 3.163110e-12, time = 2.023237e-08, elapsed = 3993.1 sec
Step =   5522: nodes = 12669, dt = 3.795732e-12, time = 2.023617e-08, elapsed = 3993.7 sec
Step =   5523: nodes = 12665, dt = 4.554879e-12, time = 2.024072e-08, elapsed = 3994.3 sec
Step =   5524: nodes = 12666, dt = 2.732927e-12, time = 2.024346e-08, elapsed = 3995.1 sec
Step =   5525: nodes = 12669, dt = 1.366464e-12, time = 2.024482e-08, elapsed = 3995.9 sec
Step =   5526: nodes = 12670, dt = 1.366464e-12, time = 2.024619e-08, elapsed = 3996.6 sec
Step =   5527: nodes = 12668, dt = 1.639756e-12, time = 2.024783e-08, elapsed = 3997.1 sec
Step =   5528: nodes = 12667, dt = 1.967708e-12, time = 2.024980e-08, elapsed = 3997.7 sec
Step =   5529: nodes = 12666, dt = 2.361249e-12, time = 2.025216e-08, elapsed = 3998.2 sec
Step =   5530: nodes = 12664, dt = 2.833499e-12, time = 2.025499e-08, elapsed = 3998.8 sec
Step =   5531: nodes = 12664, dt = 3.400199e-12, time = 2.025839e-08, elapsed = 3999.4 sec
Step =   5532: nodes = 12661, dt = 4.080238e-12, time = 2.026247e-08, elapsed = 4000.0 sec
Step =   5533: nodes = 12660, dt = 2.448143e-12, time = 2.026492e-08, elapsed = 4000.8 sec
Step =   5534: nodes = 12662, dt = 2.448143e-12, time = 2.026737e-08, elapsed = 4001.3 sec
Step =   5535: nodes = 12657, dt = 2.937772e-12, time = 2.027031e-08, elapsed = 4001.9 sec
Step =   5536: nodes = 12652, dt = 3.525326e-12, time = 2.027383e-08, elapsed = 4002.5 sec
Step =   5537: nodes = 12652, dt = 4.230391e-12, time = 2.027806e-08, elapsed = 4003.1 sec
Step =   5538: nodes = 12657, dt = 2.538235e-12, time = 2.028060e-08, elapsed = 4003.9 sec
Step =   5539: nodes = 12655, dt = 2.538235e-12, time = 2.028314e-08, elapsed = 4004.5 sec
Step =   5540: nodes = 12659, dt = 3.045882e-12, time = 2.028618e-08, elapsed = 4005.1 sec
Step =   5541: nodes = 12657, dt = 3.655058e-12, time = 2.028984e-08, elapsed = 4005.7 sec
Step =   5542: nodes = 12650, dt = 4.386069e-12, time = 2.029422e-08, elapsed = 4006.3 sec
Step =   5543: nodes = 12657, dt = 5.263283e-12, time = 2.029949e-08, elapsed = 4007.0 sec
Step =   5544: nodes = 12657, dt = 3.157970e-12, time = 2.030265e-08, elapsed = 4007.8 sec
Step =   5545: nodes = 12656, dt = 3.157970e-12, time = 2.030580e-08, elapsed = 4008.3 sec
Step =   5546: nodes = 12660, dt = 3.789564e-12, time = 2.030959e-08, elapsed = 4009.0 sec
Step =   5547: nodes = 12661, dt = 4.547477e-12, time = 2.031414e-08, elapsed = 4009.6 sec
Step =   5548: nodes = 12663, dt = 5.456972e-12, time = 2.031960e-08, elapsed = 4010.2 sec
Step =   5549: nodes = 12664, dt = 6.548367e-12, time = 2.032615e-08, elapsed = 4010.9 sec
Step =   5550: nodes = 12661, dt = 3.929020e-12, time = 2.033008e-08, elapsed = 4011.7 sec
Step =   5551: nodes = 12658, dt = 3.929020e-12, time = 2.033400e-08, elapsed = 4012.2 sec
Step =   5552: nodes = 12655, dt = 4.714824e-12, time = 2.033872e-08, elapsed = 4012.9 sec
Step =   5553: nodes = 12657, dt = 5.657789e-12, time = 2.034438e-08, elapsed = 4013.5 sec
Step =   5554: nodes = 12659, dt = 6.789347e-12, time = 2.035117e-08, elapsed = 4014.1 sec
Step =   5555: nodes = 12662, dt = 4.073608e-12, time = 2.035524e-08, elapsed = 4014.9 sec
Step =   5556: nodes = 12661, dt = 4.073608e-12, time = 2.035931e-08, elapsed = 4015.5 sec
Step =   5557: nodes = 12662, dt = 4.888329e-12, time = 2.036420e-08, elapsed = 4016.2 sec
Step =   5558: nodes = 12651, dt = 5.865995e-12, time = 2.037007e-08, elapsed = 4016.8 sec
Step =   5559: nodes = 12651, dt = 7.039194e-12, time = 2.037711e-08, elapsed = 4017.5 sec
Step =   5560: nodes = 12655, dt = 4.223517e-12, time = 2.038133e-08, elapsed = 4018.4 sec
Step =   5561: nodes = 12654, dt = 4.223517e-12, time = 2.038555e-08, elapsed = 4019.1 sec
Step =   5562: nodes = 12653, dt = 5.068220e-12, time = 2.039062e-08, elapsed = 4019.7 sec
Step =   5563: nodes = 12656, dt = 6.081864e-12, time = 2.039670e-08, elapsed = 4020.4 sec
Step =   5564: nodes = 12655, dt = 7.298237e-12, time = 2.040400e-08, elapsed = 4021.0 sec
Step =   5565: nodes = 12657, dt = 4.378942e-12, time = 2.040838e-08, elapsed = 4021.9 sec
Step =   5566: nodes = 12658, dt = 4.378942e-12, time = 2.041276e-08, elapsed = 4022.5 sec
Step =   5567: nodes = 12659, dt = 5.254731e-12, time = 2.041801e-08, elapsed = 4023.2 sec
Step =   5568: nodes = 12656, dt = 6.305677e-12, time = 2.042432e-08, elapsed = 4023.8 sec
Step =   5569: nodes = 12657, dt = 3.783406e-12, time = 2.042810e-08, elapsed = 4024.6 sec
Step =   5570: nodes = 12654, dt = 3.783406e-12, time = 2.043189e-08, elapsed = 4025.2 sec
Step =   5571: nodes = 12659, dt = 4.540087e-12, time = 2.043643e-08, elapsed = 4025.9 sec
Step =   5572: nodes = 12653, dt = 5.448105e-12, time = 2.044188e-08, elapsed = 4026.7 sec
Step =   5573: nodes = 12651, dt = 6.537726e-12, time = 2.044841e-08, elapsed = 4027.4 sec
Step =   5574: nodes = 12655, dt = 3.922635e-12, time = 2.045234e-08, elapsed = 4028.3 sec
Step =   5575: nodes = 12654, dt = 3.922635e-12, time = 2.045626e-08, elapsed = 4028.9 sec
Step =   5576: nodes = 12657, dt = 4.707162e-12, time = 2.046097e-08, elapsed = 4029.6 sec
Step =   5577: nodes = 12660, dt = 5.648595e-12, time = 2.046661e-08, elapsed = 4030.2 sec
Step =   5578: nodes = 12658, dt = 3.389157e-12, time = 2.047000e-08, elapsed = 4031.1 sec
Step =   5579: nodes = 12656, dt = 3.389157e-12, time = 2.047339e-08, elapsed = 4031.7 sec
Step =   5580: nodes = 12661, dt = 4.066988e-12, time = 2.047746e-08, elapsed = 4032.3 sec
Step =   5581: nodes = 12662, dt = 4.880386e-12, time = 2.048234e-08, elapsed = 4033.0 sec
Step =   5582: nodes = 12665, dt = 5.856463e-12, time = 2.048820e-08, elapsed = 4033.7 sec
Step =   5583: nodes = 12666, dt = 3.513878e-12, time = 2.049171e-08, elapsed = 4034.5 sec
Step =   5584: nodes = 12665, dt = 3.513878e-12, time = 2.049522e-08, elapsed = 4035.1 sec
Step =   5585: nodes = 12667, dt = 4.216653e-12, time = 2.049944e-08, elapsed = 4035.8 sec
Step =   5586: nodes = 12669, dt = 5.059984e-12, time = 2.050450e-08, elapsed = 4036.4 sec
Step =   5587: nodes = 12665, dt = 6.071981e-12, time = 2.051057e-08, elapsed = 4037.1 sec
Step =   5588: nodes = 12665, dt = 3.643189e-12, time = 2.051422e-08, elapsed = 4037.9 sec
Step =   5589: nodes = 12665, dt = 3.643189e-12, time = 2.051786e-08, elapsed = 4038.5 sec
Step =   5590: nodes = 12669, dt = 4.371826e-12, time = 2.052223e-08, elapsed = 4039.1 sec
Step =   5591: nodes = 12675, dt = 5.246192e-12, time = 2.052748e-08, elapsed = 4039.8 sec
Step =   5592: nodes = 12674, dt = 6.295430e-12, time = 2.053377e-08, elapsed = 4040.4 sec
Step =   5593: nodes = 12664, dt = 3.777258e-12, time = 2.053755e-08, elapsed = 4041.3 sec
Step =   5594: nodes = 12669, dt = 3.777258e-12, time = 2.054133e-08, elapsed = 4041.9 sec
Step =   5595: nodes = 12665, dt = 4.532710e-12, time = 2.054586e-08, elapsed = 4042.5 sec
Step =   5596: nodes = 12668, dt = 5.439251e-12, time = 2.055130e-08, elapsed = 4043.2 sec
Step =   5597: nodes = 12668, dt = 6.527102e-12, time = 2.055783e-08, elapsed = 4043.8 sec
Step =   5598: nodes = 12668, dt = 3.916261e-12, time = 2.056174e-08, elapsed = 4044.6 sec
Step =   5599: nodes = 12670, dt = 3.916261e-12, time = 2.056566e-08, elapsed = 4045.3 sec
Step =   5600: nodes = 12664, dt = 4.699513e-12, time = 2.057036e-08, elapsed = 4045.9 sec
Writing configuration in legacy data format
 Output file: /data/home/dg000246b/openDIS/inital_dislocation_structures/output_caseC_0.18%_seed12345/relax2/config.5600.data
Writing restart file
 Restart file: /data/home/dg000246b/openDIS/inital_dislocation_structures/output_caseC_0.18%_seed12345/relax2/restart.5600.exadis
Step =   5601: nodes = 12659, dt = 2.819708e-12, time = 2.057318e-08, elapsed = 4046.8 sec
Step =   5602: nodes = 12658, dt = 2.819708e-12, time = 2.057600e-08, elapsed = 4047.4 sec
Step =   5603: nodes = 12659, dt = 3.383650e-12, time = 2.057938e-08, elapsed = 4048.1 sec
Step =   5604: nodes = 12658, dt = 2.030190e-12, time = 2.058141e-08, elapsed = 4048.9 sec
Step =   5605: nodes = 12657, dt = 2.030190e-12, time = 2.058344e-08, elapsed = 4049.4 sec
Step =   5606: nodes = 12647, dt = 2.436228e-12, time = 2.058588e-08, elapsed = 4050.1 sec
Step =   5607: nodes = 12649, dt = 2.923473e-12, time = 2.058880e-08, elapsed = 4050.7 sec
Step =   5608: nodes = 12647, dt = 3.508168e-12, time = 2.059231e-08, elapsed = 4051.3 sec
Step =   5609: nodes = 12648, dt = 4.209801e-12, time = 2.059652e-08, elapsed = 4051.9 sec
Step =   5610: nodes = 12649, dt = 5.051762e-12, time = 2.060157e-08, elapsed = 4052.6 sec
Step =   5611: nodes = 12651, dt = 3.031057e-12, time = 2.060460e-08, elapsed = 4053.4 sec
Step =   5612: nodes = 12654, dt = 3.031057e-12, time = 2.060763e-08, elapsed = 4054.0 sec
Step =   5613: nodes = 12651, dt = 3.637268e-12, time = 2.061127e-08, elapsed = 4054.6 sec
Step =   5614: nodes = 12653, dt = 2.182361e-12, time = 2.061345e-08, elapsed = 4055.4 sec
Step =   5615: nodes = 12658, dt = 2.182361e-12, time = 2.061564e-08, elapsed = 4056.0 sec
Step =   5616: nodes = 12655, dt = 2.618833e-12, time = 2.061825e-08, elapsed = 4056.9 sec
Step =   5617: nodes = 12656, dt = 3.142600e-12, time = 2.062140e-08, elapsed = 4057.5 sec
Step =   5618: nodes = 12656, dt = 3.771120e-12, time = 2.062517e-08, elapsed = 4058.1 sec
Step =   5619: nodes = 12661, dt = 4.525344e-12, time = 2.062969e-08, elapsed = 4058.8 sec
Step =   5620: nodes = 12656, dt = 5.430413e-12, time = 2.063512e-08, elapsed = 4059.4 sec
Step =   5621: nodes = 12652, dt = 3.258248e-12, time = 2.063838e-08, elapsed = 4060.2 sec
Step =   5622: nodes = 12649, dt = 3.258248e-12, time = 2.064164e-08, elapsed = 4060.8 sec
Step =   5623: nodes = 12651, dt = 3.909897e-12, time = 2.064555e-08, elapsed = 4061.4 sec
Step =   5624: nodes = 12653, dt = 4.691876e-12, time = 2.065024e-08, elapsed = 4062.1 sec
Step =   5625: nodes = 12648, dt = 2.815126e-12, time = 2.065306e-08, elapsed = 4062.9 sec
Step =   5626: nodes = 12650, dt = 2.815126e-12, time = 2.065587e-08, elapsed = 4063.5 sec
Step =   5627: nodes = 12648, dt = 3.378151e-12, time = 2.065925e-08, elapsed = 4064.1 sec
Step =   5628: nodes = 12648, dt = 4.053781e-12, time = 2.066330e-08, elapsed = 4064.7 sec
Step =   5629: nodes = 12646, dt = 4.864538e-12, time = 2.066817e-08, elapsed = 4065.3 sec
Step =   5630: nodes = 12650, dt = 5.837445e-12, time = 2.067401e-08, elapsed = 4066.0 sec
Step =   5631: nodes = 12649, dt = 3.502467e-12, time = 2.067751e-08, elapsed = 4066.8 sec
Step =   5632: nodes = 12647, dt = 3.502467e-12, time = 2.068101e-08, elapsed = 4067.4 sec
Step =   5633: nodes = 12652, dt = 4.202960e-12, time = 2.068521e-08, elapsed = 4068.0 sec
Step =   5634: nodes = 12648, dt = 5.043553e-12, time = 2.069026e-08, elapsed = 4068.6 sec
Step =   5635: nodes = 12649, dt = 3.026132e-12, time = 2.069328e-08, elapsed = 4069.5 sec
Step =   5636: nodes = 12653, dt = 3.026132e-12, time = 2.069631e-08, elapsed = 4070.1 sec
Step =   5637: nodes = 12656, dt = 3.631358e-12, time = 2.069994e-08, elapsed = 4070.7 sec
Step =   5638: nodes = 12657, dt = 4.357629e-12, time = 2.070430e-08, elapsed = 4071.4 sec
Step =   5639: nodes = 12657, dt = 2.614578e-12, time = 2.070691e-08, elapsed = 4072.2 sec
Step =   5640: nodes = 12657, dt = 2.614578e-12, time = 2.070953e-08, elapsed = 4072.8 sec
Step =   5641: nodes = 12658, dt = 3.137493e-12, time = 2.071267e-08, elapsed = 4073.4 sec
Step =   5642: nodes = 12653, dt = 3.764992e-12, time = 2.071643e-08, elapsed = 4074.0 sec
Step =   5643: nodes = 12645, dt = 4.517990e-12, time = 2.072095e-08, elapsed = 4074.6 sec
Step =   5644: nodes = 12650, dt = 2.710794e-12, time = 2.072366e-08, elapsed = 4075.4 sec
Step =   5645: nodes = 12648, dt = 2.710794e-12, time = 2.072637e-08, elapsed = 4076.0 sec
Step =   5646: nodes = 12651, dt = 3.252953e-12, time = 2.072962e-08, elapsed = 4076.6 sec
Step =   5647: nodes = 12653, dt = 3.903543e-12, time = 2.073353e-08, elapsed = 4077.2 sec
Step =   5648: nodes = 12648, dt = 4.684252e-12, time = 2.073821e-08, elapsed = 4077.9 sec
Step =   5649: nodes = 12643, dt = 2.810551e-12, time = 2.074102e-08, elapsed = 4078.7 sec
Step =   5650: nodes = 12651, dt = 2.810551e-12, time = 2.074383e-08, elapsed = 4079.3 sec
Step =   5651: nodes = 12647, dt = 3.372662e-12, time = 2.074720e-08, elapsed = 4079.9 sec
Step =   5652: nodes = 12655, dt = 4.047194e-12, time = 2.075125e-08, elapsed = 4080.4 sec
Step =   5653: nodes = 12653, dt = 2.428316e-12, time = 2.075368e-08, elapsed = 4081.2 sec
Step =   5654: nodes = 12653, dt = 2.428316e-12, time = 2.075611e-08, elapsed = 4081.8 sec
Step =   5655: nodes = 12648, dt = 2.913980e-12, time = 2.075902e-08, elapsed = 4082.3 sec
Step =   5656: nodes = 12652, dt = 3.496776e-12, time = 2.076252e-08, elapsed = 4082.9 sec
Step =   5657: nodes = 12641, dt = 4.196131e-12, time = 2.076672e-08, elapsed = 4083.6 sec
Step =   5658: nodes = 12650, dt = 5.035357e-12, time = 2.077175e-08, elapsed = 4084.2 sec
Step =   5659: nodes = 12653, dt = 6.042428e-12, time = 2.077779e-08, elapsed = 4084.9 sec
Step =   5660: nodes = 12654, dt = 3.625457e-12, time = 2.078142e-08, elapsed = 4085.7 sec
Step =   5661: nodes = 12660, dt = 3.625457e-12, time = 2.078504e-08, elapsed = 4086.6 sec
Step =   5662: nodes = 12660, dt = 4.350548e-12, time = 2.078939e-08, elapsed = 4087.2 sec
Step =   5663: nodes = 12658, dt = 5.220658e-12, time = 2.079462e-08, elapsed = 4087.9 sec
Step =   5664: nodes = 12658, dt = 6.264789e-12, time = 2.080088e-08, elapsed = 4088.6 sec
Step =   5665: nodes = 12660, dt = 3.758874e-12, time = 2.080464e-08, elapsed = 4089.5 sec
Step =   5666: nodes = 12656, dt = 3.758874e-12, time = 2.080840e-08, elapsed = 4090.1 sec
Step =   5667: nodes = 12664, dt = 4.510648e-12, time = 2.081291e-08, elapsed = 4090.7 sec
Step =   5668: nodes = 12664, dt = 5.412778e-12, time = 2.081832e-08, elapsed = 4091.4 sec
Step =   5669: nodes = 12666, dt = 3.247667e-12, time = 2.082157e-08, elapsed = 4092.2 sec
Step =   5670: nodes = 12662, dt = 3.247667e-12, time = 2.082482e-08, elapsed = 4092.7 sec
Step =   5671: nodes = 12660, dt = 3.897200e-12, time = 2.082871e-08, elapsed = 4093.3 sec
Step =   5672: nodes = 12656, dt = 4.676640e-12, time = 2.083339e-08, elapsed = 4094.0 sec
Step =   5673: nodes = 12655, dt = 2.805984e-12, time = 2.083620e-08, elapsed = 4094.8 sec
Step =   5674: nodes = 12659, dt = 2.805984e-12, time = 2.083900e-08, elapsed = 4095.3 sec
Step =   5675: nodes = 12656, dt = 3.367181e-12, time = 2.084237e-08, elapsed = 4095.9 sec
Step =   5676: nodes = 12657, dt = 4.040617e-12, time = 2.084641e-08, elapsed = 4096.5 sec
Step =   5677: nodes = 12656, dt = 4.848741e-12, time = 2.085126e-08, elapsed = 4097.2 sec
Step =   5678: nodes = 12655, dt = 2.909244e-12, time = 2.085417e-08, elapsed = 4098.0 sec
Step =   5679: nodes = 12654, dt = 2.909244e-12, time = 2.085708e-08, elapsed = 4098.6 sec
Step =   5680: nodes = 12662, dt = 3.491093e-12, time = 2.086057e-08, elapsed = 4099.2 sec
Step =   5681: nodes = 12654, dt = 4.189312e-12, time = 2.086476e-08, elapsed = 4099.8 sec
Step =   5682: nodes = 12656, dt = 5.027174e-12, time = 2.086978e-08, elapsed = 4100.4 sec
Step =   5683: nodes = 12652, dt = 3.016305e-12, time = 2.087280e-08, elapsed = 4101.2 sec
Step =   5684: nodes = 12649, dt = 3.016305e-12, time = 2.087582e-08, elapsed = 4101.8 sec
Step =   5685: nodes = 12652, dt = 3.619565e-12, time = 2.087944e-08, elapsed = 4102.4 sec
Step =   5686: nodes = 12647, dt = 4.343479e-12, time = 2.088378e-08, elapsed = 4103.0 sec
Step =   5687: nodes = 12649, dt = 5.212174e-12, time = 2.088899e-08, elapsed = 4103.7 sec
Step =   5688: nodes = 12645, dt = 6.254609e-12, time = 2.089525e-08, elapsed = 4104.3 sec
Step =   5689: nodes = 12647, dt = 7.505531e-12, time = 2.090275e-08, elapsed = 4105.0 sec
Step =   5690: nodes = 12643, dt = 4.503319e-12, time = 2.090726e-08, elapsed = 4105.8 sec
Step =   5691: nodes = 12641, dt = 4.503319e-12, time = 2.091176e-08, elapsed = 4106.5 sec
Step =   5692: nodes = 12637, dt = 5.403982e-12, time = 2.091716e-08, elapsed = 4107.2 sec
Step =   5693: nodes = 12638, dt = 6.484779e-12, time = 2.092365e-08, elapsed = 4107.9 sec
Step =   5694: nodes = 12635, dt = 7.781735e-12, time = 2.093143e-08, elapsed = 4108.5 sec
Step =   5695: nodes = 12646, dt = 9.338081e-12, time = 2.094077e-08, elapsed = 4109.3 sec
Step =   5696: nodes = 12646, dt = 5.602849e-12, time = 2.094637e-08, elapsed = 4110.2 sec
Step =   5697: nodes = 12642, dt = 5.602849e-12, time = 2.095197e-08, elapsed = 4110.8 sec
Step =   5698: nodes = 12642, dt = 6.723419e-12, time = 2.095870e-08, elapsed = 4111.6 sec
Step =   5699: nodes = 12642, dt = 8.068102e-12, time = 2.096677e-08, elapsed = 4112.3 sec
Step =   5700: nodes = 12643, dt = 4.840861e-12, time = 2.097161e-08, elapsed = 4113.1 sec
Writing configuration in legacy data format
 Output file: /data/home/dg000246b/openDIS/inital_dislocation_structures/output_caseC_0.18%_seed12345/relax2/config.5700.data
Writing restart file
 Restart file: /data/home/dg000246b/openDIS/inital_dislocation_structures/output_caseC_0.18%_seed12345/relax2/restart.5700.exadis
Step =   5701: nodes = 12643, dt = 4.840861e-12, time = 2.097645e-08, elapsed = 4113.8 sec
Step =   5702: nodes = 12650, dt = 5.809034e-12, time = 2.098226e-08, elapsed = 4114.5 sec
Step =   5703: nodes = 12653, dt = 6.970840e-12, time = 2.098923e-08, elapsed = 4115.1 sec
Step =   5704: nodes = 12651, dt = 8.365009e-12, time = 2.099759e-08, elapsed = 4115.8 sec
Step =   5705: nodes = 12648, dt = 1.003801e-11, time = 2.100763e-08, elapsed = 4116.9 sec
Step =   5706: nodes = 12656, dt = 1.204561e-11, time = 2.101968e-08, elapsed = 4117.7 sec
Step =   5707: nodes = 12647, dt = 7.227367e-12, time = 2.102690e-08, elapsed = 4118.6 sec
Step =   5708: nodes = 12647, dt = 7.227367e-12, time = 2.103413e-08, elapsed = 4119.3 sec
Step =   5709: nodes = 12652, dt = 8.672841e-12, time = 2.104280e-08, elapsed = 4120.0 sec
Step =   5710: nodes = 12649, dt = 1.040741e-11, time = 2.105321e-08, elapsed = 4120.7 sec
Step =   5711: nodes = 12652, dt = 6.244445e-12, time = 2.105945e-08, elapsed = 4121.6 sec
Step =   5712: nodes = 12652, dt = 6.244445e-12, time = 2.106570e-08, elapsed = 4122.2 sec
Step =   5713: nodes = 12650, dt = 7.493334e-12, time = 2.107319e-08, elapsed = 4122.9 sec
Step =   5714: nodes = 12650, dt = 4.496001e-12, time = 2.107769e-08, elapsed = 4123.7 sec
Step =   5715: nodes = 12650, dt = 4.496001e-12, time = 2.108218e-08, elapsed = 4124.4 sec
Step =   5716: nodes = 12646, dt = 5.395201e-12, time = 2.108758e-08, elapsed = 4125.0 sec
Step =   5717: nodes = 12647, dt = 6.474241e-12, time = 2.109405e-08, elapsed = 4125.7 sec
Step =   5718: nodes = 12642, dt = 7.769089e-12, time = 2.110182e-08, elapsed = 4126.4 sec
Step =   5719: nodes = 12645, dt = 4.661454e-12, time = 2.110648e-08, elapsed = 4127.2 sec
Step =   5720: nodes = 12649, dt = 4.661454e-12, time = 2.111115e-08, elapsed = 4127.8 sec
Step =   5721: nodes = 12653, dt = 5.593744e-12, time = 2.111674e-08, elapsed = 4128.5 sec
Step =   5722: nodes = 12655, dt = 6.712493e-12, time = 2.112345e-08, elapsed = 4129.1 sec
Step =   5723: nodes = 12650, dt = 4.027496e-12, time = 2.112748e-08, elapsed = 4130.0 sec
Step =   5724: nodes = 12646, dt = 4.027496e-12, time = 2.113151e-08, elapsed = 4130.6 sec
Step =   5725: nodes = 12648, dt = 4.832995e-12, time = 2.113634e-08, elapsed = 4131.2 sec
Step =   5726: nodes = 12645, dt = 5.799594e-12, time = 2.114214e-08, elapsed = 4131.8 sec
Step =   5727: nodes = 12649, dt = 3.479756e-12, time = 2.114562e-08, elapsed = 4132.6 sec
Step =   5728: nodes = 12647, dt = 3.479756e-12, time = 2.114910e-08, elapsed = 4133.2 sec
Step =   5729: nodes = 12646, dt = 4.175708e-12, time = 2.115328e-08, elapsed = 4133.8 sec
Step =   5730: nodes = 12651, dt = 5.010849e-12, time = 2.115829e-08, elapsed = 4134.5 sec
Step =   5731: nodes = 12647, dt = 6.013019e-12, time = 2.116430e-08, elapsed = 4135.1 sec
Step =   5732: nodes = 12654, dt = 3.607811e-12, time = 2.116791e-08, elapsed = 4135.9 sec
Step =   5733: nodes = 12642, dt = 3.607811e-12, time = 2.117151e-08, elapsed = 4136.5 sec
Step =   5734: nodes = 12645, dt = 4.329374e-12, time = 2.117584e-08, elapsed = 4137.2 sec
Step =   5735: nodes = 12649, dt = 2.597624e-12, time = 2.117844e-08, elapsed = 4138.0 sec
Step =   5736: nodes = 12645, dt = 1.298812e-12, time = 2.117974e-08, elapsed = 4138.7 sec
Step =   5737: nodes = 12641, dt = 1.298812e-12, time = 2.118104e-08, elapsed = 4139.3 sec
Step =   5738: nodes = 12637, dt = 1.558575e-12, time = 2.118260e-08, elapsed = 4139.8 sec
Step =   5739: nodes = 12641, dt = 1.870289e-12, time = 2.118447e-08, elapsed = 4140.3 sec
Step =   5740: nodes = 12643, dt = 2.244347e-12, time = 2.118671e-08, elapsed = 4140.9 sec
Step =   5741: nodes = 12641, dt = 2.693217e-12, time = 2.118941e-08, elapsed = 4141.5 sec
Step =   5742: nodes = 12634, dt = 3.231860e-12, time = 2.119264e-08, elapsed = 4142.1 sec
Step =   5743: nodes = 12637, dt = 3.878232e-12, time = 2.119652e-08, elapsed = 4142.6 sec
Step =   5744: nodes = 12636, dt = 4.653879e-12, time = 2.120117e-08, elapsed = 4143.3 sec
Step =   5745: nodes = 12635, dt = 2.792327e-12, time = 2.120396e-08, elapsed = 4144.1 sec
Step =   5746: nodes = 12633, dt = 2.792327e-12, time = 2.120675e-08, elapsed = 4144.6 sec
Step =   5747: nodes = 12638, dt = 3.350793e-12, time = 2.121011e-08, elapsed = 4145.2 sec
Step =   5748: nodes = 12636, dt = 4.020951e-12, time = 2.121413e-08, elapsed = 4145.7 sec
Step =   5749: nodes = 12634, dt = 4.825141e-12, time = 2.121895e-08, elapsed = 4146.7 sec
Step =   5750: nodes = 12639, dt = 5.790170e-12, time = 2.122474e-08, elapsed = 4147.4 sec
Step =   5751: nodes = 12636, dt = 6.948204e-12, time = 2.123169e-08, elapsed = 4148.1 sec
Step =   5752: nodes = 12630, dt = 4.168922e-12, time = 2.123586e-08, elapsed = 4149.0 sec
Step =   5753: nodes = 12630, dt = 2.084461e-12, time = 2.123794e-08, elapsed = 4149.7 sec
Step =   5754: nodes = 12629, dt = 2.084461e-12, time = 2.124003e-08, elapsed = 4150.3 sec
Step =   5755: nodes = 12630, dt = 2.501353e-12, time = 2.124253e-08, elapsed = 4150.8 sec
Step =   5756: nodes = 12627, dt = 3.001624e-12, time = 2.124553e-08, elapsed = 4151.4 sec
Step =   5757: nodes = 12630, dt = 1.800974e-12, time = 2.124733e-08, elapsed = 4152.1 sec
Step =   5758: nodes = 12627, dt = 1.800974e-12, time = 2.124913e-08, elapsed = 4152.7 sec
Step =   5759: nodes = 12625, dt = 2.161169e-12, time = 2.125129e-08, elapsed = 4153.2 sec
Step =   5760: nodes = 12624, dt = 2.593403e-12, time = 2.125389e-08, elapsed = 4153.8 sec
Step =   5761: nodes = 12620, dt = 3.112084e-12, time = 2.125700e-08, elapsed = 4154.4 sec
Step =   5762: nodes = 12621, dt = 3.734500e-12, time = 2.126073e-08, elapsed = 4155.0 sec
Step =   5763: nodes = 12623, dt = 4.481401e-12, time = 2.126521e-08, elapsed = 4155.6 sec
Step =   5764: nodes = 12627, dt = 2.688840e-12, time = 2.126790e-08, elapsed = 4156.4 sec
Step =   5765: nodes = 12625, dt = 2.688840e-12, time = 2.127059e-08, elapsed = 4157.0 sec
Step =   5766: nodes = 12625, dt = 3.226608e-12, time = 2.127382e-08, elapsed = 4157.5 sec
Step =   5767: nodes = 12625, dt = 3.871930e-12, time = 2.127769e-08, elapsed = 4158.1 sec
Step =   5768: nodes = 12626, dt = 4.646316e-12, time = 2.128234e-08, elapsed = 4158.8 sec
Step =   5769: nodes = 12626, dt = 2.787790e-12, time = 2.128513e-08, elapsed = 4159.5 sec
Step =   5770: nodes = 12627, dt = 2.787790e-12, time = 2.128791e-08, elapsed = 4160.1 sec
Step =   5771: nodes = 12623, dt = 3.345348e-12, time = 2.129126e-08, elapsed = 4160.7 sec
Step =   5772: nodes = 12625, dt = 4.014417e-12, time = 2.129527e-08, elapsed = 4161.3 sec
Step =   5773: nodes = 12628, dt = 4.817301e-12, time = 2.130009e-08, elapsed = 4161.9 sec
Step =   5774: nodes = 12639, dt = 5.780761e-12, time = 2.130587e-08, elapsed = 4162.5 sec
Step =   5775: nodes = 12639, dt = 3.468456e-12, time = 2.130934e-08, elapsed = 4163.3 sec
Step =   5776: nodes = 12635, dt = 3.468456e-12, time = 2.131281e-08, elapsed = 4163.9 sec
Step =   5777: nodes = 12636, dt = 4.162148e-12, time = 2.131697e-08, elapsed = 4164.6 sec
Step =   5778: nodes = 12634, dt = 4.994577e-12, time = 2.132196e-08, elapsed = 4165.2 sec
Step =   5779: nodes = 12630, dt = 2.996746e-12, time = 2.132496e-08, elapsed = 4166.0 sec
Step =   5780: nodes = 12631, dt = 2.996746e-12, time = 2.132796e-08, elapsed = 4166.6 sec
Step =   5781: nodes = 12631, dt = 3.596096e-12, time = 2.133155e-08, elapsed = 4167.2 sec
Step =   5782: nodes = 12629, dt = 4.315315e-12, time = 2.133587e-08, elapsed = 4167.8 sec
Step =   5783: nodes = 12632, dt = 2.589189e-12, time = 2.133846e-08, elapsed = 4168.6 sec
Step =   5784: nodes = 12630, dt = 1.294594e-12, time = 2.133975e-08, elapsed = 4169.4 sec
Step =   5785: nodes = 12628, dt = 1.294594e-12, time = 2.134105e-08, elapsed = 4169.9 sec
Step =   5786: nodes = 12626, dt = 1.553513e-12, time = 2.134260e-08, elapsed = 4170.5 sec
Step =   5787: nodes = 12622, dt = 1.864216e-12, time = 2.134447e-08, elapsed = 4171.0 sec
Step =   5788: nodes = 12623, dt = 2.237059e-12, time = 2.134670e-08, elapsed = 4171.6 sec
Step =   5789: nodes = 12622, dt = 2.684471e-12, time = 2.134939e-08, elapsed = 4172.1 sec
Step =   5790: nodes = 12617, dt = 3.221365e-12, time = 2.135261e-08, elapsed = 4172.7 sec
Step =   5791: nodes = 12618, dt = 3.865638e-12, time = 2.135647e-08, elapsed = 4173.3 sec
Step =   5792: nodes = 12620, dt = 4.638766e-12, time = 2.136111e-08, elapsed = 4174.0 sec
Step =   5793: nodes = 12616, dt = 5.566519e-12, time = 2.136668e-08, elapsed = 4174.7 sec
Step =   5794: nodes = 12616, dt = 3.339911e-12, time = 2.137002e-08, elapsed = 4175.5 sec
Step =   5795: nodes = 12623, dt = 3.339911e-12, time = 2.137336e-08, elapsed = 4176.1 sec
Step =   5796: nodes = 12620, dt = 4.007894e-12, time = 2.137737e-08, elapsed = 4176.9 sec
Step =   5797: nodes = 12621, dt = 4.809472e-12, time = 2.138218e-08, elapsed = 4177.5 sec
Step =   5798: nodes = 12614, dt = 2.885683e-12, time = 2.138506e-08, elapsed = 4178.3 sec
Step =   5799: nodes = 12621, dt = 2.885683e-12, time = 2.138795e-08, elapsed = 4178.9 sec
Step =   5800: nodes = 12620, dt = 3.462820e-12, time = 2.139141e-08, elapsed = 4179.5 sec
Writing configuration in legacy data format
 Output file: /data/home/dg000246b/openDIS/inital_dislocation_structures/output_caseC_0.18%_seed12345/relax2/config.5800.data
Writing restart file
 Restart file: /data/home/dg000246b/openDIS/inital_dislocation_structures/output_caseC_0.18%_seed12345/relax2/restart.5800.exadis
Step =   5801: nodes = 12622, dt = 4.155384e-12, time = 2.139557e-08, elapsed = 4180.3 sec
Step =   5802: nodes = 12621, dt = 2.493230e-12, time = 2.139806e-08, elapsed = 4181.1 sec
Step =   5803: nodes = 12622, dt = 2.493230e-12, time = 2.140055e-08, elapsed = 4181.7 sec
Step =   5804: nodes = 12619, dt = 2.991877e-12, time = 2.140354e-08, elapsed = 4182.3 sec
Step =   5805: nodes = 12616, dt = 3.590252e-12, time = 2.140713e-08, elapsed = 4182.9 sec
Step =   5806: nodes = 12616, dt = 4.308302e-12, time = 2.141144e-08, elapsed = 4183.6 sec
Step =   5807: nodes = 12618, dt = 2.584981e-12, time = 2.141403e-08, elapsed = 4184.4 sec
Step =   5808: nodes = 12620, dt = 2.584981e-12, time = 2.141661e-08, elapsed = 4185.0 sec
Step =   5809: nodes = 12613, dt = 3.101978e-12, time = 2.141971e-08, elapsed = 4185.6 sec
Step =   5810: nodes = 12618, dt = 3.722373e-12, time = 2.142344e-08, elapsed = 4186.2 sec
Step =   5811: nodes = 12617, dt = 4.466848e-12, time = 2.142790e-08, elapsed = 4186.8 sec
Step =   5812: nodes = 12615, dt = 5.360217e-12, time = 2.143326e-08, elapsed = 4187.5 sec
Step =   5813: nodes = 12620, dt = 6.432261e-12, time = 2.143970e-08, elapsed = 4188.2 sec
Step =   5814: nodes = 12616, dt = 7.718713e-12, time = 2.144742e-08, elapsed = 4188.9 sec
Step =   5815: nodes = 12621, dt = 4.631228e-12, time = 2.145205e-08, elapsed = 4189.7 sec
Step =   5816: nodes = 12619, dt = 4.631228e-12, time = 2.145668e-08, elapsed = 4190.4 sec
Step =   5817: nodes = 12619, dt = 5.557473e-12, time = 2.146224e-08, elapsed = 4191.0 sec
Step =   5818: nodes = 12628, dt = 6.668968e-12, time = 2.146890e-08, elapsed = 4191.6 sec
Step =   5819: nodes = 12629, dt = 4.001381e-12, time = 2.147291e-08, elapsed = 4192.4 sec
Step =   5820: nodes = 12624, dt = 4.001381e-12, time = 2.147691e-08, elapsed = 4193.1 sec
Step =   5821: nodes = 12627, dt = 4.801657e-12, time = 2.148171e-08, elapsed = 4193.7 sec
Step =   5822: nodes = 12628, dt = 5.761988e-12, time = 2.148747e-08, elapsed = 4194.3 sec
Step =   5823: nodes = 12629, dt = 1.728597e-12, time = 2.148920e-08, elapsed = 4195.2 sec
Step =   5824: nodes = 12628, dt = 1.728597e-12, time = 2.149093e-08, elapsed = 4195.8 sec
Step =   5825: nodes = 12623, dt = 2.074316e-12, time = 2.149300e-08, elapsed = 4196.3 sec
Step =   5826: nodes = 12619, dt = 2.489179e-12, time = 2.149549e-08, elapsed = 4196.9 sec
Step =   5827: nodes = 12614, dt = 2.987015e-12, time = 2.149848e-08, elapsed = 4197.4 sec
Step =   5828: nodes = 12615, dt = 3.584418e-12, time = 2.150206e-08, elapsed = 4198.0 sec
Step =   5829: nodes = 12617, dt = 4.301301e-12, time = 2.150636e-08, elapsed = 4198.7 sec
Step =   5830: nodes = 12620, dt = 5.161562e-12, time = 2.151153e-08, elapsed = 4199.3 sec
Step =   5831: nodes = 12617, dt = 6.193874e-12, time = 2.151772e-08, elapsed = 4199.9 sec
Step =   5832: nodes = 12617, dt = 3.716324e-12, time = 2.152144e-08, elapsed = 4200.7 sec
Step =   5833: nodes = 12619, dt = 3.716324e-12, time = 2.152515e-08, elapsed = 4201.2 sec
Step =   5834: nodes = 12619, dt = 4.459589e-12, time = 2.152961e-08, elapsed = 4201.9 sec
Step =   5835: nodes = 12621, dt = 5.351507e-12, time = 2.153496e-08, elapsed = 4202.5 sec
Step =   5836: nodes = 12618, dt = 6.421808e-12, time = 2.154138e-08, elapsed = 4203.2 sec
Step =   5837: nodes = 12623, dt = 3.853085e-12, time = 2.154524e-08, elapsed = 4204.0 sec
Step =   5838: nodes = 12621, dt = 3.853085e-12, time = 2.154909e-08, elapsed = 4204.6 sec
Step =   5839: nodes = 12619, dt = 4.623702e-12, time = 2.155371e-08, elapsed = 4205.2 sec
Step =   5840: nodes = 12620, dt = 5.548442e-12, time = 2.155926e-08, elapsed = 4205.9 sec
Step =   5841: nodes = 12626, dt = 3.329065e-12, time = 2.156259e-08, elapsed = 4207.0 sec
Step =   5842: nodes = 12620, dt = 1.664533e-12, time = 2.156426e-08, elapsed = 4207.8 sec
Step =   5843: nodes = 12615, dt = 1.664533e-12, time = 2.156592e-08, elapsed = 4208.3 sec
Step =   5844: nodes = 12615, dt = 1.997439e-12, time = 2.156792e-08, elapsed = 4208.9 sec
Step =   5845: nodes = 12614, dt = 2.396927e-12, time = 2.157032e-08, elapsed = 4209.4 sec
Step =   5846: nodes = 12613, dt = 2.876313e-12, time = 2.157319e-08, elapsed = 4210.0 sec
Step =   5847: nodes = 12607, dt = 3.451575e-12, time = 2.157664e-08, elapsed = 4210.6 sec
Step =   5848: nodes = 12605, dt = 4.141890e-12, time = 2.158079e-08, elapsed = 4211.2 sec
Step =   5849: nodes = 12605, dt = 4.970268e-12, time = 2.158576e-08, elapsed = 4211.8 sec
Step =   5850: nodes = 12603, dt = 5.964322e-12, time = 2.159172e-08, elapsed = 4212.5 sec
Step =   5851: nodes = 12603, dt = 3.578593e-12, time = 2.159530e-08, elapsed = 4213.3 sec
Step =   5852: nodes = 12601, dt = 3.578593e-12, time = 2.159888e-08, elapsed = 4213.9 sec
Step =   5853: nodes = 12603, dt = 4.294312e-12, time = 2.160317e-08, elapsed = 4214.5 sec
Step =   5854: nodes = 12603, dt = 5.153174e-12, time = 2.160832e-08, elapsed = 4215.2 sec
Step =   5855: nodes = 12603, dt = 3.091904e-12, time = 2.161142e-08, elapsed = 4215.9 sec
Step =   5856: nodes = 12601, dt = 3.091904e-12, time = 2.161451e-08, elapsed = 4216.5 sec
Step =   5857: nodes = 12601, dt = 3.710285e-12, time = 2.161822e-08, elapsed = 4217.1 sec
Step =   5858: nodes = 12595, dt = 2.226171e-12, time = 2.162045e-08, elapsed = 4217.8 sec
Step =   5859: nodes = 12592, dt = 2.226171e-12, time = 2.162267e-08, elapsed = 4218.4 sec
Step =   5860: nodes = 12588, dt = 2.671405e-12, time = 2.162534e-08, elapsed = 4218.9 sec
Step =   5861: nodes = 12589, dt = 3.205686e-12, time = 2.162855e-08, elapsed = 4219.5 sec
Step =   5862: nodes = 12593, dt = 3.846824e-12, time = 2.163240e-08, elapsed = 4220.1 sec
Step =   5863: nodes = 12594, dt = 1.154047e-12, time = 2.163355e-08, elapsed = 4221.1 sec
Step =   5864: nodes = 12593, dt = 1.154047e-12, time = 2.163470e-08, elapsed = 4221.6 sec
Step =   5865: nodes = 12592, dt = 1.384857e-12, time = 2.163609e-08, elapsed = 4222.1 sec
Step =   5866: nodes = 12592, dt = 1.661828e-12, time = 2.163775e-08, elapsed = 4222.6 sec
Step =   5867: nodes = 12593, dt = 1.994193e-12, time = 2.163974e-08, elapsed = 4223.2 sec
Step =   5868: nodes = 12591, dt = 2.393032e-12, time = 2.164214e-08, elapsed = 4223.8 sec
Step =   5869: nodes = 12593, dt = 2.871639e-12, time = 2.164501e-08, elapsed = 4224.3 sec
Step =   5870: nodes = 12597, dt = 3.445966e-12, time = 2.164845e-08, elapsed = 4225.0 sec
Step =   5871: nodes = 12599, dt = 4.135160e-12, time = 2.165259e-08, elapsed = 4225.6 sec
Step =   5872: nodes = 12597, dt = 4.962191e-12, time = 2.165755e-08, elapsed = 4226.2 sec
Step =   5873: nodes = 12598, dt = 5.954630e-12, time = 2.166351e-08, elapsed = 4226.9 sec
Step =   5874: nodes = 12597, dt = 3.572778e-12, time = 2.166708e-08, elapsed = 4227.8 sec
Step =   5875: nodes = 12598, dt = 3.572778e-12, time = 2.167065e-08, elapsed = 4228.4 sec
Step =   5876: nodes = 12596, dt = 4.287333e-12, time = 2.167494e-08, elapsed = 4229.0 sec
Step =   5877: nodes = 12601, dt = 5.144800e-12, time = 2.168008e-08, elapsed = 4229.7 sec
Step =   5878: nodes = 12603, dt = 6.173760e-12, time = 2.168626e-08, elapsed = 4230.3 sec
Step =   5879: nodes = 12603, dt = 7.408512e-12, time = 2.169367e-08, elapsed = 4231.0 sec
Step =   5880: nodes = 12606, dt = 4.445107e-12, time = 2.169811e-08, elapsed = 4231.9 sec
Step =   5881: nodes = 12607, dt = 4.445107e-12, time = 2.170256e-08, elapsed = 4232.5 sec
Step =   5882: nodes = 12613, dt = 5.334129e-12, time = 2.170789e-08, elapsed = 4233.2 sec
Step =   5883: nodes = 12612, dt = 6.400954e-12, time = 2.171429e-08, elapsed = 4233.8 sec
Step =   5884: nodes = 12606, dt = 7.681145e-12, time = 2.172197e-08, elapsed = 4234.5 sec
Step =   5885: nodes = 12603, dt = 4.608687e-12, time = 2.172658e-08, elapsed = 4235.3 sec
Step =   5886: nodes = 12604, dt = 4.608687e-12, time = 2.173119e-08, elapsed = 4235.9 sec
Step =   5887: nodes = 12607, dt = 5.530425e-12, time = 2.173672e-08, elapsed = 4236.7 sec
Step =   5888: nodes = 12603, dt = 6.636510e-12, time = 2.174336e-08, elapsed = 4237.5 sec
Step =   5889: nodes = 12607, dt = 3.981906e-12, time = 2.174734e-08, elapsed = 4238.3 sec
Step =   5890: nodes = 12607, dt = 3.981906e-12, time = 2.175132e-08, elapsed = 4238.9 sec
Step =   5891: nodes = 12602, dt = 4.778287e-12, time = 2.175610e-08, elapsed = 4239.5 sec
Step =   5892: nodes = 12594, dt = 5.733944e-12, time = 2.176183e-08, elapsed = 4240.2 sec
Step =   5893: nodes = 12602, dt = 6.880733e-12, time = 2.176871e-08, elapsed = 4240.9 sec
Step =   5894: nodes = 12600, dt = 4.128440e-12, time = 2.177284e-08, elapsed = 4241.6 sec
Step =   5895: nodes = 12604, dt = 4.128440e-12, time = 2.177697e-08, elapsed = 4242.3 sec
Step =   5896: nodes = 12598, dt = 4.954128e-12, time = 2.178193e-08, elapsed = 4242.9 sec
Step =   5897: nodes = 12602, dt = 5.944953e-12, time = 2.178787e-08, elapsed = 4243.5 sec
Step =   5898: nodes = 12598, dt = 7.133944e-12, time = 2.179500e-08, elapsed = 4244.2 sec
Step =   5899: nodes = 12595, dt = 4.280366e-12, time = 2.179928e-08, elapsed = 4245.0 sec
Step =   5900: nodes = 12598, dt = 4.280366e-12, time = 2.180356e-08, elapsed = 4245.7 sec
Writing configuration in legacy data format
 Output file: /data/home/dg000246b/openDIS/inital_dislocation_structures/output_caseC_0.18%_seed12345/relax2/config.5900.data
Writing restart file
 Restart file: /data/home/dg000246b/openDIS/inital_dislocation_structures/output_caseC_0.18%_seed12345/relax2/restart.5900.exadis
Step =   5901: nodes = 12597, dt = 5.136440e-12, time = 2.180870e-08, elapsed = 4246.5 sec
Step =   5902: nodes = 12593, dt = 6.163728e-12, time = 2.181487e-08, elapsed = 4247.1 sec
Step =   5903: nodes = 12592, dt = 7.396473e-12, time = 2.182226e-08, elapsed = 4247.8 sec
Step =   5904: nodes = 12593, dt = 4.437884e-12, time = 2.182670e-08, elapsed = 4248.6 sec
Step =   5905: nodes = 12590, dt = 4.437884e-12, time = 2.183114e-08, elapsed = 4249.2 sec
Step =   5906: nodes = 12590, dt = 5.325461e-12, time = 2.183646e-08, elapsed = 4249.8 sec
Step =   5907: nodes = 12594, dt = 6.390553e-12, time = 2.184285e-08, elapsed = 4250.5 sec
Step =   5908: nodes = 12593, dt = 3.834332e-12, time = 2.184669e-08, elapsed = 4251.3 sec
Step =   5909: nodes = 12586, dt = 3.834332e-12, time = 2.185052e-08, elapsed = 4251.9 sec
Step =   5910: nodes = 12586, dt = 4.601198e-12, time = 2.185512e-08, elapsed = 4252.5 sec
Step =   5911: nodes = 12591, dt = 5.521438e-12, time = 2.186064e-08, elapsed = 4253.2 sec
Step =   5912: nodes = 12586, dt = 6.625725e-12, time = 2.186727e-08, elapsed = 4253.9 sec
Step =   5913: nodes = 12588, dt = 3.975435e-12, time = 2.187125e-08, elapsed = 4254.6 sec
Step =   5914: nodes = 12588, dt = 3.975435e-12, time = 2.187522e-08, elapsed = 4255.2 sec
Step =   5915: nodes = 12586, dt = 4.770522e-12, time = 2.187999e-08, elapsed = 4255.8 sec
Step =   5916: nodes = 12585, dt = 5.724627e-12, time = 2.188572e-08, elapsed = 4256.5 sec
Step =   5917: nodes = 12582, dt = 6.869552e-12, time = 2.189259e-08, elapsed = 4257.1 sec
Step =   5918: nodes = 12586, dt = 4.121731e-12, time = 2.189671e-08, elapsed = 4258.0 sec
Step =   5919: nodes = 12582, dt = 4.121731e-12, time = 2.190083e-08, elapsed = 4258.6 sec
Step =   5920: nodes = 12579, dt = 4.946077e-12, time = 2.190578e-08, elapsed = 4259.2 sec
Step =   5921: nodes = 12584, dt = 5.935293e-12, time = 2.191171e-08, elapsed = 4259.8 sec
Step =   5922: nodes = 12587, dt = 3.561176e-12, time = 2.191527e-08, elapsed = 4260.7 sec
Step =   5923: nodes = 12585, dt = 3.561176e-12, time = 2.191883e-08, elapsed = 4261.2 sec
Step =   5924: nodes = 12581, dt = 4.273411e-12, time = 2.192311e-08, elapsed = 4261.9 sec
Step =   5925: nodes = 12584, dt = 5.128093e-12, time = 2.192823e-08, elapsed = 4262.6 sec
Step =   5926: nodes = 12582, dt = 3.076856e-12, time = 2.193131e-08, elapsed = 4263.4 sec
Step =   5927: nodes = 12584, dt = 3.076856e-12, time = 2.193439e-08, elapsed = 4264.0 sec
Step =   5928: nodes = 12584, dt = 3.692227e-12, time = 2.193808e-08, elapsed = 4264.5 sec
Step =   5929: nodes = 12583, dt = 4.430672e-12, time = 2.194251e-08, elapsed = 4265.2 sec
Step =   5930: nodes = 12584, dt = 5.316807e-12, time = 2.194783e-08, elapsed = 4265.8 sec
Step =   5931: nodes = 12587, dt = 3.190084e-12, time = 2.195102e-08, elapsed = 4266.9 sec
Step =   5932: nodes = 12586, dt = 3.190084e-12, time = 2.195421e-08, elapsed = 4267.5 sec
Step =   5933: nodes = 12589, dt = 1.914050e-12, time = 2.195612e-08, elapsed = 4268.3 sec
Step =   5934: nodes = 12591, dt = 1.914050e-12, time = 2.195804e-08, elapsed = 4268.9 sec
Step =   5935: nodes = 12586, dt = 2.296861e-12, time = 2.196033e-08, elapsed = 4269.4 sec
Step =   5936: nodes = 12587, dt = 2.756233e-12, time = 2.196309e-08, elapsed = 4270.0 sec
Step =   5937: nodes = 12584, dt = 3.307479e-12, time = 2.196640e-08, elapsed = 4270.6 sec
Step =   5938: nodes = 12580, dt = 1.984488e-12, time = 2.196838e-08, elapsed = 4271.4 sec
Step =   5939: nodes = 12577, dt = 1.984488e-12, time = 2.197037e-08, elapsed = 4272.0 sec
Step =   5940: nodes = 12582, dt = 2.381385e-12, time = 2.197275e-08, elapsed = 4272.6 sec
Step =   5941: nodes = 12577, dt = 2.857662e-12, time = 2.197560e-08, elapsed = 4273.2 sec
Step =   5942: nodes = 12579, dt = 3.429194e-12, time = 2.197903e-08, elapsed = 4273.8 sec
Step =   5943: nodes = 12580, dt = 4.115033e-12, time = 2.198315e-08, elapsed = 4274.4 sec
Step =   5944: nodes = 12579, dt = 4.938040e-12, time = 2.198809e-08, elapsed = 4275.1 sec
Step =   5945: nodes = 12581, dt = 5.925648e-12, time = 2.199401e-08, elapsed = 4275.8 sec
Step =   5946: nodes = 12575, dt = 7.110778e-12, time = 2.200112e-08, elapsed = 4276.4 sec
Step =   5947: nodes = 12579, dt = 4.266467e-12, time = 2.200539e-08, elapsed = 4277.3 sec
Step =   5948: nodes = 12579, dt = 4.266467e-12, time = 2.200966e-08, elapsed = 4277.9 sec
Step =   5949: nodes = 12578, dt = 5.119760e-12, time = 2.201478e-08, elapsed = 4278.5 sec
Step =   5950: nodes = 12584, dt = 6.143712e-12, time = 2.202092e-08, elapsed = 4279.2 sec
Step =   5951: nodes = 12583, dt = 7.372454e-12, time = 2.202829e-08, elapsed = 4279.8 sec
Step =   5952: nodes = 12589, dt = 4.423473e-12, time = 2.203272e-08, elapsed = 4280.6 sec
Step =   5953: nodes = 12590, dt = 4.423473e-12, time = 2.203714e-08, elapsed = 4281.2 sec
Step =   5954: nodes = 12599, dt = 5.308167e-12, time = 2.204245e-08, elapsed = 4281.9 sec
Step =   5955: nodes = 12593, dt = 6.369800e-12, time = 2.204882e-08, elapsed = 4282.6 sec
Step =   5956: nodes = 12596, dt = 7.643761e-12, time = 2.205646e-08, elapsed = 4283.2 sec
Step =   5957: nodes = 12602, dt = 2.293128e-12, time = 2.205875e-08, elapsed = 4284.2 sec
Step =   5958: nodes = 12599, dt = 2.293128e-12, time = 2.206105e-08, elapsed = 4284.8 sec
Step =   5959: nodes = 12600, dt = 2.751754e-12, time = 2.206380e-08, elapsed = 4285.4 sec
Step =   5960: nodes = 12597, dt = 1.651052e-12, time = 2.206545e-08, elapsed = 4286.2 sec
Step =   5961: nodes = 12599, dt = 1.651052e-12, time = 2.206710e-08, elapsed = 4286.8 sec
Step =   5962: nodes = 12599, dt = 1.981263e-12, time = 2.206908e-08, elapsed = 4287.4 sec
Step =   5963: nodes = 12603, dt = 2.377515e-12, time = 2.207146e-08, elapsed = 4288.1 sec
Step =   5964: nodes = 12598, dt = 2.853018e-12, time = 2.207431e-08, elapsed = 4288.7 sec
Step =   5965: nodes = 12597, dt = 3.423622e-12, time = 2.207774e-08, elapsed = 4289.3 sec
Step =   5966: nodes = 12603, dt = 4.108346e-12, time = 2.208184e-08, elapsed = 4289.9 sec
Step =   5967: nodes = 12600, dt = 4.930016e-12, time = 2.208677e-08, elapsed = 4290.6 sec
Step =   5968: nodes = 12597, dt = 5.916019e-12, time = 2.209269e-08, elapsed = 4291.2 sec
Step =   5969: nodes = 12597, dt = 7.099223e-12, time = 2.209979e-08, elapsed = 4291.8 sec
Step =   5970: nodes = 12598, dt = 4.259534e-12, time = 2.210405e-08, elapsed = 4292.6 sec
Step =   5971: nodes = 12593, dt = 4.259534e-12, time = 2.210831e-08, elapsed = 4293.2 sec
Step =   5972: nodes = 12600, dt = 5.111440e-12, time = 2.211342e-08, elapsed = 4293.8 sec
Step =   5973: nodes = 12594, dt = 6.133728e-12, time = 2.211955e-08, elapsed = 4294.5 sec
Step =   5974: nodes = 12605, dt = 7.360474e-12, time = 2.212691e-08, elapsed = 4295.3 sec
Step =   5975: nodes = 12599, dt = 4.416284e-12, time = 2.213133e-08, elapsed = 4296.1 sec
Step =   5976: nodes = 12596, dt = 4.416284e-12, time = 2.213575e-08, elapsed = 4297.0 sec
Step =   5977: nodes = 12593, dt = 5.299541e-12, time = 2.214105e-08, elapsed = 4297.6 sec
Step =   5978: nodes = 12594, dt = 6.359450e-12, time = 2.214741e-08, elapsed = 4298.2 sec
Step =   5979: nodes = 12588, dt = 7.631339e-12, time = 2.215504e-08, elapsed = 4298.9 sec
Step =   5980: nodes = 12591, dt = 4.578804e-12, time = 2.215962e-08, elapsed = 4299.7 sec
Step =   5981: nodes = 12590, dt = 4.578804e-12, time = 2.216420e-08, elapsed = 4300.3 sec
Step =   5982: nodes = 12590, dt = 5.494564e-12, time = 2.216969e-08, elapsed = 4300.9 sec
Step =   5983: nodes = 12589, dt = 6.593477e-12, time = 2.217628e-08, elapsed = 4301.6 sec
Step =   5984: nodes = 12585, dt = 7.912173e-12, time = 2.218420e-08, elapsed = 4302.3 sec
Step =   5985: nodes = 12581, dt = 4.747304e-12, time = 2.218894e-08, elapsed = 4303.1 sec
Step =   5986: nodes = 12580, dt = 4.747304e-12, time = 2.219369e-08, elapsed = 4303.8 sec
Step =   5987: nodes = 12581, dt = 5.696764e-12, time = 2.219939e-08, elapsed = 4304.4 sec
Step =   5988: nodes = 12586, dt = 3.418059e-12, time = 2.220281e-08, elapsed = 4305.2 sec
Step =   5989: nodes = 12585, dt = 3.418059e-12, time = 2.220622e-08, elapsed = 4305.8 sec
Step =   5990: nodes = 12585, dt = 4.101670e-12, time = 2.221032e-08, elapsed = 4306.5 sec
Step =   5991: nodes = 12585, dt = 4.922004e-12, time = 2.221525e-08, elapsed = 4307.2 sec
Step =   5992: nodes = 12588, dt = 5.906405e-12, time = 2.222115e-08, elapsed = 4307.9 sec
Step =   5993: nodes = 12588, dt = 7.087686e-12, time = 2.222824e-08, elapsed = 4308.6 sec
Step =   5994: nodes = 12586, dt = 8.505224e-12, time = 2.223675e-08, elapsed = 4309.3 sec
Step =   5995: nodes = 12588, dt = 5.103134e-12, time = 2.224185e-08, elapsed = 4310.2 sec
Step =   5996: nodes = 12589, dt = 5.103134e-12, time = 2.224695e-08, elapsed = 4310.9 sec
Step =   5997: nodes = 12591, dt = 6.123761e-12, time = 2.225308e-08, elapsed = 4311.5 sec
Step =   5998: nodes = 12594, dt = 7.348513e-12, time = 2.226042e-08, elapsed = 4312.2 sec
Step =   5999: nodes = 12593, dt = 4.409108e-12, time = 2.226483e-08, elapsed = 4313.0 sec
Step =   6000: nodes = 12593, dt = 4.409108e-12, time = 2.226924e-08, elapsed = 4313.6 sec
Writing configuration in legacy data format
 Output file: /data/home/dg000246b/openDIS/inital_dislocation_structures/output_caseC_0.18%_seed12345/relax2/config.6000.data
Writing restart file
 Restart file: /data/home/dg000246b/openDIS/inital_dislocation_structures/output_caseC_0.18%_seed12345/relax2/restart.6000.exadis
Step =   6001: nodes = 12592, dt = 5.290930e-12, time = 2.227453e-08, elapsed = 4314.4 sec
Step =   6002: nodes = 12593, dt = 6.349115e-12, time = 2.228088e-08, elapsed = 4315.2 sec
Step =   6003: nodes = 12601, dt = 7.618938e-12, time = 2.228850e-08, elapsed = 4315.9 sec
Step =   6004: nodes = 12599, dt = 4.571363e-12, time = 2.229307e-08, elapsed = 4316.8 sec
Step =   6005: nodes = 12603, dt = 4.571363e-12, time = 2.229764e-08, elapsed = 4317.4 sec
Step =   6006: nodes = 12601, dt = 5.485636e-12, time = 2.230313e-08, elapsed = 4318.0 sec
Step =   6007: nodes = 12598, dt = 6.582763e-12, time = 2.230971e-08, elapsed = 4318.6 sec
Step =   6008: nodes = 12598, dt = 3.949658e-12, time = 2.231366e-08, elapsed = 4319.5 sec
Step =   6009: nodes = 12602, dt = 3.949658e-12, time = 2.231761e-08, elapsed = 4320.1 sec
Step =   6010: nodes = 12601, dt = 4.739589e-12, time = 2.232235e-08, elapsed = 4320.8 sec
Step =   6011: nodes = 12600, dt = 5.687507e-12, time = 2.232804e-08, elapsed = 4321.5 sec
Step =   6012: nodes = 12598, dt = 3.412504e-12, time = 2.233145e-08, elapsed = 4322.3 sec
Step =   6013: nodes = 12592, dt = 1.706252e-12, time = 2.233316e-08, elapsed = 4323.1 sec
Step =   6014: nodes = 12594, dt = 1.706252e-12, time = 2.233486e-08, elapsed = 4323.6 sec
Step =   6015: nodes = 12588, dt = 2.047503e-12, time = 2.233691e-08, elapsed = 4324.2 sec
Step =   6016: nodes = 12590, dt = 2.457003e-12, time = 2.233937e-08, elapsed = 4324.8 sec
Step =   6017: nodes = 12589, dt = 2.948404e-12, time = 2.234232e-08, elapsed = 4325.4 sec
Step =   6018: nodes = 12586, dt = 3.538084e-12, time = 2.234586e-08, elapsed = 4326.1 sec
Step =   6019: nodes = 12587, dt = 4.245701e-12, time = 2.235010e-08, elapsed = 4327.0 sec
Step =   6020: nodes = 12587, dt = 5.094842e-12, time = 2.235520e-08, elapsed = 4327.6 sec
Step =   6021: nodes = 12585, dt = 6.113810e-12, time = 2.236131e-08, elapsed = 4328.2 sec
Step =   6022: nodes = 12584, dt = 7.336572e-12, time = 2.236865e-08, elapsed = 4329.1 sec
Step =   6023: nodes = 12587, dt = 4.401943e-12, time = 2.237305e-08, elapsed = 4329.9 sec
Step =   6024: nodes = 12589, dt = 2.200972e-12, time = 2.237525e-08, elapsed = 4330.6 sec
Step =   6025: nodes = 12589, dt = 2.200972e-12, time = 2.237745e-08, elapsed = 4331.3 sec
Step =   6026: nodes = 12589, dt = 2.641166e-12, time = 2.238009e-08, elapsed = 4331.9 sec
Step =   6027: nodes = 12587, dt = 3.169399e-12, time = 2.238326e-08, elapsed = 4332.5 sec
Step =   6028: nodes = 12584, dt = 3.803279e-12, time = 2.238706e-08, elapsed = 4333.1 sec
Step =   6029: nodes = 12586, dt = 4.563935e-12, time = 2.239163e-08, elapsed = 4333.7 sec
Step =   6030: nodes = 12579, dt = 5.476722e-12, time = 2.239710e-08, elapsed = 4334.3 sec
Step =   6031: nodes = 12574, dt = 6.572066e-12, time = 2.240368e-08, elapsed = 4335.0 sec
Step =   6032: nodes = 12582, dt = 3.943240e-12, time = 2.240762e-08, elapsed = 4335.7 sec
Step =   6033: nodes = 12580, dt = 3.943240e-12, time = 2.241156e-08, elapsed = 4336.3 sec
Step =   6034: nodes = 12583, dt = 4.731887e-12, time = 2.241630e-08, elapsed = 4336.9 sec
Step =   6035: nodes = 12580, dt = 5.678265e-12, time = 2.242197e-08, elapsed = 4337.6 sec
Step =   6036: nodes = 12580, dt = 6.813918e-12, time = 2.242879e-08, elapsed = 4338.2 sec
Step =   6037: nodes = 12580, dt = 4.088351e-12, time = 2.243288e-08, elapsed = 4339.0 sec
Step =   6038: nodes = 12582, dt = 2.044175e-12, time = 2.243492e-08, elapsed = 4339.8 sec
Step =   6039: nodes = 12583, dt = 2.044175e-12, time = 2.243696e-08, elapsed = 4340.4 sec
Step =   6040: nodes = 12586, dt = 2.453010e-12, time = 2.243942e-08, elapsed = 4340.9 sec
Step =   6041: nodes = 12582, dt = 2.943613e-12, time = 2.244236e-08, elapsed = 4341.5 sec
Step =   6042: nodes = 12581, dt = 3.532335e-12, time = 2.244589e-08, elapsed = 4342.0 sec
Step =   6043: nodes = 12581, dt = 4.238802e-12, time = 2.245013e-08, elapsed = 4342.6 sec
Step =   6044: nodes = 12586, dt = 5.086562e-12, time = 2.245522e-08, elapsed = 4343.2 sec
Step =   6045: nodes = 12586, dt = 3.051937e-12, time = 2.245827e-08, elapsed = 4344.0 sec
Step =   6046: nodes = 12583, dt = 3.051937e-12, time = 2.246132e-08, elapsed = 4344.5 sec
Step =   6047: nodes = 12580, dt = 3.662325e-12, time = 2.246498e-08, elapsed = 4345.2 sec
Step =   6048: nodes = 12577, dt = 4.394790e-12, time = 2.246938e-08, elapsed = 4345.8 sec
Step =   6049: nodes = 12577, dt = 5.273748e-12, time = 2.247465e-08, elapsed = 4346.4 sec
Step =   6050: nodes = 12582, dt = 3.164249e-12, time = 2.247782e-08, elapsed = 4347.2 sec
Step =   6051: nodes = 12582, dt = 3.164249e-12, time = 2.248098e-08, elapsed = 4347.8 sec
Step =   6052: nodes = 12583, dt = 3.797099e-12, time = 2.248478e-08, elapsed = 4348.4 sec
Step =   6053: nodes = 12581, dt = 4.556518e-12, time = 2.248934e-08, elapsed = 4349.1 sec
Step =   6054: nodes = 12576, dt = 2.733911e-12, time = 2.249207e-08, elapsed = 4349.8 sec
Step =   6055: nodes = 12574, dt = 2.733911e-12, time = 2.249480e-08, elapsed = 4350.4 sec
Step =   6056: nodes = 12575, dt = 3.280693e-12, time = 2.249808e-08, elapsed = 4351.0 sec
Step =   6057: nodes = 12570, dt = 3.936832e-12, time = 2.250202e-08, elapsed = 4351.6 sec
Step =   6058: nodes = 12569, dt = 4.724198e-12, time = 2.250674e-08, elapsed = 4352.2 sec
Step =   6059: nodes = 12569, dt = 5.669038e-12, time = 2.251241e-08, elapsed = 4352.9 sec
Step =   6060: nodes = 12568, dt = 3.401423e-12, time = 2.251582e-08, elapsed = 4353.7 sec
Step =   6061: nodes = 12571, dt = 1.700711e-12, time = 2.251752e-08, elapsed = 4354.4 sec
Step =   6062: nodes = 12571, dt = 1.700711e-12, time = 2.251922e-08, elapsed = 4355.0 sec
Step =   6063: nodes = 12565, dt = 2.040854e-12, time = 2.252126e-08, elapsed = 4355.5 sec
Step =   6064: nodes = 12565, dt = 2.449024e-12, time = 2.252371e-08, elapsed = 4356.0 sec
Step =   6065: nodes = 12567, dt = 2.938829e-12, time = 2.252665e-08, elapsed = 4356.9 sec
Step =   6066: nodes = 12565, dt = 3.526595e-12, time = 2.253017e-08, elapsed = 4357.5 sec
Step =   6067: nodes = 12565, dt = 2.115957e-12, time = 2.253229e-08, elapsed = 4358.3 sec
Step =   6068: nodes = 12564, dt = 2.115957e-12, time = 2.253440e-08, elapsed = 4358.8 sec
Step =   6069: nodes = 12567, dt = 2.539148e-12, time = 2.253694e-08, elapsed = 4359.4 sec
Step =   6070: nodes = 12564, dt = 3.046978e-12, time = 2.253999e-08, elapsed = 4360.1 sec
Step =   6071: nodes = 12570, dt = 3.656374e-12, time = 2.254365e-08, elapsed = 4360.6 sec
Step =   6072: nodes = 12571, dt = 4.387648e-12, time = 2.254803e-08, elapsed = 4361.2 sec
Step =   6073: nodes = 12571, dt = 2.632589e-12, time = 2.255067e-08, elapsed = 4362.0 sec
Step =   6074: nodes = 12569, dt = 2.632589e-12, time = 2.255330e-08, elapsed = 4362.6 sec
Step =   6075: nodes = 12567, dt = 3.159107e-12, time = 2.255646e-08, elapsed = 4363.2 sec
Step =   6076: nodes = 12561, dt = 3.790928e-12, time = 2.256025e-08, elapsed = 4363.8 sec
Step =   6077: nodes = 12563, dt = 4.549114e-12, time = 2.256480e-08, elapsed = 4364.4 sec
Step =   6078: nodes = 12562, dt = 2.729468e-12, time = 2.256753e-08, elapsed = 4365.2 sec
Step =   6079: nodes = 12570, dt = 2.729468e-12, time = 2.257026e-08, elapsed = 4365.8 sec
Step =   6080: nodes = 12568, dt = 3.275362e-12, time = 2.257353e-08, elapsed = 4366.4 sec
Step =   6081: nodes = 12565, dt = 3.930434e-12, time = 2.257746e-08, elapsed = 4367.1 sec
Step =   6082: nodes = 12565, dt = 4.716521e-12, time = 2.258218e-08, elapsed = 4367.7 sec
Step =   6083: nodes = 12564, dt = 5.659826e-12, time = 2.258784e-08, elapsed = 4368.4 sec
Step =   6084: nodes = 12564, dt = 6.791791e-12, time = 2.259463e-08, elapsed = 4369.0 sec
Step =   6085: nodes = 12563, dt = 4.075074e-12, time = 2.259871e-08, elapsed = 4369.9 sec
Step =   6086: nodes = 12563, dt = 4.075074e-12, time = 2.260278e-08, elapsed = 4370.5 sec
Step =   6087: nodes = 12565, dt = 4.890089e-12, time = 2.260767e-08, elapsed = 4371.2 sec
Step =   6088: nodes = 12566, dt = 5.868107e-12, time = 2.261354e-08, elapsed = 4371.8 sec
Step =   6089: nodes = 12571, dt = 7.041728e-12, time = 2.262058e-08, elapsed = 4372.4 sec
Step =   6090: nodes = 12571, dt = 4.225037e-12, time = 2.262481e-08, elapsed = 4373.2 sec
Step =   6091: nodes = 12565, dt = 4.225037e-12, time = 2.262903e-08, elapsed = 4373.8 sec
Step =   6092: nodes = 12574, dt = 5.070045e-12, time = 2.263410e-08, elapsed = 4374.4 sec
Step =   6093: nodes = 12571, dt = 3.042027e-12, time = 2.263714e-08, elapsed = 4375.2 sec
Step =   6094: nodes = 12575, dt = 3.042027e-12, time = 2.264019e-08, elapsed = 4375.7 sec
Step =   6095: nodes = 12573, dt = 3.650432e-12, time = 2.264384e-08, elapsed = 4376.3 sec
Step =   6096: nodes = 12573, dt = 4.380518e-12, time = 2.264822e-08, elapsed = 4376.9 sec
Step =   6097: nodes = 12576, dt = 5.256622e-12, time = 2.265347e-08, elapsed = 4377.6 sec
Step =   6098: nodes = 12581, dt = 6.307947e-12, time = 2.265978e-08, elapsed = 4378.2 sec
Step =   6099: nodes = 12578, dt = 7.569536e-12, time = 2.266735e-08, elapsed = 4378.9 sec
Step =   6100: nodes = 12587, dt = 4.541722e-12, time = 2.267189e-08, elapsed = 4379.8 sec
Writing configuration in legacy data format
 Output file: /data/home/dg000246b/openDIS/inital_dislocation_structures/output_caseC_0.18%_seed12345/relax2/config.6100.data
Writing restart file
 Restart file: /data/home/dg000246b/openDIS/inital_dislocation_structures/output_caseC_0.18%_seed12345/relax2/restart.6100.exadis
Step =   6101: nodes = 12583, dt = 4.541722e-12, time = 2.267643e-08, elapsed = 4380.5 sec
Step =   6102: nodes = 12577, dt = 5.450066e-12, time = 2.268188e-08, elapsed = 4381.2 sec
Step =   6103: nodes = 12575, dt = 6.540079e-12, time = 2.268842e-08, elapsed = 4381.8 sec
Step =   6104: nodes = 12582, dt = 3.924047e-12, time = 2.269235e-08, elapsed = 4382.6 sec
Step =   6105: nodes = 12581, dt = 3.924047e-12, time = 2.269627e-08, elapsed = 4383.2 sec
Step =   6106: nodes = 12586, dt = 4.708857e-12, time = 2.270098e-08, elapsed = 4383.8 sec
Step =   6107: nodes = 12588, dt = 5.650628e-12, time = 2.270663e-08, elapsed = 4384.4 sec
Step =   6108: nodes = 12585, dt = 6.780754e-12, time = 2.271341e-08, elapsed = 4385.1 sec
Step =   6109: nodes = 12585, dt = 4.068452e-12, time = 2.271748e-08, elapsed = 4385.8 sec
Step =   6110: nodes = 12583, dt = 4.068452e-12, time = 2.272155e-08, elapsed = 4386.4 sec
Step =   6111: nodes = 12579, dt = 4.882143e-12, time = 2.272643e-08, elapsed = 4387.3 sec
Step =   6112: nodes = 12578, dt = 2.929286e-12, time = 2.272936e-08, elapsed = 4388.1 sec
Step =   6113: nodes = 12577, dt = 2.929286e-12, time = 2.273229e-08, elapsed = 4388.8 sec
Step =   6114: nodes = 12578, dt = 3.515143e-12, time = 2.273581e-08, elapsed = 4389.4 sec
Step =   6115: nodes = 12577, dt = 4.218171e-12, time = 2.274002e-08, elapsed = 4390.1 sec
Step =   6116: nodes = 12574, dt = 5.061806e-12, time = 2.274509e-08, elapsed = 4390.7 sec
Step =   6117: nodes = 12568, dt = 3.037083e-12, time = 2.274812e-08, elapsed = 4391.5 sec
Step =   6118: nodes = 12568, dt = 3.037083e-12, time = 2.275116e-08, elapsed = 4392.0 sec
Step =   6119: nodes = 12565, dt = 3.644500e-12, time = 2.275480e-08, elapsed = 4392.6 sec
Step =   6120: nodes = 12564, dt = 4.373400e-12, time = 2.275918e-08, elapsed = 4393.3 sec
Step =   6121: nodes = 12570, dt = 5.248080e-12, time = 2.276443e-08, elapsed = 4394.0 sec
Step =   6122: nodes = 12569, dt = 6.297696e-12, time = 2.277072e-08, elapsed = 4394.7 sec
Step =   6123: nodes = 12572, dt = 7.557235e-12, time = 2.277828e-08, elapsed = 4395.4 sec
Step =   6124: nodes = 12572, dt = 4.534341e-12, time = 2.278281e-08, elapsed = 4396.3 sec
Step =   6125: nodes = 12571, dt = 4.534341e-12, time = 2.278735e-08, elapsed = 4396.9 sec
Step =   6126: nodes = 12573, dt = 5.441209e-12, time = 2.279279e-08, elapsed = 4397.6 sec
Step =   6127: nodes = 12572, dt = 6.529451e-12, time = 2.279932e-08, elapsed = 4398.2 sec
Step =   6128: nodes = 12569, dt = 3.917671e-12, time = 2.280324e-08, elapsed = 4399.0 sec
Step =   6129: nodes = 12576, dt = 3.917671e-12, time = 2.280715e-08, elapsed = 4399.6 sec
Step =   6130: nodes = 12569, dt = 4.701205e-12, time = 2.281186e-08, elapsed = 4400.2 sec
Step =   6131: nodes = 12571, dt = 5.641446e-12, time = 2.281750e-08, elapsed = 4400.9 sec
Step =   6132: nodes = 12570, dt = 3.384868e-12, time = 2.282088e-08, elapsed = 4401.7 sec
Step =   6133: nodes = 12571, dt = 3.384868e-12, time = 2.282427e-08, elapsed = 4402.3 sec
Step =   6134: nodes = 12573, dt = 4.061841e-12, time = 2.282833e-08, elapsed = 4402.9 sec
Step =   6135: nodes = 12578, dt = 4.874209e-12, time = 2.283320e-08, elapsed = 4403.5 sec
Step =   6136: nodes = 12580, dt = 2.924526e-12, time = 2.283613e-08, elapsed = 4404.3 sec
Step =   6137: nodes = 12577, dt = 2.924526e-12, time = 2.283905e-08, elapsed = 4404.9 sec
Step =   6138: nodes = 12579, dt = 3.509431e-12, time = 2.284256e-08, elapsed = 4405.6 sec
Step =   6139: nodes = 12576, dt = 4.211317e-12, time = 2.284677e-08, elapsed = 4406.2 sec
Step =   6140: nodes = 12577, dt = 2.526790e-12, time = 2.284930e-08, elapsed = 4407.0 sec
Step =   6141: nodes = 12567, dt = 2.526790e-12, time = 2.285183e-08, elapsed = 4407.6 sec
Step =   6142: nodes = 12564, dt = 3.032148e-12, time = 2.285486e-08, elapsed = 4408.2 sec
Step =   6143: nodes = 12564, dt = 3.638578e-12, time = 2.285850e-08, elapsed = 4408.8 sec
Step =   6144: nodes = 12562, dt = 2.183147e-12, time = 2.286068e-08, elapsed = 4409.6 sec
Step =   6145: nodes = 12560, dt = 2.183147e-12, time = 2.286286e-08, elapsed = 4410.2 sec
Step =   6146: nodes = 12556, dt = 2.619776e-12, time = 2.286548e-08, elapsed = 4410.8 sec
Step =   6147: nodes = 12563, dt = 3.143731e-12, time = 2.286863e-08, elapsed = 4411.3 sec
Step =   6148: nodes = 12560, dt = 3.772477e-12, time = 2.287240e-08, elapsed = 4411.9 sec
Step =   6149: nodes = 12560, dt = 4.526973e-12, time = 2.287693e-08, elapsed = 4412.6 sec
Step =   6150: nodes = 12559, dt = 5.432368e-12, time = 2.288236e-08, elapsed = 4413.2 sec
Step =   6151: nodes = 12558, dt = 6.518841e-12, time = 2.288888e-08, elapsed = 4413.8 sec
Step =   6152: nodes = 12555, dt = 3.911305e-12, time = 2.289279e-08, elapsed = 4414.6 sec
Step =   6153: nodes = 12561, dt = 3.911305e-12, time = 2.289670e-08, elapsed = 4415.2 sec
Step =   6154: nodes = 12559, dt = 4.693566e-12, time = 2.290139e-08, elapsed = 4415.8 sec
Step =   6155: nodes = 12558, dt = 2.816139e-12, time = 2.290421e-08, elapsed = 4416.7 sec
Step =   6156: nodes = 12561, dt = 2.816139e-12, time = 2.290703e-08, elapsed = 4417.5 sec
Step =   6157: nodes = 12559, dt = 3.379367e-12, time = 2.291041e-08, elapsed = 4418.1 sec
Step =   6158: nodes = 12561, dt = 4.055241e-12, time = 2.291446e-08, elapsed = 4418.8 sec
Step =   6159: nodes = 12560, dt = 4.866289e-12, time = 2.291933e-08, elapsed = 4419.4 sec
Step =   6160: nodes = 12562, dt = 2.919773e-12, time = 2.292225e-08, elapsed = 4420.2 sec
Step =   6161: nodes = 12558, dt = 2.919773e-12, time = 2.292517e-08, elapsed = 4420.8 sec
Step =   6162: nodes = 12558, dt = 3.503728e-12, time = 2.292867e-08, elapsed = 4421.5 sec
Step =   6163: nodes = 12555, dt = 4.204473e-12, time = 2.293288e-08, elapsed = 4422.0 sec
Step =   6164: nodes = 12556, dt = 2.522684e-12, time = 2.293540e-08, elapsed = 4422.8 sec
Step =   6165: nodes = 12554, dt = 2.522684e-12, time = 2.293792e-08, elapsed = 4423.4 sec
Step =   6166: nodes = 12558, dt = 3.027221e-12, time = 2.294095e-08, elapsed = 4424.0 sec
Step =   6167: nodes = 12558, dt = 3.632665e-12, time = 2.294458e-08, elapsed = 4424.6 sec
Step =   6168: nodes = 12561, dt = 4.359198e-12, time = 2.294894e-08, elapsed = 4425.2 sec
Step =   6169: nodes = 12562, dt = 2.615519e-12, time = 2.295156e-08, elapsed = 4426.1 sec
Step =   6170: nodes = 12565, dt = 2.615519e-12, time = 2.295417e-08, elapsed = 4426.7 sec
Step =   6171: nodes = 12562, dt = 3.138623e-12, time = 2.295731e-08, elapsed = 4427.3 sec
Step =   6172: nodes = 12563, dt = 3.766347e-12, time = 2.296108e-08, elapsed = 4427.9 sec
Step =   6173: nodes = 12563, dt = 4.519617e-12, time = 2.296560e-08, elapsed = 4428.6 sec
Step =   6174: nodes = 12562, dt = 2.711770e-12, time = 2.296831e-08, elapsed = 4429.4 sec
Step =   6175: nodes = 12558, dt = 2.711770e-12, time = 2.297102e-08, elapsed = 4429.9 sec
Step =   6176: nodes = 12558, dt = 3.254124e-12, time = 2.297427e-08, elapsed = 4430.6 sec
Step =   6177: nodes = 12559, dt = 3.904949e-12, time = 2.297818e-08, elapsed = 4431.2 sec
Step =   6178: nodes = 12567, dt = 4.685938e-12, time = 2.298286e-08, elapsed = 4431.9 sec
Step =   6179: nodes = 12562, dt = 5.623126e-12, time = 2.298849e-08, elapsed = 4432.5 sec
Step =   6180: nodes = 12562, dt = 6.747751e-12, time = 2.299523e-08, elapsed = 4433.2 sec
Step =   6181: nodes = 12556, dt = 8.097302e-12, time = 2.300333e-08, elapsed = 4433.8 sec
Step =   6182: nodes = 12559, dt = 4.858381e-12, time = 2.300819e-08, elapsed = 4434.7 sec
Step =   6183: nodes = 12561, dt = 4.858381e-12, time = 2.301305e-08, elapsed = 4435.3 sec
Step =   6184: nodes = 12559, dt = 2.915029e-12, time = 2.301596e-08, elapsed = 4436.1 sec
Step =   6185: nodes = 12558, dt = 2.915029e-12, time = 2.301888e-08, elapsed = 4436.8 sec
Step =   6186: nodes = 12559, dt = 3.498034e-12, time = 2.302238e-08, elapsed = 4437.5 sec
Step =   6187: nodes = 12555, dt = 4.197641e-12, time = 2.302657e-08, elapsed = 4438.1 sec
Step =   6188: nodes = 12550, dt = 5.037169e-12, time = 2.303161e-08, elapsed = 4438.7 sec
Step =   6189: nodes = 12554, dt = 3.022302e-12, time = 2.303463e-08, elapsed = 4439.6 sec
Step =   6190: nodes = 12552, dt = 3.022302e-12, time = 2.303766e-08, elapsed = 4440.2 sec
Step =   6191: nodes = 12553, dt = 3.626762e-12, time = 2.304128e-08, elapsed = 4440.8 sec
Step =   6192: nodes = 12559, dt = 4.352114e-12, time = 2.304563e-08, elapsed = 4441.5 sec
Step =   6193: nodes = 12557, dt = 2.611269e-12, time = 2.304825e-08, elapsed = 4442.2 sec
Step =   6194: nodes = 12559, dt = 2.611269e-12, time = 2.305086e-08, elapsed = 4442.8 sec
Step =   6195: nodes = 12558, dt = 3.133522e-12, time = 2.305399e-08, elapsed = 4443.5 sec
Step =   6196: nodes = 12559, dt = 3.760227e-12, time = 2.305775e-08, elapsed = 4444.1 sec
Step =   6197: nodes = 12560, dt = 4.512272e-12, time = 2.306226e-08, elapsed = 4444.7 sec
Step =   6198: nodes = 12558, dt = 2.707363e-12, time = 2.306497e-08, elapsed = 4445.6 sec
Step =   6199: nodes = 12558, dt = 2.707363e-12, time = 2.306768e-08, elapsed = 4446.1 sec
Step =   6200: nodes = 12555, dt = 3.248836e-12, time = 2.307093e-08, elapsed = 4447.1 sec
Writing configuration in legacy data format
 Output file: /data/home/dg000246b/openDIS/inital_dislocation_structures/output_caseC_0.18%_seed12345/relax2/config.6200.data
Writing restart file
 Restart file: /data/home/dg000246b/openDIS/inital_dislocation_structures/output_caseC_0.18%_seed12345/relax2/restart.6200.exadis
Step =   6201: nodes = 12556, dt = 3.898603e-12, time = 2.307483e-08, elapsed = 4447.9 sec
Step =   6202: nodes = 12554, dt = 4.678324e-12, time = 2.307950e-08, elapsed = 4448.5 sec
Step =   6203: nodes = 12557, dt = 2.806994e-12, time = 2.308231e-08, elapsed = 4449.3 sec
Step =   6204: nodes = 12561, dt = 2.806994e-12, time = 2.308512e-08, elapsed = 4449.9 sec
Step =   6205: nodes = 12559, dt = 3.368393e-12, time = 2.308849e-08, elapsed = 4450.5 sec
Step =   6206: nodes = 12556, dt = 4.042072e-12, time = 2.309253e-08, elapsed = 4451.1 sec
Step =   6207: nodes = 12554, dt = 4.850486e-12, time = 2.309738e-08, elapsed = 4451.8 sec
Step =   6208: nodes = 12555, dt = 2.910292e-12, time = 2.310029e-08, elapsed = 4452.6 sec
Step =   6209: nodes = 12554, dt = 2.910292e-12, time = 2.310320e-08, elapsed = 4453.2 sec
Step =   6210: nodes = 12550, dt = 3.492350e-12, time = 2.310669e-08, elapsed = 4453.8 sec
Step =   6211: nodes = 12553, dt = 4.190820e-12, time = 2.311088e-08, elapsed = 4454.4 sec
Step =   6212: nodes = 12554, dt = 5.028984e-12, time = 2.311591e-08, elapsed = 4455.0 sec
Step =   6213: nodes = 12554, dt = 3.017390e-12, time = 2.311893e-08, elapsed = 4455.8 sec
Step =   6214: nodes = 12554, dt = 3.017390e-12, time = 2.312195e-08, elapsed = 4456.4 sec
Step =   6215: nodes = 12551, dt = 3.620868e-12, time = 2.312557e-08, elapsed = 4457.0 sec
Step =   6216: nodes = 12549, dt = 4.345042e-12, time = 2.312991e-08, elapsed = 4457.6 sec
Step =   6217: nodes = 12552, dt = 2.607025e-12, time = 2.313252e-08, elapsed = 4458.3 sec
Step =   6218: nodes = 12551, dt = 2.607025e-12, time = 2.313513e-08, elapsed = 4458.9 sec
Step =   6219: nodes = 12547, dt = 3.128430e-12, time = 2.313825e-08, elapsed = 4459.5 sec
Step =   6220: nodes = 12544, dt = 3.754116e-12, time = 2.314201e-08, elapsed = 4460.1 sec
Step =   6221: nodes = 12547, dt = 2.252470e-12, time = 2.314426e-08, elapsed = 4460.8 sec
Step =   6222: nodes = 12548, dt = 2.252470e-12, time = 2.314651e-08, elapsed = 4461.4 sec
Step =   6223: nodes = 12544, dt = 6.757410e-13, time = 2.314719e-08, elapsed = 4462.3 sec
Step =   6224: nodes = 12540, dt = 6.757410e-13, time = 2.314787e-08, elapsed = 4462.8 sec
Step =   6225: nodes = 12537, dt = 8.108892e-13, time = 2.314868e-08, elapsed = 4463.3 sec
Step =   6226: nodes = 12537, dt = 9.730670e-13, time = 2.314965e-08, elapsed = 4463.8 sec
Step =   6227: nodes = 12539, dt = 1.167680e-12, time = 2.315082e-08, elapsed = 4464.4 sec
Step =   6228: nodes = 12537, dt = 1.401216e-12, time = 2.315222e-08, elapsed = 4464.9 sec
Step =   6229: nodes = 12536, dt = 1.681460e-12, time = 2.315390e-08, elapsed = 4465.4 sec
Step =   6230: nodes = 12534, dt = 2.017752e-12, time = 2.315592e-08, elapsed = 4465.9 sec
Step =   6231: nodes = 12531, dt = 2.421302e-12, time = 2.315834e-08, elapsed = 4466.5 sec
Step =   6232: nodes = 12528, dt = 2.905562e-12, time = 2.316124e-08, elapsed = 4467.1 sec
Step =   6233: nodes = 12531, dt = 1.743337e-12, time = 2.316299e-08, elapsed = 4467.9 sec
Step =   6234: nodes = 12529, dt = 1.743337e-12, time = 2.316473e-08, elapsed = 4468.4 sec
Step =   6235: nodes = 12527, dt = 1.046002e-12, time = 2.316578e-08, elapsed = 4469.1 sec
Step =   6236: nodes = 12529, dt = 1.046002e-12, time = 2.316682e-08, elapsed = 4469.7 sec
Step =   6237: nodes = 12527, dt = 1.255203e-12, time = 2.316808e-08, elapsed = 4470.2 sec
Step =   6238: nodes = 12529, dt = 1.506244e-12, time = 2.316958e-08, elapsed = 4470.7 sec
Step =   6239: nodes = 12528, dt = 1.807492e-12, time = 2.317139e-08, elapsed = 4471.3 sec
Step =   6240: nodes = 12528, dt = 2.168991e-12, time = 2.317356e-08, elapsed = 4471.8 sec
Step =   6241: nodes = 12523, dt = 2.602789e-12, time = 2.317616e-08, elapsed = 4472.4 sec
Step =   6242: nodes = 12529, dt = 3.123347e-12, time = 2.317929e-08, elapsed = 4473.0 sec
Step =   6243: nodes = 12525, dt = 3.748016e-12, time = 2.318304e-08, elapsed = 4473.6 sec
Step =   6244: nodes = 12523, dt = 2.248810e-12, time = 2.318528e-08, elapsed = 4474.3 sec
Step =   6245: nodes = 12523, dt = 2.248810e-12, time = 2.318753e-08, elapsed = 4474.9 sec
Step =   6246: nodes = 12521, dt = 2.698572e-12, time = 2.319023e-08, elapsed = 4475.6 sec
Step =   6247: nodes = 12522, dt = 3.238286e-12, time = 2.319347e-08, elapsed = 4476.2 sec
Step =   6248: nodes = 12523, dt = 3.885943e-12, time = 2.319736e-08, elapsed = 4477.1 sec
Step =   6249: nodes = 12519, dt = 2.331566e-12, time = 2.319969e-08, elapsed = 4477.8 sec
Step =   6250: nodes = 12516, dt = 2.331566e-12, time = 2.320202e-08, elapsed = 4478.4 sec
Step =   6251: nodes = 12518, dt = 2.797879e-12, time = 2.320482e-08, elapsed = 4479.0 sec
Step =   6252: nodes = 12516, dt = 3.357455e-12, time = 2.320817e-08, elapsed = 4479.5 sec
Step =   6253: nodes = 12514, dt = 4.028946e-12, time = 2.321220e-08, elapsed = 4480.1 sec
Step =   6254: nodes = 12515, dt = 2.417367e-12, time = 2.321462e-08, elapsed = 4480.9 sec
Step =   6255: nodes = 12510, dt = 2.417367e-12, time = 2.321704e-08, elapsed = 4481.5 sec
Step =   6256: nodes = 12510, dt = 2.900841e-12, time = 2.321994e-08, elapsed = 4482.1 sec
Step =   6257: nodes = 12515, dt = 3.481009e-12, time = 2.322342e-08, elapsed = 4482.7 sec
Step =   6258: nodes = 12517, dt = 4.177211e-12, time = 2.322760e-08, elapsed = 4483.3 sec
Step =   6259: nodes = 12521, dt = 2.506327e-12, time = 2.323010e-08, elapsed = 4484.1 sec
Step =   6260: nodes = 12521, dt = 2.506327e-12, time = 2.323261e-08, elapsed = 4484.7 sec
Step =   6261: nodes = 12517, dt = 3.007592e-12, time = 2.323562e-08, elapsed = 4485.2 sec
Step =   6262: nodes = 12518, dt = 3.609110e-12, time = 2.323923e-08, elapsed = 4485.9 sec
Step =   6263: nodes = 12524, dt = 4.330932e-12, time = 2.324356e-08, elapsed = 4486.5 sec
Step =   6264: nodes = 12527, dt = 2.598559e-12, time = 2.324616e-08, elapsed = 4487.3 sec
Step =   6265: nodes = 12526, dt = 2.598559e-12, time = 2.324875e-08, elapsed = 4487.9 sec
Step =   6266: nodes = 12521, dt = 3.118271e-12, time = 2.325187e-08, elapsed = 4488.5 sec
Step =   6267: nodes = 12520, dt = 3.741925e-12, time = 2.325561e-08, elapsed = 4489.1 sec
Step =   6268: nodes = 12523, dt = 2.245155e-12, time = 2.325786e-08, elapsed = 4489.9 sec
Step =   6269: nodes = 12518, dt = 2.245155e-12, time = 2.326010e-08, elapsed = 4490.5 sec
Step =   6270: nodes = 12521, dt = 2.694186e-12, time = 2.326280e-08, elapsed = 4491.1 sec
Step =   6271: nodes = 12526, dt = 3.233024e-12, time = 2.326603e-08, elapsed = 4491.6 sec
Step =   6272: nodes = 12523, dt = 1.939814e-12, time = 2.326797e-08, elapsed = 4492.4 sec
Step =   6273: nodes = 12523, dt = 1.939814e-12, time = 2.326991e-08, elapsed = 4493.0 sec
Step =   6274: nodes = 12528, dt = 2.327777e-12, time = 2.327224e-08, elapsed = 4493.5 sec
Step =   6275: nodes = 12525, dt = 2.793332e-12, time = 2.327503e-08, elapsed = 4494.1 sec
Step =   6276: nodes = 12521, dt = 3.351999e-12, time = 2.327838e-08, elapsed = 4494.8 sec
Step =   6277: nodes = 12523, dt = 4.022399e-12, time = 2.328241e-08, elapsed = 4495.4 sec
Step =   6278: nodes = 12523, dt = 2.413439e-12, time = 2.328482e-08, elapsed = 4496.2 sec
Step =   6279: nodes = 12526, dt = 2.413439e-12, time = 2.328723e-08, elapsed = 4496.7 sec
Step =   6280: nodes = 12525, dt = 2.896127e-12, time = 2.329013e-08, elapsed = 4497.3 sec
Step =   6281: nodes = 12529, dt = 3.475352e-12, time = 2.329361e-08, elapsed = 4497.9 sec
Step =   6282: nodes = 12526, dt = 2.085211e-12, time = 2.329569e-08, elapsed = 4498.7 sec
Step =   6283: nodes = 12526, dt = 2.085211e-12, time = 2.329778e-08, elapsed = 4499.3 sec
Step =   6284: nodes = 12529, dt = 2.502254e-12, time = 2.330028e-08, elapsed = 4499.9 sec
Step =   6285: nodes = 12528, dt = 3.002705e-12, time = 2.330328e-08, elapsed = 4500.5 sec
Step =   6286: nodes = 12528, dt = 1.801623e-12, time = 2.330508e-08, elapsed = 4501.2 sec
Step =   6287: nodes = 12522, dt = 1.801623e-12, time = 2.330688e-08, elapsed = 4501.8 sec
Step =   6288: nodes = 12525, dt = 2.161947e-12, time = 2.330905e-08, elapsed = 4502.4 sec
Step =   6289: nodes = 12521, dt = 1.297168e-12, time = 2.331034e-08, elapsed = 4503.1 sec
Step =   6290: nodes = 12522, dt = 1.297168e-12, time = 2.331164e-08, elapsed = 4503.7 sec
Step =   6291: nodes = 12518, dt = 1.556602e-12, time = 2.331320e-08, elapsed = 4504.2 sec
Step =   6292: nodes = 12521, dt = 1.867922e-12, time = 2.331506e-08, elapsed = 4504.8 sec
Step =   6293: nodes = 12516, dt = 2.241507e-12, time = 2.331731e-08, elapsed = 4505.3 sec
Step =   6294: nodes = 12512, dt = 2.689808e-12, time = 2.332000e-08, elapsed = 4505.9 sec
Step =   6295: nodes = 12510, dt = 1.613885e-12, time = 2.332161e-08, elapsed = 4506.9 sec
Step =   6296: nodes = 12509, dt = 1.613885e-12, time = 2.332322e-08, elapsed = 4507.5 sec
Step =   6297: nodes = 12511, dt = 1.936662e-12, time = 2.332516e-08, elapsed = 4508.1 sec
Step =   6298: nodes = 12507, dt = 2.323994e-12, time = 2.332748e-08, elapsed = 4508.7 sec
Step =   6299: nodes = 12503, dt = 2.788793e-12, time = 2.333027e-08, elapsed = 4509.3 sec
Step =   6300: nodes = 12508, dt = 1.673276e-12, time = 2.333195e-08, elapsed = 4510.0 sec
Writing configuration in legacy data format
 Output file: /data/home/dg000246b/openDIS/inital_dislocation_structures/output_caseC_0.18%_seed12345/relax2/config.6300.data
Writing restart file
 Restart file: /data/home/dg000246b/openDIS/inital_dislocation_structures/output_caseC_0.18%_seed12345/relax2/restart.6300.exadis
Step =   6301: nodes = 12505, dt = 1.673276e-12, time = 2.333362e-08, elapsed = 4510.7 sec
Step =   6302: nodes = 12501, dt = 2.007931e-12, time = 2.333563e-08, elapsed = 4511.3 sec
Step =   6303: nodes = 12500, dt = 2.409517e-12, time = 2.333804e-08, elapsed = 4511.8 sec
Step =   6304: nodes = 12499, dt = 2.891421e-12, time = 2.334093e-08, elapsed = 4512.4 sec
Step =   6305: nodes = 12503, dt = 8.674262e-13, time = 2.334180e-08, elapsed = 4513.3 sec
Step =   6306: nodes = 12499, dt = 8.674262e-13, time = 2.334266e-08, elapsed = 4513.9 sec
Step =   6307: nodes = 12502, dt = 1.040911e-12, time = 2.334370e-08, elapsed = 4514.3 sec
Step =   6308: nodes = 12501, dt = 1.249094e-12, time = 2.334495e-08, elapsed = 4514.9 sec
Step =   6309: nodes = 12499, dt = 1.498913e-12, time = 2.334645e-08, elapsed = 4515.4 sec
Step =   6310: nodes = 12494, dt = 1.798695e-12, time = 2.334825e-08, elapsed = 4515.9 sec
Step =   6311: nodes = 12491, dt = 2.158434e-12, time = 2.335041e-08, elapsed = 4516.5 sec
Step =   6312: nodes = 12489, dt = 2.590121e-12, time = 2.335300e-08, elapsed = 4517.1 sec
Step =   6313: nodes = 12490, dt = 3.108145e-12, time = 2.335611e-08, elapsed = 4517.7 sec
Step =   6314: nodes = 12494, dt = 1.864887e-12, time = 2.335797e-08, elapsed = 4518.4 sec
Step =   6315: nodes = 12493, dt = 1.864887e-12, time = 2.335984e-08, elapsed = 4519.0 sec
Step =   6316: nodes = 12495, dt = 2.237864e-12, time = 2.336208e-08, elapsed = 4519.6 sec
Step =   6317: nodes = 12495, dt = 2.685437e-12, time = 2.336476e-08, elapsed = 4520.2 sec
Step =   6318: nodes = 12496, dt = 3.222525e-12, time = 2.336798e-08, elapsed = 4520.8 sec
Step =   6319: nodes = 12496, dt = 1.933515e-12, time = 2.336992e-08, elapsed = 4521.5 sec
Step =   6320: nodes = 12501, dt = 1.933515e-12, time = 2.337185e-08, elapsed = 4522.1 sec
Step =   6321: nodes = 12498, dt = 2.320218e-12, time = 2.337417e-08, elapsed = 4522.7 sec
Step =   6322: nodes = 12495, dt = 2.784261e-12, time = 2.337696e-08, elapsed = 4523.2 sec
Step =   6323: nodes = 12497, dt = 3.341114e-12, time = 2.338030e-08, elapsed = 4523.8 sec
Step =   6324: nodes = 12500, dt = 2.004668e-12, time = 2.338230e-08, elapsed = 4524.6 sec
Step =   6325: nodes = 12500, dt = 2.004668e-12, time = 2.338431e-08, elapsed = 4525.2 sec
Step =   6326: nodes = 12500, dt = 2.405602e-12, time = 2.338671e-08, elapsed = 4525.7 sec
Step =   6327: nodes = 12497, dt = 2.886722e-12, time = 2.338960e-08, elapsed = 4526.3 sec
Step =   6328: nodes = 12501, dt = 3.464067e-12, time = 2.339306e-08, elapsed = 4526.9 sec
Step =   6329: nodes = 12503, dt = 2.078440e-12, time = 2.339514e-08, elapsed = 4527.8 sec
Step =   6330: nodes = 12498, dt = 2.078440e-12, time = 2.339722e-08, elapsed = 4528.3 sec
Step =   6331: nodes = 12498, dt = 2.494128e-12, time = 2.339971e-08, elapsed = 4528.9 sec
Step =   6332: nodes = 12500, dt = 2.992954e-12, time = 2.340271e-08, elapsed = 4529.5 sec
Step =   6333: nodes = 12504, dt = 3.591544e-12, time = 2.340630e-08, elapsed = 4530.1 sec
Step =   6334: nodes = 12503, dt = 2.154927e-12, time = 2.340845e-08, elapsed = 4531.0 sec
Step =   6335: nodes = 12501, dt = 2.154927e-12, time = 2.341061e-08, elapsed = 4531.5 sec
Step =   6336: nodes = 12495, dt = 2.585912e-12, time = 2.341319e-08, elapsed = 4532.1 sec
Step =   6337: nodes = 12499, dt = 3.103094e-12, time = 2.341630e-08, elapsed = 4532.7 sec
Step =   6338: nodes = 12493, dt = 3.723713e-12, time = 2.342002e-08, elapsed = 4533.4 sec
Step =   6339: nodes = 12496, dt = 2.234228e-12, time = 2.342225e-08, elapsed = 4534.1 sec
Step =   6340: nodes = 12498, dt = 2.234228e-12, time = 2.342449e-08, elapsed = 4534.7 sec
Step =   6341: nodes = 12498, dt = 2.681073e-12, time = 2.342717e-08, elapsed = 4535.2 sec
Step =   6342: nodes = 12499, dt = 3.217288e-12, time = 2.343039e-08, elapsed = 4535.8 sec
Step =   6343: nodes = 12497, dt = 3.860746e-12, time = 2.343425e-08, elapsed = 4536.5 sec
Step =   6344: nodes = 12494, dt = 2.316448e-12, time = 2.343656e-08, elapsed = 4537.4 sec
Step =   6345: nodes = 12494, dt = 1.158224e-12, time = 2.343772e-08, elapsed = 4538.2 sec
Step =   6346: nodes = 12493, dt = 1.158224e-12, time = 2.343888e-08, elapsed = 4538.7 sec
Step =   6347: nodes = 12486, dt = 1.389869e-12, time = 2.344027e-08, elapsed = 4539.2 sec
Step =   6348: nodes = 12491, dt = 1.667842e-12, time = 2.344194e-08, elapsed = 4539.8 sec
Step =   6349: nodes = 12489, dt = 2.001411e-12, time = 2.344394e-08, elapsed = 4540.3 sec
Step =   6350: nodes = 12493, dt = 2.401693e-12, time = 2.344634e-08, elapsed = 4540.9 sec
Step =   6351: nodes = 12493, dt = 2.882031e-12, time = 2.344922e-08, elapsed = 4541.5 sec
Step =   6352: nodes = 12492, dt = 1.729219e-12, time = 2.345095e-08, elapsed = 4542.3 sec
Step =   6353: nodes = 12496, dt = 1.729219e-12, time = 2.345268e-08, elapsed = 4542.8 sec
Step =   6354: nodes = 12496, dt = 2.075063e-12, time = 2.345476e-08, elapsed = 4543.4 sec
Step =   6355: nodes = 12494, dt = 2.490075e-12, time = 2.345725e-08, elapsed = 4543.9 sec
Step =   6356: nodes = 12498, dt = 2.988090e-12, time = 2.346023e-08, elapsed = 4544.5 sec
Step =   6357: nodes = 12495, dt = 3.585708e-12, time = 2.346382e-08, elapsed = 4545.1 sec
Step =   6358: nodes = 12495, dt = 2.151425e-12, time = 2.346597e-08, elapsed = 4545.9 sec
Step =   6359: nodes = 12494, dt = 2.151425e-12, time = 2.346812e-08, elapsed = 4546.4 sec
Step =   6360: nodes = 12492, dt = 2.581710e-12, time = 2.347071e-08, elapsed = 4547.1 sec
Step =   6361: nodes = 12489, dt = 3.098052e-12, time = 2.347380e-08, elapsed = 4547.6 sec
Step =   6362: nodes = 12491, dt = 3.717662e-12, time = 2.347752e-08, elapsed = 4548.2 sec
Step =   6363: nodes = 12494, dt = 2.230597e-12, time = 2.347975e-08, elapsed = 4549.0 sec
Step =   6364: nodes = 12491, dt = 2.230597e-12, time = 2.348198e-08, elapsed = 4549.6 sec
Step =   6365: nodes = 12491, dt = 2.676717e-12, time = 2.348466e-08, elapsed = 4550.2 sec
Step =   6366: nodes = 12487, dt = 3.212060e-12, time = 2.348787e-08, elapsed = 4550.7 sec
Step =   6367: nodes = 12494, dt = 1.927236e-12, time = 2.348980e-08, elapsed = 4551.5 sec
Step =   6368: nodes = 12490, dt = 1.927236e-12, time = 2.349173e-08, elapsed = 4552.1 sec
Step =   6369: nodes = 12492, dt = 2.312683e-12, time = 2.349404e-08, elapsed = 4552.6 sec
Step =   6370: nodes = 12496, dt = 2.775220e-12, time = 2.349681e-08, elapsed = 4553.2 sec
Step =   6371: nodes = 12494, dt = 3.330264e-12, time = 2.350014e-08, elapsed = 4553.8 sec
Step =   6372: nodes = 12494, dt = 1.998158e-12, time = 2.350214e-08, elapsed = 4554.5 sec
Step =   6373: nodes = 12498, dt = 1.998158e-12, time = 2.350414e-08, elapsed = 4555.1 sec
Step =   6374: nodes = 12501, dt = 2.397790e-12, time = 2.350654e-08, elapsed = 4555.7 sec
Step =   6375: nodes = 12497, dt = 2.877348e-12, time = 2.350941e-08, elapsed = 4556.3 sec
Step =   6376: nodes = 12499, dt = 3.452818e-12, time = 2.351287e-08, elapsed = 4556.8 sec
Step =   6377: nodes = 12498, dt = 2.071691e-12, time = 2.351494e-08, elapsed = 4557.6 sec
Step =   6378: nodes = 12498, dt = 2.071691e-12, time = 2.351701e-08, elapsed = 4558.1 sec
Step =   6379: nodes = 12497, dt = 2.486029e-12, time = 2.351950e-08, elapsed = 4558.7 sec
Step =   6380: nodes = 12501, dt = 2.983234e-12, time = 2.352248e-08, elapsed = 4559.4 sec
Step =   6381: nodes = 12501, dt = 3.579881e-12, time = 2.352606e-08, elapsed = 4560.0 sec
Step =   6382: nodes = 12500, dt = 2.147929e-12, time = 2.352821e-08, elapsed = 4560.8 sec
Step =   6383: nodes = 12508, dt = 2.147929e-12, time = 2.353036e-08, elapsed = 4561.4 sec
Step =   6384: nodes = 12507, dt = 2.577515e-12, time = 2.353293e-08, elapsed = 4562.0 sec
Step =   6385: nodes = 12507, dt = 3.093017e-12, time = 2.353603e-08, elapsed = 4562.6 sec
Step =   6386: nodes = 12507, dt = 1.855810e-12, time = 2.353788e-08, elapsed = 4563.3 sec
Step =   6387: nodes = 12505, dt = 1.855810e-12, time = 2.353974e-08, elapsed = 4563.9 sec
Step =   6388: nodes = 12502, dt = 2.226973e-12, time = 2.354197e-08, elapsed = 4564.5 sec
Step =   6389: nodes = 12501, dt = 2.672367e-12, time = 2.354464e-08, elapsed = 4565.0 sec
Step =   6390: nodes = 12500, dt = 3.206840e-12, time = 2.354784e-08, elapsed = 4565.7 sec
Step =   6391: nodes = 12502, dt = 1.924104e-12, time = 2.354977e-08, elapsed = 4566.5 sec
Step =   6392: nodes = 12502, dt = 1.924104e-12, time = 2.355169e-08, elapsed = 4567.4 sec
Step =   6393: nodes = 12499, dt = 2.308925e-12, time = 2.355400e-08, elapsed = 4567.9 sec
Step =   6394: nodes = 12497, dt = 2.770710e-12, time = 2.355677e-08, elapsed = 4568.5 sec
Step =   6395: nodes = 12495, dt = 3.324852e-12, time = 2.356010e-08, elapsed = 4569.1 sec
Step =   6396: nodes = 12490, dt = 1.994911e-12, time = 2.356209e-08, elapsed = 4569.9 sec
Step =   6397: nodes = 12488, dt = 1.994911e-12, time = 2.356409e-08, elapsed = 4570.5 sec
Step =   6398: nodes = 12489, dt = 2.393894e-12, time = 2.356648e-08, elapsed = 4571.0 sec
Step =   6399: nodes = 12490, dt = 2.872672e-12, time = 2.356935e-08, elapsed = 4571.7 sec
Step =   6400: nodes = 12490, dt = 3.447207e-12, time = 2.357280e-08, elapsed = 4572.3 sec
Writing configuration in legacy data format
 Output file: /data/home/dg000246b/openDIS/inital_dislocation_structures/output_caseC_0.18%_seed12345/relax2/config.6400.data
Writing restart file
 Restart file: /data/home/dg000246b/openDIS/inital_dislocation_structures/output_caseC_0.18%_seed12345/relax2/restart.6400.exadis
Step =   6401: nodes = 12488, dt = 4.136648e-12, time = 2.357694e-08, elapsed = 4572.9 sec
Step =   6402: nodes = 12488, dt = 2.481989e-12, time = 2.357942e-08, elapsed = 4573.7 sec
Step =   6403: nodes = 12491, dt = 2.481989e-12, time = 2.358190e-08, elapsed = 4574.3 sec
Step =   6404: nodes = 12492, dt = 2.978387e-12, time = 2.358488e-08, elapsed = 4574.9 sec
Step =   6405: nodes = 12491, dt = 3.574064e-12, time = 2.358845e-08, elapsed = 4575.5 sec
Step =   6406: nodes = 12486, dt = 4.288877e-12, time = 2.359274e-08, elapsed = 4576.1 sec
Step =   6407: nodes = 12489, dt = 2.573326e-12, time = 2.359532e-08, elapsed = 4576.9 sec
Step =   6408: nodes = 12488, dt = 2.573326e-12, time = 2.359789e-08, elapsed = 4577.4 sec
Step =   6409: nodes = 12490, dt = 3.087991e-12, time = 2.360098e-08, elapsed = 4578.0 sec
Step =   6410: nodes = 12489, dt = 3.705590e-12, time = 2.360468e-08, elapsed = 4578.6 sec
Step =   6411: nodes = 12492, dt = 4.446707e-12, time = 2.360913e-08, elapsed = 4579.2 sec
Step =   6412: nodes = 12492, dt = 2.668024e-12, time = 2.361180e-08, elapsed = 4580.0 sec
Step =   6413: nodes = 12493, dt = 2.668024e-12, time = 2.361447e-08, elapsed = 4580.6 sec
Step =   6414: nodes = 12493, dt = 3.201629e-12, time = 2.361767e-08, elapsed = 4581.2 sec
Step =   6415: nodes = 12496, dt = 1.920978e-12, time = 2.361959e-08, elapsed = 4582.0 sec
Step =   6416: nodes = 12494, dt = 1.920978e-12, time = 2.362151e-08, elapsed = 4582.5 sec
Step =   6417: nodes = 12490, dt = 2.305173e-12, time = 2.362381e-08, elapsed = 4583.1 sec
Step =   6418: nodes = 12492, dt = 2.766208e-12, time = 2.362658e-08, elapsed = 4583.7 sec
Step =   6419: nodes = 12491, dt = 3.319449e-12, time = 2.362990e-08, elapsed = 4584.3 sec
Step =   6420: nodes = 12493, dt = 1.991670e-12, time = 2.363189e-08, elapsed = 4585.1 sec
Step =   6421: nodes = 12494, dt = 1.991670e-12, time = 2.363388e-08, elapsed = 4585.7 sec
Step =   6422: nodes = 12496, dt = 2.390004e-12, time = 2.363627e-08, elapsed = 4586.3 sec
Step =   6423: nodes = 12494, dt = 2.868004e-12, time = 2.363914e-08, elapsed = 4586.9 sec
Step =   6424: nodes = 12497, dt = 3.441605e-12, time = 2.364258e-08, elapsed = 4587.5 sec
Step =   6425: nodes = 12492, dt = 2.064963e-12, time = 2.364465e-08, elapsed = 4588.3 sec
Step =   6426: nodes = 12492, dt = 1.032482e-12, time = 2.364568e-08, elapsed = 4589.0 sec
Step =   6427: nodes = 12491, dt = 1.032482e-12, time = 2.364671e-08, elapsed = 4589.5 sec
Step =   6428: nodes = 12490, dt = 1.238978e-12, time = 2.364795e-08, elapsed = 4590.0 sec
Step =   6429: nodes = 12491, dt = 1.486773e-12, time = 2.364944e-08, elapsed = 4590.5 sec
Step =   6430: nodes = 12495, dt = 1.784128e-12, time = 2.365122e-08, elapsed = 4591.0 sec
Step =   6431: nodes = 12495, dt = 2.140954e-12, time = 2.365336e-08, elapsed = 4591.6 sec
Step =   6432: nodes = 12495, dt = 2.569144e-12, time = 2.365593e-08, elapsed = 4592.1 sec
Step =   6433: nodes = 12496, dt = 3.082973e-12, time = 2.365902e-08, elapsed = 4592.8 sec
Step =   6434: nodes = 12495, dt = 3.699568e-12, time = 2.366272e-08, elapsed = 4593.4 sec
Step =   6435: nodes = 12498, dt = 2.219741e-12, time = 2.366494e-08, elapsed = 4594.2 sec
Step =   6436: nodes = 12494, dt = 2.219741e-12, time = 2.366716e-08, elapsed = 4594.7 sec
Step =   6437: nodes = 12494, dt = 2.663689e-12, time = 2.366982e-08, elapsed = 4595.3 sec
Step =   6438: nodes = 12496, dt = 3.196427e-12, time = 2.367302e-08, elapsed = 4595.9 sec
Step =   6439: nodes = 12498, dt = 3.835712e-12, time = 2.367685e-08, elapsed = 4596.5 sec
Step =   6440: nodes = 12500, dt = 2.301427e-12, time = 2.367915e-08, elapsed = 4597.5 sec
Step =   6441: nodes = 12502, dt = 2.301427e-12, time = 2.368145e-08, elapsed = 4598.1 sec
Step =   6442: nodes = 12503, dt = 2.761713e-12, time = 2.368422e-08, elapsed = 4598.7 sec
Step =   6443: nodes = 12503, dt = 3.314055e-12, time = 2.368753e-08, elapsed = 4599.4 sec
Step =   6444: nodes = 12499, dt = 3.976866e-12, time = 2.369151e-08, elapsed = 4599.9 sec
Step =   6445: nodes = 12502, dt = 2.386120e-12, time = 2.369389e-08, elapsed = 4600.8 sec
Step =   6446: nodes = 12500, dt = 2.386120e-12, time = 2.369628e-08, elapsed = 4601.3 sec
Step =   6447: nodes = 12498, dt = 2.863344e-12, time = 2.369914e-08, elapsed = 4601.9 sec
Step =   6448: nodes = 12497, dt = 3.436012e-12, time = 2.370258e-08, elapsed = 4602.5 sec
Step =   6449: nodes = 12498, dt = 4.123215e-12, time = 2.370670e-08, elapsed = 4603.1 sec
Step =   6450: nodes = 12498, dt = 2.473929e-12, time = 2.370918e-08, elapsed = 4603.9 sec
Step =   6451: nodes = 12503, dt = 2.473929e-12, time = 2.371165e-08, elapsed = 4604.4 sec
Step =   6452: nodes = 12502, dt = 2.968715e-12, time = 2.371462e-08, elapsed = 4605.0 sec
Step =   6453: nodes = 12499, dt = 3.562458e-12, time = 2.371818e-08, elapsed = 4605.6 sec
Step =   6454: nodes = 12496, dt = 2.137475e-12, time = 2.372032e-08, elapsed = 4606.4 sec
Step =   6455: nodes = 12497, dt = 2.137475e-12, time = 2.372246e-08, elapsed = 4607.0 sec
Step =   6456: nodes = 12495, dt = 2.564970e-12, time = 2.372502e-08, elapsed = 4607.5 sec
Step =   6457: nodes = 12495, dt = 3.077963e-12, time = 2.372810e-08, elapsed = 4608.1 sec
Step =   6458: nodes = 12496, dt = 3.693556e-12, time = 2.373179e-08, elapsed = 4608.8 sec
Step =   6459: nodes = 12492, dt = 2.216134e-12, time = 2.373401e-08, elapsed = 4609.5 sec
Step =   6460: nodes = 12496, dt = 2.216134e-12, time = 2.373622e-08, elapsed = 4610.1 sec
Step =   6461: nodes = 12497, dt = 2.659360e-12, time = 2.373888e-08, elapsed = 4610.7 sec
Step =   6462: nodes = 12491, dt = 3.191233e-12, time = 2.374207e-08, elapsed = 4611.2 sec
Step =   6463: nodes = 12489, dt = 3.829479e-12, time = 2.374590e-08, elapsed = 4611.8 sec
Step =   6464: nodes = 12487, dt = 2.297687e-12, time = 2.374820e-08, elapsed = 4612.6 sec
Step =   6465: nodes = 12491, dt = 2.297687e-12, time = 2.375050e-08, elapsed = 4613.2 sec
Step =   6466: nodes = 12492, dt = 2.757225e-12, time = 2.375326e-08, elapsed = 4613.8 sec
Step =   6467: nodes = 12486, dt = 3.308670e-12, time = 2.375657e-08, elapsed = 4614.4 sec
Step =   6468: nodes = 12489, dt = 3.970404e-12, time = 2.376054e-08, elapsed = 4615.0 sec
Step =   6469: nodes = 12487, dt = 2.382242e-12, time = 2.376292e-08, elapsed = 4615.8 sec
Step =   6470: nodes = 12487, dt = 2.382242e-12, time = 2.376530e-08, elapsed = 4616.4 sec
Step =   6471: nodes = 12490, dt = 1.429345e-12, time = 2.376673e-08, elapsed = 4617.1 sec
Step =   6472: nodes = 12489, dt = 1.429345e-12, time = 2.376816e-08, elapsed = 4617.7 sec
Step =   6473: nodes = 12490, dt = 1.715214e-12, time = 2.376987e-08, elapsed = 4618.2 sec
Step =   6474: nodes = 12490, dt = 2.058257e-12, time = 2.377193e-08, elapsed = 4618.8 sec
Step =   6475: nodes = 12494, dt = 2.469909e-12, time = 2.377440e-08, elapsed = 4619.4 sec
Step =   6476: nodes = 12492, dt = 2.963891e-12, time = 2.377737e-08, elapsed = 4620.0 sec
Step =   6477: nodes = 12486, dt = 3.556669e-12, time = 2.378092e-08, elapsed = 4620.5 sec
Step =   6478: nodes = 12496, dt = 2.134001e-12, time = 2.378306e-08, elapsed = 4621.3 sec
Step =   6479: nodes = 12494, dt = 2.134001e-12, time = 2.378519e-08, elapsed = 4621.9 sec
Step =   6480: nodes = 12490, dt = 2.560801e-12, time = 2.378775e-08, elapsed = 4622.5 sec
Step =   6481: nodes = 12490, dt = 3.072962e-12, time = 2.379082e-08, elapsed = 4623.0 sec
Step =   6482: nodes = 12491, dt = 3.687554e-12, time = 2.379451e-08, elapsed = 4623.6 sec
Step =   6483: nodes = 12493, dt = 2.212532e-12, time = 2.379672e-08, elapsed = 4624.4 sec
Step =   6484: nodes = 12494, dt = 2.212532e-12, time = 2.379894e-08, elapsed = 4624.9 sec
Step =   6485: nodes = 12491, dt = 2.655039e-12, time = 2.380159e-08, elapsed = 4625.5 sec
Step =   6486: nodes = 12489, dt = 3.186047e-12, time = 2.380478e-08, elapsed = 4626.1 sec
Step =   6487: nodes = 12487, dt = 3.823256e-12, time = 2.380860e-08, elapsed = 4626.7 sec
Step =   6488: nodes = 12484, dt = 2.293954e-12, time = 2.381090e-08, elapsed = 4627.7 sec
Step =   6489: nodes = 12483, dt = 2.293954e-12, time = 2.381319e-08, elapsed = 4628.2 sec
Step =   6490: nodes = 12486, dt = 2.752744e-12, time = 2.381594e-08, elapsed = 4628.8 sec
Step =   6491: nodes = 12485, dt = 3.303293e-12, time = 2.381925e-08, elapsed = 4629.3 sec
Step =   6492: nodes = 12489, dt = 3.963952e-12, time = 2.382321e-08, elapsed = 4630.0 sec
Step =   6493: nodes = 12494, dt = 2.378371e-12, time = 2.382559e-08, elapsed = 4630.8 sec
Step =   6494: nodes = 12493, dt = 2.378371e-12, time = 2.382797e-08, elapsed = 4631.3 sec
Step =   6495: nodes = 12493, dt = 2.854045e-12, time = 2.383082e-08, elapsed = 4631.9 sec
Step =   6496: nodes = 12494, dt = 3.424854e-12, time = 2.383425e-08, elapsed = 4632.5 sec
Step =   6497: nodes = 12497, dt = 4.109825e-12, time = 2.383835e-08, elapsed = 4633.2 sec
Step =   6498: nodes = 12495, dt = 2.465895e-12, time = 2.384082e-08, elapsed = 4633.9 sec
Step =   6499: nodes = 12496, dt = 2.465895e-12, time = 2.384329e-08, elapsed = 4634.5 sec
Step =   6500: nodes = 12492, dt = 2.959074e-12, time = 2.384625e-08, elapsed = 4635.1 sec
Writing configuration in legacy data format
 Output file: /data/home/dg000246b/openDIS/inital_dislocation_structures/output_caseC_0.18%_seed12345/relax2/config.6500.data
Writing restart file
 Restart file: /data/home/dg000246b/openDIS/inital_dislocation_structures/output_caseC_0.18%_seed12345/relax2/restart.6500.exadis
Step =   6501: nodes = 12485, dt = 3.550889e-12, time = 2.384980e-08, elapsed = 4635.9 sec
Step =   6502: nodes = 12477, dt = 4.261067e-12, time = 2.385406e-08, elapsed = 4636.5 sec
Step =   6503: nodes = 12484, dt = 2.556640e-12, time = 2.385661e-08, elapsed = 4637.3 sec
Step =   6504: nodes = 12486, dt = 2.556640e-12, time = 2.385917e-08, elapsed = 4637.9 sec
Step =   6505: nodes = 12485, dt = 3.067968e-12, time = 2.386224e-08, elapsed = 4638.5 sec
Step =   6506: nodes = 12486, dt = 3.681562e-12, time = 2.386592e-08, elapsed = 4639.1 sec
Step =   6507: nodes = 12484, dt = 2.208937e-12, time = 2.386813e-08, elapsed = 4639.9 sec
Step =   6508: nodes = 12489, dt = 2.208937e-12, time = 2.387034e-08, elapsed = 4640.4 sec
Step =   6509: nodes = 12491, dt = 2.650725e-12, time = 2.387299e-08, elapsed = 4641.0 sec
Step =   6510: nodes = 12487, dt = 3.180869e-12, time = 2.387617e-08, elapsed = 4641.6 sec
Step =   6511: nodes = 12485, dt = 3.817043e-12, time = 2.387999e-08, elapsed = 4642.3 sec
Step =   6512: nodes = 12489, dt = 2.290226e-12, time = 2.388228e-08, elapsed = 4643.1 sec
Step =   6513: nodes = 12489, dt = 2.290226e-12, time = 2.388457e-08, elapsed = 4643.6 sec
Step =   6514: nodes = 12493, dt = 2.748271e-12, time = 2.388732e-08, elapsed = 4644.2 sec
Step =   6515: nodes = 12492, dt = 3.297925e-12, time = 2.389061e-08, elapsed = 4644.8 sec
Step =   6516: nodes = 12491, dt = 3.957511e-12, time = 2.389457e-08, elapsed = 4645.5 sec
Step =   6517: nodes = 12489, dt = 2.374506e-12, time = 2.389695e-08, elapsed = 4646.2 sec
Step =   6518: nodes = 12489, dt = 2.374506e-12, time = 2.389932e-08, elapsed = 4646.8 sec
Step =   6519: nodes = 12488, dt = 2.849408e-12, time = 2.390217e-08, elapsed = 4647.3 sec
Step =   6520: nodes = 12485, dt = 3.419289e-12, time = 2.390559e-08, elapsed = 4648.0 sec
Step =   6521: nodes = 12484, dt = 4.103147e-12, time = 2.390969e-08, elapsed = 4648.6 sec
Step =   6522: nodes = 12489, dt = 2.461888e-12, time = 2.391215e-08, elapsed = 4649.3 sec
Step =   6523: nodes = 12486, dt = 2.461888e-12, time = 2.391462e-08, elapsed = 4649.9 sec
Step =   6524: nodes = 12487, dt = 2.954266e-12, time = 2.391757e-08, elapsed = 4650.5 sec
Step =   6525: nodes = 12488, dt = 3.545119e-12, time = 2.392112e-08, elapsed = 4651.1 sec
Step =   6526: nodes = 12484, dt = 2.127071e-12, time = 2.392324e-08, elapsed = 4651.8 sec
Step =   6527: nodes = 12484, dt = 2.127071e-12, time = 2.392537e-08, elapsed = 4652.3 sec
Step =   6528: nodes = 12486, dt = 2.552486e-12, time = 2.392792e-08, elapsed = 4652.8 sec
Step =   6529: nodes = 12481, dt = 3.062983e-12, time = 2.393098e-08, elapsed = 4653.4 sec
Step =   6530: nodes = 12483, dt = 3.675579e-12, time = 2.393466e-08, elapsed = 4653.9 sec
Step =   6531: nodes = 12483, dt = 2.205348e-12, time = 2.393687e-08, elapsed = 4654.7 sec
Step =   6532: nodes = 12485, dt = 2.205348e-12, time = 2.393907e-08, elapsed = 4655.2 sec
Step =   6533: nodes = 12487, dt = 2.646417e-12, time = 2.394172e-08, elapsed = 4655.7 sec
Step =   6534: nodes = 12487, dt = 3.175701e-12, time = 2.394489e-08, elapsed = 4656.2 sec
Step =   6535: nodes = 12486, dt = 3.810841e-12, time = 2.394870e-08, elapsed = 4657.2 sec
Step =   6536: nodes = 12487, dt = 2.286504e-12, time = 2.395099e-08, elapsed = 4657.9 sec
Step =   6537: nodes = 12486, dt = 2.286504e-12, time = 2.395328e-08, elapsed = 4658.5 sec
Step =   6538: nodes = 12489, dt = 2.743805e-12, time = 2.395602e-08, elapsed = 4659.0 sec
Step =   6539: nodes = 12489, dt = 3.292566e-12, time = 2.395931e-08, elapsed = 4659.6 sec
Step =   6540: nodes = 12483, dt = 3.951080e-12, time = 2.396326e-08, elapsed = 4660.2 sec
Step =   6541: nodes = 12486, dt = 2.370648e-12, time = 2.396564e-08, elapsed = 4661.0 sec
Step =   6542: nodes = 12485, dt = 2.370648e-12, time = 2.396801e-08, elapsed = 4661.5 sec
Step =   6543: nodes = 12485, dt = 2.844777e-12, time = 2.397085e-08, elapsed = 4662.1 sec
Step =   6544: nodes = 12488, dt = 3.413733e-12, time = 2.397426e-08, elapsed = 4662.7 sec
Step =   6545: nodes = 12490, dt = 4.096479e-12, time = 2.397836e-08, elapsed = 4663.2 sec
Step =   6546: nodes = 12486, dt = 2.457888e-12, time = 2.398082e-08, elapsed = 4664.0 sec
Step =   6547: nodes = 12484, dt = 2.457888e-12, time = 2.398328e-08, elapsed = 4664.5 sec
Step =   6548: nodes = 12483, dt = 2.949465e-12, time = 2.398623e-08, elapsed = 4665.1 sec
Step =   6549: nodes = 12479, dt = 3.539358e-12, time = 2.398977e-08, elapsed = 4665.7 sec
Step =   6550: nodes = 12486, dt = 2.123615e-12, time = 2.399189e-08, elapsed = 4666.4 sec
Step =   6551: nodes = 12487, dt = 2.123615e-12, time = 2.399401e-08, elapsed = 4667.0 sec
Step =   6552: nodes = 12488, dt = 2.548338e-12, time = 2.399656e-08, elapsed = 4667.5 sec
Step =   6553: nodes = 12493, dt = 3.058005e-12, time = 2.399962e-08, elapsed = 4668.1 sec
Step =   6554: nodes = 12492, dt = 1.834803e-12, time = 2.400145e-08, elapsed = 4668.8 sec
Step =   6555: nodes = 12493, dt = 1.834803e-12, time = 2.400329e-08, elapsed = 4669.3 sec
Step =   6556: nodes = 12496, dt = 2.201764e-12, time = 2.400549e-08, elapsed = 4669.8 sec
Step =   6557: nodes = 12495, dt = 2.642117e-12, time = 2.400813e-08, elapsed = 4670.4 sec
Step =   6558: nodes = 12493, dt = 3.170540e-12, time = 2.401130e-08, elapsed = 4671.0 sec
Step =   6559: nodes = 12492, dt = 1.902324e-12, time = 2.401321e-08, elapsed = 4671.7 sec
Step =   6560: nodes = 12489, dt = 1.902324e-12, time = 2.401511e-08, elapsed = 4672.2 sec
Step =   6561: nodes = 12488, dt = 2.282789e-12, time = 2.401739e-08, elapsed = 4672.8 sec
Step =   6562: nodes = 12482, dt = 2.739347e-12, time = 2.402013e-08, elapsed = 4673.4 sec
Step =   6563: nodes = 12479, dt = 3.287216e-12, time = 2.402342e-08, elapsed = 4674.0 sec
Step =   6564: nodes = 12483, dt = 1.972330e-12, time = 2.402539e-08, elapsed = 4674.7 sec
Step =   6565: nodes = 12480, dt = 1.972330e-12, time = 2.402736e-08, elapsed = 4675.3 sec
Step =   6566: nodes = 12479, dt = 2.366795e-12, time = 2.402973e-08, elapsed = 4675.8 sec
Step =   6567: nodes = 12476, dt = 2.840155e-12, time = 2.403257e-08, elapsed = 4676.4 sec
Step =   6568: nodes = 12479, dt = 3.408185e-12, time = 2.403598e-08, elapsed = 4677.0 sec
Step =   6569: nodes = 12478, dt = 2.044911e-12, time = 2.403802e-08, elapsed = 4677.8 sec
Step =   6570: nodes = 12478, dt = 2.044911e-12, time = 2.404007e-08, elapsed = 4678.3 sec
Step =   6571: nodes = 12476, dt = 2.453893e-12, time = 2.404252e-08, elapsed = 4678.9 sec
Step =   6572: nodes = 12476, dt = 1.472336e-12, time = 2.404399e-08, elapsed = 4679.6 sec
Step =   6573: nodes = 12473, dt = 1.472336e-12, time = 2.404547e-08, elapsed = 4680.2 sec
Step =   6574: nodes = 12467, dt = 1.766803e-12, time = 2.404723e-08, elapsed = 4680.7 sec
Step =   6575: nodes = 12468, dt = 2.120164e-12, time = 2.404935e-08, elapsed = 4681.2 sec
Step =   6576: nodes = 12471, dt = 2.544197e-12, time = 2.405190e-08, elapsed = 4681.8 sec
Step =   6577: nodes = 12466, dt = 3.053036e-12, time = 2.405495e-08, elapsed = 4682.4 sec
Step =   6578: nodes = 12473, dt = 3.663643e-12, time = 2.405861e-08, elapsed = 4683.0 sec
Step =   6579: nodes = 12469, dt = 2.198186e-12, time = 2.406081e-08, elapsed = 4683.8 sec
Step =   6580: nodes = 12463, dt = 2.198186e-12, time = 2.406301e-08, elapsed = 4684.3 sec
Step =   6581: nodes = 12465, dt = 2.637823e-12, time = 2.406565e-08, elapsed = 4684.9 sec
Step =   6582: nodes = 12461, dt = 3.165388e-12, time = 2.406881e-08, elapsed = 4685.6 sec
Step =   6583: nodes = 12465, dt = 3.798465e-12, time = 2.407261e-08, elapsed = 4686.2 sec
Step =   6584: nodes = 12465, dt = 2.279079e-12, time = 2.407489e-08, elapsed = 4687.3 sec
Step =   6585: nodes = 12462, dt = 2.279079e-12, time = 2.407717e-08, elapsed = 4687.9 sec
Step =   6586: nodes = 12460, dt = 2.734895e-12, time = 2.407990e-08, elapsed = 4688.5 sec
Step =   6587: nodes = 12459, dt = 3.281874e-12, time = 2.408319e-08, elapsed = 4689.1 sec
Step =   6588: nodes = 12453, dt = 3.938249e-12, time = 2.408712e-08, elapsed = 4689.7 sec
Step =   6589: nodes = 12455, dt = 2.362949e-12, time = 2.408949e-08, elapsed = 4690.5 sec
Step =   6590: nodes = 12453, dt = 2.362949e-12, time = 2.409185e-08, elapsed = 4691.1 sec
Step =   6591: nodes = 12454, dt = 2.835539e-12, time = 2.409469e-08, elapsed = 4691.6 sec
Step =   6592: nodes = 12450, dt = 3.402647e-12, time = 2.409809e-08, elapsed = 4692.4 sec
Step =   6593: nodes = 12450, dt = 2.041588e-12, time = 2.410013e-08, elapsed = 4693.1 sec
Step =   6594: nodes = 12450, dt = 2.041588e-12, time = 2.410217e-08, elapsed = 4693.7 sec
Step =   6595: nodes = 12450, dt = 2.449906e-12, time = 2.410462e-08, elapsed = 4694.3 sec
Step =   6596: nodes = 12453, dt = 2.939887e-12, time = 2.410756e-08, elapsed = 4694.8 sec
Step =   6597: nodes = 12453, dt = 3.527865e-12, time = 2.411109e-08, elapsed = 4695.4 sec
Step =   6598: nodes = 12456, dt = 2.116719e-12, time = 2.411321e-08, elapsed = 4696.2 sec
Step =   6599: nodes = 12455, dt = 2.116719e-12, time = 2.411532e-08, elapsed = 4696.8 sec
Step =   6600: nodes = 12454, dt = 2.540062e-12, time = 2.411786e-08, elapsed = 4697.3 sec
Writing configuration in legacy data format
 Output file: /data/home/dg000246b/openDIS/inital_dislocation_structures/output_caseC_0.18%_seed12345/relax2/config.6600.data
Writing restart file
 Restart file: /data/home/dg000246b/openDIS/inital_dislocation_structures/output_caseC_0.18%_seed12345/relax2/restart.6600.exadis
Step =   6601: nodes = 12455, dt = 3.048075e-12, time = 2.412091e-08, elapsed = 4698.1 sec
Step =   6602: nodes = 12452, dt = 3.657690e-12, time = 2.412457e-08, elapsed = 4698.7 sec
Step =   6603: nodes = 12452, dt = 2.194614e-12, time = 2.412676e-08, elapsed = 4699.5 sec
Step =   6604: nodes = 12450, dt = 2.194614e-12, time = 2.412896e-08, elapsed = 4700.0 sec
Step =   6605: nodes = 12445, dt = 2.633537e-12, time = 2.413159e-08, elapsed = 4700.6 sec
Step =   6606: nodes = 12450, dt = 3.160244e-12, time = 2.413475e-08, elapsed = 4701.2 sec
Step =   6607: nodes = 12448, dt = 3.792293e-12, time = 2.413854e-08, elapsed = 4701.8 sec
Step =   6608: nodes = 12451, dt = 2.275376e-12, time = 2.414082e-08, elapsed = 4702.6 sec
Step =   6609: nodes = 12450, dt = 2.275376e-12, time = 2.414309e-08, elapsed = 4703.2 sec
Step =   6610: nodes = 12451, dt = 2.730451e-12, time = 2.414582e-08, elapsed = 4703.7 sec
Step =   6611: nodes = 12445, dt = 3.276541e-12, time = 2.414910e-08, elapsed = 4704.4 sec
Step =   6612: nodes = 12445, dt = 3.931849e-12, time = 2.415303e-08, elapsed = 4705.0 sec
Step =   6613: nodes = 12453, dt = 2.359110e-12, time = 2.415539e-08, elapsed = 4705.7 sec
Step =   6614: nodes = 12448, dt = 2.359110e-12, time = 2.415775e-08, elapsed = 4706.3 sec
Step =   6615: nodes = 12448, dt = 2.830931e-12, time = 2.416058e-08, elapsed = 4706.8 sec
Step =   6616: nodes = 12453, dt = 3.397118e-12, time = 2.416398e-08, elapsed = 4707.4 sec
Step =   6617: nodes = 12457, dt = 4.076541e-12, time = 2.416806e-08, elapsed = 4708.0 sec
Step =   6618: nodes = 12456, dt = 2.445925e-12, time = 2.417050e-08, elapsed = 4708.8 sec
Step =   6619: nodes = 12447, dt = 2.445925e-12, time = 2.417295e-08, elapsed = 4709.4 sec
Step =   6620: nodes = 12448, dt = 2.935110e-12, time = 2.417588e-08, elapsed = 4710.0 sec
Step =   6621: nodes = 12453, dt = 3.522132e-12, time = 2.417941e-08, elapsed = 4710.6 sec
Step =   6622: nodes = 12453, dt = 2.113279e-12, time = 2.418152e-08, elapsed = 4711.4 sec
Step =   6623: nodes = 12454, dt = 2.113279e-12, time = 2.418363e-08, elapsed = 4711.9 sec
Step =   6624: nodes = 12453, dt = 2.535935e-12, time = 2.418617e-08, elapsed = 4712.5 sec
Step =   6625: nodes = 12452, dt = 3.043122e-12, time = 2.418921e-08, elapsed = 4713.1 sec
Step =   6626: nodes = 12452, dt = 3.651746e-12, time = 2.419286e-08, elapsed = 4713.7 sec
Step =   6627: nodes = 12450, dt = 2.191048e-12, time = 2.419505e-08, elapsed = 4714.5 sec
Step =   6628: nodes = 12448, dt = 2.191048e-12, time = 2.419724e-08, elapsed = 4715.0 sec
Step =   6629: nodes = 12447, dt = 2.629257e-12, time = 2.419987e-08, elapsed = 4715.6 sec
Step =   6630: nodes = 12450, dt = 3.155109e-12, time = 2.420303e-08, elapsed = 4716.2 sec
Step =   6631: nodes = 12452, dt = 3.786130e-12, time = 2.420682e-08, elapsed = 4716.8 sec
Step =   6632: nodes = 12457, dt = 4.543357e-12, time = 2.421136e-08, elapsed = 4717.6 sec
Step =   6633: nodes = 12456, dt = 2.726014e-12, time = 2.421408e-08, elapsed = 4718.4 sec
Step =   6634: nodes = 12461, dt = 2.726014e-12, time = 2.421681e-08, elapsed = 4719.0 sec
Step =   6635: nodes = 12460, dt = 3.271217e-12, time = 2.422008e-08, elapsed = 4719.6 sec
Step =   6636: nodes = 12461, dt = 3.925460e-12, time = 2.422401e-08, elapsed = 4720.3 sec
Step =   6637: nodes = 12456, dt = 2.355276e-12, time = 2.422636e-08, elapsed = 4721.0 sec
Step =   6638: nodes = 12454, dt = 2.355276e-12, time = 2.422872e-08, elapsed = 4721.6 sec
Step =   6639: nodes = 12456, dt = 2.826331e-12, time = 2.423154e-08, elapsed = 4722.1 sec
Step =   6640: nodes = 12452, dt = 3.391597e-12, time = 2.423494e-08, elapsed = 4722.7 sec
Step =   6641: nodes = 12453, dt = 2.034958e-12, time = 2.423697e-08, elapsed = 4723.5 sec
Step =   6642: nodes = 12452, dt = 2.034958e-12, time = 2.423901e-08, elapsed = 4724.1 sec
Step =   6643: nodes = 12450, dt = 2.441950e-12, time = 2.424145e-08, elapsed = 4724.7 sec
Step =   6644: nodes = 12444, dt = 2.930340e-12, time = 2.424438e-08, elapsed = 4725.3 sec
Step =   6645: nodes = 12445, dt = 1.758204e-12, time = 2.424614e-08, elapsed = 4726.1 sec
Step =   6646: nodes = 12444, dt = 1.758204e-12, time = 2.424789e-08, elapsed = 4726.6 sec
Step =   6647: nodes = 12446, dt = 2.109845e-12, time = 2.425000e-08, elapsed = 4727.2 sec
Step =   6648: nodes = 12446, dt = 2.531814e-12, time = 2.425254e-08, elapsed = 4727.8 sec
Step =   6649: nodes = 12448, dt = 3.038177e-12, time = 2.425557e-08, elapsed = 4728.4 sec
Step =   6650: nodes = 12449, dt = 1.822906e-12, time = 2.425740e-08, elapsed = 4729.2 sec
Step =   6651: nodes = 12447, dt = 1.822906e-12, time = 2.425922e-08, elapsed = 4729.7 sec
Step =   6652: nodes = 12446, dt = 2.187487e-12, time = 2.426141e-08, elapsed = 4730.3 sec
Step =   6653: nodes = 12450, dt = 2.624985e-12, time = 2.426403e-08, elapsed = 4730.8 sec
Step =   6654: nodes = 12446, dt = 3.149982e-12, time = 2.426718e-08, elapsed = 4731.4 sec
Step =   6655: nodes = 12448, dt = 1.889989e-12, time = 2.426907e-08, elapsed = 4732.2 sec
Step =   6656: nodes = 12447, dt = 1.889989e-12, time = 2.427096e-08, elapsed = 4732.7 sec
Step =   6657: nodes = 12450, dt = 2.267987e-12, time = 2.427323e-08, elapsed = 4733.3 sec
Step =   6658: nodes = 12449, dt = 2.721584e-12, time = 2.427595e-08, elapsed = 4733.9 sec
Step =   6659: nodes = 12445, dt = 3.265901e-12, time = 2.427922e-08, elapsed = 4734.5 sec
Step =   6660: nodes = 12444, dt = 1.959541e-12, time = 2.428118e-08, elapsed = 4735.3 sec
Step =   6661: nodes = 12445, dt = 1.959541e-12, time = 2.428314e-08, elapsed = 4735.8 sec
Step =   6662: nodes = 12440, dt = 2.351449e-12, time = 2.428549e-08, elapsed = 4736.4 sec
Step =   6663: nodes = 12443, dt = 2.821738e-12, time = 2.428831e-08, elapsed = 4736.9 sec
Step =   6664: nodes = 12444, dt = 1.693043e-12, time = 2.429000e-08, elapsed = 4737.7 sec
Step =   6665: nodes = 12444, dt = 1.693043e-12, time = 2.429170e-08, elapsed = 4738.2 sec
Step =   6666: nodes = 12440, dt = 2.031652e-12, time = 2.429373e-08, elapsed = 4738.8 sec
Step =   6667: nodes = 12442, dt = 2.437982e-12, time = 2.429617e-08, elapsed = 4739.4 sec
Step =   6668: nodes = 12437, dt = 2.925578e-12, time = 2.429909e-08, elapsed = 4740.0 sec
Step =   6669: nodes = 12441, dt = 1.755347e-12, time = 2.430085e-08, elapsed = 4740.8 sec
Step =   6670: nodes = 12443, dt = 1.755347e-12, time = 2.430260e-08, elapsed = 4741.3 sec
Step =   6671: nodes = 12443, dt = 2.106416e-12, time = 2.430471e-08, elapsed = 4741.9 sec
Step =   6672: nodes = 12440, dt = 2.527700e-12, time = 2.430724e-08, elapsed = 4742.5 sec
Step =   6673: nodes = 12440, dt = 3.033240e-12, time = 2.431027e-08, elapsed = 4743.0 sec
Step =   6674: nodes = 12441, dt = 1.819944e-12, time = 2.431209e-08, elapsed = 4743.8 sec
Step =   6675: nodes = 12441, dt = 1.819944e-12, time = 2.431391e-08, elapsed = 4744.3 sec
Step =   6676: nodes = 12445, dt = 2.183933e-12, time = 2.431609e-08, elapsed = 4744.8 sec
Step =   6677: nodes = 12439, dt = 2.620719e-12, time = 2.431871e-08, elapsed = 4745.4 sec
Step =   6678: nodes = 12445, dt = 3.144863e-12, time = 2.432186e-08, elapsed = 4745.9 sec
Step =   6679: nodes = 12440, dt = 1.886918e-12, time = 2.432375e-08, elapsed = 4746.7 sec
Step =   6680: nodes = 12443, dt = 1.886918e-12, time = 2.432563e-08, elapsed = 4747.4 sec
Step =   6681: nodes = 12441, dt = 1.132151e-12, time = 2.432676e-08, elapsed = 4748.1 sec
Step =   6682: nodes = 12438, dt = 1.132151e-12, time = 2.432790e-08, elapsed = 4748.6 sec
Step =   6683: nodes = 12438, dt = 1.358581e-12, time = 2.432926e-08, elapsed = 4749.1 sec
Step =   6684: nodes = 12440, dt = 1.630297e-12, time = 2.433089e-08, elapsed = 4749.6 sec
Step =   6685: nodes = 12432, dt = 1.956356e-12, time = 2.433284e-08, elapsed = 4750.2 sec
Step =   6686: nodes = 12435, dt = 2.347628e-12, time = 2.433519e-08, elapsed = 4750.7 sec
Step =   6687: nodes = 12438, dt = 2.817153e-12, time = 2.433801e-08, elapsed = 4751.2 sec
Step =   6688: nodes = 12438, dt = 1.690292e-12, time = 2.433970e-08, elapsed = 4752.0 sec
Step =   6689: nodes = 12437, dt = 1.690292e-12, time = 2.434139e-08, elapsed = 4752.5 sec
Step =   6690: nodes = 12433, dt = 2.028350e-12, time = 2.434342e-08, elapsed = 4753.0 sec
Step =   6691: nodes = 12434, dt = 2.434020e-12, time = 2.434585e-08, elapsed = 4753.5 sec
Step =   6692: nodes = 12427, dt = 2.920824e-12, time = 2.434877e-08, elapsed = 4754.1 sec
Step =   6693: nodes = 12432, dt = 1.752495e-12, time = 2.435052e-08, elapsed = 4754.8 sec
Step =   6694: nodes = 12434, dt = 1.752495e-12, time = 2.435228e-08, elapsed = 4755.3 sec
Step =   6695: nodes = 12433, dt = 2.102994e-12, time = 2.435438e-08, elapsed = 4755.9 sec
Step =   6696: nodes = 12432, dt = 2.523592e-12, time = 2.435690e-08, elapsed = 4756.4 sec
Step =   6697: nodes = 12436, dt = 3.028311e-12, time = 2.435993e-08, elapsed = 4756.9 sec
Step =   6698: nodes = 12435, dt = 1.816986e-12, time = 2.436175e-08, elapsed = 4757.7 sec
Step =   6699: nodes = 12439, dt = 1.816986e-12, time = 2.436356e-08, elapsed = 4758.2 sec
Step =   6700: nodes = 12439, dt = 2.180384e-12, time = 2.436575e-08, elapsed = 4758.8 sec
Writing configuration in legacy data format
 Output file: /data/home/dg000246b/openDIS/inital_dislocation_structures/output_caseC_0.18%_seed12345/relax2/config.6700.data
Writing restart file
 Restart file: /data/home/dg000246b/openDIS/inital_dislocation_structures/output_caseC_0.18%_seed12345/relax2/restart.6700.exadis
Step =   6701: nodes = 12441, dt = 2.616460e-12, time = 2.436836e-08, elapsed = 4759.6 sec
Step =   6702: nodes = 12440, dt = 3.139752e-12, time = 2.437150e-08, elapsed = 4760.2 sec
Step =   6703: nodes = 12439, dt = 1.883851e-12, time = 2.437339e-08, elapsed = 4760.9 sec
Step =   6704: nodes = 12443, dt = 1.883851e-12, time = 2.437527e-08, elapsed = 4761.4 sec
Step =   6705: nodes = 12445, dt = 2.260622e-12, time = 2.437753e-08, elapsed = 4762.0 sec
Step =   6706: nodes = 12442, dt = 2.712746e-12, time = 2.438024e-08, elapsed = 4762.6 sec
Step =   6707: nodes = 12441, dt = 3.255295e-12, time = 2.438350e-08, elapsed = 4763.2 sec
Step =   6708: nodes = 12440, dt = 1.953177e-12, time = 2.438545e-08, elapsed = 4764.0 sec
Step =   6709: nodes = 12441, dt = 1.953177e-12, time = 2.438740e-08, elapsed = 4764.5 sec
Step =   6710: nodes = 12446, dt = 2.343813e-12, time = 2.438975e-08, elapsed = 4765.0 sec
Step =   6711: nodes = 12446, dt = 2.812575e-12, time = 2.439256e-08, elapsed = 4765.6 sec
Step =   6712: nodes = 12438, dt = 3.375090e-12, time = 2.439594e-08, elapsed = 4766.2 sec
Step =   6713: nodes = 12438, dt = 2.025054e-12, time = 2.439796e-08, elapsed = 4767.0 sec
Step =   6714: nodes = 12436, dt = 2.025054e-12, time = 2.439999e-08, elapsed = 4767.6 sec
Step =   6715: nodes = 12440, dt = 2.430065e-12, time = 2.440242e-08, elapsed = 4768.2 sec
Step =   6716: nodes = 12444, dt = 2.916078e-12, time = 2.440533e-08, elapsed = 4768.7 sec
Step =   6717: nodes = 12442, dt = 3.499294e-12, time = 2.440883e-08, elapsed = 4769.3 sec
Step =   6718: nodes = 12448, dt = 2.099576e-12, time = 2.441093e-08, elapsed = 4770.1 sec
Step =   6719: nodes = 12446, dt = 2.099576e-12, time = 2.441303e-08, elapsed = 4770.7 sec
Step =   6720: nodes = 12444, dt = 2.519491e-12, time = 2.441555e-08, elapsed = 4771.3 sec
Step =   6721: nodes = 12439, dt = 3.023390e-12, time = 2.441857e-08, elapsed = 4771.9 sec
Step =   6722: nodes = 12437, dt = 3.628068e-12, time = 2.442220e-08, elapsed = 4772.5 sec
Step =   6723: nodes = 12441, dt = 2.176841e-12, time = 2.442438e-08, elapsed = 4773.3 sec
Step =   6724: nodes = 12440, dt = 2.176841e-12, time = 2.442655e-08, elapsed = 4773.9 sec
Step =   6725: nodes = 12440, dt = 2.612209e-12, time = 2.442917e-08, elapsed = 4774.5 sec
Step =   6726: nodes = 12440, dt = 3.134650e-12, time = 2.443230e-08, elapsed = 4775.0 sec
Step =   6727: nodes = 12437, dt = 3.761580e-12, time = 2.443606e-08, elapsed = 4775.7 sec
Step =   6728: nodes = 12441, dt = 2.256948e-12, time = 2.443832e-08, elapsed = 4776.5 sec
Step =   6729: nodes = 12441, dt = 2.256948e-12, time = 2.444058e-08, elapsed = 4777.0 sec
Step =   6730: nodes = 12443, dt = 2.708338e-12, time = 2.444329e-08, elapsed = 4777.8 sec
Step =   6731: nodes = 12443, dt = 3.250006e-12, time = 2.444654e-08, elapsed = 4778.5 sec
Step =   6732: nodes = 12437, dt = 3.900007e-12, time = 2.445044e-08, elapsed = 4779.1 sec
Step =   6733: nodes = 12427, dt = 4.680008e-12, time = 2.445512e-08, elapsed = 4779.7 sec
Step =   6734: nodes = 12430, dt = 2.808005e-12, time = 2.445792e-08, elapsed = 4780.6 sec
Step =   6735: nodes = 12424, dt = 2.808005e-12, time = 2.446073e-08, elapsed = 4781.1 sec
Step =   6736: nodes = 12427, dt = 3.369606e-12, time = 2.446410e-08, elapsed = 4781.7 sec
Step =   6737: nodes = 12436, dt = 4.043527e-12, time = 2.446814e-08, elapsed = 4782.3 sec
Step =   6738: nodes = 12434, dt = 4.852232e-12, time = 2.447300e-08, elapsed = 4782.9 sec
Step =   6739: nodes = 12427, dt = 5.822679e-12, time = 2.447882e-08, elapsed = 4783.6 sec
Step =   6740: nodes = 12433, dt = 3.493607e-12, time = 2.448231e-08, elapsed = 4784.5 sec
Step =   6741: nodes = 12435, dt = 3.493607e-12, time = 2.448581e-08, elapsed = 4785.1 sec
Step =   6742: nodes = 12438, dt = 4.192329e-12, time = 2.449000e-08, elapsed = 4785.7 sec
Step =   6743: nodes = 12437, dt = 2.515397e-12, time = 2.449251e-08, elapsed = 4786.5 sec
Step =   6744: nodes = 12434, dt = 2.515397e-12, time = 2.449503e-08, elapsed = 4787.0 sec
Step =   6745: nodes = 12437, dt = 3.018477e-12, time = 2.449805e-08, elapsed = 4787.6 sec
Step =   6746: nodes = 12434, dt = 3.622172e-12, time = 2.450167e-08, elapsed = 4788.1 sec
Step =   6747: nodes = 12434, dt = 4.346606e-12, time = 2.450602e-08, elapsed = 4788.8 sec
Step =   6748: nodes = 12436, dt = 5.215928e-12, time = 2.451123e-08, elapsed = 4789.4 sec
Step =   6749: nodes = 12431, dt = 6.259113e-12, time = 2.451749e-08, elapsed = 4790.0 sec
Step =   6750: nodes = 12432, dt = 7.510936e-12, time = 2.452500e-08, elapsed = 4790.7 sec
Step =   6751: nodes = 12435, dt = 9.013123e-12, time = 2.453402e-08, elapsed = 4791.4 sec
Step =   6752: nodes = 12433, dt = 5.407874e-12, time = 2.453942e-08, elapsed = 4792.2 sec
Step =   6753: nodes = 12434, dt = 5.407874e-12, time = 2.454483e-08, elapsed = 4792.9 sec
Step =   6754: nodes = 12435, dt = 6.489449e-12, time = 2.455132e-08, elapsed = 4793.5 sec
Step =   6755: nodes = 12439, dt = 7.787338e-12, time = 2.455911e-08, elapsed = 4794.1 sec
Step =   6756: nodes = 12449, dt = 4.672403e-12, time = 2.456378e-08, elapsed = 4795.0 sec
Step =   6757: nodes = 12443, dt = 4.672403e-12, time = 2.456845e-08, elapsed = 4795.6 sec
Step =   6758: nodes = 12444, dt = 5.606884e-12, time = 2.457406e-08, elapsed = 4796.2 sec
Step =   6759: nodes = 12440, dt = 6.728260e-12, time = 2.458079e-08, elapsed = 4796.9 sec
Step =   6760: nodes = 12448, dt = 8.073912e-12, time = 2.458886e-08, elapsed = 4797.6 sec
Step =   6761: nodes = 12450, dt = 9.688695e-12, time = 2.459855e-08, elapsed = 4798.4 sec
Step =   6762: nodes = 12443, dt = 5.813217e-12, time = 2.460436e-08, elapsed = 4799.3 sec
Step =   6763: nodes = 12443, dt = 5.813217e-12, time = 2.461018e-08, elapsed = 4799.9 sec
Step =   6764: nodes = 12440, dt = 6.975860e-12, time = 2.461715e-08, elapsed = 4800.6 sec
Step =   6765: nodes = 12442, dt = 8.371032e-12, time = 2.462552e-08, elapsed = 4801.3 sec
Step =   6766: nodes = 12439, dt = 1.004524e-11, time = 2.463557e-08, elapsed = 4802.0 sec
Step =   6767: nodes = 12443, dt = 1.205429e-11, time = 2.464762e-08, elapsed = 4802.8 sec
Step =   6768: nodes = 12448, dt = 7.232572e-12, time = 2.465486e-08, elapsed = 4803.7 sec
Step =   6769: nodes = 12450, dt = 7.232572e-12, time = 2.466209e-08, elapsed = 4804.3 sec
Step =   6770: nodes = 12451, dt = 4.339543e-12, time = 2.466643e-08, elapsed = 4805.1 sec
Step =   6771: nodes = 12449, dt = 4.339543e-12, time = 2.467077e-08, elapsed = 4805.7 sec
Step =   6772: nodes = 12450, dt = 2.603726e-12, time = 2.467337e-08, elapsed = 4806.5 sec
Step =   6773: nodes = 12441, dt = 2.603726e-12, time = 2.467598e-08, elapsed = 4807.4 sec
Step =   6774: nodes = 12440, dt = 3.124471e-12, time = 2.467910e-08, elapsed = 4808.1 sec
Step =   6775: nodes = 12442, dt = 3.749365e-12, time = 2.468285e-08, elapsed = 4808.7 sec
Step =   6776: nodes = 12432, dt = 4.499238e-12, time = 2.468735e-08, elapsed = 4809.4 sec
Step =   6777: nodes = 12433, dt = 2.699543e-12, time = 2.469005e-08, elapsed = 4810.3 sec
Step =   6778: nodes = 12429, dt = 2.699543e-12, time = 2.469275e-08, elapsed = 4810.9 sec
Step =   6779: nodes = 12422, dt = 3.239452e-12, time = 2.469599e-08, elapsed = 4811.5 sec
Step =   6780: nodes = 12414, dt = 3.887342e-12, time = 2.469987e-08, elapsed = 4812.2 sec
Step =   6781: nodes = 12415, dt = 4.664810e-12, time = 2.470454e-08, elapsed = 4812.9 sec
Step =   6782: nodes = 12417, dt = 5.597772e-12, time = 2.471014e-08, elapsed = 4813.6 sec
Step =   6783: nodes = 12414, dt = 3.358663e-12, time = 2.471350e-08, elapsed = 4814.3 sec
Step =   6784: nodes = 12415, dt = 3.358663e-12, time = 2.471685e-08, elapsed = 4814.9 sec
Step =   6785: nodes = 12413, dt = 4.030396e-12, time = 2.472089e-08, elapsed = 4815.4 sec
Step =   6786: nodes = 12411, dt = 4.836475e-12, time = 2.472572e-08, elapsed = 4816.0 sec
Step =   6787: nodes = 12411, dt = 5.803770e-12, time = 2.473153e-08, elapsed = 4816.6 sec
Step =   6788: nodes = 12413, dt = 3.482262e-12, time = 2.473501e-08, elapsed = 4817.3 sec
Step =   6789: nodes = 12407, dt = 3.482262e-12, time = 2.473849e-08, elapsed = 4817.9 sec
Step =   6790: nodes = 12410, dt = 4.178715e-12, time = 2.474267e-08, elapsed = 4818.4 sec
Step =   6791: nodes = 12413, dt = 5.014458e-12, time = 2.474768e-08, elapsed = 4819.0 sec
Step =   6792: nodes = 12414, dt = 3.008675e-12, time = 2.475069e-08, elapsed = 4819.7 sec
Step =   6793: nodes = 12411, dt = 3.008675e-12, time = 2.475370e-08, elapsed = 4820.2 sec
Step =   6794: nodes = 12409, dt = 3.610409e-12, time = 2.475731e-08, elapsed = 4820.8 sec
Step =   6795: nodes = 12410, dt = 4.332491e-12, time = 2.476164e-08, elapsed = 4821.4 sec
Step =   6796: nodes = 12402, dt = 5.198990e-12, time = 2.476684e-08, elapsed = 4822.0 sec
Step =   6797: nodes = 12403, dt = 3.119394e-12, time = 2.476996e-08, elapsed = 4822.8 sec
Step =   6798: nodes = 12405, dt = 3.119394e-12, time = 2.477308e-08, elapsed = 4823.3 sec
Step =   6799: nodes = 12404, dt = 3.743273e-12, time = 2.477682e-08, elapsed = 4823.9 sec
Step =   6800: nodes = 12405, dt = 4.491927e-12, time = 2.478132e-08, elapsed = 4824.4 sec
Writing configuration in legacy data format
 Output file: /data/home/dg000246b/openDIS/inital_dislocation_structures/output_caseC_0.18%_seed12345/relax2/config.6800.data
Writing restart file
 Restart file: /data/home/dg000246b/openDIS/inital_dislocation_structures/output_caseC_0.18%_seed12345/relax2/restart.6800.exadis
Step =   6801: nodes = 12414, dt = 5.390312e-12, time = 2.478671e-08, elapsed = 4825.2 sec
Step =   6802: nodes = 12416, dt = 3.234187e-12, time = 2.478994e-08, elapsed = 4825.9 sec
Step =   6803: nodes = 12420, dt = 3.234187e-12, time = 2.479317e-08, elapsed = 4826.5 sec
Step =   6804: nodes = 12419, dt = 3.881025e-12, time = 2.479706e-08, elapsed = 4827.1 sec
Step =   6805: nodes = 12417, dt = 4.657230e-12, time = 2.480171e-08, elapsed = 4827.7 sec
Step =   6806: nodes = 12420, dt = 2.794338e-12, time = 2.480451e-08, elapsed = 4828.4 sec
Step =   6807: nodes = 12418, dt = 2.794338e-12, time = 2.480730e-08, elapsed = 4829.0 sec
Step =   6808: nodes = 12413, dt = 3.353206e-12, time = 2.481066e-08, elapsed = 4829.5 sec
Step =   6809: nodes = 12412, dt = 4.023847e-12, time = 2.481468e-08, elapsed = 4830.0 sec
Step =   6810: nodes = 12412, dt = 4.828616e-12, time = 2.481951e-08, elapsed = 4830.6 sec
Step =   6811: nodes = 12413, dt = 2.897170e-12, time = 2.482240e-08, elapsed = 4831.4 sec
Step =   6812: nodes = 12413, dt = 2.897170e-12, time = 2.482530e-08, elapsed = 4831.9 sec
Step =   6813: nodes = 12412, dt = 3.476604e-12, time = 2.482878e-08, elapsed = 4832.5 sec
Step =   6814: nodes = 12401, dt = 4.171924e-12, time = 2.483295e-08, elapsed = 4833.1 sec
Step =   6815: nodes = 12412, dt = 5.006309e-12, time = 2.483796e-08, elapsed = 4833.7 sec
Step =   6816: nodes = 12412, dt = 3.003785e-12, time = 2.484096e-08, elapsed = 4834.4 sec
Step =   6817: nodes = 12412, dt = 3.003785e-12, time = 2.484396e-08, elapsed = 4835.0 sec
Step =   6818: nodes = 12413, dt = 3.604543e-12, time = 2.484757e-08, elapsed = 4835.5 sec
Step =   6819: nodes = 12411, dt = 4.325451e-12, time = 2.485189e-08, elapsed = 4836.1 sec
Step =   6820: nodes = 12404, dt = 5.190541e-12, time = 2.485708e-08, elapsed = 4836.7 sec
Step =   6821: nodes = 12404, dt = 6.228650e-12, time = 2.486331e-08, elapsed = 4837.6 sec
Step =   6822: nodes = 12405, dt = 1.868595e-12, time = 2.486518e-08, elapsed = 4838.6 sec
Step =   6823: nodes = 12407, dt = 1.868595e-12, time = 2.486705e-08, elapsed = 4839.1 sec
Step =   6824: nodes = 12407, dt = 2.242314e-12, time = 2.486929e-08, elapsed = 4839.6 sec
Step =   6825: nodes = 12409, dt = 2.690777e-12, time = 2.487198e-08, elapsed = 4840.1 sec
Step =   6826: nodes = 12407, dt = 3.228932e-12, time = 2.487521e-08, elapsed = 4840.7 sec
Step =   6827: nodes = 12404, dt = 3.874718e-12, time = 2.487909e-08, elapsed = 4841.3 sec
Step =   6828: nodes = 12408, dt = 4.649662e-12, time = 2.488374e-08, elapsed = 4841.8 sec
Step =   6829: nodes = 12405, dt = 5.579594e-12, time = 2.488932e-08, elapsed = 4842.4 sec
Step =   6830: nodes = 12407, dt = 3.347757e-12, time = 2.489266e-08, elapsed = 4843.2 sec
Step =   6831: nodes = 12404, dt = 3.347757e-12, time = 2.489601e-08, elapsed = 4843.8 sec
Step =   6832: nodes = 12406, dt = 4.017308e-12, time = 2.490003e-08, elapsed = 4844.3 sec
Step =   6833: nodes = 12406, dt = 4.820770e-12, time = 2.490485e-08, elapsed = 4845.0 sec
Step =   6834: nodes = 12404, dt = 5.784923e-12, time = 2.491064e-08, elapsed = 4845.6 sec
Step =   6835: nodes = 12402, dt = 3.470954e-12, time = 2.491411e-08, elapsed = 4846.3 sec
Step =   6836: nodes = 12409, dt = 3.470954e-12, time = 2.491758e-08, elapsed = 4846.9 sec
Step =   6837: nodes = 12404, dt = 4.165145e-12, time = 2.492174e-08, elapsed = 4847.5 sec
Step =   6838: nodes = 12404, dt = 4.998174e-12, time = 2.492674e-08, elapsed = 4848.2 sec
Step =   6839: nodes = 12402, dt = 5.997809e-12, time = 2.493274e-08, elapsed = 4848.8 sec
Step =   6840: nodes = 12399, dt = 3.598685e-12, time = 2.493634e-08, elapsed = 4849.6 sec
Step =   6841: nodes = 12395, dt = 3.598685e-12, time = 2.493994e-08, elapsed = 4850.2 sec
Step =   6842: nodes = 12397, dt = 4.318422e-12, time = 2.494425e-08, elapsed = 4850.8 sec
Step =   6843: nodes = 12397, dt = 5.182107e-12, time = 2.494944e-08, elapsed = 4851.3 sec
Step =   6844: nodes = 12398, dt = 6.218528e-12, time = 2.495565e-08, elapsed = 4852.0 sec
Step =   6845: nodes = 12404, dt = 3.731117e-12, time = 2.495939e-08, elapsed = 4852.9 sec
Step =   6846: nodes = 12407, dt = 3.731117e-12, time = 2.496312e-08, elapsed = 4853.5 sec
Step =   6847: nodes = 12410, dt = 4.477340e-12, time = 2.496759e-08, elapsed = 4854.1 sec
Step =   6848: nodes = 12413, dt = 5.372808e-12, time = 2.497297e-08, elapsed = 4854.7 sec
Step =   6849: nodes = 12409, dt = 6.447370e-12, time = 2.497941e-08, elapsed = 4855.4 sec
Step =   6850: nodes = 12408, dt = 3.868422e-12, time = 2.498328e-08, elapsed = 4856.2 sec
Step =   6851: nodes = 12407, dt = 3.868422e-12, time = 2.498715e-08, elapsed = 4856.8 sec
Step =   6852: nodes = 12407, dt = 4.642106e-12, time = 2.499179e-08, elapsed = 4857.3 sec
Step =   6853: nodes = 12412, dt = 5.570527e-12, time = 2.499736e-08, elapsed = 4858.0 sec
Step =   6854: nodes = 12408, dt = 6.684633e-12, time = 2.500405e-08, elapsed = 4858.7 sec
Step =   6855: nodes = 12404, dt = 4.010780e-12, time = 2.500806e-08, elapsed = 4859.4 sec
Step =   6856: nodes = 12402, dt = 4.010780e-12, time = 2.501207e-08, elapsed = 4860.0 sec
Step =   6857: nodes = 12402, dt = 4.812936e-12, time = 2.501688e-08, elapsed = 4860.7 sec
Step =   6858: nodes = 12399, dt = 5.775523e-12, time = 2.502266e-08, elapsed = 4861.3 sec
Step =   6859: nodes = 12392, dt = 6.930627e-12, time = 2.502959e-08, elapsed = 4861.9 sec
Step =   6860: nodes = 12395, dt = 4.158376e-12, time = 2.503375e-08, elapsed = 4862.7 sec
Step =   6861: nodes = 12407, dt = 4.158376e-12, time = 2.503791e-08, elapsed = 4863.3 sec
Step =   6862: nodes = 12406, dt = 4.990052e-12, time = 2.504290e-08, elapsed = 4863.9 sec
Step =   6863: nodes = 12406, dt = 5.988062e-12, time = 2.504888e-08, elapsed = 4864.6 sec
Step =   6864: nodes = 12408, dt = 3.592837e-12, time = 2.505248e-08, elapsed = 4865.4 sec
Step =   6865: nodes = 12404, dt = 3.592837e-12, time = 2.505607e-08, elapsed = 4865.9 sec
Step =   6866: nodes = 12400, dt = 4.311405e-12, time = 2.506038e-08, elapsed = 4866.5 sec
Step =   6867: nodes = 12400, dt = 5.173686e-12, time = 2.506555e-08, elapsed = 4867.5 sec
Step =   6868: nodes = 12401, dt = 3.104211e-12, time = 2.506866e-08, elapsed = 4868.2 sec
Step =   6869: nodes = 12401, dt = 3.104211e-12, time = 2.507176e-08, elapsed = 4868.8 sec
Step =   6870: nodes = 12403, dt = 3.725054e-12, time = 2.507549e-08, elapsed = 4869.4 sec
Step =   6871: nodes = 12407, dt = 4.470064e-12, time = 2.507996e-08, elapsed = 4870.0 sec
Step =   6872: nodes = 12399, dt = 2.682039e-12, time = 2.508264e-08, elapsed = 4870.8 sec
Step =   6873: nodes = 12396, dt = 2.682039e-12, time = 2.508532e-08, elapsed = 4871.3 sec
Step =   6874: nodes = 12394, dt = 3.218446e-12, time = 2.508854e-08, elapsed = 4871.9 sec
Step =   6875: nodes = 12393, dt = 3.862136e-12, time = 2.509240e-08, elapsed = 4872.5 sec
Step =   6876: nodes = 12392, dt = 4.634563e-12, time = 2.509704e-08, elapsed = 4873.1 sec
Step =   6877: nodes = 12393, dt = 5.561475e-12, time = 2.510260e-08, elapsed = 4873.7 sec
Step =   6878: nodes = 12381, dt = 6.673770e-12, time = 2.510927e-08, elapsed = 4874.3 sec
Step =   6879: nodes = 12392, dt = 4.004262e-12, time = 2.511328e-08, elapsed = 4875.1 sec
Step =   6880: nodes = 12392, dt = 4.004262e-12, time = 2.511728e-08, elapsed = 4875.9 sec
Step =   6881: nodes = 12393, dt = 4.805115e-12, time = 2.512209e-08, elapsed = 4876.5 sec
Step =   6882: nodes = 12392, dt = 2.883069e-12, time = 2.512497e-08, elapsed = 4877.2 sec
Step =   6883: nodes = 12391, dt = 2.883069e-12, time = 2.512785e-08, elapsed = 4877.9 sec
Step =   6884: nodes = 12395, dt = 3.459683e-12, time = 2.513131e-08, elapsed = 4878.5 sec
Step =   6885: nodes = 12395, dt = 4.151619e-12, time = 2.513546e-08, elapsed = 4879.2 sec
Step =   6886: nodes = 12393, dt = 2.490971e-12, time = 2.513795e-08, elapsed = 4880.0 sec
Step =   6887: nodes = 12395, dt = 2.490971e-12, time = 2.514045e-08, elapsed = 4880.6 sec
Step =   6888: nodes = 12403, dt = 2.989166e-12, time = 2.514343e-08, elapsed = 4881.2 sec
Step =   6889: nodes = 12400, dt = 3.586999e-12, time = 2.514702e-08, elapsed = 4881.8 sec
Step =   6890: nodes = 12403, dt = 4.304399e-12, time = 2.515133e-08, elapsed = 4882.5 sec
Step =   6891: nodes = 12399, dt = 5.165278e-12, time = 2.515649e-08, elapsed = 4883.1 sec
Step =   6892: nodes = 12404, dt = 6.198334e-12, time = 2.516269e-08, elapsed = 4883.8 sec
Step =   6893: nodes = 12405, dt = 3.719000e-12, time = 2.516641e-08, elapsed = 4884.6 sec
Step =   6894: nodes = 12406, dt = 3.719000e-12, time = 2.517013e-08, elapsed = 4885.2 sec
Step =   6895: nodes = 12410, dt = 4.462801e-12, time = 2.517459e-08, elapsed = 4885.8 sec
Step =   6896: nodes = 12406, dt = 5.355361e-12, time = 2.517995e-08, elapsed = 4886.4 sec
Step =   6897: nodes = 12406, dt = 3.213216e-12, time = 2.518316e-08, elapsed = 4887.2 sec
Step =   6898: nodes = 12402, dt = 3.213216e-12, time = 2.518637e-08, elapsed = 4887.9 sec
Step =   6899: nodes = 12406, dt = 3.855860e-12, time = 2.519023e-08, elapsed = 4888.5 sec
Step =   6900: nodes = 12406, dt = 4.627032e-12, time = 2.519486e-08, elapsed = 4889.2 sec
Writing configuration in legacy data format
 Output file: /data/home/dg000246b/openDIS/inital_dislocation_structures/output_caseC_0.18%_seed12345/relax2/config.6900.data
Writing restart file
 Restart file: /data/home/dg000246b/openDIS/inital_dislocation_structures/output_caseC_0.18%_seed12345/relax2/restart.6900.exadis
Step =   6901: nodes = 12406, dt = 2.776219e-12, time = 2.519763e-08, elapsed = 4890.1 sec
Step =   6902: nodes = 12403, dt = 2.776219e-12, time = 2.520041e-08, elapsed = 4890.7 sec
Step =   6903: nodes = 12406, dt = 3.331463e-12, time = 2.520374e-08, elapsed = 4891.3 sec
Step =   6904: nodes = 12402, dt = 3.997755e-12, time = 2.520774e-08, elapsed = 4891.9 sec
Step =   6905: nodes = 12403, dt = 2.398653e-12, time = 2.521014e-08, elapsed = 4892.7 sec
Step =   6906: nodes = 12402, dt = 2.398653e-12, time = 2.521253e-08, elapsed = 4893.3 sec
Step =   6907: nodes = 12396, dt = 2.878384e-12, time = 2.521541e-08, elapsed = 4893.9 sec
Step =   6908: nodes = 12396, dt = 3.454061e-12, time = 2.521887e-08, elapsed = 4894.5 sec
Step =   6909: nodes = 12388, dt = 4.144873e-12, time = 2.522301e-08, elapsed = 4895.1 sec
Step =   6910: nodes = 12390, dt = 2.486924e-12, time = 2.522550e-08, elapsed = 4895.9 sec
Step =   6911: nodes = 12400, dt = 2.486924e-12, time = 2.522799e-08, elapsed = 4896.5 sec
Step =   6912: nodes = 12394, dt = 2.984308e-12, time = 2.523097e-08, elapsed = 4897.4 sec
Step =   6913: nodes = 12398, dt = 3.581170e-12, time = 2.523455e-08, elapsed = 4898.0 sec
Step =   6914: nodes = 12396, dt = 4.297404e-12, time = 2.523885e-08, elapsed = 4898.6 sec
Step =   6915: nodes = 12396, dt = 2.578442e-12, time = 2.524143e-08, elapsed = 4899.4 sec
Step =   6916: nodes = 12394, dt = 2.578442e-12, time = 2.524401e-08, elapsed = 4900.0 sec
Step =   6917: nodes = 12394, dt = 3.094131e-12, time = 2.524710e-08, elapsed = 4900.6 sec
Step =   6918: nodes = 12401, dt = 3.712957e-12, time = 2.525081e-08, elapsed = 4901.2 sec
Step =   6919: nodes = 12397, dt = 1.113887e-12, time = 2.525193e-08, elapsed = 4902.2 sec
Step =   6920: nodes = 12397, dt = 1.113887e-12, time = 2.525304e-08, elapsed = 4902.7 sec
Step =   6921: nodes = 12394, dt = 1.336665e-12, time = 2.525438e-08, elapsed = 4903.2 sec
Step =   6922: nodes = 12394, dt = 1.603997e-12, time = 2.525598e-08, elapsed = 4903.7 sec
Step =   6923: nodes = 12391, dt = 1.924797e-12, time = 2.525791e-08, elapsed = 4904.2 sec
Step =   6924: nodes = 12390, dt = 2.309756e-12, time = 2.526022e-08, elapsed = 4904.8 sec
Step =   6925: nodes = 12384, dt = 2.771708e-12, time = 2.526299e-08, elapsed = 4905.3 sec
Step =   6926: nodes = 12384, dt = 3.326049e-12, time = 2.526631e-08, elapsed = 4905.9 sec
Step =   6927: nodes = 12390, dt = 3.991259e-12, time = 2.527030e-08, elapsed = 4906.5 sec
Step =   6928: nodes = 12388, dt = 4.789511e-12, time = 2.527509e-08, elapsed = 4907.2 sec
Step =   6929: nodes = 12386, dt = 2.873706e-12, time = 2.527797e-08, elapsed = 4907.9 sec
Step =   6930: nodes = 12386, dt = 2.873706e-12, time = 2.528084e-08, elapsed = 4908.5 sec
Step =   6931: nodes = 12385, dt = 3.448448e-12, time = 2.528429e-08, elapsed = 4909.0 sec
Step =   6932: nodes = 12383, dt = 4.138137e-12, time = 2.528843e-08, elapsed = 4909.6 sec
Step =   6933: nodes = 12382, dt = 2.482882e-12, time = 2.529091e-08, elapsed = 4910.4 sec
Step =   6934: nodes = 12379, dt = 2.482882e-12, time = 2.529339e-08, elapsed = 4910.9 sec
Step =   6935: nodes = 12381, dt = 2.979459e-12, time = 2.529637e-08, elapsed = 4911.5 sec
Step =   6936: nodes = 12383, dt = 3.575351e-12, time = 2.529995e-08, elapsed = 4912.0 sec
Step =   6937: nodes = 12375, dt = 2.145210e-12, time = 2.530209e-08, elapsed = 4912.7 sec
Step =   6938: nodes = 12378, dt = 2.145210e-12, time = 2.530424e-08, elapsed = 4913.2 sec
Step =   6939: nodes = 12375, dt = 2.574252e-12, time = 2.530681e-08, elapsed = 4913.8 sec
Step =   6940: nodes = 12371, dt = 3.089103e-12, time = 2.530990e-08, elapsed = 4914.3 sec
Step =   6941: nodes = 12375, dt = 3.706924e-12, time = 2.531361e-08, elapsed = 4914.9 sec
Step =   6942: nodes = 12378, dt = 4.448308e-12, time = 2.531806e-08, elapsed = 4915.5 sec
Step =   6943: nodes = 12383, dt = 5.337970e-12, time = 2.532340e-08, elapsed = 4916.0 sec
Step =   6944: nodes = 12379, dt = 6.405564e-12, time = 2.532980e-08, elapsed = 4916.7 sec
Step =   6945: nodes = 12377, dt = 3.843338e-12, time = 2.533364e-08, elapsed = 4917.4 sec
Step =   6946: nodes = 12376, dt = 3.843338e-12, time = 2.533749e-08, elapsed = 4918.0 sec
Step =   6947: nodes = 12383, dt = 4.612006e-12, time = 2.534210e-08, elapsed = 4918.6 sec
Step =   6948: nodes = 12383, dt = 5.534407e-12, time = 2.534763e-08, elapsed = 4919.2 sec
Step =   6949: nodes = 12379, dt = 3.320644e-12, time = 2.535095e-08, elapsed = 4920.0 sec
Step =   6950: nodes = 12379, dt = 3.320644e-12, time = 2.535428e-08, elapsed = 4920.6 sec
Step =   6951: nodes = 12380, dt = 3.984773e-12, time = 2.535826e-08, elapsed = 4921.2 sec
Step =   6952: nodes = 12378, dt = 4.781728e-12, time = 2.536304e-08, elapsed = 4921.8 sec
Step =   6953: nodes = 12383, dt = 5.738073e-12, time = 2.536878e-08, elapsed = 4922.4 sec
Step =   6954: nodes = 12383, dt = 1.721422e-12, time = 2.537050e-08, elapsed = 4923.4 sec
Step =   6955: nodes = 12383, dt = 8.607110e-13, time = 2.537136e-08, elapsed = 4924.1 sec
Step =   6956: nodes = 12383, dt = 8.607110e-13, time = 2.537222e-08, elapsed = 4924.6 sec
Step =   6957: nodes = 12380, dt = 1.032853e-12, time = 2.537326e-08, elapsed = 4925.1 sec
Step =   6958: nodes = 12381, dt = 1.239424e-12, time = 2.537450e-08, elapsed = 4925.6 sec
Step =   6959: nodes = 12384, dt = 1.487309e-12, time = 2.537598e-08, elapsed = 4926.1 sec
Step =   6960: nodes = 12384, dt = 1.784770e-12, time = 2.537777e-08, elapsed = 4926.7 sec
Step =   6961: nodes = 12376, dt = 2.141724e-12, time = 2.537991e-08, elapsed = 4927.5 sec
Step =   6962: nodes = 12375, dt = 2.570069e-12, time = 2.538248e-08, elapsed = 4928.0 sec
Step =   6963: nodes = 12375, dt = 3.084083e-12, time = 2.538556e-08, elapsed = 4928.5 sec
Step =   6964: nodes = 12378, dt = 3.700900e-12, time = 2.538926e-08, elapsed = 4929.1 sec
Step =   6965: nodes = 12372, dt = 4.441080e-12, time = 2.539371e-08, elapsed = 4929.7 sec
Step =   6966: nodes = 12369, dt = 5.329296e-12, time = 2.539903e-08, elapsed = 4930.4 sec
Step =   6967: nodes = 12375, dt = 6.395155e-12, time = 2.540543e-08, elapsed = 4931.0 sec
Step =   6968: nodes = 12378, dt = 3.837093e-12, time = 2.540927e-08, elapsed = 4931.8 sec
Step =   6969: nodes = 12379, dt = 3.837093e-12, time = 2.541310e-08, elapsed = 4932.4 sec
Step =   6970: nodes = 12381, dt = 4.604511e-12, time = 2.541771e-08, elapsed = 4933.0 sec
Step =   6971: nodes = 12382, dt = 5.525414e-12, time = 2.542323e-08, elapsed = 4933.6 sec
Step =   6972: nodes = 12373, dt = 6.630496e-12, time = 2.542986e-08, elapsed = 4934.3 sec
Step =   6973: nodes = 12370, dt = 3.978298e-12, time = 2.543384e-08, elapsed = 4935.1 sec
Step =   6974: nodes = 12377, dt = 3.978298e-12, time = 2.543782e-08, elapsed = 4935.6 sec
Step =   6975: nodes = 12375, dt = 4.773957e-12, time = 2.544259e-08, elapsed = 4936.2 sec
Step =   6976: nodes = 12371, dt = 5.728749e-12, time = 2.544832e-08, elapsed = 4936.9 sec
Step =   6977: nodes = 12374, dt = 6.874499e-12, time = 2.545520e-08, elapsed = 4937.5 sec
Step =   6978: nodes = 12371, dt = 4.124699e-12, time = 2.545932e-08, elapsed = 4938.3 sec
Step =   6979: nodes = 12373, dt = 4.124699e-12, time = 2.546345e-08, elapsed = 4938.9 sec
Step =   6980: nodes = 12372, dt = 4.949639e-12, time = 2.546840e-08, elapsed = 4939.5 sec
Step =   6981: nodes = 12376, dt = 5.939567e-12, time = 2.547434e-08, elapsed = 4940.1 sec
Step =   6982: nodes = 12376, dt = 7.127480e-12, time = 2.548146e-08, elapsed = 4940.8 sec
Step =   6983: nodes = 12377, dt = 4.276488e-12, time = 2.548574e-08, elapsed = 4941.6 sec
Step =   6984: nodes = 12376, dt = 4.276488e-12, time = 2.549002e-08, elapsed = 4942.2 sec
Step =   6985: nodes = 12375, dt = 5.131786e-12, time = 2.549515e-08, elapsed = 4942.8 sec
Step =   6986: nodes = 12374, dt = 6.158143e-12, time = 2.550131e-08, elapsed = 4943.4 sec
Step =   6987: nodes = 12370, dt = 7.389772e-12, time = 2.550870e-08, elapsed = 4944.1 sec
Step =   6988: nodes = 12373, dt = 4.433863e-12, time = 2.551313e-08, elapsed = 4944.9 sec
Step =   6989: nodes = 12370, dt = 4.433863e-12, time = 2.551756e-08, elapsed = 4945.5 sec
Step =   6990: nodes = 12371, dt = 5.320636e-12, time = 2.552289e-08, elapsed = 4946.1 sec
Step =   6991: nodes = 12368, dt = 6.384763e-12, time = 2.552927e-08, elapsed = 4946.8 sec
Step =   6992: nodes = 12371, dt = 3.830858e-12, time = 2.553310e-08, elapsed = 4947.6 sec
Step =   6993: nodes = 12377, dt = 3.830858e-12, time = 2.553693e-08, elapsed = 4948.1 sec
Step =   6994: nodes = 12381, dt = 4.597029e-12, time = 2.554153e-08, elapsed = 4948.8 sec
Step =   6995: nodes = 12378, dt = 5.516435e-12, time = 2.554705e-08, elapsed = 4949.4 sec
Step =   6996: nodes = 12378, dt = 6.619722e-12, time = 2.555366e-08, elapsed = 4950.0 sec
Step =   6997: nodes = 12374, dt = 3.971833e-12, time = 2.555764e-08, elapsed = 4950.8 sec
Step =   6998: nodes = 12374, dt = 3.971833e-12, time = 2.556161e-08, elapsed = 4951.4 sec
Step =   6999: nodes = 12373, dt = 4.766200e-12, time = 2.556637e-08, elapsed = 4952.0 sec
Step =   7000: nodes = 12375, dt = 5.719440e-12, time = 2.557209e-08, elapsed = 4952.7 sec
Writing configuration in legacy data format
 Output file: /data/home/dg000246b/openDIS/inital_dislocation_structures/output_caseC_0.18%_seed12345/relax2/config.7000.data
Writing restart file
 Restart file: /data/home/dg000246b/openDIS/inital_dislocation_structures/output_caseC_0.18%_seed12345/relax2/restart.7000.exadis
Step =   7001: nodes = 12379, dt = 3.431664e-12, time = 2.557553e-08, elapsed = 4953.6 sec
Step =   7002: nodes = 12373, dt = 3.431664e-12, time = 2.557896e-08, elapsed = 4954.2 sec
Step =   7003: nodes = 12369, dt = 4.117997e-12, time = 2.558308e-08, elapsed = 4954.8 sec
Step =   7004: nodes = 12370, dt = 4.941596e-12, time = 2.558802e-08, elapsed = 4955.4 sec
Step =   7005: nodes = 12365, dt = 5.929915e-12, time = 2.559395e-08, elapsed = 4956.0 sec
Step =   7006: nodes = 12366, dt = 7.115898e-12, time = 2.560106e-08, elapsed = 4956.7 sec
Step =   7007: nodes = 12364, dt = 4.269539e-12, time = 2.560533e-08, elapsed = 4957.8 sec
Step =   7008: nodes = 12356, dt = 4.269539e-12, time = 2.560960e-08, elapsed = 4958.4 sec
Step =   7009: nodes = 12367, dt = 5.123447e-12, time = 2.561473e-08, elapsed = 4959.0 sec
Step =   7010: nodes = 12366, dt = 3.074068e-12, time = 2.561780e-08, elapsed = 4959.8 sec
Step =   7011: nodes = 12362, dt = 3.074068e-12, time = 2.562087e-08, elapsed = 4960.4 sec
Step =   7012: nodes = 12366, dt = 3.688882e-12, time = 2.562456e-08, elapsed = 4961.0 sec
Step =   7013: nodes = 12364, dt = 4.426658e-12, time = 2.562899e-08, elapsed = 4961.5 sec
Step =   7014: nodes = 12360, dt = 2.655995e-12, time = 2.563164e-08, elapsed = 4962.4 sec
Step =   7015: nodes = 12360, dt = 2.655995e-12, time = 2.563430e-08, elapsed = 4962.9 sec
Step =   7016: nodes = 12357, dt = 3.187194e-12, time = 2.563749e-08, elapsed = 4963.5 sec
Step =   7017: nodes = 12356, dt = 9.561581e-13, time = 2.563844e-08, elapsed = 4964.5 sec
Step =   7018: nodes = 12354, dt = 9.561581e-13, time = 2.563940e-08, elapsed = 4965.0 sec
Step =   7019: nodes = 12351, dt = 1.147390e-12, time = 2.564055e-08, elapsed = 4965.5 sec
Step =   7020: nodes = 12354, dt = 1.376868e-12, time = 2.564192e-08, elapsed = 4966.0 sec
Step =   7021: nodes = 12349, dt = 1.652241e-12, time = 2.564358e-08, elapsed = 4966.5 sec
Step =   7022: nodes = 12348, dt = 9.913447e-13, time = 2.564457e-08, elapsed = 4967.2 sec
Step =   7023: nodes = 12348, dt = 9.913447e-13, time = 2.564556e-08, elapsed = 4967.7 sec
Step =   7024: nodes = 12346, dt = 1.189614e-12, time = 2.564675e-08, elapsed = 4968.2 sec
Step =   7025: nodes = 12340, dt = 1.427536e-12, time = 2.564818e-08, elapsed = 4968.7 sec
Step =   7026: nodes = 12340, dt = 1.713044e-12, time = 2.564989e-08, elapsed = 4969.2 sec
Step =   7027: nodes = 12343, dt = 2.055652e-12, time = 2.565195e-08, elapsed = 4969.7 sec
Step =   7028: nodes = 12344, dt = 1.233391e-12, time = 2.565318e-08, elapsed = 4970.4 sec
Step =   7029: nodes = 12342, dt = 1.233391e-12, time = 2.565441e-08, elapsed = 4970.9 sec
Step =   7030: nodes = 12338, dt = 1.480070e-12, time = 2.565589e-08, elapsed = 4971.4 sec
Step =   7031: nodes = 12335, dt = 1.776084e-12, time = 2.565767e-08, elapsed = 4971.9 sec
Step =   7032: nodes = 12334, dt = 2.131300e-12, time = 2.565980e-08, elapsed = 4972.4 sec
Step =   7033: nodes = 12333, dt = 2.557561e-12, time = 2.566236e-08, elapsed = 4972.9 sec
Step =   7034: nodes = 12334, dt = 3.069073e-12, time = 2.566543e-08, elapsed = 4973.4 sec
Step =   7035: nodes = 12332, dt = 3.682887e-12, time = 2.566911e-08, elapsed = 4974.0 sec
Step =   7036: nodes = 12336, dt = 4.419465e-12, time = 2.567353e-08, elapsed = 4974.6 sec
Step =   7037: nodes = 12337, dt = 5.303358e-12, time = 2.567883e-08, elapsed = 4975.2 sec
Step =   7038: nodes = 12338, dt = 3.182015e-12, time = 2.568201e-08, elapsed = 4975.9 sec
Step =   7039: nodes = 12340, dt = 3.182015e-12, time = 2.568520e-08, elapsed = 4976.4 sec
Step =   7040: nodes = 12335, dt = 3.818417e-12, time = 2.568901e-08, elapsed = 4977.0 sec
Step =   7041: nodes = 12341, dt = 4.582101e-12, time = 2.569360e-08, elapsed = 4977.5 sec
Step =   7042: nodes = 12339, dt = 2.749261e-12, time = 2.569635e-08, elapsed = 4978.2 sec
Step =   7043: nodes = 12340, dt = 2.749261e-12, time = 2.569910e-08, elapsed = 4978.8 sec
Step =   7044: nodes = 12336, dt = 3.299113e-12, time = 2.570239e-08, elapsed = 4979.4 sec
Step =   7045: nodes = 12336, dt = 3.958935e-12, time = 2.570635e-08, elapsed = 4979.9 sec
Step =   7046: nodes = 12334, dt = 4.750722e-12, time = 2.571110e-08, elapsed = 4980.5 sec
Step =   7047: nodes = 12330, dt = 2.850433e-12, time = 2.571395e-08, elapsed = 4981.3 sec
Step =   7048: nodes = 12332, dt = 2.850433e-12, time = 2.571680e-08, elapsed = 4981.8 sec
Step =   7049: nodes = 12335, dt = 3.420520e-12, time = 2.572023e-08, elapsed = 4982.3 sec
Step =   7050: nodes = 12335, dt = 4.104624e-12, time = 2.572433e-08, elapsed = 4982.9 sec
Step =   7051: nodes = 12337, dt = 2.462774e-12, time = 2.572679e-08, elapsed = 4983.6 sec
Step =   7052: nodes = 12336, dt = 2.462774e-12, time = 2.572926e-08, elapsed = 4984.2 sec
Step =   7053: nodes = 12338, dt = 2.955329e-12, time = 2.573221e-08, elapsed = 4984.8 sec
Step =   7054: nodes = 12333, dt = 3.546395e-12, time = 2.573576e-08, elapsed = 4985.3 sec
Step =   7055: nodes = 12327, dt = 4.255674e-12, time = 2.574001e-08, elapsed = 4985.9 sec
Step =   7056: nodes = 12330, dt = 5.106809e-12, time = 2.574512e-08, elapsed = 4986.4 sec
Step =   7057: nodes = 12326, dt = 3.064085e-12, time = 2.574818e-08, elapsed = 4987.5 sec
Step =   7058: nodes = 12328, dt = 3.064085e-12, time = 2.575125e-08, elapsed = 4988.0 sec
Step =   7059: nodes = 12328, dt = 3.676902e-12, time = 2.575492e-08, elapsed = 4988.6 sec
Step =   7060: nodes = 12324, dt = 4.412283e-12, time = 2.575934e-08, elapsed = 4989.2 sec
Step =   7061: nodes = 12324, dt = 5.294740e-12, time = 2.576463e-08, elapsed = 4989.8 sec
Step =   7062: nodes = 12326, dt = 3.176844e-12, time = 2.576781e-08, elapsed = 4990.6 sec
Step =   7063: nodes = 12328, dt = 3.176844e-12, time = 2.577099e-08, elapsed = 4991.2 sec
Step =   7064: nodes = 12332, dt = 3.812212e-12, time = 2.577480e-08, elapsed = 4992.2 sec
Step =   7065: nodes = 12332, dt = 4.574655e-12, time = 2.577937e-08, elapsed = 4992.9 sec
Step =   7066: nodes = 12331, dt = 2.744793e-12, time = 2.578212e-08, elapsed = 4993.6 sec
Step =   7067: nodes = 12337, dt = 2.744793e-12, time = 2.578486e-08, elapsed = 4994.2 sec
Step =   7068: nodes = 12336, dt = 3.293752e-12, time = 2.578816e-08, elapsed = 4995.0 sec
Step =   7069: nodes = 12332, dt = 3.952502e-12, time = 2.579211e-08, elapsed = 4998.3 sec
Step =   7070: nodes = 12330, dt = 2.371501e-12, time = 2.579448e-08, elapsed = 5001.2 sec
Step =   7071: nodes = 12333, dt = 2.371501e-12, time = 2.579685e-08, elapsed = 5001.8 sec
Step =   7072: nodes = 12330, dt = 2.845801e-12, time = 2.579970e-08, elapsed = 5002.3 sec
Step =   7073: nodes = 12332, dt = 3.414962e-12, time = 2.580311e-08, elapsed = 5002.9 sec
Step =   7074: nodes = 12329, dt = 4.097954e-12, time = 2.580721e-08, elapsed = 5003.5 sec
Step =   7075: nodes = 12332, dt = 4.917545e-12, time = 2.581213e-08, elapsed = 5004.1 sec
Step =   7076: nodes = 12326, dt = 5.901054e-12, time = 2.581803e-08, elapsed = 5004.7 sec
Step =   7077: nodes = 12331, dt = 1.770316e-12, time = 2.581980e-08, elapsed = 5005.6 sec
Step =   7078: nodes = 12331, dt = 1.770316e-12, time = 2.582157e-08, elapsed = 5006.1 sec
Step =   7079: nodes = 12331, dt = 2.124379e-12, time = 2.582369e-08, elapsed = 5006.7 sec
Step =   7080: nodes = 12334, dt = 2.549255e-12, time = 2.582624e-08, elapsed = 5007.2 sec
Step =   7081: nodes = 12327, dt = 3.059106e-12, time = 2.582930e-08, elapsed = 5007.9 sec
Step =   7082: nodes = 12331, dt = 3.670927e-12, time = 2.583297e-08, elapsed = 5008.4 sec
Step =   7083: nodes = 12332, dt = 4.405113e-12, time = 2.583738e-08, elapsed = 5009.0 sec
Step =   7084: nodes = 12327, dt = 5.286136e-12, time = 2.584266e-08, elapsed = 5009.6 sec
Step =   7085: nodes = 12333, dt = 6.343363e-12, time = 2.584901e-08, elapsed = 5010.2 sec
Step =   7086: nodes = 12333, dt = 3.806018e-12, time = 2.585281e-08, elapsed = 5011.0 sec
Step =   7087: nodes = 12330, dt = 3.806018e-12, time = 2.585662e-08, elapsed = 5011.5 sec
Step =   7088: nodes = 12328, dt = 4.567221e-12, time = 2.586119e-08, elapsed = 5012.1 sec
Step =   7089: nodes = 12326, dt = 5.480665e-12, time = 2.586667e-08, elapsed = 5012.7 sec
Step =   7090: nodes = 12333, dt = 3.288399e-12, time = 2.586996e-08, elapsed = 5013.4 sec
Step =   7091: nodes = 12331, dt = 3.288399e-12, time = 2.587324e-08, elapsed = 5014.0 sec
Step =   7092: nodes = 12329, dt = 3.946079e-12, time = 2.587719e-08, elapsed = 5014.6 sec
Step =   7093: nodes = 12326, dt = 4.735295e-12, time = 2.588193e-08, elapsed = 5015.1 sec
Step =   7094: nodes = 12325, dt = 5.682354e-12, time = 2.588761e-08, elapsed = 5015.7 sec
Step =   7095: nodes = 12333, dt = 6.818825e-12, time = 2.589443e-08, elapsed = 5016.3 sec
Step =   7096: nodes = 12334, dt = 4.091295e-12, time = 2.589852e-08, elapsed = 5017.4 sec
Step =   7097: nodes = 12334, dt = 4.091295e-12, time = 2.590261e-08, elapsed = 5018.0 sec
Step =   7098: nodes = 12328, dt = 4.909554e-12, time = 2.590752e-08, elapsed = 5018.6 sec
Step =   7099: nodes = 12322, dt = 5.891464e-12, time = 2.591341e-08, elapsed = 5019.2 sec
Step =   7100: nodes = 12323, dt = 3.534879e-12, time = 2.591695e-08, elapsed = 5020.0 sec
Writing configuration in legacy data format
 Output file: /data/home/dg000246b/openDIS/inital_dislocation_structures/output_caseC_0.18%_seed12345/relax2/config.7100.data
Writing restart file
 Restart file: /data/home/dg000246b/openDIS/inital_dislocation_structures/output_caseC_0.18%_seed12345/relax2/restart.7100.exadis
Step =   7101: nodes = 12326, dt = 3.534879e-12, time = 2.592048e-08, elapsed = 5020.8 sec
Step =   7102: nodes = 12328, dt = 4.241854e-12, time = 2.592472e-08, elapsed = 5021.3 sec
Step =   7103: nodes = 12328, dt = 5.090225e-12, time = 2.592981e-08, elapsed = 5022.0 sec
Step =   7104: nodes = 12328, dt = 3.054135e-12, time = 2.593287e-08, elapsed = 5022.8 sec
Step =   7105: nodes = 12323, dt = 3.054135e-12, time = 2.593592e-08, elapsed = 5023.3 sec
Step =   7106: nodes = 12327, dt = 1.832481e-12, time = 2.593775e-08, elapsed = 5024.0 sec
Step =   7107: nodes = 12325, dt = 1.832481e-12, time = 2.593959e-08, elapsed = 5024.5 sec
Step =   7108: nodes = 12327, dt = 2.198977e-12, time = 2.594178e-08, elapsed = 5025.1 sec
Step =   7109: nodes = 12325, dt = 2.638773e-12, time = 2.594442e-08, elapsed = 5025.7 sec
Step =   7110: nodes = 12324, dt = 3.166527e-12, time = 2.594759e-08, elapsed = 5026.3 sec
Step =   7111: nodes = 12326, dt = 3.799833e-12, time = 2.595139e-08, elapsed = 5026.9 sec
Step =   7112: nodes = 12323, dt = 4.559799e-12, time = 2.595595e-08, elapsed = 5027.5 sec
Step =   7113: nodes = 12323, dt = 5.471759e-12, time = 2.596142e-08, elapsed = 5028.1 sec
Step =   7114: nodes = 12324, dt = 6.566111e-12, time = 2.596799e-08, elapsed = 5028.6 sec
Step =   7115: nodes = 12326, dt = 3.939667e-12, time = 2.597193e-08, elapsed = 5029.4 sec
Step =   7116: nodes = 12326, dt = 3.939667e-12, time = 2.597587e-08, elapsed = 5030.0 sec
Step =   7117: nodes = 12329, dt = 4.727600e-12, time = 2.598059e-08, elapsed = 5030.5 sec
Step =   7118: nodes = 12332, dt = 5.673120e-12, time = 2.598627e-08, elapsed = 5031.2 sec
Step =   7119: nodes = 12337, dt = 6.807744e-12, time = 2.599307e-08, elapsed = 5031.9 sec
Step =   7120: nodes = 12332, dt = 4.084646e-12, time = 2.599716e-08, elapsed = 5032.6 sec
Step =   7121: nodes = 12327, dt = 4.084646e-12, time = 2.600124e-08, elapsed = 5033.2 sec
Step =   7122: nodes = 12328, dt = 4.901576e-12, time = 2.600615e-08, elapsed = 5033.9 sec
Step =   7123: nodes = 12333, dt = 5.881891e-12, time = 2.601203e-08, elapsed = 5034.4 sec
Step =   7124: nodes = 12334, dt = 7.058269e-12, time = 2.601909e-08, elapsed = 5035.1 sec
Step =   7125: nodes = 12337, dt = 4.234961e-12, time = 2.602332e-08, elapsed = 5035.9 sec
Step =   7126: nodes = 12338, dt = 4.234961e-12, time = 2.602756e-08, elapsed = 5036.4 sec
Step =   7127: nodes = 12335, dt = 5.081954e-12, time = 2.603264e-08, elapsed = 5037.0 sec
Step =   7128: nodes = 12329, dt = 6.098344e-12, time = 2.603874e-08, elapsed = 5037.7 sec
Step =   7129: nodes = 12328, dt = 7.318013e-12, time = 2.604605e-08, elapsed = 5038.3 sec
Step =   7130: nodes = 12328, dt = 4.390808e-12, time = 2.605045e-08, elapsed = 5039.2 sec
Step =   7131: nodes = 12331, dt = 4.390808e-12, time = 2.605484e-08, elapsed = 5039.7 sec
Step =   7132: nodes = 12329, dt = 5.268970e-12, time = 2.606010e-08, elapsed = 5040.3 sec
Step =   7133: nodes = 12323, dt = 6.322763e-12, time = 2.606643e-08, elapsed = 5040.9 sec
Step =   7134: nodes = 12327, dt = 3.793658e-12, time = 2.607022e-08, elapsed = 5041.7 sec
Step =   7135: nodes = 12322, dt = 3.793658e-12, time = 2.607401e-08, elapsed = 5042.2 sec
Step =   7136: nodes = 12319, dt = 4.552390e-12, time = 2.607857e-08, elapsed = 5042.8 sec
Step =   7137: nodes = 12314, dt = 5.462868e-12, time = 2.608403e-08, elapsed = 5043.4 sec
Step =   7138: nodes = 12311, dt = 6.555441e-12, time = 2.609059e-08, elapsed = 5044.0 sec
Step =   7139: nodes = 12309, dt = 3.933265e-12, time = 2.609452e-08, elapsed = 5044.8 sec
Step =   7140: nodes = 12311, dt = 3.933265e-12, time = 2.609845e-08, elapsed = 5045.4 sec
Step =   7141: nodes = 12313, dt = 4.719918e-12, time = 2.610317e-08, elapsed = 5046.0 sec
Step =   7142: nodes = 12310, dt = 5.663901e-12, time = 2.610884e-08, elapsed = 5046.6 sec
Step =   7143: nodes = 12315, dt = 6.796681e-12, time = 2.611563e-08, elapsed = 5047.6 sec
Step =   7144: nodes = 12315, dt = 4.078009e-12, time = 2.611971e-08, elapsed = 5048.4 sec
Step =   7145: nodes = 12315, dt = 4.078009e-12, time = 2.612379e-08, elapsed = 5049.0 sec
Step =   7146: nodes = 12314, dt = 4.893611e-12, time = 2.612868e-08, elapsed = 5049.5 sec
Step =   7147: nodes = 12315, dt = 5.872333e-12, time = 2.613455e-08, elapsed = 5050.2 sec
Step =   7148: nodes = 12314, dt = 3.523400e-12, time = 2.613808e-08, elapsed = 5051.0 sec
Step =   7149: nodes = 12317, dt = 3.523400e-12, time = 2.614160e-08, elapsed = 5051.5 sec
Step =   7150: nodes = 12312, dt = 4.228080e-12, time = 2.614583e-08, elapsed = 5052.2 sec
Step =   7151: nodes = 12311, dt = 5.073696e-12, time = 2.615090e-08, elapsed = 5052.9 sec
Step =   7152: nodes = 12311, dt = 3.044217e-12, time = 2.615395e-08, elapsed = 5053.7 sec
Step =   7153: nodes = 12308, dt = 3.044217e-12, time = 2.615699e-08, elapsed = 5054.2 sec
Step =   7154: nodes = 12310, dt = 3.653061e-12, time = 2.616064e-08, elapsed = 5054.9 sec
Step =   7155: nodes = 12307, dt = 4.383673e-12, time = 2.616503e-08, elapsed = 5055.5 sec
Step =   7156: nodes = 12300, dt = 5.260407e-12, time = 2.617029e-08, elapsed = 5056.1 sec
Step =   7157: nodes = 12296, dt = 6.312489e-12, time = 2.617660e-08, elapsed = 5056.8 sec
Step =   7158: nodes = 12304, dt = 7.574987e-12, time = 2.618418e-08, elapsed = 5057.4 sec
Step =   7159: nodes = 12308, dt = 9.089984e-12, time = 2.619327e-08, elapsed = 5058.2 sec
Step =   7160: nodes = 12307, dt = 5.453990e-12, time = 2.619872e-08, elapsed = 5059.0 sec
Step =   7161: nodes = 12311, dt = 2.726995e-12, time = 2.620145e-08, elapsed = 5059.7 sec
Step =   7162: nodes = 12307, dt = 2.726995e-12, time = 2.620417e-08, elapsed = 5060.3 sec
Step =   7163: nodes = 12307, dt = 3.272394e-12, time = 2.620745e-08, elapsed = 5060.9 sec
Step =   7164: nodes = 12297, dt = 3.926873e-12, time = 2.621137e-08, elapsed = 5061.6 sec
Step =   7165: nodes = 12306, dt = 2.356124e-12, time = 2.621373e-08, elapsed = 5062.3 sec
Step =   7166: nodes = 12306, dt = 2.356124e-12, time = 2.621609e-08, elapsed = 5062.9 sec
Step =   7167: nodes = 12305, dt = 2.827349e-12, time = 2.621891e-08, elapsed = 5063.5 sec
Step =   7168: nodes = 12302, dt = 3.392818e-12, time = 2.622231e-08, elapsed = 5064.1 sec
Step =   7169: nodes = 12304, dt = 4.071382e-12, time = 2.622638e-08, elapsed = 5064.8 sec
Step =   7170: nodes = 12308, dt = 4.885659e-12, time = 2.623126e-08, elapsed = 5065.4 sec
Step =   7171: nodes = 12309, dt = 5.862790e-12, time = 2.623713e-08, elapsed = 5066.0 sec
Step =   7172: nodes = 12308, dt = 1.758837e-12, time = 2.623888e-08, elapsed = 5067.0 sec
Step =   7173: nodes = 12310, dt = 1.758837e-12, time = 2.624064e-08, elapsed = 5067.5 sec
Step =   7174: nodes = 12307, dt = 2.110604e-12, time = 2.624275e-08, elapsed = 5068.1 sec
Step =   7175: nodes = 12306, dt = 2.532725e-12, time = 2.624529e-08, elapsed = 5068.7 sec
Step =   7176: nodes = 12300, dt = 3.039270e-12, time = 2.624833e-08, elapsed = 5069.3 sec
Step =   7177: nodes = 12304, dt = 3.647125e-12, time = 2.625197e-08, elapsed = 5069.9 sec
Step =   7178: nodes = 12299, dt = 4.376549e-12, time = 2.625635e-08, elapsed = 5070.5 sec
Step =   7179: nodes = 12302, dt = 2.625930e-12, time = 2.625898e-08, elapsed = 5071.3 sec
Step =   7180: nodes = 12299, dt = 2.625930e-12, time = 2.626160e-08, elapsed = 5071.9 sec
Step =   7181: nodes = 12297, dt = 3.151116e-12, time = 2.626475e-08, elapsed = 5072.4 sec
Step =   7182: nodes = 12298, dt = 3.781339e-12, time = 2.626853e-08, elapsed = 5073.1 sec
Step =   7183: nodes = 12301, dt = 4.537606e-12, time = 2.627307e-08, elapsed = 5073.7 sec
Step =   7184: nodes = 12299, dt = 5.445128e-12, time = 2.627852e-08, elapsed = 5074.4 sec
Step =   7185: nodes = 12296, dt = 3.267077e-12, time = 2.628178e-08, elapsed = 5075.1 sec
Step =   7186: nodes = 12292, dt = 3.267077e-12, time = 2.628505e-08, elapsed = 5075.7 sec
Step =   7187: nodes = 12297, dt = 3.920492e-12, time = 2.628897e-08, elapsed = 5076.3 sec
Step =   7188: nodes = 12292, dt = 4.704590e-12, time = 2.629368e-08, elapsed = 5076.9 sec
Step =   7189: nodes = 12297, dt = 2.822754e-12, time = 2.629650e-08, elapsed = 5078.0 sec
Step =   7190: nodes = 12299, dt = 2.822754e-12, time = 2.629932e-08, elapsed = 5078.6 sec
Step =   7191: nodes = 12298, dt = 3.387305e-12, time = 2.630271e-08, elapsed = 5079.2 sec
Step =   7192: nodes = 12297, dt = 4.064766e-12, time = 2.630677e-08, elapsed = 5079.8 sec
Step =   7193: nodes = 12294, dt = 4.877719e-12, time = 2.631165e-08, elapsed = 5080.5 sec
Step =   7194: nodes = 12292, dt = 2.926632e-12, time = 2.631458e-08, elapsed = 5081.2 sec
Step =   7195: nodes = 12293, dt = 2.926632e-12, time = 2.631750e-08, elapsed = 5081.8 sec
Step =   7196: nodes = 12294, dt = 3.511958e-12, time = 2.632102e-08, elapsed = 5082.4 sec
Step =   7197: nodes = 12288, dt = 4.214349e-12, time = 2.632523e-08, elapsed = 5082.9 sec
Step =   7198: nodes = 12289, dt = 5.057219e-12, time = 2.633029e-08, elapsed = 5083.5 sec
Step =   7199: nodes = 12294, dt = 3.034332e-12, time = 2.633332e-08, elapsed = 5084.2 sec
Step =   7200: nodes = 12291, dt = 3.034332e-12, time = 2.633636e-08, elapsed = 5084.8 sec
Writing configuration in legacy data format
 Output file: /data/home/dg000246b/openDIS/inital_dislocation_structures/output_caseC_0.18%_seed12345/relax2/config.7200.data
Writing restart file
 Restart file: /data/home/dg000246b/openDIS/inital_dislocation_structures/output_caseC_0.18%_seed12345/relax2/restart.7200.exadis
Step =   7201: nodes = 12292, dt = 3.641198e-12, time = 2.634000e-08, elapsed = 5085.6 sec
Step =   7202: nodes = 12294, dt = 4.369438e-12, time = 2.634437e-08, elapsed = 5086.2 sec
Step =   7203: nodes = 12301, dt = 5.243325e-12, time = 2.634961e-08, elapsed = 5086.8 sec
Step =   7204: nodes = 12291, dt = 6.291990e-12, time = 2.635590e-08, elapsed = 5087.4 sec
Step =   7205: nodes = 12299, dt = 3.775194e-12, time = 2.635968e-08, elapsed = 5088.2 sec
Step =   7206: nodes = 12297, dt = 3.775194e-12, time = 2.636345e-08, elapsed = 5088.7 sec
Step =   7207: nodes = 12297, dt = 2.265116e-12, time = 2.636572e-08, elapsed = 5089.5 sec
Step =   7208: nodes = 12295, dt = 2.265116e-12, time = 2.636798e-08, elapsed = 5089.9 sec
Step =   7209: nodes = 12293, dt = 2.718140e-12, time = 2.637070e-08, elapsed = 5090.5 sec
Step =   7210: nodes = 12290, dt = 3.261768e-12, time = 2.637396e-08, elapsed = 5091.1 sec
Step =   7211: nodes = 12290, dt = 3.914121e-12, time = 2.637788e-08, elapsed = 5091.7 sec
Step =   7212: nodes = 12285, dt = 2.348473e-12, time = 2.638023e-08, elapsed = 5092.5 sec
Step =   7213: nodes = 12290, dt = 2.348473e-12, time = 2.638257e-08, elapsed = 5093.0 sec
Step =   7214: nodes = 12282, dt = 2.818167e-12, time = 2.638539e-08, elapsed = 5093.5 sec
Step =   7215: nodes = 12285, dt = 3.381801e-12, time = 2.638877e-08, elapsed = 5094.1 sec
Step =   7216: nodes = 12279, dt = 4.058161e-12, time = 2.639283e-08, elapsed = 5094.6 sec
Step =   7217: nodes = 12278, dt = 2.434896e-12, time = 2.639527e-08, elapsed = 5095.4 sec
Step =   7218: nodes = 12283, dt = 2.434896e-12, time = 2.639770e-08, elapsed = 5095.9 sec
Step =   7219: nodes = 12281, dt = 2.921876e-12, time = 2.640062e-08, elapsed = 5096.4 sec
Step =   7220: nodes = 12282, dt = 3.506251e-12, time = 2.640413e-08, elapsed = 5097.0 sec
Step =   7221: nodes = 12281, dt = 4.207501e-12, time = 2.640834e-08, elapsed = 5097.5 sec
Step =   7222: nodes = 12280, dt = 5.049001e-12, time = 2.641339e-08, elapsed = 5098.1 sec
Step =   7223: nodes = 12282, dt = 3.029401e-12, time = 2.641642e-08, elapsed = 5098.9 sec
Step =   7224: nodes = 12283, dt = 3.029401e-12, time = 2.641945e-08, elapsed = 5099.5 sec
Step =   7225: nodes = 12284, dt = 3.635281e-12, time = 2.642308e-08, elapsed = 5100.1 sec
Step =   7226: nodes = 12285, dt = 4.362337e-12, time = 2.642744e-08, elapsed = 5100.6 sec
Step =   7227: nodes = 12286, dt = 2.617402e-12, time = 2.643006e-08, elapsed = 5101.4 sec
Step =   7228: nodes = 12281, dt = 2.617402e-12, time = 2.643268e-08, elapsed = 5101.9 sec
Step =   7229: nodes = 12282, dt = 1.570441e-12, time = 2.643425e-08, elapsed = 5102.6 sec
Step =   7230: nodes = 12282, dt = 1.570441e-12, time = 2.643582e-08, elapsed = 5103.1 sec
Step =   7231: nodes = 12285, dt = 1.884530e-12, time = 2.643770e-08, elapsed = 5103.6 sec
Step =   7232: nodes = 12285, dt = 2.261436e-12, time = 2.643996e-08, elapsed = 5104.2 sec
Step =   7233: nodes = 12279, dt = 2.713723e-12, time = 2.644268e-08, elapsed = 5104.8 sec
Step =   7234: nodes = 12278, dt = 3.256467e-12, time = 2.644593e-08, elapsed = 5105.3 sec
Step =   7235: nodes = 12278, dt = 3.907761e-12, time = 2.644984e-08, elapsed = 5105.9 sec
Step =   7236: nodes = 12264, dt = 4.689313e-12, time = 2.645453e-08, elapsed = 5106.5 sec
Step =   7237: nodes = 12270, dt = 2.813588e-12, time = 2.645735e-08, elapsed = 5107.5 sec
Step =   7238: nodes = 12271, dt = 2.813588e-12, time = 2.646016e-08, elapsed = 5108.1 sec
Step =   7239: nodes = 12271, dt = 3.376305e-12, time = 2.646354e-08, elapsed = 5108.7 sec
Step =   7240: nodes = 12268, dt = 4.051566e-12, time = 2.646759e-08, elapsed = 5109.3 sec
Step =   7241: nodes = 12271, dt = 4.861880e-12, time = 2.647245e-08, elapsed = 5109.8 sec
Step =   7242: nodes = 12270, dt = 2.917128e-12, time = 2.647537e-08, elapsed = 5110.6 sec
Step =   7243: nodes = 12267, dt = 2.917128e-12, time = 2.647828e-08, elapsed = 5111.1 sec
Step =   7244: nodes = 12267, dt = 3.500553e-12, time = 2.648178e-08, elapsed = 5111.6 sec
Step =   7245: nodes = 12274, dt = 4.200664e-12, time = 2.648598e-08, elapsed = 5112.3 sec
Step =   7246: nodes = 12267, dt = 5.040797e-12, time = 2.649103e-08, elapsed = 5112.9 sec
Step =   7247: nodes = 12276, dt = 6.048956e-12, time = 2.649707e-08, elapsed = 5113.5 sec
Step =   7248: nodes = 12275, dt = 3.629374e-12, time = 2.650070e-08, elapsed = 5114.3 sec
Step =   7249: nodes = 12277, dt = 3.629374e-12, time = 2.650433e-08, elapsed = 5114.8 sec
Step =   7250: nodes = 12265, dt = 4.355248e-12, time = 2.650869e-08, elapsed = 5115.4 sec
Step =   7251: nodes = 12268, dt = 5.226298e-12, time = 2.651391e-08, elapsed = 5115.9 sec
Step =   7252: nodes = 12266, dt = 6.271558e-12, time = 2.652019e-08, elapsed = 5116.6 sec
Step =   7253: nodes = 12275, dt = 3.762935e-12, time = 2.652395e-08, elapsed = 5117.4 sec
Step =   7254: nodes = 12274, dt = 3.762935e-12, time = 2.652771e-08, elapsed = 5117.9 sec
Step =   7255: nodes = 12280, dt = 4.515522e-12, time = 2.653223e-08, elapsed = 5118.5 sec
Step =   7256: nodes = 12276, dt = 5.418626e-12, time = 2.653765e-08, elapsed = 5119.1 sec
Step =   7257: nodes = 12274, dt = 6.502351e-12, time = 2.654415e-08, elapsed = 5119.7 sec
Step =   7258: nodes = 12273, dt = 3.901411e-12, time = 2.654805e-08, elapsed = 5120.5 sec
Step =   7259: nodes = 12275, dt = 3.901411e-12, time = 2.655195e-08, elapsed = 5121.0 sec
Step =   7260: nodes = 12272, dt = 4.681693e-12, time = 2.655663e-08, elapsed = 5121.6 sec
Step =   7261: nodes = 12271, dt = 5.618031e-12, time = 2.656225e-08, elapsed = 5122.2 sec
Step =   7262: nodes = 12273, dt = 6.741638e-12, time = 2.656899e-08, elapsed = 5122.8 sec
Step =   7263: nodes = 12273, dt = 4.044983e-12, time = 2.657304e-08, elapsed = 5123.5 sec
Step =   7264: nodes = 12268, dt = 4.044983e-12, time = 2.657708e-08, elapsed = 5124.0 sec
Step =   7265: nodes = 12277, dt = 2.426990e-12, time = 2.657951e-08, elapsed = 5124.8 sec
Step =   7266: nodes = 12278, dt = 2.426990e-12, time = 2.658194e-08, elapsed = 5125.3 sec
Step =   7267: nodes = 12276, dt = 1.456194e-12, time = 2.658339e-08, elapsed = 5126.0 sec
Step =   7268: nodes = 12274, dt = 1.456194e-12, time = 2.658485e-08, elapsed = 5126.5 sec
Step =   7269: nodes = 12278, dt = 1.747432e-12, time = 2.658660e-08, elapsed = 5127.0 sec
Step =   7270: nodes = 12278, dt = 2.096919e-12, time = 2.658869e-08, elapsed = 5127.5 sec
Step =   7271: nodes = 12279, dt = 2.516303e-12, time = 2.659121e-08, elapsed = 5128.0 sec
Step =   7272: nodes = 12280, dt = 3.019563e-12, time = 2.659423e-08, elapsed = 5128.6 sec
Step =   7273: nodes = 12280, dt = 3.623476e-12, time = 2.659785e-08, elapsed = 5129.1 sec
Step =   7274: nodes = 12278, dt = 4.348171e-12, time = 2.660220e-08, elapsed = 5129.6 sec
Step =   7275: nodes = 12277, dt = 2.608903e-12, time = 2.660481e-08, elapsed = 5130.4 sec
Step =   7276: nodes = 12280, dt = 2.608903e-12, time = 2.660742e-08, elapsed = 5130.9 sec
Step =   7277: nodes = 12276, dt = 3.130683e-12, time = 2.661055e-08, elapsed = 5131.5 sec
Step =   7278: nodes = 12280, dt = 3.756820e-12, time = 2.661431e-08, elapsed = 5132.0 sec
Step =   7279: nodes = 12280, dt = 4.508184e-12, time = 2.661881e-08, elapsed = 5132.5 sec
Step =   7280: nodes = 12281, dt = 2.704910e-12, time = 2.662152e-08, elapsed = 5133.3 sec
Step =   7281: nodes = 12282, dt = 2.704910e-12, time = 2.662422e-08, elapsed = 5133.8 sec
Step =   7282: nodes = 12277, dt = 3.245892e-12, time = 2.662747e-08, elapsed = 5134.4 sec
Step =   7283: nodes = 12272, dt = 3.895071e-12, time = 2.663137e-08, elapsed = 5134.9 sec
Step =   7284: nodes = 12275, dt = 4.674085e-12, time = 2.663604e-08, elapsed = 5135.5 sec
Step =   7285: nodes = 12278, dt = 5.608902e-12, time = 2.664165e-08, elapsed = 5136.0 sec
Step =   7286: nodes = 12278, dt = 3.365341e-12, time = 2.664501e-08, elapsed = 5136.8 sec
Step =   7287: nodes = 12279, dt = 3.365341e-12, time = 2.664838e-08, elapsed = 5137.4 sec
Step =   7288: nodes = 12281, dt = 4.038409e-12, time = 2.665242e-08, elapsed = 5138.2 sec
Step =   7289: nodes = 12278, dt = 2.423046e-12, time = 2.665484e-08, elapsed = 5138.9 sec
Step =   7290: nodes = 12278, dt = 2.423046e-12, time = 2.665726e-08, elapsed = 5139.5 sec
Step =   7291: nodes = 12278, dt = 2.907655e-12, time = 2.666017e-08, elapsed = 5140.1 sec
Step =   7292: nodes = 12278, dt = 3.489186e-12, time = 2.666366e-08, elapsed = 5140.6 sec
Step =   7293: nodes = 12277, dt = 4.187023e-12, time = 2.666785e-08, elapsed = 5141.2 sec
Step =   7294: nodes = 12276, dt = 5.024427e-12, time = 2.667287e-08, elapsed = 5141.8 sec
Step =   7295: nodes = 12280, dt = 3.014656e-12, time = 2.667589e-08, elapsed = 5142.6 sec
Step =   7296: nodes = 12277, dt = 3.014656e-12, time = 2.667890e-08, elapsed = 5143.1 sec
Step =   7297: nodes = 12280, dt = 3.617588e-12, time = 2.668252e-08, elapsed = 5143.7 sec
Step =   7298: nodes = 12273, dt = 4.341105e-12, time = 2.668686e-08, elapsed = 5144.3 sec
Step =   7299: nodes = 12279, dt = 5.209326e-12, time = 2.669207e-08, elapsed = 5145.0 sec
Step =   7300: nodes = 12282, dt = 3.125596e-12, time = 2.669519e-08, elapsed = 5145.8 sec
Writing configuration in legacy data format
 Output file: /data/home/dg000246b/openDIS/inital_dislocation_structures/output_caseC_0.18%_seed12345/relax2/config.7300.data
Writing restart file
 Restart file: /data/home/dg000246b/openDIS/inital_dislocation_structures/output_caseC_0.18%_seed12345/relax2/restart.7300.exadis
Step =   7301: nodes = 12280, dt = 3.125596e-12, time = 2.669832e-08, elapsed = 5146.5 sec
Step =   7302: nodes = 12272, dt = 3.750715e-12, time = 2.670207e-08, elapsed = 5147.1 sec
Step =   7303: nodes = 12279, dt = 4.500858e-12, time = 2.670657e-08, elapsed = 5147.7 sec
Step =   7304: nodes = 12278, dt = 2.700515e-12, time = 2.670927e-08, elapsed = 5148.5 sec
Step =   7305: nodes = 12280, dt = 2.700515e-12, time = 2.671197e-08, elapsed = 5149.0 sec
Step =   7306: nodes = 12280, dt = 3.240618e-12, time = 2.671521e-08, elapsed = 5149.6 sec
Step =   7307: nodes = 12278, dt = 3.888741e-12, time = 2.671910e-08, elapsed = 5150.2 sec
Step =   7308: nodes = 12274, dt = 4.666490e-12, time = 2.672377e-08, elapsed = 5150.8 sec
Step =   7309: nodes = 12278, dt = 2.799894e-12, time = 2.672657e-08, elapsed = 5151.6 sec
Step =   7310: nodes = 12279, dt = 2.799894e-12, time = 2.672937e-08, elapsed = 5152.2 sec
Step =   7311: nodes = 12280, dt = 3.359872e-12, time = 2.673273e-08, elapsed = 5152.8 sec
Step =   7312: nodes = 12279, dt = 4.031847e-12, time = 2.673676e-08, elapsed = 5153.4 sec
Step =   7313: nodes = 12278, dt = 4.838216e-12, time = 2.674160e-08, elapsed = 5154.0 sec
Step =   7314: nodes = 12271, dt = 5.805860e-12, time = 2.674740e-08, elapsed = 5154.7 sec
Step =   7315: nodes = 12278, dt = 3.483516e-12, time = 2.675089e-08, elapsed = 5155.4 sec
Step =   7316: nodes = 12271, dt = 3.483516e-12, time = 2.675437e-08, elapsed = 5155.9 sec
Step =   7317: nodes = 12271, dt = 4.180219e-12, time = 2.675855e-08, elapsed = 5156.5 sec
Step =   7318: nodes = 12274, dt = 5.016263e-12, time = 2.676357e-08, elapsed = 5157.1 sec
Step =   7319: nodes = 12274, dt = 3.009758e-12, time = 2.676658e-08, elapsed = 5157.8 sec
Step =   7320: nodes = 12270, dt = 3.009758e-12, time = 2.676959e-08, elapsed = 5158.4 sec
Step =   7321: nodes = 12268, dt = 3.611709e-12, time = 2.677320e-08, elapsed = 5158.9 sec
Step =   7322: nodes = 12267, dt = 4.334051e-12, time = 2.677753e-08, elapsed = 5159.5 sec
Step =   7323: nodes = 12267, dt = 5.200861e-12, time = 2.678273e-08, elapsed = 5160.1 sec
Step =   7324: nodes = 12266, dt = 3.120517e-12, time = 2.678585e-08, elapsed = 5160.9 sec
Step =   7325: nodes = 12270, dt = 3.120517e-12, time = 2.678897e-08, elapsed = 5161.4 sec
Step =   7326: nodes = 12271, dt = 3.744620e-12, time = 2.679272e-08, elapsed = 5161.9 sec
Step =   7327: nodes = 12271, dt = 4.493544e-12, time = 2.679721e-08, elapsed = 5162.5 sec
Step =   7328: nodes = 12275, dt = 5.392253e-12, time = 2.680261e-08, elapsed = 5163.1 sec
Step =   7329: nodes = 12274, dt = 6.470703e-12, time = 2.680908e-08, elapsed = 5163.7 sec
Step =   7330: nodes = 12274, dt = 3.882422e-12, time = 2.681296e-08, elapsed = 5164.5 sec
Step =   7331: nodes = 12271, dt = 3.882422e-12, time = 2.681684e-08, elapsed = 5165.0 sec
Step =   7332: nodes = 12273, dt = 4.658907e-12, time = 2.682150e-08, elapsed = 5165.6 sec
Step =   7333: nodes = 12278, dt = 5.590688e-12, time = 2.682709e-08, elapsed = 5166.2 sec
Step =   7334: nodes = 12276, dt = 3.354413e-12, time = 2.683044e-08, elapsed = 5166.9 sec
Step =   7335: nodes = 12280, dt = 3.354413e-12, time = 2.683380e-08, elapsed = 5167.7 sec
Step =   7336: nodes = 12270, dt = 4.025295e-12, time = 2.683782e-08, elapsed = 5168.3 sec
Step =   7337: nodes = 12268, dt = 4.830354e-12, time = 2.684265e-08, elapsed = 5168.8 sec
Step =   7338: nodes = 12268, dt = 5.796425e-12, time = 2.684845e-08, elapsed = 5169.5 sec
Step =   7339: nodes = 12268, dt = 3.477855e-12, time = 2.685193e-08, elapsed = 5170.2 sec
Step =   7340: nodes = 12268, dt = 3.477855e-12, time = 2.685541e-08, elapsed = 5170.8 sec
Step =   7341: nodes = 12274, dt = 4.173426e-12, time = 2.685958e-08, elapsed = 5171.4 sec
Step =   7342: nodes = 12264, dt = 5.008111e-12, time = 2.686459e-08, elapsed = 5171.9 sec
Step =   7343: nodes = 12268, dt = 6.009734e-12, time = 2.687060e-08, elapsed = 5172.5 sec
Step =   7344: nodes = 12265, dt = 3.605840e-12, time = 2.687420e-08, elapsed = 5173.3 sec
Step =   7345: nodes = 12268, dt = 3.605840e-12, time = 2.687781e-08, elapsed = 5173.8 sec
Step =   7346: nodes = 12273, dt = 4.327008e-12, time = 2.688214e-08, elapsed = 5174.4 sec
Step =   7347: nodes = 12276, dt = 5.192410e-12, time = 2.688733e-08, elapsed = 5175.0 sec
Step =   7348: nodes = 12274, dt = 6.230892e-12, time = 2.689356e-08, elapsed = 5175.6 sec
Step =   7349: nodes = 12268, dt = 3.738535e-12, time = 2.689730e-08, elapsed = 5176.4 sec
Step =   7350: nodes = 12265, dt = 3.738535e-12, time = 2.690104e-08, elapsed = 5176.9 sec
Step =   7351: nodes = 12263, dt = 2.243121e-12, time = 2.690328e-08, elapsed = 5177.6 sec
Step =   7352: nodes = 12264, dt = 2.243121e-12, time = 2.690552e-08, elapsed = 5178.2 sec
Step =   7353: nodes = 12269, dt = 2.691745e-12, time = 2.690822e-08, elapsed = 5178.7 sec
Step =   7354: nodes = 12268, dt = 3.230094e-12, time = 2.691145e-08, elapsed = 5179.2 sec
Step =   7355: nodes = 12268, dt = 3.876113e-12, time = 2.691532e-08, elapsed = 5179.7 sec
Step =   7356: nodes = 12271, dt = 4.651336e-12, time = 2.691997e-08, elapsed = 5180.3 sec
Step =   7357: nodes = 12276, dt = 2.790801e-12, time = 2.692276e-08, elapsed = 5181.0 sec
Step =   7358: nodes = 12269, dt = 1.395401e-12, time = 2.692416e-08, elapsed = 5181.7 sec
Step =   7359: nodes = 12271, dt = 1.395401e-12, time = 2.692555e-08, elapsed = 5182.2 sec
Step =   7360: nodes = 12268, dt = 1.674481e-12, time = 2.692723e-08, elapsed = 5182.7 sec
Step =   7361: nodes = 12268, dt = 2.009377e-12, time = 2.692924e-08, elapsed = 5183.2 sec
Step =   7362: nodes = 12271, dt = 2.411252e-12, time = 2.693165e-08, elapsed = 5183.8 sec
Step =   7363: nodes = 12272, dt = 2.893503e-12, time = 2.693454e-08, elapsed = 5184.4 sec
Step =   7364: nodes = 12262, dt = 3.472204e-12, time = 2.693802e-08, elapsed = 5184.9 sec
Step =   7365: nodes = 12267, dt = 4.166644e-12, time = 2.694218e-08, elapsed = 5185.5 sec
Step =   7366: nodes = 12269, dt = 4.999973e-12, time = 2.694718e-08, elapsed = 5186.1 sec
Step =   7367: nodes = 12271, dt = 5.999968e-12, time = 2.695318e-08, elapsed = 5186.7 sec
Step =   7368: nodes = 12278, dt = 3.599981e-12, time = 2.695678e-08, elapsed = 5187.5 sec
Step =   7369: nodes = 12280, dt = 3.599981e-12, time = 2.696038e-08, elapsed = 5188.1 sec
Step =   7370: nodes = 12277, dt = 4.319977e-12, time = 2.696470e-08, elapsed = 5188.6 sec
Step =   7371: nodes = 12274, dt = 5.183972e-12, time = 2.696989e-08, elapsed = 5189.2 sec
Step =   7372: nodes = 12273, dt = 6.220767e-12, time = 2.697611e-08, elapsed = 5189.8 sec
Step =   7373: nodes = 12270, dt = 3.732460e-12, time = 2.697984e-08, elapsed = 5190.6 sec
Step =   7374: nodes = 12262, dt = 3.732460e-12, time = 2.698357e-08, elapsed = 5191.1 sec
Step =   7375: nodes = 12260, dt = 4.478952e-12, time = 2.698805e-08, elapsed = 5191.7 sec
Step =   7376: nodes = 12269, dt = 5.374742e-12, time = 2.699343e-08, elapsed = 5192.3 sec
Step =   7377: nodes = 12276, dt = 6.449691e-12, time = 2.699987e-08, elapsed = 5192.9 sec
Step =   7378: nodes = 12274, dt = 3.869814e-12, time = 2.700374e-08, elapsed = 5193.7 sec
Step =   7379: nodes = 12280, dt = 3.869814e-12, time = 2.700761e-08, elapsed = 5194.3 sec
Step =   7380: nodes = 12283, dt = 4.643777e-12, time = 2.701226e-08, elapsed = 5194.8 sec
Step =   7381: nodes = 12285, dt = 5.572533e-12, time = 2.701783e-08, elapsed = 5195.5 sec
Step =   7382: nodes = 12278, dt = 6.687039e-12, time = 2.702452e-08, elapsed = 5196.1 sec
Step =   7383: nodes = 12277, dt = 4.012224e-12, time = 2.702853e-08, elapsed = 5196.9 sec
Step =   7384: nodes = 12276, dt = 4.012224e-12, time = 2.703254e-08, elapsed = 5197.8 sec
Step =   7385: nodes = 12268, dt = 4.814668e-12, time = 2.703736e-08, elapsed = 5198.3 sec
Step =   7386: nodes = 12278, dt = 5.777602e-12, time = 2.704313e-08, elapsed = 5198.9 sec
Step =   7387: nodes = 12277, dt = 6.933122e-12, time = 2.705007e-08, elapsed = 5199.6 sec
Step =   7388: nodes = 12275, dt = 4.159873e-12, time = 2.705423e-08, elapsed = 5200.4 sec
Step =   7389: nodes = 12277, dt = 4.159873e-12, time = 2.705839e-08, elapsed = 5201.0 sec
Step =   7390: nodes = 12273, dt = 4.991848e-12, time = 2.706338e-08, elapsed = 5201.6 sec
Step =   7391: nodes = 12280, dt = 5.990218e-12, time = 2.706937e-08, elapsed = 5202.2 sec
Step =   7392: nodes = 12277, dt = 7.188261e-12, time = 2.707656e-08, elapsed = 5202.9 sec
Step =   7393: nodes = 12280, dt = 4.312957e-12, time = 2.708087e-08, elapsed = 5203.6 sec
Step =   7394: nodes = 12274, dt = 4.312957e-12, time = 2.708518e-08, elapsed = 5204.2 sec
Step =   7395: nodes = 12277, dt = 5.175548e-12, time = 2.709036e-08, elapsed = 5204.8 sec
Step =   7396: nodes = 12278, dt = 6.210658e-12, time = 2.709657e-08, elapsed = 5205.4 sec
Step =   7397: nodes = 12284, dt = 3.726395e-12, time = 2.710030e-08, elapsed = 5206.1 sec
Step =   7398: nodes = 12280, dt = 3.726395e-12, time = 2.710402e-08, elapsed = 5206.7 sec
Step =   7399: nodes = 12284, dt = 4.471674e-12, time = 2.710849e-08, elapsed = 5207.3 sec
Step =   7400: nodes = 12279, dt = 5.366008e-12, time = 2.711386e-08, elapsed = 5207.9 sec
Writing configuration in legacy data format
 Output file: /data/home/dg000246b/openDIS/inital_dislocation_structures/output_caseC_0.18%_seed12345/relax2/config.7400.data
Writing restart file
 Restart file: /data/home/dg000246b/openDIS/inital_dislocation_structures/output_caseC_0.18%_seed12345/relax2/restart.7400.exadis
Step =   7401: nodes = 12277, dt = 6.439210e-12, time = 2.712030e-08, elapsed = 5208.7 sec
Step =   7402: nodes = 12273, dt = 3.863526e-12, time = 2.712416e-08, elapsed = 5209.4 sec
Step =   7403: nodes = 12271, dt = 3.863526e-12, time = 2.712803e-08, elapsed = 5209.9 sec
Step =   7404: nodes = 12270, dt = 4.636231e-12, time = 2.713266e-08, elapsed = 5210.6 sec
Step =   7405: nodes = 12270, dt = 5.563477e-12, time = 2.713823e-08, elapsed = 5211.2 sec
Step =   7406: nodes = 12273, dt = 6.676173e-12, time = 2.714490e-08, elapsed = 5211.8 sec
Step =   7407: nodes = 12268, dt = 4.005704e-12, time = 2.714891e-08, elapsed = 5212.6 sec
Step =   7408: nodes = 12270, dt = 4.005704e-12, time = 2.715291e-08, elapsed = 5213.1 sec
Step =   7409: nodes = 12269, dt = 4.806845e-12, time = 2.715772e-08, elapsed = 5213.8 sec
Step =   7410: nodes = 12271, dt = 5.768213e-12, time = 2.716349e-08, elapsed = 5214.3 sec
Step =   7411: nodes = 12279, dt = 6.921856e-12, time = 2.717041e-08, elapsed = 5214.9 sec
Step =   7412: nodes = 12274, dt = 4.153114e-12, time = 2.717456e-08, elapsed = 5215.7 sec
Step =   7413: nodes = 12275, dt = 4.153114e-12, time = 2.717872e-08, elapsed = 5216.3 sec
Step =   7414: nodes = 12274, dt = 4.983736e-12, time = 2.718370e-08, elapsed = 5216.8 sec
Step =   7415: nodes = 12268, dt = 5.980484e-12, time = 2.718968e-08, elapsed = 5217.5 sec
Step =   7416: nodes = 12262, dt = 7.176580e-12, time = 2.719686e-08, elapsed = 5218.1 sec
Step =   7417: nodes = 12262, dt = 4.305948e-12, time = 2.720116e-08, elapsed = 5218.9 sec
Step =   7418: nodes = 12266, dt = 4.305948e-12, time = 2.720547e-08, elapsed = 5219.4 sec
Step =   7419: nodes = 12263, dt = 5.167138e-12, time = 2.721064e-08, elapsed = 5220.0 sec
Step =   7420: nodes = 12262, dt = 6.200565e-12, time = 2.721684e-08, elapsed = 5220.6 sec
Step =   7421: nodes = 12264, dt = 7.440679e-12, time = 2.722428e-08, elapsed = 5221.2 sec
Step =   7422: nodes = 12263, dt = 4.464407e-12, time = 2.722874e-08, elapsed = 5222.0 sec
Step =   7423: nodes = 12266, dt = 4.464407e-12, time = 2.723321e-08, elapsed = 5222.5 sec
Step =   7424: nodes = 12262, dt = 5.357289e-12, time = 2.723856e-08, elapsed = 5223.1 sec
Step =   7425: nodes = 12261, dt = 6.428746e-12, time = 2.724499e-08, elapsed = 5223.8 sec
Step =   7426: nodes = 12265, dt = 7.714496e-12, time = 2.725271e-08, elapsed = 5224.4 sec
Step =   7427: nodes = 12269, dt = 4.628697e-12, time = 2.725734e-08, elapsed = 5225.1 sec
Step =   7428: nodes = 12266, dt = 4.628697e-12, time = 2.726196e-08, elapsed = 5225.7 sec
Step =   7429: nodes = 12268, dt = 5.554437e-12, time = 2.726752e-08, elapsed = 5226.3 sec
Step =   7430: nodes = 12262, dt = 3.332662e-12, time = 2.727085e-08, elapsed = 5227.0 sec
Step =   7431: nodes = 12262, dt = 1.666331e-12, time = 2.727252e-08, elapsed = 5228.0 sec
Step =   7432: nodes = 12254, dt = 1.666331e-12, time = 2.727418e-08, elapsed = 5228.6 sec
Step =   7433: nodes = 12258, dt = 1.999597e-12, time = 2.727618e-08, elapsed = 5229.1 sec
Step =   7434: nodes = 12255, dt = 2.399517e-12, time = 2.727858e-08, elapsed = 5229.6 sec
Step =   7435: nodes = 12249, dt = 2.879420e-12, time = 2.728146e-08, elapsed = 5230.1 sec
Step =   7436: nodes = 12249, dt = 3.455304e-12, time = 2.728492e-08, elapsed = 5230.6 sec
Step =   7437: nodes = 12245, dt = 4.146365e-12, time = 2.728906e-08, elapsed = 5231.2 sec
Step =   7438: nodes = 12246, dt = 4.975638e-12, time = 2.729404e-08, elapsed = 5231.8 sec
Step =   7439: nodes = 12246, dt = 5.970765e-12, time = 2.730001e-08, elapsed = 5232.4 sec
Step =   7440: nodes = 12250, dt = 3.582459e-12, time = 2.730359e-08, elapsed = 5233.2 sec
Step =   7441: nodes = 12252, dt = 3.582459e-12, time = 2.730718e-08, elapsed = 5233.7 sec
Step =   7442: nodes = 12247, dt = 4.298951e-12, time = 2.731148e-08, elapsed = 5234.3 sec
Step =   7443: nodes = 12250, dt = 5.158741e-12, time = 2.731663e-08, elapsed = 5234.9 sec
Step =   7444: nodes = 12248, dt = 3.095245e-12, time = 2.731973e-08, elapsed = 5235.6 sec
Step =   7445: nodes = 12250, dt = 3.095245e-12, time = 2.732282e-08, elapsed = 5236.2 sec
Step =   7446: nodes = 12254, dt = 3.714294e-12, time = 2.732654e-08, elapsed = 5236.7 sec
Step =   7447: nodes = 12252, dt = 4.457152e-12, time = 2.733100e-08, elapsed = 5237.3 sec
Step =   7448: nodes = 12251, dt = 5.348583e-12, time = 2.733634e-08, elapsed = 5237.9 sec
Step =   7449: nodes = 12255, dt = 6.418300e-12, time = 2.734276e-08, elapsed = 5238.5 sec
Step =   7450: nodes = 12250, dt = 3.850980e-12, time = 2.734661e-08, elapsed = 5239.2 sec
Step =   7451: nodes = 12254, dt = 3.850980e-12, time = 2.735046e-08, elapsed = 5239.8 sec
Step =   7452: nodes = 12252, dt = 4.621176e-12, time = 2.735509e-08, elapsed = 5240.3 sec
Step =   7453: nodes = 12252, dt = 2.772705e-12, time = 2.735786e-08, elapsed = 5241.1 sec
Step =   7454: nodes = 12253, dt = 2.772705e-12, time = 2.736063e-08, elapsed = 5241.6 sec
Step =   7455: nodes = 12258, dt = 3.327246e-12, time = 2.736396e-08, elapsed = 5242.1 sec
Step =   7456: nodes = 12256, dt = 3.992696e-12, time = 2.736795e-08, elapsed = 5242.7 sec
Step =   7457: nodes = 12255, dt = 4.791235e-12, time = 2.737274e-08, elapsed = 5243.3 sec
Step =   7458: nodes = 12254, dt = 5.749482e-12, time = 2.737849e-08, elapsed = 5243.9 sec
Step =   7459: nodes = 12254, dt = 3.449689e-12, time = 2.738194e-08, elapsed = 5244.7 sec
Step =   7460: nodes = 12251, dt = 3.449689e-12, time = 2.738539e-08, elapsed = 5245.3 sec
Step =   7461: nodes = 12253, dt = 4.139627e-12, time = 2.738953e-08, elapsed = 5245.9 sec
Step =   7462: nodes = 12252, dt = 4.967552e-12, time = 2.739450e-08, elapsed = 5246.4 sec
Step =   7463: nodes = 12253, dt = 2.980531e-12, time = 2.739748e-08, elapsed = 5247.2 sec
Step =   7464: nodes = 12252, dt = 2.980531e-12, time = 2.740046e-08, elapsed = 5247.8 sec
Step =   7465: nodes = 12249, dt = 3.576638e-12, time = 2.740404e-08, elapsed = 5248.3 sec
Step =   7466: nodes = 12247, dt = 4.291965e-12, time = 2.740833e-08, elapsed = 5248.9 sec
Step =   7467: nodes = 12246, dt = 2.575179e-12, time = 2.741090e-08, elapsed = 5249.7 sec
Step =   7468: nodes = 12243, dt = 2.575179e-12, time = 2.741348e-08, elapsed = 5250.2 sec
Step =   7469: nodes = 12243, dt = 3.090215e-12, time = 2.741657e-08, elapsed = 5250.8 sec
Step =   7470: nodes = 12244, dt = 3.708258e-12, time = 2.742028e-08, elapsed = 5251.3 sec
Step =   7471: nodes = 12243, dt = 4.449910e-12, time = 2.742473e-08, elapsed = 5251.9 sec
Step =   7472: nodes = 12245, dt = 5.339891e-12, time = 2.743007e-08, elapsed = 5252.5 sec
Step =   7473: nodes = 12244, dt = 6.407870e-12, time = 2.743647e-08, elapsed = 5253.1 sec
Step =   7474: nodes = 12243, dt = 3.844722e-12, time = 2.744032e-08, elapsed = 5253.9 sec
Step =   7475: nodes = 12247, dt = 3.844722e-12, time = 2.744416e-08, elapsed = 5254.4 sec
Step =   7476: nodes = 12242, dt = 4.613666e-12, time = 2.744878e-08, elapsed = 5255.0 sec
Step =   7477: nodes = 12249, dt = 5.536399e-12, time = 2.745431e-08, elapsed = 5255.6 sec
Step =   7478: nodes = 12251, dt = 6.643679e-12, time = 2.746096e-08, elapsed = 5256.2 sec
Step =   7479: nodes = 12247, dt = 3.986208e-12, time = 2.746494e-08, elapsed = 5256.9 sec
Step =   7480: nodes = 12247, dt = 3.986208e-12, time = 2.746893e-08, elapsed = 5257.8 sec
Step =   7481: nodes = 12247, dt = 4.783449e-12, time = 2.747371e-08, elapsed = 5258.4 sec
Step =   7482: nodes = 12243, dt = 5.740139e-12, time = 2.747945e-08, elapsed = 5258.9 sec
Step =   7483: nodes = 12250, dt = 6.888167e-12, time = 2.748634e-08, elapsed = 5259.5 sec
Step =   7484: nodes = 12249, dt = 4.132900e-12, time = 2.749047e-08, elapsed = 5260.3 sec
Step =   7485: nodes = 12251, dt = 4.132900e-12, time = 2.749461e-08, elapsed = 5260.9 sec
Step =   7486: nodes = 12246, dt = 4.959480e-12, time = 2.749957e-08, elapsed = 5261.5 sec
Step =   7487: nodes = 12248, dt = 5.951376e-12, time = 2.750552e-08, elapsed = 5262.2 sec
Step =   7488: nodes = 12246, dt = 7.141651e-12, time = 2.751266e-08, elapsed = 5262.8 sec
Step =   7489: nodes = 12245, dt = 4.284991e-12, time = 2.751695e-08, elapsed = 5263.6 sec
Step =   7490: nodes = 12250, dt = 4.284991e-12, time = 2.752123e-08, elapsed = 5264.2 sec
Step =   7491: nodes = 12256, dt = 5.141989e-12, time = 2.752637e-08, elapsed = 5264.7 sec
Step =   7492: nodes = 12262, dt = 6.170387e-12, time = 2.753254e-08, elapsed = 5265.3 sec
Step =   7493: nodes = 12261, dt = 3.702232e-12, time = 2.753624e-08, elapsed = 5266.1 sec
Step =   7494: nodes = 12260, dt = 3.702232e-12, time = 2.753995e-08, elapsed = 5266.7 sec
Step =   7495: nodes = 12262, dt = 4.442678e-12, time = 2.754439e-08, elapsed = 5267.4 sec
Step =   7496: nodes = 12257, dt = 5.331214e-12, time = 2.754972e-08, elapsed = 5268.0 sec
Step =   7497: nodes = 12254, dt = 6.397457e-12, time = 2.755612e-08, elapsed = 5268.6 sec
Step =   7498: nodes = 12255, dt = 3.838474e-12, time = 2.755996e-08, elapsed = 5269.4 sec
Step =   7499: nodes = 12259, dt = 3.838474e-12, time = 2.756380e-08, elapsed = 5269.9 sec
Step =   7500: nodes = 12255, dt = 4.606169e-12, time = 2.756840e-08, elapsed = 5270.5 sec
Writing configuration in legacy data format
 Output file: /data/home/dg000246b/openDIS/inital_dislocation_structures/output_caseC_0.18%_seed12345/relax2/config.7500.data
Writing restart file
 Restart file: /data/home/dg000246b/openDIS/inital_dislocation_structures/output_caseC_0.18%_seed12345/relax2/restart.7500.exadis
Step =   7501: nodes = 12257, dt = 5.527403e-12, time = 2.757393e-08, elapsed = 5271.2 sec
Step =   7502: nodes = 12258, dt = 3.316442e-12, time = 2.757725e-08, elapsed = 5272.0 sec
Step =   7503: nodes = 12255, dt = 3.316442e-12, time = 2.758056e-08, elapsed = 5272.6 sec
Step =   7504: nodes = 12256, dt = 3.979730e-12, time = 2.758454e-08, elapsed = 5273.2 sec
Step =   7505: nodes = 12258, dt = 4.775676e-12, time = 2.758932e-08, elapsed = 5273.9 sec
Step =   7506: nodes = 12252, dt = 5.730811e-12, time = 2.759505e-08, elapsed = 5274.5 sec
Step =   7507: nodes = 12256, dt = 6.876974e-12, time = 2.760192e-08, elapsed = 5275.1 sec
Step =   7508: nodes = 12256, dt = 4.126184e-12, time = 2.760605e-08, elapsed = 5275.9 sec
Step =   7509: nodes = 12256, dt = 2.063092e-12, time = 2.760811e-08, elapsed = 5276.7 sec
Step =   7510: nodes = 12256, dt = 2.063092e-12, time = 2.761018e-08, elapsed = 5277.3 sec
Step =   7511: nodes = 12260, dt = 2.475710e-12, time = 2.761265e-08, elapsed = 5277.9 sec
Step =   7512: nodes = 12256, dt = 2.970853e-12, time = 2.761562e-08, elapsed = 5278.4 sec
Step =   7513: nodes = 12251, dt = 3.565023e-12, time = 2.761919e-08, elapsed = 5279.0 sec
Step =   7514: nodes = 12248, dt = 4.278028e-12, time = 2.762347e-08, elapsed = 5279.5 sec
Step =   7515: nodes = 12251, dt = 5.133633e-12, time = 2.762860e-08, elapsed = 5280.1 sec
Step =   7516: nodes = 12245, dt = 6.160360e-12, time = 2.763476e-08, elapsed = 5280.8 sec
Step =   7517: nodes = 12247, dt = 3.696216e-12, time = 2.763846e-08, elapsed = 5281.5 sec
Step =   7518: nodes = 12243, dt = 3.696216e-12, time = 2.764215e-08, elapsed = 5282.1 sec
Step =   7519: nodes = 12249, dt = 4.435459e-12, time = 2.764659e-08, elapsed = 5282.6 sec
Step =   7520: nodes = 12244, dt = 5.322551e-12, time = 2.765191e-08, elapsed = 5283.2 sec
Step =   7521: nodes = 12239, dt = 6.387061e-12, time = 2.765830e-08, elapsed = 5283.9 sec
Step =   7522: nodes = 12236, dt = 3.832237e-12, time = 2.766213e-08, elapsed = 5284.7 sec
Step =   7523: nodes = 12234, dt = 3.832237e-12, time = 2.766596e-08, elapsed = 5285.3 sec
Step =   7524: nodes = 12231, dt = 4.598684e-12, time = 2.767056e-08, elapsed = 5286.0 sec
Step =   7525: nodes = 12236, dt = 5.518421e-12, time = 2.767608e-08, elapsed = 5286.6 sec
Step =   7526: nodes = 12237, dt = 3.311052e-12, time = 2.767939e-08, elapsed = 5287.3 sec
Step =   7527: nodes = 12240, dt = 3.311052e-12, time = 2.768270e-08, elapsed = 5288.2 sec
Step =   7528: nodes = 12233, dt = 3.973263e-12, time = 2.768668e-08, elapsed = 5288.8 sec
Step =   7529: nodes = 12232, dt = 4.767916e-12, time = 2.769144e-08, elapsed = 5289.4 sec
Step =   7530: nodes = 12231, dt = 2.860749e-12, time = 2.769430e-08, elapsed = 5290.2 sec
Step =   7531: nodes = 12227, dt = 2.860749e-12, time = 2.769716e-08, elapsed = 5290.8 sec
Step =   7532: nodes = 12218, dt = 3.432899e-12, time = 2.770060e-08, elapsed = 5291.5 sec
Step =   7533: nodes = 12220, dt = 4.119479e-12, time = 2.770472e-08, elapsed = 5292.1 sec
Step =   7534: nodes = 12217, dt = 2.471687e-12, time = 2.770719e-08, elapsed = 5292.9 sec
Step =   7535: nodes = 12218, dt = 2.471687e-12, time = 2.770966e-08, elapsed = 5293.5 sec
Step =   7536: nodes = 12215, dt = 2.966025e-12, time = 2.771263e-08, elapsed = 5294.0 sec
Step =   7537: nodes = 12218, dt = 3.559230e-12, time = 2.771619e-08, elapsed = 5294.6 sec
Step =   7538: nodes = 12218, dt = 2.135538e-12, time = 2.771832e-08, elapsed = 5295.4 sec
Step =   7539: nodes = 12219, dt = 1.067769e-12, time = 2.771939e-08, elapsed = 5296.1 sec
Step =   7540: nodes = 12215, dt = 1.067769e-12, time = 2.772046e-08, elapsed = 5296.6 sec
Step =   7541: nodes = 12217, dt = 1.281323e-12, time = 2.772174e-08, elapsed = 5297.1 sec
Step =   7542: nodes = 12212, dt = 1.537587e-12, time = 2.772328e-08, elapsed = 5297.7 sec
Step =   7543: nodes = 12214, dt = 1.845105e-12, time = 2.772512e-08, elapsed = 5298.2 sec
Step =   7544: nodes = 12214, dt = 2.214126e-12, time = 2.772734e-08, elapsed = 5298.7 sec
Step =   7545: nodes = 12215, dt = 2.656951e-12, time = 2.772999e-08, elapsed = 5299.2 sec
Step =   7546: nodes = 12209, dt = 3.188341e-12, time = 2.773318e-08, elapsed = 5299.7 sec
Step =   7547: nodes = 12214, dt = 3.826009e-12, time = 2.773701e-08, elapsed = 5300.3 sec
Step =   7548: nodes = 12214, dt = 4.591211e-12, time = 2.774160e-08, elapsed = 5300.9 sec
Step =   7549: nodes = 12216, dt = 5.509453e-12, time = 2.774711e-08, elapsed = 5301.4 sec
Step =   7550: nodes = 12214, dt = 1.652836e-12, time = 2.774876e-08, elapsed = 5302.3 sec
Step =   7551: nodes = 12216, dt = 1.652836e-12, time = 2.775041e-08, elapsed = 5302.8 sec
Step =   7552: nodes = 12214, dt = 1.983403e-12, time = 2.775240e-08, elapsed = 5303.3 sec
Step =   7553: nodes = 12219, dt = 2.380084e-12, time = 2.775478e-08, elapsed = 5303.8 sec
Step =   7554: nodes = 12214, dt = 2.856101e-12, time = 2.775763e-08, elapsed = 5304.3 sec
Step =   7555: nodes = 12213, dt = 3.427321e-12, time = 2.776106e-08, elapsed = 5304.9 sec
Step =   7556: nodes = 12211, dt = 4.112785e-12, time = 2.776517e-08, elapsed = 5305.5 sec
Step =   7557: nodes = 12210, dt = 4.935342e-12, time = 2.777011e-08, elapsed = 5306.0 sec
Step =   7558: nodes = 12209, dt = 5.922410e-12, time = 2.777603e-08, elapsed = 5306.6 sec
Step =   7559: nodes = 12214, dt = 3.553446e-12, time = 2.777958e-08, elapsed = 5307.4 sec
Step =   7560: nodes = 12214, dt = 3.553446e-12, time = 2.778314e-08, elapsed = 5307.9 sec
Step =   7561: nodes = 12213, dt = 4.264135e-12, time = 2.778740e-08, elapsed = 5308.5 sec
Step =   7562: nodes = 12210, dt = 2.558481e-12, time = 2.778996e-08, elapsed = 5309.2 sec
Step =   7563: nodes = 12216, dt = 2.558481e-12, time = 2.779252e-08, elapsed = 5309.7 sec
Step =   7564: nodes = 12217, dt = 3.070177e-12, time = 2.779559e-08, elapsed = 5310.3 sec
Step =   7565: nodes = 12215, dt = 3.684213e-12, time = 2.779927e-08, elapsed = 5310.8 sec
Step =   7566: nodes = 12216, dt = 4.421056e-12, time = 2.780369e-08, elapsed = 5311.4 sec
Step =   7567: nodes = 12217, dt = 5.305267e-12, time = 2.780900e-08, elapsed = 5312.0 sec
Step =   7568: nodes = 12214, dt = 3.183160e-12, time = 2.781218e-08, elapsed = 5312.7 sec
Step =   7569: nodes = 12219, dt = 3.183160e-12, time = 2.781537e-08, elapsed = 5313.2 sec
Step =   7570: nodes = 12225, dt = 3.819792e-12, time = 2.781918e-08, elapsed = 5313.8 sec
Step =   7571: nodes = 12217, dt = 4.583750e-12, time = 2.782377e-08, elapsed = 5314.4 sec
Step =   7572: nodes = 12221, dt = 2.750250e-12, time = 2.782652e-08, elapsed = 5315.1 sec
Step =   7573: nodes = 12221, dt = 2.750250e-12, time = 2.782927e-08, elapsed = 5315.6 sec
Step =   7574: nodes = 12223, dt = 3.300300e-12, time = 2.783257e-08, elapsed = 5316.1 sec
Step =   7575: nodes = 12215, dt = 3.960360e-12, time = 2.783653e-08, elapsed = 5316.7 sec
Step =   7576: nodes = 12216, dt = 4.752432e-12, time = 2.784128e-08, elapsed = 5317.2 sec
Step =   7577: nodes = 12223, dt = 2.851459e-12, time = 2.784413e-08, elapsed = 5318.3 sec
Step =   7578: nodes = 12220, dt = 2.851459e-12, time = 2.784699e-08, elapsed = 5318.8 sec
Step =   7579: nodes = 12218, dt = 3.421751e-12, time = 2.785041e-08, elapsed = 5319.4 sec
Step =   7580: nodes = 12219, dt = 4.106102e-12, time = 2.785451e-08, elapsed = 5319.9 sec
Step =   7581: nodes = 12214, dt = 2.463661e-12, time = 2.785698e-08, elapsed = 5320.7 sec
Step =   7582: nodes = 12217, dt = 2.463661e-12, time = 2.785944e-08, elapsed = 5321.2 sec
Step =   7583: nodes = 12222, dt = 2.956393e-12, time = 2.786240e-08, elapsed = 5321.8 sec
Step =   7584: nodes = 12223, dt = 3.547672e-12, time = 2.786594e-08, elapsed = 5322.4 sec
Step =   7585: nodes = 12225, dt = 4.257206e-12, time = 2.787020e-08, elapsed = 5322.9 sec
Step =   7586: nodes = 12223, dt = 5.108647e-12, time = 2.787531e-08, elapsed = 5323.5 sec
Step =   7587: nodes = 12222, dt = 3.065188e-12, time = 2.787838e-08, elapsed = 5324.3 sec
Step =   7588: nodes = 12219, dt = 3.065188e-12, time = 2.788144e-08, elapsed = 5324.9 sec
Step =   7589: nodes = 12216, dt = 3.678226e-12, time = 2.788512e-08, elapsed = 5325.5 sec
Step =   7590: nodes = 12219, dt = 4.413871e-12, time = 2.788953e-08, elapsed = 5326.1 sec
Step =   7591: nodes = 12219, dt = 2.648323e-12, time = 2.789218e-08, elapsed = 5326.8 sec
Step =   7592: nodes = 12217, dt = 2.648323e-12, time = 2.789483e-08, elapsed = 5327.4 sec
Step =   7593: nodes = 12219, dt = 3.177987e-12, time = 2.789801e-08, elapsed = 5328.0 sec
Step =   7594: nodes = 12214, dt = 3.813585e-12, time = 2.790182e-08, elapsed = 5328.6 sec
Step =   7595: nodes = 12212, dt = 4.576302e-12, time = 2.790640e-08, elapsed = 5329.1 sec
Step =   7596: nodes = 12214, dt = 5.491562e-12, time = 2.791189e-08, elapsed = 5329.7 sec
Step =   7597: nodes = 12209, dt = 6.589875e-12, time = 2.791848e-08, elapsed = 5330.4 sec
Step =   7598: nodes = 12204, dt = 3.953925e-12, time = 2.792243e-08, elapsed = 5331.1 sec
Step =   7599: nodes = 12210, dt = 3.953925e-12, time = 2.792639e-08, elapsed = 5331.6 sec
Step =   7600: nodes = 12211, dt = 4.744710e-12, time = 2.793113e-08, elapsed = 5332.2 sec
Writing configuration in legacy data format
 Output file: /data/home/dg000246b/openDIS/inital_dislocation_structures/output_caseC_0.18%_seed12345/relax2/config.7600.data
Writing restart file
 Restart file: /data/home/dg000246b/openDIS/inital_dislocation_structures/output_caseC_0.18%_seed12345/relax2/restart.7600.exadis
Step =   7601: nodes = 12212, dt = 5.693652e-12, time = 2.793682e-08, elapsed = 5333.0 sec
Step =   7602: nodes = 12218, dt = 6.832382e-12, time = 2.794366e-08, elapsed = 5333.6 sec
Step =   7603: nodes = 12220, dt = 4.099429e-12, time = 2.794776e-08, elapsed = 5334.3 sec
Step =   7604: nodes = 12217, dt = 4.099429e-12, time = 2.795186e-08, elapsed = 5334.8 sec
Step =   7605: nodes = 12215, dt = 4.919315e-12, time = 2.795678e-08, elapsed = 5335.4 sec
Step =   7606: nodes = 12212, dt = 5.903178e-12, time = 2.796268e-08, elapsed = 5336.1 sec
Step =   7607: nodes = 12209, dt = 7.083814e-12, time = 2.796976e-08, elapsed = 5336.7 sec
Step =   7608: nodes = 12210, dt = 4.250288e-12, time = 2.797401e-08, elapsed = 5337.5 sec
Step =   7609: nodes = 12213, dt = 4.250288e-12, time = 2.797826e-08, elapsed = 5338.0 sec
Step =   7610: nodes = 12213, dt = 5.100346e-12, time = 2.798336e-08, elapsed = 5338.6 sec
Step =   7611: nodes = 12208, dt = 6.120415e-12, time = 2.798948e-08, elapsed = 5339.3 sec
Step =   7612: nodes = 12203, dt = 7.344498e-12, time = 2.799683e-08, elapsed = 5340.0 sec
Step =   7613: nodes = 12205, dt = 4.406699e-12, time = 2.800124e-08, elapsed = 5340.7 sec
Step =   7614: nodes = 12203, dt = 4.406699e-12, time = 2.800564e-08, elapsed = 5341.3 sec
Step =   7615: nodes = 12202, dt = 5.288039e-12, time = 2.801093e-08, elapsed = 5341.9 sec
Step =   7616: nodes = 12205, dt = 6.345646e-12, time = 2.801728e-08, elapsed = 5342.5 sec
Step =   7617: nodes = 12204, dt = 7.614775e-12, time = 2.802489e-08, elapsed = 5343.2 sec
Step =   7618: nodes = 12208, dt = 4.568865e-12, time = 2.802946e-08, elapsed = 5344.0 sec
Step =   7619: nodes = 12211, dt = 4.568865e-12, time = 2.803403e-08, elapsed = 5344.5 sec
Step =   7620: nodes = 12215, dt = 5.482638e-12, time = 2.803951e-08, elapsed = 5345.1 sec
Step =   7621: nodes = 12210, dt = 6.579166e-12, time = 2.804609e-08, elapsed = 5345.7 sec
Step =   7622: nodes = 12214, dt = 3.947500e-12, time = 2.805004e-08, elapsed = 5346.5 sec
Step =   7623: nodes = 12216, dt = 3.947500e-12, time = 2.805398e-08, elapsed = 5347.1 sec
Step =   7624: nodes = 12217, dt = 4.737000e-12, time = 2.805872e-08, elapsed = 5348.1 sec
Step =   7625: nodes = 12214, dt = 5.684399e-12, time = 2.806441e-08, elapsed = 5348.8 sec
Step =   7626: nodes = 12212, dt = 3.410640e-12, time = 2.806782e-08, elapsed = 5349.5 sec
Step =   7627: nodes = 12213, dt = 3.410640e-12, time = 2.807123e-08, elapsed = 5350.1 sec
Step =   7628: nodes = 12212, dt = 4.092768e-12, time = 2.807532e-08, elapsed = 5350.7 sec
Step =   7629: nodes = 12211, dt = 4.911321e-12, time = 2.808023e-08, elapsed = 5351.3 sec
Step =   7630: nodes = 12210, dt = 2.946793e-12, time = 2.808318e-08, elapsed = 5352.2 sec
Step =   7631: nodes = 12208, dt = 2.946793e-12, time = 2.808613e-08, elapsed = 5352.7 sec
Step =   7632: nodes = 12210, dt = 3.536151e-12, time = 2.808966e-08, elapsed = 5353.3 sec
Step =   7633: nodes = 12209, dt = 4.243381e-12, time = 2.809390e-08, elapsed = 5353.9 sec
Step =   7634: nodes = 12210, dt = 5.092058e-12, time = 2.809900e-08, elapsed = 5354.5 sec
Step =   7635: nodes = 12215, dt = 6.110469e-12, time = 2.810511e-08, elapsed = 5355.1 sec
Step =   7636: nodes = 12219, dt = 7.332563e-12, time = 2.811244e-08, elapsed = 5355.7 sec
Step =   7637: nodes = 12218, dt = 4.399538e-12, time = 2.811684e-08, elapsed = 5356.5 sec
Step =   7638: nodes = 12217, dt = 4.399538e-12, time = 2.812124e-08, elapsed = 5357.0 sec
Step =   7639: nodes = 12217, dt = 5.279445e-12, time = 2.812652e-08, elapsed = 5357.7 sec
Step =   7640: nodes = 12218, dt = 6.335335e-12, time = 2.813285e-08, elapsed = 5358.3 sec
Step =   7641: nodes = 12212, dt = 3.801201e-12, time = 2.813665e-08, elapsed = 5359.0 sec
Step =   7642: nodes = 12214, dt = 3.801201e-12, time = 2.814046e-08, elapsed = 5359.6 sec
Step =   7643: nodes = 12217, dt = 4.561441e-12, time = 2.814502e-08, elapsed = 5360.3 sec
Step =   7644: nodes = 12208, dt = 5.473729e-12, time = 2.815049e-08, elapsed = 5360.9 sec
Step =   7645: nodes = 12207, dt = 3.284237e-12, time = 2.815378e-08, elapsed = 5361.6 sec
Step =   7646: nodes = 12204, dt = 3.284237e-12, time = 2.815706e-08, elapsed = 5362.3 sec
Step =   7647: nodes = 12209, dt = 3.941085e-12, time = 2.816100e-08, elapsed = 5362.9 sec
Step =   7648: nodes = 12205, dt = 4.729302e-12, time = 2.816573e-08, elapsed = 5363.5 sec
Step =   7649: nodes = 12204, dt = 2.837581e-12, time = 2.816857e-08, elapsed = 5364.3 sec
Step =   7650: nodes = 12201, dt = 2.837581e-12, time = 2.817141e-08, elapsed = 5364.8 sec
Step =   7651: nodes = 12200, dt = 3.405097e-12, time = 2.817481e-08, elapsed = 5365.3 sec
Step =   7652: nodes = 12193, dt = 4.086117e-12, time = 2.817890e-08, elapsed = 5365.9 sec
Step =   7653: nodes = 12194, dt = 4.903340e-12, time = 2.818380e-08, elapsed = 5366.5 sec
Step =   7654: nodes = 12199, dt = 2.942004e-12, time = 2.818674e-08, elapsed = 5367.2 sec
Step =   7655: nodes = 12201, dt = 2.942004e-12, time = 2.818968e-08, elapsed = 5367.8 sec
Step =   7656: nodes = 12199, dt = 3.530405e-12, time = 2.819321e-08, elapsed = 5368.4 sec
Step =   7657: nodes = 12205, dt = 4.236486e-12, time = 2.819745e-08, elapsed = 5369.0 sec
Step =   7658: nodes = 12207, dt = 5.083783e-12, time = 2.820253e-08, elapsed = 5369.7 sec
Step =   7659: nodes = 12212, dt = 6.100540e-12, time = 2.820863e-08, elapsed = 5370.3 sec
Step =   7660: nodes = 12218, dt = 7.320648e-12, time = 2.821596e-08, elapsed = 5370.9 sec
Step =   7661: nodes = 12219, dt = 2.196194e-12, time = 2.821815e-08, elapsed = 5371.8 sec
Step =   7662: nodes = 12218, dt = 1.098097e-12, time = 2.821925e-08, elapsed = 5372.5 sec
Step =   7663: nodes = 12220, dt = 1.098097e-12, time = 2.822035e-08, elapsed = 5373.0 sec
Step =   7664: nodes = 12219, dt = 1.317717e-12, time = 2.822167e-08, elapsed = 5373.5 sec
Step =   7665: nodes = 12219, dt = 1.581260e-12, time = 2.822325e-08, elapsed = 5374.0 sec
Step =   7666: nodes = 12217, dt = 1.897512e-12, time = 2.822514e-08, elapsed = 5374.5 sec
Step =   7667: nodes = 12216, dt = 2.277014e-12, time = 2.822742e-08, elapsed = 5375.0 sec
Step =   7668: nodes = 12213, dt = 2.732417e-12, time = 2.823015e-08, elapsed = 5375.5 sec
Step =   7669: nodes = 12211, dt = 3.278901e-12, time = 2.823343e-08, elapsed = 5376.5 sec
Step =   7670: nodes = 12205, dt = 3.934681e-12, time = 2.823737e-08, elapsed = 5377.1 sec
Step =   7671: nodes = 12205, dt = 4.721617e-12, time = 2.824209e-08, elapsed = 5378.0 sec
Step =   7672: nodes = 12210, dt = 2.832970e-12, time = 2.824492e-08, elapsed = 5378.7 sec
Step =   7673: nodes = 12209, dt = 1.416485e-12, time = 2.824634e-08, elapsed = 5379.4 sec
Step =   7674: nodes = 12209, dt = 1.416485e-12, time = 2.824775e-08, elapsed = 5379.9 sec
Step =   7675: nodes = 12206, dt = 1.699782e-12, time = 2.824945e-08, elapsed = 5380.4 sec
Step =   7676: nodes = 12198, dt = 2.039738e-12, time = 2.825149e-08, elapsed = 5380.9 sec
Step =   7677: nodes = 12200, dt = 2.447686e-12, time = 2.825394e-08, elapsed = 5381.4 sec
Step =   7678: nodes = 12202, dt = 2.937223e-12, time = 2.825688e-08, elapsed = 5382.0 sec
Step =   7679: nodes = 12202, dt = 1.762334e-12, time = 2.825864e-08, elapsed = 5382.6 sec
Step =   7680: nodes = 12196, dt = 1.762334e-12, time = 2.826040e-08, elapsed = 5383.2 sec
Step =   7681: nodes = 12198, dt = 2.114801e-12, time = 2.826252e-08, elapsed = 5383.6 sec
Step =   7682: nodes = 12196, dt = 2.537761e-12, time = 2.826506e-08, elapsed = 5384.2 sec
Step =   7683: nodes = 12192, dt = 3.045313e-12, time = 2.826810e-08, elapsed = 5384.7 sec
Step =   7684: nodes = 12191, dt = 3.654376e-12, time = 2.827176e-08, elapsed = 5385.3 sec
Step =   7685: nodes = 12188, dt = 4.385251e-12, time = 2.827614e-08, elapsed = 5385.8 sec
Step =   7686: nodes = 12195, dt = 5.262301e-12, time = 2.828140e-08, elapsed = 5386.4 sec
Step =   7687: nodes = 12195, dt = 3.157381e-12, time = 2.828456e-08, elapsed = 5387.1 sec
Step =   7688: nodes = 12198, dt = 3.157381e-12, time = 2.828772e-08, elapsed = 5387.7 sec
Step =   7689: nodes = 12204, dt = 3.788857e-12, time = 2.829151e-08, elapsed = 5388.2 sec
Step =   7690: nodes = 12203, dt = 2.273314e-12, time = 2.829378e-08, elapsed = 5388.9 sec
Step =   7691: nodes = 12203, dt = 2.273314e-12, time = 2.829605e-08, elapsed = 5389.5 sec
Step =   7692: nodes = 12208, dt = 2.727977e-12, time = 2.829878e-08, elapsed = 5390.0 sec
Step =   7693: nodes = 12208, dt = 3.273572e-12, time = 2.830206e-08, elapsed = 5390.5 sec
Step =   7694: nodes = 12209, dt = 3.928287e-12, time = 2.830598e-08, elapsed = 5391.1 sec
Step =   7695: nodes = 12208, dt = 2.356972e-12, time = 2.830834e-08, elapsed = 5391.8 sec
Step =   7696: nodes = 12211, dt = 2.356972e-12, time = 2.831070e-08, elapsed = 5392.3 sec
Step =   7697: nodes = 12212, dt = 2.828366e-12, time = 2.831353e-08, elapsed = 5392.8 sec
Step =   7698: nodes = 12214, dt = 3.394040e-12, time = 2.831692e-08, elapsed = 5393.4 sec
Step =   7699: nodes = 12212, dt = 4.072848e-12, time = 2.832099e-08, elapsed = 5393.9 sec
Step =   7700: nodes = 12215, dt = 2.443709e-12, time = 2.832344e-08, elapsed = 5394.7 sec
Writing configuration in legacy data format
 Output file: /data/home/dg000246b/openDIS/inital_dislocation_structures/output_caseC_0.18%_seed12345/relax2/config.7700.data
Writing restart file
 Restart file: /data/home/dg000246b/openDIS/inital_dislocation_structures/output_caseC_0.18%_seed12345/relax2/restart.7700.exadis
Step =   7701: nodes = 12218, dt = 2.443709e-12, time = 2.832588e-08, elapsed = 5395.4 sec
Step =   7702: nodes = 12213, dt = 2.932450e-12, time = 2.832881e-08, elapsed = 5395.9 sec
Step =   7703: nodes = 12208, dt = 3.518940e-12, time = 2.833233e-08, elapsed = 5396.5 sec
Step =   7704: nodes = 12207, dt = 4.222729e-12, time = 2.833655e-08, elapsed = 5397.0 sec
Step =   7705: nodes = 12210, dt = 5.067274e-12, time = 2.834162e-08, elapsed = 5397.6 sec
Step =   7706: nodes = 12211, dt = 3.040365e-12, time = 2.834466e-08, elapsed = 5398.4 sec
Step =   7707: nodes = 12212, dt = 3.040365e-12, time = 2.834770e-08, elapsed = 5398.9 sec
Step =   7708: nodes = 12209, dt = 3.648437e-12, time = 2.835135e-08, elapsed = 5399.4 sec
Step =   7709: nodes = 12200, dt = 2.189062e-12, time = 2.835354e-08, elapsed = 5400.2 sec
Step =   7710: nodes = 12202, dt = 2.189062e-12, time = 2.835573e-08, elapsed = 5400.7 sec
Step =   7711: nodes = 12196, dt = 2.626875e-12, time = 2.835836e-08, elapsed = 5401.2 sec
Step =   7712: nodes = 12204, dt = 3.152250e-12, time = 2.836151e-08, elapsed = 5401.7 sec
Step =   7713: nodes = 12207, dt = 3.782700e-12, time = 2.836529e-08, elapsed = 5402.3 sec
Step =   7714: nodes = 12205, dt = 4.539240e-12, time = 2.836983e-08, elapsed = 5402.8 sec
Step =   7715: nodes = 12202, dt = 5.447088e-12, time = 2.837528e-08, elapsed = 5403.4 sec
Step =   7716: nodes = 12204, dt = 6.536506e-12, time = 2.838181e-08, elapsed = 5404.0 sec
Step =   7717: nodes = 12207, dt = 3.921903e-12, time = 2.838574e-08, elapsed = 5404.7 sec
Step =   7718: nodes = 12204, dt = 3.921903e-12, time = 2.838966e-08, elapsed = 5405.3 sec
Step =   7719: nodes = 12204, dt = 4.706284e-12, time = 2.839436e-08, elapsed = 5405.9 sec
Step =   7720: nodes = 12207, dt = 5.647541e-12, time = 2.840001e-08, elapsed = 5406.5 sec
Step =   7721: nodes = 12208, dt = 3.388524e-12, time = 2.840340e-08, elapsed = 5407.2 sec
Step =   7722: nodes = 12211, dt = 3.388524e-12, time = 2.840679e-08, elapsed = 5408.0 sec
Step =   7723: nodes = 12215, dt = 4.066229e-12, time = 2.841085e-08, elapsed = 5408.6 sec
Step =   7724: nodes = 12214, dt = 4.879475e-12, time = 2.841573e-08, elapsed = 5409.1 sec
Step =   7725: nodes = 12208, dt = 5.855370e-12, time = 2.842159e-08, elapsed = 5409.7 sec
Step =   7726: nodes = 12203, dt = 3.513222e-12, time = 2.842510e-08, elapsed = 5410.4 sec
Step =   7727: nodes = 12209, dt = 3.513222e-12, time = 2.842862e-08, elapsed = 5410.9 sec
Step =   7728: nodes = 12206, dt = 4.215867e-12, time = 2.843283e-08, elapsed = 5411.5 sec
Step =   7729: nodes = 12201, dt = 5.059040e-12, time = 2.843789e-08, elapsed = 5412.1 sec
Step =   7730: nodes = 12206, dt = 3.035424e-12, time = 2.844093e-08, elapsed = 5412.9 sec
Step =   7731: nodes = 12208, dt = 3.035424e-12, time = 2.844396e-08, elapsed = 5413.5 sec
Step =   7732: nodes = 12203, dt = 3.642509e-12, time = 2.844760e-08, elapsed = 5414.0 sec
Step =   7733: nodes = 12206, dt = 4.371010e-12, time = 2.845198e-08, elapsed = 5414.6 sec
Step =   7734: nodes = 12205, dt = 5.245213e-12, time = 2.845722e-08, elapsed = 5415.1 sec
Step =   7735: nodes = 12199, dt = 6.294255e-12, time = 2.846351e-08, elapsed = 5415.8 sec
Step =   7736: nodes = 12201, dt = 3.776553e-12, time = 2.846729e-08, elapsed = 5416.5 sec
Step =   7737: nodes = 12209, dt = 3.776553e-12, time = 2.847107e-08, elapsed = 5417.0 sec
Step =   7738: nodes = 12207, dt = 4.531864e-12, time = 2.847560e-08, elapsed = 5417.6 sec
Step =   7739: nodes = 12206, dt = 5.438236e-12, time = 2.848104e-08, elapsed = 5418.2 sec
Step =   7740: nodes = 12202, dt = 3.262942e-12, time = 2.848430e-08, elapsed = 5418.9 sec
Step =   7741: nodes = 12205, dt = 3.262942e-12, time = 2.848756e-08, elapsed = 5419.4 sec
Step =   7742: nodes = 12209, dt = 3.915530e-12, time = 2.849148e-08, elapsed = 5419.9 sec
Step =   7743: nodes = 12205, dt = 4.698636e-12, time = 2.849618e-08, elapsed = 5420.5 sec
Step =   7744: nodes = 12204, dt = 5.638364e-12, time = 2.850182e-08, elapsed = 5421.1 sec
Step =   7745: nodes = 12203, dt = 3.383018e-12, time = 2.850520e-08, elapsed = 5421.8 sec
Step =   7746: nodes = 12200, dt = 3.383018e-12, time = 2.850858e-08, elapsed = 5422.4 sec
Step =   7747: nodes = 12202, dt = 4.059622e-12, time = 2.851264e-08, elapsed = 5423.0 sec
Step =   7748: nodes = 12209, dt = 4.871546e-12, time = 2.851751e-08, elapsed = 5423.6 sec
Step =   7749: nodes = 12212, dt = 5.845855e-12, time = 2.852336e-08, elapsed = 5424.1 sec
Step =   7750: nodes = 12212, dt = 3.507513e-12, time = 2.852687e-08, elapsed = 5424.8 sec
Step =   7751: nodes = 12215, dt = 3.507513e-12, time = 2.853037e-08, elapsed = 5425.4 sec
Step =   7752: nodes = 12209, dt = 4.209016e-12, time = 2.853458e-08, elapsed = 5425.9 sec
Step =   7753: nodes = 12212, dt = 5.050819e-12, time = 2.853963e-08, elapsed = 5426.5 sec
Step =   7754: nodes = 12211, dt = 6.060983e-12, time = 2.854570e-08, elapsed = 5427.1 sec
Step =   7755: nodes = 12212, dt = 3.636590e-12, time = 2.854933e-08, elapsed = 5427.9 sec
Step =   7756: nodes = 12210, dt = 3.636590e-12, time = 2.855297e-08, elapsed = 5428.4 sec
Step =   7757: nodes = 12207, dt = 4.363908e-12, time = 2.855733e-08, elapsed = 5429.0 sec
Step =   7758: nodes = 12210, dt = 5.236689e-12, time = 2.856257e-08, elapsed = 5429.6 sec
Step =   7759: nodes = 12216, dt = 6.284027e-12, time = 2.856885e-08, elapsed = 5430.2 sec
Step =   7760: nodes = 12215, dt = 3.770416e-12, time = 2.857262e-08, elapsed = 5431.0 sec
Step =   7761: nodes = 12213, dt = 3.770416e-12, time = 2.857639e-08, elapsed = 5431.6 sec
Step =   7762: nodes = 12207, dt = 4.524499e-12, time = 2.858092e-08, elapsed = 5432.1 sec
Step =   7763: nodes = 12203, dt = 5.429399e-12, time = 2.858635e-08, elapsed = 5432.8 sec
Step =   7764: nodes = 12205, dt = 6.515279e-12, time = 2.859286e-08, elapsed = 5433.3 sec
Step =   7765: nodes = 12203, dt = 7.818335e-12, time = 2.860068e-08, elapsed = 5433.9 sec
Step =   7766: nodes = 12198, dt = 4.691001e-12, time = 2.860537e-08, elapsed = 5434.7 sec
Step =   7767: nodes = 12203, dt = 4.691001e-12, time = 2.861006e-08, elapsed = 5435.3 sec
Step =   7768: nodes = 12210, dt = 5.629201e-12, time = 2.861569e-08, elapsed = 5435.9 sec
Step =   7769: nodes = 12208, dt = 6.755041e-12, time = 2.862245e-08, elapsed = 5436.6 sec
Step =   7770: nodes = 12204, dt = 4.053025e-12, time = 2.862650e-08, elapsed = 5437.3 sec
Step =   7771: nodes = 12203, dt = 4.053025e-12, time = 2.863055e-08, elapsed = 5438.2 sec
Step =   7772: nodes = 12206, dt = 4.863630e-12, time = 2.863542e-08, elapsed = 5438.7 sec
Step =   7773: nodes = 12209, dt = 5.836356e-12, time = 2.864125e-08, elapsed = 5439.4 sec
Step =   7774: nodes = 12210, dt = 7.003627e-12, time = 2.864826e-08, elapsed = 5440.0 sec
Step =   7775: nodes = 12202, dt = 4.202176e-12, time = 2.865246e-08, elapsed = 5440.7 sec
Step =   7776: nodes = 12203, dt = 4.202176e-12, time = 2.865666e-08, elapsed = 5441.3 sec
Step =   7777: nodes = 12202, dt = 5.042611e-12, time = 2.866170e-08, elapsed = 5441.9 sec
Step =   7778: nodes = 12203, dt = 6.051134e-12, time = 2.866776e-08, elapsed = 5442.5 sec
Step =   7779: nodes = 12202, dt = 7.261360e-12, time = 2.867502e-08, elapsed = 5443.1 sec
Step =   7780: nodes = 12196, dt = 4.356816e-12, time = 2.867937e-08, elapsed = 5443.8 sec
Step =   7781: nodes = 12204, dt = 4.356816e-12, time = 2.868373e-08, elapsed = 5444.4 sec
Step =   7782: nodes = 12203, dt = 5.228179e-12, time = 2.868896e-08, elapsed = 5445.0 sec
Step =   7783: nodes = 12202, dt = 6.273815e-12, time = 2.869523e-08, elapsed = 5445.6 sec
Step =   7784: nodes = 12206, dt = 7.528578e-12, time = 2.870276e-08, elapsed = 5446.3 sec
Step =   7785: nodes = 12205, dt = 4.517147e-12, time = 2.870728e-08, elapsed = 5447.0 sec
Step =   7786: nodes = 12202, dt = 4.517147e-12, time = 2.871180e-08, elapsed = 5447.6 sec
Step =   7787: nodes = 12206, dt = 5.420576e-12, time = 2.871722e-08, elapsed = 5448.2 sec
Step =   7788: nodes = 12201, dt = 6.504692e-12, time = 2.872372e-08, elapsed = 5448.8 sec
Step =   7789: nodes = 12207, dt = 3.902815e-12, time = 2.872762e-08, elapsed = 5449.6 sec
Step =   7790: nodes = 12207, dt = 3.902815e-12, time = 2.873153e-08, elapsed = 5450.1 sec
Step =   7791: nodes = 12207, dt = 4.683378e-12, time = 2.873621e-08, elapsed = 5450.7 sec
Step =   7792: nodes = 12209, dt = 5.620054e-12, time = 2.874183e-08, elapsed = 5451.2 sec
Step =   7793: nodes = 12201, dt = 3.372032e-12, time = 2.874520e-08, elapsed = 5452.1 sec
Step =   7794: nodes = 12195, dt = 3.372032e-12, time = 2.874857e-08, elapsed = 5452.7 sec
Step =   7795: nodes = 12202, dt = 4.046439e-12, time = 2.875262e-08, elapsed = 5453.3 sec
Step =   7796: nodes = 12202, dt = 2.427863e-12, time = 2.875505e-08, elapsed = 5454.0 sec
Step =   7797: nodes = 12202, dt = 2.427863e-12, time = 2.875748e-08, elapsed = 5454.6 sec
Step =   7798: nodes = 12198, dt = 2.913436e-12, time = 2.876039e-08, elapsed = 5455.1 sec
Step =   7799: nodes = 12198, dt = 3.496123e-12, time = 2.876389e-08, elapsed = 5455.8 sec
Step =   7800: nodes = 12196, dt = 2.097674e-12, time = 2.876598e-08, elapsed = 5456.5 sec
Writing configuration in legacy data format
 Output file: /data/home/dg000246b/openDIS/inital_dislocation_structures/output_caseC_0.18%_seed12345/relax2/config.7800.data
Writing restart file
 Restart file: /data/home/dg000246b/openDIS/inital_dislocation_structures/output_caseC_0.18%_seed12345/relax2/restart.7800.exadis
Step =   7801: nodes = 12193, dt = 2.097674e-12, time = 2.876808e-08, elapsed = 5457.1 sec
Step =   7802: nodes = 12193, dt = 1.258604e-12, time = 2.876934e-08, elapsed = 5457.8 sec
Step =   7803: nodes = 12197, dt = 1.258604e-12, time = 2.877060e-08, elapsed = 5458.3 sec
Step =   7804: nodes = 12196, dt = 1.510325e-12, time = 2.877211e-08, elapsed = 5458.8 sec
Step =   7805: nodes = 12191, dt = 1.812390e-12, time = 2.877392e-08, elapsed = 5459.3 sec
Step =   7806: nodes = 12187, dt = 2.174868e-12, time = 2.877610e-08, elapsed = 5459.8 sec
Step =   7807: nodes = 12193, dt = 2.609842e-12, time = 2.877871e-08, elapsed = 5460.3 sec
Step =   7808: nodes = 12191, dt = 3.131810e-12, time = 2.878184e-08, elapsed = 5460.8 sec
Step =   7809: nodes = 12191, dt = 3.758172e-12, time = 2.878560e-08, elapsed = 5461.4 sec
Step =   7810: nodes = 12187, dt = 4.509807e-12, time = 2.879011e-08, elapsed = 5461.9 sec
Step =   7811: nodes = 12192, dt = 5.411768e-12, time = 2.879552e-08, elapsed = 5462.5 sec
Step =   7812: nodes = 12189, dt = 3.247061e-12, time = 2.879876e-08, elapsed = 5463.2 sec
Step =   7813: nodes = 12188, dt = 3.247061e-12, time = 2.880201e-08, elapsed = 5463.7 sec
Step =   7814: nodes = 12183, dt = 3.896473e-12, time = 2.880591e-08, elapsed = 5464.3 sec
Step =   7815: nodes = 12189, dt = 4.675768e-12, time = 2.881058e-08, elapsed = 5464.8 sec
Step =   7816: nodes = 12189, dt = 2.805461e-12, time = 2.881339e-08, elapsed = 5465.5 sec
Step =   7817: nodes = 12191, dt = 2.805461e-12, time = 2.881619e-08, elapsed = 5466.1 sec
Step =   7818: nodes = 12192, dt = 3.366553e-12, time = 2.881956e-08, elapsed = 5466.6 sec
Step =   7819: nodes = 12193, dt = 4.039863e-12, time = 2.882360e-08, elapsed = 5467.2 sec
Step =   7820: nodes = 12196, dt = 4.847836e-12, time = 2.882845e-08, elapsed = 5468.1 sec
Step =   7821: nodes = 12194, dt = 2.908701e-12, time = 2.883136e-08, elapsed = 5468.8 sec
Step =   7822: nodes = 12192, dt = 2.908701e-12, time = 2.883427e-08, elapsed = 5469.3 sec
Step =   7823: nodes = 12193, dt = 3.490442e-12, time = 2.883776e-08, elapsed = 5469.9 sec
Step =   7824: nodes = 12187, dt = 4.188530e-12, time = 2.884194e-08, elapsed = 5470.5 sec
Step =   7825: nodes = 12190, dt = 2.513118e-12, time = 2.884446e-08, elapsed = 5471.2 sec
Step =   7826: nodes = 12191, dt = 2.513118e-12, time = 2.884697e-08, elapsed = 5471.8 sec
Step =   7827: nodes = 12192, dt = 3.015742e-12, time = 2.884999e-08, elapsed = 5472.3 sec
Step =   7828: nodes = 12192, dt = 3.618890e-12, time = 2.885361e-08, elapsed = 5472.8 sec
Step =   7829: nodes = 12193, dt = 2.171334e-12, time = 2.885578e-08, elapsed = 5473.5 sec
Step =   7830: nodes = 12195, dt = 2.171334e-12, time = 2.885795e-08, elapsed = 5474.1 sec
Step =   7831: nodes = 12194, dt = 2.605601e-12, time = 2.886055e-08, elapsed = 5474.6 sec
Step =   7832: nodes = 12195, dt = 3.126721e-12, time = 2.886368e-08, elapsed = 5475.1 sec
Step =   7833: nodes = 12185, dt = 3.752065e-12, time = 2.886743e-08, elapsed = 5475.7 sec
Step =   7834: nodes = 12191, dt = 4.502478e-12, time = 2.887194e-08, elapsed = 5476.3 sec
Step =   7835: nodes = 12190, dt = 2.701487e-12, time = 2.887464e-08, elapsed = 5477.0 sec
Step =   7836: nodes = 12192, dt = 2.701487e-12, time = 2.887734e-08, elapsed = 5477.5 sec
Step =   7837: nodes = 12188, dt = 3.241784e-12, time = 2.888058e-08, elapsed = 5478.1 sec
Step =   7838: nodes = 12193, dt = 3.890141e-12, time = 2.888447e-08, elapsed = 5478.7 sec
Step =   7839: nodes = 12195, dt = 4.668169e-12, time = 2.888914e-08, elapsed = 5479.3 sec
Step =   7840: nodes = 12193, dt = 2.800902e-12, time = 2.889194e-08, elapsed = 5480.0 sec
Step =   7841: nodes = 12189, dt = 2.800902e-12, time = 2.889474e-08, elapsed = 5480.6 sec
Step =   7842: nodes = 12190, dt = 3.361082e-12, time = 2.889810e-08, elapsed = 5481.2 sec
Step =   7843: nodes = 12186, dt = 4.033298e-12, time = 2.890213e-08, elapsed = 5481.8 sec
Step =   7844: nodes = 12187, dt = 2.419979e-12, time = 2.890455e-08, elapsed = 5482.6 sec
Step =   7845: nodes = 12189, dt = 2.419979e-12, time = 2.890697e-08, elapsed = 5483.1 sec
Step =   7846: nodes = 12181, dt = 2.903975e-12, time = 2.890988e-08, elapsed = 5483.7 sec
Step =   7847: nodes = 12182, dt = 3.484770e-12, time = 2.891336e-08, elapsed = 5484.2 sec
Step =   7848: nodes = 12186, dt = 4.181724e-12, time = 2.891755e-08, elapsed = 5484.9 sec
Step =   7849: nodes = 12181, dt = 2.509034e-12, time = 2.892005e-08, elapsed = 5485.6 sec
Step =   7850: nodes = 12183, dt = 2.509034e-12, time = 2.892256e-08, elapsed = 5486.2 sec
Step =   7851: nodes = 12184, dt = 3.010841e-12, time = 2.892557e-08, elapsed = 5486.8 sec
Step =   7852: nodes = 12184, dt = 3.613009e-12, time = 2.892919e-08, elapsed = 5487.4 sec
Step =   7853: nodes = 12185, dt = 2.167806e-12, time = 2.893135e-08, elapsed = 5488.2 sec
Step =   7854: nodes = 12189, dt = 2.167806e-12, time = 2.893352e-08, elapsed = 5488.8 sec
Step =   7855: nodes = 12189, dt = 1.300683e-12, time = 2.893482e-08, elapsed = 5489.5 sec
Step =   7856: nodes = 12185, dt = 1.300683e-12, time = 2.893612e-08, elapsed = 5490.0 sec
Step =   7857: nodes = 12182, dt = 1.560820e-12, time = 2.893768e-08, elapsed = 5490.6 sec
Step =   7858: nodes = 12180, dt = 1.872984e-12, time = 2.893956e-08, elapsed = 5491.1 sec
Step =   7859: nodes = 12178, dt = 2.247581e-12, time = 2.894181e-08, elapsed = 5491.6 sec
Step =   7860: nodes = 12176, dt = 2.697097e-12, time = 2.894450e-08, elapsed = 5492.1 sec
Step =   7861: nodes = 12178, dt = 3.236516e-12, time = 2.894774e-08, elapsed = 5492.7 sec
Step =   7862: nodes = 12178, dt = 1.941910e-12, time = 2.894968e-08, elapsed = 5493.4 sec
Step =   7863: nodes = 12176, dt = 1.941910e-12, time = 2.895162e-08, elapsed = 5493.9 sec
Step =   7864: nodes = 12175, dt = 2.330292e-12, time = 2.895395e-08, elapsed = 5494.4 sec
Step =   7865: nodes = 12177, dt = 2.796350e-12, time = 2.895675e-08, elapsed = 5494.9 sec
Step =   7866: nodes = 12174, dt = 3.355620e-12, time = 2.896011e-08, elapsed = 5495.5 sec
Step =   7867: nodes = 12174, dt = 4.026744e-12, time = 2.896413e-08, elapsed = 5496.0 sec
Step =   7868: nodes = 12170, dt = 4.832093e-12, time = 2.896896e-08, elapsed = 5496.7 sec
Step =   7869: nodes = 12171, dt = 5.798512e-12, time = 2.897476e-08, elapsed = 5497.3 sec
Step =   7870: nodes = 12167, dt = 6.958214e-12, time = 2.898172e-08, elapsed = 5498.1 sec
Step =   7871: nodes = 12170, dt = 8.349857e-12, time = 2.899007e-08, elapsed = 5498.8 sec
Step =   7872: nodes = 12173, dt = 5.009914e-12, time = 2.899508e-08, elapsed = 5499.6 sec
Step =   7873: nodes = 12174, dt = 5.009914e-12, time = 2.900009e-08, elapsed = 5500.2 sec
Step =   7874: nodes = 12172, dt = 6.011897e-12, time = 2.900610e-08, elapsed = 5500.8 sec
Step =   7875: nodes = 12183, dt = 7.214276e-12, time = 2.901332e-08, elapsed = 5501.4 sec
Step =   7876: nodes = 12185, dt = 4.328566e-12, time = 2.901765e-08, elapsed = 5502.2 sec
Step =   7877: nodes = 12188, dt = 2.164283e-12, time = 2.901981e-08, elapsed = 5502.9 sec
Step =   7878: nodes = 12186, dt = 2.164283e-12, time = 2.902197e-08, elapsed = 5503.4 sec
Step =   7879: nodes = 12181, dt = 2.597140e-12, time = 2.902457e-08, elapsed = 5503.9 sec
Step =   7880: nodes = 12189, dt = 3.116567e-12, time = 2.902769e-08, elapsed = 5504.5 sec
Step =   7881: nodes = 12187, dt = 1.869940e-12, time = 2.902956e-08, elapsed = 5505.2 sec
Step =   7882: nodes = 12186, dt = 1.869940e-12, time = 2.903143e-08, elapsed = 5505.7 sec
Step =   7883: nodes = 12181, dt = 2.243929e-12, time = 2.903367e-08, elapsed = 5506.2 sec
Step =   7884: nodes = 12182, dt = 2.692714e-12, time = 2.903636e-08, elapsed = 5506.8 sec
Step =   7885: nodes = 12186, dt = 3.231257e-12, time = 2.903960e-08, elapsed = 5507.3 sec
Step =   7886: nodes = 12189, dt = 3.877509e-12, time = 2.904347e-08, elapsed = 5507.9 sec
Step =   7887: nodes = 12192, dt = 2.326505e-12, time = 2.904580e-08, elapsed = 5508.6 sec
Step =   7888: nodes = 12190, dt = 2.326505e-12, time = 2.904813e-08, elapsed = 5509.1 sec
Step =   7889: nodes = 12190, dt = 1.395903e-12, time = 2.904952e-08, elapsed = 5509.8 sec
Step =   7890: nodes = 12187, dt = 1.395903e-12, time = 2.905092e-08, elapsed = 5510.3 sec
Step =   7891: nodes = 12187, dt = 1.675084e-12, time = 2.905259e-08, elapsed = 5510.8 sec
Step =   7892: nodes = 12185, dt = 2.010100e-12, time = 2.905460e-08, elapsed = 5511.3 sec
Step =   7893: nodes = 12184, dt = 2.412120e-12, time = 2.905701e-08, elapsed = 5511.9 sec
Step =   7894: nodes = 12180, dt = 2.894545e-12, time = 2.905991e-08, elapsed = 5512.4 sec
Step =   7895: nodes = 12180, dt = 3.473454e-12, time = 2.906338e-08, elapsed = 5513.0 sec
Step =   7896: nodes = 12178, dt = 4.168144e-12, time = 2.906755e-08, elapsed = 5513.6 sec
Step =   7897: nodes = 12181, dt = 5.001773e-12, time = 2.907255e-08, elapsed = 5514.2 sec
Step =   7898: nodes = 12179, dt = 6.002128e-12, time = 2.907855e-08, elapsed = 5514.7 sec
Step =   7899: nodes = 12183, dt = 7.202553e-12, time = 2.908576e-08, elapsed = 5515.4 sec
Step =   7900: nodes = 12181, dt = 8.643064e-12, time = 2.909440e-08, elapsed = 5516.1 sec
Writing configuration in legacy data format
 Output file: /data/home/dg000246b/openDIS/inital_dislocation_structures/output_caseC_0.18%_seed12345/relax2/config.7900.data
Writing restart file
 Restart file: /data/home/dg000246b/openDIS/inital_dislocation_structures/output_caseC_0.18%_seed12345/relax2/restart.7900.exadis
Step =   7901: nodes = 12180, dt = 5.185838e-12, time = 2.909959e-08, elapsed = 5517.0 sec
Step =   7902: nodes = 12183, dt = 5.185838e-12, time = 2.910477e-08, elapsed = 5517.6 sec
Step =   7903: nodes = 12187, dt = 6.223006e-12, time = 2.911100e-08, elapsed = 5518.2 sec
Step =   7904: nodes = 12180, dt = 7.467607e-12, time = 2.911846e-08, elapsed = 5518.9 sec
Step =   7905: nodes = 12177, dt = 8.961129e-12, time = 2.912742e-08, elapsed = 5519.6 sec
Step =   7906: nodes = 12180, dt = 1.075335e-11, time = 2.913818e-08, elapsed = 5520.4 sec
Step =   7907: nodes = 12182, dt = 6.452013e-12, time = 2.914463e-08, elapsed = 5521.2 sec
Step =   7908: nodes = 12183, dt = 6.452013e-12, time = 2.915108e-08, elapsed = 5521.8 sec
Step =   7909: nodes = 12181, dt = 7.742415e-12, time = 2.915882e-08, elapsed = 5522.4 sec
Step =   7910: nodes = 12181, dt = 9.290898e-12, time = 2.916811e-08, elapsed = 5523.2 sec
Step =   7911: nodes = 12183, dt = 1.114908e-11, time = 2.917926e-08, elapsed = 5524.0 sec
Step =   7912: nodes = 12183, dt = 6.689447e-12, time = 2.918595e-08, elapsed = 5524.9 sec
Step =   7913: nodes = 12186, dt = 6.689447e-12, time = 2.919264e-08, elapsed = 5525.5 sec
Step =   7914: nodes = 12179, dt = 8.027336e-12, time = 2.920067e-08, elapsed = 5526.2 sec
Step =   7915: nodes = 12182, dt = 9.632803e-12, time = 2.921030e-08, elapsed = 5527.0 sec
Step =   7916: nodes = 12177, dt = 5.779682e-12, time = 2.921608e-08, elapsed = 5528.2 sec
Step =   7917: nodes = 12180, dt = 5.779682e-12, time = 2.922186e-08, elapsed = 5528.7 sec
Step =   7918: nodes = 12180, dt = 6.935618e-12, time = 2.922880e-08, elapsed = 5529.4 sec
Step =   7919: nodes = 12181, dt = 8.322742e-12, time = 2.923712e-08, elapsed = 5530.1 sec
Step =   7920: nodes = 12174, dt = 9.987290e-12, time = 2.924711e-08, elapsed = 5530.8 sec
Step =   7921: nodes = 12181, dt = 5.992374e-12, time = 2.925310e-08, elapsed = 5531.7 sec
Step =   7922: nodes = 12171, dt = 5.992374e-12, time = 2.925909e-08, elapsed = 5532.3 sec
Step =   7923: nodes = 12166, dt = 7.190849e-12, time = 2.926628e-08, elapsed = 5533.0 sec
Step =   7924: nodes = 12168, dt = 8.629019e-12, time = 2.927491e-08, elapsed = 5533.6 sec
Step =   7925: nodes = 12166, dt = 5.177411e-12, time = 2.928009e-08, elapsed = 5534.4 sec
Step =   7926: nodes = 12166, dt = 5.177411e-12, time = 2.928527e-08, elapsed = 5535.0 sec
Step =   7927: nodes = 12173, dt = 6.212894e-12, time = 2.929148e-08, elapsed = 5535.7 sec
Step =   7928: nodes = 12170, dt = 7.455472e-12, time = 2.929894e-08, elapsed = 5536.4 sec
Step =   7929: nodes = 12177, dt = 4.473283e-12, time = 2.930341e-08, elapsed = 5537.2 sec
Step =   7930: nodes = 12176, dt = 4.473283e-12, time = 2.930788e-08, elapsed = 5537.7 sec
Step =   7931: nodes = 12166, dt = 5.367940e-12, time = 2.931325e-08, elapsed = 5538.4 sec
Step =   7932: nodes = 12175, dt = 6.441528e-12, time = 2.931969e-08, elapsed = 5539.0 sec
Step =   7933: nodes = 12178, dt = 3.864917e-12, time = 2.932356e-08, elapsed = 5539.8 sec
Step =   7934: nodes = 12174, dt = 3.864917e-12, time = 2.932742e-08, elapsed = 5540.4 sec
Step =   7935: nodes = 12177, dt = 4.637900e-12, time = 2.933206e-08, elapsed = 5541.0 sec
Step =   7936: nodes = 12177, dt = 5.565480e-12, time = 2.933762e-08, elapsed = 5541.7 sec
Step =   7937: nodes = 12180, dt = 3.339288e-12, time = 2.934096e-08, elapsed = 5542.5 sec
Step =   7938: nodes = 12177, dt = 3.339288e-12, time = 2.934430e-08, elapsed = 5543.1 sec
Step =   7939: nodes = 12181, dt = 4.007146e-12, time = 2.934831e-08, elapsed = 5543.7 sec
Step =   7940: nodes = 12183, dt = 4.808575e-12, time = 2.935312e-08, elapsed = 5544.4 sec
Step =   7941: nodes = 12183, dt = 2.885145e-12, time = 2.935600e-08, elapsed = 5545.2 sec
Step =   7942: nodes = 12182, dt = 2.885145e-12, time = 2.935889e-08, elapsed = 5545.8 sec
Step =   7943: nodes = 12178, dt = 3.462174e-12, time = 2.936235e-08, elapsed = 5546.4 sec
Step =   7944: nodes = 12182, dt = 4.154609e-12, time = 2.936651e-08, elapsed = 5547.1 sec
Step =   7945: nodes = 12177, dt = 4.985530e-12, time = 2.937149e-08, elapsed = 5547.8 sec
Step =   7946: nodes = 12177, dt = 5.982637e-12, time = 2.937747e-08, elapsed = 5548.5 sec
Step =   7947: nodes = 12180, dt = 7.179164e-12, time = 2.938465e-08, elapsed = 5549.2 sec
Step =   7948: nodes = 12176, dt = 4.307498e-12, time = 2.938896e-08, elapsed = 5550.0 sec
Step =   7949: nodes = 12179, dt = 4.307498e-12, time = 2.939327e-08, elapsed = 5550.6 sec
Step =   7950: nodes = 12174, dt = 5.168998e-12, time = 2.939844e-08, elapsed = 5551.3 sec
Step =   7951: nodes = 12183, dt = 6.202798e-12, time = 2.940464e-08, elapsed = 5552.0 sec
Step =   7952: nodes = 12176, dt = 7.443357e-12, time = 2.941208e-08, elapsed = 5552.6 sec
Step =   7953: nodes = 12186, dt = 8.932029e-12, time = 2.942102e-08, elapsed = 5553.4 sec
Step =   7954: nodes = 12189, dt = 1.071843e-11, time = 2.943173e-08, elapsed = 5554.1 sec
Step =   7955: nodes = 12188, dt = 1.286212e-11, time = 2.944460e-08, elapsed = 5555.0 sec
Step =   7956: nodes = 12191, dt = 7.717273e-12, time = 2.945231e-08, elapsed = 5555.8 sec
Step =   7957: nodes = 12189, dt = 3.858636e-12, time = 2.945617e-08, elapsed = 5556.5 sec
Step =   7958: nodes = 12182, dt = 3.858636e-12, time = 2.946003e-08, elapsed = 5557.2 sec
Step =   7959: nodes = 12186, dt = 2.315182e-12, time = 2.946235e-08, elapsed = 5558.2 sec
Step =   7960: nodes = 12187, dt = 1.157591e-12, time = 2.946350e-08, elapsed = 5558.8 sec
Step =   7961: nodes = 12186, dt = 1.157591e-12, time = 2.946466e-08, elapsed = 5559.3 sec
Step =   7962: nodes = 12185, dt = 1.389109e-12, time = 2.946605e-08, elapsed = 5559.8 sec
Step =   7963: nodes = 12183, dt = 1.666931e-12, time = 2.946772e-08, elapsed = 5560.3 sec
Step =   7964: nodes = 12177, dt = 2.000317e-12, time = 2.946972e-08, elapsed = 5560.9 sec
Step =   7965: nodes = 12177, dt = 2.400380e-12, time = 2.947212e-08, elapsed = 5561.4 sec
Step =   7966: nodes = 12168, dt = 2.880457e-12, time = 2.947500e-08, elapsed = 5561.9 sec
Step =   7967: nodes = 12170, dt = 3.456548e-12, time = 2.947845e-08, elapsed = 5562.5 sec
Step =   7968: nodes = 12173, dt = 4.147857e-12, time = 2.948260e-08, elapsed = 5563.0 sec
Step =   7969: nodes = 12171, dt = 4.977429e-12, time = 2.948758e-08, elapsed = 5563.6 sec
Step =   7970: nodes = 12164, dt = 2.986457e-12, time = 2.949057e-08, elapsed = 5564.3 sec
Step =   7971: nodes = 12167, dt = 2.986457e-12, time = 2.949355e-08, elapsed = 5564.9 sec
Step =   7972: nodes = 12168, dt = 8.959372e-13, time = 2.949445e-08, elapsed = 5565.7 sec
Step =   7973: nodes = 12169, dt = 8.959372e-13, time = 2.949534e-08, elapsed = 5566.2 sec
Step =   7974: nodes = 12165, dt = 1.075125e-12, time = 2.949642e-08, elapsed = 5566.7 sec
Step =   7975: nodes = 12165, dt = 1.290150e-12, time = 2.949771e-08, elapsed = 5567.2 sec
Step =   7976: nodes = 12163, dt = 1.548180e-12, time = 2.949926e-08, elapsed = 5567.7 sec
Step =   7977: nodes = 12163, dt = 1.857815e-12, time = 2.950112e-08, elapsed = 5568.2 sec
Step =   7978: nodes = 12162, dt = 2.229378e-12, time = 2.950335e-08, elapsed = 5568.7 sec
Step =   7979: nodes = 12165, dt = 2.675254e-12, time = 2.950602e-08, elapsed = 5569.2 sec
Step =   7980: nodes = 12165, dt = 3.210305e-12, time = 2.950923e-08, elapsed = 5569.8 sec
Step =   7981: nodes = 12165, dt = 3.852366e-12, time = 2.951308e-08, elapsed = 5570.4 sec
Step =   7982: nodes = 12168, dt = 2.311420e-12, time = 2.951539e-08, elapsed = 5571.1 sec
Step =   7983: nodes = 12167, dt = 2.311420e-12, time = 2.951771e-08, elapsed = 5571.6 sec
Step =   7984: nodes = 12168, dt = 2.773704e-12, time = 2.952048e-08, elapsed = 5572.1 sec
Step =   7985: nodes = 12167, dt = 3.328444e-12, time = 2.952381e-08, elapsed = 5572.6 sec
Step =   7986: nodes = 12164, dt = 3.994133e-12, time = 2.952780e-08, elapsed = 5573.2 sec
Step =   7987: nodes = 12167, dt = 2.396480e-12, time = 2.953020e-08, elapsed = 5573.9 sec
Step =   7988: nodes = 12167, dt = 2.396480e-12, time = 2.953260e-08, elapsed = 5574.4 sec
Step =   7989: nodes = 12164, dt = 2.875776e-12, time = 2.953547e-08, elapsed = 5574.9 sec
Step =   7990: nodes = 12154, dt = 3.450931e-12, time = 2.953892e-08, elapsed = 5575.5 sec
Step =   7991: nodes = 12154, dt = 4.141117e-12, time = 2.954306e-08, elapsed = 5576.0 sec
Step =   7992: nodes = 12155, dt = 4.969341e-12, time = 2.954803e-08, elapsed = 5576.6 sec
Step =   7993: nodes = 12160, dt = 2.981604e-12, time = 2.955101e-08, elapsed = 5577.4 sec
Step =   7994: nodes = 12160, dt = 2.981604e-12, time = 2.955400e-08, elapsed = 5578.0 sec
Step =   7995: nodes = 12166, dt = 3.577925e-12, time = 2.955757e-08, elapsed = 5578.5 sec
Step =   7996: nodes = 12160, dt = 4.293510e-12, time = 2.956187e-08, elapsed = 5579.0 sec
Step =   7997: nodes = 12161, dt = 5.152212e-12, time = 2.956702e-08, elapsed = 5579.7 sec
Step =   7998: nodes = 12165, dt = 3.091327e-12, time = 2.957011e-08, elapsed = 5580.4 sec
Step =   7999: nodes = 12160, dt = 3.091327e-12, time = 2.957320e-08, elapsed = 5581.0 sec
Step =   8000: nodes = 12162, dt = 3.709593e-12, time = 2.957691e-08, elapsed = 5581.6 sec
Writing configuration in legacy data format
 Output file: /data/home/dg000246b/openDIS/inital_dislocation_structures/output_caseC_0.18%_seed12345/relax2/config.8000.data
Writing restart file
 Restart file: /data/home/dg000246b/openDIS/inital_dislocation_structures/output_caseC_0.18%_seed12345/relax2/restart.8000.exadis
Step =   8001: nodes = 12166, dt = 4.451511e-12, time = 2.958136e-08, elapsed = 5582.3 sec
Step =   8002: nodes = 12167, dt = 2.670907e-12, time = 2.958403e-08, elapsed = 5583.1 sec
Step =   8003: nodes = 12159, dt = 2.670907e-12, time = 2.958671e-08, elapsed = 5583.6 sec
Step =   8004: nodes = 12161, dt = 3.205088e-12, time = 2.958991e-08, elapsed = 5584.2 sec
Step =   8005: nodes = 12163, dt = 3.846106e-12, time = 2.959376e-08, elapsed = 5584.8 sec
Step =   8006: nodes = 12159, dt = 4.615327e-12, time = 2.959837e-08, elapsed = 5585.4 sec
Step =   8007: nodes = 12164, dt = 2.769196e-12, time = 2.960114e-08, elapsed = 5586.2 sec
Step =   8008: nodes = 12157, dt = 2.769196e-12, time = 2.960391e-08, elapsed = 5586.7 sec
Step =   8009: nodes = 12166, dt = 3.323036e-12, time = 2.960723e-08, elapsed = 5587.3 sec
Step =   8010: nodes = 12161, dt = 3.987643e-12, time = 2.961122e-08, elapsed = 5588.3 sec
Step =   8011: nodes = 12158, dt = 4.785171e-12, time = 2.961601e-08, elapsed = 5588.9 sec
Step =   8012: nodes = 12160, dt = 5.742205e-12, time = 2.962175e-08, elapsed = 5589.5 sec
Step =   8013: nodes = 12159, dt = 6.890646e-12, time = 2.962864e-08, elapsed = 5590.1 sec
Step =   8014: nodes = 12158, dt = 4.134388e-12, time = 2.963277e-08, elapsed = 5590.9 sec
Step =   8015: nodes = 12160, dt = 4.134388e-12, time = 2.963691e-08, elapsed = 5591.4 sec
Step =   8016: nodes = 12160, dt = 4.961265e-12, time = 2.964187e-08, elapsed = 5592.0 sec
Step =   8017: nodes = 12156, dt = 5.953519e-12, time = 2.964782e-08, elapsed = 5592.6 sec
Step =   8018: nodes = 12159, dt = 1.786056e-12, time = 2.964961e-08, elapsed = 5593.5 sec
Step =   8019: nodes = 12162, dt = 8.930278e-13, time = 2.965050e-08, elapsed = 5594.2 sec
Step =   8020: nodes = 12160, dt = 8.930278e-13, time = 2.965139e-08, elapsed = 5594.7 sec
Step =   8021: nodes = 12161, dt = 1.071633e-12, time = 2.965247e-08, elapsed = 5595.2 sec
Step =   8022: nodes = 12162, dt = 1.285960e-12, time = 2.965375e-08, elapsed = 5595.7 sec
Step =   8023: nodes = 12158, dt = 1.543152e-12, time = 2.965530e-08, elapsed = 5596.2 sec
Step =   8024: nodes = 12160, dt = 1.851782e-12, time = 2.965715e-08, elapsed = 5596.7 sec
Step =   8025: nodes = 12160, dt = 2.222139e-12, time = 2.965937e-08, elapsed = 5597.2 sec
Step =   8026: nodes = 12156, dt = 2.666567e-12, time = 2.966204e-08, elapsed = 5597.7 sec
Step =   8027: nodes = 12160, dt = 3.199880e-12, time = 2.966524e-08, elapsed = 5598.2 sec
Step =   8028: nodes = 12154, dt = 3.839856e-12, time = 2.966908e-08, elapsed = 5598.7 sec
Step =   8029: nodes = 12153, dt = 4.607827e-12, time = 2.967368e-08, elapsed = 5599.3 sec
Step =   8030: nodes = 12153, dt = 2.764696e-12, time = 2.967645e-08, elapsed = 5600.0 sec
Step =   8031: nodes = 12153, dt = 2.764696e-12, time = 2.967921e-08, elapsed = 5600.5 sec
Step =   8032: nodes = 12156, dt = 3.317636e-12, time = 2.968253e-08, elapsed = 5601.0 sec
Step =   8033: nodes = 12153, dt = 3.981163e-12, time = 2.968651e-08, elapsed = 5601.6 sec
Step =   8034: nodes = 12157, dt = 4.777395e-12, time = 2.969129e-08, elapsed = 5602.2 sec
Step =   8035: nodes = 12159, dt = 5.732874e-12, time = 2.969702e-08, elapsed = 5602.7 sec
Step =   8036: nodes = 12158, dt = 3.439725e-12, time = 2.970046e-08, elapsed = 5603.5 sec
Step =   8037: nodes = 12151, dt = 3.439725e-12, time = 2.970390e-08, elapsed = 5604.0 sec
Step =   8038: nodes = 12166, dt = 4.127669e-12, time = 2.970803e-08, elapsed = 5604.5 sec
Step =   8039: nodes = 12166, dt = 4.953203e-12, time = 2.971298e-08, elapsed = 5605.1 sec
Step =   8040: nodes = 12167, dt = 5.943844e-12, time = 2.971893e-08, elapsed = 5605.7 sec
Step =   8041: nodes = 12162, dt = 7.132613e-12, time = 2.972606e-08, elapsed = 5606.3 sec
Step =   8042: nodes = 12163, dt = 4.279568e-12, time = 2.973034e-08, elapsed = 5607.0 sec
Step =   8043: nodes = 12162, dt = 4.279568e-12, time = 2.973462e-08, elapsed = 5607.6 sec
Step =   8044: nodes = 12161, dt = 5.135481e-12, time = 2.973975e-08, elapsed = 5608.2 sec
Step =   8045: nodes = 12161, dt = 6.162578e-12, time = 2.974592e-08, elapsed = 5608.8 sec
Step =   8046: nodes = 12162, dt = 7.395093e-12, time = 2.975331e-08, elapsed = 5609.4 sec
Step =   8047: nodes = 12167, dt = 4.437056e-12, time = 2.975775e-08, elapsed = 5610.2 sec
Step =   8048: nodes = 12160, dt = 4.437056e-12, time = 2.976218e-08, elapsed = 5610.8 sec
Step =   8049: nodes = 12161, dt = 5.324467e-12, time = 2.976751e-08, elapsed = 5611.3 sec
Step =   8050: nodes = 12162, dt = 6.389360e-12, time = 2.977390e-08, elapsed = 5611.9 sec
Step =   8051: nodes = 12160, dt = 7.667232e-12, time = 2.978157e-08, elapsed = 5612.6 sec
Step =   8052: nodes = 12167, dt = 4.600339e-12, time = 2.978617e-08, elapsed = 5613.4 sec
Step =   8053: nodes = 12163, dt = 4.600339e-12, time = 2.979077e-08, elapsed = 5613.9 sec
Step =   8054: nodes = 12164, dt = 5.520407e-12, time = 2.979629e-08, elapsed = 5614.5 sec
Step =   8055: nodes = 12167, dt = 6.624489e-12, time = 2.980291e-08, elapsed = 5615.1 sec
Step =   8056: nodes = 12168, dt = 3.974693e-12, time = 2.980689e-08, elapsed = 5615.8 sec
Step =   8057: nodes = 12165, dt = 3.974693e-12, time = 2.981086e-08, elapsed = 5616.4 sec
Step =   8058: nodes = 12166, dt = 4.769632e-12, time = 2.981563e-08, elapsed = 5616.9 sec
Step =   8059: nodes = 12162, dt = 5.723558e-12, time = 2.982135e-08, elapsed = 5617.5 sec
Step =   8060: nodes = 12166, dt = 6.868270e-12, time = 2.982822e-08, elapsed = 5618.4 sec
Step =   8061: nodes = 12163, dt = 4.120962e-12, time = 2.983234e-08, elapsed = 5619.2 sec
Step =   8062: nodes = 12159, dt = 4.120962e-12, time = 2.983646e-08, elapsed = 5619.7 sec
Step =   8063: nodes = 12163, dt = 4.945154e-12, time = 2.984141e-08, elapsed = 5620.3 sec
Step =   8064: nodes = 12159, dt = 5.934185e-12, time = 2.984734e-08, elapsed = 5620.9 sec
Step =   8065: nodes = 12155, dt = 7.121022e-12, time = 2.985446e-08, elapsed = 5621.5 sec
Step =   8066: nodes = 12152, dt = 4.272613e-12, time = 2.985874e-08, elapsed = 5622.2 sec
Step =   8067: nodes = 12150, dt = 4.272613e-12, time = 2.986301e-08, elapsed = 5622.8 sec
Step =   8068: nodes = 12156, dt = 5.127136e-12, time = 2.986814e-08, elapsed = 5623.4 sec
Step =   8069: nodes = 12157, dt = 6.152563e-12, time = 2.987429e-08, elapsed = 5624.0 sec
Step =   8070: nodes = 12155, dt = 3.691538e-12, time = 2.987798e-08, elapsed = 5624.7 sec
Step =   8071: nodes = 12152, dt = 3.691538e-12, time = 2.988167e-08, elapsed = 5625.3 sec
Step =   8072: nodes = 12151, dt = 4.429846e-12, time = 2.988610e-08, elapsed = 5625.8 sec
Step =   8073: nodes = 12159, dt = 5.315815e-12, time = 2.989142e-08, elapsed = 5626.5 sec
Step =   8074: nodes = 12163, dt = 6.378978e-12, time = 2.989780e-08, elapsed = 5627.1 sec
Step =   8075: nodes = 12166, dt = 3.827387e-12, time = 2.990162e-08, elapsed = 5627.8 sec
Step =   8076: nodes = 12166, dt = 3.827387e-12, time = 2.990545e-08, elapsed = 5628.4 sec
Step =   8077: nodes = 12165, dt = 4.592864e-12, time = 2.991004e-08, elapsed = 5628.9 sec
Step =   8078: nodes = 12161, dt = 2.755718e-12, time = 2.991280e-08, elapsed = 5629.7 sec
Step =   8079: nodes = 12158, dt = 2.755718e-12, time = 2.991556e-08, elapsed = 5630.2 sec
Step =   8080: nodes = 12156, dt = 3.306862e-12, time = 2.991886e-08, elapsed = 5630.8 sec
Step =   8081: nodes = 12164, dt = 3.968234e-12, time = 2.992283e-08, elapsed = 5631.3 sec
Step =   8082: nodes = 12158, dt = 4.761881e-12, time = 2.992759e-08, elapsed = 5632.0 sec
Step =   8083: nodes = 12163, dt = 5.714258e-12, time = 2.993331e-08, elapsed = 5632.7 sec
Step =   8084: nodes = 12158, dt = 3.428555e-12, time = 2.993674e-08, elapsed = 5633.5 sec
Step =   8085: nodes = 12163, dt = 3.428555e-12, time = 2.994016e-08, elapsed = 5634.0 sec
Step =   8086: nodes = 12160, dt = 4.114265e-12, time = 2.994428e-08, elapsed = 5634.6 sec
Step =   8087: nodes = 12166, dt = 4.937119e-12, time = 2.994922e-08, elapsed = 5635.2 sec
Step =   8088: nodes = 12167, dt = 2.962271e-12, time = 2.995218e-08, elapsed = 5635.9 sec
Step =   8089: nodes = 12170, dt = 2.962271e-12, time = 2.995514e-08, elapsed = 5636.5 sec
Step =   8090: nodes = 12167, dt = 3.554725e-12, time = 2.995870e-08, elapsed = 5637.0 sec
Step =   8091: nodes = 12166, dt = 2.132835e-12, time = 2.996083e-08, elapsed = 5637.7 sec
Step =   8092: nodes = 12164, dt = 2.132835e-12, time = 2.996296e-08, elapsed = 5638.2 sec
Step =   8093: nodes = 12164, dt = 2.559402e-12, time = 2.996552e-08, elapsed = 5638.8 sec
Step =   8094: nodes = 12162, dt = 3.071283e-12, time = 2.996859e-08, elapsed = 5639.4 sec
Step =   8095: nodes = 12162, dt = 3.685539e-12, time = 2.997228e-08, elapsed = 5639.9 sec
Step =   8096: nodes = 12159, dt = 4.422647e-12, time = 2.997670e-08, elapsed = 5640.6 sec
Step =   8097: nodes = 12155, dt = 5.307177e-12, time = 2.998201e-08, elapsed = 5641.2 sec
Step =   8098: nodes = 12155, dt = 6.368612e-12, time = 2.998838e-08, elapsed = 5641.8 sec
Step =   8099: nodes = 12151, dt = 3.821167e-12, time = 2.999220e-08, elapsed = 5642.5 sec
Step =   8100: nodes = 12150, dt = 3.821167e-12, time = 2.999602e-08, elapsed = 5643.1 sec
Writing configuration in legacy data format
 Output file: /data/home/dg000246b/openDIS/inital_dislocation_structures/output_caseC_0.18%_seed12345/relax2/config.8100.data
Writing restart file
 Restart file: /data/home/dg000246b/openDIS/inital_dislocation_structures/output_caseC_0.18%_seed12345/relax2/restart.8100.exadis
Step =   8101: nodes = 12148, dt = 4.585401e-12, time = 3.000060e-08, elapsed = 5643.8 sec
Step =   8102: nodes = 12143, dt = 5.502481e-12, time = 3.000611e-08, elapsed = 5644.4 sec
Step =   8103: nodes = 12148, dt = 3.301488e-12, time = 3.000941e-08, elapsed = 5645.1 sec
Step =   8104: nodes = 12152, dt = 3.301488e-12, time = 3.001271e-08, elapsed = 5645.7 sec
Step =   8105: nodes = 12154, dt = 3.961786e-12, time = 3.001667e-08, elapsed = 5646.3 sec
Step =   8106: nodes = 12156, dt = 4.754143e-12, time = 3.002142e-08, elapsed = 5646.9 sec
Step =   8107: nodes = 12158, dt = 2.852486e-12, time = 3.002428e-08, elapsed = 5647.6 sec
Step =   8108: nodes = 12163, dt = 2.852486e-12, time = 3.002713e-08, elapsed = 5648.4 sec
Step =   8109: nodes = 12164, dt = 3.422983e-12, time = 3.003055e-08, elapsed = 5649.0 sec
Step =   8110: nodes = 12160, dt = 2.053790e-12, time = 3.003261e-08, elapsed = 5649.7 sec
Step =   8111: nodes = 12164, dt = 2.053790e-12, time = 3.003466e-08, elapsed = 5650.3 sec
Step =   8112: nodes = 12166, dt = 2.464548e-12, time = 3.003712e-08, elapsed = 5650.8 sec
Step =   8113: nodes = 12164, dt = 2.957457e-12, time = 3.004008e-08, elapsed = 5651.4 sec
Step =   8114: nodes = 12161, dt = 3.548949e-12, time = 3.004363e-08, elapsed = 5652.0 sec
Step =   8115: nodes = 12157, dt = 4.258739e-12, time = 3.004789e-08, elapsed = 5652.6 sec
Step =   8116: nodes = 12157, dt = 2.555243e-12, time = 3.005045e-08, elapsed = 5653.4 sec
Step =   8117: nodes = 12161, dt = 2.555243e-12, time = 3.005300e-08, elapsed = 5653.9 sec
Step =   8118: nodes = 12160, dt = 3.066292e-12, time = 3.005607e-08, elapsed = 5654.4 sec
Step =   8119: nodes = 12156, dt = 3.679550e-12, time = 3.005975e-08, elapsed = 5655.0 sec
Step =   8120: nodes = 12158, dt = 4.415460e-12, time = 3.006416e-08, elapsed = 5655.5 sec
Step =   8121: nodes = 12158, dt = 2.649276e-12, time = 3.006681e-08, elapsed = 5656.3 sec
Step =   8122: nodes = 12162, dt = 2.649276e-12, time = 3.006946e-08, elapsed = 5656.8 sec
Step =   8123: nodes = 12158, dt = 3.179131e-12, time = 3.007264e-08, elapsed = 5657.4 sec
Step =   8124: nodes = 12159, dt = 3.814958e-12, time = 3.007645e-08, elapsed = 5658.0 sec
Step =   8125: nodes = 12154, dt = 4.577949e-12, time = 3.008103e-08, elapsed = 5658.6 sec
Step =   8126: nodes = 12156, dt = 2.746770e-12, time = 3.008378e-08, elapsed = 5659.4 sec
Step =   8127: nodes = 12150, dt = 2.746770e-12, time = 3.008653e-08, elapsed = 5660.0 sec
Step =   8128: nodes = 12156, dt = 3.296123e-12, time = 3.008982e-08, elapsed = 5660.6 sec
Step =   8129: nodes = 12144, dt = 3.955348e-12, time = 3.009378e-08, elapsed = 5661.2 sec
Step =   8130: nodes = 12149, dt = 4.746418e-12, time = 3.009852e-08, elapsed = 5661.8 sec
Step =   8131: nodes = 12155, dt = 2.847851e-12, time = 3.010137e-08, elapsed = 5662.6 sec
Step =   8132: nodes = 12152, dt = 2.847851e-12, time = 3.010422e-08, elapsed = 5663.1 sec
Step =   8133: nodes = 12153, dt = 3.417421e-12, time = 3.010764e-08, elapsed = 5663.7 sec
Step =   8134: nodes = 12155, dt = 4.100905e-12, time = 3.011174e-08, elapsed = 5664.3 sec
Step =   8135: nodes = 12155, dt = 4.921086e-12, time = 3.011666e-08, elapsed = 5664.9 sec
Step =   8136: nodes = 12152, dt = 5.905303e-12, time = 3.012256e-08, elapsed = 5665.5 sec
Step =   8137: nodes = 12153, dt = 3.543182e-12, time = 3.012611e-08, elapsed = 5666.3 sec
Step =   8138: nodes = 12157, dt = 3.543182e-12, time = 3.012965e-08, elapsed = 5667.0 sec
Step =   8139: nodes = 12154, dt = 4.251818e-12, time = 3.013390e-08, elapsed = 5667.6 sec
Step =   8140: nodes = 12153, dt = 5.102182e-12, time = 3.013900e-08, elapsed = 5668.2 sec
Step =   8141: nodes = 12154, dt = 3.061309e-12, time = 3.014207e-08, elapsed = 5668.9 sec
Step =   8142: nodes = 12150, dt = 7.653273e-13, time = 3.014283e-08, elapsed = 5669.8 sec
Step =   8143: nodes = 12150, dt = 7.653273e-13, time = 3.014360e-08, elapsed = 5670.3 sec
Step =   8144: nodes = 12148, dt = 9.183927e-13, time = 3.014451e-08, elapsed = 5670.7 sec
Step =   8145: nodes = 12149, dt = 1.102071e-12, time = 3.014562e-08, elapsed = 5671.2 sec
Step =   8146: nodes = 12146, dt = 1.322486e-12, time = 3.014694e-08, elapsed = 5671.7 sec
Step =   8147: nodes = 12141, dt = 1.586983e-12, time = 3.014853e-08, elapsed = 5672.2 sec
Step =   8148: nodes = 12136, dt = 1.904379e-12, time = 3.015043e-08, elapsed = 5672.7 sec
Step =   8149: nodes = 12144, dt = 2.285255e-12, time = 3.015272e-08, elapsed = 5673.2 sec
Step =   8150: nodes = 12145, dt = 2.742306e-12, time = 3.015546e-08, elapsed = 5673.8 sec
Step =   8151: nodes = 12145, dt = 3.290767e-12, time = 3.015875e-08, elapsed = 5674.3 sec
Step =   8152: nodes = 12144, dt = 3.948921e-12, time = 3.016270e-08, elapsed = 5674.9 sec
Step =   8153: nodes = 12144, dt = 4.738705e-12, time = 3.016744e-08, elapsed = 5675.4 sec
Step =   8154: nodes = 12142, dt = 5.686446e-12, time = 3.017312e-08, elapsed = 5676.0 sec
Step =   8155: nodes = 12145, dt = 3.411867e-12, time = 3.017654e-08, elapsed = 5676.7 sec
Step =   8156: nodes = 12143, dt = 3.411867e-12, time = 3.017995e-08, elapsed = 5677.2 sec
Step =   8157: nodes = 12149, dt = 4.094241e-12, time = 3.018404e-08, elapsed = 5677.8 sec
Step =   8158: nodes = 12148, dt = 4.913089e-12, time = 3.018895e-08, elapsed = 5678.6 sec
Step =   8159: nodes = 12145, dt = 2.947853e-12, time = 3.019190e-08, elapsed = 5679.4 sec
Step =   8160: nodes = 12144, dt = 7.369634e-13, time = 3.019264e-08, elapsed = 5680.2 sec
Step =   8161: nodes = 12140, dt = 7.369634e-13, time = 3.019338e-08, elapsed = 5680.7 sec
Step =   8162: nodes = 12140, dt = 8.843560e-13, time = 3.019426e-08, elapsed = 5681.2 sec
Step =   8163: nodes = 12141, dt = 1.061227e-12, time = 3.019532e-08, elapsed = 5681.7 sec
Step =   8164: nodes = 12139, dt = 1.273473e-12, time = 3.019660e-08, elapsed = 5682.2 sec
Step =   8165: nodes = 12131, dt = 1.528167e-12, time = 3.019812e-08, elapsed = 5682.6 sec
Step =   8166: nodes = 12134, dt = 1.833801e-12, time = 3.019996e-08, elapsed = 5683.1 sec
Step =   8167: nodes = 12130, dt = 2.200561e-12, time = 3.020216e-08, elapsed = 5683.6 sec
Step =   8168: nodes = 12136, dt = 2.640673e-12, time = 3.020480e-08, elapsed = 5684.2 sec
Step =   8169: nodes = 12136, dt = 3.168808e-12, time = 3.020797e-08, elapsed = 5684.7 sec
Step =   8170: nodes = 12144, dt = 3.802569e-12, time = 3.021177e-08, elapsed = 5685.2 sec
Step =   8171: nodes = 12140, dt = 4.563083e-12, time = 3.021633e-08, elapsed = 5685.8 sec
Step =   8172: nodes = 12146, dt = 2.737850e-12, time = 3.021907e-08, elapsed = 5686.5 sec
Step =   8173: nodes = 12142, dt = 2.737850e-12, time = 3.022181e-08, elapsed = 5687.0 sec
Step =   8174: nodes = 12147, dt = 3.285420e-12, time = 3.022509e-08, elapsed = 5687.6 sec
Step =   8175: nodes = 12142, dt = 3.942504e-12, time = 3.022904e-08, elapsed = 5688.1 sec
Step =   8176: nodes = 12138, dt = 4.731004e-12, time = 3.023377e-08, elapsed = 5688.6 sec
Step =   8177: nodes = 12141, dt = 5.677205e-12, time = 3.023944e-08, elapsed = 5689.2 sec
Step =   8178: nodes = 12145, dt = 3.406323e-12, time = 3.024285e-08, elapsed = 5690.0 sec
Step =   8179: nodes = 12146, dt = 3.406323e-12, time = 3.024626e-08, elapsed = 5690.6 sec
Step =   8180: nodes = 12148, dt = 4.087588e-12, time = 3.025034e-08, elapsed = 5691.1 sec
Step =   8181: nodes = 12144, dt = 4.905105e-12, time = 3.025525e-08, elapsed = 5691.6 sec
Step =   8182: nodes = 12151, dt = 2.943063e-12, time = 3.025819e-08, elapsed = 5692.4 sec
Step =   8183: nodes = 12146, dt = 2.943063e-12, time = 3.026114e-08, elapsed = 5692.9 sec
Step =   8184: nodes = 12142, dt = 3.531676e-12, time = 3.026467e-08, elapsed = 5693.4 sec
Step =   8185: nodes = 12145, dt = 4.238011e-12, time = 3.026891e-08, elapsed = 5694.0 sec
Step =   8186: nodes = 12150, dt = 5.085613e-12, time = 3.027399e-08, elapsed = 5694.5 sec
Step =   8187: nodes = 12139, dt = 6.102736e-12, time = 3.028009e-08, elapsed = 5695.1 sec
Step =   8188: nodes = 12142, dt = 7.323283e-12, time = 3.028742e-08, elapsed = 5695.8 sec
Step =   8189: nodes = 12139, dt = 8.787940e-12, time = 3.029621e-08, elapsed = 5696.5 sec
Step =   8190: nodes = 12137, dt = 5.272764e-12, time = 3.030148e-08, elapsed = 5697.3 sec
Step =   8191: nodes = 12137, dt = 2.636382e-12, time = 3.030411e-08, elapsed = 5698.0 sec
Step =   8192: nodes = 12140, dt = 2.636382e-12, time = 3.030675e-08, elapsed = 5698.5 sec
Step =   8193: nodes = 12143, dt = 3.163658e-12, time = 3.030991e-08, elapsed = 5699.1 sec
Step =   8194: nodes = 12137, dt = 3.796390e-12, time = 3.031371e-08, elapsed = 5699.6 sec
Step =   8195: nodes = 12134, dt = 4.555668e-12, time = 3.031827e-08, elapsed = 5700.2 sec
Step =   8196: nodes = 12136, dt = 5.466802e-12, time = 3.032373e-08, elapsed = 5700.8 sec
Step =   8197: nodes = 12139, dt = 6.560162e-12, time = 3.033029e-08, elapsed = 5701.4 sec
Step =   8198: nodes = 12137, dt = 7.872194e-12, time = 3.033817e-08, elapsed = 5702.1 sec
Step =   8199: nodes = 12137, dt = 4.723317e-12, time = 3.034289e-08, elapsed = 5702.9 sec
Step =   8200: nodes = 12130, dt = 4.723317e-12, time = 3.034761e-08, elapsed = 5703.5 sec
Writing configuration in legacy data format
 Output file: /data/home/dg000246b/openDIS/inital_dislocation_structures/output_caseC_0.18%_seed12345/relax2/config.8200.data
Writing restart file
 Restart file: /data/home/dg000246b/openDIS/inital_dislocation_structures/output_caseC_0.18%_seed12345/relax2/restart.8200.exadis
Step =   8201: nodes = 12133, dt = 5.667980e-12, time = 3.035328e-08, elapsed = 5704.2 sec
Step =   8202: nodes = 12124, dt = 6.801576e-12, time = 3.036008e-08, elapsed = 5704.9 sec
Step =   8203: nodes = 12124, dt = 4.080945e-12, time = 3.036416e-08, elapsed = 5705.7 sec
Step =   8204: nodes = 12127, dt = 4.080945e-12, time = 3.036824e-08, elapsed = 5706.2 sec
Step =   8205: nodes = 12123, dt = 4.897135e-12, time = 3.037314e-08, elapsed = 5706.8 sec
Step =   8206: nodes = 12128, dt = 5.876561e-12, time = 3.037902e-08, elapsed = 5707.5 sec
Step =   8207: nodes = 12134, dt = 3.525937e-12, time = 3.038254e-08, elapsed = 5708.5 sec
Step =   8208: nodes = 12127, dt = 3.525937e-12, time = 3.038607e-08, elapsed = 5709.0 sec
Step =   8209: nodes = 12125, dt = 4.231124e-12, time = 3.039030e-08, elapsed = 5709.6 sec
Step =   8210: nodes = 12128, dt = 5.077349e-12, time = 3.039538e-08, elapsed = 5710.2 sec
Step =   8211: nodes = 12120, dt = 3.046409e-12, time = 3.039842e-08, elapsed = 5711.0 sec
Step =   8212: nodes = 12124, dt = 3.046409e-12, time = 3.040147e-08, elapsed = 5711.6 sec
Step =   8213: nodes = 12121, dt = 3.655691e-12, time = 3.040513e-08, elapsed = 5712.2 sec
Step =   8214: nodes = 12124, dt = 4.386830e-12, time = 3.040951e-08, elapsed = 5712.9 sec
Step =   8215: nodes = 12121, dt = 2.632098e-12, time = 3.041215e-08, elapsed = 5713.7 sec
Step =   8216: nodes = 12122, dt = 2.632098e-12, time = 3.041478e-08, elapsed = 5714.2 sec
Step =   8217: nodes = 12123, dt = 3.158517e-12, time = 3.041794e-08, elapsed = 5714.8 sec
Step =   8218: nodes = 12125, dt = 3.790221e-12, time = 3.042173e-08, elapsed = 5715.3 sec
Step =   8219: nodes = 12128, dt = 4.548265e-12, time = 3.042627e-08, elapsed = 5716.0 sec
Step =   8220: nodes = 12128, dt = 5.457918e-12, time = 3.043173e-08, elapsed = 5716.6 sec
Step =   8221: nodes = 12125, dt = 6.549502e-12, time = 3.043828e-08, elapsed = 5717.3 sec
Step =   8222: nodes = 12119, dt = 7.859402e-12, time = 3.044614e-08, elapsed = 5718.0 sec
Step =   8223: nodes = 12120, dt = 4.715641e-12, time = 3.045086e-08, elapsed = 5718.8 sec
Step =   8224: nodes = 12128, dt = 2.357821e-12, time = 3.045321e-08, elapsed = 5719.5 sec
Step =   8225: nodes = 12126, dt = 2.357821e-12, time = 3.045557e-08, elapsed = 5720.1 sec
Step =   8226: nodes = 12126, dt = 2.829385e-12, time = 3.045840e-08, elapsed = 5720.7 sec
Step =   8227: nodes = 12127, dt = 3.395262e-12, time = 3.046180e-08, elapsed = 5721.3 sec
Step =   8228: nodes = 12124, dt = 4.074314e-12, time = 3.046587e-08, elapsed = 5721.9 sec
Step =   8229: nodes = 12123, dt = 4.889177e-12, time = 3.047076e-08, elapsed = 5722.5 sec
Step =   8230: nodes = 12128, dt = 2.933506e-12, time = 3.047369e-08, elapsed = 5723.3 sec
Step =   8231: nodes = 12129, dt = 2.933506e-12, time = 3.047663e-08, elapsed = 5723.9 sec
Step =   8232: nodes = 12129, dt = 3.520207e-12, time = 3.048015e-08, elapsed = 5724.5 sec
Step =   8233: nodes = 12126, dt = 4.224249e-12, time = 3.048437e-08, elapsed = 5725.2 sec
Step =   8234: nodes = 12126, dt = 2.534549e-12, time = 3.048691e-08, elapsed = 5725.9 sec
Step =   8235: nodes = 12128, dt = 2.534549e-12, time = 3.048944e-08, elapsed = 5726.5 sec
Step =   8236: nodes = 12125, dt = 3.041459e-12, time = 3.049248e-08, elapsed = 5727.0 sec
Step =   8237: nodes = 12129, dt = 3.649751e-12, time = 3.049613e-08, elapsed = 5727.6 sec
Step =   8238: nodes = 12123, dt = 4.379701e-12, time = 3.050051e-08, elapsed = 5728.1 sec
Step =   8239: nodes = 12129, dt = 2.627821e-12, time = 3.050314e-08, elapsed = 5728.9 sec
Step =   8240: nodes = 12126, dt = 1.313910e-12, time = 3.050445e-08, elapsed = 5729.5 sec
Step =   8241: nodes = 12127, dt = 1.313910e-12, time = 3.050577e-08, elapsed = 5730.0 sec
Step =   8242: nodes = 12124, dt = 1.576692e-12, time = 3.050734e-08, elapsed = 5730.5 sec
Step =   8243: nodes = 12125, dt = 1.892031e-12, time = 3.050924e-08, elapsed = 5731.0 sec
Step =   8244: nodes = 12123, dt = 2.270437e-12, time = 3.051151e-08, elapsed = 5731.5 sec
Step =   8245: nodes = 12121, dt = 2.724524e-12, time = 3.051423e-08, elapsed = 5732.0 sec
Step =   8246: nodes = 12122, dt = 3.269429e-12, time = 3.051750e-08, elapsed = 5732.5 sec
Step =   8247: nodes = 12117, dt = 3.923315e-12, time = 3.052142e-08, elapsed = 5733.0 sec
Step =   8248: nodes = 12119, dt = 4.707978e-12, time = 3.052613e-08, elapsed = 5733.6 sec
Step =   8249: nodes = 12118, dt = 2.824787e-12, time = 3.052896e-08, elapsed = 5734.3 sec
Step =   8250: nodes = 12117, dt = 2.824787e-12, time = 3.053178e-08, elapsed = 5734.8 sec
Step =   8251: nodes = 12114, dt = 1.694872e-12, time = 3.053348e-08, elapsed = 5735.5 sec
Step =   8252: nodes = 12117, dt = 1.694872e-12, time = 3.053517e-08, elapsed = 5736.0 sec
Step =   8253: nodes = 12115, dt = 2.033847e-12, time = 3.053721e-08, elapsed = 5736.6 sec
Step =   8254: nodes = 12116, dt = 2.440616e-12, time = 3.053965e-08, elapsed = 5737.1 sec
Step =   8255: nodes = 12115, dt = 2.928739e-12, time = 3.054257e-08, elapsed = 5737.6 sec
Step =   8256: nodes = 12112, dt = 3.514487e-12, time = 3.054609e-08, elapsed = 5738.4 sec
Step =   8257: nodes = 12114, dt = 4.217384e-12, time = 3.055031e-08, elapsed = 5738.9 sec
Step =   8258: nodes = 12121, dt = 5.060861e-12, time = 3.055537e-08, elapsed = 5739.5 sec
Step =   8259: nodes = 12122, dt = 3.036517e-12, time = 3.055840e-08, elapsed = 5740.2 sec
Step =   8260: nodes = 12121, dt = 3.036517e-12, time = 3.056144e-08, elapsed = 5740.8 sec
Step =   8261: nodes = 12121, dt = 3.643820e-12, time = 3.056508e-08, elapsed = 5741.3 sec
Step =   8262: nodes = 12124, dt = 2.186292e-12, time = 3.056727e-08, elapsed = 5742.0 sec
Step =   8263: nodes = 12126, dt = 2.186292e-12, time = 3.056946e-08, elapsed = 5742.5 sec
Step =   8264: nodes = 12123, dt = 2.623550e-12, time = 3.057208e-08, elapsed = 5743.0 sec
Step =   8265: nodes = 12119, dt = 3.148260e-12, time = 3.057523e-08, elapsed = 5743.5 sec
Step =   8266: nodes = 12124, dt = 3.777913e-12, time = 3.057901e-08, elapsed = 5744.1 sec
Step =   8267: nodes = 12129, dt = 4.533495e-12, time = 3.058354e-08, elapsed = 5744.6 sec
Step =   8268: nodes = 12128, dt = 2.720097e-12, time = 3.058626e-08, elapsed = 5745.4 sec
Step =   8269: nodes = 12127, dt = 2.720097e-12, time = 3.058898e-08, elapsed = 5745.9 sec
Step =   8270: nodes = 12125, dt = 3.264116e-12, time = 3.059224e-08, elapsed = 5746.5 sec
Step =   8271: nodes = 12123, dt = 1.958470e-12, time = 3.059420e-08, elapsed = 5747.2 sec
Step =   8272: nodes = 12121, dt = 1.958470e-12, time = 3.059616e-08, elapsed = 5747.7 sec
Step =   8273: nodes = 12120, dt = 2.350164e-12, time = 3.059851e-08, elapsed = 5748.2 sec
Step =   8274: nodes = 12116, dt = 2.820197e-12, time = 3.060133e-08, elapsed = 5748.8 sec
Step =   8275: nodes = 12116, dt = 3.384236e-12, time = 3.060472e-08, elapsed = 5749.4 sec
Step =   8276: nodes = 12112, dt = 4.061083e-12, time = 3.060878e-08, elapsed = 5750.0 sec
Step =   8277: nodes = 12114, dt = 2.436650e-12, time = 3.061121e-08, elapsed = 5750.8 sec
Step =   8278: nodes = 12112, dt = 2.436650e-12, time = 3.061365e-08, elapsed = 5751.3 sec
Step =   8279: nodes = 12112, dt = 2.923980e-12, time = 3.061657e-08, elapsed = 5751.9 sec
Step =   8280: nodes = 12111, dt = 3.508776e-12, time = 3.062008e-08, elapsed = 5752.5 sec
Step =   8281: nodes = 12111, dt = 4.210531e-12, time = 3.062429e-08, elapsed = 5753.1 sec
Step =   8282: nodes = 12113, dt = 2.526319e-12, time = 3.062682e-08, elapsed = 5753.9 sec
Step =   8283: nodes = 12119, dt = 2.526319e-12, time = 3.062935e-08, elapsed = 5754.4 sec
Step =   8284: nodes = 12121, dt = 3.031582e-12, time = 3.063238e-08, elapsed = 5755.0 sec
Step =   8285: nodes = 12115, dt = 3.637899e-12, time = 3.063602e-08, elapsed = 5755.5 sec
Step =   8286: nodes = 12109, dt = 4.365479e-12, time = 3.064038e-08, elapsed = 5756.2 sec
Step =   8287: nodes = 12119, dt = 2.619287e-12, time = 3.064300e-08, elapsed = 5756.9 sec
Step =   8288: nodes = 12117, dt = 2.619287e-12, time = 3.064562e-08, elapsed = 5757.5 sec
Step =   8289: nodes = 12118, dt = 3.143145e-12, time = 3.064876e-08, elapsed = 5758.0 sec
Step =   8290: nodes = 12114, dt = 3.771773e-12, time = 3.065253e-08, elapsed = 5758.7 sec
Step =   8291: nodes = 12115, dt = 4.526128e-12, time = 3.065706e-08, elapsed = 5759.3 sec
Step =   8292: nodes = 12110, dt = 2.715677e-12, time = 3.065978e-08, elapsed = 5760.0 sec
Step =   8293: nodes = 12115, dt = 2.715677e-12, time = 3.066249e-08, elapsed = 5760.6 sec
Step =   8294: nodes = 12115, dt = 3.258812e-12, time = 3.066575e-08, elapsed = 5761.2 sec
Step =   8295: nodes = 12119, dt = 3.910575e-12, time = 3.066966e-08, elapsed = 5761.8 sec
Step =   8296: nodes = 12121, dt = 4.692690e-12, time = 3.067435e-08, elapsed = 5762.5 sec
Step =   8297: nodes = 12123, dt = 5.631228e-12, time = 3.067999e-08, elapsed = 5763.1 sec
Step =   8298: nodes = 12128, dt = 3.378737e-12, time = 3.068336e-08, elapsed = 5763.9 sec
Step =   8299: nodes = 12127, dt = 3.378737e-12, time = 3.068674e-08, elapsed = 5764.4 sec
Step =   8300: nodes = 12121, dt = 4.054484e-12, time = 3.069080e-08, elapsed = 5765.0 sec
Writing configuration in legacy data format
 Output file: /data/home/dg000246b/openDIS/inital_dislocation_structures/output_caseC_0.18%_seed12345/relax2/config.8300.data
Writing restart file
 Restart file: /data/home/dg000246b/openDIS/inital_dislocation_structures/output_caseC_0.18%_seed12345/relax2/restart.8300.exadis
Step =   8301: nodes = 12121, dt = 4.865381e-12, time = 3.069566e-08, elapsed = 5765.8 sec
Step =   8302: nodes = 12119, dt = 2.919228e-12, time = 3.069858e-08, elapsed = 5766.5 sec
Step =   8303: nodes = 12113, dt = 2.919228e-12, time = 3.070150e-08, elapsed = 5767.2 sec
Step =   8304: nodes = 12111, dt = 3.503074e-12, time = 3.070500e-08, elapsed = 5767.8 sec
Step =   8305: nodes = 12109, dt = 4.203689e-12, time = 3.070921e-08, elapsed = 5768.5 sec
Step =   8306: nodes = 12110, dt = 5.044427e-12, time = 3.071425e-08, elapsed = 5769.2 sec
Step =   8307: nodes = 12108, dt = 6.053312e-12, time = 3.072031e-08, elapsed = 5769.9 sec
Step =   8308: nodes = 12110, dt = 7.263974e-12, time = 3.072757e-08, elapsed = 5770.5 sec
Step =   8309: nodes = 12109, dt = 4.358385e-12, time = 3.073193e-08, elapsed = 5771.2 sec
Step =   8310: nodes = 12106, dt = 4.358385e-12, time = 3.073629e-08, elapsed = 5771.8 sec
Step =   8311: nodes = 12113, dt = 5.230062e-12, time = 3.074152e-08, elapsed = 5772.5 sec
Step =   8312: nodes = 12111, dt = 6.276074e-12, time = 3.074779e-08, elapsed = 5773.2 sec
Step =   8313: nodes = 12111, dt = 7.531289e-12, time = 3.075532e-08, elapsed = 5773.9 sec
Step =   8314: nodes = 12108, dt = 4.518773e-12, time = 3.075984e-08, elapsed = 5774.7 sec
Step =   8315: nodes = 12114, dt = 4.518773e-12, time = 3.076436e-08, elapsed = 5775.3 sec
Step =   8316: nodes = 12115, dt = 5.422528e-12, time = 3.076978e-08, elapsed = 5775.9 sec
Step =   8317: nodes = 12115, dt = 6.507033e-12, time = 3.077629e-08, elapsed = 5776.5 sec
Step =   8318: nodes = 12112, dt = 7.808440e-12, time = 3.078410e-08, elapsed = 5777.2 sec
Step =   8319: nodes = 12112, dt = 4.685064e-12, time = 3.078878e-08, elapsed = 5778.0 sec
Step =   8320: nodes = 12116, dt = 4.685064e-12, time = 3.079347e-08, elapsed = 5778.5 sec
Step =   8321: nodes = 12105, dt = 5.622077e-12, time = 3.079909e-08, elapsed = 5779.2 sec
Step =   8322: nodes = 12107, dt = 6.746492e-12, time = 3.080584e-08, elapsed = 5779.8 sec
Step =   8323: nodes = 12111, dt = 4.047895e-12, time = 3.080989e-08, elapsed = 5780.6 sec
Step =   8324: nodes = 12112, dt = 4.047895e-12, time = 3.081393e-08, elapsed = 5781.2 sec
Step =   8325: nodes = 12110, dt = 4.857474e-12, time = 3.081879e-08, elapsed = 5781.9 sec
Step =   8326: nodes = 12100, dt = 5.828969e-12, time = 3.082462e-08, elapsed = 5782.6 sec
Step =   8327: nodes = 12105, dt = 6.994763e-12, time = 3.083162e-08, elapsed = 5783.2 sec
Step =   8328: nodes = 12106, dt = 4.196858e-12, time = 3.083581e-08, elapsed = 5784.0 sec
Step =   8329: nodes = 12109, dt = 4.196858e-12, time = 3.084001e-08, elapsed = 5784.6 sec
Step =   8330: nodes = 12106, dt = 5.036229e-12, time = 3.084505e-08, elapsed = 5785.3 sec
Step =   8331: nodes = 12103, dt = 6.043475e-12, time = 3.085109e-08, elapsed = 5786.0 sec
Step =   8332: nodes = 12105, dt = 3.626085e-12, time = 3.085471e-08, elapsed = 5786.7 sec
Step =   8333: nodes = 12103, dt = 3.626085e-12, time = 3.085834e-08, elapsed = 5787.3 sec
Step =   8334: nodes = 12109, dt = 4.351302e-12, time = 3.086269e-08, elapsed = 5788.0 sec
Step =   8335: nodes = 12104, dt = 5.221563e-12, time = 3.086791e-08, elapsed = 5788.6 sec
Step =   8336: nodes = 12099, dt = 6.265875e-12, time = 3.087418e-08, elapsed = 5789.3 sec
Step =   8337: nodes = 12100, dt = 3.759525e-12, time = 3.087794e-08, elapsed = 5790.1 sec
Step =   8338: nodes = 12099, dt = 3.759525e-12, time = 3.088170e-08, elapsed = 5790.7 sec
Step =   8339: nodes = 12100, dt = 4.511430e-12, time = 3.088621e-08, elapsed = 5791.3 sec
Step =   8340: nodes = 12104, dt = 5.413716e-12, time = 3.089162e-08, elapsed = 5792.0 sec
Step =   8341: nodes = 12102, dt = 6.496459e-12, time = 3.089812e-08, elapsed = 5792.6 sec
Step =   8342: nodes = 12105, dt = 7.795751e-12, time = 3.090592e-08, elapsed = 5793.3 sec
Step =   8343: nodes = 12106, dt = 4.677451e-12, time = 3.091059e-08, elapsed = 5794.0 sec
Step =   8344: nodes = 12112, dt = 4.677451e-12, time = 3.091527e-08, elapsed = 5794.6 sec
Step =   8345: nodes = 12106, dt = 5.612941e-12, time = 3.092088e-08, elapsed = 5795.2 sec
Step =   8346: nodes = 12107, dt = 6.735529e-12, time = 3.092762e-08, elapsed = 5795.9 sec
Step =   8347: nodes = 12110, dt = 4.041317e-12, time = 3.093166e-08, elapsed = 5796.7 sec
Step =   8348: nodes = 12106, dt = 4.041317e-12, time = 3.093570e-08, elapsed = 5797.3 sec
Step =   8349: nodes = 12103, dt = 4.849581e-12, time = 3.094055e-08, elapsed = 5798.3 sec
Step =   8350: nodes = 12105, dt = 5.819497e-12, time = 3.094637e-08, elapsed = 5799.0 sec
Step =   8351: nodes = 12110, dt = 3.491698e-12, time = 3.094986e-08, elapsed = 5799.8 sec
Step =   8352: nodes = 12110, dt = 3.491698e-12, time = 3.095335e-08, elapsed = 5800.4 sec
Step =   8353: nodes = 12105, dt = 4.190038e-12, time = 3.095754e-08, elapsed = 5801.0 sec
Step =   8354: nodes = 12104, dt = 5.028046e-12, time = 3.096257e-08, elapsed = 5801.7 sec
Step =   8355: nodes = 12104, dt = 3.016827e-12, time = 3.096559e-08, elapsed = 5802.4 sec
Step =   8356: nodes = 12103, dt = 3.016827e-12, time = 3.096861e-08, elapsed = 5803.0 sec
Step =   8357: nodes = 12107, dt = 3.620193e-12, time = 3.097223e-08, elapsed = 5803.6 sec
Step =   8358: nodes = 12105, dt = 4.344231e-12, time = 3.097657e-08, elapsed = 5804.3 sec
Step =   8359: nodes = 12101, dt = 2.606539e-12, time = 3.097918e-08, elapsed = 5805.0 sec
Step =   8360: nodes = 12104, dt = 2.606539e-12, time = 3.098178e-08, elapsed = 5805.5 sec
Step =   8361: nodes = 12106, dt = 3.127847e-12, time = 3.098491e-08, elapsed = 5806.0 sec
Step =   8362: nodes = 12113, dt = 3.753416e-12, time = 3.098866e-08, elapsed = 5806.5 sec
Step =   8363: nodes = 12114, dt = 4.504099e-12, time = 3.099317e-08, elapsed = 5807.1 sec
Step =   8364: nodes = 12116, dt = 2.702459e-12, time = 3.099587e-08, elapsed = 5807.8 sec
Step =   8365: nodes = 12110, dt = 2.702459e-12, time = 3.099857e-08, elapsed = 5808.3 sec
Step =   8366: nodes = 12116, dt = 3.242951e-12, time = 3.100182e-08, elapsed = 5808.8 sec
Step =   8367: nodes = 12113, dt = 3.891542e-12, time = 3.100571e-08, elapsed = 5809.4 sec
Step =   8368: nodes = 12109, dt = 4.669850e-12, time = 3.101038e-08, elapsed = 5809.9 sec
Step =   8369: nodes = 12119, dt = 2.801910e-12, time = 3.101318e-08, elapsed = 5810.7 sec
Step =   8370: nodes = 12118, dt = 2.801910e-12, time = 3.101598e-08, elapsed = 5811.2 sec
Step =   8371: nodes = 12117, dt = 3.362292e-12, time = 3.101934e-08, elapsed = 5811.7 sec
Step =   8372: nodes = 12116, dt = 4.034750e-12, time = 3.102338e-08, elapsed = 5812.2 sec
Step =   8373: nodes = 12118, dt = 4.841700e-12, time = 3.102822e-08, elapsed = 5812.8 sec
Step =   8374: nodes = 12121, dt = 2.905020e-12, time = 3.103113e-08, elapsed = 5813.5 sec
Step =   8375: nodes = 12119, dt = 2.905020e-12, time = 3.103403e-08, elapsed = 5814.1 sec
Step =   8376: nodes = 12113, dt = 3.486024e-12, time = 3.103752e-08, elapsed = 5814.6 sec
Step =   8377: nodes = 12114, dt = 4.183229e-12, time = 3.104170e-08, elapsed = 5815.1 sec
Step =   8378: nodes = 12113, dt = 2.509937e-12, time = 3.104421e-08, elapsed = 5815.9 sec
Step =   8379: nodes = 12117, dt = 2.509937e-12, time = 3.104672e-08, elapsed = 5816.4 sec
Step =   8380: nodes = 12113, dt = 3.011925e-12, time = 3.104973e-08, elapsed = 5816.9 sec
Step =   8381: nodes = 12112, dt = 3.614310e-12, time = 3.105335e-08, elapsed = 5817.5 sec
Step =   8382: nodes = 12115, dt = 4.337172e-12, time = 3.105768e-08, elapsed = 5818.0 sec
Step =   8383: nodes = 12111, dt = 5.204606e-12, time = 3.106289e-08, elapsed = 5818.5 sec
Step =   8384: nodes = 12115, dt = 6.245528e-12, time = 3.106913e-08, elapsed = 5819.2 sec
Step =   8385: nodes = 12116, dt = 3.747317e-12, time = 3.107288e-08, elapsed = 5819.9 sec
Step =   8386: nodes = 12114, dt = 3.747317e-12, time = 3.107663e-08, elapsed = 5820.5 sec
Step =   8387: nodes = 12116, dt = 4.496780e-12, time = 3.108112e-08, elapsed = 5821.0 sec
Step =   8388: nodes = 12114, dt = 5.396136e-12, time = 3.108652e-08, elapsed = 5821.6 sec
Step =   8389: nodes = 12114, dt = 3.237682e-12, time = 3.108976e-08, elapsed = 5822.4 sec
Step =   8390: nodes = 12113, dt = 3.237682e-12, time = 3.109300e-08, elapsed = 5822.9 sec
Step =   8391: nodes = 12116, dt = 3.885218e-12, time = 3.109688e-08, elapsed = 5823.5 sec
Step =   8392: nodes = 12114, dt = 4.662261e-12, time = 3.110154e-08, elapsed = 5824.1 sec
Step =   8393: nodes = 12113, dt = 5.594714e-12, time = 3.110714e-08, elapsed = 5824.8 sec
Step =   8394: nodes = 12109, dt = 6.713656e-12, time = 3.111385e-08, elapsed = 5825.4 sec
Step =   8395: nodes = 12114, dt = 4.028194e-12, time = 3.111788e-08, elapsed = 5826.1 sec
Step =   8396: nodes = 12119, dt = 4.028194e-12, time = 3.112191e-08, elapsed = 5826.7 sec
Step =   8397: nodes = 12113, dt = 4.833833e-12, time = 3.112674e-08, elapsed = 5827.3 sec
Step =   8398: nodes = 12115, dt = 5.800599e-12, time = 3.113254e-08, elapsed = 5828.3 sec
Step =   8399: nodes = 12118, dt = 6.960719e-12, time = 3.113950e-08, elapsed = 5828.9 sec
Step =   8400: nodes = 12118, dt = 4.176431e-12, time = 3.114368e-08, elapsed = 5829.7 sec
Writing configuration in legacy data format
 Output file: /data/home/dg000246b/openDIS/inital_dislocation_structures/output_caseC_0.18%_seed12345/relax2/config.8400.data
Writing restart file
 Restart file: /data/home/dg000246b/openDIS/inital_dislocation_structures/output_caseC_0.18%_seed12345/relax2/restart.8400.exadis
Step =   8401: nodes = 12118, dt = 4.176431e-12, time = 3.114786e-08, elapsed = 5830.4 sec
Step =   8402: nodes = 12117, dt = 5.011718e-12, time = 3.115287e-08, elapsed = 5830.9 sec
Step =   8403: nodes = 12117, dt = 3.007031e-12, time = 3.115588e-08, elapsed = 5831.7 sec
Step =   8404: nodes = 12117, dt = 3.007031e-12, time = 3.115888e-08, elapsed = 5832.2 sec
Step =   8405: nodes = 12114, dt = 3.608437e-12, time = 3.116249e-08, elapsed = 5832.8 sec
Step =   8406: nodes = 12115, dt = 4.330124e-12, time = 3.116682e-08, elapsed = 5833.4 sec
Step =   8407: nodes = 12113, dt = 2.598074e-12, time = 3.116942e-08, elapsed = 5834.1 sec
Step =   8408: nodes = 12110, dt = 2.598074e-12, time = 3.117202e-08, elapsed = 5834.7 sec
Step =   8409: nodes = 12109, dt = 3.117689e-12, time = 3.117513e-08, elapsed = 5835.2 sec
Step =   8410: nodes = 12111, dt = 3.741227e-12, time = 3.117888e-08, elapsed = 5835.8 sec
Step =   8411: nodes = 12109, dt = 4.489473e-12, time = 3.118337e-08, elapsed = 5836.4 sec
Step =   8412: nodes = 12108, dt = 5.387367e-12, time = 3.118875e-08, elapsed = 5837.1 sec
Step =   8413: nodes = 12113, dt = 6.464841e-12, time = 3.119522e-08, elapsed = 5837.7 sec
Step =   8414: nodes = 12109, dt = 3.878904e-12, time = 3.119910e-08, elapsed = 5838.4 sec
Step =   8415: nodes = 12104, dt = 3.878904e-12, time = 3.120298e-08, elapsed = 5839.0 sec
Step =   8416: nodes = 12109, dt = 4.654685e-12, time = 3.120763e-08, elapsed = 5839.5 sec
Step =   8417: nodes = 12109, dt = 5.585622e-12, time = 3.121322e-08, elapsed = 5840.1 sec
Step =   8418: nodes = 12105, dt = 6.702747e-12, time = 3.121992e-08, elapsed = 5840.8 sec
Step =   8419: nodes = 12106, dt = 4.021648e-12, time = 3.122394e-08, elapsed = 5841.5 sec
Step =   8420: nodes = 12107, dt = 4.021648e-12, time = 3.122796e-08, elapsed = 5842.1 sec
Step =   8421: nodes = 12099, dt = 4.825978e-12, time = 3.123279e-08, elapsed = 5842.7 sec
Step =   8422: nodes = 12103, dt = 5.791173e-12, time = 3.123858e-08, elapsed = 5843.3 sec
Step =   8423: nodes = 12102, dt = 3.474704e-12, time = 3.124205e-08, elapsed = 5844.1 sec
Step =   8424: nodes = 12102, dt = 3.474704e-12, time = 3.124553e-08, elapsed = 5844.6 sec
Step =   8425: nodes = 12099, dt = 4.169645e-12, time = 3.124970e-08, elapsed = 5845.2 sec
Step =   8426: nodes = 12102, dt = 5.003574e-12, time = 3.125470e-08, elapsed = 5845.8 sec
Step =   8427: nodes = 12100, dt = 6.004288e-12, time = 3.126071e-08, elapsed = 5846.4 sec
Step =   8428: nodes = 12101, dt = 7.205146e-12, time = 3.126791e-08, elapsed = 5847.0 sec
Step =   8429: nodes = 12098, dt = 4.323088e-12, time = 3.127223e-08, elapsed = 5847.9 sec
Step =   8430: nodes = 12100, dt = 4.323088e-12, time = 3.127656e-08, elapsed = 5848.5 sec
Step =   8431: nodes = 12099, dt = 5.187705e-12, time = 3.128175e-08, elapsed = 5849.1 sec
Step =   8432: nodes = 12102, dt = 6.225246e-12, time = 3.128797e-08, elapsed = 5849.7 sec
Step =   8433: nodes = 12099, dt = 3.735148e-12, time = 3.129171e-08, elapsed = 5850.4 sec
Step =   8434: nodes = 12092, dt = 3.735148e-12, time = 3.129544e-08, elapsed = 5851.0 sec
Step =   8435: nodes = 12089, dt = 4.482177e-12, time = 3.129992e-08, elapsed = 5851.6 sec
Step =   8436: nodes = 12089, dt = 5.378613e-12, time = 3.130530e-08, elapsed = 5852.2 sec
Step =   8437: nodes = 12078, dt = 3.227168e-12, time = 3.130853e-08, elapsed = 5852.9 sec
Step =   8438: nodes = 12088, dt = 3.227168e-12, time = 3.131176e-08, elapsed = 5853.4 sec
Step =   8439: nodes = 12086, dt = 3.872601e-12, time = 3.131563e-08, elapsed = 5854.0 sec
Step =   8440: nodes = 12091, dt = 4.647121e-12, time = 3.132028e-08, elapsed = 5854.6 sec
Step =   8441: nodes = 12096, dt = 5.576546e-12, time = 3.132585e-08, elapsed = 5855.3 sec
Step =   8442: nodes = 12097, dt = 6.691855e-12, time = 3.133254e-08, elapsed = 5855.9 sec
Step =   8443: nodes = 12102, dt = 4.015113e-12, time = 3.133656e-08, elapsed = 5856.7 sec
Step =   8444: nodes = 12100, dt = 4.015113e-12, time = 3.134057e-08, elapsed = 5857.2 sec
Step =   8445: nodes = 12103, dt = 4.818135e-12, time = 3.134539e-08, elapsed = 5857.8 sec
Step =   8446: nodes = 12100, dt = 5.781763e-12, time = 3.135117e-08, elapsed = 5858.7 sec
Step =   8447: nodes = 12107, dt = 3.469058e-12, time = 3.135464e-08, elapsed = 5859.5 sec
Step =   8448: nodes = 12103, dt = 3.469058e-12, time = 3.135811e-08, elapsed = 5860.0 sec
Step =   8449: nodes = 12104, dt = 4.162869e-12, time = 3.136227e-08, elapsed = 5860.6 sec
Step =   8450: nodes = 12105, dt = 2.497721e-12, time = 3.136477e-08, elapsed = 5861.4 sec
Step =   8451: nodes = 12104, dt = 6.244304e-13, time = 3.136540e-08, elapsed = 5862.3 sec
Step =   8452: nodes = 12104, dt = 6.244304e-13, time = 3.136602e-08, elapsed = 5862.7 sec
Step =   8453: nodes = 12102, dt = 7.493164e-13, time = 3.136677e-08, elapsed = 5863.2 sec
Step =   8454: nodes = 12103, dt = 8.991797e-13, time = 3.136767e-08, elapsed = 5863.7 sec
Step =   8455: nodes = 12098, dt = 1.079016e-12, time = 3.136875e-08, elapsed = 5864.2 sec
Step =   8456: nodes = 12097, dt = 1.294819e-12, time = 3.137004e-08, elapsed = 5864.7 sec
Step =   8457: nodes = 12096, dt = 1.553783e-12, time = 3.137160e-08, elapsed = 5865.2 sec
Step =   8458: nodes = 12092, dt = 1.864539e-12, time = 3.137346e-08, elapsed = 5865.7 sec
Step =   8459: nodes = 12092, dt = 2.237447e-12, time = 3.137570e-08, elapsed = 5866.2 sec
Step =   8460: nodes = 12089, dt = 2.684936e-12, time = 3.137838e-08, elapsed = 5866.8 sec
Step =   8461: nodes = 12077, dt = 3.221923e-12, time = 3.138161e-08, elapsed = 5867.3 sec
Step =   8462: nodes = 12087, dt = 3.866308e-12, time = 3.138547e-08, elapsed = 5867.9 sec
Step =   8463: nodes = 12085, dt = 2.319785e-12, time = 3.138779e-08, elapsed = 5868.6 sec
Step =   8464: nodes = 12084, dt = 2.319785e-12, time = 3.139011e-08, elapsed = 5869.2 sec
Step =   8465: nodes = 12087, dt = 2.783742e-12, time = 3.139290e-08, elapsed = 5869.7 sec
Step =   8466: nodes = 12087, dt = 3.340490e-12, time = 3.139624e-08, elapsed = 5870.3 sec
Step =   8467: nodes = 12088, dt = 4.008588e-12, time = 3.140025e-08, elapsed = 5870.8 sec
Step =   8468: nodes = 12089, dt = 2.405153e-12, time = 3.140265e-08, elapsed = 5871.6 sec
Step =   8469: nodes = 12085, dt = 2.405153e-12, time = 3.140506e-08, elapsed = 5872.1 sec
Step =   8470: nodes = 12086, dt = 2.886184e-12, time = 3.140794e-08, elapsed = 5872.7 sec
Step =   8471: nodes = 12079, dt = 3.463420e-12, time = 3.141141e-08, elapsed = 5873.2 sec
Step =   8472: nodes = 12088, dt = 2.078052e-12, time = 3.141348e-08, elapsed = 5873.9 sec
Step =   8473: nodes = 12085, dt = 1.039026e-12, time = 3.141452e-08, elapsed = 5874.6 sec
Step =   8474: nodes = 12083, dt = 1.039026e-12, time = 3.141556e-08, elapsed = 5875.1 sec
Step =   8475: nodes = 12080, dt = 1.246831e-12, time = 3.141681e-08, elapsed = 5875.6 sec
Step =   8476: nodes = 12079, dt = 1.496198e-12, time = 3.141830e-08, elapsed = 5876.1 sec
Step =   8477: nodes = 12079, dt = 1.795437e-12, time = 3.142010e-08, elapsed = 5876.5 sec
Step =   8478: nodes = 12079, dt = 2.154524e-12, time = 3.142225e-08, elapsed = 5877.0 sec
Step =   8479: nodes = 12072, dt = 2.585429e-12, time = 3.142484e-08, elapsed = 5877.6 sec
Step =   8480: nodes = 12072, dt = 3.102515e-12, time = 3.142794e-08, elapsed = 5878.1 sec
Step =   8481: nodes = 12069, dt = 3.723018e-12, time = 3.143167e-08, elapsed = 5878.7 sec
Step =   8482: nodes = 12067, dt = 2.233811e-12, time = 3.143390e-08, elapsed = 5879.4 sec
Step =   8483: nodes = 12063, dt = 2.233811e-12, time = 3.143613e-08, elapsed = 5879.9 sec
Step =   8484: nodes = 12063, dt = 2.680573e-12, time = 3.143881e-08, elapsed = 5880.5 sec
Step =   8485: nodes = 12063, dt = 3.216688e-12, time = 3.144203e-08, elapsed = 5881.0 sec
Step =   8486: nodes = 12064, dt = 3.860025e-12, time = 3.144589e-08, elapsed = 5881.6 sec
Step =   8487: nodes = 12068, dt = 4.632030e-12, time = 3.145052e-08, elapsed = 5882.2 sec
Step =   8488: nodes = 12061, dt = 5.558437e-12, time = 3.145608e-08, elapsed = 5882.8 sec
Step =   8489: nodes = 12060, dt = 3.335062e-12, time = 3.145942e-08, elapsed = 5883.6 sec
Step =   8490: nodes = 12060, dt = 3.335062e-12, time = 3.146275e-08, elapsed = 5884.2 sec
Step =   8491: nodes = 12062, dt = 4.002074e-12, time = 3.146675e-08, elapsed = 5884.7 sec
Step =   8492: nodes = 12063, dt = 2.401245e-12, time = 3.146915e-08, elapsed = 5885.5 sec
Step =   8493: nodes = 12060, dt = 2.401245e-12, time = 3.147156e-08, elapsed = 5886.0 sec
Step =   8494: nodes = 12060, dt = 2.881494e-12, time = 3.147444e-08, elapsed = 5886.6 sec
Step =   8495: nodes = 12062, dt = 3.457792e-12, time = 3.147789e-08, elapsed = 5887.1 sec
Step =   8496: nodes = 12062, dt = 4.149351e-12, time = 3.148204e-08, elapsed = 5887.8 sec
Step =   8497: nodes = 12061, dt = 2.489610e-12, time = 3.148453e-08, elapsed = 5888.7 sec
Step =   8498: nodes = 12067, dt = 2.489610e-12, time = 3.148702e-08, elapsed = 5889.3 sec
Step =   8499: nodes = 12065, dt = 2.987532e-12, time = 3.149001e-08, elapsed = 5889.9 sec
Step =   8500: nodes = 12069, dt = 3.585039e-12, time = 3.149360e-08, elapsed = 5890.5 sec
Writing configuration in legacy data format
 Output file: /data/home/dg000246b/openDIS/inital_dislocation_structures/output_caseC_0.18%_seed12345/relax2/config.8500.data
Writing restart file
 Restart file: /data/home/dg000246b/openDIS/inital_dislocation_structures/output_caseC_0.18%_seed12345/relax2/restart.8500.exadis
Step =   8501: nodes = 12067, dt = 4.302047e-12, time = 3.149790e-08, elapsed = 5891.2 sec
Step =   8502: nodes = 12067, dt = 5.162456e-12, time = 3.150306e-08, elapsed = 5891.8 sec
Step =   8503: nodes = 12071, dt = 3.097474e-12, time = 3.150616e-08, elapsed = 5892.6 sec
Step =   8504: nodes = 12072, dt = 3.097474e-12, time = 3.150926e-08, elapsed = 5893.2 sec
Step =   8505: nodes = 12065, dt = 3.716968e-12, time = 3.151297e-08, elapsed = 5893.8 sec
Step =   8506: nodes = 12072, dt = 4.460362e-12, time = 3.151743e-08, elapsed = 5894.4 sec
Step =   8507: nodes = 12072, dt = 2.676217e-12, time = 3.152011e-08, elapsed = 5895.2 sec
Step =   8508: nodes = 12071, dt = 2.676217e-12, time = 3.152278e-08, elapsed = 5895.8 sec
Step =   8509: nodes = 12074, dt = 3.211461e-12, time = 3.152600e-08, elapsed = 5896.4 sec
Step =   8510: nodes = 12075, dt = 3.853753e-12, time = 3.152985e-08, elapsed = 5896.9 sec
Step =   8511: nodes = 12074, dt = 4.624503e-12, time = 3.153447e-08, elapsed = 5897.6 sec
Step =   8512: nodes = 12074, dt = 2.774702e-12, time = 3.153725e-08, elapsed = 5898.3 sec
Step =   8513: nodes = 12075, dt = 2.774702e-12, time = 3.154002e-08, elapsed = 5898.8 sec
Step =   8514: nodes = 12076, dt = 3.329642e-12, time = 3.154335e-08, elapsed = 5899.4 sec
Step =   8515: nodes = 12080, dt = 3.995571e-12, time = 3.154735e-08, elapsed = 5899.9 sec
Step =   8516: nodes = 12072, dt = 4.794685e-12, time = 3.155214e-08, elapsed = 5900.6 sec
Step =   8517: nodes = 12070, dt = 5.753622e-12, time = 3.155790e-08, elapsed = 5901.3 sec
Step =   8518: nodes = 12063, dt = 6.904347e-12, time = 3.156480e-08, elapsed = 5901.9 sec
Step =   8519: nodes = 12066, dt = 4.142608e-12, time = 3.156894e-08, elapsed = 5902.7 sec
Step =   8520: nodes = 12066, dt = 4.142608e-12, time = 3.157309e-08, elapsed = 5903.3 sec
Step =   8521: nodes = 12071, dt = 4.971130e-12, time = 3.157806e-08, elapsed = 5903.9 sec
Step =   8522: nodes = 12070, dt = 5.965355e-12, time = 3.158402e-08, elapsed = 5904.6 sec
Step =   8523: nodes = 12064, dt = 7.158427e-12, time = 3.159118e-08, elapsed = 5905.3 sec
Step =   8524: nodes = 12060, dt = 4.295056e-12, time = 3.159548e-08, elapsed = 5906.0 sec
Step =   8525: nodes = 12056, dt = 4.295056e-12, time = 3.159977e-08, elapsed = 5906.6 sec
Step =   8526: nodes = 12057, dt = 5.154067e-12, time = 3.160493e-08, elapsed = 5907.2 sec
Step =   8527: nodes = 12062, dt = 6.184881e-12, time = 3.161111e-08, elapsed = 5907.9 sec
Step =   8528: nodes = 12061, dt = 3.710928e-12, time = 3.161482e-08, elapsed = 5908.6 sec
Step =   8529: nodes = 12063, dt = 3.710928e-12, time = 3.161853e-08, elapsed = 5909.1 sec
Step =   8530: nodes = 12061, dt = 4.453114e-12, time = 3.162299e-08, elapsed = 5909.8 sec
Step =   8531: nodes = 12058, dt = 5.343737e-12, time = 3.162833e-08, elapsed = 5910.4 sec
Step =   8532: nodes = 12064, dt = 6.412484e-12, time = 3.163474e-08, elapsed = 5911.1 sec
Step =   8533: nodes = 12063, dt = 3.847490e-12, time = 3.163859e-08, elapsed = 5911.8 sec
Step =   8534: nodes = 12059, dt = 3.847490e-12, time = 3.164244e-08, elapsed = 5912.4 sec
Step =   8535: nodes = 12064, dt = 4.616989e-12, time = 3.164705e-08, elapsed = 5913.0 sec
Step =   8536: nodes = 12061, dt = 5.540386e-12, time = 3.165259e-08, elapsed = 5913.6 sec
Step =   8537: nodes = 12060, dt = 6.648464e-12, time = 3.165924e-08, elapsed = 5914.3 sec
Step =   8538: nodes = 12058, dt = 3.989078e-12, time = 3.166323e-08, elapsed = 5915.1 sec
Step =   8539: nodes = 12062, dt = 3.989078e-12, time = 3.166722e-08, elapsed = 5915.8 sec
Step =   8540: nodes = 12057, dt = 4.786894e-12, time = 3.167201e-08, elapsed = 5916.4 sec
Step =   8541: nodes = 12057, dt = 5.744273e-12, time = 3.167775e-08, elapsed = 5917.0 sec
Step =   8542: nodes = 12051, dt = 6.893127e-12, time = 3.168465e-08, elapsed = 5917.7 sec
Step =   8543: nodes = 12053, dt = 4.135876e-12, time = 3.168878e-08, elapsed = 5918.7 sec
Step =   8544: nodes = 12054, dt = 4.135876e-12, time = 3.169292e-08, elapsed = 5919.4 sec
Step =   8545: nodes = 12055, dt = 4.963051e-12, time = 3.169788e-08, elapsed = 5920.0 sec
Step =   8546: nodes = 12057, dt = 5.955662e-12, time = 3.170384e-08, elapsed = 5920.6 sec
Step =   8547: nodes = 12055, dt = 7.146794e-12, time = 3.171098e-08, elapsed = 5921.2 sec
Step =   8548: nodes = 12058, dt = 4.288076e-12, time = 3.171527e-08, elapsed = 5922.0 sec
Step =   8549: nodes = 12057, dt = 4.288076e-12, time = 3.171956e-08, elapsed = 5922.6 sec
Step =   8550: nodes = 12054, dt = 5.145692e-12, time = 3.172470e-08, elapsed = 5923.1 sec
Step =   8551: nodes = 12053, dt = 6.174830e-12, time = 3.173088e-08, elapsed = 5923.8 sec
Step =   8552: nodes = 12054, dt = 3.704898e-12, time = 3.173458e-08, elapsed = 5924.6 sec
Step =   8553: nodes = 12052, dt = 3.704898e-12, time = 3.173829e-08, elapsed = 5925.2 sec
Step =   8554: nodes = 12049, dt = 4.445878e-12, time = 3.174274e-08, elapsed = 5925.9 sec
Step =   8555: nodes = 12050, dt = 5.335053e-12, time = 3.174807e-08, elapsed = 5926.5 sec
Step =   8556: nodes = 12053, dt = 6.402064e-12, time = 3.175447e-08, elapsed = 5927.1 sec
Step =   8557: nodes = 12052, dt = 3.841238e-12, time = 3.175831e-08, elapsed = 5928.0 sec
Step =   8558: nodes = 12048, dt = 3.841238e-12, time = 3.176215e-08, elapsed = 5928.6 sec
Step =   8559: nodes = 12052, dt = 4.609486e-12, time = 3.176676e-08, elapsed = 5929.1 sec
Step =   8560: nodes = 12054, dt = 5.531383e-12, time = 3.177230e-08, elapsed = 5929.7 sec
Step =   8561: nodes = 12050, dt = 3.318830e-12, time = 3.177561e-08, elapsed = 5930.4 sec
Step =   8562: nodes = 12050, dt = 3.318830e-12, time = 3.177893e-08, elapsed = 5931.0 sec
Step =   8563: nodes = 12049, dt = 3.982596e-12, time = 3.178292e-08, elapsed = 5931.6 sec
Step =   8564: nodes = 12049, dt = 4.779115e-12, time = 3.178769e-08, elapsed = 5932.1 sec
Step =   8565: nodes = 12050, dt = 5.734938e-12, time = 3.179343e-08, elapsed = 5932.8 sec
Step =   8566: nodes = 12047, dt = 6.881926e-12, time = 3.180031e-08, elapsed = 5933.4 sec
Step =   8567: nodes = 12054, dt = 4.129155e-12, time = 3.180444e-08, elapsed = 5934.1 sec
Step =   8568: nodes = 12051, dt = 4.129155e-12, time = 3.180857e-08, elapsed = 5934.8 sec
Step =   8569: nodes = 12052, dt = 4.954986e-12, time = 3.181353e-08, elapsed = 5935.4 sec
Step =   8570: nodes = 12049, dt = 5.945984e-12, time = 3.181947e-08, elapsed = 5936.0 sec
Step =   8571: nodes = 12048, dt = 7.135181e-12, time = 3.182661e-08, elapsed = 5936.6 sec
Step =   8572: nodes = 12047, dt = 4.281108e-12, time = 3.183089e-08, elapsed = 5937.4 sec
Step =   8573: nodes = 12047, dt = 2.140554e-12, time = 3.183303e-08, elapsed = 5938.1 sec
Step =   8574: nodes = 12048, dt = 2.140554e-12, time = 3.183517e-08, elapsed = 5938.6 sec
Step =   8575: nodes = 12043, dt = 2.568665e-12, time = 3.183774e-08, elapsed = 5939.2 sec
Step =   8576: nodes = 12040, dt = 3.082398e-12, time = 3.184082e-08, elapsed = 5939.7 sec
Step =   8577: nodes = 12036, dt = 1.849439e-12, time = 3.184267e-08, elapsed = 5940.4 sec
Step =   8578: nodes = 12037, dt = 1.849439e-12, time = 3.184452e-08, elapsed = 5940.9 sec
Step =   8579: nodes = 12031, dt = 2.219327e-12, time = 3.184674e-08, elapsed = 5941.4 sec
Step =   8580: nodes = 12028, dt = 2.663192e-12, time = 3.184940e-08, elapsed = 5941.9 sec
Step =   8581: nodes = 12032, dt = 3.195830e-12, time = 3.185260e-08, elapsed = 5942.5 sec
Step =   8582: nodes = 12034, dt = 3.834996e-12, time = 3.185643e-08, elapsed = 5943.0 sec
Step =   8583: nodes = 12039, dt = 4.601996e-12, time = 3.186103e-08, elapsed = 5943.6 sec
Step =   8584: nodes = 12033, dt = 2.761197e-12, time = 3.186379e-08, elapsed = 5944.3 sec
Step =   8585: nodes = 12031, dt = 2.761197e-12, time = 3.186656e-08, elapsed = 5944.8 sec
Step =   8586: nodes = 12023, dt = 3.313437e-12, time = 3.186987e-08, elapsed = 5945.3 sec
Step =   8587: nodes = 12024, dt = 3.976124e-12, time = 3.187385e-08, elapsed = 5945.9 sec
Step =   8588: nodes = 12025, dt = 4.771349e-12, time = 3.187862e-08, elapsed = 5946.5 sec
Step =   8589: nodes = 12026, dt = 2.862809e-12, time = 3.188148e-08, elapsed = 5947.2 sec
Step =   8590: nodes = 12027, dt = 2.862809e-12, time = 3.188434e-08, elapsed = 5947.8 sec
Step =   8591: nodes = 12032, dt = 3.435371e-12, time = 3.188778e-08, elapsed = 5948.6 sec
Step =   8592: nodes = 12030, dt = 4.122446e-12, time = 3.189190e-08, elapsed = 5949.1 sec
Step =   8593: nodes = 12029, dt = 4.946935e-12, time = 3.189685e-08, elapsed = 5949.7 sec
Step =   8594: nodes = 12036, dt = 2.968161e-12, time = 3.189982e-08, elapsed = 5950.5 sec
Step =   8595: nodes = 12032, dt = 2.968161e-12, time = 3.190278e-08, elapsed = 5951.0 sec
Step =   8596: nodes = 12030, dt = 1.780896e-12, time = 3.190456e-08, elapsed = 5951.7 sec
Step =   8597: nodes = 12030, dt = 1.780896e-12, time = 3.190635e-08, elapsed = 5952.2 sec
Step =   8598: nodes = 12031, dt = 2.137076e-12, time = 3.190848e-08, elapsed = 5952.7 sec
Step =   8599: nodes = 12031, dt = 2.564491e-12, time = 3.191105e-08, elapsed = 5953.2 sec
Step =   8600: nodes = 12026, dt = 3.077389e-12, time = 3.191412e-08, elapsed = 5953.8 sec
Writing configuration in legacy data format
 Output file: /data/home/dg000246b/openDIS/inital_dislocation_structures/output_caseC_0.18%_seed12345/relax2/config.8600.data
Writing restart file
 Restart file: /data/home/dg000246b/openDIS/inital_dislocation_structures/output_caseC_0.18%_seed12345/relax2/restart.8600.exadis
Step =   8601: nodes = 12021, dt = 3.692867e-12, time = 3.191782e-08, elapsed = 5954.5 sec
Step =   8602: nodes = 12022, dt = 4.431440e-12, time = 3.192225e-08, elapsed = 5955.0 sec
Step =   8603: nodes = 12013, dt = 2.658864e-12, time = 3.192491e-08, elapsed = 5955.7 sec
Step =   8604: nodes = 12020, dt = 2.658864e-12, time = 3.192757e-08, elapsed = 5956.2 sec
Step =   8605: nodes = 12026, dt = 3.190637e-12, time = 3.193076e-08, elapsed = 5956.8 sec
Step =   8606: nodes = 12024, dt = 3.828764e-12, time = 3.193459e-08, elapsed = 5957.3 sec
Step =   8607: nodes = 12020, dt = 4.594517e-12, time = 3.193918e-08, elapsed = 5957.8 sec
Step =   8608: nodes = 12023, dt = 5.513421e-12, time = 3.194469e-08, elapsed = 5958.4 sec
Step =   8609: nodes = 12022, dt = 6.616105e-12, time = 3.195131e-08, elapsed = 5959.1 sec
Step =   8610: nodes = 12024, dt = 7.939326e-12, time = 3.195925e-08, elapsed = 5959.8 sec
Step =   8611: nodes = 12022, dt = 9.527191e-12, time = 3.196878e-08, elapsed = 5960.5 sec
Step =   8612: nodes = 12033, dt = 5.716315e-12, time = 3.197449e-08, elapsed = 5961.3 sec
Step =   8613: nodes = 12033, dt = 5.716315e-12, time = 3.198021e-08, elapsed = 5961.8 sec
Step =   8614: nodes = 12047, dt = 6.859578e-12, time = 3.198707e-08, elapsed = 5962.5 sec
Step =   8615: nodes = 12044, dt = 8.231493e-12, time = 3.199530e-08, elapsed = 5963.2 sec
Step =   8616: nodes = 12046, dt = 9.877792e-12, time = 3.200518e-08, elapsed = 5963.9 sec
Step =   8617: nodes = 12048, dt = 5.926675e-12, time = 3.201110e-08, elapsed = 5964.7 sec
Step =   8618: nodes = 12051, dt = 5.926675e-12, time = 3.201703e-08, elapsed = 5965.3 sec
Step =   8619: nodes = 12056, dt = 7.112010e-12, time = 3.202414e-08, elapsed = 5965.9 sec
Step =   8620: nodes = 12051, dt = 8.534412e-12, time = 3.203268e-08, elapsed = 5966.6 sec
Step =   8621: nodes = 12050, dt = 1.024129e-11, time = 3.204292e-08, elapsed = 5967.4 sec
Step =   8622: nodes = 12047, dt = 6.144777e-12, time = 3.204906e-08, elapsed = 5968.2 sec
Step =   8623: nodes = 12047, dt = 6.144777e-12, time = 3.205521e-08, elapsed = 5968.8 sec
Step =   8624: nodes = 12045, dt = 7.373732e-12, time = 3.206258e-08, elapsed = 5969.4 sec
Step =   8625: nodes = 12045, dt = 8.848478e-12, time = 3.207143e-08, elapsed = 5970.2 sec
Step =   8626: nodes = 12041, dt = 1.061817e-11, time = 3.208205e-08, elapsed = 5971.0 sec
Step =   8627: nodes = 12036, dt = 6.370904e-12, time = 3.208842e-08, elapsed = 5971.8 sec
Step =   8628: nodes = 12043, dt = 6.370904e-12, time = 3.209479e-08, elapsed = 5972.4 sec
Step =   8629: nodes = 12041, dt = 7.645085e-12, time = 3.210244e-08, elapsed = 5973.1 sec
Step =   8630: nodes = 12047, dt = 9.174102e-12, time = 3.211161e-08, elapsed = 5973.8 sec
Step =   8631: nodes = 12044, dt = 5.504461e-12, time = 3.211711e-08, elapsed = 5974.6 sec
Step =   8632: nodes = 12043, dt = 5.504461e-12, time = 3.212262e-08, elapsed = 5975.3 sec
Step =   8633: nodes = 12044, dt = 6.605354e-12, time = 3.212922e-08, elapsed = 5976.0 sec
Step =   8634: nodes = 12042, dt = 3.963212e-12, time = 3.213319e-08, elapsed = 5976.7 sec
Step =   8635: nodes = 12046, dt = 3.963212e-12, time = 3.213715e-08, elapsed = 5977.3 sec
Step =   8636: nodes = 12038, dt = 4.755855e-12, time = 3.214191e-08, elapsed = 5977.9 sec
Step =   8637: nodes = 12035, dt = 5.707026e-12, time = 3.214761e-08, elapsed = 5978.7 sec
Step =   8638: nodes = 12036, dt = 6.848431e-12, time = 3.215446e-08, elapsed = 5979.4 sec
Step =   8639: nodes = 12035, dt = 4.109058e-12, time = 3.215857e-08, elapsed = 5980.1 sec
Step =   8640: nodes = 12037, dt = 4.109058e-12, time = 3.216268e-08, elapsed = 5980.7 sec
Step =   8641: nodes = 12041, dt = 4.930870e-12, time = 3.216761e-08, elapsed = 5981.3 sec
Step =   8642: nodes = 12040, dt = 5.917044e-12, time = 3.217353e-08, elapsed = 5981.9 sec
Step =   8643: nodes = 12038, dt = 3.550226e-12, time = 3.217708e-08, elapsed = 5982.6 sec
Step =   8644: nodes = 12039, dt = 3.550226e-12, time = 3.218063e-08, elapsed = 5983.2 sec
Step =   8645: nodes = 12037, dt = 4.260272e-12, time = 3.218489e-08, elapsed = 5983.8 sec
Step =   8646: nodes = 12037, dt = 5.112326e-12, time = 3.219000e-08, elapsed = 5984.4 sec
Step =   8647: nodes = 12036, dt = 6.134791e-12, time = 3.219614e-08, elapsed = 5985.0 sec
Step =   8648: nodes = 12034, dt = 3.680875e-12, time = 3.219982e-08, elapsed = 5985.7 sec
Step =   8649: nodes = 12028, dt = 3.680875e-12, time = 3.220350e-08, elapsed = 5986.3 sec
Step =   8650: nodes = 12034, dt = 4.417050e-12, time = 3.220791e-08, elapsed = 5986.9 sec
Step =   8651: nodes = 12031, dt = 5.300460e-12, time = 3.221322e-08, elapsed = 5987.5 sec
Step =   8652: nodes = 12030, dt = 6.360552e-12, time = 3.221958e-08, elapsed = 5988.1 sec
Step =   8653: nodes = 12033, dt = 3.816331e-12, time = 3.222339e-08, elapsed = 5988.9 sec
Step =   8654: nodes = 12025, dt = 3.816331e-12, time = 3.222721e-08, elapsed = 5989.5 sec
Step =   8655: nodes = 12027, dt = 4.579597e-12, time = 3.223179e-08, elapsed = 5990.1 sec
Step =   8656: nodes = 12030, dt = 5.495517e-12, time = 3.223728e-08, elapsed = 5990.8 sec
Step =   8657: nodes = 12026, dt = 3.297310e-12, time = 3.224058e-08, elapsed = 5991.5 sec
Step =   8658: nodes = 12031, dt = 3.297310e-12, time = 3.224388e-08, elapsed = 5992.1 sec
Step =   8659: nodes = 12027, dt = 3.956772e-12, time = 3.224783e-08, elapsed = 5992.7 sec
Step =   8660: nodes = 12029, dt = 4.748126e-12, time = 3.225258e-08, elapsed = 5993.3 sec
Step =   8661: nodes = 12036, dt = 5.697752e-12, time = 3.225828e-08, elapsed = 5993.9 sec
Step =   8662: nodes = 12033, dt = 3.418651e-12, time = 3.226170e-08, elapsed = 5994.6 sec
Step =   8663: nodes = 12031, dt = 3.418651e-12, time = 3.226512e-08, elapsed = 5995.2 sec
Step =   8664: nodes = 12031, dt = 4.102381e-12, time = 3.226922e-08, elapsed = 5995.8 sec
Step =   8665: nodes = 12031, dt = 2.461429e-12, time = 3.227168e-08, elapsed = 5996.5 sec
Step =   8666: nodes = 12026, dt = 2.461429e-12, time = 3.227414e-08, elapsed = 5997.1 sec
Step =   8667: nodes = 12023, dt = 2.953714e-12, time = 3.227710e-08, elapsed = 5997.6 sec
Step =   8668: nodes = 12026, dt = 3.544457e-12, time = 3.228064e-08, elapsed = 5998.2 sec
Step =   8669: nodes = 12029, dt = 4.253349e-12, time = 3.228489e-08, elapsed = 5998.8 sec
Step =   8670: nodes = 12032, dt = 2.552009e-12, time = 3.228745e-08, elapsed = 5999.5 sec
Step =   8671: nodes = 12031, dt = 2.552009e-12, time = 3.229000e-08, elapsed = 6000.1 sec
Step =   8672: nodes = 12028, dt = 3.062411e-12, time = 3.229306e-08, elapsed = 6000.7 sec
Step =   8673: nodes = 12025, dt = 3.674893e-12, time = 3.229674e-08, elapsed = 6001.2 sec
Step =   8674: nodes = 12026, dt = 2.204936e-12, time = 3.229894e-08, elapsed = 6001.9 sec
Step =   8675: nodes = 12022, dt = 2.204936e-12, time = 3.230115e-08, elapsed = 6002.4 sec
Step =   8676: nodes = 12019, dt = 2.645923e-12, time = 3.230379e-08, elapsed = 6003.0 sec
Step =   8677: nodes = 12017, dt = 3.175108e-12, time = 3.230697e-08, elapsed = 6003.6 sec
Step =   8678: nodes = 12020, dt = 3.810129e-12, time = 3.231078e-08, elapsed = 6004.1 sec
Step =   8679: nodes = 12015, dt = 4.572155e-12, time = 3.231535e-08, elapsed = 6004.8 sec
Step =   8680: nodes = 12015, dt = 5.486586e-12, time = 3.232084e-08, elapsed = 6005.4 sec
Step =   8681: nodes = 12022, dt = 1.645976e-12, time = 3.232248e-08, elapsed = 6006.3 sec
Step =   8682: nodes = 12020, dt = 1.645976e-12, time = 3.232413e-08, elapsed = 6006.7 sec
Step =   8683: nodes = 12014, dt = 1.975171e-12, time = 3.232610e-08, elapsed = 6007.2 sec
Step =   8684: nodes = 12015, dt = 2.370205e-12, time = 3.232847e-08, elapsed = 6007.7 sec
Step =   8685: nodes = 12013, dt = 2.844246e-12, time = 3.233132e-08, elapsed = 6008.6 sec
Step =   8686: nodes = 12011, dt = 1.706548e-12, time = 3.233302e-08, elapsed = 6009.2 sec
Step =   8687: nodes = 12009, dt = 1.706548e-12, time = 3.233473e-08, elapsed = 6009.7 sec
Step =   8688: nodes = 12013, dt = 2.047857e-12, time = 3.233678e-08, elapsed = 6010.2 sec
Step =   8689: nodes = 12021, dt = 2.457429e-12, time = 3.233924e-08, elapsed = 6010.7 sec
Step =   8690: nodes = 12017, dt = 2.948915e-12, time = 3.234218e-08, elapsed = 6011.2 sec
Step =   8691: nodes = 12013, dt = 3.538698e-12, time = 3.234572e-08, elapsed = 6011.8 sec
Step =   8692: nodes = 12018, dt = 4.246437e-12, time = 3.234997e-08, elapsed = 6012.4 sec
Step =   8693: nodes = 12019, dt = 2.547862e-12, time = 3.235252e-08, elapsed = 6013.1 sec
Step =   8694: nodes = 12018, dt = 2.547862e-12, time = 3.235507e-08, elapsed = 6013.6 sec
Step =   8695: nodes = 12019, dt = 3.057435e-12, time = 3.235812e-08, elapsed = 6014.2 sec
Step =   8696: nodes = 12018, dt = 3.668922e-12, time = 3.236179e-08, elapsed = 6014.7 sec
Step =   8697: nodes = 12019, dt = 4.402706e-12, time = 3.236619e-08, elapsed = 6015.3 sec
Step =   8698: nodes = 12016, dt = 2.641624e-12, time = 3.236884e-08, elapsed = 6016.0 sec
Step =   8699: nodes = 12016, dt = 2.641624e-12, time = 3.237148e-08, elapsed = 6016.6 sec
Step =   8700: nodes = 12016, dt = 3.169948e-12, time = 3.237465e-08, elapsed = 6017.1 sec
Writing configuration in legacy data format
 Output file: /data/home/dg000246b/openDIS/inital_dislocation_structures/output_caseC_0.18%_seed12345/relax2/config.8700.data
Writing restart file
 Restart file: /data/home/dg000246b/openDIS/inital_dislocation_structures/output_caseC_0.18%_seed12345/relax2/restart.8700.exadis
Step =   8701: nodes = 12011, dt = 3.803938e-12, time = 3.237845e-08, elapsed = 6017.8 sec
Step =   8702: nodes = 12010, dt = 2.282363e-12, time = 3.238073e-08, elapsed = 6018.5 sec
Step =   8703: nodes = 12010, dt = 2.282363e-12, time = 3.238302e-08, elapsed = 6019.0 sec
Step =   8704: nodes = 12010, dt = 2.738835e-12, time = 3.238576e-08, elapsed = 6019.5 sec
Step =   8705: nodes = 12014, dt = 3.286602e-12, time = 3.238904e-08, elapsed = 6020.1 sec
Step =   8706: nodes = 12009, dt = 3.943923e-12, time = 3.239299e-08, elapsed = 6020.6 sec
Step =   8707: nodes = 12011, dt = 4.732708e-12, time = 3.239772e-08, elapsed = 6021.2 sec
Step =   8708: nodes = 12009, dt = 2.839625e-12, time = 3.240056e-08, elapsed = 6021.9 sec
Step =   8709: nodes = 12011, dt = 2.839625e-12, time = 3.240340e-08, elapsed = 6022.4 sec
Step =   8710: nodes = 12009, dt = 3.407549e-12, time = 3.240681e-08, elapsed = 6023.0 sec
Step =   8711: nodes = 12008, dt = 4.089059e-12, time = 3.241089e-08, elapsed = 6023.5 sec
Step =   8712: nodes = 12003, dt = 4.906871e-12, time = 3.241580e-08, elapsed = 6024.1 sec
Step =   8713: nodes = 12004, dt = 2.944123e-12, time = 3.241875e-08, elapsed = 6024.8 sec
Step =   8714: nodes = 12005, dt = 2.944123e-12, time = 3.242169e-08, elapsed = 6025.4 sec
Step =   8715: nodes = 12005, dt = 3.532947e-12, time = 3.242522e-08, elapsed = 6025.9 sec
Step =   8716: nodes = 12005, dt = 4.239537e-12, time = 3.242946e-08, elapsed = 6026.5 sec
Step =   8717: nodes = 12009, dt = 5.087444e-12, time = 3.243455e-08, elapsed = 6027.1 sec
Step =   8718: nodes = 12003, dt = 6.104933e-12, time = 3.244065e-08, elapsed = 6027.7 sec
Step =   8719: nodes = 12000, dt = 3.662960e-12, time = 3.244432e-08, elapsed = 6028.5 sec
Step =   8720: nodes = 12004, dt = 3.662960e-12, time = 3.244798e-08, elapsed = 6029.0 sec
Step =   8721: nodes = 12007, dt = 4.395552e-12, time = 3.245238e-08, elapsed = 6029.7 sec
Step =   8722: nodes = 12009, dt = 5.274662e-12, time = 3.245765e-08, elapsed = 6030.3 sec
Step =   8723: nodes = 12012, dt = 3.164797e-12, time = 3.246082e-08, elapsed = 6031.1 sec
Step =   8724: nodes = 12014, dt = 7.911993e-13, time = 3.246161e-08, elapsed = 6031.9 sec
Step =   8725: nodes = 12013, dt = 7.911993e-13, time = 3.246240e-08, elapsed = 6032.4 sec
Step =   8726: nodes = 12012, dt = 9.494392e-13, time = 3.246335e-08, elapsed = 6032.9 sec
Step =   8727: nodes = 12018, dt = 1.139327e-12, time = 3.246449e-08, elapsed = 6033.4 sec
Step =   8728: nodes = 12013, dt = 1.367192e-12, time = 3.246585e-08, elapsed = 6033.9 sec
Step =   8729: nodes = 12014, dt = 1.640631e-12, time = 3.246749e-08, elapsed = 6034.4 sec
Step =   8730: nodes = 12010, dt = 1.968757e-12, time = 3.246946e-08, elapsed = 6034.9 sec
Step =   8731: nodes = 12007, dt = 2.362508e-12, time = 3.247183e-08, elapsed = 6035.4 sec
Step =   8732: nodes = 12008, dt = 2.835010e-12, time = 3.247466e-08, elapsed = 6036.0 sec
Step =   8733: nodes = 12010, dt = 3.402012e-12, time = 3.247806e-08, elapsed = 6036.5 sec
Step =   8734: nodes = 12009, dt = 2.041207e-12, time = 3.248010e-08, elapsed = 6037.2 sec
Step =   8735: nodes = 12010, dt = 2.041207e-12, time = 3.248215e-08, elapsed = 6037.7 sec
Step =   8736: nodes = 12011, dt = 2.449449e-12, time = 3.248459e-08, elapsed = 6038.3 sec
Step =   8737: nodes = 12006, dt = 2.939338e-12, time = 3.248753e-08, elapsed = 6039.1 sec
Step =   8738: nodes = 12005, dt = 1.763603e-12, time = 3.248930e-08, elapsed = 6039.8 sec
Step =   8739: nodes = 12000, dt = 1.763603e-12, time = 3.249106e-08, elapsed = 6040.3 sec
Step =   8740: nodes = 11995, dt = 2.116324e-12, time = 3.249318e-08, elapsed = 6040.8 sec
Step =   8741: nodes = 12000, dt = 2.539588e-12, time = 3.249572e-08, elapsed = 6041.3 sec
Step =   8742: nodes = 11996, dt = 3.047506e-12, time = 3.249876e-08, elapsed = 6041.8 sec
Step =   8743: nodes = 11991, dt = 1.828504e-12, time = 3.250059e-08, elapsed = 6042.5 sec
Step =   8744: nodes = 11994, dt = 1.828504e-12, time = 3.250242e-08, elapsed = 6043.0 sec
Step =   8745: nodes = 11988, dt = 2.194204e-12, time = 3.250462e-08, elapsed = 6043.5 sec
Step =   8746: nodes = 11986, dt = 2.633045e-12, time = 3.250725e-08, elapsed = 6044.0 sec
Step =   8747: nodes = 11986, dt = 3.159654e-12, time = 3.251041e-08, elapsed = 6044.5 sec
Step =   8748: nodes = 11990, dt = 3.791585e-12, time = 3.251420e-08, elapsed = 6045.1 sec
Step =   8749: nodes = 11992, dt = 2.274951e-12, time = 3.251647e-08, elapsed = 6045.8 sec
Step =   8750: nodes = 11992, dt = 2.274951e-12, time = 3.251875e-08, elapsed = 6046.3 sec
Step =   8751: nodes = 11988, dt = 2.729941e-12, time = 3.252148e-08, elapsed = 6046.9 sec
Step =   8752: nodes = 11997, dt = 3.275930e-12, time = 3.252476e-08, elapsed = 6047.4 sec
Step =   8753: nodes = 11990, dt = 3.931116e-12, time = 3.252869e-08, elapsed = 6047.9 sec
Step =   8754: nodes = 11993, dt = 4.717339e-12, time = 3.253340e-08, elapsed = 6048.5 sec
Step =   8755: nodes = 11989, dt = 5.660806e-12, time = 3.253906e-08, elapsed = 6049.1 sec
Step =   8756: nodes = 11994, dt = 3.396484e-12, time = 3.254246e-08, elapsed = 6049.8 sec
Step =   8757: nodes = 11999, dt = 3.396484e-12, time = 3.254586e-08, elapsed = 6050.4 sec
Step =   8758: nodes = 12000, dt = 4.075781e-12, time = 3.254993e-08, elapsed = 6050.9 sec
Step =   8759: nodes = 11999, dt = 4.890937e-12, time = 3.255482e-08, elapsed = 6051.6 sec
Step =   8760: nodes = 12002, dt = 2.934562e-12, time = 3.255776e-08, elapsed = 6052.3 sec
Step =   8761: nodes = 12000, dt = 2.934562e-12, time = 3.256069e-08, elapsed = 6052.8 sec
Step =   8762: nodes = 12000, dt = 3.521474e-12, time = 3.256422e-08, elapsed = 6053.3 sec
Step =   8763: nodes = 11996, dt = 4.225769e-12, time = 3.256844e-08, elapsed = 6053.9 sec
Step =   8764: nodes = 11994, dt = 5.070923e-12, time = 3.257351e-08, elapsed = 6054.5 sec
Step =   8765: nodes = 11996, dt = 3.042554e-12, time = 3.257655e-08, elapsed = 6055.2 sec
Step =   8766: nodes = 11995, dt = 3.042554e-12, time = 3.257960e-08, elapsed = 6055.8 sec
Step =   8767: nodes = 11994, dt = 3.651065e-12, time = 3.258325e-08, elapsed = 6056.3 sec
Step =   8768: nodes = 12000, dt = 4.381278e-12, time = 3.258763e-08, elapsed = 6056.9 sec
Step =   8769: nodes = 12000, dt = 5.257533e-12, time = 3.259289e-08, elapsed = 6057.5 sec
Step =   8770: nodes = 12000, dt = 3.154520e-12, time = 3.259604e-08, elapsed = 6058.2 sec
Step =   8771: nodes = 11999, dt = 3.154520e-12, time = 3.259920e-08, elapsed = 6058.8 sec
Step =   8772: nodes = 11995, dt = 3.785424e-12, time = 3.260298e-08, elapsed = 6059.3 sec
Step =   8773: nodes = 11996, dt = 4.542509e-12, time = 3.260752e-08, elapsed = 6059.9 sec
Step =   8774: nodes = 11991, dt = 5.451010e-12, time = 3.261297e-08, elapsed = 6060.5 sec
Step =   8775: nodes = 11996, dt = 3.270606e-12, time = 3.261625e-08, elapsed = 6061.2 sec
Step =   8776: nodes = 11995, dt = 3.270606e-12, time = 3.261952e-08, elapsed = 6061.8 sec
Step =   8777: nodes = 11993, dt = 3.924728e-12, time = 3.262344e-08, elapsed = 6062.3 sec
Step =   8778: nodes = 11987, dt = 4.709673e-12, time = 3.262815e-08, elapsed = 6062.9 sec
Step =   8779: nodes = 11989, dt = 5.651608e-12, time = 3.263380e-08, elapsed = 6063.5 sec
Step =   8780: nodes = 11989, dt = 1.695482e-12, time = 3.263550e-08, elapsed = 6064.4 sec
Step =   8781: nodes = 11990, dt = 1.695482e-12, time = 3.263719e-08, elapsed = 6064.9 sec
Step =   8782: nodes = 11990, dt = 2.034579e-12, time = 3.263923e-08, elapsed = 6065.4 sec
Step =   8783: nodes = 11990, dt = 2.441494e-12, time = 3.264167e-08, elapsed = 6066.0 sec
Step =   8784: nodes = 11992, dt = 2.929793e-12, time = 3.264460e-08, elapsed = 6066.5 sec
Step =   8785: nodes = 11989, dt = 3.515752e-12, time = 3.264811e-08, elapsed = 6067.0 sec
Step =   8786: nodes = 11992, dt = 4.218902e-12, time = 3.265233e-08, elapsed = 6067.6 sec
Step =   8787: nodes = 11995, dt = 5.062683e-12, time = 3.265740e-08, elapsed = 6068.2 sec
Step =   8788: nodes = 11991, dt = 6.075220e-12, time = 3.266347e-08, elapsed = 6069.0 sec
Step =   8789: nodes = 11990, dt = 3.645132e-12, time = 3.266712e-08, elapsed = 6069.7 sec
Step =   8790: nodes = 11992, dt = 3.645132e-12, time = 3.267076e-08, elapsed = 6070.3 sec
Step =   8791: nodes = 11990, dt = 4.374158e-12, time = 3.267514e-08, elapsed = 6070.9 sec
Step =   8792: nodes = 11988, dt = 5.248990e-12, time = 3.268038e-08, elapsed = 6071.5 sec
Step =   8793: nodes = 11986, dt = 3.149394e-12, time = 3.268353e-08, elapsed = 6072.2 sec
Step =   8794: nodes = 11986, dt = 3.149394e-12, time = 3.268668e-08, elapsed = 6072.7 sec
Step =   8795: nodes = 11984, dt = 3.779273e-12, time = 3.269046e-08, elapsed = 6073.3 sec
Step =   8796: nodes = 11977, dt = 4.535127e-12, time = 3.269500e-08, elapsed = 6073.9 sec
Step =   8797: nodes = 11985, dt = 2.721076e-12, time = 3.269772e-08, elapsed = 6074.6 sec
Step =   8798: nodes = 11978, dt = 2.721076e-12, time = 3.270044e-08, elapsed = 6075.2 sec
Step =   8799: nodes = 11978, dt = 3.265292e-12, time = 3.270371e-08, elapsed = 6075.7 sec
Step =   8800: nodes = 11982, dt = 3.918350e-12, time = 3.270762e-08, elapsed = 6076.2 sec
Writing configuration in legacy data format
 Output file: /data/home/dg000246b/openDIS/inital_dislocation_structures/output_caseC_0.18%_seed12345/relax2/config.8800.data
Writing restart file
 Restart file: /data/home/dg000246b/openDIS/inital_dislocation_structures/output_caseC_0.18%_seed12345/relax2/restart.8800.exadis
Step =   8801: nodes = 11983, dt = 4.702020e-12, time = 3.271233e-08, elapsed = 6077.0 sec
Step =   8802: nodes = 11979, dt = 2.821212e-12, time = 3.271515e-08, elapsed = 6077.7 sec
Step =   8803: nodes = 11980, dt = 1.410606e-12, time = 3.271656e-08, elapsed = 6078.3 sec
Step =   8804: nodes = 11982, dt = 1.410606e-12, time = 3.271797e-08, elapsed = 6078.9 sec
Step =   8805: nodes = 11978, dt = 1.692727e-12, time = 3.271966e-08, elapsed = 6079.4 sec
Step =   8806: nodes = 11980, dt = 2.031273e-12, time = 3.272169e-08, elapsed = 6080.0 sec
Step =   8807: nodes = 11981, dt = 2.437527e-12, time = 3.272413e-08, elapsed = 6080.5 sec
Step =   8808: nodes = 11975, dt = 2.925032e-12, time = 3.272705e-08, elapsed = 6081.1 sec
Step =   8809: nodes = 11975, dt = 3.510039e-12, time = 3.273056e-08, elapsed = 6081.7 sec
Step =   8810: nodes = 11977, dt = 4.212047e-12, time = 3.273478e-08, elapsed = 6082.3 sec
Step =   8811: nodes = 11974, dt = 5.054456e-12, time = 3.273983e-08, elapsed = 6082.9 sec
Step =   8812: nodes = 11973, dt = 6.065347e-12, time = 3.274590e-08, elapsed = 6083.5 sec
Step =   8813: nodes = 11970, dt = 3.639208e-12, time = 3.274954e-08, elapsed = 6084.3 sec
Step =   8814: nodes = 11969, dt = 3.639208e-12, time = 3.275318e-08, elapsed = 6084.9 sec
Step =   8815: nodes = 11972, dt = 4.367050e-12, time = 3.275754e-08, elapsed = 6085.4 sec
Step =   8816: nodes = 11967, dt = 5.240460e-12, time = 3.276278e-08, elapsed = 6086.1 sec
Step =   8817: nodes = 11972, dt = 6.288552e-12, time = 3.276907e-08, elapsed = 6086.7 sec
Step =   8818: nodes = 11973, dt = 3.773131e-12, time = 3.277284e-08, elapsed = 6087.5 sec
Step =   8819: nodes = 11972, dt = 3.773131e-12, time = 3.277662e-08, elapsed = 6088.1 sec
Step =   8820: nodes = 11965, dt = 4.527758e-12, time = 3.278115e-08, elapsed = 6088.6 sec
Step =   8821: nodes = 11962, dt = 5.433309e-12, time = 3.278658e-08, elapsed = 6089.2 sec
Step =   8822: nodes = 11964, dt = 6.519971e-12, time = 3.279310e-08, elapsed = 6089.9 sec
Step =   8823: nodes = 11972, dt = 3.911982e-12, time = 3.279701e-08, elapsed = 6090.6 sec
Step =   8824: nodes = 11966, dt = 3.911982e-12, time = 3.280092e-08, elapsed = 6091.2 sec
Step =   8825: nodes = 11961, dt = 4.694379e-12, time = 3.280562e-08, elapsed = 6091.8 sec
Step =   8826: nodes = 11964, dt = 5.633255e-12, time = 3.281125e-08, elapsed = 6092.4 sec
Step =   8827: nodes = 11964, dt = 3.379953e-12, time = 3.281463e-08, elapsed = 6093.2 sec
Step =   8828: nodes = 11965, dt = 3.379953e-12, time = 3.281801e-08, elapsed = 6093.8 sec
Step =   8829: nodes = 11965, dt = 4.055943e-12, time = 3.282207e-08, elapsed = 6094.3 sec
Step =   8830: nodes = 11964, dt = 4.867132e-12, time = 3.282693e-08, elapsed = 6095.0 sec
Step =   8831: nodes = 11961, dt = 5.840559e-12, time = 3.283277e-08, elapsed = 6095.6 sec
Step =   8832: nodes = 11951, dt = 7.008670e-12, time = 3.283978e-08, elapsed = 6096.3 sec
Step =   8833: nodes = 11959, dt = 4.205202e-12, time = 3.284399e-08, elapsed = 6097.0 sec
Step =   8834: nodes = 11955, dt = 4.205202e-12, time = 3.284819e-08, elapsed = 6097.6 sec
Step =   8835: nodes = 11956, dt = 5.046243e-12, time = 3.285324e-08, elapsed = 6098.5 sec
Step =   8836: nodes = 11957, dt = 3.027746e-12, time = 3.285627e-08, elapsed = 6099.3 sec
Step =   8837: nodes = 11956, dt = 1.513873e-12, time = 3.285778e-08, elapsed = 6100.0 sec
Step =   8838: nodes = 11957, dt = 1.513873e-12, time = 3.285929e-08, elapsed = 6100.4 sec
Step =   8839: nodes = 11951, dt = 1.816647e-12, time = 3.286111e-08, elapsed = 6101.0 sec
Step =   8840: nodes = 11951, dt = 2.179977e-12, time = 3.286329e-08, elapsed = 6101.5 sec
Step =   8841: nodes = 11952, dt = 2.615972e-12, time = 3.286591e-08, elapsed = 6102.0 sec
Step =   8842: nodes = 11949, dt = 3.139167e-12, time = 3.286905e-08, elapsed = 6102.6 sec
Step =   8843: nodes = 11946, dt = 3.767000e-12, time = 3.287281e-08, elapsed = 6103.1 sec
Step =   8844: nodes = 11942, dt = 4.520400e-12, time = 3.287733e-08, elapsed = 6103.7 sec
Step =   8845: nodes = 11940, dt = 5.424480e-12, time = 3.288276e-08, elapsed = 6104.3 sec
Step =   8846: nodes = 11943, dt = 3.254688e-12, time = 3.288601e-08, elapsed = 6105.0 sec
Step =   8847: nodes = 11945, dt = 3.254688e-12, time = 3.288927e-08, elapsed = 6105.5 sec
Step =   8848: nodes = 11947, dt = 3.905626e-12, time = 3.289317e-08, elapsed = 6106.1 sec
Step =   8849: nodes = 11945, dt = 4.686751e-12, time = 3.289786e-08, elapsed = 6106.7 sec
Step =   8850: nodes = 11942, dt = 2.812050e-12, time = 3.290067e-08, elapsed = 6107.4 sec
Step =   8851: nodes = 11950, dt = 2.812050e-12, time = 3.290348e-08, elapsed = 6107.9 sec
Step =   8852: nodes = 11954, dt = 3.374460e-12, time = 3.290686e-08, elapsed = 6108.5 sec
Step =   8853: nodes = 11952, dt = 4.049353e-12, time = 3.291091e-08, elapsed = 6109.0 sec
Step =   8854: nodes = 11953, dt = 4.859223e-12, time = 3.291577e-08, elapsed = 6109.6 sec
Step =   8855: nodes = 11952, dt = 2.915534e-12, time = 3.291868e-08, elapsed = 6110.3 sec
Step =   8856: nodes = 11953, dt = 1.457767e-12, time = 3.292014e-08, elapsed = 6111.0 sec
Step =   8857: nodes = 11952, dt = 1.457767e-12, time = 3.292160e-08, elapsed = 6111.6 sec
Step =   8858: nodes = 11951, dt = 1.749320e-12, time = 3.292335e-08, elapsed = 6112.1 sec
Step =   8859: nodes = 11953, dt = 2.099184e-12, time = 3.292545e-08, elapsed = 6112.6 sec
Step =   8860: nodes = 11949, dt = 2.519021e-12, time = 3.292797e-08, elapsed = 6113.2 sec
Step =   8861: nodes = 11947, dt = 3.022825e-12, time = 3.293099e-08, elapsed = 6113.8 sec
Step =   8862: nodes = 11949, dt = 3.627391e-12, time = 3.293462e-08, elapsed = 6114.4 sec
Step =   8863: nodes = 11947, dt = 4.352869e-12, time = 3.293897e-08, elapsed = 6114.9 sec
Step =   8864: nodes = 11949, dt = 2.611721e-12, time = 3.294158e-08, elapsed = 6115.7 sec
Step =   8865: nodes = 11953, dt = 2.611721e-12, time = 3.294419e-08, elapsed = 6116.2 sec
Step =   8866: nodes = 11954, dt = 3.134065e-12, time = 3.294733e-08, elapsed = 6116.8 sec
Step =   8867: nodes = 11949, dt = 3.760879e-12, time = 3.295109e-08, elapsed = 6117.4 sec
Step =   8868: nodes = 11948, dt = 2.256527e-12, time = 3.295334e-08, elapsed = 6118.1 sec
Step =   8869: nodes = 11954, dt = 2.256527e-12, time = 3.295560e-08, elapsed = 6118.7 sec
Step =   8870: nodes = 11948, dt = 2.707833e-12, time = 3.295831e-08, elapsed = 6119.2 sec
Step =   8871: nodes = 11950, dt = 3.249399e-12, time = 3.296156e-08, elapsed = 6119.7 sec
Step =   8872: nodes = 11950, dt = 3.899279e-12, time = 3.296546e-08, elapsed = 6120.3 sec
Step =   8873: nodes = 11949, dt = 2.339567e-12, time = 3.296780e-08, elapsed = 6121.0 sec
Step =   8874: nodes = 11947, dt = 2.339567e-12, time = 3.297014e-08, elapsed = 6121.6 sec
Step =   8875: nodes = 11951, dt = 2.807481e-12, time = 3.297294e-08, elapsed = 6122.2 sec
Step =   8876: nodes = 11951, dt = 3.368977e-12, time = 3.297631e-08, elapsed = 6122.7 sec
Step =   8877: nodes = 11948, dt = 4.042772e-12, time = 3.298036e-08, elapsed = 6123.3 sec
Step =   8878: nodes = 11942, dt = 4.851327e-12, time = 3.298521e-08, elapsed = 6124.0 sec
Step =   8879: nodes = 11947, dt = 5.821592e-12, time = 3.299103e-08, elapsed = 6124.6 sec
Step =   8880: nodes = 11948, dt = 3.492955e-12, time = 3.299452e-08, elapsed = 6125.3 sec
Step =   8881: nodes = 11950, dt = 3.492955e-12, time = 3.299801e-08, elapsed = 6125.8 sec
Step =   8882: nodes = 11945, dt = 2.095773e-12, time = 3.300011e-08, elapsed = 6126.6 sec
Step =   8883: nodes = 11948, dt = 2.095773e-12, time = 3.300221e-08, elapsed = 6127.1 sec
Step =   8884: nodes = 11951, dt = 2.514928e-12, time = 3.300472e-08, elapsed = 6127.7 sec
Step =   8885: nodes = 11951, dt = 3.017913e-12, time = 3.300774e-08, elapsed = 6128.6 sec
Step =   8886: nodes = 11954, dt = 3.621496e-12, time = 3.301136e-08, elapsed = 6129.2 sec
Step =   8887: nodes = 11953, dt = 2.172898e-12, time = 3.301353e-08, elapsed = 6130.0 sec
Step =   8888: nodes = 11949, dt = 2.172898e-12, time = 3.301571e-08, elapsed = 6130.5 sec
Step =   8889: nodes = 11949, dt = 2.607477e-12, time = 3.301831e-08, elapsed = 6131.1 sec
Step =   8890: nodes = 11951, dt = 3.128973e-12, time = 3.302144e-08, elapsed = 6131.7 sec
Step =   8891: nodes = 11946, dt = 3.754767e-12, time = 3.302520e-08, elapsed = 6132.2 sec
Step =   8892: nodes = 11947, dt = 4.505721e-12, time = 3.302970e-08, elapsed = 6132.8 sec
Step =   8893: nodes = 11947, dt = 2.703432e-12, time = 3.303241e-08, elapsed = 6133.6 sec
Step =   8894: nodes = 11951, dt = 2.703432e-12, time = 3.303511e-08, elapsed = 6134.1 sec
Step =   8895: nodes = 11948, dt = 3.244119e-12, time = 3.303835e-08, elapsed = 6134.7 sec
Step =   8896: nodes = 11944, dt = 3.892943e-12, time = 3.304225e-08, elapsed = 6135.3 sec
Step =   8897: nodes = 11941, dt = 4.671531e-12, time = 3.304692e-08, elapsed = 6135.9 sec
Step =   8898: nodes = 11943, dt = 2.802919e-12, time = 3.304972e-08, elapsed = 6136.6 sec
Step =   8899: nodes = 11942, dt = 2.802919e-12, time = 3.305252e-08, elapsed = 6137.2 sec
Step =   8900: nodes = 11941, dt = 3.363502e-12, time = 3.305589e-08, elapsed = 6137.8 sec
Writing configuration in legacy data format
 Output file: /data/home/dg000246b/openDIS/inital_dislocation_structures/output_caseC_0.18%_seed12345/relax2/config.8900.data
Writing restart file
 Restart file: /data/home/dg000246b/openDIS/inital_dislocation_structures/output_caseC_0.18%_seed12345/relax2/restart.8900.exadis
Step =   8901: nodes = 11936, dt = 4.036203e-12, time = 3.305992e-08, elapsed = 6138.5 sec
Step =   8902: nodes = 11941, dt = 4.843443e-12, time = 3.306477e-08, elapsed = 6139.2 sec
Step =   8903: nodes = 11944, dt = 5.812132e-12, time = 3.307058e-08, elapsed = 6139.8 sec
Step =   8904: nodes = 11948, dt = 3.487279e-12, time = 3.307407e-08, elapsed = 6140.5 sec
Step =   8905: nodes = 11948, dt = 3.487279e-12, time = 3.307755e-08, elapsed = 6141.1 sec
Step =   8906: nodes = 11943, dt = 4.184735e-12, time = 3.308174e-08, elapsed = 6141.6 sec
Step =   8907: nodes = 11943, dt = 5.021682e-12, time = 3.308676e-08, elapsed = 6142.2 sec
Step =   8908: nodes = 11944, dt = 3.013009e-12, time = 3.308977e-08, elapsed = 6142.9 sec
Step =   8909: nodes = 11942, dt = 3.013009e-12, time = 3.309279e-08, elapsed = 6143.4 sec
Step =   8910: nodes = 11941, dt = 3.615611e-12, time = 3.309640e-08, elapsed = 6143.9 sec
Step =   8911: nodes = 11937, dt = 4.338733e-12, time = 3.310074e-08, elapsed = 6144.5 sec
Step =   8912: nodes = 11940, dt = 5.206480e-12, time = 3.310595e-08, elapsed = 6145.1 sec
Step =   8913: nodes = 11938, dt = 6.247776e-12, time = 3.311219e-08, elapsed = 6145.6 sec
Step =   8914: nodes = 11940, dt = 3.748666e-12, time = 3.311594e-08, elapsed = 6146.4 sec
Step =   8915: nodes = 11936, dt = 3.748666e-12, time = 3.311969e-08, elapsed = 6146.9 sec
Step =   8916: nodes = 11936, dt = 4.498399e-12, time = 3.312419e-08, elapsed = 6147.4 sec
Step =   8917: nodes = 11939, dt = 5.398078e-12, time = 3.312959e-08, elapsed = 6148.1 sec
Step =   8918: nodes = 11946, dt = 3.238847e-12, time = 3.313283e-08, elapsed = 6148.8 sec
Step =   8919: nodes = 11943, dt = 3.238847e-12, time = 3.313607e-08, elapsed = 6149.4 sec
Step =   8920: nodes = 11944, dt = 3.886616e-12, time = 3.313995e-08, elapsed = 6149.9 sec
Step =   8921: nodes = 11942, dt = 4.663940e-12, time = 3.314462e-08, elapsed = 6150.4 sec
Step =   8922: nodes = 11943, dt = 2.798364e-12, time = 3.314742e-08, elapsed = 6151.1 sec
Step =   8923: nodes = 11940, dt = 2.798364e-12, time = 3.315021e-08, elapsed = 6151.6 sec
Step =   8924: nodes = 11943, dt = 3.358037e-12, time = 3.315357e-08, elapsed = 6152.2 sec
Step =   8925: nodes = 11950, dt = 4.029644e-12, time = 3.315760e-08, elapsed = 6152.7 sec
Step =   8926: nodes = 11942, dt = 4.835573e-12, time = 3.316244e-08, elapsed = 6153.2 sec
Step =   8927: nodes = 11945, dt = 5.802687e-12, time = 3.316824e-08, elapsed = 6153.8 sec
Step =   8928: nodes = 11943, dt = 6.963225e-12, time = 3.317520e-08, elapsed = 6154.4 sec
Step =   8929: nodes = 11941, dt = 4.177935e-12, time = 3.317938e-08, elapsed = 6155.1 sec
Step =   8930: nodes = 11947, dt = 4.177935e-12, time = 3.318356e-08, elapsed = 6155.7 sec
Step =   8931: nodes = 11944, dt = 5.013522e-12, time = 3.318857e-08, elapsed = 6156.3 sec
Step =   8932: nodes = 11946, dt = 6.016226e-12, time = 3.319459e-08, elapsed = 6156.9 sec
Step =   8933: nodes = 11944, dt = 7.219471e-12, time = 3.320181e-08, elapsed = 6157.5 sec
Step =   8934: nodes = 11944, dt = 4.331683e-12, time = 3.320614e-08, elapsed = 6158.3 sec
Step =   8935: nodes = 11937, dt = 4.331683e-12, time = 3.321047e-08, elapsed = 6159.0 sec
Step =   8936: nodes = 11940, dt = 5.198019e-12, time = 3.321567e-08, elapsed = 6159.5 sec
Step =   8937: nodes = 11945, dt = 6.237623e-12, time = 3.322191e-08, elapsed = 6160.1 sec
Step =   8938: nodes = 11944, dt = 3.742574e-12, time = 3.322565e-08, elapsed = 6160.9 sec
Step =   8939: nodes = 11944, dt = 3.742574e-12, time = 3.322939e-08, elapsed = 6161.4 sec
Step =   8940: nodes = 11943, dt = 4.491089e-12, time = 3.323388e-08, elapsed = 6162.0 sec
Step =   8941: nodes = 11940, dt = 5.389307e-12, time = 3.323927e-08, elapsed = 6162.6 sec
Step =   8942: nodes = 11939, dt = 6.467168e-12, time = 3.324574e-08, elapsed = 6163.2 sec
Step =   8943: nodes = 11945, dt = 3.880301e-12, time = 3.324962e-08, elapsed = 6164.0 sec
Step =   8944: nodes = 11943, dt = 3.880301e-12, time = 3.325350e-08, elapsed = 6164.5 sec
Step =   8945: nodes = 11945, dt = 4.656361e-12, time = 3.325816e-08, elapsed = 6165.1 sec
Step =   8946: nodes = 11946, dt = 5.587633e-12, time = 3.326374e-08, elapsed = 6165.7 sec
Step =   8947: nodes = 11941, dt = 6.705160e-12, time = 3.327045e-08, elapsed = 6166.3 sec
Step =   8948: nodes = 11941, dt = 4.023096e-12, time = 3.327447e-08, elapsed = 6167.0 sec
Step =   8949: nodes = 11939, dt = 4.023096e-12, time = 3.327850e-08, elapsed = 6167.6 sec
Step =   8950: nodes = 11948, dt = 4.827715e-12, time = 3.328332e-08, elapsed = 6168.1 sec
Step =   8951: nodes = 11944, dt = 5.793258e-12, time = 3.328912e-08, elapsed = 6168.7 sec
Step =   8952: nodes = 11953, dt = 3.475955e-12, time = 3.329259e-08, elapsed = 6169.5 sec
Step =   8953: nodes = 11951, dt = 3.475955e-12, time = 3.329607e-08, elapsed = 6170.0 sec
Step =   8954: nodes = 11949, dt = 4.171146e-12, time = 3.330024e-08, elapsed = 6170.6 sec
Step =   8955: nodes = 11943, dt = 5.005375e-12, time = 3.330524e-08, elapsed = 6171.2 sec
Step =   8956: nodes = 11948, dt = 3.003225e-12, time = 3.330825e-08, elapsed = 6171.9 sec
Step =   8957: nodes = 11946, dt = 3.003225e-12, time = 3.331125e-08, elapsed = 6172.4 sec
Step =   8958: nodes = 11942, dt = 3.603870e-12, time = 3.331486e-08, elapsed = 6172.9 sec
Step =   8959: nodes = 11939, dt = 4.324644e-12, time = 3.331918e-08, elapsed = 6173.5 sec
Step =   8960: nodes = 11939, dt = 2.594786e-12, time = 3.332177e-08, elapsed = 6174.2 sec
Step =   8961: nodes = 11940, dt = 2.594786e-12, time = 3.332437e-08, elapsed = 6174.7 sec
Step =   8962: nodes = 11936, dt = 3.113744e-12, time = 3.332748e-08, elapsed = 6175.2 sec
Step =   8963: nodes = 11937, dt = 3.736492e-12, time = 3.333122e-08, elapsed = 6175.8 sec
Step =   8964: nodes = 11934, dt = 4.483791e-12, time = 3.333570e-08, elapsed = 6176.4 sec
Step =   8965: nodes = 11939, dt = 5.380549e-12, time = 3.334108e-08, elapsed = 6176.9 sec
Step =   8966: nodes = 11935, dt = 6.456659e-12, time = 3.334754e-08, elapsed = 6177.5 sec
Step =   8967: nodes = 11934, dt = 3.873995e-12, time = 3.335141e-08, elapsed = 6178.3 sec
Step =   8968: nodes = 11933, dt = 3.873995e-12, time = 3.335529e-08, elapsed = 6178.8 sec
Step =   8969: nodes = 11931, dt = 2.324397e-12, time = 3.335761e-08, elapsed = 6179.5 sec
Step =   8970: nodes = 11930, dt = 2.324397e-12, time = 3.335994e-08, elapsed = 6180.0 sec
Step =   8971: nodes = 11930, dt = 2.789277e-12, time = 3.336273e-08, elapsed = 6180.6 sec
Step =   8972: nodes = 11924, dt = 3.347132e-12, time = 3.336607e-08, elapsed = 6181.1 sec
Step =   8973: nodes = 11931, dt = 4.016558e-12, time = 3.337009e-08, elapsed = 6181.6 sec
Step =   8974: nodes = 11925, dt = 4.819870e-12, time = 3.337491e-08, elapsed = 6182.2 sec
Step =   8975: nodes = 11921, dt = 2.891922e-12, time = 3.337780e-08, elapsed = 6182.9 sec
Step =   8976: nodes = 11921, dt = 2.891922e-12, time = 3.338069e-08, elapsed = 6183.5 sec
Step =   8977: nodes = 11920, dt = 3.470306e-12, time = 3.338416e-08, elapsed = 6184.0 sec
Step =   8978: nodes = 11917, dt = 4.164368e-12, time = 3.338833e-08, elapsed = 6184.5 sec
Step =   8979: nodes = 11919, dt = 4.997241e-12, time = 3.339333e-08, elapsed = 6185.0 sec
Step =   8980: nodes = 11921, dt = 2.998345e-12, time = 3.339632e-08, elapsed = 6185.8 sec
Step =   8981: nodes = 11921, dt = 2.998345e-12, time = 3.339932e-08, elapsed = 6186.3 sec
Step =   8982: nodes = 11923, dt = 3.598014e-12, time = 3.340292e-08, elapsed = 6186.8 sec
Step =   8983: nodes = 11923, dt = 2.158808e-12, time = 3.340508e-08, elapsed = 6187.6 sec
Step =   8984: nodes = 11924, dt = 2.158808e-12, time = 3.340724e-08, elapsed = 6188.1 sec
Step =   8985: nodes = 11919, dt = 2.590570e-12, time = 3.340983e-08, elapsed = 6188.9 sec
Step =   8986: nodes = 11917, dt = 3.108684e-12, time = 3.341294e-08, elapsed = 6189.5 sec
Step =   8987: nodes = 11917, dt = 1.865210e-12, time = 3.341480e-08, elapsed = 6190.2 sec
Step =   8988: nodes = 11921, dt = 1.865210e-12, time = 3.341667e-08, elapsed = 6190.7 sec
Step =   8989: nodes = 11913, dt = 2.238252e-12, time = 3.341891e-08, elapsed = 6191.2 sec
Step =   8990: nodes = 11914, dt = 2.685903e-12, time = 3.342159e-08, elapsed = 6191.7 sec
Step =   8991: nodes = 11912, dt = 3.223083e-12, time = 3.342482e-08, elapsed = 6192.3 sec
Step =   8992: nodes = 11914, dt = 1.933850e-12, time = 3.342675e-08, elapsed = 6192.9 sec
Step =   8993: nodes = 11911, dt = 1.933850e-12, time = 3.342868e-08, elapsed = 6193.5 sec
Step =   8994: nodes = 11910, dt = 2.320620e-12, time = 3.343100e-08, elapsed = 6194.0 sec
Step =   8995: nodes = 11909, dt = 2.784744e-12, time = 3.343379e-08, elapsed = 6194.5 sec
Step =   8996: nodes = 11910, dt = 3.341693e-12, time = 3.343713e-08, elapsed = 6195.1 sec
Step =   8997: nodes = 11911, dt = 4.010031e-12, time = 3.344114e-08, elapsed = 6195.6 sec
Step =   8998: nodes = 11911, dt = 2.406019e-12, time = 3.344355e-08, elapsed = 6196.3 sec
Step =   8999: nodes = 11910, dt = 2.406019e-12, time = 3.344595e-08, elapsed = 6196.9 sec
Step =   9000: nodes = 11905, dt = 2.887223e-12, time = 3.344884e-08, elapsed = 6197.4 sec
Writing configuration in legacy data format
 Output file: /data/home/dg000246b/openDIS/inital_dislocation_structures/output_caseC_0.18%_seed12345/relax2/config.9000.data
Writing restart file
 Restart file: /data/home/dg000246b/openDIS/inital_dislocation_structures/output_caseC_0.18%_seed12345/relax2/restart.9000.exadis
Step =   9001: nodes = 11910, dt = 3.464667e-12, time = 3.345230e-08, elapsed = 6198.1 sec
Step =   9002: nodes = 11916, dt = 4.157600e-12, time = 3.345646e-08, elapsed = 6198.7 sec
Step =   9003: nodes = 11920, dt = 4.989121e-12, time = 3.346145e-08, elapsed = 6199.3 sec
Step =   9004: nodes = 11922, dt = 5.986945e-12, time = 3.346744e-08, elapsed = 6199.9 sec
Step =   9005: nodes = 11915, dt = 3.592167e-12, time = 3.347103e-08, elapsed = 6200.6 sec
Step =   9006: nodes = 11921, dt = 3.592167e-12, time = 3.347462e-08, elapsed = 6201.1 sec
Step =   9007: nodes = 11917, dt = 2.155300e-12, time = 3.347678e-08, elapsed = 6201.8 sec
Step =   9008: nodes = 11918, dt = 2.155300e-12, time = 3.347893e-08, elapsed = 6202.3 sec
Step =   9009: nodes = 11914, dt = 2.586360e-12, time = 3.348152e-08, elapsed = 6202.8 sec
Step =   9010: nodes = 11919, dt = 1.551816e-12, time = 3.348307e-08, elapsed = 6203.6 sec
Step =   9011: nodes = 11918, dt = 1.551816e-12, time = 3.348462e-08, elapsed = 6204.1 sec
Step =   9012: nodes = 11919, dt = 1.862179e-12, time = 3.348648e-08, elapsed = 6204.6 sec
Step =   9013: nodes = 11917, dt = 2.234615e-12, time = 3.348872e-08, elapsed = 6205.1 sec
Step =   9014: nodes = 11912, dt = 2.681538e-12, time = 3.349140e-08, elapsed = 6205.7 sec
Step =   9015: nodes = 11915, dt = 3.217846e-12, time = 3.349462e-08, elapsed = 6206.2 sec
Step =   9016: nodes = 11917, dt = 3.861415e-12, time = 3.349848e-08, elapsed = 6206.7 sec
Step =   9017: nodes = 11915, dt = 2.316849e-12, time = 3.350080e-08, elapsed = 6207.5 sec
Step =   9018: nodes = 11914, dt = 2.316849e-12, time = 3.350311e-08, elapsed = 6208.0 sec
Step =   9019: nodes = 11910, dt = 1.390109e-12, time = 3.350450e-08, elapsed = 6208.7 sec
Step =   9020: nodes = 11910, dt = 1.390109e-12, time = 3.350589e-08, elapsed = 6209.2 sec
Step =   9021: nodes = 11911, dt = 1.668131e-12, time = 3.350756e-08, elapsed = 6209.7 sec
Step =   9022: nodes = 11908, dt = 2.001758e-12, time = 3.350956e-08, elapsed = 6210.3 sec
Step =   9023: nodes = 11905, dt = 2.402109e-12, time = 3.351197e-08, elapsed = 6210.8 sec
Step =   9024: nodes = 11906, dt = 2.882531e-12, time = 3.351485e-08, elapsed = 6211.3 sec
Step =   9025: nodes = 11909, dt = 3.459037e-12, time = 3.351831e-08, elapsed = 6211.8 sec
Step =   9026: nodes = 11908, dt = 4.150844e-12, time = 3.352246e-08, elapsed = 6212.4 sec
Step =   9027: nodes = 11899, dt = 4.981013e-12, time = 3.352744e-08, elapsed = 6213.0 sec
Step =   9028: nodes = 11902, dt = 5.977216e-12, time = 3.353342e-08, elapsed = 6213.6 sec
Step =   9029: nodes = 11905, dt = 7.172659e-12, time = 3.354059e-08, elapsed = 6214.3 sec
Step =   9030: nodes = 11908, dt = 4.303595e-12, time = 3.354489e-08, elapsed = 6215.0 sec
Step =   9031: nodes = 11909, dt = 4.303595e-12, time = 3.354920e-08, elapsed = 6215.6 sec
Step =   9032: nodes = 11909, dt = 5.164315e-12, time = 3.355436e-08, elapsed = 6216.2 sec
Step =   9033: nodes = 11909, dt = 3.098589e-12, time = 3.355746e-08, elapsed = 6216.9 sec
Step =   9034: nodes = 11914, dt = 3.098589e-12, time = 3.356056e-08, elapsed = 6217.5 sec
Step =   9035: nodes = 11918, dt = 3.718306e-12, time = 3.356428e-08, elapsed = 6218.1 sec
Step =   9036: nodes = 11910, dt = 4.461968e-12, time = 3.356874e-08, elapsed = 6219.0 sec
Step =   9037: nodes = 11914, dt = 5.354361e-12, time = 3.357409e-08, elapsed = 6219.6 sec
Step =   9038: nodes = 11914, dt = 6.425234e-12, time = 3.358052e-08, elapsed = 6220.3 sec
Step =   9039: nodes = 11906, dt = 7.710280e-12, time = 3.358823e-08, elapsed = 6221.0 sec
Step =   9040: nodes = 11908, dt = 9.252336e-12, time = 3.359748e-08, elapsed = 6221.7 sec
Step =   9041: nodes = 11906, dt = 5.551402e-12, time = 3.360303e-08, elapsed = 6222.5 sec
Step =   9042: nodes = 11911, dt = 5.551402e-12, time = 3.360858e-08, elapsed = 6223.1 sec
Step =   9043: nodes = 11908, dt = 6.661682e-12, time = 3.361524e-08, elapsed = 6223.7 sec
Step =   9044: nodes = 11909, dt = 7.994019e-12, time = 3.362324e-08, elapsed = 6224.4 sec
Step =   9045: nodes = 11908, dt = 4.796411e-12, time = 3.362804e-08, elapsed = 6225.2 sec
Step =   9046: nodes = 11914, dt = 4.796411e-12, time = 3.363283e-08, elapsed = 6225.8 sec
Step =   9047: nodes = 11916, dt = 5.755693e-12, time = 3.363859e-08, elapsed = 6226.4 sec
Step =   9048: nodes = 11914, dt = 6.906832e-12, time = 3.364549e-08, elapsed = 6227.0 sec
Step =   9049: nodes = 11908, dt = 8.288199e-12, time = 3.365378e-08, elapsed = 6227.7 sec
Step =   9050: nodes = 11911, dt = 4.972919e-12, time = 3.365876e-08, elapsed = 6228.5 sec
Step =   9051: nodes = 11905, dt = 4.972919e-12, time = 3.366373e-08, elapsed = 6229.0 sec
Step =   9052: nodes = 11911, dt = 5.967503e-12, time = 3.366970e-08, elapsed = 6229.7 sec
Step =   9053: nodes = 11909, dt = 3.580502e-12, time = 3.367328e-08, elapsed = 6230.4 sec
Step =   9054: nodes = 11909, dt = 3.580502e-12, time = 3.367686e-08, elapsed = 6230.9 sec
Step =   9055: nodes = 11904, dt = 4.296602e-12, time = 3.368115e-08, elapsed = 6231.5 sec
Step =   9056: nodes = 11905, dt = 2.577961e-12, time = 3.368373e-08, elapsed = 6232.2 sec
Step =   9057: nodes = 11906, dt = 2.577961e-12, time = 3.368631e-08, elapsed = 6232.8 sec
Step =   9058: nodes = 11902, dt = 3.093554e-12, time = 3.368940e-08, elapsed = 6233.4 sec
Step =   9059: nodes = 11896, dt = 3.712264e-12, time = 3.369312e-08, elapsed = 6234.0 sec
Step =   9060: nodes = 11898, dt = 4.454717e-12, time = 3.369757e-08, elapsed = 6234.6 sec
Step =   9061: nodes = 11900, dt = 5.345660e-12, time = 3.370292e-08, elapsed = 6235.3 sec
Step =   9062: nodes = 11896, dt = 6.414793e-12, time = 3.370933e-08, elapsed = 6235.9 sec
Step =   9063: nodes = 11898, dt = 7.697751e-12, time = 3.371703e-08, elapsed = 6236.5 sec
Step =   9064: nodes = 11902, dt = 4.618651e-12, time = 3.372165e-08, elapsed = 6237.3 sec
Step =   9065: nodes = 11901, dt = 4.618651e-12, time = 3.372627e-08, elapsed = 6237.9 sec
Step =   9066: nodes = 11906, dt = 5.542381e-12, time = 3.373181e-08, elapsed = 6238.5 sec
Step =   9067: nodes = 11905, dt = 1.662714e-12, time = 3.373347e-08, elapsed = 6239.3 sec
Step =   9068: nodes = 11903, dt = 1.662714e-12, time = 3.373513e-08, elapsed = 6239.9 sec
Step =   9069: nodes = 11902, dt = 1.995257e-12, time = 3.373713e-08, elapsed = 6240.4 sec
Step =   9070: nodes = 11902, dt = 2.394309e-12, time = 3.373952e-08, elapsed = 6240.9 sec
Step =   9071: nodes = 11905, dt = 2.873170e-12, time = 3.374240e-08, elapsed = 6241.4 sec
Step =   9072: nodes = 11900, dt = 3.447804e-12, time = 3.374584e-08, elapsed = 6242.0 sec
Step =   9073: nodes = 11899, dt = 4.137365e-12, time = 3.374998e-08, elapsed = 6242.5 sec
Step =   9074: nodes = 11898, dt = 2.482419e-12, time = 3.375246e-08, elapsed = 6243.2 sec
Step =   9075: nodes = 11898, dt = 2.482419e-12, time = 3.375495e-08, elapsed = 6243.7 sec
Step =   9076: nodes = 11898, dt = 2.978903e-12, time = 3.375792e-08, elapsed = 6244.2 sec
Step =   9077: nodes = 11897, dt = 1.787342e-12, time = 3.375971e-08, elapsed = 6244.9 sec
Step =   9078: nodes = 11898, dt = 1.787342e-12, time = 3.376150e-08, elapsed = 6245.4 sec
Step =   9079: nodes = 11898, dt = 2.144810e-12, time = 3.376364e-08, elapsed = 6246.0 sec
Step =   9080: nodes = 11897, dt = 2.573772e-12, time = 3.376622e-08, elapsed = 6246.5 sec
Step =   9081: nodes = 11898, dt = 3.088526e-12, time = 3.376931e-08, elapsed = 6247.1 sec
Step =   9082: nodes = 11897, dt = 3.706232e-12, time = 3.377301e-08, elapsed = 6247.7 sec
Step =   9083: nodes = 11895, dt = 4.447478e-12, time = 3.377746e-08, elapsed = 6248.3 sec
Step =   9084: nodes = 11893, dt = 2.668487e-12, time = 3.378013e-08, elapsed = 6249.2 sec
Step =   9085: nodes = 11897, dt = 2.668487e-12, time = 3.378280e-08, elapsed = 6249.8 sec
Step =   9086: nodes = 11897, dt = 1.601092e-12, time = 3.378440e-08, elapsed = 6250.4 sec
Step =   9087: nodes = 11897, dt = 1.601092e-12, time = 3.378600e-08, elapsed = 6250.9 sec
Step =   9088: nodes = 11895, dt = 1.921311e-12, time = 3.378792e-08, elapsed = 6251.4 sec
Step =   9089: nodes = 11894, dt = 2.305573e-12, time = 3.379023e-08, elapsed = 6251.9 sec
Step =   9090: nodes = 11896, dt = 2.766687e-12, time = 3.379299e-08, elapsed = 6252.4 sec
Step =   9091: nodes = 11897, dt = 3.320025e-12, time = 3.379631e-08, elapsed = 6252.9 sec
Step =   9092: nodes = 11901, dt = 3.984030e-12, time = 3.380030e-08, elapsed = 6253.5 sec
Step =   9093: nodes = 11898, dt = 2.390418e-12, time = 3.380269e-08, elapsed = 6254.2 sec
Step =   9094: nodes = 11896, dt = 2.390418e-12, time = 3.380508e-08, elapsed = 6254.7 sec
Step =   9095: nodes = 11899, dt = 2.868501e-12, time = 3.380795e-08, elapsed = 6255.2 sec
Step =   9096: nodes = 11895, dt = 3.442202e-12, time = 3.381139e-08, elapsed = 6255.7 sec
Step =   9097: nodes = 11892, dt = 4.130642e-12, time = 3.381552e-08, elapsed = 6256.2 sec
Step =   9098: nodes = 11887, dt = 4.956770e-12, time = 3.382048e-08, elapsed = 6256.8 sec
Step =   9099: nodes = 11891, dt = 2.974062e-12, time = 3.382345e-08, elapsed = 6257.5 sec
Step =   9100: nodes = 11886, dt = 2.974062e-12, time = 3.382642e-08, elapsed = 6258.0 sec
Writing configuration in legacy data format
 Output file: /data/home/dg000246b/openDIS/inital_dislocation_structures/output_caseC_0.18%_seed12345/relax2/config.9100.data
Writing restart file
 Restart file: /data/home/dg000246b/openDIS/inital_dislocation_structures/output_caseC_0.18%_seed12345/relax2/restart.9100.exadis
Step =   9101: nodes = 11888, dt = 3.568875e-12, time = 3.382999e-08, elapsed = 6258.7 sec
Step =   9102: nodes = 11886, dt = 4.282649e-12, time = 3.383428e-08, elapsed = 6259.2 sec
Step =   9103: nodes = 11892, dt = 5.139179e-12, time = 3.383941e-08, elapsed = 6259.8 sec
Step =   9104: nodes = 11891, dt = 3.083508e-12, time = 3.384250e-08, elapsed = 6260.5 sec
Step =   9105: nodes = 11891, dt = 3.083508e-12, time = 3.384558e-08, elapsed = 6261.0 sec
Step =   9106: nodes = 11895, dt = 3.700209e-12, time = 3.384928e-08, elapsed = 6261.5 sec
Step =   9107: nodes = 11895, dt = 4.440251e-12, time = 3.385372e-08, elapsed = 6262.1 sec
Step =   9108: nodes = 11891, dt = 5.328301e-12, time = 3.385905e-08, elapsed = 6262.7 sec
Step =   9109: nodes = 11896, dt = 1.598490e-12, time = 3.386065e-08, elapsed = 6263.5 sec
Step =   9110: nodes = 11897, dt = 1.598490e-12, time = 3.386225e-08, elapsed = 6264.0 sec
Step =   9111: nodes = 11894, dt = 1.918188e-12, time = 3.386417e-08, elapsed = 6264.5 sec
Step =   9112: nodes = 11895, dt = 2.301826e-12, time = 3.386647e-08, elapsed = 6264.9 sec
Step =   9113: nodes = 11898, dt = 2.762191e-12, time = 3.386923e-08, elapsed = 6265.5 sec
Step =   9114: nodes = 11896, dt = 3.314630e-12, time = 3.387254e-08, elapsed = 6266.0 sec
Step =   9115: nodes = 11894, dt = 3.977556e-12, time = 3.387652e-08, elapsed = 6266.5 sec
Step =   9116: nodes = 11894, dt = 4.773067e-12, time = 3.388130e-08, elapsed = 6267.1 sec
Step =   9117: nodes = 11896, dt = 5.727680e-12, time = 3.388702e-08, elapsed = 6267.7 sec
Step =   9118: nodes = 11901, dt = 3.436608e-12, time = 3.389046e-08, elapsed = 6268.4 sec
Step =   9119: nodes = 11897, dt = 3.436608e-12, time = 3.389390e-08, elapsed = 6268.9 sec
Step =   9120: nodes = 11900, dt = 4.123930e-12, time = 3.389802e-08, elapsed = 6269.5 sec
Step =   9121: nodes = 11897, dt = 4.948715e-12, time = 3.390297e-08, elapsed = 6270.1 sec
Step =   9122: nodes = 11893, dt = 5.938459e-12, time = 3.390891e-08, elapsed = 6270.7 sec
Step =   9123: nodes = 11895, dt = 3.563075e-12, time = 3.391247e-08, elapsed = 6271.4 sec
Step =   9124: nodes = 11893, dt = 3.563075e-12, time = 3.391603e-08, elapsed = 6271.9 sec
Step =   9125: nodes = 11892, dt = 4.275690e-12, time = 3.392031e-08, elapsed = 6272.5 sec
Step =   9126: nodes = 11890, dt = 5.130828e-12, time = 3.392544e-08, elapsed = 6273.1 sec
Step =   9127: nodes = 11888, dt = 6.156994e-12, time = 3.393160e-08, elapsed = 6273.7 sec
Step =   9128: nodes = 11892, dt = 3.694196e-12, time = 3.393529e-08, elapsed = 6274.4 sec
Step =   9129: nodes = 11893, dt = 3.694196e-12, time = 3.393899e-08, elapsed = 6274.9 sec
Step =   9130: nodes = 11897, dt = 4.433036e-12, time = 3.394342e-08, elapsed = 6275.5 sec
Step =   9131: nodes = 11887, dt = 5.319643e-12, time = 3.394874e-08, elapsed = 6276.1 sec
Step =   9132: nodes = 11895, dt = 6.383571e-12, time = 3.395512e-08, elapsed = 6276.7 sec
Step =   9133: nodes = 11895, dt = 3.830143e-12, time = 3.395895e-08, elapsed = 6277.4 sec
Step =   9134: nodes = 11893, dt = 3.830143e-12, time = 3.396278e-08, elapsed = 6278.0 sec
Step =   9135: nodes = 11892, dt = 4.596171e-12, time = 3.396738e-08, elapsed = 6278.8 sec
Step =   9136: nodes = 11894, dt = 5.515406e-12, time = 3.397289e-08, elapsed = 6279.4 sec
Step =   9137: nodes = 11902, dt = 6.618487e-12, time = 3.397951e-08, elapsed = 6280.0 sec
Step =   9138: nodes = 11900, dt = 3.971092e-12, time = 3.398348e-08, elapsed = 6280.8 sec
Step =   9139: nodes = 11901, dt = 3.971092e-12, time = 3.398745e-08, elapsed = 6281.3 sec
Step =   9140: nodes = 11899, dt = 4.765310e-12, time = 3.399222e-08, elapsed = 6281.9 sec
Step =   9141: nodes = 11902, dt = 5.718372e-12, time = 3.399794e-08, elapsed = 6282.6 sec
Step =   9142: nodes = 11898, dt = 6.862047e-12, time = 3.400480e-08, elapsed = 6283.2 sec
Step =   9143: nodes = 11902, dt = 4.117228e-12, time = 3.400892e-08, elapsed = 6283.9 sec
Step =   9144: nodes = 11900, dt = 4.117228e-12, time = 3.401303e-08, elapsed = 6284.5 sec
Step =   9145: nodes = 11899, dt = 4.940674e-12, time = 3.401797e-08, elapsed = 6285.1 sec
Step =   9146: nodes = 11899, dt = 5.928809e-12, time = 3.402390e-08, elapsed = 6285.7 sec
Step =   9147: nodes = 11895, dt = 7.114570e-12, time = 3.403102e-08, elapsed = 6286.4 sec
Step =   9148: nodes = 11897, dt = 4.268742e-12, time = 3.403529e-08, elapsed = 6287.1 sec
Step =   9149: nodes = 11901, dt = 4.268742e-12, time = 3.403956e-08, elapsed = 6287.7 sec
Step =   9150: nodes = 11895, dt = 5.122491e-12, time = 3.404468e-08, elapsed = 6288.3 sec
Step =   9151: nodes = 11901, dt = 6.146989e-12, time = 3.405083e-08, elapsed = 6289.0 sec
Step =   9152: nodes = 11899, dt = 7.376386e-12, time = 3.405820e-08, elapsed = 6289.6 sec
Step =   9153: nodes = 11904, dt = 4.425832e-12, time = 3.406263e-08, elapsed = 6290.3 sec
Step =   9154: nodes = 11906, dt = 2.212916e-12, time = 3.406484e-08, elapsed = 6291.0 sec
Step =   9155: nodes = 11906, dt = 2.212916e-12, time = 3.406705e-08, elapsed = 6291.5 sec
Step =   9156: nodes = 11901, dt = 2.655499e-12, time = 3.406971e-08, elapsed = 6292.0 sec
Step =   9157: nodes = 11896, dt = 3.186599e-12, time = 3.407290e-08, elapsed = 6292.5 sec
Step =   9158: nodes = 11900, dt = 3.823919e-12, time = 3.407672e-08, elapsed = 6293.0 sec
Step =   9159: nodes = 11899, dt = 4.588702e-12, time = 3.408131e-08, elapsed = 6293.6 sec
Step =   9160: nodes = 11897, dt = 5.506443e-12, time = 3.408681e-08, elapsed = 6294.2 sec
Step =   9161: nodes = 11895, dt = 6.607732e-12, time = 3.409342e-08, elapsed = 6294.8 sec
Step =   9162: nodes = 11901, dt = 3.964639e-12, time = 3.409739e-08, elapsed = 6295.5 sec
Step =   9163: nodes = 11902, dt = 3.964639e-12, time = 3.410135e-08, elapsed = 6296.1 sec
Step =   9164: nodes = 11906, dt = 4.757567e-12, time = 3.410611e-08, elapsed = 6296.7 sec
Step =   9165: nodes = 11905, dt = 5.709080e-12, time = 3.411182e-08, elapsed = 6297.2 sec
Step =   9166: nodes = 11901, dt = 3.425448e-12, time = 3.411524e-08, elapsed = 6298.0 sec
Step =   9167: nodes = 11894, dt = 3.425448e-12, time = 3.411867e-08, elapsed = 6298.5 sec
Step =   9168: nodes = 11895, dt = 4.110538e-12, time = 3.412278e-08, elapsed = 6299.0 sec
Step =   9169: nodes = 11899, dt = 4.932645e-12, time = 3.412771e-08, elapsed = 6299.6 sec
Step =   9170: nodes = 11897, dt = 2.959587e-12, time = 3.413067e-08, elapsed = 6300.4 sec
Step =   9171: nodes = 11897, dt = 2.959587e-12, time = 3.413363e-08, elapsed = 6300.9 sec
Step =   9172: nodes = 11898, dt = 3.551505e-12, time = 3.413718e-08, elapsed = 6301.4 sec
Step =   9173: nodes = 11896, dt = 4.261805e-12, time = 3.414144e-08, elapsed = 6302.0 sec
Step =   9174: nodes = 11904, dt = 5.114167e-12, time = 3.414656e-08, elapsed = 6302.6 sec
Step =   9175: nodes = 11900, dt = 3.068500e-12, time = 3.414963e-08, elapsed = 6303.3 sec
Step =   9176: nodes = 11907, dt = 3.068500e-12, time = 3.415270e-08, elapsed = 6303.8 sec
Step =   9177: nodes = 11904, dt = 3.682200e-12, time = 3.415638e-08, elapsed = 6304.4 sec
Step =   9178: nodes = 11908, dt = 4.418640e-12, time = 3.416080e-08, elapsed = 6305.0 sec
Step =   9179: nodes = 11905, dt = 2.651184e-12, time = 3.416345e-08, elapsed = 6305.8 sec
Step =   9180: nodes = 11902, dt = 2.651184e-12, time = 3.416610e-08, elapsed = 6306.3 sec
Step =   9181: nodes = 11902, dt = 3.181421e-12, time = 3.416928e-08, elapsed = 6306.9 sec
Step =   9182: nodes = 11905, dt = 3.817705e-12, time = 3.417310e-08, elapsed = 6307.4 sec
Step =   9183: nodes = 11906, dt = 4.581246e-12, time = 3.417768e-08, elapsed = 6308.0 sec
Step =   9184: nodes = 11905, dt = 2.748748e-12, time = 3.418043e-08, elapsed = 6308.9 sec
Step =   9185: nodes = 11902, dt = 2.748748e-12, time = 3.418318e-08, elapsed = 6309.5 sec
Step =   9186: nodes = 11901, dt = 3.298497e-12, time = 3.418648e-08, elapsed = 6310.0 sec
Step =   9187: nodes = 11892, dt = 3.958196e-12, time = 3.419043e-08, elapsed = 6310.5 sec
Step =   9188: nodes = 11895, dt = 4.749836e-12, time = 3.419518e-08, elapsed = 6311.2 sec
Step =   9189: nodes = 11893, dt = 5.699803e-12, time = 3.420088e-08, elapsed = 6311.8 sec
Step =   9190: nodes = 11897, dt = 6.839763e-12, time = 3.420772e-08, elapsed = 6312.5 sec
Step =   9191: nodes = 11898, dt = 4.103858e-12, time = 3.421183e-08, elapsed = 6313.2 sec
Step =   9192: nodes = 11901, dt = 4.103858e-12, time = 3.421593e-08, elapsed = 6313.8 sec
Step =   9193: nodes = 11898, dt = 4.924630e-12, time = 3.422086e-08, elapsed = 6314.4 sec
Step =   9194: nodes = 11901, dt = 5.909556e-12, time = 3.422676e-08, elapsed = 6315.0 sec
Step =   9195: nodes = 11906, dt = 7.091467e-12, time = 3.423386e-08, elapsed = 6315.6 sec
Step =   9196: nodes = 11907, dt = 4.254880e-12, time = 3.423811e-08, elapsed = 6316.4 sec
Step =   9197: nodes = 11903, dt = 4.254880e-12, time = 3.424237e-08, elapsed = 6316.9 sec
Step =   9198: nodes = 11904, dt = 5.105856e-12, time = 3.424747e-08, elapsed = 6317.5 sec
Step =   9199: nodes = 11906, dt = 6.127027e-12, time = 3.425360e-08, elapsed = 6318.1 sec
Step =   9200: nodes = 11903, dt = 7.352433e-12, time = 3.426095e-08, elapsed = 6318.8 sec
Writing configuration in legacy data format
 Output file: /data/home/dg000246b/openDIS/inital_dislocation_structures/output_caseC_0.18%_seed12345/relax2/config.9200.data
Writing restart file
 Restart file: /data/home/dg000246b/openDIS/inital_dislocation_structures/output_caseC_0.18%_seed12345/relax2/restart.9200.exadis
Step =   9201: nodes = 11905, dt = 4.411460e-12, time = 3.426536e-08, elapsed = 6319.6 sec
Step =   9202: nodes = 11905, dt = 4.411460e-12, time = 3.426977e-08, elapsed = 6320.2 sec
Step =   9203: nodes = 11904, dt = 5.293752e-12, time = 3.427507e-08, elapsed = 6320.8 sec
Step =   9204: nodes = 11894, dt = 6.352502e-12, time = 3.428142e-08, elapsed = 6321.4 sec
Step =   9205: nodes = 11894, dt = 3.811501e-12, time = 3.428523e-08, elapsed = 6322.1 sec
Step =   9206: nodes = 11897, dt = 3.811501e-12, time = 3.428904e-08, elapsed = 6322.6 sec
Step =   9207: nodes = 11900, dt = 4.573801e-12, time = 3.429362e-08, elapsed = 6323.2 sec
Step =   9208: nodes = 11901, dt = 5.488562e-12, time = 3.429911e-08, elapsed = 6323.9 sec
Step =   9209: nodes = 11903, dt = 6.586274e-12, time = 3.430569e-08, elapsed = 6324.5 sec
Step =   9210: nodes = 11905, dt = 3.951764e-12, time = 3.430964e-08, elapsed = 6325.2 sec
Step =   9211: nodes = 11901, dt = 3.951764e-12, time = 3.431360e-08, elapsed = 6325.7 sec
Step =   9212: nodes = 11904, dt = 4.742117e-12, time = 3.431834e-08, elapsed = 6326.3 sec
Step =   9213: nodes = 11904, dt = 5.690541e-12, time = 3.432403e-08, elapsed = 6327.0 sec
Step =   9214: nodes = 11901, dt = 6.828649e-12, time = 3.433086e-08, elapsed = 6327.7 sec
Step =   9215: nodes = 11897, dt = 4.097189e-12, time = 3.433495e-08, elapsed = 6328.4 sec
Step =   9216: nodes = 11898, dt = 4.097189e-12, time = 3.433905e-08, elapsed = 6328.9 sec
Step =   9217: nodes = 11899, dt = 4.916627e-12, time = 3.434397e-08, elapsed = 6329.5 sec
Step =   9218: nodes = 11899, dt = 5.899953e-12, time = 3.434987e-08, elapsed = 6330.2 sec
Step =   9219: nodes = 11894, dt = 7.079943e-12, time = 3.435695e-08, elapsed = 6330.8 sec
Step =   9220: nodes = 11894, dt = 4.247966e-12, time = 3.436120e-08, elapsed = 6331.6 sec
Step =   9221: nodes = 11894, dt = 4.247966e-12, time = 3.436544e-08, elapsed = 6332.1 sec
Step =   9222: nodes = 11893, dt = 5.097559e-12, time = 3.437054e-08, elapsed = 6332.7 sec
Step =   9223: nodes = 11893, dt = 6.117071e-12, time = 3.437666e-08, elapsed = 6333.4 sec
Step =   9224: nodes = 11893, dt = 3.670242e-12, time = 3.438033e-08, elapsed = 6334.1 sec
Step =   9225: nodes = 11895, dt = 3.670242e-12, time = 3.438400e-08, elapsed = 6334.7 sec
Step =   9226: nodes = 11895, dt = 4.404291e-12, time = 3.438840e-08, elapsed = 6335.3 sec
Step =   9227: nodes = 11888, dt = 5.285149e-12, time = 3.439369e-08, elapsed = 6335.9 sec
Step =   9228: nodes = 11889, dt = 3.171089e-12, time = 3.439686e-08, elapsed = 6336.6 sec
Step =   9229: nodes = 11890, dt = 3.171089e-12, time = 3.440003e-08, elapsed = 6337.2 sec
Step =   9230: nodes = 11894, dt = 3.805307e-12, time = 3.440384e-08, elapsed = 6337.8 sec
Step =   9231: nodes = 11891, dt = 4.566369e-12, time = 3.440840e-08, elapsed = 6338.4 sec
Step =   9232: nodes = 11895, dt = 5.479643e-12, time = 3.441388e-08, elapsed = 6339.2 sec
Step =   9233: nodes = 11897, dt = 6.575571e-12, time = 3.442046e-08, elapsed = 6339.9 sec
Step =   9234: nodes = 11894, dt = 3.945343e-12, time = 3.442440e-08, elapsed = 6340.6 sec
Step =   9235: nodes = 11902, dt = 3.945343e-12, time = 3.442835e-08, elapsed = 6341.2 sec
Step =   9236: nodes = 11900, dt = 4.734411e-12, time = 3.443308e-08, elapsed = 6341.7 sec
Step =   9237: nodes = 11898, dt = 2.840647e-12, time = 3.443592e-08, elapsed = 6342.5 sec
Step =   9238: nodes = 11898, dt = 2.840647e-12, time = 3.443876e-08, elapsed = 6343.0 sec
Step =   9239: nodes = 11896, dt = 3.408776e-12, time = 3.444217e-08, elapsed = 6343.5 sec
Step =   9240: nodes = 11897, dt = 4.090531e-12, time = 3.444626e-08, elapsed = 6344.1 sec
Step =   9241: nodes = 11895, dt = 4.908638e-12, time = 3.445117e-08, elapsed = 6344.7 sec
Step =   9242: nodes = 11896, dt = 2.945183e-12, time = 3.445412e-08, elapsed = 6345.4 sec
Step =   9243: nodes = 11894, dt = 2.945183e-12, time = 3.445706e-08, elapsed = 6345.9 sec
Step =   9244: nodes = 11891, dt = 3.534219e-12, time = 3.446060e-08, elapsed = 6346.5 sec
Step =   9245: nodes = 11893, dt = 4.241063e-12, time = 3.446484e-08, elapsed = 6347.1 sec
Step =   9246: nodes = 11895, dt = 5.089275e-12, time = 3.446993e-08, elapsed = 6347.7 sec
Step =   9247: nodes = 11894, dt = 3.053565e-12, time = 3.447298e-08, elapsed = 6348.4 sec
Step =   9248: nodes = 11891, dt = 3.053565e-12, time = 3.447603e-08, elapsed = 6348.9 sec
Step =   9249: nodes = 11890, dt = 3.664278e-12, time = 3.447970e-08, elapsed = 6349.5 sec
Step =   9250: nodes = 11896, dt = 4.397134e-12, time = 3.448410e-08, elapsed = 6350.0 sec
Step =   9251: nodes = 11893, dt = 5.276561e-12, time = 3.448937e-08, elapsed = 6350.6 sec
Step =   9252: nodes = 11891, dt = 6.331873e-12, time = 3.449570e-08, elapsed = 6351.3 sec
Step =   9253: nodes = 11894, dt = 3.799124e-12, time = 3.449950e-08, elapsed = 6352.0 sec
Step =   9254: nodes = 11893, dt = 3.799124e-12, time = 3.450330e-08, elapsed = 6352.6 sec
Step =   9255: nodes = 11892, dt = 2.279474e-12, time = 3.450558e-08, elapsed = 6353.3 sec
Step =   9256: nodes = 11891, dt = 2.279474e-12, time = 3.450786e-08, elapsed = 6353.9 sec
Step =   9257: nodes = 11890, dt = 2.735369e-12, time = 3.451060e-08, elapsed = 6354.4 sec
Step =   9258: nodes = 11886, dt = 3.282443e-12, time = 3.451388e-08, elapsed = 6355.0 sec
Step =   9259: nodes = 11888, dt = 3.938932e-12, time = 3.451782e-08, elapsed = 6355.6 sec
Step =   9260: nodes = 11887, dt = 2.363359e-12, time = 3.452018e-08, elapsed = 6356.3 sec
Step =   9261: nodes = 11884, dt = 2.363359e-12, time = 3.452254e-08, elapsed = 6356.9 sec
Step =   9262: nodes = 11884, dt = 2.836031e-12, time = 3.452538e-08, elapsed = 6357.4 sec
Step =   9263: nodes = 11879, dt = 3.403237e-12, time = 3.452878e-08, elapsed = 6358.0 sec
Step =   9264: nodes = 11875, dt = 2.041942e-12, time = 3.453083e-08, elapsed = 6358.7 sec
Step =   9265: nodes = 11877, dt = 2.041942e-12, time = 3.453287e-08, elapsed = 6359.3 sec
Step =   9266: nodes = 11876, dt = 2.450331e-12, time = 3.453532e-08, elapsed = 6359.8 sec
Step =   9267: nodes = 11876, dt = 7.350992e-13, time = 3.453605e-08, elapsed = 6360.6 sec
Step =   9268: nodes = 11872, dt = 7.350992e-13, time = 3.453679e-08, elapsed = 6361.1 sec
Step =   9269: nodes = 11873, dt = 8.821190e-13, time = 3.453767e-08, elapsed = 6361.6 sec
Step =   9270: nodes = 11874, dt = 1.058543e-12, time = 3.453873e-08, elapsed = 6362.0 sec
Step =   9271: nodes = 11867, dt = 1.270251e-12, time = 3.454000e-08, elapsed = 6362.5 sec
Step =   9272: nodes = 11869, dt = 1.524302e-12, time = 3.454152e-08, elapsed = 6363.0 sec
Step =   9273: nodes = 11870, dt = 1.829162e-12, time = 3.454335e-08, elapsed = 6363.4 sec
Step =   9274: nodes = 11871, dt = 2.194994e-12, time = 3.454555e-08, elapsed = 6364.0 sec
Step =   9275: nodes = 11871, dt = 2.633993e-12, time = 3.454818e-08, elapsed = 6364.5 sec
Step =   9276: nodes = 11871, dt = 3.160792e-12, time = 3.455134e-08, elapsed = 6365.0 sec
Step =   9277: nodes = 11867, dt = 3.792950e-12, time = 3.455514e-08, elapsed = 6365.6 sec
Step =   9278: nodes = 11868, dt = 4.551540e-12, time = 3.455969e-08, elapsed = 6366.1 sec
Step =   9279: nodes = 11869, dt = 2.730924e-12, time = 3.456242e-08, elapsed = 6366.8 sec
Step =   9280: nodes = 11870, dt = 2.730924e-12, time = 3.456515e-08, elapsed = 6367.3 sec
Step =   9281: nodes = 11868, dt = 3.277109e-12, time = 3.456843e-08, elapsed = 6367.8 sec
Step =   9282: nodes = 11865, dt = 3.932531e-12, time = 3.457236e-08, elapsed = 6368.4 sec
Step =   9283: nodes = 11870, dt = 4.719037e-12, time = 3.457708e-08, elapsed = 6369.2 sec
Step =   9284: nodes = 11875, dt = 2.831422e-12, time = 3.457991e-08, elapsed = 6369.8 sec
Step =   9285: nodes = 11875, dt = 2.831422e-12, time = 3.458274e-08, elapsed = 6370.4 sec
Step =   9286: nodes = 11875, dt = 3.397707e-12, time = 3.458614e-08, elapsed = 6370.9 sec
Step =   9287: nodes = 11871, dt = 4.077248e-12, time = 3.459022e-08, elapsed = 6371.5 sec
Step =   9288: nodes = 11875, dt = 4.892697e-12, time = 3.459511e-08, elapsed = 6372.0 sec
Step =   9289: nodes = 11872, dt = 2.935618e-12, time = 3.459804e-08, elapsed = 6372.8 sec
Step =   9290: nodes = 11873, dt = 2.935618e-12, time = 3.460098e-08, elapsed = 6373.3 sec
Step =   9291: nodes = 11875, dt = 3.522742e-12, time = 3.460450e-08, elapsed = 6373.9 sec
Step =   9292: nodes = 11874, dt = 4.227291e-12, time = 3.460873e-08, elapsed = 6374.4 sec
Step =   9293: nodes = 11872, dt = 5.072749e-12, time = 3.461380e-08, elapsed = 6375.0 sec
Step =   9294: nodes = 11870, dt = 3.043649e-12, time = 3.461685e-08, elapsed = 6375.7 sec
Step =   9295: nodes = 11870, dt = 3.043649e-12, time = 3.461989e-08, elapsed = 6376.2 sec
Step =   9296: nodes = 11864, dt = 3.652379e-12, time = 3.462354e-08, elapsed = 6376.7 sec
Step =   9297: nodes = 11864, dt = 4.382855e-12, time = 3.462792e-08, elapsed = 6377.3 sec
Step =   9298: nodes = 11864, dt = 2.629713e-12, time = 3.463055e-08, elapsed = 6378.0 sec
Step =   9299: nodes = 11867, dt = 1.314856e-12, time = 3.463187e-08, elapsed = 6378.6 sec
Step =   9300: nodes = 11866, dt = 1.314856e-12, time = 3.463318e-08, elapsed = 6379.1 sec
Writing configuration in legacy data format
 Output file: /data/home/dg000246b/openDIS/inital_dislocation_structures/output_caseC_0.18%_seed12345/relax2/config.9300.data
Writing restart file
 Restart file: /data/home/dg000246b/openDIS/inital_dislocation_structures/output_caseC_0.18%_seed12345/relax2/restart.9300.exadis
Step =   9301: nodes = 11865, dt = 1.577828e-12, time = 3.463476e-08, elapsed = 6379.7 sec
Step =   9302: nodes = 11860, dt = 1.893393e-12, time = 3.463665e-08, elapsed = 6380.2 sec
Step =   9303: nodes = 11862, dt = 2.272072e-12, time = 3.463893e-08, elapsed = 6380.7 sec
Step =   9304: nodes = 11861, dt = 2.726486e-12, time = 3.464165e-08, elapsed = 6381.2 sec
Step =   9305: nodes = 11861, dt = 3.271784e-12, time = 3.464493e-08, elapsed = 6381.7 sec
Step =   9306: nodes = 11864, dt = 3.926140e-12, time = 3.464885e-08, elapsed = 6382.3 sec
Step =   9307: nodes = 11859, dt = 4.711368e-12, time = 3.465356e-08, elapsed = 6382.9 sec
Step =   9308: nodes = 11867, dt = 5.653642e-12, time = 3.465922e-08, elapsed = 6383.5 sec
Step =   9309: nodes = 11870, dt = 6.784371e-12, time = 3.466600e-08, elapsed = 6384.2 sec
Step =   9310: nodes = 11870, dt = 4.070622e-12, time = 3.467007e-08, elapsed = 6384.9 sec
Step =   9311: nodes = 11874, dt = 4.070622e-12, time = 3.467414e-08, elapsed = 6385.5 sec
Step =   9312: nodes = 11876, dt = 4.884747e-12, time = 3.467903e-08, elapsed = 6386.0 sec
Step =   9313: nodes = 11873, dt = 5.861696e-12, time = 3.468489e-08, elapsed = 6386.6 sec
Step =   9314: nodes = 11867, dt = 7.034035e-12, time = 3.469192e-08, elapsed = 6387.2 sec
Step =   9315: nodes = 11868, dt = 4.220421e-12, time = 3.469614e-08, elapsed = 6388.0 sec
Step =   9316: nodes = 11866, dt = 4.220421e-12, time = 3.470036e-08, elapsed = 6388.5 sec
Step =   9317: nodes = 11869, dt = 5.064505e-12, time = 3.470543e-08, elapsed = 6389.1 sec
Step =   9318: nodes = 11872, dt = 6.077407e-12, time = 3.471151e-08, elapsed = 6389.7 sec
Step =   9319: nodes = 11869, dt = 3.646444e-12, time = 3.471515e-08, elapsed = 6390.4 sec
Step =   9320: nodes = 11876, dt = 3.646444e-12, time = 3.471880e-08, elapsed = 6390.9 sec
Step =   9321: nodes = 11876, dt = 4.375733e-12, time = 3.472317e-08, elapsed = 6391.4 sec
Step =   9322: nodes = 11875, dt = 5.250879e-12, time = 3.472842e-08, elapsed = 6392.1 sec
Step =   9323: nodes = 11870, dt = 6.301055e-12, time = 3.473473e-08, elapsed = 6392.6 sec
Step =   9324: nodes = 11871, dt = 3.780633e-12, time = 3.473851e-08, elapsed = 6393.3 sec
Step =   9325: nodes = 11868, dt = 3.780633e-12, time = 3.474229e-08, elapsed = 6393.9 sec
Step =   9326: nodes = 11866, dt = 4.536760e-12, time = 3.474682e-08, elapsed = 6394.4 sec
Step =   9327: nodes = 11871, dt = 5.444112e-12, time = 3.475227e-08, elapsed = 6395.0 sec
Step =   9328: nodes = 11876, dt = 6.532934e-12, time = 3.475880e-08, elapsed = 6395.6 sec
Step =   9329: nodes = 11874, dt = 3.919760e-12, time = 3.476272e-08, elapsed = 6396.4 sec
Step =   9330: nodes = 11874, dt = 3.919760e-12, time = 3.476664e-08, elapsed = 6396.9 sec
Step =   9331: nodes = 11867, dt = 4.703712e-12, time = 3.477134e-08, elapsed = 6397.4 sec
Step =   9332: nodes = 11864, dt = 5.644455e-12, time = 3.477699e-08, elapsed = 6398.0 sec
Step =   9333: nodes = 11875, dt = 6.773346e-12, time = 3.478376e-08, elapsed = 6398.6 sec
Step =   9334: nodes = 11875, dt = 4.064008e-12, time = 3.478783e-08, elapsed = 6399.7 sec
Step =   9335: nodes = 11873, dt = 4.064008e-12, time = 3.479189e-08, elapsed = 6400.2 sec
Step =   9336: nodes = 11872, dt = 4.876809e-12, time = 3.479677e-08, elapsed = 6400.7 sec
Step =   9337: nodes = 11867, dt = 5.852171e-12, time = 3.480262e-08, elapsed = 6401.3 sec
Step =   9338: nodes = 11867, dt = 3.511303e-12, time = 3.480613e-08, elapsed = 6402.1 sec
Step =   9339: nodes = 11869, dt = 3.511303e-12, time = 3.480964e-08, elapsed = 6402.6 sec
Step =   9340: nodes = 11861, dt = 4.213563e-12, time = 3.481386e-08, elapsed = 6403.2 sec
Step =   9341: nodes = 11858, dt = 5.056276e-12, time = 3.481891e-08, elapsed = 6403.7 sec
Step =   9342: nodes = 11860, dt = 3.033765e-12, time = 3.482195e-08, elapsed = 6404.4 sec
Step =   9343: nodes = 11863, dt = 3.033765e-12, time = 3.482498e-08, elapsed = 6404.9 sec
Step =   9344: nodes = 11862, dt = 3.640518e-12, time = 3.482862e-08, elapsed = 6405.5 sec
Step =   9345: nodes = 11866, dt = 4.368622e-12, time = 3.483299e-08, elapsed = 6406.0 sec
Step =   9346: nodes = 11867, dt = 5.242347e-12, time = 3.483823e-08, elapsed = 6406.6 sec
Step =   9347: nodes = 11869, dt = 3.145408e-12, time = 3.484138e-08, elapsed = 6407.3 sec
Step =   9348: nodes = 11871, dt = 3.145408e-12, time = 3.484452e-08, elapsed = 6407.9 sec
Step =   9349: nodes = 11872, dt = 3.774490e-12, time = 3.484830e-08, elapsed = 6408.4 sec
Step =   9350: nodes = 11866, dt = 4.529387e-12, time = 3.485283e-08, elapsed = 6408.9 sec
Step =   9351: nodes = 11861, dt = 5.435265e-12, time = 3.485826e-08, elapsed = 6409.5 sec
Step =   9352: nodes = 11863, dt = 1.630579e-12, time = 3.485989e-08, elapsed = 6410.4 sec
Step =   9353: nodes = 11865, dt = 1.630579e-12, time = 3.486152e-08, elapsed = 6410.9 sec
Step =   9354: nodes = 11863, dt = 1.956695e-12, time = 3.486348e-08, elapsed = 6411.5 sec
Step =   9355: nodes = 11866, dt = 2.348034e-12, time = 3.486583e-08, elapsed = 6412.0 sec
Step =   9356: nodes = 11865, dt = 2.817641e-12, time = 3.486864e-08, elapsed = 6412.6 sec
Step =   9357: nodes = 11866, dt = 3.381170e-12, time = 3.487203e-08, elapsed = 6413.1 sec
Step =   9358: nodes = 11868, dt = 4.057404e-12, time = 3.487608e-08, elapsed = 6413.7 sec
Step =   9359: nodes = 11869, dt = 4.868884e-12, time = 3.488095e-08, elapsed = 6414.2 sec
Step =   9360: nodes = 11875, dt = 5.842661e-12, time = 3.488679e-08, elapsed = 6414.8 sec
Step =   9361: nodes = 11874, dt = 3.505597e-12, time = 3.489030e-08, elapsed = 6415.5 sec
Step =   9362: nodes = 11873, dt = 3.505597e-12, time = 3.489381e-08, elapsed = 6416.1 sec
Step =   9363: nodes = 11866, dt = 4.206716e-12, time = 3.489801e-08, elapsed = 6416.6 sec
Step =   9364: nodes = 11867, dt = 5.048059e-12, time = 3.490306e-08, elapsed = 6417.2 sec
Step =   9365: nodes = 11872, dt = 6.057671e-12, time = 3.490912e-08, elapsed = 6417.8 sec
Step =   9366: nodes = 11875, dt = 3.634603e-12, time = 3.491275e-08, elapsed = 6418.5 sec
Step =   9367: nodes = 11873, dt = 3.634603e-12, time = 3.491639e-08, elapsed = 6419.1 sec
Step =   9368: nodes = 11862, dt = 4.361523e-12, time = 3.492075e-08, elapsed = 6419.6 sec
Step =   9369: nodes = 11860, dt = 5.233828e-12, time = 3.492598e-08, elapsed = 6420.2 sec
Step =   9370: nodes = 11866, dt = 6.280593e-12, time = 3.493226e-08, elapsed = 6420.8 sec
Step =   9371: nodes = 11864, dt = 3.768356e-12, time = 3.493603e-08, elapsed = 6421.5 sec
Step =   9372: nodes = 11862, dt = 3.768356e-12, time = 3.493980e-08, elapsed = 6422.0 sec
Step =   9373: nodes = 11868, dt = 4.522027e-12, time = 3.494432e-08, elapsed = 6422.6 sec
Step =   9374: nodes = 11862, dt = 5.426433e-12, time = 3.494975e-08, elapsed = 6423.2 sec
Step =   9375: nodes = 11866, dt = 3.255860e-12, time = 3.495300e-08, elapsed = 6423.9 sec
Step =   9376: nodes = 11869, dt = 3.255860e-12, time = 3.495626e-08, elapsed = 6424.4 sec
Step =   9377: nodes = 11863, dt = 3.907032e-12, time = 3.496017e-08, elapsed = 6425.0 sec
Step =   9378: nodes = 11861, dt = 2.344219e-12, time = 3.496251e-08, elapsed = 6425.7 sec
Step =   9379: nodes = 11862, dt = 2.344219e-12, time = 3.496486e-08, elapsed = 6426.3 sec
Step =   9380: nodes = 11860, dt = 2.813063e-12, time = 3.496767e-08, elapsed = 6426.9 sec
Step =   9381: nodes = 11857, dt = 3.375675e-12, time = 3.497104e-08, elapsed = 6427.5 sec
Step =   9382: nodes = 11862, dt = 4.050810e-12, time = 3.497509e-08, elapsed = 6428.0 sec
Step =   9383: nodes = 11860, dt = 4.860972e-12, time = 3.497996e-08, elapsed = 6429.0 sec
Step =   9384: nodes = 11860, dt = 5.833167e-12, time = 3.498579e-08, elapsed = 6429.7 sec
Step =   9385: nodes = 11862, dt = 3.499900e-12, time = 3.498929e-08, elapsed = 6430.4 sec
Step =   9386: nodes = 11861, dt = 3.499900e-12, time = 3.499279e-08, elapsed = 6430.9 sec
Step =   9387: nodes = 11863, dt = 2.099940e-12, time = 3.499489e-08, elapsed = 6431.6 sec
Step =   9388: nodes = 11861, dt = 2.099940e-12, time = 3.499699e-08, elapsed = 6432.2 sec
Step =   9389: nodes = 11859, dt = 2.519928e-12, time = 3.499951e-08, elapsed = 6432.7 sec
Step =   9390: nodes = 11859, dt = 3.023914e-12, time = 3.500253e-08, elapsed = 6433.3 sec
Step =   9391: nodes = 11861, dt = 3.628696e-12, time = 3.500616e-08, elapsed = 6433.9 sec
Step =   9392: nodes = 11856, dt = 4.354436e-12, time = 3.501052e-08, elapsed = 6434.5 sec
Step =   9393: nodes = 11861, dt = 5.225323e-12, time = 3.501574e-08, elapsed = 6435.2 sec
Step =   9394: nodes = 11858, dt = 6.270387e-12, time = 3.502201e-08, elapsed = 6435.8 sec
Step =   9395: nodes = 11861, dt = 3.762232e-12, time = 3.502577e-08, elapsed = 6436.6 sec
Step =   9396: nodes = 11863, dt = 3.762232e-12, time = 3.502954e-08, elapsed = 6437.1 sec
Step =   9397: nodes = 11871, dt = 4.514679e-12, time = 3.503405e-08, elapsed = 6437.6 sec
Step =   9398: nodes = 11870, dt = 5.417615e-12, time = 3.503947e-08, elapsed = 6438.3 sec
Step =   9399: nodes = 11870, dt = 3.250569e-12, time = 3.504272e-08, elapsed = 6439.0 sec
Step =   9400: nodes = 11869, dt = 3.250569e-12, time = 3.504597e-08, elapsed = 6439.6 sec
Writing configuration in legacy data format
 Output file: /data/home/dg000246b/openDIS/inital_dislocation_structures/output_caseC_0.18%_seed12345/relax2/config.9400.data
Writing restart file
 Restart file: /data/home/dg000246b/openDIS/inital_dislocation_structures/output_caseC_0.18%_seed12345/relax2/restart.9400.exadis
Step =   9401: nodes = 11865, dt = 3.900683e-12, time = 3.504987e-08, elapsed = 6440.3 sec
Step =   9402: nodes = 11869, dt = 2.340410e-12, time = 3.505221e-08, elapsed = 6441.0 sec
Step =   9403: nodes = 11865, dt = 2.340410e-12, time = 3.505455e-08, elapsed = 6441.6 sec
Step =   9404: nodes = 11861, dt = 2.808491e-12, time = 3.505736e-08, elapsed = 6442.1 sec
Step =   9405: nodes = 11857, dt = 3.370190e-12, time = 3.506073e-08, elapsed = 6442.7 sec
Step =   9406: nodes = 11854, dt = 4.044228e-12, time = 3.506477e-08, elapsed = 6443.3 sec
Step =   9407: nodes = 11851, dt = 4.853073e-12, time = 3.506963e-08, elapsed = 6443.9 sec
Step =   9408: nodes = 11851, dt = 5.823688e-12, time = 3.507545e-08, elapsed = 6444.5 sec
Step =   9409: nodes = 11850, dt = 3.494213e-12, time = 3.507894e-08, elapsed = 6445.2 sec
Step =   9410: nodes = 11853, dt = 3.494213e-12, time = 3.508244e-08, elapsed = 6445.8 sec
Step =   9411: nodes = 11858, dt = 4.193055e-12, time = 3.508663e-08, elapsed = 6446.4 sec
Step =   9412: nodes = 11851, dt = 5.031666e-12, time = 3.509166e-08, elapsed = 6447.0 sec
Step =   9413: nodes = 11853, dt = 6.038000e-12, time = 3.509770e-08, elapsed = 6447.7 sec
Step =   9414: nodes = 11854, dt = 3.622800e-12, time = 3.510132e-08, elapsed = 6448.4 sec
Step =   9415: nodes = 11853, dt = 3.622800e-12, time = 3.510495e-08, elapsed = 6448.9 sec
Step =   9416: nodes = 11851, dt = 4.347360e-12, time = 3.510929e-08, elapsed = 6449.5 sec
Step =   9417: nodes = 11851, dt = 5.216832e-12, time = 3.511451e-08, elapsed = 6450.1 sec
Step =   9418: nodes = 11853, dt = 6.260198e-12, time = 3.512077e-08, elapsed = 6450.6 sec
Step =   9419: nodes = 11856, dt = 3.756119e-12, time = 3.512453e-08, elapsed = 6451.4 sec
Step =   9420: nodes = 11857, dt = 3.756119e-12, time = 3.512828e-08, elapsed = 6451.9 sec
Step =   9421: nodes = 11857, dt = 4.507343e-12, time = 3.513279e-08, elapsed = 6452.5 sec
Step =   9422: nodes = 11856, dt = 5.408811e-12, time = 3.513820e-08, elapsed = 6453.1 sec
Step =   9423: nodes = 11857, dt = 3.245287e-12, time = 3.514145e-08, elapsed = 6453.9 sec
Step =   9424: nodes = 11859, dt = 3.245287e-12, time = 3.514469e-08, elapsed = 6454.5 sec
Step =   9425: nodes = 11860, dt = 3.894344e-12, time = 3.514858e-08, elapsed = 6455.1 sec
Step =   9426: nodes = 11861, dt = 2.336606e-12, time = 3.515092e-08, elapsed = 6455.8 sec
Step =   9427: nodes = 11862, dt = 2.336606e-12, time = 3.515326e-08, elapsed = 6456.3 sec
Step =   9428: nodes = 11860, dt = 2.803928e-12, time = 3.515606e-08, elapsed = 6456.9 sec
Step =   9429: nodes = 11853, dt = 3.364713e-12, time = 3.515943e-08, elapsed = 6457.4 sec
Step =   9430: nodes = 11855, dt = 4.037656e-12, time = 3.516346e-08, elapsed = 6458.0 sec
Step =   9431: nodes = 11854, dt = 2.422593e-12, time = 3.516589e-08, elapsed = 6459.0 sec
Step =   9432: nodes = 11854, dt = 2.422593e-12, time = 3.516831e-08, elapsed = 6459.6 sec
Step =   9433: nodes = 11855, dt = 2.907112e-12, time = 3.517122e-08, elapsed = 6460.1 sec
Step =   9434: nodes = 11857, dt = 3.488535e-12, time = 3.517471e-08, elapsed = 6460.7 sec
Step =   9435: nodes = 11857, dt = 4.186242e-12, time = 3.517889e-08, elapsed = 6461.3 sec
Step =   9436: nodes = 11858, dt = 5.023490e-12, time = 3.518391e-08, elapsed = 6462.0 sec
Step =   9437: nodes = 11860, dt = 6.028188e-12, time = 3.518994e-08, elapsed = 6462.6 sec
Step =   9438: nodes = 11862, dt = 7.233825e-12, time = 3.519718e-08, elapsed = 6463.3 sec
Step =   9439: nodes = 11858, dt = 4.340295e-12, time = 3.520152e-08, elapsed = 6464.0 sec
Step =   9440: nodes = 11861, dt = 4.340295e-12, time = 3.520586e-08, elapsed = 6464.5 sec
Step =   9441: nodes = 11855, dt = 2.604177e-12, time = 3.520846e-08, elapsed = 6465.3 sec
Step =   9442: nodes = 11858, dt = 2.604177e-12, time = 3.521107e-08, elapsed = 6465.8 sec
Step =   9443: nodes = 11857, dt = 3.125013e-12, time = 3.521419e-08, elapsed = 6466.4 sec
Step =   9444: nodes = 11859, dt = 3.750015e-12, time = 3.521794e-08, elapsed = 6467.0 sec
Step =   9445: nodes = 11852, dt = 4.500018e-12, time = 3.522244e-08, elapsed = 6467.6 sec
Step =   9446: nodes = 11849, dt = 5.400022e-12, time = 3.522784e-08, elapsed = 6468.2 sec
Step =   9447: nodes = 11853, dt = 6.480026e-12, time = 3.523432e-08, elapsed = 6468.8 sec
Step =   9448: nodes = 11854, dt = 7.776031e-12, time = 3.524210e-08, elapsed = 6469.5 sec
Step =   9449: nodes = 11848, dt = 4.665619e-12, time = 3.524676e-08, elapsed = 6470.2 sec
Step =   9450: nodes = 11853, dt = 4.665619e-12, time = 3.525143e-08, elapsed = 6470.7 sec
Step =   9451: nodes = 11847, dt = 5.598743e-12, time = 3.525703e-08, elapsed = 6471.3 sec
Step =   9452: nodes = 11854, dt = 6.718491e-12, time = 3.526375e-08, elapsed = 6471.9 sec
Step =   9453: nodes = 11850, dt = 8.062189e-12, time = 3.527181e-08, elapsed = 6472.6 sec
Step =   9454: nodes = 11849, dt = 9.674627e-12, time = 3.528148e-08, elapsed = 6473.3 sec
Step =   9455: nodes = 11847, dt = 5.804776e-12, time = 3.528729e-08, elapsed = 6474.1 sec
Step =   9456: nodes = 11847, dt = 5.804776e-12, time = 3.529309e-08, elapsed = 6474.7 sec
Step =   9457: nodes = 11843, dt = 6.965731e-12, time = 3.530006e-08, elapsed = 6475.3 sec
Step =   9458: nodes = 11852, dt = 8.358878e-12, time = 3.530842e-08, elapsed = 6475.9 sec
Step =   9459: nodes = 11850, dt = 5.015327e-12, time = 3.531343e-08, elapsed = 6476.7 sec
Step =   9460: nodes = 11850, dt = 5.015327e-12, time = 3.531845e-08, elapsed = 6477.3 sec
Step =   9461: nodes = 11851, dt = 6.018392e-12, time = 3.532447e-08, elapsed = 6477.8 sec
Step =   9462: nodes = 11852, dt = 7.222070e-12, time = 3.533169e-08, elapsed = 6478.5 sec
Step =   9463: nodes = 11849, dt = 8.666484e-12, time = 3.534035e-08, elapsed = 6479.1 sec
Step =   9464: nodes = 11847, dt = 5.199891e-12, time = 3.534555e-08, elapsed = 6479.9 sec
Step =   9465: nodes = 11848, dt = 5.199891e-12, time = 3.535075e-08, elapsed = 6480.4 sec
Step =   9466: nodes = 11852, dt = 6.239869e-12, time = 3.535699e-08, elapsed = 6481.0 sec
Step =   9467: nodes = 11853, dt = 7.487843e-12, time = 3.536448e-08, elapsed = 6481.7 sec
Step =   9468: nodes = 11848, dt = 4.492706e-12, time = 3.536897e-08, elapsed = 6482.4 sec
Step =   9469: nodes = 11850, dt = 4.492706e-12, time = 3.537347e-08, elapsed = 6483.0 sec
Step =   9470: nodes = 11845, dt = 5.391247e-12, time = 3.537886e-08, elapsed = 6483.6 sec
Step =   9471: nodes = 11850, dt = 6.469496e-12, time = 3.538533e-08, elapsed = 6484.2 sec
Step =   9472: nodes = 11848, dt = 3.881698e-12, time = 3.538921e-08, elapsed = 6484.9 sec
Step =   9473: nodes = 11843, dt = 3.881698e-12, time = 3.539309e-08, elapsed = 6485.4 sec
Step =   9474: nodes = 11842, dt = 4.658037e-12, time = 3.539775e-08, elapsed = 6486.1 sec
Step =   9475: nodes = 11846, dt = 5.589645e-12, time = 3.540334e-08, elapsed = 6486.6 sec
Step =   9476: nodes = 11844, dt = 3.353787e-12, time = 3.540669e-08, elapsed = 6487.4 sec
Step =   9477: nodes = 11840, dt = 3.353787e-12, time = 3.541005e-08, elapsed = 6487.9 sec
Step =   9478: nodes = 11841, dt = 4.024544e-12, time = 3.541407e-08, elapsed = 6488.6 sec
Step =   9479: nodes = 11842, dt = 2.414726e-12, time = 3.541649e-08, elapsed = 6489.5 sec
Step =   9480: nodes = 11845, dt = 2.414726e-12, time = 3.541890e-08, elapsed = 6490.0 sec
Step =   9481: nodes = 11845, dt = 2.897672e-12, time = 3.542180e-08, elapsed = 6490.5 sec
Step =   9482: nodes = 11842, dt = 3.477206e-12, time = 3.542528e-08, elapsed = 6491.0 sec
Step =   9483: nodes = 11839, dt = 4.172647e-12, time = 3.542945e-08, elapsed = 6491.5 sec
Step =   9484: nodes = 11849, dt = 5.007177e-12, time = 3.543445e-08, elapsed = 6492.1 sec
Step =   9485: nodes = 11850, dt = 6.008612e-12, time = 3.544046e-08, elapsed = 6492.7 sec
Step =   9486: nodes = 11852, dt = 3.605167e-12, time = 3.544407e-08, elapsed = 6493.4 sec
Step =   9487: nodes = 11854, dt = 3.605167e-12, time = 3.544767e-08, elapsed = 6494.0 sec
Step =   9488: nodes = 11853, dt = 4.326201e-12, time = 3.545200e-08, elapsed = 6494.6 sec
Step =   9489: nodes = 11849, dt = 5.191441e-12, time = 3.545719e-08, elapsed = 6495.2 sec
Step =   9490: nodes = 11846, dt = 6.229729e-12, time = 3.546342e-08, elapsed = 6495.7 sec
Step =   9491: nodes = 11848, dt = 3.737837e-12, time = 3.546716e-08, elapsed = 6496.5 sec
Step =   9492: nodes = 11851, dt = 3.737837e-12, time = 3.547090e-08, elapsed = 6497.0 sec
Step =   9493: nodes = 11844, dt = 4.485405e-12, time = 3.547538e-08, elapsed = 6497.5 sec
Step =   9494: nodes = 11847, dt = 2.691243e-12, time = 3.547807e-08, elapsed = 6498.2 sec
Step =   9495: nodes = 11844, dt = 2.691243e-12, time = 3.548076e-08, elapsed = 6498.7 sec
Step =   9496: nodes = 11841, dt = 3.229492e-12, time = 3.548399e-08, elapsed = 6499.2 sec
Step =   9497: nodes = 11848, dt = 3.875390e-12, time = 3.548787e-08, elapsed = 6499.7 sec
Step =   9498: nodes = 11849, dt = 4.650468e-12, time = 3.549252e-08, elapsed = 6500.2 sec
Step =   9499: nodes = 11848, dt = 2.790281e-12, time = 3.549531e-08, elapsed = 6500.9 sec
Step =   9500: nodes = 11847, dt = 2.790281e-12, time = 3.549810e-08, elapsed = 6501.5 sec
Writing configuration in legacy data format
 Output file: /data/home/dg000246b/openDIS/inital_dislocation_structures/output_caseC_0.18%_seed12345/relax2/config.9500.data
Writing restart file
 Restart file: /data/home/dg000246b/openDIS/inital_dislocation_structures/output_caseC_0.18%_seed12345/relax2/restart.9500.exadis
Step =   9501: nodes = 11845, dt = 3.348337e-12, time = 3.550145e-08, elapsed = 6502.2 sec
Step =   9502: nodes = 11843, dt = 4.018004e-12, time = 3.550547e-08, elapsed = 6502.7 sec
Step =   9503: nodes = 11845, dt = 4.821605e-12, time = 3.551029e-08, elapsed = 6503.3 sec
Step =   9504: nodes = 11843, dt = 5.785926e-12, time = 3.551607e-08, elapsed = 6503.9 sec
Step =   9505: nodes = 11854, dt = 6.943111e-12, time = 3.552302e-08, elapsed = 6504.5 sec
Step =   9506: nodes = 11850, dt = 4.165867e-12, time = 3.552718e-08, elapsed = 6505.2 sec
Step =   9507: nodes = 11847, dt = 4.165867e-12, time = 3.553135e-08, elapsed = 6505.8 sec
Step =   9508: nodes = 11845, dt = 4.999040e-12, time = 3.553635e-08, elapsed = 6506.3 sec
Step =   9509: nodes = 11842, dt = 5.998848e-12, time = 3.554235e-08, elapsed = 6507.0 sec
Step =   9510: nodes = 11844, dt = 3.599309e-12, time = 3.554595e-08, elapsed = 6507.8 sec
Step =   9511: nodes = 11842, dt = 3.599309e-12, time = 3.554955e-08, elapsed = 6508.3 sec
Step =   9512: nodes = 11841, dt = 4.319171e-12, time = 3.555387e-08, elapsed = 6508.9 sec
Step =   9513: nodes = 11839, dt = 5.183005e-12, time = 3.555905e-08, elapsed = 6509.5 sec
Step =   9514: nodes = 11842, dt = 3.109803e-12, time = 3.556216e-08, elapsed = 6510.2 sec
Step =   9515: nodes = 11840, dt = 3.109803e-12, time = 3.556527e-08, elapsed = 6510.7 sec
Step =   9516: nodes = 11842, dt = 3.731763e-12, time = 3.556900e-08, elapsed = 6511.3 sec
Step =   9517: nodes = 11841, dt = 2.239058e-12, time = 3.557124e-08, elapsed = 6512.0 sec
Step =   9518: nodes = 11837, dt = 1.119529e-12, time = 3.557236e-08, elapsed = 6512.6 sec
Step =   9519: nodes = 11839, dt = 1.119529e-12, time = 3.557348e-08, elapsed = 6513.1 sec
Step =   9520: nodes = 11837, dt = 1.343435e-12, time = 3.557482e-08, elapsed = 6513.6 sec
Step =   9521: nodes = 11830, dt = 1.612122e-12, time = 3.557643e-08, elapsed = 6514.1 sec
Step =   9522: nodes = 11827, dt = 1.934546e-12, time = 3.557837e-08, elapsed = 6514.7 sec
Step =   9523: nodes = 11831, dt = 2.321455e-12, time = 3.558069e-08, elapsed = 6515.2 sec
Step =   9524: nodes = 11829, dt = 2.785746e-12, time = 3.558347e-08, elapsed = 6515.7 sec
Step =   9525: nodes = 11828, dt = 3.342896e-12, time = 3.558682e-08, elapsed = 6516.2 sec
Step =   9526: nodes = 11833, dt = 4.011475e-12, time = 3.559083e-08, elapsed = 6516.8 sec
Step =   9527: nodes = 11831, dt = 4.813770e-12, time = 3.559564e-08, elapsed = 6517.3 sec
Step =   9528: nodes = 11832, dt = 2.888262e-12, time = 3.559853e-08, elapsed = 6518.1 sec
Step =   9529: nodes = 11833, dt = 1.444131e-12, time = 3.559998e-08, elapsed = 6519.1 sec
Step =   9530: nodes = 11836, dt = 1.444131e-12, time = 3.560142e-08, elapsed = 6519.6 sec
Step =   9531: nodes = 11837, dt = 1.732957e-12, time = 3.560315e-08, elapsed = 6520.0 sec
Step =   9532: nodes = 11839, dt = 2.079549e-12, time = 3.560523e-08, elapsed = 6520.6 sec
Step =   9533: nodes = 11836, dt = 2.495458e-12, time = 3.560773e-08, elapsed = 6521.2 sec
Step =   9534: nodes = 11836, dt = 2.994550e-12, time = 3.561072e-08, elapsed = 6521.7 sec
Step =   9535: nodes = 11835, dt = 1.796730e-12, time = 3.561252e-08, elapsed = 6522.4 sec
Step =   9536: nodes = 11830, dt = 1.796730e-12, time = 3.561432e-08, elapsed = 6522.9 sec
Step =   9537: nodes = 11829, dt = 2.156076e-12, time = 3.561647e-08, elapsed = 6523.4 sec
Step =   9538: nodes = 11827, dt = 2.587291e-12, time = 3.561906e-08, elapsed = 6523.9 sec
Step =   9539: nodes = 11826, dt = 3.104749e-12, time = 3.562216e-08, elapsed = 6524.4 sec
Step =   9540: nodes = 11820, dt = 3.725699e-12, time = 3.562589e-08, elapsed = 6525.0 sec
Step =   9541: nodes = 11826, dt = 2.235420e-12, time = 3.562812e-08, elapsed = 6525.7 sec
Step =   9542: nodes = 11828, dt = 2.235420e-12, time = 3.563036e-08, elapsed = 6526.2 sec
Step =   9543: nodes = 11828, dt = 2.682503e-12, time = 3.563304e-08, elapsed = 6526.7 sec
Step =   9544: nodes = 11828, dt = 3.219004e-12, time = 3.563626e-08, elapsed = 6527.3 sec
Step =   9545: nodes = 11829, dt = 3.862805e-12, time = 3.564012e-08, elapsed = 6527.8 sec
Step =   9546: nodes = 11828, dt = 2.317683e-12, time = 3.564244e-08, elapsed = 6528.6 sec
Step =   9547: nodes = 11833, dt = 2.317683e-12, time = 3.564476e-08, elapsed = 6529.1 sec
Step =   9548: nodes = 11828, dt = 2.781220e-12, time = 3.564754e-08, elapsed = 6529.6 sec
Step =   9549: nodes = 11824, dt = 3.337464e-12, time = 3.565088e-08, elapsed = 6530.2 sec
Step =   9550: nodes = 11824, dt = 4.004956e-12, time = 3.565488e-08, elapsed = 6530.7 sec
Step =   9551: nodes = 11828, dt = 2.402974e-12, time = 3.565729e-08, elapsed = 6531.5 sec
Step =   9552: nodes = 11827, dt = 1.201487e-12, time = 3.565849e-08, elapsed = 6532.1 sec
Step =   9553: nodes = 11824, dt = 1.201487e-12, time = 3.565969e-08, elapsed = 6532.6 sec
Step =   9554: nodes = 11824, dt = 1.441784e-12, time = 3.566113e-08, elapsed = 6533.1 sec
Step =   9555: nodes = 11823, dt = 1.730141e-12, time = 3.566286e-08, elapsed = 6533.6 sec
Step =   9556: nodes = 11825, dt = 2.076169e-12, time = 3.566494e-08, elapsed = 6534.1 sec
Step =   9557: nodes = 11820, dt = 2.491403e-12, time = 3.566743e-08, elapsed = 6534.6 sec
Step =   9558: nodes = 11814, dt = 2.989684e-12, time = 3.567042e-08, elapsed = 6535.0 sec
Step =   9559: nodes = 11817, dt = 3.587621e-12, time = 3.567401e-08, elapsed = 6535.6 sec
Step =   9560: nodes = 11817, dt = 2.152572e-12, time = 3.567616e-08, elapsed = 6536.2 sec
Step =   9561: nodes = 11814, dt = 2.152572e-12, time = 3.567831e-08, elapsed = 6536.8 sec
Step =   9562: nodes = 11813, dt = 2.583087e-12, time = 3.568089e-08, elapsed = 6537.3 sec
Step =   9563: nodes = 11816, dt = 1.549852e-12, time = 3.568244e-08, elapsed = 6537.9 sec
Step =   9564: nodes = 11818, dt = 1.549852e-12, time = 3.568399e-08, elapsed = 6538.4 sec
Step =   9565: nodes = 11820, dt = 1.859823e-12, time = 3.568585e-08, elapsed = 6538.9 sec
Step =   9566: nodes = 11822, dt = 2.231787e-12, time = 3.568809e-08, elapsed = 6539.3 sec
Step =   9567: nodes = 11824, dt = 2.678144e-12, time = 3.569076e-08, elapsed = 6539.8 sec
Step =   9568: nodes = 11819, dt = 3.213773e-12, time = 3.569398e-08, elapsed = 6540.4 sec
Step =   9569: nodes = 11820, dt = 3.856528e-12, time = 3.569783e-08, elapsed = 6540.9 sec
Step =   9570: nodes = 11824, dt = 4.627834e-12, time = 3.570246e-08, elapsed = 6541.5 sec
Step =   9571: nodes = 11825, dt = 2.776700e-12, time = 3.570524e-08, elapsed = 6542.2 sec
Step =   9572: nodes = 11825, dt = 2.776700e-12, time = 3.570802e-08, elapsed = 6542.7 sec
Step =   9573: nodes = 11826, dt = 1.666020e-12, time = 3.570968e-08, elapsed = 6543.4 sec
Step =   9574: nodes = 11825, dt = 1.666020e-12, time = 3.571135e-08, elapsed = 6543.8 sec
Step =   9575: nodes = 11821, dt = 1.999224e-12, time = 3.571335e-08, elapsed = 6544.3 sec
Step =   9576: nodes = 11824, dt = 2.399069e-12, time = 3.571575e-08, elapsed = 6544.8 sec
Step =   9577: nodes = 11828, dt = 2.878883e-12, time = 3.571862e-08, elapsed = 6545.4 sec
Step =   9578: nodes = 11822, dt = 3.454659e-12, time = 3.572208e-08, elapsed = 6545.9 sec
Step =   9579: nodes = 11822, dt = 4.145591e-12, time = 3.572622e-08, elapsed = 6546.6 sec
Step =   9580: nodes = 11829, dt = 4.974709e-12, time = 3.573120e-08, elapsed = 6547.2 sec
Step =   9581: nodes = 11826, dt = 2.984826e-12, time = 3.573418e-08, elapsed = 6548.0 sec
Step =   9582: nodes = 11834, dt = 2.984826e-12, time = 3.573717e-08, elapsed = 6548.5 sec
Step =   9583: nodes = 11832, dt = 3.581791e-12, time = 3.574075e-08, elapsed = 6549.2 sec
Step =   9584: nodes = 11832, dt = 4.298149e-12, time = 3.574505e-08, elapsed = 6549.8 sec
Step =   9585: nodes = 11827, dt = 5.157779e-12, time = 3.575021e-08, elapsed = 6550.4 sec
Step =   9586: nodes = 11829, dt = 3.094667e-12, time = 3.575330e-08, elapsed = 6551.2 sec
Step =   9587: nodes = 11823, dt = 3.094667e-12, time = 3.575640e-08, elapsed = 6551.7 sec
Step =   9588: nodes = 11830, dt = 3.713601e-12, time = 3.576011e-08, elapsed = 6552.2 sec
Step =   9589: nodes = 11831, dt = 4.456321e-12, time = 3.576457e-08, elapsed = 6552.7 sec
Step =   9590: nodes = 11828, dt = 5.347585e-12, time = 3.576991e-08, elapsed = 6553.3 sec
Step =   9591: nodes = 11824, dt = 3.208551e-12, time = 3.577312e-08, elapsed = 6554.1 sec
Step =   9592: nodes = 11824, dt = 3.208551e-12, time = 3.577633e-08, elapsed = 6554.6 sec
Step =   9593: nodes = 11825, dt = 3.850261e-12, time = 3.578018e-08, elapsed = 6555.2 sec
Step =   9594: nodes = 11827, dt = 4.620313e-12, time = 3.578480e-08, elapsed = 6555.7 sec
Step =   9595: nodes = 11827, dt = 5.544376e-12, time = 3.579035e-08, elapsed = 6556.3 sec
Step =   9596: nodes = 11823, dt = 6.653251e-12, time = 3.579700e-08, elapsed = 6557.0 sec
Step =   9597: nodes = 11820, dt = 3.991951e-12, time = 3.580099e-08, elapsed = 6557.7 sec
Step =   9598: nodes = 11818, dt = 1.995975e-12, time = 3.580299e-08, elapsed = 6558.4 sec
Step =   9599: nodes = 11817, dt = 1.995975e-12, time = 3.580498e-08, elapsed = 6558.9 sec
Step =   9600: nodes = 11819, dt = 2.395170e-12, time = 3.580738e-08, elapsed = 6559.4 sec
Writing configuration in legacy data format
 Output file: /data/home/dg000246b/openDIS/inital_dislocation_structures/output_caseC_0.18%_seed12345/relax2/config.9600.data
Writing restart file
 Restart file: /data/home/dg000246b/openDIS/inital_dislocation_structures/output_caseC_0.18%_seed12345/relax2/restart.9600.exadis
Step =   9601: nodes = 11814, dt = 2.874205e-12, time = 3.581025e-08, elapsed = 6560.1 sec
Step =   9602: nodes = 11815, dt = 1.724523e-12, time = 3.581198e-08, elapsed = 6560.7 sec
Step =   9603: nodes = 11819, dt = 1.724523e-12, time = 3.581370e-08, elapsed = 6561.2 sec
Step =   9604: nodes = 11823, dt = 2.069427e-12, time = 3.581577e-08, elapsed = 6561.7 sec
Step =   9605: nodes = 11828, dt = 2.483313e-12, time = 3.581825e-08, elapsed = 6562.2 sec
Step =   9606: nodes = 11823, dt = 2.979975e-12, time = 3.582123e-08, elapsed = 6562.7 sec
Step =   9607: nodes = 11822, dt = 3.575970e-12, time = 3.582481e-08, elapsed = 6563.3 sec
Step =   9608: nodes = 11817, dt = 4.291164e-12, time = 3.582910e-08, elapsed = 6563.9 sec
Step =   9609: nodes = 11816, dt = 2.574699e-12, time = 3.583168e-08, elapsed = 6564.6 sec
Step =   9610: nodes = 11815, dt = 2.574699e-12, time = 3.583425e-08, elapsed = 6565.1 sec
Step =   9611: nodes = 11817, dt = 3.089638e-12, time = 3.583734e-08, elapsed = 6565.7 sec
Step =   9612: nodes = 11815, dt = 1.853783e-12, time = 3.583919e-08, elapsed = 6566.3 sec
Step =   9613: nodes = 11816, dt = 1.853783e-12, time = 3.584105e-08, elapsed = 6566.8 sec
Step =   9614: nodes = 11813, dt = 2.224540e-12, time = 3.584327e-08, elapsed = 6567.3 sec
Step =   9615: nodes = 11811, dt = 2.669448e-12, time = 3.584594e-08, elapsed = 6567.9 sec
Step =   9616: nodes = 11807, dt = 3.203337e-12, time = 3.584915e-08, elapsed = 6568.4 sec
Step =   9617: nodes = 11812, dt = 3.844004e-12, time = 3.585299e-08, elapsed = 6569.0 sec
Step =   9618: nodes = 11801, dt = 4.612805e-12, time = 3.585760e-08, elapsed = 6569.5 sec
Step =   9619: nodes = 11803, dt = 2.767683e-12, time = 3.586037e-08, elapsed = 6570.2 sec
Step =   9620: nodes = 11801, dt = 2.767683e-12, time = 3.586314e-08, elapsed = 6570.8 sec
Step =   9621: nodes = 11796, dt = 3.321220e-12, time = 3.586646e-08, elapsed = 6571.3 sec
Step =   9622: nodes = 11794, dt = 3.985464e-12, time = 3.587044e-08, elapsed = 6571.9 sec
Step =   9623: nodes = 11797, dt = 4.782557e-12, time = 3.587523e-08, elapsed = 6572.5 sec
Step =   9624: nodes = 11799, dt = 2.869534e-12, time = 3.587810e-08, elapsed = 6573.2 sec
Step =   9625: nodes = 11797, dt = 2.869534e-12, time = 3.588097e-08, elapsed = 6573.7 sec
Step =   9626: nodes = 11799, dt = 3.443441e-12, time = 3.588441e-08, elapsed = 6574.3 sec
Step =   9627: nodes = 11798, dt = 4.132129e-12, time = 3.588854e-08, elapsed = 6574.9 sec
Step =   9628: nodes = 11800, dt = 4.958555e-12, time = 3.589350e-08, elapsed = 6575.4 sec
Step =   9629: nodes = 11798, dt = 2.975133e-12, time = 3.589648e-08, elapsed = 6576.2 sec
Step =   9630: nodes = 11801, dt = 2.975133e-12, time = 3.589945e-08, elapsed = 6576.7 sec
Step =   9631: nodes = 11797, dt = 3.570159e-12, time = 3.590302e-08, elapsed = 6577.2 sec
Step =   9632: nodes = 11804, dt = 4.284191e-12, time = 3.590730e-08, elapsed = 6577.8 sec
Step =   9633: nodes = 11799, dt = 5.141029e-12, time = 3.591245e-08, elapsed = 6578.4 sec
Step =   9634: nodes = 11803, dt = 3.084618e-12, time = 3.591553e-08, elapsed = 6579.5 sec
Step =   9635: nodes = 11804, dt = 3.084618e-12, time = 3.591861e-08, elapsed = 6580.0 sec
Step =   9636: nodes = 11802, dt = 3.701541e-12, time = 3.592232e-08, elapsed = 6580.6 sec
Step =   9637: nodes = 11807, dt = 4.441849e-12, time = 3.592676e-08, elapsed = 6581.1 sec
Step =   9638: nodes = 11804, dt = 5.330219e-12, time = 3.593209e-08, elapsed = 6581.8 sec
Step =   9639: nodes = 11804, dt = 3.198132e-12, time = 3.593529e-08, elapsed = 6582.5 sec
Step =   9640: nodes = 11805, dt = 3.198132e-12, time = 3.593848e-08, elapsed = 6583.1 sec
Step =   9641: nodes = 11806, dt = 3.837758e-12, time = 3.594232e-08, elapsed = 6583.6 sec
Step =   9642: nodes = 11804, dt = 4.605309e-12, time = 3.594693e-08, elapsed = 6584.2 sec
Step =   9643: nodes = 11804, dt = 2.763186e-12, time = 3.594969e-08, elapsed = 6584.9 sec
Step =   9644: nodes = 11803, dt = 2.763186e-12, time = 3.595245e-08, elapsed = 6585.4 sec
Step =   9645: nodes = 11805, dt = 3.315823e-12, time = 3.595577e-08, elapsed = 6586.0 sec
Step =   9646: nodes = 11805, dt = 3.978987e-12, time = 3.595975e-08, elapsed = 6586.5 sec
Step =   9647: nodes = 11803, dt = 4.774785e-12, time = 3.596452e-08, elapsed = 6587.1 sec
Step =   9648: nodes = 11802, dt = 2.864871e-12, time = 3.596739e-08, elapsed = 6587.8 sec
Step =   9649: nodes = 11803, dt = 7.162177e-13, time = 3.596810e-08, elapsed = 6588.7 sec
Step =   9650: nodes = 11800, dt = 7.162177e-13, time = 3.596882e-08, elapsed = 6589.1 sec
Step =   9651: nodes = 11799, dt = 8.594613e-13, time = 3.596968e-08, elapsed = 6589.6 sec
Step =   9652: nodes = 11794, dt = 1.031354e-12, time = 3.597071e-08, elapsed = 6590.0 sec
Step =   9653: nodes = 11795, dt = 1.237624e-12, time = 3.597195e-08, elapsed = 6590.5 sec
Step =   9654: nodes = 11797, dt = 1.485149e-12, time = 3.597343e-08, elapsed = 6591.0 sec
Step =   9655: nodes = 11796, dt = 1.782179e-12, time = 3.597522e-08, elapsed = 6591.5 sec
Step =   9656: nodes = 11795, dt = 2.138615e-12, time = 3.597736e-08, elapsed = 6592.1 sec
Step =   9657: nodes = 11794, dt = 2.566338e-12, time = 3.597992e-08, elapsed = 6592.6 sec
Step =   9658: nodes = 11796, dt = 1.539803e-12, time = 3.598146e-08, elapsed = 6593.3 sec
Step =   9659: nodes = 11796, dt = 1.539803e-12, time = 3.598300e-08, elapsed = 6593.8 sec
Step =   9660: nodes = 11793, dt = 1.847763e-12, time = 3.598485e-08, elapsed = 6594.3 sec
Step =   9661: nodes = 11792, dt = 2.217316e-12, time = 3.598707e-08, elapsed = 6594.9 sec
Step =   9662: nodes = 11792, dt = 2.660779e-12, time = 3.598973e-08, elapsed = 6595.5 sec
Step =   9663: nodes = 11791, dt = 3.192935e-12, time = 3.599292e-08, elapsed = 6596.0 sec
Step =   9664: nodes = 11791, dt = 3.831522e-12, time = 3.599675e-08, elapsed = 6596.6 sec
Step =   9665: nodes = 11796, dt = 4.597826e-12, time = 3.600135e-08, elapsed = 6597.2 sec
Step =   9666: nodes = 11790, dt = 5.517391e-12, time = 3.600687e-08, elapsed = 6597.9 sec
Step =   9667: nodes = 11798, dt = 3.310435e-12, time = 3.601018e-08, elapsed = 6598.6 sec
Step =   9668: nodes = 11799, dt = 3.310435e-12, time = 3.601349e-08, elapsed = 6599.2 sec
Step =   9669: nodes = 11801, dt = 3.972522e-12, time = 3.601746e-08, elapsed = 6599.8 sec
Step =   9670: nodes = 11795, dt = 4.767026e-12, time = 3.602223e-08, elapsed = 6600.5 sec
Step =   9671: nodes = 11794, dt = 5.720431e-12, time = 3.602795e-08, elapsed = 6601.1 sec
Step =   9672: nodes = 11796, dt = 3.432259e-12, time = 3.603138e-08, elapsed = 6601.8 sec
Step =   9673: nodes = 11797, dt = 3.432259e-12, time = 3.603481e-08, elapsed = 6602.4 sec
Step =   9674: nodes = 11794, dt = 4.118710e-12, time = 3.603893e-08, elapsed = 6603.0 sec
Step =   9675: nodes = 11792, dt = 4.942452e-12, time = 3.604387e-08, elapsed = 6603.5 sec
Step =   9676: nodes = 11793, dt = 5.930943e-12, time = 3.604980e-08, elapsed = 6604.2 sec
Step =   9677: nodes = 11799, dt = 3.558566e-12, time = 3.605336e-08, elapsed = 6604.9 sec
Step =   9678: nodes = 11802, dt = 3.558566e-12, time = 3.605692e-08, elapsed = 6605.4 sec
Step =   9679: nodes = 11799, dt = 4.270279e-12, time = 3.606119e-08, elapsed = 6606.0 sec
Step =   9680: nodes = 11799, dt = 5.124335e-12, time = 3.606632e-08, elapsed = 6606.6 sec
Step =   9681: nodes = 11793, dt = 6.149202e-12, time = 3.607247e-08, elapsed = 6607.3 sec
Step =   9682: nodes = 11803, dt = 3.689521e-12, time = 3.607615e-08, elapsed = 6608.0 sec
Step =   9683: nodes = 11806, dt = 3.689521e-12, time = 3.607984e-08, elapsed = 6608.6 sec
Step =   9684: nodes = 11808, dt = 4.427425e-12, time = 3.608427e-08, elapsed = 6609.4 sec
Step =   9685: nodes = 11804, dt = 5.312910e-12, time = 3.608958e-08, elapsed = 6610.0 sec
Step =   9686: nodes = 11800, dt = 6.375492e-12, time = 3.609596e-08, elapsed = 6610.6 sec
Step =   9687: nodes = 11804, dt = 3.825295e-12, time = 3.609979e-08, elapsed = 6611.3 sec
Step =   9688: nodes = 11807, dt = 3.825295e-12, time = 3.610361e-08, elapsed = 6611.9 sec
Step =   9689: nodes = 11803, dt = 4.590354e-12, time = 3.610820e-08, elapsed = 6612.5 sec
Step =   9690: nodes = 11810, dt = 5.508425e-12, time = 3.611371e-08, elapsed = 6613.1 sec
Step =   9691: nodes = 11803, dt = 6.610110e-12, time = 3.612032e-08, elapsed = 6613.8 sec
Step =   9692: nodes = 11799, dt = 3.966066e-12, time = 3.612429e-08, elapsed = 6614.5 sec
Step =   9693: nodes = 11799, dt = 3.966066e-12, time = 3.612825e-08, elapsed = 6615.1 sec
Step =   9694: nodes = 11796, dt = 4.759279e-12, time = 3.613301e-08, elapsed = 6615.7 sec
Step =   9695: nodes = 11795, dt = 5.711135e-12, time = 3.613872e-08, elapsed = 6616.3 sec
Step =   9696: nodes = 11799, dt = 3.426681e-12, time = 3.614215e-08, elapsed = 6617.0 sec
Step =   9697: nodes = 11802, dt = 3.426681e-12, time = 3.614558e-08, elapsed = 6617.6 sec
Step =   9698: nodes = 11799, dt = 4.112017e-12, time = 3.614969e-08, elapsed = 6618.1 sec
Step =   9699: nodes = 11795, dt = 2.467210e-12, time = 3.615215e-08, elapsed = 6618.8 sec
Step =   9700: nodes = 11797, dt = 2.467210e-12, time = 3.615462e-08, elapsed = 6619.3 sec
Writing configuration in legacy data format
 Output file: /data/home/dg000246b/openDIS/inital_dislocation_structures/output_caseC_0.18%_seed12345/relax2/config.9700.data
Writing restart file
 Restart file: /data/home/dg000246b/openDIS/inital_dislocation_structures/output_caseC_0.18%_seed12345/relax2/restart.9700.exadis
Step =   9701: nodes = 11792, dt = 2.960653e-12, time = 3.615758e-08, elapsed = 6620.0 sec
Step =   9702: nodes = 11793, dt = 3.552783e-12, time = 3.616114e-08, elapsed = 6620.6 sec
Step =   9703: nodes = 11794, dt = 4.263340e-12, time = 3.616540e-08, elapsed = 6621.1 sec
Step =   9704: nodes = 11793, dt = 5.116008e-12, time = 3.617051e-08, elapsed = 6621.6 sec
Step =   9705: nodes = 11789, dt = 6.139209e-12, time = 3.617665e-08, elapsed = 6622.3 sec
Step =   9706: nodes = 11792, dt = 3.683525e-12, time = 3.618034e-08, elapsed = 6623.0 sec
Step =   9707: nodes = 11791, dt = 3.683525e-12, time = 3.618402e-08, elapsed = 6623.5 sec
Step =   9708: nodes = 11787, dt = 4.420231e-12, time = 3.618844e-08, elapsed = 6624.1 sec
Step =   9709: nodes = 11795, dt = 2.652138e-12, time = 3.619109e-08, elapsed = 6624.7 sec
Step =   9710: nodes = 11794, dt = 2.652138e-12, time = 3.619375e-08, elapsed = 6625.2 sec
Step =   9711: nodes = 11791, dt = 1.591283e-12, time = 3.619534e-08, elapsed = 6625.9 sec
Step =   9712: nodes = 11793, dt = 1.591283e-12, time = 3.619693e-08, elapsed = 6626.5 sec
Step =   9713: nodes = 11793, dt = 1.909540e-12, time = 3.619884e-08, elapsed = 6627.0 sec
Step =   9714: nodes = 11793, dt = 2.291448e-12, time = 3.620113e-08, elapsed = 6627.5 sec
Step =   9715: nodes = 11796, dt = 2.749737e-12, time = 3.620388e-08, elapsed = 6628.0 sec
Step =   9716: nodes = 11797, dt = 1.649842e-12, time = 3.620553e-08, elapsed = 6628.7 sec
Step =   9717: nodes = 11797, dt = 1.649842e-12, time = 3.620718e-08, elapsed = 6629.2 sec
Step =   9718: nodes = 11795, dt = 1.979811e-12, time = 3.620916e-08, elapsed = 6629.7 sec
Step =   9719: nodes = 11794, dt = 2.375773e-12, time = 3.621153e-08, elapsed = 6630.2 sec
Step =   9720: nodes = 11796, dt = 2.850927e-12, time = 3.621438e-08, elapsed = 6630.7 sec
Step =   9721: nodes = 11795, dt = 3.421113e-12, time = 3.621781e-08, elapsed = 6631.2 sec
Step =   9722: nodes = 11792, dt = 4.105335e-12, time = 3.622191e-08, elapsed = 6631.8 sec
Step =   9723: nodes = 11794, dt = 2.463201e-12, time = 3.622437e-08, elapsed = 6632.4 sec
Step =   9724: nodes = 11788, dt = 2.463201e-12, time = 3.622684e-08, elapsed = 6632.9 sec
Step =   9725: nodes = 11791, dt = 2.955841e-12, time = 3.622979e-08, elapsed = 6633.4 sec
Step =   9726: nodes = 11793, dt = 3.547010e-12, time = 3.623334e-08, elapsed = 6633.9 sec
Step =   9727: nodes = 11794, dt = 2.128206e-12, time = 3.623547e-08, elapsed = 6634.6 sec
Step =   9728: nodes = 11792, dt = 2.128206e-12, time = 3.623760e-08, elapsed = 6635.1 sec
Step =   9729: nodes = 11787, dt = 2.553847e-12, time = 3.624015e-08, elapsed = 6635.6 sec
Step =   9730: nodes = 11789, dt = 3.064616e-12, time = 3.624322e-08, elapsed = 6636.1 sec
Step =   9731: nodes = 11790, dt = 3.677540e-12, time = 3.624689e-08, elapsed = 6636.6 sec
Step =   9732: nodes = 11791, dt = 4.413048e-12, time = 3.625131e-08, elapsed = 6637.1 sec
Step =   9733: nodes = 11789, dt = 2.647829e-12, time = 3.625395e-08, elapsed = 6637.8 sec
Step =   9734: nodes = 11790, dt = 2.647829e-12, time = 3.625660e-08, elapsed = 6638.3 sec
Step =   9735: nodes = 11792, dt = 3.177394e-12, time = 3.625978e-08, elapsed = 6639.2 sec
Step =   9736: nodes = 11787, dt = 3.812873e-12, time = 3.626359e-08, elapsed = 6639.6 sec
Step =   9737: nodes = 11789, dt = 4.575448e-12, time = 3.626817e-08, elapsed = 6640.2 sec
Step =   9738: nodes = 11788, dt = 2.745269e-12, time = 3.627091e-08, elapsed = 6640.9 sec
Step =   9739: nodes = 11784, dt = 2.745269e-12, time = 3.627366e-08, elapsed = 6641.4 sec
Step =   9740: nodes = 11784, dt = 3.294322e-12, time = 3.627695e-08, elapsed = 6641.9 sec
Step =   9741: nodes = 11788, dt = 3.953187e-12, time = 3.628091e-08, elapsed = 6642.4 sec
Step =   9742: nodes = 11789, dt = 4.743824e-12, time = 3.628565e-08, elapsed = 6642.9 sec
Step =   9743: nodes = 11795, dt = 5.692589e-12, time = 3.629134e-08, elapsed = 6643.4 sec
Step =   9744: nodes = 11790, dt = 3.415554e-12, time = 3.629476e-08, elapsed = 6644.1 sec
Step =   9745: nodes = 11788, dt = 3.415554e-12, time = 3.629817e-08, elapsed = 6644.6 sec
Step =   9746: nodes = 11786, dt = 4.098664e-12, time = 3.630227e-08, elapsed = 6645.2 sec
Step =   9747: nodes = 11782, dt = 4.918397e-12, time = 3.630719e-08, elapsed = 6645.7 sec
Step =   9748: nodes = 11781, dt = 2.951038e-12, time = 3.631014e-08, elapsed = 6646.4 sec
Step =   9749: nodes = 11778, dt = 2.951038e-12, time = 3.631309e-08, elapsed = 6646.9 sec
Step =   9750: nodes = 11778, dt = 3.541246e-12, time = 3.631663e-08, elapsed = 6647.4 sec
Step =   9751: nodes = 11776, dt = 4.249495e-12, time = 3.632088e-08, elapsed = 6648.0 sec
Step =   9752: nodes = 11782, dt = 5.099394e-12, time = 3.632598e-08, elapsed = 6648.5 sec
Step =   9753: nodes = 11780, dt = 6.119273e-12, time = 3.633210e-08, elapsed = 6649.1 sec
Step =   9754: nodes = 11785, dt = 3.671564e-12, time = 3.633577e-08, elapsed = 6649.8 sec
Step =   9755: nodes = 11785, dt = 1.835782e-12, time = 3.633761e-08, elapsed = 6650.5 sec
Step =   9756: nodes = 11783, dt = 1.835782e-12, time = 3.633944e-08, elapsed = 6651.0 sec
Step =   9757: nodes = 11786, dt = 2.202938e-12, time = 3.634165e-08, elapsed = 6651.5 sec
Step =   9758: nodes = 11790, dt = 2.643526e-12, time = 3.634429e-08, elapsed = 6652.0 sec
Step =   9759: nodes = 11790, dt = 3.172231e-12, time = 3.634746e-08, elapsed = 6652.5 sec
Step =   9760: nodes = 11786, dt = 3.806677e-12, time = 3.635127e-08, elapsed = 6653.1 sec
Step =   9761: nodes = 11785, dt = 2.284006e-12, time = 3.635355e-08, elapsed = 6653.8 sec
Step =   9762: nodes = 11792, dt = 2.284006e-12, time = 3.635584e-08, elapsed = 6654.2 sec
Step =   9763: nodes = 11788, dt = 2.740808e-12, time = 3.635858e-08, elapsed = 6654.8 sec
Step =   9764: nodes = 11790, dt = 3.288969e-12, time = 3.636187e-08, elapsed = 6655.3 sec
Step =   9765: nodes = 11790, dt = 3.946763e-12, time = 3.636581e-08, elapsed = 6655.8 sec
Step =   9766: nodes = 11790, dt = 2.368058e-12, time = 3.636818e-08, elapsed = 6656.5 sec
Step =   9767: nodes = 11790, dt = 2.368058e-12, time = 3.637055e-08, elapsed = 6657.0 sec
Step =   9768: nodes = 11790, dt = 2.841669e-12, time = 3.637339e-08, elapsed = 6657.6 sec
Step =   9769: nodes = 11792, dt = 3.410003e-12, time = 3.637680e-08, elapsed = 6658.1 sec
Step =   9770: nodes = 11791, dt = 4.092004e-12, time = 3.638089e-08, elapsed = 6658.7 sec
Step =   9771: nodes = 11790, dt = 2.455202e-12, time = 3.638335e-08, elapsed = 6659.3 sec
Step =   9772: nodes = 11784, dt = 2.455202e-12, time = 3.638580e-08, elapsed = 6659.8 sec
Step =   9773: nodes = 11788, dt = 7.365607e-13, time = 3.638654e-08, elapsed = 6660.6 sec
Step =   9774: nodes = 11781, dt = 7.365607e-13, time = 3.638728e-08, elapsed = 6661.1 sec
Step =   9775: nodes = 11776, dt = 8.838728e-13, time = 3.638816e-08, elapsed = 6661.6 sec
Step =   9776: nodes = 11778, dt = 1.060647e-12, time = 3.638922e-08, elapsed = 6662.0 sec
Step =   9777: nodes = 11775, dt = 1.272777e-12, time = 3.639050e-08, elapsed = 6662.5 sec
Step =   9778: nodes = 11773, dt = 1.527332e-12, time = 3.639202e-08, elapsed = 6662.9 sec
Step =   9779: nodes = 11768, dt = 1.832799e-12, time = 3.639386e-08, elapsed = 6663.4 sec
Step =   9780: nodes = 11766, dt = 2.199358e-12, time = 3.639605e-08, elapsed = 6663.9 sec
Step =   9781: nodes = 11763, dt = 2.639230e-12, time = 3.639869e-08, elapsed = 6664.3 sec
Step =   9782: nodes = 11764, dt = 3.167076e-12, time = 3.640186e-08, elapsed = 6664.8 sec
Step =   9783: nodes = 11762, dt = 3.800491e-12, time = 3.640566e-08, elapsed = 6665.3 sec
Step =   9784: nodes = 11764, dt = 4.560590e-12, time = 3.641022e-08, elapsed = 6665.8 sec
Step =   9785: nodes = 11759, dt = 5.472708e-12, time = 3.641569e-08, elapsed = 6666.4 sec
Step =   9786: nodes = 11765, dt = 3.283625e-12, time = 3.641898e-08, elapsed = 6667.1 sec
Step =   9787: nodes = 11764, dt = 3.283625e-12, time = 3.642226e-08, elapsed = 6667.6 sec
Step =   9788: nodes = 11767, dt = 3.940349e-12, time = 3.642620e-08, elapsed = 6668.1 sec
Step =   9789: nodes = 11767, dt = 4.728419e-12, time = 3.643093e-08, elapsed = 6668.6 sec
Step =   9790: nodes = 11769, dt = 5.674103e-12, time = 3.643661e-08, elapsed = 6669.4 sec
Step =   9791: nodes = 11768, dt = 3.404462e-12, time = 3.644001e-08, elapsed = 6670.2 sec
Step =   9792: nodes = 11765, dt = 3.404462e-12, time = 3.644341e-08, elapsed = 6670.7 sec
Step =   9793: nodes = 11763, dt = 4.085354e-12, time = 3.644750e-08, elapsed = 6671.3 sec
Step =   9794: nodes = 11759, dt = 4.902425e-12, time = 3.645240e-08, elapsed = 6671.8 sec
Step =   9795: nodes = 11765, dt = 5.882910e-12, time = 3.645828e-08, elapsed = 6672.4 sec
Step =   9796: nodes = 11761, dt = 3.529746e-12, time = 3.646181e-08, elapsed = 6673.1 sec
Step =   9797: nodes = 11763, dt = 3.529746e-12, time = 3.646534e-08, elapsed = 6673.6 sec
Step =   9798: nodes = 11764, dt = 4.235695e-12, time = 3.646958e-08, elapsed = 6674.2 sec
Step =   9799: nodes = 11767, dt = 5.082834e-12, time = 3.647466e-08, elapsed = 6674.7 sec
Step =   9800: nodes = 11760, dt = 6.099401e-12, time = 3.648076e-08, elapsed = 6675.3 sec
Writing configuration in legacy data format
 Output file: /data/home/dg000246b/openDIS/inital_dislocation_structures/output_caseC_0.18%_seed12345/relax2/config.9800.data
Writing restart file
 Restart file: /data/home/dg000246b/openDIS/inital_dislocation_structures/output_caseC_0.18%_seed12345/relax2/restart.9800.exadis
Step =   9801: nodes = 11758, dt = 3.659641e-12, time = 3.648442e-08, elapsed = 6676.2 sec
Step =   9802: nodes = 11759, dt = 3.659641e-12, time = 3.648808e-08, elapsed = 6676.7 sec
Step =   9803: nodes = 11761, dt = 4.391569e-12, time = 3.649247e-08, elapsed = 6677.2 sec
Step =   9804: nodes = 11767, dt = 5.269883e-12, time = 3.649774e-08, elapsed = 6677.8 sec
Step =   9805: nodes = 11763, dt = 6.323859e-12, time = 3.650407e-08, elapsed = 6678.4 sec
Step =   9806: nodes = 11768, dt = 3.794316e-12, time = 3.650786e-08, elapsed = 6679.1 sec
Step =   9807: nodes = 11767, dt = 3.794316e-12, time = 3.651166e-08, elapsed = 6679.6 sec
Step =   9808: nodes = 11765, dt = 4.553179e-12, time = 3.651621e-08, elapsed = 6680.1 sec
Step =   9809: nodes = 11770, dt = 5.463814e-12, time = 3.652167e-08, elapsed = 6680.7 sec
Step =   9810: nodes = 11773, dt = 6.556577e-12, time = 3.652823e-08, elapsed = 6681.3 sec
Step =   9811: nodes = 11775, dt = 3.933946e-12, time = 3.653216e-08, elapsed = 6682.0 sec
Step =   9812: nodes = 11773, dt = 3.933946e-12, time = 3.653610e-08, elapsed = 6682.6 sec
Step =   9813: nodes = 11777, dt = 4.720736e-12, time = 3.654082e-08, elapsed = 6683.1 sec
Step =   9814: nodes = 11773, dt = 5.664883e-12, time = 3.654648e-08, elapsed = 6683.7 sec
Step =   9815: nodes = 11775, dt = 6.797859e-12, time = 3.655328e-08, elapsed = 6684.3 sec
Step =   9816: nodes = 11774, dt = 4.078716e-12, time = 3.655736e-08, elapsed = 6685.0 sec
Step =   9817: nodes = 11770, dt = 4.078716e-12, time = 3.656144e-08, elapsed = 6685.5 sec
Step =   9818: nodes = 11775, dt = 4.894459e-12, time = 3.656633e-08, elapsed = 6686.1 sec
Step =   9819: nodes = 11771, dt = 5.873351e-12, time = 3.657221e-08, elapsed = 6686.7 sec
Step =   9820: nodes = 11776, dt = 3.524010e-12, time = 3.657573e-08, elapsed = 6687.4 sec
Step =   9821: nodes = 11775, dt = 3.524010e-12, time = 3.657925e-08, elapsed = 6687.9 sec
Step =   9822: nodes = 11770, dt = 4.228812e-12, time = 3.658348e-08, elapsed = 6688.5 sec
Step =   9823: nodes = 11769, dt = 5.074575e-12, time = 3.658856e-08, elapsed = 6689.0 sec
Step =   9824: nodes = 11772, dt = 3.044745e-12, time = 3.659160e-08, elapsed = 6689.7 sec
Step =   9825: nodes = 11771, dt = 3.044745e-12, time = 3.659465e-08, elapsed = 6690.2 sec
Step =   9826: nodes = 11770, dt = 3.653694e-12, time = 3.659830e-08, elapsed = 6690.8 sec
Step =   9827: nodes = 11767, dt = 4.384433e-12, time = 3.660268e-08, elapsed = 6691.4 sec
Step =   9828: nodes = 11762, dt = 2.630660e-12, time = 3.660532e-08, elapsed = 6692.0 sec
Step =   9829: nodes = 11762, dt = 1.315330e-12, time = 3.660663e-08, elapsed = 6692.7 sec
Step =   9830: nodes = 11761, dt = 1.315330e-12, time = 3.660795e-08, elapsed = 6693.2 sec
Step =   9831: nodes = 11763, dt = 1.578396e-12, time = 3.660952e-08, elapsed = 6693.7 sec
Step =   9832: nodes = 11758, dt = 1.894075e-12, time = 3.661142e-08, elapsed = 6694.3 sec
Step =   9833: nodes = 11757, dt = 2.272890e-12, time = 3.661369e-08, elapsed = 6694.7 sec
Step =   9834: nodes = 11754, dt = 2.727468e-12, time = 3.661642e-08, elapsed = 6695.2 sec
Step =   9835: nodes = 11754, dt = 3.272961e-12, time = 3.661969e-08, elapsed = 6695.7 sec
Step =   9836: nodes = 11752, dt = 3.927554e-12, time = 3.662362e-08, elapsed = 6696.3 sec
Step =   9837: nodes = 11748, dt = 4.713064e-12, time = 3.662833e-08, elapsed = 6696.8 sec
Step =   9838: nodes = 11745, dt = 5.655677e-12, time = 3.663399e-08, elapsed = 6697.4 sec
Step =   9839: nodes = 11751, dt = 6.786813e-12, time = 3.664077e-08, elapsed = 6698.0 sec
Step =   9840: nodes = 11749, dt = 4.072088e-12, time = 3.664485e-08, elapsed = 6698.7 sec
Step =   9841: nodes = 11754, dt = 4.072088e-12, time = 3.664892e-08, elapsed = 6699.4 sec
Step =   9842: nodes = 11749, dt = 4.886505e-12, time = 3.665381e-08, elapsed = 6700.0 sec
Step =   9843: nodes = 11753, dt = 5.863806e-12, time = 3.665967e-08, elapsed = 6700.6 sec
Step =   9844: nodes = 11751, dt = 3.518284e-12, time = 3.666319e-08, elapsed = 6701.3 sec
Step =   9845: nodes = 11755, dt = 3.518284e-12, time = 3.666671e-08, elapsed = 6701.7 sec
Step =   9846: nodes = 11752, dt = 4.221941e-12, time = 3.667093e-08, elapsed = 6702.3 sec
Step =   9847: nodes = 11748, dt = 5.066329e-12, time = 3.667599e-08, elapsed = 6702.8 sec
Step =   9848: nodes = 11748, dt = 3.039797e-12, time = 3.667903e-08, elapsed = 6703.5 sec
Step =   9849: nodes = 11755, dt = 3.039797e-12, time = 3.668207e-08, elapsed = 6704.0 sec
Step =   9850: nodes = 11757, dt = 3.647757e-12, time = 3.668572e-08, elapsed = 6704.5 sec
Step =   9851: nodes = 11758, dt = 2.188654e-12, time = 3.668791e-08, elapsed = 6705.2 sec
Step =   9852: nodes = 11755, dt = 2.188654e-12, time = 3.669010e-08, elapsed = 6705.6 sec
Step =   9853: nodes = 11763, dt = 2.626385e-12, time = 3.669273e-08, elapsed = 6706.1 sec
Step =   9854: nodes = 11760, dt = 3.151662e-12, time = 3.669588e-08, elapsed = 6706.6 sec
Step =   9855: nodes = 11761, dt = 3.781994e-12, time = 3.669966e-08, elapsed = 6707.1 sec
Step =   9856: nodes = 11757, dt = 4.538393e-12, time = 3.670420e-08, elapsed = 6707.7 sec
Step =   9857: nodes = 11759, dt = 5.446071e-12, time = 3.670964e-08, elapsed = 6708.2 sec
Step =   9858: nodes = 11759, dt = 3.267643e-12, time = 3.671291e-08, elapsed = 6708.9 sec
Step =   9859: nodes = 11755, dt = 3.267643e-12, time = 3.671618e-08, elapsed = 6709.4 sec
Step =   9860: nodes = 11757, dt = 3.921171e-12, time = 3.672010e-08, elapsed = 6710.0 sec
Step =   9861: nodes = 11758, dt = 4.705406e-12, time = 3.672481e-08, elapsed = 6710.5 sec
Step =   9862: nodes = 11758, dt = 5.646487e-12, time = 3.673045e-08, elapsed = 6711.1 sec
Step =   9863: nodes = 11754, dt = 3.387892e-12, time = 3.673384e-08, elapsed = 6711.8 sec
Step =   9864: nodes = 11751, dt = 3.387892e-12, time = 3.673723e-08, elapsed = 6712.3 sec
Step =   9865: nodes = 11752, dt = 4.065471e-12, time = 3.674129e-08, elapsed = 6712.8 sec
Step =   9866: nodes = 11750, dt = 4.878565e-12, time = 3.674617e-08, elapsed = 6713.4 sec
Step =   9867: nodes = 11750, dt = 2.927139e-12, time = 3.674910e-08, elapsed = 6714.1 sec
Step =   9868: nodes = 11749, dt = 2.927139e-12, time = 3.675203e-08, elapsed = 6714.6 sec
Step =   9869: nodes = 11744, dt = 3.512567e-12, time = 3.675554e-08, elapsed = 6715.1 sec
Step =   9870: nodes = 11750, dt = 4.215080e-12, time = 3.675975e-08, elapsed = 6715.6 sec
Step =   9871: nodes = 11747, dt = 2.529048e-12, time = 3.676228e-08, elapsed = 6716.3 sec
Step =   9872: nodes = 11744, dt = 2.529048e-12, time = 3.676481e-08, elapsed = 6716.8 sec
Step =   9873: nodes = 11741, dt = 3.034858e-12, time = 3.676785e-08, elapsed = 6717.3 sec
Step =   9874: nodes = 11746, dt = 3.641829e-12, time = 3.677149e-08, elapsed = 6717.9 sec
Step =   9875: nodes = 11751, dt = 4.370195e-12, time = 3.677586e-08, elapsed = 6718.4 sec
Step =   9876: nodes = 11751, dt = 2.622117e-12, time = 3.677848e-08, elapsed = 6719.1 sec
Step =   9877: nodes = 11753, dt = 2.622117e-12, time = 3.678110e-08, elapsed = 6719.6 sec
Step =   9878: nodes = 11756, dt = 3.146540e-12, time = 3.678425e-08, elapsed = 6720.1 sec
Step =   9879: nodes = 11753, dt = 3.775848e-12, time = 3.678802e-08, elapsed = 6720.6 sec
Step =   9880: nodes = 11752, dt = 4.531018e-12, time = 3.679256e-08, elapsed = 6721.2 sec
Step =   9881: nodes = 11755, dt = 2.718611e-12, time = 3.679527e-08, elapsed = 6721.9 sec
Step =   9882: nodes = 11759, dt = 1.359305e-12, time = 3.679663e-08, elapsed = 6722.6 sec
Step =   9883: nodes = 11758, dt = 1.359305e-12, time = 3.679799e-08, elapsed = 6723.1 sec
Step =   9884: nodes = 11760, dt = 1.631166e-12, time = 3.679962e-08, elapsed = 6723.6 sec
Step =   9885: nodes = 11760, dt = 1.957400e-12, time = 3.680158e-08, elapsed = 6724.1 sec
Step =   9886: nodes = 11758, dt = 2.348880e-12, time = 3.680393e-08, elapsed = 6724.7 sec
Step =   9887: nodes = 11758, dt = 2.818656e-12, time = 3.680675e-08, elapsed = 6725.2 sec
Step =   9888: nodes = 11755, dt = 3.382387e-12, time = 3.681013e-08, elapsed = 6725.7 sec
Step =   9889: nodes = 11757, dt = 4.058864e-12, time = 3.681419e-08, elapsed = 6726.3 sec
Step =   9890: nodes = 11757, dt = 4.870637e-12, time = 3.681906e-08, elapsed = 6726.9 sec
Step =   9891: nodes = 11757, dt = 2.922382e-12, time = 3.682198e-08, elapsed = 6727.6 sec
Step =   9892: nodes = 11756, dt = 2.922382e-12, time = 3.682491e-08, elapsed = 6728.2 sec
Step =   9893: nodes = 11760, dt = 1.753429e-12, time = 3.682666e-08, elapsed = 6729.2 sec
Step =   9894: nodes = 11762, dt = 1.753429e-12, time = 3.682841e-08, elapsed = 6729.8 sec
Step =   9895: nodes = 11762, dt = 2.104115e-12, time = 3.683052e-08, elapsed = 6730.3 sec
Step =   9896: nodes = 11757, dt = 2.524938e-12, time = 3.683304e-08, elapsed = 6730.8 sec
Step =   9897: nodes = 11760, dt = 3.029926e-12, time = 3.683607e-08, elapsed = 6731.4 sec
Step =   9898: nodes = 11755, dt = 3.635911e-12, time = 3.683971e-08, elapsed = 6731.9 sec
Step =   9899: nodes = 11756, dt = 2.181547e-12, time = 3.684189e-08, elapsed = 6732.6 sec
Step =   9900: nodes = 11760, dt = 2.181547e-12, time = 3.684407e-08, elapsed = 6733.0 sec
Writing configuration in legacy data format
 Output file: /data/home/dg000246b/openDIS/inital_dislocation_structures/output_caseC_0.18%_seed12345/relax2/config.9900.data
Writing restart file
 Restart file: /data/home/dg000246b/openDIS/inital_dislocation_structures/output_caseC_0.18%_seed12345/relax2/restart.9900.exadis
Step =   9901: nodes = 11759, dt = 2.617856e-12, time = 3.684669e-08, elapsed = 6733.7 sec
Step =   9902: nodes = 11757, dt = 3.141427e-12, time = 3.684983e-08, elapsed = 6734.2 sec
Step =   9903: nodes = 11753, dt = 3.769713e-12, time = 3.685360e-08, elapsed = 6734.8 sec
Step =   9904: nodes = 11756, dt = 4.523655e-12, time = 3.685812e-08, elapsed = 6735.3 sec
Step =   9905: nodes = 11752, dt = 5.428386e-12, time = 3.686355e-08, elapsed = 6735.9 sec
Step =   9906: nodes = 11752, dt = 6.514063e-12, time = 3.687007e-08, elapsed = 6736.5 sec
Step =   9907: nodes = 11757, dt = 3.908438e-12, time = 3.687397e-08, elapsed = 6737.2 sec
Step =   9908: nodes = 11755, dt = 3.908438e-12, time = 3.687788e-08, elapsed = 6737.7 sec
Step =   9909: nodes = 11759, dt = 4.690126e-12, time = 3.688257e-08, elapsed = 6738.3 sec
Step =   9910: nodes = 11759, dt = 5.628151e-12, time = 3.688820e-08, elapsed = 6738.9 sec
Step =   9911: nodes = 11756, dt = 6.753781e-12, time = 3.689495e-08, elapsed = 6739.5 sec
Step =   9912: nodes = 11756, dt = 4.052269e-12, time = 3.689901e-08, elapsed = 6740.2 sec
Step =   9913: nodes = 11749, dt = 4.052269e-12, time = 3.690306e-08, elapsed = 6740.7 sec
Step =   9914: nodes = 11754, dt = 4.862722e-12, time = 3.690792e-08, elapsed = 6741.3 sec
Step =   9915: nodes = 11750, dt = 5.835267e-12, time = 3.691376e-08, elapsed = 6741.9 sec
Step =   9916: nodes = 11741, dt = 7.002320e-12, time = 3.692076e-08, elapsed = 6742.5 sec
Step =   9917: nodes = 11737, dt = 4.201392e-12, time = 3.692496e-08, elapsed = 6743.2 sec
Step =   9918: nodes = 11740, dt = 4.201392e-12, time = 3.692916e-08, elapsed = 6743.7 sec
Step =   9919: nodes = 11738, dt = 5.041670e-12, time = 3.693420e-08, elapsed = 6744.4 sec
Step =   9920: nodes = 11737, dt = 6.050004e-12, time = 3.694025e-08, elapsed = 6745.0 sec
Step =   9921: nodes = 11738, dt = 7.260005e-12, time = 3.694751e-08, elapsed = 6745.6 sec
Step =   9922: nodes = 11736, dt = 4.356003e-12, time = 3.695187e-08, elapsed = 6746.4 sec
Step =   9923: nodes = 11743, dt = 4.356003e-12, time = 3.695623e-08, elapsed = 6747.0 sec
Step =   9924: nodes = 11744, dt = 5.227204e-12, time = 3.696145e-08, elapsed = 6747.6 sec
Step =   9925: nodes = 11751, dt = 6.272645e-12, time = 3.696773e-08, elapsed = 6748.2 sec
Step =   9926: nodes = 11744, dt = 3.763587e-12, time = 3.697149e-08, elapsed = 6748.9 sec
Step =   9927: nodes = 11746, dt = 3.763587e-12, time = 3.697525e-08, elapsed = 6749.5 sec
Step =   9928: nodes = 11745, dt = 4.516304e-12, time = 3.697977e-08, elapsed = 6750.0 sec
Step =   9929: nodes = 11746, dt = 5.419565e-12, time = 3.698519e-08, elapsed = 6750.6 sec
Step =   9930: nodes = 11745, dt = 6.503478e-12, time = 3.699169e-08, elapsed = 6751.2 sec
Step =   9931: nodes = 11746, dt = 3.902087e-12, time = 3.699559e-08, elapsed = 6751.9 sec
Step =   9932: nodes = 11740, dt = 3.902087e-12, time = 3.699950e-08, elapsed = 6752.5 sec
Step =   9933: nodes = 11739, dt = 4.682504e-12, time = 3.700418e-08, elapsed = 6753.1 sec
Step =   9934: nodes = 11738, dt = 5.619005e-12, time = 3.700980e-08, elapsed = 6753.7 sec
Step =   9935: nodes = 11744, dt = 3.371403e-12, time = 3.701317e-08, elapsed = 6754.4 sec
Step =   9936: nodes = 11746, dt = 3.371403e-12, time = 3.701654e-08, elapsed = 6755.0 sec
Step =   9937: nodes = 11746, dt = 4.045684e-12, time = 3.702059e-08, elapsed = 6755.5 sec
Step =   9938: nodes = 11746, dt = 4.854820e-12, time = 3.702544e-08, elapsed = 6756.1 sec
Step =   9939: nodes = 11747, dt = 2.912892e-12, time = 3.702835e-08, elapsed = 6756.9 sec
Step =   9940: nodes = 11744, dt = 2.912892e-12, time = 3.703127e-08, elapsed = 6757.4 sec
Step =   9941: nodes = 11744, dt = 3.495471e-12, time = 3.703476e-08, elapsed = 6758.0 sec
Step =   9942: nodes = 11748, dt = 4.194565e-12, time = 3.703896e-08, elapsed = 6758.6 sec
Step =   9943: nodes = 11745, dt = 5.033478e-12, time = 3.704399e-08, elapsed = 6759.6 sec
Step =   9944: nodes = 11748, dt = 6.040173e-12, time = 3.705003e-08, elapsed = 6760.2 sec
Step =   9945: nodes = 11746, dt = 7.248208e-12, time = 3.705728e-08, elapsed = 6760.9 sec
Step =   9946: nodes = 11742, dt = 4.348925e-12, time = 3.706163e-08, elapsed = 6761.7 sec
Step =   9947: nodes = 11745, dt = 4.348925e-12, time = 3.706598e-08, elapsed = 6762.2 sec
Step =   9948: nodes = 11746, dt = 5.218710e-12, time = 3.707120e-08, elapsed = 6762.9 sec
Step =   9949: nodes = 11743, dt = 6.262452e-12, time = 3.707746e-08, elapsed = 6763.5 sec
Step =   9950: nodes = 11744, dt = 3.757471e-12, time = 3.708122e-08, elapsed = 6764.2 sec
Step =   9951: nodes = 11740, dt = 1.878735e-12, time = 3.708309e-08, elapsed = 6764.9 sec
Step =   9952: nodes = 11741, dt = 1.878735e-12, time = 3.708497e-08, elapsed = 6765.4 sec
Step =   9953: nodes = 11737, dt = 2.254483e-12, time = 3.708723e-08, elapsed = 6765.9 sec
Step =   9954: nodes = 11742, dt = 2.705379e-12, time = 3.708993e-08, elapsed = 6766.4 sec
Step =   9955: nodes = 11738, dt = 3.246455e-12, time = 3.709318e-08, elapsed = 6767.0 sec
Step =   9956: nodes = 11739, dt = 3.895746e-12, time = 3.709708e-08, elapsed = 6767.5 sec
Step =   9957: nodes = 11735, dt = 4.674895e-12, time = 3.710175e-08, elapsed = 6768.0 sec
Step =   9958: nodes = 11736, dt = 2.804937e-12, time = 3.710455e-08, elapsed = 6768.7 sec
Step =   9959: nodes = 11744, dt = 2.804937e-12, time = 3.710736e-08, elapsed = 6769.2 sec
Step =   9960: nodes = 11742, dt = 3.365924e-12, time = 3.711073e-08, elapsed = 6769.7 sec
Step =   9961: nodes = 11737, dt = 4.039109e-12, time = 3.711476e-08, elapsed = 6770.2 sec
Step =   9962: nodes = 11735, dt = 4.846931e-12, time = 3.711961e-08, elapsed = 6770.8 sec
Step =   9963: nodes = 11727, dt = 2.908159e-12, time = 3.712252e-08, elapsed = 6771.5 sec
Step =   9964: nodes = 11729, dt = 2.908159e-12, time = 3.712543e-08, elapsed = 6772.0 sec
Step =   9965: nodes = 11730, dt = 3.489790e-12, time = 3.712892e-08, elapsed = 6772.5 sec
Step =   9966: nodes = 11732, dt = 4.187749e-12, time = 3.713311e-08, elapsed = 6773.1 sec
Step =   9967: nodes = 11730, dt = 2.512649e-12, time = 3.713562e-08, elapsed = 6773.8 sec
Step =   9968: nodes = 11726, dt = 2.512649e-12, time = 3.713813e-08, elapsed = 6774.2 sec
Step =   9969: nodes = 11727, dt = 1.507589e-12, time = 3.713964e-08, elapsed = 6774.9 sec
Step =   9970: nodes = 11731, dt = 1.507589e-12, time = 3.714115e-08, elapsed = 6775.3 sec
Step =   9971: nodes = 11729, dt = 9.045537e-13, time = 3.714205e-08, elapsed = 6775.9 sec
Step =   9972: nodes = 11730, dt = 9.045537e-13, time = 3.714296e-08, elapsed = 6776.4 sec
Step =   9973: nodes = 11726, dt = 1.085464e-12, time = 3.714404e-08, elapsed = 6776.9 sec
Step =   9974: nodes = 11727, dt = 1.302557e-12, time = 3.714534e-08, elapsed = 6777.4 sec
Step =   9975: nodes = 11727, dt = 1.563069e-12, time = 3.714691e-08, elapsed = 6777.8 sec
Step =   9976: nodes = 11729, dt = 1.875683e-12, time = 3.714878e-08, elapsed = 6778.3 sec
Step =   9977: nodes = 11722, dt = 2.250819e-12, time = 3.715103e-08, elapsed = 6778.8 sec
Step =   9978: nodes = 11724, dt = 2.700983e-12, time = 3.715373e-08, elapsed = 6779.3 sec
Step =   9979: nodes = 11722, dt = 3.241179e-12, time = 3.715698e-08, elapsed = 6779.9 sec
Step =   9980: nodes = 11721, dt = 3.889415e-12, time = 3.716086e-08, elapsed = 6780.4 sec
Step =   9981: nodes = 11729, dt = 4.667298e-12, time = 3.716553e-08, elapsed = 6780.9 sec
Step =   9982: nodes = 11734, dt = 5.600758e-12, time = 3.717113e-08, elapsed = 6781.5 sec
Step =   9983: nodes = 11732, dt = 6.720910e-12, time = 3.717785e-08, elapsed = 6782.1 sec
Step =   9984: nodes = 11738, dt = 4.032546e-12, time = 3.718189e-08, elapsed = 6782.9 sec
Step =   9985: nodes = 11739, dt = 4.032546e-12, time = 3.718592e-08, elapsed = 6783.5 sec
Step =   9986: nodes = 11731, dt = 4.839055e-12, time = 3.719076e-08, elapsed = 6784.0 sec
Step =   9987: nodes = 11730, dt = 5.806866e-12, time = 3.719656e-08, elapsed = 6784.7 sec
Step =   9988: nodes = 11728, dt = 6.968239e-12, time = 3.720353e-08, elapsed = 6785.3 sec
Step =   9989: nodes = 11727, dt = 4.180943e-12, time = 3.720771e-08, elapsed = 6786.0 sec
Step =   9990: nodes = 11725, dt = 4.180943e-12, time = 3.721189e-08, elapsed = 6786.6 sec
Step =   9991: nodes = 11725, dt = 5.017132e-12, time = 3.721691e-08, elapsed = 6787.1 sec
Step =   9992: nodes = 11725, dt = 3.010279e-12, time = 3.721992e-08, elapsed = 6787.8 sec
Step =   9993: nodes = 11729, dt = 3.010279e-12, time = 3.722293e-08, elapsed = 6788.3 sec
Step =   9994: nodes = 11733, dt = 3.612335e-12, time = 3.722654e-08, elapsed = 6788.8 sec
Step =   9995: nodes = 11734, dt = 4.334802e-12, time = 3.723088e-08, elapsed = 6789.6 sec
Step =   9996: nodes = 11731, dt = 2.600881e-12, time = 3.723348e-08, elapsed = 6790.3 sec
Step =   9997: nodes = 11733, dt = 2.600881e-12, time = 3.723608e-08, elapsed = 6790.8 sec
Step =   9998: nodes = 11733, dt = 3.121058e-12, time = 3.723920e-08, elapsed = 6791.3 sec
Step =   9999: nodes = 11731, dt = 3.745269e-12, time = 3.724295e-08, elapsed = 6791.8 sec
Step =  10000: nodes = 11738, dt = 4.494323e-12, time = 3.724744e-08, elapsed = 6792.4 sec
Writing configuration in legacy data format
 Output file: /data/home/dg000246b/openDIS/inital_dislocation_structures/output_caseC_0.18%_seed12345/relax2/config.10000.data
Writing restart file
 Restart file: /data/home/dg000246b/openDIS/inital_dislocation_structures/output_caseC_0.18%_seed12345/relax2/restart.10000.exadis
----------------------------------------------
Force time:             4582.906 sec (67.47%)
Mobility time:           378.091 sec (5.57%)
Integration time:       3945.651 sec (58.09%)
Cross-slip time:           0.000 sec (0.00%)
Collision time:           50.248 sec (0.74%)
Topology time:           143.662 sec (2.12%)
Remesh time:              12.119 sec (0.18%)
Output time:               9.107 sec (0.13%)
----------------------------------------------
Writing configuration in legacy data format
 Output file: /data/home/dg000246b/openDIS/inital_dislocation_structures/output_caseC_0.18%_seed12345/predeformed_relaxedC2_config.data
RUN TIME: 10084.154006 sec
RUN TIME: 6792.497294 sec
预变形+二次弛豫后构型已存: /data/home/dg000246b/openDIS/inital_dislocation_structures/output_caseC_0.18%_seed12345/predeformed_relaxedC2_config.data
下一步:plot_relax.py 看 /data/home/dg000246b/openDIS/inital_dislocation_structures/output_caseC_0.18%_seed12345/relax2 确认收敛,再跑 caseC_load.py --predeform 0.18
